yr,mo,da,hr,mi,etr,etrn,ghi,dni,dhi,tcld,db,dp,rh,ps,wdir,wspd,hvis,ch,lpd,lpq
2022,1,1,1,60,0.0,0.0,0.0,0.0,0.0,5,16.2,11.2,85,1026.2,122,5.5,-9900,-9900,0.0,0.0
2022,1,1,2,60,0.0,0.0,0.0,0.0,0.0,5,17.1,12.1,80,1026.0,112,5.5,-9900,-9900,0.0,0.0
2022,1,1,3,60,0.0,0.0,0.0,0.0,0.0,5,18.0,13.0,77,1025.7,101,7.4,-9900,-9900,0.0,0.0
2022,1,1,4,60,0.0,0.0,0.0,0.0,0.0,5,19.0,14.0,73,1025.5,90,7.4,-9900,-9900,0.0,0.0
2022,1,1,5,60,0.0,0.0,0.0,0.0,0.0,5,19.2,14.2,71,1024.9,81,9.3,-9900,-9900,0.0,0.0
2022,1,1,6,60,0.0,0.0,0.0,0.0,0.0,5,19.3,14.3,71,1023.9,80,9.3,-9900,-9900,0.0,0.0
2022,1,1,7,60,0.0,0.0,0.0,0.0,0.0,5,19.4,14.4,70,1023.0,79,9.3,-9900,-9900,0.0,0.0
2022,1,1,8,60,0.0,0.0,0.0,0.0,0.0,5,19.0,14.0,71,1023.2,88,9.3,-9900,-9900,0.0,0.0
2022,1,1,9,60,0.0,0.0,0.0,0.0,0.0,5,18.7,13.7,72,1023.4,95,9.3,-9900,-9900,0.0,0.0
2022,1,1,10,60,0.0,0.0,0.0,0.0,0.0,5,18.4,13.4,73,1023.5,101,11.1,-9900,-9900,0.0,0.0
2022,1,1,11,60,0.0,0.0,0.0,0.0,0.0,5,17.9,12.9,76,1024.2,88,9.3,-9900,-9900,0.0,0.0
2022,1,1,12,60,0.0,0.0,0.0,0.0,0.0,5,17.6,12.6,78,1024.4,93,9.3,-9900,-9900,0.0,0.0
2022,1,1,13,60,0.0,0.0,0.0,0.0,0.0,5,17.2,12.2,80,1024.6,99,7.4,-9900,-9900,0.0,0.0
2022,1,1,14,60,0.0,0.0,0.0,0.0,0.0,5,17.2,12.2,80,1024.5,102,7.4,-9900,-9900,0.0,0.0
2022,1,1,15,60,0.0,0.0,0.0,0.0,0.0,5,17.2,12.2,80,1024.4,105,7.4,-9900,-9900,0.0,0.0
2022,1,1,16,60,0.0,0.0,0.0,0.0,0.0,5,17.2,12.2,81,1024.2,108,7.4,-9900,-9900,0.0,0.0
2022,1,1,17,60,0.0,0.0,0.0,0.0,0.0,5,16.7,11.7,86,1024.0,104,7.4,-9900,-9900,0.0,0.0
2022,1,1,18,60,0.0,0.0,0.0,0.0,0.0,5,16.5,11.5,86,1023.7,115,7.4,-9900,-9900,0.0,0.0
2022,1,1,19,60,0.0,0.0,0.0,0.0,0.0,5,16.4,11.4,86,1023.3,133,5.5,-9900,-9900,0.0,0.0
2022,1,1,20,60,0.0,0.0,0.0,0.0,0.0,5,16.2,11.2,87,1023.5,142,5.5,-9900,-9900,0.0,0.0
2022,1,1,21,60,0.0,0.0,0.0,0.0,0.0,5,16.1,11.1,87,1023.6,154,3.7,-9900,-9900,0.0,0.0
2022,1,1,22,60,0.0,0.0,0.0,0.0,0.0,5,15.9,10.9,89,1023.7,169,3.7,-9900,-9900,0.0,0.0
2022,1,1,23,60,0.0,0.0,0.0,0.0,0.0,5,14.8,9.8,92,1024.2,150,3.7,-9900,-9900,0.0,0.0
2022,1,1,24,60,0.0,0.0,0.0,0.0,0.0,5,15.3,10.3,89,1024.7,143,3.7,-9900,-9900,0.0,0.0
2022,1,2,1,60,0.0,0.0,0.0,0.0,0.0,5,15.8,10.8,87,1025.2,136,3.7,-9900,-9900,0.0,0.0
2022,1,2,2,60,0.0,0.0,0.0,0.0,0.0,5,17.0,12.0,81,1025.1,103,5.5,-9900,-9900,0.0,0.0
2022,1,2,3,60,0.0,0.0,0.0,0.0,0.0,5,18.2,13.2,76,1025.0,82,7.4,-9900,-9900,0.0,0.0
2022,1,2,4,60,0.0,0.0,0.0,0.0,0.0,5,19.4,14.4,71,1024.9,71,9.3,-9900,-9900,0.0,0.0
2022,1,2,5,60,0.0,0.0,0.0,0.0,0.0,5,19.5,14.5,70,1024.0,72,11.1,-9900,-9900,0.0,0.0
2022,1,2,6,60,0.0,0.0,0.0,0.0,0.0,5,19.6,14.6,69,1023.1,73,11.1,-9900,-9900,0.0,0.0
2022,1,2,7,60,0.0,0.0,0.0,0.0,0.0,5,19.7,14.7,68,1022.2,73,13.0,-9900,-9900,0.0,0.0
2022,1,2,8,60,0.0,0.0,0.0,0.0,0.0,5,19.4,14.4,69,1022.4,76,13.0,-9900,-9900,0.0,0.0
2022,1,2,9,60,0.0,0.0,0.0,0.0,0.0,5,19.0,14.0,70,1022.5,78,13.0,-9900,-9900,0.0,0.0
2022,1,2,10,60,0.0,0.0,0.0,0.0,0.0,5,18.6,13.6,71,1022.7,81,13.0,-9900,-9900,0.0,0.0
2022,1,2,11,60,0.0,0.0,0.0,0.0,0.0,5,17.7,12.7,76,1023.8,81,13.0,-9900,-9900,0.0,0.0
2022,1,2,12,60,0.0,0.0,0.0,0.0,0.0,5,17.6,12.6,76,1024.1,84,13.0,-9900,-9900,0.0,0.0
2022,1,2,13,60,0.0,0.0,0.0,0.0,0.0,5,17.4,12.4,78,1024.3,88,13.0,-9900,-9900,0.0,0.0
2022,1,2,14,60,0.0,0.0,0.0,0.0,0.0,5,17.4,12.4,78,1024.1,88,11.1,-9900,-9900,0.0,0.0
2022,1,2,15,60,0.0,0.0,0.0,0.0,0.0,5,17.4,12.4,78,1023.8,88,11.1,-9900,-9900,0.0,0.0
2022,1,2,16,60,0.0,0.0,0.0,0.0,0.0,5,17.4,12.4,79,1023.5,87,11.1,-9900,-9900,0.0,0.0
2022,1,2,17,60,0.0,0.0,0.0,0.0,0.0,5,17.3,12.3,80,1023.4,89,13.0,-9900,-9900,0.0,0.0
2022,1,2,18,60,0.0,0.0,0.0,0.0,0.0,5,17.2,12.2,81,1023.0,88,11.1,-9900,-9900,0.0,0.0
2022,1,2,19,60,0.0,0.0,0.0,0.0,0.0,5,17.1,12.1,81,1022.7,87,9.3,-9900,-9900,0.0,0.0
2022,1,2,20,60,0.0,0.0,0.0,0.0,0.0,5,17.1,12.1,81,1022.5,91,9.3,-9900,-9900,0.0,0.0
2022,1,2,21,60,0.0,0.0,0.0,0.0,0.0,5,17.0,12.0,81,1022.4,97,7.4,-9900,-9900,0.0,0.0
2022,1,2,22,60,0.0,0.0,0.0,0.0,0.0,5,16.9,11.9,81,1022.2,103,7.4,-9900,-9900,0.0,0.0
2022,1,2,23,60,0.0,0.0,0.0,0.0,0.0,5,17.1,12.1,83,1023.0,77,9.3,-9900,-9900,0.0,0.0
2022,1,2,24,60,0.0,0.0,0.0,0.0,0.0,5,17.2,12.2,83,1023.3,80,9.3,-9900,-9900,0.0,0.0
2022,1,3,1,60,0.0,0.0,0.0,0.0,0.0,5,17.4,12.4,82,1023.5,82,9.3,-9900,-9900,0.0,0.0
2022,1,3,2,60,0.0,0.0,0.0,0.0,0.0,5,18.5,13.5,76,1023.4,77,9.3,-9900,-9900,0.0,0.0
2022,1,3,3,60,0.0,0.0,0.0,0.0,0.0,5,19.6,14.6,71,1023.2,73,11.1,-9900,-9900,0.0,0.0
2022,1,3,4,60,0.0,0.0,0.0,0.0,0.0,5,20.7,15.7,66,1023.1,70,13.0,-9900,-9900,0.0,0.0
2022,1,3,5,60,0.0,0.0,0.0,0.0,0.0,5,21.0,16.0,64,1022.5,77,11.1,-9900,-9900,0.0,0.0
2022,1,3,6,60,0.0,0.0,0.0,0.0,0.0,5,21.3,16.3,62,1021.6,74,13.0,-9900,-9900,0.0,0.0
2022,1,3,7,60,0.0,0.0,0.0,0.0,0.0,5,21.6,16.6,61,1020.7,72,13.0,-9900,-9900,0.0,0.0
2022,1,3,8,60,0.0,0.0,0.0,0.0,0.0,5,21.0,16.0,64,1020.7,74,13.0,-9900,-9900,0.0,0.0
2022,1,3,9,60,0.0,0.0,0.0,0.0,0.0,5,20.4,15.4,66,1020.8,75,13.0,-9900,-9900,0.0,0.0
2022,1,3,10,60,0.0,0.0,0.0,0.0,0.0,5,19.8,14.8,68,1020.9,77,13.0,-9900,-9900,0.0,0.0
2022,1,3,11,60,0.0,0.0,0.0,0.0,0.0,5,19.3,14.3,73,1021.5,89,14.8,-9900,-9900,0.0,0.0
2022,1,3,12,60,0.0,0.0,0.0,0.0,0.0,5,19.1,14.1,75,1021.7,88,13.0,-9900,-9900,0.0,0.0
2022,1,3,13,60,0.0,0.0,0.0,0.0,0.0,5,19.0,14.0,76,1022.0,87,13.0,-9900,-9900,0.0,0.0
2022,1,3,14,60,0.0,0.0,0.0,0.0,0.0,5,19.0,14.0,77,1021.9,86,13.0,-9900,-9900,0.0,0.0
2022,1,3,15,60,0.0,0.0,0.0,0.0,0.0,5,19.0,14.0,77,1021.8,84,13.0,-9900,-9900,0.0,0.0
2022,1,3,16,60,0.0,0.0,0.0,0.0,0.0,5,19.0,14.0,77,1021.7,82,13.0,-9900,-9900,0.0,0.0
2022,1,3,17,60,0.0,0.0,0.0,0.0,0.0,5,18.7,13.7,80,1021.3,88,13.0,-9900,-9900,0.0,0.0
2022,1,3,18,60,0.0,0.0,0.0,0.0,0.0,5,18.7,13.7,81,1021.1,88,13.0,-9900,-9900,0.0,0.0
2022,1,3,19,60,0.0,0.0,0.0,0.0,0.0,5,18.7,13.7,81,1020.9,89,13.0,-9900,-9900,0.0,0.0
2022,1,3,20,60,0.0,0.0,0.0,0.0,0.0,5,18.6,13.6,81,1021.0,90,11.1,-9900,-9900,0.0,0.0
2022,1,3,21,60,0.0,0.0,0.0,0.0,0.0,5,18.6,13.6,81,1021.1,91,9.3,-9900,-9900,0.0,0.0
2022,1,3,22,60,0.0,0.0,0.0,0.0,0.0,5,18.6,13.6,81,1021.2,93,9.3,-9900,-9900,0.0,0.0
2022,1,3,23,60,0.0,0.0,0.0,0.0,0.0,5,17.9,12.9,86,1022.0,93,13.0,-9900,-9900,0.0,0.0
2022,1,3,24,60,0.0,0.0,0.0,0.0,0.0,5,18.3,13.3,84,1022.3,92,13.0,-9900,-9900,0.0,0.0
2022,1,4,1,60,0.0,0.0,0.0,0.0,0.0,5,18.6,13.6,83,1022.6,90,13.0,-9900,-9900,0.0,0.0
2022,1,4,2,60,0.0,0.0,0.0,0.0,0.0,5,19.6,14.6,78,1022.2,89,14.8,-9900,-9900,0.0,0.0
2022,1,4,3,60,0.0,0.0,0.0,0.0,0.0,5,20.7,15.7,74,1021.9,88,16.7,-9900,-9900,0.0,0.0
2022,1,4,4,60,0.0,0.0,0.0,0.0,0.0,5,21.7,16.7,69,1021.6,87,18.5,-9900,-9900,0.0,0.0
2022,1,4,5,60,0.0,0.0,0.0,0.0,0.0,5,21.2,16.2,72,1020.8,85,16.7,-9900,-9900,0.0,0.0
2022,1,4,6,60,0.0,0.0,0.0,0.0,0.0,5,22.0,17.0,69,1019.7,82,16.7,-9900,-9900,0.0,0.0
2022,1,4,7,60,0.0,0.0,0.0,0.0,0.0,5,22.7,17.7,66,1018.6,80,18.5,-9900,-9900,0.0,0.0
2022,1,4,8,60,0.0,0.0,0.0,0.0,0.0,5,22.2,17.2,68,1018.6,82,16.7,-9900,-9900,0.0,0.0
2022,1,4,9,60,0.0,0.0,0.0,0.0,0.0,5,21.7,16.7,71,1018.5,84,16.7,-9900,-9900,0.0,0.0
2022,1,4,10,60,0.0,0.0,0.0,0.0,0.0,5,21.1,16.1,73,1018.5,86,16.7,-9900,-9900,0.0,0.0
2022,1,4,11,60,0.0,0.0,0.0,0.0,0.0,5,19.4,14.4,84,1019.7,87,14.8,-9900,-9900,0.0,0.0
2022,1,4,12,60,0.0,0.0,0.0,0.0,0.0,5,19.6,14.6,84,1019.7,84,14.8,-9900,-9900,0.0,0.0
2022,1,4,13,60,0.0,0.0,0.0,0.0,0.0,5,19.7,14.7,84,1019.8,81,13.0,-9900,-9900,0.0,0.0
2022,1,4,14,60,0.0,0.0,0.0,0.0,0.0,5,19.9,14.9,84,1019.5,81,13.0,-9900,-9900,0.0,0.0
2022,1,4,15,60,0.0,0.0,0.0,0.0,0.0,5,20.0,15.0,83,1019.2,80,13.0,-9900,-9900,0.0,0.0
2022,1,4,16,60,0.0,0.0,0.0,0.0,0.0,5,20.1,15.1,83,1018.9,79,13.0,-9900,-9900,0.0,0.0
2022,1,4,17,60,0.0,0.0,0.0,0.0,0.0,5,20.0,15.0,83,1018.5,83,11.1,-9900,-9900,0.0,0.0
2022,1,4,18,60,0.0,0.0,0.0,0.0,0.0,5,19.9,14.9,83,1018.0,90,9.3,-9900,-9900,0.0,0.0
2022,1,4,19,60,0.0,0.0,0.0,0.0,0.0,5,19.7,14.7,84,1017.5,102,7.4,-9900,-9900,0.0,0.0
2022,1,4,20,60,0.0,0.0,0.0,0.0,0.0,5,19.6,14.6,84,1017.4,112,5.5,-9900,-9900,0.0,0.0
2022,1,4,21,60,0.0,0.0,0.0,0.0,0.0,5,19.4,14.4,84,1017.2,127,5.5,-9900,-9900,0.0,0.0
2022,1,4,22,60,0.0,0.0,0.0,0.0,0.0,5,19.2,14.2,84,1017.1,149,5.5,-9900,-9900,0.0,0.0
2022,1,4,23,60,0.0,0.0,0.0,0.0,0.0,5,18.5,13.5,95,1017.6,159,5.5,-9900,-9900,0.0,0.0
2022,1,4,24,60,0.0,0.0,0.0,0.0,0.0,5,18.8,13.8,93,1017.8,164,3.7,-9900,-9900,0.0,0.0
2022,1,5,1,60,0.0,0.0,0.0,0.0,0.0,5,19.0,14.0,92,1018.0,169,3.7,-9900,-9900,0.0,0.0
2022,1,5,2,60,0.0,0.0,0.0,0.0,0.0,5,20.3,15.3,86,1017.8,188,3.7,-9900,-9900,0.0,0.0
2022,1,5,3,60,0.0,0.0,0.0,0.0,0.0,5,21.6,16.6,80,1017.6,223,3.7,-9900,-9900,0.0,0.0
2022,1,5,4,60,0.0,0.0,0.0,0.0,0.0,5,22.9,17.9,74,1017.4,260,3.7,-9900,-9900,0.0,0.0
2022,1,5,5,60,0.0,0.0,0.0,0.0,0.0,5,23.1,18.1,72,1016.8,281,5.5,-9900,-9900,0.0,0.0
2022,1,5,6,60,0.0,0.0,0.0,0.0,0.0,5,23.3,18.3,70,1016.0,290,5.5,-9900,-9900,0.0,0.0
2022,1,5,7,60,0.0,0.0,0.0,0.0,0.0,5,23.6,18.6,68,1015.3,293,7.4,-9900,-9900,0.0,0.0
2022,1,5,8,60,0.0,0.0,0.0,0.0,0.0,5,22.9,17.9,71,1015.6,290,5.5,-9900,-9900,0.0,0.0
2022,1,5,9,60,0.0,0.0,0.0,0.0,0.0,5,22.2,17.2,73,1016.0,284,5.5,-9900,-9900,0.0,0.0
2022,1,5,10,60,0.0,0.0,0.0,0.0,0.0,5,21.5,16.5,76,1016.4,275,5.5,-9900,-9900,0.0,0.0
2022,1,5,11,60,0.0,0.0,0.0,0.0,0.0,5,19.6,14.6,85,1017.7,347,5.5,-9900,-9900,0.0,0.0
2022,1,5,12,60,0.0,0.0,0.0,0.0,0.0,5,19.5,14.5,86,1018.1,343,5.5,-9900,-9900,0.0,0.0
2022,1,5,13,60,0.0,0.0,0.0,0.0,0.0,5,19.4,14.4,87,1018.4,331,5.5,-9900,-9900,0.0,0.0
2022,1,5,14,60,0.0,0.0,0.0,0.0,0.0,5,19.2,14.2,87,1018.6,319,5.5,-9900,-9900,0.0,0.0
2022,1,5,15,60,0.0,0.0,0.0,0.0,0.0,5,19.0,14.0,87,1018.7,303,3.7,-9900,-9900,0.0,0.0
2022,1,5,16,60,0.0,0.0,0.0,0.0,0.0,5,18.8,13.8,87,1018.9,286,3.7,-9900,-9900,0.0,0.0
2022,1,5,17,60,0.0,0.0,0.0,0.0,0.0,5,18.6,13.6,89,1018.6,108,5.5,-9900,-9900,0.0,0.0
2022,1,5,18,60,0.0,0.0,0.0,0.0,0.0,5,18.5,13.5,89,1018.7,95,5.5,-9900,-9900,0.0,0.0
2022,1,5,19,60,0.0,0.0,0.0,0.0,0.0,5,18.3,13.3,89,1018.8,83,5.5,-9900,-9900,0.0,0.0
2022,1,5,20,60,0.0,0.0,0.0,0.0,0.0,5,18.1,13.1,88,1019.4,84,5.5,-9900,-9900,0.0,0.0
2022,1,5,21,60,0.0,0.0,0.0,0.0,0.0,5,17.9,12.9,85,1020.0,85,5.5,-9900,-9900,0.0,0.0
2022,1,5,22,60,0.0,0.0,0.0,0.0,0.0,5,17.7,12.7,84,1020.6,85,5.5,-9900,-9900,0.0,0.0
2022,1,5,23,60,0.0,0.0,0.0,0.0,0.0,5,17.7,12.7,91,1021.4,87,11.1,-9900,-9900,0.0,0.0
2022,1,5,24,60,0.0,0.0,0.0,0.0,0.0,5,17.7,12.7,89,1022.1,88,11.1,-9900,-9900,0.0,0.0
2022,1,6,1,60,0.0,0.0,0.0,0.0,0.0,5,17.6,12.6,89,1022.7,88,11.1,-9900,-9900,0.0,0.0
2022,1,6,2,60,0.0,0.0,0.0,0.0,0.0,5,18.0,13.0,85,1022.9,84,11.1,-9900,-9900,0.0,0.0
2022,1,6,3,60,0.0,0.0,0.0,0.0,0.0,5,18.3,13.3,81,1023.1,81,13.0,-9900,-9900,0.0,0.0
2022,1,6,4,60,0.0,0.0,0.0,0.0,0.0,5,18.6,13.6,78,1023.3,78,13.0,-9900,-9900,0.0,0.0
2022,1,6,5,60,0.0,0.0,0.0,0.0,0.0,5,18.1,13.1,73,1022.8,83,13.0,-9900,-9900,0.0,0.0
2022,1,6,6,60,0.0,0.0,0.0,0.0,0.0,5,18.2,13.2,73,1022.0,82,14.8,-9900,-9900,0.0,0.0
2022,1,6,7,60,0.0,0.0,0.0,0.0,0.0,5,18.3,13.3,72,1021.1,81,14.8,-9900,-9900,0.0,0.0
2022,1,6,8,60,0.0,0.0,0.0,0.0,0.0,5,18.0,13.0,74,1021.3,80,14.8,-9900,-9900,0.0,0.0
2022,1,6,9,60,0.0,0.0,0.0,0.0,0.0,5,17.7,12.7,76,1021.5,80,14.8,-9900,-9900,0.0,0.0
2022,1,6,10,60,0.0,0.0,0.0,0.0,0.0,5,17.4,12.4,78,1021.7,79,14.8,-9900,-9900,0.0,0.0
2022,1,6,11,60,0.0,0.0,0.0,0.0,0.0,5,16.6,11.6,85,1022.4,80,14.8,-9900,-9900,0.0,0.0
2022,1,6,12,60,0.0,0.0,0.0,0.0,0.0,5,16.5,11.5,85,1023.0,80,14.8,-9900,-9900,0.0,0.0
2022,1,6,13,60,0.0,0.0,0.0,0.0,0.0,5,16.4,11.4,85,1023.6,79,13.0,-9900,-9900,0.0,0.0
2022,1,6,14,60,0.0,0.0,0.0,0.0,0.0,5,16.4,11.4,84,1023.8,80,13.0,-9900,-9900,0.0,0.0
2022,1,6,15,60,0.0,0.0,0.0,0.0,0.0,5,16.3,11.3,84,1023.9,81,13.0,-9900,-9900,0.0,0.0
2022,1,6,16,60,0.0,0.0,0.0,0.0,0.0,5,16.3,11.3,83,1024.0,81,13.0,-9900,-9900,0.0,0.0
2022,1,6,17,60,0.0,0.0,0.0,0.0,0.0,5,15.0,10.0,90,1023.6,86,13.0,-9900,-9900,0.0,0.0
2022,1,6,18,60,0.0,0.0,0.0,0.0,0.0,5,15.0,10.0,90,1023.7,84,13.0,-9900,-9900,0.0,0.0
2022,1,6,19,60,0.0,0.0,0.0,0.0,0.0,5,15.0,10.0,90,1023.8,83,11.1,-9900,-9900,0.0,0.0
2022,1,6,20,60,0.0,0.0,0.0,0.0,0.0,5,15.1,10.1,88,1024.0,84,11.1,-9900,-9900,0.0,0.0
2022,1,6,21,60,0.0,0.0,0.0,0.0,0.0,5,15.1,10.1,87,1024.2,86,9.3,-9900,-9900,0.0,0.0
2022,1,6,22,60,0.0,0.0,0.0,0.0,0.0,5,15.1,10.1,87,1024.3,88,9.3,-9900,-9900,0.0,0.0
2022,1,6,23,60,0.0,0.0,0.0,0.0,0.0,5,15.0,10.0,91,1024.6,105,9.3,-9900,-9900,0.0,0.0
2022,1,6,24,60,0.0,0.0,0.0,0.0,0.0,5,15.3,10.3,89,1025.0,103,9.3,-9900,-9900,0.0,0.0
2022,1,7,1,60,0.0,0.0,0.0,0.0,0.0,5,15.5,10.5,88,1025.3,100,9.3,-9900,-9900,0.0,0.0
2022,1,7,2,60,0.0,0.0,0.0,0.0,0.0,5,16.0,11.0,84,1025.2,95,11.1,-9900,-9900,0.0,0.0
2022,1,7,3,60,0.0,0.0,0.0,0.0,0.0,5,16.6,11.6,79,1025.0,91,11.1,-9900,-9900,0.0,0.0
2022,1,7,4,60,0.0,0.0,0.0,0.0,0.0,5,17.1,12.1,75,1024.9,87,13.0,-9900,-9900,0.0,0.0
2022,1,7,5,60,0.0,0.0,0.0,0.0,0.0,5,17.2,12.2,74,1023.9,87,13.0,-9900,-9900,0.0,0.0
2022,1,7,6,60,0.0,0.0,0.0,0.0,0.0,5,17.3,12.3,73,1023.0,87,13.0,-9900,-9900,0.0,0.0
2022,1,7,7,60,0.0,0.0,0.0,0.0,0.0,5,17.5,12.5,72,1022.0,87,13.0,-9900,-9900,0.0,0.0
2022,1,7,8,60,0.0,0.0,0.0,0.0,0.0,5,17.3,12.3,73,1022.0,88,13.0,-9900,-9900,0.0,0.0
2022,1,7,9,60,0.0,0.0,0.0,0.0,0.0,5,17.1,12.1,73,1022.1,90,13.0,-9900,-9900,0.0,0.0
2022,1,7,10,60,0.0,0.0,0.0,0.0,0.0,5,17.0,12.0,74,1022.2,92,13.0,-9900,-9900,0.0,0.0
2022,1,7,11,60,0.0,0.0,0.0,0.0,0.0,5,16.8,11.8,76,1022.9,77,13.0,-9900,-9900,0.0,0.0
2022,1,7,12,60,0.0,0.0,0.0,0.0,0.0,5,16.7,11.7,76,1023.3,80,13.0,-9900,-9900,0.0,0.0
2022,1,7,13,60,0.0,0.0,0.0,0.0,0.0,5,16.6,11.6,77,1023.8,82,13.0,-9900,-9900,0.0,0.0
2022,1,7,14,60,0.0,0.0,0.0,0.0,0.0,5,16.6,11.6,77,1023.7,83,13.0,-9900,-9900,0.0,0.0
2022,1,7,15,60,0.0,0.0,0.0,0.0,0.0,5,16.7,11.7,76,1023.6,84,11.1,-9900,-9900,0.0,0.0
2022,1,7,16,60,0.0,0.0,0.0,0.0,0.0,5,16.7,11.7,76,1023.4,85,11.1,-9900,-9900,0.0,0.0
2022,1,7,17,60,0.0,0.0,0.0,0.0,0.0,5,16.6,11.6,74,1023.3,88,13.0,-9900,-9900,0.0,0.0
2022,1,7,18,60,0.0,0.0,0.0,0.0,0.0,5,16.5,11.5,74,1022.9,88,11.1,-9900,-9900,0.0,0.0
2022,1,7,19,60,0.0,0.0,0.0,0.0,0.0,5,16.4,11.4,75,1022.4,87,11.1,-9900,-9900,0.0,0.0
2022,1,7,20,60,0.0,0.0,0.0,0.0,0.0,5,16.4,11.4,76,1022.3,90,9.3,-9900,-9900,0.0,0.0
2022,1,7,21,60,0.0,0.0,0.0,0.0,0.0,5,16.3,11.3,77,1022.1,93,9.3,-9900,-9900,0.0,0.0
2022,1,7,22,60,0.0,0.0,0.0,0.0,0.0,5,16.3,11.3,77,1022.0,97,7.4,-9900,-9900,0.0,0.0
2022,1,7,23,60,0.0,0.0,0.0,0.0,0.0,5,16.0,11.0,76,1022.4,104,11.1,-9900,-9900,0.0,0.0
2022,1,7,24,60,0.0,0.0,0.0,0.0,0.0,5,16.3,11.3,75,1022.7,104,11.1,-9900,-9900,0.0,0.0
2022,1,8,1,60,0.0,0.0,0.0,0.0,0.0,5,16.5,11.5,75,1023.0,104,11.1,-9900,-9900,0.0,0.0
2022,1,8,2,60,0.0,0.0,0.0,0.0,0.0,5,17.1,12.1,72,1022.8,94,13.0,-9900,-9900,0.0,0.0
2022,1,8,3,60,0.0,0.0,0.0,0.0,0.0,5,17.7,12.7,69,1022.6,86,14.8,-9900,-9900,0.0,0.0
2022,1,8,4,60,0.0,0.0,0.0,0.0,0.0,5,18.4,13.4,66,1022.4,80,14.8,-9900,-9900,0.0,0.0
2022,1,8,5,60,0.0,0.0,0.0,0.0,0.0,5,18.1,13.1,67,1021.5,84,14.8,-9900,-9900,0.0,0.0
2022,1,8,6,60,0.0,0.0,0.0,0.0,0.0,5,18.4,13.4,66,1020.5,84,14.8,-9900,-9900,0.0,0.0
2022,1,8,7,60,0.0,0.0,0.0,0.0,0.0,5,18.8,13.8,64,1019.5,83,14.8,-9900,-9900,0.0,0.0
2022,1,8,8,60,0.0,0.0,0.0,0.0,0.0,5,18.4,13.4,66,1019.6,85,14.8,-9900,-9900,0.0,0.0
2022,1,8,9,60,0.0,0.0,0.0,0.0,0.0,5,18.1,13.1,67,1019.6,87,14.8,-9900,-9900,0.0,0.0
2022,1,8,10,60,0.0,0.0,0.0,0.0,0.0,5,17.7,12.7,68,1019.7,89,14.8,-9900,-9900,0.0,0.0
2022,1,8,11,60,0.0,0.0,0.0,0.0,0.0,5,17.0,12.0,73,1020.4,84,14.8,-9900,-9900,0.0,0.0
2022,1,8,12,60,0.0,0.0,0.0,0.0,0.0,5,17.1,12.1,73,1020.6,85,14.8,-9900,-9900,0.0,0.0
2022,1,8,13,60,0.0,0.0,0.0,0.0,0.0,5,17.1,12.1,73,1020.8,87,13.0,-9900,-9900,0.0,0.0
2022,1,8,14,60,0.0,0.0,0.0,0.0,0.0,5,17.1,12.1,74,1020.6,88,13.0,-9900,-9900,0.0,0.0
2022,1,8,15,60,0.0,0.0,0.0,0.0,0.0,5,17.2,12.2,74,1020.4,89,13.0,-9900,-9900,0.0,0.0
2022,1,8,16,60,0.0,0.0,0.0,0.0,0.0,5,17.2,12.2,74,1020.2,90,11.1,-9900,-9900,0.0,0.0
2022,1,8,17,60,0.0,0.0,0.0,0.0,0.0,5,16.4,11.4,81,1020.3,94,11.1,-9900,-9900,0.0,0.0
2022,1,8,18,60,0.0,0.0,0.0,0.0,0.0,5,16.5,11.5,81,1019.8,94,11.1,-9900,-9900,0.0,0.0
2022,1,8,19,60,0.0,0.0,0.0,0.0,0.0,5,16.6,11.6,80,1019.4,94,9.3,-9900,-9900,0.0,0.0
2022,1,8,20,60,0.0,0.0,0.0,0.0,0.0,5,16.6,11.6,81,1019.1,97,9.3,-9900,-9900,0.0,0.0
2022,1,8,21,60,0.0,0.0,0.0,0.0,0.0,5,16.6,11.6,81,1018.9,100,7.4,-9900,-9900,0.0,0.0
2022,1,8,22,60,0.0,0.0,0.0,0.0,0.0,5,16.6,11.6,81,1018.7,105,5.5,-9900,-9900,0.0,0.0
2022,1,8,23,60,0.0,0.0,0.0,0.0,0.0,5,16.8,11.8,79,1018.9,103,9.3,-9900,-9900,0.0,0.0
2022,1,8,24,60,0.0,0.0,0.0,0.0,0.0,5,16.9,11.9,78,1019.3,104,7.4,-9900,-9900,0.0,0.0
2022,1,9,1,60,0.0,0.0,0.0,0.0,0.0,5,17.1,12.1,78,1019.7,104,7.4,-9900,-9900,0.0,0.0
2022,1,9,2,60,0.0,0.0,0.0,0.0,0.0,5,17.9,12.9,76,1019.4,97,9.3,-9900,-9900,0.0,0.0
2022,1,9,3,60,0.0,0.0,0.0,0.0,0.0,5,18.7,13.7,73,1019.2,90,11.1,-9900,-9900,0.0,0.0
2022,1,9,4,60,0.0,0.0,0.0,0.0,0.0,5,19.5,14.5,70,1018.9,84,13.0,-9900,-9900,0.0,0.0
2022,1,9,5,60,0.0,0.0,0.0,0.0,0.0,5,19.2,14.2,71,1018.3,82,11.1,-9900,-9900,0.0,0.0
2022,1,9,6,60,0.0,0.0,0.0,0.0,0.0,5,19.5,14.5,70,1017.4,82,11.1,-9900,-9900,0.0,0.0
2022,1,9,7,60,0.0,0.0,0.0,0.0,0.0,5,19.8,14.8,69,1016.5,82,13.0,-9900,-9900,0.0,0.0
2022,1,9,8,60,0.0,0.0,0.0,0.0,0.0,5,19.3,14.3,71,1016.9,85,11.1,-9900,-9900,0.0,0.0
2022,1,9,9,60,0.0,0.0,0.0,0.0,0.0,5,18.7,13.7,72,1017.2,89,11.1,-9900,-9900,0.0,0.0
2022,1,9,10,60,0.0,0.0,0.0,0.0,0.0,5,18.2,13.2,74,1017.6,94,11.1,-9900,-9900,0.0,0.0
2022,1,9,11,60,0.0,0.0,0.0,0.0,0.0,5,17.9,12.9,77,1018.0,87,11.1,-9900,-9900,0.0,0.0
2022,1,9,12,60,0.0,0.0,0.0,0.0,0.0,5,17.8,12.8,78,1018.5,89,11.1,-9900,-9900,0.0,0.0
2022,1,9,13,60,0.0,0.0,0.0,0.0,0.0,5,17.6,12.6,78,1019.1,92,9.3,-9900,-9900,0.0,0.0
2022,1,9,14,60,0.0,0.0,0.0,0.0,0.0,5,17.6,12.6,78,1019.1,92,9.3,-9900,-9900,0.0,0.0
2022,1,9,15,60,0.0,0.0,0.0,0.0,0.0,5,17.5,12.5,79,1019.1,91,9.3,-9900,-9900,0.0,0.0
2022,1,9,16,60,0.0,0.0,0.0,0.0,0.0,5,17.5,12.5,79,1019.1,91,11.1,-9900,-9900,0.0,0.0
2022,1,9,17,60,0.0,0.0,0.0,0.0,0.0,5,17.3,12.3,80,1018.8,90,9.3,-9900,-9900,0.0,0.0
2022,1,9,18,60,0.0,0.0,0.0,0.0,0.0,5,17.1,12.1,81,1018.4,89,9.3,-9900,-9900,0.0,0.0
2022,1,9,19,60,0.0,0.0,0.0,0.0,0.0,5,16.9,11.9,83,1018.1,87,9.3,-9900,-9900,0.0,0.0
2022,1,9,20,60,0.0,0.0,0.0,0.0,0.0,5,16.9,11.9,83,1017.9,90,7.4,-9900,-9900,0.0,0.0
2022,1,9,21,60,0.0,0.0,0.0,0.0,0.0,5,16.9,11.9,83,1017.8,93,7.4,-9900,-9900,0.0,0.0
2022,1,9,22,60,0.0,0.0,0.0,0.0,0.0,5,16.8,11.8,83,1017.6,96,5.5,-9900,-9900,0.0,0.0
2022,1,9,23,60,0.0,0.0,0.0,0.0,0.0,5,16.6,11.6,90,1018.0,99,9.3,-9900,-9900,0.0,0.0
2022,1,9,24,60,0.0,0.0,0.0,0.0,0.0,5,16.8,11.8,89,1018.4,96,9.3,-9900,-9900,0.0,0.0
2022,1,10,1,60,0.0,0.0,0.0,0.0,0.0,5,17.0,12.0,87,1018.7,94,9.3,-9900,-9900,0.0,0.0
2022,1,10,2,60,0.0,0.0,0.0,0.0,0.0,5,17.8,12.8,84,1018.5,92,11.1,-9900,-9900,0.0,0.0
2022,1,10,3,60,0.0,0.0,0.0,0.0,0.0,5,18.6,13.6,80,1018.3,90,11.1,-9900,-9900,0.0,0.0
2022,1,10,4,60,0.0,0.0,0.0,0.0,0.0,5,19.4,14.4,77,1018.0,89,13.0,-9900,-9900,0.0,0.0
2022,1,10,5,60,0.0,0.0,0.0,0.0,0.0,5,18.9,13.9,80,1017.2,87,11.1,-9900,-9900,0.0,0.0
2022,1,10,6,60,0.0,0.0,0.0,0.0,0.0,5,19.4,14.4,77,1016.2,85,11.1,-9900,-9900,0.0,0.0
2022,1,10,7,60,0.0,0.0,0.0,0.0,0.0,5,20.0,15.0,73,1015.3,82,13.0,-9900,-9900,0.0,0.0
2022,1,10,8,60,0.0,0.0,0.0,0.0,0.0,5,19.7,14.7,74,1015.4,83,11.1,-9900,-9900,0.0,0.0
2022,1,10,9,60,0.0,0.0,0.0,0.0,0.0,5,19.3,14.3,76,1015.5,85,11.1,-9900,-9900,0.0,0.0
2022,1,10,10,60,0.0,0.0,0.0,0.0,0.0,5,19.0,14.0,76,1015.6,87,9.3,-9900,-9900,0.0,0.0
2022,1,10,11,60,0.0,0.0,0.0,0.0,0.0,5,18.8,13.8,77,1016.1,92,9.3,-9900,-9900,0.0,0.0
2022,1,10,12,60,0.0,0.0,0.0,0.0,0.0,5,18.5,13.5,79,1016.6,102,7.4,-9900,-9900,0.0,0.0
2022,1,10,13,60,0.0,0.0,0.0,0.0,0.0,5,18.3,13.3,80,1017.1,127,5.5,-9900,-9900,0.0,0.0
2022,1,10,14,60,0.0,0.0,0.0,0.0,0.0,5,18.1,13.1,81,1017.2,133,3.7,-9900,-9900,0.0,0.0
2022,1,10,15,60,0.0,0.0,0.0,0.0,0.0,5,17.9,12.9,82,1017.3,145,3.7,-9900,-9900,0.0,0.0
2022,1,10,16,60,0.0,0.0,0.0,0.0,0.0,5,17.7,12.7,83,1017.4,170,3.7,-9900,-9900,0.0,0.0
2022,1,10,17,60,0.0,0.0,0.0,0.0,0.0,5,16.5,11.5,91,1018.0,89,7.4,-9900,-9900,0.0,0.0
2022,1,10,18,60,0.0,0.0,0.0,0.0,0.0,5,16.2,11.2,91,1017.9,71,5.5,-9900,-9900,0.0,0.0
2022,1,10,19,60,0.0,0.0,0.0,0.0,0.0,5,16.0,11.0,91,1017.8,344,5.5,-9900,-9900,0.0,0.0
2022,1,10,20,60,0.0,0.0,0.0,0.0,0.0,5,15.8,10.8,90,1018.2,320,5.5,-9900,-9900,0.0,0.0
2022,1,10,21,60,0.0,0.0,0.0,0.0,0.0,5,15.6,10.6,88,1018.6,294,3.7,-9900,-9900,0.0,0.0
2022,1,10,22,60,0.0,0.0,0.0,0.0,0.0,5,15.4,10.4,86,1018.9,275,3.7,-9900,-9900,0.0,0.0
2022,1,10,23,60,0.0,0.0,0.0,0.0,0.0,5,14.9,9.9,91,1019.4,299,5.5,-9900,-9900,0.0,0.0
2022,1,10,24,60,0.0,0.0,0.0,0.0,0.0,5,14.7,9.7,89,1020.5,324,5.5,-9900,-9900,0.0,0.0
2022,1,11,1,60,0.0,0.0,0.0,0.0,0.0,5,14.4,9.4,88,1021.6,78,5.5,-9900,-9900,0.0,0.0
2022,1,11,2,60,0.0,0.0,0.0,0.0,0.0,5,14.4,9.4,83,1022.0,22,5.5,-9900,-9900,0.0,0.0
2022,1,11,3,60,0.0,0.0,0.0,0.0,0.0,5,14.4,9.4,79,1022.5,9,7.4,-9900,-9900,0.0,0.0
2022,1,11,4,60,0.0,0.0,0.0,0.0,0.0,5,14.3,9.3,75,1022.9,5,7.4,-9900,-9900,0.0,0.0
2022,1,11,5,60,0.0,0.0,0.0,0.0,0.0,5,13.6,8.6,76,1022.6,358,5.5,-9900,-9900,0.0,0.0
2022,1,11,6,60,0.0,0.0,0.0,0.0,0.0,5,13.7,8.7,73,1022.0,3,7.4,-9900,-9900,0.0,0.0
2022,1,11,7,60,0.0,0.0,0.0,0.0,0.0,5,13.7,8.7,71,1021.5,7,7.4,-9900,-9900,0.0,0.0
2022,1,11,8,60,0.0,0.0,0.0,0.0,0.0,5,13.6,8.6,71,1021.8,43,7.4,-9900,-9900,0.0,0.0
2022,1,11,9,60,0.0,0.0,0.0,0.0,0.0,5,13.5,8.5,70,1022.2,61,9.3,-9900,-9900,0.0,0.0
2022,1,11,10,60,0.0,0.0,0.0,0.0,0.0,5,13.3,8.3,70,1022.6,71,11.1,-9900,-9900,0.0,0.0
2022,1,11,11,60,0.0,0.0,0.0,0.0,0.0,5,13.3,8.3,68,1023.4,59,13.0,-9900,-9900,0.0,0.0
2022,1,11,12,60,0.0,0.0,0.0,0.0,0.0,5,13.3,8.3,68,1023.8,65,13.0,-9900,-9900,0.0,0.0
2022,1,11,13,60,0.0,0.0,0.0,0.0,0.0,5,13.4,8.4,67,1024.2,72,11.1,-9900,-9900,0.0,0.0
2022,1,11,14,60,0.0,0.0,0.0,0.0,0.0,5,13.3,8.3,67,1024.2,72,11.1,-9900,-9900,0.0,0.0
2022,1,11,15,60,0.0,0.0,0.0,0.0,0.0,5,13.3,8.3,67,1024.2,73,11.1,-9900,-9900,0.0,0.0
2022,1,11,16,60,0.0,0.0,0.0,0.0,0.0,5,13.3,8.3,67,1024.2,74,11.1,-9900,-9900,0.0,0.0
2022,1,11,17,60,0.0,0.0,0.0,0.0,0.0,5,13.1,8.1,61,1024.4,86,13.0,-9900,-9900,0.0,0.0
2022,1,11,18,60,0.0,0.0,0.0,0.0,0.0,5,13.0,8.0,62,1023.9,83,13.0,-9900,-9900,0.0,0.0
2022,1,11,19,60,0.0,0.0,0.0,0.0,0.0,5,13.0,8.0,63,1023.5,80,13.0,-9900,-9900,0.0,0.0
2022,1,11,20,60,0.0,0.0,0.0,0.0,0.0,5,13.0,8.0,65,1023.1,80,13.0,-9900,-9900,0.0,0.0
2022,1,11,21,60,0.0,0.0,0.0,0.0,0.0,5,13.2,8.2,66,1022.7,80,11.1,-9900,-9900,0.0,0.0
2022,1,11,22,60,0.0,0.0,0.0,0.0,0.0,5,13.3,8.3,68,1022.3,79,11.1,-9900,-9900,0.0,0.0
2022,1,11,23,60,0.0,0.0,0.0,0.0,0.0,5,12.9,7.9,68,1021.9,87,13.0,-9900,-9900,0.0,0.0
2022,1,11,24,60,0.0,0.0,0.0,0.0,0.0,5,13.1,8.1,68,1022.3,88,11.1,-9900,-9900,0.0,0.0
2022,1,12,1,60,0.0,0.0,0.0,0.0,0.0,5,13.2,8.2,69,1022.7,89,11.1,-9900,-9900,0.0,0.0
2022,1,12,2,60,0.0,0.0,0.0,0.0,0.0,5,13.7,8.7,69,1022.6,85,13.0,-9900,-9900,0.0,0.0
2022,1,12,3,60,0.0,0.0,0.0,0.0,0.0,5,14.2,9.2,70,1022.5,82,13.0,-9900,-9900,0.0,0.0
2022,1,12,4,60,0.0,0.0,0.0,0.0,0.0,5,14.7,9.7,70,1022.5,80,14.8,-9900,-9900,0.0,0.0
2022,1,12,5,60,0.0,0.0,0.0,0.0,0.0,5,15.0,10.0,69,1021.7,80,13.0,-9900,-9900,0.0,0.0
2022,1,12,6,60,0.0,0.0,0.0,0.0,0.0,5,15.3,10.3,68,1020.9,80,13.0,-9900,-9900,0.0,0.0
2022,1,12,7,60,0.0,0.0,0.0,0.0,0.0,5,15.5,10.5,68,1020.1,81,13.0,-9900,-9900,0.0,0.0
2022,1,12,8,60,0.0,0.0,0.0,0.0,0.0,5,15.3,10.3,70,1020.2,81,13.0,-9900,-9900,0.0,0.0
2022,1,12,9,60,0.0,0.0,0.0,0.0,0.0,5,15.0,10.0,72,1020.3,81,13.0,-9900,-9900,0.0,0.0
2022,1,12,10,60,0.0,0.0,0.0,0.0,0.0,5,14.6,9.6,74,1020.4,80,11.1,-9900,-9900,0.0,0.0
2022,1,12,11,60,0.0,0.0,0.0,0.0,0.0,5,14.1,9.1,81,1021.3,98,9.3,-9900,-9900,0.0,0.0
2022,1,12,12,60,0.0,0.0,0.0,0.0,0.0,5,14.2,9.2,81,1021.5,104,9.3,-9900,-9900,0.0,0.0
2022,1,12,13,60,0.0,0.0,0.0,0.0,0.0,5,14.3,9.3,81,1021.7,112,7.4,-9900,-9900,0.0,0.0
2022,1,12,14,60,0.0,0.0,0.0,0.0,0.0,5,14.2,9.2,82,1021.5,115,5.5,-9900,-9900,0.0,0.0
2022,1,12,15,60,0.0,0.0,0.0,0.0,0.0,5,14.1,9.1,83,1021.3,121,5.5,-9900,-9900,0.0,0.0
2022,1,12,16,60,0.0,0.0,0.0,0.0,0.0,5,14.1,9.1,83,1021.2,130,5.5,-9900,-9900,0.0,0.0
2022,1,12,17,60,0.0,0.0,0.0,0.0,0.0,5,13.8,8.8,84,1021.6,140,5.5,-9900,-9900,0.0,0.0
2022,1,12,18,60,0.0,0.0,0.0,0.0,0.0,5,13.6,8.6,85,1021.4,180,5.5,-9900,-9900,0.0,0.0
2022,1,12,19,60,0.0,0.0,0.0,0.0,0.0,5,13.5,8.5,85,1021.3,229,3.7,-9900,-9900,0.0,0.0
2022,1,12,20,60,0.0,0.0,0.0,0.0,0.0,5,13.4,8.4,87,1021.3,221,3.7,-9900,-9900,0.0,0.0
2022,1,12,21,60,0.0,0.0,0.0,0.0,0.0,5,13.4,8.4,87,1021.4,215,3.7,-9900,-9900,0.0,0.0
2022,1,12,22,60,0.0,0.0,0.0,0.0,0.0,5,13.3,8.3,88,1021.4,210,3.7,-9900,-9900,0.0,0.0
2022,1,12,23,60,0.0,0.0,0.0,0.0,0.0,5,13.7,8.7,87,1021.6,211,5.5,-9900,-9900,0.0,0.0
2022,1,12,24,60,0.0,0.0,0.0,0.0,0.0,5,13.8,8.8,87,1022.2,209,3.7,-9900,-9900,0.0,0.0
2022,1,13,1,60,0.0,0.0,0.0,0.0,0.0,5,13.8,8.8,86,1022.8,207,3.7,-9900,-9900,0.0,0.0
2022,1,13,2,60,0.0,0.0,0.0,0.0,0.0,5,14.1,9.1,81,1023.0,217,3.7,-9900,-9900,0.0,0.0
2022,1,13,3,60,0.0,0.0,0.0,0.0,0.0,5,14.4,9.4,77,1023.1,236,3.7,-9900,-9900,0.0,0.0
2022,1,13,4,60,0.0,0.0,0.0,0.0,0.0,5,14.7,9.7,73,1023.2,269,3.7,-9900,-9900,0.0,0.0
2022,1,13,5,60,0.0,0.0,0.0,0.0,0.0,5,15.8,10.8,71,1022.8,266,3.7,-9900,-9900,0.0,0.0
2022,1,13,6,60,0.0,0.0,0.0,0.0,0.0,5,15.5,10.5,71,1022.3,269,3.7,-9900,-9900,0.0,0.0
2022,1,13,7,60,0.0,0.0,0.0,0.0,0.0,5,15.3,10.3,70,1021.7,273,3.7,-9900,-9900,0.0,0.0
2022,1,13,8,60,0.0,0.0,0.0,0.0,0.0,5,15.0,10.0,70,1022.0,309,5.5,-9900,-9900,0.0,0.0
2022,1,13,9,60,0.0,0.0,0.0,0.0,0.0,5,14.7,9.7,70,1022.3,42,5.5,-9900,-9900,0.0,0.0
2022,1,13,10,60,0.0,0.0,0.0,0.0,0.0,5,14.4,9.4,70,1022.5,60,7.4,-9900,-9900,0.0,0.0
2022,1,13,11,60,0.0,0.0,0.0,0.0,0.0,5,13.6,8.6,68,1023.3,72,9.3,-9900,-9900,0.0,0.0
2022,1,13,12,60,0.0,0.0,0.0,0.0,0.0,5,13.5,8.5,69,1023.8,84,9.3,-9900,-9900,0.0,0.0
2022,1,13,13,60,0.0,0.0,0.0,0.0,0.0,5,13.5,8.5,69,1024.2,93,9.3,-9900,-9900,0.0,0.0
2022,1,13,14,60,0.0,0.0,0.0,0.0,0.0,5,13.4,8.4,69,1024.2,93,9.3,-9900,-9900,0.0,0.0
2022,1,13,15,60,0.0,0.0,0.0,0.0,0.0,5,13.3,8.3,69,1024.2,93,9.3,-9900,-9900,0.0,0.0
2022,1,13,16,60,0.0,0.0,0.0,0.0,0.0,5,13.2,8.2,69,1024.2,93,9.3,-9900,-9900,0.0,0.0
2022,1,13,17,60,0.0,0.0,0.0,0.0,0.0,5,13.5,8.5,62,1024.4,73,9.3,-9900,-9900,0.0,0.0
2022,1,13,18,60,0.0,0.0,0.0,0.0,0.0,5,13.3,8.3,64,1024.2,75,9.3,-9900,-9900,0.0,0.0
2022,1,13,19,60,0.0,0.0,0.0,0.0,0.0,5,13.1,8.1,65,1023.9,76,9.3,-9900,-9900,0.0,0.0
2022,1,13,20,60,0.0,0.0,0.0,0.0,0.0,5,13.1,8.1,66,1023.9,78,9.3,-9900,-9900,0.0,0.0
2022,1,13,21,60,0.0,0.0,0.0,0.0,0.0,5,13.1,8.1,67,1023.8,80,9.3,-9900,-9900,0.0,0.0
2022,1,13,22,60,0.0,0.0,0.0,0.0,0.0,5,13.1,8.1,67,1023.8,82,9.3,-9900,-9900,0.0,0.0
2022,1,13,23,60,0.0,0.0,0.0,0.0,0.0,5,13.2,8.2,57,1024.3,58,13.0,-9900,-9900,0.0,0.0
2022,1,13,24,60,0.0,0.0,0.0,0.0,0.0,5,13.4,8.4,58,1024.6,61,13.0,-9900,-9900,0.0,0.0
2022,1,14,1,60,0.0,0.0,0.0,0.0,0.0,5,13.6,8.6,58,1024.8,65,13.0,-9900,-9900,0.0,0.0
2022,1,14,2,60,0.0,0.0,0.0,0.0,0.0,5,14.5,9.5,58,1024.3,64,13.0,-9900,-9900,0.0,0.0
2022,1,14,3,60,0.0,0.0,0.0,0.0,0.0,5,15.4,10.4,58,1023.9,63,14.8,-9900,-9900,0.0,0.0
2022,1,14,4,60,0.0,0.0,0.0,0.0,0.0,5,16.4,11.4,58,1023.5,63,14.8,-9900,-9900,0.0,0.0
2022,1,14,5,60,0.0,0.0,0.0,0.0,0.0,5,16.6,11.6,56,1022.6,70,14.8,-9900,-9900,0.0,0.0
2022,1,14,6,60,0.0,0.0,0.0,0.0,0.0,5,17.1,12.1,56,1021.5,68,14.8,-9900,-9900,0.0,0.0
2022,1,14,7,60,0.0,0.0,0.0,0.0,0.0,5,17.7,12.7,55,1020.3,66,14.8,-9900,-9900,0.0,0.0
2022,1,14,8,60,0.0,0.0,0.0,0.0,0.0,5,17.3,12.3,57,1020.1,66,13.0,-9900,-9900,0.0,0.0
2022,1,14,9,60,0.0,0.0,0.0,0.0,0.0,5,17.0,12.0,59,1020.0,67,13.0,-9900,-9900,0.0,0.0
2022,1,14,10,60,0.0,0.0,0.0,0.0,0.0,5,16.7,11.7,61,1019.8,67,13.0,-9900,-9900,0.0,0.0
2022,1,14,11,60,0.0,0.0,0.0,0.0,0.0,5,16.5,11.5,65,1020.2,90,13.0,-9900,-9900,0.0,0.0
2022,1,14,12,60,0.0,0.0,0.0,0.0,0.0,5,16.4,11.4,67,1020.4,89,11.1,-9900,-9900,0.0,0.0
2022,1,14,13,60,0.0,0.0,0.0,0.0,0.0,5,16.2,11.2,69,1020.6,87,9.3,-9900,-9900,0.0,0.0
2022,1,14,14,60,0.0,0.0,0.0,0.0,0.0,5,16.1,11.1,71,1020.6,88,9.3,-9900,-9900,0.0,0.0
2022,1,14,15,60,0.0,0.0,0.0,0.0,0.0,5,16.1,11.1,73,1020.5,89,9.3,-9900,-9900,0.0,0.0
2022,1,14,16,60,0.0,0.0,0.0,0.0,0.0,5,16.1,11.1,74,1020.5,91,9.3,-9900,-9900,0.0,0.0
2022,1,14,17,60,0.0,0.0,0.0,0.0,0.0,5,15.7,10.7,77,1020.3,96,7.4,-9900,-9900,0.0,0.0
2022,1,14,18,60,0.0,0.0,0.0,0.0,0.0,5,15.4,10.4,79,1020.1,105,5.5,-9900,-9900,0.0,0.0
2022,1,14,19,60,0.0,0.0,0.0,0.0,0.0,5,15.1,10.1,81,1019.9,125,5.5,-9900,-9900,0.0,0.0
2022,1,14,20,60,0.0,0.0,0.0,0.0,0.0,5,15.0,10.0,82,1020.0,145,3.7,-9900,-9900,0.0,0.0
2022,1,14,21,60,0.0,0.0,0.0,0.0,0.0,5,14.9,9.9,83,1020.1,167,3.7,-9900,-9900,0.0,0.0
2022,1,14,22,60,0.0,0.0,0.0,0.0,0.0,5,14.8,9.8,85,1020.2,185,3.7,-9900,-9900,0.0,0.0
2022,1,14,23,60,0.0,0.0,0.0,0.0,0.0,5,15.2,10.2,81,1021.2,200,5.5,-9900,-9900,0.0,0.0
2022,1,14,24,60,0.0,0.0,0.0,0.0,0.0,5,15.4,10.4,81,1021.7,190,3.7,-9900,-9900,0.0,0.0
2022,1,15,1,60,0.0,0.0,0.0,0.0,0.0,5,15.6,10.6,81,1022.2,175,3.7,-9900,-9900,0.0,0.0
2022,1,15,2,60,0.0,0.0,0.0,0.0,0.0,5,16.9,11.9,76,1022.0,171,3.7,-9900,-9900,0.0,0.0
2022,1,15,3,60,0.0,0.0,0.0,0.0,0.0,5,18.2,13.2,71,1021.9,153,3.7,-9900,-9900,0.0,0.0
2022,1,15,4,60,0.0,0.0,0.0,0.0,0.0,5,19.5,14.5,67,1021.7,45,3.7,-9900,-9900,0.0,0.0
2022,1,15,5,60,0.0,0.0,0.0,0.0,0.0,5,20.1,15.1,65,1021.4,70,7.4,-9900,-9900,0.0,0.0
2022,1,15,6,60,0.0,0.0,0.0,0.0,0.0,5,20.6,15.6,63,1020.4,71,7.4,-9900,-9900,0.0,0.0
2022,1,15,7,60,0.0,0.0,0.0,0.0,0.0,5,21.1,16.1,61,1019.4,71,7.4,-9900,-9900,0.0,0.0
2022,1,15,8,60,0.0,0.0,0.0,0.0,0.0,5,20.4,15.4,63,1019.6,78,7.4,-9900,-9900,0.0,0.0
2022,1,15,9,60,0.0,0.0,0.0,0.0,0.0,5,19.7,14.7,66,1019.9,82,9.3,-9900,-9900,0.0,0.0
2022,1,15,10,60,0.0,0.0,0.0,0.0,0.0,5,19.0,14.0,69,1020.1,85,9.3,-9900,-9900,0.0,0.0
2022,1,15,11,60,0.0,0.0,0.0,0.0,0.0,5,18.1,13.1,73,1020.9,45,11.1,-9900,-9900,0.0,0.0
2022,1,15,12,60,0.0,0.0,0.0,0.0,0.0,5,17.9,12.9,74,1021.3,54,9.3,-9900,-9900,0.0,0.0
2022,1,15,13,60,0.0,0.0,0.0,0.0,0.0,5,17.6,12.6,75,1021.8,64,9.3,-9900,-9900,0.0,0.0
2022,1,15,14,60,0.0,0.0,0.0,0.0,0.0,5,17.5,12.5,77,1021.8,68,9.3,-9900,-9900,0.0,0.0
2022,1,15,15,60,0.0,0.0,0.0,0.0,0.0,5,17.5,12.5,77,1021.8,72,9.3,-9900,-9900,0.0,0.0
2022,1,15,16,60,0.0,0.0,0.0,0.0,0.0,5,17.5,12.5,78,1021.8,76,9.3,-9900,-9900,0.0,0.0
2022,1,15,17,60,0.0,0.0,0.0,0.0,0.0,5,16.9,11.9,80,1022.6,92,11.1,-9900,-9900,0.0,0.0
2022,1,15,18,60,0.0,0.0,0.0,0.0,0.0,5,17.0,12.0,80,1022.2,88,9.3,-9900,-9900,0.0,0.0
2022,1,15,19,60,0.0,0.0,0.0,0.0,0.0,5,17.0,12.0,81,1021.8,84,9.3,-9900,-9900,0.0,0.0
2022,1,15,20,60,0.0,0.0,0.0,0.0,0.0,5,16.9,11.9,83,1021.6,89,7.4,-9900,-9900,0.0,0.0
2022,1,15,21,60,0.0,0.0,0.0,0.0,0.0,5,16.8,11.8,84,1021.5,95,7.4,-9900,-9900,0.0,0.0
2022,1,15,22,60,0.0,0.0,0.0,0.0,0.0,5,16.7,11.7,86,1021.3,104,5.5,-9900,-9900,0.0,0.0
2022,1,15,23,60,0.0,0.0,0.0,0.0,0.0,5,16.7,11.7,87,1021.3,112,5.5,-9900,-9900,0.0,0.0
2022,1,15,24,60,0.0,0.0,0.0,0.0,0.0,5,17.0,12.0,87,1021.7,111,5.5,-9900,-9900,0.0,0.0
2022,1,16,1,60,0.0,0.0,0.0,0.0,0.0,5,17.4,12.4,86,1022.0,110,5.5,-9900,-9900,0.0,0.0
2022,1,16,2,60,0.0,0.0,0.0,0.0,0.0,5,18.5,13.5,82,1022.0,93,7.4,-9900,-9900,0.0,0.0
2022,1,16,3,60,0.0,0.0,0.0,0.0,0.0,5,19.6,14.6,78,1022.0,79,9.3,-9900,-9900,0.0,0.0
2022,1,16,4,60,0.0,0.0,0.0,0.0,0.0,5,20.8,15.8,74,1022.0,68,9.3,-9900,-9900,0.0,0.0
2022,1,16,5,60,0.0,0.0,0.0,0.0,0.0,5,19.8,14.8,76,1020.9,63,11.1,-9900,-9900,0.0,0.0
2022,1,16,6,60,0.0,0.0,0.0,0.0,0.0,5,20.3,15.3,74,1020.0,67,11.1,-9900,-9900,0.0,0.0
2022,1,16,7,60,0.0,0.0,0.0,0.0,0.0,5,20.8,15.8,73,1019.1,70,13.0,-9900,-9900,0.0,0.0
2022,1,16,8,60,0.0,0.0,0.0,0.0,0.0,5,20.3,15.3,74,1019.4,71,14.8,-9900,-9900,0.0,0.0
2022,1,16,9,60,0.0,0.0,0.0,0.0,0.0,5,19.8,14.8,76,1019.7,73,14.8,-9900,-9900,0.0,0.0
2022,1,16,10,60,0.0,0.0,0.0,0.0,0.0,5,19.2,14.2,79,1020.0,75,14.8,-9900,-9900,0.0,0.0
2022,1,16,11,60,0.0,0.0,0.0,0.0,0.0,5,19.2,14.2,81,1020.7,79,16.7,-9900,-9900,0.0,0.0
2022,1,16,12,60,0.0,0.0,0.0,0.0,0.0,5,19.0,14.0,82,1021.3,80,14.8,-9900,-9900,0.0,0.0
2022,1,16,13,60,0.0,0.0,0.0,0.0,0.0,5,18.8,13.8,83,1021.8,81,14.8,-9900,-9900,0.0,0.0
2022,1,16,14,60,0.0,0.0,0.0,0.0,0.0,5,18.7,13.7,83,1021.9,80,14.8,-9900,-9900,0.0,0.0
2022,1,16,15,60,0.0,0.0,0.0,0.0,0.0,5,18.6,13.6,83,1021.9,80,13.0,-9900,-9900,0.0,0.0
2022,1,16,16,60,0.0,0.0,0.0,0.0,0.0,5,18.5,13.5,84,1022.0,80,13.0,-9900,-9900,0.0,0.0
2022,1,16,17,60,0.0,0.0,0.0,0.0,0.0,5,17.9,12.9,83,1022.2,79,13.0,-9900,-9900,0.0,0.0
2022,1,16,18,60,0.0,0.0,0.0,0.0,0.0,5,17.8,12.8,83,1021.8,79,13.0,-9900,-9900,0.0,0.0
2022,1,16,19,60,0.0,0.0,0.0,0.0,0.0,5,17.7,12.7,84,1021.4,78,13.0,-9900,-9900,0.0,0.0
2022,1,16,20,60,0.0,0.0,0.0,0.0,0.0,5,17.7,12.7,84,1021.3,81,13.0,-9900,-9900,0.0,0.0
2022,1,16,21,60,0.0,0.0,0.0,0.0,0.0,5,17.7,12.7,85,1021.3,83,11.1,-9900,-9900,0.0,0.0
2022,1,16,22,60,0.0,0.0,0.0,0.0,0.0,5,17.6,12.6,86,1021.2,86,9.3,-9900,-9900,0.0,0.0
2022,1,16,23,60,0.0,0.0,0.0,0.0,0.0,5,17.6,12.6,86,1021.7,85,11.1,-9900,-9900,0.0,0.0
2022,1,16,24,60,0.0,0.0,0.0,0.0,0.0,5,17.6,12.6,85,1022.2,84,11.1,-9900,-9900,0.0,0.0
2022,1,17,1,60,0.0,0.0,0.0,0.0,0.0,5,17.5,12.5,86,1022.8,84,11.1,-9900,-9900,0.0,0.0
2022,1,17,2,60,0.0,0.0,0.0,0.0,0.0,5,18.1,13.1,84,1022.7,83,11.1,-9900,-9900,0.0,0.0
2022,1,17,3,60,0.0,0.0,0.0,0.0,0.0,5,18.6,13.6,82,1022.6,83,13.0,-9900,-9900,0.0,0.0
2022,1,17,4,60,0.0,0.0,0.0,0.0,0.0,5,19.1,14.1,80,1022.5,83,13.0,-9900,-9900,0.0,0.0
2022,1,17,5,60,0.0,0.0,0.0,0.0,0.0,5,18.6,13.6,81,1021.2,84,13.0,-9900,-9900,0.0,0.0
2022,1,17,6,60,0.0,0.0,0.0,0.0,0.0,5,18.8,13.8,79,1020.5,84,13.0,-9900,-9900,0.0,0.0
2022,1,17,7,60,0.0,0.0,0.0,0.0,0.0,5,19.0,14.0,78,1019.8,85,14.8,-9900,-9900,0.0,0.0
2022,1,17,8,60,0.0,0.0,0.0,0.0,0.0,5,18.7,13.7,78,1020.2,84,13.0,-9900,-9900,0.0,0.0
2022,1,17,9,60,0.0,0.0,0.0,0.0,0.0,5,18.3,13.3,79,1020.7,83,13.0,-9900,-9900,0.0,0.0
2022,1,17,10,60,0.0,0.0,0.0,0.0,0.0,5,18.0,13.0,79,1021.2,82,13.0,-9900,-9900,0.0,0.0
2022,1,17,11,60,0.0,0.0,0.0,0.0,0.0,5,17.6,12.6,86,1021.9,78,13.0,-9900,-9900,0.0,0.0
2022,1,17,12,60,0.0,0.0,0.0,0.0,0.0,5,17.4,12.4,85,1022.4,78,13.0,-9900,-9900,0.0,0.0
2022,1,17,13,60,0.0,0.0,0.0,0.0,0.0,5,17.2,12.2,85,1022.9,78,13.0,-9900,-9900,0.0,0.0
2022,1,17,14,60,0.0,0.0,0.0,0.0,0.0,5,17.2,12.2,85,1023.0,78,13.0,-9900,-9900,0.0,0.0
2022,1,17,15,60,0.0,0.0,0.0,0.0,0.0,5,17.1,12.1,85,1023.0,78,13.0,-9900,-9900,0.0,0.0
2022,1,17,16,60,0.0,0.0,0.0,0.0,0.0,5,17.0,12.0,85,1023.1,78,13.0,-9900,-9900,0.0,0.0
2022,1,17,17,60,0.0,0.0,0.0,0.0,0.0,5,16.0,11.0,90,1022.9,84,13.0,-9900,-9900,0.0,0.0
2022,1,17,18,60,0.0,0.0,0.0,0.0,0.0,5,16.1,11.1,89,1022.6,83,13.0,-9900,-9900,0.0,0.0
2022,1,17,19,60,0.0,0.0,0.0,0.0,0.0,5,16.2,11.2,88,1022.2,81,13.0,-9900,-9900,0.0,0.0
2022,1,17,20,60,0.0,0.0,0.0,0.0,0.0,5,16.3,11.3,87,1022.1,82,13.0,-9900,-9900,0.0,0.0
2022,1,17,21,60,0.0,0.0,0.0,0.0,0.0,5,16.3,11.3,87,1021.9,82,13.0,-9900,-9900,0.0,0.0
2022,1,17,22,60,0.0,0.0,0.0,0.0,0.0,5,16.4,11.4,86,1021.8,83,11.1,-9900,-9900,0.0,0.0
2022,1,17,23,60,0.0,0.0,0.0,0.0,0.0,5,16.1,11.1,93,1021.8,88,13.0,-9900,-9900,0.0,0.0
2022,1,17,24,60,0.0,0.0,0.0,0.0,0.0,5,16.3,11.3,91,1022.1,88,13.0,-9900,-9900,0.0,0.0
2022,1,18,1,60,0.0,0.0,0.0,0.0,0.0,5,16.4,11.4,91,1022.4,87,13.0,-9900,-9900,0.0,0.0
2022,1,18,2,60,0.0,0.0,0.0,0.0,0.0,5,16.7,11.7,89,1022.4,84,14.8,-9900,-9900,0.0,0.0
2022,1,18,3,60,0.0,0.0,0.0,0.0,0.0,5,17.0,12.0,86,1022.4,83,14.8,-9900,-9900,0.0,0.0
2022,1,18,4,60,0.0,0.0,0.0,0.0,0.0,5,17.3,12.3,84,1022.4,81,16.7,-9900,-9900,0.0,0.0
2022,1,18,5,60,0.0,0.0,0.0,0.0,0.0,5,17.6,12.6,82,1021.5,82,14.8,-9900,-9900,0.0,0.0
2022,1,18,6,60,0.0,0.0,0.0,0.0,0.0,5,17.7,12.7,81,1020.6,81,16.7,-9900,-9900,0.0,0.0
2022,1,18,7,60,0.0,0.0,0.0,0.0,0.0,5,17.9,12.9,80,1019.7,79,16.7,-9900,-9900,0.0,0.0
2022,1,18,8,60,0.0,0.0,0.0,0.0,0.0,5,17.7,12.7,80,1019.8,81,16.7,-9900,-9900,0.0,0.0
2022,1,18,9,60,0.0,0.0,0.0,0.0,0.0,5,17.5,12.5,79,1019.8,83,16.7,-9900,-9900,0.0,0.0
2022,1,18,10,60,0.0,0.0,0.0,0.0,0.0,5,17.4,12.4,79,1019.9,85,16.7,-9900,-9900,0.0,0.0
2022,1,18,11,60,0.0,0.0,0.0,0.0,0.0,5,16.5,11.5,85,1020.4,79,18.5,-9900,-9900,0.0,0.0
2022,1,18,12,60,0.0,0.0,0.0,0.0,0.0,5,16.7,11.7,84,1020.6,79,16.7,-9900,-9900,0.0,0.0
2022,1,18,13,60,0.0,0.0,0.0,0.0,0.0,5,16.9,11.9,82,1020.9,79,14.8,-9900,-9900,0.0,0.0
2022,1,18,14,60,0.0,0.0,0.0,0.0,0.0,5,16.9,11.9,83,1020.8,79,14.8,-9900,-9900,0.0,0.0
2022,1,18,15,60,0.0,0.0,0.0,0.0,0.0,5,17.0,12.0,82,1020.7,79,14.8,-9900,-9900,0.0,0.0
2022,1,18,16,60,0.0,0.0,0.0,0.0,0.0,5,17.1,12.1,82,1020.6,79,14.8,-9900,-9900,0.0,0.0
2022,1,18,17,60,0.0,0.0,0.0,0.0,0.0,5,16.5,11.5,83,1020.6,91,14.8,-9900,-9900,0.0,0.0
2022,1,18,18,60,0.0,0.0,0.0,0.0,0.0,5,16.6,11.6,84,1020.2,90,14.8,-9900,-9900,0.0,0.0
2022,1,18,19,60,0.0,0.0,0.0,0.0,0.0,5,16.7,11.7,84,1019.7,89,13.0,-9900,-9900,0.0,0.0
2022,1,18,20,60,0.0,0.0,0.0,0.0,0.0,5,16.7,11.7,84,1019.5,88,13.0,-9900,-9900,0.0,0.0
2022,1,18,21,60,0.0,0.0,0.0,0.0,0.0,5,16.7,11.7,84,1019.3,88,11.1,-9900,-9900,0.0,0.0
2022,1,18,22,60,0.0,0.0,0.0,0.0,0.0,5,16.7,11.7,84,1019.1,88,11.1,-9900,-9900,0.0,0.0
2022,1,18,23,60,0.0,0.0,0.0,0.0,0.0,5,16.2,11.2,91,1019.6,96,11.1,-9900,-9900,0.0,0.0
2022,1,18,24,60,0.0,0.0,0.0,0.0,0.0,5,16.4,11.4,90,1020.0,93,11.1,-9900,-9900,0.0,0.0
2022,1,19,1,60,0.0,0.0,0.0,0.0,0.0,5,16.6,11.6,89,1020.5,91,11.1,-9900,-9900,0.0,0.0
2022,1,19,2,60,0.0,0.0,0.0,0.0,0.0,5,17.1,12.1,86,1020.5,87,13.0,-9900,-9900,0.0,0.0
2022,1,19,3,60,0.0,0.0,0.0,0.0,0.0,5,17.6,12.6,83,1020.5,84,14.8,-9900,-9900,0.0,0.0
2022,1,19,4,60,0.0,0.0,0.0,0.0,0.0,5,18.1,13.1,80,1020.5,81,14.8,-9900,-9900,0.0,0.0
2022,1,19,5,60,0.0,0.0,0.0,0.0,0.0,5,18.0,13.0,78,1019.8,81,14.8,-9900,-9900,0.0,0.0
2022,1,19,6,60,0.0,0.0,0.0,0.0,0.0,5,18.3,13.3,76,1019.0,80,16.7,-9900,-9900,0.0,0.0
2022,1,19,7,60,0.0,0.0,0.0,0.0,0.0,5,18.6,13.6,74,1018.2,79,16.7,-9900,-9900,0.0,0.0
2022,1,19,8,60,0.0,0.0,0.0,0.0,0.0,5,18.3,13.3,74,1018.3,82,16.7,-9900,-9900,0.0,0.0
2022,1,19,9,60,0.0,0.0,0.0,0.0,0.0,5,18.0,13.0,75,1018.5,86,16.7,-9900,-9900,0.0,0.0
2022,1,19,10,60,0.0,0.0,0.0,0.0,0.0,5,17.8,12.8,75,1018.6,90,14.8,-9900,-9900,0.0,0.0
2022,1,19,11,60,0.0,0.0,0.0,0.0,0.0,5,17.5,12.5,77,1019.0,90,14.8,-9900,-9900,0.0,0.0
2022,1,19,12,60,0.0,0.0,0.0,0.0,0.0,5,17.3,12.3,79,1019.5,90,14.8,-9900,-9900,0.0,0.0
2022,1,19,13,60,0.0,0.0,0.0,0.0,0.0,5,17.1,12.1,80,1019.9,90,14.8,-9900,-9900,0.0,0.0
2022,1,19,14,60,0.0,0.0,0.0,0.0,0.0,5,17.1,12.1,82,1019.9,91,13.0,-9900,-9900,0.0,0.0
2022,1,19,15,60,0.0,0.0,0.0,0.0,0.0,5,17.1,12.1,82,1019.8,92,13.0,-9900,-9900,0.0,0.0
2022,1,19,16,60,0.0,0.0,0.0,0.0,0.0,5,17.1,12.1,83,1019.8,94,13.0,-9900,-9900,0.0,0.0
2022,1,19,17,60,0.0,0.0,0.0,0.0,0.0,5,16.1,11.1,86,1019.9,92,14.8,-9900,-9900,0.0,0.0
2022,1,19,18,60,0.0,0.0,0.0,0.0,0.0,5,16.3,11.3,85,1019.6,91,14.8,-9900,-9900,0.0,0.0
2022,1,19,19,60,0.0,0.0,0.0,0.0,0.0,5,16.4,11.4,85,1019.2,89,14.8,-9900,-9900,0.0,0.0
2022,1,19,20,60,0.0,0.0,0.0,0.0,0.0,5,16.5,11.5,85,1019.0,89,14.8,-9900,-9900,0.0,0.0
2022,1,19,21,60,0.0,0.0,0.0,0.0,0.0,5,16.6,11.6,85,1018.8,90,13.0,-9900,-9900,0.0,0.0
2022,1,19,22,60,0.0,0.0,0.0,0.0,0.0,5,16.7,11.7,85,1018.6,90,13.0,-9900,-9900,0.0,0.0
2022,1,19,23,60,0.0,0.0,0.0,0.0,0.0,5,17.6,12.6,83,1019.4,83,13.0,-9900,-9900,0.0,0.0
2022,1,19,24,60,0.0,0.0,0.0,0.0,0.0,5,17.7,12.7,83,1019.9,82,14.8,-9900,-9900,0.0,0.0
2022,1,20,1,60,0.0,0.0,0.0,0.0,0.0,5,17.8,12.8,83,1020.3,81,16.7,-9900,-9900,0.0,0.0
2022,1,20,2,60,0.0,0.0,0.0,0.0,0.0,5,18.2,13.2,79,1020.3,81,16.7,-9900,-9900,0.0,0.0
2022,1,20,3,60,0.0,0.0,0.0,0.0,0.0,5,18.5,13.5,76,1020.4,81,18.5,-9900,-9900,0.0,0.0
2022,1,20,4,60,0.0,0.0,0.0,0.0,0.0,5,18.8,13.8,74,1020.4,81,18.5,-9900,-9900,0.0,0.0
2022,1,20,5,60,0.0,0.0,0.0,0.0,0.0,5,17.5,12.5,78,1020.5,84,18.5,-9900,-9900,0.0,0.0
2022,1,20,6,60,0.0,0.0,0.0,0.0,0.0,5,18.1,13.1,76,1019.7,81,20.4,-9900,-9900,0.0,0.0
2022,1,20,7,60,0.0,0.0,0.0,0.0,0.0,5,18.6,13.6,73,1018.9,78,20.4,-9900,-9900,0.0,0.0
2022,1,20,8,60,0.0,0.0,0.0,0.0,0.0,5,18.3,13.3,74,1019.0,80,20.4,-9900,-9900,0.0,0.0
2022,1,20,9,60,0.0,0.0,0.0,0.0,0.0,5,18.1,13.1,75,1019.0,81,18.5,-9900,-9900,0.0,0.0
2022,1,20,10,60,0.0,0.0,0.0,0.0,0.0,5,17.8,12.8,75,1019.1,83,18.5,-9900,-9900,0.0,0.0
2022,1,20,11,60,0.0,0.0,0.0,0.0,0.0,5,17.5,12.5,81,1020.0,83,18.5,-9900,-9900,0.0,0.0
2022,1,20,12,60,0.0,0.0,0.0,0.0,0.0,5,17.3,12.3,82,1020.2,84,20.4,-9900,-9900,0.0,0.0
2022,1,20,13,60,0.0,0.0,0.0,0.0,0.0,5,17.1,12.1,82,1020.4,84,20.4,-9900,-9900,0.0,0.0
2022,1,20,14,60,0.0,0.0,0.0,0.0,0.0,5,17.1,12.1,82,1020.6,85,18.5,-9900,-9900,0.0,0.0
2022,1,20,15,60,0.0,0.0,0.0,0.0,0.0,5,17.1,12.1,82,1020.7,86,18.5,-9900,-9900,0.0,0.0
2022,1,20,16,60,0.0,0.0,0.0,0.0,0.0,5,17.1,12.1,82,1020.8,87,16.7,-9900,-9900,0.0,0.0
2022,1,20,17,60,0.0,0.0,0.0,0.0,0.0,5,16.7,11.7,80,1020.5,92,16.7,-9900,-9900,0.0,0.0
2022,1,20,18,60,0.0,0.0,0.0,0.0,0.0,5,16.6,11.6,81,1020.1,91,16.7,-9900,-9900,0.0,0.0
2022,1,20,19,60,0.0,0.0,0.0,0.0,0.0,5,16.5,11.5,82,1019.7,89,16.7,-9900,-9900,0.0,0.0
2022,1,20,20,60,0.0,0.0,0.0,0.0,0.0,5,16.4,11.4,83,1019.7,89,14.8,-9900,-9900,0.0,0.0
2022,1,20,21,60,0.0,0.0,0.0,0.0,0.0,5,16.4,11.4,84,1019.7,90,14.8,-9900,-9900,0.0,0.0
2022,1,20,22,60,0.0,0.0,0.0,0.0,0.0,5,16.3,11.3,85,1019.7,90,13.0,-9900,-9900,0.0,0.0
2022,1,20,23,60,0.0,0.0,0.0,0.0,0.0,5,15.9,10.9,90,1020.7,84,13.0,-9900,-9900,0.0,0.0
2022,1,20,24,60,0.0,0.0,0.0,0.0,0.0,5,16.1,11.1,89,1021.0,83,14.8,-9900,-9900,0.0,0.0
2022,1,21,1,60,0.0,0.0,0.0,0.0,0.0,5,16.3,11.3,88,1021.4,82,14.8,-9900,-9900,0.0,0.0
2022,1,21,2,60,0.0,0.0,0.0,0.0,0.0,5,16.5,11.5,88,1021.5,84,14.8,-9900,-9900,0.0,0.0
2022,1,21,3,60,0.0,0.0,0.0,0.0,0.0,5,16.7,11.7,87,1021.6,85,16.7,-9900,-9900,0.0,0.0
2022,1,21,4,60,0.0,0.0,0.0,0.0,0.0,5,16.9,11.9,87,1021.7,86,16.7,-9900,-9900,0.0,0.0
2022,1,21,5,60,0.0,0.0,0.0,0.0,0.0,5,17.3,12.3,87,1021.3,84,16.7,-9900,-9900,0.0,0.0
2022,1,21,6,60,0.0,0.0,0.0,0.0,0.0,5,17.5,12.5,86,1020.4,83,16.7,-9900,-9900,0.0,0.0
2022,1,21,7,60,0.0,0.0,0.0,0.0,0.0,5,17.7,12.7,85,1019.5,82,16.7,-9900,-9900,0.0,0.0
2022,1,21,8,60,0.0,0.0,0.0,0.0,0.0,5,17.7,12.7,85,1019.2,84,16.7,-9900,-9900,0.0,0.0
2022,1,21,9,60,0.0,0.0,0.0,0.0,0.0,5,17.6,12.6,86,1018.9,87,16.7,-9900,-9900,0.0,0.0
2022,1,21,10,60,0.0,0.0,0.0,0.0,0.0,5,17.6,12.6,86,1018.6,89,16.7,-9900,-9900,0.0,0.0
2022,1,21,11,60,0.0,0.0,0.0,0.0,0.0,5,17.5,12.5,86,1018.8,86,14.8,-9900,-9900,0.0,0.0
2022,1,21,12,60,0.0,0.0,0.0,0.0,0.0,5,17.5,12.5,87,1019.0,83,14.8,-9900,-9900,0.0,0.0
2022,1,21,13,60,0.0,0.0,0.0,0.0,0.0,5,17.5,12.5,87,1019.2,79,13.0,-9900,-9900,0.0,0.0
2022,1,21,14,60,0.0,0.0,0.0,0.0,0.0,5,17.5,12.5,88,1018.9,80,13.0,-9900,-9900,0.0,0.0
2022,1,21,15,60,0.0,0.0,0.0,0.0,0.0,5,17.6,12.6,88,1018.7,82,13.0,-9900,-9900,0.0,0.0
2022,1,21,16,60,0.0,0.0,0.0,0.0,0.0,5,17.6,12.6,89,1018.4,83,13.0,-9900,-9900,0.0,0.0
2022,1,21,17,60,0.0,0.0,0.0,0.0,0.0,5,18.3,13.3,88,1018.0,84,14.8,-9900,-9900,0.0,0.0
2022,1,21,18,60,0.0,0.0,0.0,0.0,0.0,5,18.2,13.2,89,1017.4,84,14.8,-9900,-9900,0.0,0.0
2022,1,21,19,60,0.0,0.0,0.0,0.0,0.0,5,18.1,13.1,90,1016.9,84,13.0,-9900,-9900,0.0,0.0
2022,1,21,20,60,0.0,0.0,0.0,0.0,0.0,5,18.1,13.1,90,1016.6,86,13.0,-9900,-9900,0.0,0.0
2022,1,21,21,60,0.0,0.0,0.0,0.0,0.0,5,18.0,13.0,92,1016.4,87,11.1,-9900,-9900,0.0,0.0
2022,1,21,22,60,0.0,0.0,0.0,0.0,0.0,5,18.0,13.0,92,1016.1,89,11.1,-9900,-9900,0.0,0.0
2022,1,21,23,60,0.0,0.0,0.0,0.0,0.0,5,18.2,13.2,92,1016.6,88,9.3,-9900,-9900,0.0,0.0
2022,1,21,24,60,0.0,0.0,0.0,0.0,0.0,5,18.5,13.5,91,1016.6,93,7.4,-9900,-9900,0.0,0.0
2022,1,22,1,60,0.0,0.0,0.0,0.0,0.0,5,18.8,13.8,90,1016.7,98,5.5,-9900,-9900,0.0,0.0
2022,1,22,2,60,0.0,0.0,0.0,0.0,0.0,5,19.7,14.7,87,1016.4,105,7.4,-9900,-9900,0.0,0.0
2022,1,22,3,60,0.0,0.0,0.0,0.0,0.0,5,20.7,15.7,82,1016.0,114,7.4,-9900,-9900,0.0,0.0
2022,1,22,4,60,0.0,0.0,0.0,0.0,0.0,5,21.6,16.6,79,1015.7,124,9.3,-9900,-9900,0.0,0.0
2022,1,22,5,60,0.0,0.0,0.0,0.0,0.0,5,20.9,15.9,81,1015.4,111,9.3,-9900,-9900,0.0,0.0
2022,1,22,6,60,0.0,0.0,0.0,0.0,0.0,5,21.2,16.2,80,1014.2,120,9.3,-9900,-9900,0.0,0.0
2022,1,22,7,60,0.0,0.0,0.0,0.0,0.0,5,21.5,16.5,79,1013.1,129,9.3,-9900,-9900,0.0,0.0
2022,1,22,8,60,0.0,0.0,0.0,0.0,0.0,5,21.1,16.1,81,1013.0,123,9.3,-9900,-9900,0.0,0.0
2022,1,22,9,60,0.0,0.0,0.0,0.0,0.0,5,20.6,15.6,84,1013.0,111,9.3,-9900,-9900,0.0,0.0
2022,1,22,10,60,0.0,0.0,0.0,0.0,0.0,5,20.2,15.2,87,1012.9,83,9.3,-9900,-9900,0.0,0.0
2022,1,22,11,60,0.0,0.0,0.0,0.0,0.0,5,19.2,14.2,89,1012.9,74,7.4,-9900,-9900,0.0,0.0
2022,1,22,12,60,0.0,0.0,0.0,0.0,0.0,5,19.0,14.0,90,1013.2,71,7.4,-9900,-9900,0.0,0.0
2022,1,22,13,60,0.0,0.0,0.0,0.0,0.0,5,18.8,13.8,92,1013.4,68,7.4,-9900,-9900,0.0,0.0
2022,1,22,14,60,0.0,0.0,0.0,0.0,0.0,5,18.9,13.9,92,1013.4,67,7.4,-9900,-9900,0.0,0.0
2022,1,22,15,60,0.0,0.0,0.0,0.0,0.0,5,19.0,14.0,93,1013.3,66,7.4,-9900,-9900,0.0,0.0
2022,1,22,16,60,0.0,0.0,0.0,0.0,0.0,5,19.1,14.1,93,1013.3,65,7.4,-9900,-9900,0.0,0.0
2022,1,22,17,60,0.0,0.0,0.0,0.0,0.0,5,18.8,13.8,98,1013.5,104,7.4,-9900,-9900,0.0,0.0
2022,1,22,18,60,0.0,0.0,0.0,0.0,0.0,5,18.6,13.6,99,1013.1,159,5.5,-9900,-9900,0.0,0.0
2022,1,22,19,60,0.0,0.0,0.0,0.0,0.0,5,18.4,13.4,99,1012.6,217,5.5,-9900,-9900,0.0,0.0
2022,1,22,20,60,0.0,0.0,0.0,0.0,0.0,5,18.2,13.2,99,1012.4,232,3.7,-9900,-9900,0.0,0.0
2022,1,22,21,60,0.0,0.0,0.0,0.0,0.0,5,18.1,13.1,98,1012.2,245,3.7,-9900,-9900,0.0,0.0
2022,1,22,22,60,0.0,0.0,0.0,0.0,0.0,5,18.0,13.0,98,1012.1,255,3.7,-9900,-9900,0.0,0.0
2022,1,22,23,60,0.0,0.0,0.0,0.0,0.0,5,18.1,13.1,96,1012.4,254,3.7,-9900,-9900,0.0,0.0
2022,1,22,24,60,0.0,0.0,0.0,0.0,0.0,5,18.3,13.3,95,1012.8,252,3.7,-9900,-9900,0.0,0.0
2022,1,23,1,60,0.0,0.0,0.0,0.0,0.0,5,18.4,13.4,93,1013.1,249,5.5,-9900,-9900,0.0,0.0
2022,1,23,2,60,0.0,0.0,0.0,0.0,0.0,5,19.3,14.3,90,1013.1,260,5.5,-9900,-9900,0.0,0.0
2022,1,23,3,60,0.0,0.0,0.0,0.0,0.0,5,20.2,15.2,86,1013.1,270,5.5,-9900,-9900,0.0,0.0
2022,1,23,4,60,0.0,0.0,0.0,0.0,0.0,5,21.1,16.1,83,1013.1,279,5.5,-9900,-9900,0.0,0.0
2022,1,23,5,60,0.0,0.0,0.0,0.0,0.0,5,22.7,17.7,80,1011.4,285,5.5,-9900,-9900,0.0,0.0
2022,1,23,6,60,0.0,0.0,0.0,0.0,0.0,5,22.8,17.8,78,1010.9,284,7.4,-9900,-9900,0.0,0.0
2022,1,23,7,60,0.0,0.0,0.0,0.0,0.0,5,22.8,17.8,77,1010.4,282,7.4,-9900,-9900,0.0,0.0
2022,1,23,8,60,0.0,0.0,0.0,0.0,0.0,5,22.1,17.1,79,1010.8,282,7.4,-9900,-9900,0.0,0.0
2022,1,23,9,60,0.0,0.0,0.0,0.0,0.0,5,21.4,16.4,81,1011.2,281,5.5,-9900,-9900,0.0,0.0
2022,1,23,10,60,0.0,0.0,0.0,0.0,0.0,5,20.8,15.8,81,1011.6,279,5.5,-9900,-9900,0.0,0.0
2022,1,23,11,60,0.0,0.0,0.0,0.0,0.0,5,19.8,14.8,88,1012.0,321,5.5,-9900,-9900,0.0,0.0
2022,1,23,12,60,0.0,0.0,0.0,0.0,0.0,5,19.6,14.6,88,1012.5,309,5.5,-9900,-9900,0.0,0.0
2022,1,23,13,60,0.0,0.0,0.0,0.0,0.0,5,19.5,14.5,88,1013.1,289,3.7,-9900,-9900,0.0,0.0
2022,1,23,14,60,0.0,0.0,0.0,0.0,0.0,5,19.3,14.3,88,1013.2,288,3.7,-9900,-9900,0.0,0.0
2022,1,23,15,60,0.0,0.0,0.0,0.0,0.0,5,19.2,14.2,88,1013.4,287,3.7,-9900,-9900,0.0,0.0
2022,1,23,16,60,0.0,0.0,0.0,0.0,0.0,5,19.1,14.1,88,1013.6,285,3.7,-9900,-9900,0.0,0.0
2022,1,23,17,60,0.0,0.0,0.0,0.0,0.0,5,18.2,13.2,92,1013.7,313,5.5,-9900,-9900,0.0,0.0
2022,1,23,18,60,0.0,0.0,0.0,0.0,0.0,5,18.0,13.0,92,1013.8,302,3.7,-9900,-9900,0.0,0.0
2022,1,23,19,60,0.0,0.0,0.0,0.0,0.0,5,17.9,12.9,92,1014.0,297,3.7,-9900,-9900,0.0,0.0
2022,1,23,20,60,0.0,0.0,0.0,0.0,0.0,5,17.8,12.8,92,1014.0,285,3.7,-9900,-9900,0.0,0.0
2022,1,23,21,60,0.0,0.0,0.0,0.0,0.0,5,17.7,12.7,92,1014.1,268,3.7,-9900,-9900,0.0,0.0
2022,1,23,22,60,0.0,0.0,0.0,0.0,0.0,5,17.6,12.6,92,1014.2,246,3.7,-9900,-9900,0.0,0.0
2022,1,23,23,60,0.0,0.0,0.0,0.0,0.0,5,17.8,12.8,89,1015.0,262,3.7,-9900,-9900,0.0,0.0
2022,1,23,24,60,0.0,0.0,0.0,0.0,0.0,5,17.8,12.8,89,1015.6,105,3.7,-9900,-9900,0.0,0.0
2022,1,24,1,60,0.0,0.0,0.0,0.0,0.0,5,17.8,12.8,89,1016.1,90,5.5,-9900,-9900,0.0,0.0
2022,1,24,2,60,0.0,0.0,0.0,0.0,0.0,5,18.2,13.2,86,1016.2,59,5.5,-9900,-9900,0.0,0.0
2022,1,24,3,60,0.0,0.0,0.0,0.0,0.0,5,18.6,13.6,84,1016.3,35,5.5,-9900,-9900,0.0,0.0
2022,1,24,4,60,0.0,0.0,0.0,0.0,0.0,5,19.0,14.0,83,1016.4,20,5.5,-9900,-9900,0.0,0.0
2022,1,24,5,60,0.0,0.0,0.0,0.0,0.0,5,19.2,14.2,81,1015.8,50,5.5,-9900,-9900,0.0,0.0
2022,1,24,6,60,0.0,0.0,0.0,0.0,0.0,5,19.5,14.5,79,1015.2,36,5.5,-9900,-9900,0.0,0.0
2022,1,24,7,60,0.0,0.0,0.0,0.0,0.0,5,19.7,14.7,76,1014.6,15,5.5,-9900,-9900,0.0,0.0
2022,1,24,8,60,0.0,0.0,0.0,0.0,0.0,5,19.2,14.2,78,1015.0,53,7.4,-9900,-9900,0.0,0.0
2022,1,24,9,60,0.0,0.0,0.0,0.0,0.0,5,18.8,13.8,79,1015.3,69,7.4,-9900,-9900,0.0,0.0
2022,1,24,10,60,0.0,0.0,0.0,0.0,0.0,5,18.3,13.3,81,1015.7,76,9.3,-9900,-9900,0.0,0.0
2022,1,24,11,60,0.0,0.0,0.0,0.0,0.0,5,17.8,12.8,86,1016.2,99,9.3,-9900,-9900,0.0,0.0
2022,1,24,12,60,0.0,0.0,0.0,0.0,0.0,5,17.9,12.9,85,1016.5,98,9.3,-9900,-9900,0.0,0.0
2022,1,24,13,60,0.0,0.0,0.0,0.0,0.0,5,17.9,12.9,84,1016.8,96,9.3,-9900,-9900,0.0,0.0
2022,1,24,14,60,0.0,0.0,0.0,0.0,0.0,5,17.9,12.9,84,1017.0,95,9.3,-9900,-9900,0.0,0.0
2022,1,24,15,60,0.0,0.0,0.0,0.0,0.0,5,17.9,12.9,84,1017.1,95,11.1,-9900,-9900,0.0,0.0
2022,1,24,16,60,0.0,0.0,0.0,0.0,0.0,5,17.9,12.9,84,1017.3,94,11.1,-9900,-9900,0.0,0.0
2022,1,24,17,60,0.0,0.0,0.0,0.0,0.0,5,17.6,12.6,85,1016.9,95,13.0,-9900,-9900,0.0,0.0
2022,1,24,18,60,0.0,0.0,0.0,0.0,0.0,5,17.6,12.6,85,1016.9,94,11.1,-9900,-9900,0.0,0.0
2022,1,24,19,60,0.0,0.0,0.0,0.0,0.0,5,17.5,12.5,86,1016.9,93,11.1,-9900,-9900,0.0,0.0
2022,1,24,20,60,0.0,0.0,0.0,0.0,0.0,5,17.5,12.5,85,1017.1,94,9.3,-9900,-9900,0.0,0.0
2022,1,24,21,60,0.0,0.0,0.0,0.0,0.0,5,17.5,12.5,85,1017.2,95,9.3,-9900,-9900,0.0,0.0
2022,1,24,22,60,0.0,0.0,0.0,0.0,0.0,5,17.4,12.4,86,1017.4,96,7.4,-9900,-9900,0.0,0.0
2022,1,24,23,60,0.0,0.0,0.0,0.0,0.0,5,17.2,12.2,88,1017.9,94,11.1,-9900,-9900,0.0,0.0
2022,1,24,24,60,0.0,0.0,0.0,0.0,0.0,5,17.3,12.3,88,1018.3,94,11.1,-9900,-9900,0.0,0.0
2022,1,25,1,60,0.0,0.0,0.0,0.0,0.0,5,17.5,12.5,86,1018.8,95,9.3,-9900,-9900,0.0,0.0
2022,1,25,2,60,0.0,0.0,0.0,0.0,0.0,5,18.2,13.2,83,1018.7,90,11.1,-9900,-9900,0.0,0.0
2022,1,25,3,60,0.0,0.0,0.0,0.0,0.0,5,18.9,13.9,81,1018.7,86,13.0,-9900,-9900,0.0,0.0
2022,1,25,4,60,0.0,0.0,0.0,0.0,0.0,5,19.6,14.6,78,1018.7,83,14.8,-9900,-9900,0.0,0.0
2022,1,25,5,60,0.0,0.0,0.0,0.0,0.0,5,19.9,14.9,77,1018.0,80,13.0,-9900,-9900,0.0,0.0
2022,1,25,6,60,0.0,0.0,0.0,0.0,0.0,5,20.2,15.2,75,1017.2,79,13.0,-9900,-9900,0.0,0.0
2022,1,25,7,60,0.0,0.0,0.0,0.0,0.0,5,20.5,15.5,74,1016.3,79,13.0,-9900,-9900,0.0,0.0
2022,1,25,8,60,0.0,0.0,0.0,0.0,0.0,5,20.1,15.1,75,1016.5,83,14.8,-9900,-9900,0.0,0.0
2022,1,25,9,60,0.0,0.0,0.0,0.0,0.0,5,19.7,14.7,76,1016.6,88,14.8,-9900,-9900,0.0,0.0
2022,1,25,10,60,0.0,0.0,0.0,0.0,0.0,5,19.3,14.3,77,1016.7,92,14.8,-9900,-9900,0.0,0.0
2022,1,25,11,60,0.0,0.0,0.0,0.0,0.0,5,19.1,14.1,79,1017.0,91,14.8,-9900,-9900,0.0,0.0
2022,1,25,12,60,0.0,0.0,0.0,0.0,0.0,5,18.9,13.9,81,1017.4,89,14.8,-9900,-9900,0.0,0.0
2022,1,25,13,60,0.0,0.0,0.0,0.0,0.0,5,18.6,13.6,83,1017.8,87,13.0,-9900,-9900,0.0,0.0
2022,1,25,14,60,0.0,0.0,0.0,0.0,0.0,5,18.6,13.6,83,1017.9,87,13.0,-9900,-9900,0.0,0.0
2022,1,25,15,60,0.0,0.0,0.0,0.0,0.0,5,18.6,13.6,83,1018.1,87,13.0,-9900,-9900,0.0,0.0
2022,1,25,16,60,0.0,0.0,0.0,0.0,0.0,5,18.5,13.5,84,1018.3,87,13.0,-9900,-9900,0.0,0.0
2022,1,25,17,60,0.0,0.0,0.0,0.0,0.0,5,18.7,13.7,87,1018.3,85,13.0,-9900,-9900,0.0,0.0
2022,1,25,18,60,0.0,0.0,0.0,0.0,0.0,5,18.6,13.6,88,1018.2,83,13.0,-9900,-9900,0.0,0.0
2022,1,25,19,60,0.0,0.0,0.0,0.0,0.0,5,18.5,13.5,88,1018.1,82,13.0,-9900,-9900,0.0,0.0
2022,1,25,20,60,0.0,0.0,0.0,0.0,0.0,5,18.5,13.5,88,1018.0,84,13.0,-9900,-9900,0.0,0.0
2022,1,25,21,60,0.0,0.0,0.0,0.0,0.0,5,18.4,13.4,88,1018.0,86,11.1,-9900,-9900,0.0,0.0
2022,1,25,22,60,0.0,0.0,0.0,0.0,0.0,5,18.4,13.4,88,1017.9,89,11.1,-9900,-9900,0.0,0.0
2022,1,25,23,60,0.0,0.0,0.0,0.0,0.0,5,18.9,13.9,88,1018.3,79,13.0,-9900,-9900,0.0,0.0
2022,1,25,24,60,0.0,0.0,0.0,0.0,0.0,5,19.1,14.1,88,1018.7,78,13.0,-9900,-9900,0.0,0.0
2022,1,26,1,60,0.0,0.0,0.0,0.0,0.0,5,19.3,14.3,87,1019.2,77,13.0,-9900,-9900,0.0,0.0
2022,1,26,2,60,0.0,0.0,0.0,0.0,0.0,5,20.3,15.3,82,1018.8,76,14.8,-9900,-9900,0.0,0.0
2022,1,26,3,60,0.0,0.0,0.0,0.0,0.0,5,21.2,16.2,79,1018.4,76,14.8,-9900,-9900,0.0,0.0
2022,1,26,4,60,0.0,0.0,0.0,0.0,0.0,5,22.2,17.2,75,1018.0,75,16.7,-9900,-9900,0.0,0.0
2022,1,26,5,60,0.0,0.0,0.0,0.0,0.0,5,22.8,17.8,75,1017.0,79,14.8,-9900,-9900,0.0,0.0
2022,1,26,6,60,0.0,0.0,0.0,0.0,0.0,5,23.3,18.3,72,1016.2,78,14.8,-9900,-9900,0.0,0.0
2022,1,26,7,60,0.0,0.0,0.0,0.0,0.0,5,23.8,18.8,70,1015.4,77,13.0,-9900,-9900,0.0,0.0
2022,1,26,8,60,0.0,0.0,0.0,0.0,0.0,5,23.1,18.1,72,1015.6,79,13.0,-9900,-9900,0.0,0.0
2022,1,26,9,60,0.0,0.0,0.0,0.0,0.0,5,22.4,17.4,74,1015.8,81,13.0,-9900,-9900,0.0,0.0
2022,1,26,10,60,0.0,0.0,0.0,0.0,0.0,5,21.7,16.7,77,1016.0,84,13.0,-9900,-9900,0.0,0.0
2022,1,26,11,60,0.0,0.0,0.0,0.0,0.0,5,21.6,16.6,77,1016.3,63,11.1,-9900,-9900,0.0,0.0
2022,1,26,12,60,0.0,0.0,0.0,0.0,0.0,5,21.1,16.1,80,1016.7,65,9.3,-9900,-9900,0.0,0.0
2022,1,26,13,60,0.0,0.0,0.0,0.0,0.0,5,20.6,15.6,83,1017.1,67,9.3,-9900,-9900,0.0,0.0
2022,1,26,14,60,0.0,0.0,0.0,0.0,0.0,5,20.5,15.5,84,1017.1,69,7.4,-9900,-9900,0.0,0.0
2022,1,26,15,60,0.0,0.0,0.0,0.0,0.0,5,20.3,15.3,86,1017.1,71,7.4,-9900,-9900,0.0,0.0
2022,1,26,16,60,0.0,0.0,0.0,0.0,0.0,5,20.1,15.1,87,1017.1,73,7.4,-9900,-9900,0.0,0.0
2022,1,26,17,60,0.0,0.0,0.0,0.0,0.0,5,20.0,15.0,88,1017.2,189,5.5,-9900,-9900,0.0,0.0
2022,1,26,18,60,0.0,0.0,0.0,0.0,0.0,5,19.7,14.7,89,1017.3,204,5.5,-9900,-9900,0.0,0.0
2022,1,26,19,60,0.0,0.0,0.0,0.0,0.0,5,19.4,14.4,89,1017.3,214,5.5,-9900,-9900,0.0,0.0
2022,1,26,20,60,0.0,0.0,0.0,0.0,0.0,5,19.2,14.2,91,1017.3,204,3.7,-9900,-9900,0.0,0.0
2022,1,26,21,60,0.0,0.0,0.0,0.0,0.0,5,19.0,14.0,92,1017.2,191,3.7,-9900,-9900,0.0,0.0
2022,1,26,22,60,0.0,0.0,0.0,0.0,0.0,5,18.8,13.8,92,1017.2,175,3.7,-9900,-9900,0.0,0.0
2022,1,26,23,60,0.0,0.0,0.0,0.0,0.0,5,19.3,14.3,91,1018.0,211,3.7,-9900,-9900,0.0,0.0
2022,1,26,24,60,0.0,0.0,0.0,0.0,0.0,5,19.3,14.3,91,1018.4,202,3.7,-9900,-9900,0.0,0.0
2022,1,27,1,60,0.0,0.0,0.0,0.0,0.0,5,19.3,14.3,91,1018.9,195,3.7,-9900,-9900,0.0,0.0
2022,1,27,2,60,0.0,0.0,0.0,0.0,0.0,5,20.6,15.6,85,1018.6,164,5.5,-9900,-9900,0.0,0.0
2022,1,27,3,60,0.0,0.0,0.0,0.0,0.0,5,22.0,17.0,79,1018.2,26,5.5,-9900,-9900,0.0,0.0
2022,1,27,4,60,0.0,0.0,0.0,0.0,0.0,5,23.4,18.4,73,1017.9,22,5.5,-9900,-9900,0.0,0.0
2022,1,27,5,60,0.0,0.0,0.0,0.0,0.0,5,22.8,17.8,73,1017.5,357,7.4,-9900,-9900,0.0,0.0
2022,1,27,6,60,0.0,0.0,0.0,0.0,0.0,5,23.3,18.3,70,1016.7,351,7.4,-9900,-9900,0.0,0.0
2022,1,27,7,60,0.0,0.0,0.0,0.0,0.0,5,23.8,18.8,67,1016.0,345,9.3,-9900,-9900,0.0,0.0
2022,1,27,8,60,0.0,0.0,0.0,0.0,0.0,5,22.9,17.9,70,1016.3,1,9.3,-9900,-9900,0.0,0.0
2022,1,27,9,60,0.0,0.0,0.0,0.0,0.0,5,22.0,17.0,73,1016.6,15,9.3,-9900,-9900,0.0,0.0
2022,1,27,10,60,0.0,0.0,0.0,0.0,0.0,5,21.1,16.1,77,1017.0,28,9.3,-9900,-9900,0.0,0.0
2022,1,27,11,60,0.0,0.0,0.0,0.0,0.0,5,21.6,16.6,76,1017.4,70,11.1,-9900,-9900,0.0,0.0
2022,1,27,12,60,0.0,0.0,0.0,0.0,0.0,5,21.0,16.0,78,1017.9,71,11.1,-9900,-9900,0.0,0.0
2022,1,27,13,60,0.0,0.0,0.0,0.0,0.0,5,20.4,15.4,80,1018.4,73,11.1,-9900,-9900,0.0,0.0
2022,1,27,14,60,0.0,0.0,0.0,0.0,0.0,5,20.2,15.2,81,1018.5,74,11.1,-9900,-9900,0.0,0.0
2022,1,27,15,60,0.0,0.0,0.0,0.0,0.0,5,20.0,15.0,81,1018.7,75,11.1,-9900,-9900,0.0,0.0
2022,1,27,16,60,0.0,0.0,0.0,0.0,0.0,5,19.8,14.8,82,1018.9,75,9.3,-9900,-9900,0.0,0.0
2022,1,27,17,60,0.0,0.0,0.0,0.0,0.0,5,19.5,14.5,82,1018.9,76,11.1,-9900,-9900,0.0,0.0
2022,1,27,18,60,0.0,0.0,0.0,0.0,0.0,5,19.2,14.2,83,1019.0,77,11.1,-9900,-9900,0.0,0.0
2022,1,27,19,60,0.0,0.0,0.0,0.0,0.0,5,18.9,13.9,84,1019.1,77,11.1,-9900,-9900,0.0,0.0
2022,1,27,20,60,0.0,0.0,0.0,0.0,0.0,5,18.7,13.7,84,1019.0,78,11.1,-9900,-9900,0.0,0.0
2022,1,27,21,60,0.0,0.0,0.0,0.0,0.0,5,18.5,13.5,85,1018.9,78,11.1,-9900,-9900,0.0,0.0
2022,1,27,22,60,0.0,0.0,0.0,0.0,0.0,5,18.3,13.3,85,1018.8,79,11.1,-9900,-9900,0.0,0.0
2022,1,27,23,60,0.0,0.0,0.0,0.0,0.0,5,19.0,14.0,88,1018.7,86,13.0,-9900,-9900,0.0,0.0
2022,1,27,24,60,0.0,0.0,0.0,0.0,0.0,5,18.9,13.9,88,1019.2,83,14.8,-9900,-9900,0.0,0.0
2022,1,28,1,60,0.0,0.0,0.0,0.0,0.0,5,18.7,13.7,88,1019.8,80,14.8,-9900,-9900,0.0,0.0
2022,1,28,2,60,0.0,0.0,0.0,0.0,0.0,5,18.8,13.8,87,1019.5,80,14.8,-9900,-9900,0.0,0.0
2022,1,28,3,60,0.0,0.0,0.0,0.0,0.0,5,18.9,13.9,85,1019.2,80,16.7,-9900,-9900,0.0,0.0
2022,1,28,4,60,0.0,0.0,0.0,0.0,0.0,5,19.0,14.0,85,1018.9,80,16.7,-9900,-9900,0.0,0.0
2022,1,28,5,60,0.0,0.0,0.0,0.0,0.0,5,19.1,14.1,82,1018.6,82,14.8,-9900,-9900,0.0,0.0
2022,1,28,6,60,0.0,0.0,0.0,0.0,0.0,5,19.3,14.3,81,1017.6,81,16.7,-9900,-9900,0.0,0.0
2022,1,28,7,60,0.0,0.0,0.0,0.0,0.0,5,19.5,14.5,80,1016.7,80,16.7,-9900,-9900,0.0,0.0
2022,1,28,8,60,0.0,0.0,0.0,0.0,0.0,5,19.2,14.2,81,1016.7,82,16.7,-9900,-9900,0.0,0.0
2022,1,28,9,60,0.0,0.0,0.0,0.0,0.0,5,18.9,13.9,83,1016.7,84,16.7,-9900,-9900,0.0,0.0
2022,1,28,10,60,0.0,0.0,0.0,0.0,0.0,5,18.7,13.7,84,1016.7,86,14.8,-9900,-9900,0.0,0.0
2022,1,28,11,60,0.0,0.0,0.0,0.0,0.0,5,18.5,13.5,86,1017.2,81,14.8,-9900,-9900,0.0,0.0
2022,1,28,12,60,0.0,0.0,0.0,0.0,0.0,5,18.3,13.3,87,1017.4,81,14.8,-9900,-9900,0.0,0.0
2022,1,28,13,60,0.0,0.0,0.0,0.0,0.0,5,18.2,13.2,86,1017.7,80,14.8,-9900,-9900,0.0,0.0
2022,1,28,14,60,0.0,0.0,0.0,0.0,0.0,5,18.0,13.0,88,1017.6,81,14.8,-9900,-9900,0.0,0.0
2022,1,28,15,60,0.0,0.0,0.0,0.0,0.0,5,17.9,12.9,88,1017.6,81,14.8,-9900,-9900,0.0,0.0
2022,1,28,16,60,0.0,0.0,0.0,0.0,0.0,5,17.7,12.7,89,1017.5,82,13.0,-9900,-9900,0.0,0.0
2022,1,28,17,60,0.0,0.0,0.0,0.0,0.0,5,17.1,12.1,92,1017.4,87,13.0,-9900,-9900,0.0,0.0
2022,1,28,18,60,0.0,0.0,0.0,0.0,0.0,5,16.9,11.9,93,1017.0,88,13.0,-9900,-9900,0.0,0.0
2022,1,28,19,60,0.0,0.0,0.0,0.0,0.0,5,16.8,11.8,93,1016.5,89,11.1,-9900,-9900,0.0,0.0
2022,1,28,20,60,0.0,0.0,0.0,0.0,0.0,5,16.7,11.7,92,1016.2,89,11.1,-9900,-9900,0.0,0.0
2022,1,28,21,60,0.0,0.0,0.0,0.0,0.0,5,16.5,11.5,91,1015.9,89,9.3,-9900,-9900,0.0,0.0
2022,1,28,22,60,0.0,0.0,0.0,0.0,0.0,5,16.4,11.4,91,1015.6,90,9.3,-9900,-9900,0.0,0.0
2022,1,28,23,60,0.0,0.0,0.0,0.0,0.0,5,16.8,11.8,91,1015.6,108,9.3,-9900,-9900,0.0,0.0
2022,1,28,24,60,0.0,0.0,0.0,0.0,0.0,5,16.8,11.8,90,1016.2,105,9.3,-9900,-9900,0.0,0.0
2022,1,29,1,60,0.0,0.0,0.0,0.0,0.0,5,16.8,11.8,89,1016.7,100,9.3,-9900,-9900,0.0,0.0
2022,1,29,2,60,0.0,0.0,0.0,0.0,0.0,5,17.1,12.1,88,1016.5,96,9.3,-9900,-9900,0.0,0.0
2022,1,29,3,60,0.0,0.0,0.0,0.0,0.0,5,17.5,12.5,85,1016.4,91,11.1,-9900,-9900,0.0,0.0
2022,1,29,4,60,0.0,0.0,0.0,0.0,0.0,5,17.8,12.8,83,1016.2,87,13.0,-9900,-9900,0.0,0.0
2022,1,29,5,60,0.0,0.0,0.0,0.0,0.0,5,17.9,12.9,81,1015.7,87,11.1,-9900,-9900,0.0,0.0
2022,1,29,6,60,0.0,0.0,0.0,0.0,0.0,5,18.1,13.1,79,1014.8,89,11.1,-9900,-9900,0.0,0.0
2022,1,29,7,60,0.0,0.0,0.0,0.0,0.0,5,18.3,13.3,78,1013.9,91,11.1,-9900,-9900,0.0,0.0
2022,1,29,8,60,0.0,0.0,0.0,0.0,0.0,5,18.1,13.1,78,1013.8,92,11.1,-9900,-9900,0.0,0.0
2022,1,29,9,60,0.0,0.0,0.0,0.0,0.0,5,17.8,12.8,80,1013.8,93,11.1,-9900,-9900,0.0,0.0
2022,1,29,10,60,0.0,0.0,0.0,0.0,0.0,5,17.6,12.6,81,1013.7,95,11.1,-9900,-9900,0.0,0.0
2022,1,29,11,60,0.0,0.0,0.0,0.0,0.0,5,17.5,12.5,81,1013.8,84,11.1,-9900,-9900,0.0,0.0
2022,1,29,12,60,0.0,0.0,0.0,0.0,0.0,5,17.3,12.3,81,1014.1,84,11.1,-9900,-9900,0.0,0.0
2022,1,29,13,60,0.0,0.0,0.0,0.0,0.0,5,17.1,12.1,81,1014.4,85,9.3,-9900,-9900,0.0,0.0
2022,1,29,14,60,0.0,0.0,0.0,0.0,0.0,5,17.0,12.0,81,1014.6,85,7.4,-9900,-9900,0.0,0.0
2022,1,29,15,60,0.0,0.0,0.0,0.0,0.0,5,16.9,11.9,82,1014.7,84,7.4,-9900,-9900,0.0,0.0
2022,1,29,16,60,0.0,0.0,0.0,0.0,0.0,5,16.8,11.8,83,1014.8,84,7.4,-9900,-9900,0.0,0.0
2022,1,29,17,60,0.0,0.0,0.0,0.0,0.0,5,16.4,11.4,83,1014.8,78,5.5,-9900,-9900,0.0,0.0
2022,1,29,18,60,0.0,0.0,0.0,0.0,0.0,5,16.2,11.2,84,1014.7,67,5.5,-9900,-9900,0.0,0.0
2022,1,29,19,60,0.0,0.0,0.0,0.0,0.0,5,16.0,11.0,85,1014.5,7,5.5,-9900,-9900,0.0,0.0
2022,1,29,20,60,0.0,0.0,0.0,0.0,0.0,5,15.8,10.8,85,1014.6,305,3.7,-9900,-9900,0.0,0.0
2022,1,29,21,60,0.0,0.0,0.0,0.0,0.0,5,15.5,10.5,86,1014.7,274,3.7,-9900,-9900,0.0,0.0
2022,1,29,22,60,0.0,0.0,0.0,0.0,0.0,5,15.3,10.3,86,1014.8,263,3.7,-9900,-9900,0.0,0.0
2022,1,29,23,60,0.0,0.0,0.0,0.0,0.0,5,15.5,10.5,87,1015.3,153,5.5,-9900,-9900,0.0,0.0
2022,1,29,24,60,0.0,0.0,0.0,0.0,0.0,5,15.2,10.2,87,1016.2,233,5.5,-9900,-9900,0.0,0.0
2022,1,30,1,60,0.0,0.0,0.0,0.0,0.0,5,14.9,9.9,87,1017.2,246,3.7,-9900,-9900,0.0,0.0
2022,1,30,2,60,0.0,0.0,0.0,0.0,0.0,5,14.8,9.8,85,1017.8,268,5.5,-9900,-9900,0.0,0.0
2022,1,30,3,60,0.0,0.0,0.0,0.0,0.0,5,14.7,9.7,84,1018.5,287,5.5,-9900,-9900,0.0,0.0
2022,1,30,4,60,0.0,0.0,0.0,0.0,0.0,5,14.5,9.5,83,1019.2,300,5.5,-9900,-9900,0.0,0.0
2022,1,30,5,60,0.0,0.0,0.0,0.0,0.0,5,14.5,9.5,81,1019.0,304,5.5,-9900,-9900,0.0,0.0
2022,1,30,6,60,0.0,0.0,0.0,0.0,0.0,5,14.4,9.4,79,1018.9,306,5.5,-9900,-9900,0.0,0.0
2022,1,30,7,60,0.0,0.0,0.0,0.0,0.0,5,14.4,9.4,76,1018.8,309,5.5,-9900,-9900,0.0,0.0
2022,1,30,8,60,0.0,0.0,0.0,0.0,0.0,5,14.1,9.1,78,1019.2,320,5.5,-9900,-9900,0.0,0.0
2022,1,30,9,60,0.0,0.0,0.0,0.0,0.0,5,13.9,8.9,78,1019.5,337,5.5,-9900,-9900,0.0,0.0
2022,1,30,10,60,0.0,0.0,0.0,0.0,0.0,5,13.6,8.6,79,1019.9,359,5.5,-9900,-9900,0.0,0.0
2022,1,30,11,60,0.0,0.0,0.0,0.0,0.0,5,13.7,8.7,81,1021.1,162,5.5,-9900,-9900,0.0,0.0
2022,1,30,12,60,0.0,0.0,0.0,0.0,0.0,5,13.6,8.6,80,1021.7,128,5.5,-9900,-9900,0.0,0.0
2022,1,30,13,60,0.0,0.0,0.0,0.0,0.0,5,13.5,8.5,79,1022.2,111,5.5,-9900,-9900,0.0,0.0
2022,1,30,14,60,0.0,0.0,0.0,0.0,0.0,5,13.5,8.5,78,1022.4,107,5.5,-9900,-9900,0.0,0.0
2022,1,30,15,60,0.0,0.0,0.0,0.0,0.0,5,13.5,8.5,77,1022.5,104,7.4,-9900,-9900,0.0,0.0
2022,1,30,16,60,0.0,0.0,0.0,0.0,0.0,5,13.6,8.6,75,1022.7,102,7.4,-9900,-9900,0.0,0.0
2022,1,30,17,60,0.0,0.0,0.0,0.0,0.0,5,13.5,8.5,75,1022.6,102,7.4,-9900,-9900,0.0,0.0
2022,1,30,18,60,0.0,0.0,0.0,0.0,0.0,5,13.4,8.4,75,1022.3,101,7.4,-9900,-9900,0.0,0.0
2022,1,30,19,60,0.0,0.0,0.0,0.0,0.0,5,13.4,8.4,75,1022.1,100,7.4,-9900,-9900,0.0,0.0
2022,1,30,20,60,0.0,0.0,0.0,0.0,0.0,5,13.4,8.4,74,1021.9,97,7.4,-9900,-9900,0.0,0.0
2022,1,30,21,60,0.0,0.0,0.0,0.0,0.0,5,13.4,8.4,74,1021.8,95,7.4,-9900,-9900,0.0,0.0
2022,1,30,22,60,0.0,0.0,0.0,0.0,0.0,5,13.4,8.4,73,1021.6,93,7.4,-9900,-9900,0.0,0.0
2022,1,30,23,60,0.0,0.0,0.0,0.0,0.0,5,13.9,8.9,70,1022.4,88,9.3,-9900,-9900,0.0,0.0
2022,1,30,24,60,0.0,0.0,0.0,0.0,0.0,5,14.2,9.2,69,1022.8,91,11.1,-9900,-9900,0.0,0.0
2022,1,31,1,60,0.0,0.0,0.0,0.0,0.0,5,14.4,9.4,68,1023.1,94,13.0,-9900,-9900,0.0,0.0
2022,1,31,2,60,0.0,0.0,0.0,0.0,0.0,5,15.2,10.2,66,1022.7,91,14.8,-9900,-9900,0.0,0.0
2022,1,31,3,60,0.0,0.0,0.0,0.0,0.0,5,16.0,11.0,65,1022.3,88,16.7,-9900,-9900,0.0,0.0
2022,1,31,4,60,0.0,0.0,0.0,0.0,0.0,5,16.8,11.8,63,1021.9,87,18.5,-9900,-9900,0.0,0.0
2022,1,31,5,60,0.0,0.0,0.0,0.0,0.0,5,16.9,11.9,60,1021.5,86,18.5,-9900,-9900,0.0,0.0
2022,1,31,6,60,0.0,0.0,0.0,0.0,0.0,5,17.2,12.2,59,1020.7,85,18.5,-9900,-9900,0.0,0.0
2022,1,31,7,60,0.0,0.0,0.0,0.0,0.0,5,17.4,12.4,59,1020.0,84,18.5,-9900,-9900,0.0,0.0
2022,1,31,8,60,0.0,0.0,0.0,0.0,0.0,5,17.0,12.0,61,1020.2,86,18.5,-9900,-9900,0.0,0.0
2022,1,31,9,60,0.0,0.0,0.0,0.0,0.0,5,16.6,11.6,63,1020.5,89,16.7,-9900,-9900,0.0,0.0
2022,1,31,10,60,0.0,0.0,0.0,0.0,0.0,5,16.1,11.1,66,1020.8,92,14.8,-9900,-9900,0.0,0.0
2022,1,31,11,60,0.0,0.0,0.0,0.0,0.0,5,16.3,11.3,68,1021.7,90,14.8,-9900,-9900,0.0,0.0
2022,1,31,12,60,0.0,0.0,0.0,0.0,0.0,5,16.1,11.1,70,1021.9,90,13.0,-9900,-9900,0.0,0.0
2022,1,31,13,60,0.0,0.0,0.0,0.0,0.0,5,15.9,10.9,73,1022.1,91,13.0,-9900,-9900,0.0,0.0
2022,1,31,14,60,0.0,0.0,0.0,0.0,0.0,5,15.9,10.9,74,1021.8,90,13.0,-9900,-9900,0.0,0.0
2022,1,31,15,60,0.0,0.0,0.0,0.0,0.0,5,15.9,10.9,75,1021.6,90,13.0,-9900,-9900,0.0,0.0
2022,1,31,16,60,0.0,0.0,0.0,0.0,0.0,5,15.8,10.8,76,1021.3,89,13.0,-9900,-9900,0.0,0.0
2022,1,31,17,60,0.0,0.0,0.0,0.0,0.0,5,15.7,10.7,77,1020.7,87,13.0,-9900,-9900,0.0,0.0
2022,1,31,18,60,0.0,0.0,0.0,0.0,0.0,5,15.6,10.6,78,1020.3,87,13.0,-9900,-9900,0.0,0.0
2022,1,31,19,60,0.0,0.0,0.0,0.0,0.0,5,15.4,10.4,81,1019.8,88,13.0,-9900,-9900,0.0,0.0
2022,1,31,20,60,0.0,0.0,0.0,0.0,0.0,5,15.3,10.3,82,1019.9,90,11.1,-9900,-9900,0.0,0.0
2022,1,31,21,60,0.0,0.0,0.0,0.0,0.0,5,15.3,10.3,84,1020.0,93,11.1,-9900,-9900,0.0,0.0
2022,1,31,22,60,0.0,0.0,0.0,0.0,0.0,5,15.2,10.2,86,1020.1,96,9.3,-9900,-9900,0.0,0.0
2022,1,31,23,60,0.0,0.0,0.0,0.0,0.0,5,16.0,11.0,87,1020.1,92,9.3,-9900,-9900,0.0,0.0
2022,1,31,24,60,0.0,0.0,0.0,0.0,0.0,5,16.3,11.3,86,1020.2,92,9.3,-9900,-9900,0.0,0.0
2022,2,1,1,60,0.0,0.0,0.0,0.0,0.0,5,16.6,11.6,85,1020.2,93,7.4,-9900,-9900,0.0,0.0
2022,2,1,2,60,0.0,0.0,0.0,0.0,0.0,5,17.1,12.1,84,1020.1,95,9.3,-9900,-9900,0.0,0.0
2022,2,1,3,60,0.0,0.0,0.0,0.0,0.0,5,17.7,12.7,82,1020.0,98,9.3,-9900,-9900,0.0,0.0
2022,2,1,4,60,0.0,0.0,0.0,0.0,0.0,5,18.3,13.3,80,1019.9,100,9.3,-9900,-9900,0.0,0.0
2022,2,1,5,60,0.0,0.0,0.0,0.0,0.0,5,19.2,14.2,74,1018.5,90,11.1,-9900,-9900,0.0,0.0
2022,2,1,6,60,0.0,0.0,0.0,0.0,0.0,5,19.1,14.1,75,1017.8,90,9.3,-9900,-9900,0.0,0.0
2022,2,1,7,60,0.0,0.0,0.0,0.0,0.0,5,19.0,14.0,76,1017.1,92,7.4,-9900,-9900,0.0,0.0
2022,2,1,8,60,0.0,0.0,0.0,0.0,0.0,5,18.6,13.6,78,1017.6,107,7.4,-9900,-9900,0.0,0.0
2022,2,1,9,60,0.0,0.0,0.0,0.0,0.0,5,18.2,13.2,80,1018.1,125,9.3,-9900,-9900,0.0,0.0
2022,2,1,10,60,0.0,0.0,0.0,0.0,0.0,5,17.7,12.7,83,1018.6,144,11.1,-9900,-9900,0.0,0.0
2022,2,1,11,60,0.0,0.0,0.0,0.0,0.0,5,16.5,11.5,92,1019.9,126,5.5,-9900,-9900,0.0,0.0
2022,2,1,12,60,0.0,0.0,0.0,0.0,0.0,5,16.3,11.3,92,1020.3,98,7.4,-9900,-9900,0.0,0.0
2022,2,1,13,60,0.0,0.0,0.0,0.0,0.0,5,16.2,11.2,91,1020.7,88,7.4,-9900,-9900,0.0,0.0
2022,2,1,14,60,0.0,0.0,0.0,0.0,0.0,5,16.1,11.1,92,1020.9,86,9.3,-9900,-9900,0.0,0.0
2022,2,1,15,60,0.0,0.0,0.0,0.0,0.0,5,16.1,11.1,92,1021.1,85,9.3,-9900,-9900,0.0,0.0
2022,2,1,16,60,0.0,0.0,0.0,0.0,0.0,5,16.0,11.0,93,1021.2,83,9.3,-9900,-9900,0.0,0.0
2022,2,1,17,60,0.0,0.0,0.0,0.0,0.0,5,16.0,11.0,93,1020.9,84,9.3,-9900,-9900,0.0,0.0
2022,2,1,18,60,0.0,0.0,0.0,0.0,0.0,5,16.0,11.0,93,1020.7,85,7.4,-9900,-9900,0.0,0.0
2022,2,1,19,60,0.0,0.0,0.0,0.0,0.0,5,16.0,11.0,93,1020.4,87,7.4,-9900,-9900,0.0,0.0
2022,2,1,20,60,0.0,0.0,0.0,0.0,0.0,5,16.0,11.0,93,1020.2,87,7.4,-9900,-9900,0.0,0.0
2022,2,1,21,60,0.0,0.0,0.0,0.0,0.0,5,16.0,11.0,93,1020.1,86,7.4,-9900,-9900,0.0,0.0
2022,2,1,22,60,0.0,0.0,0.0,0.0,0.0,5,16.1,11.1,93,1019.9,86,7.4,-9900,-9900,0.0,0.0
2022,2,1,23,60,0.0,0.0,0.0,0.0,0.0,5,16.2,11.2,91,1021.0,107,9.3,-9900,-9900,0.0,0.0
2022,2,1,24,60,0.0,0.0,0.0,0.0,0.0,5,16.4,11.4,90,1021.2,108,7.4,-9900,-9900,0.0,0.0
2022,2,2,1,60,0.0,0.0,0.0,0.0,0.0,5,16.6,11.6,90,1021.5,108,7.4,-9900,-9900,0.0,0.0
2022,2,2,2,60,0.0,0.0,0.0,0.0,0.0,5,17.6,12.6,86,1021.3,103,7.4,-9900,-9900,0.0,0.0
2022,2,2,3,60,0.0,0.0,0.0,0.0,0.0,5,18.6,13.6,82,1021.0,96,7.4,-9900,-9900,0.0,0.0
2022,2,2,4,60,0.0,0.0,0.0,0.0,0.0,5,19.6,14.6,79,1020.8,87,7.4,-9900,-9900,0.0,0.0
2022,2,2,5,60,0.0,0.0,0.0,0.0,0.0,5,19.4,14.4,82,1019.8,86,9.3,-9900,-9900,0.0,0.0
2022,2,2,6,60,0.0,0.0,0.0,0.0,0.0,5,19.7,14.7,80,1018.8,88,9.3,-9900,-9900,0.0,0.0
2022,2,2,7,60,0.0,0.0,0.0,0.0,0.0,5,20.1,15.1,77,1017.8,90,7.4,-9900,-9900,0.0,0.0
2022,2,2,8,60,0.0,0.0,0.0,0.0,0.0,5,19.6,14.6,78,1018.0,88,7.4,-9900,-9900,0.0,0.0
2022,2,2,9,60,0.0,0.0,0.0,0.0,0.0,5,19.2,14.2,79,1018.2,85,7.4,-9900,-9900,0.0,0.0
2022,2,2,10,60,0.0,0.0,0.0,0.0,0.0,5,18.7,13.7,80,1018.4,77,7.4,-9900,-9900,0.0,0.0
2022,2,2,11,60,0.0,0.0,0.0,0.0,0.0,5,18.6,13.6,83,1019.0,96,7.4,-9900,-9900,0.0,0.0
2022,2,2,12,60,0.0,0.0,0.0,0.0,0.0,5,18.3,13.3,84,1019.3,95,7.4,-9900,-9900,0.0,0.0
2022,2,2,13,60,0.0,0.0,0.0,0.0,0.0,5,18.0,13.0,85,1019.6,94,7.4,-9900,-9900,0.0,0.0
2022,2,2,14,60,0.0,0.0,0.0,0.0,0.0,5,17.8,12.8,86,1019.6,92,7.4,-9900,-9900,0.0,0.0
2022,2,2,15,60,0.0,0.0,0.0,0.0,0.0,5,17.5,12.5,89,1019.7,88,5.5,-9900,-9900,0.0,0.0
2022,2,2,16,60,0.0,0.0,0.0,0.0,0.0,5,17.3,12.3,90,1019.8,81,5.5,-9900,-9900,0.0,0.0
2022,2,2,17,60,0.0,0.0,0.0,0.0,0.0,5,16.5,11.5,93,1019.3,91,9.3,-9900,-9900,0.0,0.0
2022,2,2,18,60,0.0,0.0,0.0,0.0,0.0,5,16.4,11.4,94,1019.1,90,7.4,-9900,-9900,0.0,0.0
2022,2,2,19,60,0.0,0.0,0.0,0.0,0.0,5,16.4,11.4,94,1018.8,88,7.4,-9900,-9900,0.0,0.0
2022,2,2,20,60,0.0,0.0,0.0,0.0,0.0,5,16.3,11.3,94,1018.5,89,5.5,-9900,-9900,0.0,0.0
2022,2,2,21,60,0.0,0.0,0.0,0.0,0.0,5,16.3,11.3,94,1018.1,91,5.5,-9900,-9900,0.0,0.0
2022,2,2,22,60,0.0,0.0,0.0,0.0,0.0,5,16.2,11.2,94,1017.8,92,5.5,-9900,-9900,0.0,0.0
2022,2,2,23,60,0.0,0.0,0.0,0.0,0.0,5,16.5,11.5,91,1018.4,133,3.7,-9900,-9900,0.0,0.0
2022,2,2,24,60,0.0,0.0,0.0,0.0,0.0,5,16.4,11.4,92,1018.8,135,5.5,-9900,-9900,0.0,0.0
2022,2,3,1,60,0.0,0.0,0.0,0.0,0.0,5,16.3,11.3,92,1019.1,136,5.5,-9900,-9900,0.0,0.0
2022,2,3,2,60,0.0,0.0,0.0,0.0,0.0,5,16.5,11.5,91,1019.3,122,5.5,-9900,-9900,0.0,0.0
2022,2,3,3,60,0.0,0.0,0.0,0.0,0.0,5,16.6,11.6,91,1019.5,109,7.4,-9900,-9900,0.0,0.0
2022,2,3,4,60,0.0,0.0,0.0,0.0,0.0,5,16.7,11.7,91,1019.6,97,7.4,-9900,-9900,0.0,0.0
2022,2,3,5,60,0.0,0.0,0.0,0.0,0.0,5,16.6,11.6,91,1018.5,118,5.5,-9900,-9900,0.0,0.0
2022,2,3,6,60,0.0,0.0,0.0,0.0,0.0,5,16.7,11.7,90,1017.7,110,5.5,-9900,-9900,0.0,0.0
2022,2,3,7,60,0.0,0.0,0.0,0.0,0.0,5,16.8,11.8,88,1016.9,105,5.5,-9900,-9900,0.0,0.0
2022,2,3,8,60,0.0,0.0,0.0,0.0,0.0,5,16.6,11.6,89,1017.2,140,5.5,-9900,-9900,0.0,0.0
2022,2,3,9,60,0.0,0.0,0.0,0.0,0.0,5,16.4,11.4,90,1017.4,193,7.4,-9900,-9900,0.0,0.0
2022,2,3,10,60,0.0,0.0,0.0,0.0,0.0,5,16.2,11.2,91,1017.7,218,7.4,-9900,-9900,0.0,0.0
2022,2,3,11,60,0.0,0.0,0.0,0.0,0.0,5,15.8,10.8,96,1018.5,290,5.5,-9900,-9900,0.0,0.0
2022,2,3,12,60,0.0,0.0,0.0,0.0,0.0,5,15.7,10.7,95,1018.8,300,5.5,-9900,-9900,0.0,0.0
2022,2,3,13,60,0.0,0.0,0.0,0.0,0.0,5,15.7,10.7,93,1019.1,317,5.5,-9900,-9900,0.0,0.0
2022,2,3,14,60,0.0,0.0,0.0,0.0,0.0,5,15.6,10.6,94,1019.2,316,5.5,-9900,-9900,0.0,0.0
2022,2,3,15,60,0.0,0.0,0.0,0.0,0.0,5,15.6,10.6,93,1019.3,314,5.5,-9900,-9900,0.0,0.0
2022,2,3,16,60,0.0,0.0,0.0,0.0,0.0,5,15.6,10.6,93,1019.4,312,5.5,-9900,-9900,0.0,0.0
2022,2,3,17,60,0.0,0.0,0.0,0.0,0.0,5,15.5,10.5,94,1019.4,59,5.5,-9900,-9900,0.0,0.0
2022,2,3,18,60,0.0,0.0,0.0,0.0,0.0,5,15.4,10.4,93,1019.3,360,5.5,-9900,-9900,0.0,0.0
2022,2,3,19,60,0.0,0.0,0.0,0.0,0.0,5,15.3,10.3,92,1019.2,322,3.7,-9900,-9900,0.0,0.0
2022,2,3,20,60,0.0,0.0,0.0,0.0,0.0,5,15.2,10.2,91,1019.3,323,3.7,-9900,-9900,0.0,0.0
2022,2,3,21,60,0.0,0.0,0.0,0.0,0.0,5,15.1,10.1,91,1019.4,100,3.7,-9900,-9900,0.0,0.0
2022,2,3,22,60,0.0,0.0,0.0,0.0,0.0,5,15.0,10.0,91,1019.5,140,3.7,-9900,-9900,0.0,0.0
2022,2,3,23,60,0.0,0.0,0.0,0.0,0.0,5,15.2,10.2,93,1019.5,157,3.7,-9900,-9900,0.0,0.0
2022,2,3,24,60,0.0,0.0,0.0,0.0,0.0,5,15.1,10.1,93,1020.2,158,3.7,-9900,-9900,0.0,0.0
2022,2,4,1,60,0.0,0.0,0.0,0.0,0.0,5,15.0,10.0,92,1020.9,160,3.7,-9900,-9900,0.0,0.0
2022,2,4,2,60,0.0,0.0,0.0,0.0,0.0,5,15.2,10.2,90,1021.4,136,5.5,-9900,-9900,0.0,0.0
2022,2,4,3,60,0.0,0.0,0.0,0.0,0.0,5,15.4,10.4,87,1021.8,93,5.5,-9900,-9900,0.0,0.0
2022,2,4,4,60,0.0,0.0,0.0,0.0,0.0,5,15.5,10.5,85,1022.3,59,7.4,-9900,-9900,0.0,0.0
2022,2,4,5,60,0.0,0.0,0.0,0.0,0.0,5,15.4,10.4,84,1021.8,57,7.4,-9900,-9900,0.0,0.0
2022,2,4,6,60,0.0,0.0,0.0,0.0,0.0,5,15.3,10.3,83,1021.3,55,7.4,-9900,-9900,0.0,0.0
2022,2,4,7,60,0.0,0.0,0.0,0.0,0.0,5,15.2,10.2,81,1020.9,54,7.4,-9900,-9900,0.0,0.0
2022,2,4,8,60,0.0,0.0,0.0,0.0,0.0,5,15.0,10.0,82,1021.3,67,7.4,-9900,-9900,0.0,0.0
2022,2,4,9,60,0.0,0.0,0.0,0.0,0.0,5,14.8,9.8,82,1021.7,81,7.4,-9900,-9900,0.0,0.0
2022,2,4,10,60,0.0,0.0,0.0,0.0,0.0,5,14.6,9.6,83,1022.1,96,7.4,-9900,-9900,0.0,0.0
2022,2,4,11,60,0.0,0.0,0.0,0.0,0.0,5,14.9,9.9,79,1022.9,74,11.1,-9900,-9900,0.0,0.0
2022,2,4,12,60,0.0,0.0,0.0,0.0,0.0,5,14.7,9.7,80,1023.5,76,11.1,-9900,-9900,0.0,0.0
2022,2,4,13,60,0.0,0.0,0.0,0.0,0.0,5,14.5,9.5,80,1024.1,78,9.3,-9900,-9900,0.0,0.0
2022,2,4,14,60,0.0,0.0,0.0,0.0,0.0,5,14.4,9.4,80,1024.3,79,9.3,-9900,-9900,0.0,0.0
2022,2,4,15,60,0.0,0.0,0.0,0.0,0.0,5,14.4,9.4,80,1024.4,79,9.3,-9900,-9900,0.0,0.0
2022,2,4,16,60,0.0,0.0,0.0,0.0,0.0,5,14.3,9.3,80,1024.5,80,11.1,-9900,-9900,0.0,0.0
2022,2,4,17,60,0.0,0.0,0.0,0.0,0.0,5,13.7,8.7,83,1024.5,88,13.0,-9900,-9900,0.0,0.0
2022,2,4,18,60,0.0,0.0,0.0,0.0,0.0,5,13.6,8.6,83,1024.4,85,13.0,-9900,-9900,0.0,0.0
2022,2,4,19,60,0.0,0.0,0.0,0.0,0.0,5,13.6,8.6,83,1024.2,81,11.1,-9900,-9900,0.0,0.0
2022,2,4,20,60,0.0,0.0,0.0,0.0,0.0,5,13.6,8.6,82,1024.2,83,11.1,-9900,-9900,0.0,0.0
2022,2,4,21,60,0.0,0.0,0.0,0.0,0.0,5,13.6,8.6,80,1024.3,85,11.1,-9900,-9900,0.0,0.0
2022,2,4,22,60,0.0,0.0,0.0,0.0,0.0,5,13.7,8.7,78,1024.3,87,11.1,-9900,-9900,0.0,0.0
2022,2,4,23,60,0.0,0.0,0.0,0.0,0.0,5,13.7,8.7,84,1024.4,96,13.0,-9900,-9900,0.0,0.0
2022,2,4,24,60,0.0,0.0,0.0,0.0,0.0,5,13.8,8.8,84,1024.8,93,13.0,-9900,-9900,0.0,0.0
2022,2,5,1,60,0.0,0.0,0.0,0.0,0.0,5,14.0,9.0,82,1025.1,90,13.0,-9900,-9900,0.0,0.0
2022,2,5,2,60,0.0,0.0,0.0,0.0,0.0,5,14.3,9.3,80,1025.4,89,13.0,-9900,-9900,0.0,0.0
2022,2,5,3,60,0.0,0.0,0.0,0.0,0.0,5,14.5,9.5,79,1025.6,88,14.8,-9900,-9900,0.0,0.0
2022,2,5,4,60,0.0,0.0,0.0,0.0,0.0,5,14.8,9.8,77,1025.8,87,16.7,-9900,-9900,0.0,0.0
2022,2,5,5,60,0.0,0.0,0.0,0.0,0.0,5,14.8,9.8,77,1025.2,83,16.7,-9900,-9900,0.0,0.0
2022,2,5,6,60,0.0,0.0,0.0,0.0,0.0,5,14.9,9.9,77,1024.5,81,16.7,-9900,-9900,0.0,0.0
2022,2,5,7,60,0.0,0.0,0.0,0.0,0.0,5,15.1,10.1,75,1023.9,80,16.7,-9900,-9900,0.0,0.0
2022,2,5,8,60,0.0,0.0,0.0,0.0,0.0,5,14.9,9.9,76,1024.1,83,16.7,-9900,-9900,0.0,0.0
2022,2,5,9,60,0.0,0.0,0.0,0.0,0.0,5,14.8,9.8,76,1024.3,86,14.8,-9900,-9900,0.0,0.0
2022,2,5,10,60,0.0,0.0,0.0,0.0,0.0,5,14.7,9.7,76,1024.5,90,14.8,-9900,-9900,0.0,0.0
2022,2,5,11,60,0.0,0.0,0.0,0.0,0.0,5,14.2,9.2,81,1025.3,88,14.8,-9900,-9900,0.0,0.0
2022,2,5,12,60,0.0,0.0,0.0,0.0,0.0,5,14.3,9.3,80,1025.6,89,14.8,-9900,-9900,0.0,0.0
2022,2,5,13,60,0.0,0.0,0.0,0.0,0.0,5,14.3,9.3,81,1026.0,90,14.8,-9900,-9900,0.0,0.0
2022,2,5,14,60,0.0,0.0,0.0,0.0,0.0,5,14.3,9.3,80,1025.9,91,14.8,-9900,-9900,0.0,0.0
2022,2,5,15,60,0.0,0.0,0.0,0.0,0.0,5,14.3,9.3,80,1025.9,91,13.0,-9900,-9900,0.0,0.0
2022,2,5,16,60,0.0,0.0,0.0,0.0,0.0,5,14.4,9.4,79,1025.9,92,13.0,-9900,-9900,0.0,0.0
2022,2,5,17,60,0.0,0.0,0.0,0.0,0.0,5,13.8,8.8,83,1025.7,98,14.8,-9900,-9900,0.0,0.0
2022,2,5,18,60,0.0,0.0,0.0,0.0,0.0,5,13.8,8.8,83,1025.4,96,14.8,-9900,-9900,0.0,0.0
2022,2,5,19,60,0.0,0.0,0.0,0.0,0.0,5,13.7,8.7,83,1025.0,93,13.0,-9900,-9900,0.0,0.0
2022,2,5,20,60,0.0,0.0,0.0,0.0,0.0,5,13.8,8.8,82,1025.0,91,13.0,-9900,-9900,0.0,0.0
2022,2,5,21,60,0.0,0.0,0.0,0.0,0.0,5,14.0,9.0,80,1025.0,89,13.0,-9900,-9900,0.0,0.0
2022,2,5,22,60,0.0,0.0,0.0,0.0,0.0,5,14.1,9.1,79,1025.0,88,13.0,-9900,-9900,0.0,0.0
2022,2,5,23,60,0.0,0.0,0.0,0.0,0.0,5,14.3,9.3,84,1025.8,92,14.8,-9900,-9900,0.0,0.0
2022,2,5,24,60,0.0,0.0,0.0,0.0,0.0,5,14.4,9.4,83,1026.2,89,14.8,-9900,-9900,0.0,0.0
2022,2,6,1,60,0.0,0.0,0.0,0.0,0.0,5,14.6,9.6,82,1026.6,86,14.8,-9900,-9900,0.0,0.0
2022,2,6,2,60,0.0,0.0,0.0,0.0,0.0,5,14.8,9.8,80,1026.4,85,16.7,-9900,-9900,0.0,0.0
2022,2,6,3,60,0.0,0.0,0.0,0.0,0.0,5,15.0,10.0,78,1026.3,84,16.7,-9900,-9900,0.0,0.0
2022,2,6,4,60,0.0,0.0,0.0,0.0,0.0,5,15.2,10.2,76,1026.1,84,18.5,-9900,-9900,0.0,0.0
2022,2,6,5,60,0.0,0.0,0.0,0.0,0.0,5,15.0,10.0,76,1025.5,84,18.5,-9900,-9900,0.0,0.0
2022,2,6,6,60,0.0,0.0,0.0,0.0,0.0,5,15.4,10.4,75,1024.5,83,18.5,-9900,-9900,0.0,0.0
2022,2,6,7,60,0.0,0.0,0.0,0.0,0.0,5,15.8,10.8,73,1023.5,81,18.5,-9900,-9900,0.0,0.0
2022,2,6,8,60,0.0,0.0,0.0,0.0,0.0,5,15.7,10.7,74,1023.3,84,18.5,-9900,-9900,0.0,0.0
2022,2,6,9,60,0.0,0.0,0.0,0.0,0.0,5,15.5,10.5,76,1023.2,88,16.7,-9900,-9900,0.0,0.0
2022,2,6,10,60,0.0,0.0,0.0,0.0,0.0,5,15.4,10.4,77,1023.1,93,16.7,-9900,-9900,0.0,0.0
2022,2,6,11,60,0.0,0.0,0.0,0.0,0.0,5,15.4,10.4,79,1023.2,89,16.7,-9900,-9900,0.0,0.0
2022,2,6,12,60,0.0,0.0,0.0,0.0,0.0,5,15.5,10.5,80,1023.3,87,14.8,-9900,-9900,0.0,0.0
2022,2,6,13,60,0.0,0.0,0.0,0.0,0.0,5,15.6,10.6,80,1023.4,86,14.8,-9900,-9900,0.0,0.0
2022,2,6,14,60,0.0,0.0,0.0,0.0,0.0,5,15.7,10.7,81,1023.1,85,14.8,-9900,-9900,0.0,0.0
2022,2,6,15,60,0.0,0.0,0.0,0.0,0.0,5,15.8,10.8,81,1022.9,83,14.8,-9900,-9900,0.0,0.0
2022,2,6,16,60,0.0,0.0,0.0,0.0,0.0,5,16.0,11.0,81,1022.6,82,16.7,-9900,-9900,0.0,0.0
2022,2,6,17,60,0.0,0.0,0.0,0.0,0.0,5,15.9,10.9,82,1021.8,84,14.8,-9900,-9900,0.0,0.0
2022,2,6,18,60,0.0,0.0,0.0,0.0,0.0,5,15.8,10.8,83,1021.0,85,13.0,-9900,-9900,0.0,0.0
2022,2,6,19,60,0.0,0.0,0.0,0.0,0.0,5,15.7,10.7,85,1020.2,88,13.0,-9900,-9900,0.0,0.0
2022,2,6,20,60,0.0,0.0,0.0,0.0,0.0,5,15.7,10.7,86,1019.5,88,13.0,-9900,-9900,0.0,0.0
2022,2,6,21,60,0.0,0.0,0.0,0.0,0.0,5,15.7,10.7,87,1018.9,88,13.0,-9900,-9900,0.0,0.0
2022,2,6,22,60,0.0,0.0,0.0,0.0,0.0,5,15.7,10.7,88,1018.2,88,13.0,-9900,-9900,0.0,0.0
2022,2,6,23,60,0.0,0.0,0.0,0.0,0.0,5,16.8,11.8,87,1018.4,92,11.1,-9900,-9900,0.0,0.0
2022,2,6,24,60,0.0,0.0,0.0,0.0,0.0,5,17.2,12.2,86,1018.3,94,9.3,-9900,-9900,0.0,0.0
2022,2,7,1,60,0.0,0.0,0.0,0.0,0.0,5,17.7,12.7,85,1018.1,96,9.3,-9900,-9900,0.0,0.0
2022,2,7,2,60,0.0,0.0,0.0,0.0,0.0,5,19.0,14.0,80,1017.5,102,7.4,-9900,-9900,0.0,0.0
2022,2,7,3,60,0.0,0.0,0.0,0.0,0.0,5,20.3,15.3,75,1016.8,113,5.5,-9900,-9900,0.0,0.0
2022,2,7,4,60,0.0,0.0,0.0,0.0,0.0,5,21.6,16.6,71,1016.1,133,5.5,-9900,-9900,0.0,0.0
2022,2,7,5,60,0.0,0.0,0.0,0.0,0.0,5,23.1,18.1,65,1014.8,109,9.3,-9900,-9900,0.0,0.0
2022,2,7,6,60,0.0,0.0,0.0,0.0,0.0,5,23.0,18.0,66,1013.6,119,7.4,-9900,-9900,0.0,0.0
2022,2,7,7,60,0.0,0.0,0.0,0.0,0.0,5,23.0,18.0,67,1012.3,148,5.5,-9900,-9900,0.0,0.0
2022,2,7,8,60,0.0,0.0,0.0,0.0,0.0,5,22.0,17.0,69,1012.8,226,5.5,-9900,-9900,0.0,0.0
2022,2,7,9,60,0.0,0.0,0.0,0.0,0.0,5,21.1,16.1,71,1013.3,255,7.4,-9900,-9900,0.0,0.0
2022,2,7,10,60,0.0,0.0,0.0,0.0,0.0,5,20.1,15.1,74,1013.8,264,7.4,-9900,-9900,0.0,0.0
2022,2,7,11,60,0.0,0.0,0.0,0.0,0.0,5,18.7,13.7,81,1015.2,258,5.5,-9900,-9900,0.0,0.0
2022,2,7,12,60,0.0,0.0,0.0,0.0,0.0,5,18.0,13.0,84,1016.2,250,5.5,-9900,-9900,0.0,0.0
2022,2,7,13,60,0.0,0.0,0.0,0.0,0.0,5,17.3,12.3,86,1017.3,242,5.5,-9900,-9900,0.0,0.0
2022,2,7,14,60,0.0,0.0,0.0,0.0,0.0,5,17.0,12.0,87,1018.0,244,5.5,-9900,-9900,0.0,0.0
2022,2,7,15,60,0.0,0.0,0.0,0.0,0.0,5,16.6,11.6,89,1018.6,246,3.7,-9900,-9900,0.0,0.0
2022,2,7,16,60,0.0,0.0,0.0,0.0,0.0,5,16.3,11.3,90,1019.3,250,3.7,-9900,-9900,0.0,0.0
2022,2,7,17,60,0.0,0.0,0.0,0.0,0.0,5,13.9,8.9,96,1020.9,249,5.5,-9900,-9900,0.0,0.0
2022,2,7,18,60,0.0,0.0,0.0,0.0,0.0,5,13.9,8.9,96,1020.5,248,5.5,-9900,-9900,0.0,0.0
2022,2,7,19,60,0.0,0.0,0.0,0.0,0.0,5,14.0,9.0,94,1020.1,246,3.7,-9900,-9900,0.0,0.0
2022,2,7,20,60,0.0,0.0,0.0,0.0,0.0,5,14.0,9.0,94,1019.9,237,5.5,-9900,-9900,0.0,0.0
2022,2,7,21,60,0.0,0.0,0.0,0.0,0.0,5,14.1,9.1,94,1019.6,114,5.5,-9900,-9900,0.0,0.0
2022,2,7,22,60,0.0,0.0,0.0,0.0,0.0,5,14.2,9.2,94,1019.4,83,5.5,-9900,-9900,0.0,0.0
2022,2,7,23,60,0.0,0.0,0.0,0.0,0.0,5,14.9,9.9,94,1020.9,110,5.5,-9900,-9900,0.0,0.0
2022,2,7,24,60,0.0,0.0,0.0,0.0,0.0,5,15.0,10.0,92,1021.4,99,5.5,-9900,-9900,0.0,0.0
2022,2,8,1,60,0.0,0.0,0.0,0.0,0.0,5,15.0,10.0,91,1021.9,91,7.4,-9900,-9900,0.0,0.0
2022,2,8,2,60,0.0,0.0,0.0,0.0,0.0,5,15.6,10.6,86,1021.9,87,9.3,-9900,-9900,0.0,0.0
2022,2,8,3,60,0.0,0.0,0.0,0.0,0.0,5,16.2,11.2,82,1021.9,84,9.3,-9900,-9900,0.0,0.0
2022,2,8,4,60,0.0,0.0,0.0,0.0,0.0,5,16.7,11.7,79,1021.9,82,11.1,-9900,-9900,0.0,0.0
2022,2,8,5,60,0.0,0.0,0.0,0.0,0.0,5,16.7,11.7,72,1021.6,75,11.1,-9900,-9900,0.0,0.0
2022,2,8,6,60,0.0,0.0,0.0,0.0,0.0,5,16.8,11.8,71,1020.9,74,11.1,-9900,-9900,0.0,0.0
2022,2,8,7,60,0.0,0.0,0.0,0.0,0.0,5,17.0,12.0,70,1020.2,74,13.0,-9900,-9900,0.0,0.0
2022,2,8,8,60,0.0,0.0,0.0,0.0,0.0,5,16.8,11.8,72,1020.2,71,13.0,-9900,-9900,0.0,0.0
2022,2,8,9,60,0.0,0.0,0.0,0.0,0.0,5,16.5,11.5,75,1020.2,69,13.0,-9900,-9900,0.0,0.0
2022,2,8,10,60,0.0,0.0,0.0,0.0,0.0,5,16.3,11.3,77,1020.2,67,13.0,-9900,-9900,0.0,0.0
2022,2,8,11,60,0.0,0.0,0.0,0.0,0.0,5,16.5,11.5,75,1020.9,79,13.0,-9900,-9900,0.0,0.0
2022,2,8,12,60,0.0,0.0,0.0,0.0,0.0,5,16.4,11.4,77,1021.1,78,13.0,-9900,-9900,0.0,0.0
2022,2,8,13,60,0.0,0.0,0.0,0.0,0.0,5,16.3,11.3,78,1021.4,78,13.0,-9900,-9900,0.0,0.0
2022,2,8,14,60,0.0,0.0,0.0,0.0,0.0,5,16.3,11.3,79,1021.4,78,13.0,-9900,-9900,0.0,0.0
2022,2,8,15,60,0.0,0.0,0.0,0.0,0.0,5,16.4,11.4,78,1021.5,78,13.0,-9900,-9900,0.0,0.0
2022,2,8,16,60,0.0,0.0,0.0,0.0,0.0,5,16.4,11.4,79,1021.5,79,13.0,-9900,-9900,0.0,0.0
2022,2,8,17,60,0.0,0.0,0.0,0.0,0.0,5,16.0,11.0,83,1021.3,90,14.8,-9900,-9900,0.0,0.0
2022,2,8,18,60,0.0,0.0,0.0,0.0,0.0,5,16.0,11.0,84,1020.9,88,13.0,-9900,-9900,0.0,0.0
2022,2,8,19,60,0.0,0.0,0.0,0.0,0.0,5,16.0,11.0,84,1020.6,86,13.0,-9900,-9900,0.0,0.0
2022,2,8,20,60,0.0,0.0,0.0,0.0,0.0,5,16.0,11.0,85,1020.4,86,13.0,-9900,-9900,0.0,0.0
2022,2,8,21,60,0.0,0.0,0.0,0.0,0.0,5,16.1,11.1,84,1020.2,86,11.1,-9900,-9900,0.0,0.0
2022,2,8,22,60,0.0,0.0,0.0,0.0,0.0,5,16.1,11.1,85,1020.0,86,11.1,-9900,-9900,0.0,0.0
2022,2,8,23,60,0.0,0.0,0.0,0.0,0.0,5,16.3,11.3,84,1020.4,85,11.1,-9900,-9900,0.0,0.0
2022,2,8,24,60,0.0,0.0,0.0,0.0,0.0,5,16.4,11.4,84,1020.7,84,11.1,-9900,-9900,0.0,0.0
2022,2,9,1,60,0.0,0.0,0.0,0.0,0.0,5,16.5,11.5,84,1021.1,83,11.1,-9900,-9900,0.0,0.0
2022,2,9,2,60,0.0,0.0,0.0,0.0,0.0,5,17.2,12.2,82,1020.7,81,13.0,-9900,-9900,0.0,0.0
2022,2,9,3,60,0.0,0.0,0.0,0.0,0.0,5,17.9,12.9,80,1020.4,78,13.0,-9900,-9900,0.0,0.0
2022,2,9,4,60,0.0,0.0,0.0,0.0,0.0,5,18.5,13.5,79,1020.0,76,14.8,-9900,-9900,0.0,0.0
2022,2,9,5,60,0.0,0.0,0.0,0.0,0.0,5,18.6,13.6,81,1019.7,88,11.1,-9900,-9900,0.0,0.0
2022,2,9,6,60,0.0,0.0,0.0,0.0,0.0,5,18.9,13.9,80,1018.7,87,11.1,-9900,-9900,0.0,0.0
2022,2,9,7,60,0.0,0.0,0.0,0.0,0.0,5,19.2,14.2,78,1017.7,86,9.3,-9900,-9900,0.0,0.0
2022,2,9,8,60,0.0,0.0,0.0,0.0,0.0,5,18.9,13.9,78,1017.8,88,9.3,-9900,-9900,0.0,0.0
2022,2,9,9,60,0.0,0.0,0.0,0.0,0.0,5,18.5,13.5,79,1017.9,93,9.3,-9900,-9900,0.0,0.0
2022,2,9,10,60,0.0,0.0,0.0,0.0,0.0,5,18.2,13.2,79,1018.0,116,9.3,-9900,-9900,0.0,0.0
2022,2,9,11,60,0.0,0.0,0.0,0.0,0.0,5,17.5,12.5,84,1018.3,81,5.5,-9900,-9900,0.0,0.0
2022,2,9,12,60,0.0,0.0,0.0,0.0,0.0,5,17.4,12.4,85,1018.6,103,5.5,-9900,-9900,0.0,0.0
2022,2,9,13,60,0.0,0.0,0.0,0.0,0.0,5,17.2,12.2,85,1018.9,117,5.5,-9900,-9900,0.0,0.0
2022,2,9,14,60,0.0,0.0,0.0,0.0,0.0,5,17.1,12.1,86,1018.9,124,5.5,-9900,-9900,0.0,0.0
2022,2,9,15,60,0.0,0.0,0.0,0.0,0.0,5,17.0,12.0,87,1018.9,140,5.5,-9900,-9900,0.0,0.0
2022,2,9,16,60,0.0,0.0,0.0,0.0,0.0,5,16.8,11.8,89,1019.0,194,5.5,-9900,-9900,0.0,0.0
2022,2,9,17,60,0.0,0.0,0.0,0.0,0.0,5,16.7,11.7,91,1018.7,119,5.5,-9900,-9900,0.0,0.0
2022,2,9,18,60,0.0,0.0,0.0,0.0,0.0,5,16.5,11.5,91,1018.7,144,5.5,-9900,-9900,0.0,0.0
2022,2,9,19,60,0.0,0.0,0.0,0.0,0.0,5,16.3,11.3,92,1018.7,233,3.7,-9900,-9900,0.0,0.0
2022,2,9,20,60,0.0,0.0,0.0,0.0,0.0,5,16.2,11.2,92,1018.8,218,3.7,-9900,-9900,0.0,0.0
2022,2,9,21,60,0.0,0.0,0.0,0.0,0.0,5,16.1,11.1,92,1019.0,205,3.7,-9900,-9900,0.0,0.0
2022,2,9,22,60,0.0,0.0,0.0,0.0,0.0,5,16.0,11.0,92,1019.2,195,3.7,-9900,-9900,0.0,0.0
2022,2,9,23,60,0.0,0.0,0.0,0.0,0.0,5,16.3,11.3,92,1019.8,154,3.7,-9900,-9900,0.0,0.0
2022,2,9,24,60,0.0,0.0,0.0,0.0,0.0,5,16.2,11.2,92,1020.3,144,3.7,-9900,-9900,0.0,0.0
2022,2,10,1,60,0.0,0.0,0.0,0.0,0.0,5,16.2,11.2,91,1020.8,133,3.7,-9900,-9900,0.0,0.0
2022,2,10,2,60,0.0,0.0,0.0,0.0,0.0,5,16.8,11.8,88,1020.6,103,5.5,-9900,-9900,0.0,0.0
2022,2,10,3,60,0.0,0.0,0.0,0.0,0.0,5,17.4,12.4,85,1020.5,87,7.4,-9900,-9900,0.0,0.0
2022,2,10,4,60,0.0,0.0,0.0,0.0,0.0,5,18.0,13.0,83,1020.3,78,7.4,-9900,-9900,0.0,0.0
2022,2,10,5,60,0.0,0.0,0.0,0.0,0.0,5,18.2,13.2,84,1019.7,71,7.4,-9900,-9900,0.0,0.0
2022,2,10,6,60,0.0,0.0,0.0,0.0,0.0,5,18.3,13.3,83,1018.9,73,9.3,-9900,-9900,0.0,0.0
2022,2,10,7,60,0.0,0.0,0.0,0.0,0.0,5,18.4,13.4,81,1018.0,74,11.1,-9900,-9900,0.0,0.0
2022,2,10,8,60,0.0,0.0,0.0,0.0,0.0,5,18.1,13.1,81,1018.1,80,11.1,-9900,-9900,0.0,0.0
2022,2,10,9,60,0.0,0.0,0.0,0.0,0.0,5,17.8,12.8,81,1018.1,85,13.0,-9900,-9900,0.0,0.0
2022,2,10,10,60,0.0,0.0,0.0,0.0,0.0,5,17.5,12.5,82,1018.2,89,14.8,-9900,-9900,0.0,0.0
2022,2,10,11,60,0.0,0.0,0.0,0.0,0.0,5,17.6,12.6,84,1018.4,82,11.1,-9900,-9900,0.0,0.0
2022,2,10,12,60,0.0,0.0,0.0,0.0,0.0,5,17.5,12.5,84,1018.7,83,13.0,-9900,-9900,0.0,0.0
2022,2,10,13,60,0.0,0.0,0.0,0.0,0.0,5,17.3,12.3,84,1019.1,84,13.0,-9900,-9900,0.0,0.0
2022,2,10,14,60,0.0,0.0,0.0,0.0,0.0,5,17.3,12.3,85,1019.0,82,13.0,-9900,-9900,0.0,0.0
2022,2,10,15,60,0.0,0.0,0.0,0.0,0.0,5,17.3,12.3,85,1018.8,80,13.0,-9900,-9900,0.0,0.0
2022,2,10,16,60,0.0,0.0,0.0,0.0,0.0,5,17.3,12.3,85,1018.7,78,13.0,-9900,-9900,0.0,0.0
2022,2,10,17,60,0.0,0.0,0.0,0.0,0.0,5,17.3,12.3,88,1018.3,82,14.8,-9900,-9900,0.0,0.0
2022,2,10,18,60,0.0,0.0,0.0,0.0,0.0,5,17.2,12.2,88,1017.9,81,14.8,-9900,-9900,0.0,0.0
2022,2,10,19,60,0.0,0.0,0.0,0.0,0.0,5,17.2,12.2,88,1017.4,80,14.8,-9900,-9900,0.0,0.0
2022,2,10,20,60,0.0,0.0,0.0,0.0,0.0,5,17.2,12.2,88,1017.4,81,13.0,-9900,-9900,0.0,0.0
2022,2,10,21,60,0.0,0.0,0.0,0.0,0.0,5,17.3,12.3,87,1017.4,83,11.1,-9900,-9900,0.0,0.0
2022,2,10,22,60,0.0,0.0,0.0,0.0,0.0,5,17.3,12.3,86,1017.4,84,11.1,-9900,-9900,0.0,0.0
2022,2,10,23,60,0.0,0.0,0.0,0.0,0.0,5,17.7,12.7,87,1017.5,83,11.1,-9900,-9900,0.0,0.0
2022,2,10,24,60,0.0,0.0,0.0,0.0,0.0,5,18.0,13.0,86,1018.0,86,9.3,-9900,-9900,0.0,0.0
2022,2,11,1,60,0.0,0.0,0.0,0.0,0.0,5,18.3,13.3,85,1018.6,88,9.3,-9900,-9900,0.0,0.0
2022,2,11,2,60,0.0,0.0,0.0,0.0,0.0,5,19.6,14.6,81,1018.4,84,11.1,-9900,-9900,0.0,0.0
2022,2,11,3,60,0.0,0.0,0.0,0.0,0.0,5,20.8,15.8,77,1018.2,81,11.1,-9900,-9900,0.0,0.0
2022,2,11,4,60,0.0,0.0,0.0,0.0,0.0,5,22.1,17.1,73,1018.0,78,11.1,-9900,-9900,0.0,0.0
2022,2,11,5,60,0.0,0.0,0.0,0.0,0.0,5,22.2,17.2,72,1017.6,71,11.1,-9900,-9900,0.0,0.0
2022,2,11,6,60,0.0,0.0,0.0,0.0,0.0,5,22.8,17.8,70,1016.7,65,11.1,-9900,-9900,0.0,0.0
2022,2,11,7,60,0.0,0.0,0.0,0.0,0.0,5,23.5,18.5,67,1015.8,56,9.3,-9900,-9900,0.0,0.0
2022,2,11,8,60,0.0,0.0,0.0,0.0,0.0,5,22.9,17.9,69,1015.8,65,9.3,-9900,-9900,0.0,0.0
2022,2,11,9,60,0.0,0.0,0.0,0.0,0.0,5,22.3,17.3,72,1015.8,72,11.1,-9900,-9900,0.0,0.0
2022,2,11,10,60,0.0,0.0,0.0,0.0,0.0,5,21.7,16.7,74,1015.8,79,11.1,-9900,-9900,0.0,0.0
2022,2,11,11,60,0.0,0.0,0.0,0.0,0.0,5,21.2,16.2,77,1016.1,79,11.1,-9900,-9900,0.0,0.0
2022,2,11,12,60,0.0,0.0,0.0,0.0,0.0,5,20.7,15.7,79,1016.5,80,9.3,-9900,-9900,0.0,0.0
2022,2,11,13,60,0.0,0.0,0.0,0.0,0.0,5,20.2,15.2,82,1016.8,82,7.4,-9900,-9900,0.0,0.0
2022,2,11,14,60,0.0,0.0,0.0,0.0,0.0,5,20.0,15.0,84,1016.8,82,7.4,-9900,-9900,0.0,0.0
2022,2,11,15,60,0.0,0.0,0.0,0.0,0.0,5,19.8,14.8,85,1016.7,82,7.4,-9900,-9900,0.0,0.0
2022,2,11,16,60,0.0,0.0,0.0,0.0,0.0,5,19.6,14.6,87,1016.6,82,7.4,-9900,-9900,0.0,0.0
2022,2,11,17,60,0.0,0.0,0.0,0.0,0.0,5,19.7,14.7,87,1016.2,209,5.5,-9900,-9900,0.0,0.0
2022,2,11,18,60,0.0,0.0,0.0,0.0,0.0,5,19.4,14.4,88,1015.9,230,5.5,-9900,-9900,0.0,0.0
2022,2,11,19,60,0.0,0.0,0.0,0.0,0.0,5,19.1,14.1,88,1015.6,241,3.7,-9900,-9900,0.0,0.0
2022,2,11,20,60,0.0,0.0,0.0,0.0,0.0,5,18.8,13.8,88,1015.7,240,3.7,-9900,-9900,0.0,0.0
2022,2,11,21,60,0.0,0.0,0.0,0.0,0.0,5,18.5,13.5,89,1015.8,239,3.7,-9900,-9900,0.0,0.0
2022,2,11,22,60,0.0,0.0,0.0,0.0,0.0,5,18.2,13.2,89,1015.9,238,3.7,-9900,-9900,0.0,0.0
2022,2,11,23,60,0.0,0.0,0.0,0.0,0.0,5,18.7,13.7,88,1016.7,206,3.7,-9900,-9900,0.0,0.0
2022,2,11,24,60,0.0,0.0,0.0,0.0,0.0,5,18.6,13.6,87,1017.4,206,5.5,-9900,-9900,0.0,0.0
2022,2,12,1,60,0.0,0.0,0.0,0.0,0.0,5,18.6,13.6,86,1018.1,205,5.5,-9900,-9900,0.0,0.0
2022,2,12,2,60,0.0,0.0,0.0,0.0,0.0,5,19.4,14.4,82,1017.9,210,5.5,-9900,-9900,0.0,0.0
2022,2,12,3,60,0.0,0.0,0.0,0.0,0.0,5,20.2,15.2,78,1017.8,229,5.5,-9900,-9900,0.0,0.0
2022,2,12,4,60,0.0,0.0,0.0,0.0,0.0,5,21.0,16.0,74,1017.7,343,5.5,-9900,-9900,0.0,0.0
2022,2,12,5,60,0.0,0.0,0.0,0.0,0.0,5,20.0,15.0,80,1017.1,25,5.5,-9900,-9900,0.0,0.0
2022,2,12,6,60,0.0,0.0,0.0,0.0,0.0,5,20.3,15.3,77,1016.5,37,5.5,-9900,-9900,0.0,0.0
2022,2,12,7,60,0.0,0.0,0.0,0.0,0.0,5,20.6,15.6,75,1015.8,44,5.5,-9900,-9900,0.0,0.0
2022,2,12,8,60,0.0,0.0,0.0,0.0,0.0,5,20.0,15.0,76,1015.9,74,7.4,-9900,-9900,0.0,0.0
2022,2,12,9,60,0.0,0.0,0.0,0.0,0.0,5,19.5,14.5,77,1016.1,87,7.4,-9900,-9900,0.0,0.0
2022,2,12,10,60,0.0,0.0,0.0,0.0,0.0,5,18.9,13.9,79,1016.2,93,7.4,-9900,-9900,0.0,0.0
2022,2,12,11,60,0.0,0.0,0.0,0.0,0.0,5,18.1,13.1,83,1016.8,48,7.4,-9900,-9900,0.0,0.0
2022,2,12,12,60,0.0,0.0,0.0,0.0,0.0,5,18.0,13.0,83,1016.9,65,7.4,-9900,-9900,0.0,0.0
2022,2,12,13,60,0.0,0.0,0.0,0.0,0.0,5,17.9,12.9,83,1017.1,79,9.3,-9900,-9900,0.0,0.0
2022,2,12,14,60,0.0,0.0,0.0,0.0,0.0,5,17.9,12.9,83,1016.9,80,7.4,-9900,-9900,0.0,0.0
2022,2,12,15,60,0.0,0.0,0.0,0.0,0.0,5,17.9,12.9,84,1016.7,81,7.4,-9900,-9900,0.0,0.0
2022,2,12,16,60,0.0,0.0,0.0,0.0,0.0,5,17.9,12.9,84,1016.6,82,7.4,-9900,-9900,0.0,0.0
2022,2,12,17,60,0.0,0.0,0.0,0.0,0.0,5,18.3,13.3,83,1016.5,90,11.1,-9900,-9900,0.0,0.0
2022,2,12,18,60,0.0,0.0,0.0,0.0,0.0,5,18.1,13.1,84,1016.1,90,9.3,-9900,-9900,0.0,0.0
2022,2,12,19,60,0.0,0.0,0.0,0.0,0.0,5,17.9,12.9,85,1015.8,90,9.3,-9900,-9900,0.0,0.0
2022,2,12,20,60,0.0,0.0,0.0,0.0,0.0,5,17.8,12.8,86,1015.4,92,9.3,-9900,-9900,0.0,0.0
2022,2,12,21,60,0.0,0.0,0.0,0.0,0.0,5,17.7,12.7,86,1015.1,95,7.4,-9900,-9900,0.0,0.0
2022,2,12,22,60,0.0,0.0,0.0,0.0,0.0,5,17.6,12.6,87,1014.7,98,7.4,-9900,-9900,0.0,0.0
2022,2,12,23,60,0.0,0.0,0.0,0.0,0.0,5,18.0,13.0,86,1015.2,90,7.4,-9900,-9900,0.0,0.0
2022,2,12,24,60,0.0,0.0,0.0,0.0,0.0,5,18.2,13.2,85,1015.4,87,9.3,-9900,-9900,0.0,0.0
2022,2,13,1,60,0.0,0.0,0.0,0.0,0.0,5,18.3,13.3,85,1015.6,85,9.3,-9900,-9900,0.0,0.0
2022,2,13,2,60,0.0,0.0,0.0,0.0,0.0,5,18.8,13.8,83,1015.3,82,11.1,-9900,-9900,0.0,0.0
2022,2,13,3,60,0.0,0.0,0.0,0.0,0.0,5,19.3,14.3,81,1015.1,79,11.1,-9900,-9900,0.0,0.0
2022,2,13,4,60,0.0,0.0,0.0,0.0,0.0,5,19.8,14.8,80,1014.8,78,13.0,-9900,-9900,0.0,0.0
2022,2,13,5,60,0.0,0.0,0.0,0.0,0.0,5,19.9,14.9,78,1014.4,80,11.1,-9900,-9900,0.0,0.0
2022,2,13,6,60,0.0,0.0,0.0,0.0,0.0,5,19.9,14.9,78,1013.5,83,11.1,-9900,-9900,0.0,0.0
2022,2,13,7,60,0.0,0.0,0.0,0.0,0.0,5,19.9,14.9,78,1012.6,86,11.1,-9900,-9900,0.0,0.0
2022,2,13,8,60,0.0,0.0,0.0,0.0,0.0,5,19.3,14.3,80,1013.0,88,11.1,-9900,-9900,0.0,0.0
2022,2,13,9,60,0.0,0.0,0.0,0.0,0.0,5,18.7,13.7,82,1013.4,92,9.3,-9900,-9900,0.0,0.0
2022,2,13,10,60,0.0,0.0,0.0,0.0,0.0,5,18.0,13.0,85,1013.9,113,7.4,-9900,-9900,0.0,0.0
2022,2,13,11,60,0.0,0.0,0.0,0.0,0.0,5,18.1,13.1,85,1014.5,67,7.4,-9900,-9900,0.0,0.0
2022,2,13,12,60,0.0,0.0,0.0,0.0,0.0,5,17.4,12.4,87,1015.2,78,5.5,-9900,-9900,0.0,0.0
2022,2,13,13,60,0.0,0.0,0.0,0.0,0.0,5,16.7,11.7,89,1015.9,96,5.5,-9900,-9900,0.0,0.0
2022,2,13,14,60,0.0,0.0,0.0,0.0,0.0,5,16.5,11.5,90,1016.2,90,5.5,-9900,-9900,0.0,0.0
2022,2,13,15,60,0.0,0.0,0.0,0.0,0.0,5,16.3,11.3,91,1016.6,70,5.5,-9900,-9900,0.0,0.0
2022,2,13,16,60,0.0,0.0,0.0,0.0,0.0,5,16.0,11.0,92,1017.0,329,5.5,-9900,-9900,0.0,0.0
2022,2,13,17,60,0.0,0.0,0.0,0.0,0.0,5,16.2,11.2,90,1016.8,91,5.5,-9900,-9900,0.0,0.0
2022,2,13,18,60,0.0,0.0,0.0,0.0,0.0,5,15.9,10.9,90,1016.6,101,5.5,-9900,-9900,0.0,0.0
2022,2,13,19,60,0.0,0.0,0.0,0.0,0.0,5,15.5,10.5,91,1016.4,235,5.5,-9900,-9900,0.0,0.0
2022,2,13,20,60,0.0,0.0,0.0,0.0,0.0,5,15.2,10.2,93,1016.5,234,5.5,-9900,-9900,0.0,0.0
2022,2,13,21,60,0.0,0.0,0.0,0.0,0.0,5,15.0,10.0,94,1016.6,233,3.7,-9900,-9900,0.0,0.0
2022,2,13,22,60,0.0,0.0,0.0,0.0,0.0,5,14.7,9.7,96,1016.7,232,3.7,-9900,-9900,0.0,0.0
2022,2,13,23,60,0.0,0.0,0.0,0.0,0.0,5,14.7,9.7,94,1017.4,204,3.7,-9900,-9900,0.0,0.0
2022,2,13,24,60,0.0,0.0,0.0,0.0,0.0,5,14.6,9.6,93,1018.2,165,3.7,-9900,-9900,0.0,0.0
2022,2,14,1,60,0.0,0.0,0.0,0.0,0.0,5,14.5,9.5,91,1018.9,138,5.5,-9900,-9900,0.0,0.0
2022,2,14,2,60,0.0,0.0,0.0,0.0,0.0,5,14.8,9.8,89,1019.1,90,5.5,-9900,-9900,0.0,0.0
2022,2,14,3,60,0.0,0.0,0.0,0.0,0.0,5,15.0,10.0,87,1019.4,67,5.5,-9900,-9900,0.0,0.0
2022,2,14,4,60,0.0,0.0,0.0,0.0,0.0,5,15.3,10.3,85,1019.6,57,7.4,-9900,-9900,0.0,0.0
2022,2,14,5,60,0.0,0.0,0.0,0.0,0.0,5,15.9,10.9,81,1019.1,19,5.5,-9900,-9900,0.0,0.0
2022,2,14,6,60,0.0,0.0,0.0,0.0,0.0,5,15.9,10.9,79,1018.7,33,5.5,-9900,-9900,0.0,0.0
2022,2,14,7,60,0.0,0.0,0.0,0.0,0.0,5,15.9,10.9,77,1018.4,47,5.5,-9900,-9900,0.0,0.0
2022,2,14,8,60,0.0,0.0,0.0,0.0,0.0,5,15.7,10.7,77,1018.4,79,7.4,-9900,-9900,0.0,0.0
2022,2,14,9,60,0.0,0.0,0.0,0.0,0.0,5,15.6,10.6,77,1018.5,90,9.3,-9900,-9900,0.0,0.0
2022,2,14,10,60,0.0,0.0,0.0,0.0,0.0,5,15.4,10.4,77,1018.5,95,11.1,-9900,-9900,0.0,0.0
2022,2,14,11,60,0.0,0.0,0.0,0.0,0.0,5,15.0,10.0,82,1019.5,101,11.1,-9900,-9900,0.0,0.0
2022,2,14,12,60,0.0,0.0,0.0,0.0,0.0,5,15.1,10.1,80,1019.7,98,11.1,-9900,-9900,0.0,0.0
2022,2,14,13,60,0.0,0.0,0.0,0.0,0.0,5,15.2,10.2,79,1020.0,96,11.1,-9900,-9900,0.0,0.0
2022,2,14,14,60,0.0,0.0,0.0,0.0,0.0,5,15.3,10.3,78,1020.0,96,11.1,-9900,-9900,0.0,0.0
2022,2,14,15,60,0.0,0.0,0.0,0.0,0.0,5,15.4,10.4,77,1020.0,97,11.1,-9900,-9900,0.0,0.0
2022,2,14,16,60,0.0,0.0,0.0,0.0,0.0,5,15.5,10.5,76,1020.0,98,11.1,-9900,-9900,0.0,0.0
2022,2,14,17,60,0.0,0.0,0.0,0.0,0.0,5,15.7,10.7,74,1019.4,100,13.0,-9900,-9900,0.0,0.0
2022,2,14,18,60,0.0,0.0,0.0,0.0,0.0,5,15.6,10.6,74,1019.2,97,13.0,-9900,-9900,0.0,0.0
2022,2,14,19,60,0.0,0.0,0.0,0.0,0.0,5,15.6,10.6,74,1019.1,95,11.1,-9900,-9900,0.0,0.0
2022,2,14,20,60,0.0,0.0,0.0,0.0,0.0,5,15.5,10.5,75,1019.1,95,11.1,-9900,-9900,0.0,0.0
2022,2,14,21,60,0.0,0.0,0.0,0.0,0.0,5,15.5,10.5,75,1019.1,95,9.3,-9900,-9900,0.0,0.0
2022,2,14,22,60,0.0,0.0,0.0,0.0,0.0,5,15.4,10.4,76,1019.1,95,9.3,-9900,-9900,0.0,0.0
2022,2,14,23,60,0.0,0.0,0.0,0.0,0.0,5,16.2,11.2,67,1019.4,88,13.0,-9900,-9900,0.0,0.0
2022,2,14,24,60,0.0,0.0,0.0,0.0,0.0,5,16.3,11.3,67,1019.9,89,13.0,-9900,-9900,0.0,0.0
2022,2,15,1,60,0.0,0.0,0.0,0.0,0.0,5,16.4,11.4,67,1020.4,90,13.0,-9900,-9900,0.0,0.0
2022,2,15,2,60,0.0,0.0,0.0,0.0,0.0,5,16.8,11.8,68,1020.1,89,13.0,-9900,-9900,0.0,0.0
2022,2,15,3,60,0.0,0.0,0.0,0.0,0.0,5,17.2,12.2,68,1019.9,88,14.8,-9900,-9900,0.0,0.0
2022,2,15,4,60,0.0,0.0,0.0,0.0,0.0,5,17.6,12.6,69,1019.7,88,14.8,-9900,-9900,0.0,0.0
2022,2,15,5,60,0.0,0.0,0.0,0.0,0.0,5,18.0,13.0,65,1019.0,79,14.8,-9900,-9900,0.0,0.0
2022,2,15,6,60,0.0,0.0,0.0,0.0,0.0,5,18.1,13.1,65,1018.0,81,14.8,-9900,-9900,0.0,0.0
2022,2,15,7,60,0.0,0.0,0.0,0.0,0.0,5,18.2,13.2,65,1017.0,83,14.8,-9900,-9900,0.0,0.0
2022,2,15,8,60,0.0,0.0,0.0,0.0,0.0,5,17.8,12.8,66,1017.0,85,13.0,-9900,-9900,0.0,0.0
2022,2,15,9,60,0.0,0.0,0.0,0.0,0.0,5,17.4,12.4,67,1017.0,88,13.0,-9900,-9900,0.0,0.0
2022,2,15,10,60,0.0,0.0,0.0,0.0,0.0,5,17.0,12.0,69,1017.0,92,11.1,-9900,-9900,0.0,0.0
2022,2,15,11,60,0.0,0.0,0.0,0.0,0.0,5,17.0,12.0,74,1017.3,93,11.1,-9900,-9900,0.0,0.0
2022,2,15,12,60,0.0,0.0,0.0,0.0,0.0,5,16.7,11.7,75,1017.8,96,11.1,-9900,-9900,0.0,0.0
2022,2,15,13,60,0.0,0.0,0.0,0.0,0.0,5,16.4,11.4,76,1018.3,98,9.3,-9900,-9900,0.0,0.0
2022,2,15,14,60,0.0,0.0,0.0,0.0,0.0,5,16.3,11.3,77,1018.4,97,11.1,-9900,-9900,0.0,0.0
2022,2,15,15,60,0.0,0.0,0.0,0.0,0.0,5,16.2,11.2,78,1018.5,96,11.1,-9900,-9900,0.0,0.0
2022,2,15,16,60,0.0,0.0,0.0,0.0,0.0,5,16.1,11.1,79,1018.6,94,11.1,-9900,-9900,0.0,0.0
2022,2,15,17,60,0.0,0.0,0.0,0.0,0.0,5,15.6,10.6,87,1018.1,96,11.1,-9900,-9900,0.0,0.0
2022,2,15,18,60,0.0,0.0,0.0,0.0,0.0,5,15.5,10.5,87,1017.9,94,9.3,-9900,-9900,0.0,0.0
2022,2,15,19,60,0.0,0.0,0.0,0.0,0.0,5,15.4,10.4,87,1017.7,92,9.3,-9900,-9900,0.0,0.0
2022,2,15,20,60,0.0,0.0,0.0,0.0,0.0,5,15.3,10.3,87,1017.7,96,7.4,-9900,-9900,0.0,0.0
2022,2,15,21,60,0.0,0.0,0.0,0.0,0.0,5,15.3,10.3,86,1017.6,100,7.4,-9900,-9900,0.0,0.0
2022,2,15,22,60,0.0,0.0,0.0,0.0,0.0,5,15.2,10.2,85,1017.5,106,5.5,-9900,-9900,0.0,0.0
2022,2,15,23,60,0.0,0.0,0.0,0.0,0.0,5,16.0,11.0,87,1018.1,103,5.5,-9900,-9900,0.0,0.0
2022,2,15,24,60,0.0,0.0,0.0,0.0,0.0,5,16.1,11.1,86,1018.5,101,5.5,-9900,-9900,0.0,0.0
2022,2,16,1,60,0.0,0.0,0.0,0.0,0.0,5,16.2,11.2,85,1019.0,100,7.4,-9900,-9900,0.0,0.0
2022,2,16,2,60,0.0,0.0,0.0,0.0,0.0,5,16.7,11.7,81,1019.0,90,9.3,-9900,-9900,0.0,0.0
2022,2,16,3,60,0.0,0.0,0.0,0.0,0.0,5,17.1,12.1,78,1019.0,85,11.1,-9900,-9900,0.0,0.0
2022,2,16,4,60,0.0,0.0,0.0,0.0,0.0,5,17.5,12.5,75,1019.0,81,13.0,-9900,-9900,0.0,0.0
2022,2,16,5,60,0.0,0.0,0.0,0.0,0.0,5,17.9,12.9,76,1018.5,73,9.3,-9900,-9900,0.0,0.0
2022,2,16,6,60,0.0,0.0,0.0,0.0,0.0,5,17.8,12.8,75,1017.7,72,11.1,-9900,-9900,0.0,0.0
2022,2,16,7,60,0.0,0.0,0.0,0.0,0.0,5,17.8,12.8,74,1016.9,71,14.8,-9900,-9900,0.0,0.0
2022,2,16,8,60,0.0,0.0,0.0,0.0,0.0,5,17.5,12.5,74,1016.9,74,14.8,-9900,-9900,0.0,0.0
2022,2,16,9,60,0.0,0.0,0.0,0.0,0.0,5,17.2,12.2,74,1016.9,77,14.8,-9900,-9900,0.0,0.0
2022,2,16,10,60,0.0,0.0,0.0,0.0,0.0,5,16.9,11.9,75,1016.9,80,14.8,-9900,-9900,0.0,0.0
2022,2,16,11,60,0.0,0.0,0.0,0.0,0.0,5,16.7,11.7,76,1017.3,79,14.8,-9900,-9900,0.0,0.0
2022,2,16,12,60,0.0,0.0,0.0,0.0,0.0,5,16.5,11.5,77,1017.7,79,14.8,-9900,-9900,0.0,0.0
2022,2,16,13,60,0.0,0.0,0.0,0.0,0.0,5,16.3,11.3,78,1018.1,78,14.8,-9900,-9900,0.0,0.0
2022,2,16,14,60,0.0,0.0,0.0,0.0,0.0,5,16.2,11.2,79,1018.1,81,14.8,-9900,-9900,0.0,0.0
2022,2,16,15,60,0.0,0.0,0.0,0.0,0.0,5,16.1,11.1,80,1018.1,85,13.0,-9900,-9900,0.0,0.0
2022,2,16,16,60,0.0,0.0,0.0,0.0,0.0,5,16.1,11.1,81,1018.0,88,13.0,-9900,-9900,0.0,0.0
2022,2,16,17,60,0.0,0.0,0.0,0.0,0.0,5,16.3,11.3,81,1017.4,91,16.7,-9900,-9900,0.0,0.0
2022,2,16,18,60,0.0,0.0,0.0,0.0,0.0,5,16.2,11.2,82,1017.2,88,16.7,-9900,-9900,0.0,0.0
2022,2,16,19,60,0.0,0.0,0.0,0.0,0.0,5,16.1,11.1,82,1016.9,85,16.7,-9900,-9900,0.0,0.0
2022,2,16,20,60,0.0,0.0,0.0,0.0,0.0,5,16.0,11.0,84,1016.7,86,14.8,-9900,-9900,0.0,0.0
2022,2,16,21,60,0.0,0.0,0.0,0.0,0.0,5,15.9,10.9,84,1016.5,87,14.8,-9900,-9900,0.0,0.0
2022,2,16,22,60,0.0,0.0,0.0,0.0,0.0,5,15.9,10.9,84,1016.3,87,13.0,-9900,-9900,0.0,0.0
2022,2,16,23,60,0.0,0.0,0.0,0.0,0.0,5,16.5,11.5,86,1016.7,82,14.8,-9900,-9900,0.0,0.0
2022,2,16,24,60,0.0,0.0,0.0,0.0,0.0,5,16.6,11.6,86,1017.0,82,14.8,-9900,-9900,0.0,0.0
2022,2,17,1,60,0.0,0.0,0.0,0.0,0.0,5,16.8,11.8,85,1017.3,81,14.8,-9900,-9900,0.0,0.0
2022,2,17,2,60,0.0,0.0,0.0,0.0,0.0,5,17.1,12.1,84,1017.1,82,14.8,-9900,-9900,0.0,0.0
2022,2,17,3,60,0.0,0.0,0.0,0.0,0.0,5,17.4,12.4,83,1017.0,84,16.7,-9900,-9900,0.0,0.0
2022,2,17,4,60,0.0,0.0,0.0,0.0,0.0,5,17.7,12.7,83,1016.9,85,16.7,-9900,-9900,0.0,0.0
2022,2,17,5,60,0.0,0.0,0.0,0.0,0.0,5,18.4,13.4,85,1016.1,86,16.7,-9900,-9900,0.0,0.0
2022,2,17,6,60,0.0,0.0,0.0,0.0,0.0,5,18.5,13.5,83,1015.3,86,16.7,-9900,-9900,0.0,0.0
2022,2,17,7,60,0.0,0.0,0.0,0.0,0.0,5,18.6,13.6,82,1014.6,85,16.7,-9900,-9900,0.0,0.0
2022,2,17,8,60,0.0,0.0,0.0,0.0,0.0,5,18.3,13.3,82,1014.7,86,14.8,-9900,-9900,0.0,0.0
2022,2,17,9,60,0.0,0.0,0.0,0.0,0.0,5,18.0,13.0,81,1014.9,89,13.0,-9900,-9900,0.0,0.0
2022,2,17,10,60,0.0,0.0,0.0,0.0,0.0,5,17.7,12.7,81,1015.0,93,11.1,-9900,-9900,0.0,0.0
2022,2,17,11,60,0.0,0.0,0.0,0.0,0.0,5,17.4,12.4,85,1016.9,68,9.3,-9900,-9900,0.0,0.0
2022,2,17,12,60,0.0,0.0,0.0,0.0,0.0,5,17.2,12.2,84,1017.2,70,9.3,-9900,-9900,0.0,0.0
2022,2,17,13,60,0.0,0.0,0.0,0.0,0.0,5,16.9,11.9,85,1017.6,73,11.1,-9900,-9900,0.0,0.0
2022,2,17,14,60,0.0,0.0,0.0,0.0,0.0,5,16.8,11.8,86,1017.5,71,9.3,-9900,-9900,0.0,0.0
2022,2,17,15,60,0.0,0.0,0.0,0.0,0.0,5,16.6,11.6,87,1017.5,70,9.3,-9900,-9900,0.0,0.0
2022,2,17,16,60,0.0,0.0,0.0,0.0,0.0,5,16.5,11.5,88,1017.4,69,9.3,-9900,-9900,0.0,0.0
2022,2,17,17,60,0.0,0.0,0.0,0.0,0.0,5,16.1,11.1,86,1017.4,85,13.0,-9900,-9900,0.0,0.0
2022,2,17,18,60,0.0,0.0,0.0,0.0,0.0,5,16.0,11.0,87,1017.2,82,11.1,-9900,-9900,0.0,0.0
2022,2,17,19,60,0.0,0.0,0.0,0.0,0.0,5,15.8,10.8,89,1017.1,78,9.3,-9900,-9900,0.0,0.0
2022,2,17,20,60,0.0,0.0,0.0,0.0,0.0,5,15.7,10.7,90,1017.1,80,9.3,-9900,-9900,0.0,0.0
2022,2,17,21,60,0.0,0.0,0.0,0.0,0.0,5,15.6,10.6,90,1017.0,83,7.4,-9900,-9900,0.0,0.0
2022,2,17,22,60,0.0,0.0,0.0,0.0,0.0,5,15.5,10.5,91,1016.9,87,5.5,-9900,-9900,0.0,0.0
2022,2,17,23,60,0.0,0.0,0.0,0.0,0.0,5,16.2,11.2,90,1018.1,110,7.4,-9900,-9900,0.0,0.0
2022,2,17,24,60,0.0,0.0,0.0,0.0,0.0,5,16.4,11.4,89,1018.3,106,7.4,-9900,-9900,0.0,0.0
2022,2,18,1,60,0.0,0.0,0.0,0.0,0.0,5,16.5,11.5,88,1018.6,101,5.5,-9900,-9900,0.0,0.0
2022,2,18,2,60,0.0,0.0,0.0,0.0,0.0,5,17.3,12.3,86,1018.2,97,7.4,-9900,-9900,0.0,0.0
2022,2,18,3,60,0.0,0.0,0.0,0.0,0.0,5,18.0,13.0,85,1017.8,94,7.4,-9900,-9900,0.0,0.0
2022,2,18,4,60,0.0,0.0,0.0,0.0,0.0,5,18.8,13.8,83,1017.4,91,9.3,-9900,-9900,0.0,0.0
2022,2,18,5,60,0.0,0.0,0.0,0.0,0.0,5,18.9,13.9,80,1016.8,90,11.1,-9900,-9900,0.0,0.0
2022,2,18,6,60,0.0,0.0,0.0,0.0,0.0,5,19.1,14.1,79,1015.7,89,11.1,-9900,-9900,0.0,0.0
2022,2,18,7,60,0.0,0.0,0.0,0.0,0.0,5,19.4,14.4,77,1014.6,88,9.3,-9900,-9900,0.0,0.0
2022,2,18,8,60,0.0,0.0,0.0,0.0,0.0,5,19.1,14.1,79,1014.6,93,7.4,-9900,-9900,0.0,0.0
2022,2,18,9,60,0.0,0.0,0.0,0.0,0.0,5,18.8,13.8,81,1014.5,105,7.4,-9900,-9900,0.0,0.0
2022,2,18,10,60,0.0,0.0,0.0,0.0,0.0,5,18.5,13.5,82,1014.4,159,5.5,-9900,-9900,0.0,0.0
2022,2,18,11,60,0.0,0.0,0.0,0.0,0.0,5,17.5,12.5,90,1015.2,261,5.5,-9900,-9900,0.0,0.0
2022,2,18,12,60,0.0,0.0,0.0,0.0,0.0,5,17.4,12.4,90,1015.5,260,5.5,-9900,-9900,0.0,0.0
2022,2,18,13,60,0.0,0.0,0.0,0.0,0.0,5,17.3,12.3,89,1015.9,258,5.5,-9900,-9900,0.0,0.0
2022,2,18,14,60,0.0,0.0,0.0,0.0,0.0,5,17.2,12.2,90,1015.8,259,5.5,-9900,-9900,0.0,0.0
2022,2,18,15,60,0.0,0.0,0.0,0.0,0.0,5,17.0,12.0,93,1015.8,260,5.5,-9900,-9900,0.0,0.0
2022,2,18,16,60,0.0,0.0,0.0,0.0,0.0,5,16.9,11.9,94,1015.8,263,3.7,-9900,-9900,0.0,0.0
2022,2,18,17,60,0.0,0.0,0.0,0.0,0.0,5,16.7,11.7,93,1015.9,267,5.5,-9900,-9900,0.0,0.0
2022,2,18,18,60,0.0,0.0,0.0,0.0,0.0,5,16.5,11.5,93,1016.0,270,5.5,-9900,-9900,0.0,0.0
2022,2,18,19,60,0.0,0.0,0.0,0.0,0.0,5,16.3,11.3,93,1016.2,272,5.5,-9900,-9900,0.0,0.0
2022,2,18,20,60,0.0,0.0,0.0,0.0,0.0,5,16.1,11.1,93,1016.3,275,5.5,-9900,-9900,0.0,0.0
2022,2,18,21,60,0.0,0.0,0.0,0.0,0.0,5,15.9,10.9,94,1016.4,283,5.5,-9900,-9900,0.0,0.0
2022,2,18,22,60,0.0,0.0,0.0,0.0,0.0,5,15.7,10.7,94,1016.5,330,5.5,-9900,-9900,0.0,0.0
2022,2,18,23,60,0.0,0.0,0.0,0.0,0.0,5,16.2,11.2,93,1017.7,176,5.5,-9900,-9900,0.0,0.0
2022,2,18,24,60,0.0,0.0,0.0,0.0,0.0,5,16.0,11.0,92,1018.3,164,5.5,-9900,-9900,0.0,0.0
2022,2,19,1,60,0.0,0.0,0.0,0.0,0.0,5,15.7,10.7,92,1018.9,148,5.5,-9900,-9900,0.0,0.0
2022,2,19,2,60,0.0,0.0,0.0,0.0,0.0,5,15.7,10.7,91,1019.2,112,5.5,-9900,-9900,0.0,0.0
2022,2,19,3,60,0.0,0.0,0.0,0.0,0.0,5,15.7,10.7,90,1019.4,81,5.5,-9900,-9900,0.0,0.0
2022,2,19,4,60,0.0,0.0,0.0,0.0,0.0,5,15.7,10.7,89,1019.7,63,5.5,-9900,-9900,0.0,0.0
2022,2,19,5,60,0.0,0.0,0.0,0.0,0.0,5,16.0,11.0,93,1018.8,40,5.5,-9900,-9900,0.0,0.0
2022,2,19,6,60,0.0,0.0,0.0,0.0,0.0,5,15.7,10.7,91,1018.4,60,5.5,-9900,-9900,0.0,0.0
2022,2,19,7,60,0.0,0.0,0.0,0.0,0.0,5,15.4,10.4,89,1018.0,68,5.5,-9900,-9900,0.0,0.0
2022,2,19,8,60,0.0,0.0,0.0,0.0,0.0,5,15.1,10.1,88,1018.5,66,7.4,-9900,-9900,0.0,0.0
2022,2,19,9,60,0.0,0.0,0.0,0.0,0.0,5,14.8,9.8,87,1019.0,64,7.4,-9900,-9900,0.0,0.0
2022,2,19,10,60,0.0,0.0,0.0,0.0,0.0,5,14.6,9.6,86,1019.4,62,7.4,-9900,-9900,0.0,0.0
2022,2,19,11,60,0.0,0.0,0.0,0.0,0.0,5,14.7,9.7,87,1020.5,87,11.1,-9900,-9900,0.0,0.0
2022,2,19,12,60,0.0,0.0,0.0,0.0,0.0,5,14.2,9.2,87,1021.3,88,9.3,-9900,-9900,0.0,0.0
2022,2,19,13,60,0.0,0.0,0.0,0.0,0.0,5,13.8,8.8,87,1022.1,88,9.3,-9900,-9900,0.0,0.0
2022,2,19,14,60,0.0,0.0,0.0,0.0,0.0,5,13.5,8.5,88,1022.4,85,9.3,-9900,-9900,0.0,0.0
2022,2,19,15,60,0.0,0.0,0.0,0.0,0.0,5,13.3,8.3,88,1022.7,82,9.3,-9900,-9900,0.0,0.0
2022,2,19,16,60,0.0,0.0,0.0,0.0,0.0,5,13.1,8.1,88,1023.0,79,9.3,-9900,-9900,0.0,0.0
2022,2,19,17,60,0.0,0.0,0.0,0.0,0.0,5,12.8,7.8,89,1022.6,82,13.0,-9900,-9900,0.0,0.0
2022,2,19,18,60,0.0,0.0,0.0,0.0,0.0,5,12.4,7.4,90,1022.7,83,11.1,-9900,-9900,0.0,0.0
2022,2,19,19,60,0.0,0.0,0.0,0.0,0.0,5,12.0,7.0,91,1022.9,84,11.1,-9900,-9900,0.0,0.0
2022,2,19,20,60,0.0,0.0,0.0,0.0,0.0,5,11.8,6.8,90,1023.1,83,9.3,-9900,-9900,0.0,0.0
2022,2,19,21,60,0.0,0.0,0.0,0.0,0.0,5,11.6,6.6,89,1023.4,82,9.3,-9900,-9900,0.0,0.0
2022,2,19,22,60,0.0,0.0,0.0,0.0,0.0,5,11.4,6.4,88,1023.6,81,9.3,-9900,-9900,0.0,0.0
2022,2,19,23,60,0.0,0.0,0.0,0.0,0.0,5,11.7,6.7,86,1024.4,87,11.1,-9900,-9900,0.0,0.0
2022,2,19,24,60,0.0,0.0,0.0,0.0,0.0,5,11.5,6.5,86,1025.3,87,11.1,-9900,-9900,0.0,0.0
2022,2,20,1,60,0.0,0.0,0.0,0.0,0.0,5,11.3,6.3,85,1026.1,88,13.0,-9900,-9900,0.0,0.0
2022,2,20,2,60,0.0,0.0,0.0,0.0,0.0,5,10.9,5.9,86,1026.3,86,13.0,-9900,-9900,0.0,0.0
2022,2,20,3,60,0.0,0.0,0.0,0.0,0.0,5,10.5,5.5,87,1026.6,85,13.0,-9900,-9900,0.0,0.0
2022,2,20,4,60,0.0,0.0,0.0,0.0,0.0,5,10.1,5.1,88,1026.8,83,14.8,-9900,-9900,0.0,0.0
2022,2,20,5,60,0.0,0.0,0.0,0.0,0.0,5,10.3,5.3,83,1026.3,87,14.8,-9900,-9900,0.0,0.0
2022,2,20,6,60,0.0,0.0,0.0,0.0,0.0,5,10.2,5.2,83,1025.6,88,14.8,-9900,-9900,0.0,0.0
2022,2,20,7,60,0.0,0.0,0.0,0.0,0.0,5,10.2,5.2,83,1024.9,89,14.8,-9900,-9900,0.0,0.0
2022,2,20,8,60,0.0,0.0,0.0,0.0,0.0,5,10.3,5.3,85,1024.9,89,14.8,-9900,-9900,0.0,0.0
2022,2,20,9,60,0.0,0.0,0.0,0.0,0.0,5,10.4,5.4,85,1025.0,89,14.8,-9900,-9900,0.0,0.0
2022,2,20,10,60,0.0,0.0,0.0,0.0,0.0,5,10.5,5.5,86,1025.0,88,14.8,-9900,-9900,0.0,0.0
2022,2,20,11,60,0.0,0.0,0.0,0.0,0.0,5,10.9,5.9,86,1025.0,81,13.0,-9900,-9900,0.0,0.0
2022,2,20,12,60,0.0,0.0,0.0,0.0,0.0,5,10.8,5.8,86,1025.4,83,13.0,-9900,-9900,0.0,0.0
2022,2,20,13,60,0.0,0.0,0.0,0.0,0.0,5,10.8,5.8,86,1025.8,86,13.0,-9900,-9900,0.0,0.0
2022,2,20,14,60,0.0,0.0,0.0,0.0,0.0,5,10.8,5.8,87,1025.8,88,13.0,-9900,-9900,0.0,0.0
2022,2,20,15,60,0.0,0.0,0.0,0.0,0.0,5,10.8,5.8,88,1025.8,91,13.0,-9900,-9900,0.0,0.0
2022,2,20,16,60,0.0,0.0,0.0,0.0,0.0,5,10.8,5.8,88,1025.9,93,13.0,-9900,-9900,0.0,0.0
2022,2,20,17,60,0.0,0.0,0.0,0.0,0.0,5,10.5,5.5,90,1025.7,90,14.8,-9900,-9900,0.0,0.0
2022,2,20,18,60,0.0,0.0,0.0,0.0,0.0,5,10.5,5.5,90,1025.3,89,14.8,-9900,-9900,0.0,0.0
2022,2,20,19,60,0.0,0.0,0.0,0.0,0.0,5,10.6,5.6,90,1024.8,87,14.8,-9900,-9900,0.0,0.0
2022,2,20,20,60,0.0,0.0,0.0,0.0,0.0,5,10.6,5.6,91,1024.6,87,13.0,-9900,-9900,0.0,0.0
2022,2,20,21,60,0.0,0.0,0.0,0.0,0.0,5,10.7,5.7,91,1024.4,86,13.0,-9900,-9900,0.0,0.0
2022,2,20,22,60,0.0,0.0,0.0,0.0,0.0,5,10.7,5.7,92,1024.2,86,13.0,-9900,-9900,0.0,0.0
2022,2,20,23,60,0.0,0.0,0.0,0.0,0.0,5,11.1,6.1,92,1024.8,84,13.0,-9900,-9900,0.0,0.0
2022,2,20,24,60,0.0,0.0,0.0,0.0,0.0,5,11.3,6.3,92,1025.1,83,13.0,-9900,-9900,0.0,0.0
2022,2,21,1,60,0.0,0.0,0.0,0.0,0.0,5,11.4,6.4,91,1025.4,83,14.8,-9900,-9900,0.0,0.0
2022,2,21,2,60,0.0,0.0,0.0,0.0,0.0,5,11.6,6.6,91,1025.3,85,14.8,-9900,-9900,0.0,0.0
2022,2,21,3,60,0.0,0.0,0.0,0.0,0.0,5,11.8,6.8,91,1025.2,86,16.7,-9900,-9900,0.0,0.0
2022,2,21,4,60,0.0,0.0,0.0,0.0,0.0,5,12.1,7.1,89,1025.1,88,16.7,-9900,-9900,0.0,0.0
2022,2,21,5,60,0.0,0.0,0.0,0.0,0.0,5,12.5,7.5,88,1024.2,87,16.7,-9900,-9900,0.0,0.0
2022,2,21,6,60,0.0,0.0,0.0,0.0,0.0,5,12.8,7.8,87,1023.4,87,16.7,-9900,-9900,0.0,0.0
2022,2,21,7,60,0.0,0.0,0.0,0.0,0.0,5,13.2,8.2,85,1022.6,87,16.7,-9900,-9900,0.0,0.0
2022,2,21,8,60,0.0,0.0,0.0,0.0,0.0,5,13.5,8.5,85,1022.6,87,14.8,-9900,-9900,0.0,0.0
2022,2,21,9,60,0.0,0.0,0.0,0.0,0.0,5,13.7,8.7,85,1022.7,88,14.8,-9900,-9900,0.0,0.0
2022,2,21,10,60,0.0,0.0,0.0,0.0,0.0,5,13.9,8.9,85,1022.7,88,14.8,-9900,-9900,0.0,0.0
2022,2,21,11,60,0.0,0.0,0.0,0.0,0.0,5,14.0,9.0,89,1022.5,89,13.0,-9900,-9900,0.0,0.0
2022,2,21,12,60,0.0,0.0,0.0,0.0,0.0,5,13.9,8.9,90,1023.0,88,13.0,-9900,-9900,0.0,0.0
2022,2,21,13,60,0.0,0.0,0.0,0.0,0.0,5,13.9,8.9,90,1023.5,86,13.0,-9900,-9900,0.0,0.0
2022,2,21,14,60,0.0,0.0,0.0,0.0,0.0,5,13.9,8.9,90,1023.7,88,13.0,-9900,-9900,0.0,0.0
2022,2,21,15,60,0.0,0.0,0.0,0.0,0.0,5,14.0,9.0,90,1023.9,89,13.0,-9900,-9900,0.0,0.0
2022,2,21,16,60,0.0,0.0,0.0,0.0,0.0,5,14.0,9.0,91,1024.0,91,13.0,-9900,-9900,0.0,0.0
2022,2,21,17,60,0.0,0.0,0.0,0.0,0.0,5,14.8,9.8,94,1023.9,87,14.8,-9900,-9900,0.0,0.0
2022,2,21,18,60,0.0,0.0,0.0,0.0,0.0,5,14.6,9.6,95,1023.6,85,13.0,-9900,-9900,0.0,0.0
2022,2,21,19,60,0.0,0.0,0.0,0.0,0.0,5,14.4,9.4,96,1023.2,83,11.1,-9900,-9900,0.0,0.0
2022,2,21,20,60,0.0,0.0,0.0,0.0,0.0,5,14.2,9.2,97,1023.0,84,11.1,-9900,-9900,0.0,0.0
2022,2,21,21,60,0.0,0.0,0.0,0.0,0.0,5,14.1,9.1,97,1022.8,85,11.1,-9900,-9900,0.0,0.0
2022,2,21,22,60,0.0,0.0,0.0,0.0,0.0,5,14.0,9.0,97,1022.6,86,11.1,-9900,-9900,0.0,0.0
2022,2,21,23,60,0.0,0.0,0.0,0.0,0.0,5,14.5,9.5,94,1023.2,86,13.0,-9900,-9900,0.0,0.0
2022,2,21,24,60,0.0,0.0,0.0,0.0,0.0,5,14.6,9.6,94,1023.5,85,14.8,-9900,-9900,0.0,0.0
2022,2,22,1,60,0.0,0.0,0.0,0.0,0.0,5,14.7,9.7,94,1023.7,84,14.8,-9900,-9900,0.0,0.0
2022,2,22,2,60,0.0,0.0,0.0,0.0,0.0,5,15.0,10.0,93,1023.7,86,14.8,-9900,-9900,0.0,0.0
2022,2,22,3,60,0.0,0.0,0.0,0.0,0.0,5,15.2,10.2,92,1023.7,87,14.8,-9900,-9900,0.0,0.0
2022,2,22,4,60,0.0,0.0,0.0,0.0,0.0,5,15.5,10.5,90,1023.6,88,14.8,-9900,-9900,0.0,0.0
2022,2,22,5,60,0.0,0.0,0.0,0.0,0.0,5,16.0,11.0,89,1023.4,89,16.7,-9900,-9900,0.0,0.0
2022,2,22,6,60,0.0,0.0,0.0,0.0,0.0,5,16.0,11.0,88,1022.5,91,14.8,-9900,-9900,0.0,0.0
2022,2,22,7,60,0.0,0.0,0.0,0.0,0.0,5,16.0,11.0,88,1021.6,93,14.8,-9900,-9900,0.0,0.0
2022,2,22,8,60,0.0,0.0,0.0,0.0,0.0,5,15.9,10.9,89,1021.6,91,13.0,-9900,-9900,0.0,0.0
2022,2,22,9,60,0.0,0.0,0.0,0.0,0.0,5,15.8,10.8,89,1021.6,88,13.0,-9900,-9900,0.0,0.0
2022,2,22,10,60,0.0,0.0,0.0,0.0,0.0,5,15.7,10.7,90,1021.6,84,13.0,-9900,-9900,0.0,0.0
2022,2,22,11,60,0.0,0.0,0.0,0.0,0.0,5,15.7,10.7,93,1022.5,84,14.8,-9900,-9900,0.0,0.0
2022,2,22,12,60,0.0,0.0,0.0,0.0,0.0,5,15.6,10.6,93,1022.6,83,13.0,-9900,-9900,0.0,0.0
2022,2,22,13,60,0.0,0.0,0.0,0.0,0.0,5,15.5,10.5,94,1022.7,82,13.0,-9900,-9900,0.0,0.0
2022,2,22,14,60,0.0,0.0,0.0,0.0,0.0,5,15.4,10.4,94,1022.7,83,13.0,-9900,-9900,0.0,0.0
2022,2,22,15,60,0.0,0.0,0.0,0.0,0.0,5,15.4,10.4,94,1022.6,83,11.1,-9900,-9900,0.0,0.0
2022,2,22,16,60,0.0,0.0,0.0,0.0,0.0,5,15.3,10.3,94,1022.5,84,11.1,-9900,-9900,0.0,0.0
2022,2,22,17,60,0.0,0.0,0.0,0.0,0.0,5,14.9,9.9,96,1022.2,84,13.0,-9900,-9900,0.0,0.0
2022,2,22,18,60,0.0,0.0,0.0,0.0,0.0,5,14.6,9.6,97,1022.1,85,11.1,-9900,-9900,0.0,0.0
2022,2,22,19,60,0.0,0.0,0.0,0.0,0.0,5,14.4,9.4,97,1021.9,86,9.3,-9900,-9900,0.0,0.0
2022,2,22,20,60,0.0,0.0,0.0,0.0,0.0,5,14.2,9.2,97,1022.2,83,7.4,-9900,-9900,0.0,0.0
2022,2,22,21,60,0.0,0.0,0.0,0.0,0.0,5,14.0,9.0,98,1022.5,80,7.4,-9900,-9900,0.0,0.0
2022,2,22,22,60,0.0,0.0,0.0,0.0,0.0,5,13.8,8.8,98,1022.8,75,7.4,-9900,-9900,0.0,0.0
2022,2,22,23,60,0.0,0.0,0.0,0.0,0.0,5,13.9,8.9,94,1023.5,93,9.3,-9900,-9900,0.0,0.0
2022,2,22,24,60,0.0,0.0,0.0,0.0,0.0,5,13.9,8.9,94,1024.2,95,7.4,-9900,-9900,0.0,0.0
2022,2,23,1,60,0.0,0.0,0.0,0.0,0.0,5,13.9,8.9,94,1024.9,97,7.4,-9900,-9900,0.0,0.0
2022,2,23,2,60,0.0,0.0,0.0,0.0,0.0,5,13.8,8.8,92,1025.1,91,7.4,-9900,-9900,0.0,0.0
2022,2,23,3,60,0.0,0.0,0.0,0.0,0.0,5,13.6,8.6,91,1025.4,85,9.3,-9900,-9900,0.0,0.0
2022,2,23,4,60,0.0,0.0,0.0,0.0,0.0,5,13.5,8.5,90,1025.6,80,9.3,-9900,-9900,0.0,0.0
2022,2,23,5,60,0.0,0.0,0.0,0.0,0.0,5,13.6,8.6,87,1025.7,84,7.4,-9900,-9900,0.0,0.0
2022,2,23,6,60,0.0,0.0,0.0,0.0,0.0,5,13.5,8.5,86,1025.0,85,7.4,-9900,-9900,0.0,0.0
2022,2,23,7,60,0.0,0.0,0.0,0.0,0.0,5,13.5,8.5,85,1024.2,86,9.3,-9900,-9900,0.0,0.0
2022,2,23,8,60,0.0,0.0,0.0,0.0,0.0,5,13.3,8.3,86,1024.5,85,7.4,-9900,-9900,0.0,0.0
2022,2,23,9,60,0.0,0.0,0.0,0.0,0.0,5,13.2,8.2,87,1024.8,83,7.4,-9900,-9900,0.0,0.0
2022,2,23,10,60,0.0,0.0,0.0,0.0,0.0,5,13.1,8.1,88,1025.0,82,7.4,-9900,-9900,0.0,0.0
2022,2,23,11,60,0.0,0.0,0.0,0.0,0.0,5,13.1,8.1,89,1025.4,89,7.4,-9900,-9900,0.0,0.0
2022,2,23,12,60,0.0,0.0,0.0,0.0,0.0,5,13.0,8.0,88,1026.0,88,7.4,-9900,-9900,0.0,0.0
2022,2,23,13,60,0.0,0.0,0.0,0.0,0.0,5,12.9,7.9,88,1026.6,87,7.4,-9900,-9900,0.0,0.0
2022,2,23,14,60,0.0,0.0,0.0,0.0,0.0,5,12.8,7.8,88,1026.9,83,7.4,-9900,-9900,0.0,0.0
2022,2,23,15,60,0.0,0.0,0.0,0.0,0.0,5,12.8,7.8,88,1027.2,79,7.4,-9900,-9900,0.0,0.0
2022,2,23,16,60,0.0,0.0,0.0,0.0,0.0,5,12.7,7.7,88,1027.5,74,7.4,-9900,-9900,0.0,0.0
2022,2,23,17,60,0.0,0.0,0.0,0.0,0.0,5,12.7,7.7,87,1027.3,78,7.4,-9900,-9900,0.0,0.0
2022,2,23,18,60,0.0,0.0,0.0,0.0,0.0,5,12.6,7.6,87,1027.0,81,7.4,-9900,-9900,0.0,0.0
2022,2,23,19,60,0.0,0.0,0.0,0.0,0.0,5,12.5,7.5,87,1026.8,84,7.4,-9900,-9900,0.0,0.0
2022,2,23,20,60,0.0,0.0,0.0,0.0,0.0,5,12.5,7.5,87,1026.7,85,7.4,-9900,-9900,0.0,0.0
2022,2,23,21,60,0.0,0.0,0.0,0.0,0.0,5,12.4,7.4,88,1026.7,85,7.4,-9900,-9900,0.0,0.0
2022,2,23,22,60,0.0,0.0,0.0,0.0,0.0,5,12.3,7.3,88,1026.6,85,7.4,-9900,-9900,0.0,0.0
2022,2,23,23,60,0.0,0.0,0.0,0.0,0.0,5,13.0,8.0,84,1027.0,91,13.0,-9900,-9900,0.0,0.0
2022,2,23,24,60,0.0,0.0,0.0,0.0,0.0,5,13.1,8.1,83,1027.5,90,13.0,-9900,-9900,0.0,0.0
2022,2,24,1,60,0.0,0.0,0.0,0.0,0.0,5,13.2,8.2,83,1028.0,89,13.0,-9900,-9900,0.0,0.0
2022,2,24,2,60,0.0,0.0,0.0,0.0,0.0,5,13.7,8.7,80,1027.8,87,14.8,-9900,-9900,0.0,0.0
2022,2,24,3,60,0.0,0.0,0.0,0.0,0.0,5,14.2,9.2,77,1027.6,84,14.8,-9900,-9900,0.0,0.0
2022,2,24,4,60,0.0,0.0,0.0,0.0,0.0,5,14.7,9.7,74,1027.4,82,16.7,-9900,-9900,0.0,0.0
2022,2,24,5,60,0.0,0.0,0.0,0.0,0.0,5,15.2,10.2,72,1027.2,83,16.7,-9900,-9900,0.0,0.0
2022,2,24,6,60,0.0,0.0,0.0,0.0,0.0,5,15.2,10.2,72,1026.3,82,16.7,-9900,-9900,0.0,0.0
2022,2,24,7,60,0.0,0.0,0.0,0.0,0.0,5,15.2,10.2,72,1025.5,81,16.7,-9900,-9900,0.0,0.0
2022,2,24,8,60,0.0,0.0,0.0,0.0,0.0,5,15.0,10.0,72,1025.6,83,16.7,-9900,-9900,0.0,0.0
2022,2,24,9,60,0.0,0.0,0.0,0.0,0.0,5,14.7,9.7,73,1025.8,85,14.8,-9900,-9900,0.0,0.0
2022,2,24,10,60,0.0,0.0,0.0,0.0,0.0,5,14.4,9.4,74,1025.9,88,14.8,-9900,-9900,0.0,0.0
2022,2,24,11,60,0.0,0.0,0.0,0.0,0.0,5,14.0,9.0,79,1026.2,88,14.8,-9900,-9900,0.0,0.0
2022,2,24,12,60,0.0,0.0,0.0,0.0,0.0,5,13.9,8.9,79,1026.6,89,13.0,-9900,-9900,0.0,0.0
2022,2,24,13,60,0.0,0.0,0.0,0.0,0.0,5,13.9,8.9,79,1027.1,89,13.0,-9900,-9900,0.0,0.0
2022,2,24,14,60,0.0,0.0,0.0,0.0,0.0,5,14.0,9.0,78,1027.0,90,13.0,-9900,-9900,0.0,0.0
2022,2,24,15,60,0.0,0.0,0.0,0.0,0.0,5,14.0,9.0,79,1026.9,90,13.0,-9900,-9900,0.0,0.0
2022,2,24,16,60,0.0,0.0,0.0,0.0,0.0,5,14.1,9.1,78,1026.8,90,13.0,-9900,-9900,0.0,0.0
2022,2,24,17,60,0.0,0.0,0.0,0.0,0.0,5,13.6,8.6,83,1026.3,90,13.0,-9900,-9900,0.0,0.0
2022,2,24,18,60,0.0,0.0,0.0,0.0,0.0,5,13.7,8.7,83,1025.8,89,13.0,-9900,-9900,0.0,0.0
2022,2,24,19,60,0.0,0.0,0.0,0.0,0.0,5,13.9,8.9,82,1025.3,88,13.0,-9900,-9900,0.0,0.0
2022,2,24,20,60,0.0,0.0,0.0,0.0,0.0,5,14.0,9.0,83,1025.1,88,11.1,-9900,-9900,0.0,0.0
2022,2,24,21,60,0.0,0.0,0.0,0.0,0.0,5,14.1,9.1,83,1025.0,88,11.1,-9900,-9900,0.0,0.0
2022,2,24,22,60,0.0,0.0,0.0,0.0,0.0,5,14.2,9.2,84,1024.8,88,9.3,-9900,-9900,0.0,0.0
2022,2,24,23,60,0.0,0.0,0.0,0.0,0.0,5,14.4,9.4,80,1024.9,95,13.0,-9900,-9900,0.0,0.0
2022,2,24,24,60,0.0,0.0,0.0,0.0,0.0,5,14.7,9.7,79,1025.3,96,11.1,-9900,-9900,0.0,0.0
2022,2,25,1,60,0.0,0.0,0.0,0.0,0.0,5,14.9,9.9,79,1025.7,97,11.1,-9900,-9900,0.0,0.0
2022,2,25,2,60,0.0,0.0,0.0,0.0,0.0,5,15.8,10.8,76,1025.5,93,13.0,-9900,-9900,0.0,0.0
2022,2,25,3,60,0.0,0.0,0.0,0.0,0.0,5,16.6,11.6,74,1025.3,89,13.0,-9900,-9900,0.0,0.0
2022,2,25,4,60,0.0,0.0,0.0,0.0,0.0,5,17.5,12.5,72,1025.0,85,14.8,-9900,-9900,0.0,0.0
2022,2,25,5,60,0.0,0.0,0.0,0.0,0.0,5,17.8,12.8,72,1024.5,87,14.8,-9900,-9900,0.0,0.0
2022,2,25,6,60,0.0,0.0,0.0,0.0,0.0,5,17.9,12.9,71,1023.5,87,14.8,-9900,-9900,0.0,0.0
2022,2,25,7,60,0.0,0.0,0.0,0.0,0.0,5,18.1,13.1,71,1022.5,87,13.0,-9900,-9900,0.0,0.0
2022,2,25,8,60,0.0,0.0,0.0,0.0,0.0,5,17.8,12.8,73,1022.3,89,13.0,-9900,-9900,0.0,0.0
2022,2,25,9,60,0.0,0.0,0.0,0.0,0.0,5,17.6,12.6,75,1022.2,91,13.0,-9900,-9900,0.0,0.0
2022,2,25,10,60,0.0,0.0,0.0,0.0,0.0,5,17.3,12.3,77,1022.1,94,11.1,-9900,-9900,0.0,0.0
2022,2,25,11,60,0.0,0.0,0.0,0.0,0.0,5,18.0,13.0,78,1022.3,90,11.1,-9900,-9900,0.0,0.0
2022,2,25,12,60,0.0,0.0,0.0,0.0,0.0,5,17.7,12.7,80,1022.6,91,11.1,-9900,-9900,0.0,0.0
2022,2,25,13,60,0.0,0.0,0.0,0.0,0.0,5,17.4,12.4,82,1022.9,93,9.3,-9900,-9900,0.0,0.0
2022,2,25,14,60,0.0,0.0,0.0,0.0,0.0,5,17.3,12.3,83,1022.7,93,9.3,-9900,-9900,0.0,0.0
2022,2,25,15,60,0.0,0.0,0.0,0.0,0.0,5,17.1,12.1,85,1022.4,91,7.4,-9900,-9900,0.0,0.0
2022,2,25,16,60,0.0,0.0,0.0,0.0,0.0,5,17.0,12.0,86,1022.2,90,7.4,-9900,-9900,0.0,0.0
2022,2,25,17,60,0.0,0.0,0.0,0.0,0.0,5,16.7,11.7,93,1022.2,95,9.3,-9900,-9900,0.0,0.0
2022,2,25,18,60,0.0,0.0,0.0,0.0,0.0,5,16.5,11.5,93,1021.8,102,7.4,-9900,-9900,0.0,0.0
2022,2,25,19,60,0.0,0.0,0.0,0.0,0.0,5,16.3,11.3,94,1021.4,125,5.5,-9900,-9900,0.0,0.0
2022,2,25,20,60,0.0,0.0,0.0,0.0,0.0,5,16.0,11.0,95,1021.3,157,3.7,-9900,-9900,0.0,0.0
2022,2,25,21,60,0.0,0.0,0.0,0.0,0.0,5,15.8,10.8,96,1021.2,188,3.7,-9900,-9900,0.0,0.0
2022,2,25,22,60,0.0,0.0,0.0,0.0,0.0,5,15.6,10.6,96,1021.1,207,3.7,-9900,-9900,0.0,0.0
2022,2,25,23,60,0.0,0.0,0.0,0.0,0.0,5,15.5,10.5,91,1021.8,227,3.7,-9900,-9900,0.0,0.0
2022,2,25,24,60,0.0,0.0,0.0,0.0,0.0,5,15.9,10.9,90,1022.4,232,3.7,-9900,-9900,0.0,0.0
2022,2,26,1,60,0.0,0.0,0.0,0.0,0.0,5,16.4,11.4,89,1022.9,236,3.7,-9900,-9900,0.0,0.0
2022,2,26,2,60,0.0,0.0,0.0,0.0,0.0,5,17.8,12.8,81,1022.7,282,3.7,-9900,-9900,0.0,0.0
2022,2,26,3,60,0.0,0.0,0.0,0.0,0.0,5,19.1,14.1,75,1022.4,326,5.5,-9900,-9900,0.0,0.0
2022,2,26,4,60,0.0,0.0,0.0,0.0,0.0,5,20.4,15.4,69,1022.2,344,5.5,-9900,-9900,0.0,0.0
2022,2,26,5,60,0.0,0.0,0.0,0.0,0.0,5,20.8,15.8,68,1021.1,342,5.5,-9900,-9900,0.0,0.0
2022,2,26,6,60,0.0,0.0,0.0,0.0,0.0,5,21.1,16.1,66,1020.1,341,7.4,-9900,-9900,0.0,0.0
2022,2,26,7,60,0.0,0.0,0.0,0.0,0.0,5,21.5,16.5,65,1019.0,340,7.4,-9900,-9900,0.0,0.0
2022,2,26,8,60,0.0,0.0,0.0,0.0,0.0,5,20.8,15.8,67,1019.1,348,7.4,-9900,-9900,0.0,0.0
2022,2,26,9,60,0.0,0.0,0.0,0.0,0.0,5,20.2,15.2,68,1019.2,359,7.4,-9900,-9900,0.0,0.0
2022,2,26,10,60,0.0,0.0,0.0,0.0,0.0,5,19.5,14.5,70,1019.2,10,7.4,-9900,-9900,0.0,0.0
2022,2,26,11,60,0.0,0.0,0.0,0.0,0.0,5,19.4,14.4,75,1019.9,344,5.5,-9900,-9900,0.0,0.0
2022,2,26,12,60,0.0,0.0,0.0,0.0,0.0,5,18.9,13.9,78,1020.3,1,5.5,-9900,-9900,0.0,0.0
2022,2,26,13,60,0.0,0.0,0.0,0.0,0.0,5,18.3,13.3,81,1020.8,35,5.5,-9900,-9900,0.0,0.0
2022,2,26,14,60,0.0,0.0,0.0,0.0,0.0,5,18.0,13.0,83,1021.0,49,5.5,-9900,-9900,0.0,0.0
2022,2,26,15,60,0.0,0.0,0.0,0.0,0.0,5,17.7,12.7,84,1021.2,66,5.5,-9900,-9900,0.0,0.0
2022,2,26,16,60,0.0,0.0,0.0,0.0,0.0,5,17.4,12.4,85,1021.4,85,5.5,-9900,-9900,0.0,0.0
2022,2,26,17,60,0.0,0.0,0.0,0.0,0.0,5,17.7,12.7,84,1021.1,34,5.5,-9900,-9900,0.0,0.0
2022,2,26,18,60,0.0,0.0,0.0,0.0,0.0,5,17.4,12.4,85,1020.9,47,5.5,-9900,-9900,0.0,0.0
2022,2,26,19,60,0.0,0.0,0.0,0.0,0.0,5,17.1,12.1,86,1020.7,62,5.5,-9900,-9900,0.0,0.0
2022,2,26,20,60,0.0,0.0,0.0,0.0,0.0,5,16.9,11.9,85,1020.8,84,5.5,-9900,-9900,0.0,0.0
2022,2,26,21,60,0.0,0.0,0.0,0.0,0.0,5,16.7,11.7,85,1020.9,92,5.5,-9900,-9900,0.0,0.0
2022,2,26,22,60,0.0,0.0,0.0,0.0,0.0,5,16.4,11.4,86,1021.0,97,7.4,-9900,-9900,0.0,0.0
2022,2,26,23,60,0.0,0.0,0.0,0.0,0.0,5,16.6,11.6,89,1021.1,105,7.4,-9900,-9900,0.0,0.0
2022,2,26,24,60,0.0,0.0,0.0,0.0,0.0,5,17.1,12.1,85,1021.6,100,9.3,-9900,-9900,0.0,0.0
2022,2,27,1,60,0.0,0.0,0.0,0.0,0.0,5,17.6,12.6,81,1022.1,95,9.3,-9900,-9900,0.0,0.0
2022,2,27,2,60,0.0,0.0,0.0,0.0,0.0,5,18.6,13.6,75,1022.0,88,13.0,-9900,-9900,0.0,0.0
2022,2,27,3,60,0.0,0.0,0.0,0.0,0.0,5,19.6,14.6,69,1021.9,84,14.8,-9900,-9900,0.0,0.0
2022,2,27,4,60,0.0,0.0,0.0,0.0,0.0,5,20.6,15.6,63,1021.7,80,16.7,-9900,-9900,0.0,0.0
2022,2,27,5,60,0.0,0.0,0.0,0.0,0.0,5,21.5,16.5,57,1021.3,86,16.7,-9900,-9900,0.0,0.0
2022,2,27,6,60,0.0,0.0,0.0,0.0,0.0,5,21.6,16.6,57,1020.4,84,16.7,-9900,-9900,0.0,0.0
2022,2,27,7,60,0.0,0.0,0.0,0.0,0.0,5,21.6,16.6,57,1019.4,82,18.5,-9900,-9900,0.0,0.0
2022,2,27,8,60,0.0,0.0,0.0,0.0,0.0,5,21.0,16.0,59,1019.3,84,16.7,-9900,-9900,0.0,0.0
2022,2,27,9,60,0.0,0.0,0.0,0.0,0.0,5,20.4,15.4,62,1019.2,86,16.7,-9900,-9900,0.0,0.0
2022,2,27,10,60,0.0,0.0,0.0,0.0,0.0,5,19.8,14.8,64,1019.1,88,16.7,-9900,-9900,0.0,0.0
2022,2,27,11,60,0.0,0.0,0.0,0.0,0.0,5,19.7,14.7,64,1019.6,92,16.7,-9900,-9900,0.0,0.0
2022,2,27,12,60,0.0,0.0,0.0,0.0,0.0,5,19.4,14.4,68,1019.9,90,14.8,-9900,-9900,0.0,0.0
2022,2,27,13,60,0.0,0.0,0.0,0.0,0.0,5,19.2,14.2,72,1020.2,89,13.0,-9900,-9900,0.0,0.0
2022,2,27,14,60,0.0,0.0,0.0,0.0,0.0,5,19.2,14.2,73,1020.0,88,11.1,-9900,-9900,0.0,0.0
2022,2,27,15,60,0.0,0.0,0.0,0.0,0.0,5,19.2,14.2,75,1019.8,86,11.1,-9900,-9900,0.0,0.0
2022,2,27,16,60,0.0,0.0,0.0,0.0,0.0,5,19.2,14.2,76,1019.6,85,11.1,-9900,-9900,0.0,0.0
2022,2,27,17,60,0.0,0.0,0.0,0.0,0.0,5,18.7,13.7,73,1019.6,92,11.1,-9900,-9900,0.0,0.0
2022,2,27,18,60,0.0,0.0,0.0,0.0,0.0,5,18.5,13.5,74,1019.1,95,9.3,-9900,-9900,0.0,0.0
2022,2,27,19,60,0.0,0.0,0.0,0.0,0.0,5,18.3,13.3,76,1018.6,101,7.4,-9900,-9900,0.0,0.0
2022,2,27,20,60,0.0,0.0,0.0,0.0,0.0,5,18.0,13.0,78,1018.6,107,5.5,-9900,-9900,0.0,0.0
2022,2,27,21,60,0.0,0.0,0.0,0.0,0.0,5,17.7,12.7,80,1018.6,117,5.5,-9900,-9900,0.0,0.0
2022,2,27,22,60,0.0,0.0,0.0,0.0,0.0,5,17.4,12.4,82,1018.6,136,3.7,-9900,-9900,0.0,0.0
2022,2,27,23,60,0.0,0.0,0.0,0.0,0.0,5,18.7,13.7,75,1019.3,108,5.5,-9900,-9900,0.0,0.0
2022,2,27,24,60,0.0,0.0,0.0,0.0,0.0,5,19.2,14.2,74,1019.8,119,5.5,-9900,-9900,0.0,0.0
2022,2,28,1,60,0.0,0.0,0.0,0.0,0.0,5,19.7,14.7,73,1020.3,136,3.7,-9900,-9900,0.0,0.0
2022,2,28,2,60,0.0,0.0,0.0,0.0,0.0,5,21.7,16.7,65,1020.0,139,3.7,-9900,-9900,0.0,0.0
2022,2,28,3,60,0.0,0.0,0.0,0.0,0.0,5,23.7,18.7,58,1019.7,155,3.7,-9900,-9900,0.0,0.0
2022,2,28,4,60,0.0,0.0,0.0,0.0,0.0,5,25.7,20.7,51,1019.4,278,3.7,-9900,-9900,0.0,0.0
2022,2,28,5,60,0.0,0.0,0.0,0.0,0.0,5,25.5,20.5,53,1019.0,283,3.7,-9900,-9900,0.0,0.0
2022,2,28,6,60,0.0,0.0,0.0,0.0,0.0,5,25.9,20.9,51,1018.0,294,5.5,-9900,-9900,0.0,0.0
2022,2,28,7,60,0.0,0.0,0.0,0.0,0.0,5,26.4,21.4,50,1016.9,298,7.4,-9900,-9900,0.0,0.0
2022,2,28,8,60,0.0,0.0,0.0,0.0,0.0,5,25.4,20.4,52,1016.8,297,5.5,-9900,-9900,0.0,0.0
2022,2,28,9,60,0.0,0.0,0.0,0.0,0.0,5,24.4,19.4,54,1016.8,294,5.5,-9900,-9900,0.0,0.0
2022,2,28,10,60,0.0,0.0,0.0,0.0,0.0,5,23.3,18.3,57,1016.7,290,5.5,-9900,-9900,0.0,0.0
2022,2,28,11,60,0.0,0.0,0.0,0.0,0.0,5,23.3,18.3,54,1016.8,8,5.5,-9900,-9900,0.0,0.0
2022,2,28,12,60,0.0,0.0,0.0,0.0,0.0,5,22.4,17.4,59,1017.3,355,5.5,-9900,-9900,0.0,0.0
2022,2,28,13,60,0.0,0.0,0.0,0.0,0.0,5,21.5,16.5,64,1017.7,228,3.7,-9900,-9900,0.0,0.0
2022,2,28,14,60,0.0,0.0,0.0,0.0,0.0,5,21.1,16.1,66,1017.7,221,3.7,-9900,-9900,0.0,0.0
2022,2,28,15,60,0.0,0.0,0.0,0.0,0.0,5,20.6,15.6,69,1017.8,219,3.7,-9900,-9900,0.0,0.0
2022,2,28,16,60,0.0,0.0,0.0,0.0,0.0,5,20.1,15.1,72,1017.8,217,3.7,-9900,-9900,0.0,0.0
2022,2,28,17,60,0.0,0.0,0.0,0.0,0.0,5,19.7,14.7,74,1017.6,210,3.7,-9900,-9900,0.0,0.0
2022,2,28,18,60,0.0,0.0,0.0,0.0,0.0,5,19.3,14.3,76,1017.3,204,3.7,-9900,-9900,0.0,0.0
2022,2,28,19,60,0.0,0.0,0.0,0.0,0.0,5,18.9,13.9,78,1017.0,200,3.7,-9900,-9900,0.0,0.0
2022,2,28,20,60,0.0,0.0,0.0,0.0,0.0,5,18.6,13.6,79,1017.2,198,3.7,-9900,-9900,0.0,0.0
2022,2,28,21,60,0.0,0.0,0.0,0.0,0.0,5,18.3,13.3,81,1017.3,197,3.7,-9900,-9900,0.0,0.0
2022,2,28,22,60,0.0,0.0,0.0,0.0,0.0,5,18.0,13.0,82,1017.4,195,3.7,-9900,-9900,0.0,0.0
2022,2,28,23,60,0.0,0.0,0.0,0.0,0.0,5,18.8,13.8,78,1017.4,177,5.5,-9900,-9900,0.0,0.0
2022,2,28,24,60,0.0,0.0,0.0,0.0,0.0,5,19.4,14.4,76,1017.9,181,5.5,-9900,-9900,0.0,0.0
2022,3,1,1,60,0.0,0.0,0.0,0.0,0.0,5,20.0,15.0,74,1018.4,184,3.7,-9900,-9900,0.0,0.0
2022,3,1,2,60,0.0,0.0,0.0,0.0,0.0,5,22.2,17.2,66,1018.2,206,3.7,-9900,-9900,0.0,0.0
2022,3,1,3,60,0.0,0.0,0.0,0.0,0.0,5,24.3,19.3,59,1017.9,240,3.7,-9900,-9900,0.0,0.0
2022,3,1,4,60,0.0,0.0,0.0,0.0,0.0,5,26.4,21.4,53,1017.6,272,3.7,-9900,-9900,0.0,0.0
2022,3,1,5,60,0.0,0.0,0.0,0.0,0.0,5,26.8,21.8,52,1017.0,286,5.5,-9900,-9900,0.0,0.0
2022,3,1,6,60,0.0,0.0,0.0,0.0,0.0,5,27.1,22.1,52,1016.0,290,5.5,-9900,-9900,0.0,0.0
2022,3,1,7,60,0.0,0.0,0.0,0.0,0.0,5,27.4,22.4,51,1015.1,292,7.4,-9900,-9900,0.0,0.0
2022,3,1,8,60,0.0,0.0,0.0,0.0,0.0,5,26.4,21.4,54,1015.2,294,7.4,-9900,-9900,0.0,0.0
2022,3,1,9,60,0.0,0.0,0.0,0.0,0.0,5,25.3,20.3,58,1015.3,296,5.5,-9900,-9900,0.0,0.0
2022,3,1,10,60,0.0,0.0,0.0,0.0,0.0,5,24.3,19.3,61,1015.4,300,5.5,-9900,-9900,0.0,0.0
2022,3,1,11,60,0.0,0.0,0.0,0.0,0.0,5,24.0,19.0,62,1016.2,331,7.4,-9900,-9900,0.0,0.0
2022,3,1,12,60,0.0,0.0,0.0,0.0,0.0,5,23.1,18.1,66,1016.9,342,5.5,-9900,-9900,0.0,0.0
2022,3,1,13,60,0.0,0.0,0.0,0.0,0.0,5,22.3,17.3,70,1017.5,18,3.7,-9900,-9900,0.0,0.0
2022,3,1,14,60,0.0,0.0,0.0,0.0,0.0,5,21.9,16.9,72,1017.7,46,3.7,-9900,-9900,0.0,0.0
2022,3,1,15,60,0.0,0.0,0.0,0.0,0.0,5,21.4,16.4,75,1017.8,68,5.5,-9900,-9900,0.0,0.0
2022,3,1,16,60,0.0,0.0,0.0,0.0,0.0,5,21.0,16.0,77,1018.0,81,5.5,-9900,-9900,0.0,0.0
2022,3,1,17,60,0.0,0.0,0.0,0.0,0.0,5,22.1,17.1,73,1017.4,67,5.5,-9900,-9900,0.0,0.0
2022,3,1,18,60,0.0,0.0,0.0,0.0,0.0,5,21.6,16.6,75,1017.2,76,5.5,-9900,-9900,0.0,0.0
2022,3,1,19,60,0.0,0.0,0.0,0.0,0.0,5,21.2,16.2,77,1017.0,89,5.5,-9900,-9900,0.0,0.0
2022,3,1,20,60,0.0,0.0,0.0,0.0,0.0,5,20.8,15.8,78,1017.1,93,5.5,-9900,-9900,0.0,0.0
2022,3,1,21,60,0.0,0.0,0.0,0.0,0.0,5,20.4,15.4,80,1017.1,98,5.5,-9900,-9900,0.0,0.0
2022,3,1,22,60,0.0,0.0,0.0,0.0,0.0,5,20.0,15.0,81,1017.2,104,5.5,-9900,-9900,0.0,0.0
2022,3,1,23,60,0.0,0.0,0.0,0.0,0.0,5,20.9,15.9,83,1017.9,105,7.4,-9900,-9900,0.0,0.0
2022,3,1,24,60,0.0,0.0,0.0,0.0,0.0,5,20.8,15.8,82,1018.5,102,7.4,-9900,-9900,0.0,0.0
2022,3,2,1,60,0.0,0.0,0.0,0.0,0.0,5,20.7,15.7,82,1019.1,99,7.4,-9900,-9900,0.0,0.0
2022,3,2,2,60,0.0,0.0,0.0,0.0,0.0,5,20.9,15.9,80,1019.3,88,9.3,-9900,-9900,0.0,0.0
2022,3,2,3,60,0.0,0.0,0.0,0.0,0.0,5,21.2,16.2,78,1019.4,81,11.1,-9900,-9900,0.0,0.0
2022,3,2,4,60,0.0,0.0,0.0,0.0,0.0,5,21.4,16.4,76,1019.5,76,13.0,-9900,-9900,0.0,0.0
2022,3,2,5,60,0.0,0.0,0.0,0.0,0.0,5,21.8,16.8,72,1019.1,82,14.8,-9900,-9900,0.0,0.0
2022,3,2,6,60,0.0,0.0,0.0,0.0,0.0,5,21.6,16.6,72,1018.4,80,14.8,-9900,-9900,0.0,0.0
2022,3,2,7,60,0.0,0.0,0.0,0.0,0.0,5,21.5,16.5,71,1017.7,78,14.8,-9900,-9900,0.0,0.0
2022,3,2,8,60,0.0,0.0,0.0,0.0,0.0,5,20.9,15.9,73,1017.6,79,14.8,-9900,-9900,0.0,0.0
2022,3,2,9,60,0.0,0.0,0.0,0.0,0.0,5,20.4,15.4,74,1017.6,80,16.7,-9900,-9900,0.0,0.0
2022,3,2,10,60,0.0,0.0,0.0,0.0,0.0,5,19.9,14.9,76,1017.6,81,16.7,-9900,-9900,0.0,0.0
2022,3,2,11,60,0.0,0.0,0.0,0.0,0.0,5,19.6,14.6,76,1018.6,82,18.5,-9900,-9900,0.0,0.0
2022,3,2,12,60,0.0,0.0,0.0,0.0,0.0,5,19.4,14.4,79,1018.9,82,16.7,-9900,-9900,0.0,0.0
2022,3,2,13,60,0.0,0.0,0.0,0.0,0.0,5,19.2,14.2,82,1019.3,82,16.7,-9900,-9900,0.0,0.0
2022,3,2,14,60,0.0,0.0,0.0,0.0,0.0,5,19.3,14.3,82,1019.3,81,16.7,-9900,-9900,0.0,0.0
2022,3,2,15,60,0.0,0.0,0.0,0.0,0.0,5,19.3,14.3,82,1019.3,79,16.7,-9900,-9900,0.0,0.0
2022,3,2,16,60,0.0,0.0,0.0,0.0,0.0,5,19.3,14.3,82,1019.3,77,16.7,-9900,-9900,0.0,0.0
2022,3,2,17,60,0.0,0.0,0.0,0.0,0.0,5,19.0,14.0,81,1018.9,76,16.7,-9900,-9900,0.0,0.0
2022,3,2,18,60,0.0,0.0,0.0,0.0,0.0,5,19.0,14.0,81,1018.4,77,16.7,-9900,-9900,0.0,0.0
2022,3,2,19,60,0.0,0.0,0.0,0.0,0.0,5,19.0,14.0,81,1017.9,78,16.7,-9900,-9900,0.0,0.0
2022,3,2,20,60,0.0,0.0,0.0,0.0,0.0,5,19.1,14.1,81,1017.8,79,14.8,-9900,-9900,0.0,0.0
2022,3,2,21,60,0.0,0.0,0.0,0.0,0.0,5,19.1,14.1,81,1017.7,79,13.0,-9900,-9900,0.0,0.0
2022,3,2,22,60,0.0,0.0,0.0,0.0,0.0,5,19.1,14.1,81,1017.6,80,13.0,-9900,-9900,0.0,0.0
2022,3,2,23,60,0.0,0.0,0.0,0.0,0.0,5,19.4,14.4,80,1018.2,80,13.0,-9900,-9900,0.0,0.0
2022,3,2,24,60,0.0,0.0,0.0,0.0,0.0,5,19.6,14.6,80,1018.8,80,13.0,-9900,-9900,0.0,0.0
2022,3,3,1,60,0.0,0.0,0.0,0.0,0.0,5,19.8,14.8,79,1019.3,80,13.0,-9900,-9900,0.0,0.0
2022,3,3,2,60,0.0,0.0,0.0,0.0,0.0,5,20.7,15.7,76,1019.1,79,13.0,-9900,-9900,0.0,0.0
2022,3,3,3,60,0.0,0.0,0.0,0.0,0.0,5,21.6,16.6,74,1018.8,78,14.8,-9900,-9900,0.0,0.0
2022,3,3,4,60,0.0,0.0,0.0,0.0,0.0,5,22.5,17.5,71,1018.5,77,14.8,-9900,-9900,0.0,0.0
2022,3,3,5,60,0.0,0.0,0.0,0.0,0.0,5,23.2,18.2,68,1017.6,93,13.0,-9900,-9900,0.0,0.0
2022,3,3,6,60,0.0,0.0,0.0,0.0,0.0,5,23.6,18.6,67,1016.6,96,11.1,-9900,-9900,0.0,0.0
2022,3,3,7,60,0.0,0.0,0.0,0.0,0.0,5,24.1,19.1,65,1015.5,100,11.1,-9900,-9900,0.0,0.0
2022,3,3,8,60,0.0,0.0,0.0,0.0,0.0,5,23.5,18.5,67,1015.3,100,11.1,-9900,-9900,0.0,0.0
2022,3,3,9,60,0.0,0.0,0.0,0.0,0.0,5,22.9,17.9,69,1015.0,100,11.1,-9900,-9900,0.0,0.0
2022,3,3,10,60,0.0,0.0,0.0,0.0,0.0,5,22.3,17.3,71,1014.7,100,11.1,-9900,-9900,0.0,0.0
2022,3,3,11,60,0.0,0.0,0.0,0.0,0.0,5,22.6,17.6,72,1014.7,66,13.0,-9900,-9900,0.0,0.0
2022,3,3,12,60,0.0,0.0,0.0,0.0,0.0,5,22.1,17.1,75,1015.0,68,11.1,-9900,-9900,0.0,0.0
2022,3,3,13,60,0.0,0.0,0.0,0.0,0.0,5,21.6,16.6,79,1015.3,72,9.3,-9900,-9900,0.0,0.0
2022,3,3,14,60,0.0,0.0,0.0,0.0,0.0,5,21.5,16.5,80,1015.3,72,9.3,-9900,-9900,0.0,0.0
2022,3,3,15,60,0.0,0.0,0.0,0.0,0.0,5,21.3,16.3,81,1015.2,73,7.4,-9900,-9900,0.0,0.0
2022,3,3,16,60,0.0,0.0,0.0,0.0,0.0,5,21.2,16.2,82,1015.2,74,7.4,-9900,-9900,0.0,0.0
2022,3,3,17,60,0.0,0.0,0.0,0.0,0.0,5,21.5,16.5,78,1014.7,99,9.3,-9900,-9900,0.0,0.0
2022,3,3,18,60,0.0,0.0,0.0,0.0,0.0,5,21.1,16.1,78,1014.4,115,7.4,-9900,-9900,0.0,0.0
2022,3,3,19,60,0.0,0.0,0.0,0.0,0.0,5,20.7,15.7,80,1014.2,155,3.7,-9900,-9900,0.0,0.0
2022,3,3,20,60,0.0,0.0,0.0,0.0,0.0,5,20.3,15.3,81,1014.1,182,3.7,-9900,-9900,0.0,0.0
2022,3,3,21,60,0.0,0.0,0.0,0.0,0.0,5,19.8,14.8,83,1014.0,210,3.7,-9900,-9900,0.0,0.0
2022,3,3,22,60,0.0,0.0,0.0,0.0,0.0,5,19.4,14.4,84,1013.9,230,3.7,-9900,-9900,0.0,0.0
2022,3,3,23,60,0.0,0.0,0.0,0.0,0.0,5,19.3,14.3,82,1014.7,191,5.5,-9900,-9900,0.0,0.0
2022,3,3,24,60,0.0,0.0,0.0,0.0,0.0,5,19.6,14.6,82,1015.1,207,5.5,-9900,-9900,0.0,0.0
2022,3,4,1,60,0.0,0.0,0.0,0.0,0.0,5,19.9,14.9,81,1015.6,220,3.7,-9900,-9900,0.0,0.0
2022,3,4,2,60,0.0,0.0,0.0,0.0,0.0,5,21.3,16.3,75,1015.4,242,5.5,-9900,-9900,0.0,0.0
2022,3,4,3,60,0.0,0.0,0.0,0.0,0.0,5,22.7,17.7,70,1015.2,259,5.5,-9900,-9900,0.0,0.0
2022,3,4,4,60,0.0,0.0,0.0,0.0,0.0,5,24.1,19.1,65,1014.9,270,5.5,-9900,-9900,0.0,0.0
2022,3,4,5,60,0.0,0.0,0.0,0.0,0.0,5,24.7,19.7,62,1014.3,272,7.4,-9900,-9900,0.0,0.0
2022,3,4,6,60,0.0,0.0,0.0,0.0,0.0,5,25.2,20.2,60,1013.4,279,9.3,-9900,-9900,0.0,0.0
2022,3,4,7,60,0.0,0.0,0.0,0.0,0.0,5,25.6,20.6,59,1012.5,283,11.1,-9900,-9900,0.0,0.0
2022,3,4,8,60,0.0,0.0,0.0,0.0,0.0,5,25.0,20.0,61,1012.4,282,9.3,-9900,-9900,0.0,0.0
2022,3,4,9,60,0.0,0.0,0.0,0.0,0.0,5,24.5,19.5,62,1012.3,279,7.4,-9900,-9900,0.0,0.0
2022,3,4,10,60,0.0,0.0,0.0,0.0,0.0,5,23.9,18.9,64,1012.2,275,7.4,-9900,-9900,0.0,0.0
2022,3,4,11,60,0.0,0.0,0.0,0.0,0.0,5,23.5,18.5,64,1013.3,287,5.5,-9900,-9900,0.0,0.0
2022,3,4,12,60,0.0,0.0,0.0,0.0,0.0,5,22.9,17.9,67,1013.7,280,5.5,-9900,-9900,0.0,0.0
2022,3,4,13,60,0.0,0.0,0.0,0.0,0.0,5,22.2,17.2,71,1014.2,241,3.7,-9900,-9900,0.0,0.0
2022,3,4,14,60,0.0,0.0,0.0,0.0,0.0,5,21.9,16.9,72,1014.2,168,3.7,-9900,-9900,0.0,0.0
2022,3,4,15,60,0.0,0.0,0.0,0.0,0.0,5,21.5,16.5,75,1014.3,116,3.7,-9900,-9900,0.0,0.0
2022,3,4,16,60,0.0,0.0,0.0,0.0,0.0,5,21.2,16.2,77,1014.3,105,5.5,-9900,-9900,0.0,0.0
2022,3,4,17,60,0.0,0.0,0.0,0.0,0.0,5,21.3,16.3,77,1013.7,119,5.5,-9900,-9900,0.0,0.0
2022,3,4,18,60,0.0,0.0,0.0,0.0,0.0,5,21.0,16.0,78,1013.6,111,5.5,-9900,-9900,0.0,0.0
2022,3,4,19,60,0.0,0.0,0.0,0.0,0.0,5,20.6,15.6,79,1013.4,105,5.5,-9900,-9900,0.0,0.0
2022,3,4,20,60,0.0,0.0,0.0,0.0,0.0,5,20.4,15.4,80,1013.4,105,5.5,-9900,-9900,0.0,0.0
2022,3,4,21,60,0.0,0.0,0.0,0.0,0.0,5,20.1,15.1,82,1013.4,105,5.5,-9900,-9900,0.0,0.0
2022,3,4,22,60,0.0,0.0,0.0,0.0,0.0,5,19.9,14.9,82,1013.4,105,5.5,-9900,-9900,0.0,0.0
2022,3,4,23,60,0.0,0.0,0.0,0.0,0.0,5,20.6,15.6,84,1013.8,100,11.1,-9900,-9900,0.0,0.0
2022,3,4,24,60,0.0,0.0,0.0,0.0,0.0,5,20.8,15.8,82,1014.3,99,11.1,-9900,-9900,0.0,0.0
2022,3,5,1,60,0.0,0.0,0.0,0.0,0.0,5,21.0,16.0,80,1014.9,97,9.3,-9900,-9900,0.0,0.0
2022,3,5,2,60,0.0,0.0,0.0,0.0,0.0,5,21.7,16.7,76,1015.1,91,11.1,-9900,-9900,0.0,0.0
2022,3,5,3,60,0.0,0.0,0.0,0.0,0.0,5,22.4,17.4,72,1015.3,86,13.0,-9900,-9900,0.0,0.0
2022,3,5,4,60,0.0,0.0,0.0,0.0,0.0,5,23.2,18.2,67,1015.5,82,14.8,-9900,-9900,0.0,0.0
2022,3,5,5,60,0.0,0.0,0.0,0.0,0.0,5,23.1,18.1,69,1014.4,83,14.8,-9900,-9900,0.0,0.0
2022,3,5,6,60,0.0,0.0,0.0,0.0,0.0,5,23.1,18.1,68,1013.9,82,14.8,-9900,-9900,0.0,0.0
2022,3,5,7,60,0.0,0.0,0.0,0.0,0.0,5,23.1,18.1,66,1013.5,81,14.8,-9900,-9900,0.0,0.0
2022,3,5,8,60,0.0,0.0,0.0,0.0,0.0,5,22.5,17.5,68,1013.8,82,14.8,-9900,-9900,0.0,0.0
2022,3,5,9,60,0.0,0.0,0.0,0.0,0.0,5,21.9,16.9,68,1014.2,84,14.8,-9900,-9900,0.0,0.0
2022,3,5,10,60,0.0,0.0,0.0,0.0,0.0,5,21.3,16.3,70,1014.5,86,14.8,-9900,-9900,0.0,0.0
2022,3,5,11,60,0.0,0.0,0.0,0.0,0.0,5,21.0,16.0,71,1015.0,85,14.8,-9900,-9900,0.0,0.0
2022,3,5,12,60,0.0,0.0,0.0,0.0,0.0,5,20.7,15.7,73,1015.6,85,14.8,-9900,-9900,0.0,0.0
2022,3,5,13,60,0.0,0.0,0.0,0.0,0.0,5,20.3,15.3,75,1016.1,85,14.8,-9900,-9900,0.0,0.0
2022,3,5,14,60,0.0,0.0,0.0,0.0,0.0,5,20.2,15.2,75,1016.4,84,14.8,-9900,-9900,0.0,0.0
2022,3,5,15,60,0.0,0.0,0.0,0.0,0.0,5,20.0,15.0,76,1016.7,83,14.8,-9900,-9900,0.0,0.0
2022,3,5,16,60,0.0,0.0,0.0,0.0,0.0,5,19.8,14.8,77,1016.9,83,14.8,-9900,-9900,0.0,0.0
2022,3,5,17,60,0.0,0.0,0.0,0.0,0.0,5,19.8,14.8,68,1016.6,86,14.8,-9900,-9900,0.0,0.0
2022,3,5,18,60,0.0,0.0,0.0,0.0,0.0,5,19.6,14.6,68,1016.5,85,14.8,-9900,-9900,0.0,0.0
2022,3,5,19,60,0.0,0.0,0.0,0.0,0.0,5,19.5,14.5,68,1016.3,83,14.8,-9900,-9900,0.0,0.0
2022,3,5,20,60,0.0,0.0,0.0,0.0,0.0,5,19.4,14.4,69,1016.4,84,14.8,-9900,-9900,0.0,0.0
2022,3,5,21,60,0.0,0.0,0.0,0.0,0.0,5,19.2,14.2,71,1016.5,84,14.8,-9900,-9900,0.0,0.0
2022,3,5,22,60,0.0,0.0,0.0,0.0,0.0,5,19.1,14.1,71,1016.6,85,14.8,-9900,-9900,0.0,0.0
2022,3,5,23,60,0.0,0.0,0.0,0.0,0.0,5,19.3,14.3,62,1017.2,90,16.7,-9900,-9900,0.0,0.0
2022,3,5,24,60,0.0,0.0,0.0,0.0,0.0,5,19.4,14.4,65,1017.6,89,16.7,-9900,-9900,0.0,0.0
2022,3,6,1,60,0.0,0.0,0.0,0.0,0.0,5,19.5,14.5,68,1018.0,88,16.7,-9900,-9900,0.0,0.0
2022,3,6,2,60,0.0,0.0,0.0,0.0,0.0,5,19.8,14.8,69,1018.0,88,18.5,-9900,-9900,0.0,0.0
2022,3,6,3,60,0.0,0.0,0.0,0.0,0.0,5,20.0,15.0,70,1018.1,88,18.5,-9900,-9900,0.0,0.0
2022,3,6,4,60,0.0,0.0,0.0,0.0,0.0,5,20.2,15.2,71,1018.1,88,20.4,-9900,-9900,0.0,0.0
2022,3,6,5,60,0.0,0.0,0.0,0.0,0.0,5,20.3,15.3,71,1017.1,89,20.4,-9900,-9900,0.0,0.0
2022,3,6,6,60,0.0,0.0,0.0,0.0,0.0,5,20.2,15.2,71,1016.3,89,20.4,-9900,-9900,0.0,0.0
2022,3,6,7,60,0.0,0.0,0.0,0.0,0.0,5,20.1,15.1,72,1015.6,88,20.4,-9900,-9900,0.0,0.0
2022,3,6,8,60,0.0,0.0,0.0,0.0,0.0,5,19.7,14.7,74,1015.3,88,18.5,-9900,-9900,0.0,0.0
2022,3,6,9,60,0.0,0.0,0.0,0.0,0.0,5,19.4,14.4,76,1015.1,88,18.5,-9900,-9900,0.0,0.0
2022,3,6,10,60,0.0,0.0,0.0,0.0,0.0,5,19.0,14.0,78,1014.9,88,18.5,-9900,-9900,0.0,0.0
2022,3,6,11,60,0.0,0.0,0.0,0.0,0.0,5,18.9,13.9,81,1015.7,87,16.7,-9900,-9900,0.0,0.0
2022,3,6,12,60,0.0,0.0,0.0,0.0,0.0,5,18.8,13.8,81,1015.8,86,14.8,-9900,-9900,0.0,0.0
2022,3,6,13,60,0.0,0.0,0.0,0.0,0.0,5,18.7,13.7,81,1016.0,86,14.8,-9900,-9900,0.0,0.0
2022,3,6,14,60,0.0,0.0,0.0,0.0,0.0,5,18.6,13.6,82,1015.8,84,13.0,-9900,-9900,0.0,0.0
2022,3,6,15,60,0.0,0.0,0.0,0.0,0.0,5,18.6,13.6,83,1015.7,82,13.0,-9900,-9900,0.0,0.0
2022,3,6,16,60,0.0,0.0,0.0,0.0,0.0,5,18.5,13.5,84,1015.5,79,11.1,-9900,-9900,0.0,0.0
2022,3,6,17,60,0.0,0.0,0.0,0.0,0.0,5,17.6,12.6,91,1015.4,86,11.1,-9900,-9900,0.0,0.0
2022,3,6,18,60,0.0,0.0,0.0,0.0,0.0,5,17.6,12.6,92,1014.9,83,9.3,-9900,-9900,0.0,0.0
2022,3,6,19,60,0.0,0.0,0.0,0.0,0.0,5,17.6,12.6,92,1014.4,78,7.4,-9900,-9900,0.0,0.0
2022,3,6,20,60,0.0,0.0,0.0,0.0,0.0,5,17.4,12.4,93,1014.2,84,5.5,-9900,-9900,0.0,0.0
2022,3,6,21,60,0.0,0.0,0.0,0.0,0.0,5,17.2,12.2,93,1013.9,108,5.5,-9900,-9900,0.0,0.0
2022,3,6,22,60,0.0,0.0,0.0,0.0,0.0,5,17.1,12.1,94,1013.7,214,3.7,-9900,-9900,0.0,0.0
2022,3,6,23,60,0.0,0.0,0.0,0.0,0.0,5,17.0,12.0,92,1015.0,118,7.4,-9900,-9900,0.0,0.0
2022,3,6,24,60,0.0,0.0,0.0,0.0,0.0,5,16.8,11.8,90,1015.5,125,5.5,-9900,-9900,0.0,0.0
2022,3,7,1,60,0.0,0.0,0.0,0.0,0.0,5,16.5,11.5,89,1016.1,142,5.5,-9900,-9900,0.0,0.0
2022,3,7,2,60,0.0,0.0,0.0,0.0,0.0,5,16.2,11.2,90,1016.4,168,5.5,-9900,-9900,0.0,0.0
2022,3,7,3,60,0.0,0.0,0.0,0.0,0.0,5,15.9,10.9,91,1016.7,220,5.5,-9900,-9900,0.0,0.0
2022,3,7,4,60,0.0,0.0,0.0,0.0,0.0,5,15.5,10.5,93,1017.0,254,5.5,-9900,-9900,0.0,0.0
2022,3,7,5,60,0.0,0.0,0.0,0.0,0.0,5,15.1,10.1,95,1016.9,72,5.5,-9900,-9900,0.0,0.0
2022,3,7,6,60,0.0,0.0,0.0,0.0,0.0,5,14.7,9.7,93,1016.7,339,5.5,-9900,-9900,0.0,0.0
2022,3,7,7,60,0.0,0.0,0.0,0.0,0.0,5,14.2,9.2,93,1016.5,295,3.7,-9900,-9900,0.0,0.0
2022,3,7,8,60,0.0,0.0,0.0,0.0,0.0,5,14.0,9.0,91,1016.9,284,5.5,-9900,-9900,0.0,0.0
2022,3,7,9,60,0.0,0.0,0.0,0.0,0.0,5,13.9,8.9,88,1017.4,277,5.5,-9900,-9900,0.0,0.0
2022,3,7,10,60,0.0,0.0,0.0,0.0,0.0,5,13.7,8.7,87,1017.8,273,5.5,-9900,-9900,0.0,0.0
2022,3,7,11,60,0.0,0.0,0.0,0.0,0.0,5,14.1,9.1,83,1018.8,298,7.4,-9900,-9900,0.0,0.0
2022,3,7,12,60,0.0,0.0,0.0,0.0,0.0,5,13.8,8.8,83,1019.4,288,5.5,-9900,-9900,0.0,0.0
2022,3,7,13,60,0.0,0.0,0.0,0.0,0.0,5,13.4,8.4,84,1019.9,253,3.7,-9900,-9900,0.0,0.0
2022,3,7,14,60,0.0,0.0,0.0,0.0,0.0,5,13.4,8.4,84,1020.1,243,3.7,-9900,-9900,0.0,0.0
2022,3,7,15,60,0.0,0.0,0.0,0.0,0.0,5,13.4,8.4,84,1020.3,222,3.7,-9900,-9900,0.0,0.0
2022,3,7,16,60,0.0,0.0,0.0,0.0,0.0,5,13.3,8.3,84,1020.5,182,5.5,-9900,-9900,0.0,0.0
2022,3,7,17,60,0.0,0.0,0.0,0.0,0.0,5,12.8,7.8,77,1020.5,29,5.5,-9900,-9900,0.0,0.0
2022,3,7,18,60,0.0,0.0,0.0,0.0,0.0,5,12.8,7.8,76,1020.0,53,5.5,-9900,-9900,0.0,0.0
2022,3,7,19,60,0.0,0.0,0.0,0.0,0.0,5,12.8,7.8,75,1019.6,88,5.5,-9900,-9900,0.0,0.0
2022,3,7,20,60,0.0,0.0,0.0,0.0,0.0,5,12.8,7.8,75,1019.6,93,5.5,-9900,-9900,0.0,0.0
2022,3,7,21,60,0.0,0.0,0.0,0.0,0.0,5,12.7,7.7,74,1019.6,96,5.5,-9900,-9900,0.0,0.0
2022,3,7,22,60,0.0,0.0,0.0,0.0,0.0,5,12.7,7.7,74,1019.6,98,5.5,-9900,-9900,0.0,0.0
2022,3,7,23,60,0.0,0.0,0.0,0.0,0.0,5,13.4,8.4,72,1019.8,88,7.4,-9900,-9900,0.0,0.0
2022,3,7,24,60,0.0,0.0,0.0,0.0,0.0,5,14.1,9.1,70,1020.1,81,9.3,-9900,-9900,0.0,0.0
2022,3,8,1,60,0.0,0.0,0.0,0.0,0.0,5,14.8,9.8,69,1020.4,77,11.1,-9900,-9900,0.0,0.0
2022,3,8,2,60,0.0,0.0,0.0,0.0,0.0,5,16.2,11.2,63,1020.2,74,13.0,-9900,-9900,0.0,0.0
2022,3,8,3,60,0.0,0.0,0.0,0.0,0.0,5,17.6,12.6,57,1019.9,73,14.8,-9900,-9900,0.0,0.0
2022,3,8,4,60,0.0,0.0,0.0,0.0,0.0,5,19.0,14.0,52,1019.7,71,16.7,-9900,-9900,0.0,0.0
2022,3,8,5,60,0.0,0.0,0.0,0.0,0.0,5,19.9,14.9,47,1018.6,77,16.7,-9900,-9900,0.0,0.0
2022,3,8,6,60,0.0,0.0,0.0,0.0,0.0,5,20.4,15.4,45,1017.7,73,18.5,-9900,-9900,0.0,0.0
2022,3,8,7,60,0.0,0.0,0.0,0.0,0.0,5,20.9,15.9,44,1016.9,70,18.5,-9900,-9900,0.0,0.0
2022,3,8,8,60,0.0,0.0,0.0,0.0,0.0,5,20.2,15.2,46,1016.9,72,18.5,-9900,-9900,0.0,0.0
2022,3,8,9,60,0.0,0.0,0.0,0.0,0.0,5,19.6,14.6,48,1017.0,74,18.5,-9900,-9900,0.0,0.0
2022,3,8,10,60,0.0,0.0,0.0,0.0,0.0,5,19.0,14.0,51,1017.0,77,18.5,-9900,-9900,0.0,0.0
2022,3,8,11,60,0.0,0.0,0.0,0.0,0.0,5,18.3,13.3,54,1017.2,78,18.5,-9900,-9900,0.0,0.0
2022,3,8,12,60,0.0,0.0,0.0,0.0,0.0,5,18.0,13.0,57,1017.5,78,16.7,-9900,-9900,0.0,0.0
2022,3,8,13,60,0.0,0.0,0.0,0.0,0.0,5,17.6,12.6,61,1017.9,78,14.8,-9900,-9900,0.0,0.0
2022,3,8,14,60,0.0,0.0,0.0,0.0,0.0,5,17.5,12.5,63,1017.9,77,14.8,-9900,-9900,0.0,0.0
2022,3,8,15,60,0.0,0.0,0.0,0.0,0.0,5,17.5,12.5,64,1018.0,77,13.0,-9900,-9900,0.0,0.0
2022,3,8,16,60,0.0,0.0,0.0,0.0,0.0,5,17.5,12.5,65,1018.0,76,13.0,-9900,-9900,0.0,0.0
2022,3,8,17,60,0.0,0.0,0.0,0.0,0.0,5,16.8,11.8,62,1017.8,88,13.0,-9900,-9900,0.0,0.0
2022,3,8,18,60,0.0,0.0,0.0,0.0,0.0,5,16.6,11.6,63,1017.5,88,11.1,-9900,-9900,0.0,0.0
2022,3,8,19,60,0.0,0.0,0.0,0.0,0.0,5,16.4,11.4,65,1017.2,88,11.1,-9900,-9900,0.0,0.0
2022,3,8,20,60,0.0,0.0,0.0,0.0,0.0,5,16.3,11.3,67,1017.3,90,9.3,-9900,-9900,0.0,0.0
2022,3,8,21,60,0.0,0.0,0.0,0.0,0.0,5,16.1,11.1,69,1017.5,93,7.4,-9900,-9900,0.0,0.0
2022,3,8,22,60,0.0,0.0,0.0,0.0,0.0,5,15.9,10.9,71,1017.6,97,5.5,-9900,-9900,0.0,0.0
2022,3,8,23,60,0.0,0.0,0.0,0.0,0.0,5,17.1,12.1,63,1017.8,94,9.3,-9900,-9900,0.0,0.0
2022,3,8,24,60,0.0,0.0,0.0,0.0,0.0,5,17.9,12.9,63,1018.3,95,7.4,-9900,-9900,0.0,0.0
2022,3,9,1,60,0.0,0.0,0.0,0.0,0.0,5,18.8,13.8,63,1018.7,96,7.4,-9900,-9900,0.0,0.0
2022,3,9,2,60,0.0,0.0,0.0,0.0,0.0,5,20.7,15.7,57,1018.5,91,9.3,-9900,-9900,0.0,0.0
2022,3,9,3,60,0.0,0.0,0.0,0.0,0.0,5,22.6,17.6,51,1018.3,87,9.3,-9900,-9900,0.0,0.0
2022,3,9,4,60,0.0,0.0,0.0,0.0,0.0,5,24.6,19.6,46,1018.1,83,11.1,-9900,-9900,0.0,0.0
2022,3,9,5,60,0.0,0.0,0.0,0.0,0.0,5,24.3,19.3,47,1017.5,89,9.3,-9900,-9900,0.0,0.0
2022,3,9,6,60,0.0,0.0,0.0,0.0,0.0,5,24.9,19.9,46,1016.6,89,11.1,-9900,-9900,0.0,0.0
2022,3,9,7,60,0.0,0.0,0.0,0.0,0.0,5,25.5,20.5,45,1015.7,90,13.0,-9900,-9900,0.0,0.0
2022,3,9,8,60,0.0,0.0,0.0,0.0,0.0,5,24.6,19.6,48,1015.8,94,13.0,-9900,-9900,0.0,0.0
2022,3,9,9,60,0.0,0.0,0.0,0.0,0.0,5,23.7,18.7,50,1015.9,96,14.8,-9900,-9900,0.0,0.0
2022,3,9,10,60,0.0,0.0,0.0,0.0,0.0,5,22.8,17.8,52,1016.0,97,16.7,-9900,-9900,0.0,0.0
2022,3,9,11,60,0.0,0.0,0.0,0.0,0.0,5,22.3,17.3,53,1016.4,93,18.5,-9900,-9900,0.0,0.0
2022,3,9,12,60,0.0,0.0,0.0,0.0,0.0,5,21.7,16.7,55,1016.8,91,16.7,-9900,-9900,0.0,0.0
2022,3,9,13,60,0.0,0.0,0.0,0.0,0.0,5,21.1,16.1,57,1017.1,88,14.8,-9900,-9900,0.0,0.0
2022,3,9,14,60,0.0,0.0,0.0,0.0,0.0,5,20.9,15.9,59,1017.2,85,14.8,-9900,-9900,0.0,0.0
2022,3,9,15,60,0.0,0.0,0.0,0.0,0.0,5,20.8,15.8,59,1017.3,82,14.8,-9900,-9900,0.0,0.0
2022,3,9,16,60,0.0,0.0,0.0,0.0,0.0,5,20.6,15.6,61,1017.4,78,13.0,-9900,-9900,0.0,0.0
2022,3,9,17,60,0.0,0.0,0.0,0.0,0.0,5,20.3,15.3,65,1016.8,89,13.0,-9900,-9900,0.0,0.0
2022,3,9,18,60,0.0,0.0,0.0,0.0,0.0,5,19.9,14.9,67,1016.6,93,11.1,-9900,-9900,0.0,0.0
2022,3,9,19,60,0.0,0.0,0.0,0.0,0.0,5,19.6,14.6,68,1016.3,98,9.3,-9900,-9900,0.0,0.0
2022,3,9,20,60,0.0,0.0,0.0,0.0,0.0,5,19.2,14.2,70,1016.3,99,7.4,-9900,-9900,0.0,0.0
2022,3,9,21,60,0.0,0.0,0.0,0.0,0.0,5,18.7,13.7,72,1016.4,101,5.5,-9900,-9900,0.0,0.0
2022,3,9,22,60,0.0,0.0,0.0,0.0,0.0,5,18.3,13.3,74,1016.4,104,5.5,-9900,-9900,0.0,0.0
2022,3,9,23,60,0.0,0.0,0.0,0.0,0.0,5,20.6,15.6,61,1016.8,111,7.4,-9900,-9900,0.0,0.0
2022,3,9,24,60,0.0,0.0,0.0,0.0,0.0,5,21.2,16.2,60,1017.3,113,7.4,-9900,-9900,0.0,0.0
2022,3,10,1,60,0.0,0.0,0.0,0.0,0.0,5,21.8,16.8,58,1017.9,114,5.5,-9900,-9900,0.0,0.0
2022,3,10,2,60,0.0,0.0,0.0,0.0,0.0,5,23.7,18.7,52,1017.5,112,7.4,-9900,-9900,0.0,0.0
2022,3,10,3,60,0.0,0.0,0.0,0.0,0.0,5,25.5,20.5,46,1017.1,110,7.4,-9900,-9900,0.0,0.0
2022,3,10,4,60,0.0,0.0,0.0,0.0,0.0,5,27.3,22.3,42,1016.7,107,7.4,-9900,-9900,0.0,0.0
2022,3,10,5,60,0.0,0.0,0.0,0.0,0.0,5,24.0,19.0,52,1016.1,93,9.3,-9900,-9900,0.0,0.0
2022,3,10,6,60,0.0,0.0,0.0,0.0,0.0,5,24.8,19.8,50,1015.2,88,9.3,-9900,-9900,0.0,0.0
2022,3,10,7,60,0.0,0.0,0.0,0.0,0.0,5,25.7,20.7,48,1014.3,77,7.4,-9900,-9900,0.0,0.0
2022,3,10,8,60,0.0,0.0,0.0,0.0,0.0,5,24.8,19.8,50,1014.1,93,7.4,-9900,-9900,0.0,0.0
2022,3,10,9,60,0.0,0.0,0.0,0.0,0.0,5,24.0,19.0,52,1014.0,118,5.5,-9900,-9900,0.0,0.0
2022,3,10,10,60,0.0,0.0,0.0,0.0,0.0,5,23.2,18.2,54,1013.9,145,5.5,-9900,-9900,0.0,0.0
2022,3,10,11,60,0.0,0.0,0.0,0.0,0.0,5,22.6,17.6,57,1014.3,138,5.5,-9900,-9900,0.0,0.0
2022,3,10,12,60,0.0,0.0,0.0,0.0,0.0,5,22.0,17.0,61,1014.6,133,5.5,-9900,-9900,0.0,0.0
2022,3,10,13,60,0.0,0.0,0.0,0.0,0.0,5,21.4,16.4,65,1015.0,128,5.5,-9900,-9900,0.0,0.0
2022,3,10,14,60,0.0,0.0,0.0,0.0,0.0,5,21.1,16.1,67,1015.0,136,3.7,-9900,-9900,0.0,0.0
2022,3,10,15,60,0.0,0.0,0.0,0.0,0.0,5,20.8,15.8,69,1015.0,148,3.7,-9900,-9900,0.0,0.0
2022,3,10,16,60,0.0,0.0,0.0,0.0,0.0,5,20.5,15.5,72,1015.1,167,3.7,-9900,-9900,0.0,0.0
2022,3,10,17,60,0.0,0.0,0.0,0.0,0.0,5,19.8,14.8,70,1015.3,123,5.5,-9900,-9900,0.0,0.0
2022,3,10,18,60,0.0,0.0,0.0,0.0,0.0,5,19.3,14.3,72,1015.1,157,3.7,-9900,-9900,0.0,0.0
2022,3,10,19,60,0.0,0.0,0.0,0.0,0.0,5,18.8,13.8,74,1014.9,192,3.7,-9900,-9900,0.0,0.0
2022,3,10,20,60,0.0,0.0,0.0,0.0,0.0,5,18.3,13.3,76,1014.8,190,3.7,-9900,-9900,0.0,0.0
2022,3,10,21,60,0.0,0.0,0.0,0.0,0.0,5,17.8,12.8,78,1014.7,188,3.7,-9900,-9900,0.0,0.0
2022,3,10,22,60,0.0,0.0,0.0,0.0,0.0,5,17.3,12.3,80,1014.6,187,3.7,-9900,-9900,0.0,0.0
2022,3,10,23,60,0.0,0.0,0.0,0.0,0.0,5,18.1,13.1,74,1015.1,190,3.7,-9900,-9900,0.0,0.0
2022,3,10,24,60,0.0,0.0,0.0,0.0,0.0,5,18.7,13.7,72,1015.6,196,3.7,-9900,-9900,0.0,0.0
2022,3,11,1,60,0.0,0.0,0.0,0.0,0.0,5,19.3,14.3,70,1016.0,201,3.7,-9900,-9900,0.0,0.0
2022,3,11,2,60,0.0,0.0,0.0,0.0,0.0,5,21.3,16.3,62,1015.8,227,3.7,-9900,-9900,0.0,0.0
2022,3,11,3,60,0.0,0.0,0.0,0.0,0.0,5,23.3,18.3,55,1015.6,261,5.5,-9900,-9900,0.0,0.0
2022,3,11,4,60,0.0,0.0,0.0,0.0,0.0,5,25.3,20.3,48,1015.4,285,5.5,-9900,-9900,0.0,0.0
2022,3,11,5,60,0.0,0.0,0.0,0.0,0.0,5,24.7,19.7,53,1015.0,295,5.5,-9900,-9900,0.0,0.0
2022,3,11,6,60,0.0,0.0,0.0,0.0,0.0,5,25.3,20.3,51,1014.1,297,7.4,-9900,-9900,0.0,0.0
2022,3,11,7,60,0.0,0.0,0.0,0.0,0.0,5,25.8,20.8,49,1013.2,299,7.4,-9900,-9900,0.0,0.0
2022,3,11,8,60,0.0,0.0,0.0,0.0,0.0,5,25.1,20.1,50,1013.1,302,7.4,-9900,-9900,0.0,0.0
2022,3,11,9,60,0.0,0.0,0.0,0.0,0.0,5,24.3,19.3,51,1013.0,313,7.4,-9900,-9900,0.0,0.0
2022,3,11,10,60,0.0,0.0,0.0,0.0,0.0,5,23.6,18.6,52,1012.9,45,5.5,-9900,-9900,0.0,0.0
2022,3,11,11,60,0.0,0.0,0.0,0.0,0.0,5,22.8,17.8,53,1013.8,34,5.5,-9900,-9900,0.0,0.0
2022,3,11,12,60,0.0,0.0,0.0,0.0,0.0,5,22.0,17.0,58,1014.2,64,5.5,-9900,-9900,0.0,0.0
2022,3,11,13,60,0.0,0.0,0.0,0.0,0.0,5,21.2,16.2,64,1014.5,96,5.5,-9900,-9900,0.0,0.0
2022,3,11,14,60,0.0,0.0,0.0,0.0,0.0,5,21.0,16.0,66,1014.4,91,5.5,-9900,-9900,0.0,0.0
2022,3,11,15,60,0.0,0.0,0.0,0.0,0.0,5,20.8,15.8,69,1014.4,86,7.4,-9900,-9900,0.0,0.0
2022,3,11,16,60,0.0,0.0,0.0,0.0,0.0,5,20.7,15.7,71,1014.3,82,7.4,-9900,-9900,0.0,0.0
2022,3,11,17,60,0.0,0.0,0.0,0.0,0.0,5,20.9,15.9,65,1014.2,85,9.3,-9900,-9900,0.0,0.0
2022,3,11,18,60,0.0,0.0,0.0,0.0,0.0,5,20.6,15.6,66,1013.8,87,7.4,-9900,-9900,0.0,0.0
2022,3,11,19,60,0.0,0.0,0.0,0.0,0.0,5,20.3,15.3,68,1013.5,90,7.4,-9900,-9900,0.0,0.0
2022,3,11,20,60,0.0,0.0,0.0,0.0,0.0,5,20.0,15.0,71,1013.4,94,5.5,-9900,-9900,0.0,0.0
2022,3,11,21,60,0.0,0.0,0.0,0.0,0.0,5,19.7,14.7,74,1013.4,99,5.5,-9900,-9900,0.0,0.0
2022,3,11,22,60,0.0,0.0,0.0,0.0,0.0,5,19.4,14.4,77,1013.4,105,5.5,-9900,-9900,0.0,0.0
2022,3,11,23,60,0.0,0.0,0.0,0.0,0.0,5,21.3,16.3,74,1014.1,90,9.3,-9900,-9900,0.0,0.0
2022,3,11,24,60,0.0,0.0,0.0,0.0,0.0,5,21.8,16.8,70,1014.5,93,9.3,-9900,-9900,0.0,0.0
2022,3,12,1,60,0.0,0.0,0.0,0.0,0.0,5,22.4,17.4,67,1014.9,95,9.3,-9900,-9900,0.0,0.0
2022,3,12,2,60,0.0,0.0,0.0,0.0,0.0,5,24.3,19.3,59,1014.5,97,9.3,-9900,-9900,0.0,0.0
2022,3,12,3,60,0.0,0.0,0.0,0.0,0.0,5,26.3,21.3,52,1014.1,98,9.3,-9900,-9900,0.0,0.0
2022,3,12,4,60,0.0,0.0,0.0,0.0,0.0,5,28.3,23.3,46,1013.7,98,11.1,-9900,-9900,0.0,0.0
2022,3,12,5,60,0.0,0.0,0.0,0.0,0.0,5,29.0,24.0,47,1012.9,94,13.0,-9900,-9900,0.0,0.0
2022,3,12,6,60,0.0,0.0,0.0,0.0,0.0,5,29.2,24.2,47,1012.1,92,11.1,-9900,-9900,0.0,0.0
2022,3,12,7,60,0.0,0.0,0.0,0.0,0.0,5,29.4,24.4,47,1011.3,89,11.1,-9900,-9900,0.0,0.0
2022,3,12,8,60,0.0,0.0,0.0,0.0,0.0,5,28.3,23.3,49,1011.5,94,11.1,-9900,-9900,0.0,0.0
2022,3,12,9,60,0.0,0.0,0.0,0.0,0.0,5,27.3,22.3,51,1011.7,100,11.1,-9900,-9900,0.0,0.0
2022,3,12,10,60,0.0,0.0,0.0,0.0,0.0,5,26.3,21.3,54,1011.8,107,9.3,-9900,-9900,0.0,0.0
2022,3,12,11,60,0.0,0.0,0.0,0.0,0.0,5,25.3,20.3,60,1012.4,121,11.1,-9900,-9900,0.0,0.0
2022,3,12,12,60,0.0,0.0,0.0,0.0,0.0,5,24.6,19.6,63,1012.7,121,11.1,-9900,-9900,0.0,0.0
2022,3,12,13,60,0.0,0.0,0.0,0.0,0.0,5,23.9,18.9,66,1013.0,122,9.3,-9900,-9900,0.0,0.0
2022,3,12,14,60,0.0,0.0,0.0,0.0,0.0,5,23.5,18.5,69,1013.1,123,7.4,-9900,-9900,0.0,0.0
2022,3,12,15,60,0.0,0.0,0.0,0.0,0.0,5,23.0,18.0,71,1013.1,124,7.4,-9900,-9900,0.0,0.0
2022,3,12,16,60,0.0,0.0,0.0,0.0,0.0,5,22.6,17.6,74,1013.2,127,5.5,-9900,-9900,0.0,0.0
2022,3,12,17,60,0.0,0.0,0.0,0.0,0.0,5,22.1,17.1,76,1013.1,147,5.5,-9900,-9900,0.0,0.0
2022,3,12,18,60,0.0,0.0,0.0,0.0,0.0,5,21.6,16.6,79,1013.0,170,5.5,-9900,-9900,0.0,0.0
2022,3,12,19,60,0.0,0.0,0.0,0.0,0.0,5,21.0,16.0,81,1013.0,191,3.7,-9900,-9900,0.0,0.0
2022,3,12,20,60,0.0,0.0,0.0,0.0,0.0,5,20.4,15.4,83,1013.2,185,3.7,-9900,-9900,0.0,0.0
2022,3,12,21,60,0.0,0.0,0.0,0.0,0.0,5,19.9,14.9,85,1013.3,178,3.7,-9900,-9900,0.0,0.0
2022,3,12,22,60,0.0,0.0,0.0,0.0,0.0,5,19.3,14.3,88,1013.5,171,3.7,-9900,-9900,0.0,0.0
2022,3,12,23,60,0.0,0.0,0.0,0.0,0.0,5,21.0,16.0,74,1014.1,180,5.5,-9900,-9900,0.0,0.0
2022,3,12,24,60,0.0,0.0,0.0,0.0,0.0,5,21.4,16.4,71,1014.5,179,5.5,-9900,-9900,0.0,0.0
2022,3,13,1,60,0.0,0.0,0.0,0.0,0.0,5,21.8,16.8,69,1015.0,178,3.7,-9900,-9900,0.0,0.0
2022,3,13,2,60,0.0,0.0,0.0,0.0,0.0,5,23.7,18.7,62,1014.4,200,3.7,-9900,-9900,0.0,0.0
2022,3,13,3,60,0.0,0.0,0.0,0.0,0.0,5,25.7,20.7,56,1013.8,253,3.7,-9900,-9900,0.0,0.0
2022,3,13,4,60,0.0,0.0,0.0,0.0,0.0,5,27.6,22.6,50,1013.2,292,3.7,-9900,-9900,0.0,0.0
2022,3,13,5,60,0.0,0.0,0.0,0.0,0.0,5,26.9,21.9,54,1012.7,297,5.5,-9900,-9900,0.0,0.0
2022,3,13,6,60,0.0,0.0,0.0,0.0,0.0,5,27.3,22.3,53,1011.6,300,7.4,-9900,-9900,0.0,0.0
2022,3,13,7,60,0.0,0.0,0.0,0.0,0.0,5,27.8,22.8,52,1010.6,303,7.4,-9900,-9900,0.0,0.0
2022,3,13,8,60,0.0,0.0,0.0,0.0,0.0,5,27.1,22.1,53,1010.8,309,7.4,-9900,-9900,0.0,0.0
2022,3,13,9,60,0.0,0.0,0.0,0.0,0.0,5,26.4,21.4,54,1010.9,318,5.5,-9900,-9900,0.0,0.0
2022,3,13,10,60,0.0,0.0,0.0,0.0,0.0,5,25.8,20.8,55,1011.1,330,5.5,-9900,-9900,0.0,0.0
2022,3,13,11,60,0.0,0.0,0.0,0.0,0.0,5,25.2,20.2,56,1011.6,2,5.5,-9900,-9900,0.0,0.0
2022,3,13,12,60,0.0,0.0,0.0,0.0,0.0,5,24.4,19.4,61,1012.2,29,5.5,-9900,-9900,0.0,0.0
2022,3,13,13,60,0.0,0.0,0.0,0.0,0.0,5,23.6,18.6,66,1012.8,67,5.5,-9900,-9900,0.0,0.0
2022,3,13,14,60,0.0,0.0,0.0,0.0,0.0,5,23.4,18.4,67,1012.8,79,3.7,-9900,-9900,0.0,0.0
2022,3,13,15,60,0.0,0.0,0.0,0.0,0.0,5,23.2,18.2,69,1012.9,97,3.7,-9900,-9900,0.0,0.0
2022,3,13,16,60,0.0,0.0,0.0,0.0,0.0,5,22.9,17.9,71,1012.9,119,3.7,-9900,-9900,0.0,0.0
2022,3,13,17,60,0.0,0.0,0.0,0.0,0.0,5,22.1,17.1,80,1012.9,133,5.5,-9900,-9900,0.0,0.0
2022,3,13,18,60,0.0,0.0,0.0,0.0,0.0,5,21.8,16.8,81,1012.5,143,5.5,-9900,-9900,0.0,0.0
2022,3,13,19,60,0.0,0.0,0.0,0.0,0.0,5,21.4,16.4,83,1012.2,158,3.7,-9900,-9900,0.0,0.0
2022,3,13,20,60,0.0,0.0,0.0,0.0,0.0,5,21.0,16.0,85,1012.2,163,3.7,-9900,-9900,0.0,0.0
2022,3,13,21,60,0.0,0.0,0.0,0.0,0.0,5,20.5,15.5,87,1012.2,168,3.7,-9900,-9900,0.0,0.0
2022,3,13,22,60,0.0,0.0,0.0,0.0,0.0,5,20.1,15.1,89,1012.1,173,3.7,-9900,-9900,0.0,0.0
2022,3,13,23,60,0.0,0.0,0.0,0.0,0.0,5,21.5,16.5,71,1012.9,186,5.5,-9900,-9900,0.0,0.0
2022,3,13,24,60,0.0,0.0,0.0,0.0,0.0,5,21.8,16.8,70,1013.4,191,5.5,-9900,-9900,0.0,0.0
2022,3,14,1,60,0.0,0.0,0.0,0.0,0.0,5,22.1,17.1,69,1014.0,195,3.7,-9900,-9900,0.0,0.0
2022,3,14,2,60,0.0,0.0,0.0,0.0,0.0,5,23.8,18.8,62,1013.7,224,5.5,-9900,-9900,0.0,0.0
2022,3,14,3,60,0.0,0.0,0.0,0.0,0.0,5,25.6,20.6,55,1013.3,271,5.5,-9900,-9900,0.0,0.0
2022,3,14,4,60,0.0,0.0,0.0,0.0,0.0,5,27.3,22.3,50,1013.0,300,5.5,-9900,-9900,0.0,0.0
2022,3,14,5,60,0.0,0.0,0.0,0.0,0.0,5,27.4,22.4,49,1012.5,303,7.4,-9900,-9900,0.0,0.0
2022,3,14,6,60,0.0,0.0,0.0,0.0,0.0,5,27.8,22.8,49,1011.5,313,7.4,-9900,-9900,0.0,0.0
2022,3,14,7,60,0.0,0.0,0.0,0.0,0.0,5,28.1,23.1,48,1010.6,322,7.4,-9900,-9900,0.0,0.0
2022,3,14,8,60,0.0,0.0,0.0,0.0,0.0,5,27.4,22.4,50,1010.5,336,7.4,-9900,-9900,0.0,0.0
2022,3,14,9,60,0.0,0.0,0.0,0.0,0.0,5,26.6,21.6,53,1010.3,359,7.4,-9900,-9900,0.0,0.0
2022,3,14,10,60,0.0,0.0,0.0,0.0,0.0,5,25.9,20.9,55,1010.1,26,7.4,-9900,-9900,0.0,0.0
2022,3,14,11,60,0.0,0.0,0.0,0.0,0.0,5,24.5,19.5,60,1011.7,41,7.4,-9900,-9900,0.0,0.0
2022,3,14,12,60,0.0,0.0,0.0,0.0,0.0,5,23.8,18.8,64,1012.0,54,7.4,-9900,-9900,0.0,0.0
2022,3,14,13,60,0.0,0.0,0.0,0.0,0.0,5,23.1,18.1,69,1012.2,70,5.5,-9900,-9900,0.0,0.0
2022,3,14,14,60,0.0,0.0,0.0,0.0,0.0,5,22.9,17.9,70,1012.2,73,5.5,-9900,-9900,0.0,0.0
2022,3,14,15,60,0.0,0.0,0.0,0.0,0.0,5,22.6,17.6,73,1012.2,79,5.5,-9900,-9900,0.0,0.0
2022,3,14,16,60,0.0,0.0,0.0,0.0,0.0,5,22.4,17.4,75,1012.2,88,5.5,-9900,-9900,0.0,0.0
2022,3,14,17,60,0.0,0.0,0.0,0.0,0.0,5,22.6,17.6,71,1011.7,101,7.4,-9900,-9900,0.0,0.0
2022,3,14,18,60,0.0,0.0,0.0,0.0,0.0,5,22.3,17.3,72,1011.4,106,7.4,-9900,-9900,0.0,0.0
2022,3,14,19,60,0.0,0.0,0.0,0.0,0.0,5,22.0,17.0,74,1011.1,115,5.5,-9900,-9900,0.0,0.0
2022,3,14,20,60,0.0,0.0,0.0,0.0,0.0,5,21.5,16.5,78,1011.0,122,5.5,-9900,-9900,0.0,0.0
2022,3,14,21,60,0.0,0.0,0.0,0.0,0.0,5,21.0,16.0,81,1010.8,130,3.7,-9900,-9900,0.0,0.0
2022,3,14,22,60,0.0,0.0,0.0,0.0,0.0,5,20.5,15.5,85,1010.7,140,3.7,-9900,-9900,0.0,0.0
2022,3,14,23,60,0.0,0.0,0.0,0.0,0.0,5,21.2,16.2,77,1011.4,163,3.7,-9900,-9900,0.0,0.0
2022,3,14,24,60,0.0,0.0,0.0,0.0,0.0,5,21.6,16.6,76,1012.0,147,3.7,-9900,-9900,0.0,0.0
2022,3,15,1,60,0.0,0.0,0.0,0.0,0.0,5,22.0,17.0,75,1012.5,132,3.7,-9900,-9900,0.0,0.0
2022,3,15,2,60,0.0,0.0,0.0,0.0,0.0,5,23.4,18.4,69,1012.4,105,5.5,-9900,-9900,0.0,0.0
2022,3,15,3,60,0.0,0.0,0.0,0.0,0.0,5,24.7,19.7,64,1012.2,87,7.4,-9900,-9900,0.0,0.0
2022,3,15,4,60,0.0,0.0,0.0,0.0,0.0,5,26.1,21.1,59,1012.1,77,9.3,-9900,-9900,0.0,0.0
2022,3,15,5,60,0.0,0.0,0.0,0.0,0.0,5,26.4,21.4,58,1011.3,77,9.3,-9900,-9900,0.0,0.0
2022,3,15,6,60,0.0,0.0,0.0,0.0,0.0,5,26.8,21.8,57,1010.5,77,11.1,-9900,-9900,0.0,0.0
2022,3,15,7,60,0.0,0.0,0.0,0.0,0.0,5,27.2,22.2,56,1009.8,77,13.0,-9900,-9900,0.0,0.0
2022,3,15,8,60,0.0,0.0,0.0,0.0,0.0,5,26.4,21.4,59,1009.8,81,13.0,-9900,-9900,0.0,0.0
2022,3,15,9,60,0.0,0.0,0.0,0.0,0.0,5,25.6,20.6,62,1009.9,84,13.0,-9900,-9900,0.0,0.0
2022,3,15,10,60,0.0,0.0,0.0,0.0,0.0,5,24.9,19.9,64,1010.0,87,13.0,-9900,-9900,0.0,0.0
2022,3,15,11,60,0.0,0.0,0.0,0.0,0.0,5,25.1,20.1,61,1010.5,72,14.8,-9900,-9900,0.0,0.0
2022,3,15,12,60,0.0,0.0,0.0,0.0,0.0,5,24.3,19.3,63,1011.0,75,14.8,-9900,-9900,0.0,0.0
2022,3,15,13,60,0.0,0.0,0.0,0.0,0.0,5,23.5,18.5,67,1011.5,78,13.0,-9900,-9900,0.0,0.0
2022,3,15,14,60,0.0,0.0,0.0,0.0,0.0,5,23.4,18.4,68,1011.7,79,13.0,-9900,-9900,0.0,0.0
2022,3,15,15,60,0.0,0.0,0.0,0.0,0.0,5,23.4,18.4,69,1011.9,79,13.0,-9900,-9900,0.0,0.0
2022,3,15,16,60,0.0,0.0,0.0,0.0,0.0,5,23.3,18.3,70,1012.2,79,13.0,-9900,-9900,0.0,0.0
2022,3,15,17,60,0.0,0.0,0.0,0.0,0.0,5,22.9,17.9,71,1012.1,87,13.0,-9900,-9900,0.0,0.0
2022,3,15,18,60,0.0,0.0,0.0,0.0,0.0,5,22.7,17.7,72,1011.7,87,11.1,-9900,-9900,0.0,0.0
2022,3,15,19,60,0.0,0.0,0.0,0.0,0.0,5,22.5,17.5,73,1011.4,87,9.3,-9900,-9900,0.0,0.0
2022,3,15,20,60,0.0,0.0,0.0,0.0,0.0,5,22.2,17.2,73,1011.3,87,9.3,-9900,-9900,0.0,0.0
2022,3,15,21,60,0.0,0.0,0.0,0.0,0.0,5,22.0,17.0,74,1011.2,87,7.4,-9900,-9900,0.0,0.0
2022,3,15,22,60,0.0,0.0,0.0,0.0,0.0,5,21.8,16.8,75,1011.1,87,7.4,-9900,-9900,0.0,0.0
2022,3,15,23,60,0.0,0.0,0.0,0.0,0.0,5,23.0,18.0,73,1011.5,80,9.3,-9900,-9900,0.0,0.0
2022,3,15,24,60,0.0,0.0,0.0,0.0,0.0,5,23.6,18.6,70,1012.0,81,9.3,-9900,-9900,0.0,0.0
2022,3,16,1,60,0.0,0.0,0.0,0.0,0.0,5,24.3,19.3,67,1012.5,82,9.3,-9900,-9900,0.0,0.0
2022,3,16,2,60,0.0,0.0,0.0,0.0,0.0,5,26.2,21.2,60,1012.2,85,11.1,-9900,-9900,0.0,0.0
2022,3,16,3,60,0.0,0.0,0.0,0.0,0.0,5,28.2,23.2,54,1011.8,87,11.1,-9900,-9900,0.0,0.0
2022,3,16,4,60,0.0,0.0,0.0,0.0,0.0,5,30.1,25.1,49,1011.5,89,13.0,-9900,-9900,0.0,0.0
2022,3,16,5,60,0.0,0.0,0.0,0.0,0.0,5,29.3,24.3,54,1011.0,90,13.0,-9900,-9900,0.0,0.0
2022,3,16,6,60,0.0,0.0,0.0,0.0,0.0,5,29.7,24.7,53,1010.2,87,13.0,-9900,-9900,0.0,0.0
2022,3,16,7,60,0.0,0.0,0.0,0.0,0.0,5,30.0,25.0,52,1009.4,84,13.0,-9900,-9900,0.0,0.0
2022,3,16,8,60,0.0,0.0,0.0,0.0,0.0,5,29.0,24.0,54,1009.5,86,11.1,-9900,-9900,0.0,0.0
2022,3,16,9,60,0.0,0.0,0.0,0.0,0.0,5,28.0,23.0,56,1009.6,89,11.1,-9900,-9900,0.0,0.0
2022,3,16,10,60,0.0,0.0,0.0,0.0,0.0,5,27.0,22.0,59,1009.7,94,9.3,-9900,-9900,0.0,0.0
2022,3,16,11,60,0.0,0.0,0.0,0.0,0.0,5,25.5,20.5,70,1010.6,90,7.4,-9900,-9900,0.0,0.0
2022,3,16,12,60,0.0,0.0,0.0,0.0,0.0,5,25.0,20.0,72,1011.1,95,9.3,-9900,-9900,0.0,0.0
2022,3,16,13,60,0.0,0.0,0.0,0.0,0.0,5,24.5,19.5,73,1011.6,100,9.3,-9900,-9900,0.0,0.0
2022,3,16,14,60,0.0,0.0,0.0,0.0,0.0,5,24.3,19.3,75,1011.6,102,7.4,-9900,-9900,0.0,0.0
2022,3,16,15,60,0.0,0.0,0.0,0.0,0.0,5,24.2,19.2,76,1011.5,105,7.4,-9900,-9900,0.0,0.0
2022,3,16,16,60,0.0,0.0,0.0,0.0,0.0,5,24.1,19.1,76,1011.5,108,7.4,-9900,-9900,0.0,0.0
2022,3,16,17,60,0.0,0.0,0.0,0.0,0.0,5,23.9,18.9,73,1011.4,113,9.3,-9900,-9900,0.0,0.0
2022,3,16,18,60,0.0,0.0,0.0,0.0,0.0,5,23.7,18.7,73,1010.8,121,7.4,-9900,-9900,0.0,0.0
2022,3,16,19,60,0.0,0.0,0.0,0.0,0.0,5,23.4,18.4,75,1010.2,133,5.5,-9900,-9900,0.0,0.0
2022,3,16,20,60,0.0,0.0,0.0,0.0,0.0,5,23.0,18.0,77,1010.0,142,5.5,-9900,-9900,0.0,0.0
2022,3,16,21,60,0.0,0.0,0.0,0.0,0.0,5,22.6,17.6,79,1009.8,154,3.7,-9900,-9900,0.0,0.0
2022,3,16,22,60,0.0,0.0,0.0,0.0,0.0,5,22.2,17.2,81,1009.5,170,3.7,-9900,-9900,0.0,0.0
2022,3,16,23,60,0.0,0.0,0.0,0.0,0.0,5,23.3,18.3,74,1010.1,176,3.7,-9900,-9900,0.0,0.0
2022,3,16,24,60,0.0,0.0,0.0,0.0,0.0,5,23.5,18.5,73,1010.6,184,3.7,-9900,-9900,0.0,0.0
2022,3,17,1,60,0.0,0.0,0.0,0.0,0.0,5,23.7,18.7,73,1011.0,192,3.7,-9900,-9900,0.0,0.0
2022,3,17,2,60,0.0,0.0,0.0,0.0,0.0,5,24.8,19.8,69,1010.8,225,3.7,-9900,-9900,0.0,0.0
2022,3,17,3,60,0.0,0.0,0.0,0.0,0.0,5,26.0,21.0,64,1010.6,254,5.5,-9900,-9900,0.0,0.0
2022,3,17,4,60,0.0,0.0,0.0,0.0,0.0,5,27.1,22.1,61,1010.4,271,5.5,-9900,-9900,0.0,0.0
2022,3,17,5,60,0.0,0.0,0.0,0.0,0.0,5,26.4,21.4,68,1010.1,282,5.5,-9900,-9900,0.0,0.0
2022,3,17,6,60,0.0,0.0,0.0,0.0,0.0,5,26.3,21.3,68,1009.3,290,5.5,-9900,-9900,0.0,0.0
2022,3,17,7,60,0.0,0.0,0.0,0.0,0.0,5,26.2,21.2,68,1008.5,296,5.5,-9900,-9900,0.0,0.0
2022,3,17,8,60,0.0,0.0,0.0,0.0,0.0,5,25.8,20.8,69,1008.0,296,5.5,-9900,-9900,0.0,0.0
2022,3,17,9,60,0.0,0.0,0.0,0.0,0.0,5,25.3,20.3,70,1007.6,297,5.5,-9900,-9900,0.0,0.0
2022,3,17,10,60,0.0,0.0,0.0,0.0,0.0,5,24.8,19.8,72,1007.1,300,5.5,-9900,-9900,0.0,0.0
2022,3,17,11,60,0.0,0.0,0.0,0.0,0.0,5,25.0,20.0,67,1007.5,39,5.5,-9900,-9900,0.0,0.0
2022,3,17,12,60,0.0,0.0,0.0,0.0,0.0,5,24.4,19.4,71,1007.9,49,5.5,-9900,-9900,0.0,0.0
2022,3,17,13,60,0.0,0.0,0.0,0.0,0.0,5,23.9,18.9,75,1008.3,69,5.5,-9900,-9900,0.0,0.0
2022,3,17,14,60,0.0,0.0,0.0,0.0,0.0,5,23.8,18.8,76,1008.1,165,5.5,-9900,-9900,0.0,0.0
2022,3,17,15,60,0.0,0.0,0.0,0.0,0.0,5,23.7,18.7,77,1008.0,219,5.5,-9900,-9900,0.0,0.0
2022,3,17,16,60,0.0,0.0,0.0,0.0,0.0,5,23.6,18.6,79,1007.8,225,5.5,-9900,-9900,0.0,0.0
2022,3,17,17,60,0.0,0.0,0.0,0.0,0.0,5,23.2,18.2,81,1007.6,228,5.5,-9900,-9900,0.0,0.0
2022,3,17,18,60,0.0,0.0,0.0,0.0,0.0,5,22.9,17.9,82,1007.3,231,3.7,-9900,-9900,0.0,0.0
2022,3,17,19,60,0.0,0.0,0.0,0.0,0.0,5,22.5,17.5,84,1007.0,234,3.7,-9900,-9900,0.0,0.0
2022,3,17,20,60,0.0,0.0,0.0,0.0,0.0,5,22.1,17.1,85,1007.0,237,3.7,-9900,-9900,0.0,0.0
2022,3,17,21,60,0.0,0.0,0.0,0.0,0.0,5,21.7,16.7,87,1007.1,241,3.7,-9900,-9900,0.0,0.0
2022,3,17,22,60,0.0,0.0,0.0,0.0,0.0,5,21.4,16.4,89,1007.1,245,3.7,-9900,-9900,0.0,0.0
2022,3,17,23,60,0.0,0.0,0.0,0.0,0.0,5,22.7,17.7,86,1007.6,318,7.4,-9900,-9900,0.0,0.0
2022,3,17,24,60,0.0,0.0,0.0,0.0,0.0,5,22.6,17.6,82,1008.6,345,5.5,-9900,-9900,0.0,0.0
2022,3,18,1,60,0.0,0.0,0.0,0.0,0.0,5,22.5,17.5,78,1009.5,16,5.5,-9900,-9900,0.0,0.0
2022,3,18,2,60,0.0,0.0,0.0,0.0,0.0,5,22.1,17.1,78,1010.0,22,5.5,-9900,-9900,0.0,0.0
2022,3,18,3,60,0.0,0.0,0.0,0.0,0.0,5,21.6,16.6,77,1010.5,26,7.4,-9900,-9900,0.0,0.0
2022,3,18,4,60,0.0,0.0,0.0,0.0,0.0,5,21.2,16.2,76,1011.0,29,7.4,-9900,-9900,0.0,0.0
2022,3,18,5,60,0.0,0.0,0.0,0.0,0.0,5,22.1,17.1,72,1010.5,24,9.3,-9900,-9900,0.0,0.0
2022,3,18,6,60,0.0,0.0,0.0,0.0,0.0,5,21.6,16.6,69,1010.3,29,9.3,-9900,-9900,0.0,0.0
2022,3,18,7,60,0.0,0.0,0.0,0.0,0.0,5,21.1,16.1,66,1010.1,33,11.1,-9900,-9900,0.0,0.0
2022,3,18,8,60,0.0,0.0,0.0,0.0,0.0,5,20.5,15.5,67,1009.9,47,11.1,-9900,-9900,0.0,0.0
2022,3,18,9,60,0.0,0.0,0.0,0.0,0.0,5,20.0,15.0,69,1009.7,58,13.0,-9900,-9900,0.0,0.0
2022,3,18,10,60,0.0,0.0,0.0,0.0,0.0,5,19.4,14.4,71,1009.6,67,13.0,-9900,-9900,0.0,0.0
2022,3,18,11,60,0.0,0.0,0.0,0.0,0.0,5,18.8,13.8,76,1010.9,94,14.8,-9900,-9900,0.0,0.0
2022,3,18,12,60,0.0,0.0,0.0,0.0,0.0,5,18.5,13.5,81,1011.0,92,14.8,-9900,-9900,0.0,0.0
2022,3,18,13,60,0.0,0.0,0.0,0.0,0.0,5,18.3,13.3,87,1011.2,91,13.0,-9900,-9900,0.0,0.0
2022,3,18,14,60,0.0,0.0,0.0,0.0,0.0,5,18.3,13.3,88,1011.2,93,13.0,-9900,-9900,0.0,0.0
2022,3,18,15,60,0.0,0.0,0.0,0.0,0.0,5,18.4,13.4,88,1011.3,95,11.1,-9900,-9900,0.0,0.0
2022,3,18,16,60,0.0,0.0,0.0,0.0,0.0,5,18.4,13.4,89,1011.3,98,9.3,-9900,-9900,0.0,0.0
2022,3,18,17,60,0.0,0.0,0.0,0.0,0.0,5,18.2,13.2,78,1010.8,104,11.1,-9900,-9900,0.0,0.0
2022,3,18,18,60,0.0,0.0,0.0,0.0,0.0,5,18.2,13.2,79,1010.7,104,9.3,-9900,-9900,0.0,0.0
2022,3,18,19,60,0.0,0.0,0.0,0.0,0.0,5,18.2,13.2,80,1010.5,104,7.4,-9900,-9900,0.0,0.0
2022,3,18,20,60,0.0,0.0,0.0,0.0,0.0,5,18.2,13.2,81,1010.4,105,7.4,-9900,-9900,0.0,0.0
2022,3,18,21,60,0.0,0.0,0.0,0.0,0.0,5,18.2,13.2,82,1010.3,105,5.5,-9900,-9900,0.0,0.0
2022,3,18,22,60,0.0,0.0,0.0,0.0,0.0,5,18.2,13.2,82,1010.2,105,5.5,-9900,-9900,0.0,0.0
2022,3,18,23,60,0.0,0.0,0.0,0.0,0.0,5,19.5,14.5,76,1011.2,105,9.3,-9900,-9900,0.0,0.0
2022,3,18,24,60,0.0,0.0,0.0,0.0,0.0,5,20.3,15.3,74,1011.6,101,9.3,-9900,-9900,0.0,0.0
2022,3,19,1,60,0.0,0.0,0.0,0.0,0.0,5,21.0,16.0,73,1011.9,97,9.3,-9900,-9900,0.0,0.0
2022,3,19,2,60,0.0,0.0,0.0,0.0,0.0,5,22.7,17.7,68,1011.7,83,9.3,-9900,-9900,0.0,0.0
2022,3,19,3,60,0.0,0.0,0.0,0.0,0.0,5,24.4,19.4,62,1011.6,71,11.1,-9900,-9900,0.0,0.0
2022,3,19,4,60,0.0,0.0,0.0,0.0,0.0,5,26.1,21.1,58,1011.4,61,11.1,-9900,-9900,0.0,0.0
2022,3,19,5,60,0.0,0.0,0.0,0.0,0.0,5,25.6,20.6,57,1010.6,63,9.3,-9900,-9900,0.0,0.0
2022,3,19,6,60,0.0,0.0,0.0,0.0,0.0,5,26.0,21.0,56,1010.0,59,11.1,-9900,-9900,0.0,0.0
2022,3,19,7,60,0.0,0.0,0.0,0.0,0.0,5,26.5,21.5,55,1009.4,56,11.1,-9900,-9900,0.0,0.0
2022,3,19,8,60,0.0,0.0,0.0,0.0,0.0,5,25.6,20.6,58,1009.6,68,11.1,-9900,-9900,0.0,0.0
2022,3,19,9,60,0.0,0.0,0.0,0.0,0.0,5,24.8,19.8,60,1009.7,76,13.0,-9900,-9900,0.0,0.0
2022,3,19,10,60,0.0,0.0,0.0,0.0,0.0,5,24.0,19.0,63,1009.9,81,13.0,-9900,-9900,0.0,0.0
2022,3,19,11,60,0.0,0.0,0.0,0.0,0.0,5,23.7,18.7,62,1010.7,65,13.0,-9900,-9900,0.0,0.0
2022,3,19,12,60,0.0,0.0,0.0,0.0,0.0,5,23.0,18.0,64,1011.4,74,13.0,-9900,-9900,0.0,0.0
2022,3,19,13,60,0.0,0.0,0.0,0.0,0.0,5,22.2,17.2,67,1012.1,82,13.0,-9900,-9900,0.0,0.0
2022,3,19,14,60,0.0,0.0,0.0,0.0,0.0,5,22.0,17.0,68,1012.5,79,13.0,-9900,-9900,0.0,0.0
2022,3,19,15,60,0.0,0.0,0.0,0.0,0.0,5,21.8,16.8,69,1012.9,76,14.8,-9900,-9900,0.0,0.0
2022,3,19,16,60,0.0,0.0,0.0,0.0,0.0,5,21.6,16.6,70,1013.4,73,14.8,-9900,-9900,0.0,0.0
2022,3,19,17,60,0.0,0.0,0.0,0.0,0.0,5,21.3,16.3,85,1013.1,76,16.7,-9900,-9900,0.0,0.0
2022,3,19,18,60,0.0,0.0,0.0,0.0,0.0,5,21.2,16.2,85,1012.8,77,14.8,-9900,-9900,0.0,0.0
2022,3,19,19,60,0.0,0.0,0.0,0.0,0.0,5,21.1,16.1,85,1012.6,77,14.8,-9900,-9900,0.0,0.0
2022,3,19,20,60,0.0,0.0,0.0,0.0,0.0,5,21.0,16.0,85,1012.8,76,13.0,-9900,-9900,0.0,0.0
2022,3,19,21,60,0.0,0.0,0.0,0.0,0.0,5,20.9,15.9,85,1013.0,75,13.0,-9900,-9900,0.0,0.0
2022,3,19,22,60,0.0,0.0,0.0,0.0,0.0,5,20.7,15.7,86,1013.1,74,13.0,-9900,-9900,0.0,0.0
2022,3,19,23,60,0.0,0.0,0.0,0.0,0.0,5,21.8,16.8,83,1013.6,86,13.0,-9900,-9900,0.0,0.0
2022,3,19,24,60,0.0,0.0,0.0,0.0,0.0,5,22.3,17.3,79,1014.0,88,11.1,-9900,-9900,0.0,0.0
2022,3,20,1,60,0.0,0.0,0.0,0.0,0.0,5,22.7,17.7,76,1014.5,90,11.1,-9900,-9900,0.0,0.0
2022,3,20,2,60,0.0,0.0,0.0,0.0,0.0,5,24.1,19.1,71,1014.2,92,11.1,-9900,-9900,0.0,0.0
2022,3,20,3,60,0.0,0.0,0.0,0.0,0.0,5,25.6,20.6,65,1014.0,93,11.1,-9900,-9900,0.0,0.0
2022,3,20,4,60,0.0,0.0,0.0,0.0,0.0,5,27.1,22.1,60,1013.7,94,11.1,-9900,-9900,0.0,0.0
2022,3,20,5,60,0.0,0.0,0.0,0.0,0.0,5,27.3,22.3,59,1012.9,93,11.1,-9900,-9900,0.0,0.0
2022,3,20,6,60,0.0,0.0,0.0,0.0,0.0,5,27.6,22.6,58,1012.1,91,11.1,-9900,-9900,0.0,0.0
2022,3,20,7,60,0.0,0.0,0.0,0.0,0.0,5,27.8,22.8,58,1011.3,89,11.1,-9900,-9900,0.0,0.0
2022,3,20,8,60,0.0,0.0,0.0,0.0,0.0,5,27.0,22.0,60,1011.4,90,9.3,-9900,-9900,0.0,0.0
2022,3,20,9,60,0.0,0.0,0.0,0.0,0.0,5,26.2,21.2,62,1011.5,91,7.4,-9900,-9900,0.0,0.0
2022,3,20,10,60,0.0,0.0,0.0,0.0,0.0,5,25.4,20.4,64,1011.6,92,7.4,-9900,-9900,0.0,0.0
2022,3,20,11,60,0.0,0.0,0.0,0.0,0.0,5,24.5,19.5,72,1012.7,159,7.4,-9900,-9900,0.0,0.0
2022,3,20,12,60,0.0,0.0,0.0,0.0,0.0,5,24.0,19.0,76,1013.2,154,5.5,-9900,-9900,0.0,0.0
2022,3,20,13,60,0.0,0.0,0.0,0.0,0.0,5,23.4,18.4,82,1013.7,147,3.7,-9900,-9900,0.0,0.0
2022,3,20,14,60,0.0,0.0,0.0,0.0,0.0,5,23.3,18.3,83,1014.0,150,3.7,-9900,-9900,0.0,0.0
2022,3,20,15,60,0.0,0.0,0.0,0.0,0.0,5,23.2,18.2,85,1014.2,153,3.7,-9900,-9900,0.0,0.0
2022,3,20,16,60,0.0,0.0,0.0,0.0,0.0,5,23.1,18.1,86,1014.5,157,3.7,-9900,-9900,0.0,0.0
2022,3,20,17,60,0.0,0.0,0.0,0.0,0.0,5,23.3,18.3,77,1014.1,142,5.5,-9900,-9900,0.0,0.0
2022,3,20,18,60,0.0,0.0,0.0,0.0,0.0,5,22.8,17.8,79,1013.9,165,5.5,-9900,-9900,0.0,0.0
2022,3,20,19,60,0.0,0.0,0.0,0.0,0.0,5,22.4,17.4,80,1013.8,191,3.7,-9900,-9900,0.0,0.0
2022,3,20,20,60,0.0,0.0,0.0,0.0,0.0,5,22.1,17.1,83,1013.8,190,3.7,-9900,-9900,0.0,0.0
2022,3,20,21,60,0.0,0.0,0.0,0.0,0.0,5,21.7,16.7,86,1013.9,189,3.7,-9900,-9900,0.0,0.0
2022,3,20,22,60,0.0,0.0,0.0,0.0,0.0,5,21.4,16.4,88,1013.9,187,3.7,-9900,-9900,0.0,0.0
2022,3,20,23,60,0.0,0.0,0.0,0.0,0.0,5,21.7,16.7,90,1015.0,165,3.7,-9900,-9900,0.0,0.0
2022,3,20,24,60,0.0,0.0,0.0,0.0,0.0,5,21.8,16.8,88,1015.4,170,3.7,-9900,-9900,0.0,0.0
2022,3,21,1,60,0.0,0.0,0.0,0.0,0.0,5,21.8,16.8,86,1015.9,177,3.7,-9900,-9900,0.0,0.0
2022,3,21,2,60,0.0,0.0,0.0,0.0,0.0,5,22.9,17.9,81,1015.7,202,3.7,-9900,-9900,0.0,0.0
2022,3,21,3,60,0.0,0.0,0.0,0.0,0.0,5,24.0,19.0,75,1015.4,319,3.7,-9900,-9900,0.0,0.0
2022,3,21,4,60,0.0,0.0,0.0,0.0,0.0,5,25.2,20.2,70,1015.2,334,3.7,-9900,-9900,0.0,0.0
2022,3,21,5,60,0.0,0.0,0.0,0.0,0.0,5,25.6,20.6,71,1014.3,343,5.5,-9900,-9900,0.0,0.0
2022,3,21,6,60,0.0,0.0,0.0,0.0,0.0,5,25.9,20.9,71,1013.4,346,5.5,-9900,-9900,0.0,0.0
2022,3,21,7,60,0.0,0.0,0.0,0.0,0.0,5,26.2,21.2,70,1012.5,349,5.5,-9900,-9900,0.0,0.0
2022,3,21,8,60,0.0,0.0,0.0,0.0,0.0,5,25.6,20.6,72,1012.3,359,5.5,-9900,-9900,0.0,0.0
2022,3,21,9,60,0.0,0.0,0.0,0.0,0.0,5,24.9,19.9,73,1012.1,12,5.5,-9900,-9900,0.0,0.0
2022,3,21,10,60,0.0,0.0,0.0,0.0,0.0,5,24.3,19.3,75,1011.9,29,5.5,-9900,-9900,0.0,0.0
2022,3,21,11,60,0.0,0.0,0.0,0.0,0.0,5,23.3,18.3,83,1012.4,340,5.5,-9900,-9900,0.0,0.0
2022,3,21,12,60,0.0,0.0,0.0,0.0,0.0,5,22.8,17.8,86,1012.8,355,5.5,-9900,-9900,0.0,0.0
2022,3,21,13,60,0.0,0.0,0.0,0.0,0.0,5,22.3,17.3,89,1013.1,18,3.7,-9900,-9900,0.0,0.0
2022,3,21,14,60,0.0,0.0,0.0,0.0,0.0,5,22.1,17.1,90,1013.3,16,3.7,-9900,-9900,0.0,0.0
2022,3,21,15,60,0.0,0.0,0.0,0.0,0.0,5,21.9,16.9,91,1013.4,9,3.7,-9900,-9900,0.0,0.0
2022,3,21,16,60,0.0,0.0,0.0,0.0,0.0,5,21.8,16.8,92,1013.5,220,3.7,-9900,-9900,0.0,0.0
2022,3,21,17,60,0.0,0.0,0.0,0.0,0.0,5,20.6,15.6,88,1014.1,217,3.7,-9900,-9900,0.0,0.0
2022,3,21,18,60,0.0,0.0,0.0,0.0,0.0,5,20.5,15.5,89,1013.7,220,3.7,-9900,-9900,0.0,0.0
2022,3,21,19,60,0.0,0.0,0.0,0.0,0.0,5,20.4,15.4,89,1013.3,222,3.7,-9900,-9900,0.0,0.0
2022,3,21,20,60,0.0,0.0,0.0,0.0,0.0,5,20.3,15.3,89,1013.3,206,5.5,-9900,-9900,0.0,0.0
2022,3,21,21,60,0.0,0.0,0.0,0.0,0.0,5,20.2,15.2,89,1013.3,139,5.5,-9900,-9900,0.0,0.0
2022,3,21,22,60,0.0,0.0,0.0,0.0,0.0,5,20.0,15.0,90,1013.3,88,5.5,-9900,-9900,0.0,0.0
2022,3,21,23,60,0.0,0.0,0.0,0.0,0.0,5,20.8,15.8,85,1014.7,136,5.5,-9900,-9900,0.0,0.0
2022,3,21,24,60,0.0,0.0,0.0,0.0,0.0,5,20.4,15.4,84,1015.5,108,5.5,-9900,-9900,0.0,0.0
2022,3,22,1,60,0.0,0.0,0.0,0.0,0.0,5,20.0,15.0,84,1016.2,95,5.5,-9900,-9900,0.0,0.0
2022,3,22,2,60,0.0,0.0,0.0,0.0,0.0,5,19.9,14.9,84,1016.3,84,7.4,-9900,-9900,0.0,0.0
2022,3,22,3,60,0.0,0.0,0.0,0.0,0.0,5,19.8,14.8,84,1016.4,77,9.3,-9900,-9900,0.0,0.0
2022,3,22,4,60,0.0,0.0,0.0,0.0,0.0,5,19.7,14.7,85,1016.5,72,11.1,-9900,-9900,0.0,0.0
2022,3,22,5,60,0.0,0.0,0.0,0.0,0.0,5,18.9,13.9,83,1016.0,68,11.1,-9900,-9900,0.0,0.0
2022,3,22,6,60,0.0,0.0,0.0,0.0,0.0,5,19.2,14.2,82,1015.3,69,11.1,-9900,-9900,0.0,0.0
2022,3,22,7,60,0.0,0.0,0.0,0.0,0.0,5,19.4,14.4,81,1014.6,70,11.1,-9900,-9900,0.0,0.0
2022,3,22,8,60,0.0,0.0,0.0,0.0,0.0,5,19.2,14.2,82,1014.6,72,11.1,-9900,-9900,0.0,0.0
2022,3,22,9,60,0.0,0.0,0.0,0.0,0.0,5,19.0,14.0,83,1014.6,74,11.1,-9900,-9900,0.0,0.0
2022,3,22,10,60,0.0,0.0,0.0,0.0,0.0,5,18.7,13.7,85,1014.6,76,11.1,-9900,-9900,0.0,0.0
2022,3,22,11,60,0.0,0.0,0.0,0.0,0.0,5,18.2,13.2,91,1016.0,101,7.4,-9900,-9900,0.0,0.0
2022,3,22,12,60,0.0,0.0,0.0,0.0,0.0,5,18.1,13.1,92,1016.3,95,7.4,-9900,-9900,0.0,0.0
2022,3,22,13,60,0.0,0.0,0.0,0.0,0.0,5,18.0,13.0,92,1016.5,90,9.3,-9900,-9900,0.0,0.0
2022,3,22,14,60,0.0,0.0,0.0,0.0,0.0,5,18.0,13.0,93,1016.4,88,9.3,-9900,-9900,0.0,0.0
2022,3,22,15,60,0.0,0.0,0.0,0.0,0.0,5,17.9,12.9,95,1016.3,85,9.3,-9900,-9900,0.0,0.0
2022,3,22,16,60,0.0,0.0,0.0,0.0,0.0,5,17.8,12.8,96,1016.1,82,9.3,-9900,-9900,0.0,0.0
2022,3,22,17,60,0.0,0.0,0.0,0.0,0.0,5,17.6,12.6,96,1015.7,80,7.4,-9900,-9900,0.0,0.0
2022,3,22,18,60,0.0,0.0,0.0,0.0,0.0,5,17.3,12.3,97,1015.3,77,7.4,-9900,-9900,0.0,0.0
2022,3,22,19,60,0.0,0.0,0.0,0.0,0.0,5,17.1,12.1,97,1014.9,73,7.4,-9900,-9900,0.0,0.0
2022,3,22,20,60,0.0,0.0,0.0,0.0,0.0,5,16.8,11.8,99,1014.9,70,7.4,-9900,-9900,0.0,0.0
2022,3,22,21,60,0.0,0.0,0.0,0.0,0.0,5,16.6,11.6,100,1014.9,65,7.4,-9900,-9900,0.0,0.0
2022,3,22,22,60,0.0,0.0,0.0,0.0,0.0,5,16.5,11.5,100,1015.0,57,5.5,-9900,-9900,0.0,0.0
2022,3,22,23,60,0.0,0.0,0.0,0.0,0.0,5,16.5,11.5,95,1014.5,104,9.3,-9900,-9900,0.0,0.0
2022,3,22,24,60,0.0,0.0,0.0,0.0,0.0,5,16.2,11.2,94,1015.5,102,9.3,-9900,-9900,0.0,0.0
2022,3,23,1,60,0.0,0.0,0.0,0.0,0.0,5,15.9,10.9,92,1016.4,100,9.3,-9900,-9900,0.0,0.0
2022,3,23,2,60,0.0,0.0,0.0,0.0,0.0,5,15.7,10.7,91,1016.6,92,9.3,-9900,-9900,0.0,0.0
2022,3,23,3,60,0.0,0.0,0.0,0.0,0.0,5,15.6,10.6,89,1016.8,84,9.3,-9900,-9900,0.0,0.0
2022,3,23,4,60,0.0,0.0,0.0,0.0,0.0,5,15.4,10.4,88,1017.0,76,9.3,-9900,-9900,0.0,0.0
2022,3,23,5,60,0.0,0.0,0.0,0.0,0.0,5,15.8,10.8,87,1016.5,58,7.4,-9900,-9900,0.0,0.0
2022,3,23,6,60,0.0,0.0,0.0,0.0,0.0,5,15.6,10.6,86,1016.2,62,9.3,-9900,-9900,0.0,0.0
2022,3,23,7,60,0.0,0.0,0.0,0.0,0.0,5,15.4,10.4,85,1015.8,65,9.3,-9900,-9900,0.0,0.0
2022,3,23,8,60,0.0,0.0,0.0,0.0,0.0,5,15.4,10.4,85,1015.9,69,9.3,-9900,-9900,0.0,0.0
2022,3,23,9,60,0.0,0.0,0.0,0.0,0.0,5,15.3,10.3,85,1016.1,73,9.3,-9900,-9900,0.0,0.0
2022,3,23,10,60,0.0,0.0,0.0,0.0,0.0,5,15.2,10.2,85,1016.3,76,9.3,-9900,-9900,0.0,0.0
2022,3,23,11,60,0.0,0.0,0.0,0.0,0.0,5,15.4,10.4,84,1017.0,87,9.3,-9900,-9900,0.0,0.0
2022,3,23,12,60,0.0,0.0,0.0,0.0,0.0,5,15.4,10.4,82,1017.5,87,11.1,-9900,-9900,0.0,0.0
2022,3,23,13,60,0.0,0.0,0.0,0.0,0.0,5,15.3,10.3,81,1018.0,86,11.1,-9900,-9900,0.0,0.0
2022,3,23,14,60,0.0,0.0,0.0,0.0,0.0,5,15.4,10.4,81,1018.1,84,11.1,-9900,-9900,0.0,0.0
2022,3,23,15,60,0.0,0.0,0.0,0.0,0.0,5,15.6,10.6,81,1018.1,82,11.1,-9900,-9900,0.0,0.0
2022,3,23,16,60,0.0,0.0,0.0,0.0,0.0,5,15.7,10.7,81,1018.2,80,11.1,-9900,-9900,0.0,0.0
2022,3,23,17,60,0.0,0.0,0.0,0.0,0.0,5,15.4,10.4,88,1017.9,89,14.8,-9900,-9900,0.0,0.0
2022,3,23,18,60,0.0,0.0,0.0,0.0,0.0,5,15.5,10.5,87,1017.4,86,14.8,-9900,-9900,0.0,0.0
2022,3,23,19,60,0.0,0.0,0.0,0.0,0.0,5,15.7,10.7,87,1016.9,83,13.0,-9900,-9900,0.0,0.0
2022,3,23,20,60,0.0,0.0,0.0,0.0,0.0,5,15.9,10.9,86,1016.6,83,13.0,-9900,-9900,0.0,0.0
2022,3,23,21,60,0.0,0.0,0.0,0.0,0.0,5,16.0,11.0,86,1016.3,84,13.0,-9900,-9900,0.0,0.0
2022,3,23,22,60,0.0,0.0,0.0,0.0,0.0,5,16.2,11.2,85,1016.0,84,13.0,-9900,-9900,0.0,0.0
2022,3,23,23,60,0.0,0.0,0.0,0.0,0.0,5,16.1,11.1,89,1016.7,94,14.8,-9900,-9900,0.0,0.0
2022,3,23,24,60,0.0,0.0,0.0,0.0,0.0,5,16.6,11.6,86,1017.0,92,14.8,-9900,-9900,0.0,0.0
2022,3,24,1,60,0.0,0.0,0.0,0.0,0.0,5,17.1,12.1,85,1017.4,91,14.8,-9900,-9900,0.0,0.0
2022,3,24,2,60,0.0,0.0,0.0,0.0,0.0,5,18.4,13.4,79,1017.1,90,14.8,-9900,-9900,0.0,0.0
2022,3,24,3,60,0.0,0.0,0.0,0.0,0.0,5,19.7,14.7,74,1016.8,89,14.8,-9900,-9900,0.0,0.0
2022,3,24,4,60,0.0,0.0,0.0,0.0,0.0,5,21.1,16.1,70,1016.5,87,14.8,-9900,-9900,0.0,0.0
2022,3,24,5,60,0.0,0.0,0.0,0.0,0.0,5,20.6,15.6,75,1016.1,93,14.8,-9900,-9900,0.0,0.0
2022,3,24,6,60,0.0,0.0,0.0,0.0,0.0,5,21.1,16.1,73,1015.3,98,13.0,-9900,-9900,0.0,0.0
2022,3,24,7,60,0.0,0.0,0.0,0.0,0.0,5,21.6,16.6,71,1014.4,104,13.0,-9900,-9900,0.0,0.0
2022,3,24,8,60,0.0,0.0,0.0,0.0,0.0,5,21.4,16.4,72,1014.2,101,13.0,-9900,-9900,0.0,0.0
2022,3,24,9,60,0.0,0.0,0.0,0.0,0.0,5,21.3,16.3,72,1014.0,96,13.0,-9900,-9900,0.0,0.0
2022,3,24,10,60,0.0,0.0,0.0,0.0,0.0,5,21.1,16.1,73,1013.8,91,11.1,-9900,-9900,0.0,0.0
2022,3,24,11,60,0.0,0.0,0.0,0.0,0.0,5,20.8,15.8,77,1014.5,99,11.1,-9900,-9900,0.0,0.0
2022,3,24,12,60,0.0,0.0,0.0,0.0,0.0,5,20.7,15.7,77,1014.7,99,11.1,-9900,-9900,0.0,0.0
2022,3,24,13,60,0.0,0.0,0.0,0.0,0.0,5,20.6,15.6,77,1014.9,99,9.3,-9900,-9900,0.0,0.0
2022,3,24,14,60,0.0,0.0,0.0,0.0,0.0,5,20.6,15.6,78,1014.7,99,9.3,-9900,-9900,0.0,0.0
2022,3,24,15,60,0.0,0.0,0.0,0.0,0.0,5,20.6,15.6,79,1014.5,98,9.3,-9900,-9900,0.0,0.0
2022,3,24,16,60,0.0,0.0,0.0,0.0,0.0,5,20.6,15.6,80,1014.4,98,7.4,-9900,-9900,0.0,0.0
2022,3,24,17,60,0.0,0.0,0.0,0.0,0.0,5,21.0,16.0,79,1014.5,102,9.3,-9900,-9900,0.0,0.0
2022,3,24,18,60,0.0,0.0,0.0,0.0,0.0,5,20.8,15.8,80,1013.8,108,7.4,-9900,-9900,0.0,0.0
2022,3,24,19,60,0.0,0.0,0.0,0.0,0.0,5,20.6,15.6,81,1013.2,115,5.5,-9900,-9900,0.0,0.0
2022,3,24,20,60,0.0,0.0,0.0,0.0,0.0,5,20.3,15.3,83,1012.8,121,5.5,-9900,-9900,0.0,0.0
2022,3,24,21,60,0.0,0.0,0.0,0.0,0.0,5,20.0,15.0,86,1012.5,127,5.5,-9900,-9900,0.0,0.0
2022,3,24,22,60,0.0,0.0,0.0,0.0,0.0,5,19.6,14.6,89,1012.2,135,5.5,-9900,-9900,0.0,0.0
2022,3,24,23,60,0.0,0.0,0.0,0.0,0.0,5,20.1,15.1,86,1012.5,133,5.5,-9900,-9900,0.0,0.0
2022,3,24,24,60,0.0,0.0,0.0,0.0,0.0,5,20.5,15.5,85,1012.8,131,5.5,-9900,-9900,0.0,0.0
2022,3,25,1,60,0.0,0.0,0.0,0.0,0.0,5,21.0,16.0,82,1013.2,128,5.5,-9900,-9900,0.0,0.0
2022,3,25,2,60,0.0,0.0,0.0,0.0,0.0,5,22.3,17.3,78,1012.8,142,3.7,-9900,-9900,0.0,0.0
2022,3,25,3,60,0.0,0.0,0.0,0.0,0.0,5,23.7,18.7,74,1012.4,169,3.7,-9900,-9900,0.0,0.0
2022,3,25,4,60,0.0,0.0,0.0,0.0,0.0,5,25.0,20.0,70,1012.0,211,1.8,-9900,-9900,0.0,0.0
2022,3,25,5,60,0.0,0.0,0.0,0.0,0.0,5,25.2,20.2,73,1011.3,254,1.8,-9900,-9900,0.0,0.0
2022,3,25,6,60,0.0,0.0,0.0,0.0,0.0,5,25.4,20.4,72,1010.6,302,3.7,-9900,-9900,0.0,0.0
2022,3,25,7,60,0.0,0.0,0.0,0.0,0.0,5,25.6,20.6,72,1009.8,319,3.7,-9900,-9900,0.0,0.0
2022,3,25,8,60,0.0,0.0,0.0,0.0,0.0,5,25.3,20.3,73,1009.6,335,3.7,-9900,-9900,0.0,0.0
2022,3,25,9,60,0.0,0.0,0.0,0.0,0.0,5,24.9,19.9,75,1009.4,6,3.7,-9900,-9900,0.0,0.0
2022,3,25,10,60,0.0,0.0,0.0,0.0,0.0,5,24.6,19.6,76,1009.2,40,3.7,-9900,-9900,0.0,0.0
2022,3,25,11,60,0.0,0.0,0.0,0.0,0.0,5,25.1,20.1,73,1009.4,9,5.5,-9900,-9900,0.0,0.0
2022,3,25,12,60,0.0,0.0,0.0,0.0,0.0,5,24.6,19.6,75,1009.8,60,3.7,-9900,-9900,0.0,0.0
2022,3,25,13,60,0.0,0.0,0.0,0.0,0.0,5,24.1,19.1,77,1010.3,100,3.7,-9900,-9900,0.0,0.0
2022,3,25,14,60,0.0,0.0,0.0,0.0,0.0,5,24.0,19.0,77,1010.2,127,3.7,-9900,-9900,0.0,0.0
2022,3,25,15,60,0.0,0.0,0.0,0.0,0.0,5,23.9,18.9,77,1010.1,147,3.7,-9900,-9900,0.0,0.0
2022,3,25,16,60,0.0,0.0,0.0,0.0,0.0,5,23.9,18.9,77,1010.1,160,3.7,-9900,-9900,0.0,0.0
2022,3,25,17,60,0.0,0.0,0.0,0.0,0.0,5,23.9,18.9,84,1009.5,161,5.5,-9900,-9900,0.0,0.0
2022,3,25,18,60,0.0,0.0,0.0,0.0,0.0,5,23.7,18.7,84,1009.1,176,5.5,-9900,-9900,0.0,0.0
2022,3,25,19,60,0.0,0.0,0.0,0.0,0.0,5,23.4,18.4,84,1008.7,190,3.7,-9900,-9900,0.0,0.0
2022,3,25,20,60,0.0,0.0,0.0,0.0,0.0,5,23.1,18.1,85,1008.5,191,5.5,-9900,-9900,0.0,0.0
2022,3,25,21,60,0.0,0.0,0.0,0.0,0.0,5,22.9,17.9,85,1008.4,191,5.5,-9900,-9900,0.0,0.0
2022,3,25,22,60,0.0,0.0,0.0,0.0,0.0,5,22.7,17.7,85,1008.2,192,5.5,-9900,-9900,0.0,0.0
2022,3,25,23,60,0.0,0.0,0.0,0.0,0.0,5,23.7,18.7,81,1009.4,192,5.5,-9900,-9900,0.0,0.0
2022,3,25,24,60,0.0,0.0,0.0,0.0,0.0,5,23.9,18.9,80,1009.9,209,5.5,-9900,-9900,0.0,0.0
2022,3,26,1,60,0.0,0.0,0.0,0.0,0.0,5,24.2,19.2,79,1010.5,224,3.7,-9900,-9900,0.0,0.0
2022,3,26,2,60,0.0,0.0,0.0,0.0,0.0,5,25.4,20.4,76,1010.4,244,5.5,-9900,-9900,0.0,0.0
2022,3,26,3,60,0.0,0.0,0.0,0.0,0.0,5,26.6,21.6,73,1010.3,255,7.4,-9900,-9900,0.0,0.0
2022,3,26,4,60,0.0,0.0,0.0,0.0,0.0,5,27.8,22.8,70,1010.2,262,9.3,-9900,-9900,0.0,0.0
2022,3,26,5,60,0.0,0.0,0.0,0.0,0.0,5,28.1,23.1,67,1010.1,268,11.1,-9900,-9900,0.0,0.0
2022,3,26,6,60,0.0,0.0,0.0,0.0,0.0,5,27.7,22.7,68,1009.7,270,11.1,-9900,-9900,0.0,0.0
2022,3,26,7,60,0.0,0.0,0.0,0.0,0.0,5,27.4,22.4,69,1009.2,272,11.1,-9900,-9900,0.0,0.0
2022,3,26,8,60,0.0,0.0,0.0,0.0,0.0,5,26.2,21.2,72,1009.5,280,11.1,-9900,-9900,0.0,0.0
2022,3,26,9,60,0.0,0.0,0.0,0.0,0.0,5,24.9,19.9,76,1009.8,8,11.1,-9900,-9900,0.0,0.0
2022,3,26,10,60,0.0,0.0,0.0,0.0,0.0,5,23.7,18.7,80,1010.1,68,11.1,-9900,-9900,0.0,0.0
2022,3,26,11,60,0.0,0.0,0.0,0.0,0.0,5,22.2,17.2,86,1012.0,75,13.0,-9900,-9900,0.0,0.0
2022,3,26,12,60,0.0,0.0,0.0,0.0,0.0,5,21.8,16.8,85,1012.8,75,13.0,-9900,-9900,0.0,0.0
2022,3,26,13,60,0.0,0.0,0.0,0.0,0.0,5,21.4,16.4,84,1013.6,75,13.0,-9900,-9900,0.0,0.0
2022,3,26,14,60,0.0,0.0,0.0,0.0,0.0,5,21.0,16.0,86,1013.8,75,13.0,-9900,-9900,0.0,0.0
2022,3,26,15,60,0.0,0.0,0.0,0.0,0.0,5,20.5,15.5,87,1014.0,76,11.1,-9900,-9900,0.0,0.0
2022,3,26,16,60,0.0,0.0,0.0,0.0,0.0,5,20.1,15.1,89,1014.3,76,11.1,-9900,-9900,0.0,0.0
2022,3,26,17,60,0.0,0.0,0.0,0.0,0.0,5,19.3,14.3,93,1013.8,80,13.0,-9900,-9900,0.0,0.0
2022,3,26,18,60,0.0,0.0,0.0,0.0,0.0,5,19.0,14.0,93,1013.8,75,13.0,-9900,-9900,0.0,0.0
2022,3,26,19,60,0.0,0.0,0.0,0.0,0.0,5,18.7,13.7,93,1013.7,70,11.1,-9900,-9900,0.0,0.0
2022,3,26,20,60,0.0,0.0,0.0,0.0,0.0,5,18.3,13.3,94,1014.2,71,11.1,-9900,-9900,0.0,0.0
2022,3,26,21,60,0.0,0.0,0.0,0.0,0.0,5,17.9,12.9,95,1014.7,71,11.1,-9900,-9900,0.0,0.0
2022,3,26,22,60,0.0,0.0,0.0,0.0,0.0,5,17.5,12.5,95,1015.2,72,11.1,-9900,-9900,0.0,0.0
2022,3,26,23,60,0.0,0.0,0.0,0.0,0.0,5,16.6,11.6,93,1015.5,93,13.0,-9900,-9900,0.0,0.0
2022,3,26,24,60,0.0,0.0,0.0,0.0,0.0,5,16.6,11.6,93,1016.2,93,13.0,-9900,-9900,0.0,0.0
2022,3,27,1,60,0.0,0.0,0.0,0.0,0.0,5,16.7,11.7,92,1016.8,93,13.0,-9900,-9900,0.0,0.0
2022,3,27,2,60,0.0,0.0,0.0,0.0,0.0,5,16.9,11.9,92,1016.9,88,13.0,-9900,-9900,0.0,0.0
2022,3,27,3,60,0.0,0.0,0.0,0.0,0.0,5,17.2,12.2,90,1017.0,83,13.0,-9900,-9900,0.0,0.0
2022,3,27,4,60,0.0,0.0,0.0,0.0,0.0,5,17.4,12.4,89,1017.2,78,13.0,-9900,-9900,0.0,0.0
2022,3,27,5,60,0.0,0.0,0.0,0.0,0.0,5,17.4,12.4,83,1016.8,84,14.8,-9900,-9900,0.0,0.0
2022,3,27,6,60,0.0,0.0,0.0,0.0,0.0,5,17.4,12.4,82,1016.3,84,14.8,-9900,-9900,0.0,0.0
2022,3,27,7,60,0.0,0.0,0.0,0.0,0.0,5,17.4,12.4,81,1015.8,84,14.8,-9900,-9900,0.0,0.0
2022,3,27,8,60,0.0,0.0,0.0,0.0,0.0,5,17.3,12.3,81,1016.0,85,14.8,-9900,-9900,0.0,0.0
2022,3,27,9,60,0.0,0.0,0.0,0.0,0.0,5,17.2,12.2,81,1016.1,86,14.8,-9900,-9900,0.0,0.0
2022,3,27,10,60,0.0,0.0,0.0,0.0,0.0,5,17.1,12.1,81,1016.3,87,14.8,-9900,-9900,0.0,0.0
2022,3,27,11,60,0.0,0.0,0.0,0.0,0.0,5,17.1,12.1,79,1016.9,84,14.8,-9900,-9900,0.0,0.0
2022,3,27,12,60,0.0,0.0,0.0,0.0,0.0,5,17.1,12.1,78,1017.5,81,16.7,-9900,-9900,0.0,0.0
2022,3,27,13,60,0.0,0.0,0.0,0.0,0.0,5,17.0,12.0,77,1018.1,78,16.7,-9900,-9900,0.0,0.0
2022,3,27,14,60,0.0,0.0,0.0,0.0,0.0,5,16.9,11.9,77,1018.3,80,14.8,-9900,-9900,0.0,0.0
2022,3,27,15,60,0.0,0.0,0.0,0.0,0.0,5,16.8,11.8,78,1018.5,83,14.8,-9900,-9900,0.0,0.0
2022,3,27,16,60,0.0,0.0,0.0,0.0,0.0,5,16.6,11.6,80,1018.8,86,13.0,-9900,-9900,0.0,0.0
2022,3,27,17,60,0.0,0.0,0.0,0.0,0.0,5,16.0,11.0,87,1018.3,91,16.7,-9900,-9900,0.0,0.0
2022,3,27,18,60,0.0,0.0,0.0,0.0,0.0,5,16.1,11.1,86,1017.8,87,16.7,-9900,-9900,0.0,0.0
2022,3,27,19,60,0.0,0.0,0.0,0.0,0.0,5,16.2,11.2,85,1017.4,84,16.7,-9900,-9900,0.0,0.0
2022,3,27,20,60,0.0,0.0,0.0,0.0,0.0,5,16.1,11.1,87,1017.5,86,14.8,-9900,-9900,0.0,0.0
2022,3,27,21,60,0.0,0.0,0.0,0.0,0.0,5,15.9,10.9,89,1017.6,87,14.8,-9900,-9900,0.0,0.0
2022,3,27,22,60,0.0,0.0,0.0,0.0,0.0,5,15.8,10.8,91,1017.6,89,13.0,-9900,-9900,0.0,0.0
2022,3,27,23,60,0.0,0.0,0.0,0.0,0.0,5,16.4,11.4,83,1018.3,94,14.8,-9900,-9900,0.0,0.0
2022,3,27,24,60,0.0,0.0,0.0,0.0,0.0,5,16.3,11.3,85,1019.0,92,14.8,-9900,-9900,0.0,0.0
2022,3,28,1,60,0.0,0.0,0.0,0.0,0.0,5,16.3,11.3,87,1019.6,91,14.8,-9900,-9900,0.0,0.0
2022,3,28,2,60,0.0,0.0,0.0,0.0,0.0,5,16.3,11.3,86,1019.7,90,14.8,-9900,-9900,0.0,0.0
2022,3,28,3,60,0.0,0.0,0.0,0.0,0.0,5,16.4,11.4,85,1019.9,89,16.7,-9900,-9900,0.0,0.0
2022,3,28,4,60,0.0,0.0,0.0,0.0,0.0,5,16.4,11.4,84,1020.0,88,16.7,-9900,-9900,0.0,0.0
2022,3,28,5,60,0.0,0.0,0.0,0.0,0.0,5,16.5,11.5,88,1020.1,88,16.7,-9900,-9900,0.0,0.0
2022,3,28,6,60,0.0,0.0,0.0,0.0,0.0,5,16.4,11.4,87,1019.6,89,16.7,-9900,-9900,0.0,0.0
2022,3,28,7,60,0.0,0.0,0.0,0.0,0.0,5,16.3,11.3,87,1019.1,90,14.8,-9900,-9900,0.0,0.0
2022,3,28,8,60,0.0,0.0,0.0,0.0,0.0,5,16.2,11.2,87,1019.3,88,14.8,-9900,-9900,0.0,0.0
2022,3,28,9,60,0.0,0.0,0.0,0.0,0.0,5,16.0,11.0,88,1019.4,87,14.8,-9900,-9900,0.0,0.0
2022,3,28,10,60,0.0,0.0,0.0,0.0,0.0,5,15.9,10.9,88,1019.5,85,14.8,-9900,-9900,0.0,0.0
2022,3,28,11,60,0.0,0.0,0.0,0.0,0.0,5,16.2,11.2,90,1020.2,82,13.0,-9900,-9900,0.0,0.0
2022,3,28,12,60,0.0,0.0,0.0,0.0,0.0,5,16.3,11.3,86,1020.7,83,13.0,-9900,-9900,0.0,0.0
2022,3,28,13,60,0.0,0.0,0.0,0.0,0.0,5,16.4,11.4,84,1021.2,85,11.1,-9900,-9900,0.0,0.0
2022,3,28,14,60,0.0,0.0,0.0,0.0,0.0,5,16.6,11.6,82,1021.2,83,11.1,-9900,-9900,0.0,0.0
2022,3,28,15,60,0.0,0.0,0.0,0.0,0.0,5,16.8,11.8,81,1021.2,82,13.0,-9900,-9900,0.0,0.0
2022,3,28,16,60,0.0,0.0,0.0,0.0,0.0,5,16.9,11.9,80,1021.2,80,13.0,-9900,-9900,0.0,0.0
2022,3,28,17,60,0.0,0.0,0.0,0.0,0.0,5,17.4,12.4,93,1020.8,88,14.8,-9900,-9900,0.0,0.0
2022,3,28,18,60,0.0,0.0,0.0,0.0,0.0,5,17.5,12.5,93,1020.1,85,13.0,-9900,-9900,0.0,0.0
2022,3,28,19,60,0.0,0.0,0.0,0.0,0.0,5,17.5,12.5,93,1019.4,82,13.0,-9900,-9900,0.0,0.0
2022,3,28,20,60,0.0,0.0,0.0,0.0,0.0,5,17.4,12.4,94,1019.2,83,13.0,-9900,-9900,0.0,0.0
2022,3,28,21,60,0.0,0.0,0.0,0.0,0.0,5,17.4,12.4,95,1018.9,84,11.1,-9900,-9900,0.0,0.0
2022,3,28,22,60,0.0,0.0,0.0,0.0,0.0,5,17.3,12.3,96,1018.7,86,11.1,-9900,-9900,0.0,0.0
2022,3,28,23,60,0.0,0.0,0.0,0.0,0.0,5,18.4,13.4,96,1019.6,94,11.1,-9900,-9900,0.0,0.0
2022,3,28,24,60,0.0,0.0,0.0,0.0,0.0,5,18.7,13.7,94,1019.7,94,13.0,-9900,-9900,0.0,0.0
2022,3,29,1,60,0.0,0.0,0.0,0.0,0.0,5,19.0,14.0,93,1019.8,93,13.0,-9900,-9900,0.0,0.0
2022,3,29,2,60,0.0,0.0,0.0,0.0,0.0,5,20.1,15.1,88,1019.3,88,14.8,-9900,-9900,0.0,0.0
2022,3,29,3,60,0.0,0.0,0.0,0.0,0.0,5,21.1,16.1,84,1018.9,84,16.7,-9900,-9900,0.0,0.0
2022,3,29,4,60,0.0,0.0,0.0,0.0,0.0,5,22.1,17.1,81,1018.4,81,16.7,-9900,-9900,0.0,0.0
2022,3,29,5,60,0.0,0.0,0.0,0.0,0.0,5,22.4,17.4,82,1017.6,86,16.7,-9900,-9900,0.0,0.0
2022,3,29,6,60,0.0,0.0,0.0,0.0,0.0,5,22.7,17.7,80,1016.8,88,16.7,-9900,-9900,0.0,0.0
2022,3,29,7,60,0.0,0.0,0.0,0.0,0.0,5,23.0,18.0,78,1015.9,89,16.7,-9900,-9900,0.0,0.0
2022,3,29,8,60,0.0,0.0,0.0,0.0,0.0,5,22.9,17.9,78,1015.8,87,16.7,-9900,-9900,0.0,0.0
2022,3,29,9,60,0.0,0.0,0.0,0.0,0.0,5,22.7,17.7,79,1015.7,86,16.7,-9900,-9900,0.0,0.0
2022,3,29,10,60,0.0,0.0,0.0,0.0,0.0,5,22.5,17.5,80,1015.6,84,14.8,-9900,-9900,0.0,0.0
2022,3,29,11,60,0.0,0.0,0.0,0.0,0.0,5,22.9,17.9,78,1015.8,81,13.0,-9900,-9900,0.0,0.0
2022,3,29,12,60,0.0,0.0,0.0,0.0,0.0,5,22.6,17.6,79,1016.2,80,13.0,-9900,-9900,0.0,0.0
2022,3,29,13,60,0.0,0.0,0.0,0.0,0.0,5,22.3,17.3,81,1016.7,80,11.1,-9900,-9900,0.0,0.0
2022,3,29,14,60,0.0,0.0,0.0,0.0,0.0,5,22.3,17.3,82,1016.7,78,11.1,-9900,-9900,0.0,0.0
2022,3,29,15,60,0.0,0.0,0.0,0.0,0.0,5,22.3,17.3,83,1016.7,77,11.1,-9900,-9900,0.0,0.0
2022,3,29,16,60,0.0,0.0,0.0,0.0,0.0,5,22.3,17.3,84,1016.7,75,11.1,-9900,-9900,0.0,0.0
2022,3,29,17,60,0.0,0.0,0.0,0.0,0.0,5,22.6,17.6,80,1016.6,91,13.0,-9900,-9900,0.0,0.0
2022,3,29,18,60,0.0,0.0,0.0,0.0,0.0,5,22.4,17.4,81,1016.1,93,11.1,-9900,-9900,0.0,0.0
2022,3,29,19,60,0.0,0.0,0.0,0.0,0.0,5,22.2,17.2,82,1015.7,96,7.4,-9900,-9900,0.0,0.0
2022,3,29,20,60,0.0,0.0,0.0,0.0,0.0,5,22.0,17.0,84,1015.6,101,7.4,-9900,-9900,0.0,0.0
2022,3,29,21,60,0.0,0.0,0.0,0.0,0.0,5,21.7,16.7,86,1015.6,110,5.5,-9900,-9900,0.0,0.0
2022,3,29,22,60,0.0,0.0,0.0,0.0,0.0,5,21.4,16.4,87,1015.5,126,3.7,-9900,-9900,0.0,0.0
2022,3,29,23,60,0.0,0.0,0.0,0.0,0.0,5,21.8,16.8,84,1016.2,142,3.7,-9900,-9900,0.0,0.0
2022,3,29,24,60,0.0,0.0,0.0,0.0,0.0,5,22.2,17.2,81,1016.8,167,3.7,-9900,-9900,0.0,0.0
2022,3,30,1,60,0.0,0.0,0.0,0.0,0.0,5,22.6,17.6,78,1017.5,194,3.7,-9900,-9900,0.0,0.0
2022,3,30,2,60,0.0,0.0,0.0,0.0,0.0,5,24.1,19.1,73,1017.3,231,3.7,-9900,-9900,0.0,0.0
2022,3,30,3,60,0.0,0.0,0.0,0.0,0.0,5,25.6,20.6,68,1017.2,262,3.7,-9900,-9900,0.0,0.0
2022,3,30,4,60,0.0,0.0,0.0,0.0,0.0,5,27.1,22.1,64,1017.0,279,3.7,-9900,-9900,0.0,0.0
2022,3,30,5,60,0.0,0.0,0.0,0.0,0.0,5,26.8,21.8,68,1015.9,345,5.5,-9900,-9900,0.0,0.0
2022,3,30,6,60,0.0,0.0,0.0,0.0,0.0,5,27.1,22.1,68,1015.3,345,5.5,-9900,-9900,0.0,0.0
2022,3,30,7,60,0.0,0.0,0.0,0.0,0.0,5,27.4,22.4,67,1014.7,346,7.4,-9900,-9900,0.0,0.0
2022,3,30,8,60,0.0,0.0,0.0,0.0,0.0,5,26.8,21.8,70,1014.7,8,7.4,-9900,-9900,0.0,0.0
2022,3,30,9,60,0.0,0.0,0.0,0.0,0.0,5,26.2,21.2,72,1014.6,34,7.4,-9900,-9900,0.0,0.0
2022,3,30,10,60,0.0,0.0,0.0,0.0,0.0,5,25.6,20.6,74,1014.5,55,5.5,-9900,-9900,0.0,0.0
2022,3,30,11,60,0.0,0.0,0.0,0.0,0.0,5,24.5,19.5,77,1015.6,14,7.4,-9900,-9900,0.0,0.0
2022,3,30,12,60,0.0,0.0,0.0,0.0,0.0,5,24.1,19.1,78,1016.1,25,7.4,-9900,-9900,0.0,0.0
2022,3,30,13,60,0.0,0.0,0.0,0.0,0.0,5,23.6,18.6,80,1016.6,37,7.4,-9900,-9900,0.0,0.0
2022,3,30,14,60,0.0,0.0,0.0,0.0,0.0,5,23.4,18.4,82,1016.7,41,7.4,-9900,-9900,0.0,0.0
2022,3,30,15,60,0.0,0.0,0.0,0.0,0.0,5,23.3,18.3,82,1016.7,45,7.4,-9900,-9900,0.0,0.0
2022,3,30,16,60,0.0,0.0,0.0,0.0,0.0,5,23.1,18.1,83,1016.8,50,7.4,-9900,-9900,0.0,0.0
2022,3,30,17,60,0.0,0.0,0.0,0.0,0.0,5,23.9,18.9,83,1016.6,93,9.3,-9900,-9900,0.0,0.0
2022,3,30,18,60,0.0,0.0,0.0,0.0,0.0,5,23.6,18.6,84,1016.3,91,9.3,-9900,-9900,0.0,0.0
2022,3,30,19,60,0.0,0.0,0.0,0.0,0.0,5,23.3,18.3,84,1016.1,88,9.3,-9900,-9900,0.0,0.0
2022,3,30,20,60,0.0,0.0,0.0,0.0,0.0,5,23.1,18.1,85,1016.1,87,7.4,-9900,-9900,0.0,0.0
2022,3,30,21,60,0.0,0.0,0.0,0.0,0.0,5,22.9,17.9,86,1016.0,87,7.4,-9900,-9900,0.0,0.0
2022,3,30,22,60,0.0,0.0,0.0,0.0,0.0,5,22.8,17.8,86,1016.0,87,7.4,-9900,-9900,0.0,0.0
2022,3,30,23,60,0.0,0.0,0.0,0.0,0.0,5,21.7,16.7,86,1016.8,87,13.0,-9900,-9900,0.0,0.0
2022,3,30,24,60,0.0,0.0,0.0,0.0,0.0,5,22.1,17.1,85,1017.6,87,11.1,-9900,-9900,0.0,0.0
2022,3,31,1,60,0.0,0.0,0.0,0.0,0.0,5,22.6,17.6,83,1018.4,87,11.1,-9900,-9900,0.0,0.0
2022,3,31,2,60,0.0,0.0,0.0,0.0,0.0,5,23.3,18.3,79,1018.4,81,11.1,-9900,-9900,0.0,0.0
2022,3,31,3,60,0.0,0.0,0.0,0.0,0.0,5,23.9,18.9,75,1018.4,76,13.0,-9900,-9900,0.0,0.0
2022,3,31,4,60,0.0,0.0,0.0,0.0,0.0,5,24.6,19.6,71,1018.3,72,14.8,-9900,-9900,0.0,0.0
2022,3,31,5,60,0.0,0.0,0.0,0.0,0.0,5,24.9,19.9,75,1018.1,77,14.8,-9900,-9900,0.0,0.0
2022,3,31,6,60,0.0,0.0,0.0,0.0,0.0,5,24.6,19.6,75,1017.6,77,14.8,-9900,-9900,0.0,0.0
2022,3,31,7,60,0.0,0.0,0.0,0.0,0.0,5,24.2,19.2,75,1017.0,77,14.8,-9900,-9900,0.0,0.0
2022,3,31,8,60,0.0,0.0,0.0,0.0,0.0,5,23.4,18.4,76,1017.2,77,14.8,-9900,-9900,0.0,0.0
2022,3,31,9,60,0.0,0.0,0.0,0.0,0.0,5,22.6,17.6,77,1017.3,77,14.8,-9900,-9900,0.0,0.0
2022,3,31,10,60,0.0,0.0,0.0,0.0,0.0,5,21.7,16.7,79,1017.5,76,14.8,-9900,-9900,0.0,0.0
2022,3,31,11,60,0.0,0.0,0.0,0.0,0.0,5,20.5,15.5,84,1018.4,80,16.7,-9900,-9900,0.0,0.0
2022,3,31,12,60,0.0,0.0,0.0,0.0,0.0,5,20.2,15.2,82,1019.3,79,16.7,-9900,-9900,0.0,0.0
2022,3,31,13,60,0.0,0.0,0.0,0.0,0.0,5,19.9,14.9,80,1020.2,78,16.7,-9900,-9900,0.0,0.0
2022,3,31,14,60,0.0,0.0,0.0,0.0,0.0,5,19.4,14.4,81,1021.0,79,16.7,-9900,-9900,0.0,0.0
2022,3,31,15,60,0.0,0.0,0.0,0.0,0.0,5,18.9,13.9,81,1021.8,79,16.7,-9900,-9900,0.0,0.0
2022,3,31,16,60,0.0,0.0,0.0,0.0,0.0,5,18.4,13.4,82,1022.5,79,16.7,-9900,-9900,0.0,0.0
2022,3,31,17,60,0.0,0.0,0.0,0.0,0.0,5,18.1,13.1,80,1022.5,83,16.7,-9900,-9900,0.0,0.0
2022,3,31,18,60,0.0,0.0,0.0,0.0,0.0,5,17.9,12.9,79,1022.3,81,16.7,-9900,-9900,0.0,0.0
2022,3,31,19,60,0.0,0.0,0.0,0.0,0.0,5,17.7,12.7,78,1022.1,80,16.7,-9900,-9900,0.0,0.0
2022,3,31,20,60,0.0,0.0,0.0,0.0,0.0,5,17.4,12.4,78,1022.3,79,16.7,-9900,-9900,0.0,0.0
2022,3,31,21,60,0.0,0.0,0.0,0.0,0.0,5,17.2,12.2,78,1022.5,79,16.7,-9900,-9900,0.0,0.0
2022,3,31,22,60,0.0,0.0,0.0,0.0,0.0,5,16.9,11.9,79,1022.7,78,16.7,-9900,-9900,0.0,0.0
2022,3,31,23,60,0.0,0.0,0.0,0.0,0.0,5,16.6,11.6,76,1023.9,80,16.7,-9900,-9900,0.0,0.0
2022,3,31,24,60,0.0,0.0,0.0,0.0,0.0,5,16.5,11.5,78,1024.5,79,16.7,-9900,-9900,0.0,0.0
2022,4,1,1,60,0.0,0.0,0.0,0.0,0.0,5,16.4,11.4,79,1025.2,78,16.7,-9900,-9900,0.0,0.0
2022,4,1,2,60,0.0,0.0,0.0,0.0,0.0,5,16.3,11.3,79,1025.1,79,16.7,-9900,-9900,0.0,0.0
2022,4,1,3,60,0.0,0.0,0.0,0.0,0.0,5,16.3,11.3,79,1025.1,80,16.7,-9900,-9900,0.0,0.0
2022,4,1,4,60,0.0,0.0,0.0,0.0,0.0,5,16.3,11.3,79,1025.1,81,16.7,-9900,-9900,0.0,0.0
2022,4,1,5,60,0.0,0.0,0.0,0.0,0.0,5,16.4,11.4,79,1024.9,82,16.7,-9900,-9900,0.0,0.0
2022,4,1,6,60,0.0,0.0,0.0,0.0,0.0,5,16.3,11.3,78,1024.3,80,16.7,-9900,-9900,0.0,0.0
2022,4,1,7,60,0.0,0.0,0.0,0.0,0.0,5,16.2,11.2,77,1023.7,79,18.5,-9900,-9900,0.0,0.0
2022,4,1,8,60,0.0,0.0,0.0,0.0,0.0,5,15.9,10.9,77,1023.8,79,16.7,-9900,-9900,0.0,0.0
2022,4,1,9,60,0.0,0.0,0.0,0.0,0.0,5,15.7,10.7,76,1023.8,80,16.7,-9900,-9900,0.0,0.0
2022,4,1,10,60,0.0,0.0,0.0,0.0,0.0,5,15.4,10.4,76,1023.8,81,14.8,-9900,-9900,0.0,0.0
2022,4,1,11,60,0.0,0.0,0.0,0.0,0.0,5,15.3,10.3,73,1024.4,83,14.8,-9900,-9900,0.0,0.0
2022,4,1,12,60,0.0,0.0,0.0,0.0,0.0,5,15.2,10.2,71,1025.0,86,14.8,-9900,-9900,0.0,0.0
2022,4,1,13,60,0.0,0.0,0.0,0.0,0.0,5,15.0,10.0,69,1025.6,88,14.8,-9900,-9900,0.0,0.0
2022,4,1,14,60,0.0,0.0,0.0,0.0,0.0,5,15.0,10.0,68,1025.8,89,13.0,-9900,-9900,0.0,0.0
2022,4,1,15,60,0.0,0.0,0.0,0.0,0.0,5,14.9,9.9,67,1025.9,90,13.0,-9900,-9900,0.0,0.0
2022,4,1,16,60,0.0,0.0,0.0,0.0,0.0,5,14.8,9.8,67,1026.0,91,13.0,-9900,-9900,0.0,0.0
2022,4,1,17,60,0.0,0.0,0.0,0.0,0.0,5,15.0,10.0,74,1025.8,79,13.0,-9900,-9900,0.0,0.0
2022,4,1,18,60,0.0,0.0,0.0,0.0,0.0,5,14.9,9.9,75,1025.3,80,13.0,-9900,-9900,0.0,0.0
2022,4,1,19,60,0.0,0.0,0.0,0.0,0.0,5,14.9,9.9,74,1024.8,82,13.0,-9900,-9900,0.0,0.0
2022,4,1,20,60,0.0,0.0,0.0,0.0,0.0,5,14.6,9.6,76,1024.5,83,13.0,-9900,-9900,0.0,0.0
2022,4,1,21,60,0.0,0.0,0.0,0.0,0.0,5,14.4,9.4,79,1024.3,84,11.1,-9900,-9900,0.0,0.0
2022,4,1,22,60,0.0,0.0,0.0,0.0,0.0,5,14.2,9.2,81,1024.0,85,11.1,-9900,-9900,0.0,0.0
2022,4,1,23,60,0.0,0.0,0.0,0.0,0.0,5,14.7,9.7,81,1024.6,90,13.0,-9900,-9900,0.0,0.0
2022,4,1,24,60,0.0,0.0,0.0,0.0,0.0,5,14.5,9.5,82,1025.0,90,13.0,-9900,-9900,0.0,0.0
2022,4,2,1,60,0.0,0.0,0.0,0.0,0.0,5,14.2,9.2,83,1025.5,91,13.0,-9900,-9900,0.0,0.0
2022,4,2,2,60,0.0,0.0,0.0,0.0,0.0,5,14.2,9.2,83,1025.3,89,13.0,-9900,-9900,0.0,0.0
2022,4,2,3,60,0.0,0.0,0.0,0.0,0.0,5,14.2,9.2,83,1025.1,88,13.0,-9900,-9900,0.0,0.0
2022,4,2,4,60,0.0,0.0,0.0,0.0,0.0,5,14.2,9.2,83,1025.0,87,13.0,-9900,-9900,0.0,0.0
2022,4,2,5,60,0.0,0.0,0.0,0.0,0.0,5,14.1,9.1,90,1024.6,83,13.0,-9900,-9900,0.0,0.0
2022,4,2,6,60,0.0,0.0,0.0,0.0,0.0,5,14.0,9.0,89,1024.0,82,13.0,-9900,-9900,0.0,0.0
2022,4,2,7,60,0.0,0.0,0.0,0.0,0.0,5,14.0,9.0,87,1023.4,81,13.0,-9900,-9900,0.0,0.0
2022,4,2,8,60,0.0,0.0,0.0,0.0,0.0,5,13.9,8.9,87,1023.3,82,11.1,-9900,-9900,0.0,0.0
2022,4,2,9,60,0.0,0.0,0.0,0.0,0.0,5,13.9,8.9,87,1023.2,83,11.1,-9900,-9900,0.0,0.0
2022,4,2,10,60,0.0,0.0,0.0,0.0,0.0,5,13.9,8.9,87,1023.1,84,11.1,-9900,-9900,0.0,0.0
2022,4,2,11,60,0.0,0.0,0.0,0.0,0.0,5,14.1,9.1,90,1024.1,85,9.3,-9900,-9900,0.0,0.0
2022,4,2,12,60,0.0,0.0,0.0,0.0,0.0,5,14.1,9.1,85,1024.4,87,9.3,-9900,-9900,0.0,0.0
2022,4,2,13,60,0.0,0.0,0.0,0.0,0.0,5,14.2,9.2,80,1024.7,90,9.3,-9900,-9900,0.0,0.0
2022,4,2,14,60,0.0,0.0,0.0,0.0,0.0,5,14.1,9.1,79,1024.8,92,9.3,-9900,-9900,0.0,0.0
2022,4,2,15,60,0.0,0.0,0.0,0.0,0.0,5,14.1,9.1,77,1024.8,95,9.3,-9900,-9900,0.0,0.0
2022,4,2,16,60,0.0,0.0,0.0,0.0,0.0,5,14.1,9.1,76,1024.8,97,9.3,-9900,-9900,0.0,0.0
2022,4,2,17,60,0.0,0.0,0.0,0.0,0.0,5,13.9,8.9,88,1024.0,87,9.3,-9900,-9900,0.0,0.0
2022,4,2,18,60,0.0,0.0,0.0,0.0,0.0,5,13.7,8.7,88,1023.5,87,9.3,-9900,-9900,0.0,0.0
2022,4,2,19,60,0.0,0.0,0.0,0.0,0.0,5,13.6,8.6,88,1022.9,86,9.3,-9900,-9900,0.0,0.0
2022,4,2,20,60,0.0,0.0,0.0,0.0,0.0,5,13.4,8.4,90,1023.0,88,9.3,-9900,-9900,0.0,0.0
2022,4,2,21,60,0.0,0.0,0.0,0.0,0.0,5,13.2,8.2,91,1023.1,90,9.3,-9900,-9900,0.0,0.0
2022,4,2,22,60,0.0,0.0,0.0,0.0,0.0,5,13.1,8.1,91,1023.2,92,11.1,-9900,-9900,0.0,0.0
2022,4,2,23,60,0.0,0.0,0.0,0.0,0.0,5,13.3,8.3,92,1023.7,94,11.1,-9900,-9900,0.0,0.0
2022,4,2,24,60,0.0,0.0,0.0,0.0,0.0,5,13.5,8.5,90,1024.2,94,11.1,-9900,-9900,0.0,0.0
2022,4,3,1,60,0.0,0.0,0.0,0.0,0.0,5,13.7,8.7,88,1024.8,93,11.1,-9900,-9900,0.0,0.0
2022,4,3,2,60,0.0,0.0,0.0,0.0,0.0,5,14.0,9.0,84,1024.7,90,13.0,-9900,-9900,0.0,0.0
2022,4,3,3,60,0.0,0.0,0.0,0.0,0.0,5,14.4,9.4,81,1024.7,88,13.0,-9900,-9900,0.0,0.0
2022,4,3,4,60,0.0,0.0,0.0,0.0,0.0,5,14.8,9.8,78,1024.7,86,13.0,-9900,-9900,0.0,0.0
2022,4,3,5,60,0.0,0.0,0.0,0.0,0.0,5,15.0,10.0,77,1024.4,83,14.8,-9900,-9900,0.0,0.0
2022,4,3,6,60,0.0,0.0,0.0,0.0,0.0,5,15.2,10.2,74,1023.9,81,14.8,-9900,-9900,0.0,0.0
2022,4,3,7,60,0.0,0.0,0.0,0.0,0.0,5,15.4,10.4,71,1023.4,79,14.8,-9900,-9900,0.0,0.0
2022,4,3,8,60,0.0,0.0,0.0,0.0,0.0,5,15.5,10.5,70,1023.3,80,14.8,-9900,-9900,0.0,0.0
2022,4,3,9,60,0.0,0.0,0.0,0.0,0.0,5,15.6,10.6,69,1023.3,81,13.0,-9900,-9900,0.0,0.0
2022,4,3,10,60,0.0,0.0,0.0,0.0,0.0,5,15.6,10.6,69,1023.2,83,13.0,-9900,-9900,0.0,0.0
2022,4,3,11,60,0.0,0.0,0.0,0.0,0.0,5,16.0,11.0,69,1024.3,82,14.8,-9900,-9900,0.0,0.0
2022,4,3,12,60,0.0,0.0,0.0,0.0,0.0,5,15.7,10.7,69,1024.6,85,14.8,-9900,-9900,0.0,0.0
2022,4,3,13,60,0.0,0.0,0.0,0.0,0.0,5,15.4,10.4,70,1024.9,88,14.8,-9900,-9900,0.0,0.0
2022,4,3,14,60,0.0,0.0,0.0,0.0,0.0,5,15.3,10.3,70,1024.9,89,14.8,-9900,-9900,0.0,0.0
2022,4,3,15,60,0.0,0.0,0.0,0.0,0.0,5,15.2,10.2,71,1024.8,89,14.8,-9900,-9900,0.0,0.0
2022,4,3,16,60,0.0,0.0,0.0,0.0,0.0,5,15.1,10.1,71,1024.8,90,14.8,-9900,-9900,0.0,0.0
2022,4,3,17,60,0.0,0.0,0.0,0.0,0.0,5,15.1,10.1,71,1024.4,89,14.8,-9900,-9900,0.0,0.0
2022,4,3,18,60,0.0,0.0,0.0,0.0,0.0,5,15.1,10.1,71,1024.1,88,16.7,-9900,-9900,0.0,0.0
2022,4,3,19,60,0.0,0.0,0.0,0.0,0.0,5,15.1,10.1,71,1023.7,87,16.7,-9900,-9900,0.0,0.0
2022,4,3,20,60,0.0,0.0,0.0,0.0,0.0,5,15.3,10.3,70,1023.7,88,14.8,-9900,-9900,0.0,0.0
2022,4,3,21,60,0.0,0.0,0.0,0.0,0.0,5,15.4,10.4,70,1023.7,89,14.8,-9900,-9900,0.0,0.0
2022,4,3,22,60,0.0,0.0,0.0,0.0,0.0,5,15.6,10.6,69,1023.7,90,14.8,-9900,-9900,0.0,0.0
2022,4,3,23,60,0.0,0.0,0.0,0.0,0.0,5,17.8,12.8,66,1024.0,93,14.8,-9900,-9900,0.0,0.0
2022,4,3,24,60,0.0,0.0,0.0,0.0,0.0,5,18.1,13.1,66,1024.4,91,16.7,-9900,-9900,0.0,0.0
2022,4,4,1,60,0.0,0.0,0.0,0.0,0.0,5,18.5,13.5,66,1024.7,89,18.5,-9900,-9900,0.0,0.0
2022,4,4,2,60,0.0,0.0,0.0,0.0,0.0,5,19.1,14.1,64,1024.5,86,20.4,-9900,-9900,0.0,0.0
2022,4,4,3,60,0.0,0.0,0.0,0.0,0.0,5,19.7,14.7,61,1024.2,83,20.4,-9900,-9900,0.0,0.0
2022,4,4,4,60,0.0,0.0,0.0,0.0,0.0,5,20.3,15.3,59,1024.0,80,22.2,-9900,-9900,0.0,0.0
2022,4,4,5,60,0.0,0.0,0.0,0.0,0.0,5,20.5,15.5,58,1023.4,85,20.4,-9900,-9900,0.0,0.0
2022,4,4,6,60,0.0,0.0,0.0,0.0,0.0,5,20.7,15.7,58,1022.8,82,20.4,-9900,-9900,0.0,0.0
2022,4,4,7,60,0.0,0.0,0.0,0.0,0.0,5,20.9,15.9,57,1022.2,79,22.2,-9900,-9900,0.0,0.0
2022,4,4,8,60,0.0,0.0,0.0,0.0,0.0,5,20.5,15.5,59,1022.2,78,22.2,-9900,-9900,0.0,0.0
2022,4,4,9,60,0.0,0.0,0.0,0.0,0.0,5,20.0,15.0,60,1022.1,78,20.4,-9900,-9900,0.0,0.0
2022,4,4,10,60,0.0,0.0,0.0,0.0,0.0,5,19.6,14.6,62,1022.0,78,20.4,-9900,-9900,0.0,0.0
2022,4,4,11,60,0.0,0.0,0.0,0.0,0.0,5,19.2,14.2,66,1023.1,80,20.4,-9900,-9900,0.0,0.0
2022,4,4,12,60,0.0,0.0,0.0,0.0,0.0,5,19.1,14.1,65,1023.2,81,18.5,-9900,-9900,0.0,0.0
2022,4,4,13,60,0.0,0.0,0.0,0.0,0.0,5,19.0,14.0,64,1023.4,81,16.7,-9900,-9900,0.0,0.0
2022,4,4,14,60,0.0,0.0,0.0,0.0,0.0,5,19.1,14.1,64,1023.3,80,16.7,-9900,-9900,0.0,0.0
2022,4,4,15,60,0.0,0.0,0.0,0.0,0.0,5,19.1,14.1,64,1023.2,78,16.7,-9900,-9900,0.0,0.0
2022,4,4,16,60,0.0,0.0,0.0,0.0,0.0,5,19.2,14.2,63,1023.2,76,16.7,-9900,-9900,0.0,0.0
2022,4,4,17,60,0.0,0.0,0.0,0.0,0.0,5,19.1,14.1,77,1022.2,88,16.7,-9900,-9900,0.0,0.0
2022,4,4,18,60,0.0,0.0,0.0,0.0,0.0,5,19.0,14.0,78,1021.6,86,16.7,-9900,-9900,0.0,0.0
2022,4,4,19,60,0.0,0.0,0.0,0.0,0.0,5,18.9,13.9,78,1021.0,84,14.8,-9900,-9900,0.0,0.0
2022,4,4,20,60,0.0,0.0,0.0,0.0,0.0,5,18.9,13.9,79,1021.0,84,13.0,-9900,-9900,0.0,0.0
2022,4,4,21,60,0.0,0.0,0.0,0.0,0.0,5,18.9,13.9,79,1020.9,84,13.0,-9900,-9900,0.0,0.0
2022,4,4,22,60,0.0,0.0,0.0,0.0,0.0,5,18.9,13.9,79,1020.9,83,11.1,-9900,-9900,0.0,0.0
2022,4,4,23,60,0.0,0.0,0.0,0.0,0.0,5,19.9,14.9,74,1020.9,101,9.3,-9900,-9900,0.0,0.0
2022,4,4,24,60,0.0,0.0,0.0,0.0,0.0,5,20.5,15.5,72,1021.5,101,9.3,-9900,-9900,0.0,0.0
2022,4,5,1,60,0.0,0.0,0.0,0.0,0.0,5,21.0,16.0,71,1022.0,101,9.3,-9900,-9900,0.0,0.0
2022,4,5,2,60,0.0,0.0,0.0,0.0,0.0,5,22.2,17.2,66,1021.7,88,9.3,-9900,-9900,0.0,0.0
2022,4,5,3,60,0.0,0.0,0.0,0.0,0.0,5,23.3,18.3,62,1021.5,78,11.1,-9900,-9900,0.0,0.0
2022,4,5,4,60,0.0,0.0,0.0,0.0,0.0,5,24.4,19.4,58,1021.2,69,13.0,-9900,-9900,0.0,0.0
2022,4,5,5,60,0.0,0.0,0.0,0.0,0.0,5,24.6,19.6,58,1020.7,73,13.0,-9900,-9900,0.0,0.0
2022,4,5,6,60,0.0,0.0,0.0,0.0,0.0,5,24.8,19.8,57,1019.7,72,13.0,-9900,-9900,0.0,0.0
2022,4,5,7,60,0.0,0.0,0.0,0.0,0.0,5,25.1,20.1,55,1018.7,70,13.0,-9900,-9900,0.0,0.0
2022,4,5,8,60,0.0,0.0,0.0,0.0,0.0,5,24.4,19.4,57,1018.4,71,13.0,-9900,-9900,0.0,0.0
2022,4,5,9,60,0.0,0.0,0.0,0.0,0.0,5,23.7,18.7,58,1018.1,72,13.0,-9900,-9900,0.0,0.0
2022,4,5,10,60,0.0,0.0,0.0,0.0,0.0,5,23.1,18.1,60,1017.8,73,13.0,-9900,-9900,0.0,0.0
2022,4,5,11,60,0.0,0.0,0.0,0.0,0.0,5,22.9,17.9,60,1017.8,79,13.0,-9900,-9900,0.0,0.0
2022,4,5,12,60,0.0,0.0,0.0,0.0,0.0,5,22.3,17.3,64,1018.3,82,11.1,-9900,-9900,0.0,0.0
2022,4,5,13,60,0.0,0.0,0.0,0.0,0.0,5,21.8,16.8,68,1018.8,85,9.3,-9900,-9900,0.0,0.0
2022,4,5,14,60,0.0,0.0,0.0,0.0,0.0,5,21.6,16.6,70,1018.9,83,9.3,-9900,-9900,0.0,0.0
2022,4,5,15,60,0.0,0.0,0.0,0.0,0.0,5,21.5,16.5,71,1019.0,81,9.3,-9900,-9900,0.0,0.0
2022,4,5,16,60,0.0,0.0,0.0,0.0,0.0,5,21.4,16.4,73,1019.1,78,9.3,-9900,-9900,0.0,0.0
2022,4,5,17,60,0.0,0.0,0.0,0.0,0.0,5,20.4,15.4,74,1018.7,91,9.3,-9900,-9900,0.0,0.0
2022,4,5,18,60,0.0,0.0,0.0,0.0,0.0,5,20.2,15.2,75,1018.1,94,7.4,-9900,-9900,0.0,0.0
2022,4,5,19,60,0.0,0.0,0.0,0.0,0.0,5,19.9,14.9,76,1017.6,98,5.5,-9900,-9900,0.0,0.0
2022,4,5,20,60,0.0,0.0,0.0,0.0,0.0,5,19.8,14.8,78,1017.6,99,5.5,-9900,-9900,0.0,0.0
2022,4,5,21,60,0.0,0.0,0.0,0.0,0.0,5,19.7,14.7,80,1017.6,100,5.5,-9900,-9900,0.0,0.0
2022,4,5,22,60,0.0,0.0,0.0,0.0,0.0,5,19.5,14.5,82,1017.5,103,3.7,-9900,-9900,0.0,0.0
2022,4,5,23,60,0.0,0.0,0.0,0.0,0.0,5,20.6,15.6,73,1017.7,99,7.4,-9900,-9900,0.0,0.0
2022,4,5,24,60,0.0,0.0,0.0,0.0,0.0,5,21.2,16.2,72,1018.4,99,7.4,-9900,-9900,0.0,0.0
2022,4,6,1,60,0.0,0.0,0.0,0.0,0.0,5,21.7,16.7,71,1019.0,99,7.4,-9900,-9900,0.0,0.0
2022,4,6,2,60,0.0,0.0,0.0,0.0,0.0,5,22.9,17.9,67,1019.0,93,9.3,-9900,-9900,0.0,0.0
2022,4,6,3,60,0.0,0.0,0.0,0.0,0.0,5,24.2,19.2,62,1019.0,88,11.1,-9900,-9900,0.0,0.0
2022,4,6,4,60,0.0,0.0,0.0,0.0,0.0,5,25.4,20.4,58,1019.0,85,11.1,-9900,-9900,0.0,0.0
2022,4,6,5,60,0.0,0.0,0.0,0.0,0.0,5,25.2,20.2,59,1018.3,84,13.0,-9900,-9900,0.0,0.0
2022,4,6,6,60,0.0,0.0,0.0,0.0,0.0,5,24.9,19.9,59,1017.6,84,14.8,-9900,-9900,0.0,0.0
2022,4,6,7,60,0.0,0.0,0.0,0.0,0.0,5,24.7,19.7,60,1017.0,84,14.8,-9900,-9900,0.0,0.0
2022,4,6,8,60,0.0,0.0,0.0,0.0,0.0,5,24.1,19.1,61,1016.9,85,14.8,-9900,-9900,0.0,0.0
2022,4,6,9,60,0.0,0.0,0.0,0.0,0.0,5,23.4,18.4,64,1016.9,86,14.8,-9900,-9900,0.0,0.0
2022,4,6,10,60,0.0,0.0,0.0,0.0,0.0,5,22.8,17.8,66,1016.8,87,14.8,-9900,-9900,0.0,0.0
2022,4,6,11,60,0.0,0.0,0.0,0.0,0.0,5,22.0,17.0,71,1017.1,80,16.7,-9900,-9900,0.0,0.0
2022,4,6,12,60,0.0,0.0,0.0,0.0,0.0,5,21.6,16.6,72,1017.6,86,14.8,-9900,-9900,0.0,0.0
2022,4,6,13,60,0.0,0.0,0.0,0.0,0.0,5,21.1,16.1,73,1018.1,94,14.8,-9900,-9900,0.0,0.0
2022,4,6,14,60,0.0,0.0,0.0,0.0,0.0,5,21.1,16.1,73,1018.1,93,13.0,-9900,-9900,0.0,0.0
2022,4,6,15,60,0.0,0.0,0.0,0.0,0.0,5,21.1,16.1,73,1018.0,93,13.0,-9900,-9900,0.0,0.0
2022,4,6,16,60,0.0,0.0,0.0,0.0,0.0,5,21.1,16.1,73,1017.9,92,13.0,-9900,-9900,0.0,0.0
2022,4,6,17,60,0.0,0.0,0.0,0.0,0.0,5,20.3,15.3,73,1017.6,97,11.1,-9900,-9900,0.0,0.0
2022,4,6,18,60,0.0,0.0,0.0,0.0,0.0,5,20.3,15.3,72,1017.2,95,9.3,-9900,-9900,0.0,0.0
2022,4,6,19,60,0.0,0.0,0.0,0.0,0.0,5,20.2,15.2,72,1016.7,92,9.3,-9900,-9900,0.0,0.0
2022,4,6,20,60,0.0,0.0,0.0,0.0,0.0,5,20.1,15.1,73,1016.8,95,9.3,-9900,-9900,0.0,0.0
2022,4,6,21,60,0.0,0.0,0.0,0.0,0.0,5,20.0,15.0,74,1016.8,97,7.4,-9900,-9900,0.0,0.0
2022,4,6,22,60,0.0,0.0,0.0,0.0,0.0,5,19.9,14.9,76,1016.9,100,7.4,-9900,-9900,0.0,0.0
2022,4,6,23,60,0.0,0.0,0.0,0.0,0.0,5,21.1,16.1,72,1017.1,92,11.1,-9900,-9900,0.0,0.0
2022,4,6,24,60,0.0,0.0,0.0,0.0,0.0,5,21.3,16.3,72,1017.8,95,11.1,-9900,-9900,0.0,0.0
2022,4,7,1,60,0.0,0.0,0.0,0.0,0.0,5,21.5,16.5,71,1018.5,97,11.1,-9900,-9900,0.0,0.0
2022,4,7,2,60,0.0,0.0,0.0,0.0,0.0,5,22.1,17.1,69,1018.4,90,11.1,-9900,-9900,0.0,0.0
2022,4,7,3,60,0.0,0.0,0.0,0.0,0.0,5,22.8,17.8,66,1018.2,84,13.0,-9900,-9900,0.0,0.0
2022,4,7,4,60,0.0,0.0,0.0,0.0,0.0,5,23.5,18.5,63,1018.0,80,14.8,-9900,-9900,0.0,0.0
2022,4,7,5,60,0.0,0.0,0.0,0.0,0.0,5,22.9,17.9,68,1017.6,82,16.7,-9900,-9900,0.0,0.0
2022,4,7,6,60,0.0,0.0,0.0,0.0,0.0,5,22.8,17.8,67,1016.9,81,16.7,-9900,-9900,0.0,0.0
2022,4,7,7,60,0.0,0.0,0.0,0.0,0.0,5,22.8,17.8,66,1016.3,81,16.7,-9900,-9900,0.0,0.0
2022,4,7,8,60,0.0,0.0,0.0,0.0,0.0,5,22.5,17.5,67,1016.3,83,14.8,-9900,-9900,0.0,0.0
2022,4,7,9,60,0.0,0.0,0.0,0.0,0.0,5,22.1,17.1,68,1016.3,84,14.8,-9900,-9900,0.0,0.0
2022,4,7,10,60,0.0,0.0,0.0,0.0,0.0,5,21.8,16.8,69,1016.3,86,14.8,-9900,-9900,0.0,0.0
2022,4,7,11,60,0.0,0.0,0.0,0.0,0.0,5,20.6,15.6,75,1017.2,77,14.8,-9900,-9900,0.0,0.0
2022,4,7,12,60,0.0,0.0,0.0,0.0,0.0,5,20.3,15.3,76,1017.6,78,14.8,-9900,-9900,0.0,0.0
2022,4,7,13,60,0.0,0.0,0.0,0.0,0.0,5,20.0,15.0,78,1018.1,78,13.0,-9900,-9900,0.0,0.0
2022,4,7,14,60,0.0,0.0,0.0,0.0,0.0,5,20.0,15.0,78,1018.1,81,13.0,-9900,-9900,0.0,0.0
2022,4,7,15,60,0.0,0.0,0.0,0.0,0.0,5,20.1,15.1,77,1018.1,84,13.0,-9900,-9900,0.0,0.0
2022,4,7,16,60,0.0,0.0,0.0,0.0,0.0,5,20.2,15.2,77,1018.2,86,13.0,-9900,-9900,0.0,0.0
2022,4,7,17,60,0.0,0.0,0.0,0.0,0.0,5,20.3,15.3,80,1017.7,94,14.8,-9900,-9900,0.0,0.0
2022,4,7,18,60,0.0,0.0,0.0,0.0,0.0,5,20.3,15.3,80,1017.2,91,14.8,-9900,-9900,0.0,0.0
2022,4,7,19,60,0.0,0.0,0.0,0.0,0.0,5,20.3,15.3,79,1016.7,87,14.8,-9900,-9900,0.0,0.0
2022,4,7,20,60,0.0,0.0,0.0,0.0,0.0,5,20.3,15.3,79,1016.8,89,13.0,-9900,-9900,0.0,0.0
2022,4,7,21,60,0.0,0.0,0.0,0.0,0.0,5,20.3,15.3,80,1016.8,90,13.0,-9900,-9900,0.0,0.0
2022,4,7,22,60,0.0,0.0,0.0,0.0,0.0,5,20.3,15.3,80,1016.8,92,11.1,-9900,-9900,0.0,0.0
2022,4,7,23,60,0.0,0.0,0.0,0.0,0.0,5,21.0,16.0,72,1017.0,91,14.8,-9900,-9900,0.0,0.0
2022,4,7,24,60,0.0,0.0,0.0,0.0,0.0,5,21.3,16.3,72,1017.5,91,14.8,-9900,-9900,0.0,0.0
2022,4,8,1,60,0.0,0.0,0.0,0.0,0.0,5,21.6,16.6,71,1017.9,91,14.8,-9900,-9900,0.0,0.0
2022,4,8,2,60,0.0,0.0,0.0,0.0,0.0,5,22.4,17.4,68,1017.7,91,14.8,-9900,-9900,0.0,0.0
2022,4,8,3,60,0.0,0.0,0.0,0.0,0.0,5,23.2,18.2,66,1017.5,92,14.8,-9900,-9900,0.0,0.0
2022,4,8,4,60,0.0,0.0,0.0,0.0,0.0,5,24.0,19.0,63,1017.3,92,16.7,-9900,-9900,0.0,0.0
2022,4,8,5,60,0.0,0.0,0.0,0.0,0.0,5,24.8,19.8,60,1016.4,92,18.5,-9900,-9900,0.0,0.0
2022,4,8,6,60,0.0,0.0,0.0,0.0,0.0,5,24.7,19.7,61,1015.7,95,18.5,-9900,-9900,0.0,0.0
2022,4,8,7,60,0.0,0.0,0.0,0.0,0.0,5,24.7,19.7,60,1015.1,97,20.4,-9900,-9900,0.0,0.0
2022,4,8,8,60,0.0,0.0,0.0,0.0,0.0,5,24.2,19.2,61,1015.0,96,18.5,-9900,-9900,0.0,0.0
2022,4,8,9,60,0.0,0.0,0.0,0.0,0.0,5,23.8,18.8,61,1014.8,95,18.5,-9900,-9900,0.0,0.0
2022,4,8,10,60,0.0,0.0,0.0,0.0,0.0,5,23.3,18.3,61,1014.7,94,18.5,-9900,-9900,0.0,0.0
2022,4,8,11,60,0.0,0.0,0.0,0.0,0.0,5,21.8,16.8,72,1014.8,93,18.5,-9900,-9900,0.0,0.0
2022,4,8,12,60,0.0,0.0,0.0,0.0,0.0,5,21.5,16.5,72,1015.1,93,18.5,-9900,-9900,0.0,0.0
2022,4,8,13,60,0.0,0.0,0.0,0.0,0.0,5,21.2,16.2,72,1015.5,93,16.7,-9900,-9900,0.0,0.0
2022,4,8,14,60,0.0,0.0,0.0,0.0,0.0,5,21.4,16.4,73,1015.5,92,14.8,-9900,-9900,0.0,0.0
2022,4,8,15,60,0.0,0.0,0.0,0.0,0.0,5,21.6,16.6,73,1015.5,91,14.8,-9900,-9900,0.0,0.0
2022,4,8,16,60,0.0,0.0,0.0,0.0,0.0,5,21.8,16.8,73,1015.5,91,13.0,-9900,-9900,0.0,0.0
2022,4,8,17,60,0.0,0.0,0.0,0.0,0.0,5,21.7,16.7,71,1015.2,92,13.0,-9900,-9900,0.0,0.0
2022,4,8,18,60,0.0,0.0,0.0,0.0,0.0,5,21.6,16.6,70,1014.9,93,13.0,-9900,-9900,0.0,0.0
2022,4,8,19,60,0.0,0.0,0.0,0.0,0.0,5,21.5,16.5,69,1014.6,94,13.0,-9900,-9900,0.0,0.0
2022,4,8,20,60,0.0,0.0,0.0,0.0,0.0,5,21.3,16.3,69,1014.5,94,11.1,-9900,-9900,0.0,0.0
2022,4,8,21,60,0.0,0.0,0.0,0.0,0.0,5,21.2,16.2,69,1014.4,94,11.1,-9900,-9900,0.0,0.0
2022,4,8,22,60,0.0,0.0,0.0,0.0,0.0,5,21.0,16.0,70,1014.3,94,9.3,-9900,-9900,0.0,0.0
2022,4,8,23,60,0.0,0.0,0.0,0.0,0.0,5,21.8,16.8,65,1014.6,78,13.0,-9900,-9900,0.0,0.0
2022,4,8,24,60,0.0,0.0,0.0,0.0,0.0,5,22.5,17.5,64,1014.9,80,11.1,-9900,-9900,0.0,0.0
2022,4,9,1,60,0.0,0.0,0.0,0.0,0.0,5,23.3,18.3,63,1015.2,82,11.1,-9900,-9900,0.0,0.0
2022,4,9,2,60,0.0,0.0,0.0,0.0,0.0,5,24.9,19.9,58,1014.9,83,13.0,-9900,-9900,0.0,0.0
2022,4,9,3,60,0.0,0.0,0.0,0.0,0.0,5,26.4,21.4,54,1014.5,84,13.0,-9900,-9900,0.0,0.0
2022,4,9,4,60,0.0,0.0,0.0,0.0,0.0,5,28.0,23.0,49,1014.2,85,14.8,-9900,-9900,0.0,0.0
2022,4,9,5,60,0.0,0.0,0.0,0.0,0.0,5,27.9,22.9,50,1013.4,90,16.7,-9900,-9900,0.0,0.0
2022,4,9,6,60,0.0,0.0,0.0,0.0,0.0,5,28.0,23.0,50,1012.6,91,16.7,-9900,-9900,0.0,0.0
2022,4,9,7,60,0.0,0.0,0.0,0.0,0.0,5,28.1,23.1,50,1011.9,91,16.7,-9900,-9900,0.0,0.0
2022,4,9,8,60,0.0,0.0,0.0,0.0,0.0,5,27.3,22.3,52,1011.8,92,16.7,-9900,-9900,0.0,0.0
2022,4,9,9,60,0.0,0.0,0.0,0.0,0.0,5,26.5,21.5,54,1011.8,93,16.7,-9900,-9900,0.0,0.0
2022,4,9,10,60,0.0,0.0,0.0,0.0,0.0,5,25.7,20.7,57,1011.7,94,16.7,-9900,-9900,0.0,0.0
2022,4,9,11,60,0.0,0.0,0.0,0.0,0.0,5,25.1,20.1,60,1012.1,95,16.7,-9900,-9900,0.0,0.0
2022,4,9,12,60,0.0,0.0,0.0,0.0,0.0,5,24.4,19.4,61,1012.5,97,14.8,-9900,-9900,0.0,0.0
2022,4,9,13,60,0.0,0.0,0.0,0.0,0.0,5,23.8,18.8,63,1013.0,99,14.8,-9900,-9900,0.0,0.0
2022,4,9,14,60,0.0,0.0,0.0,0.0,0.0,5,23.8,18.8,63,1013.1,96,13.0,-9900,-9900,0.0,0.0
2022,4,9,15,60,0.0,0.0,0.0,0.0,0.0,5,23.8,18.8,64,1013.1,93,13.0,-9900,-9900,0.0,0.0
2022,4,9,16,60,0.0,0.0,0.0,0.0,0.0,5,23.8,18.8,65,1013.1,89,11.1,-9900,-9900,0.0,0.0
2022,4,9,17,60,0.0,0.0,0.0,0.0,0.0,5,23.0,18.0,72,1012.8,87,11.1,-9900,-9900,0.0,0.0
2022,4,9,18,60,0.0,0.0,0.0,0.0,0.0,5,22.8,17.8,73,1012.4,94,9.3,-9900,-9900,0.0,0.0
2022,4,9,19,60,0.0,0.0,0.0,0.0,0.0,5,22.6,17.6,73,1012.1,104,5.5,-9900,-9900,0.0,0.0
2022,4,9,20,60,0.0,0.0,0.0,0.0,0.0,5,22.2,17.2,76,1012.1,110,5.5,-9900,-9900,0.0,0.0
2022,4,9,21,60,0.0,0.0,0.0,0.0,0.0,5,21.9,16.9,77,1012.1,120,5.5,-9900,-9900,0.0,0.0
2022,4,9,22,60,0.0,0.0,0.0,0.0,0.0,5,21.6,16.6,79,1012.0,135,3.7,-9900,-9900,0.0,0.0
2022,4,9,23,60,0.0,0.0,0.0,0.0,0.0,5,22.5,17.5,76,1012.6,131,5.5,-9900,-9900,0.0,0.0
2022,4,9,24,60,0.0,0.0,0.0,0.0,0.0,5,23.0,18.0,73,1013.0,132,5.5,-9900,-9900,0.0,0.0
2022,4,10,1,60,0.0,0.0,0.0,0.0,0.0,5,23.5,18.5,70,1013.4,134,3.7,-9900,-9900,0.0,0.0
2022,4,10,2,60,0.0,0.0,0.0,0.0,0.0,5,25.1,20.1,65,1013.3,129,3.7,-9900,-9900,0.0,0.0
2022,4,10,3,60,0.0,0.0,0.0,0.0,0.0,5,26.7,21.7,60,1013.2,119,3.7,-9900,-9900,0.0,0.0
2022,4,10,4,60,0.0,0.0,0.0,0.0,0.0,5,28.2,23.2,56,1013.1,95,3.7,-9900,-9900,0.0,0.0
2022,4,10,5,60,0.0,0.0,0.0,0.0,0.0,5,27.9,22.9,57,1012.6,13,3.7,-9900,-9900,0.0,0.0
2022,4,10,6,60,0.0,0.0,0.0,0.0,0.0,5,28.1,23.1,58,1011.9,339,3.7,-9900,-9900,0.0,0.0
2022,4,10,7,60,0.0,0.0,0.0,0.0,0.0,5,28.3,23.3,59,1011.2,331,5.5,-9900,-9900,0.0,0.0
2022,4,10,8,60,0.0,0.0,0.0,0.0,0.0,5,27.6,22.6,61,1011.0,356,5.5,-9900,-9900,0.0,0.0
2022,4,10,9,60,0.0,0.0,0.0,0.0,0.0,5,26.9,21.9,64,1010.8,41,5.5,-9900,-9900,0.0,0.0
2022,4,10,10,60,0.0,0.0,0.0,0.0,0.0,5,26.3,21.3,65,1010.6,75,5.5,-9900,-9900,0.0,0.0
2022,4,10,11,60,0.0,0.0,0.0,0.0,0.0,5,26.6,21.6,64,1011.3,360,5.5,-9900,-9900,0.0,0.0
2022,4,10,12,60,0.0,0.0,0.0,0.0,0.0,5,25.8,20.8,66,1011.8,36,5.5,-9900,-9900,0.0,0.0
2022,4,10,13,60,0.0,0.0,0.0,0.0,0.0,5,25.1,20.1,69,1012.4,73,5.5,-9900,-9900,0.0,0.0
2022,4,10,14,60,0.0,0.0,0.0,0.0,0.0,5,25.0,20.0,70,1012.3,78,5.5,-9900,-9900,0.0,0.0
2022,4,10,15,60,0.0,0.0,0.0,0.0,0.0,5,24.8,19.8,72,1012.3,83,5.5,-9900,-9900,0.0,0.0
2022,4,10,16,60,0.0,0.0,0.0,0.0,0.0,5,24.7,19.7,74,1012.3,88,5.5,-9900,-9900,0.0,0.0
2022,4,10,17,60,0.0,0.0,0.0,0.0,0.0,5,24.3,19.3,75,1012.1,116,9.3,-9900,-9900,0.0,0.0
2022,4,10,18,60,0.0,0.0,0.0,0.0,0.0,5,23.9,18.9,76,1011.7,125,7.4,-9900,-9900,0.0,0.0
2022,4,10,19,60,0.0,0.0,0.0,0.0,0.0,5,23.6,18.6,77,1011.3,141,5.5,-9900,-9900,0.0,0.0
2022,4,10,20,60,0.0,0.0,0.0,0.0,0.0,5,23.2,18.2,79,1011.3,154,3.7,-9900,-9900,0.0,0.0
2022,4,10,21,60,0.0,0.0,0.0,0.0,0.0,5,22.9,17.9,81,1011.3,171,3.7,-9900,-9900,0.0,0.0
2022,4,10,22,60,0.0,0.0,0.0,0.0,0.0,5,22.5,17.5,83,1011.3,190,3.7,-9900,-9900,0.0,0.0
2022,4,10,23,60,0.0,0.0,0.0,0.0,0.0,5,23.4,18.4,80,1011.7,192,5.5,-9900,-9900,0.0,0.0
2022,4,10,24,60,0.0,0.0,0.0,0.0,0.0,5,23.8,18.8,77,1012.2,195,3.7,-9900,-9900,0.0,0.0
2022,4,11,1,60,0.0,0.0,0.0,0.0,0.0,5,24.2,19.2,75,1012.7,198,3.7,-9900,-9900,0.0,0.0
2022,4,11,2,60,0.0,0.0,0.0,0.0,0.0,5,25.7,20.7,68,1012.4,227,3.7,-9900,-9900,0.0,0.0
2022,4,11,3,60,0.0,0.0,0.0,0.0,0.0,5,27.2,22.2,63,1012.1,267,5.5,-9900,-9900,0.0,0.0
2022,4,11,4,60,0.0,0.0,0.0,0.0,0.0,5,28.7,23.7,58,1011.9,293,5.5,-9900,-9900,0.0,0.0
2022,4,11,5,60,0.0,0.0,0.0,0.0,0.0,5,29.1,24.1,57,1011.1,301,5.5,-9900,-9900,0.0,0.0
2022,4,11,6,60,0.0,0.0,0.0,0.0,0.0,5,29.4,24.4,56,1010.4,309,7.4,-9900,-9900,0.0,0.0
2022,4,11,7,60,0.0,0.0,0.0,0.0,0.0,5,29.8,24.8,56,1009.6,316,7.4,-9900,-9900,0.0,0.0
2022,4,11,8,60,0.0,0.0,0.0,0.0,0.0,5,29.1,24.1,57,1009.4,325,7.4,-9900,-9900,0.0,0.0
2022,4,11,9,60,0.0,0.0,0.0,0.0,0.0,5,28.5,23.5,58,1009.3,338,7.4,-9900,-9900,0.0,0.0
2022,4,11,10,60,0.0,0.0,0.0,0.0,0.0,5,27.9,22.9,60,1009.1,356,7.4,-9900,-9900,0.0,0.0
2022,4,11,11,60,0.0,0.0,0.0,0.0,0.0,5,26.0,21.0,69,1009.8,31,5.5,-9900,-9900,0.0,0.0
2022,4,11,12,60,0.0,0.0,0.0,0.0,0.0,5,25.4,20.4,71,1010.3,67,5.5,-9900,-9900,0.0,0.0
2022,4,11,13,60,0.0,0.0,0.0,0.0,0.0,5,24.9,19.9,72,1010.7,103,5.5,-9900,-9900,0.0,0.0
2022,4,11,14,60,0.0,0.0,0.0,0.0,0.0,5,24.7,19.7,74,1010.5,114,5.5,-9900,-9900,0.0,0.0
2022,4,11,15,60,0.0,0.0,0.0,0.0,0.0,5,24.5,19.5,76,1010.3,124,5.5,-9900,-9900,0.0,0.0
2022,4,11,16,60,0.0,0.0,0.0,0.0,0.0,5,24.3,19.3,77,1010.1,132,5.5,-9900,-9900,0.0,0.0
2022,4,11,17,60,0.0,0.0,0.0,0.0,0.0,5,24.9,19.9,76,1009.7,111,7.4,-9900,-9900,0.0,0.0
2022,4,11,18,60,0.0,0.0,0.0,0.0,0.0,5,24.4,19.4,77,1009.3,126,5.5,-9900,-9900,0.0,0.0
2022,4,11,19,60,0.0,0.0,0.0,0.0,0.0,5,23.8,18.8,79,1008.9,148,3.7,-9900,-9900,0.0,0.0
2022,4,11,20,60,0.0,0.0,0.0,0.0,0.0,5,23.4,18.4,81,1009.0,156,3.7,-9900,-9900,0.0,0.0
2022,4,11,21,60,0.0,0.0,0.0,0.0,0.0,5,22.9,17.9,83,1009.1,166,3.7,-9900,-9900,0.0,0.0
2022,4,11,22,60,0.0,0.0,0.0,0.0,0.0,5,22.6,17.6,84,1009.2,176,3.7,-9900,-9900,0.0,0.0
2022,4,11,23,60,0.0,0.0,0.0,0.0,0.0,5,23.9,18.9,77,1010.0,181,5.5,-9900,-9900,0.0,0.0
2022,4,11,24,60,0.0,0.0,0.0,0.0,0.0,5,24.2,19.2,75,1010.5,182,3.7,-9900,-9900,0.0,0.0
2022,4,12,1,60,0.0,0.0,0.0,0.0,0.0,5,24.6,19.6,72,1011.0,182,3.7,-9900,-9900,0.0,0.0
2022,4,12,2,60,0.0,0.0,0.0,0.0,0.0,5,26.2,21.2,66,1010.7,200,3.7,-9900,-9900,0.0,0.0
2022,4,12,3,60,0.0,0.0,0.0,0.0,0.0,5,27.9,22.9,60,1010.4,249,3.7,-9900,-9900,0.0,0.0
2022,4,12,4,60,0.0,0.0,0.0,0.0,0.0,5,29.5,24.5,55,1010.1,297,3.7,-9900,-9900,0.0,0.0
2022,4,12,5,60,0.0,0.0,0.0,0.0,0.0,5,28.7,23.7,59,1009.5,310,5.5,-9900,-9900,0.0,0.0
2022,4,12,6,60,0.0,0.0,0.0,0.0,0.0,5,29.2,24.2,58,1008.6,322,5.5,-9900,-9900,0.0,0.0
2022,4,12,7,60,0.0,0.0,0.0,0.0,0.0,5,29.7,24.7,57,1007.7,331,5.5,-9900,-9900,0.0,0.0
2022,4,12,8,60,0.0,0.0,0.0,0.0,0.0,5,29.0,24.0,59,1007.4,346,5.5,-9900,-9900,0.0,0.0
2022,4,12,9,60,0.0,0.0,0.0,0.0,0.0,5,28.3,23.3,61,1007.1,7,7.4,-9900,-9900,0.0,0.0
2022,4,12,10,60,0.0,0.0,0.0,0.0,0.0,5,27.6,22.6,63,1006.7,31,7.4,-9900,-9900,0.0,0.0
2022,4,12,11,60,0.0,0.0,0.0,0.0,0.0,5,27.4,22.4,61,1007.7,9,5.5,-9900,-9900,0.0,0.0
2022,4,12,12,60,0.0,0.0,0.0,0.0,0.0,5,26.7,21.7,66,1008.1,43,5.5,-9900,-9900,0.0,0.0
2022,4,12,13,60,0.0,0.0,0.0,0.0,0.0,5,26.0,21.0,73,1008.5,71,5.5,-9900,-9900,0.0,0.0
2022,4,12,14,60,0.0,0.0,0.0,0.0,0.0,5,25.8,20.8,74,1008.5,75,5.5,-9900,-9900,0.0,0.0
2022,4,12,15,60,0.0,0.0,0.0,0.0,0.0,5,25.6,20.6,76,1008.4,80,7.4,-9900,-9900,0.0,0.0
2022,4,12,16,60,0.0,0.0,0.0,0.0,0.0,5,25.4,20.4,78,1008.4,84,7.4,-9900,-9900,0.0,0.0
2022,4,12,17,60,0.0,0.0,0.0,0.0,0.0,5,25.3,20.3,73,1008.1,108,9.3,-9900,-9900,0.0,0.0
2022,4,12,18,60,0.0,0.0,0.0,0.0,0.0,5,24.9,19.9,75,1007.7,115,7.4,-9900,-9900,0.0,0.0
2022,4,12,19,60,0.0,0.0,0.0,0.0,0.0,5,24.5,19.5,77,1007.3,127,5.5,-9900,-9900,0.0,0.0
2022,4,12,20,60,0.0,0.0,0.0,0.0,0.0,5,24.1,19.1,79,1007.2,137,5.5,-9900,-9900,0.0,0.0
2022,4,12,21,60,0.0,0.0,0.0,0.0,0.0,5,23.7,18.7,82,1007.1,155,3.7,-9900,-9900,0.0,0.0
2022,4,12,22,60,0.0,0.0,0.0,0.0,0.0,5,23.3,18.3,85,1006.9,182,3.7,-9900,-9900,0.0,0.0
2022,4,12,23,60,0.0,0.0,0.0,0.0,0.0,5,24.5,19.5,79,1007.7,192,5.5,-9900,-9900,0.0,0.0
2022,4,12,24,60,0.0,0.0,0.0,0.0,0.0,5,25.0,20.0,75,1008.1,193,5.5,-9900,-9900,0.0,0.0
2022,4,13,1,60,0.0,0.0,0.0,0.0,0.0,5,25.5,20.5,71,1008.5,194,3.7,-9900,-9900,0.0,0.0
2022,4,13,2,60,0.0,0.0,0.0,0.0,0.0,5,26.9,21.9,65,1008.1,224,5.5,-9900,-9900,0.0,0.0
2022,4,13,3,60,0.0,0.0,0.0,0.0,0.0,5,28.2,23.2,59,1007.7,262,5.5,-9900,-9900,0.0,0.0
2022,4,13,4,60,0.0,0.0,0.0,0.0,0.0,5,29.6,24.6,53,1007.3,286,5.5,-9900,-9900,0.0,0.0
2022,4,13,5,60,0.0,0.0,0.0,0.0,0.0,5,29.5,24.5,57,1006.9,287,5.5,-9900,-9900,0.0,0.0
2022,4,13,6,60,0.0,0.0,0.0,0.0,0.0,5,29.6,24.6,57,1006.1,302,7.4,-9900,-9900,0.0,0.0
2022,4,13,7,60,0.0,0.0,0.0,0.0,0.0,5,29.7,24.7,57,1005.4,313,7.4,-9900,-9900,0.0,0.0
2022,4,13,8,60,0.0,0.0,0.0,0.0,0.0,5,29.0,24.0,58,1005.1,311,7.4,-9900,-9900,0.0,0.0
2022,4,13,9,60,0.0,0.0,0.0,0.0,0.0,5,28.4,23.4,59,1004.7,308,5.5,-9900,-9900,0.0,0.0
2022,4,13,10,60,0.0,0.0,0.0,0.0,0.0,5,27.7,22.7,60,1004.4,302,5.5,-9900,-9900,0.0,0.0
2022,4,13,11,60,0.0,0.0,0.0,0.0,0.0,5,26.8,21.8,63,1005.4,358,5.5,-9900,-9900,0.0,0.0
2022,4,13,12,60,0.0,0.0,0.0,0.0,0.0,5,26.0,21.0,68,1006.0,3,5.5,-9900,-9900,0.0,0.0
2022,4,13,13,60,0.0,0.0,0.0,0.0,0.0,5,25.3,20.3,73,1006.7,42,3.7,-9900,-9900,0.0,0.0
2022,4,13,14,60,0.0,0.0,0.0,0.0,0.0,5,25.1,20.1,75,1006.8,199,3.7,-9900,-9900,0.0,0.0
2022,4,13,15,60,0.0,0.0,0.0,0.0,0.0,5,24.8,19.8,78,1006.9,207,3.7,-9900,-9900,0.0,0.0
2022,4,13,16,60,0.0,0.0,0.0,0.0,0.0,5,24.6,19.6,79,1006.9,208,3.7,-9900,-9900,0.0,0.0
2022,4,13,17,60,0.0,0.0,0.0,0.0,0.0,5,24.4,19.4,80,1006.6,210,3.7,-9900,-9900,0.0,0.0
2022,4,13,18,60,0.0,0.0,0.0,0.0,0.0,5,24.1,19.1,82,1006.2,212,3.7,-9900,-9900,0.0,0.0
2022,4,13,19,60,0.0,0.0,0.0,0.0,0.0,5,23.9,18.9,83,1005.8,213,3.7,-9900,-9900,0.0,0.0
2022,4,13,20,60,0.0,0.0,0.0,0.0,0.0,5,23.5,18.5,84,1005.9,211,3.7,-9900,-9900,0.0,0.0
2022,4,13,21,60,0.0,0.0,0.0,0.0,0.0,5,23.2,18.2,85,1006.0,209,3.7,-9900,-9900,0.0,0.0
2022,4,13,22,60,0.0,0.0,0.0,0.0,0.0,5,22.9,17.9,86,1006.1,207,3.7,-9900,-9900,0.0,0.0
2022,4,13,23,60,0.0,0.0,0.0,0.0,0.0,5,23.7,18.7,76,1007.3,172,3.7,-9900,-9900,0.0,0.0
2022,4,13,24,60,0.0,0.0,0.0,0.0,0.0,5,23.8,18.8,75,1008.1,175,3.7,-9900,-9900,0.0,0.0
2022,4,14,1,60,0.0,0.0,0.0,0.0,0.0,5,23.9,18.9,74,1008.8,179,3.7,-9900,-9900,0.0,0.0
2022,4,14,2,60,0.0,0.0,0.0,0.0,0.0,5,24.5,19.5,70,1008.8,165,5.5,-9900,-9900,0.0,0.0
2022,4,14,3,60,0.0,0.0,0.0,0.0,0.0,5,25.1,20.1,66,1008.8,43,5.5,-9900,-9900,0.0,0.0
2022,4,14,4,60,0.0,0.0,0.0,0.0,0.0,5,25.7,20.7,62,1008.9,19,5.5,-9900,-9900,0.0,0.0
2022,4,14,5,60,0.0,0.0,0.0,0.0,0.0,5,23.3,18.3,75,1008.5,59,7.4,-9900,-9900,0.0,0.0
2022,4,14,6,60,0.0,0.0,0.0,0.0,0.0,5,23.7,18.7,70,1008.2,51,9.3,-9900,-9900,0.0,0.0
2022,4,14,7,60,0.0,0.0,0.0,0.0,0.0,5,24.0,19.0,67,1007.9,46,9.3,-9900,-9900,0.0,0.0
2022,4,14,8,60,0.0,0.0,0.0,0.0,0.0,5,23.7,18.7,66,1008.2,54,9.3,-9900,-9900,0.0,0.0
2022,4,14,9,60,0.0,0.0,0.0,0.0,0.0,5,23.3,18.3,66,1008.5,61,11.1,-9900,-9900,0.0,0.0
2022,4,14,10,60,0.0,0.0,0.0,0.0,0.0,5,23.0,18.0,66,1008.7,67,11.1,-9900,-9900,0.0,0.0
2022,4,14,11,60,0.0,0.0,0.0,0.0,0.0,5,21.3,16.3,76,1011.1,100,9.3,-9900,-9900,0.0,0.0
2022,4,14,12,60,0.0,0.0,0.0,0.0,0.0,5,21.0,16.0,75,1011.7,97,9.3,-9900,-9900,0.0,0.0
2022,4,14,13,60,0.0,0.0,0.0,0.0,0.0,5,20.8,15.8,73,1012.4,94,11.1,-9900,-9900,0.0,0.0
2022,4,14,14,60,0.0,0.0,0.0,0.0,0.0,5,20.7,15.7,73,1012.8,94,9.3,-9900,-9900,0.0,0.0
2022,4,14,15,60,0.0,0.0,0.0,0.0,0.0,5,20.6,15.6,73,1013.2,93,9.3,-9900,-9900,0.0,0.0
2022,4,14,16,60,0.0,0.0,0.0,0.0,0.0,5,20.5,15.5,73,1013.6,93,9.3,-9900,-9900,0.0,0.0
2022,4,14,17,60,0.0,0.0,0.0,0.0,0.0,5,20.6,15.6,73,1013.3,91,11.1,-9900,-9900,0.0,0.0
2022,4,14,18,60,0.0,0.0,0.0,0.0,0.0,5,20.6,15.6,73,1013.0,93,11.1,-9900,-9900,0.0,0.0
2022,4,14,19,60,0.0,0.0,0.0,0.0,0.0,5,20.5,15.5,73,1012.7,95,11.1,-9900,-9900,0.0,0.0
2022,4,14,20,60,0.0,0.0,0.0,0.0,0.0,5,20.4,15.4,72,1012.9,92,11.1,-9900,-9900,0.0,0.0
2022,4,14,21,60,0.0,0.0,0.0,0.0,0.0,5,20.3,15.3,71,1013.1,89,11.1,-9900,-9900,0.0,0.0
2022,4,14,22,60,0.0,0.0,0.0,0.0,0.0,5,20.2,15.2,70,1013.3,86,9.3,-9900,-9900,0.0,0.0
2022,4,14,23,60,0.0,0.0,0.0,0.0,0.0,5,19.8,14.8,78,1014.2,104,9.3,-9900,-9900,0.0,0.0
2022,4,14,24,60,0.0,0.0,0.0,0.0,0.0,5,20.3,15.3,76,1014.7,98,11.1,-9900,-9900,0.0,0.0
2022,4,15,1,60,0.0,0.0,0.0,0.0,0.0,5,20.8,15.8,75,1015.1,93,13.0,-9900,-9900,0.0,0.0
2022,4,15,2,60,0.0,0.0,0.0,0.0,0.0,5,21.6,16.6,71,1015.0,85,13.0,-9900,-9900,0.0,0.0
2022,4,15,3,60,0.0,0.0,0.0,0.0,0.0,5,22.4,17.4,68,1014.9,77,13.0,-9900,-9900,0.0,0.0
2022,4,15,4,60,0.0,0.0,0.0,0.0,0.0,5,23.2,18.2,65,1014.8,70,13.0,-9900,-9900,0.0,0.0
2022,4,15,5,60,0.0,0.0,0.0,0.0,0.0,5,21.3,16.3,73,1014.6,72,14.8,-9900,-9900,0.0,0.0
2022,4,15,6,60,0.0,0.0,0.0,0.0,0.0,5,21.4,16.4,71,1014.1,67,14.8,-9900,-9900,0.0,0.0
2022,4,15,7,60,0.0,0.0,0.0,0.0,0.0,5,21.5,16.5,70,1013.7,62,14.8,-9900,-9900,0.0,0.0
2022,4,15,8,60,0.0,0.0,0.0,0.0,0.0,5,21.1,16.1,70,1013.8,65,14.8,-9900,-9900,0.0,0.0
2022,4,15,9,60,0.0,0.0,0.0,0.0,0.0,5,20.7,15.7,70,1013.9,67,13.0,-9900,-9900,0.0,0.0
2022,4,15,10,60,0.0,0.0,0.0,0.0,0.0,5,20.4,15.4,70,1014.0,70,13.0,-9900,-9900,0.0,0.0
2022,4,15,11,60,0.0,0.0,0.0,0.0,0.0,5,19.4,14.4,71,1015.3,72,14.8,-9900,-9900,0.0,0.0
2022,4,15,12,60,0.0,0.0,0.0,0.0,0.0,5,19.2,14.2,69,1015.8,78,13.0,-9900,-9900,0.0,0.0
2022,4,15,13,60,0.0,0.0,0.0,0.0,0.0,5,19.0,14.0,66,1016.4,83,13.0,-9900,-9900,0.0,0.0
2022,4,15,14,60,0.0,0.0,0.0,0.0,0.0,5,18.9,13.9,65,1016.7,83,13.0,-9900,-9900,0.0,0.0
2022,4,15,15,60,0.0,0.0,0.0,0.0,0.0,5,18.8,13.8,65,1016.9,83,13.0,-9900,-9900,0.0,0.0
2022,4,15,16,60,0.0,0.0,0.0,0.0,0.0,5,18.7,13.7,64,1017.2,84,11.1,-9900,-9900,0.0,0.0
2022,4,15,17,60,0.0,0.0,0.0,0.0,0.0,5,18.6,13.6,77,1016.7,82,13.0,-9900,-9900,0.0,0.0
2022,4,15,18,60,0.0,0.0,0.0,0.0,0.0,5,18.6,13.6,76,1016.3,81,13.0,-9900,-9900,0.0,0.0
2022,4,15,19,60,0.0,0.0,0.0,0.0,0.0,5,18.5,13.5,76,1015.8,81,13.0,-9900,-9900,0.0,0.0
2022,4,15,20,60,0.0,0.0,0.0,0.0,0.0,5,18.4,13.4,76,1015.8,81,13.0,-9900,-9900,0.0,0.0
2022,4,15,21,60,0.0,0.0,0.0,0.0,0.0,5,18.3,13.3,75,1015.9,82,13.0,-9900,-9900,0.0,0.0
2022,4,15,22,60,0.0,0.0,0.0,0.0,0.0,5,18.2,13.2,75,1015.9,83,13.0,-9900,-9900,0.0,0.0
2022,4,15,23,60,0.0,0.0,0.0,0.0,0.0,5,18.3,13.3,75,1016.3,82,14.8,-9900,-9900,0.0,0.0
2022,4,15,24,60,0.0,0.0,0.0,0.0,0.0,5,18.5,13.5,75,1016.6,81,14.8,-9900,-9900,0.0,0.0
2022,4,16,1,60,0.0,0.0,0.0,0.0,0.0,5,18.6,13.6,75,1017.0,80,16.7,-9900,-9900,0.0,0.0
2022,4,16,2,60,0.0,0.0,0.0,0.0,0.0,5,19.0,14.0,71,1017.0,79,16.7,-9900,-9900,0.0,0.0
2022,4,16,3,60,0.0,0.0,0.0,0.0,0.0,5,19.3,14.3,68,1017.0,78,14.8,-9900,-9900,0.0,0.0
2022,4,16,4,60,0.0,0.0,0.0,0.0,0.0,5,19.7,14.7,64,1017.0,77,14.8,-9900,-9900,0.0,0.0
2022,4,16,5,60,0.0,0.0,0.0,0.0,0.0,5,19.9,14.9,61,1016.1,86,16.7,-9900,-9900,0.0,0.0
2022,4,16,6,60,0.0,0.0,0.0,0.0,0.0,5,19.8,14.8,62,1015.5,86,16.7,-9900,-9900,0.0,0.0
2022,4,16,7,60,0.0,0.0,0.0,0.0,0.0,5,19.7,14.7,63,1015.0,86,16.7,-9900,-9900,0.0,0.0
2022,4,16,8,60,0.0,0.0,0.0,0.0,0.0,5,19.3,14.3,64,1015.3,87,14.8,-9900,-9900,0.0,0.0
2022,4,16,9,60,0.0,0.0,0.0,0.0,0.0,5,19.0,14.0,66,1015.5,87,14.8,-9900,-9900,0.0,0.0
2022,4,16,10,60,0.0,0.0,0.0,0.0,0.0,5,18.6,13.6,68,1015.7,87,13.0,-9900,-9900,0.0,0.0
2022,4,16,11,60,0.0,0.0,0.0,0.0,0.0,5,18.5,13.5,68,1016.4,80,16.7,-9900,-9900,0.0,0.0
2022,4,16,12,60,0.0,0.0,0.0,0.0,0.0,5,18.3,13.3,67,1017.0,85,16.7,-9900,-9900,0.0,0.0
2022,4,16,13,60,0.0,0.0,0.0,0.0,0.0,5,18.1,13.1,66,1017.6,91,14.8,-9900,-9900,0.0,0.0
2022,4,16,14,60,0.0,0.0,0.0,0.0,0.0,5,18.0,13.0,67,1017.8,89,14.8,-9900,-9900,0.0,0.0
2022,4,16,15,60,0.0,0.0,0.0,0.0,0.0,5,17.9,12.9,67,1017.9,87,14.8,-9900,-9900,0.0,0.0
2022,4,16,16,60,0.0,0.0,0.0,0.0,0.0,5,17.9,12.9,67,1018.1,85,14.8,-9900,-9900,0.0,0.0
2022,4,16,17,60,0.0,0.0,0.0,0.0,0.0,5,18.2,13.2,65,1018.0,74,14.8,-9900,-9900,0.0,0.0
2022,4,16,18,60,0.0,0.0,0.0,0.0,0.0,5,18.0,13.0,66,1017.5,77,14.8,-9900,-9900,0.0,0.0
2022,4,16,19,60,0.0,0.0,0.0,0.0,0.0,5,17.8,12.8,67,1017.0,80,14.8,-9900,-9900,0.0,0.0
2022,4,16,20,60,0.0,0.0,0.0,0.0,0.0,5,17.6,12.6,69,1017.0,83,13.0,-9900,-9900,0.0,0.0
2022,4,16,21,60,0.0,0.0,0.0,0.0,0.0,5,17.5,12.5,71,1017.0,86,11.1,-9900,-9900,0.0,0.0
2022,4,16,22,60,0.0,0.0,0.0,0.0,0.0,5,17.3,12.3,73,1017.0,89,11.1,-9900,-9900,0.0,0.0
2022,4,16,23,60,0.0,0.0,0.0,0.0,0.0,5,16.8,11.8,76,1017.4,90,13.0,-9900,-9900,0.0,0.0
2022,4,16,24,60,0.0,0.0,0.0,0.0,0.0,5,17.1,12.1,76,1017.8,89,13.0,-9900,-9900,0.0,0.0
2022,4,17,1,60,0.0,0.0,0.0,0.0,0.0,5,17.3,12.3,77,1018.3,89,13.0,-9900,-9900,0.0,0.0
2022,4,17,2,60,0.0,0.0,0.0,0.0,0.0,5,18.1,13.1,73,1018.2,87,13.0,-9900,-9900,0.0,0.0
2022,4,17,3,60,0.0,0.0,0.0,0.0,0.0,5,18.8,13.8,70,1018.2,85,13.0,-9900,-9900,0.0,0.0
2022,4,17,4,60,0.0,0.0,0.0,0.0,0.0,5,19.5,14.5,67,1018.1,84,13.0,-9900,-9900,0.0,0.0
2022,4,17,5,60,0.0,0.0,0.0,0.0,0.0,5,19.9,14.9,66,1017.5,88,13.0,-9900,-9900,0.0,0.0
2022,4,17,6,60,0.0,0.0,0.0,0.0,0.0,5,19.9,14.9,66,1017.0,86,14.8,-9900,-9900,0.0,0.0
2022,4,17,7,60,0.0,0.0,0.0,0.0,0.0,5,19.9,14.9,67,1016.4,84,14.8,-9900,-9900,0.0,0.0
2022,4,17,8,60,0.0,0.0,0.0,0.0,0.0,5,19.8,14.8,68,1016.1,86,13.0,-9900,-9900,0.0,0.0
2022,4,17,9,60,0.0,0.0,0.0,0.0,0.0,5,19.7,14.7,70,1015.9,89,13.0,-9900,-9900,0.0,0.0
2022,4,17,10,60,0.0,0.0,0.0,0.0,0.0,5,19.6,14.6,71,1015.7,91,13.0,-9900,-9900,0.0,0.0
2022,4,17,11,60,0.0,0.0,0.0,0.0,0.0,5,19.0,14.0,72,1016.9,84,13.0,-9900,-9900,0.0,0.0
2022,4,17,12,60,0.0,0.0,0.0,0.0,0.0,5,19.0,14.0,70,1017.2,86,13.0,-9900,-9900,0.0,0.0
2022,4,17,13,60,0.0,0.0,0.0,0.0,0.0,5,19.0,14.0,70,1017.5,88,11.1,-9900,-9900,0.0,0.0
2022,4,17,14,60,0.0,0.0,0.0,0.0,0.0,5,19.1,14.1,70,1017.4,86,11.1,-9900,-9900,0.0,0.0
2022,4,17,15,60,0.0,0.0,0.0,0.0,0.0,5,19.2,14.2,70,1017.4,83,11.1,-9900,-9900,0.0,0.0
2022,4,17,16,60,0.0,0.0,0.0,0.0,0.0,5,19.3,14.3,70,1017.4,80,11.1,-9900,-9900,0.0,0.0
2022,4,17,17,60,0.0,0.0,0.0,0.0,0.0,5,19.3,14.3,74,1017.0,95,13.0,-9900,-9900,0.0,0.0
2022,4,17,18,60,0.0,0.0,0.0,0.0,0.0,5,19.2,14.2,75,1016.5,97,11.1,-9900,-9900,0.0,0.0
2022,4,17,19,60,0.0,0.0,0.0,0.0,0.0,5,19.2,14.2,75,1016.0,101,7.4,-9900,-9900,0.0,0.0
2022,4,17,20,60,0.0,0.0,0.0,0.0,0.0,5,19.2,14.2,77,1015.8,102,7.4,-9900,-9900,0.0,0.0
2022,4,17,21,60,0.0,0.0,0.0,0.0,0.0,5,19.2,14.2,79,1015.7,106,5.5,-9900,-9900,0.0,0.0
2022,4,17,22,60,0.0,0.0,0.0,0.0,0.0,5,19.1,14.1,82,1015.6,112,5.5,-9900,-9900,0.0,0.0
2022,4,17,23,60,0.0,0.0,0.0,0.0,0.0,5,19.7,14.7,81,1015.8,106,7.4,-9900,-9900,0.0,0.0
2022,4,17,24,60,0.0,0.0,0.0,0.0,0.0,5,19.9,14.9,81,1016.3,103,7.4,-9900,-9900,0.0,0.0
2022,4,18,1,60,0.0,0.0,0.0,0.0,0.0,5,20.2,15.2,81,1016.9,100,7.4,-9900,-9900,0.0,0.0
2022,4,18,2,60,0.0,0.0,0.0,0.0,0.0,5,20.7,15.7,78,1017.0,91,7.4,-9900,-9900,0.0,0.0
2022,4,18,3,60,0.0,0.0,0.0,0.0,0.0,5,21.3,16.3,76,1017.1,82,9.3,-9900,-9900,0.0,0.0
2022,4,18,4,60,0.0,0.0,0.0,0.0,0.0,5,21.8,16.8,74,1017.2,75,9.3,-9900,-9900,0.0,0.0
2022,4,18,5,60,0.0,0.0,0.0,0.0,0.0,5,22.0,17.0,73,1016.6,70,9.3,-9900,-9900,0.0,0.0
2022,4,18,6,60,0.0,0.0,0.0,0.0,0.0,5,21.9,16.9,73,1016.2,71,9.3,-9900,-9900,0.0,0.0
2022,4,18,7,60,0.0,0.0,0.0,0.0,0.0,5,21.8,16.8,74,1015.7,72,9.3,-9900,-9900,0.0,0.0
2022,4,18,8,60,0.0,0.0,0.0,0.0,0.0,5,21.4,16.4,75,1015.9,76,9.3,-9900,-9900,0.0,0.0
2022,4,18,9,60,0.0,0.0,0.0,0.0,0.0,5,20.9,15.9,77,1016.0,78,9.3,-9900,-9900,0.0,0.0
2022,4,18,10,60,0.0,0.0,0.0,0.0,0.0,5,20.5,15.5,79,1016.1,81,9.3,-9900,-9900,0.0,0.0
2022,4,18,11,60,0.0,0.0,0.0,0.0,0.0,5,20.3,15.3,77,1016.8,84,9.3,-9900,-9900,0.0,0.0
2022,4,18,12,60,0.0,0.0,0.0,0.0,0.0,5,20.1,15.1,75,1017.4,86,11.1,-9900,-9900,0.0,0.0
2022,4,18,13,60,0.0,0.0,0.0,0.0,0.0,5,19.8,14.8,74,1018.1,88,11.1,-9900,-9900,0.0,0.0
2022,4,18,14,60,0.0,0.0,0.0,0.0,0.0,5,19.7,14.7,74,1018.3,87,11.1,-9900,-9900,0.0,0.0
2022,4,18,15,60,0.0,0.0,0.0,0.0,0.0,5,19.6,14.6,74,1018.6,85,11.1,-9900,-9900,0.0,0.0
2022,4,18,16,60,0.0,0.0,0.0,0.0,0.0,5,19.6,14.6,74,1018.8,83,11.1,-9900,-9900,0.0,0.0
2022,4,18,17,60,0.0,0.0,0.0,0.0,0.0,5,18.8,13.8,81,1018.8,91,14.8,-9900,-9900,0.0,0.0
2022,4,18,18,60,0.0,0.0,0.0,0.0,0.0,5,18.7,13.7,82,1018.3,88,13.0,-9900,-9900,0.0,0.0
2022,4,18,19,60,0.0,0.0,0.0,0.0,0.0,5,18.7,13.7,82,1017.8,84,11.1,-9900,-9900,0.0,0.0
2022,4,18,20,60,0.0,0.0,0.0,0.0,0.0,5,18.6,13.6,82,1017.8,84,11.1,-9900,-9900,0.0,0.0
2022,4,18,21,60,0.0,0.0,0.0,0.0,0.0,5,18.4,13.4,83,1017.7,83,9.3,-9900,-9900,0.0,0.0
2022,4,18,22,60,0.0,0.0,0.0,0.0,0.0,5,18.3,13.3,83,1017.6,83,9.3,-9900,-9900,0.0,0.0
2022,4,18,23,60,0.0,0.0,0.0,0.0,0.0,5,18.1,13.1,78,1018.2,96,11.1,-9900,-9900,0.0,0.0
2022,4,18,24,60,0.0,0.0,0.0,0.0,0.0,5,18.0,13.0,80,1018.7,95,13.0,-9900,-9900,0.0,0.0
2022,4,19,1,60,0.0,0.0,0.0,0.0,0.0,5,18.0,13.0,82,1019.1,95,13.0,-9900,-9900,0.0,0.0
2022,4,19,2,60,0.0,0.0,0.0,0.0,0.0,5,18.3,13.3,79,1019.3,91,13.0,-9900,-9900,0.0,0.0
2022,4,19,3,60,0.0,0.0,0.0,0.0,0.0,5,18.6,13.6,77,1019.4,87,13.0,-9900,-9900,0.0,0.0
2022,4,19,4,60,0.0,0.0,0.0,0.0,0.0,5,18.9,13.9,74,1019.5,83,13.0,-9900,-9900,0.0,0.0
2022,4,19,5,60,0.0,0.0,0.0,0.0,0.0,5,18.2,13.2,77,1019.0,89,13.0,-9900,-9900,0.0,0.0
2022,4,19,6,60,0.0,0.0,0.0,0.0,0.0,5,18.2,13.2,76,1018.5,88,13.0,-9900,-9900,0.0,0.0
2022,4,19,7,60,0.0,0.0,0.0,0.0,0.0,5,18.1,13.1,76,1018.0,88,13.0,-9900,-9900,0.0,0.0
2022,4,19,8,60,0.0,0.0,0.0,0.0,0.0,5,17.9,12.9,76,1017.9,89,13.0,-9900,-9900,0.0,0.0
2022,4,19,9,60,0.0,0.0,0.0,0.0,0.0,5,17.7,12.7,77,1017.8,89,13.0,-9900,-9900,0.0,0.0
2022,4,19,10,60,0.0,0.0,0.0,0.0,0.0,5,17.5,12.5,78,1017.7,89,13.0,-9900,-9900,0.0,0.0
2022,4,19,11,60,0.0,0.0,0.0,0.0,0.0,5,17.2,12.2,79,1018.7,90,11.1,-9900,-9900,0.0,0.0
2022,4,19,12,60,0.0,0.0,0.0,0.0,0.0,5,17.2,12.2,79,1018.9,92,11.1,-9900,-9900,0.0,0.0
2022,4,19,13,60,0.0,0.0,0.0,0.0,0.0,5,17.3,12.3,78,1019.2,94,11.1,-9900,-9900,0.0,0.0
2022,4,19,14,60,0.0,0.0,0.0,0.0,0.0,5,17.4,12.4,77,1019.0,92,11.1,-9900,-9900,0.0,0.0
2022,4,19,15,60,0.0,0.0,0.0,0.0,0.0,5,17.5,12.5,76,1018.9,91,11.1,-9900,-9900,0.0,0.0
2022,4,19,16,60,0.0,0.0,0.0,0.0,0.0,5,17.6,12.6,76,1018.7,90,11.1,-9900,-9900,0.0,0.0
2022,4,19,17,60,0.0,0.0,0.0,0.0,0.0,5,17.7,12.7,76,1018.3,92,14.8,-9900,-9900,0.0,0.0
2022,4,19,18,60,0.0,0.0,0.0,0.0,0.0,5,17.7,12.7,76,1017.6,90,13.0,-9900,-9900,0.0,0.0
2022,4,19,19,60,0.0,0.0,0.0,0.0,0.0,5,17.7,12.7,77,1017.0,87,13.0,-9900,-9900,0.0,0.0
2022,4,19,20,60,0.0,0.0,0.0,0.0,0.0,5,17.7,12.7,78,1016.7,89,11.1,-9900,-9900,0.0,0.0
2022,4,19,21,60,0.0,0.0,0.0,0.0,0.0,5,17.7,12.7,79,1016.5,92,11.1,-9900,-9900,0.0,0.0
2022,4,19,22,60,0.0,0.0,0.0,0.0,0.0,5,17.7,12.7,80,1016.3,95,9.3,-9900,-9900,0.0,0.0
2022,4,19,23,60,0.0,0.0,0.0,0.0,0.0,5,17.6,12.6,69,1016.7,85,14.8,-9900,-9900,0.0,0.0
2022,4,19,24,60,0.0,0.0,0.0,0.0,0.0,5,17.9,12.9,74,1017.0,85,14.8,-9900,-9900,0.0,0.0
2022,4,20,1,60,0.0,0.0,0.0,0.0,0.0,5,18.2,13.2,78,1017.4,85,14.8,-9900,-9900,0.0,0.0
2022,4,20,2,60,0.0,0.0,0.0,0.0,0.0,5,19.3,14.3,74,1017.1,87,14.8,-9900,-9900,0.0,0.0
2022,4,20,3,60,0.0,0.0,0.0,0.0,0.0,5,20.3,15.3,71,1016.7,88,14.8,-9900,-9900,0.0,0.0
2022,4,20,4,60,0.0,0.0,0.0,0.0,0.0,5,21.4,16.4,67,1016.4,90,14.8,-9900,-9900,0.0,0.0
2022,4,20,5,60,0.0,0.0,0.0,0.0,0.0,5,20.2,15.2,76,1015.7,94,14.8,-9900,-9900,0.0,0.0
2022,4,20,6,60,0.0,0.0,0.0,0.0,0.0,5,20.8,15.8,74,1015.0,97,14.8,-9900,-9900,0.0,0.0
2022,4,20,7,60,0.0,0.0,0.0,0.0,0.0,5,21.5,16.5,71,1014.3,100,13.0,-9900,-9900,0.0,0.0
2022,4,20,8,60,0.0,0.0,0.0,0.0,0.0,5,21.4,16.4,72,1014.0,98,13.0,-9900,-9900,0.0,0.0
2022,4,20,9,60,0.0,0.0,0.0,0.0,0.0,5,21.3,16.3,74,1013.7,97,13.0,-9900,-9900,0.0,0.0
2022,4,20,10,60,0.0,0.0,0.0,0.0,0.0,5,21.2,16.2,75,1013.5,95,11.1,-9900,-9900,0.0,0.0
2022,4,20,11,60,0.0,0.0,0.0,0.0,0.0,5,21.8,16.8,70,1013.6,89,11.1,-9900,-9900,0.0,0.0
2022,4,20,12,60,0.0,0.0,0.0,0.0,0.0,5,21.6,16.6,68,1013.8,87,11.1,-9900,-9900,0.0,0.0
2022,4,20,13,60,0.0,0.0,0.0,0.0,0.0,5,21.4,16.4,66,1014.1,86,9.3,-9900,-9900,0.0,0.0
2022,4,20,14,60,0.0,0.0,0.0,0.0,0.0,5,21.3,16.3,67,1014.2,88,7.4,-9900,-9900,0.0,0.0
2022,4,20,15,60,0.0,0.0,0.0,0.0,0.0,5,21.2,16.2,69,1014.4,93,5.5,-9900,-9900,0.0,0.0
2022,4,20,16,60,0.0,0.0,0.0,0.0,0.0,5,21.1,16.1,70,1014.5,105,3.7,-9900,-9900,0.0,0.0
2022,4,20,17,60,0.0,0.0,0.0,0.0,0.0,5,20.1,15.1,92,1013.9,209,3.7,-9900,-9900,0.0,0.0
2022,4,20,18,60,0.0,0.0,0.0,0.0,0.0,5,20.0,15.0,92,1013.6,207,3.7,-9900,-9900,0.0,0.0
2022,4,20,19,60,0.0,0.0,0.0,0.0,0.0,5,19.9,14.9,93,1013.2,205,3.7,-9900,-9900,0.0,0.0
2022,4,20,20,60,0.0,0.0,0.0,0.0,0.0,5,19.9,14.9,93,1013.2,207,3.7,-9900,-9900,0.0,0.0
2022,4,20,21,60,0.0,0.0,0.0,0.0,0.0,5,19.8,14.8,93,1013.2,208,3.7,-9900,-9900,0.0,0.0
2022,4,20,22,60,0.0,0.0,0.0,0.0,0.0,5,19.8,14.8,94,1013.2,210,3.7,-9900,-9900,0.0,0.0
2022,4,20,23,60,0.0,0.0,0.0,0.0,0.0,5,20.2,15.2,92,1013.8,211,3.7,-9900,-9900,0.0,0.0
2022,4,20,24,60,0.0,0.0,0.0,0.0,0.0,5,20.5,15.5,90,1014.3,213,3.7,-9900,-9900,0.0,0.0
2022,4,21,1,60,0.0,0.0,0.0,0.0,0.0,5,20.8,15.8,88,1014.9,216,3.7,-9900,-9900,0.0,0.0
2022,4,21,2,60,0.0,0.0,0.0,0.0,0.0,5,22.4,17.4,80,1014.8,244,3.7,-9900,-9900,0.0,0.0
2022,4,21,3,60,0.0,0.0,0.0,0.0,0.0,5,23.9,18.9,73,1014.7,265,3.7,-9900,-9900,0.0,0.0
2022,4,21,4,60,0.0,0.0,0.0,0.0,0.0,5,25.4,20.4,66,1014.6,278,3.7,-9900,-9900,0.0,0.0
2022,4,21,5,60,0.0,0.0,0.0,0.0,0.0,5,24.6,19.6,72,1013.9,337,3.7,-9900,-9900,0.0,0.0
2022,4,21,6,60,0.0,0.0,0.0,0.0,0.0,5,25.2,20.2,71,1013.1,346,5.5,-9900,-9900,0.0,0.0
2022,4,21,7,60,0.0,0.0,0.0,0.0,0.0,5,25.8,20.8,69,1012.3,352,5.5,-9900,-9900,0.0,0.0
2022,4,21,8,60,0.0,0.0,0.0,0.0,0.0,5,25.5,20.5,69,1012.2,19,5.5,-9900,-9900,0.0,0.0
2022,4,21,9,60,0.0,0.0,0.0,0.0,0.0,5,25.2,20.2,69,1012.1,46,7.4,-9900,-9900,0.0,0.0
2022,4,21,10,60,0.0,0.0,0.0,0.0,0.0,5,24.9,19.9,70,1012.0,65,7.4,-9900,-9900,0.0,0.0
2022,4,21,11,60,0.0,0.0,0.0,0.0,0.0,5,24.1,19.1,76,1012.9,94,7.4,-9900,-9900,0.0,0.0
2022,4,21,12,60,0.0,0.0,0.0,0.0,0.0,5,23.8,18.8,76,1013.2,96,7.4,-9900,-9900,0.0,0.0
2022,4,21,13,60,0.0,0.0,0.0,0.0,0.0,5,23.5,18.5,76,1013.6,97,7.4,-9900,-9900,0.0,0.0
2022,4,21,14,60,0.0,0.0,0.0,0.0,0.0,5,23.3,18.3,77,1013.6,100,7.4,-9900,-9900,0.0,0.0
2022,4,21,15,60,0.0,0.0,0.0,0.0,0.0,5,23.2,18.2,78,1013.7,104,7.4,-9900,-9900,0.0,0.0
2022,4,21,16,60,0.0,0.0,0.0,0.0,0.0,5,23.0,18.0,80,1013.8,110,5.5,-9900,-9900,0.0,0.0
2022,4,21,17,60,0.0,0.0,0.0,0.0,0.0,5,22.5,17.5,89,1013.4,149,5.5,-9900,-9900,0.0,0.0
2022,4,21,18,60,0.0,0.0,0.0,0.0,0.0,5,22.4,17.4,89,1013.0,153,5.5,-9900,-9900,0.0,0.0
2022,4,21,19,60,0.0,0.0,0.0,0.0,0.0,5,22.2,17.2,89,1012.6,157,3.7,-9900,-9900,0.0,0.0
2022,4,21,20,60,0.0,0.0,0.0,0.0,0.0,5,22.1,17.1,88,1012.7,165,3.7,-9900,-9900,0.0,0.0
2022,4,21,21,60,0.0,0.0,0.0,0.0,0.0,5,22.1,17.1,88,1012.8,172,3.7,-9900,-9900,0.0,0.0
2022,4,21,22,60,0.0,0.0,0.0,0.0,0.0,5,22.0,17.0,88,1013.0,179,3.7,-9900,-9900,0.0,0.0
2022,4,21,23,60,0.0,0.0,0.0,0.0,0.0,5,22.0,17.0,86,1013.7,172,3.7,-9900,-9900,0.0,0.0
2022,4,21,24,60,0.0,0.0,0.0,0.0,0.0,5,22.9,17.9,83,1014.1,173,3.7,-9900,-9900,0.0,0.0
2022,4,22,1,60,0.0,0.0,0.0,0.0,0.0,5,23.8,18.8,80,1014.5,174,3.7,-9900,-9900,0.0,0.0
2022,4,22,2,60,0.0,0.0,0.0,0.0,0.0,5,25.8,20.8,72,1014.2,209,3.7,-9900,-9900,0.0,0.0
2022,4,22,3,60,0.0,0.0,0.0,0.0,0.0,5,27.7,22.7,65,1013.9,278,3.7,-9900,-9900,0.0,0.0
2022,4,22,4,60,0.0,0.0,0.0,0.0,0.0,5,29.6,24.6,58,1013.5,303,3.7,-9900,-9900,0.0,0.0
2022,4,22,5,60,0.0,0.0,0.0,0.0,0.0,5,28.8,23.8,62,1013.0,316,5.5,-9900,-9900,0.0,0.0
2022,4,22,6,60,0.0,0.0,0.0,0.0,0.0,5,29.0,24.0,62,1012.3,334,5.5,-9900,-9900,0.0,0.0
2022,4,22,7,60,0.0,0.0,0.0,0.0,0.0,5,29.3,24.3,62,1011.6,350,5.5,-9900,-9900,0.0,0.0
2022,4,22,8,60,0.0,0.0,0.0,0.0,0.0,5,28.7,23.7,64,1011.4,6,5.5,-9900,-9900,0.0,0.0
2022,4,22,9,60,0.0,0.0,0.0,0.0,0.0,5,28.0,23.0,66,1011.3,28,5.5,-9900,-9900,0.0,0.0
2022,4,22,10,60,0.0,0.0,0.0,0.0,0.0,5,27.4,22.4,68,1011.2,51,5.5,-9900,-9900,0.0,0.0
2022,4,22,11,60,0.0,0.0,0.0,0.0,0.0,5,26.9,21.9,69,1011.5,65,5.5,-9900,-9900,0.0,0.0
2022,4,22,12,60,0.0,0.0,0.0,0.0,0.0,5,26.4,21.4,72,1012.0,105,5.5,-9900,-9900,0.0,0.0
2022,4,22,13,60,0.0,0.0,0.0,0.0,0.0,5,26.0,21.0,74,1012.5,124,5.5,-9900,-9900,0.0,0.0
2022,4,22,14,60,0.0,0.0,0.0,0.0,0.0,5,25.8,20.8,76,1012.6,135,5.5,-9900,-9900,0.0,0.0
2022,4,22,15,60,0.0,0.0,0.0,0.0,0.0,5,25.7,20.7,77,1012.7,146,5.5,-9900,-9900,0.0,0.0
2022,4,22,16,60,0.0,0.0,0.0,0.0,0.0,5,25.6,20.6,78,1012.8,156,3.7,-9900,-9900,0.0,0.0
2022,4,22,17,60,0.0,0.0,0.0,0.0,0.0,5,25.9,20.9,76,1011.8,163,5.5,-9900,-9900,0.0,0.0
2022,4,22,18,60,0.0,0.0,0.0,0.0,0.0,5,25.4,20.4,78,1011.4,170,5.5,-9900,-9900,0.0,0.0
2022,4,22,19,60,0.0,0.0,0.0,0.0,0.0,5,25.0,20.0,80,1011.0,176,5.5,-9900,-9900,0.0,0.0
2022,4,22,20,60,0.0,0.0,0.0,0.0,0.0,5,24.7,19.7,81,1011.0,173,3.7,-9900,-9900,0.0,0.0
2022,4,22,21,60,0.0,0.0,0.0,0.0,0.0,5,24.4,19.4,82,1011.0,169,3.7,-9900,-9900,0.0,0.0
2022,4,22,22,60,0.0,0.0,0.0,0.0,0.0,5,24.2,19.2,83,1010.9,166,3.7,-9900,-9900,0.0,0.0
2022,4,22,23,60,0.0,0.0,0.0,0.0,0.0,5,24.6,19.6,81,1011.7,165,3.7,-9900,-9900,0.0,0.0
2022,4,22,24,60,0.0,0.0,0.0,0.0,0.0,5,25.0,20.0,80,1012.0,173,3.7,-9900,-9900,0.0,0.0
2022,4,23,1,60,0.0,0.0,0.0,0.0,0.0,5,25.4,20.4,78,1012.2,183,3.7,-9900,-9900,0.0,0.0
2022,4,23,2,60,0.0,0.0,0.0,0.0,0.0,5,26.6,21.6,73,1012.0,221,3.7,-9900,-9900,0.0,0.0
2022,4,23,3,60,0.0,0.0,0.0,0.0,0.0,5,27.8,22.8,68,1011.7,254,5.5,-9900,-9900,0.0,0.0
2022,4,23,4,60,0.0,0.0,0.0,0.0,0.0,5,29.0,24.0,64,1011.5,272,5.5,-9900,-9900,0.0,0.0
2022,4,23,5,60,0.0,0.0,0.0,0.0,0.0,5,28.4,23.4,68,1010.9,301,5.5,-9900,-9900,0.0,0.0
2022,4,23,6,60,0.0,0.0,0.0,0.0,0.0,5,28.4,23.4,70,1010.2,316,5.5,-9900,-9900,0.0,0.0
2022,4,23,7,60,0.0,0.0,0.0,0.0,0.0,5,28.5,23.5,71,1009.5,326,5.5,-9900,-9900,0.0,0.0
2022,4,23,8,60,0.0,0.0,0.0,0.0,0.0,5,28.0,23.0,73,1009.2,327,5.5,-9900,-9900,0.0,0.0
2022,4,23,9,60,0.0,0.0,0.0,0.0,0.0,5,27.5,22.5,74,1008.9,330,5.5,-9900,-9900,0.0,0.0
2022,4,23,10,60,0.0,0.0,0.0,0.0,0.0,5,26.9,21.9,76,1008.6,338,5.5,-9900,-9900,0.0,0.0
2022,4,23,11,60,0.0,0.0,0.0,0.0,0.0,5,26.6,21.6,77,1009.0,344,5.5,-9900,-9900,0.0,0.0
2022,4,23,12,60,0.0,0.0,0.0,0.0,0.0,5,26.3,21.3,78,1009.5,358,5.5,-9900,-9900,0.0,0.0
2022,4,23,13,60,0.0,0.0,0.0,0.0,0.0,5,26.0,21.0,79,1009.9,41,5.5,-9900,-9900,0.0,0.0
2022,4,23,14,60,0.0,0.0,0.0,0.0,0.0,5,25.8,20.8,81,1010.0,129,3.7,-9900,-9900,0.0,0.0
2022,4,23,15,60,0.0,0.0,0.0,0.0,0.0,5,25.6,20.6,82,1010.1,145,3.7,-9900,-9900,0.0,0.0
2022,4,23,16,60,0.0,0.0,0.0,0.0,0.0,5,25.4,20.4,83,1010.2,151,3.7,-9900,-9900,0.0,0.0
2022,4,23,17,60,0.0,0.0,0.0,0.0,0.0,5,25.6,20.6,81,1009.9,119,5.5,-9900,-9900,0.0,0.0
2022,4,23,18,60,0.0,0.0,0.0,0.0,0.0,5,25.2,20.2,82,1009.5,134,5.5,-9900,-9900,0.0,0.0
2022,4,23,19,60,0.0,0.0,0.0,0.0,0.0,5,24.9,19.9,82,1009.1,152,5.5,-9900,-9900,0.0,0.0
2022,4,23,20,60,0.0,0.0,0.0,0.0,0.0,5,24.7,19.7,83,1009.2,157,3.7,-9900,-9900,0.0,0.0
2022,4,23,21,60,0.0,0.0,0.0,0.0,0.0,5,24.4,19.4,85,1009.3,162,3.7,-9900,-9900,0.0,0.0
2022,4,23,22,60,0.0,0.0,0.0,0.0,0.0,5,24.2,19.2,86,1009.4,168,3.7,-9900,-9900,0.0,0.0
2022,4,23,23,60,0.0,0.0,0.0,0.0,0.0,5,24.6,19.6,82,1009.9,164,3.7,-9900,-9900,0.0,0.0
2022,4,23,24,60,0.0,0.0,0.0,0.0,0.0,5,25.3,20.3,79,1010.4,167,3.7,-9900,-9900,0.0,0.0
2022,4,24,1,60,0.0,0.0,0.0,0.0,0.0,5,26.0,21.0,76,1010.8,172,1.8,-9900,-9900,0.0,0.0
2022,4,24,2,60,0.0,0.0,0.0,0.0,0.0,5,27.6,22.6,70,1010.9,212,3.7,-9900,-9900,0.0,0.0
2022,4,24,3,60,0.0,0.0,0.0,0.0,0.0,5,29.2,24.2,64,1011.0,260,3.7,-9900,-9900,0.0,0.0
2022,4,24,4,60,0.0,0.0,0.0,0.0,0.0,5,30.7,25.7,59,1011.0,282,3.7,-9900,-9900,0.0,0.0
2022,4,24,5,60,0.0,0.0,0.0,0.0,0.0,5,30.0,25.0,63,1010.2,337,5.5,-9900,-9900,0.0,0.0
2022,4,24,6,60,0.0,0.0,0.0,0.0,0.0,5,30.1,25.1,64,1009.6,356,5.5,-9900,-9900,0.0,0.0
2022,4,24,7,60,0.0,0.0,0.0,0.0,0.0,5,30.1,25.1,65,1009.0,5,5.5,-9900,-9900,0.0,0.0
2022,4,24,8,60,0.0,0.0,0.0,0.0,0.0,5,29.5,24.5,66,1008.8,17,7.4,-9900,-9900,0.0,0.0
2022,4,24,9,60,0.0,0.0,0.0,0.0,0.0,5,28.8,23.8,68,1008.6,29,7.4,-9900,-9900,0.0,0.0
2022,4,24,10,60,0.0,0.0,0.0,0.0,0.0,5,28.2,23.2,70,1008.3,41,7.4,-9900,-9900,0.0,0.0
2022,4,24,11,60,0.0,0.0,0.0,0.0,0.0,5,27.2,22.2,77,1009.6,88,9.3,-9900,-9900,0.0,0.0
2022,4,24,12,60,0.0,0.0,0.0,0.0,0.0,5,26.8,21.8,78,1010.0,88,9.3,-9900,-9900,0.0,0.0
2022,4,24,13,60,0.0,0.0,0.0,0.0,0.0,5,26.4,21.4,79,1010.4,88,7.4,-9900,-9900,0.0,0.0
2022,4,24,14,60,0.0,0.0,0.0,0.0,0.0,5,26.2,21.2,80,1010.5,98,7.4,-9900,-9900,0.0,0.0
2022,4,24,15,60,0.0,0.0,0.0,0.0,0.0,5,26.0,21.0,81,1010.5,112,5.5,-9900,-9900,0.0,0.0
2022,4,24,16,60,0.0,0.0,0.0,0.0,0.0,5,25.8,20.8,82,1010.6,131,5.5,-9900,-9900,0.0,0.0
2022,4,24,17,60,0.0,0.0,0.0,0.0,0.0,5,25.5,20.5,86,1010.0,150,5.5,-9900,-9900,0.0,0.0
2022,4,24,18,60,0.0,0.0,0.0,0.0,0.0,5,25.2,20.2,86,1009.7,157,5.5,-9900,-9900,0.0,0.0
2022,4,24,19,60,0.0,0.0,0.0,0.0,0.0,5,24.9,19.9,86,1009.4,164,5.5,-9900,-9900,0.0,0.0
2022,4,24,20,60,0.0,0.0,0.0,0.0,0.0,5,24.8,19.8,86,1009.5,165,5.5,-9900,-9900,0.0,0.0
2022,4,24,21,60,0.0,0.0,0.0,0.0,0.0,5,24.6,19.6,86,1009.6,166,5.5,-9900,-9900,0.0,0.0
2022,4,24,22,60,0.0,0.0,0.0,0.0,0.0,5,24.4,19.4,87,1009.7,166,3.7,-9900,-9900,0.0,0.0
2022,4,24,23,60,0.0,0.0,0.0,0.0,0.0,5,25.1,20.1,81,1010.4,162,3.7,-9900,-9900,0.0,0.0
2022,4,24,24,60,0.0,0.0,0.0,0.0,0.0,5,25.8,20.8,79,1010.7,157,3.7,-9900,-9900,0.0,0.0
2022,4,25,1,60,0.0,0.0,0.0,0.0,0.0,5,26.6,21.6,77,1011.0,150,3.7,-9900,-9900,0.0,0.0
2022,4,25,2,60,0.0,0.0,0.0,0.0,0.0,5,28.2,23.2,71,1010.7,150,3.7,-9900,-9900,0.0,0.0
2022,4,25,3,60,0.0,0.0,0.0,0.0,0.0,5,29.9,24.9,66,1010.3,147,3.7,-9900,-9900,0.0,0.0
2022,4,25,4,60,0.0,0.0,0.0,0.0,0.0,5,31.5,26.5,61,1010.0,333,3.7,-9900,-9900,0.0,0.0
2022,4,25,5,60,0.0,0.0,0.0,0.0,0.0,5,30.7,25.7,62,1009.5,344,3.7,-9900,-9900,0.0,0.0
2022,4,25,6,60,0.0,0.0,0.0,0.0,0.0,5,30.6,25.6,64,1008.9,349,3.7,-9900,-9900,0.0,0.0
2022,4,25,7,60,0.0,0.0,0.0,0.0,0.0,5,30.5,25.5,66,1008.4,350,5.5,-9900,-9900,0.0,0.0
2022,4,25,8,60,0.0,0.0,0.0,0.0,0.0,5,29.9,24.9,67,1008.0,12,5.5,-9900,-9900,0.0,0.0
2022,4,25,9,60,0.0,0.0,0.0,0.0,0.0,5,29.3,24.3,69,1007.7,40,7.4,-9900,-9900,0.0,0.0
2022,4,25,10,60,0.0,0.0,0.0,0.0,0.0,5,28.6,23.6,71,1007.4,64,7.4,-9900,-9900,0.0,0.0
2022,4,25,11,60,0.0,0.0,0.0,0.0,0.0,5,27.4,22.4,77,1008.6,68,9.3,-9900,-9900,0.0,0.0
2022,4,25,12,60,0.0,0.0,0.0,0.0,0.0,5,27.2,22.2,79,1008.9,87,7.4,-9900,-9900,0.0,0.0
2022,4,25,13,60,0.0,0.0,0.0,0.0,0.0,5,26.9,21.9,81,1009.2,111,5.5,-9900,-9900,0.0,0.0
2022,4,25,14,60,0.0,0.0,0.0,0.0,0.0,5,26.9,21.9,81,1009.1,123,5.5,-9900,-9900,0.0,0.0
2022,4,25,15,60,0.0,0.0,0.0,0.0,0.0,5,26.8,21.8,81,1009.1,135,3.7,-9900,-9900,0.0,0.0
2022,4,25,16,60,0.0,0.0,0.0,0.0,0.0,5,26.8,21.8,81,1009.0,148,3.7,-9900,-9900,0.0,0.0
2022,4,25,17,60,0.0,0.0,0.0,0.0,0.0,5,26.1,21.1,85,1008.5,121,5.5,-9900,-9900,0.0,0.0
2022,4,25,18,60,0.0,0.0,0.0,0.0,0.0,5,25.9,20.9,85,1008.1,134,5.5,-9900,-9900,0.0,0.0
2022,4,25,19,60,0.0,0.0,0.0,0.0,0.0,5,25.7,20.7,85,1007.8,149,5.5,-9900,-9900,0.0,0.0
2022,4,25,20,60,0.0,0.0,0.0,0.0,0.0,5,25.5,20.5,85,1007.7,156,5.5,-9900,-9900,0.0,0.0
2022,4,25,21,60,0.0,0.0,0.0,0.0,0.0,5,25.3,20.3,86,1007.7,164,3.7,-9900,-9900,0.0,0.0
2022,4,25,22,60,0.0,0.0,0.0,0.0,0.0,5,25.1,20.1,86,1007.6,172,3.7,-9900,-9900,0.0,0.0
2022,4,25,23,60,0.0,0.0,0.0,0.0,0.0,5,25.9,20.9,82,1008.0,168,3.7,-9900,-9900,0.0,0.0
2022,4,25,24,60,0.0,0.0,0.0,0.0,0.0,5,26.7,21.7,78,1008.4,164,3.7,-9900,-9900,0.0,0.0
2022,4,26,1,60,0.0,0.0,0.0,0.0,0.0,5,27.6,22.6,75,1008.7,159,3.7,-9900,-9900,0.0,0.0
2022,4,26,2,60,0.0,0.0,0.0,0.0,0.0,5,29.3,24.3,67,1008.5,193,3.7,-9900,-9900,0.0,0.0
2022,4,26,3,60,0.0,0.0,0.0,0.0,0.0,5,31.0,26.0,61,1008.3,233,5.5,-9900,-9900,0.0,0.0
2022,4,26,4,60,0.0,0.0,0.0,0.0,0.0,5,32.8,27.8,55,1008.1,255,5.5,-9900,-9900,0.0,0.0
2022,4,26,5,60,0.0,0.0,0.0,0.0,0.0,5,31.8,26.8,62,1007.4,276,7.4,-9900,-9900,0.0,0.0
2022,4,26,6,60,0.0,0.0,0.0,0.0,0.0,5,32.0,27.0,63,1006.8,293,7.4,-9900,-9900,0.0,0.0
2022,4,26,7,60,0.0,0.0,0.0,0.0,0.0,5,32.2,27.2,64,1006.1,305,7.4,-9900,-9900,0.0,0.0
2022,4,26,8,60,0.0,0.0,0.0,0.0,0.0,5,31.5,26.5,65,1006.1,306,7.4,-9900,-9900,0.0,0.0
2022,4,26,9,60,0.0,0.0,0.0,0.0,0.0,5,30.8,25.8,67,1006.1,307,7.4,-9900,-9900,0.0,0.0
2022,4,26,10,60,0.0,0.0,0.0,0.0,0.0,5,30.1,25.1,68,1006.1,309,7.4,-9900,-9900,0.0,0.0
2022,4,26,11,60,0.0,0.0,0.0,0.0,0.0,5,29.5,24.5,72,1007.0,216,7.4,-9900,-9900,0.0,0.0
2022,4,26,12,60,0.0,0.0,0.0,0.0,0.0,5,28.9,23.9,75,1007.6,179,5.5,-9900,-9900,0.0,0.0
2022,4,26,13,60,0.0,0.0,0.0,0.0,0.0,5,28.3,23.3,79,1008.2,175,5.5,-9900,-9900,0.0,0.0
2022,4,26,14,60,0.0,0.0,0.0,0.0,0.0,5,28.0,23.0,81,1008.6,175,5.5,-9900,-9900,0.0,0.0
2022,4,26,15,60,0.0,0.0,0.0,0.0,0.0,5,27.6,22.6,83,1009.0,175,3.7,-9900,-9900,0.0,0.0
2022,4,26,16,60,0.0,0.0,0.0,0.0,0.0,5,27.3,22.3,85,1009.4,175,3.7,-9900,-9900,0.0,0.0
2022,4,26,17,60,0.0,0.0,0.0,0.0,0.0,5,27.3,22.3,78,1009.4,147,3.7,-9900,-9900,0.0,0.0
2022,4,26,18,60,0.0,0.0,0.0,0.0,0.0,5,26.9,21.9,79,1009.1,163,3.7,-9900,-9900,0.0,0.0
2022,4,26,19,60,0.0,0.0,0.0,0.0,0.0,5,26.6,21.6,80,1008.7,173,3.7,-9900,-9900,0.0,0.0
2022,4,26,20,60,0.0,0.0,0.0,0.0,0.0,5,26.3,21.3,81,1008.8,173,3.7,-9900,-9900,0.0,0.0
2022,4,26,21,60,0.0,0.0,0.0,0.0,0.0,5,26.0,21.0,82,1009.0,172,3.7,-9900,-9900,0.0,0.0
2022,4,26,22,60,0.0,0.0,0.0,0.0,0.0,5,25.7,20.7,84,1009.1,171,3.7,-9900,-9900,0.0,0.0
2022,4,26,23,60,0.0,0.0,0.0,0.0,0.0,5,26.7,21.7,81,1009.8,168,3.7,-9900,-9900,0.0,0.0
2022,4,26,24,60,0.0,0.0,0.0,0.0,0.0,5,27.2,22.2,77,1010.3,165,3.7,-9900,-9900,0.0,0.0
2022,4,27,1,60,0.0,0.0,0.0,0.0,0.0,5,27.8,22.8,73,1010.8,159,3.7,-9900,-9900,0.0,0.0
2022,4,27,2,60,0.0,0.0,0.0,0.0,0.0,5,28.9,23.9,69,1010.8,314,3.7,-9900,-9900,0.0,0.0
2022,4,27,3,60,0.0,0.0,0.0,0.0,0.0,5,30.1,25.1,65,1010.9,330,3.7,-9900,-9900,0.0,0.0
2022,4,27,4,60,0.0,0.0,0.0,0.0,0.0,5,31.3,26.3,61,1010.9,332,5.5,-9900,-9900,0.0,0.0
2022,4,27,5,60,0.0,0.0,0.0,0.0,0.0,5,30.7,25.7,65,1010.5,13,5.5,-9900,-9900,0.0,0.0
2022,4,27,6,60,0.0,0.0,0.0,0.0,0.0,5,30.6,25.6,65,1010.1,11,5.5,-9900,-9900,0.0,0.0
2022,4,27,7,60,0.0,0.0,0.0,0.0,0.0,5,30.4,25.4,66,1009.6,10,7.4,-9900,-9900,0.0,0.0
2022,4,27,8,60,0.0,0.0,0.0,0.0,0.0,5,29.4,24.4,69,1009.6,26,7.4,-9900,-9900,0.0,0.0
2022,4,27,9,60,0.0,0.0,0.0,0.0,0.0,5,28.4,23.4,72,1009.6,43,7.4,-9900,-9900,0.0,0.0
2022,4,27,10,60,0.0,0.0,0.0,0.0,0.0,5,27.4,22.4,76,1009.6,59,7.4,-9900,-9900,0.0,0.0
2022,4,27,11,60,0.0,0.0,0.0,0.0,0.0,5,25.8,20.8,84,1010.7,30,7.4,-9900,-9900,0.0,0.0
2022,4,27,12,60,0.0,0.0,0.0,0.0,0.0,5,25.4,20.4,88,1011.2,44,7.4,-9900,-9900,0.0,0.0
2022,4,27,13,60,0.0,0.0,0.0,0.0,0.0,5,25.1,20.1,91,1011.8,58,7.4,-9900,-9900,0.0,0.0
2022,4,27,14,60,0.0,0.0,0.0,0.0,0.0,5,25.0,20.0,92,1012.1,60,7.4,-9900,-9900,0.0,0.0
2022,4,27,15,60,0.0,0.0,0.0,0.0,0.0,5,24.8,19.8,94,1012.4,62,5.5,-9900,-9900,0.0,0.0
2022,4,27,16,60,0.0,0.0,0.0,0.0,0.0,5,24.7,19.7,95,1012.7,65,5.5,-9900,-9900,0.0,0.0
2022,4,27,17,60,0.0,0.0,0.0,0.0,0.0,5,24.4,19.4,89,1012.7,82,9.3,-9900,-9900,0.0,0.0
2022,4,27,18,60,0.0,0.0,0.0,0.0,0.0,5,24.3,19.3,89,1012.3,87,7.4,-9900,-9900,0.0,0.0
2022,4,27,19,60,0.0,0.0,0.0,0.0,0.0,5,24.3,19.3,89,1011.9,97,5.5,-9900,-9900,0.0,0.0
2022,4,27,20,60,0.0,0.0,0.0,0.0,0.0,5,24.2,19.2,89,1012.0,101,5.5,-9900,-9900,0.0,0.0
2022,4,27,21,60,0.0,0.0,0.0,0.0,0.0,5,24.1,19.1,90,1012.1,104,5.5,-9900,-9900,0.0,0.0
2022,4,27,22,60,0.0,0.0,0.0,0.0,0.0,5,24.1,19.1,90,1012.3,109,5.5,-9900,-9900,0.0,0.0
2022,4,27,23,60,0.0,0.0,0.0,0.0,0.0,5,25.5,20.5,85,1012.6,101,11.1,-9900,-9900,0.0,0.0
2022,4,27,24,60,0.0,0.0,0.0,0.0,0.0,5,26.0,21.0,82,1013.1,98,9.3,-9900,-9900,0.0,0.0
2022,4,28,1,60,0.0,0.0,0.0,0.0,0.0,5,26.4,21.4,79,1013.5,95,9.3,-9900,-9900,0.0,0.0
2022,4,28,2,60,0.0,0.0,0.0,0.0,0.0,5,27.7,22.7,74,1013.2,87,9.3,-9900,-9900,0.0,0.0
2022,4,28,3,60,0.0,0.0,0.0,0.0,0.0,5,28.9,23.9,69,1012.9,78,7.4,-9900,-9900,0.0,0.0
2022,4,28,4,60,0.0,0.0,0.0,0.0,0.0,5,30.1,25.1,65,1012.6,65,7.4,-9900,-9900,0.0,0.0
2022,4,28,5,60,0.0,0.0,0.0,0.0,0.0,5,30.2,25.2,64,1011.9,57,7.4,-9900,-9900,0.0,0.0
2022,4,28,6,60,0.0,0.0,0.0,0.0,0.0,5,30.3,25.3,62,1011.1,50,9.3,-9900,-9900,0.0,0.0
2022,4,28,7,60,0.0,0.0,0.0,0.0,0.0,5,30.4,25.4,61,1010.3,44,9.3,-9900,-9900,0.0,0.0
2022,4,28,8,60,0.0,0.0,0.0,0.0,0.0,5,29.6,24.6,64,1010.1,50,9.3,-9900,-9900,0.0,0.0
2022,4,28,9,60,0.0,0.0,0.0,0.0,0.0,5,28.7,23.7,67,1009.9,56,9.3,-9900,-9900,0.0,0.0
2022,4,28,10,60,0.0,0.0,0.0,0.0,0.0,5,27.8,22.8,70,1009.7,63,9.3,-9900,-9900,0.0,0.0
2022,4,28,11,60,0.0,0.0,0.0,0.0,0.0,5,26.8,21.8,79,1010.5,13,5.5,-9900,-9900,0.0,0.0
2022,4,28,12,60,0.0,0.0,0.0,0.0,0.0,5,26.5,21.5,82,1010.9,56,5.5,-9900,-9900,0.0,0.0
2022,4,28,13,60,0.0,0.0,0.0,0.0,0.0,5,26.2,21.2,85,1011.4,93,5.5,-9900,-9900,0.0,0.0
2022,4,28,14,60,0.0,0.0,0.0,0.0,0.0,5,26.1,21.1,85,1011.5,110,5.5,-9900,-9900,0.0,0.0
2022,4,28,15,60,0.0,0.0,0.0,0.0,0.0,5,26.0,21.0,85,1011.6,126,5.5,-9900,-9900,0.0,0.0
2022,4,28,16,60,0.0,0.0,0.0,0.0,0.0,5,25.9,20.9,86,1011.7,140,3.7,-9900,-9900,0.0,0.0
2022,4,28,17,60,0.0,0.0,0.0,0.0,0.0,5,26.0,21.0,81,1011.1,158,3.7,-9900,-9900,0.0,0.0
2022,4,28,18,60,0.0,0.0,0.0,0.0,0.0,5,25.7,20.7,82,1010.7,164,3.7,-9900,-9900,0.0,0.0
2022,4,28,19,60,0.0,0.0,0.0,0.0,0.0,5,25.5,20.5,82,1010.3,167,5.5,-9900,-9900,0.0,0.0
2022,4,28,20,60,0.0,0.0,0.0,0.0,0.0,5,25.4,20.4,82,1010.3,169,3.7,-9900,-9900,0.0,0.0
2022,4,28,21,60,0.0,0.0,0.0,0.0,0.0,5,25.2,20.2,83,1010.3,171,3.7,-9900,-9900,0.0,0.0
2022,4,28,22,60,0.0,0.0,0.0,0.0,0.0,5,25.1,20.1,83,1010.4,173,3.7,-9900,-9900,0.0,0.0
2022,4,28,23,60,0.0,0.0,0.0,0.0,0.0,5,25.6,20.6,83,1011.1,167,3.7,-9900,-9900,0.0,0.0
2022,4,28,24,60,0.0,0.0,0.0,0.0,0.0,5,26.4,21.4,79,1011.6,184,3.7,-9900,-9900,0.0,0.0
2022,4,29,1,60,0.0,0.0,0.0,0.0,0.0,5,27.2,22.2,76,1012.1,205,3.7,-9900,-9900,0.0,0.0
2022,4,29,2,60,0.0,0.0,0.0,0.0,0.0,5,28.5,23.5,70,1012.0,252,5.5,-9900,-9900,0.0,0.0
2022,4,29,3,60,0.0,0.0,0.0,0.0,0.0,5,29.8,24.8,64,1011.9,282,7.4,-9900,-9900,0.0,0.0
2022,4,29,4,60,0.0,0.0,0.0,0.0,0.0,5,31.1,26.1,59,1011.8,295,7.4,-9900,-9900,0.0,0.0
2022,4,29,5,60,0.0,0.0,0.0,0.0,0.0,5,29.5,24.5,65,1011.8,304,9.3,-9900,-9900,0.0,0.0
2022,4,29,6,60,0.0,0.0,0.0,0.0,0.0,5,29.2,24.2,66,1011.5,330,9.3,-9900,-9900,0.0,0.0
2022,4,29,7,60,0.0,0.0,0.0,0.0,0.0,5,29.0,24.0,67,1011.2,8,9.3,-9900,-9900,0.0,0.0
2022,4,29,8,60,0.0,0.0,0.0,0.0,0.0,5,27.6,22.6,69,1011.5,51,11.1,-9900,-9900,0.0,0.0
2022,4,29,9,60,0.0,0.0,0.0,0.0,0.0,5,26.3,21.3,72,1011.9,68,13.0,-9900,-9900,0.0,0.0
2022,4,29,10,60,0.0,0.0,0.0,0.0,0.0,5,25.0,20.0,75,1012.2,75,14.8,-9900,-9900,0.0,0.0
2022,4,29,11,60,0.0,0.0,0.0,0.0,0.0,5,24.0,19.0,82,1013.3,55,16.7,-9900,-9900,0.0,0.0
2022,4,29,12,60,0.0,0.0,0.0,0.0,0.0,5,23.6,18.6,80,1014.2,60,16.7,-9900,-9900,0.0,0.0
2022,4,29,13,60,0.0,0.0,0.0,0.0,0.0,5,23.1,18.1,79,1015.1,64,16.7,-9900,-9900,0.0,0.0
2022,4,29,14,60,0.0,0.0,0.0,0.0,0.0,5,22.9,17.9,78,1015.4,67,16.7,-9900,-9900,0.0,0.0
2022,4,29,15,60,0.0,0.0,0.0,0.0,0.0,5,22.7,17.7,78,1015.7,70,16.7,-9900,-9900,0.0,0.0
2022,4,29,16,60,0.0,0.0,0.0,0.0,0.0,5,22.5,17.5,77,1016.0,73,18.5,-9900,-9900,0.0,0.0
2022,4,29,17,60,0.0,0.0,0.0,0.0,0.0,5,21.1,16.1,82,1015.8,76,18.5,-9900,-9900,0.0,0.0
2022,4,29,18,60,0.0,0.0,0.0,0.0,0.0,5,21.2,16.2,80,1015.2,76,18.5,-9900,-9900,0.0,0.0
2022,4,29,19,60,0.0,0.0,0.0,0.0,0.0,5,21.3,16.3,79,1014.6,75,18.5,-9900,-9900,0.0,0.0
2022,4,29,20,60,0.0,0.0,0.0,0.0,0.0,5,21.4,16.4,79,1014.4,75,16.7,-9900,-9900,0.0,0.0
2022,4,29,21,60,0.0,0.0,0.0,0.0,0.0,5,21.6,16.6,78,1014.3,74,16.7,-9900,-9900,0.0,0.0
2022,4,29,22,60,0.0,0.0,0.0,0.0,0.0,5,21.7,16.7,77,1014.2,74,14.8,-9900,-9900,0.0,0.0
2022,4,29,23,60,0.0,0.0,0.0,0.0,0.0,5,21.2,16.2,83,1014.9,75,16.7,-9900,-9900,0.0,0.0
2022,4,29,24,60,0.0,0.0,0.0,0.0,0.0,5,21.5,16.5,82,1015.2,75,16.7,-9900,-9900,0.0,0.0
2022,4,30,1,60,0.0,0.0,0.0,0.0,0.0,5,21.9,16.9,81,1015.6,75,18.5,-9900,-9900,0.0,0.0
2022,4,30,2,60,0.0,0.0,0.0,0.0,0.0,5,22.5,17.5,79,1015.4,72,18.5,-9900,-9900,0.0,0.0
2022,4,30,3,60,0.0,0.0,0.0,0.0,0.0,5,23.1,18.1,77,1015.2,68,18.5,-9900,-9900,0.0,0.0
2022,4,30,4,60,0.0,0.0,0.0,0.0,0.0,5,23.7,18.7,76,1015.0,65,16.7,-9900,-9900,0.0,0.0
2022,4,30,5,60,0.0,0.0,0.0,0.0,0.0,5,23.1,18.1,75,1014.7,78,16.7,-9900,-9900,0.0,0.0
2022,4,30,6,60,0.0,0.0,0.0,0.0,0.0,5,23.2,18.2,74,1014.1,79,16.7,-9900,-9900,0.0,0.0
2022,4,30,7,60,0.0,0.0,0.0,0.0,0.0,5,23.3,18.3,74,1013.4,80,16.7,-9900,-9900,0.0,0.0
2022,4,30,8,60,0.0,0.0,0.0,0.0,0.0,5,22.8,17.8,76,1013.4,79,16.7,-9900,-9900,0.0,0.0
2022,4,30,9,60,0.0,0.0,0.0,0.0,0.0,5,22.4,17.4,78,1013.3,78,14.8,-9900,-9900,0.0,0.0
2022,4,30,10,60,0.0,0.0,0.0,0.0,0.0,5,22.0,17.0,80,1013.3,77,14.8,-9900,-9900,0.0,0.0
2022,4,30,11,60,0.0,0.0,0.0,0.0,0.0,5,21.5,16.5,79,1013.7,81,14.8,-9900,-9900,0.0,0.0
2022,4,30,12,60,0.0,0.0,0.0,0.0,0.0,5,21.4,16.4,77,1014.4,84,14.8,-9900,-9900,0.0,0.0
2022,4,30,13,60,0.0,0.0,0.0,0.0,0.0,5,21.4,16.4,75,1015.1,89,13.0,-9900,-9900,0.0,0.0
2022,4,30,14,60,0.0,0.0,0.0,0.0,0.0,5,21.2,16.2,75,1015.2,87,13.0,-9900,-9900,0.0,0.0
2022,4,30,15,60,0.0,0.0,0.0,0.0,0.0,5,21.0,16.0,76,1015.4,86,13.0,-9900,-9900,0.0,0.0
2022,4,30,16,60,0.0,0.0,0.0,0.0,0.0,5,20.9,15.9,75,1015.5,84,13.0,-9900,-9900,0.0,0.0
2022,4,30,17,60,0.0,0.0,0.0,0.0,0.0,5,20.7,15.7,76,1015.0,82,13.0,-9900,-9900,0.0,0.0
2022,4,30,18,60,0.0,0.0,0.0,0.0,0.0,5,20.5,15.5,77,1014.5,80,11.1,-9900,-9900,0.0,0.0
2022,4,30,19,60,0.0,0.0,0.0,0.0,0.0,5,20.4,15.4,78,1014.0,78,11.1,-9900,-9900,0.0,0.0
2022,4,30,20,60,0.0,0.0,0.0,0.0,0.0,5,20.1,15.1,79,1014.0,79,11.1,-9900,-9900,0.0,0.0
2022,4,30,21,60,0.0,0.0,0.0,0.0,0.0,5,19.9,14.9,80,1014.0,81,11.1,-9900,-9900,0.0,0.0
2022,4,30,22,60,0.0,0.0,0.0,0.0,0.0,5,19.6,14.6,81,1013.9,82,11.1,-9900,-9900,0.0,0.0
2022,4,30,23,60,0.0,0.0,0.0,0.0,0.0,5,20.1,15.1,83,1015.0,91,14.8,-9900,-9900,0.0,0.0
2022,4,30,24,60,0.0,0.0,0.0,0.0,0.0,5,20.1,15.1,83,1015.4,90,14.8,-9900,-9900,0.0,0.0
2022,5,1,1,60,0.0,0.0,0.0,0.0,0.0,5,20.0,15.0,83,1015.8,89,14.8,-9900,-9900,0.0,0.0
2022,5,1,2,60,0.0,0.0,0.0,0.0,0.0,5,19.9,14.9,82,1015.9,86,14.8,-9900,-9900,0.0,0.0
2022,5,1,3,60,0.0,0.0,0.0,0.0,0.0,5,19.8,14.8,81,1015.9,83,13.0,-9900,-9900,0.0,0.0
2022,5,1,4,60,0.0,0.0,0.0,0.0,0.0,5,19.7,14.7,80,1016.0,80,13.0,-9900,-9900,0.0,0.0
2022,5,1,5,60,0.0,0.0,0.0,0.0,0.0,5,19.0,14.0,84,1015.7,85,14.8,-9900,-9900,0.0,0.0
2022,5,1,6,60,0.0,0.0,0.0,0.0,0.0,5,18.8,13.8,83,1015.3,85,14.8,-9900,-9900,0.0,0.0
2022,5,1,7,60,0.0,0.0,0.0,0.0,0.0,5,18.6,13.6,82,1014.9,85,14.8,-9900,-9900,0.0,0.0
2022,5,1,8,60,0.0,0.0,0.0,0.0,0.0,5,18.4,13.4,83,1014.9,85,13.0,-9900,-9900,0.0,0.0
2022,5,1,9,60,0.0,0.0,0.0,0.0,0.0,5,18.1,13.1,84,1014.9,84,13.0,-9900,-9900,0.0,0.0
2022,5,1,10,60,0.0,0.0,0.0,0.0,0.0,5,17.8,12.8,85,1014.9,84,13.0,-9900,-9900,0.0,0.0
2022,5,1,11,60,0.0,0.0,0.0,0.0,0.0,5,18.0,13.0,81,1016.0,82,13.0,-9900,-9900,0.0,0.0
2022,5,1,12,60,0.0,0.0,0.0,0.0,0.0,5,17.9,12.9,80,1016.5,85,13.0,-9900,-9900,0.0,0.0
2022,5,1,13,60,0.0,0.0,0.0,0.0,0.0,5,17.8,12.8,79,1017.1,89,11.1,-9900,-9900,0.0,0.0
2022,5,1,14,60,0.0,0.0,0.0,0.0,0.0,5,17.8,12.8,78,1017.2,90,11.1,-9900,-9900,0.0,0.0
2022,5,1,15,60,0.0,0.0,0.0,0.0,0.0,5,17.7,12.7,78,1017.3,92,11.1,-9900,-9900,0.0,0.0
2022,5,1,16,60,0.0,0.0,0.0,0.0,0.0,5,17.7,12.7,77,1017.4,94,11.1,-9900,-9900,0.0,0.0
2022,5,1,17,60,0.0,0.0,0.0,0.0,0.0,5,17.3,12.3,88,1017.1,92,13.0,-9900,-9900,0.0,0.0
2022,5,1,18,60,0.0,0.0,0.0,0.0,0.0,5,17.2,12.2,88,1016.5,88,13.0,-9900,-9900,0.0,0.0
2022,5,1,19,60,0.0,0.0,0.0,0.0,0.0,5,17.0,12.0,88,1015.9,84,13.0,-9900,-9900,0.0,0.0
2022,5,1,20,60,0.0,0.0,0.0,0.0,0.0,5,16.7,11.7,90,1015.8,86,13.0,-9900,-9900,0.0,0.0
2022,5,1,21,60,0.0,0.0,0.0,0.0,0.0,5,16.4,11.4,92,1015.6,87,13.0,-9900,-9900,0.0,0.0
2022,5,1,22,60,0.0,0.0,0.0,0.0,0.0,5,16.1,11.1,94,1015.5,88,11.1,-9900,-9900,0.0,0.0
2022,5,1,23,60,0.0,0.0,0.0,0.0,0.0,5,15.4,10.4,92,1016.7,84,14.8,-9900,-9900,0.0,0.0
2022,5,1,24,60,0.0,0.0,0.0,0.0,0.0,5,15.6,10.6,91,1016.9,83,16.7,-9900,-9900,0.0,0.0
2022,5,2,1,60,0.0,0.0,0.0,0.0,0.0,5,15.7,10.7,90,1017.2,82,16.7,-9900,-9900,0.0,0.0
2022,5,2,2,60,0.0,0.0,0.0,0.0,0.0,5,15.9,10.9,87,1017.1,84,16.7,-9900,-9900,0.0,0.0
2022,5,2,3,60,0.0,0.0,0.0,0.0,0.0,5,16.1,11.1,85,1017.1,86,16.7,-9900,-9900,0.0,0.0
2022,5,2,4,60,0.0,0.0,0.0,0.0,0.0,5,16.2,11.2,82,1017.1,87,16.7,-9900,-9900,0.0,0.0
2022,5,2,5,60,0.0,0.0,0.0,0.0,0.0,5,16.9,11.9,79,1016.7,86,16.7,-9900,-9900,0.0,0.0
2022,5,2,6,60,0.0,0.0,0.0,0.0,0.0,5,16.6,11.6,78,1016.3,85,16.7,-9900,-9900,0.0,0.0
2022,5,2,7,60,0.0,0.0,0.0,0.0,0.0,5,16.3,11.3,77,1015.9,83,16.7,-9900,-9900,0.0,0.0
2022,5,2,8,60,0.0,0.0,0.0,0.0,0.0,5,16.3,11.3,78,1015.8,85,14.8,-9900,-9900,0.0,0.0
2022,5,2,9,60,0.0,0.0,0.0,0.0,0.0,5,16.4,11.4,78,1015.8,86,14.8,-9900,-9900,0.0,0.0
2022,5,2,10,60,0.0,0.0,0.0,0.0,0.0,5,16.4,11.4,79,1015.7,89,13.0,-9900,-9900,0.0,0.0
2022,5,2,11,60,0.0,0.0,0.0,0.0,0.0,5,15.9,10.9,84,1016.7,96,11.1,-9900,-9900,0.0,0.0
2022,5,2,12,60,0.0,0.0,0.0,0.0,0.0,5,16.1,11.1,81,1017.1,97,11.1,-9900,-9900,0.0,0.0
2022,5,2,13,60,0.0,0.0,0.0,0.0,0.0,5,16.3,11.3,79,1017.6,98,11.1,-9900,-9900,0.0,0.0
2022,5,2,14,60,0.0,0.0,0.0,0.0,0.0,5,16.4,11.4,78,1017.5,95,11.1,-9900,-9900,0.0,0.0
2022,5,2,15,60,0.0,0.0,0.0,0.0,0.0,5,16.5,11.5,76,1017.4,92,13.0,-9900,-9900,0.0,0.0
2022,5,2,16,60,0.0,0.0,0.0,0.0,0.0,5,16.6,11.6,75,1017.3,89,13.0,-9900,-9900,0.0,0.0
2022,5,2,17,60,0.0,0.0,0.0,0.0,0.0,5,16.7,11.7,87,1016.8,89,14.8,-9900,-9900,0.0,0.0
2022,5,2,18,60,0.0,0.0,0.0,0.0,0.0,5,16.8,11.8,86,1016.2,87,16.7,-9900,-9900,0.0,0.0
2022,5,2,19,60,0.0,0.0,0.0,0.0,0.0,5,16.9,11.9,86,1015.6,85,16.7,-9900,-9900,0.0,0.0
2022,5,2,20,60,0.0,0.0,0.0,0.0,0.0,5,17.2,12.2,86,1015.6,88,14.8,-9900,-9900,0.0,0.0
2022,5,2,21,60,0.0,0.0,0.0,0.0,0.0,5,17.4,12.4,86,1015.5,91,14.8,-9900,-9900,0.0,0.0
2022,5,2,22,60,0.0,0.0,0.0,0.0,0.0,5,17.7,12.7,86,1015.4,95,13.0,-9900,-9900,0.0,0.0
2022,5,2,23,60,0.0,0.0,0.0,0.0,0.0,5,18.4,13.4,85,1016.5,83,14.8,-9900,-9900,0.0,0.0
2022,5,2,24,60,0.0,0.0,0.0,0.0,0.0,5,19.0,14.0,82,1016.7,83,16.7,-9900,-9900,0.0,0.0
2022,5,3,1,60,0.0,0.0,0.0,0.0,0.0,5,19.5,14.5,79,1016.9,82,16.7,-9900,-9900,0.0,0.0
2022,5,3,2,60,0.0,0.0,0.0,0.0,0.0,5,20.2,15.2,76,1016.8,86,16.7,-9900,-9900,0.0,0.0
2022,5,3,3,60,0.0,0.0,0.0,0.0,0.0,5,20.9,15.9,73,1016.8,89,18.5,-9900,-9900,0.0,0.0
2022,5,3,4,60,0.0,0.0,0.0,0.0,0.0,5,21.6,16.6,70,1016.7,93,18.5,-9900,-9900,0.0,0.0
2022,5,3,5,60,0.0,0.0,0.0,0.0,0.0,5,21.3,16.3,71,1016.4,95,18.5,-9900,-9900,0.0,0.0
2022,5,3,6,60,0.0,0.0,0.0,0.0,0.0,5,21.1,16.1,73,1016.2,97,18.5,-9900,-9900,0.0,0.0
2022,5,3,7,60,0.0,0.0,0.0,0.0,0.0,5,20.9,15.9,74,1015.9,99,18.5,-9900,-9900,0.0,0.0
2022,5,3,8,60,0.0,0.0,0.0,0.0,0.0,5,21.0,16.0,75,1015.8,97,18.5,-9900,-9900,0.0,0.0
2022,5,3,9,60,0.0,0.0,0.0,0.0,0.0,5,21.1,16.1,75,1015.8,95,18.5,-9900,-9900,0.0,0.0
2022,5,3,10,60,0.0,0.0,0.0,0.0,0.0,5,21.1,16.1,76,1015.7,92,18.5,-9900,-9900,0.0,0.0
2022,5,3,11,60,0.0,0.0,0.0,0.0,0.0,5,20.8,15.8,75,1016.4,87,18.5,-9900,-9900,0.0,0.0
2022,5,3,12,60,0.0,0.0,0.0,0.0,0.0,5,20.7,15.7,74,1016.7,87,18.5,-9900,-9900,0.0,0.0
2022,5,3,13,60,0.0,0.0,0.0,0.0,0.0,5,20.7,15.7,73,1017.0,88,16.7,-9900,-9900,0.0,0.0
2022,5,3,14,60,0.0,0.0,0.0,0.0,0.0,5,20.7,15.7,73,1016.9,87,16.7,-9900,-9900,0.0,0.0
2022,5,3,15,60,0.0,0.0,0.0,0.0,0.0,5,20.7,15.7,73,1016.8,86,16.7,-9900,-9900,0.0,0.0
2022,5,3,16,60,0.0,0.0,0.0,0.0,0.0,5,20.7,15.7,73,1016.8,85,14.8,-9900,-9900,0.0,0.0
2022,5,3,17,60,0.0,0.0,0.0,0.0,0.0,5,21.5,16.5,70,1016.0,85,14.8,-9900,-9900,0.0,0.0
2022,5,3,18,60,0.0,0.0,0.0,0.0,0.0,5,21.3,16.3,70,1015.4,84,16.7,-9900,-9900,0.0,0.0
2022,5,3,19,60,0.0,0.0,0.0,0.0,0.0,5,21.2,16.2,71,1014.8,83,16.7,-9900,-9900,0.0,0.0
2022,5,3,20,60,0.0,0.0,0.0,0.0,0.0,5,21.0,16.0,73,1014.7,85,16.7,-9900,-9900,0.0,0.0
2022,5,3,21,60,0.0,0.0,0.0,0.0,0.0,5,20.7,15.7,75,1014.6,88,14.8,-9900,-9900,0.0,0.0
2022,5,3,22,60,0.0,0.0,0.0,0.0,0.0,5,20.5,15.5,78,1014.5,91,13.0,-9900,-9900,0.0,0.0
2022,5,3,23,60,0.0,0.0,0.0,0.0,0.0,5,20.9,15.9,81,1015.2,89,16.7,-9900,-9900,0.0,0.0
2022,5,3,24,60,0.0,0.0,0.0,0.0,0.0,5,21.5,16.5,80,1015.2,89,16.7,-9900,-9900,0.0,0.0
2022,5,4,1,60,0.0,0.0,0.0,0.0,0.0,5,22.2,17.2,78,1015.3,89,16.7,-9900,-9900,0.0,0.0
2022,5,4,2,60,0.0,0.0,0.0,0.0,0.0,5,22.9,17.9,75,1015.2,92,16.7,-9900,-9900,0.0,0.0
2022,5,4,3,60,0.0,0.0,0.0,0.0,0.0,5,23.6,18.6,72,1015.1,94,16.7,-9900,-9900,0.0,0.0
2022,5,4,4,60,0.0,0.0,0.0,0.0,0.0,5,24.3,19.3,70,1015.0,96,16.7,-9900,-9900,0.0,0.0
2022,5,4,5,60,0.0,0.0,0.0,0.0,0.0,5,23.9,18.9,72,1014.6,97,18.5,-9900,-9900,0.0,0.0
2022,5,4,6,60,0.0,0.0,0.0,0.0,0.0,5,24.0,19.0,71,1014.0,99,18.5,-9900,-9900,0.0,0.0
2022,5,4,7,60,0.0,0.0,0.0,0.0,0.0,5,24.2,19.2,71,1013.5,100,18.5,-9900,-9900,0.0,0.0
2022,5,4,8,60,0.0,0.0,0.0,0.0,0.0,5,23.9,18.9,73,1013.4,97,16.7,-9900,-9900,0.0,0.0
2022,5,4,9,60,0.0,0.0,0.0,0.0,0.0,5,23.5,18.5,75,1013.3,93,16.7,-9900,-9900,0.0,0.0
2022,5,4,10,60,0.0,0.0,0.0,0.0,0.0,5,23.2,18.2,78,1013.2,88,16.7,-9900,-9900,0.0,0.0
2022,5,4,11,60,0.0,0.0,0.0,0.0,0.0,5,23.4,18.4,77,1013.0,82,16.7,-9900,-9900,0.0,0.0
2022,5,4,12,60,0.0,0.0,0.0,0.0,0.0,5,23.1,18.1,76,1013.4,84,14.8,-9900,-9900,0.0,0.0
2022,5,4,13,60,0.0,0.0,0.0,0.0,0.0,5,22.9,17.9,75,1013.8,87,13.0,-9900,-9900,0.0,0.0
2022,5,4,14,60,0.0,0.0,0.0,0.0,0.0,5,22.8,17.8,76,1013.8,87,13.0,-9900,-9900,0.0,0.0
2022,5,4,15,60,0.0,0.0,0.0,0.0,0.0,5,22.7,17.7,76,1013.9,87,13.0,-9900,-9900,0.0,0.0
2022,5,4,16,60,0.0,0.0,0.0,0.0,0.0,5,22.7,17.7,76,1013.9,87,11.1,-9900,-9900,0.0,0.0
2022,5,4,17,60,0.0,0.0,0.0,0.0,0.0,5,22.8,17.8,86,1013.1,93,13.0,-9900,-9900,0.0,0.0
2022,5,4,18,60,0.0,0.0,0.0,0.0,0.0,5,22.6,17.6,86,1012.6,94,11.1,-9900,-9900,0.0,0.0
2022,5,4,19,60,0.0,0.0,0.0,0.0,0.0,5,22.5,17.5,86,1012.1,95,9.3,-9900,-9900,0.0,0.0
2022,5,4,20,60,0.0,0.0,0.0,0.0,0.0,5,22.4,17.4,87,1012.0,100,7.4,-9900,-9900,0.0,0.0
2022,5,4,21,60,0.0,0.0,0.0,0.0,0.0,5,22.4,17.4,88,1012.0,107,7.4,-9900,-9900,0.0,0.0
2022,5,4,22,60,0.0,0.0,0.0,0.0,0.0,5,22.3,17.3,89,1012.0,118,5.5,-9900,-9900,0.0,0.0
2022,5,4,23,60,0.0,0.0,0.0,0.0,0.0,5,23.2,18.2,89,1012.0,92,11.1,-9900,-9900,0.0,0.0
2022,5,4,24,60,0.0,0.0,0.0,0.0,0.0,5,23.6,18.6,85,1012.5,92,9.3,-9900,-9900,0.0,0.0
2022,5,5,1,60,0.0,0.0,0.0,0.0,0.0,5,24.0,19.0,82,1013.0,92,9.3,-9900,-9900,0.0,0.0
2022,5,5,2,60,0.0,0.0,0.0,0.0,0.0,5,24.5,19.5,80,1012.9,87,9.3,-9900,-9900,0.0,0.0
2022,5,5,3,60,0.0,0.0,0.0,0.0,0.0,5,24.9,19.9,78,1012.8,82,9.3,-9900,-9900,0.0,0.0
2022,5,5,4,60,0.0,0.0,0.0,0.0,0.0,5,25.4,20.4,76,1012.8,77,9.3,-9900,-9900,0.0,0.0
2022,5,5,5,60,0.0,0.0,0.0,0.0,0.0,5,26.9,21.9,73,1012.1,79,13.0,-9900,-9900,0.0,0.0
2022,5,5,6,60,0.0,0.0,0.0,0.0,0.0,5,26.6,21.6,73,1011.6,80,13.0,-9900,-9900,0.0,0.0
2022,5,5,7,60,0.0,0.0,0.0,0.0,0.0,5,26.4,21.4,73,1011.1,81,13.0,-9900,-9900,0.0,0.0
2022,5,5,8,60,0.0,0.0,0.0,0.0,0.0,5,25.9,20.9,74,1011.0,81,13.0,-9900,-9900,0.0,0.0
2022,5,5,9,60,0.0,0.0,0.0,0.0,0.0,5,25.4,20.4,75,1011.0,80,11.1,-9900,-9900,0.0,0.0
2022,5,5,10,60,0.0,0.0,0.0,0.0,0.0,5,24.9,19.9,77,1010.9,80,11.1,-9900,-9900,0.0,0.0
2022,5,5,11,60,0.0,0.0,0.0,0.0,0.0,5,24.3,19.3,82,1011.4,86,9.3,-9900,-9900,0.0,0.0
2022,5,5,12,60,0.0,0.0,0.0,0.0,0.0,5,24.1,19.1,82,1011.8,92,9.3,-9900,-9900,0.0,0.0
2022,5,5,13,60,0.0,0.0,0.0,0.0,0.0,5,23.8,18.8,83,1012.2,98,9.3,-9900,-9900,0.0,0.0
2022,5,5,14,60,0.0,0.0,0.0,0.0,0.0,5,23.7,18.7,83,1012.3,98,7.4,-9900,-9900,0.0,0.0
2022,5,5,15,60,0.0,0.0,0.0,0.0,0.0,5,23.6,18.6,84,1012.4,98,7.4,-9900,-9900,0.0,0.0
2022,5,5,16,60,0.0,0.0,0.0,0.0,0.0,5,23.4,18.4,85,1012.5,97,7.4,-9900,-9900,0.0,0.0
2022,5,5,17,60,0.0,0.0,0.0,0.0,0.0,5,23.4,18.4,84,1012.2,103,7.4,-9900,-9900,0.0,0.0
2022,5,5,18,60,0.0,0.0,0.0,0.0,0.0,5,23.3,18.3,84,1011.8,110,5.5,-9900,-9900,0.0,0.0
2022,5,5,19,60,0.0,0.0,0.0,0.0,0.0,5,23.2,18.2,84,1011.5,117,5.5,-9900,-9900,0.0,0.0
2022,5,5,20,60,0.0,0.0,0.0,0.0,0.0,5,23.0,18.0,85,1011.6,119,5.5,-9900,-9900,0.0,0.0
2022,5,5,21,60,0.0,0.0,0.0,0.0,0.0,5,22.8,17.8,86,1011.6,121,5.5,-9900,-9900,0.0,0.0
2022,5,5,22,60,0.0,0.0,0.0,0.0,0.0,5,22.7,17.7,87,1011.7,124,5.5,-9900,-9900,0.0,0.0
2022,5,5,23,60,0.0,0.0,0.0,0.0,0.0,5,23.3,18.3,89,1012.0,126,5.5,-9900,-9900,0.0,0.0
2022,5,5,24,60,0.0,0.0,0.0,0.0,0.0,5,23.8,18.8,85,1012.6,120,5.5,-9900,-9900,0.0,0.0
2022,5,6,1,60,0.0,0.0,0.0,0.0,0.0,5,24.3,19.3,82,1013.2,112,5.5,-9900,-9900,0.0,0.0
2022,5,6,2,60,0.0,0.0,0.0,0.0,0.0,5,25.1,20.1,78,1013.3,85,7.4,-9900,-9900,0.0,0.0
2022,5,6,3,60,0.0,0.0,0.0,0.0,0.0,5,26.0,21.0,74,1013.4,68,7.4,-9900,-9900,0.0,0.0
2022,5,6,4,60,0.0,0.0,0.0,0.0,0.0,5,26.8,21.8,69,1013.5,58,7.4,-9900,-9900,0.0,0.0
2022,5,6,5,60,0.0,0.0,0.0,0.0,0.0,5,26.1,21.1,73,1012.9,53,9.3,-9900,-9900,0.0,0.0
2022,5,6,6,60,0.0,0.0,0.0,0.0,0.0,5,26.4,21.4,71,1012.3,58,9.3,-9900,-9900,0.0,0.0
2022,5,6,7,60,0.0,0.0,0.0,0.0,0.0,5,26.7,21.7,70,1011.8,61,11.1,-9900,-9900,0.0,0.0
2022,5,6,8,60,0.0,0.0,0.0,0.0,0.0,5,26.3,21.3,71,1011.8,65,11.1,-9900,-9900,0.0,0.0
2022,5,6,9,60,0.0,0.0,0.0,0.0,0.0,5,25.9,20.9,71,1011.7,67,11.1,-9900,-9900,0.0,0.0
2022,5,6,10,60,0.0,0.0,0.0,0.0,0.0,5,25.4,20.4,73,1011.7,69,13.0,-9900,-9900,0.0,0.0
2022,5,6,11,60,0.0,0.0,0.0,0.0,0.0,5,25.1,20.1,76,1012.0,75,14.8,-9900,-9900,0.0,0.0
2022,5,6,12,60,0.0,0.0,0.0,0.0,0.0,5,24.7,19.7,78,1012.5,76,13.0,-9900,-9900,0.0,0.0
2022,5,6,13,60,0.0,0.0,0.0,0.0,0.0,5,24.3,19.3,79,1013.0,76,13.0,-9900,-9900,0.0,0.0
2022,5,6,14,60,0.0,0.0,0.0,0.0,0.0,5,24.2,19.2,80,1013.1,78,11.1,-9900,-9900,0.0,0.0
2022,5,6,15,60,0.0,0.0,0.0,0.0,0.0,5,24.0,19.0,81,1013.3,81,11.1,-9900,-9900,0.0,0.0
2022,5,6,16,60,0.0,0.0,0.0,0.0,0.0,5,23.9,18.9,81,1013.5,83,11.1,-9900,-9900,0.0,0.0
2022,5,6,17,60,0.0,0.0,0.0,0.0,0.0,5,23.7,18.7,81,1013.1,97,13.0,-9900,-9900,0.0,0.0
2022,5,6,18,60,0.0,0.0,0.0,0.0,0.0,5,23.7,18.7,81,1012.7,96,11.1,-9900,-9900,0.0,0.0
2022,5,6,19,60,0.0,0.0,0.0,0.0,0.0,5,23.6,18.6,81,1012.4,96,9.3,-9900,-9900,0.0,0.0
2022,5,6,20,60,0.0,0.0,0.0,0.0,0.0,5,23.6,18.6,81,1012.6,96,7.4,-9900,-9900,0.0,0.0
2022,5,6,21,60,0.0,0.0,0.0,0.0,0.0,5,23.5,18.5,82,1012.8,97,7.4,-9900,-9900,0.0,0.0
2022,5,6,22,60,0.0,0.0,0.0,0.0,0.0,5,23.4,18.4,83,1013.0,98,5.5,-9900,-9900,0.0,0.0
2022,5,6,23,60,0.0,0.0,0.0,0.0,0.0,5,23.6,18.6,85,1013.2,100,11.1,-9900,-9900,0.0,0.0
2022,5,6,24,60,0.0,0.0,0.0,0.0,0.0,5,24.1,19.1,82,1013.8,98,11.1,-9900,-9900,0.0,0.0
2022,5,7,1,60,0.0,0.0,0.0,0.0,0.0,5,24.6,19.6,79,1014.5,96,11.1,-9900,-9900,0.0,0.0
2022,5,7,2,60,0.0,0.0,0.0,0.0,0.0,5,25.5,20.5,74,1014.6,88,11.1,-9900,-9900,0.0,0.0
2022,5,7,3,60,0.0,0.0,0.0,0.0,0.0,5,26.4,21.4,70,1014.7,81,11.1,-9900,-9900,0.0,0.0
2022,5,7,4,60,0.0,0.0,0.0,0.0,0.0,5,27.3,22.3,66,1014.9,75,11.1,-9900,-9900,0.0,0.0
2022,5,7,5,60,0.0,0.0,0.0,0.0,0.0,5,27.8,22.8,63,1014.3,71,13.0,-9900,-9900,0.0,0.0
2022,5,7,6,60,0.0,0.0,0.0,0.0,0.0,5,27.9,22.9,61,1013.9,73,14.8,-9900,-9900,0.0,0.0
2022,5,7,7,60,0.0,0.0,0.0,0.0,0.0,5,28.0,23.0,59,1013.5,75,14.8,-9900,-9900,0.0,0.0
2022,5,7,8,60,0.0,0.0,0.0,0.0,0.0,5,27.3,22.3,61,1013.5,78,14.8,-9900,-9900,0.0,0.0
2022,5,7,9,60,0.0,0.0,0.0,0.0,0.0,5,26.5,21.5,64,1013.6,80,14.8,-9900,-9900,0.0,0.0
2022,5,7,10,60,0.0,0.0,0.0,0.0,0.0,5,25.8,20.8,67,1013.6,82,13.0,-9900,-9900,0.0,0.0
2022,5,7,11,60,0.0,0.0,0.0,0.0,0.0,5,25.8,20.8,67,1013.7,89,14.8,-9900,-9900,0.0,0.0
2022,5,7,12,60,0.0,0.0,0.0,0.0,0.0,5,25.3,20.3,69,1014.2,90,13.0,-9900,-9900,0.0,0.0
2022,5,7,13,60,0.0,0.0,0.0,0.0,0.0,5,24.7,19.7,73,1014.8,91,13.0,-9900,-9900,0.0,0.0
2022,5,7,14,60,0.0,0.0,0.0,0.0,0.0,5,24.5,19.5,74,1014.9,93,13.0,-9900,-9900,0.0,0.0
2022,5,7,15,60,0.0,0.0,0.0,0.0,0.0,5,24.3,19.3,76,1015.0,96,11.1,-9900,-9900,0.0,0.0
2022,5,7,16,60,0.0,0.0,0.0,0.0,0.0,5,24.0,19.0,78,1015.1,99,11.1,-9900,-9900,0.0,0.0
2022,5,7,17,60,0.0,0.0,0.0,0.0,0.0,5,23.6,18.6,81,1014.2,98,11.1,-9900,-9900,0.0,0.0
2022,5,7,18,60,0.0,0.0,0.0,0.0,0.0,5,23.5,18.5,81,1014.0,100,11.1,-9900,-9900,0.0,0.0
2022,5,7,19,60,0.0,0.0,0.0,0.0,0.0,5,23.4,18.4,82,1013.7,102,9.3,-9900,-9900,0.0,0.0
2022,5,7,20,60,0.0,0.0,0.0,0.0,0.0,5,23.2,18.2,84,1013.8,103,7.4,-9900,-9900,0.0,0.0
2022,5,7,21,60,0.0,0.0,0.0,0.0,0.0,5,23.1,18.1,85,1013.9,104,7.4,-9900,-9900,0.0,0.0
2022,5,7,22,60,0.0,0.0,0.0,0.0,0.0,5,23.0,18.0,87,1014.0,105,5.5,-9900,-9900,0.0,0.0
2022,5,7,23,60,0.0,0.0,0.0,0.0,0.0,5,23.3,18.3,84,1014.4,105,5.5,-9900,-9900,0.0,0.0
2022,5,7,24,60,0.0,0.0,0.0,0.0,0.0,5,23.7,18.7,81,1014.8,106,5.5,-9900,-9900,0.0,0.0
2022,5,8,1,60,0.0,0.0,0.0,0.0,0.0,5,24.1,19.1,77,1015.2,106,5.5,-9900,-9900,0.0,0.0
2022,5,8,2,60,0.0,0.0,0.0,0.0,0.0,5,24.6,19.6,76,1015.1,93,7.4,-9900,-9900,0.0,0.0
2022,5,8,3,60,0.0,0.0,0.0,0.0,0.0,5,25.2,20.2,73,1015.0,82,7.4,-9900,-9900,0.0,0.0
2022,5,8,4,60,0.0,0.0,0.0,0.0,0.0,5,25.8,20.8,71,1014.8,73,7.4,-9900,-9900,0.0,0.0
2022,5,8,5,60,0.0,0.0,0.0,0.0,0.0,5,26.2,21.2,73,1014.4,50,7.4,-9900,-9900,0.0,0.0
2022,5,8,6,60,0.0,0.0,0.0,0.0,0.0,5,26.2,21.2,71,1013.9,61,9.3,-9900,-9900,0.0,0.0
2022,5,8,7,60,0.0,0.0,0.0,0.0,0.0,5,26.2,21.2,69,1013.4,67,9.3,-9900,-9900,0.0,0.0
2022,5,8,8,60,0.0,0.0,0.0,0.0,0.0,5,25.6,20.6,72,1013.2,70,9.3,-9900,-9900,0.0,0.0
2022,5,8,9,60,0.0,0.0,0.0,0.0,0.0,5,25.1,20.1,73,1012.9,73,9.3,-9900,-9900,0.0,0.0
2022,5,8,10,60,0.0,0.0,0.0,0.0,0.0,5,24.5,19.5,76,1012.7,75,9.3,-9900,-9900,0.0,0.0
2022,5,8,11,60,0.0,0.0,0.0,0.0,0.0,5,25.1,20.1,75,1013.2,70,13.0,-9900,-9900,0.0,0.0
2022,5,8,12,60,0.0,0.0,0.0,0.0,0.0,5,24.6,19.6,78,1013.5,74,13.0,-9900,-9900,0.0,0.0
2022,5,8,13,60,0.0,0.0,0.0,0.0,0.0,5,24.2,19.2,79,1013.9,79,11.1,-9900,-9900,0.0,0.0
2022,5,8,14,60,0.0,0.0,0.0,0.0,0.0,5,24.0,19.0,80,1014.0,84,11.1,-9900,-9900,0.0,0.0
2022,5,8,15,60,0.0,0.0,0.0,0.0,0.0,5,23.9,18.9,81,1014.0,89,11.1,-9900,-9900,0.0,0.0
2022,5,8,16,60,0.0,0.0,0.0,0.0,0.0,5,23.8,18.8,81,1014.1,95,9.3,-9900,-9900,0.0,0.0
2022,5,8,17,60,0.0,0.0,0.0,0.0,0.0,5,23.7,18.7,81,1013.8,100,9.3,-9900,-9900,0.0,0.0
2022,5,8,18,60,0.0,0.0,0.0,0.0,0.0,5,23.6,18.6,81,1013.4,105,7.4,-9900,-9900,0.0,0.0
2022,5,8,19,60,0.0,0.0,0.0,0.0,0.0,5,23.4,18.4,81,1013.0,110,7.4,-9900,-9900,0.0,0.0
2022,5,8,20,60,0.0,0.0,0.0,0.0,0.0,5,23.3,18.3,82,1013.0,112,7.4,-9900,-9900,0.0,0.0
2022,5,8,21,60,0.0,0.0,0.0,0.0,0.0,5,23.2,18.2,83,1013.0,113,5.5,-9900,-9900,0.0,0.0
2022,5,8,22,60,0.0,0.0,0.0,0.0,0.0,5,23.1,18.1,84,1013.0,115,5.5,-9900,-9900,0.0,0.0
2022,5,8,23,60,0.0,0.0,0.0,0.0,0.0,5,23.3,18.3,83,1013.5,111,5.5,-9900,-9900,0.0,0.0
2022,5,8,24,60,0.0,0.0,0.0,0.0,0.0,5,23.5,18.5,82,1013.9,108,7.4,-9900,-9900,0.0,0.0
2022,5,9,1,60,0.0,0.0,0.0,0.0,0.0,5,23.8,18.8,81,1014.4,105,7.4,-9900,-9900,0.0,0.0
2022,5,9,2,60,0.0,0.0,0.0,0.0,0.0,5,24.4,19.4,78,1014.3,89,7.4,-9900,-9900,0.0,0.0
2022,5,9,3,60,0.0,0.0,0.0,0.0,0.0,5,25.0,20.0,75,1014.2,74,7.4,-9900,-9900,0.0,0.0
2022,5,9,4,60,0.0,0.0,0.0,0.0,0.0,5,25.7,20.7,72,1014.1,60,9.3,-9900,-9900,0.0,0.0
2022,5,9,5,60,0.0,0.0,0.0,0.0,0.0,5,25.6,20.6,73,1013.7,66,9.3,-9900,-9900,0.0,0.0
2022,5,9,6,60,0.0,0.0,0.0,0.0,0.0,5,25.5,20.5,73,1013.3,70,11.1,-9900,-9900,0.0,0.0
2022,5,9,7,60,0.0,0.0,0.0,0.0,0.0,5,25.4,20.4,74,1012.9,73,11.1,-9900,-9900,0.0,0.0
2022,5,9,8,60,0.0,0.0,0.0,0.0,0.0,5,24.9,19.9,76,1012.5,76,11.1,-9900,-9900,0.0,0.0
2022,5,9,9,60,0.0,0.0,0.0,0.0,0.0,5,24.5,19.5,77,1012.1,79,11.1,-9900,-9900,0.0,0.0
2022,5,9,10,60,0.0,0.0,0.0,0.0,0.0,5,24.0,19.0,79,1011.7,81,11.1,-9900,-9900,0.0,0.0
2022,5,9,11,60,0.0,0.0,0.0,0.0,0.0,5,24.0,19.0,81,1012.7,75,13.0,-9900,-9900,0.0,0.0
2022,5,9,12,60,0.0,0.0,0.0,0.0,0.0,5,23.7,18.7,85,1012.8,77,13.0,-9900,-9900,0.0,0.0
2022,5,9,13,60,0.0,0.0,0.0,0.0,0.0,5,23.4,18.4,89,1013.0,79,13.0,-9900,-9900,0.0,0.0
2022,5,9,14,60,0.0,0.0,0.0,0.0,0.0,5,23.4,18.4,89,1012.9,78,13.0,-9900,-9900,0.0,0.0
2022,5,9,15,60,0.0,0.0,0.0,0.0,0.0,5,23.3,18.3,90,1012.8,76,13.0,-9900,-9900,0.0,0.0
2022,5,9,16,60,0.0,0.0,0.0,0.0,0.0,5,23.3,18.3,91,1012.7,75,13.0,-9900,-9900,0.0,0.0
2022,5,9,17,60,0.0,0.0,0.0,0.0,0.0,5,24.1,19.1,80,1012.2,86,14.8,-9900,-9900,0.0,0.0
2022,5,9,18,60,0.0,0.0,0.0,0.0,0.0,5,23.9,18.9,80,1011.7,86,13.0,-9900,-9900,0.0,0.0
2022,5,9,19,60,0.0,0.0,0.0,0.0,0.0,5,23.8,18.8,80,1011.2,86,11.1,-9900,-9900,0.0,0.0
2022,5,9,20,60,0.0,0.0,0.0,0.0,0.0,5,23.7,18.7,82,1011.1,89,9.3,-9900,-9900,0.0,0.0
2022,5,9,21,60,0.0,0.0,0.0,0.0,0.0,5,23.6,18.6,83,1011.1,93,7.4,-9900,-9900,0.0,0.0
2022,5,9,22,60,0.0,0.0,0.0,0.0,0.0,5,23.5,18.5,85,1011.0,98,7.4,-9900,-9900,0.0,0.0
2022,5,9,23,60,0.0,0.0,0.0,0.0,0.0,5,24.4,19.4,84,1011.3,93,7.4,-9900,-9900,0.0,0.0
2022,5,9,24,60,0.0,0.0,0.0,0.0,0.0,5,25.2,20.2,79,1011.6,97,7.4,-9900,-9900,0.0,0.0
2022,5,10,1,60,0.0,0.0,0.0,0.0,0.0,5,25.9,20.9,75,1011.9,101,5.5,-9900,-9900,0.0,0.0
2022,5,10,2,60,0.0,0.0,0.0,0.0,0.0,5,27.0,22.0,71,1011.6,102,5.5,-9900,-9900,0.0,0.0
2022,5,10,3,60,0.0,0.0,0.0,0.0,0.0,5,28.2,23.2,66,1011.2,103,5.5,-9900,-9900,0.0,0.0
2022,5,10,4,60,0.0,0.0,0.0,0.0,0.0,5,29.3,24.3,62,1010.9,105,5.5,-9900,-9900,0.0,0.0
2022,5,10,5,60,0.0,0.0,0.0,0.0,0.0,5,29.4,24.4,62,1010.3,93,9.3,-9900,-9900,0.0,0.0
2022,5,10,6,60,0.0,0.0,0.0,0.0,0.0,5,29.3,24.3,63,1009.7,88,7.4,-9900,-9900,0.0,0.0
2022,5,10,7,60,0.0,0.0,0.0,0.0,0.0,5,29.3,24.3,63,1009.1,79,7.4,-9900,-9900,0.0,0.0
2022,5,10,8,60,0.0,0.0,0.0,0.0,0.0,5,28.6,23.6,65,1009.0,78,5.5,-9900,-9900,0.0,0.0
2022,5,10,9,60,0.0,0.0,0.0,0.0,0.0,5,27.8,22.8,68,1008.9,75,5.5,-9900,-9900,0.0,0.0
2022,5,10,10,60,0.0,0.0,0.0,0.0,0.0,5,27.1,22.1,71,1008.9,69,5.5,-9900,-9900,0.0,0.0
2022,5,10,11,60,0.0,0.0,0.0,0.0,0.0,5,26.6,21.6,75,1009.3,95,5.5,-9900,-9900,0.0,0.0
2022,5,10,12,60,0.0,0.0,0.0,0.0,0.0,5,26.2,21.2,79,1009.8,126,5.5,-9900,-9900,0.0,0.0
2022,5,10,13,60,0.0,0.0,0.0,0.0,0.0,5,25.7,20.7,84,1010.3,149,5.5,-9900,-9900,0.0,0.0
2022,5,10,14,60,0.0,0.0,0.0,0.0,0.0,5,25.6,20.6,85,1010.3,145,5.5,-9900,-9900,0.0,0.0
2022,5,10,15,60,0.0,0.0,0.0,0.0,0.0,5,25.4,20.4,87,1010.3,141,5.5,-9900,-9900,0.0,0.0
2022,5,10,16,60,0.0,0.0,0.0,0.0,0.0,5,25.3,20.3,89,1010.2,139,5.5,-9900,-9900,0.0,0.0
2022,5,10,17,60,0.0,0.0,0.0,0.0,0.0,5,24.0,19.0,91,1010.5,177,5.5,-9900,-9900,0.0,0.0
2022,5,10,18,60,0.0,0.0,0.0,0.0,0.0,5,23.9,18.9,91,1009.9,181,5.5,-9900,-9900,0.0,0.0
2022,5,10,19,60,0.0,0.0,0.0,0.0,0.0,5,23.7,18.7,91,1009.3,185,5.5,-9900,-9900,0.0,0.0
2022,5,10,20,60,0.0,0.0,0.0,0.0,0.0,5,23.6,18.6,91,1009.2,181,3.7,-9900,-9900,0.0,0.0
2022,5,10,21,60,0.0,0.0,0.0,0.0,0.0,5,23.6,18.6,92,1009.1,177,3.7,-9900,-9900,0.0,0.0
2022,5,10,22,60,0.0,0.0,0.0,0.0,0.0,5,23.6,18.6,92,1009.0,172,3.7,-9900,-9900,0.0,0.0
2022,5,10,23,60,0.0,0.0,0.0,0.0,0.0,5,24.1,19.1,90,1009.6,159,5.5,-9900,-9900,0.0,0.0
2022,5,10,24,60,0.0,0.0,0.0,0.0,0.0,5,24.3,19.3,88,1010.0,166,3.7,-9900,-9900,0.0,0.0
2022,5,11,1,60,0.0,0.0,0.0,0.0,0.0,5,24.5,19.5,86,1010.4,177,3.7,-9900,-9900,0.0,0.0
2022,5,11,2,60,0.0,0.0,0.0,0.0,0.0,5,25.0,20.0,84,1010.4,187,3.7,-9900,-9900,0.0,0.0
2022,5,11,3,60,0.0,0.0,0.0,0.0,0.0,5,25.6,20.6,81,1010.4,227,3.7,-9900,-9900,0.0,0.0
2022,5,11,4,60,0.0,0.0,0.0,0.0,0.0,5,26.2,21.2,78,1010.4,305,3.7,-9900,-9900,0.0,0.0
2022,5,11,5,60,0.0,0.0,0.0,0.0,0.0,5,25.1,20.1,86,1010.1,12,3.7,-9900,-9900,0.0,0.0
2022,5,11,6,60,0.0,0.0,0.0,0.0,0.0,5,25.2,20.2,85,1009.7,5,3.7,-9900,-9900,0.0,0.0
2022,5,11,7,60,0.0,0.0,0.0,0.0,0.0,5,25.3,20.3,84,1009.3,360,5.5,-9900,-9900,0.0,0.0
2022,5,11,8,60,0.0,0.0,0.0,0.0,0.0,5,25.0,20.0,85,1009.1,16,5.5,-9900,-9900,0.0,0.0
2022,5,11,9,60,0.0,0.0,0.0,0.0,0.0,5,24.7,19.7,85,1009.0,37,3.7,-9900,-9900,0.0,0.0
2022,5,11,10,60,0.0,0.0,0.0,0.0,0.0,5,24.4,19.4,85,1008.8,60,3.7,-9900,-9900,0.0,0.0
2022,5,11,11,60,0.0,0.0,0.0,0.0,0.0,5,24.2,19.2,91,1009.6,85,5.5,-9900,-9900,0.0,0.0
2022,5,11,12,60,0.0,0.0,0.0,0.0,0.0,5,24.1,19.1,92,1010.0,94,5.5,-9900,-9900,0.0,0.0
2022,5,11,13,60,0.0,0.0,0.0,0.0,0.0,5,23.9,18.9,93,1010.4,100,5.5,-9900,-9900,0.0,0.0
2022,5,11,14,60,0.0,0.0,0.0,0.0,0.0,5,23.9,18.9,93,1010.4,103,5.5,-9900,-9900,0.0,0.0
2022,5,11,15,60,0.0,0.0,0.0,0.0,0.0,5,24.0,19.0,93,1010.5,105,5.5,-9900,-9900,0.0,0.0
2022,5,11,16,60,0.0,0.0,0.0,0.0,0.0,5,24.0,19.0,93,1010.5,107,5.5,-9900,-9900,0.0,0.0
2022,5,11,17,60,0.0,0.0,0.0,0.0,0.0,5,24.2,19.2,81,1010.0,92,5.5,-9900,-9900,0.0,0.0
2022,5,11,18,60,0.0,0.0,0.0,0.0,0.0,5,24.0,19.0,81,1009.5,115,3.7,-9900,-9900,0.0,0.0
2022,5,11,19,60,0.0,0.0,0.0,0.0,0.0,5,23.7,18.7,82,1009.1,137,3.7,-9900,-9900,0.0,0.0
2022,5,11,20,60,0.0,0.0,0.0,0.0,0.0,5,23.6,18.6,83,1009.1,136,3.7,-9900,-9900,0.0,0.0
2022,5,11,21,60,0.0,0.0,0.0,0.0,0.0,5,23.5,18.5,84,1009.1,135,3.7,-9900,-9900,0.0,0.0
2022,5,11,22,60,0.0,0.0,0.0,0.0,0.0,5,23.4,18.4,85,1009.0,134,3.7,-9900,-9900,0.0,0.0
2022,5,11,23,60,0.0,0.0,0.0,0.0,0.0,5,24.3,19.3,87,1009.3,121,5.5,-9900,-9900,0.0,0.0
2022,5,11,24,60,0.0,0.0,0.0,0.0,0.0,5,25.0,20.0,83,1009.5,121,5.5,-9900,-9900,0.0,0.0
2022,5,12,1,60,0.0,0.0,0.0,0.0,0.0,5,25.6,20.6,80,1009.8,121,3.7,-9900,-9900,0.0,0.0
2022,5,12,2,60,0.0,0.0,0.0,0.0,0.0,5,26.5,21.5,77,1009.5,114,3.7,-9900,-9900,0.0,0.0
2022,5,12,3,60,0.0,0.0,0.0,0.0,0.0,5,27.3,22.3,75,1009.2,104,3.7,-9900,-9900,0.0,0.0
2022,5,12,4,60,0.0,0.0,0.0,0.0,0.0,5,28.2,23.2,72,1008.9,87,3.7,-9900,-9900,0.0,0.0
2022,5,12,5,60,0.0,0.0,0.0,0.0,0.0,5,28.1,23.1,72,1008.4,82,7.4,-9900,-9900,0.0,0.0
2022,5,12,6,60,0.0,0.0,0.0,0.0,0.0,5,27.9,22.9,73,1007.9,78,7.4,-9900,-9900,0.0,0.0
2022,5,12,7,60,0.0,0.0,0.0,0.0,0.0,5,27.6,22.6,74,1007.5,69,5.5,-9900,-9900,0.0,0.0
2022,5,12,8,60,0.0,0.0,0.0,0.0,0.0,5,27.0,22.0,76,1007.3,69,5.5,-9900,-9900,0.0,0.0
2022,5,12,9,60,0.0,0.0,0.0,0.0,0.0,5,26.4,21.4,78,1007.1,68,5.5,-9900,-9900,0.0,0.0
2022,5,12,10,60,0.0,0.0,0.0,0.0,0.0,5,25.7,20.7,81,1006.9,66,5.5,-9900,-9900,0.0,0.0
2022,5,12,11,60,0.0,0.0,0.0,0.0,0.0,5,24.3,19.3,89,1007.8,70,7.4,-9900,-9900,0.0,0.0
2022,5,12,12,60,0.0,0.0,0.0,0.0,0.0,5,24.3,19.3,89,1008.1,74,5.5,-9900,-9900,0.0,0.0
2022,5,12,13,60,0.0,0.0,0.0,0.0,0.0,5,24.3,19.3,90,1008.4,81,5.5,-9900,-9900,0.0,0.0
2022,5,12,14,60,0.0,0.0,0.0,0.0,0.0,5,24.4,19.4,90,1008.3,101,3.7,-9900,-9900,0.0,0.0
2022,5,12,15,60,0.0,0.0,0.0,0.0,0.0,5,24.5,19.5,90,1008.2,127,3.7,-9900,-9900,0.0,0.0
2022,5,12,16,60,0.0,0.0,0.0,0.0,0.0,5,24.6,19.6,90,1008.0,150,3.7,-9900,-9900,0.0,0.0
2022,5,12,17,60,0.0,0.0,0.0,0.0,0.0,5,23.9,18.9,94,1007.4,175,5.5,-9900,-9900,0.0,0.0
2022,5,12,18,60,0.0,0.0,0.0,0.0,0.0,5,23.6,18.6,94,1007.0,180,5.5,-9900,-9900,0.0,0.0
2022,5,12,19,60,0.0,0.0,0.0,0.0,0.0,5,23.4,18.4,94,1006.6,186,5.5,-9900,-9900,0.0,0.0
2022,5,12,20,60,0.0,0.0,0.0,0.0,0.0,5,23.4,18.4,94,1006.3,184,3.7,-9900,-9900,0.0,0.0
2022,5,12,21,60,0.0,0.0,0.0,0.0,0.0,5,23.3,18.3,94,1006.0,183,3.7,-9900,-9900,0.0,0.0
2022,5,12,22,60,0.0,0.0,0.0,0.0,0.0,5,23.3,18.3,94,1005.8,182,3.7,-9900,-9900,0.0,0.0
2022,5,12,23,60,0.0,0.0,0.0,0.0,0.0,5,23.7,18.7,91,1006.0,179,3.7,-9900,-9900,0.0,0.0
2022,5,12,24,60,0.0,0.0,0.0,0.0,0.0,5,24.2,19.2,88,1006.2,175,3.7,-9900,-9900,0.0,0.0
2022,5,13,1,60,0.0,0.0,0.0,0.0,0.0,5,24.6,19.6,86,1006.4,171,3.7,-9900,-9900,0.0,0.0
2022,5,13,2,60,0.0,0.0,0.0,0.0,0.0,5,25.4,20.4,82,1006.3,186,3.7,-9900,-9900,0.0,0.0
2022,5,13,3,60,0.0,0.0,0.0,0.0,0.0,5,26.1,21.1,78,1006.1,207,3.7,-9900,-9900,0.0,0.0
2022,5,13,4,60,0.0,0.0,0.0,0.0,0.0,5,26.8,21.8,76,1006.0,227,3.7,-9900,-9900,0.0,0.0
2022,5,13,5,60,0.0,0.0,0.0,0.0,0.0,5,27.4,22.4,78,1005.3,251,5.5,-9900,-9900,0.0,0.0
2022,5,13,6,60,0.0,0.0,0.0,0.0,0.0,5,27.2,22.2,78,1005.0,258,5.5,-9900,-9900,0.0,0.0
2022,5,13,7,60,0.0,0.0,0.0,0.0,0.0,5,27.0,22.0,79,1004.7,265,7.4,-9900,-9900,0.0,0.0
2022,5,13,8,60,0.0,0.0,0.0,0.0,0.0,5,26.5,21.5,80,1004.9,272,5.5,-9900,-9900,0.0,0.0
2022,5,13,9,60,0.0,0.0,0.0,0.0,0.0,5,26.0,21.0,81,1005.0,285,5.5,-9900,-9900,0.0,0.0
2022,5,13,10,60,0.0,0.0,0.0,0.0,0.0,5,25.5,20.5,82,1005.2,313,5.5,-9900,-9900,0.0,0.0
2022,5,13,11,60,0.0,0.0,0.0,0.0,0.0,5,25.7,20.7,77,1005.9,72,7.4,-9900,-9900,0.0,0.0
2022,5,13,12,60,0.0,0.0,0.0,0.0,0.0,5,25.1,20.1,80,1006.8,74,7.4,-9900,-9900,0.0,0.0
2022,5,13,13,60,0.0,0.0,0.0,0.0,0.0,5,24.4,19.4,84,1007.6,77,7.4,-9900,-9900,0.0,0.0
2022,5,13,14,60,0.0,0.0,0.0,0.0,0.0,5,24.0,19.0,85,1008.1,82,7.4,-9900,-9900,0.0,0.0
2022,5,13,15,60,0.0,0.0,0.0,0.0,0.0,5,23.5,18.5,88,1008.6,87,7.4,-9900,-9900,0.0,0.0
2022,5,13,16,60,0.0,0.0,0.0,0.0,0.0,5,23.1,18.1,89,1009.1,90,7.4,-9900,-9900,0.0,0.0
2022,5,13,17,60,0.0,0.0,0.0,0.0,0.0,5,22.9,17.9,87,1008.7,59,7.4,-9900,-9900,0.0,0.0
2022,5,13,18,60,0.0,0.0,0.0,0.0,0.0,5,22.6,17.6,88,1008.5,72,7.4,-9900,-9900,0.0,0.0
2022,5,13,19,60,0.0,0.0,0.0,0.0,0.0,5,22.4,17.4,88,1008.3,83,9.3,-9900,-9900,0.0,0.0
2022,5,13,20,60,0.0,0.0,0.0,0.0,0.0,5,22.1,17.1,91,1008.5,88,9.3,-9900,-9900,0.0,0.0
2022,5,13,21,60,0.0,0.0,0.0,0.0,0.0,5,21.8,16.8,93,1008.7,92,11.1,-9900,-9900,0.0,0.0
2022,5,13,22,60,0.0,0.0,0.0,0.0,0.0,5,21.6,16.6,95,1009.0,95,11.1,-9900,-9900,0.0,0.0
2022,5,13,23,60,0.0,0.0,0.0,0.0,0.0,5,21.9,16.9,95,1009.9,80,14.8,-9900,-9900,0.0,0.0
2022,5,13,24,60,0.0,0.0,0.0,0.0,0.0,5,21.9,16.9,94,1010.3,80,14.8,-9900,-9900,0.0,0.0
2022,5,14,1,60,0.0,0.0,0.0,0.0,0.0,5,22.0,17.0,92,1010.8,79,16.7,-9900,-9900,0.0,0.0
2022,5,14,2,60,0.0,0.0,0.0,0.0,0.0,5,22.0,17.0,92,1010.8,80,16.7,-9900,-9900,0.0,0.0
2022,5,14,3,60,0.0,0.0,0.0,0.0,0.0,5,22.1,17.1,92,1010.8,80,16.7,-9900,-9900,0.0,0.0
2022,5,14,4,60,0.0,0.0,0.0,0.0,0.0,5,22.2,17.2,92,1010.8,81,16.7,-9900,-9900,0.0,0.0
2022,5,14,5,60,0.0,0.0,0.0,0.0,0.0,5,22.2,17.2,91,1011.0,87,16.7,-9900,-9900,0.0,0.0
2022,5,14,6,60,0.0,0.0,0.0,0.0,0.0,5,22.1,17.1,91,1010.6,88,16.7,-9900,-9900,0.0,0.0
2022,5,14,7,60,0.0,0.0,0.0,0.0,0.0,5,21.9,16.9,91,1010.2,89,16.7,-9900,-9900,0.0,0.0
2022,5,14,8,60,0.0,0.0,0.0,0.0,0.0,5,21.7,16.7,91,1010.0,87,16.7,-9900,-9900,0.0,0.0
2022,5,14,9,60,0.0,0.0,0.0,0.0,0.0,5,21.5,16.5,91,1009.8,86,16.7,-9900,-9900,0.0,0.0
2022,5,14,10,60,0.0,0.0,0.0,0.0,0.0,5,21.2,16.2,92,1009.5,84,16.7,-9900,-9900,0.0,0.0
2022,5,14,11,60,0.0,0.0,0.0,0.0,0.0,5,21.5,16.5,90,1010.6,80,14.8,-9900,-9900,0.0,0.0
2022,5,14,12,60,0.0,0.0,0.0,0.0,0.0,5,21.3,16.3,91,1011.3,81,14.8,-9900,-9900,0.0,0.0
2022,5,14,13,60,0.0,0.0,0.0,0.0,0.0,5,21.1,16.1,91,1011.9,83,13.0,-9900,-9900,0.0,0.0
2022,5,14,14,60,0.0,0.0,0.0,0.0,0.0,5,21.0,16.0,90,1012.3,83,13.0,-9900,-9900,0.0,0.0
2022,5,14,15,60,0.0,0.0,0.0,0.0,0.0,5,20.8,15.8,89,1012.6,83,13.0,-9900,-9900,0.0,0.0
2022,5,14,16,60,0.0,0.0,0.0,0.0,0.0,5,20.7,15.7,88,1012.9,84,13.0,-9900,-9900,0.0,0.0
2022,5,14,17,60,0.0,0.0,0.0,0.0,0.0,5,20.9,15.9,90,1012.7,88,11.1,-9900,-9900,0.0,0.0
2022,5,14,18,60,0.0,0.0,0.0,0.0,0.0,5,20.7,15.7,89,1012.4,88,11.1,-9900,-9900,0.0,0.0
2022,5,14,19,60,0.0,0.0,0.0,0.0,0.0,5,20.6,15.6,89,1012.1,88,9.3,-9900,-9900,0.0,0.0
2022,5,14,20,60,0.0,0.0,0.0,0.0,0.0,5,20.4,15.4,91,1012.2,88,9.3,-9900,-9900,0.0,0.0
2022,5,14,21,60,0.0,0.0,0.0,0.0,0.0,5,20.2,15.2,92,1012.3,88,9.3,-9900,-9900,0.0,0.0
2022,5,14,22,60,0.0,0.0,0.0,0.0,0.0,5,20.0,15.0,92,1012.4,88,9.3,-9900,-9900,0.0,0.0
2022,5,14,23,60,0.0,0.0,0.0,0.0,0.0,5,20.6,15.6,91,1012.8,83,9.3,-9900,-9900,0.0,0.0
2022,5,14,24,60,0.0,0.0,0.0,0.0,0.0,5,20.7,15.7,88,1013.3,82,9.3,-9900,-9900,0.0,0.0
2022,5,15,1,60,0.0,0.0,0.0,0.0,0.0,5,20.7,15.7,87,1013.9,82,11.1,-9900,-9900,0.0,0.0
2022,5,15,2,60,0.0,0.0,0.0,0.0,0.0,5,20.7,15.7,85,1014.0,82,11.1,-9900,-9900,0.0,0.0
2022,5,15,3,60,0.0,0.0,0.0,0.0,0.0,5,20.7,15.7,83,1014.1,82,11.1,-9900,-9900,0.0,0.0
2022,5,15,4,60,0.0,0.0,0.0,0.0,0.0,5,20.7,15.7,81,1014.2,83,11.1,-9900,-9900,0.0,0.0
2022,5,15,5,60,0.0,0.0,0.0,0.0,0.0,5,20.4,15.4,82,1014.1,86,13.0,-9900,-9900,0.0,0.0
2022,5,15,6,60,0.0,0.0,0.0,0.0,0.0,5,20.3,15.3,82,1013.7,86,13.0,-9900,-9900,0.0,0.0
2022,5,15,7,60,0.0,0.0,0.0,0.0,0.0,5,20.1,15.1,81,1013.2,87,11.1,-9900,-9900,0.0,0.0
2022,5,15,8,60,0.0,0.0,0.0,0.0,0.0,5,19.9,14.9,82,1013.1,86,13.0,-9900,-9900,0.0,0.0
2022,5,15,9,60,0.0,0.0,0.0,0.0,0.0,5,19.6,14.6,83,1013.0,85,13.0,-9900,-9900,0.0,0.0
2022,5,15,10,60,0.0,0.0,0.0,0.0,0.0,5,19.4,14.4,84,1012.9,84,14.8,-9900,-9900,0.0,0.0
2022,5,15,11,60,0.0,0.0,0.0,0.0,0.0,5,19.3,14.3,84,1013.3,82,14.8,-9900,-9900,0.0,0.0
2022,5,15,12,60,0.0,0.0,0.0,0.0,0.0,5,19.2,14.2,84,1013.8,80,14.8,-9900,-9900,0.0,0.0
2022,5,15,13,60,0.0,0.0,0.0,0.0,0.0,5,19.2,14.2,84,1014.2,78,14.8,-9900,-9900,0.0,0.0
2022,5,15,14,60,0.0,0.0,0.0,0.0,0.0,5,19.0,14.0,85,1014.3,79,14.8,-9900,-9900,0.0,0.0
2022,5,15,15,60,0.0,0.0,0.0,0.0,0.0,5,18.8,13.8,86,1014.4,80,13.0,-9900,-9900,0.0,0.0
2022,5,15,16,60,0.0,0.0,0.0,0.0,0.0,5,18.6,13.6,87,1014.5,80,13.0,-9900,-9900,0.0,0.0
2022,5,15,17,60,0.0,0.0,0.0,0.0,0.0,5,17.9,12.9,90,1014.1,83,14.8,-9900,-9900,0.0,0.0
2022,5,15,18,60,0.0,0.0,0.0,0.0,0.0,5,17.9,12.9,89,1013.6,81,14.8,-9900,-9900,0.0,0.0
2022,5,15,19,60,0.0,0.0,0.0,0.0,0.0,5,17.9,12.9,88,1013.1,79,16.7,-9900,-9900,0.0,0.0
2022,5,15,20,60,0.0,0.0,0.0,0.0,0.0,5,17.7,12.7,90,1013.1,80,14.8,-9900,-9900,0.0,0.0
2022,5,15,21,60,0.0,0.0,0.0,0.0,0.0,5,17.4,12.4,93,1013.1,82,14.8,-9900,-9900,0.0,0.0
2022,5,15,22,60,0.0,0.0,0.0,0.0,0.0,5,17.2,12.2,95,1013.1,84,13.0,-9900,-9900,0.0,0.0
2022,5,15,23,60,0.0,0.0,0.0,0.0,0.0,5,17.4,12.4,95,1013.6,82,14.8,-9900,-9900,0.0,0.0
2022,5,15,24,60,0.0,0.0,0.0,0.0,0.0,5,17.4,12.4,93,1014.0,81,14.8,-9900,-9900,0.0,0.0
2022,5,16,1,60,0.0,0.0,0.0,0.0,0.0,5,17.5,12.5,92,1014.4,79,14.8,-9900,-9900,0.0,0.0
2022,5,16,2,60,0.0,0.0,0.0,0.0,0.0,5,17.5,12.5,90,1014.4,81,14.8,-9900,-9900,0.0,0.0
2022,5,16,3,60,0.0,0.0,0.0,0.0,0.0,5,17.6,12.6,89,1014.4,84,13.0,-9900,-9900,0.0,0.0
2022,5,16,4,60,0.0,0.0,0.0,0.0,0.0,5,17.6,12.6,88,1014.5,86,13.0,-9900,-9900,0.0,0.0
2022,5,16,5,60,0.0,0.0,0.0,0.0,0.0,5,18.2,13.2,88,1014.5,82,14.8,-9900,-9900,0.0,0.0
2022,5,16,6,60,0.0,0.0,0.0,0.0,0.0,5,18.0,13.0,87,1014.0,83,14.8,-9900,-9900,0.0,0.0
2022,5,16,7,60,0.0,0.0,0.0,0.0,0.0,5,17.9,12.9,86,1013.6,85,14.8,-9900,-9900,0.0,0.0
2022,5,16,8,60,0.0,0.0,0.0,0.0,0.0,5,17.8,12.8,87,1013.5,86,13.0,-9900,-9900,0.0,0.0
2022,5,16,9,60,0.0,0.0,0.0,0.0,0.0,5,17.8,12.8,87,1013.3,87,13.0,-9900,-9900,0.0,0.0
2022,5,16,10,60,0.0,0.0,0.0,0.0,0.0,5,17.8,12.8,88,1013.2,89,13.0,-9900,-9900,0.0,0.0
2022,5,16,11,60,0.0,0.0,0.0,0.0,0.0,5,18.0,13.0,89,1013.7,87,11.1,-9900,-9900,0.0,0.0
2022,5,16,12,60,0.0,0.0,0.0,0.0,0.0,5,18.0,13.0,85,1014.3,89,11.1,-9900,-9900,0.0,0.0
2022,5,16,13,60,0.0,0.0,0.0,0.0,0.0,5,18.0,13.0,81,1014.9,91,11.1,-9900,-9900,0.0,0.0
2022,5,16,14,60,0.0,0.0,0.0,0.0,0.0,5,17.9,12.9,82,1015.0,93,11.1,-9900,-9900,0.0,0.0
2022,5,16,15,60,0.0,0.0,0.0,0.0,0.0,5,17.8,12.8,82,1015.1,94,11.1,-9900,-9900,0.0,0.0
2022,5,16,16,60,0.0,0.0,0.0,0.0,0.0,5,17.7,12.7,82,1015.2,96,11.1,-9900,-9900,0.0,0.0
2022,5,16,17,60,0.0,0.0,0.0,0.0,0.0,5,17.5,12.5,92,1014.4,91,11.1,-9900,-9900,0.0,0.0
2022,5,16,18,60,0.0,0.0,0.0,0.0,0.0,5,17.5,12.5,91,1014.0,91,11.1,-9900,-9900,0.0,0.0
2022,5,16,19,60,0.0,0.0,0.0,0.0,0.0,5,17.4,12.4,91,1013.6,91,11.1,-9900,-9900,0.0,0.0
2022,5,16,20,60,0.0,0.0,0.0,0.0,0.0,5,17.4,12.4,92,1013.7,95,9.3,-9900,-9900,0.0,0.0
2022,5,16,21,60,0.0,0.0,0.0,0.0,0.0,5,17.3,12.3,94,1013.8,98,9.3,-9900,-9900,0.0,0.0
2022,5,16,22,60,0.0,0.0,0.0,0.0,0.0,5,17.2,12.2,96,1013.8,102,9.3,-9900,-9900,0.0,0.0
2022,5,16,23,60,0.0,0.0,0.0,0.0,0.0,5,17.8,12.8,92,1014.0,87,13.0,-9900,-9900,0.0,0.0
2022,5,16,24,60,0.0,0.0,0.0,0.0,0.0,5,18.5,13.5,85,1014.6,86,13.0,-9900,-9900,0.0,0.0
2022,5,17,1,60,0.0,0.0,0.0,0.0,0.0,5,19.2,14.2,80,1015.1,85,13.0,-9900,-9900,0.0,0.0
2022,5,17,2,60,0.0,0.0,0.0,0.0,0.0,5,20.0,15.0,74,1015.0,84,13.0,-9900,-9900,0.0,0.0
2022,5,17,3,60,0.0,0.0,0.0,0.0,0.0,5,20.8,15.8,69,1015.0,83,13.0,-9900,-9900,0.0,0.0
2022,5,17,4,60,0.0,0.0,0.0,0.0,0.0,5,21.7,16.7,64,1014.9,81,13.0,-9900,-9900,0.0,0.0
2022,5,17,5,60,0.0,0.0,0.0,0.0,0.0,5,21.8,16.8,67,1014.5,82,16.7,-9900,-9900,0.0,0.0
2022,5,17,6,60,0.0,0.0,0.0,0.0,0.0,5,22.0,17.0,66,1014.2,82,16.7,-9900,-9900,0.0,0.0
2022,5,17,7,60,0.0,0.0,0.0,0.0,0.0,5,22.2,17.2,64,1013.8,81,16.7,-9900,-9900,0.0,0.0
2022,5,17,8,60,0.0,0.0,0.0,0.0,0.0,5,22.1,17.1,65,1013.8,84,16.7,-9900,-9900,0.0,0.0
2022,5,17,9,60,0.0,0.0,0.0,0.0,0.0,5,22.0,17.0,66,1013.8,87,14.8,-9900,-9900,0.0,0.0
2022,5,17,10,60,0.0,0.0,0.0,0.0,0.0,5,21.9,16.9,67,1013.8,89,14.8,-9900,-9900,0.0,0.0
2022,5,17,11,60,0.0,0.0,0.0,0.0,0.0,5,21.9,16.9,66,1014.5,91,14.8,-9900,-9900,0.0,0.0
2022,5,17,12,60,0.0,0.0,0.0,0.0,0.0,5,21.7,16.7,67,1015.0,92,14.8,-9900,-9900,0.0,0.0
2022,5,17,13,60,0.0,0.0,0.0,0.0,0.0,5,21.5,16.5,70,1015.6,94,13.0,-9900,-9900,0.0,0.0
2022,5,17,14,60,0.0,0.0,0.0,0.0,0.0,5,21.3,16.3,71,1015.8,93,13.0,-9900,-9900,0.0,0.0
2022,5,17,15,60,0.0,0.0,0.0,0.0,0.0,5,21.2,16.2,71,1016.0,92,13.0,-9900,-9900,0.0,0.0
2022,5,17,16,60,0.0,0.0,0.0,0.0,0.0,5,21.1,16.1,72,1016.3,92,13.0,-9900,-9900,0.0,0.0
2022,5,17,17,60,0.0,0.0,0.0,0.0,0.0,5,21.0,16.0,74,1015.7,91,13.0,-9900,-9900,0.0,0.0
2022,5,17,18,60,0.0,0.0,0.0,0.0,0.0,5,20.9,15.9,76,1015.1,91,13.0,-9900,-9900,0.0,0.0
2022,5,17,19,60,0.0,0.0,0.0,0.0,0.0,5,20.9,15.9,77,1014.5,91,14.8,-9900,-9900,0.0,0.0
2022,5,17,20,60,0.0,0.0,0.0,0.0,0.0,5,20.9,15.9,77,1014.7,93,13.0,-9900,-9900,0.0,0.0
2022,5,17,21,60,0.0,0.0,0.0,0.0,0.0,5,21.0,16.0,77,1014.9,96,13.0,-9900,-9900,0.0,0.0
2022,5,17,22,60,0.0,0.0,0.0,0.0,0.0,5,21.0,16.0,78,1015.1,98,13.0,-9900,-9900,0.0,0.0
2022,5,17,23,60,0.0,0.0,0.0,0.0,0.0,5,22.1,17.1,79,1015.4,90,14.8,-9900,-9900,0.0,0.0
2022,5,17,24,60,0.0,0.0,0.0,0.0,0.0,5,22.8,17.8,76,1015.7,90,16.7,-9900,-9900,0.0,0.0
2022,5,18,1,60,0.0,0.0,0.0,0.0,0.0,5,23.4,18.4,74,1016.0,90,16.7,-9900,-9900,0.0,0.0
2022,5,18,2,60,0.0,0.0,0.0,0.0,0.0,5,24.2,19.2,71,1015.9,88,18.5,-9900,-9900,0.0,0.0
2022,5,18,3,60,0.0,0.0,0.0,0.0,0.0,5,25.0,20.0,68,1015.7,86,18.5,-9900,-9900,0.0,0.0
2022,5,18,4,60,0.0,0.0,0.0,0.0,0.0,5,25.7,20.7,65,1015.6,84,20.4,-9900,-9900,0.0,0.0
2022,5,18,5,60,0.0,0.0,0.0,0.0,0.0,5,24.9,19.9,71,1015.2,88,22.2,-9900,-9900,0.0,0.0
2022,5,18,6,60,0.0,0.0,0.0,0.0,0.0,5,25.2,20.2,70,1014.6,89,22.2,-9900,-9900,0.0,0.0
2022,5,18,7,60,0.0,0.0,0.0,0.0,0.0,5,25.4,20.4,69,1014.1,90,22.2,-9900,-9900,0.0,0.0
2022,5,18,8,60,0.0,0.0,0.0,0.0,0.0,5,25.2,20.2,70,1014.0,90,22.2,-9900,-9900,0.0,0.0
2022,5,18,9,60,0.0,0.0,0.0,0.0,0.0,5,25.0,20.0,71,1013.8,90,20.4,-9900,-9900,0.0,0.0
2022,5,18,10,60,0.0,0.0,0.0,0.0,0.0,5,24.8,19.8,71,1013.7,91,20.4,-9900,-9900,0.0,0.0
2022,5,18,11,60,0.0,0.0,0.0,0.0,0.0,5,24.6,19.6,74,1013.7,85,20.4,-9900,-9900,0.0,0.0
2022,5,18,12,60,0.0,0.0,0.0,0.0,0.0,5,24.4,19.4,73,1014.1,86,18.5,-9900,-9900,0.0,0.0
2022,5,18,13,60,0.0,0.0,0.0,0.0,0.0,5,24.2,19.2,72,1014.4,87,18.5,-9900,-9900,0.0,0.0
2022,5,18,14,60,0.0,0.0,0.0,0.0,0.0,5,24.1,19.1,73,1014.5,84,16.7,-9900,-9900,0.0,0.0
2022,5,18,15,60,0.0,0.0,0.0,0.0,0.0,5,24.1,19.1,73,1014.6,81,16.7,-9900,-9900,0.0,0.0
2022,5,18,16,60,0.0,0.0,0.0,0.0,0.0,5,24.0,19.0,74,1014.7,78,14.8,-9900,-9900,0.0,0.0
2022,5,18,17,60,0.0,0.0,0.0,0.0,0.0,5,24.3,19.3,78,1014.1,85,16.7,-9900,-9900,0.0,0.0
2022,5,18,18,60,0.0,0.0,0.0,0.0,0.0,5,24.2,19.2,78,1013.5,84,16.7,-9900,-9900,0.0,0.0
2022,5,18,19,60,0.0,0.0,0.0,0.0,0.0,5,24.2,19.2,78,1012.9,83,16.7,-9900,-9900,0.0,0.0
2022,5,18,20,60,0.0,0.0,0.0,0.0,0.0,5,24.1,19.1,79,1013.0,84,14.8,-9900,-9900,0.0,0.0
2022,5,18,21,60,0.0,0.0,0.0,0.0,0.0,5,23.9,18.9,81,1013.1,86,13.0,-9900,-9900,0.0,0.0
2022,5,18,22,60,0.0,0.0,0.0,0.0,0.0,5,23.8,18.8,83,1013.2,88,13.0,-9900,-9900,0.0,0.0
2022,5,18,23,60,0.0,0.0,0.0,0.0,0.0,5,24.7,19.7,80,1012.9,86,13.0,-9900,-9900,0.0,0.0
2022,5,18,24,60,0.0,0.0,0.0,0.0,0.0,5,25.4,20.4,77,1012.9,87,13.0,-9900,-9900,0.0,0.0
2022,5,19,1,60,0.0,0.0,0.0,0.0,0.0,5,26.0,21.0,75,1013.0,87,13.0,-9900,-9900,0.0,0.0
2022,5,19,2,60,0.0,0.0,0.0,0.0,0.0,5,26.6,21.6,73,1012.7,91,14.8,-9900,-9900,0.0,0.0
2022,5,19,3,60,0.0,0.0,0.0,0.0,0.0,5,27.2,22.2,72,1012.5,94,14.8,-9900,-9900,0.0,0.0
2022,5,19,4,60,0.0,0.0,0.0,0.0,0.0,5,27.9,22.9,70,1012.3,97,14.8,-9900,-9900,0.0,0.0
2022,5,19,5,60,0.0,0.0,0.0,0.0,0.0,5,27.0,22.0,75,1011.5,95,16.7,-9900,-9900,0.0,0.0
2022,5,19,6,60,0.0,0.0,0.0,0.0,0.0,5,27.3,22.3,73,1010.8,96,16.7,-9900,-9900,0.0,0.0
2022,5,19,7,60,0.0,0.0,0.0,0.0,0.0,5,27.5,22.5,72,1010.1,97,16.7,-9900,-9900,0.0,0.0
2022,5,19,8,60,0.0,0.0,0.0,0.0,0.0,5,27.1,22.1,73,1009.9,97,16.7,-9900,-9900,0.0,0.0
2022,5,19,9,60,0.0,0.0,0.0,0.0,0.0,5,26.8,21.8,75,1009.7,96,14.8,-9900,-9900,0.0,0.0
2022,5,19,10,60,0.0,0.0,0.0,0.0,0.0,5,26.4,21.4,76,1009.5,95,13.0,-9900,-9900,0.0,0.0
2022,5,19,11,60,0.0,0.0,0.0,0.0,0.0,5,25.5,20.5,84,1009.9,87,9.3,-9900,-9900,0.0,0.0
2022,5,19,12,60,0.0,0.0,0.0,0.0,0.0,5,25.2,20.2,84,1010.3,87,9.3,-9900,-9900,0.0,0.0
2022,5,19,13,60,0.0,0.0,0.0,0.0,0.0,5,24.9,19.9,85,1010.7,86,9.3,-9900,-9900,0.0,0.0
2022,5,19,14,60,0.0,0.0,0.0,0.0,0.0,5,24.8,19.8,85,1010.7,89,9.3,-9900,-9900,0.0,0.0
2022,5,19,15,60,0.0,0.0,0.0,0.0,0.0,5,24.7,19.7,86,1010.7,93,7.4,-9900,-9900,0.0,0.0
2022,5,19,16,60,0.0,0.0,0.0,0.0,0.0,5,24.6,19.6,86,1010.7,99,7.4,-9900,-9900,0.0,0.0
2022,5,19,17,60,0.0,0.0,0.0,0.0,0.0,5,23.8,18.8,85,1010.4,133,5.5,-9900,-9900,0.0,0.0
2022,5,19,18,60,0.0,0.0,0.0,0.0,0.0,5,23.8,18.8,85,1009.9,144,5.5,-9900,-9900,0.0,0.0
2022,5,19,19,60,0.0,0.0,0.0,0.0,0.0,5,23.7,18.7,85,1009.5,159,5.5,-9900,-9900,0.0,0.0
2022,5,19,20,60,0.0,0.0,0.0,0.0,0.0,5,23.6,18.6,85,1009.5,157,5.5,-9900,-9900,0.0,0.0
2022,5,19,21,60,0.0,0.0,0.0,0.0,0.0,5,23.5,18.5,85,1009.5,155,3.7,-9900,-9900,0.0,0.0
2022,5,19,22,60,0.0,0.0,0.0,0.0,0.0,5,23.5,18.5,84,1009.6,154,3.7,-9900,-9900,0.0,0.0
2022,5,19,23,60,0.0,0.0,0.0,0.0,0.0,5,23.8,18.8,86,1009.5,200,3.7,-9900,-9900,0.0,0.0
2022,5,19,24,60,0.0,0.0,0.0,0.0,0.0,5,24.4,19.4,83,1009.8,204,3.7,-9900,-9900,0.0,0.0
2022,5,20,1,60,0.0,0.0,0.0,0.0,0.0,5,24.9,19.9,81,1010.2,211,3.7,-9900,-9900,0.0,0.0
2022,5,20,2,60,0.0,0.0,0.0,0.0,0.0,5,25.5,20.5,79,1009.9,206,3.7,-9900,-9900,0.0,0.0
2022,5,20,3,60,0.0,0.0,0.0,0.0,0.0,5,26.1,21.1,77,1009.6,34,5.5,-9900,-9900,0.0,0.0
2022,5,20,4,60,0.0,0.0,0.0,0.0,0.0,5,26.7,21.7,75,1009.3,33,5.5,-9900,-9900,0.0,0.0
2022,5,20,5,60,0.0,0.0,0.0,0.0,0.0,5,26.7,21.7,74,1008.8,50,7.4,-9900,-9900,0.0,0.0
2022,5,20,6,60,0.0,0.0,0.0,0.0,0.0,5,26.7,21.7,73,1008.2,57,7.4,-9900,-9900,0.0,0.0
2022,5,20,7,60,0.0,0.0,0.0,0.0,0.0,5,26.7,21.7,71,1007.7,62,9.3,-9900,-9900,0.0,0.0
2022,5,20,8,60,0.0,0.0,0.0,0.0,0.0,5,26.3,21.3,72,1007.6,70,9.3,-9900,-9900,0.0,0.0
2022,5,20,9,60,0.0,0.0,0.0,0.0,0.0,5,25.8,20.8,74,1007.4,77,11.1,-9900,-9900,0.0,0.0
2022,5,20,10,60,0.0,0.0,0.0,0.0,0.0,5,25.3,20.3,75,1007.3,83,11.1,-9900,-9900,0.0,0.0
2022,5,20,11,60,0.0,0.0,0.0,0.0,0.0,5,24.9,19.9,77,1007.5,88,11.1,-9900,-9900,0.0,0.0
2022,5,20,12,60,0.0,0.0,0.0,0.0,0.0,5,24.5,19.5,78,1008.0,90,9.3,-9900,-9900,0.0,0.0
2022,5,20,13,60,0.0,0.0,0.0,0.0,0.0,5,24.0,19.0,79,1008.4,92,9.3,-9900,-9900,0.0,0.0
2022,5,20,14,60,0.0,0.0,0.0,0.0,0.0,5,23.9,18.9,79,1008.5,95,9.3,-9900,-9900,0.0,0.0
2022,5,20,15,60,0.0,0.0,0.0,0.0,0.0,5,23.7,18.7,80,1008.5,97,7.4,-9900,-9900,0.0,0.0
2022,5,20,16,60,0.0,0.0,0.0,0.0,0.0,5,23.5,18.5,81,1008.6,100,7.4,-9900,-9900,0.0,0.0
2022,5,20,17,60,0.0,0.0,0.0,0.0,0.0,5,23.3,18.3,79,1008.5,109,7.4,-9900,-9900,0.0,0.0
2022,5,20,18,60,0.0,0.0,0.0,0.0,0.0,5,23.2,18.2,79,1008.2,107,7.4,-9900,-9900,0.0,0.0
2022,5,20,19,60,0.0,0.0,0.0,0.0,0.0,5,23.0,18.0,80,1007.8,104,7.4,-9900,-9900,0.0,0.0
2022,5,20,20,60,0.0,0.0,0.0,0.0,0.0,5,22.8,17.8,81,1007.9,107,5.5,-9900,-9900,0.0,0.0
2022,5,20,21,60,0.0,0.0,0.0,0.0,0.0,5,22.6,17.6,83,1008.0,110,5.5,-9900,-9900,0.0,0.0
2022,5,20,22,60,0.0,0.0,0.0,0.0,0.0,5,22.4,17.4,84,1008.1,113,5.5,-9900,-9900,0.0,0.0
2022,5,20,23,60,0.0,0.0,0.0,0.0,0.0,5,23.1,18.1,83,1008.3,107,9.3,-9900,-9900,0.0,0.0
2022,5,20,24,60,0.0,0.0,0.0,0.0,0.0,5,23.5,18.5,80,1008.9,107,7.4,-9900,-9900,0.0,0.0
2022,5,21,1,60,0.0,0.0,0.0,0.0,0.0,5,23.9,18.9,78,1009.5,108,7.4,-9900,-9900,0.0,0.0
2022,5,21,2,60,0.0,0.0,0.0,0.0,0.0,5,24.2,19.2,77,1009.6,99,7.4,-9900,-9900,0.0,0.0
2022,5,21,3,60,0.0,0.0,0.0,0.0,0.0,5,24.5,19.5,76,1009.6,88,7.4,-9900,-9900,0.0,0.0
2022,5,21,4,60,0.0,0.0,0.0,0.0,0.0,5,24.8,19.8,74,1009.7,75,7.4,-9900,-9900,0.0,0.0
2022,5,21,5,60,0.0,0.0,0.0,0.0,0.0,5,24.1,19.1,79,1009.8,82,11.1,-9900,-9900,0.0,0.0
2022,5,21,6,60,0.0,0.0,0.0,0.0,0.0,5,24.2,19.2,77,1009.4,82,11.1,-9900,-9900,0.0,0.0
2022,5,21,7,60,0.0,0.0,0.0,0.0,0.0,5,24.2,19.2,77,1008.9,82,11.1,-9900,-9900,0.0,0.0
2022,5,21,8,60,0.0,0.0,0.0,0.0,0.0,5,23.9,18.9,77,1008.7,84,11.1,-9900,-9900,0.0,0.0
2022,5,21,9,60,0.0,0.0,0.0,0.0,0.0,5,23.6,18.6,78,1008.6,87,11.1,-9900,-9900,0.0,0.0
2022,5,21,10,60,0.0,0.0,0.0,0.0,0.0,5,23.2,18.2,80,1008.4,89,9.3,-9900,-9900,0.0,0.0
2022,5,21,11,60,0.0,0.0,0.0,0.0,0.0,5,22.9,17.9,80,1009.0,85,11.1,-9900,-9900,0.0,0.0
2022,5,21,12,60,0.0,0.0,0.0,0.0,0.0,5,22.7,17.7,81,1009.2,86,11.1,-9900,-9900,0.0,0.0
2022,5,21,13,60,0.0,0.0,0.0,0.0,0.0,5,22.5,17.5,82,1009.5,87,11.1,-9900,-9900,0.0,0.0
2022,5,21,14,60,0.0,0.0,0.0,0.0,0.0,5,22.6,17.6,82,1009.6,88,11.1,-9900,-9900,0.0,0.0
2022,5,21,15,60,0.0,0.0,0.0,0.0,0.0,5,22.6,17.6,82,1009.6,89,11.1,-9900,-9900,0.0,0.0
2022,5,21,16,60,0.0,0.0,0.0,0.0,0.0,5,22.6,17.6,83,1009.7,90,11.1,-9900,-9900,0.0,0.0
2022,5,21,17,60,0.0,0.0,0.0,0.0,0.0,5,22.5,17.5,84,1009.5,96,13.0,-9900,-9900,0.0,0.0
2022,5,21,18,60,0.0,0.0,0.0,0.0,0.0,5,22.5,17.5,84,1009.1,95,11.1,-9900,-9900,0.0,0.0
2022,5,21,19,60,0.0,0.0,0.0,0.0,0.0,5,22.6,17.6,83,1008.6,94,11.1,-9900,-9900,0.0,0.0
2022,5,21,20,60,0.0,0.0,0.0,0.0,0.0,5,22.5,17.5,85,1008.5,96,9.3,-9900,-9900,0.0,0.0
2022,5,21,21,60,0.0,0.0,0.0,0.0,0.0,5,22.4,17.4,86,1008.4,99,9.3,-9900,-9900,0.0,0.0
2022,5,21,22,60,0.0,0.0,0.0,0.0,0.0,5,22.3,17.3,88,1008.2,102,7.4,-9900,-9900,0.0,0.0
2022,5,21,23,60,0.0,0.0,0.0,0.0,0.0,5,22.0,17.0,90,1008.6,99,11.1,-9900,-9900,0.0,0.0
2022,5,21,24,60,0.0,0.0,0.0,0.0,0.0,5,22.5,17.5,87,1009.0,97,11.1,-9900,-9900,0.0,0.0
2022,5,22,1,60,0.0,0.0,0.0,0.0,0.0,5,23.0,18.0,84,1009.3,94,11.1,-9900,-9900,0.0,0.0
2022,5,22,2,60,0.0,0.0,0.0,0.0,0.0,5,23.7,18.7,80,1009.3,91,13.0,-9900,-9900,0.0,0.0
2022,5,22,3,60,0.0,0.0,0.0,0.0,0.0,5,24.4,19.4,77,1009.3,88,13.0,-9900,-9900,0.0,0.0
2022,5,22,4,60,0.0,0.0,0.0,0.0,0.0,5,25.2,20.2,73,1009.3,86,14.8,-9900,-9900,0.0,0.0
2022,5,22,5,60,0.0,0.0,0.0,0.0,0.0,5,24.4,19.4,78,1008.7,86,14.8,-9900,-9900,0.0,0.0
2022,5,22,6,60,0.0,0.0,0.0,0.0,0.0,5,24.4,19.4,78,1008.4,87,14.8,-9900,-9900,0.0,0.0
2022,5,22,7,60,0.0,0.0,0.0,0.0,0.0,5,24.5,19.5,77,1008.0,88,14.8,-9900,-9900,0.0,0.0
2022,5,22,8,60,0.0,0.0,0.0,0.0,0.0,5,24.3,19.3,78,1008.0,88,14.8,-9900,-9900,0.0,0.0
2022,5,22,9,60,0.0,0.0,0.0,0.0,0.0,5,24.0,19.0,80,1007.9,89,13.0,-9900,-9900,0.0,0.0
2022,5,22,10,60,0.0,0.0,0.0,0.0,0.0,5,23.8,18.8,81,1007.9,90,13.0,-9900,-9900,0.0,0.0
2022,5,22,11,60,0.0,0.0,0.0,0.0,0.0,5,23.6,18.6,83,1008.3,87,13.0,-9900,-9900,0.0,0.0
2022,5,22,12,60,0.0,0.0,0.0,0.0,0.0,5,23.4,18.4,84,1008.8,85,13.0,-9900,-9900,0.0,0.0
2022,5,22,13,60,0.0,0.0,0.0,0.0,0.0,5,23.2,18.2,86,1009.2,83,13.0,-9900,-9900,0.0,0.0
2022,5,22,14,60,0.0,0.0,0.0,0.0,0.0,5,23.2,18.2,88,1009.1,83,11.1,-9900,-9900,0.0,0.0
2022,5,22,15,60,0.0,0.0,0.0,0.0,0.0,5,23.2,18.2,88,1009.0,82,11.1,-9900,-9900,0.0,0.0
2022,5,22,16,60,0.0,0.0,0.0,0.0,0.0,5,23.2,18.2,89,1009.0,82,11.1,-9900,-9900,0.0,0.0
2022,5,22,17,60,0.0,0.0,0.0,0.0,0.0,5,23.0,18.0,89,1008.5,96,11.1,-9900,-9900,0.0,0.0
2022,5,22,18,60,0.0,0.0,0.0,0.0,0.0,5,23.0,18.0,89,1008.0,104,7.4,-9900,-9900,0.0,0.0
2022,5,22,19,60,0.0,0.0,0.0,0.0,0.0,5,23.0,18.0,89,1007.6,117,5.5,-9900,-9900,0.0,0.0
2022,5,22,20,60,0.0,0.0,0.0,0.0,0.0,5,23.0,18.0,89,1007.5,128,5.5,-9900,-9900,0.0,0.0
2022,5,22,21,60,0.0,0.0,0.0,0.0,0.0,5,22.9,17.9,91,1007.5,145,5.5,-9900,-9900,0.0,0.0
2022,5,22,22,60,0.0,0.0,0.0,0.0,0.0,5,22.9,17.9,91,1007.4,169,3.7,-9900,-9900,0.0,0.0
2022,5,22,23,60,0.0,0.0,0.0,0.0,0.0,5,23.7,18.7,91,1007.7,114,7.4,-9900,-9900,0.0,0.0
2022,5,22,24,60,0.0,0.0,0.0,0.0,0.0,5,24.1,19.1,87,1008.1,117,5.5,-9900,-9900,0.0,0.0
2022,5,23,1,60,0.0,0.0,0.0,0.0,0.0,5,24.4,19.4,84,1008.6,122,3.7,-9900,-9900,0.0,0.0
2022,5,23,2,60,0.0,0.0,0.0,0.0,0.0,5,25.0,20.0,82,1008.6,122,5.5,-9900,-9900,0.0,0.0
2022,5,23,3,60,0.0,0.0,0.0,0.0,0.0,5,25.6,20.6,80,1008.7,123,5.5,-9900,-9900,0.0,0.0
2022,5,23,4,60,0.0,0.0,0.0,0.0,0.0,5,26.2,21.2,77,1008.7,293,5.5,-9900,-9900,0.0,0.0
2022,5,23,5,60,0.0,0.0,0.0,0.0,0.0,5,25.7,20.7,81,1008.5,330,3.7,-9900,-9900,0.0,0.0
2022,5,23,6,60,0.0,0.0,0.0,0.0,0.0,5,25.5,20.5,82,1008.4,342,5.5,-9900,-9900,0.0,0.0
2022,5,23,7,60,0.0,0.0,0.0,0.0,0.0,5,25.4,20.4,83,1008.2,350,5.5,-9900,-9900,0.0,0.0
2022,5,23,8,60,0.0,0.0,0.0,0.0,0.0,5,25.1,20.1,83,1008.4,354,5.5,-9900,-9900,0.0,0.0
2022,5,23,9,60,0.0,0.0,0.0,0.0,0.0,5,24.8,19.8,83,1008.5,4,5.5,-9900,-9900,0.0,0.0
2022,5,23,10,60,0.0,0.0,0.0,0.0,0.0,5,24.5,19.5,84,1008.7,33,5.5,-9900,-9900,0.0,0.0
2022,5,23,11,60,0.0,0.0,0.0,0.0,0.0,5,24.0,19.0,85,1009.7,337,5.5,-9900,-9900,0.0,0.0
2022,5,23,12,60,0.0,0.0,0.0,0.0,0.0,5,23.7,18.7,87,1010.0,355,5.5,-9900,-9900,0.0,0.0
2022,5,23,13,60,0.0,0.0,0.0,0.0,0.0,5,23.5,18.5,89,1010.4,30,5.5,-9900,-9900,0.0,0.0
2022,5,23,14,60,0.0,0.0,0.0,0.0,0.0,5,23.4,18.4,90,1010.5,48,5.5,-9900,-9900,0.0,0.0
2022,5,23,15,60,0.0,0.0,0.0,0.0,0.0,5,23.3,18.3,90,1010.5,76,3.7,-9900,-9900,0.0,0.0
2022,5,23,16,60,0.0,0.0,0.0,0.0,0.0,5,23.3,18.3,91,1010.6,104,3.7,-9900,-9900,0.0,0.0
2022,5,23,17,60,0.0,0.0,0.0,0.0,0.0,5,23.2,18.2,91,1010.3,125,5.5,-9900,-9900,0.0,0.0
2022,5,23,18,60,0.0,0.0,0.0,0.0,0.0,5,23.2,18.2,90,1010.1,141,5.5,-9900,-9900,0.0,0.0
2022,5,23,19,60,0.0,0.0,0.0,0.0,0.0,5,23.2,18.2,90,1009.8,152,5.5,-9900,-9900,0.0,0.0
2022,5,23,20,60,0.0,0.0,0.0,0.0,0.0,5,23.1,18.1,91,1009.9,147,5.5,-9900,-9900,0.0,0.0
2022,5,23,21,60,0.0,0.0,0.0,0.0,0.0,5,22.9,17.9,92,1010.0,143,5.5,-9900,-9900,0.0,0.0
2022,5,23,22,60,0.0,0.0,0.0,0.0,0.0,5,22.7,17.7,93,1010.1,139,5.5,-9900,-9900,0.0,0.0
2022,5,23,23,60,0.0,0.0,0.0,0.0,0.0,5,23.2,18.2,90,1010.5,130,5.5,-9900,-9900,0.0,0.0
2022,5,23,24,60,0.0,0.0,0.0,0.0,0.0,5,23.6,18.6,88,1010.9,123,5.5,-9900,-9900,0.0,0.0
2022,5,24,1,60,0.0,0.0,0.0,0.0,0.0,5,24.0,19.0,86,1011.3,116,5.5,-9900,-9900,0.0,0.0
2022,5,24,2,60,0.0,0.0,0.0,0.0,0.0,5,24.7,19.7,82,1011.2,101,5.5,-9900,-9900,0.0,0.0
2022,5,24,3,60,0.0,0.0,0.0,0.0,0.0,5,25.3,20.3,80,1011.2,78,5.5,-9900,-9900,0.0,0.0
2022,5,24,4,60,0.0,0.0,0.0,0.0,0.0,5,26.0,21.0,77,1011.1,51,5.5,-9900,-9900,0.0,0.0
2022,5,24,5,60,0.0,0.0,0.0,0.0,0.0,5,25.8,20.8,78,1010.9,52,5.5,-9900,-9900,0.0,0.0
2022,5,24,6,60,0.0,0.0,0.0,0.0,0.0,5,25.7,20.7,79,1010.6,54,5.5,-9900,-9900,0.0,0.0
2022,5,24,7,60,0.0,0.0,0.0,0.0,0.0,5,25.6,20.6,79,1010.3,54,7.4,-9900,-9900,0.0,0.0
2022,5,24,8,60,0.0,0.0,0.0,0.0,0.0,5,25.1,20.1,81,1010.3,62,7.4,-9900,-9900,0.0,0.0
2022,5,24,9,60,0.0,0.0,0.0,0.0,0.0,5,24.6,19.6,83,1010.2,69,7.4,-9900,-9900,0.0,0.0
2022,5,24,10,60,0.0,0.0,0.0,0.0,0.0,5,24.1,19.1,85,1010.1,75,7.4,-9900,-9900,0.0,0.0
2022,5,24,11,60,0.0,0.0,0.0,0.0,0.0,5,24.5,19.5,84,1010.3,78,7.4,-9900,-9900,0.0,0.0
2022,5,24,12,60,0.0,0.0,0.0,0.0,0.0,5,24.3,19.3,84,1010.6,83,7.4,-9900,-9900,0.0,0.0
2022,5,24,13,60,0.0,0.0,0.0,0.0,0.0,5,23.5,18.5,88,1011.1,90,7.4,-9900,-9900,0.0,0.0
2022,5,24,14,60,0.0,0.0,0.0,0.0,0.0,5,23.5,18.5,88,1011.2,91,5.5,-9900,-9900,0.0,0.0
2022,5,24,15,60,0.0,0.0,0.0,0.0,0.0,5,23.4,18.4,88,1011.2,92,5.5,-9900,-9900,0.0,0.0
2022,5,24,16,60,0.0,0.0,0.0,0.0,0.0,5,23.3,18.3,89,1011.2,94,5.5,-9900,-9900,0.0,0.0
2022,5,24,17,60,0.0,0.0,0.0,0.0,0.0,5,23.3,18.3,89,1010.8,100,5.5,-9900,-9900,0.0,0.0
2022,5,24,18,60,0.0,0.0,0.0,0.0,0.0,5,23.3,18.3,89,1010.3,107,5.5,-9900,-9900,0.0,0.0
2022,5,24,19,60,0.0,0.0,0.0,0.0,0.0,5,23.2,18.2,90,1009.8,115,5.5,-9900,-9900,0.0,0.0
2022,5,24,20,60,0.0,0.0,0.0,0.0,0.0,5,23.1,18.1,90,1009.8,123,3.7,-9900,-9900,0.0,0.0
2022,5,24,21,60,0.0,0.0,0.0,0.0,0.0,5,23.0,18.0,91,1009.8,132,3.7,-9900,-9900,0.0,0.0
2022,5,24,22,60,0.0,0.0,0.0,0.0,0.0,5,22.9,17.9,91,1009.8,143,3.7,-9900,-9900,0.0,0.0
2022,5,24,23,60,0.0,0.0,0.0,0.0,0.0,5,23.4,18.4,89,1009.8,137,3.7,-9900,-9900,0.0,0.0
2022,5,24,24,60,0.0,0.0,0.0,0.0,0.0,5,23.8,18.8,87,1009.9,131,3.7,-9900,-9900,0.0,0.0
2022,5,25,1,60,0.0,0.0,0.0,0.0,0.0,5,24.2,19.2,85,1009.9,124,3.7,-9900,-9900,0.0,0.0
2022,5,25,2,60,0.0,0.0,0.0,0.0,0.0,5,24.9,19.9,82,1009.8,112,3.7,-9900,-9900,0.0,0.0
2022,5,25,3,60,0.0,0.0,0.0,0.0,0.0,5,25.6,20.6,80,1009.7,95,3.7,-9900,-9900,0.0,0.0
2022,5,25,4,60,0.0,0.0,0.0,0.0,0.0,5,26.3,21.3,77,1009.5,73,3.7,-9900,-9900,0.0,0.0
2022,5,25,5,60,0.0,0.0,0.0,0.0,0.0,5,26.4,21.4,76,1009.0,56,5.5,-9900,-9900,0.0,0.0
2022,5,25,6,60,0.0,0.0,0.0,0.0,0.0,5,26.4,21.4,76,1008.4,45,5.5,-9900,-9900,0.0,0.0
2022,5,25,7,60,0.0,0.0,0.0,0.0,0.0,5,26.4,21.4,76,1007.9,39,7.4,-9900,-9900,0.0,0.0
2022,5,25,8,60,0.0,0.0,0.0,0.0,0.0,5,26.1,21.1,78,1007.7,54,7.4,-9900,-9900,0.0,0.0
2022,5,25,9,60,0.0,0.0,0.0,0.0,0.0,5,25.8,20.8,80,1007.6,67,7.4,-9900,-9900,0.0,0.0
2022,5,25,10,60,0.0,0.0,0.0,0.0,0.0,5,25.5,20.5,81,1007.5,77,7.4,-9900,-9900,0.0,0.0
2022,5,25,11,60,0.0,0.0,0.0,0.0,0.0,5,25.2,20.2,83,1007.7,80,7.4,-9900,-9900,0.0,0.0
2022,5,25,12,60,0.0,0.0,0.0,0.0,0.0,5,24.9,19.9,83,1008.0,83,7.4,-9900,-9900,0.0,0.0
2022,5,25,13,60,0.0,0.0,0.0,0.0,0.0,5,24.6,19.6,85,1008.3,85,7.4,-9900,-9900,0.0,0.0
2022,5,25,14,60,0.0,0.0,0.0,0.0,0.0,5,24.6,19.6,85,1008.4,86,7.4,-9900,-9900,0.0,0.0
2022,5,25,15,60,0.0,0.0,0.0,0.0,0.0,5,24.5,19.5,86,1008.5,88,5.5,-9900,-9900,0.0,0.0
2022,5,25,16,60,0.0,0.0,0.0,0.0,0.0,5,24.5,19.5,86,1008.5,89,5.5,-9900,-9900,0.0,0.0
2022,5,25,17,60,0.0,0.0,0.0,0.0,0.0,5,24.2,19.2,87,1008.0,97,5.5,-9900,-9900,0.0,0.0
2022,5,25,18,60,0.0,0.0,0.0,0.0,0.0,5,24.0,19.0,88,1007.6,106,5.5,-9900,-9900,0.0,0.0
2022,5,25,19,60,0.0,0.0,0.0,0.0,0.0,5,23.7,18.7,90,1007.1,115,5.5,-9900,-9900,0.0,0.0
2022,5,25,20,60,0.0,0.0,0.0,0.0,0.0,5,23.7,18.7,89,1006.9,120,5.5,-9900,-9900,0.0,0.0
2022,5,25,21,60,0.0,0.0,0.0,0.0,0.0,5,23.7,18.7,89,1006.8,125,5.5,-9900,-9900,0.0,0.0
2022,5,25,22,60,0.0,0.0,0.0,0.0,0.0,5,23.6,18.6,88,1006.7,132,5.5,-9900,-9900,0.0,0.0
2022,5,25,23,60,0.0,0.0,0.0,0.0,0.0,5,24.0,19.0,87,1006.9,123,5.5,-9900,-9900,0.0,0.0
2022,5,25,24,60,0.0,0.0,0.0,0.0,0.0,5,24.4,19.4,85,1007.1,115,5.5,-9900,-9900,0.0,0.0
2022,5,26,1,60,0.0,0.0,0.0,0.0,0.0,5,24.7,19.7,84,1007.3,107,5.5,-9900,-9900,0.0,0.0
2022,5,26,2,60,0.0,0.0,0.0,0.0,0.0,5,25.5,20.5,82,1007.2,97,5.5,-9900,-9900,0.0,0.0
2022,5,26,3,60,0.0,0.0,0.0,0.0,0.0,5,26.2,21.2,79,1007.1,80,5.5,-9900,-9900,0.0,0.0
2022,5,26,4,60,0.0,0.0,0.0,0.0,0.0,5,26.9,21.9,77,1007.1,53,5.5,-9900,-9900,0.0,0.0
2022,5,26,5,60,0.0,0.0,0.0,0.0,0.0,5,26.8,21.8,77,1006.7,58,5.5,-9900,-9900,0.0,0.0
2022,5,26,6,60,0.0,0.0,0.0,0.0,0.0,5,26.8,21.8,77,1006.4,61,7.4,-9900,-9900,0.0,0.0
2022,5,26,7,60,0.0,0.0,0.0,0.0,0.0,5,26.7,21.7,78,1006.0,63,7.4,-9900,-9900,0.0,0.0
2022,5,26,8,60,0.0,0.0,0.0,0.0,0.0,5,26.2,21.2,80,1005.8,68,7.4,-9900,-9900,0.0,0.0
2022,5,26,9,60,0.0,0.0,0.0,0.0,0.0,5,25.7,20.7,83,1005.6,73,7.4,-9900,-9900,0.0,0.0
2022,5,26,10,60,0.0,0.0,0.0,0.0,0.0,5,25.2,20.2,85,1005.4,80,7.4,-9900,-9900,0.0,0.0
2022,5,26,11,60,0.0,0.0,0.0,0.0,0.0,5,25.0,20.0,85,1005.9,86,7.4,-9900,-9900,0.0,0.0
2022,5,26,12,60,0.0,0.0,0.0,0.0,0.0,5,24.8,19.8,86,1006.3,91,7.4,-9900,-9900,0.0,0.0
2022,5,26,13,60,0.0,0.0,0.0,0.0,0.0,5,24.6,19.6,86,1006.8,94,7.4,-9900,-9900,0.0,0.0
2022,5,26,14,60,0.0,0.0,0.0,0.0,0.0,5,24.5,19.5,86,1006.9,94,7.4,-9900,-9900,0.0,0.0
2022,5,26,15,60,0.0,0.0,0.0,0.0,0.0,5,24.4,19.4,87,1006.9,94,5.5,-9900,-9900,0.0,0.0
2022,5,26,16,60,0.0,0.0,0.0,0.0,0.0,5,24.3,19.3,87,1006.9,94,5.5,-9900,-9900,0.0,0.0
2022,5,26,17,60,0.0,0.0,0.0,0.0,0.0,5,24.2,19.2,87,1006.5,97,5.5,-9900,-9900,0.0,0.0
2022,5,26,18,60,0.0,0.0,0.0,0.0,0.0,5,24.0,19.0,88,1006.1,99,5.5,-9900,-9900,0.0,0.0
2022,5,26,19,60,0.0,0.0,0.0,0.0,0.0,5,23.9,18.9,88,1005.7,101,5.5,-9900,-9900,0.0,0.0
2022,5,26,20,60,0.0,0.0,0.0,0.0,0.0,5,23.8,18.8,89,1005.7,106,5.5,-9900,-9900,0.0,0.0
2022,5,26,21,60,0.0,0.0,0.0,0.0,0.0,5,23.7,18.7,90,1005.7,112,5.5,-9900,-9900,0.0,0.0
2022,5,26,22,60,0.0,0.0,0.0,0.0,0.0,5,23.6,18.6,90,1005.7,121,5.5,-9900,-9900,0.0,0.0
2022,5,26,23,60,0.0,0.0,0.0,0.0,0.0,5,24.0,19.0,88,1006.1,111,5.5,-9900,-9900,0.0,0.0
2022,5,26,24,60,0.0,0.0,0.0,0.0,0.0,5,24.3,19.3,87,1006.4,102,5.5,-9900,-9900,0.0,0.0
2022,5,27,1,60,0.0,0.0,0.0,0.0,0.0,5,24.7,19.7,85,1006.8,94,5.5,-9900,-9900,0.0,0.0
2022,5,27,2,60,0.0,0.0,0.0,0.0,0.0,5,25.2,20.2,83,1006.8,88,5.5,-9900,-9900,0.0,0.0
2022,5,27,3,60,0.0,0.0,0.0,0.0,0.0,5,25.8,20.8,80,1006.9,82,7.4,-9900,-9900,0.0,0.0
2022,5,27,4,60,0.0,0.0,0.0,0.0,0.0,5,26.3,21.3,78,1006.9,78,7.4,-9900,-9900,0.0,0.0
2022,5,27,5,60,0.0,0.0,0.0,0.0,0.0,5,26.2,21.2,78,1006.6,77,7.4,-9900,-9900,0.0,0.0
2022,5,27,6,60,0.0,0.0,0.0,0.0,0.0,5,26.1,21.1,78,1006.4,76,9.3,-9900,-9900,0.0,0.0
2022,5,27,7,60,0.0,0.0,0.0,0.0,0.0,5,25.9,20.9,78,1006.1,75,9.3,-9900,-9900,0.0,0.0
2022,5,27,8,60,0.0,0.0,0.0,0.0,0.0,5,25.6,20.6,80,1006.1,82,9.3,-9900,-9900,0.0,0.0
2022,5,27,9,60,0.0,0.0,0.0,0.0,0.0,5,25.4,20.4,81,1006.0,88,9.3,-9900,-9900,0.0,0.0
2022,5,27,10,60,0.0,0.0,0.0,0.0,0.0,5,25.1,20.1,82,1006.0,94,9.3,-9900,-9900,0.0,0.0
2022,5,27,11,60,0.0,0.0,0.0,0.0,0.0,5,24.9,19.9,83,1006.4,93,9.3,-9900,-9900,0.0,0.0
2022,5,27,12,60,0.0,0.0,0.0,0.0,0.0,5,24.8,19.8,83,1006.8,91,7.4,-9900,-9900,0.0,0.0
2022,5,27,13,60,0.0,0.0,0.0,0.0,0.0,5,24.6,19.6,85,1007.3,89,7.4,-9900,-9900,0.0,0.0
2022,5,27,14,60,0.0,0.0,0.0,0.0,0.0,5,24.6,19.6,85,1007.5,88,7.4,-9900,-9900,0.0,0.0
2022,5,27,15,60,0.0,0.0,0.0,0.0,0.0,5,24.5,19.5,86,1007.7,86,7.4,-9900,-9900,0.0,0.0
2022,5,27,16,60,0.0,0.0,0.0,0.0,0.0,5,24.5,19.5,86,1007.9,84,7.4,-9900,-9900,0.0,0.0
2022,5,27,17,60,0.0,0.0,0.0,0.0,0.0,5,24.3,19.3,87,1007.4,94,7.4,-9900,-9900,0.0,0.0
2022,5,27,18,60,0.0,0.0,0.0,0.0,0.0,5,24.2,19.2,87,1006.9,106,5.5,-9900,-9900,0.0,0.0
2022,5,27,19,60,0.0,0.0,0.0,0.0,0.0,5,24.0,19.0,88,1006.4,118,5.5,-9900,-9900,0.0,0.0
2022,5,27,20,60,0.0,0.0,0.0,0.0,0.0,5,23.9,18.9,87,1006.4,128,5.5,-9900,-9900,0.0,0.0
2022,5,27,21,60,0.0,0.0,0.0,0.0,0.0,5,23.8,18.8,86,1006.3,139,5.5,-9900,-9900,0.0,0.0
2022,5,27,22,60,0.0,0.0,0.0,0.0,0.0,5,23.7,18.7,85,1006.3,152,5.5,-9900,-9900,0.0,0.0
2022,5,27,23,60,0.0,0.0,0.0,0.0,0.0,5,24.3,19.3,84,1006.6,153,5.5,-9900,-9900,0.0,0.0
2022,5,27,24,60,0.0,0.0,0.0,0.0,0.0,5,25.0,20.0,82,1007.0,154,5.5,-9900,-9900,0.0,0.0
2022,5,28,1,60,0.0,0.0,0.0,0.0,0.0,5,25.7,20.7,81,1007.3,155,5.5,-9900,-9900,0.0,0.0
2022,5,28,2,60,0.0,0.0,0.0,0.0,0.0,5,26.8,21.8,76,1007.3,177,5.5,-9900,-9900,0.0,0.0
2022,5,28,3,60,0.0,0.0,0.0,0.0,0.0,5,27.9,22.9,73,1007.3,218,5.5,-9900,-9900,0.0,0.0
2022,5,28,4,60,0.0,0.0,0.0,0.0,0.0,5,29.0,24.0,68,1007.4,254,5.5,-9900,-9900,0.0,0.0
2022,5,28,5,60,0.0,0.0,0.0,0.0,0.0,5,29.1,24.1,69,1006.8,276,5.5,-9900,-9900,0.0,0.0
2022,5,28,6,60,0.0,0.0,0.0,0.0,0.0,5,29.2,24.2,70,1006.2,292,7.4,-9900,-9900,0.0,0.0
2022,5,28,7,60,0.0,0.0,0.0,0.0,0.0,5,29.3,24.3,71,1005.6,303,7.4,-9900,-9900,0.0,0.0
2022,5,28,8,60,0.0,0.0,0.0,0.0,0.0,5,28.9,23.9,72,1005.5,309,7.4,-9900,-9900,0.0,0.0
2022,5,28,9,60,0.0,0.0,0.0,0.0,0.0,5,28.4,23.4,74,1005.4,354,7.4,-9900,-9900,0.0,0.0
2022,5,28,10,60,0.0,0.0,0.0,0.0,0.0,5,28.0,23.0,76,1005.4,97,7.4,-9900,-9900,0.0,0.0
2022,5,28,11,60,0.0,0.0,0.0,0.0,0.0,5,27.7,22.7,77,1005.8,115,7.4,-9900,-9900,0.0,0.0
2022,5,28,12,60,0.0,0.0,0.0,0.0,0.0,5,27.3,22.3,79,1006.2,145,5.5,-9900,-9900,0.0,0.0
2022,5,28,13,60,0.0,0.0,0.0,0.0,0.0,5,27.0,22.0,80,1006.7,178,5.5,-9900,-9900,0.0,0.0
2022,5,28,14,60,0.0,0.0,0.0,0.0,0.0,5,26.8,21.8,81,1006.9,174,5.5,-9900,-9900,0.0,0.0
2022,5,28,15,60,0.0,0.0,0.0,0.0,0.0,5,26.6,21.6,82,1007.1,172,5.5,-9900,-9900,0.0,0.0
2022,5,28,16,60,0.0,0.0,0.0,0.0,0.0,5,26.4,21.4,83,1007.4,172,3.7,-9900,-9900,0.0,0.0
2022,5,28,17,60,0.0,0.0,0.0,0.0,0.0,5,26.2,21.2,84,1006.8,177,3.7,-9900,-9900,0.0,0.0
2022,5,28,18,60,0.0,0.0,0.0,0.0,0.0,5,26.1,21.1,84,1006.2,182,3.7,-9900,-9900,0.0,0.0
2022,5,28,19,60,0.0,0.0,0.0,0.0,0.0,5,25.9,20.9,85,1005.7,185,3.7,-9900,-9900,0.0,0.0
2022,5,28,20,60,0.0,0.0,0.0,0.0,0.0,5,25.7,20.7,86,1005.6,186,3.7,-9900,-9900,0.0,0.0
2022,5,28,21,60,0.0,0.0,0.0,0.0,0.0,5,25.6,20.6,86,1005.5,186,3.7,-9900,-9900,0.0,0.0
2022,5,28,22,60,0.0,0.0,0.0,0.0,0.0,5,25.4,20.4,87,1005.4,186,3.7,-9900,-9900,0.0,0.0
2022,5,28,23,60,0.0,0.0,0.0,0.0,0.0,5,26.2,21.2,84,1005.6,191,3.7,-9900,-9900,0.0,0.0
2022,5,28,24,60,0.0,0.0,0.0,0.0,0.0,5,27.1,22.1,80,1005.9,197,3.7,-9900,-9900,0.0,0.0
2022,5,29,1,60,0.0,0.0,0.0,0.0,0.0,5,27.9,22.9,78,1006.2,205,3.7,-9900,-9900,0.0,0.0
2022,5,29,2,60,0.0,0.0,0.0,0.0,0.0,5,29.3,24.3,72,1006.0,233,5.5,-9900,-9900,0.0,0.0
2022,5,29,3,60,0.0,0.0,0.0,0.0,0.0,5,30.6,25.6,67,1005.7,248,7.4,-9900,-9900,0.0,0.0
2022,5,29,4,60,0.0,0.0,0.0,0.0,0.0,5,31.9,26.9,63,1005.4,257,9.3,-9900,-9900,0.0,0.0
2022,5,29,5,60,0.0,0.0,0.0,0.0,0.0,5,31.9,26.9,64,1005.0,267,9.3,-9900,-9900,0.0,0.0
2022,5,29,6,60,0.0,0.0,0.0,0.0,0.0,5,31.9,26.9,64,1004.5,277,9.3,-9900,-9900,0.0,0.0
2022,5,29,7,60,0.0,0.0,0.0,0.0,0.0,5,32.0,27.0,65,1004.0,286,9.3,-9900,-9900,0.0,0.0
2022,5,29,8,60,0.0,0.0,0.0,0.0,0.0,5,31.4,26.4,67,1003.8,283,9.3,-9900,-9900,0.0,0.0
2022,5,29,9,60,0.0,0.0,0.0,0.0,0.0,5,30.8,25.8,68,1003.5,277,7.4,-9900,-9900,0.0,0.0
2022,5,29,10,60,0.0,0.0,0.0,0.0,0.0,5,30.3,25.3,70,1003.2,265,7.4,-9900,-9900,0.0,0.0
2022,5,29,11,60,0.0,0.0,0.0,0.0,0.0,5,29.8,24.8,72,1003.7,249,5.5,-9900,-9900,0.0,0.0
2022,5,29,12,60,0.0,0.0,0.0,0.0,0.0,5,29.4,24.4,73,1004.2,225,5.5,-9900,-9900,0.0,0.0
2022,5,29,13,60,0.0,0.0,0.0,0.0,0.0,5,29.0,24.0,75,1004.7,198,5.5,-9900,-9900,0.0,0.0
2022,5,29,14,60,0.0,0.0,0.0,0.0,0.0,5,28.7,23.7,76,1005.0,190,5.5,-9900,-9900,0.0,0.0
2022,5,29,15,60,0.0,0.0,0.0,0.0,0.0,5,28.4,23.4,78,1005.3,185,5.5,-9900,-9900,0.0,0.0
2022,5,29,16,60,0.0,0.0,0.0,0.0,0.0,5,28.1,23.1,79,1005.7,181,5.5,-9900,-9900,0.0,0.0
2022,5,29,17,60,0.0,0.0,0.0,0.0,0.0,5,27.8,22.8,79,1005.2,185,5.5,-9900,-9900,0.0,0.0
2022,5,29,18,60,0.0,0.0,0.0,0.0,0.0,5,27.5,22.5,80,1004.7,188,5.5,-9900,-9900,0.0,0.0
2022,5,29,19,60,0.0,0.0,0.0,0.0,0.0,5,27.2,22.2,81,1004.2,190,5.5,-9900,-9900,0.0,0.0
2022,5,29,20,60,0.0,0.0,0.0,0.0,0.0,5,27.0,22.0,81,1004.3,192,5.5,-9900,-9900,0.0,0.0
2022,5,29,21,60,0.0,0.0,0.0,0.0,0.0,5,26.8,21.8,82,1004.4,193,3.7,-9900,-9900,0.0,0.0
2022,5,29,22,60,0.0,0.0,0.0,0.0,0.0,5,26.6,21.6,82,1004.4,195,3.7,-9900,-9900,0.0,0.0
2022,5,29,23,60,0.0,0.0,0.0,0.0,0.0,5,27.3,22.3,79,1004.8,197,3.7,-9900,-9900,0.0,0.0
2022,5,29,24,60,0.0,0.0,0.0,0.0,0.0,5,28.0,23.0,77,1005.1,198,3.7,-9900,-9900,0.0,0.0
2022,5,30,1,60,0.0,0.0,0.0,0.0,0.0,5,28.7,23.7,74,1005.4,200,3.7,-9900,-9900,0.0,0.0
2022,5,30,2,60,0.0,0.0,0.0,0.0,0.0,5,30.0,25.0,70,1005.4,229,5.5,-9900,-9900,0.0,0.0
2022,5,30,3,60,0.0,0.0,0.0,0.0,0.0,5,31.2,26.2,65,1005.4,247,7.4,-9900,-9900,0.0,0.0
2022,5,30,4,60,0.0,0.0,0.0,0.0,0.0,5,32.4,27.4,61,1005.3,257,9.3,-9900,-9900,0.0,0.0
2022,5,30,5,60,0.0,0.0,0.0,0.0,0.0,5,32.4,27.4,61,1004.9,265,9.3,-9900,-9900,0.0,0.0
2022,5,30,6,60,0.0,0.0,0.0,0.0,0.0,5,32.4,27.4,62,1004.4,273,11.1,-9900,-9900,0.0,0.0
2022,5,30,7,60,0.0,0.0,0.0,0.0,0.0,5,32.4,27.4,62,1003.9,280,11.1,-9900,-9900,0.0,0.0
2022,5,30,8,60,0.0,0.0,0.0,0.0,0.0,5,31.6,26.6,65,1003.9,279,9.3,-9900,-9900,0.0,0.0
2022,5,30,9,60,0.0,0.0,0.0,0.0,0.0,5,30.8,25.8,67,1003.9,276,9.3,-9900,-9900,0.0,0.0
2022,5,30,10,60,0.0,0.0,0.0,0.0,0.0,5,30.1,25.1,70,1003.8,272,7.4,-9900,-9900,0.0,0.0
2022,5,30,11,60,0.0,0.0,0.0,0.0,0.0,5,29.6,24.6,72,1004.3,268,7.4,-9900,-9900,0.0,0.0
2022,5,30,12,60,0.0,0.0,0.0,0.0,0.0,5,29.1,24.1,74,1004.7,253,5.5,-9900,-9900,0.0,0.0
2022,5,30,13,60,0.0,0.0,0.0,0.0,0.0,5,28.7,23.7,75,1005.2,134,5.5,-9900,-9900,0.0,0.0
2022,5,30,14,60,0.0,0.0,0.0,0.0,0.0,5,28.4,23.4,77,1005.6,151,5.5,-9900,-9900,0.0,0.0
2022,5,30,15,60,0.0,0.0,0.0,0.0,0.0,5,28.1,23.1,78,1006.0,155,5.5,-9900,-9900,0.0,0.0
2022,5,30,16,60,0.0,0.0,0.0,0.0,0.0,5,27.8,22.8,79,1006.4,156,5.5,-9900,-9900,0.0,0.0
2022,5,30,17,60,0.0,0.0,0.0,0.0,0.0,5,27.6,22.6,79,1006.0,155,5.5,-9900,-9900,0.0,0.0
2022,5,30,18,60,0.0,0.0,0.0,0.0,0.0,5,27.3,22.3,80,1005.7,154,5.5,-9900,-9900,0.0,0.0
2022,5,30,19,60,0.0,0.0,0.0,0.0,0.0,5,27.1,22.1,81,1005.3,153,5.5,-9900,-9900,0.0,0.0
2022,5,30,20,60,0.0,0.0,0.0,0.0,0.0,5,26.9,21.9,81,1005.5,153,5.5,-9900,-9900,0.0,0.0
2022,5,30,21,60,0.0,0.0,0.0,0.0,0.0,5,26.7,21.7,82,1005.7,153,5.5,-9900,-9900,0.0,0.0
2022,5,30,22,60,0.0,0.0,0.0,0.0,0.0,5,26.5,21.5,82,1005.8,153,5.5,-9900,-9900,0.0,0.0
2022,5,30,23,60,0.0,0.0,0.0,0.0,0.0,5,27.2,22.2,79,1006.2,152,5.5,-9900,-9900,0.0,0.0
2022,5,30,24,60,0.0,0.0,0.0,0.0,0.0,5,28.0,23.0,76,1006.6,150,5.5,-9900,-9900,0.0,0.0
2022,5,31,1,60,0.0,0.0,0.0,0.0,0.0,5,28.7,23.7,73,1007.0,147,5.5,-9900,-9900,0.0,0.0
2022,5,31,2,60,0.0,0.0,0.0,0.0,0.0,5,29.8,24.8,69,1006.9,177,5.5,-9900,-9900,0.0,0.0
2022,5,31,3,60,0.0,0.0,0.0,0.0,0.0,5,31.0,26.0,66,1006.9,233,5.5,-9900,-9900,0.0,0.0
2022,5,31,4,60,0.0,0.0,0.0,0.0,0.0,5,32.1,27.1,62,1006.8,263,5.5,-9900,-9900,0.0,0.0
2022,5,31,5,60,0.0,0.0,0.0,0.0,0.0,5,31.9,26.9,63,1006.5,282,7.4,-9900,-9900,0.0,0.0
2022,5,31,6,60,0.0,0.0,0.0,0.0,0.0,5,31.6,26.6,65,1006.1,295,7.4,-9900,-9900,0.0,0.0
2022,5,31,7,60,0.0,0.0,0.0,0.0,0.0,5,31.4,26.4,65,1005.8,303,9.3,-9900,-9900,0.0,0.0
2022,5,31,8,60,0.0,0.0,0.0,0.0,0.0,5,30.6,25.6,68,1005.8,306,7.4,-9900,-9900,0.0,0.0
2022,5,31,9,60,0.0,0.0,0.0,0.0,0.0,5,29.8,24.8,71,1005.8,318,7.4,-9900,-9900,0.0,0.0
2022,5,31,10,60,0.0,0.0,0.0,0.0,0.0,5,29.0,24.0,74,1005.8,50,7.4,-9900,-9900,0.0,0.0
2022,5,31,11,60,0.0,0.0,0.0,0.0,0.0,5,28.6,23.6,75,1006.2,86,7.4,-9900,-9900,0.0,0.0
2022,5,31,12,60,0.0,0.0,0.0,0.0,0.0,5,28.3,23.3,76,1006.7,99,7.4,-9900,-9900,0.0,0.0
2022,5,31,13,60,0.0,0.0,0.0,0.0,0.0,5,27.9,22.9,78,1007.2,105,5.5,-9900,-9900,0.0,0.0
2022,5,31,14,60,0.0,0.0,0.0,0.0,0.0,5,27.7,22.7,78,1007.4,120,5.5,-9900,-9900,0.0,0.0
2022,5,31,15,60,0.0,0.0,0.0,0.0,0.0,5,27.5,22.5,79,1007.7,132,5.5,-9900,-9900,0.0,0.0
2022,5,31,16,60,0.0,0.0,0.0,0.0,0.0,5,27.3,22.3,80,1008.0,140,5.5,-9900,-9900,0.0,0.0
2022,5,31,17,60,0.0,0.0,0.0,0.0,0.0,5,27.1,22.1,81,1007.5,142,5.5,-9900,-9900,0.0,0.0
2022,5,31,18,60,0.0,0.0,0.0,0.0,0.0,5,26.9,21.9,81,1007.1,145,5.5,-9900,-9900,0.0,0.0
2022,5,31,19,60,0.0,0.0,0.0,0.0,0.0,5,26.6,21.6,82,1006.6,147,5.5,-9900,-9900,0.0,0.0
2022,5,31,20,60,0.0,0.0,0.0,0.0,0.0,5,26.5,21.5,82,1006.7,151,5.5,-9900,-9900,0.0,0.0
2022,5,31,21,60,0.0,0.0,0.0,0.0,0.0,5,26.3,21.3,82,1006.8,156,5.5,-9900,-9900,0.0,0.0
2022,5,31,22,60,0.0,0.0,0.0,0.0,0.0,5,26.2,21.2,83,1006.9,160,5.5,-9900,-9900,0.0,0.0
2022,5,31,23,60,0.0,0.0,0.0,0.0,0.0,5,27.0,22.0,79,1007.2,160,3.7,-9900,-9900,0.0,0.0
2022,5,31,24,60,0.0,0.0,0.0,0.0,0.0,5,27.7,22.7,77,1007.6,161,3.7,-9900,-9900,0.0,0.0
2022,6,1,1,60,0.0,0.0,0.0,0.0,0.0,5,28.5,23.5,74,1007.9,162,3.7,-9900,-9900,0.0,0.0
2022,6,1,2,60,0.0,0.0,0.0,0.0,0.0,5,29.9,24.9,69,1007.8,228,3.7,-9900,-9900,0.0,0.0
2022,6,1,3,60,0.0,0.0,0.0,0.0,0.0,5,31.3,26.3,65,1007.7,263,5.5,-9900,-9900,0.0,0.0
2022,6,1,4,60,0.0,0.0,0.0,0.0,0.0,5,32.7,27.7,61,1007.6,274,5.5,-9900,-9900,0.0,0.0
2022,6,1,5,60,0.0,0.0,0.0,0.0,0.0,5,32.6,27.6,61,1007.2,282,7.4,-9900,-9900,0.0,0.0
2022,6,1,6,60,0.0,0.0,0.0,0.0,0.0,5,32.5,27.5,62,1006.8,289,7.4,-9900,-9900,0.0,0.0
2022,6,1,7,60,0.0,0.0,0.0,0.0,0.0,5,32.4,27.4,63,1006.5,295,9.3,-9900,-9900,0.0,0.0
2022,6,1,8,60,0.0,0.0,0.0,0.0,0.0,5,31.7,26.7,65,1006.4,296,9.3,-9900,-9900,0.0,0.0
2022,6,1,9,60,0.0,0.0,0.0,0.0,0.0,5,30.9,25.9,68,1006.3,299,7.4,-9900,-9900,0.0,0.0
2022,6,1,10,60,0.0,0.0,0.0,0.0,0.0,5,30.2,25.2,70,1006.2,328,7.4,-9900,-9900,0.0,0.0
2022,6,1,11,60,0.0,0.0,0.0,0.0,0.0,5,29.7,24.7,72,1006.6,105,7.4,-9900,-9900,0.0,0.0
2022,6,1,12,60,0.0,0.0,0.0,0.0,0.0,5,29.2,24.2,74,1007.0,124,5.5,-9900,-9900,0.0,0.0
2022,6,1,13,60,0.0,0.0,0.0,0.0,0.0,5,28.8,23.8,76,1007.3,128,5.5,-9900,-9900,0.0,0.0
2022,6,1,14,60,0.0,0.0,0.0,0.0,0.0,5,28.5,23.5,77,1007.5,145,5.5,-9900,-9900,0.0,0.0
2022,6,1,15,60,0.0,0.0,0.0,0.0,0.0,5,28.3,23.3,79,1007.6,159,5.5,-9900,-9900,0.0,0.0
2022,6,1,16,60,0.0,0.0,0.0,0.0,0.0,5,28.0,23.0,80,1007.7,169,5.5,-9900,-9900,0.0,0.0
2022,6,1,17,60,0.0,0.0,0.0,0.0,0.0,5,27.7,22.7,81,1007.2,168,5.5,-9900,-9900,0.0,0.0
2022,6,1,18,60,0.0,0.0,0.0,0.0,0.0,5,27.4,22.4,82,1006.7,166,5.5,-9900,-9900,0.0,0.0
2022,6,1,19,60,0.0,0.0,0.0,0.0,0.0,5,27.1,22.1,83,1006.1,165,3.7,-9900,-9900,0.0,0.0
2022,6,1,20,60,0.0,0.0,0.0,0.0,0.0,5,26.9,21.9,83,1006.2,164,3.7,-9900,-9900,0.0,0.0
2022,6,1,21,60,0.0,0.0,0.0,0.0,0.0,5,26.7,21.7,83,1006.3,164,3.7,-9900,-9900,0.0,0.0
2022,6,1,22,60,0.0,0.0,0.0,0.0,0.0,5,26.5,21.5,83,1006.3,163,3.7,-9900,-9900,0.0,0.0
2022,6,1,23,60,0.0,0.0,0.0,0.0,0.0,5,27.2,22.2,81,1006.5,165,5.5,-9900,-9900,0.0,0.0
2022,6,1,24,60,0.0,0.0,0.0,0.0,0.0,5,28.0,23.0,78,1006.7,168,5.5,-9900,-9900,0.0,0.0
2022,6,2,1,60,0.0,0.0,0.0,0.0,0.0,5,28.8,23.8,75,1007.0,172,5.5,-9900,-9900,0.0,0.0
2022,6,2,2,60,0.0,0.0,0.0,0.0,0.0,5,30.1,25.1,71,1006.8,226,5.5,-9900,-9900,0.0,0.0
2022,6,2,3,60,0.0,0.0,0.0,0.0,0.0,5,31.4,26.4,66,1006.7,255,7.4,-9900,-9900,0.0,0.0
2022,6,2,4,60,0.0,0.0,0.0,0.0,0.0,5,32.7,27.7,62,1006.5,266,7.4,-9900,-9900,0.0,0.0
2022,6,2,5,60,0.0,0.0,0.0,0.0,0.0,5,32.5,27.5,62,1006.1,277,9.3,-9900,-9900,0.0,0.0
2022,6,2,6,60,0.0,0.0,0.0,0.0,0.0,5,32.4,27.4,63,1005.7,293,9.3,-9900,-9900,0.0,0.0
2022,6,2,7,60,0.0,0.0,0.0,0.0,0.0,5,32.2,27.2,64,1005.2,314,11.1,-9900,-9900,0.0,0.0
2022,6,2,8,60,0.0,0.0,0.0,0.0,0.0,5,31.5,26.5,65,1005.2,323,9.3,-9900,-9900,0.0,0.0
2022,6,2,9,60,0.0,0.0,0.0,0.0,0.0,5,30.8,25.8,68,1005.1,349,9.3,-9900,-9900,0.0,0.0
2022,6,2,10,60,0.0,0.0,0.0,0.0,0.0,5,30.2,25.2,69,1005.1,59,9.3,-9900,-9900,0.0,0.0
2022,6,2,11,60,0.0,0.0,0.0,0.0,0.0,5,29.8,24.8,71,1005.5,79,9.3,-9900,-9900,0.0,0.0
2022,6,2,12,60,0.0,0.0,0.0,0.0,0.0,5,29.4,24.4,73,1005.8,92,7.4,-9900,-9900,0.0,0.0
2022,6,2,13,60,0.0,0.0,0.0,0.0,0.0,5,28.9,23.9,75,1006.2,100,7.4,-9900,-9900,0.0,0.0
2022,6,2,14,60,0.0,0.0,0.0,0.0,0.0,5,28.7,23.7,76,1006.4,114,7.4,-9900,-9900,0.0,0.0
2022,6,2,15,60,0.0,0.0,0.0,0.0,0.0,5,28.4,23.4,77,1006.7,124,7.4,-9900,-9900,0.0,0.0
2022,6,2,16,60,0.0,0.0,0.0,0.0,0.0,5,28.2,23.2,77,1006.9,132,7.4,-9900,-9900,0.0,0.0
2022,6,2,17,60,0.0,0.0,0.0,0.0,0.0,5,28.2,23.2,77,1006.9,0,2.0,-9900,-9900,0.0,0.0
2022,6,2,18,60,0.0,0.0,0.0,0.0,0.0,5,28.2,23.2,77,1006.9,0,2.0,-9900,-9900,0.0,0.0
2022,6,2,19,60,0.0,0.0,0.0,0.0,0.0,5,28.2,23.2,77,1006.9,0,2.0,-9900,-9900,0.0,0.0
2022,6,2,20,60,0.0,0.0,0.0,0.0,0.0,5,28.2,23.2,77,1006.9,0,2.0,-9900,-9900,0.0,0.0
2022,6,2,21,60,0.0,0.0,0.0,0.0,0.0,5,28.2,23.2,77,1006.9,0,2.0,-9900,-9900,0.0,0.0
2022,6,2,22,60,0.0,0.0,0.0,0.0,0.0,5,28.2,23.2,77,1006.9,0,2.0,-9900,-9900,0.0,0.0
2022,6,2,23,60,0.0,0.0,0.0,0.0,0.0,5,28.2,23.2,77,1006.9,0,2.0,-9900,-9900,0.0,0.0
2022,6,2,24,60,0.0,0.0,0.0,0.0,0.0,5,28.2,23.2,77,1006.9,0,2.0,-9900,-9900,0.0,0.0
2022,6,3,1,60,0.0,0.0,0.0,0.0,0.0,5,28.2,23.2,77,1006.9,0,2.0,-9900,-9900,0.0,0.0
2022,6,3,2,60,0.0,0.0,0.0,0.0,0.0,5,28.2,23.2,77,1006.9,0,2.0,-9900,-9900,0.0,0.0
2022,6,3,3,60,0.0,0.0,0.0,0.0,0.0,5,28.2,23.2,77,1006.9,0,2.0,-9900,-9900,0.0,0.0
2022,6,3,4,60,0.0,0.0,0.0,0.0,0.0,5,28.2,23.2,77,1006.9,0,2.0,-9900,-9900,0.0,0.0
2022,6,3,5,60,0.0,0.0,0.0,0.0,0.0,5,28.2,23.2,77,1006.9,0,2.0,-9900,-9900,0.0,0.0
2022,6,3,6,60,0.0,0.0,0.0,0.0,0.0,5,28.1,23.1,77,1006.9,0,2.0,-9900,-9900,0.0,0.0
2022,6,3,7,60,0.0,0.0,0.0,0.0,0.0,5,28.1,23.1,77,1006.9,0,2.0,-9900,-9900,0.0,0.0
2022,6,3,8,60,0.0,0.0,0.0,0.0,0.0,5,28.1,23.1,77,1006.9,0,2.0,-9900,-9900,0.0,0.0
2022,6,3,9,60,0.0,0.0,0.0,0.0,0.0,5,28.1,23.1,77,1006.9,0,2.0,-9900,-9900,0.0,0.0
2022,6,3,10,60,0.0,0.0,0.0,0.0,0.0,5,28.1,23.1,77,1006.9,0,2.0,-9900,-9900,0.0,0.0
2022,6,3,11,60,0.0,0.0,0.0,0.0,0.0,5,28.1,23.1,77,1006.9,0,2.0,-9900,-9900,0.0,0.0
2022,6,3,12,60,0.0,0.0,0.0,0.0,0.0,5,28.1,23.1,77,1006.9,0,2.0,-9900,-9900,0.0,0.0
2022,6,3,13,60,0.0,0.0,0.0,0.0,0.0,5,28.1,23.1,77,1006.9,0,2.0,-9900,-9900,0.0,0.0
2022,6,3,14,60,0.0,0.0,0.0,0.0,0.0,5,28.1,23.1,77,1006.9,0,2.0,-9900,-9900,0.0,0.0
2022,6,3,15,60,0.0,0.0,0.0,0.0,0.0,5,28.1,23.1,77,1006.8,0,2.0,-9900,-9900,0.0,0.0
2022,6,3,16,60,0.0,0.0,0.0,0.0,0.0,5,28.1,23.1,77,1006.8,0,2.0,-9900,-9900,0.0,0.0
2022,6,3,17,60,0.0,0.0,0.0,0.0,0.0,5,28.1,23.1,77,1006.8,0,2.0,-9900,-9900,0.0,0.0
2022,6,3,18,60,0.0,0.0,0.0,0.0,0.0,5,28.1,23.1,77,1006.8,0,2.0,-9900,-9900,0.0,0.0
2022,6,3,19,60,0.0,0.0,0.0,0.0,0.0,5,28.1,23.1,77,1006.8,0,2.0,-9900,-9900,0.0,0.0
2022,6,3,20,60,0.0,0.0,0.0,0.0,0.0,5,28.1,23.1,77,1006.8,0,2.0,-9900,-9900,0.0,0.0
2022,6,3,21,60,0.0,0.0,0.0,0.0,0.0,5,28.1,23.1,77,1006.8,0,2.0,-9900,-9900,0.0,0.0
2022,6,3,22,60,0.0,0.0,0.0,0.0,0.0,5,28.1,23.1,77,1006.8,0,2.0,-9900,-9900,0.0,0.0
2022,6,3,23,60,0.0,0.0,0.0,0.0,0.0,5,28.1,23.1,77,1006.8,0,2.0,-9900,-9900,0.0,0.0
2022,6,3,24,60,0.0,0.0,0.0,0.0,0.0,5,28.1,23.1,77,1006.8,0,2.0,-9900,-9900,0.0,0.0
2022,6,4,1,60,0.0,0.0,0.0,0.0,0.0,5,28.1,23.1,77,1006.8,0,2.0,-9900,-9900,0.0,0.0
2022,6,4,2,60,0.0,0.0,0.0,0.0,0.0,5,28.0,23.0,77,1006.8,0,2.0,-9900,-9900,0.0,0.0
2022,6,4,3,60,0.0,0.0,0.0,0.0,0.0,5,28.0,23.0,77,1006.8,0,2.0,-9900,-9900,0.0,0.0
2022,6,4,4,60,0.0,0.0,0.0,0.0,0.0,5,28.0,23.0,77,1006.8,0,2.0,-9900,-9900,0.0,0.0
2022,6,4,5,60,0.0,0.0,0.0,0.0,0.0,5,28.0,23.0,78,1006.8,0,2.0,-9900,-9900,0.0,0.0
2022,6,4,6,60,0.0,0.0,0.0,0.0,0.0,5,28.0,23.0,78,1006.8,0,2.0,-9900,-9900,0.0,0.0
2022,6,4,7,60,0.0,0.0,0.0,0.0,0.0,5,28.0,23.0,78,1006.8,0,2.0,-9900,-9900,0.0,0.0
2022,6,4,8,60,0.0,0.0,0.0,0.0,0.0,5,28.0,23.0,78,1006.8,0,2.0,-9900,-9900,0.0,0.0
2022,6,4,9,60,0.0,0.0,0.0,0.0,0.0,5,28.0,23.0,78,1006.8,0,2.0,-9900,-9900,0.0,0.0
2022,6,4,10,60,0.0,0.0,0.0,0.0,0.0,5,28.0,23.0,78,1006.8,0,2.0,-9900,-9900,0.0,0.0
2022,6,4,11,60,0.0,0.0,0.0,0.0,0.0,5,28.0,23.0,78,1006.8,0,2.0,-9900,-9900,0.0,0.0
2022,6,4,12,60,0.0,0.0,0.0,0.0,0.0,5,28.0,23.0,78,1006.8,0,2.0,-9900,-9900,0.0,0.0
2022,6,4,13,60,0.0,0.0,0.0,0.0,0.0,5,28.0,23.0,78,1006.8,0,2.0,-9900,-9900,0.0,0.0
2022,6,4,14,60,0.0,0.0,0.0,0.0,0.0,5,28.0,23.0,78,1006.8,0,2.0,-9900,-9900,0.0,0.0
2022,6,4,15,60,0.0,0.0,0.0,0.0,0.0,5,28.0,23.0,78,1006.8,0,2.0,-9900,-9900,0.0,0.0
2022,6,4,16,60,0.0,0.0,0.0,0.0,0.0,5,28.0,23.0,78,1006.8,0,2.0,-9900,-9900,0.0,0.0
2022,6,4,17,60,0.0,0.0,0.0,0.0,0.0,5,28.0,23.0,78,1006.8,0,2.0,-9900,-9900,0.0,0.0
2022,6,4,18,60,0.0,0.0,0.0,0.0,0.0,5,28.0,23.0,78,1006.8,0,2.0,-9900,-9900,0.0,0.0
2022,6,4,19,60,0.0,0.0,0.0,0.0,0.0,5,28.0,23.0,78,1006.8,0,2.0,-9900,-9900,0.0,0.0
2022,6,4,20,60,0.0,0.0,0.0,0.0,0.0,5,28.0,23.0,78,1006.8,0,2.0,-9900,-9900,0.0,0.0
2022,6,4,21,60,0.0,0.0,0.0,0.0,0.0,5,28.0,23.0,78,1006.8,0,2.0,-9900,-9900,0.0,0.0
2022,6,4,22,60,0.0,0.0,0.0,0.0,0.0,5,28.0,23.0,78,1006.8,0,2.0,-9900,-9900,0.0,0.0
2022,6,4,23,60,0.0,0.0,0.0,0.0,0.0,5,27.9,22.9,78,1006.8,0,2.0,-9900,-9900,0.0,0.0
2022,6,4,24,60,0.0,0.0,0.0,0.0,0.0,5,27.9,22.9,78,1006.8,0,2.0,-9900,-9900,0.0,0.0
2022,6,5,1,60,0.0,0.0,0.0,0.0,0.0,5,27.9,22.9,78,1006.8,0,2.0,-9900,-9900,0.0,0.0
2022,6,5,2,60,0.0,0.0,0.0,0.0,0.0,5,27.9,22.9,78,1006.8,0,2.0,-9900,-9900,0.0,0.0
2022,6,5,3,60,0.0,0.0,0.0,0.0,0.0,5,27.9,22.9,78,1006.8,0,2.0,-9900,-9900,0.0,0.0
2022,6,5,4,60,0.0,0.0,0.0,0.0,0.0,5,27.9,22.9,78,1006.8,0,2.0,-9900,-9900,0.0,0.0
2022,6,5,5,60,0.0,0.0,0.0,0.0,0.0,5,27.9,22.9,78,1006.7,0,2.0,-9900,-9900,0.0,0.0
2022,6,5,6,60,0.0,0.0,0.0,0.0,0.0,5,27.9,22.9,78,1006.7,0,2.0,-9900,-9900,0.0,0.0
2022,6,5,7,60,0.0,0.0,0.0,0.0,0.0,5,27.9,22.9,78,1006.7,0,2.0,-9900,-9900,0.0,0.0
2022,6,5,8,60,0.0,0.0,0.0,0.0,0.0,5,27.9,22.9,78,1006.7,0,2.0,-9900,-9900,0.0,0.0
2022,6,5,9,60,0.0,0.0,0.0,0.0,0.0,5,27.9,22.9,78,1006.7,0,2.0,-9900,-9900,0.0,0.0
2022,6,5,10,60,0.0,0.0,0.0,0.0,0.0,5,27.9,22.9,78,1006.7,0,2.0,-9900,-9900,0.0,0.0
2022,6,5,11,60,0.0,0.0,0.0,0.0,0.0,5,27.9,22.9,78,1006.7,0,2.0,-9900,-9900,0.0,0.0
2022,6,5,12,60,0.0,0.0,0.0,0.0,0.0,5,27.9,22.9,78,1006.7,0,2.0,-9900,-9900,0.0,0.0
2022,6,5,13,60,0.0,0.0,0.0,0.0,0.0,5,27.9,22.9,78,1006.7,0,2.0,-9900,-9900,0.0,0.0
2022,6,5,14,60,0.0,0.0,0.0,0.0,0.0,5,27.9,22.9,78,1006.7,0,2.0,-9900,-9900,0.0,0.0
2022,6,5,15,60,0.0,0.0,0.0,0.0,0.0,5,27.9,22.9,78,1006.7,0,2.0,-9900,-9900,0.0,0.0
2022,6,5,16,60,0.0,0.0,0.0,0.0,0.0,5,27.9,22.9,78,1006.7,0,2.0,-9900,-9900,0.0,0.0
2022,6,5,17,60,0.0,0.0,0.0,0.0,0.0,5,27.9,22.9,78,1006.7,0,2.0,-9900,-9900,0.0,0.0
2022,6,5,18,60,0.0,0.0,0.0,0.0,0.0,5,27.9,22.9,78,1006.7,0,2.0,-9900,-9900,0.0,0.0
2022,6,5,19,60,0.0,0.0,0.0,0.0,0.0,5,27.9,22.9,78,1006.7,0,2.0,-9900,-9900,0.0,0.0
2022,6,5,20,60,0.0,0.0,0.0,0.0,0.0,5,27.8,22.8,78,1006.7,0,2.0,-9900,-9900,0.0,0.0
2022,6,5,21,60,0.0,0.0,0.0,0.0,0.0,5,27.8,22.8,78,1006.7,0,2.0,-9900,-9900,0.0,0.0
2022,6,5,22,60,0.0,0.0,0.0,0.0,0.0,5,27.8,22.8,78,1006.7,0,2.0,-9900,-9900,0.0,0.0
2022,6,5,23,60,0.0,0.0,0.0,0.0,0.0,5,27.8,22.8,78,1006.7,0,2.0,-9900,-9900,0.0,0.0
2022,6,5,24,60,0.0,0.0,0.0,0.0,0.0,5,27.8,22.8,78,1006.7,0,2.0,-9900,-9900,0.0,0.0
2022,6,6,1,60,0.0,0.0,0.0,0.0,0.0,5,27.8,22.8,78,1006.7,0,2.0,-9900,-9900,0.0,0.0
2022,6,6,2,60,0.0,0.0,0.0,0.0,0.0,5,27.8,22.8,78,1006.7,0,2.0,-9900,-9900,0.0,0.0
2022,6,6,3,60,0.0,0.0,0.0,0.0,0.0,5,27.8,22.8,78,1006.7,0,2.0,-9900,-9900,0.0,0.0
2022,6,6,4,60,0.0,0.0,0.0,0.0,0.0,5,27.8,22.8,78,1006.7,0,2.0,-9900,-9900,0.0,0.0
2022,6,6,5,60,0.0,0.0,0.0,0.0,0.0,5,27.8,22.8,78,1006.7,0,2.0,-9900,-9900,0.0,0.0
2022,6,6,6,60,0.0,0.0,0.0,0.0,0.0,5,27.8,22.8,78,1006.7,0,2.0,-9900,-9900,0.0,0.0
2022,6,6,7,60,0.0,0.0,0.0,0.0,0.0,5,27.8,22.8,78,1006.7,0,2.0,-9900,-9900,0.0,0.0
2022,6,6,8,60,0.0,0.0,0.0,0.0,0.0,5,27.8,22.8,78,1006.7,0,2.0,-9900,-9900,0.0,0.0
2022,6,6,9,60,0.0,0.0,0.0,0.0,0.0,5,27.8,22.8,78,1006.7,0,2.0,-9900,-9900,0.0,0.0
2022,6,6,10,60,0.0,0.0,0.0,0.0,0.0,5,27.8,22.8,78,1006.7,0,2.0,-9900,-9900,0.0,0.0
2022,6,6,11,60,0.0,0.0,0.0,0.0,0.0,5,27.8,22.8,78,1006.7,0,2.0,-9900,-9900,0.0,0.0
2022,6,6,12,60,0.0,0.0,0.0,0.0,0.0,5,27.8,22.8,78,1006.7,0,2.0,-9900,-9900,0.0,0.0
2022,6,6,13,60,0.0,0.0,0.0,0.0,0.0,5,27.8,22.8,78,1006.7,0,2.0,-9900,-9900,0.0,0.0
2022,6,6,14,60,0.0,0.0,0.0,0.0,0.0,5,27.8,22.8,78,1006.7,0,2.0,-9900,-9900,0.0,0.0
2022,6,6,15,60,0.0,0.0,0.0,0.0,0.0,5,27.8,22.8,78,1006.7,0,2.0,-9900,-9900,0.0,0.0
2022,6,6,16,60,0.0,0.0,0.0,0.0,0.0,5,27.7,22.7,78,1006.7,0,2.0,-9900,-9900,0.0,0.0
2022,6,6,17,60,0.0,0.0,0.0,0.0,0.0,5,27.7,22.7,78,1006.7,0,2.0,-9900,-9900,0.0,0.0
2022,6,6,18,60,0.0,0.0,0.0,0.0,0.0,5,27.7,22.7,78,1006.7,0,2.0,-9900,-9900,0.0,0.0
2022,6,6,19,60,0.0,0.0,0.0,0.0,0.0,5,27.7,22.7,78,1006.6,0,2.0,-9900,-9900,0.0,0.0
2022,6,6,20,60,0.0,0.0,0.0,0.0,0.0,5,27.7,22.7,78,1006.6,0,2.0,-9900,-9900,0.0,0.0
2022,6,6,21,60,0.0,0.0,0.0,0.0,0.0,5,27.7,22.7,78,1006.6,0,2.0,-9900,-9900,0.0,0.0
2022,6,6,22,60,0.0,0.0,0.0,0.0,0.0,5,27.7,22.7,78,1006.6,0,2.0,-9900,-9900,0.0,0.0
2022,6,6,23,60,0.0,0.0,0.0,0.0,0.0,5,27.7,22.7,78,1006.6,0,2.0,-9900,-9900,0.0,0.0
2022,6,6,24,60,0.0,0.0,0.0,0.0,0.0,5,27.7,22.7,79,1006.6,0,2.0,-9900,-9900,0.0,0.0
2022,6,7,1,60,0.0,0.0,0.0,0.0,0.0,5,27.7,22.7,79,1006.6,0,2.0,-9900,-9900,0.0,0.0
2022,6,7,2,60,0.0,0.0,0.0,0.0,0.0,5,27.7,22.7,79,1006.6,0,2.0,-9900,-9900,0.0,0.0
2022,6,7,3,60,0.0,0.0,0.0,0.0,0.0,5,27.7,22.7,79,1006.6,0,2.0,-9900,-9900,0.0,0.0
2022,6,7,4,60,0.0,0.0,0.0,0.0,0.0,5,27.7,22.7,79,1006.6,0,2.0,-9900,-9900,0.0,0.0
2022,6,7,5,60,0.0,0.0,0.0,0.0,0.0,5,27.7,22.7,79,1006.6,0,2.0,-9900,-9900,0.0,0.0
2022,6,7,6,60,0.0,0.0,0.0,0.0,0.0,5,27.7,22.7,79,1006.6,0,2.0,-9900,-9900,0.0,0.0
2022,6,7,7,60,0.0,0.0,0.0,0.0,0.0,5,27.7,22.7,79,1006.6,0,2.0,-9900,-9900,0.0,0.0
2022,6,7,8,60,0.0,0.0,0.0,0.0,0.0,5,27.7,22.7,79,1006.6,0,2.0,-9900,-9900,0.0,0.0
2022,6,7,9,60,0.0,0.0,0.0,0.0,0.0,5,27.7,22.7,79,1006.6,0,2.0,-9900,-9900,0.0,0.0
2022,6,7,10,60,0.0,0.0,0.0,0.0,0.0,5,27.7,22.7,79,1006.6,0,2.0,-9900,-9900,0.0,0.0
2022,6,7,11,60,0.0,0.0,0.0,0.0,0.0,5,27.7,22.7,79,1006.6,0,2.0,-9900,-9900,0.0,0.0
2022,6,7,12,60,0.0,0.0,0.0,0.0,0.0,5,27.7,22.7,79,1006.6,0,2.0,-9900,-9900,0.0,0.0
2022,6,7,13,60,0.0,0.0,0.0,0.0,0.0,5,27.6,22.6,79,1006.6,0,2.0,-9900,-9900,0.0,0.0
2022,6,7,14,60,0.0,0.0,0.0,0.0,0.0,5,27.6,22.6,79,1006.6,0,2.0,-9900,-9900,0.0,0.0
2022,6,7,15,60,0.0,0.0,0.0,0.0,0.0,5,27.6,22.6,79,1006.6,0,2.0,-9900,-9900,0.0,0.0
2022,6,7,16,60,0.0,0.0,0.0,0.0,0.0,5,27.6,22.6,79,1006.6,0,2.0,-9900,-9900,0.0,0.0
2022,6,7,17,60,0.0,0.0,0.0,0.0,0.0,5,27.6,22.6,79,1006.6,0,2.0,-9900,-9900,0.0,0.0
2022,6,7,18,60,0.0,0.0,0.0,0.0,0.0,5,27.6,22.6,79,1006.6,0,2.0,-9900,-9900,0.0,0.0
2022,6,7,19,60,0.0,0.0,0.0,0.0,0.0,5,27.6,22.6,79,1006.6,0,2.0,-9900,-9900,0.0,0.0
2022,6,7,20,60,0.0,0.0,0.0,0.0,0.0,5,27.6,22.6,79,1006.6,0,2.0,-9900,-9900,0.0,0.0
2022,6,7,21,60,0.0,0.0,0.0,0.0,0.0,5,27.6,22.6,79,1006.6,0,2.0,-9900,-9900,0.0,0.0
2022,6,7,22,60,0.0,0.0,0.0,0.0,0.0,5,27.6,22.6,79,1006.6,0,2.0,-9900,-9900,0.0,0.0
2022,6,7,23,60,0.0,0.0,0.0,0.0,0.0,5,27.6,22.6,79,1006.6,0,2.0,-9900,-9900,0.0,0.0
2022,6,7,24,60,0.0,0.0,0.0,0.0,0.0,5,27.6,22.6,79,1006.6,0,2.0,-9900,-9900,0.0,0.0
2022,6,8,1,60,0.0,0.0,0.0,0.0,0.0,5,27.6,22.6,79,1006.6,0,2.0,-9900,-9900,0.0,0.0
2022,6,8,2,60,0.0,0.0,0.0,0.0,0.0,5,27.6,22.6,79,1006.6,0,2.0,-9900,-9900,0.0,0.0
2022,6,8,3,60,0.0,0.0,0.0,0.0,0.0,5,27.6,22.6,79,1006.6,0,2.0,-9900,-9900,0.0,0.0
2022,6,8,4,60,0.0,0.0,0.0,0.0,0.0,5,27.6,22.6,79,1006.6,0,2.0,-9900,-9900,0.0,0.0
2022,6,8,5,60,0.0,0.0,0.0,0.0,0.0,5,27.6,22.6,79,1006.6,0,2.0,-9900,-9900,0.0,0.0
2022,6,8,6,60,0.0,0.0,0.0,0.0,0.0,5,27.6,22.6,79,1006.6,0,2.0,-9900,-9900,0.0,0.0
2022,6,8,7,60,0.0,0.0,0.0,0.0,0.0,5,27.6,22.6,79,1006.6,0,2.0,-9900,-9900,0.0,0.0
2022,6,8,8,60,0.0,0.0,0.0,0.0,0.0,5,27.6,22.6,79,1006.6,0,2.0,-9900,-9900,0.0,0.0
2022,6,8,9,60,0.0,0.0,0.0,0.0,0.0,5,27.6,22.5,79,1006.6,0,2.0,-9900,-9900,0.0,0.0
2022,6,8,10,60,0.0,0.0,0.0,0.0,0.0,5,27.5,22.5,79,1006.5,0,2.0,-9900,-9900,0.0,0.0
2022,6,8,11,60,0.0,0.0,0.0,0.0,0.0,5,27.5,22.5,79,1006.5,0,2.0,-9900,-9900,0.0,0.0
2022,6,8,12,60,0.0,0.0,0.0,0.0,0.0,5,27.5,22.5,79,1006.5,0,2.0,-9900,-9900,0.0,0.0
2022,6,8,13,60,0.0,0.0,0.0,0.0,0.0,5,27.5,22.5,79,1006.5,0,2.0,-9900,-9900,0.0,0.0
2022,6,8,14,60,0.0,0.0,0.0,0.0,0.0,5,27.5,22.5,79,1006.5,0,2.0,-9900,-9900,0.0,0.0
2022,6,8,15,60,0.0,0.0,0.0,0.0,0.0,5,27.5,22.5,79,1006.5,0,2.0,-9900,-9900,0.0,0.0
2022,6,8,16,60,0.0,0.0,0.0,0.0,0.0,5,27.5,22.5,79,1006.5,0,2.0,-9900,-9900,0.0,0.0
2022,6,8,17,60,0.0,0.0,0.0,0.0,0.0,5,27.5,22.5,79,1006.5,0,2.0,-9900,-9900,0.0,0.0
2022,6,8,18,60,0.0,0.0,0.0,0.0,0.0,5,27.5,22.5,79,1006.5,0,2.0,-9900,-9900,0.0,0.0
2022,6,8,19,60,0.0,0.0,0.0,0.0,0.0,5,27.5,22.5,79,1006.5,0,2.0,-9900,-9900,0.0,0.0
2022,6,8,20,60,0.0,0.0,0.0,0.0,0.0,5,27.5,22.5,79,1006.5,0,2.0,-9900,-9900,0.0,0.0
2022,6,8,21,60,0.0,0.0,0.0,0.0,0.0,5,27.5,22.5,79,1006.5,0,2.0,-9900,-9900,0.0,0.0
2022,6,8,22,60,0.0,0.0,0.0,0.0,0.0,5,27.5,22.5,79,1006.5,0,2.0,-9900,-9900,0.0,0.0
2022,6,8,23,60,0.0,0.0,0.0,0.0,0.0,5,27.5,22.5,79,1006.5,0,2.0,-9900,-9900,0.0,0.0
2022,6,8,24,60,0.0,0.0,0.0,0.0,0.0,5,27.5,22.5,79,1006.5,0,2.0,-9900,-9900,0.0,0.0
2022,6,9,1,60,0.0,0.0,0.0,0.0,0.0,5,27.5,22.5,79,1006.5,0,2.0,-9900,-9900,0.0,0.0
2022,6,9,2,60,0.0,0.0,0.0,0.0,0.0,5,27.5,22.5,79,1006.5,0,2.0,-9900,-9900,0.0,0.0
2022,6,9,3,60,0.0,0.0,0.0,0.0,0.0,5,27.5,22.5,79,1006.5,0,2.0,-9900,-9900,0.0,0.0
2022,6,9,4,60,0.0,0.0,0.0,0.0,0.0,5,27.5,22.5,79,1006.5,0,2.0,-9900,-9900,0.0,0.0
2022,6,9,5,60,0.0,0.0,0.0,0.0,0.0,5,27.5,22.5,79,1006.5,0,2.0,-9900,-9900,0.0,0.0
2022,6,9,6,60,0.0,0.0,0.0,0.0,0.0,5,27.4,22.4,79,1006.5,0,2.0,-9900,-9900,0.0,0.0
2022,6,9,7,60,0.0,0.0,0.0,0.0,0.0,5,27.4,22.4,79,1006.5,0,2.0,-9900,-9900,0.0,0.0
2022,6,9,8,60,0.0,0.0,0.0,0.0,0.0,5,27.4,22.4,79,1006.5,0,2.0,-9900,-9900,0.0,0.0
2022,6,9,9,60,0.0,0.0,0.0,0.0,0.0,5,27.4,22.4,79,1006.5,0,2.0,-9900,-9900,0.0,0.0
2022,6,9,10,60,0.0,0.0,0.0,0.0,0.0,5,27.4,22.4,79,1006.5,0,2.0,-9900,-9900,0.0,0.0
2022,6,9,11,60,0.0,0.0,0.0,0.0,0.0,5,27.4,22.4,79,1006.5,0,2.0,-9900,-9900,0.0,0.0
2022,6,9,12,60,0.0,0.0,0.0,0.0,0.0,5,27.4,22.4,79,1006.5,0,2.0,-9900,-9900,0.0,0.0
2022,6,9,13,60,0.0,0.0,0.0,0.0,0.0,5,27.4,22.4,79,1006.5,0,2.0,-9900,-9900,0.0,0.0
2022,6,9,14,60,0.0,0.0,0.0,0.0,0.0,5,27.4,22.4,79,1006.5,0,2.0,-9900,-9900,0.0,0.0
2022,6,9,15,60,0.0,0.0,0.0,0.0,0.0,5,27.4,22.4,79,1006.5,0,2.0,-9900,-9900,0.0,0.0
2022,6,9,16,60,0.0,0.0,0.0,0.0,0.0,5,27.4,22.4,79,1006.5,0,2.0,-9900,-9900,0.0,0.0
2022,6,9,17,60,0.0,0.0,0.0,0.0,0.0,5,27.4,22.4,79,1006.5,0,2.0,-9900,-9900,0.0,0.0
2022,6,9,18,60,0.0,0.0,0.0,0.0,0.0,5,27.4,22.4,79,1006.5,0,2.0,-9900,-9900,0.0,0.0
2022,6,9,19,60,0.0,0.0,0.0,0.0,0.0,5,27.4,22.4,80,1006.5,0,2.0,-9900,-9900,0.0,0.0
2022,6,9,20,60,0.0,0.0,0.0,0.0,0.0,5,27.4,22.4,80,1006.5,0,2.0,-9900,-9900,0.0,0.0
2022,6,9,21,60,0.0,0.0,0.0,0.0,0.0,5,27.4,22.4,80,1006.5,0,2.0,-9900,-9900,0.0,0.0
2022,6,9,22,60,0.0,0.0,0.0,0.0,0.0,5,27.4,22.4,80,1006.5,0,2.0,-9900,-9900,0.0,0.0
2022,6,9,23,60,0.0,0.0,0.0,0.0,0.0,5,27.4,22.4,80,1006.5,0,2.0,-9900,-9900,0.0,0.0
2022,6,9,24,60,0.0,0.0,0.0,0.0,0.0,5,27.4,22.4,80,1006.4,0,2.0,-9900,-9900,0.0,0.0
2022,6,10,1,60,0.0,0.0,0.0,0.0,0.0,5,27.4,22.4,80,1006.4,0,2.0,-9900,-9900,0.0,0.0
2022,6,10,2,60,0.0,0.0,0.0,0.0,0.0,5,27.4,22.4,80,1006.4,0,2.0,-9900,-9900,0.0,0.0
2022,6,10,3,60,0.0,0.0,0.0,0.0,0.0,5,27.3,22.3,80,1006.4,0,2.0,-9900,-9900,0.0,0.0
2022,6,10,4,60,0.0,0.0,0.0,0.0,0.0,5,27.3,22.3,80,1006.4,0,2.0,-9900,-9900,0.0,0.0
2022,6,10,5,60,0.0,0.0,0.0,0.0,0.0,5,27.3,22.3,80,1006.4,0,2.0,-9900,-9900,0.0,0.0
2022,6,10,6,60,0.0,0.0,0.0,0.0,0.0,5,27.3,22.3,80,1006.4,0,2.0,-9900,-9900,0.0,0.0
2022,6,10,7,60,0.0,0.0,0.0,0.0,0.0,5,27.3,22.3,80,1006.4,0,2.0,-9900,-9900,0.0,0.0
2022,6,10,8,60,0.0,0.0,0.0,0.0,0.0,5,27.3,22.3,80,1006.4,0,2.0,-9900,-9900,0.0,0.0
2022,6,10,9,60,0.0,0.0,0.0,0.0,0.0,5,27.3,22.3,80,1006.4,0,2.0,-9900,-9900,0.0,0.0
2022,6,10,10,60,0.0,0.0,0.0,0.0,0.0,5,27.3,22.3,80,1006.4,0,2.0,-9900,-9900,0.0,0.0
2022,6,10,11,60,0.0,0.0,0.0,0.0,0.0,5,27.3,22.3,80,1006.4,0,2.0,-9900,-9900,0.0,0.0
2022,6,10,12,60,0.0,0.0,0.0,0.0,0.0,5,27.3,22.3,80,1006.4,0,2.0,-9900,-9900,0.0,0.0
2022,6,10,13,60,0.0,0.0,0.0,0.0,0.0,5,27.3,22.3,80,1006.4,0,2.0,-9900,-9900,0.0,0.0
2022,6,10,14,60,0.0,0.0,0.0,0.0,0.0,5,27.3,22.3,80,1006.4,0,2.0,-9900,-9900,0.0,0.0
2022,6,10,15,60,0.0,0.0,0.0,0.0,0.0,5,27.3,22.3,80,1006.4,0,2.0,-9900,-9900,0.0,0.0
2022,6,10,16,60,0.0,0.0,0.0,0.0,0.0,5,27.3,22.3,80,1006.4,0,2.0,-9900,-9900,0.0,0.0
2022,6,10,17,60,0.0,0.0,0.0,0.0,0.0,5,27.3,22.3,80,1006.4,0,2.0,-9900,-9900,0.0,0.0
2022,6,10,18,60,0.0,0.0,0.0,0.0,0.0,5,27.3,22.3,80,1006.4,0,2.0,-9900,-9900,0.0,0.0
2022,6,10,19,60,0.0,0.0,0.0,0.0,0.0,5,27.3,22.3,80,1006.4,0,2.0,-9900,-9900,0.0,0.0
2022,6,10,20,60,0.0,0.0,0.0,0.0,0.0,5,27.3,22.3,80,1006.4,0,2.0,-9900,-9900,0.0,0.0
2022,6,10,21,60,0.0,0.0,0.0,0.0,0.0,5,27.3,22.3,80,1006.4,0,2.0,-9900,-9900,0.0,0.0
2022,6,10,22,60,0.0,0.0,0.0,0.0,0.0,5,27.3,22.3,80,1006.4,0,2.0,-9900,-9900,0.0,0.0
2022,6,10,23,60,0.0,0.0,0.0,0.0,0.0,5,27.2,22.2,80,1006.4,0,2.0,-9900,-9900,0.0,0.0
2022,6,10,24,60,0.0,0.0,0.0,0.0,0.0,5,27.2,22.2,80,1006.4,0,2.0,-9900,-9900,0.0,0.0
2022,6,11,1,60,0.0,0.0,0.0,0.0,0.0,5,27.2,22.2,80,1006.4,0,2.0,-9900,-9900,0.0,0.0
2022,6,11,2,60,0.0,0.0,0.0,0.0,0.0,5,27.2,22.2,80,1006.4,0,2.0,-9900,-9900,0.0,0.0
2022,6,11,3,60,0.0,0.0,0.0,0.0,0.0,5,27.2,22.2,80,1006.4,0,2.0,-9900,-9900,0.0,0.0
2022,6,11,4,60,0.0,0.0,0.0,0.0,0.0,5,27.2,22.2,80,1006.4,0,2.0,-9900,-9900,0.0,0.0
2022,6,11,5,60,0.0,0.0,0.0,0.0,0.0,5,27.2,22.2,80,1006.4,0,2.0,-9900,-9900,0.0,0.0
2022,6,11,6,60,0.0,0.0,0.0,0.0,0.0,5,27.2,22.2,80,1006.4,0,2.0,-9900,-9900,0.0,0.0
2022,6,11,7,60,0.0,0.0,0.0,0.0,0.0,5,27.2,22.2,80,1006.4,0,2.0,-9900,-9900,0.0,0.0
2022,6,11,8,60,0.0,0.0,0.0,0.0,0.0,5,27.2,22.2,80,1006.4,0,2.0,-9900,-9900,0.0,0.0
2022,6,11,9,60,0.0,0.0,0.0,0.0,0.0,5,27.2,22.2,80,1006.4,0,2.0,-9900,-9900,0.0,0.0
2022,6,11,10,60,0.0,0.0,0.0,0.0,0.0,5,27.2,22.2,80,1006.4,0,2.0,-9900,-9900,0.0,0.0
2022,6,11,11,60,0.0,0.0,0.0,0.0,0.0,5,27.2,22.2,80,1006.4,0,2.0,-9900,-9900,0.0,0.0
2022,6,11,12,60,0.0,0.0,0.0,0.0,0.0,5,27.2,22.2,80,1006.4,0,2.0,-9900,-9900,0.0,0.0
2022,6,11,13,60,0.0,0.0,0.0,0.0,0.0,5,27.2,22.2,80,1006.4,0,2.0,-9900,-9900,0.0,0.0
2022,6,11,14,60,0.0,0.0,0.0,0.0,0.0,5,27.2,22.2,80,1006.3,0,2.0,-9900,-9900,0.0,0.0
2022,6,11,15,60,0.0,0.0,0.0,0.0,0.0,5,27.2,22.2,80,1006.3,0,2.0,-9900,-9900,0.0,0.0
2022,6,11,16,60,0.0,0.0,0.0,0.0,0.0,5,27.2,22.2,80,1006.3,0,2.0,-9900,-9900,0.0,0.0
2022,6,11,17,60,0.0,0.0,0.0,0.0,0.0,5,27.2,22.2,80,1006.3,0,2.0,-9900,-9900,0.0,0.0
2022,6,11,18,60,0.0,0.0,0.0,0.0,0.0,5,27.2,22.2,80,1006.3,0,2.0,-9900,-9900,0.0,0.0
2022,6,11,19,60,0.0,0.0,0.0,0.0,0.0,5,27.2,22.2,80,1006.3,0,2.0,-9900,-9900,0.0,0.0
2022,6,11,20,60,0.0,0.0,0.0,0.0,0.0,5,27.1,22.1,80,1006.3,0,2.0,-9900,-9900,0.0,0.0
2022,6,11,21,60,0.0,0.0,0.0,0.0,0.0,5,27.1,22.1,80,1006.3,0,2.0,-9900,-9900,0.0,0.0
2022,6,11,22,60,0.0,0.0,0.0,0.0,0.0,5,27.1,22.1,80,1006.3,0,2.0,-9900,-9900,0.0,0.0
2022,6,11,23,60,0.0,0.0,0.0,0.0,0.0,5,27.1,22.1,80,1006.3,0,2.0,-9900,-9900,0.0,0.0
2022,6,11,24,60,0.0,0.0,0.0,0.0,0.0,5,27.1,22.1,80,1006.3,0,2.0,-9900,-9900,0.0,0.0
2022,6,12,1,60,0.0,0.0,0.0,0.0,0.0,5,27.1,22.1,80,1006.3,0,2.0,-9900,-9900,0.0,0.0
2022,6,12,2,60,0.0,0.0,0.0,0.0,0.0,5,27.1,22.1,80,1006.3,0,2.0,-9900,-9900,0.0,0.0
2022,6,12,3,60,0.0,0.0,0.0,0.0,0.0,5,27.1,22.1,80,1006.3,0,2.0,-9900,-9900,0.0,0.0
2022,6,12,4,60,0.0,0.0,0.0,0.0,0.0,5,27.1,22.1,80,1006.3,0,2.0,-9900,-9900,0.0,0.0
2022,6,12,5,60,0.0,0.0,0.0,0.0,0.0,5,27.1,22.1,80,1006.3,0,2.0,-9900,-9900,0.0,0.0
2022,6,12,6,60,0.0,0.0,0.0,0.0,0.0,5,27.1,22.1,80,1006.3,0,2.0,-9900,-9900,0.0,0.0
2022,6,12,7,60,0.0,0.0,0.0,0.0,0.0,5,27.1,22.1,80,1006.3,0,2.0,-9900,-9900,0.0,0.0
2022,6,12,8,60,0.0,0.0,0.0,0.0,0.0,5,27.1,22.1,80,1006.3,0,2.0,-9900,-9900,0.0,0.0
2022,6,12,9,60,0.0,0.0,0.0,0.0,0.0,5,27.1,22.1,80,1006.3,0,2.0,-9900,-9900,0.0,0.0
2022,6,12,10,60,0.0,0.0,0.0,0.0,0.0,5,27.1,22.1,80,1006.3,0,2.0,-9900,-9900,0.0,0.0
2022,6,12,11,60,0.0,0.0,0.0,0.0,0.0,5,27.1,22.1,80,1006.3,0,2.0,-9900,-9900,0.0,0.0
2022,6,12,12,60,0.0,0.0,0.0,0.0,0.0,5,27.1,22.1,80,1006.3,0,2.0,-9900,-9900,0.0,0.0
2022,6,12,13,60,0.0,0.0,0.0,0.0,0.0,5,27.1,22.1,80,1006.3,0,2.0,-9900,-9900,0.0,0.0
2022,6,12,14,60,0.0,0.0,0.0,0.0,0.0,5,27.1,22.1,81,1006.3,0,2.0,-9900,-9900,0.0,0.0
2022,6,12,15,60,0.0,0.0,0.0,0.0,0.0,5,27.1,22.1,81,1006.3,0,2.0,-9900,-9900,0.0,0.0
2022,6,12,16,60,0.0,0.0,0.0,0.0,0.0,5,27.1,22.1,81,1006.3,0,2.0,-9900,-9900,0.0,0.0
2022,6,12,17,60,0.0,0.0,0.0,0.0,0.0,5,27.0,22.0,81,1006.3,0,2.0,-9900,-9900,0.0,0.0
2022,6,12,18,60,0.0,0.0,0.0,0.0,0.0,5,27.0,22.0,81,1006.3,0,2.0,-9900,-9900,0.0,0.0
2022,6,12,19,60,0.0,0.0,0.0,0.0,0.0,5,27.0,22.0,81,1006.3,0,2.0,-9900,-9900,0.0,0.0
2022,6,12,20,60,0.0,0.0,0.0,0.0,0.0,5,27.0,22.0,81,1006.3,0,2.0,-9900,-9900,0.0,0.0
2022,6,12,21,60,0.0,0.0,0.0,0.0,0.0,5,27.0,22.0,81,1006.3,0,2.0,-9900,-9900,0.0,0.0
2022,6,12,22,60,0.0,0.0,0.0,0.0,0.0,5,27.0,22.0,81,1006.3,0,2.0,-9900,-9900,0.0,0.0
2022,6,12,23,60,0.0,0.0,0.0,0.0,0.0,5,27.0,22.0,81,1006.3,0,2.0,-9900,-9900,0.0,0.0
2022,6,12,24,60,0.0,0.0,0.0,0.0,0.0,5,27.0,22.0,81,1006.3,0,2.0,-9900,-9900,0.0,0.0
2022,6,13,1,60,0.0,0.0,0.0,0.0,0.0,5,27.0,22.0,81,1006.3,0,2.0,-9900,-9900,0.0,0.0
2022,6,13,2,60,0.0,0.0,0.0,0.0,0.0,5,27.0,22.0,81,1006.3,0,2.0,-9900,-9900,0.0,0.0
2022,6,13,3,60,0.0,0.0,0.0,0.0,0.0,5,27.0,22.0,81,1006.3,0,2.0,-9900,-9900,0.0,0.0
2022,6,13,4,60,0.0,0.0,0.0,0.0,0.0,5,27.0,22.0,81,1006.2,0,2.0,-9900,-9900,0.0,0.0
2022,6,13,5,60,0.0,0.0,0.0,0.0,0.0,5,27.0,22.0,81,1006.2,0,2.0,-9900,-9900,0.0,0.0
2022,6,13,6,60,0.0,0.0,0.0,0.0,0.0,5,27.0,22.0,81,1006.2,0,2.0,-9900,-9900,0.0,0.0
2022,6,13,7,60,0.0,0.0,0.0,0.0,0.0,5,27.0,22.0,81,1006.2,0,2.0,-9900,-9900,0.0,0.0
2022,6,13,8,60,0.0,0.0,0.0,0.0,0.0,5,27.0,22.0,81,1006.2,0,2.0,-9900,-9900,0.0,0.0
2022,6,13,9,60,0.0,0.0,0.0,0.0,0.0,5,27.0,22.0,81,1006.2,0,2.0,-9900,-9900,0.0,0.0
2022,6,13,10,60,0.0,0.0,0.0,0.0,0.0,5,27.0,22.0,81,1006.2,0,2.0,-9900,-9900,0.0,0.0
2022,6,13,11,60,0.0,0.0,0.0,0.0,0.0,5,27.0,22.0,81,1006.2,0,2.0,-9900,-9900,0.0,0.0
2022,6,13,12,60,0.0,0.0,0.0,0.0,0.0,5,27.0,22.0,81,1006.2,0,2.0,-9900,-9900,0.0,0.0
2022,6,13,13,60,0.0,0.0,0.0,0.0,0.0,5,26.9,21.9,81,1006.2,0,2.0,-9900,-9900,0.0,0.0
2022,6,13,14,60,0.0,0.0,0.0,0.0,0.0,5,26.9,21.9,81,1006.2,0,2.0,-9900,-9900,0.0,0.0
2022,6,13,15,60,0.0,0.0,0.0,0.0,0.0,5,26.9,21.9,81,1006.2,0,2.0,-9900,-9900,0.0,0.0
2022,6,13,16,60,0.0,0.0,0.0,0.0,0.0,5,26.9,21.9,81,1006.2,0,2.0,-9900,-9900,0.0,0.0
2022,6,13,17,60,0.0,0.0,0.0,0.0,0.0,5,26.9,21.9,81,1006.2,0,2.0,-9900,-9900,0.0,0.0
2022,6,13,18,60,0.0,0.0,0.0,0.0,0.0,5,26.9,21.9,81,1006.2,0,2.0,-9900,-9900,0.0,0.0
2022,6,13,19,60,0.0,0.0,0.0,0.0,0.0,5,26.9,21.9,81,1006.2,0,2.0,-9900,-9900,0.0,0.0
2022,6,13,20,60,0.0,0.0,0.0,0.0,0.0,5,26.9,21.9,81,1006.2,0,2.0,-9900,-9900,0.0,0.0
2022,6,13,21,60,0.0,0.0,0.0,0.0,0.0,5,26.9,21.9,81,1006.2,0,2.0,-9900,-9900,0.0,0.0
2022,6,13,22,60,0.0,0.0,0.0,0.0,0.0,5,26.9,21.9,81,1006.2,0,2.0,-9900,-9900,0.0,0.0
2022,6,13,23,60,0.0,0.0,0.0,0.0,0.0,5,26.9,21.9,81,1006.2,193,5.5,-9900,-9900,0.0,0.0
2022,6,13,24,60,0.0,0.0,0.0,0.0,0.0,5,27.8,22.8,77,1006.3,201,5.5,-9900,-9900,0.0,0.0
2022,6,14,1,60,0.0,0.0,0.0,0.0,0.0,5,28.7,23.7,73,1006.5,208,5.5,-9900,-9900,0.0,0.0
2022,6,14,2,60,0.0,0.0,0.0,0.0,0.0,5,29.7,24.7,68,1006.5,227,5.5,-9900,-9900,0.0,0.0
2022,6,14,3,60,0.0,0.0,0.0,0.0,0.0,5,30.7,25.7,63,1006.5,240,7.4,-9900,-9900,0.0,0.0
2022,6,14,4,60,0.0,0.0,0.0,0.0,0.0,5,31.8,26.8,58,1006.5,248,9.3,-9900,-9900,0.0,0.0
2022,6,14,5,60,0.0,0.0,0.0,0.0,0.0,5,32.4,27.4,57,1006.2,244,11.1,-9900,-9900,0.0,0.0
2022,6,14,6,60,0.0,0.0,0.0,0.0,0.0,5,32.7,27.7,57,1005.9,253,11.1,-9900,-9900,0.0,0.0
2022,6,14,7,60,0.0,0.0,0.0,0.0,0.0,5,33.0,28.0,56,1005.6,261,11.1,-9900,-9900,0.0,0.0
2022,6,14,8,60,0.0,0.0,0.0,0.0,0.0,5,32.3,27.3,58,1005.9,262,11.1,-9900,-9900,0.0,0.0
2022,6,14,9,60,0.0,0.0,0.0,0.0,0.0,5,31.6,26.6,60,1006.1,263,11.1,-9900,-9900,0.0,0.0
2022,6,14,10,60,0.0,0.0,0.0,0.0,0.0,5,30.9,25.9,63,1006.4,264,9.3,-9900,-9900,0.0,0.0
2022,6,14,11,60,0.0,0.0,0.0,0.0,0.0,5,31.3,26.3,63,1006.0,267,11.1,-9900,-9900,0.0,0.0
2022,6,14,12,60,0.0,0.0,0.0,0.0,0.0,5,30.5,25.5,66,1006.9,261,9.3,-9900,-9900,0.0,0.0
2022,6,14,13,60,0.0,0.0,0.0,0.0,0.0,5,29.6,24.6,70,1007.9,252,7.4,-9900,-9900,0.0,0.0
2022,6,14,14,60,0.0,0.0,0.0,0.0,0.0,5,29.2,24.2,71,1008.3,246,7.4,-9900,-9900,0.0,0.0
2022,6,14,15,60,0.0,0.0,0.0,0.0,0.0,5,28.8,23.8,73,1008.8,235,5.5,-9900,-9900,0.0,0.0
2022,6,14,16,60,0.0,0.0,0.0,0.0,0.0,5,28.4,23.4,74,1009.2,217,5.5,-9900,-9900,0.0,0.0
2022,6,14,17,60,0.0,0.0,0.0,0.0,0.0,5,27.9,22.9,76,1009.0,219,5.5,-9900,-9900,0.0,0.0
2022,6,14,18,60,0.0,0.0,0.0,0.0,0.0,5,27.5,22.5,77,1008.7,208,5.5,-9900,-9900,0.0,0.0
2022,6,14,19,60,0.0,0.0,0.0,0.0,0.0,5,27.2,22.2,78,1008.4,198,3.7,-9900,-9900,0.0,0.0
2022,6,14,20,60,0.0,0.0,0.0,0.0,0.0,5,26.9,21.9,80,1008.3,189,3.7,-9900,-9900,0.0,0.0
2022,6,14,21,60,0.0,0.0,0.0,0.0,0.0,5,26.6,21.6,81,1008.2,179,3.7,-9900,-9900,0.0,0.0
2022,6,14,22,60,0.0,0.0,0.0,0.0,0.0,5,26.3,21.3,83,1008.1,168,3.7,-9900,-9900,0.0,0.0
2022,6,14,23,60,0.0,0.0,0.0,0.0,0.0,5,25.8,20.8,90,1009.2,159,3.7,-9900,-9900,0.0,0.0
2022,6,14,24,60,0.0,0.0,0.0,0.0,0.0,5,26.1,21.1,88,1009.5,158,3.7,-9900,-9900,0.0,0.0
2022,6,15,1,60,0.0,0.0,0.0,0.0,0.0,5,26.5,21.5,85,1009.7,156,3.7,-9900,-9900,0.0,0.0
2022,6,15,2,60,0.0,0.0,0.0,0.0,0.0,5,27.4,22.4,79,1009.9,161,3.7,-9900,-9900,0.0,0.0
2022,6,15,3,60,0.0,0.0,0.0,0.0,0.0,5,28.4,23.4,74,1010.0,179,3.7,-9900,-9900,0.0,0.0
2022,6,15,4,60,0.0,0.0,0.0,0.0,0.0,5,29.4,24.4,69,1010.1,263,5.5,-9900,-9900,0.0,0.0
2022,6,15,5,60,0.0,0.0,0.0,0.0,0.0,5,28.9,23.9,71,1009.9,300,5.5,-9900,-9900,0.0,0.0
2022,6,15,6,60,0.0,0.0,0.0,0.0,0.0,5,28.5,23.5,72,1009.7,317,5.5,-9900,-9900,0.0,0.0
2022,6,15,7,60,0.0,0.0,0.0,0.0,0.0,5,28.1,23.1,73,1009.5,326,5.5,-9900,-9900,0.0,0.0
2022,6,15,8,60,0.0,0.0,0.0,0.0,0.0,5,27.5,22.5,77,1009.4,76,5.5,-9900,-9900,0.0,0.0
2022,6,15,9,60,0.0,0.0,0.0,0.0,0.0,5,27.0,22.0,80,1009.3,109,7.4,-9900,-9900,0.0,0.0
2022,6,15,10,60,0.0,0.0,0.0,0.0,0.0,5,26.5,21.5,83,1009.3,114,7.4,-9900,-9900,0.0,0.0
2022,6,15,11,60,0.0,0.0,0.0,0.0,0.0,5,26.0,21.0,91,1009.9,137,5.5,-9900,-9900,0.0,0.0
2022,6,15,12,60,0.0,0.0,0.0,0.0,0.0,5,25.9,20.9,91,1010.2,149,5.5,-9900,-9900,0.0,0.0
2022,6,15,13,60,0.0,0.0,0.0,0.0,0.0,5,25.7,20.7,91,1010.5,157,5.5,-9900,-9900,0.0,0.0
2022,6,15,14,60,0.0,0.0,0.0,0.0,0.0,5,25.7,20.7,90,1010.6,155,5.5,-9900,-9900,0.0,0.0
2022,6,15,15,60,0.0,0.0,0.0,0.0,0.0,5,25.6,20.6,90,1010.7,154,5.5,-9900,-9900,0.0,0.0
2022,6,15,16,60,0.0,0.0,0.0,0.0,0.0,5,25.6,20.6,89,1010.8,152,5.5,-9900,-9900,0.0,0.0
2022,6,15,17,60,0.0,0.0,0.0,0.0,0.0,5,25.1,20.1,91,1010.1,169,5.5,-9900,-9900,0.0,0.0
2022,6,15,18,60,0.0,0.0,0.0,0.0,0.0,5,25.0,20.0,91,1009.9,170,3.7,-9900,-9900,0.0,0.0
2022,6,15,19,60,0.0,0.0,0.0,0.0,0.0,5,24.8,19.8,91,1009.7,172,3.7,-9900,-9900,0.0,0.0
2022,6,15,20,60,0.0,0.0,0.0,0.0,0.0,5,24.7,19.7,92,1009.6,170,3.7,-9900,-9900,0.0,0.0
2022,6,15,21,60,0.0,0.0,0.0,0.0,0.0,5,24.6,19.6,93,1009.5,169,3.7,-9900,-9900,0.0,0.0
2022,6,15,22,60,0.0,0.0,0.0,0.0,0.0,5,24.5,19.5,93,1009.4,167,3.7,-9900,-9900,0.0,0.0
2022,6,15,23,60,0.0,0.0,0.0,0.0,0.0,5,25.5,20.5,89,1009.8,154,5.5,-9900,-9900,0.0,0.0
2022,6,15,24,60,0.0,0.0,0.0,0.0,0.0,5,25.8,20.8,87,1010.0,158,3.7,-9900,-9900,0.0,0.0
2022,6,16,1,60,0.0,0.0,0.0,0.0,0.0,5,26.1,21.1,85,1010.3,164,3.7,-9900,-9900,0.0,0.0
2022,6,16,2,60,0.0,0.0,0.0,0.0,0.0,5,27.1,22.1,81,1010.3,184,3.7,-9900,-9900,0.0,0.0
2022,6,16,3,60,0.0,0.0,0.0,0.0,0.0,5,28.0,23.0,77,1010.3,208,3.7,-9900,-9900,0.0,0.0
2022,6,16,4,60,0.0,0.0,0.0,0.0,0.0,5,29.0,24.0,73,1010.3,230,3.7,-9900,-9900,0.0,0.0
2022,6,16,5,60,0.0,0.0,0.0,0.0,0.0,5,28.6,23.6,74,1010.3,259,5.5,-9900,-9900,0.0,0.0
2022,6,16,6,60,0.0,0.0,0.0,0.0,0.0,5,28.6,23.6,75,1009.8,273,7.4,-9900,-9900,0.0,0.0
2022,6,16,7,60,0.0,0.0,0.0,0.0,0.0,5,28.5,23.5,76,1009.3,289,7.4,-9900,-9900,0.0,0.0
2022,6,16,8,60,0.0,0.0,0.0,0.0,0.0,5,27.9,22.9,78,1009.0,272,7.4,-9900,-9900,0.0,0.0
2022,6,16,9,60,0.0,0.0,0.0,0.0,0.0,5,27.3,22.3,80,1008.8,246,7.4,-9900,-9900,0.0,0.0
2022,6,16,10,60,0.0,0.0,0.0,0.0,0.0,5,26.8,21.8,82,1008.6,220,7.4,-9900,-9900,0.0,0.0
2022,6,16,11,60,0.0,0.0,0.0,0.0,0.0,5,26.8,21.8,85,1008.7,153,7.4,-9900,-9900,0.0,0.0
2022,6,16,12,60,0.0,0.0,0.0,0.0,0.0,5,26.5,21.5,86,1009.1,156,5.5,-9900,-9900,0.0,0.0
2022,6,16,13,60,0.0,0.0,0.0,0.0,0.0,5,26.2,21.2,87,1009.4,159,5.5,-9900,-9900,0.0,0.0
2022,6,16,14,60,0.0,0.0,0.0,0.0,0.0,5,26.0,21.0,88,1009.4,158,5.5,-9900,-9900,0.0,0.0
2022,6,16,15,60,0.0,0.0,0.0,0.0,0.0,5,25.9,20.9,88,1009.4,158,5.5,-9900,-9900,0.0,0.0
2022,6,16,16,60,0.0,0.0,0.0,0.0,0.0,5,25.7,20.7,88,1009.4,157,5.5,-9900,-9900,0.0,0.0
2022,6,16,17,60,0.0,0.0,0.0,0.0,0.0,5,25.0,20.0,93,1009.2,149,5.5,-9900,-9900,0.0,0.0
2022,6,16,18,60,0.0,0.0,0.0,0.0,0.0,5,24.8,19.8,93,1008.7,152,5.5,-9900,-9900,0.0,0.0
2022,6,16,19,60,0.0,0.0,0.0,0.0,0.0,5,24.7,19.7,92,1008.2,156,5.5,-9900,-9900,0.0,0.0
2022,6,16,20,60,0.0,0.0,0.0,0.0,0.0,5,24.6,19.6,93,1008.0,157,5.5,-9900,-9900,0.0,0.0
2022,6,16,21,60,0.0,0.0,0.0,0.0,0.0,5,24.6,19.6,92,1007.8,158,5.5,-9900,-9900,0.0,0.0
2022,6,16,22,60,0.0,0.0,0.0,0.0,0.0,5,24.5,19.5,93,1007.7,158,5.5,-9900,-9900,0.0,0.0
2022,6,16,23,60,0.0,0.0,0.0,0.0,0.0,5,25.9,20.9,89,1008.3,151,5.5,-9900,-9900,0.0,0.0
2022,6,16,24,60,0.0,0.0,0.0,0.0,0.0,5,26.5,21.5,85,1008.5,166,5.5,-9900,-9900,0.0,0.0
2022,6,17,1,60,0.0,0.0,0.0,0.0,0.0,5,27.0,22.0,81,1008.8,185,3.7,-9900,-9900,0.0,0.0
2022,6,17,2,60,0.0,0.0,0.0,0.0,0.0,5,28.2,23.2,74,1008.6,215,3.7,-9900,-9900,0.0,0.0
2022,6,17,3,60,0.0,0.0,0.0,0.0,0.0,5,29.4,24.4,68,1008.4,239,5.5,-9900,-9900,0.0,0.0
2022,6,17,4,60,0.0,0.0,0.0,0.0,0.0,5,30.6,25.6,63,1008.3,254,5.5,-9900,-9900,0.0,0.0
2022,6,17,5,60,0.0,0.0,0.0,0.0,0.0,5,30.6,25.6,67,1008.0,266,7.4,-9900,-9900,0.0,0.0
2022,6,17,6,60,0.0,0.0,0.0,0.0,0.0,5,30.7,25.7,66,1007.6,270,7.4,-9900,-9900,0.0,0.0
2022,6,17,7,60,0.0,0.0,0.0,0.0,0.0,5,30.8,25.8,66,1007.2,273,9.3,-9900,-9900,0.0,0.0
2022,6,17,8,60,0.0,0.0,0.0,0.0,0.0,5,30.3,25.3,68,1007.1,269,7.4,-9900,-9900,0.0,0.0
2022,6,17,9,60,0.0,0.0,0.0,0.0,0.0,5,29.7,24.7,70,1007.0,263,7.4,-9900,-9900,0.0,0.0
2022,6,17,10,60,0.0,0.0,0.0,0.0,0.0,5,29.2,24.2,72,1006.9,256,7.4,-9900,-9900,0.0,0.0
2022,6,17,11,60,0.0,0.0,0.0,0.0,0.0,5,29.3,24.3,74,1007.7,249,5.5,-9900,-9900,0.0,0.0
2022,6,17,12,60,0.0,0.0,0.0,0.0,0.0,5,28.8,23.8,76,1008.0,199,5.5,-9900,-9900,0.0,0.0
2022,6,17,13,60,0.0,0.0,0.0,0.0,0.0,5,28.2,23.2,79,1008.3,161,5.5,-9900,-9900,0.0,0.0
2022,6,17,14,60,0.0,0.0,0.0,0.0,0.0,5,28.0,23.0,79,1008.3,156,5.5,-9900,-9900,0.0,0.0
2022,6,17,15,60,0.0,0.0,0.0,0.0,0.0,5,27.7,22.7,80,1008.4,152,5.5,-9900,-9900,0.0,0.0
2022,6,17,16,60,0.0,0.0,0.0,0.0,0.0,5,27.4,22.4,82,1008.4,149,5.5,-9900,-9900,0.0,0.0
2022,6,17,17,60,0.0,0.0,0.0,0.0,0.0,5,27.1,22.1,83,1008.0,156,5.5,-9900,-9900,0.0,0.0
2022,6,17,18,60,0.0,0.0,0.0,0.0,0.0,5,26.7,21.7,84,1007.6,162,5.5,-9900,-9900,0.0,0.0
2022,6,17,19,60,0.0,0.0,0.0,0.0,0.0,5,26.3,21.3,86,1007.1,169,5.5,-9900,-9900,0.0,0.0
2022,6,17,20,60,0.0,0.0,0.0,0.0,0.0,5,26.1,21.1,86,1007.0,169,5.5,-9900,-9900,0.0,0.0
2022,6,17,21,60,0.0,0.0,0.0,0.0,0.0,5,25.9,20.9,87,1006.9,169,5.5,-9900,-9900,0.0,0.0
2022,6,17,22,60,0.0,0.0,0.0,0.0,0.0,5,25.7,20.7,87,1006.8,169,5.5,-9900,-9900,0.0,0.0
2022,6,17,23,60,0.0,0.0,0.0,0.0,0.0,5,27.1,22.1,80,1007.4,167,5.5,-9900,-9900,0.0,0.0
2022,6,17,24,60,0.0,0.0,0.0,0.0,0.0,5,27.8,22.8,78,1007.6,168,5.5,-9900,-9900,0.0,0.0
2022,6,18,1,60,0.0,0.0,0.0,0.0,0.0,5,28.6,23.6,75,1007.8,171,3.7,-9900,-9900,0.0,0.0
2022,6,18,2,60,0.0,0.0,0.0,0.0,0.0,5,29.9,24.9,69,1007.8,196,3.7,-9900,-9900,0.0,0.0
2022,6,18,3,60,0.0,0.0,0.0,0.0,0.0,5,31.1,26.1,63,1007.7,229,3.7,-9900,-9900,0.0,0.0
2022,6,18,4,60,0.0,0.0,0.0,0.0,0.0,5,32.4,27.4,58,1007.7,254,3.7,-9900,-9900,0.0,0.0
2022,6,18,5,60,0.0,0.0,0.0,0.0,0.0,5,32.2,27.2,59,1007.4,266,7.4,-9900,-9900,0.0,0.0
2022,6,18,6,60,0.0,0.0,0.0,0.0,0.0,5,32.0,27.0,61,1007.1,281,7.4,-9900,-9900,0.0,0.0
2022,6,18,7,60,0.0,0.0,0.0,0.0,0.0,5,31.7,26.7,63,1006.8,298,7.4,-9900,-9900,0.0,0.0
2022,6,18,8,60,0.0,0.0,0.0,0.0,0.0,5,30.9,25.9,66,1006.8,307,7.4,-9900,-9900,0.0,0.0
2022,6,18,9,60,0.0,0.0,0.0,0.0,0.0,5,30.1,25.1,69,1006.9,64,7.4,-9900,-9900,0.0,0.0
2022,6,18,10,60,0.0,0.0,0.0,0.0,0.0,5,29.3,24.3,72,1006.9,99,7.4,-9900,-9900,0.0,0.0
2022,6,18,11,60,0.0,0.0,0.0,0.0,0.0,5,30.5,25.5,69,1007.1,259,5.5,-9900,-9900,0.0,0.0
2022,6,18,12,60,0.0,0.0,0.0,0.0,0.0,5,29.9,24.9,71,1007.6,208,5.5,-9900,-9900,0.0,0.0
2022,6,18,13,60,0.0,0.0,0.0,0.0,0.0,5,29.4,24.4,73,1008.1,171,5.5,-9900,-9900,0.0,0.0
2022,6,18,14,60,0.0,0.0,0.0,0.0,0.0,5,29.0,24.0,75,1008.3,171,5.5,-9900,-9900,0.0,0.0
2022,6,18,15,60,0.0,0.0,0.0,0.0,0.0,5,28.6,23.6,76,1008.4,172,5.5,-9900,-9900,0.0,0.0
2022,6,18,16,60,0.0,0.0,0.0,0.0,0.0,5,28.3,23.3,77,1008.6,172,5.5,-9900,-9900,0.0,0.0
2022,6,18,17,60,0.0,0.0,0.0,0.0,0.0,5,28.6,23.6,73,1008.3,183,7.4,-9900,-9900,0.0,0.0
2022,6,18,18,60,0.0,0.0,0.0,0.0,0.0,5,28.2,23.2,74,1008.0,178,5.5,-9900,-9900,0.0,0.0
2022,6,18,19,60,0.0,0.0,0.0,0.0,0.0,5,27.8,22.8,75,1007.7,173,5.5,-9900,-9900,0.0,0.0
2022,6,18,20,60,0.0,0.0,0.0,0.0,0.0,5,27.5,22.5,76,1007.6,169,5.5,-9900,-9900,0.0,0.0
2022,6,18,21,60,0.0,0.0,0.0,0.0,0.0,5,27.1,22.1,77,1007.5,166,5.5,-9900,-9900,0.0,0.0
2022,6,18,22,60,0.0,0.0,0.0,0.0,0.0,5,26.8,21.8,78,1007.3,163,5.5,-9900,-9900,0.0,0.0
2022,6,18,23,60,0.0,0.0,0.0,0.0,0.0,5,27.8,22.8,79,1008.0,161,5.5,-9900,-9900,0.0,0.0
2022,6,18,24,60,0.0,0.0,0.0,0.0,0.0,5,28.6,23.6,75,1008.2,166,5.5,-9900,-9900,0.0,0.0
2022,6,19,1,60,0.0,0.0,0.0,0.0,0.0,5,29.4,24.4,72,1008.3,174,3.7,-9900,-9900,0.0,0.0
2022,6,19,2,60,0.0,0.0,0.0,0.0,0.0,5,30.9,25.9,65,1008.0,206,3.7,-9900,-9900,0.0,0.0
2022,6,19,3,60,0.0,0.0,0.0,0.0,0.0,5,32.4,27.4,58,1007.7,242,5.5,-9900,-9900,0.0,0.0
2022,6,19,4,60,0.0,0.0,0.0,0.0,0.0,5,34.0,29.0,53,1007.3,263,5.5,-9900,-9900,0.0,0.0
2022,6,19,5,60,0.0,0.0,0.0,0.0,0.0,5,32.9,27.9,59,1006.9,281,7.4,-9900,-9900,0.0,0.0
2022,6,19,6,60,0.0,0.0,0.0,0.0,0.0,5,32.9,27.9,60,1006.6,288,7.4,-9900,-9900,0.0,0.0
2022,6,19,7,60,0.0,0.0,0.0,0.0,0.0,5,33.0,28.0,60,1006.2,295,7.4,-9900,-9900,0.0,0.0
2022,6,19,8,60,0.0,0.0,0.0,0.0,0.0,5,32.0,27.0,63,1006.2,293,7.4,-9900,-9900,0.0,0.0
2022,6,19,9,60,0.0,0.0,0.0,0.0,0.0,5,31.1,26.1,66,1006.2,279,7.4,-9900,-9900,0.0,0.0
2022,6,19,10,60,0.0,0.0,0.0,0.0,0.0,5,30.1,25.1,69,1006.1,121,7.4,-9900,-9900,0.0,0.0
2022,6,19,11,60,0.0,0.0,0.0,0.0,0.0,5,29.6,24.6,72,1006.8,108,7.4,-9900,-9900,0.0,0.0
2022,6,19,12,60,0.0,0.0,0.0,0.0,0.0,5,29.3,24.3,72,1007.0,130,5.5,-9900,-9900,0.0,0.0
2022,6,19,13,60,0.0,0.0,0.0,0.0,0.0,5,29.0,24.0,74,1007.3,141,5.5,-9900,-9900,0.0,0.0
2022,6,19,14,60,0.0,0.0,0.0,0.0,0.0,5,28.7,23.7,75,1007.4,152,5.5,-9900,-9900,0.0,0.0
2022,6,19,15,60,0.0,0.0,0.0,0.0,0.0,5,28.5,23.5,76,1007.4,161,5.5,-9900,-9900,0.0,0.0
2022,6,19,16,60,0.0,0.0,0.0,0.0,0.0,5,28.2,23.2,78,1007.4,168,5.5,-9900,-9900,0.0,0.0
2022,6,19,17,60,0.0,0.0,0.0,0.0,0.0,5,27.6,22.6,77,1007.2,159,7.4,-9900,-9900,0.0,0.0
2022,6,19,18,60,0.0,0.0,0.0,0.0,0.0,5,27.4,22.4,77,1006.7,161,7.4,-9900,-9900,0.0,0.0
2022,6,19,19,60,0.0,0.0,0.0,0.0,0.0,5,27.1,22.1,78,1006.2,164,5.5,-9900,-9900,0.0,0.0
2022,6,19,20,60,0.0,0.0,0.0,0.0,0.0,5,26.9,21.9,78,1006.1,165,5.5,-9900,-9900,0.0,0.0
2022,6,19,21,60,0.0,0.0,0.0,0.0,0.0,5,26.6,21.6,79,1005.9,167,5.5,-9900,-9900,0.0,0.0
2022,6,19,22,60,0.0,0.0,0.0,0.0,0.0,5,26.5,21.5,80,1005.8,168,5.5,-9900,-9900,0.0,0.0
2022,6,19,23,60,0.0,0.0,0.0,0.0,0.0,5,27.6,22.6,77,1006.3,159,5.5,-9900,-9900,0.0,0.0
2022,6,19,24,60,0.0,0.0,0.0,0.0,0.0,5,28.5,23.5,74,1006.4,171,5.5,-9900,-9900,0.0,0.0
2022,6,20,1,60,0.0,0.0,0.0,0.0,0.0,5,29.4,24.4,70,1006.5,189,3.7,-9900,-9900,0.0,0.0
2022,6,20,2,60,0.0,0.0,0.0,0.0,0.0,5,31.0,26.0,63,1006.1,220,5.5,-9900,-9900,0.0,0.0
2022,6,20,3,60,0.0,0.0,0.0,0.0,0.0,5,32.6,27.6,56,1005.7,242,5.5,-9900,-9900,0.0,0.0
2022,6,20,4,60,0.0,0.0,0.0,0.0,0.0,5,34.2,29.2,51,1005.4,254,7.4,-9900,-9900,0.0,0.0
2022,6,20,5,60,0.0,0.0,0.0,0.0,0.0,5,34.0,29.0,52,1005.0,263,7.4,-9900,-9900,0.0,0.0
2022,6,20,6,60,0.0,0.0,0.0,0.0,0.0,5,33.8,28.8,54,1004.7,271,9.3,-9900,-9900,0.0,0.0
2022,6,20,7,60,0.0,0.0,0.0,0.0,0.0,5,33.7,28.7,55,1004.3,279,9.3,-9900,-9900,0.0,0.0
2022,6,20,8,60,0.0,0.0,0.0,0.0,0.0,5,32.7,27.7,58,1004.3,270,9.3,-9900,-9900,0.0,0.0
2022,6,20,9,60,0.0,0.0,0.0,0.0,0.0,5,31.8,26.8,61,1004.3,254,9.3,-9900,-9900,0.0,0.0
2022,6,20,10,60,0.0,0.0,0.0,0.0,0.0,5,30.9,25.9,64,1004.3,226,7.4,-9900,-9900,0.0,0.0
2022,6,20,11,60,0.0,0.0,0.0,0.0,0.0,5,30.9,25.9,66,1004.5,221,7.4,-9900,-9900,0.0,0.0
2022,6,20,12,60,0.0,0.0,0.0,0.0,0.0,5,30.4,25.4,68,1004.9,207,5.5,-9900,-9900,0.0,0.0
2022,6,20,13,60,0.0,0.0,0.0,0.0,0.0,5,29.9,24.9,69,1005.4,189,5.5,-9900,-9900,0.0,0.0
2022,6,20,14,60,0.0,0.0,0.0,0.0,0.0,5,29.6,24.6,70,1005.4,183,5.5,-9900,-9900,0.0,0.0
2022,6,20,15,60,0.0,0.0,0.0,0.0,0.0,5,29.2,24.2,72,1005.5,178,5.5,-9900,-9900,0.0,0.0
2022,6,20,16,60,0.0,0.0,0.0,0.0,0.0,5,28.8,23.8,74,1005.5,175,5.5,-9900,-9900,0.0,0.0
2022,6,20,17,60,0.0,0.0,0.0,0.0,0.0,5,28.9,23.9,72,1005.5,188,7.4,-9900,-9900,0.0,0.0
2022,6,20,18,60,0.0,0.0,0.0,0.0,0.0,5,28.5,23.5,73,1005.1,180,5.5,-9900,-9900,0.0,0.0
2022,6,20,19,60,0.0,0.0,0.0,0.0,0.0,5,28.1,23.1,74,1004.7,173,5.5,-9900,-9900,0.0,0.0
2022,6,20,20,60,0.0,0.0,0.0,0.0,0.0,5,27.8,22.8,75,1004.7,173,5.5,-9900,-9900,0.0,0.0
2022,6,20,21,60,0.0,0.0,0.0,0.0,0.0,5,27.5,22.5,76,1004.7,173,5.5,-9900,-9900,0.0,0.0
2022,6,20,22,60,0.0,0.0,0.0,0.0,0.0,5,27.2,22.2,77,1004.7,172,5.5,-9900,-9900,0.0,0.0
2022,6,20,23,60,0.0,0.0,0.0,0.0,0.0,5,28.2,23.2,76,1004.9,171,5.5,-9900,-9900,0.0,0.0
2022,6,20,24,60,0.0,0.0,0.0,0.0,0.0,5,28.9,23.9,73,1005.4,179,3.7,-9900,-9900,0.0,0.0
2022,6,21,1,60,0.0,0.0,0.0,0.0,0.0,5,29.5,24.5,71,1005.9,193,3.7,-9900,-9900,0.0,0.0
2022,6,21,2,60,0.0,0.0,0.0,0.0,0.0,5,30.7,25.7,65,1006.2,222,3.7,-9900,-9900,0.0,0.0
2022,6,21,3,60,0.0,0.0,0.0,0.0,0.0,5,31.9,26.9,60,1006.5,243,5.5,-9900,-9900,0.0,0.0
2022,6,21,4,60,0.0,0.0,0.0,0.0,0.0,5,33.1,28.1,55,1006.8,256,5.5,-9900,-9900,0.0,0.0
2022,6,21,5,60,0.0,0.0,0.0,0.0,0.0,5,32.2,27.2,60,1007.1,274,5.5,-9900,-9900,0.0,0.0
2022,6,21,6,60,0.0,0.0,0.0,0.0,0.0,5,32.0,27.0,62,1006.9,285,7.4,-9900,-9900,0.0,0.0
2022,6,21,7,60,0.0,0.0,0.0,0.0,0.0,5,31.9,26.9,64,1006.6,295,7.4,-9900,-9900,0.0,0.0
2022,6,21,8,60,0.0,0.0,0.0,0.0,0.0,5,31.0,26.0,66,1006.6,292,7.4,-9900,-9900,0.0,0.0
2022,6,21,9,60,0.0,0.0,0.0,0.0,0.0,5,30.0,25.0,70,1006.6,278,7.4,-9900,-9900,0.0,0.0
2022,6,21,10,60,0.0,0.0,0.0,0.0,0.0,5,29.1,24.1,73,1006.6,153,7.4,-9900,-9900,0.0,0.0
2022,6,21,11,60,0.0,0.0,0.0,0.0,0.0,5,29.4,24.4,72,1007.5,236,7.4,-9900,-9900,0.0,0.0
2022,6,21,12,60,0.0,0.0,0.0,0.0,0.0,5,29.0,24.0,74,1007.8,188,5.5,-9900,-9900,0.0,0.0
2022,6,21,13,60,0.0,0.0,0.0,0.0,0.0,5,28.5,23.5,75,1008.2,161,5.5,-9900,-9900,0.0,0.0
2022,6,21,14,60,0.0,0.0,0.0,0.0,0.0,5,28.3,23.3,76,1008.3,161,5.5,-9900,-9900,0.0,0.0
2022,6,21,15,60,0.0,0.0,0.0,0.0,0.0,5,28.1,23.1,77,1008.4,161,5.5,-9900,-9900,0.0,0.0
2022,6,21,16,60,0.0,0.0,0.0,0.0,0.0,5,27.9,22.9,78,1008.5,162,5.5,-9900,-9900,0.0,0.0
2022,6,21,17,60,0.0,0.0,0.0,0.0,0.0,5,27.6,22.6,76,1008.2,170,7.4,-9900,-9900,0.0,0.0
2022,6,21,18,60,0.0,0.0,0.0,0.0,0.0,5,27.3,22.3,77,1008.0,170,7.4,-9900,-9900,0.0,0.0
2022,6,21,19,60,0.0,0.0,0.0,0.0,0.0,5,27.1,22.1,76,1007.7,170,5.5,-9900,-9900,0.0,0.0
2022,6,21,20,60,0.0,0.0,0.0,0.0,0.0,5,26.9,21.9,77,1008.0,172,5.5,-9900,-9900,0.0,0.0
2022,6,21,21,60,0.0,0.0,0.0,0.0,0.0,5,26.7,21.7,78,1008.3,175,5.5,-9900,-9900,0.0,0.0
2022,6,21,22,60,0.0,0.0,0.0,0.0,0.0,5,26.6,21.6,78,1008.5,178,5.5,-9900,-9900,0.0,0.0
2022,6,21,23,60,0.0,0.0,0.0,0.0,0.0,5,27.8,22.8,74,1008.7,172,5.5,-9900,-9900,0.0,0.0
2022,6,21,24,60,0.0,0.0,0.0,0.0,0.0,5,28.7,23.7,72,1009.1,178,5.5,-9900,-9900,0.0,0.0
2022,6,22,1,60,0.0,0.0,0.0,0.0,0.0,5,29.7,24.7,69,1009.4,187,3.7,-9900,-9900,0.0,0.0
2022,6,22,2,60,0.0,0.0,0.0,0.0,0.0,5,31.0,26.0,64,1009.5,212,3.7,-9900,-9900,0.0,0.0
2022,6,22,3,60,0.0,0.0,0.0,0.0,0.0,5,32.4,27.4,59,1009.7,243,3.7,-9900,-9900,0.0,0.0
2022,6,22,4,60,0.0,0.0,0.0,0.0,0.0,5,33.8,28.8,55,1009.8,267,3.7,-9900,-9900,0.0,0.0
2022,6,22,5,60,0.0,0.0,0.0,0.0,0.0,5,33.7,28.7,55,1010.3,332,5.5,-9900,-9900,0.0,0.0
2022,6,22,6,60,0.0,0.0,0.0,0.0,0.0,5,33.5,28.5,57,1009.9,337,5.5,-9900,-9900,0.0,0.0
2022,6,22,7,60,0.0,0.0,0.0,0.0,0.0,5,33.4,28.4,59,1009.6,340,7.4,-9900,-9900,0.0,0.0
2022,6,22,8,60,0.0,0.0,0.0,0.0,0.0,5,32.4,27.4,61,1009.7,351,7.4,-9900,-9900,0.0,0.0
2022,6,22,9,60,0.0,0.0,0.0,0.0,0.0,5,31.5,26.5,64,1009.7,98,7.4,-9900,-9900,0.0,0.0
2022,6,22,10,60,0.0,0.0,0.0,0.0,0.0,5,30.5,25.5,68,1009.8,138,7.4,-9900,-9900,0.0,0.0
2022,6,22,11,60,0.0,0.0,0.0,0.0,0.0,5,30.2,25.2,67,1010.4,154,7.4,-9900,-9900,0.0,0.0
2022,6,22,12,60,0.0,0.0,0.0,0.0,0.0,5,29.8,24.8,69,1010.9,160,7.4,-9900,-9900,0.0,0.0
2022,6,22,13,60,0.0,0.0,0.0,0.0,0.0,5,29.4,24.4,70,1011.4,165,5.5,-9900,-9900,0.0,0.0
2022,6,22,14,60,0.0,0.0,0.0,0.0,0.0,5,29.1,24.1,71,1011.5,169,5.5,-9900,-9900,0.0,0.0
2022,6,22,15,60,0.0,0.0,0.0,0.0,0.0,5,28.8,23.8,73,1011.7,172,5.5,-9900,-9900,0.0,0.0
2022,6,22,16,60,0.0,0.0,0.0,0.0,0.0,5,28.4,23.4,75,1011.9,174,5.5,-9900,-9900,0.0,0.0
2022,6,22,17,60,0.0,0.0,0.0,0.0,0.0,5,28.1,23.1,75,1011.6,173,5.5,-9900,-9900,0.0,0.0
2022,6,22,18,60,0.0,0.0,0.0,0.0,0.0,5,27.7,22.7,77,1011.3,171,5.5,-9900,-9900,0.0,0.0
2022,6,22,19,60,0.0,0.0,0.0,0.0,0.0,5,27.4,22.4,77,1011.0,169,5.5,-9900,-9900,0.0,0.0
2022,6,22,20,60,0.0,0.0,0.0,0.0,0.0,5,27.1,22.1,78,1011.0,169,5.5,-9900,-9900,0.0,0.0
2022,6,22,21,60,0.0,0.0,0.0,0.0,0.0,5,26.9,21.9,78,1011.1,169,5.5,-9900,-9900,0.0,0.0
2022,6,22,22,60,0.0,0.0,0.0,0.0,0.0,5,26.6,21.6,79,1011.1,169,5.5,-9900,-9900,0.0,0.0
2022,6,22,23,60,0.0,0.0,0.0,0.0,0.0,5,28.0,23.0,78,1011.1,167,5.5,-9900,-9900,0.0,0.0
2022,6,22,24,60,0.0,0.0,0.0,0.0,0.0,5,29.1,24.1,73,1011.4,175,5.5,-9900,-9900,0.0,0.0
2022,6,23,1,60,0.0,0.0,0.0,0.0,0.0,5,30.1,25.1,70,1011.7,187,3.7,-9900,-9900,0.0,0.0
2022,6,23,2,60,0.0,0.0,0.0,0.0,0.0,5,31.6,26.6,63,1011.4,217,3.7,-9900,-9900,0.0,0.0
2022,6,23,3,60,0.0,0.0,0.0,0.0,0.0,5,33.2,28.2,57,1011.1,249,3.7,-9900,-9900,0.0,0.0
2022,6,23,4,60,0.0,0.0,0.0,0.0,0.0,5,34.7,29.7,52,1010.8,271,5.5,-9900,-9900,0.0,0.0
2022,6,23,5,60,0.0,0.0,0.0,0.0,0.0,5,34.4,29.4,55,1010.9,329,5.5,-9900,-9900,0.0,0.0
2022,6,23,6,60,0.0,0.0,0.0,0.0,0.0,5,34.0,29.0,57,1010.4,336,7.4,-9900,-9900,0.0,0.0
2022,6,23,7,60,0.0,0.0,0.0,0.0,0.0,5,33.5,28.5,60,1010.0,338,7.4,-9900,-9900,0.0,0.0
2022,6,23,8,60,0.0,0.0,0.0,0.0,0.0,5,32.6,27.6,63,1009.8,346,7.4,-9900,-9900,0.0,0.0
2022,6,23,9,60,0.0,0.0,0.0,0.0,0.0,5,31.7,26.7,65,1009.7,358,7.4,-9900,-9900,0.0,0.0
2022,6,23,10,60,0.0,0.0,0.0,0.0,0.0,5,30.7,25.7,68,1009.5,15,7.4,-9900,-9900,0.0,0.0
2022,6,23,11,60,0.0,0.0,0.0,0.0,0.0,5,30.1,25.1,74,1009.8,75,7.4,-9900,-9900,0.0,0.0
2022,6,23,12,60,0.0,0.0,0.0,0.0,0.0,5,29.7,24.7,75,1010.3,111,5.5,-9900,-9900,0.0,0.0
2022,6,23,13,60,0.0,0.0,0.0,0.0,0.0,5,29.3,24.3,75,1010.9,139,5.5,-9900,-9900,0.0,0.0
2022,6,23,14,60,0.0,0.0,0.0,0.0,0.0,5,29.0,24.0,76,1010.9,154,5.5,-9900,-9900,0.0,0.0
2022,6,23,15,60,0.0,0.0,0.0,0.0,0.0,5,28.8,23.8,77,1010.9,162,5.5,-9900,-9900,0.0,0.0
2022,6,23,16,60,0.0,0.0,0.0,0.0,0.0,5,28.5,23.5,79,1010.9,167,5.5,-9900,-9900,0.0,0.0
2022,6,23,17,60,0.0,0.0,0.0,0.0,0.0,5,27.1,22.1,78,1010.7,165,7.4,-9900,-9900,0.0,0.0
2022,6,23,18,60,0.0,0.0,0.0,0.0,0.0,5,27.0,22.0,78,1010.1,165,5.5,-9900,-9900,0.0,0.0
2022,6,23,19,60,0.0,0.0,0.0,0.0,0.0,5,26.8,21.8,79,1009.5,164,5.5,-9900,-9900,0.0,0.0
2022,6,23,20,60,0.0,0.0,0.0,0.0,0.0,5,26.7,21.7,79,1009.3,166,5.5,-9900,-9900,0.0,0.0
2022,6,23,21,60,0.0,0.0,0.0,0.0,0.0,5,26.6,21.6,78,1009.2,169,5.5,-9900,-9900,0.0,0.0
2022,6,23,22,60,0.0,0.0,0.0,0.0,0.0,5,26.6,21.6,78,1009.0,171,5.5,-9900,-9900,0.0,0.0
2022,6,23,23,60,0.0,0.0,0.0,0.0,0.0,5,27.0,22.0,78,1009.1,168,5.5,-9900,-9900,0.0,0.0
2022,6,23,24,60,0.0,0.0,0.0,0.0,0.0,5,28.1,23.1,75,1009.3,174,5.5,-9900,-9900,0.0,0.0
2022,6,24,1,60,0.0,0.0,0.0,0.0,0.0,5,29.2,24.2,72,1009.6,183,3.7,-9900,-9900,0.0,0.0
2022,6,24,2,60,0.0,0.0,0.0,0.0,0.0,5,30.9,25.9,64,1009.4,211,5.5,-9900,-9900,0.0,0.0
2022,6,24,3,60,0.0,0.0,0.0,0.0,0.0,5,32.5,27.5,58,1009.1,238,5.5,-9900,-9900,0.0,0.0
2022,6,24,4,60,0.0,0.0,0.0,0.0,0.0,5,34.2,29.2,52,1008.8,256,5.5,-9900,-9900,0.0,0.0
2022,6,24,5,60,0.0,0.0,0.0,0.0,0.0,5,33.8,28.8,54,1009.0,279,7.4,-9900,-9900,0.0,0.0
2022,6,24,6,60,0.0,0.0,0.0,0.0,0.0,5,33.4,28.4,57,1008.6,293,7.4,-9900,-9900,0.0,0.0
2022,6,24,7,60,0.0,0.0,0.0,0.0,0.0,5,32.9,27.9,60,1008.1,308,9.3,-9900,-9900,0.0,0.0
2022,6,24,8,60,0.0,0.0,0.0,0.0,0.0,5,31.8,26.8,63,1008.1,302,7.4,-9900,-9900,0.0,0.0
2022,6,24,9,60,0.0,0.0,0.0,0.0,0.0,5,30.7,25.7,67,1008.0,202,7.4,-9900,-9900,0.0,0.0
2022,6,24,10,60,0.0,0.0,0.0,0.0,0.0,5,29.6,24.6,70,1007.9,145,7.4,-9900,-9900,0.0,0.0
2022,6,24,11,60,0.0,0.0,0.0,0.0,0.0,5,26.6,21.6,84,1008.4,132,7.4,-9900,-9900,0.0,0.0
2022,6,24,12,60,0.0,0.0,0.0,0.0,0.0,5,26.8,21.8,82,1008.7,146,7.4,-9900,-9900,0.0,0.0
2022,6,24,13,60,0.0,0.0,0.0,0.0,0.0,5,27.1,22.1,80,1009.0,159,5.5,-9900,-9900,0.0,0.0
2022,6,24,14,60,0.0,0.0,0.0,0.0,0.0,5,27.0,22.0,80,1009.0,163,5.5,-9900,-9900,0.0,0.0
2022,6,24,15,60,0.0,0.0,0.0,0.0,0.0,5,26.9,21.9,81,1009.0,166,5.5,-9900,-9900,0.0,0.0
2022,6,24,16,60,0.0,0.0,0.0,0.0,0.0,5,26.8,21.8,81,1009.0,169,5.5,-9900,-9900,0.0,0.0
2022,6,24,17,60,0.0,0.0,0.0,0.0,0.0,5,25.5,20.5,89,1008.9,174,5.5,-9900,-9900,0.0,0.0
2022,6,24,18,60,0.0,0.0,0.0,0.0,0.0,5,25.4,20.4,88,1008.4,172,5.5,-9900,-9900,0.0,0.0
2022,6,24,19,60,0.0,0.0,0.0,0.0,0.0,5,25.4,20.4,88,1007.9,169,5.5,-9900,-9900,0.0,0.0
2022,6,24,20,60,0.0,0.0,0.0,0.0,0.0,5,25.4,20.4,87,1007.8,169,5.5,-9900,-9900,0.0,0.0
2022,6,24,21,60,0.0,0.0,0.0,0.0,0.0,5,25.4,20.4,86,1007.8,169,5.5,-9900,-9900,0.0,0.0
2022,6,24,22,60,0.0,0.0,0.0,0.0,0.0,5,25.4,20.4,86,1007.8,168,5.5,-9900,-9900,0.0,0.0
2022,6,24,23,60,0.0,0.0,0.0,0.0,0.0,5,26.4,21.4,84,1007.5,145,5.5,-9900,-9900,0.0,0.0
2022,6,24,24,60,0.0,0.0,0.0,0.0,0.0,5,27.2,22.2,80,1008.0,151,5.5,-9900,-9900,0.0,0.0
2022,6,25,1,60,0.0,0.0,0.0,0.0,0.0,5,28.1,23.1,76,1008.5,162,3.7,-9900,-9900,0.0,0.0
2022,6,25,2,60,0.0,0.0,0.0,0.0,0.0,5,29.8,24.8,69,1008.4,176,3.7,-9900,-9900,0.0,0.0
2022,6,25,3,60,0.0,0.0,0.0,0.0,0.0,5,31.4,26.4,63,1008.4,213,3.7,-9900,-9900,0.0,0.0
2022,6,25,4,60,0.0,0.0,0.0,0.0,0.0,5,33.1,28.1,57,1008.4,265,5.5,-9900,-9900,0.0,0.0
2022,6,25,5,60,0.0,0.0,0.0,0.0,0.0,5,32.5,27.5,60,1008.2,303,5.5,-9900,-9900,0.0,0.0
2022,6,25,6,60,0.0,0.0,0.0,0.0,0.0,5,31.8,26.8,63,1008.0,335,7.4,-9900,-9900,0.0,0.0
2022,6,25,7,60,0.0,0.0,0.0,0.0,0.0,5,31.2,26.2,66,1007.8,352,7.4,-9900,-9900,0.0,0.0
2022,6,25,8,60,0.0,0.0,0.0,0.0,0.0,5,30.4,25.4,69,1007.9,104,7.4,-9900,-9900,0.0,0.0
2022,6,25,9,60,0.0,0.0,0.0,0.0,0.0,5,29.6,24.6,71,1008.1,141,7.4,-9900,-9900,0.0,0.0
2022,6,25,10,60,0.0,0.0,0.0,0.0,0.0,5,28.7,23.7,74,1008.2,147,7.4,-9900,-9900,0.0,0.0
2022,6,25,11,60,0.0,0.0,0.0,0.0,0.0,5,26.6,21.6,86,1008.7,114,9.3,-9900,-9900,0.0,0.0
2022,6,25,12,60,0.0,0.0,0.0,0.0,0.0,5,26.6,21.6,84,1009.1,122,7.4,-9900,-9900,0.0,0.0
2022,6,25,13,60,0.0,0.0,0.0,0.0,0.0,5,26.6,21.6,83,1009.5,133,5.5,-9900,-9900,0.0,0.0
2022,6,25,14,60,0.0,0.0,0.0,0.0,0.0,5,26.6,21.6,84,1009.6,138,5.5,-9900,-9900,0.0,0.0
2022,6,25,15,60,0.0,0.0,0.0,0.0,0.0,5,26.6,21.6,84,1009.7,142,5.5,-9900,-9900,0.0,0.0
2022,6,25,16,60,0.0,0.0,0.0,0.0,0.0,5,26.6,21.6,84,1009.7,146,5.5,-9900,-9900,0.0,0.0
2022,6,25,17,60,0.0,0.0,0.0,0.0,0.0,5,26.2,21.2,87,1009.8,168,5.5,-9900,-9900,0.0,0.0
2022,6,25,18,60,0.0,0.0,0.0,0.0,0.0,5,26.0,21.0,87,1009.6,172,5.5,-9900,-9900,0.0,0.0
2022,6,25,19,60,0.0,0.0,0.0,0.0,0.0,5,25.8,20.8,87,1009.4,176,5.5,-9900,-9900,0.0,0.0
2022,6,25,20,60,0.0,0.0,0.0,0.0,0.0,5,25.6,20.6,88,1009.6,172,5.5,-9900,-9900,0.0,0.0
2022,6,25,21,60,0.0,0.0,0.0,0.0,0.0,5,25.6,20.6,87,1009.8,168,5.5,-9900,-9900,0.0,0.0
2022,6,25,22,60,0.0,0.0,0.0,0.0,0.0,5,25.5,20.5,87,1010.1,165,5.5,-9900,-9900,0.0,0.0
2022,6,25,23,60,0.0,0.0,0.0,0.0,0.0,5,26.8,21.8,81,1010.3,124,7.4,-9900,-9900,0.0,0.0
2022,6,25,24,60,0.0,0.0,0.0,0.0,0.0,5,27.8,22.8,78,1010.7,122,5.5,-9900,-9900,0.0,0.0
2022,6,26,1,60,0.0,0.0,0.0,0.0,0.0,5,28.8,23.8,74,1011.1,120,5.5,-9900,-9900,0.0,0.0
2022,6,26,2,60,0.0,0.0,0.0,0.0,0.0,5,30.4,25.4,67,1011.0,111,5.5,-9900,-9900,0.0,0.0
2022,6,26,3,60,0.0,0.0,0.0,0.0,0.0,5,32.1,27.1,60,1010.9,88,3.7,-9900,-9900,0.0,0.0
2022,6,26,4,60,0.0,0.0,0.0,0.0,0.0,5,33.7,28.7,55,1010.7,33,3.7,-9900,-9900,0.0,0.0
2022,6,26,5,60,0.0,0.0,0.0,0.0,0.0,5,33.2,28.2,58,1010.7,8,5.5,-9900,-9900,0.0,0.0
2022,6,26,6,60,0.0,0.0,0.0,0.0,0.0,5,33.0,28.0,59,1010.2,11,5.5,-9900,-9900,0.0,0.0
2022,6,26,7,60,0.0,0.0,0.0,0.0,0.0,5,32.7,27.7,61,1009.8,12,7.4,-9900,-9900,0.0,0.0
2022,6,26,8,60,0.0,0.0,0.0,0.0,0.0,5,31.6,26.6,65,1009.9,23,7.4,-9900,-9900,0.0,0.0
2022,6,26,9,60,0.0,0.0,0.0,0.0,0.0,5,30.4,25.4,69,1009.9,56,7.4,-9900,-9900,0.0,0.0
2022,6,26,10,60,0.0,0.0,0.0,0.0,0.0,5,29.3,24.3,73,1009.9,125,7.4,-9900,-9900,0.0,0.0
2022,6,26,11,60,0.0,0.0,0.0,0.0,0.0,5,29.6,24.6,73,1010.0,133,7.4,-9900,-9900,0.0,0.0
2022,6,26,12,60,0.0,0.0,0.0,0.0,0.0,5,29.1,24.1,74,1010.4,132,7.4,-9900,-9900,0.0,0.0
2022,6,26,13,60,0.0,0.0,0.0,0.0,0.0,5,28.6,23.6,75,1010.7,131,7.4,-9900,-9900,0.0,0.0
2022,6,26,14,60,0.0,0.0,0.0,0.0,0.0,5,28.5,23.5,75,1010.7,132,7.4,-9900,-9900,0.0,0.0
2022,6,26,15,60,0.0,0.0,0.0,0.0,0.0,5,28.3,23.3,76,1010.8,133,7.4,-9900,-9900,0.0,0.0
2022,6,26,16,60,0.0,0.0,0.0,0.0,0.0,5,28.2,23.2,76,1010.8,134,7.4,-9900,-9900,0.0,0.0
2022,6,26,17,60,0.0,0.0,0.0,0.0,0.0,5,28.1,23.1,79,1010.6,133,7.4,-9900,-9900,0.0,0.0
2022,6,26,18,60,0.0,0.0,0.0,0.0,0.0,5,27.8,22.8,79,1010.3,141,5.5,-9900,-9900,0.0,0.0
2022,6,26,19,60,0.0,0.0,0.0,0.0,0.0,5,27.5,22.5,79,1009.9,151,5.5,-9900,-9900,0.0,0.0
2022,6,26,20,60,0.0,0.0,0.0,0.0,0.0,5,27.2,22.2,80,1009.9,155,5.5,-9900,-9900,0.0,0.0
2022,6,26,21,60,0.0,0.0,0.0,0.0,0.0,5,26.9,21.9,80,1009.9,159,5.5,-9900,-9900,0.0,0.0
2022,6,26,22,60,0.0,0.0,0.0,0.0,0.0,5,26.7,21.7,80,1009.8,162,5.5,-9900,-9900,0.0,0.0
2022,6,26,23,60,0.0,0.0,0.0,0.0,0.0,5,28.0,23.0,77,1010.4,146,5.5,-9900,-9900,0.0,0.0
2022,6,26,24,60,0.0,0.0,0.0,0.0,0.0,5,28.9,23.9,74,1010.6,145,3.7,-9900,-9900,0.0,0.0
2022,6,27,1,60,0.0,0.0,0.0,0.0,0.0,5,29.8,24.8,70,1010.8,143,3.7,-9900,-9900,0.0,0.0
2022,6,27,2,60,0.0,0.0,0.0,0.0,0.0,5,31.2,26.2,65,1010.4,147,3.7,-9900,-9900,0.0,0.0
2022,6,27,3,60,0.0,0.0,0.0,0.0,0.0,5,32.7,27.7,59,1010.0,201,3.7,-9900,-9900,0.0,0.0
2022,6,27,4,60,0.0,0.0,0.0,0.0,0.0,5,34.1,29.1,54,1009.5,307,3.7,-9900,-9900,0.0,0.0
2022,6,27,5,60,0.0,0.0,0.0,0.0,0.0,5,33.5,28.5,58,1009.4,320,5.5,-9900,-9900,0.0,0.0
2022,6,27,6,60,0.0,0.0,0.0,0.0,0.0,5,33.2,28.2,60,1008.9,340,5.5,-9900,-9900,0.0,0.0
2022,6,27,7,60,0.0,0.0,0.0,0.0,0.0,5,32.8,27.8,62,1008.4,350,7.4,-9900,-9900,0.0,0.0
2022,6,27,8,60,0.0,0.0,0.0,0.0,0.0,5,31.9,26.9,65,1008.1,11,7.4,-9900,-9900,0.0,0.0
2022,6,27,9,60,0.0,0.0,0.0,0.0,0.0,5,30.9,25.9,68,1007.8,50,7.4,-9900,-9900,0.0,0.0
2022,6,27,10,60,0.0,0.0,0.0,0.0,0.0,5,30.0,25.0,71,1007.5,83,7.4,-9900,-9900,0.0,0.0
2022,6,27,11,60,0.0,0.0,0.0,0.0,0.0,5,28.5,23.5,80,1008.4,127,7.4,-9900,-9900,0.0,0.0
2022,6,27,12,60,0.0,0.0,0.0,0.0,0.0,5,28.4,23.4,79,1008.4,121,7.4,-9900,-9900,0.0,0.0
2022,6,27,13,60,0.0,0.0,0.0,0.0,0.0,5,28.4,23.4,78,1008.4,117,7.4,-9900,-9900,0.0,0.0
2022,6,27,14,60,0.0,0.0,0.0,0.0,0.0,5,28.4,23.4,78,1008.4,119,7.4,-9900,-9900,0.0,0.0
2022,6,27,15,60,0.0,0.0,0.0,0.0,0.0,5,28.4,23.4,78,1008.3,121,7.4,-9900,-9900,0.0,0.0
2022,6,27,16,60,0.0,0.0,0.0,0.0,0.0,5,28.4,23.4,78,1008.3,124,7.4,-9900,-9900,0.0,0.0
2022,6,27,17,60,0.0,0.0,0.0,0.0,0.0,5,28.2,23.2,76,1007.6,108,9.3,-9900,-9900,0.0,0.0
2022,6,27,18,60,0.0,0.0,0.0,0.0,0.0,5,28.0,23.0,76,1007.4,123,7.4,-9900,-9900,0.0,0.0
2022,6,27,19,60,0.0,0.0,0.0,0.0,0.0,5,27.8,22.8,77,1007.2,148,5.5,-9900,-9900,0.0,0.0
2022,6,27,20,60,0.0,0.0,0.0,0.0,0.0,5,27.4,22.4,78,1007.3,151,5.5,-9900,-9900,0.0,0.0
2022,6,27,21,60,0.0,0.0,0.0,0.0,0.0,5,27.1,22.1,79,1007.3,153,5.5,-9900,-9900,0.0,0.0
2022,6,27,22,60,0.0,0.0,0.0,0.0,0.0,5,26.9,21.9,79,1007.3,156,5.5,-9900,-9900,0.0,0.0
2022,6,27,23,60,0.0,0.0,0.0,0.0,0.0,5,27.7,22.7,77,1007.4,149,5.5,-9900,-9900,0.0,0.0
2022,6,27,24,60,0.0,0.0,0.0,0.0,0.0,5,28.7,23.7,74,1007.4,140,5.5,-9900,-9900,0.0,0.0
2022,6,28,1,60,0.0,0.0,0.0,0.0,0.0,5,29.6,24.6,72,1007.5,128,3.7,-9900,-9900,0.0,0.0
2022,6,28,2,60,0.0,0.0,0.0,0.0,0.0,5,31.1,26.1,66,1007.1,113,3.7,-9900,-9900,0.0,0.0
2022,6,28,3,60,0.0,0.0,0.0,0.0,0.0,5,32.7,27.7,61,1006.7,73,3.7,-9900,-9900,0.0,0.0
2022,6,28,4,60,0.0,0.0,0.0,0.0,0.0,5,34.2,29.2,56,1006.4,18,3.7,-9900,-9900,0.0,0.0
2022,6,28,5,60,0.0,0.0,0.0,0.0,0.0,5,33.4,28.4,58,1005.9,358,5.5,-9900,-9900,0.0,0.0
2022,6,28,6,60,0.0,0.0,0.0,0.0,0.0,5,33.2,28.2,59,1005.4,6,5.5,-9900,-9900,0.0,0.0
2022,6,28,7,60,0.0,0.0,0.0,0.0,0.0,5,33.1,28.1,60,1005.0,10,7.4,-9900,-9900,0.0,0.0
2022,6,28,8,60,0.0,0.0,0.0,0.0,0.0,5,32.2,27.2,63,1004.9,28,7.4,-9900,-9900,0.0,0.0
2022,6,28,9,60,0.0,0.0,0.0,0.0,0.0,5,31.3,26.3,66,1004.7,67,7.4,-9900,-9900,0.0,0.0
2022,6,28,10,60,0.0,0.0,0.0,0.0,0.0,5,30.4,25.4,70,1004.6,108,7.4,-9900,-9900,0.0,0.0
2022,6,28,11,60,0.0,0.0,0.0,0.0,0.0,5,30.2,25.2,68,1004.7,124,9.3,-9900,-9900,0.0,0.0
2022,6,28,12,60,0.0,0.0,0.0,0.0,0.0,5,29.8,24.8,69,1005.0,126,9.3,-9900,-9900,0.0,0.0
2022,6,28,13,60,0.0,0.0,0.0,0.0,0.0,5,29.4,24.4,70,1005.3,127,7.4,-9900,-9900,0.0,0.0
2022,6,28,14,60,0.0,0.0,0.0,0.0,0.0,5,29.2,24.2,71,1005.3,132,7.4,-9900,-9900,0.0,0.0
2022,6,28,15,60,0.0,0.0,0.0,0.0,0.0,5,29.0,24.0,72,1005.3,139,7.4,-9900,-9900,0.0,0.0
2022,6,28,16,60,0.0,0.0,0.0,0.0,0.0,5,28.8,23.8,73,1005.3,147,7.4,-9900,-9900,0.0,0.0
2022,6,28,17,60,0.0,0.0,0.0,0.0,0.0,5,28.9,23.9,71,1005.2,158,7.4,-9900,-9900,0.0,0.0
2022,6,28,18,60,0.0,0.0,0.0,0.0,0.0,5,28.5,23.5,72,1004.9,169,7.4,-9900,-9900,0.0,0.0
2022,6,28,19,60,0.0,0.0,0.0,0.0,0.0,5,28.2,23.2,73,1004.6,181,5.5,-9900,-9900,0.0,0.0
2022,6,28,20,60,0.0,0.0,0.0,0.0,0.0,5,27.9,22.9,74,1004.7,177,5.5,-9900,-9900,0.0,0.0
2022,6,28,21,60,0.0,0.0,0.0,0.0,0.0,5,27.6,22.6,75,1004.7,174,5.5,-9900,-9900,0.0,0.0
2022,6,28,22,60,0.0,0.0,0.0,0.0,0.0,5,27.3,22.3,77,1004.8,170,5.5,-9900,-9900,0.0,0.0
2022,6,28,23,60,0.0,0.0,0.0,0.0,0.0,5,28.9,23.9,69,1004.6,188,5.5,-9900,-9900,0.0,0.0
2022,6,28,24,60,0.0,0.0,0.0,0.0,0.0,5,29.7,24.7,67,1005.0,184,3.7,-9900,-9900,0.0,0.0
2022,6,29,1,60,0.0,0.0,0.0,0.0,0.0,5,30.5,25.5,65,1005.4,178,3.7,-9900,-9900,0.0,0.0
2022,6,29,2,60,0.0,0.0,0.0,0.0,0.0,5,31.5,26.5,62,1005.3,160,3.7,-9900,-9900,0.0,0.0
2022,6,29,3,60,0.0,0.0,0.0,0.0,0.0,5,32.6,27.6,58,1005.3,105,5.5,-9900,-9900,0.0,0.0
2022,6,29,4,60,0.0,0.0,0.0,0.0,0.0,5,33.6,28.6,55,1005.3,55,5.5,-9900,-9900,0.0,0.0
2022,6,29,5,60,0.0,0.0,0.0,0.0,0.0,5,32.9,27.9,61,1004.8,7,5.5,-9900,-9900,0.0,0.0
2022,6,29,6,60,0.0,0.0,0.0,0.0,0.0,5,32.6,27.6,62,1004.5,32,7.4,-9900,-9900,0.0,0.0
2022,6,29,7,60,0.0,0.0,0.0,0.0,0.0,5,32.3,27.3,63,1004.2,40,9.3,-9900,-9900,0.0,0.0
2022,6,29,8,60,0.0,0.0,0.0,0.0,0.0,5,31.6,26.6,65,1004.1,62,9.3,-9900,-9900,0.0,0.0
2022,6,29,9,60,0.0,0.0,0.0,0.0,0.0,5,30.9,25.9,66,1003.9,85,9.3,-9900,-9900,0.0,0.0
2022,6,29,10,60,0.0,0.0,0.0,0.0,0.0,5,30.1,25.1,68,1003.8,104,9.3,-9900,-9900,0.0,0.0
2022,6,29,11,60,0.0,0.0,0.0,0.0,0.0,5,29.9,24.9,70,1003.9,124,7.4,-9900,-9900,0.0,0.0
2022,6,29,12,60,0.0,0.0,0.0,0.0,0.0,5,29.6,24.6,70,1004.4,123,7.4,-9900,-9900,0.0,0.0
2022,6,29,13,60,0.0,0.0,0.0,0.0,0.0,5,29.2,24.2,71,1005.0,123,7.4,-9900,-9900,0.0,0.0
2022,6,29,14,60,0.0,0.0,0.0,0.0,0.0,5,29.1,24.1,71,1005.1,120,7.4,-9900,-9900,0.0,0.0
2022,6,29,15,60,0.0,0.0,0.0,0.0,0.0,5,29.1,24.1,70,1005.3,117,7.4,-9900,-9900,0.0,0.0
2022,6,29,16,60,0.0,0.0,0.0,0.0,0.0,5,29.0,24.0,70,1005.4,115,7.4,-9900,-9900,0.0,0.0
2022,6,29,17,60,0.0,0.0,0.0,0.0,0.0,5,27.9,22.9,69,1005.8,98,9.3,-9900,-9900,0.0,0.0
2022,6,29,18,60,0.0,0.0,0.0,0.0,0.0,5,27.7,22.7,69,1005.2,104,9.3,-9900,-9900,0.0,0.0
2022,6,29,19,60,0.0,0.0,0.0,0.0,0.0,5,27.7,22.7,70,1004.7,109,7.4,-9900,-9900,0.0,0.0
2022,6,29,20,60,0.0,0.0,0.0,0.0,0.0,5,27.7,22.7,71,1004.5,111,7.4,-9900,-9900,0.0,0.0
2022,6,29,21,60,0.0,0.0,0.0,0.0,0.0,5,27.7,22.7,71,1004.4,112,9.3,-9900,-9900,0.0,0.0
2022,6,29,22,60,0.0,0.0,0.0,0.0,0.0,5,27.7,22.7,72,1004.2,113,9.3,-9900,-9900,0.0,0.0
2022,6,29,23,60,0.0,0.0,0.0,0.0,0.0,5,29.0,24.0,68,1005.3,101,11.1,-9900,-9900,0.0,0.0
2022,6,29,24,60,0.0,0.0,0.0,0.0,0.0,5,29.7,24.7,65,1005.4,101,13.0,-9900,-9900,0.0,0.0
2022,6,30,1,60,0.0,0.0,0.0,0.0,0.0,5,30.4,25.4,62,1005.5,102,13.0,-9900,-9900,0.0,0.0
2022,6,30,2,60,0.0,0.0,0.0,0.0,0.0,5,31.4,26.4,59,1005.2,106,14.8,-9900,-9900,0.0,0.0
2022,6,30,3,60,0.0,0.0,0.0,0.0,0.0,5,32.4,27.4,55,1004.9,110,16.7,-9900,-9900,0.0,0.0
2022,6,30,4,60,0.0,0.0,0.0,0.0,0.0,5,33.4,28.4,52,1004.5,112,20.4,-9900,-9900,0.0,0.0
2022,6,30,5,60,0.0,0.0,0.0,0.0,0.0,5,33.6,28.6,52,1004.0,113,18.5,-9900,-9900,0.0,0.0
2022,6,30,6,60,0.0,0.0,0.0,0.0,0.0,5,33.6,28.6,52,1003.6,117,18.5,-9900,-9900,0.0,0.0
2022,6,30,7,60,0.0,0.0,0.0,0.0,0.0,5,33.6,28.6,51,1003.2,121,20.4,-9900,-9900,0.0,0.0
2022,6,30,8,60,0.0,0.0,0.0,0.0,0.0,5,32.8,27.8,54,1003.0,120,18.5,-9900,-9900,0.0,0.0
2022,6,30,9,60,0.0,0.0,0.0,0.0,0.0,5,32.0,27.0,57,1002.9,118,18.5,-9900,-9900,0.0,0.0
2022,6,30,10,60,0.0,0.0,0.0,0.0,0.0,5,31.2,26.2,61,1002.7,117,18.5,-9900,-9900,0.0,0.0
2022,6,30,11,60,0.0,0.0,0.0,0.0,0.0,5,30.8,25.8,62,1003.2,114,18.5,-9900,-9900,0.0,0.0
2022,6,30,12,60,0.0,0.0,0.0,0.0,0.0,5,30.3,25.3,63,1003.7,111,18.5,-9900,-9900,0.0,0.0
2022,6,30,13,60,0.0,0.0,0.0,0.0,0.0,5,29.9,24.9,64,1004.2,108,16.7,-9900,-9900,0.0,0.0
2022,6,30,14,60,0.0,0.0,0.0,0.0,0.0,5,29.7,24.7,66,1004.6,104,16.7,-9900,-9900,0.0,0.0
2022,6,30,15,60,0.0,0.0,0.0,0.0,0.0,5,29.6,24.6,67,1005.0,100,14.8,-9900,-9900,0.0,0.0
2022,6,30,16,60,0.0,0.0,0.0,0.0,0.0,5,29.4,24.4,68,1005.5,96,14.8,-9900,-9900,0.0,0.0
2022,6,30,17,60,0.0,0.0,0.0,0.0,0.0,5,29.6,24.6,66,1005.2,101,14.8,-9900,-9900,0.0,0.0
2022,6,30,18,60,0.0,0.0,0.0,0.0,0.0,5,29.5,24.5,66,1004.8,100,14.8,-9900,-9900,0.0,0.0
2022,6,30,19,60,0.0,0.0,0.0,0.0,0.0,5,29.3,24.3,67,1004.5,99,14.8,-9900,-9900,0.0,0.0
2022,6,30,20,60,0.0,0.0,0.0,0.0,0.0,5,29.1,24.1,68,1004.5,99,14.8,-9900,-9900,0.0,0.0
2022,6,30,21,60,0.0,0.0,0.0,0.0,0.0,5,29.0,24.0,68,1004.6,98,14.8,-9900,-9900,0.0,0.0
2022,6,30,22,60,0.0,0.0,0.0,0.0,0.0,5,28.9,23.9,69,1004.6,97,14.8,-9900,-9900,0.0,0.0
2022,6,30,23,60,0.0,0.0,0.0,0.0,0.0,5,29.5,24.5,67,1005.9,92,13.0,-9900,-9900,0.0,0.0
2022,6,30,24,60,0.0,0.0,0.0,0.0,0.0,5,30.2,25.2,63,1006.1,94,14.8,-9900,-9900,0.0,0.0
2022,7,1,1,60,0.0,0.0,0.0,0.0,0.0,5,31.0,26.0,60,1006.4,96,14.8,-9900,-9900,0.0,0.0
2022,7,1,2,60,0.0,0.0,0.0,0.0,0.0,5,31.8,26.8,57,1006.3,103,16.7,-9900,-9900,0.0,0.0
2022,7,1,3,60,0.0,0.0,0.0,0.0,0.0,5,32.6,27.6,54,1006.2,108,18.5,-9900,-9900,0.0,0.0
2022,7,1,4,60,0.0,0.0,0.0,0.0,0.0,5,33.5,28.5,51,1006.1,113,18.5,-9900,-9900,0.0,0.0
2022,7,1,5,60,0.0,0.0,0.0,0.0,0.0,5,32.4,27.4,56,1005.7,112,20.4,-9900,-9900,0.0,0.0
2022,7,1,6,60,0.0,0.0,0.0,0.0,0.0,5,32.6,27.6,55,1005.3,116,18.5,-9900,-9900,0.0,0.0
2022,7,1,7,60,0.0,0.0,0.0,0.0,0.0,5,32.8,27.8,54,1004.9,120,18.5,-9900,-9900,0.0,0.0
2022,7,1,8,60,0.0,0.0,0.0,0.0,0.0,5,32.1,27.1,57,1004.8,118,18.5,-9900,-9900,0.0,0.0
2022,7,1,9,60,0.0,0.0,0.0,0.0,0.0,5,31.4,26.4,60,1004.7,116,16.7,-9900,-9900,0.0,0.0
2022,7,1,10,60,0.0,0.0,0.0,0.0,0.0,5,30.7,25.7,62,1004.6,113,16.7,-9900,-9900,0.0,0.0
2022,7,1,11,60,0.0,0.0,0.0,0.0,0.0,5,30.2,25.2,63,1005.5,108,14.8,-9900,-9900,0.0,0.0
2022,7,1,12,60,0.0,0.0,0.0,0.0,0.0,5,29.8,24.8,65,1005.8,106,14.8,-9900,-9900,0.0,0.0
2022,7,1,13,60,0.0,0.0,0.0,0.0,0.0,5,29.4,24.4,66,1006.2,104,14.8,-9900,-9900,0.0,0.0
2022,7,1,14,60,0.0,0.0,0.0,0.0,0.0,5,29.2,24.2,67,1006.4,102,14.8,-9900,-9900,0.0,0.0
2022,7,1,15,60,0.0,0.0,0.0,0.0,0.0,5,29.1,24.1,68,1006.6,101,13.0,-9900,-9900,0.0,0.0
2022,7,1,16,60,0.0,0.0,0.0,0.0,0.0,5,28.9,23.9,70,1006.8,99,11.1,-9900,-9900,0.0,0.0
2022,7,1,17,60,0.0,0.0,0.0,0.0,0.0,5,28.6,23.6,71,1006.6,102,11.1,-9900,-9900,0.0,0.0
2022,7,1,18,60,0.0,0.0,0.0,0.0,0.0,5,28.3,23.3,72,1006.4,106,9.3,-9900,-9900,0.0,0.0
2022,7,1,19,60,0.0,0.0,0.0,0.0,0.0,5,28.1,23.1,72,1006.2,113,7.4,-9900,-9900,0.0,0.0
2022,7,1,20,60,0.0,0.0,0.0,0.0,0.0,5,27.8,22.8,73,1006.3,117,7.4,-9900,-9900,0.0,0.0
2022,7,1,21,60,0.0,0.0,0.0,0.0,0.0,5,27.5,22.5,75,1006.5,121,7.4,-9900,-9900,0.0,0.0
2022,7,1,22,60,0.0,0.0,0.0,0.0,0.0,5,27.3,22.3,76,1006.6,126,5.5,-9900,-9900,0.0,0.0
2022,7,1,23,60,0.0,0.0,0.0,0.0,0.0,5,28.2,23.2,72,1007.5,134,5.5,-9900,-9900,0.0,0.0
2022,7,1,24,60,0.0,0.0,0.0,0.0,0.0,5,28.8,23.8,71,1007.7,124,5.5,-9900,-9900,0.0,0.0
2022,7,2,1,60,0.0,0.0,0.0,0.0,0.0,5,29.4,24.4,69,1008.0,113,3.7,-9900,-9900,0.0,0.0
2022,7,2,2,60,0.0,0.0,0.0,0.0,0.0,5,30.2,25.2,67,1007.7,106,3.7,-9900,-9900,0.0,0.0
2022,7,2,3,60,0.0,0.0,0.0,0.0,0.0,5,31.1,26.1,64,1007.4,97,3.7,-9900,-9900,0.0,0.0
2022,7,2,4,60,0.0,0.0,0.0,0.0,0.0,5,31.9,26.9,61,1007.2,87,5.5,-9900,-9900,0.0,0.0
2022,7,2,5,60,0.0,0.0,0.0,0.0,0.0,5,30.2,25.2,71,1006.7,47,5.5,-9900,-9900,0.0,0.0
2022,7,2,6,60,0.0,0.0,0.0,0.0,0.0,5,30.1,25.1,71,1006.3,40,5.5,-9900,-9900,0.0,0.0
2022,7,2,7,60,0.0,0.0,0.0,0.0,0.0,5,30.0,25.0,72,1006.0,36,7.4,-9900,-9900,0.0,0.0
2022,7,2,8,60,0.0,0.0,0.0,0.0,0.0,5,29.5,24.5,73,1006.1,41,7.4,-9900,-9900,0.0,0.0
2022,7,2,9,60,0.0,0.0,0.0,0.0,0.0,5,28.9,23.9,74,1006.2,50,7.4,-9900,-9900,0.0,0.0
2022,7,2,10,60,0.0,0.0,0.0,0.0,0.0,5,28.3,23.3,76,1006.3,64,7.4,-9900,-9900,0.0,0.0
2022,7,2,11,60,0.0,0.0,0.0,0.0,0.0,5,27.3,22.3,83,1006.5,124,5.5,-9900,-9900,0.0,0.0
2022,7,2,12,60,0.0,0.0,0.0,0.0,0.0,5,27.2,22.2,83,1006.8,112,5.5,-9900,-9900,0.0,0.0
2022,7,2,13,60,0.0,0.0,0.0,0.0,0.0,5,27.1,22.1,83,1007.2,101,5.5,-9900,-9900,0.0,0.0
2022,7,2,14,60,0.0,0.0,0.0,0.0,0.0,5,27.1,22.1,82,1007.3,117,5.5,-9900,-9900,0.0,0.0
2022,7,2,15,60,0.0,0.0,0.0,0.0,0.0,5,27.1,22.1,81,1007.4,140,5.5,-9900,-9900,0.0,0.0
2022,7,2,16,60,0.0,0.0,0.0,0.0,0.0,5,27.1,22.1,80,1007.5,165,3.7,-9900,-9900,0.0,0.0
2022,7,2,17,60,0.0,0.0,0.0,0.0,0.0,5,27.2,22.2,83,1007.0,170,5.5,-9900,-9900,0.0,0.0
2022,7,2,18,60,0.0,0.0,0.0,0.0,0.0,5,26.9,21.9,83,1006.7,174,3.7,-9900,-9900,0.0,0.0
2022,7,2,19,60,0.0,0.0,0.0,0.0,0.0,5,26.6,21.6,84,1006.3,179,3.7,-9900,-9900,0.0,0.0
2022,7,2,20,60,0.0,0.0,0.0,0.0,0.0,5,26.4,21.4,85,1006.3,179,3.7,-9900,-9900,0.0,0.0
2022,7,2,21,60,0.0,0.0,0.0,0.0,0.0,5,26.1,21.1,86,1006.2,179,5.5,-9900,-9900,0.0,0.0
2022,7,2,22,60,0.0,0.0,0.0,0.0,0.0,5,25.9,20.9,86,1006.2,179,5.5,-9900,-9900,0.0,0.0
2022,7,2,23,60,0.0,0.0,0.0,0.0,0.0,5,26.7,21.7,83,1006.4,183,5.5,-9900,-9900,0.0,0.0
2022,7,2,24,60,0.0,0.0,0.0,0.0,0.0,5,27.4,22.4,80,1006.6,190,3.7,-9900,-9900,0.0,0.0
2022,7,3,1,60,0.0,0.0,0.0,0.0,0.0,5,28.1,23.1,78,1006.8,201,3.7,-9900,-9900,0.0,0.0
2022,7,3,2,60,0.0,0.0,0.0,0.0,0.0,5,29.3,24.3,74,1006.6,245,3.7,-9900,-9900,0.0,0.0
2022,7,3,3,60,0.0,0.0,0.0,0.0,0.0,5,30.4,25.4,70,1006.4,277,5.5,-9900,-9900,0.0,0.0
2022,7,3,4,60,0.0,0.0,0.0,0.0,0.0,5,31.6,26.6,66,1006.2,292,5.5,-9900,-9900,0.0,0.0
2022,7,3,5,60,0.0,0.0,0.0,0.0,0.0,5,31.7,26.7,65,1006.2,298,7.4,-9900,-9900,0.0,0.0
2022,7,3,6,60,0.0,0.0,0.0,0.0,0.0,5,31.3,26.3,67,1005.8,310,7.4,-9900,-9900,0.0,0.0
2022,7,3,7,60,0.0,0.0,0.0,0.0,0.0,5,31.0,26.0,68,1005.3,321,7.4,-9900,-9900,0.0,0.0
2022,7,3,8,60,0.0,0.0,0.0,0.0,0.0,5,30.5,25.5,70,1005.1,321,7.4,-9900,-9900,0.0,0.0
2022,7,3,9,60,0.0,0.0,0.0,0.0,0.0,5,30.0,25.0,72,1004.8,321,7.4,-9900,-9900,0.0,0.0
2022,7,3,10,60,0.0,0.0,0.0,0.0,0.0,5,29.5,24.5,75,1004.5,322,7.4,-9900,-9900,0.0,0.0
2022,7,3,11,60,0.0,0.0,0.0,0.0,0.0,5,29.4,24.4,79,1005.0,259,7.4,-9900,-9900,0.0,0.0
2022,7,3,12,60,0.0,0.0,0.0,0.0,0.0,5,29.0,24.0,80,1005.3,243,5.5,-9900,-9900,0.0,0.0
2022,7,3,13,60,0.0,0.0,0.0,0.0,0.0,5,28.7,23.7,80,1005.7,224,5.5,-9900,-9900,0.0,0.0
2022,7,3,14,60,0.0,0.0,0.0,0.0,0.0,5,28.5,23.5,80,1005.7,220,5.5,-9900,-9900,0.0,0.0
2022,7,3,15,60,0.0,0.0,0.0,0.0,0.0,5,28.4,23.4,80,1005.6,215,5.5,-9900,-9900,0.0,0.0
2022,7,3,16,60,0.0,0.0,0.0,0.0,0.0,5,28.2,23.2,81,1005.6,210,5.5,-9900,-9900,0.0,0.0
2022,7,3,17,60,0.0,0.0,0.0,0.0,0.0,5,28.6,23.6,80,1005.1,211,5.5,-9900,-9900,0.0,0.0
2022,7,3,18,60,0.0,0.0,0.0,0.0,0.0,5,28.2,23.2,81,1004.6,200,3.7,-9900,-9900,0.0,0.0
2022,7,3,19,60,0.0,0.0,0.0,0.0,0.0,5,27.9,22.9,82,1004.2,188,3.7,-9900,-9900,0.0,0.0
2022,7,3,20,60,0.0,0.0,0.0,0.0,0.0,5,27.6,22.6,83,1004.1,180,3.7,-9900,-9900,0.0,0.0
2022,7,3,21,60,0.0,0.0,0.0,0.0,0.0,5,27.3,22.3,83,1004.0,173,3.7,-9900,-9900,0.0,0.0
2022,7,3,22,60,0.0,0.0,0.0,0.0,0.0,5,27.0,22.0,84,1004.0,167,3.7,-9900,-9900,0.0,0.0
2022,7,3,23,60,0.0,0.0,0.0,0.0,0.0,5,27.7,22.7,79,1004.7,159,3.7,-9900,-9900,0.0,0.0
2022,7,3,24,60,0.0,0.0,0.0,0.0,0.0,5,28.4,23.4,77,1004.9,166,3.7,-9900,-9900,0.0,0.0
2022,7,4,1,60,0.0,0.0,0.0,0.0,0.0,5,29.2,24.2,74,1005.2,177,3.7,-9900,-9900,0.0,0.0
2022,7,4,2,60,0.0,0.0,0.0,0.0,0.0,5,30.4,25.4,69,1004.9,211,3.7,-9900,-9900,0.0,0.0
2022,7,4,3,60,0.0,0.0,0.0,0.0,0.0,5,31.7,26.7,64,1004.6,246,3.7,-9900,-9900,0.0,0.0
2022,7,4,4,60,0.0,0.0,0.0,0.0,0.0,5,32.9,27.9,60,1004.3,266,5.5,-9900,-9900,0.0,0.0
2022,7,4,5,60,0.0,0.0,0.0,0.0,0.0,5,32.4,27.4,63,1004.0,286,5.5,-9900,-9900,0.0,0.0
2022,7,4,6,60,0.0,0.0,0.0,0.0,0.0,5,31.9,26.9,66,1003.8,315,7.4,-9900,-9900,0.0,0.0
2022,7,4,7,60,0.0,0.0,0.0,0.0,0.0,5,31.4,26.4,69,1003.6,343,7.4,-9900,-9900,0.0,0.0
2022,7,4,8,60,0.0,0.0,0.0,0.0,0.0,5,30.6,25.6,71,1003.6,11,7.4,-9900,-9900,0.0,0.0
2022,7,4,9,60,0.0,0.0,0.0,0.0,0.0,5,29.7,24.7,75,1003.6,74,7.4,-9900,-9900,0.0,0.0
2022,7,4,10,60,0.0,0.0,0.0,0.0,0.0,5,28.9,23.9,78,1003.6,107,7.4,-9900,-9900,0.0,0.0
2022,7,4,11,60,0.0,0.0,0.0,0.0,0.0,5,28.0,23.0,86,1005.0,122,7.4,-9900,-9900,0.0,0.0
2022,7,4,12,60,0.0,0.0,0.0,0.0,0.0,5,28.0,23.0,85,1005.3,128,5.5,-9900,-9900,0.0,0.0
2022,7,4,13,60,0.0,0.0,0.0,0.0,0.0,5,28.1,23.1,84,1005.6,134,5.5,-9900,-9900,0.0,0.0
2022,7,4,14,60,0.0,0.0,0.0,0.0,0.0,5,28.0,23.0,84,1005.8,138,5.5,-9900,-9900,0.0,0.0
2022,7,4,15,60,0.0,0.0,0.0,0.0,0.0,5,28.0,23.0,83,1006.1,141,5.5,-9900,-9900,0.0,0.0
2022,7,4,16,60,0.0,0.0,0.0,0.0,0.0,5,28.0,23.0,83,1006.3,144,5.5,-9900,-9900,0.0,0.0
2022,7,4,17,60,0.0,0.0,0.0,0.0,0.0,5,26.8,21.8,91,1006.1,140,5.5,-9900,-9900,0.0,0.0
2022,7,4,18,60,0.0,0.0,0.0,0.0,0.0,5,26.7,21.7,90,1005.6,148,5.5,-9900,-9900,0.0,0.0
2022,7,4,19,60,0.0,0.0,0.0,0.0,0.0,5,26.5,21.5,91,1005.2,155,5.5,-9900,-9900,0.0,0.0
2022,7,4,20,60,0.0,0.0,0.0,0.0,0.0,5,26.4,21.4,90,1005.2,157,5.5,-9900,-9900,0.0,0.0
2022,7,4,21,60,0.0,0.0,0.0,0.0,0.0,5,26.3,21.3,90,1005.2,159,5.5,-9900,-9900,0.0,0.0
2022,7,4,22,60,0.0,0.0,0.0,0.0,0.0,5,26.2,21.2,89,1005.2,161,5.5,-9900,-9900,0.0,0.0
2022,7,4,23,60,0.0,0.0,0.0,0.0,0.0,5,26.8,21.8,88,1006.1,140,3.7,-9900,-9900,0.0,0.0
2022,7,4,24,60,0.0,0.0,0.0,0.0,0.0,5,27.7,22.7,84,1006.4,136,3.7,-9900,-9900,0.0,0.0
2022,7,5,1,60,0.0,0.0,0.0,0.0,0.0,5,28.7,23.7,80,1006.7,133,3.7,-9900,-9900,0.0,0.0
2022,7,5,2,60,0.0,0.0,0.0,0.0,0.0,5,30.2,25.2,72,1006.6,130,3.7,-9900,-9900,0.0,0.0
2022,7,5,3,60,0.0,0.0,0.0,0.0,0.0,5,31.8,26.8,65,1006.5,117,3.7,-9900,-9900,0.0,0.0
2022,7,5,4,60,0.0,0.0,0.0,0.0,0.0,5,33.4,28.4,59,1006.3,345,5.5,-9900,-9900,0.0,0.0
2022,7,5,5,60,0.0,0.0,0.0,0.0,0.0,5,32.8,27.8,61,1006.1,27,5.5,-9900,-9900,0.0,0.0
2022,7,5,6,60,0.0,0.0,0.0,0.0,0.0,5,32.4,27.4,64,1005.7,18,7.4,-9900,-9900,0.0,0.0
2022,7,5,7,60,0.0,0.0,0.0,0.0,0.0,5,32.0,27.0,66,1005.4,11,7.4,-9900,-9900,0.0,0.0
2022,7,5,8,60,0.0,0.0,0.0,0.0,0.0,5,31.0,26.0,70,1005.4,43,7.4,-9900,-9900,0.0,0.0
2022,7,5,9,60,0.0,0.0,0.0,0.0,0.0,5,29.9,24.9,74,1005.5,99,7.4,-9900,-9900,0.0,0.0
2022,7,5,10,60,0.0,0.0,0.0,0.0,0.0,5,28.9,23.9,79,1005.5,127,7.4,-9900,-9900,0.0,0.0
2022,7,5,11,60,0.0,0.0,0.0,0.0,0.0,5,27.2,22.2,90,1006.7,145,7.4,-9900,-9900,0.0,0.0
2022,7,5,12,60,0.0,0.0,0.0,0.0,0.0,5,27.3,22.3,88,1007.0,153,5.5,-9900,-9900,0.0,0.0
2022,7,5,13,60,0.0,0.0,0.0,0.0,0.0,5,27.3,22.3,87,1007.3,164,5.5,-9900,-9900,0.0,0.0
2022,7,5,14,60,0.0,0.0,0.0,0.0,0.0,5,27.2,22.2,87,1007.5,172,5.5,-9900,-9900,0.0,0.0
2022,7,5,15,60,0.0,0.0,0.0,0.0,0.0,5,27.1,22.1,87,1007.7,179,5.5,-9900,-9900,0.0,0.0
2022,7,5,16,60,0.0,0.0,0.0,0.0,0.0,5,26.9,21.9,88,1007.8,185,5.5,-9900,-9900,0.0,0.0
2022,7,5,17,60,0.0,0.0,0.0,0.0,0.0,5,26.8,21.8,88,1007.4,180,5.5,-9900,-9900,0.0,0.0
2022,7,5,18,60,0.0,0.0,0.0,0.0,0.0,5,26.6,21.6,88,1007.1,175,5.5,-9900,-9900,0.0,0.0
2022,7,5,19,60,0.0,0.0,0.0,0.0,0.0,5,26.4,21.4,89,1006.7,170,5.5,-9900,-9900,0.0,0.0
2022,7,5,20,60,0.0,0.0,0.0,0.0,0.0,5,26.3,21.3,88,1006.7,169,5.5,-9900,-9900,0.0,0.0
2022,7,5,21,60,0.0,0.0,0.0,0.0,0.0,5,26.2,21.2,88,1006.7,167,5.5,-9900,-9900,0.0,0.0
2022,7,5,22,60,0.0,0.0,0.0,0.0,0.0,5,26.1,21.1,88,1006.7,166,5.5,-9900,-9900,0.0,0.0
2022,7,5,23,60,0.0,0.0,0.0,0.0,0.0,5,26.7,21.7,87,1008.3,168,3.7,-9900,-9900,0.0,0.0
2022,7,5,24,60,0.0,0.0,0.0,0.0,0.0,5,27.6,22.6,82,1008.5,170,3.7,-9900,-9900,0.0,0.0
2022,7,6,1,60,0.0,0.0,0.0,0.0,0.0,5,28.6,23.6,78,1008.8,173,3.7,-9900,-9900,0.0,0.0
2022,7,6,2,60,0.0,0.0,0.0,0.0,0.0,5,30.2,25.2,70,1008.5,179,3.7,-9900,-9900,0.0,0.0
2022,7,6,3,60,0.0,0.0,0.0,0.0,0.0,5,31.8,26.8,63,1008.2,189,3.7,-9900,-9900,0.0,0.0
2022,7,6,4,60,0.0,0.0,0.0,0.0,0.0,5,33.3,28.3,58,1008.0,203,5.5,-9900,-9900,0.0,0.0
2022,7,6,5,60,0.0,0.0,0.0,0.0,0.0,5,33.1,28.1,58,1007.8,293,5.5,-9900,-9900,0.0,0.0
2022,7,6,6,60,0.0,0.0,0.0,0.0,0.0,5,32.7,27.7,61,1007.5,318,7.4,-9900,-9900,0.0,0.0
2022,7,6,7,60,0.0,0.0,0.0,0.0,0.0,5,32.4,27.4,63,1007.2,341,7.4,-9900,-9900,0.0,0.0
2022,7,6,8,60,0.0,0.0,0.0,0.0,0.0,5,31.3,26.3,67,1007.1,330,7.4,-9900,-9900,0.0,0.0
2022,7,6,9,60,0.0,0.0,0.0,0.0,0.0,5,30.3,25.3,71,1007.1,203,7.4,-9900,-9900,0.0,0.0
2022,7,6,10,60,0.0,0.0,0.0,0.0,0.0,5,29.2,24.2,76,1007.0,178,7.4,-9900,-9900,0.0,0.0
2022,7,6,11,60,0.0,0.0,0.0,0.0,0.0,5,28.8,23.8,80,1007.9,141,7.4,-9900,-9900,0.0,0.0
2022,7,6,12,60,0.0,0.0,0.0,0.0,0.0,5,28.6,23.6,79,1008.5,159,5.5,-9900,-9900,0.0,0.0
2022,7,6,13,60,0.0,0.0,0.0,0.0,0.0,5,28.3,23.3,79,1009.0,177,5.5,-9900,-9900,0.0,0.0
2022,7,6,14,60,0.0,0.0,0.0,0.0,0.0,5,28.1,23.1,80,1009.3,176,5.5,-9900,-9900,0.0,0.0
2022,7,6,15,60,0.0,0.0,0.0,0.0,0.0,5,27.8,22.8,82,1009.6,175,5.5,-9900,-9900,0.0,0.0
2022,7,6,16,60,0.0,0.0,0.0,0.0,0.0,5,27.6,22.6,83,1009.9,175,5.5,-9900,-9900,0.0,0.0
2022,7,6,17,60,0.0,0.0,0.0,0.0,0.0,5,27.5,22.5,84,1009.6,174,5.5,-9900,-9900,0.0,0.0
2022,7,6,18,60,0.0,0.0,0.0,0.0,0.0,5,27.2,22.2,84,1009.3,171,5.5,-9900,-9900,0.0,0.0
2022,7,6,19,60,0.0,0.0,0.0,0.0,0.0,5,26.9,21.9,85,1009.1,168,3.7,-9900,-9900,0.0,0.0
2022,7,6,20,60,0.0,0.0,0.0,0.0,0.0,5,26.7,21.7,85,1009.0,166,5.5,-9900,-9900,0.0,0.0
2022,7,6,21,60,0.0,0.0,0.0,0.0,0.0,5,26.5,21.5,86,1008.9,164,5.5,-9900,-9900,0.0,0.0
2022,7,6,22,60,0.0,0.0,0.0,0.0,0.0,5,26.3,21.3,86,1008.9,162,5.5,-9900,-9900,0.0,0.0
2022,7,6,23,60,0.0,0.0,0.0,0.0,0.0,5,28.2,23.2,77,1009.6,155,3.7,-9900,-9900,0.0,0.0
2022,7,6,24,60,0.0,0.0,0.0,0.0,0.0,5,29.1,24.1,74,1009.9,150,3.7,-9900,-9900,0.0,0.0
2022,7,7,1,60,0.0,0.0,0.0,0.0,0.0,5,30.0,25.0,71,1010.2,143,3.7,-9900,-9900,0.0,0.0
2022,7,7,2,60,0.0,0.0,0.0,0.0,0.0,5,31.5,26.5,65,1009.9,135,3.7,-9900,-9900,0.0,0.0
2022,7,7,3,60,0.0,0.0,0.0,0.0,0.0,5,32.9,27.9,59,1009.6,61,3.7,-9900,-9900,0.0,0.0
2022,7,7,4,60,0.0,0.0,0.0,0.0,0.0,5,34.3,29.3,55,1009.3,347,3.7,-9900,-9900,0.0,0.0
2022,7,7,5,60,0.0,0.0,0.0,0.0,0.0,5,33.6,28.6,58,1009.3,10,5.5,-9900,-9900,0.0,0.0
2022,7,7,6,60,0.0,0.0,0.0,0.0,0.0,5,33.2,28.2,60,1008.9,15,5.5,-9900,-9900,0.0,0.0
2022,7,7,7,60,0.0,0.0,0.0,0.0,0.0,5,32.8,27.8,62,1008.6,17,7.4,-9900,-9900,0.0,0.0
2022,7,7,8,60,0.0,0.0,0.0,0.0,0.0,5,31.8,26.8,65,1008.6,26,7.4,-9900,-9900,0.0,0.0
2022,7,7,9,60,0.0,0.0,0.0,0.0,0.0,5,30.7,25.7,69,1008.6,49,7.4,-9900,-9900,0.0,0.0
2022,7,7,10,60,0.0,0.0,0.0,0.0,0.0,5,29.7,24.7,72,1008.6,104,7.4,-9900,-9900,0.0,0.0
2022,7,7,11,60,0.0,0.0,0.0,0.0,0.0,5,28.7,23.7,80,1009.4,128,7.4,-9900,-9900,0.0,0.0
2022,7,7,12,60,0.0,0.0,0.0,0.0,0.0,5,28.5,23.5,79,1009.8,146,5.5,-9900,-9900,0.0,0.0
2022,7,7,13,60,0.0,0.0,0.0,0.0,0.0,5,28.3,23.3,79,1010.1,166,5.5,-9900,-9900,0.0,0.0
2022,7,7,14,60,0.0,0.0,0.0,0.0,0.0,5,28.1,23.1,79,1010.2,167,5.5,-9900,-9900,0.0,0.0
2022,7,7,15,60,0.0,0.0,0.0,0.0,0.0,5,27.9,22.9,80,1010.3,168,5.5,-9900,-9900,0.0,0.0
2022,7,7,16,60,0.0,0.0,0.0,0.0,0.0,5,27.8,22.8,81,1010.4,168,5.5,-9900,-9900,0.0,0.0
2022,7,7,17,60,0.0,0.0,0.0,0.0,0.0,5,27.9,22.9,81,1009.9,165,5.5,-9900,-9900,0.0,0.0
2022,7,7,18,60,0.0,0.0,0.0,0.0,0.0,5,27.6,22.6,82,1009.5,166,5.5,-9900,-9900,0.0,0.0
2022,7,7,19,60,0.0,0.0,0.0,0.0,0.0,5,27.4,22.4,82,1009.1,168,5.5,-9900,-9900,0.0,0.0
2022,7,7,20,60,0.0,0.0,0.0,0.0,0.0,5,27.1,22.1,82,1008.9,167,5.5,-9900,-9900,0.0,0.0
2022,7,7,21,60,0.0,0.0,0.0,0.0,0.0,5,26.9,21.9,82,1008.7,166,5.5,-9900,-9900,0.0,0.0
2022,7,7,22,60,0.0,0.0,0.0,0.0,0.0,5,26.7,21.7,82,1008.6,165,5.5,-9900,-9900,0.0,0.0
2022,7,7,23,60,0.0,0.0,0.0,0.0,0.0,5,27.4,22.4,81,1009.2,169,5.5,-9900,-9900,0.0,0.0
2022,7,7,24,60,0.0,0.0,0.0,0.0,0.0,5,28.5,23.5,77,1009.4,170,3.7,-9900,-9900,0.0,0.0
2022,7,8,1,60,0.0,0.0,0.0,0.0,0.0,5,29.5,24.5,74,1009.5,171,3.7,-9900,-9900,0.0,0.0
2022,7,8,2,60,0.0,0.0,0.0,0.0,0.0,5,31.1,26.1,67,1009.2,195,3.7,-9900,-9900,0.0,0.0
2022,7,8,3,60,0.0,0.0,0.0,0.0,0.0,5,32.7,27.7,61,1008.9,245,3.7,-9900,-9900,0.0,0.0
2022,7,8,4,60,0.0,0.0,0.0,0.0,0.0,5,34.4,29.4,55,1008.6,282,3.7,-9900,-9900,0.0,0.0
2022,7,8,5,60,0.0,0.0,0.0,0.0,0.0,5,34.3,29.3,56,1008.1,315,5.5,-9900,-9900,0.0,0.0
2022,7,8,6,60,0.0,0.0,0.0,0.0,0.0,5,34.2,29.2,58,1007.7,332,5.5,-9900,-9900,0.0,0.0
2022,7,8,7,60,0.0,0.0,0.0,0.0,0.0,5,34.1,29.1,59,1007.3,340,7.4,-9900,-9900,0.0,0.0
2022,7,8,8,60,0.0,0.0,0.0,0.0,0.0,5,33.3,28.3,61,1007.0,352,7.4,-9900,-9900,0.0,0.0
2022,7,8,9,60,0.0,0.0,0.0,0.0,0.0,5,32.6,27.6,63,1006.8,16,7.4,-9900,-9900,0.0,0.0
2022,7,8,10,60,0.0,0.0,0.0,0.0,0.0,5,31.9,26.9,64,1006.5,55,7.4,-9900,-9900,0.0,0.0
2022,7,8,11,60,0.0,0.0,0.0,0.0,0.0,5,30.8,25.8,68,1007.1,257,7.4,-9900,-9900,0.0,0.0
2022,7,8,12,60,0.0,0.0,0.0,0.0,0.0,5,30.4,25.4,70,1007.4,232,5.5,-9900,-9900,0.0,0.0
2022,7,8,13,60,0.0,0.0,0.0,0.0,0.0,5,30.0,25.0,71,1007.7,206,5.5,-9900,-9900,0.0,0.0
2022,7,8,14,60,0.0,0.0,0.0,0.0,0.0,5,29.6,24.6,73,1007.7,191,5.5,-9900,-9900,0.0,0.0
2022,7,8,15,60,0.0,0.0,0.0,0.0,0.0,5,29.3,24.3,74,1007.7,184,5.5,-9900,-9900,0.0,0.0
2022,7,8,16,60,0.0,0.0,0.0,0.0,0.0,5,29.0,24.0,75,1007.8,180,5.5,-9900,-9900,0.0,0.0
2022,7,8,17,60,0.0,0.0,0.0,0.0,0.0,5,29.3,24.3,75,1007.2,167,5.5,-9900,-9900,0.0,0.0
2022,7,8,18,60,0.0,0.0,0.0,0.0,0.0,5,29.0,24.0,76,1006.8,171,5.5,-9900,-9900,0.0,0.0
2022,7,8,19,60,0.0,0.0,0.0,0.0,0.0,5,28.6,23.6,77,1006.4,175,5.5,-9900,-9900,0.0,0.0
2022,7,8,20,60,0.0,0.0,0.0,0.0,0.0,5,28.3,23.3,78,1006.3,175,5.5,-9900,-9900,0.0,0.0
2022,7,8,21,60,0.0,0.0,0.0,0.0,0.0,5,28.0,23.0,78,1006.2,175,5.5,-9900,-9900,0.0,0.0
2022,7,8,22,60,0.0,0.0,0.0,0.0,0.0,5,27.7,22.7,78,1006.1,175,5.5,-9900,-9900,0.0,0.0
2022,7,8,23,60,0.0,0.0,0.0,0.0,0.0,5,28.7,23.7,77,1006.5,197,5.5,-9900,-9900,0.0,0.0
2022,7,8,24,60,0.0,0.0,0.0,0.0,0.0,5,29.7,24.7,72,1006.8,205,5.5,-9900,-9900,0.0,0.0
2022,7,9,1,60,0.0,0.0,0.0,0.0,0.0,5,30.7,25.7,68,1007.1,215,3.7,-9900,-9900,0.0,0.0
2022,7,9,2,60,0.0,0.0,0.0,0.0,0.0,5,32.2,27.2,62,1006.9,239,5.5,-9900,-9900,0.0,0.0
2022,7,9,3,60,0.0,0.0,0.0,0.0,0.0,5,33.7,28.7,56,1006.6,257,5.5,-9900,-9900,0.0,0.0
2022,7,9,4,60,0.0,0.0,0.0,0.0,0.0,5,35.3,30.3,51,1006.4,269,7.4,-9900,-9900,0.0,0.0
2022,7,9,5,60,0.0,0.0,0.0,0.0,0.0,5,35.1,30.1,54,1006.2,281,9.3,-9900,-9900,0.0,0.0
2022,7,9,6,60,0.0,0.0,0.0,0.0,0.0,5,35.3,30.3,55,1005.8,295,9.3,-9900,-9900,0.0,0.0
2022,7,9,7,60,0.0,0.0,0.0,0.0,0.0,5,35.5,30.5,55,1005.3,307,9.3,-9900,-9900,0.0,0.0
2022,7,9,8,60,0.0,0.0,0.0,0.0,0.0,5,34.7,29.7,57,1005.1,308,9.3,-9900,-9900,0.0,0.0
2022,7,9,9,60,0.0,0.0,0.0,0.0,0.0,5,34.0,29.0,59,1004.9,309,9.3,-9900,-9900,0.0,0.0
2022,7,9,10,60,0.0,0.0,0.0,0.0,0.0,5,33.3,28.3,60,1004.6,310,7.4,-9900,-9900,0.0,0.0
2022,7,9,11,60,0.0,0.0,0.0,0.0,0.0,5,31.6,26.6,69,1005.3,293,7.4,-9900,-9900,0.0,0.0
2022,7,9,12,60,0.0,0.0,0.0,0.0,0.0,5,31.1,26.1,70,1005.7,252,5.5,-9900,-9900,0.0,0.0
2022,7,9,13,60,0.0,0.0,0.0,0.0,0.0,5,30.7,25.7,70,1006.1,230,5.5,-9900,-9900,0.0,0.0
2022,7,9,14,60,0.0,0.0,0.0,0.0,0.0,5,30.4,25.4,71,1006.3,215,5.5,-9900,-9900,0.0,0.0
2022,7,9,15,60,0.0,0.0,0.0,0.0,0.0,5,30.1,25.1,72,1006.5,203,5.5,-9900,-9900,0.0,0.0
2022,7,9,16,60,0.0,0.0,0.0,0.0,0.0,5,29.8,24.8,73,1006.7,195,5.5,-9900,-9900,0.0,0.0
2022,7,9,17,60,0.0,0.0,0.0,0.0,0.0,5,29.6,24.6,80,1006.5,192,5.5,-9900,-9900,0.0,0.0
2022,7,9,18,60,0.0,0.0,0.0,0.0,0.0,5,29.2,24.2,81,1006.3,188,5.5,-9900,-9900,0.0,0.0
2022,7,9,19,60,0.0,0.0,0.0,0.0,0.0,5,28.9,23.9,81,1006.1,186,5.5,-9900,-9900,0.0,0.0
2022,7,9,20,60,0.0,0.0,0.0,0.0,0.0,5,28.6,23.6,81,1006.2,181,5.5,-9900,-9900,0.0,0.0
2022,7,9,21,60,0.0,0.0,0.0,0.0,0.0,5,28.3,23.3,81,1006.3,176,5.5,-9900,-9900,0.0,0.0
2022,7,9,22,60,0.0,0.0,0.0,0.0,0.0,5,28.0,23.0,81,1006.5,173,5.5,-9900,-9900,0.0,0.0
2022,7,9,23,60,0.0,0.0,0.0,0.0,0.0,5,29.6,24.6,72,1007.0,203,5.5,-9900,-9900,0.0,0.0
2022,7,9,24,60,0.0,0.0,0.0,0.0,0.0,5,30.5,25.5,68,1007.2,214,5.5,-9900,-9900,0.0,0.0
2022,7,10,1,60,0.0,0.0,0.0,0.0,0.0,5,31.4,26.4,65,1007.5,226,3.7,-9900,-9900,0.0,0.0
2022,7,10,2,60,0.0,0.0,0.0,0.0,0.0,5,32.8,27.8,59,1007.3,240,5.5,-9900,-9900,0.0,0.0
2022,7,10,3,60,0.0,0.0,0.0,0.0,0.0,5,34.2,29.2,54,1007.1,252,5.5,-9900,-9900,0.0,0.0
2022,7,10,4,60,0.0,0.0,0.0,0.0,0.0,5,35.6,30.6,50,1006.9,260,7.4,-9900,-9900,0.0,0.0
2022,7,10,5,60,0.0,0.0,0.0,0.0,0.0,5,35.1,30.1,55,1006.7,272,9.3,-9900,-9900,0.0,0.0
2022,7,10,6,60,0.0,0.0,0.0,0.0,0.0,5,35.3,30.3,55,1006.2,285,9.3,-9900,-9900,0.0,0.0
2022,7,10,7,60,0.0,0.0,0.0,0.0,0.0,5,35.4,30.4,56,1005.8,299,9.3,-9900,-9900,0.0,0.0
2022,7,10,8,60,0.0,0.0,0.0,0.0,0.0,5,34.6,29.6,58,1005.7,301,9.3,-9900,-9900,0.0,0.0
2022,7,10,9,60,0.0,0.0,0.0,0.0,0.0,5,33.7,28.7,60,1005.6,304,7.4,-9900,-9900,0.0,0.0
2022,7,10,10,60,0.0,0.0,0.0,0.0,0.0,5,32.9,27.9,61,1005.6,315,7.4,-9900,-9900,0.0,0.0
2022,7,10,11,60,0.0,0.0,0.0,0.0,0.0,5,31.7,26.7,70,1006.1,127,7.4,-9900,-9900,0.0,0.0
2022,7,10,12,60,0.0,0.0,0.0,0.0,0.0,5,31.2,26.2,71,1006.5,178,5.5,-9900,-9900,0.0,0.0
2022,7,10,13,60,0.0,0.0,0.0,0.0,0.0,5,30.8,25.8,71,1007.0,202,5.5,-9900,-9900,0.0,0.0
2022,7,10,14,60,0.0,0.0,0.0,0.0,0.0,5,30.4,25.4,73,1007.1,194,5.5,-9900,-9900,0.0,0.0
2022,7,10,15,60,0.0,0.0,0.0,0.0,0.0,5,30.0,25.0,73,1007.3,188,5.5,-9900,-9900,0.0,0.0
2022,7,10,16,60,0.0,0.0,0.0,0.0,0.0,5,29.6,24.6,75,1007.4,184,5.5,-9900,-9900,0.0,0.0
2022,7,10,17,60,0.0,0.0,0.0,0.0,0.0,5,29.3,24.3,75,1007.2,186,5.5,-9900,-9900,0.0,0.0
2022,7,10,18,60,0.0,0.0,0.0,0.0,0.0,5,29.0,24.0,75,1007.0,187,5.5,-9900,-9900,0.0,0.0
2022,7,10,19,60,0.0,0.0,0.0,0.0,0.0,5,28.7,23.7,75,1006.8,188,5.5,-9900,-9900,0.0,0.0
2022,7,10,20,60,0.0,0.0,0.0,0.0,0.0,5,28.5,23.5,75,1006.9,186,5.5,-9900,-9900,0.0,0.0
2022,7,10,21,60,0.0,0.0,0.0,0.0,0.0,5,28.2,23.2,76,1006.9,183,5.5,-9900,-9900,0.0,0.0
2022,7,10,22,60,0.0,0.0,0.0,0.0,0.0,5,27.9,22.9,77,1007.0,180,5.5,-9900,-9900,0.0,0.0
2022,7,10,23,60,0.0,0.0,0.0,0.0,0.0,5,29.4,24.4,74,1007.5,187,5.5,-9900,-9900,0.0,0.0
2022,7,10,24,60,0.0,0.0,0.0,0.0,0.0,5,30.3,25.3,70,1007.8,197,5.5,-9900,-9900,0.0,0.0
2022,7,11,1,60,0.0,0.0,0.0,0.0,0.0,5,31.3,26.3,66,1008.0,209,3.7,-9900,-9900,0.0,0.0
2022,7,11,2,60,0.0,0.0,0.0,0.0,0.0,5,32.6,27.6,61,1007.9,227,5.5,-9900,-9900,0.0,0.0
2022,7,11,3,60,0.0,0.0,0.0,0.0,0.0,5,34.0,29.0,55,1007.8,241,5.5,-9900,-9900,0.0,0.0
2022,7,11,4,60,0.0,0.0,0.0,0.0,0.0,5,35.4,30.4,51,1007.7,251,5.5,-9900,-9900,0.0,0.0
2022,7,11,5,60,0.0,0.0,0.0,0.0,0.0,5,34.9,29.9,54,1007.3,264,7.4,-9900,-9900,0.0,0.0
2022,7,11,6,60,0.0,0.0,0.0,0.0,0.0,5,34.9,29.9,55,1007.0,281,7.4,-9900,-9900,0.0,0.0
2022,7,11,7,60,0.0,0.0,0.0,0.0,0.0,5,34.9,29.9,56,1006.6,300,7.4,-9900,-9900,0.0,0.0
2022,7,11,8,60,0.0,0.0,0.0,0.0,0.0,5,34.3,29.3,58,1006.6,300,7.4,-9900,-9900,0.0,0.0
2022,7,11,9,60,0.0,0.0,0.0,0.0,0.0,5,33.6,28.6,59,1006.7,300,7.4,-9900,-9900,0.0,0.0
2022,7,11,10,60,0.0,0.0,0.0,0.0,0.0,5,32.9,27.9,62,1006.7,302,7.4,-9900,-9900,0.0,0.0
2022,7,11,11,60,0.0,0.0,0.0,0.0,0.0,5,31.8,26.8,69,1007.0,312,7.4,-9900,-9900,0.0,0.0
2022,7,11,12,60,0.0,0.0,0.0,0.0,0.0,5,31.3,26.3,70,1007.5,240,5.5,-9900,-9900,0.0,0.0
2022,7,11,13,60,0.0,0.0,0.0,0.0,0.0,5,30.8,25.8,71,1007.9,203,5.5,-9900,-9900,0.0,0.0
2022,7,11,14,60,0.0,0.0,0.0,0.0,0.0,5,30.4,25.4,72,1008.1,193,5.5,-9900,-9900,0.0,0.0
2022,7,11,15,60,0.0,0.0,0.0,0.0,0.0,5,30.1,25.1,73,1008.4,187,5.5,-9900,-9900,0.0,0.0
2022,7,11,16,60,0.0,0.0,0.0,0.0,0.0,5,29.7,24.7,74,1008.6,183,5.5,-9900,-9900,0.0,0.0
2022,7,11,17,60,0.0,0.0,0.0,0.0,0.0,5,29.7,24.7,79,1008.3,202,5.5,-9900,-9900,0.0,0.0
2022,7,11,18,60,0.0,0.0,0.0,0.0,0.0,5,29.3,24.3,80,1008.0,196,5.5,-9900,-9900,0.0,0.0
2022,7,11,19,60,0.0,0.0,0.0,0.0,0.0,5,29.0,24.0,80,1007.8,191,5.5,-9900,-9900,0.0,0.0
2022,7,11,20,60,0.0,0.0,0.0,0.0,0.0,5,28.7,23.7,80,1007.8,184,5.5,-9900,-9900,0.0,0.0
2022,7,11,21,60,0.0,0.0,0.0,0.0,0.0,5,28.4,23.4,80,1007.8,178,5.5,-9900,-9900,0.0,0.0
2022,7,11,22,60,0.0,0.0,0.0,0.0,0.0,5,28.2,23.2,80,1007.9,173,5.5,-9900,-9900,0.0,0.0
2022,7,11,23,60,0.0,0.0,0.0,0.0,0.0,5,29.6,24.6,76,1008.3,164,5.5,-9900,-9900,0.0,0.0
2022,7,11,24,60,0.0,0.0,0.0,0.0,0.0,5,30.4,25.4,72,1008.6,166,3.7,-9900,-9900,0.0,0.0
2022,7,12,1,60,0.0,0.0,0.0,0.0,0.0,5,31.1,26.1,69,1008.8,168,3.7,-9900,-9900,0.0,0.0
2022,7,12,2,60,0.0,0.0,0.0,0.0,0.0,5,32.3,27.3,64,1008.5,190,3.7,-9900,-9900,0.0,0.0
2022,7,12,3,60,0.0,0.0,0.0,0.0,0.0,5,33.6,28.6,59,1008.3,234,3.7,-9900,-9900,0.0,0.0
2022,7,12,4,60,0.0,0.0,0.0,0.0,0.0,5,34.8,29.8,55,1008.0,271,3.7,-9900,-9900,0.0,0.0
2022,7,12,5,60,0.0,0.0,0.0,0.0,0.0,5,34.1,29.1,57,1007.6,305,5.5,-9900,-9900,0.0,0.0
2022,7,12,6,60,0.0,0.0,0.0,0.0,0.0,5,34.1,29.1,59,1007.2,326,5.5,-9900,-9900,0.0,0.0
2022,7,12,7,60,0.0,0.0,0.0,0.0,0.0,5,34.1,29.1,61,1006.8,336,7.4,-9900,-9900,0.0,0.0
2022,7,12,8,60,0.0,0.0,0.0,0.0,0.0,5,33.5,28.5,62,1006.6,354,7.4,-9900,-9900,0.0,0.0
2022,7,12,9,60,0.0,0.0,0.0,0.0,0.0,5,32.9,27.9,63,1006.4,20,7.4,-9900,-9900,0.0,0.0
2022,7,12,10,60,0.0,0.0,0.0,0.0,0.0,5,32.3,27.3,64,1006.2,48,7.4,-9900,-9900,0.0,0.0
2022,7,12,11,60,0.0,0.0,0.0,0.0,0.0,5,30.9,25.9,70,1006.9,80,7.4,-9900,-9900,0.0,0.0
2022,7,12,12,60,0.0,0.0,0.0,0.0,0.0,5,30.4,25.4,71,1007.2,99,7.4,-9900,-9900,0.0,0.0
2022,7,12,13,60,0.0,0.0,0.0,0.0,0.0,5,30.0,25.0,72,1007.6,117,5.5,-9900,-9900,0.0,0.0
2022,7,12,14,60,0.0,0.0,0.0,0.0,0.0,5,29.8,24.8,73,1007.6,128,5.5,-9900,-9900,0.0,0.0
2022,7,12,15,60,0.0,0.0,0.0,0.0,0.0,5,29.6,24.6,73,1007.7,138,5.5,-9900,-9900,0.0,0.0
2022,7,12,16,60,0.0,0.0,0.0,0.0,0.0,5,29.4,24.4,74,1007.8,147,5.5,-9900,-9900,0.0,0.0
2022,7,12,17,60,0.0,0.0,0.0,0.0,0.0,5,29.6,24.6,69,1007.3,144,5.5,-9900,-9900,0.0,0.0
2022,7,12,18,60,0.0,0.0,0.0,0.0,0.0,5,29.2,24.2,71,1007.0,156,5.5,-9900,-9900,0.0,0.0
2022,7,12,19,60,0.0,0.0,0.0,0.0,0.0,5,28.8,23.8,72,1006.8,170,5.5,-9900,-9900,0.0,0.0
2022,7,12,20,60,0.0,0.0,0.0,0.0,0.0,5,28.5,23.5,73,1006.9,171,5.5,-9900,-9900,0.0,0.0
2022,7,12,21,60,0.0,0.0,0.0,0.0,0.0,5,28.1,23.1,74,1006.9,172,5.5,-9900,-9900,0.0,0.0
2022,7,12,22,60,0.0,0.0,0.0,0.0,0.0,5,27.8,22.8,75,1006.9,173,5.5,-9900,-9900,0.0,0.0
2022,7,12,23,60,0.0,0.0,0.0,0.0,0.0,5,28.8,23.8,76,1007.0,181,5.5,-9900,-9900,0.0,0.0
2022,7,12,24,60,0.0,0.0,0.0,0.0,0.0,5,29.7,24.7,72,1007.4,174,3.7,-9900,-9900,0.0,0.0
2022,7,13,1,60,0.0,0.0,0.0,0.0,0.0,5,30.5,25.5,70,1007.7,163,3.7,-9900,-9900,0.0,0.0
2022,7,13,2,60,0.0,0.0,0.0,0.0,0.0,5,31.9,26.9,64,1007.4,183,3.7,-9900,-9900,0.0,0.0
2022,7,13,3,60,0.0,0.0,0.0,0.0,0.0,5,33.3,28.3,58,1007.1,256,3.7,-9900,-9900,0.0,0.0
2022,7,13,4,60,0.0,0.0,0.0,0.0,0.0,5,34.7,29.7,53,1006.8,297,3.7,-9900,-9900,0.0,0.0
2022,7,13,5,60,0.0,0.0,0.0,0.0,0.0,5,34.8,29.8,54,1006.4,324,5.5,-9900,-9900,0.0,0.0
2022,7,13,6,60,0.0,0.0,0.0,0.0,0.0,5,34.8,29.8,56,1005.9,336,5.5,-9900,-9900,0.0,0.0
2022,7,13,7,60,0.0,0.0,0.0,0.0,0.0,5,34.9,29.9,57,1005.5,342,7.4,-9900,-9900,0.0,0.0
2022,7,13,8,60,0.0,0.0,0.0,0.0,0.0,5,34.1,29.1,58,1005.1,3,7.4,-9900,-9900,0.0,0.0
2022,7,13,9,60,0.0,0.0,0.0,0.0,0.0,5,33.2,28.2,60,1004.8,37,7.4,-9900,-9900,0.0,0.0
2022,7,13,10,60,0.0,0.0,0.0,0.0,0.0,5,32.4,27.4,62,1004.5,67,9.3,-9900,-9900,0.0,0.0
2022,7,13,11,60,0.0,0.0,0.0,0.0,0.0,5,31.6,26.6,62,1005.3,82,9.3,-9900,-9900,0.0,0.0
2022,7,13,12,60,0.0,0.0,0.0,0.0,0.0,5,31.0,26.0,64,1005.6,93,9.3,-9900,-9900,0.0,0.0
2022,7,13,13,60,0.0,0.0,0.0,0.0,0.0,5,30.5,25.5,65,1005.8,103,9.3,-9900,-9900,0.0,0.0
2022,7,13,14,60,0.0,0.0,0.0,0.0,0.0,5,30.3,25.3,66,1005.8,107,9.3,-9900,-9900,0.0,0.0
2022,7,13,15,60,0.0,0.0,0.0,0.0,0.0,5,30.1,25.1,67,1005.7,110,7.4,-9900,-9900,0.0,0.0
2022,7,13,16,60,0.0,0.0,0.0,0.0,0.0,5,30.0,25.0,68,1005.7,115,7.4,-9900,-9900,0.0,0.0
2022,7,13,17,60,0.0,0.0,0.0,0.0,0.0,5,29.5,24.5,67,1005.2,126,7.4,-9900,-9900,0.0,0.0
2022,7,13,18,60,0.0,0.0,0.0,0.0,0.0,5,29.2,24.2,67,1004.9,138,7.4,-9900,-9900,0.0,0.0
2022,7,13,19,60,0.0,0.0,0.0,0.0,0.0,5,28.9,23.9,68,1004.6,154,5.5,-9900,-9900,0.0,0.0
2022,7,13,20,60,0.0,0.0,0.0,0.0,0.0,5,28.6,23.6,70,1004.7,161,5.5,-9900,-9900,0.0,0.0
2022,7,13,21,60,0.0,0.0,0.0,0.0,0.0,5,28.3,23.3,70,1004.8,168,5.5,-9900,-9900,0.0,0.0
2022,7,13,22,60,0.0,0.0,0.0,0.0,0.0,5,28.0,23.0,72,1004.9,175,5.5,-9900,-9900,0.0,0.0
2022,7,13,23,60,0.0,0.0,0.0,0.0,0.0,5,29.1,24.1,72,1005.3,211,5.5,-9900,-9900,0.0,0.0
2022,7,13,24,60,0.0,0.0,0.0,0.0,0.0,5,29.9,24.9,69,1005.6,214,5.5,-9900,-9900,0.0,0.0
2022,7,14,1,60,0.0,0.0,0.0,0.0,0.0,5,30.6,25.6,67,1006.0,219,3.7,-9900,-9900,0.0,0.0
2022,7,14,2,60,0.0,0.0,0.0,0.0,0.0,5,31.8,26.8,63,1005.8,244,3.7,-9900,-9900,0.0,0.0
2022,7,14,3,60,0.0,0.0,0.0,0.0,0.0,5,32.9,27.9,59,1005.7,268,5.5,-9900,-9900,0.0,0.0
2022,7,14,4,60,0.0,0.0,0.0,0.0,0.0,5,34.0,29.0,55,1005.6,285,5.5,-9900,-9900,0.0,0.0
2022,7,14,5,60,0.0,0.0,0.0,0.0,0.0,5,33.5,28.5,56,1005.1,295,5.5,-9900,-9900,0.0,0.0
2022,7,14,6,60,0.0,0.0,0.0,0.0,0.0,5,33.5,28.5,58,1004.9,311,7.4,-9900,-9900,0.0,0.0
2022,7,14,7,60,0.0,0.0,0.0,0.0,0.0,5,33.6,28.6,59,1004.6,324,7.4,-9900,-9900,0.0,0.0
2022,7,14,8,60,0.0,0.0,0.0,0.0,0.0,5,32.9,27.9,61,1004.6,331,7.4,-9900,-9900,0.0,0.0
2022,7,14,9,60,0.0,0.0,0.0,0.0,0.0,5,32.3,27.3,62,1004.6,346,7.4,-9900,-9900,0.0,0.0
2022,7,14,10,60,0.0,0.0,0.0,0.0,0.0,5,31.7,26.7,64,1004.6,25,7.4,-9900,-9900,0.0,0.0
2022,7,14,11,60,0.0,0.0,0.0,0.0,0.0,5,30.7,25.7,68,1004.7,143,7.4,-9900,-9900,0.0,0.0
2022,7,14,12,60,0.0,0.0,0.0,0.0,0.0,5,30.3,25.3,69,1005.1,159,5.5,-9900,-9900,0.0,0.0
2022,7,14,13,60,0.0,0.0,0.0,0.0,0.0,5,30.0,25.0,70,1005.5,165,5.5,-9900,-9900,0.0,0.0
2022,7,14,14,60,0.0,0.0,0.0,0.0,0.0,5,29.7,24.7,71,1005.6,178,5.5,-9900,-9900,0.0,0.0
2022,7,14,15,60,0.0,0.0,0.0,0.0,0.0,5,29.4,24.4,72,1005.8,185,5.5,-9900,-9900,0.0,0.0
2022,7,14,16,60,0.0,0.0,0.0,0.0,0.0,5,29.1,24.1,73,1005.9,189,5.5,-9900,-9900,0.0,0.0
2022,7,14,17,60,0.0,0.0,0.0,0.0,0.0,5,28.8,23.8,74,1005.5,192,5.5,-9900,-9900,0.0,0.0
2022,7,14,18,60,0.0,0.0,0.0,0.0,0.0,5,28.6,23.6,74,1005.2,189,5.5,-9900,-9900,0.0,0.0
2022,7,14,19,60,0.0,0.0,0.0,0.0,0.0,5,28.3,23.3,75,1005.0,185,5.5,-9900,-9900,0.0,0.0
2022,7,14,20,60,0.0,0.0,0.0,0.0,0.0,5,28.1,23.1,75,1004.9,182,5.5,-9900,-9900,0.0,0.0
2022,7,14,21,60,0.0,0.0,0.0,0.0,0.0,5,27.9,22.9,76,1004.9,179,5.5,-9900,-9900,0.0,0.0
2022,7,14,22,60,0.0,0.0,0.0,0.0,0.0,5,27.8,22.8,76,1004.8,176,5.5,-9900,-9900,0.0,0.0
2022,7,14,23,60,0.0,0.0,0.0,0.0,0.0,5,28.6,23.6,69,1005.5,202,5.5,-9900,-9900,0.0,0.0
2022,7,14,24,60,0.0,0.0,0.0,0.0,0.0,5,29.4,24.4,68,1005.8,211,5.5,-9900,-9900,0.0,0.0
2022,7,15,1,60,0.0,0.0,0.0,0.0,0.0,5,30.2,25.2,66,1006.0,219,5.5,-9900,-9900,0.0,0.0
2022,7,15,2,60,0.0,0.0,0.0,0.0,0.0,5,31.6,26.6,61,1005.8,241,7.4,-9900,-9900,0.0,0.0
2022,7,15,3,60,0.0,0.0,0.0,0.0,0.0,5,33.1,28.1,56,1005.5,254,9.3,-9900,-9900,0.0,0.0
2022,7,15,4,60,0.0,0.0,0.0,0.0,0.0,5,34.6,29.6,52,1005.2,261,9.3,-9900,-9900,0.0,0.0
2022,7,15,5,60,0.0,0.0,0.0,0.0,0.0,5,34.9,29.9,50,1005.0,265,11.1,-9900,-9900,0.0,0.0
2022,7,15,6,60,0.0,0.0,0.0,0.0,0.0,5,35.4,30.4,50,1004.5,270,11.1,-9900,-9900,0.0,0.0
2022,7,15,7,60,0.0,0.0,0.0,0.0,0.0,5,35.9,30.9,49,1004.0,274,13.0,-9900,-9900,0.0,0.0
2022,7,15,8,60,0.0,0.0,0.0,0.0,0.0,5,35.4,30.4,51,1003.6,274,13.0,-9900,-9900,0.0,0.0
2022,7,15,9,60,0.0,0.0,0.0,0.0,0.0,5,34.8,29.8,52,1003.1,275,13.0,-9900,-9900,0.0,0.0
2022,7,15,10,60,0.0,0.0,0.0,0.0,0.0,5,34.3,29.3,54,1002.7,275,11.1,-9900,-9900,0.0,0.0
2022,7,15,11,60,0.0,0.0,0.0,0.0,0.0,5,33.5,28.5,54,1003.3,271,11.1,-9900,-9900,0.0,0.0
2022,7,15,12,60,0.0,0.0,0.0,0.0,0.0,5,32.8,27.8,56,1003.7,264,9.3,-9900,-9900,0.0,0.0
2022,7,15,13,60,0.0,0.0,0.0,0.0,0.0,5,32.2,27.2,58,1004.1,254,7.4,-9900,-9900,0.0,0.0
2022,7,15,14,60,0.0,0.0,0.0,0.0,0.0,5,31.7,26.7,60,1004.1,246,7.4,-9900,-9900,0.0,0.0
2022,7,15,15,60,0.0,0.0,0.0,0.0,0.0,5,31.3,26.3,61,1004.2,236,7.4,-9900,-9900,0.0,0.0
2022,7,15,16,60,0.0,0.0,0.0,0.0,0.0,5,30.9,25.9,64,1004.2,226,7.4,-9900,-9900,0.0,0.0
2022,7,15,17,60,0.0,0.0,0.0,0.0,0.0,5,30.6,25.6,65,1003.9,224,7.4,-9900,-9900,0.0,0.0
2022,7,15,18,60,0.0,0.0,0.0,0.0,0.0,5,30.2,25.2,66,1003.5,222,7.4,-9900,-9900,0.0,0.0
2022,7,15,19,60,0.0,0.0,0.0,0.0,0.0,5,29.9,24.9,67,1003.1,219,5.5,-9900,-9900,0.0,0.0
2022,7,15,20,60,0.0,0.0,0.0,0.0,0.0,5,29.6,24.6,68,1003.2,216,5.5,-9900,-9900,0.0,0.0
2022,7,15,21,60,0.0,0.0,0.0,0.0,0.0,5,29.3,24.3,69,1003.2,211,5.5,-9900,-9900,0.0,0.0
2022,7,15,22,60,0.0,0.0,0.0,0.0,0.0,5,29.0,24.0,69,1003.3,206,5.5,-9900,-9900,0.0,0.0
2022,7,15,23,60,0.0,0.0,0.0,0.0,0.0,5,29.5,24.5,63,1003.6,214,5.5,-9900,-9900,0.0,0.0
2022,7,15,24,60,0.0,0.0,0.0,0.0,0.0,5,30.3,25.3,61,1003.9,226,7.4,-9900,-9900,0.0,0.0
2022,7,16,1,60,0.0,0.0,0.0,0.0,0.0,5,31.1,26.1,59,1004.3,238,7.4,-9900,-9900,0.0,0.0
2022,7,16,2,60,0.0,0.0,0.0,0.0,0.0,5,32.6,27.6,54,1004.2,246,9.3,-9900,-9900,0.0,0.0
2022,7,16,3,60,0.0,0.0,0.0,0.0,0.0,5,34.1,29.1,50,1004.0,252,9.3,-9900,-9900,0.0,0.0
2022,7,16,4,60,0.0,0.0,0.0,0.0,0.0,5,35.6,30.6,46,1003.9,257,11.1,-9900,-9900,0.0,0.0
2022,7,16,5,60,0.0,0.0,0.0,0.0,0.0,5,36.3,31.3,45,1003.5,259,13.0,-9900,-9900,0.0,0.0
2022,7,16,6,60,0.0,0.0,0.0,0.0,0.0,5,36.8,31.8,45,1003.1,263,13.0,-9900,-9900,0.0,0.0
2022,7,16,7,60,0.0,0.0,0.0,0.0,0.0,5,37.2,32.2,46,1002.7,266,14.8,-9900,-9900,0.0,0.0
2022,7,16,8,60,0.0,0.0,0.0,0.0,0.0,5,36.4,31.4,48,1002.7,264,13.0,-9900,-9900,0.0,0.0
2022,7,16,9,60,0.0,0.0,0.0,0.0,0.0,5,35.5,30.5,50,1002.7,262,13.0,-9900,-9900,0.0,0.0
2022,7,16,10,60,0.0,0.0,0.0,0.0,0.0,5,34.7,29.7,52,1002.7,260,13.0,-9900,-9900,0.0,0.0
2022,7,16,11,60,0.0,0.0,0.0,0.0,0.0,5,34.1,29.1,52,1003.0,253,11.1,-9900,-9900,0.0,0.0
2022,7,16,12,60,0.0,0.0,0.0,0.0,0.0,5,33.4,28.4,54,1003.4,246,9.3,-9900,-9900,0.0,0.0
2022,7,16,13,60,0.0,0.0,0.0,0.0,0.0,5,32.7,27.7,56,1003.8,238,7.4,-9900,-9900,0.0,0.0
2022,7,16,14,60,0.0,0.0,0.0,0.0,0.0,5,32.1,27.1,58,1004.1,229,7.4,-9900,-9900,0.0,0.0
2022,7,16,15,60,0.0,0.0,0.0,0.0,0.0,5,31.6,26.6,60,1004.5,218,7.4,-9900,-9900,0.0,0.0
2022,7,16,16,60,0.0,0.0,0.0,0.0,0.0,5,31.0,26.0,63,1004.8,206,7.4,-9900,-9900,0.0,0.0
2022,7,16,17,60,0.0,0.0,0.0,0.0,0.0,5,31.0,26.0,65,1004.9,208,5.5,-9900,-9900,0.0,0.0
2022,7,16,18,60,0.0,0.0,0.0,0.0,0.0,5,30.6,25.6,66,1004.6,201,5.5,-9900,-9900,0.0,0.0
2022,7,16,19,60,0.0,0.0,0.0,0.0,0.0,5,30.1,25.1,67,1004.4,196,5.5,-9900,-9900,0.0,0.0
2022,7,16,20,60,0.0,0.0,0.0,0.0,0.0,5,29.8,24.8,68,1004.4,194,5.5,-9900,-9900,0.0,0.0
2022,7,16,21,60,0.0,0.0,0.0,0.0,0.0,5,29.5,24.5,68,1004.4,192,5.5,-9900,-9900,0.0,0.0
2022,7,16,22,60,0.0,0.0,0.0,0.0,0.0,5,29.2,24.2,69,1004.3,189,5.5,-9900,-9900,0.0,0.0
2022,7,16,23,60,0.0,0.0,0.0,0.0,0.0,5,30.3,25.3,64,1005.1,217,5.5,-9900,-9900,0.0,0.0
2022,7,16,24,60,0.0,0.0,0.0,0.0,0.0,5,31.0,26.0,62,1005.3,225,5.5,-9900,-9900,0.0,0.0
2022,7,17,1,60,0.0,0.0,0.0,0.0,0.0,5,31.6,26.6,60,1005.5,233,5.5,-9900,-9900,0.0,0.0
2022,7,17,2,60,0.0,0.0,0.0,0.0,0.0,5,32.9,27.9,55,1005.2,243,7.4,-9900,-9900,0.0,0.0
2022,7,17,3,60,0.0,0.0,0.0,0.0,0.0,5,34.1,29.1,52,1004.9,249,9.3,-9900,-9900,0.0,0.0
2022,7,17,4,60,0.0,0.0,0.0,0.0,0.0,5,35.3,30.3,48,1004.5,254,9.3,-9900,-9900,0.0,0.0
2022,7,17,5,60,0.0,0.0,0.0,0.0,0.0,5,35.1,30.1,50,1004.3,260,11.1,-9900,-9900,0.0,0.0
2022,7,17,6,60,0.0,0.0,0.0,0.0,0.0,5,35.4,30.4,50,1003.9,261,11.1,-9900,-9900,0.0,0.0
2022,7,17,7,60,0.0,0.0,0.0,0.0,0.0,5,35.7,30.7,50,1003.5,263,11.1,-9900,-9900,0.0,0.0
2022,7,17,8,60,0.0,0.0,0.0,0.0,0.0,5,34.8,29.8,53,1003.2,257,11.1,-9900,-9900,0.0,0.0
2022,7,17,9,60,0.0,0.0,0.0,0.0,0.0,5,34.0,29.0,55,1002.9,247,9.3,-9900,-9900,0.0,0.0
2022,7,17,10,60,0.0,0.0,0.0,0.0,0.0,5,33.2,28.2,58,1002.5,233,9.3,-9900,-9900,0.0,0.0
2022,7,17,11,60,0.0,0.0,0.0,0.0,0.0,5,32.4,27.4,62,1003.3,159,7.4,-9900,-9900,0.0,0.0
2022,7,17,12,60,0.0,0.0,0.0,0.0,0.0,5,32.0,27.0,63,1003.6,184,7.4,-9900,-9900,0.0,0.0
2022,7,17,13,60,0.0,0.0,0.0,0.0,0.0,5,31.5,26.5,64,1003.9,205,5.5,-9900,-9900,0.0,0.0
2022,7,17,14,60,0.0,0.0,0.0,0.0,0.0,5,31.2,26.2,65,1004.3,197,5.5,-9900,-9900,0.0,0.0
2022,7,17,15,60,0.0,0.0,0.0,0.0,0.0,5,30.8,25.8,67,1004.6,191,5.5,-9900,-9900,0.0,0.0
2022,7,17,16,60,0.0,0.0,0.0,0.0,0.0,5,30.4,25.4,68,1005.0,185,5.5,-9900,-9900,0.0,0.0
2022,7,17,17,60,0.0,0.0,0.0,0.0,0.0,5,30.7,25.7,70,1004.3,159,5.5,-9900,-9900,0.0,0.0
2022,7,17,18,60,0.0,0.0,0.0,0.0,0.0,5,30.2,25.2,72,1004.1,167,5.5,-9900,-9900,0.0,0.0
2022,7,17,19,60,0.0,0.0,0.0,0.0,0.0,5,29.8,24.8,72,1004.0,174,5.5,-9900,-9900,0.0,0.0
2022,7,17,20,60,0.0,0.0,0.0,0.0,0.0,5,29.5,24.5,73,1004.0,173,5.5,-9900,-9900,0.0,0.0
2022,7,17,21,60,0.0,0.0,0.0,0.0,0.0,5,29.2,24.2,73,1004.0,171,5.5,-9900,-9900,0.0,0.0
2022,7,17,22,60,0.0,0.0,0.0,0.0,0.0,5,28.9,23.9,74,1004.1,169,5.5,-9900,-9900,0.0,0.0
2022,7,17,23,60,0.0,0.0,0.0,0.0,0.0,5,30.4,25.4,63,1004.8,226,5.5,-9900,-9900,0.0,0.0
2022,7,17,24,60,0.0,0.0,0.0,0.0,0.0,5,31.0,26.0,62,1005.0,226,5.5,-9900,-9900,0.0,0.0
2022,7,18,1,60,0.0,0.0,0.0,0.0,0.0,5,31.6,26.6,60,1005.2,227,5.5,-9900,-9900,0.0,0.0
2022,7,18,2,60,0.0,0.0,0.0,0.0,0.0,5,32.8,27.8,56,1005.0,237,7.4,-9900,-9900,0.0,0.0
2022,7,18,3,60,0.0,0.0,0.0,0.0,0.0,5,34.0,29.0,52,1004.8,244,7.4,-9900,-9900,0.0,0.0
2022,7,18,4,60,0.0,0.0,0.0,0.0,0.0,5,35.2,30.2,49,1004.6,250,9.3,-9900,-9900,0.0,0.0
2022,7,18,5,60,0.0,0.0,0.0,0.0,0.0,5,35.2,30.2,50,1004.3,257,9.3,-9900,-9900,0.0,0.0
2022,7,18,6,60,0.0,0.0,0.0,0.0,0.0,5,35.1,30.1,51,1004.0,263,9.3,-9900,-9900,0.0,0.0
2022,7,18,7,60,0.0,0.0,0.0,0.0,0.0,5,35.1,30.1,52,1003.8,268,11.1,-9900,-9900,0.0,0.0
2022,7,18,8,60,0.0,0.0,0.0,0.0,0.0,5,34.3,29.3,55,1003.8,260,11.1,-9900,-9900,0.0,0.0
2022,7,18,9,60,0.0,0.0,0.0,0.0,0.0,5,33.5,28.5,57,1003.7,249,9.3,-9900,-9900,0.0,0.0
2022,7,18,10,60,0.0,0.0,0.0,0.0,0.0,5,32.8,27.8,59,1003.7,233,9.3,-9900,-9900,0.0,0.0
2022,7,18,11,60,0.0,0.0,0.0,0.0,0.0,5,33.0,28.0,58,1004.4,262,7.4,-9900,-9900,0.0,0.0
2022,7,18,12,60,0.0,0.0,0.0,0.0,0.0,5,32.5,27.5,60,1005.0,250,5.5,-9900,-9900,0.0,0.0
2022,7,18,13,60,0.0,0.0,0.0,0.0,0.0,5,31.9,26.9,62,1005.5,236,5.5,-9900,-9900,0.0,0.0
2022,7,18,14,60,0.0,0.0,0.0,0.0,0.0,5,31.4,26.4,64,1005.8,219,5.5,-9900,-9900,0.0,0.0
2022,7,18,15,60,0.0,0.0,0.0,0.0,0.0,5,31.0,26.0,66,1006.1,204,5.5,-9900,-9900,0.0,0.0
2022,7,18,16,60,0.0,0.0,0.0,0.0,0.0,5,30.5,25.5,68,1006.5,193,5.5,-9900,-9900,0.0,0.0
2022,7,18,17,60,0.0,0.0,0.0,0.0,0.0,5,29.0,24.0,77,1006.7,174,5.5,-9900,-9900,0.0,0.0
2022,7,18,18,60,0.0,0.0,0.0,0.0,0.0,5,28.8,23.8,77,1006.5,175,5.5,-9900,-9900,0.0,0.0
2022,7,18,19,60,0.0,0.0,0.0,0.0,0.0,5,28.6,23.6,77,1006.2,176,3.7,-9900,-9900,0.0,0.0
2022,7,18,20,60,0.0,0.0,0.0,0.0,0.0,5,28.5,23.5,77,1006.3,172,5.5,-9900,-9900,0.0,0.0
2022,7,18,21,60,0.0,0.0,0.0,0.0,0.0,5,28.3,23.3,77,1006.3,168,5.5,-9900,-9900,0.0,0.0
2022,7,18,22,60,0.0,0.0,0.0,0.0,0.0,5,28.2,23.2,76,1006.3,165,5.5,-9900,-9900,0.0,0.0
2022,7,18,23,60,0.0,0.0,0.0,0.0,0.0,5,29.3,24.3,73,1007.1,174,5.5,-9900,-9900,0.0,0.0
2022,7,18,24,60,0.0,0.0,0.0,0.0,0.0,5,30.1,25.1,70,1007.3,186,3.7,-9900,-9900,0.0,0.0
2022,7,19,1,60,0.0,0.0,0.0,0.0,0.0,5,30.8,25.8,66,1007.6,200,3.7,-9900,-9900,0.0,0.0
2022,7,19,2,60,0.0,0.0,0.0,0.0,0.0,5,32.1,27.1,61,1007.6,226,5.5,-9900,-9900,0.0,0.0
2022,7,19,3,60,0.0,0.0,0.0,0.0,0.0,5,33.4,28.4,57,1007.7,246,5.5,-9900,-9900,0.0,0.0
2022,7,19,4,60,0.0,0.0,0.0,0.0,0.0,5,34.8,29.8,52,1007.7,260,5.5,-9900,-9900,0.0,0.0
2022,7,19,5,60,0.0,0.0,0.0,0.0,0.0,5,34.2,29.2,57,1007.2,284,7.4,-9900,-9900,0.0,0.0
2022,7,19,6,60,0.0,0.0,0.0,0.0,0.0,5,33.8,28.8,59,1007.0,299,7.4,-9900,-9900,0.0,0.0
2022,7,19,7,60,0.0,0.0,0.0,0.0,0.0,5,33.5,28.5,61,1006.8,311,7.4,-9900,-9900,0.0,0.0
2022,7,19,8,60,0.0,0.0,0.0,0.0,0.0,5,32.5,27.5,64,1007.0,308,7.4,-9900,-9900,0.0,0.0
2022,7,19,9,60,0.0,0.0,0.0,0.0,0.0,5,31.4,26.4,67,1007.2,294,7.4,-9900,-9900,0.0,0.0
2022,7,19,10,60,0.0,0.0,0.0,0.0,0.0,5,30.3,25.3,71,1007.4,153,7.4,-9900,-9900,0.0,0.0
2022,7,19,11,60,0.0,0.0,0.0,0.0,0.0,5,29.7,24.7,75,1008.4,149,7.4,-9900,-9900,0.0,0.0
2022,7,19,12,60,0.0,0.0,0.0,0.0,0.0,5,29.5,24.5,75,1009.0,151,5.5,-9900,-9900,0.0,0.0
2022,7,19,13,60,0.0,0.0,0.0,0.0,0.0,5,29.3,24.3,75,1009.6,152,5.5,-9900,-9900,0.0,0.0
2022,7,19,14,60,0.0,0.0,0.0,0.0,0.0,5,29.1,24.1,75,1009.7,158,5.5,-9900,-9900,0.0,0.0
2022,7,19,15,60,0.0,0.0,0.0,0.0,0.0,5,28.9,23.9,77,1009.8,163,5.5,-9900,-9900,0.0,0.0
2022,7,19,16,60,0.0,0.0,0.0,0.0,0.0,5,28.8,23.8,77,1010.0,166,5.5,-9900,-9900,0.0,0.0
2022,7,19,17,60,0.0,0.0,0.0,0.0,0.0,5,27.4,22.4,87,1010.2,169,5.5,-9900,-9900,0.0,0.0
2022,7,19,18,60,0.0,0.0,0.0,0.0,0.0,5,27.3,22.3,86,1009.8,168,5.5,-9900,-9900,0.0,0.0
2022,7,19,19,60,0.0,0.0,0.0,0.0,0.0,5,27.2,22.2,85,1009.5,167,5.5,-9900,-9900,0.0,0.0
2022,7,19,20,60,0.0,0.0,0.0,0.0,0.0,5,27.2,22.2,84,1009.6,166,5.5,-9900,-9900,0.0,0.0
2022,7,19,21,60,0.0,0.0,0.0,0.0,0.0,5,27.1,22.1,84,1009.6,166,5.5,-9900,-9900,0.0,0.0
2022,7,19,22,60,0.0,0.0,0.0,0.0,0.0,5,27.1,22.1,83,1009.7,166,5.5,-9900,-9900,0.0,0.0
2022,7,19,23,60,0.0,0.0,0.0,0.0,0.0,5,28.2,23.2,82,1010.4,166,5.5,-9900,-9900,0.0,0.0
2022,7,19,24,60,0.0,0.0,0.0,0.0,0.0,5,29.2,24.2,78,1010.7,172,5.5,-9900,-9900,0.0,0.0
2022,7,20,1,60,0.0,0.0,0.0,0.0,0.0,5,30.1,25.1,74,1011.0,180,3.7,-9900,-9900,0.0,0.0
2022,7,20,2,60,0.0,0.0,0.0,0.0,0.0,5,31.6,26.6,68,1010.9,210,5.5,-9900,-9900,0.0,0.0
2022,7,20,3,60,0.0,0.0,0.0,0.0,0.0,5,33.0,28.0,63,1010.7,247,5.5,-9900,-9900,0.0,0.0
2022,7,20,4,60,0.0,0.0,0.0,0.0,0.0,5,34.4,29.4,58,1010.5,270,5.5,-9900,-9900,0.0,0.0
2022,7,20,5,60,0.0,0.0,0.0,0.0,0.0,5,34.5,29.5,59,1010.3,298,7.4,-9900,-9900,0.0,0.0
2022,7,20,6,60,0.0,0.0,0.0,0.0,0.0,5,34.2,29.2,61,1010.0,312,7.4,-9900,-9900,0.0,0.0
2022,7,20,7,60,0.0,0.0,0.0,0.0,0.0,5,33.9,28.9,64,1009.7,320,7.4,-9900,-9900,0.0,0.0
2022,7,20,8,60,0.0,0.0,0.0,0.0,0.0,5,33.1,28.1,66,1009.7,323,7.4,-9900,-9900,0.0,0.0
2022,7,20,9,60,0.0,0.0,0.0,0.0,0.0,5,32.3,27.3,67,1009.8,329,7.4,-9900,-9900,0.0,0.0
2022,7,20,10,60,0.0,0.0,0.0,0.0,0.0,5,31.5,26.5,70,1009.8,347,7.4,-9900,-9900,0.0,0.0
2022,7,20,11,60,0.0,0.0,0.0,0.0,0.0,5,30.2,25.2,77,1010.6,174,7.4,-9900,-9900,0.0,0.0
2022,7,20,12,60,0.0,0.0,0.0,0.0,0.0,5,29.9,24.9,77,1011.1,179,5.5,-9900,-9900,0.0,0.0
2022,7,20,13,60,0.0,0.0,0.0,0.0,0.0,5,29.6,24.6,77,1011.5,181,5.5,-9900,-9900,0.0,0.0
2022,7,20,14,60,0.0,0.0,0.0,0.0,0.0,5,29.4,24.4,78,1011.8,178,5.5,-9900,-9900,0.0,0.0
2022,7,20,15,60,0.0,0.0,0.0,0.0,0.0,5,29.2,24.2,78,1012.0,176,5.5,-9900,-9900,0.0,0.0
2022,7,20,16,60,0.0,0.0,0.0,0.0,0.0,5,29.0,24.0,79,1012.2,175,5.5,-9900,-9900,0.0,0.0
2022,7,20,17,60,0.0,0.0,0.0,0.0,0.0,5,28.8,23.8,81,1012.2,163,5.5,-9900,-9900,0.0,0.0
2022,7,20,18,60,0.0,0.0,0.0,0.0,0.0,5,28.5,23.5,82,1011.8,167,5.5,-9900,-9900,0.0,0.0
2022,7,20,19,60,0.0,0.0,0.0,0.0,0.0,5,28.2,23.2,82,1011.5,170,5.5,-9900,-9900,0.0,0.0
2022,7,20,20,60,0.0,0.0,0.0,0.0,0.0,5,28.0,23.0,82,1011.4,169,5.5,-9900,-9900,0.0,0.0
2022,7,20,21,60,0.0,0.0,0.0,0.0,0.0,5,27.8,22.8,82,1011.3,168,5.5,-9900,-9900,0.0,0.0
2022,7,20,22,60,0.0,0.0,0.0,0.0,0.0,5,27.6,22.6,82,1011.3,166,5.5,-9900,-9900,0.0,0.0
2022,7,20,23,60,0.0,0.0,0.0,0.0,0.0,5,28.6,23.6,78,1011.6,175,5.5,-9900,-9900,0.0,0.0
2022,7,20,24,60,0.0,0.0,0.0,0.0,0.0,5,29.6,24.6,74,1011.9,186,5.5,-9900,-9900,0.0,0.0
2022,7,21,1,60,0.0,0.0,0.0,0.0,0.0,5,30.6,25.6,70,1012.2,199,5.5,-9900,-9900,0.0,0.0
2022,7,21,2,60,0.0,0.0,0.0,0.0,0.0,5,32.3,27.3,64,1011.8,224,5.5,-9900,-9900,0.0,0.0
2022,7,21,3,60,0.0,0.0,0.0,0.0,0.0,5,34.1,29.1,57,1011.4,245,5.5,-9900,-9900,0.0,0.0
2022,7,21,4,60,0.0,0.0,0.0,0.0,0.0,5,35.8,30.8,52,1011.0,259,7.4,-9900,-9900,0.0,0.0
2022,7,21,5,60,0.0,0.0,0.0,0.0,0.0,5,36.2,31.2,49,1011.1,278,9.3,-9900,-9900,0.0,0.0
2022,7,21,6,60,0.0,0.0,0.0,0.0,0.0,5,36.6,31.6,50,1010.6,289,9.3,-9900,-9900,0.0,0.0
2022,7,21,7,60,0.0,0.0,0.0,0.0,0.0,5,36.9,31.9,50,1010.1,298,11.1,-9900,-9900,0.0,0.0
2022,7,21,8,60,0.0,0.0,0.0,0.0,0.0,5,36.2,31.2,52,1010.0,300,11.1,-9900,-9900,0.0,0.0
2022,7,21,9,60,0.0,0.0,0.0,0.0,0.0,5,35.5,30.5,54,1009.9,302,9.3,-9900,-9900,0.0,0.0
2022,7,21,10,60,0.0,0.0,0.0,0.0,0.0,5,34.8,29.8,56,1009.8,304,9.3,-9900,-9900,0.0,0.0
2022,7,21,11,60,0.0,0.0,0.0,0.0,0.0,5,33.0,28.0,60,1010.3,267,7.4,-9900,-9900,0.0,0.0
2022,7,21,12,60,0.0,0.0,0.0,0.0,0.0,5,32.3,27.3,62,1010.8,245,7.4,-9900,-9900,0.0,0.0
2022,7,21,13,60,0.0,0.0,0.0,0.0,0.0,5,31.7,26.7,64,1011.2,217,5.5,-9900,-9900,0.0,0.0
2022,7,21,14,60,0.0,0.0,0.0,0.0,0.0,5,31.2,26.2,66,1011.3,204,5.5,-9900,-9900,0.0,0.0
2022,7,21,15,60,0.0,0.0,0.0,0.0,0.0,5,30.8,25.8,68,1011.4,193,5.5,-9900,-9900,0.0,0.0
2022,7,21,16,60,0.0,0.0,0.0,0.0,0.0,5,30.4,25.4,70,1011.5,185,5.5,-9900,-9900,0.0,0.0
2022,7,21,17,60,0.0,0.0,0.0,0.0,0.0,5,30.0,25.0,73,1011.3,189,5.5,-9900,-9900,0.0,0.0
2022,7,21,18,60,0.0,0.0,0.0,0.0,0.0,5,29.6,24.6,75,1011.1,189,5.5,-9900,-9900,0.0,0.0
2022,7,21,19,60,0.0,0.0,0.0,0.0,0.0,5,29.2,24.2,75,1010.9,188,5.5,-9900,-9900,0.0,0.0
2022,7,21,20,60,0.0,0.0,0.0,0.0,0.0,5,29.1,24.1,75,1010.8,183,5.5,-9900,-9900,0.0,0.0
2022,7,21,21,60,0.0,0.0,0.0,0.0,0.0,5,28.9,23.9,75,1010.7,177,5.5,-9900,-9900,0.0,0.0
2022,7,21,22,60,0.0,0.0,0.0,0.0,0.0,5,28.7,23.7,75,1010.6,172,5.5,-9900,-9900,0.0,0.0
2022,7,21,23,60,0.0,0.0,0.0,0.0,0.0,5,29.6,24.6,75,1010.8,187,7.4,-9900,-9900,0.0,0.0
2022,7,21,24,60,0.0,0.0,0.0,0.0,0.0,5,30.6,25.6,70,1011.0,203,5.5,-9900,-9900,0.0,0.0
2022,7,22,1,60,0.0,0.0,0.0,0.0,0.0,5,31.6,26.6,66,1011.2,223,5.5,-9900,-9900,0.0,0.0
2022,7,22,2,60,0.0,0.0,0.0,0.0,0.0,5,33.2,28.2,59,1010.8,235,5.5,-9900,-9900,0.0,0.0
2022,7,22,3,60,0.0,0.0,0.0,0.0,0.0,5,34.8,29.8,53,1010.3,244,7.4,-9900,-9900,0.0,0.0
2022,7,22,4,60,0.0,0.0,0.0,0.0,0.0,5,36.4,31.4,47,1009.8,250,7.4,-9900,-9900,0.0,0.0
2022,7,22,5,60,0.0,0.0,0.0,0.0,0.0,5,37.1,32.1,48,1009.3,269,9.3,-9900,-9900,0.0,0.0
2022,7,22,6,60,0.0,0.0,0.0,0.0,0.0,5,37.4,32.4,49,1008.9,284,9.3,-9900,-9900,0.0,0.0
2022,7,22,7,60,0.0,0.0,0.0,0.0,0.0,5,37.7,32.7,49,1008.4,299,9.3,-9900,-9900,0.0,0.0
2022,7,22,8,60,0.0,0.0,0.0,0.0,0.0,5,36.9,31.9,51,1008.3,302,9.3,-9900,-9900,0.0,0.0
2022,7,22,9,60,0.0,0.0,0.0,0.0,0.0,5,36.2,31.2,53,1008.2,306,9.3,-9900,-9900,0.0,0.0
2022,7,22,10,60,0.0,0.0,0.0,0.0,0.0,5,35.4,30.4,54,1008.2,311,9.3,-9900,-9900,0.0,0.0
2022,7,22,11,60,0.0,0.0,0.0,0.0,0.0,5,33.4,28.4,57,1008.9,297,7.4,-9900,-9900,0.0,0.0
2022,7,22,12,60,0.0,0.0,0.0,0.0,0.0,5,32.8,27.8,59,1009.3,265,7.4,-9900,-9900,0.0,0.0
2022,7,22,13,60,0.0,0.0,0.0,0.0,0.0,5,32.2,27.2,61,1009.7,222,5.5,-9900,-9900,0.0,0.0
2022,7,22,14,60,0.0,0.0,0.0,0.0,0.0,5,31.7,26.7,63,1009.7,206,5.5,-9900,-9900,0.0,0.0
2022,7,22,15,60,0.0,0.0,0.0,0.0,0.0,5,31.3,26.3,66,1009.7,196,5.5,-9900,-9900,0.0,0.0
2022,7,22,16,60,0.0,0.0,0.0,0.0,0.0,5,30.9,25.9,68,1009.7,190,5.5,-9900,-9900,0.0,0.0
2022,7,22,17,60,0.0,0.0,0.0,0.0,0.0,5,30.5,25.5,72,1009.4,190,5.5,-9900,-9900,0.0,0.0
2022,7,22,18,60,0.0,0.0,0.0,0.0,0.0,5,30.2,25.2,72,1009.1,191,5.5,-9900,-9900,0.0,0.0
2022,7,22,19,60,0.0,0.0,0.0,0.0,0.0,5,29.9,24.9,73,1008.9,192,5.5,-9900,-9900,0.0,0.0
2022,7,22,20,60,0.0,0.0,0.0,0.0,0.0,5,29.6,24.6,73,1008.7,186,5.5,-9900,-9900,0.0,0.0
2022,7,22,21,60,0.0,0.0,0.0,0.0,0.0,5,29.3,24.3,74,1008.6,179,5.5,-9900,-9900,0.0,0.0
2022,7,22,22,60,0.0,0.0,0.0,0.0,0.0,5,29.1,24.1,74,1008.5,173,5.5,-9900,-9900,0.0,0.0
2022,7,22,23,60,0.0,0.0,0.0,0.0,0.0,5,30.5,25.5,69,1009.3,212,5.5,-9900,-9900,0.0,0.0
2022,7,22,24,60,0.0,0.0,0.0,0.0,0.0,5,31.3,26.3,66,1009.4,225,5.5,-9900,-9900,0.0,0.0
2022,7,23,1,60,0.0,0.0,0.0,0.0,0.0,5,32.2,27.2,63,1009.4,236,7.4,-9900,-9900,0.0,0.0
2022,7,23,2,60,0.0,0.0,0.0,0.0,0.0,5,33.6,28.6,58,1009.0,246,7.4,-9900,-9900,0.0,0.0
2022,7,23,3,60,0.0,0.0,0.0,0.0,0.0,5,35.0,30.0,53,1008.5,253,7.4,-9900,-9900,0.0,0.0
2022,7,23,4,60,0.0,0.0,0.0,0.0,0.0,5,36.3,31.3,49,1008.0,258,7.4,-9900,-9900,0.0,0.0
2022,7,23,5,60,0.0,0.0,0.0,0.0,0.0,5,36.9,31.9,48,1007.6,271,9.3,-9900,-9900,0.0,0.0
2022,7,23,6,60,0.0,0.0,0.0,0.0,0.0,5,37.4,32.4,48,1007.1,282,11.1,-9900,-9900,0.0,0.0
2022,7,23,7,60,0.0,0.0,0.0,0.0,0.0,5,38.0,33.0,48,1006.6,292,11.1,-9900,-9900,0.0,0.0
2022,7,23,8,60,0.0,0.0,0.0,0.0,0.0,5,37.4,32.4,49,1006.6,294,11.1,-9900,-9900,0.0,0.0
2022,7,23,9,60,0.0,0.0,0.0,0.0,0.0,5,36.7,31.7,50,1006.6,297,11.1,-9900,-9900,0.0,0.0
2022,7,23,10,60,0.0,0.0,0.0,0.0,0.0,5,36.1,31.1,51,1006.6,301,9.3,-9900,-9900,0.0,0.0
2022,7,23,11,60,0.0,0.0,0.0,0.0,0.0,5,34.0,29.0,54,1006.7,255,7.4,-9900,-9900,0.0,0.0
2022,7,23,12,60,0.0,0.0,0.0,0.0,0.0,5,33.3,28.3,57,1006.9,234,5.5,-9900,-9900,0.0,0.0
2022,7,23,13,60,0.0,0.0,0.0,0.0,0.0,5,32.6,27.6,59,1007.2,214,5.5,-9900,-9900,0.0,0.0
2022,7,23,14,60,0.0,0.0,0.0,0.0,0.0,5,32.1,27.1,61,1007.3,207,5.5,-9900,-9900,0.0,0.0
2022,7,23,15,60,0.0,0.0,0.0,0.0,0.0,5,31.5,26.5,64,1007.4,201,5.5,-9900,-9900,0.0,0.0
2022,7,23,16,60,0.0,0.0,0.0,0.0,0.0,5,31.0,26.0,66,1007.5,196,5.5,-9900,-9900,0.0,0.0
2022,7,23,17,60,0.0,0.0,0.0,0.0,0.0,5,31.5,26.5,69,1007.4,210,5.5,-9900,-9900,0.0,0.0
2022,7,23,18,60,0.0,0.0,0.0,0.0,0.0,5,31.0,26.0,70,1007.2,203,5.5,-9900,-9900,0.0,0.0
2022,7,23,19,60,0.0,0.0,0.0,0.0,0.0,5,30.5,25.5,71,1006.9,196,5.5,-9900,-9900,0.0,0.0
2022,7,23,20,60,0.0,0.0,0.0,0.0,0.0,5,30.2,25.2,71,1006.9,190,5.5,-9900,-9900,0.0,0.0
2022,7,23,21,60,0.0,0.0,0.0,0.0,0.0,5,29.8,24.8,72,1006.8,183,5.5,-9900,-9900,0.0,0.0
2022,7,23,22,60,0.0,0.0,0.0,0.0,0.0,5,29.5,24.5,72,1006.8,176,5.5,-9900,-9900,0.0,0.0
2022,7,23,23,60,0.0,0.0,0.0,0.0,0.0,5,30.0,25.0,65,1007.0,199,7.4,-9900,-9900,0.0,0.0
2022,7,23,24,60,0.0,0.0,0.0,0.0,0.0,5,30.9,25.9,63,1007.2,211,5.5,-9900,-9900,0.0,0.0
2022,7,24,1,60,0.0,0.0,0.0,0.0,0.0,5,31.9,26.9,61,1007.5,224,5.5,-9900,-9900,0.0,0.0
2022,7,24,2,60,0.0,0.0,0.0,0.0,0.0,5,33.4,28.4,56,1007.3,235,5.5,-9900,-9900,0.0,0.0
2022,7,24,3,60,0.0,0.0,0.0,0.0,0.0,5,35.0,30.0,50,1007.1,244,7.4,-9900,-9900,0.0,0.0
2022,7,24,4,60,0.0,0.0,0.0,0.0,0.0,5,36.5,31.5,46,1006.9,250,7.4,-9900,-9900,0.0,0.0
2022,7,24,5,60,0.0,0.0,0.0,0.0,0.0,5,36.5,31.5,49,1006.6,271,9.3,-9900,-9900,0.0,0.0
2022,7,24,6,60,0.0,0.0,0.0,0.0,0.0,5,37.5,32.5,47,1006.1,283,9.3,-9900,-9900,0.0,0.0
2022,7,24,7,60,0.0,0.0,0.0,0.0,0.0,5,38.4,33.4,47,1005.6,294,11.1,-9900,-9900,0.0,0.0
2022,7,24,8,60,0.0,0.0,0.0,0.0,0.0,5,37.4,32.4,49,1005.5,298,9.3,-9900,-9900,0.0,0.0
2022,7,24,9,60,0.0,0.0,0.0,0.0,0.0,5,36.4,31.4,50,1005.4,308,9.3,-9900,-9900,0.0,0.0
2022,7,24,10,60,0.0,0.0,0.0,0.0,0.0,5,35.4,30.4,52,1005.4,357,9.3,-9900,-9900,0.0,0.0
2022,7,24,11,60,0.0,0.0,0.0,0.0,0.0,5,33.6,28.6,55,1005.9,64,7.4,-9900,-9900,0.0,0.0
2022,7,24,12,60,0.0,0.0,0.0,0.0,0.0,5,32.9,27.9,58,1006.4,92,7.4,-9900,-9900,0.0,0.0
2022,7,24,13,60,0.0,0.0,0.0,0.0,0.0,5,32.3,27.3,61,1006.8,112,5.5,-9900,-9900,0.0,0.0
2022,7,24,14,60,0.0,0.0,0.0,0.0,0.0,5,31.9,26.9,62,1007.0,126,5.5,-9900,-9900,0.0,0.0
2022,7,24,15,60,0.0,0.0,0.0,0.0,0.0,5,31.6,26.6,63,1007.2,144,5.5,-9900,-9900,0.0,0.0
2022,7,24,16,60,0.0,0.0,0.0,0.0,0.0,5,31.2,26.2,64,1007.4,162,5.5,-9900,-9900,0.0,0.0
2022,7,24,17,60,0.0,0.0,0.0,0.0,0.0,5,30.6,25.6,70,1007.5,177,5.5,-9900,-9900,0.0,0.0
2022,7,24,18,60,0.0,0.0,0.0,0.0,0.0,5,30.2,25.2,71,1007.4,183,5.5,-9900,-9900,0.0,0.0
2022,7,24,19,60,0.0,0.0,0.0,0.0,0.0,5,29.8,24.8,72,1007.4,189,5.5,-9900,-9900,0.0,0.0
2022,7,24,20,60,0.0,0.0,0.0,0.0,0.0,5,29.5,24.5,72,1007.6,181,5.5,-9900,-9900,0.0,0.0
2022,7,24,21,60,0.0,0.0,0.0,0.0,0.0,5,29.2,24.2,73,1007.8,174,5.5,-9900,-9900,0.0,0.0
2022,7,24,22,60,0.0,0.0,0.0,0.0,0.0,5,29.0,24.0,72,1008.0,168,5.5,-9900,-9900,0.0,0.0
2022,7,24,23,60,0.0,0.0,0.0,0.0,0.0,5,30.2,25.2,72,1008.5,199,5.5,-9900,-9900,0.0,0.0
2022,7,24,24,60,0.0,0.0,0.0,0.0,0.0,5,31.1,26.1,68,1008.9,205,3.7,-9900,-9900,0.0,0.0
2022,7,25,1,60,0.0,0.0,0.0,0.0,0.0,5,32.0,27.0,64,1009.3,211,3.7,-9900,-9900,0.0,0.0
2022,7,25,2,60,0.0,0.0,0.0,0.0,0.0,5,33.3,28.3,59,1009.1,234,3.7,-9900,-9900,0.0,0.0
2022,7,25,3,60,0.0,0.0,0.0,0.0,0.0,5,34.6,29.6,54,1008.9,260,3.7,-9900,-9900,0.0,0.0
2022,7,25,4,60,0.0,0.0,0.0,0.0,0.0,5,36.0,31.0,49,1008.7,280,3.7,-9900,-9900,0.0,0.0
2022,7,25,5,60,0.0,0.0,0.0,0.0,0.0,5,35.6,30.6,53,1008.4,298,5.5,-9900,-9900,0.0,0.0
2022,7,25,6,60,0.0,0.0,0.0,0.0,0.0,5,35.8,30.8,53,1007.9,324,7.4,-9900,-9900,0.0,0.0
2022,7,25,7,60,0.0,0.0,0.0,0.0,0.0,5,36.1,31.1,54,1007.4,340,7.4,-9900,-9900,0.0,0.0
2022,7,25,8,60,0.0,0.0,0.0,0.0,0.0,5,35.3,30.3,55,1007.2,359,9.3,-9900,-9900,0.0,0.0
2022,7,25,9,60,0.0,0.0,0.0,0.0,0.0,5,34.6,29.6,57,1006.9,26,9.3,-9900,-9900,0.0,0.0
2022,7,25,10,60,0.0,0.0,0.0,0.0,0.0,5,33.8,28.8,59,1006.6,52,9.3,-9900,-9900,0.0,0.0
2022,7,25,11,60,0.0,0.0,0.0,0.0,0.0,5,32.4,27.4,63,1007.3,78,11.1,-9900,-9900,0.0,0.0
2022,7,25,12,60,0.0,0.0,0.0,0.0,0.0,5,31.8,26.8,65,1007.8,90,9.3,-9900,-9900,0.0,0.0
2022,7,25,13,60,0.0,0.0,0.0,0.0,0.0,5,31.2,26.2,67,1008.3,103,7.4,-9900,-9900,0.0,0.0
2022,7,25,14,60,0.0,0.0,0.0,0.0,0.0,5,30.9,25.9,68,1008.4,109,7.4,-9900,-9900,0.0,0.0
2022,7,25,15,60,0.0,0.0,0.0,0.0,0.0,5,30.7,25.7,68,1008.5,116,7.4,-9900,-9900,0.0,0.0
2022,7,25,16,60,0.0,0.0,0.0,0.0,0.0,5,30.4,25.4,69,1008.6,125,7.4,-9900,-9900,0.0,0.0
2022,7,25,17,60,0.0,0.0,0.0,0.0,0.0,5,30.1,25.1,69,1008.5,141,5.5,-9900,-9900,0.0,0.0
2022,7,25,18,60,0.0,0.0,0.0,0.0,0.0,5,29.8,24.8,70,1008.4,162,5.5,-9900,-9900,0.0,0.0
2022,7,25,19,60,0.0,0.0,0.0,0.0,0.0,5,29.5,24.5,71,1008.3,184,5.5,-9900,-9900,0.0,0.0
2022,7,25,20,60,0.0,0.0,0.0,0.0,0.0,5,29.1,24.1,72,1008.3,179,5.5,-9900,-9900,0.0,0.0
2022,7,25,21,60,0.0,0.0,0.0,0.0,0.0,5,28.8,23.8,73,1008.4,175,5.5,-9900,-9900,0.0,0.0
2022,7,25,22,60,0.0,0.0,0.0,0.0,0.0,5,28.4,23.4,74,1008.4,171,5.5,-9900,-9900,0.0,0.0
2022,7,25,23,60,0.0,0.0,0.0,0.0,0.0,5,29.0,24.0,72,1008.7,166,5.5,-9900,-9900,0.0,0.0
2022,7,25,24,60,0.0,0.0,0.0,0.0,0.0,5,29.9,24.9,70,1009.0,170,3.7,-9900,-9900,0.0,0.0
2022,7,26,1,60,0.0,0.0,0.0,0.0,0.0,5,30.9,25.9,67,1009.2,176,3.7,-9900,-9900,0.0,0.0
2022,7,26,2,60,0.0,0.0,0.0,0.0,0.0,5,32.3,27.3,62,1009.0,211,3.7,-9900,-9900,0.0,0.0
2022,7,26,3,60,0.0,0.0,0.0,0.0,0.0,5,33.7,28.7,56,1008.8,269,3.7,-9900,-9900,0.0,0.0
2022,7,26,4,60,0.0,0.0,0.0,0.0,0.0,5,35.2,30.2,52,1008.5,294,3.7,-9900,-9900,0.0,0.0
2022,7,26,5,60,0.0,0.0,0.0,0.0,0.0,5,34.7,29.7,55,1007.9,309,5.5,-9900,-9900,0.0,0.0
2022,7,26,6,60,0.0,0.0,0.0,0.0,0.0,5,34.9,29.9,55,1007.5,326,5.5,-9900,-9900,0.0,0.0
2022,7,26,7,60,0.0,0.0,0.0,0.0,0.0,5,35.1,30.1,56,1007.0,335,7.4,-9900,-9900,0.0,0.0
2022,7,26,8,60,0.0,0.0,0.0,0.0,0.0,5,34.2,29.2,58,1006.7,353,7.4,-9900,-9900,0.0,0.0
2022,7,26,9,60,0.0,0.0,0.0,0.0,0.0,5,33.3,28.3,59,1006.4,25,9.3,-9900,-9900,0.0,0.0
2022,7,26,10,60,0.0,0.0,0.0,0.0,0.0,5,32.5,27.5,61,1006.1,58,9.3,-9900,-9900,0.0,0.0
2022,7,26,11,60,0.0,0.0,0.0,0.0,0.0,5,31.5,26.5,65,1006.8,78,9.3,-9900,-9900,0.0,0.0
2022,7,26,12,60,0.0,0.0,0.0,0.0,0.0,5,31.0,26.0,66,1007.2,86,9.3,-9900,-9900,0.0,0.0
2022,7,26,13,60,0.0,0.0,0.0,0.0,0.0,5,30.4,25.4,67,1007.7,95,7.4,-9900,-9900,0.0,0.0
2022,7,26,14,60,0.0,0.0,0.0,0.0,0.0,5,30.2,25.2,67,1007.8,103,7.4,-9900,-9900,0.0,0.0
2022,7,26,15,60,0.0,0.0,0.0,0.0,0.0,5,30.0,25.0,68,1007.9,111,7.4,-9900,-9900,0.0,0.0
2022,7,26,16,60,0.0,0.0,0.0,0.0,0.0,5,29.7,24.7,69,1008.0,120,7.4,-9900,-9900,0.0,0.0
2022,7,26,17,60,0.0,0.0,0.0,0.0,0.0,5,29.9,24.9,67,1007.9,124,7.4,-9900,-9900,0.0,0.0
2022,7,26,18,60,0.0,0.0,0.0,0.0,0.0,5,29.5,24.5,68,1007.6,138,5.5,-9900,-9900,0.0,0.0
2022,7,26,19,60,0.0,0.0,0.0,0.0,0.0,5,29.1,24.1,69,1007.4,154,5.5,-9900,-9900,0.0,0.0
2022,7,26,20,60,0.0,0.0,0.0,0.0,0.0,5,28.7,23.7,71,1007.4,160,5.5,-9900,-9900,0.0,0.0
2022,7,26,21,60,0.0,0.0,0.0,0.0,0.0,5,28.3,23.3,72,1007.4,166,5.5,-9900,-9900,0.0,0.0
2022,7,26,22,60,0.0,0.0,0.0,0.0,0.0,5,28.0,23.0,73,1007.3,171,5.5,-9900,-9900,0.0,0.0
2022,7,26,23,60,0.0,0.0,0.0,0.0,0.0,5,29.1,24.1,73,1007.6,187,5.5,-9900,-9900,0.0,0.0
2022,7,26,24,60,0.0,0.0,0.0,0.0,0.0,5,30.0,25.0,70,1007.9,185,3.7,-9900,-9900,0.0,0.0
2022,7,27,1,60,0.0,0.0,0.0,0.0,0.0,5,30.8,25.8,67,1008.2,182,3.7,-9900,-9900,0.0,0.0
2022,7,27,2,60,0.0,0.0,0.0,0.0,0.0,5,32.2,27.2,62,1008.1,215,3.7,-9900,-9900,0.0,0.0
2022,7,27,3,60,0.0,0.0,0.0,0.0,0.0,5,33.6,28.6,57,1008.0,272,3.7,-9900,-9900,0.0,0.0
2022,7,27,4,60,0.0,0.0,0.0,0.0,0.0,5,35.0,30.0,53,1007.9,299,3.7,-9900,-9900,0.0,0.0
2022,7,27,5,60,0.0,0.0,0.0,0.0,0.0,5,34.8,29.8,56,1007.5,319,5.5,-9900,-9900,0.0,0.0
2022,7,27,6,60,0.0,0.0,0.0,0.0,0.0,5,34.8,29.8,57,1007.0,332,5.5,-9900,-9900,0.0,0.0
2022,7,27,7,60,0.0,0.0,0.0,0.0,0.0,5,34.9,29.9,58,1006.5,339,7.4,-9900,-9900,0.0,0.0
2022,7,27,8,60,0.0,0.0,0.0,0.0,0.0,5,34.1,29.1,59,1006.3,357,7.4,-9900,-9900,0.0,0.0
2022,7,27,9,60,0.0,0.0,0.0,0.0,0.0,5,33.4,28.4,59,1006.2,23,9.3,-9900,-9900,0.0,0.0
2022,7,27,10,60,0.0,0.0,0.0,0.0,0.0,5,32.6,27.6,60,1006.0,51,9.3,-9900,-9900,0.0,0.0
2022,7,27,11,60,0.0,0.0,0.0,0.0,0.0,5,31.6,26.6,62,1006.5,66,9.3,-9900,-9900,0.0,0.0
2022,7,27,12,60,0.0,0.0,0.0,0.0,0.0,5,31.0,26.0,64,1006.9,79,9.3,-9900,-9900,0.0,0.0
2022,7,27,13,60,0.0,0.0,0.0,0.0,0.0,5,30.4,25.4,66,1007.4,92,7.4,-9900,-9900,0.0,0.0
2022,7,27,14,60,0.0,0.0,0.0,0.0,0.0,5,30.1,25.1,66,1007.5,96,7.4,-9900,-9900,0.0,0.0
2022,7,27,15,60,0.0,0.0,0.0,0.0,0.0,5,29.8,24.8,67,1007.6,100,7.4,-9900,-9900,0.0,0.0
2022,7,27,16,60,0.0,0.0,0.0,0.0,0.0,5,29.5,24.5,67,1007.7,105,7.4,-9900,-9900,0.0,0.0
2022,7,27,17,60,0.0,0.0,0.0,0.0,0.0,5,29.1,24.1,74,1007.5,113,7.4,-9900,-9900,0.0,0.0
2022,7,27,18,60,0.0,0.0,0.0,0.0,0.0,5,28.7,23.7,74,1007.2,121,7.4,-9900,-9900,0.0,0.0
2022,7,27,19,60,0.0,0.0,0.0,0.0,0.0,5,28.4,23.4,75,1006.9,131,5.5,-9900,-9900,0.0,0.0
2022,7,27,20,60,0.0,0.0,0.0,0.0,0.0,5,28.1,23.1,75,1006.8,138,5.5,-9900,-9900,0.0,0.0
2022,7,27,21,60,0.0,0.0,0.0,0.0,0.0,5,27.9,22.9,75,1006.8,146,5.5,-9900,-9900,0.0,0.0
2022,7,27,22,60,0.0,0.0,0.0,0.0,0.0,5,27.6,22.6,75,1006.7,154,5.5,-9900,-9900,0.0,0.0
2022,7,27,23,60,0.0,0.0,0.0,0.0,0.0,5,28.5,23.5,75,1007.0,149,5.5,-9900,-9900,0.0,0.0
2022,7,27,24,60,0.0,0.0,0.0,0.0,0.0,5,29.4,24.4,73,1007.2,145,5.5,-9900,-9900,0.0,0.0
2022,7,28,1,60,0.0,0.0,0.0,0.0,0.0,5,30.3,25.3,70,1007.5,140,3.7,-9900,-9900,0.0,0.0
2022,7,28,2,60,0.0,0.0,0.0,0.0,0.0,5,31.6,26.6,65,1007.3,97,3.7,-9900,-9900,0.0,0.0
2022,7,28,3,60,0.0,0.0,0.0,0.0,0.0,5,32.9,27.9,60,1007.1,349,3.7,-9900,-9900,0.0,0.0
2022,7,28,4,60,0.0,0.0,0.0,0.0,0.0,5,34.2,29.2,55,1006.9,340,5.5,-9900,-9900,0.0,0.0
2022,7,28,5,60,0.0,0.0,0.0,0.0,0.0,5,34.2,29.2,56,1006.4,351,5.5,-9900,-9900,0.0,0.0
2022,7,28,6,60,0.0,0.0,0.0,0.0,0.0,5,34.3,29.3,57,1005.9,359,7.4,-9900,-9900,0.0,0.0
2022,7,28,7,60,0.0,0.0,0.0,0.0,0.0,5,34.3,29.3,58,1005.4,6,7.4,-9900,-9900,0.0,0.0
2022,7,28,8,60,0.0,0.0,0.0,0.0,0.0,5,33.6,28.6,59,1005.3,23,9.3,-9900,-9900,0.0,0.0
2022,7,28,9,60,0.0,0.0,0.0,0.0,0.0,5,32.9,27.9,60,1005.1,43,9.3,-9900,-9900,0.0,0.0
2022,7,28,10,60,0.0,0.0,0.0,0.0,0.0,5,32.2,27.2,61,1004.9,59,9.3,-9900,-9900,0.0,0.0
2022,7,28,11,60,0.0,0.0,0.0,0.0,0.0,5,31.7,26.7,62,1005.3,69,9.3,-9900,-9900,0.0,0.0
2022,7,28,12,60,0.0,0.0,0.0,0.0,0.0,5,31.1,26.1,64,1005.7,78,9.3,-9900,-9900,0.0,0.0
2022,7,28,13,60,0.0,0.0,0.0,0.0,0.0,5,30.6,25.6,66,1006.2,90,9.3,-9900,-9900,0.0,0.0
2022,7,28,14,60,0.0,0.0,0.0,0.0,0.0,5,30.2,25.2,67,1006.2,91,9.3,-9900,-9900,0.0,0.0
2022,7,28,15,60,0.0,0.0,0.0,0.0,0.0,5,29.9,24.9,68,1006.3,96,7.4,-9900,-9900,0.0,0.0
2022,7,28,16,60,0.0,0.0,0.0,0.0,0.0,5,29.6,24.6,69,1006.4,109,7.4,-9900,-9900,0.0,0.0
2022,7,28,17,60,0.0,0.0,0.0,0.0,0.0,5,28.9,23.9,74,1006.2,108,7.4,-9900,-9900,0.0,0.0
2022,7,28,18,60,0.0,0.0,0.0,0.0,0.0,5,28.6,23.6,74,1005.9,118,7.4,-9900,-9900,0.0,0.0
2022,7,28,19,60,0.0,0.0,0.0,0.0,0.0,5,28.3,23.3,74,1005.6,132,5.5,-9900,-9900,0.0,0.0
2022,7,28,20,60,0.0,0.0,0.0,0.0,0.0,5,28.0,23.0,75,1005.6,141,5.5,-9900,-9900,0.0,0.0
2022,7,28,21,60,0.0,0.0,0.0,0.0,0.0,5,27.8,22.8,76,1005.5,153,5.5,-9900,-9900,0.0,0.0
2022,7,28,22,60,0.0,0.0,0.0,0.0,0.0,5,27.6,22.6,76,1005.4,166,5.5,-9900,-9900,0.0,0.0
2022,7,28,23,60,0.0,0.0,0.0,0.0,0.0,5,28.5,23.5,75,1005.6,164,5.5,-9900,-9900,0.0,0.0
2022,7,28,24,60,0.0,0.0,0.0,0.0,0.0,5,29.3,24.3,72,1005.8,166,5.5,-9900,-9900,0.0,0.0
2022,7,29,1,60,0.0,0.0,0.0,0.0,0.0,5,30.0,25.0,70,1006.0,169,3.7,-9900,-9900,0.0,0.0
2022,7,29,2,60,0.0,0.0,0.0,0.0,0.0,5,31.3,26.3,65,1005.7,283,3.7,-9900,-9900,0.0,0.0
2022,7,29,3,60,0.0,0.0,0.0,0.0,0.0,5,32.6,27.6,60,1005.5,336,5.5,-9900,-9900,0.0,0.0
2022,7,29,4,60,0.0,0.0,0.0,0.0,0.0,5,33.9,28.9,56,1005.2,339,5.5,-9900,-9900,0.0,0.0
2022,7,29,5,60,0.0,0.0,0.0,0.0,0.0,5,34.0,29.0,58,1004.8,4,5.5,-9900,-9900,0.0,0.0
2022,7,29,6,60,0.0,0.0,0.0,0.0,0.0,5,34.1,29.1,58,1004.2,352,7.4,-9900,-9900,0.0,0.0
2022,7,29,7,60,0.0,0.0,0.0,0.0,0.0,5,34.2,29.2,58,1003.7,345,7.4,-9900,-9900,0.0,0.0
2022,7,29,8,60,0.0,0.0,0.0,0.0,0.0,5,33.5,28.5,59,1003.4,358,7.4,-9900,-9900,0.0,0.0
2022,7,29,9,60,0.0,0.0,0.0,0.0,0.0,5,32.8,27.8,60,1003.0,18,7.4,-9900,-9900,0.0,0.0
2022,7,29,10,60,0.0,0.0,0.0,0.0,0.0,5,32.0,27.0,62,1002.7,41,9.3,-9900,-9900,0.0,0.0
2022,7,29,11,60,0.0,0.0,0.0,0.0,0.0,5,31.4,26.4,58,1003.8,354,9.3,-9900,-9900,0.0,0.0
2022,7,29,12,60,0.0,0.0,0.0,0.0,0.0,5,30.8,25.8,61,1004.2,6,7.4,-9900,-9900,0.0,0.0
2022,7,29,13,60,0.0,0.0,0.0,0.0,0.0,5,30.1,25.1,65,1004.6,38,5.5,-9900,-9900,0.0,0.0
2022,7,29,14,60,0.0,0.0,0.0,0.0,0.0,5,29.7,24.7,67,1004.7,55,5.5,-9900,-9900,0.0,0.0
2022,7,29,15,60,0.0,0.0,0.0,0.0,0.0,5,29.3,24.3,69,1004.9,77,5.5,-9900,-9900,0.0,0.0
2022,7,29,16,60,0.0,0.0,0.0,0.0,0.0,5,28.9,23.9,71,1005.1,97,5.5,-9900,-9900,0.0,0.0
2022,7,29,17,60,0.0,0.0,0.0,0.0,0.0,5,28.9,23.9,80,1004.6,155,5.5,-9900,-9900,0.0,0.0
2022,7,29,18,60,0.0,0.0,0.0,0.0,0.0,5,28.6,23.6,80,1004.1,160,5.5,-9900,-9900,0.0,0.0
2022,7,29,19,60,0.0,0.0,0.0,0.0,0.0,5,28.3,23.3,80,1003.7,163,3.7,-9900,-9900,0.0,0.0
2022,7,29,20,60,0.0,0.0,0.0,0.0,0.0,5,28.1,23.1,80,1003.5,159,5.5,-9900,-9900,0.0,0.0
2022,7,29,21,60,0.0,0.0,0.0,0.0,0.0,5,27.9,22.9,80,1003.3,156,5.5,-9900,-9900,0.0,0.0
2022,7,29,22,60,0.0,0.0,0.0,0.0,0.0,5,27.7,22.7,81,1003.1,152,5.5,-9900,-9900,0.0,0.0
2022,7,29,23,60,0.0,0.0,0.0,0.0,0.0,5,26.8,21.8,86,1003.3,191,5.5,-9900,-9900,0.0,0.0
2022,7,29,24,60,0.0,0.0,0.0,0.0,0.0,5,27.7,22.7,81,1003.5,184,5.5,-9900,-9900,0.0,0.0
2022,7,30,1,60,0.0,0.0,0.0,0.0,0.0,5,28.6,23.6,77,1003.6,165,3.7,-9900,-9900,0.0,0.0
2022,7,30,2,60,0.0,0.0,0.0,0.0,0.0,5,30.1,25.1,70,1003.5,87,3.7,-9900,-9900,0.0,0.0
2022,7,30,3,60,0.0,0.0,0.0,0.0,0.0,5,31.5,26.5,65,1003.3,43,5.5,-9900,-9900,0.0,0.0
2022,7,30,4,60,0.0,0.0,0.0,0.0,0.0,5,33.0,28.0,60,1003.2,33,5.5,-9900,-9900,0.0,0.0
2022,7,30,5,60,0.0,0.0,0.0,0.0,0.0,5,33.0,28.0,61,1002.7,35,5.5,-9900,-9900,0.0,0.0
2022,7,30,6,60,0.0,0.0,0.0,0.0,0.0,5,32.8,27.8,62,1002.4,35,7.4,-9900,-9900,0.0,0.0
2022,7,30,7,60,0.0,0.0,0.0,0.0,0.0,5,32.7,27.7,63,1002.1,35,7.4,-9900,-9900,0.0,0.0
2022,7,30,8,60,0.0,0.0,0.0,0.0,0.0,5,32.0,27.0,65,1002.0,45,9.3,-9900,-9900,0.0,0.0
2022,7,30,9,60,0.0,0.0,0.0,0.0,0.0,5,31.2,26.2,68,1002.0,55,9.3,-9900,-9900,0.0,0.0
2022,7,30,10,60,0.0,0.0,0.0,0.0,0.0,5,30.5,25.5,70,1001.9,67,9.3,-9900,-9900,0.0,0.0
2022,7,30,11,60,0.0,0.0,0.0,0.0,0.0,5,30.0,25.0,70,1001.9,77,9.3,-9900,-9900,0.0,0.0
2022,7,30,12,60,0.0,0.0,0.0,0.0,0.0,5,29.6,24.6,73,1002.4,85,7.4,-9900,-9900,0.0,0.0
2022,7,30,13,60,0.0,0.0,0.0,0.0,0.0,5,29.2,24.2,75,1002.9,100,5.5,-9900,-9900,0.0,0.0
2022,7,30,14,60,0.0,0.0,0.0,0.0,0.0,5,29.0,24.0,76,1003.1,115,5.5,-9900,-9900,0.0,0.0
2022,7,30,15,60,0.0,0.0,0.0,0.0,0.0,5,28.8,23.8,76,1003.3,132,5.5,-9900,-9900,0.0,0.0
2022,7,30,16,60,0.0,0.0,0.0,0.0,0.0,5,28.5,23.5,78,1003.5,148,5.5,-9900,-9900,0.0,0.0
2022,7,30,17,60,0.0,0.0,0.0,0.0,0.0,5,28.3,23.3,78,1003.3,163,5.5,-9900,-9900,0.0,0.0
2022,7,30,18,60,0.0,0.0,0.0,0.0,0.0,5,28.0,23.0,79,1003.2,176,5.5,-9900,-9900,0.0,0.0
2022,7,30,19,60,0.0,0.0,0.0,0.0,0.0,5,27.7,22.7,80,1003.1,186,5.5,-9900,-9900,0.0,0.0
2022,7,30,20,60,0.0,0.0,0.0,0.0,0.0,5,27.5,22.5,81,1003.1,189,5.5,-9900,-9900,0.0,0.0
2022,7,30,21,60,0.0,0.0,0.0,0.0,0.0,5,27.3,22.3,81,1003.2,193,5.5,-9900,-9900,0.0,0.0
2022,7,30,22,60,0.0,0.0,0.0,0.0,0.0,5,27.0,22.0,82,1003.3,196,5.5,-9900,-9900,0.0,0.0
2022,7,30,23,60,0.0,0.0,0.0,0.0,0.0,5,28.4,23.4,76,1003.5,214,5.5,-9900,-9900,0.0,0.0
2022,7,30,24,60,0.0,0.0,0.0,0.0,0.0,5,29.1,24.1,74,1003.9,217,5.5,-9900,-9900,0.0,0.0
2022,7,31,1,60,0.0,0.0,0.0,0.0,0.0,5,29.8,24.8,71,1004.3,221,3.7,-9900,-9900,0.0,0.0
2022,7,31,2,60,0.0,0.0,0.0,0.0,0.0,5,31.2,26.2,66,1004.2,236,5.5,-9900,-9900,0.0,0.0
2022,7,31,3,60,0.0,0.0,0.0,0.0,0.0,5,32.7,27.7,61,1004.2,251,5.5,-9900,-9900,0.0,0.0
2022,7,31,4,60,0.0,0.0,0.0,0.0,0.0,5,34.1,29.1,57,1004.1,265,5.5,-9900,-9900,0.0,0.0
2022,7,31,5,60,0.0,0.0,0.0,0.0,0.0,5,34.2,29.2,56,1003.9,291,7.4,-9900,-9900,0.0,0.0
2022,7,31,6,60,0.0,0.0,0.0,0.0,0.0,5,34.1,29.1,58,1003.5,304,7.4,-9900,-9900,0.0,0.0
2022,7,31,7,60,0.0,0.0,0.0,0.0,0.0,5,34.1,29.1,59,1003.1,315,7.4,-9900,-9900,0.0,0.0
2022,7,31,8,60,0.0,0.0,0.0,0.0,0.0,5,33.2,28.2,61,1003.0,318,7.4,-9900,-9900,0.0,0.0
2022,7,31,9,60,0.0,0.0,0.0,0.0,0.0,5,32.4,27.4,64,1003.0,326,7.4,-9900,-9900,0.0,0.0
2022,7,31,10,60,0.0,0.0,0.0,0.0,0.0,5,31.5,26.5,66,1003.0,358,7.4,-9900,-9900,0.0,0.0
2022,7,31,11,60,0.0,0.0,0.0,0.0,0.0,5,31.0,26.0,68,1003.3,276,7.4,-9900,-9900,0.0,0.0
2022,7,31,12,60,0.0,0.0,0.0,0.0,0.0,5,30.6,25.6,70,1003.8,198,5.5,-9900,-9900,0.0,0.0
2022,7,31,13,60,0.0,0.0,0.0,0.0,0.0,5,30.2,25.2,71,1004.4,183,5.5,-9900,-9900,0.0,0.0
2022,7,31,14,60,0.0,0.0,0.0,0.0,0.0,5,29.9,24.9,72,1004.7,181,5.5,-9900,-9900,0.0,0.0
2022,7,31,15,60,0.0,0.0,0.0,0.0,0.0,5,29.6,24.6,73,1004.9,179,5.5,-9900,-9900,0.0,0.0
2022,7,31,16,60,0.0,0.0,0.0,0.0,0.0,5,29.4,24.4,74,1005.1,178,5.5,-9900,-9900,0.0,0.0
2022,7,31,17,60,0.0,0.0,0.0,0.0,0.0,5,29.6,24.6,69,1004.9,177,5.5,-9900,-9900,0.0,0.0
2022,7,31,18,60,0.0,0.0,0.0,0.0,0.0,5,29.3,24.3,70,1004.7,178,5.5,-9900,-9900,0.0,0.0
2022,7,31,19,60,0.0,0.0,0.0,0.0,0.0,5,29.0,24.0,71,1004.6,179,5.5,-9900,-9900,0.0,0.0
2022,7,31,20,60,0.0,0.0,0.0,0.0,0.0,5,28.7,23.7,72,1004.8,175,5.5,-9900,-9900,0.0,0.0
2022,7,31,21,60,0.0,0.0,0.0,0.0,0.0,5,28.4,23.4,74,1005.1,172,5.5,-9900,-9900,0.0,0.0
2022,7,31,22,60,0.0,0.0,0.0,0.0,0.0,5,28.1,23.1,75,1005.3,169,3.7,-9900,-9900,0.0,0.0
2022,7,31,23,60,0.0,0.0,0.0,0.0,0.0,5,29.1,24.1,72,1005.9,170,5.5,-9900,-9900,0.0,0.0
2022,7,31,24,60,0.0,0.0,0.0,0.0,0.0,5,29.9,24.9,70,1006.4,178,5.5,-9900,-9900,0.0,0.0
2022,8,1,1,60,0.0,0.0,0.0,0.0,0.0,5,30.6,25.6,68,1006.9,188,5.5,-9900,-9900,0.0,0.0
2022,8,1,2,60,0.0,0.0,0.0,0.0,0.0,5,31.9,26.9,63,1006.7,210,5.5,-9900,-9900,0.0,0.0
2022,8,1,3,60,0.0,0.0,0.0,0.0,0.0,5,33.2,28.2,59,1006.6,233,5.5,-9900,-9900,0.0,0.0
2022,8,1,4,60,0.0,0.0,0.0,0.0,0.0,5,34.5,29.5,55,1006.4,251,5.5,-9900,-9900,0.0,0.0
2022,8,1,5,60,0.0,0.0,0.0,0.0,0.0,5,33.8,28.8,58,1006.1,264,5.5,-9900,-9900,0.0,0.0
2022,8,1,6,60,0.0,0.0,0.0,0.0,0.0,5,33.6,28.6,59,1005.8,272,5.5,-9900,-9900,0.0,0.0
2022,8,1,7,60,0.0,0.0,0.0,0.0,0.0,5,33.3,28.3,61,1005.4,303,5.5,-9900,-9900,0.0,0.0
2022,8,1,8,60,0.0,0.0,0.0,0.0,0.0,5,32.2,27.2,64,1005.5,55,5.5,-9900,-9900,0.0,0.0
2022,8,1,9,60,0.0,0.0,0.0,0.0,0.0,5,31.1,26.1,68,1005.5,87,7.4,-9900,-9900,0.0,0.0
2022,8,1,10,60,0.0,0.0,0.0,0.0,0.0,5,30.1,25.1,72,1005.6,92,7.4,-9900,-9900,0.0,0.0
2022,8,1,11,60,0.0,0.0,0.0,0.0,0.0,5,30.1,25.1,71,1006.4,109,7.4,-9900,-9900,0.0,0.0
2022,8,1,12,60,0.0,0.0,0.0,0.0,0.0,5,29.8,24.8,72,1006.9,119,7.4,-9900,-9900,0.0,0.0
2022,8,1,13,60,0.0,0.0,0.0,0.0,0.0,5,29.5,24.5,72,1007.3,132,5.5,-9900,-9900,0.0,0.0
2022,8,1,14,60,0.0,0.0,0.0,0.0,0.0,5,29.3,24.3,73,1007.5,136,5.5,-9900,-9900,0.0,0.0
2022,8,1,15,60,0.0,0.0,0.0,0.0,0.0,5,29.2,24.2,74,1007.7,141,5.5,-9900,-9900,0.0,0.0
2022,8,1,16,60,0.0,0.0,0.0,0.0,0.0,5,29.0,24.0,75,1007.8,146,5.5,-9900,-9900,0.0,0.0
2022,8,1,17,60,0.0,0.0,0.0,0.0,0.0,5,28.7,23.7,75,1007.7,175,5.5,-9900,-9900,0.0,0.0
2022,8,1,18,60,0.0,0.0,0.0,0.0,0.0,5,28.4,23.4,76,1007.5,180,5.5,-9900,-9900,0.0,0.0
2022,8,1,19,60,0.0,0.0,0.0,0.0,0.0,5,28.1,23.1,77,1007.4,185,3.7,-9900,-9900,0.0,0.0
2022,8,1,20,60,0.0,0.0,0.0,0.0,0.0,5,27.8,22.8,79,1007.5,175,5.5,-9900,-9900,0.0,0.0
2022,8,1,21,60,0.0,0.0,0.0,0.0,0.0,5,27.5,22.5,80,1007.7,165,5.5,-9900,-9900,0.0,0.0
2022,8,1,22,60,0.0,0.0,0.0,0.0,0.0,5,27.2,22.2,82,1007.8,156,5.5,-9900,-9900,0.0,0.0
2022,8,1,23,60,0.0,0.0,0.0,0.0,0.0,5,28.3,23.3,77,1008.1,153,3.7,-9900,-9900,0.0,0.0
2022,8,1,24,60,0.0,0.0,0.0,0.0,0.0,5,28.5,23.5,76,1008.6,159,3.7,-9900,-9900,0.0,0.0
2022,8,2,1,60,0.0,0.0,0.0,0.0,0.0,5,28.8,23.8,75,1009.1,166,3.7,-9900,-9900,0.0,0.0
2022,8,2,2,60,0.0,0.0,0.0,0.0,0.0,5,29.5,24.5,72,1009.1,161,3.7,-9900,-9900,0.0,0.0
2022,8,2,3,60,0.0,0.0,0.0,0.0,0.0,5,30.2,25.2,69,1009.2,153,3.7,-9900,-9900,0.0,0.0
2022,8,2,4,60,0.0,0.0,0.0,0.0,0.0,5,30.9,25.9,66,1009.2,142,5.5,-9900,-9900,0.0,0.0
2022,8,2,5,60,0.0,0.0,0.0,0.0,0.0,5,29.8,24.8,72,1009.0,28,3.7,-9900,-9900,0.0,0.0
2022,8,2,6,60,0.0,0.0,0.0,0.0,0.0,5,29.5,24.5,73,1008.6,37,5.5,-9900,-9900,0.0,0.0
2022,8,2,7,60,0.0,0.0,0.0,0.0,0.0,5,29.2,24.2,75,1008.2,40,5.5,-9900,-9900,0.0,0.0
2022,8,2,8,60,0.0,0.0,0.0,0.0,0.0,5,28.7,23.7,76,1008.0,78,5.5,-9900,-9900,0.0,0.0
2022,8,2,9,60,0.0,0.0,0.0,0.0,0.0,5,28.2,23.2,79,1007.8,107,7.4,-9900,-9900,0.0,0.0
2022,8,2,10,60,0.0,0.0,0.0,0.0,0.0,5,27.7,22.7,80,1007.6,122,7.4,-9900,-9900,0.0,0.0
2022,8,2,11,60,0.0,0.0,0.0,0.0,0.0,5,27.5,22.5,81,1007.9,117,7.4,-9900,-9900,0.0,0.0
2022,8,2,12,60,0.0,0.0,0.0,0.0,0.0,5,27.4,22.4,82,1008.3,112,5.5,-9900,-9900,0.0,0.0
2022,8,2,13,60,0.0,0.0,0.0,0.0,0.0,5,27.3,22.3,82,1008.7,106,5.5,-9900,-9900,0.0,0.0
2022,8,2,14,60,0.0,0.0,0.0,0.0,0.0,5,27.2,22.2,82,1008.8,113,5.5,-9900,-9900,0.0,0.0
2022,8,2,15,60,0.0,0.0,0.0,0.0,0.0,5,27.2,22.2,82,1008.9,119,5.5,-9900,-9900,0.0,0.0
2022,8,2,16,60,0.0,0.0,0.0,0.0,0.0,5,27.2,22.2,82,1009.0,125,5.5,-9900,-9900,0.0,0.0
2022,8,2,17,60,0.0,0.0,0.0,0.0,0.0,5,27.0,22.0,80,1008.9,144,5.5,-9900,-9900,0.0,0.0
2022,8,2,18,60,0.0,0.0,0.0,0.0,0.0,5,26.8,21.8,80,1008.7,157,5.5,-9900,-9900,0.0,0.0
2022,8,2,19,60,0.0,0.0,0.0,0.0,0.0,5,26.5,21.5,81,1008.5,172,5.5,-9900,-9900,0.0,0.0
2022,8,2,20,60,0.0,0.0,0.0,0.0,0.0,5,26.3,21.3,82,1008.5,170,5.5,-9900,-9900,0.0,0.0
2022,8,2,21,60,0.0,0.0,0.0,0.0,0.0,5,26.1,21.1,83,1008.6,168,5.5,-9900,-9900,0.0,0.0
2022,8,2,22,60,0.0,0.0,0.0,0.0,0.0,5,25.9,20.9,85,1008.6,166,5.5,-9900,-9900,0.0,0.0
2022,8,2,23,60,0.0,0.0,0.0,0.0,0.0,5,26.7,21.7,84,1009.2,173,5.5,-9900,-9900,0.0,0.0
2022,8,2,24,60,0.0,0.0,0.0,0.0,0.0,5,27.5,22.5,81,1009.6,175,3.7,-9900,-9900,0.0,0.0
2022,8,3,1,60,0.0,0.0,0.0,0.0,0.0,5,28.3,23.3,79,1009.9,178,3.7,-9900,-9900,0.0,0.0
2022,8,3,2,60,0.0,0.0,0.0,0.0,0.0,5,29.8,24.8,72,1009.7,167,3.7,-9900,-9900,0.0,0.0
2022,8,3,3,60,0.0,0.0,0.0,0.0,0.0,5,31.2,26.2,66,1009.4,146,3.7,-9900,-9900,0.0,0.0
2022,8,3,4,60,0.0,0.0,0.0,0.0,0.0,5,32.6,27.6,61,1009.2,114,5.5,-9900,-9900,0.0,0.0
2022,8,3,5,60,0.0,0.0,0.0,0.0,0.0,5,32.5,27.5,63,1009.0,85,5.5,-9900,-9900,0.0,0.0
2022,8,3,6,60,0.0,0.0,0.0,0.0,0.0,5,32.1,27.1,65,1008.6,51,7.4,-9900,-9900,0.0,0.0
2022,8,3,7,60,0.0,0.0,0.0,0.0,0.0,5,31.7,26.7,67,1008.1,36,7.4,-9900,-9900,0.0,0.0
2022,8,3,8,60,0.0,0.0,0.0,0.0,0.0,5,31.0,26.0,68,1008.0,83,7.4,-9900,-9900,0.0,0.0
2022,8,3,9,60,0.0,0.0,0.0,0.0,0.0,5,30.3,25.3,70,1007.8,111,7.4,-9900,-9900,0.0,0.0
2022,8,3,10,60,0.0,0.0,0.0,0.0,0.0,5,29.6,24.6,71,1007.7,124,7.4,-9900,-9900,0.0,0.0
2022,8,3,11,60,0.0,0.0,0.0,0.0,0.0,5,29.3,24.3,71,1008.6,136,7.4,-9900,-9900,0.0,0.0
2022,8,3,12,60,0.0,0.0,0.0,0.0,0.0,5,29.0,24.0,72,1008.8,120,7.4,-9900,-9900,0.0,0.0
2022,8,3,13,60,0.0,0.0,0.0,0.0,0.0,5,28.7,23.7,73,1009.1,111,9.3,-9900,-9900,0.0,0.0
2022,8,3,14,60,0.0,0.0,0.0,0.0,0.0,5,28.6,23.6,74,1009.1,116,7.4,-9900,-9900,0.0,0.0
2022,8,3,15,60,0.0,0.0,0.0,0.0,0.0,5,28.6,23.6,74,1009.1,122,7.4,-9900,-9900,0.0,0.0
2022,8,3,16,60,0.0,0.0,0.0,0.0,0.0,5,28.6,23.6,74,1009.1,128,7.4,-9900,-9900,0.0,0.0
2022,8,3,17,60,0.0,0.0,0.0,0.0,0.0,5,29.0,24.0,68,1008.7,122,7.4,-9900,-9900,0.0,0.0
2022,8,3,18,60,0.0,0.0,0.0,0.0,0.0,5,28.6,23.6,69,1008.5,131,7.4,-9900,-9900,0.0,0.0
2022,8,3,19,60,0.0,0.0,0.0,0.0,0.0,5,28.2,23.2,70,1008.4,145,5.5,-9900,-9900,0.0,0.0
2022,8,3,20,60,0.0,0.0,0.0,0.0,0.0,5,27.8,22.8,72,1008.5,146,5.5,-9900,-9900,0.0,0.0
2022,8,3,21,60,0.0,0.0,0.0,0.0,0.0,5,27.4,22.4,74,1008.6,148,5.5,-9900,-9900,0.0,0.0
2022,8,3,22,60,0.0,0.0,0.0,0.0,0.0,5,27.1,22.1,75,1008.7,150,5.5,-9900,-9900,0.0,0.0
2022,8,3,23,60,0.0,0.0,0.0,0.0,0.0,5,28.0,23.0,73,1009.5,167,3.7,-9900,-9900,0.0,0.0
2022,8,3,24,60,0.0,0.0,0.0,0.0,0.0,5,28.8,23.8,71,1009.8,161,3.7,-9900,-9900,0.0,0.0
2022,8,4,1,60,0.0,0.0,0.0,0.0,0.0,5,29.7,24.7,69,1010.1,154,3.7,-9900,-9900,0.0,0.0
2022,8,4,2,60,0.0,0.0,0.0,0.0,0.0,5,31.2,26.2,63,1009.9,144,5.5,-9900,-9900,0.0,0.0
2022,8,4,3,60,0.0,0.0,0.0,0.0,0.0,5,32.7,27.7,59,1009.6,134,5.5,-9900,-9900,0.0,0.0
2022,8,4,4,60,0.0,0.0,0.0,0.0,0.0,5,34.2,29.2,54,1009.4,124,7.4,-9900,-9900,0.0,0.0
2022,8,4,5,60,0.0,0.0,0.0,0.0,0.0,5,34.0,29.0,54,1009.0,102,7.4,-9900,-9900,0.0,0.0
2022,8,4,6,60,0.0,0.0,0.0,0.0,0.0,5,33.8,28.8,56,1008.6,100,7.4,-9900,-9900,0.0,0.0
2022,8,4,7,60,0.0,0.0,0.0,0.0,0.0,5,33.6,28.6,58,1008.2,99,9.3,-9900,-9900,0.0,0.0
2022,8,4,8,60,0.0,0.0,0.0,0.0,0.0,5,32.8,27.8,60,1008.1,113,9.3,-9900,-9900,0.0,0.0
2022,8,4,9,60,0.0,0.0,0.0,0.0,0.0,5,32.1,27.1,61,1008.0,122,9.3,-9900,-9900,0.0,0.0
2022,8,4,10,60,0.0,0.0,0.0,0.0,0.0,5,31.3,26.3,63,1007.9,127,11.1,-9900,-9900,0.0,0.0
2022,8,4,11,60,0.0,0.0,0.0,0.0,0.0,5,30.1,25.1,69,1008.8,130,7.4,-9900,-9900,0.0,0.0
2022,8,4,12,60,0.0,0.0,0.0,0.0,0.0,5,29.8,24.8,69,1009.2,134,7.4,-9900,-9900,0.0,0.0
2022,8,4,13,60,0.0,0.0,0.0,0.0,0.0,5,29.4,24.4,70,1009.6,139,5.5,-9900,-9900,0.0,0.0
2022,8,4,14,60,0.0,0.0,0.0,0.0,0.0,5,29.2,24.2,71,1009.8,151,5.5,-9900,-9900,0.0,0.0
2022,8,4,15,60,0.0,0.0,0.0,0.0,0.0,5,29.0,24.0,71,1010.0,160,5.5,-9900,-9900,0.0,0.0
2022,8,4,16,60,0.0,0.0,0.0,0.0,0.0,5,28.8,23.8,72,1010.2,168,5.5,-9900,-9900,0.0,0.0
2022,8,4,17,60,0.0,0.0,0.0,0.0,0.0,5,27.2,22.2,87,1010.0,178,5.5,-9900,-9900,0.0,0.0
2022,8,4,18,60,0.0,0.0,0.0,0.0,0.0,5,27.0,22.0,87,1009.8,179,5.5,-9900,-9900,0.0,0.0
2022,8,4,19,60,0.0,0.0,0.0,0.0,0.0,5,26.9,21.9,86,1009.6,181,5.5,-9900,-9900,0.0,0.0
2022,8,4,20,60,0.0,0.0,0.0,0.0,0.0,5,26.8,21.8,85,1009.6,175,5.5,-9900,-9900,0.0,0.0
2022,8,4,21,60,0.0,0.0,0.0,0.0,0.0,5,26.7,21.7,85,1009.6,170,5.5,-9900,-9900,0.0,0.0
2022,8,4,22,60,0.0,0.0,0.0,0.0,0.0,5,26.7,21.7,84,1009.6,165,5.5,-9900,-9900,0.0,0.0
2022,8,4,23,60,0.0,0.0,0.0,0.0,0.0,5,27.5,22.5,80,1009.8,161,3.7,-9900,-9900,0.0,0.0
2022,8,4,24,60,0.0,0.0,0.0,0.0,0.0,5,28.3,23.3,77,1010.1,157,3.7,-9900,-9900,0.0,0.0
2022,8,5,1,60,0.0,0.0,0.0,0.0,0.0,5,29.2,24.2,73,1010.3,151,3.7,-9900,-9900,0.0,0.0
2022,8,5,2,60,0.0,0.0,0.0,0.0,0.0,5,30.8,25.8,66,1010.0,125,3.7,-9900,-9900,0.0,0.0
2022,8,5,3,60,0.0,0.0,0.0,0.0,0.0,5,32.5,27.5,60,1009.7,85,5.5,-9900,-9900,0.0,0.0
2022,8,5,4,60,0.0,0.0,0.0,0.0,0.0,5,34.1,29.1,55,1009.4,55,5.5,-9900,-9900,0.0,0.0
2022,8,5,5,60,0.0,0.0,0.0,0.0,0.0,5,33.9,28.9,56,1009.5,23,5.5,-9900,-9900,0.0,0.0
2022,8,5,6,60,0.0,0.0,0.0,0.0,0.0,5,33.8,28.8,57,1008.9,28,7.4,-9900,-9900,0.0,0.0
2022,8,5,7,60,0.0,0.0,0.0,0.0,0.0,5,33.7,28.7,57,1008.4,30,7.4,-9900,-9900,0.0,0.0
2022,8,5,8,60,0.0,0.0,0.0,0.0,0.0,5,32.9,27.9,60,1008.1,43,7.4,-9900,-9900,0.0,0.0
2022,8,5,9,60,0.0,0.0,0.0,0.0,0.0,5,32.1,27.1,63,1007.8,58,9.3,-9900,-9900,0.0,0.0
2022,8,5,10,60,0.0,0.0,0.0,0.0,0.0,5,31.2,26.2,66,1007.5,74,9.3,-9900,-9900,0.0,0.0
2022,8,5,11,60,0.0,0.0,0.0,0.0,0.0,5,30.2,25.2,68,1008.0,76,9.3,-9900,-9900,0.0,0.0
2022,8,5,12,60,0.0,0.0,0.0,0.0,0.0,5,29.8,24.8,70,1008.5,84,7.4,-9900,-9900,0.0,0.0
2022,8,5,13,60,0.0,0.0,0.0,0.0,0.0,5,29.5,24.5,72,1008.9,98,5.5,-9900,-9900,0.0,0.0
2022,8,5,14,60,0.0,0.0,0.0,0.0,0.0,5,29.2,24.2,73,1009.1,124,5.5,-9900,-9900,0.0,0.0
2022,8,5,15,60,0.0,0.0,0.0,0.0,0.0,5,28.9,23.9,74,1009.3,152,5.5,-9900,-9900,0.0,0.0
2022,8,5,16,60,0.0,0.0,0.0,0.0,0.0,5,28.6,23.6,76,1009.5,171,5.5,-9900,-9900,0.0,0.0
2022,8,5,17,60,0.0,0.0,0.0,0.0,0.0,5,28.9,23.9,78,1009.3,187,5.5,-9900,-9900,0.0,0.0
2022,8,5,18,60,0.0,0.0,0.0,0.0,0.0,5,28.5,23.5,79,1009.1,183,5.5,-9900,-9900,0.0,0.0
2022,8,5,19,60,0.0,0.0,0.0,0.0,0.0,5,28.2,23.2,79,1009.0,179,5.5,-9900,-9900,0.0,0.0
2022,8,5,20,60,0.0,0.0,0.0,0.0,0.0,5,27.9,22.9,79,1009.0,175,5.5,-9900,-9900,0.0,0.0
2022,8,5,21,60,0.0,0.0,0.0,0.0,0.0,5,27.7,22.7,79,1009.1,171,5.5,-9900,-9900,0.0,0.0
2022,8,5,22,60,0.0,0.0,0.0,0.0,0.0,5,27.4,22.4,80,1009.1,168,5.5,-9900,-9900,0.0,0.0
2022,8,5,23,60,0.0,0.0,0.0,0.0,0.0,5,28.2,23.2,74,1009.6,179,5.5,-9900,-9900,0.0,0.0
2022,8,5,24,60,0.0,0.0,0.0,0.0,0.0,5,29.2,24.2,71,1009.8,176,3.7,-9900,-9900,0.0,0.0
2022,8,6,1,60,0.0,0.0,0.0,0.0,0.0,5,30.2,25.2,68,1009.9,172,3.7,-9900,-9900,0.0,0.0
2022,8,6,2,60,0.0,0.0,0.0,0.0,0.0,5,31.8,26.8,62,1009.3,166,3.7,-9900,-9900,0.0,0.0
2022,8,6,3,60,0.0,0.0,0.0,0.0,0.0,5,33.4,28.4,56,1008.7,153,3.7,-9900,-9900,0.0,0.0
2022,8,6,4,60,0.0,0.0,0.0,0.0,0.0,5,35.0,30.0,51,1008.1,119,5.5,-9900,-9900,0.0,0.0
2022,8,6,5,60,0.0,0.0,0.0,0.0,0.0,5,35.0,30.0,53,1007.4,39,5.5,-9900,-9900,0.0,0.0
2022,8,6,6,60,0.0,0.0,0.0,0.0,0.0,5,35.2,30.2,53,1006.8,42,7.4,-9900,-9900,0.0,0.0
2022,8,6,7,60,0.0,0.0,0.0,0.0,0.0,5,35.3,30.3,53,1006.2,43,9.3,-9900,-9900,0.0,0.0
2022,8,6,8,60,0.0,0.0,0.0,0.0,0.0,5,34.4,29.4,56,1006.0,61,9.3,-9900,-9900,0.0,0.0
2022,8,6,9,60,0.0,0.0,0.0,0.0,0.0,5,33.5,28.5,58,1005.9,90,7.4,-9900,-9900,0.0,0.0
2022,8,6,10,60,0.0,0.0,0.0,0.0,0.0,5,32.6,27.6,60,1005.8,121,7.4,-9900,-9900,0.0,0.0
2022,8,6,11,60,0.0,0.0,0.0,0.0,0.0,5,32.8,27.8,57,1005.8,242,7.4,-9900,-9900,0.0,0.0
2022,8,6,12,60,0.0,0.0,0.0,0.0,0.0,5,32.1,27.1,60,1006.4,127,7.4,-9900,-9900,0.0,0.0
2022,8,6,13,60,0.0,0.0,0.0,0.0,0.0,5,31.3,26.3,63,1006.9,120,5.5,-9900,-9900,0.0,0.0
2022,8,6,14,60,0.0,0.0,0.0,0.0,0.0,5,31.0,26.0,64,1007.1,128,5.5,-9900,-9900,0.0,0.0
2022,8,6,15,60,0.0,0.0,0.0,0.0,0.0,5,30.6,25.6,65,1007.4,136,5.5,-9900,-9900,0.0,0.0
2022,8,6,16,60,0.0,0.0,0.0,0.0,0.0,5,30.2,25.2,66,1007.6,143,5.5,-9900,-9900,0.0,0.0
2022,8,6,17,60,0.0,0.0,0.0,0.0,0.0,5,29.8,24.8,65,1007.8,150,5.5,-9900,-9900,0.0,0.0
2022,8,6,18,60,0.0,0.0,0.0,0.0,0.0,5,29.3,24.3,67,1007.6,162,5.5,-9900,-9900,0.0,0.0
2022,8,6,19,60,0.0,0.0,0.0,0.0,0.0,5,28.9,23.9,68,1007.3,171,5.5,-9900,-9900,0.0,0.0
2022,8,6,20,60,0.0,0.0,0.0,0.0,0.0,5,28.6,23.6,69,1007.4,168,5.5,-9900,-9900,0.0,0.0
2022,8,6,21,60,0.0,0.0,0.0,0.0,0.0,5,28.2,23.2,70,1007.5,166,5.5,-9900,-9900,0.0,0.0
2022,8,6,22,60,0.0,0.0,0.0,0.0,0.0,5,28.1,23.1,70,1007.5,164,5.5,-9900,-9900,0.0,0.0
2022,8,6,23,60,0.0,0.0,0.0,0.0,0.0,5,29.1,24.1,71,1007.9,169,5.5,-9900,-9900,0.0,0.0
2022,8,6,24,60,0.0,0.0,0.0,0.0,0.0,5,29.9,24.9,68,1008.3,155,5.5,-9900,-9900,0.0,0.0
2022,8,7,1,60,0.0,0.0,0.0,0.0,0.0,5,30.8,25.8,65,1008.6,141,3.7,-9900,-9900,0.0,0.0
2022,8,7,2,60,0.0,0.0,0.0,0.0,0.0,5,32.3,27.3,58,1008.4,127,5.5,-9900,-9900,0.0,0.0
2022,8,7,3,60,0.0,0.0,0.0,0.0,0.0,5,33.7,28.7,53,1008.1,117,7.4,-9900,-9900,0.0,0.0
2022,8,7,4,60,0.0,0.0,0.0,0.0,0.0,5,35.2,30.2,48,1007.9,110,9.3,-9900,-9900,0.0,0.0
2022,8,7,5,60,0.0,0.0,0.0,0.0,0.0,5,34.5,29.5,53,1007.6,96,9.3,-9900,-9900,0.0,0.0
2022,8,7,6,60,0.0,0.0,0.0,0.0,0.0,5,34.9,29.9,52,1007.0,103,11.1,-9900,-9900,0.0,0.0
2022,8,7,7,60,0.0,0.0,0.0,0.0,0.0,5,35.2,30.2,52,1006.3,108,11.1,-9900,-9900,0.0,0.0
2022,8,7,8,60,0.0,0.0,0.0,0.0,0.0,5,34.4,29.4,53,1006.0,112,11.1,-9900,-9900,0.0,0.0
2022,8,7,9,60,0.0,0.0,0.0,0.0,0.0,5,33.6,28.6,55,1005.7,117,11.1,-9900,-9900,0.0,0.0
2022,8,7,10,60,0.0,0.0,0.0,0.0,0.0,5,32.7,27.7,57,1005.4,120,11.1,-9900,-9900,0.0,0.0
2022,8,7,11,60,0.0,0.0,0.0,0.0,0.0,5,32.0,27.0,59,1006.0,119,11.1,-9900,-9900,0.0,0.0
2022,8,7,12,60,0.0,0.0,0.0,0.0,0.0,5,31.3,26.3,61,1006.6,116,9.3,-9900,-9900,0.0,0.0
2022,8,7,13,60,0.0,0.0,0.0,0.0,0.0,5,30.7,25.7,62,1007.2,114,9.3,-9900,-9900,0.0,0.0
2022,8,7,14,60,0.0,0.0,0.0,0.0,0.0,5,30.3,25.3,64,1007.6,121,7.4,-9900,-9900,0.0,0.0
2022,8,7,15,60,0.0,0.0,0.0,0.0,0.0,5,30.0,25.0,65,1007.9,130,7.4,-9900,-9900,0.0,0.0
2022,8,7,16,60,0.0,0.0,0.0,0.0,0.0,5,29.6,24.6,67,1008.2,139,7.4,-9900,-9900,0.0,0.0
2022,8,7,17,60,0.0,0.0,0.0,0.0,0.0,5,29.4,24.4,75,1008.7,167,5.5,-9900,-9900,0.0,0.0
2022,8,7,18,60,0.0,0.0,0.0,0.0,0.0,5,29.1,24.1,75,1008.5,169,5.5,-9900,-9900,0.0,0.0
2022,8,7,19,60,0.0,0.0,0.0,0.0,0.0,5,28.8,23.8,75,1008.3,170,5.5,-9900,-9900,0.0,0.0
2022,8,7,20,60,0.0,0.0,0.0,0.0,0.0,5,28.4,23.4,76,1008.3,170,5.5,-9900,-9900,0.0,0.0
2022,8,7,21,60,0.0,0.0,0.0,0.0,0.0,5,28.1,23.1,77,1008.3,169,5.5,-9900,-9900,0.0,0.0
2022,8,7,22,60,0.0,0.0,0.0,0.0,0.0,5,27.7,22.7,78,1008.3,168,5.5,-9900,-9900,0.0,0.0
2022,8,7,23,60,0.0,0.0,0.0,0.0,0.0,5,29.0,24.0,71,1008.5,152,5.5,-9900,-9900,0.0,0.0
2022,8,7,24,60,0.0,0.0,0.0,0.0,0.0,5,29.7,24.7,69,1008.9,149,5.5,-9900,-9900,0.0,0.0
2022,8,8,1,60,0.0,0.0,0.0,0.0,0.0,5,30.5,25.5,66,1009.2,145,3.7,-9900,-9900,0.0,0.0
2022,8,8,2,60,0.0,0.0,0.0,0.0,0.0,5,31.8,26.8,60,1008.9,132,5.5,-9900,-9900,0.0,0.0
2022,8,8,3,60,0.0,0.0,0.0,0.0,0.0,5,33.2,28.2,55,1008.6,121,7.4,-9900,-9900,0.0,0.0
2022,8,8,4,60,0.0,0.0,0.0,0.0,0.0,5,34.6,29.6,50,1008.3,113,7.4,-9900,-9900,0.0,0.0
2022,8,8,5,60,0.0,0.0,0.0,0.0,0.0,5,34.0,29.0,55,1008.0,107,9.3,-9900,-9900,0.0,0.0
2022,8,8,6,60,0.0,0.0,0.0,0.0,0.0,5,34.1,29.1,55,1007.5,105,9.3,-9900,-9900,0.0,0.0
2022,8,8,7,60,0.0,0.0,0.0,0.0,0.0,5,34.1,29.1,55,1007.0,103,11.1,-9900,-9900,0.0,0.0
2022,8,8,8,60,0.0,0.0,0.0,0.0,0.0,5,33.4,28.4,56,1006.8,117,11.1,-9900,-9900,0.0,0.0
2022,8,8,9,60,0.0,0.0,0.0,0.0,0.0,5,32.6,27.6,57,1006.5,126,11.1,-9900,-9900,0.0,0.0
2022,8,8,10,60,0.0,0.0,0.0,0.0,0.0,5,31.9,26.9,58,1006.3,132,13.0,-9900,-9900,0.0,0.0
2022,8,8,11,60,0.0,0.0,0.0,0.0,0.0,5,32.0,27.0,59,1006.7,120,9.3,-9900,-9900,0.0,0.0
2022,8,8,12,60,0.0,0.0,0.0,0.0,0.0,5,31.4,26.4,61,1007.3,122,9.3,-9900,-9900,0.0,0.0
2022,8,8,13,60,0.0,0.0,0.0,0.0,0.0,5,30.7,25.7,63,1007.9,122,9.3,-9900,-9900,0.0,0.0
2022,8,8,14,60,0.0,0.0,0.0,0.0,0.0,5,30.5,25.5,63,1008.0,127,9.3,-9900,-9900,0.0,0.0
2022,8,8,15,60,0.0,0.0,0.0,0.0,0.0,5,30.3,25.3,64,1008.1,133,7.4,-9900,-9900,0.0,0.0
2022,8,8,16,60,0.0,0.0,0.0,0.0,0.0,5,30.1,25.1,64,1008.2,140,7.4,-9900,-9900,0.0,0.0
2022,8,8,17,60,0.0,0.0,0.0,0.0,0.0,5,29.7,24.7,67,1008.1,136,7.4,-9900,-9900,0.0,0.0
2022,8,8,18,60,0.0,0.0,0.0,0.0,0.0,5,29.3,24.3,69,1007.9,148,5.5,-9900,-9900,0.0,0.0
2022,8,8,19,60,0.0,0.0,0.0,0.0,0.0,5,28.9,23.9,69,1007.7,162,5.5,-9900,-9900,0.0,0.0
2022,8,8,20,60,0.0,0.0,0.0,0.0,0.0,5,28.6,23.6,70,1007.6,157,5.5,-9900,-9900,0.0,0.0
2022,8,8,21,60,0.0,0.0,0.0,0.0,0.0,5,28.3,23.3,71,1007.5,152,5.5,-9900,-9900,0.0,0.0
2022,8,8,22,60,0.0,0.0,0.0,0.0,0.0,5,28.1,23.1,71,1007.5,148,5.5,-9900,-9900,0.0,0.0
2022,8,8,23,60,0.0,0.0,0.0,0.0,0.0,5,28.8,23.8,69,1008.5,172,5.5,-9900,-9900,0.0,0.0
2022,8,8,24,60,0.0,0.0,0.0,0.0,0.0,5,29.6,24.6,67,1008.7,160,5.5,-9900,-9900,0.0,0.0
2022,8,9,1,60,0.0,0.0,0.0,0.0,0.0,5,30.5,25.5,65,1008.9,147,5.5,-9900,-9900,0.0,0.0
2022,8,9,2,60,0.0,0.0,0.0,0.0,0.0,5,31.9,26.9,60,1008.3,132,7.4,-9900,-9900,0.0,0.0
2022,8,9,3,60,0.0,0.0,0.0,0.0,0.0,5,33.4,28.4,55,1007.8,122,9.3,-9900,-9900,0.0,0.0
2022,8,9,4,60,0.0,0.0,0.0,0.0,0.0,5,34.9,29.9,51,1007.3,116,11.1,-9900,-9900,0.0,0.0
2022,8,9,5,60,0.0,0.0,0.0,0.0,0.0,5,34.3,29.3,54,1006.8,99,9.3,-9900,-9900,0.0,0.0
2022,8,9,6,60,0.0,0.0,0.0,0.0,0.0,5,34.6,29.6,54,1006.2,104,11.1,-9900,-9900,0.0,0.0
2022,8,9,7,60,0.0,0.0,0.0,0.0,0.0,5,34.9,29.9,53,1005.7,107,13.0,-9900,-9900,0.0,0.0
2022,8,9,8,60,0.0,0.0,0.0,0.0,0.0,5,34.0,29.0,55,1005.6,119,13.0,-9900,-9900,0.0,0.0
2022,8,9,9,60,0.0,0.0,0.0,0.0,0.0,5,33.1,28.1,57,1005.6,129,13.0,-9900,-9900,0.0,0.0
2022,8,9,10,60,0.0,0.0,0.0,0.0,0.0,5,32.2,27.2,58,1005.5,138,13.0,-9900,-9900,0.0,0.0
2022,8,9,11,60,0.0,0.0,0.0,0.0,0.0,5,31.9,26.9,57,1006.3,128,13.0,-9900,-9900,0.0,0.0
2022,8,9,12,60,0.0,0.0,0.0,0.0,0.0,5,31.4,26.4,59,1007.0,126,11.1,-9900,-9900,0.0,0.0
2022,8,9,13,60,0.0,0.0,0.0,0.0,0.0,5,30.8,25.8,61,1007.6,124,9.3,-9900,-9900,0.0,0.0
2022,8,9,14,60,0.0,0.0,0.0,0.0,0.0,5,30.5,25.5,62,1007.9,130,7.4,-9900,-9900,0.0,0.0
2022,8,9,15,60,0.0,0.0,0.0,0.0,0.0,5,30.1,25.1,63,1008.2,138,7.4,-9900,-9900,0.0,0.0
2022,8,9,16,60,0.0,0.0,0.0,0.0,0.0,5,29.8,24.8,65,1008.4,146,7.4,-9900,-9900,0.0,0.0
2022,8,9,17,60,0.0,0.0,0.0,0.0,0.0,5,29.6,24.6,66,1008.1,128,9.3,-9900,-9900,0.0,0.0
2022,8,9,18,60,0.0,0.0,0.0,0.0,0.0,5,29.2,24.2,67,1007.9,140,7.4,-9900,-9900,0.0,0.0
2022,8,9,19,60,0.0,0.0,0.0,0.0,0.0,5,28.9,23.9,68,1007.6,158,5.5,-9900,-9900,0.0,0.0
2022,8,9,20,60,0.0,0.0,0.0,0.0,0.0,5,28.5,23.5,69,1007.6,159,5.5,-9900,-9900,0.0,0.0
2022,8,9,21,60,0.0,0.0,0.0,0.0,0.0,5,28.2,23.2,70,1007.6,159,5.5,-9900,-9900,0.0,0.0
2022,8,9,22,60,0.0,0.0,0.0,0.0,0.0,5,28.0,23.0,70,1007.5,160,5.5,-9900,-9900,0.0,0.0
2022,8,9,23,60,0.0,0.0,0.0,0.0,0.0,5,29.4,24.4,72,1008.1,180,5.5,-9900,-9900,0.0,0.0
2022,8,9,24,60,0.0,0.0,0.0,0.0,0.0,5,30.2,25.2,69,1008.3,169,3.7,-9900,-9900,0.0,0.0
2022,8,10,1,60,0.0,0.0,0.0,0.0,0.0,5,31.0,26.0,66,1008.6,156,3.7,-9900,-9900,0.0,0.0
2022,8,10,2,60,0.0,0.0,0.0,0.0,0.0,5,32.3,27.3,61,1008.4,156,3.7,-9900,-9900,0.0,0.0
2022,8,10,3,60,0.0,0.0,0.0,0.0,0.0,5,33.7,28.7,56,1008.2,157,5.5,-9900,-9900,0.0,0.0
2022,8,10,4,60,0.0,0.0,0.0,0.0,0.0,5,35.0,30.0,52,1008.0,160,5.5,-9900,-9900,0.0,0.0
2022,8,10,5,60,0.0,0.0,0.0,0.0,0.0,5,34.8,29.8,53,1007.6,91,5.5,-9900,-9900,0.0,0.0
2022,8,10,6,60,0.0,0.0,0.0,0.0,0.0,5,34.6,29.6,54,1007.2,38,7.4,-9900,-9900,0.0,0.0
2022,8,10,7,60,0.0,0.0,0.0,0.0,0.0,5,34.4,29.4,55,1006.9,27,9.3,-9900,-9900,0.0,0.0
2022,8,10,8,60,0.0,0.0,0.0,0.0,0.0,5,33.4,28.4,58,1006.8,98,9.3,-9900,-9900,0.0,0.0
2022,8,10,9,60,0.0,0.0,0.0,0.0,0.0,5,32.5,27.5,60,1006.7,129,9.3,-9900,-9900,0.0,0.0
2022,8,10,10,60,0.0,0.0,0.0,0.0,0.0,5,31.5,26.5,63,1006.7,138,9.3,-9900,-9900,0.0,0.0
2022,8,10,11,60,0.0,0.0,0.0,0.0,0.0,5,31.6,26.6,58,1007.5,112,9.3,-9900,-9900,0.0,0.0
2022,8,10,12,60,0.0,0.0,0.0,0.0,0.0,5,31.1,26.1,59,1008.0,113,9.3,-9900,-9900,0.0,0.0
2022,8,10,13,60,0.0,0.0,0.0,0.0,0.0,5,30.7,25.7,61,1008.4,114,7.4,-9900,-9900,0.0,0.0
2022,8,10,14,60,0.0,0.0,0.0,0.0,0.0,5,30.4,25.4,62,1008.7,121,7.4,-9900,-9900,0.0,0.0
2022,8,10,15,60,0.0,0.0,0.0,0.0,0.0,5,30.1,25.1,63,1008.9,129,7.4,-9900,-9900,0.0,0.0
2022,8,10,16,60,0.0,0.0,0.0,0.0,0.0,5,29.8,24.8,65,1009.1,138,7.4,-9900,-9900,0.0,0.0
2022,8,10,17,60,0.0,0.0,0.0,0.0,0.0,5,29.4,24.4,67,1008.8,132,7.4,-9900,-9900,0.0,0.0
2022,8,10,18,60,0.0,0.0,0.0,0.0,0.0,5,29.0,24.0,68,1008.6,145,7.4,-9900,-9900,0.0,0.0
2022,8,10,19,60,0.0,0.0,0.0,0.0,0.0,5,28.7,23.7,69,1008.4,164,5.5,-9900,-9900,0.0,0.0
2022,8,10,20,60,0.0,0.0,0.0,0.0,0.0,5,28.4,23.4,70,1008.4,167,5.5,-9900,-9900,0.0,0.0
2022,8,10,21,60,0.0,0.0,0.0,0.0,0.0,5,28.1,23.1,71,1008.5,170,5.5,-9900,-9900,0.0,0.0
2022,8,10,22,60,0.0,0.0,0.0,0.0,0.0,5,27.9,22.9,72,1008.5,172,5.5,-9900,-9900,0.0,0.0
2022,8,10,23,60,0.0,0.0,0.0,0.0,0.0,5,29.0,24.0,69,1009.2,168,5.5,-9900,-9900,0.0,0.0
2022,8,10,24,60,0.0,0.0,0.0,0.0,0.0,5,29.8,24.8,67,1009.5,170,5.5,-9900,-9900,0.0,0.0
2022,8,11,1,60,0.0,0.0,0.0,0.0,0.0,5,30.6,25.6,65,1009.9,172,3.7,-9900,-9900,0.0,0.0
2022,8,11,2,60,0.0,0.0,0.0,0.0,0.0,5,31.9,26.9,61,1009.6,186,3.7,-9900,-9900,0.0,0.0
2022,8,11,3,60,0.0,0.0,0.0,0.0,0.0,5,33.3,28.3,56,1009.4,221,3.7,-9900,-9900,0.0,0.0
2022,8,11,4,60,0.0,0.0,0.0,0.0,0.0,5,34.7,29.7,52,1009.1,273,3.7,-9900,-9900,0.0,0.0
2022,8,11,5,60,0.0,0.0,0.0,0.0,0.0,5,34.0,29.0,57,1008.7,306,5.5,-9900,-9900,0.0,0.0
2022,8,11,6,60,0.0,0.0,0.0,0.0,0.0,5,33.9,28.9,58,1008.2,341,5.5,-9900,-9900,0.0,0.0
2022,8,11,7,60,0.0,0.0,0.0,0.0,0.0,5,33.9,28.9,58,1007.8,353,7.4,-9900,-9900,0.0,0.0
2022,8,11,8,60,0.0,0.0,0.0,0.0,0.0,5,33.0,28.0,60,1007.7,18,7.4,-9900,-9900,0.0,0.0
2022,8,11,9,60,0.0,0.0,0.0,0.0,0.0,5,32.1,27.1,61,1007.6,48,7.4,-9900,-9900,0.0,0.0
2022,8,11,10,60,0.0,0.0,0.0,0.0,0.0,5,31.1,26.1,63,1007.5,71,9.3,-9900,-9900,0.0,0.0
2022,8,11,11,60,0.0,0.0,0.0,0.0,0.0,5,30.7,25.7,61,1008.8,61,9.3,-9900,-9900,0.0,0.0
2022,8,11,12,60,0.0,0.0,0.0,0.0,0.0,5,30.4,25.4,63,1009.2,84,7.4,-9900,-9900,0.0,0.0
2022,8,11,13,60,0.0,0.0,0.0,0.0,0.0,5,30.0,25.0,65,1009.7,122,5.5,-9900,-9900,0.0,0.0
2022,8,11,14,60,0.0,0.0,0.0,0.0,0.0,5,29.7,24.7,66,1009.8,139,5.5,-9900,-9900,0.0,0.0
2022,8,11,15,60,0.0,0.0,0.0,0.0,0.0,5,29.5,24.5,67,1010.0,154,5.5,-9900,-9900,0.0,0.0
2022,8,11,16,60,0.0,0.0,0.0,0.0,0.0,5,29.2,24.2,68,1010.1,166,5.5,-9900,-9900,0.0,0.0
2022,8,11,17,60,0.0,0.0,0.0,0.0,0.0,5,29.3,24.3,72,1009.7,145,7.4,-9900,-9900,0.0,0.0
2022,8,11,18,60,0.0,0.0,0.0,0.0,0.0,5,29.0,24.0,73,1009.4,154,5.5,-9900,-9900,0.0,0.0
2022,8,11,19,60,0.0,0.0,0.0,0.0,0.0,5,28.6,23.6,74,1009.1,165,5.5,-9900,-9900,0.0,0.0
2022,8,11,20,60,0.0,0.0,0.0,0.0,0.0,5,28.3,23.3,74,1009.0,165,5.5,-9900,-9900,0.0,0.0
2022,8,11,21,60,0.0,0.0,0.0,0.0,0.0,5,28.1,23.1,74,1008.8,165,5.5,-9900,-9900,0.0,0.0
2022,8,11,22,60,0.0,0.0,0.0,0.0,0.0,5,27.8,22.8,74,1008.7,165,5.5,-9900,-9900,0.0,0.0
2022,8,11,23,60,0.0,0.0,0.0,0.0,0.0,5,29.3,24.3,73,1008.9,173,5.5,-9900,-9900,0.0,0.0
2022,8,11,24,60,0.0,0.0,0.0,0.0,0.0,5,30.1,25.1,71,1009.2,176,5.5,-9900,-9900,0.0,0.0
2022,8,12,1,60,0.0,0.0,0.0,0.0,0.0,5,30.8,25.8,68,1009.6,181,5.5,-9900,-9900,0.0,0.0
2022,8,12,2,60,0.0,0.0,0.0,0.0,0.0,5,32.1,27.1,63,1009.4,209,5.5,-9900,-9900,0.0,0.0
2022,8,12,3,60,0.0,0.0,0.0,0.0,0.0,5,33.4,28.4,58,1009.3,246,5.5,-9900,-9900,0.0,0.0
2022,8,12,4,60,0.0,0.0,0.0,0.0,0.0,5,34.7,29.7,54,1009.1,271,5.5,-9900,-9900,0.0,0.0
2022,8,12,5,60,0.0,0.0,0.0,0.0,0.0,5,34.4,29.4,56,1008.8,284,5.5,-9900,-9900,0.0,0.0
2022,8,12,6,60,0.0,0.0,0.0,0.0,0.0,5,34.2,29.2,57,1008.4,305,7.4,-9900,-9900,0.0,0.0
2022,8,12,7,60,0.0,0.0,0.0,0.0,0.0,5,33.9,28.9,59,1008.0,319,7.4,-9900,-9900,0.0,0.0
2022,8,12,8,60,0.0,0.0,0.0,0.0,0.0,5,32.8,27.8,62,1007.8,330,7.4,-9900,-9900,0.0,0.0
2022,8,12,9,60,0.0,0.0,0.0,0.0,0.0,5,31.7,26.7,65,1007.5,7,7.4,-9900,-9900,0.0,0.0
2022,8,12,10,60,0.0,0.0,0.0,0.0,0.0,5,30.5,25.5,68,1007.3,76,7.4,-9900,-9900,0.0,0.0
2022,8,12,11,60,0.0,0.0,0.0,0.0,0.0,5,30.0,25.0,70,1008.5,73,7.4,-9900,-9900,0.0,0.0
2022,8,12,12,60,0.0,0.0,0.0,0.0,0.0,5,29.7,24.7,71,1008.7,97,7.4,-9900,-9900,0.0,0.0
2022,8,12,13,60,0.0,0.0,0.0,0.0,0.0,5,29.4,24.4,72,1009.0,126,5.5,-9900,-9900,0.0,0.0
2022,8,12,14,60,0.0,0.0,0.0,0.0,0.0,5,29.2,24.2,73,1009.0,141,5.5,-9900,-9900,0.0,0.0
2022,8,12,15,60,0.0,0.0,0.0,0.0,0.0,5,29.0,24.0,74,1009.1,155,5.5,-9900,-9900,0.0,0.0
2022,8,12,16,60,0.0,0.0,0.0,0.0,0.0,5,28.8,23.8,74,1009.1,165,5.5,-9900,-9900,0.0,0.0
2022,8,12,17,60,0.0,0.0,0.0,0.0,0.0,5,28.5,23.5,75,1009.0,169,5.5,-9900,-9900,0.0,0.0
2022,8,12,18,60,0.0,0.0,0.0,0.0,0.0,5,28.2,23.2,76,1008.9,174,5.5,-9900,-9900,0.0,0.0
2022,8,12,19,60,0.0,0.0,0.0,0.0,0.0,5,28.0,23.0,76,1008.8,178,5.5,-9900,-9900,0.0,0.0
2022,8,12,20,60,0.0,0.0,0.0,0.0,0.0,5,27.8,22.8,77,1008.7,173,5.5,-9900,-9900,0.0,0.0
2022,8,12,21,60,0.0,0.0,0.0,0.0,0.0,5,27.6,22.6,77,1008.7,168,5.5,-9900,-9900,0.0,0.0
2022,8,12,22,60,0.0,0.0,0.0,0.0,0.0,5,27.4,22.4,77,1008.6,163,5.5,-9900,-9900,0.0,0.0
2022,8,12,23,60,0.0,0.0,0.0,0.0,0.0,5,28.4,23.4,77,1009.0,152,5.5,-9900,-9900,0.0,0.0
2022,8,12,24,60,0.0,0.0,0.0,0.0,0.0,5,29.3,24.3,73,1009.3,154,5.5,-9900,-9900,0.0,0.0
2022,8,13,1,60,0.0,0.0,0.0,0.0,0.0,5,30.2,25.2,70,1009.6,157,3.7,-9900,-9900,0.0,0.0
2022,8,13,2,60,0.0,0.0,0.0,0.0,0.0,5,31.7,26.7,64,1009.4,169,3.7,-9900,-9900,0.0,0.0
2022,8,13,3,60,0.0,0.0,0.0,0.0,0.0,5,33.1,28.1,59,1009.1,221,3.7,-9900,-9900,0.0,0.0
2022,8,13,4,60,0.0,0.0,0.0,0.0,0.0,5,34.6,29.6,54,1008.9,288,3.7,-9900,-9900,0.0,0.0
2022,8,13,5,60,0.0,0.0,0.0,0.0,0.0,5,34.6,29.6,55,1008.4,328,5.5,-9900,-9900,0.0,0.0
2022,8,13,6,60,0.0,0.0,0.0,0.0,0.0,5,34.5,29.5,56,1007.9,347,5.5,-9900,-9900,0.0,0.0
2022,8,13,7,60,0.0,0.0,0.0,0.0,0.0,5,34.5,29.5,57,1007.4,354,7.4,-9900,-9900,0.0,0.0
2022,8,13,8,60,0.0,0.0,0.0,0.0,0.0,5,33.6,28.6,59,1007.2,13,7.4,-9900,-9900,0.0,0.0
2022,8,13,9,60,0.0,0.0,0.0,0.0,0.0,5,32.8,27.8,61,1007.0,34,7.4,-9900,-9900,0.0,0.0
2022,8,13,10,60,0.0,0.0,0.0,0.0,0.0,5,32.0,27.0,63,1006.8,53,7.4,-9900,-9900,0.0,0.0
2022,8,13,11,60,0.0,0.0,0.0,0.0,0.0,5,31.4,26.4,65,1007.5,48,9.3,-9900,-9900,0.0,0.0
2022,8,13,12,60,0.0,0.0,0.0,0.0,0.0,5,30.9,25.9,67,1007.8,69,7.4,-9900,-9900,0.0,0.0
2022,8,13,13,60,0.0,0.0,0.0,0.0,0.0,5,30.4,25.4,69,1008.1,90,7.4,-9900,-9900,0.0,0.0
2022,8,13,14,60,0.0,0.0,0.0,0.0,0.0,5,30.1,25.1,70,1008.3,101,5.5,-9900,-9900,0.0,0.0
2022,8,13,15,60,0.0,0.0,0.0,0.0,0.0,5,29.9,24.9,71,1008.4,116,5.5,-9900,-9900,0.0,0.0
2022,8,13,16,60,0.0,0.0,0.0,0.0,0.0,5,29.6,24.6,72,1008.6,133,5.5,-9900,-9900,0.0,0.0
2022,8,13,17,60,0.0,0.0,0.0,0.0,0.0,5,29.4,24.4,72,1008.3,128,7.4,-9900,-9900,0.0,0.0
2022,8,13,18,60,0.0,0.0,0.0,0.0,0.0,5,29.1,24.1,73,1008.1,141,5.5,-9900,-9900,0.0,0.0
2022,8,13,19,60,0.0,0.0,0.0,0.0,0.0,5,28.7,23.7,74,1007.9,159,5.5,-9900,-9900,0.0,0.0
2022,8,13,20,60,0.0,0.0,0.0,0.0,0.0,5,28.4,23.4,74,1008.0,160,5.5,-9900,-9900,0.0,0.0
2022,8,13,21,60,0.0,0.0,0.0,0.0,0.0,5,28.2,23.2,75,1008.1,161,5.5,-9900,-9900,0.0,0.0
2022,8,13,22,60,0.0,0.0,0.0,0.0,0.0,5,27.9,22.9,75,1008.2,161,5.5,-9900,-9900,0.0,0.0
2022,8,13,23,60,0.0,0.0,0.0,0.0,0.0,5,29.2,24.2,76,1008.7,177,5.5,-9900,-9900,0.0,0.0
2022,8,13,24,60,0.0,0.0,0.0,0.0,0.0,5,30.0,25.0,72,1008.9,168,5.5,-9900,-9900,0.0,0.0
2022,8,14,1,60,0.0,0.0,0.0,0.0,0.0,5,30.8,25.8,70,1009.1,156,3.7,-9900,-9900,0.0,0.0
2022,8,14,2,60,0.0,0.0,0.0,0.0,0.0,5,32.0,27.0,64,1008.8,150,3.7,-9900,-9900,0.0,0.0
2022,8,14,3,60,0.0,0.0,0.0,0.0,0.0,5,33.3,28.3,59,1008.5,102,3.7,-9900,-9900,0.0,0.0
2022,8,14,4,60,0.0,0.0,0.0,0.0,0.0,5,34.6,29.6,54,1008.2,358,3.7,-9900,-9900,0.0,0.0
2022,8,14,5,60,0.0,0.0,0.0,0.0,0.0,5,33.9,28.9,58,1007.6,58,5.5,-9900,-9900,0.0,0.0
2022,8,14,6,60,0.0,0.0,0.0,0.0,0.0,5,34.0,29.0,58,1007.1,37,7.4,-9900,-9900,0.0,0.0
2022,8,14,7,60,0.0,0.0,0.0,0.0,0.0,5,34.1,29.1,59,1006.6,23,7.4,-9900,-9900,0.0,0.0
2022,8,14,8,60,0.0,0.0,0.0,0.0,0.0,5,33.3,28.3,60,1006.4,38,7.4,-9900,-9900,0.0,0.0
2022,8,14,9,60,0.0,0.0,0.0,0.0,0.0,5,32.5,27.5,63,1006.3,58,7.4,-9900,-9900,0.0,0.0
2022,8,14,10,60,0.0,0.0,0.0,0.0,0.0,5,31.8,26.8,65,1006.1,79,9.3,-9900,-9900,0.0,0.0
2022,8,14,11,60,0.0,0.0,0.0,0.0,0.0,5,31.1,26.1,66,1006.6,87,9.3,-9900,-9900,0.0,0.0
2022,8,14,12,60,0.0,0.0,0.0,0.0,0.0,5,30.7,25.7,67,1007.0,96,9.3,-9900,-9900,0.0,0.0
2022,8,14,13,60,0.0,0.0,0.0,0.0,0.0,5,30.3,25.3,69,1007.3,103,9.3,-9900,-9900,0.0,0.0
2022,8,14,14,60,0.0,0.0,0.0,0.0,0.0,5,30.2,25.2,69,1007.3,103,9.3,-9900,-9900,0.0,0.0
2022,8,14,15,60,0.0,0.0,0.0,0.0,0.0,5,30.0,25.0,70,1007.4,103,9.3,-9900,-9900,0.0,0.0
2022,8,14,16,60,0.0,0.0,0.0,0.0,0.0,5,29.9,24.9,71,1007.4,103,9.3,-9900,-9900,0.0,0.0
2022,8,14,17,60,0.0,0.0,0.0,0.0,0.0,5,30.1,25.1,67,1007.0,108,11.1,-9900,-9900,0.0,0.0
2022,8,14,18,60,0.0,0.0,0.0,0.0,0.0,5,29.7,24.7,69,1006.7,113,9.3,-9900,-9900,0.0,0.0
2022,8,14,19,60,0.0,0.0,0.0,0.0,0.0,5,29.4,24.4,69,1006.4,123,7.4,-9900,-9900,0.0,0.0
2022,8,14,20,60,0.0,0.0,0.0,0.0,0.0,5,29.1,24.1,71,1006.3,128,7.4,-9900,-9900,0.0,0.0
2022,8,14,21,60,0.0,0.0,0.0,0.0,0.0,5,28.8,23.8,71,1006.3,135,5.5,-9900,-9900,0.0,0.0
2022,8,14,22,60,0.0,0.0,0.0,0.0,0.0,5,28.5,23.5,72,1006.3,142,5.5,-9900,-9900,0.0,0.0
2022,8,14,23,60,0.0,0.0,0.0,0.0,0.0,5,30.0,25.0,68,1006.8,154,5.5,-9900,-9900,0.0,0.0
2022,8,14,24,60,0.0,0.0,0.0,0.0,0.0,5,30.6,25.6,67,1007.1,153,5.5,-9900,-9900,0.0,0.0
2022,8,15,1,60,0.0,0.0,0.0,0.0,0.0,5,31.3,26.3,65,1007.5,152,5.5,-9900,-9900,0.0,0.0
2022,8,15,2,60,0.0,0.0,0.0,0.0,0.0,5,32.5,27.5,61,1007.3,160,5.5,-9900,-9900,0.0,0.0
2022,8,15,3,60,0.0,0.0,0.0,0.0,0.0,5,33.6,28.6,58,1007.1,174,3.7,-9900,-9900,0.0,0.0
2022,8,15,4,60,0.0,0.0,0.0,0.0,0.0,5,34.8,29.8,54,1007.0,197,3.7,-9900,-9900,0.0,0.0
2022,8,15,5,60,0.0,0.0,0.0,0.0,0.0,5,34.6,29.6,55,1006.6,209,5.5,-9900,-9900,0.0,0.0
2022,8,15,6,60,0.0,0.0,0.0,0.0,0.0,5,34.5,29.5,56,1006.1,330,7.4,-9900,-9900,0.0,0.0
2022,8,15,7,60,0.0,0.0,0.0,0.0,0.0,5,34.3,29.3,57,1005.7,357,9.3,-9900,-9900,0.0,0.0
2022,8,15,8,60,0.0,0.0,0.0,0.0,0.0,5,33.5,28.5,59,1005.6,90,9.3,-9900,-9900,0.0,0.0
2022,8,15,9,60,0.0,0.0,0.0,0.0,0.0,5,32.7,27.7,61,1005.4,124,9.3,-9900,-9900,0.0,0.0
2022,8,15,10,60,0.0,0.0,0.0,0.0,0.0,5,31.9,26.9,63,1005.2,132,9.3,-9900,-9900,0.0,0.0
2022,8,15,11,60,0.0,0.0,0.0,0.0,0.0,5,31.3,26.3,67,1006.1,210,7.4,-9900,-9900,0.0,0.0
2022,8,15,12,60,0.0,0.0,0.0,0.0,0.0,5,30.8,25.8,68,1006.5,166,7.4,-9900,-9900,0.0,0.0
2022,8,15,13,60,0.0,0.0,0.0,0.0,0.0,5,30.4,25.4,68,1006.9,156,5.5,-9900,-9900,0.0,0.0
2022,8,15,14,60,0.0,0.0,0.0,0.0,0.0,5,30.2,25.2,68,1007.1,166,5.5,-9900,-9900,0.0,0.0
2022,8,15,15,60,0.0,0.0,0.0,0.0,0.0,5,29.9,24.9,69,1007.3,174,5.5,-9900,-9900,0.0,0.0
2022,8,15,16,60,0.0,0.0,0.0,0.0,0.0,5,29.6,24.6,70,1007.5,180,5.5,-9900,-9900,0.0,0.0
2022,8,15,17,60,0.0,0.0,0.0,0.0,0.0,5,29.4,24.4,69,1007.1,155,7.4,-9900,-9900,0.0,0.0
2022,8,15,18,60,0.0,0.0,0.0,0.0,0.0,5,29.1,24.1,69,1007.0,163,7.4,-9900,-9900,0.0,0.0
2022,8,15,19,60,0.0,0.0,0.0,0.0,0.0,5,28.8,23.8,70,1006.8,173,5.5,-9900,-9900,0.0,0.0
2022,8,15,20,60,0.0,0.0,0.0,0.0,0.0,5,28.6,23.6,71,1007.0,175,5.5,-9900,-9900,0.0,0.0
2022,8,15,21,60,0.0,0.0,0.0,0.0,0.0,5,28.4,23.4,72,1007.1,176,5.5,-9900,-9900,0.0,0.0
2022,8,15,22,60,0.0,0.0,0.0,0.0,0.0,5,28.2,23.2,73,1007.2,178,5.5,-9900,-9900,0.0,0.0
2022,8,15,23,60,0.0,0.0,0.0,0.0,0.0,5,29.5,24.5,71,1007.1,150,5.5,-9900,-9900,0.0,0.0
2022,8,15,24,60,0.0,0.0,0.0,0.0,0.0,5,30.2,25.2,69,1007.4,154,5.5,-9900,-9900,0.0,0.0
2022,8,16,1,60,0.0,0.0,0.0,0.0,0.0,5,31.0,26.0,66,1007.7,159,3.7,-9900,-9900,0.0,0.0
2022,8,16,2,60,0.0,0.0,0.0,0.0,0.0,5,32.2,27.2,62,1007.6,177,3.7,-9900,-9900,0.0,0.0
2022,8,16,3,60,0.0,0.0,0.0,0.0,0.0,5,33.5,28.5,58,1007.5,209,3.7,-9900,-9900,0.0,0.0
2022,8,16,4,60,0.0,0.0,0.0,0.0,0.0,5,34.7,29.7,55,1007.4,244,3.7,-9900,-9900,0.0,0.0
2022,8,16,5,60,0.0,0.0,0.0,0.0,0.0,5,33.8,28.8,60,1006.9,350,5.5,-9900,-9900,0.0,0.0
2022,8,16,6,60,0.0,0.0,0.0,0.0,0.0,5,33.7,28.7,61,1006.4,12,7.4,-9900,-9900,0.0,0.0
2022,8,16,7,60,0.0,0.0,0.0,0.0,0.0,5,33.6,28.6,62,1006.0,16,7.4,-9900,-9900,0.0,0.0
2022,8,16,8,60,0.0,0.0,0.0,0.0,0.0,5,32.9,27.9,63,1005.7,51,7.4,-9900,-9900,0.0,0.0
2022,8,16,9,60,0.0,0.0,0.0,0.0,0.0,5,32.1,27.1,64,1005.5,95,9.3,-9900,-9900,0.0,0.0
2022,8,16,10,60,0.0,0.0,0.0,0.0,0.0,5,31.4,26.4,65,1005.3,117,9.3,-9900,-9900,0.0,0.0
2022,8,16,11,60,0.0,0.0,0.0,0.0,0.0,5,30.9,25.9,65,1006.3,111,9.3,-9900,-9900,0.0,0.0
2022,8,16,12,60,0.0,0.0,0.0,0.0,0.0,5,30.6,25.6,66,1006.7,121,9.3,-9900,-9900,0.0,0.0
2022,8,16,13,60,0.0,0.0,0.0,0.0,0.0,5,30.2,25.2,66,1007.1,131,7.4,-9900,-9900,0.0,0.0
2022,8,16,14,60,0.0,0.0,0.0,0.0,0.0,5,30.0,25.0,67,1007.4,141,7.4,-9900,-9900,0.0,0.0
2022,8,16,15,60,0.0,0.0,0.0,0.0,0.0,5,29.8,24.8,68,1007.6,152,7.4,-9900,-9900,0.0,0.0
2022,8,16,16,60,0.0,0.0,0.0,0.0,0.0,5,29.5,24.5,70,1007.8,164,7.4,-9900,-9900,0.0,0.0
2022,8,16,17,60,0.0,0.0,0.0,0.0,0.0,5,29.3,24.3,71,1007.4,153,7.4,-9900,-9900,0.0,0.0
2022,8,16,18,60,0.0,0.0,0.0,0.0,0.0,5,29.0,24.0,72,1007.3,159,7.4,-9900,-9900,0.0,0.0
2022,8,16,19,60,0.0,0.0,0.0,0.0,0.0,5,28.6,23.6,73,1007.1,167,5.5,-9900,-9900,0.0,0.0
2022,8,16,20,60,0.0,0.0,0.0,0.0,0.0,5,28.4,23.4,74,1007.1,168,5.5,-9900,-9900,0.0,0.0
2022,8,16,21,60,0.0,0.0,0.0,0.0,0.0,5,28.2,23.2,74,1007.1,169,5.5,-9900,-9900,0.0,0.0
2022,8,16,22,60,0.0,0.0,0.0,0.0,0.0,5,28.0,23.0,75,1007.1,169,5.5,-9900,-9900,0.0,0.0
2022,8,16,23,60,0.0,0.0,0.0,0.0,0.0,5,29.0,24.0,77,1007.7,184,5.5,-9900,-9900,0.0,0.0
2022,8,16,24,60,0.0,0.0,0.0,0.0,0.0,5,29.7,24.7,74,1008.0,177,5.5,-9900,-9900,0.0,0.0
2022,8,17,1,60,0.0,0.0,0.0,0.0,0.0,5,30.5,25.5,71,1008.3,168,3.7,-9900,-9900,0.0,0.0
2022,8,17,2,60,0.0,0.0,0.0,0.0,0.0,5,31.9,26.9,65,1008.0,169,3.7,-9900,-9900,0.0,0.0
2022,8,17,3,60,0.0,0.0,0.0,0.0,0.0,5,33.3,28.3,60,1007.7,171,5.5,-9900,-9900,0.0,0.0
2022,8,17,4,60,0.0,0.0,0.0,0.0,0.0,5,34.8,29.8,55,1007.5,179,5.5,-9900,-9900,0.0,0.0
2022,8,17,5,60,0.0,0.0,0.0,0.0,0.0,5,34.0,29.0,59,1007.4,40,5.5,-9900,-9900,0.0,0.0
2022,8,17,6,60,0.0,0.0,0.0,0.0,0.0,5,33.9,28.9,60,1007.0,26,7.4,-9900,-9900,0.0,0.0
2022,8,17,7,60,0.0,0.0,0.0,0.0,0.0,5,33.8,28.8,61,1006.7,19,7.4,-9900,-9900,0.0,0.0
2022,8,17,8,60,0.0,0.0,0.0,0.0,0.0,5,32.8,27.8,63,1006.3,59,9.3,-9900,-9900,0.0,0.0
2022,8,17,9,60,0.0,0.0,0.0,0.0,0.0,5,31.9,26.9,66,1005.9,99,9.3,-9900,-9900,0.0,0.0
2022,8,17,10,60,0.0,0.0,0.0,0.0,0.0,5,31.0,26.0,68,1005.6,118,9.3,-9900,-9900,0.0,0.0
2022,8,17,11,60,0.0,0.0,0.0,0.0,0.0,5,29.9,24.9,73,1007.0,112,7.4,-9900,-9900,0.0,0.0
2022,8,17,12,60,0.0,0.0,0.0,0.0,0.0,5,29.6,24.6,73,1007.5,116,7.4,-9900,-9900,0.0,0.0
2022,8,17,13,60,0.0,0.0,0.0,0.0,0.0,5,29.4,24.4,73,1007.9,120,7.4,-9900,-9900,0.0,0.0
2022,8,17,14,60,0.0,0.0,0.0,0.0,0.0,5,29.2,24.2,74,1008.0,127,7.4,-9900,-9900,0.0,0.0
2022,8,17,15,60,0.0,0.0,0.0,0.0,0.0,5,29.1,24.1,74,1008.1,135,5.5,-9900,-9900,0.0,0.0
2022,8,17,16,60,0.0,0.0,0.0,0.0,0.0,5,29.0,24.0,75,1008.2,145,5.5,-9900,-9900,0.0,0.0
2022,8,17,17,60,0.0,0.0,0.0,0.0,0.0,5,28.7,23.7,76,1007.9,154,5.5,-9900,-9900,0.0,0.0
2022,8,17,18,60,0.0,0.0,0.0,0.0,0.0,5,28.5,23.5,77,1007.7,164,5.5,-9900,-9900,0.0,0.0
2022,8,17,19,60,0.0,0.0,0.0,0.0,0.0,5,28.2,23.2,78,1007.4,176,5.5,-9900,-9900,0.0,0.0
2022,8,17,20,60,0.0,0.0,0.0,0.0,0.0,5,28.0,23.0,78,1007.3,169,5.5,-9900,-9900,0.0,0.0
2022,8,17,21,60,0.0,0.0,0.0,0.0,0.0,5,27.7,22.7,79,1007.2,162,5.5,-9900,-9900,0.0,0.0
2022,8,17,22,60,0.0,0.0,0.0,0.0,0.0,5,27.5,22.5,79,1007.1,156,5.5,-9900,-9900,0.0,0.0
2022,8,17,23,60,0.0,0.0,0.0,0.0,0.0,5,28.9,23.9,74,1006.4,150,5.5,-9900,-9900,0.0,0.0
2022,8,17,24,60,0.0,0.0,0.0,0.0,0.0,5,29.4,24.4,74,1006.8,151,5.5,-9900,-9900,0.0,0.0
2022,8,18,1,60,0.0,0.0,0.0,0.0,0.0,5,30.0,25.0,72,1007.1,151,3.7,-9900,-9900,0.0,0.0
2022,8,18,2,60,0.0,0.0,0.0,0.0,0.0,5,31.1,26.1,68,1007.0,147,5.5,-9900,-9900,0.0,0.0
2022,8,18,3,60,0.0,0.0,0.0,0.0,0.0,5,32.2,27.2,64,1006.9,141,5.5,-9900,-9900,0.0,0.0
2022,8,18,4,60,0.0,0.0,0.0,0.0,0.0,5,33.4,28.4,60,1006.8,133,5.5,-9900,-9900,0.0,0.0
2022,8,18,5,60,0.0,0.0,0.0,0.0,0.0,5,33.0,28.0,63,1006.5,350,5.5,-9900,-9900,0.0,0.0
2022,8,18,6,60,0.0,0.0,0.0,0.0,0.0,5,32.6,27.6,66,1006.2,360,7.4,-9900,-9900,0.0,0.0
2022,8,18,7,60,0.0,0.0,0.0,0.0,0.0,5,32.1,27.1,68,1005.8,5,9.3,-9900,-9900,0.0,0.0
2022,8,18,8,60,0.0,0.0,0.0,0.0,0.0,5,31.5,26.5,69,1005.7,62,9.3,-9900,-9900,0.0,0.0
2022,8,18,9,60,0.0,0.0,0.0,0.0,0.0,5,30.8,25.8,71,1005.6,108,9.3,-9900,-9900,0.0,0.0
2022,8,18,10,60,0.0,0.0,0.0,0.0,0.0,5,30.2,25.2,72,1005.5,123,9.3,-9900,-9900,0.0,0.0
2022,8,18,11,60,0.0,0.0,0.0,0.0,0.0,5,30.3,25.3,69,1006.2,162,7.4,-9900,-9900,0.0,0.0
2022,8,18,12,60,0.0,0.0,0.0,0.0,0.0,5,30.0,25.0,69,1006.6,153,5.5,-9900,-9900,0.0,0.0
2022,8,18,13,60,0.0,0.0,0.0,0.0,0.0,5,29.7,24.7,69,1007.1,147,5.5,-9900,-9900,0.0,0.0
2022,8,18,14,60,0.0,0.0,0.0,0.0,0.0,5,29.5,24.5,71,1007.1,159,5.5,-9900,-9900,0.0,0.0
2022,8,18,15,60,0.0,0.0,0.0,0.0,0.0,5,29.2,24.2,72,1007.2,168,5.5,-9900,-9900,0.0,0.0
2022,8,18,16,60,0.0,0.0,0.0,0.0,0.0,5,29.0,24.0,73,1007.3,174,5.5,-9900,-9900,0.0,0.0
2022,8,18,17,60,0.0,0.0,0.0,0.0,0.0,5,29.2,24.2,72,1006.7,142,7.4,-9900,-9900,0.0,0.0
2022,8,18,18,60,0.0,0.0,0.0,0.0,0.0,5,28.8,23.8,74,1006.6,153,5.5,-9900,-9900,0.0,0.0
2022,8,18,19,60,0.0,0.0,0.0,0.0,0.0,5,28.5,23.5,74,1006.5,168,5.5,-9900,-9900,0.0,0.0
2022,8,18,20,60,0.0,0.0,0.0,0.0,0.0,5,28.2,23.2,75,1006.7,169,5.5,-9900,-9900,0.0,0.0
2022,8,18,21,60,0.0,0.0,0.0,0.0,0.0,5,28.0,23.0,76,1006.9,170,5.5,-9900,-9900,0.0,0.0
2022,8,18,22,60,0.0,0.0,0.0,0.0,0.0,5,27.8,22.8,76,1007.1,171,5.5,-9900,-9900,0.0,0.0
2022,8,18,23,60,0.0,0.0,0.0,0.0,0.0,5,28.9,23.9,75,1007.6,191,5.5,-9900,-9900,0.0,0.0
2022,8,18,24,60,0.0,0.0,0.0,0.0,0.0,5,29.6,24.6,72,1008.0,191,5.5,-9900,-9900,0.0,0.0
2022,8,19,1,60,0.0,0.0,0.0,0.0,0.0,5,30.3,25.3,70,1008.4,190,3.7,-9900,-9900,0.0,0.0
2022,8,19,2,60,0.0,0.0,0.0,0.0,0.0,5,31.5,26.5,65,1008.4,216,3.7,-9900,-9900,0.0,0.0
2022,8,19,3,60,0.0,0.0,0.0,0.0,0.0,5,32.6,27.6,61,1008.4,246,3.7,-9900,-9900,0.0,0.0
2022,8,19,4,60,0.0,0.0,0.0,0.0,0.0,5,33.7,28.7,58,1008.3,268,3.7,-9900,-9900,0.0,0.0
2022,8,19,5,60,0.0,0.0,0.0,0.0,0.0,5,33.6,28.6,58,1008.0,303,5.5,-9900,-9900,0.0,0.0
2022,8,19,6,60,0.0,0.0,0.0,0.0,0.0,5,33.3,28.3,61,1007.7,325,5.5,-9900,-9900,0.0,0.0
2022,8,19,7,60,0.0,0.0,0.0,0.0,0.0,5,32.9,27.9,63,1007.3,338,7.4,-9900,-9900,0.0,0.0
2022,8,19,8,60,0.0,0.0,0.0,0.0,0.0,5,32.0,27.0,66,1007.3,351,7.4,-9900,-9900,0.0,0.0
2022,8,19,9,60,0.0,0.0,0.0,0.0,0.0,5,31.0,26.0,69,1007.4,24,7.4,-9900,-9900,0.0,0.0
2022,8,19,10,60,0.0,0.0,0.0,0.0,0.0,5,30.1,25.1,72,1007.4,77,7.4,-9900,-9900,0.0,0.0
2022,8,19,11,60,0.0,0.0,0.0,0.0,0.0,5,29.9,24.9,72,1008.0,30,7.4,-9900,-9900,0.0,0.0
2022,8,19,12,60,0.0,0.0,0.0,0.0,0.0,5,29.6,24.6,73,1008.4,75,5.5,-9900,-9900,0.0,0.0
2022,8,19,13,60,0.0,0.0,0.0,0.0,0.0,5,29.4,24.4,73,1008.9,151,5.5,-9900,-9900,0.0,0.0
2022,8,19,14,60,0.0,0.0,0.0,0.0,0.0,5,29.1,24.1,75,1009.1,172,5.5,-9900,-9900,0.0,0.0
2022,8,19,15,60,0.0,0.0,0.0,0.0,0.0,5,28.9,23.9,75,1009.3,180,5.5,-9900,-9900,0.0,0.0
2022,8,19,16,60,0.0,0.0,0.0,0.0,0.0,5,28.7,23.7,77,1009.5,185,5.5,-9900,-9900,0.0,0.0
2022,8,19,17,60,0.0,0.0,0.0,0.0,0.0,5,28.8,23.8,81,1009.5,208,5.5,-9900,-9900,0.0,0.0
2022,8,19,18,60,0.0,0.0,0.0,0.0,0.0,5,28.5,23.5,81,1009.3,200,5.5,-9900,-9900,0.0,0.0
2022,8,19,19,60,0.0,0.0,0.0,0.0,0.0,5,28.2,23.2,81,1009.0,193,5.5,-9900,-9900,0.0,0.0
2022,8,19,20,60,0.0,0.0,0.0,0.0,0.0,5,28.0,23.0,81,1009.0,186,5.5,-9900,-9900,0.0,0.0
2022,8,19,21,60,0.0,0.0,0.0,0.0,0.0,5,27.8,22.8,81,1009.0,179,5.5,-9900,-9900,0.0,0.0
2022,8,19,22,60,0.0,0.0,0.0,0.0,0.0,5,27.6,22.6,81,1008.9,173,5.5,-9900,-9900,0.0,0.0
2022,8,19,23,60,0.0,0.0,0.0,0.0,0.0,5,28.9,23.9,76,1009.4,198,5.5,-9900,-9900,0.0,0.0
2022,8,19,24,60,0.0,0.0,0.0,0.0,0.0,5,29.7,24.7,72,1009.8,200,5.5,-9900,-9900,0.0,0.0
2022,8,20,1,60,0.0,0.0,0.0,0.0,0.0,5,30.6,25.6,68,1010.1,203,3.7,-9900,-9900,0.0,0.0
2022,8,20,2,60,0.0,0.0,0.0,0.0,0.0,5,31.9,26.9,63,1009.9,231,5.5,-9900,-9900,0.0,0.0
2022,8,20,3,60,0.0,0.0,0.0,0.0,0.0,5,33.2,28.2,58,1009.7,253,5.5,-9900,-9900,0.0,0.0
2022,8,20,4,60,0.0,0.0,0.0,0.0,0.0,5,34.4,29.4,55,1009.5,267,7.4,-9900,-9900,0.0,0.0
2022,8,20,5,60,0.0,0.0,0.0,0.0,0.0,5,34.7,29.7,55,1009.0,282,7.4,-9900,-9900,0.0,0.0
2022,8,20,6,60,0.0,0.0,0.0,0.0,0.0,5,34.9,29.9,55,1008.5,294,9.3,-9900,-9900,0.0,0.0
2022,8,20,7,60,0.0,0.0,0.0,0.0,0.0,5,35.1,30.1,56,1008.0,304,9.3,-9900,-9900,0.0,0.0
2022,8,20,8,60,0.0,0.0,0.0,0.0,0.0,5,34.4,29.4,57,1007.9,305,9.3,-9900,-9900,0.0,0.0
2022,8,20,9,60,0.0,0.0,0.0,0.0,0.0,5,33.7,28.7,59,1007.9,308,9.3,-9900,-9900,0.0,0.0
2022,8,20,10,60,0.0,0.0,0.0,0.0,0.0,5,33.0,28.0,60,1007.8,312,9.3,-9900,-9900,0.0,0.0
2022,8,20,11,60,0.0,0.0,0.0,0.0,0.0,5,31.4,26.4,68,1008.6,326,7.4,-9900,-9900,0.0,0.0
2022,8,20,12,60,0.0,0.0,0.0,0.0,0.0,5,30.9,25.9,69,1009.0,318,7.4,-9900,-9900,0.0,0.0
2022,8,20,13,60,0.0,0.0,0.0,0.0,0.0,5,30.5,25.5,70,1009.4,289,5.5,-9900,-9900,0.0,0.0
2022,8,20,14,60,0.0,0.0,0.0,0.0,0.0,5,30.2,25.2,71,1009.3,232,5.5,-9900,-9900,0.0,0.0
2022,8,20,15,60,0.0,0.0,0.0,0.0,0.0,5,30.0,25.0,72,1009.2,209,5.5,-9900,-9900,0.0,0.0
2022,8,20,16,60,0.0,0.0,0.0,0.0,0.0,5,29.8,24.8,72,1009.2,199,5.5,-9900,-9900,0.0,0.0
2022,8,20,17,60,0.0,0.0,0.0,0.0,0.0,5,29.2,24.2,76,1009.0,191,5.5,-9900,-9900,0.0,0.0
2022,8,20,18,60,0.0,0.0,0.0,0.0,0.0,5,29.0,24.0,76,1008.6,194,5.5,-9900,-9900,0.0,0.0
2022,8,20,19,60,0.0,0.0,0.0,0.0,0.0,5,28.7,23.7,77,1008.3,197,5.5,-9900,-9900,0.0,0.0
2022,8,20,20,60,0.0,0.0,0.0,0.0,0.0,5,28.5,23.5,77,1008.2,193,5.5,-9900,-9900,0.0,0.0
2022,8,20,21,60,0.0,0.0,0.0,0.0,0.0,5,28.3,23.3,77,1008.1,188,5.5,-9900,-9900,0.0,0.0
2022,8,20,22,60,0.0,0.0,0.0,0.0,0.0,5,28.1,23.1,77,1008.1,184,5.5,-9900,-9900,0.0,0.0
2022,8,20,23,60,0.0,0.0,0.0,0.0,0.0,5,28.9,23.9,74,1008.0,216,7.4,-9900,-9900,0.0,0.0
2022,8,20,24,60,0.0,0.0,0.0,0.0,0.0,5,29.8,24.8,70,1008.3,224,7.4,-9900,-9900,0.0,0.0
2022,8,21,1,60,0.0,0.0,0.0,0.0,0.0,5,30.7,25.7,66,1008.7,233,5.5,-9900,-9900,0.0,0.0
2022,8,21,2,60,0.0,0.0,0.0,0.0,0.0,5,32.2,27.2,59,1008.4,240,7.4,-9900,-9900,0.0,0.0
2022,8,21,3,60,0.0,0.0,0.0,0.0,0.0,5,33.7,28.7,54,1008.1,245,7.4,-9900,-9900,0.0,0.0
2022,8,21,4,60,0.0,0.0,0.0,0.0,0.0,5,35.2,30.2,48,1007.8,250,9.3,-9900,-9900,0.0,0.0
2022,8,21,5,60,0.0,0.0,0.0,0.0,0.0,5,35.7,30.7,50,1007.4,271,9.3,-9900,-9900,0.0,0.0
2022,8,21,6,60,0.0,0.0,0.0,0.0,0.0,5,36.3,31.3,49,1006.8,279,9.3,-9900,-9900,0.0,0.0
2022,8,21,7,60,0.0,0.0,0.0,0.0,0.0,5,37.0,32.0,48,1006.2,286,9.3,-9900,-9900,0.0,0.0
2022,8,21,8,60,0.0,0.0,0.0,0.0,0.0,5,36.3,31.3,50,1006.0,286,9.3,-9900,-9900,0.0,0.0
2022,8,21,9,60,0.0,0.0,0.0,0.0,0.0,5,35.6,30.6,51,1005.8,287,9.3,-9900,-9900,0.0,0.0
2022,8,21,10,60,0.0,0.0,0.0,0.0,0.0,5,35.0,30.0,53,1005.5,287,9.3,-9900,-9900,0.0,0.0
2022,8,21,11,60,0.0,0.0,0.0,0.0,0.0,5,33.7,28.7,54,1006.2,291,9.3,-9900,-9900,0.0,0.0
2022,8,21,12,60,0.0,0.0,0.0,0.0,0.0,5,33.0,28.0,57,1006.6,276,7.4,-9900,-9900,0.0,0.0
2022,8,21,13,60,0.0,0.0,0.0,0.0,0.0,5,32.2,27.2,59,1007.1,245,5.5,-9900,-9900,0.0,0.0
2022,8,21,14,60,0.0,0.0,0.0,0.0,0.0,5,31.7,26.7,61,1007.1,228,5.5,-9900,-9900,0.0,0.0
2022,8,21,15,60,0.0,0.0,0.0,0.0,0.0,5,31.3,26.3,63,1007.1,211,5.5,-9900,-9900,0.0,0.0
2022,8,21,16,60,0.0,0.0,0.0,0.0,0.0,5,30.8,25.8,64,1007.1,197,5.5,-9900,-9900,0.0,0.0
2022,8,21,17,60,0.0,0.0,0.0,0.0,0.0,5,30.1,25.1,66,1006.8,186,5.5,-9900,-9900,0.0,0.0
2022,8,21,18,60,0.0,0.0,0.0,0.0,0.0,5,29.7,24.7,67,1006.5,188,5.5,-9900,-9900,0.0,0.0
2022,8,21,19,60,0.0,0.0,0.0,0.0,0.0,5,29.3,24.3,69,1006.2,190,5.5,-9900,-9900,0.0,0.0
2022,8,21,20,60,0.0,0.0,0.0,0.0,0.0,5,29.1,24.1,68,1006.1,183,5.5,-9900,-9900,0.0,0.0
2022,8,21,21,60,0.0,0.0,0.0,0.0,0.0,5,28.9,23.9,69,1006.0,176,5.5,-9900,-9900,0.0,0.0
2022,8,21,22,60,0.0,0.0,0.0,0.0,0.0,5,28.7,23.7,69,1005.8,170,5.5,-9900,-9900,0.0,0.0
2022,8,21,23,60,0.0,0.0,0.0,0.0,0.0,5,29.2,24.2,73,1006.1,170,5.5,-9900,-9900,0.0,0.0
2022,8,21,24,60,0.0,0.0,0.0,0.0,0.0,5,30.1,25.1,69,1006.4,173,5.5,-9900,-9900,0.0,0.0
2022,8,22,1,60,0.0,0.0,0.0,0.0,0.0,5,31.0,26.0,65,1006.7,178,3.7,-9900,-9900,0.0,0.0
2022,8,22,2,60,0.0,0.0,0.0,0.0,0.0,5,32.6,27.6,59,1006.5,208,5.5,-9900,-9900,0.0,0.0
2022,8,22,3,60,0.0,0.0,0.0,0.0,0.0,5,34.2,29.2,52,1006.2,237,5.5,-9900,-9900,0.0,0.0
2022,8,22,4,60,0.0,0.0,0.0,0.0,0.0,5,35.8,30.8,47,1006.0,255,5.5,-9900,-9900,0.0,0.0
2022,8,22,5,60,0.0,0.0,0.0,0.0,0.0,5,35.8,30.8,48,1005.4,292,5.5,-9900,-9900,0.0,0.0
2022,8,22,6,60,0.0,0.0,0.0,0.0,0.0,5,35.8,30.8,50,1004.8,312,7.4,-9900,-9900,0.0,0.0
2022,8,22,7,60,0.0,0.0,0.0,0.0,0.0,5,35.9,30.9,51,1004.3,328,7.4,-9900,-9900,0.0,0.0
2022,8,22,8,60,0.0,0.0,0.0,0.0,0.0,5,35.1,30.1,53,1004.1,359,7.4,-9900,-9900,0.0,0.0
2022,8,22,9,60,0.0,0.0,0.0,0.0,0.0,5,34.4,29.4,55,1004.0,35,9.3,-9900,-9900,0.0,0.0
2022,8,22,10,60,0.0,0.0,0.0,0.0,0.0,5,33.6,28.6,57,1003.9,58,9.3,-9900,-9900,0.0,0.0
2022,8,22,11,60,0.0,0.0,0.0,0.0,0.0,5,33.4,28.4,55,1005.1,65,9.3,-9900,-9900,0.0,0.0
2022,8,22,12,60,0.0,0.0,0.0,0.0,0.0,5,32.7,27.7,57,1005.4,86,7.4,-9900,-9900,0.0,0.0
2022,8,22,13,60,0.0,0.0,0.0,0.0,0.0,5,31.9,26.9,59,1005.7,106,7.4,-9900,-9900,0.0,0.0
2022,8,22,14,60,0.0,0.0,0.0,0.0,0.0,5,31.6,26.6,60,1005.8,110,7.4,-9900,-9900,0.0,0.0
2022,8,22,15,60,0.0,0.0,0.0,0.0,0.0,5,31.3,26.3,62,1005.9,114,7.4,-9900,-9900,0.0,0.0
2022,8,22,16,60,0.0,0.0,0.0,0.0,0.0,5,30.9,25.9,63,1006.0,118,7.4,-9900,-9900,0.0,0.0
2022,8,22,17,60,0.0,0.0,0.0,0.0,0.0,5,30.3,25.3,64,1005.9,135,7.4,-9900,-9900,0.0,0.0
2022,8,22,18,60,0.0,0.0,0.0,0.0,0.0,5,29.8,24.8,65,1005.8,150,5.5,-9900,-9900,0.0,0.0
2022,8,22,19,60,0.0,0.0,0.0,0.0,0.0,5,29.4,24.4,67,1005.7,166,5.5,-9900,-9900,0.0,0.0
2022,8,22,20,60,0.0,0.0,0.0,0.0,0.0,5,29.1,24.1,67,1005.7,164,5.5,-9900,-9900,0.0,0.0
2022,8,22,21,60,0.0,0.0,0.0,0.0,0.0,5,28.9,23.9,68,1005.8,162,5.5,-9900,-9900,0.0,0.0
2022,8,22,22,60,0.0,0.0,0.0,0.0,0.0,5,28.8,23.8,68,1005.8,160,5.5,-9900,-9900,0.0,0.0
2022,8,22,23,60,0.0,0.0,0.0,0.0,0.0,5,29.5,24.5,66,1006.1,157,5.5,-9900,-9900,0.0,0.0
2022,8,22,24,60,0.0,0.0,0.0,0.0,0.0,5,30.4,25.4,64,1006.5,154,5.5,-9900,-9900,0.0,0.0
2022,8,23,1,60,0.0,0.0,0.0,0.0,0.0,5,31.3,26.3,62,1006.9,149,3.7,-9900,-9900,0.0,0.0
2022,8,23,2,60,0.0,0.0,0.0,0.0,0.0,5,32.7,27.7,57,1006.6,134,5.5,-9900,-9900,0.0,0.0
2022,8,23,3,60,0.0,0.0,0.0,0.0,0.0,5,34.2,29.2,52,1006.3,109,5.5,-9900,-9900,0.0,0.0
2022,8,23,4,60,0.0,0.0,0.0,0.0,0.0,5,35.7,30.7,47,1006.0,78,5.5,-9900,-9900,0.0,0.0
2022,8,23,5,60,0.0,0.0,0.0,0.0,0.0,5,35.0,30.0,51,1005.7,81,7.4,-9900,-9900,0.0,0.0
2022,8,23,6,60,0.0,0.0,0.0,0.0,0.0,5,35.3,30.3,50,1005.0,77,9.3,-9900,-9900,0.0,0.0
2022,8,23,7,60,0.0,0.0,0.0,0.0,0.0,5,35.6,30.6,50,1004.4,75,11.1,-9900,-9900,0.0,0.0
2022,8,23,8,60,0.0,0.0,0.0,0.0,0.0,5,35.0,30.0,51,1004.2,83,11.1,-9900,-9900,0.0,0.0
2022,8,23,9,60,0.0,0.0,0.0,0.0,0.0,5,34.3,29.3,52,1004.0,90,11.1,-9900,-9900,0.0,0.0
2022,8,23,10,60,0.0,0.0,0.0,0.0,0.0,5,33.7,28.7,53,1003.8,95,11.1,-9900,-9900,0.0,0.0
2022,8,23,11,60,0.0,0.0,0.0,0.0,0.0,5,33.2,28.2,51,1004.7,91,16.7,-9900,-9900,0.0,0.0
2022,8,23,12,60,0.0,0.0,0.0,0.0,0.0,5,32.6,27.6,54,1005.1,94,16.7,-9900,-9900,0.0,0.0
2022,8,23,13,60,0.0,0.0,0.0,0.0,0.0,5,32.0,27.0,56,1005.5,96,14.8,-9900,-9900,0.0,0.0
2022,8,23,14,60,0.0,0.0,0.0,0.0,0.0,5,31.8,26.8,57,1005.6,96,14.8,-9900,-9900,0.0,0.0
2022,8,23,15,60,0.0,0.0,0.0,0.0,0.0,5,31.6,26.6,57,1005.6,96,14.8,-9900,-9900,0.0,0.0
2022,8,23,16,60,0.0,0.0,0.0,0.0,0.0,5,31.3,26.3,58,1005.6,96,14.8,-9900,-9900,0.0,0.0
2022,8,23,17,60,0.0,0.0,0.0,0.0,0.0,5,30.8,25.8,62,1005.3,105,14.8,-9900,-9900,0.0,0.0
2022,8,23,18,60,0.0,0.0,0.0,0.0,0.0,5,30.7,25.7,62,1005.1,104,13.0,-9900,-9900,0.0,0.0
2022,8,23,19,60,0.0,0.0,0.0,0.0,0.0,5,30.5,25.5,63,1004.8,103,13.0,-9900,-9900,0.0,0.0
2022,8,23,20,60,0.0,0.0,0.0,0.0,0.0,5,30.5,25.5,62,1004.7,105,11.1,-9900,-9900,0.0,0.0
2022,8,23,21,60,0.0,0.0,0.0,0.0,0.0,5,30.5,25.5,62,1004.5,107,11.1,-9900,-9900,0.0,0.0
2022,8,23,22,60,0.0,0.0,0.0,0.0,0.0,5,30.4,25.4,62,1004.4,108,11.1,-9900,-9900,0.0,0.0
2022,8,23,23,60,0.0,0.0,0.0,0.0,0.0,5,31.1,26.1,58,1004.8,109,11.1,-9900,-9900,0.0,0.0
2022,8,23,24,60,0.0,0.0,0.0,0.0,0.0,5,31.8,26.8,57,1005.1,111,11.1,-9900,-9900,0.0,0.0
2022,8,24,1,60,0.0,0.0,0.0,0.0,0.0,5,32.5,27.5,55,1005.5,113,11.1,-9900,-9900,0.0,0.0
2022,8,24,2,60,0.0,0.0,0.0,0.0,0.0,5,33.4,28.4,53,1005.4,114,13.0,-9900,-9900,0.0,0.0
2022,8,24,3,60,0.0,0.0,0.0,0.0,0.0,5,34.4,29.4,50,1005.3,114,13.0,-9900,-9900,0.0,0.0
2022,8,24,4,60,0.0,0.0,0.0,0.0,0.0,5,35.3,30.3,48,1005.2,115,14.8,-9900,-9900,0.0,0.0
2022,8,24,5,60,0.0,0.0,0.0,0.0,0.0,5,35.3,30.3,50,1005.0,117,14.8,-9900,-9900,0.0,0.0
2022,8,24,6,60,0.0,0.0,0.0,0.0,0.0,5,35.5,30.5,50,1004.5,120,13.0,-9900,-9900,0.0,0.0
2022,8,24,7,60,0.0,0.0,0.0,0.0,0.0,5,35.7,30.7,51,1004.0,125,11.1,-9900,-9900,0.0,0.0
2022,8,24,8,60,0.0,0.0,0.0,0.0,0.0,5,34.6,29.6,53,1004.2,134,11.1,-9900,-9900,0.0,0.0
2022,8,24,9,60,0.0,0.0,0.0,0.0,0.0,5,33.4,28.4,56,1004.3,142,11.1,-9900,-9900,0.0,0.0
2022,8,24,10,60,0.0,0.0,0.0,0.0,0.0,5,32.3,27.3,58,1004.4,151,11.1,-9900,-9900,0.0,0.0
2022,8,24,11,60,0.0,0.0,0.0,0.0,0.0,5,32.3,27.3,59,1005.5,149,7.4,-9900,-9900,0.0,0.0
2022,8,24,12,60,0.0,0.0,0.0,0.0,0.0,5,31.7,26.7,61,1006.2,162,7.4,-9900,-9900,0.0,0.0
2022,8,24,13,60,0.0,0.0,0.0,0.0,0.0,5,31.1,26.1,62,1007.0,173,5.5,-9900,-9900,0.0,0.0
2022,8,24,14,60,0.0,0.0,0.0,0.0,0.0,5,30.8,25.8,64,1007.4,178,5.5,-9900,-9900,0.0,0.0
2022,8,24,15,60,0.0,0.0,0.0,0.0,0.0,5,30.5,25.5,65,1007.9,183,5.5,-9900,-9900,0.0,0.0
2022,8,24,16,60,0.0,0.0,0.0,0.0,0.0,5,30.1,25.1,67,1008.3,188,5.5,-9900,-9900,0.0,0.0
2022,8,24,17,60,0.0,0.0,0.0,0.0,0.0,5,27.7,22.7,85,1008.3,191,7.4,-9900,-9900,0.0,0.0
2022,8,24,18,60,0.0,0.0,0.0,0.0,0.0,5,27.7,22.7,83,1008.1,189,5.5,-9900,-9900,0.0,0.0
2022,8,24,19,60,0.0,0.0,0.0,0.0,0.0,5,27.7,22.7,82,1008.0,186,5.5,-9900,-9900,0.0,0.0
2022,8,24,20,60,0.0,0.0,0.0,0.0,0.0,5,27.7,22.7,81,1008.0,181,5.5,-9900,-9900,0.0,0.0
2022,8,24,21,60,0.0,0.0,0.0,0.0,0.0,5,27.8,22.8,79,1008.0,175,5.5,-9900,-9900,0.0,0.0
2022,8,24,22,60,0.0,0.0,0.0,0.0,0.0,5,27.8,22.8,78,1008.0,170,5.5,-9900,-9900,0.0,0.0
2022,8,24,23,60,0.0,0.0,0.0,0.0,0.0,5,29.1,24.1,75,1009.1,157,5.5,-9900,-9900,0.0,0.0
2022,8,24,24,60,0.0,0.0,0.0,0.0,0.0,5,29.9,24.9,72,1009.5,158,5.5,-9900,-9900,0.0,0.0
2022,8,25,1,60,0.0,0.0,0.0,0.0,0.0,5,30.7,25.7,69,1009.8,159,3.7,-9900,-9900,0.0,0.0
2022,8,25,2,60,0.0,0.0,0.0,0.0,0.0,5,32.0,27.0,64,1009.7,174,3.7,-9900,-9900,0.0,0.0
2022,8,25,3,60,0.0,0.0,0.0,0.0,0.0,5,33.3,28.3,59,1009.6,226,3.7,-9900,-9900,0.0,0.0
2022,8,25,4,60,0.0,0.0,0.0,0.0,0.0,5,34.6,29.6,55,1009.5,283,3.7,-9900,-9900,0.0,0.0
2022,8,25,5,60,0.0,0.0,0.0,0.0,0.0,5,34.2,29.2,57,1009.6,311,5.5,-9900,-9900,0.0,0.0
2022,8,25,6,60,0.0,0.0,0.0,0.0,0.0,5,33.9,28.9,60,1009.2,324,7.4,-9900,-9900,0.0,0.0
2022,8,25,7,60,0.0,0.0,0.0,0.0,0.0,5,33.6,28.6,62,1008.9,332,7.4,-9900,-9900,0.0,0.0
2022,8,25,8,60,0.0,0.0,0.0,0.0,0.0,5,32.4,27.4,65,1009.1,330,7.4,-9900,-9900,0.0,0.0
2022,8,25,9,60,0.0,0.0,0.0,0.0,0.0,5,31.3,26.3,68,1009.2,326,7.4,-9900,-9900,0.0,0.0
2022,8,25,10,60,0.0,0.0,0.0,0.0,0.0,5,30.1,25.1,72,1009.4,172,7.4,-9900,-9900,0.0,0.0
2022,8,25,11,60,0.0,0.0,0.0,0.0,0.0,5,29.9,24.9,72,1009.9,193,7.4,-9900,-9900,0.0,0.0
2022,8,25,12,60,0.0,0.0,0.0,0.0,0.0,5,29.6,24.6,73,1010.3,201,5.5,-9900,-9900,0.0,0.0
2022,8,25,13,60,0.0,0.0,0.0,0.0,0.0,5,29.3,24.3,73,1010.8,205,5.5,-9900,-9900,0.0,0.0
2022,8,25,14,60,0.0,0.0,0.0,0.0,0.0,5,29.2,24.2,73,1011.0,200,5.5,-9900,-9900,0.0,0.0
2022,8,25,15,60,0.0,0.0,0.0,0.0,0.0,5,29.0,24.0,74,1011.2,198,5.5,-9900,-9900,0.0,0.0
2022,8,25,16,60,0.0,0.0,0.0,0.0,0.0,5,28.8,23.8,74,1011.4,196,5.5,-9900,-9900,0.0,0.0
2022,8,25,17,60,0.0,0.0,0.0,0.0,0.0,5,26.6,21.6,85,1011.5,186,5.5,-9900,-9900,0.0,0.0
2022,8,25,18,60,0.0,0.0,0.0,0.0,0.0,5,26.6,21.6,84,1011.0,194,5.5,-9900,-9900,0.0,0.0
2022,8,25,19,60,0.0,0.0,0.0,0.0,0.0,5,26.7,21.7,83,1010.5,202,5.5,-9900,-9900,0.0,0.0
2022,8,25,20,60,0.0,0.0,0.0,0.0,0.0,5,26.8,21.8,82,1010.3,197,5.5,-9900,-9900,0.0,0.0
2022,8,25,21,60,0.0,0.0,0.0,0.0,0.0,5,26.8,21.8,81,1010.1,193,5.5,-9900,-9900,0.0,0.0
2022,8,25,22,60,0.0,0.0,0.0,0.0,0.0,5,26.8,21.8,81,1009.9,189,5.5,-9900,-9900,0.0,0.0
2022,8,25,23,60,0.0,0.0,0.0,0.0,0.0,5,27.3,22.3,78,1010.1,217,7.4,-9900,-9900,0.0,0.0
2022,8,25,24,60,0.0,0.0,0.0,0.0,0.0,5,28.3,23.3,75,1010.3,227,7.4,-9900,-9900,0.0,0.0
2022,8,26,1,60,0.0,0.0,0.0,0.0,0.0,5,29.3,24.3,71,1010.4,236,7.4,-9900,-9900,0.0,0.0
2022,8,26,2,60,0.0,0.0,0.0,0.0,0.0,5,31.0,26.0,65,1010.2,247,7.4,-9900,-9900,0.0,0.0
2022,8,26,3,60,0.0,0.0,0.0,0.0,0.0,5,32.7,27.7,59,1009.9,255,9.3,-9900,-9900,0.0,0.0
2022,8,26,4,60,0.0,0.0,0.0,0.0,0.0,5,34.5,29.5,53,1009.7,262,11.1,-9900,-9900,0.0,0.0
2022,8,26,5,60,0.0,0.0,0.0,0.0,0.0,5,35.9,30.9,48,1009.2,273,11.1,-9900,-9900,0.0,0.0
2022,8,26,6,60,0.0,0.0,0.0,0.0,0.0,5,36.3,31.3,48,1008.6,277,13.0,-9900,-9900,0.0,0.0
2022,8,26,7,60,0.0,0.0,0.0,0.0,0.0,5,36.6,31.6,49,1008.0,281,13.0,-9900,-9900,0.0,0.0
2022,8,26,8,60,0.0,0.0,0.0,0.0,0.0,5,35.9,30.9,50,1008.0,280,13.0,-9900,-9900,0.0,0.0
2022,8,26,9,60,0.0,0.0,0.0,0.0,0.0,5,35.1,30.1,52,1007.9,278,11.1,-9900,-9900,0.0,0.0
2022,8,26,10,60,0.0,0.0,0.0,0.0,0.0,5,34.3,29.3,55,1007.8,275,11.1,-9900,-9900,0.0,0.0
2022,8,26,11,60,0.0,0.0,0.0,0.0,0.0,5,32.6,27.6,56,1008.8,280,11.1,-9900,-9900,0.0,0.0
2022,8,26,12,60,0.0,0.0,0.0,0.0,0.0,5,32.0,27.0,58,1009.3,273,7.4,-9900,-9900,0.0,0.0
2022,8,26,13,60,0.0,0.0,0.0,0.0,0.0,5,31.3,26.3,60,1009.8,257,5.5,-9900,-9900,0.0,0.0
2022,8,26,14,60,0.0,0.0,0.0,0.0,0.0,5,30.9,25.9,62,1010.0,240,5.5,-9900,-9900,0.0,0.0
2022,8,26,15,60,0.0,0.0,0.0,0.0,0.0,5,30.4,25.4,64,1010.3,219,5.5,-9900,-9900,0.0,0.0
2022,8,26,16,60,0.0,0.0,0.0,0.0,0.0,5,29.9,24.9,67,1010.5,199,5.5,-9900,-9900,0.0,0.0
2022,8,26,17,60,0.0,0.0,0.0,0.0,0.0,5,30.2,25.2,68,1009.9,206,5.5,-9900,-9900,0.0,0.0
2022,8,26,18,60,0.0,0.0,0.0,0.0,0.0,5,29.7,24.7,69,1009.7,198,5.5,-9900,-9900,0.0,0.0
2022,8,26,19,60,0.0,0.0,0.0,0.0,0.0,5,29.3,24.3,70,1009.4,192,5.5,-9900,-9900,0.0,0.0
2022,8,26,20,60,0.0,0.0,0.0,0.0,0.0,5,28.9,23.9,71,1009.2,186,5.5,-9900,-9900,0.0,0.0
2022,8,26,21,60,0.0,0.0,0.0,0.0,0.0,5,28.6,23.6,71,1009.0,180,5.5,-9900,-9900,0.0,0.0
2022,8,26,22,60,0.0,0.0,0.0,0.0,0.0,5,28.4,23.4,71,1008.7,173,5.5,-9900,-9900,0.0,0.0
2022,8,26,23,60,0.0,0.0,0.0,0.0,0.0,5,28.7,23.7,71,1009.5,162,5.5,-9900,-9900,0.0,0.0
2022,8,26,24,60,0.0,0.0,0.0,0.0,0.0,5,29.5,24.5,69,1009.6,174,5.5,-9900,-9900,0.0,0.0
2022,8,27,1,60,0.0,0.0,0.0,0.0,0.0,5,30.4,25.4,66,1009.7,195,5.5,-9900,-9900,0.0,0.0
2022,8,27,2,60,0.0,0.0,0.0,0.0,0.0,5,31.8,26.8,61,1009.2,229,5.5,-9900,-9900,0.0,0.0
2022,8,27,3,60,0.0,0.0,0.0,0.0,0.0,5,33.3,28.3,56,1008.8,255,5.5,-9900,-9900,0.0,0.0
2022,8,27,4,60,0.0,0.0,0.0,0.0,0.0,5,34.7,29.7,52,1008.3,270,5.5,-9900,-9900,0.0,0.0
2022,8,27,5,60,0.0,0.0,0.0,0.0,0.0,5,34.3,29.3,55,1007.8,302,5.5,-9900,-9900,0.0,0.0
2022,8,27,6,60,0.0,0.0,0.0,0.0,0.0,5,34.4,29.4,56,1007.2,313,7.4,-9900,-9900,0.0,0.0
2022,8,27,7,60,0.0,0.0,0.0,0.0,0.0,5,34.5,29.5,57,1006.6,323,7.4,-9900,-9900,0.0,0.0
2022,8,27,8,60,0.0,0.0,0.0,0.0,0.0,5,33.8,28.8,59,1006.4,350,7.4,-9900,-9900,0.0,0.0
2022,8,27,9,60,0.0,0.0,0.0,0.0,0.0,5,33.1,28.1,61,1006.3,28,7.4,-9900,-9900,0.0,0.0
2022,8,27,10,60,0.0,0.0,0.0,0.0,0.0,5,32.3,27.3,64,1006.1,55,9.3,-9900,-9900,0.0,0.0
2022,8,27,11,60,0.0,0.0,0.0,0.0,0.0,5,32.1,27.1,64,1006.6,62,7.4,-9900,-9900,0.0,0.0
2022,8,27,12,60,0.0,0.0,0.0,0.0,0.0,5,31.6,26.6,65,1007.0,76,7.4,-9900,-9900,0.0,0.0
2022,8,27,13,60,0.0,0.0,0.0,0.0,0.0,5,31.1,26.1,67,1007.4,90,7.4,-9900,-9900,0.0,0.0
2022,8,27,14,60,0.0,0.0,0.0,0.0,0.0,5,30.8,25.8,68,1007.6,93,7.4,-9900,-9900,0.0,0.0
2022,8,27,15,60,0.0,0.0,0.0,0.0,0.0,5,30.4,25.4,69,1007.8,95,7.4,-9900,-9900,0.0,0.0
2022,8,27,16,60,0.0,0.0,0.0,0.0,0.0,5,30.0,25.0,71,1008.0,98,7.4,-9900,-9900,0.0,0.0
2022,8,27,17,60,0.0,0.0,0.0,0.0,0.0,5,28.9,23.9,69,1007.7,118,9.3,-9900,-9900,0.0,0.0
2022,8,27,18,60,0.0,0.0,0.0,0.0,0.0,5,28.7,23.7,70,1007.6,123,7.4,-9900,-9900,0.0,0.0
2022,8,27,19,60,0.0,0.0,0.0,0.0,0.0,5,28.4,23.4,71,1007.6,130,5.5,-9900,-9900,0.0,0.0
2022,8,27,20,60,0.0,0.0,0.0,0.0,0.0,5,28.3,23.3,72,1007.7,131,5.5,-9900,-9900,0.0,0.0
2022,8,27,21,60,0.0,0.0,0.0,0.0,0.0,5,28.1,23.1,73,1007.9,131,5.5,-9900,-9900,0.0,0.0
2022,8,27,22,60,0.0,0.0,0.0,0.0,0.0,5,28.0,23.0,73,1008.0,132,5.5,-9900,-9900,0.0,0.0
2022,8,27,23,60,0.0,0.0,0.0,0.0,0.0,5,28.6,23.6,72,1008.4,128,5.5,-9900,-9900,0.0,0.0
2022,8,27,24,60,0.0,0.0,0.0,0.0,0.0,5,29.2,24.2,71,1008.8,124,5.5,-9900,-9900,0.0,0.0
2022,8,28,1,60,0.0,0.0,0.0,0.0,0.0,5,29.7,24.7,70,1009.2,119,5.5,-9900,-9900,0.0,0.0
2022,8,28,2,60,0.0,0.0,0.0,0.0,0.0,5,30.8,25.8,67,1009.1,112,5.5,-9900,-9900,0.0,0.0
2022,8,28,3,60,0.0,0.0,0.0,0.0,0.0,5,31.9,26.9,64,1009.0,101,7.4,-9900,-9900,0.0,0.0
2022,8,28,4,60,0.0,0.0,0.0,0.0,0.0,5,33.0,28.0,61,1008.9,86,7.4,-9900,-9900,0.0,0.0
2022,8,28,5,60,0.0,0.0,0.0,0.0,0.0,5,32.0,27.0,63,1009.0,72,7.4,-9900,-9900,0.0,0.0
2022,8,28,6,60,0.0,0.0,0.0,0.0,0.0,5,32.0,27.0,64,1008.5,69,9.3,-9900,-9900,0.0,0.0
2022,8,28,7,60,0.0,0.0,0.0,0.0,0.0,5,32.0,27.0,64,1007.9,67,11.1,-9900,-9900,0.0,0.0
2022,8,28,8,60,0.0,0.0,0.0,0.0,0.0,5,31.4,26.4,66,1007.8,79,11.1,-9900,-9900,0.0,0.0
2022,8,28,9,60,0.0,0.0,0.0,0.0,0.0,5,30.9,25.9,67,1007.7,89,11.1,-9900,-9900,0.0,0.0
2022,8,28,10,60,0.0,0.0,0.0,0.0,0.0,5,30.3,25.3,68,1007.5,97,13.0,-9900,-9900,0.0,0.0
2022,8,28,11,60,0.0,0.0,0.0,0.0,0.0,5,29.3,24.3,72,1008.2,99,13.0,-9900,-9900,0.0,0.0
2022,8,28,12,60,0.0,0.0,0.0,0.0,0.0,5,29.0,24.0,73,1008.9,100,11.1,-9900,-9900,0.0,0.0
2022,8,28,13,60,0.0,0.0,0.0,0.0,0.0,5,28.8,23.8,73,1009.5,102,9.3,-9900,-9900,0.0,0.0
2022,8,28,14,60,0.0,0.0,0.0,0.0,0.0,5,28.6,23.6,74,1009.7,103,9.3,-9900,-9900,0.0,0.0
2022,8,28,15,60,0.0,0.0,0.0,0.0,0.0,5,28.5,23.5,73,1009.9,104,9.3,-9900,-9900,0.0,0.0
2022,8,28,16,60,0.0,0.0,0.0,0.0,0.0,5,28.4,23.4,73,1010.1,106,9.3,-9900,-9900,0.0,0.0
2022,8,28,17,60,0.0,0.0,0.0,0.0,0.0,5,28.9,23.9,76,1009.7,91,9.3,-9900,-9900,0.0,0.0
2022,8,28,18,60,0.0,0.0,0.0,0.0,0.0,5,28.6,23.6,77,1009.5,101,7.4,-9900,-9900,0.0,0.0
2022,8,28,19,60,0.0,0.0,0.0,0.0,0.0,5,28.3,23.3,77,1009.4,116,5.5,-9900,-9900,0.0,0.0
2022,8,28,20,60,0.0,0.0,0.0,0.0,0.0,5,28.0,23.0,78,1009.3,122,5.5,-9900,-9900,0.0,0.0
2022,8,28,21,60,0.0,0.0,0.0,0.0,0.0,5,27.7,22.7,78,1009.3,128,7.4,-9900,-9900,0.0,0.0
2022,8,28,22,60,0.0,0.0,0.0,0.0,0.0,5,27.4,22.4,79,1009.2,133,7.4,-9900,-9900,0.0,0.0
2022,8,28,23,60,0.0,0.0,0.0,0.0,0.0,5,28.3,23.3,76,1009.9,133,5.5,-9900,-9900,0.0,0.0
2022,8,28,24,60,0.0,0.0,0.0,0.0,0.0,5,29.1,24.1,73,1010.2,126,5.5,-9900,-9900,0.0,0.0
2022,8,29,1,60,0.0,0.0,0.0,0.0,0.0,5,29.9,24.9,71,1010.4,118,5.5,-9900,-9900,0.0,0.0
2022,8,29,2,60,0.0,0.0,0.0,0.0,0.0,5,31.1,26.1,67,1010.3,103,5.5,-9900,-9900,0.0,0.0
2022,8,29,3,60,0.0,0.0,0.0,0.0,0.0,5,32.3,27.3,63,1010.2,87,7.4,-9900,-9900,0.0,0.0
2022,8,29,4,60,0.0,0.0,0.0,0.0,0.0,5,33.5,28.5,59,1010.0,73,7.4,-9900,-9900,0.0,0.0
2022,8,29,5,60,0.0,0.0,0.0,0.0,0.0,5,34.2,29.2,60,1009.4,61,7.4,-9900,-9900,0.0,0.0
2022,8,29,6,60,0.0,0.0,0.0,0.0,0.0,5,34.2,29.2,60,1008.9,61,9.3,-9900,-9900,0.0,0.0
2022,8,29,7,60,0.0,0.0,0.0,0.0,0.0,5,34.2,29.2,60,1008.5,60,11.1,-9900,-9900,0.0,0.0
2022,8,29,8,60,0.0,0.0,0.0,0.0,0.0,5,33.3,28.3,62,1008.5,66,11.1,-9900,-9900,0.0,0.0
2022,8,29,9,60,0.0,0.0,0.0,0.0,0.0,5,32.5,27.5,63,1008.5,71,11.1,-9900,-9900,0.0,0.0
2022,8,29,10,60,0.0,0.0,0.0,0.0,0.0,5,31.6,26.6,65,1008.4,75,13.0,-9900,-9900,0.0,0.0
2022,8,29,11,60,0.0,0.0,0.0,0.0,0.0,5,31.3,26.3,66,1009.1,77,14.8,-9900,-9900,0.0,0.0
2022,8,29,12,60,0.0,0.0,0.0,0.0,0.0,5,30.8,25.8,68,1009.7,80,13.0,-9900,-9900,0.0,0.0
2022,8,29,13,60,0.0,0.0,0.0,0.0,0.0,5,30.3,25.3,70,1010.2,84,11.1,-9900,-9900,0.0,0.0
2022,8,29,14,60,0.0,0.0,0.0,0.0,0.0,5,30.0,25.0,71,1010.5,87,11.1,-9900,-9900,0.0,0.0
2022,8,29,15,60,0.0,0.0,0.0,0.0,0.0,5,29.8,24.8,72,1010.7,91,9.3,-9900,-9900,0.0,0.0
2022,8,29,16,60,0.0,0.0,0.0,0.0,0.0,5,29.5,24.5,73,1011.0,95,9.3,-9900,-9900,0.0,0.0
2022,8,29,17,60,0.0,0.0,0.0,0.0,0.0,5,29.3,24.3,77,1010.6,92,11.1,-9900,-9900,0.0,0.0
2022,8,29,18,60,0.0,0.0,0.0,0.0,0.0,5,29.1,24.1,77,1010.2,96,9.3,-9900,-9900,0.0,0.0
2022,8,29,19,60,0.0,0.0,0.0,0.0,0.0,5,28.8,23.8,78,1009.8,101,9.3,-9900,-9900,0.0,0.0
2022,8,29,20,60,0.0,0.0,0.0,0.0,0.0,5,28.6,23.6,78,1009.6,109,7.4,-9900,-9900,0.0,0.0
2022,8,29,21,60,0.0,0.0,0.0,0.0,0.0,5,28.3,23.3,78,1009.5,118,7.4,-9900,-9900,0.0,0.0
2022,8,29,22,60,0.0,0.0,0.0,0.0,0.0,5,28.1,23.1,78,1009.3,128,7.4,-9900,-9900,0.0,0.0
2022,8,29,23,60,0.0,0.0,0.0,0.0,0.0,5,29.3,24.3,71,1009.6,170,5.5,-9900,-9900,0.0,0.0
2022,8,29,24,60,0.0,0.0,0.0,0.0,0.0,5,30.1,25.1,70,1009.7,151,5.5,-9900,-9900,0.0,0.0
2022,8,30,1,60,0.0,0.0,0.0,0.0,0.0,5,30.9,25.9,68,1009.8,133,5.5,-9900,-9900,0.0,0.0
2022,8,30,2,60,0.0,0.0,0.0,0.0,0.0,5,31.9,26.9,64,1009.5,117,5.5,-9900,-9900,0.0,0.0
2022,8,30,3,60,0.0,0.0,0.0,0.0,0.0,5,32.9,27.9,60,1009.1,100,5.5,-9900,-9900,0.0,0.0
2022,8,30,4,60,0.0,0.0,0.0,0.0,0.0,5,33.9,28.9,57,1008.8,83,5.5,-9900,-9900,0.0,0.0
2022,8,30,5,60,0.0,0.0,0.0,0.0,0.0,5,34.3,29.3,58,1007.7,72,9.3,-9900,-9900,0.0,0.0
2022,8,30,6,60,0.0,0.0,0.0,0.0,0.0,5,34.4,29.4,58,1007.2,60,9.3,-9900,-9900,0.0,0.0
2022,8,30,7,60,0.0,0.0,0.0,0.0,0.0,5,34.6,29.6,57,1006.6,48,9.3,-9900,-9900,0.0,0.0
2022,8,30,8,60,0.0,0.0,0.0,0.0,0.0,5,33.8,28.8,59,1006.5,55,9.3,-9900,-9900,0.0,0.0
2022,8,30,9,60,0.0,0.0,0.0,0.0,0.0,5,33.0,28.0,60,1006.3,60,11.1,-9900,-9900,0.0,0.0
2022,8,30,10,60,0.0,0.0,0.0,0.0,0.0,5,32.2,27.2,62,1006.2,65,11.1,-9900,-9900,0.0,0.0
2022,8,30,11,60,0.0,0.0,0.0,0.0,0.0,5,31.6,26.6,64,1006.7,72,11.1,-9900,-9900,0.0,0.0
2022,8,30,12,60,0.0,0.0,0.0,0.0,0.0,5,31.1,26.1,65,1007.2,79,11.1,-9900,-9900,0.0,0.0
2022,8,30,13,60,0.0,0.0,0.0,0.0,0.0,5,30.6,25.6,66,1007.7,86,11.1,-9900,-9900,0.0,0.0
2022,8,30,14,60,0.0,0.0,0.0,0.0,0.0,5,30.3,25.3,68,1007.7,89,9.3,-9900,-9900,0.0,0.0
2022,8,30,15,60,0.0,0.0,0.0,0.0,0.0,5,30.1,25.1,69,1007.7,91,9.3,-9900,-9900,0.0,0.0
2022,8,30,16,60,0.0,0.0,0.0,0.0,0.0,5,29.8,24.8,70,1007.7,94,9.3,-9900,-9900,0.0,0.0
2022,8,30,17,60,0.0,0.0,0.0,0.0,0.0,5,29.2,24.2,76,1007.6,96,11.1,-9900,-9900,0.0,0.0
2022,8,30,18,60,0.0,0.0,0.0,0.0,0.0,5,28.9,23.9,76,1007.3,102,9.3,-9900,-9900,0.0,0.0
2022,8,30,19,60,0.0,0.0,0.0,0.0,0.0,5,28.6,23.6,77,1007.0,111,5.5,-9900,-9900,0.0,0.0
2022,8,30,20,60,0.0,0.0,0.0,0.0,0.0,5,28.4,23.4,77,1006.8,116,5.5,-9900,-9900,0.0,0.0
2022,8,30,21,60,0.0,0.0,0.0,0.0,0.0,5,28.2,23.2,77,1006.6,122,5.5,-9900,-9900,0.0,0.0
2022,8,30,22,60,0.0,0.0,0.0,0.0,0.0,5,28.0,23.0,77,1006.4,128,5.5,-9900,-9900,0.0,0.0
2022,8,30,23,60,0.0,0.0,0.0,0.0,0.0,5,28.8,23.8,75,1006.7,157,5.5,-9900,-9900,0.0,0.0
2022,8,30,24,60,0.0,0.0,0.0,0.0,0.0,5,29.6,24.6,73,1006.9,135,5.5,-9900,-9900,0.0,0.0
2022,8,31,1,60,0.0,0.0,0.0,0.0,0.0,5,30.4,25.4,71,1007.2,113,5.5,-9900,-9900,0.0,0.0
2022,8,31,2,60,0.0,0.0,0.0,0.0,0.0,5,31.4,26.4,67,1007.0,91,5.5,-9900,-9900,0.0,0.0
2022,8,31,3,60,0.0,0.0,0.0,0.0,0.0,5,32.3,27.3,64,1006.8,72,7.4,-9900,-9900,0.0,0.0
2022,8,31,4,60,0.0,0.0,0.0,0.0,0.0,5,33.3,28.3,60,1006.6,59,7.4,-9900,-9900,0.0,0.0
2022,8,31,5,60,0.0,0.0,0.0,0.0,0.0,5,33.0,28.0,63,1006.2,51,7.4,-9900,-9900,0.0,0.0
2022,8,31,6,60,0.0,0.0,0.0,0.0,0.0,5,32.9,27.9,64,1005.6,47,9.3,-9900,-9900,0.0,0.0
2022,8,31,7,60,0.0,0.0,0.0,0.0,0.0,5,32.8,27.8,65,1005.0,45,9.3,-9900,-9900,0.0,0.0
2022,8,31,8,60,0.0,0.0,0.0,0.0,0.0,5,32.2,27.2,66,1004.9,48,9.3,-9900,-9900,0.0,0.0
2022,8,31,9,60,0.0,0.0,0.0,0.0,0.0,5,31.6,26.6,67,1004.7,51,11.1,-9900,-9900,0.0,0.0
2022,8,31,10,60,0.0,0.0,0.0,0.0,0.0,5,30.9,25.9,69,1004.6,54,11.1,-9900,-9900,0.0,0.0
2022,8,31,11,60,0.0,0.0,0.0,0.0,0.0,5,30.1,25.1,70,1004.9,66,13.0,-9900,-9900,0.0,0.0
2022,8,31,12,60,0.0,0.0,0.0,0.0,0.0,5,29.7,24.7,72,1005.5,69,11.1,-9900,-9900,0.0,0.0
2022,8,31,13,60,0.0,0.0,0.0,0.0,0.0,5,29.3,24.3,74,1006.1,74,9.3,-9900,-9900,0.0,0.0
2022,8,31,14,60,0.0,0.0,0.0,0.0,0.0,5,29.0,24.0,75,1006.4,77,7.4,-9900,-9900,0.0,0.0
2022,8,31,15,60,0.0,0.0,0.0,0.0,0.0,5,28.7,23.7,76,1006.7,81,7.4,-9900,-9900,0.0,0.0
2022,8,31,16,60,0.0,0.0,0.0,0.0,0.0,5,28.4,23.4,78,1007.1,87,5.5,-9900,-9900,0.0,0.0
2022,8,31,17,60,0.0,0.0,0.0,0.0,0.0,5,28.5,23.5,83,1007.0,102,5.5,-9900,-9900,0.0,0.0
2022,8,31,18,60,0.0,0.0,0.0,0.0,0.0,5,28.2,23.2,84,1006.7,111,5.5,-9900,-9900,0.0,0.0
2022,8,31,19,60,0.0,0.0,0.0,0.0,0.0,5,27.9,22.9,84,1006.3,122,5.5,-9900,-9900,0.0,0.0
2022,8,31,20,60,0.0,0.0,0.0,0.0,0.0,5,27.6,22.6,85,1006.3,121,5.5,-9900,-9900,0.0,0.0
2022,8,31,21,60,0.0,0.0,0.0,0.0,0.0,5,27.3,22.3,86,1006.4,120,5.5,-9900,-9900,0.0,0.0
2022,8,31,22,60,0.0,0.0,0.0,0.0,0.0,5,27.0,22.0,86,1006.5,118,5.5,-9900,-9900,0.0,0.0
2022,8,31,23,60,0.0,0.0,0.0,0.0,0.0,5,27.6,22.6,90,1007.1,139,5.5,-9900,-9900,0.0,0.0
2022,8,31,24,60,0.0,0.0,0.0,0.0,0.0,5,28.1,23.1,86,1007.4,117,5.5,-9900,-9900,0.0,0.0
2022,9,1,1,60,0.0,0.0,0.0,0.0,0.0,5,28.6,23.6,82,1007.6,45,5.5,-9900,-9900,0.0,0.0
2022,9,1,2,60,0.0,0.0,0.0,0.0,0.0,5,29.0,24.0,79,1007.4,36,7.4,-9900,-9900,0.0,0.0
2022,9,1,3,60,0.0,0.0,0.0,0.0,0.0,5,29.4,24.4,75,1007.3,33,7.4,-9900,-9900,0.0,0.0
2022,9,1,4,60,0.0,0.0,0.0,0.0,0.0,5,29.8,24.8,72,1007.1,31,9.3,-9900,-9900,0.0,0.0
2022,9,1,5,60,0.0,0.0,0.0,0.0,0.0,5,29.8,24.8,70,1007.0,34,11.1,-9900,-9900,0.0,0.0
2022,9,1,6,60,0.0,0.0,0.0,0.0,0.0,5,29.5,24.5,72,1006.4,31,11.1,-9900,-9900,0.0,0.0
2022,9,1,7,60,0.0,0.0,0.0,0.0,0.0,5,29.3,24.3,73,1005.8,28,9.3,-9900,-9900,0.0,0.0
2022,9,1,8,60,0.0,0.0,0.0,0.0,0.0,5,28.9,23.9,74,1005.6,19,9.3,-9900,-9900,0.0,0.0
2022,9,1,9,60,0.0,0.0,0.0,0.0,0.0,5,28.5,23.5,75,1005.4,12,9.3,-9900,-9900,0.0,0.0
2022,9,1,10,60,0.0,0.0,0.0,0.0,0.0,5,28.1,23.1,76,1005.2,5,11.1,-9900,-9900,0.0,0.0
2022,9,1,11,60,0.0,0.0,0.0,0.0,0.0,5,26.8,21.8,83,1006.6,32,9.3,-9900,-9900,0.0,0.0
2022,9,1,12,60,0.0,0.0,0.0,0.0,0.0,5,26.7,21.7,83,1006.6,28,9.3,-9900,-9900,0.0,0.0
2022,9,1,13,60,0.0,0.0,0.0,0.0,0.0,5,26.6,21.6,83,1006.7,24,7.4,-9900,-9900,0.0,0.0
2022,9,1,14,60,0.0,0.0,0.0,0.0,0.0,5,26.4,21.4,85,1006.4,19,7.4,-9900,-9900,0.0,0.0
2022,9,1,15,60,0.0,0.0,0.0,0.0,0.0,5,26.2,21.2,87,1006.1,12,7.4,-9900,-9900,0.0,0.0
2022,9,1,16,60,0.0,0.0,0.0,0.0,0.0,5,26.0,21.0,89,1005.8,4,5.5,-9900,-9900,0.0,0.0
2022,9,1,17,60,0.0,0.0,0.0,0.0,0.0,5,26.0,21.0,86,1004.9,350,5.5,-9900,-9900,0.0,0.0
2022,9,1,18,60,0.0,0.0,0.0,0.0,0.0,5,25.9,20.9,87,1004.4,349,5.5,-9900,-9900,0.0,0.0
2022,9,1,19,60,0.0,0.0,0.0,0.0,0.0,5,25.7,20.7,88,1003.8,347,5.5,-9900,-9900,0.0,0.0
2022,9,1,20,60,0.0,0.0,0.0,0.0,0.0,5,25.6,20.6,88,1003.4,2,5.5,-9900,-9900,0.0,0.0
2022,9,1,21,60,0.0,0.0,0.0,0.0,0.0,5,25.5,20.5,89,1003.1,9,5.5,-9900,-9900,0.0,0.0
2022,9,1,22,60,0.0,0.0,0.0,0.0,0.0,5,25.4,20.4,89,1002.8,13,5.5,-9900,-9900,0.0,0.0
2022,9,1,23,60,0.0,0.0,0.0,0.0,0.0,5,25.7,20.7,87,1003.2,350,5.5,-9900,-9900,0.0,0.0
2022,9,1,24,60,0.0,0.0,0.0,0.0,0.0,5,25.9,20.9,86,1003.2,355,5.5,-9900,-9900,0.0,0.0
2022,9,2,1,60,0.0,0.0,0.0,0.0,0.0,5,26.1,21.1,85,1003.1,359,5.5,-9900,-9900,0.0,0.0
2022,9,2,2,60,0.0,0.0,0.0,0.0,0.0,5,26.9,21.9,83,1002.5,11,7.4,-9900,-9900,0.0,0.0
2022,9,2,3,60,0.0,0.0,0.0,0.0,0.0,5,27.8,22.8,81,1001.9,17,9.3,-9900,-9900,0.0,0.0
2022,9,2,4,60,0.0,0.0,0.0,0.0,0.0,5,28.7,23.7,79,1001.2,21,11.1,-9900,-9900,0.0,0.0
2022,9,2,5,60,0.0,0.0,0.0,0.0,0.0,5,28.6,23.6,80,1000.7,20,11.1,-9900,-9900,0.0,0.0
2022,9,2,6,60,0.0,0.0,0.0,0.0,0.0,5,28.6,23.6,81,1000.2,19,11.1,-9900,-9900,0.0,0.0
2022,9,2,7,60,0.0,0.0,0.0,0.0,0.0,5,28.6,23.6,81,999.6,19,11.1,-9900,-9900,0.0,0.0
2022,9,2,8,60,0.0,0.0,0.0,0.0,0.0,5,28.4,23.4,82,999.6,16,11.1,-9900,-9900,0.0,0.0
2022,9,2,9,60,0.0,0.0,0.0,0.0,0.0,5,28.3,23.3,81,999.5,13,11.1,-9900,-9900,0.0,0.0
2022,9,2,10,60,0.0,0.0,0.0,0.0,0.0,5,28.1,23.1,81,999.5,11,13.0,-9900,-9900,0.0,0.0
2022,9,2,11,60,0.0,0.0,0.0,0.0,0.0,5,26.8,21.8,91,999.9,29,11.1,-9900,-9900,0.0,0.0
2022,9,2,12,60,0.0,0.0,0.0,0.0,0.0,5,26.7,21.7,90,1000.0,32,11.1,-9900,-9900,0.0,0.0
2022,9,2,13,60,0.0,0.0,0.0,0.0,0.0,5,26.6,21.6,89,1000.2,36,9.3,-9900,-9900,0.0,0.0
2022,9,2,14,60,0.0,0.0,0.0,0.0,0.0,5,26.5,21.5,90,1000.1,33,9.3,-9900,-9900,0.0,0.0
2022,9,2,15,60,0.0,0.0,0.0,0.0,0.0,5,26.4,21.4,91,999.9,30,9.3,-9900,-9900,0.0,0.0
2022,9,2,16,60,0.0,0.0,0.0,0.0,0.0,5,26.3,21.3,92,999.8,27,9.3,-9900,-9900,0.0,0.0
2022,9,2,17,60,0.0,0.0,0.0,0.0,0.0,5,26.2,21.2,95,999.3,31,7.4,-9900,-9900,0.0,0.0
2022,9,2,18,60,0.0,0.0,0.0,0.0,0.0,5,26.0,21.0,95,998.6,49,7.4,-9900,-9900,0.0,0.0
2022,9,2,19,60,0.0,0.0,0.0,0.0,0.0,5,25.8,20.8,95,997.8,60,7.4,-9900,-9900,0.0,0.0
2022,9,2,20,60,0.0,0.0,0.0,0.0,0.0,5,25.6,20.6,96,997.5,46,5.5,-9900,-9900,0.0,0.0
2022,9,2,21,60,0.0,0.0,0.0,0.0,0.0,5,25.5,20.5,96,997.2,39,5.5,-9900,-9900,0.0,0.0
2022,9,2,22,60,0.0,0.0,0.0,0.0,0.0,5,25.3,20.3,97,996.8,35,5.5,-9900,-9900,0.0,0.0
2022,9,2,23,60,0.0,0.0,0.0,0.0,0.0,5,26.2,21.2,97,997.1,298,3.7,-9900,-9900,0.0,0.0
2022,9,2,24,60,0.0,0.0,0.0,0.0,0.0,5,26.6,21.6,94,997.1,335,5.5,-9900,-9900,0.0,0.0
2022,9,3,1,60,0.0,0.0,0.0,0.0,0.0,5,26.9,21.9,92,997.1,349,5.5,-9900,-9900,0.0,0.0
2022,9,3,2,60,0.0,0.0,0.0,0.0,0.0,5,27.2,22.2,91,996.7,357,7.4,-9900,-9900,0.0,0.0
2022,9,3,3,60,0.0,0.0,0.0,0.0,0.0,5,27.6,22.6,89,996.2,2,9.3,-9900,-9900,0.0,0.0
2022,9,3,4,60,0.0,0.0,0.0,0.0,0.0,5,27.9,22.9,89,995.8,5,9.3,-9900,-9900,0.0,0.0
2022,9,3,5,60,0.0,0.0,0.0,0.0,0.0,5,27.9,22.9,92,995.5,354,9.3,-9900,-9900,0.0,0.0
2022,9,3,6,60,0.0,0.0,0.0,0.0,0.0,5,27.9,22.9,91,994.8,352,9.3,-9900,-9900,0.0,0.0
2022,9,3,7,60,0.0,0.0,0.0,0.0,0.0,5,27.8,22.8,92,994.0,351,9.3,-9900,-9900,0.0,0.0
2022,9,3,8,60,0.0,0.0,0.0,0.0,0.0,5,27.8,22.8,90,993.9,349,9.3,-9900,-9900,0.0,0.0
2022,9,3,9,60,0.0,0.0,0.0,0.0,0.0,5,27.8,22.8,88,993.7,346,11.1,-9900,-9900,0.0,0.0
2022,9,3,10,60,0.0,0.0,0.0,0.0,0.0,5,27.8,22.8,86,993.5,345,11.1,-9900,-9900,0.0,0.0
2022,9,3,11,60,0.0,0.0,0.0,0.0,0.0,5,27.7,22.7,89,994.3,329,9.3,-9900,-9900,0.0,0.0
2022,9,3,12,60,0.0,0.0,0.0,0.0,0.0,5,27.4,22.4,91,994.5,331,9.3,-9900,-9900,0.0,0.0
2022,9,3,13,60,0.0,0.0,0.0,0.0,0.0,5,27.1,22.1,92,994.6,332,9.3,-9900,-9900,0.0,0.0
2022,9,3,14,60,0.0,0.0,0.0,0.0,0.0,5,26.9,21.9,92,994.8,326,11.1,-9900,-9900,0.0,0.0
2022,9,3,15,60,0.0,0.0,0.0,0.0,0.0,5,26.7,21.7,92,995.0,320,13.0,-9900,-9900,0.0,0.0
2022,9,3,16,60,0.0,0.0,0.0,0.0,0.0,5,26.5,21.5,92,995.1,315,13.0,-9900,-9900,0.0,0.0
2022,9,3,17,60,0.0,0.0,0.0,0.0,0.0,5,25.9,20.9,98,994.5,303,13.0,-9900,-9900,0.0,0.0
2022,9,3,18,60,0.0,0.0,0.0,0.0,0.0,5,25.6,20.6,99,993.7,304,13.0,-9900,-9900,0.0,0.0
2022,9,3,19,60,0.0,0.0,0.0,0.0,0.0,5,25.5,20.5,100,992.9,305,13.0,-9900,-9900,0.0,0.0
2022,9,3,20,60,0.0,0.0,0.0,0.0,0.0,5,25.3,20.3,100,993.4,302,14.8,-9900,-9900,0.0,0.0
2022,9,3,21,60,0.0,0.0,0.0,0.0,0.0,5,25.2,20.2,100,994.0,298,14.8,-9900,-9900,0.0,0.0
2022,9,3,22,60,0.0,0.0,0.0,0.0,0.0,5,25.0,20.0,100,994.5,295,14.8,-9900,-9900,0.0,0.0
2022,9,3,23,60,0.0,0.0,0.0,0.0,0.0,5,25.5,20.5,97,994.6,280,16.7,-9900,-9900,0.0,0.0
2022,9,3,24,60,0.0,0.0,0.0,0.0,0.0,5,25.3,20.3,98,995.0,284,16.7,-9900,-9900,0.0,0.0
2022,9,4,1,60,0.0,0.0,0.0,0.0,0.0,5,25.2,20.2,98,995.4,287,18.5,-9900,-9900,0.0,0.0
2022,9,4,2,60,0.0,0.0,0.0,0.0,0.0,5,25.6,20.6,96,995.5,285,18.5,-9900,-9900,0.0,0.0
2022,9,4,3,60,0.0,0.0,0.0,0.0,0.0,5,26.1,21.1,94,995.6,283,18.5,-9900,-9900,0.0,0.0
2022,9,4,4,60,0.0,0.0,0.0,0.0,0.0,5,26.6,21.6,92,995.6,281,18.5,-9900,-9900,0.0,0.0
2022,9,4,5,60,0.0,0.0,0.0,0.0,0.0,5,27.5,22.5,85,996.1,288,18.5,-9900,-9900,0.0,0.0
2022,9,4,6,60,0.0,0.0,0.0,0.0,0.0,5,27.9,22.9,82,995.7,287,18.5,-9900,-9900,0.0,0.0
2022,9,4,7,60,0.0,0.0,0.0,0.0,0.0,5,28.2,23.2,80,995.3,285,18.5,-9900,-9900,0.0,0.0
2022,9,4,8,60,0.0,0.0,0.0,0.0,0.0,5,28.3,23.3,79,995.3,280,18.5,-9900,-9900,0.0,0.0
2022,9,4,9,60,0.0,0.0,0.0,0.0,0.0,5,28.4,23.4,78,995.4,274,18.5,-9900,-9900,0.0,0.0
2022,9,4,10,60,0.0,0.0,0.0,0.0,0.0,5,28.5,23.5,77,995.4,268,18.5,-9900,-9900,0.0,0.0
2022,9,4,11,60,0.0,0.0,0.0,0.0,0.0,5,27.6,22.6,80,996.3,277,16.7,-9900,-9900,0.0,0.0
2022,9,4,12,60,0.0,0.0,0.0,0.0,0.0,5,27.5,22.5,80,996.8,270,16.7,-9900,-9900,0.0,0.0
2022,9,4,13,60,0.0,0.0,0.0,0.0,0.0,5,27.4,22.4,80,997.3,261,14.8,-9900,-9900,0.0,0.0
2022,9,4,14,60,0.0,0.0,0.0,0.0,0.0,5,27.3,22.3,80,997.8,261,13.0,-9900,-9900,0.0,0.0
2022,9,4,15,60,0.0,0.0,0.0,0.0,0.0,5,27.2,22.2,80,998.2,260,13.0,-9900,-9900,0.0,0.0
2022,9,4,16,60,0.0,0.0,0.0,0.0,0.0,5,27.1,22.1,80,998.7,259,11.1,-9900,-9900,0.0,0.0
2022,9,4,17,60,0.0,0.0,0.0,0.0,0.0,5,27.1,22.1,80,999.0,257,11.1,-9900,-9900,0.0,0.0
2022,9,4,18,60,0.0,0.0,0.0,0.0,0.0,5,27.0,22.0,80,999.3,256,13.0,-9900,-9900,0.0,0.0
2022,9,4,19,60,0.0,0.0,0.0,0.0,0.0,5,26.9,21.9,81,999.6,254,13.0,-9900,-9900,0.0,0.0
2022,9,4,20,60,0.0,0.0,0.0,0.0,0.0,5,26.8,21.8,81,999.8,252,11.1,-9900,-9900,0.0,0.0
2022,9,4,21,60,0.0,0.0,0.0,0.0,0.0,5,26.7,21.7,81,1000.0,249,11.1,-9900,-9900,0.0,0.0
2022,9,4,22,60,0.0,0.0,0.0,0.0,0.0,5,26.6,21.6,81,1000.2,245,9.3,-9900,-9900,0.0,0.0
2022,9,4,23,60,0.0,0.0,0.0,0.0,0.0,5,27.7,22.7,79,1000.4,258,9.3,-9900,-9900,0.0,0.0
2022,9,4,24,60,0.0,0.0,0.0,0.0,0.0,5,28.2,23.2,77,1000.9,254,9.3,-9900,-9900,0.0,0.0
2022,9,5,1,60,0.0,0.0,0.0,0.0,0.0,5,28.7,23.7,75,1001.4,249,9.3,-9900,-9900,0.0,0.0
2022,9,5,2,60,0.0,0.0,0.0,0.0,0.0,5,30.0,25.0,70,1001.5,251,9.3,-9900,-9900,0.0,0.0
2022,9,5,3,60,0.0,0.0,0.0,0.0,0.0,5,31.4,26.4,65,1001.7,253,11.1,-9900,-9900,0.0,0.0
2022,9,5,4,60,0.0,0.0,0.0,0.0,0.0,5,32.7,27.7,60,1001.8,254,11.1,-9900,-9900,0.0,0.0
2022,9,5,5,60,0.0,0.0,0.0,0.0,0.0,5,32.7,27.7,60,1001.6,260,11.1,-9900,-9900,0.0,0.0
2022,9,5,6,60,0.0,0.0,0.0,0.0,0.0,5,33.0,28.0,60,1001.3,266,11.1,-9900,-9900,0.0,0.0
2022,9,5,7,60,0.0,0.0,0.0,0.0,0.0,5,33.2,28.2,60,1001.0,274,11.1,-9900,-9900,0.0,0.0
2022,9,5,8,60,0.0,0.0,0.0,0.0,0.0,5,32.7,27.7,62,1001.3,272,9.3,-9900,-9900,0.0,0.0
2022,9,5,9,60,0.0,0.0,0.0,0.0,0.0,5,32.1,27.1,64,1001.6,269,9.3,-9900,-9900,0.0,0.0
2022,9,5,10,60,0.0,0.0,0.0,0.0,0.0,5,31.6,26.6,65,1001.9,264,9.3,-9900,-9900,0.0,0.0
2022,9,5,11,60,0.0,0.0,0.0,0.0,0.0,5,30.5,25.5,72,1003.3,270,7.4,-9900,-9900,0.0,0.0
2022,9,5,12,60,0.0,0.0,0.0,0.0,0.0,5,30.1,25.1,72,1004.1,252,7.4,-9900,-9900,0.0,0.0
2022,9,5,13,60,0.0,0.0,0.0,0.0,0.0,5,29.7,24.7,72,1004.9,227,5.5,-9900,-9900,0.0,0.0
2022,9,5,14,60,0.0,0.0,0.0,0.0,0.0,5,29.4,24.4,73,1005.4,215,5.5,-9900,-9900,0.0,0.0
2022,9,5,15,60,0.0,0.0,0.0,0.0,0.0,5,29.2,24.2,74,1005.8,200,5.5,-9900,-9900,0.0,0.0
2022,9,5,16,60,0.0,0.0,0.0,0.0,0.0,5,28.9,23.9,75,1006.3,184,5.5,-9900,-9900,0.0,0.0
2022,9,5,17,60,0.0,0.0,0.0,0.0,0.0,5,27.0,22.0,87,1006.5,133,5.5,-9900,-9900,0.0,0.0
2022,9,5,18,60,0.0,0.0,0.0,0.0,0.0,5,26.9,21.9,87,1006.3,140,5.5,-9900,-9900,0.0,0.0
2022,9,5,19,60,0.0,0.0,0.0,0.0,0.0,5,26.8,21.8,86,1006.1,150,3.7,-9900,-9900,0.0,0.0
2022,9,5,20,60,0.0,0.0,0.0,0.0,0.0,5,26.9,21.9,85,1006.5,146,5.5,-9900,-9900,0.0,0.0
2022,9,5,21,60,0.0,0.0,0.0,0.0,0.0,5,26.9,21.9,84,1006.9,143,5.5,-9900,-9900,0.0,0.0
2022,9,5,22,60,0.0,0.0,0.0,0.0,0.0,5,26.9,21.9,83,1007.2,141,5.5,-9900,-9900,0.0,0.0
2022,9,5,23,60,0.0,0.0,0.0,0.0,0.0,5,27.2,22.2,81,1008.5,111,7.4,-9900,-9900,0.0,0.0
2022,9,5,24,60,0.0,0.0,0.0,0.0,0.0,5,27.6,22.6,78,1009.2,108,7.4,-9900,-9900,0.0,0.0
2022,9,6,1,60,0.0,0.0,0.0,0.0,0.0,5,28.0,23.0,76,1009.8,104,7.4,-9900,-9900,0.0,0.0
2022,9,6,2,60,0.0,0.0,0.0,0.0,0.0,5,28.8,23.8,72,1010.1,96,7.4,-9900,-9900,0.0,0.0
2022,9,6,3,60,0.0,0.0,0.0,0.0,0.0,5,29.7,24.7,69,1010.4,87,9.3,-9900,-9900,0.0,0.0
2022,9,6,4,60,0.0,0.0,0.0,0.0,0.0,5,30.5,25.5,66,1010.7,79,9.3,-9900,-9900,0.0,0.0
2022,9,6,5,60,0.0,0.0,0.0,0.0,0.0,5,28.6,23.6,72,1011.3,71,9.3,-9900,-9900,0.0,0.0
2022,9,6,6,60,0.0,0.0,0.0,0.0,0.0,5,29.0,24.0,69,1010.9,68,11.1,-9900,-9900,0.0,0.0
2022,9,6,7,60,0.0,0.0,0.0,0.0,0.0,5,29.3,24.3,68,1010.5,67,13.0,-9900,-9900,0.0,0.0
2022,9,6,8,60,0.0,0.0,0.0,0.0,0.0,5,28.9,23.9,69,1010.7,69,13.0,-9900,-9900,0.0,0.0
2022,9,6,9,60,0.0,0.0,0.0,0.0,0.0,5,28.5,23.5,71,1010.8,71,13.0,-9900,-9900,0.0,0.0
2022,9,6,10,60,0.0,0.0,0.0,0.0,0.0,5,28.1,23.1,73,1011.0,73,13.0,-9900,-9900,0.0,0.0
2022,9,6,11,60,0.0,0.0,0.0,0.0,0.0,5,27.2,22.2,73,1012.3,86,14.8,-9900,-9900,0.0,0.0
2022,9,6,12,60,0.0,0.0,0.0,0.0,0.0,5,26.9,21.9,76,1012.9,87,13.0,-9900,-9900,0.0,0.0
2022,9,6,13,60,0.0,0.0,0.0,0.0,0.0,5,26.6,21.6,78,1013.4,87,13.0,-9900,-9900,0.0,0.0
2022,9,6,14,60,0.0,0.0,0.0,0.0,0.0,5,26.6,21.6,78,1013.6,88,13.0,-9900,-9900,0.0,0.0
2022,9,6,15,60,0.0,0.0,0.0,0.0,0.0,5,26.6,21.6,78,1013.8,89,13.0,-9900,-9900,0.0,0.0
2022,9,6,16,60,0.0,0.0,0.0,0.0,0.0,5,26.5,21.5,79,1014.0,89,11.1,-9900,-9900,0.0,0.0
2022,9,6,17,60,0.0,0.0,0.0,0.0,0.0,5,26.7,21.7,74,1013.9,83,11.1,-9900,-9900,0.0,0.0
2022,9,6,18,60,0.0,0.0,0.0,0.0,0.0,5,26.7,21.7,74,1013.5,87,11.1,-9900,-9900,0.0,0.0
2022,9,6,19,60,0.0,0.0,0.0,0.0,0.0,5,26.6,21.6,75,1013.2,91,9.3,-9900,-9900,0.0,0.0
2022,9,6,20,60,0.0,0.0,0.0,0.0,0.0,5,26.5,21.5,75,1013.1,94,9.3,-9900,-9900,0.0,0.0
2022,9,6,21,60,0.0,0.0,0.0,0.0,0.0,5,26.4,21.4,76,1013.0,97,9.3,-9900,-9900,0.0,0.0
2022,9,6,22,60,0.0,0.0,0.0,0.0,0.0,5,26.3,21.3,77,1012.9,100,9.3,-9900,-9900,0.0,0.0
2022,9,6,23,60,0.0,0.0,0.0,0.0,0.0,5,26.3,21.3,79,1013.8,107,9.3,-9900,-9900,0.0,0.0
2022,9,6,24,60,0.0,0.0,0.0,0.0,0.0,5,26.7,21.7,78,1014.2,100,9.3,-9900,-9900,0.0,0.0
2022,9,7,1,60,0.0,0.0,0.0,0.0,0.0,5,27.1,22.1,77,1014.7,93,9.3,-9900,-9900,0.0,0.0
2022,9,7,2,60,0.0,0.0,0.0,0.0,0.0,5,27.8,22.8,74,1014.7,92,11.1,-9900,-9900,0.0,0.0
2022,9,7,3,60,0.0,0.0,0.0,0.0,0.0,5,28.6,23.6,70,1014.8,90,13.0,-9900,-9900,0.0,0.0
2022,9,7,4,60,0.0,0.0,0.0,0.0,0.0,5,29.3,24.3,67,1014.9,89,13.0,-9900,-9900,0.0,0.0
2022,9,7,5,60,0.0,0.0,0.0,0.0,0.0,5,29.7,24.7,64,1014.4,87,14.8,-9900,-9900,0.0,0.0
2022,9,7,6,60,0.0,0.0,0.0,0.0,0.0,5,30.0,25.0,62,1014.0,86,14.8,-9900,-9900,0.0,0.0
2022,9,7,7,60,0.0,0.0,0.0,0.0,0.0,5,30.4,25.4,59,1013.5,84,14.8,-9900,-9900,0.0,0.0
2022,9,7,8,60,0.0,0.0,0.0,0.0,0.0,5,29.7,24.7,60,1013.9,84,14.8,-9900,-9900,0.0,0.0
2022,9,7,9,60,0.0,0.0,0.0,0.0,0.0,5,29.0,24.0,61,1014.2,85,14.8,-9900,-9900,0.0,0.0
2022,9,7,10,60,0.0,0.0,0.0,0.0,0.0,5,28.3,23.3,62,1014.6,85,14.8,-9900,-9900,0.0,0.0
2022,9,7,11,60,0.0,0.0,0.0,0.0,0.0,5,27.1,22.1,69,1015.5,95,14.8,-9900,-9900,0.0,0.0
2022,9,7,12,60,0.0,0.0,0.0,0.0,0.0,5,26.8,21.8,69,1015.9,95,14.8,-9900,-9900,0.0,0.0
2022,9,7,13,60,0.0,0.0,0.0,0.0,0.0,5,26.5,21.5,70,1016.3,96,13.0,-9900,-9900,0.0,0.0
2022,9,7,14,60,0.0,0.0,0.0,0.0,0.0,5,26.3,21.3,70,1016.4,96,13.0,-9900,-9900,0.0,0.0
2022,9,7,15,60,0.0,0.0,0.0,0.0,0.0,5,26.0,21.0,70,1016.4,97,13.0,-9900,-9900,0.0,0.0
2022,9,7,16,60,0.0,0.0,0.0,0.0,0.0,5,25.8,20.8,70,1016.5,98,13.0,-9900,-9900,0.0,0.0
2022,9,7,17,60,0.0,0.0,0.0,0.0,0.0,5,26.5,21.5,70,1016.1,99,13.0,-9900,-9900,0.0,0.0
2022,9,7,18,60,0.0,0.0,0.0,0.0,0.0,5,26.3,21.3,71,1015.7,98,13.0,-9900,-9900,0.0,0.0
2022,9,7,19,60,0.0,0.0,0.0,0.0,0.0,5,26.1,21.1,70,1015.3,97,11.1,-9900,-9900,0.0,0.0
2022,9,7,20,60,0.0,0.0,0.0,0.0,0.0,5,25.8,20.8,72,1015.1,100,11.1,-9900,-9900,0.0,0.0
2022,9,7,21,60,0.0,0.0,0.0,0.0,0.0,5,25.6,20.6,73,1014.9,103,9.3,-9900,-9900,0.0,0.0
2022,9,7,22,60,0.0,0.0,0.0,0.0,0.0,5,25.4,20.4,73,1014.6,107,9.3,-9900,-9900,0.0,0.0
2022,9,7,23,60,0.0,0.0,0.0,0.0,0.0,5,26.1,21.1,74,1015.3,90,11.1,-9900,-9900,0.0,0.0
2022,9,7,24,60,0.0,0.0,0.0,0.0,0.0,5,26.8,21.8,71,1015.7,90,11.1,-9900,-9900,0.0,0.0
2022,9,8,1,60,0.0,0.0,0.0,0.0,0.0,5,27.6,22.6,69,1016.1,90,11.1,-9900,-9900,0.0,0.0
2022,9,8,2,60,0.0,0.0,0.0,0.0,0.0,5,28.6,23.6,64,1015.9,87,11.1,-9900,-9900,0.0,0.0
2022,9,8,3,60,0.0,0.0,0.0,0.0,0.0,5,29.6,24.6,60,1015.7,85,13.0,-9900,-9900,0.0,0.0
2022,9,8,4,60,0.0,0.0,0.0,0.0,0.0,5,30.6,25.6,56,1015.5,84,14.8,-9900,-9900,0.0,0.0
2022,9,8,5,60,0.0,0.0,0.0,0.0,0.0,5,30.2,25.2,53,1015.1,79,13.0,-9900,-9900,0.0,0.0
2022,9,8,6,60,0.0,0.0,0.0,0.0,0.0,5,30.6,25.6,53,1014.4,76,14.8,-9900,-9900,0.0,0.0
2022,9,8,7,60,0.0,0.0,0.0,0.0,0.0,5,31.1,26.1,52,1013.7,74,16.7,-9900,-9900,0.0,0.0
2022,9,8,8,60,0.0,0.0,0.0,0.0,0.0,5,30.3,25.3,54,1013.5,75,16.7,-9900,-9900,0.0,0.0
2022,9,8,9,60,0.0,0.0,0.0,0.0,0.0,5,29.4,24.4,56,1013.3,76,16.7,-9900,-9900,0.0,0.0
2022,9,8,10,60,0.0,0.0,0.0,0.0,0.0,5,28.6,23.6,59,1013.1,76,16.7,-9900,-9900,0.0,0.0
2022,9,8,11,60,0.0,0.0,0.0,0.0,0.0,5,27.8,22.8,62,1014.4,84,16.7,-9900,-9900,0.0,0.0
2022,9,8,12,60,0.0,0.0,0.0,0.0,0.0,5,27.4,22.4,64,1014.8,88,14.8,-9900,-9900,0.0,0.0
2022,9,8,13,60,0.0,0.0,0.0,0.0,0.0,5,26.9,21.9,66,1015.1,92,13.0,-9900,-9900,0.0,0.0
2022,9,8,14,60,0.0,0.0,0.0,0.0,0.0,5,26.8,21.8,68,1015.1,93,13.0,-9900,-9900,0.0,0.0
2022,9,8,15,60,0.0,0.0,0.0,0.0,0.0,5,26.6,21.6,69,1015.2,94,13.0,-9900,-9900,0.0,0.0
2022,9,8,16,60,0.0,0.0,0.0,0.0,0.0,5,26.4,21.4,71,1015.2,95,11.1,-9900,-9900,0.0,0.0
2022,9,8,17,60,0.0,0.0,0.0,0.0,0.0,5,26.1,21.1,67,1014.7,106,11.1,-9900,-9900,0.0,0.0
2022,9,8,18,60,0.0,0.0,0.0,0.0,0.0,5,25.9,20.9,68,1014.4,105,9.3,-9900,-9900,0.0,0.0
2022,9,8,19,60,0.0,0.0,0.0,0.0,0.0,5,25.6,20.6,70,1014.2,104,9.3,-9900,-9900,0.0,0.0
2022,9,8,20,60,0.0,0.0,0.0,0.0,0.0,5,25.3,20.3,70,1013.9,108,9.3,-9900,-9900,0.0,0.0
2022,9,8,21,60,0.0,0.0,0.0,0.0,0.0,5,25.0,20.0,72,1013.7,112,7.4,-9900,-9900,0.0,0.0
2022,9,8,22,60,0.0,0.0,0.0,0.0,0.0,5,24.7,19.7,72,1013.5,117,7.4,-9900,-9900,0.0,0.0
2022,9,8,23,60,0.0,0.0,0.0,0.0,0.0,5,25.6,20.6,71,1014.2,123,7.4,-9900,-9900,0.0,0.0
2022,9,8,24,60,0.0,0.0,0.0,0.0,0.0,5,26.6,21.6,68,1014.3,113,7.4,-9900,-9900,0.0,0.0
2022,9,9,1,60,0.0,0.0,0.0,0.0,0.0,5,27.5,22.5,65,1014.5,103,7.4,-9900,-9900,0.0,0.0
2022,9,9,2,60,0.0,0.0,0.0,0.0,0.0,5,28.6,23.6,59,1014.1,92,9.3,-9900,-9900,0.0,0.0
2022,9,9,3,60,0.0,0.0,0.0,0.0,0.0,5,29.6,24.6,55,1013.8,85,11.1,-9900,-9900,0.0,0.0
2022,9,9,4,60,0.0,0.0,0.0,0.0,0.0,5,30.7,25.7,51,1013.5,80,13.0,-9900,-9900,0.0,0.0
2022,9,9,5,60,0.0,0.0,0.0,0.0,0.0,5,30.2,25.2,55,1013.2,72,13.0,-9900,-9900,0.0,0.0
2022,9,9,6,60,0.0,0.0,0.0,0.0,0.0,5,30.8,25.8,53,1012.5,69,13.0,-9900,-9900,0.0,0.0
2022,9,9,7,60,0.0,0.0,0.0,0.0,0.0,5,31.3,26.3,52,1011.8,66,14.8,-9900,-9900,0.0,0.0
2022,9,9,8,60,0.0,0.0,0.0,0.0,0.0,5,30.4,25.4,54,1011.7,68,14.8,-9900,-9900,0.0,0.0
2022,9,9,9,60,0.0,0.0,0.0,0.0,0.0,5,29.6,24.6,56,1011.6,69,16.7,-9900,-9900,0.0,0.0
2022,9,9,10,60,0.0,0.0,0.0,0.0,0.0,5,28.7,23.7,58,1011.5,70,16.7,-9900,-9900,0.0,0.0
2022,9,9,11,60,0.0,0.0,0.0,0.0,0.0,5,27.8,22.8,64,1012.4,89,16.7,-9900,-9900,0.0,0.0
2022,9,9,12,60,0.0,0.0,0.0,0.0,0.0,5,27.3,22.3,65,1012.8,89,14.8,-9900,-9900,0.0,0.0
2022,9,9,13,60,0.0,0.0,0.0,0.0,0.0,5,26.8,21.8,67,1013.2,88,14.8,-9900,-9900,0.0,0.0
2022,9,9,14,60,0.0,0.0,0.0,0.0,0.0,5,26.6,21.6,68,1013.2,90,13.0,-9900,-9900,0.0,0.0
2022,9,9,15,60,0.0,0.0,0.0,0.0,0.0,5,26.4,21.4,68,1013.1,91,13.0,-9900,-9900,0.0,0.0
2022,9,9,16,60,0.0,0.0,0.0,0.0,0.0,5,26.1,21.1,70,1013.1,93,13.0,-9900,-9900,0.0,0.0
2022,9,9,17,60,0.0,0.0,0.0,0.0,0.0,5,25.9,20.9,70,1012.8,96,11.1,-9900,-9900,0.0,0.0
2022,9,9,18,60,0.0,0.0,0.0,0.0,0.0,5,25.7,20.7,70,1012.4,99,11.1,-9900,-9900,0.0,0.0
2022,9,9,19,60,0.0,0.0,0.0,0.0,0.0,5,25.5,20.5,71,1012.1,103,9.3,-9900,-9900,0.0,0.0
2022,9,9,20,60,0.0,0.0,0.0,0.0,0.0,5,25.3,20.3,72,1011.9,105,9.3,-9900,-9900,0.0,0.0
2022,9,9,21,60,0.0,0.0,0.0,0.0,0.0,5,25.0,20.0,72,1011.8,107,9.3,-9900,-9900,0.0,0.0
2022,9,9,22,60,0.0,0.0,0.0,0.0,0.0,5,24.8,19.8,73,1011.6,110,7.4,-9900,-9900,0.0,0.0
2022,9,9,23,60,0.0,0.0,0.0,0.0,0.0,5,25.4,20.4,69,1012.2,108,7.4,-9900,-9900,0.0,0.0
2022,9,9,24,60,0.0,0.0,0.0,0.0,0.0,5,26.2,21.2,67,1012.4,103,7.4,-9900,-9900,0.0,0.0
2022,9,10,1,60,0.0,0.0,0.0,0.0,0.0,5,27.0,22.0,66,1012.6,98,7.4,-9900,-9900,0.0,0.0
2022,9,10,2,60,0.0,0.0,0.0,0.0,0.0,5,28.0,23.0,62,1012.4,89,7.4,-9900,-9900,0.0,0.0
2022,9,10,3,60,0.0,0.0,0.0,0.0,0.0,5,29.0,24.0,58,1012.1,82,9.3,-9900,-9900,0.0,0.0
2022,9,10,4,60,0.0,0.0,0.0,0.0,0.0,5,30.1,25.1,54,1011.8,76,11.1,-9900,-9900,0.0,0.0
2022,9,10,5,60,0.0,0.0,0.0,0.0,0.0,5,29.6,24.6,56,1011.3,59,9.3,-9900,-9900,0.0,0.0
2022,9,10,6,60,0.0,0.0,0.0,0.0,0.0,5,30.1,25.1,54,1010.6,59,11.1,-9900,-9900,0.0,0.0
2022,9,10,7,60,0.0,0.0,0.0,0.0,0.0,5,30.5,25.5,53,1009.8,58,13.0,-9900,-9900,0.0,0.0
2022,9,10,8,60,0.0,0.0,0.0,0.0,0.0,5,29.9,24.9,55,1009.8,62,13.0,-9900,-9900,0.0,0.0
2022,9,10,9,60,0.0,0.0,0.0,0.0,0.0,5,29.2,24.2,57,1009.7,65,14.8,-9900,-9900,0.0,0.0
2022,9,10,10,60,0.0,0.0,0.0,0.0,0.0,5,28.5,23.5,59,1009.6,68,14.8,-9900,-9900,0.0,0.0
2022,9,10,11,60,0.0,0.0,0.0,0.0,0.0,5,27.5,22.5,64,1009.9,78,14.8,-9900,-9900,0.0,0.0
2022,9,10,12,60,0.0,0.0,0.0,0.0,0.0,5,27.2,22.2,66,1010.2,81,13.0,-9900,-9900,0.0,0.0
2022,9,10,13,60,0.0,0.0,0.0,0.0,0.0,5,26.8,21.8,68,1010.5,85,11.1,-9900,-9900,0.0,0.0
2022,9,10,14,60,0.0,0.0,0.0,0.0,0.0,5,26.7,21.7,68,1010.5,87,11.1,-9900,-9900,0.0,0.0
2022,9,10,15,60,0.0,0.0,0.0,0.0,0.0,5,26.5,21.5,70,1010.5,91,9.3,-9900,-9900,0.0,0.0
2022,9,10,16,60,0.0,0.0,0.0,0.0,0.0,5,26.4,21.4,71,1010.4,95,9.3,-9900,-9900,0.0,0.0
2022,9,10,17,60,0.0,0.0,0.0,0.0,0.0,5,26.4,21.4,71,1010.2,112,9.3,-9900,-9900,0.0,0.0
2022,9,10,18,60,0.0,0.0,0.0,0.0,0.0,5,26.2,21.2,72,1009.6,113,7.4,-9900,-9900,0.0,0.0
2022,9,10,19,60,0.0,0.0,0.0,0.0,0.0,5,26.0,21.0,73,1009.0,113,5.5,-9900,-9900,0.0,0.0
2022,9,10,20,60,0.0,0.0,0.0,0.0,0.0,5,25.7,20.7,74,1008.7,117,5.5,-9900,-9900,0.0,0.0
2022,9,10,21,60,0.0,0.0,0.0,0.0,0.0,5,25.5,20.5,75,1008.5,123,5.5,-9900,-9900,0.0,0.0
2022,9,10,22,60,0.0,0.0,0.0,0.0,0.0,5,25.2,20.2,77,1008.2,130,3.7,-9900,-9900,0.0,0.0
2022,9,10,23,60,0.0,0.0,0.0,0.0,0.0,5,25.8,20.8,75,1008.6,159,5.5,-9900,-9900,0.0,0.0
2022,9,10,24,60,0.0,0.0,0.0,0.0,0.0,5,26.1,21.1,74,1008.8,155,5.5,-9900,-9900,0.0,0.0
2022,9,11,1,60,0.0,0.0,0.0,0.0,0.0,5,26.5,21.5,74,1009.0,143,5.5,-9900,-9900,0.0,0.0
2022,9,11,2,60,0.0,0.0,0.0,0.0,0.0,5,26.9,21.9,73,1008.8,85,5.5,-9900,-9900,0.0,0.0
2022,9,11,3,60,0.0,0.0,0.0,0.0,0.0,5,27.3,22.3,72,1008.6,64,7.4,-9900,-9900,0.0,0.0
2022,9,11,4,60,0.0,0.0,0.0,0.0,0.0,5,27.7,22.7,71,1008.4,56,7.4,-9900,-9900,0.0,0.0
2022,9,11,5,60,0.0,0.0,0.0,0.0,0.0,5,26.6,21.6,84,1007.6,25,7.4,-9900,-9900,0.0,0.0
2022,9,11,6,60,0.0,0.0,0.0,0.0,0.0,5,26.8,21.8,83,1006.9,26,7.4,-9900,-9900,0.0,0.0
2022,9,11,7,60,0.0,0.0,0.0,0.0,0.0,5,26.9,21.9,82,1006.2,26,7.4,-9900,-9900,0.0,0.0
2022,9,11,8,60,0.0,0.0,0.0,0.0,0.0,5,26.7,21.7,82,1006.0,23,7.4,-9900,-9900,0.0,0.0
2022,9,11,9,60,0.0,0.0,0.0,0.0,0.0,5,26.5,21.5,81,1005.8,20,7.4,-9900,-9900,0.0,0.0
2022,9,11,10,60,0.0,0.0,0.0,0.0,0.0,5,26.3,21.3,81,1005.6,17,7.4,-9900,-9900,0.0,0.0
2022,9,11,11,60,0.0,0.0,0.0,0.0,0.0,5,25.8,20.8,88,1006.4,79,5.5,-9900,-9900,0.0,0.0
2022,9,11,12,60,0.0,0.0,0.0,0.0,0.0,5,25.8,20.8,87,1006.6,74,5.5,-9900,-9900,0.0,0.0
2022,9,11,13,60,0.0,0.0,0.0,0.0,0.0,5,25.7,20.7,87,1006.9,71,5.5,-9900,-9900,0.0,0.0
2022,9,11,14,60,0.0,0.0,0.0,0.0,0.0,5,25.7,20.7,86,1006.7,53,5.5,-9900,-9900,0.0,0.0
2022,9,11,15,60,0.0,0.0,0.0,0.0,0.0,5,25.7,20.7,86,1006.5,16,5.5,-9900,-9900,0.0,0.0
2022,9,11,16,60,0.0,0.0,0.0,0.0,0.0,5,25.8,20.8,86,1006.3,337,5.5,-9900,-9900,0.0,0.0
2022,9,11,17,60,0.0,0.0,0.0,0.0,0.0,5,25.4,20.4,94,1005.8,2,5.5,-9900,-9900,0.0,0.0
2022,9,11,18,60,0.0,0.0,0.0,0.0,0.0,5,25.3,20.3,94,1005.1,354,5.5,-9900,-9900,0.0,0.0
2022,9,11,19,60,0.0,0.0,0.0,0.0,0.0,5,25.2,20.2,94,1004.4,331,5.5,-9900,-9900,0.0,0.0
2022,9,11,20,60,0.0,0.0,0.0,0.0,0.0,5,25.0,20.0,94,1004.3,318,5.5,-9900,-9900,0.0,0.0
2022,9,11,21,60,0.0,0.0,0.0,0.0,0.0,5,24.9,19.9,94,1004.2,310,5.5,-9900,-9900,0.0,0.0
2022,9,11,22,60,0.0,0.0,0.0,0.0,0.0,5,24.7,19.7,94,1004.2,304,5.5,-9900,-9900,0.0,0.0
2022,9,11,23,60,0.0,0.0,0.0,0.0,0.0,5,24.7,19.7,98,1004.6,229,5.5,-9900,-9900,0.0,0.0
2022,9,11,24,60,0.0,0.0,0.0,0.0,0.0,5,24.9,19.9,95,1004.7,262,5.5,-9900,-9900,0.0,0.0
2022,9,12,1,60,0.0,0.0,0.0,0.0,0.0,5,25.0,20.0,93,1004.9,284,5.5,-9900,-9900,0.0,0.0
2022,9,12,2,60,0.0,0.0,0.0,0.0,0.0,5,25.4,20.4,91,1004.7,296,7.4,-9900,-9900,0.0,0.0
2022,9,12,3,60,0.0,0.0,0.0,0.0,0.0,5,25.8,20.8,89,1004.4,308,7.4,-9900,-9900,0.0,0.0
2022,9,12,4,60,0.0,0.0,0.0,0.0,0.0,5,26.2,21.2,87,1004.2,318,7.4,-9900,-9900,0.0,0.0
2022,9,12,5,60,0.0,0.0,0.0,0.0,0.0,5,26.5,21.5,86,1003.9,320,7.4,-9900,-9900,0.0,0.0
2022,9,12,6,60,0.0,0.0,0.0,0.0,0.0,5,26.7,21.7,85,1003.6,322,7.4,-9900,-9900,0.0,0.0
2022,9,12,7,60,0.0,0.0,0.0,0.0,0.0,5,27.0,22.0,84,1003.3,323,7.4,-9900,-9900,0.0,0.0
2022,9,12,8,60,0.0,0.0,0.0,0.0,0.0,5,26.8,21.8,84,1003.3,318,7.4,-9900,-9900,0.0,0.0
2022,9,12,9,60,0.0,0.0,0.0,0.0,0.0,5,26.7,21.7,83,1003.3,314,7.4,-9900,-9900,0.0,0.0
2022,9,12,10,60,0.0,0.0,0.0,0.0,0.0,5,26.5,21.5,83,1003.3,310,9.3,-9900,-9900,0.0,0.0
2022,9,12,11,60,0.0,0.0,0.0,0.0,0.0,5,26.3,21.3,89,1003.4,302,7.4,-9900,-9900,0.0,0.0
2022,9,12,12,60,0.0,0.0,0.0,0.0,0.0,5,26.1,21.1,89,1003.8,307,7.4,-9900,-9900,0.0,0.0
2022,9,12,13,60,0.0,0.0,0.0,0.0,0.0,5,25.9,20.9,88,1004.1,311,7.4,-9900,-9900,0.0,0.0
2022,9,12,14,60,0.0,0.0,0.0,0.0,0.0,5,25.7,20.7,89,1004.3,306,7.4,-9900,-9900,0.0,0.0
2022,9,12,15,60,0.0,0.0,0.0,0.0,0.0,5,25.6,20.6,88,1004.5,302,9.3,-9900,-9900,0.0,0.0
2022,9,12,16,60,0.0,0.0,0.0,0.0,0.0,5,25.4,20.4,89,1004.7,299,9.3,-9900,-9900,0.0,0.0
2022,9,12,17,60,0.0,0.0,0.0,0.0,0.0,5,25.2,20.2,92,1004.2,309,14.8,-9900,-9900,0.0,0.0
2022,9,12,18,60,0.0,0.0,0.0,0.0,0.0,5,25.1,20.1,93,1003.5,307,13.0,-9900,-9900,0.0,0.0
2022,9,12,19,60,0.0,0.0,0.0,0.0,0.0,5,25.1,20.1,92,1002.9,304,9.3,-9900,-9900,0.0,0.0
2022,9,12,20,60,0.0,0.0,0.0,0.0,0.0,5,24.9,19.9,93,1003.2,300,9.3,-9900,-9900,0.0,0.0
2022,9,12,21,60,0.0,0.0,0.0,0.0,0.0,5,24.7,19.7,94,1003.4,295,9.3,-9900,-9900,0.0,0.0
2022,9,12,22,60,0.0,0.0,0.0,0.0,0.0,5,24.5,19.5,94,1003.6,289,7.4,-9900,-9900,0.0,0.0
2022,9,12,23,60,0.0,0.0,0.0,0.0,0.0,5,24.8,19.8,95,1004.0,295,11.1,-9900,-9900,0.0,0.0
2022,9,12,24,60,0.0,0.0,0.0,0.0,0.0,5,24.8,19.8,93,1004.4,295,11.1,-9900,-9900,0.0,0.0
2022,9,13,1,60,0.0,0.0,0.0,0.0,0.0,5,24.8,19.8,92,1004.8,295,11.1,-9900,-9900,0.0,0.0
2022,9,13,2,60,0.0,0.0,0.0,0.0,0.0,5,25.3,20.3,89,1004.8,297,11.1,-9900,-9900,0.0,0.0
2022,9,13,3,60,0.0,0.0,0.0,0.0,0.0,5,25.9,20.9,87,1004.7,299,11.1,-9900,-9900,0.0,0.0
2022,9,13,4,60,0.0,0.0,0.0,0.0,0.0,5,26.4,21.4,84,1004.6,301,11.1,-9900,-9900,0.0,0.0
2022,9,13,5,60,0.0,0.0,0.0,0.0,0.0,5,26.8,21.8,82,1004.3,311,13.0,-9900,-9900,0.0,0.0
2022,9,13,6,60,0.0,0.0,0.0,0.0,0.0,5,27.0,22.0,81,1004.0,307,13.0,-9900,-9900,0.0,0.0
2022,9,13,7,60,0.0,0.0,0.0,0.0,0.0,5,27.1,22.1,80,1003.6,303,13.0,-9900,-9900,0.0,0.0
2022,9,13,8,60,0.0,0.0,0.0,0.0,0.0,5,27.0,22.0,80,1003.7,302,11.1,-9900,-9900,0.0,0.0
2022,9,13,9,60,0.0,0.0,0.0,0.0,0.0,5,26.9,21.9,79,1003.7,300,11.1,-9900,-9900,0.0,0.0
2022,9,13,10,60,0.0,0.0,0.0,0.0,0.0,5,26.8,21.8,79,1003.7,298,11.1,-9900,-9900,0.0,0.0
2022,9,13,11,60,0.0,0.0,0.0,0.0,0.0,5,26.9,21.9,82,1004.4,302,13.0,-9900,-9900,0.0,0.0
2022,9,13,12,60,0.0,0.0,0.0,0.0,0.0,5,26.6,21.6,82,1004.7,295,11.1,-9900,-9900,0.0,0.0
2022,9,13,13,60,0.0,0.0,0.0,0.0,0.0,5,26.2,21.2,83,1005.0,287,11.1,-9900,-9900,0.0,0.0
2022,9,13,14,60,0.0,0.0,0.0,0.0,0.0,5,26.0,21.0,84,1005.1,283,9.3,-9900,-9900,0.0,0.0
2022,9,13,15,60,0.0,0.0,0.0,0.0,0.0,5,25.7,20.7,84,1005.3,278,9.3,-9900,-9900,0.0,0.0
2022,9,13,16,60,0.0,0.0,0.0,0.0,0.0,5,25.4,20.4,85,1005.4,272,7.4,-9900,-9900,0.0,0.0
2022,9,13,17,60,0.0,0.0,0.0,0.0,0.0,5,25.3,20.3,89,1005.2,302,11.1,-9900,-9900,0.0,0.0
2022,9,13,18,60,0.0,0.0,0.0,0.0,0.0,5,25.3,20.3,89,1005.0,290,11.1,-9900,-9900,0.0,0.0
2022,9,13,19,60,0.0,0.0,0.0,0.0,0.0,5,25.3,20.3,88,1004.7,280,11.1,-9900,-9900,0.0,0.0
2022,9,13,20,60,0.0,0.0,0.0,0.0,0.0,5,25.2,20.2,88,1004.7,273,9.3,-9900,-9900,0.0,0.0
2022,9,13,21,60,0.0,0.0,0.0,0.0,0.0,5,25.1,20.1,88,1004.6,264,9.3,-9900,-9900,0.0,0.0
2022,9,13,22,60,0.0,0.0,0.0,0.0,0.0,5,25.0,20.0,88,1004.6,252,7.4,-9900,-9900,0.0,0.0
2022,9,13,23,60,0.0,0.0,0.0,0.0,0.0,5,24.7,19.7,91,1004.6,247,5.5,-9900,-9900,0.0,0.0
2022,9,13,24,60,0.0,0.0,0.0,0.0,0.0,5,25.4,20.4,87,1005.0,250,7.4,-9900,-9900,0.0,0.0
2022,9,14,1,60,0.0,0.0,0.0,0.0,0.0,5,26.0,21.0,83,1005.4,251,7.4,-9900,-9900,0.0,0.0
2022,9,14,2,60,0.0,0.0,0.0,0.0,0.0,5,27.9,22.9,74,1005.0,252,7.4,-9900,-9900,0.0,0.0
2022,9,14,3,60,0.0,0.0,0.0,0.0,0.0,5,29.7,24.7,66,1004.6,252,7.4,-9900,-9900,0.0,0.0
2022,9,14,4,60,0.0,0.0,0.0,0.0,0.0,5,31.6,26.6,59,1004.2,253,9.3,-9900,-9900,0.0,0.0
2022,9,14,5,60,0.0,0.0,0.0,0.0,0.0,5,31.9,26.9,64,1003.7,272,9.3,-9900,-9900,0.0,0.0
2022,9,14,6,60,0.0,0.0,0.0,0.0,0.0,5,32.2,27.2,62,1003.2,276,9.3,-9900,-9900,0.0,0.0
2022,9,14,7,60,0.0,0.0,0.0,0.0,0.0,5,32.6,27.6,60,1002.7,281,9.3,-9900,-9900,0.0,0.0
2022,9,14,8,60,0.0,0.0,0.0,0.0,0.0,5,31.9,26.9,61,1002.8,278,7.4,-9900,-9900,0.0,0.0
2022,9,14,9,60,0.0,0.0,0.0,0.0,0.0,5,31.2,26.2,62,1002.8,274,7.4,-9900,-9900,0.0,0.0
2022,9,14,10,60,0.0,0.0,0.0,0.0,0.0,5,30.5,25.5,64,1002.9,264,5.5,-9900,-9900,0.0,0.0
2022,9,14,11,60,0.0,0.0,0.0,0.0,0.0,5,29.8,24.8,65,1004.0,298,7.4,-9900,-9900,0.0,0.0
2022,9,14,12,60,0.0,0.0,0.0,0.0,0.0,5,29.2,24.2,67,1004.6,292,5.5,-9900,-9900,0.0,0.0
2022,9,14,13,60,0.0,0.0,0.0,0.0,0.0,5,28.6,23.6,70,1005.1,158,5.5,-9900,-9900,0.0,0.0
2022,9,14,14,60,0.0,0.0,0.0,0.0,0.0,5,28.3,23.3,71,1005.2,166,5.5,-9900,-9900,0.0,0.0
2022,9,14,15,60,0.0,0.0,0.0,0.0,0.0,5,27.9,22.9,73,1005.3,167,5.5,-9900,-9900,0.0,0.0
2022,9,14,16,60,0.0,0.0,0.0,0.0,0.0,5,27.6,22.6,74,1005.4,168,5.5,-9900,-9900,0.0,0.0
2022,9,14,17,60,0.0,0.0,0.0,0.0,0.0,5,26.7,21.7,78,1005.2,170,5.5,-9900,-9900,0.0,0.0
2022,9,14,18,60,0.0,0.0,0.0,0.0,0.0,5,26.4,21.4,79,1005.0,175,5.5,-9900,-9900,0.0,0.0
2022,9,14,19,60,0.0,0.0,0.0,0.0,0.0,5,26.2,21.2,79,1004.9,180,5.5,-9900,-9900,0.0,0.0
2022,9,14,20,60,0.0,0.0,0.0,0.0,0.0,5,25.9,20.9,80,1005.0,182,5.5,-9900,-9900,0.0,0.0
2022,9,14,21,60,0.0,0.0,0.0,0.0,0.0,5,25.7,20.7,81,1005.0,184,5.5,-9900,-9900,0.0,0.0
2022,9,14,22,60,0.0,0.0,0.0,0.0,0.0,5,25.5,20.5,81,1005.0,186,5.5,-9900,-9900,0.0,0.0
2022,9,14,23,60,0.0,0.0,0.0,0.0,0.0,5,26.2,21.2,78,1005.4,185,5.5,-9900,-9900,0.0,0.0
2022,9,14,24,60,0.0,0.0,0.0,0.0,0.0,5,26.8,21.8,76,1005.8,184,5.5,-9900,-9900,0.0,0.0
2022,9,15,1,60,0.0,0.0,0.0,0.0,0.0,5,27.4,22.4,73,1006.2,183,3.7,-9900,-9900,0.0,0.0
2022,9,15,2,60,0.0,0.0,0.0,0.0,0.0,5,29.1,24.1,66,1005.9,190,3.7,-9900,-9900,0.0,0.0
2022,9,15,3,60,0.0,0.0,0.0,0.0,0.0,5,30.7,25.7,60,1005.6,201,3.7,-9900,-9900,0.0,0.0
2022,9,15,4,60,0.0,0.0,0.0,0.0,0.0,5,32.4,27.4,55,1005.3,218,3.7,-9900,-9900,0.0,0.0
2022,9,15,5,60,0.0,0.0,0.0,0.0,0.0,5,32.0,27.0,56,1004.7,296,5.5,-9900,-9900,0.0,0.0
2022,9,15,6,60,0.0,0.0,0.0,0.0,0.0,5,31.9,26.9,57,1004.2,332,5.5,-9900,-9900,0.0,0.0
2022,9,15,7,60,0.0,0.0,0.0,0.0,0.0,5,31.8,26.8,59,1003.7,345,5.5,-9900,-9900,0.0,0.0
2022,9,15,8,60,0.0,0.0,0.0,0.0,0.0,5,31.2,26.2,61,1003.6,28,7.4,-9900,-9900,0.0,0.0
2022,9,15,9,60,0.0,0.0,0.0,0.0,0.0,5,30.7,25.7,62,1003.5,69,7.4,-9900,-9900,0.0,0.0
2022,9,15,10,60,0.0,0.0,0.0,0.0,0.0,5,30.1,25.1,65,1003.5,88,7.4,-9900,-9900,0.0,0.0
2022,9,15,11,60,0.0,0.0,0.0,0.0,0.0,5,28.9,23.9,71,1004.5,91,9.3,-9900,-9900,0.0,0.0
2022,9,15,12,60,0.0,0.0,0.0,0.0,0.0,5,28.4,23.4,73,1004.9,100,9.3,-9900,-9900,0.0,0.0
2022,9,15,13,60,0.0,0.0,0.0,0.0,0.0,5,28.0,23.0,74,1005.3,111,9.3,-9900,-9900,0.0,0.0
2022,9,15,14,60,0.0,0.0,0.0,0.0,0.0,5,27.8,22.8,75,1005.3,116,7.4,-9900,-9900,0.0,0.0
2022,9,15,15,60,0.0,0.0,0.0,0.0,0.0,5,27.6,22.6,76,1005.3,122,7.4,-9900,-9900,0.0,0.0
2022,9,15,16,60,0.0,0.0,0.0,0.0,0.0,5,27.4,22.4,77,1005.3,130,7.4,-9900,-9900,0.0,0.0
2022,9,15,17,60,0.0,0.0,0.0,0.0,0.0,5,26.1,21.1,86,1005.0,134,7.4,-9900,-9900,0.0,0.0
2022,9,15,18,60,0.0,0.0,0.0,0.0,0.0,5,25.9,20.9,86,1004.8,142,7.4,-9900,-9900,0.0,0.0
2022,9,15,19,60,0.0,0.0,0.0,0.0,0.0,5,25.7,20.7,86,1004.6,152,5.5,-9900,-9900,0.0,0.0
2022,9,15,20,60,0.0,0.0,0.0,0.0,0.0,5,25.6,20.6,86,1004.7,160,5.5,-9900,-9900,0.0,0.0
2022,9,15,21,60,0.0,0.0,0.0,0.0,0.0,5,25.5,20.5,86,1004.9,169,5.5,-9900,-9900,0.0,0.0
2022,9,15,22,60,0.0,0.0,0.0,0.0,0.0,5,25.3,20.3,87,1005.0,179,5.5,-9900,-9900,0.0,0.0
2022,9,15,23,60,0.0,0.0,0.0,0.0,0.0,5,25.7,20.7,75,1005.4,179,5.5,-9900,-9900,0.0,0.0
2022,9,15,24,60,0.0,0.0,0.0,0.0,0.0,5,26.4,21.4,74,1005.8,176,5.5,-9900,-9900,0.0,0.0
2022,9,16,1,60,0.0,0.0,0.0,0.0,0.0,5,27.1,22.1,72,1006.2,170,3.7,-9900,-9900,0.0,0.0
2022,9,16,2,60,0.0,0.0,0.0,0.0,0.0,5,28.5,23.5,68,1006.1,179,3.7,-9900,-9900,0.0,0.0
2022,9,16,3,60,0.0,0.0,0.0,0.0,0.0,5,30.0,25.0,63,1005.9,203,3.7,-9900,-9900,0.0,0.0
2022,9,16,4,60,0.0,0.0,0.0,0.0,0.0,5,31.4,26.4,59,1005.8,266,3.7,-9900,-9900,0.0,0.0
2022,9,16,5,60,0.0,0.0,0.0,0.0,0.0,5,31.2,26.2,59,1005.6,17,5.5,-9900,-9900,0.0,0.0
2022,9,16,6,60,0.0,0.0,0.0,0.0,0.0,5,31.4,26.4,59,1005.0,5,5.5,-9900,-9900,0.0,0.0
2022,9,16,7,60,0.0,0.0,0.0,0.0,0.0,5,31.6,26.6,59,1004.4,359,7.4,-9900,-9900,0.0,0.0
2022,9,16,8,60,0.0,0.0,0.0,0.0,0.0,5,30.9,25.9,61,1004.3,29,7.4,-9900,-9900,0.0,0.0
2022,9,16,9,60,0.0,0.0,0.0,0.0,0.0,5,30.3,25.3,62,1004.2,63,7.4,-9900,-9900,0.0,0.0
2022,9,16,10,60,0.0,0.0,0.0,0.0,0.0,5,29.6,24.6,64,1004.1,84,7.4,-9900,-9900,0.0,0.0
2022,9,16,11,60,0.0,0.0,0.0,0.0,0.0,5,29.6,24.6,64,1004.8,349,9.3,-9900,-9900,0.0,0.0
2022,9,16,12,60,0.0,0.0,0.0,0.0,0.0,5,28.9,23.9,67,1005.3,36,7.4,-9900,-9900,0.0,0.0
2022,9,16,13,60,0.0,0.0,0.0,0.0,0.0,5,28.3,23.3,70,1005.8,107,7.4,-9900,-9900,0.0,0.0
2022,9,16,14,60,0.0,0.0,0.0,0.0,0.0,5,27.9,22.9,71,1005.9,122,7.4,-9900,-9900,0.0,0.0
2022,9,16,15,60,0.0,0.0,0.0,0.0,0.0,5,27.5,22.5,73,1005.9,136,5.5,-9900,-9900,0.0,0.0
2022,9,16,16,60,0.0,0.0,0.0,0.0,0.0,5,27.1,22.1,74,1006.0,147,5.5,-9900,-9900,0.0,0.0
2022,9,16,17,60,0.0,0.0,0.0,0.0,0.0,5,26.6,21.6,78,1005.9,131,9.3,-9900,-9900,0.0,0.0
2022,9,16,18,60,0.0,0.0,0.0,0.0,0.0,5,26.3,21.3,78,1005.7,145,7.4,-9900,-9900,0.0,0.0
2022,9,16,19,60,0.0,0.0,0.0,0.0,0.0,5,25.9,20.9,79,1005.5,163,5.5,-9900,-9900,0.0,0.0
2022,9,16,20,60,0.0,0.0,0.0,0.0,0.0,5,25.7,20.7,80,1005.7,172,5.5,-9900,-9900,0.0,0.0
2022,9,16,21,60,0.0,0.0,0.0,0.0,0.0,5,25.4,20.4,81,1005.9,183,5.5,-9900,-9900,0.0,0.0
2022,9,16,22,60,0.0,0.0,0.0,0.0,0.0,5,25.1,20.1,82,1006.1,193,5.5,-9900,-9900,0.0,0.0
2022,9,16,23,60,0.0,0.0,0.0,0.0,0.0,5,25.6,20.6,76,1006.7,198,5.5,-9900,-9900,0.0,0.0
2022,9,16,24,60,0.0,0.0,0.0,0.0,0.0,5,26.3,21.3,74,1007.1,199,5.5,-9900,-9900,0.0,0.0
2022,9,17,1,60,0.0,0.0,0.0,0.0,0.0,5,27.1,22.1,72,1007.5,200,3.7,-9900,-9900,0.0,0.0
2022,9,17,2,60,0.0,0.0,0.0,0.0,0.0,5,28.4,23.4,67,1007.2,234,3.7,-9900,-9900,0.0,0.0
2022,9,17,3,60,0.0,0.0,0.0,0.0,0.0,5,29.6,24.6,63,1006.8,284,3.7,-9900,-9900,0.0,0.0
2022,9,17,4,60,0.0,0.0,0.0,0.0,0.0,5,30.9,25.9,60,1006.4,309,3.7,-9900,-9900,0.0,0.0
2022,9,17,5,60,0.0,0.0,0.0,0.0,0.0,5,31.0,26.0,60,1006.1,349,5.5,-9900,-9900,0.0,0.0
2022,9,17,6,60,0.0,0.0,0.0,0.0,0.0,5,31.0,26.0,60,1005.4,345,5.5,-9900,-9900,0.0,0.0
2022,9,17,7,60,0.0,0.0,0.0,0.0,0.0,5,31.1,26.1,60,1004.8,342,7.4,-9900,-9900,0.0,0.0
2022,9,17,8,60,0.0,0.0,0.0,0.0,0.0,5,30.5,25.5,61,1004.6,357,7.4,-9900,-9900,0.0,0.0
2022,9,17,9,60,0.0,0.0,0.0,0.0,0.0,5,29.9,24.9,62,1004.4,18,5.5,-9900,-9900,0.0,0.0
2022,9,17,10,60,0.0,0.0,0.0,0.0,0.0,5,29.3,24.3,63,1004.2,45,5.5,-9900,-9900,0.0,0.0
2022,9,17,11,60,0.0,0.0,0.0,0.0,0.0,5,28.7,23.7,65,1004.6,59,5.5,-9900,-9900,0.0,0.0
2022,9,17,12,60,0.0,0.0,0.0,0.0,0.0,5,28.2,23.2,67,1005.0,84,5.5,-9900,-9900,0.0,0.0
2022,9,17,13,60,0.0,0.0,0.0,0.0,0.0,5,27.6,22.6,70,1005.4,118,5.5,-9900,-9900,0.0,0.0
2022,9,17,14,60,0.0,0.0,0.0,0.0,0.0,5,27.2,22.2,71,1005.4,147,5.5,-9900,-9900,0.0,0.0
2022,9,17,15,60,0.0,0.0,0.0,0.0,0.0,5,26.8,21.8,72,1005.4,178,5.5,-9900,-9900,0.0,0.0
2022,9,17,16,60,0.0,0.0,0.0,0.0,0.0,5,26.4,21.4,74,1005.4,199,3.7,-9900,-9900,0.0,0.0
2022,9,17,17,60,0.0,0.0,0.0,0.0,0.0,5,26.7,21.7,69,1005.6,209,5.5,-9900,-9900,0.0,0.0
2022,9,17,18,60,0.0,0.0,0.0,0.0,0.0,5,26.3,21.3,71,1005.3,215,5.5,-9900,-9900,0.0,0.0
2022,9,17,19,60,0.0,0.0,0.0,0.0,0.0,5,26.0,21.0,72,1005.0,219,5.5,-9900,-9900,0.0,0.0
2022,9,17,20,60,0.0,0.0,0.0,0.0,0.0,5,25.6,20.6,74,1005.2,215,5.5,-9900,-9900,0.0,0.0
2022,9,17,21,60,0.0,0.0,0.0,0.0,0.0,5,25.2,20.2,76,1005.4,212,5.5,-9900,-9900,0.0,0.0
2022,9,17,22,60,0.0,0.0,0.0,0.0,0.0,5,24.9,19.9,78,1005.7,210,5.5,-9900,-9900,0.0,0.0
2022,9,17,23,60,0.0,0.0,0.0,0.0,0.0,5,25.8,20.8,72,1005.5,212,5.5,-9900,-9900,0.0,0.0
2022,9,17,24,60,0.0,0.0,0.0,0.0,0.0,5,26.3,21.3,71,1006.1,219,5.5,-9900,-9900,0.0,0.0
2022,9,18,1,60,0.0,0.0,0.0,0.0,0.0,5,26.8,21.8,70,1006.6,227,3.7,-9900,-9900,0.0,0.0
2022,9,18,2,60,0.0,0.0,0.0,0.0,0.0,5,28.4,23.4,65,1006.4,248,3.7,-9900,-9900,0.0,0.0
2022,9,18,3,60,0.0,0.0,0.0,0.0,0.0,5,29.9,24.9,60,1006.1,265,5.5,-9900,-9900,0.0,0.0
2022,9,18,4,60,0.0,0.0,0.0,0.0,0.0,5,31.4,26.4,56,1005.9,277,5.5,-9900,-9900,0.0,0.0
2022,9,18,5,60,0.0,0.0,0.0,0.0,0.0,5,31.3,26.3,55,1005.5,285,7.4,-9900,-9900,0.0,0.0
2022,9,18,6,60,0.0,0.0,0.0,0.0,0.0,5,31.6,26.6,55,1004.8,296,7.4,-9900,-9900,0.0,0.0
2022,9,18,7,60,0.0,0.0,0.0,0.0,0.0,5,31.8,26.8,55,1004.2,305,7.4,-9900,-9900,0.0,0.0
2022,9,18,8,60,0.0,0.0,0.0,0.0,0.0,5,31.2,26.2,56,1004.1,315,7.4,-9900,-9900,0.0,0.0
2022,9,18,9,60,0.0,0.0,0.0,0.0,0.0,5,30.6,25.6,58,1004.1,341,7.4,-9900,-9900,0.0,0.0
2022,9,18,10,60,0.0,0.0,0.0,0.0,0.0,5,30.0,25.0,59,1004.0,42,5.5,-9900,-9900,0.0,0.0
2022,9,18,11,60,0.0,0.0,0.0,0.0,0.0,5,29.5,24.5,61,1005.0,298,5.5,-9900,-9900,0.0,0.0
2022,9,18,12,60,0.0,0.0,0.0,0.0,0.0,5,28.8,23.8,64,1005.5,222,5.5,-9900,-9900,0.0,0.0
2022,9,18,13,60,0.0,0.0,0.0,0.0,0.0,5,28.2,23.2,66,1006.0,183,5.5,-9900,-9900,0.0,0.0
2022,9,18,14,60,0.0,0.0,0.0,0.0,0.0,5,27.8,22.8,67,1006.2,179,5.5,-9900,-9900,0.0,0.0
2022,9,18,15,60,0.0,0.0,0.0,0.0,0.0,5,27.4,22.4,69,1006.3,176,5.5,-9900,-9900,0.0,0.0
2022,9,18,16,60,0.0,0.0,0.0,0.0,0.0,5,27.0,22.0,70,1006.5,173,5.5,-9900,-9900,0.0,0.0
2022,9,18,17,60,0.0,0.0,0.0,0.0,0.0,5,26.7,21.7,71,1006.3,178,5.5,-9900,-9900,0.0,0.0
2022,9,18,18,60,0.0,0.0,0.0,0.0,0.0,5,26.3,21.3,72,1006.1,178,5.5,-9900,-9900,0.0,0.0
2022,9,18,19,60,0.0,0.0,0.0,0.0,0.0,5,25.9,20.9,74,1006.0,178,5.5,-9900,-9900,0.0,0.0
2022,9,18,20,60,0.0,0.0,0.0,0.0,0.0,5,25.6,20.6,74,1006.1,181,5.5,-9900,-9900,0.0,0.0
2022,9,18,21,60,0.0,0.0,0.0,0.0,0.0,5,25.3,20.3,76,1006.3,184,5.5,-9900,-9900,0.0,0.0
2022,9,18,22,60,0.0,0.0,0.0,0.0,0.0,5,25.1,20.1,77,1006.5,187,5.5,-9900,-9900,0.0,0.0
2022,9,18,23,60,0.0,0.0,0.0,0.0,0.0,5,26.1,21.1,73,1006.6,184,5.5,-9900,-9900,0.0,0.0
2022,9,18,24,60,0.0,0.0,0.0,0.0,0.0,5,26.8,21.8,71,1007.2,184,5.5,-9900,-9900,0.0,0.0
2022,9,19,1,60,0.0,0.0,0.0,0.0,0.0,5,27.5,22.5,69,1007.7,183,3.7,-9900,-9900,0.0,0.0
2022,9,19,2,60,0.0,0.0,0.0,0.0,0.0,5,28.9,23.9,64,1007.6,192,3.7,-9900,-9900,0.0,0.0
2022,9,19,3,60,0.0,0.0,0.0,0.0,0.0,5,30.3,25.3,59,1007.5,249,3.7,-9900,-9900,0.0,0.0
2022,9,19,4,60,0.0,0.0,0.0,0.0,0.0,5,31.7,26.7,56,1007.5,331,3.7,-9900,-9900,0.0,0.0
2022,9,19,5,60,0.0,0.0,0.0,0.0,0.0,5,31.5,26.5,57,1006.8,14,5.5,-9900,-9900,0.0,0.0
2022,9,19,6,60,0.0,0.0,0.0,0.0,0.0,5,31.3,26.3,58,1006.3,16,5.5,-9900,-9900,0.0,0.0
2022,9,19,7,60,0.0,0.0,0.0,0.0,0.0,5,31.0,26.0,60,1005.8,17,7.4,-9900,-9900,0.0,0.0
2022,9,19,8,60,0.0,0.0,0.0,0.0,0.0,5,30.4,25.4,61,1005.9,41,7.4,-9900,-9900,0.0,0.0
2022,9,19,9,60,0.0,0.0,0.0,0.0,0.0,5,29.7,24.7,61,1006.0,57,9.3,-9900,-9900,0.0,0.0
2022,9,19,10,60,0.0,0.0,0.0,0.0,0.0,5,29.1,24.1,62,1006.1,66,9.3,-9900,-9900,0.0,0.0
2022,9,19,11,60,0.0,0.0,0.0,0.0,0.0,5,28.3,23.3,68,1006.9,45,9.3,-9900,-9900,0.0,0.0
2022,9,19,12,60,0.0,0.0,0.0,0.0,0.0,5,27.8,22.8,69,1007.5,71,9.3,-9900,-9900,0.0,0.0
2022,9,19,13,60,0.0,0.0,0.0,0.0,0.0,5,27.3,22.3,70,1008.1,96,9.3,-9900,-9900,0.0,0.0
2022,9,19,14,60,0.0,0.0,0.0,0.0,0.0,5,27.0,22.0,70,1008.4,102,7.4,-9900,-9900,0.0,0.0
2022,9,19,15,60,0.0,0.0,0.0,0.0,0.0,5,26.7,21.7,71,1008.7,107,7.4,-9900,-9900,0.0,0.0
2022,9,19,16,60,0.0,0.0,0.0,0.0,0.0,5,26.4,21.4,71,1009.0,112,7.4,-9900,-9900,0.0,0.0
2022,9,19,17,60,0.0,0.0,0.0,0.0,0.0,5,26.3,21.3,71,1009.1,105,9.3,-9900,-9900,0.0,0.0
2022,9,19,18,60,0.0,0.0,0.0,0.0,0.0,5,26.0,21.0,72,1009.0,109,9.3,-9900,-9900,0.0,0.0
2022,9,19,19,60,0.0,0.0,0.0,0.0,0.0,5,25.7,20.7,73,1008.8,116,7.4,-9900,-9900,0.0,0.0
2022,9,19,20,60,0.0,0.0,0.0,0.0,0.0,5,25.3,20.3,75,1008.9,121,7.4,-9900,-9900,0.0,0.0
2022,9,19,21,60,0.0,0.0,0.0,0.0,0.0,5,24.9,19.9,77,1009.1,129,5.5,-9900,-9900,0.0,0.0
2022,9,19,22,60,0.0,0.0,0.0,0.0,0.0,5,24.5,19.5,78,1009.2,139,5.5,-9900,-9900,0.0,0.0
2022,9,19,23,60,0.0,0.0,0.0,0.0,0.0,5,25.2,20.2,75,1009.6,127,5.5,-9900,-9900,0.0,0.0
2022,9,19,24,60,0.0,0.0,0.0,0.0,0.0,5,25.8,20.8,73,1010.0,115,5.5,-9900,-9900,0.0,0.0
2022,9,20,1,60,0.0,0.0,0.0,0.0,0.0,5,26.5,21.5,70,1010.4,105,5.5,-9900,-9900,0.0,0.0
2022,9,20,2,60,0.0,0.0,0.0,0.0,0.0,5,27.1,22.1,66,1010.5,88,9.3,-9900,-9900,0.0,0.0
2022,9,20,3,60,0.0,0.0,0.0,0.0,0.0,5,27.7,22.7,63,1010.5,77,9.3,-9900,-9900,0.0,0.0
2022,9,20,4,60,0.0,0.0,0.0,0.0,0.0,5,28.3,23.3,60,1010.6,70,11.1,-9900,-9900,0.0,0.0
2022,9,20,5,60,0.0,0.0,0.0,0.0,0.0,5,29.1,24.1,55,1009.9,71,13.0,-9900,-9900,0.0,0.0
2022,9,20,6,60,0.0,0.0,0.0,0.0,0.0,5,29.3,24.3,54,1009.5,68,13.0,-9900,-9900,0.0,0.0
2022,9,20,7,60,0.0,0.0,0.0,0.0,0.0,5,29.4,24.4,54,1009.0,65,13.0,-9900,-9900,0.0,0.0
2022,9,20,8,60,0.0,0.0,0.0,0.0,0.0,5,28.7,23.7,56,1009.3,67,14.8,-9900,-9900,0.0,0.0
2022,9,20,9,60,0.0,0.0,0.0,0.0,0.0,5,27.9,22.9,58,1009.6,69,14.8,-9900,-9900,0.0,0.0
2022,9,20,10,60,0.0,0.0,0.0,0.0,0.0,5,27.1,22.1,61,1009.9,71,14.8,-9900,-9900,0.0,0.0
2022,9,20,11,60,0.0,0.0,0.0,0.0,0.0,5,26.6,21.6,66,1010.8,72,14.8,-9900,-9900,0.0,0.0
2022,9,20,12,60,0.0,0.0,0.0,0.0,0.0,5,26.2,21.2,66,1011.5,77,13.0,-9900,-9900,0.0,0.0
2022,9,20,13,60,0.0,0.0,0.0,0.0,0.0,5,25.7,20.7,67,1012.2,84,11.1,-9900,-9900,0.0,0.0
2022,9,20,14,60,0.0,0.0,0.0,0.0,0.0,5,25.5,20.5,68,1012.3,87,11.1,-9900,-9900,0.0,0.0
2022,9,20,15,60,0.0,0.0,0.0,0.0,0.0,5,25.2,20.2,69,1012.4,92,9.3,-9900,-9900,0.0,0.0
2022,9,20,16,60,0.0,0.0,0.0,0.0,0.0,5,24.9,19.9,70,1012.5,97,9.3,-9900,-9900,0.0,0.0
2022,9,20,17,60,0.0,0.0,0.0,0.0,0.0,5,24.5,19.5,65,1012.6,93,7.4,-9900,-9900,0.0,0.0
2022,9,20,18,60,0.0,0.0,0.0,0.0,0.0,5,24.2,19.2,66,1012.3,101,7.4,-9900,-9900,0.0,0.0
2022,9,20,19,60,0.0,0.0,0.0,0.0,0.0,5,24.0,19.0,67,1011.9,111,5.5,-9900,-9900,0.0,0.0
2022,9,20,20,60,0.0,0.0,0.0,0.0,0.0,5,23.7,18.7,69,1011.7,123,5.5,-9900,-9900,0.0,0.0
2022,9,20,21,60,0.0,0.0,0.0,0.0,0.0,5,23.5,18.5,71,1011.5,138,5.5,-9900,-9900,0.0,0.0
2022,9,20,22,60,0.0,0.0,0.0,0.0,0.0,5,23.3,18.3,72,1011.4,154,5.5,-9900,-9900,0.0,0.0
2022,9,20,23,60,0.0,0.0,0.0,0.0,0.0,5,23.7,18.7,66,1012.4,161,5.5,-9900,-9900,0.0,0.0
2022,9,20,24,60,0.0,0.0,0.0,0.0,0.0,5,24.5,19.5,66,1012.7,151,5.5,-9900,-9900,0.0,0.0
2022,9,21,1,60,0.0,0.0,0.0,0.0,0.0,5,25.3,20.3,64,1013.0,137,5.5,-9900,-9900,0.0,0.0
2022,9,21,2,60,0.0,0.0,0.0,0.0,0.0,5,26.4,21.4,62,1012.6,105,7.4,-9900,-9900,0.0,0.0
2022,9,21,3,60,0.0,0.0,0.0,0.0,0.0,5,27.6,22.6,60,1012.2,86,7.4,-9900,-9900,0.0,0.0
2022,9,21,4,60,0.0,0.0,0.0,0.0,0.0,5,28.7,23.7,57,1011.8,76,9.3,-9900,-9900,0.0,0.0
2022,9,21,5,60,0.0,0.0,0.0,0.0,0.0,5,27.7,22.7,57,1011.5,77,13.0,-9900,-9900,0.0,0.0
2022,9,21,6,60,0.0,0.0,0.0,0.0,0.0,5,28.1,23.1,57,1010.8,74,14.8,-9900,-9900,0.0,0.0
2022,9,21,7,60,0.0,0.0,0.0,0.0,0.0,5,28.4,23.4,58,1010.2,71,14.8,-9900,-9900,0.0,0.0
2022,9,21,8,60,0.0,0.0,0.0,0.0,0.0,5,27.9,22.9,59,1010.2,73,14.8,-9900,-9900,0.0,0.0
2022,9,21,9,60,0.0,0.0,0.0,0.0,0.0,5,27.4,22.4,61,1010.3,74,14.8,-9900,-9900,0.0,0.0
2022,9,21,10,60,0.0,0.0,0.0,0.0,0.0,5,26.9,21.9,63,1010.4,76,14.8,-9900,-9900,0.0,0.0
2022,9,21,11,60,0.0,0.0,0.0,0.0,0.0,5,26.4,21.4,71,1011.2,83,14.8,-9900,-9900,0.0,0.0
2022,9,21,12,60,0.0,0.0,0.0,0.0,0.0,5,26.1,21.1,71,1011.8,87,14.8,-9900,-9900,0.0,0.0
2022,9,21,13,60,0.0,0.0,0.0,0.0,0.0,5,25.8,20.8,72,1012.4,91,13.0,-9900,-9900,0.0,0.0
2022,9,21,14,60,0.0,0.0,0.0,0.0,0.0,5,25.6,20.6,72,1012.5,94,13.0,-9900,-9900,0.0,0.0
2022,9,21,15,60,0.0,0.0,0.0,0.0,0.0,5,25.5,20.5,72,1012.6,97,11.1,-9900,-9900,0.0,0.0
2022,9,21,16,60,0.0,0.0,0.0,0.0,0.0,5,25.4,20.4,72,1012.6,100,11.1,-9900,-9900,0.0,0.0
2022,9,21,17,60,0.0,0.0,0.0,0.0,0.0,5,25.2,20.2,71,1012.5,114,9.3,-9900,-9900,0.0,0.0
2022,9,21,18,60,0.0,0.0,0.0,0.0,0.0,5,25.0,20.0,72,1012.1,114,9.3,-9900,-9900,0.0,0.0
2022,9,21,19,60,0.0,0.0,0.0,0.0,0.0,5,24.7,19.7,72,1011.8,113,7.4,-9900,-9900,0.0,0.0
2022,9,21,20,60,0.0,0.0,0.0,0.0,0.0,5,24.4,19.4,74,1011.7,117,7.4,-9900,-9900,0.0,0.0
2022,9,21,21,60,0.0,0.0,0.0,0.0,0.0,5,24.1,19.1,75,1011.7,122,7.4,-9900,-9900,0.0,0.0
2022,9,21,22,60,0.0,0.0,0.0,0.0,0.0,5,23.8,18.8,76,1011.6,128,7.4,-9900,-9900,0.0,0.0
2022,9,21,23,60,0.0,0.0,0.0,0.0,0.0,5,24.7,19.7,71,1012.1,132,7.4,-9900,-9900,0.0,0.0
2022,9,21,24,60,0.0,0.0,0.0,0.0,0.0,5,25.4,20.4,69,1012.4,125,7.4,-9900,-9900,0.0,0.0
2022,9,22,1,60,0.0,0.0,0.0,0.0,0.0,5,26.2,21.2,66,1012.8,118,7.4,-9900,-9900,0.0,0.0
2022,9,22,2,60,0.0,0.0,0.0,0.0,0.0,5,27.2,22.2,62,1012.6,100,7.4,-9900,-9900,0.0,0.0
2022,9,22,3,60,0.0,0.0,0.0,0.0,0.0,5,28.3,23.3,59,1012.4,85,9.3,-9900,-9900,0.0,0.0
2022,9,22,4,60,0.0,0.0,0.0,0.0,0.0,5,29.3,24.3,56,1012.2,74,11.1,-9900,-9900,0.0,0.0
2022,9,22,5,60,0.0,0.0,0.0,0.0,0.0,5,29.3,24.3,54,1011.8,75,13.0,-9900,-9900,0.0,0.0
2022,9,22,6,60,0.0,0.0,0.0,0.0,0.0,5,29.5,24.5,54,1011.1,70,13.0,-9900,-9900,0.0,0.0
2022,9,22,7,60,0.0,0.0,0.0,0.0,0.0,5,29.8,24.8,53,1010.4,65,13.0,-9900,-9900,0.0,0.0
2022,9,22,8,60,0.0,0.0,0.0,0.0,0.0,5,29.0,24.0,55,1010.3,67,13.0,-9900,-9900,0.0,0.0
2022,9,22,9,60,0.0,0.0,0.0,0.0,0.0,5,28.2,23.2,57,1010.3,69,14.8,-9900,-9900,0.0,0.0
2022,9,22,10,60,0.0,0.0,0.0,0.0,0.0,5,27.5,22.5,58,1010.3,71,14.8,-9900,-9900,0.0,0.0
2022,9,22,11,60,0.0,0.0,0.0,0.0,0.0,5,26.8,21.8,61,1010.8,78,13.0,-9900,-9900,0.0,0.0
2022,9,22,12,60,0.0,0.0,0.0,0.0,0.0,5,26.2,21.2,63,1011.3,85,13.0,-9900,-9900,0.0,0.0
2022,9,22,13,60,0.0,0.0,0.0,0.0,0.0,5,25.6,20.6,65,1011.8,95,11.1,-9900,-9900,0.0,0.0
2022,9,22,14,60,0.0,0.0,0.0,0.0,0.0,5,25.3,20.3,66,1011.8,98,11.1,-9900,-9900,0.0,0.0
2022,9,22,15,60,0.0,0.0,0.0,0.0,0.0,5,25.1,20.1,67,1011.8,102,9.3,-9900,-9900,0.0,0.0
2022,9,22,16,60,0.0,0.0,0.0,0.0,0.0,5,24.8,19.8,69,1011.8,107,9.3,-9900,-9900,0.0,0.0
2022,9,22,17,60,0.0,0.0,0.0,0.0,0.0,5,24.6,19.6,68,1011.9,116,9.3,-9900,-9900,0.0,0.0
2022,9,22,18,60,0.0,0.0,0.0,0.0,0.0,5,24.3,19.3,69,1011.6,123,7.4,-9900,-9900,0.0,0.0
2022,9,22,19,60,0.0,0.0,0.0,0.0,0.0,5,23.9,18.9,70,1011.2,133,7.4,-9900,-9900,0.0,0.0
2022,9,22,20,60,0.0,0.0,0.0,0.0,0.0,5,23.6,18.6,72,1011.2,139,5.5,-9900,-9900,0.0,0.0
2022,9,22,21,60,0.0,0.0,0.0,0.0,0.0,5,23.3,18.3,74,1011.3,147,5.5,-9900,-9900,0.0,0.0
2022,9,22,22,60,0.0,0.0,0.0,0.0,0.0,5,23.2,18.2,75,1011.3,157,5.5,-9900,-9900,0.0,0.0
2022,9,22,23,60,0.0,0.0,0.0,0.0,0.0,5,23.1,18.1,72,1012.1,166,5.5,-9900,-9900,0.0,0.0
2022,9,22,24,60,0.0,0.0,0.0,0.0,0.0,5,24.0,19.0,71,1012.5,155,5.5,-9900,-9900,0.0,0.0
2022,9,23,1,60,0.0,0.0,0.0,0.0,0.0,5,24.9,19.9,69,1013.0,139,5.5,-9900,-9900,0.0,0.0
2022,9,23,2,60,0.0,0.0,0.0,0.0,0.0,5,26.3,21.3,64,1012.9,106,5.5,-9900,-9900,0.0,0.0
2022,9,23,3,60,0.0,0.0,0.0,0.0,0.0,5,27.7,22.7,60,1012.7,84,7.4,-9900,-9900,0.0,0.0
2022,9,23,4,60,0.0,0.0,0.0,0.0,0.0,5,29.1,24.1,56,1012.6,72,9.3,-9900,-9900,0.0,0.0
2022,9,23,5,60,0.0,0.0,0.0,0.0,0.0,5,29.0,24.0,59,1012.2,74,11.1,-9900,-9900,0.0,0.0
2022,9,23,6,60,0.0,0.0,0.0,0.0,0.0,5,29.1,24.1,58,1011.6,69,13.0,-9900,-9900,0.0,0.0
2022,9,23,7,60,0.0,0.0,0.0,0.0,0.0,5,29.2,24.2,58,1011.0,66,13.0,-9900,-9900,0.0,0.0
2022,9,23,8,60,0.0,0.0,0.0,0.0,0.0,5,28.4,23.4,59,1011.2,67,13.0,-9900,-9900,0.0,0.0
2022,9,23,9,60,0.0,0.0,0.0,0.0,0.0,5,27.6,22.6,60,1011.3,68,14.8,-9900,-9900,0.0,0.0
2022,9,23,10,60,0.0,0.0,0.0,0.0,0.0,5,26.9,21.9,60,1011.4,69,14.8,-9900,-9900,0.0,0.0
2022,9,23,11,60,0.0,0.0,0.0,0.0,0.0,5,26.5,21.5,67,1012.3,86,14.8,-9900,-9900,0.0,0.0
2022,9,23,12,60,0.0,0.0,0.0,0.0,0.0,5,26.2,21.2,68,1012.9,91,13.0,-9900,-9900,0.0,0.0
2022,9,23,13,60,0.0,0.0,0.0,0.0,0.0,5,25.9,20.9,68,1013.5,97,13.0,-9900,-9900,0.0,0.0
2022,9,23,14,60,0.0,0.0,0.0,0.0,0.0,5,25.7,20.7,69,1013.6,99,11.1,-9900,-9900,0.0,0.0
2022,9,23,15,60,0.0,0.0,0.0,0.0,0.0,5,25.5,20.5,70,1013.7,102,9.3,-9900,-9900,0.0,0.0
2022,9,23,16,60,0.0,0.0,0.0,0.0,0.0,5,25.4,20.4,70,1013.7,106,9.3,-9900,-9900,0.0,0.0
2022,9,23,17,60,0.0,0.0,0.0,0.0,0.0,5,25.5,20.5,67,1013.6,100,9.3,-9900,-9900,0.0,0.0
2022,9,23,18,60,0.0,0.0,0.0,0.0,0.0,5,25.2,20.2,69,1013.2,102,7.4,-9900,-9900,0.0,0.0
2022,9,23,19,60,0.0,0.0,0.0,0.0,0.0,5,25.0,20.0,69,1012.7,104,7.4,-9900,-9900,0.0,0.0
2022,9,23,20,60,0.0,0.0,0.0,0.0,0.0,5,24.7,19.7,71,1012.6,106,7.4,-9900,-9900,0.0,0.0
2022,9,23,21,60,0.0,0.0,0.0,0.0,0.0,5,24.5,19.5,72,1012.5,107,7.4,-9900,-9900,0.0,0.0
2022,9,23,22,60,0.0,0.0,0.0,0.0,0.0,5,24.2,19.2,74,1012.3,109,7.4,-9900,-9900,0.0,0.0
2022,9,23,23,60,0.0,0.0,0.0,0.0,0.0,5,25.2,20.2,72,1012.8,91,11.1,-9900,-9900,0.0,0.0
2022,9,23,24,60,0.0,0.0,0.0,0.0,0.0,5,25.4,20.4,72,1013.2,87,11.1,-9900,-9900,0.0,0.0
2022,9,24,1,60,0.0,0.0,0.0,0.0,0.0,5,25.5,20.5,73,1013.6,84,11.1,-9900,-9900,0.0,0.0
2022,9,24,2,60,0.0,0.0,0.0,0.0,0.0,5,25.6,20.6,72,1013.5,79,11.1,-9900,-9900,0.0,0.0
2022,9,24,3,60,0.0,0.0,0.0,0.0,0.0,5,25.7,20.7,72,1013.4,75,13.0,-9900,-9900,0.0,0.0
2022,9,24,4,60,0.0,0.0,0.0,0.0,0.0,5,25.8,20.8,72,1013.4,71,13.0,-9900,-9900,0.0,0.0
2022,9,24,5,60,0.0,0.0,0.0,0.0,0.0,5,24.6,19.6,80,1012.9,67,14.8,-9900,-9900,0.0,0.0
2022,9,24,6,60,0.0,0.0,0.0,0.0,0.0,5,24.9,19.9,79,1012.2,65,14.8,-9900,-9900,0.0,0.0
2022,9,24,7,60,0.0,0.0,0.0,0.0,0.0,5,25.1,20.1,78,1011.5,63,14.8,-9900,-9900,0.0,0.0
2022,9,24,8,60,0.0,0.0,0.0,0.0,0.0,5,25.1,20.1,78,1011.3,64,14.8,-9900,-9900,0.0,0.0
2022,9,24,9,60,0.0,0.0,0.0,0.0,0.0,5,25.1,20.1,78,1011.1,65,14.8,-9900,-9900,0.0,0.0
2022,9,24,10,60,0.0,0.0,0.0,0.0,0.0,5,25.1,20.1,78,1010.9,66,14.8,-9900,-9900,0.0,0.0
2022,9,24,11,60,0.0,0.0,0.0,0.0,0.0,5,24.6,19.6,82,1011.9,87,14.8,-9900,-9900,0.0,0.0
2022,9,24,12,60,0.0,0.0,0.0,0.0,0.0,5,24.6,19.6,82,1012.2,87,13.0,-9900,-9900,0.0,0.0
2022,9,24,13,60,0.0,0.0,0.0,0.0,0.0,5,24.7,19.7,82,1012.6,87,13.0,-9900,-9900,0.0,0.0
2022,9,24,14,60,0.0,0.0,0.0,0.0,0.0,5,24.7,19.7,82,1012.4,86,13.0,-9900,-9900,0.0,0.0
2022,9,24,15,60,0.0,0.0,0.0,0.0,0.0,5,24.7,19.7,82,1012.2,85,11.1,-9900,-9900,0.0,0.0
2022,9,24,16,60,0.0,0.0,0.0,0.0,0.0,5,24.7,19.7,82,1012.0,84,11.1,-9900,-9900,0.0,0.0
2022,9,24,17,60,0.0,0.0,0.0,0.0,0.0,5,24.4,19.4,88,1011.6,91,9.3,-9900,-9900,0.0,0.0
2022,9,24,18,60,0.0,0.0,0.0,0.0,0.0,5,24.4,19.4,88,1011.3,92,9.3,-9900,-9900,0.0,0.0
2022,9,24,19,60,0.0,0.0,0.0,0.0,0.0,5,24.4,19.4,88,1010.9,93,9.3,-9900,-9900,0.0,0.0
2022,9,24,20,60,0.0,0.0,0.0,0.0,0.0,5,24.4,19.4,88,1010.8,93,9.3,-9900,-9900,0.0,0.0
2022,9,24,21,60,0.0,0.0,0.0,0.0,0.0,5,24.3,19.3,89,1010.8,93,9.3,-9900,-9900,0.0,0.0
2022,9,24,22,60,0.0,0.0,0.0,0.0,0.0,5,24.3,19.3,89,1010.7,94,9.3,-9900,-9900,0.0,0.0
2022,9,24,23,60,0.0,0.0,0.0,0.0,0.0,5,24.8,19.8,90,1011.4,85,13.0,-9900,-9900,0.0,0.0
2022,9,24,24,60,0.0,0.0,0.0,0.0,0.0,5,25.1,20.1,89,1011.9,84,13.0,-9900,-9900,0.0,0.0
2022,9,25,1,60,0.0,0.0,0.0,0.0,0.0,5,25.3,20.3,87,1012.4,83,13.0,-9900,-9900,0.0,0.0
2022,9,25,2,60,0.0,0.0,0.0,0.0,0.0,5,25.8,20.8,85,1012.3,82,14.8,-9900,-9900,0.0,0.0
2022,9,25,3,60,0.0,0.0,0.0,0.0,0.0,5,26.3,21.3,83,1012.3,82,14.8,-9900,-9900,0.0,0.0
2022,9,25,4,60,0.0,0.0,0.0,0.0,0.0,5,26.8,21.8,80,1012.2,81,16.7,-9900,-9900,0.0,0.0
2022,9,25,5,60,0.0,0.0,0.0,0.0,0.0,5,26.9,21.9,80,1011.5,79,16.7,-9900,-9900,0.0,0.0
2022,9,25,6,60,0.0,0.0,0.0,0.0,0.0,5,27.0,22.0,79,1010.8,78,18.5,-9900,-9900,0.0,0.0
2022,9,25,7,60,0.0,0.0,0.0,0.0,0.0,5,27.1,22.1,78,1010.1,76,18.5,-9900,-9900,0.0,0.0
2022,9,25,8,60,0.0,0.0,0.0,0.0,0.0,5,26.9,21.9,80,1010.0,76,18.5,-9900,-9900,0.0,0.0
2022,9,25,9,60,0.0,0.0,0.0,0.0,0.0,5,26.7,21.7,81,1010.0,76,18.5,-9900,-9900,0.0,0.0
2022,9,25,10,60,0.0,0.0,0.0,0.0,0.0,5,26.5,21.5,82,1009.9,76,16.7,-9900,-9900,0.0,0.0
2022,9,25,11,60,0.0,0.0,0.0,0.0,0.0,5,26.2,21.2,83,1010.8,74,16.7,-9900,-9900,0.0,0.0
2022,9,25,12,60,0.0,0.0,0.0,0.0,0.0,5,26.1,21.1,83,1011.1,74,16.7,-9900,-9900,0.0,0.0
2022,9,25,13,60,0.0,0.0,0.0,0.0,0.0,5,26.0,21.0,84,1011.4,75,14.8,-9900,-9900,0.0,0.0
2022,9,25,14,60,0.0,0.0,0.0,0.0,0.0,5,26.0,21.0,84,1011.4,76,14.8,-9900,-9900,0.0,0.0
2022,9,25,15,60,0.0,0.0,0.0,0.0,0.0,5,25.9,20.9,85,1011.4,77,14.8,-9900,-9900,0.0,0.0
2022,9,25,16,60,0.0,0.0,0.0,0.0,0.0,5,25.9,20.9,85,1011.4,78,14.8,-9900,-9900,0.0,0.0
2022,9,25,17,60,0.0,0.0,0.0,0.0,0.0,5,25.8,20.8,88,1010.9,81,14.8,-9900,-9900,0.0,0.0
2022,9,25,18,60,0.0,0.0,0.0,0.0,0.0,5,25.9,20.9,87,1010.4,76,14.8,-9900,-9900,0.0,0.0
2022,9,25,19,60,0.0,0.0,0.0,0.0,0.0,5,26.0,21.0,87,1010.0,71,14.8,-9900,-9900,0.0,0.0
2022,9,25,20,60,0.0,0.0,0.0,0.0,0.0,5,26.0,21.0,87,1009.9,74,14.8,-9900,-9900,0.0,0.0
2022,9,25,21,60,0.0,0.0,0.0,0.0,0.0,5,26.0,21.0,87,1009.8,77,14.8,-9900,-9900,0.0,0.0
2022,9,25,22,60,0.0,0.0,0.0,0.0,0.0,5,26.0,21.0,88,1009.7,80,14.8,-9900,-9900,0.0,0.0
2022,9,25,23,60,0.0,0.0,0.0,0.0,0.0,5,26.6,21.6,90,1009.8,87,14.8,-9900,-9900,0.0,0.0
2022,9,25,24,60,0.0,0.0,0.0,0.0,0.0,5,27.0,22.0,87,1010.3,85,14.8,-9900,-9900,0.0,0.0
2022,9,26,1,60,0.0,0.0,0.0,0.0,0.0,5,27.4,22.4,85,1010.7,83,14.8,-9900,-9900,0.0,0.0
2022,9,26,2,60,0.0,0.0,0.0,0.0,0.0,5,28.4,23.4,80,1010.6,81,16.7,-9900,-9900,0.0,0.0
2022,9,26,3,60,0.0,0.0,0.0,0.0,0.0,5,29.3,24.3,77,1010.6,79,16.7,-9900,-9900,0.0,0.0
2022,9,26,4,60,0.0,0.0,0.0,0.0,0.0,5,30.3,25.3,73,1010.5,78,18.5,-9900,-9900,0.0,0.0
2022,9,26,5,60,0.0,0.0,0.0,0.0,0.0,5,29.5,24.5,76,1009.4,82,18.5,-9900,-9900,0.0,0.0
2022,9,26,6,60,0.0,0.0,0.0,0.0,0.0,5,30.0,25.0,74,1008.8,80,18.5,-9900,-9900,0.0,0.0
2022,9,26,7,60,0.0,0.0,0.0,0.0,0.0,5,30.6,25.6,71,1008.1,79,20.4,-9900,-9900,0.0,0.0
2022,9,26,8,60,0.0,0.0,0.0,0.0,0.0,5,30.1,25.1,72,1008.3,78,18.5,-9900,-9900,0.0,0.0
2022,9,26,9,60,0.0,0.0,0.0,0.0,0.0,5,29.5,24.5,73,1008.5,76,18.5,-9900,-9900,0.0,0.0
2022,9,26,10,60,0.0,0.0,0.0,0.0,0.0,5,29.0,24.0,74,1008.7,75,18.5,-9900,-9900,0.0,0.0
2022,9,26,11,60,0.0,0.0,0.0,0.0,0.0,5,29.0,24.0,69,1008.7,86,18.5,-9900,-9900,0.0,0.0
2022,9,26,12,60,0.0,0.0,0.0,0.0,0.0,5,28.5,23.5,72,1009.2,85,18.5,-9900,-9900,0.0,0.0
2022,9,26,13,60,0.0,0.0,0.0,0.0,0.0,5,27.9,22.9,75,1009.7,84,18.5,-9900,-9900,0.0,0.0
2022,9,26,14,60,0.0,0.0,0.0,0.0,0.0,5,27.8,22.8,75,1009.8,82,16.7,-9900,-9900,0.0,0.0
2022,9,26,15,60,0.0,0.0,0.0,0.0,0.0,5,27.6,22.6,76,1009.9,81,14.8,-9900,-9900,0.0,0.0
2022,9,26,16,60,0.0,0.0,0.0,0.0,0.0,5,27.4,22.4,77,1010.1,80,14.8,-9900,-9900,0.0,0.0
2022,9,26,17,60,0.0,0.0,0.0,0.0,0.0,5,27.3,22.3,81,1009.9,75,14.8,-9900,-9900,0.0,0.0
2022,9,26,18,60,0.0,0.0,0.0,0.0,0.0,5,27.2,22.2,81,1009.5,73,13.0,-9900,-9900,0.0,0.0
2022,9,26,19,60,0.0,0.0,0.0,0.0,0.0,5,27.1,22.1,81,1009.2,71,13.0,-9900,-9900,0.0,0.0
2022,9,26,20,60,0.0,0.0,0.0,0.0,0.0,5,26.9,21.9,81,1009.1,77,13.0,-9900,-9900,0.0,0.0
2022,9,26,21,60,0.0,0.0,0.0,0.0,0.0,5,26.8,21.8,81,1009.0,84,13.0,-9900,-9900,0.0,0.0
2022,9,26,22,60,0.0,0.0,0.0,0.0,0.0,5,26.6,21.6,82,1009.0,90,11.1,-9900,-9900,0.0,0.0
2022,9,26,23,60,0.0,0.0,0.0,0.0,0.0,5,27.6,22.6,75,1009.6,82,13.0,-9900,-9900,0.0,0.0
2022,9,26,24,60,0.0,0.0,0.0,0.0,0.0,5,28.2,23.2,73,1009.9,83,13.0,-9900,-9900,0.0,0.0
2022,9,27,1,60,0.0,0.0,0.0,0.0,0.0,5,28.9,23.9,71,1010.2,84,13.0,-9900,-9900,0.0,0.0
2022,9,27,2,60,0.0,0.0,0.0,0.0,0.0,5,29.9,24.9,67,1010.0,84,13.0,-9900,-9900,0.0,0.0
2022,9,27,3,60,0.0,0.0,0.0,0.0,0.0,5,31.0,26.0,64,1009.9,84,14.8,-9900,-9900,0.0,0.0
2022,9,27,4,60,0.0,0.0,0.0,0.0,0.0,5,32.1,27.1,60,1009.8,84,16.7,-9900,-9900,0.0,0.0
2022,9,27,5,60,0.0,0.0,0.0,0.0,0.0,5,31.9,26.9,59,1008.9,82,16.7,-9900,-9900,0.0,0.0
2022,9,27,6,60,0.0,0.0,0.0,0.0,0.0,5,32.3,27.3,58,1008.2,82,18.5,-9900,-9900,0.0,0.0
2022,9,27,7,60,0.0,0.0,0.0,0.0,0.0,5,32.8,27.8,57,1007.5,82,18.5,-9900,-9900,0.0,0.0
2022,9,27,8,60,0.0,0.0,0.0,0.0,0.0,5,32.0,27.0,59,1007.6,83,18.5,-9900,-9900,0.0,0.0
2022,9,27,9,60,0.0,0.0,0.0,0.0,0.0,5,31.2,26.2,62,1007.7,83,16.7,-9900,-9900,0.0,0.0
2022,9,27,10,60,0.0,0.0,0.0,0.0,0.0,5,30.4,25.4,64,1007.8,84,16.7,-9900,-9900,0.0,0.0
2022,9,27,11,60,0.0,0.0,0.0,0.0,0.0,5,29.8,24.8,64,1008.2,82,16.7,-9900,-9900,0.0,0.0
2022,9,27,12,60,0.0,0.0,0.0,0.0,0.0,5,29.2,24.2,66,1008.7,83,16.7,-9900,-9900,0.0,0.0
2022,9,27,13,60,0.0,0.0,0.0,0.0,0.0,5,28.5,23.5,70,1009.2,85,14.8,-9900,-9900,0.0,0.0
2022,9,27,14,60,0.0,0.0,0.0,0.0,0.0,5,28.3,23.3,71,1009.4,84,14.8,-9900,-9900,0.0,0.0
2022,9,27,15,60,0.0,0.0,0.0,0.0,0.0,5,28.0,23.0,72,1009.5,83,13.0,-9900,-9900,0.0,0.0
2022,9,27,16,60,0.0,0.0,0.0,0.0,0.0,5,27.8,22.8,73,1009.7,81,13.0,-9900,-9900,0.0,0.0
2022,9,27,17,60,0.0,0.0,0.0,0.0,0.0,5,27.6,22.6,74,1009.4,81,13.0,-9900,-9900,0.0,0.0
2022,9,27,18,60,0.0,0.0,0.0,0.0,0.0,5,27.4,22.4,75,1009.1,81,11.1,-9900,-9900,0.0,0.0
2022,9,27,19,60,0.0,0.0,0.0,0.0,0.0,5,27.3,22.3,76,1008.9,81,11.1,-9900,-9900,0.0,0.0
2022,9,27,20,60,0.0,0.0,0.0,0.0,0.0,5,27.1,22.1,76,1008.7,86,11.1,-9900,-9900,0.0,0.0
2022,9,27,21,60,0.0,0.0,0.0,0.0,0.0,5,26.9,21.9,77,1008.6,92,9.3,-9900,-9900,0.0,0.0
2022,9,27,22,60,0.0,0.0,0.0,0.0,0.0,5,26.7,21.7,78,1008.4,98,9.3,-9900,-9900,0.0,0.0
2022,9,27,23,60,0.0,0.0,0.0,0.0,0.0,5,27.1,22.1,70,1008.9,104,9.3,-9900,-9900,0.0,0.0
2022,9,27,24,60,0.0,0.0,0.0,0.0,0.0,5,27.8,22.8,70,1009.2,100,9.3,-9900,-9900,0.0,0.0
2022,9,28,1,60,0.0,0.0,0.0,0.0,0.0,5,28.5,23.5,69,1009.6,96,9.3,-9900,-9900,0.0,0.0
2022,9,28,2,60,0.0,0.0,0.0,0.0,0.0,5,30.0,25.0,64,1009.4,95,9.3,-9900,-9900,0.0,0.0
2022,9,28,3,60,0.0,0.0,0.0,0.0,0.0,5,31.5,26.5,60,1009.3,94,9.3,-9900,-9900,0.0,0.0
2022,9,28,4,60,0.0,0.0,0.0,0.0,0.0,5,32.9,27.9,56,1009.1,93,11.1,-9900,-9900,0.0,0.0
2022,9,28,5,60,0.0,0.0,0.0,0.0,0.0,5,32.7,27.7,53,1008.9,91,14.8,-9900,-9900,0.0,0.0
2022,9,28,6,60,0.0,0.0,0.0,0.0,0.0,5,33.1,28.1,53,1008.1,90,14.8,-9900,-9900,0.0,0.0
2022,9,28,7,60,0.0,0.0,0.0,0.0,0.0,5,33.5,28.5,52,1007.4,88,14.8,-9900,-9900,0.0,0.0
2022,9,28,8,60,0.0,0.0,0.0,0.0,0.0,5,32.6,27.6,55,1007.5,89,14.8,-9900,-9900,0.0,0.0
2022,9,28,9,60,0.0,0.0,0.0,0.0,0.0,5,31.6,26.6,59,1007.5,90,14.8,-9900,-9900,0.0,0.0
2022,9,28,10,60,0.0,0.0,0.0,0.0,0.0,5,30.7,25.7,62,1007.5,92,14.8,-9900,-9900,0.0,0.0
2022,9,28,11,60,0.0,0.0,0.0,0.0,0.0,5,30.3,25.3,63,1008.1,92,16.7,-9900,-9900,0.0,0.0
2022,9,28,12,60,0.0,0.0,0.0,0.0,0.0,5,29.7,24.7,65,1008.7,93,14.8,-9900,-9900,0.0,0.0
2022,9,28,13,60,0.0,0.0,0.0,0.0,0.0,5,29.1,24.1,68,1009.4,94,14.8,-9900,-9900,0.0,0.0
2022,9,28,14,60,0.0,0.0,0.0,0.0,0.0,5,28.9,23.9,69,1009.5,93,14.8,-9900,-9900,0.0,0.0
2022,9,28,15,60,0.0,0.0,0.0,0.0,0.0,5,28.7,23.7,71,1009.7,91,13.0,-9900,-9900,0.0,0.0
2022,9,28,16,60,0.0,0.0,0.0,0.0,0.0,5,28.5,23.5,71,1009.9,90,13.0,-9900,-9900,0.0,0.0
2022,9,28,17,60,0.0,0.0,0.0,0.0,0.0,5,28.4,23.4,70,1010.0,93,11.1,-9900,-9900,0.0,0.0
2022,9,28,18,60,0.0,0.0,0.0,0.0,0.0,5,28.1,23.1,71,1009.8,94,11.1,-9900,-9900,0.0,0.0
2022,9,28,19,60,0.0,0.0,0.0,0.0,0.0,5,27.8,22.8,72,1009.7,95,9.3,-9900,-9900,0.0,0.0
2022,9,28,20,60,0.0,0.0,0.0,0.0,0.0,5,27.5,22.5,73,1009.6,102,9.3,-9900,-9900,0.0,0.0
2022,9,28,21,60,0.0,0.0,0.0,0.0,0.0,5,27.2,22.2,74,1009.6,111,9.3,-9900,-9900,0.0,0.0
2022,9,28,22,60,0.0,0.0,0.0,0.0,0.0,5,26.9,21.9,75,1009.6,122,7.4,-9900,-9900,0.0,0.0
2022,9,28,23,60,0.0,0.0,0.0,0.0,0.0,5,27.5,22.5,74,1010.5,121,7.4,-9900,-9900,0.0,0.0
2022,9,28,24,60,0.0,0.0,0.0,0.0,0.0,5,28.3,23.3,72,1011.0,114,7.4,-9900,-9900,0.0,0.0
2022,9,29,1,60,0.0,0.0,0.0,0.0,0.0,5,29.1,24.1,70,1011.4,107,7.4,-9900,-9900,0.0,0.0
2022,9,29,2,60,0.0,0.0,0.0,0.0,0.0,5,30.5,25.5,65,1011.3,102,7.4,-9900,-9900,0.0,0.0
2022,9,29,3,60,0.0,0.0,0.0,0.0,0.0,5,32.0,27.0,60,1011.2,98,7.4,-9900,-9900,0.0,0.0
2022,9,29,4,60,0.0,0.0,0.0,0.0,0.0,5,33.4,28.4,56,1011.0,93,7.4,-9900,-9900,0.0,0.0
2022,9,29,5,60,0.0,0.0,0.0,0.0,0.0,5,32.4,27.4,60,1010.4,90,13.0,-9900,-9900,0.0,0.0
2022,9,29,6,60,0.0,0.0,0.0,0.0,0.0,5,32.9,27.9,58,1009.8,89,13.0,-9900,-9900,0.0,0.0
2022,9,29,7,60,0.0,0.0,0.0,0.0,0.0,5,33.4,28.4,57,1009.2,88,13.0,-9900,-9900,0.0,0.0
2022,9,29,8,60,0.0,0.0,0.0,0.0,0.0,5,32.5,27.5,59,1009.4,90,13.0,-9900,-9900,0.0,0.0
2022,9,29,9,60,0.0,0.0,0.0,0.0,0.0,5,31.6,26.6,61,1009.7,92,13.0,-9900,-9900,0.0,0.0
2022,9,29,10,60,0.0,0.0,0.0,0.0,0.0,5,30.7,25.7,64,1010.0,94,13.0,-9900,-9900,0.0,0.0
2022,9,29,11,60,0.0,0.0,0.0,0.0,0.0,5,30.2,25.2,64,1010.6,72,9.3,-9900,-9900,0.0,0.0
2022,9,29,12,60,0.0,0.0,0.0,0.0,0.0,5,29.6,24.6,67,1011.2,83,11.1,-9900,-9900,0.0,0.0
2022,9,29,13,60,0.0,0.0,0.0,0.0,0.0,5,29.1,24.1,68,1011.8,91,11.1,-9900,-9900,0.0,0.0
2022,9,29,14,60,0.0,0.0,0.0,0.0,0.0,5,28.9,23.9,69,1012.1,90,11.1,-9900,-9900,0.0,0.0
2022,9,29,15,60,0.0,0.0,0.0,0.0,0.0,5,28.7,23.7,70,1012.3,89,11.1,-9900,-9900,0.0,0.0
2022,9,29,16,60,0.0,0.0,0.0,0.0,0.0,5,28.5,23.5,70,1012.6,88,11.1,-9900,-9900,0.0,0.0
2022,9,29,17,60,0.0,0.0,0.0,0.0,0.0,5,28.2,23.2,70,1012.8,84,13.0,-9900,-9900,0.0,0.0
2022,9,29,18,60,0.0,0.0,0.0,0.0,0.0,5,28.0,23.0,70,1012.6,86,11.1,-9900,-9900,0.0,0.0
2022,9,29,19,60,0.0,0.0,0.0,0.0,0.0,5,27.8,22.8,71,1012.3,89,9.3,-9900,-9900,0.0,0.0
2022,9,29,20,60,0.0,0.0,0.0,0.0,0.0,5,27.5,22.5,72,1012.4,98,7.4,-9900,-9900,0.0,0.0
2022,9,29,21,60,0.0,0.0,0.0,0.0,0.0,5,27.2,22.2,72,1012.4,110,7.4,-9900,-9900,0.0,0.0
2022,9,29,22,60,0.0,0.0,0.0,0.0,0.0,5,26.9,21.9,73,1012.4,129,5.5,-9900,-9900,0.0,0.0
2022,9,29,23,60,0.0,0.0,0.0,0.0,0.0,5,27.6,22.6,69,1012.8,114,7.4,-9900,-9900,0.0,0.0
2022,9,29,24,60,0.0,0.0,0.0,0.0,0.0,5,28.3,23.3,68,1013.2,109,7.4,-9900,-9900,0.0,0.0
2022,9,30,1,60,0.0,0.0,0.0,0.0,0.0,5,29.1,24.1,67,1013.7,105,7.4,-9900,-9900,0.0,0.0
2022,9,30,2,60,0.0,0.0,0.0,0.0,0.0,5,30.6,25.6,62,1013.5,102,9.3,-9900,-9900,0.0,0.0
2022,9,30,3,60,0.0,0.0,0.0,0.0,0.0,5,32.1,27.1,58,1013.2,101,9.3,-9900,-9900,0.0,0.0
2022,9,30,4,60,0.0,0.0,0.0,0.0,0.0,5,33.6,28.6,54,1013.0,99,11.1,-9900,-9900,0.0,0.0
2022,9,30,5,60,0.0,0.0,0.0,0.0,0.0,5,33.8,28.8,53,1012.5,98,11.1,-9900,-9900,0.0,0.0
2022,9,30,6,60,0.0,0.0,0.0,0.0,0.0,5,34.0,29.0,52,1012.1,98,11.1,-9900,-9900,0.0,0.0
2022,9,30,7,60,0.0,0.0,0.0,0.0,0.0,5,34.2,29.2,52,1011.6,97,11.1,-9900,-9900,0.0,0.0
2022,9,30,8,60,0.0,0.0,0.0,0.0,0.0,5,33.2,28.2,54,1011.7,96,13.0,-9900,-9900,0.0,0.0
2022,9,30,9,60,0.0,0.0,0.0,0.0,0.0,5,32.2,27.2,56,1011.7,96,13.0,-9900,-9900,0.0,0.0
2022,9,30,10,60,0.0,0.0,0.0,0.0,0.0,5,31.2,26.2,57,1011.8,95,14.8,-9900,-9900,0.0,0.0
2022,9,30,11,60,0.0,0.0,0.0,0.0,0.0,5,29.7,24.7,63,1012.2,72,16.7,-9900,-9900,0.0,0.0
2022,9,30,12,60,0.0,0.0,0.0,0.0,0.0,5,29.2,24.2,65,1012.7,78,14.8,-9900,-9900,0.0,0.0
2022,9,30,13,60,0.0,0.0,0.0,0.0,0.0,5,28.7,23.7,67,1013.2,85,13.0,-9900,-9900,0.0,0.0
2022,9,30,14,60,0.0,0.0,0.0,0.0,0.0,5,28.5,23.5,68,1013.3,87,13.0,-9900,-9900,0.0,0.0
2022,9,30,15,60,0.0,0.0,0.0,0.0,0.0,5,28.4,23.4,68,1013.4,89,11.1,-9900,-9900,0.0,0.0
2022,9,30,16,60,0.0,0.0,0.0,0.0,0.0,5,28.3,23.3,68,1013.5,92,11.1,-9900,-9900,0.0,0.0
2022,9,30,17,60,0.0,0.0,0.0,0.0,0.0,5,28.1,23.1,69,1013.7,96,9.3,-9900,-9900,0.0,0.0
2022,9,30,18,60,0.0,0.0,0.0,0.0,0.0,5,27.8,22.8,70,1013.4,100,9.3,-9900,-9900,0.0,0.0
2022,9,30,19,60,0.0,0.0,0.0,0.0,0.0,5,27.5,22.5,71,1013.2,106,7.4,-9900,-9900,0.0,0.0
2022,9,30,20,60,0.0,0.0,0.0,0.0,0.0,5,27.2,22.2,72,1013.2,119,7.4,-9900,-9900,0.0,0.0
2022,9,30,21,60,0.0,0.0,0.0,0.0,0.0,5,26.8,21.8,73,1013.2,134,5.5,-9900,-9900,0.0,0.0
2022,9,30,22,60,0.0,0.0,0.0,0.0,0.0,5,26.6,21.6,73,1013.2,151,5.5,-9900,-9900,0.0,0.0
2022,9,30,23,60,0.0,0.0,0.0,0.0,0.0,5,27.7,22.7,70,1013.8,147,5.5,-9900,-9900,0.0,0.0
2022,9,30,24,60,0.0,0.0,0.0,0.0,0.0,5,28.5,23.5,68,1014.1,138,7.4,-9900,-9900,0.0,0.0
2022,10,1,1,60,0.0,0.0,0.0,0.0,0.0,5,29.3,24.3,66,1014.4,130,7.4,-9900,-9900,0.0,0.0
2022,10,1,2,60,0.0,0.0,0.0,0.0,0.0,5,30.7,25.7,61,1014.2,117,7.4,-9900,-9900,0.0,0.0
2022,10,1,3,60,0.0,0.0,0.0,0.0,0.0,5,32.1,27.1,57,1014.0,106,9.3,-9900,-9900,0.0,0.0
2022,10,1,4,60,0.0,0.0,0.0,0.0,0.0,5,33.5,28.5,53,1013.8,98,9.3,-9900,-9900,0.0,0.0
2022,10,1,5,60,0.0,0.0,0.0,0.0,0.0,5,33.3,28.3,54,1013.5,100,11.1,-9900,-9900,0.0,0.0
2022,10,1,6,60,0.0,0.0,0.0,0.0,0.0,5,33.6,28.6,53,1012.9,98,11.1,-9900,-9900,0.0,0.0
2022,10,1,7,60,0.0,0.0,0.0,0.0,0.0,5,33.9,28.9,53,1012.2,97,11.1,-9900,-9900,0.0,0.0
2022,10,1,8,60,0.0,0.0,0.0,0.0,0.0,5,33.0,28.0,55,1012.3,98,13.0,-9900,-9900,0.0,0.0
2022,10,1,9,60,0.0,0.0,0.0,0.0,0.0,5,32.1,27.1,57,1012.4,98,13.0,-9900,-9900,0.0,0.0
2022,10,1,10,60,0.0,0.0,0.0,0.0,0.0,5,31.2,26.2,59,1012.4,99,14.8,-9900,-9900,0.0,0.0
2022,10,1,11,60,0.0,0.0,0.0,0.0,0.0,5,30.4,25.4,61,1013.1,105,16.7,-9900,-9900,0.0,0.0
2022,10,1,12,60,0.0,0.0,0.0,0.0,0.0,5,29.8,24.8,64,1013.5,101,14.8,-9900,-9900,0.0,0.0
2022,10,1,13,60,0.0,0.0,0.0,0.0,0.0,5,29.2,24.2,66,1013.9,97,14.8,-9900,-9900,0.0,0.0
2022,10,1,14,60,0.0,0.0,0.0,0.0,0.0,5,29.0,24.0,67,1013.8,97,13.0,-9900,-9900,0.0,0.0
2022,10,1,15,60,0.0,0.0,0.0,0.0,0.0,5,28.9,23.9,68,1013.7,97,13.0,-9900,-9900,0.0,0.0
2022,10,1,16,60,0.0,0.0,0.0,0.0,0.0,5,28.8,23.8,68,1013.6,97,11.1,-9900,-9900,0.0,0.0
2022,10,1,17,60,0.0,0.0,0.0,0.0,0.0,5,28.2,23.2,69,1013.7,110,11.1,-9900,-9900,0.0,0.0
2022,10,1,18,60,0.0,0.0,0.0,0.0,0.0,5,27.9,22.9,70,1013.4,114,9.3,-9900,-9900,0.0,0.0
2022,10,1,19,60,0.0,0.0,0.0,0.0,0.0,5,27.6,22.6,71,1013.1,119,9.3,-9900,-9900,0.0,0.0
2022,10,1,20,60,0.0,0.0,0.0,0.0,0.0,5,27.2,22.2,72,1013.0,127,7.4,-9900,-9900,0.0,0.0
2022,10,1,21,60,0.0,0.0,0.0,0.0,0.0,5,26.8,21.8,73,1013.0,139,7.4,-9900,-9900,0.0,0.0
2022,10,1,22,60,0.0,0.0,0.0,0.0,0.0,5,26.5,21.5,74,1013.0,154,5.5,-9900,-9900,0.0,0.0
2022,10,1,23,60,0.0,0.0,0.0,0.0,0.0,5,27.6,22.6,68,1013.7,170,5.5,-9900,-9900,0.0,0.0
2022,10,1,24,60,0.0,0.0,0.0,0.0,0.0,5,28.4,23.4,67,1014.1,160,5.5,-9900,-9900,0.0,0.0
2022,10,2,1,60,0.0,0.0,0.0,0.0,0.0,5,29.2,24.2,66,1014.4,150,5.5,-9900,-9900,0.0,0.0
2022,10,2,2,60,0.0,0.0,0.0,0.0,0.0,5,30.7,25.7,62,1014.0,140,5.5,-9900,-9900,0.0,0.0
2022,10,2,3,60,0.0,0.0,0.0,0.0,0.0,5,32.2,27.2,57,1013.6,126,5.5,-9900,-9900,0.0,0.0
2022,10,2,4,60,0.0,0.0,0.0,0.0,0.0,5,33.7,28.7,53,1013.2,105,5.5,-9900,-9900,0.0,0.0
2022,10,2,5,60,0.0,0.0,0.0,0.0,0.0,5,33.1,28.1,54,1012.9,85,7.4,-9900,-9900,0.0,0.0
2022,10,2,6,60,0.0,0.0,0.0,0.0,0.0,5,33.5,28.5,54,1012.2,84,9.3,-9900,-9900,0.0,0.0
2022,10,2,7,60,0.0,0.0,0.0,0.0,0.0,5,33.9,28.9,53,1011.4,83,9.3,-9900,-9900,0.0,0.0
2022,10,2,8,60,0.0,0.0,0.0,0.0,0.0,5,33.0,28.0,56,1011.5,89,11.1,-9900,-9900,0.0,0.0
2022,10,2,9,60,0.0,0.0,0.0,0.0,0.0,5,32.2,27.2,57,1011.7,93,13.0,-9900,-9900,0.0,0.0
2022,10,2,10,60,0.0,0.0,0.0,0.0,0.0,5,31.4,26.4,60,1011.8,96,13.0,-9900,-9900,0.0,0.0
2022,10,2,11,60,0.0,0.0,0.0,0.0,0.0,5,30.6,25.6,61,1012.7,80,11.1,-9900,-9900,0.0,0.0
2022,10,2,12,60,0.0,0.0,0.0,0.0,0.0,5,29.9,24.9,65,1013.1,90,11.1,-9900,-9900,0.0,0.0
2022,10,2,13,60,0.0,0.0,0.0,0.0,0.0,5,29.3,24.3,67,1013.5,97,11.1,-9900,-9900,0.0,0.0
2022,10,2,14,60,0.0,0.0,0.0,0.0,0.0,5,29.2,24.2,68,1013.5,94,11.1,-9900,-9900,0.0,0.0
2022,10,2,15,60,0.0,0.0,0.0,0.0,0.0,5,29.1,24.1,68,1013.5,91,11.1,-9900,-9900,0.0,0.0
2022,10,2,16,60,0.0,0.0,0.0,0.0,0.0,5,29.0,24.0,68,1013.4,88,11.1,-9900,-9900,0.0,0.0
2022,10,2,17,60,0.0,0.0,0.0,0.0,0.0,5,28.8,23.8,69,1013.2,92,11.1,-9900,-9900,0.0,0.0
2022,10,2,18,60,0.0,0.0,0.0,0.0,0.0,5,28.6,23.6,70,1012.9,99,9.3,-9900,-9900,0.0,0.0
2022,10,2,19,60,0.0,0.0,0.0,0.0,0.0,5,28.3,23.3,71,1012.6,107,9.3,-9900,-9900,0.0,0.0
2022,10,2,20,60,0.0,0.0,0.0,0.0,0.0,5,28.0,23.0,72,1012.6,116,7.4,-9900,-9900,0.0,0.0
2022,10,2,21,60,0.0,0.0,0.0,0.0,0.0,5,27.8,22.8,72,1012.6,128,7.4,-9900,-9900,0.0,0.0
2022,10,2,22,60,0.0,0.0,0.0,0.0,0.0,5,27.5,22.5,73,1012.5,142,5.5,-9900,-9900,0.0,0.0
2022,10,2,23,60,0.0,0.0,0.0,0.0,0.0,5,28.6,23.6,68,1013.3,126,7.4,-9900,-9900,0.0,0.0
2022,10,2,24,60,0.0,0.0,0.0,0.0,0.0,5,29.2,24.2,67,1013.8,118,7.4,-9900,-9900,0.0,0.0
2022,10,3,1,60,0.0,0.0,0.0,0.0,0.0,5,29.9,24.9,66,1014.2,112,9.3,-9900,-9900,0.0,0.0
2022,10,3,2,60,0.0,0.0,0.0,0.0,0.0,5,31.3,26.3,61,1013.9,106,9.3,-9900,-9900,0.0,0.0
2022,10,3,3,60,0.0,0.0,0.0,0.0,0.0,5,32.6,27.6,57,1013.7,101,11.1,-9900,-9900,0.0,0.0
2022,10,3,4,60,0.0,0.0,0.0,0.0,0.0,5,34.0,29.0,52,1013.5,97,11.1,-9900,-9900,0.0,0.0
2022,10,3,5,60,0.0,0.0,0.0,0.0,0.0,5,34.2,29.2,51,1013.1,97,13.0,-9900,-9900,0.0,0.0
2022,10,3,6,60,0.0,0.0,0.0,0.0,0.0,5,34.5,29.5,50,1012.4,97,13.0,-9900,-9900,0.0,0.0
2022,10,3,7,60,0.0,0.0,0.0,0.0,0.0,5,34.8,29.8,50,1011.7,97,13.0,-9900,-9900,0.0,0.0
2022,10,3,8,60,0.0,0.0,0.0,0.0,0.0,5,33.7,28.7,53,1011.8,99,14.8,-9900,-9900,0.0,0.0
2022,10,3,9,60,0.0,0.0,0.0,0.0,0.0,5,32.6,27.6,55,1011.9,101,16.7,-9900,-9900,0.0,0.0
2022,10,3,10,60,0.0,0.0,0.0,0.0,0.0,5,31.5,26.5,58,1012.0,103,16.7,-9900,-9900,0.0,0.0
2022,10,3,11,60,0.0,0.0,0.0,0.0,0.0,5,30.6,25.6,61,1012.6,92,16.7,-9900,-9900,0.0,0.0
2022,10,3,12,60,0.0,0.0,0.0,0.0,0.0,5,29.9,24.9,64,1013.1,93,14.8,-9900,-9900,0.0,0.0
2022,10,3,13,60,0.0,0.0,0.0,0.0,0.0,5,29.2,24.2,66,1013.6,95,14.8,-9900,-9900,0.0,0.0
2022,10,3,14,60,0.0,0.0,0.0,0.0,0.0,5,29.1,24.1,67,1013.6,94,13.0,-9900,-9900,0.0,0.0
2022,10,3,15,60,0.0,0.0,0.0,0.0,0.0,5,28.9,23.9,67,1013.6,93,13.0,-9900,-9900,0.0,0.0
2022,10,3,16,60,0.0,0.0,0.0,0.0,0.0,5,28.7,23.7,68,1013.5,92,13.0,-9900,-9900,0.0,0.0
2022,10,3,17,60,0.0,0.0,0.0,0.0,0.0,5,28.0,23.0,66,1013.4,99,11.1,-9900,-9900,0.0,0.0
2022,10,3,18,60,0.0,0.0,0.0,0.0,0.0,5,27.7,22.7,67,1013.1,104,9.3,-9900,-9900,0.0,0.0
2022,10,3,19,60,0.0,0.0,0.0,0.0,0.0,5,27.3,22.3,68,1012.8,111,7.4,-9900,-9900,0.0,0.0
2022,10,3,20,60,0.0,0.0,0.0,0.0,0.0,5,27.1,22.1,69,1012.8,119,7.4,-9900,-9900,0.0,0.0
2022,10,3,21,60,0.0,0.0,0.0,0.0,0.0,5,26.8,21.8,70,1012.7,130,7.4,-9900,-9900,0.0,0.0
2022,10,3,22,60,0.0,0.0,0.0,0.0,0.0,5,26.7,21.7,70,1012.6,144,5.5,-9900,-9900,0.0,0.0
2022,10,3,23,60,0.0,0.0,0.0,0.0,0.0,5,27.1,22.1,69,1013.5,155,5.5,-9900,-9900,0.0,0.0
2022,10,3,24,60,0.0,0.0,0.0,0.0,0.0,5,28.0,23.0,68,1013.9,150,5.5,-9900,-9900,0.0,0.0
2022,10,4,1,60,0.0,0.0,0.0,0.0,0.0,5,28.8,23.8,66,1014.3,144,5.5,-9900,-9900,0.0,0.0
2022,10,4,2,60,0.0,0.0,0.0,0.0,0.0,5,30.5,25.5,61,1014.0,133,5.5,-9900,-9900,0.0,0.0
2022,10,4,3,60,0.0,0.0,0.0,0.0,0.0,5,32.2,27.2,55,1013.7,110,5.5,-9900,-9900,0.0,0.0
2022,10,4,4,60,0.0,0.0,0.0,0.0,0.0,5,33.9,28.9,51,1013.3,69,5.5,-9900,-9900,0.0,0.0
2022,10,4,5,60,0.0,0.0,0.0,0.0,0.0,5,33.1,28.1,51,1013.2,79,7.4,-9900,-9900,0.0,0.0
2022,10,4,6,60,0.0,0.0,0.0,0.0,0.0,5,33.6,28.6,51,1012.4,77,9.3,-9900,-9900,0.0,0.0
2022,10,4,7,60,0.0,0.0,0.0,0.0,0.0,5,34.0,29.0,50,1011.6,76,9.3,-9900,-9900,0.0,0.0
2022,10,4,8,60,0.0,0.0,0.0,0.0,0.0,5,33.0,28.0,53,1011.6,84,11.1,-9900,-9900,0.0,0.0
2022,10,4,9,60,0.0,0.0,0.0,0.0,0.0,5,32.0,27.0,56,1011.7,91,13.0,-9900,-9900,0.0,0.0
2022,10,4,10,60,0.0,0.0,0.0,0.0,0.0,5,30.9,25.9,59,1011.8,96,14.8,-9900,-9900,0.0,0.0
2022,10,4,11,60,0.0,0.0,0.0,0.0,0.0,5,29.8,24.8,64,1012.9,88,14.8,-9900,-9900,0.0,0.0
2022,10,4,12,60,0.0,0.0,0.0,0.0,0.0,5,29.3,24.3,66,1013.5,87,13.0,-9900,-9900,0.0,0.0
2022,10,4,13,60,0.0,0.0,0.0,0.0,0.0,5,28.7,23.7,68,1014.2,86,11.1,-9900,-9900,0.0,0.0
2022,10,4,14,60,0.0,0.0,0.0,0.0,0.0,5,28.5,23.5,68,1014.5,85,11.1,-9900,-9900,0.0,0.0
2022,10,4,15,60,0.0,0.0,0.0,0.0,0.0,5,28.4,23.4,69,1014.8,85,11.1,-9900,-9900,0.0,0.0
2022,10,4,16,60,0.0,0.0,0.0,0.0,0.0,5,28.2,23.2,69,1015.1,85,11.1,-9900,-9900,0.0,0.0
2022,10,4,17,60,0.0,0.0,0.0,0.0,0.0,5,27.8,22.8,71,1015.3,85,11.1,-9900,-9900,0.0,0.0
2022,10,4,18,60,0.0,0.0,0.0,0.0,0.0,5,27.5,22.5,72,1015.0,80,11.1,-9900,-9900,0.0,0.0
2022,10,4,19,60,0.0,0.0,0.0,0.0,0.0,5,27.3,22.3,72,1014.6,75,11.1,-9900,-9900,0.0,0.0
2022,10,4,20,60,0.0,0.0,0.0,0.0,0.0,5,27.1,22.1,73,1014.7,79,11.1,-9900,-9900,0.0,0.0
2022,10,4,21,60,0.0,0.0,0.0,0.0,0.0,5,27.0,22.0,74,1014.7,83,11.1,-9900,-9900,0.0,0.0
2022,10,4,22,60,0.0,0.0,0.0,0.0,0.0,5,26.8,21.8,76,1014.7,87,11.1,-9900,-9900,0.0,0.0
2022,10,4,23,60,0.0,0.0,0.0,0.0,0.0,5,27.1,22.1,75,1015.4,81,11.1,-9900,-9900,0.0,0.0
2022,10,4,24,60,0.0,0.0,0.0,0.0,0.0,5,27.3,22.3,75,1016.1,75,13.0,-9900,-9900,0.0,0.0
2022,10,5,1,60,0.0,0.0,0.0,0.0,0.0,5,27.6,22.6,74,1016.8,70,13.0,-9900,-9900,0.0,0.0
2022,10,5,2,60,0.0,0.0,0.0,0.0,0.0,5,27.8,22.8,74,1016.8,72,14.8,-9900,-9900,0.0,0.0
2022,10,5,3,60,0.0,0.0,0.0,0.0,0.0,5,28.0,23.0,73,1016.8,75,14.8,-9900,-9900,0.0,0.0
2022,10,5,4,60,0.0,0.0,0.0,0.0,0.0,5,28.2,23.2,73,1016.8,77,16.7,-9900,-9900,0.0,0.0
2022,10,5,5,60,0.0,0.0,0.0,0.0,0.0,5,28.2,23.2,73,1016.2,76,16.7,-9900,-9900,0.0,0.0
2022,10,5,6,60,0.0,0.0,0.0,0.0,0.0,5,28.3,23.3,72,1015.6,75,16.7,-9900,-9900,0.0,0.0
2022,10,5,7,60,0.0,0.0,0.0,0.0,0.0,5,28.4,23.4,71,1015.1,75,16.7,-9900,-9900,0.0,0.0
2022,10,5,8,60,0.0,0.0,0.0,0.0,0.0,5,28.0,23.0,73,1015.1,73,16.7,-9900,-9900,0.0,0.0
2022,10,5,9,60,0.0,0.0,0.0,0.0,0.0,5,27.6,22.6,74,1015.1,71,16.7,-9900,-9900,0.0,0.0
2022,10,5,10,60,0.0,0.0,0.0,0.0,0.0,5,27.2,22.2,76,1015.1,68,16.7,-9900,-9900,0.0,0.0
2022,10,5,11,60,0.0,0.0,0.0,0.0,0.0,5,26.4,21.4,78,1016.1,80,16.7,-9900,-9900,0.0,0.0
2022,10,5,12,60,0.0,0.0,0.0,0.0,0.0,5,26.1,21.1,79,1016.5,79,16.7,-9900,-9900,0.0,0.0
2022,10,5,13,60,0.0,0.0,0.0,0.0,0.0,5,25.9,20.9,80,1017.0,79,14.8,-9900,-9900,0.0,0.0
2022,10,5,14,60,0.0,0.0,0.0,0.0,0.0,5,25.9,20.9,80,1017.0,78,14.8,-9900,-9900,0.0,0.0
2022,10,5,15,60,0.0,0.0,0.0,0.0,0.0,5,25.9,20.9,80,1017.0,78,14.8,-9900,-9900,0.0,0.0
2022,10,5,16,60,0.0,0.0,0.0,0.0,0.0,5,25.9,20.9,79,1017.0,77,14.8,-9900,-9900,0.0,0.0
2022,10,5,17,60,0.0,0.0,0.0,0.0,0.0,5,26.0,21.0,83,1016.3,76,14.8,-9900,-9900,0.0,0.0
2022,10,5,18,60,0.0,0.0,0.0,0.0,0.0,5,26.0,21.0,82,1016.0,73,14.8,-9900,-9900,0.0,0.0
2022,10,5,19,60,0.0,0.0,0.0,0.0,0.0,5,25.9,20.9,82,1015.7,70,14.8,-9900,-9900,0.0,0.0
2022,10,5,20,60,0.0,0.0,0.0,0.0,0.0,5,25.8,20.8,83,1015.7,72,14.8,-9900,-9900,0.0,0.0
2022,10,5,21,60,0.0,0.0,0.0,0.0,0.0,5,25.7,20.7,83,1015.7,74,13.0,-9900,-9900,0.0,0.0
2022,10,5,22,60,0.0,0.0,0.0,0.0,0.0,5,25.6,20.6,84,1015.6,76,13.0,-9900,-9900,0.0,0.0
2022,10,5,23,60,0.0,0.0,0.0,0.0,0.0,5,24.9,19.9,91,1015.9,79,14.8,-9900,-9900,0.0,0.0
2022,10,5,24,60,0.0,0.0,0.0,0.0,0.0,5,25.3,20.3,89,1016.4,78,14.8,-9900,-9900,0.0,0.0
2022,10,6,1,60,0.0,0.0,0.0,0.0,0.0,5,25.7,20.7,87,1016.9,77,14.8,-9900,-9900,0.0,0.0
2022,10,6,2,60,0.0,0.0,0.0,0.0,0.0,5,26.2,21.2,84,1016.7,76,14.8,-9900,-9900,0.0,0.0
2022,10,6,3,60,0.0,0.0,0.0,0.0,0.0,5,26.7,21.7,81,1016.6,75,16.7,-9900,-9900,0.0,0.0
2022,10,6,4,60,0.0,0.0,0.0,0.0,0.0,5,27.1,22.1,79,1016.4,74,18.5,-9900,-9900,0.0,0.0
2022,10,6,5,60,0.0,0.0,0.0,0.0,0.0,5,26.6,21.6,77,1016.1,74,16.7,-9900,-9900,0.0,0.0
2022,10,6,6,60,0.0,0.0,0.0,0.0,0.0,5,26.9,21.9,76,1015.5,71,16.7,-9900,-9900,0.0,0.0
2022,10,6,7,60,0.0,0.0,0.0,0.0,0.0,5,27.1,22.1,75,1014.9,68,16.7,-9900,-9900,0.0,0.0
2022,10,6,8,60,0.0,0.0,0.0,0.0,0.0,5,26.8,21.8,77,1014.9,66,16.7,-9900,-9900,0.0,0.0
2022,10,6,9,60,0.0,0.0,0.0,0.0,0.0,5,26.4,21.4,79,1014.9,65,16.7,-9900,-9900,0.0,0.0
2022,10,6,10,60,0.0,0.0,0.0,0.0,0.0,5,26.1,21.1,81,1014.9,63,14.8,-9900,-9900,0.0,0.0
2022,10,6,11,60,0.0,0.0,0.0,0.0,0.0,5,25.5,20.5,83,1015.5,78,16.7,-9900,-9900,0.0,0.0
2022,10,6,12,60,0.0,0.0,0.0,0.0,0.0,5,25.3,20.3,84,1016.1,77,16.7,-9900,-9900,0.0,0.0
2022,10,6,13,60,0.0,0.0,0.0,0.0,0.0,5,25.2,20.2,85,1016.6,76,14.8,-9900,-9900,0.0,0.0
2022,10,6,14,60,0.0,0.0,0.0,0.0,0.0,5,25.2,20.2,85,1016.6,76,14.8,-9900,-9900,0.0,0.0
2022,10,6,15,60,0.0,0.0,0.0,0.0,0.0,5,25.2,20.2,85,1016.7,75,14.8,-9900,-9900,0.0,0.0
2022,10,6,16,60,0.0,0.0,0.0,0.0,0.0,5,25.1,20.1,85,1016.8,75,13.0,-9900,-9900,0.0,0.0
2022,10,6,17,60,0.0,0.0,0.0,0.0,0.0,5,25.3,20.3,84,1016.2,77,13.0,-9900,-9900,0.0,0.0
2022,10,6,18,60,0.0,0.0,0.0,0.0,0.0,5,25.2,20.2,84,1015.9,75,13.0,-9900,-9900,0.0,0.0
2022,10,6,19,60,0.0,0.0,0.0,0.0,0.0,5,25.2,20.2,84,1015.5,72,13.0,-9900,-9900,0.0,0.0
2022,10,6,20,60,0.0,0.0,0.0,0.0,0.0,5,25.2,20.2,84,1015.5,74,13.0,-9900,-9900,0.0,0.0
2022,10,6,21,60,0.0,0.0,0.0,0.0,0.0,5,25.2,20.2,85,1015.4,76,11.1,-9900,-9900,0.0,0.0
2022,10,6,22,60,0.0,0.0,0.0,0.0,0.0,5,25.2,20.2,85,1015.3,78,11.1,-9900,-9900,0.0,0.0
2022,10,6,23,60,0.0,0.0,0.0,0.0,0.0,5,25.8,20.8,85,1015.4,89,13.0,-9900,-9900,0.0,0.0
2022,10,6,24,60,0.0,0.0,0.0,0.0,0.0,5,26.0,21.0,84,1015.8,87,13.0,-9900,-9900,0.0,0.0
2022,10,7,1,60,0.0,0.0,0.0,0.0,0.0,5,26.3,21.3,83,1016.2,85,13.0,-9900,-9900,0.0,0.0
2022,10,7,2,60,0.0,0.0,0.0,0.0,0.0,5,26.8,21.8,81,1016.1,83,13.0,-9900,-9900,0.0,0.0
2022,10,7,3,60,0.0,0.0,0.0,0.0,0.0,5,27.3,22.3,78,1016.0,82,14.8,-9900,-9900,0.0,0.0
2022,10,7,4,60,0.0,0.0,0.0,0.0,0.0,5,27.8,22.8,76,1015.9,81,14.8,-9900,-9900,0.0,0.0
2022,10,7,5,60,0.0,0.0,0.0,0.0,0.0,5,27.5,22.5,77,1015.1,77,14.8,-9900,-9900,0.0,0.0
2022,10,7,6,60,0.0,0.0,0.0,0.0,0.0,5,27.6,22.6,76,1014.4,74,14.8,-9900,-9900,0.0,0.0
2022,10,7,7,60,0.0,0.0,0.0,0.0,0.0,5,27.7,22.7,75,1013.6,72,14.8,-9900,-9900,0.0,0.0
2022,10,7,8,60,0.0,0.0,0.0,0.0,0.0,5,27.1,22.1,77,1014.0,70,14.8,-9900,-9900,0.0,0.0
2022,10,7,9,60,0.0,0.0,0.0,0.0,0.0,5,26.5,21.5,79,1014.3,67,14.8,-9900,-9900,0.0,0.0
2022,10,7,10,60,0.0,0.0,0.0,0.0,0.0,5,26.0,21.0,81,1014.6,64,13.0,-9900,-9900,0.0,0.0
2022,10,7,11,60,0.0,0.0,0.0,0.0,0.0,5,25.1,20.1,85,1015.6,82,14.8,-9900,-9900,0.0,0.0
2022,10,7,12,60,0.0,0.0,0.0,0.0,0.0,5,24.9,19.9,85,1016.4,78,13.0,-9900,-9900,0.0,0.0
2022,10,7,13,60,0.0,0.0,0.0,0.0,0.0,5,24.7,19.7,85,1017.1,74,13.0,-9900,-9900,0.0,0.0
2022,10,7,14,60,0.0,0.0,0.0,0.0,0.0,5,24.5,19.5,86,1017.3,75,13.0,-9900,-9900,0.0,0.0
2022,10,7,15,60,0.0,0.0,0.0,0.0,0.0,5,24.4,19.4,85,1017.4,76,13.0,-9900,-9900,0.0,0.0
2022,10,7,16,60,0.0,0.0,0.0,0.0,0.0,5,24.2,19.2,85,1017.6,77,11.1,-9900,-9900,0.0,0.0
2022,10,7,17,60,0.0,0.0,0.0,0.0,0.0,5,24.1,19.1,87,1017.7,77,13.0,-9900,-9900,0.0,0.0
2022,10,7,18,60,0.0,0.0,0.0,0.0,0.0,5,24.2,19.2,86,1017.4,77,13.0,-9900,-9900,0.0,0.0
2022,10,7,19,60,0.0,0.0,0.0,0.0,0.0,5,24.2,19.2,85,1017.1,76,13.0,-9900,-9900,0.0,0.0
2022,10,7,20,60,0.0,0.0,0.0,0.0,0.0,5,24.2,19.2,85,1016.9,79,11.1,-9900,-9900,0.0,0.0
2022,10,7,21,60,0.0,0.0,0.0,0.0,0.0,5,24.1,19.1,85,1016.7,82,11.1,-9900,-9900,0.0,0.0
2022,10,7,22,60,0.0,0.0,0.0,0.0,0.0,5,24.1,19.1,85,1016.6,84,11.1,-9900,-9900,0.0,0.0
2022,10,7,23,60,0.0,0.0,0.0,0.0,0.0,5,24.1,19.1,86,1016.8,79,13.0,-9900,-9900,0.0,0.0
2022,10,7,24,60,0.0,0.0,0.0,0.0,0.0,5,24.2,19.2,87,1017.1,73,13.0,-9900,-9900,0.0,0.0
2022,10,8,1,60,0.0,0.0,0.0,0.0,0.0,5,24.3,19.3,87,1017.3,69,14.8,-9900,-9900,0.0,0.0
2022,10,8,2,60,0.0,0.0,0.0,0.0,0.0,5,24.5,19.5,86,1017.3,72,14.8,-9900,-9900,0.0,0.0
2022,10,8,3,60,0.0,0.0,0.0,0.0,0.0,5,24.7,19.7,84,1017.3,76,14.8,-9900,-9900,0.0,0.0
2022,10,8,4,60,0.0,0.0,0.0,0.0,0.0,5,24.8,19.8,83,1017.3,79,16.7,-9900,-9900,0.0,0.0
2022,10,8,5,60,0.0,0.0,0.0,0.0,0.0,5,24.3,19.3,84,1016.6,78,16.7,-9900,-9900,0.0,0.0
2022,10,8,6,60,0.0,0.0,0.0,0.0,0.0,5,24.6,19.6,82,1016.0,78,16.7,-9900,-9900,0.0,0.0
2022,10,8,7,60,0.0,0.0,0.0,0.0,0.0,5,24.8,19.8,80,1015.4,77,16.7,-9900,-9900,0.0,0.0
2022,10,8,8,60,0.0,0.0,0.0,0.0,0.0,5,24.7,19.7,80,1015.4,75,16.7,-9900,-9900,0.0,0.0
2022,10,8,9,60,0.0,0.0,0.0,0.0,0.0,5,24.6,19.6,80,1015.4,73,14.8,-9900,-9900,0.0,0.0
2022,10,8,10,60,0.0,0.0,0.0,0.0,0.0,5,24.5,19.5,81,1015.4,71,14.8,-9900,-9900,0.0,0.0
2022,10,8,11,60,0.0,0.0,0.0,0.0,0.0,5,24.6,19.6,82,1016.3,81,14.8,-9900,-9900,0.0,0.0
2022,10,8,12,60,0.0,0.0,0.0,0.0,0.0,5,24.4,19.4,82,1016.8,80,14.8,-9900,-9900,0.0,0.0
2022,10,8,13,60,0.0,0.0,0.0,0.0,0.0,5,24.3,19.3,82,1017.3,79,14.8,-9900,-9900,0.0,0.0
2022,10,8,14,60,0.0,0.0,0.0,0.0,0.0,5,24.3,19.3,82,1017.2,79,13.0,-9900,-9900,0.0,0.0
2022,10,8,15,60,0.0,0.0,0.0,0.0,0.0,5,24.2,19.2,82,1017.2,80,13.0,-9900,-9900,0.0,0.0
2022,10,8,16,60,0.0,0.0,0.0,0.0,0.0,5,24.2,19.2,82,1017.1,80,13.0,-9900,-9900,0.0,0.0
2022,10,8,17,60,0.0,0.0,0.0,0.0,0.0,5,23.7,18.7,86,1016.6,85,13.0,-9900,-9900,0.0,0.0
2022,10,8,18,60,0.0,0.0,0.0,0.0,0.0,5,23.8,18.8,85,1016.2,83,13.0,-9900,-9900,0.0,0.0
2022,10,8,19,60,0.0,0.0,0.0,0.0,0.0,5,24.0,19.0,85,1015.8,80,13.0,-9900,-9900,0.0,0.0
2022,10,8,20,60,0.0,0.0,0.0,0.0,0.0,5,24.0,19.0,84,1015.8,82,11.1,-9900,-9900,0.0,0.0
2022,10,8,21,60,0.0,0.0,0.0,0.0,0.0,5,24.0,19.0,84,1015.7,84,11.1,-9900,-9900,0.0,0.0
2022,10,8,22,60,0.0,0.0,0.0,0.0,0.0,5,24.0,19.0,84,1015.7,87,9.3,-9900,-9900,0.0,0.0
2022,10,8,23,60,0.0,0.0,0.0,0.0,0.0,5,23.9,18.9,85,1016.3,97,11.1,-9900,-9900,0.0,0.0
2022,10,8,24,60,0.0,0.0,0.0,0.0,0.0,5,24.3,19.3,84,1016.6,96,11.1,-9900,-9900,0.0,0.0
2022,10,9,1,60,0.0,0.0,0.0,0.0,0.0,5,24.7,19.7,83,1017.0,95,11.1,-9900,-9900,0.0,0.0
2022,10,9,2,60,0.0,0.0,0.0,0.0,0.0,5,25.5,20.5,80,1016.9,91,11.1,-9900,-9900,0.0,0.0
2022,10,9,3,60,0.0,0.0,0.0,0.0,0.0,5,26.3,21.3,76,1016.7,86,13.0,-9900,-9900,0.0,0.0
2022,10,9,4,60,0.0,0.0,0.0,0.0,0.0,5,27.1,22.1,73,1016.5,82,13.0,-9900,-9900,0.0,0.0
2022,10,9,5,60,0.0,0.0,0.0,0.0,0.0,5,25.9,20.9,79,1016.3,79,14.8,-9900,-9900,0.0,0.0
2022,10,9,6,60,0.0,0.0,0.0,0.0,0.0,5,26.2,21.2,76,1015.7,73,14.8,-9900,-9900,0.0,0.0
2022,10,9,7,60,0.0,0.0,0.0,0.0,0.0,5,26.4,21.4,75,1015.0,68,14.8,-9900,-9900,0.0,0.0
2022,10,9,8,60,0.0,0.0,0.0,0.0,0.0,5,25.9,20.9,76,1015.3,68,13.0,-9900,-9900,0.0,0.0
2022,10,9,9,60,0.0,0.0,0.0,0.0,0.0,5,25.5,20.5,78,1015.7,67,13.0,-9900,-9900,0.0,0.0
2022,10,9,10,60,0.0,0.0,0.0,0.0,0.0,5,25.0,20.0,79,1016.0,67,11.1,-9900,-9900,0.0,0.0
2022,10,9,11,60,0.0,0.0,0.0,0.0,0.0,5,24.4,19.4,85,1016.6,88,13.0,-9900,-9900,0.0,0.0
2022,10,9,12,60,0.0,0.0,0.0,0.0,0.0,5,24.2,19.2,85,1017.4,87,13.0,-9900,-9900,0.0,0.0
2022,10,9,13,60,0.0,0.0,0.0,0.0,0.0,5,24.0,19.0,84,1018.1,86,11.1,-9900,-9900,0.0,0.0
2022,10,9,14,60,0.0,0.0,0.0,0.0,0.0,5,23.8,18.8,84,1018.5,88,11.1,-9900,-9900,0.0,0.0
2022,10,9,15,60,0.0,0.0,0.0,0.0,0.0,5,23.6,18.6,84,1018.8,89,9.3,-9900,-9900,0.0,0.0
2022,10,9,16,60,0.0,0.0,0.0,0.0,0.0,5,23.3,18.3,84,1019.2,90,9.3,-9900,-9900,0.0,0.0
2022,10,9,17,60,0.0,0.0,0.0,0.0,0.0,5,22.8,17.8,85,1019.5,100,11.1,-9900,-9900,0.0,0.0
2022,10,9,18,60,0.0,0.0,0.0,0.0,0.0,5,22.7,17.7,85,1019.3,96,9.3,-9900,-9900,0.0,0.0
2022,10,9,19,60,0.0,0.0,0.0,0.0,0.0,5,22.7,17.7,84,1019.0,92,9.3,-9900,-9900,0.0,0.0
2022,10,9,20,60,0.0,0.0,0.0,0.0,0.0,5,22.5,17.5,84,1019.1,92,9.3,-9900,-9900,0.0,0.0
2022,10,9,21,60,0.0,0.0,0.0,0.0,0.0,5,22.3,17.3,84,1019.2,91,9.3,-9900,-9900,0.0,0.0
2022,10,9,22,60,0.0,0.0,0.0,0.0,0.0,5,22.2,17.2,84,1019.3,90,7.4,-9900,-9900,0.0,0.0
2022,10,9,23,60,0.0,0.0,0.0,0.0,0.0,5,21.6,16.6,84,1019.6,97,9.3,-9900,-9900,0.0,0.0
2022,10,9,24,60,0.0,0.0,0.0,0.0,0.0,5,21.5,16.5,84,1020.2,95,9.3,-9900,-9900,0.0,0.0
2022,10,10,1,60,0.0,0.0,0.0,0.0,0.0,5,21.5,16.5,83,1020.9,93,9.3,-9900,-9900,0.0,0.0
2022,10,10,2,60,0.0,0.0,0.0,0.0,0.0,5,21.4,16.4,81,1021.0,86,9.3,-9900,-9900,0.0,0.0
2022,10,10,3,60,0.0,0.0,0.0,0.0,0.0,5,21.4,16.4,78,1021.1,80,9.3,-9900,-9900,0.0,0.0
2022,10,10,4,60,0.0,0.0,0.0,0.0,0.0,5,21.4,16.4,76,1021.2,75,9.3,-9900,-9900,0.0,0.0
2022,10,10,5,60,0.0,0.0,0.0,0.0,0.0,5,20.7,15.7,81,1020.8,73,13.0,-9900,-9900,0.0,0.0
2022,10,10,6,60,0.0,0.0,0.0,0.0,0.0,5,20.7,15.7,79,1020.2,68,13.0,-9900,-9900,0.0,0.0
2022,10,10,7,60,0.0,0.0,0.0,0.0,0.0,5,20.6,15.6,77,1019.7,64,13.0,-9900,-9900,0.0,0.0
2022,10,10,8,60,0.0,0.0,0.0,0.0,0.0,5,20.6,15.6,76,1019.6,67,13.0,-9900,-9900,0.0,0.0
2022,10,10,9,60,0.0,0.0,0.0,0.0,0.0,5,20.6,15.6,75,1019.6,71,11.1,-9900,-9900,0.0,0.0
2022,10,10,10,60,0.0,0.0,0.0,0.0,0.0,5,20.5,15.5,75,1019.5,75,11.1,-9900,-9900,0.0,0.0
2022,10,10,11,60,0.0,0.0,0.0,0.0,0.0,5,20.5,15.5,75,1020.0,79,11.1,-9900,-9900,0.0,0.0
2022,10,10,12,60,0.0,0.0,0.0,0.0,0.0,5,20.4,15.4,75,1020.5,84,11.1,-9900,-9900,0.0,0.0
2022,10,10,13,60,0.0,0.0,0.0,0.0,0.0,5,20.3,15.3,75,1020.9,88,11.1,-9900,-9900,0.0,0.0
2022,10,10,14,60,0.0,0.0,0.0,0.0,0.0,5,20.2,15.2,75,1020.8,85,11.1,-9900,-9900,0.0,0.0
2022,10,10,15,60,0.0,0.0,0.0,0.0,0.0,5,20.1,15.1,75,1020.6,83,11.1,-9900,-9900,0.0,0.0
2022,10,10,16,60,0.0,0.0,0.0,0.0,0.0,5,19.9,14.9,76,1020.4,80,11.1,-9900,-9900,0.0,0.0
2022,10,10,17,60,0.0,0.0,0.0,0.0,0.0,5,20.2,15.2,67,1020.4,86,11.1,-9900,-9900,0.0,0.0
2022,10,10,18,60,0.0,0.0,0.0,0.0,0.0,5,20.2,15.2,68,1020.0,85,11.1,-9900,-9900,0.0,0.0
2022,10,10,19,60,0.0,0.0,0.0,0.0,0.0,5,20.2,15.2,68,1019.6,85,11.1,-9900,-9900,0.0,0.0
2022,10,10,20,60,0.0,0.0,0.0,0.0,0.0,5,20.0,15.0,69,1019.4,86,11.1,-9900,-9900,0.0,0.0
2022,10,10,21,60,0.0,0.0,0.0,0.0,0.0,5,19.9,14.9,70,1019.2,87,11.1,-9900,-9900,0.0,0.0
2022,10,10,22,60,0.0,0.0,0.0,0.0,0.0,5,19.7,14.7,72,1018.9,88,11.1,-9900,-9900,0.0,0.0
2022,10,10,23,60,0.0,0.0,0.0,0.0,0.0,5,21.0,16.0,63,1019.2,92,13.0,-9900,-9900,0.0,0.0
2022,10,10,24,60,0.0,0.0,0.0,0.0,0.0,5,21.2,16.2,64,1019.7,89,13.0,-9900,-9900,0.0,0.0
2022,10,11,1,60,0.0,0.0,0.0,0.0,0.0,5,21.3,16.3,65,1020.2,87,14.8,-9900,-9900,0.0,0.0
2022,10,11,2,60,0.0,0.0,0.0,0.0,0.0,5,21.4,16.4,65,1020.0,87,14.8,-9900,-9900,0.0,0.0
2022,10,11,3,60,0.0,0.0,0.0,0.0,0.0,5,21.5,16.5,65,1019.8,87,14.8,-9900,-9900,0.0,0.0
2022,10,11,4,60,0.0,0.0,0.0,0.0,0.0,5,21.6,16.6,66,1019.6,87,16.7,-9900,-9900,0.0,0.0
2022,10,11,5,60,0.0,0.0,0.0,0.0,0.0,5,21.4,16.4,67,1019.3,85,18.5,-9900,-9900,0.0,0.0
2022,10,11,6,60,0.0,0.0,0.0,0.0,0.0,5,21.6,16.6,67,1018.6,82,18.5,-9900,-9900,0.0,0.0
2022,10,11,7,60,0.0,0.0,0.0,0.0,0.0,5,21.7,16.7,67,1017.9,79,16.7,-9900,-9900,0.0,0.0
2022,10,11,8,60,0.0,0.0,0.0,0.0,0.0,5,21.6,16.6,67,1017.8,79,16.7,-9900,-9900,0.0,0.0
2022,10,11,9,60,0.0,0.0,0.0,0.0,0.0,5,21.5,16.5,68,1017.7,79,14.8,-9900,-9900,0.0,0.0
2022,10,11,10,60,0.0,0.0,0.0,0.0,0.0,5,21.3,16.3,69,1017.6,80,14.8,-9900,-9900,0.0,0.0
2022,10,11,11,60,0.0,0.0,0.0,0.0,0.0,5,21.4,16.4,69,1018.1,89,13.0,-9900,-9900,0.0,0.0
2022,10,11,12,60,0.0,0.0,0.0,0.0,0.0,5,21.3,16.3,70,1018.3,91,13.0,-9900,-9900,0.0,0.0
2022,10,11,13,60,0.0,0.0,0.0,0.0,0.0,5,21.2,16.2,70,1018.5,94,13.0,-9900,-9900,0.0,0.0
2022,10,11,14,60,0.0,0.0,0.0,0.0,0.0,5,21.2,16.2,71,1018.3,94,13.0,-9900,-9900,0.0,0.0
2022,10,11,15,60,0.0,0.0,0.0,0.0,0.0,5,21.1,16.1,72,1018.1,93,11.1,-9900,-9900,0.0,0.0
2022,10,11,16,60,0.0,0.0,0.0,0.0,0.0,5,21.1,16.1,73,1017.8,93,11.1,-9900,-9900,0.0,0.0
2022,10,11,17,60,0.0,0.0,0.0,0.0,0.0,5,21.1,16.1,73,1017.4,74,11.1,-9900,-9900,0.0,0.0
2022,10,11,18,60,0.0,0.0,0.0,0.0,0.0,5,21.1,16.1,73,1017.0,77,11.1,-9900,-9900,0.0,0.0
2022,10,11,19,60,0.0,0.0,0.0,0.0,0.0,5,21.1,16.1,73,1016.5,80,11.1,-9900,-9900,0.0,0.0
2022,10,11,20,60,0.0,0.0,0.0,0.0,0.0,5,21.1,16.1,75,1016.3,86,11.1,-9900,-9900,0.0,0.0
2022,10,11,21,60,0.0,0.0,0.0,0.0,0.0,5,21.0,16.0,76,1016.2,93,11.1,-9900,-9900,0.0,0.0
2022,10,11,22,60,0.0,0.0,0.0,0.0,0.0,5,21.0,16.0,77,1016.0,100,11.1,-9900,-9900,0.0,0.0
2022,10,11,23,60,0.0,0.0,0.0,0.0,0.0,5,21.8,16.8,71,1017.1,99,11.1,-9900,-9900,0.0,0.0
2022,10,11,24,60,0.0,0.0,0.0,0.0,0.0,5,22.0,17.0,72,1017.5,94,13.0,-9900,-9900,0.0,0.0
2022,10,12,1,60,0.0,0.0,0.0,0.0,0.0,5,22.1,17.1,74,1017.9,91,13.0,-9900,-9900,0.0,0.0
2022,10,12,2,60,0.0,0.0,0.0,0.0,0.0,5,22.3,17.3,74,1017.8,89,14.8,-9900,-9900,0.0,0.0
2022,10,12,3,60,0.0,0.0,0.0,0.0,0.0,5,22.5,17.5,75,1017.7,88,14.8,-9900,-9900,0.0,0.0
2022,10,12,4,60,0.0,0.0,0.0,0.0,0.0,5,22.7,17.7,75,1017.6,87,14.8,-9900,-9900,0.0,0.0
2022,10,12,5,60,0.0,0.0,0.0,0.0,0.0,5,22.6,17.6,83,1016.6,83,16.7,-9900,-9900,0.0,0.0
2022,10,12,6,60,0.0,0.0,0.0,0.0,0.0,5,22.6,17.6,82,1016.2,82,16.7,-9900,-9900,0.0,0.0
2022,10,12,7,60,0.0,0.0,0.0,0.0,0.0,5,22.7,17.7,80,1015.8,80,16.7,-9900,-9900,0.0,0.0
2022,10,12,8,60,0.0,0.0,0.0,0.0,0.0,5,22.7,17.7,79,1015.9,80,14.8,-9900,-9900,0.0,0.0
2022,10,12,9,60,0.0,0.0,0.0,0.0,0.0,5,22.7,17.7,78,1016.0,81,13.0,-9900,-9900,0.0,0.0
2022,10,12,10,60,0.0,0.0,0.0,0.0,0.0,5,22.7,17.7,77,1016.0,83,13.0,-9900,-9900,0.0,0.0
2022,10,12,11,60,0.0,0.0,0.0,0.0,0.0,5,23.0,18.0,76,1016.7,86,13.0,-9900,-9900,0.0,0.0
2022,10,12,12,60,0.0,0.0,0.0,0.0,0.0,5,22.9,17.9,76,1017.1,88,14.8,-9900,-9900,0.0,0.0
2022,10,12,13,60,0.0,0.0,0.0,0.0,0.0,5,22.9,17.9,76,1017.5,89,14.8,-9900,-9900,0.0,0.0
2022,10,12,14,60,0.0,0.0,0.0,0.0,0.0,5,22.8,17.8,77,1017.3,88,14.8,-9900,-9900,0.0,0.0
2022,10,12,15,60,0.0,0.0,0.0,0.0,0.0,5,22.7,17.7,77,1017.1,87,13.0,-9900,-9900,0.0,0.0
2022,10,12,16,60,0.0,0.0,0.0,0.0,0.0,5,22.7,17.7,77,1017.0,86,13.0,-9900,-9900,0.0,0.0
2022,10,12,17,60,0.0,0.0,0.0,0.0,0.0,5,22.4,17.4,84,1016.7,88,13.0,-9900,-9900,0.0,0.0
2022,10,12,18,60,0.0,0.0,0.0,0.0,0.0,5,22.5,17.5,83,1016.3,86,13.0,-9900,-9900,0.0,0.0
2022,10,12,19,60,0.0,0.0,0.0,0.0,0.0,5,22.5,17.5,83,1015.8,84,13.0,-9900,-9900,0.0,0.0
2022,10,12,20,60,0.0,0.0,0.0,0.0,0.0,5,22.5,17.5,82,1015.6,87,13.0,-9900,-9900,0.0,0.0
2022,10,12,21,60,0.0,0.0,0.0,0.0,0.0,5,22.5,17.5,82,1015.5,89,11.1,-9900,-9900,0.0,0.0
2022,10,12,22,60,0.0,0.0,0.0,0.0,0.0,5,22.4,17.4,82,1015.3,92,11.1,-9900,-9900,0.0,0.0
2022,10,12,23,60,0.0,0.0,0.0,0.0,0.0,5,22.8,17.8,81,1015.6,86,11.1,-9900,-9900,0.0,0.0
2022,10,12,24,60,0.0,0.0,0.0,0.0,0.0,5,23.1,18.1,80,1015.9,81,13.0,-9900,-9900,0.0,0.0
2022,10,13,1,60,0.0,0.0,0.0,0.0,0.0,5,23.4,18.4,80,1016.2,76,13.0,-9900,-9900,0.0,0.0
2022,10,13,2,60,0.0,0.0,0.0,0.0,0.0,5,23.9,18.9,78,1016.1,77,13.0,-9900,-9900,0.0,0.0
2022,10,13,3,60,0.0,0.0,0.0,0.0,0.0,5,24.5,19.5,75,1015.9,78,14.8,-9900,-9900,0.0,0.0
2022,10,13,4,60,0.0,0.0,0.0,0.0,0.0,5,25.0,20.0,73,1015.8,79,16.7,-9900,-9900,0.0,0.0
2022,10,13,5,60,0.0,0.0,0.0,0.0,0.0,5,25.3,20.3,68,1014.8,78,14.8,-9900,-9900,0.0,0.0
2022,10,13,6,60,0.0,0.0,0.0,0.0,0.0,5,25.3,20.3,69,1014.2,74,14.8,-9900,-9900,0.0,0.0
2022,10,13,7,60,0.0,0.0,0.0,0.0,0.0,5,25.3,20.3,69,1013.6,70,14.8,-9900,-9900,0.0,0.0
2022,10,13,8,60,0.0,0.0,0.0,0.0,0.0,5,25.0,20.0,71,1013.6,70,13.0,-9900,-9900,0.0,0.0
2022,10,13,9,60,0.0,0.0,0.0,0.0,0.0,5,24.7,19.7,73,1013.6,70,13.0,-9900,-9900,0.0,0.0
2022,10,13,10,60,0.0,0.0,0.0,0.0,0.0,5,24.3,19.3,76,1013.6,71,13.0,-9900,-9900,0.0,0.0
2022,10,13,11,60,0.0,0.0,0.0,0.0,0.0,5,24.0,19.0,82,1013.8,90,13.0,-9900,-9900,0.0,0.0
2022,10,13,12,60,0.0,0.0,0.0,0.0,0.0,5,23.9,18.9,82,1014.2,91,11.1,-9900,-9900,0.0,0.0
2022,10,13,13,60,0.0,0.0,0.0,0.0,0.0,5,23.7,18.7,82,1014.5,91,11.1,-9900,-9900,0.0,0.0
2022,10,13,14,60,0.0,0.0,0.0,0.0,0.0,5,23.7,18.7,82,1014.4,92,11.1,-9900,-9900,0.0,0.0
2022,10,13,15,60,0.0,0.0,0.0,0.0,0.0,5,23.6,18.6,82,1014.2,94,9.3,-9900,-9900,0.0,0.0
2022,10,13,16,60,0.0,0.0,0.0,0.0,0.0,5,23.5,18.5,82,1014.1,95,9.3,-9900,-9900,0.0,0.0
2022,10,13,17,60,0.0,0.0,0.0,0.0,0.0,5,23.7,18.7,78,1013.8,94,11.1,-9900,-9900,0.0,0.0
2022,10,13,18,60,0.0,0.0,0.0,0.0,0.0,5,23.7,18.7,78,1013.4,95,9.3,-9900,-9900,0.0,0.0
2022,10,13,19,60,0.0,0.0,0.0,0.0,0.0,5,23.6,18.6,79,1012.9,96,9.3,-9900,-9900,0.0,0.0
2022,10,13,20,60,0.0,0.0,0.0,0.0,0.0,5,23.4,18.4,80,1012.8,99,9.3,-9900,-9900,0.0,0.0
2022,10,13,21,60,0.0,0.0,0.0,0.0,0.0,5,23.2,18.2,82,1012.6,102,7.4,-9900,-9900,0.0,0.0
2022,10,13,22,60,0.0,0.0,0.0,0.0,0.0,5,23.0,18.0,83,1012.4,105,7.4,-9900,-9900,0.0,0.0
2022,10,13,23,60,0.0,0.0,0.0,0.0,0.0,5,22.9,17.9,89,1013.0,101,7.4,-9900,-9900,0.0,0.0
2022,10,13,24,60,0.0,0.0,0.0,0.0,0.0,5,23.3,18.3,86,1013.4,98,7.4,-9900,-9900,0.0,0.0
2022,10,14,1,60,0.0,0.0,0.0,0.0,0.0,5,23.7,18.7,85,1013.7,95,7.4,-9900,-9900,0.0,0.0
2022,10,14,2,60,0.0,0.0,0.0,0.0,0.0,5,24.4,19.4,81,1013.3,88,7.4,-9900,-9900,0.0,0.0
2022,10,14,3,60,0.0,0.0,0.0,0.0,0.0,5,25.1,20.1,78,1013.0,79,9.3,-9900,-9900,0.0,0.0
2022,10,14,4,60,0.0,0.0,0.0,0.0,0.0,5,25.8,20.8,75,1012.6,70,9.3,-9900,-9900,0.0,0.0
2022,10,14,5,60,0.0,0.0,0.0,0.0,0.0,5,25.4,20.4,80,1012.2,50,7.4,-9900,-9900,0.0,0.0
2022,10,14,6,60,0.0,0.0,0.0,0.0,0.0,5,25.5,20.5,78,1011.4,54,9.3,-9900,-9900,0.0,0.0
2022,10,14,7,60,0.0,0.0,0.0,0.0,0.0,5,25.6,20.6,77,1010.6,57,9.3,-9900,-9900,0.0,0.0
2022,10,14,8,60,0.0,0.0,0.0,0.0,0.0,5,25.4,20.4,79,1010.4,59,9.3,-9900,-9900,0.0,0.0
2022,10,14,9,60,0.0,0.0,0.0,0.0,0.0,5,25.1,20.1,81,1010.3,61,9.3,-9900,-9900,0.0,0.0
2022,10,14,10,60,0.0,0.0,0.0,0.0,0.0,5,24.9,19.9,82,1010.2,63,9.3,-9900,-9900,0.0,0.0
2022,10,14,11,60,0.0,0.0,0.0,0.0,0.0,5,24.2,19.2,84,1011.5,91,9.3,-9900,-9900,0.0,0.0
2022,10,14,12,60,0.0,0.0,0.0,0.0,0.0,5,24.2,19.2,84,1011.9,90,9.3,-9900,-9900,0.0,0.0
2022,10,14,13,60,0.0,0.0,0.0,0.0,0.0,5,24.2,19.2,84,1012.3,87,7.4,-9900,-9900,0.0,0.0
2022,10,14,14,60,0.0,0.0,0.0,0.0,0.0,5,24.1,19.1,85,1012.1,78,7.4,-9900,-9900,0.0,0.0
2022,10,14,15,60,0.0,0.0,0.0,0.0,0.0,5,24.1,19.1,85,1011.8,67,7.4,-9900,-9900,0.0,0.0
2022,10,14,16,60,0.0,0.0,0.0,0.0,0.0,5,24.1,19.1,86,1011.6,56,7.4,-9900,-9900,0.0,0.0
2022,10,14,17,60,0.0,0.0,0.0,0.0,0.0,5,24.2,19.2,86,1011.2,40,7.4,-9900,-9900,0.0,0.0
2022,10,14,18,60,0.0,0.0,0.0,0.0,0.0,5,24.2,19.2,86,1010.7,45,7.4,-9900,-9900,0.0,0.0
2022,10,14,19,60,0.0,0.0,0.0,0.0,0.0,5,24.2,19.2,86,1010.2,52,7.4,-9900,-9900,0.0,0.0
2022,10,14,20,60,0.0,0.0,0.0,0.0,0.0,5,24.0,19.0,88,1010.0,63,7.4,-9900,-9900,0.0,0.0
2022,10,14,21,60,0.0,0.0,0.0,0.0,0.0,5,23.9,18.9,88,1009.8,75,5.5,-9900,-9900,0.0,0.0
2022,10,14,22,60,0.0,0.0,0.0,0.0,0.0,5,23.8,18.8,89,1009.6,87,5.5,-9900,-9900,0.0,0.0
2022,10,14,23,60,0.0,0.0,0.0,0.0,0.0,5,23.9,18.9,92,1010.2,69,11.1,-9900,-9900,0.0,0.0
2022,10,14,24,60,0.0,0.0,0.0,0.0,0.0,5,23.9,18.9,92,1010.5,68,11.1,-9900,-9900,0.0,0.0
2022,10,15,1,60,0.0,0.0,0.0,0.0,0.0,5,24.0,19.0,92,1010.9,67,9.3,-9900,-9900,0.0,0.0
2022,10,15,2,60,0.0,0.0,0.0,0.0,0.0,5,24.1,19.1,93,1010.8,67,11.1,-9900,-9900,0.0,0.0
2022,10,15,3,60,0.0,0.0,0.0,0.0,0.0,5,24.2,19.2,93,1010.7,66,13.0,-9900,-9900,0.0,0.0
2022,10,15,4,60,0.0,0.0,0.0,0.0,0.0,5,24.3,19.3,93,1010.7,66,13.0,-9900,-9900,0.0,0.0
2022,10,15,5,60,0.0,0.0,0.0,0.0,0.0,5,24.5,19.5,95,1009.7,49,16.7,-9900,-9900,0.0,0.0
2022,10,15,6,60,0.0,0.0,0.0,0.0,0.0,5,24.6,19.6,93,1009.1,52,14.8,-9900,-9900,0.0,0.0
2022,10,15,7,60,0.0,0.0,0.0,0.0,0.0,5,24.8,19.8,90,1008.4,55,14.8,-9900,-9900,0.0,0.0
2022,10,15,8,60,0.0,0.0,0.0,0.0,0.0,5,24.8,19.8,90,1008.6,54,14.8,-9900,-9900,0.0,0.0
2022,10,15,9,60,0.0,0.0,0.0,0.0,0.0,5,24.8,19.8,90,1008.8,52,14.8,-9900,-9900,0.0,0.0
2022,10,15,10,60,0.0,0.0,0.0,0.0,0.0,5,24.9,19.9,89,1009.0,50,13.0,-9900,-9900,0.0,0.0
2022,10,15,11,60,0.0,0.0,0.0,0.0,0.0,5,24.8,19.8,90,1009.4,50,13.0,-9900,-9900,0.0,0.0
2022,10,15,12,60,0.0,0.0,0.0,0.0,0.0,5,24.8,19.8,90,1009.7,50,13.0,-9900,-9900,0.0,0.0
2022,10,15,13,60,0.0,0.0,0.0,0.0,0.0,5,24.8,19.8,91,1010.1,50,13.0,-9900,-9900,0.0,0.0
2022,10,15,14,60,0.0,0.0,0.0,0.0,0.0,5,24.7,19.7,91,1010.0,50,13.0,-9900,-9900,0.0,0.0
2022,10,15,15,60,0.0,0.0,0.0,0.0,0.0,5,24.6,19.6,93,1009.9,49,13.0,-9900,-9900,0.0,0.0
2022,10,15,16,60,0.0,0.0,0.0,0.0,0.0,5,24.5,19.5,94,1009.8,49,13.0,-9900,-9900,0.0,0.0
2022,10,15,17,60,0.0,0.0,0.0,0.0,0.0,5,24.5,19.5,94,1009.4,48,13.0,-9900,-9900,0.0,0.0
2022,10,15,18,60,0.0,0.0,0.0,0.0,0.0,5,24.6,19.6,93,1009.1,46,11.1,-9900,-9900,0.0,0.0
2022,10,15,19,60,0.0,0.0,0.0,0.0,0.0,5,24.7,19.7,93,1008.7,44,11.1,-9900,-9900,0.0,0.0
2022,10,15,20,60,0.0,0.0,0.0,0.0,0.0,5,24.5,19.5,94,1008.4,49,11.1,-9900,-9900,0.0,0.0
2022,10,15,21,60,0.0,0.0,0.0,0.0,0.0,5,24.3,19.3,95,1008.1,54,11.1,-9900,-9900,0.0,0.0
2022,10,15,22,60,0.0,0.0,0.0,0.0,0.0,5,24.2,19.2,97,1007.7,58,11.1,-9900,-9900,0.0,0.0
2022,10,15,23,60,0.0,0.0,0.0,0.0,0.0,5,25.1,20.1,93,1008.4,78,18.5,-9900,-9900,0.0,0.0
2022,10,15,24,60,0.0,0.0,0.0,0.0,0.0,5,25.0,20.0,93,1008.7,76,20.4,-9900,-9900,0.0,0.0
2022,10,16,1,60,0.0,0.0,0.0,0.0,0.0,5,24.9,19.9,94,1009.1,75,20.4,-9900,-9900,0.0,0.0
2022,10,16,2,60,0.0,0.0,0.0,0.0,0.0,5,25.1,20.1,94,1008.6,75,20.4,-9900,-9900,0.0,0.0
2022,10,16,3,60,0.0,0.0,0.0,0.0,0.0,5,25.3,20.3,93,1008.0,75,20.4,-9900,-9900,0.0,0.0
2022,10,16,4,60,0.0,0.0,0.0,0.0,0.0,5,25.5,20.5,93,1007.5,75,20.4,-9900,-9900,0.0,0.0
2022,10,16,5,60,0.0,0.0,0.0,0.0,0.0,5,25.5,20.5,94,1006.7,81,20.4,-9900,-9900,0.0,0.0
2022,10,16,6,60,0.0,0.0,0.0,0.0,0.0,5,25.8,20.8,92,1006.3,82,20.4,-9900,-9900,0.0,0.0
2022,10,16,7,60,0.0,0.0,0.0,0.0,0.0,5,26.1,21.1,90,1005.9,83,20.4,-9900,-9900,0.0,0.0
2022,10,16,8,60,0.0,0.0,0.0,0.0,0.0,5,26.0,21.0,92,1006.1,80,20.4,-9900,-9900,0.0,0.0
2022,10,16,9,60,0.0,0.0,0.0,0.0,0.0,5,26.0,21.0,92,1006.2,77,18.5,-9900,-9900,0.0,0.0
2022,10,16,10,60,0.0,0.0,0.0,0.0,0.0,5,25.9,20.9,93,1006.4,74,18.5,-9900,-9900,0.0,0.0
2022,10,16,11,60,0.0,0.0,0.0,0.0,0.0,5,25.7,20.7,91,1008.6,92,13.0,-9900,-9900,0.0,0.0
2022,10,16,12,60,0.0,0.0,0.0,0.0,0.0,5,25.5,20.5,91,1009.1,82,13.0,-9900,-9900,0.0,0.0
2022,10,16,13,60,0.0,0.0,0.0,0.0,0.0,5,25.3,20.3,92,1009.6,73,13.0,-9900,-9900,0.0,0.0
2022,10,16,14,60,0.0,0.0,0.0,0.0,0.0,5,25.2,20.2,92,1009.6,74,13.0,-9900,-9900,0.0,0.0
2022,10,16,15,60,0.0,0.0,0.0,0.0,0.0,5,25.2,20.2,92,1009.5,74,13.0,-9900,-9900,0.0,0.0
2022,10,16,16,60,0.0,0.0,0.0,0.0,0.0,5,25.1,20.1,92,1009.5,74,13.0,-9900,-9900,0.0,0.0
2022,10,16,17,60,0.0,0.0,0.0,0.0,0.0,5,25.5,20.5,95,1009.1,80,18.5,-9900,-9900,0.0,0.0
2022,10,16,18,60,0.0,0.0,0.0,0.0,0.0,5,25.5,20.5,95,1008.9,77,16.7,-9900,-9900,0.0,0.0
2022,10,16,19,60,0.0,0.0,0.0,0.0,0.0,5,25.5,20.5,94,1008.7,74,16.7,-9900,-9900,0.0,0.0
2022,10,16,20,60,0.0,0.0,0.0,0.0,0.0,5,25.2,20.2,94,1008.9,75,16.7,-9900,-9900,0.0,0.0
2022,10,16,21,60,0.0,0.0,0.0,0.0,0.0,5,25.0,20.0,94,1009.0,75,14.8,-9900,-9900,0.0,0.0
2022,10,16,22,60,0.0,0.0,0.0,0.0,0.0,5,24.8,19.8,94,1009.2,76,14.8,-9900,-9900,0.0,0.0
2022,10,16,23,60,0.0,0.0,0.0,0.0,0.0,5,24.8,19.8,90,1010.1,69,14.8,-9900,-9900,0.0,0.0
2022,10,16,24,60,0.0,0.0,0.0,0.0,0.0,5,24.6,19.6,91,1010.8,65,14.8,-9900,-9900,0.0,0.0
2022,10,17,1,60,0.0,0.0,0.0,0.0,0.0,5,24.3,19.3,92,1011.4,61,13.0,-9900,-9900,0.0,0.0
2022,10,17,2,60,0.0,0.0,0.0,0.0,0.0,5,24.2,19.2,93,1011.6,59,14.8,-9900,-9900,0.0,0.0
2022,10,17,3,60,0.0,0.0,0.0,0.0,0.0,5,24.0,19.0,94,1011.7,57,14.8,-9900,-9900,0.0,0.0
2022,10,17,4,60,0.0,0.0,0.0,0.0,0.0,5,23.8,18.8,94,1011.9,55,14.8,-9900,-9900,0.0,0.0
2022,10,17,5,60,0.0,0.0,0.0,0.0,0.0,5,24.4,19.4,89,1011.7,63,14.8,-9900,-9900,0.0,0.0
2022,10,17,6,60,0.0,0.0,0.0,0.0,0.0,5,24.2,19.2,89,1011.2,59,14.8,-9900,-9900,0.0,0.0
2022,10,17,7,60,0.0,0.0,0.0,0.0,0.0,5,24.0,19.0,88,1010.8,55,14.8,-9900,-9900,0.0,0.0
2022,10,17,8,60,0.0,0.0,0.0,0.0,0.0,5,23.8,18.8,87,1011.3,50,13.0,-9900,-9900,0.0,0.0
2022,10,17,9,60,0.0,0.0,0.0,0.0,0.0,5,23.5,18.5,86,1011.8,44,11.1,-9900,-9900,0.0,0.0
2022,10,17,10,60,0.0,0.0,0.0,0.0,0.0,5,23.2,18.2,85,1012.3,35,9.3,-9900,-9900,0.0,0.0
2022,10,17,11,60,0.0,0.0,0.0,0.0,0.0,5,23.0,18.0,84,1014.5,68,11.1,-9900,-9900,0.0,0.0
2022,10,17,12,60,0.0,0.0,0.0,0.0,0.0,5,22.7,17.7,84,1015.1,68,11.1,-9900,-9900,0.0,0.0
2022,10,17,13,60,0.0,0.0,0.0,0.0,0.0,5,22.5,17.5,84,1015.7,69,11.1,-9900,-9900,0.0,0.0
2022,10,17,14,60,0.0,0.0,0.0,0.0,0.0,5,22.3,17.3,84,1016.0,67,11.1,-9900,-9900,0.0,0.0
2022,10,17,15,60,0.0,0.0,0.0,0.0,0.0,5,22.0,17.0,85,1016.3,64,13.0,-9900,-9900,0.0,0.0
2022,10,17,16,60,0.0,0.0,0.0,0.0,0.0,5,21.8,16.8,85,1016.6,62,13.0,-9900,-9900,0.0,0.0
2022,10,17,17,60,0.0,0.0,0.0,0.0,0.0,5,22.2,17.2,79,1016.3,77,14.8,-9900,-9900,0.0,0.0
2022,10,17,18,60,0.0,0.0,0.0,0.0,0.0,5,22.1,17.1,79,1016.3,79,13.0,-9900,-9900,0.0,0.0
2022,10,17,19,60,0.0,0.0,0.0,0.0,0.0,5,21.9,16.9,79,1016.3,81,11.1,-9900,-9900,0.0,0.0
2022,10,17,20,60,0.0,0.0,0.0,0.0,0.0,5,21.6,16.6,80,1016.4,81,11.1,-9900,-9900,0.0,0.0
2022,10,17,21,60,0.0,0.0,0.0,0.0,0.0,5,21.3,16.3,81,1016.5,80,11.1,-9900,-9900,0.0,0.0
2022,10,17,22,60,0.0,0.0,0.0,0.0,0.0,5,21.0,16.0,81,1016.6,80,11.1,-9900,-9900,0.0,0.0
2022,10,17,23,60,0.0,0.0,0.0,0.0,0.0,5,19.4,14.4,85,1018.1,85,11.1,-9900,-9900,0.0,0.0
2022,10,17,24,60,0.0,0.0,0.0,0.0,0.0,5,19.7,14.7,83,1018.5,83,11.1,-9900,-9900,0.0,0.0
2022,10,18,1,60,0.0,0.0,0.0,0.0,0.0,5,19.9,14.9,83,1018.8,81,13.0,-9900,-9900,0.0,0.0
2022,10,18,2,60,0.0,0.0,0.0,0.0,0.0,5,20.0,15.0,82,1018.7,81,13.0,-9900,-9900,0.0,0.0
2022,10,18,3,60,0.0,0.0,0.0,0.0,0.0,5,20.1,15.1,82,1018.6,81,14.8,-9900,-9900,0.0,0.0
2022,10,18,4,60,0.0,0.0,0.0,0.0,0.0,5,20.2,15.2,81,1018.5,81,14.8,-9900,-9900,0.0,0.0
2022,10,18,5,60,0.0,0.0,0.0,0.0,0.0,5,20.1,15.1,81,1018.0,75,14.8,-9900,-9900,0.0,0.0
2022,10,18,6,60,0.0,0.0,0.0,0.0,0.0,5,20.1,15.1,80,1017.4,69,14.8,-9900,-9900,0.0,0.0
2022,10,18,7,60,0.0,0.0,0.0,0.0,0.0,5,20.1,15.1,79,1016.8,65,14.8,-9900,-9900,0.0,0.0
2022,10,18,8,60,0.0,0.0,0.0,0.0,0.0,5,20.1,15.1,79,1017.0,66,14.8,-9900,-9900,0.0,0.0
2022,10,18,9,60,0.0,0.0,0.0,0.0,0.0,5,20.2,15.2,79,1017.3,67,14.8,-9900,-9900,0.0,0.0
2022,10,18,10,60,0.0,0.0,0.0,0.0,0.0,5,20.2,15.2,79,1017.5,69,13.0,-9900,-9900,0.0,0.0
2022,10,18,11,60,0.0,0.0,0.0,0.0,0.0,5,20.0,15.0,80,1018.5,96,11.1,-9900,-9900,0.0,0.0
2022,10,18,12,60,0.0,0.0,0.0,0.0,0.0,5,20.0,15.0,80,1019.0,94,13.0,-9900,-9900,0.0,0.0
2022,10,18,13,60,0.0,0.0,0.0,0.0,0.0,5,20.0,15.0,79,1019.4,92,13.0,-9900,-9900,0.0,0.0
2022,10,18,14,60,0.0,0.0,0.0,0.0,0.0,5,20.0,15.0,79,1019.2,91,13.0,-9900,-9900,0.0,0.0
2022,10,18,15,60,0.0,0.0,0.0,0.0,0.0,5,20.0,15.0,79,1019.1,91,13.0,-9900,-9900,0.0,0.0
2022,10,18,16,60,0.0,0.0,0.0,0.0,0.0,5,19.9,14.9,79,1018.9,90,13.0,-9900,-9900,0.0,0.0
2022,10,18,17,60,0.0,0.0,0.0,0.0,0.0,5,19.4,14.4,84,1019.3,83,14.8,-9900,-9900,0.0,0.0
2022,10,18,18,60,0.0,0.0,0.0,0.0,0.0,5,19.6,14.6,83,1018.8,83,13.0,-9900,-9900,0.0,0.0
2022,10,18,19,60,0.0,0.0,0.0,0.0,0.0,5,19.7,14.7,82,1018.3,84,13.0,-9900,-9900,0.0,0.0
2022,10,18,20,60,0.0,0.0,0.0,0.0,0.0,5,19.7,14.7,82,1018.2,87,13.0,-9900,-9900,0.0,0.0
2022,10,18,21,60,0.0,0.0,0.0,0.0,0.0,5,19.6,14.6,82,1018.0,90,13.0,-9900,-9900,0.0,0.0
2022,10,18,22,60,0.0,0.0,0.0,0.0,0.0,5,19.6,14.6,82,1017.9,94,13.0,-9900,-9900,0.0,0.0
2022,10,18,23,60,0.0,0.0,0.0,0.0,0.0,5,20.4,15.4,72,1018.8,88,13.0,-9900,-9900,0.0,0.0
2022,10,18,24,60,0.0,0.0,0.0,0.0,0.0,5,20.5,15.5,73,1019.3,85,14.8,-9900,-9900,0.0,0.0
2022,10,19,1,60,0.0,0.0,0.0,0.0,0.0,5,20.7,15.7,73,1019.7,84,14.8,-9900,-9900,0.0,0.0
2022,10,19,2,60,0.0,0.0,0.0,0.0,0.0,5,20.7,15.7,74,1019.7,84,16.7,-9900,-9900,0.0,0.0
2022,10,19,3,60,0.0,0.0,0.0,0.0,0.0,5,20.7,15.7,75,1019.6,84,18.5,-9900,-9900,0.0,0.0
2022,10,19,4,60,0.0,0.0,0.0,0.0,0.0,5,20.7,15.7,75,1019.6,84,18.5,-9900,-9900,0.0,0.0
2022,10,19,5,60,0.0,0.0,0.0,0.0,0.0,5,21.6,16.6,70,1019.3,81,18.5,-9900,-9900,0.0,0.0
2022,10,19,6,60,0.0,0.0,0.0,0.0,0.0,5,21.5,16.5,70,1019.0,81,18.5,-9900,-9900,0.0,0.0
2022,10,19,7,60,0.0,0.0,0.0,0.0,0.0,5,21.4,16.4,70,1018.6,81,18.5,-9900,-9900,0.0,0.0
2022,10,19,8,60,0.0,0.0,0.0,0.0,0.0,5,21.3,16.3,71,1018.9,79,16.7,-9900,-9900,0.0,0.0
2022,10,19,9,60,0.0,0.0,0.0,0.0,0.0,5,21.1,16.1,72,1019.2,76,14.8,-9900,-9900,0.0,0.0
2022,10,19,10,60,0.0,0.0,0.0,0.0,0.0,5,21.0,16.0,73,1019.5,73,14.8,-9900,-9900,0.0,0.0
2022,10,19,11,60,0.0,0.0,0.0,0.0,0.0,5,21.4,16.4,70,1020.0,85,14.8,-9900,-9900,0.0,0.0
2022,10,19,12,60,0.0,0.0,0.0,0.0,0.0,5,21.4,16.4,70,1020.5,86,16.7,-9900,-9900,0.0,0.0
2022,10,19,13,60,0.0,0.0,0.0,0.0,0.0,5,21.4,16.4,70,1021.0,87,16.7,-9900,-9900,0.0,0.0
2022,10,19,14,60,0.0,0.0,0.0,0.0,0.0,5,21.4,16.4,70,1020.8,85,14.8,-9900,-9900,0.0,0.0
2022,10,19,15,60,0.0,0.0,0.0,0.0,0.0,5,21.5,16.5,71,1020.7,83,14.8,-9900,-9900,0.0,0.0
2022,10,19,16,60,0.0,0.0,0.0,0.0,0.0,5,21.5,16.5,71,1020.5,81,14.8,-9900,-9900,0.0,0.0
2022,10,19,17,60,0.0,0.0,0.0,0.0,0.0,5,21.8,16.8,66,1020.6,104,14.8,-9900,-9900,0.0,0.0
2022,10,19,18,60,0.0,0.0,0.0,0.0,0.0,5,21.9,16.9,66,1020.2,98,14.8,-9900,-9900,0.0,0.0
2022,10,19,19,60,0.0,0.0,0.0,0.0,0.0,5,21.9,16.9,66,1019.8,92,14.8,-9900,-9900,0.0,0.0
2022,10,19,20,60,0.0,0.0,0.0,0.0,0.0,5,21.7,16.7,68,1019.6,90,14.8,-9900,-9900,0.0,0.0
2022,10,19,21,60,0.0,0.0,0.0,0.0,0.0,5,21.6,16.6,69,1019.4,88,13.0,-9900,-9900,0.0,0.0
2022,10,19,22,60,0.0,0.0,0.0,0.0,0.0,5,21.4,16.4,71,1019.2,86,13.0,-9900,-9900,0.0,0.0
2022,10,19,23,60,0.0,0.0,0.0,0.0,0.0,5,22.3,17.3,68,1019.5,89,14.8,-9900,-9900,0.0,0.0
2022,10,19,24,60,0.0,0.0,0.0,0.0,0.0,5,22.8,17.8,67,1019.9,89,14.8,-9900,-9900,0.0,0.0
2022,10,20,1,60,0.0,0.0,0.0,0.0,0.0,5,23.2,18.2,67,1020.3,88,16.7,-9900,-9900,0.0,0.0
2022,10,20,2,60,0.0,0.0,0.0,0.0,0.0,5,23.6,18.6,66,1020.1,85,16.7,-9900,-9900,0.0,0.0
2022,10,20,3,60,0.0,0.0,0.0,0.0,0.0,5,24.0,19.0,65,1019.9,82,18.5,-9900,-9900,0.0,0.0
2022,10,20,4,60,0.0,0.0,0.0,0.0,0.0,5,24.3,19.3,64,1019.7,80,20.4,-9900,-9900,0.0,0.0
2022,10,20,5,60,0.0,0.0,0.0,0.0,0.0,5,24.2,19.2,65,1019.2,81,20.4,-9900,-9900,0.0,0.0
2022,10,20,6,60,0.0,0.0,0.0,0.0,0.0,5,24.3,19.3,65,1018.7,78,18.5,-9900,-9900,0.0,0.0
2022,10,20,7,60,0.0,0.0,0.0,0.0,0.0,5,24.4,19.4,65,1018.3,75,18.5,-9900,-9900,0.0,0.0
2022,10,20,8,60,0.0,0.0,0.0,0.0,0.0,5,24.1,19.1,66,1018.3,72,16.7,-9900,-9900,0.0,0.0
2022,10,20,9,60,0.0,0.0,0.0,0.0,0.0,5,23.8,18.8,67,1018.3,68,16.7,-9900,-9900,0.0,0.0
2022,10,20,10,60,0.0,0.0,0.0,0.0,0.0,5,23.5,18.5,69,1018.3,64,14.8,-9900,-9900,0.0,0.0
2022,10,20,11,60,0.0,0.0,0.0,0.0,0.0,5,23.1,18.1,72,1019.1,81,14.8,-9900,-9900,0.0,0.0
2022,10,20,12,60,0.0,0.0,0.0,0.0,0.0,5,23.2,18.2,72,1019.4,82,14.8,-9900,-9900,0.0,0.0
2022,10,20,13,60,0.0,0.0,0.0,0.0,0.0,5,23.2,18.2,72,1019.7,82,14.8,-9900,-9900,0.0,0.0
2022,10,20,14,60,0.0,0.0,0.0,0.0,0.0,5,23.3,18.3,72,1019.5,81,14.8,-9900,-9900,0.0,0.0
2022,10,20,15,60,0.0,0.0,0.0,0.0,0.0,5,23.4,18.4,72,1019.2,80,13.0,-9900,-9900,0.0,0.0
2022,10,20,16,60,0.0,0.0,0.0,0.0,0.0,5,23.6,18.6,71,1018.9,79,13.0,-9900,-9900,0.0,0.0
2022,10,20,17,60,0.0,0.0,0.0,0.0,0.0,5,23.5,18.5,72,1018.5,79,13.0,-9900,-9900,0.0,0.0
2022,10,20,18,60,0.0,0.0,0.0,0.0,0.0,5,23.5,18.5,72,1018.1,79,13.0,-9900,-9900,0.0,0.0
2022,10,20,19,60,0.0,0.0,0.0,0.0,0.0,5,23.4,18.4,73,1017.7,79,11.1,-9900,-9900,0.0,0.0
2022,10,20,20,60,0.0,0.0,0.0,0.0,0.0,5,23.4,18.4,74,1017.6,84,11.1,-9900,-9900,0.0,0.0
2022,10,20,21,60,0.0,0.0,0.0,0.0,0.0,5,23.3,18.3,74,1017.4,88,13.0,-9900,-9900,0.0,0.0
2022,10,20,22,60,0.0,0.0,0.0,0.0,0.0,5,23.3,18.3,75,1017.3,93,13.0,-9900,-9900,0.0,0.0
2022,10,20,23,60,0.0,0.0,0.0,0.0,0.0,5,23.6,18.6,75,1017.8,97,11.1,-9900,-9900,0.0,0.0
2022,10,20,24,60,0.0,0.0,0.0,0.0,0.0,5,24.3,19.3,74,1018.1,94,11.1,-9900,-9900,0.0,0.0
2022,10,21,1,60,0.0,0.0,0.0,0.0,0.0,5,24.9,19.9,73,1018.4,92,11.1,-9900,-9900,0.0,0.0
2022,10,21,2,60,0.0,0.0,0.0,0.0,0.0,5,25.7,20.7,70,1018.2,88,13.0,-9900,-9900,0.0,0.0
2022,10,21,3,60,0.0,0.0,0.0,0.0,0.0,5,26.6,21.6,67,1017.9,86,14.8,-9900,-9900,0.0,0.0
2022,10,21,4,60,0.0,0.0,0.0,0.0,0.0,5,27.4,22.4,64,1017.6,84,16.7,-9900,-9900,0.0,0.0
2022,10,21,5,60,0.0,0.0,0.0,0.0,0.0,5,26.6,21.6,66,1017.1,80,16.7,-9900,-9900,0.0,0.0
2022,10,21,6,60,0.0,0.0,0.0,0.0,0.0,5,26.8,21.8,66,1016.4,77,16.7,-9900,-9900,0.0,0.0
2022,10,21,7,60,0.0,0.0,0.0,0.0,0.0,5,26.9,21.9,67,1015.7,74,16.7,-9900,-9900,0.0,0.0
2022,10,21,8,60,0.0,0.0,0.0,0.0,0.0,5,26.4,21.4,71,1015.5,73,16.7,-9900,-9900,0.0,0.0
2022,10,21,9,60,0.0,0.0,0.0,0.0,0.0,5,25.9,20.9,75,1015.3,71,14.8,-9900,-9900,0.0,0.0
2022,10,21,10,60,0.0,0.0,0.0,0.0,0.0,5,25.4,20.4,79,1015.2,68,14.8,-9900,-9900,0.0,0.0
2022,10,21,11,60,0.0,0.0,0.0,0.0,0.0,5,25.0,20.0,80,1015.9,75,14.8,-9900,-9900,0.0,0.0
2022,10,21,12,60,0.0,0.0,0.0,0.0,0.0,5,24.9,19.9,81,1016.2,74,14.8,-9900,-9900,0.0,0.0
2022,10,21,13,60,0.0,0.0,0.0,0.0,0.0,5,24.8,19.8,83,1016.5,74,14.8,-9900,-9900,0.0,0.0
2022,10,21,14,60,0.0,0.0,0.0,0.0,0.0,5,24.7,19.7,84,1016.4,73,13.0,-9900,-9900,0.0,0.0
2022,10,21,15,60,0.0,0.0,0.0,0.0,0.0,5,24.7,19.7,85,1016.3,72,13.0,-9900,-9900,0.0,0.0
2022,10,21,16,60,0.0,0.0,0.0,0.0,0.0,5,24.6,19.6,86,1016.2,71,11.1,-9900,-9900,0.0,0.0
2022,10,21,17,60,0.0,0.0,0.0,0.0,0.0,5,24.4,19.4,94,1015.3,83,13.0,-9900,-9900,0.0,0.0
2022,10,21,18,60,0.0,0.0,0.0,0.0,0.0,5,24.5,19.5,94,1014.8,78,13.0,-9900,-9900,0.0,0.0
2022,10,21,19,60,0.0,0.0,0.0,0.0,0.0,5,24.6,19.6,93,1014.3,72,11.1,-9900,-9900,0.0,0.0
2022,10,21,20,60,0.0,0.0,0.0,0.0,0.0,5,24.7,19.7,93,1014.2,73,13.0,-9900,-9900,0.0,0.0
2022,10,21,21,60,0.0,0.0,0.0,0.0,0.0,5,24.7,19.7,93,1014.0,73,13.0,-9900,-9900,0.0,0.0
2022,10,21,22,60,0.0,0.0,0.0,0.0,0.0,5,24.7,19.7,93,1013.9,73,13.0,-9900,-9900,0.0,0.0
2022,10,21,23,60,0.0,0.0,0.0,0.0,0.0,5,25.4,20.4,95,1013.9,84,14.8,-9900,-9900,0.0,0.0
2022,10,21,24,60,0.0,0.0,0.0,0.0,0.0,5,25.5,20.5,94,1014.3,84,14.8,-9900,-9900,0.0,0.0
2022,10,22,1,60,0.0,0.0,0.0,0.0,0.0,5,25.7,20.7,93,1014.8,83,13.0,-9900,-9900,0.0,0.0
2022,10,22,2,60,0.0,0.0,0.0,0.0,0.0,5,26.2,21.2,90,1014.7,80,13.0,-9900,-9900,0.0,0.0
2022,10,22,3,60,0.0,0.0,0.0,0.0,0.0,5,26.8,21.8,88,1014.7,76,13.0,-9900,-9900,0.0,0.0
2022,10,22,4,60,0.0,0.0,0.0,0.0,0.0,5,27.3,22.3,86,1014.6,72,13.0,-9900,-9900,0.0,0.0
2022,10,22,5,60,0.0,0.0,0.0,0.0,0.0,5,27.9,22.9,83,1013.9,74,14.8,-9900,-9900,0.0,0.0
2022,10,22,6,60,0.0,0.0,0.0,0.0,0.0,5,28.0,23.0,82,1013.2,70,14.8,-9900,-9900,0.0,0.0
2022,10,22,7,60,0.0,0.0,0.0,0.0,0.0,5,28.2,23.2,80,1012.6,66,14.8,-9900,-9900,0.0,0.0
2022,10,22,8,60,0.0,0.0,0.0,0.0,0.0,5,27.7,22.7,82,1012.8,64,14.8,-9900,-9900,0.0,0.0
2022,10,22,9,60,0.0,0.0,0.0,0.0,0.0,5,27.2,22.2,84,1013.0,61,14.8,-9900,-9900,0.0,0.0
2022,10,22,10,60,0.0,0.0,0.0,0.0,0.0,5,26.8,21.8,86,1013.2,58,14.8,-9900,-9900,0.0,0.0
2022,10,22,11,60,0.0,0.0,0.0,0.0,0.0,5,26.5,21.5,85,1014.0,74,16.7,-9900,-9900,0.0,0.0
2022,10,22,12,60,0.0,0.0,0.0,0.0,0.0,5,26.3,21.3,87,1014.6,71,14.8,-9900,-9900,0.0,0.0
2022,10,22,13,60,0.0,0.0,0.0,0.0,0.0,5,26.0,21.0,88,1015.2,69,13.0,-9900,-9900,0.0,0.0
2022,10,22,14,60,0.0,0.0,0.0,0.0,0.0,5,25.8,20.8,88,1015.3,70,13.0,-9900,-9900,0.0,0.0
2022,10,22,15,60,0.0,0.0,0.0,0.0,0.0,5,25.6,20.6,89,1015.5,71,11.1,-9900,-9900,0.0,0.0
2022,10,22,16,60,0.0,0.0,0.0,0.0,0.0,5,25.5,20.5,89,1015.6,72,9.3,-9900,-9900,0.0,0.0
2022,10,22,17,60,0.0,0.0,0.0,0.0,0.0,5,24.2,19.2,94,1015.9,82,11.1,-9900,-9900,0.0,0.0
2022,10,22,18,60,0.0,0.0,0.0,0.0,0.0,5,24.2,19.2,94,1015.5,81,11.1,-9900,-9900,0.0,0.0
2022,10,22,19,60,0.0,0.0,0.0,0.0,0.0,5,24.2,19.2,94,1015.1,79,9.3,-9900,-9900,0.0,0.0
2022,10,22,20,60,0.0,0.0,0.0,0.0,0.0,5,24.1,19.1,93,1014.7,79,9.3,-9900,-9900,0.0,0.0
2022,10,22,21,60,0.0,0.0,0.0,0.0,0.0,5,24.0,19.0,93,1014.3,81,7.4,-9900,-9900,0.0,0.0
2022,10,22,22,60,0.0,0.0,0.0,0.0,0.0,5,24.0,19.0,93,1014.0,82,7.4,-9900,-9900,0.0,0.0
2022,10,22,23,60,0.0,0.0,0.0,0.0,0.0,5,23.4,18.4,89,1015.8,89,9.3,-9900,-9900,0.0,0.0
2022,10,22,24,60,0.0,0.0,0.0,0.0,0.0,5,23.6,18.6,88,1016.3,86,9.3,-9900,-9900,0.0,0.0
2022,10,23,1,60,0.0,0.0,0.0,0.0,0.0,5,23.7,18.7,88,1016.9,83,7.4,-9900,-9900,0.0,0.0
2022,10,23,2,60,0.0,0.0,0.0,0.0,0.0,5,24.2,19.2,86,1016.7,79,9.3,-9900,-9900,0.0,0.0
2022,10,23,3,60,0.0,0.0,0.0,0.0,0.0,5,24.7,19.7,84,1016.5,74,9.3,-9900,-9900,0.0,0.0
2022,10,23,4,60,0.0,0.0,0.0,0.0,0.0,5,25.1,20.1,83,1016.3,69,9.3,-9900,-9900,0.0,0.0
2022,10,23,5,60,0.0,0.0,0.0,0.0,0.0,5,25.1,20.1,81,1015.7,68,11.1,-9900,-9900,0.0,0.0
2022,10,23,6,60,0.0,0.0,0.0,0.0,0.0,5,25.0,20.0,80,1015.0,67,11.1,-9900,-9900,0.0,0.0
2022,10,23,7,60,0.0,0.0,0.0,0.0,0.0,5,24.9,19.9,80,1014.4,66,13.0,-9900,-9900,0.0,0.0
2022,10,23,8,60,0.0,0.0,0.0,0.0,0.0,5,24.7,19.7,79,1014.7,65,11.1,-9900,-9900,0.0,0.0
2022,10,23,9,60,0.0,0.0,0.0,0.0,0.0,5,24.4,19.4,79,1014.9,63,11.1,-9900,-9900,0.0,0.0
2022,10,23,10,60,0.0,0.0,0.0,0.0,0.0,5,24.1,19.1,79,1015.2,61,11.1,-9900,-9900,0.0,0.0
2022,10,23,11,60,0.0,0.0,0.0,0.0,0.0,5,22.9,17.9,87,1016.8,78,14.8,-9900,-9900,0.0,0.0
2022,10,23,12,60,0.0,0.0,0.0,0.0,0.0,5,22.9,17.9,86,1017.3,79,13.0,-9900,-9900,0.0,0.0
2022,10,23,13,60,0.0,0.0,0.0,0.0,0.0,5,22.8,17.8,85,1017.7,80,13.0,-9900,-9900,0.0,0.0
2022,10,23,14,60,0.0,0.0,0.0,0.0,0.0,5,22.8,17.8,84,1017.7,81,11.1,-9900,-9900,0.0,0.0
2022,10,23,15,60,0.0,0.0,0.0,0.0,0.0,5,22.8,17.8,82,1017.6,82,11.1,-9900,-9900,0.0,0.0
2022,10,23,16,60,0.0,0.0,0.0,0.0,0.0,5,22.7,17.7,81,1017.6,83,9.3,-9900,-9900,0.0,0.0
2022,10,23,17,60,0.0,0.0,0.0,0.0,0.0,5,22.4,17.4,82,1017.9,87,11.1,-9900,-9900,0.0,0.0
2022,10,23,18,60,0.0,0.0,0.0,0.0,0.0,5,22.3,17.3,82,1017.5,87,11.1,-9900,-9900,0.0,0.0
2022,10,23,19,60,0.0,0.0,0.0,0.0,0.0,5,22.2,17.2,82,1017.0,88,9.3,-9900,-9900,0.0,0.0
2022,10,23,20,60,0.0,0.0,0.0,0.0,0.0,5,22.0,17.0,81,1017.0,87,9.3,-9900,-9900,0.0,0.0
2022,10,23,21,60,0.0,0.0,0.0,0.0,0.0,5,21.7,16.7,82,1017.1,86,9.3,-9900,-9900,0.0,0.0
2022,10,23,22,60,0.0,0.0,0.0,0.0,0.0,5,21.6,16.6,81,1017.1,85,11.1,-9900,-9900,0.0,0.0
2022,10,23,23,60,0.0,0.0,0.0,0.0,0.0,5,21.7,16.7,74,1018.2,89,11.1,-9900,-9900,0.0,0.0
2022,10,23,24,60,0.0,0.0,0.0,0.0,0.0,5,22.1,17.1,72,1018.9,87,11.1,-9900,-9900,0.0,0.0
2022,10,24,1,60,0.0,0.0,0.0,0.0,0.0,5,22.4,17.4,71,1019.7,86,11.1,-9900,-9900,0.0,0.0
2022,10,24,2,60,0.0,0.0,0.0,0.0,0.0,5,22.8,17.8,69,1019.6,83,13.0,-9900,-9900,0.0,0.0
2022,10,24,3,60,0.0,0.0,0.0,0.0,0.0,5,23.2,18.2,66,1019.6,81,14.8,-9900,-9900,0.0,0.0
2022,10,24,4,60,0.0,0.0,0.0,0.0,0.0,5,23.6,18.6,64,1019.6,79,16.7,-9900,-9900,0.0,0.0
2022,10,24,5,60,0.0,0.0,0.0,0.0,0.0,5,23.6,18.6,61,1020.0,79,18.5,-9900,-9900,0.0,0.0
2022,10,24,6,60,0.0,0.0,0.0,0.0,0.0,5,23.8,18.8,60,1019.3,77,18.5,-9900,-9900,0.0,0.0
2022,10,24,7,60,0.0,0.0,0.0,0.0,0.0,5,23.9,18.9,59,1018.7,74,16.7,-9900,-9900,0.0,0.0
2022,10,24,8,60,0.0,0.0,0.0,0.0,0.0,5,23.4,18.4,61,1018.7,76,16.7,-9900,-9900,0.0,0.0
2022,10,24,9,60,0.0,0.0,0.0,0.0,0.0,5,22.9,17.9,63,1018.7,77,14.8,-9900,-9900,0.0,0.0
2022,10,24,10,60,0.0,0.0,0.0,0.0,0.0,5,22.4,17.4,64,1018.7,79,14.8,-9900,-9900,0.0,0.0
2022,10,24,11,60,0.0,0.0,0.0,0.0,0.0,5,22.2,17.2,69,1019.9,79,14.8,-9900,-9900,0.0,0.0
2022,10,24,12,60,0.0,0.0,0.0,0.0,0.0,5,22.0,17.0,69,1020.3,83,14.8,-9900,-9900,0.0,0.0
2022,10,24,13,60,0.0,0.0,0.0,0.0,0.0,5,21.9,16.9,70,1020.7,88,13.0,-9900,-9900,0.0,0.0
2022,10,24,14,60,0.0,0.0,0.0,0.0,0.0,5,21.9,16.9,69,1020.6,88,13.0,-9900,-9900,0.0,0.0
2022,10,24,15,60,0.0,0.0,0.0,0.0,0.0,5,21.9,16.9,68,1020.6,89,13.0,-9900,-9900,0.0,0.0
2022,10,24,16,60,0.0,0.0,0.0,0.0,0.0,5,21.9,16.9,68,1020.5,90,13.0,-9900,-9900,0.0,0.0
2022,10,24,17,60,0.0,0.0,0.0,0.0,0.0,5,21.6,16.6,61,1020.5,93,13.0,-9900,-9900,0.0,0.0
2022,10,24,18,60,0.0,0.0,0.0,0.0,0.0,5,21.5,16.5,62,1020.1,90,13.0,-9900,-9900,0.0,0.0
2022,10,24,19,60,0.0,0.0,0.0,0.0,0.0,5,21.5,16.5,62,1019.7,86,11.1,-9900,-9900,0.0,0.0
2022,10,24,20,60,0.0,0.0,0.0,0.0,0.0,5,21.3,16.3,64,1019.7,87,13.0,-9900,-9900,0.0,0.0
2022,10,24,21,60,0.0,0.0,0.0,0.0,0.0,5,21.1,16.1,66,1019.6,89,13.0,-9900,-9900,0.0,0.0
2022,10,24,22,60,0.0,0.0,0.0,0.0,0.0,5,21.0,16.0,68,1019.6,91,13.0,-9900,-9900,0.0,0.0
2022,10,24,23,60,0.0,0.0,0.0,0.0,0.0,5,21.5,16.5,64,1020.4,80,13.0,-9900,-9900,0.0,0.0
2022,10,24,24,60,0.0,0.0,0.0,0.0,0.0,5,21.8,16.8,64,1020.9,80,14.8,-9900,-9900,0.0,0.0
2022,10,25,1,60,0.0,0.0,0.0,0.0,0.0,5,22.1,17.1,64,1021.5,79,14.8,-9900,-9900,0.0,0.0
2022,10,25,2,60,0.0,0.0,0.0,0.0,0.0,5,22.6,17.6,62,1021.3,80,16.7,-9900,-9900,0.0,0.0
2022,10,25,3,60,0.0,0.0,0.0,0.0,0.0,5,23.0,18.0,61,1021.1,81,18.5,-9900,-9900,0.0,0.0
2022,10,25,4,60,0.0,0.0,0.0,0.0,0.0,5,23.5,18.5,59,1021.0,81,20.4,-9900,-9900,0.0,0.0
2022,10,25,5,60,0.0,0.0,0.0,0.0,0.0,5,23.9,18.9,54,1020.9,83,20.4,-9900,-9900,0.0,0.0
2022,10,25,6,60,0.0,0.0,0.0,0.0,0.0,5,23.8,18.8,55,1020.1,82,20.4,-9900,-9900,0.0,0.0
2022,10,25,7,60,0.0,0.0,0.0,0.0,0.0,5,23.7,18.7,56,1019.3,81,20.4,-9900,-9900,0.0,0.0
2022,10,25,8,60,0.0,0.0,0.0,0.0,0.0,5,23.3,18.3,58,1019.3,84,18.5,-9900,-9900,0.0,0.0
2022,10,25,9,60,0.0,0.0,0.0,0.0,0.0,5,22.8,17.8,60,1019.2,86,18.5,-9900,-9900,0.0,0.0
2022,10,25,10,60,0.0,0.0,0.0,0.0,0.0,5,22.3,17.3,63,1019.1,89,16.7,-9900,-9900,0.0,0.0
2022,10,25,11,60,0.0,0.0,0.0,0.0,0.0,5,22.2,17.2,62,1019.6,95,14.8,-9900,-9900,0.0,0.0
2022,10,25,12,60,0.0,0.0,0.0,0.0,0.0,5,22.1,17.1,63,1019.8,97,14.8,-9900,-9900,0.0,0.0
2022,10,25,13,60,0.0,0.0,0.0,0.0,0.0,5,22.0,17.0,64,1020.1,98,14.8,-9900,-9900,0.0,0.0
2022,10,25,14,60,0.0,0.0,0.0,0.0,0.0,5,22.0,17.0,64,1019.9,97,13.0,-9900,-9900,0.0,0.0
2022,10,25,15,60,0.0,0.0,0.0,0.0,0.0,5,22.0,17.0,65,1019.8,95,13.0,-9900,-9900,0.0,0.0
2022,10,25,16,60,0.0,0.0,0.0,0.0,0.0,5,22.0,17.0,65,1019.6,93,11.1,-9900,-9900,0.0,0.0
2022,10,25,17,60,0.0,0.0,0.0,0.0,0.0,5,21.9,16.9,66,1019.2,91,11.1,-9900,-9900,0.0,0.0
2022,10,25,18,60,0.0,0.0,0.0,0.0,0.0,5,21.7,16.7,67,1018.7,90,11.1,-9900,-9900,0.0,0.0
2022,10,25,19,60,0.0,0.0,0.0,0.0,0.0,5,21.6,16.6,68,1018.3,88,11.1,-9900,-9900,0.0,0.0
2022,10,25,20,60,0.0,0.0,0.0,0.0,0.0,5,21.6,16.6,69,1018.1,89,11.1,-9900,-9900,0.0,0.0
2022,10,25,21,60,0.0,0.0,0.0,0.0,0.0,5,21.6,16.6,70,1017.8,91,11.1,-9900,-9900,0.0,0.0
2022,10,25,22,60,0.0,0.0,0.0,0.0,0.0,5,21.6,16.6,71,1017.6,92,11.1,-9900,-9900,0.0,0.0
2022,10,25,23,60,0.0,0.0,0.0,0.0,0.0,5,21.9,16.9,68,1018.5,102,11.1,-9900,-9900,0.0,0.0
2022,10,25,24,60,0.0,0.0,0.0,0.0,0.0,5,22.4,17.4,67,1018.8,98,11.1,-9900,-9900,0.0,0.0
2022,10,26,1,60,0.0,0.0,0.0,0.0,0.0,5,22.9,17.9,67,1019.1,95,13.0,-9900,-9900,0.0,0.0
2022,10,26,2,60,0.0,0.0,0.0,0.0,0.0,5,24.0,19.0,63,1018.6,95,14.8,-9900,-9900,0.0,0.0
2022,10,26,3,60,0.0,0.0,0.0,0.0,0.0,5,25.0,20.0,60,1018.1,94,16.7,-9900,-9900,0.0,0.0
2022,10,26,4,60,0.0,0.0,0.0,0.0,0.0,5,26.0,21.0,57,1017.6,94,18.5,-9900,-9900,0.0,0.0
2022,10,26,5,60,0.0,0.0,0.0,0.0,0.0,5,27.2,22.2,54,1017.0,92,18.5,-9900,-9900,0.0,0.0
2022,10,26,6,60,0.0,0.0,0.0,0.0,0.0,5,27.2,22.2,54,1016.2,91,18.5,-9900,-9900,0.0,0.0
2022,10,26,7,60,0.0,0.0,0.0,0.0,0.0,5,27.1,22.1,55,1015.4,91,18.5,-9900,-9900,0.0,0.0
2022,10,26,8,60,0.0,0.0,0.0,0.0,0.0,5,26.4,21.4,57,1015.5,92,18.5,-9900,-9900,0.0,0.0
2022,10,26,9,60,0.0,0.0,0.0,0.0,0.0,5,25.5,20.5,60,1015.6,94,16.7,-9900,-9900,0.0,0.0
2022,10,26,10,60,0.0,0.0,0.0,0.0,0.0,5,24.7,19.7,63,1015.7,95,16.7,-9900,-9900,0.0,0.0
2022,10,26,11,60,0.0,0.0,0.0,0.0,0.0,5,24.6,19.6,64,1016.1,96,14.8,-9900,-9900,0.0,0.0
2022,10,26,12,60,0.0,0.0,0.0,0.0,0.0,5,24.3,19.3,65,1016.5,96,14.8,-9900,-9900,0.0,0.0
2022,10,26,13,60,0.0,0.0,0.0,0.0,0.0,5,24.1,19.1,66,1016.8,96,14.8,-9900,-9900,0.0,0.0
2022,10,26,14,60,0.0,0.0,0.0,0.0,0.0,5,24.0,19.0,66,1016.7,95,13.0,-9900,-9900,0.0,0.0
2022,10,26,15,60,0.0,0.0,0.0,0.0,0.0,5,24.0,19.0,66,1016.6,94,13.0,-9900,-9900,0.0,0.0
2022,10,26,16,60,0.0,0.0,0.0,0.0,0.0,5,23.9,18.9,67,1016.5,93,11.1,-9900,-9900,0.0,0.0
2022,10,26,17,60,0.0,0.0,0.0,0.0,0.0,5,23.6,18.6,67,1016.1,87,11.1,-9900,-9900,0.0,0.0
2022,10,26,18,60,0.0,0.0,0.0,0.0,0.0,5,23.4,18.4,68,1015.7,87,11.1,-9900,-9900,0.0,0.0
2022,10,26,19,60,0.0,0.0,0.0,0.0,0.0,5,23.3,18.3,69,1015.4,86,11.1,-9900,-9900,0.0,0.0
2022,10,26,20,60,0.0,0.0,0.0,0.0,0.0,5,23.1,18.1,70,1015.3,90,9.3,-9900,-9900,0.0,0.0
2022,10,26,21,60,0.0,0.0,0.0,0.0,0.0,5,22.9,17.9,72,1015.2,94,9.3,-9900,-9900,0.0,0.0
2022,10,26,22,60,0.0,0.0,0.0,0.0,0.0,5,22.8,17.8,73,1015.1,99,9.3,-9900,-9900,0.0,0.0
2022,10,26,23,60,0.0,0.0,0.0,0.0,0.0,5,23.3,18.3,70,1015.8,109,11.1,-9900,-9900,0.0,0.0
2022,10,26,24,60,0.0,0.0,0.0,0.0,0.0,5,23.9,18.9,69,1016.3,104,11.1,-9900,-9900,0.0,0.0
2022,10,27,1,60,0.0,0.0,0.0,0.0,0.0,5,24.5,19.5,68,1016.8,99,11.1,-9900,-9900,0.0,0.0
2022,10,27,2,60,0.0,0.0,0.0,0.0,0.0,5,25.6,20.6,65,1016.6,96,11.1,-9900,-9900,0.0,0.0
2022,10,27,3,60,0.0,0.0,0.0,0.0,0.0,5,26.7,21.7,62,1016.4,93,13.0,-9900,-9900,0.0,0.0
2022,10,27,4,60,0.0,0.0,0.0,0.0,0.0,5,27.9,22.9,58,1016.2,91,13.0,-9900,-9900,0.0,0.0
2022,10,27,5,60,0.0,0.0,0.0,0.0,0.0,5,27.8,22.8,58,1015.5,87,14.8,-9900,-9900,0.0,0.0
2022,10,27,6,60,0.0,0.0,0.0,0.0,0.0,5,27.9,22.9,59,1014.8,86,16.7,-9900,-9900,0.0,0.0
2022,10,27,7,60,0.0,0.0,0.0,0.0,0.0,5,27.9,22.9,59,1014.2,86,16.7,-9900,-9900,0.0,0.0
2022,10,27,8,60,0.0,0.0,0.0,0.0,0.0,5,27.1,22.1,62,1014.5,86,14.8,-9900,-9900,0.0,0.0
2022,10,27,9,60,0.0,0.0,0.0,0.0,0.0,5,26.3,21.3,64,1014.8,86,14.8,-9900,-9900,0.0,0.0
2022,10,27,10,60,0.0,0.0,0.0,0.0,0.0,5,25.5,20.5,67,1015.1,86,14.8,-9900,-9900,0.0,0.0
2022,10,27,11,60,0.0,0.0,0.0,0.0,0.0,5,25.2,20.2,70,1015.2,88,14.8,-9900,-9900,0.0,0.0
2022,10,27,12,60,0.0,0.0,0.0,0.0,0.0,5,24.9,19.9,72,1015.8,90,13.0,-9900,-9900,0.0,0.0
2022,10,27,13,60,0.0,0.0,0.0,0.0,0.0,5,24.7,19.7,73,1016.4,92,13.0,-9900,-9900,0.0,0.0
2022,10,27,14,60,0.0,0.0,0.0,0.0,0.0,5,24.5,19.5,74,1016.5,93,11.1,-9900,-9900,0.0,0.0
2022,10,27,15,60,0.0,0.0,0.0,0.0,0.0,5,24.4,19.4,74,1016.7,93,11.1,-9900,-9900,0.0,0.0
2022,10,27,16,60,0.0,0.0,0.0,0.0,0.0,5,24.2,19.2,75,1016.9,94,11.1,-9900,-9900,0.0,0.0
2022,10,27,17,60,0.0,0.0,0.0,0.0,0.0,5,23.7,18.7,80,1016.9,91,11.1,-9900,-9900,0.0,0.0
2022,10,27,18,60,0.0,0.0,0.0,0.0,0.0,5,23.7,18.7,80,1016.4,89,11.1,-9900,-9900,0.0,0.0
2022,10,27,19,60,0.0,0.0,0.0,0.0,0.0,5,23.6,18.6,80,1015.9,87,11.1,-9900,-9900,0.0,0.0
2022,10,27,20,60,0.0,0.0,0.0,0.0,0.0,5,23.5,18.5,81,1015.7,91,11.1,-9900,-9900,0.0,0.0
2022,10,27,21,60,0.0,0.0,0.0,0.0,0.0,5,23.5,18.5,81,1015.4,95,11.1,-9900,-9900,0.0,0.0
2022,10,27,22,60,0.0,0.0,0.0,0.0,0.0,5,23.4,18.4,82,1015.1,99,9.3,-9900,-9900,0.0,0.0
2022,10,27,23,60,0.0,0.0,0.0,0.0,0.0,5,23.7,18.7,81,1015.8,93,11.1,-9900,-9900,0.0,0.0
2022,10,27,24,60,0.0,0.0,0.0,0.0,0.0,5,24.1,19.1,79,1016.4,88,11.1,-9900,-9900,0.0,0.0
2022,10,28,1,60,0.0,0.0,0.0,0.0,0.0,5,24.4,19.4,78,1017.1,83,11.1,-9900,-9900,0.0,0.0
2022,10,28,2,60,0.0,0.0,0.0,0.0,0.0,5,25.2,20.2,75,1016.9,83,13.0,-9900,-9900,0.0,0.0
2022,10,28,3,60,0.0,0.0,0.0,0.0,0.0,5,26.1,21.1,71,1016.7,84,14.8,-9900,-9900,0.0,0.0
2022,10,28,4,60,0.0,0.0,0.0,0.0,0.0,5,26.9,21.9,68,1016.5,84,16.7,-9900,-9900,0.0,0.0
2022,10,28,5,60,0.0,0.0,0.0,0.0,0.0,5,26.9,21.9,68,1015.7,85,16.7,-9900,-9900,0.0,0.0
2022,10,28,6,60,0.0,0.0,0.0,0.0,0.0,5,26.9,21.9,68,1015.0,85,16.7,-9900,-9900,0.0,0.0
2022,10,28,7,60,0.0,0.0,0.0,0.0,0.0,5,26.9,21.9,68,1014.3,86,16.7,-9900,-9900,0.0,0.0
2022,10,28,8,60,0.0,0.0,0.0,0.0,0.0,5,26.3,21.3,70,1014.4,83,16.7,-9900,-9900,0.0,0.0
2022,10,28,9,60,0.0,0.0,0.0,0.0,0.0,5,25.7,20.7,72,1014.6,81,16.7,-9900,-9900,0.0,0.0
2022,10,28,10,60,0.0,0.0,0.0,0.0,0.0,5,25.2,20.2,74,1014.7,78,14.8,-9900,-9900,0.0,0.0
2022,10,28,11,60,0.0,0.0,0.0,0.0,0.0,5,24.5,19.5,78,1015.9,91,16.7,-9900,-9900,0.0,0.0
2022,10,28,12,60,0.0,0.0,0.0,0.0,0.0,5,24.2,19.2,79,1016.3,90,14.8,-9900,-9900,0.0,0.0
2022,10,28,13,60,0.0,0.0,0.0,0.0,0.0,5,23.9,18.9,81,1016.7,89,14.8,-9900,-9900,0.0,0.0
2022,10,28,14,60,0.0,0.0,0.0,0.0,0.0,5,23.9,18.9,80,1016.9,88,14.8,-9900,-9900,0.0,0.0
2022,10,28,15,60,0.0,0.0,0.0,0.0,0.0,5,23.8,18.8,81,1017.0,87,14.8,-9900,-9900,0.0,0.0
2022,10,28,16,60,0.0,0.0,0.0,0.0,0.0,5,23.7,18.7,81,1017.1,86,14.8,-9900,-9900,0.0,0.0
2022,10,28,17,60,0.0,0.0,0.0,0.0,0.0,5,23.3,18.3,84,1016.4,84,14.8,-9900,-9900,0.0,0.0
2022,10,28,18,60,0.0,0.0,0.0,0.0,0.0,5,23.3,18.3,84,1016.1,83,14.8,-9900,-9900,0.0,0.0
2022,10,28,19,60,0.0,0.0,0.0,0.0,0.0,5,23.3,18.3,84,1015.8,81,14.8,-9900,-9900,0.0,0.0
2022,10,28,20,60,0.0,0.0,0.0,0.0,0.0,5,23.2,18.2,84,1015.7,84,14.8,-9900,-9900,0.0,0.0
2022,10,28,21,60,0.0,0.0,0.0,0.0,0.0,5,23.1,18.1,84,1015.6,86,14.8,-9900,-9900,0.0,0.0
2022,10,28,22,60,0.0,0.0,0.0,0.0,0.0,5,23.1,18.1,84,1015.5,89,14.8,-9900,-9900,0.0,0.0
2022,10,28,23,60,0.0,0.0,0.0,0.0,0.0,5,22.9,17.9,83,1016.9,85,14.8,-9900,-9900,0.0,0.0
2022,10,28,24,60,0.0,0.0,0.0,0.0,0.0,5,23.0,18.0,83,1017.3,83,14.8,-9900,-9900,0.0,0.0
2022,10,29,1,60,0.0,0.0,0.0,0.0,0.0,5,23.1,18.1,83,1017.7,80,16.7,-9900,-9900,0.0,0.0
2022,10,29,2,60,0.0,0.0,0.0,0.0,0.0,5,23.4,18.4,82,1017.3,82,16.7,-9900,-9900,0.0,0.0
2022,10,29,3,60,0.0,0.0,0.0,0.0,0.0,5,23.7,18.7,81,1016.9,83,18.5,-9900,-9900,0.0,0.0
2022,10,29,4,60,0.0,0.0,0.0,0.0,0.0,5,24.0,19.0,80,1016.5,84,18.5,-9900,-9900,0.0,0.0
2022,10,29,5,60,0.0,0.0,0.0,0.0,0.0,5,23.9,18.9,78,1015.8,81,18.5,-9900,-9900,0.0,0.0
2022,10,29,6,60,0.0,0.0,0.0,0.0,0.0,5,24.0,19.0,78,1015.2,79,18.5,-9900,-9900,0.0,0.0
2022,10,29,7,60,0.0,0.0,0.0,0.0,0.0,5,24.0,19.0,77,1014.7,78,18.5,-9900,-9900,0.0,0.0
2022,10,29,8,60,0.0,0.0,0.0,0.0,0.0,5,23.9,18.9,78,1014.6,77,16.7,-9900,-9900,0.0,0.0
2022,10,29,9,60,0.0,0.0,0.0,0.0,0.0,5,23.8,18.8,79,1014.6,75,14.8,-9900,-9900,0.0,0.0
2022,10,29,10,60,0.0,0.0,0.0,0.0,0.0,5,23.6,18.6,80,1014.5,74,14.8,-9900,-9900,0.0,0.0
2022,10,29,11,60,0.0,0.0,0.0,0.0,0.0,5,23.1,18.1,82,1015.8,85,14.8,-9900,-9900,0.0,0.0
2022,10,29,12,60,0.0,0.0,0.0,0.0,0.0,5,23.1,18.1,83,1016.1,85,14.8,-9900,-9900,0.0,0.0
2022,10,29,13,60,0.0,0.0,0.0,0.0,0.0,5,23.1,18.1,83,1016.3,86,14.8,-9900,-9900,0.0,0.0
2022,10,29,14,60,0.0,0.0,0.0,0.0,0.0,5,23.1,18.1,83,1016.2,84,14.8,-9900,-9900,0.0,0.0
2022,10,29,15,60,0.0,0.0,0.0,0.0,0.0,5,23.1,18.1,83,1016.0,81,14.8,-9900,-9900,0.0,0.0
2022,10,29,16,60,0.0,0.0,0.0,0.0,0.0,5,23.0,18.0,84,1015.9,79,13.0,-9900,-9900,0.0,0.0
2022,10,29,17,60,0.0,0.0,0.0,0.0,0.0,5,22.7,17.7,86,1014.9,76,14.8,-9900,-9900,0.0,0.0
2022,10,29,18,60,0.0,0.0,0.0,0.0,0.0,5,22.7,17.7,86,1014.5,73,14.8,-9900,-9900,0.0,0.0
2022,10,29,19,60,0.0,0.0,0.0,0.0,0.0,5,22.8,17.8,85,1014.0,70,14.8,-9900,-9900,0.0,0.0
2022,10,29,20,60,0.0,0.0,0.0,0.0,0.0,5,22.8,17.8,86,1013.7,75,14.8,-9900,-9900,0.0,0.0
2022,10,29,21,60,0.0,0.0,0.0,0.0,0.0,5,22.8,17.8,86,1013.4,80,14.8,-9900,-9900,0.0,0.0
2022,10,29,22,60,0.0,0.0,0.0,0.0,0.0,5,22.8,17.8,87,1013.1,86,14.8,-9900,-9900,0.0,0.0
2022,10,29,23,60,0.0,0.0,0.0,0.0,0.0,5,22.7,17.7,90,1013.6,86,16.7,-9900,-9900,0.0,0.0
2022,10,29,24,60,0.0,0.0,0.0,0.0,0.0,5,22.9,17.9,89,1014.0,84,18.5,-9900,-9900,0.0,0.0
2022,10,30,1,60,0.0,0.0,0.0,0.0,0.0,5,23.1,18.1,88,1014.4,82,20.4,-9900,-9900,0.0,0.0
2022,10,30,2,60,0.0,0.0,0.0,0.0,0.0,5,23.5,18.5,86,1013.8,83,18.5,-9900,-9900,0.0,0.0
2022,10,30,3,60,0.0,0.0,0.0,0.0,0.0,5,23.9,18.9,84,1013.2,84,18.5,-9900,-9900,0.0,0.0
2022,10,30,4,60,0.0,0.0,0.0,0.0,0.0,5,24.2,19.2,83,1012.7,85,18.5,-9900,-9900,0.0,0.0
2022,10,30,5,60,0.0,0.0,0.0,0.0,0.0,5,24.2,19.2,84,1011.6,86,20.4,-9900,-9900,0.0,0.0
2022,10,30,6,60,0.0,0.0,0.0,0.0,0.0,5,24.3,19.3,83,1011.1,86,20.4,-9900,-9900,0.0,0.0
2022,10,30,7,60,0.0,0.0,0.0,0.0,0.0,5,24.5,19.5,82,1010.6,86,20.4,-9900,-9900,0.0,0.0
2022,10,30,8,60,0.0,0.0,0.0,0.0,0.0,5,24.3,19.3,83,1010.7,84,18.5,-9900,-9900,0.0,0.0
2022,10,30,9,60,0.0,0.0,0.0,0.0,0.0,5,24.2,19.2,84,1010.7,81,16.7,-9900,-9900,0.0,0.0
2022,10,30,10,60,0.0,0.0,0.0,0.0,0.0,5,24.1,19.1,85,1010.8,79,16.7,-9900,-9900,0.0,0.0
2022,10,30,11,60,0.0,0.0,0.0,0.0,0.0,5,23.7,18.7,87,1012.1,90,18.5,-9900,-9900,0.0,0.0
2022,10,30,12,60,0.0,0.0,0.0,0.0,0.0,5,23.7,18.7,88,1012.4,87,18.5,-9900,-9900,0.0,0.0
2022,10,30,13,60,0.0,0.0,0.0,0.0,0.0,5,23.6,18.6,88,1012.8,85,18.5,-9900,-9900,0.0,0.0
2022,10,30,14,60,0.0,0.0,0.0,0.0,0.0,5,23.6,18.6,89,1012.6,82,18.5,-9900,-9900,0.0,0.0
2022,10,30,15,60,0.0,0.0,0.0,0.0,0.0,5,23.5,18.5,89,1012.5,80,18.5,-9900,-9900,0.0,0.0
2022,10,30,16,60,0.0,0.0,0.0,0.0,0.0,5,23.5,18.5,90,1012.4,77,18.5,-9900,-9900,0.0,0.0
2022,10,30,17,60,0.0,0.0,0.0,0.0,0.0,5,23.0,18.0,92,1011.3,80,18.5,-9900,-9900,0.0,0.0
2022,10,30,18,60,0.0,0.0,0.0,0.0,0.0,5,23.1,18.1,92,1010.8,79,18.5,-9900,-9900,0.0,0.0
2022,10,30,19,60,0.0,0.0,0.0,0.0,0.0,5,23.2,18.2,91,1010.4,78,18.5,-9900,-9900,0.0,0.0
2022,10,30,20,60,0.0,0.0,0.0,0.0,0.0,5,23.1,18.1,91,1010.2,79,18.5,-9900,-9900,0.0,0.0
2022,10,30,21,60,0.0,0.0,0.0,0.0,0.0,5,23.0,18.0,92,1010.0,81,16.7,-9900,-9900,0.0,0.0
2022,10,30,22,60,0.0,0.0,0.0,0.0,0.0,5,23.0,18.0,91,1009.8,82,16.7,-9900,-9900,0.0,0.0
2022,10,30,23,60,0.0,0.0,0.0,0.0,0.0,5,22.8,17.8,92,1009.9,80,14.8,-9900,-9900,0.0,0.0
2022,10,30,24,60,0.0,0.0,0.0,0.0,0.0,5,22.6,17.6,92,1010.1,79,14.8,-9900,-9900,0.0,0.0
2022,10,31,1,60,0.0,0.0,0.0,0.0,0.0,5,22.4,17.4,92,1010.2,77,13.0,-9900,-9900,0.0,0.0
2022,10,31,2,60,0.0,0.0,0.0,0.0,0.0,5,22.4,17.4,94,1010.3,78,14.8,-9900,-9900,0.0,0.0
2022,10,31,3,60,0.0,0.0,0.0,0.0,0.0,5,22.3,17.3,96,1010.4,80,16.7,-9900,-9900,0.0,0.0
2022,10,31,4,60,0.0,0.0,0.0,0.0,0.0,5,22.3,17.3,98,1010.5,81,16.7,-9900,-9900,0.0,0.0
2022,10,31,5,60,0.0,0.0,0.0,0.0,0.0,5,23.0,18.0,89,1010.0,77,14.8,-9900,-9900,0.0,0.0
2022,10,31,6,60,0.0,0.0,0.0,0.0,0.0,5,23.0,18.0,89,1009.3,76,14.8,-9900,-9900,0.0,0.0
2022,10,31,7,60,0.0,0.0,0.0,0.0,0.0,5,23.1,18.1,87,1008.7,74,13.0,-9900,-9900,0.0,0.0
2022,10,31,8,60,0.0,0.0,0.0,0.0,0.0,5,22.9,17.9,89,1009.0,70,13.0,-9900,-9900,0.0,0.0
2022,10,31,9,60,0.0,0.0,0.0,0.0,0.0,5,22.8,17.8,90,1009.4,65,11.1,-9900,-9900,0.0,0.0
2022,10,31,10,60,0.0,0.0,0.0,0.0,0.0,5,22.6,17.6,92,1009.8,58,9.3,-9900,-9900,0.0,0.0
2022,10,31,11,60,0.0,0.0,0.0,0.0,0.0,5,22.8,17.8,92,1010.8,81,14.8,-9900,-9900,0.0,0.0
2022,10,31,12,60,0.0,0.0,0.0,0.0,0.0,5,22.6,17.6,94,1011.3,82,13.0,-9900,-9900,0.0,0.0
2022,10,31,13,60,0.0,0.0,0.0,0.0,0.0,5,22.4,17.4,96,1011.7,84,11.1,-9900,-9900,0.0,0.0
2022,10,31,14,60,0.0,0.0,0.0,0.0,0.0,5,22.2,17.2,96,1011.7,83,11.1,-9900,-9900,0.0,0.0
2022,10,31,15,60,0.0,0.0,0.0,0.0,0.0,5,22.1,17.1,96,1011.8,83,9.3,-9900,-9900,0.0,0.0
2022,10,31,16,60,0.0,0.0,0.0,0.0,0.0,5,21.9,16.9,96,1011.8,83,9.3,-9900,-9900,0.0,0.0
2022,10,31,17,60,0.0,0.0,0.0,0.0,0.0,5,20.9,15.9,97,1013.0,113,5.5,-9900,-9900,0.0,0.0
2022,10,31,18,60,0.0,0.0,0.0,0.0,0.0,5,20.9,15.9,96,1012.6,104,5.5,-9900,-9900,0.0,0.0
2022,10,31,19,60,0.0,0.0,0.0,0.0,0.0,5,21.0,16.0,95,1012.3,97,7.4,-9900,-9900,0.0,0.0
2022,10,31,20,60,0.0,0.0,0.0,0.0,0.0,5,21.0,16.0,95,1012.1,97,7.4,-9900,-9900,0.0,0.0
2022,10,31,21,60,0.0,0.0,0.0,0.0,0.0,5,21.0,16.0,96,1011.9,96,7.4,-9900,-9900,0.0,0.0
2022,10,31,22,60,0.0,0.0,0.0,0.0,0.0,5,21.0,16.0,96,1011.7,96,7.4,-9900,-9900,0.0,0.0
2022,10,31,23,60,0.0,0.0,0.0,0.0,0.0,5,20.8,15.8,93,1013.2,88,11.1,-9900,-9900,0.0,0.0
2022,10,31,24,60,0.0,0.0,0.0,0.0,0.0,5,20.8,15.8,92,1013.7,87,11.1,-9900,-9900,0.0,0.0
2022,11,1,1,60,0.0,0.0,0.0,0.0,0.0,5,20.8,15.8,92,1014.2,86,11.1,-9900,-9900,0.0,0.0
2022,11,1,2,60,0.0,0.0,0.0,0.0,0.0,5,20.9,15.9,92,1014.0,88,11.1,-9900,-9900,0.0,0.0
2022,11,1,3,60,0.0,0.0,0.0,0.0,0.0,5,21.0,16.0,92,1013.8,90,13.0,-9900,-9900,0.0,0.0
2022,11,1,4,60,0.0,0.0,0.0,0.0,0.0,5,21.2,16.2,92,1013.6,92,13.0,-9900,-9900,0.0,0.0
2022,11,1,5,60,0.0,0.0,0.0,0.0,0.0,5,21.8,16.8,88,1013.8,87,11.1,-9900,-9900,0.0,0.0
2022,11,1,6,60,0.0,0.0,0.0,0.0,0.0,5,21.8,16.8,87,1013.2,87,13.0,-9900,-9900,0.0,0.0
2022,11,1,7,60,0.0,0.0,0.0,0.0,0.0,5,21.7,16.7,86,1012.7,86,14.8,-9900,-9900,0.0,0.0
2022,11,1,8,60,0.0,0.0,0.0,0.0,0.0,5,21.7,16.7,86,1012.7,87,13.0,-9900,-9900,0.0,0.0
2022,11,1,9,60,0.0,0.0,0.0,0.0,0.0,5,21.6,16.6,87,1012.8,87,13.0,-9900,-9900,0.0,0.0
2022,11,1,10,60,0.0,0.0,0.0,0.0,0.0,5,21.5,16.5,88,1012.9,88,11.1,-9900,-9900,0.0,0.0
2022,11,1,11,60,0.0,0.0,0.0,0.0,0.0,5,21.7,16.7,88,1014.2,96,14.8,-9900,-9900,0.0,0.0
2022,11,1,12,60,0.0,0.0,0.0,0.0,0.0,5,21.7,16.7,88,1014.3,93,14.8,-9900,-9900,0.0,0.0
2022,11,1,13,60,0.0,0.0,0.0,0.0,0.0,5,21.6,16.6,90,1014.5,90,14.8,-9900,-9900,0.0,0.0
2022,11,1,14,60,0.0,0.0,0.0,0.0,0.0,5,21.5,16.5,90,1014.4,87,14.8,-9900,-9900,0.0,0.0
2022,11,1,15,60,0.0,0.0,0.0,0.0,0.0,5,21.4,16.4,91,1014.3,85,14.8,-9900,-9900,0.0,0.0
2022,11,1,16,60,0.0,0.0,0.0,0.0,0.0,5,21.3,16.3,92,1014.2,82,14.8,-9900,-9900,0.0,0.0
2022,11,1,17,60,0.0,0.0,0.0,0.0,0.0,5,21.4,16.4,91,1013.7,83,14.8,-9900,-9900,0.0,0.0
2022,11,1,18,60,0.0,0.0,0.0,0.0,0.0,5,21.5,16.5,91,1013.2,83,16.7,-9900,-9900,0.0,0.0
2022,11,1,19,60,0.0,0.0,0.0,0.0,0.0,5,21.6,16.6,91,1012.7,84,16.7,-9900,-9900,0.0,0.0
2022,11,1,20,60,0.0,0.0,0.0,0.0,0.0,5,21.6,16.6,91,1012.6,87,16.7,-9900,-9900,0.0,0.0
2022,11,1,21,60,0.0,0.0,0.0,0.0,0.0,5,21.5,16.5,91,1012.4,91,16.7,-9900,-9900,0.0,0.0
2022,11,1,22,60,0.0,0.0,0.0,0.0,0.0,5,21.5,16.5,92,1012.3,95,16.7,-9900,-9900,0.0,0.0
2022,11,1,23,60,0.0,0.0,0.0,0.0,0.0,5,20.8,15.8,93,1013.9,85,14.8,-9900,-9900,0.0,0.0
2022,11,1,24,60,0.0,0.0,0.0,0.0,0.0,5,21.1,16.1,92,1014.2,84,16.7,-9900,-9900,0.0,0.0
2022,11,2,1,60,0.0,0.0,0.0,0.0,0.0,5,21.4,16.4,91,1014.6,84,16.7,-9900,-9900,0.0,0.0
2022,11,2,2,60,0.0,0.0,0.0,0.0,0.0,5,21.8,16.8,90,1014.1,85,18.5,-9900,-9900,0.0,0.0
2022,11,2,3,60,0.0,0.0,0.0,0.0,0.0,5,22.3,17.3,89,1013.7,87,18.5,-9900,-9900,0.0,0.0
2022,11,2,4,60,0.0,0.0,0.0,0.0,0.0,5,22.7,17.7,87,1013.2,89,18.5,-9900,-9900,0.0,0.0
2022,11,2,5,60,0.0,0.0,0.0,0.0,0.0,5,22.8,17.8,87,1012.8,89,18.5,-9900,-9900,0.0,0.0
2022,11,2,6,60,0.0,0.0,0.0,0.0,0.0,5,23.1,18.1,85,1012.3,88,18.5,-9900,-9900,0.0,0.0
2022,11,2,7,60,0.0,0.0,0.0,0.0,0.0,5,23.4,18.4,84,1011.7,86,18.5,-9900,-9900,0.0,0.0
2022,11,2,8,60,0.0,0.0,0.0,0.0,0.0,5,23.2,18.2,85,1011.8,85,16.7,-9900,-9900,0.0,0.0
2022,11,2,9,60,0.0,0.0,0.0,0.0,0.0,5,23.0,18.0,86,1011.9,82,16.7,-9900,-9900,0.0,0.0
2022,11,2,10,60,0.0,0.0,0.0,0.0,0.0,5,22.8,17.8,87,1012.0,80,14.8,-9900,-9900,0.0,0.0
2022,11,2,11,60,0.0,0.0,0.0,0.0,0.0,5,22.8,17.8,87,1013.2,91,16.7,-9900,-9900,0.0,0.0
2022,11,2,12,60,0.0,0.0,0.0,0.0,0.0,5,22.9,17.9,87,1013.5,90,16.7,-9900,-9900,0.0,0.0
2022,11,2,13,60,0.0,0.0,0.0,0.0,0.0,5,23.1,18.1,87,1013.8,88,16.7,-9900,-9900,0.0,0.0
2022,11,2,14,60,0.0,0.0,0.0,0.0,0.0,5,23.1,18.1,87,1013.8,86,14.8,-9900,-9900,0.0,0.0
2022,11,2,15,60,0.0,0.0,0.0,0.0,0.0,5,23.1,18.1,87,1013.7,84,14.8,-9900,-9900,0.0,0.0
2022,11,2,16,60,0.0,0.0,0.0,0.0,0.0,5,23.1,18.1,87,1013.6,81,13.0,-9900,-9900,0.0,0.0
2022,11,2,17,60,0.0,0.0,0.0,0.0,0.0,5,23.3,18.3,86,1013.0,79,13.0,-9900,-9900,0.0,0.0
2022,11,2,18,60,0.0,0.0,0.0,0.0,0.0,5,23.3,18.3,86,1012.7,75,13.0,-9900,-9900,0.0,0.0
2022,11,2,19,60,0.0,0.0,0.0,0.0,0.0,5,23.4,18.4,85,1012.4,71,13.0,-9900,-9900,0.0,0.0
2022,11,2,20,60,0.0,0.0,0.0,0.0,0.0,5,23.3,18.3,87,1012.4,75,13.0,-9900,-9900,0.0,0.0
2022,11,2,21,60,0.0,0.0,0.0,0.0,0.0,5,23.2,18.2,88,1012.4,80,11.1,-9900,-9900,0.0,0.0
2022,11,2,22,60,0.0,0.0,0.0,0.0,0.0,5,23.1,18.1,90,1012.4,84,11.1,-9900,-9900,0.0,0.0
2022,11,2,23,60,0.0,0.0,0.0,0.0,0.0,5,22.6,17.6,90,1013.6,95,13.0,-9900,-9900,0.0,0.0
2022,11,2,24,60,0.0,0.0,0.0,0.0,0.0,5,23.0,18.0,89,1013.9,93,11.1,-9900,-9900,0.0,0.0
2022,11,3,1,60,0.0,0.0,0.0,0.0,0.0,5,23.4,18.4,88,1014.3,91,11.1,-9900,-9900,0.0,0.0
2022,11,3,2,60,0.0,0.0,0.0,0.0,0.0,5,24.2,19.2,85,1014.1,88,13.0,-9900,-9900,0.0,0.0
2022,11,3,3,60,0.0,0.0,0.0,0.0,0.0,5,25.0,20.0,83,1013.8,85,13.0,-9900,-9900,0.0,0.0
2022,11,3,4,60,0.0,0.0,0.0,0.0,0.0,5,25.8,20.8,81,1013.6,82,13.0,-9900,-9900,0.0,0.0
2022,11,3,5,60,0.0,0.0,0.0,0.0,0.0,5,25.8,20.8,79,1013.6,81,14.8,-9900,-9900,0.0,0.0
2022,11,3,6,60,0.0,0.0,0.0,0.0,0.0,5,25.9,20.9,78,1012.9,77,14.8,-9900,-9900,0.0,0.0
2022,11,3,7,60,0.0,0.0,0.0,0.0,0.0,5,26.0,21.0,77,1012.3,74,14.8,-9900,-9900,0.0,0.0
2022,11,3,8,60,0.0,0.0,0.0,0.0,0.0,5,25.5,20.5,80,1012.5,76,13.0,-9900,-9900,0.0,0.0
2022,11,3,9,60,0.0,0.0,0.0,0.0,0.0,5,25.0,20.0,82,1012.8,78,13.0,-9900,-9900,0.0,0.0
2022,11,3,10,60,0.0,0.0,0.0,0.0,0.0,5,24.5,19.5,84,1013.1,81,13.0,-9900,-9900,0.0,0.0
2022,11,3,11,60,0.0,0.0,0.0,0.0,0.0,5,24.2,19.2,85,1014.2,84,14.8,-9900,-9900,0.0,0.0
2022,11,3,12,60,0.0,0.0,0.0,0.0,0.0,5,24.1,19.1,86,1014.7,84,14.8,-9900,-9900,0.0,0.0
2022,11,3,13,60,0.0,0.0,0.0,0.0,0.0,5,24.0,19.0,87,1015.1,84,13.0,-9900,-9900,0.0,0.0
2022,11,3,14,60,0.0,0.0,0.0,0.0,0.0,5,23.9,18.9,87,1015.2,84,13.0,-9900,-9900,0.0,0.0
2022,11,3,15,60,0.0,0.0,0.0,0.0,0.0,5,23.8,18.8,87,1015.3,85,11.1,-9900,-9900,0.0,0.0
2022,11,3,16,60,0.0,0.0,0.0,0.0,0.0,5,23.7,18.7,87,1015.4,85,9.3,-9900,-9900,0.0,0.0
2022,11,3,17,60,0.0,0.0,0.0,0.0,0.0,5,23.5,18.5,89,1015.2,88,11.1,-9900,-9900,0.0,0.0
2022,11,3,18,60,0.0,0.0,0.0,0.0,0.0,5,23.4,18.4,89,1015.1,85,11.1,-9900,-9900,0.0,0.0
2022,11,3,19,60,0.0,0.0,0.0,0.0,0.0,5,23.3,18.3,89,1014.9,82,11.1,-9900,-9900,0.0,0.0
2022,11,3,20,60,0.0,0.0,0.0,0.0,0.0,5,23.1,18.1,89,1015.2,85,11.1,-9900,-9900,0.0,0.0
2022,11,3,21,60,0.0,0.0,0.0,0.0,0.0,5,22.8,17.8,89,1015.4,88,11.1,-9900,-9900,0.0,0.0
2022,11,3,22,60,0.0,0.0,0.0,0.0,0.0,5,22.6,17.6,89,1015.7,91,9.3,-9900,-9900,0.0,0.0
2022,11,3,23,60,0.0,0.0,0.0,0.0,0.0,5,22.8,17.8,89,1016.9,89,13.0,-9900,-9900,0.0,0.0
2022,11,3,24,60,0.0,0.0,0.0,0.0,0.0,5,22.8,17.8,89,1017.6,87,13.0,-9900,-9900,0.0,0.0
2022,11,4,1,60,0.0,0.0,0.0,0.0,0.0,5,22.7,17.7,89,1018.3,85,11.1,-9900,-9900,0.0,0.0
2022,11,4,2,60,0.0,0.0,0.0,0.0,0.0,5,22.8,17.8,87,1018.2,83,13.0,-9900,-9900,0.0,0.0
2022,11,4,3,60,0.0,0.0,0.0,0.0,0.0,5,22.8,17.8,87,1018.1,81,13.0,-9900,-9900,0.0,0.0
2022,11,4,4,60,0.0,0.0,0.0,0.0,0.0,5,22.8,17.8,86,1018.1,79,13.0,-9900,-9900,0.0,0.0
2022,11,4,5,60,0.0,0.0,0.0,0.0,0.0,5,22.7,17.7,85,1017.7,79,13.0,-9900,-9900,0.0,0.0
2022,11,4,6,60,0.0,0.0,0.0,0.0,0.0,5,22.6,17.6,84,1017.3,78,13.0,-9900,-9900,0.0,0.0
2022,11,4,7,60,0.0,0.0,0.0,0.0,0.0,5,22.5,17.5,83,1016.9,77,13.0,-9900,-9900,0.0,0.0
2022,11,4,8,60,0.0,0.0,0.0,0.0,0.0,5,22.4,17.4,83,1017.2,77,13.0,-9900,-9900,0.0,0.0
2022,11,4,9,60,0.0,0.0,0.0,0.0,0.0,5,22.2,17.2,84,1017.5,77,11.1,-9900,-9900,0.0,0.0
2022,11,4,10,60,0.0,0.0,0.0,0.0,0.0,5,22.0,17.0,85,1017.8,77,11.1,-9900,-9900,0.0,0.0
2022,11,4,11,60,0.0,0.0,0.0,0.0,0.0,5,21.6,16.6,82,1019.2,90,13.0,-9900,-9900,0.0,0.0
2022,11,4,12,60,0.0,0.0,0.0,0.0,0.0,5,21.5,16.5,82,1019.7,87,13.0,-9900,-9900,0.0,0.0
2022,11,4,13,60,0.0,0.0,0.0,0.0,0.0,5,21.5,16.5,82,1020.3,84,13.0,-9900,-9900,0.0,0.0
2022,11,4,14,60,0.0,0.0,0.0,0.0,0.0,5,21.3,16.3,83,1020.3,83,13.0,-9900,-9900,0.0,0.0
2022,11,4,15,60,0.0,0.0,0.0,0.0,0.0,5,21.2,16.2,83,1020.4,82,13.0,-9900,-9900,0.0,0.0
2022,11,4,16,60,0.0,0.0,0.0,0.0,0.0,5,21.1,16.1,83,1020.5,82,11.1,-9900,-9900,0.0,0.0
2022,11,4,17,60,0.0,0.0,0.0,0.0,0.0,5,20.7,15.7,82,1020.3,85,13.0,-9900,-9900,0.0,0.0
2022,11,4,18,60,0.0,0.0,0.0,0.0,0.0,5,20.7,15.7,82,1020.1,84,13.0,-9900,-9900,0.0,0.0
2022,11,4,19,60,0.0,0.0,0.0,0.0,0.0,5,20.7,15.7,81,1019.9,84,13.0,-9900,-9900,0.0,0.0
2022,11,4,20,60,0.0,0.0,0.0,0.0,0.0,5,20.6,15.6,82,1020.1,85,13.0,-9900,-9900,0.0,0.0
2022,11,4,21,60,0.0,0.0,0.0,0.0,0.0,5,20.4,15.4,82,1020.2,86,13.0,-9900,-9900,0.0,0.0
2022,11,4,22,60,0.0,0.0,0.0,0.0,0.0,5,20.4,15.4,82,1020.4,86,13.0,-9900,-9900,0.0,0.0
2022,11,4,23,60,0.0,0.0,0.0,0.0,0.0,5,19.7,14.7,84,1021.1,90,13.0,-9900,-9900,0.0,0.0
2022,11,4,24,60,0.0,0.0,0.0,0.0,0.0,5,19.9,14.9,83,1021.6,90,13.0,-9900,-9900,0.0,0.0
2022,11,5,1,60,0.0,0.0,0.0,0.0,0.0,5,20.2,15.2,82,1022.2,90,14.8,-9900,-9900,0.0,0.0
2022,11,5,2,60,0.0,0.0,0.0,0.0,0.0,5,20.5,15.5,80,1022.0,88,14.8,-9900,-9900,0.0,0.0
2022,11,5,3,60,0.0,0.0,0.0,0.0,0.0,5,20.7,15.7,80,1021.8,86,14.8,-9900,-9900,0.0,0.0
2022,11,5,4,60,0.0,0.0,0.0,0.0,0.0,5,21.0,16.0,78,1021.7,84,14.8,-9900,-9900,0.0,0.0
2022,11,5,5,60,0.0,0.0,0.0,0.0,0.0,5,21.0,16.0,77,1021.2,82,14.8,-9900,-9900,0.0,0.0
2022,11,5,6,60,0.0,0.0,0.0,0.0,0.0,5,21.1,16.1,76,1020.6,81,14.8,-9900,-9900,0.0,0.0
2022,11,5,7,60,0.0,0.0,0.0,0.0,0.0,5,21.1,16.1,75,1020.0,80,14.8,-9900,-9900,0.0,0.0
2022,11,5,8,60,0.0,0.0,0.0,0.0,0.0,5,20.9,15.9,76,1020.1,81,14.8,-9900,-9900,0.0,0.0
2022,11,5,9,60,0.0,0.0,0.0,0.0,0.0,5,20.7,15.7,77,1020.3,83,14.8,-9900,-9900,0.0,0.0
2022,11,5,10,60,0.0,0.0,0.0,0.0,0.0,5,20.4,15.4,78,1020.5,85,13.0,-9900,-9900,0.0,0.0
2022,11,5,11,60,0.0,0.0,0.0,0.0,0.0,5,20.4,15.4,77,1020.9,92,14.8,-9900,-9900,0.0,0.0
2022,11,5,12,60,0.0,0.0,0.0,0.0,0.0,5,20.4,15.4,77,1021.3,90,14.8,-9900,-9900,0.0,0.0
2022,11,5,13,60,0.0,0.0,0.0,0.0,0.0,5,20.4,15.4,77,1021.8,88,14.8,-9900,-9900,0.0,0.0
2022,11,5,14,60,0.0,0.0,0.0,0.0,0.0,5,20.4,15.4,77,1021.7,88,14.8,-9900,-9900,0.0,0.0
2022,11,5,15,60,0.0,0.0,0.0,0.0,0.0,5,20.4,15.4,78,1021.6,87,13.0,-9900,-9900,0.0,0.0
2022,11,5,16,60,0.0,0.0,0.0,0.0,0.0,5,20.4,15.4,78,1021.5,87,13.0,-9900,-9900,0.0,0.0
2022,11,5,17,60,0.0,0.0,0.0,0.0,0.0,5,19.7,14.7,84,1021.3,85,14.8,-9900,-9900,0.0,0.0
2022,11,5,18,60,0.0,0.0,0.0,0.0,0.0,5,19.8,14.8,83,1020.8,83,14.8,-9900,-9900,0.0,0.0
2022,11,5,19,60,0.0,0.0,0.0,0.0,0.0,5,20.0,15.0,82,1020.3,82,14.8,-9900,-9900,0.0,0.0
2022,11,5,20,60,0.0,0.0,0.0,0.0,0.0,5,19.9,14.9,82,1020.1,83,13.0,-9900,-9900,0.0,0.0
2022,11,5,21,60,0.0,0.0,0.0,0.0,0.0,5,19.9,14.9,82,1020.0,85,13.0,-9900,-9900,0.0,0.0
2022,11,5,22,60,0.0,0.0,0.0,0.0,0.0,5,19.9,14.9,82,1019.8,87,13.0,-9900,-9900,0.0,0.0
2022,11,5,23,60,0.0,0.0,0.0,0.0,0.0,5,19.8,14.8,82,1019.9,93,13.0,-9900,-9900,0.0,0.0
2022,11,5,24,60,0.0,0.0,0.0,0.0,0.0,5,20.2,15.2,81,1020.3,91,13.0,-9900,-9900,0.0,0.0
2022,11,6,1,60,0.0,0.0,0.0,0.0,0.0,5,20.6,15.6,80,1020.6,89,14.8,-9900,-9900,0.0,0.0
2022,11,6,2,60,0.0,0.0,0.0,0.0,0.0,5,21.4,16.4,77,1020.2,89,14.8,-9900,-9900,0.0,0.0
2022,11,6,3,60,0.0,0.0,0.0,0.0,0.0,5,22.2,17.2,74,1019.9,88,16.7,-9900,-9900,0.0,0.0
2022,11,6,4,60,0.0,0.0,0.0,0.0,0.0,5,23.0,18.0,71,1019.5,88,16.7,-9900,-9900,0.0,0.0
2022,11,6,5,60,0.0,0.0,0.0,0.0,0.0,5,22.6,17.6,72,1019.2,88,16.7,-9900,-9900,0.0,0.0
2022,11,6,6,60,0.0,0.0,0.0,0.0,0.0,5,22.8,17.8,72,1018.4,86,16.7,-9900,-9900,0.0,0.0
2022,11,6,7,60,0.0,0.0,0.0,0.0,0.0,5,23.0,18.0,71,1017.7,85,16.7,-9900,-9900,0.0,0.0
2022,11,6,8,60,0.0,0.0,0.0,0.0,0.0,5,22.6,17.6,73,1017.7,87,16.7,-9900,-9900,0.0,0.0
2022,11,6,9,60,0.0,0.0,0.0,0.0,0.0,5,22.2,17.2,75,1017.7,89,14.8,-9900,-9900,0.0,0.0
2022,11,6,10,60,0.0,0.0,0.0,0.0,0.0,5,21.8,16.8,78,1017.7,92,13.0,-9900,-9900,0.0,0.0
2022,11,6,11,60,0.0,0.0,0.0,0.0,0.0,5,21.9,16.9,80,1018.5,90,13.0,-9900,-9900,0.0,0.0
2022,11,6,12,60,0.0,0.0,0.0,0.0,0.0,5,21.8,16.8,81,1018.8,90,14.8,-9900,-9900,0.0,0.0
2022,11,6,13,60,0.0,0.0,0.0,0.0,0.0,5,21.8,16.8,82,1019.0,90,14.8,-9900,-9900,0.0,0.0
2022,11,6,14,60,0.0,0.0,0.0,0.0,0.0,5,21.8,16.8,82,1018.9,88,14.8,-9900,-9900,0.0,0.0
2022,11,6,15,60,0.0,0.0,0.0,0.0,0.0,5,21.8,16.8,82,1018.9,86,13.0,-9900,-9900,0.0,0.0
2022,11,6,16,60,0.0,0.0,0.0,0.0,0.0,5,21.8,16.8,83,1018.8,84,13.0,-9900,-9900,0.0,0.0
2022,11,6,17,60,0.0,0.0,0.0,0.0,0.0,5,21.7,16.7,84,1018.3,84,13.0,-9900,-9900,0.0,0.0
2022,11,6,18,60,0.0,0.0,0.0,0.0,0.0,5,21.7,16.7,84,1017.8,85,13.0,-9900,-9900,0.0,0.0
2022,11,6,19,60,0.0,0.0,0.0,0.0,0.0,5,21.6,16.6,85,1017.3,85,13.0,-9900,-9900,0.0,0.0
2022,11,6,20,60,0.0,0.0,0.0,0.0,0.0,5,21.5,16.5,85,1017.2,88,13.0,-9900,-9900,0.0,0.0
2022,11,6,21,60,0.0,0.0,0.0,0.0,0.0,5,21.4,16.4,86,1017.1,90,11.1,-9900,-9900,0.0,0.0
2022,11,6,22,60,0.0,0.0,0.0,0.0,0.0,5,21.3,16.3,86,1017.0,93,11.1,-9900,-9900,0.0,0.0
2022,11,6,23,60,0.0,0.0,0.0,0.0,0.0,5,21.5,16.5,90,1017.8,88,13.0,-9900,-9900,0.0,0.0
2022,11,6,24,60,0.0,0.0,0.0,0.0,0.0,5,21.8,16.8,88,1018.3,87,14.8,-9900,-9900,0.0,0.0
2022,11,7,1,60,0.0,0.0,0.0,0.0,0.0,5,22.1,17.1,87,1018.8,86,14.8,-9900,-9900,0.0,0.0
2022,11,7,2,60,0.0,0.0,0.0,0.0,0.0,5,22.7,17.7,84,1018.5,87,14.8,-9900,-9900,0.0,0.0
2022,11,7,3,60,0.0,0.0,0.0,0.0,0.0,5,23.3,18.3,82,1018.3,88,16.7,-9900,-9900,0.0,0.0
2022,11,7,4,60,0.0,0.0,0.0,0.0,0.0,5,23.9,18.9,79,1018.1,89,16.7,-9900,-9900,0.0,0.0
2022,11,7,5,60,0.0,0.0,0.0,0.0,0.0,5,24.0,19.0,79,1017.6,88,16.7,-9900,-9900,0.0,0.0
2022,11,7,6,60,0.0,0.0,0.0,0.0,0.0,5,24.3,19.3,77,1016.9,87,16.7,-9900,-9900,0.0,0.0
2022,11,7,7,60,0.0,0.0,0.0,0.0,0.0,5,24.6,19.6,76,1016.2,86,16.7,-9900,-9900,0.0,0.0
2022,11,7,8,60,0.0,0.0,0.0,0.0,0.0,5,24.2,19.2,77,1016.4,87,16.7,-9900,-9900,0.0,0.0
2022,11,7,9,60,0.0,0.0,0.0,0.0,0.0,5,23.8,18.8,79,1016.5,88,14.8,-9900,-9900,0.0,0.0
2022,11,7,10,60,0.0,0.0,0.0,0.0,0.0,5,23.4,18.4,80,1016.7,90,14.8,-9900,-9900,0.0,0.0
2022,11,7,11,60,0.0,0.0,0.0,0.0,0.0,5,23.1,18.1,83,1017.1,87,16.7,-9900,-9900,0.0,0.0
2022,11,7,12,60,0.0,0.0,0.0,0.0,0.0,5,22.9,17.9,84,1017.5,87,16.7,-9900,-9900,0.0,0.0
2022,11,7,13,60,0.0,0.0,0.0,0.0,0.0,5,22.8,17.8,85,1018.0,87,14.8,-9900,-9900,0.0,0.0
2022,11,7,14,60,0.0,0.0,0.0,0.0,0.0,5,22.8,17.8,84,1018.0,87,14.8,-9900,-9900,0.0,0.0
2022,11,7,15,60,0.0,0.0,0.0,0.0,0.0,5,22.7,17.7,85,1018.1,87,13.0,-9900,-9900,0.0,0.0
2022,11,7,16,60,0.0,0.0,0.0,0.0,0.0,5,22.7,17.7,84,1018.1,87,13.0,-9900,-9900,0.0,0.0
2022,11,7,17,60,0.0,0.0,0.0,0.0,0.0,5,22.4,17.4,86,1017.6,85,13.0,-9900,-9900,0.0,0.0
2022,11,7,18,60,0.0,0.0,0.0,0.0,0.0,5,22.5,17.5,85,1017.2,82,14.8,-9900,-9900,0.0,0.0
2022,11,7,19,60,0.0,0.0,0.0,0.0,0.0,5,22.5,17.5,85,1016.9,80,14.8,-9900,-9900,0.0,0.0
2022,11,7,20,60,0.0,0.0,0.0,0.0,0.0,5,22.4,17.4,86,1017.0,84,13.0,-9900,-9900,0.0,0.0
2022,11,7,21,60,0.0,0.0,0.0,0.0,0.0,5,22.3,17.3,86,1017.1,88,13.0,-9900,-9900,0.0,0.0
2022,11,7,22,60,0.0,0.0,0.0,0.0,0.0,5,22.2,17.2,87,1017.2,92,13.0,-9900,-9900,0.0,0.0
2022,11,7,23,60,0.0,0.0,0.0,0.0,0.0,5,22.5,17.5,89,1018.1,90,13.0,-9900,-9900,0.0,0.0
2022,11,7,24,60,0.0,0.0,0.0,0.0,0.0,5,22.7,17.7,87,1018.6,88,13.0,-9900,-9900,0.0,0.0
2022,11,8,1,60,0.0,0.0,0.0,0.0,0.0,5,22.9,17.9,86,1019.2,87,14.8,-9900,-9900,0.0,0.0
2022,11,8,2,60,0.0,0.0,0.0,0.0,0.0,5,23.5,18.5,83,1019.0,88,14.8,-9900,-9900,0.0,0.0
2022,11,8,3,60,0.0,0.0,0.0,0.0,0.0,5,24.0,19.0,81,1018.7,88,14.8,-9900,-9900,0.0,0.0
2022,11,8,4,60,0.0,0.0,0.0,0.0,0.0,5,24.5,19.5,79,1018.5,89,16.7,-9900,-9900,0.0,0.0
2022,11,8,5,60,0.0,0.0,0.0,0.0,0.0,5,24.2,19.2,80,1017.7,86,16.7,-9900,-9900,0.0,0.0
2022,11,8,6,60,0.0,0.0,0.0,0.0,0.0,5,24.2,19.2,79,1017.2,86,16.7,-9900,-9900,0.0,0.0
2022,11,8,7,60,0.0,0.0,0.0,0.0,0.0,5,24.3,19.3,78,1016.7,85,14.8,-9900,-9900,0.0,0.0
2022,11,8,8,60,0.0,0.0,0.0,0.0,0.0,5,24.0,19.0,80,1016.9,86,14.8,-9900,-9900,0.0,0.0
2022,11,8,9,60,0.0,0.0,0.0,0.0,0.0,5,23.6,18.6,82,1017.1,87,14.8,-9900,-9900,0.0,0.0
2022,11,8,10,60,0.0,0.0,0.0,0.0,0.0,5,23.3,18.3,84,1017.2,88,14.8,-9900,-9900,0.0,0.0
2022,11,8,11,60,0.0,0.0,0.0,0.0,0.0,5,22.8,17.8,87,1018.1,94,14.8,-9900,-9900,0.0,0.0
2022,11,8,12,60,0.0,0.0,0.0,0.0,0.0,5,22.7,17.7,89,1018.5,90,13.0,-9900,-9900,0.0,0.0
2022,11,8,13,60,0.0,0.0,0.0,0.0,0.0,5,22.6,17.6,90,1018.8,87,13.0,-9900,-9900,0.0,0.0
2022,11,8,14,60,0.0,0.0,0.0,0.0,0.0,5,22.6,17.6,90,1018.7,85,13.0,-9900,-9900,0.0,0.0
2022,11,8,15,60,0.0,0.0,0.0,0.0,0.0,5,22.6,17.6,90,1018.6,83,13.0,-9900,-9900,0.0,0.0
2022,11,8,16,60,0.0,0.0,0.0,0.0,0.0,5,22.5,17.5,91,1018.5,81,11.1,-9900,-9900,0.0,0.0
2022,11,8,17,60,0.0,0.0,0.0,0.0,0.0,5,23.0,18.0,90,1017.8,83,13.0,-9900,-9900,0.0,0.0
2022,11,8,18,60,0.0,0.0,0.0,0.0,0.0,5,23.0,18.0,90,1017.4,82,13.0,-9900,-9900,0.0,0.0
2022,11,8,19,60,0.0,0.0,0.0,0.0,0.0,5,22.9,17.9,90,1016.9,80,13.0,-9900,-9900,0.0,0.0
2022,11,8,20,60,0.0,0.0,0.0,0.0,0.0,5,22.8,17.8,90,1016.7,85,11.1,-9900,-9900,0.0,0.0
2022,11,8,21,60,0.0,0.0,0.0,0.0,0.0,5,22.7,17.7,91,1016.5,90,11.1,-9900,-9900,0.0,0.0
2022,11,8,22,60,0.0,0.0,0.0,0.0,0.0,5,22.6,17.6,92,1016.2,96,11.1,-9900,-9900,0.0,0.0
2022,11,8,23,60,0.0,0.0,0.0,0.0,0.0,5,23.6,18.6,85,1016.6,96,13.0,-9900,-9900,0.0,0.0
2022,11,8,24,60,0.0,0.0,0.0,0.0,0.0,5,24.0,19.0,83,1017.0,95,13.0,-9900,-9900,0.0,0.0
2022,11,9,1,60,0.0,0.0,0.0,0.0,0.0,5,24.3,19.3,83,1017.5,94,13.0,-9900,-9900,0.0,0.0
2022,11,9,2,60,0.0,0.0,0.0,0.0,0.0,5,25.4,20.4,79,1017.2,96,13.0,-9900,-9900,0.0,0.0
2022,11,9,3,60,0.0,0.0,0.0,0.0,0.0,5,26.5,21.5,75,1016.9,98,13.0,-9900,-9900,0.0,0.0
2022,11,9,4,60,0.0,0.0,0.0,0.0,0.0,5,27.5,22.5,72,1016.7,100,13.0,-9900,-9900,0.0,0.0
2022,11,9,5,60,0.0,0.0,0.0,0.0,0.0,5,27.8,22.8,71,1015.9,99,13.0,-9900,-9900,0.0,0.0
2022,11,9,6,60,0.0,0.0,0.0,0.0,0.0,5,28.1,23.1,69,1015.2,97,14.8,-9900,-9900,0.0,0.0
2022,11,9,7,60,0.0,0.0,0.0,0.0,0.0,5,28.4,23.4,68,1014.4,96,14.8,-9900,-9900,0.0,0.0
2022,11,9,8,60,0.0,0.0,0.0,0.0,0.0,5,27.6,22.6,71,1014.7,94,14.8,-9900,-9900,0.0,0.0
2022,11,9,9,60,0.0,0.0,0.0,0.0,0.0,5,26.8,21.8,73,1014.9,92,14.8,-9900,-9900,0.0,0.0
2022,11,9,10,60,0.0,0.0,0.0,0.0,0.0,5,26.0,21.0,76,1015.2,91,13.0,-9900,-9900,0.0,0.0
2022,11,9,11,60,0.0,0.0,0.0,0.0,0.0,5,26.6,21.6,68,1015.2,87,14.8,-9900,-9900,0.0,0.0
2022,11,9,12,60,0.0,0.0,0.0,0.0,0.0,5,26.2,21.2,70,1015.7,86,14.8,-9900,-9900,0.0,0.0
2022,11,9,13,60,0.0,0.0,0.0,0.0,0.0,5,25.7,20.7,74,1016.2,84,13.0,-9900,-9900,0.0,0.0
2022,11,9,14,60,0.0,0.0,0.0,0.0,0.0,5,25.5,20.5,75,1016.4,83,13.0,-9900,-9900,0.0,0.0
2022,11,9,15,60,0.0,0.0,0.0,0.0,0.0,5,25.3,20.3,77,1016.6,81,11.1,-9900,-9900,0.0,0.0
2022,11,9,16,60,0.0,0.0,0.0,0.0,0.0,5,25.1,20.1,78,1016.7,79,11.1,-9900,-9900,0.0,0.0
2022,11,9,17,60,0.0,0.0,0.0,0.0,0.0,5,25.1,20.1,75,1016.4,84,13.0,-9900,-9900,0.0,0.0
2022,11,9,18,60,0.0,0.0,0.0,0.0,0.0,5,24.8,19.8,77,1016.2,84,11.1,-9900,-9900,0.0,0.0
2022,11,9,19,60,0.0,0.0,0.0,0.0,0.0,5,24.5,19.5,78,1015.9,83,9.3,-9900,-9900,0.0,0.0
2022,11,9,20,60,0.0,0.0,0.0,0.0,0.0,5,24.3,19.3,79,1015.9,85,9.3,-9900,-9900,0.0,0.0
2022,11,9,21,60,0.0,0.0,0.0,0.0,0.0,5,24.0,19.0,81,1015.9,88,9.3,-9900,-9900,0.0,0.0
2022,11,9,22,60,0.0,0.0,0.0,0.0,0.0,5,23.7,18.7,82,1015.8,91,9.3,-9900,-9900,0.0,0.0
2022,11,9,23,60,0.0,0.0,0.0,0.0,0.0,5,24.1,19.1,81,1016.6,113,5.5,-9900,-9900,0.0,0.0
2022,11,9,24,60,0.0,0.0,0.0,0.0,0.0,5,24.7,19.7,80,1017.1,109,5.5,-9900,-9900,0.0,0.0
2022,11,10,1,60,0.0,0.0,0.0,0.0,0.0,5,25.3,20.3,78,1017.6,105,7.4,-9900,-9900,0.0,0.0
2022,11,10,2,60,0.0,0.0,0.0,0.0,0.0,5,26.7,21.7,74,1017.2,104,7.4,-9900,-9900,0.0,0.0
2022,11,10,3,60,0.0,0.0,0.0,0.0,0.0,5,28.1,23.1,69,1016.9,104,7.4,-9900,-9900,0.0,0.0
2022,11,10,4,60,0.0,0.0,0.0,0.0,0.0,5,29.6,24.6,65,1016.5,103,7.4,-9900,-9900,0.0,0.0
2022,11,10,5,60,0.0,0.0,0.0,0.0,0.0,5,29.7,24.7,62,1016.0,96,9.3,-9900,-9900,0.0,0.0
2022,11,10,6,60,0.0,0.0,0.0,0.0,0.0,5,30.0,25.0,62,1015.2,93,11.1,-9900,-9900,0.0,0.0
2022,11,10,7,60,0.0,0.0,0.0,0.0,0.0,5,30.2,25.2,61,1014.4,90,11.1,-9900,-9900,0.0,0.0
2022,11,10,8,60,0.0,0.0,0.0,0.0,0.0,5,29.2,24.2,64,1014.5,89,13.0,-9900,-9900,0.0,0.0
2022,11,10,9,60,0.0,0.0,0.0,0.0,0.0,5,28.2,23.2,68,1014.6,88,13.0,-9900,-9900,0.0,0.0
2022,11,10,10,60,0.0,0.0,0.0,0.0,0.0,5,27.2,22.2,72,1014.8,87,13.0,-9900,-9900,0.0,0.0
2022,11,10,11,60,0.0,0.0,0.0,0.0,0.0,5,26.2,21.2,76,1015.1,83,16.7,-9900,-9900,0.0,0.0
2022,11,10,12,60,0.0,0.0,0.0,0.0,0.0,5,25.9,20.9,78,1015.5,81,14.8,-9900,-9900,0.0,0.0
2022,11,10,13,60,0.0,0.0,0.0,0.0,0.0,5,25.6,20.6,79,1015.8,79,14.8,-9900,-9900,0.0,0.0
2022,11,10,14,60,0.0,0.0,0.0,0.0,0.0,5,25.5,20.5,80,1015.8,77,13.0,-9900,-9900,0.0,0.0
2022,11,10,15,60,0.0,0.0,0.0,0.0,0.0,5,25.4,20.4,81,1015.8,74,13.0,-9900,-9900,0.0,0.0
2022,11,10,16,60,0.0,0.0,0.0,0.0,0.0,5,25.4,20.4,81,1015.7,72,13.0,-9900,-9900,0.0,0.0
2022,11,10,17,60,0.0,0.0,0.0,0.0,0.0,5,25.1,20.1,80,1015.4,79,11.1,-9900,-9900,0.0,0.0
2022,11,10,18,60,0.0,0.0,0.0,0.0,0.0,5,25.0,20.0,80,1015.1,74,11.1,-9900,-9900,0.0,0.0
2022,11,10,19,60,0.0,0.0,0.0,0.0,0.0,5,24.9,19.9,80,1014.8,69,11.1,-9900,-9900,0.0,0.0
2022,11,10,20,60,0.0,0.0,0.0,0.0,0.0,5,24.7,19.7,82,1014.8,71,11.1,-9900,-9900,0.0,0.0
2022,11,10,21,60,0.0,0.0,0.0,0.0,0.0,5,24.6,19.6,82,1014.7,74,9.3,-9900,-9900,0.0,0.0
2022,11,10,22,60,0.0,0.0,0.0,0.0,0.0,5,24.4,19.4,83,1014.7,77,9.3,-9900,-9900,0.0,0.0
2022,11,10,23,60,0.0,0.0,0.0,0.0,0.0,5,25.0,20.0,84,1015.0,95,11.1,-9900,-9900,0.0,0.0
2022,11,10,24,60,0.0,0.0,0.0,0.0,0.0,5,25.4,20.4,82,1015.5,93,9.3,-9900,-9900,0.0,0.0
2022,11,11,1,60,0.0,0.0,0.0,0.0,0.0,5,25.8,20.8,81,1016.0,92,9.3,-9900,-9900,0.0,0.0
2022,11,11,2,60,0.0,0.0,0.0,0.0,0.0,5,27.1,22.1,76,1015.7,95,9.3,-9900,-9900,0.0,0.0
2022,11,11,3,60,0.0,0.0,0.0,0.0,0.0,5,28.4,23.4,72,1015.5,98,9.3,-9900,-9900,0.0,0.0
2022,11,11,4,60,0.0,0.0,0.0,0.0,0.0,5,29.7,24.7,67,1015.2,102,9.3,-9900,-9900,0.0,0.0
2022,11,11,5,60,0.0,0.0,0.0,0.0,0.0,5,29.0,24.0,71,1014.8,93,11.1,-9900,-9900,0.0,0.0
2022,11,11,6,60,0.0,0.0,0.0,0.0,0.0,5,29.4,24.4,69,1014.0,89,11.1,-9900,-9900,0.0,0.0
2022,11,11,7,60,0.0,0.0,0.0,0.0,0.0,5,29.9,24.9,66,1013.2,85,11.1,-9900,-9900,0.0,0.0
2022,11,11,8,60,0.0,0.0,0.0,0.0,0.0,5,29.0,24.0,69,1013.4,89,11.1,-9900,-9900,0.0,0.0
2022,11,11,9,60,0.0,0.0,0.0,0.0,0.0,5,28.2,23.2,72,1013.6,92,11.1,-9900,-9900,0.0,0.0
2022,11,11,10,60,0.0,0.0,0.0,0.0,0.0,5,27.3,22.3,76,1013.8,95,11.1,-9900,-9900,0.0,0.0
2022,11,11,11,60,0.0,0.0,0.0,0.0,0.0,5,26.6,21.6,78,1014.3,86,11.1,-9900,-9900,0.0,0.0
2022,11,11,12,60,0.0,0.0,0.0,0.0,0.0,5,26.3,21.3,79,1014.8,83,11.1,-9900,-9900,0.0,0.0
2022,11,11,13,60,0.0,0.0,0.0,0.0,0.0,5,26.0,21.0,80,1015.3,80,11.1,-9900,-9900,0.0,0.0
2022,11,11,14,60,0.0,0.0,0.0,0.0,0.0,5,25.9,20.9,80,1015.3,78,9.3,-9900,-9900,0.0,0.0
2022,11,11,15,60,0.0,0.0,0.0,0.0,0.0,5,25.7,20.7,81,1015.2,76,9.3,-9900,-9900,0.0,0.0
2022,11,11,16,60,0.0,0.0,0.0,0.0,0.0,5,25.6,20.6,81,1015.2,73,9.3,-9900,-9900,0.0,0.0
2022,11,11,17,60,0.0,0.0,0.0,0.0,0.0,5,25.1,20.1,86,1015.0,91,11.1,-9900,-9900,0.0,0.0
2022,11,11,18,60,0.0,0.0,0.0,0.0,0.0,5,24.8,19.8,87,1014.6,95,9.3,-9900,-9900,0.0,0.0
2022,11,11,19,60,0.0,0.0,0.0,0.0,0.0,5,24.5,19.5,88,1014.2,101,7.4,-9900,-9900,0.0,0.0
2022,11,11,20,60,0.0,0.0,0.0,0.0,0.0,5,24.3,19.3,88,1014.2,107,7.4,-9900,-9900,0.0,0.0
2022,11,11,21,60,0.0,0.0,0.0,0.0,0.0,5,24.0,19.0,88,1014.2,116,5.5,-9900,-9900,0.0,0.0
2022,11,11,22,60,0.0,0.0,0.0,0.0,0.0,5,23.7,18.7,89,1014.2,135,5.5,-9900,-9900,0.0,0.0
2022,11,11,23,60,0.0,0.0,0.0,0.0,0.0,5,24.3,19.3,87,1014.6,132,5.5,-9900,-9900,0.0,0.0
2022,11,11,24,60,0.0,0.0,0.0,0.0,0.0,5,24.9,19.9,85,1015.1,130,3.7,-9900,-9900,0.0,0.0
2022,11,12,1,60,0.0,0.0,0.0,0.0,0.0,5,25.5,20.5,82,1015.6,127,3.7,-9900,-9900,0.0,0.0
2022,11,12,2,60,0.0,0.0,0.0,0.0,0.0,5,27.1,22.1,76,1015.4,134,3.7,-9900,-9900,0.0,0.0
2022,11,12,3,60,0.0,0.0,0.0,0.0,0.0,5,28.7,23.7,69,1015.1,160,3.7,-9900,-9900,0.0,0.0
2022,11,12,4,60,0.0,0.0,0.0,0.0,0.0,5,30.4,25.4,64,1014.8,251,3.7,-9900,-9900,0.0,0.0
2022,11,12,5,60,0.0,0.0,0.0,0.0,0.0,5,29.6,24.6,61,1014.2,22,7.4,-9900,-9900,0.0,0.0
2022,11,12,6,60,0.0,0.0,0.0,0.0,0.0,5,29.9,24.9,61,1013.5,13,7.4,-9900,-9900,0.0,0.0
2022,11,12,7,60,0.0,0.0,0.0,0.0,0.0,5,30.3,25.3,60,1012.8,6,7.4,-9900,-9900,0.0,0.0
2022,11,12,8,60,0.0,0.0,0.0,0.0,0.0,5,29.2,24.2,64,1012.9,24,7.4,-9900,-9900,0.0,0.0
2022,11,12,9,60,0.0,0.0,0.0,0.0,0.0,5,28.2,23.2,68,1013.0,39,7.4,-9900,-9900,0.0,0.0
2022,11,12,10,60,0.0,0.0,0.0,0.0,0.0,5,27.2,22.2,73,1013.2,51,7.4,-9900,-9900,0.0,0.0
2022,11,12,11,60,0.0,0.0,0.0,0.0,0.0,5,26.2,21.2,76,1013.5,15,9.3,-9900,-9900,0.0,0.0
2022,11,12,12,60,0.0,0.0,0.0,0.0,0.0,5,25.9,20.9,77,1014.0,23,9.3,-9900,-9900,0.0,0.0
2022,11,12,13,60,0.0,0.0,0.0,0.0,0.0,5,25.6,20.6,78,1014.4,32,9.3,-9900,-9900,0.0,0.0
2022,11,12,14,60,0.0,0.0,0.0,0.0,0.0,5,25.3,20.3,78,1014.4,36,9.3,-9900,-9900,0.0,0.0
2022,11,12,15,60,0.0,0.0,0.0,0.0,0.0,5,25.1,20.1,78,1014.5,41,7.4,-9900,-9900,0.0,0.0
2022,11,12,16,60,0.0,0.0,0.0,0.0,0.0,5,24.8,19.8,79,1014.6,48,7.4,-9900,-9900,0.0,0.0
2022,11,12,17,60,0.0,0.0,0.0,0.0,0.0,5,24.1,19.1,87,1014.4,116,7.4,-9900,-9900,0.0,0.0
2022,11,12,18,60,0.0,0.0,0.0,0.0,0.0,5,23.8,18.8,87,1014.3,121,7.4,-9900,-9900,0.0,0.0
2022,11,12,19,60,0.0,0.0,0.0,0.0,0.0,5,23.5,18.5,88,1014.2,128,5.5,-9900,-9900,0.0,0.0
2022,11,12,20,60,0.0,0.0,0.0,0.0,0.0,5,23.2,18.2,88,1014.5,133,5.5,-9900,-9900,0.0,0.0
2022,11,12,21,60,0.0,0.0,0.0,0.0,0.0,5,22.9,17.9,89,1014.8,139,5.5,-9900,-9900,0.0,0.0
2022,11,12,22,60,0.0,0.0,0.0,0.0,0.0,5,22.5,17.5,90,1015.1,149,3.7,-9900,-9900,0.0,0.0
2022,11,12,23,60,0.0,0.0,0.0,0.0,0.0,5,23.4,18.4,89,1015.8,159,5.5,-9900,-9900,0.0,0.0
2022,11,12,24,60,0.0,0.0,0.0,0.0,0.0,5,23.9,18.9,87,1016.5,143,5.5,-9900,-9900,0.0,0.0
2022,11,13,1,60,0.0,0.0,0.0,0.0,0.0,5,24.4,19.4,84,1017.2,129,5.5,-9900,-9900,0.0,0.0
2022,11,13,2,60,0.0,0.0,0.0,0.0,0.0,5,25.6,20.6,78,1017.1,103,7.4,-9900,-9900,0.0,0.0
2022,11,13,3,60,0.0,0.0,0.0,0.0,0.0,5,26.9,21.9,72,1017.0,83,9.3,-9900,-9900,0.0,0.0
2022,11,13,4,60,0.0,0.0,0.0,0.0,0.0,5,28.2,23.2,67,1016.9,70,9.3,-9900,-9900,0.0,0.0
2022,11,13,5,60,0.0,0.0,0.0,0.0,0.0,5,27.5,22.5,68,1016.5,72,11.1,-9900,-9900,0.0,0.0
2022,11,13,6,60,0.0,0.0,0.0,0.0,0.0,5,27.7,22.7,67,1015.9,67,11.1,-9900,-9900,0.0,0.0
2022,11,13,7,60,0.0,0.0,0.0,0.0,0.0,5,27.9,22.9,66,1015.2,64,13.0,-9900,-9900,0.0,0.0
2022,11,13,8,60,0.0,0.0,0.0,0.0,0.0,5,27.1,22.1,69,1015.5,64,13.0,-9900,-9900,0.0,0.0
2022,11,13,9,60,0.0,0.0,0.0,0.0,0.0,5,26.3,21.3,72,1015.7,64,14.8,-9900,-9900,0.0,0.0
2022,11,13,10,60,0.0,0.0,0.0,0.0,0.0,5,25.5,20.5,75,1016.0,64,14.8,-9900,-9900,0.0,0.0
2022,11,13,11,60,0.0,0.0,0.0,0.0,0.0,5,24.8,19.8,80,1016.9,78,16.7,-9900,-9900,0.0,0.0
2022,11,13,12,60,0.0,0.0,0.0,0.0,0.0,5,24.5,19.5,81,1017.4,76,14.8,-9900,-9900,0.0,0.0
2022,11,13,13,60,0.0,0.0,0.0,0.0,0.0,5,24.3,19.3,81,1017.9,74,14.8,-9900,-9900,0.0,0.0
2022,11,13,14,60,0.0,0.0,0.0,0.0,0.0,5,24.1,19.1,82,1018.0,75,14.8,-9900,-9900,0.0,0.0
2022,11,13,15,60,0.0,0.0,0.0,0.0,0.0,5,24.0,19.0,81,1018.1,75,14.8,-9900,-9900,0.0,0.0
2022,11,13,16,60,0.0,0.0,0.0,0.0,0.0,5,23.9,18.9,81,1018.3,76,14.8,-9900,-9900,0.0,0.0
2022,11,13,17,60,0.0,0.0,0.0,0.0,0.0,5,24.1,19.1,80,1017.8,83,16.7,-9900,-9900,0.0,0.0
2022,11,13,18,60,0.0,0.0,0.0,0.0,0.0,5,23.9,18.9,81,1017.6,80,16.7,-9900,-9900,0.0,0.0
2022,11,13,19,60,0.0,0.0,0.0,0.0,0.0,5,23.8,18.8,80,1017.4,77,16.7,-9900,-9900,0.0,0.0
2022,11,13,20,60,0.0,0.0,0.0,0.0,0.0,5,23.5,18.5,81,1017.4,76,16.7,-9900,-9900,0.0,0.0
2022,11,13,21,60,0.0,0.0,0.0,0.0,0.0,5,23.3,18.3,81,1017.5,75,14.8,-9900,-9900,0.0,0.0
2022,11,13,22,60,0.0,0.0,0.0,0.0,0.0,5,23.1,18.1,81,1017.5,73,14.8,-9900,-9900,0.0,0.0
2022,11,13,23,60,0.0,0.0,0.0,0.0,0.0,5,23.3,18.3,81,1018.1,75,14.8,-9900,-9900,0.0,0.0
2022,11,13,24,60,0.0,0.0,0.0,0.0,0.0,5,23.5,18.5,80,1018.6,75,14.8,-9900,-9900,0.0,0.0
2022,11,14,1,60,0.0,0.0,0.0,0.0,0.0,5,23.7,18.7,79,1019.2,74,14.8,-9900,-9900,0.0,0.0
2022,11,14,2,60,0.0,0.0,0.0,0.0,0.0,5,24.3,19.3,77,1019.0,73,16.7,-9900,-9900,0.0,0.0
2022,11,14,3,60,0.0,0.0,0.0,0.0,0.0,5,24.9,19.9,74,1018.8,73,16.7,-9900,-9900,0.0,0.0
2022,11,14,4,60,0.0,0.0,0.0,0.0,0.0,5,25.4,20.4,72,1018.5,73,16.7,-9900,-9900,0.0,0.0
2022,11,14,5,60,0.0,0.0,0.0,0.0,0.0,5,25.6,20.6,69,1017.8,74,14.8,-9900,-9900,0.0,0.0
2022,11,14,6,60,0.0,0.0,0.0,0.0,0.0,5,25.9,20.9,67,1017.0,73,16.7,-9900,-9900,0.0,0.0
2022,11,14,7,60,0.0,0.0,0.0,0.0,0.0,5,26.2,21.2,66,1016.2,73,16.7,-9900,-9900,0.0,0.0
2022,11,14,8,60,0.0,0.0,0.0,0.0,0.0,5,25.5,20.5,69,1016.2,74,16.7,-9900,-9900,0.0,0.0
2022,11,14,9,60,0.0,0.0,0.0,0.0,0.0,5,24.9,19.9,71,1016.2,76,16.7,-9900,-9900,0.0,0.0
2022,11,14,10,60,0.0,0.0,0.0,0.0,0.0,5,24.3,19.3,73,1016.2,77,16.7,-9900,-9900,0.0,0.0
2022,11,14,11,60,0.0,0.0,0.0,0.0,0.0,5,24.0,19.0,75,1016.6,78,14.8,-9900,-9900,0.0,0.0
2022,11,14,12,60,0.0,0.0,0.0,0.0,0.0,5,23.8,18.8,76,1016.9,78,14.8,-9900,-9900,0.0,0.0
2022,11,14,13,60,0.0,0.0,0.0,0.0,0.0,5,23.6,18.6,76,1017.2,78,14.8,-9900,-9900,0.0,0.0
2022,11,14,14,60,0.0,0.0,0.0,0.0,0.0,5,23.5,18.5,77,1017.0,76,13.0,-9900,-9900,0.0,0.0
2022,11,14,15,60,0.0,0.0,0.0,0.0,0.0,5,23.4,18.4,78,1016.9,74,13.0,-9900,-9900,0.0,0.0
2022,11,14,16,60,0.0,0.0,0.0,0.0,0.0,5,23.3,18.3,78,1016.7,72,13.0,-9900,-9900,0.0,0.0
2022,11,14,17,60,0.0,0.0,0.0,0.0,0.0,5,23.3,18.3,76,1016.5,77,14.8,-9900,-9900,0.0,0.0
2022,11,14,18,60,0.0,0.0,0.0,0.0,0.0,5,23.2,18.2,76,1016.0,77,14.8,-9900,-9900,0.0,0.0
2022,11,14,19,60,0.0,0.0,0.0,0.0,0.0,5,23.0,18.0,77,1015.6,78,14.8,-9900,-9900,0.0,0.0
2022,11,14,20,60,0.0,0.0,0.0,0.0,0.0,5,22.9,17.9,78,1015.4,78,13.0,-9900,-9900,0.0,0.0
2022,11,14,21,60,0.0,0.0,0.0,0.0,0.0,5,22.8,17.8,79,1015.2,79,13.0,-9900,-9900,0.0,0.0
2022,11,14,22,60,0.0,0.0,0.0,0.0,0.0,5,22.6,17.6,81,1015.0,80,11.1,-9900,-9900,0.0,0.0
2022,11,14,23,60,0.0,0.0,0.0,0.0,0.0,5,23.3,18.3,76,1015.1,76,11.1,-9900,-9900,0.0,0.0
2022,11,14,24,60,0.0,0.0,0.0,0.0,0.0,5,23.6,18.6,75,1015.6,78,11.1,-9900,-9900,0.0,0.0
2022,11,15,1,60,0.0,0.0,0.0,0.0,0.0,5,23.9,18.9,76,1016.1,81,11.1,-9900,-9900,0.0,0.0
2022,11,15,2,60,0.0,0.0,0.0,0.0,0.0,5,24.7,19.7,73,1016.0,82,11.1,-9900,-9900,0.0,0.0
2022,11,15,3,60,0.0,0.0,0.0,0.0,0.0,5,25.5,20.5,71,1015.8,83,9.3,-9900,-9900,0.0,0.0
2022,11,15,4,60,0.0,0.0,0.0,0.0,0.0,5,26.4,21.4,69,1015.7,84,9.3,-9900,-9900,0.0,0.0
2022,11,15,5,60,0.0,0.0,0.0,0.0,0.0,5,26.5,21.5,69,1015.5,81,11.1,-9900,-9900,0.0,0.0
2022,11,15,6,60,0.0,0.0,0.0,0.0,0.0,5,26.4,21.4,69,1014.9,76,9.3,-9900,-9900,0.0,0.0
2022,11,15,7,60,0.0,0.0,0.0,0.0,0.0,5,26.3,21.3,70,1014.3,69,7.4,-9900,-9900,0.0,0.0
2022,11,15,8,60,0.0,0.0,0.0,0.0,0.0,5,25.6,20.6,72,1014.5,72,9.3,-9900,-9900,0.0,0.0
2022,11,15,9,60,0.0,0.0,0.0,0.0,0.0,5,24.9,19.9,74,1014.8,74,11.1,-9900,-9900,0.0,0.0
2022,11,15,10,60,0.0,0.0,0.0,0.0,0.0,5,24.2,19.2,77,1015.0,76,11.1,-9900,-9900,0.0,0.0
2022,11,15,11,60,0.0,0.0,0.0,0.0,0.0,5,25.4,20.4,69,1015.1,31,9.3,-9900,-9900,0.0,0.0
2022,11,15,12,60,0.0,0.0,0.0,0.0,0.0,5,24.7,19.7,73,1015.7,40,11.1,-9900,-9900,0.0,0.0
2022,11,15,13,60,0.0,0.0,0.0,0.0,0.0,5,24.1,19.1,76,1016.3,50,11.1,-9900,-9900,0.0,0.0
2022,11,15,14,60,0.0,0.0,0.0,0.0,0.0,5,23.7,18.7,78,1016.3,53,11.1,-9900,-9900,0.0,0.0
2022,11,15,15,60,0.0,0.0,0.0,0.0,0.0,5,23.4,18.4,80,1016.4,55,9.3,-9900,-9900,0.0,0.0
2022,11,15,16,60,0.0,0.0,0.0,0.0,0.0,5,23.0,18.0,82,1016.4,58,9.3,-9900,-9900,0.0,0.0
2022,11,15,17,60,0.0,0.0,0.0,0.0,0.0,5,23.1,18.1,85,1016.3,51,7.4,-9900,-9900,0.0,0.0
2022,11,15,18,60,0.0,0.0,0.0,0.0,0.0,5,22.9,17.9,86,1016.0,55,7.4,-9900,-9900,0.0,0.0
2022,11,15,19,60,0.0,0.0,0.0,0.0,0.0,5,22.7,17.7,86,1015.7,58,9.3,-9900,-9900,0.0,0.0
2022,11,15,20,60,0.0,0.0,0.0,0.0,0.0,5,22.5,17.5,86,1015.5,62,9.3,-9900,-9900,0.0,0.0
2022,11,15,21,60,0.0,0.0,0.0,0.0,0.0,5,22.3,17.3,87,1015.4,67,9.3,-9900,-9900,0.0,0.0
2022,11,15,22,60,0.0,0.0,0.0,0.0,0.0,5,22.1,17.1,88,1015.3,72,9.3,-9900,-9900,0.0,0.0
2022,11,15,23,60,0.0,0.0,0.0,0.0,0.0,5,22.7,17.7,84,1016.3,79,11.1,-9900,-9900,0.0,0.0
2022,11,15,24,60,0.0,0.0,0.0,0.0,0.0,5,22.7,17.7,84,1016.7,78,11.1,-9900,-9900,0.0,0.0
2022,11,16,1,60,0.0,0.0,0.0,0.0,0.0,5,22.8,17.8,84,1017.2,76,11.1,-9900,-9900,0.0,0.0
2022,11,16,2,60,0.0,0.0,0.0,0.0,0.0,5,23.3,18.3,83,1017.0,75,11.1,-9900,-9900,0.0,0.0
2022,11,16,3,60,0.0,0.0,0.0,0.0,0.0,5,23.8,18.8,81,1016.8,74,13.0,-9900,-9900,0.0,0.0
2022,11,16,4,60,0.0,0.0,0.0,0.0,0.0,5,24.4,19.4,79,1016.6,73,13.0,-9900,-9900,0.0,0.0
2022,11,16,5,60,0.0,0.0,0.0,0.0,0.0,5,24.5,19.5,82,1015.8,81,13.0,-9900,-9900,0.0,0.0
2022,11,16,6,60,0.0,0.0,0.0,0.0,0.0,5,24.7,19.7,80,1015.0,82,13.0,-9900,-9900,0.0,0.0
2022,11,16,7,60,0.0,0.0,0.0,0.0,0.0,5,24.9,19.9,79,1014.2,83,13.0,-9900,-9900,0.0,0.0
2022,11,16,8,60,0.0,0.0,0.0,0.0,0.0,5,24.6,19.6,80,1014.3,82,13.0,-9900,-9900,0.0,0.0
2022,11,16,9,60,0.0,0.0,0.0,0.0,0.0,5,24.3,19.3,81,1014.4,81,13.0,-9900,-9900,0.0,0.0
2022,11,16,10,60,0.0,0.0,0.0,0.0,0.0,5,23.9,18.9,82,1014.5,81,13.0,-9900,-9900,0.0,0.0
2022,11,16,11,60,0.0,0.0,0.0,0.0,0.0,5,23.5,18.5,86,1015.0,89,13.0,-9900,-9900,0.0,0.0
2022,11,16,12,60,0.0,0.0,0.0,0.0,0.0,5,23.4,18.4,86,1015.3,87,11.1,-9900,-9900,0.0,0.0
2022,11,16,13,60,0.0,0.0,0.0,0.0,0.0,5,23.2,18.2,88,1015.6,84,11.1,-9900,-9900,0.0,0.0
2022,11,16,14,60,0.0,0.0,0.0,0.0,0.0,5,23.2,18.2,88,1015.4,87,9.3,-9900,-9900,0.0,0.0
2022,11,16,15,60,0.0,0.0,0.0,0.0,0.0,5,23.2,18.2,88,1015.2,93,7.4,-9900,-9900,0.0,0.0
2022,11,16,16,60,0.0,0.0,0.0,0.0,0.0,5,23.2,18.2,88,1015.0,101,7.4,-9900,-9900,0.0,0.0
2022,11,16,17,60,0.0,0.0,0.0,0.0,0.0,5,23.0,18.0,90,1014.7,120,9.3,-9900,-9900,0.0,0.0
2022,11,16,18,60,0.0,0.0,0.0,0.0,0.0,5,22.7,17.7,90,1014.4,135,7.4,-9900,-9900,0.0,0.0
2022,11,16,19,60,0.0,0.0,0.0,0.0,0.0,5,22.5,17.5,90,1014.2,157,5.5,-9900,-9900,0.0,0.0
2022,11,16,20,60,0.0,0.0,0.0,0.0,0.0,5,22.3,17.3,91,1014.2,170,5.5,-9900,-9900,0.0,0.0
2022,11,16,21,60,0.0,0.0,0.0,0.0,0.0,5,22.1,17.1,92,1014.3,187,5.5,-9900,-9900,0.0,0.0
2022,11,16,22,60,0.0,0.0,0.0,0.0,0.0,5,21.9,16.9,93,1014.4,206,3.7,-9900,-9900,0.0,0.0
2022,11,16,23,60,0.0,0.0,0.0,0.0,0.0,5,22.3,17.3,91,1015.0,204,3.7,-9900,-9900,0.0,0.0
2022,11,16,24,60,0.0,0.0,0.0,0.0,0.0,5,22.8,17.8,87,1015.6,202,3.7,-9900,-9900,0.0,0.0
2022,11,17,1,60,0.0,0.0,0.0,0.0,0.0,5,23.2,18.2,85,1016.2,200,3.7,-9900,-9900,0.0,0.0
2022,11,17,2,60,0.0,0.0,0.0,0.0,0.0,5,24.4,19.4,80,1016.1,224,3.7,-9900,-9900,0.0,0.0
2022,11,17,3,60,0.0,0.0,0.0,0.0,0.0,5,25.6,20.6,74,1016.0,254,3.7,-9900,-9900,0.0,0.0
2022,11,17,4,60,0.0,0.0,0.0,0.0,0.0,5,26.8,21.8,69,1015.9,279,3.7,-9900,-9900,0.0,0.0
2022,11,17,5,60,0.0,0.0,0.0,0.0,0.0,5,27.3,22.3,68,1014.7,285,5.5,-9900,-9900,0.0,0.0
2022,11,17,6,60,0.0,0.0,0.0,0.0,0.0,5,27.6,22.6,67,1014.0,302,5.5,-9900,-9900,0.0,0.0
2022,11,17,7,60,0.0,0.0,0.0,0.0,0.0,5,27.8,22.8,67,1013.3,313,5.5,-9900,-9900,0.0,0.0
2022,11,17,8,60,0.0,0.0,0.0,0.0,0.0,5,26.9,21.9,69,1013.7,352,7.4,-9900,-9900,0.0,0.0
2022,11,17,9,60,0.0,0.0,0.0,0.0,0.0,5,26.1,21.1,72,1014.2,40,7.4,-9900,-9900,0.0,0.0
2022,11,17,10,60,0.0,0.0,0.0,0.0,0.0,5,25.2,20.2,75,1014.6,61,9.3,-9900,-9900,0.0,0.0
2022,11,17,11,60,0.0,0.0,0.0,0.0,0.0,5,25.0,20.0,78,1014.9,23,9.3,-9900,-9900,0.0,0.0
2022,11,17,12,60,0.0,0.0,0.0,0.0,0.0,5,24.6,19.6,79,1015.4,32,9.3,-9900,-9900,0.0,0.0
2022,11,17,13,60,0.0,0.0,0.0,0.0,0.0,5,24.2,19.2,80,1016.0,44,7.4,-9900,-9900,0.0,0.0
2022,11,17,14,60,0.0,0.0,0.0,0.0,0.0,5,24.0,19.0,81,1016.0,52,7.4,-9900,-9900,0.0,0.0
2022,11,17,15,60,0.0,0.0,0.0,0.0,0.0,5,23.9,18.9,81,1016.1,59,7.4,-9900,-9900,0.0,0.0
2022,11,17,16,60,0.0,0.0,0.0,0.0,0.0,5,23.7,18.7,82,1016.1,66,7.4,-9900,-9900,0.0,0.0
2022,11,17,17,60,0.0,0.0,0.0,0.0,0.0,5,23.7,18.7,81,1016.1,57,7.4,-9900,-9900,0.0,0.0
2022,11,17,18,60,0.0,0.0,0.0,0.0,0.0,5,23.5,18.5,82,1015.9,60,7.4,-9900,-9900,0.0,0.0
2022,11,17,19,60,0.0,0.0,0.0,0.0,0.0,5,23.3,18.3,83,1015.7,64,7.4,-9900,-9900,0.0,0.0
2022,11,17,20,60,0.0,0.0,0.0,0.0,0.0,5,23.2,18.2,83,1015.9,68,7.4,-9900,-9900,0.0,0.0
2022,11,17,21,60,0.0,0.0,0.0,0.0,0.0,5,23.0,18.0,84,1016.0,73,5.5,-9900,-9900,0.0,0.0
2022,11,17,22,60,0.0,0.0,0.0,0.0,0.0,5,22.8,17.8,85,1016.2,80,5.5,-9900,-9900,0.0,0.0
2022,11,17,23,60,0.0,0.0,0.0,0.0,0.0,5,23.9,18.9,83,1016.7,92,11.1,-9900,-9900,0.0,0.0
2022,11,17,24,60,0.0,0.0,0.0,0.0,0.0,5,24.0,19.0,82,1017.3,89,9.3,-9900,-9900,0.0,0.0
2022,11,18,1,60,0.0,0.0,0.0,0.0,0.0,5,24.1,19.1,82,1017.8,86,9.3,-9900,-9900,0.0,0.0
2022,11,18,2,60,0.0,0.0,0.0,0.0,0.0,5,25.0,20.0,79,1017.5,80,11.1,-9900,-9900,0.0,0.0
2022,11,18,3,60,0.0,0.0,0.0,0.0,0.0,5,25.9,20.9,75,1017.2,75,11.1,-9900,-9900,0.0,0.0
2022,11,18,4,60,0.0,0.0,0.0,0.0,0.0,5,26.8,21.8,72,1016.9,71,13.0,-9900,-9900,0.0,0.0
2022,11,18,5,60,0.0,0.0,0.0,0.0,0.0,5,26.9,21.9,71,1016.1,77,14.8,-9900,-9900,0.0,0.0
2022,11,18,6,60,0.0,0.0,0.0,0.0,0.0,5,27.1,22.1,70,1015.4,74,14.8,-9900,-9900,0.0,0.0
2022,11,18,7,60,0.0,0.0,0.0,0.0,0.0,5,27.3,22.3,69,1014.7,72,14.8,-9900,-9900,0.0,0.0
2022,11,18,8,60,0.0,0.0,0.0,0.0,0.0,5,26.6,21.6,71,1015.0,70,14.8,-9900,-9900,0.0,0.0
2022,11,18,9,60,0.0,0.0,0.0,0.0,0.0,5,25.9,20.9,74,1015.3,69,14.8,-9900,-9900,0.0,0.0
2022,11,18,10,60,0.0,0.0,0.0,0.0,0.0,5,25.3,20.3,75,1015.7,68,14.8,-9900,-9900,0.0,0.0
2022,11,18,11,60,0.0,0.0,0.0,0.0,0.0,5,25.0,20.0,78,1016.3,78,16.7,-9900,-9900,0.0,0.0
2022,11,18,12,60,0.0,0.0,0.0,0.0,0.0,5,24.8,19.8,79,1016.8,77,14.8,-9900,-9900,0.0,0.0
2022,11,18,13,60,0.0,0.0,0.0,0.0,0.0,5,24.6,19.6,80,1017.2,75,13.0,-9900,-9900,0.0,0.0
2022,11,18,14,60,0.0,0.0,0.0,0.0,0.0,5,24.5,19.5,80,1017.0,75,13.0,-9900,-9900,0.0,0.0
2022,11,18,15,60,0.0,0.0,0.0,0.0,0.0,5,24.5,19.5,80,1016.9,76,11.1,-9900,-9900,0.0,0.0
2022,11,18,16,60,0.0,0.0,0.0,0.0,0.0,5,24.4,19.4,80,1016.7,77,11.1,-9900,-9900,0.0,0.0
2022,11,18,17,60,0.0,0.0,0.0,0.0,0.0,5,24.4,19.4,82,1016.6,98,11.1,-9900,-9900,0.0,0.0
2022,11,18,18,60,0.0,0.0,0.0,0.0,0.0,5,24.2,19.2,83,1016.2,101,11.1,-9900,-9900,0.0,0.0
2022,11,18,19,60,0.0,0.0,0.0,0.0,0.0,5,23.9,18.9,84,1015.8,103,9.3,-9900,-9900,0.0,0.0
2022,11,18,20,60,0.0,0.0,0.0,0.0,0.0,5,23.7,18.7,84,1015.8,103,7.4,-9900,-9900,0.0,0.0
2022,11,18,21,60,0.0,0.0,0.0,0.0,0.0,5,23.5,18.5,85,1015.8,103,7.4,-9900,-9900,0.0,0.0
2022,11,18,22,60,0.0,0.0,0.0,0.0,0.0,5,23.2,18.2,86,1015.7,103,5.5,-9900,-9900,0.0,0.0
2022,11,18,23,60,0.0,0.0,0.0,0.0,0.0,5,23.9,18.9,82,1016.3,108,9.3,-9900,-9900,0.0,0.0
2022,11,18,24,60,0.0,0.0,0.0,0.0,0.0,5,24.1,19.1,81,1016.7,106,9.3,-9900,-9900,0.0,0.0
2022,11,19,1,60,0.0,0.0,0.0,0.0,0.0,5,24.4,19.4,80,1017.2,102,7.4,-9900,-9900,0.0,0.0
2022,11,19,2,60,0.0,0.0,0.0,0.0,0.0,5,25.4,20.4,77,1016.8,93,9.3,-9900,-9900,0.0,0.0
2022,11,19,3,60,0.0,0.0,0.0,0.0,0.0,5,26.3,21.3,74,1016.4,85,9.3,-9900,-9900,0.0,0.0
2022,11,19,4,60,0.0,0.0,0.0,0.0,0.0,5,27.3,22.3,70,1016.0,77,9.3,-9900,-9900,0.0,0.0
2022,11,19,5,60,0.0,0.0,0.0,0.0,0.0,5,27.6,22.6,68,1014.8,77,11.1,-9900,-9900,0.0,0.0
2022,11,19,6,60,0.0,0.0,0.0,0.0,0.0,5,27.8,22.8,67,1014.1,73,11.1,-9900,-9900,0.0,0.0
2022,11,19,7,60,0.0,0.0,0.0,0.0,0.0,5,28.0,23.0,66,1013.3,68,11.1,-9900,-9900,0.0,0.0
2022,11,19,8,60,0.0,0.0,0.0,0.0,0.0,5,27.2,22.2,69,1013.6,70,11.1,-9900,-9900,0.0,0.0
2022,11,19,9,60,0.0,0.0,0.0,0.0,0.0,5,26.4,21.4,71,1013.8,71,13.0,-9900,-9900,0.0,0.0
2022,11,19,10,60,0.0,0.0,0.0,0.0,0.0,5,25.7,20.7,74,1014.1,72,13.0,-9900,-9900,0.0,0.0
2022,11,19,11,60,0.0,0.0,0.0,0.0,0.0,5,25.4,20.4,75,1014.4,73,11.1,-9900,-9900,0.0,0.0
2022,11,19,12,60,0.0,0.0,0.0,0.0,0.0,5,25.1,20.1,76,1014.7,75,11.1,-9900,-9900,0.0,0.0
2022,11,19,13,60,0.0,0.0,0.0,0.0,0.0,5,24.8,19.8,78,1015.0,76,11.1,-9900,-9900,0.0,0.0
2022,11,19,14,60,0.0,0.0,0.0,0.0,0.0,5,24.6,19.6,78,1015.0,78,9.3,-9900,-9900,0.0,0.0
2022,11,19,15,60,0.0,0.0,0.0,0.0,0.0,5,24.5,19.5,78,1014.9,81,9.3,-9900,-9900,0.0,0.0
2022,11,19,16,60,0.0,0.0,0.0,0.0,0.0,5,24.3,19.3,79,1014.9,84,9.3,-9900,-9900,0.0,0.0
2022,11,19,17,60,0.0,0.0,0.0,0.0,0.0,5,24.0,19.0,82,1014.9,95,11.1,-9900,-9900,0.0,0.0
2022,11,19,18,60,0.0,0.0,0.0,0.0,0.0,5,23.8,18.8,82,1014.6,97,9.3,-9900,-9900,0.0,0.0
2022,11,19,19,60,0.0,0.0,0.0,0.0,0.0,5,23.6,18.6,83,1014.3,100,7.4,-9900,-9900,0.0,0.0
2022,11,19,20,60,0.0,0.0,0.0,0.0,0.0,5,23.4,18.4,84,1014.3,100,7.4,-9900,-9900,0.0,0.0
2022,11,19,21,60,0.0,0.0,0.0,0.0,0.0,5,23.2,18.2,84,1014.3,101,7.4,-9900,-9900,0.0,0.0
2022,11,19,22,60,0.0,0.0,0.0,0.0,0.0,5,23.0,18.0,85,1014.4,103,5.5,-9900,-9900,0.0,0.0
2022,11,19,23,60,0.0,0.0,0.0,0.0,0.0,5,23.7,18.7,81,1014.6,75,9.3,-9900,-9900,0.0,0.0
2022,11,19,24,60,0.0,0.0,0.0,0.0,0.0,5,23.9,18.9,80,1015.3,77,9.3,-9900,-9900,0.0,0.0
2022,11,20,1,60,0.0,0.0,0.0,0.0,0.0,5,24.1,19.1,80,1015.9,79,9.3,-9900,-9900,0.0,0.0
2022,11,20,2,60,0.0,0.0,0.0,0.0,0.0,5,24.9,19.9,77,1015.9,76,11.1,-9900,-9900,0.0,0.0
2022,11,20,3,60,0.0,0.0,0.0,0.0,0.0,5,25.6,20.6,74,1015.8,75,11.1,-9900,-9900,0.0,0.0
2022,11,20,4,60,0.0,0.0,0.0,0.0,0.0,5,26.4,21.4,72,1015.8,73,13.0,-9900,-9900,0.0,0.0
2022,11,20,5,60,0.0,0.0,0.0,0.0,0.0,5,26.3,21.3,72,1015.4,78,13.0,-9900,-9900,0.0,0.0
2022,11,20,6,60,0.0,0.0,0.0,0.0,0.0,5,26.3,21.3,71,1014.8,78,13.0,-9900,-9900,0.0,0.0
2022,11,20,7,60,0.0,0.0,0.0,0.0,0.0,5,26.4,21.4,70,1014.1,77,14.8,-9900,-9900,0.0,0.0
2022,11,20,8,60,0.0,0.0,0.0,0.0,0.0,5,25.8,20.8,72,1014.2,77,14.8,-9900,-9900,0.0,0.0
2022,11,20,9,60,0.0,0.0,0.0,0.0,0.0,5,25.3,20.3,73,1014.3,76,14.8,-9900,-9900,0.0,0.0
2022,11,20,10,60,0.0,0.0,0.0,0.0,0.0,5,24.7,19.7,75,1014.4,75,14.8,-9900,-9900,0.0,0.0
2022,11,20,11,60,0.0,0.0,0.0,0.0,0.0,5,24.3,19.3,76,1014.5,84,16.7,-9900,-9900,0.0,0.0
2022,11,20,12,60,0.0,0.0,0.0,0.0,0.0,5,24.2,19.2,77,1014.9,81,16.7,-9900,-9900,0.0,0.0
2022,11,20,13,60,0.0,0.0,0.0,0.0,0.0,5,24.0,19.0,78,1015.3,77,14.8,-9900,-9900,0.0,0.0
2022,11,20,14,60,0.0,0.0,0.0,0.0,0.0,5,24.0,19.0,78,1015.3,76,14.8,-9900,-9900,0.0,0.0
2022,11,20,15,60,0.0,0.0,0.0,0.0,0.0,5,23.9,18.9,78,1015.3,75,14.8,-9900,-9900,0.0,0.0
2022,11,20,16,60,0.0,0.0,0.0,0.0,0.0,5,23.8,18.8,78,1015.2,74,14.8,-9900,-9900,0.0,0.0
2022,11,20,17,60,0.0,0.0,0.0,0.0,0.0,5,23.9,18.9,78,1014.9,80,13.0,-9900,-9900,0.0,0.0
2022,11,20,18,60,0.0,0.0,0.0,0.0,0.0,5,23.8,18.8,78,1014.6,77,14.8,-9900,-9900,0.0,0.0
2022,11,20,19,60,0.0,0.0,0.0,0.0,0.0,5,23.7,18.7,78,1014.4,75,14.8,-9900,-9900,0.0,0.0
2022,11,20,20,60,0.0,0.0,0.0,0.0,0.0,5,23.6,18.6,79,1014.5,74,14.8,-9900,-9900,0.0,0.0
2022,11,20,21,60,0.0,0.0,0.0,0.0,0.0,5,23.5,18.5,79,1014.7,73,14.8,-9900,-9900,0.0,0.0
2022,11,20,22,60,0.0,0.0,0.0,0.0,0.0,5,23.3,18.3,80,1014.9,73,13.0,-9900,-9900,0.0,0.0
2022,11,20,23,60,0.0,0.0,0.0,0.0,0.0,5,23.8,18.8,80,1015.6,84,14.8,-9900,-9900,0.0,0.0
2022,11,20,24,60,0.0,0.0,0.0,0.0,0.0,5,24.0,19.0,80,1016.1,81,14.8,-9900,-9900,0.0,0.0
2022,11,21,1,60,0.0,0.0,0.0,0.0,0.0,5,24.2,19.2,79,1016.6,78,14.8,-9900,-9900,0.0,0.0
2022,11,21,2,60,0.0,0.0,0.0,0.0,0.0,5,25.0,20.0,76,1016.3,80,16.7,-9900,-9900,0.0,0.0
2022,11,21,3,60,0.0,0.0,0.0,0.0,0.0,5,25.7,20.7,74,1016.0,81,16.7,-9900,-9900,0.0,0.0
2022,11,21,4,60,0.0,0.0,0.0,0.0,0.0,5,26.4,21.4,71,1015.7,82,16.7,-9900,-9900,0.0,0.0
2022,11,21,5,60,0.0,0.0,0.0,0.0,0.0,5,26.4,21.4,71,1015.0,90,16.7,-9900,-9900,0.0,0.0
2022,11,21,6,60,0.0,0.0,0.0,0.0,0.0,5,26.9,21.9,68,1014.2,91,16.7,-9900,-9900,0.0,0.0
2022,11,21,7,60,0.0,0.0,0.0,0.0,0.0,5,27.4,22.4,67,1013.4,93,16.7,-9900,-9900,0.0,0.0
2022,11,21,8,60,0.0,0.0,0.0,0.0,0.0,5,26.7,21.7,69,1013.5,93,16.7,-9900,-9900,0.0,0.0
2022,11,21,9,60,0.0,0.0,0.0,0.0,0.0,5,26.0,21.0,71,1013.6,94,16.7,-9900,-9900,0.0,0.0
2022,11,21,10,60,0.0,0.0,0.0,0.0,0.0,5,25.3,20.3,73,1013.7,94,16.7,-9900,-9900,0.0,0.0
2022,11,21,11,60,0.0,0.0,0.0,0.0,0.0,5,24.5,19.5,76,1014.1,81,18.5,-9900,-9900,0.0,0.0
2022,11,21,12,60,0.0,0.0,0.0,0.0,0.0,5,24.4,19.4,77,1014.6,79,16.7,-9900,-9900,0.0,0.0
2022,11,21,13,60,0.0,0.0,0.0,0.0,0.0,5,24.3,19.3,78,1015.0,77,16.7,-9900,-9900,0.0,0.0
2022,11,21,14,60,0.0,0.0,0.0,0.0,0.0,5,24.3,19.3,78,1015.0,75,16.7,-9900,-9900,0.0,0.0
2022,11,21,15,60,0.0,0.0,0.0,0.0,0.0,5,24.3,19.3,78,1015.1,73,14.8,-9900,-9900,0.0,0.0
2022,11,21,16,60,0.0,0.0,0.0,0.0,0.0,5,24.4,19.4,78,1015.1,70,14.8,-9900,-9900,0.0,0.0
2022,11,21,17,60,0.0,0.0,0.0,0.0,0.0,5,24.3,19.3,78,1015.1,73,14.8,-9900,-9900,0.0,0.0
2022,11,21,18,60,0.0,0.0,0.0,0.0,0.0,5,24.2,19.2,78,1014.7,73,14.8,-9900,-9900,0.0,0.0
2022,11,21,19,60,0.0,0.0,0.0,0.0,0.0,5,24.1,19.1,78,1014.3,72,14.8,-9900,-9900,0.0,0.0
2022,11,21,20,60,0.0,0.0,0.0,0.0,0.0,5,23.8,18.8,80,1014.0,75,13.0,-9900,-9900,0.0,0.0
2022,11,21,21,60,0.0,0.0,0.0,0.0,0.0,5,23.6,18.6,81,1013.8,79,11.1,-9900,-9900,0.0,0.0
2022,11,21,22,60,0.0,0.0,0.0,0.0,0.0,5,23.4,18.4,82,1013.5,83,11.1,-9900,-9900,0.0,0.0
2022,11,21,23,60,0.0,0.0,0.0,0.0,0.0,5,23.9,18.9,83,1014.2,96,9.3,-9900,-9900,0.0,0.0
2022,11,21,24,60,0.0,0.0,0.0,0.0,0.0,5,24.4,19.4,81,1014.4,95,9.3,-9900,-9900,0.0,0.0
2022,11,22,1,60,0.0,0.0,0.0,0.0,0.0,5,24.8,19.8,80,1014.6,93,9.3,-9900,-9900,0.0,0.0
2022,11,22,2,60,0.0,0.0,0.0,0.0,0.0,5,25.8,20.8,76,1014.5,99,7.4,-9900,-9900,0.0,0.0
2022,11,22,3,60,0.0,0.0,0.0,0.0,0.0,5,26.7,21.7,73,1014.3,107,7.4,-9900,-9900,0.0,0.0
2022,11,22,4,60,0.0,0.0,0.0,0.0,0.0,5,27.7,22.7,69,1014.1,117,7.4,-9900,-9900,0.0,0.0
2022,11,22,5,60,0.0,0.0,0.0,0.0,0.0,5,27.6,22.6,70,1013.5,113,5.5,-9900,-9900,0.0,0.0
2022,11,22,6,60,0.0,0.0,0.0,0.0,0.0,5,27.6,22.6,69,1012.9,102,5.5,-9900,-9900,0.0,0.0
2022,11,22,7,60,0.0,0.0,0.0,0.0,0.0,5,27.5,22.5,70,1012.3,36,5.5,-9900,-9900,0.0,0.0
2022,11,22,8,60,0.0,0.0,0.0,0.0,0.0,5,26.8,21.8,72,1012.4,53,5.5,-9900,-9900,0.0,0.0
2022,11,22,9,60,0.0,0.0,0.0,0.0,0.0,5,26.1,21.1,74,1012.6,85,5.5,-9900,-9900,0.0,0.0
2022,11,22,10,60,0.0,0.0,0.0,0.0,0.0,5,25.4,20.4,76,1012.8,123,3.7,-9900,-9900,0.0,0.0
2022,11,22,11,60,0.0,0.0,0.0,0.0,0.0,5,25.7,20.7,76,1013.8,300,5.5,-9900,-9900,0.0,0.0
2022,11,22,12,60,0.0,0.0,0.0,0.0,0.0,5,25.2,20.2,79,1014.1,284,5.5,-9900,-9900,0.0,0.0
2022,11,22,13,60,0.0,0.0,0.0,0.0,0.0,5,24.6,19.6,81,1014.4,270,5.5,-9900,-9900,0.0,0.0
2022,11,22,14,60,0.0,0.0,0.0,0.0,0.0,5,24.3,19.3,83,1014.3,261,5.5,-9900,-9900,0.0,0.0
2022,11,22,15,60,0.0,0.0,0.0,0.0,0.0,5,24.0,19.0,84,1014.2,245,3.7,-9900,-9900,0.0,0.0
2022,11,22,16,60,0.0,0.0,0.0,0.0,0.0,5,23.7,18.7,85,1014.2,212,3.7,-9900,-9900,0.0,0.0
2022,11,22,17,60,0.0,0.0,0.0,0.0,0.0,5,23.9,18.9,88,1013.6,210,3.7,-9900,-9900,0.0,0.0
2022,11,22,18,60,0.0,0.0,0.0,0.0,0.0,5,23.6,18.6,88,1013.5,221,3.7,-9900,-9900,0.0,0.0
2022,11,22,19,60,0.0,0.0,0.0,0.0,0.0,5,23.4,18.4,88,1013.4,229,3.7,-9900,-9900,0.0,0.0
2022,11,22,20,60,0.0,0.0,0.0,0.0,0.0,5,23.1,18.1,89,1013.6,221,3.7,-9900,-9900,0.0,0.0
2022,11,22,21,60,0.0,0.0,0.0,0.0,0.0,5,22.8,17.8,89,1013.8,207,3.7,-9900,-9900,0.0,0.0
2022,11,22,22,60,0.0,0.0,0.0,0.0,0.0,5,22.6,17.6,89,1014.0,178,3.7,-9900,-9900,0.0,0.0
2022,11,22,23,60,0.0,0.0,0.0,0.0,0.0,5,22.8,17.8,92,1015.1,30,5.5,-9900,-9900,0.0,0.0
2022,11,22,24,60,0.0,0.0,0.0,0.0,0.0,5,22.8,17.8,91,1015.7,47,5.5,-9900,-9900,0.0,0.0
2022,11,23,1,60,0.0,0.0,0.0,0.0,0.0,5,22.8,17.8,90,1016.4,58,7.4,-9900,-9900,0.0,0.0
2022,11,23,2,60,0.0,0.0,0.0,0.0,0.0,5,22.8,17.8,89,1016.6,64,9.3,-9900,-9900,0.0,0.0
2022,11,23,3,60,0.0,0.0,0.0,0.0,0.0,5,22.8,17.8,87,1016.9,68,9.3,-9900,-9900,0.0,0.0
2022,11,23,4,60,0.0,0.0,0.0,0.0,0.0,5,22.8,17.8,86,1017.1,70,11.1,-9900,-9900,0.0,0.0
2022,11,23,5,60,0.0,0.0,0.0,0.0,0.0,5,22.8,17.8,86,1016.5,52,9.3,-9900,-9900,0.0,0.0
2022,11,23,6,60,0.0,0.0,0.0,0.0,0.0,5,22.8,17.8,84,1016.0,61,11.1,-9900,-9900,0.0,0.0
2022,11,23,7,60,0.0,0.0,0.0,0.0,0.0,5,22.9,17.9,81,1015.4,68,11.1,-9900,-9900,0.0,0.0
2022,11,23,8,60,0.0,0.0,0.0,0.0,0.0,5,22.6,17.6,82,1015.6,68,11.1,-9900,-9900,0.0,0.0
2022,11,23,9,60,0.0,0.0,0.0,0.0,0.0,5,22.3,17.3,83,1015.9,67,11.1,-9900,-9900,0.0,0.0
2022,11,23,10,60,0.0,0.0,0.0,0.0,0.0,5,22.0,17.0,84,1016.1,67,13.0,-9900,-9900,0.0,0.0
2022,11,23,11,60,0.0,0.0,0.0,0.0,0.0,5,21.9,16.9,84,1016.5,69,13.0,-9900,-9900,0.0,0.0
2022,11,23,12,60,0.0,0.0,0.0,0.0,0.0,5,21.8,16.8,85,1016.9,72,13.0,-9900,-9900,0.0,0.0
2022,11,23,13,60,0.0,0.0,0.0,0.0,0.0,5,21.7,16.7,85,1017.2,74,13.0,-9900,-9900,0.0,0.0
2022,11,23,14,60,0.0,0.0,0.0,0.0,0.0,5,21.7,16.7,85,1017.2,72,13.0,-9900,-9900,0.0,0.0
2022,11,23,15,60,0.0,0.0,0.0,0.0,0.0,5,21.7,16.7,85,1017.1,71,13.0,-9900,-9900,0.0,0.0
2022,11,23,16,60,0.0,0.0,0.0,0.0,0.0,5,21.6,16.6,85,1017.0,69,13.0,-9900,-9900,0.0,0.0
2022,11,23,17,60,0.0,0.0,0.0,0.0,0.0,5,21.1,16.1,93,1016.9,89,14.8,-9900,-9900,0.0,0.0
2022,11,23,18,60,0.0,0.0,0.0,0.0,0.0,5,21.1,16.1,93,1016.4,88,13.0,-9900,-9900,0.0,0.0
2022,11,23,19,60,0.0,0.0,0.0,0.0,0.0,5,21.2,16.2,92,1015.9,86,13.0,-9900,-9900,0.0,0.0
2022,11,23,20,60,0.0,0.0,0.0,0.0,0.0,5,21.1,16.1,92,1015.8,87,13.0,-9900,-9900,0.0,0.0
2022,11,23,21,60,0.0,0.0,0.0,0.0,0.0,5,21.0,16.0,92,1015.8,87,11.1,-9900,-9900,0.0,0.0
2022,11,23,22,60,0.0,0.0,0.0,0.0,0.0,5,21.0,16.0,92,1015.7,87,11.1,-9900,-9900,0.0,0.0
2022,11,23,23,60,0.0,0.0,0.0,0.0,0.0,5,20.8,15.8,92,1016.1,80,13.0,-9900,-9900,0.0,0.0
2022,11,23,24,60,0.0,0.0,0.0,0.0,0.0,5,21.0,16.0,91,1016.5,79,13.0,-9900,-9900,0.0,0.0
2022,11,24,1,60,0.0,0.0,0.0,0.0,0.0,5,21.3,16.3,90,1017.0,78,13.0,-9900,-9900,0.0,0.0
2022,11,24,2,60,0.0,0.0,0.0,0.0,0.0,5,21.9,16.9,88,1017.1,80,13.0,-9900,-9900,0.0,0.0
2022,11,24,3,60,0.0,0.0,0.0,0.0,0.0,5,22.4,17.4,86,1017.2,81,13.0,-9900,-9900,0.0,0.0
2022,11,24,4,60,0.0,0.0,0.0,0.0,0.0,5,23.0,18.0,84,1017.3,82,13.0,-9900,-9900,0.0,0.0
2022,11,24,5,60,0.0,0.0,0.0,0.0,0.0,5,22.8,17.8,82,1016.5,90,13.0,-9900,-9900,0.0,0.0
2022,11,24,6,60,0.0,0.0,0.0,0.0,0.0,5,23.1,18.1,80,1015.8,92,13.0,-9900,-9900,0.0,0.0
2022,11,24,7,60,0.0,0.0,0.0,0.0,0.0,5,23.3,18.3,79,1015.2,94,13.0,-9900,-9900,0.0,0.0
2022,11,24,8,60,0.0,0.0,0.0,0.0,0.0,5,23.1,18.1,80,1015.4,91,13.0,-9900,-9900,0.0,0.0
2022,11,24,9,60,0.0,0.0,0.0,0.0,0.0,5,22.8,17.8,82,1015.6,88,13.0,-9900,-9900,0.0,0.0
2022,11,24,10,60,0.0,0.0,0.0,0.0,0.0,5,22.6,17.6,83,1015.8,85,13.0,-9900,-9900,0.0,0.0
2022,11,24,11,60,0.0,0.0,0.0,0.0,0.0,5,21.3,16.3,88,1016.5,82,14.8,-9900,-9900,0.0,0.0
2022,11,24,12,60,0.0,0.0,0.0,0.0,0.0,5,21.4,16.4,88,1016.9,81,14.8,-9900,-9900,0.0,0.0
2022,11,24,13,60,0.0,0.0,0.0,0.0,0.0,5,21.6,16.6,88,1017.3,79,13.0,-9900,-9900,0.0,0.0
2022,11,24,14,60,0.0,0.0,0.0,0.0,0.0,5,21.6,16.6,88,1017.2,78,13.0,-9900,-9900,0.0,0.0
2022,11,24,15,60,0.0,0.0,0.0,0.0,0.0,5,21.7,16.7,88,1017.2,76,13.0,-9900,-9900,0.0,0.0
2022,11,24,16,60,0.0,0.0,0.0,0.0,0.0,5,21.8,16.8,88,1017.1,74,13.0,-9900,-9900,0.0,0.0
2022,11,24,17,60,0.0,0.0,0.0,0.0,0.0,5,21.8,16.8,88,1016.8,74,13.0,-9900,-9900,0.0,0.0
2022,11,24,18,60,0.0,0.0,0.0,0.0,0.0,5,21.8,16.8,88,1016.4,75,13.0,-9900,-9900,0.0,0.0
2022,11,24,19,60,0.0,0.0,0.0,0.0,0.0,5,21.8,16.8,88,1016.0,76,13.0,-9900,-9900,0.0,0.0
2022,11,24,20,60,0.0,0.0,0.0,0.0,0.0,5,21.7,16.7,89,1015.8,80,11.1,-9900,-9900,0.0,0.0
2022,11,24,21,60,0.0,0.0,0.0,0.0,0.0,5,21.6,16.6,90,1015.7,84,11.1,-9900,-9900,0.0,0.0
2022,11,24,22,60,0.0,0.0,0.0,0.0,0.0,5,21.5,16.5,90,1015.5,89,11.1,-9900,-9900,0.0,0.0
2022,11,24,23,60,0.0,0.0,0.0,0.0,0.0,5,21.4,16.4,95,1016.3,85,9.3,-9900,-9900,0.0,0.0
2022,11,24,24,60,0.0,0.0,0.0,0.0,0.0,5,21.8,16.8,94,1016.5,85,9.3,-9900,-9900,0.0,0.0
2022,11,25,1,60,0.0,0.0,0.0,0.0,0.0,5,22.1,17.1,92,1016.7,86,9.3,-9900,-9900,0.0,0.0
2022,11,25,2,60,0.0,0.0,0.0,0.0,0.0,5,22.8,17.8,90,1016.3,88,9.3,-9900,-9900,0.0,0.0
2022,11,25,3,60,0.0,0.0,0.0,0.0,0.0,5,23.5,18.5,88,1015.9,91,9.3,-9900,-9900,0.0,0.0
2022,11,25,4,60,0.0,0.0,0.0,0.0,0.0,5,24.2,19.2,86,1015.6,95,9.3,-9900,-9900,0.0,0.0
2022,11,25,5,60,0.0,0.0,0.0,0.0,0.0,5,24.6,19.6,83,1014.6,87,9.3,-9900,-9900,0.0,0.0
2022,11,25,6,60,0.0,0.0,0.0,0.0,0.0,5,24.4,19.4,84,1013.6,83,7.4,-9900,-9900,0.0,0.0
2022,11,25,7,60,0.0,0.0,0.0,0.0,0.0,5,24.2,19.2,85,1012.6,76,7.4,-9900,-9900,0.0,0.0
2022,11,25,8,60,0.0,0.0,0.0,0.0,0.0,5,23.9,18.9,85,1012.8,84,5.5,-9900,-9900,0.0,0.0
2022,11,25,9,60,0.0,0.0,0.0,0.0,0.0,5,23.5,18.5,86,1012.9,109,5.5,-9900,-9900,0.0,0.0
2022,11,25,10,60,0.0,0.0,0.0,0.0,0.0,5,23.2,18.2,87,1013.1,181,5.5,-9900,-9900,0.0,0.0
2022,11,25,11,60,0.0,0.0,0.0,0.0,0.0,5,22.8,17.8,90,1013.9,58,5.5,-9900,-9900,0.0,0.0
2022,11,25,12,60,0.0,0.0,0.0,0.0,0.0,5,22.6,17.6,91,1014.4,281,5.5,-9900,-9900,0.0,0.0
2022,11,25,13,60,0.0,0.0,0.0,0.0,0.0,5,22.3,17.3,92,1014.9,243,3.7,-9900,-9900,0.0,0.0
2022,11,25,14,60,0.0,0.0,0.0,0.0,0.0,5,22.2,17.2,92,1015.0,252,3.7,-9900,-9900,0.0,0.0
2022,11,25,15,60,0.0,0.0,0.0,0.0,0.0,5,22.1,17.1,92,1015.0,260,3.7,-9900,-9900,0.0,0.0
2022,11,25,16,60,0.0,0.0,0.0,0.0,0.0,5,22.0,17.0,93,1015.1,267,3.7,-9900,-9900,0.0,0.0
2022,11,25,17,60,0.0,0.0,0.0,0.0,0.0,5,21.3,16.3,94,1015.3,136,5.5,-9900,-9900,0.0,0.0
2022,11,25,18,60,0.0,0.0,0.0,0.0,0.0,5,21.1,16.1,92,1015.2,230,5.5,-9900,-9900,0.0,0.0
2022,11,25,19,60,0.0,0.0,0.0,0.0,0.0,5,21.0,16.0,91,1015.0,246,5.5,-9900,-9900,0.0,0.0
2022,11,25,20,60,0.0,0.0,0.0,0.0,0.0,5,20.9,15.9,92,1015.0,243,3.7,-9900,-9900,0.0,0.0
2022,11,25,21,60,0.0,0.0,0.0,0.0,0.0,5,20.8,15.8,93,1015.0,240,3.7,-9900,-9900,0.0,0.0
2022,11,25,22,60,0.0,0.0,0.0,0.0,0.0,5,20.7,15.7,95,1015.0,236,3.7,-9900,-9900,0.0,0.0
2022,11,25,23,60,0.0,0.0,0.0,0.0,0.0,5,20.3,15.3,87,1016.1,212,5.5,-9900,-9900,0.0,0.0
2022,11,25,24,60,0.0,0.0,0.0,0.0,0.0,5,20.6,15.6,86,1016.6,210,5.5,-9900,-9900,0.0,0.0
2022,11,26,1,60,0.0,0.0,0.0,0.0,0.0,5,20.9,15.9,85,1017.1,208,5.5,-9900,-9900,0.0,0.0
2022,11,26,2,60,0.0,0.0,0.0,0.0,0.0,5,21.9,16.9,80,1016.9,206,5.5,-9900,-9900,0.0,0.0
2022,11,26,3,60,0.0,0.0,0.0,0.0,0.0,5,23.0,18.0,76,1016.7,179,5.5,-9900,-9900,0.0,0.0
2022,11,26,4,60,0.0,0.0,0.0,0.0,0.0,5,24.0,19.0,72,1016.5,34,5.5,-9900,-9900,0.0,0.0
2022,11,26,5,60,0.0,0.0,0.0,0.0,0.0,5,24.3,19.3,72,1015.9,67,5.5,-9900,-9900,0.0,0.0
2022,11,26,6,60,0.0,0.0,0.0,0.0,0.0,5,24.3,19.3,71,1015.2,69,7.4,-9900,-9900,0.0,0.0
2022,11,26,7,60,0.0,0.0,0.0,0.0,0.0,5,24.3,19.3,70,1014.6,70,7.4,-9900,-9900,0.0,0.0
2022,11,26,8,60,0.0,0.0,0.0,0.0,0.0,5,23.8,18.8,72,1014.7,78,9.3,-9900,-9900,0.0,0.0
2022,11,26,9,60,0.0,0.0,0.0,0.0,0.0,5,23.3,18.3,73,1014.9,83,11.1,-9900,-9900,0.0,0.0
2022,11,26,10,60,0.0,0.0,0.0,0.0,0.0,5,22.8,17.8,75,1015.0,87,13.0,-9900,-9900,0.0,0.0
2022,11,26,11,60,0.0,0.0,0.0,0.0,0.0,5,22.1,17.1,78,1015.7,87,13.0,-9900,-9900,0.0,0.0
2022,11,26,12,60,0.0,0.0,0.0,0.0,0.0,5,22.1,17.1,78,1015.9,85,13.0,-9900,-9900,0.0,0.0
2022,11,26,13,60,0.0,0.0,0.0,0.0,0.0,5,22.1,17.1,78,1016.2,84,13.0,-9900,-9900,0.0,0.0
2022,11,26,14,60,0.0,0.0,0.0,0.0,0.0,5,22.1,17.1,79,1015.9,83,13.0,-9900,-9900,0.0,0.0
2022,11,26,15,60,0.0,0.0,0.0,0.0,0.0,5,22.2,17.2,78,1015.7,83,13.0,-9900,-9900,0.0,0.0
2022,11,26,16,60,0.0,0.0,0.0,0.0,0.0,5,22.2,17.2,79,1015.4,82,13.0,-9900,-9900,0.0,0.0
2022,11,26,17,60,0.0,0.0,0.0,0.0,0.0,5,22.2,17.2,79,1015.3,92,14.8,-9900,-9900,0.0,0.0
2022,11,26,18,60,0.0,0.0,0.0,0.0,0.0,5,22.2,17.2,79,1014.8,90,14.8,-9900,-9900,0.0,0.0
2022,11,26,19,60,0.0,0.0,0.0,0.0,0.0,5,22.2,17.2,79,1014.3,88,14.8,-9900,-9900,0.0,0.0
2022,11,26,20,60,0.0,0.0,0.0,0.0,0.0,5,22.1,17.1,80,1014.2,90,14.8,-9900,-9900,0.0,0.0
2022,11,26,21,60,0.0,0.0,0.0,0.0,0.0,5,22.0,17.0,81,1014.2,92,13.0,-9900,-9900,0.0,0.0
2022,11,26,22,60,0.0,0.0,0.0,0.0,0.0,5,21.9,16.9,82,1014.1,95,11.1,-9900,-9900,0.0,0.0
2022,11,26,23,60,0.0,0.0,0.0,0.0,0.0,5,22.0,17.0,88,1014.6,81,13.0,-9900,-9900,0.0,0.0
2022,11,26,24,60,0.0,0.0,0.0,0.0,0.0,5,22.4,17.4,87,1014.7,82,13.0,-9900,-9900,0.0,0.0
2022,11,27,1,60,0.0,0.0,0.0,0.0,0.0,5,22.9,17.9,85,1014.9,84,11.1,-9900,-9900,0.0,0.0
2022,11,27,2,60,0.0,0.0,0.0,0.0,0.0,5,23.8,18.8,81,1014.6,90,11.1,-9900,-9900,0.0,0.0
2022,11,27,3,60,0.0,0.0,0.0,0.0,0.0,5,24.8,19.8,77,1014.2,97,11.1,-9900,-9900,0.0,0.0
2022,11,27,4,60,0.0,0.0,0.0,0.0,0.0,5,25.8,20.8,73,1013.9,106,11.1,-9900,-9900,0.0,0.0
2022,11,27,5,60,0.0,0.0,0.0,0.0,0.0,5,26.2,21.2,71,1013.0,110,9.3,-9900,-9900,0.0,0.0
2022,11,27,6,60,0.0,0.0,0.0,0.0,0.0,5,26.6,21.6,69,1012.0,115,9.3,-9900,-9900,0.0,0.0
2022,11,27,7,60,0.0,0.0,0.0,0.0,0.0,5,27.0,22.0,68,1011.1,121,7.4,-9900,-9900,0.0,0.0
2022,11,27,8,60,0.0,0.0,0.0,0.0,0.0,5,26.4,21.4,70,1011.4,115,7.4,-9900,-9900,0.0,0.0
2022,11,27,9,60,0.0,0.0,0.0,0.0,0.0,5,25.9,20.9,72,1011.6,107,7.4,-9900,-9900,0.0,0.0
2022,11,27,10,60,0.0,0.0,0.0,0.0,0.0,5,25.3,20.3,74,1011.9,96,7.4,-9900,-9900,0.0,0.0
2022,11,27,11,60,0.0,0.0,0.0,0.0,0.0,5,25.6,20.6,72,1011.9,104,7.4,-9900,-9900,0.0,0.0
2022,11,27,12,60,0.0,0.0,0.0,0.0,0.0,5,25.0,20.0,75,1012.4,105,7.4,-9900,-9900,0.0,0.0
2022,11,27,13,60,0.0,0.0,0.0,0.0,0.0,5,24.5,19.5,78,1012.8,108,5.5,-9900,-9900,0.0,0.0
2022,11,27,14,60,0.0,0.0,0.0,0.0,0.0,5,24.3,19.3,79,1013.0,128,5.5,-9900,-9900,0.0,0.0
2022,11,27,15,60,0.0,0.0,0.0,0.0,0.0,5,24.1,19.1,80,1013.1,158,3.7,-9900,-9900,0.0,0.0
2022,11,27,16,60,0.0,0.0,0.0,0.0,0.0,5,24.0,19.0,80,1013.2,188,3.7,-9900,-9900,0.0,0.0
2022,11,27,17,60,0.0,0.0,0.0,0.0,0.0,5,23.4,18.4,84,1013.4,13,3.7,-9900,-9900,0.0,0.0
2022,11,27,18,60,0.0,0.0,0.0,0.0,0.0,5,23.0,18.0,85,1013.2,203,3.7,-9900,-9900,0.0,0.0
2022,11,27,19,60,0.0,0.0,0.0,0.0,0.0,5,22.7,17.7,85,1013.1,202,3.7,-9900,-9900,0.0,0.0
2022,11,27,20,60,0.0,0.0,0.0,0.0,0.0,5,22.5,17.5,86,1013.1,195,3.7,-9900,-9900,0.0,0.0
2022,11,27,21,60,0.0,0.0,0.0,0.0,0.0,5,22.3,17.3,87,1013.1,187,3.7,-9900,-9900,0.0,0.0
2022,11,27,22,60,0.0,0.0,0.0,0.0,0.0,5,22.1,17.1,88,1013.2,181,3.7,-9900,-9900,0.0,0.0
2022,11,27,23,60,0.0,0.0,0.0,0.0,0.0,5,22.5,17.5,87,1014.1,175,5.5,-9900,-9900,0.0,0.0
2022,11,27,24,60,0.0,0.0,0.0,0.0,0.0,5,23.0,18.0,85,1014.4,171,5.5,-9900,-9900,0.0,0.0
2022,11,28,1,60,0.0,0.0,0.0,0.0,0.0,5,23.6,18.6,83,1014.7,166,5.5,-9900,-9900,0.0,0.0
2022,11,28,2,60,0.0,0.0,0.0,0.0,0.0,5,25.4,20.4,76,1014.4,173,5.5,-9900,-9900,0.0,0.0
2022,11,28,3,60,0.0,0.0,0.0,0.0,0.0,5,27.3,22.3,69,1014.0,182,3.7,-9900,-9900,0.0,0.0
2022,11,28,4,60,0.0,0.0,0.0,0.0,0.0,5,29.2,24.2,63,1013.7,193,3.7,-9900,-9900,0.0,0.0
2022,11,28,5,60,0.0,0.0,0.0,0.0,0.0,5,29.8,24.8,60,1012.7,142,5.5,-9900,-9900,0.0,0.0
2022,11,28,6,60,0.0,0.0,0.0,0.0,0.0,5,30.1,25.1,59,1012.0,321,5.5,-9900,-9900,0.0,0.0
2022,11,28,7,60,0.0,0.0,0.0,0.0,0.0,5,30.4,25.4,58,1011.2,321,5.5,-9900,-9900,0.0,0.0
2022,11,28,8,60,0.0,0.0,0.0,0.0,0.0,5,29.3,24.3,62,1011.6,328,5.5,-9900,-9900,0.0,0.0
2022,11,28,9,60,0.0,0.0,0.0,0.0,0.0,5,28.2,23.2,65,1012.0,341,5.5,-9900,-9900,0.0,0.0
2022,11,28,10,60,0.0,0.0,0.0,0.0,0.0,5,27.2,22.2,69,1012.4,6,5.5,-9900,-9900,0.0,0.0
2022,11,28,11,60,0.0,0.0,0.0,0.0,0.0,5,25.7,20.7,74,1013.0,344,5.5,-9900,-9900,0.0,0.0
2022,11,28,12,60,0.0,0.0,0.0,0.0,0.0,5,25.3,20.3,76,1013.6,338,5.5,-9900,-9900,0.0,0.0
2022,11,28,13,60,0.0,0.0,0.0,0.0,0.0,5,24.9,19.9,78,1014.1,323,5.5,-9900,-9900,0.0,0.0
2022,11,28,14,60,0.0,0.0,0.0,0.0,0.0,5,24.8,19.8,79,1014.0,313,5.5,-9900,-9900,0.0,0.0
2022,11,28,15,60,0.0,0.0,0.0,0.0,0.0,5,24.7,19.7,79,1013.9,300,3.7,-9900,-9900,0.0,0.0
2022,11,28,16,60,0.0,0.0,0.0,0.0,0.0,5,24.6,19.6,79,1013.7,285,3.7,-9900,-9900,0.0,0.0
2022,11,28,17,60,0.0,0.0,0.0,0.0,0.0,5,24.6,19.6,78,1013.8,214,3.7,-9900,-9900,0.0,0.0
2022,11,28,18,60,0.0,0.0,0.0,0.0,0.0,5,24.4,19.4,79,1013.6,205,3.7,-9900,-9900,0.0,0.0
2022,11,28,19,60,0.0,0.0,0.0,0.0,0.0,5,24.1,19.1,79,1013.3,201,3.7,-9900,-9900,0.0,0.0
2022,11,28,20,60,0.0,0.0,0.0,0.0,0.0,5,23.8,18.8,80,1013.2,198,3.7,-9900,-9900,0.0,0.0
2022,11,28,21,60,0.0,0.0,0.0,0.0,0.0,5,23.6,18.6,81,1013.2,195,3.7,-9900,-9900,0.0,0.0
2022,11,28,22,60,0.0,0.0,0.0,0.0,0.0,5,23.3,18.3,82,1013.1,191,3.7,-9900,-9900,0.0,0.0
2022,11,28,23,60,0.0,0.0,0.0,0.0,0.0,5,23.9,18.9,83,1014.1,182,5.5,-9900,-9900,0.0,0.0
2022,11,28,24,60,0.0,0.0,0.0,0.0,0.0,5,24.3,19.3,82,1014.5,177,5.5,-9900,-9900,0.0,0.0
2022,11,29,1,60,0.0,0.0,0.0,0.0,0.0,5,24.8,19.8,80,1014.8,171,5.5,-9900,-9900,0.0,0.0
2022,11,29,2,60,0.0,0.0,0.0,0.0,0.0,5,26.6,21.6,73,1014.5,192,5.5,-9900,-9900,0.0,0.0
2022,11,29,3,60,0.0,0.0,0.0,0.0,0.0,5,28.4,23.4,67,1014.2,221,5.5,-9900,-9900,0.0,0.0
2022,11,29,4,60,0.0,0.0,0.0,0.0,0.0,5,30.2,25.2,62,1013.9,245,3.7,-9900,-9900,0.0,0.0
2022,11,29,5,60,0.0,0.0,0.0,0.0,0.0,5,30.6,25.6,58,1012.9,247,5.5,-9900,-9900,0.0,0.0
2022,11,29,6,60,0.0,0.0,0.0,0.0,0.0,5,30.8,25.8,58,1012.3,273,5.5,-9900,-9900,0.0,0.0
2022,11,29,7,60,0.0,0.0,0.0,0.0,0.0,5,30.9,25.9,58,1011.6,288,5.5,-9900,-9900,0.0,0.0
2022,11,29,8,60,0.0,0.0,0.0,0.0,0.0,5,29.8,24.8,62,1012.0,293,5.5,-9900,-9900,0.0,0.0
2022,11,29,9,60,0.0,0.0,0.0,0.0,0.0,5,28.6,23.6,66,1012.4,303,5.5,-9900,-9900,0.0,0.0
2022,11,29,10,60,0.0,0.0,0.0,0.0,0.0,5,27.5,22.5,70,1012.8,321,5.5,-9900,-9900,0.0,0.0
2022,11,29,11,60,0.0,0.0,0.0,0.0,0.0,5,26.7,21.7,74,1013.3,6,7.4,-9900,-9900,0.0,0.0
2022,11,29,12,60,0.0,0.0,0.0,0.0,0.0,5,26.1,21.1,76,1014.2,39,7.4,-9900,-9900,0.0,0.0
2022,11,29,13,60,0.0,0.0,0.0,0.0,0.0,5,25.5,20.5,78,1015.1,64,7.4,-9900,-9900,0.0,0.0
2022,11,29,14,60,0.0,0.0,0.0,0.0,0.0,5,25.1,20.1,80,1015.4,60,7.4,-9900,-9900,0.0,0.0
2022,11,29,15,60,0.0,0.0,0.0,0.0,0.0,5,24.8,19.8,80,1015.8,58,7.4,-9900,-9900,0.0,0.0
2022,11,29,16,60,0.0,0.0,0.0,0.0,0.0,5,24.5,19.5,81,1016.1,56,9.3,-9900,-9900,0.0,0.0
2022,11,29,17,60,0.0,0.0,0.0,0.0,0.0,5,24.1,19.1,82,1016.4,61,9.3,-9900,-9900,0.0,0.0
2022,11,29,18,60,0.0,0.0,0.0,0.0,0.0,5,23.6,18.6,83,1016.6,65,9.3,-9900,-9900,0.0,0.0
2022,11,29,19,60,0.0,0.0,0.0,0.0,0.0,5,23.2,18.2,84,1016.9,69,9.3,-9900,-9900,0.0,0.0
2022,11,29,20,60,0.0,0.0,0.0,0.0,0.0,5,22.7,17.7,84,1017.5,69,9.3,-9900,-9900,0.0,0.0
2022,11,29,21,60,0.0,0.0,0.0,0.0,0.0,5,22.3,17.3,83,1018.1,68,9.3,-9900,-9900,0.0,0.0
2022,11,29,22,60,0.0,0.0,0.0,0.0,0.0,5,21.8,16.8,83,1018.8,67,9.3,-9900,-9900,0.0,0.0
2022,11,29,23,60,0.0,0.0,0.0,0.0,0.0,5,22.0,17.0,86,1019.2,77,13.0,-9900,-9900,0.0,0.0
2022,11,29,24,60,0.0,0.0,0.0,0.0,0.0,5,21.8,16.8,85,1020.3,77,13.0,-9900,-9900,0.0,0.0
2022,11,30,1,60,0.0,0.0,0.0,0.0,0.0,5,21.5,16.5,85,1021.3,77,13.0,-9900,-9900,0.0,0.0
2022,11,30,2,60,0.0,0.0,0.0,0.0,0.0,5,21.2,16.2,84,1021.8,77,13.0,-9900,-9900,0.0,0.0
2022,11,30,3,60,0.0,0.0,0.0,0.0,0.0,5,20.9,15.9,82,1022.3,76,14.8,-9900,-9900,0.0,0.0
2022,11,30,4,60,0.0,0.0,0.0,0.0,0.0,5,20.5,15.5,81,1022.8,76,14.8,-9900,-9900,0.0,0.0
2022,11,30,5,60,0.0,0.0,0.0,0.0,0.0,5,19.3,14.3,79,1023.2,77,14.8,-9900,-9900,0.0,0.0
2022,11,30,6,60,0.0,0.0,0.0,0.0,0.0,5,19.4,14.4,78,1022.5,76,16.7,-9900,-9900,0.0,0.0
2022,11,30,7,60,0.0,0.0,0.0,0.0,0.0,5,19.4,14.4,78,1021.9,74,16.7,-9900,-9900,0.0,0.0
2022,11,30,8,60,0.0,0.0,0.0,0.0,0.0,5,19.3,14.3,79,1022.2,72,16.7,-9900,-9900,0.0,0.0
2022,11,30,9,60,0.0,0.0,0.0,0.0,0.0,5,19.1,14.1,80,1022.4,70,16.7,-9900,-9900,0.0,0.0
2022,11,30,10,60,0.0,0.0,0.0,0.0,0.0,5,18.9,13.9,81,1022.6,67,14.8,-9900,-9900,0.0,0.0
2022,11,30,11,60,0.0,0.0,0.0,0.0,0.0,5,19.0,14.0,81,1022.9,73,16.7,-9900,-9900,0.0,0.0
2022,11,30,12,60,0.0,0.0,0.0,0.0,0.0,5,18.9,13.9,81,1023.3,73,16.7,-9900,-9900,0.0,0.0
2022,11,30,13,60,0.0,0.0,0.0,0.0,0.0,5,18.8,13.8,81,1023.8,73,16.7,-9900,-9900,0.0,0.0
2022,11,30,14,60,0.0,0.0,0.0,0.0,0.0,5,18.7,13.7,81,1023.6,74,16.7,-9900,-9900,0.0,0.0
2022,11,30,15,60,0.0,0.0,0.0,0.0,0.0,5,18.6,13.6,82,1023.4,75,16.7,-9900,-9900,0.0,0.0
2022,11,30,16,60,0.0,0.0,0.0,0.0,0.0,5,18.6,13.6,82,1023.2,76,16.7,-9900,-9900,0.0,0.0
2022,11,30,17,60,0.0,0.0,0.0,0.0,0.0,5,18.1,13.1,82,1022.9,83,14.8,-9900,-9900,0.0,0.0
2022,11,30,18,60,0.0,0.0,0.0,0.0,0.0,5,18.1,13.1,82,1022.4,82,14.8,-9900,-9900,0.0,0.0
2022,11,30,19,60,0.0,0.0,0.0,0.0,0.0,5,18.1,13.1,82,1021.9,82,14.8,-9900,-9900,0.0,0.0
2022,11,30,20,60,0.0,0.0,0.0,0.0,0.0,5,18.1,13.1,82,1022.1,82,13.0,-9900,-9900,0.0,0.0
2022,11,30,21,60,0.0,0.0,0.0,0.0,0.0,5,18.0,13.0,84,1022.2,82,13.0,-9900,-9900,0.0,0.0
2022,11,30,22,60,0.0,0.0,0.0,0.0,0.0,5,18.0,13.0,84,1022.4,82,13.0,-9900,-9900,0.0,0.0
2022,11,30,23,60,0.0,0.0,0.0,0.0,0.0,5,18.0,13.0,86,1022.0,90,13.0,-9900,-9900,0.0,0.0
2022,11,30,24,60,0.0,0.0,0.0,0.0,0.0,5,18.0,13.0,85,1022.7,88,13.0,-9900,-9900,0.0,0.0
2022,12,1,1,60,0.0,0.0,0.0,0.0,0.0,5,18.0,13.0,85,1023.4,86,13.0,-9900,-9900,0.0,0.0
2022,12,1,2,60,0.0,0.0,0.0,0.0,0.0,5,18.4,13.4,84,1023.4,86,14.8,-9900,-9900,0.0,0.0
2022,12,1,3,60,0.0,0.0,0.0,0.0,0.0,5,18.7,13.7,83,1023.4,85,14.8,-9900,-9900,0.0,0.0
2022,12,1,4,60,0.0,0.0,0.0,0.0,0.0,5,19.0,14.0,82,1023.3,84,14.8,-9900,-9900,0.0,0.0
2022,12,1,5,60,0.0,0.0,0.0,0.0,0.0,5,18.9,13.9,83,1023.0,87,14.8,-9900,-9900,0.0,0.0
2022,12,1,6,60,0.0,0.0,0.0,0.0,0.0,5,19.0,14.0,82,1022.2,86,14.8,-9900,-9900,0.0,0.0
2022,12,1,7,60,0.0,0.0,0.0,0.0,0.0,5,19.2,14.2,81,1021.3,85,16.7,-9900,-9900,0.0,0.0
2022,12,1,8,60,0.0,0.0,0.0,0.0,0.0,5,19.1,14.1,81,1021.3,87,14.8,-9900,-9900,0.0,0.0
2022,12,1,9,60,0.0,0.0,0.0,0.0,0.0,5,19.1,14.1,81,1021.4,89,14.8,-9900,-9900,0.0,0.0
2022,12,1,10,60,0.0,0.0,0.0,0.0,0.0,5,19.1,14.1,82,1021.4,92,14.8,-9900,-9900,0.0,0.0
2022,12,1,11,60,0.0,0.0,0.0,0.0,0.0,5,18.9,13.9,84,1021.3,94,14.8,-9900,-9900,0.0,0.0
2022,12,1,12,60,0.0,0.0,0.0,0.0,0.0,5,18.9,13.9,83,1021.8,89,14.8,-9900,-9900,0.0,0.0
2022,12,1,13,60,0.0,0.0,0.0,0.0,0.0,5,18.9,13.9,83,1022.2,83,14.8,-9900,-9900,0.0,0.0
2022,12,1,14,60,0.0,0.0,0.0,0.0,0.0,5,18.8,13.8,83,1022.1,83,14.8,-9900,-9900,0.0,0.0
2022,12,1,15,60,0.0,0.0,0.0,0.0,0.0,5,18.7,13.7,84,1022.0,83,13.0,-9900,-9900,0.0,0.0
2022,12,1,16,60,0.0,0.0,0.0,0.0,0.0,5,18.6,13.6,84,1021.9,82,13.0,-9900,-9900,0.0,0.0
2022,12,1,17,60,0.0,0.0,0.0,0.0,0.0,5,17.8,12.8,91,1021.5,87,14.8,-9900,-9900,0.0,0.0
2022,12,1,18,60,0.0,0.0,0.0,0.0,0.0,5,17.8,12.8,90,1021.2,87,13.0,-9900,-9900,0.0,0.0
2022,12,1,19,60,0.0,0.0,0.0,0.0,0.0,5,17.9,12.9,90,1020.8,87,11.1,-9900,-9900,0.0,0.0
2022,12,1,20,60,0.0,0.0,0.0,0.0,0.0,5,17.9,12.9,89,1021.0,88,11.1,-9900,-9900,0.0,0.0
2022,12,1,21,60,0.0,0.0,0.0,0.0,0.0,5,17.9,12.9,88,1021.1,89,9.3,-9900,-9900,0.0,0.0
2022,12,1,22,60,0.0,0.0,0.0,0.0,0.0,5,17.8,12.8,88,1021.3,89,9.3,-9900,-9900,0.0,0.0
2022,12,1,23,60,0.0,0.0,0.0,0.0,0.0,5,18.0,13.0,87,1021.7,87,9.3,-9900,-9900,0.0,0.0
2022,12,1,24,60,0.0,0.0,0.0,0.0,0.0,5,18.1,13.1,87,1022.1,85,9.3,-9900,-9900,0.0,0.0
2022,12,2,1,60,0.0,0.0,0.0,0.0,0.0,5,18.2,13.2,87,1022.5,83,11.1,-9900,-9900,0.0,0.0
2022,12,2,2,60,0.0,0.0,0.0,0.0,0.0,5,18.7,13.7,85,1022.2,84,11.1,-9900,-9900,0.0,0.0
2022,12,2,3,60,0.0,0.0,0.0,0.0,0.0,5,19.2,14.2,83,1021.9,84,13.0,-9900,-9900,0.0,0.0
2022,12,2,4,60,0.0,0.0,0.0,0.0,0.0,5,19.6,14.6,82,1021.5,84,13.0,-9900,-9900,0.0,0.0
2022,12,2,5,60,0.0,0.0,0.0,0.0,0.0,5,19.7,14.7,82,1020.7,84,13.0,-9900,-9900,0.0,0.0
2022,12,2,6,60,0.0,0.0,0.0,0.0,0.0,5,19.8,14.8,81,1019.8,84,13.0,-9900,-9900,0.0,0.0
2022,12,2,7,60,0.0,0.0,0.0,0.0,0.0,5,19.9,14.9,81,1019.0,84,13.0,-9900,-9900,0.0,0.0
2022,12,2,8,60,0.0,0.0,0.0,0.0,0.0,5,20.0,15.0,82,1019.0,85,13.0,-9900,-9900,0.0,0.0
2022,12,2,9,60,0.0,0.0,0.0,0.0,0.0,5,20.1,15.1,82,1018.9,87,13.0,-9900,-9900,0.0,0.0
2022,12,2,10,60,0.0,0.0,0.0,0.0,0.0,5,20.2,15.2,83,1018.9,89,13.0,-9900,-9900,0.0,0.0
2022,12,2,11,60,0.0,0.0,0.0,0.0,0.0,5,20.3,15.3,85,1019.0,90,13.0,-9900,-9900,0.0,0.0
2022,12,2,12,60,0.0,0.0,0.0,0.0,0.0,5,20.4,15.4,85,1019.1,88,11.1,-9900,-9900,0.0,0.0
2022,12,2,13,60,0.0,0.0,0.0,0.0,0.0,5,20.6,15.6,84,1019.2,86,11.1,-9900,-9900,0.0,0.0
2022,12,2,14,60,0.0,0.0,0.0,0.0,0.0,5,20.7,15.7,85,1018.9,85,11.1,-9900,-9900,0.0,0.0
2022,12,2,15,60,0.0,0.0,0.0,0.0,0.0,5,20.8,15.8,86,1018.6,84,9.3,-9900,-9900,0.0,0.0
2022,12,2,16,60,0.0,0.0,0.0,0.0,0.0,5,21.0,16.0,87,1018.2,83,9.3,-9900,-9900,0.0,0.0
2022,12,2,17,60,0.0,0.0,0.0,0.0,0.0,5,20.5,15.5,87,1018.0,92,11.1,-9900,-9900,0.0,0.0
2022,12,2,18,60,0.0,0.0,0.0,0.0,0.0,5,20.6,15.6,86,1017.5,99,9.3,-9900,-9900,0.0,0.0
2022,12,2,19,60,0.0,0.0,0.0,0.0,0.0,5,20.6,15.6,87,1017.0,114,7.4,-9900,-9900,0.0,0.0
2022,12,2,20,60,0.0,0.0,0.0,0.0,0.0,5,20.6,15.6,87,1017.1,129,5.5,-9900,-9900,0.0,0.0
2022,12,2,21,60,0.0,0.0,0.0,0.0,0.0,5,20.6,15.6,88,1017.2,172,5.5,-9900,-9900,0.0,0.0
2022,12,2,22,60,0.0,0.0,0.0,0.0,0.0,5,20.6,15.6,88,1017.2,224,3.7,-9900,-9900,0.0,0.0
2022,12,2,23,60,0.0,0.0,0.0,0.0,0.0,5,20.1,15.1,95,1017.2,310,5.5,-9900,-9900,0.0,0.0
2022,12,2,24,60,0.0,0.0,0.0,0.0,0.0,5,20.3,15.3,94,1017.8,305,5.5,-9900,-9900,0.0,0.0
2022,12,3,1,60,0.0,0.0,0.0,0.0,0.0,5,20.6,15.6,93,1018.4,299,7.4,-9900,-9900,0.0,0.0
2022,12,3,2,60,0.0,0.0,0.0,0.0,0.0,5,21.6,16.6,90,1018.0,305,7.4,-9900,-9900,0.0,0.0
2022,12,3,3,60,0.0,0.0,0.0,0.0,0.0,5,22.7,17.7,85,1017.6,313,5.5,-9900,-9900,0.0,0.0
2022,12,3,4,60,0.0,0.0,0.0,0.0,0.0,5,23.7,18.7,82,1017.2,322,5.5,-9900,-9900,0.0,0.0
2022,12,3,5,60,0.0,0.0,0.0,0.0,0.0,5,23.5,18.5,82,1016.9,271,5.5,-9900,-9900,0.0,0.0
2022,12,3,6,60,0.0,0.0,0.0,0.0,0.0,5,24.0,19.0,78,1015.9,310,5.5,-9900,-9900,0.0,0.0
2022,12,3,7,60,0.0,0.0,0.0,0.0,0.0,5,24.5,19.5,76,1015.0,320,5.5,-9900,-9900,0.0,0.0
2022,12,3,8,60,0.0,0.0,0.0,0.0,0.0,5,24.0,19.0,77,1015.1,332,5.5,-9900,-9900,0.0,0.0
2022,12,3,9,60,0.0,0.0,0.0,0.0,0.0,5,23.5,18.5,79,1015.3,18,5.5,-9900,-9900,0.0,0.0
2022,12,3,10,60,0.0,0.0,0.0,0.0,0.0,5,23.0,18.0,81,1015.5,85,5.5,-9900,-9900,0.0,0.0
2022,12,3,11,60,0.0,0.0,0.0,0.0,0.0,5,22.3,17.3,81,1016.1,24,5.5,-9900,-9900,0.0,0.0
2022,12,3,12,60,0.0,0.0,0.0,0.0,0.0,5,22.1,17.1,82,1016.7,36,5.5,-9900,-9900,0.0,0.0
2022,12,3,13,60,0.0,0.0,0.0,0.0,0.0,5,21.9,16.9,83,1017.2,74,5.5,-9900,-9900,0.0,0.0
2022,12,3,14,60,0.0,0.0,0.0,0.0,0.0,5,21.8,16.8,84,1017.1,84,5.5,-9900,-9900,0.0,0.0
2022,12,3,15,60,0.0,0.0,0.0,0.0,0.0,5,21.8,16.8,84,1017.1,171,5.5,-9900,-9900,0.0,0.0
2022,12,3,16,60,0.0,0.0,0.0,0.0,0.0,5,21.7,16.7,85,1017.0,228,5.5,-9900,-9900,0.0,0.0
2022,12,3,17,60,0.0,0.0,0.0,0.0,0.0,5,22.0,17.0,90,1017.1,112,7.4,-9900,-9900,0.0,0.0
2022,12,3,18,60,0.0,0.0,0.0,0.0,0.0,5,21.9,16.9,89,1016.9,127,7.4,-9900,-9900,0.0,0.0
2022,12,3,19,60,0.0,0.0,0.0,0.0,0.0,5,21.7,16.7,88,1016.8,150,5.5,-9900,-9900,0.0,0.0
2022,12,3,20,60,0.0,0.0,0.0,0.0,0.0,5,21.5,16.5,88,1017.1,147,5.5,-9900,-9900,0.0,0.0
2022,12,3,21,60,0.0,0.0,0.0,0.0,0.0,5,21.2,16.2,88,1017.5,143,5.5,-9900,-9900,0.0,0.0
2022,12,3,22,60,0.0,0.0,0.0,0.0,0.0,5,21.0,16.0,88,1017.8,135,5.5,-9900,-9900,0.0,0.0
2022,12,3,23,60,0.0,0.0,0.0,0.0,0.0,5,21.6,16.6,92,1017.8,102,9.3,-9900,-9900,0.0,0.0
2022,12,3,24,60,0.0,0.0,0.0,0.0,0.0,5,21.7,16.7,90,1018.6,98,9.3,-9900,-9900,0.0,0.0
2022,12,4,1,60,0.0,0.0,0.0,0.0,0.0,5,21.7,16.7,89,1019.4,94,9.3,-9900,-9900,0.0,0.0
2022,12,4,2,60,0.0,0.0,0.0,0.0,0.0,5,22.2,17.2,86,1019.4,88,9.3,-9900,-9900,0.0,0.0
2022,12,4,3,60,0.0,0.0,0.0,0.0,0.0,5,22.6,17.6,83,1019.3,84,9.3,-9900,-9900,0.0,0.0
2022,12,4,4,60,0.0,0.0,0.0,0.0,0.0,5,23.0,18.0,80,1019.3,80,9.3,-9900,-9900,0.0,0.0
2022,12,4,5,60,0.0,0.0,0.0,0.0,0.0,5,22.7,17.7,80,1018.8,79,7.4,-9900,-9900,0.0,0.0
2022,12,4,6,60,0.0,0.0,0.0,0.0,0.0,5,22.7,17.7,78,1018.2,79,7.4,-9900,-9900,0.0,0.0
2022,12,4,7,60,0.0,0.0,0.0,0.0,0.0,5,22.8,17.8,77,1017.6,79,9.3,-9900,-9900,0.0,0.0
2022,12,4,8,60,0.0,0.0,0.0,0.0,0.0,5,22.4,17.4,78,1017.9,92,9.3,-9900,-9900,0.0,0.0
2022,12,4,9,60,0.0,0.0,0.0,0.0,0.0,5,22.0,17.0,80,1018.2,103,9.3,-9900,-9900,0.0,0.0
2022,12,4,10,60,0.0,0.0,0.0,0.0,0.0,5,21.6,16.6,82,1018.5,111,9.3,-9900,-9900,0.0,0.0
2022,12,4,11,60,0.0,0.0,0.0,0.0,0.0,5,21.5,16.5,81,1019.1,91,11.1,-9900,-9900,0.0,0.0
2022,12,4,12,60,0.0,0.0,0.0,0.0,0.0,5,21.3,16.3,81,1019.6,91,11.1,-9900,-9900,0.0,0.0
2022,12,4,13,60,0.0,0.0,0.0,0.0,0.0,5,21.1,16.1,82,1020.1,91,9.3,-9900,-9900,0.0,0.0
2022,12,4,14,60,0.0,0.0,0.0,0.0,0.0,5,21.0,16.0,83,1020.0,87,9.3,-9900,-9900,0.0,0.0
2022,12,4,15,60,0.0,0.0,0.0,0.0,0.0,5,21.0,16.0,83,1019.9,83,9.3,-9900,-9900,0.0,0.0
2022,12,4,16,60,0.0,0.0,0.0,0.0,0.0,5,21.0,16.0,83,1019.8,78,7.4,-9900,-9900,0.0,0.0
2022,12,4,17,60,0.0,0.0,0.0,0.0,0.0,5,21.0,16.0,84,1019.4,74,5.5,-9900,-9900,0.0,0.0
2022,12,4,18,60,0.0,0.0,0.0,0.0,0.0,5,20.9,15.9,84,1019.0,78,5.5,-9900,-9900,0.0,0.0
2022,12,4,19,60,0.0,0.0,0.0,0.0,0.0,5,20.7,15.7,84,1018.6,83,5.5,-9900,-9900,0.0,0.0
2022,12,4,20,60,0.0,0.0,0.0,0.0,0.0,5,20.5,15.5,84,1018.8,86,5.5,-9900,-9900,0.0,0.0
2022,12,4,21,60,0.0,0.0,0.0,0.0,0.0,5,20.3,15.3,83,1018.9,88,5.5,-9900,-9900,0.0,0.0
2022,12,4,22,60,0.0,0.0,0.0,0.0,0.0,5,20.2,15.2,82,1019.0,90,5.5,-9900,-9900,0.0,0.0
2022,12,4,23,60,0.0,0.0,0.0,0.0,0.0,5,20.1,15.1,82,1019.8,86,7.4,-9900,-9900,0.0,0.0
2022,12,4,24,60,0.0,0.0,0.0,0.0,0.0,5,20.0,15.0,82,1020.6,84,7.4,-9900,-9900,0.0,0.0
2022,12,5,1,60,0.0,0.0,0.0,0.0,0.0,5,20.0,15.0,81,1021.4,83,9.3,-9900,-9900,0.0,0.0
2022,12,5,2,60,0.0,0.0,0.0,0.0,0.0,5,20.1,15.1,80,1021.4,76,7.4,-9900,-9900,0.0,0.0
2022,12,5,3,60,0.0,0.0,0.0,0.0,0.0,5,20.1,15.1,80,1021.5,66,7.4,-9900,-9900,0.0,0.0
2022,12,5,4,60,0.0,0.0,0.0,0.0,0.0,5,20.2,15.2,79,1021.6,51,7.4,-9900,-9900,0.0,0.0
2022,12,5,5,60,0.0,0.0,0.0,0.0,0.0,5,19.7,14.7,84,1020.6,37,5.5,-9900,-9900,0.0,0.0
2022,12,5,6,60,0.0,0.0,0.0,0.0,0.0,5,19.5,14.5,83,1020.1,61,5.5,-9900,-9900,0.0,0.0
2022,12,5,7,60,0.0,0.0,0.0,0.0,0.0,5,19.2,14.2,82,1019.5,73,7.4,-9900,-9900,0.0,0.0
2022,12,5,8,60,0.0,0.0,0.0,0.0,0.0,5,19.0,14.0,81,1019.8,85,7.4,-9900,-9900,0.0,0.0
2022,12,5,9,60,0.0,0.0,0.0,0.0,0.0,5,18.7,13.7,81,1020.1,93,7.4,-9900,-9900,0.0,0.0
2022,12,5,10,60,0.0,0.0,0.0,0.0,0.0,5,18.5,13.5,81,1020.3,99,9.3,-9900,-9900,0.0,0.0
2022,12,5,11,60,0.0,0.0,0.0,0.0,0.0,5,18.3,13.3,80,1020.9,57,5.5,-9900,-9900,0.0,0.0
2022,12,5,12,60,0.0,0.0,0.0,0.0,0.0,5,18.2,13.2,79,1021.4,59,7.4,-9900,-9900,0.0,0.0
2022,12,5,13,60,0.0,0.0,0.0,0.0,0.0,5,18.1,13.1,79,1021.9,61,7.4,-9900,-9900,0.0,0.0
2022,12,5,14,60,0.0,0.0,0.0,0.0,0.0,5,17.9,12.9,80,1021.8,63,7.4,-9900,-9900,0.0,0.0
2022,12,5,15,60,0.0,0.0,0.0,0.0,0.0,5,17.8,12.8,80,1021.8,64,7.4,-9900,-9900,0.0,0.0
2022,12,5,16,60,0.0,0.0,0.0,0.0,0.0,5,17.6,12.6,81,1021.8,65,7.4,-9900,-9900,0.0,0.0
2022,12,5,17,60,0.0,0.0,0.0,0.0,0.0,5,17.3,12.3,83,1021.6,77,9.3,-9900,-9900,0.0,0.0
2022,12,5,18,60,0.0,0.0,0.0,0.0,0.0,5,17.2,12.2,82,1021.3,76,9.3,-9900,-9900,0.0,0.0
2022,12,5,19,60,0.0,0.0,0.0,0.0,0.0,5,17.2,12.2,82,1021.1,75,9.3,-9900,-9900,0.0,0.0
2022,12,5,20,60,0.0,0.0,0.0,0.0,0.0,5,17.2,12.2,82,1021.0,77,9.3,-9900,-9900,0.0,0.0
2022,12,5,21,60,0.0,0.0,0.0,0.0,0.0,5,17.3,12.3,83,1020.9,80,9.3,-9900,-9900,0.0,0.0
2022,12,5,22,60,0.0,0.0,0.0,0.0,0.0,5,17.3,12.3,83,1020.8,82,9.3,-9900,-9900,0.0,0.0
2022,12,5,23,60,0.0,0.0,0.0,0.0,0.0,5,16.7,11.7,89,1021.2,99,13.0,-9900,-9900,0.0,0.0
2022,12,5,24,60,0.0,0.0,0.0,0.0,0.0,5,17.0,12.0,87,1021.7,97,13.0,-9900,-9900,0.0,0.0
2022,12,6,1,60,0.0,0.0,0.0,0.0,0.0,5,17.2,12.2,86,1022.2,95,13.0,-9900,-9900,0.0,0.0
2022,12,6,2,60,0.0,0.0,0.0,0.0,0.0,5,17.5,12.5,84,1022.0,92,14.8,-9900,-9900,0.0,0.0
2022,12,6,3,60,0.0,0.0,0.0,0.0,0.0,5,17.8,12.8,83,1021.8,90,16.7,-9900,-9900,0.0,0.0
2022,12,6,4,60,0.0,0.0,0.0,0.0,0.0,5,18.1,13.1,81,1021.6,88,16.7,-9900,-9900,0.0,0.0
2022,12,6,5,60,0.0,0.0,0.0,0.0,0.0,5,18.0,13.0,79,1020.9,87,16.7,-9900,-9900,0.0,0.0
2022,12,6,6,60,0.0,0.0,0.0,0.0,0.0,5,18.2,13.2,78,1020.0,85,16.7,-9900,-9900,0.0,0.0
2022,12,6,7,60,0.0,0.0,0.0,0.0,0.0,5,18.3,13.3,78,1019.2,84,16.7,-9900,-9900,0.0,0.0
2022,12,6,8,60,0.0,0.0,0.0,0.0,0.0,5,18.3,13.3,78,1019.1,85,16.7,-9900,-9900,0.0,0.0
2022,12,6,9,60,0.0,0.0,0.0,0.0,0.0,5,18.3,13.3,79,1019.1,86,16.7,-9900,-9900,0.0,0.0
2022,12,6,10,60,0.0,0.0,0.0,0.0,0.0,5,18.2,13.2,80,1019.1,87,14.8,-9900,-9900,0.0,0.0
2022,12,6,11,60,0.0,0.0,0.0,0.0,0.0,5,18.5,13.5,78,1018.9,93,16.7,-9900,-9900,0.0,0.0
2022,12,6,12,60,0.0,0.0,0.0,0.0,0.0,5,18.5,13.5,78,1019.3,90,14.8,-9900,-9900,0.0,0.0
2022,12,6,13,60,0.0,0.0,0.0,0.0,0.0,5,18.5,13.5,79,1019.7,88,14.8,-9900,-9900,0.0,0.0
2022,12,6,14,60,0.0,0.0,0.0,0.0,0.0,5,18.6,13.6,79,1019.6,89,14.8,-9900,-9900,0.0,0.0
2022,12,6,15,60,0.0,0.0,0.0,0.0,0.0,5,18.7,13.7,80,1019.5,89,14.8,-9900,-9900,0.0,0.0
2022,12,6,16,60,0.0,0.0,0.0,0.0,0.0,5,18.8,13.8,80,1019.3,90,14.8,-9900,-9900,0.0,0.0
2022,12,6,17,60,0.0,0.0,0.0,0.0,0.0,5,18.1,13.1,83,1019.4,95,13.0,-9900,-9900,0.0,0.0
2022,12,6,18,60,0.0,0.0,0.0,0.0,0.0,5,18.2,13.2,84,1019.1,93,13.0,-9900,-9900,0.0,0.0
2022,12,6,19,60,0.0,0.0,0.0,0.0,0.0,5,18.2,13.2,84,1018.8,92,11.1,-9900,-9900,0.0,0.0
2022,12,6,20,60,0.0,0.0,0.0,0.0,0.0,5,18.2,13.2,85,1018.8,93,9.3,-9900,-9900,0.0,0.0
2022,12,6,21,60,0.0,0.0,0.0,0.0,0.0,5,18.2,13.2,86,1018.8,94,9.3,-9900,-9900,0.0,0.0
2022,12,6,22,60,0.0,0.0,0.0,0.0,0.0,5,18.3,13.3,87,1018.8,96,7.4,-9900,-9900,0.0,0.0
2022,12,6,23,60,0.0,0.0,0.0,0.0,0.0,5,18.9,13.9,84,1019.1,103,7.4,-9900,-9900,0.0,0.0
2022,12,6,24,60,0.0,0.0,0.0,0.0,0.0,5,19.2,14.2,83,1019.6,102,7.4,-9900,-9900,0.0,0.0
2022,12,7,1,60,0.0,0.0,0.0,0.0,0.0,5,19.5,14.5,82,1020.0,101,9.3,-9900,-9900,0.0,0.0
2022,12,7,2,60,0.0,0.0,0.0,0.0,0.0,5,20.1,15.1,80,1019.8,96,11.1,-9900,-9900,0.0,0.0
2022,12,7,3,60,0.0,0.0,0.0,0.0,0.0,5,20.8,15.8,77,1019.6,93,13.0,-9900,-9900,0.0,0.0
2022,12,7,4,60,0.0,0.0,0.0,0.0,0.0,5,21.4,16.4,75,1019.4,91,14.8,-9900,-9900,0.0,0.0
2022,12,7,5,60,0.0,0.0,0.0,0.0,0.0,5,21.4,16.4,77,1018.8,85,13.0,-9900,-9900,0.0,0.0
2022,12,7,6,60,0.0,0.0,0.0,0.0,0.0,5,21.4,16.4,76,1018.2,84,13.0,-9900,-9900,0.0,0.0
2022,12,7,7,60,0.0,0.0,0.0,0.0,0.0,5,21.4,16.4,76,1017.6,83,13.0,-9900,-9900,0.0,0.0
2022,12,7,8,60,0.0,0.0,0.0,0.0,0.0,5,21.1,16.1,77,1017.7,84,13.0,-9900,-9900,0.0,0.0
2022,12,7,9,60,0.0,0.0,0.0,0.0,0.0,5,20.7,15.7,78,1017.9,85,13.0,-9900,-9900,0.0,0.0
2022,12,7,10,60,0.0,0.0,0.0,0.0,0.0,5,20.4,15.4,79,1018.0,87,13.0,-9900,-9900,0.0,0.0
2022,12,7,11,60,0.0,0.0,0.0,0.0,0.0,5,20.2,15.2,81,1018.4,88,13.0,-9900,-9900,0.0,0.0
2022,12,7,12,60,0.0,0.0,0.0,0.0,0.0,5,20.0,15.0,82,1018.7,89,13.0,-9900,-9900,0.0,0.0
2022,12,7,13,60,0.0,0.0,0.0,0.0,0.0,5,19.9,14.9,83,1019.0,90,13.0,-9900,-9900,0.0,0.0
2022,12,7,14,60,0.0,0.0,0.0,0.0,0.0,5,19.8,14.8,84,1018.9,88,11.1,-9900,-9900,0.0,0.0
2022,12,7,15,60,0.0,0.0,0.0,0.0,0.0,5,19.8,14.8,85,1018.9,86,11.1,-9900,-9900,0.0,0.0
2022,12,7,16,60,0.0,0.0,0.0,0.0,0.0,5,19.8,14.8,86,1018.8,83,11.1,-9900,-9900,0.0,0.0
2022,12,7,17,60,0.0,0.0,0.0,0.0,0.0,5,18.8,13.8,87,1019.2,89,11.1,-9900,-9900,0.0,0.0
2022,12,7,18,60,0.0,0.0,0.0,0.0,0.0,5,18.9,13.9,87,1018.8,81,9.3,-9900,-9900,0.0,0.0
2022,12,7,19,60,0.0,0.0,0.0,0.0,0.0,5,19.0,14.0,86,1018.4,71,9.3,-9900,-9900,0.0,0.0
2022,12,7,20,60,0.0,0.0,0.0,0.0,0.0,5,19.0,14.0,85,1018.3,70,7.4,-9900,-9900,0.0,0.0
2022,12,7,21,60,0.0,0.0,0.0,0.0,0.0,5,18.9,13.9,85,1018.2,68,7.4,-9900,-9900,0.0,0.0
2022,12,7,22,60,0.0,0.0,0.0,0.0,0.0,5,18.9,13.9,85,1018.1,64,5.5,-9900,-9900,0.0,0.0
2022,12,7,23,60,0.0,0.0,0.0,0.0,0.0,5,18.5,13.5,90,1019.0,121,5.5,-9900,-9900,0.0,0.0
2022,12,7,24,60,0.0,0.0,0.0,0.0,0.0,5,18.9,13.9,88,1019.3,125,5.5,-9900,-9900,0.0,0.0
2022,12,8,1,60,0.0,0.0,0.0,0.0,0.0,5,19.3,14.3,87,1019.7,130,5.5,-9900,-9900,0.0,0.0
2022,12,8,2,60,0.0,0.0,0.0,0.0,0.0,5,20.3,15.3,83,1019.3,113,7.4,-9900,-9900,0.0,0.0
2022,12,8,3,60,0.0,0.0,0.0,0.0,0.0,5,21.3,16.3,80,1018.9,97,7.4,-9900,-9900,0.0,0.0
2022,12,8,4,60,0.0,0.0,0.0,0.0,0.0,5,22.3,17.3,77,1018.5,82,7.4,-9900,-9900,0.0,0.0
2022,12,8,5,60,0.0,0.0,0.0,0.0,0.0,5,22.4,17.4,76,1017.8,92,5.5,-9900,-9900,0.0,0.0
2022,12,8,6,60,0.0,0.0,0.0,0.0,0.0,5,22.4,17.4,75,1017.1,79,7.4,-9900,-9900,0.0,0.0
2022,12,8,7,60,0.0,0.0,0.0,0.0,0.0,5,22.4,17.4,74,1016.3,73,7.4,-9900,-9900,0.0,0.0
2022,12,8,8,60,0.0,0.0,0.0,0.0,0.0,5,21.9,16.9,76,1016.3,77,7.4,-9900,-9900,0.0,0.0
2022,12,8,9,60,0.0,0.0,0.0,0.0,0.0,5,21.5,16.5,78,1016.3,80,7.4,-9900,-9900,0.0,0.0
2022,12,8,10,60,0.0,0.0,0.0,0.0,0.0,5,21.1,16.1,78,1016.3,84,7.4,-9900,-9900,0.0,0.0
2022,12,8,11,60,0.0,0.0,0.0,0.0,0.0,5,19.7,14.7,82,1017.4,97,7.4,-9900,-9900,0.0,0.0
2022,12,8,12,60,0.0,0.0,0.0,0.0,0.0,5,19.8,14.8,82,1017.5,96,7.4,-9900,-9900,0.0,0.0
2022,12,8,13,60,0.0,0.0,0.0,0.0,0.0,5,19.9,14.9,82,1017.6,94,5.5,-9900,-9900,0.0,0.0
2022,12,8,14,60,0.0,0.0,0.0,0.0,0.0,5,19.9,14.9,83,1017.3,92,5.5,-9900,-9900,0.0,0.0
2022,12,8,15,60,0.0,0.0,0.0,0.0,0.0,5,19.9,14.9,84,1017.0,91,5.5,-9900,-9900,0.0,0.0
2022,12,8,16,60,0.0,0.0,0.0,0.0,0.0,5,19.9,14.9,86,1016.7,90,5.5,-9900,-9900,0.0,0.0
2022,12,8,17,60,0.0,0.0,0.0,0.0,0.0,5,18.5,13.5,92,1016.0,125,5.5,-9900,-9900,0.0,0.0
2022,12,8,18,60,0.0,0.0,0.0,0.0,0.0,5,18.7,13.7,90,1015.6,155,5.5,-9900,-9900,0.0,0.0
2022,12,8,19,60,0.0,0.0,0.0,0.0,0.0,5,18.9,13.9,88,1015.1,199,5.5,-9900,-9900,0.0,0.0
2022,12,8,20,60,0.0,0.0,0.0,0.0,0.0,5,18.9,13.9,89,1015.1,216,3.7,-9900,-9900,0.0,0.0
2022,12,8,21,60,0.0,0.0,0.0,0.0,0.0,5,18.9,13.9,89,1015.1,227,3.7,-9900,-9900,0.0,0.0
2022,12,8,22,60,0.0,0.0,0.0,0.0,0.0,5,18.9,13.9,89,1015.1,235,3.7,-9900,-9900,0.0,0.0
2022,12,8,23,60,0.0,0.0,0.0,0.0,0.0,5,19.1,14.1,88,1015.8,150,3.7,-9900,-9900,0.0,0.0
2022,12,8,24,60,0.0,0.0,0.0,0.0,0.0,5,19.3,14.3,88,1016.1,167,3.7,-9900,-9900,0.0,0.0
2022,12,9,1,60,0.0,0.0,0.0,0.0,0.0,5,19.5,14.5,87,1016.3,185,3.7,-9900,-9900,0.0,0.0
2022,12,9,2,60,0.0,0.0,0.0,0.0,0.0,5,20.3,15.3,84,1016.0,187,5.5,-9900,-9900,0.0,0.0
2022,12,9,3,60,0.0,0.0,0.0,0.0,0.0,5,21.1,16.1,82,1015.7,192,5.5,-9900,-9900,0.0,0.0
2022,12,9,4,60,0.0,0.0,0.0,0.0,0.0,5,21.9,16.9,79,1015.4,212,5.5,-9900,-9900,0.0,0.0
2022,12,9,5,60,0.0,0.0,0.0,0.0,0.0,5,21.9,16.9,79,1014.7,276,5.5,-9900,-9900,0.0,0.0
2022,12,9,6,60,0.0,0.0,0.0,0.0,0.0,5,22.0,17.0,77,1014.0,280,5.5,-9900,-9900,0.0,0.0
2022,12,9,7,60,0.0,0.0,0.0,0.0,0.0,5,22.1,17.1,75,1013.3,286,5.5,-9900,-9900,0.0,0.0
2022,12,9,8,60,0.0,0.0,0.0,0.0,0.0,5,21.6,16.6,77,1013.3,242,5.5,-9900,-9900,0.0,0.0
2022,12,9,9,60,0.0,0.0,0.0,0.0,0.0,5,21.2,16.2,77,1013.4,139,7.4,-9900,-9900,0.0,0.0
2022,12,9,10,60,0.0,0.0,0.0,0.0,0.0,5,20.8,15.8,78,1013.4,129,7.4,-9900,-9900,0.0,0.0
2022,12,9,11,60,0.0,0.0,0.0,0.0,0.0,5,19.5,14.5,86,1014.0,98,5.5,-9900,-9900,0.0,0.0
2022,12,9,12,60,0.0,0.0,0.0,0.0,0.0,5,19.5,14.5,85,1014.2,95,5.5,-9900,-9900,0.0,0.0
2022,12,9,13,60,0.0,0.0,0.0,0.0,0.0,5,19.5,14.5,84,1014.5,90,5.5,-9900,-9900,0.0,0.0
2022,12,9,14,60,0.0,0.0,0.0,0.0,0.0,5,19.5,14.5,84,1014.4,86,5.5,-9900,-9900,0.0,0.0
2022,12,9,15,60,0.0,0.0,0.0,0.0,0.0,5,19.6,14.6,84,1014.3,83,5.5,-9900,-9900,0.0,0.0
2022,12,9,16,60,0.0,0.0,0.0,0.0,0.0,5,19.6,14.6,84,1014.2,81,5.5,-9900,-9900,0.0,0.0
2022,12,9,17,60,0.0,0.0,0.0,0.0,0.0,5,18.8,13.8,89,1013.9,102,9.3,-9900,-9900,0.0,0.0
2022,12,9,18,60,0.0,0.0,0.0,0.0,0.0,5,18.9,13.9,88,1013.6,103,7.4,-9900,-9900,0.0,0.0
2022,12,9,19,60,0.0,0.0,0.0,0.0,0.0,5,19.0,14.0,86,1013.3,106,7.4,-9900,-9900,0.0,0.0
2022,12,9,20,60,0.0,0.0,0.0,0.0,0.0,5,18.9,13.9,86,1013.5,112,5.5,-9900,-9900,0.0,0.0
2022,12,9,21,60,0.0,0.0,0.0,0.0,0.0,5,18.9,13.9,85,1013.7,122,5.5,-9900,-9900,0.0,0.0
2022,12,9,22,60,0.0,0.0,0.0,0.0,0.0,5,18.8,13.8,85,1013.9,140,3.7,-9900,-9900,0.0,0.0
2022,12,9,23,60,0.0,0.0,0.0,0.0,0.0,5,19.0,14.0,85,1014.3,134,3.7,-9900,-9900,0.0,0.0
2022,12,9,24,60,0.0,0.0,0.0,0.0,0.0,5,19.1,14.1,84,1014.7,130,5.5,-9900,-9900,0.0,0.0
2022,12,10,1,60,0.0,0.0,0.0,0.0,0.0,5,19.3,14.3,83,1015.1,127,5.5,-9900,-9900,0.0,0.0
2022,12,10,2,60,0.0,0.0,0.0,0.0,0.0,5,19.8,14.8,83,1014.8,116,5.5,-9900,-9900,0.0,0.0
2022,12,10,3,60,0.0,0.0,0.0,0.0,0.0,5,20.4,15.4,83,1014.5,107,7.4,-9900,-9900,0.0,0.0
2022,12,10,4,60,0.0,0.0,0.0,0.0,0.0,5,20.9,15.9,83,1014.2,99,7.4,-9900,-9900,0.0,0.0
2022,12,10,5,60,0.0,0.0,0.0,0.0,0.0,5,21.7,16.7,75,1013.7,90,9.3,-9900,-9900,0.0,0.0
2022,12,10,6,60,0.0,0.0,0.0,0.0,0.0,5,21.8,16.8,74,1012.8,88,9.3,-9900,-9900,0.0,0.0
2022,12,10,7,60,0.0,0.0,0.0,0.0,0.0,5,21.9,16.9,73,1011.9,86,9.3,-9900,-9900,0.0,0.0
2022,12,10,8,60,0.0,0.0,0.0,0.0,0.0,5,21.6,16.6,74,1012.1,87,9.3,-9900,-9900,0.0,0.0
2022,12,10,9,60,0.0,0.0,0.0,0.0,0.0,5,21.2,16.2,76,1012.3,88,9.3,-9900,-9900,0.0,0.0
2022,12,10,10,60,0.0,0.0,0.0,0.0,0.0,5,20.8,15.8,77,1012.5,89,9.3,-9900,-9900,0.0,0.0
2022,12,10,11,60,0.0,0.0,0.0,0.0,0.0,5,20.4,15.4,80,1013.1,74,9.3,-9900,-9900,0.0,0.0
2022,12,10,12,60,0.0,0.0,0.0,0.0,0.0,5,20.3,15.3,80,1013.6,73,9.3,-9900,-9900,0.0,0.0
2022,12,10,13,60,0.0,0.0,0.0,0.0,0.0,5,20.1,15.1,80,1014.2,72,7.4,-9900,-9900,0.0,0.0
2022,12,10,14,60,0.0,0.0,0.0,0.0,0.0,5,20.0,15.0,81,1014.4,69,7.4,-9900,-9900,0.0,0.0
2022,12,10,15,60,0.0,0.0,0.0,0.0,0.0,5,19.9,14.9,81,1014.5,66,7.4,-9900,-9900,0.0,0.0
2022,12,10,16,60,0.0,0.0,0.0,0.0,0.0,5,19.8,14.8,81,1014.7,64,7.4,-9900,-9900,0.0,0.0
2022,12,10,17,60,0.0,0.0,0.0,0.0,0.0,5,19.6,14.6,81,1014.7,74,11.1,-9900,-9900,0.0,0.0
2022,12,10,18,60,0.0,0.0,0.0,0.0,0.0,5,19.3,14.3,82,1014.8,70,11.1,-9900,-9900,0.0,0.0
2022,12,10,19,60,0.0,0.0,0.0,0.0,0.0,5,19.1,14.1,82,1015.0,65,9.3,-9900,-9900,0.0,0.0
2022,12,10,20,60,0.0,0.0,0.0,0.0,0.0,5,18.8,13.8,83,1015.3,65,9.3,-9900,-9900,0.0,0.0
2022,12,10,21,60,0.0,0.0,0.0,0.0,0.0,5,18.6,13.6,82,1015.6,64,7.4,-9900,-9900,0.0,0.0
2022,12,10,22,60,0.0,0.0,0.0,0.0,0.0,5,18.4,13.4,82,1015.9,63,5.5,-9900,-9900,0.0,0.0
2022,12,10,23,60,0.0,0.0,0.0,0.0,0.0,5,17.2,12.2,94,1016.9,115,3.7,-9900,-9900,0.0,0.0
2022,12,10,24,60,0.0,0.0,0.0,0.0,0.0,5,17.4,12.4,92,1017.5,105,5.5,-9900,-9900,0.0,0.0
2022,12,11,1,60,0.0,0.0,0.0,0.0,0.0,5,17.6,12.6,89,1018.2,97,7.4,-9900,-9900,0.0,0.0
2022,12,11,2,60,0.0,0.0,0.0,0.0,0.0,5,18.0,13.0,86,1018.1,85,7.4,-9900,-9900,0.0,0.0
2022,12,11,3,60,0.0,0.0,0.0,0.0,0.0,5,18.3,13.3,83,1018.0,75,7.4,-9900,-9900,0.0,0.0
2022,12,11,4,60,0.0,0.0,0.0,0.0,0.0,5,18.7,13.7,80,1018.0,67,9.3,-9900,-9900,0.0,0.0
2022,12,11,5,60,0.0,0.0,0.0,0.0,0.0,5,18.4,13.4,83,1017.5,58,5.5,-9900,-9900,0.0,0.0
2022,12,11,6,60,0.0,0.0,0.0,0.0,0.0,5,18.3,13.3,82,1016.8,56,7.4,-9900,-9900,0.0,0.0
2022,12,11,7,60,0.0,0.0,0.0,0.0,0.0,5,18.3,13.3,80,1016.2,56,7.4,-9900,-9900,0.0,0.0
2022,12,11,8,60,0.0,0.0,0.0,0.0,0.0,5,18.2,13.2,80,1016.4,67,9.3,-9900,-9900,0.0,0.0
2022,12,11,9,60,0.0,0.0,0.0,0.0,0.0,5,18.1,13.1,80,1016.5,73,9.3,-9900,-9900,0.0,0.0
2022,12,11,10,60,0.0,0.0,0.0,0.0,0.0,5,17.9,12.9,81,1016.7,78,11.1,-9900,-9900,0.0,0.0
2022,12,11,11,60,0.0,0.0,0.0,0.0,0.0,5,17.8,12.8,82,1016.9,72,13.0,-9900,-9900,0.0,0.0
2022,12,11,12,60,0.0,0.0,0.0,0.0,0.0,5,17.7,12.7,81,1017.2,73,13.0,-9900,-9900,0.0,0.0
2022,12,11,13,60,0.0,0.0,0.0,0.0,0.0,5,17.7,12.7,80,1017.6,75,11.1,-9900,-9900,0.0,0.0
2022,12,11,14,60,0.0,0.0,0.0,0.0,0.0,5,17.6,12.6,81,1017.7,76,11.1,-9900,-9900,0.0,0.0
2022,12,11,15,60,0.0,0.0,0.0,0.0,0.0,5,17.6,12.6,81,1017.8,77,11.1,-9900,-9900,0.0,0.0
2022,12,11,16,60,0.0,0.0,0.0,0.0,0.0,5,17.6,12.6,81,1017.9,78,11.1,-9900,-9900,0.0,0.0
2022,12,11,17,60,0.0,0.0,0.0,0.0,0.0,5,16.9,11.9,82,1017.5,83,9.3,-9900,-9900,0.0,0.0
2022,12,11,18,60,0.0,0.0,0.0,0.0,0.0,5,16.8,11.8,83,1017.2,85,9.3,-9900,-9900,0.0,0.0
2022,12,11,19,60,0.0,0.0,0.0,0.0,0.0,5,16.7,11.7,83,1017.0,87,9.3,-9900,-9900,0.0,0.0
2022,12,11,20,60,0.0,0.0,0.0,0.0,0.0,5,16.6,11.6,84,1017.2,89,7.4,-9900,-9900,0.0,0.0
2022,12,11,21,60,0.0,0.0,0.0,0.0,0.0,5,16.5,11.5,85,1017.4,93,5.5,-9900,-9900,0.0,0.0
2022,12,11,22,60,0.0,0.0,0.0,0.0,0.0,5,16.4,11.4,85,1017.6,98,5.5,-9900,-9900,0.0,0.0
2022,12,11,23,60,0.0,0.0,0.0,0.0,0.0,5,15.8,10.8,89,1018.2,113,7.4,-9900,-9900,0.0,0.0
2022,12,11,24,60,0.0,0.0,0.0,0.0,0.0,5,16.1,11.1,87,1018.6,114,7.4,-9900,-9900,0.0,0.0
2022,12,12,1,60,0.0,0.0,0.0,0.0,0.0,5,16.3,11.3,86,1019.0,115,7.4,-9900,-9900,0.0,0.0
2022,12,12,2,60,0.0,0.0,0.0,0.0,0.0,5,16.8,11.8,85,1018.9,107,7.4,-9900,-9900,0.0,0.0
2022,12,12,3,60,0.0,0.0,0.0,0.0,0.0,5,17.2,12.2,84,1018.8,98,9.3,-9900,-9900,0.0,0.0
2022,12,12,4,60,0.0,0.0,0.0,0.0,0.0,5,17.6,12.6,83,1018.8,88,9.3,-9900,-9900,0.0,0.0
2022,12,12,5,60,0.0,0.0,0.0,0.0,0.0,5,17.4,12.4,84,1018.1,81,9.3,-9900,-9900,0.0,0.0
2022,12,12,6,60,0.0,0.0,0.0,0.0,0.0,5,17.5,12.5,82,1017.5,77,9.3,-9900,-9900,0.0,0.0
2022,12,12,7,60,0.0,0.0,0.0,0.0,0.0,5,17.5,12.5,81,1016.9,73,9.3,-9900,-9900,0.0,0.0
2022,12,12,8,60,0.0,0.0,0.0,0.0,0.0,5,17.4,12.4,80,1017.4,77,9.3,-9900,-9900,0.0,0.0
2022,12,12,9,60,0.0,0.0,0.0,0.0,0.0,5,17.3,12.3,80,1017.8,81,9.3,-9900,-9900,0.0,0.0
2022,12,12,10,60,0.0,0.0,0.0,0.0,0.0,5,17.2,12.2,80,1018.2,87,9.3,-9900,-9900,0.0,0.0
2022,12,12,11,60,0.0,0.0,0.0,0.0,0.0,5,17.0,12.0,81,1018.7,88,9.3,-9900,-9900,0.0,0.0
2022,12,12,12,60,0.0,0.0,0.0,0.0,0.0,5,16.9,11.9,80,1019.2,88,9.3,-9900,-9900,0.0,0.0
2022,12,12,13,60,0.0,0.0,0.0,0.0,0.0,5,16.7,11.7,81,1019.7,89,9.3,-9900,-9900,0.0,0.0
2022,12,12,14,60,0.0,0.0,0.0,0.0,0.0,5,16.6,11.6,81,1019.7,87,9.3,-9900,-9900,0.0,0.0
2022,12,12,15,60,0.0,0.0,0.0,0.0,0.0,5,16.6,11.6,82,1019.8,85,9.3,-9900,-9900,0.0,0.0
2022,12,12,16,60,0.0,0.0,0.0,0.0,0.0,5,16.5,11.5,82,1019.9,84,11.1,-9900,-9900,0.0,0.0
2022,12,12,17,60,0.0,0.0,0.0,0.0,0.0,5,16.5,11.5,82,1019.6,86,14.8,-9900,-9900,0.0,0.0
2022,12,12,18,60,0.0,0.0,0.0,0.0,0.0,5,16.5,11.5,82,1019.5,86,14.8,-9900,-9900,0.0,0.0
2022,12,12,19,60,0.0,0.0,0.0,0.0,0.0,5,16.4,11.4,82,1019.4,86,14.8,-9900,-9900,0.0,0.0
2022,12,12,20,60,0.0,0.0,0.0,0.0,0.0,5,16.4,11.4,81,1019.5,87,13.0,-9900,-9900,0.0,0.0
2022,12,12,21,60,0.0,0.0,0.0,0.0,0.0,5,16.4,11.4,81,1019.6,87,13.0,-9900,-9900,0.0,0.0
2022,12,12,22,60,0.0,0.0,0.0,0.0,0.0,5,16.4,11.4,81,1019.7,87,13.0,-9900,-9900,0.0,0.0
2022,12,12,23,60,0.0,0.0,0.0,0.0,0.0,5,16.0,11.0,89,1020.3,95,13.0,-9900,-9900,0.0,0.0
2022,12,12,24,60,0.0,0.0,0.0,0.0,0.0,5,16.1,11.1,89,1020.7,91,14.8,-9900,-9900,0.0,0.0
2022,12,13,1,60,0.0,0.0,0.0,0.0,0.0,5,16.2,11.2,87,1021.1,88,14.8,-9900,-9900,0.0,0.0
2022,12,13,2,60,0.0,0.0,0.0,0.0,0.0,5,16.3,11.3,87,1021.0,87,16.7,-9900,-9900,0.0,0.0
2022,12,13,3,60,0.0,0.0,0.0,0.0,0.0,5,16.4,11.4,87,1021.0,86,16.7,-9900,-9900,0.0,0.0
2022,12,13,4,60,0.0,0.0,0.0,0.0,0.0,5,16.5,11.5,87,1021.0,85,16.7,-9900,-9900,0.0,0.0
2022,12,13,5,60,0.0,0.0,0.0,0.0,0.0,5,16.4,11.4,85,1020.3,82,16.7,-9900,-9900,0.0,0.0
2022,12,13,6,60,0.0,0.0,0.0,0.0,0.0,5,16.5,11.5,84,1019.7,78,16.7,-9900,-9900,0.0,0.0
2022,12,13,7,60,0.0,0.0,0.0,0.0,0.0,5,16.6,11.6,84,1019.1,74,16.7,-9900,-9900,0.0,0.0
2022,12,13,8,60,0.0,0.0,0.0,0.0,0.0,5,16.5,11.5,85,1019.4,76,16.7,-9900,-9900,0.0,0.0
2022,12,13,9,60,0.0,0.0,0.0,0.0,0.0,5,16.5,11.5,85,1019.6,78,16.7,-9900,-9900,0.0,0.0
2022,12,13,10,60,0.0,0.0,0.0,0.0,0.0,5,16.5,11.5,85,1019.9,80,16.7,-9900,-9900,0.0,0.0
2022,12,13,11,60,0.0,0.0,0.0,0.0,0.0,5,16.3,11.3,89,1020.4,89,14.8,-9900,-9900,0.0,0.0
2022,12,13,12,60,0.0,0.0,0.0,0.0,0.0,5,16.4,11.4,87,1020.8,88,14.8,-9900,-9900,0.0,0.0
2022,12,13,13,60,0.0,0.0,0.0,0.0,0.0,5,16.5,11.5,86,1021.2,88,14.8,-9900,-9900,0.0,0.0
2022,12,13,14,60,0.0,0.0,0.0,0.0,0.0,5,16.6,11.6,85,1021.5,90,14.8,-9900,-9900,0.0,0.0
2022,12,13,15,60,0.0,0.0,0.0,0.0,0.0,5,16.6,11.6,85,1021.7,92,14.8,-9900,-9900,0.0,0.0
2022,12,13,16,60,0.0,0.0,0.0,0.0,0.0,5,16.7,11.7,84,1022.0,94,14.8,-9900,-9900,0.0,0.0
2022,12,13,17,60,0.0,0.0,0.0,0.0,0.0,5,15.6,10.6,90,1022.1,88,14.8,-9900,-9900,0.0,0.0
2022,12,13,18,60,0.0,0.0,0.0,0.0,0.0,5,15.7,10.7,88,1022.0,87,14.8,-9900,-9900,0.0,0.0
2022,12,13,19,60,0.0,0.0,0.0,0.0,0.0,5,15.8,10.8,87,1021.9,85,14.8,-9900,-9900,0.0,0.0
2022,12,13,20,60,0.0,0.0,0.0,0.0,0.0,5,15.8,10.8,86,1022.3,85,14.8,-9900,-9900,0.0,0.0
2022,12,13,21,60,0.0,0.0,0.0,0.0,0.0,5,15.8,10.8,86,1022.7,85,14.8,-9900,-9900,0.0,0.0
2022,12,13,22,60,0.0,0.0,0.0,0.0,0.0,5,15.8,10.8,86,1023.1,85,13.0,-9900,-9900,0.0,0.0
2022,12,13,23,60,0.0,0.0,0.0,0.0,0.0,5,14.5,9.5,88,1024.1,85,13.0,-9900,-9900,0.0,0.0
2022,12,13,24,60,0.0,0.0,0.0,0.0,0.0,5,14.6,9.6,88,1024.6,85,14.8,-9900,-9900,0.0,0.0
2022,12,14,1,60,0.0,0.0,0.0,0.0,0.0,5,14.7,9.7,88,1025.2,84,16.7,-9900,-9900,0.0,0.0
2022,12,14,2,60,0.0,0.0,0.0,0.0,0.0,5,14.8,9.8,88,1025.1,85,16.7,-9900,-9900,0.0,0.0
2022,12,14,3,60,0.0,0.0,0.0,0.0,0.0,5,14.9,9.9,88,1025.1,86,16.7,-9900,-9900,0.0,0.0
2022,12,14,4,60,0.0,0.0,0.0,0.0,0.0,5,15.1,10.1,87,1025.0,86,18.5,-9900,-9900,0.0,0.0
2022,12,14,5,60,0.0,0.0,0.0,0.0,0.0,5,15.1,10.1,87,1024.2,82,18.5,-9900,-9900,0.0,0.0
2022,12,14,6,60,0.0,0.0,0.0,0.0,0.0,5,15.3,10.3,87,1023.4,78,18.5,-9900,-9900,0.0,0.0
2022,12,14,7,60,0.0,0.0,0.0,0.0,0.0,5,15.5,10.5,86,1022.6,73,18.5,-9900,-9900,0.0,0.0
2022,12,14,8,60,0.0,0.0,0.0,0.0,0.0,5,15.7,10.7,85,1022.6,75,18.5,-9900,-9900,0.0,0.0
2022,12,14,9,60,0.0,0.0,0.0,0.0,0.0,5,15.8,10.8,85,1022.6,76,18.5,-9900,-9900,0.0,0.0
2022,12,14,10,60,0.0,0.0,0.0,0.0,0.0,5,15.9,10.9,84,1022.6,78,16.7,-9900,-9900,0.0,0.0
2022,12,14,11,60,0.0,0.0,0.0,0.0,0.0,5,15.6,10.6,89,1022.8,82,18.5,-9900,-9900,0.0,0.0
2022,12,14,12,60,0.0,0.0,0.0,0.0,0.0,5,15.7,10.7,88,1022.7,83,16.7,-9900,-9900,0.0,0.0
2022,12,14,13,60,0.0,0.0,0.0,0.0,0.0,5,15.9,10.9,87,1022.7,83,16.7,-9900,-9900,0.0,0.0
2022,12,14,14,60,0.0,0.0,0.0,0.0,0.0,5,16.0,11.0,87,1022.3,86,16.7,-9900,-9900,0.0,0.0
2022,12,14,15,60,0.0,0.0,0.0,0.0,0.0,5,16.1,11.1,87,1022.0,89,16.7,-9900,-9900,0.0,0.0
2022,12,14,16,60,0.0,0.0,0.0,0.0,0.0,5,16.2,11.2,87,1021.6,92,16.7,-9900,-9900,0.0,0.0
2022,12,14,17,60,0.0,0.0,0.0,0.0,0.0,5,16.1,11.1,87,1021.2,90,16.7,-9900,-9900,0.0,0.0
2022,12,14,18,60,0.0,0.0,0.0,0.0,0.0,5,16.0,11.0,88,1020.8,87,16.7,-9900,-9900,0.0,0.0
2022,12,14,19,60,0.0,0.0,0.0,0.0,0.0,5,15.9,10.9,88,1020.4,85,14.8,-9900,-9900,0.0,0.0
2022,12,14,20,60,0.0,0.0,0.0,0.0,0.0,5,16.0,11.0,88,1020.2,86,14.8,-9900,-9900,0.0,0.0
2022,12,14,21,60,0.0,0.0,0.0,0.0,0.0,5,16.0,11.0,89,1020.0,87,14.8,-9900,-9900,0.0,0.0
2022,12,14,22,60,0.0,0.0,0.0,0.0,0.0,5,16.1,11.1,89,1019.8,88,13.0,-9900,-9900,0.0,0.0
2022,12,14,23,60,0.0,0.0,0.0,0.0,0.0,5,15.5,10.5,90,1020.7,85,14.8,-9900,-9900,0.0,0.0
2022,12,14,24,60,0.0,0.0,0.0,0.0,0.0,5,15.7,10.7,90,1020.9,84,14.8,-9900,-9900,0.0,0.0
2022,12,15,1,60,0.0,0.0,0.0,0.0,0.0,5,16.0,11.0,89,1021.2,84,16.7,-9900,-9900,0.0,0.0
2022,12,15,2,60,0.0,0.0,0.0,0.0,0.0,5,16.5,11.5,89,1020.6,85,16.7,-9900,-9900,0.0,0.0
2022,12,15,3,60,0.0,0.0,0.0,0.0,0.0,5,17.0,12.0,89,1020.0,86,16.7,-9900,-9900,0.0,0.0
2022,12,15,4,60,0.0,0.0,0.0,0.0,0.0,5,17.5,12.5,88,1019.5,87,18.5,-9900,-9900,0.0,0.0
2022,12,15,5,60,0.0,0.0,0.0,0.0,0.0,5,17.9,12.9,84,1019.1,82,18.5,-9900,-9900,0.0,0.0
2022,12,15,6,60,0.0,0.0,0.0,0.0,0.0,5,18.3,13.3,83,1017.8,81,16.7,-9900,-9900,0.0,0.0
2022,12,15,7,60,0.0,0.0,0.0,0.0,0.0,5,18.7,13.7,82,1016.5,80,16.7,-9900,-9900,0.0,0.0
2022,12,15,8,60,0.0,0.0,0.0,0.0,0.0,5,18.7,13.7,83,1016.4,81,16.7,-9900,-9900,0.0,0.0
2022,12,15,9,60,0.0,0.0,0.0,0.0,0.0,5,18.8,13.8,84,1016.3,83,16.7,-9900,-9900,0.0,0.0
2022,12,15,10,60,0.0,0.0,0.0,0.0,0.0,5,18.8,13.8,85,1016.2,84,16.7,-9900,-9900,0.0,0.0
2022,12,15,11,60,0.0,0.0,0.0,0.0,0.0,5,18.1,13.1,95,1016.7,88,14.8,-9900,-9900,0.0,0.0
2022,12,15,12,60,0.0,0.0,0.0,0.0,0.0,5,18.3,13.3,94,1016.9,87,13.0,-9900,-9900,0.0,0.0
2022,12,15,13,60,0.0,0.0,0.0,0.0,0.0,5,18.6,13.6,92,1017.1,85,13.0,-9900,-9900,0.0,0.0
2022,12,15,14,60,0.0,0.0,0.0,0.0,0.0,5,18.7,13.7,93,1017.0,86,13.0,-9900,-9900,0.0,0.0
2022,12,15,15,60,0.0,0.0,0.0,0.0,0.0,5,18.8,13.8,93,1016.9,86,11.1,-9900,-9900,0.0,0.0
2022,12,15,16,60,0.0,0.0,0.0,0.0,0.0,5,18.9,13.9,94,1016.7,87,11.1,-9900,-9900,0.0,0.0
2022,12,15,17,60,0.0,0.0,0.0,0.0,0.0,5,18.8,13.8,93,1016.4,86,13.0,-9900,-9900,0.0,0.0
2022,12,15,18,60,0.0,0.0,0.0,0.0,0.0,5,18.9,13.9,93,1016.1,86,11.1,-9900,-9900,0.0,0.0
2022,12,15,19,60,0.0,0.0,0.0,0.0,0.0,5,18.9,13.9,93,1015.8,86,9.3,-9900,-9900,0.0,0.0
2022,12,15,20,60,0.0,0.0,0.0,0.0,0.0,5,18.8,13.8,93,1016.1,85,9.3,-9900,-9900,0.0,0.0
2022,12,15,21,60,0.0,0.0,0.0,0.0,0.0,5,18.7,13.7,95,1016.3,84,7.4,-9900,-9900,0.0,0.0
2022,12,15,22,60,0.0,0.0,0.0,0.0,0.0,5,18.7,13.7,95,1016.6,82,7.4,-9900,-9900,0.0,0.0
2022,12,15,23,60,0.0,0.0,0.0,0.0,0.0,5,18.5,13.5,97,1017.2,131,5.5,-9900,-9900,0.0,0.0
2022,12,15,24,60,0.0,0.0,0.0,0.0,0.0,5,18.7,13.7,96,1017.7,137,5.5,-9900,-9900,0.0,0.0
2022,12,16,1,60,0.0,0.0,0.0,0.0,0.0,5,18.9,13.9,95,1018.2,143,5.5,-9900,-9900,0.0,0.0
2022,12,16,2,60,0.0,0.0,0.0,0.0,0.0,5,19.4,14.4,92,1018.3,136,5.5,-9900,-9900,0.0,0.0
2022,12,16,3,60,0.0,0.0,0.0,0.0,0.0,5,20.0,15.0,89,1018.5,125,5.5,-9900,-9900,0.0,0.0
2022,12,16,4,60,0.0,0.0,0.0,0.0,0.0,5,20.5,15.5,87,1018.6,103,5.5,-9900,-9900,0.0,0.0
2022,12,16,5,60,0.0,0.0,0.0,0.0,0.0,5,20.9,15.9,87,1018.2,89,7.4,-9900,-9900,0.0,0.0
2022,12,16,6,60,0.0,0.0,0.0,0.0,0.0,5,20.7,15.7,86,1017.5,73,7.4,-9900,-9900,0.0,0.0
2022,12,16,7,60,0.0,0.0,0.0,0.0,0.0,5,20.6,15.6,85,1016.8,38,5.5,-9900,-9900,0.0,0.0
2022,12,16,8,60,0.0,0.0,0.0,0.0,0.0,5,20.3,15.3,85,1017.1,57,5.5,-9900,-9900,0.0,0.0
2022,12,16,9,60,0.0,0.0,0.0,0.0,0.0,5,20.1,15.1,85,1017.4,85,5.5,-9900,-9900,0.0,0.0
2022,12,16,10,60,0.0,0.0,0.0,0.0,0.0,5,19.9,14.9,85,1017.7,111,7.4,-9900,-9900,0.0,0.0
2022,12,16,11,60,0.0,0.0,0.0,0.0,0.0,5,19.1,14.1,88,1018.3,208,5.5,-9900,-9900,0.0,0.0
2022,12,16,12,60,0.0,0.0,0.0,0.0,0.0,5,19.1,14.1,88,1018.8,220,5.5,-9900,-9900,0.0,0.0
2022,12,16,13,60,0.0,0.0,0.0,0.0,0.0,5,19.1,14.1,87,1019.3,243,5.5,-9900,-9900,0.0,0.0
2022,12,16,14,60,0.0,0.0,0.0,0.0,0.0,5,19.0,14.0,87,1019.4,292,5.5,-9900,-9900,0.0,0.0
2022,12,16,15,60,0.0,0.0,0.0,0.0,0.0,5,18.8,13.8,88,1019.5,327,5.5,-9900,-9900,0.0,0.0
2022,12,16,16,60,0.0,0.0,0.0,0.0,0.0,5,18.7,13.7,88,1019.5,342,5.5,-9900,-9900,0.0,0.0
2022,12,16,17,60,0.0,0.0,0.0,0.0,0.0,5,17.6,12.6,95,1019.9,269,5.5,-9900,-9900,0.0,0.0
2022,12,16,18,60,0.0,0.0,0.0,0.0,0.0,5,17.2,12.2,94,1019.9,272,5.5,-9900,-9900,0.0,0.0
2022,12,16,19,60,0.0,0.0,0.0,0.0,0.0,5,16.9,11.9,94,1019.9,276,5.5,-9900,-9900,0.0,0.0
2022,12,16,20,60,0.0,0.0,0.0,0.0,0.0,5,16.6,11.6,93,1020.4,290,5.5,-9900,-9900,0.0,0.0
2022,12,16,21,60,0.0,0.0,0.0,0.0,0.0,5,16.4,11.4,91,1020.9,300,5.5,-9900,-9900,0.0,0.0
2022,12,16,22,60,0.0,0.0,0.0,0.0,0.0,5,16.1,11.1,90,1021.4,308,5.5,-9900,-9900,0.0,0.0
2022,12,16,23,60,0.0,0.0,0.0,0.0,0.0,5,16.0,11.0,88,1022.6,83,5.5,-9900,-9900,0.0,0.0
2022,12,16,24,60,0.0,0.0,0.0,0.0,0.0,5,15.6,10.6,88,1023.6,90,5.5,-9900,-9900,0.0,0.0
2022,12,17,1,60,0.0,0.0,0.0,0.0,0.0,5,15.3,10.3,87,1024.5,108,5.5,-9900,-9900,0.0,0.0
2022,12,17,2,60,0.0,0.0,0.0,0.0,0.0,5,15.0,10.0,86,1025.2,79,5.5,-9900,-9900,0.0,0.0
2022,12,17,3,60,0.0,0.0,0.0,0.0,0.0,5,14.7,9.7,84,1025.8,58,5.5,-9900,-9900,0.0,0.0
2022,12,17,4,60,0.0,0.0,0.0,0.0,0.0,5,14.4,9.4,83,1026.4,45,5.5,-9900,-9900,0.0,0.0
2022,12,17,5,60,0.0,0.0,0.0,0.0,0.0,5,13.9,8.9,83,1026.3,44,5.5,-9900,-9900,0.0,0.0
2022,12,17,6,60,0.0,0.0,0.0,0.0,0.0,5,13.3,8.3,84,1026.2,43,5.5,-9900,-9900,0.0,0.0
2022,12,17,7,60,0.0,0.0,0.0,0.0,0.0,5,12.7,7.7,84,1026.1,42,7.4,-9900,-9900,0.0,0.0
2022,12,17,8,60,0.0,0.0,0.0,0.0,0.0,5,12.5,7.5,83,1026.8,53,7.4,-9900,-9900,0.0,0.0
2022,12,17,9,60,0.0,0.0,0.0,0.0,0.0,5,12.2,7.2,83,1027.4,69,5.5,-9900,-9900,0.0,0.0
2022,12,17,10,60,0.0,0.0,0.0,0.0,0.0,5,12.0,7.0,81,1028.1,89,5.5,-9900,-9900,0.0,0.0
2022,12,17,11,60,0.0,0.0,0.0,0.0,0.0,5,12.4,7.4,79,1028.5,355,7.4,-9900,-9900,0.0,0.0
2022,12,17,12,60,0.0,0.0,0.0,0.0,0.0,5,12.1,7.1,79,1029.2,3,7.4,-9900,-9900,0.0,0.0
2022,12,17,13,60,0.0,0.0,0.0,0.0,0.0,5,11.8,6.8,78,1030.0,16,5.5,-9900,-9900,0.0,0.0
2022,12,17,14,60,0.0,0.0,0.0,0.0,0.0,5,11.7,6.7,77,1030.1,13,7.4,-9900,-9900,0.0,0.0
2022,12,17,15,60,0.0,0.0,0.0,0.0,0.0,5,11.6,6.6,75,1030.1,9,7.4,-9900,-9900,0.0,0.0
2022,12,17,16,60,0.0,0.0,0.0,0.0,0.0,5,11.5,6.5,74,1030.2,6,7.4,-9900,-9900,0.0,0.0
2022,12,17,17,60,0.0,0.0,0.0,0.0,0.0,5,11.1,6.1,68,1031.0,47,7.4,-9900,-9900,0.0,0.0
2022,12,17,18,60,0.0,0.0,0.0,0.0,0.0,5,10.7,5.7,68,1030.8,34,7.4,-9900,-9900,0.0,0.0
2022,12,17,19,60,0.0,0.0,0.0,0.0,0.0,5,10.3,5.3,69,1030.5,20,7.4,-9900,-9900,0.0,0.0
2022,12,17,20,60,0.0,0.0,0.0,0.0,0.0,5,10.0,5.0,69,1030.5,16,7.4,-9900,-9900,0.0,0.0
2022,12,17,21,60,0.0,0.0,0.0,0.0,0.0,5,9.8,4.8,69,1030.4,12,7.4,-9900,-9900,0.0,0.0
2022,12,17,22,60,0.0,0.0,0.0,0.0,0.0,5,9.6,4.6,69,1030.4,8,7.4,-9900,-9900,0.0,0.0
2022,12,17,23,60,0.0,0.0,0.0,0.0,0.0,5,11.0,6.0,57,1030.4,33,11.1,-9900,-9900,0.0,0.0
2022,12,17,24,60,0.0,0.0,0.0,0.0,0.0,5,10.8,5.8,57,1030.7,34,9.3,-9900,-9900,0.0,0.0
2022,12,18,1,60,0.0,0.0,0.0,0.0,0.0,5,10.7,5.7,57,1031.1,35,9.3,-9900,-9900,0.0,0.0
2022,12,18,2,60,0.0,0.0,0.0,0.0,0.0,5,11.0,6.0,56,1030.4,37,9.3,-9900,-9900,0.0,0.0
2022,12,18,3,60,0.0,0.0,0.0,0.0,0.0,5,11.4,6.4,55,1029.8,37,11.1,-9900,-9900,0.0,0.0
2022,12,18,4,60,0.0,0.0,0.0,0.0,0.0,5,11.7,6.7,55,1029.2,38,11.1,-9900,-9900,0.0,0.0
2022,12,18,5,60,0.0,0.0,0.0,0.0,0.0,5,11.0,6.0,46,1028.8,60,13.0,-9900,-9900,0.0,0.0
2022,12,18,6,60,0.0,0.0,0.0,0.0,0.0,5,11.3,6.3,47,1027.7,58,11.1,-9900,-9900,0.0,0.0
2022,12,18,7,60,0.0,0.0,0.0,0.0,0.0,5,11.5,6.5,47,1026.7,57,11.1,-9900,-9900,0.0,0.0
2022,12,18,8,60,0.0,0.0,0.0,0.0,0.0,5,11.4,6.4,50,1026.5,57,11.1,-9900,-9900,0.0,0.0
2022,12,18,9,60,0.0,0.0,0.0,0.0,0.0,5,11.3,6.3,53,1026.4,57,13.0,-9900,-9900,0.0,0.0
2022,12,18,10,60,0.0,0.0,0.0,0.0,0.0,5,11.2,6.2,56,1026.2,57,13.0,-9900,-9900,0.0,0.0
2022,12,18,11,60,0.0,0.0,0.0,0.0,0.0,5,10.6,5.6,63,1026.6,71,13.0,-9900,-9900,0.0,0.0
2022,12,18,12,60,0.0,0.0,0.0,0.0,0.0,5,10.8,5.8,63,1026.8,74,13.0,-9900,-9900,0.0,0.0
2022,12,18,13,60,0.0,0.0,0.0,0.0,0.0,5,11.1,6.1,63,1027.0,77,11.1,-9900,-9900,0.0,0.0
2022,12,18,14,60,0.0,0.0,0.0,0.0,0.0,5,11.3,6.3,64,1026.6,80,11.1,-9900,-9900,0.0,0.0
2022,12,18,15,60,0.0,0.0,0.0,0.0,0.0,5,11.5,6.5,64,1026.3,84,11.1,-9900,-9900,0.0,0.0
2022,12,18,16,60,0.0,0.0,0.0,0.0,0.0,5,11.7,6.7,65,1025.9,88,11.1,-9900,-9900,0.0,0.0
2022,12,18,17,60,0.0,0.0,0.0,0.0,0.0,5,11.1,6.1,67,1025.6,103,13.0,-9900,-9900,0.0,0.0
2022,12,18,18,60,0.0,0.0,0.0,0.0,0.0,5,11.2,6.2,67,1025.1,104,11.1,-9900,-9900,0.0,0.0
2022,12,18,19,60,0.0,0.0,0.0,0.0,0.0,5,11.3,6.3,68,1024.6,106,11.1,-9900,-9900,0.0,0.0
2022,12,18,20,60,0.0,0.0,0.0,0.0,0.0,5,11.5,6.5,69,1024.4,104,9.3,-9900,-9900,0.0,0.0
2022,12,18,21,60,0.0,0.0,0.0,0.0,0.0,5,11.7,6.7,69,1024.2,100,9.3,-9900,-9900,0.0,0.0
2022,12,18,22,60,0.0,0.0,0.0,0.0,0.0,5,11.9,6.9,70,1023.9,97,7.4,-9900,-9900,0.0,0.0
2022,12,18,23,60,0.0,0.0,0.0,0.0,0.0,5,12.5,7.5,69,1023.9,103,7.4,-9900,-9900,0.0,0.0
2022,12,18,24,60,0.0,0.0,0.0,0.0,0.0,5,12.9,7.9,68,1024.3,100,9.3,-9900,-9900,0.0,0.0
2022,12,19,1,60,0.0,0.0,0.0,0.0,0.0,5,13.3,8.3,68,1024.7,97,9.3,-9900,-9900,0.0,0.0
2022,12,19,2,60,0.0,0.0,0.0,0.0,0.0,5,14.4,9.4,64,1024.3,93,11.1,-9900,-9900,0.0,0.0
2022,12,19,3,60,0.0,0.0,0.0,0.0,0.0,5,15.6,10.6,61,1023.8,91,14.8,-9900,-9900,0.0,0.0
2022,12,19,4,60,0.0,0.0,0.0,0.0,0.0,5,16.7,11.7,57,1023.4,89,16.7,-9900,-9900,0.0,0.0
2022,12,19,5,60,0.0,0.0,0.0,0.0,0.0,5,17.8,12.8,56,1022.5,83,14.8,-9900,-9900,0.0,0.0
2022,12,19,6,60,0.0,0.0,0.0,0.0,0.0,5,17.9,12.9,57,1021.5,80,14.8,-9900,-9900,0.0,0.0
2022,12,19,7,60,0.0,0.0,0.0,0.0,0.0,5,18.0,13.0,58,1020.5,77,14.8,-9900,-9900,0.0,0.0
2022,12,19,8,60,0.0,0.0,0.0,0.0,0.0,5,17.7,12.7,59,1020.6,81,14.8,-9900,-9900,0.0,0.0
2022,12,19,9,60,0.0,0.0,0.0,0.0,0.0,5,17.5,12.5,60,1020.6,86,14.8,-9900,-9900,0.0,0.0
2022,12,19,10,60,0.0,0.0,0.0,0.0,0.0,5,17.2,12.2,61,1020.7,91,14.8,-9900,-9900,0.0,0.0
2022,12,19,11,60,0.0,0.0,0.0,0.0,0.0,5,16.9,11.9,65,1020.9,78,14.8,-9900,-9900,0.0,0.0
2022,12,19,12,60,0.0,0.0,0.0,0.0,0.0,5,16.7,11.7,66,1021.3,83,14.8,-9900,-9900,0.0,0.0
2022,12,19,13,60,0.0,0.0,0.0,0.0,0.0,5,16.5,11.5,68,1021.7,88,13.0,-9900,-9900,0.0,0.0
2022,12,19,14,60,0.0,0.0,0.0,0.0,0.0,5,16.5,11.5,69,1021.5,92,13.0,-9900,-9900,0.0,0.0
2022,12,19,15,60,0.0,0.0,0.0,0.0,0.0,5,16.5,11.5,70,1021.3,96,13.0,-9900,-9900,0.0,0.0
2022,12,19,16,60,0.0,0.0,0.0,0.0,0.0,5,16.5,11.5,70,1021.1,99,13.0,-9900,-9900,0.0,0.0
2022,12,19,17,60,0.0,0.0,0.0,0.0,0.0,5,16.5,11.5,70,1020.8,98,13.0,-9900,-9900,0.0,0.0
2022,12,19,18,60,0.0,0.0,0.0,0.0,0.0,5,16.4,11.4,70,1020.5,97,11.1,-9900,-9900,0.0,0.0
2022,12,19,19,60,0.0,0.0,0.0,0.0,0.0,5,16.3,11.3,71,1020.2,96,11.1,-9900,-9900,0.0,0.0
2022,12,19,20,60,0.0,0.0,0.0,0.0,0.0,5,16.3,11.3,71,1019.9,98,11.1,-9900,-9900,0.0,0.0
2022,12,19,21,60,0.0,0.0,0.0,0.0,0.0,5,16.3,11.3,72,1019.6,99,11.1,-9900,-9900,0.0,0.0
2022,12,19,22,60,0.0,0.0,0.0,0.0,0.0,5,16.3,11.3,72,1019.4,100,11.1,-9900,-9900,0.0,0.0
2022,12,19,23,60,0.0,0.0,0.0,0.0,0.0,5,17.1,12.1,70,1020.1,87,11.1,-9900,-9900,0.0,0.0
2022,12,19,24,60,0.0,0.0,0.0,0.0,0.0,5,17.4,12.4,70,1020.2,87,13.0,-9900,-9900,0.0,0.0
2022,12,20,1,60,0.0,0.0,0.0,0.0,0.0,5,17.6,12.6,70,1020.4,86,13.0,-9900,-9900,0.0,0.0
2022,12,20,2,60,0.0,0.0,0.0,0.0,0.0,5,19.1,14.1,64,1019.7,88,14.8,-9900,-9900,0.0,0.0
2022,12,20,3,60,0.0,0.0,0.0,0.0,0.0,5,20.7,15.7,59,1018.9,90,16.7,-9900,-9900,0.0,0.0
2022,12,20,4,60,0.0,0.0,0.0,0.0,0.0,5,22.3,17.3,54,1018.2,91,18.5,-9900,-9900,0.0,0.0
2022,12,20,5,60,0.0,0.0,0.0,0.0,0.0,5,21.7,16.7,58,1017.1,90,16.7,-9900,-9900,0.0,0.0
2022,12,20,6,60,0.0,0.0,0.0,0.0,0.0,5,22.2,17.2,58,1016.1,86,16.7,-9900,-9900,0.0,0.0
2022,12,20,7,60,0.0,0.0,0.0,0.0,0.0,5,22.8,17.8,57,1015.0,82,16.7,-9900,-9900,0.0,0.0
2022,12,20,8,60,0.0,0.0,0.0,0.0,0.0,5,22.2,17.2,58,1015.1,86,16.7,-9900,-9900,0.0,0.0
2022,12,20,9,60,0.0,0.0,0.0,0.0,0.0,5,21.6,16.6,59,1015.2,91,14.8,-9900,-9900,0.0,0.0
2022,12,20,10,60,0.0,0.0,0.0,0.0,0.0,5,21.1,16.1,60,1015.2,98,13.0,-9900,-9900,0.0,0.0
2022,12,20,11,60,0.0,0.0,0.0,0.0,0.0,5,20.6,15.6,64,1015.4,101,13.0,-9900,-9900,0.0,0.0
2022,12,20,12,60,0.0,0.0,0.0,0.0,0.0,5,20.2,15.2,66,1015.8,100,11.1,-9900,-9900,0.0,0.0
2022,12,20,13,60,0.0,0.0,0.0,0.0,0.0,5,19.7,14.7,69,1016.2,98,9.3,-9900,-9900,0.0,0.0
2022,12,20,14,60,0.0,0.0,0.0,0.0,0.0,5,19.5,14.5,71,1015.9,101,7.4,-9900,-9900,0.0,0.0
2022,12,20,15,60,0.0,0.0,0.0,0.0,0.0,5,19.3,14.3,73,1015.6,107,7.4,-9900,-9900,0.0,0.0
2022,12,20,16,60,0.0,0.0,0.0,0.0,0.0,5,19.1,14.1,75,1015.3,118,5.5,-9900,-9900,0.0,0.0
2022,12,20,17,60,0.0,0.0,0.0,0.0,0.0,5,18.5,13.5,79,1015.3,112,7.4,-9900,-9900,0.0,0.0
2022,12,20,18,60,0.0,0.0,0.0,0.0,0.0,5,18.1,13.1,80,1015.0,156,5.5,-9900,-9900,0.0,0.0
2022,12,20,19,60,0.0,0.0,0.0,0.0,0.0,5,17.6,12.6,81,1014.7,206,5.5,-9900,-9900,0.0,0.0
2022,12,20,20,60,0.0,0.0,0.0,0.0,0.0,5,17.3,12.3,82,1014.7,229,3.7,-9900,-9900,0.0,0.0
2022,12,20,21,60,0.0,0.0,0.0,0.0,0.0,5,17.1,12.1,83,1014.8,242,3.7,-9900,-9900,0.0,0.0
2022,12,20,22,60,0.0,0.0,0.0,0.0,0.0,5,16.8,11.8,84,1014.9,249,3.7,-9900,-9900,0.0,0.0
2022,12,20,23,60,0.0,0.0,0.0,0.0,0.0,5,15.5,10.5,89,1015.5,254,5.5,-9900,-9900,0.0,0.0
2022,12,20,24,60,0.0,0.0,0.0,0.0,0.0,5,15.6,10.6,89,1016.0,248,5.5,-9900,-9900,0.0,0.0
2022,12,21,1,60,0.0,0.0,0.0,0.0,0.0,5,15.8,10.8,87,1016.4,241,7.4,-9900,-9900,0.0,0.0
2022,12,21,2,60,0.0,0.0,0.0,0.0,0.0,5,16.6,11.6,83,1016.0,253,7.4,-9900,-9900,0.0,0.0
2022,12,21,3,60,0.0,0.0,0.0,0.0,0.0,5,17.5,12.5,77,1015.7,269,7.4,-9900,-9900,0.0,0.0
2022,12,21,4,60,0.0,0.0,0.0,0.0,0.0,5,18.4,13.4,73,1015.3,288,7.4,-9900,-9900,0.0,0.0
2022,12,21,5,60,0.0,0.0,0.0,0.0,0.0,5,18.6,13.6,78,1014.9,284,7.4,-9900,-9900,0.0,0.0
2022,12,21,6,60,0.0,0.0,0.0,0.0,0.0,5,18.4,13.4,77,1014.3,289,7.4,-9900,-9900,0.0,0.0
2022,12,21,7,60,0.0,0.0,0.0,0.0,0.0,5,18.2,13.2,76,1013.7,293,7.4,-9900,-9900,0.0,0.0
2022,12,21,8,60,0.0,0.0,0.0,0.0,0.0,5,17.7,12.7,74,1014.2,294,7.4,-9900,-9900,0.0,0.0
2022,12,21,9,60,0.0,0.0,0.0,0.0,0.0,5,17.2,12.2,72,1014.7,295,5.5,-9900,-9900,0.0,0.0
2022,12,21,10,60,0.0,0.0,0.0,0.0,0.0,5,16.8,11.8,69,1015.2,299,5.5,-9900,-9900,0.0,0.0
2022,12,21,11,60,0.0,0.0,0.0,0.0,0.0,5,15.8,10.8,75,1015.4,4,5.5,-9900,-9900,0.0,0.0
2022,12,21,12,60,0.0,0.0,0.0,0.0,0.0,5,15.7,10.7,74,1016.1,341,5.5,-9900,-9900,0.0,0.0
2022,12,21,13,60,0.0,0.0,0.0,0.0,0.0,5,15.5,10.5,73,1016.7,225,3.7,-9900,-9900,0.0,0.0
2022,12,21,14,60,0.0,0.0,0.0,0.0,0.0,5,15.2,10.2,74,1016.8,225,3.7,-9900,-9900,0.0,0.0
2022,12,21,15,60,0.0,0.0,0.0,0.0,0.0,5,15.0,10.0,75,1016.8,225,3.7,-9900,-9900,0.0,0.0
2022,12,21,16,60,0.0,0.0,0.0,0.0,0.0,5,14.8,9.8,74,1016.9,225,3.7,-9900,-9900,0.0,0.0
2022,12,21,17,60,0.0,0.0,0.0,0.0,0.0,5,13.9,8.9,78,1017.2,169,5.5,-9900,-9900,0.0,0.0
2022,12,21,18,60,0.0,0.0,0.0,0.0,0.0,5,13.5,8.5,78,1017.2,178,5.5,-9900,-9900,0.0,0.0
2022,12,21,19,60,0.0,0.0,0.0,0.0,0.0,5,13.1,8.1,78,1017.2,185,5.5,-9900,-9900,0.0,0.0
2022,12,21,20,60,0.0,0.0,0.0,0.0,0.0,5,12.8,7.8,78,1017.2,190,3.7,-9900,-9900,0.0,0.0
2022,12,21,21,60,0.0,0.0,0.0,0.0,0.0,5,12.5,7.5,78,1017.3,195,3.7,-9900,-9900,0.0,0.0
2022,12,21,22,60,0.0,0.0,0.0,0.0,0.0,5,12.2,7.2,77,1017.3,201,3.7,-9900,-9900,0.0,0.0
2022,12,21,23,60,0.0,0.0,0.0,0.0,0.0,5,12.5,7.5,74,1017.6,202,3.7,-9900,-9900,0.0,0.0
2022,12,21,24,60,0.0,0.0,0.0,0.0,0.0,5,12.8,7.8,71,1017.8,204,3.7,-9900,-9900,0.0,0.0
2022,12,22,1,60,0.0,0.0,0.0,0.0,0.0,5,13.1,8.1,68,1018.1,208,3.7,-9900,-9900,0.0,0.0
2022,12,22,2,60,0.0,0.0,0.0,0.0,0.0,5,14.9,9.9,60,1017.8,192,5.5,-9900,-9900,0.0,0.0
2022,12,22,3,60,0.0,0.0,0.0,0.0,0.0,5,16.7,11.7,54,1017.5,82,7.4,-9900,-9900,0.0,0.0
2022,12,22,4,60,0.0,0.0,0.0,0.0,0.0,5,18.5,13.5,48,1017.1,52,7.4,-9900,-9900,0.0,0.0
2022,12,22,5,60,0.0,0.0,0.0,0.0,0.0,5,19.1,14.1,43,1016.5,58,7.4,-9900,-9900,0.0,0.0
2022,12,22,6,60,0.0,0.0,0.0,0.0,0.0,5,19.6,14.6,41,1015.8,45,7.4,-9900,-9900,0.0,0.0
2022,12,22,7,60,0.0,0.0,0.0,0.0,0.0,5,20.1,15.1,38,1015.0,28,7.4,-9900,-9900,0.0,0.0
2022,12,22,8,60,0.0,0.0,0.0,0.0,0.0,5,19.2,14.2,41,1015.4,53,7.4,-9900,-9900,0.0,0.0
2022,12,22,9,60,0.0,0.0,0.0,0.0,0.0,5,18.3,13.3,44,1015.8,74,7.4,-9900,-9900,0.0,0.0
2022,12,22,10,60,0.0,0.0,0.0,0.0,0.0,5,17.5,12.5,48,1016.2,89,9.3,-9900,-9900,0.0,0.0
2022,12,22,11,60,0.0,0.0,0.0,0.0,0.0,5,16.5,11.5,43,1016.9,85,9.3,-9900,-9900,0.0,0.0
2022,12,22,12,60,0.0,0.0,0.0,0.0,0.0,5,16.0,11.0,46,1017.7,103,7.4,-9900,-9900,0.0,0.0
2022,12,22,13,60,0.0,0.0,0.0,0.0,0.0,5,15.4,10.4,50,1018.4,132,5.5,-9900,-9900,0.0,0.0
2022,12,22,14,60,0.0,0.0,0.0,0.0,0.0,5,15.1,10.1,52,1018.8,130,5.5,-9900,-9900,0.0,0.0
2022,12,22,15,60,0.0,0.0,0.0,0.0,0.0,5,14.8,9.8,53,1019.2,129,5.5,-9900,-9900,0.0,0.0
2022,12,22,16,60,0.0,0.0,0.0,0.0,0.0,5,14.5,9.5,55,1019.5,128,5.5,-9900,-9900,0.0,0.0
2022,12,22,17,60,0.0,0.0,0.0,0.0,0.0,5,12.4,7.4,64,1019.7,136,7.4,-9900,-9900,0.0,0.0
2022,12,22,18,60,0.0,0.0,0.0,0.0,0.0,5,12.3,7.3,65,1019.8,141,5.5,-9900,-9900,0.0,0.0
2022,12,22,19,60,0.0,0.0,0.0,0.0,0.0,5,12.2,7.2,66,1019.9,147,5.5,-9900,-9900,0.0,0.0
2022,12,22,20,60,0.0,0.0,0.0,0.0,0.0,5,12.1,7.1,67,1020.0,145,5.5,-9900,-9900,0.0,0.0
2022,12,22,21,60,0.0,0.0,0.0,0.0,0.0,5,12.0,7.0,67,1020.2,143,5.5,-9900,-9900,0.0,0.0
2022,12,22,22,60,0.0,0.0,0.0,0.0,0.0,5,11.8,6.8,69,1020.3,140,3.7,-9900,-9900,0.0,0.0
2022,12,22,23,60,0.0,0.0,0.0,0.0,0.0,5,11.5,6.5,72,1020.4,127,7.4,-9900,-9900,0.0,0.0
2022,12,22,24,60,0.0,0.0,0.0,0.0,0.0,5,11.9,6.9,70,1021.1,118,7.4,-9900,-9900,0.0,0.0
2022,12,23,1,60,0.0,0.0,0.0,0.0,0.0,5,12.3,7.3,67,1021.9,110,7.4,-9900,-9900,0.0,0.0
2022,12,23,2,60,0.0,0.0,0.0,0.0,0.0,5,13.0,8.0,61,1022.0,93,9.3,-9900,-9900,0.0,0.0
2022,12,23,3,60,0.0,0.0,0.0,0.0,0.0,5,13.7,8.7,56,1022.2,82,13.0,-9900,-9900,0.0,0.0
2022,12,23,4,60,0.0,0.0,0.0,0.0,0.0,5,14.4,9.4,51,1022.3,75,14.8,-9900,-9900,0.0,0.0
2022,12,23,5,60,0.0,0.0,0.0,0.0,0.0,5,15.5,10.5,53,1021.5,74,13.0,-9900,-9900,0.0,0.0
2022,12,23,6,60,0.0,0.0,0.0,0.0,0.0,5,15.1,10.1,53,1021.0,70,11.1,-9900,-9900,0.0,0.0
2022,12,23,7,60,0.0,0.0,0.0,0.0,0.0,5,14.8,9.8,54,1020.5,65,11.1,-9900,-9900,0.0,0.0
2022,12,23,8,60,0.0,0.0,0.0,0.0,0.0,5,14.4,9.4,54,1021.0,66,11.1,-9900,-9900,0.0,0.0
2022,12,23,9,60,0.0,0.0,0.0,0.0,0.0,5,14.0,9.0,55,1021.4,66,13.0,-9900,-9900,0.0,0.0
2022,12,23,10,60,0.0,0.0,0.0,0.0,0.0,5,13.5,8.5,56,1021.8,66,13.0,-9900,-9900,0.0,0.0
2022,12,23,11,60,0.0,0.0,0.0,0.0,0.0,5,13.0,8.0,56,1022.3,57,13.0,-9900,-9900,0.0,0.0
2022,12,23,12,60,0.0,0.0,0.0,0.0,0.0,5,12.8,7.8,57,1022.8,62,11.1,-9900,-9900,0.0,0.0
2022,12,23,13,60,0.0,0.0,0.0,0.0,0.0,5,12.5,7.5,58,1023.3,70,9.3,-9900,-9900,0.0,0.0
2022,12,23,14,60,0.0,0.0,0.0,0.0,0.0,5,12.4,7.4,59,1023.5,73,9.3,-9900,-9900,0.0,0.0
2022,12,23,15,60,0.0,0.0,0.0,0.0,0.0,5,12.3,7.3,60,1023.6,77,7.4,-9900,-9900,0.0,0.0
2022,12,23,16,60,0.0,0.0,0.0,0.0,0.0,5,12.2,7.2,61,1023.7,80,7.4,-9900,-9900,0.0,0.0
2022,12,23,17,60,0.0,0.0,0.0,0.0,0.0,5,10.6,5.6,66,1023.9,116,7.4,-9900,-9900,0.0,0.0
2022,12,23,18,60,0.0,0.0,0.0,0.0,0.0,5,10.4,5.4,66,1023.8,118,7.4,-9900,-9900,0.0,0.0
2022,12,23,19,60,0.0,0.0,0.0,0.0,0.0,5,10.3,5.3,66,1023.6,120,5.5,-9900,-9900,0.0,0.0
2022,12,23,20,60,0.0,0.0,0.0,0.0,0.0,5,10.2,5.2,68,1023.7,125,5.5,-9900,-9900,0.0,0.0
2022,12,23,21,60,0.0,0.0,0.0,0.0,0.0,5,10.1,5.1,69,1023.8,134,3.7,-9900,-9900,0.0,0.0
2022,12,23,22,60,0.0,0.0,0.0,0.0,0.0,5,10.1,5.1,69,1023.9,152,3.7,-9900,-9900,0.0,0.0
2022,12,23,23,60,0.0,0.0,0.0,0.0,0.0,5,10.0,5.0,71,1024.2,174,5.5,-9900,-9900,0.0,0.0
2022,12,23,24,60,0.0,0.0,0.0,0.0,0.0,5,10.5,5.5,68,1024.6,168,5.5,-9900,-9900,0.0,0.0
2022,12,24,1,60,0.0,0.0,0.0,0.0,0.0,5,11.0,6.0,66,1025.1,160,5.5,-9900,-9900,0.0,0.0
2022,12,24,2,60,0.0,0.0,0.0,0.0,0.0,5,12.4,7.4,60,1025.0,128,7.4,-9900,-9900,0.0,0.0
2022,12,24,3,60,0.0,0.0,0.0,0.0,0.0,5,13.7,8.7,55,1024.9,89,9.3,-9900,-9900,0.0,0.0
2022,12,24,4,60,0.0,0.0,0.0,0.0,0.0,5,15.0,10.0,50,1024.9,66,11.1,-9900,-9900,0.0,0.0
2022,12,24,5,60,0.0,0.0,0.0,0.0,0.0,5,14.9,9.9,49,1024.2,74,11.1,-9900,-9900,0.0,0.0
2022,12,24,6,60,0.0,0.0,0.0,0.0,0.0,5,15.5,10.5,47,1023.4,66,9.3,-9900,-9900,0.0,0.0
2022,12,24,7,60,0.0,0.0,0.0,0.0,0.0,5,16.1,11.1,45,1022.7,56,9.3,-9900,-9900,0.0,0.0
2022,12,24,8,60,0.0,0.0,0.0,0.0,0.0,5,15.4,10.4,47,1023.0,58,9.3,-9900,-9900,0.0,0.0
2022,12,24,9,60,0.0,0.0,0.0,0.0,0.0,5,14.7,9.7,50,1023.3,60,11.1,-9900,-9900,0.0,0.0
2022,12,24,10,60,0.0,0.0,0.0,0.0,0.0,5,14.0,9.0,52,1023.6,61,11.1,-9900,-9900,0.0,0.0
2022,12,24,11,60,0.0,0.0,0.0,0.0,0.0,5,13.5,8.5,54,1023.9,70,9.3,-9900,-9900,0.0,0.0
2022,12,24,12,60,0.0,0.0,0.0,0.0,0.0,5,12.9,7.9,56,1024.3,81,7.4,-9900,-9900,0.0,0.0
2022,12,24,13,60,0.0,0.0,0.0,0.0,0.0,5,12.4,7.4,57,1024.7,95,7.4,-9900,-9900,0.0,0.0
2022,12,24,14,60,0.0,0.0,0.0,0.0,0.0,5,12.1,7.1,59,1024.8,101,7.4,-9900,-9900,0.0,0.0
2022,12,24,15,60,0.0,0.0,0.0,0.0,0.0,5,11.9,6.9,61,1024.9,106,7.4,-9900,-9900,0.0,0.0
2022,12,24,16,60,0.0,0.0,0.0,0.0,0.0,5,11.6,6.6,62,1025.0,111,7.4,-9900,-9900,0.0,0.0
2022,12,24,17,60,0.0,0.0,0.0,0.0,0.0,5,10.4,5.4,66,1025.0,141,5.5,-9900,-9900,0.0,0.0
2022,12,24,18,60,0.0,0.0,0.0,0.0,0.0,5,10.2,5.2,66,1025.0,138,5.5,-9900,-9900,0.0,0.0
2022,12,24,19,60,0.0,0.0,0.0,0.0,0.0,5,10.0,5.0,67,1024.9,134,5.5,-9900,-9900,0.0,0.0
2022,12,24,20,60,0.0,0.0,0.0,0.0,0.0,5,9.9,4.9,68,1024.9,135,5.5,-9900,-9900,0.0,0.0
2022,12,24,21,60,0.0,0.0,0.0,0.0,0.0,5,9.8,4.8,69,1024.9,137,3.7,-9900,-9900,0.0,0.0
2022,12,24,22,60,0.0,0.0,0.0,0.0,0.0,5,9.7,4.7,69,1024.8,140,3.7,-9900,-9900,0.0,0.0
2022,12,24,23,60,0.0,0.0,0.0,0.0,0.0,5,10.2,5.2,68,1024.9,156,7.4,-9900,-9900,0.0,0.0
2022,12,24,24,60,0.0,0.0,0.0,0.0,0.0,5,10.7,5.7,66,1025.4,149,7.4,-9900,-9900,0.0,0.0
2022,12,25,1,60,0.0,0.0,0.0,0.0,0.0,5,11.3,6.3,65,1025.8,144,7.4,-9900,-9900,0.0,0.0
2022,12,25,2,60,0.0,0.0,0.0,0.0,0.0,5,12.6,7.6,59,1025.6,117,9.3,-9900,-9900,0.0,0.0
2022,12,25,3,60,0.0,0.0,0.0,0.0,0.0,5,13.9,8.9,54,1025.4,95,11.1,-9900,-9900,0.0,0.0
2022,12,25,4,60,0.0,0.0,0.0,0.0,0.0,5,15.3,10.3,49,1025.1,81,13.0,-9900,-9900,0.0,0.0
2022,12,25,5,60,0.0,0.0,0.0,0.0,0.0,5,15.4,10.4,50,1024.8,80,13.0,-9900,-9900,0.0,0.0
2022,12,25,6,60,0.0,0.0,0.0,0.0,0.0,5,15.8,10.8,50,1023.9,77,13.0,-9900,-9900,0.0,0.0
2022,12,25,7,60,0.0,0.0,0.0,0.0,0.0,5,16.3,11.3,49,1023.0,74,13.0,-9900,-9900,0.0,0.0
2022,12,25,8,60,0.0,0.0,0.0,0.0,0.0,5,15.9,10.9,51,1023.2,74,13.0,-9900,-9900,0.0,0.0
2022,12,25,9,60,0.0,0.0,0.0,0.0,0.0,5,15.4,10.4,54,1023.4,73,13.0,-9900,-9900,0.0,0.0
2022,12,25,10,60,0.0,0.0,0.0,0.0,0.0,5,14.9,9.9,57,1023.6,73,14.8,-9900,-9900,0.0,0.0
2022,12,25,11,60,0.0,0.0,0.0,0.0,0.0,5,14.1,9.1,59,1024.1,56,14.8,-9900,-9900,0.0,0.0
2022,12,25,12,60,0.0,0.0,0.0,0.0,0.0,5,14.0,9.0,61,1024.4,61,13.0,-9900,-9900,0.0,0.0
2022,12,25,13,60,0.0,0.0,0.0,0.0,0.0,5,14.0,9.0,62,1024.7,68,11.1,-9900,-9900,0.0,0.0
2022,12,25,14,60,0.0,0.0,0.0,0.0,0.0,5,13.9,8.9,64,1024.7,68,11.1,-9900,-9900,0.0,0.0
2022,12,25,15,60,0.0,0.0,0.0,0.0,0.0,5,13.9,8.9,64,1024.7,69,9.3,-9900,-9900,0.0,0.0
2022,12,25,16,60,0.0,0.0,0.0,0.0,0.0,5,13.8,8.8,66,1024.8,70,9.3,-9900,-9900,0.0,0.0
2022,12,25,17,60,0.0,0.0,0.0,0.0,0.0,5,12.7,7.7,66,1024.7,115,9.3,-9900,-9900,0.0,0.0
2022,12,25,18,60,0.0,0.0,0.0,0.0,0.0,5,12.5,7.5,68,1024.6,119,7.4,-9900,-9900,0.0,0.0
2022,12,25,19,60,0.0,0.0,0.0,0.0,0.0,5,12.3,7.3,70,1024.4,125,7.4,-9900,-9900,0.0,0.0
2022,12,25,20,60,0.0,0.0,0.0,0.0,0.0,5,12.2,7.2,72,1024.4,123,5.5,-9900,-9900,0.0,0.0
2022,12,25,21,60,0.0,0.0,0.0,0.0,0.0,5,12.1,7.1,74,1024.3,119,5.5,-9900,-9900,0.0,0.0
2022,12,25,22,60,0.0,0.0,0.0,0.0,0.0,5,11.9,6.9,77,1024.2,110,5.5,-9900,-9900,0.0,0.0
2022,12,25,23,60,0.0,0.0,0.0,0.0,0.0,5,12.6,7.6,74,1024.2,179,3.7,-9900,-9900,0.0,0.0
2022,12,25,24,60,0.0,0.0,0.0,0.0,0.0,5,13.1,8.1,72,1024.5,170,3.7,-9900,-9900,0.0,0.0
2022,12,26,1,60,0.0,0.0,0.0,0.0,0.0,5,13.5,8.5,70,1024.8,162,3.7,-9900,-9900,0.0,0.0
2022,12,26,2,60,0.0,0.0,0.0,0.0,0.0,5,15.0,10.0,65,1024.7,124,5.5,-9900,-9900,0.0,0.0
2022,12,26,3,60,0.0,0.0,0.0,0.0,0.0,5,16.5,11.5,60,1024.6,95,7.4,-9900,-9900,0.0,0.0
2022,12,26,4,60,0.0,0.0,0.0,0.0,0.0,5,18.1,13.1,56,1024.6,81,9.3,-9900,-9900,0.0,0.0
2022,12,26,5,60,0.0,0.0,0.0,0.0,0.0,5,17.3,12.3,59,1023.6,82,13.0,-9900,-9900,0.0,0.0
2022,12,26,6,60,0.0,0.0,0.0,0.0,0.0,5,17.9,12.9,58,1022.9,81,11.1,-9900,-9900,0.0,0.0
2022,12,26,7,60,0.0,0.0,0.0,0.0,0.0,5,18.4,13.4,57,1022.1,80,11.1,-9900,-9900,0.0,0.0
2022,12,26,8,60,0.0,0.0,0.0,0.0,0.0,5,17.9,12.9,59,1022.4,81,11.1,-9900,-9900,0.0,0.0
2022,12,26,9,60,0.0,0.0,0.0,0.0,0.0,5,17.4,12.4,61,1022.8,82,11.1,-9900,-9900,0.0,0.0
2022,12,26,10,60,0.0,0.0,0.0,0.0,0.0,5,16.9,11.9,63,1023.1,83,11.1,-9900,-9900,0.0,0.0
2022,12,26,11,60,0.0,0.0,0.0,0.0,0.0,5,16.5,11.5,68,1023.1,73,13.0,-9900,-9900,0.0,0.0
2022,12,26,12,60,0.0,0.0,0.0,0.0,0.0,5,16.3,11.3,69,1023.6,80,11.1,-9900,-9900,0.0,0.0
2022,12,26,13,60,0.0,0.0,0.0,0.0,0.0,5,16.0,11.0,69,1024.1,87,11.1,-9900,-9900,0.0,0.0
2022,12,26,14,60,0.0,0.0,0.0,0.0,0.0,5,15.9,10.9,69,1024.2,88,11.1,-9900,-9900,0.0,0.0
2022,12,26,15,60,0.0,0.0,0.0,0.0,0.0,5,15.9,10.9,69,1024.4,90,9.3,-9900,-9900,0.0,0.0
2022,12,26,16,60,0.0,0.0,0.0,0.0,0.0,5,15.8,10.8,69,1024.5,91,9.3,-9900,-9900,0.0,0.0
2022,12,26,17,60,0.0,0.0,0.0,0.0,0.0,5,15.4,10.4,70,1024.4,115,7.4,-9900,-9900,0.0,0.0
2022,12,26,18,60,0.0,0.0,0.0,0.0,0.0,5,15.2,10.2,71,1024.2,113,7.4,-9900,-9900,0.0,0.0
2022,12,26,19,60,0.0,0.0,0.0,0.0,0.0,5,15.0,10.0,72,1024.1,111,7.4,-9900,-9900,0.0,0.0
2022,12,26,20,60,0.0,0.0,0.0,0.0,0.0,5,14.9,9.9,73,1024.1,110,7.4,-9900,-9900,0.0,0.0
2022,12,26,21,60,0.0,0.0,0.0,0.0,0.0,5,14.8,9.8,74,1024.2,108,5.5,-9900,-9900,0.0,0.0
2022,12,26,22,60,0.0,0.0,0.0,0.0,0.0,5,14.7,9.7,75,1024.3,106,5.5,-9900,-9900,0.0,0.0
2022,12,26,23,60,0.0,0.0,0.0,0.0,0.0,5,14.8,9.8,75,1024.8,102,7.4,-9900,-9900,0.0,0.0
2022,12,26,24,60,0.0,0.0,0.0,0.0,0.0,5,15.0,10.0,74,1025.2,100,7.4,-9900,-9900,0.0,0.0
2022,12,27,1,60,0.0,0.0,0.0,0.0,0.0,5,15.2,10.2,73,1025.6,97,7.4,-9900,-9900,0.0,0.0
2022,12,27,2,60,0.0,0.0,0.0,0.0,0.0,5,16.0,11.0,70,1025.6,89,11.1,-9900,-9900,0.0,0.0
2022,12,27,3,60,0.0,0.0,0.0,0.0,0.0,5,16.8,11.8,68,1025.5,85,13.0,-9900,-9900,0.0,0.0
2022,12,27,4,60,0.0,0.0,0.0,0.0,0.0,5,17.7,12.7,65,1025.4,82,16.7,-9900,-9900,0.0,0.0
2022,12,27,5,60,0.0,0.0,0.0,0.0,0.0,5,18.1,13.1,63,1024.6,81,16.7,-9900,-9900,0.0,0.0
2022,12,27,6,60,0.0,0.0,0.0,0.0,0.0,5,18.3,13.3,62,1023.8,78,16.7,-9900,-9900,0.0,0.0
2022,12,27,7,60,0.0,0.0,0.0,0.0,0.0,5,18.5,13.5,63,1022.9,75,18.5,-9900,-9900,0.0,0.0
2022,12,27,8,60,0.0,0.0,0.0,0.0,0.0,5,18.1,13.1,64,1023.0,77,16.7,-9900,-9900,0.0,0.0
2022,12,27,9,60,0.0,0.0,0.0,0.0,0.0,5,17.8,12.8,65,1023.0,81,16.7,-9900,-9900,0.0,0.0
2022,12,27,10,60,0.0,0.0,0.0,0.0,0.0,5,17.5,12.5,66,1023.1,84,14.8,-9900,-9900,0.0,0.0
2022,12,27,11,60,0.0,0.0,0.0,0.0,0.0,5,17.0,12.0,69,1023.4,88,14.8,-9900,-9900,0.0,0.0
2022,12,27,12,60,0.0,0.0,0.0,0.0,0.0,5,17.0,12.0,70,1023.7,89,14.8,-9900,-9900,0.0,0.0
2022,12,27,13,60,0.0,0.0,0.0,0.0,0.0,5,17.0,12.0,71,1024.1,91,13.0,-9900,-9900,0.0,0.0
2022,12,27,14,60,0.0,0.0,0.0,0.0,0.0,5,17.0,12.0,72,1024.2,91,13.0,-9900,-9900,0.0,0.0
2022,12,27,15,60,0.0,0.0,0.0,0.0,0.0,5,17.0,12.0,73,1024.2,91,13.0,-9900,-9900,0.0,0.0
2022,12,27,16,60,0.0,0.0,0.0,0.0,0.0,5,17.1,12.1,73,1024.2,92,13.0,-9900,-9900,0.0,0.0
2022,12,27,17,60,0.0,0.0,0.0,0.0,0.0,5,16.6,11.6,77,1024.4,97,13.0,-9900,-9900,0.0,0.0
2022,12,27,18,60,0.0,0.0,0.0,0.0,0.0,5,16.6,11.6,77,1023.9,97,13.0,-9900,-9900,0.0,0.0
2022,12,27,19,60,0.0,0.0,0.0,0.0,0.0,5,16.5,11.5,78,1023.5,96,11.1,-9900,-9900,0.0,0.0
2022,12,27,20,60,0.0,0.0,0.0,0.0,0.0,5,16.5,11.5,78,1023.4,98,11.1,-9900,-9900,0.0,0.0
2022,12,27,21,60,0.0,0.0,0.0,0.0,0.0,5,16.6,11.6,78,1023.3,99,11.1,-9900,-9900,0.0,0.0
2022,12,27,22,60,0.0,0.0,0.0,0.0,0.0,5,16.6,11.6,79,1023.2,101,9.3,-9900,-9900,0.0,0.0
2022,12,27,23,60,0.0,0.0,0.0,0.0,0.0,5,16.9,11.9,84,1023.5,92,11.1,-9900,-9900,0.0,0.0
2022,12,27,24,60,0.0,0.0,0.0,0.0,0.0,5,17.0,12.0,83,1024.1,90,11.1,-9900,-9900,0.0,0.0
2022,12,28,1,60,0.0,0.0,0.0,0.0,0.0,5,17.2,12.2,82,1024.7,88,11.1,-9900,-9900,0.0,0.0
2022,12,28,2,60,0.0,0.0,0.0,0.0,0.0,5,17.7,12.7,80,1024.8,86,13.0,-9900,-9900,0.0,0.0
2022,12,28,3,60,0.0,0.0,0.0,0.0,0.0,5,18.3,13.3,76,1024.8,85,14.8,-9900,-9900,0.0,0.0
2022,12,28,4,60,0.0,0.0,0.0,0.0,0.0,5,18.9,13.9,73,1024.9,84,16.7,-9900,-9900,0.0,0.0
2022,12,28,5,60,0.0,0.0,0.0,0.0,0.0,5,18.2,13.2,79,1024.3,81,16.7,-9900,-9900,0.0,0.0
2022,12,28,6,60,0.0,0.0,0.0,0.0,0.0,5,18.3,13.3,78,1023.5,80,16.7,-9900,-9900,0.0,0.0
2022,12,28,7,60,0.0,0.0,0.0,0.0,0.0,5,18.4,13.4,77,1022.8,79,16.7,-9900,-9900,0.0,0.0
2022,12,28,8,60,0.0,0.0,0.0,0.0,0.0,5,18.2,13.2,77,1023.0,82,16.7,-9900,-9900,0.0,0.0
2022,12,28,9,60,0.0,0.0,0.0,0.0,0.0,5,18.0,13.0,77,1023.3,85,16.7,-9900,-9900,0.0,0.0
2022,12,28,10,60,0.0,0.0,0.0,0.0,0.0,5,17.8,12.8,77,1023.6,89,14.8,-9900,-9900,0.0,0.0
2022,12,28,11,60,0.0,0.0,0.0,0.0,0.0,5,17.8,12.8,80,1023.6,87,14.8,-9900,-9900,0.0,0.0
2022,12,28,12,60,0.0,0.0,0.0,0.0,0.0,5,17.6,12.6,81,1024.2,88,14.8,-9900,-9900,0.0,0.0
2022,12,28,13,60,0.0,0.0,0.0,0.0,0.0,5,17.4,12.4,81,1024.9,88,13.0,-9900,-9900,0.0,0.0
2022,12,28,14,60,0.0,0.0,0.0,0.0,0.0,5,17.4,12.4,80,1025.1,90,13.0,-9900,-9900,0.0,0.0
2022,12,28,15,60,0.0,0.0,0.0,0.0,0.0,5,17.3,12.3,81,1025.4,91,14.8,-9900,-9900,0.0,0.0
2022,12,28,16,60,0.0,0.0,0.0,0.0,0.0,5,17.2,12.2,81,1025.7,93,14.8,-9900,-9900,0.0,0.0
2022,12,28,17,60,0.0,0.0,0.0,0.0,0.0,5,16.0,11.0,89,1026.0,95,14.8,-9900,-9900,0.0,0.0
2022,12,28,18,60,0.0,0.0,0.0,0.0,0.0,5,16.1,11.1,88,1025.6,94,14.8,-9900,-9900,0.0,0.0
2022,12,28,19,60,0.0,0.0,0.0,0.0,0.0,5,16.1,11.1,87,1025.2,93,13.0,-9900,-9900,0.0,0.0
2022,12,28,20,60,0.0,0.0,0.0,0.0,0.0,5,16.1,11.1,87,1025.0,93,13.0,-9900,-9900,0.0,0.0
2022,12,28,21,60,0.0,0.0,0.0,0.0,0.0,5,16.1,11.1,87,1024.8,93,13.0,-9900,-9900,0.0,0.0
2022,12,28,22,60,0.0,0.0,0.0,0.0,0.0,5,16.1,11.1,87,1024.6,94,11.1,-9900,-9900,0.0,0.0
2022,12,28,23,60,0.0,0.0,0.0,0.0,0.0,5,16.4,11.4,85,1025.0,91,11.1,-9900,-9900,0.0,0.0
2022,12,28,24,60,0.0,0.0,0.0,0.0,0.0,5,16.6,11.6,85,1025.4,88,13.0,-9900,-9900,0.0,0.0
2022,12,29,1,60,0.0,0.0,0.0,0.0,0.0,5,16.9,11.9,83,1025.7,86,13.0,-9900,-9900,0.0,0.0
2022,12,29,2,60,0.0,0.0,0.0,0.0,0.0,5,17.4,12.4,82,1025.6,84,13.0,-9900,-9900,0.0,0.0
2022,12,29,3,60,0.0,0.0,0.0,0.0,0.0,5,17.9,12.9,81,1025.5,82,13.0,-9900,-9900,0.0,0.0
2022,12,29,4,60,0.0,0.0,0.0,0.0,0.0,5,18.5,13.5,79,1025.4,81,14.8,-9900,-9900,0.0,0.0
2022,12,29,5,60,0.0,0.0,0.0,0.0,0.0,5,18.6,13.6,78,1024.6,84,14.8,-9900,-9900,0.0,0.0
2022,12,29,6,60,0.0,0.0,0.0,0.0,0.0,5,18.7,13.7,78,1023.8,87,14.8,-9900,-9900,0.0,0.0
2022,12,29,7,60,0.0,0.0,0.0,0.0,0.0,5,18.8,13.8,77,1023.0,90,16.7,-9900,-9900,0.0,0.0
2022,12,29,8,60,0.0,0.0,0.0,0.0,0.0,5,18.3,13.3,79,1023.3,89,14.8,-9900,-9900,0.0,0.0
2022,12,29,9,60,0.0,0.0,0.0,0.0,0.0,5,17.9,12.9,80,1023.6,89,13.0,-9900,-9900,0.0,0.0
2022,12,29,10,60,0.0,0.0,0.0,0.0,0.0,5,17.5,12.5,81,1024.0,88,13.0,-9900,-9900,0.0,0.0
2022,12,29,11,60,0.0,0.0,0.0,0.0,0.0,5,17.0,12.0,89,1024.4,93,11.1,-9900,-9900,0.0,0.0
2022,12,29,12,60,0.0,0.0,0.0,0.0,0.0,5,16.9,11.9,88,1024.9,89,11.1,-9900,-9900,0.0,0.0
2022,12,29,13,60,0.0,0.0,0.0,0.0,0.0,5,16.9,11.9,87,1025.5,85,9.3,-9900,-9900,0.0,0.0
2022,12,29,14,60,0.0,0.0,0.0,0.0,0.0,5,16.8,11.8,87,1025.5,84,9.3,-9900,-9900,0.0,0.0
2022,12,29,15,60,0.0,0.0,0.0,0.0,0.0,5,16.7,11.7,88,1025.6,83,9.3,-9900,-9900,0.0,0.0
2022,12,29,16,60,0.0,0.0,0.0,0.0,0.0,5,16.6,11.6,89,1025.6,81,9.3,-9900,-9900,0.0,0.0
2022,12,29,17,60,0.0,0.0,0.0,0.0,0.0,5,16.1,11.1,90,1025.7,86,9.3,-9900,-9900,0.0,0.0
2022,12,29,18,60,0.0,0.0,0.0,0.0,0.0,5,16.0,11.0,89,1025.6,85,9.3,-9900,-9900,0.0,0.0
2022,12,29,19,60,0.0,0.0,0.0,0.0,0.0,5,16.0,11.0,89,1025.4,83,9.3,-9900,-9900,0.0,0.0
2022,12,29,20,60,0.0,0.0,0.0,0.0,0.0,5,16.0,11.0,89,1025.4,88,9.3,-9900,-9900,0.0,0.0
2022,12,29,21,60,0.0,0.0,0.0,0.0,0.0,5,16.0,11.0,89,1025.4,92,9.3,-9900,-9900,0.0,0.0
2022,12,29,22,60,0.0,0.0,0.0,0.0,0.0,5,16.0,11.0,89,1025.4,97,7.4,-9900,-9900,0.0,0.0
2022,12,29,23,60,0.0,0.0,0.0,0.0,0.0,5,16.9,11.9,87,1025.8,92,9.3,-9900,-9900,0.0,0.0
2022,12,29,24,60,0.0,0.0,0.0,0.0,0.0,5,16.9,11.9,87,1026.3,91,9.3,-9900,-9900,0.0,0.0
2022,12,30,1,60,0.0,0.0,0.0,0.0,0.0,5,16.9,11.9,87,1026.8,91,9.3,-9900,-9900,0.0,0.0
2022,12,30,2,60,0.0,0.0,0.0,0.0,0.0,5,17.3,12.3,84,1026.6,90,9.3,-9900,-9900,0.0,0.0
2022,12,30,3,60,0.0,0.0,0.0,0.0,0.0,5,17.6,12.6,83,1026.4,88,9.3,-9900,-9900,0.0,0.0
2022,12,30,4,60,0.0,0.0,0.0,0.0,0.0,5,18.0,13.0,80,1026.2,87,11.1,-9900,-9900,0.0,0.0
2022,12,30,5,60,0.0,0.0,0.0,0.0,0.0,5,18.1,13.1,79,1025.2,81,13.0,-9900,-9900,0.0,0.0
2022,12,30,6,60,0.0,0.0,0.0,0.0,0.0,5,18.3,13.3,78,1024.4,84,13.0,-9900,-9900,0.0,0.0
2022,12,30,7,60,0.0,0.0,0.0,0.0,0.0,5,18.4,13.4,76,1023.6,86,13.0,-9900,-9900,0.0,0.0
2022,12,30,8,60,0.0,0.0,0.0,0.0,0.0,5,18.1,13.1,77,1024.0,87,11.1,-9900,-9900,0.0,0.0
2022,12,30,9,60,0.0,0.0,0.0,0.0,0.0,5,17.7,12.7,78,1024.5,88,11.1,-9900,-9900,0.0,0.0
2022,12,30,10,60,0.0,0.0,0.0,0.0,0.0,5,17.4,12.4,80,1024.9,90,9.3,-9900,-9900,0.0,0.0
2022,12,30,11,60,0.0,0.0,0.0,0.0,0.0,5,17.2,12.2,84,1025.2,83,13.0,-9900,-9900,0.0,0.0
2022,12,30,12,60,0.0,0.0,0.0,0.0,0.0,5,17.0,12.0,84,1025.7,82,13.0,-9900,-9900,0.0,0.0
2022,12,30,13,60,0.0,0.0,0.0,0.0,0.0,5,16.8,11.8,84,1026.3,80,13.0,-9900,-9900,0.0,0.0
2022,12,30,14,60,0.0,0.0,0.0,0.0,0.0,5,16.8,11.8,84,1026.3,81,13.0,-9900,-9900,0.0,0.0
2022,12,30,15,60,0.0,0.0,0.0,0.0,0.0,5,16.7,11.7,84,1026.2,83,13.0,-9900,-9900,0.0,0.0
2022,12,30,16,60,0.0,0.0,0.0,0.0,0.0,5,16.7,11.7,85,1026.2,84,13.0,-9900,-9900,0.0,0.0
2022,12,30,17,60,0.0,0.0,0.0,0.0,0.0,5,16.6,11.6,81,1026.3,86,13.0,-9900,-9900,0.0,0.0
2022,12,30,18,60,0.0,0.0,0.0,0.0,0.0,5,16.5,11.5,82,1026.0,86,13.0,-9900,-9900,0.0,0.0
2022,12,30,19,60,0.0,0.0,0.0,0.0,0.0,5,16.4,11.4,82,1025.6,87,13.0,-9900,-9900,0.0,0.0
2022,12,30,20,60,0.0,0.0,0.0,0.0,0.0,5,16.4,11.4,82,1025.4,88,13.0,-9900,-9900,0.0,0.0
2022,12,30,21,60,0.0,0.0,0.0,0.0,0.0,5,16.4,11.4,83,1025.3,88,13.0,-9900,-9900,0.0,0.0
2022,12,30,22,60,0.0,0.0,0.0,0.0,0.0,5,16.5,11.5,82,1025.1,89,13.0,-9900,-9900,0.0,0.0
2022,12,30,23,60,0.0,0.0,0.0,0.0,0.0,5,16.4,11.4,86,1025.6,86,14.8,-9900,-9900,0.0,0.0
2022,12,30,24,60,0.0,0.0,0.0,0.0,0.0,5,16.6,11.6,86,1026.1,85,16.7,-9900,-9900,0.0,0.0
2022,12,31,1,60,0.0,0.0,0.0,0.0,0.0,5,16.7,11.7,86,1026.5,84,16.7,-9900,-9900,0.0,0.0
2022,12,31,2,60,0.0,0.0,0.0,0.0,0.0,5,17.2,12.2,84,1026.5,84,16.7,-9900,-9900,0.0,0.0
2022,12,31,3,60,0.0,0.0,0.0,0.0,0.0,5,17.6,12.6,82,1026.6,84,16.7,-9900,-9900,0.0,0.0
2022,12,31,4,60,0.0,0.0,0.0,0.0,0.0,5,18.0,13.0,80,1026.6,84,18.5,-9900,-9900,0.0,0.0
2022,12,31,5,60,0.0,0.0,0.0,0.0,0.0,5,18.0,13.0,82,1026.0,83,18.5,-9900,-9900,0.0,0.0
2022,12,31,6,60,0.0,0.0,0.0,0.0,0.0,5,18.2,13.2,81,1025.1,81,18.5,-9900,-9900,0.0,0.0
2022,12,31,7,60,0.0,0.0,0.0,0.0,0.0,5,18.4,13.4,80,1024.3,80,18.5,-9900,-9900,0.0,0.0
2022,12,31,8,60,0.0,0.0,0.0,0.0,0.0,5,18.2,13.2,80,1024.4,81,18.5,-9900,-9900,0.0,0.0
2022,12,31,9,60,0.0,0.0,0.0,0.0,0.0,5,18.0,13.0,81,1024.5,82,18.5,-9900,-9900,0.0,0.0
2022,12,31,10,60,0.0,0.0,0.0,0.0,0.0,5,17.9,12.9,81,1024.6,83,16.7,-9900,-9900,0.0,0.0
2022,12,31,11,60,0.0,0.0,0.0,0.0,0.0,5,17.7,12.7,82,1024.9,82,16.7,-9900,-9900,0.0,0.0
2022,12,31,12,60,0.0,0.0,0.0,0.0,0.0,5,17.6,12.6,83,1025.1,82,16.7,-9900,-9900,0.0,0.0
2022,12,31,13,60,0.0,0.0,0.0,0.0,0.0,5,17.4,12.4,84,1025.3,81,16.7,-9900,-9900,0.0,0.0
2022,12,31,14,60,0.0,0.0,0.0,0.0,0.0,5,17.5,12.5,84,1025.3,83,16.7,-9900,-9900,0.0,0.0
2022,12,31,15,60,0.0,0.0,0.0,0.0,0.0,5,17.5,12.5,85,1025.2,85,14.8,-9900,-9900,0.0,0.0
2022,12,31,16,60,0.0,0.0,0.0,0.0,0.0,5,17.6,12.6,85,1025.1,87,14.8,-9900,-9900,0.0,0.0
2022,12,31,17,60,0.0,0.0,0.0,0.0,0.0,5,17.2,12.2,86,1024.4,87,14.8,-9900,-9900,0.0,0.0
2022,12,31,18,60,0.0,0.0,0.0,0.0,0.0,5,17.3,12.3,86,1024.1,87,14.8,-9900,-9900,0.0,0.0
2022,12,31,19,60,0.0,0.0,0.0,0.0,0.0,5,17.4,12.4,85,1023.7,87,14.8,-9900,-9900,0.0,0.0
2022,12,31,20,60,0.0,0.0,0.0,0.0,0.0,5,17.4,12.4,86,1023.7,88,14.8,-9900,-9900,0.0,0.0
2022,12,31,21,60,0.0,0.0,0.0,0.0,0.0,5,17.5,12.5,85,1023.6,90,13.0,-9900,-9900,0.0,0.0
2022,12,31,22,60,0.0,0.0,0.0,0.0,0.0,5,17.5,12.5,86,1023.6,92,13.0,-9900,-9900,0.0,0.0
2022,12,31,23,60,0.0,0.0,0.0,0.0,0.0,5,17.9,12.9,89,1023.7,83,13.0,-9900,-9900,0.0,0.0
2022,12,31,24,60,0.0,0.0,0.0,0.0,0.0,5,18.1,13.1,88,1024.1,83,14.8,-9900,-9900,0.0,0.0
