{
  "type": "FeatureCollection",
  "features": [
    {
      "type": "Feature",
      "geometry": {
        "type": "Polygon",
        "coordinates": [
          [
            [
              121.1931614,
              24.9657002
            ],
            [
              121.193163,
              24.9655357
            ],
            [
              121.1935522,
              24.9655315
            ],
            [
              121.1935521,
              24.9657004
            ],
            [
              121.1934704,
              24.965701
            ],
            [
              121.1934706,
              24.9656519
            ],
            [
              121.1932392,
              24.9656492
            ],
            [
              121.1932381,
              24.9657031
            ],
            [
              121.1931614,
              24.9657002
            ]
          ]
        ]
      },
      "properties": {
        "osm_id": 202690673,
        "name": "男三舍",
        "name_en": "",
        "building_type": "dormitory",
        "levels": 3,
        "height": 10.5,
        "addr": "",
        "operator": "",
        "min_height": 0.0,
        "mean_kw_raw": 0.0,
        "mean_kw": 0.0,
        "annual_kwh_raw": 0.0,
        "annual_mwh_raw": 0.0,
        "annual_kwh": 0.0,
        "annual_mwh": 0.0,
        "peak_kw": 0.0,
        "load_factor": 0.0,
        "eui_raw": 0.0,
        "eui": 0.0,
        "eui_kw_per_m2": 0.0,
        "energy_tier": "NORMAL",
        "tier_color": [
          240,
          196,
          25,
          220
        ],
        "meter_name": "",
        "meter_count": 0,
        "meter_role": "unmetered",
        "aggregation_method": "none",
        "split_policy": "none",
        "mass_balance_applied": false,
        "usage_profile": "default",
        "best_r2_oof": 0.0,
        "best_r_oof": 0.0,
        "best_cvrmse_oof": 0.0,
        "coverage_ratio": null,
        "physics_flags": "no_meter_data",
        "physics_corrected": false,
        "absolute_values_visible": false,
        "archetype_label": "Unmetered",
        "data_source": "無電表資料 (未估算)",
        "confidence_level": "none",
        "has_meter_data": false,
        "year_factor": 1.0,
        "data_year": 2016,
        "uid": "",
        "b_area": "",
        "b_floors": "",
        "b_type": "",
        "b_year": ""
      }
    },
    {
      "type": "Feature",
      "geometry": {
        "type": "Polygon",
        "coordinates": [
          [
            [
              121.1901314,
              24.9705077
            ],
            [
              121.1901246,
              24.9700349
            ],
            [
              121.1906196,
              24.9700307
            ],
            [
              121.1906103,
              24.9705091
            ],
            [
              121.1901314,
              24.9705077
            ]
          ]
        ]
      },
      "properties": {
        "osm_id": 202690841,
        "name": "國鼎光電大樓",
        "name_en": "",
        "building_type": "yes",
        "levels": 3,
        "height": 10.5,
        "addr": "",
        "operator": "",
        "min_height": 0.0,
        "mean_kw_raw": 0.0,
        "mean_kw": 0.0,
        "annual_kwh_raw": 0.0,
        "annual_mwh_raw": 0.0,
        "annual_kwh": 0.0,
        "annual_mwh": 0.0,
        "peak_kw": 0.0,
        "load_factor": 0.0,
        "eui_raw": 0.0,
        "eui": 0.0,
        "eui_kw_per_m2": 0.0,
        "energy_tier": "NORMAL",
        "tier_color": [
          240,
          196,
          25,
          220
        ],
        "meter_name": "",
        "meter_count": 0,
        "meter_role": "unmetered",
        "aggregation_method": "none",
        "split_policy": "none",
        "mass_balance_applied": false,
        "usage_profile": "default",
        "best_r2_oof": 0.0,
        "best_r_oof": 0.0,
        "best_cvrmse_oof": 0.0,
        "coverage_ratio": null,
        "physics_flags": "no_meter_data",
        "physics_corrected": false,
        "absolute_values_visible": false,
        "archetype_label": "Unmetered",
        "data_source": "無電表資料 (未估算)",
        "confidence_level": "none",
        "has_meter_data": false,
        "year_factor": 1.0,
        "data_year": 2016,
        "uid": "",
        "b_area": "",
        "b_floors": "",
        "b_type": "",
        "b_year": ""
      }
    },
    {
      "type": "Feature",
      "geometry": {
        "type": "Polygon",
        "coordinates": [
          [
            [
              121.1915239,
              24.9715162
            ],
            [
              121.1915197,
              24.971343
            ],
            [
              121.1919078,
              24.9713351
            ],
            [
              121.1919012,
              24.9710666
            ],
            [
              121.1920991,
              24.9710626
            ],
            [
              121.19211,
              24.9715043
            ],
            [
              121.1915239,
              24.9715162
            ]
          ]
        ]
      },
      "properties": {
        "osm_id": 202691135,
        "name": "科學四館",
        "name_en": "",
        "building_type": "university",
        "levels": 3,
        "height": 10.5,
        "addr": "",
        "operator": "",
        "min_height": 0.0,
        "mean_kw_raw": 0.0,
        "mean_kw": 0.0,
        "annual_kwh_raw": 0.0,
        "annual_mwh_raw": 0.0,
        "annual_kwh": 0.0,
        "annual_mwh": 0.0,
        "peak_kw": 0.0,
        "load_factor": 0.0,
        "eui_raw": 0.0,
        "eui": 0.0,
        "eui_kw_per_m2": 0.0,
        "energy_tier": "NORMAL",
        "tier_color": [
          240,
          196,
          25,
          220
        ],
        "meter_name": "",
        "meter_count": 0,
        "meter_role": "unmetered",
        "aggregation_method": "none",
        "split_policy": "none",
        "mass_balance_applied": false,
        "usage_profile": "default",
        "best_r2_oof": 0.0,
        "best_r_oof": 0.0,
        "best_cvrmse_oof": 0.0,
        "coverage_ratio": null,
        "physics_flags": "no_meter_data",
        "physics_corrected": false,
        "absolute_values_visible": false,
        "archetype_label": "Unmetered",
        "data_source": "無電表資料 (未估算)",
        "confidence_level": "none",
        "has_meter_data": false,
        "year_factor": 1.0,
        "data_year": 2016,
        "uid": "",
        "b_area": "",
        "b_floors": "",
        "b_type": "",
        "b_year": ""
      }
    },
    {
      "type": "Feature",
      "geometry": {
        "type": "Polygon",
        "coordinates": [
          [
            [
              121.1919767,
              24.9700554
            ],
            [
              121.1925132,
              24.9700554
            ],
            [
              121.1925186,
              24.9699047
            ],
            [
              121.1919714,
              24.9699095
            ],
            [
              121.1919767,
              24.9700554
            ]
          ]
        ]
      },
      "properties": {
        "osm_id": 202691136,
        "name": "科學二館(理學院大樓)",
        "name_en": "",
        "building_type": "university",
        "levels": 3,
        "height": 10.5,
        "addr": "",
        "operator": "",
        "min_height": 0.0,
        "mean_kw_raw": 0.0,
        "mean_kw": 0.0,
        "annual_kwh_raw": 0.0,
        "annual_mwh_raw": 0.0,
        "annual_kwh": 0.0,
        "annual_mwh": 0.0,
        "peak_kw": 0.0,
        "load_factor": 0.0,
        "eui_raw": 0.0,
        "eui": 0.0,
        "eui_kw_per_m2": 0.0,
        "energy_tier": "NORMAL",
        "tier_color": [
          240,
          196,
          25,
          220
        ],
        "meter_name": "",
        "meter_count": 0,
        "meter_role": "unmetered",
        "aggregation_method": "none",
        "split_policy": "none",
        "mass_balance_applied": false,
        "usage_profile": "default",
        "best_r2_oof": 0.0,
        "best_r_oof": 0.0,
        "best_cvrmse_oof": 0.0,
        "coverage_ratio": null,
        "physics_flags": "no_meter_data",
        "physics_corrected": false,
        "absolute_values_visible": false,
        "archetype_label": "Unmetered",
        "data_source": "無電表資料 (未估算)",
        "confidence_level": "none",
        "has_meter_data": false,
        "year_factor": 1.0,
        "data_year": 2016,
        "uid": "",
        "b_area": "",
        "b_floors": "",
        "b_type": "",
        "b_year": ""
      }
    },
    {
      "type": "Feature",
      "geometry": {
        "type": "Polygon",
        "coordinates": [
          [
            [
              121.1941463,
              24.9690212
            ],
            [
              121.194147,
              24.9687326
            ],
            [
              121.1942728,
              24.9687328
            ],
            [
              121.1942727,
              24.9688002
            ],
            [
              121.1948252,
              24.9688013
            ],
            [
              121.1948253,
              24.9687253
            ],
            [
              121.194949,
              24.9687255
            ],
            [
              121.1949483,
              24.9690228
            ],
            [
              121.1946383,
              24.9690222
            ],
            [
              121.1944765,
              24.9690219
            ],
            [
              121.1941463,
              24.9690212
            ]
          ]
        ]
      },
      "properties": {
        "osm_id": 202691227,
        "name": "文學二館",
        "name_en": "",
        "building_type": "university",
        "levels": 3,
        "height": 10.5,
        "addr": "",
        "operator": "",
        "min_height": 0.0,
        "mean_kw_raw": 0.0,
        "mean_kw": 0.0,
        "annual_kwh_raw": 0.0,
        "annual_mwh_raw": 0.0,
        "annual_kwh": 0.0,
        "annual_mwh": 0.0,
        "peak_kw": 0.0,
        "load_factor": 0.0,
        "eui_raw": 0.0,
        "eui": 0.0,
        "eui_kw_per_m2": 0.0,
        "energy_tier": "NORMAL",
        "tier_color": [
          240,
          196,
          25,
          220
        ],
        "meter_name": "",
        "meter_count": 0,
        "meter_role": "unmetered",
        "aggregation_method": "none",
        "split_policy": "none",
        "mass_balance_applied": false,
        "usage_profile": "default",
        "best_r2_oof": 0.0,
        "best_r_oof": 0.0,
        "best_cvrmse_oof": 0.0,
        "coverage_ratio": null,
        "physics_flags": "no_meter_data",
        "physics_corrected": false,
        "absolute_values_visible": false,
        "archetype_label": "Unmetered",
        "data_source": "無電表資料 (未估算)",
        "confidence_level": "none",
        "has_meter_data": false,
        "year_factor": 1.0,
        "data_year": 2016,
        "uid": "",
        "b_area": "",
        "b_floors": "",
        "b_type": "",
        "b_year": ""
      }
    },
    {
      "type": "Feature",
      "geometry": {
        "type": "Polygon",
        "coordinates": [
          [
            [
              121.1941708,
              24.9695059
            ],
            [
              121.1941708,
              24.9692093
            ],
            [
              121.1942459,
              24.9691752
            ],
            [
              121.1944781,
              24.969177
            ],
            [
              121.1946398,
              24.9691782
            ],
            [
              121.1948843,
              24.9691801
            ],
            [
              121.1949433,
              24.9692093
            ],
            [
              121.1949379,
              24.969501
            ],
            [
              121.1948735,
              24.9695497
            ],
            [
              121.1942298,
              24.9695497
            ],
            [
              121.1941708,
              24.9695059
            ]
          ]
        ]
      },
      "properties": {
        "osm_id": 202691228,
        "name": "文學一館",
        "name_en": "",
        "building_type": "university",
        "levels": 3,
        "height": 10.5,
        "addr": "",
        "operator": "",
        "min_height": 0.0,
        "mean_kw_raw": 0.0,
        "mean_kw": 0.0,
        "annual_kwh_raw": 0.0,
        "annual_mwh_raw": 0.0,
        "annual_kwh": 0.0,
        "annual_mwh": 0.0,
        "peak_kw": 0.0,
        "load_factor": 0.0,
        "eui_raw": 0.0,
        "eui": 0.0,
        "eui_kw_per_m2": 0.0,
        "energy_tier": "NORMAL",
        "tier_color": [
          240,
          196,
          25,
          220
        ],
        "meter_name": "",
        "meter_count": 0,
        "meter_role": "unmetered",
        "aggregation_method": "none",
        "split_policy": "none",
        "mass_balance_applied": false,
        "usage_profile": "default",
        "best_r2_oof": 0.0,
        "best_r_oof": 0.0,
        "best_cvrmse_oof": 0.0,
        "coverage_ratio": null,
        "physics_flags": "no_meter_data",
        "physics_corrected": false,
        "absolute_values_visible": false,
        "archetype_label": "Unmetered",
        "data_source": "無電表資料 (未估算)",
        "confidence_level": "none",
        "has_meter_data": false,
        "year_factor": 1.0,
        "data_year": 2016,
        "uid": "",
        "b_area": "",
        "b_floors": "",
        "b_type": "",
        "b_year": ""
      }
    },
    {
      "type": "Feature",
      "geometry": {
        "type": "Polygon",
        "coordinates": [
          [
            [
              121.1906083,
              24.9692733
            ],
            [
              121.190604,
              24.9689611
            ],
            [
              121.1910626,
              24.968956
            ],
            [
              121.1910669,
              24.9692681
            ],
            [
              121.1906083,
              24.9692733
            ]
          ]
        ]
      },
      "properties": {
        "osm_id": 202805154,
        "name": "羽球館",
        "name_en": "",
        "building_type": "university",
        "levels": 3,
        "height": 10.5,
        "addr": "",
        "operator": "",
        "min_height": 0.0,
        "mean_kw_raw": 0.0,
        "mean_kw": 0.0,
        "annual_kwh_raw": 0.0,
        "annual_mwh_raw": 0.0,
        "annual_kwh": 0.0,
        "annual_mwh": 0.0,
        "peak_kw": 0.0,
        "load_factor": 0.0,
        "eui_raw": 0.0,
        "eui": 0.0,
        "eui_kw_per_m2": 0.0,
        "energy_tier": "NORMAL",
        "tier_color": [
          240,
          196,
          25,
          220
        ],
        "meter_name": "",
        "meter_count": 0,
        "meter_role": "unmetered",
        "aggregation_method": "none",
        "split_policy": "none",
        "mass_balance_applied": false,
        "usage_profile": "default",
        "best_r2_oof": 0.0,
        "best_r_oof": 0.0,
        "best_cvrmse_oof": 0.0,
        "coverage_ratio": null,
        "physics_flags": "no_meter_data",
        "physics_corrected": false,
        "absolute_values_visible": false,
        "archetype_label": "Unmetered",
        "data_source": "無電表資料 (未估算)",
        "confidence_level": "none",
        "has_meter_data": false,
        "year_factor": 1.0,
        "data_year": 2016,
        "uid": "",
        "b_area": "",
        "b_floors": "",
        "b_type": "",
        "b_year": ""
      }
    },
    {
      "type": "Feature",
      "geometry": {
        "type": "Polygon",
        "coordinates": [
          [
            [
              121.1930712,
              24.9662087
            ],
            [
              121.1930711,
              24.9660457
            ],
            [
              121.1935512,
              24.9660457
            ],
            [
              121.1935513,
              24.9662087
            ],
            [
              121.1930712,
              24.9662087
            ]
          ]
        ]
      },
      "properties": {
        "osm_id": 202805379,
        "name": "iHouse享想空間",
        "name_en": "",
        "building_type": "university",
        "levels": 3,
        "height": 10.5,
        "addr": "",
        "operator": "",
        "min_height": 0.0,
        "mean_kw_raw": 0.0,
        "mean_kw": 0.0,
        "annual_kwh_raw": 0.0,
        "annual_mwh_raw": 0.0,
        "annual_kwh": 0.0,
        "annual_mwh": 0.0,
        "peak_kw": 0.0,
        "load_factor": 0.0,
        "eui_raw": 0.0,
        "eui": 0.0,
        "eui_kw_per_m2": 0.0,
        "energy_tier": "NORMAL",
        "tier_color": [
          240,
          196,
          25,
          220
        ],
        "meter_name": "",
        "meter_count": 0,
        "meter_role": "unmetered",
        "aggregation_method": "none",
        "split_policy": "none",
        "mass_balance_applied": false,
        "usage_profile": "default",
        "best_r2_oof": 0.0,
        "best_r_oof": 0.0,
        "best_cvrmse_oof": 0.0,
        "coverage_ratio": null,
        "physics_flags": "no_meter_data",
        "physics_corrected": false,
        "absolute_values_visible": false,
        "archetype_label": "Unmetered",
        "data_source": "無電表資料 (未估算)",
        "confidence_level": "none",
        "has_meter_data": false,
        "year_factor": 1.0,
        "data_year": 2016,
        "uid": "",
        "b_area": "",
        "b_floors": "",
        "b_type": "",
        "b_year": ""
      }
    },
    {
      "type": "Feature",
      "geometry": {
        "type": "Polygon",
        "coordinates": [
          [
            [
              121.1954343,
              24.9701172
            ],
            [
              121.1956209,
              24.9701431
            ],
            [
              121.195727,
              24.9701989
            ],
            [
              121.1958223,
              24.9703019
            ],
            [
              121.1958637,
              24.970403
            ],
            [
              121.1958716,
              24.9704862
            ],
            [
              121.1958491,
              24.970594
            ],
            [
              121.1958014,
              24.970678
            ],
            [
              121.1957119,
              24.9707611
            ],
            [
              121.1956481,
              24.9707957
            ],
            [
              121.1955174,
              24.9708285
            ],
            [
              121.1954583,
              24.9708383
            ],
            [
              121.1954529,
              24.9707167
            ],
            [
              121.1955549,
              24.9706875
            ],
            [
              121.195638,
              24.9706365
            ],
            [
              121.1956756,
              24.9705708
            ],
            [
              121.1956836,
              24.9704663
            ],
            [
              121.1956675,
              24.9703739
            ],
            [
              121.1956353,
              24.9703155
            ],
            [
              121.195571,
              24.9702742
            ],
            [
              121.1954476,
              24.9702499
            ],
            [
              121.1954343,
              24.9701172
            ]
          ]
        ]
      },
      "properties": {
        "osm_id": 202805783,
        "name": "男九舍",
        "name_en": "",
        "building_type": "dormitory",
        "levels": 3,
        "height": 10.5,
        "addr": "",
        "operator": "",
        "min_height": 0.0,
        "mean_kw_raw": 0.0,
        "mean_kw": 0.0,
        "annual_kwh_raw": 0.0,
        "annual_mwh_raw": 0.0,
        "annual_kwh": 0.0,
        "annual_mwh": 0.0,
        "peak_kw": 0.0,
        "load_factor": 0.0,
        "eui_raw": 0.0,
        "eui": 0.0,
        "eui_kw_per_m2": 0.0,
        "energy_tier": "NORMAL",
        "tier_color": [
          240,
          196,
          25,
          220
        ],
        "meter_name": "",
        "meter_count": 0,
        "meter_role": "unmetered",
        "aggregation_method": "none",
        "split_policy": "none",
        "mass_balance_applied": false,
        "usage_profile": "default",
        "best_r2_oof": 0.0,
        "best_r_oof": 0.0,
        "best_cvrmse_oof": 0.0,
        "coverage_ratio": null,
        "physics_flags": "no_meter_data",
        "physics_corrected": false,
        "absolute_values_visible": false,
        "archetype_label": "Unmetered",
        "data_source": "無電表資料 (未估算)",
        "confidence_level": "none",
        "has_meter_data": false,
        "year_factor": 1.0,
        "data_year": 2016,
        "uid": "",
        "b_area": "",
        "b_floors": "",
        "b_type": "",
        "b_year": ""
      }
    },
    {
      "type": "Feature",
      "geometry": {
        "type": "Polygon",
        "coordinates": [
          [
            [
              121.1940616,
              24.9657012
            ],
            [
              121.1940591,
              24.9654749
            ],
            [
              121.1941268,
              24.9654743
            ],
            [
              121.194125,
              24.9653164
            ],
            [
              121.1941633,
              24.9653161
            ],
            [
              121.1941626,
              24.965252
            ],
            [
              121.1942391,
              24.9652512
            ],
            [
              121.1942398,
              24.9653181
            ],
            [
              121.1942852,
              24.9653177
            ],
            [
              121.1942855,
              24.965351
            ],
            [
              121.1943737,
              24.9653501
            ],
            [
              121.1943752,
              24.9654842
            ],
            [
              121.1944524,
              24.9654834
            ],
            [
              121.1944516,
              24.9654138
            ],
            [
              121.1945469,
              24.9654129
            ],
            [
              121.1945477,
              24.9654814
            ],
            [
              121.1946374,
              24.9654806
            ],
            [
              121.1946407,
              24.9657741
            ],
            [
              121.194174,
              24.9657784
            ],
            [
              121.1941737,
              24.9657523
            ],
            [
              121.1940797,
              24.9657531
            ],
            [
              121.1940791,
              24.965701
            ],
            [
              121.1940616,
              24.9657012
            ]
          ]
        ]
      },
      "properties": {
        "osm_id": 202805788,
        "name": "女十四舍",
        "name_en": "",
        "building_type": "dormitory",
        "levels": 12,
        "height": 42.0,
        "addr": "",
        "operator": "",
        "min_height": 0.0,
        "mean_kw_raw": 0.0,
        "mean_kw": 0.0,
        "annual_kwh_raw": 0.0,
        "annual_mwh_raw": 0.0,
        "annual_kwh": 0.0,
        "annual_mwh": 0.0,
        "peak_kw": 0.0,
        "load_factor": 0.0,
        "eui_raw": 0.0,
        "eui": 0.0,
        "eui_kw_per_m2": 0.0,
        "energy_tier": "NORMAL",
        "tier_color": [
          240,
          196,
          25,
          220
        ],
        "meter_name": "",
        "meter_count": 0,
        "meter_role": "unmetered",
        "aggregation_method": "none",
        "split_policy": "none",
        "mass_balance_applied": false,
        "usage_profile": "default",
        "best_r2_oof": 0.0,
        "best_r_oof": 0.0,
        "best_cvrmse_oof": 0.0,
        "coverage_ratio": null,
        "physics_flags": "no_meter_data",
        "physics_corrected": false,
        "absolute_values_visible": false,
        "archetype_label": "Unmetered",
        "data_source": "無電表資料 (未估算)",
        "confidence_level": "none",
        "has_meter_data": false,
        "year_factor": 1.0,
        "data_year": 2016,
        "uid": "",
        "b_area": "",
        "b_floors": "",
        "b_type": "",
        "b_year": ""
      }
    },
    {
      "type": "Feature",
      "geometry": {
        "type": "Polygon",
        "coordinates": [
          [
            [
              121.1946707,
              24.9708748
            ],
            [
              121.1946688,
              24.9707454
            ],
            [
              121.1952608,
              24.970738
            ],
            [
              121.1952628,
              24.9708674
            ],
            [
              121.1949773,
              24.9708709
            ],
            [
              121.1946707,
              24.9708748
            ]
          ]
        ]
      },
      "properties": {
        "osm_id": 202805967,
        "name": "中大會館",
        "name_en": "",
        "building_type": "hotel",
        "levels": 3,
        "height": 10.5,
        "addr": "",
        "operator": "",
        "min_height": 0.0,
        "mean_kw_raw": 0.0,
        "mean_kw": 0.0,
        "annual_kwh_raw": 0.0,
        "annual_mwh_raw": 0.0,
        "annual_kwh": 0.0,
        "annual_mwh": 0.0,
        "peak_kw": 0.0,
        "load_factor": 0.0,
        "eui_raw": 0.0,
        "eui": 0.0,
        "eui_kw_per_m2": 0.0,
        "energy_tier": "NORMAL",
        "tier_color": [
          240,
          196,
          25,
          220
        ],
        "meter_name": "",
        "meter_count": 0,
        "meter_role": "unmetered",
        "aggregation_method": "none",
        "split_policy": "none",
        "mass_balance_applied": false,
        "usage_profile": "default",
        "best_r2_oof": 0.0,
        "best_r_oof": 0.0,
        "best_cvrmse_oof": 0.0,
        "coverage_ratio": null,
        "physics_flags": "no_meter_data",
        "physics_corrected": false,
        "absolute_values_visible": false,
        "archetype_label": "Unmetered",
        "data_source": "無電表資料 (未估算)",
        "confidence_level": "none",
        "has_meter_data": false,
        "year_factor": 1.0,
        "data_year": 2016,
        "uid": "",
        "b_area": "",
        "b_floors": "",
        "b_type": "",
        "b_year": ""
      }
    },
    {
      "type": "Feature",
      "geometry": {
        "type": "Polygon",
        "coordinates": [
          [
            [
              121.1930999,
              24.9708998
            ],
            [
              121.1931014,
              24.9707676
            ],
            [
              121.1928617,
              24.9707655
            ],
            [
              121.1928619,
              24.9707452
            ],
            [
              121.1927454,
              24.9707442
            ],
            [
              121.1926286,
              24.9707431
            ],
            [
              121.1925205,
              24.9707421
            ],
            [
              121.1925195,
              24.9708354
            ],
            [
              121.1923592,
              24.9708339
            ],
            [
              121.1923589,
              24.9708568
            ],
            [
              121.1922884,
              24.9708562
            ],
            [
              121.1922879,
              24.9708652
            ],
            [
              121.1922878,
              24.9709065
            ],
            [
              121.1922874,
              24.9709521
            ],
            [
              121.1926602,
              24.9709554
            ],
            [
              121.1926611,
              24.9708687
            ],
            [
              121.1929319,
              24.9708711
            ],
            [
              121.1929316,
              24.9708983
            ],
            [
              121.1930999,
              24.9708998
            ]
          ]
        ]
      },
      "properties": {
        "osm_id": 202805968,
        "name": "鴻經館",
        "name_en": "Department of Mathematics",
        "building_type": "university",
        "levels": 3,
        "height": 10.5,
        "addr": "",
        "operator": "",
        "min_height": 0.0,
        "mean_kw_raw": 0.0,
        "mean_kw": 0.0,
        "annual_kwh_raw": 0.0,
        "annual_mwh_raw": 0.0,
        "annual_kwh": 0.0,
        "annual_mwh": 0.0,
        "peak_kw": 0.0,
        "load_factor": 0.0,
        "eui_raw": 0.0,
        "eui": 0.0,
        "eui_kw_per_m2": 0.0,
        "energy_tier": "NORMAL",
        "tier_color": [
          240,
          196,
          25,
          220
        ],
        "meter_name": "",
        "meter_count": 0,
        "meter_role": "unmetered",
        "aggregation_method": "none",
        "split_policy": "none",
        "mass_balance_applied": false,
        "usage_profile": "default",
        "best_r2_oof": 0.0,
        "best_r_oof": 0.0,
        "best_cvrmse_oof": 0.0,
        "coverage_ratio": null,
        "physics_flags": "no_meter_data",
        "physics_corrected": false,
        "absolute_values_visible": false,
        "archetype_label": "Unmetered",
        "data_source": "無電表資料 (未估算)",
        "confidence_level": "none",
        "has_meter_data": false,
        "year_factor": 1.0,
        "data_year": 2016,
        "uid": "",
        "b_area": "",
        "b_floors": "",
        "b_type": "",
        "b_year": ""
      }
    },
    {
      "type": "Feature",
      "geometry": {
        "type": "Polygon",
        "coordinates": [
          [
            [
              121.193326,
              24.9710231
            ],
            [
              121.1938383,
              24.9710036
            ],
            [
              121.1938973,
              24.970955
            ],
            [
              121.1938812,
              24.9704784
            ],
            [
              121.1938088,
              24.9704347
            ],
            [
              121.1937149,
              24.9704274
            ],
            [
              121.1937122,
              24.9706122
            ],
            [
              121.1935164,
              24.9706122
            ],
            [
              121.1934279,
              24.9706584
            ],
            [
              121.1933769,
              24.9707264
            ],
            [
              121.1933367,
              24.9707921
            ],
            [
              121.1933394,
              24.970921
            ],
            [
              121.193326,
              24.9710231
            ]
          ]
        ]
      },
      "properties": {
        "osm_id": 202805970,
        "name": "管理學院二館",
        "name_en": "",
        "building_type": "university",
        "levels": 3,
        "height": 10.5,
        "addr": "",
        "operator": "",
        "min_height": 0.0,
        "mean_kw_raw": 0.0,
        "mean_kw": 0.0,
        "annual_kwh_raw": 0.0,
        "annual_mwh_raw": 0.0,
        "annual_kwh": 0.0,
        "annual_mwh": 0.0,
        "peak_kw": 0.0,
        "load_factor": 0.0,
        "eui_raw": 0.0,
        "eui": 0.0,
        "eui_kw_per_m2": 0.0,
        "energy_tier": "NORMAL",
        "tier_color": [
          240,
          196,
          25,
          220
        ],
        "meter_name": "",
        "meter_count": 0,
        "meter_role": "unmetered",
        "aggregation_method": "none",
        "split_policy": "none",
        "mass_balance_applied": false,
        "usage_profile": "default",
        "best_r2_oof": 0.0,
        "best_r_oof": 0.0,
        "best_cvrmse_oof": 0.0,
        "coverage_ratio": null,
        "physics_flags": "no_meter_data",
        "physics_corrected": false,
        "absolute_values_visible": false,
        "archetype_label": "Unmetered",
        "data_source": "無電表資料 (未估算)",
        "confidence_level": "none",
        "has_meter_data": false,
        "year_factor": 1.0,
        "data_year": 2016,
        "uid": "",
        "b_area": "",
        "b_floors": "",
        "b_type": "",
        "b_year": ""
      }
    },
    {
      "type": "Feature",
      "geometry": {
        "type": "Polygon",
        "coordinates": [
          [
            [
              121.1925937,
              24.9704298
            ],
            [
              121.1926044,
              24.9701648
            ],
            [
              121.1926769,
              24.9701283
            ],
            [
              121.1931543,
              24.9701283
            ],
            [
              121.193165,
              24.9702961
            ],
            [
              121.1931087,
              24.9704444
            ],
            [
              121.1925937,
              24.9704298
            ]
          ]
        ]
      },
      "properties": {
        "osm_id": 202806028,
        "name": "綜教館(語言中心)",
        "name_en": "Language Center",
        "building_type": "university",
        "levels": 3,
        "height": 10.5,
        "addr": "",
        "operator": "",
        "min_height": 0.0,
        "mean_kw_raw": 0.0,
        "mean_kw": 0.0,
        "annual_kwh_raw": 0.0,
        "annual_mwh_raw": 0.0,
        "annual_kwh": 0.0,
        "annual_mwh": 0.0,
        "peak_kw": 0.0,
        "load_factor": 0.0,
        "eui_raw": 0.0,
        "eui": 0.0,
        "eui_kw_per_m2": 0.0,
        "energy_tier": "NORMAL",
        "tier_color": [
          240,
          196,
          25,
          220
        ],
        "meter_name": "",
        "meter_count": 0,
        "meter_role": "unmetered",
        "aggregation_method": "none",
        "split_policy": "none",
        "mass_balance_applied": false,
        "usage_profile": "default",
        "best_r2_oof": 0.0,
        "best_r_oof": 0.0,
        "best_cvrmse_oof": 0.0,
        "coverage_ratio": null,
        "physics_flags": "no_meter_data",
        "physics_corrected": false,
        "absolute_values_visible": false,
        "archetype_label": "Unmetered",
        "data_source": "無電表資料 (未估算)",
        "confidence_level": "none",
        "has_meter_data": false,
        "year_factor": 1.0,
        "data_year": 2016,
        "uid": "",
        "b_area": "",
        "b_floors": "",
        "b_type": "",
        "b_year": ""
      }
    },
    {
      "type": "Feature",
      "geometry": {
        "type": "Polygon",
        "coordinates": [
          [
            [
              121.1904287,
              24.9694041
            ],
            [
              121.1904282,
              24.9692959
            ],
            [
              121.1906427,
              24.9692951
            ],
            [
              121.1906432,
              24.9694033
            ],
            [
              121.1904287,
              24.9694041
            ]
          ]
        ]
      },
      "properties": {
        "osm_id": 202806291,
        "name": "體育器材室",
        "name_en": "",
        "building_type": "yes",
        "levels": 3,
        "height": 10.5,
        "addr": "",
        "operator": "",
        "min_height": 0.0,
        "mean_kw_raw": 0.0,
        "mean_kw": 0.0,
        "annual_kwh_raw": 0.0,
        "annual_mwh_raw": 0.0,
        "annual_kwh": 0.0,
        "annual_mwh": 0.0,
        "peak_kw": 0.0,
        "load_factor": 0.0,
        "eui_raw": 0.0,
        "eui": 0.0,
        "eui_kw_per_m2": 0.0,
        "energy_tier": "NORMAL",
        "tier_color": [
          240,
          196,
          25,
          220
        ],
        "meter_name": "",
        "meter_count": 0,
        "meter_role": "unmetered",
        "aggregation_method": "none",
        "split_policy": "none",
        "mass_balance_applied": false,
        "usage_profile": "default",
        "best_r2_oof": 0.0,
        "best_r_oof": 0.0,
        "best_cvrmse_oof": 0.0,
        "coverage_ratio": null,
        "physics_flags": "no_meter_data",
        "physics_corrected": false,
        "absolute_values_visible": false,
        "archetype_label": "Unmetered",
        "data_source": "無電表資料 (未估算)",
        "confidence_level": "none",
        "has_meter_data": false,
        "year_factor": 1.0,
        "data_year": 2016,
        "uid": "",
        "b_area": "",
        "b_floors": "",
        "b_type": "",
        "b_year": ""
      }
    },
    {
      "type": "Feature",
      "geometry": {
        "type": "Polygon",
        "coordinates": [
          [
            [
              121.1933152,
              24.96856
            ],
            [
              121.1933152,
              24.9680104
            ],
            [
              121.1939268,
              24.9680202
            ],
            [
              121.1939214,
              24.96856
            ],
            [
              121.1933152,
              24.96856
            ]
          ]
        ]
      },
      "properties": {
        "osm_id": 202806571,
        "name": "第二行政中心",
        "name_en": "",
        "building_type": "university",
        "levels": 3,
        "height": 10.5,
        "addr": "",
        "operator": "",
        "min_height": 0.0,
        "mean_kw_raw": 0.0,
        "mean_kw": 0.0,
        "annual_kwh_raw": 0.0,
        "annual_mwh_raw": 0.0,
        "annual_kwh": 0.0,
        "annual_mwh": 0.0,
        "peak_kw": 0.0,
        "load_factor": 0.0,
        "eui_raw": 0.0,
        "eui": 0.0,
        "eui_kw_per_m2": 0.0,
        "energy_tier": "NORMAL",
        "tier_color": [
          240,
          196,
          25,
          220
        ],
        "meter_name": "",
        "meter_count": 0,
        "meter_role": "unmetered",
        "aggregation_method": "none",
        "split_policy": "none",
        "mass_balance_applied": false,
        "usage_profile": "default",
        "best_r2_oof": 0.0,
        "best_r_oof": 0.0,
        "best_cvrmse_oof": 0.0,
        "coverage_ratio": null,
        "physics_flags": "no_meter_data",
        "physics_corrected": false,
        "absolute_values_visible": false,
        "archetype_label": "Unmetered",
        "data_source": "無電表資料 (未估算)",
        "confidence_level": "none",
        "has_meter_data": false,
        "year_factor": 1.0,
        "data_year": 2016,
        "uid": "",
        "b_area": "",
        "b_floors": "",
        "b_type": "",
        "b_year": ""
      }
    },
    {
      "type": "Feature",
      "geometry": {
        "type": "Polygon",
        "coordinates": [
          [
            [
              121.1941628,
              24.9685454
            ],
            [
              121.1941682,
              24.9679667
            ],
            [
              121.1944096,
              24.9679715
            ],
            [
              121.1944096,
              24.9685502
            ],
            [
              121.1941628,
              24.9685454
            ]
          ]
        ]
      },
      "properties": {
        "osm_id": 202806573,
        "name": "總圖書館",
        "name_en": "",
        "building_type": "university",
        "levels": 3,
        "height": 10.5,
        "addr": "",
        "operator": "",
        "min_height": 0.0,
        "mean_kw_raw": 0.0,
        "mean_kw": 0.0,
        "annual_kwh_raw": 0.0,
        "annual_mwh_raw": 0.0,
        "annual_kwh": 0.0,
        "annual_mwh": 0.0,
        "peak_kw": 0.0,
        "load_factor": 0.0,
        "eui_raw": 0.0,
        "eui": 0.0,
        "eui_kw_per_m2": 0.0,
        "energy_tier": "NORMAL",
        "tier_color": [
          240,
          196,
          25,
          220
        ],
        "meter_name": "",
        "meter_count": 0,
        "meter_role": "unmetered",
        "aggregation_method": "none",
        "split_policy": "none",
        "mass_balance_applied": false,
        "usage_profile": "default",
        "best_r2_oof": 0.0,
        "best_r_oof": 0.0,
        "best_cvrmse_oof": 0.0,
        "coverage_ratio": null,
        "physics_flags": "no_meter_data",
        "physics_corrected": false,
        "absolute_values_visible": false,
        "archetype_label": "Unmetered",
        "data_source": "無電表資料 (未估算)",
        "confidence_level": "none",
        "has_meter_data": false,
        "year_factor": 1.0,
        "data_year": 2016,
        "uid": "",
        "b_area": "",
        "b_floors": "",
        "b_type": "",
        "b_year": ""
      }
    },
    {
      "type": "Feature",
      "geometry": {
        "type": "Polygon",
        "coordinates": [
          [
            [
              121.1867954,
              24.9680387
            ],
            [
              121.1878496,
              24.9680322
            ],
            [
              121.1878466,
              24.9676412
            ],
            [
              121.1867924,
              24.9676479
            ],
            [
              121.1867954,
              24.9680387
            ]
          ]
        ]
      },
      "properties": {
        "osm_id": 217833430,
        "name": "太空及遙測研究中心",
        "name_en": "",
        "building_type": "university",
        "levels": 3,
        "height": 10.5,
        "addr": "",
        "operator": "",
        "min_height": 0.0,
        "mean_kw_raw": 0.0,
        "mean_kw": 0.0,
        "annual_kwh_raw": 0.0,
        "annual_mwh_raw": 0.0,
        "annual_kwh": 0.0,
        "annual_mwh": 0.0,
        "peak_kw": 0.0,
        "load_factor": 0.0,
        "eui_raw": 0.0,
        "eui": 0.0,
        "eui_kw_per_m2": 0.0,
        "energy_tier": "NORMAL",
        "tier_color": [
          240,
          196,
          25,
          220
        ],
        "meter_name": "",
        "meter_count": 0,
        "meter_role": "unmetered",
        "aggregation_method": "none",
        "split_policy": "none",
        "mass_balance_applied": false,
        "usage_profile": "default",
        "best_r2_oof": 0.0,
        "best_r_oof": 0.0,
        "best_cvrmse_oof": 0.0,
        "coverage_ratio": null,
        "physics_flags": "no_meter_data",
        "physics_corrected": false,
        "absolute_values_visible": false,
        "archetype_label": "Unmetered",
        "data_source": "無電表資料 (未估算)",
        "confidence_level": "none",
        "has_meter_data": false,
        "year_factor": 1.0,
        "data_year": 2016,
        "uid": "",
        "b_area": "",
        "b_floors": "",
        "b_type": "",
        "b_year": ""
      }
    },
    {
      "type": "Feature",
      "geometry": {
        "type": "Polygon",
        "coordinates": [
          [
            [
              121.1933621,
              24.9703616
            ],
            [
              121.1933529,
              24.9700945
            ],
            [
              121.1935738,
              24.9700883
            ],
            [
              121.1935725,
              24.9700494
            ],
            [
              121.1937532,
              24.9700443
            ],
            [
              121.1937554,
              24.9701069
            ],
            [
              121.1939549,
              24.9701013
            ],
            [
              121.1939632,
              24.9703437
            ],
            [
              121.1937521,
              24.9703497
            ],
            [
              121.193754,
              24.9704052
            ],
            [
              121.1935706,
              24.9704103
            ],
            [
              121.1935688,
              24.9703558
            ],
            [
              121.1933621,
              24.9703616
            ]
          ]
        ]
      },
      "properties": {
        "osm_id": 217833431,
        "name": "志希館",
        "name_en": "",
        "building_type": "university",
        "levels": 3,
        "height": 10.5,
        "addr": "",
        "operator": "",
        "min_height": 0.0,
        "mean_kw_raw": 0.0,
        "mean_kw": 0.0,
        "annual_kwh_raw": 0.0,
        "annual_mwh_raw": 0.0,
        "annual_kwh": 0.0,
        "annual_mwh": 0.0,
        "peak_kw": 0.0,
        "load_factor": 0.0,
        "eui_raw": 0.0,
        "eui": 0.0,
        "eui_kw_per_m2": 0.0,
        "energy_tier": "NORMAL",
        "tier_color": [
          240,
          196,
          25,
          220
        ],
        "meter_name": "",
        "meter_count": 0,
        "meter_role": "unmetered",
        "aggregation_method": "none",
        "split_policy": "none",
        "mass_balance_applied": false,
        "usage_profile": "default",
        "best_r2_oof": 0.0,
        "best_r_oof": 0.0,
        "best_cvrmse_oof": 0.0,
        "coverage_ratio": null,
        "physics_flags": "no_meter_data",
        "physics_corrected": false,
        "absolute_values_visible": false,
        "archetype_label": "Unmetered",
        "data_source": "無電表資料 (未估算)",
        "confidence_level": "none",
        "has_meter_data": false,
        "year_factor": 1.0,
        "data_year": 2016,
        "uid": "",
        "b_area": "",
        "b_floors": "",
        "b_type": "",
        "b_year": ""
      }
    },
    {
      "type": "Feature",
      "geometry": {
        "type": "Polygon",
        "coordinates": [
          [
            [
              121.1960667,
              24.9667082
            ],
            [
              121.1960692,
              24.9665758
            ],
            [
              121.1962783,
              24.966579
            ],
            [
              121.1962843,
              24.966263
            ],
            [
              121.1963757,
              24.9662644
            ],
            [
              121.1963766,
              24.9662167
            ],
            [
              121.1964083,
              24.9662172
            ],
            [
              121.1964451,
              24.9662701
            ],
            [
              121.1964354,
              24.966574
            ],
            [
              121.1965509,
              24.9665771
            ],
            [
              121.1965588,
              24.9663314
            ],
            [
              121.1967371,
              24.9663361
            ],
            [
              121.196718,
              24.9669265
            ],
            [
              121.196532,
              24.9669216
            ],
            [
              121.1965378,
              24.9667431
            ],
            [
              121.1964049,
              24.9667395
            ],
            [
              121.1964035,
              24.966781
            ],
            [
              121.1963576,
              24.9667797
            ],
            [
              121.19631,
              24.9667784
            ],
            [
              121.1963114,
              24.9667366
            ],
            [
              121.1962471,
              24.9667348
            ],
            [
              121.1962404,
              24.9667537
            ],
            [
              121.1961106,
              24.9667516
            ],
            [
              121.1961115,
              24.9667089
            ],
            [
              121.1960667,
              24.9667082
            ]
          ]
        ]
      },
      "properties": {
        "osm_id": 264560214,
        "name": "男13舍",
        "name_en": "",
        "building_type": "dormitory",
        "levels": 8,
        "height": 28.0,
        "addr": "",
        "operator": "",
        "min_height": 0.0,
        "mean_kw_raw": 0.0,
        "mean_kw": 0.0,
        "annual_kwh_raw": 0.0,
        "annual_mwh_raw": 0.0,
        "annual_kwh": 0.0,
        "annual_mwh": 0.0,
        "peak_kw": 0.0,
        "load_factor": 0.0,
        "eui_raw": 0.0,
        "eui": 0.0,
        "eui_kw_per_m2": 0.0,
        "energy_tier": "NORMAL",
        "tier_color": [
          240,
          196,
          25,
          220
        ],
        "meter_name": "",
        "meter_count": 0,
        "meter_role": "unmetered",
        "aggregation_method": "none",
        "split_policy": "none",
        "mass_balance_applied": false,
        "usage_profile": "default",
        "best_r2_oof": 0.0,
        "best_r_oof": 0.0,
        "best_cvrmse_oof": 0.0,
        "coverage_ratio": null,
        "physics_flags": "no_meter_data",
        "physics_corrected": false,
        "absolute_values_visible": false,
        "archetype_label": "Unmetered",
        "data_source": "無電表資料 (未估算)",
        "confidence_level": "none",
        "has_meter_data": false,
        "year_factor": 1.0,
        "data_year": 2016,
        "uid": "",
        "b_area": "",
        "b_floors": "",
        "b_type": "",
        "b_year": ""
      }
    },
    {
      "type": "Feature",
      "geometry": {
        "type": "Polygon",
        "coordinates": [
          [
            [
              121.1941065,
              24.9672731
            ],
            [
              121.194105,
              24.9675074
            ],
            [
              121.1945406,
              24.9675133
            ],
            [
              121.194974,
              24.967512
            ],
            [
              121.1949758,
              24.9672374
            ],
            [
              121.1948737,
              24.9672368
            ],
            [
              121.1948725,
              24.9674228
            ],
            [
              121.1946432,
              24.9674216
            ],
            [
              121.1946445,
              24.9672334
            ],
            [
              121.1945745,
              24.967233
            ],
            [
              121.1944977,
              24.9672328
            ],
            [
              121.1944558,
              24.9672326
            ],
            [
              121.1944546,
              24.9674156
            ],
            [
              121.1942353,
              24.9674144
            ],
            [
              121.1942362,
              24.9672738
            ],
            [
              121.1941065,
              24.9672731
            ]
          ]
        ]
      },
      "properties": {
        "osm_id": 268560615,
        "name": "地球科學院",
        "name_en": "",
        "building_type": "university",
        "levels": 3,
        "height": 10.5,
        "addr": "",
        "operator": "",
        "min_height": 0.0,
        "mean_kw_raw": 0.0,
        "mean_kw": 0.0,
        "annual_kwh_raw": 0.0,
        "annual_mwh_raw": 0.0,
        "annual_kwh": 0.0,
        "annual_mwh": 0.0,
        "peak_kw": 0.0,
        "load_factor": 0.0,
        "eui_raw": 0.0,
        "eui": 0.0,
        "eui_kw_per_m2": 0.0,
        "energy_tier": "NORMAL",
        "tier_color": [
          240,
          196,
          25,
          220
        ],
        "meter_name": "",
        "meter_count": 0,
        "meter_role": "unmetered",
        "aggregation_method": "none",
        "split_policy": "none",
        "mass_balance_applied": false,
        "usage_profile": "default",
        "best_r2_oof": 0.0,
        "best_r_oof": 0.0,
        "best_cvrmse_oof": 0.0,
        "coverage_ratio": null,
        "physics_flags": "no_meter_data",
        "physics_corrected": false,
        "absolute_values_visible": false,
        "archetype_label": "Unmetered",
        "data_source": "無電表資料 (未估算)",
        "confidence_level": "none",
        "has_meter_data": false,
        "year_factor": 1.0,
        "data_year": 2016,
        "uid": "",
        "b_area": "",
        "b_floors": "",
        "b_type": "",
        "b_year": ""
      }
    },
    {
      "type": "Feature",
      "geometry": {
        "type": "Polygon",
        "coordinates": [
          [
            [
              121.1940986,
              24.9671833
            ],
            [
              121.1944975,
              24.967182
            ],
            [
              121.1944977,
              24.9672328
            ],
            [
              121.1945745,
              24.967233
            ],
            [
              121.1945744,
              24.9671887
            ],
            [
              121.1949609,
              24.9671874
            ],
            [
              121.1949603,
              24.9670252
            ],
            [
              121.1945376,
              24.9670265
            ],
            [
              121.194098,
              24.9670279
            ],
            [
              121.1940986,
              24.9671833
            ]
          ]
        ]
      },
      "properties": {
        "osm_id": 268560616,
        "name": "地球科學院",
        "name_en": "",
        "building_type": "university",
        "levels": 3,
        "height": 10.5,
        "addr": "",
        "operator": "",
        "min_height": 0.0,
        "mean_kw_raw": 0.0,
        "mean_kw": 0.0,
        "annual_kwh_raw": 0.0,
        "annual_mwh_raw": 0.0,
        "annual_kwh": 0.0,
        "annual_mwh": 0.0,
        "peak_kw": 0.0,
        "load_factor": 0.0,
        "eui_raw": 0.0,
        "eui": 0.0,
        "eui_kw_per_m2": 0.0,
        "energy_tier": "NORMAL",
        "tier_color": [
          240,
          196,
          25,
          220
        ],
        "meter_name": "",
        "meter_count": 0,
        "meter_role": "unmetered",
        "aggregation_method": "none",
        "split_policy": "none",
        "mass_balance_applied": false,
        "usage_profile": "default",
        "best_r2_oof": 0.0,
        "best_r_oof": 0.0,
        "best_cvrmse_oof": 0.0,
        "coverage_ratio": null,
        "physics_flags": "no_meter_data",
        "physics_corrected": false,
        "absolute_values_visible": false,
        "archetype_label": "Unmetered",
        "data_source": "無電表資料 (未估算)",
        "confidence_level": "none",
        "has_meter_data": false,
        "year_factor": 1.0,
        "data_year": 2016,
        "uid": "",
        "b_area": "",
        "b_floors": "",
        "b_type": "",
        "b_year": ""
      }
    },
    {
      "type": "Feature",
      "geometry": {
        "type": "Polygon",
        "coordinates": [
          [
            [
              121.1949938,
              24.9658188
            ],
            [
              121.1949928,
              24.9656895
            ],
            [
              121.1949568,
              24.9656643
            ],
            [
              121.1947112,
              24.9656656
            ],
            [
              121.1947102,
              24.9655232
            ],
            [
              121.1951392,
              24.9655207
            ],
            [
              121.1951413,
              24.9658179
            ],
            [
              121.1949938,
              24.9658188
            ]
          ]
        ]
      },
      "properties": {
        "osm_id": 268561417,
        "name": "男十一舍",
        "name_en": "",
        "building_type": "dormitory",
        "levels": 3,
        "height": 10.5,
        "addr": "",
        "operator": "",
        "min_height": 0.0,
        "mean_kw_raw": 0.0,
        "mean_kw": 0.0,
        "annual_kwh_raw": 0.0,
        "annual_mwh_raw": 0.0,
        "annual_kwh": 0.0,
        "annual_mwh": 0.0,
        "peak_kw": 0.0,
        "load_factor": 0.0,
        "eui_raw": 0.0,
        "eui": 0.0,
        "eui_kw_per_m2": 0.0,
        "energy_tier": "NORMAL",
        "tier_color": [
          240,
          196,
          25,
          220
        ],
        "meter_name": "",
        "meter_count": 0,
        "meter_role": "unmetered",
        "aggregation_method": "none",
        "split_policy": "none",
        "mass_balance_applied": false,
        "usage_profile": "default",
        "best_r2_oof": 0.0,
        "best_r_oof": 0.0,
        "best_cvrmse_oof": 0.0,
        "coverage_ratio": null,
        "physics_flags": "no_meter_data",
        "physics_corrected": false,
        "absolute_values_visible": false,
        "archetype_label": "Unmetered",
        "data_source": "無電表資料 (未估算)",
        "confidence_level": "none",
        "has_meter_data": false,
        "year_factor": 1.0,
        "data_year": 2016,
        "uid": "",
        "b_area": "",
        "b_floors": "",
        "b_type": "",
        "b_year": ""
      }
    },
    {
      "type": "Feature",
      "geometry": {
        "type": "Polygon",
        "coordinates": [
          [
            [
              121.193995,
              24.9657066
            ],
            [
              121.1938282,
              24.9657083
            ],
            [
              121.1938286,
              24.9657695
            ],
            [
              121.1938209,
              24.9657836
            ],
            [
              121.193807,
              24.9657854
            ],
            [
              121.1937955,
              24.9657831
            ],
            [
              121.193787,
              24.9657712
            ],
            [
              121.1937869,
              24.9657104
            ],
            [
              121.1936485,
              24.9657129
            ],
            [
              121.1936507,
              24.96553
            ],
            [
              121.1939845,
              24.9655266
            ],
            [
              121.1939877,
              24.9655007
            ],
            [
              121.1940158,
              24.9655017
            ],
            [
              121.1940093,
              24.9656233
            ],
            [
              121.1939837,
              24.9656251
            ],
            [
              121.1939817,
              24.9656556
            ],
            [
              121.1940001,
              24.9656546
            ],
            [
              121.193995,
              24.9657066
            ]
          ]
        ]
      },
      "properties": {
        "osm_id": 268561418,
        "name": "志道樓",
        "name_en": "",
        "building_type": "university",
        "levels": 2,
        "height": 7.0,
        "addr": "",
        "operator": "",
        "min_height": 0.0,
        "mean_kw_raw": 0.0,
        "mean_kw": 0.0,
        "annual_kwh_raw": 0.0,
        "annual_mwh_raw": 0.0,
        "annual_kwh": 0.0,
        "annual_mwh": 0.0,
        "peak_kw": 0.0,
        "load_factor": 0.0,
        "eui_raw": 0.0,
        "eui": 0.0,
        "eui_kw_per_m2": 0.0,
        "energy_tier": "NORMAL",
        "tier_color": [
          240,
          196,
          25,
          220
        ],
        "meter_name": "",
        "meter_count": 0,
        "meter_role": "unmetered",
        "aggregation_method": "none",
        "split_policy": "none",
        "mass_balance_applied": false,
        "usage_profile": "default",
        "best_r2_oof": 0.0,
        "best_r_oof": 0.0,
        "best_cvrmse_oof": 0.0,
        "coverage_ratio": null,
        "physics_flags": "no_meter_data",
        "physics_corrected": false,
        "absolute_values_visible": false,
        "archetype_label": "Unmetered",
        "data_source": "無電表資料 (未估算)",
        "confidence_level": "none",
        "has_meter_data": false,
        "year_factor": 1.0,
        "data_year": 2016,
        "uid": "",
        "b_area": "",
        "b_floors": "",
        "b_type": "",
        "b_year": ""
      }
    },
    {
      "type": "Feature",
      "geometry": {
        "type": "Polygon",
        "coordinates": [
          [
            [
              121.1907461,
              24.9707347
            ],
            [
              121.1906167,
              24.9711816
            ],
            [
              121.1903745,
              24.9711339
            ],
            [
              121.1901052,
              24.971081
            ],
            [
              121.1901422,
              24.9709246
            ],
            [
              121.1901484,
              24.9706788
            ],
            [
              121.1903332,
              24.97069
            ],
            [
              121.1907461,
              24.9707347
            ]
          ]
        ]
      },
      "properties": {
        "osm_id": 268561421,
        "name": "客家學院",
        "name_en": "",
        "building_type": "university",
        "levels": 3,
        "height": 10.5,
        "addr": "",
        "operator": "",
        "min_height": 0.0,
        "mean_kw_raw": 0.0,
        "mean_kw": 0.0,
        "annual_kwh_raw": 0.0,
        "annual_mwh_raw": 0.0,
        "annual_kwh": 0.0,
        "annual_mwh": 0.0,
        "peak_kw": 0.0,
        "load_factor": 0.0,
        "eui_raw": 0.0,
        "eui": 0.0,
        "eui_kw_per_m2": 0.0,
        "energy_tier": "NORMAL",
        "tier_color": [
          240,
          196,
          25,
          220
        ],
        "meter_name": "",
        "meter_count": 0,
        "meter_role": "unmetered",
        "aggregation_method": "none",
        "split_policy": "none",
        "mass_balance_applied": false,
        "usage_profile": "default",
        "best_r2_oof": 0.0,
        "best_r_oof": 0.0,
        "best_cvrmse_oof": 0.0,
        "coverage_ratio": null,
        "physics_flags": "no_meter_data",
        "physics_corrected": false,
        "absolute_values_visible": false,
        "archetype_label": "Unmetered",
        "data_source": "無電表資料 (未估算)",
        "confidence_level": "none",
        "has_meter_data": false,
        "year_factor": 1.0,
        "data_year": 2016,
        "uid": "",
        "b_area": "",
        "b_floors": "",
        "b_type": "",
        "b_year": ""
      }
    },
    {
      "type": "Feature",
      "geometry": {
        "type": "Polygon",
        "coordinates": [
          [
            [
              121.1872823,
              24.968651
            ],
            [
              121.187856,
              24.9686542
            ],
            [
              121.1878575,
              24.968431
            ],
            [
              121.1877603,
              24.9684304
            ],
            [
              121.1877616,
              24.9682347
            ],
            [
              121.1878235,
              24.968235
            ],
            [
              121.1878246,
              24.9680689
            ],
            [
              121.1872487,
              24.9680658
            ],
            [
              121.1872475,
              24.9682405
            ],
            [
              121.1875966,
              24.9682424
            ],
            [
              121.1875953,
              24.9684383
            ],
            [
              121.1872837,
              24.9684366
            ],
            [
              121.1872823,
              24.968651
            ]
          ]
        ]
      },
      "properties": {
        "osm_id": 268561422,
        "name": "環工所",
        "name_en": "",
        "building_type": "university",
        "levels": 3,
        "height": 10.5,
        "addr": "",
        "operator": "",
        "min_height": 0.0,
        "mean_kw_raw": 0.0,
        "mean_kw": 0.0,
        "annual_kwh_raw": 0.0,
        "annual_mwh_raw": 0.0,
        "annual_kwh": 0.0,
        "annual_mwh": 0.0,
        "peak_kw": 0.0,
        "load_factor": 0.0,
        "eui_raw": 0.0,
        "eui": 0.0,
        "eui_kw_per_m2": 0.0,
        "energy_tier": "NORMAL",
        "tier_color": [
          240,
          196,
          25,
          220
        ],
        "meter_name": "",
        "meter_count": 0,
        "meter_role": "unmetered",
        "aggregation_method": "none",
        "split_policy": "none",
        "mass_balance_applied": false,
        "usage_profile": "default",
        "best_r2_oof": 0.0,
        "best_r_oof": 0.0,
        "best_cvrmse_oof": 0.0,
        "coverage_ratio": null,
        "physics_flags": "no_meter_data",
        "physics_corrected": false,
        "absolute_values_visible": false,
        "archetype_label": "Unmetered",
        "data_source": "無電表資料 (未估算)",
        "confidence_level": "none",
        "has_meter_data": false,
        "year_factor": 1.0,
        "data_year": 2016,
        "uid": "",
        "b_area": "",
        "b_floors": "",
        "b_type": "",
        "b_year": ""
      }
    },
    {
      "type": "Feature",
      "geometry": {
        "type": "Polygon",
        "coordinates": [
          [
            [
              121.1884151,
              24.9692223
            ],
            [
              121.1886629,
              24.9692206
            ],
            [
              121.1886636,
              24.9693067
            ],
            [
              121.18882,
              24.9693056
            ],
            [
              121.1888182,
              24.9690831
            ],
            [
              121.188414,
              24.9690857
            ],
            [
              121.1884151,
              24.9692223
            ]
          ]
        ]
      },
      "properties": {
        "osm_id": 268561932,
        "name": "土木品保中心",
        "name_en": "",
        "building_type": "university",
        "levels": 3,
        "height": 10.5,
        "addr": "",
        "operator": "",
        "min_height": 0.0,
        "mean_kw_raw": 0.0,
        "mean_kw": 0.0,
        "annual_kwh_raw": 0.0,
        "annual_mwh_raw": 0.0,
        "annual_kwh": 0.0,
        "annual_mwh": 0.0,
        "peak_kw": 0.0,
        "load_factor": 0.0,
        "eui_raw": 0.0,
        "eui": 0.0,
        "eui_kw_per_m2": 0.0,
        "energy_tier": "NORMAL",
        "tier_color": [
          240,
          196,
          25,
          220
        ],
        "meter_name": "",
        "meter_count": 0,
        "meter_role": "unmetered",
        "aggregation_method": "none",
        "split_policy": "none",
        "mass_balance_applied": false,
        "usage_profile": "default",
        "best_r2_oof": 0.0,
        "best_r_oof": 0.0,
        "best_cvrmse_oof": 0.0,
        "coverage_ratio": null,
        "physics_flags": "no_meter_data",
        "physics_corrected": false,
        "absolute_values_visible": false,
        "archetype_label": "Unmetered",
        "data_source": "無電表資料 (未估算)",
        "confidence_level": "none",
        "has_meter_data": false,
        "year_factor": 1.0,
        "data_year": 2016,
        "uid": "",
        "b_area": "",
        "b_floors": "",
        "b_type": "",
        "b_year": ""
      }
    },
    {
      "type": "Feature",
      "geometry": {
        "type": "Polygon",
        "coordinates": [
          [
            [
              121.1880619,
              24.9690549
            ],
            [
              121.1880585,
              24.9688159
            ],
            [
              121.1882055,
              24.9688142
            ],
            [
              121.1882041,
              24.9687153
            ],
            [
              121.1881629,
              24.9687157
            ],
            [
              121.1881599,
              24.9685035
            ],
            [
              121.1889716,
              24.9684942
            ],
            [
              121.1889794,
              24.9690443
            ],
            [
              121.1880619,
              24.9690549
            ]
          ]
        ]
      },
      "properties": {
        "osm_id": 268561934,
        "name": "大型力學實驗室",
        "name_en": "",
        "building_type": "university",
        "levels": 3,
        "height": 10.5,
        "addr": "",
        "operator": "",
        "min_height": 0.0,
        "mean_kw_raw": 0.0,
        "mean_kw": 0.0,
        "annual_kwh_raw": 0.0,
        "annual_mwh_raw": 0.0,
        "annual_kwh": 0.0,
        "annual_mwh": 0.0,
        "peak_kw": 0.0,
        "load_factor": 0.0,
        "eui_raw": 0.0,
        "eui": 0.0,
        "eui_kw_per_m2": 0.0,
        "energy_tier": "NORMAL",
        "tier_color": [
          240,
          196,
          25,
          220
        ],
        "meter_name": "",
        "meter_count": 0,
        "meter_role": "unmetered",
        "aggregation_method": "none",
        "split_policy": "none",
        "mass_balance_applied": false,
        "usage_profile": "default",
        "best_r2_oof": 0.0,
        "best_r_oof": 0.0,
        "best_cvrmse_oof": 0.0,
        "coverage_ratio": null,
        "physics_flags": "no_meter_data",
        "physics_corrected": false,
        "absolute_values_visible": false,
        "archetype_label": "Unmetered",
        "data_source": "無電表資料 (未估算)",
        "confidence_level": "none",
        "has_meter_data": false,
        "year_factor": 1.0,
        "data_year": 2016,
        "uid": "",
        "b_area": "",
        "b_floors": "",
        "b_type": "",
        "b_year": ""
      }
    },
    {
      "type": "Feature",
      "geometry": {
        "type": "Polygon",
        "coordinates": [
          [
            [
              121.1905561,
              24.9672247
            ],
            [
              121.1905561,
              24.9669308
            ],
            [
              121.1908336,
              24.9669308
            ],
            [
              121.1908336,
              24.9670427
            ],
            [
              121.1907145,
              24.9670427
            ],
            [
              121.1907145,
              24.9672247
            ],
            [
              121.1905561,
              24.9672247
            ]
          ]
        ]
      },
      "properties": {
        "osm_id": 268561936,
        "name": "松苑餐廳",
        "name_en": "",
        "building_type": "university",
        "levels": 3,
        "height": 10.5,
        "addr": "",
        "operator": "",
        "min_height": 0.0,
        "mean_kw_raw": 0.0,
        "mean_kw": 0.0,
        "annual_kwh_raw": 0.0,
        "annual_mwh_raw": 0.0,
        "annual_kwh": 0.0,
        "annual_mwh": 0.0,
        "peak_kw": 0.0,
        "load_factor": 0.0,
        "eui_raw": 0.0,
        "eui": 0.0,
        "eui_kw_per_m2": 0.0,
        "energy_tier": "NORMAL",
        "tier_color": [
          240,
          196,
          25,
          220
        ],
        "meter_name": "",
        "meter_count": 0,
        "meter_role": "unmetered",
        "aggregation_method": "none",
        "split_policy": "none",
        "mass_balance_applied": false,
        "usage_profile": "default",
        "best_r2_oof": 0.0,
        "best_r_oof": 0.0,
        "best_cvrmse_oof": 0.0,
        "coverage_ratio": null,
        "physics_flags": "no_meter_data",
        "physics_corrected": false,
        "absolute_values_visible": false,
        "archetype_label": "Unmetered",
        "data_source": "無電表資料 (未估算)",
        "confidence_level": "none",
        "has_meter_data": false,
        "year_factor": 1.0,
        "data_year": 2016,
        "uid": "",
        "b_area": "",
        "b_floors": "",
        "b_type": "",
        "b_year": ""
      }
    },
    {
      "type": "Feature",
      "geometry": {
        "type": "Polygon",
        "coordinates": [
          [
            [
              121.1867853,
              24.9672596
            ],
            [
              121.1867817,
              24.9670563
            ],
            [
              121.1875464,
              24.9670451
            ],
            [
              121.1875446,
              24.966944
            ],
            [
              121.1873851,
              24.9669463
            ],
            [
              121.1873859,
              24.9669922
            ],
            [
              121.1872945,
              24.9669934
            ],
            [
              121.1872938,
              24.966954
            ],
            [
              121.1867761,
              24.9669607
            ],
            [
              121.1867719,
              24.9666981
            ],
            [
              121.1868392,
              24.9666973
            ],
            [
              121.1868389,
              24.9666746
            ],
            [
              121.1872919,
              24.9666704
            ],
            [
              121.1872921,
              24.9666878
            ],
            [
              121.1873625,
              24.9666874
            ],
            [
              121.1873626,
              24.9667199
            ],
            [
              121.187645,
              24.966719
            ],
            [
              121.1876451,
              24.9667601
            ],
            [
              121.187828,
              24.9667598
            ],
            [
              121.1878284,
              24.9669406
            ],
            [
              121.1876506,
              24.9669409
            ],
            [
              121.1876508,
              24.9670343
            ],
            [
              121.1877228,
              24.9670341
            ],
            [
              121.1877478,
              24.9670507
            ],
            [
              121.1877449,
              24.9670713
            ],
            [
              121.1877901,
              24.9671004
            ],
            [
              121.1878157,
              24.9671585
            ],
            [
              121.1878101,
              24.9671976
            ],
            [
              121.1877951,
              24.9672288
            ],
            [
              121.1877442,
              24.9672783
            ],
            [
              121.1877052,
              24.9672902
            ],
            [
              121.1876318,
              24.9672832
            ],
            [
              121.1876196,
              24.9672665
            ],
            [
              121.1875778,
              24.9672671
            ],
            [
              121.1875787,
              24.9673164
            ],
            [
              121.1868612,
              24.9673272
            ],
            [
              121.1868605,
              24.9672841
            ],
            [
              121.1867991,
              24.967285
            ],
            [
              121.1867987,
              24.9672594
            ],
            [
              121.1867853,
              24.9672596
            ]
          ]
        ]
      },
      "properties": {
        "osm_id": 268561940,
        "name": "工程五館",
        "name_en": "",
        "building_type": "university",
        "levels": 3,
        "height": 10.5,
        "addr": "",
        "operator": "",
        "min_height": 0.0,
        "mean_kw_raw": 0.0,
        "mean_kw": 0.0,
        "annual_kwh_raw": 0.0,
        "annual_mwh_raw": 0.0,
        "annual_kwh": 0.0,
        "annual_mwh": 0.0,
        "peak_kw": 0.0,
        "load_factor": 0.0,
        "eui_raw": 0.0,
        "eui": 0.0,
        "eui_kw_per_m2": 0.0,
        "energy_tier": "NORMAL",
        "tier_color": [
          240,
          196,
          25,
          220
        ],
        "meter_name": "",
        "meter_count": 0,
        "meter_role": "unmetered",
        "aggregation_method": "none",
        "split_policy": "none",
        "mass_balance_applied": false,
        "usage_profile": "default",
        "best_r2_oof": 0.0,
        "best_r_oof": 0.0,
        "best_cvrmse_oof": 0.0,
        "coverage_ratio": null,
        "physics_flags": "no_meter_data",
        "physics_corrected": false,
        "absolute_values_visible": false,
        "archetype_label": "Unmetered",
        "data_source": "無電表資料 (未估算)",
        "confidence_level": "none",
        "has_meter_data": false,
        "year_factor": 1.0,
        "data_year": 2016,
        "uid": "",
        "b_area": "",
        "b_floors": "",
        "b_type": "",
        "b_year": ""
      }
    },
    {
      "type": "Feature",
      "geometry": {
        "type": "Polygon",
        "coordinates": [
          [
            [
              121.1873786,
              24.9666595
            ],
            [
              121.1873786,
              24.9665776
            ],
            [
              121.1874025,
              24.9665777
            ],
            [
              121.1874025,
              24.966547
            ],
            [
              121.1874152,
              24.966541
            ],
            [
              121.1874175,
              24.9664398
            ],
            [
              121.1874841,
              24.966441
            ],
            [
              121.1874847,
              24.9664126
            ],
            [
              121.1877213,
              24.9664171
            ],
            [
              121.1877263,
              24.9664337
            ],
            [
              121.1877918,
              24.9664337
            ],
            [
              121.1877918,
              24.9666596
            ],
            [
              121.1873786,
              24.9666595
            ]
          ]
        ]
      },
      "properties": {
        "osm_id": 268561943,
        "name": "前瞻科技研究中心",
        "name_en": "",
        "building_type": "university",
        "levels": 3,
        "height": 10.5,
        "addr": "",
        "operator": "",
        "min_height": 0.0,
        "mean_kw_raw": 0.0,
        "mean_kw": 0.0,
        "annual_kwh_raw": 0.0,
        "annual_mwh_raw": 0.0,
        "annual_kwh": 0.0,
        "annual_mwh": 0.0,
        "peak_kw": 0.0,
        "load_factor": 0.0,
        "eui_raw": 0.0,
        "eui": 0.0,
        "eui_kw_per_m2": 0.0,
        "energy_tier": "NORMAL",
        "tier_color": [
          240,
          196,
          25,
          220
        ],
        "meter_name": "",
        "meter_count": 0,
        "meter_role": "unmetered",
        "aggregation_method": "none",
        "split_policy": "none",
        "mass_balance_applied": false,
        "usage_profile": "default",
        "best_r2_oof": 0.0,
        "best_r_oof": 0.0,
        "best_cvrmse_oof": 0.0,
        "coverage_ratio": null,
        "physics_flags": "no_meter_data",
        "physics_corrected": false,
        "absolute_values_visible": false,
        "archetype_label": "Unmetered",
        "data_source": "無電表資料 (未估算)",
        "confidence_level": "none",
        "has_meter_data": false,
        "year_factor": 1.0,
        "data_year": 2016,
        "uid": "",
        "b_area": "",
        "b_floors": "",
        "b_type": "",
        "b_year": ""
      }
    },
    {
      "type": "Feature",
      "geometry": {
        "type": "Polygon",
        "coordinates": [
          [
            [
              121.1951831,
              24.9656931
            ],
            [
              121.1951817,
              24.9654831
            ],
            [
              121.1955689,
              24.9654809
            ],
            [
              121.1955692,
              24.965521
            ],
            [
              121.1957245,
              24.9655202
            ],
            [
              121.1957253,
              24.9656328
            ],
            [
              121.1956479,
              24.9656333
            ],
            [
              121.1956037,
              24.9656333
            ],
            [
              121.1955669,
              24.9656336
            ],
            [
              121.1955672,
              24.9656909
            ],
            [
              121.1951831,
              24.9656931
            ]
          ]
        ]
      },
      "properties": {
        "osm_id": 268824430,
        "name": "男七舍",
        "name_en": "",
        "building_type": "dormitory",
        "levels": 3,
        "height": 10.5,
        "addr": "",
        "operator": "",
        "min_height": 0.0,
        "mean_kw_raw": 0.0,
        "mean_kw": 0.0,
        "annual_kwh_raw": 0.0,
        "annual_mwh_raw": 0.0,
        "annual_kwh": 0.0,
        "annual_mwh": 0.0,
        "peak_kw": 0.0,
        "load_factor": 0.0,
        "eui_raw": 0.0,
        "eui": 0.0,
        "eui_kw_per_m2": 0.0,
        "energy_tier": "NORMAL",
        "tier_color": [
          240,
          196,
          25,
          220
        ],
        "meter_name": "",
        "meter_count": 0,
        "meter_role": "unmetered",
        "aggregation_method": "none",
        "split_policy": "none",
        "mass_balance_applied": false,
        "usage_profile": "default",
        "best_r2_oof": 0.0,
        "best_r_oof": 0.0,
        "best_cvrmse_oof": 0.0,
        "coverage_ratio": null,
        "physics_flags": "no_meter_data",
        "physics_corrected": false,
        "absolute_values_visible": false,
        "archetype_label": "Unmetered",
        "data_source": "無電表資料 (未估算)",
        "confidence_level": "none",
        "has_meter_data": false,
        "year_factor": 1.0,
        "data_year": 2016,
        "uid": "",
        "b_area": "",
        "b_floors": "",
        "b_type": "",
        "b_year": ""
      }
    },
    {
      "type": "Feature",
      "geometry": {
        "type": "Polygon",
        "coordinates": [
          [
            [
              121.1956036,
              24.9657277
            ],
            [
              121.1956037,
              24.9656333
            ],
            [
              121.1956479,
              24.9656333
            ],
            [
              121.1956478,
              24.9657277
            ],
            [
              121.1956036,
              24.9657277
            ]
          ]
        ]
      },
      "properties": {
        "osm_id": 268824431,
        "name": "",
        "name_en": "",
        "building_type": "dormitory",
        "levels": 3,
        "height": 10.5,
        "addr": "",
        "operator": "",
        "min_height": 0.0,
        "mean_kw_raw": 0.0,
        "mean_kw": 0.0,
        "annual_kwh_raw": 0.0,
        "annual_mwh_raw": 0.0,
        "annual_kwh": 0.0,
        "annual_mwh": 0.0,
        "peak_kw": 0.0,
        "load_factor": 0.0,
        "eui_raw": 0.0,
        "eui": 0.0,
        "eui_kw_per_m2": 0.0,
        "energy_tier": "NORMAL",
        "tier_color": [
          240,
          196,
          25,
          220
        ],
        "meter_name": "",
        "meter_count": 0,
        "meter_role": "unmetered",
        "aggregation_method": "none",
        "split_policy": "none",
        "mass_balance_applied": false,
        "usage_profile": "default",
        "best_r2_oof": 0.0,
        "best_r_oof": 0.0,
        "best_cvrmse_oof": 0.0,
        "coverage_ratio": null,
        "physics_flags": "no_meter_data",
        "physics_corrected": false,
        "absolute_values_visible": false,
        "archetype_label": "Unmetered",
        "data_source": "無電表資料 (未估算)",
        "confidence_level": "none",
        "has_meter_data": false,
        "year_factor": 1.0,
        "data_year": 2016,
        "uid": "",
        "b_area": "",
        "b_floors": "",
        "b_type": "",
        "b_year": ""
      }
    },
    {
      "type": "Feature",
      "geometry": {
        "type": "Polygon",
        "coordinates": [
          [
            [
              121.1955593,
              24.9658162
            ],
            [
              121.1955582,
              24.9657283
            ],
            [
              121.195826,
              24.9657256
            ],
            [
              121.195828,
              24.9658897
            ],
            [
              121.1957928,
              24.96589
            ],
            [
              121.1957925,
              24.9658678
            ],
            [
              121.1957051,
              24.9658686
            ],
            [
              121.1957056,
              24.9659112
            ],
            [
              121.1959411,
              24.9659089
            ],
            [
              121.1959427,
              24.9660475
            ],
            [
              121.1956673,
              24.9660503
            ],
            [
              121.1956657,
              24.9659099
            ],
            [
              121.1956316,
              24.9659102
            ],
            [
              121.1956311,
              24.9658625
            ],
            [
              121.1956063,
              24.9658627
            ],
            [
              121.1955593,
              24.9658162
            ]
          ]
        ]
      },
      "properties": {
        "osm_id": 268824432,
        "name": "男六舍",
        "name_en": "",
        "building_type": "dormitory",
        "levels": 3,
        "height": 10.5,
        "addr": "",
        "operator": "",
        "min_height": 0.0,
        "mean_kw_raw": 0.0,
        "mean_kw": 0.0,
        "annual_kwh_raw": 0.0,
        "annual_mwh_raw": 0.0,
        "annual_kwh": 0.0,
        "annual_mwh": 0.0,
        "peak_kw": 0.0,
        "load_factor": 0.0,
        "eui_raw": 0.0,
        "eui": 0.0,
        "eui_kw_per_m2": 0.0,
        "energy_tier": "NORMAL",
        "tier_color": [
          240,
          196,
          25,
          220
        ],
        "meter_name": "",
        "meter_count": 0,
        "meter_role": "unmetered",
        "aggregation_method": "none",
        "split_policy": "none",
        "mass_balance_applied": false,
        "usage_profile": "default",
        "best_r2_oof": 0.0,
        "best_r_oof": 0.0,
        "best_cvrmse_oof": 0.0,
        "coverage_ratio": null,
        "physics_flags": "no_meter_data",
        "physics_corrected": false,
        "absolute_values_visible": false,
        "archetype_label": "Unmetered",
        "data_source": "無電表資料 (未估算)",
        "confidence_level": "none",
        "has_meter_data": false,
        "year_factor": 1.0,
        "data_year": 2016,
        "uid": "",
        "b_area": "",
        "b_floors": "",
        "b_type": "",
        "b_year": ""
      }
    },
    {
      "type": "Feature",
      "geometry": {
        "type": "Polygon",
        "coordinates": [
          [
            [
              121.1957133,
              24.9663282
            ],
            [
              121.1958957,
              24.9661728
            ],
            [
              121.1960014,
              24.9661728
            ],
            [
              121.1960583,
              24.9661138
            ],
            [
              121.1961335,
              24.9661175
            ],
            [
              121.1961762,
              24.966158
            ],
            [
              121.1961742,
              24.9662299
            ],
            [
              121.1961986,
              24.9662465
            ],
            [
              121.1961925,
              24.9662907
            ],
            [
              121.1961782,
              24.966311
            ],
            [
              121.1962108,
              24.9663423
            ],
            [
              121.1962108,
              24.9664031
            ],
            [
              121.1961477,
              24.9664731
            ],
            [
              121.1960644,
              24.9664787
            ],
            [
              121.1960075,
              24.9664238
            ],
            [
              121.1959853,
              24.9664428
            ],
            [
              121.1959386,
              24.9663979
            ],
            [
              121.1958574,
              24.9664671
            ],
            [
              121.1957133,
              24.9663282
            ]
          ]
        ]
      },
      "properties": {
        "osm_id": 268824433,
        "name": "遊藝館",
        "name_en": "",
        "building_type": "university",
        "levels": 3,
        "height": 10.5,
        "addr": "",
        "operator": "",
        "min_height": 0.0,
        "mean_kw_raw": 0.0,
        "mean_kw": 0.0,
        "annual_kwh_raw": 0.0,
        "annual_mwh_raw": 0.0,
        "annual_kwh": 0.0,
        "annual_mwh": 0.0,
        "peak_kw": 0.0,
        "load_factor": 0.0,
        "eui_raw": 0.0,
        "eui": 0.0,
        "eui_kw_per_m2": 0.0,
        "energy_tier": "NORMAL",
        "tier_color": [
          240,
          196,
          25,
          220
        ],
        "meter_name": "",
        "meter_count": 0,
        "meter_role": "unmetered",
        "aggregation_method": "none",
        "split_policy": "none",
        "mass_balance_applied": false,
        "usage_profile": "default",
        "best_r2_oof": 0.0,
        "best_r_oof": 0.0,
        "best_cvrmse_oof": 0.0,
        "coverage_ratio": null,
        "physics_flags": "no_meter_data",
        "physics_corrected": false,
        "absolute_values_visible": false,
        "archetype_label": "Unmetered",
        "data_source": "無電表資料 (未估算)",
        "confidence_level": "none",
        "has_meter_data": false,
        "year_factor": 1.0,
        "data_year": 2016,
        "uid": "",
        "b_area": "",
        "b_floors": "",
        "b_type": "",
        "b_year": ""
      }
    },
    {
      "type": "Feature",
      "geometry": {
        "type": "Polygon",
        "coordinates": [
          [
            [
              121.1956885,
              24.9673084
            ],
            [
              121.1957547,
              24.9673049
            ],
            [
              121.1957583,
              24.967363
            ],
            [
              121.1958178,
              24.96736
            ],
            [
              121.1958158,
              24.9673287
            ],
            [
              121.1958808,
              24.9673254
            ],
            [
              121.1958796,
              24.967306
            ],
            [
              121.1960472,
              24.9672976
            ],
            [
              121.1960494,
              24.9673341
            ],
            [
              121.1961841,
              24.9673274
            ],
            [
              121.196181,
              24.9672761
            ],
            [
              121.1961999,
              24.9672752
            ],
            [
              121.19619,
              24.9671135
            ],
            [
              121.1961473,
              24.9671156
            ],
            [
              121.1961434,
              24.9670531
            ],
            [
              121.1960911,
              24.9670558
            ],
            [
              121.1960938,
              24.9671
            ],
            [
              121.1958427,
              24.9671129
            ],
            [
              121.1958399,
              24.9670695
            ],
            [
              121.1957917,
              24.967072
            ],
            [
              121.1957896,
              24.9670398
            ],
            [
              121.1957601,
              24.9670413
            ],
            [
              121.1957619,
              24.9670686
            ],
            [
              121.1956827,
              24.9670727
            ],
            [
              121.1956859,
              24.9671234
            ],
            [
              121.1956534,
              24.9671251
            ],
            [
              121.195662,
              24.9672612
            ],
            [
              121.1956854,
              24.9672599
            ],
            [
              121.1956885,
              24.9673084
            ]
          ]
        ]
      },
      "properties": {
        "osm_id": 268824890,
        "name": "大講堂",
        "name_en": "",
        "building_type": "university",
        "levels": 3,
        "height": 10.5,
        "addr": "",
        "operator": "",
        "min_height": 0.0,
        "mean_kw_raw": 0.0,
        "mean_kw": 0.0,
        "annual_kwh_raw": 0.0,
        "annual_mwh_raw": 0.0,
        "annual_kwh": 0.0,
        "annual_mwh": 0.0,
        "peak_kw": 0.0,
        "load_factor": 0.0,
        "eui_raw": 0.0,
        "eui": 0.0,
        "eui_kw_per_m2": 0.0,
        "energy_tier": "NORMAL",
        "tier_color": [
          240,
          196,
          25,
          220
        ],
        "meter_name": "",
        "meter_count": 0,
        "meter_role": "unmetered",
        "aggregation_method": "none",
        "split_policy": "none",
        "mass_balance_applied": false,
        "usage_profile": "default",
        "best_r2_oof": 0.0,
        "best_r_oof": 0.0,
        "best_cvrmse_oof": 0.0,
        "coverage_ratio": null,
        "physics_flags": "no_meter_data",
        "physics_corrected": false,
        "absolute_values_visible": false,
        "archetype_label": "Unmetered",
        "data_source": "無電表資料 (未估算)",
        "confidence_level": "none",
        "has_meter_data": false,
        "year_factor": 1.0,
        "data_year": 2016,
        "uid": "",
        "b_area": "",
        "b_floors": "",
        "b_type": "",
        "b_year": ""
      }
    },
    {
      "type": "Feature",
      "geometry": {
        "type": "Polygon",
        "coordinates": [
          [
            [
              121.1965694,
              24.967215
            ],
            [
              121.1966788,
              24.9672185
            ],
            [
              121.1966702,
              24.9674359
            ],
            [
              121.1965608,
              24.9674323
            ],
            [
              121.1965694,
              24.967215
            ]
          ]
        ]
      },
      "properties": {
        "osm_id": 268824891,
        "name": "高壓變電站",
        "name_en": "",
        "building_type": "university",
        "levels": 3,
        "height": 10.5,
        "addr": "",
        "operator": "",
        "min_height": 0.0,
        "mean_kw_raw": 0.0,
        "mean_kw": 0.0,
        "annual_kwh_raw": 0.0,
        "annual_mwh_raw": 0.0,
        "annual_kwh": 0.0,
        "annual_mwh": 0.0,
        "peak_kw": 0.0,
        "load_factor": 0.0,
        "eui_raw": 0.0,
        "eui": 0.0,
        "eui_kw_per_m2": 0.0,
        "energy_tier": "NORMAL",
        "tier_color": [
          240,
          196,
          25,
          220
        ],
        "meter_name": "",
        "meter_count": 0,
        "meter_role": "unmetered",
        "aggregation_method": "none",
        "split_policy": "none",
        "mass_balance_applied": false,
        "usage_profile": "default",
        "best_r2_oof": 0.0,
        "best_r_oof": 0.0,
        "best_cvrmse_oof": 0.0,
        "coverage_ratio": null,
        "physics_flags": "no_meter_data",
        "physics_corrected": false,
        "absolute_values_visible": false,
        "archetype_label": "Unmetered",
        "data_source": "無電表資料 (未估算)",
        "confidence_level": "none",
        "has_meter_data": false,
        "year_factor": 1.0,
        "data_year": 2016,
        "uid": "",
        "b_area": "",
        "b_floors": "",
        "b_type": "",
        "b_year": ""
      }
    },
    {
      "type": "Feature",
      "geometry": {
        "type": "Polygon",
        "coordinates": [
          [
            [
              121.1946408,
              24.9713449
            ],
            [
              121.1946397,
              24.971211
            ],
            [
              121.1950962,
              24.9712077
            ],
            [
              121.1950965,
              24.9712429
            ],
            [
              121.1951432,
              24.9712426
            ],
            [
              121.195144,
              24.9713413
            ],
            [
              121.1946408,
              24.9713449
            ]
          ]
        ]
      },
      "properties": {
        "osm_id": 268824892,
        "name": "男十二舍",
        "name_en": "",
        "building_type": "dormitory",
        "levels": 3,
        "height": 10.5,
        "addr": "",
        "operator": "",
        "min_height": 0.0,
        "mean_kw_raw": 0.0,
        "mean_kw": 0.0,
        "annual_kwh_raw": 0.0,
        "annual_mwh_raw": 0.0,
        "annual_kwh": 0.0,
        "annual_mwh": 0.0,
        "peak_kw": 0.0,
        "load_factor": 0.0,
        "eui_raw": 0.0,
        "eui": 0.0,
        "eui_kw_per_m2": 0.0,
        "energy_tier": "NORMAL",
        "tier_color": [
          240,
          196,
          25,
          220
        ],
        "meter_name": "",
        "meter_count": 0,
        "meter_role": "unmetered",
        "aggregation_method": "none",
        "split_policy": "none",
        "mass_balance_applied": false,
        "usage_profile": "default",
        "best_r2_oof": 0.0,
        "best_r_oof": 0.0,
        "best_cvrmse_oof": 0.0,
        "coverage_ratio": null,
        "physics_flags": "no_meter_data",
        "physics_corrected": false,
        "absolute_values_visible": false,
        "archetype_label": "Unmetered",
        "data_source": "無電表資料 (未估算)",
        "confidence_level": "none",
        "has_meter_data": false,
        "year_factor": 1.0,
        "data_year": 2016,
        "uid": "",
        "b_area": "",
        "b_floors": "",
        "b_type": "",
        "b_year": ""
      }
    },
    {
      "type": "Feature",
      "geometry": {
        "type": "Polygon",
        "coordinates": [
          [
            [
              121.1939728,
              24.9662033
            ],
            [
              121.1939719,
              24.9661162
            ],
            [
              121.1940286,
              24.9661157
            ],
            [
              121.1940281,
              24.9660693
            ],
            [
              121.1943248,
              24.966067
            ],
            [
              121.1943252,
              24.9661098
            ],
            [
              121.1946768,
              24.966107
            ],
            [
              121.1946764,
              24.9660605
            ],
            [
              121.1949117,
              24.9660587
            ],
            [
              121.1949128,
              24.966191
            ],
            [
              121.1946788,
              24.9661913
            ],
            [
              121.1946794,
              24.9662519
            ],
            [
              121.1942762,
              24.9662551
            ],
            [
              121.1942757,
              24.9662009
            ],
            [
              121.1939728,
              24.9662033
            ]
          ]
        ]
      },
      "properties": {
        "osm_id": 268840856,
        "name": "國際學生宿舍",
        "name_en": "",
        "building_type": "dormitory",
        "levels": 3,
        "height": 10.5,
        "addr": "",
        "operator": "",
        "min_height": 0.0,
        "mean_kw_raw": 0.0,
        "mean_kw": 0.0,
        "annual_kwh_raw": 0.0,
        "annual_mwh_raw": 0.0,
        "annual_kwh": 0.0,
        "annual_mwh": 0.0,
        "peak_kw": 0.0,
        "load_factor": 0.0,
        "eui_raw": 0.0,
        "eui": 0.0,
        "eui_kw_per_m2": 0.0,
        "energy_tier": "NORMAL",
        "tier_color": [
          240,
          196,
          25,
          220
        ],
        "meter_name": "",
        "meter_count": 0,
        "meter_role": "unmetered",
        "aggregation_method": "none",
        "split_policy": "none",
        "mass_balance_applied": false,
        "usage_profile": "default",
        "best_r2_oof": 0.0,
        "best_r_oof": 0.0,
        "best_cvrmse_oof": 0.0,
        "coverage_ratio": null,
        "physics_flags": "no_meter_data",
        "physics_corrected": false,
        "absolute_values_visible": false,
        "archetype_label": "Unmetered",
        "data_source": "無電表資料 (未估算)",
        "confidence_level": "none",
        "has_meter_data": false,
        "year_factor": 1.0,
        "data_year": 2016,
        "uid": "",
        "b_area": "",
        "b_floors": "",
        "b_type": "",
        "b_year": ""
      }
    },
    {
      "type": "Feature",
      "geometry": {
        "type": "Polygon",
        "coordinates": [
          [
            [
              121.1949962,
              24.9661898
            ],
            [
              121.1949964,
              24.966269
            ],
            [
              121.1953837,
              24.9662681
            ],
            [
              121.1953835,
              24.9661881
            ],
            [
              121.1953419,
              24.9661882
            ],
            [
              121.1953418,
              24.9661556
            ],
            [
              121.1953664,
              24.9661556
            ],
            [
              121.1953663,
              24.966101
            ],
            [
              121.1953299,
              24.966101
            ],
            [
              121.1953299,
              24.9660876
            ],
            [
              121.1953821,
              24.9660875
            ],
            [
              121.1953818,
              24.9659628
            ],
            [
              121.1953272,
              24.9659629
            ],
            [
              121.1953271,
              24.9659243
            ],
            [
              121.1952617,
              24.9659244
            ],
            [
              121.1952617,
              24.9659447
            ],
            [
              121.1952298,
              24.9659448
            ],
            [
              121.1952301,
              24.9660797
            ],
            [
              121.195275,
              24.9660796
            ],
            [
              121.1952751,
              24.9661118
            ],
            [
              121.1952475,
              24.9661119
            ],
            [
              121.1952476,
              24.9661447
            ],
            [
              121.1952818,
              24.9661447
            ],
            [
              121.1952819,
              24.9661892
            ],
            [
              121.1949962,
              24.9661898
            ]
          ]
        ]
      },
      "properties": {
        "osm_id": 268840857,
        "name": "男五舍",
        "name_en": "",
        "building_type": "dormitory",
        "levels": 3,
        "height": 10.5,
        "addr": "",
        "operator": "",
        "min_height": 0.0,
        "mean_kw_raw": 0.0,
        "mean_kw": 0.0,
        "annual_kwh_raw": 0.0,
        "annual_mwh_raw": 0.0,
        "annual_kwh": 0.0,
        "annual_mwh": 0.0,
        "peak_kw": 0.0,
        "load_factor": 0.0,
        "eui_raw": 0.0,
        "eui": 0.0,
        "eui_kw_per_m2": 0.0,
        "energy_tier": "NORMAL",
        "tier_color": [
          240,
          196,
          25,
          220
        ],
        "meter_name": "",
        "meter_count": 0,
        "meter_role": "unmetered",
        "aggregation_method": "none",
        "split_policy": "none",
        "mass_balance_applied": false,
        "usage_profile": "default",
        "best_r2_oof": 0.0,
        "best_r_oof": 0.0,
        "best_cvrmse_oof": 0.0,
        "coverage_ratio": null,
        "physics_flags": "no_meter_data",
        "physics_corrected": false,
        "absolute_values_visible": false,
        "archetype_label": "Unmetered",
        "data_source": "無電表資料 (未估算)",
        "confidence_level": "none",
        "has_meter_data": false,
        "year_factor": 1.0,
        "data_year": 2016,
        "uid": "",
        "b_area": "",
        "b_floors": "",
        "b_type": "",
        "b_year": ""
      }
    },
    {
      "type": "Feature",
      "geometry": {
        "type": "Polygon",
        "coordinates": [
          [
            [
              121.1958032,
              24.9669262
            ],
            [
              121.195838,
              24.966869
            ],
            [
              121.1958353,
              24.9667961
            ],
            [
              121.1957602,
              24.9666928
            ],
            [
              121.1958648,
              24.9665663
            ],
            [
              121.1958823,
              24.9665845
            ],
            [
              121.1959493,
              24.9665833
            ],
            [
              121.1960191,
              24.9666879
            ],
            [
              121.1959815,
              24.9667134
            ],
            [
              121.1960231,
              24.9667633
            ],
            [
              121.1959627,
              24.9668544
            ],
            [
              121.1959976,
              24.9669213
            ],
            [
              121.1959332,
              24.9669529
            ],
            [
              121.1958045,
              24.9669554
            ],
            [
              121.1958032,
              24.9669262
            ]
          ]
        ]
      },
      "properties": {
        "osm_id": 268840858,
        "name": "據德樓",
        "name_en": "",
        "building_type": "university",
        "levels": 3,
        "height": 10.5,
        "addr": "",
        "operator": "",
        "min_height": 0.0,
        "mean_kw_raw": 0.0,
        "mean_kw": 0.0,
        "annual_kwh_raw": 0.0,
        "annual_mwh_raw": 0.0,
        "annual_kwh": 0.0,
        "annual_mwh": 0.0,
        "peak_kw": 0.0,
        "load_factor": 0.0,
        "eui_raw": 0.0,
        "eui": 0.0,
        "eui_kw_per_m2": 0.0,
        "energy_tier": "NORMAL",
        "tier_color": [
          240,
          196,
          25,
          220
        ],
        "meter_name": "",
        "meter_count": 0,
        "meter_role": "unmetered",
        "aggregation_method": "none",
        "split_policy": "none",
        "mass_balance_applied": false,
        "usage_profile": "default",
        "best_r2_oof": 0.0,
        "best_r_oof": 0.0,
        "best_cvrmse_oof": 0.0,
        "coverage_ratio": null,
        "physics_flags": "no_meter_data",
        "physics_corrected": false,
        "absolute_values_visible": false,
        "archetype_label": "Unmetered",
        "data_source": "無電表資料 (未估算)",
        "confidence_level": "none",
        "has_meter_data": false,
        "year_factor": 1.0,
        "data_year": 2016,
        "uid": "",
        "b_area": "",
        "b_floors": "",
        "b_type": "",
        "b_year": ""
      }
    },
    {
      "type": "Feature",
      "geometry": {
        "type": "Polygon",
        "coordinates": [
          [
            [
              121.1922398,
              24.9673017
            ],
            [
              121.1922443,
              24.9678198
            ],
            [
              121.1924688,
              24.9678182
            ],
            [
              121.1924685,
              24.9677935
            ],
            [
              121.1929882,
              24.9677898
            ],
            [
              121.1929886,
              24.9678308
            ],
            [
              121.1931214,
              24.9678299
            ],
            [
              121.1931144,
              24.9670127
            ],
            [
              121.1922349,
              24.9670189
            ],
            [
              121.1922369,
              24.9672601
            ],
            [
              121.1924165,
              24.9672589
            ],
            [
              121.1924157,
              24.9671695
            ],
            [
              121.1929403,
              24.9671658
            ],
            [
              121.192941,
              24.9672478
            ],
            [
              121.1929964,
              24.9672474
            ],
            [
              121.1930001,
              24.9676761
            ],
            [
              121.1924659,
              24.9676799
            ],
            [
              121.1924631,
              24.967362
            ],
            [
              121.1924871,
              24.9673618
            ],
            [
              121.1924865,
              24.9673
            ],
            [
              121.1922398,
              24.9673017
            ]
          ]
        ]
      },
      "properties": {
        "osm_id": 268841451,
        "name": "工程一館",
        "name_en": "",
        "building_type": "university",
        "levels": 3,
        "height": 10.5,
        "addr": "",
        "operator": "",
        "min_height": 0.0,
        "mean_kw_raw": 0.0,
        "mean_kw": 0.0,
        "annual_kwh_raw": 0.0,
        "annual_mwh_raw": 0.0,
        "annual_kwh": 0.0,
        "annual_mwh": 0.0,
        "peak_kw": 0.0,
        "load_factor": 0.0,
        "eui_raw": 0.0,
        "eui": 0.0,
        "eui_kw_per_m2": 0.0,
        "energy_tier": "NORMAL",
        "tier_color": [
          240,
          196,
          25,
          220
        ],
        "meter_name": "",
        "meter_count": 0,
        "meter_role": "unmetered",
        "aggregation_method": "none",
        "split_policy": "none",
        "mass_balance_applied": false,
        "usage_profile": "default",
        "best_r2_oof": 0.0,
        "best_r_oof": 0.0,
        "best_cvrmse_oof": 0.0,
        "coverage_ratio": null,
        "physics_flags": "no_meter_data",
        "physics_corrected": false,
        "absolute_values_visible": false,
        "archetype_label": "Unmetered",
        "data_source": "無電表資料 (未估算)",
        "confidence_level": "none",
        "has_meter_data": false,
        "year_factor": 1.0,
        "data_year": 2016,
        "uid": "",
        "b_area": "",
        "b_floors": "",
        "b_type": "",
        "b_year": ""
      }
    },
    {
      "type": "Feature",
      "geometry": {
        "type": "Polygon",
        "coordinates": [
          [
            [
              121.192569,
              24.9674562
            ],
            [
              121.1925727,
              24.9672373
            ],
            [
              121.1927839,
              24.9672403
            ],
            [
              121.1927801,
              24.9674592
            ],
            [
              121.192569,
              24.9674562
            ]
          ]
        ]
      },
      "properties": {
        "osm_id": 268841452,
        "name": "",
        "name_en": "",
        "building_type": "university",
        "levels": 3,
        "height": 10.5,
        "addr": "",
        "operator": "",
        "min_height": 0.0,
        "mean_kw_raw": 0.0,
        "mean_kw": 0.0,
        "annual_kwh_raw": 0.0,
        "annual_mwh_raw": 0.0,
        "annual_kwh": 0.0,
        "annual_mwh": 0.0,
        "peak_kw": 0.0,
        "load_factor": 0.0,
        "eui_raw": 0.0,
        "eui": 0.0,
        "eui_kw_per_m2": 0.0,
        "energy_tier": "NORMAL",
        "tier_color": [
          240,
          196,
          25,
          220
        ],
        "meter_name": "",
        "meter_count": 0,
        "meter_role": "unmetered",
        "aggregation_method": "none",
        "split_policy": "none",
        "mass_balance_applied": false,
        "usage_profile": "default",
        "best_r2_oof": 0.0,
        "best_r_oof": 0.0,
        "best_cvrmse_oof": 0.0,
        "coverage_ratio": null,
        "physics_flags": "no_meter_data",
        "physics_corrected": false,
        "absolute_values_visible": false,
        "archetype_label": "Unmetered",
        "data_source": "無電表資料 (未估算)",
        "confidence_level": "none",
        "has_meter_data": false,
        "year_factor": 1.0,
        "data_year": 2016,
        "uid": "",
        "b_area": "",
        "b_floors": "",
        "b_type": "",
        "b_year": ""
      }
    },
    {
      "type": "Feature",
      "geometry": {
        "type": "Polygon",
        "coordinates": [
          [
            [
              121.1913844,
              24.9672219
            ],
            [
              121.1913812,
              24.9670571
            ],
            [
              121.191999,
              24.9670472
            ],
            [
              121.1920121,
              24.9677184
            ],
            [
              121.1917188,
              24.9677231
            ],
            [
              121.1917153,
              24.9675465
            ],
            [
              121.1918265,
              24.9675447
            ],
            [
              121.1918227,
              24.9673468
            ],
            [
              121.1918746,
              24.9673459
            ],
            [
              121.191872,
              24.9672141
            ],
            [
              121.1913844,
              24.9672219
            ]
          ]
        ]
      },
      "properties": {
        "osm_id": 268841453,
        "name": "通訊系",
        "name_en": "",
        "building_type": "university",
        "levels": 3,
        "height": 10.5,
        "addr": "",
        "operator": "",
        "min_height": 0.0,
        "mean_kw_raw": 0.0,
        "mean_kw": 0.0,
        "annual_kwh_raw": 0.0,
        "annual_mwh_raw": 0.0,
        "annual_kwh": 0.0,
        "annual_mwh": 0.0,
        "peak_kw": 0.0,
        "load_factor": 0.0,
        "eui_raw": 0.0,
        "eui": 0.0,
        "eui_kw_per_m2": 0.0,
        "energy_tier": "NORMAL",
        "tier_color": [
          240,
          196,
          25,
          220
        ],
        "meter_name": "",
        "meter_count": 0,
        "meter_role": "unmetered",
        "aggregation_method": "none",
        "split_policy": "none",
        "mass_balance_applied": false,
        "usage_profile": "default",
        "best_r2_oof": 0.0,
        "best_r_oof": 0.0,
        "best_cvrmse_oof": 0.0,
        "coverage_ratio": null,
        "physics_flags": "no_meter_data",
        "physics_corrected": false,
        "absolute_values_visible": false,
        "archetype_label": "Unmetered",
        "data_source": "無電表資料 (未估算)",
        "confidence_level": "none",
        "has_meter_data": false,
        "year_factor": 1.0,
        "data_year": 2016,
        "uid": "",
        "b_area": "",
        "b_floors": "",
        "b_type": "",
        "b_year": ""
      }
    },
    {
      "type": "Feature",
      "geometry": {
        "type": "Polygon",
        "coordinates": [
          [
            [
              121.1913627,
              24.967034
            ],
            [
              121.1912663,
              24.9670352
            ],
            [
              121.1912793,
              24.9679211
            ],
            [
              121.1913385,
              24.9679204
            ],
            [
              121.1913389,
              24.9679469
            ],
            [
              121.1913813,
              24.9679464
            ],
            [
              121.1913782,
              24.9677308
            ],
            [
              121.1914944,
              24.9677294
            ],
            [
              121.1914908,
              24.9674814
            ],
            [
              121.1915729,
              24.9674805
            ],
            [
              121.1915697,
              24.9672616
            ],
            [
              121.1913661,
              24.967264
            ],
            [
              121.1913627,
              24.967034
            ]
          ]
        ]
      },
      "properties": {
        "osm_id": 268841454,
        "name": "電機系",
        "name_en": "",
        "building_type": "university",
        "levels": 3,
        "height": 10.5,
        "addr": "",
        "operator": "",
        "min_height": 0.0,
        "mean_kw_raw": 0.0,
        "mean_kw": 0.0,
        "annual_kwh_raw": 0.0,
        "annual_mwh_raw": 0.0,
        "annual_kwh": 0.0,
        "annual_mwh": 0.0,
        "peak_kw": 0.0,
        "load_factor": 0.0,
        "eui_raw": 0.0,
        "eui": 0.0,
        "eui_kw_per_m2": 0.0,
        "energy_tier": "NORMAL",
        "tier_color": [
          240,
          196,
          25,
          220
        ],
        "meter_name": "",
        "meter_count": 0,
        "meter_role": "unmetered",
        "aggregation_method": "none",
        "split_policy": "none",
        "mass_balance_applied": false,
        "usage_profile": "default",
        "best_r2_oof": 0.0,
        "best_r_oof": 0.0,
        "best_cvrmse_oof": 0.0,
        "coverage_ratio": null,
        "physics_flags": "no_meter_data",
        "physics_corrected": false,
        "absolute_values_visible": false,
        "archetype_label": "Unmetered",
        "data_source": "無電表資料 (未估算)",
        "confidence_level": "none",
        "has_meter_data": false,
        "year_factor": 1.0,
        "data_year": 2016,
        "uid": "",
        "b_area": "",
        "b_floors": "",
        "b_type": "",
        "b_year": ""
      }
    },
    {
      "type": "Feature",
      "geometry": {
        "type": "Polygon",
        "coordinates": [
          [
            [
              121.1914149,
              24.967902
            ],
            [
              121.1914121,
              24.967761
            ],
            [
              121.1916614,
              24.9677569
            ],
            [
              121.191662,
              24.967788
            ],
            [
              121.1920153,
              24.9677822
            ],
            [
              121.1920175,
              24.9678921
            ],
            [
              121.1914149,
              24.967902
            ]
          ]
        ]
      },
      "properties": {
        "osm_id": 268841455,
        "name": "資策會",
        "name_en": "",
        "building_type": "university",
        "levels": 3,
        "height": 10.5,
        "addr": "",
        "operator": "",
        "min_height": 0.0,
        "mean_kw_raw": 0.0,
        "mean_kw": 0.0,
        "annual_kwh_raw": 0.0,
        "annual_mwh_raw": 0.0,
        "annual_kwh": 0.0,
        "annual_mwh": 0.0,
        "peak_kw": 0.0,
        "load_factor": 0.0,
        "eui_raw": 0.0,
        "eui": 0.0,
        "eui_kw_per_m2": 0.0,
        "energy_tier": "NORMAL",
        "tier_color": [
          240,
          196,
          25,
          220
        ],
        "meter_name": "",
        "meter_count": 0,
        "meter_role": "unmetered",
        "aggregation_method": "none",
        "split_policy": "none",
        "mass_balance_applied": false,
        "usage_profile": "default",
        "best_r2_oof": 0.0,
        "best_r_oof": 0.0,
        "best_cvrmse_oof": 0.0,
        "coverage_ratio": null,
        "physics_flags": "no_meter_data",
        "physics_corrected": false,
        "absolute_values_visible": false,
        "archetype_label": "Unmetered",
        "data_source": "無電表資料 (未估算)",
        "confidence_level": "none",
        "has_meter_data": false,
        "year_factor": 1.0,
        "data_year": 2016,
        "uid": "",
        "b_area": "",
        "b_floors": "",
        "b_type": "",
        "b_year": ""
      }
    },
    {
      "type": "Feature",
      "geometry": {
        "type": "Polygon",
        "coordinates": [
          [
            [
              121.191019,
              24.9677569
            ],
            [
              121.1910341,
              24.9689226
            ],
            [
              121.1905353,
              24.9689279
            ],
            [
              121.19052,
              24.9677622
            ],
            [
              121.191019,
              24.9677569
            ]
          ]
        ]
      },
      "properties": {
        "osm_id": 268841456,
        "name": "依仁堂",
        "name_en": "",
        "building_type": "university",
        "levels": 3,
        "height": 10.5,
        "addr": "",
        "operator": "",
        "min_height": 0.0,
        "mean_kw_raw": 0.0,
        "mean_kw": 0.0,
        "annual_kwh_raw": 0.0,
        "annual_mwh_raw": 0.0,
        "annual_kwh": 0.0,
        "annual_mwh": 0.0,
        "peak_kw": 0.0,
        "load_factor": 0.0,
        "eui_raw": 0.0,
        "eui": 0.0,
        "eui_kw_per_m2": 0.0,
        "energy_tier": "NORMAL",
        "tier_color": [
          240,
          196,
          25,
          220
        ],
        "meter_name": "",
        "meter_count": 0,
        "meter_role": "unmetered",
        "aggregation_method": "none",
        "split_policy": "none",
        "mass_balance_applied": false,
        "usage_profile": "default",
        "best_r2_oof": 0.0,
        "best_r_oof": 0.0,
        "best_cvrmse_oof": 0.0,
        "coverage_ratio": null,
        "physics_flags": "no_meter_data",
        "physics_corrected": false,
        "absolute_values_visible": false,
        "archetype_label": "Unmetered",
        "data_source": "無電表資料 (未估算)",
        "confidence_level": "none",
        "has_meter_data": false,
        "year_factor": 1.0,
        "data_year": 2016,
        "uid": "",
        "b_area": "",
        "b_floors": "",
        "b_type": "",
        "b_year": ""
      }
    },
    {
      "type": "Feature",
      "geometry": {
        "type": "Polygon",
        "coordinates": [
          [
            [
              121.1915245,
              24.9664711
            ],
            [
              121.1915253,
              24.9664255
            ],
            [
              121.1914974,
              24.9664251
            ],
            [
              121.1914986,
              24.9663547
            ],
            [
              121.1915326,
              24.9663552
            ],
            [
              121.191533,
              24.9663314
            ],
            [
              121.1919937,
              24.9663377
            ],
            [
              121.1919931,
              24.9663704
            ],
            [
              121.192014,
              24.9663707
            ],
            [
              121.1920128,
              24.9664423
            ],
            [
              121.1919934,
              24.9664471
            ],
            [
              121.1919929,
              24.9664774
            ],
            [
              121.1915245,
              24.9664711
            ]
          ]
        ]
      },
      "properties": {
        "osm_id": 268843079,
        "name": "女二舍",
        "name_en": "",
        "building_type": "dormitory",
        "levels": 3,
        "height": 10.5,
        "addr": "",
        "operator": "",
        "min_height": 0.0,
        "mean_kw_raw": 0.0,
        "mean_kw": 0.0,
        "annual_kwh_raw": 0.0,
        "annual_mwh_raw": 0.0,
        "annual_kwh": 0.0,
        "annual_mwh": 0.0,
        "peak_kw": 0.0,
        "load_factor": 0.0,
        "eui_raw": 0.0,
        "eui": 0.0,
        "eui_kw_per_m2": 0.0,
        "energy_tier": "NORMAL",
        "tier_color": [
          240,
          196,
          25,
          220
        ],
        "meter_name": "",
        "meter_count": 0,
        "meter_role": "unmetered",
        "aggregation_method": "none",
        "split_policy": "none",
        "mass_balance_applied": false,
        "usage_profile": "default",
        "best_r2_oof": 0.0,
        "best_r_oof": 0.0,
        "best_cvrmse_oof": 0.0,
        "coverage_ratio": null,
        "physics_flags": "no_meter_data",
        "physics_corrected": false,
        "absolute_values_visible": false,
        "archetype_label": "Unmetered",
        "data_source": "無電表資料 (未估算)",
        "confidence_level": "none",
        "has_meter_data": false,
        "year_factor": 1.0,
        "data_year": 2016,
        "uid": "",
        "b_area": "",
        "b_floors": "",
        "b_type": "",
        "b_year": ""
      }
    },
    {
      "type": "Feature",
      "geometry": {
        "type": "Polygon",
        "coordinates": [
          [
            [
              121.1915204,
              24.966255
            ],
            [
              121.1915203,
              24.9662151
            ],
            [
              121.1914972,
              24.9662152
            ],
            [
              121.191497,
              24.9661727
            ],
            [
              121.1915217,
              24.9661727
            ],
            [
              121.1915216,
              24.9661373
            ],
            [
              121.1916916,
              24.9661367
            ],
            [
              121.1916915,
              24.9661298
            ],
            [
              121.1917284,
              24.9661297
            ],
            [
              121.1917285,
              24.9661379
            ],
            [
              121.1919704,
              24.9661374
            ],
            [
              121.1919706,
              24.966197
            ],
            [
              121.1920047,
              24.9661971
            ],
            [
              121.1920046,
              24.9662234
            ],
            [
              121.1919658,
              24.9662235
            ],
            [
              121.1919659,
              24.9662533
            ],
            [
              121.1915204,
              24.966255
            ]
          ]
        ]
      },
      "properties": {
        "osm_id": 268843080,
        "name": "女四舍",
        "name_en": "",
        "building_type": "dormitory",
        "levels": 3,
        "height": 10.5,
        "addr": "",
        "operator": "",
        "min_height": 0.0,
        "mean_kw_raw": 0.0,
        "mean_kw": 0.0,
        "annual_kwh_raw": 0.0,
        "annual_mwh_raw": 0.0,
        "annual_kwh": 0.0,
        "annual_mwh": 0.0,
        "peak_kw": 0.0,
        "load_factor": 0.0,
        "eui_raw": 0.0,
        "eui": 0.0,
        "eui_kw_per_m2": 0.0,
        "energy_tier": "NORMAL",
        "tier_color": [
          240,
          196,
          25,
          220
        ],
        "meter_name": "",
        "meter_count": 0,
        "meter_role": "unmetered",
        "aggregation_method": "none",
        "split_policy": "none",
        "mass_balance_applied": false,
        "usage_profile": "default",
        "best_r2_oof": 0.0,
        "best_r_oof": 0.0,
        "best_cvrmse_oof": 0.0,
        "coverage_ratio": null,
        "physics_flags": "no_meter_data",
        "physics_corrected": false,
        "absolute_values_visible": false,
        "archetype_label": "Unmetered",
        "data_source": "無電表資料 (未估算)",
        "confidence_level": "none",
        "has_meter_data": false,
        "year_factor": 1.0,
        "data_year": 2016,
        "uid": "",
        "b_area": "",
        "b_floors": "",
        "b_type": "",
        "b_year": ""
      }
    },
    {
      "type": "Feature",
      "geometry": {
        "type": "Polygon",
        "coordinates": [
          [
            [
              121.1921384,
              24.966249
            ],
            [
              121.1921382,
              24.9662364
            ],
            [
              121.1921095,
              24.9662366
            ],
            [
              121.192109,
              24.9661921
            ],
            [
              121.1921479,
              24.9661918
            ],
            [
              121.1921478,
              24.9661812
            ],
            [
              121.192596,
              24.9661768
            ],
            [
              121.1925963,
              24.966199
            ],
            [
              121.1926196,
              24.9661987
            ],
            [
              121.1926218,
              24.9663429
            ],
            [
              121.1926217,
              24.9663727
            ],
            [
              121.1925979,
              24.9663729
            ],
            [
              121.1925974,
              24.9663274
            ],
            [
              121.1925511,
              24.9663279
            ],
            [
              121.1925504,
              24.9662747
            ],
            [
              121.1925627,
              24.9662745
            ],
            [
              121.1925624,
              24.966245
            ],
            [
              121.1921384,
              24.966249
            ]
          ]
        ]
      },
      "properties": {
        "osm_id": 268843081,
        "name": "女三舍",
        "name_en": "",
        "building_type": "dormitory",
        "levels": 3,
        "height": 10.5,
        "addr": "",
        "operator": "",
        "min_height": 0.0,
        "mean_kw_raw": 0.0,
        "mean_kw": 0.0,
        "annual_kwh_raw": 0.0,
        "annual_mwh_raw": 0.0,
        "annual_kwh": 0.0,
        "annual_mwh": 0.0,
        "peak_kw": 0.0,
        "load_factor": 0.0,
        "eui_raw": 0.0,
        "eui": 0.0,
        "eui_kw_per_m2": 0.0,
        "energy_tier": "NORMAL",
        "tier_color": [
          240,
          196,
          25,
          220
        ],
        "meter_name": "",
        "meter_count": 0,
        "meter_role": "unmetered",
        "aggregation_method": "none",
        "split_policy": "none",
        "mass_balance_applied": false,
        "usage_profile": "default",
        "best_r2_oof": 0.0,
        "best_r_oof": 0.0,
        "best_cvrmse_oof": 0.0,
        "coverage_ratio": null,
        "physics_flags": "no_meter_data",
        "physics_corrected": false,
        "absolute_values_visible": false,
        "archetype_label": "Unmetered",
        "data_source": "無電表資料 (未估算)",
        "confidence_level": "none",
        "has_meter_data": false,
        "year_factor": 1.0,
        "data_year": 2016,
        "uid": "",
        "b_area": "",
        "b_floors": "",
        "b_type": "",
        "b_year": ""
      }
    },
    {
      "type": "Feature",
      "geometry": {
        "type": "Polygon",
        "coordinates": [
          [
            [
              121.1926218,
              24.9663429
            ],
            [
              121.1921431,
              24.9663456
            ],
            [
              121.1921439,
              24.9664627
            ],
            [
              121.1925994,
              24.9664602
            ],
            [
              121.1925992,
              24.9664309
            ],
            [
              121.1926224,
              24.9664308
            ],
            [
              121.1926218,
              24.9663429
            ]
          ]
        ]
      },
      "properties": {
        "osm_id": 268843082,
        "name": "女一舍",
        "name_en": "",
        "building_type": "dormitory",
        "levels": 3,
        "height": 10.5,
        "addr": "",
        "operator": "",
        "min_height": 0.0,
        "mean_kw_raw": 0.0,
        "mean_kw": 0.0,
        "annual_kwh_raw": 0.0,
        "annual_mwh_raw": 0.0,
        "annual_kwh": 0.0,
        "annual_mwh": 0.0,
        "peak_kw": 0.0,
        "load_factor": 0.0,
        "eui_raw": 0.0,
        "eui": 0.0,
        "eui_kw_per_m2": 0.0,
        "energy_tier": "NORMAL",
        "tier_color": [
          240,
          196,
          25,
          220
        ],
        "meter_name": "",
        "meter_count": 0,
        "meter_role": "unmetered",
        "aggregation_method": "none",
        "split_policy": "none",
        "mass_balance_applied": false,
        "usage_profile": "default",
        "best_r2_oof": 0.0,
        "best_r_oof": 0.0,
        "best_cvrmse_oof": 0.0,
        "coverage_ratio": null,
        "physics_flags": "no_meter_data",
        "physics_corrected": false,
        "absolute_values_visible": false,
        "archetype_label": "Unmetered",
        "data_source": "無電表資料 (未估算)",
        "confidence_level": "none",
        "has_meter_data": false,
        "year_factor": 1.0,
        "data_year": 2016,
        "uid": "",
        "b_area": "",
        "b_floors": "",
        "b_type": "",
        "b_year": ""
      }
    },
    {
      "type": "Feature",
      "geometry": {
        "type": "Polygon",
        "coordinates": [
          [
            [
              121.1950008,
              24.9695288
            ],
            [
              121.1950013,
              24.9691522
            ],
            [
              121.1950454,
              24.9691522
            ],
            [
              121.1950455,
              24.9691252
            ],
            [
              121.1951229,
              24.9691253
            ],
            [
              121.1951229,
              24.9691508
            ],
            [
              121.1951618,
              24.9691509
            ],
            [
              121.1951618,
              24.969174
            ],
            [
              121.1953828,
              24.9691742
            ],
            [
              121.1953825,
              24.9693908
            ],
            [
              121.1953583,
              24.9693908
            ],
            [
              121.1953582,
              24.9694952
            ],
            [
              121.1953246,
              24.9694951
            ],
            [
              121.1953246,
              24.9695291
            ],
            [
              121.1950008,
              24.9695288
            ]
          ]
        ]
      },
      "properties": {
        "osm_id": 268845976,
        "name": "人文社會科學大樓",
        "name_en": "",
        "building_type": "university",
        "levels": 3,
        "height": 10.5,
        "addr": "",
        "operator": "",
        "min_height": 0.0,
        "mean_kw_raw": 0.0,
        "mean_kw": 0.0,
        "annual_kwh_raw": 0.0,
        "annual_mwh_raw": 0.0,
        "annual_kwh": 0.0,
        "annual_mwh": 0.0,
        "peak_kw": 0.0,
        "load_factor": 0.0,
        "eui_raw": 0.0,
        "eui": 0.0,
        "eui_kw_per_m2": 0.0,
        "energy_tier": "NORMAL",
        "tier_color": [
          240,
          196,
          25,
          220
        ],
        "meter_name": "",
        "meter_count": 0,
        "meter_role": "unmetered",
        "aggregation_method": "none",
        "split_policy": "none",
        "mass_balance_applied": false,
        "usage_profile": "default",
        "best_r2_oof": 0.0,
        "best_r_oof": 0.0,
        "best_cvrmse_oof": 0.0,
        "coverage_ratio": null,
        "physics_flags": "no_meter_data",
        "physics_corrected": false,
        "absolute_values_visible": false,
        "archetype_label": "Unmetered",
        "data_source": "無電表資料 (未估算)",
        "confidence_level": "none",
        "has_meter_data": false,
        "year_factor": 1.0,
        "data_year": 2016,
        "uid": "",
        "b_area": "",
        "b_floors": "",
        "b_type": "",
        "b_year": ""
      }
    },
    {
      "type": "Feature",
      "geometry": {
        "type": "Polygon",
        "coordinates": [
          [
            [
              121.1944781,
              24.969177
            ],
            [
              121.1944765,
              24.9690219
            ],
            [
              121.1946383,
              24.9690222
            ],
            [
              121.1946398,
              24.9691782
            ],
            [
              121.1944781,
              24.969177
            ]
          ]
        ]
      },
      "properties": {
        "osm_id": 268845987,
        "name": "",
        "name_en": "",
        "building_type": "university",
        "levels": 3,
        "height": 10.5,
        "addr": "",
        "operator": "",
        "min_height": 0.0,
        "mean_kw_raw": 0.0,
        "mean_kw": 0.0,
        "annual_kwh_raw": 0.0,
        "annual_mwh_raw": 0.0,
        "annual_kwh": 0.0,
        "annual_mwh": 0.0,
        "peak_kw": 0.0,
        "load_factor": 0.0,
        "eui_raw": 0.0,
        "eui": 0.0,
        "eui_kw_per_m2": 0.0,
        "energy_tier": "NORMAL",
        "tier_color": [
          240,
          196,
          25,
          220
        ],
        "meter_name": "",
        "meter_count": 0,
        "meter_role": "unmetered",
        "aggregation_method": "none",
        "split_policy": "none",
        "mass_balance_applied": false,
        "usage_profile": "default",
        "best_r2_oof": 0.0,
        "best_r_oof": 0.0,
        "best_cvrmse_oof": 0.0,
        "coverage_ratio": null,
        "physics_flags": "no_meter_data",
        "physics_corrected": false,
        "absolute_values_visible": false,
        "archetype_label": "Unmetered",
        "data_source": "無電表資料 (未估算)",
        "confidence_level": "none",
        "has_meter_data": false,
        "year_factor": 1.0,
        "data_year": 2016,
        "uid": "",
        "b_area": "",
        "b_floors": "",
        "b_type": "",
        "b_year": ""
      }
    },
    {
      "type": "Feature",
      "geometry": {
        "type": "Polygon",
        "coordinates": [
          [
            [
              121.1923658,
              24.9715838
            ],
            [
              121.1923615,
              24.9714933
            ],
            [
              121.1926411,
              24.9714823
            ],
            [
              121.192638,
              24.9714182
            ],
            [
              121.1926559,
              24.9714175
            ],
            [
              121.1926464,
              24.9712201
            ],
            [
              121.1927248,
              24.971217
            ],
            [
              121.1927233,
              24.9711841
            ],
            [
              121.1927973,
              24.9711812
            ],
            [
              121.1927987,
              24.9712102
            ],
            [
              121.1928364,
              24.9712088
            ],
            [
              121.1928539,
              24.9715744
            ],
            [
              121.1927895,
              24.971577
            ],
            [
              121.1927903,
              24.971594
            ],
            [
              121.1924356,
              24.971608
            ],
            [
              121.1924344,
              24.9715811
            ],
            [
              121.1923658,
              24.9715838
            ]
          ]
        ]
      },
      "properties": {
        "osm_id": 268846328,
        "name": "科五館(S5)",
        "name_en": "",
        "building_type": "university",
        "levels": 3,
        "height": 10.5,
        "addr": "",
        "operator": "",
        "min_height": 0.0,
        "mean_kw_raw": 0.0,
        "mean_kw": 0.0,
        "annual_kwh_raw": 0.0,
        "annual_mwh_raw": 0.0,
        "annual_kwh": 0.0,
        "annual_mwh": 0.0,
        "peak_kw": 0.0,
        "load_factor": 0.0,
        "eui_raw": 0.0,
        "eui": 0.0,
        "eui_kw_per_m2": 0.0,
        "energy_tier": "NORMAL",
        "tier_color": [
          240,
          196,
          25,
          220
        ],
        "meter_name": "",
        "meter_count": 0,
        "meter_role": "unmetered",
        "aggregation_method": "none",
        "split_policy": "none",
        "mass_balance_applied": false,
        "usage_profile": "default",
        "best_r2_oof": 0.0,
        "best_r_oof": 0.0,
        "best_cvrmse_oof": 0.0,
        "coverage_ratio": null,
        "physics_flags": "no_meter_data",
        "physics_corrected": false,
        "absolute_values_visible": false,
        "archetype_label": "Unmetered",
        "data_source": "無電表資料 (未估算)",
        "confidence_level": "none",
        "has_meter_data": false,
        "year_factor": 1.0,
        "data_year": 2016,
        "uid": "",
        "b_area": "",
        "b_floors": "",
        "b_type": "",
        "b_year": ""
      }
    },
    {
      "type": "Feature",
      "geometry": {
        "type": "Polygon",
        "coordinates": [
          [
            [
              121.1921863,
              24.971623
            ],
            [
              121.1921459,
              24.9712764
            ],
            [
              121.1921716,
              24.971268
            ],
            [
              121.1921671,
              24.9712281
            ],
            [
              121.1922479,
              24.9712207
            ],
            [
              121.1922521,
              24.9712582
            ],
            [
              121.1923113,
              24.9712528
            ],
            [
              121.1923391,
              24.9715014
            ],
            [
              121.192294,
              24.9715055
            ],
            [
              121.1923002,
              24.9715605
            ],
            [
              121.1922813,
              24.9715622
            ],
            [
              121.192258,
              24.9716162
            ],
            [
              121.1921863,
              24.971623
            ]
          ]
        ]
      },
      "properties": {
        "osm_id": 268846329,
        "name": "理學院教學館(普化實驗大樓)",
        "name_en": "",
        "building_type": "university",
        "levels": 3,
        "height": 10.5,
        "addr": "",
        "operator": "",
        "min_height": 0.0,
        "mean_kw_raw": 0.0,
        "mean_kw": 0.0,
        "annual_kwh_raw": 0.0,
        "annual_mwh_raw": 0.0,
        "annual_kwh": 0.0,
        "annual_mwh": 0.0,
        "peak_kw": 0.0,
        "load_factor": 0.0,
        "eui_raw": 0.0,
        "eui": 0.0,
        "eui_kw_per_m2": 0.0,
        "energy_tier": "NORMAL",
        "tier_color": [
          240,
          196,
          25,
          220
        ],
        "meter_name": "",
        "meter_count": 0,
        "meter_role": "unmetered",
        "aggregation_method": "none",
        "split_policy": "none",
        "mass_balance_applied": false,
        "usage_profile": "default",
        "best_r2_oof": 0.0,
        "best_r_oof": 0.0,
        "best_cvrmse_oof": 0.0,
        "coverage_ratio": null,
        "physics_flags": "no_meter_data",
        "physics_corrected": false,
        "absolute_values_visible": false,
        "archetype_label": "Unmetered",
        "data_source": "無電表資料 (未估算)",
        "confidence_level": "none",
        "has_meter_data": false,
        "year_factor": 1.0,
        "data_year": 2016,
        "uid": "",
        "b_area": "",
        "b_floors": "",
        "b_type": "",
        "b_year": ""
      }
    },
    {
      "type": "Feature",
      "geometry": {
        "type": "Polygon",
        "coordinates": [
          [
            [
              121.1920444,
              24.9709285
            ],
            [
              121.1920433,
              24.9707911
            ],
            [
              121.1920923,
              24.9707908
            ],
            [
              121.1920908,
              24.9706957
            ],
            [
              121.1920433,
              24.970696
            ],
            [
              121.1920419,
              24.9704472
            ],
            [
              121.1922294,
              24.9704463
            ],
            [
              121.1922318,
              24.9708467
            ],
            [
              121.1922037,
              24.9708469
            ],
            [
              121.1922038,
              24.970865
            ],
            [
              121.1922037,
              24.9709064
            ],
            [
              121.1922043,
              24.9709211
            ],
            [
              121.1921409,
              24.9709215
            ],
            [
              121.1921414,
              24.9710004
            ],
            [
              121.1920852,
              24.9710008
            ],
            [
              121.1920847,
              24.9709283
            ],
            [
              121.1920444,
              24.9709285
            ]
          ]
        ]
      },
      "properties": {
        "osm_id": 268846332,
        "name": "科三館",
        "name_en": "",
        "building_type": "university",
        "levels": 3,
        "height": 10.5,
        "addr": "",
        "operator": "",
        "min_height": 0.0,
        "mean_kw_raw": 0.0,
        "mean_kw": 0.0,
        "annual_kwh_raw": 0.0,
        "annual_mwh_raw": 0.0,
        "annual_kwh": 0.0,
        "annual_mwh": 0.0,
        "peak_kw": 0.0,
        "load_factor": 0.0,
        "eui_raw": 0.0,
        "eui": 0.0,
        "eui_kw_per_m2": 0.0,
        "energy_tier": "NORMAL",
        "tier_color": [
          240,
          196,
          25,
          220
        ],
        "meter_name": "",
        "meter_count": 0,
        "meter_role": "unmetered",
        "aggregation_method": "none",
        "split_policy": "none",
        "mass_balance_applied": false,
        "usage_profile": "default",
        "best_r2_oof": 0.0,
        "best_r_oof": 0.0,
        "best_cvrmse_oof": 0.0,
        "coverage_ratio": null,
        "physics_flags": "no_meter_data",
        "physics_corrected": false,
        "absolute_values_visible": false,
        "archetype_label": "Unmetered",
        "data_source": "無電表資料 (未估算)",
        "confidence_level": "none",
        "has_meter_data": false,
        "year_factor": 1.0,
        "data_year": 2016,
        "uid": "",
        "b_area": "",
        "b_floors": "",
        "b_type": "",
        "b_year": ""
      }
    },
    {
      "type": "Feature",
      "geometry": {
        "type": "Polygon",
        "coordinates": [
          [
            [
              121.1922037,
              24.9709064
            ],
            [
              121.1922878,
              24.9709065
            ],
            [
              121.1922879,
              24.9708652
            ],
            [
              121.1922038,
              24.970865
            ],
            [
              121.1922037,
              24.9709064
            ]
          ]
        ]
      },
      "properties": {
        "osm_id": 268846333,
        "name": "",
        "name_en": "",
        "building_type": "university",
        "levels": 3,
        "height": 10.5,
        "addr": "",
        "operator": "",
        "min_height": 0.0,
        "mean_kw_raw": 0.0,
        "mean_kw": 0.0,
        "annual_kwh_raw": 0.0,
        "annual_mwh_raw": 0.0,
        "annual_kwh": 0.0,
        "annual_mwh": 0.0,
        "peak_kw": 0.0,
        "load_factor": 0.0,
        "eui_raw": 0.0,
        "eui": 0.0,
        "eui_kw_per_m2": 0.0,
        "energy_tier": "NORMAL",
        "tier_color": [
          240,
          196,
          25,
          220
        ],
        "meter_name": "",
        "meter_count": 0,
        "meter_role": "unmetered",
        "aggregation_method": "none",
        "split_policy": "none",
        "mass_balance_applied": false,
        "usage_profile": "default",
        "best_r2_oof": 0.0,
        "best_r_oof": 0.0,
        "best_cvrmse_oof": 0.0,
        "coverage_ratio": null,
        "physics_flags": "no_meter_data",
        "physics_corrected": false,
        "absolute_values_visible": false,
        "archetype_label": "Unmetered",
        "data_source": "無電表資料 (未估算)",
        "confidence_level": "none",
        "has_meter_data": false,
        "year_factor": 1.0,
        "data_year": 2016,
        "uid": "",
        "b_area": "",
        "b_floors": "",
        "b_type": "",
        "b_year": ""
      }
    },
    {
      "type": "Feature",
      "geometry": {
        "type": "Polygon",
        "coordinates": [
          [
            [
              121.1943805,
              24.9702002
            ],
            [
              121.1943815,
              24.9701845
            ],
            [
              121.1943439,
              24.9701855
            ],
            [
              121.1943419,
              24.9701504
            ],
            [
              121.1943236,
              24.9701477
            ],
            [
              121.1943215,
              24.9700906
            ],
            [
              121.1943835,
              24.9700887
            ],
            [
              121.1943744,
              24.970062
            ],
            [
              121.1943713,
              24.9700408
            ],
            [
              121.1943754,
              24.970027
            ],
            [
              121.1943215,
              24.9700279
            ],
            [
              121.1943215,
              24.9699726
            ],
            [
              121.1943414,
              24.9699731
            ],
            [
              121.1943414,
              24.9699666
            ],
            [
              121.1943779,
              24.9699671
            ],
            [
              121.1943785,
              24.9699127
            ],
            [
              121.1945085,
              24.9699146
            ],
            [
              121.1945091,
              24.9699611
            ],
            [
              121.1945726,
              24.9699602
            ],
            [
              121.1945731,
              24.9700431
            ],
            [
              121.1945726,
              24.9701454
            ],
            [
              121.1945136,
              24.9701463
            ],
            [
              121.1945136,
              24.9701984
            ],
            [
              121.1943805,
              24.9702002
            ]
          ]
        ]
      },
      "properties": {
        "osm_id": 268851049,
        "name": "國鼎圖書資料館",
        "name_en": "",
        "building_type": "university",
        "levels": 3,
        "height": 10.5,
        "addr": "",
        "operator": "",
        "min_height": 0.0,
        "mean_kw_raw": 0.0,
        "mean_kw": 0.0,
        "annual_kwh_raw": 0.0,
        "annual_mwh_raw": 0.0,
        "annual_kwh": 0.0,
        "annual_mwh": 0.0,
        "peak_kw": 0.0,
        "load_factor": 0.0,
        "eui_raw": 0.0,
        "eui": 0.0,
        "eui_kw_per_m2": 0.0,
        "energy_tier": "NORMAL",
        "tier_color": [
          240,
          196,
          25,
          220
        ],
        "meter_name": "",
        "meter_count": 0,
        "meter_role": "unmetered",
        "aggregation_method": "none",
        "split_policy": "none",
        "mass_balance_applied": false,
        "usage_profile": "default",
        "best_r2_oof": 0.0,
        "best_r_oof": 0.0,
        "best_cvrmse_oof": 0.0,
        "coverage_ratio": null,
        "physics_flags": "no_meter_data",
        "physics_corrected": false,
        "absolute_values_visible": false,
        "archetype_label": "Unmetered",
        "data_source": "無電表資料 (未估算)",
        "confidence_level": "none",
        "has_meter_data": false,
        "year_factor": 1.0,
        "data_year": 2016,
        "uid": "",
        "b_area": "",
        "b_floors": "",
        "b_type": "",
        "b_year": ""
      }
    },
    {
      "type": "Feature",
      "geometry": {
        "type": "Polygon",
        "coordinates": [
          [
            [
              121.189137,
              24.9681318
            ],
            [
              121.1891355,
              24.9678008
            ],
            [
              121.189328,
              24.9678001
            ],
            [
              121.1893292,
              24.9680869
            ],
            [
              121.1892443,
              24.9680872
            ],
            [
              121.1892446,
              24.9681529
            ],
            [
              121.1892185,
              24.968153
            ],
            [
              121.1892187,
              24.9682019
            ],
            [
              121.1891604,
              24.9682021
            ],
            [
              121.1891601,
              24.9681317
            ],
            [
              121.189137,
              24.9681318
            ]
          ]
        ]
      },
      "properties": {
        "osm_id": 268851920,
        "name": "實習一廠",
        "name_en": "",
        "building_type": "university",
        "levels": 3,
        "height": 10.5,
        "addr": "",
        "operator": "",
        "min_height": 0.0,
        "mean_kw_raw": 0.0,
        "mean_kw": 0.0,
        "annual_kwh_raw": 0.0,
        "annual_mwh_raw": 0.0,
        "annual_kwh": 0.0,
        "annual_mwh": 0.0,
        "peak_kw": 0.0,
        "load_factor": 0.0,
        "eui_raw": 0.0,
        "eui": 0.0,
        "eui_kw_per_m2": 0.0,
        "energy_tier": "NORMAL",
        "tier_color": [
          240,
          196,
          25,
          220
        ],
        "meter_name": "",
        "meter_count": 0,
        "meter_role": "unmetered",
        "aggregation_method": "none",
        "split_policy": "none",
        "mass_balance_applied": false,
        "usage_profile": "default",
        "best_r2_oof": 0.0,
        "best_r_oof": 0.0,
        "best_cvrmse_oof": 0.0,
        "coverage_ratio": null,
        "physics_flags": "no_meter_data",
        "physics_corrected": false,
        "absolute_values_visible": false,
        "archetype_label": "Unmetered",
        "data_source": "無電表資料 (未估算)",
        "confidence_level": "none",
        "has_meter_data": false,
        "year_factor": 1.0,
        "data_year": 2016,
        "uid": "",
        "b_area": "",
        "b_floors": "",
        "b_type": "",
        "b_year": ""
      }
    },
    {
      "type": "Feature",
      "geometry": {
        "type": "Polygon",
        "coordinates": [
          [
            [
              121.1902171,
              24.9673432
            ],
            [
              121.1902217,
              24.9669603
            ],
            [
              121.1903589,
              24.9669616
            ],
            [
              121.1903544,
              24.9673446
            ],
            [
              121.1902171,
              24.9673432
            ]
          ]
        ]
      },
      "properties": {
        "osm_id": 268851921,
        "name": "",
        "name_en": "",
        "building_type": "yes",
        "levels": 3,
        "height": 10.5,
        "addr": "",
        "operator": "",
        "min_height": 0.0,
        "mean_kw_raw": 0.0,
        "mean_kw": 0.0,
        "annual_kwh_raw": 0.0,
        "annual_mwh_raw": 0.0,
        "annual_kwh": 0.0,
        "annual_mwh": 0.0,
        "peak_kw": 0.0,
        "load_factor": 0.0,
        "eui_raw": 0.0,
        "eui": 0.0,
        "eui_kw_per_m2": 0.0,
        "energy_tier": "NORMAL",
        "tier_color": [
          240,
          196,
          25,
          220
        ],
        "meter_name": "",
        "meter_count": 0,
        "meter_role": "unmetered",
        "aggregation_method": "none",
        "split_policy": "none",
        "mass_balance_applied": false,
        "usage_profile": "default",
        "best_r2_oof": 0.0,
        "best_r_oof": 0.0,
        "best_cvrmse_oof": 0.0,
        "coverage_ratio": null,
        "physics_flags": "no_meter_data",
        "physics_corrected": false,
        "absolute_values_visible": false,
        "archetype_label": "Unmetered",
        "data_source": "無電表資料 (未估算)",
        "confidence_level": "none",
        "has_meter_data": false,
        "year_factor": 1.0,
        "data_year": 2016,
        "uid": "",
        "b_area": "",
        "b_floors": "",
        "b_type": "",
        "b_year": ""
      }
    },
    {
      "type": "Feature",
      "geometry": {
        "type": "Polygon",
        "coordinates": [
          [
            [
              121.1900853,
              24.9673424
            ],
            [
              121.190092,
              24.9669606
            ],
            [
              121.1902217,
              24.9669603
            ],
            [
              121.1902171,
              24.9673432
            ],
            [
              121.1900853,
              24.9673424
            ]
          ]
        ]
      },
      "properties": {
        "osm_id": 268851922,
        "name": "",
        "name_en": "",
        "building_type": "yes",
        "levels": 3,
        "height": 10.5,
        "addr": "",
        "operator": "",
        "min_height": 0.0,
        "mean_kw_raw": 0.0,
        "mean_kw": 0.0,
        "annual_kwh_raw": 0.0,
        "annual_mwh_raw": 0.0,
        "annual_kwh": 0.0,
        "annual_mwh": 0.0,
        "peak_kw": 0.0,
        "load_factor": 0.0,
        "eui_raw": 0.0,
        "eui": 0.0,
        "eui_kw_per_m2": 0.0,
        "energy_tier": "NORMAL",
        "tier_color": [
          240,
          196,
          25,
          220
        ],
        "meter_name": "",
        "meter_count": 0,
        "meter_role": "unmetered",
        "aggregation_method": "none",
        "split_policy": "none",
        "mass_balance_applied": false,
        "usage_profile": "default",
        "best_r2_oof": 0.0,
        "best_r_oof": 0.0,
        "best_cvrmse_oof": 0.0,
        "coverage_ratio": null,
        "physics_flags": "no_meter_data",
        "physics_corrected": false,
        "absolute_values_visible": false,
        "archetype_label": "Unmetered",
        "data_source": "無電表資料 (未估算)",
        "confidence_level": "none",
        "has_meter_data": false,
        "year_factor": 1.0,
        "data_year": 2016,
        "uid": "",
        "b_area": "",
        "b_floors": "",
        "b_type": "",
        "b_year": ""
      }
    },
    {
      "type": "Feature",
      "geometry": {
        "type": "Polygon",
        "coordinates": [
          [
            [
              121.190092,
              24.9669606
            ],
            [
              121.1899673,
              24.9669558
            ],
            [
              121.1899565,
              24.9673424
            ],
            [
              121.1900853,
              24.9673424
            ],
            [
              121.190092,
              24.9669606
            ]
          ]
        ]
      },
      "properties": {
        "osm_id": 268851923,
        "name": "",
        "name_en": "",
        "building_type": "yes",
        "levels": 3,
        "height": 10.5,
        "addr": "",
        "operator": "",
        "min_height": 0.0,
        "mean_kw_raw": 0.0,
        "mean_kw": 0.0,
        "annual_kwh_raw": 0.0,
        "annual_mwh_raw": 0.0,
        "annual_kwh": 0.0,
        "annual_mwh": 0.0,
        "peak_kw": 0.0,
        "load_factor": 0.0,
        "eui_raw": 0.0,
        "eui": 0.0,
        "eui_kw_per_m2": 0.0,
        "energy_tier": "NORMAL",
        "tier_color": [
          240,
          196,
          25,
          220
        ],
        "meter_name": "",
        "meter_count": 0,
        "meter_role": "unmetered",
        "aggregation_method": "none",
        "split_policy": "none",
        "mass_balance_applied": false,
        "usage_profile": "default",
        "best_r2_oof": 0.0,
        "best_r_oof": 0.0,
        "best_cvrmse_oof": 0.0,
        "coverage_ratio": null,
        "physics_flags": "no_meter_data",
        "physics_corrected": false,
        "absolute_values_visible": false,
        "archetype_label": "Unmetered",
        "data_source": "無電表資料 (未估算)",
        "confidence_level": "none",
        "has_meter_data": false,
        "year_factor": 1.0,
        "data_year": 2016,
        "uid": "",
        "b_area": "",
        "b_floors": "",
        "b_type": "",
        "b_year": ""
      }
    },
    {
      "type": "Feature",
      "geometry": {
        "type": "Polygon",
        "coordinates": [
          [
            [
              121.1897675,
              24.9672568
            ],
            [
              121.1897684,
              24.9671267
            ],
            [
              121.189922,
              24.9671276
            ],
            [
              121.189921,
              24.9672577
            ],
            [
              121.1897675,
              24.9672568
            ]
          ]
        ]
      },
      "properties": {
        "osm_id": 268852724,
        "name": "",
        "name_en": "",
        "building_type": "yes",
        "levels": 3,
        "height": 10.5,
        "addr": "",
        "operator": "",
        "min_height": 0.0,
        "mean_kw_raw": 0.0,
        "mean_kw": 0.0,
        "annual_kwh_raw": 0.0,
        "annual_mwh_raw": 0.0,
        "annual_kwh": 0.0,
        "annual_mwh": 0.0,
        "peak_kw": 0.0,
        "load_factor": 0.0,
        "eui_raw": 0.0,
        "eui": 0.0,
        "eui_kw_per_m2": 0.0,
        "energy_tier": "NORMAL",
        "tier_color": [
          240,
          196,
          25,
          220
        ],
        "meter_name": "",
        "meter_count": 0,
        "meter_role": "unmetered",
        "aggregation_method": "none",
        "split_policy": "none",
        "mass_balance_applied": false,
        "usage_profile": "default",
        "best_r2_oof": 0.0,
        "best_r_oof": 0.0,
        "best_cvrmse_oof": 0.0,
        "coverage_ratio": null,
        "physics_flags": "no_meter_data",
        "physics_corrected": false,
        "absolute_values_visible": false,
        "archetype_label": "Unmetered",
        "data_source": "無電表資料 (未估算)",
        "confidence_level": "none",
        "has_meter_data": false,
        "year_factor": 1.0,
        "data_year": 2016,
        "uid": "",
        "b_area": "",
        "b_floors": "",
        "b_type": "",
        "b_year": ""
      }
    },
    {
      "type": "Feature",
      "geometry": {
        "type": "Polygon",
        "coordinates": [
          [
            [
              121.1895622,
              24.9672612
            ],
            [
              121.1895619,
              24.9671385
            ],
            [
              121.1897114,
              24.9671381
            ],
            [
              121.1897118,
              24.9672609
            ],
            [
              121.1895622,
              24.9672612
            ]
          ]
        ]
      },
      "properties": {
        "osm_id": 268852725,
        "name": "",
        "name_en": "",
        "building_type": "yes",
        "levels": 3,
        "height": 10.5,
        "addr": "",
        "operator": "",
        "min_height": 0.0,
        "mean_kw_raw": 0.0,
        "mean_kw": 0.0,
        "annual_kwh_raw": 0.0,
        "annual_mwh_raw": 0.0,
        "annual_kwh": 0.0,
        "annual_mwh": 0.0,
        "peak_kw": 0.0,
        "load_factor": 0.0,
        "eui_raw": 0.0,
        "eui": 0.0,
        "eui_kw_per_m2": 0.0,
        "energy_tier": "NORMAL",
        "tier_color": [
          240,
          196,
          25,
          220
        ],
        "meter_name": "",
        "meter_count": 0,
        "meter_role": "unmetered",
        "aggregation_method": "none",
        "split_policy": "none",
        "mass_balance_applied": false,
        "usage_profile": "default",
        "best_r2_oof": 0.0,
        "best_r_oof": 0.0,
        "best_cvrmse_oof": 0.0,
        "coverage_ratio": null,
        "physics_flags": "no_meter_data",
        "physics_corrected": false,
        "absolute_values_visible": false,
        "archetype_label": "Unmetered",
        "data_source": "無電表資料 (未估算)",
        "confidence_level": "none",
        "has_meter_data": false,
        "year_factor": 1.0,
        "data_year": 2016,
        "uid": "",
        "b_area": "",
        "b_floors": "",
        "b_type": "",
        "b_year": ""
      }
    },
    {
      "type": "Feature",
      "geometry": {
        "type": "Polygon",
        "coordinates": [
          [
            [
              121.1893557,
              24.9672417
            ],
            [
              121.1893566,
              24.9671299
            ],
            [
              121.1895088,
              24.9671309
            ],
            [
              121.1895079,
              24.9672428
            ],
            [
              121.1893557,
              24.9672417
            ]
          ]
        ]
      },
      "properties": {
        "osm_id": 268852726,
        "name": "",
        "name_en": "",
        "building_type": "yes",
        "levels": 3,
        "height": 10.5,
        "addr": "",
        "operator": "",
        "min_height": 0.0,
        "mean_kw_raw": 0.0,
        "mean_kw": 0.0,
        "annual_kwh_raw": 0.0,
        "annual_mwh_raw": 0.0,
        "annual_kwh": 0.0,
        "annual_mwh": 0.0,
        "peak_kw": 0.0,
        "load_factor": 0.0,
        "eui_raw": 0.0,
        "eui": 0.0,
        "eui_kw_per_m2": 0.0,
        "energy_tier": "NORMAL",
        "tier_color": [
          240,
          196,
          25,
          220
        ],
        "meter_name": "",
        "meter_count": 0,
        "meter_role": "unmetered",
        "aggregation_method": "none",
        "split_policy": "none",
        "mass_balance_applied": false,
        "usage_profile": "default",
        "best_r2_oof": 0.0,
        "best_r_oof": 0.0,
        "best_cvrmse_oof": 0.0,
        "coverage_ratio": null,
        "physics_flags": "no_meter_data",
        "physics_corrected": false,
        "absolute_values_visible": false,
        "archetype_label": "Unmetered",
        "data_source": "無電表資料 (未估算)",
        "confidence_level": "none",
        "has_meter_data": false,
        "year_factor": 1.0,
        "data_year": 2016,
        "uid": "",
        "b_area": "",
        "b_floors": "",
        "b_type": "",
        "b_year": ""
      }
    },
    {
      "type": "Feature",
      "geometry": {
        "type": "Polygon",
        "coordinates": [
          [
            [
              121.1893372,
              24.9670896
            ],
            [
              121.1893389,
              24.9669484
            ],
            [
              121.1894821,
              24.9669498
            ],
            [
              121.1894804,
              24.967091
            ],
            [
              121.1893372,
              24.9670896
            ]
          ]
        ]
      },
      "properties": {
        "osm_id": 268852727,
        "name": "",
        "name_en": "",
        "building_type": "yes",
        "levels": 3,
        "height": 10.5,
        "addr": "",
        "operator": "",
        "min_height": 0.0,
        "mean_kw_raw": 0.0,
        "mean_kw": 0.0,
        "annual_kwh_raw": 0.0,
        "annual_mwh_raw": 0.0,
        "annual_kwh": 0.0,
        "annual_mwh": 0.0,
        "peak_kw": 0.0,
        "load_factor": 0.0,
        "eui_raw": 0.0,
        "eui": 0.0,
        "eui_kw_per_m2": 0.0,
        "energy_tier": "NORMAL",
        "tier_color": [
          240,
          196,
          25,
          220
        ],
        "meter_name": "",
        "meter_count": 0,
        "meter_role": "unmetered",
        "aggregation_method": "none",
        "split_policy": "none",
        "mass_balance_applied": false,
        "usage_profile": "default",
        "best_r2_oof": 0.0,
        "best_r_oof": 0.0,
        "best_cvrmse_oof": 0.0,
        "coverage_ratio": null,
        "physics_flags": "no_meter_data",
        "physics_corrected": false,
        "absolute_values_visible": false,
        "archetype_label": "Unmetered",
        "data_source": "無電表資料 (未估算)",
        "confidence_level": "none",
        "has_meter_data": false,
        "year_factor": 1.0,
        "data_year": 2016,
        "uid": "",
        "b_area": "",
        "b_floors": "",
        "b_type": "",
        "b_year": ""
      }
    },
    {
      "type": "Feature",
      "geometry": {
        "type": "Polygon",
        "coordinates": [
          [
            [
              121.1894804,
              24.967091
            ],
            [
              121.1896056,
              24.9670922
            ],
            [
              121.1896069,
              24.9669508
            ],
            [
              121.1894821,
              24.9669498
            ],
            [
              121.1894804,
              24.967091
            ]
          ]
        ]
      },
      "properties": {
        "osm_id": 268852728,
        "name": "",
        "name_en": "",
        "building_type": "yes",
        "levels": 3,
        "height": 10.5,
        "addr": "",
        "operator": "",
        "min_height": 0.0,
        "mean_kw_raw": 0.0,
        "mean_kw": 0.0,
        "annual_kwh_raw": 0.0,
        "annual_mwh_raw": 0.0,
        "annual_kwh": 0.0,
        "annual_mwh": 0.0,
        "peak_kw": 0.0,
        "load_factor": 0.0,
        "eui_raw": 0.0,
        "eui": 0.0,
        "eui_kw_per_m2": 0.0,
        "energy_tier": "NORMAL",
        "tier_color": [
          240,
          196,
          25,
          220
        ],
        "meter_name": "",
        "meter_count": 0,
        "meter_role": "unmetered",
        "aggregation_method": "none",
        "split_policy": "none",
        "mass_balance_applied": false,
        "usage_profile": "default",
        "best_r2_oof": 0.0,
        "best_r_oof": 0.0,
        "best_cvrmse_oof": 0.0,
        "coverage_ratio": null,
        "physics_flags": "no_meter_data",
        "physics_corrected": false,
        "absolute_values_visible": false,
        "archetype_label": "Unmetered",
        "data_source": "無電表資料 (未估算)",
        "confidence_level": "none",
        "has_meter_data": false,
        "year_factor": 1.0,
        "data_year": 2016,
        "uid": "",
        "b_area": "",
        "b_floors": "",
        "b_type": "",
        "b_year": ""
      }
    },
    {
      "type": "Feature",
      "geometry": {
        "type": "Polygon",
        "coordinates": [
          [
            [
              121.1897147,
              24.9670931
            ],
            [
              121.1897795,
              24.9670936
            ],
            [
              121.1897814,
              24.9669509
            ],
            [
              121.1897152,
              24.9669512
            ],
            [
              121.1897147,
              24.9670931
            ]
          ]
        ]
      },
      "properties": {
        "osm_id": 268852729,
        "name": "",
        "name_en": "",
        "building_type": "yes",
        "levels": 3,
        "height": 10.5,
        "addr": "",
        "operator": "",
        "min_height": 0.0,
        "mean_kw_raw": 0.0,
        "mean_kw": 0.0,
        "annual_kwh_raw": 0.0,
        "annual_mwh_raw": 0.0,
        "annual_kwh": 0.0,
        "annual_mwh": 0.0,
        "peak_kw": 0.0,
        "load_factor": 0.0,
        "eui_raw": 0.0,
        "eui": 0.0,
        "eui_kw_per_m2": 0.0,
        "energy_tier": "NORMAL",
        "tier_color": [
          240,
          196,
          25,
          220
        ],
        "meter_name": "",
        "meter_count": 0,
        "meter_role": "unmetered",
        "aggregation_method": "none",
        "split_policy": "none",
        "mass_balance_applied": false,
        "usage_profile": "default",
        "best_r2_oof": 0.0,
        "best_r_oof": 0.0,
        "best_cvrmse_oof": 0.0,
        "coverage_ratio": null,
        "physics_flags": "no_meter_data",
        "physics_corrected": false,
        "absolute_values_visible": false,
        "archetype_label": "Unmetered",
        "data_source": "無電表資料 (未估算)",
        "confidence_level": "none",
        "has_meter_data": false,
        "year_factor": 1.0,
        "data_year": 2016,
        "uid": "",
        "b_area": "",
        "b_floors": "",
        "b_type": "",
        "b_year": ""
      }
    },
    {
      "type": "Feature",
      "geometry": {
        "type": "Polygon",
        "coordinates": [
          [
            [
              121.1897795,
              24.9670936
            ],
            [
              121.1898449,
              24.9670946
            ],
            [
              121.1898467,
              24.9669513
            ],
            [
              121.1897814,
              24.9669509
            ],
            [
              121.1897795,
              24.9670936
            ]
          ]
        ]
      },
      "properties": {
        "osm_id": 268852730,
        "name": "",
        "name_en": "",
        "building_type": "yes",
        "levels": 3,
        "height": 10.5,
        "addr": "",
        "operator": "",
        "min_height": 0.0,
        "mean_kw_raw": 0.0,
        "mean_kw": 0.0,
        "annual_kwh_raw": 0.0,
        "annual_mwh_raw": 0.0,
        "annual_kwh": 0.0,
        "annual_mwh": 0.0,
        "peak_kw": 0.0,
        "load_factor": 0.0,
        "eui_raw": 0.0,
        "eui": 0.0,
        "eui_kw_per_m2": 0.0,
        "energy_tier": "NORMAL",
        "tier_color": [
          240,
          196,
          25,
          220
        ],
        "meter_name": "",
        "meter_count": 0,
        "meter_role": "unmetered",
        "aggregation_method": "none",
        "split_policy": "none",
        "mass_balance_applied": false,
        "usage_profile": "default",
        "best_r2_oof": 0.0,
        "best_r_oof": 0.0,
        "best_cvrmse_oof": 0.0,
        "coverage_ratio": null,
        "physics_flags": "no_meter_data",
        "physics_corrected": false,
        "absolute_values_visible": false,
        "archetype_label": "Unmetered",
        "data_source": "無電表資料 (未估算)",
        "confidence_level": "none",
        "has_meter_data": false,
        "year_factor": 1.0,
        "data_year": 2016,
        "uid": "",
        "b_area": "",
        "b_floors": "",
        "b_type": "",
        "b_year": ""
      }
    },
    {
      "type": "Feature",
      "geometry": {
        "type": "Polygon",
        "coordinates": [
          [
            [
              121.1898449,
              24.9670946
            ],
            [
              121.1899188,
              24.9670961
            ],
            [
              121.1899201,
              24.9669514
            ],
            [
              121.1898467,
              24.9669513
            ],
            [
              121.1898449,
              24.9670946
            ]
          ]
        ]
      },
      "properties": {
        "osm_id": 268852731,
        "name": "",
        "name_en": "",
        "building_type": "yes",
        "levels": 3,
        "height": 10.5,
        "addr": "",
        "operator": "",
        "min_height": 0.0,
        "mean_kw_raw": 0.0,
        "mean_kw": 0.0,
        "annual_kwh_raw": 0.0,
        "annual_mwh_raw": 0.0,
        "annual_kwh": 0.0,
        "annual_mwh": 0.0,
        "peak_kw": 0.0,
        "load_factor": 0.0,
        "eui_raw": 0.0,
        "eui": 0.0,
        "eui_kw_per_m2": 0.0,
        "energy_tier": "NORMAL",
        "tier_color": [
          240,
          196,
          25,
          220
        ],
        "meter_name": "",
        "meter_count": 0,
        "meter_role": "unmetered",
        "aggregation_method": "none",
        "split_policy": "none",
        "mass_balance_applied": false,
        "usage_profile": "default",
        "best_r2_oof": 0.0,
        "best_r_oof": 0.0,
        "best_cvrmse_oof": 0.0,
        "coverage_ratio": null,
        "physics_flags": "no_meter_data",
        "physics_corrected": false,
        "absolute_values_visible": false,
        "archetype_label": "Unmetered",
        "data_source": "無電表資料 (未估算)",
        "confidence_level": "none",
        "has_meter_data": false,
        "year_factor": 1.0,
        "data_year": 2016,
        "uid": "",
        "b_area": "",
        "b_floors": "",
        "b_type": "",
        "b_year": ""
      }
    },
    {
      "type": "Feature",
      "geometry": {
        "type": "Polygon",
        "coordinates": [
          [
            [
              121.1896056,
              24.9670922
            ],
            [
              121.1897147,
              24.9670931
            ],
            [
              121.1897152,
              24.9669512
            ],
            [
              121.1896069,
              24.9669508
            ],
            [
              121.1896056,
              24.9670922
            ]
          ]
        ]
      },
      "properties": {
        "osm_id": 268852732,
        "name": "",
        "name_en": "",
        "building_type": "yes",
        "levels": 3,
        "height": 10.5,
        "addr": "",
        "operator": "",
        "min_height": 0.0,
        "mean_kw_raw": 0.0,
        "mean_kw": 0.0,
        "annual_kwh_raw": 0.0,
        "annual_mwh_raw": 0.0,
        "annual_kwh": 0.0,
        "annual_mwh": 0.0,
        "peak_kw": 0.0,
        "load_factor": 0.0,
        "eui_raw": 0.0,
        "eui": 0.0,
        "eui_kw_per_m2": 0.0,
        "energy_tier": "NORMAL",
        "tier_color": [
          240,
          196,
          25,
          220
        ],
        "meter_name": "",
        "meter_count": 0,
        "meter_role": "unmetered",
        "aggregation_method": "none",
        "split_policy": "none",
        "mass_balance_applied": false,
        "usage_profile": "default",
        "best_r2_oof": 0.0,
        "best_r_oof": 0.0,
        "best_cvrmse_oof": 0.0,
        "coverage_ratio": null,
        "physics_flags": "no_meter_data",
        "physics_corrected": false,
        "absolute_values_visible": false,
        "archetype_label": "Unmetered",
        "data_source": "無電表資料 (未估算)",
        "confidence_level": "none",
        "has_meter_data": false,
        "year_factor": 1.0,
        "data_year": 2016,
        "uid": "",
        "b_area": "",
        "b_floors": "",
        "b_type": "",
        "b_year": ""
      }
    },
    {
      "type": "Feature",
      "geometry": {
        "type": "Polygon",
        "coordinates": [
          [
            [
              121.1903168,
              24.9667969
            ],
            [
              121.1903567,
              24.9667968
            ],
            [
              121.1903564,
              24.9666636
            ],
            [
              121.1903225,
              24.9666637
            ],
            [
              121.1903225,
              24.9666509
            ],
            [
              121.1902861,
              24.966651
            ],
            [
              121.1902832,
              24.9667526
            ],
            [
              121.1903167,
              24.9667525
            ],
            [
              121.1903168,
              24.9667969
            ]
          ]
        ]
      },
      "properties": {
        "osm_id": 269122190,
        "name": "",
        "name_en": "",
        "building_type": "yes",
        "levels": 3,
        "height": 10.5,
        "addr": "",
        "operator": "",
        "min_height": 0.0,
        "mean_kw_raw": 0.0,
        "mean_kw": 0.0,
        "annual_kwh_raw": 0.0,
        "annual_mwh_raw": 0.0,
        "annual_kwh": 0.0,
        "annual_mwh": 0.0,
        "peak_kw": 0.0,
        "load_factor": 0.0,
        "eui_raw": 0.0,
        "eui": 0.0,
        "eui_kw_per_m2": 0.0,
        "energy_tier": "NORMAL",
        "tier_color": [
          240,
          196,
          25,
          220
        ],
        "meter_name": "",
        "meter_count": 0,
        "meter_role": "unmetered",
        "aggregation_method": "none",
        "split_policy": "none",
        "mass_balance_applied": false,
        "usage_profile": "default",
        "best_r2_oof": 0.0,
        "best_r_oof": 0.0,
        "best_cvrmse_oof": 0.0,
        "coverage_ratio": null,
        "physics_flags": "no_meter_data",
        "physics_corrected": false,
        "absolute_values_visible": false,
        "archetype_label": "Unmetered",
        "data_source": "無電表資料 (未估算)",
        "confidence_level": "none",
        "has_meter_data": false,
        "year_factor": 1.0,
        "data_year": 2016,
        "uid": "",
        "b_area": "",
        "b_floors": "",
        "b_type": "",
        "b_year": ""
      }
    },
    {
      "type": "Feature",
      "geometry": {
        "type": "Polygon",
        "coordinates": [
          [
            [
              121.1902834,
              24.9667701
            ],
            [
              121.1902832,
              24.9667526
            ],
            [
              121.1902861,
              24.966651
            ],
            [
              121.1902491,
              24.9666539
            ],
            [
              121.1902499,
              24.9666315
            ],
            [
              121.1902195,
              24.9666321
            ],
            [
              121.1902176,
              24.9667292
            ],
            [
              121.1902492,
              24.9667301
            ],
            [
              121.1902478,
              24.9667691
            ],
            [
              121.1902834,
              24.9667701
            ]
          ]
        ]
      },
      "properties": {
        "osm_id": 269122194,
        "name": "",
        "name_en": "",
        "building_type": "yes",
        "levels": 3,
        "height": 10.5,
        "addr": "",
        "operator": "",
        "min_height": 0.0,
        "mean_kw_raw": 0.0,
        "mean_kw": 0.0,
        "annual_kwh_raw": 0.0,
        "annual_mwh_raw": 0.0,
        "annual_kwh": 0.0,
        "annual_mwh": 0.0,
        "peak_kw": 0.0,
        "load_factor": 0.0,
        "eui_raw": 0.0,
        "eui": 0.0,
        "eui_kw_per_m2": 0.0,
        "energy_tier": "NORMAL",
        "tier_color": [
          240,
          196,
          25,
          220
        ],
        "meter_name": "",
        "meter_count": 0,
        "meter_role": "unmetered",
        "aggregation_method": "none",
        "split_policy": "none",
        "mass_balance_applied": false,
        "usage_profile": "default",
        "best_r2_oof": 0.0,
        "best_r_oof": 0.0,
        "best_cvrmse_oof": 0.0,
        "coverage_ratio": null,
        "physics_flags": "no_meter_data",
        "physics_corrected": false,
        "absolute_values_visible": false,
        "archetype_label": "Unmetered",
        "data_source": "無電表資料 (未估算)",
        "confidence_level": "none",
        "has_meter_data": false,
        "year_factor": 1.0,
        "data_year": 2016,
        "uid": "",
        "b_area": "",
        "b_floors": "",
        "b_type": "",
        "b_year": ""
      }
    },
    {
      "type": "Feature",
      "geometry": {
        "type": "Polygon",
        "coordinates": [
          [
            [
              121.1902176,
              24.9667292
            ],
            [
              121.1902195,
              24.9666321
            ],
            [
              121.1901471,
              24.9666309
            ],
            [
              121.1901456,
              24.9667119
            ],
            [
              121.190176,
              24.9667124
            ],
            [
              121.1901753,
              24.9667482
            ],
            [
              121.1902171,
              24.9667489
            ],
            [
              121.1902176,
              24.9667292
            ]
          ]
        ]
      },
      "properties": {
        "osm_id": 269122195,
        "name": "",
        "name_en": "",
        "building_type": "yes",
        "levels": 3,
        "height": 10.5,
        "addr": "",
        "operator": "",
        "min_height": 0.0,
        "mean_kw_raw": 0.0,
        "mean_kw": 0.0,
        "annual_kwh_raw": 0.0,
        "annual_mwh_raw": 0.0,
        "annual_kwh": 0.0,
        "annual_mwh": 0.0,
        "peak_kw": 0.0,
        "load_factor": 0.0,
        "eui_raw": 0.0,
        "eui": 0.0,
        "eui_kw_per_m2": 0.0,
        "energy_tier": "NORMAL",
        "tier_color": [
          240,
          196,
          25,
          220
        ],
        "meter_name": "",
        "meter_count": 0,
        "meter_role": "unmetered",
        "aggregation_method": "none",
        "split_policy": "none",
        "mass_balance_applied": false,
        "usage_profile": "default",
        "best_r2_oof": 0.0,
        "best_r_oof": 0.0,
        "best_cvrmse_oof": 0.0,
        "coverage_ratio": null,
        "physics_flags": "no_meter_data",
        "physics_corrected": false,
        "absolute_values_visible": false,
        "archetype_label": "Unmetered",
        "data_source": "無電表資料 (未估算)",
        "confidence_level": "none",
        "has_meter_data": false,
        "year_factor": 1.0,
        "data_year": 2016,
        "uid": "",
        "b_area": "",
        "b_floors": "",
        "b_type": "",
        "b_year": ""
      }
    },
    {
      "type": "Feature",
      "geometry": {
        "type": "Polygon",
        "coordinates": [
          [
            [
              121.1900104,
              24.9667469
            ],
            [
              121.1900126,
              24.966732
            ],
            [
              121.1900145,
              24.9666534
            ],
            [
              121.1900142,
              24.966634
            ],
            [
              121.1900761,
              24.9666358
            ],
            [
              121.1900735,
              24.9667123
            ],
            [
              121.1900454,
              24.9667115
            ],
            [
              121.1900442,
              24.9667478
            ],
            [
              121.1900104,
              24.9667469
            ]
          ]
        ]
      },
      "properties": {
        "osm_id": 269122196,
        "name": "",
        "name_en": "",
        "building_type": "yes",
        "levels": 3,
        "height": 10.5,
        "addr": "",
        "operator": "",
        "min_height": 0.0,
        "mean_kw_raw": 0.0,
        "mean_kw": 0.0,
        "annual_kwh_raw": 0.0,
        "annual_mwh_raw": 0.0,
        "annual_kwh": 0.0,
        "annual_mwh": 0.0,
        "peak_kw": 0.0,
        "load_factor": 0.0,
        "eui_raw": 0.0,
        "eui": 0.0,
        "eui_kw_per_m2": 0.0,
        "energy_tier": "NORMAL",
        "tier_color": [
          240,
          196,
          25,
          220
        ],
        "meter_name": "",
        "meter_count": 0,
        "meter_role": "unmetered",
        "aggregation_method": "none",
        "split_policy": "none",
        "mass_balance_applied": false,
        "usage_profile": "default",
        "best_r2_oof": 0.0,
        "best_r_oof": 0.0,
        "best_cvrmse_oof": 0.0,
        "coverage_ratio": null,
        "physics_flags": "no_meter_data",
        "physics_corrected": false,
        "absolute_values_visible": false,
        "archetype_label": "Unmetered",
        "data_source": "無電表資料 (未估算)",
        "confidence_level": "none",
        "has_meter_data": false,
        "year_factor": 1.0,
        "data_year": 2016,
        "uid": "",
        "b_area": "",
        "b_floors": "",
        "b_type": "",
        "b_year": ""
      }
    },
    {
      "type": "Feature",
      "geometry": {
        "type": "Polygon",
        "coordinates": [
          [
            [
              121.1899395,
              24.9667707
            ],
            [
              121.1899407,
              24.9667549
            ],
            [
              121.1899413,
              24.9666787
            ],
            [
              121.1899424,
              24.9666527
            ],
            [
              121.1900145,
              24.9666534
            ],
            [
              121.1900126,
              24.966732
            ],
            [
              121.1899764,
              24.9667312
            ],
            [
              121.1899754,
              24.9667712
            ],
            [
              121.1899395,
              24.9667707
            ]
          ]
        ]
      },
      "properties": {
        "osm_id": 269122197,
        "name": "",
        "name_en": "",
        "building_type": "yes",
        "levels": 3,
        "height": 10.5,
        "addr": "",
        "operator": "",
        "min_height": 0.0,
        "mean_kw_raw": 0.0,
        "mean_kw": 0.0,
        "annual_kwh_raw": 0.0,
        "annual_mwh_raw": 0.0,
        "annual_kwh": 0.0,
        "annual_mwh": 0.0,
        "peak_kw": 0.0,
        "load_factor": 0.0,
        "eui_raw": 0.0,
        "eui": 0.0,
        "eui_kw_per_m2": 0.0,
        "energy_tier": "NORMAL",
        "tier_color": [
          240,
          196,
          25,
          220
        ],
        "meter_name": "",
        "meter_count": 0,
        "meter_role": "unmetered",
        "aggregation_method": "none",
        "split_policy": "none",
        "mass_balance_applied": false,
        "usage_profile": "default",
        "best_r2_oof": 0.0,
        "best_r_oof": 0.0,
        "best_cvrmse_oof": 0.0,
        "coverage_ratio": null,
        "physics_flags": "no_meter_data",
        "physics_corrected": false,
        "absolute_values_visible": false,
        "archetype_label": "Unmetered",
        "data_source": "無電表資料 (未估算)",
        "confidence_level": "none",
        "has_meter_data": false,
        "year_factor": 1.0,
        "data_year": 2016,
        "uid": "",
        "b_area": "",
        "b_floors": "",
        "b_type": "",
        "b_year": ""
      }
    },
    {
      "type": "Feature",
      "geometry": {
        "type": "Polygon",
        "coordinates": [
          [
            [
              121.1898659,
              24.9667985
            ],
            [
              121.189867,
              24.9666761
            ],
            [
              121.1899413,
              24.9666787
            ],
            [
              121.1899407,
              24.9667549
            ],
            [
              121.1899053,
              24.9667544
            ],
            [
              121.189905,
              24.9667988
            ],
            [
              121.1898659,
              24.9667985
            ]
          ]
        ]
      },
      "properties": {
        "osm_id": 269122198,
        "name": "",
        "name_en": "",
        "building_type": "yes",
        "levels": 3,
        "height": 10.5,
        "addr": "",
        "operator": "",
        "min_height": 0.0,
        "mean_kw_raw": 0.0,
        "mean_kw": 0.0,
        "annual_kwh_raw": 0.0,
        "annual_mwh_raw": 0.0,
        "annual_kwh": 0.0,
        "annual_mwh": 0.0,
        "peak_kw": 0.0,
        "load_factor": 0.0,
        "eui_raw": 0.0,
        "eui": 0.0,
        "eui_kw_per_m2": 0.0,
        "energy_tier": "NORMAL",
        "tier_color": [
          240,
          196,
          25,
          220
        ],
        "meter_name": "",
        "meter_count": 0,
        "meter_role": "unmetered",
        "aggregation_method": "none",
        "split_policy": "none",
        "mass_balance_applied": false,
        "usage_profile": "default",
        "best_r2_oof": 0.0,
        "best_r_oof": 0.0,
        "best_cvrmse_oof": 0.0,
        "coverage_ratio": null,
        "physics_flags": "no_meter_data",
        "physics_corrected": false,
        "absolute_values_visible": false,
        "archetype_label": "Unmetered",
        "data_source": "無電表資料 (未估算)",
        "confidence_level": "none",
        "has_meter_data": false,
        "year_factor": 1.0,
        "data_year": 2016,
        "uid": "",
        "b_area": "",
        "b_floors": "",
        "b_type": "",
        "b_year": ""
      }
    },
    {
      "type": "Feature",
      "geometry": {
        "type": "Polygon",
        "coordinates": [
          [
            [
              121.1897382,
              24.9667539
            ],
            [
              121.1897405,
              24.9666765
            ],
            [
              121.1898182,
              24.9666784
            ],
            [
              121.1898148,
              24.9667938
            ],
            [
              121.1897783,
              24.9667929
            ],
            [
              121.1897794,
              24.9667549
            ],
            [
              121.1897382,
              24.9667539
            ]
          ]
        ]
      },
      "properties": {
        "osm_id": 269122199,
        "name": "",
        "name_en": "",
        "building_type": "yes",
        "levels": 3,
        "height": 10.5,
        "addr": "",
        "operator": "",
        "min_height": 0.0,
        "mean_kw_raw": 0.0,
        "mean_kw": 0.0,
        "annual_kwh_raw": 0.0,
        "annual_mwh_raw": 0.0,
        "annual_kwh": 0.0,
        "annual_mwh": 0.0,
        "peak_kw": 0.0,
        "load_factor": 0.0,
        "eui_raw": 0.0,
        "eui": 0.0,
        "eui_kw_per_m2": 0.0,
        "energy_tier": "NORMAL",
        "tier_color": [
          240,
          196,
          25,
          220
        ],
        "meter_name": "",
        "meter_count": 0,
        "meter_role": "unmetered",
        "aggregation_method": "none",
        "split_policy": "none",
        "mass_balance_applied": false,
        "usage_profile": "default",
        "best_r2_oof": 0.0,
        "best_r_oof": 0.0,
        "best_cvrmse_oof": 0.0,
        "coverage_ratio": null,
        "physics_flags": "no_meter_data",
        "physics_corrected": false,
        "absolute_values_visible": false,
        "archetype_label": "Unmetered",
        "data_source": "無電表資料 (未估算)",
        "confidence_level": "none",
        "has_meter_data": false,
        "year_factor": 1.0,
        "data_year": 2016,
        "uid": "",
        "b_area": "",
        "b_floors": "",
        "b_type": "",
        "b_year": ""
      }
    },
    {
      "type": "Feature",
      "geometry": {
        "type": "Polygon",
        "coordinates": [
          [
            [
              121.1897384,
              24.9667687
            ],
            [
              121.1897093,
              24.966768
            ],
            [
              121.1897102,
              24.9667326
            ],
            [
              121.1896715,
              24.9667317
            ],
            [
              121.1896741,
              24.966637
            ],
            [
              121.189742,
              24.9666385
            ],
            [
              121.1897384,
              24.9667687
            ]
          ]
        ]
      },
      "properties": {
        "osm_id": 269122200,
        "name": "",
        "name_en": "",
        "building_type": "yes",
        "levels": 3,
        "height": 10.5,
        "addr": "",
        "operator": "",
        "min_height": 0.0,
        "mean_kw_raw": 0.0,
        "mean_kw": 0.0,
        "annual_kwh_raw": 0.0,
        "annual_mwh_raw": 0.0,
        "annual_kwh": 0.0,
        "annual_mwh": 0.0,
        "peak_kw": 0.0,
        "load_factor": 0.0,
        "eui_raw": 0.0,
        "eui": 0.0,
        "eui_kw_per_m2": 0.0,
        "energy_tier": "NORMAL",
        "tier_color": [
          240,
          196,
          25,
          220
        ],
        "meter_name": "",
        "meter_count": 0,
        "meter_role": "unmetered",
        "aggregation_method": "none",
        "split_policy": "none",
        "mass_balance_applied": false,
        "usage_profile": "default",
        "best_r2_oof": 0.0,
        "best_r_oof": 0.0,
        "best_cvrmse_oof": 0.0,
        "coverage_ratio": null,
        "physics_flags": "no_meter_data",
        "physics_corrected": false,
        "absolute_values_visible": false,
        "archetype_label": "Unmetered",
        "data_source": "無電表資料 (未估算)",
        "confidence_level": "none",
        "has_meter_data": false,
        "year_factor": 1.0,
        "data_year": 2016,
        "uid": "",
        "b_area": "",
        "b_floors": "",
        "b_type": "",
        "b_year": ""
      }
    },
    {
      "type": "Feature",
      "geometry": {
        "type": "Polygon",
        "coordinates": [
          [
            [
              121.1896404,
              24.9667425
            ],
            [
              121.189641,
              24.9667077
            ],
            [
              121.189602,
              24.9667071
            ],
            [
              121.1896034,
              24.9666334
            ],
            [
              121.1896732,
              24.9666345
            ],
            [
              121.1896711,
              24.966743
            ],
            [
              121.1896404,
              24.9667425
            ]
          ]
        ]
      },
      "properties": {
        "osm_id": 269122201,
        "name": "",
        "name_en": "",
        "building_type": "yes",
        "levels": 3,
        "height": 10.5,
        "addr": "",
        "operator": "",
        "min_height": 0.0,
        "mean_kw_raw": 0.0,
        "mean_kw": 0.0,
        "annual_kwh_raw": 0.0,
        "annual_mwh_raw": 0.0,
        "annual_kwh": 0.0,
        "annual_mwh": 0.0,
        "peak_kw": 0.0,
        "load_factor": 0.0,
        "eui_raw": 0.0,
        "eui": 0.0,
        "eui_kw_per_m2": 0.0,
        "energy_tier": "NORMAL",
        "tier_color": [
          240,
          196,
          25,
          220
        ],
        "meter_name": "",
        "meter_count": 0,
        "meter_role": "unmetered",
        "aggregation_method": "none",
        "split_policy": "none",
        "mass_balance_applied": false,
        "usage_profile": "default",
        "best_r2_oof": 0.0,
        "best_r_oof": 0.0,
        "best_cvrmse_oof": 0.0,
        "coverage_ratio": null,
        "physics_flags": "no_meter_data",
        "physics_corrected": false,
        "absolute_values_visible": false,
        "archetype_label": "Unmetered",
        "data_source": "無電表資料 (未估算)",
        "confidence_level": "none",
        "has_meter_data": false,
        "year_factor": 1.0,
        "data_year": 2016,
        "uid": "",
        "b_area": "",
        "b_floors": "",
        "b_type": "",
        "b_year": ""
      }
    },
    {
      "type": "Feature",
      "geometry": {
        "type": "Polygon",
        "coordinates": [
          [
            [
              121.1890144,
              24.9667198
            ],
            [
              121.1890161,
              24.9666244
            ],
            [
              121.1892895,
              24.9666252
            ],
            [
              121.1892869,
              24.9667222
            ],
            [
              121.1890144,
              24.9667198
            ]
          ]
        ]
      },
      "properties": {
        "osm_id": 269122202,
        "name": "",
        "name_en": "",
        "building_type": "yes",
        "levels": 3,
        "height": 10.5,
        "addr": "",
        "operator": "",
        "min_height": 0.0,
        "mean_kw_raw": 0.0,
        "mean_kw": 0.0,
        "annual_kwh_raw": 0.0,
        "annual_mwh_raw": 0.0,
        "annual_kwh": 0.0,
        "annual_mwh": 0.0,
        "peak_kw": 0.0,
        "load_factor": 0.0,
        "eui_raw": 0.0,
        "eui": 0.0,
        "eui_kw_per_m2": 0.0,
        "energy_tier": "NORMAL",
        "tier_color": [
          240,
          196,
          25,
          220
        ],
        "meter_name": "",
        "meter_count": 0,
        "meter_role": "unmetered",
        "aggregation_method": "none",
        "split_policy": "none",
        "mass_balance_applied": false,
        "usage_profile": "default",
        "best_r2_oof": 0.0,
        "best_r_oof": 0.0,
        "best_cvrmse_oof": 0.0,
        "coverage_ratio": null,
        "physics_flags": "no_meter_data",
        "physics_corrected": false,
        "absolute_values_visible": false,
        "archetype_label": "Unmetered",
        "data_source": "無電表資料 (未估算)",
        "confidence_level": "none",
        "has_meter_data": false,
        "year_factor": 1.0,
        "data_year": 2016,
        "uid": "",
        "b_area": "",
        "b_floors": "",
        "b_type": "",
        "b_year": ""
      }
    },
    {
      "type": "Feature",
      "geometry": {
        "type": "Polygon",
        "coordinates": [
          [
            [
              121.1893407,
              24.9667906
            ],
            [
              121.1893404,
              24.966678
            ],
            [
              121.1894122,
              24.9666779
            ],
            [
              121.1894124,
              24.96676
            ],
            [
              121.1893729,
              24.9667601
            ],
            [
              121.189373,
              24.9667905
            ],
            [
              121.1893407,
              24.9667906
            ]
          ]
        ]
      },
      "properties": {
        "osm_id": 269122203,
        "name": "",
        "name_en": "",
        "building_type": "yes",
        "levels": 3,
        "height": 10.5,
        "addr": "",
        "operator": "",
        "min_height": 0.0,
        "mean_kw_raw": 0.0,
        "mean_kw": 0.0,
        "annual_kwh_raw": 0.0,
        "annual_mwh_raw": 0.0,
        "annual_kwh": 0.0,
        "annual_mwh": 0.0,
        "peak_kw": 0.0,
        "load_factor": 0.0,
        "eui_raw": 0.0,
        "eui": 0.0,
        "eui_kw_per_m2": 0.0,
        "energy_tier": "NORMAL",
        "tier_color": [
          240,
          196,
          25,
          220
        ],
        "meter_name": "",
        "meter_count": 0,
        "meter_role": "unmetered",
        "aggregation_method": "none",
        "split_policy": "none",
        "mass_balance_applied": false,
        "usage_profile": "default",
        "best_r2_oof": 0.0,
        "best_r_oof": 0.0,
        "best_cvrmse_oof": 0.0,
        "coverage_ratio": null,
        "physics_flags": "no_meter_data",
        "physics_corrected": false,
        "absolute_values_visible": false,
        "archetype_label": "Unmetered",
        "data_source": "無電表資料 (未估算)",
        "confidence_level": "none",
        "has_meter_data": false,
        "year_factor": 1.0,
        "data_year": 2016,
        "uid": "",
        "b_area": "",
        "b_floors": "",
        "b_type": "",
        "b_year": ""
      }
    },
    {
      "type": "Feature",
      "geometry": {
        "type": "Polygon",
        "coordinates": [
          [
            [
              121.1894132,
              24.9667638
            ],
            [
              121.189413,
              24.9666626
            ],
            [
              121.1894788,
              24.9666624
            ],
            [
              121.189479,
              24.9667335
            ],
            [
              121.1894436,
              24.9667336
            ],
            [
              121.1894437,
              24.9667637
            ],
            [
              121.1894132,
              24.9667638
            ]
          ]
        ]
      },
      "properties": {
        "osm_id": 269122204,
        "name": "",
        "name_en": "",
        "building_type": "yes",
        "levels": 3,
        "height": 10.5,
        "addr": "",
        "operator": "",
        "min_height": 0.0,
        "mean_kw_raw": 0.0,
        "mean_kw": 0.0,
        "annual_kwh_raw": 0.0,
        "annual_mwh_raw": 0.0,
        "annual_kwh": 0.0,
        "annual_mwh": 0.0,
        "peak_kw": 0.0,
        "load_factor": 0.0,
        "eui_raw": 0.0,
        "eui": 0.0,
        "eui_kw_per_m2": 0.0,
        "energy_tier": "NORMAL",
        "tier_color": [
          240,
          196,
          25,
          220
        ],
        "meter_name": "",
        "meter_count": 0,
        "meter_role": "unmetered",
        "aggregation_method": "none",
        "split_policy": "none",
        "mass_balance_applied": false,
        "usage_profile": "default",
        "best_r2_oof": 0.0,
        "best_r_oof": 0.0,
        "best_cvrmse_oof": 0.0,
        "coverage_ratio": null,
        "physics_flags": "no_meter_data",
        "physics_corrected": false,
        "absolute_values_visible": false,
        "archetype_label": "Unmetered",
        "data_source": "無電表資料 (未估算)",
        "confidence_level": "none",
        "has_meter_data": false,
        "year_factor": 1.0,
        "data_year": 2016,
        "uid": "",
        "b_area": "",
        "b_floors": "",
        "b_type": "",
        "b_year": ""
      }
    },
    {
      "type": "Feature",
      "geometry": {
        "type": "Polygon",
        "coordinates": [
          [
            [
              121.1894791,
              24.9667431
            ],
            [
              121.1894789,
              24.9666315
            ],
            [
              121.1895485,
              24.9666314
            ],
            [
              121.1895487,
              24.9667087
            ],
            [
              121.1895048,
              24.9667088
            ],
            [
              121.1895049,
              24.9667431
            ],
            [
              121.1894791,
              24.9667431
            ]
          ]
        ]
      },
      "properties": {
        "osm_id": 269122205,
        "name": "",
        "name_en": "",
        "building_type": "yes",
        "levels": 3,
        "height": 10.5,
        "addr": "",
        "operator": "",
        "min_height": 0.0,
        "mean_kw_raw": 0.0,
        "mean_kw": 0.0,
        "annual_kwh_raw": 0.0,
        "annual_mwh_raw": 0.0,
        "annual_kwh": 0.0,
        "annual_mwh": 0.0,
        "peak_kw": 0.0,
        "load_factor": 0.0,
        "eui_raw": 0.0,
        "eui": 0.0,
        "eui_kw_per_m2": 0.0,
        "energy_tier": "NORMAL",
        "tier_color": [
          240,
          196,
          25,
          220
        ],
        "meter_name": "",
        "meter_count": 0,
        "meter_role": "unmetered",
        "aggregation_method": "none",
        "split_policy": "none",
        "mass_balance_applied": false,
        "usage_profile": "default",
        "best_r2_oof": 0.0,
        "best_r_oof": 0.0,
        "best_cvrmse_oof": 0.0,
        "coverage_ratio": null,
        "physics_flags": "no_meter_data",
        "physics_corrected": false,
        "absolute_values_visible": false,
        "archetype_label": "Unmetered",
        "data_source": "無電表資料 (未估算)",
        "confidence_level": "none",
        "has_meter_data": false,
        "year_factor": 1.0,
        "data_year": 2016,
        "uid": "",
        "b_area": "",
        "b_floors": "",
        "b_type": "",
        "b_year": ""
      }
    },
    {
      "type": "Feature",
      "geometry": {
        "type": "Polygon",
        "coordinates": [
          [
            [
              121.1908126,
              24.9661246
            ],
            [
              121.1908132,
              24.966063
            ],
            [
              121.1910644,
              24.9660648
            ],
            [
              121.1910638,
              24.9661265
            ],
            [
              121.1908126,
              24.9661246
            ]
          ]
        ]
      },
      "properties": {
        "osm_id": 269122545,
        "name": "單一舍",
        "name_en": "",
        "building_type": "dormitory",
        "levels": 3,
        "height": 10.5,
        "addr": "",
        "operator": "",
        "min_height": 0.0,
        "mean_kw_raw": 0.0,
        "mean_kw": 0.0,
        "annual_kwh_raw": 0.0,
        "annual_mwh_raw": 0.0,
        "annual_kwh": 0.0,
        "annual_mwh": 0.0,
        "peak_kw": 0.0,
        "load_factor": 0.0,
        "eui_raw": 0.0,
        "eui": 0.0,
        "eui_kw_per_m2": 0.0,
        "energy_tier": "NORMAL",
        "tier_color": [
          240,
          196,
          25,
          220
        ],
        "meter_name": "",
        "meter_count": 0,
        "meter_role": "unmetered",
        "aggregation_method": "none",
        "split_policy": "none",
        "mass_balance_applied": false,
        "usage_profile": "default",
        "best_r2_oof": 0.0,
        "best_r_oof": 0.0,
        "best_cvrmse_oof": 0.0,
        "coverage_ratio": null,
        "physics_flags": "no_meter_data",
        "physics_corrected": false,
        "absolute_values_visible": false,
        "archetype_label": "Unmetered",
        "data_source": "無電表資料 (未估算)",
        "confidence_level": "none",
        "has_meter_data": false,
        "year_factor": 1.0,
        "data_year": 2016,
        "uid": "",
        "b_area": "",
        "b_floors": "",
        "b_type": "",
        "b_year": ""
      }
    },
    {
      "type": "Feature",
      "geometry": {
        "type": "Polygon",
        "coordinates": [
          [
            [
              121.1910246,
              24.9665521
            ],
            [
              121.1908258,
              24.9665546
            ],
            [
              121.1908273,
              24.9666557
            ],
            [
              121.1908278,
              24.9666892
            ],
            [
              121.1907142,
              24.96669
            ],
            [
              121.1907137,
              24.9666593
            ],
            [
              121.1907131,
              24.9666215
            ],
            [
              121.1905939,
              24.966623
            ],
            [
              121.1905931,
              24.9665711
            ],
            [
              121.1906309,
              24.9665706
            ],
            [
              121.1906353,
              24.9665521
            ],
            [
              121.1905982,
              24.9665521
            ],
            [
              121.1905858,
              24.9665449
            ],
            [
              121.1905562,
              24.9665453
            ],
            [
              121.1905564,
              24.9665575
            ],
            [
              121.1905181,
              24.9665581
            ],
            [
              121.1905178,
              24.9665428
            ],
            [
              121.1904775,
              24.9665434
            ],
            [
              121.1904768,
              24.9665017
            ],
            [
              121.1904452,
              24.9665021
            ],
            [
              121.1904444,
              24.9664535
            ],
            [
              121.1906295,
              24.9664508
            ],
            [
              121.1906298,
              24.9664698
            ],
            [
              121.1907524,
              24.9664681
            ],
            [
              121.1907518,
              24.9664347
            ],
            [
              121.1908189,
              24.9664338
            ],
            [
              121.1908185,
              24.9664093
            ],
            [
              121.1910223,
              24.9664066
            ],
            [
              121.1910246,
              24.9665521
            ]
          ]
        ]
      },
      "properties": {
        "osm_id": 269122546,
        "name": "單二舍",
        "name_en": "",
        "building_type": "dormitory",
        "levels": 3,
        "height": 10.5,
        "addr": "",
        "operator": "",
        "min_height": 0.0,
        "mean_kw_raw": 0.0,
        "mean_kw": 0.0,
        "annual_kwh_raw": 0.0,
        "annual_mwh_raw": 0.0,
        "annual_kwh": 0.0,
        "annual_mwh": 0.0,
        "peak_kw": 0.0,
        "load_factor": 0.0,
        "eui_raw": 0.0,
        "eui": 0.0,
        "eui_kw_per_m2": 0.0,
        "energy_tier": "NORMAL",
        "tier_color": [
          240,
          196,
          25,
          220
        ],
        "meter_name": "",
        "meter_count": 0,
        "meter_role": "unmetered",
        "aggregation_method": "none",
        "split_policy": "none",
        "mass_balance_applied": false,
        "usage_profile": "default",
        "best_r2_oof": 0.0,
        "best_r_oof": 0.0,
        "best_cvrmse_oof": 0.0,
        "coverage_ratio": null,
        "physics_flags": "no_meter_data",
        "physics_corrected": false,
        "absolute_values_visible": false,
        "archetype_label": "Unmetered",
        "data_source": "無電表資料 (未估算)",
        "confidence_level": "none",
        "has_meter_data": false,
        "year_factor": 1.0,
        "data_year": 2016,
        "uid": "",
        "b_area": "",
        "b_floors": "",
        "b_type": "",
        "b_year": ""
      }
    },
    {
      "type": "Feature",
      "geometry": {
        "type": "Polygon",
        "coordinates": [
          [
            [
              121.1910585,
              24.966742
            ],
            [
              121.1910592,
              24.966825
            ],
            [
              121.1909645,
              24.9668256
            ],
            [
              121.1909646,
              24.9668377
            ],
            [
              121.1909251,
              24.966838
            ],
            [
              121.190925,
              24.9668229
            ],
            [
              121.1908822,
              24.9668232
            ],
            [
              121.190882,
              24.9668041
            ],
            [
              121.1908085,
              24.9668046
            ],
            [
              121.1908086,
              24.9668192
            ],
            [
              121.1906458,
              24.9668203
            ],
            [
              121.1906456,
              24.9668005
            ],
            [
              121.1906224,
              24.9668006
            ],
            [
              121.1906222,
              24.9667719
            ],
            [
              121.1905695,
              24.9667723
            ],
            [
              121.1905691,
              24.966732
            ],
            [
              121.1905955,
              24.9667319
            ],
            [
              121.1905953,
              24.966708
            ],
            [
              121.1905711,
              24.9667082
            ],
            [
              121.1905709,
              24.966691
            ],
            [
              121.1907142,
              24.96669
            ],
            [
              121.1908278,
              24.9666892
            ],
            [
              121.1908407,
              24.9666891
            ],
            [
              121.1908408,
              24.9666997
            ],
            [
              121.1908798,
              24.9666994
            ],
            [
              121.1908802,
              24.9667433
            ],
            [
              121.1910585,
              24.966742
            ]
          ]
        ]
      },
      "properties": {
        "osm_id": 269122547,
        "name": "松果館(育成中心)",
        "name_en": "",
        "building_type": "dormitory",
        "levels": 3,
        "height": 10.5,
        "addr": "",
        "operator": "",
        "min_height": 0.0,
        "mean_kw_raw": 0.0,
        "mean_kw": 0.0,
        "annual_kwh_raw": 0.0,
        "annual_mwh_raw": 0.0,
        "annual_kwh": 0.0,
        "annual_mwh": 0.0,
        "peak_kw": 0.0,
        "load_factor": 0.0,
        "eui_raw": 0.0,
        "eui": 0.0,
        "eui_kw_per_m2": 0.0,
        "energy_tier": "NORMAL",
        "tier_color": [
          240,
          196,
          25,
          220
        ],
        "meter_name": "",
        "meter_count": 0,
        "meter_role": "unmetered",
        "aggregation_method": "none",
        "split_policy": "none",
        "mass_balance_applied": false,
        "usage_profile": "default",
        "best_r2_oof": 0.0,
        "best_r_oof": 0.0,
        "best_cvrmse_oof": 0.0,
        "coverage_ratio": null,
        "physics_flags": "no_meter_data",
        "physics_corrected": false,
        "absolute_values_visible": false,
        "archetype_label": "Unmetered",
        "data_source": "無電表資料 (未估算)",
        "confidence_level": "none",
        "has_meter_data": false,
        "year_factor": 1.0,
        "data_year": 2016,
        "uid": "",
        "b_area": "",
        "b_floors": "",
        "b_type": "",
        "b_year": ""
      }
    },
    {
      "type": "Feature",
      "geometry": {
        "type": "Polygon",
        "coordinates": [
          [
            [
              121.1905791,
              24.9668353
            ],
            [
              121.1904892,
              24.9668353
            ],
            [
              121.1904892,
              24.9668134
            ],
            [
              121.190449,
              24.9668134
            ],
            [
              121.1904557,
              24.9666748
            ],
            [
              121.1905066,
              24.9666773
            ],
            [
              121.1905144,
              24.9667386
            ],
            [
              121.190564,
              24.9667394
            ],
            [
              121.1905791,
              24.9668353
            ]
          ]
        ]
      },
      "properties": {
        "osm_id": 269122548,
        "name": "單四舍",
        "name_en": "",
        "building_type": "dormitory",
        "levels": 3,
        "height": 10.5,
        "addr": "",
        "operator": "",
        "min_height": 0.0,
        "mean_kw_raw": 0.0,
        "mean_kw": 0.0,
        "annual_kwh_raw": 0.0,
        "annual_mwh_raw": 0.0,
        "annual_kwh": 0.0,
        "annual_mwh": 0.0,
        "peak_kw": 0.0,
        "load_factor": 0.0,
        "eui_raw": 0.0,
        "eui": 0.0,
        "eui_kw_per_m2": 0.0,
        "energy_tier": "NORMAL",
        "tier_color": [
          240,
          196,
          25,
          220
        ],
        "meter_name": "",
        "meter_count": 0,
        "meter_role": "unmetered",
        "aggregation_method": "none",
        "split_policy": "none",
        "mass_balance_applied": false,
        "usage_profile": "default",
        "best_r2_oof": 0.0,
        "best_r_oof": 0.0,
        "best_cvrmse_oof": 0.0,
        "coverage_ratio": null,
        "physics_flags": "no_meter_data",
        "physics_corrected": false,
        "absolute_values_visible": false,
        "archetype_label": "Unmetered",
        "data_source": "無電表資料 (未估算)",
        "confidence_level": "none",
        "has_meter_data": false,
        "year_factor": 1.0,
        "data_year": 2016,
        "uid": "",
        "b_area": "",
        "b_floors": "",
        "b_type": "",
        "b_year": ""
      }
    },
    {
      "type": "Feature",
      "geometry": {
        "type": "Polygon",
        "coordinates": [
          [
            [
              121.1902469,
              24.9665389
            ],
            [
              121.1902499,
              24.9664393
            ],
            [
              121.1902649,
              24.9664361
            ],
            [
              121.1902643,
              24.9664566
            ],
            [
              121.1903119,
              24.9664578
            ],
            [
              121.1903132,
              24.9664156
            ],
            [
              121.1903587,
              24.9664167
            ],
            [
              121.1903576,
              24.9664546
            ],
            [
              121.1903921,
              24.9664554
            ],
            [
              121.1903906,
              24.9665083
            ],
            [
              121.1903643,
              24.9665077
            ],
            [
              121.1903633,
              24.9665417
            ],
            [
              121.1902469,
              24.9665389
            ]
          ]
        ]
      },
      "properties": {
        "osm_id": 269122549,
        "name": "",
        "name_en": "",
        "building_type": "yes",
        "levels": 3,
        "height": 10.5,
        "addr": "",
        "operator": "",
        "min_height": 0.0,
        "mean_kw_raw": 0.0,
        "mean_kw": 0.0,
        "annual_kwh_raw": 0.0,
        "annual_mwh_raw": 0.0,
        "annual_kwh": 0.0,
        "annual_mwh": 0.0,
        "peak_kw": 0.0,
        "load_factor": 0.0,
        "eui_raw": 0.0,
        "eui": 0.0,
        "eui_kw_per_m2": 0.0,
        "energy_tier": "NORMAL",
        "tier_color": [
          240,
          196,
          25,
          220
        ],
        "meter_name": "",
        "meter_count": 0,
        "meter_role": "unmetered",
        "aggregation_method": "none",
        "split_policy": "none",
        "mass_balance_applied": false,
        "usage_profile": "default",
        "best_r2_oof": 0.0,
        "best_r_oof": 0.0,
        "best_cvrmse_oof": 0.0,
        "coverage_ratio": null,
        "physics_flags": "no_meter_data",
        "physics_corrected": false,
        "absolute_values_visible": false,
        "archetype_label": "Unmetered",
        "data_source": "無電表資料 (未估算)",
        "confidence_level": "none",
        "has_meter_data": false,
        "year_factor": 1.0,
        "data_year": 2016,
        "uid": "",
        "b_area": "",
        "b_floors": "",
        "b_type": "",
        "b_year": ""
      }
    },
    {
      "type": "Feature",
      "geometry": {
        "type": "Polygon",
        "coordinates": [
          [
            [
              121.1902484,
              24.966539
            ],
            [
              121.1902465,
              24.9664561
            ],
            [
              121.1901284,
              24.9664582
            ],
            [
              121.1901296,
              24.9665114
            ],
            [
              121.1901622,
              24.9665108
            ],
            [
              121.1901629,
              24.9665406
            ],
            [
              121.1902484,
              24.966539
            ]
          ]
        ]
      },
      "properties": {
        "osm_id": 269122550,
        "name": "",
        "name_en": "",
        "building_type": "yes",
        "levels": 3,
        "height": 10.5,
        "addr": "",
        "operator": "",
        "min_height": 0.0,
        "mean_kw_raw": 0.0,
        "mean_kw": 0.0,
        "annual_kwh_raw": 0.0,
        "annual_mwh_raw": 0.0,
        "annual_kwh": 0.0,
        "annual_mwh": 0.0,
        "peak_kw": 0.0,
        "load_factor": 0.0,
        "eui_raw": 0.0,
        "eui": 0.0,
        "eui_kw_per_m2": 0.0,
        "energy_tier": "NORMAL",
        "tier_color": [
          240,
          196,
          25,
          220
        ],
        "meter_name": "",
        "meter_count": 0,
        "meter_role": "unmetered",
        "aggregation_method": "none",
        "split_policy": "none",
        "mass_balance_applied": false,
        "usage_profile": "default",
        "best_r2_oof": 0.0,
        "best_r_oof": 0.0,
        "best_cvrmse_oof": 0.0,
        "coverage_ratio": null,
        "physics_flags": "no_meter_data",
        "physics_corrected": false,
        "absolute_values_visible": false,
        "archetype_label": "Unmetered",
        "data_source": "無電表資料 (未估算)",
        "confidence_level": "none",
        "has_meter_data": false,
        "year_factor": 1.0,
        "data_year": 2016,
        "uid": "",
        "b_area": "",
        "b_floors": "",
        "b_type": "",
        "b_year": ""
      }
    },
    {
      "type": "Feature",
      "geometry": {
        "type": "Polygon",
        "coordinates": [
          [
            [
              121.1898222,
              24.9664374
            ],
            [
              121.1900798,
              24.9664409
            ],
            [
              121.1900786,
              24.9665109
            ],
            [
              121.1898211,
              24.9665075
            ],
            [
              121.1898222,
              24.9664374
            ]
          ]
        ]
      },
      "properties": {
        "osm_id": 269122551,
        "name": "",
        "name_en": "",
        "building_type": "yes",
        "levels": 3,
        "height": 10.5,
        "addr": "",
        "operator": "",
        "min_height": 0.0,
        "mean_kw_raw": 0.0,
        "mean_kw": 0.0,
        "annual_kwh_raw": 0.0,
        "annual_mwh_raw": 0.0,
        "annual_kwh": 0.0,
        "annual_mwh": 0.0,
        "peak_kw": 0.0,
        "load_factor": 0.0,
        "eui_raw": 0.0,
        "eui": 0.0,
        "eui_kw_per_m2": 0.0,
        "energy_tier": "NORMAL",
        "tier_color": [
          240,
          196,
          25,
          220
        ],
        "meter_name": "",
        "meter_count": 0,
        "meter_role": "unmetered",
        "aggregation_method": "none",
        "split_policy": "none",
        "mass_balance_applied": false,
        "usage_profile": "default",
        "best_r2_oof": 0.0,
        "best_r_oof": 0.0,
        "best_cvrmse_oof": 0.0,
        "coverage_ratio": null,
        "physics_flags": "no_meter_data",
        "physics_corrected": false,
        "absolute_values_visible": false,
        "archetype_label": "Unmetered",
        "data_source": "無電表資料 (未估算)",
        "confidence_level": "none",
        "has_meter_data": false,
        "year_factor": 1.0,
        "data_year": 2016,
        "uid": "",
        "b_area": "",
        "b_floors": "",
        "b_type": "",
        "b_year": ""
      }
    },
    {
      "type": "Feature",
      "geometry": {
        "type": "Polygon",
        "coordinates": [
          [
            [
              121.1890043,
              24.9670244
            ],
            [
              121.1890057,
              24.9668752
            ],
            [
              121.1890447,
              24.9668755
            ],
            [
              121.1890443,
              24.9669128
            ],
            [
              121.1890759,
              24.9669131
            ],
            [
              121.1890748,
              24.967025
            ],
            [
              121.1890043,
              24.9670244
            ]
          ]
        ]
      },
      "properties": {
        "osm_id": 269122609,
        "name": "",
        "name_en": "",
        "building_type": "yes",
        "levels": 3,
        "height": 10.5,
        "addr": "",
        "operator": "",
        "min_height": 0.0,
        "mean_kw_raw": 0.0,
        "mean_kw": 0.0,
        "annual_kwh_raw": 0.0,
        "annual_mwh_raw": 0.0,
        "annual_kwh": 0.0,
        "annual_mwh": 0.0,
        "peak_kw": 0.0,
        "load_factor": 0.0,
        "eui_raw": 0.0,
        "eui": 0.0,
        "eui_kw_per_m2": 0.0,
        "energy_tier": "NORMAL",
        "tier_color": [
          240,
          196,
          25,
          220
        ],
        "meter_name": "",
        "meter_count": 0,
        "meter_role": "unmetered",
        "aggregation_method": "none",
        "split_policy": "none",
        "mass_balance_applied": false,
        "usage_profile": "default",
        "best_r2_oof": 0.0,
        "best_r_oof": 0.0,
        "best_cvrmse_oof": 0.0,
        "coverage_ratio": null,
        "physics_flags": "no_meter_data",
        "physics_corrected": false,
        "absolute_values_visible": false,
        "archetype_label": "Unmetered",
        "data_source": "無電表資料 (未估算)",
        "confidence_level": "none",
        "has_meter_data": false,
        "year_factor": 1.0,
        "data_year": 2016,
        "uid": "",
        "b_area": "",
        "b_floors": "",
        "b_type": "",
        "b_year": ""
      }
    },
    {
      "type": "Feature",
      "geometry": {
        "type": "Polygon",
        "coordinates": [
          [
            [
              121.1890754,
              24.9670457
            ],
            [
              121.1890766,
              24.9668886
            ],
            [
              121.1891129,
              24.9668889
            ],
            [
              121.1891126,
              24.9669273
            ],
            [
              121.1891448,
              24.9669275
            ],
            [
              121.1891439,
              24.9670462
            ],
            [
              121.1890754,
              24.9670457
            ]
          ]
        ]
      },
      "properties": {
        "osm_id": 269122610,
        "name": "",
        "name_en": "",
        "building_type": "yes",
        "levels": 3,
        "height": 10.5,
        "addr": "",
        "operator": "",
        "min_height": 0.0,
        "mean_kw_raw": 0.0,
        "mean_kw": 0.0,
        "annual_kwh_raw": 0.0,
        "annual_mwh_raw": 0.0,
        "annual_kwh": 0.0,
        "annual_mwh": 0.0,
        "peak_kw": 0.0,
        "load_factor": 0.0,
        "eui_raw": 0.0,
        "eui": 0.0,
        "eui_kw_per_m2": 0.0,
        "energy_tier": "NORMAL",
        "tier_color": [
          240,
          196,
          25,
          220
        ],
        "meter_name": "",
        "meter_count": 0,
        "meter_role": "unmetered",
        "aggregation_method": "none",
        "split_policy": "none",
        "mass_balance_applied": false,
        "usage_profile": "default",
        "best_r2_oof": 0.0,
        "best_r_oof": 0.0,
        "best_cvrmse_oof": 0.0,
        "coverage_ratio": null,
        "physics_flags": "no_meter_data",
        "physics_corrected": false,
        "absolute_values_visible": false,
        "archetype_label": "Unmetered",
        "data_source": "無電表資料 (未估算)",
        "confidence_level": "none",
        "has_meter_data": false,
        "year_factor": 1.0,
        "data_year": 2016,
        "uid": "",
        "b_area": "",
        "b_floors": "",
        "b_type": "",
        "b_year": ""
      }
    },
    {
      "type": "Feature",
      "geometry": {
        "type": "Polygon",
        "coordinates": [
          [
            [
              121.1891463,
              24.9668916
            ],
            [
              121.1891795,
              24.9668921
            ],
            [
              121.1891786,
              24.9669507
            ],
            [
              121.1892196,
              24.9669512
            ],
            [
              121.1892177,
              24.9670706
            ],
            [
              121.1891435,
              24.9670697
            ],
            [
              121.1891463,
              24.9668916
            ]
          ]
        ]
      },
      "properties": {
        "osm_id": 269122611,
        "name": "",
        "name_en": "",
        "building_type": "yes",
        "levels": 3,
        "height": 10.5,
        "addr": "",
        "operator": "",
        "min_height": 0.0,
        "mean_kw_raw": 0.0,
        "mean_kw": 0.0,
        "annual_kwh_raw": 0.0,
        "annual_mwh_raw": 0.0,
        "annual_kwh": 0.0,
        "annual_mwh": 0.0,
        "peak_kw": 0.0,
        "load_factor": 0.0,
        "eui_raw": 0.0,
        "eui": 0.0,
        "eui_kw_per_m2": 0.0,
        "energy_tier": "NORMAL",
        "tier_color": [
          240,
          196,
          25,
          220
        ],
        "meter_name": "",
        "meter_count": 0,
        "meter_role": "unmetered",
        "aggregation_method": "none",
        "split_policy": "none",
        "mass_balance_applied": false,
        "usage_profile": "default",
        "best_r2_oof": 0.0,
        "best_r_oof": 0.0,
        "best_cvrmse_oof": 0.0,
        "coverage_ratio": null,
        "physics_flags": "no_meter_data",
        "physics_corrected": false,
        "absolute_values_visible": false,
        "archetype_label": "Unmetered",
        "data_source": "無電表資料 (未估算)",
        "confidence_level": "none",
        "has_meter_data": false,
        "year_factor": 1.0,
        "data_year": 2016,
        "uid": "",
        "b_area": "",
        "b_floors": "",
        "b_type": "",
        "b_year": ""
      }
    },
    {
      "type": "Feature",
      "geometry": {
        "type": "Polygon",
        "coordinates": [
          [
            [
              121.1948742,
              24.9685867
            ],
            [
              121.1951907,
              24.9685769
            ],
            [
              121.1951907,
              24.9684335
            ],
            [
              121.1951612,
              24.9684335
            ],
            [
              121.1951579,
              24.968353
            ],
            [
              121.1952336,
              24.9683508
            ],
            [
              121.1952326,
              24.9682217
            ],
            [
              121.1951558,
              24.9682219
            ],
            [
              121.1951505,
              24.9680785
            ],
            [
              121.1951777,
              24.9680788
            ],
            [
              121.1951777,
              24.9679688
            ],
            [
              121.194873,
              24.9679772
            ],
            [
              121.1948769,
              24.9681295
            ],
            [
              121.1949547,
              24.9681271
            ],
            [
              121.1949547,
              24.9680906
            ],
            [
              121.1949944,
              24.9680905
            ],
            [
              121.1949956,
              24.9684969
            ],
            [
              121.1949547,
              24.9684967
            ],
            [
              121.1949547,
              24.968444
            ],
            [
              121.1948765,
              24.9684461
            ],
            [
              121.1948742,
              24.9685867
            ]
          ]
        ]
      },
      "properties": {
        "osm_id": 270806669,
        "name": "行政大樓",
        "name_en": "",
        "building_type": "university",
        "levels": 3,
        "height": 10.5,
        "addr": "",
        "operator": "",
        "min_height": 0.0,
        "mean_kw_raw": 0.0,
        "mean_kw": 0.0,
        "annual_kwh_raw": 0.0,
        "annual_mwh_raw": 0.0,
        "annual_kwh": 0.0,
        "annual_mwh": 0.0,
        "peak_kw": 0.0,
        "load_factor": 0.0,
        "eui_raw": 0.0,
        "eui": 0.0,
        "eui_kw_per_m2": 0.0,
        "energy_tier": "NORMAL",
        "tier_color": [
          240,
          196,
          25,
          220
        ],
        "meter_name": "",
        "meter_count": 0,
        "meter_role": "unmetered",
        "aggregation_method": "none",
        "split_policy": "none",
        "mass_balance_applied": false,
        "usage_profile": "default",
        "best_r2_oof": 0.0,
        "best_r_oof": 0.0,
        "best_cvrmse_oof": 0.0,
        "coverage_ratio": null,
        "physics_flags": "no_meter_data",
        "physics_corrected": false,
        "absolute_values_visible": false,
        "archetype_label": "Unmetered",
        "data_source": "無電表資料 (未估算)",
        "confidence_level": "none",
        "has_meter_data": false,
        "year_factor": 1.0,
        "data_year": 2016,
        "uid": "",
        "b_area": "",
        "b_floors": "",
        "b_type": "",
        "b_year": ""
      }
    },
    {
      "type": "Feature",
      "geometry": {
        "type": "Polygon",
        "coordinates": [
          [
            [
              121.1959885,
              24.9703232
            ],
            [
              121.1959915,
              24.9698596
            ],
            [
              121.1958344,
              24.9698623
            ],
            [
              121.1958427,
              24.9703224
            ],
            [
              121.1959885,
              24.9703232
            ]
          ]
        ]
      },
      "properties": {
        "osm_id": 270806670,
        "name": "車庫",
        "name_en": "",
        "building_type": "garage",
        "levels": 3,
        "height": 10.5,
        "addr": "",
        "operator": "",
        "min_height": 0.0,
        "mean_kw_raw": 0.0,
        "mean_kw": 0.0,
        "annual_kwh_raw": 0.0,
        "annual_mwh_raw": 0.0,
        "annual_kwh": 0.0,
        "annual_mwh": 0.0,
        "peak_kw": 0.0,
        "load_factor": 0.0,
        "eui_raw": 0.0,
        "eui": 0.0,
        "eui_kw_per_m2": 0.0,
        "energy_tier": "NORMAL",
        "tier_color": [
          240,
          196,
          25,
          220
        ],
        "meter_name": "",
        "meter_count": 0,
        "meter_role": "unmetered",
        "aggregation_method": "none",
        "split_policy": "none",
        "mass_balance_applied": false,
        "usage_profile": "default",
        "best_r2_oof": 0.0,
        "best_r_oof": 0.0,
        "best_cvrmse_oof": 0.0,
        "coverage_ratio": null,
        "physics_flags": "no_meter_data",
        "physics_corrected": false,
        "absolute_values_visible": false,
        "archetype_label": "Unmetered",
        "data_source": "無電表資料 (未估算)",
        "confidence_level": "none",
        "has_meter_data": false,
        "year_factor": 1.0,
        "data_year": 2016,
        "uid": "",
        "b_area": "",
        "b_floors": "",
        "b_type": "",
        "b_year": ""
      }
    },
    {
      "type": "Feature",
      "geometry": {
        "type": "Polygon",
        "coordinates": [
          [
            [
              121.1961005,
              24.9701822
            ],
            [
              121.1963007,
              24.9701777
            ],
            [
              121.1962909,
              24.9698161
            ],
            [
              121.1961265,
              24.9698197
            ],
            [
              121.1961349,
              24.9701273
            ],
            [
              121.196099,
              24.9701281
            ],
            [
              121.1961005,
              24.9701822
            ]
          ]
        ]
      },
      "properties": {
        "osm_id": 270806671,
        "name": "資源回收及垃圾處理場",
        "name_en": "",
        "building_type": "yes",
        "levels": 3,
        "height": 10.5,
        "addr": "",
        "operator": "",
        "min_height": 0.0,
        "mean_kw_raw": 0.0,
        "mean_kw": 0.0,
        "annual_kwh_raw": 0.0,
        "annual_mwh_raw": 0.0,
        "annual_kwh": 0.0,
        "annual_mwh": 0.0,
        "peak_kw": 0.0,
        "load_factor": 0.0,
        "eui_raw": 0.0,
        "eui": 0.0,
        "eui_kw_per_m2": 0.0,
        "energy_tier": "NORMAL",
        "tier_color": [
          240,
          196,
          25,
          220
        ],
        "meter_name": "",
        "meter_count": 0,
        "meter_role": "unmetered",
        "aggregation_method": "none",
        "split_policy": "none",
        "mass_balance_applied": false,
        "usage_profile": "default",
        "best_r2_oof": 0.0,
        "best_r_oof": 0.0,
        "best_cvrmse_oof": 0.0,
        "coverage_ratio": null,
        "physics_flags": "no_meter_data",
        "physics_corrected": false,
        "absolute_values_visible": false,
        "archetype_label": "Unmetered",
        "data_source": "無電表資料 (未估算)",
        "confidence_level": "none",
        "has_meter_data": false,
        "year_factor": 1.0,
        "data_year": 2016,
        "uid": "",
        "b_area": "",
        "b_floors": "",
        "b_type": "",
        "b_year": ""
      }
    },
    {
      "type": "Feature",
      "geometry": {
        "type": "Polygon",
        "coordinates": [
          [
            [
              121.1853848,
              24.9674504
            ],
            [
              121.1854595,
              24.9675288
            ],
            [
              121.1855926,
              24.9674208
            ],
            [
              121.1855225,
              24.9673446
            ],
            [
              121.1853848,
              24.9674504
            ]
          ]
        ]
      },
      "properties": {
        "osm_id": 270954440,
        "name": "大氣環境實驗室",
        "name_en": "",
        "building_type": "university",
        "levels": 3,
        "height": 10.5,
        "addr": "",
        "operator": "",
        "min_height": 0.0,
        "mean_kw_raw": 0.0,
        "mean_kw": 0.0,
        "annual_kwh_raw": 0.0,
        "annual_mwh_raw": 0.0,
        "annual_kwh": 0.0,
        "annual_mwh": 0.0,
        "peak_kw": 0.0,
        "load_factor": 0.0,
        "eui_raw": 0.0,
        "eui": 0.0,
        "eui_kw_per_m2": 0.0,
        "energy_tier": "NORMAL",
        "tier_color": [
          240,
          196,
          25,
          220
        ],
        "meter_name": "",
        "meter_count": 0,
        "meter_role": "unmetered",
        "aggregation_method": "none",
        "split_policy": "none",
        "mass_balance_applied": false,
        "usage_profile": "default",
        "best_r2_oof": 0.0,
        "best_r_oof": 0.0,
        "best_cvrmse_oof": 0.0,
        "coverage_ratio": null,
        "physics_flags": "no_meter_data",
        "physics_corrected": false,
        "absolute_values_visible": false,
        "archetype_label": "Unmetered",
        "data_source": "無電表資料 (未估算)",
        "confidence_level": "none",
        "has_meter_data": false,
        "year_factor": 1.0,
        "data_year": 2016,
        "uid": "",
        "b_area": "",
        "b_floors": "",
        "b_type": "",
        "b_year": ""
      }
    },
    {
      "type": "Feature",
      "geometry": {
        "type": "Polygon",
        "coordinates": [
          [
            [
              121.1956987,
              24.9694481
            ],
            [
              121.1956987,
              24.9693406
            ],
            [
              121.1958897,
              24.9693406
            ],
            [
              121.1958882,
              24.9694495
            ],
            [
              121.1956987,
              24.9694481
            ]
          ]
        ]
      },
      "properties": {
        "osm_id": 270954441,
        "name": "校長宿舍",
        "name_en": "",
        "building_type": "dormitory",
        "levels": 3,
        "height": 10.5,
        "addr": "",
        "operator": "",
        "min_height": 0.0,
        "mean_kw_raw": 0.0,
        "mean_kw": 0.0,
        "annual_kwh_raw": 0.0,
        "annual_mwh_raw": 0.0,
        "annual_kwh": 0.0,
        "annual_mwh": 0.0,
        "peak_kw": 0.0,
        "load_factor": 0.0,
        "eui_raw": 0.0,
        "eui": 0.0,
        "eui_kw_per_m2": 0.0,
        "energy_tier": "NORMAL",
        "tier_color": [
          240,
          196,
          25,
          220
        ],
        "meter_name": "",
        "meter_count": 0,
        "meter_role": "unmetered",
        "aggregation_method": "none",
        "split_policy": "none",
        "mass_balance_applied": false,
        "usage_profile": "default",
        "best_r2_oof": 0.0,
        "best_r_oof": 0.0,
        "best_cvrmse_oof": 0.0,
        "coverage_ratio": null,
        "physics_flags": "no_meter_data",
        "physics_corrected": false,
        "absolute_values_visible": false,
        "archetype_label": "Unmetered",
        "data_source": "無電表資料 (未估算)",
        "confidence_level": "none",
        "has_meter_data": false,
        "year_factor": 1.0,
        "data_year": 2016,
        "uid": "",
        "b_area": "",
        "b_floors": "",
        "b_type": "",
        "b_year": ""
      }
    },
    {
      "type": "Feature",
      "geometry": {
        "type": "Polygon",
        "coordinates": [
          [
            [
              121.190737,
              24.9672212
            ],
            [
              121.1908073,
              24.9672206
            ],
            [
              121.190806,
              24.9670918
            ],
            [
              121.1907357,
              24.9670924
            ],
            [
              121.190737,
              24.9672212
            ]
          ]
        ]
      },
      "properties": {
        "osm_id": 566172504,
        "name": "打啵",
        "name_en": "",
        "building_type": "yes",
        "levels": 3,
        "height": 10.5,
        "addr": "",
        "operator": "",
        "min_height": 0.0,
        "mean_kw_raw": 0.0,
        "mean_kw": 0.0,
        "annual_kwh_raw": 0.0,
        "annual_mwh_raw": 0.0,
        "annual_kwh": 0.0,
        "annual_mwh": 0.0,
        "peak_kw": 0.0,
        "load_factor": 0.0,
        "eui_raw": 0.0,
        "eui": 0.0,
        "eui_kw_per_m2": 0.0,
        "energy_tier": "NORMAL",
        "tier_color": [
          240,
          196,
          25,
          220
        ],
        "meter_name": "",
        "meter_count": 0,
        "meter_role": "unmetered",
        "aggregation_method": "none",
        "split_policy": "none",
        "mass_balance_applied": false,
        "usage_profile": "default",
        "best_r2_oof": 0.0,
        "best_r_oof": 0.0,
        "best_cvrmse_oof": 0.0,
        "coverage_ratio": null,
        "physics_flags": "no_meter_data",
        "physics_corrected": false,
        "absolute_values_visible": false,
        "archetype_label": "Unmetered",
        "data_source": "無電表資料 (未估算)",
        "confidence_level": "none",
        "has_meter_data": false,
        "year_factor": 1.0,
        "data_year": 2016,
        "uid": "",
        "b_area": "",
        "b_floors": "",
        "b_type": "",
        "b_year": ""
      }
    },
    {
      "type": "Feature",
      "geometry": {
        "type": "Polygon",
        "coordinates": [
          [
            [
              121.191255,
              24.9658438
            ],
            [
              121.191259,
              24.9657535
            ],
            [
              121.1914908,
              24.9657553
            ],
            [
              121.1914908,
              24.9658991
            ],
            [
              121.1914156,
              24.9659027
            ],
            [
              121.1914156,
              24.9658475
            ],
            [
              121.191255,
              24.9658438
            ]
          ]
        ]
      },
      "properties": {
        "osm_id": 678329041,
        "name": "",
        "name_en": "",
        "building_type": "house",
        "levels": 3,
        "height": 10.5,
        "addr": "",
        "operator": "",
        "min_height": 0.0,
        "mean_kw_raw": 0.0,
        "mean_kw": 0.0,
        "annual_kwh_raw": 0.0,
        "annual_mwh_raw": 0.0,
        "annual_kwh": 0.0,
        "annual_mwh": 0.0,
        "peak_kw": 0.0,
        "load_factor": 0.0,
        "eui_raw": 0.0,
        "eui": 0.0,
        "eui_kw_per_m2": 0.0,
        "energy_tier": "NORMAL",
        "tier_color": [
          240,
          196,
          25,
          220
        ],
        "meter_name": "",
        "meter_count": 0,
        "meter_role": "unmetered",
        "aggregation_method": "none",
        "split_policy": "none",
        "mass_balance_applied": false,
        "usage_profile": "default",
        "best_r2_oof": 0.0,
        "best_r_oof": 0.0,
        "best_cvrmse_oof": 0.0,
        "coverage_ratio": null,
        "physics_flags": "no_meter_data",
        "physics_corrected": false,
        "absolute_values_visible": false,
        "archetype_label": "Unmetered",
        "data_source": "無電表資料 (未估算)",
        "confidence_level": "none",
        "has_meter_data": false,
        "year_factor": 1.0,
        "data_year": 2016,
        "uid": "",
        "b_area": "",
        "b_floors": "",
        "b_type": "",
        "b_year": ""
      }
    },
    {
      "type": "Feature",
      "geometry": {
        "type": "Polygon",
        "coordinates": [
          [
            [
              121.1915639,
              24.9658954
            ],
            [
              121.191568,
              24.965748
            ],
            [
              121.1917774,
              24.9657461
            ],
            [
              121.1917753,
              24.9658917
            ],
            [
              121.1917184,
              24.9658935
            ],
            [
              121.1917144,
              24.9658346
            ],
            [
              121.1916229,
              24.9658327
            ],
            [
              121.1916148,
              24.9658972
            ],
            [
              121.1915639,
              24.9658954
            ]
          ]
        ]
      },
      "properties": {
        "osm_id": 678329042,
        "name": "",
        "name_en": "",
        "building_type": "house",
        "levels": 3,
        "height": 10.5,
        "addr": "",
        "operator": "",
        "min_height": 0.0,
        "mean_kw_raw": 0.0,
        "mean_kw": 0.0,
        "annual_kwh_raw": 0.0,
        "annual_mwh_raw": 0.0,
        "annual_kwh": 0.0,
        "annual_mwh": 0.0,
        "peak_kw": 0.0,
        "load_factor": 0.0,
        "eui_raw": 0.0,
        "eui": 0.0,
        "eui_kw_per_m2": 0.0,
        "energy_tier": "NORMAL",
        "tier_color": [
          240,
          196,
          25,
          220
        ],
        "meter_name": "",
        "meter_count": 0,
        "meter_role": "unmetered",
        "aggregation_method": "none",
        "split_policy": "none",
        "mass_balance_applied": false,
        "usage_profile": "default",
        "best_r2_oof": 0.0,
        "best_r_oof": 0.0,
        "best_cvrmse_oof": 0.0,
        "coverage_ratio": null,
        "physics_flags": "no_meter_data",
        "physics_corrected": false,
        "absolute_values_visible": false,
        "archetype_label": "Unmetered",
        "data_source": "無電表資料 (未估算)",
        "confidence_level": "none",
        "has_meter_data": false,
        "year_factor": 1.0,
        "data_year": 2016,
        "uid": "",
        "b_area": "",
        "b_floors": "",
        "b_type": "",
        "b_year": ""
      }
    },
    {
      "type": "Feature",
      "geometry": {
        "type": "Polygon",
        "coordinates": [
          [
            [
              121.1918079,
              24.9660889
            ],
            [
              121.1918119,
              24.9659396
            ],
            [
              121.1921148,
              24.9659322
            ],
            [
              121.1921107,
              24.9660907
            ],
            [
              121.1918079,
              24.9660889
            ]
          ]
        ]
      },
      "properties": {
        "osm_id": 678329043,
        "name": "中大幼稚園",
        "name_en": "",
        "building_type": "kindergarten",
        "levels": 3,
        "height": 10.5,
        "addr": "",
        "operator": "",
        "min_height": 0.0,
        "mean_kw_raw": 0.0,
        "mean_kw": 0.0,
        "annual_kwh_raw": 0.0,
        "annual_mwh_raw": 0.0,
        "annual_kwh": 0.0,
        "annual_mwh": 0.0,
        "peak_kw": 0.0,
        "load_factor": 0.0,
        "eui_raw": 0.0,
        "eui": 0.0,
        "eui_kw_per_m2": 0.0,
        "energy_tier": "NORMAL",
        "tier_color": [
          240,
          196,
          25,
          220
        ],
        "meter_name": "",
        "meter_count": 0,
        "meter_role": "unmetered",
        "aggregation_method": "none",
        "split_policy": "none",
        "mass_balance_applied": false,
        "usage_profile": "default",
        "best_r2_oof": 0.0,
        "best_r_oof": 0.0,
        "best_cvrmse_oof": 0.0,
        "coverage_ratio": null,
        "physics_flags": "no_meter_data",
        "physics_corrected": false,
        "absolute_values_visible": false,
        "archetype_label": "Unmetered",
        "data_source": "無電表資料 (未估算)",
        "confidence_level": "none",
        "has_meter_data": false,
        "year_factor": 1.0,
        "data_year": 2016,
        "uid": "",
        "b_area": "",
        "b_floors": "",
        "b_type": "",
        "b_year": ""
      }
    },
    {
      "type": "Feature",
      "geometry": {
        "type": "Polygon",
        "coordinates": [
          [
            [
              121.1918567,
              24.9658401
            ],
            [
              121.1918511,
              24.9657619
            ],
            [
              121.1920495,
              24.9657503
            ],
            [
              121.1920558,
              24.9658387
            ],
            [
              121.1920085,
              24.9658415
            ],
            [
              121.1920111,
              24.9658788
            ],
            [
              121.1919807,
              24.9658905
            ],
            [
              121.1919624,
              24.9658512
            ],
            [
              121.191938,
              24.9658862
            ],
            [
              121.1918986,
              24.9658908
            ],
            [
              121.1918953,
              24.9658677
            ],
            [
              121.1918567,
              24.9658401
            ]
          ]
        ]
      },
      "properties": {
        "osm_id": 678329044,
        "name": "",
        "name_en": "",
        "building_type": "house",
        "levels": 3,
        "height": 10.5,
        "addr": "",
        "operator": "",
        "min_height": 0.0,
        "mean_kw_raw": 0.0,
        "mean_kw": 0.0,
        "annual_kwh_raw": 0.0,
        "annual_mwh_raw": 0.0,
        "annual_kwh": 0.0,
        "annual_mwh": 0.0,
        "peak_kw": 0.0,
        "load_factor": 0.0,
        "eui_raw": 0.0,
        "eui": 0.0,
        "eui_kw_per_m2": 0.0,
        "energy_tier": "NORMAL",
        "tier_color": [
          240,
          196,
          25,
          220
        ],
        "meter_name": "",
        "meter_count": 0,
        "meter_role": "unmetered",
        "aggregation_method": "none",
        "split_policy": "none",
        "mass_balance_applied": false,
        "usage_profile": "default",
        "best_r2_oof": 0.0,
        "best_r_oof": 0.0,
        "best_cvrmse_oof": 0.0,
        "coverage_ratio": null,
        "physics_flags": "no_meter_data",
        "physics_corrected": false,
        "absolute_values_visible": false,
        "archetype_label": "Unmetered",
        "data_source": "無電表資料 (未估算)",
        "confidence_level": "none",
        "has_meter_data": false,
        "year_factor": 1.0,
        "data_year": 2016,
        "uid": "",
        "b_area": "",
        "b_floors": "",
        "b_type": "",
        "b_year": ""
      }
    },
    {
      "type": "Feature",
      "geometry": {
        "type": "Polygon",
        "coordinates": [
          [
            [
              121.1921494,
              24.9658401
            ],
            [
              121.1921494,
              24.9657
            ],
            [
              121.1923323,
              24.9657074
            ],
            [
              121.1923303,
              24.9658512
            ],
            [
              121.1921494,
              24.9658401
            ]
          ]
        ]
      },
      "properties": {
        "osm_id": 678329045,
        "name": "",
        "name_en": "",
        "building_type": "house",
        "levels": 3,
        "height": 10.5,
        "addr": "",
        "operator": "",
        "min_height": 0.0,
        "mean_kw_raw": 0.0,
        "mean_kw": 0.0,
        "annual_kwh_raw": 0.0,
        "annual_mwh_raw": 0.0,
        "annual_kwh": 0.0,
        "annual_mwh": 0.0,
        "peak_kw": 0.0,
        "load_factor": 0.0,
        "eui_raw": 0.0,
        "eui": 0.0,
        "eui_kw_per_m2": 0.0,
        "energy_tier": "NORMAL",
        "tier_color": [
          240,
          196,
          25,
          220
        ],
        "meter_name": "",
        "meter_count": 0,
        "meter_role": "unmetered",
        "aggregation_method": "none",
        "split_policy": "none",
        "mass_balance_applied": false,
        "usage_profile": "default",
        "best_r2_oof": 0.0,
        "best_r_oof": 0.0,
        "best_cvrmse_oof": 0.0,
        "coverage_ratio": null,
        "physics_flags": "no_meter_data",
        "physics_corrected": false,
        "absolute_values_visible": false,
        "archetype_label": "Unmetered",
        "data_source": "無電表資料 (未估算)",
        "confidence_level": "none",
        "has_meter_data": false,
        "year_factor": 1.0,
        "data_year": 2016,
        "uid": "",
        "b_area": "",
        "b_floors": "",
        "b_type": "",
        "b_year": ""
      }
    },
    {
      "type": "Feature",
      "geometry": {
        "type": "Polygon",
        "coordinates": [
          [
            [
              121.1924197,
              24.9658456
            ],
            [
              121.1924035,
              24.965689
            ],
            [
              121.1926047,
              24.9656871
            ],
            [
              121.1926047,
              24.9658438
            ],
            [
              121.1924197,
              24.9658456
            ]
          ]
        ]
      },
      "properties": {
        "osm_id": 678329046,
        "name": "",
        "name_en": "",
        "building_type": "house",
        "levels": 3,
        "height": 10.5,
        "addr": "",
        "operator": "",
        "min_height": 0.0,
        "mean_kw_raw": 0.0,
        "mean_kw": 0.0,
        "annual_kwh_raw": 0.0,
        "annual_mwh_raw": 0.0,
        "annual_kwh": 0.0,
        "annual_mwh": 0.0,
        "peak_kw": 0.0,
        "load_factor": 0.0,
        "eui_raw": 0.0,
        "eui": 0.0,
        "eui_kw_per_m2": 0.0,
        "energy_tier": "NORMAL",
        "tier_color": [
          240,
          196,
          25,
          220
        ],
        "meter_name": "",
        "meter_count": 0,
        "meter_role": "unmetered",
        "aggregation_method": "none",
        "split_policy": "none",
        "mass_balance_applied": false,
        "usage_profile": "default",
        "best_r2_oof": 0.0,
        "best_r_oof": 0.0,
        "best_cvrmse_oof": 0.0,
        "coverage_ratio": null,
        "physics_flags": "no_meter_data",
        "physics_corrected": false,
        "absolute_values_visible": false,
        "archetype_label": "Unmetered",
        "data_source": "無電表資料 (未估算)",
        "confidence_level": "none",
        "has_meter_data": false,
        "year_factor": 1.0,
        "data_year": 2016,
        "uid": "",
        "b_area": "",
        "b_floors": "",
        "b_type": "",
        "b_year": ""
      }
    },
    {
      "type": "Feature",
      "geometry": {
        "type": "Polygon",
        "coordinates": [
          [
            [
              121.1918288,
              24.9680639
            ],
            [
              121.1914806,
              24.9680646
            ],
            [
              121.191486,
              24.9685951
            ],
            [
              121.1918336,
              24.9685922
            ],
            [
              121.1918328,
              24.9685135
            ],
            [
              121.1918682,
              24.9685188
            ],
            [
              121.1919063,
              24.968512
            ],
            [
              121.191925,
              24.9684974
            ],
            [
              121.1919352,
              24.9684721
            ],
            [
              121.1919358,
              24.9684444
            ],
            [
              121.1919256,
              24.9684157
            ],
            [
              121.1919057,
              24.9683973
            ],
            [
              121.1918639,
              24.9683856
            ],
            [
              121.1918306,
              24.9683856
            ],
            [
              121.1918288,
              24.9680639
            ]
          ]
        ]
      },
      "properties": {
        "osm_id": 996613836,
        "name": "教學研究綜合大樓",
        "name_en": "",
        "building_type": "university",
        "levels": 3,
        "height": 10.5,
        "addr": "",
        "operator": "",
        "min_height": 0.0,
        "mean_kw_raw": 0.0,
        "mean_kw": 0.0,
        "annual_kwh_raw": 0.0,
        "annual_mwh_raw": 0.0,
        "annual_kwh": 0.0,
        "annual_mwh": 0.0,
        "peak_kw": 0.0,
        "load_factor": 0.0,
        "eui_raw": 0.0,
        "eui": 0.0,
        "eui_kw_per_m2": 0.0,
        "energy_tier": "NORMAL",
        "tier_color": [
          240,
          196,
          25,
          220
        ],
        "meter_name": "",
        "meter_count": 0,
        "meter_role": "unmetered",
        "aggregation_method": "none",
        "split_policy": "none",
        "mass_balance_applied": false,
        "usage_profile": "default",
        "best_r2_oof": 0.0,
        "best_r_oof": 0.0,
        "best_cvrmse_oof": 0.0,
        "coverage_ratio": null,
        "physics_flags": "no_meter_data",
        "physics_corrected": false,
        "absolute_values_visible": false,
        "archetype_label": "Unmetered",
        "data_source": "無電表資料 (未估算)",
        "confidence_level": "none",
        "has_meter_data": false,
        "year_factor": 1.0,
        "data_year": 2016,
        "uid": "",
        "b_area": "",
        "b_floors": "",
        "b_type": "",
        "b_year": ""
      }
    },
    {
      "type": "Feature",
      "geometry": {
        "type": "Polygon",
        "coordinates": [
          [
            [
              121.1920935,
              24.9681332
            ],
            [
              121.1921428,
              24.9680982
            ],
            [
              121.1921922,
              24.9680788
            ],
            [
              121.1922598,
              24.9680671
            ],
            [
              121.1923284,
              24.968072
            ],
            [
              121.192381,
              24.9680875
            ],
            [
              121.192439,
              24.9681138
            ],
            [
              121.1924829,
              24.9681012
            ],
            [
              121.1925248,
              24.9680992
            ],
            [
              121.1925677,
              24.968105
            ],
            [
              121.1926074,
              24.9681284
            ],
            [
              121.1926364,
              24.9681566
            ],
            [
              121.1926643,
              24.9681897
            ],
            [
              121.1926814,
              24.9682383
            ],
            [
              121.1926855,
              24.9682743
            ],
            [
              121.192685,
              24.968311
            ],
            [
              121.1926742,
              24.968352
            ],
            [
              121.1926623,
              24.9683872
            ],
            [
              121.1926457,
              24.9684159
            ],
            [
              121.1926178,
              24.9684539
            ],
            [
              121.1925904,
              24.9684738
            ],
            [
              121.1925381,
              24.9684972
            ],
            [
              121.1924831,
              24.9685011
            ],
            [
              121.1924408,
              24.9684819
            ],
            [
              121.1924038,
              24.9685004
            ],
            [
              121.1923379,
              24.9685208
            ],
            [
              121.1922856,
              24.9685274
            ],
            [
              121.1922288,
              24.9685233
            ],
            [
              121.1921747,
              24.9685045
            ],
            [
              121.1921205,
              24.9684718
            ],
            [
              121.1920826,
              24.9684341
            ],
            [
              121.1920592,
              24.9683891
            ],
            [
              121.192042,
              24.9683376
            ],
            [
              121.1920384,
              24.9682853
            ],
            [
              121.1920455,
              24.9682325
            ],
            [
              121.1920615,
              24.968173
            ],
            [
              121.1920935,
              24.9681332
            ]
          ]
        ]
      },
      "properties": {
        "osm_id": 996613837,
        "name": "大禮堂",
        "name_en": "",
        "building_type": "university",
        "levels": 3,
        "height": 10.5,
        "addr": "",
        "operator": "",
        "min_height": 0.0,
        "mean_kw_raw": 0.0,
        "mean_kw": 0.0,
        "annual_kwh_raw": 0.0,
        "annual_mwh_raw": 0.0,
        "annual_kwh": 0.0,
        "annual_mwh": 0.0,
        "peak_kw": 0.0,
        "load_factor": 0.0,
        "eui_raw": 0.0,
        "eui": 0.0,
        "eui_kw_per_m2": 0.0,
        "energy_tier": "NORMAL",
        "tier_color": [
          240,
          196,
          25,
          220
        ],
        "meter_name": "",
        "meter_count": 0,
        "meter_role": "unmetered",
        "aggregation_method": "none",
        "split_policy": "none",
        "mass_balance_applied": false,
        "usage_profile": "default",
        "best_r2_oof": 0.0,
        "best_r_oof": 0.0,
        "best_cvrmse_oof": 0.0,
        "coverage_ratio": null,
        "physics_flags": "no_meter_data",
        "physics_corrected": false,
        "absolute_values_visible": false,
        "archetype_label": "Unmetered",
        "data_source": "無電表資料 (未估算)",
        "confidence_level": "none",
        "has_meter_data": false,
        "year_factor": 1.0,
        "data_year": 2016,
        "uid": "",
        "b_area": "",
        "b_floors": "",
        "b_type": "",
        "b_year": ""
      }
    },
    {
      "type": "Feature",
      "geometry": {
        "type": "Polygon",
        "coordinates": [
          [
            [
              121.1903769,
              24.9698098
            ],
            [
              121.1903757,
              24.9696266
            ],
            [
              121.1893211,
              24.969632
            ],
            [
              121.1893222,
              24.9698154
            ],
            [
              121.1903769,
              24.9698098
            ]
          ]
        ]
      },
      "properties": {
        "osm_id": 1041679633,
        "name": "中大國民運動中心",
        "name_en": "",
        "building_type": "yes",
        "levels": 3,
        "height": 10.5,
        "addr": "",
        "operator": "",
        "min_height": 0.0,
        "mean_kw_raw": 0.0,
        "mean_kw": 0.0,
        "annual_kwh_raw": 0.0,
        "annual_mwh_raw": 0.0,
        "annual_kwh": 0.0,
        "annual_mwh": 0.0,
        "peak_kw": 0.0,
        "load_factor": 0.0,
        "eui_raw": 0.0,
        "eui": 0.0,
        "eui_kw_per_m2": 0.0,
        "energy_tier": "NORMAL",
        "tier_color": [
          240,
          196,
          25,
          220
        ],
        "meter_name": "",
        "meter_count": 0,
        "meter_role": "unmetered",
        "aggregation_method": "none",
        "split_policy": "none",
        "mass_balance_applied": false,
        "usage_profile": "default",
        "best_r2_oof": 0.0,
        "best_r_oof": 0.0,
        "best_cvrmse_oof": 0.0,
        "coverage_ratio": null,
        "physics_flags": "no_meter_data",
        "physics_corrected": false,
        "absolute_values_visible": false,
        "archetype_label": "Unmetered",
        "data_source": "無電表資料 (未估算)",
        "confidence_level": "none",
        "has_meter_data": false,
        "year_factor": 1.0,
        "data_year": 2016,
        "uid": "",
        "b_area": "",
        "b_floors": "",
        "b_type": "",
        "b_year": ""
      }
    },
    {
      "type": "Feature",
      "geometry": {
        "type": "Polygon",
        "coordinates": [
          [
            [
              121.1883944,
              24.9683843
            ],
            [
              121.1884671,
              24.968384
            ],
            [
              121.1884672,
              24.968403
            ],
            [
              121.1889378,
              24.968401
            ],
            [
              121.1889377,
              24.9683819
            ],
            [
              121.1890098,
              24.9683816
            ],
            [
              121.1890091,
              24.9682187
            ],
            [
              121.1889012,
              24.9682191
            ],
            [
              121.1889004,
              24.9680517
            ],
            [
              121.1890005,
              24.9680513
            ],
            [
              121.1889989,
              24.9677135
            ],
            [
              121.18902,
              24.9676859
            ],
            [
              121.1889989,
              24.9676182
            ],
            [
              121.1888907,
              24.9674858
            ],
            [
              121.1887724,
              24.9675653
            ],
            [
              121.1887727,
              24.9676161
            ],
            [
              121.1886238,
              24.9676168
            ],
            [
              121.1886236,
              24.967577
            ],
            [
              121.1883824,
              24.9675782
            ],
            [
              121.188383,
              24.9676851
            ],
            [
              121.1882904,
              24.9676855
            ],
            [
              121.1882899,
              24.9675879
            ],
            [
              121.1880544,
              24.967589
            ],
            [
              121.1880577,
              24.9681722
            ],
            [
              121.1881465,
              24.9681718
            ],
            [
              121.1881472,
              24.9682913
            ],
            [
              121.1882694,
              24.9682907
            ],
            [
              121.1882665,
              24.9677645
            ],
            [
              121.1883925,
              24.967764
            ],
            [
              121.1883945,
              24.9681155
            ],
            [
              121.1884766,
              24.9681151
            ],
            [
              121.1884772,
              24.9682142
            ],
            [
              121.1883935,
              24.9682146
            ],
            [
              121.1883944,
              24.9683843
            ]
          ]
        ]
      },
      "properties": {
        "osm_id": 6576312,
        "name": "工程三館(機械館)",
        "name_en": "",
        "building_type": "university",
        "levels": 3,
        "height": 10.5,
        "addr": "",
        "operator": "",
        "min_height": 0.0,
        "mean_kw_raw": 0.0,
        "mean_kw": 0.0,
        "annual_kwh_raw": 0.0,
        "annual_mwh_raw": 0.0,
        "annual_kwh": 0.0,
        "annual_mwh": 0.0,
        "peak_kw": 0.0,
        "load_factor": 0.0,
        "eui_raw": 0.0,
        "eui": 0.0,
        "eui_kw_per_m2": 0.0,
        "energy_tier": "NORMAL",
        "tier_color": [
          240,
          196,
          25,
          220
        ],
        "meter_name": "",
        "meter_count": 0,
        "meter_role": "unmetered",
        "aggregation_method": "none",
        "split_policy": "none",
        "mass_balance_applied": false,
        "usage_profile": "default",
        "best_r2_oof": 0.0,
        "best_r_oof": 0.0,
        "best_cvrmse_oof": 0.0,
        "coverage_ratio": null,
        "physics_flags": "no_meter_data",
        "physics_corrected": false,
        "absolute_values_visible": false,
        "archetype_label": "Unmetered",
        "data_source": "無電表資料 (未估算)",
        "confidence_level": "none",
        "has_meter_data": false,
        "year_factor": 1.0,
        "data_year": 2016,
        "uid": "",
        "b_area": "",
        "b_floors": "",
        "b_type": "",
        "b_year": ""
      }
    },
    {
      "type": "Feature",
      "geometry": {
        "type": "Polygon",
        "coordinates": [
          [
            [
              121.1940007,
              24.9710558
            ],
            [
              121.1939981,
              24.9705623
            ],
            [
              121.194607,
              24.9705596
            ],
            [
              121.1946113,
              24.9713542
            ],
            [
              121.1943252,
              24.9713555
            ],
            [
              121.1943242,
              24.9711643
            ],
            [
              121.1944066,
              24.9711639
            ],
            [
              121.1944068,
              24.9712147
            ],
            [
              121.1945307,
              24.9712142
            ],
            [
              121.1945303,
              24.9711429
            ],
            [
              121.1944981,
              24.971143
            ],
            [
              121.1944978,
              24.9710798
            ],
            [
              121.1945231,
              24.9710796
            ],
            [
              121.194523,
              24.9710535
            ],
            [
              121.1940007,
              24.9710558
            ]
          ]
        ]
      },
      "properties": {
        "osm_id": 8244873,
        "name": "曦望居",
        "name_en": "",
        "building_type": "dormitory",
        "levels": 3,
        "height": 10.5,
        "addr": "",
        "operator": "",
        "min_height": 0.0,
        "mean_kw_raw": 0.0,
        "mean_kw": 0.0,
        "annual_kwh_raw": 0.0,
        "annual_mwh_raw": 0.0,
        "annual_kwh": 0.0,
        "annual_mwh": 0.0,
        "peak_kw": 0.0,
        "load_factor": 0.0,
        "eui_raw": 0.0,
        "eui": 0.0,
        "eui_kw_per_m2": 0.0,
        "energy_tier": "NORMAL",
        "tier_color": [
          240,
          196,
          25,
          220
        ],
        "meter_name": "",
        "meter_count": 0,
        "meter_role": "unmetered",
        "aggregation_method": "none",
        "split_policy": "none",
        "mass_balance_applied": false,
        "usage_profile": "default",
        "best_r2_oof": 0.0,
        "best_r_oof": 0.0,
        "best_cvrmse_oof": 0.0,
        "coverage_ratio": null,
        "physics_flags": "no_meter_data",
        "physics_corrected": false,
        "absolute_values_visible": false,
        "archetype_label": "Unmetered",
        "data_source": "無電表資料 (未估算)",
        "confidence_level": "none",
        "has_meter_data": false,
        "year_factor": 1.0,
        "data_year": 2016,
        "uid": "",
        "b_area": "",
        "b_floors": "",
        "b_type": "",
        "b_year": ""
      }
    }
  ]
}