yr,mo,da,hr,mi,etr,etrn,ghi,dni,dhi,tcld,db,dp,rh,ps,wdir,wspd,hvis,ch,lpd,lpq
2021,1,1,1,60,0.0,0.0,0.0,0.0,0.0,5,12.0,7.0,66,1027.9,88,9.3,-9900,-9900,0.0,0.0
2021,1,1,2,60,0.0,0.0,0.0,0.0,0.0,5,12.5,7.5,67,1027.4,88,9.3,-9900,-9900,0.0,0.0
2021,1,1,3,60,0.0,0.0,0.0,0.0,0.0,5,13.1,8.1,67,1026.9,87,11.1,-9900,-9900,0.0,0.0
2021,1,1,4,60,0.0,0.0,0.0,0.0,0.0,5,13.6,8.6,68,1026.4,86,11.1,-9900,-9900,0.0,0.0
2021,1,1,5,60,0.0,0.0,0.0,0.0,0.0,5,14.2,9.2,66,1025.2,85,9.3,-9900,-9900,0.0,0.0
2021,1,1,6,60,0.0,0.0,0.0,0.0,0.0,5,14.2,9.2,67,1024.3,85,11.1,-9900,-9900,0.0,0.0
2021,1,1,7,60,0.0,0.0,0.0,0.0,0.0,5,14.2,9.2,68,1023.4,84,11.1,-9900,-9900,0.0,0.0
2021,1,1,8,60,0.0,0.0,0.0,0.0,0.0,5,14.1,9.1,68,1023.5,82,11.1,-9900,-9900,0.0,0.0
2021,1,1,9,60,0.0,0.0,0.0,0.0,0.0,5,13.9,8.9,69,1023.6,80,9.3,-9900,-9900,0.0,0.0
2021,1,1,10,60,0.0,0.0,0.0,0.0,0.0,5,13.8,8.8,70,1023.7,78,9.3,-9900,-9900,0.0,0.0
2021,1,1,11,60,0.0,0.0,0.0,0.0,0.0,5,14.3,9.3,62,1024.1,73,11.1,-9900,-9900,0.0,0.0
2021,1,1,12,60,0.0,0.0,0.0,0.0,0.0,5,13.9,8.9,64,1024.5,78,9.3,-9900,-9900,0.0,0.0
2021,1,1,13,60,0.0,0.0,0.0,0.0,0.0,5,13.4,8.4,67,1024.9,87,7.4,-9900,-9900,0.0,0.0
2021,1,1,14,60,0.0,0.0,0.0,0.0,0.0,5,13.3,8.3,68,1024.9,89,7.4,-9900,-9900,0.0,0.0
2021,1,1,15,60,0.0,0.0,0.0,0.0,0.0,5,13.1,8.1,70,1024.9,92,7.4,-9900,-9900,0.0,0.0
2021,1,1,16,60,0.0,0.0,0.0,0.0,0.0,5,12.9,7.9,71,1024.8,98,5.5,-9900,-9900,0.0,0.0
2021,1,1,17,60,0.0,0.0,0.0,0.0,0.0,5,13.0,8.0,76,1024.7,132,5.5,-9900,-9900,0.0,0.0
2021,1,1,18,60,0.0,0.0,0.0,0.0,0.0,5,12.9,7.9,76,1024.7,113,5.5,-9900,-9900,0.0,0.0
2021,1,1,19,60,0.0,0.0,0.0,0.0,0.0,5,12.7,7.7,77,1024.8,85,5.5,-9900,-9900,0.0,0.0
2021,1,1,20,60,0.0,0.0,0.0,0.0,0.0,5,12.4,7.4,78,1024.9,87,5.5,-9900,-9900,0.0,0.0
2021,1,1,21,60,0.0,0.0,0.0,0.0,0.0,5,12.1,7.1,80,1024.9,88,5.5,-9900,-9900,0.0,0.0
2021,1,1,22,60,0.0,0.0,0.0,0.0,0.0,5,12.0,7.0,80,1025.0,89,5.5,-9900,-9900,0.0,0.0
2021,1,1,23,60,0.0,0.0,0.0,0.0,0.0,5,13.9,8.9,77,1024.9,109,7.4,-9900,-9900,0.0,0.0
2021,1,1,24,60,0.0,0.0,0.0,0.0,0.0,5,14.1,9.1,76,1025.1,98,9.3,-9900,-9900,0.0,0.0
2021,1,2,1,60,0.0,0.0,0.0,0.0,0.0,5,14.3,9.3,75,1025.3,91,9.3,-9900,-9900,0.0,0.0
2021,1,2,2,60,0.0,0.0,0.0,0.0,0.0,5,14.8,9.8,75,1025.0,91,11.1,-9900,-9900,0.0,0.0
2021,1,2,3,60,0.0,0.0,0.0,0.0,0.0,5,15.4,10.4,74,1024.8,91,13.0,-9900,-9900,0.0,0.0
2021,1,2,4,60,0.0,0.0,0.0,0.0,0.0,5,15.9,10.9,73,1024.6,91,14.8,-9900,-9900,0.0,0.0
2021,1,2,5,60,0.0,0.0,0.0,0.0,0.0,5,16.4,11.4,70,1023.8,73,14.8,-9900,-9900,0.0,0.0
2021,1,2,6,60,0.0,0.0,0.0,0.0,0.0,5,16.4,11.4,70,1023.0,72,14.8,-9900,-9900,0.0,0.0
2021,1,2,7,60,0.0,0.0,0.0,0.0,0.0,5,16.3,11.3,70,1022.2,72,14.8,-9900,-9900,0.0,0.0
2021,1,2,8,60,0.0,0.0,0.0,0.0,0.0,5,16.1,11.1,71,1022.5,72,14.8,-9900,-9900,0.0,0.0
2021,1,2,9,60,0.0,0.0,0.0,0.0,0.0,5,15.8,10.8,73,1022.9,72,14.8,-9900,-9900,0.0,0.0
2021,1,2,10,60,0.0,0.0,0.0,0.0,0.0,5,15.5,10.5,74,1023.2,72,16.7,-9900,-9900,0.0,0.0
2021,1,2,11,60,0.0,0.0,0.0,0.0,0.0,5,15.3,10.3,71,1023.9,72,16.7,-9900,-9900,0.0,0.0
2021,1,2,12,60,0.0,0.0,0.0,0.0,0.0,5,15.3,10.3,72,1024.0,74,14.8,-9900,-9900,0.0,0.0
2021,1,2,13,60,0.0,0.0,0.0,0.0,0.0,5,15.3,10.3,72,1024.1,76,14.8,-9900,-9900,0.0,0.0
2021,1,2,14,60,0.0,0.0,0.0,0.0,0.0,5,15.5,10.5,72,1023.8,78,14.8,-9900,-9900,0.0,0.0
2021,1,2,15,60,0.0,0.0,0.0,0.0,0.0,5,15.6,10.6,73,1023.5,81,13.0,-9900,-9900,0.0,0.0
2021,1,2,16,60,0.0,0.0,0.0,0.0,0.0,5,15.8,10.8,72,1023.2,84,13.0,-9900,-9900,0.0,0.0
2021,1,2,17,60,0.0,0.0,0.0,0.0,0.0,5,15.6,10.6,78,1022.8,94,13.0,-9900,-9900,0.0,0.0
2021,1,2,18,60,0.0,0.0,0.0,0.0,0.0,5,15.7,10.7,78,1022.7,90,13.0,-9900,-9900,0.0,0.0
2021,1,2,19,60,0.0,0.0,0.0,0.0,0.0,5,15.8,10.8,77,1022.5,85,13.0,-9900,-9900,0.0,0.0
2021,1,2,20,60,0.0,0.0,0.0,0.0,0.0,5,15.6,10.6,78,1022.7,87,11.1,-9900,-9900,0.0,0.0
2021,1,2,21,60,0.0,0.0,0.0,0.0,0.0,5,15.4,10.4,79,1022.8,90,7.4,-9900,-9900,0.0,0.0
2021,1,2,22,60,0.0,0.0,0.0,0.0,0.0,5,15.2,10.2,80,1023.0,93,5.5,-9900,-9900,0.0,0.0
2021,1,2,23,60,0.0,0.0,0.0,0.0,0.0,5,15.6,10.6,78,1023.8,106,9.3,-9900,-9900,0.0,0.0
2021,1,2,24,60,0.0,0.0,0.0,0.0,0.0,5,15.9,10.9,77,1024.1,101,9.3,-9900,-9900,0.0,0.0
2021,1,3,1,60,0.0,0.0,0.0,0.0,0.0,5,16.1,11.1,77,1024.5,96,7.4,-9900,-9900,0.0,0.0
2021,1,3,2,60,0.0,0.0,0.0,0.0,0.0,5,17.2,12.2,75,1024.0,94,9.3,-9900,-9900,0.0,0.0
2021,1,3,3,60,0.0,0.0,0.0,0.0,0.0,5,18.3,13.3,73,1023.5,92,9.3,-9900,-9900,0.0,0.0
2021,1,3,4,60,0.0,0.0,0.0,0.0,0.0,5,19.3,14.3,72,1023.1,90,11.1,-9900,-9900,0.0,0.0
2021,1,3,5,60,0.0,0.0,0.0,0.0,0.0,5,19.3,14.3,74,1022.4,75,13.0,-9900,-9900,0.0,0.0
2021,1,3,6,60,0.0,0.0,0.0,0.0,0.0,5,19.5,14.5,73,1021.5,73,13.0,-9900,-9900,0.0,0.0
2021,1,3,7,60,0.0,0.0,0.0,0.0,0.0,5,19.8,14.8,72,1020.7,72,14.8,-9900,-9900,0.0,0.0
2021,1,3,8,60,0.0,0.0,0.0,0.0,0.0,5,19.3,14.3,73,1021.0,70,13.0,-9900,-9900,0.0,0.0
2021,1,3,9,60,0.0,0.0,0.0,0.0,0.0,5,18.9,13.9,74,1021.3,69,13.0,-9900,-9900,0.0,0.0
2021,1,3,10,60,0.0,0.0,0.0,0.0,0.0,5,18.5,13.5,76,1021.5,67,11.1,-9900,-9900,0.0,0.0
2021,1,3,11,60,0.0,0.0,0.0,0.0,0.0,5,19.4,14.4,60,1022.0,75,13.0,-9900,-9900,0.0,0.0
2021,1,3,12,60,0.0,0.0,0.0,0.0,0.0,5,18.9,13.9,63,1022.4,77,11.1,-9900,-9900,0.0,0.0
2021,1,3,13,60,0.0,0.0,0.0,0.0,0.0,5,18.4,13.4,66,1022.8,78,11.1,-9900,-9900,0.0,0.0
2021,1,3,14,60,0.0,0.0,0.0,0.0,0.0,5,18.2,13.2,68,1022.9,81,9.3,-9900,-9900,0.0,0.0
2021,1,3,15,60,0.0,0.0,0.0,0.0,0.0,5,18.0,13.0,70,1022.9,84,9.3,-9900,-9900,0.0,0.0
2021,1,3,16,60,0.0,0.0,0.0,0.0,0.0,5,17.8,12.8,72,1022.9,88,7.4,-9900,-9900,0.0,0.0
2021,1,3,17,60,0.0,0.0,0.0,0.0,0.0,5,17.7,12.7,88,1022.5,95,9.3,-9900,-9900,0.0,0.0
2021,1,3,18,60,0.0,0.0,0.0,0.0,0.0,5,17.5,12.5,87,1022.6,90,9.3,-9900,-9900,0.0,0.0
2021,1,3,19,60,0.0,0.0,0.0,0.0,0.0,5,17.3,12.3,87,1022.6,82,9.3,-9900,-9900,0.0,0.0
2021,1,3,20,60,0.0,0.0,0.0,0.0,0.0,5,17.1,12.1,87,1022.4,82,7.4,-9900,-9900,0.0,0.0
2021,1,3,21,60,0.0,0.0,0.0,0.0,0.0,5,16.9,11.9,86,1022.2,82,7.4,-9900,-9900,0.0,0.0
2021,1,3,22,60,0.0,0.0,0.0,0.0,0.0,5,16.8,11.8,85,1022.0,82,5.5,-9900,-9900,0.0,0.0
2021,1,3,23,60,0.0,0.0,0.0,0.0,0.0,5,16.8,11.8,92,1022.8,88,5.5,-9900,-9900,0.0,0.0
2021,1,3,24,60,0.0,0.0,0.0,0.0,0.0,5,17.1,12.1,90,1023.0,84,5.5,-9900,-9900,0.0,0.0
2021,1,4,1,60,0.0,0.0,0.0,0.0,0.0,5,17.3,12.3,89,1023.2,80,7.4,-9900,-9900,0.0,0.0
2021,1,4,2,60,0.0,0.0,0.0,0.0,0.0,5,18.1,13.1,87,1022.9,81,7.4,-9900,-9900,0.0,0.0
2021,1,4,3,60,0.0,0.0,0.0,0.0,0.0,5,19.0,14.0,84,1022.5,82,7.4,-9900,-9900,0.0,0.0
2021,1,4,4,60,0.0,0.0,0.0,0.0,0.0,5,19.8,14.8,82,1022.1,83,7.4,-9900,-9900,0.0,0.0
2021,1,4,5,60,0.0,0.0,0.0,0.0,0.0,5,19.7,14.7,85,1021.1,88,5.5,-9900,-9900,0.0,0.0
2021,1,4,6,60,0.0,0.0,0.0,0.0,0.0,5,20.0,15.0,83,1020.2,78,7.4,-9900,-9900,0.0,0.0
2021,1,4,7,60,0.0,0.0,0.0,0.0,0.0,5,20.3,15.3,80,1019.3,73,9.3,-9900,-9900,0.0,0.0
2021,1,4,8,60,0.0,0.0,0.0,0.0,0.0,5,20.0,15.0,81,1019.3,72,9.3,-9900,-9900,0.0,0.0
2021,1,4,9,60,0.0,0.0,0.0,0.0,0.0,5,19.8,14.8,82,1019.4,71,9.3,-9900,-9900,0.0,0.0
2021,1,4,10,60,0.0,0.0,0.0,0.0,0.0,5,19.5,14.5,82,1019.4,71,9.3,-9900,-9900,0.0,0.0
2021,1,4,11,60,0.0,0.0,0.0,0.0,0.0,5,19.7,14.7,78,1019.3,86,9.3,-9900,-9900,0.0,0.0
2021,1,4,12,60,0.0,0.0,0.0,0.0,0.0,5,19.4,14.4,80,1019.6,90,9.3,-9900,-9900,0.0,0.0
2021,1,4,13,60,0.0,0.0,0.0,0.0,0.0,5,19.1,14.1,81,1019.9,96,7.4,-9900,-9900,0.0,0.0
2021,1,4,14,60,0.0,0.0,0.0,0.0,0.0,5,19.0,14.0,81,1019.8,93,7.4,-9900,-9900,0.0,0.0
2021,1,4,15,60,0.0,0.0,0.0,0.0,0.0,5,18.9,13.9,82,1019.7,88,5.5,-9900,-9900,0.0,0.0
2021,1,4,16,60,0.0,0.0,0.0,0.0,0.0,5,18.8,13.8,82,1019.5,81,5.5,-9900,-9900,0.0,0.0
2021,1,4,17,60,0.0,0.0,0.0,0.0,0.0,5,18.4,13.4,94,1019.3,255,3.7,-9900,-9900,0.0,0.0
2021,1,4,18,60,0.0,0.0,0.0,0.0,0.0,5,18.2,13.2,93,1019.4,269,3.7,-9900,-9900,0.0,0.0
2021,1,4,19,60,0.0,0.0,0.0,0.0,0.0,5,18.1,13.1,92,1019.4,67,3.7,-9900,-9900,0.0,0.0
2021,1,4,20,60,0.0,0.0,0.0,0.0,0.0,5,17.7,12.7,92,1019.6,57,5.5,-9900,-9900,0.0,0.0
2021,1,4,21,60,0.0,0.0,0.0,0.0,0.0,5,17.4,12.4,92,1019.7,51,5.5,-9900,-9900,0.0,0.0
2021,1,4,22,60,0.0,0.0,0.0,0.0,0.0,5,17.1,12.1,91,1019.8,47,5.5,-9900,-9900,0.0,0.0
2021,1,4,23,60,0.0,0.0,0.0,0.0,0.0,5,17.5,12.5,94,1020.4,122,5.5,-9900,-9900,0.0,0.0
2021,1,4,24,60,0.0,0.0,0.0,0.0,0.0,5,17.6,12.6,92,1020.9,110,5.5,-9900,-9900,0.0,0.0
2021,1,5,1,60,0.0,0.0,0.0,0.0,0.0,5,17.8,12.8,89,1021.4,99,5.5,-9900,-9900,0.0,0.0
2021,1,5,2,60,0.0,0.0,0.0,0.0,0.0,5,18.1,13.1,88,1021.3,90,5.5,-9900,-9900,0.0,0.0
2021,1,5,3,60,0.0,0.0,0.0,0.0,0.0,5,18.4,13.4,86,1021.3,80,5.5,-9900,-9900,0.0,0.0
2021,1,5,4,60,0.0,0.0,0.0,0.0,0.0,5,18.8,13.8,83,1021.2,71,7.4,-9900,-9900,0.0,0.0
2021,1,5,5,60,0.0,0.0,0.0,0.0,0.0,5,18.5,13.5,80,1020.7,81,9.3,-9900,-9900,0.0,0.0
2021,1,5,6,60,0.0,0.0,0.0,0.0,0.0,5,18.4,13.4,80,1020.0,77,11.1,-9900,-9900,0.0,0.0
2021,1,5,7,60,0.0,0.0,0.0,0.0,0.0,5,18.4,13.4,79,1019.3,74,11.1,-9900,-9900,0.0,0.0
2021,1,5,8,60,0.0,0.0,0.0,0.0,0.0,5,18.1,13.1,79,1019.8,67,11.1,-9900,-9900,0.0,0.0
2021,1,5,9,60,0.0,0.0,0.0,0.0,0.0,5,17.7,12.7,79,1020.4,57,9.3,-9900,-9900,0.0,0.0
2021,1,5,10,60,0.0,0.0,0.0,0.0,0.0,5,17.4,12.4,79,1020.9,45,9.3,-9900,-9900,0.0,0.0
2021,1,5,11,60,0.0,0.0,0.0,0.0,0.0,5,17.3,12.3,73,1021.2,66,13.0,-9900,-9900,0.0,0.0
2021,1,5,12,60,0.0,0.0,0.0,0.0,0.0,5,17.1,12.1,74,1021.9,64,11.1,-9900,-9900,0.0,0.0
2021,1,5,13,60,0.0,0.0,0.0,0.0,0.0,5,16.9,11.9,74,1022.6,62,11.1,-9900,-9900,0.0,0.0
2021,1,5,14,60,0.0,0.0,0.0,0.0,0.0,5,16.7,11.7,75,1022.5,60,11.1,-9900,-9900,0.0,0.0
2021,1,5,15,60,0.0,0.0,0.0,0.0,0.0,5,16.5,11.5,76,1022.5,59,9.3,-9900,-9900,0.0,0.0
2021,1,5,16,60,0.0,0.0,0.0,0.0,0.0,5,16.4,11.4,76,1022.4,57,9.3,-9900,-9900,0.0,0.0
2021,1,5,17,60,0.0,0.0,0.0,0.0,0.0,5,15.4,10.4,87,1022.7,85,9.3,-9900,-9900,0.0,0.0
2021,1,5,18,60,0.0,0.0,0.0,0.0,0.0,5,15.3,10.3,86,1022.6,78,9.3,-9900,-9900,0.0,0.0
2021,1,5,19,60,0.0,0.0,0.0,0.0,0.0,5,15.3,10.3,86,1022.4,71,9.3,-9900,-9900,0.0,0.0
2021,1,5,20,60,0.0,0.0,0.0,0.0,0.0,5,15.2,10.2,85,1022.3,68,9.3,-9900,-9900,0.0,0.0
2021,1,5,21,60,0.0,0.0,0.0,0.0,0.0,5,15.2,10.2,84,1022.2,64,9.3,-9900,-9900,0.0,0.0
2021,1,5,22,60,0.0,0.0,0.0,0.0,0.0,5,15.1,10.1,84,1022.2,61,7.4,-9900,-9900,0.0,0.0
2021,1,5,23,60,0.0,0.0,0.0,0.0,0.0,5,15.4,10.4,86,1022.2,71,13.0,-9900,-9900,0.0,0.0
2021,1,5,24,60,0.0,0.0,0.0,0.0,0.0,5,15.5,10.5,85,1022.6,72,13.0,-9900,-9900,0.0,0.0
2021,1,6,1,60,0.0,0.0,0.0,0.0,0.0,5,15.6,10.6,83,1022.9,72,13.0,-9900,-9900,0.0,0.0
2021,1,6,2,60,0.0,0.0,0.0,0.0,0.0,5,15.9,10.9,82,1022.4,70,13.0,-9900,-9900,0.0,0.0
2021,1,6,3,60,0.0,0.0,0.0,0.0,0.0,5,16.1,11.1,82,1021.8,69,14.8,-9900,-9900,0.0,0.0
2021,1,6,4,60,0.0,0.0,0.0,0.0,0.0,5,16.4,11.4,81,1021.3,68,14.8,-9900,-9900,0.0,0.0
2021,1,6,5,60,0.0,0.0,0.0,0.0,0.0,5,15.9,10.9,87,1020.9,77,14.8,-9900,-9900,0.0,0.0
2021,1,6,6,60,0.0,0.0,0.0,0.0,0.0,5,16.2,11.2,85,1019.9,72,14.8,-9900,-9900,0.0,0.0
2021,1,6,7,60,0.0,0.0,0.0,0.0,0.0,5,16.4,11.4,83,1018.8,67,16.7,-9900,-9900,0.0,0.0
2021,1,6,8,60,0.0,0.0,0.0,0.0,0.0,5,16.3,11.3,82,1018.9,61,14.8,-9900,-9900,0.0,0.0
2021,1,6,9,60,0.0,0.0,0.0,0.0,0.0,5,16.1,11.1,83,1019.0,54,13.0,-9900,-9900,0.0,0.0
2021,1,6,10,60,0.0,0.0,0.0,0.0,0.0,5,15.9,10.9,83,1019.1,46,11.1,-9900,-9900,0.0,0.0
2021,1,6,11,60,0.0,0.0,0.0,0.0,0.0,5,15.5,10.5,81,1019.5,60,13.0,-9900,-9900,0.0,0.0
2021,1,6,12,60,0.0,0.0,0.0,0.0,0.0,5,15.4,10.4,81,1020.0,59,13.0,-9900,-9900,0.0,0.0
2021,1,6,13,60,0.0,0.0,0.0,0.0,0.0,5,15.4,10.4,80,1020.6,56,11.1,-9900,-9900,0.0,0.0
2021,1,6,14,60,0.0,0.0,0.0,0.0,0.0,5,15.3,10.3,81,1020.6,55,11.1,-9900,-9900,0.0,0.0
2021,1,6,15,60,0.0,0.0,0.0,0.0,0.0,5,15.2,10.2,81,1020.6,54,11.1,-9900,-9900,0.0,0.0
2021,1,6,16,60,0.0,0.0,0.0,0.0,0.0,5,15.1,10.1,82,1020.7,52,9.3,-9900,-9900,0.0,0.0
2021,1,6,17,60,0.0,0.0,0.0,0.0,0.0,5,14.9,9.9,88,1020.5,83,13.0,-9900,-9900,0.0,0.0
2021,1,6,18,60,0.0,0.0,0.0,0.0,0.0,5,14.8,9.8,87,1020.6,78,11.1,-9900,-9900,0.0,0.0
2021,1,6,19,60,0.0,0.0,0.0,0.0,0.0,5,14.7,9.7,87,1020.7,72,11.1,-9900,-9900,0.0,0.0
2021,1,6,20,60,0.0,0.0,0.0,0.0,0.0,5,14.3,9.3,87,1021.0,65,9.3,-9900,-9900,0.0,0.0
2021,1,6,21,60,0.0,0.0,0.0,0.0,0.0,5,13.8,8.8,87,1021.4,56,9.3,-9900,-9900,0.0,0.0
2021,1,6,22,60,0.0,0.0,0.0,0.0,0.0,5,13.3,8.3,87,1021.8,44,7.4,-9900,-9900,0.0,0.0
2021,1,6,23,60,0.0,0.0,0.0,0.0,0.0,5,13.3,8.3,92,1022.2,68,11.1,-9900,-9900,0.0,0.0
2021,1,6,24,60,0.0,0.0,0.0,0.0,0.0,5,13.3,8.3,90,1023.1,70,9.3,-9900,-9900,0.0,0.0
2021,1,7,1,60,0.0,0.0,0.0,0.0,0.0,5,13.2,8.2,88,1023.9,71,9.3,-9900,-9900,0.0,0.0
2021,1,7,2,60,0.0,0.0,0.0,0.0,0.0,5,13.1,8.1,87,1024.1,66,9.3,-9900,-9900,0.0,0.0
2021,1,7,3,60,0.0,0.0,0.0,0.0,0.0,5,13.0,8.0,86,1024.2,61,9.3,-9900,-9900,0.0,0.0
2021,1,7,4,60,0.0,0.0,0.0,0.0,0.0,5,12.9,7.9,85,1024.4,56,9.3,-9900,-9900,0.0,0.0
2021,1,7,5,60,0.0,0.0,0.0,0.0,0.0,5,12.7,7.7,91,1023.9,72,7.4,-9900,-9900,0.0,0.0
2021,1,7,6,60,0.0,0.0,0.0,0.0,0.0,5,12.4,7.4,89,1023.4,73,7.4,-9900,-9900,0.0,0.0
2021,1,7,7,60,0.0,0.0,0.0,0.0,0.0,5,12.2,7.2,88,1023.0,74,7.4,-9900,-9900,0.0,0.0
2021,1,7,8,60,0.0,0.0,0.0,0.0,0.0,5,11.9,6.9,87,1023.5,65,7.4,-9900,-9900,0.0,0.0
2021,1,7,9,60,0.0,0.0,0.0,0.0,0.0,5,11.6,6.6,86,1024.1,55,9.3,-9900,-9900,0.0,0.0
2021,1,7,10,60,0.0,0.0,0.0,0.0,0.0,5,11.4,6.4,85,1024.7,47,9.3,-9900,-9900,0.0,0.0
2021,1,7,11,60,0.0,0.0,0.0,0.0,0.0,5,11.5,6.5,88,1025.0,60,13.0,-9900,-9900,0.0,0.0
2021,1,7,12,60,0.0,0.0,0.0,0.0,0.0,5,11.2,6.2,87,1025.5,60,11.1,-9900,-9900,0.0,0.0
2021,1,7,13,60,0.0,0.0,0.0,0.0,0.0,5,11.0,6.0,85,1026.1,60,11.1,-9900,-9900,0.0,0.0
2021,1,7,14,60,0.0,0.0,0.0,0.0,0.0,5,10.8,5.8,85,1026.3,58,9.3,-9900,-9900,0.0,0.0
2021,1,7,15,60,0.0,0.0,0.0,0.0,0.0,5,10.5,5.5,85,1026.5,56,9.3,-9900,-9900,0.0,0.0
2021,1,7,16,60,0.0,0.0,0.0,0.0,0.0,5,10.2,5.2,84,1026.7,54,9.3,-9900,-9900,0.0,0.0
2021,1,7,17,60,0.0,0.0,0.0,0.0,0.0,5,9.6,4.6,89,1026.8,80,9.3,-9900,-9900,0.0,0.0
2021,1,7,18,60,0.0,0.0,0.0,0.0,0.0,5,9.4,4.4,88,1026.9,72,9.3,-9900,-9900,0.0,0.0
2021,1,7,19,60,0.0,0.0,0.0,0.0,0.0,5,9.2,4.2,87,1027.1,64,9.3,-9900,-9900,0.0,0.0
2021,1,7,20,60,0.0,0.0,0.0,0.0,0.0,5,8.8,3.8,88,1027.3,57,9.3,-9900,-9900,0.0,0.0
2021,1,7,21,60,0.0,0.0,0.0,0.0,0.0,5,8.3,3.3,89,1027.6,46,7.4,-9900,-9900,0.0,0.0
2021,1,7,22,60,0.0,0.0,0.0,0.0,0.0,5,7.9,2.9,89,1027.8,30,5.5,-9900,-9900,0.0,0.0
2021,1,7,23,60,0.0,0.0,0.0,0.0,0.0,5,7.9,2.9,93,1027.9,79,7.4,-9900,-9900,0.0,0.0
2021,1,7,24,60,0.0,0.0,0.0,0.0,0.0,5,7.8,2.8,91,1028.4,78,7.4,-9900,-9900,0.0,0.0
2021,1,8,1,60,0.0,0.0,0.0,0.0,0.0,5,7.7,2.7,90,1028.9,77,5.5,-9900,-9900,0.0,0.0
2021,1,8,2,60,0.0,0.0,0.0,0.0,0.0,5,7.8,2.8,88,1028.7,65,5.5,-9900,-9900,0.0,0.0
2021,1,8,3,60,0.0,0.0,0.0,0.0,0.0,5,7.8,2.8,87,1028.5,52,5.5,-9900,-9900,0.0,0.0
2021,1,8,4,60,0.0,0.0,0.0,0.0,0.0,5,7.8,2.8,87,1028.4,37,5.5,-9900,-9900,0.0,0.0
2021,1,8,5,60,0.0,0.0,0.0,0.0,0.0,5,7.8,2.8,88,1027.0,46,5.5,-9900,-9900,0.0,0.0
2021,1,8,6,60,0.0,0.0,0.0,0.0,0.0,5,7.6,2.6,87,1026.6,55,5.5,-9900,-9900,0.0,0.0
2021,1,8,7,60,0.0,0.0,0.0,0.0,0.0,5,7.4,2.4,86,1026.1,60,5.5,-9900,-9900,0.0,0.0
2021,1,8,8,60,0.0,0.0,0.0,0.0,0.0,5,7.5,2.5,82,1026.5,54,7.4,-9900,-9900,0.0,0.0
2021,1,8,9,60,0.0,0.0,0.0,0.0,0.0,5,7.6,2.6,79,1026.8,50,7.4,-9900,-9900,0.0,0.0
2021,1,8,10,60,0.0,0.0,0.0,0.0,0.0,5,7.7,2.7,76,1027.1,46,9.3,-9900,-9900,0.0,0.0
2021,1,8,11,60,0.0,0.0,0.0,0.0,0.0,5,7.8,2.8,81,1027.3,59,7.4,-9900,-9900,0.0,0.0
2021,1,8,12,60,0.0,0.0,0.0,0.0,0.0,5,7.7,2.7,80,1027.8,71,7.4,-9900,-9900,0.0,0.0
2021,1,8,13,60,0.0,0.0,0.0,0.0,0.0,5,7.7,2.7,78,1028.2,84,7.4,-9900,-9900,0.0,0.0
2021,1,8,14,60,0.0,0.0,0.0,0.0,0.0,5,7.8,2.8,76,1028.1,83,7.4,-9900,-9900,0.0,0.0
2021,1,8,15,60,0.0,0.0,0.0,0.0,0.0,5,7.9,2.9,74,1028.0,82,7.4,-9900,-9900,0.0,0.0
2021,1,8,16,60,0.0,0.0,0.0,0.0,0.0,5,8.0,3.0,73,1027.8,81,7.4,-9900,-9900,0.0,0.0
2021,1,8,17,60,0.0,0.0,0.0,0.0,0.0,5,7.9,2.9,72,1027.7,100,9.3,-9900,-9900,0.0,0.0
2021,1,8,18,60,0.0,0.0,0.0,0.0,0.0,5,8.0,3.0,71,1027.7,95,9.3,-9900,-9900,0.0,0.0
2021,1,8,19,60,0.0,0.0,0.0,0.0,0.0,5,8.1,3.1,70,1027.8,87,9.3,-9900,-9900,0.0,0.0
2021,1,8,20,60,0.0,0.0,0.0,0.0,0.0,5,7.7,2.7,72,1027.6,83,7.4,-9900,-9900,0.0,0.0
2021,1,8,21,60,0.0,0.0,0.0,0.0,0.0,5,7.3,2.3,73,1027.5,76,7.4,-9900,-9900,0.0,0.0
2021,1,8,22,60,0.0,0.0,0.0,0.0,0.0,5,7.0,2.0,74,1027.4,64,5.5,-9900,-9900,0.0,0.0
2021,1,8,23,60,0.0,0.0,0.0,0.0,0.0,5,8.4,3.4,65,1027.7,75,7.4,-9900,-9900,0.0,0.0
2021,1,8,24,60,0.0,0.0,0.0,0.0,0.0,5,8.5,3.5,65,1028.2,76,7.4,-9900,-9900,0.0,0.0
2021,1,9,1,60,0.0,0.0,0.0,0.0,0.0,5,8.6,3.6,65,1028.7,78,7.4,-9900,-9900,0.0,0.0
2021,1,9,2,60,0.0,0.0,0.0,0.0,0.0,5,9.2,4.2,64,1028.4,75,9.3,-9900,-9900,0.0,0.0
2021,1,9,3,60,0.0,0.0,0.0,0.0,0.0,5,9.8,4.8,62,1028.1,73,11.1,-9900,-9900,0.0,0.0
2021,1,9,4,60,0.0,0.0,0.0,0.0,0.0,5,10.4,5.4,61,1027.8,71,11.1,-9900,-9900,0.0,0.0
2021,1,9,5,60,0.0,0.0,0.0,0.0,0.0,5,10.1,5.1,62,1026.9,73,11.1,-9900,-9900,0.0,0.0
2021,1,9,6,60,0.0,0.0,0.0,0.0,0.0,5,10.1,5.1,62,1026.1,71,9.3,-9900,-9900,0.0,0.0
2021,1,9,7,60,0.0,0.0,0.0,0.0,0.0,5,10.1,5.1,62,1025.4,69,9.3,-9900,-9900,0.0,0.0
2021,1,9,8,60,0.0,0.0,0.0,0.0,0.0,5,10.0,5.0,62,1025.4,67,11.1,-9900,-9900,0.0,0.0
2021,1,9,9,60,0.0,0.0,0.0,0.0,0.0,5,9.9,4.9,62,1025.5,66,11.1,-9900,-9900,0.0,0.0
2021,1,9,10,60,0.0,0.0,0.0,0.0,0.0,5,9.9,4.9,62,1025.5,65,13.0,-9900,-9900,0.0,0.0
2021,1,9,11,60,0.0,0.0,0.0,0.0,0.0,5,9.5,4.5,60,1026.2,55,13.0,-9900,-9900,0.0,0.0
2021,1,9,12,60,0.0,0.0,0.0,0.0,0.0,5,9.5,4.5,61,1026.6,59,13.0,-9900,-9900,0.0,0.0
2021,1,9,13,60,0.0,0.0,0.0,0.0,0.0,5,9.5,4.5,62,1027.0,64,11.1,-9900,-9900,0.0,0.0
2021,1,9,14,60,0.0,0.0,0.0,0.0,0.0,5,9.6,4.6,63,1026.9,68,11.1,-9900,-9900,0.0,0.0
2021,1,9,15,60,0.0,0.0,0.0,0.0,0.0,5,9.7,4.7,63,1026.7,73,11.1,-9900,-9900,0.0,0.0
2021,1,9,16,60,0.0,0.0,0.0,0.0,0.0,5,9.8,4.8,64,1026.6,78,11.1,-9900,-9900,0.0,0.0
2021,1,9,17,60,0.0,0.0,0.0,0.0,0.0,5,9.4,4.4,70,1026.6,104,9.3,-9900,-9900,0.0,0.0
2021,1,9,18,60,0.0,0.0,0.0,0.0,0.0,5,9.4,4.4,70,1026.5,98,9.3,-9900,-9900,0.0,0.0
2021,1,9,19,60,0.0,0.0,0.0,0.0,0.0,5,9.6,4.6,71,1026.5,91,9.3,-9900,-9900,0.0,0.0
2021,1,9,20,60,0.0,0.0,0.0,0.0,0.0,5,9.6,4.6,72,1026.3,86,9.3,-9900,-9900,0.0,0.0
2021,1,9,21,60,0.0,0.0,0.0,0.0,0.0,5,9.6,4.6,73,1026.1,80,7.4,-9900,-9900,0.0,0.0
2021,1,9,22,60,0.0,0.0,0.0,0.0,0.0,5,9.6,4.6,74,1025.9,74,7.4,-9900,-9900,0.0,0.0
2021,1,9,23,60,0.0,0.0,0.0,0.0,0.0,5,11.1,6.1,67,1025.9,109,7.4,-9900,-9900,0.0,0.0
2021,1,9,24,60,0.0,0.0,0.0,0.0,0.0,5,11.4,6.4,68,1026.1,108,7.4,-9900,-9900,0.0,0.0
2021,1,10,1,60,0.0,0.0,0.0,0.0,0.0,5,11.7,6.7,67,1026.2,107,7.4,-9900,-9900,0.0,0.0
2021,1,10,2,60,0.0,0.0,0.0,0.0,0.0,5,12.3,7.3,66,1026.2,101,9.3,-9900,-9900,0.0,0.0
2021,1,10,3,60,0.0,0.0,0.0,0.0,0.0,5,12.8,7.8,66,1026.2,95,11.1,-9900,-9900,0.0,0.0
2021,1,10,4,60,0.0,0.0,0.0,0.0,0.0,5,13.3,8.3,66,1026.2,91,13.0,-9900,-9900,0.0,0.0
2021,1,10,5,60,0.0,0.0,0.0,0.0,0.0,5,13.6,8.6,64,1024.6,83,13.0,-9900,-9900,0.0,0.0
2021,1,10,6,60,0.0,0.0,0.0,0.0,0.0,5,13.8,8.8,64,1023.8,80,13.0,-9900,-9900,0.0,0.0
2021,1,10,7,60,0.0,0.0,0.0,0.0,0.0,5,14.1,9.1,64,1023.0,77,14.8,-9900,-9900,0.0,0.0
2021,1,10,8,60,0.0,0.0,0.0,0.0,0.0,5,13.9,8.9,66,1023.1,76,13.0,-9900,-9900,0.0,0.0
2021,1,10,9,60,0.0,0.0,0.0,0.0,0.0,5,13.7,8.7,67,1023.1,76,13.0,-9900,-9900,0.0,0.0
2021,1,10,10,60,0.0,0.0,0.0,0.0,0.0,5,13.5,8.5,69,1023.2,75,13.0,-9900,-9900,0.0,0.0
2021,1,10,11,60,0.0,0.0,0.0,0.0,0.0,5,14.0,9.0,61,1023.7,78,14.8,-9900,-9900,0.0,0.0
2021,1,10,12,60,0.0,0.0,0.0,0.0,0.0,5,13.7,8.7,64,1024.0,80,13.0,-9900,-9900,0.0,0.0
2021,1,10,13,60,0.0,0.0,0.0,0.0,0.0,5,13.5,8.5,66,1024.3,83,11.1,-9900,-9900,0.0,0.0
2021,1,10,14,60,0.0,0.0,0.0,0.0,0.0,5,13.4,8.4,67,1024.2,86,11.1,-9900,-9900,0.0,0.0
2021,1,10,15,60,0.0,0.0,0.0,0.0,0.0,5,13.3,8.3,69,1024.2,89,11.1,-9900,-9900,0.0,0.0
2021,1,10,16,60,0.0,0.0,0.0,0.0,0.0,5,13.2,8.2,71,1024.2,93,11.1,-9900,-9900,0.0,0.0
2021,1,10,17,60,0.0,0.0,0.0,0.0,0.0,5,13.3,8.3,73,1023.9,94,11.1,-9900,-9900,0.0,0.0
2021,1,10,18,60,0.0,0.0,0.0,0.0,0.0,5,13.2,8.2,75,1023.8,90,9.3,-9900,-9900,0.0,0.0
2021,1,10,19,60,0.0,0.0,0.0,0.0,0.0,5,13.1,8.1,76,1023.7,85,9.3,-9900,-9900,0.0,0.0
2021,1,10,20,60,0.0,0.0,0.0,0.0,0.0,5,12.7,7.7,78,1023.7,88,7.4,-9900,-9900,0.0,0.0
2021,1,10,21,60,0.0,0.0,0.0,0.0,0.0,5,12.4,7.4,80,1023.7,92,5.5,-9900,-9900,0.0,0.0
2021,1,10,22,60,0.0,0.0,0.0,0.0,0.0,5,12.0,7.0,83,1023.7,96,5.5,-9900,-9900,0.0,0.0
2021,1,10,23,60,0.0,0.0,0.0,0.0,0.0,5,12.0,7.0,92,1024.8,86,7.4,-9900,-9900,0.0,0.0
2021,1,10,24,60,0.0,0.0,0.0,0.0,0.0,5,12.0,7.0,91,1025.2,88,7.4,-9900,-9900,0.0,0.0
2021,1,11,1,60,0.0,0.0,0.0,0.0,0.0,5,12.0,7.0,90,1025.7,91,5.5,-9900,-9900,0.0,0.0
2021,1,11,2,60,0.0,0.0,0.0,0.0,0.0,5,12.4,7.4,88,1025.5,92,5.5,-9900,-9900,0.0,0.0
2021,1,11,3,60,0.0,0.0,0.0,0.0,0.0,5,12.7,7.7,87,1025.3,92,5.5,-9900,-9900,0.0,0.0
2021,1,11,4,60,0.0,0.0,0.0,0.0,0.0,5,13.1,8.1,85,1025.1,94,5.5,-9900,-9900,0.0,0.0
2021,1,11,5,60,0.0,0.0,0.0,0.0,0.0,5,12.9,7.9,91,1024.6,87,5.5,-9900,-9900,0.0,0.0
2021,1,11,6,60,0.0,0.0,0.0,0.0,0.0,5,12.8,7.8,89,1023.9,69,5.5,-9900,-9900,0.0,0.0
2021,1,11,7,60,0.0,0.0,0.0,0.0,0.0,5,12.7,7.7,88,1023.2,32,3.7,-9900,-9900,0.0,0.0
2021,1,11,8,60,0.0,0.0,0.0,0.0,0.0,5,12.4,7.4,87,1023.5,328,5.5,-9900,-9900,0.0,0.0
2021,1,11,9,60,0.0,0.0,0.0,0.0,0.0,5,12.0,7.0,87,1023.8,280,5.5,-9900,-9900,0.0,0.0
2021,1,11,10,60,0.0,0.0,0.0,0.0,0.0,5,11.7,6.7,86,1024.1,267,5.5,-9900,-9900,0.0,0.0
2021,1,11,11,60,0.0,0.0,0.0,0.0,0.0,5,11.7,6.7,91,1024.7,269,5.5,-9900,-9900,0.0,0.0
2021,1,11,12,60,0.0,0.0,0.0,0.0,0.0,5,11.5,6.5,90,1025.2,247,5.5,-9900,-9900,0.0,0.0
2021,1,11,13,60,0.0,0.0,0.0,0.0,0.0,5,11.3,6.3,89,1025.7,222,3.7,-9900,-9900,0.0,0.0
2021,1,11,14,60,0.0,0.0,0.0,0.0,0.0,5,11.3,6.3,88,1025.6,224,3.7,-9900,-9900,0.0,0.0
2021,1,11,15,60,0.0,0.0,0.0,0.0,0.0,5,11.2,6.2,87,1025.6,227,3.7,-9900,-9900,0.0,0.0
2021,1,11,16,60,0.0,0.0,0.0,0.0,0.0,5,11.2,6.2,86,1025.6,230,3.7,-9900,-9900,0.0,0.0
2021,1,11,17,60,0.0,0.0,0.0,0.0,0.0,5,10.1,5.1,95,1025.6,316,5.5,-9900,-9900,0.0,0.0
2021,1,11,18,60,0.0,0.0,0.0,0.0,0.0,5,9.9,4.9,93,1025.4,302,5.5,-9900,-9900,0.0,0.0
2021,1,11,19,60,0.0,0.0,0.0,0.0,0.0,5,9.8,4.8,91,1025.3,283,3.7,-9900,-9900,0.0,0.0
2021,1,11,20,60,0.0,0.0,0.0,0.0,0.0,5,9.6,4.6,90,1025.1,267,3.7,-9900,-9900,0.0,0.0
2021,1,11,21,60,0.0,0.0,0.0,0.0,0.0,5,9.4,4.4,89,1024.9,255,3.7,-9900,-9900,0.0,0.0
2021,1,11,22,60,0.0,0.0,0.0,0.0,0.0,5,9.3,4.3,87,1024.8,247,5.5,-9900,-9900,0.0,0.0
2021,1,11,23,60,0.0,0.0,0.0,0.0,0.0,5,9.5,4.5,92,1025.2,202,3.7,-9900,-9900,0.0,0.0
2021,1,11,24,60,0.0,0.0,0.0,0.0,0.0,5,9.6,4.6,90,1025.5,215,3.7,-9900,-9900,0.0,0.0
2021,1,12,1,60,0.0,0.0,0.0,0.0,0.0,5,9.7,4.7,87,1025.8,226,5.5,-9900,-9900,0.0,0.0
2021,1,12,2,60,0.0,0.0,0.0,0.0,0.0,5,10.7,5.7,80,1025.5,244,3.7,-9900,-9900,0.0,0.0
2021,1,12,3,60,0.0,0.0,0.0,0.0,0.0,5,11.6,6.6,74,1025.2,273,3.7,-9900,-9900,0.0,0.0
2021,1,12,4,60,0.0,0.0,0.0,0.0,0.0,5,12.5,7.5,69,1024.9,305,3.7,-9900,-9900,0.0,0.0
2021,1,12,5,60,0.0,0.0,0.0,0.0,0.0,5,12.5,7.5,72,1023.6,322,5.5,-9900,-9900,0.0,0.0
2021,1,12,6,60,0.0,0.0,0.0,0.0,0.0,5,13.0,8.0,67,1022.8,336,5.5,-9900,-9900,0.0,0.0
2021,1,12,7,60,0.0,0.0,0.0,0.0,0.0,5,13.4,8.4,64,1022.1,345,5.5,-9900,-9900,0.0,0.0
2021,1,12,8,60,0.0,0.0,0.0,0.0,0.0,5,13.0,8.0,63,1022.1,31,7.4,-9900,-9900,0.0,0.0
2021,1,12,9,60,0.0,0.0,0.0,0.0,0.0,5,12.5,7.5,64,1022.1,53,9.3,-9900,-9900,0.0,0.0
2021,1,12,10,60,0.0,0.0,0.0,0.0,0.0,5,12.1,7.1,63,1022.2,62,11.1,-9900,-9900,0.0,0.0
2021,1,12,11,60,0.0,0.0,0.0,0.0,0.0,5,12.1,7.1,53,1022.2,74,11.1,-9900,-9900,0.0,0.0
2021,1,12,12,60,0.0,0.0,0.0,0.0,0.0,5,11.7,6.7,55,1022.5,83,9.3,-9900,-9900,0.0,0.0
2021,1,12,13,60,0.0,0.0,0.0,0.0,0.0,5,11.3,6.3,57,1022.8,93,7.4,-9900,-9900,0.0,0.0
2021,1,12,14,60,0.0,0.0,0.0,0.0,0.0,5,11.2,6.2,58,1022.7,98,7.4,-9900,-9900,0.0,0.0
2021,1,12,15,60,0.0,0.0,0.0,0.0,0.0,5,11.1,6.1,59,1022.6,104,7.4,-9900,-9900,0.0,0.0
2021,1,12,16,60,0.0,0.0,0.0,0.0,0.0,5,10.9,5.9,61,1022.5,112,7.4,-9900,-9900,0.0,0.0
2021,1,12,17,60,0.0,0.0,0.0,0.0,0.0,5,10.1,5.1,71,1022.2,76,13.0,-9900,-9900,0.0,0.0
2021,1,12,18,60,0.0,0.0,0.0,0.0,0.0,5,10.0,5.0,71,1022.0,79,11.1,-9900,-9900,0.0,0.0
2021,1,12,19,60,0.0,0.0,0.0,0.0,0.0,5,9.9,4.9,72,1021.9,84,9.3,-9900,-9900,0.0,0.0
2021,1,12,20,60,0.0,0.0,0.0,0.0,0.0,5,9.7,4.7,73,1021.6,92,7.4,-9900,-9900,0.0,0.0
2021,1,12,21,60,0.0,0.0,0.0,0.0,0.0,5,9.5,4.5,74,1021.4,104,7.4,-9900,-9900,0.0,0.0
2021,1,12,22,60,0.0,0.0,0.0,0.0,0.0,5,9.4,4.4,75,1021.2,122,5.5,-9900,-9900,0.0,0.0
2021,1,12,23,60,0.0,0.0,0.0,0.0,0.0,5,8.1,3.1,88,1021.8,146,5.5,-9900,-9900,0.0,0.0
2021,1,12,24,60,0.0,0.0,0.0,0.0,0.0,5,9.1,4.1,83,1021.9,134,5.5,-9900,-9900,0.0,0.0
2021,1,13,1,60,0.0,0.0,0.0,0.0,0.0,5,10.0,5.0,79,1022.1,123,5.5,-9900,-9900,0.0,0.0
2021,1,13,2,60,0.0,0.0,0.0,0.0,0.0,5,12.5,7.5,69,1021.6,110,5.5,-9900,-9900,0.0,0.0
2021,1,13,3,60,0.0,0.0,0.0,0.0,0.0,5,14.9,9.9,61,1021.1,99,5.5,-9900,-9900,0.0,0.0
2021,1,13,4,60,0.0,0.0,0.0,0.0,0.0,5,17.4,12.4,54,1020.6,91,7.4,-9900,-9900,0.0,0.0
2021,1,13,5,60,0.0,0.0,0.0,0.0,0.0,5,17.3,12.3,55,1019.1,81,7.4,-9900,-9900,0.0,0.0
2021,1,13,6,60,0.0,0.0,0.0,0.0,0.0,5,18.2,13.2,53,1018.2,74,9.3,-9900,-9900,0.0,0.0
2021,1,13,7,60,0.0,0.0,0.0,0.0,0.0,5,19.0,14.0,51,1017.2,69,9.3,-9900,-9900,0.0,0.0
2021,1,13,8,60,0.0,0.0,0.0,0.0,0.0,5,18.3,13.3,52,1017.4,75,11.1,-9900,-9900,0.0,0.0
2021,1,13,9,60,0.0,0.0,0.0,0.0,0.0,5,17.6,12.6,53,1017.5,79,11.1,-9900,-9900,0.0,0.0
2021,1,13,10,60,0.0,0.0,0.0,0.0,0.0,5,16.8,11.8,55,1017.7,82,13.0,-9900,-9900,0.0,0.0
2021,1,13,11,60,0.0,0.0,0.0,0.0,0.0,5,17.3,12.3,46,1017.9,69,9.3,-9900,-9900,0.0,0.0
2021,1,13,12,60,0.0,0.0,0.0,0.0,0.0,5,16.4,11.4,49,1018.4,75,9.3,-9900,-9900,0.0,0.0
2021,1,13,13,60,0.0,0.0,0.0,0.0,0.0,5,15.6,10.6,53,1018.9,81,9.3,-9900,-9900,0.0,0.0
2021,1,13,14,60,0.0,0.0,0.0,0.0,0.0,5,15.3,10.3,55,1019.0,86,7.4,-9900,-9900,0.0,0.0
2021,1,13,15,60,0.0,0.0,0.0,0.0,0.0,5,15.0,10.0,56,1019.1,92,7.4,-9900,-9900,0.0,0.0
2021,1,13,16,60,0.0,0.0,0.0,0.0,0.0,5,14.7,9.7,58,1019.3,100,7.4,-9900,-9900,0.0,0.0
2021,1,13,17,60,0.0,0.0,0.0,0.0,0.0,5,12.6,7.6,79,1020.0,132,5.5,-9900,-9900,0.0,0.0
2021,1,13,18,60,0.0,0.0,0.0,0.0,0.0,5,12.3,7.3,78,1019.8,130,5.5,-9900,-9900,0.0,0.0
2021,1,13,19,60,0.0,0.0,0.0,0.0,0.0,5,12.0,7.0,78,1019.7,128,5.5,-9900,-9900,0.0,0.0
2021,1,13,20,60,0.0,0.0,0.0,0.0,0.0,5,11.8,6.8,78,1019.3,131,5.5,-9900,-9900,0.0,0.0
2021,1,13,21,60,0.0,0.0,0.0,0.0,0.0,5,11.6,6.6,78,1018.9,134,5.5,-9900,-9900,0.0,0.0
2021,1,13,22,60,0.0,0.0,0.0,0.0,0.0,5,11.4,6.4,78,1018.5,139,5.5,-9900,-9900,0.0,0.0
2021,1,13,23,60,0.0,0.0,0.0,0.0,0.0,5,10.8,5.8,94,1019.4,172,5.5,-9900,-9900,0.0,0.0
2021,1,13,24,60,0.0,0.0,0.0,0.0,0.0,5,11.7,6.7,88,1019.6,169,3.7,-9900,-9900,0.0,0.0
2021,1,14,1,60,0.0,0.0,0.0,0.0,0.0,5,12.6,7.6,84,1019.7,166,3.7,-9900,-9900,0.0,0.0
2021,1,14,2,60,0.0,0.0,0.0,0.0,0.0,5,15.2,10.2,72,1019.2,150,5.5,-9900,-9900,0.0,0.0
2021,1,14,3,60,0.0,0.0,0.0,0.0,0.0,5,17.9,12.9,62,1018.6,124,5.5,-9900,-9900,0.0,0.0
2021,1,14,4,60,0.0,0.0,0.0,0.0,0.0,5,20.5,15.5,54,1018.1,93,5.5,-9900,-9900,0.0,0.0
2021,1,14,5,60,0.0,0.0,0.0,0.0,0.0,5,20.4,15.4,55,1016.9,86,7.4,-9900,-9900,0.0,0.0
2021,1,14,6,60,0.0,0.0,0.0,0.0,0.0,5,21.3,16.3,53,1016.1,81,7.4,-9900,-9900,0.0,0.0
2021,1,14,7,60,0.0,0.0,0.0,0.0,0.0,5,22.3,17.3,50,1015.2,76,7.4,-9900,-9900,0.0,0.0
2021,1,14,8,60,0.0,0.0,0.0,0.0,0.0,5,21.3,16.3,52,1015.4,80,9.3,-9900,-9900,0.0,0.0
2021,1,14,9,60,0.0,0.0,0.0,0.0,0.0,5,20.4,15.4,54,1015.6,82,9.3,-9900,-9900,0.0,0.0
2021,1,14,10,60,0.0,0.0,0.0,0.0,0.0,5,19.5,14.5,57,1015.8,84,11.1,-9900,-9900,0.0,0.0
2021,1,14,11,60,0.0,0.0,0.0,0.0,0.0,5,18.8,13.8,50,1016.5,86,11.1,-9900,-9900,0.0,0.0
2021,1,14,12,60,0.0,0.0,0.0,0.0,0.0,5,18.2,13.2,53,1016.7,90,9.3,-9900,-9900,0.0,0.0
2021,1,14,13,60,0.0,0.0,0.0,0.0,0.0,5,17.6,12.6,57,1017.0,97,9.3,-9900,-9900,0.0,0.0
2021,1,14,14,60,0.0,0.0,0.0,0.0,0.0,5,17.2,12.2,59,1016.9,97,7.4,-9900,-9900,0.0,0.0
2021,1,14,15,60,0.0,0.0,0.0,0.0,0.0,5,16.9,11.9,60,1016.9,97,5.5,-9900,-9900,0.0,0.0
2021,1,14,16,60,0.0,0.0,0.0,0.0,0.0,5,16.6,11.6,62,1016.9,96,5.5,-9900,-9900,0.0,0.0
2021,1,14,17,60,0.0,0.0,0.0,0.0,0.0,5,15.7,10.7,67,1017.1,95,7.4,-9900,-9900,0.0,0.0
2021,1,14,18,60,0.0,0.0,0.0,0.0,0.0,5,15.4,10.4,68,1017.0,116,7.4,-9900,-9900,0.0,0.0
2021,1,14,19,60,0.0,0.0,0.0,0.0,0.0,5,15.1,10.1,69,1016.8,147,5.5,-9900,-9900,0.0,0.0
2021,1,14,20,60,0.0,0.0,0.0,0.0,0.0,5,14.4,9.4,72,1016.8,168,5.5,-9900,-9900,0.0,0.0
2021,1,14,21,60,0.0,0.0,0.0,0.0,0.0,5,13.7,8.7,75,1016.8,192,3.7,-9900,-9900,0.0,0.0
2021,1,14,22,60,0.0,0.0,0.0,0.0,0.0,5,12.9,7.9,79,1016.8,213,3.7,-9900,-9900,0.0,0.0
2021,1,14,23,60,0.0,0.0,0.0,0.0,0.0,5,12.5,7.5,81,1017.5,198,5.5,-9900,-9900,0.0,0.0
2021,1,14,24,60,0.0,0.0,0.0,0.0,0.0,5,13.0,8.0,79,1017.8,203,5.5,-9900,-9900,0.0,0.0
2021,1,15,1,60,0.0,0.0,0.0,0.0,0.0,5,13.5,8.5,77,1018.1,207,5.5,-9900,-9900,0.0,0.0
2021,1,15,2,60,0.0,0.0,0.0,0.0,0.0,5,16.0,11.0,68,1017.7,221,3.7,-9900,-9900,0.0,0.0
2021,1,15,3,60,0.0,0.0,0.0,0.0,0.0,5,18.6,13.6,60,1017.2,242,3.7,-9900,-9900,0.0,0.0
2021,1,15,4,60,0.0,0.0,0.0,0.0,0.0,5,21.1,16.1,53,1016.8,270,3.7,-9900,-9900,0.0,0.0
2021,1,15,5,60,0.0,0.0,0.0,0.0,0.0,5,21.9,16.9,53,1015.8,296,5.5,-9900,-9900,0.0,0.0
2021,1,15,6,60,0.0,0.0,0.0,0.0,0.0,5,22.7,17.7,51,1014.8,310,5.5,-9900,-9900,0.0,0.0
2021,1,15,7,60,0.0,0.0,0.0,0.0,0.0,5,23.6,18.6,48,1013.8,325,5.5,-9900,-9900,0.0,0.0
2021,1,15,8,60,0.0,0.0,0.0,0.0,0.0,5,22.7,17.7,51,1013.9,6,7.4,-9900,-9900,0.0,0.0
2021,1,15,9,60,0.0,0.0,0.0,0.0,0.0,5,21.8,16.8,54,1014.0,31,7.4,-9900,-9900,0.0,0.0
2021,1,15,10,60,0.0,0.0,0.0,0.0,0.0,5,20.9,15.9,57,1014.1,43,9.3,-9900,-9900,0.0,0.0
2021,1,15,11,60,0.0,0.0,0.0,0.0,0.0,5,20.0,15.0,53,1014.1,44,9.3,-9900,-9900,0.0,0.0
2021,1,15,12,60,0.0,0.0,0.0,0.0,0.0,5,19.5,14.5,56,1014.5,48,7.4,-9900,-9900,0.0,0.0
2021,1,15,13,60,0.0,0.0,0.0,0.0,0.0,5,18.9,13.9,59,1015.0,54,5.5,-9900,-9900,0.0,0.0
2021,1,15,14,60,0.0,0.0,0.0,0.0,0.0,5,18.6,13.6,60,1015.3,55,5.5,-9900,-9900,0.0,0.0
2021,1,15,15,60,0.0,0.0,0.0,0.0,0.0,5,18.3,13.3,62,1015.7,55,5.5,-9900,-9900,0.0,0.0
2021,1,15,16,60,0.0,0.0,0.0,0.0,0.0,5,17.9,12.9,64,1016.0,55,5.5,-9900,-9900,0.0,0.0
2021,1,15,17,60,0.0,0.0,0.0,0.0,0.0,5,16.9,11.9,82,1016.3,122,7.4,-9900,-9900,0.0,0.0
2021,1,15,18,60,0.0,0.0,0.0,0.0,0.0,5,16.8,11.8,81,1016.4,111,7.4,-9900,-9900,0.0,0.0
2021,1,15,19,60,0.0,0.0,0.0,0.0,0.0,5,16.7,11.7,81,1016.4,98,7.4,-9900,-9900,0.0,0.0
2021,1,15,20,60,0.0,0.0,0.0,0.0,0.0,5,16.6,11.6,80,1016.4,100,7.4,-9900,-9900,0.0,0.0
2021,1,15,21,60,0.0,0.0,0.0,0.0,0.0,5,16.5,11.5,79,1016.5,101,5.5,-9900,-9900,0.0,0.0
2021,1,15,22,60,0.0,0.0,0.0,0.0,0.0,5,16.5,11.5,78,1016.5,102,5.5,-9900,-9900,0.0,0.0
2021,1,15,23,60,0.0,0.0,0.0,0.0,0.0,5,16.1,11.1,82,1017.7,100,7.4,-9900,-9900,0.0,0.0
2021,1,15,24,60,0.0,0.0,0.0,0.0,0.0,5,16.6,11.6,80,1018.2,94,9.3,-9900,-9900,0.0,0.0
2021,1,16,1,60,0.0,0.0,0.0,0.0,0.0,5,17.1,12.1,77,1018.8,90,9.3,-9900,-9900,0.0,0.0
2021,1,16,2,60,0.0,0.0,0.0,0.0,0.0,5,17.9,12.9,74,1018.8,83,11.1,-9900,-9900,0.0,0.0
2021,1,16,3,60,0.0,0.0,0.0,0.0,0.0,5,18.7,13.7,72,1018.7,77,13.0,-9900,-9900,0.0,0.0
2021,1,16,4,60,0.0,0.0,0.0,0.0,0.0,5,19.5,14.5,70,1018.7,73,14.8,-9900,-9900,0.0,0.0
2021,1,16,5,60,0.0,0.0,0.0,0.0,0.0,5,19.9,14.9,68,1018.6,75,14.8,-9900,-9900,0.0,0.0
2021,1,16,6,60,0.0,0.0,0.0,0.0,0.0,5,19.8,14.8,68,1017.9,73,16.7,-9900,-9900,0.0,0.0
2021,1,16,7,60,0.0,0.0,0.0,0.0,0.0,5,19.7,14.7,68,1017.3,72,16.7,-9900,-9900,0.0,0.0
2021,1,16,8,60,0.0,0.0,0.0,0.0,0.0,5,19.0,14.0,70,1017.9,67,16.7,-9900,-9900,0.0,0.0
2021,1,16,9,60,0.0,0.0,0.0,0.0,0.0,5,18.3,13.3,71,1018.5,62,16.7,-9900,-9900,0.0,0.0
2021,1,16,10,60,0.0,0.0,0.0,0.0,0.0,5,17.6,12.6,72,1019.1,56,14.8,-9900,-9900,0.0,0.0
2021,1,16,11,60,0.0,0.0,0.0,0.0,0.0,5,17.8,12.8,66,1020.1,53,14.8,-9900,-9900,0.0,0.0
2021,1,16,12,60,0.0,0.0,0.0,0.0,0.0,5,17.3,12.3,68,1020.9,53,14.8,-9900,-9900,0.0,0.0
2021,1,16,13,60,0.0,0.0,0.0,0.0,0.0,5,16.8,11.8,69,1021.8,53,14.8,-9900,-9900,0.0,0.0
2021,1,16,14,60,0.0,0.0,0.0,0.0,0.0,5,16.4,11.4,70,1022.3,55,14.8,-9900,-9900,0.0,0.0
2021,1,16,15,60,0.0,0.0,0.0,0.0,0.0,5,16.1,11.1,72,1022.8,58,13.0,-9900,-9900,0.0,0.0
2021,1,16,16,60,0.0,0.0,0.0,0.0,0.0,5,15.8,10.8,73,1023.3,61,13.0,-9900,-9900,0.0,0.0
2021,1,16,17,60,0.0,0.0,0.0,0.0,0.0,5,15.4,10.4,77,1023.6,89,13.0,-9900,-9900,0.0,0.0
2021,1,16,18,60,0.0,0.0,0.0,0.0,0.0,5,15.2,10.2,77,1023.8,82,13.0,-9900,-9900,0.0,0.0
2021,1,16,19,60,0.0,0.0,0.0,0.0,0.0,5,15.1,10.1,77,1024.0,75,13.0,-9900,-9900,0.0,0.0
2021,1,16,20,60,0.0,0.0,0.0,0.0,0.0,5,14.7,9.7,77,1024.3,69,13.0,-9900,-9900,0.0,0.0
2021,1,16,21,60,0.0,0.0,0.0,0.0,0.0,5,14.3,9.3,78,1024.7,62,11.1,-9900,-9900,0.0,0.0
2021,1,16,22,60,0.0,0.0,0.0,0.0,0.0,5,13.9,8.9,79,1025.1,53,9.3,-9900,-9900,0.0,0.0
2021,1,16,23,60,0.0,0.0,0.0,0.0,0.0,5,14.2,9.2,77,1026.0,88,11.1,-9900,-9900,0.0,0.0
2021,1,16,24,60,0.0,0.0,0.0,0.0,0.0,5,14.1,9.1,77,1026.7,88,11.1,-9900,-9900,0.0,0.0
2021,1,17,1,60,0.0,0.0,0.0,0.0,0.0,5,14.0,9.0,76,1027.4,89,11.1,-9900,-9900,0.0,0.0
2021,1,17,2,60,0.0,0.0,0.0,0.0,0.0,5,14.3,9.3,74,1027.5,84,11.1,-9900,-9900,0.0,0.0
2021,1,17,3,60,0.0,0.0,0.0,0.0,0.0,5,14.5,9.5,72,1027.5,80,13.0,-9900,-9900,0.0,0.0
2021,1,17,4,60,0.0,0.0,0.0,0.0,0.0,5,14.8,9.8,70,1027.6,76,13.0,-9900,-9900,0.0,0.0
2021,1,17,5,60,0.0,0.0,0.0,0.0,0.0,5,14.3,9.3,72,1026.8,82,13.0,-9900,-9900,0.0,0.0
2021,1,17,6,60,0.0,0.0,0.0,0.0,0.0,5,14.3,9.3,72,1026.1,80,13.0,-9900,-9900,0.0,0.0
2021,1,17,7,60,0.0,0.0,0.0,0.0,0.0,5,14.4,9.4,70,1025.3,78,13.0,-9900,-9900,0.0,0.0
2021,1,17,8,60,0.0,0.0,0.0,0.0,0.0,5,14.0,9.0,72,1025.6,76,13.0,-9900,-9900,0.0,0.0
2021,1,17,9,60,0.0,0.0,0.0,0.0,0.0,5,13.7,8.7,73,1025.8,75,13.0,-9900,-9900,0.0,0.0
2021,1,17,10,60,0.0,0.0,0.0,0.0,0.0,5,13.3,8.3,74,1026.0,73,13.0,-9900,-9900,0.0,0.0
2021,1,17,11,60,0.0,0.0,0.0,0.0,0.0,5,13.3,8.3,75,1026.3,69,13.0,-9900,-9900,0.0,0.0
2021,1,17,12,60,0.0,0.0,0.0,0.0,0.0,5,13.2,8.2,75,1026.8,70,13.0,-9900,-9900,0.0,0.0
2021,1,17,13,60,0.0,0.0,0.0,0.0,0.0,5,13.1,8.1,74,1027.2,70,11.1,-9900,-9900,0.0,0.0
2021,1,17,14,60,0.0,0.0,0.0,0.0,0.0,5,13.1,8.1,74,1027.0,73,11.1,-9900,-9900,0.0,0.0
2021,1,17,15,60,0.0,0.0,0.0,0.0,0.0,5,13.0,8.0,74,1026.7,77,11.1,-9900,-9900,0.0,0.0
2021,1,17,16,60,0.0,0.0,0.0,0.0,0.0,5,13.0,8.0,74,1026.5,80,11.1,-9900,-9900,0.0,0.0
2021,1,17,17,60,0.0,0.0,0.0,0.0,0.0,5,12.8,7.8,77,1026.7,92,11.1,-9900,-9900,0.0,0.0
2021,1,17,18,60,0.0,0.0,0.0,0.0,0.0,5,12.8,7.8,76,1026.4,87,11.1,-9900,-9900,0.0,0.0
2021,1,17,19,60,0.0,0.0,0.0,0.0,0.0,5,12.8,7.8,76,1026.0,81,9.3,-9900,-9900,0.0,0.0
2021,1,17,20,60,0.0,0.0,0.0,0.0,0.0,5,12.5,7.5,77,1025.6,79,9.3,-9900,-9900,0.0,0.0
2021,1,17,21,60,0.0,0.0,0.0,0.0,0.0,5,12.3,7.3,78,1025.2,78,7.4,-9900,-9900,0.0,0.0
2021,1,17,22,60,0.0,0.0,0.0,0.0,0.0,5,12.1,7.1,79,1024.8,75,7.4,-9900,-9900,0.0,0.0
2021,1,17,23,60,0.0,0.0,0.0,0.0,0.0,5,12.9,7.9,71,1025.2,106,7.4,-9900,-9900,0.0,0.0
2021,1,17,24,60,0.0,0.0,0.0,0.0,0.0,5,13.1,8.1,70,1025.6,104,7.4,-9900,-9900,0.0,0.0
2021,1,18,1,60,0.0,0.0,0.0,0.0,0.0,5,13.2,8.2,70,1025.9,103,7.4,-9900,-9900,0.0,0.0
2021,1,18,2,60,0.0,0.0,0.0,0.0,0.0,5,13.9,8.9,68,1025.6,91,9.3,-9900,-9900,0.0,0.0
2021,1,18,3,60,0.0,0.0,0.0,0.0,0.0,5,14.6,9.6,66,1025.3,81,11.1,-9900,-9900,0.0,0.0
2021,1,18,4,60,0.0,0.0,0.0,0.0,0.0,5,15.3,10.3,64,1025.0,74,13.0,-9900,-9900,0.0,0.0
2021,1,18,5,60,0.0,0.0,0.0,0.0,0.0,5,16.1,11.1,61,1023.7,74,13.0,-9900,-9900,0.0,0.0
2021,1,18,6,60,0.0,0.0,0.0,0.0,0.0,5,16.1,11.1,61,1022.9,71,13.0,-9900,-9900,0.0,0.0
2021,1,18,7,60,0.0,0.0,0.0,0.0,0.0,5,16.2,11.2,61,1022.2,68,13.0,-9900,-9900,0.0,0.0
2021,1,18,8,60,0.0,0.0,0.0,0.0,0.0,5,15.8,10.8,62,1022.3,69,13.0,-9900,-9900,0.0,0.0
2021,1,18,9,60,0.0,0.0,0.0,0.0,0.0,5,15.4,10.4,63,1022.5,70,14.8,-9900,-9900,0.0,0.0
2021,1,18,10,60,0.0,0.0,0.0,0.0,0.0,5,15.1,10.1,65,1022.7,72,14.8,-9900,-9900,0.0,0.0
2021,1,18,11,60,0.0,0.0,0.0,0.0,0.0,5,14.7,9.7,63,1022.8,80,14.8,-9900,-9900,0.0,0.0
2021,1,18,12,60,0.0,0.0,0.0,0.0,0.0,5,14.6,9.6,64,1023.2,80,14.8,-9900,-9900,0.0,0.0
2021,1,18,13,60,0.0,0.0,0.0,0.0,0.0,5,14.5,9.5,65,1023.6,80,13.0,-9900,-9900,0.0,0.0
2021,1,18,14,60,0.0,0.0,0.0,0.0,0.0,5,14.6,9.6,65,1023.6,81,13.0,-9900,-9900,0.0,0.0
2021,1,18,15,60,0.0,0.0,0.0,0.0,0.0,5,14.6,9.6,66,1023.6,82,13.0,-9900,-9900,0.0,0.0
2021,1,18,16,60,0.0,0.0,0.0,0.0,0.0,5,14.7,9.7,66,1023.6,83,13.0,-9900,-9900,0.0,0.0
2021,1,18,17,60,0.0,0.0,0.0,0.0,0.0,5,14.7,9.7,68,1023.4,90,14.8,-9900,-9900,0.0,0.0
2021,1,18,18,60,0.0,0.0,0.0,0.0,0.0,5,14.7,9.7,69,1023.0,85,14.8,-9900,-9900,0.0,0.0
2021,1,18,19,60,0.0,0.0,0.0,0.0,0.0,5,14.7,9.7,70,1022.6,80,14.8,-9900,-9900,0.0,0.0
2021,1,18,20,60,0.0,0.0,0.0,0.0,0.0,5,14.7,9.7,70,1022.3,80,14.8,-9900,-9900,0.0,0.0
2021,1,18,21,60,0.0,0.0,0.0,0.0,0.0,5,14.6,9.6,71,1022.1,80,13.0,-9900,-9900,0.0,0.0
2021,1,18,22,60,0.0,0.0,0.0,0.0,0.0,5,14.6,9.6,72,1021.9,80,13.0,-9900,-9900,0.0,0.0
2021,1,18,23,60,0.0,0.0,0.0,0.0,0.0,5,15.0,10.0,65,1021.6,84,13.0,-9900,-9900,0.0,0.0
2021,1,18,24,60,0.0,0.0,0.0,0.0,0.0,5,15.4,10.4,65,1022.1,82,13.0,-9900,-9900,0.0,0.0
2021,1,19,1,60,0.0,0.0,0.0,0.0,0.0,5,15.7,10.7,65,1022.5,80,13.0,-9900,-9900,0.0,0.0
2021,1,19,2,60,0.0,0.0,0.0,0.0,0.0,5,16.7,11.7,64,1022.3,81,14.8,-9900,-9900,0.0,0.0
2021,1,19,3,60,0.0,0.0,0.0,0.0,0.0,5,17.6,12.6,63,1022.1,82,16.7,-9900,-9900,0.0,0.0
2021,1,19,4,60,0.0,0.0,0.0,0.0,0.0,5,18.5,13.5,62,1021.9,83,18.5,-9900,-9900,0.0,0.0
2021,1,19,5,60,0.0,0.0,0.0,0.0,0.0,5,18.7,13.7,59,1021.3,85,18.5,-9900,-9900,0.0,0.0
2021,1,19,6,60,0.0,0.0,0.0,0.0,0.0,5,19.3,14.3,58,1020.3,83,18.5,-9900,-9900,0.0,0.0
2021,1,19,7,60,0.0,0.0,0.0,0.0,0.0,5,19.8,14.8,58,1019.4,80,18.5,-9900,-9900,0.0,0.0
2021,1,19,8,60,0.0,0.0,0.0,0.0,0.0,5,19.4,14.4,59,1019.6,80,16.7,-9900,-9900,0.0,0.0
2021,1,19,9,60,0.0,0.0,0.0,0.0,0.0,5,19.0,14.0,61,1019.8,79,16.7,-9900,-9900,0.0,0.0
2021,1,19,10,60,0.0,0.0,0.0,0.0,0.0,5,18.6,13.6,63,1020.0,79,16.7,-9900,-9900,0.0,0.0
2021,1,19,11,60,0.0,0.0,0.0,0.0,0.0,5,18.3,13.3,63,1020.6,87,16.7,-9900,-9900,0.0,0.0
2021,1,19,12,60,0.0,0.0,0.0,0.0,0.0,5,18.0,13.0,65,1020.9,83,16.7,-9900,-9900,0.0,0.0
2021,1,19,13,60,0.0,0.0,0.0,0.0,0.0,5,17.8,12.8,67,1021.1,78,14.8,-9900,-9900,0.0,0.0
2021,1,19,14,60,0.0,0.0,0.0,0.0,0.0,5,17.8,12.8,68,1020.9,79,14.8,-9900,-9900,0.0,0.0
2021,1,19,15,60,0.0,0.0,0.0,0.0,0.0,5,17.9,12.9,69,1020.6,80,14.8,-9900,-9900,0.0,0.0
2021,1,19,16,60,0.0,0.0,0.0,0.0,0.0,5,18.0,13.0,70,1020.4,81,13.0,-9900,-9900,0.0,0.0
2021,1,19,17,60,0.0,0.0,0.0,0.0,0.0,5,17.5,12.5,75,1020.7,88,14.8,-9900,-9900,0.0,0.0
2021,1,19,18,60,0.0,0.0,0.0,0.0,0.0,5,17.5,12.5,75,1020.2,83,13.0,-9900,-9900,0.0,0.0
2021,1,19,19,60,0.0,0.0,0.0,0.0,0.0,5,17.5,12.5,76,1019.8,78,13.0,-9900,-9900,0.0,0.0
2021,1,19,20,60,0.0,0.0,0.0,0.0,0.0,5,17.4,12.4,77,1019.5,80,13.0,-9900,-9900,0.0,0.0
2021,1,19,21,60,0.0,0.0,0.0,0.0,0.0,5,17.2,12.2,78,1019.3,82,13.0,-9900,-9900,0.0,0.0
2021,1,19,22,60,0.0,0.0,0.0,0.0,0.0,5,17.1,12.1,80,1019.1,85,11.1,-9900,-9900,0.0,0.0
2021,1,19,23,60,0.0,0.0,0.0,0.0,0.0,5,18.2,13.2,81,1019.2,94,11.1,-9900,-9900,0.0,0.0
2021,1,19,24,60,0.0,0.0,0.0,0.0,0.0,5,18.6,13.6,80,1019.6,91,11.1,-9900,-9900,0.0,0.0
2021,1,20,1,60,0.0,0.0,0.0,0.0,0.0,5,19.0,14.0,79,1019.9,88,9.3,-9900,-9900,0.0,0.0
2021,1,20,2,60,0.0,0.0,0.0,0.0,0.0,5,20.7,15.7,73,1019.6,92,11.1,-9900,-9900,0.0,0.0
2021,1,20,3,60,0.0,0.0,0.0,0.0,0.0,5,22.3,17.3,68,1019.3,95,11.1,-9900,-9900,0.0,0.0
2021,1,20,4,60,0.0,0.0,0.0,0.0,0.0,5,24.0,19.0,63,1018.9,98,11.1,-9900,-9900,0.0,0.0
2021,1,20,5,60,0.0,0.0,0.0,0.0,0.0,5,23.6,18.6,65,1018.2,98,13.0,-9900,-9900,0.0,0.0
2021,1,20,6,60,0.0,0.0,0.0,0.0,0.0,5,24.4,19.4,63,1017.3,98,13.0,-9900,-9900,0.0,0.0
2021,1,20,7,60,0.0,0.0,0.0,0.0,0.0,5,25.1,20.1,61,1016.3,97,13.0,-9900,-9900,0.0,0.0
2021,1,20,8,60,0.0,0.0,0.0,0.0,0.0,5,24.2,19.2,62,1016.4,94,13.0,-9900,-9900,0.0,0.0
2021,1,20,9,60,0.0,0.0,0.0,0.0,0.0,5,23.4,18.4,64,1016.5,91,13.0,-9900,-9900,0.0,0.0
2021,1,20,10,60,0.0,0.0,0.0,0.0,0.0,5,22.5,17.5,65,1016.6,89,13.0,-9900,-9900,0.0,0.0
2021,1,20,11,60,0.0,0.0,0.0,0.0,0.0,5,21.5,16.5,66,1017.4,85,13.0,-9900,-9900,0.0,0.0
2021,1,20,12,60,0.0,0.0,0.0,0.0,0.0,5,21.2,16.2,68,1017.6,79,13.0,-9900,-9900,0.0,0.0
2021,1,20,13,60,0.0,0.0,0.0,0.0,0.0,5,20.9,15.9,70,1017.8,72,13.0,-9900,-9900,0.0,0.0
2021,1,20,14,60,0.0,0.0,0.0,0.0,0.0,5,20.9,15.9,71,1017.6,71,13.0,-9900,-9900,0.0,0.0
2021,1,20,15,60,0.0,0.0,0.0,0.0,0.0,5,20.8,15.8,72,1017.5,70,13.0,-9900,-9900,0.0,0.0
2021,1,20,16,60,0.0,0.0,0.0,0.0,0.0,5,20.7,15.7,73,1017.3,68,13.0,-9900,-9900,0.0,0.0
2021,1,20,17,60,0.0,0.0,0.0,0.0,0.0,5,21.0,16.0,73,1017.4,78,13.0,-9900,-9900,0.0,0.0
2021,1,20,18,60,0.0,0.0,0.0,0.0,0.0,5,20.8,15.8,74,1017.2,73,13.0,-9900,-9900,0.0,0.0
2021,1,20,19,60,0.0,0.0,0.0,0.0,0.0,5,20.7,15.7,74,1016.9,66,11.1,-9900,-9900,0.0,0.0
2021,1,20,20,60,0.0,0.0,0.0,0.0,0.0,5,20.2,15.2,77,1016.7,68,11.1,-9900,-9900,0.0,0.0
2021,1,20,21,60,0.0,0.0,0.0,0.0,0.0,5,19.7,14.7,80,1016.5,71,9.3,-9900,-9900,0.0,0.0
2021,1,20,22,60,0.0,0.0,0.0,0.0,0.0,5,19.3,14.3,83,1016.3,74,9.3,-9900,-9900,0.0,0.0
2021,1,20,23,60,0.0,0.0,0.0,0.0,0.0,5,20.8,15.8,76,1016.8,97,9.3,-9900,-9900,0.0,0.0
2021,1,20,24,60,0.0,0.0,0.0,0.0,0.0,5,21.2,16.2,76,1017.0,96,9.3,-9900,-9900,0.0,0.0
2021,1,21,1,60,0.0,0.0,0.0,0.0,0.0,5,21.5,16.5,75,1017.2,95,7.4,-9900,-9900,0.0,0.0
2021,1,21,2,60,0.0,0.0,0.0,0.0,0.0,5,22.8,17.8,72,1016.9,100,7.4,-9900,-9900,0.0,0.0
2021,1,21,3,60,0.0,0.0,0.0,0.0,0.0,5,24.0,19.0,68,1016.6,106,7.4,-9900,-9900,0.0,0.0
2021,1,21,4,60,0.0,0.0,0.0,0.0,0.0,5,25.2,20.2,66,1016.4,115,7.4,-9900,-9900,0.0,0.0
2021,1,21,5,60,0.0,0.0,0.0,0.0,0.0,5,26.0,21.0,61,1015.2,107,7.4,-9900,-9900,0.0,0.0
2021,1,21,6,60,0.0,0.0,0.0,0.0,0.0,5,26.6,21.6,60,1014.2,111,7.4,-9900,-9900,0.0,0.0
2021,1,21,7,60,0.0,0.0,0.0,0.0,0.0,5,27.2,22.2,58,1013.3,117,7.4,-9900,-9900,0.0,0.0
2021,1,21,8,60,0.0,0.0,0.0,0.0,0.0,5,26.3,21.3,60,1013.2,104,9.3,-9900,-9900,0.0,0.0
2021,1,21,9,60,0.0,0.0,0.0,0.0,0.0,5,25.3,20.3,62,1013.1,97,9.3,-9900,-9900,0.0,0.0
2021,1,21,10,60,0.0,0.0,0.0,0.0,0.0,5,24.4,19.4,63,1013.1,92,11.1,-9900,-9900,0.0,0.0
2021,1,21,11,60,0.0,0.0,0.0,0.0,0.0,5,23.9,18.9,65,1014.3,96,7.4,-9900,-9900,0.0,0.0
2021,1,21,12,60,0.0,0.0,0.0,0.0,0.0,5,23.2,18.2,68,1014.5,86,7.4,-9900,-9900,0.0,0.0
2021,1,21,13,60,0.0,0.0,0.0,0.0,0.0,5,22.6,17.6,71,1014.6,77,7.4,-9900,-9900,0.0,0.0
2021,1,21,14,60,0.0,0.0,0.0,0.0,0.0,5,22.3,17.3,73,1014.4,81,7.4,-9900,-9900,0.0,0.0
2021,1,21,15,60,0.0,0.0,0.0,0.0,0.0,5,22.0,17.0,75,1014.2,84,7.4,-9900,-9900,0.0,0.0
2021,1,21,16,60,0.0,0.0,0.0,0.0,0.0,5,21.7,16.7,77,1014.0,88,7.4,-9900,-9900,0.0,0.0
2021,1,21,17,60,0.0,0.0,0.0,0.0,0.0,5,21.8,16.8,79,1013.8,85,5.5,-9900,-9900,0.0,0.0
2021,1,21,18,60,0.0,0.0,0.0,0.0,0.0,5,21.6,16.6,78,1013.4,80,7.4,-9900,-9900,0.0,0.0
2021,1,21,19,60,0.0,0.0,0.0,0.0,0.0,5,21.4,16.4,78,1013.1,76,7.4,-9900,-9900,0.0,0.0
2021,1,21,20,60,0.0,0.0,0.0,0.0,0.0,5,21.0,16.0,81,1012.7,78,5.5,-9900,-9900,0.0,0.0
2021,1,21,21,60,0.0,0.0,0.0,0.0,0.0,5,20.6,15.6,83,1012.3,82,5.5,-9900,-9900,0.0,0.0
2021,1,21,22,60,0.0,0.0,0.0,0.0,0.0,5,20.2,15.2,86,1011.9,87,5.5,-9900,-9900,0.0,0.0
2021,1,21,23,60,0.0,0.0,0.0,0.0,0.0,5,21.4,16.4,85,1012.5,94,7.4,-9900,-9900,0.0,0.0
2021,1,21,24,60,0.0,0.0,0.0,0.0,0.0,5,21.7,16.7,84,1012.8,90,7.4,-9900,-9900,0.0,0.0
2021,1,22,1,60,0.0,0.0,0.0,0.0,0.0,5,22.0,17.0,84,1013.2,86,7.4,-9900,-9900,0.0,0.0
2021,1,22,2,60,0.0,0.0,0.0,0.0,0.0,5,23.1,18.1,80,1012.9,90,7.4,-9900,-9900,0.0,0.0
2021,1,22,3,60,0.0,0.0,0.0,0.0,0.0,5,24.1,19.1,77,1012.7,96,7.4,-9900,-9900,0.0,0.0
2021,1,22,4,60,0.0,0.0,0.0,0.0,0.0,5,25.2,20.2,74,1012.5,107,5.5,-9900,-9900,0.0,0.0
2021,1,22,5,60,0.0,0.0,0.0,0.0,0.0,5,25.1,20.1,77,1011.9,92,9.3,-9900,-9900,0.0,0.0
2021,1,22,6,60,0.0,0.0,0.0,0.0,0.0,5,25.1,20.1,77,1010.9,85,9.3,-9900,-9900,0.0,0.0
2021,1,22,7,60,0.0,0.0,0.0,0.0,0.0,5,25.0,20.0,77,1010.0,77,9.3,-9900,-9900,0.0,0.0
2021,1,22,8,60,0.0,0.0,0.0,0.0,0.0,5,24.2,19.2,78,1010.1,72,9.3,-9900,-9900,0.0,0.0
2021,1,22,9,60,0.0,0.0,0.0,0.0,0.0,5,23.5,18.5,80,1010.2,65,7.4,-9900,-9900,0.0,0.0
2021,1,22,10,60,0.0,0.0,0.0,0.0,0.0,5,22.7,17.7,82,1010.3,56,7.4,-9900,-9900,0.0,0.0
2021,1,22,11,60,0.0,0.0,0.0,0.0,0.0,5,22.7,17.7,81,1011.1,91,9.3,-9900,-9900,0.0,0.0
2021,1,22,12,60,0.0,0.0,0.0,0.0,0.0,5,22.2,17.2,82,1011.5,91,7.4,-9900,-9900,0.0,0.0
2021,1,22,13,60,0.0,0.0,0.0,0.0,0.0,5,21.8,16.8,84,1011.8,92,5.5,-9900,-9900,0.0,0.0
2021,1,22,14,60,0.0,0.0,0.0,0.0,0.0,5,21.5,16.5,85,1011.6,94,5.5,-9900,-9900,0.0,0.0
2021,1,22,15,60,0.0,0.0,0.0,0.0,0.0,5,21.2,16.2,86,1011.5,97,5.5,-9900,-9900,0.0,0.0
2021,1,22,16,60,0.0,0.0,0.0,0.0,0.0,5,20.9,15.9,87,1011.3,115,5.5,-9900,-9900,0.0,0.0
2021,1,22,17,60,0.0,0.0,0.0,0.0,0.0,5,20.8,15.8,92,1011.8,97,7.4,-9900,-9900,0.0,0.0
2021,1,22,18,60,0.0,0.0,0.0,0.0,0.0,5,20.6,15.6,92,1011.6,97,7.4,-9900,-9900,0.0,0.0
2021,1,22,19,60,0.0,0.0,0.0,0.0,0.0,5,20.3,15.3,92,1011.3,97,5.5,-9900,-9900,0.0,0.0
2021,1,22,20,60,0.0,0.0,0.0,0.0,0.0,5,20.1,15.1,92,1011.2,106,5.5,-9900,-9900,0.0,0.0
2021,1,22,21,60,0.0,0.0,0.0,0.0,0.0,5,19.8,14.8,92,1011.2,239,5.5,-9900,-9900,0.0,0.0
2021,1,22,22,60,0.0,0.0,0.0,0.0,0.0,5,19.6,14.6,91,1011.1,263,3.7,-9900,-9900,0.0,0.0
2021,1,22,23,60,0.0,0.0,0.0,0.0,0.0,5,19.6,14.6,93,1012.2,180,5.5,-9900,-9900,0.0,0.0
2021,1,22,24,60,0.0,0.0,0.0,0.0,0.0,5,19.6,14.6,92,1013.0,210,5.5,-9900,-9900,0.0,0.0
2021,1,23,1,60,0.0,0.0,0.0,0.0,0.0,5,19.6,14.6,90,1013.7,236,5.5,-9900,-9900,0.0,0.0
2021,1,23,2,60,0.0,0.0,0.0,0.0,0.0,5,20.0,15.0,89,1013.9,243,5.5,-9900,-9900,0.0,0.0
2021,1,23,3,60,0.0,0.0,0.0,0.0,0.0,5,20.5,15.5,87,1014.1,256,5.5,-9900,-9900,0.0,0.0
2021,1,23,4,60,0.0,0.0,0.0,0.0,0.0,5,20.9,15.9,85,1014.3,281,5.5,-9900,-9900,0.0,0.0
2021,1,23,5,60,0.0,0.0,0.0,0.0,0.0,5,20.3,15.3,87,1014.0,285,3.7,-9900,-9900,0.0,0.0
2021,1,23,6,60,0.0,0.0,0.0,0.0,0.0,5,20.3,15.3,87,1013.5,293,5.5,-9900,-9900,0.0,0.0
2021,1,23,7,60,0.0,0.0,0.0,0.0,0.0,5,20.4,15.4,85,1012.9,297,5.5,-9900,-9900,0.0,0.0
2021,1,23,8,60,0.0,0.0,0.0,0.0,0.0,5,20.1,15.1,84,1013.2,316,5.5,-9900,-9900,0.0,0.0
2021,1,23,9,60,0.0,0.0,0.0,0.0,0.0,5,19.8,14.8,83,1013.4,16,5.5,-9900,-9900,0.0,0.0
2021,1,23,10,60,0.0,0.0,0.0,0.0,0.0,5,19.5,14.5,82,1013.7,62,5.5,-9900,-9900,0.0,0.0
2021,1,23,11,60,0.0,0.0,0.0,0.0,0.0,5,19.0,14.0,84,1014.4,19,7.4,-9900,-9900,0.0,0.0
2021,1,23,12,60,0.0,0.0,0.0,0.0,0.0,5,18.8,13.8,84,1015.1,33,7.4,-9900,-9900,0.0,0.0
2021,1,23,13,60,0.0,0.0,0.0,0.0,0.0,5,18.6,13.6,84,1015.9,48,7.4,-9900,-9900,0.0,0.0
2021,1,23,14,60,0.0,0.0,0.0,0.0,0.0,5,18.4,13.4,83,1016.4,48,7.4,-9900,-9900,0.0,0.0
2021,1,23,15,60,0.0,0.0,0.0,0.0,0.0,5,18.2,13.2,82,1017.0,48,7.4,-9900,-9900,0.0,0.0
2021,1,23,16,60,0.0,0.0,0.0,0.0,0.0,5,18.0,13.0,82,1017.5,48,7.4,-9900,-9900,0.0,0.0
2021,1,23,17,60,0.0,0.0,0.0,0.0,0.0,5,17.8,12.8,89,1017.9,90,7.4,-9900,-9900,0.0,0.0
2021,1,23,18,60,0.0,0.0,0.0,0.0,0.0,5,17.6,12.6,88,1018.0,79,9.3,-9900,-9900,0.0,0.0
2021,1,23,19,60,0.0,0.0,0.0,0.0,0.0,5,17.5,12.5,86,1018.0,72,9.3,-9900,-9900,0.0,0.0
2021,1,23,20,60,0.0,0.0,0.0,0.0,0.0,5,17.4,12.4,84,1017.9,70,9.3,-9900,-9900,0.0,0.0
2021,1,23,21,60,0.0,0.0,0.0,0.0,0.0,5,17.3,12.3,81,1017.8,68,9.3,-9900,-9900,0.0,0.0
2021,1,23,22,60,0.0,0.0,0.0,0.0,0.0,5,17.2,12.2,79,1017.8,66,11.1,-9900,-9900,0.0,0.0
2021,1,23,23,60,0.0,0.0,0.0,0.0,0.0,5,17.6,12.6,76,1018.9,88,13.0,-9900,-9900,0.0,0.0
2021,1,23,24,60,0.0,0.0,0.0,0.0,0.0,5,17.7,12.7,75,1019.4,83,13.0,-9900,-9900,0.0,0.0
2021,1,24,1,60,0.0,0.0,0.0,0.0,0.0,5,17.7,12.7,74,1020.0,78,13.0,-9900,-9900,0.0,0.0
2021,1,24,2,60,0.0,0.0,0.0,0.0,0.0,5,18.3,13.3,72,1020.0,74,14.8,-9900,-9900,0.0,0.0
2021,1,24,3,60,0.0,0.0,0.0,0.0,0.0,5,18.8,13.8,70,1020.0,71,16.7,-9900,-9900,0.0,0.0
2021,1,24,4,60,0.0,0.0,0.0,0.0,0.0,5,19.3,14.3,68,1020.0,68,16.7,-9900,-9900,0.0,0.0
2021,1,24,5,60,0.0,0.0,0.0,0.0,0.0,5,19.0,14.0,70,1019.1,74,18.5,-9900,-9900,0.0,0.0
2021,1,24,6,60,0.0,0.0,0.0,0.0,0.0,5,19.1,14.1,69,1018.4,70,18.5,-9900,-9900,0.0,0.0
2021,1,24,7,60,0.0,0.0,0.0,0.0,0.0,5,19.3,14.3,68,1017.7,67,20.4,-9900,-9900,0.0,0.0
2021,1,24,8,60,0.0,0.0,0.0,0.0,0.0,5,18.8,13.8,68,1018.1,66,18.5,-9900,-9900,0.0,0.0
2021,1,24,9,60,0.0,0.0,0.0,0.0,0.0,5,18.4,13.4,68,1018.4,65,18.5,-9900,-9900,0.0,0.0
2021,1,24,10,60,0.0,0.0,0.0,0.0,0.0,5,17.9,12.9,68,1018.7,63,16.7,-9900,-9900,0.0,0.0
2021,1,24,11,60,0.0,0.0,0.0,0.0,0.0,5,17.7,12.7,69,1019.4,73,14.8,-9900,-9900,0.0,0.0
2021,1,24,12,60,0.0,0.0,0.0,0.0,0.0,5,17.5,12.5,70,1019.7,75,13.0,-9900,-9900,0.0,0.0
2021,1,24,13,60,0.0,0.0,0.0,0.0,0.0,5,17.3,12.3,71,1020.1,76,13.0,-9900,-9900,0.0,0.0
2021,1,24,14,60,0.0,0.0,0.0,0.0,0.0,5,17.3,12.3,71,1019.8,75,13.0,-9900,-9900,0.0,0.0
2021,1,24,15,60,0.0,0.0,0.0,0.0,0.0,5,17.3,12.3,72,1019.6,74,13.0,-9900,-9900,0.0,0.0
2021,1,24,16,60,0.0,0.0,0.0,0.0,0.0,5,17.3,12.3,72,1019.4,72,11.1,-9900,-9900,0.0,0.0
2021,1,24,17,60,0.0,0.0,0.0,0.0,0.0,5,17.2,12.2,76,1019.5,94,11.1,-9900,-9900,0.0,0.0
2021,1,24,18,60,0.0,0.0,0.0,0.0,0.0,5,17.0,12.0,76,1019.2,91,11.1,-9900,-9900,0.0,0.0
2021,1,24,19,60,0.0,0.0,0.0,0.0,0.0,5,16.8,11.8,77,1019.0,87,11.1,-9900,-9900,0.0,0.0
2021,1,24,20,60,0.0,0.0,0.0,0.0,0.0,5,16.5,11.5,78,1018.9,87,9.3,-9900,-9900,0.0,0.0
2021,1,24,21,60,0.0,0.0,0.0,0.0,0.0,5,16.1,11.1,80,1018.8,86,7.4,-9900,-9900,0.0,0.0
2021,1,24,22,60,0.0,0.0,0.0,0.0,0.0,5,15.8,10.8,81,1018.6,85,5.5,-9900,-9900,0.0,0.0
2021,1,24,23,60,0.0,0.0,0.0,0.0,0.0,5,16.3,11.3,77,1019.4,126,7.4,-9900,-9900,0.0,0.0
2021,1,24,24,60,0.0,0.0,0.0,0.0,0.0,5,16.7,11.7,75,1019.8,121,7.4,-9900,-9900,0.0,0.0
2021,1,25,1,60,0.0,0.0,0.0,0.0,0.0,5,17.0,12.0,74,1020.3,116,5.5,-9900,-9900,0.0,0.0
2021,1,25,2,60,0.0,0.0,0.0,0.0,0.0,5,18.1,13.1,71,1020.0,95,7.4,-9900,-9900,0.0,0.0
2021,1,25,3,60,0.0,0.0,0.0,0.0,0.0,5,19.2,14.2,68,1019.8,74,9.3,-9900,-9900,0.0,0.0
2021,1,25,4,60,0.0,0.0,0.0,0.0,0.0,5,20.3,15.3,66,1019.5,57,11.1,-9900,-9900,0.0,0.0
2021,1,25,5,60,0.0,0.0,0.0,0.0,0.0,5,20.1,15.1,69,1018.5,53,9.3,-9900,-9900,0.0,0.0
2021,1,25,6,60,0.0,0.0,0.0,0.0,0.0,5,20.6,15.6,67,1017.7,40,9.3,-9900,-9900,0.0,0.0
2021,1,25,7,60,0.0,0.0,0.0,0.0,0.0,5,21.1,16.1,64,1016.9,27,9.3,-9900,-9900,0.0,0.0
2021,1,25,8,60,0.0,0.0,0.0,0.0,0.0,5,20.5,15.5,65,1017.0,27,9.3,-9900,-9900,0.0,0.0
2021,1,25,9,60,0.0,0.0,0.0,0.0,0.0,5,20.0,15.0,66,1017.1,27,11.1,-9900,-9900,0.0,0.0
2021,1,25,10,60,0.0,0.0,0.0,0.0,0.0,5,19.5,14.5,67,1017.2,27,11.1,-9900,-9900,0.0,0.0
2021,1,25,11,60,0.0,0.0,0.0,0.0,0.0,5,19.0,14.0,72,1017.6,14,7.4,-9900,-9900,0.0,0.0
2021,1,25,12,60,0.0,0.0,0.0,0.0,0.0,5,18.4,13.4,76,1017.9,17,7.4,-9900,-9900,0.0,0.0
2021,1,25,13,60,0.0,0.0,0.0,0.0,0.0,5,17.9,12.9,78,1018.1,21,5.5,-9900,-9900,0.0,0.0
2021,1,25,14,60,0.0,0.0,0.0,0.0,0.0,5,17.6,12.6,79,1018.0,13,5.5,-9900,-9900,0.0,0.0
2021,1,25,15,60,0.0,0.0,0.0,0.0,0.0,5,17.3,12.3,80,1017.8,355,5.5,-9900,-9900,0.0,0.0
2021,1,25,16,60,0.0,0.0,0.0,0.0,0.0,5,17.0,12.0,81,1017.7,318,3.7,-9900,-9900,0.0,0.0
2021,1,25,17,60,0.0,0.0,0.0,0.0,0.0,5,17.4,12.4,85,1017.6,115,7.4,-9900,-9900,0.0,0.0
2021,1,25,18,60,0.0,0.0,0.0,0.0,0.0,5,16.9,11.9,86,1017.3,121,7.4,-9900,-9900,0.0,0.0
2021,1,25,19,60,0.0,0.0,0.0,0.0,0.0,5,16.4,11.4,86,1017.1,133,5.5,-9900,-9900,0.0,0.0
2021,1,25,20,60,0.0,0.0,0.0,0.0,0.0,5,16.1,11.1,86,1017.0,150,5.5,-9900,-9900,0.0,0.0
2021,1,25,21,60,0.0,0.0,0.0,0.0,0.0,5,15.7,10.7,87,1016.8,174,3.7,-9900,-9900,0.0,0.0
2021,1,25,22,60,0.0,0.0,0.0,0.0,0.0,5,15.3,10.3,88,1016.6,200,3.7,-9900,-9900,0.0,0.0
2021,1,25,23,60,0.0,0.0,0.0,0.0,0.0,5,15.5,10.5,85,1017.2,180,3.7,-9900,-9900,0.0,0.0
2021,1,25,24,60,0.0,0.0,0.0,0.0,0.0,5,15.9,10.9,83,1017.6,186,3.7,-9900,-9900,0.0,0.0
2021,1,26,1,60,0.0,0.0,0.0,0.0,0.0,5,16.3,11.3,81,1018.1,191,3.7,-9900,-9900,0.0,0.0
2021,1,26,2,60,0.0,0.0,0.0,0.0,0.0,5,18.1,13.1,76,1017.9,197,3.7,-9900,-9900,0.0,0.0
2021,1,26,3,60,0.0,0.0,0.0,0.0,0.0,5,19.8,14.8,72,1017.7,279,3.7,-9900,-9900,0.0,0.0
2021,1,26,4,60,0.0,0.0,0.0,0.0,0.0,5,21.5,16.5,67,1017.5,352,3.7,-9900,-9900,0.0,0.0
2021,1,26,5,60,0.0,0.0,0.0,0.0,0.0,5,21.4,16.4,70,1017.1,27,5.5,-9900,-9900,0.0,0.0
2021,1,26,6,60,0.0,0.0,0.0,0.0,0.0,5,22.0,17.0,67,1016.3,39,7.4,-9900,-9900,0.0,0.0
2021,1,26,7,60,0.0,0.0,0.0,0.0,0.0,5,22.5,17.5,64,1015.4,46,7.4,-9900,-9900,0.0,0.0
2021,1,26,8,60,0.0,0.0,0.0,0.0,0.0,5,21.9,16.9,66,1015.7,43,7.4,-9900,-9900,0.0,0.0
2021,1,26,9,60,0.0,0.0,0.0,0.0,0.0,5,21.2,16.2,68,1016.0,41,9.3,-9900,-9900,0.0,0.0
2021,1,26,10,60,0.0,0.0,0.0,0.0,0.0,5,20.5,15.5,70,1016.3,38,9.3,-9900,-9900,0.0,0.0
2021,1,26,11,60,0.0,0.0,0.0,0.0,0.0,5,20.1,15.1,75,1017.2,12,7.4,-9900,-9900,0.0,0.0
2021,1,26,12,60,0.0,0.0,0.0,0.0,0.0,5,19.5,14.5,77,1017.6,38,7.4,-9900,-9900,0.0,0.0
2021,1,26,13,60,0.0,0.0,0.0,0.0,0.0,5,19.0,14.0,79,1017.9,63,7.4,-9900,-9900,0.0,0.0
2021,1,26,14,60,0.0,0.0,0.0,0.0,0.0,5,18.7,13.7,80,1018.2,58,7.4,-9900,-9900,0.0,0.0
2021,1,26,15,60,0.0,0.0,0.0,0.0,0.0,5,18.4,13.4,81,1018.4,54,7.4,-9900,-9900,0.0,0.0
2021,1,26,16,60,0.0,0.0,0.0,0.0,0.0,5,18.1,13.1,82,1018.6,50,7.4,-9900,-9900,0.0,0.0
2021,1,26,17,60,0.0,0.0,0.0,0.0,0.0,5,18.6,13.6,88,1018.4,83,11.1,-9900,-9900,0.0,0.0
2021,1,26,18,60,0.0,0.0,0.0,0.0,0.0,5,18.4,13.4,88,1018.4,79,11.1,-9900,-9900,0.0,0.0
2021,1,26,19,60,0.0,0.0,0.0,0.0,0.0,5,18.2,13.2,88,1018.4,74,9.3,-9900,-9900,0.0,0.0
2021,1,26,20,60,0.0,0.0,0.0,0.0,0.0,5,17.8,12.8,87,1018.4,72,9.3,-9900,-9900,0.0,0.0
2021,1,26,21,60,0.0,0.0,0.0,0.0,0.0,5,17.4,12.4,87,1018.4,68,9.3,-9900,-9900,0.0,0.0
2021,1,26,22,60,0.0,0.0,0.0,0.0,0.0,5,17.2,12.2,86,1018.3,64,7.4,-9900,-9900,0.0,0.0
2021,1,26,23,60,0.0,0.0,0.0,0.0,0.0,5,17.9,12.9,81,1019.3,88,11.1,-9900,-9900,0.0,0.0
2021,1,26,24,60,0.0,0.0,0.0,0.0,0.0,5,17.9,12.9,81,1019.7,85,11.1,-9900,-9900,0.0,0.0
2021,1,27,1,60,0.0,0.0,0.0,0.0,0.0,5,17.8,12.8,81,1020.1,82,11.1,-9900,-9900,0.0,0.0
2021,1,27,2,60,0.0,0.0,0.0,0.0,0.0,5,18.4,13.4,79,1019.8,78,11.1,-9900,-9900,0.0,0.0
2021,1,27,3,60,0.0,0.0,0.0,0.0,0.0,5,19.0,14.0,78,1019.5,76,13.0,-9900,-9900,0.0,0.0
2021,1,27,4,60,0.0,0.0,0.0,0.0,0.0,5,19.6,14.6,77,1019.2,73,14.8,-9900,-9900,0.0,0.0
2021,1,27,5,60,0.0,0.0,0.0,0.0,0.0,5,19.7,14.7,78,1018.3,74,14.8,-9900,-9900,0.0,0.0
2021,1,27,6,60,0.0,0.0,0.0,0.0,0.0,5,19.9,14.9,77,1017.5,70,14.8,-9900,-9900,0.0,0.0
2021,1,27,7,60,0.0,0.0,0.0,0.0,0.0,5,20.1,15.1,75,1016.6,68,14.8,-9900,-9900,0.0,0.0
2021,1,27,8,60,0.0,0.0,0.0,0.0,0.0,5,19.6,14.6,76,1016.7,67,14.8,-9900,-9900,0.0,0.0
2021,1,27,9,60,0.0,0.0,0.0,0.0,0.0,5,19.1,14.1,77,1016.9,67,14.8,-9900,-9900,0.0,0.0
2021,1,27,10,60,0.0,0.0,0.0,0.0,0.0,5,18.6,13.6,77,1017.0,66,13.0,-9900,-9900,0.0,0.0
2021,1,27,11,60,0.0,0.0,0.0,0.0,0.0,5,18.4,13.4,77,1017.4,69,13.0,-9900,-9900,0.0,0.0
2021,1,27,12,60,0.0,0.0,0.0,0.0,0.0,5,18.2,13.2,77,1017.7,69,13.0,-9900,-9900,0.0,0.0
2021,1,27,13,60,0.0,0.0,0.0,0.0,0.0,5,18.0,13.0,78,1018.1,70,11.1,-9900,-9900,0.0,0.0
2021,1,27,14,60,0.0,0.0,0.0,0.0,0.0,5,17.9,12.9,79,1018.2,69,11.1,-9900,-9900,0.0,0.0
2021,1,27,15,60,0.0,0.0,0.0,0.0,0.0,5,17.8,12.8,80,1018.4,68,9.3,-9900,-9900,0.0,0.0
2021,1,27,16,60,0.0,0.0,0.0,0.0,0.0,5,17.6,12.6,81,1018.6,67,7.4,-9900,-9900,0.0,0.0
2021,1,27,17,60,0.0,0.0,0.0,0.0,0.0,5,17.6,12.6,84,1018.3,92,9.3,-9900,-9900,0.0,0.0
2021,1,27,18,60,0.0,0.0,0.0,0.0,0.0,5,17.4,12.4,84,1018.3,91,9.3,-9900,-9900,0.0,0.0
2021,1,27,19,60,0.0,0.0,0.0,0.0,0.0,5,17.1,12.1,85,1018.3,89,7.4,-9900,-9900,0.0,0.0
2021,1,27,20,60,0.0,0.0,0.0,0.0,0.0,5,16.8,11.8,86,1018.5,88,5.5,-9900,-9900,0.0,0.0
2021,1,27,21,60,0.0,0.0,0.0,0.0,0.0,5,16.5,11.5,86,1018.7,69,5.5,-9900,-9900,0.0,0.0
2021,1,27,22,60,0.0,0.0,0.0,0.0,0.0,5,16.1,11.1,87,1018.9,270,5.5,-9900,-9900,0.0,0.0
2021,1,27,23,60,0.0,0.0,0.0,0.0,0.0,5,16.3,11.3,88,1019.8,160,5.5,-9900,-9900,0.0,0.0
2021,1,27,24,60,0.0,0.0,0.0,0.0,0.0,5,16.2,11.2,87,1020.5,177,5.5,-9900,-9900,0.0,0.0
2021,1,28,1,60,0.0,0.0,0.0,0.0,0.0,5,16.2,11.2,86,1021.2,203,5.5,-9900,-9900,0.0,0.0
2021,1,28,2,60,0.0,0.0,0.0,0.0,0.0,5,16.5,11.5,84,1021.5,230,5.5,-9900,-9900,0.0,0.0
2021,1,28,3,60,0.0,0.0,0.0,0.0,0.0,5,16.9,11.9,81,1021.8,263,3.7,-9900,-9900,0.0,0.0
2021,1,28,4,60,0.0,0.0,0.0,0.0,0.0,5,17.2,12.2,79,1022.1,286,3.7,-9900,-9900,0.0,0.0
2021,1,28,5,60,0.0,0.0,0.0,0.0,0.0,5,16.6,11.6,81,1021.7,296,5.5,-9900,-9900,0.0,0.0
2021,1,28,6,60,0.0,0.0,0.0,0.0,0.0,5,16.4,11.4,79,1021.5,315,5.5,-9900,-9900,0.0,0.0
2021,1,28,7,60,0.0,0.0,0.0,0.0,0.0,5,16.2,11.2,78,1021.2,331,5.5,-9900,-9900,0.0,0.0
2021,1,28,8,60,0.0,0.0,0.0,0.0,0.0,5,16.0,11.0,76,1021.7,2,7.4,-9900,-9900,0.0,0.0
2021,1,28,9,60,0.0,0.0,0.0,0.0,0.0,5,15.8,10.8,75,1022.1,37,7.4,-9900,-9900,0.0,0.0
2021,1,28,10,60,0.0,0.0,0.0,0.0,0.0,5,15.6,10.6,73,1022.6,59,7.4,-9900,-9900,0.0,0.0
2021,1,28,11,60,0.0,0.0,0.0,0.0,0.0,5,14.5,9.5,77,1023.9,16,7.4,-9900,-9900,0.0,0.0
2021,1,28,12,60,0.0,0.0,0.0,0.0,0.0,5,14.5,9.5,76,1024.5,31,7.4,-9900,-9900,0.0,0.0
2021,1,28,13,60,0.0,0.0,0.0,0.0,0.0,5,14.6,9.6,74,1025.1,48,7.4,-9900,-9900,0.0,0.0
2021,1,28,14,60,0.0,0.0,0.0,0.0,0.0,5,14.6,9.6,72,1025.3,57,7.4,-9900,-9900,0.0,0.0
2021,1,28,15,60,0.0,0.0,0.0,0.0,0.0,5,14.5,9.5,71,1025.6,64,7.4,-9900,-9900,0.0,0.0
2021,1,28,16,60,0.0,0.0,0.0,0.0,0.0,5,14.5,9.5,70,1025.8,70,9.3,-9900,-9900,0.0,0.0
2021,1,28,17,60,0.0,0.0,0.0,0.0,0.0,5,15.0,10.0,66,1025.7,76,11.1,-9900,-9900,0.0,0.0
2021,1,28,18,60,0.0,0.0,0.0,0.0,0.0,5,14.8,9.8,67,1025.7,72,11.1,-9900,-9900,0.0,0.0
2021,1,28,19,60,0.0,0.0,0.0,0.0,0.0,5,14.6,9.6,67,1025.7,69,11.1,-9900,-9900,0.0,0.0
2021,1,28,20,60,0.0,0.0,0.0,0.0,0.0,5,14.3,9.3,67,1025.8,67,11.1,-9900,-9900,0.0,0.0
2021,1,28,21,60,0.0,0.0,0.0,0.0,0.0,5,14.0,9.0,67,1025.9,65,11.1,-9900,-9900,0.0,0.0
2021,1,28,22,60,0.0,0.0,0.0,0.0,0.0,5,13.7,8.7,66,1026.0,63,11.1,-9900,-9900,0.0,0.0
2021,1,28,23,60,0.0,0.0,0.0,0.0,0.0,5,14.6,9.6,59,1026.1,90,11.1,-9900,-9900,0.0,0.0
2021,1,28,24,60,0.0,0.0,0.0,0.0,0.0,5,14.6,9.6,59,1026.6,87,13.0,-9900,-9900,0.0,0.0
2021,1,29,1,60,0.0,0.0,0.0,0.0,0.0,5,14.6,9.6,60,1027.1,84,14.8,-9900,-9900,0.0,0.0
2021,1,29,2,60,0.0,0.0,0.0,0.0,0.0,5,15.0,10.0,58,1026.9,82,14.8,-9900,-9900,0.0,0.0
2021,1,29,3,60,0.0,0.0,0.0,0.0,0.0,5,15.5,10.5,57,1026.7,80,16.7,-9900,-9900,0.0,0.0
2021,1,29,4,60,0.0,0.0,0.0,0.0,0.0,5,15.9,10.9,56,1026.4,78,18.5,-9900,-9900,0.0,0.0
2021,1,29,5,60,0.0,0.0,0.0,0.0,0.0,5,16.3,11.3,53,1025.7,78,18.5,-9900,-9900,0.0,0.0
2021,1,29,6,60,0.0,0.0,0.0,0.0,0.0,5,16.5,11.5,53,1024.9,74,18.5,-9900,-9900,0.0,0.0
2021,1,29,7,60,0.0,0.0,0.0,0.0,0.0,5,16.7,11.7,54,1024.1,71,18.5,-9900,-9900,0.0,0.0
2021,1,29,8,60,0.0,0.0,0.0,0.0,0.0,5,16.2,11.2,55,1024.3,69,18.5,-9900,-9900,0.0,0.0
2021,1,29,9,60,0.0,0.0,0.0,0.0,0.0,5,15.7,10.7,57,1024.4,68,18.5,-9900,-9900,0.0,0.0
2021,1,29,10,60,0.0,0.0,0.0,0.0,0.0,5,15.2,10.2,59,1024.6,66,18.5,-9900,-9900,0.0,0.0
2021,1,29,11,60,0.0,0.0,0.0,0.0,0.0,5,14.5,9.5,60,1024.6,83,16.7,-9900,-9900,0.0,0.0
2021,1,29,12,60,0.0,0.0,0.0,0.0,0.0,5,14.4,9.4,61,1024.9,82,16.7,-9900,-9900,0.0,0.0
2021,1,29,13,60,0.0,0.0,0.0,0.0,0.0,5,14.4,9.4,62,1025.2,81,14.8,-9900,-9900,0.0,0.0
2021,1,29,14,60,0.0,0.0,0.0,0.0,0.0,5,14.4,9.4,63,1025.1,80,14.8,-9900,-9900,0.0,0.0
2021,1,29,15,60,0.0,0.0,0.0,0.0,0.0,5,14.5,9.5,63,1025.0,78,14.8,-9900,-9900,0.0,0.0
2021,1,29,16,60,0.0,0.0,0.0,0.0,0.0,5,14.5,9.5,64,1024.9,77,14.8,-9900,-9900,0.0,0.0
2021,1,29,17,60,0.0,0.0,0.0,0.0,0.0,5,14.9,9.9,62,1024.5,91,14.8,-9900,-9900,0.0,0.0
2021,1,29,18,60,0.0,0.0,0.0,0.0,0.0,5,14.9,9.9,63,1024.3,85,14.8,-9900,-9900,0.0,0.0
2021,1,29,19,60,0.0,0.0,0.0,0.0,0.0,5,14.8,9.8,65,1024.1,78,14.8,-9900,-9900,0.0,0.0
2021,1,29,20,60,0.0,0.0,0.0,0.0,0.0,5,14.6,9.6,67,1024.0,77,14.8,-9900,-9900,0.0,0.0
2021,1,29,21,60,0.0,0.0,0.0,0.0,0.0,5,14.5,9.5,68,1024.0,76,13.0,-9900,-9900,0.0,0.0
2021,1,29,22,60,0.0,0.0,0.0,0.0,0.0,5,14.4,9.4,70,1023.9,75,13.0,-9900,-9900,0.0,0.0
2021,1,29,23,60,0.0,0.0,0.0,0.0,0.0,5,15.3,10.3,69,1024.1,85,13.0,-9900,-9900,0.0,0.0
2021,1,29,24,60,0.0,0.0,0.0,0.0,0.0,5,15.6,10.6,68,1024.3,84,11.1,-9900,-9900,0.0,0.0
2021,1,30,1,60,0.0,0.0,0.0,0.0,0.0,5,16.0,11.0,68,1024.6,83,11.1,-9900,-9900,0.0,0.0
2021,1,30,2,60,0.0,0.0,0.0,0.0,0.0,5,17.4,12.4,63,1024.4,83,11.1,-9900,-9900,0.0,0.0
2021,1,30,3,60,0.0,0.0,0.0,0.0,0.0,5,18.9,13.9,59,1024.2,83,13.0,-9900,-9900,0.0,0.0
2021,1,30,4,60,0.0,0.0,0.0,0.0,0.0,5,20.4,15.4,55,1023.9,83,14.8,-9900,-9900,0.0,0.0
2021,1,30,5,60,0.0,0.0,0.0,0.0,0.0,5,20.2,15.2,57,1022.8,88,13.0,-9900,-9900,0.0,0.0
2021,1,30,6,60,0.0,0.0,0.0,0.0,0.0,5,20.8,15.8,55,1021.9,85,14.8,-9900,-9900,0.0,0.0
2021,1,30,7,60,0.0,0.0,0.0,0.0,0.0,5,21.4,16.4,54,1021.0,82,14.8,-9900,-9900,0.0,0.0
2021,1,30,8,60,0.0,0.0,0.0,0.0,0.0,5,20.8,15.8,55,1021.3,84,14.8,-9900,-9900,0.0,0.0
2021,1,30,9,60,0.0,0.0,0.0,0.0,0.0,5,20.1,15.1,57,1021.6,86,13.0,-9900,-9900,0.0,0.0
2021,1,30,10,60,0.0,0.0,0.0,0.0,0.0,5,19.5,14.5,58,1021.9,88,13.0,-9900,-9900,0.0,0.0
2021,1,30,11,60,0.0,0.0,0.0,0.0,0.0,5,18.9,13.9,57,1021.8,90,13.0,-9900,-9900,0.0,0.0
2021,1,30,12,60,0.0,0.0,0.0,0.0,0.0,5,18.5,13.5,59,1022.2,86,13.0,-9900,-9900,0.0,0.0
2021,1,30,13,60,0.0,0.0,0.0,0.0,0.0,5,18.0,13.0,62,1022.6,82,11.1,-9900,-9900,0.0,0.0
2021,1,30,14,60,0.0,0.0,0.0,0.0,0.0,5,18.0,13.0,62,1022.7,80,11.1,-9900,-9900,0.0,0.0
2021,1,30,15,60,0.0,0.0,0.0,0.0,0.0,5,17.9,12.9,63,1022.8,78,11.1,-9900,-9900,0.0,0.0
2021,1,30,16,60,0.0,0.0,0.0,0.0,0.0,5,17.9,12.9,63,1022.8,74,9.3,-9900,-9900,0.0,0.0
2021,1,30,17,60,0.0,0.0,0.0,0.0,0.0,5,17.4,12.4,69,1022.8,93,11.1,-9900,-9900,0.0,0.0
2021,1,30,18,60,0.0,0.0,0.0,0.0,0.0,5,17.1,12.1,71,1022.5,92,9.3,-9900,-9900,0.0,0.0
2021,1,30,19,60,0.0,0.0,0.0,0.0,0.0,5,16.7,11.7,72,1022.1,91,7.4,-9900,-9900,0.0,0.0
2021,1,30,20,60,0.0,0.0,0.0,0.0,0.0,5,16.3,11.3,73,1022.3,97,7.4,-9900,-9900,0.0,0.0
2021,1,30,21,60,0.0,0.0,0.0,0.0,0.0,5,15.8,10.8,74,1022.4,105,5.5,-9900,-9900,0.0,0.0
2021,1,30,22,60,0.0,0.0,0.0,0.0,0.0,5,15.3,10.3,76,1022.5,117,5.5,-9900,-9900,0.0,0.0
2021,1,30,23,60,0.0,0.0,0.0,0.0,0.0,5,15.6,10.6,76,1023.0,103,5.5,-9900,-9900,0.0,0.0
2021,1,30,24,60,0.0,0.0,0.0,0.0,0.0,5,16.3,11.3,73,1023.3,112,5.5,-9900,-9900,0.0,0.0
2021,1,31,1,60,0.0,0.0,0.0,0.0,0.0,5,16.9,11.9,71,1023.7,122,3.7,-9900,-9900,0.0,0.0
2021,1,31,2,60,0.0,0.0,0.0,0.0,0.0,5,19.1,14.1,64,1023.3,123,5.5,-9900,-9900,0.0,0.0
2021,1,31,3,60,0.0,0.0,0.0,0.0,0.0,5,21.3,16.3,58,1023.0,125,5.5,-9900,-9900,0.0,0.0
2021,1,31,4,60,0.0,0.0,0.0,0.0,0.0,5,23.5,18.5,52,1022.6,127,5.5,-9900,-9900,0.0,0.0
2021,1,31,5,60,0.0,0.0,0.0,0.0,0.0,5,24.5,19.5,48,1021.6,137,5.5,-9900,-9900,0.0,0.0
2021,1,31,6,60,0.0,0.0,0.0,0.0,0.0,5,25.3,20.3,47,1020.5,147,5.5,-9900,-9900,0.0,0.0
2021,1,31,7,60,0.0,0.0,0.0,0.0,0.0,5,26.1,21.1,46,1019.5,155,5.5,-9900,-9900,0.0,0.0
2021,1,31,8,60,0.0,0.0,0.0,0.0,0.0,5,24.9,19.9,48,1019.6,138,5.5,-9900,-9900,0.0,0.0
2021,1,31,9,60,0.0,0.0,0.0,0.0,0.0,5,23.7,18.7,50,1019.7,125,7.4,-9900,-9900,0.0,0.0
2021,1,31,10,60,0.0,0.0,0.0,0.0,0.0,5,22.5,17.5,53,1019.9,115,7.4,-9900,-9900,0.0,0.0
2021,1,31,11,60,0.0,0.0,0.0,0.0,0.0,5,20.7,15.7,58,1020.4,354,7.4,-9900,-9900,0.0,0.0
2021,1,31,12,60,0.0,0.0,0.0,0.0,0.0,5,20.2,15.2,60,1020.7,13,5.5,-9900,-9900,0.0,0.0
2021,1,31,13,60,0.0,0.0,0.0,0.0,0.0,5,19.7,14.7,63,1020.9,82,5.5,-9900,-9900,0.0,0.0
2021,1,31,14,60,0.0,0.0,0.0,0.0,0.0,5,19.2,14.2,65,1021.0,93,5.5,-9900,-9900,0.0,0.0
2021,1,31,15,60,0.0,0.0,0.0,0.0,0.0,5,18.8,13.8,66,1021.0,216,3.7,-9900,-9900,0.0,0.0
2021,1,31,16,60,0.0,0.0,0.0,0.0,0.0,5,18.3,13.3,68,1021.1,244,3.7,-9900,-9900,0.0,0.0
2021,1,31,17,60,0.0,0.0,0.0,0.0,0.0,5,17.9,12.9,72,1020.9,210,5.5,-9900,-9900,0.0,0.0
2021,1,31,18,60,0.0,0.0,0.0,0.0,0.0,5,17.5,12.5,73,1020.7,211,5.5,-9900,-9900,0.0,0.0
2021,1,31,19,60,0.0,0.0,0.0,0.0,0.0,5,17.0,12.0,75,1020.6,212,5.5,-9900,-9900,0.0,0.0
2021,1,31,20,60,0.0,0.0,0.0,0.0,0.0,5,16.5,11.5,77,1020.4,208,3.7,-9900,-9900,0.0,0.0
2021,1,31,21,60,0.0,0.0,0.0,0.0,0.0,5,15.9,10.9,79,1020.2,201,3.7,-9900,-9900,0.0,0.0
2021,1,31,22,60,0.0,0.0,0.0,0.0,0.0,5,15.4,10.4,80,1020.0,189,3.7,-9900,-9900,0.0,0.0
2021,1,31,23,60,0.0,0.0,0.0,0.0,0.0,5,15.4,10.4,84,1020.6,173,5.5,-9900,-9900,0.0,0.0
2021,1,31,24,60,0.0,0.0,0.0,0.0,0.0,5,15.8,10.8,83,1021.0,184,5.5,-9900,-9900,0.0,0.0
2021,2,1,1,60,0.0,0.0,0.0,0.0,0.0,5,16.3,11.3,80,1021.3,194,5.5,-9900,-9900,0.0,0.0
2021,2,1,2,60,0.0,0.0,0.0,0.0,0.0,5,18.6,13.6,71,1021.0,220,3.7,-9900,-9900,0.0,0.0
2021,2,1,3,60,0.0,0.0,0.0,0.0,0.0,5,21.0,16.0,63,1020.6,247,3.7,-9900,-9900,0.0,0.0
2021,2,1,4,60,0.0,0.0,0.0,0.0,0.0,5,23.4,18.4,56,1020.3,266,3.7,-9900,-9900,0.0,0.0
2021,2,1,5,60,0.0,0.0,0.0,0.0,0.0,5,23.5,18.5,56,1019.2,271,5.5,-9900,-9900,0.0,0.0
2021,2,1,6,60,0.0,0.0,0.0,0.0,0.0,5,24.0,19.0,54,1018.4,280,5.5,-9900,-9900,0.0,0.0
2021,2,1,7,60,0.0,0.0,0.0,0.0,0.0,5,24.5,19.5,52,1017.6,286,5.5,-9900,-9900,0.0,0.0
2021,2,1,8,60,0.0,0.0,0.0,0.0,0.0,5,23.6,18.6,54,1017.7,291,5.5,-9900,-9900,0.0,0.0
2021,2,1,9,60,0.0,0.0,0.0,0.0,0.0,5,22.7,17.7,55,1017.8,297,5.5,-9900,-9900,0.0,0.0
2021,2,1,10,60,0.0,0.0,0.0,0.0,0.0,5,21.8,16.8,57,1017.9,310,5.5,-9900,-9900,0.0,0.0
2021,2,1,11,60,0.0,0.0,0.0,0.0,0.0,5,20.6,15.6,61,1018.3,352,7.4,-9900,-9900,0.0,0.0
2021,2,1,12,60,0.0,0.0,0.0,0.0,0.0,5,20.0,15.0,63,1018.7,341,5.5,-9900,-9900,0.0,0.0
2021,2,1,13,60,0.0,0.0,0.0,0.0,0.0,5,19.3,14.3,66,1019.1,300,3.7,-9900,-9900,0.0,0.0
2021,2,1,14,60,0.0,0.0,0.0,0.0,0.0,5,18.8,13.8,67,1019.2,272,3.7,-9900,-9900,0.0,0.0
2021,2,1,15,60,0.0,0.0,0.0,0.0,0.0,5,18.2,13.2,70,1019.3,254,3.7,-9900,-9900,0.0,0.0
2021,2,1,16,60,0.0,0.0,0.0,0.0,0.0,5,17.6,12.6,73,1019.4,243,3.7,-9900,-9900,0.0,0.0
2021,2,1,17,60,0.0,0.0,0.0,0.0,0.0,5,17.5,12.5,72,1019.0,201,5.5,-9900,-9900,0.0,0.0
2021,2,1,18,60,0.0,0.0,0.0,0.0,0.0,5,17.1,12.1,74,1019.2,207,5.5,-9900,-9900,0.0,0.0
2021,2,1,19,60,0.0,0.0,0.0,0.0,0.0,5,16.7,11.7,75,1019.5,213,3.7,-9900,-9900,0.0,0.0
2021,2,1,20,60,0.0,0.0,0.0,0.0,0.0,5,16.3,11.3,77,1019.7,209,3.7,-9900,-9900,0.0,0.0
2021,2,1,21,60,0.0,0.0,0.0,0.0,0.0,5,15.9,10.9,78,1019.9,201,3.7,-9900,-9900,0.0,0.0
2021,2,1,22,60,0.0,0.0,0.0,0.0,0.0,5,15.5,10.5,80,1020.1,184,3.7,-9900,-9900,0.0,0.0
2021,2,1,23,60,0.0,0.0,0.0,0.0,0.0,5,15.5,10.5,80,1020.5,164,5.5,-9900,-9900,0.0,0.0
2021,2,1,24,60,0.0,0.0,0.0,0.0,0.0,5,16.0,11.0,78,1021.3,155,5.5,-9900,-9900,0.0,0.0
2021,2,2,1,60,0.0,0.0,0.0,0.0,0.0,5,16.4,11.4,77,1022.1,143,5.5,-9900,-9900,0.0,0.0
2021,2,2,2,60,0.0,0.0,0.0,0.0,0.0,5,17.3,12.3,74,1022.3,96,5.5,-9900,-9900,0.0,0.0
2021,2,2,3,60,0.0,0.0,0.0,0.0,0.0,5,18.3,13.3,72,1022.5,65,7.4,-9900,-9900,0.0,0.0
2021,2,2,4,60,0.0,0.0,0.0,0.0,0.0,5,19.3,14.3,69,1022.6,52,9.3,-9900,-9900,0.0,0.0
2021,2,2,5,60,0.0,0.0,0.0,0.0,0.0,5,19.2,14.2,68,1022.6,65,13.0,-9900,-9900,0.0,0.0
2021,2,2,6,60,0.0,0.0,0.0,0.0,0.0,5,19.4,14.4,67,1021.9,61,13.0,-9900,-9900,0.0,0.0
2021,2,2,7,60,0.0,0.0,0.0,0.0,0.0,5,19.6,14.6,67,1021.3,58,14.8,-9900,-9900,0.0,0.0
2021,2,2,8,60,0.0,0.0,0.0,0.0,0.0,5,19.0,14.0,67,1021.7,59,14.8,-9900,-9900,0.0,0.0
2021,2,2,9,60,0.0,0.0,0.0,0.0,0.0,5,18.5,13.5,68,1022.1,60,14.8,-9900,-9900,0.0,0.0
2021,2,2,10,60,0.0,0.0,0.0,0.0,0.0,5,17.9,12.9,69,1022.6,60,14.8,-9900,-9900,0.0,0.0
2021,2,2,11,60,0.0,0.0,0.0,0.0,0.0,5,17.6,12.6,75,1023.3,67,14.8,-9900,-9900,0.0,0.0
2021,2,2,12,60,0.0,0.0,0.0,0.0,0.0,5,17.3,12.3,76,1023.7,69,14.8,-9900,-9900,0.0,0.0
2021,2,2,13,60,0.0,0.0,0.0,0.0,0.0,5,17.1,12.1,77,1024.2,71,14.8,-9900,-9900,0.0,0.0
2021,2,2,14,60,0.0,0.0,0.0,0.0,0.0,5,17.0,12.0,77,1024.3,72,14.8,-9900,-9900,0.0,0.0
2021,2,2,15,60,0.0,0.0,0.0,0.0,0.0,5,16.9,11.9,77,1024.3,74,13.0,-9900,-9900,0.0,0.0
2021,2,2,16,60,0.0,0.0,0.0,0.0,0.0,5,16.8,11.8,77,1024.4,76,13.0,-9900,-9900,0.0,0.0
2021,2,2,17,60,0.0,0.0,0.0,0.0,0.0,5,17.0,12.0,71,1024.5,90,14.8,-9900,-9900,0.0,0.0
2021,2,2,18,60,0.0,0.0,0.0,0.0,0.0,5,16.9,11.9,71,1024.2,84,14.8,-9900,-9900,0.0,0.0
2021,2,2,19,60,0.0,0.0,0.0,0.0,0.0,5,16.9,11.9,72,1024.0,78,14.8,-9900,-9900,0.0,0.0
2021,2,2,20,60,0.0,0.0,0.0,0.0,0.0,5,16.7,11.7,73,1023.9,76,14.8,-9900,-9900,0.0,0.0
2021,2,2,21,60,0.0,0.0,0.0,0.0,0.0,5,16.5,11.5,73,1023.7,74,13.0,-9900,-9900,0.0,0.0
2021,2,2,22,60,0.0,0.0,0.0,0.0,0.0,5,16.3,11.3,74,1023.6,72,13.0,-9900,-9900,0.0,0.0
2021,2,2,23,60,0.0,0.0,0.0,0.0,0.0,5,17.0,12.0,63,1024.3,91,13.0,-9900,-9900,0.0,0.0
2021,2,2,24,60,0.0,0.0,0.0,0.0,0.0,5,17.3,12.3,63,1024.6,92,13.0,-9900,-9900,0.0,0.0
2021,2,3,1,60,0.0,0.0,0.0,0.0,0.0,5,17.6,12.6,63,1024.9,92,13.0,-9900,-9900,0.0,0.0
2021,2,3,2,60,0.0,0.0,0.0,0.0,0.0,5,19.0,14.0,59,1024.5,89,14.8,-9900,-9900,0.0,0.0
2021,2,3,3,60,0.0,0.0,0.0,0.0,0.0,5,20.4,15.4,55,1024.0,85,14.8,-9900,-9900,0.0,0.0
2021,2,3,4,60,0.0,0.0,0.0,0.0,0.0,5,21.8,16.8,52,1023.6,81,16.7,-9900,-9900,0.0,0.0
2021,2,3,5,60,0.0,0.0,0.0,0.0,0.0,5,21.5,16.5,50,1022.9,84,16.7,-9900,-9900,0.0,0.0
2021,2,3,6,60,0.0,0.0,0.0,0.0,0.0,5,22.0,17.0,50,1021.8,81,14.8,-9900,-9900,0.0,0.0
2021,2,3,7,60,0.0,0.0,0.0,0.0,0.0,5,22.6,17.6,49,1020.7,77,14.8,-9900,-9900,0.0,0.0
2021,2,3,8,60,0.0,0.0,0.0,0.0,0.0,5,21.9,16.9,51,1020.8,80,14.8,-9900,-9900,0.0,0.0
2021,2,3,9,60,0.0,0.0,0.0,0.0,0.0,5,21.2,16.2,53,1020.9,83,14.8,-9900,-9900,0.0,0.0
2021,2,3,10,60,0.0,0.0,0.0,0.0,0.0,5,20.6,15.6,55,1020.9,85,14.8,-9900,-9900,0.0,0.0
2021,2,3,11,60,0.0,0.0,0.0,0.0,0.0,5,20.0,15.0,55,1020.9,87,13.0,-9900,-9900,0.0,0.0
2021,2,3,12,60,0.0,0.0,0.0,0.0,0.0,5,19.6,14.6,58,1021.4,86,11.1,-9900,-9900,0.0,0.0
2021,2,3,13,60,0.0,0.0,0.0,0.0,0.0,5,19.1,14.1,61,1021.9,86,11.1,-9900,-9900,0.0,0.0
2021,2,3,14,60,0.0,0.0,0.0,0.0,0.0,5,19.0,14.0,62,1021.9,86,11.1,-9900,-9900,0.0,0.0
2021,2,3,15,60,0.0,0.0,0.0,0.0,0.0,5,18.9,13.9,63,1021.9,87,9.3,-9900,-9900,0.0,0.0
2021,2,3,16,60,0.0,0.0,0.0,0.0,0.0,5,18.8,13.8,64,1021.9,87,9.3,-9900,-9900,0.0,0.0
2021,2,3,17,60,0.0,0.0,0.0,0.0,0.0,5,18.9,13.9,65,1022.3,98,11.1,-9900,-9900,0.0,0.0
2021,2,3,18,60,0.0,0.0,0.0,0.0,0.0,5,18.6,13.6,67,1022.1,96,9.3,-9900,-9900,0.0,0.0
2021,2,3,19,60,0.0,0.0,0.0,0.0,0.0,5,18.3,13.3,69,1021.9,94,9.3,-9900,-9900,0.0,0.0
2021,2,3,20,60,0.0,0.0,0.0,0.0,0.0,5,17.9,12.9,71,1021.9,99,7.4,-9900,-9900,0.0,0.0
2021,2,3,21,60,0.0,0.0,0.0,0.0,0.0,5,17.5,12.5,72,1021.9,105,7.4,-9900,-9900,0.0,0.0
2021,2,3,22,60,0.0,0.0,0.0,0.0,0.0,5,17.3,12.3,73,1022.0,114,5.5,-9900,-9900,0.0,0.0
2021,2,3,23,60,0.0,0.0,0.0,0.0,0.0,5,16.4,11.4,80,1022.4,133,5.5,-9900,-9900,0.0,0.0
2021,2,3,24,60,0.0,0.0,0.0,0.0,0.0,5,17.0,12.0,78,1023.0,119,5.5,-9900,-9900,0.0,0.0
2021,2,4,1,60,0.0,0.0,0.0,0.0,0.0,5,17.6,12.6,76,1023.6,107,5.5,-9900,-9900,0.0,0.0
2021,2,4,2,60,0.0,0.0,0.0,0.0,0.0,5,19.2,14.2,70,1023.5,95,7.4,-9900,-9900,0.0,0.0
2021,2,4,3,60,0.0,0.0,0.0,0.0,0.0,5,20.7,15.7,65,1023.4,86,9.3,-9900,-9900,0.0,0.0
2021,2,4,4,60,0.0,0.0,0.0,0.0,0.0,5,22.2,17.2,61,1023.3,79,11.1,-9900,-9900,0.0,0.0
2021,2,4,5,60,0.0,0.0,0.0,0.0,0.0,5,22.6,17.6,64,1022.8,70,11.1,-9900,-9900,0.0,0.0
2021,2,4,6,60,0.0,0.0,0.0,0.0,0.0,5,23.0,18.0,62,1022.0,66,13.0,-9900,-9900,0.0,0.0
2021,2,4,7,60,0.0,0.0,0.0,0.0,0.0,5,23.5,18.5,60,1021.2,64,14.8,-9900,-9900,0.0,0.0
2021,2,4,8,60,0.0,0.0,0.0,0.0,0.0,5,22.7,17.7,61,1021.2,67,14.8,-9900,-9900,0.0,0.0
2021,2,4,9,60,0.0,0.0,0.0,0.0,0.0,5,21.8,16.8,62,1021.2,69,14.8,-9900,-9900,0.0,0.0
2021,2,4,10,60,0.0,0.0,0.0,0.0,0.0,5,21.0,16.0,64,1021.3,72,14.8,-9900,-9900,0.0,0.0
2021,2,4,11,60,0.0,0.0,0.0,0.0,0.0,5,20.9,15.9,60,1021.1,85,14.8,-9900,-9900,0.0,0.0
2021,2,4,12,60,0.0,0.0,0.0,0.0,0.0,5,20.4,15.4,63,1021.5,82,14.8,-9900,-9900,0.0,0.0
2021,2,4,13,60,0.0,0.0,0.0,0.0,0.0,5,20.0,15.0,66,1021.8,78,14.8,-9900,-9900,0.0,0.0
2021,2,4,14,60,0.0,0.0,0.0,0.0,0.0,5,19.8,14.8,67,1021.7,76,13.0,-9900,-9900,0.0,0.0
2021,2,4,15,60,0.0,0.0,0.0,0.0,0.0,5,19.7,14.7,67,1021.6,74,13.0,-9900,-9900,0.0,0.0
2021,2,4,16,60,0.0,0.0,0.0,0.0,0.0,5,19.6,14.6,68,1021.5,72,13.0,-9900,-9900,0.0,0.0
2021,2,4,17,60,0.0,0.0,0.0,0.0,0.0,5,19.1,14.1,72,1021.3,79,13.0,-9900,-9900,0.0,0.0
2021,2,4,18,60,0.0,0.0,0.0,0.0,0.0,5,18.8,13.8,73,1020.9,75,13.0,-9900,-9900,0.0,0.0
2021,2,4,19,60,0.0,0.0,0.0,0.0,0.0,5,18.6,13.6,74,1020.4,70,13.0,-9900,-9900,0.0,0.0
2021,2,4,20,60,0.0,0.0,0.0,0.0,0.0,5,18.4,13.4,75,1020.1,72,11.1,-9900,-9900,0.0,0.0
2021,2,4,21,60,0.0,0.0,0.0,0.0,0.0,5,18.2,13.2,75,1019.9,75,11.1,-9900,-9900,0.0,0.0
2021,2,4,22,60,0.0,0.0,0.0,0.0,0.0,5,18.0,13.0,75,1019.6,79,9.3,-9900,-9900,0.0,0.0
2021,2,4,23,60,0.0,0.0,0.0,0.0,0.0,5,19.3,14.3,68,1020.0,95,11.1,-9900,-9900,0.0,0.0
2021,2,4,24,60,0.0,0.0,0.0,0.0,0.0,5,19.6,14.6,68,1020.3,95,11.1,-9900,-9900,0.0,0.0
2021,2,5,1,60,0.0,0.0,0.0,0.0,0.0,5,19.9,14.9,67,1020.6,95,9.3,-9900,-9900,0.0,0.0
2021,2,5,2,60,0.0,0.0,0.0,0.0,0.0,5,21.8,16.8,62,1020.3,96,9.3,-9900,-9900,0.0,0.0
2021,2,5,3,60,0.0,0.0,0.0,0.0,0.0,5,23.6,18.6,57,1020.0,98,9.3,-9900,-9900,0.0,0.0
2021,2,5,4,60,0.0,0.0,0.0,0.0,0.0,5,25.5,20.5,53,1019.6,101,7.4,-9900,-9900,0.0,0.0
2021,2,5,5,60,0.0,0.0,0.0,0.0,0.0,5,25.2,20.2,56,1018.7,93,9.3,-9900,-9900,0.0,0.0
2021,2,5,6,60,0.0,0.0,0.0,0.0,0.0,5,25.8,20.8,55,1017.7,77,7.4,-9900,-9900,0.0,0.0
2021,2,5,7,60,0.0,0.0,0.0,0.0,0.0,5,26.3,21.3,53,1016.8,26,5.5,-9900,-9900,0.0,0.0
2021,2,5,8,60,0.0,0.0,0.0,0.0,0.0,5,25.2,20.2,55,1017.0,20,5.5,-9900,-9900,0.0,0.0
2021,2,5,9,60,0.0,0.0,0.0,0.0,0.0,5,24.1,19.1,56,1017.2,11,5.5,-9900,-9900,0.0,0.0
2021,2,5,10,60,0.0,0.0,0.0,0.0,0.0,5,23.0,18.0,57,1017.4,357,5.5,-9900,-9900,0.0,0.0
2021,2,5,11,60,0.0,0.0,0.0,0.0,0.0,5,22.2,17.2,57,1017.3,141,5.5,-9900,-9900,0.0,0.0
2021,2,5,12,60,0.0,0.0,0.0,0.0,0.0,5,21.4,16.4,61,1017.8,174,5.5,-9900,-9900,0.0,0.0
2021,2,5,13,60,0.0,0.0,0.0,0.0,0.0,5,20.6,15.6,65,1018.4,189,3.7,-9900,-9900,0.0,0.0
2021,2,5,14,60,0.0,0.0,0.0,0.0,0.0,5,20.0,15.0,67,1018.4,193,3.7,-9900,-9900,0.0,0.0
2021,2,5,15,60,0.0,0.0,0.0,0.0,0.0,5,19.4,14.4,69,1018.5,198,3.7,-9900,-9900,0.0,0.0
2021,2,5,16,60,0.0,0.0,0.0,0.0,0.0,5,18.8,13.8,71,1018.5,202,3.7,-9900,-9900,0.0,0.0
2021,2,5,17,60,0.0,0.0,0.0,0.0,0.0,5,18.4,13.4,75,1018.7,196,5.5,-9900,-9900,0.0,0.0
2021,2,5,18,60,0.0,0.0,0.0,0.0,0.0,5,17.9,12.9,76,1018.5,199,5.5,-9900,-9900,0.0,0.0
2021,2,5,19,60,0.0,0.0,0.0,0.0,0.0,5,17.5,12.5,77,1018.3,201,5.5,-9900,-9900,0.0,0.0
2021,2,5,20,60,0.0,0.0,0.0,0.0,0.0,5,16.9,11.9,79,1018.3,202,5.5,-9900,-9900,0.0,0.0
2021,2,5,21,60,0.0,0.0,0.0,0.0,0.0,5,16.4,11.4,80,1018.3,204,3.7,-9900,-9900,0.0,0.0
2021,2,5,22,60,0.0,0.0,0.0,0.0,0.0,5,15.9,10.9,82,1018.3,206,3.7,-9900,-9900,0.0,0.0
2021,2,5,23,60,0.0,0.0,0.0,0.0,0.0,5,17.1,12.1,81,1018.2,175,3.7,-9900,-9900,0.0,0.0
2021,2,5,24,60,0.0,0.0,0.0,0.0,0.0,5,17.4,12.4,79,1018.8,177,5.5,-9900,-9900,0.0,0.0
2021,2,6,1,60,0.0,0.0,0.0,0.0,0.0,5,17.7,12.7,77,1019.4,178,5.5,-9900,-9900,0.0,0.0
2021,2,6,2,60,0.0,0.0,0.0,0.0,0.0,5,19.8,14.8,70,1019.2,188,5.5,-9900,-9900,0.0,0.0
2021,2,6,3,60,0.0,0.0,0.0,0.0,0.0,5,21.8,16.8,64,1019.0,213,3.7,-9900,-9900,0.0,0.0
2021,2,6,4,60,0.0,0.0,0.0,0.0,0.0,5,23.9,18.9,58,1018.8,261,3.7,-9900,-9900,0.0,0.0
2021,2,6,5,60,0.0,0.0,0.0,0.0,0.0,5,23.8,18.8,59,1018.1,313,3.7,-9900,-9900,0.0,0.0
2021,2,6,6,60,0.0,0.0,0.0,0.0,0.0,5,24.2,19.2,58,1017.3,322,5.5,-9900,-9900,0.0,0.0
2021,2,6,7,60,0.0,0.0,0.0,0.0,0.0,5,24.5,19.5,57,1016.5,327,5.5,-9900,-9900,0.0,0.0
2021,2,6,8,60,0.0,0.0,0.0,0.0,0.0,5,23.6,18.6,59,1016.6,343,7.4,-9900,-9900,0.0,0.0
2021,2,6,9,60,0.0,0.0,0.0,0.0,0.0,5,22.8,17.8,61,1016.8,5,7.4,-9900,-9900,0.0,0.0
2021,2,6,10,60,0.0,0.0,0.0,0.0,0.0,5,21.9,16.9,63,1016.9,28,7.4,-9900,-9900,0.0,0.0
2021,2,6,11,60,0.0,0.0,0.0,0.0,0.0,5,20.6,15.6,65,1017.4,24,9.3,-9900,-9900,0.0,0.0
2021,2,6,12,60,0.0,0.0,0.0,0.0,0.0,5,20.2,15.2,66,1017.7,31,7.4,-9900,-9900,0.0,0.0
2021,2,6,13,60,0.0,0.0,0.0,0.0,0.0,5,19.8,14.8,68,1018.1,40,7.4,-9900,-9900,0.0,0.0
2021,2,6,14,60,0.0,0.0,0.0,0.0,0.0,5,19.6,14.6,69,1018.0,42,7.4,-9900,-9900,0.0,0.0
2021,2,6,15,60,0.0,0.0,0.0,0.0,0.0,5,19.4,14.4,70,1017.9,44,5.5,-9900,-9900,0.0,0.0
2021,2,6,16,60,0.0,0.0,0.0,0.0,0.0,5,19.3,14.3,70,1017.8,49,5.5,-9900,-9900,0.0,0.0
2021,2,6,17,60,0.0,0.0,0.0,0.0,0.0,5,19.2,14.2,81,1017.6,97,9.3,-9900,-9900,0.0,0.0
2021,2,6,18,60,0.0,0.0,0.0,0.0,0.0,5,19.0,14.0,81,1017.6,100,9.3,-9900,-9900,0.0,0.0
2021,2,6,19,60,0.0,0.0,0.0,0.0,0.0,5,18.7,13.7,81,1017.5,104,7.4,-9900,-9900,0.0,0.0
2021,2,6,20,60,0.0,0.0,0.0,0.0,0.0,5,18.2,13.2,82,1017.6,105,7.4,-9900,-9900,0.0,0.0
2021,2,6,21,60,0.0,0.0,0.0,0.0,0.0,5,17.7,12.7,83,1017.6,107,5.5,-9900,-9900,0.0,0.0
2021,2,6,22,60,0.0,0.0,0.0,0.0,0.0,5,17.3,12.3,83,1017.7,111,5.5,-9900,-9900,0.0,0.0
2021,2,6,23,60,0.0,0.0,0.0,0.0,0.0,5,19.6,14.6,79,1018.2,107,9.3,-9900,-9900,0.0,0.0
2021,2,6,24,60,0.0,0.0,0.0,0.0,0.0,5,20.0,15.0,77,1018.8,105,9.3,-9900,-9900,0.0,0.0
2021,2,7,1,60,0.0,0.0,0.0,0.0,0.0,5,20.3,15.3,75,1019.3,103,9.3,-9900,-9900,0.0,0.0
2021,2,7,2,60,0.0,0.0,0.0,0.0,0.0,5,21.6,16.6,72,1019.2,91,9.3,-9900,-9900,0.0,0.0
2021,2,7,3,60,0.0,0.0,0.0,0.0,0.0,5,23.0,18.0,68,1019.0,80,11.1,-9900,-9900,0.0,0.0
2021,2,7,4,60,0.0,0.0,0.0,0.0,0.0,5,24.3,19.3,65,1018.9,69,11.1,-9900,-9900,0.0,0.0
2021,2,7,5,60,0.0,0.0,0.0,0.0,0.0,5,24.7,19.7,62,1018.2,72,9.3,-9900,-9900,0.0,0.0
2021,2,7,6,60,0.0,0.0,0.0,0.0,0.0,5,25.2,20.2,60,1017.3,70,11.1,-9900,-9900,0.0,0.0
2021,2,7,7,60,0.0,0.0,0.0,0.0,0.0,5,25.7,20.7,59,1016.5,68,13.0,-9900,-9900,0.0,0.0
2021,2,7,8,60,0.0,0.0,0.0,0.0,0.0,5,24.9,19.9,60,1016.7,71,13.0,-9900,-9900,0.0,0.0
2021,2,7,9,60,0.0,0.0,0.0,0.0,0.0,5,24.0,19.0,62,1016.9,74,13.0,-9900,-9900,0.0,0.0
2021,2,7,10,60,0.0,0.0,0.0,0.0,0.0,5,23.1,18.1,64,1017.0,76,14.8,-9900,-9900,0.0,0.0
2021,2,7,11,60,0.0,0.0,0.0,0.0,0.0,5,23.0,18.0,61,1017.3,78,14.8,-9900,-9900,0.0,0.0
2021,2,7,12,60,0.0,0.0,0.0,0.0,0.0,5,22.4,17.4,63,1017.9,76,13.0,-9900,-9900,0.0,0.0
2021,2,7,13,60,0.0,0.0,0.0,0.0,0.0,5,21.8,16.8,66,1018.6,74,13.0,-9900,-9900,0.0,0.0
2021,2,7,14,60,0.0,0.0,0.0,0.0,0.0,5,21.5,16.5,67,1018.7,74,13.0,-9900,-9900,0.0,0.0
2021,2,7,15,60,0.0,0.0,0.0,0.0,0.0,5,21.3,16.3,67,1018.8,75,13.0,-9900,-9900,0.0,0.0
2021,2,7,16,60,0.0,0.0,0.0,0.0,0.0,5,21.1,16.1,68,1018.8,76,13.0,-9900,-9900,0.0,0.0
2021,2,7,17,60,0.0,0.0,0.0,0.0,0.0,5,21.0,16.0,74,1019.0,91,13.0,-9900,-9900,0.0,0.0
2021,2,7,18,60,0.0,0.0,0.0,0.0,0.0,5,20.7,15.7,74,1018.9,86,13.0,-9900,-9900,0.0,0.0
2021,2,7,19,60,0.0,0.0,0.0,0.0,0.0,5,20.4,15.4,75,1018.7,81,13.0,-9900,-9900,0.0,0.0
2021,2,7,20,60,0.0,0.0,0.0,0.0,0.0,5,20.1,15.1,75,1018.7,83,11.1,-9900,-9900,0.0,0.0
2021,2,7,21,60,0.0,0.0,0.0,0.0,0.0,5,19.8,14.8,76,1018.7,84,11.1,-9900,-9900,0.0,0.0
2021,2,7,22,60,0.0,0.0,0.0,0.0,0.0,5,19.5,14.5,76,1018.6,87,9.3,-9900,-9900,0.0,0.0
2021,2,7,23,60,0.0,0.0,0.0,0.0,0.0,5,20.4,15.4,81,1019.2,92,11.1,-9900,-9900,0.0,0.0
2021,2,7,24,60,0.0,0.0,0.0,0.0,0.0,5,20.5,15.5,80,1019.9,89,13.0,-9900,-9900,0.0,0.0
2021,2,8,1,60,0.0,0.0,0.0,0.0,0.0,5,20.6,15.6,79,1020.6,87,13.0,-9900,-9900,0.0,0.0
2021,2,8,2,60,0.0,0.0,0.0,0.0,0.0,5,20.8,15.8,77,1020.6,82,14.8,-9900,-9900,0.0,0.0
2021,2,8,3,60,0.0,0.0,0.0,0.0,0.0,5,20.9,15.9,76,1020.7,76,14.8,-9900,-9900,0.0,0.0
2021,2,8,4,60,0.0,0.0,0.0,0.0,0.0,5,21.0,16.0,75,1020.8,72,16.7,-9900,-9900,0.0,0.0
2021,2,8,5,60,0.0,0.0,0.0,0.0,0.0,5,20.9,15.9,76,1020.5,75,16.7,-9900,-9900,0.0,0.0
2021,2,8,6,60,0.0,0.0,0.0,0.0,0.0,5,20.9,15.9,75,1020.0,71,16.7,-9900,-9900,0.0,0.0
2021,2,8,7,60,0.0,0.0,0.0,0.0,0.0,5,20.9,15.9,74,1019.5,68,18.5,-9900,-9900,0.0,0.0
2021,2,8,8,60,0.0,0.0,0.0,0.0,0.0,5,20.3,15.3,74,1020.0,66,18.5,-9900,-9900,0.0,0.0
2021,2,8,9,60,0.0,0.0,0.0,0.0,0.0,5,19.6,14.6,75,1020.5,64,16.7,-9900,-9900,0.0,0.0
2021,2,8,10,60,0.0,0.0,0.0,0.0,0.0,5,19.0,14.0,75,1021.0,62,16.7,-9900,-9900,0.0,0.0
2021,2,8,11,60,0.0,0.0,0.0,0.0,0.0,5,18.2,13.2,76,1022.5,70,16.7,-9900,-9900,0.0,0.0
2021,2,8,12,60,0.0,0.0,0.0,0.0,0.0,5,18.1,13.1,76,1023.0,69,16.7,-9900,-9900,0.0,0.0
2021,2,8,13,60,0.0,0.0,0.0,0.0,0.0,5,18.1,13.1,76,1023.4,69,16.7,-9900,-9900,0.0,0.0
2021,2,8,14,60,0.0,0.0,0.0,0.0,0.0,5,17.9,12.9,76,1023.5,70,16.7,-9900,-9900,0.0,0.0
2021,2,8,15,60,0.0,0.0,0.0,0.0,0.0,5,17.7,12.7,76,1023.6,72,14.8,-9900,-9900,0.0,0.0
2021,2,8,16,60,0.0,0.0,0.0,0.0,0.0,5,17.5,12.5,77,1023.7,74,14.8,-9900,-9900,0.0,0.0
2021,2,8,17,60,0.0,0.0,0.0,0.0,0.0,5,16.7,11.7,84,1023.9,87,16.7,-9900,-9900,0.0,0.0
2021,2,8,18,60,0.0,0.0,0.0,0.0,0.0,5,16.7,11.7,83,1023.3,82,16.7,-9900,-9900,0.0,0.0
2021,2,8,19,60,0.0,0.0,0.0,0.0,0.0,5,16.7,11.7,82,1022.8,76,16.7,-9900,-9900,0.0,0.0
2021,2,8,20,60,0.0,0.0,0.0,0.0,0.0,5,16.7,11.7,81,1022.4,75,14.8,-9900,-9900,0.0,0.0
2021,2,8,21,60,0.0,0.0,0.0,0.0,0.0,5,16.7,11.7,80,1022.1,74,14.8,-9900,-9900,0.0,0.0
2021,2,8,22,60,0.0,0.0,0.0,0.0,0.0,5,16.7,11.7,79,1021.8,73,13.0,-9900,-9900,0.0,0.0
2021,2,8,23,60,0.0,0.0,0.0,0.0,0.0,5,16.3,11.3,83,1023.0,80,16.7,-9900,-9900,0.0,0.0
2021,2,8,24,60,0.0,0.0,0.0,0.0,0.0,5,16.5,11.5,82,1023.1,80,16.7,-9900,-9900,0.0,0.0
2021,2,9,1,60,0.0,0.0,0.0,0.0,0.0,5,16.8,11.8,81,1023.3,81,16.7,-9900,-9900,0.0,0.0
2021,2,9,2,60,0.0,0.0,0.0,0.0,0.0,5,17.3,12.3,79,1023.1,82,16.7,-9900,-9900,0.0,0.0
2021,2,9,3,60,0.0,0.0,0.0,0.0,0.0,5,17.8,12.8,77,1022.9,83,16.7,-9900,-9900,0.0,0.0
2021,2,9,4,60,0.0,0.0,0.0,0.0,0.0,5,18.3,13.3,75,1022.7,85,16.7,-9900,-9900,0.0,0.0
2021,2,9,5,60,0.0,0.0,0.0,0.0,0.0,5,18.9,13.9,69,1021.6,84,18.5,-9900,-9900,0.0,0.0
2021,2,9,6,60,0.0,0.0,0.0,0.0,0.0,5,18.9,13.9,70,1020.7,80,18.5,-9900,-9900,0.0,0.0
2021,2,9,7,60,0.0,0.0,0.0,0.0,0.0,5,19.0,14.0,70,1019.8,77,18.5,-9900,-9900,0.0,0.0
2021,2,9,8,60,0.0,0.0,0.0,0.0,0.0,5,18.8,13.8,71,1019.6,77,18.5,-9900,-9900,0.0,0.0
2021,2,9,9,60,0.0,0.0,0.0,0.0,0.0,5,18.5,13.5,72,1019.4,77,16.7,-9900,-9900,0.0,0.0
2021,2,9,10,60,0.0,0.0,0.0,0.0,0.0,5,18.3,13.3,74,1019.2,77,16.7,-9900,-9900,0.0,0.0
2021,2,9,11,60,0.0,0.0,0.0,0.0,0.0,5,18.1,13.1,72,1020.2,79,18.5,-9900,-9900,0.0,0.0
2021,2,9,12,60,0.0,0.0,0.0,0.0,0.0,5,18.1,13.1,73,1020.3,76,16.7,-9900,-9900,0.0,0.0
2021,2,9,13,60,0.0,0.0,0.0,0.0,0.0,5,18.0,13.0,74,1020.4,73,16.7,-9900,-9900,0.0,0.0
2021,2,9,14,60,0.0,0.0,0.0,0.0,0.0,5,18.0,13.0,75,1020.1,73,16.7,-9900,-9900,0.0,0.0
2021,2,9,15,60,0.0,0.0,0.0,0.0,0.0,5,18.0,13.0,76,1019.7,74,14.8,-9900,-9900,0.0,0.0
2021,2,9,16,60,0.0,0.0,0.0,0.0,0.0,5,18.0,13.0,78,1019.4,74,14.8,-9900,-9900,0.0,0.0
2021,2,9,17,60,0.0,0.0,0.0,0.0,0.0,5,17.4,12.4,86,1019.4,82,14.8,-9900,-9900,0.0,0.0
2021,2,9,18,60,0.0,0.0,0.0,0.0,0.0,5,17.5,12.5,86,1018.6,78,14.8,-9900,-9900,0.0,0.0
2021,2,9,19,60,0.0,0.0,0.0,0.0,0.0,5,17.6,12.6,86,1017.7,74,14.8,-9900,-9900,0.0,0.0
2021,2,9,20,60,0.0,0.0,0.0,0.0,0.0,5,17.6,12.6,86,1017.0,75,14.8,-9900,-9900,0.0,0.0
2021,2,9,21,60,0.0,0.0,0.0,0.0,0.0,5,17.6,12.6,86,1016.4,76,13.0,-9900,-9900,0.0,0.0
2021,2,9,22,60,0.0,0.0,0.0,0.0,0.0,5,17.5,12.5,86,1015.7,77,13.0,-9900,-9900,0.0,0.0
2021,2,9,23,60,0.0,0.0,0.0,0.0,0.0,5,18.5,13.5,85,1016.2,82,13.0,-9900,-9900,0.0,0.0
2021,2,9,24,60,0.0,0.0,0.0,0.0,0.0,5,18.9,13.9,84,1016.5,82,13.0,-9900,-9900,0.0,0.0
2021,2,10,1,60,0.0,0.0,0.0,0.0,0.0,5,19.3,14.3,83,1016.7,81,11.1,-9900,-9900,0.0,0.0
2021,2,10,2,60,0.0,0.0,0.0,0.0,0.0,5,20.5,15.5,78,1016.2,84,11.1,-9900,-9900,0.0,0.0
2021,2,10,3,60,0.0,0.0,0.0,0.0,0.0,5,21.8,16.8,73,1015.6,86,11.1,-9900,-9900,0.0,0.0
2021,2,10,4,60,0.0,0.0,0.0,0.0,0.0,5,23.0,18.0,69,1015.1,89,11.1,-9900,-9900,0.0,0.0
2021,2,10,5,60,0.0,0.0,0.0,0.0,0.0,5,22.9,17.9,70,1013.9,92,14.8,-9900,-9900,0.0,0.0
2021,2,10,6,60,0.0,0.0,0.0,0.0,0.0,5,23.3,18.3,69,1013.0,93,13.0,-9900,-9900,0.0,0.0
2021,2,10,7,60,0.0,0.0,0.0,0.0,0.0,5,23.7,18.7,68,1012.0,94,13.0,-9900,-9900,0.0,0.0
2021,2,10,8,60,0.0,0.0,0.0,0.0,0.0,5,23.1,18.1,69,1011.8,93,11.1,-9900,-9900,0.0,0.0
2021,2,10,9,60,0.0,0.0,0.0,0.0,0.0,5,22.4,17.4,71,1011.6,92,11.1,-9900,-9900,0.0,0.0
2021,2,10,10,60,0.0,0.0,0.0,0.0,0.0,5,21.7,16.7,72,1011.4,91,11.1,-9900,-9900,0.0,0.0
2021,2,10,11,60,0.0,0.0,0.0,0.0,0.0,5,21.7,16.7,68,1011.9,79,14.8,-9900,-9900,0.0,0.0
2021,2,10,12,60,0.0,0.0,0.0,0.0,0.0,5,21.2,16.2,71,1012.2,76,14.8,-9900,-9900,0.0,0.0
2021,2,10,13,60,0.0,0.0,0.0,0.0,0.0,5,20.7,15.7,74,1012.4,74,14.8,-9900,-9900,0.0,0.0
2021,2,10,14,60,0.0,0.0,0.0,0.0,0.0,5,20.4,15.4,78,1012.1,78,13.0,-9900,-9900,0.0,0.0
2021,2,10,15,60,0.0,0.0,0.0,0.0,0.0,5,20.2,15.2,81,1011.8,83,13.0,-9900,-9900,0.0,0.0
2021,2,10,16,60,0.0,0.0,0.0,0.0,0.0,5,19.9,14.9,84,1011.5,87,11.1,-9900,-9900,0.0,0.0
2021,2,10,17,60,0.0,0.0,0.0,0.0,0.0,5,20.1,15.1,89,1011.1,92,13.0,-9900,-9900,0.0,0.0
2021,2,10,18,60,0.0,0.0,0.0,0.0,0.0,5,19.9,14.9,91,1010.5,97,11.1,-9900,-9900,0.0,0.0
2021,2,10,19,60,0.0,0.0,0.0,0.0,0.0,5,19.7,14.7,92,1010.0,107,9.3,-9900,-9900,0.0,0.0
2021,2,10,20,60,0.0,0.0,0.0,0.0,0.0,5,19.2,14.2,94,1009.8,106,9.3,-9900,-9900,0.0,0.0
2021,2,10,21,60,0.0,0.0,0.0,0.0,0.0,5,18.8,13.8,95,1009.6,104,7.4,-9900,-9900,0.0,0.0
2021,2,10,22,60,0.0,0.0,0.0,0.0,0.0,5,18.3,13.3,97,1009.3,103,7.4,-9900,-9900,0.0,0.0
2021,2,10,23,60,0.0,0.0,0.0,0.0,0.0,5,18.0,13.0,98,1010.4,213,3.7,-9900,-9900,0.0,0.0
2021,2,10,24,60,0.0,0.0,0.0,0.0,0.0,5,18.1,13.1,96,1010.9,213,3.7,-9900,-9900,0.0,0.0
2021,2,11,1,60,0.0,0.0,0.0,0.0,0.0,5,18.2,13.2,96,1011.4,213,3.7,-9900,-9900,0.0,0.0
2021,2,11,2,60,0.0,0.0,0.0,0.0,0.0,5,18.5,13.5,95,1010.9,232,5.5,-9900,-9900,0.0,0.0
2021,2,11,3,60,0.0,0.0,0.0,0.0,0.0,5,18.8,13.8,94,1010.5,258,5.5,-9900,-9900,0.0,0.0
2021,2,11,4,60,0.0,0.0,0.0,0.0,0.0,5,19.1,14.1,93,1010.0,283,5.5,-9900,-9900,0.0,0.0
2021,2,11,5,60,0.0,0.0,0.0,0.0,0.0,5,20.1,15.1,90,1010.0,266,5.5,-9900,-9900,0.0,0.0
2021,2,11,6,60,0.0,0.0,0.0,0.0,0.0,5,20.0,15.0,89,1009.3,287,5.5,-9900,-9900,0.0,0.0
2021,2,11,7,60,0.0,0.0,0.0,0.0,0.0,5,20.0,15.0,88,1008.5,304,7.4,-9900,-9900,0.0,0.0
2021,2,11,8,60,0.0,0.0,0.0,0.0,0.0,5,19.7,14.7,87,1009.0,276,7.4,-9900,-9900,0.0,0.0
2021,2,11,9,60,0.0,0.0,0.0,0.0,0.0,5,19.5,14.5,85,1009.4,268,7.4,-9900,-9900,0.0,0.0
2021,2,11,10,60,0.0,0.0,0.0,0.0,0.0,5,19.2,14.2,83,1009.9,265,7.4,-9900,-9900,0.0,0.0
2021,2,11,11,60,0.0,0.0,0.0,0.0,0.0,5,19.5,14.5,85,1010.5,169,5.5,-9900,-9900,0.0,0.0
2021,2,11,12,60,0.0,0.0,0.0,0.0,0.0,5,19.0,14.0,86,1011.5,250,5.5,-9900,-9900,0.0,0.0
2021,2,11,13,60,0.0,0.0,0.0,0.0,0.0,5,18.5,13.5,87,1012.4,260,3.7,-9900,-9900,0.0,0.0
2021,2,11,14,60,0.0,0.0,0.0,0.0,0.0,5,18.3,13.3,87,1012.7,270,3.7,-9900,-9900,0.0,0.0
2021,2,11,15,60,0.0,0.0,0.0,0.0,0.0,5,18.2,13.2,87,1012.9,280,5.5,-9900,-9900,0.0,0.0
2021,2,11,16,60,0.0,0.0,0.0,0.0,0.0,5,18.0,13.0,87,1013.2,290,5.5,-9900,-9900,0.0,0.0
2021,2,11,17,60,0.0,0.0,0.0,0.0,0.0,5,18.2,13.2,93,1013.3,276,5.5,-9900,-9900,0.0,0.0
2021,2,11,18,60,0.0,0.0,0.0,0.0,0.0,5,17.9,12.9,93,1013.4,270,3.7,-9900,-9900,0.0,0.0
2021,2,11,19,60,0.0,0.0,0.0,0.0,0.0,5,17.7,12.7,92,1013.5,263,3.7,-9900,-9900,0.0,0.0
2021,2,11,20,60,0.0,0.0,0.0,0.0,0.0,5,17.4,12.4,91,1013.5,263,3.7,-9900,-9900,0.0,0.0
2021,2,11,21,60,0.0,0.0,0.0,0.0,0.0,5,17.2,12.2,91,1013.5,265,3.7,-9900,-9900,0.0,0.0
2021,2,11,22,60,0.0,0.0,0.0,0.0,0.0,5,16.9,11.9,90,1013.4,266,3.7,-9900,-9900,0.0,0.0
2021,2,11,23,60,0.0,0.0,0.0,0.0,0.0,5,18.3,13.3,93,1013.6,178,3.7,-9900,-9900,0.0,0.0
2021,2,11,24,60,0.0,0.0,0.0,0.0,0.0,5,18.6,13.6,91,1014.2,164,3.7,-9900,-9900,0.0,0.0
2021,2,12,1,60,0.0,0.0,0.0,0.0,0.0,5,18.9,13.9,89,1014.8,142,3.7,-9900,-9900,0.0,0.0
2021,2,12,2,60,0.0,0.0,0.0,0.0,0.0,5,19.6,14.6,85,1015.0,132,3.7,-9900,-9900,0.0,0.0
2021,2,12,3,60,0.0,0.0,0.0,0.0,0.0,5,20.3,15.3,83,1015.1,102,3.7,-9900,-9900,0.0,0.0
2021,2,12,4,60,0.0,0.0,0.0,0.0,0.0,5,21.0,16.0,80,1015.3,40,3.7,-9900,-9900,0.0,0.0
2021,2,12,5,60,0.0,0.0,0.0,0.0,0.0,5,21.6,16.6,80,1014.6,84,9.3,-9900,-9900,0.0,0.0
2021,2,12,6,60,0.0,0.0,0.0,0.0,0.0,5,21.9,16.9,77,1014.0,81,9.3,-9900,-9900,0.0,0.0
2021,2,12,7,60,0.0,0.0,0.0,0.0,0.0,5,22.1,17.1,75,1013.4,78,9.3,-9900,-9900,0.0,0.0
2021,2,12,8,60,0.0,0.0,0.0,0.0,0.0,5,21.5,16.5,76,1013.7,81,9.3,-9900,-9900,0.0,0.0
2021,2,12,9,60,0.0,0.0,0.0,0.0,0.0,5,20.8,15.8,78,1014.0,84,9.3,-9900,-9900,0.0,0.0
2021,2,12,10,60,0.0,0.0,0.0,0.0,0.0,5,20.2,15.2,79,1014.3,87,7.4,-9900,-9900,0.0,0.0
2021,2,12,11,60,0.0,0.0,0.0,0.0,0.0,5,20.3,15.3,81,1014.9,67,13.0,-9900,-9900,0.0,0.0
2021,2,12,12,60,0.0,0.0,0.0,0.0,0.0,5,19.9,14.9,82,1015.4,67,11.1,-9900,-9900,0.0,0.0
2021,2,12,13,60,0.0,0.0,0.0,0.0,0.0,5,19.6,14.6,83,1016.0,66,9.3,-9900,-9900,0.0,0.0
2021,2,12,14,60,0.0,0.0,0.0,0.0,0.0,5,19.4,14.4,83,1016.1,69,7.4,-9900,-9900,0.0,0.0
2021,2,12,15,60,0.0,0.0,0.0,0.0,0.0,5,19.2,14.2,84,1016.2,73,7.4,-9900,-9900,0.0,0.0
2021,2,12,16,60,0.0,0.0,0.0,0.0,0.0,5,19.0,14.0,85,1016.4,79,7.4,-9900,-9900,0.0,0.0
2021,2,12,17,60,0.0,0.0,0.0,0.0,0.0,5,18.8,13.8,87,1016.4,102,7.4,-9900,-9900,0.0,0.0
2021,2,12,18,60,0.0,0.0,0.0,0.0,0.0,5,18.5,13.5,88,1016.2,97,7.4,-9900,-9900,0.0,0.0
2021,2,12,19,60,0.0,0.0,0.0,0.0,0.0,5,18.3,13.3,89,1016.0,90,5.5,-9900,-9900,0.0,0.0
2021,2,12,20,60,0.0,0.0,0.0,0.0,0.0,5,18.2,13.2,89,1016.0,92,5.5,-9900,-9900,0.0,0.0
2021,2,12,21,60,0.0,0.0,0.0,0.0,0.0,5,18.1,13.1,90,1015.9,94,3.7,-9900,-9900,0.0,0.0
2021,2,12,22,60,0.0,0.0,0.0,0.0,0.0,5,18.0,13.0,90,1015.9,100,3.7,-9900,-9900,0.0,0.0
2021,2,12,23,60,0.0,0.0,0.0,0.0,0.0,5,18.1,13.1,91,1016.7,114,5.5,-9900,-9900,0.0,0.0
2021,2,12,24,60,0.0,0.0,0.0,0.0,0.0,5,18.3,13.3,90,1017.2,111,5.5,-9900,-9900,0.0,0.0
2021,2,13,1,60,0.0,0.0,0.0,0.0,0.0,5,18.6,13.6,88,1017.6,108,5.5,-9900,-9900,0.0,0.0
2021,2,13,2,60,0.0,0.0,0.0,0.0,0.0,5,19.4,14.4,85,1017.6,94,5.5,-9900,-9900,0.0,0.0
2021,2,13,3,60,0.0,0.0,0.0,0.0,0.0,5,20.2,15.2,82,1017.5,83,7.4,-9900,-9900,0.0,0.0
2021,2,13,4,60,0.0,0.0,0.0,0.0,0.0,5,20.9,15.9,79,1017.4,74,7.4,-9900,-9900,0.0,0.0
2021,2,13,5,60,0.0,0.0,0.0,0.0,0.0,5,20.9,15.9,84,1016.6,84,7.4,-9900,-9900,0.0,0.0
2021,2,13,6,60,0.0,0.0,0.0,0.0,0.0,5,21.1,16.1,81,1015.8,83,9.3,-9900,-9900,0.0,0.0
2021,2,13,7,60,0.0,0.0,0.0,0.0,0.0,5,21.4,16.4,78,1014.9,83,9.3,-9900,-9900,0.0,0.0
2021,2,13,8,60,0.0,0.0,0.0,0.0,0.0,5,21.0,16.0,78,1015.0,84,9.3,-9900,-9900,0.0,0.0
2021,2,13,9,60,0.0,0.0,0.0,0.0,0.0,5,20.5,15.5,79,1015.0,85,9.3,-9900,-9900,0.0,0.0
2021,2,13,10,60,0.0,0.0,0.0,0.0,0.0,5,20.1,15.1,79,1015.1,87,9.3,-9900,-9900,0.0,0.0
2021,2,13,11,60,0.0,0.0,0.0,0.0,0.0,5,19.5,14.5,87,1015.9,109,7.4,-9900,-9900,0.0,0.0
2021,2,13,12,60,0.0,0.0,0.0,0.0,0.0,5,19.3,14.3,87,1016.2,111,7.4,-9900,-9900,0.0,0.0
2021,2,13,13,60,0.0,0.0,0.0,0.0,0.0,5,19.0,14.0,87,1016.5,113,5.5,-9900,-9900,0.0,0.0
2021,2,13,14,60,0.0,0.0,0.0,0.0,0.0,5,18.9,13.9,88,1016.3,115,5.5,-9900,-9900,0.0,0.0
2021,2,13,15,60,0.0,0.0,0.0,0.0,0.0,5,18.8,13.8,88,1016.2,117,5.5,-9900,-9900,0.0,0.0
2021,2,13,16,60,0.0,0.0,0.0,0.0,0.0,5,18.6,13.6,88,1016.0,121,5.5,-9900,-9900,0.0,0.0
2021,2,13,17,60,0.0,0.0,0.0,0.0,0.0,5,18.7,13.7,89,1015.9,145,5.5,-9900,-9900,0.0,0.0
2021,2,13,18,60,0.0,0.0,0.0,0.0,0.0,5,18.5,13.5,88,1015.5,162,3.7,-9900,-9900,0.0,0.0
2021,2,13,19,60,0.0,0.0,0.0,0.0,0.0,5,18.2,13.2,89,1015.1,181,3.7,-9900,-9900,0.0,0.0
2021,2,13,20,60,0.0,0.0,0.0,0.0,0.0,5,18.0,13.0,89,1014.7,186,3.7,-9900,-9900,0.0,0.0
2021,2,13,21,60,0.0,0.0,0.0,0.0,0.0,5,17.7,12.7,90,1014.4,192,3.7,-9900,-9900,0.0,0.0
2021,2,13,22,60,0.0,0.0,0.0,0.0,0.0,5,17.5,12.5,90,1014.0,198,3.7,-9900,-9900,0.0,0.0
2021,2,13,23,60,0.0,0.0,0.0,0.0,0.0,5,17.1,12.1,91,1014.9,198,3.7,-9900,-9900,0.0,0.0
2021,2,13,24,60,0.0,0.0,0.0,0.0,0.0,5,17.4,12.4,90,1015.3,204,5.5,-9900,-9900,0.0,0.0
2021,2,14,1,60,0.0,0.0,0.0,0.0,0.0,5,17.7,12.7,89,1015.6,211,5.5,-9900,-9900,0.0,0.0
2021,2,14,2,60,0.0,0.0,0.0,0.0,0.0,5,18.7,13.7,85,1015.7,208,3.7,-9900,-9900,0.0,0.0
2021,2,14,3,60,0.0,0.0,0.0,0.0,0.0,5,19.7,14.7,81,1015.7,203,3.7,-9900,-9900,0.0,0.0
2021,2,14,4,60,0.0,0.0,0.0,0.0,0.0,5,20.8,15.8,76,1015.7,194,1.8,-9900,-9900,0.0,0.0
2021,2,14,5,60,0.0,0.0,0.0,0.0,0.0,5,19.9,14.9,77,1014.9,277,3.7,-9900,-9900,0.0,0.0
2021,2,14,6,60,0.0,0.0,0.0,0.0,0.0,5,20.4,15.4,75,1014.2,290,5.5,-9900,-9900,0.0,0.0
2021,2,14,7,60,0.0,0.0,0.0,0.0,0.0,5,20.9,15.9,73,1013.5,295,5.5,-9900,-9900,0.0,0.0
2021,2,14,8,60,0.0,0.0,0.0,0.0,0.0,5,20.3,15.3,73,1013.3,284,5.5,-9900,-9900,0.0,0.0
2021,2,14,9,60,0.0,0.0,0.0,0.0,0.0,5,19.8,14.8,73,1013.2,271,5.5,-9900,-9900,0.0,0.0
2021,2,14,10,60,0.0,0.0,0.0,0.0,0.0,5,19.3,14.3,74,1013.1,257,5.5,-9900,-9900,0.0,0.0
2021,2,14,11,60,0.0,0.0,0.0,0.0,0.0,5,18.5,13.5,83,1013.3,310,7.4,-9900,-9900,0.0,0.0
2021,2,14,12,60,0.0,0.0,0.0,0.0,0.0,5,18.1,13.1,84,1013.7,290,5.5,-9900,-9900,0.0,0.0
2021,2,14,13,60,0.0,0.0,0.0,0.0,0.0,5,17.8,12.8,85,1014.0,249,3.7,-9900,-9900,0.0,0.0
2021,2,14,14,60,0.0,0.0,0.0,0.0,0.0,5,17.5,12.5,86,1014.2,247,3.7,-9900,-9900,0.0,0.0
2021,2,14,15,60,0.0,0.0,0.0,0.0,0.0,5,17.3,12.3,87,1014.4,245,3.7,-9900,-9900,0.0,0.0
2021,2,14,16,60,0.0,0.0,0.0,0.0,0.0,5,17.1,12.1,87,1014.5,244,3.7,-9900,-9900,0.0,0.0
2021,2,14,17,60,0.0,0.0,0.0,0.0,0.0,5,16.8,11.8,91,1014.9,232,3.7,-9900,-9900,0.0,0.0
2021,2,14,18,60,0.0,0.0,0.0,0.0,0.0,5,16.5,11.5,91,1015.0,233,3.7,-9900,-9900,0.0,0.0
2021,2,14,19,60,0.0,0.0,0.0,0.0,0.0,5,16.2,11.2,91,1015.1,233,3.7,-9900,-9900,0.0,0.0
2021,2,14,20,60,0.0,0.0,0.0,0.0,0.0,5,16.0,11.0,90,1015.2,226,3.7,-9900,-9900,0.0,0.0
2021,2,14,21,60,0.0,0.0,0.0,0.0,0.0,5,15.8,10.8,90,1015.3,218,3.7,-9900,-9900,0.0,0.0
2021,2,14,22,60,0.0,0.0,0.0,0.0,0.0,5,15.7,10.7,88,1015.3,209,3.7,-9900,-9900,0.0,0.0
2021,2,14,23,60,0.0,0.0,0.0,0.0,0.0,5,16.0,11.0,85,1015.9,164,3.7,-9900,-9900,0.0,0.0
2021,2,14,24,60,0.0,0.0,0.0,0.0,0.0,5,16.6,11.6,82,1016.5,151,5.5,-9900,-9900,0.0,0.0
2021,2,15,1,60,0.0,0.0,0.0,0.0,0.0,5,17.1,12.1,79,1017.1,138,5.5,-9900,-9900,0.0,0.0
2021,2,15,2,60,0.0,0.0,0.0,0.0,0.0,5,18.8,13.8,71,1017.0,104,7.4,-9900,-9900,0.0,0.0
2021,2,15,3,60,0.0,0.0,0.0,0.0,0.0,5,20.4,15.4,65,1016.9,78,9.3,-9900,-9900,0.0,0.0
2021,2,15,4,60,0.0,0.0,0.0,0.0,0.0,5,22.0,17.0,59,1016.8,63,11.1,-9900,-9900,0.0,0.0
2021,2,15,5,60,0.0,0.0,0.0,0.0,0.0,5,22.2,17.2,59,1016.3,68,13.0,-9900,-9900,0.0,0.0
2021,2,15,6,60,0.0,0.0,0.0,0.0,0.0,5,22.7,17.7,57,1015.6,65,13.0,-9900,-9900,0.0,0.0
2021,2,15,7,60,0.0,0.0,0.0,0.0,0.0,5,23.3,18.3,54,1014.9,62,14.8,-9900,-9900,0.0,0.0
2021,2,15,8,60,0.0,0.0,0.0,0.0,0.0,5,22.4,17.4,56,1015.1,61,14.8,-9900,-9900,0.0,0.0
2021,2,15,9,60,0.0,0.0,0.0,0.0,0.0,5,21.5,16.5,57,1015.4,61,14.8,-9900,-9900,0.0,0.0
2021,2,15,10,60,0.0,0.0,0.0,0.0,0.0,5,20.6,15.6,59,1015.6,61,14.8,-9900,-9900,0.0,0.0
2021,2,15,11,60,0.0,0.0,0.0,0.0,0.0,5,20.2,15.2,61,1015.9,71,14.8,-9900,-9900,0.0,0.0
2021,2,15,12,60,0.0,0.0,0.0,0.0,0.0,5,19.6,14.6,64,1016.5,70,14.8,-9900,-9900,0.0,0.0
2021,2,15,13,60,0.0,0.0,0.0,0.0,0.0,5,19.0,14.0,66,1017.1,70,14.8,-9900,-9900,0.0,0.0
2021,2,15,14,60,0.0,0.0,0.0,0.0,0.0,5,18.8,13.8,67,1017.3,70,14.8,-9900,-9900,0.0,0.0
2021,2,15,15,60,0.0,0.0,0.0,0.0,0.0,5,18.6,13.6,68,1017.5,71,14.8,-9900,-9900,0.0,0.0
2021,2,15,16,60,0.0,0.0,0.0,0.0,0.0,5,18.4,13.4,69,1017.6,71,14.8,-9900,-9900,0.0,0.0
2021,2,15,17,60,0.0,0.0,0.0,0.0,0.0,5,18.2,13.2,69,1017.1,86,14.8,-9900,-9900,0.0,0.0
2021,2,15,18,60,0.0,0.0,0.0,0.0,0.0,5,18.0,13.0,71,1016.9,80,16.7,-9900,-9900,0.0,0.0
2021,2,15,19,60,0.0,0.0,0.0,0.0,0.0,5,17.9,12.9,72,1016.7,74,16.7,-9900,-9900,0.0,0.0
2021,2,15,20,60,0.0,0.0,0.0,0.0,0.0,5,17.6,12.6,73,1016.6,73,14.8,-9900,-9900,0.0,0.0
2021,2,15,21,60,0.0,0.0,0.0,0.0,0.0,5,17.4,12.4,74,1016.4,72,13.0,-9900,-9900,0.0,0.0
2021,2,15,22,60,0.0,0.0,0.0,0.0,0.0,5,17.2,12.2,75,1016.3,71,11.1,-9900,-9900,0.0,0.0
2021,2,15,23,60,0.0,0.0,0.0,0.0,0.0,5,18.3,13.3,68,1016.5,98,9.3,-9900,-9900,0.0,0.0
2021,2,15,24,60,0.0,0.0,0.0,0.0,0.0,5,18.6,13.6,69,1016.8,98,9.3,-9900,-9900,0.0,0.0
2021,2,16,1,60,0.0,0.0,0.0,0.0,0.0,5,18.8,13.8,69,1017.1,98,9.3,-9900,-9900,0.0,0.0
2021,2,16,2,60,0.0,0.0,0.0,0.0,0.0,5,20.1,15.1,67,1016.9,97,9.3,-9900,-9900,0.0,0.0
2021,2,16,3,60,0.0,0.0,0.0,0.0,0.0,5,21.3,16.3,64,1016.6,95,9.3,-9900,-9900,0.0,0.0
2021,2,16,4,60,0.0,0.0,0.0,0.0,0.0,5,22.5,17.5,63,1016.4,94,9.3,-9900,-9900,0.0,0.0
2021,2,16,5,60,0.0,0.0,0.0,0.0,0.0,5,22.9,17.9,61,1015.3,97,9.3,-9900,-9900,0.0,0.0
2021,2,16,6,60,0.0,0.0,0.0,0.0,0.0,5,23.3,18.3,60,1014.4,89,7.4,-9900,-9900,0.0,0.0
2021,2,16,7,60,0.0,0.0,0.0,0.0,0.0,5,23.8,18.8,58,1013.6,50,5.5,-9900,-9900,0.0,0.0
2021,2,16,8,60,0.0,0.0,0.0,0.0,0.0,5,23.0,18.0,60,1013.8,356,5.5,-9900,-9900,0.0,0.0
2021,2,16,9,60,0.0,0.0,0.0,0.0,0.0,5,22.2,17.2,62,1014.0,296,5.5,-9900,-9900,0.0,0.0
2021,2,16,10,60,0.0,0.0,0.0,0.0,0.0,5,21.4,16.4,64,1014.1,280,5.5,-9900,-9900,0.0,0.0
2021,2,16,11,60,0.0,0.0,0.0,0.0,0.0,5,21.0,16.0,61,1014.9,280,5.5,-9900,-9900,0.0,0.0
2021,2,16,12,60,0.0,0.0,0.0,0.0,0.0,5,20.2,15.2,65,1015.5,259,3.7,-9900,-9900,0.0,0.0
2021,2,16,13,60,0.0,0.0,0.0,0.0,0.0,5,19.5,14.5,68,1016.1,244,3.7,-9900,-9900,0.0,0.0
2021,2,16,14,60,0.0,0.0,0.0,0.0,0.0,5,19.0,14.0,71,1016.5,246,3.7,-9900,-9900,0.0,0.0
2021,2,16,15,60,0.0,0.0,0.0,0.0,0.0,5,18.6,13.6,74,1016.9,247,3.7,-9900,-9900,0.0,0.0
2021,2,16,16,60,0.0,0.0,0.0,0.0,0.0,5,18.2,13.2,76,1017.3,249,3.7,-9900,-9900,0.0,0.0
2021,2,16,17,60,0.0,0.0,0.0,0.0,0.0,5,18.1,13.1,83,1017.7,281,5.5,-9900,-9900,0.0,0.0
2021,2,16,18,60,0.0,0.0,0.0,0.0,0.0,5,17.6,12.6,84,1018.0,280,5.5,-9900,-9900,0.0,0.0
2021,2,16,19,60,0.0,0.0,0.0,0.0,0.0,5,17.2,12.2,84,1018.3,279,5.5,-9900,-9900,0.0,0.0
2021,2,16,20,60,0.0,0.0,0.0,0.0,0.0,5,16.7,11.7,85,1018.7,277,5.5,-9900,-9900,0.0,0.0
2021,2,16,21,60,0.0,0.0,0.0,0.0,0.0,5,16.3,11.3,85,1019.2,273,3.7,-9900,-9900,0.0,0.0
2021,2,16,22,60,0.0,0.0,0.0,0.0,0.0,5,15.9,10.9,85,1019.7,261,3.7,-9900,-9900,0.0,0.0
2021,2,16,23,60,0.0,0.0,0.0,0.0,0.0,5,16.5,11.5,87,1020.5,9,5.5,-9900,-9900,0.0,0.0
2021,2,16,24,60,0.0,0.0,0.0,0.0,0.0,5,16.4,11.4,85,1021.3,20,7.4,-9900,-9900,0.0,0.0
2021,2,17,1,60,0.0,0.0,0.0,0.0,0.0,5,16.3,11.3,84,1022.2,30,7.4,-9900,-9900,0.0,0.0
2021,2,17,2,60,0.0,0.0,0.0,0.0,0.0,5,16.3,11.3,80,1022.4,30,7.4,-9900,-9900,0.0,0.0
2021,2,17,3,60,0.0,0.0,0.0,0.0,0.0,5,16.4,11.4,77,1022.7,31,7.4,-9900,-9900,0.0,0.0
2021,2,17,4,60,0.0,0.0,0.0,0.0,0.0,5,16.4,11.4,75,1023.0,31,9.3,-9900,-9900,0.0,0.0
2021,2,17,5,60,0.0,0.0,0.0,0.0,0.0,5,16.0,11.0,69,1023.0,56,11.1,-9900,-9900,0.0,0.0
2021,2,17,6,60,0.0,0.0,0.0,0.0,0.0,5,16.3,11.3,68,1022.4,56,11.1,-9900,-9900,0.0,0.0
2021,2,17,7,60,0.0,0.0,0.0,0.0,0.0,5,16.7,11.7,65,1021.8,55,13.0,-9900,-9900,0.0,0.0
2021,2,17,8,60,0.0,0.0,0.0,0.0,0.0,5,16.4,11.4,65,1022.1,55,13.0,-9900,-9900,0.0,0.0
2021,2,17,9,60,0.0,0.0,0.0,0.0,0.0,5,16.1,11.1,65,1022.4,55,13.0,-9900,-9900,0.0,0.0
2021,2,17,10,60,0.0,0.0,0.0,0.0,0.0,5,15.9,10.9,65,1022.7,55,13.0,-9900,-9900,0.0,0.0
2021,2,17,11,60,0.0,0.0,0.0,0.0,0.0,5,15.5,10.5,58,1023.5,82,13.0,-9900,-9900,0.0,0.0
2021,2,17,12,60,0.0,0.0,0.0,0.0,0.0,5,15.3,10.3,59,1024.1,85,13.0,-9900,-9900,0.0,0.0
2021,2,17,13,60,0.0,0.0,0.0,0.0,0.0,5,15.0,10.0,61,1024.8,88,13.0,-9900,-9900,0.0,0.0
2021,2,17,14,60,0.0,0.0,0.0,0.0,0.0,5,14.9,9.9,62,1025.0,86,13.0,-9900,-9900,0.0,0.0
2021,2,17,15,60,0.0,0.0,0.0,0.0,0.0,5,14.9,9.9,62,1025.3,85,13.0,-9900,-9900,0.0,0.0
2021,2,17,16,60,0.0,0.0,0.0,0.0,0.0,5,14.8,9.8,62,1025.6,84,11.1,-9900,-9900,0.0,0.0
2021,2,17,17,60,0.0,0.0,0.0,0.0,0.0,5,15.1,10.1,57,1025.8,87,13.0,-9900,-9900,0.0,0.0
2021,2,17,18,60,0.0,0.0,0.0,0.0,0.0,5,14.9,9.9,59,1025.8,84,13.0,-9900,-9900,0.0,0.0
2021,2,17,19,60,0.0,0.0,0.0,0.0,0.0,5,14.8,9.8,60,1025.7,80,13.0,-9900,-9900,0.0,0.0
2021,2,17,20,60,0.0,0.0,0.0,0.0,0.0,5,14.5,9.5,60,1026.1,81,13.0,-9900,-9900,0.0,0.0
2021,2,17,21,60,0.0,0.0,0.0,0.0,0.0,5,14.2,9.2,61,1026.4,81,11.1,-9900,-9900,0.0,0.0
2021,2,17,22,60,0.0,0.0,0.0,0.0,0.0,5,13.9,8.9,61,1026.8,82,11.1,-9900,-9900,0.0,0.0
2021,2,17,23,60,0.0,0.0,0.0,0.0,0.0,5,13.8,8.8,60,1027.4,106,7.4,-9900,-9900,0.0,0.0
2021,2,17,24,60,0.0,0.0,0.0,0.0,0.0,5,14.0,9.0,59,1028.1,102,9.3,-9900,-9900,0.0,0.0
2021,2,18,1,60,0.0,0.0,0.0,0.0,0.0,5,14.3,9.3,58,1028.8,99,9.3,-9900,-9900,0.0,0.0
2021,2,18,2,60,0.0,0.0,0.0,0.0,0.0,5,14.9,9.9,55,1028.8,87,11.1,-9900,-9900,0.0,0.0
2021,2,18,3,60,0.0,0.0,0.0,0.0,0.0,5,15.4,10.4,53,1028.8,79,14.8,-9900,-9900,0.0,0.0
2021,2,18,4,60,0.0,0.0,0.0,0.0,0.0,5,16.0,11.0,51,1028.9,72,16.7,-9900,-9900,0.0,0.0
2021,2,18,5,60,0.0,0.0,0.0,0.0,0.0,5,16.7,11.7,48,1028.5,70,14.8,-9900,-9900,0.0,0.0
2021,2,18,6,60,0.0,0.0,0.0,0.0,0.0,5,16.8,11.8,47,1027.7,65,14.8,-9900,-9900,0.0,0.0
2021,2,18,7,60,0.0,0.0,0.0,0.0,0.0,5,16.9,11.9,47,1026.9,61,14.8,-9900,-9900,0.0,0.0
2021,2,18,8,60,0.0,0.0,0.0,0.0,0.0,5,16.3,11.3,48,1027.0,63,14.8,-9900,-9900,0.0,0.0
2021,2,18,9,60,0.0,0.0,0.0,0.0,0.0,5,15.6,10.6,49,1027.1,65,16.7,-9900,-9900,0.0,0.0
2021,2,18,10,60,0.0,0.0,0.0,0.0,0.0,5,15.0,10.0,50,1027.1,67,16.7,-9900,-9900,0.0,0.0
2021,2,18,11,60,0.0,0.0,0.0,0.0,0.0,5,14.4,9.4,50,1027.4,78,13.0,-9900,-9900,0.0,0.0
2021,2,18,12,60,0.0,0.0,0.0,0.0,0.0,5,14.0,9.0,52,1027.9,83,13.0,-9900,-9900,0.0,0.0
2021,2,18,13,60,0.0,0.0,0.0,0.0,0.0,5,13.6,8.6,54,1028.3,88,11.1,-9900,-9900,0.0,0.0
2021,2,18,14,60,0.0,0.0,0.0,0.0,0.0,5,13.5,8.5,54,1028.2,90,11.1,-9900,-9900,0.0,0.0
2021,2,18,15,60,0.0,0.0,0.0,0.0,0.0,5,13.3,8.3,56,1028.1,92,11.1,-9900,-9900,0.0,0.0
2021,2,18,16,60,0.0,0.0,0.0,0.0,0.0,5,13.2,8.2,57,1028.0,93,11.1,-9900,-9900,0.0,0.0
2021,2,18,17,60,0.0,0.0,0.0,0.0,0.0,5,13.3,8.3,56,1027.8,99,13.0,-9900,-9900,0.0,0.0
2021,2,18,18,60,0.0,0.0,0.0,0.0,0.0,5,13.1,8.1,58,1027.4,93,13.0,-9900,-9900,0.0,0.0
2021,2,18,19,60,0.0,0.0,0.0,0.0,0.0,5,13.0,8.0,59,1026.9,86,13.0,-9900,-9900,0.0,0.0
2021,2,18,20,60,0.0,0.0,0.0,0.0,0.0,5,12.7,7.7,61,1026.5,87,11.1,-9900,-9900,0.0,0.0
2021,2,18,21,60,0.0,0.0,0.0,0.0,0.0,5,12.5,7.5,62,1026.1,88,11.1,-9900,-9900,0.0,0.0
2021,2,18,22,60,0.0,0.0,0.0,0.0,0.0,5,12.3,7.3,63,1025.8,90,9.3,-9900,-9900,0.0,0.0
2021,2,18,23,60,0.0,0.0,0.0,0.0,0.0,5,13.0,8.0,60,1025.5,108,7.4,-9900,-9900,0.0,0.0
2021,2,18,24,60,0.0,0.0,0.0,0.0,0.0,5,13.5,8.5,59,1025.8,103,9.3,-9900,-9900,0.0,0.0
2021,2,19,1,60,0.0,0.0,0.0,0.0,0.0,5,13.9,8.9,59,1026.1,99,9.3,-9900,-9900,0.0,0.0
2021,2,19,2,60,0.0,0.0,0.0,0.0,0.0,5,15.5,10.5,55,1025.8,90,11.1,-9900,-9900,0.0,0.0
2021,2,19,3,60,0.0,0.0,0.0,0.0,0.0,5,17.0,12.0,51,1025.6,81,13.0,-9900,-9900,0.0,0.0
2021,2,19,4,60,0.0,0.0,0.0,0.0,0.0,5,18.5,13.5,48,1025.3,75,14.8,-9900,-9900,0.0,0.0
2021,2,19,5,60,0.0,0.0,0.0,0.0,0.0,5,18.9,13.9,46,1024.2,78,13.0,-9900,-9900,0.0,0.0
2021,2,19,6,60,0.0,0.0,0.0,0.0,0.0,5,19.2,14.2,46,1023.2,74,13.0,-9900,-9900,0.0,0.0
2021,2,19,7,60,0.0,0.0,0.0,0.0,0.0,5,19.4,14.4,46,1022.2,69,13.0,-9900,-9900,0.0,0.0
2021,2,19,8,60,0.0,0.0,0.0,0.0,0.0,5,18.8,13.8,47,1022.1,73,13.0,-9900,-9900,0.0,0.0
2021,2,19,9,60,0.0,0.0,0.0,0.0,0.0,5,18.2,13.2,49,1021.9,76,13.0,-9900,-9900,0.0,0.0
2021,2,19,10,60,0.0,0.0,0.0,0.0,0.0,5,17.5,12.5,52,1021.8,80,13.0,-9900,-9900,0.0,0.0
2021,2,19,11,60,0.0,0.0,0.0,0.0,0.0,5,16.8,11.8,54,1022.0,90,13.0,-9900,-9900,0.0,0.0
2021,2,19,12,60,0.0,0.0,0.0,0.0,0.0,5,16.3,11.3,57,1022.3,94,11.1,-9900,-9900,0.0,0.0
2021,2,19,13,60,0.0,0.0,0.0,0.0,0.0,5,15.9,10.9,59,1022.7,99,9.3,-9900,-9900,0.0,0.0
2021,2,19,14,60,0.0,0.0,0.0,0.0,0.0,5,15.6,10.6,60,1022.6,105,9.3,-9900,-9900,0.0,0.0
2021,2,19,15,60,0.0,0.0,0.0,0.0,0.0,5,15.3,10.3,61,1022.5,113,7.4,-9900,-9900,0.0,0.0
2021,2,19,16,60,0.0,0.0,0.0,0.0,0.0,5,15.1,10.1,63,1022.4,126,5.5,-9900,-9900,0.0,0.0
2021,2,19,17,60,0.0,0.0,0.0,0.0,0.0,5,14.9,9.9,66,1022.3,113,7.4,-9900,-9900,0.0,0.0
2021,2,19,18,60,0.0,0.0,0.0,0.0,0.0,5,14.5,9.5,66,1022.0,131,5.5,-9900,-9900,0.0,0.0
2021,2,19,19,60,0.0,0.0,0.0,0.0,0.0,5,14.1,9.1,68,1021.8,156,5.5,-9900,-9900,0.0,0.0
2021,2,19,20,60,0.0,0.0,0.0,0.0,0.0,5,13.5,8.5,69,1021.5,168,3.7,-9900,-9900,0.0,0.0
2021,2,19,21,60,0.0,0.0,0.0,0.0,0.0,5,12.9,7.9,70,1021.2,184,3.7,-9900,-9900,0.0,0.0
2021,2,19,22,60,0.0,0.0,0.0,0.0,0.0,5,12.4,7.4,71,1020.9,200,3.7,-9900,-9900,0.0,0.0
2021,2,19,23,60,0.0,0.0,0.0,0.0,0.0,5,13.6,8.6,74,1021.4,195,3.7,-9900,-9900,0.0,0.0
2021,2,19,24,60,0.0,0.0,0.0,0.0,0.0,5,14.3,9.3,71,1021.7,190,3.7,-9900,-9900,0.0,0.0
2021,2,20,1,60,0.0,0.0,0.0,0.0,0.0,5,14.9,9.9,69,1022.1,186,3.7,-9900,-9900,0.0,0.0
2021,2,20,2,60,0.0,0.0,0.0,0.0,0.0,5,17.0,12.0,61,1021.8,200,3.7,-9900,-9900,0.0,0.0
2021,2,20,3,60,0.0,0.0,0.0,0.0,0.0,5,19.1,14.1,55,1021.6,232,3.7,-9900,-9900,0.0,0.0
2021,2,20,4,60,0.0,0.0,0.0,0.0,0.0,5,21.2,16.2,49,1021.4,276,3.7,-9900,-9900,0.0,0.0
2021,2,20,5,60,0.0,0.0,0.0,0.0,0.0,5,22.0,17.0,47,1020.5,303,3.7,-9900,-9900,0.0,0.0
2021,2,20,6,60,0.0,0.0,0.0,0.0,0.0,5,22.5,17.5,46,1019.6,309,5.5,-9900,-9900,0.0,0.0
2021,2,20,7,60,0.0,0.0,0.0,0.0,0.0,5,23.0,18.0,45,1018.7,312,5.5,-9900,-9900,0.0,0.0
2021,2,20,8,60,0.0,0.0,0.0,0.0,0.0,5,22.1,17.1,47,1018.6,311,5.5,-9900,-9900,0.0,0.0
2021,2,20,9,60,0.0,0.0,0.0,0.0,0.0,5,21.3,16.3,49,1018.5,311,5.5,-9900,-9900,0.0,0.0
2021,2,20,10,60,0.0,0.0,0.0,0.0,0.0,5,20.4,15.4,52,1018.4,310,5.5,-9900,-9900,0.0,0.0
2021,2,20,11,60,0.0,0.0,0.0,0.0,0.0,5,19.5,14.5,53,1018.6,322,7.4,-9900,-9900,0.0,0.0
2021,2,20,12,60,0.0,0.0,0.0,0.0,0.0,5,18.8,13.8,56,1019.0,327,5.5,-9900,-9900,0.0,0.0
2021,2,20,13,60,0.0,0.0,0.0,0.0,0.0,5,18.1,13.1,59,1019.3,38,3.7,-9900,-9900,0.0,0.0
2021,2,20,14,60,0.0,0.0,0.0,0.0,0.0,5,17.5,12.5,61,1019.3,220,3.7,-9900,-9900,0.0,0.0
2021,2,20,15,60,0.0,0.0,0.0,0.0,0.0,5,17.0,12.0,62,1019.2,219,3.7,-9900,-9900,0.0,0.0
2021,2,20,16,60,0.0,0.0,0.0,0.0,0.0,5,16.5,11.5,64,1019.2,219,3.7,-9900,-9900,0.0,0.0
2021,2,20,17,60,0.0,0.0,0.0,0.0,0.0,5,16.0,11.0,77,1019.5,203,3.7,-9900,-9900,0.0,0.0
2021,2,20,18,60,0.0,0.0,0.0,0.0,0.0,5,15.6,10.6,77,1019.3,204,3.7,-9900,-9900,0.0,0.0
2021,2,20,19,60,0.0,0.0,0.0,0.0,0.0,5,15.1,10.1,77,1019.1,205,3.7,-9900,-9900,0.0,0.0
2021,2,20,20,60,0.0,0.0,0.0,0.0,0.0,5,14.6,9.6,77,1018.8,203,3.7,-9900,-9900,0.0,0.0
2021,2,20,21,60,0.0,0.0,0.0,0.0,0.0,5,14.0,9.0,77,1018.5,200,3.7,-9900,-9900,0.0,0.0
2021,2,20,22,60,0.0,0.0,0.0,0.0,0.0,5,13.4,8.4,77,1018.3,197,3.7,-9900,-9900,0.0,0.0
2021,2,20,23,60,0.0,0.0,0.0,0.0,0.0,5,14.8,9.8,74,1018.4,167,3.7,-9900,-9900,0.0,0.0
2021,2,20,24,60,0.0,0.0,0.0,0.0,0.0,5,15.5,10.5,72,1018.9,165,3.7,-9900,-9900,0.0,0.0
2021,2,21,1,60,0.0,0.0,0.0,0.0,0.0,5,16.1,11.1,70,1019.5,163,3.7,-9900,-9900,0.0,0.0
2021,2,21,2,60,0.0,0.0,0.0,0.0,0.0,5,18.3,13.3,63,1019.2,169,3.7,-9900,-9900,0.0,0.0
2021,2,21,3,60,0.0,0.0,0.0,0.0,0.0,5,20.5,15.5,57,1018.9,204,3.7,-9900,-9900,0.0,0.0
2021,2,21,4,60,0.0,0.0,0.0,0.0,0.0,5,22.6,17.6,52,1018.6,311,3.7,-9900,-9900,0.0,0.0
2021,2,21,5,60,0.0,0.0,0.0,0.0,0.0,5,23.6,18.6,48,1018.4,8,3.7,-9900,-9900,0.0,0.0
2021,2,21,6,60,0.0,0.0,0.0,0.0,0.0,5,24.0,19.0,48,1017.5,327,5.5,-9900,-9900,0.0,0.0
2021,2,21,7,60,0.0,0.0,0.0,0.0,0.0,5,24.4,19.4,47,1016.6,314,5.5,-9900,-9900,0.0,0.0
2021,2,21,8,60,0.0,0.0,0.0,0.0,0.0,5,23.5,18.5,48,1016.6,314,5.5,-9900,-9900,0.0,0.0
2021,2,21,9,60,0.0,0.0,0.0,0.0,0.0,5,22.5,17.5,50,1016.7,313,5.5,-9900,-9900,0.0,0.0
2021,2,21,10,60,0.0,0.0,0.0,0.0,0.0,5,21.6,16.6,51,1016.7,312,5.5,-9900,-9900,0.0,0.0
2021,2,21,11,60,0.0,0.0,0.0,0.0,0.0,5,20.9,15.9,48,1017.0,335,7.4,-9900,-9900,0.0,0.0
2021,2,21,12,60,0.0,0.0,0.0,0.0,0.0,5,20.1,15.1,51,1017.4,317,5.5,-9900,-9900,0.0,0.0
2021,2,21,13,60,0.0,0.0,0.0,0.0,0.0,5,19.3,14.3,55,1017.9,264,3.7,-9900,-9900,0.0,0.0
2021,2,21,14,60,0.0,0.0,0.0,0.0,0.0,5,18.7,13.7,57,1017.9,245,3.7,-9900,-9900,0.0,0.0
2021,2,21,15,60,0.0,0.0,0.0,0.0,0.0,5,18.0,13.0,59,1018.0,234,3.7,-9900,-9900,0.0,0.0
2021,2,21,16,60,0.0,0.0,0.0,0.0,0.0,5,17.4,12.4,61,1018.1,227,3.7,-9900,-9900,0.0,0.0
2021,2,21,17,60,0.0,0.0,0.0,0.0,0.0,5,17.2,12.2,68,1017.6,198,5.5,-9900,-9900,0.0,0.0
2021,2,21,18,60,0.0,0.0,0.0,0.0,0.0,5,16.7,11.7,70,1017.3,200,5.5,-9900,-9900,0.0,0.0
2021,2,21,19,60,0.0,0.0,0.0,0.0,0.0,5,16.3,11.3,71,1017.1,203,5.5,-9900,-9900,0.0,0.0
2021,2,21,20,60,0.0,0.0,0.0,0.0,0.0,5,15.7,10.7,72,1016.9,198,3.7,-9900,-9900,0.0,0.0
2021,2,21,21,60,0.0,0.0,0.0,0.0,0.0,5,15.2,10.2,73,1016.7,192,3.7,-9900,-9900,0.0,0.0
2021,2,21,22,60,0.0,0.0,0.0,0.0,0.0,5,14.7,9.7,73,1016.6,186,3.7,-9900,-9900,0.0,0.0
2021,2,21,23,60,0.0,0.0,0.0,0.0,0.0,5,15.9,10.9,76,1016.6,167,3.7,-9900,-9900,0.0,0.0
2021,2,21,24,60,0.0,0.0,0.0,0.0,0.0,5,16.5,11.5,74,1017.1,165,3.7,-9900,-9900,0.0,0.0
2021,2,22,1,60,0.0,0.0,0.0,0.0,0.0,5,17.2,12.2,71,1017.5,163,3.7,-9900,-9900,0.0,0.0
2021,2,22,2,60,0.0,0.0,0.0,0.0,0.0,5,19.6,14.6,63,1017.3,171,3.7,-9900,-9900,0.0,0.0
2021,2,22,3,60,0.0,0.0,0.0,0.0,0.0,5,22.0,17.0,56,1017.1,209,3.7,-9900,-9900,0.0,0.0
2021,2,22,4,60,0.0,0.0,0.0,0.0,0.0,5,24.4,19.4,50,1016.8,297,3.7,-9900,-9900,0.0,0.0
2021,2,22,5,60,0.0,0.0,0.0,0.0,0.0,5,25.1,20.1,46,1016.3,354,3.7,-9900,-9900,0.0,0.0
2021,2,22,6,60,0.0,0.0,0.0,0.0,0.0,5,25.6,20.6,45,1015.4,327,5.5,-9900,-9900,0.0,0.0
2021,2,22,7,60,0.0,0.0,0.0,0.0,0.0,5,26.1,21.1,44,1014.6,319,5.5,-9900,-9900,0.0,0.0
2021,2,22,8,60,0.0,0.0,0.0,0.0,0.0,5,25.1,20.1,47,1014.7,331,5.5,-9900,-9900,0.0,0.0
2021,2,22,9,60,0.0,0.0,0.0,0.0,0.0,5,24.2,19.2,49,1014.9,356,5.5,-9900,-9900,0.0,0.0
2021,2,22,10,60,0.0,0.0,0.0,0.0,0.0,5,23.2,18.2,52,1015.0,34,7.4,-9900,-9900,0.0,0.0
2021,2,22,11,60,0.0,0.0,0.0,0.0,0.0,5,22.4,17.4,51,1015.4,5,7.4,-9900,-9900,0.0,0.0
2021,2,22,12,60,0.0,0.0,0.0,0.0,0.0,5,21.7,16.7,55,1016.0,23,7.4,-9900,-9900,0.0,0.0
2021,2,22,13,60,0.0,0.0,0.0,0.0,0.0,5,21.0,16.0,58,1016.6,51,5.5,-9900,-9900,0.0,0.0
2021,2,22,14,60,0.0,0.0,0.0,0.0,0.0,5,20.6,15.6,60,1016.8,57,5.5,-9900,-9900,0.0,0.0
2021,2,22,15,60,0.0,0.0,0.0,0.0,0.0,5,20.3,15.3,62,1016.9,62,5.5,-9900,-9900,0.0,0.0
2021,2,22,16,60,0.0,0.0,0.0,0.0,0.0,5,20.0,15.0,64,1017.1,66,5.5,-9900,-9900,0.0,0.0
2021,2,22,17,60,0.0,0.0,0.0,0.0,0.0,5,19.8,14.8,67,1016.9,103,7.4,-9900,-9900,0.0,0.0
2021,2,22,18,60,0.0,0.0,0.0,0.0,0.0,5,19.4,14.4,69,1016.8,99,7.4,-9900,-9900,0.0,0.0
2021,2,22,19,60,0.0,0.0,0.0,0.0,0.0,5,19.1,14.1,71,1016.6,95,7.4,-9900,-9900,0.0,0.0
2021,2,22,20,60,0.0,0.0,0.0,0.0,0.0,5,18.9,13.9,71,1016.4,94,7.4,-9900,-9900,0.0,0.0
2021,2,22,21,60,0.0,0.0,0.0,0.0,0.0,5,18.7,13.7,71,1016.2,94,5.5,-9900,-9900,0.0,0.0
2021,2,22,22,60,0.0,0.0,0.0,0.0,0.0,5,18.5,13.5,72,1016.0,94,5.5,-9900,-9900,0.0,0.0
2021,2,22,23,60,0.0,0.0,0.0,0.0,0.0,5,18.4,13.4,82,1016.5,110,5.5,-9900,-9900,0.0,0.0
2021,2,22,24,60,0.0,0.0,0.0,0.0,0.0,5,18.9,13.9,80,1017.1,99,7.4,-9900,-9900,0.0,0.0
2021,2,23,1,60,0.0,0.0,0.0,0.0,0.0,5,19.4,14.4,79,1017.7,90,9.3,-9900,-9900,0.0,0.0
2021,2,23,2,60,0.0,0.0,0.0,0.0,0.0,5,20.5,15.5,75,1017.6,81,9.3,-9900,-9900,0.0,0.0
2021,2,23,3,60,0.0,0.0,0.0,0.0,0.0,5,21.6,16.6,71,1017.4,74,11.1,-9900,-9900,0.0,0.0
2021,2,23,4,60,0.0,0.0,0.0,0.0,0.0,5,22.7,17.7,68,1017.2,69,13.0,-9900,-9900,0.0,0.0
2021,2,23,5,60,0.0,0.0,0.0,0.0,0.0,5,23.8,18.8,67,1016.7,77,14.8,-9900,-9900,0.0,0.0
2021,2,23,6,60,0.0,0.0,0.0,0.0,0.0,5,23.8,18.8,65,1015.9,73,14.8,-9900,-9900,0.0,0.0
2021,2,23,7,60,0.0,0.0,0.0,0.0,0.0,5,23.8,18.8,64,1015.1,69,14.8,-9900,-9900,0.0,0.0
2021,2,23,8,60,0.0,0.0,0.0,0.0,0.0,5,23.0,18.0,66,1015.2,69,14.8,-9900,-9900,0.0,0.0
2021,2,23,9,60,0.0,0.0,0.0,0.0,0.0,5,22.2,17.2,68,1015.3,70,14.8,-9900,-9900,0.0,0.0
2021,2,23,10,60,0.0,0.0,0.0,0.0,0.0,5,21.5,16.5,70,1015.4,70,14.8,-9900,-9900,0.0,0.0
2021,2,23,11,60,0.0,0.0,0.0,0.0,0.0,5,22.0,17.0,64,1015.5,66,16.7,-9900,-9900,0.0,0.0
2021,2,23,12,60,0.0,0.0,0.0,0.0,0.0,5,21.4,16.4,67,1016.1,66,16.7,-9900,-9900,0.0,0.0
2021,2,23,13,60,0.0,0.0,0.0,0.0,0.0,5,20.8,15.8,70,1016.7,67,14.8,-9900,-9900,0.0,0.0
2021,2,23,14,60,0.0,0.0,0.0,0.0,0.0,5,20.6,15.6,71,1016.7,68,14.8,-9900,-9900,0.0,0.0
2021,2,23,15,60,0.0,0.0,0.0,0.0,0.0,5,20.4,15.4,72,1016.7,70,13.0,-9900,-9900,0.0,0.0
2021,2,23,16,60,0.0,0.0,0.0,0.0,0.0,5,20.2,15.2,73,1016.7,72,13.0,-9900,-9900,0.0,0.0
2021,2,23,17,60,0.0,0.0,0.0,0.0,0.0,5,20.0,15.0,85,1016.3,83,13.0,-9900,-9900,0.0,0.0
2021,2,23,18,60,0.0,0.0,0.0,0.0,0.0,5,19.8,14.8,85,1015.9,79,13.0,-9900,-9900,0.0,0.0
2021,2,23,19,60,0.0,0.0,0.0,0.0,0.0,5,19.6,14.6,84,1015.5,74,13.0,-9900,-9900,0.0,0.0
2021,2,23,20,60,0.0,0.0,0.0,0.0,0.0,5,19.5,14.5,84,1015.3,75,11.1,-9900,-9900,0.0,0.0
2021,2,23,21,60,0.0,0.0,0.0,0.0,0.0,5,19.3,14.3,84,1015.0,76,11.1,-9900,-9900,0.0,0.0
2021,2,23,22,60,0.0,0.0,0.0,0.0,0.0,5,19.2,14.2,84,1014.8,78,9.3,-9900,-9900,0.0,0.0
2021,2,23,23,60,0.0,0.0,0.0,0.0,0.0,5,20.1,15.1,87,1015.3,81,13.0,-9900,-9900,0.0,0.0
2021,2,23,24,60,0.0,0.0,0.0,0.0,0.0,5,20.4,15.4,86,1015.8,79,13.0,-9900,-9900,0.0,0.0
2021,2,24,1,60,0.0,0.0,0.0,0.0,0.0,5,20.7,15.7,85,1016.3,78,13.0,-9900,-9900,0.0,0.0
2021,2,24,2,60,0.0,0.0,0.0,0.0,0.0,5,21.9,16.9,79,1015.8,76,13.0,-9900,-9900,0.0,0.0
2021,2,24,3,60,0.0,0.0,0.0,0.0,0.0,5,23.2,18.2,74,1015.4,74,13.0,-9900,-9900,0.0,0.0
2021,2,24,4,60,0.0,0.0,0.0,0.0,0.0,5,24.5,19.5,69,1015.0,72,14.8,-9900,-9900,0.0,0.0
2021,2,24,5,60,0.0,0.0,0.0,0.0,0.0,5,24.8,19.8,68,1014.3,85,13.0,-9900,-9900,0.0,0.0
2021,2,24,6,60,0.0,0.0,0.0,0.0,0.0,5,25.0,20.0,66,1013.4,83,13.0,-9900,-9900,0.0,0.0
2021,2,24,7,60,0.0,0.0,0.0,0.0,0.0,5,25.3,20.3,64,1012.4,81,13.0,-9900,-9900,0.0,0.0
2021,2,24,8,60,0.0,0.0,0.0,0.0,0.0,5,24.6,19.6,65,1012.3,81,13.0,-9900,-9900,0.0,0.0
2021,2,24,9,60,0.0,0.0,0.0,0.0,0.0,5,23.9,18.9,67,1012.3,81,13.0,-9900,-9900,0.0,0.0
2021,2,24,10,60,0.0,0.0,0.0,0.0,0.0,5,23.3,18.3,67,1012.2,81,13.0,-9900,-9900,0.0,0.0
2021,2,24,11,60,0.0,0.0,0.0,0.0,0.0,5,23.7,18.7,59,1012.4,78,14.8,-9900,-9900,0.0,0.0
2021,2,24,12,60,0.0,0.0,0.0,0.0,0.0,5,23.0,18.0,63,1012.8,73,13.0,-9900,-9900,0.0,0.0
2021,2,24,13,60,0.0,0.0,0.0,0.0,0.0,5,22.3,17.3,66,1013.2,69,13.0,-9900,-9900,0.0,0.0
2021,2,24,14,60,0.0,0.0,0.0,0.0,0.0,5,22.1,17.1,67,1013.1,70,13.0,-9900,-9900,0.0,0.0
2021,2,24,15,60,0.0,0.0,0.0,0.0,0.0,5,21.9,16.9,68,1013.1,71,13.0,-9900,-9900,0.0,0.0
2021,2,24,16,60,0.0,0.0,0.0,0.0,0.0,5,21.7,16.7,70,1013.0,72,11.1,-9900,-9900,0.0,0.0
2021,2,24,17,60,0.0,0.0,0.0,0.0,0.0,5,21.6,16.6,73,1012.6,87,11.1,-9900,-9900,0.0,0.0
2021,2,24,18,60,0.0,0.0,0.0,0.0,0.0,5,21.3,16.3,75,1012.4,82,9.3,-9900,-9900,0.0,0.0
2021,2,24,19,60,0.0,0.0,0.0,0.0,0.0,5,21.0,16.0,75,1012.1,76,9.3,-9900,-9900,0.0,0.0
2021,2,24,20,60,0.0,0.0,0.0,0.0,0.0,5,20.7,15.7,77,1011.9,78,7.4,-9900,-9900,0.0,0.0
2021,2,24,21,60,0.0,0.0,0.0,0.0,0.0,5,20.4,15.4,78,1011.6,80,7.4,-9900,-9900,0.0,0.0
2021,2,24,22,60,0.0,0.0,0.0,0.0,0.0,5,20.1,15.1,79,1011.3,83,5.5,-9900,-9900,0.0,0.0
2021,2,24,23,60,0.0,0.0,0.0,0.0,0.0,5,21.9,16.9,74,1012.2,102,7.4,-9900,-9900,0.0,0.0
2021,2,24,24,60,0.0,0.0,0.0,0.0,0.0,5,22.2,17.2,74,1012.5,101,7.4,-9900,-9900,0.0,0.0
2021,2,25,1,60,0.0,0.0,0.0,0.0,0.0,5,22.6,17.6,73,1012.8,100,7.4,-9900,-9900,0.0,0.0
2021,2,25,2,60,0.0,0.0,0.0,0.0,0.0,5,24.0,19.0,69,1012.2,99,7.4,-9900,-9900,0.0,0.0
2021,2,25,3,60,0.0,0.0,0.0,0.0,0.0,5,25.5,20.5,65,1011.7,96,7.4,-9900,-9900,0.0,0.0
2021,2,25,4,60,0.0,0.0,0.0,0.0,0.0,5,26.9,21.9,61,1011.1,93,7.4,-9900,-9900,0.0,0.0
2021,2,25,5,60,0.0,0.0,0.0,0.0,0.0,5,26.2,21.2,62,1009.8,86,7.4,-9900,-9900,0.0,0.0
2021,2,25,6,60,0.0,0.0,0.0,0.0,0.0,5,26.3,21.3,62,1009.1,66,7.4,-9900,-9900,0.0,0.0
2021,2,25,7,60,0.0,0.0,0.0,0.0,0.0,5,26.3,21.3,63,1008.4,344,5.5,-9900,-9900,0.0,0.0
2021,2,25,8,60,0.0,0.0,0.0,0.0,0.0,5,25.6,20.6,63,1008.5,322,5.5,-9900,-9900,0.0,0.0
2021,2,25,9,60,0.0,0.0,0.0,0.0,0.0,5,24.8,19.8,64,1008.6,303,5.5,-9900,-9900,0.0,0.0
2021,2,25,10,60,0.0,0.0,0.0,0.0,0.0,5,24.0,19.0,65,1008.8,288,5.5,-9900,-9900,0.0,0.0
2021,2,25,11,60,0.0,0.0,0.0,0.0,0.0,5,22.0,17.0,71,1010.0,338,5.5,-9900,-9900,0.0,0.0
2021,2,25,12,60,0.0,0.0,0.0,0.0,0.0,5,21.6,16.6,73,1010.3,302,5.5,-9900,-9900,0.0,0.0
2021,2,25,13,60,0.0,0.0,0.0,0.0,0.0,5,21.2,16.2,75,1010.5,273,3.7,-9900,-9900,0.0,0.0
2021,2,25,14,60,0.0,0.0,0.0,0.0,0.0,5,21.0,16.0,75,1010.5,268,3.7,-9900,-9900,0.0,0.0
2021,2,25,15,60,0.0,0.0,0.0,0.0,0.0,5,20.8,15.8,75,1010.6,262,3.7,-9900,-9900,0.0,0.0
2021,2,25,16,60,0.0,0.0,0.0,0.0,0.0,5,20.6,15.6,76,1010.6,251,3.7,-9900,-9900,0.0,0.0
2021,2,25,17,60,0.0,0.0,0.0,0.0,0.0,5,20.8,15.8,80,1009.8,236,3.7,-9900,-9900,0.0,0.0
2021,2,25,18,60,0.0,0.0,0.0,0.0,0.0,5,20.3,15.3,81,1009.7,228,3.7,-9900,-9900,0.0,0.0
2021,2,25,19,60,0.0,0.0,0.0,0.0,0.0,5,19.8,14.8,82,1009.6,224,3.7,-9900,-9900,0.0,0.0
2021,2,25,20,60,0.0,0.0,0.0,0.0,0.0,5,19.5,14.5,83,1009.5,223,3.7,-9900,-9900,0.0,0.0
2021,2,25,21,60,0.0,0.0,0.0,0.0,0.0,5,19.1,14.1,84,1009.4,223,3.7,-9900,-9900,0.0,0.0
2021,2,25,22,60,0.0,0.0,0.0,0.0,0.0,5,18.7,13.7,86,1009.3,222,3.7,-9900,-9900,0.0,0.0
2021,2,25,23,60,0.0,0.0,0.0,0.0,0.0,5,19.2,14.2,84,1009.8,206,3.7,-9900,-9900,0.0,0.0
2021,2,25,24,60,0.0,0.0,0.0,0.0,0.0,5,19.4,14.4,84,1010.4,205,3.7,-9900,-9900,0.0,0.0
2021,2,26,1,60,0.0,0.0,0.0,0.0,0.0,5,19.6,14.6,84,1011.1,205,3.7,-9900,-9900,0.0,0.0
2021,2,26,2,60,0.0,0.0,0.0,0.0,0.0,5,20.4,15.4,81,1011.1,250,5.5,-9900,-9900,0.0,0.0
2021,2,26,3,60,0.0,0.0,0.0,0.0,0.0,5,21.1,16.1,78,1011.2,8,5.5,-9900,-9900,0.0,0.0
2021,2,26,4,60,0.0,0.0,0.0,0.0,0.0,5,21.9,16.9,76,1011.3,13,5.5,-9900,-9900,0.0,0.0
2021,2,26,5,60,0.0,0.0,0.0,0.0,0.0,5,22.1,17.1,77,1010.9,26,5.5,-9900,-9900,0.0,0.0
2021,2,26,6,60,0.0,0.0,0.0,0.0,0.0,5,22.2,17.2,75,1010.3,27,7.4,-9900,-9900,0.0,0.0
2021,2,26,7,60,0.0,0.0,0.0,0.0,0.0,5,22.3,17.3,73,1009.6,29,7.4,-9900,-9900,0.0,0.0
2021,2,26,8,60,0.0,0.0,0.0,0.0,0.0,5,21.7,16.7,74,1009.9,32,7.4,-9900,-9900,0.0,0.0
2021,2,26,9,60,0.0,0.0,0.0,0.0,0.0,5,21.1,16.1,75,1010.2,35,7.4,-9900,-9900,0.0,0.0
2021,2,26,10,60,0.0,0.0,0.0,0.0,0.0,5,20.5,15.5,76,1010.4,40,7.4,-9900,-9900,0.0,0.0
2021,2,26,11,60,0.0,0.0,0.0,0.0,0.0,5,20.8,15.8,79,1010.7,5,7.4,-9900,-9900,0.0,0.0
2021,2,26,12,60,0.0,0.0,0.0,0.0,0.0,5,20.1,15.1,81,1011.5,26,7.4,-9900,-9900,0.0,0.0
2021,2,26,13,60,0.0,0.0,0.0,0.0,0.0,5,19.4,14.4,83,1012.3,51,7.4,-9900,-9900,0.0,0.0
2021,2,26,14,60,0.0,0.0,0.0,0.0,0.0,5,19.0,14.0,84,1012.7,48,5.5,-9900,-9900,0.0,0.0
2021,2,26,15,60,0.0,0.0,0.0,0.0,0.0,5,18.7,13.7,85,1013.1,44,5.5,-9900,-9900,0.0,0.0
2021,2,26,16,60,0.0,0.0,0.0,0.0,0.0,5,18.3,13.3,86,1013.5,37,5.5,-9900,-9900,0.0,0.0
2021,2,26,17,60,0.0,0.0,0.0,0.0,0.0,5,18.2,13.2,86,1013.5,89,9.3,-9900,-9900,0.0,0.0
2021,2,26,18,60,0.0,0.0,0.0,0.0,0.0,5,17.9,12.9,88,1013.5,88,7.4,-9900,-9900,0.0,0.0
2021,2,26,19,60,0.0,0.0,0.0,0.0,0.0,5,17.5,12.5,89,1013.5,86,5.5,-9900,-9900,0.0,0.0
2021,2,26,20,60,0.0,0.0,0.0,0.0,0.0,5,17.3,12.3,90,1013.5,82,5.5,-9900,-9900,0.0,0.0
2021,2,26,21,60,0.0,0.0,0.0,0.0,0.0,5,17.1,12.1,90,1013.4,62,5.5,-9900,-9900,0.0,0.0
2021,2,26,22,60,0.0,0.0,0.0,0.0,0.0,5,17.0,12.0,90,1013.4,294,3.7,-9900,-9900,0.0,0.0
2021,2,26,23,60,0.0,0.0,0.0,0.0,0.0,5,17.3,12.3,93,1014.7,266,3.7,-9900,-9900,0.0,0.0
2021,2,26,24,60,0.0,0.0,0.0,0.0,0.0,5,17.2,12.2,93,1015.2,274,5.5,-9900,-9900,0.0,0.0
2021,2,27,1,60,0.0,0.0,0.0,0.0,0.0,5,17.1,12.1,93,1015.7,282,5.5,-9900,-9900,0.0,0.0
2021,2,27,2,60,0.0,0.0,0.0,0.0,0.0,5,17.4,12.4,91,1015.8,303,5.5,-9900,-9900,0.0,0.0
2021,2,27,3,60,0.0,0.0,0.0,0.0,0.0,5,17.8,12.8,90,1015.9,329,5.5,-9900,-9900,0.0,0.0
2021,2,27,4,60,0.0,0.0,0.0,0.0,0.0,5,18.2,13.2,88,1016.0,351,5.5,-9900,-9900,0.0,0.0
2021,2,27,5,60,0.0,0.0,0.0,0.0,0.0,5,17.4,12.4,89,1015.4,346,5.5,-9900,-9900,0.0,0.0
2021,2,27,6,60,0.0,0.0,0.0,0.0,0.0,5,17.6,12.6,88,1014.8,341,5.5,-9900,-9900,0.0,0.0
2021,2,27,7,60,0.0,0.0,0.0,0.0,0.0,5,17.7,12.7,86,1014.1,337,7.4,-9900,-9900,0.0,0.0
2021,2,27,8,60,0.0,0.0,0.0,0.0,0.0,5,17.7,12.7,84,1014.3,339,5.5,-9900,-9900,0.0,0.0
2021,2,27,9,60,0.0,0.0,0.0,0.0,0.0,5,17.6,12.6,84,1014.5,341,5.5,-9900,-9900,0.0,0.0
2021,2,27,10,60,0.0,0.0,0.0,0.0,0.0,5,17.5,12.5,83,1014.6,344,5.5,-9900,-9900,0.0,0.0
2021,2,27,11,60,0.0,0.0,0.0,0.0,0.0,5,17.0,12.0,86,1015.8,339,7.4,-9900,-9900,0.0,0.0
2021,2,27,12,60,0.0,0.0,0.0,0.0,0.0,5,16.9,11.9,86,1016.4,356,7.4,-9900,-9900,0.0,0.0
2021,2,27,13,60,0.0,0.0,0.0,0.0,0.0,5,16.8,11.8,86,1016.9,27,5.5,-9900,-9900,0.0,0.0
2021,2,27,14,60,0.0,0.0,0.0,0.0,0.0,5,16.7,11.7,86,1017.2,32,5.5,-9900,-9900,0.0,0.0
2021,2,27,15,60,0.0,0.0,0.0,0.0,0.0,5,16.6,11.6,85,1017.4,37,5.5,-9900,-9900,0.0,0.0
2021,2,27,16,60,0.0,0.0,0.0,0.0,0.0,5,16.6,11.6,84,1017.7,44,5.5,-9900,-9900,0.0,0.0
2021,2,27,17,60,0.0,0.0,0.0,0.0,0.0,5,16.6,11.6,93,1017.7,102,3.7,-9900,-9900,0.0,0.0
2021,2,27,18,60,0.0,0.0,0.0,0.0,0.0,5,16.5,11.5,92,1017.5,87,3.7,-9900,-9900,0.0,0.0
2021,2,27,19,60,0.0,0.0,0.0,0.0,0.0,5,16.4,11.4,91,1017.3,72,3.7,-9900,-9900,0.0,0.0
2021,2,27,20,60,0.0,0.0,0.0,0.0,0.0,5,16.2,11.2,91,1017.1,72,3.7,-9900,-9900,0.0,0.0
2021,2,27,21,60,0.0,0.0,0.0,0.0,0.0,5,16.0,11.0,90,1016.9,74,3.7,-9900,-9900,0.0,0.0
2021,2,27,22,60,0.0,0.0,0.0,0.0,0.0,5,16.0,11.0,89,1016.7,123,3.7,-9900,-9900,0.0,0.0
2021,2,27,23,60,0.0,0.0,0.0,0.0,0.0,5,17.0,12.0,84,1017.6,162,3.7,-9900,-9900,0.0,0.0
2021,2,27,24,60,0.0,0.0,0.0,0.0,0.0,5,17.2,12.2,84,1018.0,147,3.7,-9900,-9900,0.0,0.0
2021,2,28,1,60,0.0,0.0,0.0,0.0,0.0,5,17.4,12.4,83,1018.4,116,3.7,-9900,-9900,0.0,0.0
2021,2,28,2,60,0.0,0.0,0.0,0.0,0.0,5,18.4,13.4,80,1018.3,80,5.5,-9900,-9900,0.0,0.0
2021,2,28,3,60,0.0,0.0,0.0,0.0,0.0,5,19.3,14.3,77,1018.1,52,5.5,-9900,-9900,0.0,0.0
2021,2,28,4,60,0.0,0.0,0.0,0.0,0.0,5,20.3,15.3,74,1018.0,37,5.5,-9900,-9900,0.0,0.0
2021,2,28,5,60,0.0,0.0,0.0,0.0,0.0,5,20.4,15.4,75,1017.1,53,7.4,-9900,-9900,0.0,0.0
2021,2,28,6,60,0.0,0.0,0.0,0.0,0.0,5,20.8,15.8,73,1016.3,39,7.4,-9900,-9900,0.0,0.0
2021,2,28,7,60,0.0,0.0,0.0,0.0,0.0,5,21.2,16.2,70,1015.5,27,7.4,-9900,-9900,0.0,0.0
2021,2,28,8,60,0.0,0.0,0.0,0.0,0.0,5,20.8,15.8,71,1015.3,45,9.3,-9900,-9900,0.0,0.0
2021,2,28,9,60,0.0,0.0,0.0,0.0,0.0,5,20.4,15.4,71,1015.2,58,9.3,-9900,-9900,0.0,0.0
2021,2,28,10,60,0.0,0.0,0.0,0.0,0.0,5,20.0,15.0,72,1015.1,67,9.3,-9900,-9900,0.0,0.0
2021,2,28,11,60,0.0,0.0,0.0,0.0,0.0,5,18.8,13.8,78,1015.8,75,7.4,-9900,-9900,0.0,0.0
2021,2,28,12,60,0.0,0.0,0.0,0.0,0.0,5,18.6,13.6,79,1016.0,79,7.4,-9900,-9900,0.0,0.0
2021,2,28,13,60,0.0,0.0,0.0,0.0,0.0,5,18.4,13.4,80,1016.2,83,7.4,-9900,-9900,0.0,0.0
2021,2,28,14,60,0.0,0.0,0.0,0.0,0.0,5,18.3,13.3,81,1016.3,88,7.4,-9900,-9900,0.0,0.0
2021,2,28,15,60,0.0,0.0,0.0,0.0,0.0,5,18.1,13.1,82,1016.4,94,5.5,-9900,-9900,0.0,0.0
2021,2,28,16,60,0.0,0.0,0.0,0.0,0.0,5,17.9,12.9,84,1016.4,103,5.5,-9900,-9900,0.0,0.0
2021,2,28,17,60,0.0,0.0,0.0,0.0,0.0,5,17.9,12.9,86,1016.2,103,9.3,-9900,-9900,0.0,0.0
2021,2,28,18,60,0.0,0.0,0.0,0.0,0.0,5,17.8,12.8,86,1016.1,115,7.4,-9900,-9900,0.0,0.0
2021,2,28,19,60,0.0,0.0,0.0,0.0,0.0,5,17.7,12.7,86,1015.9,137,5.5,-9900,-9900,0.0,0.0
2021,2,28,20,60,0.0,0.0,0.0,0.0,0.0,5,17.5,12.5,87,1015.9,146,5.5,-9900,-9900,0.0,0.0
2021,2,28,21,60,0.0,0.0,0.0,0.0,0.0,5,17.3,12.3,88,1015.9,159,3.7,-9900,-9900,0.0,0.0
2021,2,28,22,60,0.0,0.0,0.0,0.0,0.0,5,17.2,12.2,89,1015.8,177,3.7,-9900,-9900,0.0,0.0
2021,2,28,23,60,0.0,0.0,0.0,0.0,0.0,5,17.6,12.6,91,1016.4,187,3.7,-9900,-9900,0.0,0.0
2021,2,28,24,60,0.0,0.0,0.0,0.0,0.0,5,18.2,13.2,89,1016.8,178,3.7,-9900,-9900,0.0,0.0
2021,3,1,1,60,0.0,0.0,0.0,0.0,0.0,5,18.8,13.8,87,1017.3,166,3.7,-9900,-9900,0.0,0.0
2021,3,1,2,60,0.0,0.0,0.0,0.0,0.0,5,20.8,15.8,79,1017.1,174,3.7,-9900,-9900,0.0,0.0
2021,3,1,3,60,0.0,0.0,0.0,0.0,0.0,5,22.8,17.8,72,1017.0,307,3.7,-9900,-9900,0.0,0.0
2021,3,1,4,60,0.0,0.0,0.0,0.0,0.0,5,24.8,19.8,66,1016.9,331,3.7,-9900,-9900,0.0,0.0
2021,3,1,5,60,0.0,0.0,0.0,0.0,0.0,5,24.7,19.7,67,1016.4,314,5.5,-9900,-9900,0.0,0.0
2021,3,1,6,60,0.0,0.0,0.0,0.0,0.0,5,25.3,20.3,64,1015.5,311,5.5,-9900,-9900,0.0,0.0
2021,3,1,7,60,0.0,0.0,0.0,0.0,0.0,5,25.9,20.9,62,1014.6,309,7.4,-9900,-9900,0.0,0.0
2021,3,1,8,60,0.0,0.0,0.0,0.0,0.0,5,25.3,20.3,62,1014.4,311,5.5,-9900,-9900,0.0,0.0
2021,3,1,9,60,0.0,0.0,0.0,0.0,0.0,5,24.6,19.6,63,1014.3,312,5.5,-9900,-9900,0.0,0.0
2021,3,1,10,60,0.0,0.0,0.0,0.0,0.0,5,24.0,19.0,63,1014.1,313,5.5,-9900,-9900,0.0,0.0
2021,3,1,11,60,0.0,0.0,0.0,0.0,0.0,5,23.7,18.7,64,1014.8,290,5.5,-9900,-9900,0.0,0.0
2021,3,1,12,60,0.0,0.0,0.0,0.0,0.0,5,23.0,18.0,67,1015.2,284,5.5,-9900,-9900,0.0,0.0
2021,3,1,13,60,0.0,0.0,0.0,0.0,0.0,5,22.3,17.3,69,1015.6,273,3.7,-9900,-9900,0.0,0.0
2021,3,1,14,60,0.0,0.0,0.0,0.0,0.0,5,21.8,16.8,71,1015.9,268,3.7,-9900,-9900,0.0,0.0
2021,3,1,15,60,0.0,0.0,0.0,0.0,0.0,5,21.3,16.3,74,1016.2,263,3.7,-9900,-9900,0.0,0.0
2021,3,1,16,60,0.0,0.0,0.0,0.0,0.0,5,20.8,15.8,76,1016.5,255,3.7,-9900,-9900,0.0,0.0
2021,3,1,17,60,0.0,0.0,0.0,0.0,0.0,5,20.9,15.9,83,1016.0,203,3.7,-9900,-9900,0.0,0.0
2021,3,1,18,60,0.0,0.0,0.0,0.0,0.0,5,20.4,15.4,84,1016.1,204,3.7,-9900,-9900,0.0,0.0
2021,3,1,19,60,0.0,0.0,0.0,0.0,0.0,5,19.9,14.9,85,1016.3,204,3.7,-9900,-9900,0.0,0.0
2021,3,1,20,60,0.0,0.0,0.0,0.0,0.0,5,19.2,14.2,85,1016.9,84,3.7,-9900,-9900,0.0,0.0
2021,3,1,21,60,0.0,0.0,0.0,0.0,0.0,5,18.4,13.4,86,1017.6,72,5.5,-9900,-9900,0.0,0.0
2021,3,1,22,60,0.0,0.0,0.0,0.0,0.0,5,17.7,12.7,87,1018.2,69,5.5,-9900,-9900,0.0,0.0
2021,3,1,23,60,0.0,0.0,0.0,0.0,0.0,5,18.9,13.9,81,1018.8,74,5.5,-9900,-9900,0.0,0.0
2021,3,1,24,60,0.0,0.0,0.0,0.0,0.0,5,18.4,13.4,81,1020.1,67,5.5,-9900,-9900,0.0,0.0
2021,3,2,1,60,0.0,0.0,0.0,0.0,0.0,5,17.9,12.9,80,1021.4,63,7.4,-9900,-9900,0.0,0.0
2021,3,2,2,60,0.0,0.0,0.0,0.0,0.0,5,17.3,12.3,81,1021.9,63,7.4,-9900,-9900,0.0,0.0
2021,3,2,3,60,0.0,0.0,0.0,0.0,0.0,5,16.8,11.8,81,1022.4,63,9.3,-9900,-9900,0.0,0.0
2021,3,2,4,60,0.0,0.0,0.0,0.0,0.0,5,16.3,11.3,81,1022.9,64,11.1,-9900,-9900,0.0,0.0
2021,3,2,5,60,0.0,0.0,0.0,0.0,0.0,5,14.5,9.5,85,1023.9,70,9.3,-9900,-9900,0.0,0.0
2021,3,2,6,60,0.0,0.0,0.0,0.0,0.0,5,14.7,9.7,83,1023.2,64,11.1,-9900,-9900,0.0,0.0
2021,3,2,7,60,0.0,0.0,0.0,0.0,0.0,5,15.0,10.0,81,1022.5,60,11.1,-9900,-9900,0.0,0.0
2021,3,2,8,60,0.0,0.0,0.0,0.0,0.0,5,14.9,9.9,81,1022.6,65,11.1,-9900,-9900,0.0,0.0
2021,3,2,9,60,0.0,0.0,0.0,0.0,0.0,5,14.8,9.8,81,1022.6,69,13.0,-9900,-9900,0.0,0.0
2021,3,2,10,60,0.0,0.0,0.0,0.0,0.0,5,14.8,9.8,80,1022.7,74,13.0,-9900,-9900,0.0,0.0
2021,3,2,11,60,0.0,0.0,0.0,0.0,0.0,5,15.5,10.5,79,1023.1,76,14.8,-9900,-9900,0.0,0.0
2021,3,2,12,60,0.0,0.0,0.0,0.0,0.0,5,15.3,10.3,80,1023.5,76,13.0,-9900,-9900,0.0,0.0
2021,3,2,13,60,0.0,0.0,0.0,0.0,0.0,5,15.1,10.1,80,1023.9,77,13.0,-9900,-9900,0.0,0.0
2021,3,2,14,60,0.0,0.0,0.0,0.0,0.0,5,15.4,10.4,78,1024.0,78,13.0,-9900,-9900,0.0,0.0
2021,3,2,15,60,0.0,0.0,0.0,0.0,0.0,5,15.6,10.6,77,1024.0,79,13.0,-9900,-9900,0.0,0.0
2021,3,2,16,60,0.0,0.0,0.0,0.0,0.0,5,15.8,10.8,76,1024.1,80,13.0,-9900,-9900,0.0,0.0
2021,3,2,17,60,0.0,0.0,0.0,0.0,0.0,5,15.2,10.2,85,1023.8,89,14.8,-9900,-9900,0.0,0.0
2021,3,2,18,60,0.0,0.0,0.0,0.0,0.0,5,15.3,10.3,83,1023.3,85,14.8,-9900,-9900,0.0,0.0
2021,3,2,19,60,0.0,0.0,0.0,0.0,0.0,5,15.4,10.4,82,1022.8,81,14.8,-9900,-9900,0.0,0.0
2021,3,2,20,60,0.0,0.0,0.0,0.0,0.0,5,15.4,10.4,82,1022.5,81,14.8,-9900,-9900,0.0,0.0
2021,3,2,21,60,0.0,0.0,0.0,0.0,0.0,5,15.5,10.5,82,1022.2,81,13.0,-9900,-9900,0.0,0.0
2021,3,2,22,60,0.0,0.0,0.0,0.0,0.0,5,15.5,10.5,83,1021.9,81,11.1,-9900,-9900,0.0,0.0
2021,3,2,23,60,0.0,0.0,0.0,0.0,0.0,5,15.0,10.0,89,1022.4,85,13.0,-9900,-9900,0.0,0.0
2021,3,2,24,60,0.0,0.0,0.0,0.0,0.0,5,15.2,10.2,89,1022.6,84,13.0,-9900,-9900,0.0,0.0
2021,3,3,1,60,0.0,0.0,0.0,0.0,0.0,5,15.5,10.5,88,1022.7,83,13.0,-9900,-9900,0.0,0.0
2021,3,3,2,60,0.0,0.0,0.0,0.0,0.0,5,16.1,11.1,86,1022.5,81,13.0,-9900,-9900,0.0,0.0
2021,3,3,3,60,0.0,0.0,0.0,0.0,0.0,5,16.8,11.8,84,1022.3,80,14.8,-9900,-9900,0.0,0.0
2021,3,3,4,60,0.0,0.0,0.0,0.0,0.0,5,17.5,12.5,82,1022.1,78,14.8,-9900,-9900,0.0,0.0
2021,3,3,5,60,0.0,0.0,0.0,0.0,0.0,5,18.1,13.1,78,1021.2,83,14.8,-9900,-9900,0.0,0.0
2021,3,3,6,60,0.0,0.0,0.0,0.0,0.0,5,18.2,13.2,77,1020.4,80,14.8,-9900,-9900,0.0,0.0
2021,3,3,7,60,0.0,0.0,0.0,0.0,0.0,5,18.4,13.4,76,1019.6,78,13.0,-9900,-9900,0.0,0.0
2021,3,3,8,60,0.0,0.0,0.0,0.0,0.0,5,18.3,13.3,77,1019.4,79,13.0,-9900,-9900,0.0,0.0
2021,3,3,9,60,0.0,0.0,0.0,0.0,0.0,5,18.1,13.1,77,1019.3,80,11.1,-9900,-9900,0.0,0.0
2021,3,3,10,60,0.0,0.0,0.0,0.0,0.0,5,18.0,13.0,77,1019.1,81,11.1,-9900,-9900,0.0,0.0
2021,3,3,11,60,0.0,0.0,0.0,0.0,0.0,5,17.9,12.9,78,1019.6,86,13.0,-9900,-9900,0.0,0.0
2021,3,3,12,60,0.0,0.0,0.0,0.0,0.0,5,17.9,12.9,78,1019.7,85,11.1,-9900,-9900,0.0,0.0
2021,3,3,13,60,0.0,0.0,0.0,0.0,0.0,5,17.9,12.9,79,1019.9,84,11.1,-9900,-9900,0.0,0.0
2021,3,3,14,60,0.0,0.0,0.0,0.0,0.0,5,17.9,12.9,80,1019.9,84,9.3,-9900,-9900,0.0,0.0
2021,3,3,15,60,0.0,0.0,0.0,0.0,0.0,5,18.0,13.0,81,1019.9,85,7.4,-9900,-9900,0.0,0.0
2021,3,3,16,60,0.0,0.0,0.0,0.0,0.0,5,18.1,13.1,81,1019.9,87,7.4,-9900,-9900,0.0,0.0
2021,3,3,17,60,0.0,0.0,0.0,0.0,0.0,5,17.6,12.6,90,1019.3,100,9.3,-9900,-9900,0.0,0.0
2021,3,3,18,60,0.0,0.0,0.0,0.0,0.0,5,17.4,12.4,90,1019.1,108,7.4,-9900,-9900,0.0,0.0
2021,3,3,19,60,0.0,0.0,0.0,0.0,0.0,5,17.1,12.1,91,1019.0,139,3.7,-9900,-9900,0.0,0.0
2021,3,3,20,60,0.0,0.0,0.0,0.0,0.0,5,17.0,12.0,91,1018.8,167,3.7,-9900,-9900,0.0,0.0
2021,3,3,21,60,0.0,0.0,0.0,0.0,0.0,5,16.9,11.9,91,1018.6,202,3.7,-9900,-9900,0.0,0.0
2021,3,3,22,60,0.0,0.0,0.0,0.0,0.0,5,16.8,11.8,91,1018.5,226,3.7,-9900,-9900,0.0,0.0
2021,3,3,23,60,0.0,0.0,0.0,0.0,0.0,5,17.2,12.2,92,1019.7,212,3.7,-9900,-9900,0.0,0.0
2021,3,3,24,60,0.0,0.0,0.0,0.0,0.0,5,17.4,12.4,91,1020.0,219,3.7,-9900,-9900,0.0,0.0
2021,3,4,1,60,0.0,0.0,0.0,0.0,0.0,5,17.7,12.7,90,1020.3,228,3.7,-9900,-9900,0.0,0.0
2021,3,4,2,60,0.0,0.0,0.0,0.0,0.0,5,18.9,13.9,85,1020.1,253,3.7,-9900,-9900,0.0,0.0
2021,3,4,3,60,0.0,0.0,0.0,0.0,0.0,5,20.1,15.1,81,1019.9,274,3.7,-9900,-9900,0.0,0.0
2021,3,4,4,60,0.0,0.0,0.0,0.0,0.0,5,21.3,16.3,76,1019.6,289,3.7,-9900,-9900,0.0,0.0
2021,3,4,5,60,0.0,0.0,0.0,0.0,0.0,5,20.4,15.4,78,1019.0,311,5.5,-9900,-9900,0.0,0.0
2021,3,4,6,60,0.0,0.0,0.0,0.0,0.0,5,20.6,15.6,77,1018.2,310,5.5,-9900,-9900,0.0,0.0
2021,3,4,7,60,0.0,0.0,0.0,0.0,0.0,5,20.9,15.9,76,1017.4,310,5.5,-9900,-9900,0.0,0.0
2021,3,4,8,60,0.0,0.0,0.0,0.0,0.0,5,20.6,15.6,76,1017.5,313,5.5,-9900,-9900,0.0,0.0
2021,3,4,9,60,0.0,0.0,0.0,0.0,0.0,5,20.2,15.2,78,1017.5,318,5.5,-9900,-9900,0.0,0.0
2021,3,4,10,60,0.0,0.0,0.0,0.0,0.0,5,19.8,14.8,79,1017.5,324,5.5,-9900,-9900,0.0,0.0
2021,3,4,11,60,0.0,0.0,0.0,0.0,0.0,5,19.3,14.3,83,1018.2,309,7.4,-9900,-9900,0.0,0.0
2021,3,4,12,60,0.0,0.0,0.0,0.0,0.0,5,18.9,13.9,84,1018.7,329,5.5,-9900,-9900,0.0,0.0
2021,3,4,13,60,0.0,0.0,0.0,0.0,0.0,5,18.5,13.5,85,1019.1,87,5.5,-9900,-9900,0.0,0.0
2021,3,4,14,60,0.0,0.0,0.0,0.0,0.0,5,18.3,13.3,86,1019.3,82,5.5,-9900,-9900,0.0,0.0
2021,3,4,15,60,0.0,0.0,0.0,0.0,0.0,5,18.2,13.2,86,1019.5,80,5.5,-9900,-9900,0.0,0.0
2021,3,4,16,60,0.0,0.0,0.0,0.0,0.0,5,18.0,13.0,88,1019.7,78,5.5,-9900,-9900,0.0,0.0
2021,3,4,17,60,0.0,0.0,0.0,0.0,0.0,5,18.1,13.1,89,1019.5,99,5.5,-9900,-9900,0.0,0.0
2021,3,4,18,60,0.0,0.0,0.0,0.0,0.0,5,17.9,12.9,89,1019.2,93,5.5,-9900,-9900,0.0,0.0
2021,3,4,19,60,0.0,0.0,0.0,0.0,0.0,5,17.7,12.7,90,1018.9,87,5.5,-9900,-9900,0.0,0.0
2021,3,4,20,60,0.0,0.0,0.0,0.0,0.0,5,17.7,12.7,90,1018.7,87,7.4,-9900,-9900,0.0,0.0
2021,3,4,21,60,0.0,0.0,0.0,0.0,0.0,5,17.7,12.7,90,1018.5,88,7.4,-9900,-9900,0.0,0.0
2021,3,4,22,60,0.0,0.0,0.0,0.0,0.0,5,17.8,12.8,90,1018.3,88,7.4,-9900,-9900,0.0,0.0
2021,3,4,23,60,0.0,0.0,0.0,0.0,0.0,5,17.6,12.6,92,1018.8,87,13.0,-9900,-9900,0.0,0.0
2021,3,4,24,60,0.0,0.0,0.0,0.0,0.0,5,18.1,13.1,89,1019.0,84,13.0,-9900,-9900,0.0,0.0
2021,3,5,1,60,0.0,0.0,0.0,0.0,0.0,5,18.7,13.7,86,1019.2,81,13.0,-9900,-9900,0.0,0.0
2021,3,5,2,60,0.0,0.0,0.0,0.0,0.0,5,19.7,14.7,83,1019.0,80,13.0,-9900,-9900,0.0,0.0
2021,3,5,3,60,0.0,0.0,0.0,0.0,0.0,5,20.8,15.8,79,1018.7,79,13.0,-9900,-9900,0.0,0.0
2021,3,5,4,60,0.0,0.0,0.0,0.0,0.0,5,21.8,16.8,76,1018.5,78,13.0,-9900,-9900,0.0,0.0
2021,3,5,5,60,0.0,0.0,0.0,0.0,0.0,5,22.8,17.8,72,1017.4,85,14.8,-9900,-9900,0.0,0.0
2021,3,5,6,60,0.0,0.0,0.0,0.0,0.0,5,23.0,18.0,71,1016.6,85,13.0,-9900,-9900,0.0,0.0
2021,3,5,7,60,0.0,0.0,0.0,0.0,0.0,5,23.1,18.1,71,1015.8,85,13.0,-9900,-9900,0.0,0.0
2021,3,5,8,60,0.0,0.0,0.0,0.0,0.0,5,22.5,17.5,73,1015.9,85,13.0,-9900,-9900,0.0,0.0
2021,3,5,9,60,0.0,0.0,0.0,0.0,0.0,5,21.9,16.9,75,1016.0,85,13.0,-9900,-9900,0.0,0.0
2021,3,5,10,60,0.0,0.0,0.0,0.0,0.0,5,21.2,16.2,78,1016.1,84,11.1,-9900,-9900,0.0,0.0
2021,3,5,11,60,0.0,0.0,0.0,0.0,0.0,5,21.4,16.4,79,1016.0,91,11.1,-9900,-9900,0.0,0.0
2021,3,5,12,60,0.0,0.0,0.0,0.0,0.0,5,21.1,16.1,81,1016.3,87,11.1,-9900,-9900,0.0,0.0
2021,3,5,13,60,0.0,0.0,0.0,0.0,0.0,5,20.8,15.8,82,1016.7,84,11.1,-9900,-9900,0.0,0.0
2021,3,5,14,60,0.0,0.0,0.0,0.0,0.0,5,20.8,15.8,82,1016.8,83,9.3,-9900,-9900,0.0,0.0
2021,3,5,15,60,0.0,0.0,0.0,0.0,0.0,5,20.7,15.7,83,1016.8,83,7.4,-9900,-9900,0.0,0.0
2021,3,5,16,60,0.0,0.0,0.0,0.0,0.0,5,20.6,15.6,84,1016.9,82,7.4,-9900,-9900,0.0,0.0
2021,3,5,17,60,0.0,0.0,0.0,0.0,0.0,5,20.9,15.9,86,1016.2,105,7.4,-9900,-9900,0.0,0.0
2021,3,5,18,60,0.0,0.0,0.0,0.0,0.0,5,20.6,15.6,86,1016.1,115,5.5,-9900,-9900,0.0,0.0
2021,3,5,19,60,0.0,0.0,0.0,0.0,0.0,5,20.2,15.2,88,1015.9,135,5.5,-9900,-9900,0.0,0.0
2021,3,5,20,60,0.0,0.0,0.0,0.0,0.0,5,20.0,15.0,88,1015.8,149,3.7,-9900,-9900,0.0,0.0
2021,3,5,21,60,0.0,0.0,0.0,0.0,0.0,5,19.7,14.7,90,1015.8,174,3.7,-9900,-9900,0.0,0.0
2021,3,5,22,60,0.0,0.0,0.0,0.0,0.0,5,19.4,14.4,91,1015.7,210,3.7,-9900,-9900,0.0,0.0
2021,3,5,23,60,0.0,0.0,0.0,0.0,0.0,5,19.3,14.3,96,1016.6,225,3.7,-9900,-9900,0.0,0.0
2021,3,5,24,60,0.0,0.0,0.0,0.0,0.0,5,19.6,14.6,95,1017.1,224,3.7,-9900,-9900,0.0,0.0
2021,3,6,1,60,0.0,0.0,0.0,0.0,0.0,5,19.9,14.9,94,1017.6,223,3.7,-9900,-9900,0.0,0.0
2021,3,6,2,60,0.0,0.0,0.0,0.0,0.0,5,21.1,16.1,88,1017.6,248,3.7,-9900,-9900,0.0,0.0
2021,3,6,3,60,0.0,0.0,0.0,0.0,0.0,5,22.2,17.2,84,1017.6,270,5.5,-9900,-9900,0.0,0.0
2021,3,6,4,60,0.0,0.0,0.0,0.0,0.0,5,23.4,18.4,80,1017.6,286,5.5,-9900,-9900,0.0,0.0
2021,3,6,5,60,0.0,0.0,0.0,0.0,0.0,5,23.0,18.0,79,1016.7,304,5.5,-9900,-9900,0.0,0.0
2021,3,6,6,60,0.0,0.0,0.0,0.0,0.0,5,22.5,17.5,80,1016.2,304,5.5,-9900,-9900,0.0,0.0
2021,3,6,7,60,0.0,0.0,0.0,0.0,0.0,5,22.0,17.0,81,1015.8,303,5.5,-9900,-9900,0.0,0.0
2021,3,6,8,60,0.0,0.0,0.0,0.0,0.0,5,21.5,16.5,83,1016.1,304,5.5,-9900,-9900,0.0,0.0
2021,3,6,9,60,0.0,0.0,0.0,0.0,0.0,5,21.0,16.0,84,1016.3,304,5.5,-9900,-9900,0.0,0.0
2021,3,6,10,60,0.0,0.0,0.0,0.0,0.0,5,20.5,15.5,86,1016.6,305,5.5,-9900,-9900,0.0,0.0
2021,3,6,11,60,0.0,0.0,0.0,0.0,0.0,5,17.7,12.7,90,1018.7,299,5.5,-9900,-9900,0.0,0.0
2021,3,6,12,60,0.0,0.0,0.0,0.0,0.0,5,17.8,12.8,90,1019.0,24,5.5,-9900,-9900,0.0,0.0
2021,3,6,13,60,0.0,0.0,0.0,0.0,0.0,5,17.9,12.9,89,1019.2,91,5.5,-9900,-9900,0.0,0.0
2021,3,6,14,60,0.0,0.0,0.0,0.0,0.0,5,18.0,13.0,88,1019.3,83,5.5,-9900,-9900,0.0,0.0
2021,3,6,15,60,0.0,0.0,0.0,0.0,0.0,5,18.1,13.1,87,1019.4,77,5.5,-9900,-9900,0.0,0.0
2021,3,6,16,60,0.0,0.0,0.0,0.0,0.0,5,18.2,13.2,86,1019.4,72,5.5,-9900,-9900,0.0,0.0
2021,3,6,17,60,0.0,0.0,0.0,0.0,0.0,5,17.8,12.8,94,1018.8,74,5.5,-9900,-9900,0.0,0.0
2021,3,6,18,60,0.0,0.0,0.0,0.0,0.0,5,17.6,12.6,93,1018.6,69,5.5,-9900,-9900,0.0,0.0
2021,3,6,19,60,0.0,0.0,0.0,0.0,0.0,5,17.5,12.5,93,1018.4,65,5.5,-9900,-9900,0.0,0.0
2021,3,6,20,60,0.0,0.0,0.0,0.0,0.0,5,17.4,12.4,93,1018.4,69,5.5,-9900,-9900,0.0,0.0
2021,3,6,21,60,0.0,0.0,0.0,0.0,0.0,5,17.3,12.3,93,1018.4,73,5.5,-9900,-9900,0.0,0.0
2021,3,6,22,60,0.0,0.0,0.0,0.0,0.0,5,17.2,12.2,94,1018.5,79,5.5,-9900,-9900,0.0,0.0
2021,3,6,23,60,0.0,0.0,0.0,0.0,0.0,5,17.0,12.0,96,1019.7,94,9.3,-9900,-9900,0.0,0.0
2021,3,6,24,60,0.0,0.0,0.0,0.0,0.0,5,17.1,12.1,95,1020.3,89,9.3,-9900,-9900,0.0,0.0
2021,3,7,1,60,0.0,0.0,0.0,0.0,0.0,5,17.1,12.1,94,1020.9,84,9.3,-9900,-9900,0.0,0.0
2021,3,7,2,60,0.0,0.0,0.0,0.0,0.0,5,17.5,12.5,93,1020.9,79,9.3,-9900,-9900,0.0,0.0
2021,3,7,3,60,0.0,0.0,0.0,0.0,0.0,5,17.9,12.9,91,1020.9,75,9.3,-9900,-9900,0.0,0.0
2021,3,7,4,60,0.0,0.0,0.0,0.0,0.0,5,18.3,13.3,89,1020.9,71,9.3,-9900,-9900,0.0,0.0
2021,3,7,5,60,0.0,0.0,0.0,0.0,0.0,5,18.8,13.8,88,1020.5,76,11.1,-9900,-9900,0.0,0.0
2021,3,7,6,60,0.0,0.0,0.0,0.0,0.0,5,18.6,13.6,87,1019.8,69,11.1,-9900,-9900,0.0,0.0
2021,3,7,7,60,0.0,0.0,0.0,0.0,0.0,5,18.4,13.4,86,1019.1,60,9.3,-9900,-9900,0.0,0.0
2021,3,7,8,60,0.0,0.0,0.0,0.0,0.0,5,18.2,13.2,85,1019.3,62,9.3,-9900,-9900,0.0,0.0
2021,3,7,9,60,0.0,0.0,0.0,0.0,0.0,5,17.9,12.9,85,1019.5,64,9.3,-9900,-9900,0.0,0.0
2021,3,7,10,60,0.0,0.0,0.0,0.0,0.0,5,17.7,12.7,85,1019.6,66,9.3,-9900,-9900,0.0,0.0
2021,3,7,11,60,0.0,0.0,0.0,0.0,0.0,5,17.6,12.6,87,1020.4,85,7.4,-9900,-9900,0.0,0.0
2021,3,7,12,60,0.0,0.0,0.0,0.0,0.0,5,17.4,12.4,87,1020.9,87,9.3,-9900,-9900,0.0,0.0
2021,3,7,13,60,0.0,0.0,0.0,0.0,0.0,5,17.3,12.3,87,1021.5,89,9.3,-9900,-9900,0.0,0.0
2021,3,7,14,60,0.0,0.0,0.0,0.0,0.0,5,17.3,12.3,87,1021.9,87,7.4,-9900,-9900,0.0,0.0
2021,3,7,15,60,0.0,0.0,0.0,0.0,0.0,5,17.3,12.3,86,1022.2,84,7.4,-9900,-9900,0.0,0.0
2021,3,7,16,60,0.0,0.0,0.0,0.0,0.0,5,17.3,12.3,86,1022.5,81,7.4,-9900,-9900,0.0,0.0
2021,3,7,17,60,0.0,0.0,0.0,0.0,0.0,5,16.6,11.6,95,1022.0,97,5.5,-9900,-9900,0.0,0.0
2021,3,7,18,60,0.0,0.0,0.0,0.0,0.0,5,16.4,11.4,94,1021.7,87,5.5,-9900,-9900,0.0,0.0
2021,3,7,19,60,0.0,0.0,0.0,0.0,0.0,5,16.3,11.3,93,1021.4,79,5.5,-9900,-9900,0.0,0.0
2021,3,7,20,60,0.0,0.0,0.0,0.0,0.0,5,16.3,11.3,92,1021.3,81,5.5,-9900,-9900,0.0,0.0
2021,3,7,21,60,0.0,0.0,0.0,0.0,0.0,5,16.2,11.2,91,1021.2,85,5.5,-9900,-9900,0.0,0.0
2021,3,7,22,60,0.0,0.0,0.0,0.0,0.0,5,16.2,11.2,90,1021.0,89,3.7,-9900,-9900,0.0,0.0
2021,3,7,23,60,0.0,0.0,0.0,0.0,0.0,5,17.4,12.4,86,1021.6,108,7.4,-9900,-9900,0.0,0.0
2021,3,7,24,60,0.0,0.0,0.0,0.0,0.0,5,17.5,12.5,85,1022.1,98,9.3,-9900,-9900,0.0,0.0
2021,3,8,1,60,0.0,0.0,0.0,0.0,0.0,5,17.7,12.7,85,1022.6,89,9.3,-9900,-9900,0.0,0.0
2021,3,8,2,60,0.0,0.0,0.0,0.0,0.0,5,18.3,13.3,82,1022.5,81,11.1,-9900,-9900,0.0,0.0
2021,3,8,3,60,0.0,0.0,0.0,0.0,0.0,5,18.9,13.9,80,1022.4,75,13.0,-9900,-9900,0.0,0.0
2021,3,8,4,60,0.0,0.0,0.0,0.0,0.0,5,19.5,14.5,77,1022.3,71,13.0,-9900,-9900,0.0,0.0
2021,3,8,5,60,0.0,0.0,0.0,0.0,0.0,5,19.8,14.8,79,1021.6,71,11.1,-9900,-9900,0.0,0.0
2021,3,8,6,60,0.0,0.0,0.0,0.0,0.0,5,19.8,14.8,78,1020.8,66,13.0,-9900,-9900,0.0,0.0
2021,3,8,7,60,0.0,0.0,0.0,0.0,0.0,5,19.8,14.8,76,1020.0,62,13.0,-9900,-9900,0.0,0.0
2021,3,8,8,60,0.0,0.0,0.0,0.0,0.0,5,19.4,14.4,77,1020.1,65,13.0,-9900,-9900,0.0,0.0
2021,3,8,9,60,0.0,0.0,0.0,0.0,0.0,5,18.9,13.9,78,1020.1,68,13.0,-9900,-9900,0.0,0.0
2021,3,8,10,60,0.0,0.0,0.0,0.0,0.0,5,18.5,13.5,78,1020.1,71,13.0,-9900,-9900,0.0,0.0
2021,3,8,11,60,0.0,0.0,0.0,0.0,0.0,5,18.4,13.4,81,1020.6,79,14.8,-9900,-9900,0.0,0.0
2021,3,8,12,60,0.0,0.0,0.0,0.0,0.0,5,18.3,13.3,81,1021.0,78,13.0,-9900,-9900,0.0,0.0
2021,3,8,13,60,0.0,0.0,0.0,0.0,0.0,5,18.2,13.2,81,1021.3,77,13.0,-9900,-9900,0.0,0.0
2021,3,8,14,60,0.0,0.0,0.0,0.0,0.0,5,18.2,13.2,81,1021.4,77,11.1,-9900,-9900,0.0,0.0
2021,3,8,15,60,0.0,0.0,0.0,0.0,0.0,5,18.3,13.3,81,1021.4,77,11.1,-9900,-9900,0.0,0.0
2021,3,8,16,60,0.0,0.0,0.0,0.0,0.0,5,18.3,13.3,81,1021.5,76,9.3,-9900,-9900,0.0,0.0
2021,3,8,17,60,0.0,0.0,0.0,0.0,0.0,5,17.9,12.9,90,1020.8,87,11.1,-9900,-9900,0.0,0.0
2021,3,8,18,60,0.0,0.0,0.0,0.0,0.0,5,17.8,12.8,90,1020.4,84,11.1,-9900,-9900,0.0,0.0
2021,3,8,19,60,0.0,0.0,0.0,0.0,0.0,5,17.7,12.7,89,1020.0,80,9.3,-9900,-9900,0.0,0.0
2021,3,8,20,60,0.0,0.0,0.0,0.0,0.0,5,17.6,12.6,89,1020.0,81,9.3,-9900,-9900,0.0,0.0
2021,3,8,21,60,0.0,0.0,0.0,0.0,0.0,5,17.6,12.6,88,1019.9,83,7.4,-9900,-9900,0.0,0.0
2021,3,8,22,60,0.0,0.0,0.0,0.0,0.0,5,17.5,12.5,87,1019.8,85,5.5,-9900,-9900,0.0,0.0
2021,3,8,23,60,0.0,0.0,0.0,0.0,0.0,5,18.0,13.0,92,1020.3,93,9.3,-9900,-9900,0.0,0.0
2021,3,8,24,60,0.0,0.0,0.0,0.0,0.0,5,18.3,13.3,90,1020.9,90,9.3,-9900,-9900,0.0,0.0
2021,3,9,1,60,0.0,0.0,0.0,0.0,0.0,5,18.6,13.6,89,1021.5,86,9.3,-9900,-9900,0.0,0.0
2021,3,9,2,60,0.0,0.0,0.0,0.0,0.0,5,19.6,14.6,85,1021.5,79,9.3,-9900,-9900,0.0,0.0
2021,3,9,3,60,0.0,0.0,0.0,0.0,0.0,5,20.6,15.6,81,1021.6,72,11.1,-9900,-9900,0.0,0.0
2021,3,9,4,60,0.0,0.0,0.0,0.0,0.0,5,21.5,16.5,77,1021.6,66,11.1,-9900,-9900,0.0,0.0
2021,3,9,5,60,0.0,0.0,0.0,0.0,0.0,5,21.2,16.2,81,1021.2,73,13.0,-9900,-9900,0.0,0.0
2021,3,9,6,60,0.0,0.0,0.0,0.0,0.0,5,21.5,16.5,78,1020.3,68,13.0,-9900,-9900,0.0,0.0
2021,3,9,7,60,0.0,0.0,0.0,0.0,0.0,5,21.8,16.8,75,1019.4,63,13.0,-9900,-9900,0.0,0.0
2021,3,9,8,60,0.0,0.0,0.0,0.0,0.0,5,21.2,16.2,76,1019.6,64,13.0,-9900,-9900,0.0,0.0
2021,3,9,9,60,0.0,0.0,0.0,0.0,0.0,5,20.6,15.6,77,1019.8,64,13.0,-9900,-9900,0.0,0.0
2021,3,9,10,60,0.0,0.0,0.0,0.0,0.0,5,20.1,15.1,77,1020.0,65,13.0,-9900,-9900,0.0,0.0
2021,3,9,11,60,0.0,0.0,0.0,0.0,0.0,5,20.7,15.7,77,1020.3,79,14.8,-9900,-9900,0.0,0.0
2021,3,9,12,60,0.0,0.0,0.0,0.0,0.0,5,20.1,15.1,78,1021.0,78,14.8,-9900,-9900,0.0,0.0
2021,3,9,13,60,0.0,0.0,0.0,0.0,0.0,5,19.6,14.6,79,1021.7,77,14.8,-9900,-9900,0.0,0.0
2021,3,9,14,60,0.0,0.0,0.0,0.0,0.0,5,19.3,14.3,79,1022.2,78,14.8,-9900,-9900,0.0,0.0
2021,3,9,15,60,0.0,0.0,0.0,0.0,0.0,5,19.1,14.1,79,1022.6,79,14.8,-9900,-9900,0.0,0.0
2021,3,9,16,60,0.0,0.0,0.0,0.0,0.0,5,18.9,13.9,78,1023.0,81,13.0,-9900,-9900,0.0,0.0
2021,3,9,17,60,0.0,0.0,0.0,0.0,0.0,5,18.6,13.6,86,1022.6,85,14.8,-9900,-9900,0.0,0.0
2021,3,9,18,60,0.0,0.0,0.0,0.0,0.0,5,18.4,13.4,85,1022.3,82,14.8,-9900,-9900,0.0,0.0
2021,3,9,19,60,0.0,0.0,0.0,0.0,0.0,5,18.2,13.2,85,1022.1,79,13.0,-9900,-9900,0.0,0.0
2021,3,9,20,60,0.0,0.0,0.0,0.0,0.0,5,18.2,13.2,84,1022.1,80,13.0,-9900,-9900,0.0,0.0
2021,3,9,21,60,0.0,0.0,0.0,0.0,0.0,5,18.2,13.2,83,1022.2,80,13.0,-9900,-9900,0.0,0.0
2021,3,9,22,60,0.0,0.0,0.0,0.0,0.0,5,18.2,13.2,82,1022.2,81,13.0,-9900,-9900,0.0,0.0
2021,3,9,23,60,0.0,0.0,0.0,0.0,0.0,5,18.5,13.5,82,1022.6,83,14.8,-9900,-9900,0.0,0.0
2021,3,9,24,60,0.0,0.0,0.0,0.0,0.0,5,18.6,13.6,82,1023.2,81,14.8,-9900,-9900,0.0,0.0
2021,3,10,1,60,0.0,0.0,0.0,0.0,0.0,5,18.8,13.8,81,1023.8,78,14.8,-9900,-9900,0.0,0.0
2021,3,10,2,60,0.0,0.0,0.0,0.0,0.0,5,19.1,14.1,80,1023.8,79,16.7,-9900,-9900,0.0,0.0
2021,3,10,3,60,0.0,0.0,0.0,0.0,0.0,5,19.4,14.4,78,1023.7,79,16.7,-9900,-9900,0.0,0.0
2021,3,10,4,60,0.0,0.0,0.0,0.0,0.0,5,19.7,14.7,77,1023.7,79,18.5,-9900,-9900,0.0,0.0
2021,3,10,5,60,0.0,0.0,0.0,0.0,0.0,5,20.0,15.0,76,1022.9,82,16.7,-9900,-9900,0.0,0.0
2021,3,10,6,60,0.0,0.0,0.0,0.0,0.0,5,20.0,15.0,75,1022.1,79,18.5,-9900,-9900,0.0,0.0
2021,3,10,7,60,0.0,0.0,0.0,0.0,0.0,5,20.0,15.0,75,1021.3,76,18.5,-9900,-9900,0.0,0.0
2021,3,10,8,60,0.0,0.0,0.0,0.0,0.0,5,19.7,14.7,74,1021.4,78,16.7,-9900,-9900,0.0,0.0
2021,3,10,9,60,0.0,0.0,0.0,0.0,0.0,5,19.3,14.3,75,1021.5,81,16.7,-9900,-9900,0.0,0.0
2021,3,10,10,60,0.0,0.0,0.0,0.0,0.0,5,19.0,14.0,75,1021.6,84,16.7,-9900,-9900,0.0,0.0
2021,3,10,11,60,0.0,0.0,0.0,0.0,0.0,5,19.1,14.1,80,1021.6,75,16.7,-9900,-9900,0.0,0.0
2021,3,10,12,60,0.0,0.0,0.0,0.0,0.0,5,18.9,13.9,80,1022.0,74,16.7,-9900,-9900,0.0,0.0
2021,3,10,13,60,0.0,0.0,0.0,0.0,0.0,5,18.6,13.6,80,1022.3,73,14.8,-9900,-9900,0.0,0.0
2021,3,10,14,60,0.0,0.0,0.0,0.0,0.0,5,18.7,13.7,80,1022.3,74,14.8,-9900,-9900,0.0,0.0
2021,3,10,15,60,0.0,0.0,0.0,0.0,0.0,5,18.8,13.8,79,1022.2,74,14.8,-9900,-9900,0.0,0.0
2021,3,10,16,60,0.0,0.0,0.0,0.0,0.0,5,18.9,13.9,79,1022.2,74,14.8,-9900,-9900,0.0,0.0
2021,3,10,17,60,0.0,0.0,0.0,0.0,0.0,5,18.5,13.5,86,1021.7,85,14.8,-9900,-9900,0.0,0.0
2021,3,10,18,60,0.0,0.0,0.0,0.0,0.0,5,18.5,13.5,86,1021.2,82,13.0,-9900,-9900,0.0,0.0
2021,3,10,19,60,0.0,0.0,0.0,0.0,0.0,5,18.5,13.5,85,1020.7,79,13.0,-9900,-9900,0.0,0.0
2021,3,10,20,60,0.0,0.0,0.0,0.0,0.0,5,18.6,13.6,84,1020.5,80,11.1,-9900,-9900,0.0,0.0
2021,3,10,21,60,0.0,0.0,0.0,0.0,0.0,5,18.6,13.6,83,1020.3,82,9.3,-9900,-9900,0.0,0.0
2021,3,10,22,60,0.0,0.0,0.0,0.0,0.0,5,18.6,13.6,83,1020.1,84,9.3,-9900,-9900,0.0,0.0
2021,3,10,23,60,0.0,0.0,0.0,0.0,0.0,5,19.4,14.4,87,1020.4,71,11.1,-9900,-9900,0.0,0.0
2021,3,10,24,60,0.0,0.0,0.0,0.0,0.0,5,19.9,14.9,85,1020.8,74,11.1,-9900,-9900,0.0,0.0
2021,3,11,1,60,0.0,0.0,0.0,0.0,0.0,5,20.5,15.5,83,1021.1,77,9.3,-9900,-9900,0.0,0.0
2021,3,11,2,60,0.0,0.0,0.0,0.0,0.0,5,22.1,17.1,78,1020.7,73,9.3,-9900,-9900,0.0,0.0
2021,3,11,3,60,0.0,0.0,0.0,0.0,0.0,5,23.7,18.7,72,1020.3,67,7.4,-9900,-9900,0.0,0.0
2021,3,11,4,60,0.0,0.0,0.0,0.0,0.0,5,25.4,20.4,67,1019.9,57,7.4,-9900,-9900,0.0,0.0
2021,3,11,5,60,0.0,0.0,0.0,0.0,0.0,5,25.8,20.8,66,1019.1,61,9.3,-9900,-9900,0.0,0.0
2021,3,11,6,60,0.0,0.0,0.0,0.0,0.0,5,25.8,20.8,65,1018.2,40,7.4,-9900,-9900,0.0,0.0
2021,3,11,7,60,0.0,0.0,0.0,0.0,0.0,5,25.7,20.7,64,1017.4,2,7.4,-9900,-9900,0.0,0.0
2021,3,11,8,60,0.0,0.0,0.0,0.0,0.0,5,24.8,19.8,66,1017.5,358,5.5,-9900,-9900,0.0,0.0
2021,3,11,9,60,0.0,0.0,0.0,0.0,0.0,5,23.9,18.9,69,1017.6,355,5.5,-9900,-9900,0.0,0.0
2021,3,11,10,60,0.0,0.0,0.0,0.0,0.0,5,23.0,18.0,72,1017.6,350,5.5,-9900,-9900,0.0,0.0
2021,3,11,11,60,0.0,0.0,0.0,0.0,0.0,5,22.2,17.2,72,1018.4,325,7.4,-9900,-9900,0.0,0.0
2021,3,11,12,60,0.0,0.0,0.0,0.0,0.0,5,21.7,16.7,75,1018.8,332,5.5,-9900,-9900,0.0,0.0
2021,3,11,13,60,0.0,0.0,0.0,0.0,0.0,5,21.2,16.2,77,1019.2,351,3.7,-9900,-9900,0.0,0.0
2021,3,11,14,60,0.0,0.0,0.0,0.0,0.0,5,20.8,15.8,78,1019.5,337,3.7,-9900,-9900,0.0,0.0
2021,3,11,15,60,0.0,0.0,0.0,0.0,0.0,5,20.5,15.5,79,1019.8,298,3.7,-9900,-9900,0.0,0.0
2021,3,11,16,60,0.0,0.0,0.0,0.0,0.0,5,20.1,15.1,81,1020.2,242,3.7,-9900,-9900,0.0,0.0
2021,3,11,17,60,0.0,0.0,0.0,0.0,0.0,5,19.6,14.6,86,1019.8,273,3.7,-9900,-9900,0.0,0.0
2021,3,11,18,60,0.0,0.0,0.0,0.0,0.0,5,19.3,14.3,87,1019.6,257,3.7,-9900,-9900,0.0,0.0
2021,3,11,19,60,0.0,0.0,0.0,0.0,0.0,5,19.0,14.0,87,1019.4,249,3.7,-9900,-9900,0.0,0.0
2021,3,11,20,60,0.0,0.0,0.0,0.0,0.0,5,18.8,13.8,88,1019.4,233,3.7,-9900,-9900,0.0,0.0
2021,3,11,21,60,0.0,0.0,0.0,0.0,0.0,5,18.6,13.6,88,1019.4,209,3.7,-9900,-9900,0.0,0.0
2021,3,11,22,60,0.0,0.0,0.0,0.0,0.0,5,18.4,13.4,89,1019.4,182,3.7,-9900,-9900,0.0,0.0
2021,3,11,23,60,0.0,0.0,0.0,0.0,0.0,5,19.6,14.6,90,1019.6,168,5.5,-9900,-9900,0.0,0.0
2021,3,11,24,60,0.0,0.0,0.0,0.0,0.0,5,19.9,14.9,89,1020.3,157,5.5,-9900,-9900,0.0,0.0
2021,3,12,1,60,0.0,0.0,0.0,0.0,0.0,5,20.2,15.2,87,1020.9,112,3.7,-9900,-9900,0.0,0.0
2021,3,12,2,60,0.0,0.0,0.0,0.0,0.0,5,21.1,16.1,82,1020.8,63,5.5,-9900,-9900,0.0,0.0
2021,3,12,3,60,0.0,0.0,0.0,0.0,0.0,5,22.0,17.0,78,1020.8,54,7.4,-9900,-9900,0.0,0.0
2021,3,12,4,60,0.0,0.0,0.0,0.0,0.0,5,22.9,17.9,74,1020.7,51,7.4,-9900,-9900,0.0,0.0
2021,3,12,5,60,0.0,0.0,0.0,0.0,0.0,5,22.3,17.3,76,1020.1,56,9.3,-9900,-9900,0.0,0.0
2021,3,12,6,60,0.0,0.0,0.0,0.0,0.0,5,22.3,17.3,74,1019.4,57,11.1,-9900,-9900,0.0,0.0
2021,3,12,7,60,0.0,0.0,0.0,0.0,0.0,5,22.3,17.3,73,1018.8,57,13.0,-9900,-9900,0.0,0.0
2021,3,12,8,60,0.0,0.0,0.0,0.0,0.0,5,21.5,16.5,74,1019.0,61,13.0,-9900,-9900,0.0,0.0
2021,3,12,9,60,0.0,0.0,0.0,0.0,0.0,5,20.7,15.7,75,1019.2,65,13.0,-9900,-9900,0.0,0.0
2021,3,12,10,60,0.0,0.0,0.0,0.0,0.0,5,20.0,15.0,76,1019.4,69,13.0,-9900,-9900,0.0,0.0
2021,3,12,11,60,0.0,0.0,0.0,0.0,0.0,5,19.2,14.2,82,1020.4,80,14.8,-9900,-9900,0.0,0.0
2021,3,12,12,60,0.0,0.0,0.0,0.0,0.0,5,18.9,13.9,82,1021.0,79,14.8,-9900,-9900,0.0,0.0
2021,3,12,13,60,0.0,0.0,0.0,0.0,0.0,5,18.6,13.6,82,1021.5,78,14.8,-9900,-9900,0.0,0.0
2021,3,12,14,60,0.0,0.0,0.0,0.0,0.0,5,18.5,13.5,81,1021.8,77,14.8,-9900,-9900,0.0,0.0
2021,3,12,15,60,0.0,0.0,0.0,0.0,0.0,5,18.4,13.4,80,1022.1,77,14.8,-9900,-9900,0.0,0.0
2021,3,12,16,60,0.0,0.0,0.0,0.0,0.0,5,18.2,13.2,80,1022.5,77,16.7,-9900,-9900,0.0,0.0
2021,3,12,17,60,0.0,0.0,0.0,0.0,0.0,5,18.4,13.4,81,1022.0,90,14.8,-9900,-9900,0.0,0.0
2021,3,12,18,60,0.0,0.0,0.0,0.0,0.0,5,18.3,13.3,80,1021.7,85,16.7,-9900,-9900,0.0,0.0
2021,3,12,19,60,0.0,0.0,0.0,0.0,0.0,5,18.1,13.1,80,1021.4,81,16.7,-9900,-9900,0.0,0.0
2021,3,12,20,60,0.0,0.0,0.0,0.0,0.0,5,18.0,13.0,79,1021.1,80,14.8,-9900,-9900,0.0,0.0
2021,3,12,21,60,0.0,0.0,0.0,0.0,0.0,5,17.9,12.9,78,1020.8,78,14.8,-9900,-9900,0.0,0.0
2021,3,12,22,60,0.0,0.0,0.0,0.0,0.0,5,17.9,12.9,77,1020.4,76,14.8,-9900,-9900,0.0,0.0
2021,3,12,23,60,0.0,0.0,0.0,0.0,0.0,5,18.6,13.6,74,1021.2,82,14.8,-9900,-9900,0.0,0.0
2021,3,12,24,60,0.0,0.0,0.0,0.0,0.0,5,18.8,13.8,73,1021.7,80,14.8,-9900,-9900,0.0,0.0
2021,3,13,1,60,0.0,0.0,0.0,0.0,0.0,5,19.1,14.1,72,1022.1,77,14.8,-9900,-9900,0.0,0.0
2021,3,13,2,60,0.0,0.0,0.0,0.0,0.0,5,19.5,14.5,71,1021.8,75,14.8,-9900,-9900,0.0,0.0
2021,3,13,3,60,0.0,0.0,0.0,0.0,0.0,5,19.9,14.9,69,1021.6,73,16.7,-9900,-9900,0.0,0.0
2021,3,13,4,60,0.0,0.0,0.0,0.0,0.0,5,20.3,15.3,68,1021.3,72,16.7,-9900,-9900,0.0,0.0
2021,3,13,5,60,0.0,0.0,0.0,0.0,0.0,5,19.9,14.9,67,1020.3,77,16.7,-9900,-9900,0.0,0.0
2021,3,13,6,60,0.0,0.0,0.0,0.0,0.0,5,19.8,14.8,66,1019.5,74,16.7,-9900,-9900,0.0,0.0
2021,3,13,7,60,0.0,0.0,0.0,0.0,0.0,5,19.7,14.7,66,1018.7,70,16.7,-9900,-9900,0.0,0.0
2021,3,13,8,60,0.0,0.0,0.0,0.0,0.0,5,19.2,14.2,67,1018.6,71,14.8,-9900,-9900,0.0,0.0
2021,3,13,9,60,0.0,0.0,0.0,0.0,0.0,5,18.7,13.7,69,1018.5,72,14.8,-9900,-9900,0.0,0.0
2021,3,13,10,60,0.0,0.0,0.0,0.0,0.0,5,18.3,13.3,70,1018.5,73,14.8,-9900,-9900,0.0,0.0
2021,3,13,11,60,0.0,0.0,0.0,0.0,0.0,5,18.6,13.6,66,1019.0,87,14.8,-9900,-9900,0.0,0.0
2021,3,13,12,60,0.0,0.0,0.0,0.0,0.0,5,18.2,13.2,68,1019.3,87,14.8,-9900,-9900,0.0,0.0
2021,3,13,13,60,0.0,0.0,0.0,0.0,0.0,5,17.9,12.9,69,1019.6,87,13.0,-9900,-9900,0.0,0.0
2021,3,13,14,60,0.0,0.0,0.0,0.0,0.0,5,17.9,12.9,69,1019.6,86,13.0,-9900,-9900,0.0,0.0
2021,3,13,15,60,0.0,0.0,0.0,0.0,0.0,5,17.9,12.9,70,1019.7,85,13.0,-9900,-9900,0.0,0.0
2021,3,13,16,60,0.0,0.0,0.0,0.0,0.0,5,17.8,12.8,70,1019.7,84,11.1,-9900,-9900,0.0,0.0
2021,3,13,17,60,0.0,0.0,0.0,0.0,0.0,5,18.0,13.0,72,1019.1,98,11.1,-9900,-9900,0.0,0.0
2021,3,13,18,60,0.0,0.0,0.0,0.0,0.0,5,17.8,12.8,73,1018.9,94,11.1,-9900,-9900,0.0,0.0
2021,3,13,19,60,0.0,0.0,0.0,0.0,0.0,5,17.6,12.6,74,1018.7,89,9.3,-9900,-9900,0.0,0.0
2021,3,13,20,60,0.0,0.0,0.0,0.0,0.0,5,17.7,12.7,73,1018.5,89,9.3,-9900,-9900,0.0,0.0
2021,3,13,21,60,0.0,0.0,0.0,0.0,0.0,5,17.7,12.7,73,1018.3,90,9.3,-9900,-9900,0.0,0.0
2021,3,13,22,60,0.0,0.0,0.0,0.0,0.0,5,17.8,12.8,73,1018.1,90,9.3,-9900,-9900,0.0,0.0
2021,3,13,23,60,0.0,0.0,0.0,0.0,0.0,5,18.9,13.9,71,1018.3,87,14.8,-9900,-9900,0.0,0.0
2021,3,13,24,60,0.0,0.0,0.0,0.0,0.0,5,19.2,14.2,71,1018.8,85,13.0,-9900,-9900,0.0,0.0
2021,3,14,1,60,0.0,0.0,0.0,0.0,0.0,5,19.6,14.6,71,1019.3,83,13.0,-9900,-9900,0.0,0.0
2021,3,14,2,60,0.0,0.0,0.0,0.0,0.0,5,20.6,15.6,67,1019.1,80,13.0,-9900,-9900,0.0,0.0
2021,3,14,3,60,0.0,0.0,0.0,0.0,0.0,5,21.6,16.6,64,1018.8,77,14.8,-9900,-9900,0.0,0.0
2021,3,14,4,60,0.0,0.0,0.0,0.0,0.0,5,22.7,17.7,60,1018.6,74,14.8,-9900,-9900,0.0,0.0
2021,3,14,5,60,0.0,0.0,0.0,0.0,0.0,5,22.3,17.3,63,1017.9,82,16.7,-9900,-9900,0.0,0.0
2021,3,14,6,60,0.0,0.0,0.0,0.0,0.0,5,22.6,17.6,61,1017.0,79,16.7,-9900,-9900,0.0,0.0
2021,3,14,7,60,0.0,0.0,0.0,0.0,0.0,5,22.8,17.8,60,1016.1,75,16.7,-9900,-9900,0.0,0.0
2021,3,14,8,60,0.0,0.0,0.0,0.0,0.0,5,22.4,17.4,60,1016.0,77,16.7,-9900,-9900,0.0,0.0
2021,3,14,9,60,0.0,0.0,0.0,0.0,0.0,5,21.9,16.9,61,1016.0,79,16.7,-9900,-9900,0.0,0.0
2021,3,14,10,60,0.0,0.0,0.0,0.0,0.0,5,21.5,16.5,61,1015.9,80,16.7,-9900,-9900,0.0,0.0
2021,3,14,11,60,0.0,0.0,0.0,0.0,0.0,5,20.6,15.6,66,1016.3,81,16.7,-9900,-9900,0.0,0.0
2021,3,14,12,60,0.0,0.0,0.0,0.0,0.0,5,20.3,15.3,67,1016.6,78,16.7,-9900,-9900,0.0,0.0
2021,3,14,13,60,0.0,0.0,0.0,0.0,0.0,5,20.0,15.0,69,1016.9,75,14.8,-9900,-9900,0.0,0.0
2021,3,14,14,60,0.0,0.0,0.0,0.0,0.0,5,20.1,15.1,68,1017.0,76,14.8,-9900,-9900,0.0,0.0
2021,3,14,15,60,0.0,0.0,0.0,0.0,0.0,5,20.2,15.2,68,1017.0,76,14.8,-9900,-9900,0.0,0.0
2021,3,14,16,60,0.0,0.0,0.0,0.0,0.0,5,20.3,15.3,67,1017.1,76,14.8,-9900,-9900,0.0,0.0
2021,3,14,17,60,0.0,0.0,0.0,0.0,0.0,5,20.0,15.0,70,1016.5,92,11.1,-9900,-9900,0.0,0.0
2021,3,14,18,60,0.0,0.0,0.0,0.0,0.0,5,19.8,14.8,71,1016.1,89,9.3,-9900,-9900,0.0,0.0
2021,3,14,19,60,0.0,0.0,0.0,0.0,0.0,5,19.7,14.7,71,1015.7,86,9.3,-9900,-9900,0.0,0.0
2021,3,14,20,60,0.0,0.0,0.0,0.0,0.0,5,19.4,14.4,72,1015.3,88,7.4,-9900,-9900,0.0,0.0
2021,3,14,21,60,0.0,0.0,0.0,0.0,0.0,5,19.1,14.1,74,1015.0,90,7.4,-9900,-9900,0.0,0.0
2021,3,14,22,60,0.0,0.0,0.0,0.0,0.0,5,18.9,13.9,75,1014.7,94,7.4,-9900,-9900,0.0,0.0
2021,3,14,23,60,0.0,0.0,0.0,0.0,0.0,5,20.0,15.0,75,1015.3,104,7.4,-9900,-9900,0.0,0.0
2021,3,14,24,60,0.0,0.0,0.0,0.0,0.0,5,20.6,15.6,74,1015.7,102,7.4,-9900,-9900,0.0,0.0
2021,3,15,1,60,0.0,0.0,0.0,0.0,0.0,5,21.2,16.2,73,1016.0,100,7.4,-9900,-9900,0.0,0.0
2021,3,15,2,60,0.0,0.0,0.0,0.0,0.0,5,23.1,18.1,67,1015.8,97,7.4,-9900,-9900,0.0,0.0
2021,3,15,3,60,0.0,0.0,0.0,0.0,0.0,5,24.9,19.9,62,1015.5,92,7.4,-9900,-9900,0.0,0.0
2021,3,15,4,60,0.0,0.0,0.0,0.0,0.0,5,26.7,21.7,57,1015.2,86,7.4,-9900,-9900,0.0,0.0
2021,3,15,5,60,0.0,0.0,0.0,0.0,0.0,5,27.4,22.4,55,1014.5,80,7.4,-9900,-9900,0.0,0.0
2021,3,15,6,60,0.0,0.0,0.0,0.0,0.0,5,27.5,22.5,55,1013.6,62,7.4,-9900,-9900,0.0,0.0
2021,3,15,7,60,0.0,0.0,0.0,0.0,0.0,5,27.6,22.6,55,1012.8,24,5.5,-9900,-9900,0.0,0.0
2021,3,15,8,60,0.0,0.0,0.0,0.0,0.0,5,26.6,21.6,57,1012.8,34,5.5,-9900,-9900,0.0,0.0
2021,3,15,9,60,0.0,0.0,0.0,0.0,0.0,5,25.7,20.7,58,1012.8,49,5.5,-9900,-9900,0.0,0.0
2021,3,15,10,60,0.0,0.0,0.0,0.0,0.0,5,24.7,19.7,60,1012.8,70,5.5,-9900,-9900,0.0,0.0
2021,3,15,11,60,0.0,0.0,0.0,0.0,0.0,5,23.8,18.8,59,1013.5,337,7.4,-9900,-9900,0.0,0.0
2021,3,15,12,60,0.0,0.0,0.0,0.0,0.0,5,23.1,18.1,62,1013.9,13,5.5,-9900,-9900,0.0,0.0
2021,3,15,13,60,0.0,0.0,0.0,0.0,0.0,5,22.4,17.4,65,1014.3,96,3.7,-9900,-9900,0.0,0.0
2021,3,15,14,60,0.0,0.0,0.0,0.0,0.0,5,22.2,17.2,66,1014.6,118,3.7,-9900,-9900,0.0,0.0
2021,3,15,15,60,0.0,0.0,0.0,0.0,0.0,5,21.9,16.9,67,1014.9,168,3.7,-9900,-9900,0.0,0.0
2021,3,15,16,60,0.0,0.0,0.0,0.0,0.0,5,21.6,16.6,67,1015.1,207,3.7,-9900,-9900,0.0,0.0
2021,3,15,17,60,0.0,0.0,0.0,0.0,0.0,5,21.1,16.1,75,1014.8,197,1.8,-9900,-9900,0.0,0.0
2021,3,15,18,60,0.0,0.0,0.0,0.0,0.0,5,20.7,15.7,75,1014.5,205,3.7,-9900,-9900,0.0,0.0
2021,3,15,19,60,0.0,0.0,0.0,0.0,0.0,5,20.3,15.3,76,1014.2,208,3.7,-9900,-9900,0.0,0.0
2021,3,15,20,60,0.0,0.0,0.0,0.0,0.0,5,19.8,14.8,77,1014.3,197,3.7,-9900,-9900,0.0,0.0
2021,3,15,21,60,0.0,0.0,0.0,0.0,0.0,5,19.3,14.3,79,1014.3,183,3.7,-9900,-9900,0.0,0.0
2021,3,15,22,60,0.0,0.0,0.0,0.0,0.0,5,18.9,13.9,80,1014.4,167,3.7,-9900,-9900,0.0,0.0
2021,3,15,23,60,0.0,0.0,0.0,0.0,0.0,5,19.9,14.9,87,1014.9,168,3.7,-9900,-9900,0.0,0.0
2021,3,15,24,60,0.0,0.0,0.0,0.0,0.0,5,20.5,15.5,85,1015.3,170,3.7,-9900,-9900,0.0,0.0
2021,3,16,1,60,0.0,0.0,0.0,0.0,0.0,5,21.0,16.0,83,1015.8,174,3.7,-9900,-9900,0.0,0.0
2021,3,16,2,60,0.0,0.0,0.0,0.0,0.0,5,23.1,18.1,73,1015.5,204,3.7,-9900,-9900,0.0,0.0
2021,3,16,3,60,0.0,0.0,0.0,0.0,0.0,5,25.3,20.3,65,1015.2,287,3.7,-9900,-9900,0.0,0.0
2021,3,16,4,60,0.0,0.0,0.0,0.0,0.0,5,27.5,22.5,57,1014.9,312,5.5,-9900,-9900,0.0,0.0
2021,3,16,5,60,0.0,0.0,0.0,0.0,0.0,5,27.3,22.3,57,1014.1,319,5.5,-9900,-9900,0.0,0.0
2021,3,16,6,60,0.0,0.0,0.0,0.0,0.0,5,27.8,22.8,56,1013.2,318,5.5,-9900,-9900,0.0,0.0
2021,3,16,7,60,0.0,0.0,0.0,0.0,0.0,5,28.2,23.2,54,1012.3,317,7.4,-9900,-9900,0.0,0.0
2021,3,16,8,60,0.0,0.0,0.0,0.0,0.0,5,27.5,22.5,55,1012.3,326,7.4,-9900,-9900,0.0,0.0
2021,3,16,9,60,0.0,0.0,0.0,0.0,0.0,5,26.8,21.8,56,1012.2,341,5.5,-9900,-9900,0.0,0.0
2021,3,16,10,60,0.0,0.0,0.0,0.0,0.0,5,26.0,21.0,57,1012.1,12,5.5,-9900,-9900,0.0,0.0
2021,3,16,11,60,0.0,0.0,0.0,0.0,0.0,5,25.9,20.9,54,1012.2,10,5.5,-9900,-9900,0.0,0.0
2021,3,16,12,60,0.0,0.0,0.0,0.0,0.0,5,25.0,20.0,59,1012.9,57,5.5,-9900,-9900,0.0,0.0
2021,3,16,13,60,0.0,0.0,0.0,0.0,0.0,5,24.1,19.1,64,1013.5,94,5.5,-9900,-9900,0.0,0.0
2021,3,16,14,60,0.0,0.0,0.0,0.0,0.0,5,23.8,18.8,66,1013.7,93,5.5,-9900,-9900,0.0,0.0
2021,3,16,15,60,0.0,0.0,0.0,0.0,0.0,5,23.4,18.4,68,1014.0,91,5.5,-9900,-9900,0.0,0.0
2021,3,16,16,60,0.0,0.0,0.0,0.0,0.0,5,23.1,18.1,70,1014.3,90,5.5,-9900,-9900,0.0,0.0
2021,3,16,17,60,0.0,0.0,0.0,0.0,0.0,5,22.9,17.9,77,1014.4,100,7.4,-9900,-9900,0.0,0.0
2021,3,16,18,60,0.0,0.0,0.0,0.0,0.0,5,22.4,17.4,80,1014.2,108,5.5,-9900,-9900,0.0,0.0
2021,3,16,19,60,0.0,0.0,0.0,0.0,0.0,5,22.0,17.0,82,1014.0,125,3.7,-9900,-9900,0.0,0.0
2021,3,16,20,60,0.0,0.0,0.0,0.0,0.0,5,21.5,16.5,85,1013.9,129,3.7,-9900,-9900,0.0,0.0
2021,3,16,21,60,0.0,0.0,0.0,0.0,0.0,5,21.0,16.0,89,1013.8,136,3.7,-9900,-9900,0.0,0.0
2021,3,16,22,60,0.0,0.0,0.0,0.0,0.0,5,20.5,15.5,92,1013.7,147,3.7,-9900,-9900,0.0,0.0
2021,3,16,23,60,0.0,0.0,0.0,0.0,0.0,5,20.9,15.9,85,1014.2,171,3.7,-9900,-9900,0.0,0.0
2021,3,16,24,60,0.0,0.0,0.0,0.0,0.0,5,21.3,16.3,83,1014.6,164,3.7,-9900,-9900,0.0,0.0
2021,3,17,1,60,0.0,0.0,0.0,0.0,0.0,5,21.6,16.6,81,1015.0,156,3.7,-9900,-9900,0.0,0.0
2021,3,17,2,60,0.0,0.0,0.0,0.0,0.0,5,23.0,18.0,74,1014.8,117,5.5,-9900,-9900,0.0,0.0
2021,3,17,3,60,0.0,0.0,0.0,0.0,0.0,5,24.3,19.3,69,1014.6,74,5.5,-9900,-9900,0.0,0.0
2021,3,17,4,60,0.0,0.0,0.0,0.0,0.0,5,25.6,20.6,64,1014.4,53,7.4,-9900,-9900,0.0,0.0
2021,3,17,5,60,0.0,0.0,0.0,0.0,0.0,5,25.4,20.4,67,1013.8,44,7.4,-9900,-9900,0.0,0.0
2021,3,17,6,60,0.0,0.0,0.0,0.0,0.0,5,25.6,20.6,67,1013.1,32,7.4,-9900,-9900,0.0,0.0
2021,3,17,7,60,0.0,0.0,0.0,0.0,0.0,5,25.8,20.8,66,1012.5,22,7.4,-9900,-9900,0.0,0.0
2021,3,17,8,60,0.0,0.0,0.0,0.0,0.0,5,25.2,20.2,68,1012.6,36,9.3,-9900,-9900,0.0,0.0
2021,3,17,9,60,0.0,0.0,0.0,0.0,0.0,5,24.6,19.6,70,1012.6,47,9.3,-9900,-9900,0.0,0.0
2021,3,17,10,60,0.0,0.0,0.0,0.0,0.0,5,24.0,19.0,71,1012.7,55,9.3,-9900,-9900,0.0,0.0
2021,3,17,11,60,0.0,0.0,0.0,0.0,0.0,5,22.5,17.5,78,1013.9,28,7.4,-9900,-9900,0.0,0.0
2021,3,17,12,60,0.0,0.0,0.0,0.0,0.0,5,22.3,17.3,80,1014.2,42,7.4,-9900,-9900,0.0,0.0
2021,3,17,13,60,0.0,0.0,0.0,0.0,0.0,5,22.0,17.0,82,1014.5,54,7.4,-9900,-9900,0.0,0.0
2021,3,17,14,60,0.0,0.0,0.0,0.0,0.0,5,22.0,17.0,82,1014.7,58,7.4,-9900,-9900,0.0,0.0
2021,3,17,15,60,0.0,0.0,0.0,0.0,0.0,5,22.0,17.0,83,1014.8,63,7.4,-9900,-9900,0.0,0.0
2021,3,17,16,60,0.0,0.0,0.0,0.0,0.0,5,22.0,17.0,83,1014.9,69,9.3,-9900,-9900,0.0,0.0
2021,3,17,17,60,0.0,0.0,0.0,0.0,0.0,5,21.7,16.7,85,1014.7,76,7.4,-9900,-9900,0.0,0.0
2021,3,17,18,60,0.0,0.0,0.0,0.0,0.0,5,21.5,16.5,86,1014.4,85,7.4,-9900,-9900,0.0,0.0
2021,3,17,19,60,0.0,0.0,0.0,0.0,0.0,5,21.2,16.2,87,1014.1,99,5.5,-9900,-9900,0.0,0.0
2021,3,17,20,60,0.0,0.0,0.0,0.0,0.0,5,21.0,16.0,88,1014.1,92,5.5,-9900,-9900,0.0,0.0
2021,3,17,21,60,0.0,0.0,0.0,0.0,0.0,5,20.8,15.8,88,1014.0,86,5.5,-9900,-9900,0.0,0.0
2021,3,17,22,60,0.0,0.0,0.0,0.0,0.0,5,20.6,15.6,89,1013.9,79,5.5,-9900,-9900,0.0,0.0
2021,3,17,23,60,0.0,0.0,0.0,0.0,0.0,5,20.9,15.9,91,1014.6,127,3.7,-9900,-9900,0.0,0.0
2021,3,17,24,60,0.0,0.0,0.0,0.0,0.0,5,21.2,16.2,88,1015.0,117,3.7,-9900,-9900,0.0,0.0
2021,3,18,1,60,0.0,0.0,0.0,0.0,0.0,5,21.5,16.5,86,1015.4,110,5.5,-9900,-9900,0.0,0.0
2021,3,18,2,60,0.0,0.0,0.0,0.0,0.0,5,23.1,18.1,79,1015.0,75,7.4,-9900,-9900,0.0,0.0
2021,3,18,3,60,0.0,0.0,0.0,0.0,0.0,5,24.6,19.6,73,1014.5,59,7.4,-9900,-9900,0.0,0.0
2021,3,18,4,60,0.0,0.0,0.0,0.0,0.0,5,26.2,21.2,68,1014.1,51,9.3,-9900,-9900,0.0,0.0
2021,3,18,5,60,0.0,0.0,0.0,0.0,0.0,5,24.4,19.4,73,1013.5,40,9.3,-9900,-9900,0.0,0.0
2021,3,18,6,60,0.0,0.0,0.0,0.0,0.0,5,25.0,20.0,70,1012.7,36,9.3,-9900,-9900,0.0,0.0
2021,3,18,7,60,0.0,0.0,0.0,0.0,0.0,5,25.7,20.7,67,1011.9,32,9.3,-9900,-9900,0.0,0.0
2021,3,18,8,60,0.0,0.0,0.0,0.0,0.0,5,25.3,20.3,69,1011.8,35,9.3,-9900,-9900,0.0,0.0
2021,3,18,9,60,0.0,0.0,0.0,0.0,0.0,5,24.8,19.8,72,1011.7,39,9.3,-9900,-9900,0.0,0.0
2021,3,18,10,60,0.0,0.0,0.0,0.0,0.0,5,24.4,19.4,73,1011.6,42,9.3,-9900,-9900,0.0,0.0
2021,3,18,11,60,0.0,0.0,0.0,0.0,0.0,5,23.1,18.1,82,1012.8,13,5.5,-9900,-9900,0.0,0.0
2021,3,18,12,60,0.0,0.0,0.0,0.0,0.0,5,22.8,17.8,85,1013.0,35,5.5,-9900,-9900,0.0,0.0
2021,3,18,13,60,0.0,0.0,0.0,0.0,0.0,5,22.5,17.5,88,1013.3,58,5.5,-9900,-9900,0.0,0.0
2021,3,18,14,60,0.0,0.0,0.0,0.0,0.0,5,22.4,17.4,90,1013.4,57,5.5,-9900,-9900,0.0,0.0
2021,3,18,15,60,0.0,0.0,0.0,0.0,0.0,5,22.4,17.4,90,1013.4,55,7.4,-9900,-9900,0.0,0.0
2021,3,18,16,60,0.0,0.0,0.0,0.0,0.0,5,22.4,17.4,91,1013.5,54,7.4,-9900,-9900,0.0,0.0
2021,3,18,17,60,0.0,0.0,0.0,0.0,0.0,5,22.2,17.2,92,1013.2,89,7.4,-9900,-9900,0.0,0.0
2021,3,18,18,60,0.0,0.0,0.0,0.0,0.0,5,21.9,16.9,92,1013.0,101,5.5,-9900,-9900,0.0,0.0
2021,3,18,19,60,0.0,0.0,0.0,0.0,0.0,5,21.7,16.7,92,1012.8,134,3.7,-9900,-9900,0.0,0.0
2021,3,18,20,60,0.0,0.0,0.0,0.0,0.0,5,21.3,16.3,95,1012.8,146,3.7,-9900,-9900,0.0,0.0
2021,3,18,21,60,0.0,0.0,0.0,0.0,0.0,5,21.0,16.0,96,1012.8,174,3.7,-9900,-9900,0.0,0.0
2021,3,18,22,60,0.0,0.0,0.0,0.0,0.0,5,20.7,15.7,98,1012.8,228,3.7,-9900,-9900,0.0,0.0
2021,3,18,23,60,0.0,0.0,0.0,0.0,0.0,5,20.4,15.4,91,1013.6,216,3.7,-9900,-9900,0.0,0.0
2021,3,18,24,60,0.0,0.0,0.0,0.0,0.0,5,20.9,15.9,90,1014.0,207,3.7,-9900,-9900,0.0,0.0
2021,3,19,1,60,0.0,0.0,0.0,0.0,0.0,5,21.5,16.5,87,1014.4,201,3.7,-9900,-9900,0.0,0.0
2021,3,19,2,60,0.0,0.0,0.0,0.0,0.0,5,23.3,18.3,78,1014.0,256,3.7,-9900,-9900,0.0,0.0
2021,3,19,3,60,0.0,0.0,0.0,0.0,0.0,5,25.1,20.1,70,1013.5,283,5.5,-9900,-9900,0.0,0.0
2021,3,19,4,60,0.0,0.0,0.0,0.0,0.0,5,27.0,22.0,63,1013.1,294,5.5,-9900,-9900,0.0,0.0
2021,3,19,5,60,0.0,0.0,0.0,0.0,0.0,5,25.9,20.9,67,1012.5,297,5.5,-9900,-9900,0.0,0.0
2021,3,19,6,60,0.0,0.0,0.0,0.0,0.0,5,26.3,21.3,66,1011.6,306,7.4,-9900,-9900,0.0,0.0
2021,3,19,7,60,0.0,0.0,0.0,0.0,0.0,5,26.8,21.8,64,1010.8,312,7.4,-9900,-9900,0.0,0.0
2021,3,19,8,60,0.0,0.0,0.0,0.0,0.0,5,26.0,21.0,66,1010.8,318,7.4,-9900,-9900,0.0,0.0
2021,3,19,9,60,0.0,0.0,0.0,0.0,0.0,5,25.3,20.3,67,1010.7,327,7.4,-9900,-9900,0.0,0.0
2021,3,19,10,60,0.0,0.0,0.0,0.0,0.0,5,24.5,19.5,69,1010.6,338,5.5,-9900,-9900,0.0,0.0
2021,3,19,11,60,0.0,0.0,0.0,0.0,0.0,5,23.9,18.9,72,1011.1,349,5.5,-9900,-9900,0.0,0.0
2021,3,19,12,60,0.0,0.0,0.0,0.0,0.0,5,23.3,18.3,75,1011.5,14,5.5,-9900,-9900,0.0,0.0
2021,3,19,13,60,0.0,0.0,0.0,0.0,0.0,5,22.8,17.8,78,1012.0,67,5.5,-9900,-9900,0.0,0.0
2021,3,19,14,60,0.0,0.0,0.0,0.0,0.0,5,22.5,17.5,80,1012.2,82,5.5,-9900,-9900,0.0,0.0
2021,3,19,15,60,0.0,0.0,0.0,0.0,0.0,5,22.3,17.3,82,1012.5,97,5.5,-9900,-9900,0.0,0.0
2021,3,19,16,60,0.0,0.0,0.0,0.0,0.0,5,22.1,17.1,83,1012.7,111,5.5,-9900,-9900,0.0,0.0
2021,3,19,17,60,0.0,0.0,0.0,0.0,0.0,5,23.2,18.2,77,1012.1,139,5.5,-9900,-9900,0.0,0.0
2021,3,19,18,60,0.0,0.0,0.0,0.0,0.0,5,22.7,17.7,79,1011.9,158,3.7,-9900,-9900,0.0,0.0
2021,3,19,19,60,0.0,0.0,0.0,0.0,0.0,5,22.1,17.1,81,1011.7,185,3.7,-9900,-9900,0.0,0.0
2021,3,19,20,60,0.0,0.0,0.0,0.0,0.0,5,21.6,16.6,84,1011.6,181,3.7,-9900,-9900,0.0,0.0
2021,3,19,21,60,0.0,0.0,0.0,0.0,0.0,5,21.2,16.2,86,1011.5,176,3.7,-9900,-9900,0.0,0.0
2021,3,19,22,60,0.0,0.0,0.0,0.0,0.0,5,20.7,15.7,88,1011.4,165,3.7,-9900,-9900,0.0,0.0
2021,3,19,23,60,0.0,0.0,0.0,0.0,0.0,5,22.0,17.0,88,1011.7,164,3.7,-9900,-9900,0.0,0.0
2021,3,19,24,60,0.0,0.0,0.0,0.0,0.0,5,22.2,17.2,85,1012.3,166,3.7,-9900,-9900,0.0,0.0
2021,3,20,1,60,0.0,0.0,0.0,0.0,0.0,5,22.4,17.4,81,1012.9,168,3.7,-9900,-9900,0.0,0.0
2021,3,20,2,60,0.0,0.0,0.0,0.0,0.0,5,23.7,18.7,75,1012.6,222,3.7,-9900,-9900,0.0,0.0
2021,3,20,3,60,0.0,0.0,0.0,0.0,0.0,5,25.1,20.1,70,1012.2,283,3.7,-9900,-9900,0.0,0.0
2021,3,20,4,60,0.0,0.0,0.0,0.0,0.0,5,26.5,21.5,65,1011.9,299,5.5,-9900,-9900,0.0,0.0
2021,3,20,5,60,0.0,0.0,0.0,0.0,0.0,5,26.4,21.4,67,1010.9,299,7.4,-9900,-9900,0.0,0.0
2021,3,20,6,60,0.0,0.0,0.0,0.0,0.0,5,26.6,21.6,66,1010.3,310,7.4,-9900,-9900,0.0,0.0
2021,3,20,7,60,0.0,0.0,0.0,0.0,0.0,5,26.9,21.9,64,1009.7,318,9.3,-9900,-9900,0.0,0.0
2021,3,20,8,60,0.0,0.0,0.0,0.0,0.0,5,26.0,21.0,66,1009.9,334,9.3,-9900,-9900,0.0,0.0
2021,3,20,9,60,0.0,0.0,0.0,0.0,0.0,5,25.1,20.1,68,1010.2,355,7.4,-9900,-9900,0.0,0.0
2021,3,20,10,60,0.0,0.0,0.0,0.0,0.0,5,24.2,19.2,70,1010.5,19,7.4,-9900,-9900,0.0,0.0
2021,3,20,11,60,0.0,0.0,0.0,0.0,0.0,5,23.3,18.3,74,1011.2,5,9.3,-9900,-9900,0.0,0.0
2021,3,20,12,60,0.0,0.0,0.0,0.0,0.0,5,22.6,17.6,77,1012.0,20,9.3,-9900,-9900,0.0,0.0
2021,3,20,13,60,0.0,0.0,0.0,0.0,0.0,5,21.9,16.9,80,1012.8,35,11.1,-9900,-9900,0.0,0.0
2021,3,20,14,60,0.0,0.0,0.0,0.0,0.0,5,21.6,16.6,81,1013.2,44,11.1,-9900,-9900,0.0,0.0
2021,3,20,15,60,0.0,0.0,0.0,0.0,0.0,5,21.4,16.4,82,1013.7,52,11.1,-9900,-9900,0.0,0.0
2021,3,20,16,60,0.0,0.0,0.0,0.0,0.0,5,21.1,16.1,84,1014.2,60,11.1,-9900,-9900,0.0,0.0
2021,3,20,17,60,0.0,0.0,0.0,0.0,0.0,5,18.8,13.8,93,1013.9,85,14.8,-9900,-9900,0.0,0.0
2021,3,20,18,60,0.0,0.0,0.0,0.0,0.0,5,18.9,13.9,91,1013.9,79,14.8,-9900,-9900,0.0,0.0
2021,3,20,19,60,0.0,0.0,0.0,0.0,0.0,5,19.0,14.0,89,1013.8,73,14.8,-9900,-9900,0.0,0.0
2021,3,20,20,60,0.0,0.0,0.0,0.0,0.0,5,18.7,13.7,90,1014.4,73,14.8,-9900,-9900,0.0,0.0
2021,3,20,21,60,0.0,0.0,0.0,0.0,0.0,5,18.4,13.4,90,1014.9,73,14.8,-9900,-9900,0.0,0.0
2021,3,20,22,60,0.0,0.0,0.0,0.0,0.0,5,18.1,13.1,90,1015.5,72,14.8,-9900,-9900,0.0,0.0
2021,3,20,23,60,0.0,0.0,0.0,0.0,0.0,5,18.7,13.7,88,1016.0,81,16.7,-9900,-9900,0.0,0.0
2021,3,20,24,60,0.0,0.0,0.0,0.0,0.0,5,18.3,13.3,84,1017.2,79,16.7,-9900,-9900,0.0,0.0
2021,3,21,1,60,0.0,0.0,0.0,0.0,0.0,5,17.9,12.9,81,1018.3,77,18.5,-9900,-9900,0.0,0.0
2021,3,21,2,60,0.0,0.0,0.0,0.0,0.0,5,17.7,12.7,79,1018.6,77,18.5,-9900,-9900,0.0,0.0
2021,3,21,3,60,0.0,0.0,0.0,0.0,0.0,5,17.5,12.5,77,1018.9,76,18.5,-9900,-9900,0.0,0.0
2021,3,21,4,60,0.0,0.0,0.0,0.0,0.0,5,17.3,12.3,75,1019.2,76,18.5,-9900,-9900,0.0,0.0
2021,3,21,5,60,0.0,0.0,0.0,0.0,0.0,5,16.5,11.5,78,1019.4,80,16.7,-9900,-9900,0.0,0.0
2021,3,21,6,60,0.0,0.0,0.0,0.0,0.0,5,16.3,11.3,76,1019.2,76,16.7,-9900,-9900,0.0,0.0
2021,3,21,7,60,0.0,0.0,0.0,0.0,0.0,5,16.1,11.1,74,1018.9,73,16.7,-9900,-9900,0.0,0.0
2021,3,21,8,60,0.0,0.0,0.0,0.0,0.0,5,15.8,10.8,74,1019.4,75,16.7,-9900,-9900,0.0,0.0
2021,3,21,9,60,0.0,0.0,0.0,0.0,0.0,5,15.5,10.5,75,1019.8,78,14.8,-9900,-9900,0.0,0.0
2021,3,21,10,60,0.0,0.0,0.0,0.0,0.0,5,15.2,10.2,76,1020.3,80,14.8,-9900,-9900,0.0,0.0
2021,3,21,11,60,0.0,0.0,0.0,0.0,0.0,5,15.3,10.3,77,1021.9,83,14.8,-9900,-9900,0.0,0.0
2021,3,21,12,60,0.0,0.0,0.0,0.0,0.0,5,15.1,10.1,80,1022.4,89,13.0,-9900,-9900,0.0,0.0
2021,3,21,13,60,0.0,0.0,0.0,0.0,0.0,5,14.9,9.9,84,1023.0,95,13.0,-9900,-9900,0.0,0.0
2021,3,21,14,60,0.0,0.0,0.0,0.0,0.0,5,15.0,10.0,83,1023.4,95,13.0,-9900,-9900,0.0,0.0
2021,3,21,15,60,0.0,0.0,0.0,0.0,0.0,5,15.1,10.1,83,1023.8,96,13.0,-9900,-9900,0.0,0.0
2021,3,21,16,60,0.0,0.0,0.0,0.0,0.0,5,15.1,10.1,83,1024.2,96,13.0,-9900,-9900,0.0,0.0
2021,3,21,17,60,0.0,0.0,0.0,0.0,0.0,5,15.0,10.0,83,1024.2,95,13.0,-9900,-9900,0.0,0.0
2021,3,21,18,60,0.0,0.0,0.0,0.0,0.0,5,14.9,9.9,83,1024.1,93,13.0,-9900,-9900,0.0,0.0
2021,3,21,19,60,0.0,0.0,0.0,0.0,0.0,5,14.8,9.8,83,1024.1,92,13.0,-9900,-9900,0.0,0.0
2021,3,21,20,60,0.0,0.0,0.0,0.0,0.0,5,14.6,9.6,85,1024.3,91,13.0,-9900,-9900,0.0,0.0
2021,3,21,21,60,0.0,0.0,0.0,0.0,0.0,5,14.5,9.5,86,1024.5,91,13.0,-9900,-9900,0.0,0.0
2021,3,21,22,60,0.0,0.0,0.0,0.0,0.0,5,14.3,9.3,88,1024.8,91,11.1,-9900,-9900,0.0,0.0
2021,3,21,23,60,0.0,0.0,0.0,0.0,0.0,5,14.7,9.7,74,1025.0,89,14.8,-9900,-9900,0.0,0.0
2021,3,21,24,60,0.0,0.0,0.0,0.0,0.0,5,14.4,9.4,74,1025.7,89,16.7,-9900,-9900,0.0,0.0
2021,3,22,1,60,0.0,0.0,0.0,0.0,0.0,5,14.2,9.2,74,1026.3,88,16.7,-9900,-9900,0.0,0.0
2021,3,22,2,60,0.0,0.0,0.0,0.0,0.0,5,13.9,8.9,75,1026.3,87,16.7,-9900,-9900,0.0,0.0
2021,3,22,3,60,0.0,0.0,0.0,0.0,0.0,5,13.7,8.7,75,1026.3,87,16.7,-9900,-9900,0.0,0.0
2021,3,22,4,60,0.0,0.0,0.0,0.0,0.0,5,13.4,8.4,75,1026.2,86,16.7,-9900,-9900,0.0,0.0
2021,3,22,5,60,0.0,0.0,0.0,0.0,0.0,5,13.4,8.4,82,1025.8,86,14.8,-9900,-9900,0.0,0.0
2021,3,22,6,60,0.0,0.0,0.0,0.0,0.0,5,13.5,8.5,78,1025.3,84,14.8,-9900,-9900,0.0,0.0
2021,3,22,7,60,0.0,0.0,0.0,0.0,0.0,5,13.6,8.6,74,1024.7,82,14.8,-9900,-9900,0.0,0.0
2021,3,22,8,60,0.0,0.0,0.0,0.0,0.0,5,13.5,8.5,74,1024.9,84,14.8,-9900,-9900,0.0,0.0
2021,3,22,9,60,0.0,0.0,0.0,0.0,0.0,5,13.4,8.4,74,1025.1,87,14.8,-9900,-9900,0.0,0.0
2021,3,22,10,60,0.0,0.0,0.0,0.0,0.0,5,13.4,8.4,73,1025.2,90,14.8,-9900,-9900,0.0,0.0
2021,3,22,11,60,0.0,0.0,0.0,0.0,0.0,5,12.7,7.7,84,1025.6,87,13.0,-9900,-9900,0.0,0.0
2021,3,22,12,60,0.0,0.0,0.0,0.0,0.0,5,12.8,7.8,81,1026.0,89,13.0,-9900,-9900,0.0,0.0
2021,3,22,13,60,0.0,0.0,0.0,0.0,0.0,5,13.0,8.0,78,1026.4,91,13.0,-9900,-9900,0.0,0.0
2021,3,22,14,60,0.0,0.0,0.0,0.0,0.0,5,13.2,8.2,77,1026.3,91,13.0,-9900,-9900,0.0,0.0
2021,3,22,15,60,0.0,0.0,0.0,0.0,0.0,5,13.5,8.5,76,1026.3,90,13.0,-9900,-9900,0.0,0.0
2021,3,22,16,60,0.0,0.0,0.0,0.0,0.0,5,13.7,8.7,75,1026.2,90,13.0,-9900,-9900,0.0,0.0
2021,3,22,17,60,0.0,0.0,0.0,0.0,0.0,5,14.4,9.4,77,1025.4,91,14.8,-9900,-9900,0.0,0.0
2021,3,22,18,60,0.0,0.0,0.0,0.0,0.0,5,14.5,9.5,76,1024.7,89,14.8,-9900,-9900,0.0,0.0
2021,3,22,19,60,0.0,0.0,0.0,0.0,0.0,5,14.5,9.5,76,1024.1,87,14.8,-9900,-9900,0.0,0.0
2021,3,22,20,60,0.0,0.0,0.0,0.0,0.0,5,14.6,9.6,76,1023.8,88,14.8,-9900,-9900,0.0,0.0
2021,3,22,21,60,0.0,0.0,0.0,0.0,0.0,5,14.7,9.7,77,1023.6,89,14.8,-9900,-9900,0.0,0.0
2021,3,22,22,60,0.0,0.0,0.0,0.0,0.0,5,14.8,9.8,78,1023.3,90,13.0,-9900,-9900,0.0,0.0
2021,3,22,23,60,0.0,0.0,0.0,0.0,0.0,5,15.9,10.9,68,1023.1,94,16.7,-9900,-9900,0.0,0.0
2021,3,22,24,60,0.0,0.0,0.0,0.0,0.0,5,16.1,11.1,69,1023.3,92,16.7,-9900,-9900,0.0,0.0
2021,3,23,1,60,0.0,0.0,0.0,0.0,0.0,5,16.3,11.3,69,1023.5,90,18.5,-9900,-9900,0.0,0.0
2021,3,23,2,60,0.0,0.0,0.0,0.0,0.0,5,17.1,12.1,67,1023.1,91,16.7,-9900,-9900,0.0,0.0
2021,3,23,3,60,0.0,0.0,0.0,0.0,0.0,5,17.8,12.8,66,1022.7,91,16.7,-9900,-9900,0.0,0.0
2021,3,23,4,60,0.0,0.0,0.0,0.0,0.0,5,18.6,13.6,64,1022.3,92,16.7,-9900,-9900,0.0,0.0
2021,3,23,5,60,0.0,0.0,0.0,0.0,0.0,5,18.3,13.3,65,1021.5,98,16.7,-9900,-9900,0.0,0.0
2021,3,23,6,60,0.0,0.0,0.0,0.0,0.0,5,18.5,13.5,65,1020.4,102,16.7,-9900,-9900,0.0,0.0
2021,3,23,7,60,0.0,0.0,0.0,0.0,0.0,5,18.8,13.8,64,1019.2,106,14.8,-9900,-9900,0.0,0.0
2021,3,23,8,60,0.0,0.0,0.0,0.0,0.0,5,18.6,13.6,66,1018.9,103,14.8,-9900,-9900,0.0,0.0
2021,3,23,9,60,0.0,0.0,0.0,0.0,0.0,5,18.4,13.4,67,1018.5,100,14.8,-9900,-9900,0.0,0.0
2021,3,23,10,60,0.0,0.0,0.0,0.0,0.0,5,18.1,13.1,69,1018.1,96,14.8,-9900,-9900,0.0,0.0
2021,3,23,11,60,0.0,0.0,0.0,0.0,0.0,5,18.0,13.0,68,1018.6,95,13.0,-9900,-9900,0.0,0.0
2021,3,23,12,60,0.0,0.0,0.0,0.0,0.0,5,17.8,12.8,71,1018.8,96,11.1,-9900,-9900,0.0,0.0
2021,3,23,13,60,0.0,0.0,0.0,0.0,0.0,5,17.7,12.7,72,1018.9,98,9.3,-9900,-9900,0.0,0.0
2021,3,23,14,60,0.0,0.0,0.0,0.0,0.0,5,17.7,12.7,75,1018.7,93,7.4,-9900,-9900,0.0,0.0
2021,3,23,15,60,0.0,0.0,0.0,0.0,0.0,5,17.8,12.8,76,1018.5,84,7.4,-9900,-9900,0.0,0.0
2021,3,23,16,60,0.0,0.0,0.0,0.0,0.0,5,17.9,12.9,77,1018.3,69,5.5,-9900,-9900,0.0,0.0
2021,3,23,17,60,0.0,0.0,0.0,0.0,0.0,5,18.3,13.3,73,1017.6,85,5.5,-9900,-9900,0.0,0.0
2021,3,23,18,60,0.0,0.0,0.0,0.0,0.0,5,17.8,12.8,75,1017.3,118,3.7,-9900,-9900,0.0,0.0
2021,3,23,19,60,0.0,0.0,0.0,0.0,0.0,5,17.4,12.4,78,1017.0,173,3.7,-9900,-9900,0.0,0.0
2021,3,23,20,60,0.0,0.0,0.0,0.0,0.0,5,17.1,12.1,82,1016.9,200,3.7,-9900,-9900,0.0,0.0
2021,3,23,21,60,0.0,0.0,0.0,0.0,0.0,5,16.8,11.8,85,1016.9,216,3.7,-9900,-9900,0.0,0.0
2021,3,23,22,60,0.0,0.0,0.0,0.0,0.0,5,16.5,11.5,88,1016.9,225,3.7,-9900,-9900,0.0,0.0
2021,3,23,23,60,0.0,0.0,0.0,0.0,0.0,5,16.4,11.4,88,1017.4,231,3.7,-9900,-9900,0.0,0.0
2021,3,23,24,60,0.0,0.0,0.0,0.0,0.0,5,16.4,11.4,87,1017.9,238,3.7,-9900,-9900,0.0,0.0
2021,3,24,1,60,0.0,0.0,0.0,0.0,0.0,5,16.4,11.4,86,1018.5,248,3.7,-9900,-9900,0.0,0.0
2021,3,24,2,60,0.0,0.0,0.0,0.0,0.0,5,16.6,11.6,86,1018.4,262,3.7,-9900,-9900,0.0,0.0
2021,3,24,3,60,0.0,0.0,0.0,0.0,0.0,5,16.8,11.8,86,1018.3,271,3.7,-9900,-9900,0.0,0.0
2021,3,24,4,60,0.0,0.0,0.0,0.0,0.0,5,17.0,12.0,85,1018.3,278,5.5,-9900,-9900,0.0,0.0
2021,3,24,5,60,0.0,0.0,0.0,0.0,0.0,5,17.4,12.4,86,1017.6,289,5.5,-9900,-9900,0.0,0.0
2021,3,24,6,60,0.0,0.0,0.0,0.0,0.0,5,17.3,12.3,84,1016.8,289,5.5,-9900,-9900,0.0,0.0
2021,3,24,7,60,0.0,0.0,0.0,0.0,0.0,5,17.2,12.2,82,1016.0,289,7.4,-9900,-9900,0.0,0.0
2021,3,24,8,60,0.0,0.0,0.0,0.0,0.0,5,17.4,12.4,77,1015.9,291,7.4,-9900,-9900,0.0,0.0
2021,3,24,9,60,0.0,0.0,0.0,0.0,0.0,5,17.6,12.6,73,1015.8,295,7.4,-9900,-9900,0.0,0.0
2021,3,24,10,60,0.0,0.0,0.0,0.0,0.0,5,17.8,12.8,69,1015.7,302,7.4,-9900,-9900,0.0,0.0
2021,3,24,11,60,0.0,0.0,0.0,0.0,0.0,5,17.0,12.0,70,1016.8,277,7.4,-9900,-9900,0.0,0.0
2021,3,24,12,60,0.0,0.0,0.0,0.0,0.0,5,16.8,11.8,72,1017.3,291,5.5,-9900,-9900,0.0,0.0
2021,3,24,13,60,0.0,0.0,0.0,0.0,0.0,5,16.6,11.6,76,1017.9,20,3.7,-9900,-9900,0.0,0.0
2021,3,24,14,60,0.0,0.0,0.0,0.0,0.0,5,16.5,11.5,77,1018.1,50,3.7,-9900,-9900,0.0,0.0
2021,3,24,15,60,0.0,0.0,0.0,0.0,0.0,5,16.3,11.3,79,1018.3,115,5.5,-9900,-9900,0.0,0.0
2021,3,24,16,60,0.0,0.0,0.0,0.0,0.0,5,16.1,11.1,81,1018.5,145,5.5,-9900,-9900,0.0,0.0
2021,3,24,17,60,0.0,0.0,0.0,0.0,0.0,5,16.0,11.0,76,1018.6,156,5.5,-9900,-9900,0.0,0.0
2021,3,24,18,60,0.0,0.0,0.0,0.0,0.0,5,15.7,10.7,77,1018.3,140,5.5,-9900,-9900,0.0,0.0
2021,3,24,19,60,0.0,0.0,0.0,0.0,0.0,5,15.3,10.3,79,1018.0,125,3.7,-9900,-9900,0.0,0.0
2021,3,24,20,60,0.0,0.0,0.0,0.0,0.0,5,15.1,10.1,80,1018.0,128,5.5,-9900,-9900,0.0,0.0
2021,3,24,21,60,0.0,0.0,0.0,0.0,0.0,5,14.9,9.9,81,1018.1,133,5.5,-9900,-9900,0.0,0.0
2021,3,24,22,60,0.0,0.0,0.0,0.0,0.0,5,14.7,9.7,82,1018.2,138,5.5,-9900,-9900,0.0,0.0
2021,3,24,23,60,0.0,0.0,0.0,0.0,0.0,5,15.0,10.0,80,1018.9,142,3.7,-9900,-9900,0.0,0.0
2021,3,24,24,60,0.0,0.0,0.0,0.0,0.0,5,15.8,10.8,77,1019.6,126,5.5,-9900,-9900,0.0,0.0
2021,3,25,1,60,0.0,0.0,0.0,0.0,0.0,5,16.6,11.6,74,1020.2,114,7.4,-9900,-9900,0.0,0.0
2021,3,25,2,60,0.0,0.0,0.0,0.0,0.0,5,18.2,13.2,69,1020.2,89,7.4,-9900,-9900,0.0,0.0
2021,3,25,3,60,0.0,0.0,0.0,0.0,0.0,5,19.8,14.8,65,1020.1,71,9.3,-9900,-9900,0.0,0.0
2021,3,25,4,60,0.0,0.0,0.0,0.0,0.0,5,21.3,16.3,61,1020.1,59,9.3,-9900,-9900,0.0,0.0
2021,3,25,5,60,0.0,0.0,0.0,0.0,0.0,5,19.4,14.4,68,1019.9,58,11.1,-9900,-9900,0.0,0.0
2021,3,25,6,60,0.0,0.0,0.0,0.0,0.0,5,20.0,15.0,66,1019.0,56,13.0,-9900,-9900,0.0,0.0
2021,3,25,7,60,0.0,0.0,0.0,0.0,0.0,5,20.5,15.5,65,1018.1,54,13.0,-9900,-9900,0.0,0.0
2021,3,25,8,60,0.0,0.0,0.0,0.0,0.0,5,20.3,15.3,65,1017.9,62,14.8,-9900,-9900,0.0,0.0
2021,3,25,9,60,0.0,0.0,0.0,0.0,0.0,5,20.1,15.1,66,1017.7,68,14.8,-9900,-9900,0.0,0.0
2021,3,25,10,60,0.0,0.0,0.0,0.0,0.0,5,19.9,14.9,67,1017.5,72,16.7,-9900,-9900,0.0,0.0
2021,3,25,11,60,0.0,0.0,0.0,0.0,0.0,5,19.6,14.6,70,1017.9,79,16.7,-9900,-9900,0.0,0.0
2021,3,25,12,60,0.0,0.0,0.0,0.0,0.0,5,19.3,14.3,69,1018.1,79,16.7,-9900,-9900,0.0,0.0
2021,3,25,13,60,0.0,0.0,0.0,0.0,0.0,5,19.0,14.0,68,1018.3,79,14.8,-9900,-9900,0.0,0.0
2021,3,25,14,60,0.0,0.0,0.0,0.0,0.0,5,19.1,14.1,68,1018.3,81,14.8,-9900,-9900,0.0,0.0
2021,3,25,15,60,0.0,0.0,0.0,0.0,0.0,5,19.1,14.1,68,1018.2,83,13.0,-9900,-9900,0.0,0.0
2021,3,25,16,60,0.0,0.0,0.0,0.0,0.0,5,19.2,14.2,67,1018.1,86,13.0,-9900,-9900,0.0,0.0
2021,3,25,17,60,0.0,0.0,0.0,0.0,0.0,5,18.9,13.9,88,1017.5,96,14.8,-9900,-9900,0.0,0.0
2021,3,25,18,60,0.0,0.0,0.0,0.0,0.0,5,18.8,13.8,88,1016.9,94,13.0,-9900,-9900,0.0,0.0
2021,3,25,19,60,0.0,0.0,0.0,0.0,0.0,5,18.7,13.7,88,1016.2,91,11.1,-9900,-9900,0.0,0.0
2021,3,25,20,60,0.0,0.0,0.0,0.0,0.0,5,18.7,13.7,88,1016.1,93,9.3,-9900,-9900,0.0,0.0
2021,3,25,21,60,0.0,0.0,0.0,0.0,0.0,5,18.6,13.6,89,1016.0,95,7.4,-9900,-9900,0.0,0.0
2021,3,25,22,60,0.0,0.0,0.0,0.0,0.0,5,18.6,13.6,88,1015.9,98,7.4,-9900,-9900,0.0,0.0
2021,3,25,23,60,0.0,0.0,0.0,0.0,0.0,5,19.7,14.7,87,1016.3,102,9.3,-9900,-9900,0.0,0.0
2021,3,25,24,60,0.0,0.0,0.0,0.0,0.0,5,20.3,15.3,82,1016.7,105,9.3,-9900,-9900,0.0,0.0
2021,3,26,1,60,0.0,0.0,0.0,0.0,0.0,5,20.9,15.9,77,1017.1,108,7.4,-9900,-9900,0.0,0.0
2021,3,26,2,60,0.0,0.0,0.0,0.0,0.0,5,22.7,17.7,69,1016.6,97,7.4,-9900,-9900,0.0,0.0
2021,3,26,3,60,0.0,0.0,0.0,0.0,0.0,5,24.5,19.5,61,1016.2,85,7.4,-9900,-9900,0.0,0.0
2021,3,26,4,60,0.0,0.0,0.0,0.0,0.0,5,26.3,21.3,55,1015.7,72,7.4,-9900,-9900,0.0,0.0
2021,3,26,5,60,0.0,0.0,0.0,0.0,0.0,5,25.9,20.9,62,1015.1,82,11.1,-9900,-9900,0.0,0.0
2021,3,26,6,60,0.0,0.0,0.0,0.0,0.0,5,26.1,21.1,61,1014.2,77,9.3,-9900,-9900,0.0,0.0
2021,3,26,7,60,0.0,0.0,0.0,0.0,0.0,5,26.2,21.2,59,1013.3,69,9.3,-9900,-9900,0.0,0.0
2021,3,26,8,60,0.0,0.0,0.0,0.0,0.0,5,25.5,20.5,61,1013.2,68,7.4,-9900,-9900,0.0,0.0
2021,3,26,9,60,0.0,0.0,0.0,0.0,0.0,5,24.8,19.8,62,1013.1,67,7.4,-9900,-9900,0.0,0.0
2021,3,26,10,60,0.0,0.0,0.0,0.0,0.0,5,24.1,19.1,63,1013.1,66,5.5,-9900,-9900,0.0,0.0
2021,3,26,11,60,0.0,0.0,0.0,0.0,0.0,5,23.5,18.5,68,1013.4,84,5.5,-9900,-9900,0.0,0.0
2021,3,26,12,60,0.0,0.0,0.0,0.0,0.0,5,23.0,18.0,73,1013.8,96,5.5,-9900,-9900,0.0,0.0
2021,3,26,13,60,0.0,0.0,0.0,0.0,0.0,5,22.4,17.4,79,1014.1,104,3.7,-9900,-9900,0.0,0.0
2021,3,26,14,60,0.0,0.0,0.0,0.0,0.0,5,22.1,17.1,81,1014.2,116,5.5,-9900,-9900,0.0,0.0
2021,3,26,15,60,0.0,0.0,0.0,0.0,0.0,5,21.8,16.8,84,1014.4,141,3.7,-9900,-9900,0.0,0.0
2021,3,26,16,60,0.0,0.0,0.0,0.0,0.0,5,21.5,16.5,86,1014.5,184,3.7,-9900,-9900,0.0,0.0
2021,3,26,17,60,0.0,0.0,0.0,0.0,0.0,5,21.2,16.2,77,1014.3,175,3.7,-9900,-9900,0.0,0.0
2021,3,26,18,60,0.0,0.0,0.0,0.0,0.0,5,20.8,15.8,78,1013.9,194,3.7,-9900,-9900,0.0,0.0
2021,3,26,19,60,0.0,0.0,0.0,0.0,0.0,5,20.4,15.4,79,1013.6,206,3.7,-9900,-9900,0.0,0.0
2021,3,26,20,60,0.0,0.0,0.0,0.0,0.0,5,20.0,15.0,81,1013.5,204,3.7,-9900,-9900,0.0,0.0
2021,3,26,21,60,0.0,0.0,0.0,0.0,0.0,5,19.6,14.6,83,1013.4,201,3.7,-9900,-9900,0.0,0.0
2021,3,26,22,60,0.0,0.0,0.0,0.0,0.0,5,19.1,14.1,86,1013.2,198,3.7,-9900,-9900,0.0,0.0
2021,3,26,23,60,0.0,0.0,0.0,0.0,0.0,5,19.7,14.7,86,1013.8,181,3.7,-9900,-9900,0.0,0.0
2021,3,26,24,60,0.0,0.0,0.0,0.0,0.0,5,20.2,15.2,82,1014.1,185,3.7,-9900,-9900,0.0,0.0
2021,3,27,1,60,0.0,0.0,0.0,0.0,0.0,5,20.8,15.8,78,1014.4,189,3.7,-9900,-9900,0.0,0.0
2021,3,27,2,60,0.0,0.0,0.0,0.0,0.0,5,22.7,17.7,70,1014.0,220,3.7,-9900,-9900,0.0,0.0
2021,3,27,3,60,0.0,0.0,0.0,0.0,0.0,5,24.7,19.7,62,1013.5,256,3.7,-9900,-9900,0.0,0.0
2021,3,27,4,60,0.0,0.0,0.0,0.0,0.0,5,26.6,21.6,56,1013.0,279,3.7,-9900,-9900,0.0,0.0
2021,3,27,5,60,0.0,0.0,0.0,0.0,0.0,5,26.0,21.0,64,1012.3,292,5.5,-9900,-9900,0.0,0.0
2021,3,27,6,60,0.0,0.0,0.0,0.0,0.0,5,26.2,21.2,63,1011.4,304,7.4,-9900,-9900,0.0,0.0
2021,3,27,7,60,0.0,0.0,0.0,0.0,0.0,5,26.4,21.4,63,1010.5,313,7.4,-9900,-9900,0.0,0.0
2021,3,27,8,60,0.0,0.0,0.0,0.0,0.0,5,26.0,21.0,64,1010.2,321,7.4,-9900,-9900,0.0,0.0
2021,3,27,9,60,0.0,0.0,0.0,0.0,0.0,5,25.6,20.6,64,1009.9,336,5.5,-9900,-9900,0.0,0.0
2021,3,27,10,60,0.0,0.0,0.0,0.0,0.0,5,25.2,20.2,65,1009.5,6,5.5,-9900,-9900,0.0,0.0
2021,3,27,11,60,0.0,0.0,0.0,0.0,0.0,5,25.7,20.7,61,1009.9,2,5.5,-9900,-9900,0.0,0.0
2021,3,27,12,60,0.0,0.0,0.0,0.0,0.0,5,24.9,19.9,64,1010.4,29,3.7,-9900,-9900,0.0,0.0
2021,3,27,13,60,0.0,0.0,0.0,0.0,0.0,5,24.2,19.2,68,1010.8,95,3.7,-9900,-9900,0.0,0.0
2021,3,27,14,60,0.0,0.0,0.0,0.0,0.0,5,23.9,18.9,69,1010.7,123,3.7,-9900,-9900,0.0,0.0
2021,3,27,15,60,0.0,0.0,0.0,0.0,0.0,5,23.7,18.7,70,1010.6,146,3.7,-9900,-9900,0.0,0.0
2021,3,27,16,60,0.0,0.0,0.0,0.0,0.0,5,23.5,18.5,72,1010.6,161,3.7,-9900,-9900,0.0,0.0
2021,3,27,17,60,0.0,0.0,0.0,0.0,0.0,5,23.0,18.0,74,1010.1,170,3.7,-9900,-9900,0.0,0.0
2021,3,27,18,60,0.0,0.0,0.0,0.0,0.0,5,22.6,17.6,75,1009.7,176,3.7,-9900,-9900,0.0,0.0
2021,3,27,19,60,0.0,0.0,0.0,0.0,0.0,5,22.2,17.2,76,1009.3,180,3.7,-9900,-9900,0.0,0.0
2021,3,27,20,60,0.0,0.0,0.0,0.0,0.0,5,21.8,16.8,77,1009.1,180,3.7,-9900,-9900,0.0,0.0
2021,3,27,21,60,0.0,0.0,0.0,0.0,0.0,5,21.5,16.5,78,1009.0,179,3.7,-9900,-9900,0.0,0.0
2021,3,27,22,60,0.0,0.0,0.0,0.0,0.0,5,21.2,16.2,78,1008.8,179,3.7,-9900,-9900,0.0,0.0
2021,3,27,23,60,0.0,0.0,0.0,0.0,0.0,5,21.8,16.8,78,1009.3,185,3.7,-9900,-9900,0.0,0.0
2021,3,27,24,60,0.0,0.0,0.0,0.0,0.0,5,22.4,17.4,77,1009.9,192,3.7,-9900,-9900,0.0,0.0
2021,3,28,1,60,0.0,0.0,0.0,0.0,0.0,5,22.9,17.9,77,1010.4,199,3.7,-9900,-9900,0.0,0.0
2021,3,28,2,60,0.0,0.0,0.0,0.0,0.0,5,25.0,20.0,70,1010.1,232,5.5,-9900,-9900,0.0,0.0
2021,3,28,3,60,0.0,0.0,0.0,0.0,0.0,5,27.1,22.1,63,1009.9,261,5.5,-9900,-9900,0.0,0.0
2021,3,28,4,60,0.0,0.0,0.0,0.0,0.0,5,29.2,24.2,58,1009.7,279,7.4,-9900,-9900,0.0,0.0
2021,3,28,5,60,0.0,0.0,0.0,0.0,0.0,5,27.8,22.8,62,1009.0,286,9.3,-9900,-9900,0.0,0.0
2021,3,28,6,60,0.0,0.0,0.0,0.0,0.0,5,28.2,23.2,61,1008.3,293,9.3,-9900,-9900,0.0,0.0
2021,3,28,7,60,0.0,0.0,0.0,0.0,0.0,5,28.5,23.5,60,1007.7,299,9.3,-9900,-9900,0.0,0.0
2021,3,28,8,60,0.0,0.0,0.0,0.0,0.0,5,27.7,22.7,63,1007.8,305,9.3,-9900,-9900,0.0,0.0
2021,3,28,9,60,0.0,0.0,0.0,0.0,0.0,5,26.8,21.8,65,1007.9,315,7.4,-9900,-9900,0.0,0.0
2021,3,28,10,60,0.0,0.0,0.0,0.0,0.0,5,26.0,21.0,67,1008.0,332,5.5,-9900,-9900,0.0,0.0
2021,3,28,11,60,0.0,0.0,0.0,0.0,0.0,5,25.0,20.0,75,1008.5,350,5.5,-9900,-9900,0.0,0.0
2021,3,28,12,60,0.0,0.0,0.0,0.0,0.0,5,24.4,19.4,75,1009.0,1,3.7,-9900,-9900,0.0,0.0
2021,3,28,13,60,0.0,0.0,0.0,0.0,0.0,5,23.9,18.9,75,1009.5,128,3.7,-9900,-9900,0.0,0.0
2021,3,28,14,60,0.0,0.0,0.0,0.0,0.0,5,23.7,18.7,75,1009.7,121,3.7,-9900,-9900,0.0,0.0
2021,3,28,15,60,0.0,0.0,0.0,0.0,0.0,5,23.4,18.4,77,1009.9,118,3.7,-9900,-9900,0.0,0.0
2021,3,28,16,60,0.0,0.0,0.0,0.0,0.0,5,23.1,18.1,78,1010.1,116,5.5,-9900,-9900,0.0,0.0
2021,3,28,17,60,0.0,0.0,0.0,0.0,0.0,5,22.7,17.7,80,1009.7,139,5.5,-9900,-9900,0.0,0.0
2021,3,28,18,60,0.0,0.0,0.0,0.0,0.0,5,22.3,17.3,82,1009.3,155,5.5,-9900,-9900,0.0,0.0
2021,3,28,19,60,0.0,0.0,0.0,0.0,0.0,5,21.9,16.9,83,1009.0,165,5.5,-9900,-9900,0.0,0.0
2021,3,28,20,60,0.0,0.0,0.0,0.0,0.0,5,21.5,16.5,85,1009.0,167,3.7,-9900,-9900,0.0,0.0
2021,3,28,21,60,0.0,0.0,0.0,0.0,0.0,5,21.1,16.1,87,1009.0,168,3.7,-9900,-9900,0.0,0.0
2021,3,28,22,60,0.0,0.0,0.0,0.0,0.0,5,20.8,15.8,88,1009.0,171,3.7,-9900,-9900,0.0,0.0
2021,3,28,23,60,0.0,0.0,0.0,0.0,0.0,5,21.1,16.1,88,1009.5,171,3.7,-9900,-9900,0.0,0.0
2021,3,28,24,60,0.0,0.0,0.0,0.0,0.0,5,21.6,16.6,86,1010.1,172,3.7,-9900,-9900,0.0,0.0
2021,3,29,1,60,0.0,0.0,0.0,0.0,0.0,5,22.1,17.1,85,1010.7,172,3.7,-9900,-9900,0.0,0.0
2021,3,29,2,60,0.0,0.0,0.0,0.0,0.0,5,24.0,19.0,76,1010.3,196,3.7,-9900,-9900,0.0,0.0
2021,3,29,3,60,0.0,0.0,0.0,0.0,0.0,5,26.0,21.0,68,1009.9,277,3.7,-9900,-9900,0.0,0.0
2021,3,29,4,60,0.0,0.0,0.0,0.0,0.0,5,27.9,22.9,61,1009.5,310,5.5,-9900,-9900,0.0,0.0
2021,3,29,5,60,0.0,0.0,0.0,0.0,0.0,5,28.0,23.0,62,1008.6,313,5.5,-9900,-9900,0.0,0.0
2021,3,29,6,60,0.0,0.0,0.0,0.0,0.0,5,28.2,23.2,63,1007.7,316,5.5,-9900,-9900,0.0,0.0
2021,3,29,7,60,0.0,0.0,0.0,0.0,0.0,5,28.3,23.3,64,1006.9,318,5.5,-9900,-9900,0.0,0.0
2021,3,29,8,60,0.0,0.0,0.0,0.0,0.0,5,27.3,22.3,66,1006.7,333,5.5,-9900,-9900,0.0,0.0
2021,3,29,9,60,0.0,0.0,0.0,0.0,0.0,5,26.3,21.3,69,1006.5,358,5.5,-9900,-9900,0.0,0.0
2021,3,29,10,60,0.0,0.0,0.0,0.0,0.0,5,25.4,20.4,71,1006.3,25,5.5,-9900,-9900,0.0,0.0
2021,3,29,11,60,0.0,0.0,0.0,0.0,0.0,5,25.0,20.0,72,1006.7,44,5.5,-9900,-9900,0.0,0.0
2021,3,29,12,60,0.0,0.0,0.0,0.0,0.0,5,24.6,19.6,72,1007.0,63,5.5,-9900,-9900,0.0,0.0
2021,3,29,13,60,0.0,0.0,0.0,0.0,0.0,5,23.9,18.9,73,1007.5,89,5.5,-9900,-9900,0.0,0.0
2021,3,29,14,60,0.0,0.0,0.0,0.0,0.0,5,23.6,18.6,75,1007.5,115,5.5,-9900,-9900,0.0,0.0
2021,3,29,15,60,0.0,0.0,0.0,0.0,0.0,5,23.4,18.4,75,1007.6,151,3.7,-9900,-9900,0.0,0.0
2021,3,29,16,60,0.0,0.0,0.0,0.0,0.0,5,23.1,18.1,76,1007.6,177,3.7,-9900,-9900,0.0,0.0
2021,3,29,17,60,0.0,0.0,0.0,0.0,0.0,5,23.5,18.5,85,1006.9,279,3.7,-9900,-9900,0.0,0.0
2021,3,29,18,60,0.0,0.0,0.0,0.0,0.0,5,23.3,18.3,85,1006.6,236,3.7,-9900,-9900,0.0,0.0
2021,3,29,19,60,0.0,0.0,0.0,0.0,0.0,5,23.1,18.1,85,1006.2,218,3.7,-9900,-9900,0.0,0.0
2021,3,29,20,60,0.0,0.0,0.0,0.0,0.0,5,22.9,17.9,86,1006.0,199,3.7,-9900,-9900,0.0,0.0
2021,3,29,21,60,0.0,0.0,0.0,0.0,0.0,5,22.7,17.7,88,1005.7,170,3.7,-9900,-9900,0.0,0.0
2021,3,29,22,60,0.0,0.0,0.0,0.0,0.0,5,22.5,17.5,89,1005.5,142,3.7,-9900,-9900,0.0,0.0
2021,3,29,23,60,0.0,0.0,0.0,0.0,0.0,5,23.6,18.6,87,1006.4,185,3.7,-9900,-9900,0.0,0.0
2021,3,29,24,60,0.0,0.0,0.0,0.0,0.0,5,24.0,19.0,83,1006.8,187,3.7,-9900,-9900,0.0,0.0
2021,3,30,1,60,0.0,0.0,0.0,0.0,0.0,5,24.3,19.3,79,1007.3,188,3.7,-9900,-9900,0.0,0.0
2021,3,30,2,60,0.0,0.0,0.0,0.0,0.0,5,25.9,20.9,73,1007.0,237,5.5,-9900,-9900,0.0,0.0
2021,3,30,3,60,0.0,0.0,0.0,0.0,0.0,5,27.6,22.6,68,1006.8,263,5.5,-9900,-9900,0.0,0.0
2021,3,30,4,60,0.0,0.0,0.0,0.0,0.0,5,29.3,24.3,63,1006.5,274,7.4,-9900,-9900,0.0,0.0
2021,3,30,5,60,0.0,0.0,0.0,0.0,0.0,5,29.3,24.3,63,1005.9,283,7.4,-9900,-9900,0.0,0.0
2021,3,30,6,60,0.0,0.0,0.0,0.0,0.0,5,29.3,24.3,63,1005.3,293,7.4,-9900,-9900,0.0,0.0
2021,3,30,7,60,0.0,0.0,0.0,0.0,0.0,5,29.2,24.2,63,1004.7,302,9.3,-9900,-9900,0.0,0.0
2021,3,30,8,60,0.0,0.0,0.0,0.0,0.0,5,28.5,23.5,64,1004.9,309,7.4,-9900,-9900,0.0,0.0
2021,3,30,9,60,0.0,0.0,0.0,0.0,0.0,5,27.9,22.9,66,1005.1,321,7.4,-9900,-9900,0.0,0.0
2021,3,30,10,60,0.0,0.0,0.0,0.0,0.0,5,27.2,22.2,67,1005.3,348,5.5,-9900,-9900,0.0,0.0
2021,3,30,11,60,0.0,0.0,0.0,0.0,0.0,5,26.4,21.4,71,1006.0,22,5.5,-9900,-9900,0.0,0.0
2021,3,30,12,60,0.0,0.0,0.0,0.0,0.0,5,25.6,20.6,75,1006.8,51,7.4,-9900,-9900,0.0,0.0
2021,3,30,13,60,0.0,0.0,0.0,0.0,0.0,5,24.8,19.8,79,1007.5,352,7.4,-9900,-9900,0.0,0.0
2021,3,30,14,60,0.0,0.0,0.0,0.0,0.0,5,24.5,19.5,81,1007.9,75,5.5,-9900,-9900,0.0,0.0
2021,3,30,15,60,0.0,0.0,0.0,0.0,0.0,5,24.2,19.2,83,1008.3,84,5.5,-9900,-9900,0.0,0.0
2021,3,30,16,60,0.0,0.0,0.0,0.0,0.0,5,23.9,18.9,85,1008.7,256,5.5,-9900,-9900,0.0,0.0
2021,3,30,17,60,0.0,0.0,0.0,0.0,0.0,5,22.1,17.1,98,1008.9,95,11.1,-9900,-9900,0.0,0.0
2021,3,30,18,60,0.0,0.0,0.0,0.0,0.0,5,22.0,17.0,97,1008.6,97,7.4,-9900,-9900,0.0,0.0
2021,3,30,19,60,0.0,0.0,0.0,0.0,0.0,5,21.9,16.9,96,1008.3,100,5.5,-9900,-9900,0.0,0.0
2021,3,30,20,60,0.0,0.0,0.0,0.0,0.0,5,21.9,16.9,96,1008.1,100,5.5,-9900,-9900,0.0,0.0
2021,3,30,21,60,0.0,0.0,0.0,0.0,0.0,5,21.9,16.9,95,1007.8,100,5.5,-9900,-9900,0.0,0.0
2021,3,30,22,60,0.0,0.0,0.0,0.0,0.0,5,21.8,16.8,95,1007.6,101,3.7,-9900,-9900,0.0,0.0
2021,3,30,23,60,0.0,0.0,0.0,0.0,0.0,5,22.8,17.8,92,1008.1,103,5.5,-9900,-9900,0.0,0.0
2021,3,30,24,60,0.0,0.0,0.0,0.0,0.0,5,23.0,18.0,90,1008.4,105,5.5,-9900,-9900,0.0,0.0
2021,3,31,1,60,0.0,0.0,0.0,0.0,0.0,5,23.2,18.2,88,1008.7,108,7.4,-9900,-9900,0.0,0.0
2021,3,31,2,60,0.0,0.0,0.0,0.0,0.0,5,24.6,19.6,81,1008.6,96,5.5,-9900,-9900,0.0,0.0
2021,3,31,3,60,0.0,0.0,0.0,0.0,0.0,5,25.9,20.9,75,1008.5,71,5.5,-9900,-9900,0.0,0.0
2021,3,31,4,60,0.0,0.0,0.0,0.0,0.0,5,27.3,22.3,69,1008.4,32,5.5,-9900,-9900,0.0,0.0
2021,3,31,5,60,0.0,0.0,0.0,0.0,0.0,5,27.3,22.3,69,1007.8,28,5.5,-9900,-9900,0.0,0.0
2021,3,31,6,60,0.0,0.0,0.0,0.0,0.0,5,27.3,22.3,69,1007.3,25,5.5,-9900,-9900,0.0,0.0
2021,3,31,7,60,0.0,0.0,0.0,0.0,0.0,5,27.3,22.3,69,1006.7,23,5.5,-9900,-9900,0.0,0.0
2021,3,31,8,60,0.0,0.0,0.0,0.0,0.0,5,26.8,21.8,70,1006.7,34,5.5,-9900,-9900,0.0,0.0
2021,3,31,9,60,0.0,0.0,0.0,0.0,0.0,5,26.3,21.3,71,1006.7,43,7.4,-9900,-9900,0.0,0.0
2021,3,31,10,60,0.0,0.0,0.0,0.0,0.0,5,25.8,20.8,72,1006.6,50,7.4,-9900,-9900,0.0,0.0
2021,3,31,11,60,0.0,0.0,0.0,0.0,0.0,5,24.7,19.7,79,1006.9,51,7.4,-9900,-9900,0.0,0.0
2021,3,31,12,60,0.0,0.0,0.0,0.0,0.0,5,24.3,19.3,80,1007.3,52,5.5,-9900,-9900,0.0,0.0
2021,3,31,13,60,0.0,0.0,0.0,0.0,0.0,5,23.9,18.9,80,1007.8,52,5.5,-9900,-9900,0.0,0.0
2021,3,31,14,60,0.0,0.0,0.0,0.0,0.0,5,23.8,18.8,81,1008.0,61,5.5,-9900,-9900,0.0,0.0
2021,3,31,15,60,0.0,0.0,0.0,0.0,0.0,5,23.6,18.6,82,1008.3,72,5.5,-9900,-9900,0.0,0.0
2021,3,31,16,60,0.0,0.0,0.0,0.0,0.0,5,23.5,18.5,83,1008.5,84,5.5,-9900,-9900,0.0,0.0
2021,3,31,17,60,0.0,0.0,0.0,0.0,0.0,5,23.4,18.4,83,1008.3,98,5.5,-9900,-9900,0.0,0.0
2021,3,31,18,60,0.0,0.0,0.0,0.0,0.0,5,23.2,18.2,83,1008.1,118,5.5,-9900,-9900,0.0,0.0
2021,3,31,19,60,0.0,0.0,0.0,0.0,0.0,5,23.1,18.1,82,1007.9,146,5.5,-9900,-9900,0.0,0.0
2021,3,31,20,60,0.0,0.0,0.0,0.0,0.0,5,22.8,17.8,83,1007.8,150,3.7,-9900,-9900,0.0,0.0
2021,3,31,21,60,0.0,0.0,0.0,0.0,0.0,5,22.5,17.5,84,1007.7,154,3.7,-9900,-9900,0.0,0.0
2021,3,31,22,60,0.0,0.0,0.0,0.0,0.0,5,22.2,17.2,85,1007.6,159,3.7,-9900,-9900,0.0,0.0
2021,3,31,23,60,0.0,0.0,0.0,0.0,0.0,5,22.7,17.7,84,1008.3,156,3.7,-9900,-9900,0.0,0.0
2021,3,31,24,60,0.0,0.0,0.0,0.0,0.0,5,23.1,18.1,83,1009.1,153,3.7,-9900,-9900,0.0,0.0
2021,4,1,1,60,0.0,0.0,0.0,0.0,0.0,5,23.6,18.6,82,1009.8,152,3.7,-9900,-9900,0.0,0.0
2021,4,1,2,60,0.0,0.0,0.0,0.0,0.0,5,25.4,20.4,75,1009.6,157,3.7,-9900,-9900,0.0,0.0
2021,4,1,3,60,0.0,0.0,0.0,0.0,0.0,5,27.3,22.3,69,1009.5,201,3.7,-9900,-9900,0.0,0.0
2021,4,1,4,60,0.0,0.0,0.0,0.0,0.0,5,29.2,24.2,63,1009.4,311,3.7,-9900,-9900,0.0,0.0
2021,4,1,5,60,0.0,0.0,0.0,0.0,0.0,5,29.5,24.5,62,1008.6,327,5.5,-9900,-9900,0.0,0.0
2021,4,1,6,60,0.0,0.0,0.0,0.0,0.0,5,29.8,24.8,61,1007.9,334,5.5,-9900,-9900,0.0,0.0
2021,4,1,7,60,0.0,0.0,0.0,0.0,0.0,5,30.1,25.1,60,1007.1,337,5.5,-9900,-9900,0.0,0.0
2021,4,1,8,60,0.0,0.0,0.0,0.0,0.0,5,29.5,24.5,62,1007.0,346,5.5,-9900,-9900,0.0,0.0
2021,4,1,9,60,0.0,0.0,0.0,0.0,0.0,5,28.8,23.8,64,1006.9,355,5.5,-9900,-9900,0.0,0.0
2021,4,1,10,60,0.0,0.0,0.0,0.0,0.0,5,28.1,23.1,66,1006.8,5,5.5,-9900,-9900,0.0,0.0
2021,4,1,11,60,0.0,0.0,0.0,0.0,0.0,5,27.2,22.2,75,1007.4,360,5.5,-9900,-9900,0.0,0.0
2021,4,1,12,60,0.0,0.0,0.0,0.0,0.0,5,26.6,21.6,77,1007.8,54,5.5,-9900,-9900,0.0,0.0
2021,4,1,13,60,0.0,0.0,0.0,0.0,0.0,5,25.9,20.9,81,1008.1,118,3.7,-9900,-9900,0.0,0.0
2021,4,1,14,60,0.0,0.0,0.0,0.0,0.0,5,25.6,20.6,82,1008.5,124,3.7,-9900,-9900,0.0,0.0
2021,4,1,15,60,0.0,0.0,0.0,0.0,0.0,5,25.3,20.3,83,1008.9,129,3.7,-9900,-9900,0.0,0.0
2021,4,1,16,60,0.0,0.0,0.0,0.0,0.0,5,25.1,20.1,84,1009.3,132,5.5,-9900,-9900,0.0,0.0
2021,4,1,17,60,0.0,0.0,0.0,0.0,0.0,5,24.8,19.8,84,1009.1,150,5.5,-9900,-9900,0.0,0.0
2021,4,1,18,60,0.0,0.0,0.0,0.0,0.0,5,24.5,19.5,84,1008.9,166,5.5,-9900,-9900,0.0,0.0
2021,4,1,19,60,0.0,0.0,0.0,0.0,0.0,5,24.2,19.2,84,1008.7,177,5.5,-9900,-9900,0.0,0.0
2021,4,1,20,60,0.0,0.0,0.0,0.0,0.0,5,23.9,18.9,85,1008.9,175,3.7,-9900,-9900,0.0,0.0
2021,4,1,21,60,0.0,0.0,0.0,0.0,0.0,5,23.7,18.7,85,1009.1,172,3.7,-9900,-9900,0.0,0.0
2021,4,1,22,60,0.0,0.0,0.0,0.0,0.0,5,23.4,18.4,86,1009.3,170,3.7,-9900,-9900,0.0,0.0
2021,4,1,23,60,0.0,0.0,0.0,0.0,0.0,5,23.9,18.9,84,1010.0,172,3.7,-9900,-9900,0.0,0.0
2021,4,1,24,60,0.0,0.0,0.0,0.0,0.0,5,24.4,19.4,82,1010.7,174,3.7,-9900,-9900,0.0,0.0
2021,4,2,1,60,0.0,0.0,0.0,0.0,0.0,5,24.9,19.9,80,1011.5,177,3.7,-9900,-9900,0.0,0.0
2021,4,2,2,60,0.0,0.0,0.0,0.0,0.0,5,26.8,21.8,71,1011.3,204,3.7,-9900,-9900,0.0,0.0
2021,4,2,3,60,0.0,0.0,0.0,0.0,0.0,5,28.7,23.7,64,1011.1,296,3.7,-9900,-9900,0.0,0.0
2021,4,2,4,60,0.0,0.0,0.0,0.0,0.0,5,30.5,25.5,57,1010.9,321,3.7,-9900,-9900,0.0,0.0
2021,4,2,5,60,0.0,0.0,0.0,0.0,0.0,5,29.1,24.1,65,1010.8,24,5.5,-9900,-9900,0.0,0.0
2021,4,2,6,60,0.0,0.0,0.0,0.0,0.0,5,29.4,24.4,64,1010.1,26,7.4,-9900,-9900,0.0,0.0
2021,4,2,7,60,0.0,0.0,0.0,0.0,0.0,5,29.7,24.7,63,1009.5,27,7.4,-9900,-9900,0.0,0.0
2021,4,2,8,60,0.0,0.0,0.0,0.0,0.0,5,29.1,24.1,64,1009.3,30,7.4,-9900,-9900,0.0,0.0
2021,4,2,9,60,0.0,0.0,0.0,0.0,0.0,5,28.6,23.6,64,1009.2,32,7.4,-9900,-9900,0.0,0.0
2021,4,2,10,60,0.0,0.0,0.0,0.0,0.0,5,28.0,23.0,65,1009.0,35,7.4,-9900,-9900,0.0,0.0
2021,4,2,11,60,0.0,0.0,0.0,0.0,0.0,5,27.3,22.3,73,1009.6,34,5.5,-9900,-9900,0.0,0.0
2021,4,2,12,60,0.0,0.0,0.0,0.0,0.0,5,26.5,21.5,77,1010.2,48,5.5,-9900,-9900,0.0,0.0
2021,4,2,13,60,0.0,0.0,0.0,0.0,0.0,5,25.7,20.7,81,1010.8,62,5.5,-9900,-9900,0.0,0.0
2021,4,2,14,60,0.0,0.0,0.0,0.0,0.0,5,25.4,20.4,83,1011.1,59,5.5,-9900,-9900,0.0,0.0
2021,4,2,15,60,0.0,0.0,0.0,0.0,0.0,5,25.1,20.1,85,1011.5,55,5.5,-9900,-9900,0.0,0.0
2021,4,2,16,60,0.0,0.0,0.0,0.0,0.0,5,24.8,19.8,86,1011.9,50,5.5,-9900,-9900,0.0,0.0
2021,4,2,17,60,0.0,0.0,0.0,0.0,0.0,5,24.4,19.4,87,1011.7,65,5.5,-9900,-9900,0.0,0.0
2021,4,2,18,60,0.0,0.0,0.0,0.0,0.0,5,24.1,19.1,87,1011.4,110,5.5,-9900,-9900,0.0,0.0
2021,4,2,19,60,0.0,0.0,0.0,0.0,0.0,5,23.7,18.7,87,1011.2,166,5.5,-9900,-9900,0.0,0.0
2021,4,2,20,60,0.0,0.0,0.0,0.0,0.0,5,23.5,18.5,87,1011.3,140,5.5,-9900,-9900,0.0,0.0
2021,4,2,21,60,0.0,0.0,0.0,0.0,0.0,5,23.2,18.2,88,1011.4,106,5.5,-9900,-9900,0.0,0.0
2021,4,2,22,60,0.0,0.0,0.0,0.0,0.0,5,22.9,17.9,89,1011.5,81,3.7,-9900,-9900,0.0,0.0
2021,4,2,23,60,0.0,0.0,0.0,0.0,0.0,5,24.4,19.4,93,1012.0,208,3.7,-9900,-9900,0.0,0.0
2021,4,2,24,60,0.0,0.0,0.0,0.0,0.0,5,24.6,19.6,87,1012.6,191,3.7,-9900,-9900,0.0,0.0
2021,4,3,1,60,0.0,0.0,0.0,0.0,0.0,5,24.8,19.8,81,1013.2,171,3.7,-9900,-9900,0.0,0.0
2021,4,3,2,60,0.0,0.0,0.0,0.0,0.0,5,26.2,21.2,75,1013.1,18,3.7,-9900,-9900,0.0,0.0
2021,4,3,3,60,0.0,0.0,0.0,0.0,0.0,5,27.6,22.6,68,1012.9,360,5.5,-9900,-9900,0.0,0.0
2021,4,3,4,60,0.0,0.0,0.0,0.0,0.0,5,29.0,24.0,62,1012.7,359,7.4,-9900,-9900,0.0,0.0
2021,4,3,5,60,0.0,0.0,0.0,0.0,0.0,5,27.3,22.3,72,1012.2,358,7.4,-9900,-9900,0.0,0.0
2021,4,3,6,60,0.0,0.0,0.0,0.0,0.0,5,28.0,23.0,68,1011.4,358,9.3,-9900,-9900,0.0,0.0
2021,4,3,7,60,0.0,0.0,0.0,0.0,0.0,5,28.7,23.7,64,1010.6,358,9.3,-9900,-9900,0.0,0.0
2021,4,3,8,60,0.0,0.0,0.0,0.0,0.0,5,27.9,22.9,66,1010.7,14,9.3,-9900,-9900,0.0,0.0
2021,4,3,9,60,0.0,0.0,0.0,0.0,0.0,5,27.1,22.1,68,1010.9,29,9.3,-9900,-9900,0.0,0.0
2021,4,3,10,60,0.0,0.0,0.0,0.0,0.0,5,26.3,21.3,71,1011.0,41,9.3,-9900,-9900,0.0,0.0
2021,4,3,11,60,0.0,0.0,0.0,0.0,0.0,5,25.2,20.2,80,1011.2,41,9.3,-9900,-9900,0.0,0.0
2021,4,3,12,60,0.0,0.0,0.0,0.0,0.0,5,24.6,19.6,84,1011.9,57,9.3,-9900,-9900,0.0,0.0
2021,4,3,13,60,0.0,0.0,0.0,0.0,0.0,5,24.1,19.1,89,1012.7,71,9.3,-9900,-9900,0.0,0.0
2021,4,3,14,60,0.0,0.0,0.0,0.0,0.0,5,23.8,18.8,91,1013.1,75,11.1,-9900,-9900,0.0,0.0
2021,4,3,15,60,0.0,0.0,0.0,0.0,0.0,5,23.5,18.5,92,1013.5,79,11.1,-9900,-9900,0.0,0.0
2021,4,3,16,60,0.0,0.0,0.0,0.0,0.0,5,23.2,18.2,94,1013.8,82,11.1,-9900,-9900,0.0,0.0
2021,4,3,17,60,0.0,0.0,0.0,0.0,0.0,5,23.0,18.0,93,1013.8,79,11.1,-9900,-9900,0.0,0.0
2021,4,3,18,60,0.0,0.0,0.0,0.0,0.0,5,22.8,17.8,92,1013.7,77,13.0,-9900,-9900,0.0,0.0
2021,4,3,19,60,0.0,0.0,0.0,0.0,0.0,5,22.6,17.6,91,1013.6,74,13.0,-9900,-9900,0.0,0.0
2021,4,3,20,60,0.0,0.0,0.0,0.0,0.0,5,22.1,17.1,93,1014.0,75,13.0,-9900,-9900,0.0,0.0
2021,4,3,21,60,0.0,0.0,0.0,0.0,0.0,5,21.7,16.7,95,1014.3,76,13.0,-9900,-9900,0.0,0.0
2021,4,3,22,60,0.0,0.0,0.0,0.0,0.0,5,21.3,16.3,96,1014.7,77,13.0,-9900,-9900,0.0,0.0
2021,4,3,23,60,0.0,0.0,0.0,0.0,0.0,5,21.3,16.3,92,1015.5,76,14.8,-9900,-9900,0.0,0.0
2021,4,3,24,60,0.0,0.0,0.0,0.0,0.0,5,21.3,16.3,87,1016.3,76,14.8,-9900,-9900,0.0,0.0
2021,4,4,1,60,0.0,0.0,0.0,0.0,0.0,5,21.2,16.2,83,1017.0,75,14.8,-9900,-9900,0.0,0.0
2021,4,4,2,60,0.0,0.0,0.0,0.0,0.0,5,21.4,16.4,80,1017.2,73,16.7,-9900,-9900,0.0,0.0
2021,4,4,3,60,0.0,0.0,0.0,0.0,0.0,5,21.6,16.6,78,1017.3,71,18.5,-9900,-9900,0.0,0.0
2021,4,4,4,60,0.0,0.0,0.0,0.0,0.0,5,21.8,16.8,75,1017.5,70,18.5,-9900,-9900,0.0,0.0
2021,4,4,5,60,0.0,0.0,0.0,0.0,0.0,5,21.6,16.6,73,1017.1,69,20.4,-9900,-9900,0.0,0.0
2021,4,4,6,60,0.0,0.0,0.0,0.0,0.0,5,21.5,16.5,71,1016.7,69,20.4,-9900,-9900,0.0,0.0
2021,4,4,7,60,0.0,0.0,0.0,0.0,0.0,5,21.4,16.4,68,1016.3,68,20.4,-9900,-9900,0.0,0.0
2021,4,4,8,60,0.0,0.0,0.0,0.0,0.0,5,20.8,15.8,69,1016.6,71,20.4,-9900,-9900,0.0,0.0
2021,4,4,9,60,0.0,0.0,0.0,0.0,0.0,5,20.1,15.1,70,1016.9,73,20.4,-9900,-9900,0.0,0.0
2021,4,4,10,60,0.0,0.0,0.0,0.0,0.0,5,19.5,14.5,71,1017.1,76,18.5,-9900,-9900,0.0,0.0
2021,4,4,11,60,0.0,0.0,0.0,0.0,0.0,5,17.9,12.9,83,1018.3,92,18.5,-9900,-9900,0.0,0.0
2021,4,4,12,60,0.0,0.0,0.0,0.0,0.0,5,17.9,12.9,83,1018.9,91,18.5,-9900,-9900,0.0,0.0
2021,4,4,13,60,0.0,0.0,0.0,0.0,0.0,5,17.8,12.8,83,1019.5,90,16.7,-9900,-9900,0.0,0.0
2021,4,4,14,60,0.0,0.0,0.0,0.0,0.0,5,17.9,12.9,81,1019.9,91,16.7,-9900,-9900,0.0,0.0
2021,4,4,15,60,0.0,0.0,0.0,0.0,0.0,5,17.9,12.9,81,1020.2,91,16.7,-9900,-9900,0.0,0.0
2021,4,4,16,60,0.0,0.0,0.0,0.0,0.0,5,18.0,13.0,79,1020.5,92,14.8,-9900,-9900,0.0,0.0
2021,4,4,17,60,0.0,0.0,0.0,0.0,0.0,5,17.7,12.7,78,1020.3,90,14.8,-9900,-9900,0.0,0.0
2021,4,4,18,60,0.0,0.0,0.0,0.0,0.0,5,17.5,12.5,78,1020.0,88,14.8,-9900,-9900,0.0,0.0
2021,4,4,19,60,0.0,0.0,0.0,0.0,0.0,5,17.2,12.2,78,1019.8,86,14.8,-9900,-9900,0.0,0.0
2021,4,4,20,60,0.0,0.0,0.0,0.0,0.0,5,17.0,12.0,78,1019.9,85,14.8,-9900,-9900,0.0,0.0
2021,4,4,21,60,0.0,0.0,0.0,0.0,0.0,5,16.9,11.9,77,1020.0,84,14.8,-9900,-9900,0.0,0.0
2021,4,4,22,60,0.0,0.0,0.0,0.0,0.0,5,16.7,11.7,77,1020.1,83,14.8,-9900,-9900,0.0,0.0
2021,4,4,23,60,0.0,0.0,0.0,0.0,0.0,5,17.1,12.1,58,1021.0,93,14.8,-9900,-9900,0.0,0.0
2021,4,4,24,60,0.0,0.0,0.0,0.0,0.0,5,17.3,12.3,60,1021.5,93,14.8,-9900,-9900,0.0,0.0
2021,4,5,1,60,0.0,0.0,0.0,0.0,0.0,5,17.6,12.6,63,1022.1,92,16.7,-9900,-9900,0.0,0.0
2021,4,5,2,60,0.0,0.0,0.0,0.0,0.0,5,18.3,13.3,60,1021.8,87,16.7,-9900,-9900,0.0,0.0
2021,4,5,3,60,0.0,0.0,0.0,0.0,0.0,5,18.9,13.9,57,1021.5,82,16.7,-9900,-9900,0.0,0.0
2021,4,5,4,60,0.0,0.0,0.0,0.0,0.0,5,19.6,14.6,55,1021.2,77,16.7,-9900,-9900,0.0,0.0
2021,4,5,5,60,0.0,0.0,0.0,0.0,0.0,5,19.3,14.3,50,1020.7,78,16.7,-9900,-9900,0.0,0.0
2021,4,5,6,60,0.0,0.0,0.0,0.0,0.0,5,19.7,14.7,50,1019.8,72,16.7,-9900,-9900,0.0,0.0
2021,4,5,7,60,0.0,0.0,0.0,0.0,0.0,5,20.0,15.0,49,1019.0,68,18.5,-9900,-9900,0.0,0.0
2021,4,5,8,60,0.0,0.0,0.0,0.0,0.0,5,19.5,14.5,52,1018.9,69,16.7,-9900,-9900,0.0,0.0
2021,4,5,9,60,0.0,0.0,0.0,0.0,0.0,5,19.0,14.0,55,1018.9,71,16.7,-9900,-9900,0.0,0.0
2021,4,5,10,60,0.0,0.0,0.0,0.0,0.0,5,18.5,13.5,58,1018.9,72,16.7,-9900,-9900,0.0,0.0
2021,4,5,11,60,0.0,0.0,0.0,0.0,0.0,5,18.0,13.0,58,1018.8,87,14.8,-9900,-9900,0.0,0.0
2021,4,5,12,60,0.0,0.0,0.0,0.0,0.0,5,17.7,12.7,58,1019.4,88,14.8,-9900,-9900,0.0,0.0
2021,4,5,13,60,0.0,0.0,0.0,0.0,0.0,5,17.4,12.4,57,1020.0,89,14.8,-9900,-9900,0.0,0.0
2021,4,5,14,60,0.0,0.0,0.0,0.0,0.0,5,17.3,12.3,56,1019.9,91,13.0,-9900,-9900,0.0,0.0
2021,4,5,15,60,0.0,0.0,0.0,0.0,0.0,5,17.1,12.1,57,1019.8,93,13.0,-9900,-9900,0.0,0.0
2021,4,5,16,60,0.0,0.0,0.0,0.0,0.0,5,16.9,11.9,57,1019.8,97,11.1,-9900,-9900,0.0,0.0
2021,4,5,17,60,0.0,0.0,0.0,0.0,0.0,5,16.7,11.7,58,1019.2,96,11.1,-9900,-9900,0.0,0.0
2021,4,5,18,60,0.0,0.0,0.0,0.0,0.0,5,16.6,11.6,58,1018.6,96,9.3,-9900,-9900,0.0,0.0
2021,4,5,19,60,0.0,0.0,0.0,0.0,0.0,5,16.4,11.4,60,1018.0,95,9.3,-9900,-9900,0.0,0.0
2021,4,5,20,60,0.0,0.0,0.0,0.0,0.0,5,16.4,11.4,60,1018.1,95,9.3,-9900,-9900,0.0,0.0
2021,4,5,21,60,0.0,0.0,0.0,0.0,0.0,5,16.4,11.4,61,1018.1,95,9.3,-9900,-9900,0.0,0.0
2021,4,5,22,60,0.0,0.0,0.0,0.0,0.0,5,16.4,11.4,61,1018.2,94,9.3,-9900,-9900,0.0,0.0
2021,4,5,23,60,0.0,0.0,0.0,0.0,0.0,5,17.0,12.0,63,1018.7,90,9.3,-9900,-9900,0.0,0.0
2021,4,5,24,60,0.0,0.0,0.0,0.0,0.0,5,17.7,12.7,64,1019.3,87,9.3,-9900,-9900,0.0,0.0
2021,4,6,1,60,0.0,0.0,0.0,0.0,0.0,5,18.3,13.3,66,1019.9,85,11.1,-9900,-9900,0.0,0.0
2021,4,6,2,60,0.0,0.0,0.0,0.0,0.0,5,19.5,14.5,62,1019.7,83,11.1,-9900,-9900,0.0,0.0
2021,4,6,3,60,0.0,0.0,0.0,0.0,0.0,5,20.7,15.7,59,1019.5,82,13.0,-9900,-9900,0.0,0.0
2021,4,6,4,60,0.0,0.0,0.0,0.0,0.0,5,22.0,17.0,56,1019.3,80,14.8,-9900,-9900,0.0,0.0
2021,4,6,5,60,0.0,0.0,0.0,0.0,0.0,5,22.1,17.1,56,1018.8,76,14.8,-9900,-9900,0.0,0.0
2021,4,6,6,60,0.0,0.0,0.0,0.0,0.0,5,22.3,17.3,55,1018.2,73,16.7,-9900,-9900,0.0,0.0
2021,4,6,7,60,0.0,0.0,0.0,0.0,0.0,5,22.4,17.4,55,1017.7,71,16.7,-9900,-9900,0.0,0.0
2021,4,6,8,60,0.0,0.0,0.0,0.0,0.0,5,21.7,16.7,57,1017.8,74,16.7,-9900,-9900,0.0,0.0
2021,4,6,9,60,0.0,0.0,0.0,0.0,0.0,5,21.0,16.0,59,1017.8,77,18.5,-9900,-9900,0.0,0.0
2021,4,6,10,60,0.0,0.0,0.0,0.0,0.0,5,20.3,15.3,61,1017.9,80,18.5,-9900,-9900,0.0,0.0
2021,4,6,11,60,0.0,0.0,0.0,0.0,0.0,5,19.4,14.4,66,1018.8,90,16.7,-9900,-9900,0.0,0.0
2021,4,6,12,60,0.0,0.0,0.0,0.0,0.0,5,19.1,14.1,63,1019.6,91,14.8,-9900,-9900,0.0,0.0
2021,4,6,13,60,0.0,0.0,0.0,0.0,0.0,5,18.9,13.9,60,1020.5,92,14.8,-9900,-9900,0.0,0.0
2021,4,6,14,60,0.0,0.0,0.0,0.0,0.0,5,18.7,13.7,60,1020.6,95,14.8,-9900,-9900,0.0,0.0
2021,4,6,15,60,0.0,0.0,0.0,0.0,0.0,5,18.4,13.4,60,1020.7,97,13.0,-9900,-9900,0.0,0.0
2021,4,6,16,60,0.0,0.0,0.0,0.0,0.0,5,18.2,13.2,60,1020.9,101,13.0,-9900,-9900,0.0,0.0
2021,4,6,17,60,0.0,0.0,0.0,0.0,0.0,5,18.0,13.0,61,1020.3,98,11.1,-9900,-9900,0.0,0.0
2021,4,6,18,60,0.0,0.0,0.0,0.0,0.0,5,17.7,12.7,63,1019.7,96,11.1,-9900,-9900,0.0,0.0
2021,4,6,19,60,0.0,0.0,0.0,0.0,0.0,5,17.5,12.5,65,1019.1,93,11.1,-9900,-9900,0.0,0.0
2021,4,6,20,60,0.0,0.0,0.0,0.0,0.0,5,17.5,12.5,65,1018.9,94,11.1,-9900,-9900,0.0,0.0
2021,4,6,21,60,0.0,0.0,0.0,0.0,0.0,5,17.6,12.6,64,1018.8,96,11.1,-9900,-9900,0.0,0.0
2021,4,6,22,60,0.0,0.0,0.0,0.0,0.0,5,17.6,12.6,64,1018.6,97,11.1,-9900,-9900,0.0,0.0
2021,4,6,23,60,0.0,0.0,0.0,0.0,0.0,5,18.2,13.2,65,1018.9,92,13.0,-9900,-9900,0.0,0.0
2021,4,6,24,60,0.0,0.0,0.0,0.0,0.0,5,18.9,13.9,66,1019.1,88,14.8,-9900,-9900,0.0,0.0
2021,4,7,1,60,0.0,0.0,0.0,0.0,0.0,5,19.5,14.5,67,1019.3,85,16.7,-9900,-9900,0.0,0.0
2021,4,7,2,60,0.0,0.0,0.0,0.0,0.0,5,20.4,15.4,63,1019.0,85,18.5,-9900,-9900,0.0,0.0
2021,4,7,3,60,0.0,0.0,0.0,0.0,0.0,5,21.3,16.3,60,1018.7,84,18.5,-9900,-9900,0.0,0.0
2021,4,7,4,60,0.0,0.0,0.0,0.0,0.0,5,22.2,17.2,56,1018.4,83,18.5,-9900,-9900,0.0,0.0
2021,4,7,5,60,0.0,0.0,0.0,0.0,0.0,5,22.8,17.8,54,1017.1,84,18.5,-9900,-9900,0.0,0.0
2021,4,7,6,60,0.0,0.0,0.0,0.0,0.0,5,23.0,18.0,54,1016.2,82,18.5,-9900,-9900,0.0,0.0
2021,4,7,7,60,0.0,0.0,0.0,0.0,0.0,5,23.1,18.1,53,1015.3,80,20.4,-9900,-9900,0.0,0.0
2021,4,7,8,60,0.0,0.0,0.0,0.0,0.0,5,22.6,17.6,56,1015.2,82,20.4,-9900,-9900,0.0,0.0
2021,4,7,9,60,0.0,0.0,0.0,0.0,0.0,5,22.0,17.0,59,1015.1,85,18.5,-9900,-9900,0.0,0.0
2021,4,7,10,60,0.0,0.0,0.0,0.0,0.0,5,21.5,16.5,62,1015.0,87,18.5,-9900,-9900,0.0,0.0
2021,4,7,11,60,0.0,0.0,0.0,0.0,0.0,5,21.2,16.2,63,1015.5,88,16.7,-9900,-9900,0.0,0.0
2021,4,7,12,60,0.0,0.0,0.0,0.0,0.0,5,20.8,15.8,64,1016.0,89,14.8,-9900,-9900,0.0,0.0
2021,4,7,13,60,0.0,0.0,0.0,0.0,0.0,5,20.5,15.5,65,1016.5,91,14.8,-9900,-9900,0.0,0.0
2021,4,7,14,60,0.0,0.0,0.0,0.0,0.0,5,20.3,15.3,66,1016.4,90,14.8,-9900,-9900,0.0,0.0
2021,4,7,15,60,0.0,0.0,0.0,0.0,0.0,5,20.2,15.2,66,1016.3,88,14.8,-9900,-9900,0.0,0.0
2021,4,7,16,60,0.0,0.0,0.0,0.0,0.0,5,20.0,15.0,67,1016.2,87,14.8,-9900,-9900,0.0,0.0
2021,4,7,17,60,0.0,0.0,0.0,0.0,0.0,5,19.9,14.9,68,1015.6,87,13.0,-9900,-9900,0.0,0.0
2021,4,7,18,60,0.0,0.0,0.0,0.0,0.0,5,19.7,14.7,71,1014.9,88,13.0,-9900,-9900,0.0,0.0
2021,4,7,19,60,0.0,0.0,0.0,0.0,0.0,5,19.6,14.6,72,1014.3,89,11.1,-9900,-9900,0.0,0.0
2021,4,7,20,60,0.0,0.0,0.0,0.0,0.0,5,19.5,14.5,74,1014.3,90,11.1,-9900,-9900,0.0,0.0
2021,4,7,21,60,0.0,0.0,0.0,0.0,0.0,5,19.3,14.3,75,1014.4,91,11.1,-9900,-9900,0.0,0.0
2021,4,7,22,60,0.0,0.0,0.0,0.0,0.0,5,19.1,14.1,77,1014.4,93,9.3,-9900,-9900,0.0,0.0
2021,4,7,23,60,0.0,0.0,0.0,0.0,0.0,5,20.4,15.4,86,1014.0,107,7.4,-9900,-9900,0.0,0.0
2021,4,7,24,60,0.0,0.0,0.0,0.0,0.0,5,20.5,15.5,83,1014.7,106,7.4,-9900,-9900,0.0,0.0
2021,4,8,1,60,0.0,0.0,0.0,0.0,0.0,5,20.6,15.6,80,1015.4,105,7.4,-9900,-9900,0.0,0.0
2021,4,8,2,60,0.0,0.0,0.0,0.0,0.0,5,21.1,16.1,79,1015.6,93,9.3,-9900,-9900,0.0,0.0
2021,4,8,3,60,0.0,0.0,0.0,0.0,0.0,5,21.6,16.6,78,1015.7,84,11.1,-9900,-9900,0.0,0.0
2021,4,8,4,60,0.0,0.0,0.0,0.0,0.0,5,22.0,17.0,76,1015.9,78,11.1,-9900,-9900,0.0,0.0
2021,4,8,5,60,0.0,0.0,0.0,0.0,0.0,5,22.3,17.3,72,1015.4,82,13.0,-9900,-9900,0.0,0.0
2021,4,8,6,60,0.0,0.0,0.0,0.0,0.0,5,22.0,17.0,73,1014.9,80,13.0,-9900,-9900,0.0,0.0
2021,4,8,7,60,0.0,0.0,0.0,0.0,0.0,5,21.7,16.7,75,1014.4,78,11.1,-9900,-9900,0.0,0.0
2021,4,8,8,60,0.0,0.0,0.0,0.0,0.0,5,21.1,16.1,77,1014.5,77,11.1,-9900,-9900,0.0,0.0
2021,4,8,9,60,0.0,0.0,0.0,0.0,0.0,5,20.5,15.5,78,1014.7,76,11.1,-9900,-9900,0.0,0.0
2021,4,8,10,60,0.0,0.0,0.0,0.0,0.0,5,19.9,14.9,80,1014.8,74,11.1,-9900,-9900,0.0,0.0
2021,4,8,11,60,0.0,0.0,0.0,0.0,0.0,5,18.9,13.9,88,1015.5,93,7.4,-9900,-9900,0.0,0.0
2021,4,8,12,60,0.0,0.0,0.0,0.0,0.0,5,18.5,13.5,86,1016.4,95,7.4,-9900,-9900,0.0,0.0
2021,4,8,13,60,0.0,0.0,0.0,0.0,0.0,5,18.1,13.1,83,1017.2,96,9.3,-9900,-9900,0.0,0.0
2021,4,8,14,60,0.0,0.0,0.0,0.0,0.0,5,18.1,13.1,83,1017.5,93,9.3,-9900,-9900,0.0,0.0
2021,4,8,15,60,0.0,0.0,0.0,0.0,0.0,5,18.0,13.0,83,1017.7,90,9.3,-9900,-9900,0.0,0.0
2021,4,8,16,60,0.0,0.0,0.0,0.0,0.0,5,18.0,13.0,83,1018.0,87,9.3,-9900,-9900,0.0,0.0
2021,4,8,17,60,0.0,0.0,0.0,0.0,0.0,5,17.6,12.6,90,1017.9,88,13.0,-9900,-9900,0.0,0.0
2021,4,8,18,60,0.0,0.0,0.0,0.0,0.0,5,17.5,12.5,89,1017.5,86,11.1,-9900,-9900,0.0,0.0
2021,4,8,19,60,0.0,0.0,0.0,0.0,0.0,5,17.4,12.4,88,1017.0,82,11.1,-9900,-9900,0.0,0.0
2021,4,8,20,60,0.0,0.0,0.0,0.0,0.0,5,17.2,12.2,89,1017.1,84,11.1,-9900,-9900,0.0,0.0
2021,4,8,21,60,0.0,0.0,0.0,0.0,0.0,5,16.9,11.9,91,1017.3,85,11.1,-9900,-9900,0.0,0.0
2021,4,8,22,60,0.0,0.0,0.0,0.0,0.0,5,16.7,11.7,92,1017.5,86,11.1,-9900,-9900,0.0,0.0
2021,4,8,23,60,0.0,0.0,0.0,0.0,0.0,5,16.4,11.4,93,1018.3,95,13.0,-9900,-9900,0.0,0.0
2021,4,8,24,60,0.0,0.0,0.0,0.0,0.0,5,16.4,11.4,90,1019.0,94,13.0,-9900,-9900,0.0,0.0
2021,4,9,1,60,0.0,0.0,0.0,0.0,0.0,5,16.5,11.5,87,1019.6,94,13.0,-9900,-9900,0.0,0.0
2021,4,9,2,60,0.0,0.0,0.0,0.0,0.0,5,16.8,11.8,85,1019.8,91,13.0,-9900,-9900,0.0,0.0
2021,4,9,3,60,0.0,0.0,0.0,0.0,0.0,5,17.1,12.1,83,1019.9,88,13.0,-9900,-9900,0.0,0.0
2021,4,9,4,60,0.0,0.0,0.0,0.0,0.0,5,17.4,12.4,82,1020.1,85,13.0,-9900,-9900,0.0,0.0
2021,4,9,5,60,0.0,0.0,0.0,0.0,0.0,5,17.4,12.4,85,1019.9,83,13.0,-9900,-9900,0.0,0.0
2021,4,9,6,60,0.0,0.0,0.0,0.0,0.0,5,17.4,12.4,83,1019.4,80,14.8,-9900,-9900,0.0,0.0
2021,4,9,7,60,0.0,0.0,0.0,0.0,0.0,5,17.5,12.5,79,1019.0,78,14.8,-9900,-9900,0.0,0.0
2021,4,9,8,60,0.0,0.0,0.0,0.0,0.0,5,17.4,12.4,79,1018.9,80,14.8,-9900,-9900,0.0,0.0
2021,4,9,9,60,0.0,0.0,0.0,0.0,0.0,5,17.2,12.2,79,1018.9,83,14.8,-9900,-9900,0.0,0.0
2021,4,9,10,60,0.0,0.0,0.0,0.0,0.0,5,17.1,12.1,78,1018.8,85,14.8,-9900,-9900,0.0,0.0
2021,4,9,11,60,0.0,0.0,0.0,0.0,0.0,5,17.0,12.0,79,1019.3,85,14.8,-9900,-9900,0.0,0.0
2021,4,9,12,60,0.0,0.0,0.0,0.0,0.0,5,16.9,11.9,81,1019.8,85,14.8,-9900,-9900,0.0,0.0
2021,4,9,13,60,0.0,0.0,0.0,0.0,0.0,5,16.8,11.8,83,1020.3,85,14.8,-9900,-9900,0.0,0.0
2021,4,9,14,60,0.0,0.0,0.0,0.0,0.0,5,16.9,11.9,82,1020.4,85,14.8,-9900,-9900,0.0,0.0
2021,4,9,15,60,0.0,0.0,0.0,0.0,0.0,5,17.0,12.0,81,1020.5,86,14.8,-9900,-9900,0.0,0.0
2021,4,9,16,60,0.0,0.0,0.0,0.0,0.0,5,17.0,12.0,81,1020.5,86,13.0,-9900,-9900,0.0,0.0
2021,4,9,17,60,0.0,0.0,0.0,0.0,0.0,5,16.9,11.9,91,1019.9,97,13.0,-9900,-9900,0.0,0.0
2021,4,9,18,60,0.0,0.0,0.0,0.0,0.0,5,16.9,11.9,90,1019.5,95,13.0,-9900,-9900,0.0,0.0
2021,4,9,19,60,0.0,0.0,0.0,0.0,0.0,5,16.9,11.9,90,1019.1,93,11.1,-9900,-9900,0.0,0.0
2021,4,9,20,60,0.0,0.0,0.0,0.0,0.0,5,16.9,11.9,90,1019.4,93,11.1,-9900,-9900,0.0,0.0
2021,4,9,21,60,0.0,0.0,0.0,0.0,0.0,5,16.9,11.9,90,1019.7,93,11.1,-9900,-9900,0.0,0.0
2021,4,9,22,60,0.0,0.0,0.0,0.0,0.0,5,16.8,11.8,92,1020.0,94,9.3,-9900,-9900,0.0,0.0
2021,4,9,23,60,0.0,0.0,0.0,0.0,0.0,5,17.3,12.3,93,1020.7,99,9.3,-9900,-9900,0.0,0.0
2021,4,9,24,60,0.0,0.0,0.0,0.0,0.0,5,17.4,12.4,91,1021.2,97,9.3,-9900,-9900,0.0,0.0
2021,4,10,1,60,0.0,0.0,0.0,0.0,0.0,5,17.5,12.5,89,1021.8,95,11.1,-9900,-9900,0.0,0.0
2021,4,10,2,60,0.0,0.0,0.0,0.0,0.0,5,18.0,13.0,88,1021.6,90,11.1,-9900,-9900,0.0,0.0
2021,4,10,3,60,0.0,0.0,0.0,0.0,0.0,5,18.6,13.6,86,1021.5,87,13.0,-9900,-9900,0.0,0.0
2021,4,10,4,60,0.0,0.0,0.0,0.0,0.0,5,19.1,14.1,85,1021.3,84,13.0,-9900,-9900,0.0,0.0
2021,4,10,5,60,0.0,0.0,0.0,0.0,0.0,5,19.7,14.7,87,1020.6,83,14.8,-9900,-9900,0.0,0.0
2021,4,10,6,60,0.0,0.0,0.0,0.0,0.0,5,19.7,14.7,84,1020.0,81,14.8,-9900,-9900,0.0,0.0
2021,4,10,7,60,0.0,0.0,0.0,0.0,0.0,5,19.7,14.7,83,1019.4,78,14.8,-9900,-9900,0.0,0.0
2021,4,10,8,60,0.0,0.0,0.0,0.0,0.0,5,19.5,14.5,83,1019.3,78,13.0,-9900,-9900,0.0,0.0
2021,4,10,9,60,0.0,0.0,0.0,0.0,0.0,5,19.3,14.3,84,1019.1,79,13.0,-9900,-9900,0.0,0.0
2021,4,10,10,60,0.0,0.0,0.0,0.0,0.0,5,19.1,14.1,85,1018.9,80,13.0,-9900,-9900,0.0,0.0
2021,4,10,11,60,0.0,0.0,0.0,0.0,0.0,5,18.9,13.9,92,1020.1,93,9.3,-9900,-9900,0.0,0.0
2021,4,10,12,60,0.0,0.0,0.0,0.0,0.0,5,18.9,13.9,89,1020.4,93,9.3,-9900,-9900,0.0,0.0
2021,4,10,13,60,0.0,0.0,0.0,0.0,0.0,5,18.8,13.8,87,1020.6,93,9.3,-9900,-9900,0.0,0.0
2021,4,10,14,60,0.0,0.0,0.0,0.0,0.0,5,19.0,14.0,87,1020.3,89,9.3,-9900,-9900,0.0,0.0
2021,4,10,15,60,0.0,0.0,0.0,0.0,0.0,5,19.1,14.1,87,1020.1,84,9.3,-9900,-9900,0.0,0.0
2021,4,10,16,60,0.0,0.0,0.0,0.0,0.0,5,19.3,14.3,87,1019.9,79,9.3,-9900,-9900,0.0,0.0
2021,4,10,17,60,0.0,0.0,0.0,0.0,0.0,5,19.7,14.7,92,1019.5,98,7.4,-9900,-9900,0.0,0.0
2021,4,10,18,60,0.0,0.0,0.0,0.0,0.0,5,19.6,14.6,92,1018.9,100,7.4,-9900,-9900,0.0,0.0
2021,4,10,19,60,0.0,0.0,0.0,0.0,0.0,5,19.5,14.5,92,1018.3,104,5.5,-9900,-9900,0.0,0.0
2021,4,10,20,60,0.0,0.0,0.0,0.0,0.0,5,19.5,14.5,93,1018.3,107,5.5,-9900,-9900,0.0,0.0
2021,4,10,21,60,0.0,0.0,0.0,0.0,0.0,5,19.5,14.5,95,1018.4,110,5.5,-9900,-9900,0.0,0.0
2021,4,10,22,60,0.0,0.0,0.0,0.0,0.0,5,19.5,14.5,96,1018.4,114,5.5,-9900,-9900,0.0,0.0
2021,4,10,23,60,0.0,0.0,0.0,0.0,0.0,5,20.7,15.7,93,1018.3,103,7.4,-9900,-9900,0.0,0.0
2021,4,10,24,60,0.0,0.0,0.0,0.0,0.0,5,21.3,16.3,88,1018.9,106,7.4,-9900,-9900,0.0,0.0
2021,4,11,1,60,0.0,0.0,0.0,0.0,0.0,5,22.0,17.0,83,1019.4,111,5.5,-9900,-9900,0.0,0.0
2021,4,11,2,60,0.0,0.0,0.0,0.0,0.0,5,23.6,18.6,76,1019.2,109,7.4,-9900,-9900,0.0,0.0
2021,4,11,3,60,0.0,0.0,0.0,0.0,0.0,5,25.2,20.2,69,1018.9,108,7.4,-9900,-9900,0.0,0.0
2021,4,11,4,60,0.0,0.0,0.0,0.0,0.0,5,26.8,21.8,63,1018.7,107,7.4,-9900,-9900,0.0,0.0
2021,4,11,5,60,0.0,0.0,0.0,0.0,0.0,5,25.7,20.7,71,1018.3,94,11.1,-9900,-9900,0.0,0.0
2021,4,11,6,60,0.0,0.0,0.0,0.0,0.0,5,26.2,21.2,68,1017.5,92,11.1,-9900,-9900,0.0,0.0
2021,4,11,7,60,0.0,0.0,0.0,0.0,0.0,5,26.7,21.7,66,1016.8,89,9.3,-9900,-9900,0.0,0.0
2021,4,11,8,60,0.0,0.0,0.0,0.0,0.0,5,26.2,21.2,66,1016.7,91,9.3,-9900,-9900,0.0,0.0
2021,4,11,9,60,0.0,0.0,0.0,0.0,0.0,5,25.7,20.7,67,1016.6,94,9.3,-9900,-9900,0.0,0.0
2021,4,11,10,60,0.0,0.0,0.0,0.0,0.0,5,25.2,20.2,69,1016.5,97,9.3,-9900,-9900,0.0,0.0
2021,4,11,11,60,0.0,0.0,0.0,0.0,0.0,5,25.6,20.6,71,1017.0,115,9.3,-9900,-9900,0.0,0.0
2021,4,11,12,60,0.0,0.0,0.0,0.0,0.0,5,25.0,20.0,75,1017.4,114,9.3,-9900,-9900,0.0,0.0
2021,4,11,13,60,0.0,0.0,0.0,0.0,0.0,5,24.4,19.4,78,1017.8,112,7.4,-9900,-9900,0.0,0.0
2021,4,11,14,60,0.0,0.0,0.0,0.0,0.0,5,24.2,19.2,80,1017.8,113,7.4,-9900,-9900,0.0,0.0
2021,4,11,15,60,0.0,0.0,0.0,0.0,0.0,5,24.0,19.0,82,1017.8,114,7.4,-9900,-9900,0.0,0.0
2021,4,11,16,60,0.0,0.0,0.0,0.0,0.0,5,23.9,18.9,83,1017.7,115,7.4,-9900,-9900,0.0,0.0
2021,4,11,17,60,0.0,0.0,0.0,0.0,0.0,5,23.4,18.4,84,1017.4,126,7.4,-9900,-9900,0.0,0.0
2021,4,11,18,60,0.0,0.0,0.0,0.0,0.0,5,23.0,18.0,86,1017.0,139,5.5,-9900,-9900,0.0,0.0
2021,4,11,19,60,0.0,0.0,0.0,0.0,0.0,5,22.6,17.6,87,1016.6,152,3.7,-9900,-9900,0.0,0.0
2021,4,11,20,60,0.0,0.0,0.0,0.0,0.0,5,22.2,17.2,89,1016.6,160,3.7,-9900,-9900,0.0,0.0
2021,4,11,21,60,0.0,0.0,0.0,0.0,0.0,5,21.9,16.9,91,1016.6,170,3.7,-9900,-9900,0.0,0.0
2021,4,11,22,60,0.0,0.0,0.0,0.0,0.0,5,21.5,16.5,93,1016.7,181,3.7,-9900,-9900,0.0,0.0
2021,4,11,23,60,0.0,0.0,0.0,0.0,0.0,5,21.8,16.8,95,1017.0,200,5.5,-9900,-9900,0.0,0.0
2021,4,11,24,60,0.0,0.0,0.0,0.0,0.0,5,22.6,17.6,86,1017.5,199,3.7,-9900,-9900,0.0,0.0
2021,4,12,1,60,0.0,0.0,0.0,0.0,0.0,5,23.4,18.4,79,1017.9,197,3.7,-9900,-9900,0.0,0.0
2021,4,12,2,60,0.0,0.0,0.0,0.0,0.0,5,25.2,20.2,71,1017.5,231,3.7,-9900,-9900,0.0,0.0
2021,4,12,3,60,0.0,0.0,0.0,0.0,0.0,5,27.0,22.0,64,1017.1,263,5.5,-9900,-9900,0.0,0.0
2021,4,12,4,60,0.0,0.0,0.0,0.0,0.0,5,28.8,23.8,57,1016.7,281,5.5,-9900,-9900,0.0,0.0
2021,4,12,5,60,0.0,0.0,0.0,0.0,0.0,5,28.4,23.4,64,1016.1,290,7.4,-9900,-9900,0.0,0.0
2021,4,12,6,60,0.0,0.0,0.0,0.0,0.0,5,28.7,23.7,62,1015.3,299,7.4,-9900,-9900,0.0,0.0
2021,4,12,7,60,0.0,0.0,0.0,0.0,0.0,5,29.1,24.1,61,1014.5,306,9.3,-9900,-9900,0.0,0.0
2021,4,12,8,60,0.0,0.0,0.0,0.0,0.0,5,28.5,23.5,61,1014.3,312,7.4,-9900,-9900,0.0,0.0
2021,4,12,9,60,0.0,0.0,0.0,0.0,0.0,5,27.9,22.9,61,1014.0,322,7.4,-9900,-9900,0.0,0.0
2021,4,12,10,60,0.0,0.0,0.0,0.0,0.0,5,27.3,22.3,62,1013.7,340,5.5,-9900,-9900,0.0,0.0
2021,4,12,11,60,0.0,0.0,0.0,0.0,0.0,5,27.0,22.0,62,1014.1,344,5.5,-9900,-9900,0.0,0.0
2021,4,12,12,60,0.0,0.0,0.0,0.0,0.0,5,26.3,21.3,66,1014.6,8,3.7,-9900,-9900,0.0,0.0
2021,4,12,13,60,0.0,0.0,0.0,0.0,0.0,5,25.5,20.5,71,1015.0,78,3.7,-9900,-9900,0.0,0.0
2021,4,12,14,60,0.0,0.0,0.0,0.0,0.0,5,25.2,20.2,73,1015.1,106,3.7,-9900,-9900,0.0,0.0
2021,4,12,15,60,0.0,0.0,0.0,0.0,0.0,5,24.9,19.9,75,1015.2,125,3.7,-9900,-9900,0.0,0.0
2021,4,12,16,60,0.0,0.0,0.0,0.0,0.0,5,24.5,19.5,78,1015.3,136,3.7,-9900,-9900,0.0,0.0
2021,4,12,17,60,0.0,0.0,0.0,0.0,0.0,5,23.8,18.8,78,1015.1,162,3.7,-9900,-9900,0.0,0.0
2021,4,12,18,60,0.0,0.0,0.0,0.0,0.0,5,23.4,18.4,79,1014.8,168,3.7,-9900,-9900,0.0,0.0
2021,4,12,19,60,0.0,0.0,0.0,0.0,0.0,5,22.9,17.9,81,1014.4,173,3.7,-9900,-9900,0.0,0.0
2021,4,12,20,60,0.0,0.0,0.0,0.0,0.0,5,22.6,17.6,83,1014.5,170,3.7,-9900,-9900,0.0,0.0
2021,4,12,21,60,0.0,0.0,0.0,0.0,0.0,5,22.3,17.3,85,1014.6,167,3.7,-9900,-9900,0.0,0.0
2021,4,12,22,60,0.0,0.0,0.0,0.0,0.0,5,22.0,17.0,87,1014.7,163,3.7,-9900,-9900,0.0,0.0
2021,4,12,23,60,0.0,0.0,0.0,0.0,0.0,5,22.4,17.4,91,1015.1,178,3.7,-9900,-9900,0.0,0.0
2021,4,12,24,60,0.0,0.0,0.0,0.0,0.0,5,23.0,18.0,85,1015.6,185,3.7,-9900,-9900,0.0,0.0
2021,4,13,1,60,0.0,0.0,0.0,0.0,0.0,5,23.6,18.6,80,1016.2,195,3.7,-9900,-9900,0.0,0.0
2021,4,13,2,60,0.0,0.0,0.0,0.0,0.0,5,24.8,19.8,74,1015.9,218,3.7,-9900,-9900,0.0,0.0
2021,4,13,3,60,0.0,0.0,0.0,0.0,0.0,5,26.0,21.0,68,1015.7,311,5.5,-9900,-9900,0.0,0.0
2021,4,13,4,60,0.0,0.0,0.0,0.0,0.0,5,27.2,22.2,63,1015.4,341,5.5,-9900,-9900,0.0,0.0
2021,4,13,5,60,0.0,0.0,0.0,0.0,0.0,5,27.2,22.2,68,1014.9,345,5.5,-9900,-9900,0.0,0.0
2021,4,13,6,60,0.0,0.0,0.0,0.0,0.0,5,27.0,22.0,68,1014.4,354,7.4,-9900,-9900,0.0,0.0
2021,4,13,7,60,0.0,0.0,0.0,0.0,0.0,5,26.8,21.8,67,1014.0,360,7.4,-9900,-9900,0.0,0.0
2021,4,13,8,60,0.0,0.0,0.0,0.0,0.0,5,25.8,20.8,70,1014.0,37,9.3,-9900,-9900,0.0,0.0
2021,4,13,9,60,0.0,0.0,0.0,0.0,0.0,5,24.9,19.9,73,1014.0,56,9.3,-9900,-9900,0.0,0.0
2021,4,13,10,60,0.0,0.0,0.0,0.0,0.0,5,24.0,19.0,76,1014.0,65,11.1,-9900,-9900,0.0,0.0
2021,4,13,11,60,0.0,0.0,0.0,0.0,0.0,5,23.6,18.6,78,1015.1,50,11.1,-9900,-9900,0.0,0.0
2021,4,13,12,60,0.0,0.0,0.0,0.0,0.0,5,23.0,18.0,81,1015.5,62,13.0,-9900,-9900,0.0,0.0
2021,4,13,13,60,0.0,0.0,0.0,0.0,0.0,5,22.4,17.4,83,1016.0,71,13.0,-9900,-9900,0.0,0.0
2021,4,13,14,60,0.0,0.0,0.0,0.0,0.0,5,22.3,17.3,84,1016.1,71,13.0,-9900,-9900,0.0,0.0
2021,4,13,15,60,0.0,0.0,0.0,0.0,0.0,5,22.1,17.1,85,1016.3,71,13.0,-9900,-9900,0.0,0.0
2021,4,13,16,60,0.0,0.0,0.0,0.0,0.0,5,22.0,17.0,86,1016.5,70,13.0,-9900,-9900,0.0,0.0
2021,4,13,17,60,0.0,0.0,0.0,0.0,0.0,5,20.9,15.9,93,1016.0,83,14.8,-9900,-9900,0.0,0.0
2021,4,13,18,60,0.0,0.0,0.0,0.0,0.0,5,20.8,15.8,92,1015.7,80,14.8,-9900,-9900,0.0,0.0
2021,4,13,19,60,0.0,0.0,0.0,0.0,0.0,5,20.8,15.8,91,1015.4,76,13.0,-9900,-9900,0.0,0.0
2021,4,13,20,60,0.0,0.0,0.0,0.0,0.0,5,20.6,15.6,92,1015.4,77,13.0,-9900,-9900,0.0,0.0
2021,4,13,21,60,0.0,0.0,0.0,0.0,0.0,5,20.4,15.4,93,1015.4,78,13.0,-9900,-9900,0.0,0.0
2021,4,13,22,60,0.0,0.0,0.0,0.0,0.0,5,20.3,15.3,93,1015.5,79,13.0,-9900,-9900,0.0,0.0
2021,4,13,23,60,0.0,0.0,0.0,0.0,0.0,5,20.2,15.2,95,1015.9,93,13.0,-9900,-9900,0.0,0.0
2021,4,13,24,60,0.0,0.0,0.0,0.0,0.0,5,20.2,15.2,92,1016.4,91,14.8,-9900,-9900,0.0,0.0
2021,4,14,1,60,0.0,0.0,0.0,0.0,0.0,5,20.2,15.2,89,1017.0,89,14.8,-9900,-9900,0.0,0.0
2021,4,14,2,60,0.0,0.0,0.0,0.0,0.0,5,20.4,15.4,86,1017.0,86,14.8,-9900,-9900,0.0,0.0
2021,4,14,3,60,0.0,0.0,0.0,0.0,0.0,5,20.6,15.6,84,1017.0,83,16.7,-9900,-9900,0.0,0.0
2021,4,14,4,60,0.0,0.0,0.0,0.0,0.0,5,20.8,15.8,82,1017.0,80,16.7,-9900,-9900,0.0,0.0
2021,4,14,5,60,0.0,0.0,0.0,0.0,0.0,5,20.6,15.6,82,1016.5,79,16.7,-9900,-9900,0.0,0.0
2021,4,14,6,60,0.0,0.0,0.0,0.0,0.0,5,20.5,15.5,81,1016.0,77,16.7,-9900,-9900,0.0,0.0
2021,4,14,7,60,0.0,0.0,0.0,0.0,0.0,5,20.3,15.3,81,1015.5,76,16.7,-9900,-9900,0.0,0.0
2021,4,14,8,60,0.0,0.0,0.0,0.0,0.0,5,20.0,15.0,82,1015.3,77,16.7,-9900,-9900,0.0,0.0
2021,4,14,9,60,0.0,0.0,0.0,0.0,0.0,5,19.8,14.8,83,1015.1,79,18.5,-9900,-9900,0.0,0.0
2021,4,14,10,60,0.0,0.0,0.0,0.0,0.0,5,19.5,14.5,83,1014.9,80,18.5,-9900,-9900,0.0,0.0
2021,4,14,11,60,0.0,0.0,0.0,0.0,0.0,5,19.1,14.1,90,1016.1,88,18.5,-9900,-9900,0.0,0.0
2021,4,14,12,60,0.0,0.0,0.0,0.0,0.0,5,19.0,14.0,90,1016.5,88,16.7,-9900,-9900,0.0,0.0
2021,4,14,13,60,0.0,0.0,0.0,0.0,0.0,5,18.9,13.9,90,1016.9,89,16.7,-9900,-9900,0.0,0.0
2021,4,14,14,60,0.0,0.0,0.0,0.0,0.0,5,18.9,13.9,90,1016.8,88,16.7,-9900,-9900,0.0,0.0
2021,4,14,15,60,0.0,0.0,0.0,0.0,0.0,5,19.0,14.0,90,1016.7,87,16.7,-9900,-9900,0.0,0.0
2021,4,14,16,60,0.0,0.0,0.0,0.0,0.0,5,19.0,14.0,90,1016.5,85,16.7,-9900,-9900,0.0,0.0
2021,4,14,17,60,0.0,0.0,0.0,0.0,0.0,5,19.1,14.1,86,1016.1,88,16.7,-9900,-9900,0.0,0.0
2021,4,14,18,60,0.0,0.0,0.0,0.0,0.0,5,19.2,14.2,86,1015.5,85,16.7,-9900,-9900,0.0,0.0
2021,4,14,19,60,0.0,0.0,0.0,0.0,0.0,5,19.3,14.3,86,1014.9,82,16.7,-9900,-9900,0.0,0.0
2021,4,14,20,60,0.0,0.0,0.0,0.0,0.0,5,19.4,14.4,87,1014.6,82,16.7,-9900,-9900,0.0,0.0
2021,4,14,21,60,0.0,0.0,0.0,0.0,0.0,5,19.4,14.4,88,1014.2,83,14.8,-9900,-9900,0.0,0.0
2021,4,14,22,60,0.0,0.0,0.0,0.0,0.0,5,19.4,14.4,89,1013.9,84,13.0,-9900,-9900,0.0,0.0
2021,4,14,23,60,0.0,0.0,0.0,0.0,0.0,5,20.0,15.0,84,1014.0,86,13.0,-9900,-9900,0.0,0.0
2021,4,14,24,60,0.0,0.0,0.0,0.0,0.0,5,20.1,15.1,84,1014.5,87,13.0,-9900,-9900,0.0,0.0
2021,4,15,1,60,0.0,0.0,0.0,0.0,0.0,5,20.2,15.2,84,1014.9,88,13.0,-9900,-9900,0.0,0.0
2021,4,15,2,60,0.0,0.0,0.0,0.0,0.0,5,20.8,15.8,82,1014.7,86,13.0,-9900,-9900,0.0,0.0
2021,4,15,3,60,0.0,0.0,0.0,0.0,0.0,5,21.4,16.4,80,1014.6,83,13.0,-9900,-9900,0.0,0.0
2021,4,15,4,60,0.0,0.0,0.0,0.0,0.0,5,22.0,17.0,77,1014.4,81,13.0,-9900,-9900,0.0,0.0
2021,4,15,5,60,0.0,0.0,0.0,0.0,0.0,5,21.3,16.3,79,1014.2,82,14.8,-9900,-9900,0.0,0.0
2021,4,15,6,60,0.0,0.0,0.0,0.0,0.0,5,21.3,16.3,79,1013.6,82,13.0,-9900,-9900,0.0,0.0
2021,4,15,7,60,0.0,0.0,0.0,0.0,0.0,5,21.4,16.4,78,1013.1,82,11.1,-9900,-9900,0.0,0.0
2021,4,15,8,60,0.0,0.0,0.0,0.0,0.0,5,21.1,16.1,79,1013.0,81,11.1,-9900,-9900,0.0,0.0
2021,4,15,9,60,0.0,0.0,0.0,0.0,0.0,5,20.8,15.8,82,1012.9,80,11.1,-9900,-9900,0.0,0.0
2021,4,15,10,60,0.0,0.0,0.0,0.0,0.0,5,20.5,15.5,84,1012.8,78,13.0,-9900,-9900,0.0,0.0
2021,4,15,11,60,0.0,0.0,0.0,0.0,0.0,5,20.1,15.1,87,1013.5,91,7.4,-9900,-9900,0.0,0.0
2021,4,15,12,60,0.0,0.0,0.0,0.0,0.0,5,20.0,15.0,86,1014.0,91,9.3,-9900,-9900,0.0,0.0
2021,4,15,13,60,0.0,0.0,0.0,0.0,0.0,5,19.9,14.9,84,1014.6,91,9.3,-9900,-9900,0.0,0.0
2021,4,15,14,60,0.0,0.0,0.0,0.0,0.0,5,20.0,15.0,85,1014.7,88,9.3,-9900,-9900,0.0,0.0
2021,4,15,15,60,0.0,0.0,0.0,0.0,0.0,5,20.0,15.0,85,1014.8,85,9.3,-9900,-9900,0.0,0.0
2021,4,15,16,60,0.0,0.0,0.0,0.0,0.0,5,20.1,15.1,85,1014.9,82,9.3,-9900,-9900,0.0,0.0
2021,4,15,17,60,0.0,0.0,0.0,0.0,0.0,5,19.4,14.4,84,1014.8,90,9.3,-9900,-9900,0.0,0.0
2021,4,15,18,60,0.0,0.0,0.0,0.0,0.0,5,19.4,14.4,84,1014.3,88,7.4,-9900,-9900,0.0,0.0
2021,4,15,19,60,0.0,0.0,0.0,0.0,0.0,5,19.4,14.4,83,1013.8,85,7.4,-9900,-9900,0.0,0.0
2021,4,15,20,60,0.0,0.0,0.0,0.0,0.0,5,19.4,14.4,84,1013.8,86,5.5,-9900,-9900,0.0,0.0
2021,4,15,21,60,0.0,0.0,0.0,0.0,0.0,5,19.5,14.5,85,1013.7,86,5.5,-9900,-9900,0.0,0.0
2021,4,15,22,60,0.0,0.0,0.0,0.0,0.0,5,19.6,14.6,86,1013.7,88,5.5,-9900,-9900,0.0,0.0
2021,4,15,23,60,0.0,0.0,0.0,0.0,0.0,5,19.8,14.8,88,1014.4,87,5.5,-9900,-9900,0.0,0.0
2021,4,15,24,60,0.0,0.0,0.0,0.0,0.0,5,20.1,15.1,87,1014.9,88,7.4,-9900,-9900,0.0,0.0
2021,4,16,1,60,0.0,0.0,0.0,0.0,0.0,5,20.3,15.3,87,1015.4,89,7.4,-9900,-9900,0.0,0.0
2021,4,16,2,60,0.0,0.0,0.0,0.0,0.0,5,21.1,16.1,84,1015.2,79,7.4,-9900,-9900,0.0,0.0
2021,4,16,3,60,0.0,0.0,0.0,0.0,0.0,5,21.8,16.8,81,1015.1,71,7.4,-9900,-9900,0.0,0.0
2021,4,16,4,60,0.0,0.0,0.0,0.0,0.0,5,22.6,17.6,78,1015.0,64,9.3,-9900,-9900,0.0,0.0
2021,4,16,5,60,0.0,0.0,0.0,0.0,0.0,5,22.8,17.8,76,1014.7,71,11.1,-9900,-9900,0.0,0.0
2021,4,16,6,60,0.0,0.0,0.0,0.0,0.0,5,23.2,18.2,75,1014.1,69,11.1,-9900,-9900,0.0,0.0
2021,4,16,7,60,0.0,0.0,0.0,0.0,0.0,5,23.6,18.6,74,1013.4,68,11.1,-9900,-9900,0.0,0.0
2021,4,16,8,60,0.0,0.0,0.0,0.0,0.0,5,23.2,18.2,75,1013.3,67,11.1,-9900,-9900,0.0,0.0
2021,4,16,9,60,0.0,0.0,0.0,0.0,0.0,5,22.7,17.7,77,1013.2,67,9.3,-9900,-9900,0.0,0.0
2021,4,16,10,60,0.0,0.0,0.0,0.0,0.0,5,22.3,17.3,79,1013.1,66,9.3,-9900,-9900,0.0,0.0
2021,4,16,11,60,0.0,0.0,0.0,0.0,0.0,5,22.2,17.2,77,1013.3,79,13.0,-9900,-9900,0.0,0.0
2021,4,16,12,60,0.0,0.0,0.0,0.0,0.0,5,21.8,16.8,78,1014.1,80,11.1,-9900,-9900,0.0,0.0
2021,4,16,13,60,0.0,0.0,0.0,0.0,0.0,5,21.4,16.4,78,1014.8,80,11.1,-9900,-9900,0.0,0.0
2021,4,16,14,60,0.0,0.0,0.0,0.0,0.0,5,21.1,16.1,79,1015.2,81,11.1,-9900,-9900,0.0,0.0
2021,4,16,15,60,0.0,0.0,0.0,0.0,0.0,5,20.9,15.9,79,1015.7,83,9.3,-9900,-9900,0.0,0.0
2021,4,16,16,60,0.0,0.0,0.0,0.0,0.0,5,20.7,15.7,80,1016.1,85,9.3,-9900,-9900,0.0,0.0
2021,4,16,17,60,0.0,0.0,0.0,0.0,0.0,5,20.6,15.6,81,1015.8,84,9.3,-9900,-9900,0.0,0.0
2021,4,16,18,60,0.0,0.0,0.0,0.0,0.0,5,20.4,15.4,82,1015.6,83,7.4,-9900,-9900,0.0,0.0
2021,4,16,19,60,0.0,0.0,0.0,0.0,0.0,5,20.3,15.3,82,1015.3,83,7.4,-9900,-9900,0.0,0.0
2021,4,16,20,60,0.0,0.0,0.0,0.0,0.0,5,20.1,15.1,83,1015.6,81,7.4,-9900,-9900,0.0,0.0
2021,4,16,21,60,0.0,0.0,0.0,0.0,0.0,5,20.0,15.0,83,1015.9,78,7.4,-9900,-9900,0.0,0.0
2021,4,16,22,60,0.0,0.0,0.0,0.0,0.0,5,19.8,14.8,84,1016.2,75,5.5,-9900,-9900,0.0,0.0
2021,4,16,23,60,0.0,0.0,0.0,0.0,0.0,5,20.6,15.6,86,1016.5,100,9.3,-9900,-9900,0.0,0.0
2021,4,16,24,60,0.0,0.0,0.0,0.0,0.0,5,20.7,15.7,84,1017.1,100,7.4,-9900,-9900,0.0,0.0
2021,4,17,1,60,0.0,0.0,0.0,0.0,0.0,5,20.9,15.9,81,1017.8,100,7.4,-9900,-9900,0.0,0.0
2021,4,17,2,60,0.0,0.0,0.0,0.0,0.0,5,21.5,16.5,78,1018.0,92,9.3,-9900,-9900,0.0,0.0
2021,4,17,3,60,0.0,0.0,0.0,0.0,0.0,5,22.0,17.0,74,1018.2,85,9.3,-9900,-9900,0.0,0.0
2021,4,17,4,60,0.0,0.0,0.0,0.0,0.0,5,22.6,17.6,71,1018.4,78,9.3,-9900,-9900,0.0,0.0
2021,4,17,5,60,0.0,0.0,0.0,0.0,0.0,5,22.1,17.1,72,1018.0,78,11.1,-9900,-9900,0.0,0.0
2021,4,17,6,60,0.0,0.0,0.0,0.0,0.0,5,22.5,17.5,68,1017.5,76,13.0,-9900,-9900,0.0,0.0
2021,4,17,7,60,0.0,0.0,0.0,0.0,0.0,5,23.0,18.0,64,1017.1,75,14.8,-9900,-9900,0.0,0.0
2021,4,17,8,60,0.0,0.0,0.0,0.0,0.0,5,22.7,17.7,64,1017.2,80,14.8,-9900,-9900,0.0,0.0
2021,4,17,9,60,0.0,0.0,0.0,0.0,0.0,5,22.4,17.4,65,1017.4,84,14.8,-9900,-9900,0.0,0.0
2021,4,17,10,60,0.0,0.0,0.0,0.0,0.0,5,22.1,17.1,65,1017.5,87,16.7,-9900,-9900,0.0,0.0
2021,4,17,11,60,0.0,0.0,0.0,0.0,0.0,5,22.3,17.3,61,1018.0,92,16.7,-9900,-9900,0.0,0.0
2021,4,17,12,60,0.0,0.0,0.0,0.0,0.0,5,21.7,16.7,65,1018.7,92,16.7,-9900,-9900,0.0,0.0
2021,4,17,13,60,0.0,0.0,0.0,0.0,0.0,5,21.1,16.1,70,1019.5,92,16.7,-9900,-9900,0.0,0.0
2021,4,17,14,60,0.0,0.0,0.0,0.0,0.0,5,21.1,16.1,69,1019.6,94,16.7,-9900,-9900,0.0,0.0
2021,4,17,15,60,0.0,0.0,0.0,0.0,0.0,5,21.0,16.0,70,1019.8,96,16.7,-9900,-9900,0.0,0.0
2021,4,17,16,60,0.0,0.0,0.0,0.0,0.0,5,20.9,15.9,70,1020.0,98,14.8,-9900,-9900,0.0,0.0
2021,4,17,17,60,0.0,0.0,0.0,0.0,0.0,5,21.2,16.2,69,1019.4,92,16.7,-9900,-9900,0.0,0.0
2021,4,17,18,60,0.0,0.0,0.0,0.0,0.0,5,21.0,16.0,68,1019.0,89,16.7,-9900,-9900,0.0,0.0
2021,4,17,19,60,0.0,0.0,0.0,0.0,0.0,5,20.8,15.8,68,1018.6,87,16.7,-9900,-9900,0.0,0.0
2021,4,17,20,60,0.0,0.0,0.0,0.0,0.0,5,20.6,15.6,69,1018.8,87,16.7,-9900,-9900,0.0,0.0
2021,4,17,21,60,0.0,0.0,0.0,0.0,0.0,5,20.5,15.5,71,1019.0,87,16.7,-9900,-9900,0.0,0.0
2021,4,17,22,60,0.0,0.0,0.0,0.0,0.0,5,20.3,15.3,73,1019.1,87,16.7,-9900,-9900,0.0,0.0
2021,4,17,23,60,0.0,0.0,0.0,0.0,0.0,5,21.5,16.5,64,1019.0,99,14.8,-9900,-9900,0.0,0.0
2021,4,17,24,60,0.0,0.0,0.0,0.0,0.0,5,21.8,16.8,61,1019.3,94,16.7,-9900,-9900,0.0,0.0
2021,4,18,1,60,0.0,0.0,0.0,0.0,0.0,5,22.2,17.2,59,1019.7,90,18.5,-9900,-9900,0.0,0.0
2021,4,18,2,60,0.0,0.0,0.0,0.0,0.0,5,22.6,17.6,55,1019.6,90,20.4,-9900,-9900,0.0,0.0
2021,4,18,3,60,0.0,0.0,0.0,0.0,0.0,5,22.9,17.9,52,1019.6,89,20.4,-9900,-9900,0.0,0.0
2021,4,18,4,60,0.0,0.0,0.0,0.0,0.0,5,23.3,18.3,49,1019.6,88,22.2,-9900,-9900,0.0,0.0
2021,4,18,5,60,0.0,0.0,0.0,0.0,0.0,5,22.3,17.3,53,1018.8,91,22.2,-9900,-9900,0.0,0.0
2021,4,18,6,60,0.0,0.0,0.0,0.0,0.0,5,22.2,17.2,53,1018.2,90,24.1,-9900,-9900,0.0,0.0
2021,4,18,7,60,0.0,0.0,0.0,0.0,0.0,5,22.1,17.1,52,1017.5,89,24.1,-9900,-9900,0.0,0.0
2021,4,18,8,60,0.0,0.0,0.0,0.0,0.0,5,21.8,16.8,53,1017.3,89,22.2,-9900,-9900,0.0,0.0
2021,4,18,9,60,0.0,0.0,0.0,0.0,0.0,5,21.5,16.5,54,1017.1,90,22.2,-9900,-9900,0.0,0.0
2021,4,18,10,60,0.0,0.0,0.0,0.0,0.0,5,21.2,16.2,54,1016.9,90,20.4,-9900,-9900,0.0,0.0
2021,4,18,11,60,0.0,0.0,0.0,0.0,0.0,5,20.4,15.4,61,1017.1,98,20.4,-9900,-9900,0.0,0.0
2021,4,18,12,60,0.0,0.0,0.0,0.0,0.0,5,20.0,15.0,61,1017.7,98,20.4,-9900,-9900,0.0,0.0
2021,4,18,13,60,0.0,0.0,0.0,0.0,0.0,5,19.6,14.6,62,1018.4,99,18.5,-9900,-9900,0.0,0.0
2021,4,18,14,60,0.0,0.0,0.0,0.0,0.0,5,19.6,14.6,62,1018.4,98,18.5,-9900,-9900,0.0,0.0
2021,4,18,15,60,0.0,0.0,0.0,0.0,0.0,5,19.6,14.6,62,1018.3,97,18.5,-9900,-9900,0.0,0.0
2021,4,18,16,60,0.0,0.0,0.0,0.0,0.0,5,19.6,14.6,62,1018.3,96,16.7,-9900,-9900,0.0,0.0
2021,4,18,17,60,0.0,0.0,0.0,0.0,0.0,5,19.6,14.6,56,1017.6,93,16.7,-9900,-9900,0.0,0.0
2021,4,18,18,60,0.0,0.0,0.0,0.0,0.0,5,19.5,14.5,57,1016.9,91,16.7,-9900,-9900,0.0,0.0
2021,4,18,19,60,0.0,0.0,0.0,0.0,0.0,5,19.5,14.5,58,1016.2,89,16.7,-9900,-9900,0.0,0.0
2021,4,18,20,60,0.0,0.0,0.0,0.0,0.0,5,19.5,14.5,60,1015.8,90,16.7,-9900,-9900,0.0,0.0
2021,4,18,21,60,0.0,0.0,0.0,0.0,0.0,5,19.6,14.6,61,1015.5,91,14.8,-9900,-9900,0.0,0.0
2021,4,18,22,60,0.0,0.0,0.0,0.0,0.0,5,19.7,14.7,62,1015.2,92,14.8,-9900,-9900,0.0,0.0
2021,4,18,23,60,0.0,0.0,0.0,0.0,0.0,5,19.8,14.8,63,1015.3,95,14.8,-9900,-9900,0.0,0.0
2021,4,18,24,60,0.0,0.0,0.0,0.0,0.0,5,20.3,15.3,64,1015.7,93,16.7,-9900,-9900,0.0,0.0
2021,4,19,1,60,0.0,0.0,0.0,0.0,0.0,5,20.7,15.7,66,1016.0,91,16.7,-9900,-9900,0.0,0.0
2021,4,19,2,60,0.0,0.0,0.0,0.0,0.0,5,21.3,16.3,63,1015.8,90,18.5,-9900,-9900,0.0,0.0
2021,4,19,3,60,0.0,0.0,0.0,0.0,0.0,5,22.0,17.0,60,1015.7,89,18.5,-9900,-9900,0.0,0.0
2021,4,19,4,60,0.0,0.0,0.0,0.0,0.0,5,22.6,17.6,57,1015.5,89,20.4,-9900,-9900,0.0,0.0
2021,4,19,5,60,0.0,0.0,0.0,0.0,0.0,5,22.7,17.7,57,1015.1,90,20.4,-9900,-9900,0.0,0.0
2021,4,19,6,60,0.0,0.0,0.0,0.0,0.0,5,22.7,17.7,57,1014.6,91,20.4,-9900,-9900,0.0,0.0
2021,4,19,7,60,0.0,0.0,0.0,0.0,0.0,5,22.8,17.8,57,1014.2,92,20.4,-9900,-9900,0.0,0.0
2021,4,19,8,60,0.0,0.0,0.0,0.0,0.0,5,22.6,17.6,58,1014.1,92,20.4,-9900,-9900,0.0,0.0
2021,4,19,9,60,0.0,0.0,0.0,0.0,0.0,5,22.5,17.5,59,1014.0,92,20.4,-9900,-9900,0.0,0.0
2021,4,19,10,60,0.0,0.0,0.0,0.0,0.0,5,22.3,17.3,60,1014.0,93,20.4,-9900,-9900,0.0,0.0
2021,4,19,11,60,0.0,0.0,0.0,0.0,0.0,5,21.1,16.1,69,1014.7,86,20.4,-9900,-9900,0.0,0.0
2021,4,19,12,60,0.0,0.0,0.0,0.0,0.0,5,20.9,15.9,66,1014.9,86,18.5,-9900,-9900,0.0,0.0
2021,4,19,13,60,0.0,0.0,0.0,0.0,0.0,5,20.8,15.8,62,1015.1,87,18.5,-9900,-9900,0.0,0.0
2021,4,19,14,60,0.0,0.0,0.0,0.0,0.0,5,21.0,16.0,61,1015.0,88,16.7,-9900,-9900,0.0,0.0
2021,4,19,15,60,0.0,0.0,0.0,0.0,0.0,5,21.1,16.1,61,1014.8,88,16.7,-9900,-9900,0.0,0.0
2021,4,19,16,60,0.0,0.0,0.0,0.0,0.0,5,21.3,16.3,60,1014.7,89,14.8,-9900,-9900,0.0,0.0
2021,4,19,17,60,0.0,0.0,0.0,0.0,0.0,5,21.7,16.7,68,1013.8,93,14.8,-9900,-9900,0.0,0.0
2021,4,19,18,60,0.0,0.0,0.0,0.0,0.0,5,21.6,16.6,67,1013.4,91,16.7,-9900,-9900,0.0,0.0
2021,4,19,19,60,0.0,0.0,0.0,0.0,0.0,5,21.5,16.5,67,1013.0,89,16.7,-9900,-9900,0.0,0.0
2021,4,19,20,60,0.0,0.0,0.0,0.0,0.0,5,21.5,16.5,67,1013.0,90,14.8,-9900,-9900,0.0,0.0
2021,4,19,21,60,0.0,0.0,0.0,0.0,0.0,5,21.4,16.4,67,1013.1,90,14.8,-9900,-9900,0.0,0.0
2021,4,19,22,60,0.0,0.0,0.0,0.0,0.0,5,21.4,16.4,67,1013.1,90,13.0,-9900,-9900,0.0,0.0
2021,4,19,23,60,0.0,0.0,0.0,0.0,0.0,5,21.7,16.7,66,1013.4,94,14.8,-9900,-9900,0.0,0.0
2021,4,19,24,60,0.0,0.0,0.0,0.0,0.0,5,22.1,17.1,66,1013.9,91,14.8,-9900,-9900,0.0,0.0
2021,4,20,1,60,0.0,0.0,0.0,0.0,0.0,5,22.6,17.6,66,1014.3,89,16.7,-9900,-9900,0.0,0.0
2021,4,20,2,60,0.0,0.0,0.0,0.0,0.0,5,23.7,18.7,61,1014.3,91,16.7,-9900,-9900,0.0,0.0
2021,4,20,3,60,0.0,0.0,0.0,0.0,0.0,5,24.8,19.8,57,1014.3,93,18.5,-9900,-9900,0.0,0.0
2021,4,20,4,60,0.0,0.0,0.0,0.0,0.0,5,25.9,20.9,53,1014.3,94,18.5,-9900,-9900,0.0,0.0
2021,4,20,5,60,0.0,0.0,0.0,0.0,0.0,5,26.6,21.6,51,1013.6,95,20.4,-9900,-9900,0.0,0.0
2021,4,20,6,60,0.0,0.0,0.0,0.0,0.0,5,26.6,21.6,51,1012.9,96,20.4,-9900,-9900,0.0,0.0
2021,4,20,7,60,0.0,0.0,0.0,0.0,0.0,5,26.7,21.7,50,1012.2,96,22.2,-9900,-9900,0.0,0.0
2021,4,20,8,60,0.0,0.0,0.0,0.0,0.0,5,26.1,21.1,52,1012.3,96,22.2,-9900,-9900,0.0,0.0
2021,4,20,9,60,0.0,0.0,0.0,0.0,0.0,5,25.5,20.5,55,1012.5,96,20.4,-9900,-9900,0.0,0.0
2021,4,20,10,60,0.0,0.0,0.0,0.0,0.0,5,25.0,20.0,56,1012.6,96,20.4,-9900,-9900,0.0,0.0
2021,4,20,11,60,0.0,0.0,0.0,0.0,0.0,5,24.2,19.2,58,1012.7,99,20.4,-9900,-9900,0.0,0.0
2021,4,20,12,60,0.0,0.0,0.0,0.0,0.0,5,23.8,18.8,59,1013.2,98,20.4,-9900,-9900,0.0,0.0
2021,4,20,13,60,0.0,0.0,0.0,0.0,0.0,5,23.4,18.4,60,1013.7,96,18.5,-9900,-9900,0.0,0.0
2021,4,20,14,60,0.0,0.0,0.0,0.0,0.0,5,23.5,18.5,60,1013.7,96,18.5,-9900,-9900,0.0,0.0
2021,4,20,15,60,0.0,0.0,0.0,0.0,0.0,5,23.6,18.6,61,1013.7,95,16.7,-9900,-9900,0.0,0.0
2021,4,20,16,60,0.0,0.0,0.0,0.0,0.0,5,23.7,18.7,61,1013.7,94,14.8,-9900,-9900,0.0,0.0
2021,4,20,17,60,0.0,0.0,0.0,0.0,0.0,5,23.0,18.0,63,1013.3,92,14.8,-9900,-9900,0.0,0.0
2021,4,20,18,60,0.0,0.0,0.0,0.0,0.0,5,22.8,17.8,65,1012.8,91,14.8,-9900,-9900,0.0,0.0
2021,4,20,19,60,0.0,0.0,0.0,0.0,0.0,5,22.6,17.6,66,1012.3,90,14.8,-9900,-9900,0.0,0.0
2021,4,20,20,60,0.0,0.0,0.0,0.0,0.0,5,22.6,17.6,67,1012.3,91,14.8,-9900,-9900,0.0,0.0
2021,4,20,21,60,0.0,0.0,0.0,0.0,0.0,5,22.6,17.6,67,1012.2,91,14.8,-9900,-9900,0.0,0.0
2021,4,20,22,60,0.0,0.0,0.0,0.0,0.0,5,22.6,17.6,68,1012.2,91,13.0,-9900,-9900,0.0,0.0
2021,4,20,23,60,0.0,0.0,0.0,0.0,0.0,5,23.2,18.2,67,1012.9,85,14.8,-9900,-9900,0.0,0.0
2021,4,20,24,60,0.0,0.0,0.0,0.0,0.0,5,23.9,18.9,65,1013.2,86,14.8,-9900,-9900,0.0,0.0
2021,4,21,1,60,0.0,0.0,0.0,0.0,0.0,5,24.7,19.7,64,1013.6,87,14.8,-9900,-9900,0.0,0.0
2021,4,21,2,60,0.0,0.0,0.0,0.0,0.0,5,25.9,20.9,59,1013.3,89,16.7,-9900,-9900,0.0,0.0
2021,4,21,3,60,0.0,0.0,0.0,0.0,0.0,5,27.1,22.1,55,1013.1,91,16.7,-9900,-9900,0.0,0.0
2021,4,21,4,60,0.0,0.0,0.0,0.0,0.0,5,28.3,23.3,51,1012.8,93,16.7,-9900,-9900,0.0,0.0
2021,4,21,5,60,0.0,0.0,0.0,0.0,0.0,5,28.0,23.0,54,1012.2,93,18.5,-9900,-9900,0.0,0.0
2021,4,21,6,60,0.0,0.0,0.0,0.0,0.0,5,28.2,23.2,54,1011.4,94,20.4,-9900,-9900,0.0,0.0
2021,4,21,7,60,0.0,0.0,0.0,0.0,0.0,5,28.3,23.3,54,1010.6,96,20.4,-9900,-9900,0.0,0.0
2021,4,21,8,60,0.0,0.0,0.0,0.0,0.0,5,27.5,22.5,57,1010.7,94,20.4,-9900,-9900,0.0,0.0
2021,4,21,9,60,0.0,0.0,0.0,0.0,0.0,5,26.7,21.7,60,1010.8,92,20.4,-9900,-9900,0.0,0.0
2021,4,21,10,60,0.0,0.0,0.0,0.0,0.0,5,25.9,20.9,64,1010.8,91,20.4,-9900,-9900,0.0,0.0
2021,4,21,11,60,0.0,0.0,0.0,0.0,0.0,5,25.5,20.5,65,1011.2,90,20.4,-9900,-9900,0.0,0.0
2021,4,21,12,60,0.0,0.0,0.0,0.0,0.0,5,25.1,20.1,67,1011.6,89,18.5,-9900,-9900,0.0,0.0
2021,4,21,13,60,0.0,0.0,0.0,0.0,0.0,5,24.6,19.6,69,1012.0,88,18.5,-9900,-9900,0.0,0.0
2021,4,21,14,60,0.0,0.0,0.0,0.0,0.0,5,24.5,19.5,69,1011.8,84,16.7,-9900,-9900,0.0,0.0
2021,4,21,15,60,0.0,0.0,0.0,0.0,0.0,5,24.4,19.4,70,1011.6,81,16.7,-9900,-9900,0.0,0.0
2021,4,21,16,60,0.0,0.0,0.0,0.0,0.0,5,24.3,19.3,71,1011.4,78,16.7,-9900,-9900,0.0,0.0
2021,4,21,17,60,0.0,0.0,0.0,0.0,0.0,5,23.8,18.8,83,1010.9,82,18.5,-9900,-9900,0.0,0.0
2021,4,21,18,60,0.0,0.0,0.0,0.0,0.0,5,23.8,18.8,83,1010.2,83,16.7,-9900,-9900,0.0,0.0
2021,4,21,19,60,0.0,0.0,0.0,0.0,0.0,5,23.8,18.8,83,1009.6,84,16.7,-9900,-9900,0.0,0.0
2021,4,21,20,60,0.0,0.0,0.0,0.0,0.0,5,23.8,18.8,83,1009.5,83,14.8,-9900,-9900,0.0,0.0
2021,4,21,21,60,0.0,0.0,0.0,0.0,0.0,5,23.8,18.8,83,1009.5,82,14.8,-9900,-9900,0.0,0.0
2021,4,21,22,60,0.0,0.0,0.0,0.0,0.0,5,23.8,18.8,84,1009.4,80,13.0,-9900,-9900,0.0,0.0
2021,4,21,23,60,0.0,0.0,0.0,0.0,0.0,5,24.4,19.4,85,1009.3,82,13.0,-9900,-9900,0.0,0.0
2021,4,21,24,60,0.0,0.0,0.0,0.0,0.0,5,24.9,19.9,81,1009.7,85,13.0,-9900,-9900,0.0,0.0
2021,4,22,1,60,0.0,0.0,0.0,0.0,0.0,5,25.3,20.3,78,1010.0,88,13.0,-9900,-9900,0.0,0.0
2021,4,22,2,60,0.0,0.0,0.0,0.0,0.0,5,26.5,21.5,72,1009.6,90,13.0,-9900,-9900,0.0,0.0
2021,4,22,3,60,0.0,0.0,0.0,0.0,0.0,5,27.7,22.7,67,1009.2,91,13.0,-9900,-9900,0.0,0.0
2021,4,22,4,60,0.0,0.0,0.0,0.0,0.0,5,28.9,23.9,61,1008.9,93,13.0,-9900,-9900,0.0,0.0
2021,4,22,5,60,0.0,0.0,0.0,0.0,0.0,5,29.6,24.6,64,1008.2,94,14.8,-9900,-9900,0.0,0.0
2021,4,22,6,60,0.0,0.0,0.0,0.0,0.0,5,29.6,24.6,63,1007.5,96,14.8,-9900,-9900,0.0,0.0
2021,4,22,7,60,0.0,0.0,0.0,0.0,0.0,5,29.6,24.6,62,1006.8,98,14.8,-9900,-9900,0.0,0.0
2021,4,22,8,60,0.0,0.0,0.0,0.0,0.0,5,29.0,24.0,64,1006.8,96,14.8,-9900,-9900,0.0,0.0
2021,4,22,9,60,0.0,0.0,0.0,0.0,0.0,5,28.3,23.3,65,1006.9,95,13.0,-9900,-9900,0.0,0.0
2021,4,22,10,60,0.0,0.0,0.0,0.0,0.0,5,27.6,22.6,67,1007.0,92,11.1,-9900,-9900,0.0,0.0
2021,4,22,11,60,0.0,0.0,0.0,0.0,0.0,5,26.7,21.7,73,1006.2,112,9.3,-9900,-9900,0.0,0.0
2021,4,22,12,60,0.0,0.0,0.0,0.0,0.0,5,26.2,21.2,75,1006.9,113,9.3,-9900,-9900,0.0,0.0
2021,4,22,13,60,0.0,0.0,0.0,0.0,0.0,5,25.7,20.7,76,1007.5,115,7.4,-9900,-9900,0.0,0.0
2021,4,22,14,60,0.0,0.0,0.0,0.0,0.0,5,25.5,20.5,78,1007.7,114,7.4,-9900,-9900,0.0,0.0
2021,4,22,15,60,0.0,0.0,0.0,0.0,0.0,5,25.2,20.2,80,1007.8,113,7.4,-9900,-9900,0.0,0.0
2021,4,22,16,60,0.0,0.0,0.0,0.0,0.0,5,24.9,19.9,82,1007.9,112,7.4,-9900,-9900,0.0,0.0
2021,4,22,17,60,0.0,0.0,0.0,0.0,0.0,5,25.4,20.4,78,1007.5,106,9.3,-9900,-9900,0.0,0.0
2021,4,22,18,60,0.0,0.0,0.0,0.0,0.0,5,25.0,20.0,79,1007.2,113,7.4,-9900,-9900,0.0,0.0
2021,4,22,19,60,0.0,0.0,0.0,0.0,0.0,5,24.5,19.5,80,1006.9,124,5.5,-9900,-9900,0.0,0.0
2021,4,22,20,60,0.0,0.0,0.0,0.0,0.0,5,24.1,19.1,82,1007.1,132,5.5,-9900,-9900,0.0,0.0
2021,4,22,21,60,0.0,0.0,0.0,0.0,0.0,5,23.7,18.7,83,1007.3,146,3.7,-9900,-9900,0.0,0.0
2021,4,22,22,60,0.0,0.0,0.0,0.0,0.0,5,23.4,18.4,84,1007.5,174,3.7,-9900,-9900,0.0,0.0
2021,4,22,23,60,0.0,0.0,0.0,0.0,0.0,5,24.5,19.5,79,1007.8,213,5.5,-9900,-9900,0.0,0.0
2021,4,22,24,60,0.0,0.0,0.0,0.0,0.0,5,24.7,19.7,77,1008.5,206,5.5,-9900,-9900,0.0,0.0
2021,4,23,1,60,0.0,0.0,0.0,0.0,0.0,5,25.0,20.0,75,1009.1,197,3.7,-9900,-9900,0.0,0.0
2021,4,23,2,60,0.0,0.0,0.0,0.0,0.0,5,25.3,20.3,73,1009.0,259,5.5,-9900,-9900,0.0,0.0
2021,4,23,3,60,0.0,0.0,0.0,0.0,0.0,5,25.6,20.6,72,1008.9,311,5.5,-9900,-9900,0.0,0.0
2021,4,23,4,60,0.0,0.0,0.0,0.0,0.0,5,26.0,21.0,70,1008.7,325,5.5,-9900,-9900,0.0,0.0
2021,4,23,5,60,0.0,0.0,0.0,0.0,0.0,5,24.5,19.5,78,1008.2,6,7.4,-9900,-9900,0.0,0.0
2021,4,23,6,60,0.0,0.0,0.0,0.0,0.0,5,24.8,19.8,75,1007.7,3,7.4,-9900,-9900,0.0,0.0
2021,4,23,7,60,0.0,0.0,0.0,0.0,0.0,5,25.0,20.0,73,1007.2,2,9.3,-9900,-9900,0.0,0.0
2021,4,23,8,60,0.0,0.0,0.0,0.0,0.0,5,24.6,19.6,74,1007.2,16,9.3,-9900,-9900,0.0,0.0
2021,4,23,9,60,0.0,0.0,0.0,0.0,0.0,5,24.1,19.1,77,1007.1,37,7.4,-9900,-9900,0.0,0.0
2021,4,23,10,60,0.0,0.0,0.0,0.0,0.0,5,23.7,18.7,78,1007.1,62,7.4,-9900,-9900,0.0,0.0
2021,4,23,11,60,0.0,0.0,0.0,0.0,0.0,5,23.4,18.4,79,1008.6,75,11.1,-9900,-9900,0.0,0.0
2021,4,23,12,60,0.0,0.0,0.0,0.0,0.0,5,22.9,17.9,83,1009.2,76,9.3,-9900,-9900,0.0,0.0
2021,4,23,13,60,0.0,0.0,0.0,0.0,0.0,5,22.5,17.5,86,1009.9,78,9.3,-9900,-9900,0.0,0.0
2021,4,23,14,60,0.0,0.0,0.0,0.0,0.0,5,22.4,17.4,86,1010.1,81,9.3,-9900,-9900,0.0,0.0
2021,4,23,15,60,0.0,0.0,0.0,0.0,0.0,5,22.3,17.3,87,1010.3,85,9.3,-9900,-9900,0.0,0.0
2021,4,23,16,60,0.0,0.0,0.0,0.0,0.0,5,22.3,17.3,87,1010.6,89,9.3,-9900,-9900,0.0,0.0
2021,4,23,17,60,0.0,0.0,0.0,0.0,0.0,5,22.7,17.7,81,1010.6,98,9.3,-9900,-9900,0.0,0.0
2021,4,23,18,60,0.0,0.0,0.0,0.0,0.0,5,22.6,17.6,81,1010.2,96,7.4,-9900,-9900,0.0,0.0
2021,4,23,19,60,0.0,0.0,0.0,0.0,0.0,5,22.5,17.5,81,1009.8,94,7.4,-9900,-9900,0.0,0.0
2021,4,23,20,60,0.0,0.0,0.0,0.0,0.0,5,22.3,17.3,83,1010.0,93,7.4,-9900,-9900,0.0,0.0
2021,4,23,21,60,0.0,0.0,0.0,0.0,0.0,5,22.1,17.1,84,1010.2,92,7.4,-9900,-9900,0.0,0.0
2021,4,23,22,60,0.0,0.0,0.0,0.0,0.0,5,22.0,17.0,85,1010.4,92,7.4,-9900,-9900,0.0,0.0
2021,4,23,23,60,0.0,0.0,0.0,0.0,0.0,5,22.5,17.5,82,1011.1,91,7.4,-9900,-9900,0.0,0.0
2021,4,23,24,60,0.0,0.0,0.0,0.0,0.0,5,23.1,18.1,79,1011.8,90,7.4,-9900,-9900,0.0,0.0
2021,4,24,1,60,0.0,0.0,0.0,0.0,0.0,5,23.7,18.7,76,1012.5,89,7.4,-9900,-9900,0.0,0.0
2021,4,24,2,60,0.0,0.0,0.0,0.0,0.0,5,24.8,19.8,71,1012.2,80,9.3,-9900,-9900,0.0,0.0
2021,4,24,3,60,0.0,0.0,0.0,0.0,0.0,5,25.9,20.9,66,1012.0,73,9.3,-9900,-9900,0.0,0.0
2021,4,24,4,60,0.0,0.0,0.0,0.0,0.0,5,27.0,22.0,62,1011.8,68,11.1,-9900,-9900,0.0,0.0
2021,4,24,5,60,0.0,0.0,0.0,0.0,0.0,5,26.7,21.7,65,1011.7,75,14.8,-9900,-9900,0.0,0.0
2021,4,24,6,60,0.0,0.0,0.0,0.0,0.0,5,26.7,21.7,64,1011.1,74,16.7,-9900,-9900,0.0,0.0
2021,4,24,7,60,0.0,0.0,0.0,0.0,0.0,5,26.8,21.8,63,1010.5,73,16.7,-9900,-9900,0.0,0.0
2021,4,24,8,60,0.0,0.0,0.0,0.0,0.0,5,26.2,21.2,64,1010.5,76,16.7,-9900,-9900,0.0,0.0
2021,4,24,9,60,0.0,0.0,0.0,0.0,0.0,5,25.5,20.5,66,1010.5,79,16.7,-9900,-9900,0.0,0.0
2021,4,24,10,60,0.0,0.0,0.0,0.0,0.0,5,24.9,19.9,67,1010.5,83,14.8,-9900,-9900,0.0,0.0
2021,4,24,11,60,0.0,0.0,0.0,0.0,0.0,5,24.1,19.1,71,1010.7,80,16.7,-9900,-9900,0.0,0.0
2021,4,24,12,60,0.0,0.0,0.0,0.0,0.0,5,23.6,18.6,74,1011.4,78,16.7,-9900,-9900,0.0,0.0
2021,4,24,13,60,0.0,0.0,0.0,0.0,0.0,5,23.1,18.1,77,1012.0,76,14.8,-9900,-9900,0.0,0.0
2021,4,24,14,60,0.0,0.0,0.0,0.0,0.0,5,22.9,17.9,78,1012.2,77,14.8,-9900,-9900,0.0,0.0
2021,4,24,15,60,0.0,0.0,0.0,0.0,0.0,5,22.7,17.7,79,1012.3,79,13.0,-9900,-9900,0.0,0.0
2021,4,24,16,60,0.0,0.0,0.0,0.0,0.0,5,22.6,17.6,80,1012.5,80,13.0,-9900,-9900,0.0,0.0
2021,4,24,17,60,0.0,0.0,0.0,0.0,0.0,5,22.7,17.7,81,1012.2,97,13.0,-9900,-9900,0.0,0.0
2021,4,24,18,60,0.0,0.0,0.0,0.0,0.0,5,22.5,17.5,82,1011.8,93,11.1,-9900,-9900,0.0,0.0
2021,4,24,19,60,0.0,0.0,0.0,0.0,0.0,5,22.4,17.4,82,1011.4,90,11.1,-9900,-9900,0.0,0.0
2021,4,24,20,60,0.0,0.0,0.0,0.0,0.0,5,22.1,17.1,84,1011.5,91,11.1,-9900,-9900,0.0,0.0
2021,4,24,21,60,0.0,0.0,0.0,0.0,0.0,5,21.8,16.8,86,1011.6,93,9.3,-9900,-9900,0.0,0.0
2021,4,24,22,60,0.0,0.0,0.0,0.0,0.0,5,21.5,16.5,88,1011.7,95,9.3,-9900,-9900,0.0,0.0
2021,4,24,23,60,0.0,0.0,0.0,0.0,0.0,5,22.5,17.5,82,1011.8,93,13.0,-9900,-9900,0.0,0.0
2021,4,24,24,60,0.0,0.0,0.0,0.0,0.0,5,22.6,17.6,79,1012.7,95,13.0,-9900,-9900,0.0,0.0
2021,4,25,1,60,0.0,0.0,0.0,0.0,0.0,5,22.6,17.6,78,1013.5,96,11.1,-9900,-9900,0.0,0.0
2021,4,25,2,60,0.0,0.0,0.0,0.0,0.0,5,22.9,17.9,76,1013.6,94,11.1,-9900,-9900,0.0,0.0
2021,4,25,3,60,0.0,0.0,0.0,0.0,0.0,5,23.1,18.1,75,1013.7,92,13.0,-9900,-9900,0.0,0.0
2021,4,25,4,60,0.0,0.0,0.0,0.0,0.0,5,23.3,18.3,74,1013.9,90,13.0,-9900,-9900,0.0,0.0
2021,4,25,5,60,0.0,0.0,0.0,0.0,0.0,5,24.1,19.1,71,1013.7,89,14.8,-9900,-9900,0.0,0.0
2021,4,25,6,60,0.0,0.0,0.0,0.0,0.0,5,23.7,18.7,71,1013.5,89,14.8,-9900,-9900,0.0,0.0
2021,4,25,7,60,0.0,0.0,0.0,0.0,0.0,5,23.4,18.4,72,1013.2,89,14.8,-9900,-9900,0.0,0.0
2021,4,25,8,60,0.0,0.0,0.0,0.0,0.0,5,23.0,18.0,74,1013.4,89,14.8,-9900,-9900,0.0,0.0
2021,4,25,9,60,0.0,0.0,0.0,0.0,0.0,5,22.5,17.5,75,1013.6,90,14.8,-9900,-9900,0.0,0.0
2021,4,25,10,60,0.0,0.0,0.0,0.0,0.0,5,22.1,17.1,77,1013.8,90,14.8,-9900,-9900,0.0,0.0
2021,4,25,11,60,0.0,0.0,0.0,0.0,0.0,5,22.1,17.1,77,1014.3,87,14.8,-9900,-9900,0.0,0.0
2021,4,25,12,60,0.0,0.0,0.0,0.0,0.0,5,21.8,16.8,79,1014.8,88,14.8,-9900,-9900,0.0,0.0
2021,4,25,13,60,0.0,0.0,0.0,0.0,0.0,5,21.5,16.5,81,1015.2,88,14.8,-9900,-9900,0.0,0.0
2021,4,25,14,60,0.0,0.0,0.0,0.0,0.0,5,21.6,16.6,81,1015.3,89,13.0,-9900,-9900,0.0,0.0
2021,4,25,15,60,0.0,0.0,0.0,0.0,0.0,5,21.7,16.7,82,1015.3,89,13.0,-9900,-9900,0.0,0.0
2021,4,25,16,60,0.0,0.0,0.0,0.0,0.0,5,21.8,16.8,82,1015.4,90,13.0,-9900,-9900,0.0,0.0
2021,4,25,17,60,0.0,0.0,0.0,0.0,0.0,5,21.7,16.7,80,1015.3,95,14.8,-9900,-9900,0.0,0.0
2021,4,25,18,60,0.0,0.0,0.0,0.0,0.0,5,21.7,16.7,80,1014.8,93,14.8,-9900,-9900,0.0,0.0
2021,4,25,19,60,0.0,0.0,0.0,0.0,0.0,5,21.7,16.7,79,1014.4,91,14.8,-9900,-9900,0.0,0.0
2021,4,25,20,60,0.0,0.0,0.0,0.0,0.0,5,21.7,16.7,80,1014.6,92,13.0,-9900,-9900,0.0,0.0
2021,4,25,21,60,0.0,0.0,0.0,0.0,0.0,5,21.6,16.6,82,1014.8,94,11.1,-9900,-9900,0.0,0.0
2021,4,25,22,60,0.0,0.0,0.0,0.0,0.0,5,21.6,16.6,82,1015.0,95,11.1,-9900,-9900,0.0,0.0
2021,4,25,23,60,0.0,0.0,0.0,0.0,0.0,5,22.1,17.1,75,1015.4,89,13.0,-9900,-9900,0.0,0.0
2021,4,25,24,60,0.0,0.0,0.0,0.0,0.0,5,22.4,17.4,74,1016.0,89,14.8,-9900,-9900,0.0,0.0
2021,4,26,1,60,0.0,0.0,0.0,0.0,0.0,5,22.8,17.8,73,1016.6,88,14.8,-9900,-9900,0.0,0.0
2021,4,26,2,60,0.0,0.0,0.0,0.0,0.0,5,23.6,18.6,69,1016.3,90,14.8,-9900,-9900,0.0,0.0
2021,4,26,3,60,0.0,0.0,0.0,0.0,0.0,5,24.4,19.4,65,1016.1,93,16.7,-9900,-9900,0.0,0.0
2021,4,26,4,60,0.0,0.0,0.0,0.0,0.0,5,25.3,20.3,61,1015.8,95,16.7,-9900,-9900,0.0,0.0
2021,4,26,5,60,0.0,0.0,0.0,0.0,0.0,5,26.0,21.0,57,1015.1,95,16.7,-9900,-9900,0.0,0.0
2021,4,26,6,60,0.0,0.0,0.0,0.0,0.0,5,26.0,21.0,58,1014.4,96,18.5,-9900,-9900,0.0,0.0
2021,4,26,7,60,0.0,0.0,0.0,0.0,0.0,5,26.1,21.1,57,1013.8,97,18.5,-9900,-9900,0.0,0.0
2021,4,26,8,60,0.0,0.0,0.0,0.0,0.0,5,25.6,20.6,59,1013.8,97,18.5,-9900,-9900,0.0,0.0
2021,4,26,9,60,0.0,0.0,0.0,0.0,0.0,5,25.1,20.1,60,1013.7,97,16.7,-9900,-9900,0.0,0.0
2021,4,26,10,60,0.0,0.0,0.0,0.0,0.0,5,24.7,19.7,62,1013.7,97,14.8,-9900,-9900,0.0,0.0
2021,4,26,11,60,0.0,0.0,0.0,0.0,0.0,5,24.2,19.2,65,1014.2,98,14.8,-9900,-9900,0.0,0.0
2021,4,26,12,60,0.0,0.0,0.0,0.0,0.0,5,23.8,18.8,67,1014.7,100,13.0,-9900,-9900,0.0,0.0
2021,4,26,13,60,0.0,0.0,0.0,0.0,0.0,5,23.3,18.3,70,1015.2,102,13.0,-9900,-9900,0.0,0.0
2021,4,26,14,60,0.0,0.0,0.0,0.0,0.0,5,23.2,18.2,73,1015.3,101,13.0,-9900,-9900,0.0,0.0
2021,4,26,15,60,0.0,0.0,0.0,0.0,0.0,5,23.1,18.1,74,1015.5,100,11.1,-9900,-9900,0.0,0.0
2021,4,26,16,60,0.0,0.0,0.0,0.0,0.0,5,23.0,18.0,77,1015.7,99,11.1,-9900,-9900,0.0,0.0
2021,4,26,17,60,0.0,0.0,0.0,0.0,0.0,5,23.6,18.6,63,1015.0,101,11.1,-9900,-9900,0.0,0.0
2021,4,26,18,60,0.0,0.0,0.0,0.0,0.0,5,23.2,18.2,65,1014.7,105,9.3,-9900,-9900,0.0,0.0
2021,4,26,19,60,0.0,0.0,0.0,0.0,0.0,5,22.9,17.9,67,1014.4,112,7.4,-9900,-9900,0.0,0.0
2021,4,26,20,60,0.0,0.0,0.0,0.0,0.0,5,22.6,17.6,69,1014.6,115,5.5,-9900,-9900,0.0,0.0
2021,4,26,21,60,0.0,0.0,0.0,0.0,0.0,5,22.3,17.3,72,1014.8,119,5.5,-9900,-9900,0.0,0.0
2021,4,26,22,60,0.0,0.0,0.0,0.0,0.0,5,22.0,17.0,75,1015.0,125,5.5,-9900,-9900,0.0,0.0
2021,4,26,23,60,0.0,0.0,0.0,0.0,0.0,5,23.8,18.8,63,1015.1,151,5.5,-9900,-9900,0.0,0.0
2021,4,26,24,60,0.0,0.0,0.0,0.0,0.0,5,24.3,19.3,63,1015.5,143,5.5,-9900,-9900,0.0,0.0
2021,4,27,1,60,0.0,0.0,0.0,0.0,0.0,5,24.9,19.9,62,1015.8,133,3.7,-9900,-9900,0.0,0.0
2021,4,27,2,60,0.0,0.0,0.0,0.0,0.0,5,26.1,21.1,60,1015.6,136,3.7,-9900,-9900,0.0,0.0
2021,4,27,3,60,0.0,0.0,0.0,0.0,0.0,5,27.4,22.4,57,1015.4,140,3.7,-9900,-9900,0.0,0.0
2021,4,27,4,60,0.0,0.0,0.0,0.0,0.0,5,28.6,23.6,55,1015.1,145,3.7,-9900,-9900,0.0,0.0
2021,4,27,5,60,0.0,0.0,0.0,0.0,0.0,5,28.0,23.0,53,1014.1,121,7.4,-9900,-9900,0.0,0.0
2021,4,27,6,60,0.0,0.0,0.0,0.0,0.0,5,28.0,23.0,54,1013.7,123,5.5,-9900,-9900,0.0,0.0
2021,4,27,7,60,0.0,0.0,0.0,0.0,0.0,5,27.9,22.9,56,1013.4,257,3.7,-9900,-9900,0.0,0.0
2021,4,27,8,60,0.0,0.0,0.0,0.0,0.0,5,27.0,22.0,59,1013.5,263,3.7,-9900,-9900,0.0,0.0
2021,4,27,9,60,0.0,0.0,0.0,0.0,0.0,5,26.1,21.1,63,1013.6,263,3.7,-9900,-9900,0.0,0.0
2021,4,27,10,60,0.0,0.0,0.0,0.0,0.0,5,25.2,20.2,67,1013.7,264,5.5,-9900,-9900,0.0,0.0
2021,4,27,11,60,0.0,0.0,0.0,0.0,0.0,5,22.5,17.5,82,1015.3,189,5.5,-9900,-9900,0.0,0.0
2021,4,27,12,60,0.0,0.0,0.0,0.0,0.0,5,22.5,17.5,81,1015.6,196,5.5,-9900,-9900,0.0,0.0
2021,4,27,13,60,0.0,0.0,0.0,0.0,0.0,5,22.4,17.4,80,1016.0,202,3.7,-9900,-9900,0.0,0.0
2021,4,27,14,60,0.0,0.0,0.0,0.0,0.0,5,22.4,17.4,80,1016.2,206,5.5,-9900,-9900,0.0,0.0
2021,4,27,15,60,0.0,0.0,0.0,0.0,0.0,5,22.4,17.4,80,1016.4,208,5.5,-9900,-9900,0.0,0.0
2021,4,27,16,60,0.0,0.0,0.0,0.0,0.0,5,22.4,17.4,80,1016.6,211,5.5,-9900,-9900,0.0,0.0
2021,4,27,17,60,0.0,0.0,0.0,0.0,0.0,5,22.1,17.1,86,1016.4,205,5.5,-9900,-9900,0.0,0.0
2021,4,27,18,60,0.0,0.0,0.0,0.0,0.0,5,21.8,16.8,87,1016.0,196,5.5,-9900,-9900,0.0,0.0
2021,4,27,19,60,0.0,0.0,0.0,0.0,0.0,5,21.5,16.5,87,1015.7,186,3.7,-9900,-9900,0.0,0.0
2021,4,27,20,60,0.0,0.0,0.0,0.0,0.0,5,21.4,16.4,88,1015.8,178,3.7,-9900,-9900,0.0,0.0
2021,4,27,21,60,0.0,0.0,0.0,0.0,0.0,5,21.2,16.2,89,1016.0,171,3.7,-9900,-9900,0.0,0.0
2021,4,27,22,60,0.0,0.0,0.0,0.0,0.0,5,21.1,16.1,90,1016.1,164,3.7,-9900,-9900,0.0,0.0
2021,4,27,23,60,0.0,0.0,0.0,0.0,0.0,5,22.5,17.5,83,1016.3,184,3.7,-9900,-9900,0.0,0.0
2021,4,27,24,60,0.0,0.0,0.0,0.0,0.0,5,22.6,17.6,83,1016.8,191,3.7,-9900,-9900,0.0,0.0
2021,4,28,1,60,0.0,0.0,0.0,0.0,0.0,5,22.7,17.7,84,1017.2,203,3.7,-9900,-9900,0.0,0.0
2021,4,28,2,60,0.0,0.0,0.0,0.0,0.0,5,23.2,18.2,81,1017.0,262,3.7,-9900,-9900,0.0,0.0
2021,4,28,3,60,0.0,0.0,0.0,0.0,0.0,5,23.7,18.7,77,1016.8,302,3.7,-9900,-9900,0.0,0.0
2021,4,28,4,60,0.0,0.0,0.0,0.0,0.0,5,24.1,19.1,75,1016.7,315,3.7,-9900,-9900,0.0,0.0
2021,4,28,5,60,0.0,0.0,0.0,0.0,0.0,5,22.9,17.9,84,1016.2,307,5.5,-9900,-9900,0.0,0.0
2021,4,28,6,60,0.0,0.0,0.0,0.0,0.0,5,23.0,18.0,83,1015.6,312,5.5,-9900,-9900,0.0,0.0
2021,4,28,7,60,0.0,0.0,0.0,0.0,0.0,5,23.1,18.1,82,1014.9,317,5.5,-9900,-9900,0.0,0.0
2021,4,28,8,60,0.0,0.0,0.0,0.0,0.0,5,22.7,17.7,84,1014.6,327,5.5,-9900,-9900,0.0,0.0
2021,4,28,9,60,0.0,0.0,0.0,0.0,0.0,5,22.4,17.4,84,1014.3,342,3.7,-9900,-9900,0.0,0.0
2021,4,28,10,60,0.0,0.0,0.0,0.0,0.0,5,22.0,17.0,85,1013.9,6,3.7,-9900,-9900,0.0,0.0
2021,4,28,11,60,0.0,0.0,0.0,0.0,0.0,5,21.6,16.6,92,1014.5,32,5.5,-9900,-9900,0.0,0.0
2021,4,28,12,60,0.0,0.0,0.0,0.0,0.0,5,21.4,16.4,93,1014.8,90,5.5,-9900,-9900,0.0,0.0
2021,4,28,13,60,0.0,0.0,0.0,0.0,0.0,5,21.3,16.3,93,1015.1,109,5.5,-9900,-9900,0.0,0.0
2021,4,28,14,60,0.0,0.0,0.0,0.0,0.0,5,21.3,16.3,94,1015.0,107,5.5,-9900,-9900,0.0,0.0
2021,4,28,15,60,0.0,0.0,0.0,0.0,0.0,5,21.4,16.4,93,1015.0,105,5.5,-9900,-9900,0.0,0.0
2021,4,28,16,60,0.0,0.0,0.0,0.0,0.0,5,21.4,16.4,94,1014.9,104,5.5,-9900,-9900,0.0,0.0
2021,4,28,17,60,0.0,0.0,0.0,0.0,0.0,5,21.0,16.0,96,1014.2,112,5.5,-9900,-9900,0.0,0.0
2021,4,28,18,60,0.0,0.0,0.0,0.0,0.0,5,20.8,15.8,96,1013.7,119,5.5,-9900,-9900,0.0,0.0
2021,4,28,19,60,0.0,0.0,0.0,0.0,0.0,5,20.6,15.6,97,1013.2,137,3.7,-9900,-9900,0.0,0.0
2021,4,28,20,60,0.0,0.0,0.0,0.0,0.0,5,20.4,15.4,97,1013.2,137,5.5,-9900,-9900,0.0,0.0
2021,4,28,21,60,0.0,0.0,0.0,0.0,0.0,5,20.3,15.3,96,1013.1,138,5.5,-9900,-9900,0.0,0.0
2021,4,28,22,60,0.0,0.0,0.0,0.0,0.0,5,20.2,15.2,96,1013.0,139,5.5,-9900,-9900,0.0,0.0
2021,4,28,23,60,0.0,0.0,0.0,0.0,0.0,5,20.0,15.0,95,1013.5,117,5.5,-9900,-9900,0.0,0.0
2021,4,28,24,60,0.0,0.0,0.0,0.0,0.0,5,19.9,14.9,92,1013.9,102,5.5,-9900,-9900,0.0,0.0
2021,4,29,1,60,0.0,0.0,0.0,0.0,0.0,5,19.7,14.7,91,1014.4,92,5.5,-9900,-9900,0.0,0.0
2021,4,29,2,60,0.0,0.0,0.0,0.0,0.0,5,19.8,14.8,90,1014.4,83,5.5,-9900,-9900,0.0,0.0
2021,4,29,3,60,0.0,0.0,0.0,0.0,0.0,5,19.8,14.8,89,1014.4,70,5.5,-9900,-9900,0.0,0.0
2021,4,29,4,60,0.0,0.0,0.0,0.0,0.0,5,19.9,14.9,88,1014.5,53,3.7,-9900,-9900,0.0,0.0
2021,4,29,5,60,0.0,0.0,0.0,0.0,0.0,5,20.0,15.0,82,1014.5,65,5.5,-9900,-9900,0.0,0.0
2021,4,29,6,60,0.0,0.0,0.0,0.0,0.0,5,20.3,15.3,79,1013.8,60,5.5,-9900,-9900,0.0,0.0
2021,4,29,7,60,0.0,0.0,0.0,0.0,0.0,5,20.6,15.6,76,1013.1,55,5.5,-9900,-9900,0.0,0.0
2021,4,29,8,60,0.0,0.0,0.0,0.0,0.0,5,20.6,15.6,75,1012.6,67,7.4,-9900,-9900,0.0,0.0
2021,4,29,9,60,0.0,0.0,0.0,0.0,0.0,5,20.6,15.6,74,1012.1,78,7.4,-9900,-9900,0.0,0.0
2021,4,29,10,60,0.0,0.0,0.0,0.0,0.0,5,20.5,15.5,74,1011.5,86,7.4,-9900,-9900,0.0,0.0
2021,4,29,11,60,0.0,0.0,0.0,0.0,0.0,5,19.6,14.6,82,1012.4,91,7.4,-9900,-9900,0.0,0.0
2021,4,29,12,60,0.0,0.0,0.0,0.0,0.0,5,19.5,14.5,84,1012.6,92,7.4,-9900,-9900,0.0,0.0
2021,4,29,13,60,0.0,0.0,0.0,0.0,0.0,5,19.3,14.3,88,1012.7,94,7.4,-9900,-9900,0.0,0.0
2021,4,29,14,60,0.0,0.0,0.0,0.0,0.0,5,19.3,14.3,88,1012.7,104,5.5,-9900,-9900,0.0,0.0
2021,4,29,15,60,0.0,0.0,0.0,0.0,0.0,5,19.3,14.3,89,1012.7,117,5.5,-9900,-9900,0.0,0.0
2021,4,29,16,60,0.0,0.0,0.0,0.0,0.0,5,19.3,14.3,90,1012.7,132,5.5,-9900,-9900,0.0,0.0
2021,4,29,17,60,0.0,0.0,0.0,0.0,0.0,5,19.1,14.1,84,1012.0,119,3.7,-9900,-9900,0.0,0.0
2021,4,29,18,60,0.0,0.0,0.0,0.0,0.0,5,18.8,13.8,85,1011.7,138,3.7,-9900,-9900,0.0,0.0
2021,4,29,19,60,0.0,0.0,0.0,0.0,0.0,5,18.6,13.6,87,1011.4,154,3.7,-9900,-9900,0.0,0.0
2021,4,29,20,60,0.0,0.0,0.0,0.0,0.0,5,18.5,13.5,86,1011.6,167,3.7,-9900,-9900,0.0,0.0
2021,4,29,21,60,0.0,0.0,0.0,0.0,0.0,5,18.4,13.4,85,1011.7,178,3.7,-9900,-9900,0.0,0.0
2021,4,29,22,60,0.0,0.0,0.0,0.0,0.0,5,18.3,13.3,85,1011.8,187,3.7,-9900,-9900,0.0,0.0
2021,4,29,23,60,0.0,0.0,0.0,0.0,0.0,5,17.6,12.6,80,1012.5,190,3.7,-9900,-9900,0.0,0.0
2021,4,29,24,60,0.0,0.0,0.0,0.0,0.0,5,19.1,14.1,76,1012.9,187,3.7,-9900,-9900,0.0,0.0
2021,4,30,1,60,0.0,0.0,0.0,0.0,0.0,5,20.6,15.6,71,1013.3,183,3.7,-9900,-9900,0.0,0.0
2021,4,30,2,60,0.0,0.0,0.0,0.0,0.0,5,23.5,18.5,60,1013.0,212,5.5,-9900,-9900,0.0,0.0
2021,4,30,3,60,0.0,0.0,0.0,0.0,0.0,5,26.5,21.5,51,1012.7,268,5.5,-9900,-9900,0.0,0.0
2021,4,30,4,60,0.0,0.0,0.0,0.0,0.0,5,29.4,24.4,44,1012.4,299,5.5,-9900,-9900,0.0,0.0
2021,4,30,5,60,0.0,0.0,0.0,0.0,0.0,5,28.7,23.7,44,1011.9,328,5.5,-9900,-9900,0.0,0.0
2021,4,30,6,60,0.0,0.0,0.0,0.0,0.0,5,29.4,24.4,44,1011.1,328,7.4,-9900,-9900,0.0,0.0
2021,4,30,7,60,0.0,0.0,0.0,0.0,0.0,5,30.0,25.0,45,1010.3,329,7.4,-9900,-9900,0.0,0.0
2021,4,30,8,60,0.0,0.0,0.0,0.0,0.0,5,29.2,24.2,46,1010.0,332,7.4,-9900,-9900,0.0,0.0
2021,4,30,9,60,0.0,0.0,0.0,0.0,0.0,5,28.5,23.5,47,1009.8,337,7.4,-9900,-9900,0.0,0.0
2021,4,30,10,60,0.0,0.0,0.0,0.0,0.0,5,27.7,22.7,49,1009.5,343,5.5,-9900,-9900,0.0,0.0
2021,4,30,11,60,0.0,0.0,0.0,0.0,0.0,5,26.8,21.8,55,1010.0,294,5.5,-9900,-9900,0.0,0.0
2021,4,30,12,60,0.0,0.0,0.0,0.0,0.0,5,26.0,21.0,55,1010.5,273,5.5,-9900,-9900,0.0,0.0
2021,4,30,13,60,0.0,0.0,0.0,0.0,0.0,5,25.1,20.1,55,1011.1,174,3.7,-9900,-9900,0.0,0.0
2021,4,30,14,60,0.0,0.0,0.0,0.0,0.0,5,24.4,19.4,58,1011.2,201,3.7,-9900,-9900,0.0,0.0
2021,4,30,15,60,0.0,0.0,0.0,0.0,0.0,5,23.6,18.6,60,1011.4,211,3.7,-9900,-9900,0.0,0.0
2021,4,30,16,60,0.0,0.0,0.0,0.0,0.0,5,22.9,17.9,62,1011.5,216,3.7,-9900,-9900,0.0,0.0
2021,4,30,17,60,0.0,0.0,0.0,0.0,0.0,5,22.7,17.7,73,1011.5,141,5.5,-9900,-9900,0.0,0.0
2021,4,30,18,60,0.0,0.0,0.0,0.0,0.0,5,22.3,17.3,74,1011.1,154,5.5,-9900,-9900,0.0,0.0
2021,4,30,19,60,0.0,0.0,0.0,0.0,0.0,5,21.9,16.9,75,1010.7,167,3.7,-9900,-9900,0.0,0.0
2021,4,30,20,60,0.0,0.0,0.0,0.0,0.0,5,21.5,16.5,74,1010.8,173,5.5,-9900,-9900,0.0,0.0
2021,4,30,21,60,0.0,0.0,0.0,0.0,0.0,5,21.2,16.2,74,1010.8,178,5.5,-9900,-9900,0.0,0.0
2021,4,30,22,60,0.0,0.0,0.0,0.0,0.0,5,20.9,15.9,73,1010.8,181,5.5,-9900,-9900,0.0,0.0
2021,4,30,23,60,0.0,0.0,0.0,0.0,0.0,5,22.4,17.4,72,1011.4,179,5.5,-9900,-9900,0.0,0.0
2021,4,30,24,60,0.0,0.0,0.0,0.0,0.0,5,23.5,18.5,66,1012.0,183,5.5,-9900,-9900,0.0,0.0
2021,5,1,1,60,0.0,0.0,0.0,0.0,0.0,5,24.6,19.6,62,1012.5,188,5.5,-9900,-9900,0.0,0.0
2021,5,1,2,60,0.0,0.0,0.0,0.0,0.0,5,27.3,22.3,52,1012.5,221,5.5,-9900,-9900,0.0,0.0
2021,5,1,3,60,0.0,0.0,0.0,0.0,0.0,5,30.0,25.0,44,1012.5,256,5.5,-9900,-9900,0.0,0.0
2021,5,1,4,60,0.0,0.0,0.0,0.0,0.0,5,32.7,27.7,37,1012.4,277,7.4,-9900,-9900,0.0,0.0
2021,5,1,5,60,0.0,0.0,0.0,0.0,0.0,5,32.9,27.9,38,1011.9,289,7.4,-9900,-9900,0.0,0.0
2021,5,1,6,60,0.0,0.0,0.0,0.0,0.0,5,33.0,28.0,39,1011.3,297,9.3,-9900,-9900,0.0,0.0
2021,5,1,7,60,0.0,0.0,0.0,0.0,0.0,5,33.1,28.1,39,1010.8,304,9.3,-9900,-9900,0.0,0.0
2021,5,1,8,60,0.0,0.0,0.0,0.0,0.0,5,32.2,27.2,41,1010.8,306,9.3,-9900,-9900,0.0,0.0
2021,5,1,9,60,0.0,0.0,0.0,0.0,0.0,5,31.2,26.2,43,1010.8,310,7.4,-9900,-9900,0.0,0.0
2021,5,1,10,60,0.0,0.0,0.0,0.0,0.0,5,30.3,25.3,45,1010.8,318,7.4,-9900,-9900,0.0,0.0
2021,5,1,11,60,0.0,0.0,0.0,0.0,0.0,5,27.8,22.8,56,1011.5,308,5.5,-9900,-9900,0.0,0.0
2021,5,1,12,60,0.0,0.0,0.0,0.0,0.0,5,27.0,22.0,57,1012.1,305,5.5,-9900,-9900,0.0,0.0
2021,5,1,13,60,0.0,0.0,0.0,0.0,0.0,5,26.2,21.2,58,1012.7,162,3.7,-9900,-9900,0.0,0.0
2021,5,1,14,60,0.0,0.0,0.0,0.0,0.0,5,25.6,20.6,60,1013.1,138,3.7,-9900,-9900,0.0,0.0
2021,5,1,15,60,0.0,0.0,0.0,0.0,0.0,5,25.1,20.1,62,1013.5,134,5.5,-9900,-9900,0.0,0.0
2021,5,1,16,60,0.0,0.0,0.0,0.0,0.0,5,24.6,19.6,63,1013.9,133,5.5,-9900,-9900,0.0,0.0
2021,5,1,17,60,0.0,0.0,0.0,0.0,0.0,5,23.5,18.5,73,1013.5,121,5.5,-9900,-9900,0.0,0.0
2021,5,1,18,60,0.0,0.0,0.0,0.0,0.0,5,23.2,18.2,73,1013.3,133,5.5,-9900,-9900,0.0,0.0
2021,5,1,19,60,0.0,0.0,0.0,0.0,0.0,5,22.9,17.9,73,1013.1,145,5.5,-9900,-9900,0.0,0.0
2021,5,1,20,60,0.0,0.0,0.0,0.0,0.0,5,22.7,17.7,74,1013.4,145,5.5,-9900,-9900,0.0,0.0
2021,5,1,21,60,0.0,0.0,0.0,0.0,0.0,5,22.5,17.5,74,1013.6,145,5.5,-9900,-9900,0.0,0.0
2021,5,1,22,60,0.0,0.0,0.0,0.0,0.0,5,22.3,17.3,75,1013.9,145,5.5,-9900,-9900,0.0,0.0
2021,5,1,23,60,0.0,0.0,0.0,0.0,0.0,5,23.4,18.4,75,1014.5,160,3.7,-9900,-9900,0.0,0.0
2021,5,1,24,60,0.0,0.0,0.0,0.0,0.0,5,24.5,19.5,71,1015.0,145,5.5,-9900,-9900,0.0,0.0
2021,5,2,1,60,0.0,0.0,0.0,0.0,0.0,5,25.5,20.5,66,1015.6,131,5.5,-9900,-9900,0.0,0.0
2021,5,2,2,60,0.0,0.0,0.0,0.0,0.0,5,27.6,22.6,58,1015.5,109,5.5,-9900,-9900,0.0,0.0
2021,5,2,3,60,0.0,0.0,0.0,0.0,0.0,5,29.7,24.7,52,1015.5,90,7.4,-9900,-9900,0.0,0.0
2021,5,2,4,60,0.0,0.0,0.0,0.0,0.0,5,31.7,26.7,46,1015.5,76,9.3,-9900,-9900,0.0,0.0
2021,5,2,5,60,0.0,0.0,0.0,0.0,0.0,5,30.1,25.1,53,1015.1,73,9.3,-9900,-9900,0.0,0.0
2021,5,2,6,60,0.0,0.0,0.0,0.0,0.0,5,30.4,25.4,54,1014.6,72,11.1,-9900,-9900,0.0,0.0
2021,5,2,7,60,0.0,0.0,0.0,0.0,0.0,5,30.7,25.7,54,1014.1,71,13.0,-9900,-9900,0.0,0.0
2021,5,2,8,60,0.0,0.0,0.0,0.0,0.0,5,29.9,24.9,56,1014.0,78,13.0,-9900,-9900,0.0,0.0
2021,5,2,9,60,0.0,0.0,0.0,0.0,0.0,5,29.2,24.2,58,1014.0,83,14.8,-9900,-9900,0.0,0.0
2021,5,2,10,60,0.0,0.0,0.0,0.0,0.0,5,28.4,23.4,60,1013.9,87,14.8,-9900,-9900,0.0,0.0
2021,5,2,11,60,0.0,0.0,0.0,0.0,0.0,5,27.3,22.3,66,1014.3,52,13.0,-9900,-9900,0.0,0.0
2021,5,2,12,60,0.0,0.0,0.0,0.0,0.0,5,26.6,21.6,67,1014.8,61,13.0,-9900,-9900,0.0,0.0
2021,5,2,13,60,0.0,0.0,0.0,0.0,0.0,5,25.8,20.8,69,1015.3,69,13.0,-9900,-9900,0.0,0.0
2021,5,2,14,60,0.0,0.0,0.0,0.0,0.0,5,25.7,20.7,70,1015.4,71,13.0,-9900,-9900,0.0,0.0
2021,5,2,15,60,0.0,0.0,0.0,0.0,0.0,5,25.5,20.5,72,1015.6,72,13.0,-9900,-9900,0.0,0.0
2021,5,2,16,60,0.0,0.0,0.0,0.0,0.0,5,25.4,20.4,73,1015.8,73,14.8,-9900,-9900,0.0,0.0
2021,5,2,17,60,0.0,0.0,0.0,0.0,0.0,5,25.4,20.4,77,1014.9,86,18.5,-9900,-9900,0.0,0.0
2021,5,2,18,60,0.0,0.0,0.0,0.0,0.0,5,25.2,20.2,78,1014.5,85,16.7,-9900,-9900,0.0,0.0
2021,5,2,19,60,0.0,0.0,0.0,0.0,0.0,5,25.0,20.0,78,1014.1,83,16.7,-9900,-9900,0.0,0.0
2021,5,2,20,60,0.0,0.0,0.0,0.0,0.0,5,24.8,19.8,79,1014.2,82,14.8,-9900,-9900,0.0,0.0
2021,5,2,21,60,0.0,0.0,0.0,0.0,0.0,5,24.6,19.6,79,1014.4,82,14.8,-9900,-9900,0.0,0.0
2021,5,2,22,60,0.0,0.0,0.0,0.0,0.0,5,24.3,19.3,80,1014.5,81,13.0,-9900,-9900,0.0,0.0
2021,5,2,23,60,0.0,0.0,0.0,0.0,0.0,5,25.8,20.8,76,1014.2,84,11.1,-9900,-9900,0.0,0.0
2021,5,2,24,60,0.0,0.0,0.0,0.0,0.0,5,26.5,21.5,71,1014.7,87,13.0,-9900,-9900,0.0,0.0
2021,5,3,1,60,0.0,0.0,0.0,0.0,0.0,5,27.2,22.2,67,1015.1,89,13.0,-9900,-9900,0.0,0.0
2021,5,3,2,60,0.0,0.0,0.0,0.0,0.0,5,28.6,23.6,61,1014.9,93,13.0,-9900,-9900,0.0,0.0
2021,5,3,3,60,0.0,0.0,0.0,0.0,0.0,5,30.1,25.1,55,1014.6,97,13.0,-9900,-9900,0.0,0.0
2021,5,3,4,60,0.0,0.0,0.0,0.0,0.0,5,31.5,26.5,50,1014.4,101,13.0,-9900,-9900,0.0,0.0
2021,5,3,5,60,0.0,0.0,0.0,0.0,0.0,5,30.3,25.3,55,1013.9,98,14.8,-9900,-9900,0.0,0.0
2021,5,3,6,60,0.0,0.0,0.0,0.0,0.0,5,30.5,25.5,54,1013.3,97,13.0,-9900,-9900,0.0,0.0
2021,5,3,7,60,0.0,0.0,0.0,0.0,0.0,5,30.6,25.6,54,1012.7,95,13.0,-9900,-9900,0.0,0.0
2021,5,3,8,60,0.0,0.0,0.0,0.0,0.0,5,29.7,24.7,57,1012.7,95,11.1,-9900,-9900,0.0,0.0
2021,5,3,9,60,0.0,0.0,0.0,0.0,0.0,5,28.7,23.7,60,1012.6,94,9.3,-9900,-9900,0.0,0.0
2021,5,3,10,60,0.0,0.0,0.0,0.0,0.0,5,27.7,22.7,63,1012.6,93,7.4,-9900,-9900,0.0,0.0
2021,5,3,11,60,0.0,0.0,0.0,0.0,0.0,5,26.0,21.0,76,1013.2,129,7.4,-9900,-9900,0.0,0.0
2021,5,3,12,60,0.0,0.0,0.0,0.0,0.0,5,25.6,20.6,81,1013.6,132,7.4,-9900,-9900,0.0,0.0
2021,5,3,13,60,0.0,0.0,0.0,0.0,0.0,5,25.2,20.2,86,1013.9,135,7.4,-9900,-9900,0.0,0.0
2021,5,3,14,60,0.0,0.0,0.0,0.0,0.0,5,25.1,20.1,88,1013.9,133,7.4,-9900,-9900,0.0,0.0
2021,5,3,15,60,0.0,0.0,0.0,0.0,0.0,5,25.0,20.0,89,1013.8,130,5.5,-9900,-9900,0.0,0.0
2021,5,3,16,60,0.0,0.0,0.0,0.0,0.0,5,24.9,19.9,91,1013.7,127,5.5,-9900,-9900,0.0,0.0
2021,5,3,17,60,0.0,0.0,0.0,0.0,0.0,5,24.8,19.8,89,1013.1,135,5.5,-9900,-9900,0.0,0.0
2021,5,3,18,60,0.0,0.0,0.0,0.0,0.0,5,24.7,19.7,87,1012.4,144,5.5,-9900,-9900,0.0,0.0
2021,5,3,19,60,0.0,0.0,0.0,0.0,0.0,5,24.6,19.6,84,1011.8,153,5.5,-9900,-9900,0.0,0.0
2021,5,3,20,60,0.0,0.0,0.0,0.0,0.0,5,24.3,19.3,86,1011.8,162,3.7,-9900,-9900,0.0,0.0
2021,5,3,21,60,0.0,0.0,0.0,0.0,0.0,5,23.9,18.9,88,1011.8,170,3.7,-9900,-9900,0.0,0.0
2021,5,3,22,60,0.0,0.0,0.0,0.0,0.0,5,23.6,18.6,89,1011.9,179,3.7,-9900,-9900,0.0,0.0
2021,5,3,23,60,0.0,0.0,0.0,0.0,0.0,5,25.8,20.8,74,1012.2,117,5.5,-9900,-9900,0.0,0.0
2021,5,3,24,60,0.0,0.0,0.0,0.0,0.0,5,26.3,21.3,72,1012.6,127,5.5,-9900,-9900,0.0,0.0
2021,5,4,1,60,0.0,0.0,0.0,0.0,0.0,5,26.8,21.8,70,1013.0,142,3.7,-9900,-9900,0.0,0.0
2021,5,4,2,60,0.0,0.0,0.0,0.0,0.0,5,28.1,23.1,64,1012.7,149,3.7,-9900,-9900,0.0,0.0
2021,5,4,3,60,0.0,0.0,0.0,0.0,0.0,5,29.4,24.4,60,1012.4,184,1.8,-9900,-9900,0.0,0.0
2021,5,4,4,60,0.0,0.0,0.0,0.0,0.0,5,30.7,25.7,55,1012.2,280,1.8,-9900,-9900,0.0,0.0
2021,5,4,5,60,0.0,0.0,0.0,0.0,0.0,5,29.3,24.3,61,1011.8,305,3.7,-9900,-9900,0.0,0.0
2021,5,4,6,60,0.0,0.0,0.0,0.0,0.0,5,29.5,24.5,62,1011.1,324,5.5,-9900,-9900,0.0,0.0
2021,5,4,7,60,0.0,0.0,0.0,0.0,0.0,5,29.7,24.7,62,1010.5,336,5.5,-9900,-9900,0.0,0.0
2021,5,4,8,60,0.0,0.0,0.0,0.0,0.0,5,29.1,24.1,63,1010.3,346,5.5,-9900,-9900,0.0,0.0
2021,5,4,9,60,0.0,0.0,0.0,0.0,0.0,5,28.5,23.5,64,1010.1,5,5.5,-9900,-9900,0.0,0.0
2021,5,4,10,60,0.0,0.0,0.0,0.0,0.0,5,27.9,22.9,65,1009.9,36,5.5,-9900,-9900,0.0,0.0
2021,5,4,11,60,0.0,0.0,0.0,0.0,0.0,5,28.1,23.1,65,1010.0,320,5.5,-9900,-9900,0.0,0.0
2021,5,4,12,60,0.0,0.0,0.0,0.0,0.0,5,27.4,22.4,69,1010.7,308,5.5,-9900,-9900,0.0,0.0
2021,5,4,13,60,0.0,0.0,0.0,0.0,0.0,5,26.8,21.8,72,1011.3,152,3.7,-9900,-9900,0.0,0.0
2021,5,4,14,60,0.0,0.0,0.0,0.0,0.0,5,26.5,21.5,75,1011.6,154,3.7,-9900,-9900,0.0,0.0
2021,5,4,15,60,0.0,0.0,0.0,0.0,0.0,5,26.3,21.3,76,1011.9,155,3.7,-9900,-9900,0.0,0.0
2021,5,4,16,60,0.0,0.0,0.0,0.0,0.0,5,26.1,21.1,78,1012.2,156,3.7,-9900,-9900,0.0,0.0
2021,5,4,17,60,0.0,0.0,0.0,0.0,0.0,5,26.3,21.3,75,1012.0,153,3.7,-9900,-9900,0.0,0.0
2021,5,4,18,60,0.0,0.0,0.0,0.0,0.0,5,25.9,20.9,77,1011.6,166,3.7,-9900,-9900,0.0,0.0
2021,5,4,19,60,0.0,0.0,0.0,0.0,0.0,5,25.5,20.5,78,1011.3,173,3.7,-9900,-9900,0.0,0.0
2021,5,4,20,60,0.0,0.0,0.0,0.0,0.0,5,25.3,20.3,80,1011.6,170,3.7,-9900,-9900,0.0,0.0
2021,5,4,21,60,0.0,0.0,0.0,0.0,0.0,5,25.0,20.0,82,1011.9,167,3.7,-9900,-9900,0.0,0.0
2021,5,4,22,60,0.0,0.0,0.0,0.0,0.0,5,24.8,19.8,83,1012.1,165,5.5,-9900,-9900,0.0,0.0
2021,5,4,23,60,0.0,0.0,0.0,0.0,0.0,5,25.5,20.5,83,1012.8,128,5.5,-9900,-9900,0.0,0.0
2021,5,4,24,60,0.0,0.0,0.0,0.0,0.0,5,25.4,20.4,83,1013.5,117,7.4,-9900,-9900,0.0,0.0
2021,5,5,1,60,0.0,0.0,0.0,0.0,0.0,5,25.3,20.3,82,1014.1,109,7.4,-9900,-9900,0.0,0.0
2021,5,5,2,60,0.0,0.0,0.0,0.0,0.0,5,24.9,19.9,81,1014.6,98,9.3,-9900,-9900,0.0,0.0
2021,5,5,3,60,0.0,0.0,0.0,0.0,0.0,5,24.5,19.5,81,1015.0,92,13.0,-9900,-9900,0.0,0.0
2021,5,5,4,60,0.0,0.0,0.0,0.0,0.0,5,24.1,19.1,80,1015.5,88,14.8,-9900,-9900,0.0,0.0
2021,5,5,5,60,0.0,0.0,0.0,0.0,0.0,5,22.8,17.8,83,1015.3,86,14.8,-9900,-9900,0.0,0.0
2021,5,5,6,60,0.0,0.0,0.0,0.0,0.0,5,22.6,17.6,82,1015.2,84,14.8,-9900,-9900,0.0,0.0
2021,5,5,7,60,0.0,0.0,0.0,0.0,0.0,5,22.5,17.5,81,1015.1,83,14.8,-9900,-9900,0.0,0.0
2021,5,5,8,60,0.0,0.0,0.0,0.0,0.0,5,22.2,17.2,82,1015.3,83,16.7,-9900,-9900,0.0,0.0
2021,5,5,9,60,0.0,0.0,0.0,0.0,0.0,5,21.9,16.9,83,1015.5,84,16.7,-9900,-9900,0.0,0.0
2021,5,5,10,60,0.0,0.0,0.0,0.0,0.0,5,21.6,16.6,83,1015.7,84,16.7,-9900,-9900,0.0,0.0
2021,5,5,11,60,0.0,0.0,0.0,0.0,0.0,5,21.1,16.1,84,1016.7,93,18.5,-9900,-9900,0.0,0.0
2021,5,5,12,60,0.0,0.0,0.0,0.0,0.0,5,21.2,16.2,87,1017.1,94,16.7,-9900,-9900,0.0,0.0
2021,5,5,13,60,0.0,0.0,0.0,0.0,0.0,5,21.2,16.2,90,1017.4,95,16.7,-9900,-9900,0.0,0.0
2021,5,5,14,60,0.0,0.0,0.0,0.0,0.0,5,21.3,16.3,90,1017.4,93,16.7,-9900,-9900,0.0,0.0
2021,5,5,15,60,0.0,0.0,0.0,0.0,0.0,5,21.5,16.5,88,1017.4,91,16.7,-9900,-9900,0.0,0.0
2021,5,5,16,60,0.0,0.0,0.0,0.0,0.0,5,21.7,16.7,87,1017.4,88,14.8,-9900,-9900,0.0,0.0
2021,5,5,17,60,0.0,0.0,0.0,0.0,0.0,5,20.7,15.7,76,1016.8,95,14.8,-9900,-9900,0.0,0.0
2021,5,5,18,60,0.0,0.0,0.0,0.0,0.0,5,21.0,16.0,76,1016.2,93,14.8,-9900,-9900,0.0,0.0
2021,5,5,19,60,0.0,0.0,0.0,0.0,0.0,5,21.3,16.3,76,1015.5,92,13.0,-9900,-9900,0.0,0.0
2021,5,5,20,60,0.0,0.0,0.0,0.0,0.0,5,21.6,16.6,77,1015.5,93,11.1,-9900,-9900,0.0,0.0
2021,5,5,21,60,0.0,0.0,0.0,0.0,0.0,5,22.0,17.0,78,1015.4,94,9.3,-9900,-9900,0.0,0.0
2021,5,5,22,60,0.0,0.0,0.0,0.0,0.0,5,22.3,17.3,78,1015.4,96,7.4,-9900,-9900,0.0,0.0
2021,5,5,23,60,0.0,0.0,0.0,0.0,0.0,5,21.9,16.9,85,1015.9,100,11.1,-9900,-9900,0.0,0.0
2021,5,5,24,60,0.0,0.0,0.0,0.0,0.0,5,22.5,17.5,83,1016.3,98,11.1,-9900,-9900,0.0,0.0
2021,5,6,1,60,0.0,0.0,0.0,0.0,0.0,5,23.2,18.2,80,1016.7,96,9.3,-9900,-9900,0.0,0.0
2021,5,6,2,60,0.0,0.0,0.0,0.0,0.0,5,24.5,19.5,75,1016.4,90,9.3,-9900,-9900,0.0,0.0
2021,5,6,3,60,0.0,0.0,0.0,0.0,0.0,5,25.9,20.9,70,1016.2,85,11.1,-9900,-9900,0.0,0.0
2021,5,6,4,60,0.0,0.0,0.0,0.0,0.0,5,27.3,22.3,66,1015.9,78,11.1,-9900,-9900,0.0,0.0
2021,5,6,5,60,0.0,0.0,0.0,0.0,0.0,5,27.5,22.5,66,1015.3,77,9.3,-9900,-9900,0.0,0.0
2021,5,6,6,60,0.0,0.0,0.0,0.0,0.0,5,27.7,22.7,66,1014.7,75,9.3,-9900,-9900,0.0,0.0
2021,5,6,7,60,0.0,0.0,0.0,0.0,0.0,5,27.9,22.9,65,1014.0,73,9.3,-9900,-9900,0.0,0.0
2021,5,6,8,60,0.0,0.0,0.0,0.0,0.0,5,27.3,22.3,68,1013.9,74,9.3,-9900,-9900,0.0,0.0
2021,5,6,9,60,0.0,0.0,0.0,0.0,0.0,5,26.6,21.6,71,1013.8,74,9.3,-9900,-9900,0.0,0.0
2021,5,6,10,60,0.0,0.0,0.0,0.0,0.0,5,25.9,20.9,74,1013.6,74,9.3,-9900,-9900,0.0,0.0
2021,5,6,11,60,0.0,0.0,0.0,0.0,0.0,5,25.9,20.9,74,1014.2,74,9.3,-9900,-9900,0.0,0.0
2021,5,6,12,60,0.0,0.0,0.0,0.0,0.0,5,25.5,20.5,73,1014.6,78,7.4,-9900,-9900,0.0,0.0
2021,5,6,13,60,0.0,0.0,0.0,0.0,0.0,5,25.1,20.1,73,1015.0,82,5.5,-9900,-9900,0.0,0.0
2021,5,6,14,60,0.0,0.0,0.0,0.0,0.0,5,24.8,19.8,74,1015.0,89,5.5,-9900,-9900,0.0,0.0
2021,5,6,15,60,0.0,0.0,0.0,0.0,0.0,5,24.4,19.4,76,1015.1,100,5.5,-9900,-9900,0.0,0.0
2021,5,6,16,60,0.0,0.0,0.0,0.0,0.0,5,24.1,19.1,78,1015.2,118,3.7,-9900,-9900,0.0,0.0
2021,5,6,17,60,0.0,0.0,0.0,0.0,0.0,5,23.6,18.6,86,1014.9,139,5.5,-9900,-9900,0.0,0.0
2021,5,6,18,60,0.0,0.0,0.0,0.0,0.0,5,23.4,18.4,86,1014.2,151,5.5,-9900,-9900,0.0,0.0
2021,5,6,19,60,0.0,0.0,0.0,0.0,0.0,5,23.2,18.2,86,1013.5,163,3.7,-9900,-9900,0.0,0.0
2021,5,6,20,60,0.0,0.0,0.0,0.0,0.0,5,23.2,18.2,86,1013.5,169,3.7,-9900,-9900,0.0,0.0
2021,5,6,21,60,0.0,0.0,0.0,0.0,0.0,5,23.1,18.1,86,1013.5,175,3.7,-9900,-9900,0.0,0.0
2021,5,6,22,60,0.0,0.0,0.0,0.0,0.0,5,23.1,18.1,85,1013.4,180,3.7,-9900,-9900,0.0,0.0
2021,5,6,23,60,0.0,0.0,0.0,0.0,0.0,5,24.2,19.2,85,1013.6,177,3.7,-9900,-9900,0.0,0.0
2021,5,6,24,60,0.0,0.0,0.0,0.0,0.0,5,25.0,20.0,81,1014.0,180,3.7,-9900,-9900,0.0,0.0
2021,5,7,1,60,0.0,0.0,0.0,0.0,0.0,5,25.9,20.9,76,1014.3,185,3.7,-9900,-9900,0.0,0.0
2021,5,7,2,60,0.0,0.0,0.0,0.0,0.0,5,27.5,22.5,69,1014.1,223,3.7,-9900,-9900,0.0,0.0
2021,5,7,3,60,0.0,0.0,0.0,0.0,0.0,5,29.1,24.1,64,1013.9,254,5.5,-9900,-9900,0.0,0.0
2021,5,7,4,60,0.0,0.0,0.0,0.0,0.0,5,30.7,25.7,58,1013.7,271,5.5,-9900,-9900,0.0,0.0
2021,5,7,5,60,0.0,0.0,0.0,0.0,0.0,5,30.4,25.4,61,1013.0,283,7.4,-9900,-9900,0.0,0.0
2021,5,7,6,60,0.0,0.0,0.0,0.0,0.0,5,30.6,25.6,61,1012.4,290,7.4,-9900,-9900,0.0,0.0
2021,5,7,7,60,0.0,0.0,0.0,0.0,0.0,5,30.9,25.9,60,1011.7,294,9.3,-9900,-9900,0.0,0.0
2021,5,7,8,60,0.0,0.0,0.0,0.0,0.0,5,30.3,25.3,62,1011.6,296,7.4,-9900,-9900,0.0,0.0
2021,5,7,9,60,0.0,0.0,0.0,0.0,0.0,5,29.6,24.6,64,1011.4,299,7.4,-9900,-9900,0.0,0.0
2021,5,7,10,60,0.0,0.0,0.0,0.0,0.0,5,29.0,24.0,66,1011.2,307,5.5,-9900,-9900,0.0,0.0
2021,5,7,11,60,0.0,0.0,0.0,0.0,0.0,5,28.8,23.8,68,1011.3,330,5.5,-9900,-9900,0.0,0.0
2021,5,7,12,60,0.0,0.0,0.0,0.0,0.0,5,28.2,23.2,70,1011.8,342,5.5,-9900,-9900,0.0,0.0
2021,5,7,13,60,0.0,0.0,0.0,0.0,0.0,5,27.5,22.5,73,1012.3,59,3.7,-9900,-9900,0.0,0.0
2021,5,7,14,60,0.0,0.0,0.0,0.0,0.0,5,27.1,22.1,75,1012.4,136,3.7,-9900,-9900,0.0,0.0
2021,5,7,15,60,0.0,0.0,0.0,0.0,0.0,5,26.8,21.8,77,1012.5,150,3.7,-9900,-9900,0.0,0.0
2021,5,7,16,60,0.0,0.0,0.0,0.0,0.0,5,26.4,21.4,79,1012.5,154,3.7,-9900,-9900,0.0,0.0
2021,5,7,17,60,0.0,0.0,0.0,0.0,0.0,5,27.0,22.0,78,1011.5,131,5.5,-9900,-9900,0.0,0.0
2021,5,7,18,60,0.0,0.0,0.0,0.0,0.0,5,26.6,21.6,79,1011.0,142,5.5,-9900,-9900,0.0,0.0
2021,5,7,19,60,0.0,0.0,0.0,0.0,0.0,5,26.2,21.2,80,1010.6,155,5.5,-9900,-9900,0.0,0.0
2021,5,7,20,60,0.0,0.0,0.0,0.0,0.0,5,25.8,20.8,82,1010.4,163,5.5,-9900,-9900,0.0,0.0
2021,5,7,21,60,0.0,0.0,0.0,0.0,0.0,5,25.4,20.4,83,1010.1,171,3.7,-9900,-9900,0.0,0.0
2021,5,7,22,60,0.0,0.0,0.0,0.0,0.0,5,25.1,20.1,85,1009.9,178,3.7,-9900,-9900,0.0,0.0
2021,5,7,23,60,0.0,0.0,0.0,0.0,0.0,5,25.8,20.8,84,1010.2,216,3.7,-9900,-9900,0.0,0.0
2021,5,7,24,60,0.0,0.0,0.0,0.0,0.0,5,26.5,21.5,80,1010.5,202,3.7,-9900,-9900,0.0,0.0
2021,5,8,1,60,0.0,0.0,0.0,0.0,0.0,5,27.2,22.2,76,1010.9,190,3.7,-9900,-9900,0.0,0.0
2021,5,8,2,60,0.0,0.0,0.0,0.0,0.0,5,28.3,23.3,71,1010.5,239,5.5,-9900,-9900,0.0,0.0
2021,5,8,3,60,0.0,0.0,0.0,0.0,0.0,5,29.5,24.5,67,1010.2,258,5.5,-9900,-9900,0.0,0.0
2021,5,8,4,60,0.0,0.0,0.0,0.0,0.0,5,30.7,25.7,62,1009.9,266,7.4,-9900,-9900,0.0,0.0
2021,5,8,5,60,0.0,0.0,0.0,0.0,0.0,5,29.7,24.7,68,1008.9,277,7.4,-9900,-9900,0.0,0.0
2021,5,8,6,60,0.0,0.0,0.0,0.0,0.0,5,29.9,24.9,68,1008.4,285,7.4,-9900,-9900,0.0,0.0
2021,5,8,7,60,0.0,0.0,0.0,0.0,0.0,5,30.1,25.1,67,1008.0,292,9.3,-9900,-9900,0.0,0.0
2021,5,8,8,60,0.0,0.0,0.0,0.0,0.0,5,29.5,24.5,69,1008.1,292,7.4,-9900,-9900,0.0,0.0
2021,5,8,9,60,0.0,0.0,0.0,0.0,0.0,5,29.0,24.0,70,1008.1,292,7.4,-9900,-9900,0.0,0.0
2021,5,8,10,60,0.0,0.0,0.0,0.0,0.0,5,28.4,23.4,72,1008.2,291,7.4,-9900,-9900,0.0,0.0
2021,5,8,11,60,0.0,0.0,0.0,0.0,0.0,5,27.9,22.9,74,1008.8,289,5.5,-9900,-9900,0.0,0.0
2021,5,8,12,60,0.0,0.0,0.0,0.0,0.0,5,27.4,22.4,77,1009.3,118,5.5,-9900,-9900,0.0,0.0
2021,5,8,13,60,0.0,0.0,0.0,0.0,0.0,5,26.9,21.9,79,1009.8,115,5.5,-9900,-9900,0.0,0.0
2021,5,8,14,60,0.0,0.0,0.0,0.0,0.0,5,26.7,21.7,81,1009.9,133,5.5,-9900,-9900,0.0,0.0
2021,5,8,15,60,0.0,0.0,0.0,0.0,0.0,5,26.5,21.5,82,1009.9,151,5.5,-9900,-9900,0.0,0.0
2021,5,8,16,60,0.0,0.0,0.0,0.0,0.0,5,26.3,21.3,83,1009.9,164,3.7,-9900,-9900,0.0,0.0
2021,5,8,17,60,0.0,0.0,0.0,0.0,0.0,5,25.0,20.0,78,1009.4,150,3.7,-9900,-9900,0.0,0.0
2021,5,8,18,60,0.0,0.0,0.0,0.0,0.0,5,24.8,19.8,77,1009.0,156,3.7,-9900,-9900,0.0,0.0
2021,5,8,19,60,0.0,0.0,0.0,0.0,0.0,5,24.6,19.6,77,1008.7,163,3.7,-9900,-9900,0.0,0.0
2021,5,8,20,60,0.0,0.0,0.0,0.0,0.0,5,24.6,19.6,78,1008.7,168,3.7,-9900,-9900,0.0,0.0
2021,5,8,21,60,0.0,0.0,0.0,0.0,0.0,5,24.5,19.5,78,1008.7,173,3.7,-9900,-9900,0.0,0.0
2021,5,8,22,60,0.0,0.0,0.0,0.0,0.0,5,24.4,19.4,79,1008.7,177,3.7,-9900,-9900,0.0,0.0
2021,5,8,23,60,0.0,0.0,0.0,0.0,0.0,5,24.9,19.9,83,1009.8,163,3.7,-9900,-9900,0.0,0.0
2021,5,8,24,60,0.0,0.0,0.0,0.0,0.0,5,25.8,20.8,80,1010.2,172,3.7,-9900,-9900,0.0,0.0
2021,5,9,1,60,0.0,0.0,0.0,0.0,0.0,5,26.6,21.6,78,1010.6,188,3.7,-9900,-9900,0.0,0.0
2021,5,9,2,60,0.0,0.0,0.0,0.0,0.0,5,28.2,23.2,71,1010.5,245,3.7,-9900,-9900,0.0,0.0
2021,5,9,3,60,0.0,0.0,0.0,0.0,0.0,5,29.8,24.8,64,1010.3,283,5.5,-9900,-9900,0.0,0.0
2021,5,9,4,60,0.0,0.0,0.0,0.0,0.0,5,31.4,26.4,58,1010.1,297,5.5,-9900,-9900,0.0,0.0
2021,5,9,5,60,0.0,0.0,0.0,0.0,0.0,5,31.1,26.1,60,1010.0,321,5.5,-9900,-9900,0.0,0.0
2021,5,9,6,60,0.0,0.0,0.0,0.0,0.0,5,31.0,26.0,61,1009.5,336,7.4,-9900,-9900,0.0,0.0
2021,5,9,7,60,0.0,0.0,0.0,0.0,0.0,5,30.9,25.9,63,1009.0,346,7.4,-9900,-9900,0.0,0.0
2021,5,9,8,60,0.0,0.0,0.0,0.0,0.0,5,30.0,25.0,65,1008.9,2,7.4,-9900,-9900,0.0,0.0
2021,5,9,9,60,0.0,0.0,0.0,0.0,0.0,5,29.1,24.1,68,1008.8,26,7.4,-9900,-9900,0.0,0.0
2021,5,9,10,60,0.0,0.0,0.0,0.0,0.0,5,28.2,23.2,71,1008.7,55,7.4,-9900,-9900,0.0,0.0
2021,5,9,11,60,0.0,0.0,0.0,0.0,0.0,5,27.7,22.7,73,1009.1,49,5.5,-9900,-9900,0.0,0.0
2021,5,9,12,60,0.0,0.0,0.0,0.0,0.0,5,27.3,22.3,73,1009.5,76,5.5,-9900,-9900,0.0,0.0
2021,5,9,13,60,0.0,0.0,0.0,0.0,0.0,5,26.9,21.9,74,1010.0,98,5.5,-9900,-9900,0.0,0.0
2021,5,9,14,60,0.0,0.0,0.0,0.0,0.0,5,26.6,21.6,76,1010.0,109,5.5,-9900,-9900,0.0,0.0
2021,5,9,15,60,0.0,0.0,0.0,0.0,0.0,5,26.4,21.4,77,1010.0,119,5.5,-9900,-9900,0.0,0.0
2021,5,9,16,60,0.0,0.0,0.0,0.0,0.0,5,26.2,21.2,78,1010.1,129,5.5,-9900,-9900,0.0,0.0
2021,5,9,17,60,0.0,0.0,0.0,0.0,0.0,5,26.7,21.7,77,1009.6,102,5.5,-9900,-9900,0.0,0.0
2021,5,9,18,60,0.0,0.0,0.0,0.0,0.0,5,26.4,21.4,78,1009.1,122,5.5,-9900,-9900,0.0,0.0
2021,5,9,19,60,0.0,0.0,0.0,0.0,0.0,5,26.1,21.1,78,1008.6,143,3.7,-9900,-9900,0.0,0.0
2021,5,9,20,60,0.0,0.0,0.0,0.0,0.0,5,25.8,20.8,79,1008.5,154,3.7,-9900,-9900,0.0,0.0
2021,5,9,21,60,0.0,0.0,0.0,0.0,0.0,5,25.4,20.4,81,1008.5,165,3.7,-9900,-9900,0.0,0.0
2021,5,9,22,60,0.0,0.0,0.0,0.0,0.0,5,25.1,20.1,82,1008.4,176,3.7,-9900,-9900,0.0,0.0
2021,5,9,23,60,0.0,0.0,0.0,0.0,0.0,5,27.0,22.0,76,1008.8,108,5.5,-9900,-9900,0.0,0.0
2021,5,9,24,60,0.0,0.0,0.0,0.0,0.0,5,27.7,22.7,73,1009.4,115,5.5,-9900,-9900,0.0,0.0
2021,5,10,1,60,0.0,0.0,0.0,0.0,0.0,5,28.5,23.5,70,1009.9,128,3.7,-9900,-9900,0.0,0.0
2021,5,10,2,60,0.0,0.0,0.0,0.0,0.0,5,29.9,24.9,64,1009.8,150,3.7,-9900,-9900,0.0,0.0
2021,5,10,3,60,0.0,0.0,0.0,0.0,0.0,5,31.4,26.4,58,1009.8,279,3.7,-9900,-9900,0.0,0.0
2021,5,10,4,60,0.0,0.0,0.0,0.0,0.0,5,32.8,27.8,53,1009.7,291,3.7,-9900,-9900,0.0,0.0
2021,5,10,5,60,0.0,0.0,0.0,0.0,0.0,5,32.5,27.5,55,1009.2,326,5.5,-9900,-9900,0.0,0.0
2021,5,10,6,60,0.0,0.0,0.0,0.0,0.0,5,32.2,27.2,57,1008.9,344,5.5,-9900,-9900,0.0,0.0
2021,5,10,7,60,0.0,0.0,0.0,0.0,0.0,5,32.0,27.0,59,1008.6,354,5.5,-9900,-9900,0.0,0.0
2021,5,10,8,60,0.0,0.0,0.0,0.0,0.0,5,31.2,26.2,61,1008.5,2,5.5,-9900,-9900,0.0,0.0
2021,5,10,9,60,0.0,0.0,0.0,0.0,0.0,5,30.5,25.5,63,1008.4,15,5.5,-9900,-9900,0.0,0.0
2021,5,10,10,60,0.0,0.0,0.0,0.0,0.0,5,29.7,24.7,65,1008.4,33,5.5,-9900,-9900,0.0,0.0
2021,5,10,11,60,0.0,0.0,0.0,0.0,0.0,5,28.6,23.6,72,1008.5,26,5.5,-9900,-9900,0.0,0.0
2021,5,10,12,60,0.0,0.0,0.0,0.0,0.0,5,28.2,23.2,73,1009.0,38,5.5,-9900,-9900,0.0,0.0
2021,5,10,13,60,0.0,0.0,0.0,0.0,0.0,5,27.8,22.8,75,1009.6,57,5.5,-9900,-9900,0.0,0.0
2021,5,10,14,60,0.0,0.0,0.0,0.0,0.0,5,27.5,22.5,76,1009.8,97,3.7,-9900,-9900,0.0,0.0
2021,5,10,15,60,0.0,0.0,0.0,0.0,0.0,5,27.2,22.2,77,1010.0,154,3.7,-9900,-9900,0.0,0.0
2021,5,10,16,60,0.0,0.0,0.0,0.0,0.0,5,26.9,21.9,78,1010.1,177,3.7,-9900,-9900,0.0,0.0
2021,5,10,17,60,0.0,0.0,0.0,0.0,0.0,5,27.0,22.0,80,1009.8,160,3.7,-9900,-9900,0.0,0.0
2021,5,10,18,60,0.0,0.0,0.0,0.0,0.0,5,26.8,21.8,80,1009.3,172,3.7,-9900,-9900,0.0,0.0
2021,5,10,19,60,0.0,0.0,0.0,0.0,0.0,5,26.5,21.5,81,1008.9,175,3.7,-9900,-9900,0.0,0.0
2021,5,10,20,60,0.0,0.0,0.0,0.0,0.0,5,26.1,21.1,82,1008.9,170,3.7,-9900,-9900,0.0,0.0
2021,5,10,21,60,0.0,0.0,0.0,0.0,0.0,5,25.8,20.8,83,1008.9,167,3.7,-9900,-9900,0.0,0.0
2021,5,10,22,60,0.0,0.0,0.0,0.0,0.0,5,25.5,20.5,84,1008.9,164,3.7,-9900,-9900,0.0,0.0
2021,5,10,23,60,0.0,0.0,0.0,0.0,0.0,5,26.3,21.3,81,1009.2,160,3.7,-9900,-9900,0.0,0.0
2021,5,10,24,60,0.0,0.0,0.0,0.0,0.0,5,27.3,22.3,76,1009.5,153,3.7,-9900,-9900,0.0,0.0
2021,5,11,1,60,0.0,0.0,0.0,0.0,0.0,5,28.2,23.2,73,1009.9,143,3.7,-9900,-9900,0.0,0.0
2021,5,11,2,60,0.0,0.0,0.0,0.0,0.0,5,30.1,25.1,64,1009.6,180,3.7,-9900,-9900,0.0,0.0
2021,5,11,3,60,0.0,0.0,0.0,0.0,0.0,5,32.1,27.1,56,1009.4,253,3.7,-9900,-9900,0.0,0.0
2021,5,11,4,60,0.0,0.0,0.0,0.0,0.0,5,34.1,29.1,50,1009.1,276,3.7,-9900,-9900,0.0,0.0
2021,5,11,5,60,0.0,0.0,0.0,0.0,0.0,5,33.2,28.2,55,1008.1,287,7.4,-9900,-9900,0.0,0.0
2021,5,11,6,60,0.0,0.0,0.0,0.0,0.0,5,33.6,28.6,54,1007.4,303,7.4,-9900,-9900,0.0,0.0
2021,5,11,7,60,0.0,0.0,0.0,0.0,0.0,5,33.9,28.9,55,1006.7,314,9.3,-9900,-9900,0.0,0.0
2021,5,11,8,60,0.0,0.0,0.0,0.0,0.0,5,33.3,28.3,55,1006.5,315,7.4,-9900,-9900,0.0,0.0
2021,5,11,9,60,0.0,0.0,0.0,0.0,0.0,5,32.6,27.6,56,1006.3,317,7.4,-9900,-9900,0.0,0.0
2021,5,11,10,60,0.0,0.0,0.0,0.0,0.0,5,32.0,27.0,56,1006.1,323,7.4,-9900,-9900,0.0,0.0
2021,5,11,11,60,0.0,0.0,0.0,0.0,0.0,5,30.6,25.6,64,1006.8,60,9.3,-9900,-9900,0.0,0.0
2021,5,11,12,60,0.0,0.0,0.0,0.0,0.0,5,30.0,25.0,67,1007.3,83,7.4,-9900,-9900,0.0,0.0
2021,5,11,13,60,0.0,0.0,0.0,0.0,0.0,5,29.3,24.3,70,1007.8,124,3.7,-9900,-9900,0.0,0.0
2021,5,11,14,60,0.0,0.0,0.0,0.0,0.0,5,28.9,23.9,72,1008.0,143,3.7,-9900,-9900,0.0,0.0
2021,5,11,15,60,0.0,0.0,0.0,0.0,0.0,5,28.5,23.5,74,1008.2,156,3.7,-9900,-9900,0.0,0.0
2021,5,11,16,60,0.0,0.0,0.0,0.0,0.0,5,28.1,23.1,76,1008.3,163,3.7,-9900,-9900,0.0,0.0
2021,5,11,17,60,0.0,0.0,0.0,0.0,0.0,5,28.1,23.1,76,1007.9,151,3.7,-9900,-9900,0.0,0.0
2021,5,11,18,60,0.0,0.0,0.0,0.0,0.0,5,27.7,22.7,77,1007.6,163,3.7,-9900,-9900,0.0,0.0
2021,5,11,19,60,0.0,0.0,0.0,0.0,0.0,5,27.4,22.4,77,1007.3,170,3.7,-9900,-9900,0.0,0.0
2021,5,11,20,60,0.0,0.0,0.0,0.0,0.0,5,27.0,22.0,78,1007.5,171,5.5,-9900,-9900,0.0,0.0
2021,5,11,21,60,0.0,0.0,0.0,0.0,0.0,5,26.6,21.6,79,1007.8,172,5.5,-9900,-9900,0.0,0.0
2021,5,11,22,60,0.0,0.0,0.0,0.0,0.0,5,26.2,21.2,80,1008.0,173,5.5,-9900,-9900,0.0,0.0
2021,5,11,23,60,0.0,0.0,0.0,0.0,0.0,5,27.3,22.3,78,1008.3,184,3.7,-9900,-9900,0.0,0.0
2021,5,11,24,60,0.0,0.0,0.0,0.0,0.0,5,28.2,23.2,73,1008.8,190,3.7,-9900,-9900,0.0,0.0
2021,5,12,1,60,0.0,0.0,0.0,0.0,0.0,5,29.1,24.1,68,1009.2,197,3.7,-9900,-9900,0.0,0.0
2021,5,12,2,60,0.0,0.0,0.0,0.0,0.0,5,30.8,25.8,61,1009.1,239,5.5,-9900,-9900,0.0,0.0
2021,5,12,3,60,0.0,0.0,0.0,0.0,0.0,5,32.5,27.5,54,1008.9,265,5.5,-9900,-9900,0.0,0.0
2021,5,12,4,60,0.0,0.0,0.0,0.0,0.0,5,34.2,29.2,49,1008.8,278,7.4,-9900,-9900,0.0,0.0
2021,5,12,5,60,0.0,0.0,0.0,0.0,0.0,5,34.2,29.2,52,1008.2,292,7.4,-9900,-9900,0.0,0.0
2021,5,12,6,60,0.0,0.0,0.0,0.0,0.0,5,34.2,29.2,53,1007.7,303,7.4,-9900,-9900,0.0,0.0
2021,5,12,7,60,0.0,0.0,0.0,0.0,0.0,5,34.2,29.2,54,1007.2,312,9.3,-9900,-9900,0.0,0.0
2021,5,12,8,60,0.0,0.0,0.0,0.0,0.0,5,33.5,28.5,55,1007.2,316,9.3,-9900,-9900,0.0,0.0
2021,5,12,9,60,0.0,0.0,0.0,0.0,0.0,5,32.9,27.9,55,1007.2,324,7.4,-9900,-9900,0.0,0.0
2021,5,12,10,60,0.0,0.0,0.0,0.0,0.0,5,32.2,27.2,57,1007.3,341,7.4,-9900,-9900,0.0,0.0
2021,5,12,11,60,0.0,0.0,0.0,0.0,0.0,5,31.4,26.4,58,1007.5,151,5.5,-9900,-9900,0.0,0.0
2021,5,12,12,60,0.0,0.0,0.0,0.0,0.0,5,30.6,25.6,63,1008.3,144,5.5,-9900,-9900,0.0,0.0
2021,5,12,13,60,0.0,0.0,0.0,0.0,0.0,5,29.8,24.8,68,1009.0,142,5.5,-9900,-9900,0.0,0.0
2021,5,12,14,60,0.0,0.0,0.0,0.0,0.0,5,29.3,24.3,71,1009.3,151,5.5,-9900,-9900,0.0,0.0
2021,5,12,15,60,0.0,0.0,0.0,0.0,0.0,5,28.9,23.9,74,1009.6,160,5.5,-9900,-9900,0.0,0.0
2021,5,12,16,60,0.0,0.0,0.0,0.0,0.0,5,28.5,23.5,76,1009.8,169,3.7,-9900,-9900,0.0,0.0
2021,5,12,17,60,0.0,0.0,0.0,0.0,0.0,5,27.2,22.2,82,1009.9,152,5.5,-9900,-9900,0.0,0.0
2021,5,12,18,60,0.0,0.0,0.0,0.0,0.0,5,26.9,21.9,83,1009.5,160,5.5,-9900,-9900,0.0,0.0
2021,5,12,19,60,0.0,0.0,0.0,0.0,0.0,5,26.7,21.7,83,1009.0,168,5.5,-9900,-9900,0.0,0.0
2021,5,12,20,60,0.0,0.0,0.0,0.0,0.0,5,26.6,21.6,83,1009.0,171,5.5,-9900,-9900,0.0,0.0
2021,5,12,21,60,0.0,0.0,0.0,0.0,0.0,5,26.5,21.5,83,1009.0,173,5.5,-9900,-9900,0.0,0.0
2021,5,12,22,60,0.0,0.0,0.0,0.0,0.0,5,26.4,21.4,83,1009.0,176,5.5,-9900,-9900,0.0,0.0
2021,5,12,23,60,0.0,0.0,0.0,0.0,0.0,5,27.8,22.8,76,1009.6,150,5.5,-9900,-9900,0.0,0.0
2021,5,12,24,60,0.0,0.0,0.0,0.0,0.0,5,28.7,23.7,71,1009.9,151,3.7,-9900,-9900,0.0,0.0
2021,5,13,1,60,0.0,0.0,0.0,0.0,0.0,5,29.5,24.5,67,1010.2,151,3.7,-9900,-9900,0.0,0.0
2021,5,13,2,60,0.0,0.0,0.0,0.0,0.0,5,31.3,26.3,60,1010.0,190,3.7,-9900,-9900,0.0,0.0
2021,5,13,3,60,0.0,0.0,0.0,0.0,0.0,5,33.0,28.0,54,1009.8,257,3.7,-9900,-9900,0.0,0.0
2021,5,13,4,60,0.0,0.0,0.0,0.0,0.0,5,34.7,29.7,48,1009.6,279,5.5,-9900,-9900,0.0,0.0
2021,5,13,5,60,0.0,0.0,0.0,0.0,0.0,5,33.9,28.9,55,1009.4,310,5.5,-9900,-9900,0.0,0.0
2021,5,13,6,60,0.0,0.0,0.0,0.0,0.0,5,33.7,28.7,56,1008.9,333,5.5,-9900,-9900,0.0,0.0
2021,5,13,7,60,0.0,0.0,0.0,0.0,0.0,5,33.4,28.4,57,1008.3,347,7.4,-9900,-9900,0.0,0.0
2021,5,13,8,60,0.0,0.0,0.0,0.0,0.0,5,32.6,27.6,59,1008.2,1,7.4,-9900,-9900,0.0,0.0
2021,5,13,9,60,0.0,0.0,0.0,0.0,0.0,5,31.7,26.7,62,1008.1,25,7.4,-9900,-9900,0.0,0.0
2021,5,13,10,60,0.0,0.0,0.0,0.0,0.0,5,30.9,25.9,64,1008.1,55,7.4,-9900,-9900,0.0,0.0
2021,5,13,11,60,0.0,0.0,0.0,0.0,0.0,5,30.3,25.3,68,1008.8,82,7.4,-9900,-9900,0.0,0.0
2021,5,13,12,60,0.0,0.0,0.0,0.0,0.0,5,29.8,24.8,71,1009.5,102,7.4,-9900,-9900,0.0,0.0
2021,5,13,13,60,0.0,0.0,0.0,0.0,0.0,5,29.3,24.3,75,1010.2,114,5.5,-9900,-9900,0.0,0.0
2021,5,13,14,60,0.0,0.0,0.0,0.0,0.0,5,29.0,24.0,76,1010.3,123,5.5,-9900,-9900,0.0,0.0
2021,5,13,15,60,0.0,0.0,0.0,0.0,0.0,5,28.7,23.7,77,1010.5,134,5.5,-9900,-9900,0.0,0.0
2021,5,13,16,60,0.0,0.0,0.0,0.0,0.0,5,28.4,23.4,79,1010.6,145,5.5,-9900,-9900,0.0,0.0
2021,5,13,17,60,0.0,0.0,0.0,0.0,0.0,5,28.4,23.4,72,1010.1,148,3.7,-9900,-9900,0.0,0.0
2021,5,13,18,60,0.0,0.0,0.0,0.0,0.0,5,28.1,23.1,73,1009.8,156,3.7,-9900,-9900,0.0,0.0
2021,5,13,19,60,0.0,0.0,0.0,0.0,0.0,5,27.7,22.7,74,1009.4,161,5.5,-9900,-9900,0.0,0.0
2021,5,13,20,60,0.0,0.0,0.0,0.0,0.0,5,27.4,22.4,76,1009.6,161,5.5,-9900,-9900,0.0,0.0
2021,5,13,21,60,0.0,0.0,0.0,0.0,0.0,5,27.1,22.1,77,1009.8,161,5.5,-9900,-9900,0.0,0.0
2021,5,13,22,60,0.0,0.0,0.0,0.0,0.0,5,26.8,21.8,79,1010.0,162,5.5,-9900,-9900,0.0,0.0
2021,5,13,23,60,0.0,0.0,0.0,0.0,0.0,5,28.2,23.2,76,1010.7,158,5.5,-9900,-9900,0.0,0.0
2021,5,13,24,60,0.0,0.0,0.0,0.0,0.0,5,29.2,24.2,71,1011.1,158,5.5,-9900,-9900,0.0,0.0
2021,5,14,1,60,0.0,0.0,0.0,0.0,0.0,5,30.1,25.1,67,1011.5,157,3.7,-9900,-9900,0.0,0.0
2021,5,14,2,60,0.0,0.0,0.0,0.0,0.0,5,31.7,26.7,61,1011.2,170,3.7,-9900,-9900,0.0,0.0
2021,5,14,3,60,0.0,0.0,0.0,0.0,0.0,5,33.3,28.3,56,1010.8,282,5.5,-9900,-9900,0.0,0.0
2021,5,14,4,60,0.0,0.0,0.0,0.0,0.0,5,34.8,29.8,52,1010.5,314,5.5,-9900,-9900,0.0,0.0
2021,5,14,5,60,0.0,0.0,0.0,0.0,0.0,5,33.8,28.8,56,1010.2,30,5.5,-9900,-9900,0.0,0.0
2021,5,14,6,60,0.0,0.0,0.0,0.0,0.0,5,33.5,28.5,58,1009.7,20,5.5,-9900,-9900,0.0,0.0
2021,5,14,7,60,0.0,0.0,0.0,0.0,0.0,5,33.2,28.2,59,1009.2,16,7.4,-9900,-9900,0.0,0.0
2021,5,14,8,60,0.0,0.0,0.0,0.0,0.0,5,32.4,27.4,61,1008.9,18,7.4,-9900,-9900,0.0,0.0
2021,5,14,9,60,0.0,0.0,0.0,0.0,0.0,5,31.7,26.7,62,1008.7,23,7.4,-9900,-9900,0.0,0.0
2021,5,14,10,60,0.0,0.0,0.0,0.0,0.0,5,30.9,25.9,64,1008.5,30,7.4,-9900,-9900,0.0,0.0
2021,5,14,11,60,0.0,0.0,0.0,0.0,0.0,5,29.8,24.8,71,1009.3,87,7.4,-9900,-9900,0.0,0.0
2021,5,14,12,60,0.0,0.0,0.0,0.0,0.0,5,29.3,24.3,72,1009.8,106,7.4,-9900,-9900,0.0,0.0
2021,5,14,13,60,0.0,0.0,0.0,0.0,0.0,5,28.8,23.8,74,1010.3,119,5.5,-9900,-9900,0.0,0.0
2021,5,14,14,60,0.0,0.0,0.0,0.0,0.0,5,28.4,23.4,75,1010.5,136,5.5,-9900,-9900,0.0,0.0
2021,5,14,15,60,0.0,0.0,0.0,0.0,0.0,5,28.0,23.0,77,1010.8,152,5.5,-9900,-9900,0.0,0.0
2021,5,14,16,60,0.0,0.0,0.0,0.0,0.0,5,27.6,22.6,78,1011.0,166,5.5,-9900,-9900,0.0,0.0
2021,5,14,17,60,0.0,0.0,0.0,0.0,0.0,5,27.7,22.7,78,1010.4,156,3.7,-9900,-9900,0.0,0.0
2021,5,14,18,60,0.0,0.0,0.0,0.0,0.0,5,27.4,22.4,79,1010.1,162,5.5,-9900,-9900,0.0,0.0
2021,5,14,19,60,0.0,0.0,0.0,0.0,0.0,5,27.1,22.1,79,1009.8,167,5.5,-9900,-9900,0.0,0.0
2021,5,14,20,60,0.0,0.0,0.0,0.0,0.0,5,26.8,21.8,80,1010.1,168,5.5,-9900,-9900,0.0,0.0
2021,5,14,21,60,0.0,0.0,0.0,0.0,0.0,5,26.5,21.5,81,1010.4,169,5.5,-9900,-9900,0.0,0.0
2021,5,14,22,60,0.0,0.0,0.0,0.0,0.0,5,26.2,21.2,81,1010.6,170,5.5,-9900,-9900,0.0,0.0
2021,5,14,23,60,0.0,0.0,0.0,0.0,0.0,5,27.7,22.7,79,1010.6,174,5.5,-9900,-9900,0.0,0.0
2021,5,14,24,60,0.0,0.0,0.0,0.0,0.0,5,28.7,23.7,73,1011.2,172,5.5,-9900,-9900,0.0,0.0
2021,5,15,1,60,0.0,0.0,0.0,0.0,0.0,5,29.6,24.6,69,1011.7,168,3.7,-9900,-9900,0.0,0.0
2021,5,15,2,60,0.0,0.0,0.0,0.0,0.0,5,31.5,26.5,61,1011.4,195,5.5,-9900,-9900,0.0,0.0
2021,5,15,3,60,0.0,0.0,0.0,0.0,0.0,5,33.3,28.3,55,1011.0,268,5.5,-9900,-9900,0.0,0.0
2021,5,15,4,60,0.0,0.0,0.0,0.0,0.0,5,35.1,30.1,50,1010.7,301,5.5,-9900,-9900,0.0,0.0
2021,5,15,5,60,0.0,0.0,0.0,0.0,0.0,5,33.5,28.5,57,1010.1,324,5.5,-9900,-9900,0.0,0.0
2021,5,15,6,60,0.0,0.0,0.0,0.0,0.0,5,33.6,28.6,58,1009.5,345,5.5,-9900,-9900,0.0,0.0
2021,5,15,7,60,0.0,0.0,0.0,0.0,0.0,5,33.7,28.7,58,1008.9,356,7.4,-9900,-9900,0.0,0.0
2021,5,15,8,60,0.0,0.0,0.0,0.0,0.0,5,32.9,27.9,60,1008.7,360,7.4,-9900,-9900,0.0,0.0
2021,5,15,9,60,0.0,0.0,0.0,0.0,0.0,5,32.2,27.2,61,1008.4,5,7.4,-9900,-9900,0.0,0.0
2021,5,15,10,60,0.0,0.0,0.0,0.0,0.0,5,31.4,26.4,63,1008.2,12,7.4,-9900,-9900,0.0,0.0
2021,5,15,11,60,0.0,0.0,0.0,0.0,0.0,5,29.8,24.8,73,1008.6,45,7.4,-9900,-9900,0.0,0.0
2021,5,15,12,60,0.0,0.0,0.0,0.0,0.0,5,29.4,24.4,76,1009.0,86,7.4,-9900,-9900,0.0,0.0
2021,5,15,13,60,0.0,0.0,0.0,0.0,0.0,5,29.0,24.0,80,1009.4,106,5.5,-9900,-9900,0.0,0.0
2021,5,15,14,60,0.0,0.0,0.0,0.0,0.0,5,28.7,23.7,81,1009.5,126,5.5,-9900,-9900,0.0,0.0
2021,5,15,15,60,0.0,0.0,0.0,0.0,0.0,5,28.3,23.3,82,1009.7,149,5.5,-9900,-9900,0.0,0.0
2021,5,15,16,60,0.0,0.0,0.0,0.0,0.0,5,28.0,23.0,84,1009.8,168,3.7,-9900,-9900,0.0,0.0
2021,5,15,17,60,0.0,0.0,0.0,0.0,0.0,5,28.1,23.1,77,1009.0,120,5.5,-9900,-9900,0.0,0.0
2021,5,15,18,60,0.0,0.0,0.0,0.0,0.0,5,27.9,22.9,78,1008.8,132,5.5,-9900,-9900,0.0,0.0
2021,5,15,19,60,0.0,0.0,0.0,0.0,0.0,5,27.7,22.7,78,1008.5,148,5.5,-9900,-9900,0.0,0.0
2021,5,15,20,60,0.0,0.0,0.0,0.0,0.0,5,27.4,22.4,79,1008.8,159,5.5,-9900,-9900,0.0,0.0
2021,5,15,21,60,0.0,0.0,0.0,0.0,0.0,5,27.1,22.1,80,1009.0,170,5.5,-9900,-9900,0.0,0.0
2021,5,15,22,60,0.0,0.0,0.0,0.0,0.0,5,26.8,21.8,81,1009.2,179,3.7,-9900,-9900,0.0,0.0
2021,5,15,23,60,0.0,0.0,0.0,0.0,0.0,5,27.8,22.8,77,1009.7,175,3.7,-9900,-9900,0.0,0.0
2021,5,15,24,60,0.0,0.0,0.0,0.0,0.0,5,28.9,23.9,73,1010.1,169,3.7,-9900,-9900,0.0,0.0
2021,5,16,1,60,0.0,0.0,0.0,0.0,0.0,5,29.9,24.9,69,1010.5,158,3.7,-9900,-9900,0.0,0.0
2021,5,16,2,60,0.0,0.0,0.0,0.0,0.0,5,31.8,26.8,62,1010.2,193,3.7,-9900,-9900,0.0,0.0
2021,5,16,3,60,0.0,0.0,0.0,0.0,0.0,5,33.8,28.8,55,1009.9,265,5.5,-9900,-9900,0.0,0.0
2021,5,16,4,60,0.0,0.0,0.0,0.0,0.0,5,35.7,30.7,49,1009.6,290,5.5,-9900,-9900,0.0,0.0
2021,5,16,5,60,0.0,0.0,0.0,0.0,0.0,5,34.4,29.4,55,1008.8,292,5.5,-9900,-9900,0.0,0.0
2021,5,16,6,60,0.0,0.0,0.0,0.0,0.0,5,34.6,29.6,55,1008.2,311,7.4,-9900,-9900,0.0,0.0
2021,5,16,7,60,0.0,0.0,0.0,0.0,0.0,5,34.8,29.8,55,1007.6,319,7.4,-9900,-9900,0.0,0.0
2021,5,16,8,60,0.0,0.0,0.0,0.0,0.0,5,34.1,29.1,56,1007.5,311,7.4,-9900,-9900,0.0,0.0
2021,5,16,9,60,0.0,0.0,0.0,0.0,0.0,5,33.4,28.4,58,1007.4,298,7.4,-9900,-9900,0.0,0.0
2021,5,16,10,60,0.0,0.0,0.0,0.0,0.0,5,32.8,27.8,59,1007.3,283,7.4,-9900,-9900,0.0,0.0
2021,5,16,11,60,0.0,0.0,0.0,0.0,0.0,5,31.3,26.3,66,1007.7,321,7.4,-9900,-9900,0.0,0.0
2021,5,16,12,60,0.0,0.0,0.0,0.0,0.0,5,30.7,25.7,70,1008.2,139,5.5,-9900,-9900,0.0,0.0
2021,5,16,13,60,0.0,0.0,0.0,0.0,0.0,5,30.1,25.1,74,1008.7,139,5.5,-9900,-9900,0.0,0.0
2021,5,16,14,60,0.0,0.0,0.0,0.0,0.0,5,29.7,24.7,76,1009.0,153,5.5,-9900,-9900,0.0,0.0
2021,5,16,15,60,0.0,0.0,0.0,0.0,0.0,5,29.3,24.3,78,1009.2,161,3.7,-9900,-9900,0.0,0.0
2021,5,16,16,60,0.0,0.0,0.0,0.0,0.0,5,28.9,23.9,80,1009.5,166,3.7,-9900,-9900,0.0,0.0
2021,5,16,17,60,0.0,0.0,0.0,0.0,0.0,5,28.8,23.8,77,1009.2,130,5.5,-9900,-9900,0.0,0.0
2021,5,16,18,60,0.0,0.0,0.0,0.0,0.0,5,28.5,23.5,78,1008.9,143,5.5,-9900,-9900,0.0,0.0
2021,5,16,19,60,0.0,0.0,0.0,0.0,0.0,5,28.1,23.1,79,1008.6,158,5.5,-9900,-9900,0.0,0.0
2021,5,16,20,60,0.0,0.0,0.0,0.0,0.0,5,27.9,22.9,80,1009.0,163,5.5,-9900,-9900,0.0,0.0
2021,5,16,21,60,0.0,0.0,0.0,0.0,0.0,5,27.6,22.6,81,1009.5,168,3.7,-9900,-9900,0.0,0.0
2021,5,16,22,60,0.0,0.0,0.0,0.0,0.0,5,27.4,22.4,82,1009.9,172,3.7,-9900,-9900,0.0,0.0
2021,5,16,23,60,0.0,0.0,0.0,0.0,0.0,5,28.4,23.4,78,1010.0,196,3.7,-9900,-9900,0.0,0.0
2021,5,16,24,60,0.0,0.0,0.0,0.0,0.0,5,29.2,24.2,73,1010.5,197,3.7,-9900,-9900,0.0,0.0
2021,5,17,1,60,0.0,0.0,0.0,0.0,0.0,5,30.1,25.1,69,1010.9,199,3.7,-9900,-9900,0.0,0.0
2021,5,17,2,60,0.0,0.0,0.0,0.0,0.0,5,31.8,26.8,62,1010.8,236,5.5,-9900,-9900,0.0,0.0
2021,5,17,3,60,0.0,0.0,0.0,0.0,0.0,5,33.5,28.5,56,1010.6,264,5.5,-9900,-9900,0.0,0.0
2021,5,17,4,60,0.0,0.0,0.0,0.0,0.0,5,35.3,30.3,50,1010.5,279,7.4,-9900,-9900,0.0,0.0
2021,5,17,5,60,0.0,0.0,0.0,0.0,0.0,5,35.8,30.8,46,1010.1,296,7.4,-9900,-9900,0.0,0.0
2021,5,17,6,60,0.0,0.0,0.0,0.0,0.0,5,35.2,30.2,49,1009.7,309,7.4,-9900,-9900,0.0,0.0
2021,5,17,7,60,0.0,0.0,0.0,0.0,0.0,5,34.6,29.6,53,1009.3,321,7.4,-9900,-9900,0.0,0.0
2021,5,17,8,60,0.0,0.0,0.0,0.0,0.0,5,33.6,28.6,55,1009.3,322,7.4,-9900,-9900,0.0,0.0
2021,5,17,9,60,0.0,0.0,0.0,0.0,0.0,5,32.5,27.5,58,1009.3,326,7.4,-9900,-9900,0.0,0.0
2021,5,17,10,60,0.0,0.0,0.0,0.0,0.0,5,31.5,26.5,62,1009.3,337,7.4,-9900,-9900,0.0,0.0
2021,5,17,11,60,0.0,0.0,0.0,0.0,0.0,5,29.6,24.6,71,1009.9,101,9.3,-9900,-9900,0.0,0.0
2021,5,17,12,60,0.0,0.0,0.0,0.0,0.0,5,29.3,24.3,74,1010.3,108,7.4,-9900,-9900,0.0,0.0
2021,5,17,13,60,0.0,0.0,0.0,0.0,0.0,5,29.0,24.0,78,1010.7,122,5.5,-9900,-9900,0.0,0.0
2021,5,17,14,60,0.0,0.0,0.0,0.0,0.0,5,28.8,23.8,80,1010.9,136,5.5,-9900,-9900,0.0,0.0
2021,5,17,15,60,0.0,0.0,0.0,0.0,0.0,5,28.5,23.5,82,1011.1,151,5.5,-9900,-9900,0.0,0.0
2021,5,17,16,60,0.0,0.0,0.0,0.0,0.0,5,28.3,23.3,84,1011.2,163,5.5,-9900,-9900,0.0,0.0
2021,5,17,17,60,0.0,0.0,0.0,0.0,0.0,5,28.4,23.4,77,1010.6,157,3.7,-9900,-9900,0.0,0.0
2021,5,17,18,60,0.0,0.0,0.0,0.0,0.0,5,28.1,23.1,78,1010.3,181,3.7,-9900,-9900,0.0,0.0
2021,5,17,19,60,0.0,0.0,0.0,0.0,0.0,5,27.8,22.8,79,1010.0,187,3.7,-9900,-9900,0.0,0.0
2021,5,17,20,60,0.0,0.0,0.0,0.0,0.0,5,27.5,22.5,81,1010.2,186,3.7,-9900,-9900,0.0,0.0
2021,5,17,21,60,0.0,0.0,0.0,0.0,0.0,5,27.2,22.2,82,1010.4,185,3.7,-9900,-9900,0.0,0.0
2021,5,17,22,60,0.0,0.0,0.0,0.0,0.0,5,27.0,22.0,83,1010.6,184,3.7,-9900,-9900,0.0,0.0
2021,5,17,23,60,0.0,0.0,0.0,0.0,0.0,5,27.7,22.7,77,1010.9,190,3.7,-9900,-9900,0.0,0.0
2021,5,17,24,60,0.0,0.0,0.0,0.0,0.0,5,28.4,23.4,74,1011.4,195,3.7,-9900,-9900,0.0,0.0
2021,5,18,1,60,0.0,0.0,0.0,0.0,0.0,5,29.0,24.0,72,1011.8,199,3.7,-9900,-9900,0.0,0.0
2021,5,18,2,60,0.0,0.0,0.0,0.0,0.0,5,30.2,25.2,67,1011.6,229,5.5,-9900,-9900,0.0,0.0
2021,5,18,3,60,0.0,0.0,0.0,0.0,0.0,5,31.4,26.4,62,1011.4,255,5.5,-9900,-9900,0.0,0.0
2021,5,18,4,60,0.0,0.0,0.0,0.0,0.0,5,32.6,27.6,58,1011.3,272,5.5,-9900,-9900,0.0,0.0
2021,5,18,5,60,0.0,0.0,0.0,0.0,0.0,5,32.3,27.3,59,1010.8,286,7.4,-9900,-9900,0.0,0.0
2021,5,18,6,60,0.0,0.0,0.0,0.0,0.0,5,32.0,27.0,60,1010.3,305,7.4,-9900,-9900,0.0,0.0
2021,5,18,7,60,0.0,0.0,0.0,0.0,0.0,5,31.7,26.7,61,1009.9,325,7.4,-9900,-9900,0.0,0.0
2021,5,18,8,60,0.0,0.0,0.0,0.0,0.0,5,30.8,25.8,64,1009.9,335,7.4,-9900,-9900,0.0,0.0
2021,5,18,9,60,0.0,0.0,0.0,0.0,0.0,5,30.0,25.0,67,1009.8,360,5.5,-9900,-9900,0.0,0.0
2021,5,18,10,60,0.0,0.0,0.0,0.0,0.0,5,29.1,24.1,71,1009.8,47,5.5,-9900,-9900,0.0,0.0
2021,5,18,11,60,0.0,0.0,0.0,0.0,0.0,5,28.6,23.6,77,1009.4,348,5.5,-9900,-9900,0.0,0.0
2021,5,18,12,60,0.0,0.0,0.0,0.0,0.0,5,28.2,23.2,79,1009.8,55,5.5,-9900,-9900,0.0,0.0
2021,5,18,13,60,0.0,0.0,0.0,0.0,0.0,5,27.9,22.9,81,1010.3,114,5.5,-9900,-9900,0.0,0.0
2021,5,18,14,60,0.0,0.0,0.0,0.0,0.0,5,27.7,22.7,83,1010.4,143,3.7,-9900,-9900,0.0,0.0
2021,5,18,15,60,0.0,0.0,0.0,0.0,0.0,5,27.6,22.6,83,1010.5,156,3.7,-9900,-9900,0.0,0.0
2021,5,18,16,60,0.0,0.0,0.0,0.0,0.0,5,27.5,22.5,84,1010.7,163,3.7,-9900,-9900,0.0,0.0
2021,5,18,17,60,0.0,0.0,0.0,0.0,0.0,5,27.6,22.6,81,1010.3,172,5.5,-9900,-9900,0.0,0.0
2021,5,18,18,60,0.0,0.0,0.0,0.0,0.0,5,27.3,22.3,82,1009.9,175,5.5,-9900,-9900,0.0,0.0
2021,5,18,19,60,0.0,0.0,0.0,0.0,0.0,5,27.1,22.1,82,1009.4,178,5.5,-9900,-9900,0.0,0.0
2021,5,18,20,60,0.0,0.0,0.0,0.0,0.0,5,26.9,21.9,83,1009.4,175,5.5,-9900,-9900,0.0,0.0
2021,5,18,21,60,0.0,0.0,0.0,0.0,0.0,5,26.7,21.7,84,1009.4,173,3.7,-9900,-9900,0.0,0.0
2021,5,18,22,60,0.0,0.0,0.0,0.0,0.0,5,26.5,21.5,84,1009.4,171,3.7,-9900,-9900,0.0,0.0
2021,5,18,23,60,0.0,0.0,0.0,0.0,0.0,5,27.4,22.4,82,1009.8,162,3.7,-9900,-9900,0.0,0.0
2021,5,18,24,60,0.0,0.0,0.0,0.0,0.0,5,28.0,23.0,78,1010.0,171,3.7,-9900,-9900,0.0,0.0
2021,5,19,1,60,0.0,0.0,0.0,0.0,0.0,5,28.6,23.6,75,1010.2,187,3.7,-9900,-9900,0.0,0.0
2021,5,19,2,60,0.0,0.0,0.0,0.0,0.0,5,30.1,25.1,69,1009.9,223,3.7,-9900,-9900,0.0,0.0
2021,5,19,3,60,0.0,0.0,0.0,0.0,0.0,5,31.7,26.7,63,1009.6,255,5.5,-9900,-9900,0.0,0.0
2021,5,19,4,60,0.0,0.0,0.0,0.0,0.0,5,33.2,28.2,58,1009.4,271,5.5,-9900,-9900,0.0,0.0
2021,5,19,5,60,0.0,0.0,0.0,0.0,0.0,5,32.4,27.4,62,1009.1,335,5.5,-9900,-9900,0.0,0.0
2021,5,19,6,60,0.0,0.0,0.0,0.0,0.0,5,32.2,27.2,64,1008.7,345,5.5,-9900,-9900,0.0,0.0
2021,5,19,7,60,0.0,0.0,0.0,0.0,0.0,5,32.0,27.0,65,1008.2,350,7.4,-9900,-9900,0.0,0.0
2021,5,19,8,60,0.0,0.0,0.0,0.0,0.0,5,31.3,26.3,66,1008.1,352,7.4,-9900,-9900,0.0,0.0
2021,5,19,9,60,0.0,0.0,0.0,0.0,0.0,5,30.6,25.6,68,1008.0,354,5.5,-9900,-9900,0.0,0.0
2021,5,19,10,60,0.0,0.0,0.0,0.0,0.0,5,29.8,24.8,70,1007.9,4,5.5,-9900,-9900,0.0,0.0
2021,5,19,11,60,0.0,0.0,0.0,0.0,0.0,5,28.5,23.5,79,1008.3,158,7.4,-9900,-9900,0.0,0.0
2021,5,19,12,60,0.0,0.0,0.0,0.0,0.0,5,28.3,23.3,81,1008.8,148,5.5,-9900,-9900,0.0,0.0
2021,5,19,13,60,0.0,0.0,0.0,0.0,0.0,5,28.1,23.1,83,1009.3,143,5.5,-9900,-9900,0.0,0.0
2021,5,19,14,60,0.0,0.0,0.0,0.0,0.0,5,27.9,22.9,84,1009.3,151,5.5,-9900,-9900,0.0,0.0
2021,5,19,15,60,0.0,0.0,0.0,0.0,0.0,5,27.8,22.8,85,1009.4,159,3.7,-9900,-9900,0.0,0.0
2021,5,19,16,60,0.0,0.0,0.0,0.0,0.0,5,27.7,22.7,85,1009.4,168,3.7,-9900,-9900,0.0,0.0
2021,5,19,17,60,0.0,0.0,0.0,0.0,0.0,5,26.7,21.7,85,1008.8,151,11.1,-9900,-9900,0.0,0.0
2021,5,19,18,60,0.0,0.0,0.0,0.0,0.0,5,26.6,21.6,84,1008.4,153,9.3,-9900,-9900,0.0,0.0
2021,5,19,19,60,0.0,0.0,0.0,0.0,0.0,5,26.4,21.4,84,1008.1,156,5.5,-9900,-9900,0.0,0.0
2021,5,19,20,60,0.0,0.0,0.0,0.0,0.0,5,26.3,21.3,84,1008.1,159,5.5,-9900,-9900,0.0,0.0
2021,5,19,21,60,0.0,0.0,0.0,0.0,0.0,5,26.2,21.2,84,1008.2,164,5.5,-9900,-9900,0.0,0.0
2021,5,19,22,60,0.0,0.0,0.0,0.0,0.0,5,26.1,21.1,84,1008.2,169,5.5,-9900,-9900,0.0,0.0
2021,5,19,23,60,0.0,0.0,0.0,0.0,0.0,5,27.0,22.0,80,1008.5,152,5.5,-9900,-9900,0.0,0.0
2021,5,19,24,60,0.0,0.0,0.0,0.0,0.0,5,27.8,22.8,77,1008.8,157,5.5,-9900,-9900,0.0,0.0
2021,5,20,1,60,0.0,0.0,0.0,0.0,0.0,5,28.6,23.6,74,1009.1,162,5.5,-9900,-9900,0.0,0.0
2021,5,20,2,60,0.0,0.0,0.0,0.0,0.0,5,30.4,25.4,67,1008.9,197,5.5,-9900,-9900,0.0,0.0
2021,5,20,3,60,0.0,0.0,0.0,0.0,0.0,5,32.2,27.2,60,1008.7,246,5.5,-9900,-9900,0.0,0.0
2021,5,20,4,60,0.0,0.0,0.0,0.0,0.0,5,34.0,29.0,54,1008.5,271,5.5,-9900,-9900,0.0,0.0
2021,5,20,5,60,0.0,0.0,0.0,0.0,0.0,5,32.5,27.5,61,1008.1,282,5.5,-9900,-9900,0.0,0.0
2021,5,20,6,60,0.0,0.0,0.0,0.0,0.0,5,32.4,27.4,61,1007.6,292,7.4,-9900,-9900,0.0,0.0
2021,5,20,7,60,0.0,0.0,0.0,0.0,0.0,5,32.4,27.4,62,1007.2,301,7.4,-9900,-9900,0.0,0.0
2021,5,20,8,60,0.0,0.0,0.0,0.0,0.0,5,32.0,27.0,63,1007.3,300,7.4,-9900,-9900,0.0,0.0
2021,5,20,9,60,0.0,0.0,0.0,0.0,0.0,5,31.6,26.6,63,1007.4,298,5.5,-9900,-9900,0.0,0.0
2021,5,20,10,60,0.0,0.0,0.0,0.0,0.0,5,31.2,26.2,64,1007.5,295,5.5,-9900,-9900,0.0,0.0
2021,5,20,11,60,0.0,0.0,0.0,0.0,0.0,5,30.6,25.6,68,1007.8,100,7.4,-9900,-9900,0.0,0.0
2021,5,20,12,60,0.0,0.0,0.0,0.0,0.0,5,30.1,25.1,71,1008.4,108,5.5,-9900,-9900,0.0,0.0
2021,5,20,13,60,0.0,0.0,0.0,0.0,0.0,5,29.6,24.6,74,1009.1,121,5.5,-9900,-9900,0.0,0.0
2021,5,20,14,60,0.0,0.0,0.0,0.0,0.0,5,29.2,24.2,76,1009.3,133,5.5,-9900,-9900,0.0,0.0
2021,5,20,15,60,0.0,0.0,0.0,0.0,0.0,5,28.8,23.8,79,1009.5,142,5.5,-9900,-9900,0.0,0.0
2021,5,20,16,60,0.0,0.0,0.0,0.0,0.0,5,28.4,23.4,80,1009.7,147,5.5,-9900,-9900,0.0,0.0
2021,5,20,17,60,0.0,0.0,0.0,0.0,0.0,5,28.2,23.2,80,1009.4,152,5.5,-9900,-9900,0.0,0.0
2021,5,20,18,60,0.0,0.0,0.0,0.0,0.0,5,27.9,22.9,80,1009.1,157,5.5,-9900,-9900,0.0,0.0
2021,5,20,19,60,0.0,0.0,0.0,0.0,0.0,5,27.6,22.6,80,1008.8,162,5.5,-9900,-9900,0.0,0.0
2021,5,20,20,60,0.0,0.0,0.0,0.0,0.0,5,27.5,22.5,80,1008.7,162,5.5,-9900,-9900,0.0,0.0
2021,5,20,21,60,0.0,0.0,0.0,0.0,0.0,5,27.3,22.3,81,1008.5,162,5.5,-9900,-9900,0.0,0.0
2021,5,20,22,60,0.0,0.0,0.0,0.0,0.0,5,27.1,22.1,82,1008.4,162,3.7,-9900,-9900,0.0,0.0
2021,5,20,23,60,0.0,0.0,0.0,0.0,0.0,5,28.0,23.0,76,1008.6,167,5.5,-9900,-9900,0.0,0.0
2021,5,20,24,60,0.0,0.0,0.0,0.0,0.0,5,28.9,23.9,72,1008.9,178,3.7,-9900,-9900,0.0,0.0
2021,5,21,1,60,0.0,0.0,0.0,0.0,0.0,5,29.7,24.7,69,1009.1,197,3.7,-9900,-9900,0.0,0.0
2021,5,21,2,60,0.0,0.0,0.0,0.0,0.0,5,31.0,26.0,65,1009.0,241,5.5,-9900,-9900,0.0,0.0
2021,5,21,3,60,0.0,0.0,0.0,0.0,0.0,5,32.3,27.3,61,1008.8,257,7.4,-9900,-9900,0.0,0.0
2021,5,21,4,60,0.0,0.0,0.0,0.0,0.0,5,33.6,28.6,57,1008.7,264,7.4,-9900,-9900,0.0,0.0
2021,5,21,5,60,0.0,0.0,0.0,0.0,0.0,5,33.5,28.5,57,1008.4,272,7.4,-9900,-9900,0.0,0.0
2021,5,21,6,60,0.0,0.0,0.0,0.0,0.0,5,33.2,28.2,59,1008.0,281,7.4,-9900,-9900,0.0,0.0
2021,5,21,7,60,0.0,0.0,0.0,0.0,0.0,5,32.8,27.8,61,1007.6,290,9.3,-9900,-9900,0.0,0.0
2021,5,21,8,60,0.0,0.0,0.0,0.0,0.0,5,32.0,27.0,63,1007.5,287,7.4,-9900,-9900,0.0,0.0
2021,5,21,9,60,0.0,0.0,0.0,0.0,0.0,5,31.2,26.2,66,1007.5,284,7.4,-9900,-9900,0.0,0.0
2021,5,21,10,60,0.0,0.0,0.0,0.0,0.0,5,30.4,25.4,69,1007.4,279,7.4,-9900,-9900,0.0,0.0
2021,5,21,11,60,0.0,0.0,0.0,0.0,0.0,5,30.2,25.2,65,1007.9,286,7.4,-9900,-9900,0.0,0.0
2021,5,21,12,60,0.0,0.0,0.0,0.0,0.0,5,29.5,24.5,69,1008.4,301,5.5,-9900,-9900,0.0,0.0
2021,5,21,13,60,0.0,0.0,0.0,0.0,0.0,5,28.8,23.8,74,1008.8,90,5.5,-9900,-9900,0.0,0.0
2021,5,21,14,60,0.0,0.0,0.0,0.0,0.0,5,28.5,23.5,76,1009.0,110,3.7,-9900,-9900,0.0,0.0
2021,5,21,15,60,0.0,0.0,0.0,0.0,0.0,5,28.2,23.2,78,1009.3,122,3.7,-9900,-9900,0.0,0.0
2021,5,21,16,60,0.0,0.0,0.0,0.0,0.0,5,27.9,22.9,79,1009.5,129,3.7,-9900,-9900,0.0,0.0
2021,5,21,17,60,0.0,0.0,0.0,0.0,0.0,5,26.4,21.4,96,1009.2,157,3.7,-9900,-9900,0.0,0.0
2021,5,21,18,60,0.0,0.0,0.0,0.0,0.0,5,26.3,21.3,95,1008.7,170,3.7,-9900,-9900,0.0,0.0
2021,5,21,19,60,0.0,0.0,0.0,0.0,0.0,5,26.2,21.2,95,1008.2,179,3.7,-9900,-9900,0.0,0.0
2021,5,21,20,60,0.0,0.0,0.0,0.0,0.0,5,26.3,21.3,94,1008.1,180,3.7,-9900,-9900,0.0,0.0
2021,5,21,21,60,0.0,0.0,0.0,0.0,0.0,5,26.3,21.3,93,1008.0,181,3.7,-9900,-9900,0.0,0.0
2021,5,21,22,60,0.0,0.0,0.0,0.0,0.0,5,26.4,21.4,92,1007.8,182,3.7,-9900,-9900,0.0,0.0
2021,5,21,23,60,0.0,0.0,0.0,0.0,0.0,5,26.9,21.9,89,1007.8,193,5.5,-9900,-9900,0.0,0.0
2021,5,21,24,60,0.0,0.0,0.0,0.0,0.0,5,27.7,22.7,83,1008.2,193,3.7,-9900,-9900,0.0,0.0
2021,5,22,1,60,0.0,0.0,0.0,0.0,0.0,5,28.4,23.4,79,1008.5,192,3.7,-9900,-9900,0.0,0.0
2021,5,22,2,60,0.0,0.0,0.0,0.0,0.0,5,29.7,24.7,72,1008.4,252,3.7,-9900,-9900,0.0,0.0
2021,5,22,3,60,0.0,0.0,0.0,0.0,0.0,5,31.0,26.0,66,1008.2,276,5.5,-9900,-9900,0.0,0.0
2021,5,22,4,60,0.0,0.0,0.0,0.0,0.0,5,32.3,27.3,61,1008.1,285,5.5,-9900,-9900,0.0,0.0
2021,5,22,5,60,0.0,0.0,0.0,0.0,0.0,5,32.2,27.2,64,1007.6,314,5.5,-9900,-9900,0.0,0.0
2021,5,22,6,60,0.0,0.0,0.0,0.0,0.0,5,31.9,26.9,66,1007.1,317,5.5,-9900,-9900,0.0,0.0
2021,5,22,7,60,0.0,0.0,0.0,0.0,0.0,5,31.7,26.7,67,1006.6,319,7.4,-9900,-9900,0.0,0.0
2021,5,22,8,60,0.0,0.0,0.0,0.0,0.0,5,30.9,25.9,70,1006.7,327,5.5,-9900,-9900,0.0,0.0
2021,5,22,9,60,0.0,0.0,0.0,0.0,0.0,5,30.0,25.0,72,1006.7,347,5.5,-9900,-9900,0.0,0.0
2021,5,22,10,60,0.0,0.0,0.0,0.0,0.0,5,29.1,24.1,75,1006.7,40,5.5,-9900,-9900,0.0,0.0
2021,5,22,11,60,0.0,0.0,0.0,0.0,0.0,5,29.9,24.9,70,1007.0,294,7.4,-9900,-9900,0.0,0.0
2021,5,22,12,60,0.0,0.0,0.0,0.0,0.0,5,29.2,24.2,75,1007.6,332,5.5,-9900,-9900,0.0,0.0
2021,5,22,13,60,0.0,0.0,0.0,0.0,0.0,5,28.6,23.6,81,1008.2,80,3.7,-9900,-9900,0.0,0.0
2021,5,22,14,60,0.0,0.0,0.0,0.0,0.0,5,28.3,23.3,83,1008.5,95,3.7,-9900,-9900,0.0,0.0
2021,5,22,15,60,0.0,0.0,0.0,0.0,0.0,5,28.0,23.0,85,1008.8,108,3.7,-9900,-9900,0.0,0.0
2021,5,22,16,60,0.0,0.0,0.0,0.0,0.0,5,27.8,22.8,87,1009.2,118,5.5,-9900,-9900,0.0,0.0
2021,5,22,17,60,0.0,0.0,0.0,0.0,0.0,5,27.3,22.3,81,1008.8,169,3.7,-9900,-9900,0.0,0.0
2021,5,22,18,60,0.0,0.0,0.0,0.0,0.0,5,27.1,22.1,81,1008.4,172,3.7,-9900,-9900,0.0,0.0
2021,5,22,19,60,0.0,0.0,0.0,0.0,0.0,5,26.9,21.9,82,1008.0,174,5.5,-9900,-9900,0.0,0.0
2021,5,22,20,60,0.0,0.0,0.0,0.0,0.0,5,26.8,21.8,82,1008.1,166,3.7,-9900,-9900,0.0,0.0
2021,5,22,21,60,0.0,0.0,0.0,0.0,0.0,5,26.7,21.7,83,1008.3,160,3.7,-9900,-9900,0.0,0.0
2021,5,22,22,60,0.0,0.0,0.0,0.0,0.0,5,26.6,21.6,84,1008.4,154,3.7,-9900,-9900,0.0,0.0
2021,5,22,23,60,0.0,0.0,0.0,0.0,0.0,5,27.7,22.7,81,1009.0,177,3.7,-9900,-9900,0.0,0.0
2021,5,22,24,60,0.0,0.0,0.0,0.0,0.0,5,28.5,23.5,77,1009.2,166,3.7,-9900,-9900,0.0,0.0
2021,5,23,1,60,0.0,0.0,0.0,0.0,0.0,5,29.2,24.2,74,1009.4,148,3.7,-9900,-9900,0.0,0.0
2021,5,23,2,60,0.0,0.0,0.0,0.0,0.0,5,30.7,25.7,67,1009.2,212,3.7,-9900,-9900,0.0,0.0
2021,5,23,3,60,0.0,0.0,0.0,0.0,0.0,5,32.1,27.1,61,1008.9,282,3.7,-9900,-9900,0.0,0.0
2021,5,23,4,60,0.0,0.0,0.0,0.0,0.0,5,33.6,28.6,56,1008.7,293,3.7,-9900,-9900,0.0,0.0
2021,5,23,5,60,0.0,0.0,0.0,0.0,0.0,5,33.4,28.4,58,1008.2,312,5.5,-9900,-9900,0.0,0.0
2021,5,23,6,60,0.0,0.0,0.0,0.0,0.0,5,33.1,28.1,59,1007.8,326,5.5,-9900,-9900,0.0,0.0
2021,5,23,7,60,0.0,0.0,0.0,0.0,0.0,5,32.9,27.9,61,1007.3,335,7.4,-9900,-9900,0.0,0.0
2021,5,23,8,60,0.0,0.0,0.0,0.0,0.0,5,32.2,27.2,63,1007.3,346,7.4,-9900,-9900,0.0,0.0
2021,5,23,9,60,0.0,0.0,0.0,0.0,0.0,5,31.5,26.5,65,1007.2,13,5.5,-9900,-9900,0.0,0.0
2021,5,23,10,60,0.0,0.0,0.0,0.0,0.0,5,30.8,25.8,68,1007.1,71,5.5,-9900,-9900,0.0,0.0
2021,5,23,11,60,0.0,0.0,0.0,0.0,0.0,5,30.1,25.1,72,1008.1,35,5.5,-9900,-9900,0.0,0.0
2021,5,23,12,60,0.0,0.0,0.0,0.0,0.0,5,29.7,24.7,74,1008.5,76,5.5,-9900,-9900,0.0,0.0
2021,5,23,13,60,0.0,0.0,0.0,0.0,0.0,5,29.3,24.3,77,1008.9,111,5.5,-9900,-9900,0.0,0.0
2021,5,23,14,60,0.0,0.0,0.0,0.0,0.0,5,29.1,24.1,78,1009.2,128,5.5,-9900,-9900,0.0,0.0
2021,5,23,15,60,0.0,0.0,0.0,0.0,0.0,5,28.8,23.8,79,1009.4,143,5.5,-9900,-9900,0.0,0.0
2021,5,23,16,60,0.0,0.0,0.0,0.0,0.0,5,28.5,23.5,80,1009.6,155,5.5,-9900,-9900,0.0,0.0
2021,5,23,17,60,0.0,0.0,0.0,0.0,0.0,5,29.0,24.0,78,1009.3,129,7.4,-9900,-9900,0.0,0.0
2021,5,23,18,60,0.0,0.0,0.0,0.0,0.0,5,28.7,23.7,78,1009.0,139,5.5,-9900,-9900,0.0,0.0
2021,5,23,19,60,0.0,0.0,0.0,0.0,0.0,5,28.4,23.4,79,1008.6,153,5.5,-9900,-9900,0.0,0.0
2021,5,23,20,60,0.0,0.0,0.0,0.0,0.0,5,28.1,23.1,80,1008.8,157,5.5,-9900,-9900,0.0,0.0
2021,5,23,21,60,0.0,0.0,0.0,0.0,0.0,5,27.9,22.9,80,1008.9,162,5.5,-9900,-9900,0.0,0.0
2021,5,23,22,60,0.0,0.0,0.0,0.0,0.0,5,27.6,22.6,81,1009.1,167,5.5,-9900,-9900,0.0,0.0
2021,5,23,23,60,0.0,0.0,0.0,0.0,0.0,5,28.3,23.3,79,1009.6,180,5.5,-9900,-9900,0.0,0.0
2021,5,23,24,60,0.0,0.0,0.0,0.0,0.0,5,29.1,24.1,75,1010.1,189,3.7,-9900,-9900,0.0,0.0
2021,5,24,1,60,0.0,0.0,0.0,0.0,0.0,5,29.8,24.8,72,1010.6,202,3.7,-9900,-9900,0.0,0.0
2021,5,24,2,60,0.0,0.0,0.0,0.0,0.0,5,31.0,26.0,67,1010.4,239,5.5,-9900,-9900,0.0,0.0
2021,5,24,3,60,0.0,0.0,0.0,0.0,0.0,5,32.1,27.1,63,1010.3,267,5.5,-9900,-9900,0.0,0.0
2021,5,24,4,60,0.0,0.0,0.0,0.0,0.0,5,33.3,28.3,58,1010.2,281,7.4,-9900,-9900,0.0,0.0
2021,5,24,5,60,0.0,0.0,0.0,0.0,0.0,5,32.6,27.6,62,1009.8,302,7.4,-9900,-9900,0.0,0.0
2021,5,24,6,60,0.0,0.0,0.0,0.0,0.0,5,31.9,26.9,64,1009.5,326,7.4,-9900,-9900,0.0,0.0
2021,5,24,7,60,0.0,0.0,0.0,0.0,0.0,5,31.2,26.2,67,1009.2,360,7.4,-9900,-9900,0.0,0.0
2021,5,24,8,60,0.0,0.0,0.0,0.0,0.0,5,30.1,25.1,70,1009.3,45,9.3,-9900,-9900,0.0,0.0
2021,5,24,9,60,0.0,0.0,0.0,0.0,0.0,5,29.0,24.0,73,1009.5,67,9.3,-9900,-9900,0.0,0.0
2021,5,24,10,60,0.0,0.0,0.0,0.0,0.0,5,27.9,22.9,76,1009.6,77,11.1,-9900,-9900,0.0,0.0
2021,5,24,11,60,0.0,0.0,0.0,0.0,0.0,5,26.2,21.2,84,1010.8,72,11.1,-9900,-9900,0.0,0.0
2021,5,24,12,60,0.0,0.0,0.0,0.0,0.0,5,25.9,20.9,84,1011.6,74,11.1,-9900,-9900,0.0,0.0
2021,5,24,13,60,0.0,0.0,0.0,0.0,0.0,5,25.6,20.6,85,1012.3,76,11.1,-9900,-9900,0.0,0.0
2021,5,24,14,60,0.0,0.0,0.0,0.0,0.0,5,25.4,20.4,85,1012.6,76,11.1,-9900,-9900,0.0,0.0
2021,5,24,15,60,0.0,0.0,0.0,0.0,0.0,5,25.2,20.2,86,1012.9,77,11.1,-9900,-9900,0.0,0.0
2021,5,24,16,60,0.0,0.0,0.0,0.0,0.0,5,25.0,20.0,86,1013.2,78,11.1,-9900,-9900,0.0,0.0
2021,5,24,17,60,0.0,0.0,0.0,0.0,0.0,5,24.7,19.7,86,1012.8,86,13.0,-9900,-9900,0.0,0.0
2021,5,24,18,60,0.0,0.0,0.0,0.0,0.0,5,24.7,19.7,86,1012.2,85,13.0,-9900,-9900,0.0,0.0
2021,5,24,19,60,0.0,0.0,0.0,0.0,0.0,5,24.7,19.7,85,1011.6,84,11.1,-9900,-9900,0.0,0.0
2021,5,24,20,60,0.0,0.0,0.0,0.0,0.0,5,24.8,19.8,85,1011.6,86,11.1,-9900,-9900,0.0,0.0
2021,5,24,21,60,0.0,0.0,0.0,0.0,0.0,5,24.8,19.8,85,1011.6,87,9.3,-9900,-9900,0.0,0.0
2021,5,24,22,60,0.0,0.0,0.0,0.0,0.0,5,24.9,19.9,85,1011.6,89,9.3,-9900,-9900,0.0,0.0
2021,5,24,23,60,0.0,0.0,0.0,0.0,0.0,5,25.4,20.4,82,1011.7,87,11.1,-9900,-9900,0.0,0.0
2021,5,24,24,60,0.0,0.0,0.0,0.0,0.0,5,25.9,20.9,81,1012.1,87,11.1,-9900,-9900,0.0,0.0
2021,5,25,1,60,0.0,0.0,0.0,0.0,0.0,5,26.4,21.4,79,1012.5,87,11.1,-9900,-9900,0.0,0.0
2021,5,25,2,60,0.0,0.0,0.0,0.0,0.0,5,27.4,22.4,75,1012.3,83,11.1,-9900,-9900,0.0,0.0
2021,5,25,3,60,0.0,0.0,0.0,0.0,0.0,5,28.3,23.3,72,1012.0,79,11.1,-9900,-9900,0.0,0.0
2021,5,25,4,60,0.0,0.0,0.0,0.0,0.0,5,29.3,24.3,69,1011.8,75,13.0,-9900,-9900,0.0,0.0
2021,5,25,5,60,0.0,0.0,0.0,0.0,0.0,5,28.6,23.6,71,1012.0,68,11.1,-9900,-9900,0.0,0.0
2021,5,25,6,60,0.0,0.0,0.0,0.0,0.0,5,28.6,23.6,71,1011.4,70,13.0,-9900,-9900,0.0,0.0
2021,5,25,7,60,0.0,0.0,0.0,0.0,0.0,5,28.6,23.6,71,1010.8,72,13.0,-9900,-9900,0.0,0.0
2021,5,25,8,60,0.0,0.0,0.0,0.0,0.0,5,28.1,23.1,73,1010.5,76,13.0,-9900,-9900,0.0,0.0
2021,5,25,9,60,0.0,0.0,0.0,0.0,0.0,5,27.7,22.7,73,1010.1,81,13.0,-9900,-9900,0.0,0.0
2021,5,25,10,60,0.0,0.0,0.0,0.0,0.0,5,27.2,22.2,75,1009.8,85,13.0,-9900,-9900,0.0,0.0
2021,5,25,11,60,0.0,0.0,0.0,0.0,0.0,5,28.2,23.2,75,1010.3,91,13.0,-9900,-9900,0.0,0.0
2021,5,25,12,60,0.0,0.0,0.0,0.0,0.0,5,27.6,22.6,77,1010.6,91,13.0,-9900,-9900,0.0,0.0
2021,5,25,13,60,0.0,0.0,0.0,0.0,0.0,5,27.1,22.1,78,1011.0,91,11.1,-9900,-9900,0.0,0.0
2021,5,25,14,60,0.0,0.0,0.0,0.0,0.0,5,26.9,21.9,79,1011.0,91,11.1,-9900,-9900,0.0,0.0
2021,5,25,15,60,0.0,0.0,0.0,0.0,0.0,5,26.8,21.8,79,1010.9,91,11.1,-9900,-9900,0.0,0.0
2021,5,25,16,60,0.0,0.0,0.0,0.0,0.0,5,26.6,21.6,79,1010.9,92,11.1,-9900,-9900,0.0,0.0
2021,5,25,17,60,0.0,0.0,0.0,0.0,0.0,5,26.5,21.5,79,1010.4,98,9.3,-9900,-9900,0.0,0.0
2021,5,25,18,60,0.0,0.0,0.0,0.0,0.0,5,26.4,21.4,79,1009.8,106,7.4,-9900,-9900,0.0,0.0
2021,5,25,19,60,0.0,0.0,0.0,0.0,0.0,5,26.2,21.2,79,1009.3,119,5.5,-9900,-9900,0.0,0.0
2021,5,25,20,60,0.0,0.0,0.0,0.0,0.0,5,26.2,21.2,79,1009.4,130,5.5,-9900,-9900,0.0,0.0
2021,5,25,21,60,0.0,0.0,0.0,0.0,0.0,5,26.1,21.1,80,1009.4,146,5.5,-9900,-9900,0.0,0.0
2021,5,25,22,60,0.0,0.0,0.0,0.0,0.0,5,26.0,21.0,80,1009.5,165,3.7,-9900,-9900,0.0,0.0
2021,5,25,23,60,0.0,0.0,0.0,0.0,0.0,5,26.7,21.7,81,1010.2,167,5.5,-9900,-9900,0.0,0.0
2021,5,25,24,60,0.0,0.0,0.0,0.0,0.0,5,27.7,22.7,77,1010.4,168,3.7,-9900,-9900,0.0,0.0
2021,5,26,1,60,0.0,0.0,0.0,0.0,0.0,5,28.6,23.6,74,1010.6,171,3.7,-9900,-9900,0.0,0.0
2021,5,26,2,60,0.0,0.0,0.0,0.0,0.0,5,30.2,25.2,67,1010.3,214,3.7,-9900,-9900,0.0,0.0
2021,5,26,3,60,0.0,0.0,0.0,0.0,0.0,5,31.7,26.7,62,1009.9,249,5.5,-9900,-9900,0.0,0.0
2021,5,26,4,60,0.0,0.0,0.0,0.0,0.0,5,33.3,28.3,56,1009.5,266,5.5,-9900,-9900,0.0,0.0
2021,5,26,5,60,0.0,0.0,0.0,0.0,0.0,5,32.6,27.6,61,1009.4,282,7.4,-9900,-9900,0.0,0.0
2021,5,26,6,60,0.0,0.0,0.0,0.0,0.0,5,32.6,27.6,62,1008.7,294,7.4,-9900,-9900,0.0,0.0
2021,5,26,7,60,0.0,0.0,0.0,0.0,0.0,5,32.5,27.5,63,1008.0,303,7.4,-9900,-9900,0.0,0.0
2021,5,26,8,60,0.0,0.0,0.0,0.0,0.0,5,32.1,27.1,64,1007.5,296,7.4,-9900,-9900,0.0,0.0
2021,5,26,9,60,0.0,0.0,0.0,0.0,0.0,5,31.6,26.6,64,1007.0,287,7.4,-9900,-9900,0.0,0.0
2021,5,26,10,60,0.0,0.0,0.0,0.0,0.0,5,31.1,26.1,65,1006.5,275,7.4,-9900,-9900,0.0,0.0
2021,5,26,11,60,0.0,0.0,0.0,0.0,0.0,5,30.6,25.6,67,1007.5,240,7.4,-9900,-9900,0.0,0.0
2021,5,26,12,60,0.0,0.0,0.0,0.0,0.0,5,30.0,25.0,70,1007.8,233,7.4,-9900,-9900,0.0,0.0
2021,5,26,13,60,0.0,0.0,0.0,0.0,0.0,5,29.4,24.4,72,1008.2,224,5.5,-9900,-9900,0.0,0.0
2021,5,26,14,60,0.0,0.0,0.0,0.0,0.0,5,29.1,24.1,73,1008.3,211,5.5,-9900,-9900,0.0,0.0
2021,5,26,15,60,0.0,0.0,0.0,0.0,0.0,5,28.7,23.7,74,1008.5,201,5.5,-9900,-9900,0.0,0.0
2021,5,26,16,60,0.0,0.0,0.0,0.0,0.0,5,28.3,23.3,76,1008.6,194,5.5,-9900,-9900,0.0,0.0
2021,5,26,17,60,0.0,0.0,0.0,0.0,0.0,5,29.0,24.0,66,1008.1,206,5.5,-9900,-9900,0.0,0.0
2021,5,26,18,60,0.0,0.0,0.0,0.0,0.0,5,28.5,23.5,68,1007.8,196,5.5,-9900,-9900,0.0,0.0
2021,5,26,19,60,0.0,0.0,0.0,0.0,0.0,5,28.1,23.1,69,1007.4,189,3.7,-9900,-9900,0.0,0.0
2021,5,26,20,60,0.0,0.0,0.0,0.0,0.0,5,27.8,22.8,70,1007.5,187,5.5,-9900,-9900,0.0,0.0
2021,5,26,21,60,0.0,0.0,0.0,0.0,0.0,5,27.5,22.5,70,1007.5,185,5.5,-9900,-9900,0.0,0.0
2021,5,26,22,60,0.0,0.0,0.0,0.0,0.0,5,27.1,22.1,72,1007.5,184,3.7,-9900,-9900,0.0,0.0
2021,5,26,23,60,0.0,0.0,0.0,0.0,0.0,5,28.0,23.0,71,1008.2,162,5.5,-9900,-9900,0.0,0.0
2021,5,26,24,60,0.0,0.0,0.0,0.0,0.0,5,28.9,23.9,68,1008.4,169,5.5,-9900,-9900,0.0,0.0
2021,5,27,1,60,0.0,0.0,0.0,0.0,0.0,5,30.3,25.3,68,1008.4,223,5.5,-9900,-9900,0.0,0.0
2021,5,27,2,60,0.0,0.0,0.0,0.0,0.0,5,31.7,26.7,62,1008.3,247,7.4,-9900,-9900,0.0,0.0
2021,5,27,3,60,0.0,0.0,0.0,0.0,0.0,5,33.1,28.1,57,1008.2,259,9.3,-9900,-9900,0.0,0.0
2021,5,27,4,60,0.0,0.0,0.0,0.0,0.0,5,34.5,29.5,52,1008.1,266,11.1,-9900,-9900,0.0,0.0
2021,5,27,5,60,0.0,0.0,0.0,0.0,0.0,5,35.6,30.6,47,1007.8,272,13.0,-9900,-9900,0.0,0.0
2021,5,27,6,60,0.0,0.0,0.0,0.0,0.0,5,35.4,30.4,48,1007.3,277,13.0,-9900,-9900,0.0,0.0
2021,5,27,7,60,0.0,0.0,0.0,0.0,0.0,5,35.3,30.3,49,1006.9,282,13.0,-9900,-9900,0.0,0.0
2021,5,27,8,60,0.0,0.0,0.0,0.0,0.0,5,34.4,29.4,53,1007.0,283,11.1,-9900,-9900,0.0,0.0
2021,5,27,9,60,0.0,0.0,0.0,0.0,0.0,5,33.5,28.5,56,1007.0,284,11.1,-9900,-9900,0.0,0.0
2021,5,27,10,60,0.0,0.0,0.0,0.0,0.0,5,32.6,27.6,60,1007.1,285,9.3,-9900,-9900,0.0,0.0
2021,5,27,11,60,0.0,0.0,0.0,0.0,0.0,5,31.9,26.9,58,1008.0,312,9.3,-9900,-9900,0.0,0.0
2021,5,27,12,60,0.0,0.0,0.0,0.0,0.0,5,31.2,26.2,62,1008.5,306,7.4,-9900,-9900,0.0,0.0
2021,5,27,13,60,0.0,0.0,0.0,0.0,0.0,5,30.5,25.5,67,1009.1,295,5.5,-9900,-9900,0.0,0.0
2021,5,27,14,60,0.0,0.0,0.0,0.0,0.0,5,30.0,25.0,70,1009.3,289,5.5,-9900,-9900,0.0,0.0
2021,5,27,15,60,0.0,0.0,0.0,0.0,0.0,5,29.5,24.5,72,1009.5,278,5.5,-9900,-9900,0.0,0.0
2021,5,27,16,60,0.0,0.0,0.0,0.0,0.0,5,29.0,24.0,76,1009.8,245,3.7,-9900,-9900,0.0,0.0
2021,5,27,17,60,0.0,0.0,0.0,0.0,0.0,5,29.3,24.3,68,1009.4,219,5.5,-9900,-9900,0.0,0.0
2021,5,27,18,60,0.0,0.0,0.0,0.0,0.0,5,28.9,23.9,69,1009.0,205,5.5,-9900,-9900,0.0,0.0
2021,5,27,19,60,0.0,0.0,0.0,0.0,0.0,5,28.4,23.4,71,1008.5,194,3.7,-9900,-9900,0.0,0.0
2021,5,27,20,60,0.0,0.0,0.0,0.0,0.0,5,28.2,23.2,73,1008.5,187,3.7,-9900,-9900,0.0,0.0
2021,5,27,21,60,0.0,0.0,0.0,0.0,0.0,5,27.9,22.9,74,1008.5,180,3.7,-9900,-9900,0.0,0.0
2021,5,27,22,60,0.0,0.0,0.0,0.0,0.0,5,27.6,22.6,76,1008.5,173,3.7,-9900,-9900,0.0,0.0
2021,5,27,23,60,0.0,0.0,0.0,0.0,0.0,5,28.8,23.8,75,1008.8,212,3.7,-9900,-9900,0.0,0.0
2021,5,27,24,60,0.0,0.0,0.0,0.0,0.0,5,29.4,24.4,72,1009.1,217,3.7,-9900,-9900,0.0,0.0
2021,5,28,1,60,0.0,0.0,0.0,0.0,0.0,5,30.0,25.0,69,1009.4,221,5.5,-9900,-9900,0.0,0.0
2021,5,28,2,60,0.0,0.0,0.0,0.0,0.0,5,31.1,26.1,64,1009.2,241,7.4,-9900,-9900,0.0,0.0
2021,5,28,3,60,0.0,0.0,0.0,0.0,0.0,5,32.2,27.2,59,1009.0,249,9.3,-9900,-9900,0.0,0.0
2021,5,28,4,60,0.0,0.0,0.0,0.0,0.0,5,33.3,28.3,55,1008.7,253,11.1,-9900,-9900,0.0,0.0
2021,5,28,5,60,0.0,0.0,0.0,0.0,0.0,5,33.3,28.3,56,1008.2,259,13.0,-9900,-9900,0.0,0.0
2021,5,28,6,60,0.0,0.0,0.0,0.0,0.0,5,33.4,28.4,56,1007.6,265,13.0,-9900,-9900,0.0,0.0
2021,5,28,7,60,0.0,0.0,0.0,0.0,0.0,5,33.4,28.4,57,1007.0,270,14.8,-9900,-9900,0.0,0.0
2021,5,28,8,60,0.0,0.0,0.0,0.0,0.0,5,32.7,27.7,59,1007.0,271,13.0,-9900,-9900,0.0,0.0
2021,5,28,9,60,0.0,0.0,0.0,0.0,0.0,5,32.0,27.0,61,1007.0,272,11.1,-9900,-9900,0.0,0.0
2021,5,28,10,60,0.0,0.0,0.0,0.0,0.0,5,31.3,26.3,63,1007.1,275,9.3,-9900,-9900,0.0,0.0
2021,5,28,11,60,0.0,0.0,0.0,0.0,0.0,5,32.2,27.2,57,1006.8,293,9.3,-9900,-9900,0.0,0.0
2021,5,28,12,60,0.0,0.0,0.0,0.0,0.0,5,31.1,26.1,61,1007.7,292,7.4,-9900,-9900,0.0,0.0
2021,5,28,13,60,0.0,0.0,0.0,0.0,0.0,5,30.0,25.0,65,1008.7,291,5.5,-9900,-9900,0.0,0.0
2021,5,28,14,60,0.0,0.0,0.0,0.0,0.0,5,29.4,24.4,67,1009.0,275,5.5,-9900,-9900,0.0,0.0
2021,5,28,15,60,0.0,0.0,0.0,0.0,0.0,5,28.7,23.7,70,1009.3,119,3.7,-9900,-9900,0.0,0.0
2021,5,28,16,60,0.0,0.0,0.0,0.0,0.0,5,28.1,23.1,73,1009.5,116,3.7,-9900,-9900,0.0,0.0
2021,5,28,17,60,0.0,0.0,0.0,0.0,0.0,5,27.6,22.6,80,1009.3,157,5.5,-9900,-9900,0.0,0.0
2021,5,28,18,60,0.0,0.0,0.0,0.0,0.0,5,27.3,22.3,81,1008.8,163,5.5,-9900,-9900,0.0,0.0
2021,5,28,19,60,0.0,0.0,0.0,0.0,0.0,5,27.0,22.0,81,1008.3,165,3.7,-9900,-9900,0.0,0.0
2021,5,28,20,60,0.0,0.0,0.0,0.0,0.0,5,26.7,21.7,82,1008.2,147,3.7,-9900,-9900,0.0,0.0
2021,5,28,21,60,0.0,0.0,0.0,0.0,0.0,5,26.5,21.5,83,1008.1,134,5.5,-9900,-9900,0.0,0.0
2021,5,28,22,60,0.0,0.0,0.0,0.0,0.0,5,26.2,21.2,84,1008.1,125,5.5,-9900,-9900,0.0,0.0
2021,5,28,23,60,0.0,0.0,0.0,0.0,0.0,5,26.8,21.8,79,1008.4,93,7.4,-9900,-9900,0.0,0.0
2021,5,28,24,60,0.0,0.0,0.0,0.0,0.0,5,27.0,22.0,79,1008.7,92,7.4,-9900,-9900,0.0,0.0
2021,5,29,1,60,0.0,0.0,0.0,0.0,0.0,5,27.2,22.2,78,1009.0,91,7.4,-9900,-9900,0.0,0.0
2021,5,29,2,60,0.0,0.0,0.0,0.0,0.0,5,27.7,22.7,75,1008.8,91,7.4,-9900,-9900,0.0,0.0
2021,5,29,3,60,0.0,0.0,0.0,0.0,0.0,5,28.1,23.1,73,1008.6,90,9.3,-9900,-9900,0.0,0.0
2021,5,29,4,60,0.0,0.0,0.0,0.0,0.0,5,28.6,23.6,70,1008.3,90,9.3,-9900,-9900,0.0,0.0
2021,5,29,5,60,0.0,0.0,0.0,0.0,0.0,5,27.7,22.7,73,1007.7,87,11.1,-9900,-9900,0.0,0.0
2021,5,29,6,60,0.0,0.0,0.0,0.0,0.0,5,27.7,22.7,73,1007.3,85,11.1,-9900,-9900,0.0,0.0
2021,5,29,7,60,0.0,0.0,0.0,0.0,0.0,5,27.6,22.6,74,1006.9,83,11.1,-9900,-9900,0.0,0.0
2021,5,29,8,60,0.0,0.0,0.0,0.0,0.0,5,27.2,22.2,76,1006.5,82,11.1,-9900,-9900,0.0,0.0
2021,5,29,9,60,0.0,0.0,0.0,0.0,0.0,5,26.8,21.8,78,1006.1,81,9.3,-9900,-9900,0.0,0.0
2021,5,29,10,60,0.0,0.0,0.0,0.0,0.0,5,26.4,21.4,80,1005.8,79,9.3,-9900,-9900,0.0,0.0
2021,5,29,11,60,0.0,0.0,0.0,0.0,0.0,5,25.6,20.6,89,1005.9,82,7.4,-9900,-9900,0.0,0.0
2021,5,29,12,60,0.0,0.0,0.0,0.0,0.0,5,25.6,20.6,90,1006.3,83,7.4,-9900,-9900,0.0,0.0
2021,5,29,13,60,0.0,0.0,0.0,0.0,0.0,5,25.6,20.6,90,1006.7,84,5.5,-9900,-9900,0.0,0.0
2021,5,29,14,60,0.0,0.0,0.0,0.0,0.0,5,25.5,20.5,90,1006.8,85,5.5,-9900,-9900,0.0,0.0
2021,5,29,15,60,0.0,0.0,0.0,0.0,0.0,5,25.4,20.4,91,1006.9,87,5.5,-9900,-9900,0.0,0.0
2021,5,29,16,60,0.0,0.0,0.0,0.0,0.0,5,25.3,20.3,91,1007.1,89,5.5,-9900,-9900,0.0,0.0
2021,5,29,17,60,0.0,0.0,0.0,0.0,0.0,5,26.4,21.4,91,1006.6,45,3.7,-9900,-9900,0.0,0.0
2021,5,29,18,60,0.0,0.0,0.0,0.0,0.0,5,26.2,21.2,92,1006.0,77,3.7,-9900,-9900,0.0,0.0
2021,5,29,19,60,0.0,0.0,0.0,0.0,0.0,5,26.0,21.0,92,1005.5,112,3.7,-9900,-9900,0.0,0.0
2021,5,29,20,60,0.0,0.0,0.0,0.0,0.0,5,25.8,20.8,93,1005.3,137,3.7,-9900,-9900,0.0,0.0
2021,5,29,21,60,0.0,0.0,0.0,0.0,0.0,5,25.6,20.6,94,1005.1,155,3.7,-9900,-9900,0.0,0.0
2021,5,29,22,60,0.0,0.0,0.0,0.0,0.0,5,25.4,20.4,95,1004.9,166,5.5,-9900,-9900,0.0,0.0
2021,5,29,23,60,0.0,0.0,0.0,0.0,0.0,5,25.9,20.9,91,1005.2,175,5.5,-9900,-9900,0.0,0.0
2021,5,29,24,60,0.0,0.0,0.0,0.0,0.0,5,26.1,21.1,88,1005.5,183,5.5,-9900,-9900,0.0,0.0
2021,5,30,1,60,0.0,0.0,0.0,0.0,0.0,5,26.4,21.4,86,1005.8,195,3.7,-9900,-9900,0.0,0.0
2021,5,30,2,60,0.0,0.0,0.0,0.0,0.0,5,26.6,21.6,84,1005.6,188,5.5,-9900,-9900,0.0,0.0
2021,5,30,3,60,0.0,0.0,0.0,0.0,0.0,5,26.7,21.7,83,1005.4,152,5.5,-9900,-9900,0.0,0.0
2021,5,30,4,60,0.0,0.0,0.0,0.0,0.0,5,26.9,21.9,81,1005.2,51,5.5,-9900,-9900,0.0,0.0
2021,5,30,5,60,0.0,0.0,0.0,0.0,0.0,5,26.8,21.8,84,1004.8,68,7.4,-9900,-9900,0.0,0.0
2021,5,30,6,60,0.0,0.0,0.0,0.0,0.0,5,26.5,21.5,85,1004.6,70,7.4,-9900,-9900,0.0,0.0
2021,5,30,7,60,0.0,0.0,0.0,0.0,0.0,5,26.2,21.2,86,1004.4,72,7.4,-9900,-9900,0.0,0.0
2021,5,30,8,60,0.0,0.0,0.0,0.0,0.0,5,25.8,20.8,87,1004.5,77,7.4,-9900,-9900,0.0,0.0
2021,5,30,9,60,0.0,0.0,0.0,0.0,0.0,5,25.5,20.5,88,1004.6,81,7.4,-9900,-9900,0.0,0.0
2021,5,30,10,60,0.0,0.0,0.0,0.0,0.0,5,25.1,20.1,89,1004.8,83,7.4,-9900,-9900,0.0,0.0
2021,5,30,11,60,0.0,0.0,0.0,0.0,0.0,5,25.0,20.0,90,1005.2,82,7.4,-9900,-9900,0.0,0.0
2021,5,30,12,60,0.0,0.0,0.0,0.0,0.0,5,24.8,19.8,91,1005.6,80,7.4,-9900,-9900,0.0,0.0
2021,5,30,13,60,0.0,0.0,0.0,0.0,0.0,5,24.7,19.7,92,1006.0,78,7.4,-9900,-9900,0.0,0.0
2021,5,30,14,60,0.0,0.0,0.0,0.0,0.0,5,24.6,19.6,92,1006.2,81,7.4,-9900,-9900,0.0,0.0
2021,5,30,15,60,0.0,0.0,0.0,0.0,0.0,5,24.5,19.5,92,1006.4,86,7.4,-9900,-9900,0.0,0.0
2021,5,30,16,60,0.0,0.0,0.0,0.0,0.0,5,24.5,19.5,92,1006.6,91,7.4,-9900,-9900,0.0,0.0
2021,5,30,17,60,0.0,0.0,0.0,0.0,0.0,5,24.9,19.9,95,1006.2,104,5.5,-9900,-9900,0.0,0.0
2021,5,30,18,60,0.0,0.0,0.0,0.0,0.0,5,24.8,19.8,94,1005.8,103,5.5,-9900,-9900,0.0,0.0
2021,5,30,19,60,0.0,0.0,0.0,0.0,0.0,5,24.7,19.7,94,1005.4,102,5.5,-9900,-9900,0.0,0.0
2021,5,30,20,60,0.0,0.0,0.0,0.0,0.0,5,24.6,19.6,94,1005.4,104,5.5,-9900,-9900,0.0,0.0
2021,5,30,21,60,0.0,0.0,0.0,0.0,0.0,5,24.6,19.6,94,1005.4,106,5.5,-9900,-9900,0.0,0.0
2021,5,30,22,60,0.0,0.0,0.0,0.0,0.0,5,24.5,19.5,94,1005.4,108,5.5,-9900,-9900,0.0,0.0
2021,5,30,23,60,0.0,0.0,0.0,0.0,0.0,5,25.1,20.1,95,1005.7,99,5.5,-9900,-9900,0.0,0.0
2021,5,30,24,60,0.0,0.0,0.0,0.0,0.0,5,25.5,20.5,91,1006.0,98,5.5,-9900,-9900,0.0,0.0
2021,5,31,1,60,0.0,0.0,0.0,0.0,0.0,5,25.9,20.9,87,1006.4,98,5.5,-9900,-9900,0.0,0.0
2021,5,31,2,60,0.0,0.0,0.0,0.0,0.0,5,26.3,21.3,85,1006.4,91,7.4,-9900,-9900,0.0,0.0
2021,5,31,3,60,0.0,0.0,0.0,0.0,0.0,5,26.8,21.8,82,1006.4,85,7.4,-9900,-9900,0.0,0.0
2021,5,31,4,60,0.0,0.0,0.0,0.0,0.0,5,27.2,22.2,79,1006.5,79,7.4,-9900,-9900,0.0,0.0
2021,5,31,5,60,0.0,0.0,0.0,0.0,0.0,5,26.2,21.2,84,1006.2,82,11.1,-9900,-9900,0.0,0.0
2021,5,31,6,60,0.0,0.0,0.0,0.0,0.0,5,26.2,21.2,83,1005.9,81,11.1,-9900,-9900,0.0,0.0
2021,5,31,7,60,0.0,0.0,0.0,0.0,0.0,5,26.2,21.2,82,1005.5,79,11.1,-9900,-9900,0.0,0.0
2021,5,31,8,60,0.0,0.0,0.0,0.0,0.0,5,26.0,21.0,84,1005.5,84,11.1,-9900,-9900,0.0,0.0
2021,5,31,9,60,0.0,0.0,0.0,0.0,0.0,5,25.7,20.7,86,1005.5,89,11.1,-9900,-9900,0.0,0.0
2021,5,31,10,60,0.0,0.0,0.0,0.0,0.0,5,25.5,20.5,87,1005.5,95,11.1,-9900,-9900,0.0,0.0
2021,5,31,11,60,0.0,0.0,0.0,0.0,0.0,5,24.3,19.3,95,1006.4,100,9.3,-9900,-9900,0.0,0.0
2021,5,31,12,60,0.0,0.0,0.0,0.0,0.0,5,24.3,19.3,96,1006.7,98,9.3,-9900,-9900,0.0,0.0
2021,5,31,13,60,0.0,0.0,0.0,0.0,0.0,5,24.4,19.4,97,1006.9,97,9.3,-9900,-9900,0.0,0.0
2021,5,31,14,60,0.0,0.0,0.0,0.0,0.0,5,24.4,19.4,97,1007.0,95,9.3,-9900,-9900,0.0,0.0
2021,5,31,15,60,0.0,0.0,0.0,0.0,0.0,5,24.5,19.5,97,1007.0,94,9.3,-9900,-9900,0.0,0.0
2021,5,31,16,60,0.0,0.0,0.0,0.0,0.0,5,24.6,19.6,96,1007.1,92,9.3,-9900,-9900,0.0,0.0
2021,5,31,17,60,0.0,0.0,0.0,0.0,0.0,5,24.3,19.3,92,1006.7,115,7.4,-9900,-9900,0.0,0.0
2021,5,31,18,60,0.0,0.0,0.0,0.0,0.0,5,24.3,19.3,91,1006.3,120,7.4,-9900,-9900,0.0,0.0
2021,5,31,19,60,0.0,0.0,0.0,0.0,0.0,5,24.2,19.2,91,1006.0,127,5.5,-9900,-9900,0.0,0.0
2021,5,31,20,60,0.0,0.0,0.0,0.0,0.0,5,24.3,19.3,91,1006.1,128,5.5,-9900,-9900,0.0,0.0
2021,5,31,21,60,0.0,0.0,0.0,0.0,0.0,5,24.4,19.4,91,1006.2,129,5.5,-9900,-9900,0.0,0.0
2021,5,31,22,60,0.0,0.0,0.0,0.0,0.0,5,24.4,19.4,92,1006.3,131,5.5,-9900,-9900,0.0,0.0
2021,5,31,23,60,0.0,0.0,0.0,0.0,0.0,5,24.7,19.7,90,1007.7,145,5.5,-9900,-9900,0.0,0.0
2021,5,31,24,60,0.0,0.0,0.0,0.0,0.0,5,25.4,20.4,87,1007.9,141,5.5,-9900,-9900,0.0,0.0
2021,6,1,1,60,0.0,0.0,0.0,0.0,0.0,5,26.2,21.2,83,1008.1,135,3.7,-9900,-9900,0.0,0.0
2021,6,1,2,60,0.0,0.0,0.0,0.0,0.0,5,27.5,22.5,77,1007.9,142,3.7,-9900,-9900,0.0,0.0
2021,6,1,3,60,0.0,0.0,0.0,0.0,0.0,5,28.8,23.8,72,1007.7,161,3.7,-9900,-9900,0.0,0.0
2021,6,1,4,60,0.0,0.0,0.0,0.0,0.0,5,30.2,25.2,67,1007.6,225,3.7,-9900,-9900,0.0,0.0
2021,6,1,5,60,0.0,0.0,0.0,0.0,0.0,5,29.6,24.6,71,1007.4,312,5.5,-9900,-9900,0.0,0.0
2021,6,1,6,60,0.0,0.0,0.0,0.0,0.0,5,29.4,24.4,73,1007.0,349,5.5,-9900,-9900,0.0,0.0
2021,6,1,7,60,0.0,0.0,0.0,0.0,0.0,5,29.2,24.2,75,1006.7,4,7.4,-9900,-9900,0.0,0.0
2021,6,1,8,60,0.0,0.0,0.0,0.0,0.0,5,28.7,23.7,77,1006.7,29,5.5,-9900,-9900,0.0,0.0
2021,6,1,9,60,0.0,0.0,0.0,0.0,0.0,5,28.1,23.1,79,1006.6,82,5.5,-9900,-9900,0.0,0.0
2021,6,1,10,60,0.0,0.0,0.0,0.0,0.0,5,27.6,22.6,82,1006.6,117,5.5,-9900,-9900,0.0,0.0
2021,6,1,11,60,0.0,0.0,0.0,0.0,0.0,5,27.3,22.3,86,1007.5,119,5.5,-9900,-9900,0.0,0.0
2021,6,1,12,60,0.0,0.0,0.0,0.0,0.0,5,27.0,22.0,87,1007.9,117,5.5,-9900,-9900,0.0,0.0
2021,6,1,13,60,0.0,0.0,0.0,0.0,0.0,5,26.8,21.8,87,1008.2,116,5.5,-9900,-9900,0.0,0.0
2021,6,1,14,60,0.0,0.0,0.0,0.0,0.0,5,26.7,21.7,88,1008.3,124,5.5,-9900,-9900,0.0,0.0
2021,6,1,15,60,0.0,0.0,0.0,0.0,0.0,5,26.6,21.6,88,1008.3,131,5.5,-9900,-9900,0.0,0.0
2021,6,1,16,60,0.0,0.0,0.0,0.0,0.0,5,26.5,21.5,88,1008.3,138,5.5,-9900,-9900,0.0,0.0
2021,6,1,17,60,0.0,0.0,0.0,0.0,0.0,5,25.3,20.3,94,1008.3,138,5.5,-9900,-9900,0.0,0.0
2021,6,1,18,60,0.0,0.0,0.0,0.0,0.0,5,25.2,20.2,93,1007.9,147,5.5,-9900,-9900,0.0,0.0
2021,6,1,19,60,0.0,0.0,0.0,0.0,0.0,5,25.1,20.1,93,1007.5,155,3.7,-9900,-9900,0.0,0.0
2021,6,1,20,60,0.0,0.0,0.0,0.0,0.0,5,25.2,20.2,91,1007.5,159,3.7,-9900,-9900,0.0,0.0
2021,6,1,21,60,0.0,0.0,0.0,0.0,0.0,5,25.3,20.3,90,1007.6,163,3.7,-9900,-9900,0.0,0.0
2021,6,1,22,60,0.0,0.0,0.0,0.0,0.0,5,25.4,20.4,88,1007.6,167,3.7,-9900,-9900,0.0,0.0
2021,6,1,23,60,0.0,0.0,0.0,0.0,0.0,5,26.4,21.4,84,1007.9,167,3.7,-9900,-9900,0.0,0.0
2021,6,1,24,60,0.0,0.0,0.0,0.0,0.0,5,27.3,22.3,81,1008.1,167,3.7,-9900,-9900,0.0,0.0
2021,6,2,1,60,0.0,0.0,0.0,0.0,0.0,5,28.3,23.3,77,1008.4,167,3.7,-9900,-9900,0.0,0.0
2021,6,2,2,60,0.0,0.0,0.0,0.0,0.0,5,29.9,24.9,70,1008.2,198,3.7,-9900,-9900,0.0,0.0
2021,6,2,3,60,0.0,0.0,0.0,0.0,0.0,5,31.5,26.5,64,1008.0,235,3.7,-9900,-9900,0.0,0.0
2021,6,2,4,60,0.0,0.0,0.0,0.0,0.0,5,33.0,28.0,59,1007.7,258,5.5,-9900,-9900,0.0,0.0
2021,6,2,5,60,0.0,0.0,0.0,0.0,0.0,5,32.5,27.5,65,1007.6,284,5.5,-9900,-9900,0.0,0.0
2021,6,2,6,60,0.0,0.0,0.0,0.0,0.0,5,32.3,27.3,66,1007.2,299,5.5,-9900,-9900,0.0,0.0
2021,6,2,7,60,0.0,0.0,0.0,0.0,0.0,5,32.1,27.1,66,1006.8,311,7.4,-9900,-9900,0.0,0.0
2021,6,2,8,60,0.0,0.0,0.0,0.0,0.0,5,31.2,26.2,69,1006.7,306,7.4,-9900,-9900,0.0,0.0
2021,6,2,9,60,0.0,0.0,0.0,0.0,0.0,5,30.4,25.4,73,1006.7,244,7.4,-9900,-9900,0.0,0.0
2021,6,2,10,60,0.0,0.0,0.0,0.0,0.0,5,29.5,24.5,76,1006.6,146,5.5,-9900,-9900,0.0,0.0
2021,6,2,11,60,0.0,0.0,0.0,0.0,0.0,5,29.3,24.3,77,1007.2,109,5.5,-9900,-9900,0.0,0.0
2021,6,2,12,60,0.0,0.0,0.0,0.0,0.0,5,28.9,23.9,79,1007.7,127,5.5,-9900,-9900,0.0,0.0
2021,6,2,13,60,0.0,0.0,0.0,0.0,0.0,5,28.6,23.6,80,1008.2,139,5.5,-9900,-9900,0.0,0.0
2021,6,2,14,60,0.0,0.0,0.0,0.0,0.0,5,28.3,23.3,82,1008.5,152,5.5,-9900,-9900,0.0,0.0
2021,6,2,15,60,0.0,0.0,0.0,0.0,0.0,5,28.0,23.0,83,1008.7,162,3.7,-9900,-9900,0.0,0.0
2021,6,2,16,60,0.0,0.0,0.0,0.0,0.0,5,27.7,22.7,84,1009.0,169,3.7,-9900,-9900,0.0,0.0
2021,6,2,17,60,0.0,0.0,0.0,0.0,0.0,5,26.4,21.4,95,1009.0,184,5.5,-9900,-9900,0.0,0.0
2021,6,2,18,60,0.0,0.0,0.0,0.0,0.0,5,26.3,21.3,94,1008.4,178,5.5,-9900,-9900,0.0,0.0
2021,6,2,19,60,0.0,0.0,0.0,0.0,0.0,5,26.2,21.2,93,1007.9,170,5.5,-9900,-9900,0.0,0.0
2021,6,2,20,60,0.0,0.0,0.0,0.0,0.0,5,26.2,21.2,92,1007.7,168,5.5,-9900,-9900,0.0,0.0
2021,6,2,21,60,0.0,0.0,0.0,0.0,0.0,5,26.1,21.1,91,1007.6,165,5.5,-9900,-9900,0.0,0.0
2021,6,2,22,60,0.0,0.0,0.0,0.0,0.0,5,26.1,21.1,90,1007.4,163,3.7,-9900,-9900,0.0,0.0
2021,6,2,23,60,0.0,0.0,0.0,0.0,0.0,5,27.0,22.0,84,1007.8,167,5.5,-9900,-9900,0.0,0.0
2021,6,2,24,60,0.0,0.0,0.0,0.0,0.0,5,28.0,23.0,80,1007.9,170,3.7,-9900,-9900,0.0,0.0
2021,6,3,1,60,0.0,0.0,0.0,0.0,0.0,5,29.0,24.0,76,1008.1,173,3.7,-9900,-9900,0.0,0.0
2021,6,3,2,60,0.0,0.0,0.0,0.0,0.0,5,30.5,25.5,69,1007.8,200,5.5,-9900,-9900,0.0,0.0
2021,6,3,3,60,0.0,0.0,0.0,0.0,0.0,5,32.1,27.1,63,1007.6,229,5.5,-9900,-9900,0.0,0.0
2021,6,3,4,60,0.0,0.0,0.0,0.0,0.0,5,33.6,28.6,57,1007.3,249,5.5,-9900,-9900,0.0,0.0
2021,6,3,5,60,0.0,0.0,0.0,0.0,0.0,5,32.8,27.8,60,1006.8,274,5.5,-9900,-9900,0.0,0.0
2021,6,3,6,60,0.0,0.0,0.0,0.0,0.0,5,33.0,28.0,60,1006.2,288,7.4,-9900,-9900,0.0,0.0
2021,6,3,7,60,0.0,0.0,0.0,0.0,0.0,5,33.3,28.3,60,1005.5,297,7.4,-9900,-9900,0.0,0.0
2021,6,3,8,60,0.0,0.0,0.0,0.0,0.0,5,32.7,27.7,62,1005.1,293,7.4,-9900,-9900,0.0,0.0
2021,6,3,9,60,0.0,0.0,0.0,0.0,0.0,5,32.2,27.2,64,1004.7,284,7.4,-9900,-9900,0.0,0.0
2021,6,3,10,60,0.0,0.0,0.0,0.0,0.0,5,31.6,26.6,66,1004.3,256,7.4,-9900,-9900,0.0,0.0
2021,6,3,11,60,0.0,0.0,0.0,0.0,0.0,5,32.1,27.1,66,1004.6,189,7.4,-9900,-9900,0.0,0.0
2021,6,3,12,60,0.0,0.0,0.0,0.0,0.0,5,31.3,26.3,70,1005.2,189,5.5,-9900,-9900,0.0,0.0
2021,6,3,13,60,0.0,0.0,0.0,0.0,0.0,5,30.6,25.6,73,1005.8,189,5.5,-9900,-9900,0.0,0.0
2021,6,3,14,60,0.0,0.0,0.0,0.0,0.0,5,30.2,25.2,75,1005.9,187,5.5,-9900,-9900,0.0,0.0
2021,6,3,15,60,0.0,0.0,0.0,0.0,0.0,5,29.8,24.8,76,1006.1,186,5.5,-9900,-9900,0.0,0.0
2021,6,3,16,60,0.0,0.0,0.0,0.0,0.0,5,29.3,24.3,78,1006.3,185,3.7,-9900,-9900,0.0,0.0
2021,6,3,17,60,0.0,0.0,0.0,0.0,0.0,5,29.2,24.2,75,1005.7,196,5.5,-9900,-9900,0.0,0.0
2021,6,3,18,60,0.0,0.0,0.0,0.0,0.0,5,28.9,23.9,76,1005.2,187,5.5,-9900,-9900,0.0,0.0
2021,6,3,19,60,0.0,0.0,0.0,0.0,0.0,5,28.6,23.6,77,1004.7,179,5.5,-9900,-9900,0.0,0.0
2021,6,3,20,60,0.0,0.0,0.0,0.0,0.0,5,28.3,23.3,78,1004.5,177,5.5,-9900,-9900,0.0,0.0
2021,6,3,21,60,0.0,0.0,0.0,0.0,0.0,5,28.0,23.0,78,1004.4,175,5.5,-9900,-9900,0.0,0.0
2021,6,3,22,60,0.0,0.0,0.0,0.0,0.0,5,27.8,22.8,79,1004.2,173,5.5,-9900,-9900,0.0,0.0
2021,6,3,23,60,0.0,0.0,0.0,0.0,0.0,5,29.0,24.0,79,1004.7,177,5.5,-9900,-9900,0.0,0.0
2021,6,3,24,60,0.0,0.0,0.0,0.0,0.0,5,29.8,24.8,75,1005.0,185,5.5,-9900,-9900,0.0,0.0
2021,6,4,1,60,0.0,0.0,0.0,0.0,0.0,5,30.7,25.7,71,1005.2,196,3.7,-9900,-9900,0.0,0.0
2021,6,4,2,60,0.0,0.0,0.0,0.0,0.0,5,31.6,26.6,67,1005.0,233,5.5,-9900,-9900,0.0,0.0
2021,6,4,3,60,0.0,0.0,0.0,0.0,0.0,5,32.6,27.6,63,1004.8,255,5.5,-9900,-9900,0.0,0.0
2021,6,4,4,60,0.0,0.0,0.0,0.0,0.0,5,33.6,28.6,59,1004.6,266,7.4,-9900,-9900,0.0,0.0
2021,6,4,5,60,0.0,0.0,0.0,0.0,0.0,5,32.7,27.7,65,1004.3,280,7.4,-9900,-9900,0.0,0.0
2021,6,4,6,60,0.0,0.0,0.0,0.0,0.0,5,32.2,27.2,67,1003.9,291,7.4,-9900,-9900,0.0,0.0
2021,6,4,7,60,0.0,0.0,0.0,0.0,0.0,5,31.8,26.8,69,1003.4,302,7.4,-9900,-9900,0.0,0.0
2021,6,4,8,60,0.0,0.0,0.0,0.0,0.0,5,30.9,25.9,71,1003.4,308,7.4,-9900,-9900,0.0,0.0
2021,6,4,9,60,0.0,0.0,0.0,0.0,0.0,5,30.0,25.0,74,1003.3,324,7.4,-9900,-9900,0.0,0.0
2021,6,4,10,60,0.0,0.0,0.0,0.0,0.0,5,29.1,24.1,77,1003.2,35,7.4,-9900,-9900,0.0,0.0
2021,6,4,11,60,0.0,0.0,0.0,0.0,0.0,5,28.7,23.7,79,1003.7,61,7.4,-9900,-9900,0.0,0.0
2021,6,4,12,60,0.0,0.0,0.0,0.0,0.0,5,28.4,23.4,80,1004.2,75,5.5,-9900,-9900,0.0,0.0
2021,6,4,13,60,0.0,0.0,0.0,0.0,0.0,5,28.0,23.0,82,1004.7,83,5.5,-9900,-9900,0.0,0.0
2021,6,4,14,60,0.0,0.0,0.0,0.0,0.0,5,27.8,22.8,83,1004.7,78,5.5,-9900,-9900,0.0,0.0
2021,6,4,15,60,0.0,0.0,0.0,0.0,0.0,5,27.6,22.6,84,1004.7,75,5.5,-9900,-9900,0.0,0.0
2021,6,4,16,60,0.0,0.0,0.0,0.0,0.0,5,27.4,22.4,85,1004.7,72,5.5,-9900,-9900,0.0,0.0
2021,6,4,17,60,0.0,0.0,0.0,0.0,0.0,5,25.3,20.3,91,1004.6,100,7.4,-9900,-9900,0.0,0.0
2021,6,4,18,60,0.0,0.0,0.0,0.0,0.0,5,25.3,20.3,91,1004.1,104,7.4,-9900,-9900,0.0,0.0
2021,6,4,19,60,0.0,0.0,0.0,0.0,0.0,5,25.2,20.2,91,1003.5,113,5.5,-9900,-9900,0.0,0.0
2021,6,4,20,60,0.0,0.0,0.0,0.0,0.0,5,25.2,20.2,91,1003.4,111,5.5,-9900,-9900,0.0,0.0
2021,6,4,21,60,0.0,0.0,0.0,0.0,0.0,5,25.3,20.3,90,1003.3,109,5.5,-9900,-9900,0.0,0.0
2021,6,4,22,60,0.0,0.0,0.0,0.0,0.0,5,25.3,20.3,90,1003.2,107,5.5,-9900,-9900,0.0,0.0
2021,6,4,23,60,0.0,0.0,0.0,0.0,0.0,5,25.7,20.7,94,1003.8,178,5.5,-9900,-9900,0.0,0.0
2021,6,4,24,60,0.0,0.0,0.0,0.0,0.0,5,25.9,20.9,93,1004.2,160,3.7,-9900,-9900,0.0,0.0
2021,6,5,1,60,0.0,0.0,0.0,0.0,0.0,5,26.2,21.2,92,1004.6,137,3.7,-9900,-9900,0.0,0.0
2021,6,5,2,60,0.0,0.0,0.0,0.0,0.0,5,26.3,21.3,91,1004.7,98,5.5,-9900,-9900,0.0,0.0
2021,6,5,3,60,0.0,0.0,0.0,0.0,0.0,5,26.4,21.4,90,1004.7,63,5.5,-9900,-9900,0.0,0.0
2021,6,5,4,60,0.0,0.0,0.0,0.0,0.0,5,26.5,21.5,89,1004.8,46,5.5,-9900,-9900,0.0,0.0
2021,6,5,5,60,0.0,0.0,0.0,0.0,0.0,5,25.9,20.9,92,1004.4,23,5.5,-9900,-9900,0.0,0.0
2021,6,5,6,60,0.0,0.0,0.0,0.0,0.0,5,25.6,20.6,93,1004.1,33,7.4,-9900,-9900,0.0,0.0
2021,6,5,7,60,0.0,0.0,0.0,0.0,0.0,5,25.4,20.4,93,1003.8,42,7.4,-9900,-9900,0.0,0.0
2021,6,5,8,60,0.0,0.0,0.0,0.0,0.0,5,25.2,20.2,93,1003.6,66,7.4,-9900,-9900,0.0,0.0
2021,6,5,9,60,0.0,0.0,0.0,0.0,0.0,5,25.0,20.0,93,1003.5,82,7.4,-9900,-9900,0.0,0.0
2021,6,5,10,60,0.0,0.0,0.0,0.0,0.0,5,24.9,19.9,92,1003.4,93,9.3,-9900,-9900,0.0,0.0
2021,6,5,11,60,0.0,0.0,0.0,0.0,0.0,5,25.2,20.2,95,1003.7,88,9.3,-9900,-9900,0.0,0.0
2021,6,5,12,60,0.0,0.0,0.0,0.0,0.0,5,25.0,20.0,96,1004.1,91,9.3,-9900,-9900,0.0,0.0
2021,6,5,13,60,0.0,0.0,0.0,0.0,0.0,5,24.9,19.9,95,1004.6,94,7.4,-9900,-9900,0.0,0.0
2021,6,5,14,60,0.0,0.0,0.0,0.0,0.0,5,24.7,19.7,95,1004.9,93,7.4,-9900,-9900,0.0,0.0
2021,6,5,15,60,0.0,0.0,0.0,0.0,0.0,5,24.6,19.6,94,1005.1,91,7.4,-9900,-9900,0.0,0.0
2021,6,5,16,60,0.0,0.0,0.0,0.0,0.0,5,24.5,19.5,93,1005.3,90,7.4,-9900,-9900,0.0,0.0
2021,6,5,17,60,0.0,0.0,0.0,0.0,0.0,5,23.3,18.3,91,1005.7,92,11.1,-9900,-9900,0.0,0.0
2021,6,5,18,60,0.0,0.0,0.0,0.0,0.0,5,23.4,18.4,90,1005.2,92,9.3,-9900,-9900,0.0,0.0
2021,6,5,19,60,0.0,0.0,0.0,0.0,0.0,5,23.5,18.5,90,1004.6,93,9.3,-9900,-9900,0.0,0.0
2021,6,5,20,60,0.0,0.0,0.0,0.0,0.0,5,23.6,18.6,90,1004.6,96,7.4,-9900,-9900,0.0,0.0
2021,6,5,21,60,0.0,0.0,0.0,0.0,0.0,5,23.6,18.6,91,1004.7,99,7.4,-9900,-9900,0.0,0.0
2021,6,5,22,60,0.0,0.0,0.0,0.0,0.0,5,23.7,18.7,92,1004.8,104,5.5,-9900,-9900,0.0,0.0
2021,6,5,23,60,0.0,0.0,0.0,0.0,0.0,5,23.3,18.3,94,1005.3,91,9.3,-9900,-9900,0.0,0.0
2021,6,5,24,60,0.0,0.0,0.0,0.0,0.0,5,23.6,18.6,94,1005.7,91,9.3,-9900,-9900,0.0,0.0
2021,6,6,1,60,0.0,0.0,0.0,0.0,0.0,5,23.9,18.9,94,1006.1,90,9.3,-9900,-9900,0.0,0.0
2021,6,6,2,60,0.0,0.0,0.0,0.0,0.0,5,24.2,19.2,93,1006.1,88,7.4,-9900,-9900,0.0,0.0
2021,6,6,3,60,0.0,0.0,0.0,0.0,0.0,5,24.6,19.6,91,1006.1,86,7.4,-9900,-9900,0.0,0.0
2021,6,6,4,60,0.0,0.0,0.0,0.0,0.0,5,24.9,19.9,90,1006.1,84,7.4,-9900,-9900,0.0,0.0
2021,6,6,5,60,0.0,0.0,0.0,0.0,0.0,5,25.3,20.3,86,1005.9,86,11.1,-9900,-9900,0.0,0.0
2021,6,6,6,60,0.0,0.0,0.0,0.0,0.0,5,25.1,20.1,86,1005.6,85,11.1,-9900,-9900,0.0,0.0
2021,6,6,7,60,0.0,0.0,0.0,0.0,0.0,5,24.9,19.9,87,1005.4,83,11.1,-9900,-9900,0.0,0.0
2021,6,6,8,60,0.0,0.0,0.0,0.0,0.0,5,24.6,19.6,87,1005.4,85,11.1,-9900,-9900,0.0,0.0
2021,6,6,9,60,0.0,0.0,0.0,0.0,0.0,5,24.4,19.4,87,1005.5,89,11.1,-9900,-9900,0.0,0.0
2021,6,6,10,60,0.0,0.0,0.0,0.0,0.0,5,24.1,19.1,88,1005.6,92,11.1,-9900,-9900,0.0,0.0
2021,6,6,11,60,0.0,0.0,0.0,0.0,0.0,5,23.6,18.6,94,1007.1,91,9.3,-9900,-9900,0.0,0.0
2021,6,6,12,60,0.0,0.0,0.0,0.0,0.0,5,23.6,18.6,92,1007.5,92,9.3,-9900,-9900,0.0,0.0
2021,6,6,13,60,0.0,0.0,0.0,0.0,0.0,5,23.5,18.5,92,1008.0,93,9.3,-9900,-9900,0.0,0.0
2021,6,6,14,60,0.0,0.0,0.0,0.0,0.0,5,23.6,18.6,90,1008.2,93,9.3,-9900,-9900,0.0,0.0
2021,6,6,15,60,0.0,0.0,0.0,0.0,0.0,5,23.6,18.6,90,1008.4,92,9.3,-9900,-9900,0.0,0.0
2021,6,6,16,60,0.0,0.0,0.0,0.0,0.0,5,23.7,18.7,88,1008.7,92,9.3,-9900,-9900,0.0,0.0
2021,6,6,17,60,0.0,0.0,0.0,0.0,0.0,5,24.1,19.1,91,1009.0,105,9.3,-9900,-9900,0.0,0.0
2021,6,6,18,60,0.0,0.0,0.0,0.0,0.0,5,24.0,19.0,91,1008.6,109,9.3,-9900,-9900,0.0,0.0
2021,6,6,19,60,0.0,0.0,0.0,0.0,0.0,5,24.0,19.0,90,1008.3,114,7.4,-9900,-9900,0.0,0.0
2021,6,6,20,60,0.0,0.0,0.0,0.0,0.0,5,23.9,18.9,91,1008.5,117,7.4,-9900,-9900,0.0,0.0
2021,6,6,21,60,0.0,0.0,0.0,0.0,0.0,5,23.9,18.9,91,1008.7,120,5.5,-9900,-9900,0.0,0.0
2021,6,6,22,60,0.0,0.0,0.0,0.0,0.0,5,23.8,18.8,91,1008.9,124,5.5,-9900,-9900,0.0,0.0
2021,6,6,23,60,0.0,0.0,0.0,0.0,0.0,5,24.5,19.5,88,1009.2,116,7.4,-9900,-9900,0.0,0.0
2021,6,6,24,60,0.0,0.0,0.0,0.0,0.0,5,25.2,20.2,86,1009.5,108,7.4,-9900,-9900,0.0,0.0
2021,6,7,1,60,0.0,0.0,0.0,0.0,0.0,5,25.9,20.9,83,1009.9,102,7.4,-9900,-9900,0.0,0.0
2021,6,7,2,60,0.0,0.0,0.0,0.0,0.0,5,27.0,22.0,78,1009.7,95,7.4,-9900,-9900,0.0,0.0
2021,6,7,3,60,0.0,0.0,0.0,0.0,0.0,5,28.0,23.0,74,1009.6,88,9.3,-9900,-9900,0.0,0.0
2021,6,7,4,60,0.0,0.0,0.0,0.0,0.0,5,29.1,24.1,70,1009.4,82,9.3,-9900,-9900,0.0,0.0
2021,6,7,5,60,0.0,0.0,0.0,0.0,0.0,5,30.5,25.5,68,1009.1,84,9.3,-9900,-9900,0.0,0.0
2021,6,7,6,60,0.0,0.0,0.0,0.0,0.0,5,30.3,25.3,69,1008.9,80,11.1,-9900,-9900,0.0,0.0
2021,6,7,7,60,0.0,0.0,0.0,0.0,0.0,5,30.0,25.0,70,1008.7,76,11.1,-9900,-9900,0.0,0.0
2021,6,7,8,60,0.0,0.0,0.0,0.0,0.0,5,29.3,24.3,73,1008.7,84,11.1,-9900,-9900,0.0,0.0
2021,6,7,9,60,0.0,0.0,0.0,0.0,0.0,5,28.6,23.6,76,1008.8,94,9.3,-9900,-9900,0.0,0.0
2021,6,7,10,60,0.0,0.0,0.0,0.0,0.0,5,27.8,22.8,79,1008.9,108,9.3,-9900,-9900,0.0,0.0
2021,6,7,11,60,0.0,0.0,0.0,0.0,0.0,5,27.1,22.1,84,1009.6,102,9.3,-9900,-9900,0.0,0.0
2021,6,7,12,60,0.0,0.0,0.0,0.0,0.0,5,26.9,21.9,84,1010.0,103,7.4,-9900,-9900,0.0,0.0
2021,6,7,13,60,0.0,0.0,0.0,0.0,0.0,5,26.7,21.7,85,1010.3,105,5.5,-9900,-9900,0.0,0.0
2021,6,7,14,60,0.0,0.0,0.0,0.0,0.0,5,26.6,21.6,85,1010.5,112,5.5,-9900,-9900,0.0,0.0
2021,6,7,15,60,0.0,0.0,0.0,0.0,0.0,5,26.5,21.5,85,1010.8,121,5.5,-9900,-9900,0.0,0.0
2021,6,7,16,60,0.0,0.0,0.0,0.0,0.0,5,26.4,21.4,85,1011.0,130,5.5,-9900,-9900,0.0,0.0
2021,6,7,17,60,0.0,0.0,0.0,0.0,0.0,5,25.8,20.8,88,1010.8,147,5.5,-9900,-9900,0.0,0.0
2021,6,7,18,60,0.0,0.0,0.0,0.0,0.0,5,25.6,20.6,89,1010.5,154,5.5,-9900,-9900,0.0,0.0
2021,6,7,19,60,0.0,0.0,0.0,0.0,0.0,5,25.4,20.4,89,1010.3,162,5.5,-9900,-9900,0.0,0.0
2021,6,7,20,60,0.0,0.0,0.0,0.0,0.0,5,25.3,20.3,89,1010.4,160,5.5,-9900,-9900,0.0,0.0
2021,6,7,21,60,0.0,0.0,0.0,0.0,0.0,5,25.2,20.2,89,1010.5,158,5.5,-9900,-9900,0.0,0.0
2021,6,7,22,60,0.0,0.0,0.0,0.0,0.0,5,25.1,20.1,89,1010.7,156,5.5,-9900,-9900,0.0,0.0
2021,6,7,23,60,0.0,0.0,0.0,0.0,0.0,5,26.4,21.4,86,1011.2,146,5.5,-9900,-9900,0.0,0.0
2021,6,7,24,60,0.0,0.0,0.0,0.0,0.0,5,27.4,22.4,81,1011.4,143,3.7,-9900,-9900,0.0,0.0
2021,6,8,1,60,0.0,0.0,0.0,0.0,0.0,5,28.4,23.4,76,1011.6,139,3.7,-9900,-9900,0.0,0.0
2021,6,8,2,60,0.0,0.0,0.0,0.0,0.0,5,29.9,24.9,69,1011.3,122,5.5,-9900,-9900,0.0,0.0
2021,6,8,3,60,0.0,0.0,0.0,0.0,0.0,5,31.3,26.3,64,1011.0,107,5.5,-9900,-9900,0.0,0.0
2021,6,8,4,60,0.0,0.0,0.0,0.0,0.0,5,32.8,27.8,59,1010.7,96,7.4,-9900,-9900,0.0,0.0
2021,6,8,5,60,0.0,0.0,0.0,0.0,0.0,5,32.0,27.0,63,1010.5,80,7.4,-9900,-9900,0.0,0.0
2021,6,8,6,60,0.0,0.0,0.0,0.0,0.0,5,31.9,26.9,64,1010.0,74,7.4,-9900,-9900,0.0,0.0
2021,6,8,7,60,0.0,0.0,0.0,0.0,0.0,5,31.8,26.8,64,1009.5,70,9.3,-9900,-9900,0.0,0.0
2021,6,8,8,60,0.0,0.0,0.0,0.0,0.0,5,31.1,26.1,66,1009.1,85,9.3,-9900,-9900,0.0,0.0
2021,6,8,9,60,0.0,0.0,0.0,0.0,0.0,5,30.3,25.3,69,1008.8,99,9.3,-9900,-9900,0.0,0.0
2021,6,8,10,60,0.0,0.0,0.0,0.0,0.0,5,29.6,24.6,72,1008.4,110,9.3,-9900,-9900,0.0,0.0
2021,6,8,11,60,0.0,0.0,0.0,0.0,0.0,5,28.5,23.5,79,1009.5,116,7.4,-9900,-9900,0.0,0.0
2021,6,8,12,60,0.0,0.0,0.0,0.0,0.0,5,28.2,23.2,80,1010.0,119,7.4,-9900,-9900,0.0,0.0
2021,6,8,13,60,0.0,0.0,0.0,0.0,0.0,5,27.8,22.8,82,1010.4,122,5.5,-9900,-9900,0.0,0.0
2021,6,8,14,60,0.0,0.0,0.0,0.0,0.0,5,27.7,22.7,82,1010.5,131,5.5,-9900,-9900,0.0,0.0
2021,6,8,15,60,0.0,0.0,0.0,0.0,0.0,5,27.6,22.6,82,1010.6,141,5.5,-9900,-9900,0.0,0.0
2021,6,8,16,60,0.0,0.0,0.0,0.0,0.0,5,27.4,22.4,82,1010.7,152,5.5,-9900,-9900,0.0,0.0
2021,6,8,17,60,0.0,0.0,0.0,0.0,0.0,5,28.0,23.0,81,1010.4,198,5.5,-9900,-9900,0.0,0.0
2021,6,8,18,60,0.0,0.0,0.0,0.0,0.0,5,27.6,22.6,82,1010.0,187,5.5,-9900,-9900,0.0,0.0
2021,6,8,19,60,0.0,0.0,0.0,0.0,0.0,5,27.2,22.2,83,1009.5,180,3.7,-9900,-9900,0.0,0.0
2021,6,8,20,60,0.0,0.0,0.0,0.0,0.0,5,26.9,21.9,84,1009.5,177,5.5,-9900,-9900,0.0,0.0
2021,6,8,21,60,0.0,0.0,0.0,0.0,0.0,5,26.5,21.5,86,1009.5,174,5.5,-9900,-9900,0.0,0.0
2021,6,8,22,60,0.0,0.0,0.0,0.0,0.0,5,26.2,21.2,86,1009.5,171,5.5,-9900,-9900,0.0,0.0
2021,6,8,23,60,0.0,0.0,0.0,0.0,0.0,5,27.3,22.3,79,1010.0,148,5.5,-9900,-9900,0.0,0.0
2021,6,8,24,60,0.0,0.0,0.0,0.0,0.0,5,28.3,23.3,76,1010.1,147,5.5,-9900,-9900,0.0,0.0
2021,6,9,1,60,0.0,0.0,0.0,0.0,0.0,5,29.3,24.3,72,1010.3,145,3.7,-9900,-9900,0.0,0.0
2021,6,9,2,60,0.0,0.0,0.0,0.0,0.0,5,30.8,25.8,66,1009.9,120,5.5,-9900,-9900,0.0,0.0
2021,6,9,3,60,0.0,0.0,0.0,0.0,0.0,5,32.2,27.2,61,1009.4,95,5.5,-9900,-9900,0.0,0.0
2021,6,9,4,60,0.0,0.0,0.0,0.0,0.0,5,33.7,28.7,55,1009.0,78,7.4,-9900,-9900,0.0,0.0
2021,6,9,5,60,0.0,0.0,0.0,0.0,0.0,5,33.4,28.4,57,1008.4,78,7.4,-9900,-9900,0.0,0.0
2021,6,9,6,60,0.0,0.0,0.0,0.0,0.0,5,33.1,28.1,58,1007.8,78,9.3,-9900,-9900,0.0,0.0
2021,6,9,7,60,0.0,0.0,0.0,0.0,0.0,5,32.8,27.8,60,1007.2,78,11.1,-9900,-9900,0.0,0.0
2021,6,9,8,60,0.0,0.0,0.0,0.0,0.0,5,32.1,27.1,62,1007.0,92,11.1,-9900,-9900,0.0,0.0
2021,6,9,9,60,0.0,0.0,0.0,0.0,0.0,5,31.5,26.5,64,1006.9,103,11.1,-9900,-9900,0.0,0.0
2021,6,9,10,60,0.0,0.0,0.0,0.0,0.0,5,30.8,25.8,66,1006.7,111,11.1,-9900,-9900,0.0,0.0
2021,6,9,11,60,0.0,0.0,0.0,0.0,0.0,5,28.7,23.7,74,1007.8,106,13.0,-9900,-9900,0.0,0.0
2021,6,9,12,60,0.0,0.0,0.0,0.0,0.0,5,28.4,23.4,76,1008.1,105,13.0,-9900,-9900,0.0,0.0
2021,6,9,13,60,0.0,0.0,0.0,0.0,0.0,5,28.2,23.2,76,1008.4,104,11.1,-9900,-9900,0.0,0.0
2021,6,9,14,60,0.0,0.0,0.0,0.0,0.0,5,28.1,23.1,76,1008.3,104,11.1,-9900,-9900,0.0,0.0
2021,6,9,15,60,0.0,0.0,0.0,0.0,0.0,5,28.1,23.1,76,1008.2,103,11.1,-9900,-9900,0.0,0.0
2021,6,9,16,60,0.0,0.0,0.0,0.0,0.0,5,28.0,23.0,77,1008.2,103,11.1,-9900,-9900,0.0,0.0
2021,6,9,17,60,0.0,0.0,0.0,0.0,0.0,5,28.6,23.6,70,1007.7,103,11.1,-9900,-9900,0.0,0.0
2021,6,9,18,60,0.0,0.0,0.0,0.0,0.0,5,28.3,23.3,71,1007.4,108,9.3,-9900,-9900,0.0,0.0
2021,6,9,19,60,0.0,0.0,0.0,0.0,0.0,5,28.0,23.0,72,1007.0,114,9.3,-9900,-9900,0.0,0.0
2021,6,9,20,60,0.0,0.0,0.0,0.0,0.0,5,27.6,22.6,73,1007.0,119,7.4,-9900,-9900,0.0,0.0
2021,6,9,21,60,0.0,0.0,0.0,0.0,0.0,5,27.3,22.3,75,1007.0,125,7.4,-9900,-9900,0.0,0.0
2021,6,9,22,60,0.0,0.0,0.0,0.0,0.0,5,27.1,22.1,76,1006.9,131,5.5,-9900,-9900,0.0,0.0
2021,6,9,23,60,0.0,0.0,0.0,0.0,0.0,5,27.5,22.5,75,1008.1,145,5.5,-9900,-9900,0.0,0.0
2021,6,9,24,60,0.0,0.0,0.0,0.0,0.0,5,28.5,23.5,72,1008.1,143,5.5,-9900,-9900,0.0,0.0
2021,6,10,1,60,0.0,0.0,0.0,0.0,0.0,5,29.5,24.5,69,1008.2,139,3.7,-9900,-9900,0.0,0.0
2021,6,10,2,60,0.0,0.0,0.0,0.0,0.0,5,30.9,25.9,64,1007.9,139,5.5,-9900,-9900,0.0,0.0
2021,6,10,3,60,0.0,0.0,0.0,0.0,0.0,5,32.4,27.4,58,1007.6,138,5.5,-9900,-9900,0.0,0.0
2021,6,10,4,60,0.0,0.0,0.0,0.0,0.0,5,33.9,28.9,54,1007.3,136,5.5,-9900,-9900,0.0,0.0
2021,6,10,5,60,0.0,0.0,0.0,0.0,0.0,5,32.9,27.9,58,1007.0,306,5.5,-9900,-9900,0.0,0.0
2021,6,10,6,60,0.0,0.0,0.0,0.0,0.0,5,32.6,27.6,60,1006.6,342,7.4,-9900,-9900,0.0,0.0
2021,6,10,7,60,0.0,0.0,0.0,0.0,0.0,5,32.2,27.2,62,1006.2,2,7.4,-9900,-9900,0.0,0.0
2021,6,10,8,60,0.0,0.0,0.0,0.0,0.0,5,31.4,26.4,65,1006.1,50,9.3,-9900,-9900,0.0,0.0
2021,6,10,9,60,0.0,0.0,0.0,0.0,0.0,5,30.6,25.6,67,1006.0,111,9.3,-9900,-9900,0.0,0.0
2021,6,10,10,60,0.0,0.0,0.0,0.0,0.0,5,29.8,24.8,70,1005.9,129,9.3,-9900,-9900,0.0,0.0
2021,6,10,11,60,0.0,0.0,0.0,0.0,0.0,5,29.2,24.2,74,1006.6,127,7.4,-9900,-9900,0.0,0.0
2021,6,10,12,60,0.0,0.0,0.0,0.0,0.0,5,28.8,23.8,74,1007.0,122,7.4,-9900,-9900,0.0,0.0
2021,6,10,13,60,0.0,0.0,0.0,0.0,0.0,5,28.5,23.5,75,1007.4,118,7.4,-9900,-9900,0.0,0.0
2021,6,10,14,60,0.0,0.0,0.0,0.0,0.0,5,28.4,23.4,75,1007.5,122,7.4,-9900,-9900,0.0,0.0
2021,6,10,15,60,0.0,0.0,0.0,0.0,0.0,5,28.3,23.3,75,1007.7,126,7.4,-9900,-9900,0.0,0.0
2021,6,10,16,60,0.0,0.0,0.0,0.0,0.0,5,28.2,23.2,76,1007.8,131,7.4,-9900,-9900,0.0,0.0
2021,6,10,17,60,0.0,0.0,0.0,0.0,0.0,5,28.7,23.7,73,1007.4,140,7.4,-9900,-9900,0.0,0.0
2021,6,10,18,60,0.0,0.0,0.0,0.0,0.0,5,28.3,23.3,74,1007.1,149,7.4,-9900,-9900,0.0,0.0
2021,6,10,19,60,0.0,0.0,0.0,0.0,0.0,5,28.0,23.0,74,1006.9,161,5.5,-9900,-9900,0.0,0.0
2021,6,10,20,60,0.0,0.0,0.0,0.0,0.0,5,27.6,22.6,75,1006.9,163,5.5,-9900,-9900,0.0,0.0
2021,6,10,21,60,0.0,0.0,0.0,0.0,0.0,5,27.2,22.2,76,1006.9,165,5.5,-9900,-9900,0.0,0.0
2021,6,10,22,60,0.0,0.0,0.0,0.0,0.0,5,26.9,21.9,76,1007.0,167,5.5,-9900,-9900,0.0,0.0
2021,6,10,23,60,0.0,0.0,0.0,0.0,0.0,5,26.3,21.3,87,1007.7,163,5.5,-9900,-9900,0.0,0.0
2021,6,10,24,60,0.0,0.0,0.0,0.0,0.0,5,27.4,22.4,81,1007.9,166,5.5,-9900,-9900,0.0,0.0
2021,6,11,1,60,0.0,0.0,0.0,0.0,0.0,5,28.6,23.6,75,1008.1,171,3.7,-9900,-9900,0.0,0.0
2021,6,11,2,60,0.0,0.0,0.0,0.0,0.0,5,30.5,25.5,66,1008.0,175,3.7,-9900,-9900,0.0,0.0
2021,6,11,3,60,0.0,0.0,0.0,0.0,0.0,5,32.4,27.4,58,1007.9,194,3.7,-9900,-9900,0.0,0.0
2021,6,11,4,60,0.0,0.0,0.0,0.0,0.0,5,34.3,29.3,51,1007.8,310,3.7,-9900,-9900,0.0,0.0
2021,6,11,5,60,0.0,0.0,0.0,0.0,0.0,5,33.9,28.9,56,1007.4,305,5.5,-9900,-9900,0.0,0.0
2021,6,11,6,60,0.0,0.0,0.0,0.0,0.0,5,33.7,28.7,56,1007.1,4,7.4,-9900,-9900,0.0,0.0
2021,6,11,7,60,0.0,0.0,0.0,0.0,0.0,5,33.6,28.6,57,1006.8,20,7.4,-9900,-9900,0.0,0.0
2021,6,11,8,60,0.0,0.0,0.0,0.0,0.0,5,32.7,27.7,60,1006.9,52,9.3,-9900,-9900,0.0,0.0
2021,6,11,9,60,0.0,0.0,0.0,0.0,0.0,5,31.8,26.8,63,1006.9,89,9.3,-9900,-9900,0.0,0.0
2021,6,11,10,60,0.0,0.0,0.0,0.0,0.0,5,30.8,25.8,67,1006.9,111,9.3,-9900,-9900,0.0,0.0
2021,6,11,11,60,0.0,0.0,0.0,0.0,0.0,5,30.3,25.3,68,1007.6,105,7.4,-9900,-9900,0.0,0.0
2021,6,11,12,60,0.0,0.0,0.0,0.0,0.0,5,29.9,24.9,69,1008.1,108,7.4,-9900,-9900,0.0,0.0
2021,6,11,13,60,0.0,0.0,0.0,0.0,0.0,5,29.5,24.5,72,1008.5,110,7.4,-9900,-9900,0.0,0.0
2021,6,11,14,60,0.0,0.0,0.0,0.0,0.0,5,29.2,24.2,72,1008.8,117,7.4,-9900,-9900,0.0,0.0
2021,6,11,15,60,0.0,0.0,0.0,0.0,0.0,5,29.0,24.0,73,1009.1,124,7.4,-9900,-9900,0.0,0.0
2021,6,11,16,60,0.0,0.0,0.0,0.0,0.0,5,28.7,23.7,74,1009.3,132,5.5,-9900,-9900,0.0,0.0
2021,6,11,17,60,0.0,0.0,0.0,0.0,0.0,5,28.5,23.5,75,1009.2,142,5.5,-9900,-9900,0.0,0.0
2021,6,11,18,60,0.0,0.0,0.0,0.0,0.0,5,28.2,23.2,76,1009.0,154,5.5,-9900,-9900,0.0,0.0
2021,6,11,19,60,0.0,0.0,0.0,0.0,0.0,5,27.9,22.9,77,1008.9,168,5.5,-9900,-9900,0.0,0.0
2021,6,11,20,60,0.0,0.0,0.0,0.0,0.0,5,27.6,22.6,78,1009.1,167,5.5,-9900,-9900,0.0,0.0
2021,6,11,21,60,0.0,0.0,0.0,0.0,0.0,5,27.3,22.3,78,1009.2,166,5.5,-9900,-9900,0.0,0.0
2021,6,11,22,60,0.0,0.0,0.0,0.0,0.0,5,27.0,22.0,79,1009.4,165,5.5,-9900,-9900,0.0,0.0
2021,6,11,23,60,0.0,0.0,0.0,0.0,0.0,5,28.5,23.5,75,1010.6,159,5.5,-9900,-9900,0.0,0.0
2021,6,11,24,60,0.0,0.0,0.0,0.0,0.0,5,29.3,24.3,72,1010.8,163,5.5,-9900,-9900,0.0,0.0
2021,6,12,1,60,0.0,0.0,0.0,0.0,0.0,5,30.2,25.2,69,1011.0,168,3.7,-9900,-9900,0.0,0.0
2021,6,12,2,60,0.0,0.0,0.0,0.0,0.0,5,31.5,26.5,64,1010.6,187,3.7,-9900,-9900,0.0,0.0
2021,6,12,3,60,0.0,0.0,0.0,0.0,0.0,5,32.9,27.9,59,1010.3,234,3.7,-9900,-9900,0.0,0.0
2021,6,12,4,60,0.0,0.0,0.0,0.0,0.0,5,34.2,29.2,54,1009.9,278,3.7,-9900,-9900,0.0,0.0
2021,6,12,5,60,0.0,0.0,0.0,0.0,0.0,5,33.4,28.4,59,1009.5,311,5.5,-9900,-9900,0.0,0.0
2021,6,12,6,60,0.0,0.0,0.0,0.0,0.0,5,33.2,28.2,60,1009.1,330,5.5,-9900,-9900,0.0,0.0
2021,6,12,7,60,0.0,0.0,0.0,0.0,0.0,5,33.0,28.0,61,1008.8,341,7.4,-9900,-9900,0.0,0.0
2021,6,12,8,60,0.0,0.0,0.0,0.0,0.0,5,32.1,27.1,64,1008.8,339,7.4,-9900,-9900,0.0,0.0
2021,6,12,9,60,0.0,0.0,0.0,0.0,0.0,5,31.2,26.2,66,1008.8,334,7.4,-9900,-9900,0.0,0.0
2021,6,12,10,60,0.0,0.0,0.0,0.0,0.0,5,30.3,25.3,70,1008.8,279,7.4,-9900,-9900,0.0,0.0
2021,6,12,11,60,0.0,0.0,0.0,0.0,0.0,5,29.3,24.3,76,1009.9,252,5.5,-9900,-9900,0.0,0.0
2021,6,12,12,60,0.0,0.0,0.0,0.0,0.0,5,29.1,24.1,76,1010.3,194,5.5,-9900,-9900,0.0,0.0
2021,6,12,13,60,0.0,0.0,0.0,0.0,0.0,5,28.8,23.8,77,1010.7,176,5.5,-9900,-9900,0.0,0.0
2021,6,12,14,60,0.0,0.0,0.0,0.0,0.0,5,28.6,23.6,78,1011.0,174,5.5,-9900,-9900,0.0,0.0
2021,6,12,15,60,0.0,0.0,0.0,0.0,0.0,5,28.3,23.3,79,1011.3,173,5.5,-9900,-9900,0.0,0.0
2021,6,12,16,60,0.0,0.0,0.0,0.0,0.0,5,28.1,23.1,80,1011.6,172,5.5,-9900,-9900,0.0,0.0
2021,6,12,17,60,0.0,0.0,0.0,0.0,0.0,5,28.1,23.1,84,1011.1,170,5.5,-9900,-9900,0.0,0.0
2021,6,12,18,60,0.0,0.0,0.0,0.0,0.0,5,27.8,22.8,84,1010.7,171,5.5,-9900,-9900,0.0,0.0
2021,6,12,19,60,0.0,0.0,0.0,0.0,0.0,5,27.5,22.5,85,1010.4,172,5.5,-9900,-9900,0.0,0.0
2021,6,12,20,60,0.0,0.0,0.0,0.0,0.0,5,27.3,22.3,85,1010.4,174,5.5,-9900,-9900,0.0,0.0
2021,6,12,21,60,0.0,0.0,0.0,0.0,0.0,5,27.0,22.0,85,1010.3,175,5.5,-9900,-9900,0.0,0.0
2021,6,12,22,60,0.0,0.0,0.0,0.0,0.0,5,26.8,21.8,85,1010.3,177,5.5,-9900,-9900,0.0,0.0
2021,6,12,23,60,0.0,0.0,0.0,0.0,0.0,5,27.7,22.7,81,1011.2,142,5.5,-9900,-9900,0.0,0.0
2021,6,12,24,60,0.0,0.0,0.0,0.0,0.0,5,28.6,23.6,76,1011.4,151,5.5,-9900,-9900,0.0,0.0
2021,6,13,1,60,0.0,0.0,0.0,0.0,0.0,5,29.4,24.4,73,1011.6,165,3.7,-9900,-9900,0.0,0.0
2021,6,13,2,60,0.0,0.0,0.0,0.0,0.0,5,30.8,25.8,67,1011.0,198,3.7,-9900,-9900,0.0,0.0
2021,6,13,3,60,0.0,0.0,0.0,0.0,0.0,5,32.2,27.2,61,1010.5,246,5.5,-9900,-9900,0.0,0.0
2021,6,13,4,60,0.0,0.0,0.0,0.0,0.0,5,33.6,28.6,56,1009.9,271,5.5,-9900,-9900,0.0,0.0
2021,6,13,5,60,0.0,0.0,0.0,0.0,0.0,5,32.7,27.7,60,1010.0,282,7.4,-9900,-9900,0.0,0.0
2021,6,13,6,60,0.0,0.0,0.0,0.0,0.0,5,32.5,27.5,61,1009.3,297,7.4,-9900,-9900,0.0,0.0
2021,6,13,7,60,0.0,0.0,0.0,0.0,0.0,5,32.3,27.3,63,1008.6,312,7.4,-9900,-9900,0.0,0.0
2021,6,13,8,60,0.0,0.0,0.0,0.0,0.0,5,31.7,26.7,65,1008.1,310,7.4,-9900,-9900,0.0,0.0
2021,6,13,9,60,0.0,0.0,0.0,0.0,0.0,5,31.0,26.0,68,1007.6,306,7.4,-9900,-9900,0.0,0.0
2021,6,13,10,60,0.0,0.0,0.0,0.0,0.0,5,30.4,25.4,70,1007.2,296,7.4,-9900,-9900,0.0,0.0
2021,6,13,11,60,0.0,0.0,0.0,0.0,0.0,5,29.0,24.0,81,1008.1,114,5.5,-9900,-9900,0.0,0.0
2021,6,13,12,60,0.0,0.0,0.0,0.0,0.0,5,28.8,23.8,81,1008.4,173,5.5,-9900,-9900,0.0,0.0
2021,6,13,13,60,0.0,0.0,0.0,0.0,0.0,5,28.6,23.6,81,1008.7,183,5.5,-9900,-9900,0.0,0.0
2021,6,13,14,60,0.0,0.0,0.0,0.0,0.0,5,28.5,23.5,81,1008.7,187,5.5,-9900,-9900,0.0,0.0
2021,6,13,15,60,0.0,0.0,0.0,0.0,0.0,5,28.3,23.3,81,1008.7,190,5.5,-9900,-9900,0.0,0.0
2021,6,13,16,60,0.0,0.0,0.0,0.0,0.0,5,28.1,23.1,81,1008.7,193,5.5,-9900,-9900,0.0,0.0
2021,6,13,17,60,0.0,0.0,0.0,0.0,0.0,5,28.6,23.6,79,1008.2,177,5.5,-9900,-9900,0.0,0.0
2021,6,13,18,60,0.0,0.0,0.0,0.0,0.0,5,28.2,23.2,80,1007.7,180,5.5,-9900,-9900,0.0,0.0
2021,6,13,19,60,0.0,0.0,0.0,0.0,0.0,5,27.9,22.9,80,1007.2,182,5.5,-9900,-9900,0.0,0.0
2021,6,13,20,60,0.0,0.0,0.0,0.0,0.0,5,27.6,22.6,81,1007.0,184,5.5,-9900,-9900,0.0,0.0
2021,6,13,21,60,0.0,0.0,0.0,0.0,0.0,5,27.3,22.3,82,1006.7,186,5.5,-9900,-9900,0.0,0.0
2021,6,13,22,60,0.0,0.0,0.0,0.0,0.0,5,27.1,22.1,82,1006.5,188,5.5,-9900,-9900,0.0,0.0
2021,6,13,23,60,0.0,0.0,0.0,0.0,0.0,5,28.7,23.7,75,1006.6,211,5.5,-9900,-9900,0.0,0.0
2021,6,13,24,60,0.0,0.0,0.0,0.0,0.0,5,29.5,24.5,71,1006.8,222,5.5,-9900,-9900,0.0,0.0
2021,6,14,1,60,0.0,0.0,0.0,0.0,0.0,5,30.4,25.4,67,1007.0,233,5.5,-9900,-9900,0.0,0.0
2021,6,14,2,60,0.0,0.0,0.0,0.0,0.0,5,31.8,26.8,62,1006.7,248,7.4,-9900,-9900,0.0,0.0
2021,6,14,3,60,0.0,0.0,0.0,0.0,0.0,5,33.2,28.2,56,1006.4,258,7.4,-9900,-9900,0.0,0.0
2021,6,14,4,60,0.0,0.0,0.0,0.0,0.0,5,34.7,29.7,51,1006.1,265,9.3,-9900,-9900,0.0,0.0
2021,6,14,5,60,0.0,0.0,0.0,0.0,0.0,5,34.8,29.8,52,1005.5,270,11.1,-9900,-9900,0.0,0.0
2021,6,14,6,60,0.0,0.0,0.0,0.0,0.0,5,35.0,30.0,52,1004.9,275,11.1,-9900,-9900,0.0,0.0
2021,6,14,7,60,0.0,0.0,0.0,0.0,0.0,5,35.2,30.2,52,1004.3,279,13.0,-9900,-9900,0.0,0.0
2021,6,14,8,60,0.0,0.0,0.0,0.0,0.0,5,34.6,29.6,54,1003.9,280,11.1,-9900,-9900,0.0,0.0
2021,6,14,9,60,0.0,0.0,0.0,0.0,0.0,5,34.1,29.1,56,1003.4,282,11.1,-9900,-9900,0.0,0.0
2021,6,14,10,60,0.0,0.0,0.0,0.0,0.0,5,33.5,28.5,58,1003.0,285,11.1,-9900,-9900,0.0,0.0
2021,6,14,11,60,0.0,0.0,0.0,0.0,0.0,5,32.2,27.2,61,1004.2,283,9.3,-9900,-9900,0.0,0.0
2021,6,14,12,60,0.0,0.0,0.0,0.0,0.0,5,31.6,26.6,63,1004.4,270,7.4,-9900,-9900,0.0,0.0
2021,6,14,13,60,0.0,0.0,0.0,0.0,0.0,5,31.0,26.0,66,1004.6,252,7.4,-9900,-9900,0.0,0.0
2021,6,14,14,60,0.0,0.0,0.0,0.0,0.0,5,30.6,25.6,68,1004.6,240,5.5,-9900,-9900,0.0,0.0
2021,6,14,15,60,0.0,0.0,0.0,0.0,0.0,5,30.2,25.2,70,1004.5,226,5.5,-9900,-9900,0.0,0.0
2021,6,14,16,60,0.0,0.0,0.0,0.0,0.0,5,29.9,24.9,71,1004.5,211,5.5,-9900,-9900,0.0,0.0
2021,6,14,17,60,0.0,0.0,0.0,0.0,0.0,5,29.6,24.6,73,1004.4,247,7.4,-9900,-9900,0.0,0.0
2021,6,14,18,60,0.0,0.0,0.0,0.0,0.0,5,29.2,24.2,74,1003.9,226,5.5,-9900,-9900,0.0,0.0
2021,6,14,19,60,0.0,0.0,0.0,0.0,0.0,5,28.9,23.9,75,1003.5,212,5.5,-9900,-9900,0.0,0.0
2021,6,14,20,60,0.0,0.0,0.0,0.0,0.0,5,28.6,23.6,75,1003.3,206,5.5,-9900,-9900,0.0,0.0
2021,6,14,21,60,0.0,0.0,0.0,0.0,0.0,5,28.3,23.3,76,1003.2,201,5.5,-9900,-9900,0.0,0.0
2021,6,14,22,60,0.0,0.0,0.0,0.0,0.0,5,28.1,23.1,75,1003.0,195,5.5,-9900,-9900,0.0,0.0
2021,6,14,23,60,0.0,0.0,0.0,0.0,0.0,5,29.5,24.5,66,1003.4,248,7.4,-9900,-9900,0.0,0.0
2021,6,14,24,60,0.0,0.0,0.0,0.0,0.0,5,30.3,25.3,64,1003.7,248,7.4,-9900,-9900,0.0,0.0
2021,6,15,1,60,0.0,0.0,0.0,0.0,0.0,5,31.2,26.2,61,1003.9,249,7.4,-9900,-9900,0.0,0.0
2021,6,15,2,60,0.0,0.0,0.0,0.0,0.0,5,32.5,27.5,57,1003.8,255,9.3,-9900,-9900,0.0,0.0
2021,6,15,3,60,0.0,0.0,0.0,0.0,0.0,5,33.7,28.7,53,1003.7,259,11.1,-9900,-9900,0.0,0.0
2021,6,15,4,60,0.0,0.0,0.0,0.0,0.0,5,35.0,30.0,49,1003.6,262,13.0,-9900,-9900,0.0,0.0
2021,6,15,5,60,0.0,0.0,0.0,0.0,0.0,5,34.9,29.9,51,1003.5,265,14.8,-9900,-9900,0.0,0.0
2021,6,15,6,60,0.0,0.0,0.0,0.0,0.0,5,35.2,30.2,52,1003.0,268,14.8,-9900,-9900,0.0,0.0
2021,6,15,7,60,0.0,0.0,0.0,0.0,0.0,5,35.5,30.5,52,1002.4,271,14.8,-9900,-9900,0.0,0.0
2021,6,15,8,60,0.0,0.0,0.0,0.0,0.0,5,34.8,29.8,53,1002.1,269,14.8,-9900,-9900,0.0,0.0
2021,6,15,9,60,0.0,0.0,0.0,0.0,0.0,5,34.1,29.1,55,1001.7,266,13.0,-9900,-9900,0.0,0.0
2021,6,15,10,60,0.0,0.0,0.0,0.0,0.0,5,33.5,28.5,57,1001.4,262,13.0,-9900,-9900,0.0,0.0
2021,6,15,11,60,0.0,0.0,0.0,0.0,0.0,5,32.5,27.5,61,1002.6,271,11.1,-9900,-9900,0.0,0.0
2021,6,15,12,60,0.0,0.0,0.0,0.0,0.0,5,32.0,27.0,62,1002.9,260,9.3,-9900,-9900,0.0,0.0
2021,6,15,13,60,0.0,0.0,0.0,0.0,0.0,5,31.4,26.4,64,1003.1,243,7.4,-9900,-9900,0.0,0.0
2021,6,15,14,60,0.0,0.0,0.0,0.0,0.0,5,31.1,26.1,65,1003.3,236,7.4,-9900,-9900,0.0,0.0
2021,6,15,15,60,0.0,0.0,0.0,0.0,0.0,5,30.7,25.7,67,1003.4,228,7.4,-9900,-9900,0.0,0.0
2021,6,15,16,60,0.0,0.0,0.0,0.0,0.0,5,30.3,25.3,68,1003.6,220,7.4,-9900,-9900,0.0,0.0
2021,6,15,17,60,0.0,0.0,0.0,0.0,0.0,5,30.3,25.3,70,1003.3,213,7.4,-9900,-9900,0.0,0.0
2021,6,15,18,60,0.0,0.0,0.0,0.0,0.0,5,29.9,24.9,72,1003.0,213,7.4,-9900,-9900,0.0,0.0
2021,6,15,19,60,0.0,0.0,0.0,0.0,0.0,5,29.5,24.5,72,1002.8,214,5.5,-9900,-9900,0.0,0.0
2021,6,15,20,60,0.0,0.0,0.0,0.0,0.0,5,29.2,24.2,73,1003.0,211,5.5,-9900,-9900,0.0,0.0
2021,6,15,21,60,0.0,0.0,0.0,0.0,0.0,5,28.9,23.9,73,1003.2,208,5.5,-9900,-9900,0.0,0.0
2021,6,15,22,60,0.0,0.0,0.0,0.0,0.0,5,28.6,23.6,73,1003.4,205,5.5,-9900,-9900,0.0,0.0
2021,6,15,23,60,0.0,0.0,0.0,0.0,0.0,5,29.8,24.8,67,1003.6,249,7.4,-9900,-9900,0.0,0.0
2021,6,15,24,60,0.0,0.0,0.0,0.0,0.0,5,30.6,25.6,64,1004.0,248,9.3,-9900,-9900,0.0,0.0
2021,6,16,1,60,0.0,0.0,0.0,0.0,0.0,5,31.5,26.5,62,1004.3,248,9.3,-9900,-9900,0.0,0.0
2021,6,16,2,60,0.0,0.0,0.0,0.0,0.0,5,32.7,27.7,57,1004.4,255,11.1,-9900,-9900,0.0,0.0
2021,6,16,3,60,0.0,0.0,0.0,0.0,0.0,5,33.9,28.9,54,1004.4,260,13.0,-9900,-9900,0.0,0.0
2021,6,16,4,60,0.0,0.0,0.0,0.0,0.0,5,35.2,30.2,50,1004.4,264,14.8,-9900,-9900,0.0,0.0
2021,6,16,5,60,0.0,0.0,0.0,0.0,0.0,5,35.9,30.9,50,1004.3,271,14.8,-9900,-9900,0.0,0.0
2021,6,16,6,60,0.0,0.0,0.0,0.0,0.0,5,36.2,31.2,50,1003.9,272,16.7,-9900,-9900,0.0,0.0
2021,6,16,7,60,0.0,0.0,0.0,0.0,0.0,5,36.4,31.4,50,1003.4,274,16.7,-9900,-9900,0.0,0.0
2021,6,16,8,60,0.0,0.0,0.0,0.0,0.0,5,35.8,30.8,51,1003.2,276,16.7,-9900,-9900,0.0,0.0
2021,6,16,9,60,0.0,0.0,0.0,0.0,0.0,5,35.1,30.1,53,1003.0,278,14.8,-9900,-9900,0.0,0.0
2021,6,16,10,60,0.0,0.0,0.0,0.0,0.0,5,34.5,29.5,54,1002.8,281,14.8,-9900,-9900,0.0,0.0
2021,6,16,11,60,0.0,0.0,0.0,0.0,0.0,5,33.8,28.8,50,1003.9,268,29.6,-9900,-9900,0.0,0.0
2021,6,16,12,60,0.0,0.0,0.0,0.0,0.0,5,33.2,28.2,52,1004.4,263,18.5,-9900,-9900,0.0,0.0
2021,6,16,13,60,0.0,0.0,0.0,0.0,0.0,5,32.5,27.5,55,1004.8,249,9.3,-9900,-9900,0.0,0.0
2021,6,16,14,60,0.0,0.0,0.0,0.0,0.0,5,32.0,27.0,57,1005.2,244,9.3,-9900,-9900,0.0,0.0
2021,6,16,15,60,0.0,0.0,0.0,0.0,0.0,5,31.5,26.5,60,1005.5,239,9.3,-9900,-9900,0.0,0.0
2021,6,16,16,60,0.0,0.0,0.0,0.0,0.0,5,30.9,25.9,63,1005.8,232,7.4,-9900,-9900,0.0,0.0
2021,6,16,17,60,0.0,0.0,0.0,0.0,0.0,5,30.5,25.5,64,1005.7,233,7.4,-9900,-9900,0.0,0.0
2021,6,16,18,60,0.0,0.0,0.0,0.0,0.0,5,30.1,25.1,66,1005.6,233,7.4,-9900,-9900,0.0,0.0
2021,6,16,19,60,0.0,0.0,0.0,0.0,0.0,5,29.8,24.8,67,1005.5,233,7.4,-9900,-9900,0.0,0.0
2021,6,16,20,60,0.0,0.0,0.0,0.0,0.0,5,29.5,24.5,68,1005.6,226,5.5,-9900,-9900,0.0,0.0
2021,6,16,21,60,0.0,0.0,0.0,0.0,0.0,5,29.2,24.2,69,1005.7,217,5.5,-9900,-9900,0.0,0.0
2021,6,16,22,60,0.0,0.0,0.0,0.0,0.0,5,29.0,24.0,69,1005.9,203,5.5,-9900,-9900,0.0,0.0
2021,6,16,23,60,0.0,0.0,0.0,0.0,0.0,5,30.0,25.0,61,1006.1,239,9.3,-9900,-9900,0.0,0.0
2021,6,16,24,60,0.0,0.0,0.0,0.0,0.0,5,30.8,25.8,60,1006.4,245,9.3,-9900,-9900,0.0,0.0
2021,6,17,1,60,0.0,0.0,0.0,0.0,0.0,5,31.6,26.6,60,1006.6,251,9.3,-9900,-9900,0.0,0.0
2021,6,17,2,60,0.0,0.0,0.0,0.0,0.0,5,32.8,27.8,56,1006.4,256,11.1,-9900,-9900,0.0,0.0
2021,6,17,3,60,0.0,0.0,0.0,0.0,0.0,5,34.0,29.0,52,1006.2,260,11.1,-9900,-9900,0.0,0.0
2021,6,17,4,60,0.0,0.0,0.0,0.0,0.0,5,35.2,30.2,49,1006.0,264,13.0,-9900,-9900,0.0,0.0
2021,6,17,5,60,0.0,0.0,0.0,0.0,0.0,5,35.9,30.9,49,1005.9,266,14.8,-9900,-9900,0.0,0.0
2021,6,17,6,60,0.0,0.0,0.0,0.0,0.0,5,36.2,31.2,49,1005.3,269,14.8,-9900,-9900,0.0,0.0
2021,6,17,7,60,0.0,0.0,0.0,0.0,0.0,5,36.5,31.5,49,1004.8,271,16.7,-9900,-9900,0.0,0.0
2021,6,17,8,60,0.0,0.0,0.0,0.0,0.0,5,35.8,30.8,51,1004.5,271,14.8,-9900,-9900,0.0,0.0
2021,6,17,9,60,0.0,0.0,0.0,0.0,0.0,5,35.1,30.1,52,1004.2,271,14.8,-9900,-9900,0.0,0.0
2021,6,17,10,60,0.0,0.0,0.0,0.0,0.0,5,34.5,29.5,53,1003.9,270,13.0,-9900,-9900,0.0,0.0
2021,6,17,11,60,0.0,0.0,0.0,0.0,0.0,5,33.8,28.8,54,1004.4,281,14.8,-9900,-9900,0.0,0.0
2021,6,17,12,60,0.0,0.0,0.0,0.0,0.0,5,33.1,28.1,56,1004.9,273,11.1,-9900,-9900,0.0,0.0
2021,6,17,13,60,0.0,0.0,0.0,0.0,0.0,5,32.5,27.5,57,1005.4,259,9.3,-9900,-9900,0.0,0.0
2021,6,17,14,60,0.0,0.0,0.0,0.0,0.0,5,32.0,27.0,59,1005.7,252,7.4,-9900,-9900,0.0,0.0
2021,6,17,15,60,0.0,0.0,0.0,0.0,0.0,5,31.5,26.5,60,1005.9,244,7.4,-9900,-9900,0.0,0.0
2021,6,17,16,60,0.0,0.0,0.0,0.0,0.0,5,31.0,26.0,62,1006.2,232,7.4,-9900,-9900,0.0,0.0
2021,6,17,17,60,0.0,0.0,0.0,0.0,0.0,5,31.0,26.0,64,1005.9,248,7.4,-9900,-9900,0.0,0.0
2021,6,17,18,60,0.0,0.0,0.0,0.0,0.0,5,30.6,25.6,65,1005.5,240,7.4,-9900,-9900,0.0,0.0
2021,6,17,19,60,0.0,0.0,0.0,0.0,0.0,5,30.2,25.2,67,1005.1,233,5.5,-9900,-9900,0.0,0.0
2021,6,17,20,60,0.0,0.0,0.0,0.0,0.0,5,29.9,24.9,67,1005.1,226,5.5,-9900,-9900,0.0,0.0
2021,6,17,21,60,0.0,0.0,0.0,0.0,0.0,5,29.6,24.6,67,1005.1,218,5.5,-9900,-9900,0.0,0.0
2021,6,17,22,60,0.0,0.0,0.0,0.0,0.0,5,29.3,24.3,67,1005.1,210,5.5,-9900,-9900,0.0,0.0
2021,6,17,23,60,0.0,0.0,0.0,0.0,0.0,5,30.2,25.2,66,1005.6,242,9.3,-9900,-9900,0.0,0.0
2021,6,17,24,60,0.0,0.0,0.0,0.0,0.0,5,31.0,26.0,64,1005.8,246,9.3,-9900,-9900,0.0,0.0
2021,6,18,1,60,0.0,0.0,0.0,0.0,0.0,5,31.7,26.7,62,1006.0,250,9.3,-9900,-9900,0.0,0.0
2021,6,18,2,60,0.0,0.0,0.0,0.0,0.0,5,33.1,28.1,57,1005.6,255,11.1,-9900,-9900,0.0,0.0
2021,6,18,3,60,0.0,0.0,0.0,0.0,0.0,5,34.5,29.5,52,1005.2,260,13.0,-9900,-9900,0.0,0.0
2021,6,18,4,60,0.0,0.0,0.0,0.0,0.0,5,35.9,30.9,48,1004.8,263,13.0,-9900,-9900,0.0,0.0
2021,6,18,5,60,0.0,0.0,0.0,0.0,0.0,5,35.8,30.8,50,1004.6,268,14.8,-9900,-9900,0.0,0.0
2021,6,18,6,60,0.0,0.0,0.0,0.0,0.0,5,36.3,31.3,49,1004.0,269,14.8,-9900,-9900,0.0,0.0
2021,6,18,7,60,0.0,0.0,0.0,0.0,0.0,5,36.9,31.9,48,1003.3,271,16.7,-9900,-9900,0.0,0.0
2021,6,18,8,60,0.0,0.0,0.0,0.0,0.0,5,36.3,31.3,49,1003.0,272,14.8,-9900,-9900,0.0,0.0
2021,6,18,9,60,0.0,0.0,0.0,0.0,0.0,5,35.7,30.7,51,1002.6,273,14.8,-9900,-9900,0.0,0.0
2021,6,18,10,60,0.0,0.0,0.0,0.0,0.0,5,35.1,30.1,52,1002.2,275,13.0,-9900,-9900,0.0,0.0
2021,6,18,11,60,0.0,0.0,0.0,0.0,0.0,5,33.8,28.8,53,1002.7,254,13.0,-9900,-9900,0.0,0.0
2021,6,18,12,60,0.0,0.0,0.0,0.0,0.0,5,33.2,28.2,55,1003.2,250,11.1,-9900,-9900,0.0,0.0
2021,6,18,13,60,0.0,0.0,0.0,0.0,0.0,5,32.6,27.6,57,1003.8,245,9.3,-9900,-9900,0.0,0.0
2021,6,18,14,60,0.0,0.0,0.0,0.0,0.0,5,32.0,27.0,59,1003.9,239,7.4,-9900,-9900,0.0,0.0
2021,6,18,15,60,0.0,0.0,0.0,0.0,0.0,5,31.5,26.5,62,1004.1,231,7.4,-9900,-9900,0.0,0.0
2021,6,18,16,60,0.0,0.0,0.0,0.0,0.0,5,30.9,25.9,65,1004.2,222,7.4,-9900,-9900,0.0,0.0
2021,6,18,17,60,0.0,0.0,0.0,0.0,0.0,5,31.3,26.3,63,1003.8,261,7.4,-9900,-9900,0.0,0.0
2021,6,18,18,60,0.0,0.0,0.0,0.0,0.0,5,30.8,25.8,64,1003.4,243,7.4,-9900,-9900,0.0,0.0
2021,6,18,19,60,0.0,0.0,0.0,0.0,0.0,5,30.4,25.4,66,1003.1,226,5.5,-9900,-9900,0.0,0.0
2021,6,18,20,60,0.0,0.0,0.0,0.0,0.0,5,30.1,25.1,66,1003.1,220,5.5,-9900,-9900,0.0,0.0
2021,6,18,21,60,0.0,0.0,0.0,0.0,0.0,5,29.8,24.8,67,1003.0,212,5.5,-9900,-9900,0.0,0.0
2021,6,18,22,60,0.0,0.0,0.0,0.0,0.0,5,29.5,24.5,67,1003.0,204,5.5,-9900,-9900,0.0,0.0
2021,6,18,23,60,0.0,0.0,0.0,0.0,0.0,5,30.5,25.5,62,1003.4,246,9.3,-9900,-9900,0.0,0.0
2021,6,18,24,60,0.0,0.0,0.0,0.0,0.0,5,31.3,26.3,60,1003.6,248,9.3,-9900,-9900,0.0,0.0
2021,6,19,1,60,0.0,0.0,0.0,0.0,0.0,5,32.1,27.1,59,1003.8,249,9.3,-9900,-9900,0.0,0.0
2021,6,19,2,60,0.0,0.0,0.0,0.0,0.0,5,33.3,28.3,55,1003.5,252,11.1,-9900,-9900,0.0,0.0
2021,6,19,3,60,0.0,0.0,0.0,0.0,0.0,5,34.6,29.6,50,1003.2,254,13.0,-9900,-9900,0.0,0.0
2021,6,19,4,60,0.0,0.0,0.0,0.0,0.0,5,35.9,30.9,47,1002.9,255,13.0,-9900,-9900,0.0,0.0
2021,6,19,5,60,0.0,0.0,0.0,0.0,0.0,5,36.1,31.1,47,1002.4,260,14.8,-9900,-9900,0.0,0.0
2021,6,19,6,60,0.0,0.0,0.0,0.0,0.0,5,36.4,31.4,47,1001.9,264,14.8,-9900,-9900,0.0,0.0
2021,6,19,7,60,0.0,0.0,0.0,0.0,0.0,5,36.6,31.6,48,1001.5,267,14.8,-9900,-9900,0.0,0.0
2021,6,19,8,60,0.0,0.0,0.0,0.0,0.0,5,36.0,31.0,49,1001.3,266,14.8,-9900,-9900,0.0,0.0
2021,6,19,9,60,0.0,0.0,0.0,0.0,0.0,5,35.4,30.4,51,1001.1,264,13.0,-9900,-9900,0.0,0.0
2021,6,19,10,60,0.0,0.0,0.0,0.0,0.0,5,34.8,29.8,52,1000.9,262,13.0,-9900,-9900,0.0,0.0
2021,6,19,11,60,0.0,0.0,0.0,0.0,0.0,5,33.8,28.8,52,1000.8,252,13.0,-9900,-9900,0.0,0.0
2021,6,19,12,60,0.0,0.0,0.0,0.0,0.0,5,33.2,28.2,55,1001.3,247,11.1,-9900,-9900,0.0,0.0
2021,6,19,13,60,0.0,0.0,0.0,0.0,0.0,5,32.5,27.5,57,1001.9,240,7.4,-9900,-9900,0.0,0.0
2021,6,19,14,60,0.0,0.0,0.0,0.0,0.0,5,32.1,27.1,59,1002.0,237,7.4,-9900,-9900,0.0,0.0
2021,6,19,15,60,0.0,0.0,0.0,0.0,0.0,5,31.6,26.6,61,1002.1,233,7.4,-9900,-9900,0.0,0.0
2021,6,19,16,60,0.0,0.0,0.0,0.0,0.0,5,31.2,26.2,63,1002.1,227,7.4,-9900,-9900,0.0,0.0
2021,6,19,17,60,0.0,0.0,0.0,0.0,0.0,5,31.3,26.3,63,1002.0,251,7.4,-9900,-9900,0.0,0.0
2021,6,19,18,60,0.0,0.0,0.0,0.0,0.0,5,30.8,25.8,64,1001.5,235,7.4,-9900,-9900,0.0,0.0
2021,6,19,19,60,0.0,0.0,0.0,0.0,0.0,5,30.3,25.3,66,1001.1,220,5.5,-9900,-9900,0.0,0.0
2021,6,19,20,60,0.0,0.0,0.0,0.0,0.0,5,30.0,25.0,67,1001.1,212,5.5,-9900,-9900,0.0,0.0
2021,6,19,21,60,0.0,0.0,0.0,0.0,0.0,5,29.6,24.6,68,1001.2,203,5.5,-9900,-9900,0.0,0.0
2021,6,19,22,60,0.0,0.0,0.0,0.0,0.0,5,29.3,24.3,69,1001.3,191,5.5,-9900,-9900,0.0,0.0
2021,6,19,23,60,0.0,0.0,0.0,0.0,0.0,5,30.0,25.0,64,1002.1,232,7.4,-9900,-9900,0.0,0.0
2021,6,19,24,60,0.0,0.0,0.0,0.0,0.0,5,30.6,25.6,63,1002.4,238,7.4,-9900,-9900,0.0,0.0
2021,6,20,1,60,0.0,0.0,0.0,0.0,0.0,5,31.2,26.2,62,1002.6,244,7.4,-9900,-9900,0.0,0.0
2021,6,20,2,60,0.0,0.0,0.0,0.0,0.0,5,32.4,27.4,58,1002.4,250,7.4,-9900,-9900,0.0,0.0
2021,6,20,3,60,0.0,0.0,0.0,0.0,0.0,5,33.6,28.6,54,1002.2,254,9.3,-9900,-9900,0.0,0.0
2021,6,20,4,60,0.0,0.0,0.0,0.0,0.0,5,34.9,29.9,51,1001.9,257,9.3,-9900,-9900,0.0,0.0
2021,6,20,5,60,0.0,0.0,0.0,0.0,0.0,5,33.7,28.7,57,1001.5,261,11.1,-9900,-9900,0.0,0.0
2021,6,20,6,60,0.0,0.0,0.0,0.0,0.0,5,34.3,29.3,55,1001.0,264,11.1,-9900,-9900,0.0,0.0
2021,6,20,7,60,0.0,0.0,0.0,0.0,0.0,5,35.0,30.0,54,1000.5,266,13.0,-9900,-9900,0.0,0.0
2021,6,20,8,60,0.0,0.0,0.0,0.0,0.0,5,34.6,29.6,55,1000.3,269,11.1,-9900,-9900,0.0,0.0
2021,6,20,9,60,0.0,0.0,0.0,0.0,0.0,5,34.1,29.1,56,1000.0,273,11.1,-9900,-9900,0.0,0.0
2021,6,20,10,60,0.0,0.0,0.0,0.0,0.0,5,33.6,28.6,57,999.8,278,11.1,-9900,-9900,0.0,0.0
2021,6,20,11,60,0.0,0.0,0.0,0.0,0.0,5,33.4,28.4,56,1000.2,270,11.1,-9900,-9900,0.0,0.0
2021,6,20,12,60,0.0,0.0,0.0,0.0,0.0,5,32.7,27.7,59,1000.8,263,9.3,-9900,-9900,0.0,0.0
2021,6,20,13,60,0.0,0.0,0.0,0.0,0.0,5,32.1,27.1,61,1001.3,253,7.4,-9900,-9900,0.0,0.0
2021,6,20,14,60,0.0,0.0,0.0,0.0,0.0,5,31.7,26.7,63,1001.5,250,7.4,-9900,-9900,0.0,0.0
2021,6,20,15,60,0.0,0.0,0.0,0.0,0.0,5,31.3,26.3,64,1001.8,245,5.5,-9900,-9900,0.0,0.0
2021,6,20,16,60,0.0,0.0,0.0,0.0,0.0,5,30.8,25.8,66,1002.0,239,5.5,-9900,-9900,0.0,0.0
2021,6,20,17,60,0.0,0.0,0.0,0.0,0.0,5,30.6,25.6,65,1001.8,270,7.4,-9900,-9900,0.0,0.0
2021,6,20,18,60,0.0,0.0,0.0,0.0,0.0,5,30.2,25.2,67,1001.4,249,5.5,-9900,-9900,0.0,0.0
2021,6,20,19,60,0.0,0.0,0.0,0.0,0.0,5,29.8,24.8,68,1000.9,227,5.5,-9900,-9900,0.0,0.0
2021,6,20,20,60,0.0,0.0,0.0,0.0,0.0,5,29.4,24.4,70,1001.2,214,5.5,-9900,-9900,0.0,0.0
2021,6,20,21,60,0.0,0.0,0.0,0.0,0.0,5,29.0,24.0,72,1001.4,200,5.5,-9900,-9900,0.0,0.0
2021,6,20,22,60,0.0,0.0,0.0,0.0,0.0,5,28.6,23.6,74,1001.7,186,5.5,-9900,-9900,0.0,0.0
2021,6,20,23,60,0.0,0.0,0.0,0.0,0.0,5,29.5,24.5,71,1002.2,257,7.4,-9900,-9900,0.0,0.0
2021,6,20,24,60,0.0,0.0,0.0,0.0,0.0,5,29.9,24.9,70,1002.5,253,7.4,-9900,-9900,0.0,0.0
2021,6,21,1,60,0.0,0.0,0.0,0.0,0.0,5,30.3,25.3,69,1002.8,251,7.4,-9900,-9900,0.0,0.0
2021,6,21,2,60,0.0,0.0,0.0,0.0,0.0,5,30.9,25.9,66,1002.8,258,7.4,-9900,-9900,0.0,0.0
2021,6,21,3,60,0.0,0.0,0.0,0.0,0.0,5,31.5,26.5,64,1002.7,264,9.3,-9900,-9900,0.0,0.0
2021,6,21,4,60,0.0,0.0,0.0,0.0,0.0,5,32.2,27.2,61,1002.6,269,9.3,-9900,-9900,0.0,0.0
2021,6,21,5,60,0.0,0.0,0.0,0.0,0.0,5,32.8,27.8,59,1002.0,265,11.1,-9900,-9900,0.0,0.0
2021,6,21,6,60,0.0,0.0,0.0,0.0,0.0,5,32.7,27.7,60,1001.8,271,11.1,-9900,-9900,0.0,0.0
2021,6,21,7,60,0.0,0.0,0.0,0.0,0.0,5,32.6,27.6,61,1001.5,276,11.1,-9900,-9900,0.0,0.0
2021,6,21,8,60,0.0,0.0,0.0,0.0,0.0,5,32.0,27.0,63,1001.7,278,11.1,-9900,-9900,0.0,0.0
2021,6,21,9,60,0.0,0.0,0.0,0.0,0.0,5,31.4,26.4,65,1001.9,280,9.3,-9900,-9900,0.0,0.0
2021,6,21,10,60,0.0,0.0,0.0,0.0,0.0,5,30.8,25.8,68,1002.1,284,9.3,-9900,-9900,0.0,0.0
2021,6,21,11,60,0.0,0.0,0.0,0.0,0.0,5,30.3,25.3,70,1002.5,280,7.4,-9900,-9900,0.0,0.0
2021,6,21,12,60,0.0,0.0,0.0,0.0,0.0,5,29.8,24.8,72,1002.9,274,7.4,-9900,-9900,0.0,0.0
2021,6,21,13,60,0.0,0.0,0.0,0.0,0.0,5,29.3,24.3,74,1003.3,265,5.5,-9900,-9900,0.0,0.0
2021,6,21,14,60,0.0,0.0,0.0,0.0,0.0,5,29.0,24.0,75,1003.6,256,5.5,-9900,-9900,0.0,0.0
2021,6,21,15,60,0.0,0.0,0.0,0.0,0.0,5,28.7,23.7,76,1003.9,241,5.5,-9900,-9900,0.0,0.0
2021,6,21,16,60,0.0,0.0,0.0,0.0,0.0,5,28.3,23.3,77,1004.2,216,5.5,-9900,-9900,0.0,0.0
2021,6,21,17,60,0.0,0.0,0.0,0.0,0.0,5,29.1,24.1,73,1003.7,311,9.3,-9900,-9900,0.0,0.0
2021,6,21,18,60,0.0,0.0,0.0,0.0,0.0,5,28.8,23.8,74,1003.4,298,7.4,-9900,-9900,0.0,0.0
2021,6,21,19,60,0.0,0.0,0.0,0.0,0.0,5,28.6,23.6,75,1003.1,275,5.5,-9900,-9900,0.0,0.0
2021,6,21,20,60,0.0,0.0,0.0,0.0,0.0,5,28.3,23.3,76,1003.2,260,5.5,-9900,-9900,0.0,0.0
2021,6,21,21,60,0.0,0.0,0.0,0.0,0.0,5,28.0,23.0,77,1003.3,237,5.5,-9900,-9900,0.0,0.0
2021,6,21,22,60,0.0,0.0,0.0,0.0,0.0,5,27.8,22.8,77,1003.5,210,5.5,-9900,-9900,0.0,0.0
2021,6,21,23,60,0.0,0.0,0.0,0.0,0.0,5,28.4,23.4,79,1003.4,258,5.5,-9900,-9900,0.0,0.0
2021,6,21,24,60,0.0,0.0,0.0,0.0,0.0,5,28.5,23.5,79,1003.9,260,5.5,-9900,-9900,0.0,0.0
2021,6,22,1,60,0.0,0.0,0.0,0.0,0.0,5,28.6,23.6,79,1004.4,263,5.5,-9900,-9900,0.0,0.0
2021,6,22,2,60,0.0,0.0,0.0,0.0,0.0,5,28.7,23.7,78,1004.5,283,3.7,-9900,-9900,0.0,0.0
2021,6,22,3,60,0.0,0.0,0.0,0.0,0.0,5,28.8,23.8,77,1004.7,304,3.7,-9900,-9900,0.0,0.0
2021,6,22,4,60,0.0,0.0,0.0,0.0,0.0,5,28.9,23.9,77,1004.8,320,3.7,-9900,-9900,0.0,0.0
2021,6,22,5,60,0.0,0.0,0.0,0.0,0.0,5,27.5,22.5,91,1004.7,345,3.7,-9900,-9900,0.0,0.0
2021,6,22,6,60,0.0,0.0,0.0,0.0,0.0,5,27.4,22.4,90,1004.4,356,5.5,-9900,-9900,0.0,0.0
2021,6,22,7,60,0.0,0.0,0.0,0.0,0.0,5,27.3,22.3,89,1004.1,2,5.5,-9900,-9900,0.0,0.0
2021,6,22,8,60,0.0,0.0,0.0,0.0,0.0,5,27.0,22.0,89,1004.0,27,5.5,-9900,-9900,0.0,0.0
2021,6,22,9,60,0.0,0.0,0.0,0.0,0.0,5,26.8,21.8,88,1004.0,52,7.4,-9900,-9900,0.0,0.0
2021,6,22,10,60,0.0,0.0,0.0,0.0,0.0,5,26.5,21.5,88,1004.0,70,7.4,-9900,-9900,0.0,0.0
2021,6,22,11,60,0.0,0.0,0.0,0.0,0.0,5,27.3,22.3,84,1004.4,4,5.5,-9900,-9900,0.0,0.0
2021,6,22,12,60,0.0,0.0,0.0,0.0,0.0,5,26.9,21.9,85,1004.9,46,5.5,-9900,-9900,0.0,0.0
2021,6,22,13,60,0.0,0.0,0.0,0.0,0.0,5,26.4,21.4,87,1005.5,77,5.5,-9900,-9900,0.0,0.0
2021,6,22,14,60,0.0,0.0,0.0,0.0,0.0,5,26.3,21.3,86,1005.8,76,5.5,-9900,-9900,0.0,0.0
2021,6,22,15,60,0.0,0.0,0.0,0.0,0.0,5,26.2,21.2,86,1006.1,75,5.5,-9900,-9900,0.0,0.0
2021,6,22,16,60,0.0,0.0,0.0,0.0,0.0,5,26.1,21.1,85,1006.4,75,7.4,-9900,-9900,0.0,0.0
2021,6,22,17,60,0.0,0.0,0.0,0.0,0.0,5,25.0,20.0,90,1006.6,80,11.1,-9900,-9900,0.0,0.0
2021,6,22,18,60,0.0,0.0,0.0,0.0,0.0,5,25.1,20.1,89,1006.1,82,9.3,-9900,-9900,0.0,0.0
2021,6,22,19,60,0.0,0.0,0.0,0.0,0.0,5,25.2,20.2,89,1005.6,85,7.4,-9900,-9900,0.0,0.0
2021,6,22,20,60,0.0,0.0,0.0,0.0,0.0,5,25.2,20.2,89,1005.5,86,7.4,-9900,-9900,0.0,0.0
2021,6,22,21,60,0.0,0.0,0.0,0.0,0.0,5,25.2,20.2,89,1005.4,87,7.4,-9900,-9900,0.0,0.0
2021,6,22,22,60,0.0,0.0,0.0,0.0,0.0,5,25.2,20.2,89,1005.4,88,7.4,-9900,-9900,0.0,0.0
2021,6,22,23,60,0.0,0.0,0.0,0.0,0.0,5,25.2,20.2,93,1006.5,94,11.1,-9900,-9900,0.0,0.0
2021,6,22,24,60,0.0,0.0,0.0,0.0,0.0,5,25.6,20.6,92,1006.8,91,11.1,-9900,-9900,0.0,0.0
2021,6,23,1,60,0.0,0.0,0.0,0.0,0.0,5,26.0,21.0,90,1007.2,88,11.1,-9900,-9900,0.0,0.0
2021,6,23,2,60,0.0,0.0,0.0,0.0,0.0,5,26.5,21.5,87,1007.2,88,11.1,-9900,-9900,0.0,0.0
2021,6,23,3,60,0.0,0.0,0.0,0.0,0.0,5,27.0,22.0,84,1007.2,87,11.1,-9900,-9900,0.0,0.0
2021,6,23,4,60,0.0,0.0,0.0,0.0,0.0,5,27.4,22.4,82,1007.3,87,11.1,-9900,-9900,0.0,0.0
2021,6,23,5,60,0.0,0.0,0.0,0.0,0.0,5,27.5,22.5,79,1007.1,87,13.0,-9900,-9900,0.0,0.0
2021,6,23,6,60,0.0,0.0,0.0,0.0,0.0,5,27.4,22.4,78,1006.9,85,13.0,-9900,-9900,0.0,0.0
2021,6,23,7,60,0.0,0.0,0.0,0.0,0.0,5,27.3,22.3,78,1006.7,82,13.0,-9900,-9900,0.0,0.0
2021,6,23,8,60,0.0,0.0,0.0,0.0,0.0,5,26.8,21.8,80,1006.6,83,13.0,-9900,-9900,0.0,0.0
2021,6,23,9,60,0.0,0.0,0.0,0.0,0.0,5,26.4,21.4,82,1006.6,83,14.8,-9900,-9900,0.0,0.0
2021,6,23,10,60,0.0,0.0,0.0,0.0,0.0,5,26.0,21.0,85,1006.6,84,14.8,-9900,-9900,0.0,0.0
2021,6,23,11,60,0.0,0.0,0.0,0.0,0.0,5,25.2,20.2,91,1008.0,88,11.1,-9900,-9900,0.0,0.0
2021,6,23,12,60,0.0,0.0,0.0,0.0,0.0,5,25.0,20.0,93,1008.3,90,9.3,-9900,-9900,0.0,0.0
2021,6,23,13,60,0.0,0.0,0.0,0.0,0.0,5,24.8,19.8,93,1008.7,94,9.3,-9900,-9900,0.0,0.0
2021,6,23,14,60,0.0,0.0,0.0,0.0,0.0,5,24.8,19.8,93,1008.7,90,9.3,-9900,-9900,0.0,0.0
2021,6,23,15,60,0.0,0.0,0.0,0.0,0.0,5,24.8,19.8,91,1008.8,87,9.3,-9900,-9900,0.0,0.0
2021,6,23,16,60,0.0,0.0,0.0,0.0,0.0,5,24.8,19.8,91,1008.9,83,7.4,-9900,-9900,0.0,0.0
2021,6,23,17,60,0.0,0.0,0.0,0.0,0.0,5,23.9,18.9,94,1008.7,107,5.5,-9900,-9900,0.0,0.0
2021,6,23,18,60,0.0,0.0,0.0,0.0,0.0,5,23.9,18.9,94,1008.1,104,5.5,-9900,-9900,0.0,0.0
2021,6,23,19,60,0.0,0.0,0.0,0.0,0.0,5,23.9,18.9,94,1007.5,102,5.5,-9900,-9900,0.0,0.0
2021,6,23,20,60,0.0,0.0,0.0,0.0,0.0,5,24.0,19.0,93,1007.3,102,5.5,-9900,-9900,0.0,0.0
2021,6,23,21,60,0.0,0.0,0.0,0.0,0.0,5,24.1,19.1,93,1007.1,102,5.5,-9900,-9900,0.0,0.0
2021,6,23,22,60,0.0,0.0,0.0,0.0,0.0,5,24.1,19.1,93,1007.0,102,7.4,-9900,-9900,0.0,0.0
2021,6,23,23,60,0.0,0.0,0.0,0.0,0.0,5,24.9,19.9,90,1007.3,99,7.4,-9900,-9900,0.0,0.0
2021,6,23,24,60,0.0,0.0,0.0,0.0,0.0,5,25.6,20.6,87,1007.6,96,5.5,-9900,-9900,0.0,0.0
2021,6,24,1,60,0.0,0.0,0.0,0.0,0.0,5,26.3,21.3,85,1008.0,93,5.5,-9900,-9900,0.0,0.0
2021,6,24,2,60,0.0,0.0,0.0,0.0,0.0,5,27.3,22.3,81,1007.8,87,5.5,-9900,-9900,0.0,0.0
2021,6,24,3,60,0.0,0.0,0.0,0.0,0.0,5,28.4,23.4,77,1007.6,82,5.5,-9900,-9900,0.0,0.0
2021,6,24,4,60,0.0,0.0,0.0,0.0,0.0,5,29.5,24.5,73,1007.5,77,5.5,-9900,-9900,0.0,0.0
2021,6,24,5,60,0.0,0.0,0.0,0.0,0.0,5,29.8,24.8,71,1007.0,71,9.3,-9900,-9900,0.0,0.0
2021,6,24,6,60,0.0,0.0,0.0,0.0,0.0,5,29.7,24.7,71,1006.7,68,9.3,-9900,-9900,0.0,0.0
2021,6,24,7,60,0.0,0.0,0.0,0.0,0.0,5,29.5,24.5,71,1006.4,66,11.1,-9900,-9900,0.0,0.0
2021,6,24,8,60,0.0,0.0,0.0,0.0,0.0,5,28.9,23.9,74,1006.2,74,11.1,-9900,-9900,0.0,0.0
2021,6,24,9,60,0.0,0.0,0.0,0.0,0.0,5,28.3,23.3,76,1006.1,82,11.1,-9900,-9900,0.0,0.0
2021,6,24,10,60,0.0,0.0,0.0,0.0,0.0,5,27.7,22.7,78,1005.9,89,13.0,-9900,-9900,0.0,0.0
2021,6,24,11,60,0.0,0.0,0.0,0.0,0.0,5,26.4,21.4,83,1006.9,112,7.4,-9900,-9900,0.0,0.0
2021,6,24,12,60,0.0,0.0,0.0,0.0,0.0,5,26.1,21.1,84,1007.4,113,7.4,-9900,-9900,0.0,0.0
2021,6,24,13,60,0.0,0.0,0.0,0.0,0.0,5,25.7,20.7,85,1007.9,113,7.4,-9900,-9900,0.0,0.0
2021,6,24,14,60,0.0,0.0,0.0,0.0,0.0,5,25.7,20.7,85,1008.1,116,5.5,-9900,-9900,0.0,0.0
2021,6,24,15,60,0.0,0.0,0.0,0.0,0.0,5,25.6,20.6,85,1008.4,120,5.5,-9900,-9900,0.0,0.0
2021,6,24,16,60,0.0,0.0,0.0,0.0,0.0,5,25.5,20.5,85,1008.7,125,5.5,-9900,-9900,0.0,0.0
2021,6,24,17,60,0.0,0.0,0.0,0.0,0.0,5,25.5,20.5,87,1008.3,175,5.5,-9900,-9900,0.0,0.0
2021,6,24,18,60,0.0,0.0,0.0,0.0,0.0,5,25.4,20.4,87,1008.0,194,5.5,-9900,-9900,0.0,0.0
2021,6,24,19,60,0.0,0.0,0.0,0.0,0.0,5,25.2,20.2,87,1007.6,210,5.5,-9900,-9900,0.0,0.0
2021,6,24,20,60,0.0,0.0,0.0,0.0,0.0,5,25.1,20.1,88,1007.5,192,5.5,-9900,-9900,0.0,0.0
2021,6,24,21,60,0.0,0.0,0.0,0.0,0.0,5,24.9,19.9,88,1007.5,177,5.5,-9900,-9900,0.0,0.0
2021,6,24,22,60,0.0,0.0,0.0,0.0,0.0,5,24.8,19.8,88,1007.4,166,5.5,-9900,-9900,0.0,0.0
2021,6,24,23,60,0.0,0.0,0.0,0.0,0.0,5,26.1,21.1,84,1007.3,193,3.7,-9900,-9900,0.0,0.0
2021,6,24,24,60,0.0,0.0,0.0,0.0,0.0,5,26.6,21.6,83,1007.5,193,3.7,-9900,-9900,0.0,0.0
2021,6,25,1,60,0.0,0.0,0.0,0.0,0.0,5,27.2,22.2,80,1007.7,193,3.7,-9900,-9900,0.0,0.0
2021,6,25,2,60,0.0,0.0,0.0,0.0,0.0,5,28.1,23.1,76,1007.5,242,3.7,-9900,-9900,0.0,0.0
2021,6,25,3,60,0.0,0.0,0.0,0.0,0.0,5,29.0,24.0,71,1007.3,336,3.7,-9900,-9900,0.0,0.0
2021,6,25,4,60,0.0,0.0,0.0,0.0,0.0,5,29.9,24.9,67,1007.1,347,3.7,-9900,-9900,0.0,0.0
2021,6,25,5,60,0.0,0.0,0.0,0.0,0.0,5,29.1,24.1,73,1007.0,328,5.5,-9900,-9900,0.0,0.0
2021,6,25,6,60,0.0,0.0,0.0,0.0,0.0,5,29.0,24.0,74,1006.5,348,5.5,-9900,-9900,0.0,0.0
2021,6,25,7,60,0.0,0.0,0.0,0.0,0.0,5,28.9,23.9,75,1006.1,1,7.4,-9900,-9900,0.0,0.0
2021,6,25,8,60,0.0,0.0,0.0,0.0,0.0,5,28.4,23.4,77,1005.9,19,7.4,-9900,-9900,0.0,0.0
2021,6,25,9,60,0.0,0.0,0.0,0.0,0.0,5,28.0,23.0,78,1005.6,57,7.4,-9900,-9900,0.0,0.0
2021,6,25,10,60,0.0,0.0,0.0,0.0,0.0,5,27.5,22.5,80,1005.4,97,7.4,-9900,-9900,0.0,0.0
2021,6,25,11,60,0.0,0.0,0.0,0.0,0.0,5,27.2,22.2,83,1006.5,221,5.5,-9900,-9900,0.0,0.0
2021,6,25,12,60,0.0,0.0,0.0,0.0,0.0,5,26.9,21.9,84,1006.9,203,5.5,-9900,-9900,0.0,0.0
2021,6,25,13,60,0.0,0.0,0.0,0.0,0.0,5,26.7,21.7,85,1007.3,186,5.5,-9900,-9900,0.0,0.0
2021,6,25,14,60,0.0,0.0,0.0,0.0,0.0,5,26.6,21.6,85,1007.6,195,5.5,-9900,-9900,0.0,0.0
2021,6,25,15,60,0.0,0.0,0.0,0.0,0.0,5,26.6,21.6,85,1007.8,200,5.5,-9900,-9900,0.0,0.0
2021,6,25,16,60,0.0,0.0,0.0,0.0,0.0,5,26.5,21.5,85,1008.1,204,5.5,-9900,-9900,0.0,0.0
2021,6,25,17,60,0.0,0.0,0.0,0.0,0.0,5,25.3,20.3,95,1007.7,188,5.5,-9900,-9900,0.0,0.0
2021,6,25,18,60,0.0,0.0,0.0,0.0,0.0,5,25.3,20.3,94,1007.2,191,3.7,-9900,-9900,0.0,0.0
2021,6,25,19,60,0.0,0.0,0.0,0.0,0.0,5,25.2,20.2,93,1006.7,195,3.7,-9900,-9900,0.0,0.0
2021,6,25,20,60,0.0,0.0,0.0,0.0,0.0,5,25.2,20.2,92,1006.7,191,3.7,-9900,-9900,0.0,0.0
2021,6,25,21,60,0.0,0.0,0.0,0.0,0.0,5,25.1,20.1,92,1006.7,186,3.7,-9900,-9900,0.0,0.0
2021,6,25,22,60,0.0,0.0,0.0,0.0,0.0,5,25.1,20.1,91,1006.7,180,5.5,-9900,-9900,0.0,0.0
2021,6,25,23,60,0.0,0.0,0.0,0.0,0.0,5,25.7,20.7,92,1006.8,211,5.5,-9900,-9900,0.0,0.0
2021,6,25,24,60,0.0,0.0,0.0,0.0,0.0,5,26.5,21.5,88,1007.1,222,5.5,-9900,-9900,0.0,0.0
2021,6,26,1,60,0.0,0.0,0.0,0.0,0.0,5,27.4,22.4,83,1007.5,232,5.5,-9900,-9900,0.0,0.0
2021,6,26,2,60,0.0,0.0,0.0,0.0,0.0,5,28.9,23.9,74,1007.5,246,5.5,-9900,-9900,0.0,0.0
2021,6,26,3,60,0.0,0.0,0.0,0.0,0.0,5,30.4,25.4,68,1007.4,257,7.4,-9900,-9900,0.0,0.0
2021,6,26,4,60,0.0,0.0,0.0,0.0,0.0,5,31.9,26.9,61,1007.4,265,7.4,-9900,-9900,0.0,0.0
2021,6,26,5,60,0.0,0.0,0.0,0.0,0.0,5,32.0,27.0,63,1007.3,265,11.1,-9900,-9900,0.0,0.0
2021,6,26,6,60,0.0,0.0,0.0,0.0,0.0,5,32.3,27.3,62,1006.8,272,11.1,-9900,-9900,0.0,0.0
2021,6,26,7,60,0.0,0.0,0.0,0.0,0.0,5,32.6,27.6,60,1006.3,279,11.1,-9900,-9900,0.0,0.0
2021,6,26,8,60,0.0,0.0,0.0,0.0,0.0,5,31.9,26.9,63,1006.1,277,9.3,-9900,-9900,0.0,0.0
2021,6,26,9,60,0.0,0.0,0.0,0.0,0.0,5,31.2,26.2,66,1005.9,274,9.3,-9900,-9900,0.0,0.0
2021,6,26,10,60,0.0,0.0,0.0,0.0,0.0,5,30.5,25.5,69,1005.7,269,9.3,-9900,-9900,0.0,0.0
2021,6,26,11,60,0.0,0.0,0.0,0.0,0.0,5,29.9,24.9,72,1006.2,258,7.4,-9900,-9900,0.0,0.0
2021,6,26,12,60,0.0,0.0,0.0,0.0,0.0,5,29.4,24.4,74,1006.7,245,7.4,-9900,-9900,0.0,0.0
2021,6,26,13,60,0.0,0.0,0.0,0.0,0.0,5,28.8,23.8,77,1007.1,230,5.5,-9900,-9900,0.0,0.0
2021,6,26,14,60,0.0,0.0,0.0,0.0,0.0,5,28.5,23.5,78,1007.3,221,5.5,-9900,-9900,0.0,0.0
2021,6,26,15,60,0.0,0.0,0.0,0.0,0.0,5,28.3,23.3,79,1007.5,212,5.5,-9900,-9900,0.0,0.0
2021,6,26,16,60,0.0,0.0,0.0,0.0,0.0,5,28.0,23.0,80,1007.7,204,5.5,-9900,-9900,0.0,0.0
2021,6,26,17,60,0.0,0.0,0.0,0.0,0.0,5,28.9,23.9,69,1007.2,203,5.5,-9900,-9900,0.0,0.0
2021,6,26,18,60,0.0,0.0,0.0,0.0,0.0,5,28.4,23.4,71,1006.8,197,5.5,-9900,-9900,0.0,0.0
2021,6,26,19,60,0.0,0.0,0.0,0.0,0.0,5,28.0,23.0,73,1006.4,192,5.5,-9900,-9900,0.0,0.0
2021,6,26,20,60,0.0,0.0,0.0,0.0,0.0,5,27.6,22.6,74,1006.4,187,5.5,-9900,-9900,0.0,0.0
2021,6,26,21,60,0.0,0.0,0.0,0.0,0.0,5,27.1,22.1,76,1006.3,182,5.5,-9900,-9900,0.0,0.0
2021,6,26,22,60,0.0,0.0,0.0,0.0,0.0,5,26.8,21.8,76,1006.2,177,5.5,-9900,-9900,0.0,0.0
2021,6,26,23,60,0.0,0.0,0.0,0.0,0.0,5,27.7,22.7,78,1006.9,210,5.5,-9900,-9900,0.0,0.0
2021,6,26,24,60,0.0,0.0,0.0,0.0,0.0,5,28.5,23.5,75,1007.1,222,5.5,-9900,-9900,0.0,0.0
2021,6,27,1,60,0.0,0.0,0.0,0.0,0.0,5,29.3,24.3,72,1007.2,233,5.5,-9900,-9900,0.0,0.0
2021,6,27,2,60,0.0,0.0,0.0,0.0,0.0,5,30.8,25.8,65,1006.8,244,7.4,-9900,-9900,0.0,0.0
2021,6,27,3,60,0.0,0.0,0.0,0.0,0.0,5,32.3,27.3,59,1006.3,252,7.4,-9900,-9900,0.0,0.0
2021,6,27,4,60,0.0,0.0,0.0,0.0,0.0,5,33.8,28.8,54,1005.8,257,9.3,-9900,-9900,0.0,0.0
2021,6,27,5,60,0.0,0.0,0.0,0.0,0.0,5,34.2,29.2,52,1005.0,260,11.1,-9900,-9900,0.0,0.0
2021,6,27,6,60,0.0,0.0,0.0,0.0,0.0,5,34.3,29.3,52,1004.6,264,11.1,-9900,-9900,0.0,0.0
2021,6,27,7,60,0.0,0.0,0.0,0.0,0.0,5,34.5,29.5,52,1004.2,267,11.1,-9900,-9900,0.0,0.0
2021,6,27,8,60,0.0,0.0,0.0,0.0,0.0,5,33.6,28.6,56,1003.9,267,11.1,-9900,-9900,0.0,0.0
2021,6,27,9,60,0.0,0.0,0.0,0.0,0.0,5,32.8,27.8,59,1003.6,266,11.1,-9900,-9900,0.0,0.0
2021,6,27,10,60,0.0,0.0,0.0,0.0,0.0,5,32.0,27.0,62,1003.3,266,9.3,-9900,-9900,0.0,0.0
2021,6,27,11,60,0.0,0.0,0.0,0.0,0.0,5,31.7,26.7,63,1004.2,250,9.3,-9900,-9900,0.0,0.0
2021,6,27,12,60,0.0,0.0,0.0,0.0,0.0,5,31.2,26.2,65,1004.5,241,7.4,-9900,-9900,0.0,0.0
2021,6,27,13,60,0.0,0.0,0.0,0.0,0.0,5,30.7,25.7,66,1004.8,233,7.4,-9900,-9900,0.0,0.0
2021,6,27,14,60,0.0,0.0,0.0,0.0,0.0,5,30.4,25.4,68,1004.9,230,7.4,-9900,-9900,0.0,0.0
2021,6,27,15,60,0.0,0.0,0.0,0.0,0.0,5,30.0,25.0,70,1005.0,226,5.5,-9900,-9900,0.0,0.0
2021,6,27,16,60,0.0,0.0,0.0,0.0,0.0,5,29.7,24.7,72,1005.1,222,5.5,-9900,-9900,0.0,0.0
2021,6,27,17,60,0.0,0.0,0.0,0.0,0.0,5,29.1,24.1,70,1004.4,191,7.4,-9900,-9900,0.0,0.0
2021,6,27,18,60,0.0,0.0,0.0,0.0,0.0,5,28.7,23.7,72,1004.0,195,5.5,-9900,-9900,0.0,0.0
2021,6,27,19,60,0.0,0.0,0.0,0.0,0.0,5,28.3,23.3,73,1003.7,200,5.5,-9900,-9900,0.0,0.0
2021,6,27,20,60,0.0,0.0,0.0,0.0,0.0,5,28.1,23.1,74,1003.7,201,5.5,-9900,-9900,0.0,0.0
2021,6,27,21,60,0.0,0.0,0.0,0.0,0.0,5,27.9,22.9,74,1003.6,201,5.5,-9900,-9900,0.0,0.0
2021,6,27,22,60,0.0,0.0,0.0,0.0,0.0,5,27.7,22.7,75,1003.5,202,5.5,-9900,-9900,0.0,0.0
2021,6,27,23,60,0.0,0.0,0.0,0.0,0.0,5,27.5,22.5,76,1004.0,192,5.5,-9900,-9900,0.0,0.0
2021,6,27,24,60,0.0,0.0,0.0,0.0,0.0,5,28.4,23.4,72,1004.2,214,5.5,-9900,-9900,0.0,0.0
2021,6,28,1,60,0.0,0.0,0.0,0.0,0.0,5,29.3,24.3,69,1004.3,230,7.4,-9900,-9900,0.0,0.0
2021,6,28,2,60,0.0,0.0,0.0,0.0,0.0,5,30.8,25.8,63,1004.1,242,9.3,-9900,-9900,0.0,0.0
2021,6,28,3,60,0.0,0.0,0.0,0.0,0.0,5,32.4,27.4,57,1003.9,249,11.1,-9900,-9900,0.0,0.0
2021,6,28,4,60,0.0,0.0,0.0,0.0,0.0,5,33.9,28.9,52,1003.7,254,13.0,-9900,-9900,0.0,0.0
2021,6,28,5,60,0.0,0.0,0.0,0.0,0.0,5,33.7,28.7,54,1003.1,261,14.8,-9900,-9900,0.0,0.0
2021,6,28,6,60,0.0,0.0,0.0,0.0,0.0,5,34.1,29.1,53,1002.7,263,14.8,-9900,-9900,0.0,0.0
2021,6,28,7,60,0.0,0.0,0.0,0.0,0.0,5,34.5,29.5,53,1002.3,265,14.8,-9900,-9900,0.0,0.0
2021,6,28,8,60,0.0,0.0,0.0,0.0,0.0,5,33.8,28.8,55,1002.1,262,14.8,-9900,-9900,0.0,0.0
2021,6,28,9,60,0.0,0.0,0.0,0.0,0.0,5,33.2,28.2,57,1002.0,258,13.0,-9900,-9900,0.0,0.0
2021,6,28,10,60,0.0,0.0,0.0,0.0,0.0,5,32.6,27.6,59,1001.9,253,13.0,-9900,-9900,0.0,0.0
2021,6,28,11,60,0.0,0.0,0.0,0.0,0.0,5,32.3,27.3,57,1002.9,231,11.1,-9900,-9900,0.0,0.0
2021,6,28,12,60,0.0,0.0,0.0,0.0,0.0,5,31.7,26.7,60,1003.3,232,11.1,-9900,-9900,0.0,0.0
2021,6,28,13,60,0.0,0.0,0.0,0.0,0.0,5,31.0,26.0,63,1003.7,232,9.3,-9900,-9900,0.0,0.0
2021,6,28,14,60,0.0,0.0,0.0,0.0,0.0,5,30.6,25.6,64,1004.1,228,9.3,-9900,-9900,0.0,0.0
2021,6,28,15,60,0.0,0.0,0.0,0.0,0.0,5,30.1,25.1,67,1004.4,223,7.4,-9900,-9900,0.0,0.0
2021,6,28,16,60,0.0,0.0,0.0,0.0,0.0,5,29.7,24.7,69,1004.7,216,7.4,-9900,-9900,0.0,0.0
2021,6,28,17,60,0.0,0.0,0.0,0.0,0.0,5,29.4,24.4,70,1004.4,215,7.4,-9900,-9900,0.0,0.0
2021,6,28,18,60,0.0,0.0,0.0,0.0,0.0,5,29.1,24.1,71,1004.0,214,5.5,-9900,-9900,0.0,0.0
2021,6,28,19,60,0.0,0.0,0.0,0.0,0.0,5,28.8,23.8,72,1003.7,213,5.5,-9900,-9900,0.0,0.0
2021,6,28,20,60,0.0,0.0,0.0,0.0,0.0,5,28.5,23.5,73,1003.8,210,5.5,-9900,-9900,0.0,0.0
2021,6,28,21,60,0.0,0.0,0.0,0.0,0.0,5,28.3,23.3,73,1003.8,207,5.5,-9900,-9900,0.0,0.0
2021,6,28,22,60,0.0,0.0,0.0,0.0,0.0,5,28.0,23.0,74,1003.8,203,5.5,-9900,-9900,0.0,0.0
2021,6,28,23,60,0.0,0.0,0.0,0.0,0.0,5,28.4,23.4,74,1004.1,213,5.5,-9900,-9900,0.0,0.0
2021,6,28,24,60,0.0,0.0,0.0,0.0,0.0,5,29.0,24.0,71,1004.4,227,7.4,-9900,-9900,0.0,0.0
2021,6,29,1,60,0.0,0.0,0.0,0.0,0.0,5,29.6,24.6,69,1004.7,237,7.4,-9900,-9900,0.0,0.0
2021,6,29,2,60,0.0,0.0,0.0,0.0,0.0,5,30.7,25.7,64,1004.6,244,9.3,-9900,-9900,0.0,0.0
2021,6,29,3,60,0.0,0.0,0.0,0.0,0.0,5,31.9,26.9,59,1004.6,249,11.1,-9900,-9900,0.0,0.0
2021,6,29,4,60,0.0,0.0,0.0,0.0,0.0,5,33.1,28.1,55,1004.5,252,11.1,-9900,-9900,0.0,0.0
2021,6,29,5,60,0.0,0.0,0.0,0.0,0.0,5,33.3,28.3,56,1004.3,255,13.0,-9900,-9900,0.0,0.0
2021,6,29,6,60,0.0,0.0,0.0,0.0,0.0,5,33.7,28.7,55,1003.9,260,13.0,-9900,-9900,0.0,0.0
2021,6,29,7,60,0.0,0.0,0.0,0.0,0.0,5,34.2,29.2,54,1003.6,264,13.0,-9900,-9900,0.0,0.0
2021,6,29,8,60,0.0,0.0,0.0,0.0,0.0,5,33.5,28.5,56,1003.5,264,13.0,-9900,-9900,0.0,0.0
2021,6,29,9,60,0.0,0.0,0.0,0.0,0.0,5,32.9,27.9,58,1003.5,264,13.0,-9900,-9900,0.0,0.0
2021,6,29,10,60,0.0,0.0,0.0,0.0,0.0,5,32.3,27.3,60,1003.4,264,11.1,-9900,-9900,0.0,0.0
2021,6,29,11,60,0.0,0.0,0.0,0.0,0.0,5,32.4,27.4,59,1003.9,247,11.1,-9900,-9900,0.0,0.0
2021,6,29,12,60,0.0,0.0,0.0,0.0,0.0,5,31.8,26.8,61,1004.4,244,9.3,-9900,-9900,0.0,0.0
2021,6,29,13,60,0.0,0.0,0.0,0.0,0.0,5,31.1,26.1,63,1004.9,241,9.3,-9900,-9900,0.0,0.0
2021,6,29,14,60,0.0,0.0,0.0,0.0,0.0,5,30.7,25.7,65,1005.2,235,7.4,-9900,-9900,0.0,0.0
2021,6,29,15,60,0.0,0.0,0.0,0.0,0.0,5,30.2,25.2,67,1005.5,228,7.4,-9900,-9900,0.0,0.0
2021,6,29,16,60,0.0,0.0,0.0,0.0,0.0,5,29.8,24.8,69,1005.8,217,7.4,-9900,-9900,0.0,0.0
2021,6,29,17,60,0.0,0.0,0.0,0.0,0.0,5,29.7,24.7,64,1005.6,232,7.4,-9900,-9900,0.0,0.0
2021,6,29,18,60,0.0,0.0,0.0,0.0,0.0,5,29.3,24.3,66,1005.3,216,5.5,-9900,-9900,0.0,0.0
2021,6,29,19,60,0.0,0.0,0.0,0.0,0.0,5,28.9,23.9,67,1005.0,204,5.5,-9900,-9900,0.0,0.0
2021,6,29,20,60,0.0,0.0,0.0,0.0,0.0,5,28.7,23.7,68,1005.0,201,5.5,-9900,-9900,0.0,0.0
2021,6,29,21,60,0.0,0.0,0.0,0.0,0.0,5,28.5,23.5,68,1005.0,198,5.5,-9900,-9900,0.0,0.0
2021,6,29,22,60,0.0,0.0,0.0,0.0,0.0,5,28.3,23.3,69,1005.0,195,5.5,-9900,-9900,0.0,0.0
2021,6,29,23,60,0.0,0.0,0.0,0.0,0.0,5,29.0,24.0,69,1005.9,204,5.5,-9900,-9900,0.0,0.0
2021,6,29,24,60,0.0,0.0,0.0,0.0,0.0,5,29.6,24.6,67,1006.1,220,5.5,-9900,-9900,0.0,0.0
2021,6,30,1,60,0.0,0.0,0.0,0.0,0.0,5,30.3,25.3,65,1006.4,235,5.5,-9900,-9900,0.0,0.0
2021,6,30,2,60,0.0,0.0,0.0,0.0,0.0,5,31.6,26.6,60,1006.2,245,7.4,-9900,-9900,0.0,0.0
2021,6,30,3,60,0.0,0.0,0.0,0.0,0.0,5,32.9,27.9,55,1006.0,250,9.3,-9900,-9900,0.0,0.0
2021,6,30,4,60,0.0,0.0,0.0,0.0,0.0,5,34.2,29.2,51,1005.8,254,11.1,-9900,-9900,0.0,0.0
2021,6,30,5,60,0.0,0.0,0.0,0.0,0.0,5,34.2,29.2,53,1005.4,258,13.0,-9900,-9900,0.0,0.0
2021,6,30,6,60,0.0,0.0,0.0,0.0,0.0,5,34.4,29.4,53,1005.2,264,13.0,-9900,-9900,0.0,0.0
2021,6,30,7,60,0.0,0.0,0.0,0.0,0.0,5,34.7,29.7,53,1005.0,269,13.0,-9900,-9900,0.0,0.0
2021,6,30,8,60,0.0,0.0,0.0,0.0,0.0,5,34.1,29.1,54,1004.7,269,13.0,-9900,-9900,0.0,0.0
2021,6,30,9,60,0.0,0.0,0.0,0.0,0.0,5,33.6,28.6,55,1004.5,270,13.0,-9900,-9900,0.0,0.0
2021,6,30,10,60,0.0,0.0,0.0,0.0,0.0,5,33.1,28.1,57,1004.2,271,13.0,-9900,-9900,0.0,0.0
2021,6,30,11,60,0.0,0.0,0.0,0.0,0.0,5,32.5,27.5,60,1005.2,278,11.1,-9900,-9900,0.0,0.0
2021,6,30,12,60,0.0,0.0,0.0,0.0,0.0,5,31.8,26.8,62,1005.6,269,9.3,-9900,-9900,0.0,0.0
2021,6,30,13,60,0.0,0.0,0.0,0.0,0.0,5,31.2,26.2,64,1006.0,255,7.4,-9900,-9900,0.0,0.0
2021,6,30,14,60,0.0,0.0,0.0,0.0,0.0,5,30.8,25.8,65,1006.2,243,7.4,-9900,-9900,0.0,0.0
2021,6,30,15,60,0.0,0.0,0.0,0.0,0.0,5,30.5,25.5,66,1006.4,226,5.5,-9900,-9900,0.0,0.0
2021,6,30,16,60,0.0,0.0,0.0,0.0,0.0,5,30.1,25.1,67,1006.7,205,5.5,-9900,-9900,0.0,0.0
2021,6,30,17,60,0.0,0.0,0.0,0.0,0.0,5,29.2,24.2,75,1006.3,214,5.5,-9900,-9900,0.0,0.0
2021,6,30,18,60,0.0,0.0,0.0,0.0,0.0,5,28.8,23.8,75,1006.2,202,5.5,-9900,-9900,0.0,0.0
2021,6,30,19,60,0.0,0.0,0.0,0.0,0.0,5,28.5,23.5,76,1006.0,194,5.5,-9900,-9900,0.0,0.0
2021,6,30,20,60,0.0,0.0,0.0,0.0,0.0,5,28.4,23.4,76,1006.0,194,5.5,-9900,-9900,0.0,0.0
2021,6,30,21,60,0.0,0.0,0.0,0.0,0.0,5,28.2,23.2,76,1006.1,194,5.5,-9900,-9900,0.0,0.0
2021,6,30,22,60,0.0,0.0,0.0,0.0,0.0,5,28.1,23.1,75,1006.1,194,5.5,-9900,-9900,0.0,0.0
2021,6,30,23,60,0.0,0.0,0.0,0.0,0.0,5,29.4,24.4,68,1006.5,216,7.4,-9900,-9900,0.0,0.0
2021,6,30,24,60,0.0,0.0,0.0,0.0,0.0,5,30.0,25.0,65,1006.8,228,7.4,-9900,-9900,0.0,0.0
2021,7,1,1,60,0.0,0.0,0.0,0.0,0.0,5,30.6,25.6,63,1007.0,238,7.4,-9900,-9900,0.0,0.0
2021,7,1,2,60,0.0,0.0,0.0,0.0,0.0,5,31.9,26.9,58,1006.6,246,7.4,-9900,-9900,0.0,0.0
2021,7,1,3,60,0.0,0.0,0.0,0.0,0.0,5,33.2,28.2,53,1006.2,252,9.3,-9900,-9900,0.0,0.0
2021,7,1,4,60,0.0,0.0,0.0,0.0,0.0,5,34.5,29.5,49,1005.9,256,11.1,-9900,-9900,0.0,0.0
2021,7,1,5,60,0.0,0.0,0.0,0.0,0.0,5,34.8,29.8,49,1005.4,263,11.1,-9900,-9900,0.0,0.0
2021,7,1,6,60,0.0,0.0,0.0,0.0,0.0,5,35.0,30.0,50,1005.0,269,13.0,-9900,-9900,0.0,0.0
2021,7,1,7,60,0.0,0.0,0.0,0.0,0.0,5,35.2,30.2,50,1004.6,275,13.0,-9900,-9900,0.0,0.0
2021,7,1,8,60,0.0,0.0,0.0,0.0,0.0,5,34.6,29.6,52,1004.6,276,13.0,-9900,-9900,0.0,0.0
2021,7,1,9,60,0.0,0.0,0.0,0.0,0.0,5,34.0,29.0,54,1004.5,276,11.1,-9900,-9900,0.0,0.0
2021,7,1,10,60,0.0,0.0,0.0,0.0,0.0,5,33.4,28.4,56,1004.4,277,11.1,-9900,-9900,0.0,0.0
2021,7,1,11,60,0.0,0.0,0.0,0.0,0.0,5,32.6,27.6,60,1005.8,284,9.3,-9900,-9900,0.0,0.0
2021,7,1,12,60,0.0,0.0,0.0,0.0,0.0,5,31.9,26.9,62,1006.2,261,7.4,-9900,-9900,0.0,0.0
2021,7,1,13,60,0.0,0.0,0.0,0.0,0.0,5,31.1,26.1,65,1006.6,233,5.5,-9900,-9900,0.0,0.0
2021,7,1,14,60,0.0,0.0,0.0,0.0,0.0,5,30.8,25.8,66,1006.9,221,5.5,-9900,-9900,0.0,0.0
2021,7,1,15,60,0.0,0.0,0.0,0.0,0.0,5,30.4,25.4,68,1007.2,207,5.5,-9900,-9900,0.0,0.0
2021,7,1,16,60,0.0,0.0,0.0,0.0,0.0,5,30.1,25.1,69,1007.4,191,5.5,-9900,-9900,0.0,0.0
2021,7,1,17,60,0.0,0.0,0.0,0.0,0.0,5,29.5,24.5,74,1007.2,196,5.5,-9900,-9900,0.0,0.0
2021,7,1,18,60,0.0,0.0,0.0,0.0,0.0,5,29.2,24.2,75,1007.0,193,5.5,-9900,-9900,0.0,0.0
2021,7,1,19,60,0.0,0.0,0.0,0.0,0.0,5,28.9,23.9,75,1006.8,189,5.5,-9900,-9900,0.0,0.0
2021,7,1,20,60,0.0,0.0,0.0,0.0,0.0,5,28.6,23.6,75,1006.8,185,5.5,-9900,-9900,0.0,0.0
2021,7,1,21,60,0.0,0.0,0.0,0.0,0.0,5,28.3,23.3,76,1006.8,180,5.5,-9900,-9900,0.0,0.0
2021,7,1,22,60,0.0,0.0,0.0,0.0,0.0,5,28.1,23.1,75,1006.9,175,5.5,-9900,-9900,0.0,0.0
2021,7,1,23,60,0.0,0.0,0.0,0.0,0.0,5,29.4,24.4,71,1007.5,209,5.5,-9900,-9900,0.0,0.0
2021,7,1,24,60,0.0,0.0,0.0,0.0,0.0,5,30.2,25.2,67,1007.8,220,5.5,-9900,-9900,0.0,0.0
2021,7,2,1,60,0.0,0.0,0.0,0.0,0.0,5,30.9,25.9,63,1008.0,232,5.5,-9900,-9900,0.0,0.0
2021,7,2,2,60,0.0,0.0,0.0,0.0,0.0,5,32.1,27.1,58,1007.7,243,5.5,-9900,-9900,0.0,0.0
2021,7,2,3,60,0.0,0.0,0.0,0.0,0.0,5,33.3,28.3,53,1007.4,251,7.4,-9900,-9900,0.0,0.0
2021,7,2,4,60,0.0,0.0,0.0,0.0,0.0,5,34.4,29.4,49,1007.1,257,7.4,-9900,-9900,0.0,0.0
2021,7,2,5,60,0.0,0.0,0.0,0.0,0.0,5,33.9,28.9,54,1006.6,269,9.3,-9900,-9900,0.0,0.0
2021,7,2,6,60,0.0,0.0,0.0,0.0,0.0,5,34.2,29.2,54,1006.3,276,9.3,-9900,-9900,0.0,0.0
2021,7,2,7,60,0.0,0.0,0.0,0.0,0.0,5,34.5,29.5,55,1006.0,284,9.3,-9900,-9900,0.0,0.0
2021,7,2,8,60,0.0,0.0,0.0,0.0,0.0,5,33.5,28.5,58,1006.1,275,9.3,-9900,-9900,0.0,0.0
2021,7,2,9,60,0.0,0.0,0.0,0.0,0.0,5,32.5,27.5,61,1006.2,254,7.4,-9900,-9900,0.0,0.0
2021,7,2,10,60,0.0,0.0,0.0,0.0,0.0,5,31.5,26.5,65,1006.2,198,7.4,-9900,-9900,0.0,0.0
2021,7,2,11,60,0.0,0.0,0.0,0.0,0.0,5,31.0,26.0,68,1006.8,86,7.4,-9900,-9900,0.0,0.0
2021,7,2,12,60,0.0,0.0,0.0,0.0,0.0,5,30.5,25.5,69,1007.3,115,5.5,-9900,-9900,0.0,0.0
2021,7,2,13,60,0.0,0.0,0.0,0.0,0.0,5,30.1,25.1,70,1007.8,148,5.5,-9900,-9900,0.0,0.0
2021,7,2,14,60,0.0,0.0,0.0,0.0,0.0,5,29.8,24.8,72,1008.0,162,5.5,-9900,-9900,0.0,0.0
2021,7,2,15,60,0.0,0.0,0.0,0.0,0.0,5,29.5,24.5,73,1008.2,172,5.5,-9900,-9900,0.0,0.0
2021,7,2,16,60,0.0,0.0,0.0,0.0,0.0,5,29.2,24.2,75,1008.5,179,5.5,-9900,-9900,0.0,0.0
2021,7,2,17,60,0.0,0.0,0.0,0.0,0.0,5,29.1,24.1,75,1008.1,145,7.4,-9900,-9900,0.0,0.0
2021,7,2,18,60,0.0,0.0,0.0,0.0,0.0,5,28.8,23.8,75,1007.7,152,5.5,-9900,-9900,0.0,0.0
2021,7,2,19,60,0.0,0.0,0.0,0.0,0.0,5,28.5,23.5,76,1007.4,161,5.5,-9900,-9900,0.0,0.0
2021,7,2,20,60,0.0,0.0,0.0,0.0,0.0,5,28.2,23.2,76,1007.4,161,5.5,-9900,-9900,0.0,0.0
2021,7,2,21,60,0.0,0.0,0.0,0.0,0.0,5,27.9,22.9,77,1007.4,162,5.5,-9900,-9900,0.0,0.0
2021,7,2,22,60,0.0,0.0,0.0,0.0,0.0,5,27.6,22.6,77,1007.4,162,5.5,-9900,-9900,0.0,0.0
2021,7,2,23,60,0.0,0.0,0.0,0.0,0.0,5,28.7,23.7,71,1007.8,168,5.5,-9900,-9900,0.0,0.0
2021,7,2,24,60,0.0,0.0,0.0,0.0,0.0,5,29.6,24.6,68,1008.0,174,5.5,-9900,-9900,0.0,0.0
2021,7,3,1,60,0.0,0.0,0.0,0.0,0.0,5,30.5,25.5,66,1008.2,183,3.7,-9900,-9900,0.0,0.0
2021,7,3,2,60,0.0,0.0,0.0,0.0,0.0,5,31.9,26.9,61,1007.8,206,3.7,-9900,-9900,0.0,0.0
2021,7,3,3,60,0.0,0.0,0.0,0.0,0.0,5,33.2,28.2,56,1007.3,226,5.5,-9900,-9900,0.0,0.0
2021,7,3,4,60,0.0,0.0,0.0,0.0,0.0,5,34.6,29.6,52,1006.9,241,5.5,-9900,-9900,0.0,0.0
2021,7,3,5,60,0.0,0.0,0.0,0.0,0.0,5,33.5,28.5,57,1006.6,276,5.5,-9900,-9900,0.0,0.0
2021,7,3,6,60,0.0,0.0,0.0,0.0,0.0,5,33.4,28.4,58,1006.3,313,5.5,-9900,-9900,0.0,0.0
2021,7,3,7,60,0.0,0.0,0.0,0.0,0.0,5,33.4,28.4,59,1005.9,336,7.4,-9900,-9900,0.0,0.0
2021,7,3,8,60,0.0,0.0,0.0,0.0,0.0,5,32.5,27.5,62,1006.1,356,7.4,-9900,-9900,0.0,0.0
2021,7,3,9,60,0.0,0.0,0.0,0.0,0.0,5,31.6,26.6,65,1006.3,61,7.4,-9900,-9900,0.0,0.0
2021,7,3,10,60,0.0,0.0,0.0,0.0,0.0,5,30.7,25.7,67,1006.5,105,7.4,-9900,-9900,0.0,0.0
2021,7,3,11,60,0.0,0.0,0.0,0.0,0.0,5,30.6,25.6,70,1006.6,354,7.4,-9900,-9900,0.0,0.0
2021,7,3,12,60,0.0,0.0,0.0,0.0,0.0,5,30.2,25.2,71,1007.1,10,5.5,-9900,-9900,0.0,0.0
2021,7,3,13,60,0.0,0.0,0.0,0.0,0.0,5,29.7,24.7,72,1007.7,131,5.5,-9900,-9900,0.0,0.0
2021,7,3,14,60,0.0,0.0,0.0,0.0,0.0,5,29.4,24.4,74,1007.9,153,5.5,-9900,-9900,0.0,0.0
2021,7,3,15,60,0.0,0.0,0.0,0.0,0.0,5,29.1,24.1,75,1008.1,163,5.5,-9900,-9900,0.0,0.0
2021,7,3,16,60,0.0,0.0,0.0,0.0,0.0,5,28.9,23.9,75,1008.3,168,5.5,-9900,-9900,0.0,0.0
2021,7,3,17,60,0.0,0.0,0.0,0.0,0.0,5,28.6,23.6,76,1008.1,168,5.5,-9900,-9900,0.0,0.0
2021,7,3,18,60,0.0,0.0,0.0,0.0,0.0,5,28.3,23.3,77,1008.0,168,5.5,-9900,-9900,0.0,0.0
2021,7,3,19,60,0.0,0.0,0.0,0.0,0.0,5,28.1,23.1,77,1007.8,168,5.5,-9900,-9900,0.0,0.0
2021,7,3,20,60,0.0,0.0,0.0,0.0,0.0,5,27.8,22.8,77,1008.0,167,5.5,-9900,-9900,0.0,0.0
2021,7,3,21,60,0.0,0.0,0.0,0.0,0.0,5,27.6,22.6,78,1008.1,166,5.5,-9900,-9900,0.0,0.0
2021,7,3,22,60,0.0,0.0,0.0,0.0,0.0,5,27.3,22.3,78,1008.3,165,5.5,-9900,-9900,0.0,0.0
2021,7,3,23,60,0.0,0.0,0.0,0.0,0.0,5,29.5,24.5,75,1008.8,142,5.5,-9900,-9900,0.0,0.0
2021,7,3,24,60,0.0,0.0,0.0,0.0,0.0,5,30.2,25.2,73,1009.1,142,3.7,-9900,-9900,0.0,0.0
2021,7,4,1,60,0.0,0.0,0.0,0.0,0.0,5,31.0,26.0,70,1009.4,142,3.7,-9900,-9900,0.0,0.0
2021,7,4,2,60,0.0,0.0,0.0,0.0,0.0,5,32.0,27.0,65,1009.3,128,3.7,-9900,-9900,0.0,0.0
2021,7,4,3,60,0.0,0.0,0.0,0.0,0.0,5,33.0,28.0,61,1009.1,55,3.7,-9900,-9900,0.0,0.0
2021,7,4,4,60,0.0,0.0,0.0,0.0,0.0,5,34.1,29.1,57,1009.0,360,3.7,-9900,-9900,0.0,0.0
2021,7,4,5,60,0.0,0.0,0.0,0.0,0.0,5,33.9,28.9,60,1008.7,349,5.5,-9900,-9900,0.0,0.0
2021,7,4,6,60,0.0,0.0,0.0,0.0,0.0,5,33.4,28.4,62,1008.5,350,5.5,-9900,-9900,0.0,0.0
2021,7,4,7,60,0.0,0.0,0.0,0.0,0.0,5,33.0,28.0,64,1008.3,350,7.4,-9900,-9900,0.0,0.0
2021,7,4,8,60,0.0,0.0,0.0,0.0,0.0,5,32.2,27.2,66,1008.3,1,7.4,-9900,-9900,0.0,0.0
2021,7,4,9,60,0.0,0.0,0.0,0.0,0.0,5,31.4,26.4,68,1008.3,24,7.4,-9900,-9900,0.0,0.0
2021,7,4,10,60,0.0,0.0,0.0,0.0,0.0,5,30.7,25.7,69,1008.4,62,7.4,-9900,-9900,0.0,0.0
2021,7,4,11,60,0.0,0.0,0.0,0.0,0.0,5,30.0,25.0,72,1009.3,334,7.4,-9900,-9900,0.0,0.0
2021,7,4,12,60,0.0,0.0,0.0,0.0,0.0,5,29.7,24.7,72,1009.5,101,7.4,-9900,-9900,0.0,0.0
2021,7,4,13,60,0.0,0.0,0.0,0.0,0.0,5,29.3,24.3,74,1009.8,112,5.5,-9900,-9900,0.0,0.0
2021,7,4,14,60,0.0,0.0,0.0,0.0,0.0,5,29.2,24.2,74,1009.9,113,7.4,-9900,-9900,0.0,0.0
2021,7,4,15,60,0.0,0.0,0.0,0.0,0.0,5,29.1,24.1,74,1009.9,113,7.4,-9900,-9900,0.0,0.0
2021,7,4,16,60,0.0,0.0,0.0,0.0,0.0,5,29.0,24.0,74,1010.0,114,7.4,-9900,-9900,0.0,0.0
2021,7,4,17,60,0.0,0.0,0.0,0.0,0.0,5,29.1,24.1,76,1010.1,99,9.3,-9900,-9900,0.0,0.0
2021,7,4,18,60,0.0,0.0,0.0,0.0,0.0,5,28.8,23.8,77,1009.6,103,9.3,-9900,-9900,0.0,0.0
2021,7,4,19,60,0.0,0.0,0.0,0.0,0.0,5,28.6,23.6,77,1009.1,108,9.3,-9900,-9900,0.0,0.0
2021,7,4,20,60,0.0,0.0,0.0,0.0,0.0,5,28.4,23.4,77,1009.0,117,7.4,-9900,-9900,0.0,0.0
2021,7,4,21,60,0.0,0.0,0.0,0.0,0.0,5,28.1,23.1,78,1008.9,128,7.4,-9900,-9900,0.0,0.0
2021,7,4,22,60,0.0,0.0,0.0,0.0,0.0,5,27.9,22.9,78,1008.8,138,5.5,-9900,-9900,0.0,0.0
2021,7,4,23,60,0.0,0.0,0.0,0.0,0.0,5,29.5,24.5,71,1008.9,122,7.4,-9900,-9900,0.0,0.0
2021,7,4,24,60,0.0,0.0,0.0,0.0,0.0,5,30.4,25.4,69,1009.1,120,7.4,-9900,-9900,0.0,0.0
2021,7,5,1,60,0.0,0.0,0.0,0.0,0.0,5,31.4,26.4,66,1009.3,117,5.5,-9900,-9900,0.0,0.0
2021,7,5,2,60,0.0,0.0,0.0,0.0,0.0,5,32.5,27.5,61,1008.9,111,5.5,-9900,-9900,0.0,0.0
2021,7,5,3,60,0.0,0.0,0.0,0.0,0.0,5,33.6,28.6,57,1008.5,104,5.5,-9900,-9900,0.0,0.0
2021,7,5,4,60,0.0,0.0,0.0,0.0,0.0,5,34.7,29.7,53,1008.2,94,7.4,-9900,-9900,0.0,0.0
2021,7,5,5,60,0.0,0.0,0.0,0.0,0.0,5,34.6,29.6,52,1007.7,85,9.3,-9900,-9900,0.0,0.0
2021,7,5,6,60,0.0,0.0,0.0,0.0,0.0,5,34.5,29.5,53,1007.2,79,9.3,-9900,-9900,0.0,0.0
2021,7,5,7,60,0.0,0.0,0.0,0.0,0.0,5,34.5,29.5,54,1006.7,72,11.1,-9900,-9900,0.0,0.0
2021,7,5,8,60,0.0,0.0,0.0,0.0,0.0,5,33.7,28.7,56,1006.5,82,11.1,-9900,-9900,0.0,0.0
2021,7,5,9,60,0.0,0.0,0.0,0.0,0.0,5,33.0,28.0,58,1006.3,90,13.0,-9900,-9900,0.0,0.0
2021,7,5,10,60,0.0,0.0,0.0,0.0,0.0,5,32.2,27.2,60,1006.1,96,13.0,-9900,-9900,0.0,0.0
2021,7,5,11,60,0.0,0.0,0.0,0.0,0.0,5,31.1,26.1,63,1007.2,104,14.8,-9900,-9900,0.0,0.0
2021,7,5,12,60,0.0,0.0,0.0,0.0,0.0,5,30.6,25.6,65,1007.4,103,14.8,-9900,-9900,0.0,0.0
2021,7,5,13,60,0.0,0.0,0.0,0.0,0.0,5,30.2,25.2,66,1007.6,102,14.8,-9900,-9900,0.0,0.0
2021,7,5,14,60,0.0,0.0,0.0,0.0,0.0,5,30.0,25.0,67,1007.6,99,14.8,-9900,-9900,0.0,0.0
2021,7,5,15,60,0.0,0.0,0.0,0.0,0.0,5,29.8,24.8,68,1007.6,97,14.8,-9900,-9900,0.0,0.0
2021,7,5,16,60,0.0,0.0,0.0,0.0,0.0,5,29.7,24.7,69,1007.6,95,14.8,-9900,-9900,0.0,0.0
2021,7,5,17,60,0.0,0.0,0.0,0.0,0.0,5,29.9,24.9,67,1006.9,101,16.7,-9900,-9900,0.0,0.0
2021,7,5,18,60,0.0,0.0,0.0,0.0,0.0,5,29.7,24.7,68,1006.5,100,16.7,-9900,-9900,0.0,0.0
2021,7,5,19,60,0.0,0.0,0.0,0.0,0.0,5,29.6,24.6,68,1006.0,100,14.8,-9900,-9900,0.0,0.0
2021,7,5,20,60,0.0,0.0,0.0,0.0,0.0,5,29.6,24.6,68,1005.7,101,13.0,-9900,-9900,0.0,0.0
2021,7,5,21,60,0.0,0.0,0.0,0.0,0.0,5,29.6,24.6,68,1005.4,102,13.0,-9900,-9900,0.0,0.0
2021,7,5,22,60,0.0,0.0,0.0,0.0,0.0,5,29.6,24.6,68,1005.1,103,11.1,-9900,-9900,0.0,0.0
2021,7,5,23,60,0.0,0.0,0.0,0.0,0.0,5,29.8,24.8,68,1005.9,98,11.1,-9900,-9900,0.0,0.0
2021,7,5,24,60,0.0,0.0,0.0,0.0,0.0,5,30.6,25.6,65,1006.0,105,11.1,-9900,-9900,0.0,0.0
2021,7,6,1,60,0.0,0.0,0.0,0.0,0.0,5,31.3,26.3,62,1006.0,112,9.3,-9900,-9900,0.0,0.0
2021,7,6,2,60,0.0,0.0,0.0,0.0,0.0,5,32.3,27.3,59,1006.0,108,7.4,-9900,-9900,0.0,0.0
2021,7,6,3,60,0.0,0.0,0.0,0.0,0.0,5,33.2,28.2,57,1005.9,100,7.4,-9900,-9900,0.0,0.0
2021,7,6,4,60,0.0,0.0,0.0,0.0,0.0,5,34.2,29.2,54,1005.9,83,5.5,-9900,-9900,0.0,0.0
2021,7,6,5,60,0.0,0.0,0.0,0.0,0.0,5,34.0,29.0,56,1005.8,51,7.4,-9900,-9900,0.0,0.0
2021,7,6,6,60,0.0,0.0,0.0,0.0,0.0,5,33.8,28.8,58,1005.7,28,7.4,-9900,-9900,0.0,0.0
2021,7,6,7,60,0.0,0.0,0.0,0.0,0.0,5,33.6,28.6,60,1005.6,14,9.3,-9900,-9900,0.0,0.0
2021,7,6,8,60,0.0,0.0,0.0,0.0,0.0,5,32.7,27.7,62,1005.9,33,7.4,-9900,-9900,0.0,0.0
2021,7,6,9,60,0.0,0.0,0.0,0.0,0.0,5,31.9,26.9,64,1006.2,101,7.4,-9900,-9900,0.0,0.0
2021,7,6,10,60,0.0,0.0,0.0,0.0,0.0,5,31.0,26.0,66,1006.5,146,7.4,-9900,-9900,0.0,0.0
2021,7,6,11,60,0.0,0.0,0.0,0.0,0.0,5,30.6,25.6,70,1007.6,201,7.4,-9900,-9900,0.0,0.0
2021,7,6,12,60,0.0,0.0,0.0,0.0,0.0,5,30.1,25.1,71,1008.5,178,7.4,-9900,-9900,0.0,0.0
2021,7,6,13,60,0.0,0.0,0.0,0.0,0.0,5,29.7,24.7,71,1009.3,162,7.4,-9900,-9900,0.0,0.0
2021,7,6,14,60,0.0,0.0,0.0,0.0,0.0,5,29.5,24.5,72,1009.9,163,5.5,-9900,-9900,0.0,0.0
2021,7,6,15,60,0.0,0.0,0.0,0.0,0.0,5,29.3,24.3,73,1010.5,163,5.5,-9900,-9900,0.0,0.0
2021,7,6,16,60,0.0,0.0,0.0,0.0,0.0,5,29.1,24.1,74,1011.1,163,5.5,-9900,-9900,0.0,0.0
2021,7,6,17,60,0.0,0.0,0.0,0.0,0.0,5,27.9,22.9,84,1010.7,128,5.5,-9900,-9900,0.0,0.0
2021,7,6,18,60,0.0,0.0,0.0,0.0,0.0,5,27.7,22.7,84,1010.6,138,5.5,-9900,-9900,0.0,0.0
2021,7,6,19,60,0.0,0.0,0.0,0.0,0.0,5,27.5,22.5,84,1010.5,151,5.5,-9900,-9900,0.0,0.0
2021,7,6,20,60,0.0,0.0,0.0,0.0,0.0,5,27.4,22.4,83,1010.8,157,5.5,-9900,-9900,0.0,0.0
2021,7,6,21,60,0.0,0.0,0.0,0.0,0.0,5,27.2,22.2,83,1011.0,162,5.5,-9900,-9900,0.0,0.0
2021,7,6,22,60,0.0,0.0,0.0,0.0,0.0,5,27.1,22.1,82,1011.3,166,5.5,-9900,-9900,0.0,0.0
2021,7,6,23,60,0.0,0.0,0.0,0.0,0.0,5,28.2,23.2,81,1011.6,151,5.5,-9900,-9900,0.0,0.0
2021,7,6,24,60,0.0,0.0,0.0,0.0,0.0,5,29.1,24.1,76,1011.9,150,3.7,-9900,-9900,0.0,0.0
2021,7,7,1,60,0.0,0.0,0.0,0.0,0.0,5,30.1,25.1,72,1012.2,149,3.7,-9900,-9900,0.0,0.0
2021,7,7,2,60,0.0,0.0,0.0,0.0,0.0,5,31.5,26.5,66,1012.0,163,3.7,-9900,-9900,0.0,0.0
2021,7,7,3,60,0.0,0.0,0.0,0.0,0.0,5,33.0,28.0,61,1011.8,238,3.7,-9900,-9900,0.0,0.0
2021,7,7,4,60,0.0,0.0,0.0,0.0,0.0,5,34.4,29.4,56,1011.6,293,3.7,-9900,-9900,0.0,0.0
2021,7,7,5,60,0.0,0.0,0.0,0.0,0.0,5,33.9,28.9,59,1011.5,320,5.5,-9900,-9900,0.0,0.0
2021,7,7,6,60,0.0,0.0,0.0,0.0,0.0,5,33.5,28.5,61,1011.2,336,7.4,-9900,-9900,0.0,0.0
2021,7,7,7,60,0.0,0.0,0.0,0.0,0.0,5,33.1,28.1,63,1011.0,345,7.4,-9900,-9900,0.0,0.0
2021,7,7,8,60,0.0,0.0,0.0,0.0,0.0,5,32.2,27.2,66,1011.0,360,7.4,-9900,-9900,0.0,0.0
2021,7,7,9,60,0.0,0.0,0.0,0.0,0.0,5,31.2,26.2,70,1010.9,35,7.4,-9900,-9900,0.0,0.0
2021,7,7,10,60,0.0,0.0,0.0,0.0,0.0,5,30.2,25.2,74,1010.9,79,7.4,-9900,-9900,0.0,0.0
2021,7,7,11,60,0.0,0.0,0.0,0.0,0.0,5,29.1,24.1,79,1011.9,119,7.4,-9900,-9900,0.0,0.0
2021,7,7,12,60,0.0,0.0,0.0,0.0,0.0,5,28.8,23.8,80,1012.3,139,5.5,-9900,-9900,0.0,0.0
2021,7,7,13,60,0.0,0.0,0.0,0.0,0.0,5,28.5,23.5,80,1012.7,141,5.5,-9900,-9900,0.0,0.0
2021,7,7,14,60,0.0,0.0,0.0,0.0,0.0,5,28.4,23.4,81,1012.8,152,5.5,-9900,-9900,0.0,0.0
2021,7,7,15,60,0.0,0.0,0.0,0.0,0.0,5,28.3,23.3,81,1012.9,158,5.5,-9900,-9900,0.0,0.0
2021,7,7,16,60,0.0,0.0,0.0,0.0,0.0,5,28.3,23.3,81,1013.1,163,5.5,-9900,-9900,0.0,0.0
2021,7,7,17,60,0.0,0.0,0.0,0.0,0.0,5,28.6,23.6,81,1012.5,166,5.5,-9900,-9900,0.0,0.0
2021,7,7,18,60,0.0,0.0,0.0,0.0,0.0,5,28.3,23.3,81,1012.2,166,5.5,-9900,-9900,0.0,0.0
2021,7,7,19,60,0.0,0.0,0.0,0.0,0.0,5,28.0,23.0,82,1011.9,167,5.5,-9900,-9900,0.0,0.0
2021,7,7,20,60,0.0,0.0,0.0,0.0,0.0,5,27.7,22.7,82,1011.9,166,5.5,-9900,-9900,0.0,0.0
2021,7,7,21,60,0.0,0.0,0.0,0.0,0.0,5,27.4,22.4,83,1011.9,165,5.5,-9900,-9900,0.0,0.0
2021,7,7,22,60,0.0,0.0,0.0,0.0,0.0,5,27.1,22.1,83,1012.0,163,5.5,-9900,-9900,0.0,0.0
2021,7,7,23,60,0.0,0.0,0.0,0.0,0.0,5,28.5,23.5,81,1012.5,188,5.5,-9900,-9900,0.0,0.0
2021,7,7,24,60,0.0,0.0,0.0,0.0,0.0,5,29.4,24.4,76,1012.8,189,3.7,-9900,-9900,0.0,0.0
2021,7,8,1,60,0.0,0.0,0.0,0.0,0.0,5,30.4,25.4,72,1013.2,191,3.7,-9900,-9900,0.0,0.0
2021,7,8,2,60,0.0,0.0,0.0,0.0,0.0,5,31.9,26.9,65,1012.8,218,3.7,-9900,-9900,0.0,0.0
2021,7,8,3,60,0.0,0.0,0.0,0.0,0.0,5,33.4,28.4,59,1012.5,248,3.7,-9900,-9900,0.0,0.0
2021,7,8,4,60,0.0,0.0,0.0,0.0,0.0,5,34.9,29.9,54,1012.1,269,5.5,-9900,-9900,0.0,0.0
2021,7,8,5,60,0.0,0.0,0.0,0.0,0.0,5,34.8,29.8,56,1011.9,293,7.4,-9900,-9900,0.0,0.0
2021,7,8,6,60,0.0,0.0,0.0,0.0,0.0,5,34.8,29.8,57,1011.5,307,7.4,-9900,-9900,0.0,0.0
2021,7,8,7,60,0.0,0.0,0.0,0.0,0.0,5,34.8,29.8,57,1011.0,317,9.3,-9900,-9900,0.0,0.0
2021,7,8,8,60,0.0,0.0,0.0,0.0,0.0,5,34.0,29.0,59,1010.8,325,7.4,-9900,-9900,0.0,0.0
2021,7,8,9,60,0.0,0.0,0.0,0.0,0.0,5,33.1,28.1,62,1010.5,340,7.4,-9900,-9900,0.0,0.0
2021,7,8,10,60,0.0,0.0,0.0,0.0,0.0,5,32.3,27.3,64,1010.3,11,7.4,-9900,-9900,0.0,0.0
2021,7,8,11,60,0.0,0.0,0.0,0.0,0.0,5,31.6,26.6,67,1010.8,19,7.4,-9900,-9900,0.0,0.0
2021,7,8,12,60,0.0,0.0,0.0,0.0,0.0,5,31.0,26.0,69,1011.2,134,5.5,-9900,-9900,0.0,0.0
2021,7,8,13,60,0.0,0.0,0.0,0.0,0.0,5,30.3,25.3,72,1011.6,173,5.5,-9900,-9900,0.0,0.0
2021,7,8,14,60,0.0,0.0,0.0,0.0,0.0,5,30.0,25.0,72,1011.7,170,5.5,-9900,-9900,0.0,0.0
2021,7,8,15,60,0.0,0.0,0.0,0.0,0.0,5,29.7,24.7,73,1011.7,168,5.5,-9900,-9900,0.0,0.0
2021,7,8,16,60,0.0,0.0,0.0,0.0,0.0,5,29.4,24.4,74,1011.7,167,5.5,-9900,-9900,0.0,0.0
2021,7,8,17,60,0.0,0.0,0.0,0.0,0.0,5,29.8,24.8,71,1010.9,190,7.4,-9900,-9900,0.0,0.0
2021,7,8,18,60,0.0,0.0,0.0,0.0,0.0,5,29.4,24.4,72,1010.6,186,5.5,-9900,-9900,0.0,0.0
2021,7,8,19,60,0.0,0.0,0.0,0.0,0.0,5,29.0,24.0,73,1010.3,181,5.5,-9900,-9900,0.0,0.0
2021,7,8,20,60,0.0,0.0,0.0,0.0,0.0,5,28.6,23.6,74,1010.3,178,5.5,-9900,-9900,0.0,0.0
2021,7,8,21,60,0.0,0.0,0.0,0.0,0.0,5,28.2,23.2,76,1010.3,175,5.5,-9900,-9900,0.0,0.0
2021,7,8,22,60,0.0,0.0,0.0,0.0,0.0,5,27.9,22.9,77,1010.3,172,5.5,-9900,-9900,0.0,0.0
2021,7,8,23,60,0.0,0.0,0.0,0.0,0.0,5,29.1,24.1,72,1010.6,198,5.5,-9900,-9900,0.0,0.0
2021,7,8,24,60,0.0,0.0,0.0,0.0,0.0,5,30.0,25.0,70,1010.9,202,5.5,-9900,-9900,0.0,0.0
2021,7,9,1,60,0.0,0.0,0.0,0.0,0.0,5,31.0,26.0,66,1011.2,208,5.5,-9900,-9900,0.0,0.0
2021,7,9,2,60,0.0,0.0,0.0,0.0,0.0,5,32.4,27.4,61,1010.9,228,5.5,-9900,-9900,0.0,0.0
2021,7,9,3,60,0.0,0.0,0.0,0.0,0.0,5,33.8,28.8,56,1010.5,246,5.5,-9900,-9900,0.0,0.0
2021,7,9,4,60,0.0,0.0,0.0,0.0,0.0,5,35.3,30.3,51,1010.2,258,5.5,-9900,-9900,0.0,0.0
2021,7,9,5,60,0.0,0.0,0.0,0.0,0.0,5,35.0,30.0,54,1009.8,279,7.4,-9900,-9900,0.0,0.0
2021,7,9,6,60,0.0,0.0,0.0,0.0,0.0,5,35.2,30.2,54,1009.4,294,7.4,-9900,-9900,0.0,0.0
2021,7,9,7,60,0.0,0.0,0.0,0.0,0.0,5,35.4,30.4,55,1009.0,307,9.3,-9900,-9900,0.0,0.0
2021,7,9,8,60,0.0,0.0,0.0,0.0,0.0,5,34.3,29.3,57,1009.1,314,9.3,-9900,-9900,0.0,0.0
2021,7,9,9,60,0.0,0.0,0.0,0.0,0.0,5,33.3,28.3,59,1009.1,337,7.4,-9900,-9900,0.0,0.0
2021,7,9,10,60,0.0,0.0,0.0,0.0,0.0,5,32.3,27.3,61,1009.2,59,7.4,-9900,-9900,0.0,0.0
2021,7,9,11,60,0.0,0.0,0.0,0.0,0.0,5,31.6,26.6,60,1009.8,328,7.4,-9900,-9900,0.0,0.0
2021,7,9,12,60,0.0,0.0,0.0,0.0,0.0,5,30.9,25.9,63,1010.3,211,5.5,-9900,-9900,0.0,0.0
2021,7,9,13,60,0.0,0.0,0.0,0.0,0.0,5,30.3,25.3,66,1010.8,166,5.5,-9900,-9900,0.0,0.0
2021,7,9,14,60,0.0,0.0,0.0,0.0,0.0,5,30.0,25.0,67,1011.0,169,5.5,-9900,-9900,0.0,0.0
2021,7,9,15,60,0.0,0.0,0.0,0.0,0.0,5,29.6,24.6,69,1011.2,171,5.5,-9900,-9900,0.0,0.0
2021,7,9,16,60,0.0,0.0,0.0,0.0,0.0,5,29.3,24.3,71,1011.4,173,5.5,-9900,-9900,0.0,0.0
2021,7,9,17,60,0.0,0.0,0.0,0.0,0.0,5,29.7,24.7,65,1011.2,132,7.4,-9900,-9900,0.0,0.0
2021,7,9,18,60,0.0,0.0,0.0,0.0,0.0,5,29.4,24.4,66,1010.8,143,5.5,-9900,-9900,0.0,0.0
2021,7,9,19,60,0.0,0.0,0.0,0.0,0.0,5,29.0,24.0,68,1010.5,157,5.5,-9900,-9900,0.0,0.0
2021,7,9,20,60,0.0,0.0,0.0,0.0,0.0,5,28.6,23.6,69,1010.5,159,5.5,-9900,-9900,0.0,0.0
2021,7,9,21,60,0.0,0.0,0.0,0.0,0.0,5,28.2,23.2,70,1010.5,161,5.5,-9900,-9900,0.0,0.0
2021,7,9,22,60,0.0,0.0,0.0,0.0,0.0,5,27.9,22.9,71,1010.6,163,5.5,-9900,-9900,0.0,0.0
2021,7,9,23,60,0.0,0.0,0.0,0.0,0.0,5,29.3,24.3,75,1011.0,181,3.7,-9900,-9900,0.0,0.0
2021,7,9,24,60,0.0,0.0,0.0,0.0,0.0,5,30.2,25.2,71,1011.4,173,3.7,-9900,-9900,0.0,0.0
2021,7,10,1,60,0.0,0.0,0.0,0.0,0.0,5,31.0,26.0,68,1011.7,165,3.7,-9900,-9900,0.0,0.0
2021,7,10,2,60,0.0,0.0,0.0,0.0,0.0,5,32.3,27.3,62,1011.4,177,3.7,-9900,-9900,0.0,0.0
2021,7,10,3,60,0.0,0.0,0.0,0.0,0.0,5,33.6,28.6,57,1011.2,201,3.7,-9900,-9900,0.0,0.0
2021,7,10,4,60,0.0,0.0,0.0,0.0,0.0,5,34.9,29.9,52,1010.9,240,3.7,-9900,-9900,0.0,0.0
2021,7,10,5,60,0.0,0.0,0.0,0.0,0.0,5,33.8,28.8,56,1010.3,309,5.5,-9900,-9900,0.0,0.0
2021,7,10,6,60,0.0,0.0,0.0,0.0,0.0,5,34.1,29.1,56,1010.0,329,5.5,-9900,-9900,0.0,0.0
2021,7,10,7,60,0.0,0.0,0.0,0.0,0.0,5,34.4,29.4,56,1009.7,337,7.4,-9900,-9900,0.0,0.0
2021,7,10,8,60,0.0,0.0,0.0,0.0,0.0,5,33.6,28.6,58,1009.8,354,7.4,-9900,-9900,0.0,0.0
2021,7,10,9,60,0.0,0.0,0.0,0.0,0.0,5,32.7,27.7,61,1009.9,19,7.4,-9900,-9900,0.0,0.0
2021,7,10,10,60,0.0,0.0,0.0,0.0,0.0,5,31.9,26.9,63,1010.0,47,7.4,-9900,-9900,0.0,0.0
2021,7,10,11,60,0.0,0.0,0.0,0.0,0.0,5,30.0,25.0,71,1011.2,74,9.3,-9900,-9900,0.0,0.0
2021,7,10,12,60,0.0,0.0,0.0,0.0,0.0,5,29.7,24.7,71,1011.6,91,7.4,-9900,-9900,0.0,0.0
2021,7,10,13,60,0.0,0.0,0.0,0.0,0.0,5,29.4,24.4,72,1012.0,115,5.5,-9900,-9900,0.0,0.0
2021,7,10,14,60,0.0,0.0,0.0,0.0,0.0,5,29.1,24.1,73,1012.2,125,5.5,-9900,-9900,0.0,0.0
2021,7,10,15,60,0.0,0.0,0.0,0.0,0.0,5,28.9,23.9,74,1012.3,134,5.5,-9900,-9900,0.0,0.0
2021,7,10,16,60,0.0,0.0,0.0,0.0,0.0,5,28.7,23.7,74,1012.5,144,5.5,-9900,-9900,0.0,0.0
2021,7,10,17,60,0.0,0.0,0.0,0.0,0.0,5,29.7,24.7,72,1012.4,177,5.5,-9900,-9900,0.0,0.0
2021,7,10,18,60,0.0,0.0,0.0,0.0,0.0,5,29.3,24.3,73,1012.2,177,5.5,-9900,-9900,0.0,0.0
2021,7,10,19,60,0.0,0.0,0.0,0.0,0.0,5,28.9,23.9,74,1012.0,177,5.5,-9900,-9900,0.0,0.0
2021,7,10,20,60,0.0,0.0,0.0,0.0,0.0,5,28.5,23.5,75,1012.0,173,5.5,-9900,-9900,0.0,0.0
2021,7,10,21,60,0.0,0.0,0.0,0.0,0.0,5,28.1,23.1,76,1012.1,170,5.5,-9900,-9900,0.0,0.0
2021,7,10,22,60,0.0,0.0,0.0,0.0,0.0,5,27.9,22.9,77,1012.1,167,5.5,-9900,-9900,0.0,0.0
2021,7,10,23,60,0.0,0.0,0.0,0.0,0.0,5,28.6,23.6,74,1012.4,169,5.5,-9900,-9900,0.0,0.0
2021,7,10,24,60,0.0,0.0,0.0,0.0,0.0,5,29.4,24.4,72,1012.7,172,3.7,-9900,-9900,0.0,0.0
2021,7,11,1,60,0.0,0.0,0.0,0.0,0.0,5,30.3,25.3,69,1012.9,176,3.7,-9900,-9900,0.0,0.0
2021,7,11,2,60,0.0,0.0,0.0,0.0,0.0,5,31.7,26.7,64,1012.7,179,3.7,-9900,-9900,0.0,0.0
2021,7,11,3,60,0.0,0.0,0.0,0.0,0.0,5,33.1,28.1,59,1012.4,280,3.7,-9900,-9900,0.0,0.0
2021,7,11,4,60,0.0,0.0,0.0,0.0,0.0,5,34.5,29.5,55,1012.2,349,3.7,-9900,-9900,0.0,0.0
2021,7,11,5,60,0.0,0.0,0.0,0.0,0.0,5,34.0,29.0,56,1012.1,347,5.5,-9900,-9900,0.0,0.0
2021,7,11,6,60,0.0,0.0,0.0,0.0,0.0,5,34.0,29.0,56,1011.6,357,5.5,-9900,-9900,0.0,0.0
2021,7,11,7,60,0.0,0.0,0.0,0.0,0.0,5,34.1,29.1,57,1011.2,2,7.4,-9900,-9900,0.0,0.0
2021,7,11,8,60,0.0,0.0,0.0,0.0,0.0,5,33.2,28.2,59,1011.2,10,7.4,-9900,-9900,0.0,0.0
2021,7,11,9,60,0.0,0.0,0.0,0.0,0.0,5,32.4,27.4,62,1011.2,20,7.4,-9900,-9900,0.0,0.0
2021,7,11,10,60,0.0,0.0,0.0,0.0,0.0,5,31.5,26.5,65,1011.1,34,7.4,-9900,-9900,0.0,0.0
2021,7,11,11,60,0.0,0.0,0.0,0.0,0.0,5,30.8,25.8,65,1011.6,359,9.3,-9900,-9900,0.0,0.0
2021,7,11,12,60,0.0,0.0,0.0,0.0,0.0,5,30.4,25.4,67,1012.0,32,7.4,-9900,-9900,0.0,0.0
2021,7,11,13,60,0.0,0.0,0.0,0.0,0.0,5,29.9,24.9,69,1012.4,96,5.5,-9900,-9900,0.0,0.0
2021,7,11,14,60,0.0,0.0,0.0,0.0,0.0,5,29.6,24.6,70,1012.4,119,5.5,-9900,-9900,0.0,0.0
2021,7,11,15,60,0.0,0.0,0.0,0.0,0.0,5,29.3,24.3,71,1012.5,136,5.5,-9900,-9900,0.0,0.0
2021,7,11,16,60,0.0,0.0,0.0,0.0,0.0,5,29.0,24.0,73,1012.5,147,5.5,-9900,-9900,0.0,0.0
2021,7,11,17,60,0.0,0.0,0.0,0.0,0.0,5,29.2,24.2,69,1012.2,131,7.4,-9900,-9900,0.0,0.0
2021,7,11,18,60,0.0,0.0,0.0,0.0,0.0,5,28.9,23.9,69,1011.8,145,5.5,-9900,-9900,0.0,0.0
2021,7,11,19,60,0.0,0.0,0.0,0.0,0.0,5,28.5,23.5,71,1011.5,165,5.5,-9900,-9900,0.0,0.0
2021,7,11,20,60,0.0,0.0,0.0,0.0,0.0,5,28.3,23.3,71,1011.6,165,5.5,-9900,-9900,0.0,0.0
2021,7,11,21,60,0.0,0.0,0.0,0.0,0.0,5,28.0,23.0,72,1011.7,166,5.5,-9900,-9900,0.0,0.0
2021,7,11,22,60,0.0,0.0,0.0,0.0,0.0,5,27.7,22.7,73,1011.8,167,5.5,-9900,-9900,0.0,0.0
2021,7,11,23,60,0.0,0.0,0.0,0.0,0.0,5,28.7,23.7,75,1012.1,146,5.5,-9900,-9900,0.0,0.0
2021,7,11,24,60,0.0,0.0,0.0,0.0,0.0,5,29.6,24.6,72,1012.3,143,5.5,-9900,-9900,0.0,0.0
2021,7,12,1,60,0.0,0.0,0.0,0.0,0.0,5,30.5,25.5,69,1012.4,139,3.7,-9900,-9900,0.0,0.0
2021,7,12,2,60,0.0,0.0,0.0,0.0,0.0,5,31.7,26.7,64,1012.1,132,3.7,-9900,-9900,0.0,0.0
2021,7,12,3,60,0.0,0.0,0.0,0.0,0.0,5,33.0,28.0,59,1011.7,96,3.7,-9900,-9900,0.0,0.0
2021,7,12,4,60,0.0,0.0,0.0,0.0,0.0,5,34.3,29.3,54,1011.4,356,3.7,-9900,-9900,0.0,0.0
2021,7,12,5,60,0.0,0.0,0.0,0.0,0.0,5,34.0,29.0,55,1011.2,341,5.5,-9900,-9900,0.0,0.0
2021,7,12,6,60,0.0,0.0,0.0,0.0,0.0,5,33.9,28.9,56,1010.8,350,5.5,-9900,-9900,0.0,0.0
2021,7,12,7,60,0.0,0.0,0.0,0.0,0.0,5,33.7,28.7,58,1010.3,354,5.5,-9900,-9900,0.0,0.0
2021,7,12,8,60,0.0,0.0,0.0,0.0,0.0,5,32.8,27.8,61,1010.2,7,5.5,-9900,-9900,0.0,0.0
2021,7,12,9,60,0.0,0.0,0.0,0.0,0.0,5,31.9,26.9,64,1010.1,31,7.4,-9900,-9900,0.0,0.0
2021,7,12,10,60,0.0,0.0,0.0,0.0,0.0,5,31.0,26.0,67,1009.9,65,7.4,-9900,-9900,0.0,0.0
2021,7,12,11,60,0.0,0.0,0.0,0.0,0.0,5,29.8,24.8,72,1010.4,76,9.3,-9900,-9900,0.0,0.0
2021,7,12,12,60,0.0,0.0,0.0,0.0,0.0,5,29.5,24.5,72,1010.5,97,7.4,-9900,-9900,0.0,0.0
2021,7,12,13,60,0.0,0.0,0.0,0.0,0.0,5,29.1,24.1,73,1010.7,127,5.5,-9900,-9900,0.0,0.0
2021,7,12,14,60,0.0,0.0,0.0,0.0,0.0,5,29.0,24.0,74,1010.7,135,5.5,-9900,-9900,0.0,0.0
2021,7,12,15,60,0.0,0.0,0.0,0.0,0.0,5,28.8,23.8,74,1010.8,142,5.5,-9900,-9900,0.0,0.0
2021,7,12,16,60,0.0,0.0,0.0,0.0,0.0,5,28.6,23.6,75,1010.8,148,5.5,-9900,-9900,0.0,0.0
2021,7,12,17,60,0.0,0.0,0.0,0.0,0.0,5,28.5,23.5,84,1010.4,187,5.5,-9900,-9900,0.0,0.0
2021,7,12,18,60,0.0,0.0,0.0,0.0,0.0,5,28.3,23.3,84,1010.1,184,5.5,-9900,-9900,0.0,0.0
2021,7,12,19,60,0.0,0.0,0.0,0.0,0.0,5,28.0,23.0,84,1009.8,182,5.5,-9900,-9900,0.0,0.0
2021,7,12,20,60,0.0,0.0,0.0,0.0,0.0,5,27.8,22.8,84,1009.8,178,5.5,-9900,-9900,0.0,0.0
2021,7,12,21,60,0.0,0.0,0.0,0.0,0.0,5,27.5,22.5,84,1009.8,174,5.5,-9900,-9900,0.0,0.0
2021,7,12,22,60,0.0,0.0,0.0,0.0,0.0,5,27.4,22.4,83,1009.8,171,5.5,-9900,-9900,0.0,0.0
2021,7,12,23,60,0.0,0.0,0.0,0.0,0.0,5,28.7,23.7,78,1010.1,141,5.5,-9900,-9900,0.0,0.0
2021,7,12,24,60,0.0,0.0,0.0,0.0,0.0,5,29.6,24.6,74,1010.2,138,5.5,-9900,-9900,0.0,0.0
2021,7,13,1,60,0.0,0.0,0.0,0.0,0.0,5,30.5,25.5,71,1010.4,135,3.7,-9900,-9900,0.0,0.0
2021,7,13,2,60,0.0,0.0,0.0,0.0,0.0,5,31.8,26.8,65,1010.1,121,3.7,-9900,-9900,0.0,0.0
2021,7,13,3,60,0.0,0.0,0.0,0.0,0.0,5,33.1,28.1,60,1009.9,89,3.7,-9900,-9900,0.0,0.0
2021,7,13,4,60,0.0,0.0,0.0,0.0,0.0,5,34.5,29.5,56,1009.6,41,3.7,-9900,-9900,0.0,0.0
2021,7,13,5,60,0.0,0.0,0.0,0.0,0.0,5,33.8,28.8,60,1009.5,13,5.5,-9900,-9900,0.0,0.0
2021,7,13,6,60,0.0,0.0,0.0,0.0,0.0,5,33.6,28.6,61,1009.1,9,5.5,-9900,-9900,0.0,0.0
2021,7,13,7,60,0.0,0.0,0.0,0.0,0.0,5,33.3,28.3,63,1008.6,8,7.4,-9900,-9900,0.0,0.0
2021,7,13,8,60,0.0,0.0,0.0,0.0,0.0,5,32.3,27.3,65,1008.5,19,7.4,-9900,-9900,0.0,0.0
2021,7,13,9,60,0.0,0.0,0.0,0.0,0.0,5,31.4,26.4,68,1008.4,41,7.4,-9900,-9900,0.0,0.0
2021,7,13,10,60,0.0,0.0,0.0,0.0,0.0,5,30.5,25.5,70,1008.2,75,7.4,-9900,-9900,0.0,0.0
2021,7,13,11,60,0.0,0.0,0.0,0.0,0.0,5,30.1,25.1,72,1008.7,92,7.4,-9900,-9900,0.0,0.0
2021,7,13,12,60,0.0,0.0,0.0,0.0,0.0,5,29.8,24.8,73,1009.1,103,5.5,-9900,-9900,0.0,0.0
2021,7,13,13,60,0.0,0.0,0.0,0.0,0.0,5,29.4,24.4,75,1009.5,112,5.5,-9900,-9900,0.0,0.0
2021,7,13,14,60,0.0,0.0,0.0,0.0,0.0,5,29.3,24.3,75,1009.6,121,5.5,-9900,-9900,0.0,0.0
2021,7,13,15,60,0.0,0.0,0.0,0.0,0.0,5,29.1,24.1,75,1009.7,130,5.5,-9900,-9900,0.0,0.0
2021,7,13,16,60,0.0,0.0,0.0,0.0,0.0,5,28.9,23.9,75,1009.8,138,5.5,-9900,-9900,0.0,0.0
2021,7,13,17,60,0.0,0.0,0.0,0.0,0.0,5,25.8,20.8,90,1010.5,155,5.5,-9900,-9900,0.0,0.0
2021,7,13,18,60,0.0,0.0,0.0,0.0,0.0,5,25.8,20.8,89,1009.9,158,5.5,-9900,-9900,0.0,0.0
2021,7,13,19,60,0.0,0.0,0.0,0.0,0.0,5,26.1,21.1,87,1009.4,161,5.5,-9900,-9900,0.0,0.0
2021,7,13,20,60,0.0,0.0,0.0,0.0,0.0,5,26.2,21.2,86,1009.3,154,5.5,-9900,-9900,0.0,0.0
2021,7,13,21,60,0.0,0.0,0.0,0.0,0.0,5,26.2,21.2,86,1009.3,148,5.5,-9900,-9900,0.0,0.0
2021,7,13,22,60,0.0,0.0,0.0,0.0,0.0,5,26.3,21.3,85,1009.3,143,5.5,-9900,-9900,0.0,0.0
2021,7,13,23,60,0.0,0.0,0.0,0.0,0.0,5,27.0,22.0,87,1009.8,158,5.5,-9900,-9900,0.0,0.0
2021,7,13,24,60,0.0,0.0,0.0,0.0,0.0,5,28.2,23.2,81,1010.1,144,3.7,-9900,-9900,0.0,0.0
2021,7,14,1,60,0.0,0.0,0.0,0.0,0.0,5,29.3,24.3,76,1010.4,129,3.7,-9900,-9900,0.0,0.0
2021,7,14,2,60,0.0,0.0,0.0,0.0,0.0,5,30.9,25.9,68,1010.1,116,5.5,-9900,-9900,0.0,0.0
2021,7,14,3,60,0.0,0.0,0.0,0.0,0.0,5,32.5,27.5,61,1009.7,104,7.4,-9900,-9900,0.0,0.0
2021,7,14,4,60,0.0,0.0,0.0,0.0,0.0,5,34.1,29.1,55,1009.3,95,7.4,-9900,-9900,0.0,0.0
2021,7,14,5,60,0.0,0.0,0.0,0.0,0.0,5,34.1,29.1,55,1009.2,85,7.4,-9900,-9900,0.0,0.0
2021,7,14,6,60,0.0,0.0,0.0,0.0,0.0,5,34.1,29.1,56,1008.7,75,9.3,-9900,-9900,0.0,0.0
2021,7,14,7,60,0.0,0.0,0.0,0.0,0.0,5,34.0,29.0,56,1008.1,70,9.3,-9900,-9900,0.0,0.0
2021,7,14,8,60,0.0,0.0,0.0,0.0,0.0,5,33.3,28.3,58,1007.9,83,11.1,-9900,-9900,0.0,0.0
2021,7,14,9,60,0.0,0.0,0.0,0.0,0.0,5,32.5,27.5,60,1007.6,92,11.1,-9900,-9900,0.0,0.0
2021,7,14,10,60,0.0,0.0,0.0,0.0,0.0,5,31.7,26.7,63,1007.4,98,13.0,-9900,-9900,0.0,0.0
2021,7,14,11,60,0.0,0.0,0.0,0.0,0.0,5,30.7,25.7,64,1008.5,90,13.0,-9900,-9900,0.0,0.0
2021,7,14,12,60,0.0,0.0,0.0,0.0,0.0,5,30.1,25.1,66,1008.9,95,13.0,-9900,-9900,0.0,0.0
2021,7,14,13,60,0.0,0.0,0.0,0.0,0.0,5,29.5,24.5,69,1009.2,99,13.0,-9900,-9900,0.0,0.0
2021,7,14,14,60,0.0,0.0,0.0,0.0,0.0,5,29.4,24.4,70,1009.2,98,13.0,-9900,-9900,0.0,0.0
2021,7,14,15,60,0.0,0.0,0.0,0.0,0.0,5,29.2,24.2,71,1009.3,96,13.0,-9900,-9900,0.0,0.0
2021,7,14,16,60,0.0,0.0,0.0,0.0,0.0,5,29.1,24.1,71,1009.3,95,13.0,-9900,-9900,0.0,0.0
2021,7,14,17,60,0.0,0.0,0.0,0.0,0.0,5,29.6,24.6,68,1008.9,95,13.0,-9900,-9900,0.0,0.0
2021,7,14,18,60,0.0,0.0,0.0,0.0,0.0,5,29.3,24.3,69,1008.6,97,11.1,-9900,-9900,0.0,0.0
2021,7,14,19,60,0.0,0.0,0.0,0.0,0.0,5,28.9,23.9,71,1008.3,99,9.3,-9900,-9900,0.0,0.0
2021,7,14,20,60,0.0,0.0,0.0,0.0,0.0,5,28.8,23.8,71,1008.4,101,9.3,-9900,-9900,0.0,0.0
2021,7,14,21,60,0.0,0.0,0.0,0.0,0.0,5,28.6,23.6,73,1008.6,103,9.3,-9900,-9900,0.0,0.0
2021,7,14,22,60,0.0,0.0,0.0,0.0,0.0,5,28.5,23.5,74,1008.7,105,9.3,-9900,-9900,0.0,0.0
2021,7,14,23,60,0.0,0.0,0.0,0.0,0.0,5,29.7,24.7,66,1009.1,111,11.1,-9900,-9900,0.0,0.0
2021,7,14,24,60,0.0,0.0,0.0,0.0,0.0,5,30.4,25.4,63,1009.5,107,11.1,-9900,-9900,0.0,0.0
2021,7,15,1,60,0.0,0.0,0.0,0.0,0.0,5,31.2,26.2,61,1009.8,102,11.1,-9900,-9900,0.0,0.0
2021,7,15,2,60,0.0,0.0,0.0,0.0,0.0,5,32.3,27.3,56,1009.5,103,13.0,-9900,-9900,0.0,0.0
2021,7,15,3,60,0.0,0.0,0.0,0.0,0.0,5,33.3,28.3,53,1009.2,103,14.8,-9900,-9900,0.0,0.0
2021,7,15,4,60,0.0,0.0,0.0,0.0,0.0,5,34.4,29.4,50,1009.0,103,16.7,-9900,-9900,0.0,0.0
2021,7,15,5,60,0.0,0.0,0.0,0.0,0.0,5,35.0,30.0,49,1008.6,117,14.8,-9900,-9900,0.0,0.0
2021,7,15,6,60,0.0,0.0,0.0,0.0,0.0,5,35.1,30.1,48,1008.1,118,16.7,-9900,-9900,0.0,0.0
2021,7,15,7,60,0.0,0.0,0.0,0.0,0.0,5,35.2,30.2,48,1007.6,118,16.7,-9900,-9900,0.0,0.0
2021,7,15,8,60,0.0,0.0,0.0,0.0,0.0,5,34.2,29.2,50,1007.6,119,16.7,-9900,-9900,0.0,0.0
2021,7,15,9,60,0.0,0.0,0.0,0.0,0.0,5,33.2,28.2,54,1007.6,120,16.7,-9900,-9900,0.0,0.0
2021,7,15,10,60,0.0,0.0,0.0,0.0,0.0,5,32.2,27.2,57,1007.5,121,16.7,-9900,-9900,0.0,0.0
2021,7,15,11,60,0.0,0.0,0.0,0.0,0.0,5,31.4,26.4,55,1008.4,113,16.7,-9900,-9900,0.0,0.0
2021,7,15,12,60,0.0,0.0,0.0,0.0,0.0,5,30.8,25.8,58,1008.8,111,16.7,-9900,-9900,0.0,0.0
2021,7,15,13,60,0.0,0.0,0.0,0.0,0.0,5,30.2,25.2,61,1009.2,108,16.7,-9900,-9900,0.0,0.0
2021,7,15,14,60,0.0,0.0,0.0,0.0,0.0,5,30.1,25.1,62,1009.4,106,14.8,-9900,-9900,0.0,0.0
2021,7,15,15,60,0.0,0.0,0.0,0.0,0.0,5,30.0,25.0,63,1009.6,103,14.8,-9900,-9900,0.0,0.0
2021,7,15,16,60,0.0,0.0,0.0,0.0,0.0,5,29.8,24.8,64,1009.7,101,14.8,-9900,-9900,0.0,0.0
2021,7,15,17,60,0.0,0.0,0.0,0.0,0.0,5,29.6,24.6,65,1009.2,102,13.0,-9900,-9900,0.0,0.0
2021,7,15,18,60,0.0,0.0,0.0,0.0,0.0,5,29.4,24.4,66,1009.0,101,13.0,-9900,-9900,0.0,0.0
2021,7,15,19,60,0.0,0.0,0.0,0.0,0.0,5,29.2,24.2,66,1008.8,101,11.1,-9900,-9900,0.0,0.0
2021,7,15,20,60,0.0,0.0,0.0,0.0,0.0,5,29.1,24.1,67,1008.9,104,11.1,-9900,-9900,0.0,0.0
2021,7,15,21,60,0.0,0.0,0.0,0.0,0.0,5,29.0,24.0,67,1009.1,107,11.1,-9900,-9900,0.0,0.0
2021,7,15,22,60,0.0,0.0,0.0,0.0,0.0,5,29.0,24.0,68,1009.3,111,11.1,-9900,-9900,0.0,0.0
2021,7,15,23,60,0.0,0.0,0.0,0.0,0.0,5,29.6,24.6,65,1009.5,109,11.1,-9900,-9900,0.0,0.0
2021,7,15,24,60,0.0,0.0,0.0,0.0,0.0,5,30.3,25.3,63,1009.8,107,11.1,-9900,-9900,0.0,0.0
2021,7,16,1,60,0.0,0.0,0.0,0.0,0.0,5,30.9,25.9,61,1010.0,104,9.3,-9900,-9900,0.0,0.0
2021,7,16,2,60,0.0,0.0,0.0,0.0,0.0,5,32.1,27.1,57,1009.7,103,11.1,-9900,-9900,0.0,0.0
2021,7,16,3,60,0.0,0.0,0.0,0.0,0.0,5,33.4,28.4,53,1009.4,102,13.0,-9900,-9900,0.0,0.0
2021,7,16,4,60,0.0,0.0,0.0,0.0,0.0,5,34.6,29.6,49,1009.1,101,14.8,-9900,-9900,0.0,0.0
2021,7,16,5,60,0.0,0.0,0.0,0.0,0.0,5,33.7,28.7,52,1007.9,97,14.8,-9900,-9900,0.0,0.0
2021,7,16,6,60,0.0,0.0,0.0,0.0,0.0,5,33.8,28.8,52,1007.6,96,14.8,-9900,-9900,0.0,0.0
2021,7,16,7,60,0.0,0.0,0.0,0.0,0.0,5,34.0,29.0,51,1007.2,94,14.8,-9900,-9900,0.0,0.0
2021,7,16,8,60,0.0,0.0,0.0,0.0,0.0,5,33.1,28.1,53,1007.3,100,14.8,-9900,-9900,0.0,0.0
2021,7,16,9,60,0.0,0.0,0.0,0.0,0.0,5,32.3,27.3,56,1007.3,105,14.8,-9900,-9900,0.0,0.0
2021,7,16,10,60,0.0,0.0,0.0,0.0,0.0,5,31.5,26.5,58,1007.3,110,14.8,-9900,-9900,0.0,0.0
2021,7,16,11,60,0.0,0.0,0.0,0.0,0.0,5,31.3,26.3,54,1007.7,99,14.8,-9900,-9900,0.0,0.0
2021,7,16,12,60,0.0,0.0,0.0,0.0,0.0,5,30.7,25.7,57,1008.2,99,14.8,-9900,-9900,0.0,0.0
2021,7,16,13,60,0.0,0.0,0.0,0.0,0.0,5,30.0,25.0,60,1008.6,100,14.8,-9900,-9900,0.0,0.0
2021,7,16,14,60,0.0,0.0,0.0,0.0,0.0,5,29.8,24.8,62,1008.5,99,13.0,-9900,-9900,0.0,0.0
2021,7,16,15,60,0.0,0.0,0.0,0.0,0.0,5,29.6,24.6,63,1008.5,99,13.0,-9900,-9900,0.0,0.0
2021,7,16,16,60,0.0,0.0,0.0,0.0,0.0,5,29.4,24.4,65,1008.5,98,13.0,-9900,-9900,0.0,0.0
2021,7,16,17,60,0.0,0.0,0.0,0.0,0.0,5,29.4,24.4,68,1007.9,90,14.8,-9900,-9900,0.0,0.0
2021,7,16,18,60,0.0,0.0,0.0,0.0,0.0,5,29.2,24.2,68,1007.4,93,13.0,-9900,-9900,0.0,0.0
2021,7,16,19,60,0.0,0.0,0.0,0.0,0.0,5,29.0,24.0,68,1006.9,97,11.1,-9900,-9900,0.0,0.0
2021,7,16,20,60,0.0,0.0,0.0,0.0,0.0,5,28.9,23.9,68,1006.8,103,11.1,-9900,-9900,0.0,0.0
2021,7,16,21,60,0.0,0.0,0.0,0.0,0.0,5,28.7,23.7,69,1006.7,109,11.1,-9900,-9900,0.0,0.0
2021,7,16,22,60,0.0,0.0,0.0,0.0,0.0,5,28.6,23.6,70,1006.5,116,11.1,-9900,-9900,0.0,0.0
2021,7,16,23,60,0.0,0.0,0.0,0.0,0.0,5,28.7,23.7,69,1006.9,109,9.3,-9900,-9900,0.0,0.0
2021,7,16,24,60,0.0,0.0,0.0,0.0,0.0,5,29.5,24.5,65,1007.1,106,9.3,-9900,-9900,0.0,0.0
2021,7,17,1,60,0.0,0.0,0.0,0.0,0.0,5,30.2,25.2,62,1007.2,103,11.1,-9900,-9900,0.0,0.0
2021,7,17,2,60,0.0,0.0,0.0,0.0,0.0,5,31.3,26.3,57,1006.9,101,11.1,-9900,-9900,0.0,0.0
2021,7,17,3,60,0.0,0.0,0.0,0.0,0.0,5,32.4,27.4,53,1006.7,99,13.0,-9900,-9900,0.0,0.0
2021,7,17,4,60,0.0,0.0,0.0,0.0,0.0,5,33.5,28.5,49,1006.4,98,14.8,-9900,-9900,0.0,0.0
2021,7,17,5,60,0.0,0.0,0.0,0.0,0.0,5,33.3,28.3,52,1005.7,95,14.8,-9900,-9900,0.0,0.0
2021,7,17,6,60,0.0,0.0,0.0,0.0,0.0,5,33.6,28.6,51,1005.3,97,14.8,-9900,-9900,0.0,0.0
2021,7,17,7,60,0.0,0.0,0.0,0.0,0.0,5,33.8,28.8,50,1004.8,98,14.8,-9900,-9900,0.0,0.0
2021,7,17,8,60,0.0,0.0,0.0,0.0,0.0,5,33.1,28.1,52,1004.7,98,16.7,-9900,-9900,0.0,0.0
2021,7,17,9,60,0.0,0.0,0.0,0.0,0.0,5,32.3,27.3,55,1004.6,98,16.7,-9900,-9900,0.0,0.0
2021,7,17,10,60,0.0,0.0,0.0,0.0,0.0,5,31.5,26.5,58,1004.5,98,16.7,-9900,-9900,0.0,0.0
2021,7,17,11,60,0.0,0.0,0.0,0.0,0.0,5,31.1,26.1,60,1004.5,88,16.7,-9900,-9900,0.0,0.0
2021,7,17,12,60,0.0,0.0,0.0,0.0,0.0,5,30.5,25.5,62,1005.1,89,16.7,-9900,-9900,0.0,0.0
2021,7,17,13,60,0.0,0.0,0.0,0.0,0.0,5,29.8,24.8,66,1005.6,91,14.8,-9900,-9900,0.0,0.0
2021,7,17,14,60,0.0,0.0,0.0,0.0,0.0,5,29.6,24.6,67,1005.7,91,14.8,-9900,-9900,0.0,0.0
2021,7,17,15,60,0.0,0.0,0.0,0.0,0.0,5,29.4,24.4,67,1005.9,91,14.8,-9900,-9900,0.0,0.0
2021,7,17,16,60,0.0,0.0,0.0,0.0,0.0,5,29.1,24.1,68,1006.0,92,13.0,-9900,-9900,0.0,0.0
2021,7,17,17,60,0.0,0.0,0.0,0.0,0.0,5,28.9,23.9,69,1005.7,85,14.8,-9900,-9900,0.0,0.0
2021,7,17,18,60,0.0,0.0,0.0,0.0,0.0,5,28.7,23.7,70,1005.4,90,13.0,-9900,-9900,0.0,0.0
2021,7,17,19,60,0.0,0.0,0.0,0.0,0.0,5,28.5,23.5,70,1005.0,96,11.1,-9900,-9900,0.0,0.0
2021,7,17,20,60,0.0,0.0,0.0,0.0,0.0,5,28.4,23.4,71,1004.9,101,11.1,-9900,-9900,0.0,0.0
2021,7,17,21,60,0.0,0.0,0.0,0.0,0.0,5,28.4,23.4,71,1004.9,106,9.3,-9900,-9900,0.0,0.0
2021,7,17,22,60,0.0,0.0,0.0,0.0,0.0,5,28.3,23.3,72,1004.8,111,9.3,-9900,-9900,0.0,0.0
2021,7,17,23,60,0.0,0.0,0.0,0.0,0.0,5,28.9,23.9,69,1005.1,100,11.1,-9900,-9900,0.0,0.0
2021,7,17,24,60,0.0,0.0,0.0,0.0,0.0,5,29.7,24.7,65,1005.3,98,11.1,-9900,-9900,0.0,0.0
2021,7,18,1,60,0.0,0.0,0.0,0.0,0.0,5,30.4,25.4,62,1005.5,97,11.1,-9900,-9900,0.0,0.0
2021,7,18,2,60,0.0,0.0,0.0,0.0,0.0,5,31.4,26.4,57,1005.3,94,11.1,-9900,-9900,0.0,0.0
2021,7,18,3,60,0.0,0.0,0.0,0.0,0.0,5,32.4,27.4,53,1005.1,91,13.0,-9900,-9900,0.0,0.0
2021,7,18,4,60,0.0,0.0,0.0,0.0,0.0,5,33.4,28.4,49,1004.8,89,13.0,-9900,-9900,0.0,0.0
2021,7,18,5,60,0.0,0.0,0.0,0.0,0.0,5,33.3,28.3,50,1004.5,90,14.8,-9900,-9900,0.0,0.0
2021,7,18,6,60,0.0,0.0,0.0,0.0,0.0,5,33.1,28.1,51,1004.1,90,14.8,-9900,-9900,0.0,0.0
2021,7,18,7,60,0.0,0.0,0.0,0.0,0.0,5,33.0,28.0,52,1003.7,91,14.8,-9900,-9900,0.0,0.0
2021,7,18,8,60,0.0,0.0,0.0,0.0,0.0,5,32.3,27.3,54,1003.8,93,14.8,-9900,-9900,0.0,0.0
2021,7,18,9,60,0.0,0.0,0.0,0.0,0.0,5,31.6,26.6,57,1003.8,95,14.8,-9900,-9900,0.0,0.0
2021,7,18,10,60,0.0,0.0,0.0,0.0,0.0,5,31.0,26.0,59,1003.8,98,14.8,-9900,-9900,0.0,0.0
2021,7,18,11,60,0.0,0.0,0.0,0.0,0.0,5,30.9,25.9,62,1003.7,84,16.7,-9900,-9900,0.0,0.0
2021,7,18,12,60,0.0,0.0,0.0,0.0,0.0,5,30.3,25.3,65,1004.1,87,14.8,-9900,-9900,0.0,0.0
2021,7,18,13,60,0.0,0.0,0.0,0.0,0.0,5,29.6,24.6,68,1004.6,91,14.8,-9900,-9900,0.0,0.0
2021,7,18,14,60,0.0,0.0,0.0,0.0,0.0,5,29.4,24.4,68,1004.7,90,13.0,-9900,-9900,0.0,0.0
2021,7,18,15,60,0.0,0.0,0.0,0.0,0.0,5,29.1,24.1,69,1004.9,89,13.0,-9900,-9900,0.0,0.0
2021,7,18,16,60,0.0,0.0,0.0,0.0,0.0,5,28.9,23.9,69,1005.0,88,13.0,-9900,-9900,0.0,0.0
2021,7,18,17,60,0.0,0.0,0.0,0.0,0.0,5,29.0,24.0,68,1004.8,99,13.0,-9900,-9900,0.0,0.0
2021,7,18,18,60,0.0,0.0,0.0,0.0,0.0,5,28.8,23.8,68,1004.4,100,13.0,-9900,-9900,0.0,0.0
2021,7,18,19,60,0.0,0.0,0.0,0.0,0.0,5,28.5,23.5,70,1004.1,100,11.1,-9900,-9900,0.0,0.0
2021,7,18,20,60,0.0,0.0,0.0,0.0,0.0,5,28.5,23.5,70,1004.1,101,11.1,-9900,-9900,0.0,0.0
2021,7,18,21,60,0.0,0.0,0.0,0.0,0.0,5,28.4,23.4,70,1004.1,102,9.3,-9900,-9900,0.0,0.0
2021,7,18,22,60,0.0,0.0,0.0,0.0,0.0,5,28.4,23.4,71,1004.1,103,9.3,-9900,-9900,0.0,0.0
2021,7,18,23,60,0.0,0.0,0.0,0.0,0.0,5,29.0,24.0,69,1004.7,94,11.1,-9900,-9900,0.0,0.0
2021,7,18,24,60,0.0,0.0,0.0,0.0,0.0,5,29.7,24.7,67,1005.0,96,11.1,-9900,-9900,0.0,0.0
2021,7,19,1,60,0.0,0.0,0.0,0.0,0.0,5,30.3,25.3,64,1005.3,97,11.1,-9900,-9900,0.0,0.0
2021,7,19,2,60,0.0,0.0,0.0,0.0,0.0,5,31.2,26.2,61,1005.1,94,11.1,-9900,-9900,0.0,0.0
2021,7,19,3,60,0.0,0.0,0.0,0.0,0.0,5,32.2,27.2,58,1004.9,90,13.0,-9900,-9900,0.0,0.0
2021,7,19,4,60,0.0,0.0,0.0,0.0,0.0,5,33.1,28.1,55,1004.8,88,13.0,-9900,-9900,0.0,0.0
2021,7,19,5,60,0.0,0.0,0.0,0.0,0.0,5,33.5,28.5,56,1004.4,82,13.0,-9900,-9900,0.0,0.0
2021,7,19,6,60,0.0,0.0,0.0,0.0,0.0,5,33.6,28.6,56,1004.0,82,14.8,-9900,-9900,0.0,0.0
2021,7,19,7,60,0.0,0.0,0.0,0.0,0.0,5,33.7,28.7,55,1003.6,81,14.8,-9900,-9900,0.0,0.0
2021,7,19,8,60,0.0,0.0,0.0,0.0,0.0,5,32.9,27.9,58,1003.5,82,14.8,-9900,-9900,0.0,0.0
2021,7,19,9,60,0.0,0.0,0.0,0.0,0.0,5,32.0,27.0,61,1003.5,83,16.7,-9900,-9900,0.0,0.0
2021,7,19,10,60,0.0,0.0,0.0,0.0,0.0,5,31.2,26.2,64,1003.4,84,16.7,-9900,-9900,0.0,0.0
2021,7,19,11,60,0.0,0.0,0.0,0.0,0.0,5,30.9,25.9,64,1003.8,82,16.7,-9900,-9900,0.0,0.0
2021,7,19,12,60,0.0,0.0,0.0,0.0,0.0,5,30.4,25.4,66,1004.2,85,16.7,-9900,-9900,0.0,0.0
2021,7,19,13,60,0.0,0.0,0.0,0.0,0.0,5,29.8,24.8,69,1004.6,87,14.8,-9900,-9900,0.0,0.0
2021,7,19,14,60,0.0,0.0,0.0,0.0,0.0,5,29.7,24.7,69,1004.8,86,14.8,-9900,-9900,0.0,0.0
2021,7,19,15,60,0.0,0.0,0.0,0.0,0.0,5,29.5,24.5,70,1005.0,85,14.8,-9900,-9900,0.0,0.0
2021,7,19,16,60,0.0,0.0,0.0,0.0,0.0,5,29.3,24.3,71,1005.2,84,13.0,-9900,-9900,0.0,0.0
2021,7,19,17,60,0.0,0.0,0.0,0.0,0.0,5,29.6,24.6,70,1005.0,91,14.8,-9900,-9900,0.0,0.0
2021,7,19,18,60,0.0,0.0,0.0,0.0,0.0,5,29.3,24.3,71,1004.7,91,13.0,-9900,-9900,0.0,0.0
2021,7,19,19,60,0.0,0.0,0.0,0.0,0.0,5,29.1,24.1,71,1004.4,91,11.1,-9900,-9900,0.0,0.0
2021,7,19,20,60,0.0,0.0,0.0,0.0,0.0,5,28.9,23.9,73,1004.4,94,11.1,-9900,-9900,0.0,0.0
2021,7,19,21,60,0.0,0.0,0.0,0.0,0.0,5,28.8,23.8,73,1004.4,96,11.1,-9900,-9900,0.0,0.0
2021,7,19,22,60,0.0,0.0,0.0,0.0,0.0,5,28.7,23.7,74,1004.5,99,9.3,-9900,-9900,0.0,0.0
2021,7,19,23,60,0.0,0.0,0.0,0.0,0.0,5,29.3,24.3,77,1005.0,89,11.1,-9900,-9900,0.0,0.0
2021,7,19,24,60,0.0,0.0,0.0,0.0,0.0,5,30.1,25.1,72,1005.2,89,11.1,-9900,-9900,0.0,0.0
2021,7,20,1,60,0.0,0.0,0.0,0.0,0.0,5,30.8,25.8,69,1005.5,89,11.1,-9900,-9900,0.0,0.0
2021,7,20,2,60,0.0,0.0,0.0,0.0,0.0,5,31.6,26.6,65,1005.4,86,11.1,-9900,-9900,0.0,0.0
2021,7,20,3,60,0.0,0.0,0.0,0.0,0.0,5,32.4,27.4,61,1005.4,83,11.1,-9900,-9900,0.0,0.0
2021,7,20,4,60,0.0,0.0,0.0,0.0,0.0,5,33.3,28.3,58,1005.4,81,13.0,-9900,-9900,0.0,0.0
2021,7,20,5,60,0.0,0.0,0.0,0.0,0.0,5,32.4,27.4,61,1005.1,84,13.0,-9900,-9900,0.0,0.0
2021,7,20,6,60,0.0,0.0,0.0,0.0,0.0,5,32.3,27.3,61,1004.7,81,13.0,-9900,-9900,0.0,0.0
2021,7,20,7,60,0.0,0.0,0.0,0.0,0.0,5,32.3,27.3,61,1004.2,77,14.8,-9900,-9900,0.0,0.0
2021,7,20,8,60,0.0,0.0,0.0,0.0,0.0,5,31.6,26.6,64,1004.0,75,14.8,-9900,-9900,0.0,0.0
2021,7,20,9,60,0.0,0.0,0.0,0.0,0.0,5,30.9,25.9,68,1003.8,73,13.0,-9900,-9900,0.0,0.0
2021,7,20,10,60,0.0,0.0,0.0,0.0,0.0,5,30.2,25.2,71,1003.6,71,13.0,-9900,-9900,0.0,0.0
2021,7,20,11,60,0.0,0.0,0.0,0.0,0.0,5,29.9,24.9,69,1004.6,69,14.8,-9900,-9900,0.0,0.0
2021,7,20,12,60,0.0,0.0,0.0,0.0,0.0,5,29.4,24.4,72,1004.9,74,13.0,-9900,-9900,0.0,0.0
2021,7,20,13,60,0.0,0.0,0.0,0.0,0.0,5,29.0,24.0,74,1005.2,82,11.1,-9900,-9900,0.0,0.0
2021,7,20,14,60,0.0,0.0,0.0,0.0,0.0,5,28.8,23.8,75,1005.2,85,9.3,-9900,-9900,0.0,0.0
2021,7,20,15,60,0.0,0.0,0.0,0.0,0.0,5,28.7,23.7,77,1005.1,89,9.3,-9900,-9900,0.0,0.0
2021,7,20,16,60,0.0,0.0,0.0,0.0,0.0,5,28.6,23.6,78,1005.0,94,7.4,-9900,-9900,0.0,0.0
2021,7,20,17,60,0.0,0.0,0.0,0.0,0.0,5,28.5,23.5,78,1004.6,98,7.4,-9900,-9900,0.0,0.0
2021,7,20,18,60,0.0,0.0,0.0,0.0,0.0,5,28.3,23.3,79,1004.1,104,7.4,-9900,-9900,0.0,0.0
2021,7,20,19,60,0.0,0.0,0.0,0.0,0.0,5,28.2,23.2,80,1003.7,110,7.4,-9900,-9900,0.0,0.0
2021,7,20,20,60,0.0,0.0,0.0,0.0,0.0,5,27.9,22.9,81,1003.5,117,5.5,-9900,-9900,0.0,0.0
2021,7,20,21,60,0.0,0.0,0.0,0.0,0.0,5,27.6,22.6,82,1003.4,127,5.5,-9900,-9900,0.0,0.0
2021,7,20,22,60,0.0,0.0,0.0,0.0,0.0,5,27.3,22.3,84,1003.3,142,3.7,-9900,-9900,0.0,0.0
2021,7,20,23,60,0.0,0.0,0.0,0.0,0.0,5,28.0,23.0,85,1004.3,117,7.4,-9900,-9900,0.0,0.0
2021,7,20,24,60,0.0,0.0,0.0,0.0,0.0,5,28.9,23.9,81,1004.4,107,7.4,-9900,-9900,0.0,0.0
2021,7,21,1,60,0.0,0.0,0.0,0.0,0.0,5,29.7,24.7,76,1004.6,91,7.4,-9900,-9900,0.0,0.0
2021,7,21,2,60,0.0,0.0,0.0,0.0,0.0,5,30.3,25.3,73,1004.2,70,7.4,-9900,-9900,0.0,0.0
2021,7,21,3,60,0.0,0.0,0.0,0.0,0.0,5,30.9,25.9,69,1003.8,53,7.4,-9900,-9900,0.0,0.0
2021,7,21,4,60,0.0,0.0,0.0,0.0,0.0,5,31.4,26.4,66,1003.4,43,9.3,-9900,-9900,0.0,0.0
2021,7,21,5,60,0.0,0.0,0.0,0.0,0.0,5,31.6,26.6,65,1002.7,38,11.1,-9900,-9900,0.0,0.0
2021,7,21,6,60,0.0,0.0,0.0,0.0,0.0,5,31.5,26.5,65,1002.2,35,11.1,-9900,-9900,0.0,0.0
2021,7,21,7,60,0.0,0.0,0.0,0.0,0.0,5,31.3,26.3,67,1001.7,33,11.1,-9900,-9900,0.0,0.0
2021,7,21,8,60,0.0,0.0,0.0,0.0,0.0,5,30.6,25.6,69,1001.4,24,11.1,-9900,-9900,0.0,0.0
2021,7,21,9,60,0.0,0.0,0.0,0.0,0.0,5,29.9,24.9,72,1001.1,14,9.3,-9900,-9900,0.0,0.0
2021,7,21,10,60,0.0,0.0,0.0,0.0,0.0,5,29.2,24.2,74,1000.7,4,9.3,-9900,-9900,0.0,0.0
2021,7,21,11,60,0.0,0.0,0.0,0.0,0.0,5,26.8,21.8,87,1001.5,31,9.3,-9900,-9900,0.0,0.0
2021,7,21,12,60,0.0,0.0,0.0,0.0,0.0,5,26.7,21.7,87,1001.6,31,7.4,-9900,-9900,0.0,0.0
2021,7,21,13,60,0.0,0.0,0.0,0.0,0.0,5,26.7,21.7,87,1001.7,31,7.4,-9900,-9900,0.0,0.0
2021,7,21,14,60,0.0,0.0,0.0,0.0,0.0,5,26.7,21.7,88,1001.4,22,5.5,-9900,-9900,0.0,0.0
2021,7,21,15,60,0.0,0.0,0.0,0.0,0.0,5,26.7,21.7,88,1001.1,10,5.5,-9900,-9900,0.0,0.0
2021,7,21,16,60,0.0,0.0,0.0,0.0,0.0,5,26.7,21.7,89,1000.8,355,5.5,-9900,-9900,0.0,0.0
2021,7,21,17,60,0.0,0.0,0.0,0.0,0.0,5,26.6,21.6,93,999.9,237,5.5,-9900,-9900,0.0,0.0
2021,7,21,18,60,0.0,0.0,0.0,0.0,0.0,5,26.4,21.4,94,999.3,264,5.5,-9900,-9900,0.0,0.0
2021,7,21,19,60,0.0,0.0,0.0,0.0,0.0,5,26.3,21.3,95,998.6,283,5.5,-9900,-9900,0.0,0.0
2021,7,21,20,60,0.0,0.0,0.0,0.0,0.0,5,26.2,21.2,95,998.4,305,5.5,-9900,-9900,0.0,0.0
2021,7,21,21,60,0.0,0.0,0.0,0.0,0.0,5,26.1,21.1,95,998.1,321,5.5,-9900,-9900,0.0,0.0
2021,7,21,22,60,0.0,0.0,0.0,0.0,0.0,5,26.0,21.0,95,997.8,333,5.5,-9900,-9900,0.0,0.0
2021,7,21,23,60,0.0,0.0,0.0,0.0,0.0,5,26.2,21.2,96,998.2,173,5.5,-9900,-9900,0.0,0.0
2021,7,21,24,60,0.0,0.0,0.0,0.0,0.0,5,26.6,21.6,92,998.2,311,5.5,-9900,-9900,0.0,0.0
2021,7,22,1,60,0.0,0.0,0.0,0.0,0.0,5,26.9,21.9,89,998.3,335,5.5,-9900,-9900,0.0,0.0
2021,7,22,2,60,0.0,0.0,0.0,0.0,0.0,5,27.7,22.7,85,998.0,353,7.4,-9900,-9900,0.0,0.0
2021,7,22,3,60,0.0,0.0,0.0,0.0,0.0,5,28.4,23.4,81,997.6,359,9.3,-9900,-9900,0.0,0.0
2021,7,22,4,60,0.0,0.0,0.0,0.0,0.0,5,29.2,24.2,77,997.3,2,11.1,-9900,-9900,0.0,0.0
2021,7,22,5,60,0.0,0.0,0.0,0.0,0.0,5,29.1,24.1,83,996.8,352,9.3,-9900,-9900,0.0,0.0
2021,7,22,6,60,0.0,0.0,0.0,0.0,0.0,5,29.0,24.0,83,996.3,355,9.3,-9900,-9900,0.0,0.0
2021,7,22,7,60,0.0,0.0,0.0,0.0,0.0,5,28.8,23.8,84,995.8,358,9.3,-9900,-9900,0.0,0.0
2021,7,22,8,60,0.0,0.0,0.0,0.0,0.0,5,28.7,23.7,84,995.6,357,9.3,-9900,-9900,0.0,0.0
2021,7,22,9,60,0.0,0.0,0.0,0.0,0.0,5,28.5,23.5,84,995.5,357,9.3,-9900,-9900,0.0,0.0
2021,7,22,10,60,0.0,0.0,0.0,0.0,0.0,5,28.3,23.3,84,995.3,357,11.1,-9900,-9900,0.0,0.0
2021,7,22,11,60,0.0,0.0,0.0,0.0,0.0,5,27.4,22.4,92,995.8,16,9.3,-9900,-9900,0.0,0.0
2021,7,22,12,60,0.0,0.0,0.0,0.0,0.0,5,27.2,22.2,92,995.8,20,7.4,-9900,-9900,0.0,0.0
2021,7,22,13,60,0.0,0.0,0.0,0.0,0.0,5,27.0,22.0,92,995.8,24,7.4,-9900,-9900,0.0,0.0
2021,7,22,14,60,0.0,0.0,0.0,0.0,0.0,5,26.9,21.9,92,995.4,9,7.4,-9900,-9900,0.0,0.0
2021,7,22,15,60,0.0,0.0,0.0,0.0,0.0,5,26.9,21.9,92,995.0,355,7.4,-9900,-9900,0.0,0.0
2021,7,22,16,60,0.0,0.0,0.0,0.0,0.0,5,26.9,21.9,92,994.6,343,5.5,-9900,-9900,0.0,0.0
2021,7,22,17,60,0.0,0.0,0.0,0.0,0.0,5,27.0,22.0,92,994.1,19,7.4,-9900,-9900,0.0,0.0
2021,7,22,18,60,0.0,0.0,0.0,0.0,0.0,5,26.7,21.7,93,993.5,357,7.4,-9900,-9900,0.0,0.0
2021,7,22,19,60,0.0,0.0,0.0,0.0,0.0,5,26.4,21.4,95,992.9,331,7.4,-9900,-9900,0.0,0.0
2021,7,22,20,60,0.0,0.0,0.0,0.0,0.0,5,26.3,21.3,95,993.0,328,7.4,-9900,-9900,0.0,0.0
2021,7,22,21,60,0.0,0.0,0.0,0.0,0.0,5,26.2,21.2,95,993.2,325,7.4,-9900,-9900,0.0,0.0
2021,7,22,22,60,0.0,0.0,0.0,0.0,0.0,5,26.1,21.1,96,993.3,324,7.4,-9900,-9900,0.0,0.0
2021,7,22,23,60,0.0,0.0,0.0,0.0,0.0,5,26.0,21.0,98,994.4,287,5.5,-9900,-9900,0.0,0.0
2021,7,22,24,60,0.0,0.0,0.0,0.0,0.0,5,26.3,21.3,96,994.5,304,7.4,-9900,-9900,0.0,0.0
2021,7,23,1,60,0.0,0.0,0.0,0.0,0.0,5,26.5,21.5,94,994.6,314,9.3,-9900,-9900,0.0,0.0
2021,7,23,2,60,0.0,0.0,0.0,0.0,0.0,5,27.1,22.1,91,994.4,328,9.3,-9900,-9900,0.0,0.0
2021,7,23,3,60,0.0,0.0,0.0,0.0,0.0,5,27.7,22.7,88,994.2,338,11.1,-9900,-9900,0.0,0.0
2021,7,23,4,60,0.0,0.0,0.0,0.0,0.0,5,28.3,23.3,85,994.0,347,13.0,-9900,-9900,0.0,0.0
2021,7,23,5,60,0.0,0.0,0.0,0.0,0.0,5,28.4,23.4,84,993.9,344,13.0,-9900,-9900,0.0,0.0
2021,7,23,6,60,0.0,0.0,0.0,0.0,0.0,5,28.5,23.5,83,993.7,342,13.0,-9900,-9900,0.0,0.0
2021,7,23,7,60,0.0,0.0,0.0,0.0,0.0,5,28.6,23.6,82,993.6,340,13.0,-9900,-9900,0.0,0.0
2021,7,23,8,60,0.0,0.0,0.0,0.0,0.0,5,28.4,23.4,83,993.2,337,13.0,-9900,-9900,0.0,0.0
2021,7,23,9,60,0.0,0.0,0.0,0.0,0.0,5,28.2,23.2,83,992.8,333,11.1,-9900,-9900,0.0,0.0
2021,7,23,10,60,0.0,0.0,0.0,0.0,0.0,5,28.1,23.1,83,992.4,329,11.1,-9900,-9900,0.0,0.0
2021,7,23,11,60,0.0,0.0,0.0,0.0,0.0,5,27.7,22.7,92,992.2,319,9.3,-9900,-9900,0.0,0.0
2021,7,23,12,60,0.0,0.0,0.0,0.0,0.0,5,27.4,22.4,92,992.0,322,9.3,-9900,-9900,0.0,0.0
2021,7,23,13,60,0.0,0.0,0.0,0.0,0.0,5,27.0,22.0,92,991.9,325,9.3,-9900,-9900,0.0,0.0
2021,7,23,14,60,0.0,0.0,0.0,0.0,0.0,5,26.8,21.8,93,991.8,320,9.3,-9900,-9900,0.0,0.0
2021,7,23,15,60,0.0,0.0,0.0,0.0,0.0,5,26.6,21.6,94,991.8,315,11.1,-9900,-9900,0.0,0.0
2021,7,23,16,60,0.0,0.0,0.0,0.0,0.0,5,26.4,21.4,95,991.7,312,11.1,-9900,-9900,0.0,0.0
2021,7,23,17,60,0.0,0.0,0.0,0.0,0.0,5,26.0,21.0,95,991.7,289,9.3,-9900,-9900,0.0,0.0
2021,7,23,18,60,0.0,0.0,0.0,0.0,0.0,5,26.0,21.0,95,991.2,295,11.1,-9900,-9900,0.0,0.0
2021,7,23,19,60,0.0,0.0,0.0,0.0,0.0,5,26.0,21.0,95,990.7,300,13.0,-9900,-9900,0.0,0.0
2021,7,23,20,60,0.0,0.0,0.0,0.0,0.0,5,25.8,20.8,96,991.1,299,13.0,-9900,-9900,0.0,0.0
2021,7,23,21,60,0.0,0.0,0.0,0.0,0.0,5,25.7,20.7,96,991.5,299,13.0,-9900,-9900,0.0,0.0
2021,7,23,22,60,0.0,0.0,0.0,0.0,0.0,5,25.6,20.6,96,991.9,299,13.0,-9900,-9900,0.0,0.0
2021,7,23,23,60,0.0,0.0,0.0,0.0,0.0,5,26.0,21.0,95,992.3,285,13.0,-9900,-9900,0.0,0.0
2021,7,23,24,60,0.0,0.0,0.0,0.0,0.0,5,25.8,20.8,94,992.6,287,14.8,-9900,-9900,0.0,0.0
2021,7,24,1,60,0.0,0.0,0.0,0.0,0.0,5,25.7,20.7,91,993.0,290,14.8,-9900,-9900,0.0,0.0
2021,7,24,2,60,0.0,0.0,0.0,0.0,0.0,5,26.0,21.0,90,993.1,290,16.7,-9900,-9900,0.0,0.0
2021,7,24,3,60,0.0,0.0,0.0,0.0,0.0,5,26.4,21.4,88,993.1,291,16.7,-9900,-9900,0.0,0.0
2021,7,24,4,60,0.0,0.0,0.0,0.0,0.0,5,26.7,21.7,87,993.2,291,16.7,-9900,-9900,0.0,0.0
2021,7,24,5,60,0.0,0.0,0.0,0.0,0.0,5,28.5,23.5,80,993.5,290,18.5,-9900,-9900,0.0,0.0
2021,7,24,6,60,0.0,0.0,0.0,0.0,0.0,5,28.7,23.7,79,993.4,291,18.5,-9900,-9900,0.0,0.0
2021,7,24,7,60,0.0,0.0,0.0,0.0,0.0,5,28.9,23.9,76,993.2,292,18.5,-9900,-9900,0.0,0.0
2021,7,24,8,60,0.0,0.0,0.0,0.0,0.0,5,29.0,24.0,76,993.1,286,18.5,-9900,-9900,0.0,0.0
2021,7,24,9,60,0.0,0.0,0.0,0.0,0.0,5,29.2,24.2,75,993.0,281,18.5,-9900,-9900,0.0,0.0
2021,7,24,10,60,0.0,0.0,0.0,0.0,0.0,5,29.3,24.3,74,992.8,275,18.5,-9900,-9900,0.0,0.0
2021,7,24,11,60,0.0,0.0,0.0,0.0,0.0,5,28.4,23.4,78,994.1,274,14.8,-9900,-9900,0.0,0.0
2021,7,24,12,60,0.0,0.0,0.0,0.0,0.0,5,28.3,23.3,78,994.5,271,14.8,-9900,-9900,0.0,0.0
2021,7,24,13,60,0.0,0.0,0.0,0.0,0.0,5,28.2,23.2,78,995.0,267,14.8,-9900,-9900,0.0,0.0
2021,7,24,14,60,0.0,0.0,0.0,0.0,0.0,5,28.0,23.0,78,995.1,263,13.0,-9900,-9900,0.0,0.0
2021,7,24,15,60,0.0,0.0,0.0,0.0,0.0,5,27.8,22.8,79,995.2,258,13.0,-9900,-9900,0.0,0.0
2021,7,24,16,60,0.0,0.0,0.0,0.0,0.0,5,27.6,22.6,80,995.3,251,11.1,-9900,-9900,0.0,0.0
2021,7,24,17,60,0.0,0.0,0.0,0.0,0.0,5,27.4,22.4,81,995.3,252,11.1,-9900,-9900,0.0,0.0
2021,7,24,18,60,0.0,0.0,0.0,0.0,0.0,5,27.3,22.3,82,995.4,252,13.0,-9900,-9900,0.0,0.0
2021,7,24,19,60,0.0,0.0,0.0,0.0,0.0,5,27.1,22.1,83,995.5,252,13.0,-9900,-9900,0.0,0.0
2021,7,24,20,60,0.0,0.0,0.0,0.0,0.0,5,27.0,22.0,83,995.3,249,13.0,-9900,-9900,0.0,0.0
2021,7,24,21,60,0.0,0.0,0.0,0.0,0.0,5,26.9,21.9,83,995.2,246,13.0,-9900,-9900,0.0,0.0
2021,7,24,22,60,0.0,0.0,0.0,0.0,0.0,5,26.7,21.7,84,995.0,243,11.1,-9900,-9900,0.0,0.0
2021,7,24,23,60,0.0,0.0,0.0,0.0,0.0,5,27.3,22.3,84,995.4,242,9.3,-9900,-9900,0.0,0.0
2021,7,24,24,60,0.0,0.0,0.0,0.0,0.0,5,28.1,23.1,80,995.6,245,9.3,-9900,-9900,0.0,0.0
2021,7,25,1,60,0.0,0.0,0.0,0.0,0.0,5,28.9,23.9,76,995.9,247,11.1,-9900,-9900,0.0,0.0
2021,7,25,2,60,0.0,0.0,0.0,0.0,0.0,5,30.6,25.6,68,995.6,249,11.1,-9900,-9900,0.0,0.0
2021,7,25,3,60,0.0,0.0,0.0,0.0,0.0,5,32.2,27.2,62,995.4,251,13.0,-9900,-9900,0.0,0.0
2021,7,25,4,60,0.0,0.0,0.0,0.0,0.0,5,33.9,28.9,56,995.1,252,13.0,-9900,-9900,0.0,0.0
2021,7,25,5,60,0.0,0.0,0.0,0.0,0.0,5,35.5,30.5,51,994.7,267,14.8,-9900,-9900,0.0,0.0
2021,7,25,6,60,0.0,0.0,0.0,0.0,0.0,5,36.0,31.0,51,994.3,268,14.8,-9900,-9900,0.0,0.0
2021,7,25,7,60,0.0,0.0,0.0,0.0,0.0,5,36.5,31.5,50,993.9,268,16.7,-9900,-9900,0.0,0.0
2021,7,25,8,60,0.0,0.0,0.0,0.0,0.0,5,36.0,31.0,51,993.7,268,16.7,-9900,-9900,0.0,0.0
2021,7,25,9,60,0.0,0.0,0.0,0.0,0.0,5,35.5,30.5,52,993.6,268,16.7,-9900,-9900,0.0,0.0
2021,7,25,10,60,0.0,0.0,0.0,0.0,0.0,5,35.0,30.0,53,993.4,268,14.8,-9900,-9900,0.0,0.0
2021,7,25,11,60,0.0,0.0,0.0,0.0,0.0,5,34.7,29.7,53,994.2,266,13.0,-9900,-9900,0.0,0.0
2021,7,25,12,60,0.0,0.0,0.0,0.0,0.0,5,33.9,28.9,55,994.8,262,11.1,-9900,-9900,0.0,0.0
2021,7,25,13,60,0.0,0.0,0.0,0.0,0.0,5,33.1,28.1,58,995.4,255,9.3,-9900,-9900,0.0,0.0
2021,7,25,14,60,0.0,0.0,0.0,0.0,0.0,5,32.5,27.5,61,995.7,248,9.3,-9900,-9900,0.0,0.0
2021,7,25,15,60,0.0,0.0,0.0,0.0,0.0,5,32.0,27.0,63,996.0,240,7.4,-9900,-9900,0.0,0.0
2021,7,25,16,60,0.0,0.0,0.0,0.0,0.0,5,31.5,26.5,65,996.3,229,7.4,-9900,-9900,0.0,0.0
2021,7,25,17,60,0.0,0.0,0.0,0.0,0.0,5,31.0,26.0,68,996.2,254,7.4,-9900,-9900,0.0,0.0
2021,7,25,18,60,0.0,0.0,0.0,0.0,0.0,5,30.5,25.5,70,995.9,235,7.4,-9900,-9900,0.0,0.0
2021,7,25,19,60,0.0,0.0,0.0,0.0,0.0,5,30.0,25.0,72,995.7,222,5.5,-9900,-9900,0.0,0.0
2021,7,25,20,60,0.0,0.0,0.0,0.0,0.0,5,29.7,24.7,72,995.7,216,5.5,-9900,-9900,0.0,0.0
2021,7,25,21,60,0.0,0.0,0.0,0.0,0.0,5,29.4,24.4,73,995.7,211,5.5,-9900,-9900,0.0,0.0
2021,7,25,22,60,0.0,0.0,0.0,0.0,0.0,5,29.2,24.2,73,995.7,205,5.5,-9900,-9900,0.0,0.0
2021,7,25,23,60,0.0,0.0,0.0,0.0,0.0,5,30.2,25.2,65,995.7,225,9.3,-9900,-9900,0.0,0.0
2021,7,25,24,60,0.0,0.0,0.0,0.0,0.0,5,30.9,25.9,63,996.0,231,7.4,-9900,-9900,0.0,0.0
2021,7,26,1,60,0.0,0.0,0.0,0.0,0.0,5,31.6,26.6,61,996.3,237,7.4,-9900,-9900,0.0,0.0
2021,7,26,2,60,0.0,0.0,0.0,0.0,0.0,5,33.1,28.1,56,996.1,240,7.4,-9900,-9900,0.0,0.0
2021,7,26,3,60,0.0,0.0,0.0,0.0,0.0,5,34.5,29.5,51,995.9,243,9.3,-9900,-9900,0.0,0.0
2021,7,26,4,60,0.0,0.0,0.0,0.0,0.0,5,35.9,30.9,47,995.8,245,9.3,-9900,-9900,0.0,0.0
2021,7,26,5,60,0.0,0.0,0.0,0.0,0.0,5,36.0,31.0,50,995.6,258,11.1,-9900,-9900,0.0,0.0
2021,7,26,6,60,0.0,0.0,0.0,0.0,0.0,5,36.4,31.4,50,995.1,260,11.1,-9900,-9900,0.0,0.0
2021,7,26,7,60,0.0,0.0,0.0,0.0,0.0,5,36.7,31.7,49,994.7,262,13.0,-9900,-9900,0.0,0.0
2021,7,26,8,60,0.0,0.0,0.0,0.0,0.0,5,35.8,30.8,51,994.5,263,11.1,-9900,-9900,0.0,0.0
2021,7,26,9,60,0.0,0.0,0.0,0.0,0.0,5,34.9,29.9,54,994.4,265,11.1,-9900,-9900,0.0,0.0
2021,7,26,10,60,0.0,0.0,0.0,0.0,0.0,5,34.0,29.0,56,994.2,269,9.3,-9900,-9900,0.0,0.0
2021,7,26,11,60,0.0,0.0,0.0,0.0,0.0,5,33.5,28.5,59,995.1,11,7.4,-9900,-9900,0.0,0.0
2021,7,26,12,60,0.0,0.0,0.0,0.0,0.0,5,32.8,27.8,61,995.6,240,5.5,-9900,-9900,0.0,0.0
2021,7,26,13,60,0.0,0.0,0.0,0.0,0.0,5,32.1,27.1,64,996.1,203,5.5,-9900,-9900,0.0,0.0
2021,7,26,14,60,0.0,0.0,0.0,0.0,0.0,5,31.7,26.7,65,996.3,197,5.5,-9900,-9900,0.0,0.0
2021,7,26,15,60,0.0,0.0,0.0,0.0,0.0,5,31.3,26.3,66,996.5,193,5.5,-9900,-9900,0.0,0.0
2021,7,26,16,60,0.0,0.0,0.0,0.0,0.0,5,31.0,26.0,67,996.6,189,5.5,-9900,-9900,0.0,0.0
2021,7,26,17,60,0.0,0.0,0.0,0.0,0.0,5,30.5,25.5,68,996.4,190,5.5,-9900,-9900,0.0,0.0
2021,7,26,18,60,0.0,0.0,0.0,0.0,0.0,5,30.1,25.1,70,996.2,190,5.5,-9900,-9900,0.0,0.0
2021,7,26,19,60,0.0,0.0,0.0,0.0,0.0,5,29.7,24.7,71,996.0,190,5.5,-9900,-9900,0.0,0.0
2021,7,26,20,60,0.0,0.0,0.0,0.0,0.0,5,29.5,24.5,72,996.0,186,5.5,-9900,-9900,0.0,0.0
2021,7,26,21,60,0.0,0.0,0.0,0.0,0.0,5,29.3,24.3,72,996.0,182,5.5,-9900,-9900,0.0,0.0
2021,7,26,22,60,0.0,0.0,0.0,0.0,0.0,5,29.1,24.1,72,996.0,177,5.5,-9900,-9900,0.0,0.0
2021,7,26,23,60,0.0,0.0,0.0,0.0,0.0,5,28.3,23.3,74,996.6,186,5.5,-9900,-9900,0.0,0.0
2021,7,26,24,60,0.0,0.0,0.0,0.0,0.0,5,29.1,24.1,71,996.8,191,5.5,-9900,-9900,0.0,0.0
2021,7,27,1,60,0.0,0.0,0.0,0.0,0.0,5,30.0,25.0,68,997.1,197,5.5,-9900,-9900,0.0,0.0
2021,7,27,2,60,0.0,0.0,0.0,0.0,0.0,5,31.9,26.9,61,996.7,211,5.5,-9900,-9900,0.0,0.0
2021,7,27,3,60,0.0,0.0,0.0,0.0,0.0,5,33.8,28.8,55,996.4,226,5.5,-9900,-9900,0.0,0.0
2021,7,27,4,60,0.0,0.0,0.0,0.0,0.0,5,35.6,30.6,50,996.1,239,5.5,-9900,-9900,0.0,0.0
2021,7,27,5,60,0.0,0.0,0.0,0.0,0.0,5,35.0,30.0,54,995.8,239,5.5,-9900,-9900,0.0,0.0
2021,7,27,6,60,0.0,0.0,0.0,0.0,0.0,5,35.1,30.1,54,995.3,249,5.5,-9900,-9900,0.0,0.0
2021,7,27,7,60,0.0,0.0,0.0,0.0,0.0,5,35.3,30.3,54,994.9,269,7.4,-9900,-9900,0.0,0.0
2021,7,27,8,60,0.0,0.0,0.0,0.0,0.0,5,34.4,29.4,57,994.7,202,7.4,-9900,-9900,0.0,0.0
2021,7,27,9,60,0.0,0.0,0.0,0.0,0.0,5,33.5,28.5,60,994.5,138,7.4,-9900,-9900,0.0,0.0
2021,7,27,10,60,0.0,0.0,0.0,0.0,0.0,5,32.6,27.6,63,994.3,127,7.4,-9900,-9900,0.0,0.0
2021,7,27,11,60,0.0,0.0,0.0,0.0,0.0,5,31.8,26.8,70,994.5,149,7.4,-9900,-9900,0.0,0.0
2021,7,27,12,60,0.0,0.0,0.0,0.0,0.0,5,31.2,26.2,71,995.0,142,7.4,-9900,-9900,0.0,0.0
2021,7,27,13,60,0.0,0.0,0.0,0.0,0.0,5,30.7,25.7,73,995.5,137,5.5,-9900,-9900,0.0,0.0
2021,7,27,14,60,0.0,0.0,0.0,0.0,0.0,5,30.4,25.4,73,995.9,144,5.5,-9900,-9900,0.0,0.0
2021,7,27,15,60,0.0,0.0,0.0,0.0,0.0,5,30.0,25.0,75,996.2,151,5.5,-9900,-9900,0.0,0.0
2021,7,27,16,60,0.0,0.0,0.0,0.0,0.0,5,29.7,24.7,75,996.6,158,5.5,-9900,-9900,0.0,0.0
2021,7,27,17,60,0.0,0.0,0.0,0.0,0.0,5,30.3,25.3,69,996.8,142,7.4,-9900,-9900,0.0,0.0
2021,7,27,18,60,0.0,0.0,0.0,0.0,0.0,5,29.9,24.9,70,996.6,151,7.4,-9900,-9900,0.0,0.0
2021,7,27,19,60,0.0,0.0,0.0,0.0,0.0,5,29.5,24.5,72,996.5,162,5.5,-9900,-9900,0.0,0.0
2021,7,27,20,60,0.0,0.0,0.0,0.0,0.0,5,29.1,24.1,73,996.6,163,5.5,-9900,-9900,0.0,0.0
2021,7,27,21,60,0.0,0.0,0.0,0.0,0.0,5,28.7,23.7,74,996.7,163,5.5,-9900,-9900,0.0,0.0
2021,7,27,22,60,0.0,0.0,0.0,0.0,0.0,5,28.4,23.4,75,996.7,163,5.5,-9900,-9900,0.0,0.0
2021,7,27,23,60,0.0,0.0,0.0,0.0,0.0,5,29.9,24.9,75,997.7,169,5.5,-9900,-9900,0.0,0.0
2021,7,27,24,60,0.0,0.0,0.0,0.0,0.0,5,30.7,25.7,71,998.0,157,5.5,-9900,-9900,0.0,0.0
2021,7,28,1,60,0.0,0.0,0.0,0.0,0.0,5,31.5,26.5,68,998.2,145,5.5,-9900,-9900,0.0,0.0
2021,7,28,2,60,0.0,0.0,0.0,0.0,0.0,5,32.8,27.8,63,998.0,142,5.5,-9900,-9900,0.0,0.0
2021,7,28,3,60,0.0,0.0,0.0,0.0,0.0,5,34.2,29.2,58,997.8,139,5.5,-9900,-9900,0.0,0.0
2021,7,28,4,60,0.0,0.0,0.0,0.0,0.0,5,35.5,30.5,53,997.6,134,5.5,-9900,-9900,0.0,0.0
2021,7,28,5,60,0.0,0.0,0.0,0.0,0.0,5,34.8,29.8,60,997.6,87,7.4,-9900,-9900,0.0,0.0
2021,7,28,6,60,0.0,0.0,0.0,0.0,0.0,5,34.5,29.5,61,997.3,68,7.4,-9900,-9900,0.0,0.0
2021,7,28,7,60,0.0,0.0,0.0,0.0,0.0,5,34.3,29.3,63,996.9,39,7.4,-9900,-9900,0.0,0.0
2021,7,28,8,60,0.0,0.0,0.0,0.0,0.0,5,33.3,28.3,66,996.8,73,7.4,-9900,-9900,0.0,0.0
2021,7,28,9,60,0.0,0.0,0.0,0.0,0.0,5,32.3,27.3,69,996.6,106,7.4,-9900,-9900,0.0,0.0
2021,7,28,10,60,0.0,0.0,0.0,0.0,0.0,5,31.4,26.4,72,996.5,125,7.4,-9900,-9900,0.0,0.0
2021,7,28,11,60,0.0,0.0,0.0,0.0,0.0,5,31.6,26.6,70,996.9,165,7.4,-9900,-9900,0.0,0.0
2021,7,28,12,60,0.0,0.0,0.0,0.0,0.0,5,31.1,26.1,71,997.6,164,5.5,-9900,-9900,0.0,0.0
2021,7,28,13,60,0.0,0.0,0.0,0.0,0.0,5,30.5,25.5,73,998.3,164,5.5,-9900,-9900,0.0,0.0
2021,7,28,14,60,0.0,0.0,0.0,0.0,0.0,5,30.2,25.2,74,998.6,164,5.5,-9900,-9900,0.0,0.0
2021,7,28,15,60,0.0,0.0,0.0,0.0,0.0,5,29.9,24.9,76,999.0,165,5.5,-9900,-9900,0.0,0.0
2021,7,28,16,60,0.0,0.0,0.0,0.0,0.0,5,29.7,24.7,77,999.3,165,5.5,-9900,-9900,0.0,0.0
2021,7,28,17,60,0.0,0.0,0.0,0.0,0.0,5,28.3,23.3,88,999.2,146,5.5,-9900,-9900,0.0,0.0
2021,7,28,18,60,0.0,0.0,0.0,0.0,0.0,5,28.1,23.1,88,999.1,154,5.5,-9900,-9900,0.0,0.0
2021,7,28,19,60,0.0,0.0,0.0,0.0,0.0,5,28.0,23.0,87,999.0,161,5.5,-9900,-9900,0.0,0.0
2021,7,28,20,60,0.0,0.0,0.0,0.0,0.0,5,27.8,22.8,88,999.1,159,5.5,-9900,-9900,0.0,0.0
2021,7,28,21,60,0.0,0.0,0.0,0.0,0.0,5,27.7,22.7,87,999.2,157,5.5,-9900,-9900,0.0,0.0
2021,7,28,22,60,0.0,0.0,0.0,0.0,0.0,5,27.5,22.5,88,999.3,155,5.5,-9900,-9900,0.0,0.0
2021,7,28,23,60,0.0,0.0,0.0,0.0,0.0,5,28.7,23.7,80,1000.0,154,5.5,-9900,-9900,0.0,0.0
2021,7,28,24,60,0.0,0.0,0.0,0.0,0.0,5,29.5,24.5,78,1000.3,151,5.5,-9900,-9900,0.0,0.0
2021,7,29,1,60,0.0,0.0,0.0,0.0,0.0,5,30.3,25.3,76,1000.6,147,3.7,-9900,-9900,0.0,0.0
2021,7,29,2,60,0.0,0.0,0.0,0.0,0.0,5,31.8,26.8,69,1000.7,156,3.7,-9900,-9900,0.0,0.0
2021,7,29,3,60,0.0,0.0,0.0,0.0,0.0,5,33.2,28.2,63,1000.8,191,3.7,-9900,-9900,0.0,0.0
2021,7,29,4,60,0.0,0.0,0.0,0.0,0.0,5,34.7,29.7,57,1000.9,271,3.7,-9900,-9900,0.0,0.0
2021,7,29,5,60,0.0,0.0,0.0,0.0,0.0,5,34.3,29.3,59,1000.6,320,5.5,-9900,-9900,0.0,0.0
2021,7,29,6,60,0.0,0.0,0.0,0.0,0.0,5,33.9,28.9,62,1000.4,335,7.4,-9900,-9900,0.0,0.0
2021,7,29,7,60,0.0,0.0,0.0,0.0,0.0,5,33.5,28.5,64,1000.1,341,7.4,-9900,-9900,0.0,0.0
2021,7,29,8,60,0.0,0.0,0.0,0.0,0.0,5,32.7,27.7,66,1000.1,347,7.4,-9900,-9900,0.0,0.0
2021,7,29,9,60,0.0,0.0,0.0,0.0,0.0,5,31.9,26.9,69,1000.1,3,7.4,-9900,-9900,0.0,0.0
2021,7,29,10,60,0.0,0.0,0.0,0.0,0.0,5,31.0,26.0,73,1000.0,60,7.4,-9900,-9900,0.0,0.0
2021,7,29,11,60,0.0,0.0,0.0,0.0,0.0,5,28.6,23.6,87,1001.2,90,7.4,-9900,-9900,0.0,0.0
2021,7,29,12,60,0.0,0.0,0.0,0.0,0.0,5,28.6,23.6,86,1001.6,111,5.5,-9900,-9900,0.0,0.0
2021,7,29,13,60,0.0,0.0,0.0,0.0,0.0,5,28.6,23.6,85,1002.0,154,5.5,-9900,-9900,0.0,0.0
2021,7,29,14,60,0.0,0.0,0.0,0.0,0.0,5,28.5,23.5,85,1002.2,165,5.5,-9900,-9900,0.0,0.0
2021,7,29,15,60,0.0,0.0,0.0,0.0,0.0,5,28.5,23.5,84,1002.3,171,5.5,-9900,-9900,0.0,0.0
2021,7,29,16,60,0.0,0.0,0.0,0.0,0.0,5,28.5,23.5,84,1002.4,175,5.5,-9900,-9900,0.0,0.0
2021,7,29,17,60,0.0,0.0,0.0,0.0,0.0,5,27.9,22.9,85,1002.5,193,5.5,-9900,-9900,0.0,0.0
2021,7,29,18,60,0.0,0.0,0.0,0.0,0.0,5,27.8,22.8,84,1002.1,188,5.5,-9900,-9900,0.0,0.0
2021,7,29,19,60,0.0,0.0,0.0,0.0,0.0,5,27.6,22.6,85,1001.7,183,5.5,-9900,-9900,0.0,0.0
2021,7,29,20,60,0.0,0.0,0.0,0.0,0.0,5,27.4,22.4,85,1001.7,176,5.5,-9900,-9900,0.0,0.0
2021,7,29,21,60,0.0,0.0,0.0,0.0,0.0,5,27.2,22.2,86,1001.7,168,5.5,-9900,-9900,0.0,0.0
2021,7,29,22,60,0.0,0.0,0.0,0.0,0.0,5,27.1,22.1,86,1001.6,161,3.7,-9900,-9900,0.0,0.0
2021,7,29,23,60,0.0,0.0,0.0,0.0,0.0,5,28.2,23.2,81,1002.0,179,5.5,-9900,-9900,0.0,0.0
2021,7,29,24,60,0.0,0.0,0.0,0.0,0.0,5,28.9,23.9,79,1002.3,189,5.5,-9900,-9900,0.0,0.0
2021,7,30,1,60,0.0,0.0,0.0,0.0,0.0,5,29.7,24.7,76,1002.5,201,3.7,-9900,-9900,0.0,0.0
2021,7,30,2,60,0.0,0.0,0.0,0.0,0.0,5,31.2,26.2,68,1002.3,211,5.5,-9900,-9900,0.0,0.0
2021,7,30,3,60,0.0,0.0,0.0,0.0,0.0,5,32.7,27.7,62,1002.1,220,5.5,-9900,-9900,0.0,0.0
2021,7,30,4,60,0.0,0.0,0.0,0.0,0.0,5,34.2,29.2,57,1001.9,229,7.4,-9900,-9900,0.0,0.0
2021,7,30,5,60,0.0,0.0,0.0,0.0,0.0,5,33.3,28.3,60,1001.8,255,9.3,-9900,-9900,0.0,0.0
2021,7,30,6,60,0.0,0.0,0.0,0.0,0.0,5,33.2,28.2,62,1001.4,267,9.3,-9900,-9900,0.0,0.0
2021,7,30,7,60,0.0,0.0,0.0,0.0,0.0,5,33.0,28.0,63,1001.0,283,7.4,-9900,-9900,0.0,0.0
2021,7,30,8,60,0.0,0.0,0.0,0.0,0.0,5,32.1,27.1,66,1000.9,273,7.4,-9900,-9900,0.0,0.0
2021,7,30,9,60,0.0,0.0,0.0,0.0,0.0,5,31.2,26.2,70,1000.7,254,7.4,-9900,-9900,0.0,0.0
2021,7,30,10,60,0.0,0.0,0.0,0.0,0.0,5,30.3,25.3,73,1000.6,225,7.4,-9900,-9900,0.0,0.0
2021,7,30,11,60,0.0,0.0,0.0,0.0,0.0,5,29.1,24.1,83,1001.9,196,7.4,-9900,-9900,0.0,0.0
2021,7,30,12,60,0.0,0.0,0.0,0.0,0.0,5,29.0,24.0,83,1002.2,197,5.5,-9900,-9900,0.0,0.0
2021,7,30,13,60,0.0,0.0,0.0,0.0,0.0,5,28.8,23.8,83,1002.6,198,5.5,-9900,-9900,0.0,0.0
2021,7,30,14,60,0.0,0.0,0.0,0.0,0.0,5,28.6,23.6,83,1002.6,198,5.5,-9900,-9900,0.0,0.0
2021,7,30,15,60,0.0,0.0,0.0,0.0,0.0,5,28.4,23.4,84,1002.7,198,5.5,-9900,-9900,0.0,0.0
2021,7,30,16,60,0.0,0.0,0.0,0.0,0.0,5,28.3,23.3,84,1002.7,198,5.5,-9900,-9900,0.0,0.0
2021,7,30,17,60,0.0,0.0,0.0,0.0,0.0,5,28.1,23.1,83,1002.2,183,5.5,-9900,-9900,0.0,0.0
2021,7,30,18,60,0.0,0.0,0.0,0.0,0.0,5,27.9,22.9,83,1001.9,184,5.5,-9900,-9900,0.0,0.0
2021,7,30,19,60,0.0,0.0,0.0,0.0,0.0,5,27.6,22.6,84,1001.5,185,5.5,-9900,-9900,0.0,0.0
2021,7,30,20,60,0.0,0.0,0.0,0.0,0.0,5,27.4,22.4,84,1001.4,183,5.5,-9900,-9900,0.0,0.0
2021,7,30,21,60,0.0,0.0,0.0,0.0,0.0,5,27.3,22.3,85,1001.2,181,5.5,-9900,-9900,0.0,0.0
2021,7,30,22,60,0.0,0.0,0.0,0.0,0.0,5,27.1,22.1,85,1001.1,178,5.5,-9900,-9900,0.0,0.0
2021,7,30,23,60,0.0,0.0,0.0,0.0,0.0,5,28.1,23.1,77,1001.7,186,5.5,-9900,-9900,0.0,0.0
2021,7,30,24,60,0.0,0.0,0.0,0.0,0.0,5,28.8,23.8,75,1002.1,194,5.5,-9900,-9900,0.0,0.0
2021,7,31,1,60,0.0,0.0,0.0,0.0,0.0,5,29.5,24.5,73,1002.4,203,5.5,-9900,-9900,0.0,0.0
2021,7,31,2,60,0.0,0.0,0.0,0.0,0.0,5,30.8,25.8,68,1002.1,209,5.5,-9900,-9900,0.0,0.0
2021,7,31,3,60,0.0,0.0,0.0,0.0,0.0,5,32.2,27.2,62,1001.8,214,5.5,-9900,-9900,0.0,0.0
2021,7,31,4,60,0.0,0.0,0.0,0.0,0.0,5,33.6,28.6,57,1001.5,220,5.5,-9900,-9900,0.0,0.0
2021,7,31,5,60,0.0,0.0,0.0,0.0,0.0,5,32.5,27.5,62,1001.2,239,7.4,-9900,-9900,0.0,0.0
2021,7,31,6,60,0.0,0.0,0.0,0.0,0.0,5,32.2,27.2,64,1000.8,246,7.4,-9900,-9900,0.0,0.0
2021,7,31,7,60,0.0,0.0,0.0,0.0,0.0,5,31.9,26.9,65,1000.4,259,7.4,-9900,-9900,0.0,0.0
2021,7,31,8,60,0.0,0.0,0.0,0.0,0.0,5,30.8,25.8,70,1000.3,221,7.4,-9900,-9900,0.0,0.0
2021,7,31,9,60,0.0,0.0,0.0,0.0,0.0,5,29.8,24.8,74,1000.2,166,7.4,-9900,-9900,0.0,0.0
2021,7,31,10,60,0.0,0.0,0.0,0.0,0.0,5,28.7,23.7,80,1000.1,143,5.5,-9900,-9900,0.0,0.0
2021,7,31,11,60,0.0,0.0,0.0,0.0,0.0,5,26.9,21.9,93,1000.9,107,7.4,-9900,-9900,0.0,0.0
2021,7,31,12,60,0.0,0.0,0.0,0.0,0.0,5,27.0,22.0,92,1001.0,120,7.4,-9900,-9900,0.0,0.0
2021,7,31,13,60,0.0,0.0,0.0,0.0,0.0,5,27.0,22.0,90,1001.1,140,5.5,-9900,-9900,0.0,0.0
2021,7,31,14,60,0.0,0.0,0.0,0.0,0.0,5,27.0,22.0,90,1001.0,147,5.5,-9900,-9900,0.0,0.0
2021,7,31,15,60,0.0,0.0,0.0,0.0,0.0,5,27.0,22.0,89,1000.9,154,5.5,-9900,-9900,0.0,0.0
2021,7,31,16,60,0.0,0.0,0.0,0.0,0.0,5,27.0,22.0,89,1000.8,162,5.5,-9900,-9900,0.0,0.0
2021,7,31,17,60,0.0,0.0,0.0,0.0,0.0,5,26.9,21.9,88,1000.3,167,5.5,-9900,-9900,0.0,0.0
2021,7,31,18,60,0.0,0.0,0.0,0.0,0.0,5,26.8,21.8,88,999.9,172,5.5,-9900,-9900,0.0,0.0
2021,7,31,19,60,0.0,0.0,0.0,0.0,0.0,5,26.7,21.7,88,999.4,176,5.5,-9900,-9900,0.0,0.0
2021,7,31,20,60,0.0,0.0,0.0,0.0,0.0,5,26.7,21.7,87,999.2,175,5.5,-9900,-9900,0.0,0.0
2021,7,31,21,60,0.0,0.0,0.0,0.0,0.0,5,26.6,21.6,88,999.0,174,5.5,-9900,-9900,0.0,0.0
2021,7,31,22,60,0.0,0.0,0.0,0.0,0.0,5,26.5,21.5,88,998.8,173,5.5,-9900,-9900,0.0,0.0
2021,7,31,23,60,0.0,0.0,0.0,0.0,0.0,5,26.4,21.4,92,998.8,140,5.5,-9900,-9900,0.0,0.0
2021,7,31,24,60,0.0,0.0,0.0,0.0,0.0,5,26.9,21.9,88,999.1,154,5.5,-9900,-9900,0.0,0.0
2021,8,1,1,60,0.0,0.0,0.0,0.0,0.0,5,27.5,22.5,84,999.3,175,3.7,-9900,-9900,0.0,0.0
2021,8,1,2,60,0.0,0.0,0.0,0.0,0.0,5,28.7,23.7,78,999.2,188,3.7,-9900,-9900,0.0,0.0
2021,8,1,3,60,0.0,0.0,0.0,0.0,0.0,5,29.9,24.9,72,999.1,202,3.7,-9900,-9900,0.0,0.0
2021,8,1,4,60,0.0,0.0,0.0,0.0,0.0,5,31.2,26.2,66,999.0,217,3.7,-9900,-9900,0.0,0.0
2021,8,1,5,60,0.0,0.0,0.0,0.0,0.0,5,30.4,25.4,73,998.4,262,3.7,-9900,-9900,0.0,0.0
2021,8,1,6,60,0.0,0.0,0.0,0.0,0.0,5,30.0,25.0,75,998.0,277,5.5,-9900,-9900,0.0,0.0
2021,8,1,7,60,0.0,0.0,0.0,0.0,0.0,5,29.6,24.6,76,997.7,298,7.4,-9900,-9900,0.0,0.0
2021,8,1,8,60,0.0,0.0,0.0,0.0,0.0,5,29.0,24.0,79,997.6,47,7.4,-9900,-9900,0.0,0.0
2021,8,1,9,60,0.0,0.0,0.0,0.0,0.0,5,28.4,23.4,82,997.4,99,7.4,-9900,-9900,0.0,0.0
2021,8,1,10,60,0.0,0.0,0.0,0.0,0.0,5,27.8,22.8,85,997.3,103,7.4,-9900,-9900,0.0,0.0
2021,8,1,11,60,0.0,0.0,0.0,0.0,0.0,5,28.6,23.6,84,997.4,125,7.4,-9900,-9900,0.0,0.0
2021,8,1,12,60,0.0,0.0,0.0,0.0,0.0,5,28.1,23.1,86,997.8,137,5.5,-9900,-9900,0.0,0.0
2021,8,1,13,60,0.0,0.0,0.0,0.0,0.0,5,27.6,22.6,88,998.2,151,5.5,-9900,-9900,0.0,0.0
2021,8,1,14,60,0.0,0.0,0.0,0.0,0.0,5,27.5,22.5,88,998.3,150,5.5,-9900,-9900,0.0,0.0
2021,8,1,15,60,0.0,0.0,0.0,0.0,0.0,5,27.4,22.4,87,998.4,149,5.5,-9900,-9900,0.0,0.0
2021,8,1,16,60,0.0,0.0,0.0,0.0,0.0,5,27.2,22.2,87,998.5,148,5.5,-9900,-9900,0.0,0.0
2021,8,1,17,60,0.0,0.0,0.0,0.0,0.0,5,27.9,22.9,85,998.2,122,5.5,-9900,-9900,0.0,0.0
2021,8,1,18,60,0.0,0.0,0.0,0.0,0.0,5,27.6,22.6,85,997.8,140,5.5,-9900,-9900,0.0,0.0
2021,8,1,19,60,0.0,0.0,0.0,0.0,0.0,5,27.3,22.3,86,997.4,159,5.5,-9900,-9900,0.0,0.0
2021,8,1,20,60,0.0,0.0,0.0,0.0,0.0,5,27.1,22.1,87,997.3,164,5.5,-9900,-9900,0.0,0.0
2021,8,1,21,60,0.0,0.0,0.0,0.0,0.0,5,26.9,21.9,88,997.3,168,5.5,-9900,-9900,0.0,0.0
2021,8,1,22,60,0.0,0.0,0.0,0.0,0.0,5,26.6,21.6,90,997.2,174,5.5,-9900,-9900,0.0,0.0
2021,8,1,23,60,0.0,0.0,0.0,0.0,0.0,5,27.8,22.8,82,998.0,155,3.7,-9900,-9900,0.0,0.0
2021,8,1,24,60,0.0,0.0,0.0,0.0,0.0,5,28.1,23.1,80,998.4,170,3.7,-9900,-9900,0.0,0.0
2021,8,2,1,60,0.0,0.0,0.0,0.0,0.0,5,28.4,23.4,79,998.8,190,3.7,-9900,-9900,0.0,0.0
2021,8,2,2,60,0.0,0.0,0.0,0.0,0.0,5,29.3,24.3,74,998.8,202,3.7,-9900,-9900,0.0,0.0
2021,8,2,3,60,0.0,0.0,0.0,0.0,0.0,5,30.2,25.2,70,998.7,213,5.5,-9900,-9900,0.0,0.0
2021,8,2,4,60,0.0,0.0,0.0,0.0,0.0,5,31.1,26.1,66,998.7,221,5.5,-9900,-9900,0.0,0.0
2021,8,2,5,60,0.0,0.0,0.0,0.0,0.0,5,30.6,25.6,73,998.3,265,5.5,-9900,-9900,0.0,0.0
2021,8,2,6,60,0.0,0.0,0.0,0.0,0.0,5,30.2,25.2,74,997.9,275,5.5,-9900,-9900,0.0,0.0
2021,8,2,7,60,0.0,0.0,0.0,0.0,0.0,5,29.8,24.8,76,997.6,284,7.4,-9900,-9900,0.0,0.0
2021,8,2,8,60,0.0,0.0,0.0,0.0,0.0,5,29.3,24.3,79,997.5,289,5.5,-9900,-9900,0.0,0.0
2021,8,2,9,60,0.0,0.0,0.0,0.0,0.0,5,28.8,23.8,81,997.5,311,5.5,-9900,-9900,0.0,0.0
2021,8,2,10,60,0.0,0.0,0.0,0.0,0.0,5,28.3,23.3,83,997.4,50,5.5,-9900,-9900,0.0,0.0
2021,8,2,11,60,0.0,0.0,0.0,0.0,0.0,5,28.6,23.6,83,998.0,301,5.5,-9900,-9900,0.0,0.0
2021,8,2,12,60,0.0,0.0,0.0,0.0,0.0,5,28.2,23.2,85,998.4,286,5.5,-9900,-9900,0.0,0.0
2021,8,2,13,60,0.0,0.0,0.0,0.0,0.0,5,27.8,22.8,87,998.8,276,5.5,-9900,-9900,0.0,0.0
2021,8,2,14,60,0.0,0.0,0.0,0.0,0.0,5,27.8,22.8,86,998.9,261,5.5,-9900,-9900,0.0,0.0
2021,8,2,15,60,0.0,0.0,0.0,0.0,0.0,5,27.7,22.7,86,999.0,237,5.5,-9900,-9900,0.0,0.0
2021,8,2,16,60,0.0,0.0,0.0,0.0,0.0,5,27.6,22.6,86,999.2,210,5.5,-9900,-9900,0.0,0.0
2021,8,2,17,60,0.0,0.0,0.0,0.0,0.0,5,26.4,21.4,96,999.0,214,5.5,-9900,-9900,0.0,0.0
2021,8,2,18,60,0.0,0.0,0.0,0.0,0.0,5,26.4,21.4,95,998.6,216,5.5,-9900,-9900,0.0,0.0
2021,8,2,19,60,0.0,0.0,0.0,0.0,0.0,5,26.4,21.4,94,998.2,218,5.5,-9900,-9900,0.0,0.0
2021,8,2,20,60,0.0,0.0,0.0,0.0,0.0,5,26.4,21.4,94,998.1,224,5.5,-9900,-9900,0.0,0.0
2021,8,2,21,60,0.0,0.0,0.0,0.0,0.0,5,26.4,21.4,93,998.1,229,5.5,-9900,-9900,0.0,0.0
2021,8,2,22,60,0.0,0.0,0.0,0.0,0.0,5,26.5,21.5,92,998.0,234,5.5,-9900,-9900,0.0,0.0
2021,8,2,23,60,0.0,0.0,0.0,0.0,0.0,5,26.9,21.9,89,998.3,238,5.5,-9900,-9900,0.0,0.0
2021,8,2,24,60,0.0,0.0,0.0,0.0,0.0,5,27.3,22.3,87,998.6,242,5.5,-9900,-9900,0.0,0.0
2021,8,3,1,60,0.0,0.0,0.0,0.0,0.0,5,27.6,22.6,86,998.9,245,5.5,-9900,-9900,0.0,0.0
2021,8,3,2,60,0.0,0.0,0.0,0.0,0.0,5,28.7,23.7,80,998.7,248,5.5,-9900,-9900,0.0,0.0
2021,8,3,3,60,0.0,0.0,0.0,0.0,0.0,5,29.8,24.8,74,998.6,252,5.5,-9900,-9900,0.0,0.0
2021,8,3,4,60,0.0,0.0,0.0,0.0,0.0,5,30.8,25.8,70,998.4,256,5.5,-9900,-9900,0.0,0.0
2021,8,3,5,60,0.0,0.0,0.0,0.0,0.0,5,30.5,25.5,73,998.7,276,5.5,-9900,-9900,0.0,0.0
2021,8,3,6,60,0.0,0.0,0.0,0.0,0.0,5,30.3,25.3,74,998.3,284,7.4,-9900,-9900,0.0,0.0
2021,8,3,7,60,0.0,0.0,0.0,0.0,0.0,5,30.1,25.1,75,997.9,292,7.4,-9900,-9900,0.0,0.0
2021,8,3,8,60,0.0,0.0,0.0,0.0,0.0,5,29.6,24.6,77,997.8,286,7.4,-9900,-9900,0.0,0.0
2021,8,3,9,60,0.0,0.0,0.0,0.0,0.0,5,29.1,24.1,80,997.8,277,7.4,-9900,-9900,0.0,0.0
2021,8,3,10,60,0.0,0.0,0.0,0.0,0.0,5,28.5,23.5,82,997.7,256,5.5,-9900,-9900,0.0,0.0
2021,8,3,11,60,0.0,0.0,0.0,0.0,0.0,5,28.9,23.9,84,998.4,241,5.5,-9900,-9900,0.0,0.0
2021,8,3,12,60,0.0,0.0,0.0,0.0,0.0,5,28.5,23.5,85,999.0,245,5.5,-9900,-9900,0.0,0.0
2021,8,3,13,60,0.0,0.0,0.0,0.0,0.0,5,28.2,23.2,85,999.5,248,5.5,-9900,-9900,0.0,0.0
2021,8,3,14,60,0.0,0.0,0.0,0.0,0.0,5,28.0,23.0,86,999.7,242,5.5,-9900,-9900,0.0,0.0
2021,8,3,15,60,0.0,0.0,0.0,0.0,0.0,5,27.8,22.8,86,999.9,235,5.5,-9900,-9900,0.0,0.0
2021,8,3,16,60,0.0,0.0,0.0,0.0,0.0,5,27.6,22.6,87,1000.1,225,5.5,-9900,-9900,0.0,0.0
2021,8,3,17,60,0.0,0.0,0.0,0.0,0.0,5,26.2,21.2,91,1000.2,129,7.4,-9900,-9900,0.0,0.0
2021,8,3,18,60,0.0,0.0,0.0,0.0,0.0,5,26.2,21.2,90,999.8,136,7.4,-9900,-9900,0.0,0.0
2021,8,3,19,60,0.0,0.0,0.0,0.0,0.0,5,26.1,21.1,90,999.4,151,5.5,-9900,-9900,0.0,0.0
2021,8,3,20,60,0.0,0.0,0.0,0.0,0.0,5,26.2,21.2,90,999.3,168,5.5,-9900,-9900,0.0,0.0
2021,8,3,21,60,0.0,0.0,0.0,0.0,0.0,5,26.2,21.2,90,999.2,188,5.5,-9900,-9900,0.0,0.0
2021,8,3,22,60,0.0,0.0,0.0,0.0,0.0,5,26.3,21.3,90,999.1,209,5.5,-9900,-9900,0.0,0.0
2021,8,3,23,60,0.0,0.0,0.0,0.0,0.0,5,27.1,22.1,88,1000.3,133,5.5,-9900,-9900,0.0,0.0
2021,8,3,24,60,0.0,0.0,0.0,0.0,0.0,5,27.7,22.7,86,1000.6,128,5.5,-9900,-9900,0.0,0.0
2021,8,4,1,60,0.0,0.0,0.0,0.0,0.0,5,28.3,23.3,83,1001.0,123,5.5,-9900,-9900,0.0,0.0
2021,8,4,2,60,0.0,0.0,0.0,0.0,0.0,5,29.3,24.3,78,1000.8,121,5.5,-9900,-9900,0.0,0.0
2021,8,4,3,60,0.0,0.0,0.0,0.0,0.0,5,30.3,25.3,73,1000.7,119,5.5,-9900,-9900,0.0,0.0
2021,8,4,4,60,0.0,0.0,0.0,0.0,0.0,5,31.3,26.3,69,1000.5,116,5.5,-9900,-9900,0.0,0.0
2021,8,4,5,60,0.0,0.0,0.0,0.0,0.0,5,30.4,25.4,74,1000.2,104,7.4,-9900,-9900,0.0,0.0
2021,8,4,6,60,0.0,0.0,0.0,0.0,0.0,5,30.1,25.1,75,999.8,98,7.4,-9900,-9900,0.0,0.0
2021,8,4,7,60,0.0,0.0,0.0,0.0,0.0,5,29.9,24.9,76,999.5,93,7.4,-9900,-9900,0.0,0.0
2021,8,4,8,60,0.0,0.0,0.0,0.0,0.0,5,29.2,24.2,79,999.4,100,7.4,-9900,-9900,0.0,0.0
2021,8,4,9,60,0.0,0.0,0.0,0.0,0.0,5,28.5,23.5,83,999.4,109,7.4,-9900,-9900,0.0,0.0
2021,8,4,10,60,0.0,0.0,0.0,0.0,0.0,5,27.8,22.8,87,999.4,120,7.4,-9900,-9900,0.0,0.0
2021,8,4,11,60,0.0,0.0,0.0,0.0,0.0,5,28.1,23.1,85,999.6,82,11.1,-9900,-9900,0.0,0.0
2021,8,4,12,60,0.0,0.0,0.0,0.0,0.0,5,27.6,22.6,87,1000.2,85,9.3,-9900,-9900,0.0,0.0
2021,8,4,13,60,0.0,0.0,0.0,0.0,0.0,5,27.2,22.2,88,1000.7,89,7.4,-9900,-9900,0.0,0.0
2021,8,4,14,60,0.0,0.0,0.0,0.0,0.0,5,27.1,22.1,88,1000.8,93,7.4,-9900,-9900,0.0,0.0
2021,8,4,15,60,0.0,0.0,0.0,0.0,0.0,5,26.9,21.9,89,1000.9,98,5.5,-9900,-9900,0.0,0.0
2021,8,4,16,60,0.0,0.0,0.0,0.0,0.0,5,26.8,21.8,89,1001.0,105,5.5,-9900,-9900,0.0,0.0
2021,8,4,17,60,0.0,0.0,0.0,0.0,0.0,5,26.9,21.9,92,1000.6,143,7.4,-9900,-9900,0.0,0.0
2021,8,4,18,60,0.0,0.0,0.0,0.0,0.0,5,26.7,21.7,92,1000.1,147,5.5,-9900,-9900,0.0,0.0
2021,8,4,19,60,0.0,0.0,0.0,0.0,0.0,5,26.5,21.5,91,999.5,153,5.5,-9900,-9900,0.0,0.0
2021,8,4,20,60,0.0,0.0,0.0,0.0,0.0,5,26.4,21.4,91,999.3,154,5.5,-9900,-9900,0.0,0.0
2021,8,4,21,60,0.0,0.0,0.0,0.0,0.0,5,26.3,21.3,92,999.0,156,3.7,-9900,-9900,0.0,0.0
2021,8,4,22,60,0.0,0.0,0.0,0.0,0.0,5,26.2,21.2,92,998.8,157,3.7,-9900,-9900,0.0,0.0
2021,8,4,23,60,0.0,0.0,0.0,0.0,0.0,5,27.1,22.1,89,999.1,169,5.5,-9900,-9900,0.0,0.0
2021,8,4,24,60,0.0,0.0,0.0,0.0,0.0,5,27.8,22.8,86,999.4,157,5.5,-9900,-9900,0.0,0.0
2021,8,5,1,60,0.0,0.0,0.0,0.0,0.0,5,28.6,23.6,83,999.7,142,3.7,-9900,-9900,0.0,0.0
2021,8,5,2,60,0.0,0.0,0.0,0.0,0.0,5,29.7,24.7,77,999.5,129,3.7,-9900,-9900,0.0,0.0
2021,8,5,3,60,0.0,0.0,0.0,0.0,0.0,5,30.8,25.8,72,999.4,70,3.7,-9900,-9900,0.0,0.0
2021,8,5,4,60,0.0,0.0,0.0,0.0,0.0,5,31.9,26.9,67,999.2,10,3.7,-9900,-9900,0.0,0.0
2021,8,5,5,60,0.0,0.0,0.0,0.0,0.0,5,31.7,26.7,71,998.6,69,5.5,-9900,-9900,0.0,0.0
2021,8,5,6,60,0.0,0.0,0.0,0.0,0.0,5,31.2,26.2,73,998.4,42,5.5,-9900,-9900,0.0,0.0
2021,8,5,7,60,0.0,0.0,0.0,0.0,0.0,5,30.8,25.8,75,998.1,20,7.4,-9900,-9900,0.0,0.0
2021,8,5,8,60,0.0,0.0,0.0,0.0,0.0,5,30.2,25.2,77,998.4,24,7.4,-9900,-9900,0.0,0.0
2021,8,5,9,60,0.0,0.0,0.0,0.0,0.0,5,29.7,24.7,79,998.6,30,5.5,-9900,-9900,0.0,0.0
2021,8,5,10,60,0.0,0.0,0.0,0.0,0.0,5,29.1,24.1,82,998.8,40,5.5,-9900,-9900,0.0,0.0
2021,8,5,11,60,0.0,0.0,0.0,0.0,0.0,5,28.8,23.8,82,999.2,71,5.5,-9900,-9900,0.0,0.0
2021,8,5,12,60,0.0,0.0,0.0,0.0,0.0,5,28.5,23.5,83,999.6,107,5.5,-9900,-9900,0.0,0.0
2021,8,5,13,60,0.0,0.0,0.0,0.0,0.0,5,28.2,23.2,84,1000.0,130,5.5,-9900,-9900,0.0,0.0
2021,8,5,14,60,0.0,0.0,0.0,0.0,0.0,5,28.1,23.1,84,1000.2,134,5.5,-9900,-9900,0.0,0.0
2021,8,5,15,60,0.0,0.0,0.0,0.0,0.0,5,28.0,23.0,85,1000.3,137,5.5,-9900,-9900,0.0,0.0
2021,8,5,16,60,0.0,0.0,0.0,0.0,0.0,5,27.9,22.9,85,1000.4,140,3.7,-9900,-9900,0.0,0.0
2021,8,5,17,60,0.0,0.0,0.0,0.0,0.0,5,27.0,22.0,88,1000.0,136,5.5,-9900,-9900,0.0,0.0
2021,8,5,18,60,0.0,0.0,0.0,0.0,0.0,5,26.8,21.8,89,999.6,139,5.5,-9900,-9900,0.0,0.0
2021,8,5,19,60,0.0,0.0,0.0,0.0,0.0,5,26.6,21.6,89,999.2,142,5.5,-9900,-9900,0.0,0.0
2021,8,5,20,60,0.0,0.0,0.0,0.0,0.0,5,26.5,21.5,89,999.1,136,5.5,-9900,-9900,0.0,0.0
2021,8,5,21,60,0.0,0.0,0.0,0.0,0.0,5,26.4,21.4,90,999.0,130,5.5,-9900,-9900,0.0,0.0
2021,8,5,22,60,0.0,0.0,0.0,0.0,0.0,5,26.2,21.2,91,998.9,124,5.5,-9900,-9900,0.0,0.0
2021,8,5,23,60,0.0,0.0,0.0,0.0,0.0,5,27.6,22.6,84,999.3,131,7.4,-9900,-9900,0.0,0.0
2021,8,5,24,60,0.0,0.0,0.0,0.0,0.0,5,27.9,22.9,83,999.6,131,5.5,-9900,-9900,0.0,0.0
2021,8,6,1,60,0.0,0.0,0.0,0.0,0.0,5,28.3,23.3,82,1000.0,131,5.5,-9900,-9900,0.0,0.0
2021,8,6,2,60,0.0,0.0,0.0,0.0,0.0,5,28.9,23.9,80,999.7,124,3.7,-9900,-9900,0.0,0.0
2021,8,6,3,60,0.0,0.0,0.0,0.0,0.0,5,29.5,24.5,78,999.4,114,3.7,-9900,-9900,0.0,0.0
2021,8,6,4,60,0.0,0.0,0.0,0.0,0.0,5,30.1,25.1,75,999.1,97,3.7,-9900,-9900,0.0,0.0
2021,8,6,5,60,0.0,0.0,0.0,0.0,0.0,5,29.0,24.0,82,998.3,75,5.5,-9900,-9900,0.0,0.0
2021,8,6,6,60,0.0,0.0,0.0,0.0,0.0,5,28.9,23.9,83,998.0,63,5.5,-9900,-9900,0.0,0.0
2021,8,6,7,60,0.0,0.0,0.0,0.0,0.0,5,28.8,23.8,83,997.6,49,5.5,-9900,-9900,0.0,0.0
2021,8,6,8,60,0.0,0.0,0.0,0.0,0.0,5,28.4,23.4,84,997.5,66,5.5,-9900,-9900,0.0,0.0
2021,8,6,9,60,0.0,0.0,0.0,0.0,0.0,5,27.9,22.9,86,997.4,88,5.5,-9900,-9900,0.0,0.0
2021,8,6,10,60,0.0,0.0,0.0,0.0,0.0,5,27.5,22.5,88,997.2,109,5.5,-9900,-9900,0.0,0.0
2021,8,6,11,60,0.0,0.0,0.0,0.0,0.0,5,26.9,21.9,89,998.1,112,7.4,-9900,-9900,0.0,0.0
2021,8,6,12,60,0.0,0.0,0.0,0.0,0.0,5,26.8,21.8,89,998.4,137,5.5,-9900,-9900,0.0,0.0
2021,8,6,13,60,0.0,0.0,0.0,0.0,0.0,5,26.7,21.7,89,998.6,168,5.5,-9900,-9900,0.0,0.0
2021,8,6,14,60,0.0,0.0,0.0,0.0,0.0,5,26.7,21.7,89,998.5,179,5.5,-9900,-9900,0.0,0.0
2021,8,6,15,60,0.0,0.0,0.0,0.0,0.0,5,26.8,21.8,88,998.3,193,5.5,-9900,-9900,0.0,0.0
2021,8,6,16,60,0.0,0.0,0.0,0.0,0.0,5,26.9,21.9,87,998.2,208,5.5,-9900,-9900,0.0,0.0
2021,8,6,17,60,0.0,0.0,0.0,0.0,0.0,5,26.5,21.5,95,997.5,213,7.4,-9900,-9900,0.0,0.0
2021,8,6,18,60,0.0,0.0,0.0,0.0,0.0,5,26.4,21.4,94,997.2,203,5.5,-9900,-9900,0.0,0.0
2021,8,6,19,60,0.0,0.0,0.0,0.0,0.0,5,26.3,21.3,94,996.8,187,5.5,-9900,-9900,0.0,0.0
2021,8,6,20,60,0.0,0.0,0.0,0.0,0.0,5,26.3,21.3,93,996.8,187,5.5,-9900,-9900,0.0,0.0
2021,8,6,21,60,0.0,0.0,0.0,0.0,0.0,5,26.3,21.3,93,996.8,187,5.5,-9900,-9900,0.0,0.0
2021,8,6,22,60,0.0,0.0,0.0,0.0,0.0,5,26.3,21.3,92,996.8,187,5.5,-9900,-9900,0.0,0.0
2021,8,6,23,60,0.0,0.0,0.0,0.0,0.0,5,25.5,20.5,94,997.3,151,5.5,-9900,-9900,0.0,0.0
2021,8,6,24,60,0.0,0.0,0.0,0.0,0.0,5,25.8,20.8,93,997.6,147,5.5,-9900,-9900,0.0,0.0
2021,8,7,1,60,0.0,0.0,0.0,0.0,0.0,5,26.1,21.1,92,997.9,142,5.5,-9900,-9900,0.0,0.0
2021,8,7,2,60,0.0,0.0,0.0,0.0,0.0,5,26.8,21.8,88,997.9,136,5.5,-9900,-9900,0.0,0.0
2021,8,7,3,60,0.0,0.0,0.0,0.0,0.0,5,27.6,22.6,84,997.8,129,5.5,-9900,-9900,0.0,0.0
2021,8,7,4,60,0.0,0.0,0.0,0.0,0.0,5,28.3,23.3,80,997.8,122,5.5,-9900,-9900,0.0,0.0
2021,8,7,5,60,0.0,0.0,0.0,0.0,0.0,5,28.1,23.1,83,997.2,114,5.5,-9900,-9900,0.0,0.0
2021,8,7,6,60,0.0,0.0,0.0,0.0,0.0,5,27.6,22.6,85,997.0,123,5.5,-9900,-9900,0.0,0.0
2021,8,7,7,60,0.0,0.0,0.0,0.0,0.0,5,27.2,22.2,87,996.9,133,7.4,-9900,-9900,0.0,0.0
2021,8,7,8,60,0.0,0.0,0.0,0.0,0.0,5,26.8,21.8,89,997.1,142,7.4,-9900,-9900,0.0,0.0
2021,8,7,9,60,0.0,0.0,0.0,0.0,0.0,5,26.4,21.4,92,997.4,156,5.5,-9900,-9900,0.0,0.0
2021,8,7,10,60,0.0,0.0,0.0,0.0,0.0,5,25.9,20.9,95,997.7,178,5.5,-9900,-9900,0.0,0.0
2021,8,7,11,60,0.0,0.0,0.0,0.0,0.0,5,25.9,20.9,94,999.4,248,5.5,-9900,-9900,0.0,0.0
2021,8,7,12,60,0.0,0.0,0.0,0.0,0.0,5,25.8,20.8,94,999.8,246,7.4,-9900,-9900,0.0,0.0
2021,8,7,13,60,0.0,0.0,0.0,0.0,0.0,5,25.7,20.7,94,1000.3,245,7.4,-9900,-9900,0.0,0.0
2021,8,7,14,60,0.0,0.0,0.0,0.0,0.0,5,25.9,20.9,92,1001.0,243,7.4,-9900,-9900,0.0,0.0
2021,8,7,15,60,0.0,0.0,0.0,0.0,0.0,5,26.0,21.0,90,1001.7,240,7.4,-9900,-9900,0.0,0.0
2021,8,7,16,60,0.0,0.0,0.0,0.0,0.0,5,26.1,21.1,89,1002.3,237,5.5,-9900,-9900,0.0,0.0
2021,8,7,17,60,0.0,0.0,0.0,0.0,0.0,5,26.6,21.6,92,1002.8,249,7.4,-9900,-9900,0.0,0.0
2021,8,7,18,60,0.0,0.0,0.0,0.0,0.0,5,26.5,21.5,92,1002.5,254,9.3,-9900,-9900,0.0,0.0
2021,8,7,19,60,0.0,0.0,0.0,0.0,0.0,5,26.4,21.4,92,1002.2,258,9.3,-9900,-9900,0.0,0.0
2021,8,7,20,60,0.0,0.0,0.0,0.0,0.0,5,26.3,21.3,92,1002.4,255,7.4,-9900,-9900,0.0,0.0
2021,8,7,21,60,0.0,0.0,0.0,0.0,0.0,5,26.2,21.2,92,1002.6,251,7.4,-9900,-9900,0.0,0.0
2021,8,7,22,60,0.0,0.0,0.0,0.0,0.0,5,26.1,21.1,92,1002.8,246,7.4,-9900,-9900,0.0,0.0
2021,8,7,23,60,0.0,0.0,0.0,0.0,0.0,5,26.7,21.7,88,1003.4,247,7.4,-9900,-9900,0.0,0.0
2021,8,7,24,60,0.0,0.0,0.0,0.0,0.0,5,27.3,22.3,85,1004.0,248,7.4,-9900,-9900,0.0,0.0
2021,8,8,1,60,0.0,0.0,0.0,0.0,0.0,5,27.9,22.9,82,1004.6,248,7.4,-9900,-9900,0.0,0.0
2021,8,8,2,60,0.0,0.0,0.0,0.0,0.0,5,29.3,24.3,75,1004.5,256,7.4,-9900,-9900,0.0,0.0
2021,8,8,3,60,0.0,0.0,0.0,0.0,0.0,5,30.7,25.7,69,1004.5,262,7.4,-9900,-9900,0.0,0.0
2021,8,8,4,60,0.0,0.0,0.0,0.0,0.0,5,32.1,27.1,64,1004.4,266,7.4,-9900,-9900,0.0,0.0
2021,8,8,5,60,0.0,0.0,0.0,0.0,0.0,5,32.8,27.8,62,1004.6,266,9.3,-9900,-9900,0.0,0.0
2021,8,8,6,60,0.0,0.0,0.0,0.0,0.0,5,32.9,27.9,62,1004.3,274,9.3,-9900,-9900,0.0,0.0
2021,8,8,7,60,0.0,0.0,0.0,0.0,0.0,5,33.0,28.0,61,1004.0,280,11.1,-9900,-9900,0.0,0.0
2021,8,8,8,60,0.0,0.0,0.0,0.0,0.0,5,32.5,27.5,63,1004.1,278,9.3,-9900,-9900,0.0,0.0
2021,8,8,9,60,0.0,0.0,0.0,0.0,0.0,5,31.9,26.9,65,1004.1,276,9.3,-9900,-9900,0.0,0.0
2021,8,8,10,60,0.0,0.0,0.0,0.0,0.0,5,31.3,26.3,67,1004.2,274,9.3,-9900,-9900,0.0,0.0
2021,8,8,11,60,0.0,0.0,0.0,0.0,0.0,5,31.2,26.2,72,1004.5,264,7.4,-9900,-9900,0.0,0.0
2021,8,8,12,60,0.0,0.0,0.0,0.0,0.0,5,30.6,25.6,74,1005.3,249,7.4,-9900,-9900,0.0,0.0
2021,8,8,13,60,0.0,0.0,0.0,0.0,0.0,5,29.9,24.9,76,1006.1,229,5.5,-9900,-9900,0.0,0.0
2021,8,8,14,60,0.0,0.0,0.0,0.0,0.0,5,29.6,24.6,77,1006.4,219,5.5,-9900,-9900,0.0,0.0
2021,8,8,15,60,0.0,0.0,0.0,0.0,0.0,5,29.3,24.3,78,1006.8,207,5.5,-9900,-9900,0.0,0.0
2021,8,8,16,60,0.0,0.0,0.0,0.0,0.0,5,29.0,24.0,78,1007.2,194,5.5,-9900,-9900,0.0,0.0
2021,8,8,17,60,0.0,0.0,0.0,0.0,0.0,5,28.2,23.2,90,1007.1,195,5.5,-9900,-9900,0.0,0.0
2021,8,8,18,60,0.0,0.0,0.0,0.0,0.0,5,27.9,22.9,90,1006.8,191,5.5,-9900,-9900,0.0,0.0
2021,8,8,19,60,0.0,0.0,0.0,0.0,0.0,5,27.7,22.7,90,1006.5,189,3.7,-9900,-9900,0.0,0.0
2021,8,8,20,60,0.0,0.0,0.0,0.0,0.0,5,27.4,22.4,91,1006.5,181,3.7,-9900,-9900,0.0,0.0
2021,8,8,21,60,0.0,0.0,0.0,0.0,0.0,5,27.2,22.2,91,1006.4,173,3.7,-9900,-9900,0.0,0.0
2021,8,8,22,60,0.0,0.0,0.0,0.0,0.0,5,27.0,22.0,92,1006.3,167,3.7,-9900,-9900,0.0,0.0
2021,8,8,23,60,0.0,0.0,0.0,0.0,0.0,5,27.6,22.6,91,1007.4,154,5.5,-9900,-9900,0.0,0.0
2021,8,8,24,60,0.0,0.0,0.0,0.0,0.0,5,28.2,23.2,87,1007.7,163,3.7,-9900,-9900,0.0,0.0
2021,8,9,1,60,0.0,0.0,0.0,0.0,0.0,5,28.9,23.9,82,1008.0,172,3.7,-9900,-9900,0.0,0.0
2021,8,9,2,60,0.0,0.0,0.0,0.0,0.0,5,30.3,25.3,76,1007.6,196,3.7,-9900,-9900,0.0,0.0
2021,8,9,3,60,0.0,0.0,0.0,0.0,0.0,5,31.8,26.8,69,1007.2,231,3.7,-9900,-9900,0.0,0.0
2021,8,9,4,60,0.0,0.0,0.0,0.0,0.0,5,33.2,28.2,63,1006.8,259,3.7,-9900,-9900,0.0,0.0
2021,8,9,5,60,0.0,0.0,0.0,0.0,0.0,5,32.3,27.3,68,1006.4,310,5.5,-9900,-9900,0.0,0.0
2021,8,9,6,60,0.0,0.0,0.0,0.0,0.0,5,32.1,27.1,69,1006.0,327,5.5,-9900,-9900,0.0,0.0
2021,8,9,7,60,0.0,0.0,0.0,0.0,0.0,5,31.8,26.8,70,1005.6,336,7.4,-9900,-9900,0.0,0.0
2021,8,9,8,60,0.0,0.0,0.0,0.0,0.0,5,31.2,26.2,73,1005.5,360,7.4,-9900,-9900,0.0,0.0
2021,8,9,9,60,0.0,0.0,0.0,0.0,0.0,5,30.5,25.5,75,1005.4,37,7.4,-9900,-9900,0.0,0.0
2021,8,9,10,60,0.0,0.0,0.0,0.0,0.0,5,29.8,24.8,78,1005.2,68,7.4,-9900,-9900,0.0,0.0
2021,8,9,11,60,0.0,0.0,0.0,0.0,0.0,5,29.5,24.5,80,1005.7,82,7.4,-9900,-9900,0.0,0.0
2021,8,9,12,60,0.0,0.0,0.0,0.0,0.0,5,29.1,24.1,82,1006.2,98,7.4,-9900,-9900,0.0,0.0
2021,8,9,13,60,0.0,0.0,0.0,0.0,0.0,5,28.7,23.7,83,1006.7,113,5.5,-9900,-9900,0.0,0.0
2021,8,9,14,60,0.0,0.0,0.0,0.0,0.0,5,28.6,23.6,83,1006.8,122,5.5,-9900,-9900,0.0,0.0
2021,8,9,15,60,0.0,0.0,0.0,0.0,0.0,5,28.5,23.5,83,1007.0,132,5.5,-9900,-9900,0.0,0.0
2021,8,9,16,60,0.0,0.0,0.0,0.0,0.0,5,28.3,23.3,84,1007.2,141,5.5,-9900,-9900,0.0,0.0
2021,8,9,17,60,0.0,0.0,0.0,0.0,0.0,5,28.1,23.1,83,1007.1,113,7.4,-9900,-9900,0.0,0.0
2021,8,9,18,60,0.0,0.0,0.0,0.0,0.0,5,27.9,22.9,83,1006.8,126,5.5,-9900,-9900,0.0,0.0
2021,8,9,19,60,0.0,0.0,0.0,0.0,0.0,5,27.7,22.7,84,1006.5,142,5.5,-9900,-9900,0.0,0.0
2021,8,9,20,60,0.0,0.0,0.0,0.0,0.0,5,27.4,22.4,85,1006.5,150,5.5,-9900,-9900,0.0,0.0
2021,8,9,21,60,0.0,0.0,0.0,0.0,0.0,5,27.1,22.1,86,1006.5,159,3.7,-9900,-9900,0.0,0.0
2021,8,9,22,60,0.0,0.0,0.0,0.0,0.0,5,26.9,21.9,87,1006.6,166,3.7,-9900,-9900,0.0,0.0
2021,8,9,23,60,0.0,0.0,0.0,0.0,0.0,5,27.8,22.8,83,1007.4,173,5.5,-9900,-9900,0.0,0.0
2021,8,9,24,60,0.0,0.0,0.0,0.0,0.0,5,28.6,23.6,81,1007.7,174,3.7,-9900,-9900,0.0,0.0
2021,8,10,1,60,0.0,0.0,0.0,0.0,0.0,5,29.3,24.3,79,1008.0,177,3.7,-9900,-9900,0.0,0.0
2021,8,10,2,60,0.0,0.0,0.0,0.0,0.0,5,30.8,25.8,71,1007.8,189,3.7,-9900,-9900,0.0,0.0
2021,8,10,3,60,0.0,0.0,0.0,0.0,0.0,5,32.3,27.3,64,1007.6,203,5.5,-9900,-9900,0.0,0.0
2021,8,10,4,60,0.0,0.0,0.0,0.0,0.0,5,33.7,28.7,59,1007.4,218,5.5,-9900,-9900,0.0,0.0
2021,8,10,5,60,0.0,0.0,0.0,0.0,0.0,5,32.9,27.9,62,1007.0,268,5.5,-9900,-9900,0.0,0.0
2021,8,10,6,60,0.0,0.0,0.0,0.0,0.0,5,32.6,27.6,64,1006.7,295,7.4,-9900,-9900,0.0,0.0
2021,8,10,7,60,0.0,0.0,0.0,0.0,0.0,5,32.3,27.3,66,1006.4,323,7.4,-9900,-9900,0.0,0.0
2021,8,10,8,60,0.0,0.0,0.0,0.0,0.0,5,31.5,26.5,69,1006.5,3,7.4,-9900,-9900,0.0,0.0
2021,8,10,9,60,0.0,0.0,0.0,0.0,0.0,5,30.6,25.6,72,1006.6,113,7.4,-9900,-9900,0.0,0.0
2021,8,10,10,60,0.0,0.0,0.0,0.0,0.0,5,29.8,24.8,75,1006.8,123,7.4,-9900,-9900,0.0,0.0
2021,8,10,11,60,0.0,0.0,0.0,0.0,0.0,5,29.4,24.4,76,1007.2,123,7.4,-9900,-9900,0.0,0.0
2021,8,10,12,60,0.0,0.0,0.0,0.0,0.0,5,29.1,24.1,78,1007.7,123,7.4,-9900,-9900,0.0,0.0
2021,8,10,13,60,0.0,0.0,0.0,0.0,0.0,5,28.7,23.7,80,1008.2,123,5.5,-9900,-9900,0.0,0.0
2021,8,10,14,60,0.0,0.0,0.0,0.0,0.0,5,28.5,23.5,80,1008.4,137,5.5,-9900,-9900,0.0,0.0
2021,8,10,15,60,0.0,0.0,0.0,0.0,0.0,5,28.3,23.3,80,1008.6,151,5.5,-9900,-9900,0.0,0.0
2021,8,10,16,60,0.0,0.0,0.0,0.0,0.0,5,28.1,23.1,81,1008.8,163,5.5,-9900,-9900,0.0,0.0
2021,8,10,17,60,0.0,0.0,0.0,0.0,0.0,5,27.8,22.8,82,1009.1,148,7.4,-9900,-9900,0.0,0.0
2021,8,10,18,60,0.0,0.0,0.0,0.0,0.0,5,27.5,22.5,83,1009.0,157,5.5,-9900,-9900,0.0,0.0
2021,8,10,19,60,0.0,0.0,0.0,0.0,0.0,5,27.3,22.3,83,1008.8,168,5.5,-9900,-9900,0.0,0.0
2021,8,10,20,60,0.0,0.0,0.0,0.0,0.0,5,27.0,22.0,84,1008.9,168,5.5,-9900,-9900,0.0,0.0
2021,8,10,21,60,0.0,0.0,0.0,0.0,0.0,5,26.7,21.7,84,1008.9,167,5.5,-9900,-9900,0.0,0.0
2021,8,10,22,60,0.0,0.0,0.0,0.0,0.0,5,26.5,21.5,84,1008.9,167,5.5,-9900,-9900,0.0,0.0
2021,8,10,23,60,0.0,0.0,0.0,0.0,0.0,5,27.7,22.7,80,1009.7,192,5.5,-9900,-9900,0.0,0.0
2021,8,10,24,60,0.0,0.0,0.0,0.0,0.0,5,28.5,23.5,78,1010.0,193,5.5,-9900,-9900,0.0,0.0
2021,8,11,1,60,0.0,0.0,0.0,0.0,0.0,5,29.3,24.3,75,1010.3,193,3.7,-9900,-9900,0.0,0.0
2021,8,11,2,60,0.0,0.0,0.0,0.0,0.0,5,30.8,25.8,69,1010.2,212,3.7,-9900,-9900,0.0,0.0
2021,8,11,3,60,0.0,0.0,0.0,0.0,0.0,5,32.3,27.3,64,1010.0,239,5.5,-9900,-9900,0.0,0.0
2021,8,11,4,60,0.0,0.0,0.0,0.0,0.0,5,33.8,28.8,58,1009.8,266,5.5,-9900,-9900,0.0,0.0
2021,8,11,5,60,0.0,0.0,0.0,0.0,0.0,5,32.5,27.5,64,1009.6,294,5.5,-9900,-9900,0.0,0.0
2021,8,11,6,60,0.0,0.0,0.0,0.0,0.0,5,32.2,27.2,66,1009.2,313,7.4,-9900,-9900,0.0,0.0
2021,8,11,7,60,0.0,0.0,0.0,0.0,0.0,5,32.0,27.0,67,1008.8,329,7.4,-9900,-9900,0.0,0.0
2021,8,11,8,60,0.0,0.0,0.0,0.0,0.0,5,31.1,26.1,70,1008.6,345,7.4,-9900,-9900,0.0,0.0
2021,8,11,9,60,0.0,0.0,0.0,0.0,0.0,5,30.3,25.3,73,1008.5,27,7.4,-9900,-9900,0.0,0.0
2021,8,11,10,60,0.0,0.0,0.0,0.0,0.0,5,29.5,24.5,76,1008.4,78,7.4,-9900,-9900,0.0,0.0
2021,8,11,11,60,0.0,0.0,0.0,0.0,0.0,5,28.5,23.5,84,1009.4,92,7.4,-9900,-9900,0.0,0.0
2021,8,11,12,60,0.0,0.0,0.0,0.0,0.0,5,28.4,23.4,84,1009.8,111,5.5,-9900,-9900,0.0,0.0
2021,8,11,13,60,0.0,0.0,0.0,0.0,0.0,5,28.2,23.2,84,1010.2,137,5.5,-9900,-9900,0.0,0.0
2021,8,11,14,60,0.0,0.0,0.0,0.0,0.0,5,28.2,23.2,83,1010.4,150,5.5,-9900,-9900,0.0,0.0
2021,8,11,15,60,0.0,0.0,0.0,0.0,0.0,5,28.1,23.1,83,1010.5,160,5.5,-9900,-9900,0.0,0.0
2021,8,11,16,60,0.0,0.0,0.0,0.0,0.0,5,28.0,23.0,83,1010.6,166,5.5,-9900,-9900,0.0,0.0
2021,8,11,17,60,0.0,0.0,0.0,0.0,0.0,5,27.3,22.3,86,1010.5,142,7.4,-9900,-9900,0.0,0.0
2021,8,11,18,60,0.0,0.0,0.0,0.0,0.0,5,27.1,22.1,87,1010.2,151,5.5,-9900,-9900,0.0,0.0
2021,8,11,19,60,0.0,0.0,0.0,0.0,0.0,5,27.0,22.0,86,1010.0,162,5.5,-9900,-9900,0.0,0.0
2021,8,11,20,60,0.0,0.0,0.0,0.0,0.0,5,26.8,21.8,86,1009.9,164,5.5,-9900,-9900,0.0,0.0
2021,8,11,21,60,0.0,0.0,0.0,0.0,0.0,5,26.6,21.6,87,1009.8,166,5.5,-9900,-9900,0.0,0.0
2021,8,11,22,60,0.0,0.0,0.0,0.0,0.0,5,26.4,21.4,87,1009.8,169,5.5,-9900,-9900,0.0,0.0
2021,8,11,23,60,0.0,0.0,0.0,0.0,0.0,5,27.2,22.2,86,1010.3,188,5.5,-9900,-9900,0.0,0.0
2021,8,11,24,60,0.0,0.0,0.0,0.0,0.0,5,27.9,22.9,82,1010.6,194,5.5,-9900,-9900,0.0,0.0
2021,8,12,1,60,0.0,0.0,0.0,0.0,0.0,5,28.7,23.7,79,1010.9,201,5.5,-9900,-9900,0.0,0.0
2021,8,12,2,60,0.0,0.0,0.0,0.0,0.0,5,30.2,25.2,71,1010.5,216,5.5,-9900,-9900,0.0,0.0
2021,8,12,3,60,0.0,0.0,0.0,0.0,0.0,5,31.8,26.8,64,1010.1,230,5.5,-9900,-9900,0.0,0.0
2021,8,12,4,60,0.0,0.0,0.0,0.0,0.0,5,33.3,28.3,58,1009.7,242,7.4,-9900,-9900,0.0,0.0
2021,8,12,5,60,0.0,0.0,0.0,0.0,0.0,5,32.4,27.4,61,1009.2,254,7.4,-9900,-9900,0.0,0.0
2021,8,12,6,60,0.0,0.0,0.0,0.0,0.0,5,32.7,27.7,61,1008.8,266,9.3,-9900,-9900,0.0,0.0
2021,8,12,7,60,0.0,0.0,0.0,0.0,0.0,5,33.0,28.0,61,1008.3,279,9.3,-9900,-9900,0.0,0.0
2021,8,12,8,60,0.0,0.0,0.0,0.0,0.0,5,32.0,27.0,64,1008.2,263,9.3,-9900,-9900,0.0,0.0
2021,8,12,9,60,0.0,0.0,0.0,0.0,0.0,5,31.1,26.1,68,1008.1,241,7.4,-9900,-9900,0.0,0.0
2021,8,12,10,60,0.0,0.0,0.0,0.0,0.0,5,30.1,25.1,72,1008.0,216,7.4,-9900,-9900,0.0,0.0
2021,8,12,11,60,0.0,0.0,0.0,0.0,0.0,5,30.8,25.8,71,1007.9,216,7.4,-9900,-9900,0.0,0.0
2021,8,12,12,60,0.0,0.0,0.0,0.0,0.0,5,30.3,25.3,73,1008.4,210,7.4,-9900,-9900,0.0,0.0
2021,8,12,13,60,0.0,0.0,0.0,0.0,0.0,5,29.7,24.7,75,1008.9,205,5.5,-9900,-9900,0.0,0.0
2021,8,12,14,60,0.0,0.0,0.0,0.0,0.0,5,29.4,24.4,76,1009.0,201,5.5,-9900,-9900,0.0,0.0
2021,8,12,15,60,0.0,0.0,0.0,0.0,0.0,5,29.1,24.1,77,1009.0,197,5.5,-9900,-9900,0.0,0.0
2021,8,12,16,60,0.0,0.0,0.0,0.0,0.0,5,28.8,23.8,78,1009.1,193,5.5,-9900,-9900,0.0,0.0
2021,8,12,17,60,0.0,0.0,0.0,0.0,0.0,5,28.4,23.4,79,1008.7,189,5.5,-9900,-9900,0.0,0.0
2021,8,12,18,60,0.0,0.0,0.0,0.0,0.0,5,28.1,23.1,79,1008.3,184,5.5,-9900,-9900,0.0,0.0
2021,8,12,19,60,0.0,0.0,0.0,0.0,0.0,5,27.8,22.8,80,1007.9,180,5.5,-9900,-9900,0.0,0.0
2021,8,12,20,60,0.0,0.0,0.0,0.0,0.0,5,27.5,22.5,81,1007.7,178,5.5,-9900,-9900,0.0,0.0
2021,8,12,21,60,0.0,0.0,0.0,0.0,0.0,5,27.3,22.3,81,1007.5,176,5.5,-9900,-9900,0.0,0.0
2021,8,12,22,60,0.0,0.0,0.0,0.0,0.0,5,27.0,22.0,82,1007.2,174,5.5,-9900,-9900,0.0,0.0
2021,8,12,23,60,0.0,0.0,0.0,0.0,0.0,5,27.9,22.9,80,1007.7,169,5.5,-9900,-9900,0.0,0.0
2021,8,12,24,60,0.0,0.0,0.0,0.0,0.0,5,28.6,23.6,77,1007.9,181,5.5,-9900,-9900,0.0,0.0
2021,8,13,1,60,0.0,0.0,0.0,0.0,0.0,5,29.4,24.4,73,1008.1,194,5.5,-9900,-9900,0.0,0.0
2021,8,13,2,60,0.0,0.0,0.0,0.0,0.0,5,30.8,25.8,66,1007.7,206,5.5,-9900,-9900,0.0,0.0
2021,8,13,3,60,0.0,0.0,0.0,0.0,0.0,5,32.2,27.2,61,1007.3,217,5.5,-9900,-9900,0.0,0.0
2021,8,13,4,60,0.0,0.0,0.0,0.0,0.0,5,33.6,28.6,55,1006.9,227,7.4,-9900,-9900,0.0,0.0
2021,8,13,5,60,0.0,0.0,0.0,0.0,0.0,5,32.5,27.5,61,1006.4,242,7.4,-9900,-9900,0.0,0.0
2021,8,13,6,60,0.0,0.0,0.0,0.0,0.0,5,32.5,27.5,62,1006.0,256,7.4,-9900,-9900,0.0,0.0
2021,8,13,7,60,0.0,0.0,0.0,0.0,0.0,5,32.5,27.5,62,1005.5,275,7.4,-9900,-9900,0.0,0.0
2021,8,13,8,60,0.0,0.0,0.0,0.0,0.0,5,31.5,26.5,66,1005.4,251,7.4,-9900,-9900,0.0,0.0
2021,8,13,9,60,0.0,0.0,0.0,0.0,0.0,5,30.5,25.5,69,1005.3,215,7.4,-9900,-9900,0.0,0.0
2021,8,13,10,60,0.0,0.0,0.0,0.0,0.0,5,29.6,24.6,72,1005.2,185,7.4,-9900,-9900,0.0,0.0
2021,8,13,11,60,0.0,0.0,0.0,0.0,0.0,5,27.6,22.6,87,1005.8,132,9.3,-9900,-9900,0.0,0.0
2021,8,13,12,60,0.0,0.0,0.0,0.0,0.0,5,27.7,22.7,85,1006.2,148,7.4,-9900,-9900,0.0,0.0
2021,8,13,13,60,0.0,0.0,0.0,0.0,0.0,5,27.7,22.7,84,1006.6,173,5.5,-9900,-9900,0.0,0.0
2021,8,13,14,60,0.0,0.0,0.0,0.0,0.0,5,27.6,22.6,84,1006.8,175,5.5,-9900,-9900,0.0,0.0
2021,8,13,15,60,0.0,0.0,0.0,0.0,0.0,5,27.5,22.5,84,1006.9,178,5.5,-9900,-9900,0.0,0.0
2021,8,13,16,60,0.0,0.0,0.0,0.0,0.0,5,27.4,22.4,84,1007.1,180,5.5,-9900,-9900,0.0,0.0
2021,8,13,17,60,0.0,0.0,0.0,0.0,0.0,5,26.5,21.5,93,1006.8,169,5.5,-9900,-9900,0.0,0.0
2021,8,13,18,60,0.0,0.0,0.0,0.0,0.0,5,26.3,21.3,93,1006.5,172,5.5,-9900,-9900,0.0,0.0
2021,8,13,19,60,0.0,0.0,0.0,0.0,0.0,5,26.2,21.2,92,1006.3,174,5.5,-9900,-9900,0.0,0.0
2021,8,13,20,60,0.0,0.0,0.0,0.0,0.0,5,26.1,21.1,92,1006.3,173,5.5,-9900,-9900,0.0,0.0
2021,8,13,21,60,0.0,0.0,0.0,0.0,0.0,5,26.0,21.0,92,1006.3,172,5.5,-9900,-9900,0.0,0.0
2021,8,13,22,60,0.0,0.0,0.0,0.0,0.0,5,25.9,20.9,91,1006.3,170,5.5,-9900,-9900,0.0,0.0
2021,8,13,23,60,0.0,0.0,0.0,0.0,0.0,5,26.6,21.6,89,1006.7,189,5.5,-9900,-9900,0.0,0.0
2021,8,13,24,60,0.0,0.0,0.0,0.0,0.0,5,27.5,22.5,84,1007.1,194,5.5,-9900,-9900,0.0,0.0
2021,8,14,1,60,0.0,0.0,0.0,0.0,0.0,5,28.4,23.4,79,1007.4,200,3.7,-9900,-9900,0.0,0.0
2021,8,14,2,60,0.0,0.0,0.0,0.0,0.0,5,30.0,25.0,71,1007.3,211,5.5,-9900,-9900,0.0,0.0
2021,8,14,3,60,0.0,0.0,0.0,0.0,0.0,5,31.6,26.6,64,1007.1,222,5.5,-9900,-9900,0.0,0.0
2021,8,14,4,60,0.0,0.0,0.0,0.0,0.0,5,33.3,28.3,57,1006.9,233,5.5,-9900,-9900,0.0,0.0
2021,8,14,5,60,0.0,0.0,0.0,0.0,0.0,5,32.3,27.3,63,1006.8,259,7.4,-9900,-9900,0.0,0.0
2021,8,14,6,60,0.0,0.0,0.0,0.0,0.0,5,31.8,26.8,65,1006.5,276,7.4,-9900,-9900,0.0,0.0
2021,8,14,7,60,0.0,0.0,0.0,0.0,0.0,5,31.4,26.4,67,1006.2,297,7.4,-9900,-9900,0.0,0.0
2021,8,14,8,60,0.0,0.0,0.0,0.0,0.0,5,30.6,25.6,70,1006.4,276,7.4,-9900,-9900,0.0,0.0
2021,8,14,9,60,0.0,0.0,0.0,0.0,0.0,5,29.7,24.7,74,1006.5,241,7.4,-9900,-9900,0.0,0.0
2021,8,14,10,60,0.0,0.0,0.0,0.0,0.0,5,28.9,23.9,77,1006.6,209,7.4,-9900,-9900,0.0,0.0
2021,8,14,11,60,0.0,0.0,0.0,0.0,0.0,5,28.8,23.8,82,1007.4,134,5.5,-9900,-9900,0.0,0.0
2021,8,14,12,60,0.0,0.0,0.0,0.0,0.0,5,28.4,23.4,83,1008.0,157,5.5,-9900,-9900,0.0,0.0
2021,8,14,13,60,0.0,0.0,0.0,0.0,0.0,5,28.1,23.1,84,1008.7,170,5.5,-9900,-9900,0.0,0.0
2021,8,14,14,60,0.0,0.0,0.0,0.0,0.0,5,27.9,22.9,84,1008.9,169,5.5,-9900,-9900,0.0,0.0
2021,8,14,15,60,0.0,0.0,0.0,0.0,0.0,5,27.8,22.8,84,1009.2,168,5.5,-9900,-9900,0.0,0.0
2021,8,14,16,60,0.0,0.0,0.0,0.0,0.0,5,27.7,22.7,84,1009.5,167,5.5,-9900,-9900,0.0,0.0
2021,8,14,17,60,0.0,0.0,0.0,0.0,0.0,5,26.7,21.7,94,1009.7,189,5.5,-9900,-9900,0.0,0.0
2021,8,14,18,60,0.0,0.0,0.0,0.0,0.0,5,26.5,21.5,94,1009.4,185,5.5,-9900,-9900,0.0,0.0
2021,8,14,19,60,0.0,0.0,0.0,0.0,0.0,5,26.4,21.4,93,1009.1,181,3.7,-9900,-9900,0.0,0.0
2021,8,14,20,60,0.0,0.0,0.0,0.0,0.0,5,26.3,21.3,92,1009.2,174,5.5,-9900,-9900,0.0,0.0
2021,8,14,21,60,0.0,0.0,0.0,0.0,0.0,5,26.2,21.2,92,1009.3,169,5.5,-9900,-9900,0.0,0.0
2021,8,14,22,60,0.0,0.0,0.0,0.0,0.0,5,26.1,21.1,91,1009.4,164,5.5,-9900,-9900,0.0,0.0
2021,8,14,23,60,0.0,0.0,0.0,0.0,0.0,5,26.7,21.7,93,1010.2,178,3.7,-9900,-9900,0.0,0.0
2021,8,14,24,60,0.0,0.0,0.0,0.0,0.0,5,27.6,22.6,88,1010.6,178,3.7,-9900,-9900,0.0,0.0
2021,8,15,1,60,0.0,0.0,0.0,0.0,0.0,5,28.5,23.5,83,1011.0,178,3.7,-9900,-9900,0.0,0.0
2021,8,15,2,60,0.0,0.0,0.0,0.0,0.0,5,30.1,25.1,75,1011.0,189,3.7,-9900,-9900,0.0,0.0
2021,8,15,3,60,0.0,0.0,0.0,0.0,0.0,5,31.7,26.7,68,1011.0,211,3.7,-9900,-9900,0.0,0.0
2021,8,15,4,60,0.0,0.0,0.0,0.0,0.0,5,33.3,28.3,61,1010.9,250,3.7,-9900,-9900,0.0,0.0
2021,8,15,5,60,0.0,0.0,0.0,0.0,0.0,5,33.0,28.0,63,1010.6,297,5.5,-9900,-9900,0.0,0.0
2021,8,15,6,60,0.0,0.0,0.0,0.0,0.0,5,32.7,27.7,64,1010.3,320,7.4,-9900,-9900,0.0,0.0
2021,8,15,7,60,0.0,0.0,0.0,0.0,0.0,5,32.5,27.5,65,1010.0,331,9.3,-9900,-9900,0.0,0.0
2021,8,15,8,60,0.0,0.0,0.0,0.0,0.0,5,31.6,26.6,68,1010.1,315,7.4,-9900,-9900,0.0,0.0
2021,8,15,9,60,0.0,0.0,0.0,0.0,0.0,5,30.8,25.8,71,1010.2,262,7.4,-9900,-9900,0.0,0.0
2021,8,15,10,60,0.0,0.0,0.0,0.0,0.0,5,29.9,24.9,75,1010.4,207,7.4,-9900,-9900,0.0,0.0
2021,8,15,11,60,0.0,0.0,0.0,0.0,0.0,5,28.2,23.2,83,1011.8,141,7.4,-9900,-9900,0.0,0.0
2021,8,15,12,60,0.0,0.0,0.0,0.0,0.0,5,28.0,23.0,83,1012.3,151,7.4,-9900,-9900,0.0,0.0
2021,8,15,13,60,0.0,0.0,0.0,0.0,0.0,5,27.9,22.9,83,1012.8,163,5.5,-9900,-9900,0.0,0.0
2021,8,15,14,60,0.0,0.0,0.0,0.0,0.0,5,27.7,22.7,84,1013.0,166,5.5,-9900,-9900,0.0,0.0
2021,8,15,15,60,0.0,0.0,0.0,0.0,0.0,5,27.6,22.6,84,1013.3,168,5.5,-9900,-9900,0.0,0.0
2021,8,15,16,60,0.0,0.0,0.0,0.0,0.0,5,27.5,22.5,84,1013.5,170,5.5,-9900,-9900,0.0,0.0
2021,8,15,17,60,0.0,0.0,0.0,0.0,0.0,5,28.4,23.4,83,1013.2,127,5.5,-9900,-9900,0.0,0.0
2021,8,15,18,60,0.0,0.0,0.0,0.0,0.0,5,28.1,23.1,83,1013.0,144,5.5,-9900,-9900,0.0,0.0
2021,8,15,19,60,0.0,0.0,0.0,0.0,0.0,5,27.8,22.8,84,1012.9,158,3.7,-9900,-9900,0.0,0.0
2021,8,15,20,60,0.0,0.0,0.0,0.0,0.0,5,27.4,22.4,85,1012.9,160,5.5,-9900,-9900,0.0,0.0
2021,8,15,21,60,0.0,0.0,0.0,0.0,0.0,5,26.9,21.9,86,1012.9,161,5.5,-9900,-9900,0.0,0.0
2021,8,15,22,60,0.0,0.0,0.0,0.0,0.0,5,26.5,21.5,87,1013.0,162,5.5,-9900,-9900,0.0,0.0
2021,8,15,23,60,0.0,0.0,0.0,0.0,0.0,5,28.0,23.0,82,1013.5,174,5.5,-9900,-9900,0.0,0.0
2021,8,15,24,60,0.0,0.0,0.0,0.0,0.0,5,28.8,23.8,80,1013.8,176,5.5,-9900,-9900,0.0,0.0
2021,8,16,1,60,0.0,0.0,0.0,0.0,0.0,5,29.6,24.6,77,1014.1,177,3.7,-9900,-9900,0.0,0.0
2021,8,16,2,60,0.0,0.0,0.0,0.0,0.0,5,31.0,26.0,71,1013.7,191,3.7,-9900,-9900,0.0,0.0
2021,8,16,3,60,0.0,0.0,0.0,0.0,0.0,5,32.5,27.5,64,1013.4,212,3.7,-9900,-9900,0.0,0.0
2021,8,16,4,60,0.0,0.0,0.0,0.0,0.0,5,33.9,28.9,59,1013.0,237,3.7,-9900,-9900,0.0,0.0
2021,8,16,5,60,0.0,0.0,0.0,0.0,0.0,5,33.5,28.5,60,1012.5,298,5.5,-9900,-9900,0.0,0.0
2021,8,16,6,60,0.0,0.0,0.0,0.0,0.0,5,33.2,28.2,62,1012.0,321,7.4,-9900,-9900,0.0,0.0
2021,8,16,7,60,0.0,0.0,0.0,0.0,0.0,5,32.9,27.9,63,1011.6,340,7.4,-9900,-9900,0.0,0.0
2021,8,16,8,60,0.0,0.0,0.0,0.0,0.0,5,32.1,27.1,65,1011.6,339,7.4,-9900,-9900,0.0,0.0
2021,8,16,9,60,0.0,0.0,0.0,0.0,0.0,5,31.3,26.3,68,1011.6,335,7.4,-9900,-9900,0.0,0.0
2021,8,16,10,60,0.0,0.0,0.0,0.0,0.0,5,30.4,25.4,71,1011.6,248,7.4,-9900,-9900,0.0,0.0
2021,8,16,11,60,0.0,0.0,0.0,0.0,0.0,5,29.2,24.2,78,1011.9,117,7.4,-9900,-9900,0.0,0.0
2021,8,16,12,60,0.0,0.0,0.0,0.0,0.0,5,29.0,24.0,78,1012.3,154,5.5,-9900,-9900,0.0,0.0
2021,8,16,13,60,0.0,0.0,0.0,0.0,0.0,5,28.7,23.7,79,1012.8,197,5.5,-9900,-9900,0.0,0.0
2021,8,16,14,60,0.0,0.0,0.0,0.0,0.0,5,28.5,23.5,80,1012.9,195,5.5,-9900,-9900,0.0,0.0
2021,8,16,15,60,0.0,0.0,0.0,0.0,0.0,5,28.3,23.3,80,1013.1,193,5.5,-9900,-9900,0.0,0.0
2021,8,16,16,60,0.0,0.0,0.0,0.0,0.0,5,28.2,23.2,80,1013.2,192,5.5,-9900,-9900,0.0,0.0
2021,8,16,17,60,0.0,0.0,0.0,0.0,0.0,5,28.4,23.4,82,1012.5,190,5.5,-9900,-9900,0.0,0.0
2021,8,16,18,60,0.0,0.0,0.0,0.0,0.0,5,28.1,23.1,83,1012.3,188,5.5,-9900,-9900,0.0,0.0
2021,8,16,19,60,0.0,0.0,0.0,0.0,0.0,5,27.9,22.9,83,1012.1,185,5.5,-9900,-9900,0.0,0.0
2021,8,16,20,60,0.0,0.0,0.0,0.0,0.0,5,27.5,22.5,83,1011.9,178,5.5,-9900,-9900,0.0,0.0
2021,8,16,21,60,0.0,0.0,0.0,0.0,0.0,5,27.2,22.2,83,1011.8,172,5.5,-9900,-9900,0.0,0.0
2021,8,16,22,60,0.0,0.0,0.0,0.0,0.0,5,26.8,21.8,84,1011.6,167,5.5,-9900,-9900,0.0,0.0
2021,8,16,23,60,0.0,0.0,0.0,0.0,0.0,5,27.9,22.9,83,1011.8,187,5.5,-9900,-9900,0.0,0.0
2021,8,16,24,60,0.0,0.0,0.0,0.0,0.0,5,28.7,23.7,79,1012.0,194,5.5,-9900,-9900,0.0,0.0
2021,8,17,1,60,0.0,0.0,0.0,0.0,0.0,5,29.5,24.5,75,1012.2,203,5.5,-9900,-9900,0.0,0.0
2021,8,17,2,60,0.0,0.0,0.0,0.0,0.0,5,31.1,26.1,68,1011.8,217,5.5,-9900,-9900,0.0,0.0
2021,8,17,3,60,0.0,0.0,0.0,0.0,0.0,5,32.7,27.7,61,1011.4,232,5.5,-9900,-9900,0.0,0.0
2021,8,17,4,60,0.0,0.0,0.0,0.0,0.0,5,34.3,29.3,55,1011.1,245,5.5,-9900,-9900,0.0,0.0
2021,8,17,5,60,0.0,0.0,0.0,0.0,0.0,5,33.7,28.7,59,1010.5,274,7.4,-9900,-9900,0.0,0.0
2021,8,17,6,60,0.0,0.0,0.0,0.0,0.0,5,33.8,28.8,59,1009.8,281,7.4,-9900,-9900,0.0,0.0
2021,8,17,7,60,0.0,0.0,0.0,0.0,0.0,5,33.9,28.9,59,1009.2,287,9.3,-9900,-9900,0.0,0.0
2021,8,17,8,60,0.0,0.0,0.0,0.0,0.0,5,33.0,28.0,61,1008.9,277,9.3,-9900,-9900,0.0,0.0
2021,8,17,9,60,0.0,0.0,0.0,0.0,0.0,5,32.2,27.2,64,1008.7,261,7.4,-9900,-9900,0.0,0.0
2021,8,17,10,60,0.0,0.0,0.0,0.0,0.0,5,31.3,26.3,67,1008.5,240,7.4,-9900,-9900,0.0,0.0
2021,8,17,11,60,0.0,0.0,0.0,0.0,0.0,5,30.5,25.5,73,1008.6,214,7.4,-9900,-9900,0.0,0.0
2021,8,17,12,60,0.0,0.0,0.0,0.0,0.0,5,30.0,25.0,74,1009.2,207,5.5,-9900,-9900,0.0,0.0
2021,8,17,13,60,0.0,0.0,0.0,0.0,0.0,5,29.5,24.5,76,1009.9,198,5.5,-9900,-9900,0.0,0.0
2021,8,17,14,60,0.0,0.0,0.0,0.0,0.0,5,29.3,24.3,76,1009.9,195,5.5,-9900,-9900,0.0,0.0
2021,8,17,15,60,0.0,0.0,0.0,0.0,0.0,5,29.0,24.0,77,1009.9,192,5.5,-9900,-9900,0.0,0.0
2021,8,17,16,60,0.0,0.0,0.0,0.0,0.0,5,28.8,23.8,78,1009.9,189,5.5,-9900,-9900,0.0,0.0
2021,8,17,17,60,0.0,0.0,0.0,0.0,0.0,5,28.6,23.6,78,1009.6,192,5.5,-9900,-9900,0.0,0.0
2021,8,17,18,60,0.0,0.0,0.0,0.0,0.0,5,28.4,23.4,78,1009.4,194,5.5,-9900,-9900,0.0,0.0
2021,8,17,19,60,0.0,0.0,0.0,0.0,0.0,5,28.2,23.2,78,1009.2,196,5.5,-9900,-9900,0.0,0.0
2021,8,17,20,60,0.0,0.0,0.0,0.0,0.0,5,27.9,22.9,79,1009.0,194,5.5,-9900,-9900,0.0,0.0
2021,8,17,21,60,0.0,0.0,0.0,0.0,0.0,5,27.6,22.6,80,1008.9,191,5.5,-9900,-9900,0.0,0.0
2021,8,17,22,60,0.0,0.0,0.0,0.0,0.0,5,27.3,22.3,81,1008.7,188,5.5,-9900,-9900,0.0,0.0
2021,8,17,23,60,0.0,0.0,0.0,0.0,0.0,5,28.1,23.1,78,1009.3,154,5.5,-9900,-9900,0.0,0.0
2021,8,17,24,60,0.0,0.0,0.0,0.0,0.0,5,28.5,23.5,77,1009.6,167,5.5,-9900,-9900,0.0,0.0
2021,8,18,1,60,0.0,0.0,0.0,0.0,0.0,5,28.8,23.8,76,1009.8,188,3.7,-9900,-9900,0.0,0.0
2021,8,18,2,60,0.0,0.0,0.0,0.0,0.0,5,29.5,24.5,73,1009.7,214,3.7,-9900,-9900,0.0,0.0
2021,8,18,3,60,0.0,0.0,0.0,0.0,0.0,5,30.1,25.1,71,1009.5,245,3.7,-9900,-9900,0.0,0.0
2021,8,18,4,60,0.0,0.0,0.0,0.0,0.0,5,30.8,25.8,68,1009.4,269,5.5,-9900,-9900,0.0,0.0
2021,8,18,5,60,0.0,0.0,0.0,0.0,0.0,5,29.8,24.8,73,1008.9,309,5.5,-9900,-9900,0.0,0.0
2021,8,18,6,60,0.0,0.0,0.0,0.0,0.0,5,29.7,24.7,74,1008.4,328,5.5,-9900,-9900,0.0,0.0
2021,8,18,7,60,0.0,0.0,0.0,0.0,0.0,5,29.6,24.6,75,1008.0,339,7.4,-9900,-9900,0.0,0.0
2021,8,18,8,60,0.0,0.0,0.0,0.0,0.0,5,29.1,24.1,77,1007.9,350,7.4,-9900,-9900,0.0,0.0
2021,8,18,9,60,0.0,0.0,0.0,0.0,0.0,5,28.7,23.7,78,1007.7,14,7.4,-9900,-9900,0.0,0.0
2021,8,18,10,60,0.0,0.0,0.0,0.0,0.0,5,28.3,23.3,79,1007.6,60,7.4,-9900,-9900,0.0,0.0
2021,8,18,11,60,0.0,0.0,0.0,0.0,0.0,5,28.3,23.3,79,1008.2,154,5.5,-9900,-9900,0.0,0.0
2021,8,18,12,60,0.0,0.0,0.0,0.0,0.0,5,27.9,22.9,80,1008.6,111,5.5,-9900,-9900,0.0,0.0
2021,8,18,13,60,0.0,0.0,0.0,0.0,0.0,5,27.5,22.5,81,1009.0,107,5.5,-9900,-9900,0.0,0.0
2021,8,18,14,60,0.0,0.0,0.0,0.0,0.0,5,27.4,22.4,80,1009.1,115,5.5,-9900,-9900,0.0,0.0
2021,8,18,15,60,0.0,0.0,0.0,0.0,0.0,5,27.3,22.3,80,1009.2,122,5.5,-9900,-9900,0.0,0.0
2021,8,18,16,60,0.0,0.0,0.0,0.0,0.0,5,27.2,22.2,80,1009.3,127,5.5,-9900,-9900,0.0,0.0
2021,8,18,17,60,0.0,0.0,0.0,0.0,0.0,5,27.3,22.3,79,1009.1,123,7.4,-9900,-9900,0.0,0.0
2021,8,18,18,60,0.0,0.0,0.0,0.0,0.0,5,27.0,22.0,80,1008.7,133,5.5,-9900,-9900,0.0,0.0
2021,8,18,19,60,0.0,0.0,0.0,0.0,0.0,5,26.8,21.8,80,1008.4,146,5.5,-9900,-9900,0.0,0.0
2021,8,18,20,60,0.0,0.0,0.0,0.0,0.0,5,26.6,21.6,81,1008.4,150,5.5,-9900,-9900,0.0,0.0
2021,8,18,21,60,0.0,0.0,0.0,0.0,0.0,5,26.3,21.3,82,1008.4,154,5.5,-9900,-9900,0.0,0.0
2021,8,18,22,60,0.0,0.0,0.0,0.0,0.0,5,26.0,21.0,84,1008.4,158,5.5,-9900,-9900,0.0,0.0
2021,8,18,23,60,0.0,0.0,0.0,0.0,0.0,5,26.7,21.7,80,1009.2,145,5.5,-9900,-9900,0.0,0.0
2021,8,18,24,60,0.0,0.0,0.0,0.0,0.0,5,27.4,22.4,79,1009.5,146,5.5,-9900,-9900,0.0,0.0
2021,8,19,1,60,0.0,0.0,0.0,0.0,0.0,5,28.2,23.2,77,1009.8,147,3.7,-9900,-9900,0.0,0.0
2021,8,19,2,60,0.0,0.0,0.0,0.0,0.0,5,29.5,24.5,72,1009.7,156,3.7,-9900,-9900,0.0,0.0
2021,8,19,3,60,0.0,0.0,0.0,0.0,0.0,5,30.9,25.9,67,1009.6,247,3.7,-9900,-9900,0.0,0.0
2021,8,19,4,60,0.0,0.0,0.0,0.0,0.0,5,32.2,27.2,63,1009.4,306,3.7,-9900,-9900,0.0,0.0
2021,8,19,5,60,0.0,0.0,0.0,0.0,0.0,5,31.6,26.6,65,1009.3,42,5.5,-9900,-9900,0.0,0.0
2021,8,19,6,60,0.0,0.0,0.0,0.0,0.0,5,31.4,26.4,66,1008.8,25,5.5,-9900,-9900,0.0,0.0
2021,8,19,7,60,0.0,0.0,0.0,0.0,0.0,5,31.1,26.1,68,1008.2,14,7.4,-9900,-9900,0.0,0.0
2021,8,19,8,60,0.0,0.0,0.0,0.0,0.0,5,30.2,25.2,71,1008.2,16,7.4,-9900,-9900,0.0,0.0
2021,8,19,9,60,0.0,0.0,0.0,0.0,0.0,5,29.4,24.4,74,1008.2,23,7.4,-9900,-9900,0.0,0.0
2021,8,19,10,60,0.0,0.0,0.0,0.0,0.0,5,28.5,23.5,77,1008.2,140,7.4,-9900,-9900,0.0,0.0
2021,8,19,11,60,0.0,0.0,0.0,0.0,0.0,5,28.4,23.4,80,1008.8,248,7.4,-9900,-9900,0.0,0.0
2021,8,19,12,60,0.0,0.0,0.0,0.0,0.0,5,28.1,23.1,80,1009.4,193,5.5,-9900,-9900,0.0,0.0
2021,8,19,13,60,0.0,0.0,0.0,0.0,0.0,5,27.7,22.7,81,1010.0,147,5.5,-9900,-9900,0.0,0.0
2021,8,19,14,60,0.0,0.0,0.0,0.0,0.0,5,27.6,22.6,81,1010.1,151,5.5,-9900,-9900,0.0,0.0
2021,8,19,15,60,0.0,0.0,0.0,0.0,0.0,5,27.5,22.5,80,1010.3,154,5.5,-9900,-9900,0.0,0.0
2021,8,19,16,60,0.0,0.0,0.0,0.0,0.0,5,27.3,22.3,81,1010.4,157,5.5,-9900,-9900,0.0,0.0
2021,8,19,17,60,0.0,0.0,0.0,0.0,0.0,5,25.9,20.9,88,1010.5,164,5.5,-9900,-9900,0.0,0.0
2021,8,19,18,60,0.0,0.0,0.0,0.0,0.0,5,25.8,20.8,87,1010.1,167,5.5,-9900,-9900,0.0,0.0
2021,8,19,19,60,0.0,0.0,0.0,0.0,0.0,5,25.7,20.7,86,1009.7,171,5.5,-9900,-9900,0.0,0.0
2021,8,19,20,60,0.0,0.0,0.0,0.0,0.0,5,25.7,20.7,86,1009.6,171,5.5,-9900,-9900,0.0,0.0
2021,8,19,21,60,0.0,0.0,0.0,0.0,0.0,5,25.6,20.6,86,1009.6,171,5.5,-9900,-9900,0.0,0.0
2021,8,19,22,60,0.0,0.0,0.0,0.0,0.0,5,25.6,20.6,86,1009.6,171,5.5,-9900,-9900,0.0,0.0
2021,8,19,23,60,0.0,0.0,0.0,0.0,0.0,5,26.1,21.1,83,1009.7,181,5.5,-9900,-9900,0.0,0.0
2021,8,19,24,60,0.0,0.0,0.0,0.0,0.0,5,27.1,22.1,79,1010.1,179,3.7,-9900,-9900,0.0,0.0
2021,8,20,1,60,0.0,0.0,0.0,0.0,0.0,5,28.0,23.0,76,1010.5,177,3.7,-9900,-9900,0.0,0.0
2021,8,20,2,60,0.0,0.0,0.0,0.0,0.0,5,29.8,24.8,69,1010.4,194,3.7,-9900,-9900,0.0,0.0
2021,8,20,3,60,0.0,0.0,0.0,0.0,0.0,5,31.6,26.6,62,1010.3,224,3.7,-9900,-9900,0.0,0.0
2021,8,20,4,60,0.0,0.0,0.0,0.0,0.0,5,33.3,28.3,57,1010.2,260,3.7,-9900,-9900,0.0,0.0
2021,8,20,5,60,0.0,0.0,0.0,0.0,0.0,5,33.1,28.1,58,1009.7,300,5.5,-9900,-9900,0.0,0.0
2021,8,20,6,60,0.0,0.0,0.0,0.0,0.0,5,32.8,27.8,60,1009.2,325,7.4,-9900,-9900,0.0,0.0
2021,8,20,7,60,0.0,0.0,0.0,0.0,0.0,5,32.5,27.5,61,1008.7,337,7.4,-9900,-9900,0.0,0.0
2021,8,20,8,60,0.0,0.0,0.0,0.0,0.0,5,31.5,26.5,65,1008.6,350,7.4,-9900,-9900,0.0,0.0
2021,8,20,9,60,0.0,0.0,0.0,0.0,0.0,5,30.5,25.5,68,1008.6,44,7.4,-9900,-9900,0.0,0.0
2021,8,20,10,60,0.0,0.0,0.0,0.0,0.0,5,29.5,24.5,72,1008.5,106,7.4,-9900,-9900,0.0,0.0
2021,8,20,11,60,0.0,0.0,0.0,0.0,0.0,5,29.1,24.1,75,1009.6,107,7.4,-9900,-9900,0.0,0.0
2021,8,20,12,60,0.0,0.0,0.0,0.0,0.0,5,28.6,23.6,77,1010.2,120,5.5,-9900,-9900,0.0,0.0
2021,8,20,13,60,0.0,0.0,0.0,0.0,0.0,5,28.2,23.2,78,1010.7,135,5.5,-9900,-9900,0.0,0.0
2021,8,20,14,60,0.0,0.0,0.0,0.0,0.0,5,28.0,23.0,78,1010.8,143,5.5,-9900,-9900,0.0,0.0
2021,8,20,15,60,0.0,0.0,0.0,0.0,0.0,5,27.8,22.8,79,1010.8,149,5.5,-9900,-9900,0.0,0.0
2021,8,20,16,60,0.0,0.0,0.0,0.0,0.0,5,27.6,22.6,79,1010.9,154,5.5,-9900,-9900,0.0,0.0
2021,8,20,17,60,0.0,0.0,0.0,0.0,0.0,5,27.4,22.4,84,1010.4,178,7.4,-9900,-9900,0.0,0.0
2021,8,20,18,60,0.0,0.0,0.0,0.0,0.0,5,27.2,22.2,83,1010.1,178,5.5,-9900,-9900,0.0,0.0
2021,8,20,19,60,0.0,0.0,0.0,0.0,0.0,5,27.0,22.0,83,1009.7,177,5.5,-9900,-9900,0.0,0.0
2021,8,20,20,60,0.0,0.0,0.0,0.0,0.0,5,26.7,21.7,84,1009.5,177,5.5,-9900,-9900,0.0,0.0
2021,8,20,21,60,0.0,0.0,0.0,0.0,0.0,5,26.5,21.5,84,1009.3,177,5.5,-9900,-9900,0.0,0.0
2021,8,20,22,60,0.0,0.0,0.0,0.0,0.0,5,26.3,21.3,84,1009.1,177,5.5,-9900,-9900,0.0,0.0
2021,8,20,23,60,0.0,0.0,0.0,0.0,0.0,5,27.3,22.3,78,1009.5,173,5.5,-9900,-9900,0.0,0.0
2021,8,20,24,60,0.0,0.0,0.0,0.0,0.0,5,28.1,23.1,76,1009.7,174,5.5,-9900,-9900,0.0,0.0
2021,8,21,1,60,0.0,0.0,0.0,0.0,0.0,5,28.9,23.9,73,1010.0,176,3.7,-9900,-9900,0.0,0.0
2021,8,21,2,60,0.0,0.0,0.0,0.0,0.0,5,30.5,25.5,67,1009.7,188,3.7,-9900,-9900,0.0,0.0
2021,8,21,3,60,0.0,0.0,0.0,0.0,0.0,5,32.1,27.1,62,1009.4,208,5.5,-9900,-9900,0.0,0.0
2021,8,21,4,60,0.0,0.0,0.0,0.0,0.0,5,33.7,28.7,56,1009.1,238,5.5,-9900,-9900,0.0,0.0
2021,8,21,5,60,0.0,0.0,0.0,0.0,0.0,5,32.7,27.7,60,1008.7,321,5.5,-9900,-9900,0.0,0.0
2021,8,21,6,60,0.0,0.0,0.0,0.0,0.0,5,32.6,27.6,61,1008.2,24,7.4,-9900,-9900,0.0,0.0
2021,8,21,7,60,0.0,0.0,0.0,0.0,0.0,5,32.4,27.4,62,1007.6,42,7.4,-9900,-9900,0.0,0.0
2021,8,21,8,60,0.0,0.0,0.0,0.0,0.0,5,31.4,26.4,66,1007.6,70,7.4,-9900,-9900,0.0,0.0
2021,8,21,9,60,0.0,0.0,0.0,0.0,0.0,5,30.5,25.5,68,1007.5,104,7.4,-9900,-9900,0.0,0.0
2021,8,21,10,60,0.0,0.0,0.0,0.0,0.0,5,29.5,24.5,72,1007.4,127,7.4,-9900,-9900,0.0,0.0
2021,8,21,11,60,0.0,0.0,0.0,0.0,0.0,5,29.3,24.3,77,1008.0,102,9.3,-9900,-9900,0.0,0.0
2021,8,21,12,60,0.0,0.0,0.0,0.0,0.0,5,29.0,24.0,77,1008.6,111,7.4,-9900,-9900,0.0,0.0
2021,8,21,13,60,0.0,0.0,0.0,0.0,0.0,5,28.6,23.6,77,1009.2,125,5.5,-9900,-9900,0.0,0.0
2021,8,21,14,60,0.0,0.0,0.0,0.0,0.0,5,28.4,23.4,78,1009.2,131,5.5,-9900,-9900,0.0,0.0
2021,8,21,15,60,0.0,0.0,0.0,0.0,0.0,5,28.2,23.2,78,1009.3,139,5.5,-9900,-9900,0.0,0.0
2021,8,21,16,60,0.0,0.0,0.0,0.0,0.0,5,28.0,23.0,78,1009.3,147,5.5,-9900,-9900,0.0,0.0
2021,8,21,17,60,0.0,0.0,0.0,0.0,0.0,5,26.5,21.5,91,1009.2,168,3.7,-9900,-9900,0.0,0.0
2021,8,21,18,60,0.0,0.0,0.0,0.0,0.0,5,26.4,21.4,90,1008.8,169,5.5,-9900,-9900,0.0,0.0
2021,8,21,19,60,0.0,0.0,0.0,0.0,0.0,5,26.3,21.3,89,1008.4,170,5.5,-9900,-9900,0.0,0.0
2021,8,21,20,60,0.0,0.0,0.0,0.0,0.0,5,26.2,21.2,88,1008.3,170,5.5,-9900,-9900,0.0,0.0
2021,8,21,21,60,0.0,0.0,0.0,0.0,0.0,5,26.1,21.1,87,1008.1,169,5.5,-9900,-9900,0.0,0.0
2021,8,21,22,60,0.0,0.0,0.0,0.0,0.0,5,26.1,21.1,86,1008.0,169,5.5,-9900,-9900,0.0,0.0
2021,8,21,23,60,0.0,0.0,0.0,0.0,0.0,5,27.0,22.0,84,1008.5,172,5.5,-9900,-9900,0.0,0.0
2021,8,21,24,60,0.0,0.0,0.0,0.0,0.0,5,27.8,22.8,81,1008.8,175,3.7,-9900,-9900,0.0,0.0
2021,8,22,1,60,0.0,0.0,0.0,0.0,0.0,5,28.7,23.7,77,1009.1,178,3.7,-9900,-9900,0.0,0.0
2021,8,22,2,60,0.0,0.0,0.0,0.0,0.0,5,30.2,25.2,70,1008.9,203,3.7,-9900,-9900,0.0,0.0
2021,8,22,3,60,0.0,0.0,0.0,0.0,0.0,5,31.7,26.7,65,1008.7,235,5.5,-9900,-9900,0.0,0.0
2021,8,22,4,60,0.0,0.0,0.0,0.0,0.0,5,33.2,28.2,59,1008.4,260,5.5,-9900,-9900,0.0,0.0
2021,8,22,5,60,0.0,0.0,0.0,0.0,0.0,5,32.7,27.7,63,1008.1,302,5.5,-9900,-9900,0.0,0.0
2021,8,22,6,60,0.0,0.0,0.0,0.0,0.0,5,32.8,27.8,63,1007.5,313,7.4,-9900,-9900,0.0,0.0
2021,8,22,7,60,0.0,0.0,0.0,0.0,0.0,5,32.9,27.9,63,1006.8,320,7.4,-9900,-9900,0.0,0.0
2021,8,22,8,60,0.0,0.0,0.0,0.0,0.0,5,32.2,27.2,64,1006.8,317,7.4,-9900,-9900,0.0,0.0
2021,8,22,9,60,0.0,0.0,0.0,0.0,0.0,5,31.4,26.4,66,1006.7,313,7.4,-9900,-9900,0.0,0.0
2021,8,22,10,60,0.0,0.0,0.0,0.0,0.0,5,30.6,25.6,68,1006.7,300,7.4,-9900,-9900,0.0,0.0
2021,8,22,11,60,0.0,0.0,0.0,0.0,0.0,5,30.2,25.2,70,1007.1,255,7.4,-9900,-9900,0.0,0.0
2021,8,22,12,60,0.0,0.0,0.0,0.0,0.0,5,29.7,24.7,72,1007.5,218,5.5,-9900,-9900,0.0,0.0
2021,8,22,13,60,0.0,0.0,0.0,0.0,0.0,5,29.2,24.2,74,1007.9,202,5.5,-9900,-9900,0.0,0.0
2021,8,22,14,60,0.0,0.0,0.0,0.0,0.0,5,28.9,23.9,75,1008.0,191,5.5,-9900,-9900,0.0,0.0
2021,8,22,15,60,0.0,0.0,0.0,0.0,0.0,5,28.6,23.6,76,1008.1,183,5.5,-9900,-9900,0.0,0.0
2021,8,22,16,60,0.0,0.0,0.0,0.0,0.0,5,28.2,23.2,77,1008.2,177,5.5,-9900,-9900,0.0,0.0
2021,8,22,17,60,0.0,0.0,0.0,0.0,0.0,5,28.0,23.0,78,1007.9,181,5.5,-9900,-9900,0.0,0.0
2021,8,22,18,60,0.0,0.0,0.0,0.0,0.0,5,27.7,22.7,78,1007.7,184,5.5,-9900,-9900,0.0,0.0
2021,8,22,19,60,0.0,0.0,0.0,0.0,0.0,5,27.4,22.4,79,1007.4,187,5.5,-9900,-9900,0.0,0.0
2021,8,22,20,60,0.0,0.0,0.0,0.0,0.0,5,27.2,22.2,80,1007.5,182,5.5,-9900,-9900,0.0,0.0
2021,8,22,21,60,0.0,0.0,0.0,0.0,0.0,5,26.9,21.9,81,1007.6,177,5.5,-9900,-9900,0.0,0.0
2021,8,22,22,60,0.0,0.0,0.0,0.0,0.0,5,26.6,21.6,82,1007.7,173,5.5,-9900,-9900,0.0,0.0
2021,8,22,23,60,0.0,0.0,0.0,0.0,0.0,5,28.3,23.3,79,1007.6,174,5.5,-9900,-9900,0.0,0.0
2021,8,22,24,60,0.0,0.0,0.0,0.0,0.0,5,29.0,24.0,75,1007.9,176,5.5,-9900,-9900,0.0,0.0
2021,8,23,1,60,0.0,0.0,0.0,0.0,0.0,5,29.7,24.7,72,1008.1,178,3.7,-9900,-9900,0.0,0.0
2021,8,23,2,60,0.0,0.0,0.0,0.0,0.0,5,31.1,26.1,65,1008.1,198,5.5,-9900,-9900,0.0,0.0
2021,8,23,3,60,0.0,0.0,0.0,0.0,0.0,5,32.5,27.5,59,1008.1,220,5.5,-9900,-9900,0.0,0.0
2021,8,23,4,60,0.0,0.0,0.0,0.0,0.0,5,33.9,28.9,53,1008.1,237,5.5,-9900,-9900,0.0,0.0
2021,8,23,5,60,0.0,0.0,0.0,0.0,0.0,5,32.9,27.9,59,1007.6,275,5.5,-9900,-9900,0.0,0.0
2021,8,23,6,60,0.0,0.0,0.0,0.0,0.0,5,33.0,28.0,60,1007.0,283,7.4,-9900,-9900,0.0,0.0
2021,8,23,7,60,0.0,0.0,0.0,0.0,0.0,5,33.1,28.1,60,1006.5,290,9.3,-9900,-9900,0.0,0.0
2021,8,23,8,60,0.0,0.0,0.0,0.0,0.0,5,32.4,27.4,62,1006.4,279,7.4,-9900,-9900,0.0,0.0
2021,8,23,9,60,0.0,0.0,0.0,0.0,0.0,5,31.7,26.7,64,1006.4,253,7.4,-9900,-9900,0.0,0.0
2021,8,23,10,60,0.0,0.0,0.0,0.0,0.0,5,31.0,26.0,66,1006.4,205,7.4,-9900,-9900,0.0,0.0
2021,8,23,11,60,0.0,0.0,0.0,0.0,0.0,5,30.7,25.7,68,1006.9,327,7.4,-9900,-9900,0.0,0.0
2021,8,23,12,60,0.0,0.0,0.0,0.0,0.0,5,30.3,25.3,70,1007.4,213,5.5,-9900,-9900,0.0,0.0
2021,8,23,13,60,0.0,0.0,0.0,0.0,0.0,5,29.8,24.8,72,1007.8,184,5.5,-9900,-9900,0.0,0.0
2021,8,23,14,60,0.0,0.0,0.0,0.0,0.0,5,29.5,24.5,72,1008.1,183,5.5,-9900,-9900,0.0,0.0
2021,8,23,15,60,0.0,0.0,0.0,0.0,0.0,5,29.1,24.1,74,1008.4,182,5.5,-9900,-9900,0.0,0.0
2021,8,23,16,60,0.0,0.0,0.0,0.0,0.0,5,28.7,23.7,75,1008.6,182,5.5,-9900,-9900,0.0,0.0
2021,8,23,17,60,0.0,0.0,0.0,0.0,0.0,5,28.9,23.9,77,1008.5,187,5.5,-9900,-9900,0.0,0.0
2021,8,23,18,60,0.0,0.0,0.0,0.0,0.0,5,28.5,23.5,78,1008.3,183,5.5,-9900,-9900,0.0,0.0
2021,8,23,19,60,0.0,0.0,0.0,0.0,0.0,5,28.2,23.2,78,1008.0,180,5.5,-9900,-9900,0.0,0.0
2021,8,23,20,60,0.0,0.0,0.0,0.0,0.0,5,27.9,22.9,78,1007.9,175,5.5,-9900,-9900,0.0,0.0
2021,8,23,21,60,0.0,0.0,0.0,0.0,0.0,5,27.6,22.6,79,1007.8,171,5.5,-9900,-9900,0.0,0.0
2021,8,23,22,60,0.0,0.0,0.0,0.0,0.0,5,27.4,22.4,80,1007.7,167,5.5,-9900,-9900,0.0,0.0
2021,8,23,23,60,0.0,0.0,0.0,0.0,0.0,5,28.3,23.3,80,1008.7,174,5.5,-9900,-9900,0.0,0.0
2021,8,23,24,60,0.0,0.0,0.0,0.0,0.0,5,29.0,24.0,77,1009.0,178,5.5,-9900,-9900,0.0,0.0
2021,8,24,1,60,0.0,0.0,0.0,0.0,0.0,5,29.7,24.7,74,1009.2,183,3.7,-9900,-9900,0.0,0.0
2021,8,24,2,60,0.0,0.0,0.0,0.0,0.0,5,31.0,26.0,67,1009.1,200,5.5,-9900,-9900,0.0,0.0
2021,8,24,3,60,0.0,0.0,0.0,0.0,0.0,5,32.4,27.4,61,1008.9,219,5.5,-9900,-9900,0.0,0.0
2021,8,24,4,60,0.0,0.0,0.0,0.0,0.0,5,33.7,28.7,55,1008.7,236,5.5,-9900,-9900,0.0,0.0
2021,8,24,5,60,0.0,0.0,0.0,0.0,0.0,5,32.8,27.8,60,1008.3,238,7.4,-9900,-9900,0.0,0.0
2021,8,24,6,60,0.0,0.0,0.0,0.0,0.0,5,32.7,27.7,61,1007.8,262,7.4,-9900,-9900,0.0,0.0
2021,8,24,7,60,0.0,0.0,0.0,0.0,0.0,5,32.7,27.7,62,1007.3,288,7.4,-9900,-9900,0.0,0.0
2021,8,24,8,60,0.0,0.0,0.0,0.0,0.0,5,31.8,26.8,65,1007.4,259,7.4,-9900,-9900,0.0,0.0
2021,8,24,9,60,0.0,0.0,0.0,0.0,0.0,5,30.9,25.9,68,1007.4,219,7.4,-9900,-9900,0.0,0.0
2021,8,24,10,60,0.0,0.0,0.0,0.0,0.0,5,30.1,25.1,71,1007.5,193,7.4,-9900,-9900,0.0,0.0
2021,8,24,11,60,0.0,0.0,0.0,0.0,0.0,5,30.4,25.4,72,1007.9,181,7.4,-9900,-9900,0.0,0.0
2021,8,24,12,60,0.0,0.0,0.0,0.0,0.0,5,30.0,25.0,73,1008.5,183,7.4,-9900,-9900,0.0,0.0
2021,8,24,13,60,0.0,0.0,0.0,0.0,0.0,5,29.6,24.6,73,1009.0,185,5.5,-9900,-9900,0.0,0.0
2021,8,24,14,60,0.0,0.0,0.0,0.0,0.0,5,29.3,24.3,75,1009.3,183,5.5,-9900,-9900,0.0,0.0
2021,8,24,15,60,0.0,0.0,0.0,0.0,0.0,5,29.0,24.0,76,1009.6,181,5.5,-9900,-9900,0.0,0.0
2021,8,24,16,60,0.0,0.0,0.0,0.0,0.0,5,28.7,23.7,78,1009.9,180,5.5,-9900,-9900,0.0,0.0
2021,8,24,17,60,0.0,0.0,0.0,0.0,0.0,5,27.0,22.0,82,1010.0,173,5.5,-9900,-9900,0.0,0.0
2021,8,24,18,60,0.0,0.0,0.0,0.0,0.0,5,26.9,21.9,82,1009.7,173,5.5,-9900,-9900,0.0,0.0
2021,8,24,19,60,0.0,0.0,0.0,0.0,0.0,5,26.8,21.8,82,1009.5,173,5.5,-9900,-9900,0.0,0.0
2021,8,24,20,60,0.0,0.0,0.0,0.0,0.0,5,26.8,21.8,82,1009.4,170,5.5,-9900,-9900,0.0,0.0
2021,8,24,21,60,0.0,0.0,0.0,0.0,0.0,5,26.7,21.7,82,1009.4,168,5.5,-9900,-9900,0.0,0.0
2021,8,24,22,60,0.0,0.0,0.0,0.0,0.0,5,26.7,21.7,82,1009.4,166,5.5,-9900,-9900,0.0,0.0
2021,8,24,23,60,0.0,0.0,0.0,0.0,0.0,5,27.6,22.6,78,1009.7,166,5.5,-9900,-9900,0.0,0.0
2021,8,24,24,60,0.0,0.0,0.0,0.0,0.0,5,28.5,23.5,75,1010.1,166,3.7,-9900,-9900,0.0,0.0
2021,8,25,1,60,0.0,0.0,0.0,0.0,0.0,5,29.4,24.4,72,1010.4,165,3.7,-9900,-9900,0.0,0.0
2021,8,25,2,60,0.0,0.0,0.0,0.0,0.0,5,30.9,25.9,67,1010.2,170,3.7,-9900,-9900,0.0,0.0
2021,8,25,3,60,0.0,0.0,0.0,0.0,0.0,5,32.4,27.4,61,1010.1,181,3.7,-9900,-9900,0.0,0.0
2021,8,25,4,60,0.0,0.0,0.0,0.0,0.0,5,33.9,28.9,57,1009.9,207,3.7,-9900,-9900,0.0,0.0
2021,8,25,5,60,0.0,0.0,0.0,0.0,0.0,5,33.2,28.2,61,1009.7,268,5.5,-9900,-9900,0.0,0.0
2021,8,25,6,60,0.0,0.0,0.0,0.0,0.0,5,32.9,27.9,63,1009.3,315,5.5,-9900,-9900,0.0,0.0
2021,8,25,7,60,0.0,0.0,0.0,0.0,0.0,5,32.6,27.6,64,1008.9,343,7.4,-9900,-9900,0.0,0.0
2021,8,25,8,60,0.0,0.0,0.0,0.0,0.0,5,31.7,26.7,67,1008.9,357,7.4,-9900,-9900,0.0,0.0
2021,8,25,9,60,0.0,0.0,0.0,0.0,0.0,5,30.7,25.7,70,1009.0,60,7.4,-9900,-9900,0.0,0.0
2021,8,25,10,60,0.0,0.0,0.0,0.0,0.0,5,29.7,24.7,73,1009.0,118,7.4,-9900,-9900,0.0,0.0
2021,8,25,11,60,0.0,0.0,0.0,0.0,0.0,5,29.3,24.3,76,1009.6,88,7.4,-9900,-9900,0.0,0.0
2021,8,25,12,60,0.0,0.0,0.0,0.0,0.0,5,28.9,23.9,77,1010.2,112,5.5,-9900,-9900,0.0,0.0
2021,8,25,13,60,0.0,0.0,0.0,0.0,0.0,5,28.6,23.6,78,1010.8,142,5.5,-9900,-9900,0.0,0.0
2021,8,25,14,60,0.0,0.0,0.0,0.0,0.0,5,28.4,23.4,79,1011.1,155,5.5,-9900,-9900,0.0,0.0
2021,8,25,15,60,0.0,0.0,0.0,0.0,0.0,5,28.2,23.2,79,1011.5,163,5.5,-9900,-9900,0.0,0.0
2021,8,25,16,60,0.0,0.0,0.0,0.0,0.0,5,28.0,23.0,80,1011.8,169,5.5,-9900,-9900,0.0,0.0
2021,8,25,17,60,0.0,0.0,0.0,0.0,0.0,5,26.8,21.8,88,1011.8,180,7.4,-9900,-9900,0.0,0.0
2021,8,25,18,60,0.0,0.0,0.0,0.0,0.0,5,26.6,21.6,87,1011.6,179,5.5,-9900,-9900,0.0,0.0
2021,8,25,19,60,0.0,0.0,0.0,0.0,0.0,5,26.5,21.5,87,1011.4,177,5.5,-9900,-9900,0.0,0.0
2021,8,25,20,60,0.0,0.0,0.0,0.0,0.0,5,26.3,21.3,87,1011.6,168,5.5,-9900,-9900,0.0,0.0
2021,8,25,21,60,0.0,0.0,0.0,0.0,0.0,5,26.2,21.2,86,1011.8,160,5.5,-9900,-9900,0.0,0.0
2021,8,25,22,60,0.0,0.0,0.0,0.0,0.0,5,26.1,21.1,86,1012.0,153,5.5,-9900,-9900,0.0,0.0
2021,8,25,23,60,0.0,0.0,0.0,0.0,0.0,5,26.9,21.9,87,1012.8,145,5.5,-9900,-9900,0.0,0.0
2021,8,25,24,60,0.0,0.0,0.0,0.0,0.0,5,27.9,22.9,83,1013.1,136,5.5,-9900,-9900,0.0,0.0
2021,8,26,1,60,0.0,0.0,0.0,0.0,0.0,5,28.9,23.9,78,1013.3,129,5.5,-9900,-9900,0.0,0.0
2021,8,26,2,60,0.0,0.0,0.0,0.0,0.0,5,30.4,25.4,70,1013.0,117,7.4,-9900,-9900,0.0,0.0
2021,8,26,3,60,0.0,0.0,0.0,0.0,0.0,5,31.9,26.9,63,1012.6,107,9.3,-9900,-9900,0.0,0.0
2021,8,26,4,60,0.0,0.0,0.0,0.0,0.0,5,33.4,28.4,57,1012.2,100,9.3,-9900,-9900,0.0,0.0
2021,8,26,5,60,0.0,0.0,0.0,0.0,0.0,5,33.7,28.7,57,1011.6,94,11.1,-9900,-9900,0.0,0.0
2021,8,26,6,60,0.0,0.0,0.0,0.0,0.0,5,34.0,29.0,56,1011.0,95,13.0,-9900,-9900,0.0,0.0
2021,8,26,7,60,0.0,0.0,0.0,0.0,0.0,5,34.2,29.2,55,1010.4,96,13.0,-9900,-9900,0.0,0.0
2021,8,26,8,60,0.0,0.0,0.0,0.0,0.0,5,33.4,28.4,57,1010.3,107,14.8,-9900,-9900,0.0,0.0
2021,8,26,9,60,0.0,0.0,0.0,0.0,0.0,5,32.5,27.5,59,1010.2,116,14.8,-9900,-9900,0.0,0.0
2021,8,26,10,60,0.0,0.0,0.0,0.0,0.0,5,31.6,26.6,62,1010.2,124,14.8,-9900,-9900,0.0,0.0
2021,8,26,11,60,0.0,0.0,0.0,0.0,0.0,5,30.8,25.8,61,1011.1,117,16.7,-9900,-9900,0.0,0.0
2021,8,26,12,60,0.0,0.0,0.0,0.0,0.0,5,30.2,25.2,64,1011.7,113,14.8,-9900,-9900,0.0,0.0
2021,8,26,13,60,0.0,0.0,0.0,0.0,0.0,5,29.7,24.7,66,1012.2,108,13.0,-9900,-9900,0.0,0.0
2021,8,26,14,60,0.0,0.0,0.0,0.0,0.0,5,29.5,24.5,67,1012.4,108,13.0,-9900,-9900,0.0,0.0
2021,8,26,15,60,0.0,0.0,0.0,0.0,0.0,5,29.3,24.3,67,1012.5,109,11.1,-9900,-9900,0.0,0.0
2021,8,26,16,60,0.0,0.0,0.0,0.0,0.0,5,29.1,24.1,68,1012.7,110,11.1,-9900,-9900,0.0,0.0
2021,8,26,17,60,0.0,0.0,0.0,0.0,0.0,5,28.8,23.8,70,1012.5,111,13.0,-9900,-9900,0.0,0.0
2021,8,26,18,60,0.0,0.0,0.0,0.0,0.0,5,28.5,23.5,70,1012.3,114,11.1,-9900,-9900,0.0,0.0
2021,8,26,19,60,0.0,0.0,0.0,0.0,0.0,5,28.1,23.1,72,1012.0,119,9.3,-9900,-9900,0.0,0.0
2021,8,26,20,60,0.0,0.0,0.0,0.0,0.0,5,27.8,22.8,73,1012.0,122,9.3,-9900,-9900,0.0,0.0
2021,8,26,21,60,0.0,0.0,0.0,0.0,0.0,5,27.5,22.5,73,1012.0,126,7.4,-9900,-9900,0.0,0.0
2021,8,26,22,60,0.0,0.0,0.0,0.0,0.0,5,27.1,22.1,75,1012.0,130,7.4,-9900,-9900,0.0,0.0
2021,8,26,23,60,0.0,0.0,0.0,0.0,0.0,5,28.0,23.0,74,1012.5,157,7.4,-9900,-9900,0.0,0.0
2021,8,26,24,60,0.0,0.0,0.0,0.0,0.0,5,28.9,23.9,71,1012.6,143,7.4,-9900,-9900,0.0,0.0
2021,8,27,1,60,0.0,0.0,0.0,0.0,0.0,5,29.8,24.8,68,1012.8,131,7.4,-9900,-9900,0.0,0.0
2021,8,27,2,60,0.0,0.0,0.0,0.0,0.0,5,31.1,26.1,62,1012.4,124,9.3,-9900,-9900,0.0,0.0
2021,8,27,3,60,0.0,0.0,0.0,0.0,0.0,5,32.4,27.4,56,1012.1,119,9.3,-9900,-9900,0.0,0.0
2021,8,27,4,60,0.0,0.0,0.0,0.0,0.0,5,33.7,28.7,51,1011.8,115,11.1,-9900,-9900,0.0,0.0
2021,8,27,5,60,0.0,0.0,0.0,0.0,0.0,5,34.1,29.1,54,1011.1,101,11.1,-9900,-9900,0.0,0.0
2021,8,27,6,60,0.0,0.0,0.0,0.0,0.0,5,34.1,29.1,54,1010.6,98,11.1,-9900,-9900,0.0,0.0
2021,8,27,7,60,0.0,0.0,0.0,0.0,0.0,5,34.2,29.2,54,1010.1,95,11.1,-9900,-9900,0.0,0.0
2021,8,27,8,60,0.0,0.0,0.0,0.0,0.0,5,33.4,28.4,56,1010.0,110,11.1,-9900,-9900,0.0,0.0
2021,8,27,9,60,0.0,0.0,0.0,0.0,0.0,5,32.7,27.7,57,1010.0,120,11.1,-9900,-9900,0.0,0.0
2021,8,27,10,60,0.0,0.0,0.0,0.0,0.0,5,31.9,26.9,58,1010.0,127,13.0,-9900,-9900,0.0,0.0
2021,8,27,11,60,0.0,0.0,0.0,0.0,0.0,5,31.3,26.3,60,1010.5,121,11.1,-9900,-9900,0.0,0.0
2021,8,27,12,60,0.0,0.0,0.0,0.0,0.0,5,30.7,25.7,62,1011.1,115,11.1,-9900,-9900,0.0,0.0
2021,8,27,13,60,0.0,0.0,0.0,0.0,0.0,5,30.1,25.1,65,1011.6,108,11.1,-9900,-9900,0.0,0.0
2021,8,27,14,60,0.0,0.0,0.0,0.0,0.0,5,29.9,24.9,65,1011.8,108,9.3,-9900,-9900,0.0,0.0
2021,8,27,15,60,0.0,0.0,0.0,0.0,0.0,5,29.7,24.7,66,1011.9,107,9.3,-9900,-9900,0.0,0.0
2021,8,27,16,60,0.0,0.0,0.0,0.0,0.0,5,29.5,24.5,67,1012.1,107,9.3,-9900,-9900,0.0,0.0
2021,8,27,17,60,0.0,0.0,0.0,0.0,0.0,5,29.1,24.1,68,1011.9,107,9.3,-9900,-9900,0.0,0.0
2021,8,27,18,60,0.0,0.0,0.0,0.0,0.0,5,28.8,23.8,69,1011.8,115,7.4,-9900,-9900,0.0,0.0
2021,8,27,19,60,0.0,0.0,0.0,0.0,0.0,5,28.4,23.4,70,1011.6,128,7.4,-9900,-9900,0.0,0.0
2021,8,27,20,60,0.0,0.0,0.0,0.0,0.0,5,28.1,23.1,70,1011.6,128,7.4,-9900,-9900,0.0,0.0
2021,8,27,21,60,0.0,0.0,0.0,0.0,0.0,5,27.8,22.8,71,1011.6,128,7.4,-9900,-9900,0.0,0.0
2021,8,27,22,60,0.0,0.0,0.0,0.0,0.0,5,27.4,22.4,72,1011.6,127,7.4,-9900,-9900,0.0,0.0
2021,8,27,23,60,0.0,0.0,0.0,0.0,0.0,5,28.4,23.4,72,1012.6,159,5.5,-9900,-9900,0.0,0.0
2021,8,27,24,60,0.0,0.0,0.0,0.0,0.0,5,29.3,24.3,69,1012.7,138,7.4,-9900,-9900,0.0,0.0
2021,8,28,1,60,0.0,0.0,0.0,0.0,0.0,5,30.2,25.2,66,1012.8,122,7.4,-9900,-9900,0.0,0.0
2021,8,28,2,60,0.0,0.0,0.0,0.0,0.0,5,31.5,26.5,60,1012.4,119,9.3,-9900,-9900,0.0,0.0
2021,8,28,3,60,0.0,0.0,0.0,0.0,0.0,5,32.8,27.8,55,1012.1,117,11.1,-9900,-9900,0.0,0.0
2021,8,28,4,60,0.0,0.0,0.0,0.0,0.0,5,34.1,29.1,51,1011.7,116,14.8,-9900,-9900,0.0,0.0
2021,8,28,5,60,0.0,0.0,0.0,0.0,0.0,5,34.8,29.8,51,1010.7,107,14.8,-9900,-9900,0.0,0.0
2021,8,28,6,60,0.0,0.0,0.0,0.0,0.0,5,35.1,30.1,50,1010.1,109,14.8,-9900,-9900,0.0,0.0
2021,8,28,7,60,0.0,0.0,0.0,0.0,0.0,5,35.3,30.3,49,1009.6,112,16.7,-9900,-9900,0.0,0.0
2021,8,28,8,60,0.0,0.0,0.0,0.0,0.0,5,34.4,29.4,52,1009.5,112,14.8,-9900,-9900,0.0,0.0
2021,8,28,9,60,0.0,0.0,0.0,0.0,0.0,5,33.4,28.4,54,1009.4,112,14.8,-9900,-9900,0.0,0.0
2021,8,28,10,60,0.0,0.0,0.0,0.0,0.0,5,32.5,27.5,57,1009.4,112,14.8,-9900,-9900,0.0,0.0
2021,8,28,11,60,0.0,0.0,0.0,0.0,0.0,5,31.4,26.4,60,1009.8,114,14.8,-9900,-9900,0.0,0.0
2021,8,28,12,60,0.0,0.0,0.0,0.0,0.0,5,30.9,25.9,62,1010.5,111,14.8,-9900,-9900,0.0,0.0
2021,8,28,13,60,0.0,0.0,0.0,0.0,0.0,5,30.3,25.3,64,1011.1,107,13.0,-9900,-9900,0.0,0.0
2021,8,28,14,60,0.0,0.0,0.0,0.0,0.0,5,30.1,25.1,65,1011.3,106,13.0,-9900,-9900,0.0,0.0
2021,8,28,15,60,0.0,0.0,0.0,0.0,0.0,5,30.0,25.0,65,1011.5,104,13.0,-9900,-9900,0.0,0.0
2021,8,28,16,60,0.0,0.0,0.0,0.0,0.0,5,29.8,24.8,67,1011.7,102,13.0,-9900,-9900,0.0,0.0
2021,8,28,17,60,0.0,0.0,0.0,0.0,0.0,5,29.6,24.6,67,1011.6,105,13.0,-9900,-9900,0.0,0.0
2021,8,28,18,60,0.0,0.0,0.0,0.0,0.0,5,29.3,24.3,69,1011.3,105,11.1,-9900,-9900,0.0,0.0
2021,8,28,19,60,0.0,0.0,0.0,0.0,0.0,5,29.0,24.0,69,1011.0,105,11.1,-9900,-9900,0.0,0.0
2021,8,28,20,60,0.0,0.0,0.0,0.0,0.0,5,29.0,24.0,69,1010.9,106,11.1,-9900,-9900,0.0,0.0
2021,8,28,21,60,0.0,0.0,0.0,0.0,0.0,5,28.9,23.9,70,1010.8,108,11.1,-9900,-9900,0.0,0.0
2021,8,28,22,60,0.0,0.0,0.0,0.0,0.0,5,28.9,23.9,69,1010.7,109,11.1,-9900,-9900,0.0,0.0
2021,8,28,23,60,0.0,0.0,0.0,0.0,0.0,5,28.8,23.8,70,1011.3,98,9.3,-9900,-9900,0.0,0.0
2021,8,28,24,60,0.0,0.0,0.0,0.0,0.0,5,29.6,24.6,67,1011.6,103,11.1,-9900,-9900,0.0,0.0
2021,8,29,1,60,0.0,0.0,0.0,0.0,0.0,5,30.3,25.3,65,1011.8,106,11.1,-9900,-9900,0.0,0.0
2021,8,29,2,60,0.0,0.0,0.0,0.0,0.0,5,31.5,26.5,60,1011.5,109,13.0,-9900,-9900,0.0,0.0
2021,8,29,3,60,0.0,0.0,0.0,0.0,0.0,5,32.7,27.7,55,1011.2,111,14.8,-9900,-9900,0.0,0.0
2021,8,29,4,60,0.0,0.0,0.0,0.0,0.0,5,33.9,28.9,50,1010.9,113,16.7,-9900,-9900,0.0,0.0
2021,8,29,5,60,0.0,0.0,0.0,0.0,0.0,5,33.4,28.4,55,1010.5,104,16.7,-9900,-9900,0.0,0.0
2021,8,29,6,60,0.0,0.0,0.0,0.0,0.0,5,34.0,29.0,52,1009.9,106,16.7,-9900,-9900,0.0,0.0
2021,8,29,7,60,0.0,0.0,0.0,0.0,0.0,5,34.5,29.5,50,1009.4,107,16.7,-9900,-9900,0.0,0.0
2021,8,29,8,60,0.0,0.0,0.0,0.0,0.0,5,33.7,28.7,51,1009.3,108,16.7,-9900,-9900,0.0,0.0
2021,8,29,9,60,0.0,0.0,0.0,0.0,0.0,5,32.9,27.9,54,1009.3,109,16.7,-9900,-9900,0.0,0.0
2021,8,29,10,60,0.0,0.0,0.0,0.0,0.0,5,32.1,27.1,56,1009.3,110,14.8,-9900,-9900,0.0,0.0
2021,8,29,11,60,0.0,0.0,0.0,0.0,0.0,5,31.3,26.3,57,1010.4,113,16.7,-9900,-9900,0.0,0.0
2021,8,29,12,60,0.0,0.0,0.0,0.0,0.0,5,30.8,25.8,59,1011.0,111,14.8,-9900,-9900,0.0,0.0
2021,8,29,13,60,0.0,0.0,0.0,0.0,0.0,5,30.2,25.2,62,1011.6,108,14.8,-9900,-9900,0.0,0.0
2021,8,29,14,60,0.0,0.0,0.0,0.0,0.0,5,30.0,25.0,63,1011.8,105,14.8,-9900,-9900,0.0,0.0
2021,8,29,15,60,0.0,0.0,0.0,0.0,0.0,5,29.9,24.9,63,1012.0,101,14.8,-9900,-9900,0.0,0.0
2021,8,29,16,60,0.0,0.0,0.0,0.0,0.0,5,29.7,24.7,64,1012.3,98,14.8,-9900,-9900,0.0,0.0
2021,8,29,17,60,0.0,0.0,0.0,0.0,0.0,5,29.2,24.2,67,1012.0,100,14.8,-9900,-9900,0.0,0.0
2021,8,29,18,60,0.0,0.0,0.0,0.0,0.0,5,29.0,24.0,68,1011.7,100,13.0,-9900,-9900,0.0,0.0
2021,8,29,19,60,0.0,0.0,0.0,0.0,0.0,5,28.8,23.8,68,1011.4,99,13.0,-9900,-9900,0.0,0.0
2021,8,29,20,60,0.0,0.0,0.0,0.0,0.0,5,28.7,23.7,68,1011.4,101,11.1,-9900,-9900,0.0,0.0
2021,8,29,21,60,0.0,0.0,0.0,0.0,0.0,5,28.5,23.5,70,1011.3,102,11.1,-9900,-9900,0.0,0.0
2021,8,29,22,60,0.0,0.0,0.0,0.0,0.0,5,28.4,23.4,70,1011.2,103,11.1,-9900,-9900,0.0,0.0
2021,8,29,23,60,0.0,0.0,0.0,0.0,0.0,5,29.0,24.0,68,1011.5,102,11.1,-9900,-9900,0.0,0.0
2021,8,29,24,60,0.0,0.0,0.0,0.0,0.0,5,29.6,24.6,66,1011.9,102,11.1,-9900,-9900,0.0,0.0
2021,8,30,1,60,0.0,0.0,0.0,0.0,0.0,5,30.2,25.2,64,1012.2,101,11.1,-9900,-9900,0.0,0.0
2021,8,30,2,60,0.0,0.0,0.0,0.0,0.0,5,31.6,26.6,59,1012.0,106,13.0,-9900,-9900,0.0,0.0
2021,8,30,3,60,0.0,0.0,0.0,0.0,0.0,5,32.9,27.9,55,1011.8,109,14.8,-9900,-9900,0.0,0.0
2021,8,30,4,60,0.0,0.0,0.0,0.0,0.0,5,34.2,29.2,51,1011.6,112,14.8,-9900,-9900,0.0,0.0
2021,8,30,5,60,0.0,0.0,0.0,0.0,0.0,5,33.9,28.9,52,1011.0,102,16.7,-9900,-9900,0.0,0.0
2021,8,30,6,60,0.0,0.0,0.0,0.0,0.0,5,34.0,29.0,52,1010.6,107,16.7,-9900,-9900,0.0,0.0
2021,8,30,7,60,0.0,0.0,0.0,0.0,0.0,5,34.2,29.2,51,1010.1,112,16.7,-9900,-9900,0.0,0.0
2021,8,30,8,60,0.0,0.0,0.0,0.0,0.0,5,33.4,28.4,53,1010.2,111,16.7,-9900,-9900,0.0,0.0
2021,8,30,9,60,0.0,0.0,0.0,0.0,0.0,5,32.6,27.6,55,1010.3,110,16.7,-9900,-9900,0.0,0.0
2021,8,30,10,60,0.0,0.0,0.0,0.0,0.0,5,31.8,26.8,58,1010.4,109,16.7,-9900,-9900,0.0,0.0
2021,8,30,11,60,0.0,0.0,0.0,0.0,0.0,5,30.8,25.8,61,1010.8,103,16.7,-9900,-9900,0.0,0.0
2021,8,30,12,60,0.0,0.0,0.0,0.0,0.0,5,30.3,25.3,63,1011.1,101,16.7,-9900,-9900,0.0,0.0
2021,8,30,13,60,0.0,0.0,0.0,0.0,0.0,5,29.8,24.8,65,1011.5,98,14.8,-9900,-9900,0.0,0.0
2021,8,30,14,60,0.0,0.0,0.0,0.0,0.0,5,29.7,24.7,66,1011.5,98,14.8,-9900,-9900,0.0,0.0
2021,8,30,15,60,0.0,0.0,0.0,0.0,0.0,5,29.6,24.6,67,1011.6,98,14.8,-9900,-9900,0.0,0.0
2021,8,30,16,60,0.0,0.0,0.0,0.0,0.0,5,29.5,24.5,67,1011.7,97,14.8,-9900,-9900,0.0,0.0
2021,8,30,17,60,0.0,0.0,0.0,0.0,0.0,5,29.4,24.4,71,1011.7,91,16.7,-9900,-9900,0.0,0.0
2021,8,30,18,60,0.0,0.0,0.0,0.0,0.0,5,29.3,24.3,71,1011.4,92,14.8,-9900,-9900,0.0,0.0
2021,8,30,19,60,0.0,0.0,0.0,0.0,0.0,5,29.2,24.2,71,1011.1,93,14.8,-9900,-9900,0.0,0.0
2021,8,30,20,60,0.0,0.0,0.0,0.0,0.0,5,29.1,24.1,71,1011.1,95,13.0,-9900,-9900,0.0,0.0
2021,8,30,21,60,0.0,0.0,0.0,0.0,0.0,5,28.9,23.9,72,1011.2,98,13.0,-9900,-9900,0.0,0.0
2021,8,30,22,60,0.0,0.0,0.0,0.0,0.0,5,28.8,23.8,72,1011.2,101,11.1,-9900,-9900,0.0,0.0
2021,8,30,23,60,0.0,0.0,0.0,0.0,0.0,5,29.5,24.5,68,1011.3,103,11.1,-9900,-9900,0.0,0.0
2021,8,30,24,60,0.0,0.0,0.0,0.0,0.0,5,30.1,25.1,65,1011.6,104,11.1,-9900,-9900,0.0,0.0
2021,8,31,1,60,0.0,0.0,0.0,0.0,0.0,5,30.8,25.8,63,1012.0,106,11.1,-9900,-9900,0.0,0.0
2021,8,31,2,60,0.0,0.0,0.0,0.0,0.0,5,31.9,26.9,58,1011.7,107,13.0,-9900,-9900,0.0,0.0
2021,8,31,3,60,0.0,0.0,0.0,0.0,0.0,5,33.0,28.0,55,1011.5,109,13.0,-9900,-9900,0.0,0.0
2021,8,31,4,60,0.0,0.0,0.0,0.0,0.0,5,34.0,29.0,51,1011.2,110,14.8,-9900,-9900,0.0,0.0
2021,8,31,5,60,0.0,0.0,0.0,0.0,0.0,5,34.3,29.3,53,1010.8,105,14.8,-9900,-9900,0.0,0.0
2021,8,31,6,60,0.0,0.0,0.0,0.0,0.0,5,34.3,29.3,54,1010.3,105,14.8,-9900,-9900,0.0,0.0
2021,8,31,7,60,0.0,0.0,0.0,0.0,0.0,5,34.4,29.4,54,1009.8,106,13.0,-9900,-9900,0.0,0.0
2021,8,31,8,60,0.0,0.0,0.0,0.0,0.0,5,33.5,28.5,56,1009.8,110,14.8,-9900,-9900,0.0,0.0
2021,8,31,9,60,0.0,0.0,0.0,0.0,0.0,5,32.7,27.7,58,1009.9,113,14.8,-9900,-9900,0.0,0.0
2021,8,31,10,60,0.0,0.0,0.0,0.0,0.0,5,31.9,26.9,60,1009.9,117,14.8,-9900,-9900,0.0,0.0
2021,8,31,11,60,0.0,0.0,0.0,0.0,0.0,5,30.5,25.5,67,1011.1,90,9.3,-9900,-9900,0.0,0.0
2021,8,31,12,60,0.0,0.0,0.0,0.0,0.0,5,30.1,25.1,68,1011.3,100,9.3,-9900,-9900,0.0,0.0
2021,8,31,13,60,0.0,0.0,0.0,0.0,0.0,5,29.7,24.7,70,1011.6,104,9.3,-9900,-9900,0.0,0.0
2021,8,31,14,60,0.0,0.0,0.0,0.0,0.0,5,29.6,24.6,70,1011.6,103,9.3,-9900,-9900,0.0,0.0
2021,8,31,15,60,0.0,0.0,0.0,0.0,0.0,5,29.5,24.5,70,1011.6,102,9.3,-9900,-9900,0.0,0.0
2021,8,31,16,60,0.0,0.0,0.0,0.0,0.0,5,29.4,24.4,71,1011.6,101,9.3,-9900,-9900,0.0,0.0
2021,8,31,17,60,0.0,0.0,0.0,0.0,0.0,5,29.2,24.2,69,1011.2,98,11.1,-9900,-9900,0.0,0.0
2021,8,31,18,60,0.0,0.0,0.0,0.0,0.0,5,29.0,24.0,70,1011.0,101,9.3,-9900,-9900,0.0,0.0
2021,8,31,19,60,0.0,0.0,0.0,0.0,0.0,5,28.7,23.7,71,1010.7,106,7.4,-9900,-9900,0.0,0.0
2021,8,31,20,60,0.0,0.0,0.0,0.0,0.0,5,28.5,23.5,71,1010.7,110,7.4,-9900,-9900,0.0,0.0
2021,8,31,21,60,0.0,0.0,0.0,0.0,0.0,5,28.3,23.3,72,1010.6,115,7.4,-9900,-9900,0.0,0.0
2021,8,31,22,60,0.0,0.0,0.0,0.0,0.0,5,28.1,23.1,73,1010.6,119,7.4,-9900,-9900,0.0,0.0
2021,8,31,23,60,0.0,0.0,0.0,0.0,0.0,5,29.0,24.0,71,1010.7,100,9.3,-9900,-9900,0.0,0.0
2021,8,31,24,60,0.0,0.0,0.0,0.0,0.0,5,29.8,24.8,68,1011.0,103,9.3,-9900,-9900,0.0,0.0
2021,9,1,1,60,0.0,0.0,0.0,0.0,0.0,5,30.6,25.6,65,1011.2,105,9.3,-9900,-9900,0.0,0.0
2021,9,1,2,60,0.0,0.0,0.0,0.0,0.0,5,31.8,26.8,60,1011.0,108,11.1,-9900,-9900,0.0,0.0
2021,9,1,3,60,0.0,0.0,0.0,0.0,0.0,5,33.0,28.0,56,1010.7,111,11.1,-9900,-9900,0.0,0.0
2021,9,1,4,60,0.0,0.0,0.0,0.0,0.0,5,34.2,29.2,52,1010.5,113,13.0,-9900,-9900,0.0,0.0
2021,9,1,5,60,0.0,0.0,0.0,0.0,0.0,5,34.2,29.2,52,1009.9,111,13.0,-9900,-9900,0.0,0.0
2021,9,1,6,60,0.0,0.0,0.0,0.0,0.0,5,34.2,29.2,53,1009.3,110,13.0,-9900,-9900,0.0,0.0
2021,9,1,7,60,0.0,0.0,0.0,0.0,0.0,5,34.1,29.1,54,1008.8,108,14.8,-9900,-9900,0.0,0.0
2021,9,1,8,60,0.0,0.0,0.0,0.0,0.0,5,33.4,28.4,55,1008.7,112,14.8,-9900,-9900,0.0,0.0
2021,9,1,9,60,0.0,0.0,0.0,0.0,0.0,5,32.6,27.6,57,1008.6,115,14.8,-9900,-9900,0.0,0.0
2021,9,1,10,60,0.0,0.0,0.0,0.0,0.0,5,31.8,26.8,60,1008.5,119,14.8,-9900,-9900,0.0,0.0
2021,9,1,11,60,0.0,0.0,0.0,0.0,0.0,5,31.3,26.3,62,1009.3,101,9.3,-9900,-9900,0.0,0.0
2021,9,1,12,60,0.0,0.0,0.0,0.0,0.0,5,30.8,25.8,64,1009.7,103,9.3,-9900,-9900,0.0,0.0
2021,9,1,13,60,0.0,0.0,0.0,0.0,0.0,5,30.2,25.2,66,1010.2,104,9.3,-9900,-9900,0.0,0.0
2021,9,1,14,60,0.0,0.0,0.0,0.0,0.0,5,30.0,25.0,67,1010.4,105,9.3,-9900,-9900,0.0,0.0
2021,9,1,15,60,0.0,0.0,0.0,0.0,0.0,5,29.8,24.8,67,1010.6,105,7.4,-9900,-9900,0.0,0.0
2021,9,1,16,60,0.0,0.0,0.0,0.0,0.0,5,29.5,24.5,68,1010.8,105,7.4,-9900,-9900,0.0,0.0
2021,9,1,17,60,0.0,0.0,0.0,0.0,0.0,5,29.1,24.1,70,1010.6,118,7.4,-9900,-9900,0.0,0.0
2021,9,1,18,60,0.0,0.0,0.0,0.0,0.0,5,28.8,23.8,71,1010.4,126,7.4,-9900,-9900,0.0,0.0
2021,9,1,19,60,0.0,0.0,0.0,0.0,0.0,5,28.4,23.4,72,1010.3,139,5.5,-9900,-9900,0.0,0.0
2021,9,1,20,60,0.0,0.0,0.0,0.0,0.0,5,28.1,23.1,72,1010.2,144,5.5,-9900,-9900,0.0,0.0
2021,9,1,21,60,0.0,0.0,0.0,0.0,0.0,5,27.7,22.7,73,1010.1,149,5.5,-9900,-9900,0.0,0.0
2021,9,1,22,60,0.0,0.0,0.0,0.0,0.0,5,27.4,22.4,74,1010.0,155,5.5,-9900,-9900,0.0,0.0
2021,9,1,23,60,0.0,0.0,0.0,0.0,0.0,5,28.6,23.6,72,1010.2,174,5.5,-9900,-9900,0.0,0.0
2021,9,1,24,60,0.0,0.0,0.0,0.0,0.0,5,29.4,24.4,70,1010.4,163,5.5,-9900,-9900,0.0,0.0
2021,9,2,1,60,0.0,0.0,0.0,0.0,0.0,5,30.2,25.2,68,1010.6,151,3.7,-9900,-9900,0.0,0.0
2021,9,2,2,60,0.0,0.0,0.0,0.0,0.0,5,31.3,26.3,63,1010.2,153,3.7,-9900,-9900,0.0,0.0
2021,9,2,3,60,0.0,0.0,0.0,0.0,0.0,5,32.4,27.4,60,1009.9,159,3.7,-9900,-9900,0.0,0.0
2021,9,2,4,60,0.0,0.0,0.0,0.0,0.0,5,33.5,28.5,56,1009.5,225,3.7,-9900,-9900,0.0,0.0
2021,9,2,5,60,0.0,0.0,0.0,0.0,0.0,5,33.0,28.0,61,1009.0,59,5.5,-9900,-9900,0.0,0.0
2021,9,2,6,60,0.0,0.0,0.0,0.0,0.0,5,32.9,27.9,62,1008.4,32,7.4,-9900,-9900,0.0,0.0
2021,9,2,7,60,0.0,0.0,0.0,0.0,0.0,5,32.8,27.8,63,1007.8,16,7.4,-9900,-9900,0.0,0.0
2021,9,2,8,60,0.0,0.0,0.0,0.0,0.0,5,32.1,27.1,64,1007.6,26,7.4,-9900,-9900,0.0,0.0
2021,9,2,9,60,0.0,0.0,0.0,0.0,0.0,5,31.4,26.4,65,1007.5,40,7.4,-9900,-9900,0.0,0.0
2021,9,2,10,60,0.0,0.0,0.0,0.0,0.0,5,30.7,25.7,66,1007.3,61,7.4,-9900,-9900,0.0,0.0
2021,9,2,11,60,0.0,0.0,0.0,0.0,0.0,5,28.6,23.6,80,1008.3,90,9.3,-9900,-9900,0.0,0.0
2021,9,2,12,60,0.0,0.0,0.0,0.0,0.0,5,28.6,23.6,78,1008.6,100,9.3,-9900,-9900,0.0,0.0
2021,9,2,13,60,0.0,0.0,0.0,0.0,0.0,5,28.5,23.5,77,1008.9,114,7.4,-9900,-9900,0.0,0.0
2021,9,2,14,60,0.0,0.0,0.0,0.0,0.0,5,28.4,23.4,77,1009.0,128,7.4,-9900,-9900,0.0,0.0
2021,9,2,15,60,0.0,0.0,0.0,0.0,0.0,5,28.3,23.3,77,1009.0,146,7.4,-9900,-9900,0.0,0.0
2021,9,2,16,60,0.0,0.0,0.0,0.0,0.0,5,28.3,23.3,76,1009.0,165,5.5,-9900,-9900,0.0,0.0
2021,9,2,17,60,0.0,0.0,0.0,0.0,0.0,5,28.6,23.6,72,1008.6,140,7.4,-9900,-9900,0.0,0.0
2021,9,2,18,60,0.0,0.0,0.0,0.0,0.0,5,28.2,23.2,73,1008.4,150,7.4,-9900,-9900,0.0,0.0
2021,9,2,19,60,0.0,0.0,0.0,0.0,0.0,5,27.9,22.9,74,1008.2,165,5.5,-9900,-9900,0.0,0.0
2021,9,2,20,60,0.0,0.0,0.0,0.0,0.0,5,27.5,22.5,76,1008.2,166,5.5,-9900,-9900,0.0,0.0
2021,9,2,21,60,0.0,0.0,0.0,0.0,0.0,5,27.2,22.2,77,1008.1,168,5.5,-9900,-9900,0.0,0.0
2021,9,2,22,60,0.0,0.0,0.0,0.0,0.0,5,26.9,21.9,78,1008.1,169,5.5,-9900,-9900,0.0,0.0
2021,9,2,23,60,0.0,0.0,0.0,0.0,0.0,5,28.0,23.0,78,1008.2,194,5.5,-9900,-9900,0.0,0.0
2021,9,2,24,60,0.0,0.0,0.0,0.0,0.0,5,28.7,23.7,75,1008.5,191,5.5,-9900,-9900,0.0,0.0
2021,9,3,1,60,0.0,0.0,0.0,0.0,0.0,5,29.4,24.4,72,1008.7,186,5.5,-9900,-9900,0.0,0.0
2021,9,3,2,60,0.0,0.0,0.0,0.0,0.0,5,30.9,25.9,65,1008.5,209,3.7,-9900,-9900,0.0,0.0
2021,9,3,3,60,0.0,0.0,0.0,0.0,0.0,5,32.3,27.3,60,1008.3,241,3.7,-9900,-9900,0.0,0.0
2021,9,3,4,60,0.0,0.0,0.0,0.0,0.0,5,33.7,28.7,55,1008.1,268,3.7,-9900,-9900,0.0,0.0
2021,9,3,5,60,0.0,0.0,0.0,0.0,0.0,5,33.1,28.1,61,1007.8,280,5.5,-9900,-9900,0.0,0.0
2021,9,3,6,60,0.0,0.0,0.0,0.0,0.0,5,32.8,27.8,62,1007.2,348,7.4,-9900,-9900,0.0,0.0
2021,9,3,7,60,0.0,0.0,0.0,0.0,0.0,5,32.5,27.5,64,1006.6,9,7.4,-9900,-9900,0.0,0.0
2021,9,3,8,60,0.0,0.0,0.0,0.0,0.0,5,31.7,26.7,65,1006.5,34,7.4,-9900,-9900,0.0,0.0
2021,9,3,9,60,0.0,0.0,0.0,0.0,0.0,5,30.8,25.8,68,1006.4,65,7.4,-9900,-9900,0.0,0.0
2021,9,3,10,60,0.0,0.0,0.0,0.0,0.0,5,29.9,24.9,70,1006.4,88,7.4,-9900,-9900,0.0,0.0
2021,9,3,11,60,0.0,0.0,0.0,0.0,0.0,5,30.2,25.2,69,1007.5,80,9.3,-9900,-9900,0.0,0.0
2021,9,3,12,60,0.0,0.0,0.0,0.0,0.0,5,29.7,24.7,70,1007.9,93,7.4,-9900,-9900,0.0,0.0
2021,9,3,13,60,0.0,0.0,0.0,0.0,0.0,5,29.2,24.2,72,1008.4,108,7.4,-9900,-9900,0.0,0.0
2021,9,3,14,60,0.0,0.0,0.0,0.0,0.0,5,29.0,24.0,72,1008.6,115,7.4,-9900,-9900,0.0,0.0
2021,9,3,15,60,0.0,0.0,0.0,0.0,0.0,5,28.8,23.8,73,1008.8,123,7.4,-9900,-9900,0.0,0.0
2021,9,3,16,60,0.0,0.0,0.0,0.0,0.0,5,28.6,23.6,74,1009.0,132,5.5,-9900,-9900,0.0,0.0
2021,9,3,17,60,0.0,0.0,0.0,0.0,0.0,5,28.3,23.3,74,1008.9,145,5.5,-9900,-9900,0.0,0.0
2021,9,3,18,60,0.0,0.0,0.0,0.0,0.0,5,28.0,23.0,76,1008.8,159,5.5,-9900,-9900,0.0,0.0
2021,9,3,19,60,0.0,0.0,0.0,0.0,0.0,5,27.7,22.7,77,1008.6,173,5.5,-9900,-9900,0.0,0.0
2021,9,3,20,60,0.0,0.0,0.0,0.0,0.0,5,27.4,22.4,78,1008.6,170,5.5,-9900,-9900,0.0,0.0
2021,9,3,21,60,0.0,0.0,0.0,0.0,0.0,5,27.1,22.1,79,1008.6,168,5.5,-9900,-9900,0.0,0.0
2021,9,3,22,60,0.0,0.0,0.0,0.0,0.0,5,26.8,21.8,79,1008.6,166,5.5,-9900,-9900,0.0,0.0
2021,9,3,23,60,0.0,0.0,0.0,0.0,0.0,5,27.9,22.9,72,1009.2,155,5.5,-9900,-9900,0.0,0.0
2021,9,3,24,60,0.0,0.0,0.0,0.0,0.0,5,28.6,23.6,71,1009.4,156,5.5,-9900,-9900,0.0,0.0
2021,9,4,1,60,0.0,0.0,0.0,0.0,0.0,5,29.4,24.4,70,1009.6,157,3.7,-9900,-9900,0.0,0.0
2021,9,4,2,60,0.0,0.0,0.0,0.0,0.0,5,30.7,25.7,66,1009.5,161,3.7,-9900,-9900,0.0,0.0
2021,9,4,3,60,0.0,0.0,0.0,0.0,0.0,5,32.0,27.0,61,1009.4,224,3.7,-9900,-9900,0.0,0.0
2021,9,4,4,60,0.0,0.0,0.0,0.0,0.0,5,33.3,28.3,57,1009.4,325,3.7,-9900,-9900,0.0,0.0
2021,9,4,5,60,0.0,0.0,0.0,0.0,0.0,5,32.5,27.5,61,1008.6,6,5.5,-9900,-9900,0.0,0.0
2021,9,4,6,60,0.0,0.0,0.0,0.0,0.0,5,32.2,27.2,63,1008.2,10,5.5,-9900,-9900,0.0,0.0
2021,9,4,7,60,0.0,0.0,0.0,0.0,0.0,5,31.9,26.9,65,1007.8,11,7.4,-9900,-9900,0.0,0.0
2021,9,4,8,60,0.0,0.0,0.0,0.0,0.0,5,31.2,26.2,66,1008.0,38,7.4,-9900,-9900,0.0,0.0
2021,9,4,9,60,0.0,0.0,0.0,0.0,0.0,5,30.4,25.4,68,1008.1,71,7.4,-9900,-9900,0.0,0.0
2021,9,4,10,60,0.0,0.0,0.0,0.0,0.0,5,29.6,24.6,71,1008.3,96,7.4,-9900,-9900,0.0,0.0
2021,9,4,11,60,0.0,0.0,0.0,0.0,0.0,5,28.6,23.6,77,1009.3,94,7.4,-9900,-9900,0.0,0.0
2021,9,4,12,60,0.0,0.0,0.0,0.0,0.0,5,28.5,23.5,76,1009.7,101,7.4,-9900,-9900,0.0,0.0
2021,9,4,13,60,0.0,0.0,0.0,0.0,0.0,5,28.3,23.3,76,1010.2,104,7.4,-9900,-9900,0.0,0.0
2021,9,4,14,60,0.0,0.0,0.0,0.0,0.0,5,28.2,23.2,76,1010.3,103,7.4,-9900,-9900,0.0,0.0
2021,9,4,15,60,0.0,0.0,0.0,0.0,0.0,5,28.2,23.2,75,1010.4,102,7.4,-9900,-9900,0.0,0.0
2021,9,4,16,60,0.0,0.0,0.0,0.0,0.0,5,28.1,23.1,75,1010.5,101,7.4,-9900,-9900,0.0,0.0
2021,9,4,17,60,0.0,0.0,0.0,0.0,0.0,5,27.0,22.0,86,1010.2,92,9.3,-9900,-9900,0.0,0.0
2021,9,4,18,60,0.0,0.0,0.0,0.0,0.0,5,26.9,21.9,86,1009.9,97,9.3,-9900,-9900,0.0,0.0
2021,9,4,19,60,0.0,0.0,0.0,0.0,0.0,5,26.8,21.8,85,1009.5,104,7.4,-9900,-9900,0.0,0.0
2021,9,4,20,60,0.0,0.0,0.0,0.0,0.0,5,26.7,21.7,85,1009.4,108,7.4,-9900,-9900,0.0,0.0
2021,9,4,21,60,0.0,0.0,0.0,0.0,0.0,5,26.7,21.7,84,1009.3,112,7.4,-9900,-9900,0.0,0.0
2021,9,4,22,60,0.0,0.0,0.0,0.0,0.0,5,26.6,21.6,83,1009.3,115,7.4,-9900,-9900,0.0,0.0
2021,9,4,23,60,0.0,0.0,0.0,0.0,0.0,5,27.8,22.8,78,1009.7,107,9.3,-9900,-9900,0.0,0.0
2021,9,4,24,60,0.0,0.0,0.0,0.0,0.0,5,28.5,23.5,74,1010.1,105,9.3,-9900,-9900,0.0,0.0
2021,9,5,1,60,0.0,0.0,0.0,0.0,0.0,5,29.2,24.2,71,1010.4,104,9.3,-9900,-9900,0.0,0.0
2021,9,5,2,60,0.0,0.0,0.0,0.0,0.0,5,30.5,25.5,66,1010.2,102,9.3,-9900,-9900,0.0,0.0
2021,9,5,3,60,0.0,0.0,0.0,0.0,0.0,5,31.8,26.8,62,1010.0,100,11.1,-9900,-9900,0.0,0.0
2021,9,5,4,60,0.0,0.0,0.0,0.0,0.0,5,33.2,28.2,57,1009.8,99,11.1,-9900,-9900,0.0,0.0
2021,9,5,5,60,0.0,0.0,0.0,0.0,0.0,5,33.8,28.8,59,1009.0,90,13.0,-9900,-9900,0.0,0.0
2021,9,5,6,60,0.0,0.0,0.0,0.0,0.0,5,33.9,28.9,58,1008.4,90,13.0,-9900,-9900,0.0,0.0
2021,9,5,7,60,0.0,0.0,0.0,0.0,0.0,5,34.0,29.0,57,1007.8,91,14.8,-9900,-9900,0.0,0.0
2021,9,5,8,60,0.0,0.0,0.0,0.0,0.0,5,33.2,28.2,59,1008.0,95,13.0,-9900,-9900,0.0,0.0
2021,9,5,9,60,0.0,0.0,0.0,0.0,0.0,5,32.4,27.4,61,1008.2,98,13.0,-9900,-9900,0.0,0.0
2021,9,5,10,60,0.0,0.0,0.0,0.0,0.0,5,31.6,26.6,63,1008.4,102,13.0,-9900,-9900,0.0,0.0
2021,9,5,11,60,0.0,0.0,0.0,0.0,0.0,5,31.1,26.1,64,1009.1,110,14.8,-9900,-9900,0.0,0.0
2021,9,5,12,60,0.0,0.0,0.0,0.0,0.0,5,30.6,25.6,66,1009.7,105,13.0,-9900,-9900,0.0,0.0
2021,9,5,13,60,0.0,0.0,0.0,0.0,0.0,5,30.0,25.0,69,1010.3,100,13.0,-9900,-9900,0.0,0.0
2021,9,5,14,60,0.0,0.0,0.0,0.0,0.0,5,29.8,24.8,69,1010.6,100,13.0,-9900,-9900,0.0,0.0
2021,9,5,15,60,0.0,0.0,0.0,0.0,0.0,5,29.7,24.7,70,1010.8,100,11.1,-9900,-9900,0.0,0.0
2021,9,5,16,60,0.0,0.0,0.0,0.0,0.0,5,29.5,24.5,71,1011.1,100,11.1,-9900,-9900,0.0,0.0
2021,9,5,17,60,0.0,0.0,0.0,0.0,0.0,5,29.0,24.0,73,1010.7,106,13.0,-9900,-9900,0.0,0.0
2021,9,5,18,60,0.0,0.0,0.0,0.0,0.0,5,28.8,23.8,74,1010.5,108,11.1,-9900,-9900,0.0,0.0
2021,9,5,19,60,0.0,0.0,0.0,0.0,0.0,5,28.6,23.6,74,1010.3,111,9.3,-9900,-9900,0.0,0.0
2021,9,5,20,60,0.0,0.0,0.0,0.0,0.0,5,28.4,23.4,74,1010.4,117,7.4,-9900,-9900,0.0,0.0
2021,9,5,21,60,0.0,0.0,0.0,0.0,0.0,5,28.2,23.2,74,1010.4,124,7.4,-9900,-9900,0.0,0.0
2021,9,5,22,60,0.0,0.0,0.0,0.0,0.0,5,28.1,23.1,74,1010.5,133,7.4,-9900,-9900,0.0,0.0
2021,9,5,23,60,0.0,0.0,0.0,0.0,0.0,5,29.4,24.4,71,1011.5,121,9.3,-9900,-9900,0.0,0.0
2021,9,5,24,60,0.0,0.0,0.0,0.0,0.0,5,30.1,25.1,70,1011.8,119,7.4,-9900,-9900,0.0,0.0
2021,9,6,1,60,0.0,0.0,0.0,0.0,0.0,5,30.8,25.8,68,1012.1,118,7.4,-9900,-9900,0.0,0.0
2021,9,6,2,60,0.0,0.0,0.0,0.0,0.0,5,31.9,26.9,63,1011.9,117,7.4,-9900,-9900,0.0,0.0
2021,9,6,3,60,0.0,0.0,0.0,0.0,0.0,5,33.1,28.1,59,1011.7,116,5.5,-9900,-9900,0.0,0.0
2021,9,6,4,60,0.0,0.0,0.0,0.0,0.0,5,34.2,29.2,55,1011.4,115,5.5,-9900,-9900,0.0,0.0
2021,9,6,5,60,0.0,0.0,0.0,0.0,0.0,5,34.1,29.1,56,1010.8,102,7.4,-9900,-9900,0.0,0.0
2021,9,6,6,60,0.0,0.0,0.0,0.0,0.0,5,34.1,29.1,57,1010.2,87,7.4,-9900,-9900,0.0,0.0
2021,9,6,7,60,0.0,0.0,0.0,0.0,0.0,5,34.0,29.0,58,1009.5,71,9.3,-9900,-9900,0.0,0.0
2021,9,6,8,60,0.0,0.0,0.0,0.0,0.0,5,33.2,28.2,60,1009.5,93,9.3,-9900,-9900,0.0,0.0
2021,9,6,9,60,0.0,0.0,0.0,0.0,0.0,5,32.4,27.4,62,1009.4,110,9.3,-9900,-9900,0.0,0.0
2021,9,6,10,60,0.0,0.0,0.0,0.0,0.0,5,31.5,26.5,65,1009.3,121,9.3,-9900,-9900,0.0,0.0
2021,9,6,11,60,0.0,0.0,0.0,0.0,0.0,5,30.3,25.3,71,1010.4,97,7.4,-9900,-9900,0.0,0.0
2021,9,6,12,60,0.0,0.0,0.0,0.0,0.0,5,29.9,24.9,72,1010.8,101,7.4,-9900,-9900,0.0,0.0
2021,9,6,13,60,0.0,0.0,0.0,0.0,0.0,5,29.5,24.5,73,1011.3,105,7.4,-9900,-9900,0.0,0.0
2021,9,6,14,60,0.0,0.0,0.0,0.0,0.0,5,29.4,24.4,73,1011.4,108,7.4,-9900,-9900,0.0,0.0
2021,9,6,15,60,0.0,0.0,0.0,0.0,0.0,5,29.3,24.3,73,1011.5,112,7.4,-9900,-9900,0.0,0.0
2021,9,6,16,60,0.0,0.0,0.0,0.0,0.0,5,29.1,24.1,74,1011.6,116,7.4,-9900,-9900,0.0,0.0
2021,9,6,17,60,0.0,0.0,0.0,0.0,0.0,5,27.9,22.9,83,1011.8,139,7.4,-9900,-9900,0.0,0.0
2021,9,6,18,60,0.0,0.0,0.0,0.0,0.0,5,27.7,22.7,83,1011.5,148,5.5,-9900,-9900,0.0,0.0
2021,9,6,19,60,0.0,0.0,0.0,0.0,0.0,5,27.5,22.5,83,1011.1,159,5.5,-9900,-9900,0.0,0.0
2021,9,6,20,60,0.0,0.0,0.0,0.0,0.0,5,27.4,22.4,82,1011.1,160,5.5,-9900,-9900,0.0,0.0
2021,9,6,21,60,0.0,0.0,0.0,0.0,0.0,5,27.2,22.2,82,1011.0,162,5.5,-9900,-9900,0.0,0.0
2021,9,6,22,60,0.0,0.0,0.0,0.0,0.0,5,27.2,22.2,81,1011.0,163,5.5,-9900,-9900,0.0,0.0
2021,9,6,23,60,0.0,0.0,0.0,0.0,0.0,5,27.8,22.8,83,1011.7,179,5.5,-9900,-9900,0.0,0.0
2021,9,6,24,60,0.0,0.0,0.0,0.0,0.0,5,28.6,23.6,80,1011.9,172,3.7,-9900,-9900,0.0,0.0
2021,9,7,1,60,0.0,0.0,0.0,0.0,0.0,5,29.5,24.5,75,1012.1,164,3.7,-9900,-9900,0.0,0.0
2021,9,7,2,60,0.0,0.0,0.0,0.0,0.0,5,31.0,26.0,68,1011.7,167,3.7,-9900,-9900,0.0,0.0
2021,9,7,3,60,0.0,0.0,0.0,0.0,0.0,5,32.6,27.6,62,1011.3,175,3.7,-9900,-9900,0.0,0.0
2021,9,7,4,60,0.0,0.0,0.0,0.0,0.0,5,34.1,29.1,57,1011.0,297,3.7,-9900,-9900,0.0,0.0
2021,9,7,5,60,0.0,0.0,0.0,0.0,0.0,5,33.9,28.9,57,1010.4,14,5.5,-9900,-9900,0.0,0.0
2021,9,7,6,60,0.0,0.0,0.0,0.0,0.0,5,34.0,29.0,57,1009.7,31,7.4,-9900,-9900,0.0,0.0
2021,9,7,7,60,0.0,0.0,0.0,0.0,0.0,5,34.1,29.1,57,1009.1,37,9.3,-9900,-9900,0.0,0.0
2021,9,7,8,60,0.0,0.0,0.0,0.0,0.0,5,33.3,28.3,60,1009.0,57,9.3,-9900,-9900,0.0,0.0
2021,9,7,9,60,0.0,0.0,0.0,0.0,0.0,5,32.5,27.5,62,1008.9,75,9.3,-9900,-9900,0.0,0.0
2021,9,7,10,60,0.0,0.0,0.0,0.0,0.0,5,31.7,26.7,65,1008.8,88,9.3,-9900,-9900,0.0,0.0
2021,9,7,11,60,0.0,0.0,0.0,0.0,0.0,5,31.2,26.2,66,1009.1,95,14.8,-9900,-9900,0.0,0.0
2021,9,7,12,60,0.0,0.0,0.0,0.0,0.0,5,30.6,25.6,68,1009.6,96,13.0,-9900,-9900,0.0,0.0
2021,9,7,13,60,0.0,0.0,0.0,0.0,0.0,5,30.0,25.0,71,1010.2,98,11.1,-9900,-9900,0.0,0.0
2021,9,7,14,60,0.0,0.0,0.0,0.0,0.0,5,29.8,24.8,72,1010.3,98,11.1,-9900,-9900,0.0,0.0
2021,9,7,15,60,0.0,0.0,0.0,0.0,0.0,5,29.6,24.6,72,1010.3,99,11.1,-9900,-9900,0.0,0.0
2021,9,7,16,60,0.0,0.0,0.0,0.0,0.0,5,29.4,24.4,73,1010.4,99,9.3,-9900,-9900,0.0,0.0
2021,9,7,17,60,0.0,0.0,0.0,0.0,0.0,5,29.4,24.4,69,1009.9,111,11.1,-9900,-9900,0.0,0.0
2021,9,7,18,60,0.0,0.0,0.0,0.0,0.0,5,29.1,24.1,70,1009.7,117,9.3,-9900,-9900,0.0,0.0
2021,9,7,19,60,0.0,0.0,0.0,0.0,0.0,5,28.7,23.7,71,1009.5,125,7.4,-9900,-9900,0.0,0.0
2021,9,7,20,60,0.0,0.0,0.0,0.0,0.0,5,28.4,23.4,72,1009.5,130,7.4,-9900,-9900,0.0,0.0
2021,9,7,21,60,0.0,0.0,0.0,0.0,0.0,5,28.0,23.0,74,1009.4,135,5.5,-9900,-9900,0.0,0.0
2021,9,7,22,60,0.0,0.0,0.0,0.0,0.0,5,27.7,22.7,75,1009.4,141,5.5,-9900,-9900,0.0,0.0
2021,9,7,23,60,0.0,0.0,0.0,0.0,0.0,5,28.4,23.4,73,1009.7,139,5.5,-9900,-9900,0.0,0.0
2021,9,7,24,60,0.0,0.0,0.0,0.0,0.0,5,29.2,24.2,70,1010.0,137,5.5,-9900,-9900,0.0,0.0
2021,9,8,1,60,0.0,0.0,0.0,0.0,0.0,5,29.9,24.9,68,1010.2,135,3.7,-9900,-9900,0.0,0.0
2021,9,8,2,60,0.0,0.0,0.0,0.0,0.0,5,31.3,26.3,63,1010.0,123,5.5,-9900,-9900,0.0,0.0
2021,9,8,3,60,0.0,0.0,0.0,0.0,0.0,5,32.8,27.8,58,1009.7,112,5.5,-9900,-9900,0.0,0.0
2021,9,8,4,60,0.0,0.0,0.0,0.0,0.0,5,34.2,29.2,54,1009.4,101,7.4,-9900,-9900,0.0,0.0
2021,9,8,5,60,0.0,0.0,0.0,0.0,0.0,5,34.6,29.6,50,1008.5,101,9.3,-9900,-9900,0.0,0.0
2021,9,8,6,60,0.0,0.0,0.0,0.0,0.0,5,34.8,29.8,50,1007.9,92,11.1,-9900,-9900,0.0,0.0
2021,9,8,7,60,0.0,0.0,0.0,0.0,0.0,5,35.0,30.0,50,1007.3,86,13.0,-9900,-9900,0.0,0.0
2021,9,8,8,60,0.0,0.0,0.0,0.0,0.0,5,34.2,29.2,52,1007.5,91,13.0,-9900,-9900,0.0,0.0
2021,9,8,9,60,0.0,0.0,0.0,0.0,0.0,5,33.4,28.4,53,1007.6,94,14.8,-9900,-9900,0.0,0.0
2021,9,8,10,60,0.0,0.0,0.0,0.0,0.0,5,32.7,27.7,55,1007.7,97,14.8,-9900,-9900,0.0,0.0
2021,9,8,11,60,0.0,0.0,0.0,0.0,0.0,5,31.6,26.6,58,1008.6,98,16.7,-9900,-9900,0.0,0.0
2021,9,8,12,60,0.0,0.0,0.0,0.0,0.0,5,30.9,25.9,61,1009.3,98,14.8,-9900,-9900,0.0,0.0
2021,9,8,13,60,0.0,0.0,0.0,0.0,0.0,5,30.3,25.3,63,1009.9,98,14.8,-9900,-9900,0.0,0.0
2021,9,8,14,60,0.0,0.0,0.0,0.0,0.0,5,30.1,25.1,63,1010.1,98,13.0,-9900,-9900,0.0,0.0
2021,9,8,15,60,0.0,0.0,0.0,0.0,0.0,5,29.9,24.9,64,1010.3,97,13.0,-9900,-9900,0.0,0.0
2021,9,8,16,60,0.0,0.0,0.0,0.0,0.0,5,29.7,24.7,65,1010.5,96,13.0,-9900,-9900,0.0,0.0
2021,9,8,17,60,0.0,0.0,0.0,0.0,0.0,5,29.4,24.4,66,1010.1,98,13.0,-9900,-9900,0.0,0.0
2021,9,8,18,60,0.0,0.0,0.0,0.0,0.0,5,29.1,24.1,67,1009.7,100,11.1,-9900,-9900,0.0,0.0
2021,9,8,19,60,0.0,0.0,0.0,0.0,0.0,5,28.9,23.9,68,1009.4,102,11.1,-9900,-9900,0.0,0.0
2021,9,8,20,60,0.0,0.0,0.0,0.0,0.0,5,28.6,23.6,69,1009.3,104,11.1,-9900,-9900,0.0,0.0
2021,9,8,21,60,0.0,0.0,0.0,0.0,0.0,5,28.4,23.4,70,1009.2,105,11.1,-9900,-9900,0.0,0.0
2021,9,8,22,60,0.0,0.0,0.0,0.0,0.0,5,28.2,23.2,70,1009.1,106,11.1,-9900,-9900,0.0,0.0
2021,9,8,23,60,0.0,0.0,0.0,0.0,0.0,5,28.9,23.9,65,1009.6,111,9.3,-9900,-9900,0.0,0.0
2021,9,8,24,60,0.0,0.0,0.0,0.0,0.0,5,29.7,24.7,63,1009.9,107,9.3,-9900,-9900,0.0,0.0
2021,9,9,1,60,0.0,0.0,0.0,0.0,0.0,5,30.4,25.4,61,1010.2,104,9.3,-9900,-9900,0.0,0.0
2021,9,9,2,60,0.0,0.0,0.0,0.0,0.0,5,31.6,26.6,57,1010.1,104,11.1,-9900,-9900,0.0,0.0
2021,9,9,3,60,0.0,0.0,0.0,0.0,0.0,5,32.8,27.8,53,1009.9,104,13.0,-9900,-9900,0.0,0.0
2021,9,9,4,60,0.0,0.0,0.0,0.0,0.0,5,34.0,29.0,49,1009.8,104,14.8,-9900,-9900,0.0,0.0
2021,9,9,5,60,0.0,0.0,0.0,0.0,0.0,5,33.4,28.4,53,1009.0,99,16.7,-9900,-9900,0.0,0.0
2021,9,9,6,60,0.0,0.0,0.0,0.0,0.0,5,33.9,28.9,52,1008.4,100,16.7,-9900,-9900,0.0,0.0
2021,9,9,7,60,0.0,0.0,0.0,0.0,0.0,5,34.4,29.4,50,1007.9,101,14.8,-9900,-9900,0.0,0.0
2021,9,9,8,60,0.0,0.0,0.0,0.0,0.0,5,33.6,28.6,52,1008.0,105,16.7,-9900,-9900,0.0,0.0
2021,9,9,9,60,0.0,0.0,0.0,0.0,0.0,5,32.9,27.9,54,1008.0,110,16.7,-9900,-9900,0.0,0.0
2021,9,9,10,60,0.0,0.0,0.0,0.0,0.0,5,32.1,27.1,57,1008.1,114,16.7,-9900,-9900,0.0,0.0
2021,9,9,11,60,0.0,0.0,0.0,0.0,0.0,5,31.6,26.6,55,1008.7,107,16.7,-9900,-9900,0.0,0.0
2021,9,9,12,60,0.0,0.0,0.0,0.0,0.0,5,30.9,25.9,58,1009.2,103,16.7,-9900,-9900,0.0,0.0
2021,9,9,13,60,0.0,0.0,0.0,0.0,0.0,5,30.3,25.3,62,1009.7,100,16.7,-9900,-9900,0.0,0.0
2021,9,9,14,60,0.0,0.0,0.0,0.0,0.0,5,30.2,25.2,63,1009.8,98,14.8,-9900,-9900,0.0,0.0
2021,9,9,15,60,0.0,0.0,0.0,0.0,0.0,5,30.0,25.0,64,1010.0,97,14.8,-9900,-9900,0.0,0.0
2021,9,9,16,60,0.0,0.0,0.0,0.0,0.0,5,29.9,24.9,65,1010.1,96,14.8,-9900,-9900,0.0,0.0
2021,9,9,17,60,0.0,0.0,0.0,0.0,0.0,5,29.7,24.7,64,1009.7,98,14.8,-9900,-9900,0.0,0.0
2021,9,9,18,60,0.0,0.0,0.0,0.0,0.0,5,29.5,24.5,65,1009.4,100,13.0,-9900,-9900,0.0,0.0
2021,9,9,19,60,0.0,0.0,0.0,0.0,0.0,5,29.3,24.3,66,1009.1,102,11.1,-9900,-9900,0.0,0.0
2021,9,9,20,60,0.0,0.0,0.0,0.0,0.0,5,29.2,24.2,66,1009.0,104,11.1,-9900,-9900,0.0,0.0
2021,9,9,21,60,0.0,0.0,0.0,0.0,0.0,5,29.0,24.0,67,1008.9,107,9.3,-9900,-9900,0.0,0.0
2021,9,9,22,60,0.0,0.0,0.0,0.0,0.0,5,28.8,23.8,68,1008.8,110,9.3,-9900,-9900,0.0,0.0
2021,9,9,23,60,0.0,0.0,0.0,0.0,0.0,5,29.4,24.4,69,1008.8,110,9.3,-9900,-9900,0.0,0.0
2021,9,9,24,60,0.0,0.0,0.0,0.0,0.0,5,30.1,25.1,67,1009.0,107,9.3,-9900,-9900,0.0,0.0
2021,9,10,1,60,0.0,0.0,0.0,0.0,0.0,5,30.8,25.8,65,1009.3,105,9.3,-9900,-9900,0.0,0.0
2021,9,10,2,60,0.0,0.0,0.0,0.0,0.0,5,32.1,27.1,60,1009.0,107,11.1,-9900,-9900,0.0,0.0
2021,9,10,3,60,0.0,0.0,0.0,0.0,0.0,5,33.4,28.4,55,1008.7,108,13.0,-9900,-9900,0.0,0.0
2021,9,10,4,60,0.0,0.0,0.0,0.0,0.0,5,34.7,29.7,50,1008.4,110,13.0,-9900,-9900,0.0,0.0
2021,9,10,5,60,0.0,0.0,0.0,0.0,0.0,5,34.8,29.8,51,1007.7,107,14.8,-9900,-9900,0.0,0.0
2021,9,10,6,60,0.0,0.0,0.0,0.0,0.0,5,35.1,30.1,51,1007.1,109,14.8,-9900,-9900,0.0,0.0
2021,9,10,7,60,0.0,0.0,0.0,0.0,0.0,5,35.4,30.4,50,1006.4,111,16.7,-9900,-9900,0.0,0.0
2021,9,10,8,60,0.0,0.0,0.0,0.0,0.0,5,34.6,29.6,52,1006.4,111,16.7,-9900,-9900,0.0,0.0
2021,9,10,9,60,0.0,0.0,0.0,0.0,0.0,5,33.8,28.8,55,1006.4,110,16.7,-9900,-9900,0.0,0.0
2021,9,10,10,60,0.0,0.0,0.0,0.0,0.0,5,33.0,28.0,58,1006.4,110,16.7,-9900,-9900,0.0,0.0
2021,9,10,11,60,0.0,0.0,0.0,0.0,0.0,5,31.9,26.9,58,1006.6,101,16.7,-9900,-9900,0.0,0.0
2021,9,10,12,60,0.0,0.0,0.0,0.0,0.0,5,31.3,26.3,61,1007.0,99,16.7,-9900,-9900,0.0,0.0
2021,9,10,13,60,0.0,0.0,0.0,0.0,0.0,5,30.7,25.7,64,1007.3,97,14.8,-9900,-9900,0.0,0.0
2021,9,10,14,60,0.0,0.0,0.0,0.0,0.0,5,30.5,25.5,66,1007.3,95,14.8,-9900,-9900,0.0,0.0
2021,9,10,15,60,0.0,0.0,0.0,0.0,0.0,5,30.3,25.3,67,1007.3,92,14.8,-9900,-9900,0.0,0.0
2021,9,10,16,60,0.0,0.0,0.0,0.0,0.0,5,30.1,25.1,68,1007.3,90,14.8,-9900,-9900,0.0,0.0
2021,9,10,17,60,0.0,0.0,0.0,0.0,0.0,5,30.2,25.2,69,1006.7,89,14.8,-9900,-9900,0.0,0.0
2021,9,10,18,60,0.0,0.0,0.0,0.0,0.0,5,30.1,25.1,69,1006.3,87,14.8,-9900,-9900,0.0,0.0
2021,9,10,19,60,0.0,0.0,0.0,0.0,0.0,5,29.9,24.9,70,1005.8,84,14.8,-9900,-9900,0.0,0.0
2021,9,10,20,60,0.0,0.0,0.0,0.0,0.0,5,29.8,24.8,70,1005.5,85,14.8,-9900,-9900,0.0,0.0
2021,9,10,21,60,0.0,0.0,0.0,0.0,0.0,5,29.6,24.6,71,1005.2,86,14.8,-9900,-9900,0.0,0.0
2021,9,10,22,60,0.0,0.0,0.0,0.0,0.0,5,29.5,24.5,72,1004.9,87,13.0,-9900,-9900,0.0,0.0
2021,9,10,23,60,0.0,0.0,0.0,0.0,0.0,5,29.3,24.3,78,1005.0,89,13.0,-9900,-9900,0.0,0.0
2021,9,10,24,60,0.0,0.0,0.0,0.0,0.0,5,29.9,24.9,75,1005.0,88,13.0,-9900,-9900,0.0,0.0
2021,9,11,1,60,0.0,0.0,0.0,0.0,0.0,5,30.5,25.5,72,1005.1,88,13.0,-9900,-9900,0.0,0.0
2021,9,11,2,60,0.0,0.0,0.0,0.0,0.0,5,31.4,26.4,67,1004.3,93,14.8,-9900,-9900,0.0,0.0
2021,9,11,3,60,0.0,0.0,0.0,0.0,0.0,5,32.2,27.2,64,1003.5,98,14.8,-9900,-9900,0.0,0.0
2021,9,11,4,60,0.0,0.0,0.0,0.0,0.0,5,33.0,28.0,61,1002.7,103,14.8,-9900,-9900,0.0,0.0
2021,9,11,5,60,0.0,0.0,0.0,0.0,0.0,5,32.9,27.9,61,1002.0,108,16.7,-9900,-9900,0.0,0.0
2021,9,11,6,60,0.0,0.0,0.0,0.0,0.0,5,32.8,27.8,62,1001.3,113,16.7,-9900,-9900,0.0,0.0
2021,9,11,7,60,0.0,0.0,0.0,0.0,0.0,5,32.7,27.7,63,1000.6,116,18.5,-9900,-9900,0.0,0.0
2021,9,11,8,60,0.0,0.0,0.0,0.0,0.0,5,32.1,27.1,65,1000.6,113,18.5,-9900,-9900,0.0,0.0
2021,9,11,9,60,0.0,0.0,0.0,0.0,0.0,5,31.4,26.4,67,1000.5,109,18.5,-9900,-9900,0.0,0.0
2021,9,11,10,60,0.0,0.0,0.0,0.0,0.0,5,30.8,25.8,69,1000.5,106,18.5,-9900,-9900,0.0,0.0
2021,9,11,11,60,0.0,0.0,0.0,0.0,0.0,5,30.8,25.8,62,1000.2,114,18.5,-9900,-9900,0.0,0.0
2021,9,11,12,60,0.0,0.0,0.0,0.0,0.0,5,30.4,25.4,64,1000.2,105,18.5,-9900,-9900,0.0,0.0
2021,9,11,13,60,0.0,0.0,0.0,0.0,0.0,5,30.0,25.0,67,1000.3,97,18.5,-9900,-9900,0.0,0.0
2021,9,11,14,60,0.0,0.0,0.0,0.0,0.0,5,29.9,24.9,68,1000.1,95,20.4,-9900,-9900,0.0,0.0
2021,9,11,15,60,0.0,0.0,0.0,0.0,0.0,5,29.8,24.8,69,1000.0,92,20.4,-9900,-9900,0.0,0.0
2021,9,11,16,60,0.0,0.0,0.0,0.0,0.0,5,29.7,24.7,70,999.9,89,20.4,-9900,-9900,0.0,0.0
2021,9,11,17,60,0.0,0.0,0.0,0.0,0.0,5,28.3,23.3,76,998.8,78,24.1,-9900,-9900,0.0,0.0
2021,9,11,18,60,0.0,0.0,0.0,0.0,0.0,5,28.4,23.4,76,998.2,77,22.2,-9900,-9900,0.0,0.0
2021,9,11,19,60,0.0,0.0,0.0,0.0,0.0,5,28.5,23.5,75,997.5,76,20.4,-9900,-9900,0.0,0.0
2021,9,11,20,60,0.0,0.0,0.0,0.0,0.0,5,28.4,23.4,76,997.0,79,20.4,-9900,-9900,0.0,0.0
2021,9,11,21,60,0.0,0.0,0.0,0.0,0.0,5,28.4,23.4,77,996.6,81,18.5,-9900,-9900,0.0,0.0
2021,9,11,22,60,0.0,0.0,0.0,0.0,0.0,5,28.4,23.4,77,996.1,84,18.5,-9900,-9900,0.0,0.0
2021,9,11,23,60,0.0,0.0,0.0,0.0,0.0,5,27.9,22.9,78,995.4,89,16.7,-9900,-9900,0.0,0.0
2021,9,11,24,60,0.0,0.0,0.0,0.0,0.0,5,28.3,23.3,76,995.4,84,16.7,-9900,-9900,0.0,0.0
2021,9,12,1,60,0.0,0.0,0.0,0.0,0.0,5,28.6,23.6,75,995.4,79,16.7,-9900,-9900,0.0,0.0
2021,9,12,2,60,0.0,0.0,0.0,0.0,0.0,5,28.7,23.7,75,995.3,81,14.8,-9900,-9900,0.0,0.0
2021,9,12,3,60,0.0,0.0,0.0,0.0,0.0,5,28.8,23.8,74,995.2,83,13.0,-9900,-9900,0.0,0.0
2021,9,12,4,60,0.0,0.0,0.0,0.0,0.0,5,28.9,23.9,74,995.1,86,11.1,-9900,-9900,0.0,0.0
2021,9,12,5,60,0.0,0.0,0.0,0.0,0.0,5,28.2,23.2,81,994.5,75,11.1,-9900,-9900,0.0,0.0
2021,9,12,6,60,0.0,0.0,0.0,0.0,0.0,5,28.2,23.2,81,993.6,71,9.3,-9900,-9900,0.0,0.0
2021,9,12,7,60,0.0,0.0,0.0,0.0,0.0,5,28.3,23.3,80,992.6,62,7.4,-9900,-9900,0.0,0.0
2021,9,12,8,60,0.0,0.0,0.0,0.0,0.0,5,28.1,23.1,80,992.8,293,7.4,-9900,-9900,0.0,0.0
2021,9,12,9,60,0.0,0.0,0.0,0.0,0.0,5,28.0,23.0,80,993.1,249,9.3,-9900,-9900,0.0,0.0
2021,9,12,10,60,0.0,0.0,0.0,0.0,0.0,5,27.9,22.9,80,993.3,247,9.3,-9900,-9900,0.0,0.0
2021,9,12,11,60,0.0,0.0,0.0,0.0,0.0,5,27.1,22.1,85,995.0,285,18.5,-9900,-9900,0.0,0.0
2021,9,12,12,60,0.0,0.0,0.0,0.0,0.0,5,27.0,22.0,84,995.9,279,16.7,-9900,-9900,0.0,0.0
2021,9,12,13,60,0.0,0.0,0.0,0.0,0.0,5,27.0,22.0,83,996.8,270,13.0,-9900,-9900,0.0,0.0
2021,9,12,14,60,0.0,0.0,0.0,0.0,0.0,5,26.8,21.8,84,997.6,267,13.0,-9900,-9900,0.0,0.0
2021,9,12,15,60,0.0,0.0,0.0,0.0,0.0,5,26.7,21.7,84,998.4,264,11.1,-9900,-9900,0.0,0.0
2021,9,12,16,60,0.0,0.0,0.0,0.0,0.0,5,26.6,21.6,84,999.2,260,11.1,-9900,-9900,0.0,0.0
2021,9,12,17,60,0.0,0.0,0.0,0.0,0.0,5,26.0,21.0,90,1000.7,271,9.3,-9900,-9900,0.0,0.0
2021,9,12,18,60,0.0,0.0,0.0,0.0,0.0,5,25.9,20.9,90,1000.7,263,9.3,-9900,-9900,0.0,0.0
2021,9,12,19,60,0.0,0.0,0.0,0.0,0.0,5,26.0,21.0,89,1000.8,255,9.3,-9900,-9900,0.0,0.0
2021,9,12,20,60,0.0,0.0,0.0,0.0,0.0,5,26.0,21.0,88,1001.2,253,9.3,-9900,-9900,0.0,0.0
2021,9,12,21,60,0.0,0.0,0.0,0.0,0.0,5,26.1,21.1,87,1001.7,250,7.4,-9900,-9900,0.0,0.0
2021,9,12,22,60,0.0,0.0,0.0,0.0,0.0,5,26.2,21.2,86,1002.2,247,7.4,-9900,-9900,0.0,0.0
2021,9,12,23,60,0.0,0.0,0.0,0.0,0.0,5,28.3,23.3,70,1002.8,262,7.4,-9900,-9900,0.0,0.0
2021,9,12,24,60,0.0,0.0,0.0,0.0,0.0,5,28.6,23.6,71,1003.6,256,7.4,-9900,-9900,0.0,0.0
2021,9,13,1,60,0.0,0.0,0.0,0.0,0.0,5,28.9,23.9,71,1004.4,250,7.4,-9900,-9900,0.0,0.0
2021,9,13,2,60,0.0,0.0,0.0,0.0,0.0,5,30.3,25.3,66,1004.6,251,9.3,-9900,-9900,0.0,0.0
2021,9,13,3,60,0.0,0.0,0.0,0.0,0.0,5,31.7,26.7,62,1004.8,252,9.3,-9900,-9900,0.0,0.0
2021,9,13,4,60,0.0,0.0,0.0,0.0,0.0,5,33.2,28.2,58,1005.0,252,11.1,-9900,-9900,0.0,0.0
2021,9,13,5,60,0.0,0.0,0.0,0.0,0.0,5,33.1,28.1,59,1005.6,260,11.1,-9900,-9900,0.0,0.0
2021,9,13,6,60,0.0,0.0,0.0,0.0,0.0,5,33.4,28.4,59,1005.2,265,11.1,-9900,-9900,0.0,0.0
2021,9,13,7,60,0.0,0.0,0.0,0.0,0.0,5,33.7,28.7,59,1004.9,270,11.1,-9900,-9900,0.0,0.0
2021,9,13,8,60,0.0,0.0,0.0,0.0,0.0,5,33.1,28.1,60,1005.0,268,11.1,-9900,-9900,0.0,0.0
2021,9,13,9,60,0.0,0.0,0.0,0.0,0.0,5,32.5,27.5,61,1005.1,265,9.3,-9900,-9900,0.0,0.0
2021,9,13,10,60,0.0,0.0,0.0,0.0,0.0,5,32.0,27.0,61,1005.2,261,9.3,-9900,-9900,0.0,0.0
2021,9,13,11,60,0.0,0.0,0.0,0.0,0.0,5,31.3,26.3,64,1005.9,256,9.3,-9900,-9900,0.0,0.0
2021,9,13,12,60,0.0,0.0,0.0,0.0,0.0,5,30.7,25.7,66,1006.5,250,7.4,-9900,-9900,0.0,0.0
2021,9,13,13,60,0.0,0.0,0.0,0.0,0.0,5,30.0,25.0,68,1007.2,241,7.4,-9900,-9900,0.0,0.0
2021,9,13,14,60,0.0,0.0,0.0,0.0,0.0,5,29.8,24.8,69,1007.7,233,7.4,-9900,-9900,0.0,0.0
2021,9,13,15,60,0.0,0.0,0.0,0.0,0.0,5,29.5,24.5,71,1008.2,223,5.5,-9900,-9900,0.0,0.0
2021,9,13,16,60,0.0,0.0,0.0,0.0,0.0,5,29.3,24.3,72,1008.7,214,5.5,-9900,-9900,0.0,0.0
2021,9,13,17,60,0.0,0.0,0.0,0.0,0.0,5,28.9,23.9,74,1008.7,213,5.5,-9900,-9900,0.0,0.0
2021,9,13,18,60,0.0,0.0,0.0,0.0,0.0,5,28.6,23.6,75,1008.7,211,5.5,-9900,-9900,0.0,0.0
2021,9,13,19,60,0.0,0.0,0.0,0.0,0.0,5,28.3,23.3,76,1008.7,210,5.5,-9900,-9900,0.0,0.0
2021,9,13,20,60,0.0,0.0,0.0,0.0,0.0,5,28.0,23.0,77,1008.8,208,5.5,-9900,-9900,0.0,0.0
2021,9,13,21,60,0.0,0.0,0.0,0.0,0.0,5,27.7,22.7,78,1008.9,207,5.5,-9900,-9900,0.0,0.0
2021,9,13,22,60,0.0,0.0,0.0,0.0,0.0,5,27.4,22.4,78,1009.1,206,5.5,-9900,-9900,0.0,0.0
2021,9,13,23,60,0.0,0.0,0.0,0.0,0.0,5,29.0,24.0,72,1010.1,237,5.5,-9900,-9900,0.0,0.0
2021,9,13,24,60,0.0,0.0,0.0,0.0,0.0,5,29.4,24.4,71,1010.6,234,5.5,-9900,-9900,0.0,0.0
2021,9,14,1,60,0.0,0.0,0.0,0.0,0.0,5,29.9,24.9,69,1011.2,231,5.5,-9900,-9900,0.0,0.0
2021,9,14,2,60,0.0,0.0,0.0,0.0,0.0,5,31.2,26.2,65,1011.1,241,5.5,-9900,-9900,0.0,0.0
2021,9,14,3,60,0.0,0.0,0.0,0.0,0.0,5,32.5,27.5,60,1011.0,247,7.4,-9900,-9900,0.0,0.0
2021,9,14,4,60,0.0,0.0,0.0,0.0,0.0,5,33.8,28.8,56,1010.9,252,9.3,-9900,-9900,0.0,0.0
2021,9,14,5,60,0.0,0.0,0.0,0.0,0.0,5,34.2,29.2,56,1010.7,261,9.3,-9900,-9900,0.0,0.0
2021,9,14,6,60,0.0,0.0,0.0,0.0,0.0,5,34.1,29.1,57,1010.2,271,9.3,-9900,-9900,0.0,0.0
2021,9,14,7,60,0.0,0.0,0.0,0.0,0.0,5,34.1,29.1,58,1009.7,281,9.3,-9900,-9900,0.0,0.0
2021,9,14,8,60,0.0,0.0,0.0,0.0,0.0,5,33.3,28.3,60,1009.6,276,9.3,-9900,-9900,0.0,0.0
2021,9,14,9,60,0.0,0.0,0.0,0.0,0.0,5,32.5,27.5,62,1009.6,269,7.4,-9900,-9900,0.0,0.0
2021,9,14,10,60,0.0,0.0,0.0,0.0,0.0,5,31.7,26.7,64,1009.6,259,7.4,-9900,-9900,0.0,0.0
2021,9,14,11,60,0.0,0.0,0.0,0.0,0.0,5,30.8,25.8,69,1010.3,268,7.4,-9900,-9900,0.0,0.0
2021,9,14,12,60,0.0,0.0,0.0,0.0,0.0,5,30.4,25.4,70,1010.8,246,7.4,-9900,-9900,0.0,0.0
2021,9,14,13,60,0.0,0.0,0.0,0.0,0.0,5,30.0,25.0,71,1011.3,221,5.5,-9900,-9900,0.0,0.0
2021,9,14,14,60,0.0,0.0,0.0,0.0,0.0,5,29.7,24.7,72,1011.4,215,5.5,-9900,-9900,0.0,0.0
2021,9,14,15,60,0.0,0.0,0.0,0.0,0.0,5,29.4,24.4,74,1011.6,210,5.5,-9900,-9900,0.0,0.0
2021,9,14,16,60,0.0,0.0,0.0,0.0,0.0,5,29.1,24.1,75,1011.8,204,5.5,-9900,-9900,0.0,0.0
2021,9,14,17,60,0.0,0.0,0.0,0.0,0.0,5,29.2,24.2,76,1011.5,229,5.5,-9900,-9900,0.0,0.0
2021,9,14,18,60,0.0,0.0,0.0,0.0,0.0,5,28.9,23.9,77,1011.2,216,5.5,-9900,-9900,0.0,0.0
2021,9,14,19,60,0.0,0.0,0.0,0.0,0.0,5,28.5,23.5,78,1011.0,207,3.7,-9900,-9900,0.0,0.0
2021,9,14,20,60,0.0,0.0,0.0,0.0,0.0,5,28.2,23.2,79,1010.9,202,5.5,-9900,-9900,0.0,0.0
2021,9,14,21,60,0.0,0.0,0.0,0.0,0.0,5,27.8,22.8,80,1010.7,197,5.5,-9900,-9900,0.0,0.0
2021,9,14,22,60,0.0,0.0,0.0,0.0,0.0,5,27.5,22.5,81,1010.6,194,5.5,-9900,-9900,0.0,0.0
2021,9,14,23,60,0.0,0.0,0.0,0.0,0.0,5,25.9,20.9,90,1011.7,224,3.7,-9900,-9900,0.0,0.0
2021,9,14,24,60,0.0,0.0,0.0,0.0,0.0,5,26.6,21.6,86,1012.0,219,3.7,-9900,-9900,0.0,0.0
2021,9,15,1,60,0.0,0.0,0.0,0.0,0.0,5,27.3,22.3,83,1012.3,213,3.7,-9900,-9900,0.0,0.0
2021,9,15,2,60,0.0,0.0,0.0,0.0,0.0,5,28.7,23.7,77,1012.1,244,3.7,-9900,-9900,0.0,0.0
2021,9,15,3,60,0.0,0.0,0.0,0.0,0.0,5,30.1,25.1,71,1011.8,264,3.7,-9900,-9900,0.0,0.0
2021,9,15,4,60,0.0,0.0,0.0,0.0,0.0,5,31.5,26.5,66,1011.6,274,3.7,-9900,-9900,0.0,0.0
2021,9,15,5,60,0.0,0.0,0.0,0.0,0.0,5,30.7,25.7,69,1011.0,333,5.5,-9900,-9900,0.0,0.0
2021,9,15,6,60,0.0,0.0,0.0,0.0,0.0,5,30.7,25.7,70,1010.4,339,5.5,-9900,-9900,0.0,0.0
2021,9,15,7,60,0.0,0.0,0.0,0.0,0.0,5,30.8,25.8,70,1009.7,343,7.4,-9900,-9900,0.0,0.0
2021,9,15,8,60,0.0,0.0,0.0,0.0,0.0,5,30.4,25.4,70,1009.6,359,7.4,-9900,-9900,0.0,0.0
2021,9,15,9,60,0.0,0.0,0.0,0.0,0.0,5,29.9,24.9,71,1009.4,18,7.4,-9900,-9900,0.0,0.0
2021,9,15,10,60,0.0,0.0,0.0,0.0,0.0,5,29.5,24.5,72,1009.2,38,7.4,-9900,-9900,0.0,0.0
2021,9,15,11,60,0.0,0.0,0.0,0.0,0.0,5,29.0,24.0,76,1009.2,143,5.5,-9900,-9900,0.0,0.0
2021,9,15,12,60,0.0,0.0,0.0,0.0,0.0,5,28.7,23.7,77,1009.9,139,5.5,-9900,-9900,0.0,0.0
2021,9,15,13,60,0.0,0.0,0.0,0.0,0.0,5,28.3,23.3,78,1010.5,136,5.5,-9900,-9900,0.0,0.0
2021,9,15,14,60,0.0,0.0,0.0,0.0,0.0,5,28.1,23.1,78,1010.6,144,5.5,-9900,-9900,0.0,0.0
2021,9,15,15,60,0.0,0.0,0.0,0.0,0.0,5,27.9,22.9,78,1010.8,149,5.5,-9900,-9900,0.0,0.0
2021,9,15,16,60,0.0,0.0,0.0,0.0,0.0,5,27.7,22.7,79,1010.9,153,5.5,-9900,-9900,0.0,0.0
2021,9,15,17,60,0.0,0.0,0.0,0.0,0.0,5,27.4,22.4,80,1010.5,162,5.5,-9900,-9900,0.0,0.0
2021,9,15,18,60,0.0,0.0,0.0,0.0,0.0,5,27.0,22.0,81,1010.0,171,5.5,-9900,-9900,0.0,0.0
2021,9,15,19,60,0.0,0.0,0.0,0.0,0.0,5,26.7,21.7,82,1009.6,178,3.7,-9900,-9900,0.0,0.0
2021,9,15,20,60,0.0,0.0,0.0,0.0,0.0,5,26.4,21.4,83,1009.6,178,5.5,-9900,-9900,0.0,0.0
2021,9,15,21,60,0.0,0.0,0.0,0.0,0.0,5,26.2,21.2,83,1009.6,179,5.5,-9900,-9900,0.0,0.0
2021,9,15,22,60,0.0,0.0,0.0,0.0,0.0,5,25.9,20.9,84,1009.6,179,5.5,-9900,-9900,0.0,0.0
2021,9,15,23,60,0.0,0.0,0.0,0.0,0.0,5,27.2,22.2,79,1009.9,150,5.5,-9900,-9900,0.0,0.0
2021,9,15,24,60,0.0,0.0,0.0,0.0,0.0,5,27.8,22.8,77,1010.4,159,5.5,-9900,-9900,0.0,0.0
2021,9,16,1,60,0.0,0.0,0.0,0.0,0.0,5,28.4,23.4,75,1010.8,171,3.7,-9900,-9900,0.0,0.0
2021,9,16,2,60,0.0,0.0,0.0,0.0,0.0,5,29.8,24.8,70,1010.4,190,3.7,-9900,-9900,0.0,0.0
2021,9,16,3,60,0.0,0.0,0.0,0.0,0.0,5,31.2,26.2,65,1010.0,231,3.7,-9900,-9900,0.0,0.0
2021,9,16,4,60,0.0,0.0,0.0,0.0,0.0,5,32.6,27.6,61,1009.5,273,3.7,-9900,-9900,0.0,0.0
2021,9,16,5,60,0.0,0.0,0.0,0.0,0.0,5,31.3,26.3,65,1009.1,306,5.5,-9900,-9900,0.0,0.0
2021,9,16,6,60,0.0,0.0,0.0,0.0,0.0,5,31.3,26.3,65,1008.4,339,5.5,-9900,-9900,0.0,0.0
2021,9,16,7,60,0.0,0.0,0.0,0.0,0.0,5,31.3,26.3,66,1007.7,2,7.4,-9900,-9900,0.0,0.0
2021,9,16,8,60,0.0,0.0,0.0,0.0,0.0,5,30.7,25.7,68,1007.7,31,7.4,-9900,-9900,0.0,0.0
2021,9,16,9,60,0.0,0.0,0.0,0.0,0.0,5,30.0,25.0,70,1007.6,64,7.4,-9900,-9900,0.0,0.0
2021,9,16,10,60,0.0,0.0,0.0,0.0,0.0,5,29.3,24.3,72,1007.6,86,7.4,-9900,-9900,0.0,0.0
2021,9,16,11,60,0.0,0.0,0.0,0.0,0.0,5,28.5,23.5,76,1008.5,90,13.0,-9900,-9900,0.0,0.0
2021,9,16,12,60,0.0,0.0,0.0,0.0,0.0,5,28.2,23.2,77,1009.1,94,11.1,-9900,-9900,0.0,0.0
2021,9,16,13,60,0.0,0.0,0.0,0.0,0.0,5,27.9,22.9,78,1009.6,99,11.1,-9900,-9900,0.0,0.0
2021,9,16,14,60,0.0,0.0,0.0,0.0,0.0,5,27.8,22.8,78,1009.7,100,9.3,-9900,-9900,0.0,0.0
2021,9,16,15,60,0.0,0.0,0.0,0.0,0.0,5,27.7,22.7,78,1009.7,102,9.3,-9900,-9900,0.0,0.0
2021,9,16,16,60,0.0,0.0,0.0,0.0,0.0,5,27.6,22.6,78,1009.7,104,7.4,-9900,-9900,0.0,0.0
2021,9,16,17,60,0.0,0.0,0.0,0.0,0.0,5,27.9,22.9,74,1009.3,106,9.3,-9900,-9900,0.0,0.0
2021,9,16,18,60,0.0,0.0,0.0,0.0,0.0,5,27.7,22.7,75,1009.1,113,7.4,-9900,-9900,0.0,0.0
2021,9,16,19,60,0.0,0.0,0.0,0.0,0.0,5,27.4,22.4,76,1009.0,123,7.4,-9900,-9900,0.0,0.0
2021,9,16,20,60,0.0,0.0,0.0,0.0,0.0,5,27.1,22.1,77,1009.1,135,5.5,-9900,-9900,0.0,0.0
2021,9,16,21,60,0.0,0.0,0.0,0.0,0.0,5,26.8,21.8,78,1009.1,148,5.5,-9900,-9900,0.0,0.0
2021,9,16,22,60,0.0,0.0,0.0,0.0,0.0,5,26.5,21.5,79,1009.2,162,5.5,-9900,-9900,0.0,0.0
2021,9,16,23,60,0.0,0.0,0.0,0.0,0.0,5,27.6,22.6,76,1010.2,153,5.5,-9900,-9900,0.0,0.0
2021,9,16,24,60,0.0,0.0,0.0,0.0,0.0,5,28.1,23.1,75,1010.6,150,5.5,-9900,-9900,0.0,0.0
2021,9,17,1,60,0.0,0.0,0.0,0.0,0.0,5,28.7,23.7,74,1011.0,146,5.5,-9900,-9900,0.0,0.0
2021,9,17,2,60,0.0,0.0,0.0,0.0,0.0,5,30.0,25.0,69,1010.9,146,3.7,-9900,-9900,0.0,0.0
2021,9,17,3,60,0.0,0.0,0.0,0.0,0.0,5,31.2,26.2,65,1010.7,147,3.7,-9900,-9900,0.0,0.0
2021,9,17,4,60,0.0,0.0,0.0,0.0,0.0,5,32.5,27.5,61,1010.5,308,3.7,-9900,-9900,0.0,0.0
2021,9,17,5,60,0.0,0.0,0.0,0.0,0.0,5,31.7,26.7,63,1010.4,63,5.5,-9900,-9900,0.0,0.0
2021,9,17,6,60,0.0,0.0,0.0,0.0,0.0,5,31.7,26.7,63,1009.8,49,7.4,-9900,-9900,0.0,0.0
2021,9,17,7,60,0.0,0.0,0.0,0.0,0.0,5,31.7,26.7,63,1009.2,40,7.4,-9900,-9900,0.0,0.0
2021,9,17,8,60,0.0,0.0,0.0,0.0,0.0,5,31.0,26.0,66,1009.3,61,7.4,-9900,-9900,0.0,0.0
2021,9,17,9,60,0.0,0.0,0.0,0.0,0.0,5,30.4,25.4,68,1009.3,81,9.3,-9900,-9900,0.0,0.0
2021,9,17,10,60,0.0,0.0,0.0,0.0,0.0,5,29.7,24.7,70,1009.4,95,9.3,-9900,-9900,0.0,0.0
2021,9,17,11,60,0.0,0.0,0.0,0.0,0.0,5,28.5,23.5,75,1010.5,91,13.0,-9900,-9900,0.0,0.0
2021,9,17,12,60,0.0,0.0,0.0,0.0,0.0,5,28.2,23.2,76,1010.9,92,13.0,-9900,-9900,0.0,0.0
2021,9,17,13,60,0.0,0.0,0.0,0.0,0.0,5,28.0,23.0,77,1011.3,92,13.0,-9900,-9900,0.0,0.0
2021,9,17,14,60,0.0,0.0,0.0,0.0,0.0,5,27.9,22.9,77,1011.4,92,13.0,-9900,-9900,0.0,0.0
2021,9,17,15,60,0.0,0.0,0.0,0.0,0.0,5,27.8,22.8,78,1011.5,91,11.1,-9900,-9900,0.0,0.0
2021,9,17,16,60,0.0,0.0,0.0,0.0,0.0,5,27.8,22.8,77,1011.6,91,11.1,-9900,-9900,0.0,0.0
2021,9,17,17,60,0.0,0.0,0.0,0.0,0.0,5,27.7,22.7,79,1011.6,98,13.0,-9900,-9900,0.0,0.0
2021,9,17,18,60,0.0,0.0,0.0,0.0,0.0,5,27.5,22.5,80,1011.3,99,11.1,-9900,-9900,0.0,0.0
2021,9,17,19,60,0.0,0.0,0.0,0.0,0.0,5,27.4,22.4,80,1011.1,100,9.3,-9900,-9900,0.0,0.0
2021,9,17,20,60,0.0,0.0,0.0,0.0,0.0,5,27.3,22.3,79,1011.2,103,9.3,-9900,-9900,0.0,0.0
2021,9,17,21,60,0.0,0.0,0.0,0.0,0.0,5,27.1,22.1,79,1011.2,108,7.4,-9900,-9900,0.0,0.0
2021,9,17,22,60,0.0,0.0,0.0,0.0,0.0,5,27.0,22.0,79,1011.3,113,7.4,-9900,-9900,0.0,0.0
2021,9,17,23,60,0.0,0.0,0.0,0.0,0.0,5,28.1,23.1,80,1011.7,109,9.3,-9900,-9900,0.0,0.0
2021,9,17,24,60,0.0,0.0,0.0,0.0,0.0,5,28.7,23.7,77,1012.2,106,9.3,-9900,-9900,0.0,0.0
2021,9,18,1,60,0.0,0.0,0.0,0.0,0.0,5,29.2,24.2,75,1012.7,102,9.3,-9900,-9900,0.0,0.0
2021,9,18,2,60,0.0,0.0,0.0,0.0,0.0,5,30.4,25.4,70,1012.5,98,9.3,-9900,-9900,0.0,0.0
2021,9,18,3,60,0.0,0.0,0.0,0.0,0.0,5,31.5,26.5,66,1012.4,93,9.3,-9900,-9900,0.0,0.0
2021,9,18,4,60,0.0,0.0,0.0,0.0,0.0,5,32.6,27.6,62,1012.2,87,9.3,-9900,-9900,0.0,0.0
2021,9,18,5,60,0.0,0.0,0.0,0.0,0.0,5,32.6,27.6,62,1011.7,82,9.3,-9900,-9900,0.0,0.0
2021,9,18,6,60,0.0,0.0,0.0,0.0,0.0,5,32.5,27.5,63,1011.2,79,11.1,-9900,-9900,0.0,0.0
2021,9,18,7,60,0.0,0.0,0.0,0.0,0.0,5,32.5,27.5,63,1010.7,77,11.1,-9900,-9900,0.0,0.0
2021,9,18,8,60,0.0,0.0,0.0,0.0,0.0,5,31.8,26.8,65,1010.8,82,13.0,-9900,-9900,0.0,0.0
2021,9,18,9,60,0.0,0.0,0.0,0.0,0.0,5,31.1,26.1,66,1011.0,86,13.0,-9900,-9900,0.0,0.0
2021,9,18,10,60,0.0,0.0,0.0,0.0,0.0,5,30.3,25.3,69,1011.1,89,14.8,-9900,-9900,0.0,0.0
2021,9,18,11,60,0.0,0.0,0.0,0.0,0.0,5,29.2,24.2,75,1011.9,92,16.7,-9900,-9900,0.0,0.0
2021,9,18,12,60,0.0,0.0,0.0,0.0,0.0,5,28.8,23.8,76,1012.4,91,16.7,-9900,-9900,0.0,0.0
2021,9,18,13,60,0.0,0.0,0.0,0.0,0.0,5,28.4,23.4,77,1012.8,91,14.8,-9900,-9900,0.0,0.0
2021,9,18,14,60,0.0,0.0,0.0,0.0,0.0,5,28.4,23.4,77,1012.9,90,14.8,-9900,-9900,0.0,0.0
2021,9,18,15,60,0.0,0.0,0.0,0.0,0.0,5,28.3,23.3,77,1013.0,89,14.8,-9900,-9900,0.0,0.0
2021,9,18,16,60,0.0,0.0,0.0,0.0,0.0,5,28.2,23.2,77,1013.0,87,14.8,-9900,-9900,0.0,0.0
2021,9,18,17,60,0.0,0.0,0.0,0.0,0.0,5,28.4,23.4,80,1012.7,89,13.0,-9900,-9900,0.0,0.0
2021,9,18,18,60,0.0,0.0,0.0,0.0,0.0,5,28.3,23.3,80,1012.5,91,11.1,-9900,-9900,0.0,0.0
2021,9,18,19,60,0.0,0.0,0.0,0.0,0.0,5,28.1,23.1,80,1012.2,94,11.1,-9900,-9900,0.0,0.0
2021,9,18,20,60,0.0,0.0,0.0,0.0,0.0,5,27.9,22.9,80,1012.0,98,9.3,-9900,-9900,0.0,0.0
2021,9,18,21,60,0.0,0.0,0.0,0.0,0.0,5,27.8,22.8,79,1011.9,104,9.3,-9900,-9900,0.0,0.0
2021,9,18,22,60,0.0,0.0,0.0,0.0,0.0,5,27.6,22.6,79,1011.7,110,9.3,-9900,-9900,0.0,0.0
2021,9,18,23,60,0.0,0.0,0.0,0.0,0.0,5,28.8,23.8,74,1011.7,97,7.4,-9900,-9900,0.0,0.0
2021,9,18,24,60,0.0,0.0,0.0,0.0,0.0,5,29.3,24.3,72,1012.1,99,7.4,-9900,-9900,0.0,0.0
2021,9,19,1,60,0.0,0.0,0.0,0.0,0.0,5,29.9,24.9,71,1012.5,101,7.4,-9900,-9900,0.0,0.0
2021,9,19,2,60,0.0,0.0,0.0,0.0,0.0,5,31.2,26.2,66,1012.2,102,7.4,-9900,-9900,0.0,0.0
2021,9,19,3,60,0.0,0.0,0.0,0.0,0.0,5,32.5,27.5,62,1012.0,102,7.4,-9900,-9900,0.0,0.0
2021,9,19,4,60,0.0,0.0,0.0,0.0,0.0,5,33.8,28.8,57,1011.8,103,7.4,-9900,-9900,0.0,0.0
2021,9,19,5,60,0.0,0.0,0.0,0.0,0.0,5,33.0,28.0,61,1011.1,96,7.4,-9900,-9900,0.0,0.0
2021,9,19,6,60,0.0,0.0,0.0,0.0,0.0,5,33.2,28.2,60,1010.5,85,7.4,-9900,-9900,0.0,0.0
2021,9,19,7,60,0.0,0.0,0.0,0.0,0.0,5,33.4,28.4,60,1009.8,75,9.3,-9900,-9900,0.0,0.0
2021,9,19,8,60,0.0,0.0,0.0,0.0,0.0,5,32.8,27.8,61,1009.8,84,9.3,-9900,-9900,0.0,0.0
2021,9,19,9,60,0.0,0.0,0.0,0.0,0.0,5,32.2,27.2,62,1009.8,91,9.3,-9900,-9900,0.0,0.0
2021,9,19,10,60,0.0,0.0,0.0,0.0,0.0,5,31.6,26.6,63,1009.8,96,9.3,-9900,-9900,0.0,0.0
2021,9,19,11,60,0.0,0.0,0.0,0.0,0.0,5,31.3,26.3,65,1010.4,54,7.4,-9900,-9900,0.0,0.0
2021,9,19,12,60,0.0,0.0,0.0,0.0,0.0,5,30.7,25.7,67,1010.8,88,7.4,-9900,-9900,0.0,0.0
2021,9,19,13,60,0.0,0.0,0.0,0.0,0.0,5,30.0,25.0,70,1011.2,102,7.4,-9900,-9900,0.0,0.0
2021,9,19,14,60,0.0,0.0,0.0,0.0,0.0,5,29.8,24.8,70,1011.4,114,7.4,-9900,-9900,0.0,0.0
2021,9,19,15,60,0.0,0.0,0.0,0.0,0.0,5,29.5,24.5,71,1011.6,127,7.4,-9900,-9900,0.0,0.0
2021,9,19,16,60,0.0,0.0,0.0,0.0,0.0,5,29.2,24.2,72,1011.8,140,5.5,-9900,-9900,0.0,0.0
2021,9,19,17,60,0.0,0.0,0.0,0.0,0.0,5,28.6,23.6,75,1011.8,147,7.4,-9900,-9900,0.0,0.0
2021,9,19,18,60,0.0,0.0,0.0,0.0,0.0,5,28.2,23.2,76,1011.6,158,5.5,-9900,-9900,0.0,0.0
2021,9,19,19,60,0.0,0.0,0.0,0.0,0.0,5,27.9,22.9,77,1011.4,169,5.5,-9900,-9900,0.0,0.0
2021,9,19,20,60,0.0,0.0,0.0,0.0,0.0,5,27.7,22.7,77,1011.3,172,5.5,-9900,-9900,0.0,0.0
2021,9,19,21,60,0.0,0.0,0.0,0.0,0.0,5,27.5,22.5,77,1011.3,176,5.5,-9900,-9900,0.0,0.0
2021,9,19,22,60,0.0,0.0,0.0,0.0,0.0,5,27.3,22.3,77,1011.3,180,5.5,-9900,-9900,0.0,0.0
2021,9,19,23,60,0.0,0.0,0.0,0.0,0.0,5,27.7,22.7,80,1011.3,168,5.5,-9900,-9900,0.0,0.0
2021,9,19,24,60,0.0,0.0,0.0,0.0,0.0,5,28.5,23.5,78,1011.6,175,5.5,-9900,-9900,0.0,0.0
2021,9,20,1,60,0.0,0.0,0.0,0.0,0.0,5,29.2,24.2,75,1012.0,185,5.5,-9900,-9900,0.0,0.0
2021,9,20,2,60,0.0,0.0,0.0,0.0,0.0,5,30.9,25.9,68,1011.8,208,5.5,-9900,-9900,0.0,0.0
2021,9,20,3,60,0.0,0.0,0.0,0.0,0.0,5,32.6,27.6,62,1011.5,233,5.5,-9900,-9900,0.0,0.0
2021,9,20,4,60,0.0,0.0,0.0,0.0,0.0,5,34.3,29.3,56,1011.2,253,5.5,-9900,-9900,0.0,0.0
2021,9,20,5,60,0.0,0.0,0.0,0.0,0.0,5,33.9,28.9,57,1010.8,269,5.5,-9900,-9900,0.0,0.0
2021,9,20,6,60,0.0,0.0,0.0,0.0,0.0,5,34.3,29.3,57,1010.1,289,7.4,-9900,-9900,0.0,0.0
2021,9,20,7,60,0.0,0.0,0.0,0.0,0.0,5,34.7,29.7,56,1009.3,306,7.4,-9900,-9900,0.0,0.0
2021,9,20,8,60,0.0,0.0,0.0,0.0,0.0,5,33.8,28.8,58,1009.3,306,5.5,-9900,-9900,0.0,0.0
2021,9,20,9,60,0.0,0.0,0.0,0.0,0.0,5,32.9,27.9,60,1009.3,306,5.5,-9900,-9900,0.0,0.0
2021,9,20,10,60,0.0,0.0,0.0,0.0,0.0,5,32.1,27.1,62,1009.3,320,5.5,-9900,-9900,0.0,0.0
2021,9,20,11,60,0.0,0.0,0.0,0.0,0.0,5,31.5,26.5,62,1009.2,360,7.4,-9900,-9900,0.0,0.0
2021,9,20,12,60,0.0,0.0,0.0,0.0,0.0,5,30.9,25.9,64,1009.8,25,7.4,-9900,-9900,0.0,0.0
2021,9,20,13,60,0.0,0.0,0.0,0.0,0.0,5,30.3,25.3,67,1010.3,132,5.5,-9900,-9900,0.0,0.0
2021,9,20,14,60,0.0,0.0,0.0,0.0,0.0,5,30.0,25.0,68,1010.4,158,5.5,-9900,-9900,0.0,0.0
2021,9,20,15,60,0.0,0.0,0.0,0.0,0.0,5,29.6,24.6,70,1010.4,171,5.5,-9900,-9900,0.0,0.0
2021,9,20,16,60,0.0,0.0,0.0,0.0,0.0,5,29.3,24.3,71,1010.4,178,5.5,-9900,-9900,0.0,0.0
2021,9,20,17,60,0.0,0.0,0.0,0.0,0.0,5,28.9,23.9,73,1010.2,182,5.5,-9900,-9900,0.0,0.0
2021,9,20,18,60,0.0,0.0,0.0,0.0,0.0,5,28.5,23.5,74,1009.9,186,5.5,-9900,-9900,0.0,0.0
2021,9,20,19,60,0.0,0.0,0.0,0.0,0.0,5,28.2,23.2,75,1009.6,188,5.5,-9900,-9900,0.0,0.0
2021,9,20,20,60,0.0,0.0,0.0,0.0,0.0,5,27.9,22.9,76,1009.7,187,5.5,-9900,-9900,0.0,0.0
2021,9,20,21,60,0.0,0.0,0.0,0.0,0.0,5,27.6,22.6,77,1009.7,185,5.5,-9900,-9900,0.0,0.0
2021,9,20,22,60,0.0,0.0,0.0,0.0,0.0,5,27.3,22.3,78,1009.8,183,5.5,-9900,-9900,0.0,0.0
2021,9,20,23,60,0.0,0.0,0.0,0.0,0.0,5,28.6,23.6,74,1009.9,192,5.5,-9900,-9900,0.0,0.0
2021,9,20,24,60,0.0,0.0,0.0,0.0,0.0,5,29.2,24.2,73,1010.2,197,5.5,-9900,-9900,0.0,0.0
2021,9,21,1,60,0.0,0.0,0.0,0.0,0.0,5,29.8,24.8,71,1010.6,203,5.5,-9900,-9900,0.0,0.0
2021,9,21,2,60,0.0,0.0,0.0,0.0,0.0,5,31.4,26.4,65,1010.4,220,5.5,-9900,-9900,0.0,0.0
2021,9,21,3,60,0.0,0.0,0.0,0.0,0.0,5,33.0,28.0,60,1010.1,238,5.5,-9900,-9900,0.0,0.0
2021,9,21,4,60,0.0,0.0,0.0,0.0,0.0,5,34.6,29.6,55,1009.9,253,5.5,-9900,-9900,0.0,0.0
2021,9,21,5,60,0.0,0.0,0.0,0.0,0.0,5,33.6,28.6,60,1009.7,259,5.5,-9900,-9900,0.0,0.0
2021,9,21,6,60,0.0,0.0,0.0,0.0,0.0,5,33.7,28.7,60,1009.0,279,5.5,-9900,-9900,0.0,0.0
2021,9,21,7,60,0.0,0.0,0.0,0.0,0.0,5,33.8,28.8,61,1008.3,298,5.5,-9900,-9900,0.0,0.0
2021,9,21,8,60,0.0,0.0,0.0,0.0,0.0,5,32.9,27.9,63,1008.4,306,5.5,-9900,-9900,0.0,0.0
2021,9,21,9,60,0.0,0.0,0.0,0.0,0.0,5,32.1,27.1,64,1008.4,9,5.5,-9900,-9900,0.0,0.0
2021,9,21,10,60,0.0,0.0,0.0,0.0,0.0,5,31.2,26.2,66,1008.5,89,5.5,-9900,-9900,0.0,0.0
2021,9,21,11,60,0.0,0.0,0.0,0.0,0.0,5,30.8,25.8,65,1008.9,114,5.5,-9900,-9900,0.0,0.0
2021,9,21,12,60,0.0,0.0,0.0,0.0,0.0,5,30.2,25.2,67,1009.5,127,5.5,-9900,-9900,0.0,0.0
2021,9,21,13,60,0.0,0.0,0.0,0.0,0.0,5,29.7,24.7,70,1010.1,139,5.5,-9900,-9900,0.0,0.0
2021,9,21,14,60,0.0,0.0,0.0,0.0,0.0,5,29.4,24.4,71,1010.3,147,5.5,-9900,-9900,0.0,0.0
2021,9,21,15,60,0.0,0.0,0.0,0.0,0.0,5,29.1,24.1,72,1010.5,155,5.5,-9900,-9900,0.0,0.0
2021,9,21,16,60,0.0,0.0,0.0,0.0,0.0,5,28.8,23.8,74,1010.7,161,5.5,-9900,-9900,0.0,0.0
2021,9,21,17,60,0.0,0.0,0.0,0.0,0.0,5,27.8,22.8,78,1010.6,184,5.5,-9900,-9900,0.0,0.0
2021,9,21,18,60,0.0,0.0,0.0,0.0,0.0,5,27.5,22.5,79,1010.4,184,5.5,-9900,-9900,0.0,0.0
2021,9,21,19,60,0.0,0.0,0.0,0.0,0.0,5,27.3,22.3,79,1010.2,185,5.5,-9900,-9900,0.0,0.0
2021,9,21,20,60,0.0,0.0,0.0,0.0,0.0,5,27.1,22.1,80,1010.2,183,5.5,-9900,-9900,0.0,0.0
2021,9,21,21,60,0.0,0.0,0.0,0.0,0.0,5,27.0,22.0,80,1010.3,181,5.5,-9900,-9900,0.0,0.0
2021,9,21,22,60,0.0,0.0,0.0,0.0,0.0,5,27.0,22.0,80,1010.4,179,5.5,-9900,-9900,0.0,0.0
2021,9,21,23,60,0.0,0.0,0.0,0.0,0.0,5,27.6,22.6,75,1011.2,172,5.5,-9900,-9900,0.0,0.0
2021,9,21,24,60,0.0,0.0,0.0,0.0,0.0,5,28.2,23.2,74,1011.7,174,5.5,-9900,-9900,0.0,0.0
2021,9,22,1,60,0.0,0.0,0.0,0.0,0.0,5,28.8,23.8,74,1012.2,177,3.7,-9900,-9900,0.0,0.0
2021,9,22,2,60,0.0,0.0,0.0,0.0,0.0,5,30.3,25.3,69,1012.1,194,3.7,-9900,-9900,0.0,0.0
2021,9,22,3,60,0.0,0.0,0.0,0.0,0.0,5,31.7,26.7,64,1012.1,239,3.7,-9900,-9900,0.0,0.0
2021,9,22,4,60,0.0,0.0,0.0,0.0,0.0,5,33.2,28.2,60,1012.1,286,3.7,-9900,-9900,0.0,0.0
2021,9,22,5,60,0.0,0.0,0.0,0.0,0.0,5,32.8,27.8,61,1011.7,38,5.5,-9900,-9900,0.0,0.0
2021,9,22,6,60,0.0,0.0,0.0,0.0,0.0,5,32.8,27.8,62,1011.2,41,7.4,-9900,-9900,0.0,0.0
2021,9,22,7,60,0.0,0.0,0.0,0.0,0.0,5,32.7,27.7,63,1010.6,42,7.4,-9900,-9900,0.0,0.0
2021,9,22,8,60,0.0,0.0,0.0,0.0,0.0,5,32.0,27.0,64,1010.8,61,7.4,-9900,-9900,0.0,0.0
2021,9,22,9,60,0.0,0.0,0.0,0.0,0.0,5,31.3,26.3,66,1011.0,83,7.4,-9900,-9900,0.0,0.0
2021,9,22,10,60,0.0,0.0,0.0,0.0,0.0,5,30.5,25.5,68,1011.2,102,7.4,-9900,-9900,0.0,0.0
2021,9,22,11,60,0.0,0.0,0.0,0.0,0.0,5,30.3,25.3,65,1011.8,99,9.3,-9900,-9900,0.0,0.0
2021,9,22,12,60,0.0,0.0,0.0,0.0,0.0,5,29.8,24.8,67,1012.4,102,9.3,-9900,-9900,0.0,0.0
2021,9,22,13,60,0.0,0.0,0.0,0.0,0.0,5,29.3,24.3,69,1012.9,104,9.3,-9900,-9900,0.0,0.0
2021,9,22,14,60,0.0,0.0,0.0,0.0,0.0,5,29.1,24.1,70,1013.2,103,9.3,-9900,-9900,0.0,0.0
2021,9,22,15,60,0.0,0.0,0.0,0.0,0.0,5,29.0,24.0,71,1013.4,101,9.3,-9900,-9900,0.0,0.0
2021,9,22,16,60,0.0,0.0,0.0,0.0,0.0,5,28.9,23.9,71,1013.7,99,9.3,-9900,-9900,0.0,0.0
2021,9,22,17,60,0.0,0.0,0.0,0.0,0.0,5,29.0,24.0,71,1013.9,106,11.1,-9900,-9900,0.0,0.0
2021,9,22,18,60,0.0,0.0,0.0,0.0,0.0,5,28.7,23.7,72,1013.5,109,9.3,-9900,-9900,0.0,0.0
2021,9,22,19,60,0.0,0.0,0.0,0.0,0.0,5,28.5,23.5,72,1013.2,113,7.4,-9900,-9900,0.0,0.0
2021,9,22,20,60,0.0,0.0,0.0,0.0,0.0,5,28.2,23.2,73,1013.0,118,7.4,-9900,-9900,0.0,0.0
2021,9,22,21,60,0.0,0.0,0.0,0.0,0.0,5,27.9,22.9,74,1012.9,123,7.4,-9900,-9900,0.0,0.0
2021,9,22,22,60,0.0,0.0,0.0,0.0,0.0,5,27.7,22.7,75,1012.7,129,7.4,-9900,-9900,0.0,0.0
2021,9,22,23,60,0.0,0.0,0.0,0.0,0.0,5,28.4,23.4,74,1013.5,133,5.5,-9900,-9900,0.0,0.0
2021,9,22,24,60,0.0,0.0,0.0,0.0,0.0,5,29.1,24.1,72,1013.9,127,7.4,-9900,-9900,0.0,0.0
2021,9,23,1,60,0.0,0.0,0.0,0.0,0.0,5,29.9,24.9,70,1014.4,122,7.4,-9900,-9900,0.0,0.0
2021,9,23,2,60,0.0,0.0,0.0,0.0,0.0,5,31.1,26.1,65,1014.3,116,7.4,-9900,-9900,0.0,0.0
2021,9,23,3,60,0.0,0.0,0.0,0.0,0.0,5,32.4,27.4,61,1014.2,110,9.3,-9900,-9900,0.0,0.0
2021,9,23,4,60,0.0,0.0,0.0,0.0,0.0,5,33.7,28.7,57,1014.1,104,9.3,-9900,-9900,0.0,0.0
2021,9,23,5,60,0.0,0.0,0.0,0.0,0.0,5,33.8,28.8,56,1013.6,99,11.1,-9900,-9900,0.0,0.0
2021,9,23,6,60,0.0,0.0,0.0,0.0,0.0,5,33.8,28.8,57,1013.2,95,11.1,-9900,-9900,0.0,0.0
2021,9,23,7,60,0.0,0.0,0.0,0.0,0.0,5,33.8,28.8,57,1012.8,91,13.0,-9900,-9900,0.0,0.0
2021,9,23,8,60,0.0,0.0,0.0,0.0,0.0,5,32.9,27.9,59,1013.1,92,13.0,-9900,-9900,0.0,0.0
2021,9,23,9,60,0.0,0.0,0.0,0.0,0.0,5,32.0,27.0,61,1013.3,93,14.8,-9900,-9900,0.0,0.0
2021,9,23,10,60,0.0,0.0,0.0,0.0,0.0,5,31.1,26.1,63,1013.5,93,14.8,-9900,-9900,0.0,0.0
2021,9,23,11,60,0.0,0.0,0.0,0.0,0.0,5,30.5,25.5,64,1013.9,105,16.7,-9900,-9900,0.0,0.0
2021,9,23,12,60,0.0,0.0,0.0,0.0,0.0,5,29.9,24.9,66,1014.5,101,16.7,-9900,-9900,0.0,0.0
2021,9,23,13,60,0.0,0.0,0.0,0.0,0.0,5,29.4,24.4,69,1015.1,96,14.8,-9900,-9900,0.0,0.0
2021,9,23,14,60,0.0,0.0,0.0,0.0,0.0,5,29.3,24.3,69,1015.2,95,14.8,-9900,-9900,0.0,0.0
2021,9,23,15,60,0.0,0.0,0.0,0.0,0.0,5,29.1,24.1,70,1015.4,93,14.8,-9900,-9900,0.0,0.0
2021,9,23,16,60,0.0,0.0,0.0,0.0,0.0,5,29.0,24.0,70,1015.6,91,13.0,-9900,-9900,0.0,0.0
2021,9,23,17,60,0.0,0.0,0.0,0.0,0.0,5,29.0,24.0,72,1015.6,89,13.0,-9900,-9900,0.0,0.0
2021,9,23,18,60,0.0,0.0,0.0,0.0,0.0,5,28.7,23.7,72,1015.2,90,11.1,-9900,-9900,0.0,0.0
2021,9,23,19,60,0.0,0.0,0.0,0.0,0.0,5,28.4,23.4,73,1014.9,90,11.1,-9900,-9900,0.0,0.0
2021,9,23,20,60,0.0,0.0,0.0,0.0,0.0,5,28.3,23.3,73,1014.8,93,11.1,-9900,-9900,0.0,0.0
2021,9,23,21,60,0.0,0.0,0.0,0.0,0.0,5,28.1,23.1,74,1014.7,97,11.1,-9900,-9900,0.0,0.0
2021,9,23,22,60,0.0,0.0,0.0,0.0,0.0,5,28.0,23.0,74,1014.7,100,11.1,-9900,-9900,0.0,0.0
2021,9,23,23,60,0.0,0.0,0.0,0.0,0.0,5,28.6,23.6,72,1015.6,94,13.0,-9900,-9900,0.0,0.0
2021,9,23,24,60,0.0,0.0,0.0,0.0,0.0,5,29.1,24.1,71,1015.9,92,13.0,-9900,-9900,0.0,0.0
2021,9,24,1,60,0.0,0.0,0.0,0.0,0.0,5,29.6,24.6,70,1016.2,89,13.0,-9900,-9900,0.0,0.0
2021,9,24,2,60,0.0,0.0,0.0,0.0,0.0,5,30.5,25.5,67,1015.9,90,13.0,-9900,-9900,0.0,0.0
2021,9,24,3,60,0.0,0.0,0.0,0.0,0.0,5,31.4,26.4,63,1015.7,90,14.8,-9900,-9900,0.0,0.0
2021,9,24,4,60,0.0,0.0,0.0,0.0,0.0,5,32.2,27.2,61,1015.5,91,14.8,-9900,-9900,0.0,0.0
2021,9,24,5,60,0.0,0.0,0.0,0.0,0.0,5,32.3,27.3,61,1014.7,88,16.7,-9900,-9900,0.0,0.0
2021,9,24,6,60,0.0,0.0,0.0,0.0,0.0,5,32.3,27.3,61,1014.2,87,18.5,-9900,-9900,0.0,0.0
2021,9,24,7,60,0.0,0.0,0.0,0.0,0.0,5,32.2,27.2,62,1013.6,86,18.5,-9900,-9900,0.0,0.0
2021,9,24,8,60,0.0,0.0,0.0,0.0,0.0,5,31.4,26.4,63,1013.7,87,18.5,-9900,-9900,0.0,0.0
2021,9,24,9,60,0.0,0.0,0.0,0.0,0.0,5,30.6,25.6,65,1013.7,88,18.5,-9900,-9900,0.0,0.0
2021,9,24,10,60,0.0,0.0,0.0,0.0,0.0,5,29.8,24.8,66,1013.8,89,16.7,-9900,-9900,0.0,0.0
2021,9,24,11,60,0.0,0.0,0.0,0.0,0.0,5,28.8,23.8,72,1014.5,92,18.5,-9900,-9900,0.0,0.0
2021,9,24,12,60,0.0,0.0,0.0,0.0,0.0,5,28.4,23.4,73,1014.9,91,16.7,-9900,-9900,0.0,0.0
2021,9,24,13,60,0.0,0.0,0.0,0.0,0.0,5,28.0,23.0,73,1015.3,89,14.8,-9900,-9900,0.0,0.0
2021,9,24,14,60,0.0,0.0,0.0,0.0,0.0,5,27.9,22.9,73,1015.1,90,14.8,-9900,-9900,0.0,0.0
2021,9,24,15,60,0.0,0.0,0.0,0.0,0.0,5,27.8,22.8,73,1015.0,90,14.8,-9900,-9900,0.0,0.0
2021,9,24,16,60,0.0,0.0,0.0,0.0,0.0,5,27.7,22.7,73,1014.9,90,14.8,-9900,-9900,0.0,0.0
2021,9,24,17,60,0.0,0.0,0.0,0.0,0.0,5,27.7,22.7,80,1014.1,80,13.0,-9900,-9900,0.0,0.0
2021,9,24,18,60,0.0,0.0,0.0,0.0,0.0,5,27.6,22.6,79,1013.8,78,13.0,-9900,-9900,0.0,0.0
2021,9,24,19,60,0.0,0.0,0.0,0.0,0.0,5,27.4,22.4,80,1013.5,77,13.0,-9900,-9900,0.0,0.0
2021,9,24,20,60,0.0,0.0,0.0,0.0,0.0,5,27.3,22.3,80,1013.4,82,13.0,-9900,-9900,0.0,0.0
2021,9,24,21,60,0.0,0.0,0.0,0.0,0.0,5,27.2,22.2,79,1013.3,87,13.0,-9900,-9900,0.0,0.0
2021,9,24,22,60,0.0,0.0,0.0,0.0,0.0,5,27.2,22.2,79,1013.2,92,13.0,-9900,-9900,0.0,0.0
2021,9,24,23,60,0.0,0.0,0.0,0.0,0.0,5,27.8,22.8,77,1013.6,87,14.8,-9900,-9900,0.0,0.0
2021,9,24,24,60,0.0,0.0,0.0,0.0,0.0,5,28.3,23.3,75,1013.8,87,14.8,-9900,-9900,0.0,0.0
2021,9,25,1,60,0.0,0.0,0.0,0.0,0.0,5,28.8,23.8,74,1014.0,86,16.7,-9900,-9900,0.0,0.0
2021,9,25,2,60,0.0,0.0,0.0,0.0,0.0,5,29.6,24.6,69,1014.2,85,16.7,-9900,-9900,0.0,0.0
2021,9,25,3,60,0.0,0.0,0.0,0.0,0.0,5,30.3,25.3,65,1014.3,84,18.5,-9900,-9900,0.0,0.0
2021,9,25,4,60,0.0,0.0,0.0,0.0,0.0,5,31.1,26.1,62,1014.4,83,18.5,-9900,-9900,0.0,0.0
2021,9,25,5,60,0.0,0.0,0.0,0.0,0.0,5,31.0,26.0,61,1013.8,85,18.5,-9900,-9900,0.0,0.0
2021,9,25,6,60,0.0,0.0,0.0,0.0,0.0,5,31.0,26.0,61,1013.4,84,18.5,-9900,-9900,0.0,0.0
2021,9,25,7,60,0.0,0.0,0.0,0.0,0.0,5,30.9,25.9,61,1013.0,84,18.5,-9900,-9900,0.0,0.0
2021,9,25,8,60,0.0,0.0,0.0,0.0,0.0,5,30.3,25.3,62,1013.0,85,18.5,-9900,-9900,0.0,0.0
2021,9,25,9,60,0.0,0.0,0.0,0.0,0.0,5,29.7,24.7,63,1013.1,87,18.5,-9900,-9900,0.0,0.0
2021,9,25,10,60,0.0,0.0,0.0,0.0,0.0,5,29.1,24.1,64,1013.2,89,18.5,-9900,-9900,0.0,0.0
2021,9,25,11,60,0.0,0.0,0.0,0.0,0.0,5,28.7,23.7,65,1013.6,88,16.7,-9900,-9900,0.0,0.0
2021,9,25,12,60,0.0,0.0,0.0,0.0,0.0,5,28.3,23.3,67,1014.0,86,16.7,-9900,-9900,0.0,0.0
2021,9,25,13,60,0.0,0.0,0.0,0.0,0.0,5,27.9,22.9,68,1014.4,84,14.8,-9900,-9900,0.0,0.0
2021,9,25,14,60,0.0,0.0,0.0,0.0,0.0,5,27.7,22.7,69,1014.3,85,14.8,-9900,-9900,0.0,0.0
2021,9,25,15,60,0.0,0.0,0.0,0.0,0.0,5,27.5,22.5,70,1014.2,86,13.0,-9900,-9900,0.0,0.0
2021,9,25,16,60,0.0,0.0,0.0,0.0,0.0,5,27.4,22.4,70,1014.2,86,13.0,-9900,-9900,0.0,0.0
2021,9,25,17,60,0.0,0.0,0.0,0.0,0.0,5,27.2,22.2,71,1013.8,84,13.0,-9900,-9900,0.0,0.0
2021,9,25,18,60,0.0,0.0,0.0,0.0,0.0,5,27.0,22.0,72,1013.5,82,13.0,-9900,-9900,0.0,0.0
2021,9,25,19,60,0.0,0.0,0.0,0.0,0.0,5,26.9,21.9,71,1013.2,80,13.0,-9900,-9900,0.0,0.0
2021,9,25,20,60,0.0,0.0,0.0,0.0,0.0,5,26.7,21.7,72,1013.1,84,11.1,-9900,-9900,0.0,0.0
2021,9,25,21,60,0.0,0.0,0.0,0.0,0.0,5,26.5,21.5,74,1013.0,89,11.1,-9900,-9900,0.0,0.0
2021,9,25,22,60,0.0,0.0,0.0,0.0,0.0,5,26.3,21.3,75,1012.9,94,11.1,-9900,-9900,0.0,0.0
2021,9,25,23,60,0.0,0.0,0.0,0.0,0.0,5,26.9,21.9,79,1012.7,94,13.0,-9900,-9900,0.0,0.0
2021,9,25,24,60,0.0,0.0,0.0,0.0,0.0,5,27.5,22.5,76,1013.0,93,13.0,-9900,-9900,0.0,0.0
2021,9,26,1,60,0.0,0.0,0.0,0.0,0.0,5,28.2,23.2,73,1013.3,91,13.0,-9900,-9900,0.0,0.0
2021,9,26,2,60,0.0,0.0,0.0,0.0,0.0,5,29.2,24.2,68,1013.2,86,13.0,-9900,-9900,0.0,0.0
2021,9,26,3,60,0.0,0.0,0.0,0.0,0.0,5,30.3,25.3,62,1013.1,82,14.8,-9900,-9900,0.0,0.0
2021,9,26,4,60,0.0,0.0,0.0,0.0,0.0,5,31.3,26.3,58,1012.9,78,14.8,-9900,-9900,0.0,0.0
2021,9,26,5,60,0.0,0.0,0.0,0.0,0.0,5,31.0,26.0,59,1012.2,79,16.7,-9900,-9900,0.0,0.0
2021,9,26,6,60,0.0,0.0,0.0,0.0,0.0,5,31.4,26.4,58,1011.5,75,16.7,-9900,-9900,0.0,0.0
2021,9,26,7,60,0.0,0.0,0.0,0.0,0.0,5,31.8,26.8,57,1010.8,72,16.7,-9900,-9900,0.0,0.0
2021,9,26,8,60,0.0,0.0,0.0,0.0,0.0,5,31.0,26.0,60,1010.9,73,16.7,-9900,-9900,0.0,0.0
2021,9,26,9,60,0.0,0.0,0.0,0.0,0.0,5,30.1,25.1,63,1011.0,74,16.7,-9900,-9900,0.0,0.0
2021,9,26,10,60,0.0,0.0,0.0,0.0,0.0,5,29.3,24.3,67,1011.2,75,18.5,-9900,-9900,0.0,0.0
2021,9,26,11,60,0.0,0.0,0.0,0.0,0.0,5,28.5,23.5,72,1011.7,77,16.7,-9900,-9900,0.0,0.0
2021,9,26,12,60,0.0,0.0,0.0,0.0,0.0,5,28.1,23.1,74,1012.2,79,14.8,-9900,-9900,0.0,0.0
2021,9,26,13,60,0.0,0.0,0.0,0.0,0.0,5,27.7,22.7,76,1012.7,82,13.0,-9900,-9900,0.0,0.0
2021,9,26,14,60,0.0,0.0,0.0,0.0,0.0,5,27.6,22.6,77,1012.7,83,13.0,-9900,-9900,0.0,0.0
2021,9,26,15,60,0.0,0.0,0.0,0.0,0.0,5,27.4,22.4,77,1012.7,85,11.1,-9900,-9900,0.0,0.0
2021,9,26,16,60,0.0,0.0,0.0,0.0,0.0,5,27.3,22.3,78,1012.6,87,11.1,-9900,-9900,0.0,0.0
2021,9,26,17,60,0.0,0.0,0.0,0.0,0.0,5,27.2,22.2,82,1012.3,94,11.1,-9900,-9900,0.0,0.0
2021,9,26,18,60,0.0,0.0,0.0,0.0,0.0,5,27.0,22.0,83,1011.8,92,9.3,-9900,-9900,0.0,0.0
2021,9,26,19,60,0.0,0.0,0.0,0.0,0.0,5,26.9,21.9,83,1011.3,89,9.3,-9900,-9900,0.0,0.0
2021,9,26,20,60,0.0,0.0,0.0,0.0,0.0,5,26.7,21.7,83,1011.1,97,7.4,-9900,-9900,0.0,0.0
2021,9,26,21,60,0.0,0.0,0.0,0.0,0.0,5,26.6,21.6,84,1010.8,107,7.4,-9900,-9900,0.0,0.0
2021,9,26,22,60,0.0,0.0,0.0,0.0,0.0,5,26.5,21.5,84,1010.6,118,7.4,-9900,-9900,0.0,0.0
2021,9,26,23,60,0.0,0.0,0.0,0.0,0.0,5,27.5,22.5,82,1010.5,85,9.3,-9900,-9900,0.0,0.0
2021,9,26,24,60,0.0,0.0,0.0,0.0,0.0,5,28.0,23.0,80,1010.8,88,9.3,-9900,-9900,0.0,0.0
2021,9,27,1,60,0.0,0.0,0.0,0.0,0.0,5,28.5,23.5,78,1011.2,90,9.3,-9900,-9900,0.0,0.0
2021,9,27,2,60,0.0,0.0,0.0,0.0,0.0,5,29.4,24.4,74,1011.1,81,9.3,-9900,-9900,0.0,0.0
2021,9,27,3,60,0.0,0.0,0.0,0.0,0.0,5,30.3,25.3,69,1011.0,73,11.1,-9900,-9900,0.0,0.0
2021,9,27,4,60,0.0,0.0,0.0,0.0,0.0,5,31.2,26.2,65,1010.9,66,11.1,-9900,-9900,0.0,0.0
2021,9,27,5,60,0.0,0.0,0.0,0.0,0.0,5,31.1,26.1,67,1010.2,70,13.0,-9900,-9900,0.0,0.0
2021,9,27,6,60,0.0,0.0,0.0,0.0,0.0,5,31.3,26.3,66,1009.6,65,14.8,-9900,-9900,0.0,0.0
2021,9,27,7,60,0.0,0.0,0.0,0.0,0.0,5,31.5,26.5,65,1008.9,61,14.8,-9900,-9900,0.0,0.0
2021,9,27,8,60,0.0,0.0,0.0,0.0,0.0,5,30.9,25.9,66,1009.0,63,14.8,-9900,-9900,0.0,0.0
2021,9,27,9,60,0.0,0.0,0.0,0.0,0.0,5,30.2,25.2,68,1009.1,65,16.7,-9900,-9900,0.0,0.0
2021,9,27,10,60,0.0,0.0,0.0,0.0,0.0,5,29.5,24.5,70,1009.2,67,16.7,-9900,-9900,0.0,0.0
2021,9,27,11,60,0.0,0.0,0.0,0.0,0.0,5,29.0,24.0,71,1009.8,64,16.7,-9900,-9900,0.0,0.0
2021,9,27,12,60,0.0,0.0,0.0,0.0,0.0,5,28.6,23.6,73,1010.4,67,14.8,-9900,-9900,0.0,0.0
2021,9,27,13,60,0.0,0.0,0.0,0.0,0.0,5,28.2,23.2,75,1010.9,72,13.0,-9900,-9900,0.0,0.0
2021,9,27,14,60,0.0,0.0,0.0,0.0,0.0,5,28.0,23.0,76,1010.9,74,11.1,-9900,-9900,0.0,0.0
2021,9,27,15,60,0.0,0.0,0.0,0.0,0.0,5,27.8,22.8,77,1010.9,77,11.1,-9900,-9900,0.0,0.0
2021,9,27,16,60,0.0,0.0,0.0,0.0,0.0,5,27.6,22.6,78,1011.0,80,9.3,-9900,-9900,0.0,0.0
2021,9,27,17,60,0.0,0.0,0.0,0.0,0.0,5,27.4,22.4,78,1010.5,77,9.3,-9900,-9900,0.0,0.0
2021,9,27,18,60,0.0,0.0,0.0,0.0,0.0,5,27.2,22.2,79,1010.0,74,9.3,-9900,-9900,0.0,0.0
2021,9,27,19,60,0.0,0.0,0.0,0.0,0.0,5,27.0,22.0,80,1009.5,70,9.3,-9900,-9900,0.0,0.0
2021,9,27,20,60,0.0,0.0,0.0,0.0,0.0,5,26.7,21.7,81,1009.5,81,7.4,-9900,-9900,0.0,0.0
2021,9,27,21,60,0.0,0.0,0.0,0.0,0.0,5,26.4,21.4,82,1009.4,96,7.4,-9900,-9900,0.0,0.0
2021,9,27,22,60,0.0,0.0,0.0,0.0,0.0,5,26.2,21.2,83,1009.3,117,5.5,-9900,-9900,0.0,0.0
2021,9,27,23,60,0.0,0.0,0.0,0.0,0.0,5,27.1,22.1,83,1009.4,102,9.3,-9900,-9900,0.0,0.0
2021,9,27,24,60,0.0,0.0,0.0,0.0,0.0,5,27.7,22.7,80,1009.8,100,9.3,-9900,-9900,0.0,0.0
2021,9,28,1,60,0.0,0.0,0.0,0.0,0.0,5,28.3,23.3,78,1010.2,98,9.3,-9900,-9900,0.0,0.0
2021,9,28,2,60,0.0,0.0,0.0,0.0,0.0,5,29.3,24.3,72,1010.1,87,11.1,-9900,-9900,0.0,0.0
2021,9,28,3,60,0.0,0.0,0.0,0.0,0.0,5,30.3,25.3,68,1009.9,79,11.1,-9900,-9900,0.0,0.0
2021,9,28,4,60,0.0,0.0,0.0,0.0,0.0,5,31.3,26.3,63,1009.8,72,13.0,-9900,-9900,0.0,0.0
2021,9,28,5,60,0.0,0.0,0.0,0.0,0.0,5,31.2,26.2,64,1009.3,74,14.8,-9900,-9900,0.0,0.0
2021,9,28,6,60,0.0,0.0,0.0,0.0,0.0,5,31.4,26.4,63,1008.6,69,14.8,-9900,-9900,0.0,0.0
2021,9,28,7,60,0.0,0.0,0.0,0.0,0.0,5,31.6,26.6,62,1007.8,65,14.8,-9900,-9900,0.0,0.0
2021,9,28,8,60,0.0,0.0,0.0,0.0,0.0,5,30.8,25.8,63,1007.8,66,14.8,-9900,-9900,0.0,0.0
2021,9,28,9,60,0.0,0.0,0.0,0.0,0.0,5,30.1,25.1,65,1007.7,66,16.7,-9900,-9900,0.0,0.0
2021,9,28,10,60,0.0,0.0,0.0,0.0,0.0,5,29.3,24.3,66,1007.7,67,18.5,-9900,-9900,0.0,0.0
2021,9,28,11,60,0.0,0.0,0.0,0.0,0.0,5,28.9,23.9,70,1008.4,78,16.7,-9900,-9900,0.0,0.0
2021,9,28,12,60,0.0,0.0,0.0,0.0,0.0,5,28.4,23.4,72,1008.9,82,14.8,-9900,-9900,0.0,0.0
2021,9,28,13,60,0.0,0.0,0.0,0.0,0.0,5,27.9,22.9,74,1009.3,88,13.0,-9900,-9900,0.0,0.0
2021,9,28,14,60,0.0,0.0,0.0,0.0,0.0,5,27.7,22.7,75,1009.2,91,11.1,-9900,-9900,0.0,0.0
2021,9,28,15,60,0.0,0.0,0.0,0.0,0.0,5,27.4,22.4,76,1009.2,95,9.3,-9900,-9900,0.0,0.0
2021,9,28,16,60,0.0,0.0,0.0,0.0,0.0,5,27.2,22.2,77,1009.2,101,9.3,-9900,-9900,0.0,0.0
2021,9,28,17,60,0.0,0.0,0.0,0.0,0.0,5,26.2,21.2,79,1008.8,125,9.3,-9900,-9900,0.0,0.0
2021,9,28,18,60,0.0,0.0,0.0,0.0,0.0,5,25.9,20.9,80,1008.4,131,9.3,-9900,-9900,0.0,0.0
2021,9,28,19,60,0.0,0.0,0.0,0.0,0.0,5,25.6,20.6,80,1008.1,140,7.4,-9900,-9900,0.0,0.0
2021,9,28,20,60,0.0,0.0,0.0,0.0,0.0,5,25.3,20.3,82,1008.1,150,5.5,-9900,-9900,0.0,0.0
2021,9,28,21,60,0.0,0.0,0.0,0.0,0.0,5,25.2,20.2,82,1008.1,163,5.5,-9900,-9900,0.0,0.0
2021,9,28,22,60,0.0,0.0,0.0,0.0,0.0,5,25.1,20.1,82,1008.2,179,5.5,-9900,-9900,0.0,0.0
2021,9,28,23,60,0.0,0.0,0.0,0.0,0.0,5,25.4,20.4,77,1008.4,179,5.5,-9900,-9900,0.0,0.0
2021,9,28,24,60,0.0,0.0,0.0,0.0,0.0,5,26.2,21.2,76,1008.7,169,5.5,-9900,-9900,0.0,0.0
2021,9,29,1,60,0.0,0.0,0.0,0.0,0.0,5,27.1,22.1,74,1009.1,157,5.5,-9900,-9900,0.0,0.0
2021,9,29,2,60,0.0,0.0,0.0,0.0,0.0,5,28.6,23.6,69,1008.8,144,5.5,-9900,-9900,0.0,0.0
2021,9,29,3,60,0.0,0.0,0.0,0.0,0.0,5,30.1,25.1,64,1008.5,86,5.5,-9900,-9900,0.0,0.0
2021,9,29,4,60,0.0,0.0,0.0,0.0,0.0,5,31.6,26.6,60,1008.2,20,3.7,-9900,-9900,0.0,0.0
2021,9,29,5,60,0.0,0.0,0.0,0.0,0.0,5,31.0,26.0,59,1007.6,32,7.4,-9900,-9900,0.0,0.0
2021,9,29,6,60,0.0,0.0,0.0,0.0,0.0,5,31.7,26.7,57,1006.9,25,7.4,-9900,-9900,0.0,0.0
2021,9,29,7,60,0.0,0.0,0.0,0.0,0.0,5,32.3,27.3,55,1006.2,21,9.3,-9900,-9900,0.0,0.0
2021,9,29,8,60,0.0,0.0,0.0,0.0,0.0,5,31.5,26.5,58,1006.0,30,9.3,-9900,-9900,0.0,0.0
2021,9,29,9,60,0.0,0.0,0.0,0.0,0.0,5,30.7,25.7,60,1005.9,38,11.1,-9900,-9900,0.0,0.0
2021,9,29,10,60,0.0,0.0,0.0,0.0,0.0,5,29.9,24.9,62,1005.8,45,11.1,-9900,-9900,0.0,0.0
2021,9,29,11,60,0.0,0.0,0.0,0.0,0.0,5,29.3,24.3,64,1006.7,68,9.3,-9900,-9900,0.0,0.0
2021,9,29,12,60,0.0,0.0,0.0,0.0,0.0,5,28.8,23.8,67,1007.3,83,9.3,-9900,-9900,0.0,0.0
2021,9,29,13,60,0.0,0.0,0.0,0.0,0.0,5,28.3,23.3,69,1007.8,99,7.4,-9900,-9900,0.0,0.0
2021,9,29,14,60,0.0,0.0,0.0,0.0,0.0,5,28.0,23.0,71,1007.9,105,7.4,-9900,-9900,0.0,0.0
2021,9,29,15,60,0.0,0.0,0.0,0.0,0.0,5,27.7,22.7,72,1007.9,111,7.4,-9900,-9900,0.0,0.0
2021,9,29,16,60,0.0,0.0,0.0,0.0,0.0,5,27.5,22.5,73,1007.9,119,5.5,-9900,-9900,0.0,0.0
2021,9,29,17,60,0.0,0.0,0.0,0.0,0.0,5,27.0,22.0,81,1007.8,133,9.3,-9900,-9900,0.0,0.0
2021,9,29,18,60,0.0,0.0,0.0,0.0,0.0,5,26.6,21.6,82,1007.5,144,7.4,-9900,-9900,0.0,0.0
2021,9,29,19,60,0.0,0.0,0.0,0.0,0.0,5,26.2,21.2,82,1007.2,158,5.5,-9900,-9900,0.0,0.0
2021,9,29,20,60,0.0,0.0,0.0,0.0,0.0,5,25.9,20.9,83,1007.3,168,5.5,-9900,-9900,0.0,0.0
2021,9,29,21,60,0.0,0.0,0.0,0.0,0.0,5,25.6,20.6,84,1007.4,179,5.5,-9900,-9900,0.0,0.0
2021,9,29,22,60,0.0,0.0,0.0,0.0,0.0,5,25.4,20.4,84,1007.5,190,5.5,-9900,-9900,0.0,0.0
2021,9,29,23,60,0.0,0.0,0.0,0.0,0.0,5,26.0,21.0,77,1008.2,188,5.5,-9900,-9900,0.0,0.0
2021,9,29,24,60,0.0,0.0,0.0,0.0,0.0,5,26.7,21.7,76,1008.7,185,5.5,-9900,-9900,0.0,0.0
2021,9,30,1,60,0.0,0.0,0.0,0.0,0.0,5,27.4,22.4,75,1009.3,182,5.5,-9900,-9900,0.0,0.0
2021,9,30,2,60,0.0,0.0,0.0,0.0,0.0,5,29.1,24.1,69,1009.0,186,5.5,-9900,-9900,0.0,0.0
2021,9,30,3,60,0.0,0.0,0.0,0.0,0.0,5,30.8,25.8,64,1008.7,204,5.5,-9900,-9900,0.0,0.0
2021,9,30,4,60,0.0,0.0,0.0,0.0,0.0,5,32.5,27.5,58,1008.4,327,3.7,-9900,-9900,0.0,0.0
2021,9,30,5,60,0.0,0.0,0.0,0.0,0.0,5,32.5,27.5,59,1007.9,351,5.5,-9900,-9900,0.0,0.0
2021,9,30,6,60,0.0,0.0,0.0,0.0,0.0,5,32.6,27.6,59,1007.3,359,5.5,-9900,-9900,0.0,0.0
2021,9,30,7,60,0.0,0.0,0.0,0.0,0.0,5,32.6,27.6,60,1006.7,4,7.4,-9900,-9900,0.0,0.0
2021,9,30,8,60,0.0,0.0,0.0,0.0,0.0,5,31.7,26.7,62,1006.8,35,9.3,-9900,-9900,0.0,0.0
2021,9,30,9,60,0.0,0.0,0.0,0.0,0.0,5,30.9,25.9,64,1006.8,54,9.3,-9900,-9900,0.0,0.0
2021,9,30,10,60,0.0,0.0,0.0,0.0,0.0,5,30.0,25.0,66,1006.9,64,11.1,-9900,-9900,0.0,0.0
2021,9,30,11,60,0.0,0.0,0.0,0.0,0.0,5,29.9,24.9,66,1007.9,64,7.4,-9900,-9900,0.0,0.0
2021,9,30,12,60,0.0,0.0,0.0,0.0,0.0,5,29.4,24.4,68,1008.5,83,9.3,-9900,-9900,0.0,0.0
2021,9,30,13,60,0.0,0.0,0.0,0.0,0.0,5,28.8,23.8,71,1009.1,96,9.3,-9900,-9900,0.0,0.0
2021,9,30,14,60,0.0,0.0,0.0,0.0,0.0,5,28.5,23.5,72,1009.2,100,7.4,-9900,-9900,0.0,0.0
2021,9,30,15,60,0.0,0.0,0.0,0.0,0.0,5,28.2,23.2,73,1009.3,104,7.4,-9900,-9900,0.0,0.0
2021,9,30,16,60,0.0,0.0,0.0,0.0,0.0,5,27.9,22.9,75,1009.4,107,7.4,-9900,-9900,0.0,0.0
2021,9,30,17,60,0.0,0.0,0.0,0.0,0.0,5,27.6,22.6,81,1009.2,106,11.1,-9900,-9900,0.0,0.0
2021,9,30,18,60,0.0,0.0,0.0,0.0,0.0,5,27.3,22.3,82,1008.9,113,9.3,-9900,-9900,0.0,0.0
2021,9,30,19,60,0.0,0.0,0.0,0.0,0.0,5,27.0,22.0,83,1008.7,122,7.4,-9900,-9900,0.0,0.0
2021,9,30,20,60,0.0,0.0,0.0,0.0,0.0,5,26.8,21.8,83,1008.8,131,7.4,-9900,-9900,0.0,0.0
2021,9,30,21,60,0.0,0.0,0.0,0.0,0.0,5,26.5,21.5,83,1008.8,143,5.5,-9900,-9900,0.0,0.0
2021,9,30,22,60,0.0,0.0,0.0,0.0,0.0,5,26.2,21.2,84,1008.9,157,5.5,-9900,-9900,0.0,0.0
2021,9,30,23,60,0.0,0.0,0.0,0.0,0.0,5,27.4,22.4,82,1009.5,125,7.4,-9900,-9900,0.0,0.0
2021,9,30,24,60,0.0,0.0,0.0,0.0,0.0,5,27.9,22.9,80,1009.9,124,7.4,-9900,-9900,0.0,0.0
2021,10,1,1,60,0.0,0.0,0.0,0.0,0.0,5,28.4,23.4,78,1010.3,122,7.4,-9900,-9900,0.0,0.0
2021,10,1,2,60,0.0,0.0,0.0,0.0,0.0,5,29.4,24.4,73,1010.2,113,7.4,-9900,-9900,0.0,0.0
2021,10,1,3,60,0.0,0.0,0.0,0.0,0.0,5,30.5,25.5,69,1010.1,101,7.4,-9900,-9900,0.0,0.0
2021,10,1,4,60,0.0,0.0,0.0,0.0,0.0,5,31.5,26.5,65,1010.0,87,7.4,-9900,-9900,0.0,0.0
2021,10,1,5,60,0.0,0.0,0.0,0.0,0.0,5,31.2,26.2,64,1009.7,86,7.4,-9900,-9900,0.0,0.0
2021,10,1,6,60,0.0,0.0,0.0,0.0,0.0,5,31.1,26.1,65,1009.1,76,9.3,-9900,-9900,0.0,0.0
2021,10,1,7,60,0.0,0.0,0.0,0.0,0.0,5,31.1,26.1,66,1008.5,68,9.3,-9900,-9900,0.0,0.0
2021,10,1,8,60,0.0,0.0,0.0,0.0,0.0,5,30.5,25.5,67,1008.6,76,9.3,-9900,-9900,0.0,0.0
2021,10,1,9,60,0.0,0.0,0.0,0.0,0.0,5,29.8,24.8,69,1008.8,81,11.1,-9900,-9900,0.0,0.0
2021,10,1,10,60,0.0,0.0,0.0,0.0,0.0,5,29.2,24.2,71,1008.9,85,11.1,-9900,-9900,0.0,0.0
2021,10,1,11,60,0.0,0.0,0.0,0.0,0.0,5,28.1,23.1,77,1009.7,92,14.8,-9900,-9900,0.0,0.0
2021,10,1,12,60,0.0,0.0,0.0,0.0,0.0,5,27.8,22.8,78,1010.4,93,13.0,-9900,-9900,0.0,0.0
2021,10,1,13,60,0.0,0.0,0.0,0.0,0.0,5,27.5,22.5,79,1011.0,95,13.0,-9900,-9900,0.0,0.0
2021,10,1,14,60,0.0,0.0,0.0,0.0,0.0,5,27.4,22.4,79,1011.2,96,11.1,-9900,-9900,0.0,0.0
2021,10,1,15,60,0.0,0.0,0.0,0.0,0.0,5,27.3,22.3,78,1011.4,98,11.1,-9900,-9900,0.0,0.0
2021,10,1,16,60,0.0,0.0,0.0,0.0,0.0,5,27.2,22.2,78,1011.7,101,9.3,-9900,-9900,0.0,0.0
2021,10,1,17,60,0.0,0.0,0.0,0.0,0.0,5,27.0,22.0,78,1011.5,87,11.1,-9900,-9900,0.0,0.0
2021,10,1,18,60,0.0,0.0,0.0,0.0,0.0,5,26.8,21.8,79,1011.3,91,9.3,-9900,-9900,0.0,0.0
2021,10,1,19,60,0.0,0.0,0.0,0.0,0.0,5,26.6,21.6,80,1011.1,98,7.4,-9900,-9900,0.0,0.0
2021,10,1,20,60,0.0,0.0,0.0,0.0,0.0,5,26.4,21.4,80,1011.3,107,7.4,-9900,-9900,0.0,0.0
2021,10,1,21,60,0.0,0.0,0.0,0.0,0.0,5,26.3,21.3,80,1011.5,119,7.4,-9900,-9900,0.0,0.0
2021,10,1,22,60,0.0,0.0,0.0,0.0,0.0,5,26.2,21.2,80,1011.7,134,5.5,-9900,-9900,0.0,0.0
2021,10,1,23,60,0.0,0.0,0.0,0.0,0.0,5,26.9,21.9,81,1011.8,109,7.4,-9900,-9900,0.0,0.0
2021,10,1,24,60,0.0,0.0,0.0,0.0,0.0,5,27.6,22.6,78,1012.3,105,7.4,-9900,-9900,0.0,0.0
2021,10,2,1,60,0.0,0.0,0.0,0.0,0.0,5,28.3,23.3,75,1012.9,102,9.3,-9900,-9900,0.0,0.0
2021,10,2,2,60,0.0,0.0,0.0,0.0,0.0,5,29.4,24.4,70,1012.8,95,9.3,-9900,-9900,0.0,0.0
2021,10,2,3,60,0.0,0.0,0.0,0.0,0.0,5,30.6,25.6,65,1012.8,89,11.1,-9900,-9900,0.0,0.0
2021,10,2,4,60,0.0,0.0,0.0,0.0,0.0,5,31.7,26.7,60,1012.7,84,11.1,-9900,-9900,0.0,0.0
2021,10,2,5,60,0.0,0.0,0.0,0.0,0.0,5,31.7,26.7,62,1012.4,84,14.8,-9900,-9900,0.0,0.0
2021,10,2,6,60,0.0,0.0,0.0,0.0,0.0,5,31.7,26.7,62,1011.8,83,14.8,-9900,-9900,0.0,0.0
2021,10,2,7,60,0.0,0.0,0.0,0.0,0.0,5,31.8,26.8,61,1011.1,83,14.8,-9900,-9900,0.0,0.0
2021,10,2,8,60,0.0,0.0,0.0,0.0,0.0,5,31.0,26.0,63,1011.3,85,14.8,-9900,-9900,0.0,0.0
2021,10,2,9,60,0.0,0.0,0.0,0.0,0.0,5,30.1,25.1,64,1011.5,87,14.8,-9900,-9900,0.0,0.0
2021,10,2,10,60,0.0,0.0,0.0,0.0,0.0,5,29.3,24.3,65,1011.6,89,14.8,-9900,-9900,0.0,0.0
2021,10,2,11,60,0.0,0.0,0.0,0.0,0.0,5,28.2,23.2,73,1012.2,84,16.7,-9900,-9900,0.0,0.0
2021,10,2,12,60,0.0,0.0,0.0,0.0,0.0,5,27.9,22.9,73,1012.6,86,16.7,-9900,-9900,0.0,0.0
2021,10,2,13,60,0.0,0.0,0.0,0.0,0.0,5,27.6,22.6,74,1013.1,88,16.7,-9900,-9900,0.0,0.0
2021,10,2,14,60,0.0,0.0,0.0,0.0,0.0,5,27.5,22.5,74,1013.1,87,14.8,-9900,-9900,0.0,0.0
2021,10,2,15,60,0.0,0.0,0.0,0.0,0.0,5,27.5,22.5,73,1013.1,85,14.8,-9900,-9900,0.0,0.0
2021,10,2,16,60,0.0,0.0,0.0,0.0,0.0,5,27.4,22.4,73,1013.0,83,14.8,-9900,-9900,0.0,0.0
2021,10,2,17,60,0.0,0.0,0.0,0.0,0.0,5,27.3,22.3,73,1013.0,81,14.8,-9900,-9900,0.0,0.0
2021,10,2,18,60,0.0,0.0,0.0,0.0,0.0,5,27.3,22.3,73,1012.9,79,13.0,-9900,-9900,0.0,0.0
2021,10,2,19,60,0.0,0.0,0.0,0.0,0.0,5,27.2,22.2,73,1012.8,76,13.0,-9900,-9900,0.0,0.0
2021,10,2,20,60,0.0,0.0,0.0,0.0,0.0,5,27.0,22.0,73,1012.8,80,13.0,-9900,-9900,0.0,0.0
2021,10,2,21,60,0.0,0.0,0.0,0.0,0.0,5,26.9,21.9,73,1012.8,84,11.1,-9900,-9900,0.0,0.0
2021,10,2,22,60,0.0,0.0,0.0,0.0,0.0,5,26.7,21.7,73,1012.8,90,11.1,-9900,-9900,0.0,0.0
2021,10,2,23,60,0.0,0.0,0.0,0.0,0.0,5,27.8,22.8,63,1013.1,96,11.1,-9900,-9900,0.0,0.0
2021,10,2,24,60,0.0,0.0,0.0,0.0,0.0,5,28.5,23.5,62,1013.6,92,13.0,-9900,-9900,0.0,0.0
2021,10,3,1,60,0.0,0.0,0.0,0.0,0.0,5,29.2,24.2,61,1014.2,89,13.0,-9900,-9900,0.0,0.0
2021,10,3,2,60,0.0,0.0,0.0,0.0,0.0,5,30.4,25.4,56,1014.2,90,14.8,-9900,-9900,0.0,0.0
2021,10,3,3,60,0.0,0.0,0.0,0.0,0.0,5,31.6,26.6,52,1014.2,90,14.8,-9900,-9900,0.0,0.0
2021,10,3,4,60,0.0,0.0,0.0,0.0,0.0,5,32.8,27.8,48,1014.2,90,16.7,-9900,-9900,0.0,0.0
2021,10,3,5,60,0.0,0.0,0.0,0.0,0.0,5,32.6,27.6,49,1013.4,92,20.4,-9900,-9900,0.0,0.0
2021,10,3,6,60,0.0,0.0,0.0,0.0,0.0,5,32.9,27.9,49,1012.8,91,20.4,-9900,-9900,0.0,0.0
2021,10,3,7,60,0.0,0.0,0.0,0.0,0.0,5,33.3,28.3,48,1012.2,91,20.4,-9900,-9900,0.0,0.0
2021,10,3,8,60,0.0,0.0,0.0,0.0,0.0,5,32.3,27.3,51,1012.4,93,20.4,-9900,-9900,0.0,0.0
2021,10,3,9,60,0.0,0.0,0.0,0.0,0.0,5,31.3,26.3,54,1012.6,96,20.4,-9900,-9900,0.0,0.0
2021,10,3,10,60,0.0,0.0,0.0,0.0,0.0,5,30.3,25.3,57,1012.8,99,20.4,-9900,-9900,0.0,0.0
2021,10,3,11,60,0.0,0.0,0.0,0.0,0.0,5,29.3,24.3,59,1012.8,103,18.5,-9900,-9900,0.0,0.0
2021,10,3,12,60,0.0,0.0,0.0,0.0,0.0,5,28.8,23.8,62,1013.3,97,18.5,-9900,-9900,0.0,0.0
2021,10,3,13,60,0.0,0.0,0.0,0.0,0.0,5,28.3,23.3,64,1013.9,90,16.7,-9900,-9900,0.0,0.0
2021,10,3,14,60,0.0,0.0,0.0,0.0,0.0,5,28.2,23.2,65,1014.0,89,16.7,-9900,-9900,0.0,0.0
2021,10,3,15,60,0.0,0.0,0.0,0.0,0.0,5,28.2,23.2,65,1014.2,88,14.8,-9900,-9900,0.0,0.0
2021,10,3,16,60,0.0,0.0,0.0,0.0,0.0,5,28.2,23.2,66,1014.4,87,14.8,-9900,-9900,0.0,0.0
2021,10,3,17,60,0.0,0.0,0.0,0.0,0.0,5,28.2,23.2,69,1014.3,78,13.0,-9900,-9900,0.0,0.0
2021,10,3,18,60,0.0,0.0,0.0,0.0,0.0,5,28.0,23.0,69,1013.8,74,13.0,-9900,-9900,0.0,0.0
2021,10,3,19,60,0.0,0.0,0.0,0.0,0.0,5,27.9,22.9,70,1013.4,71,13.0,-9900,-9900,0.0,0.0
2021,10,3,20,60,0.0,0.0,0.0,0.0,0.0,5,27.8,22.8,70,1013.3,78,13.0,-9900,-9900,0.0,0.0
2021,10,3,21,60,0.0,0.0,0.0,0.0,0.0,5,27.7,22.7,71,1013.2,85,13.0,-9900,-9900,0.0,0.0
2021,10,3,22,60,0.0,0.0,0.0,0.0,0.0,5,27.6,22.6,71,1013.1,91,13.0,-9900,-9900,0.0,0.0
2021,10,3,23,60,0.0,0.0,0.0,0.0,0.0,5,28.9,23.9,68,1013.1,97,13.0,-9900,-9900,0.0,0.0
2021,10,3,24,60,0.0,0.0,0.0,0.0,0.0,5,29.4,24.4,67,1013.5,94,14.8,-9900,-9900,0.0,0.0
2021,10,4,1,60,0.0,0.0,0.0,0.0,0.0,5,30.0,25.0,66,1013.9,92,14.8,-9900,-9900,0.0,0.0
2021,10,4,2,60,0.0,0.0,0.0,0.0,0.0,5,31.2,26.2,61,1013.9,93,14.8,-9900,-9900,0.0,0.0
2021,10,4,3,60,0.0,0.0,0.0,0.0,0.0,5,32.3,27.3,57,1013.9,93,16.7,-9900,-9900,0.0,0.0
2021,10,4,4,60,0.0,0.0,0.0,0.0,0.0,5,33.5,28.5,53,1013.8,94,16.7,-9900,-9900,0.0,0.0
2021,10,4,5,60,0.0,0.0,0.0,0.0,0.0,5,33.5,28.5,51,1013.3,90,18.5,-9900,-9900,0.0,0.0
2021,10,4,6,60,0.0,0.0,0.0,0.0,0.0,5,33.7,28.7,51,1012.8,91,20.4,-9900,-9900,0.0,0.0
2021,10,4,7,60,0.0,0.0,0.0,0.0,0.0,5,33.9,28.9,52,1012.3,91,20.4,-9900,-9900,0.0,0.0
2021,10,4,8,60,0.0,0.0,0.0,0.0,0.0,5,33.0,28.0,54,1012.5,95,20.4,-9900,-9900,0.0,0.0
2021,10,4,9,60,0.0,0.0,0.0,0.0,0.0,5,32.0,27.0,57,1012.6,99,20.4,-9900,-9900,0.0,0.0
2021,10,4,10,60,0.0,0.0,0.0,0.0,0.0,5,31.1,26.1,60,1012.8,103,18.5,-9900,-9900,0.0,0.0
2021,10,4,11,60,0.0,0.0,0.0,0.0,0.0,5,30.1,25.1,60,1013.4,102,18.5,-9900,-9900,0.0,0.0
2021,10,4,12,60,0.0,0.0,0.0,0.0,0.0,5,29.5,24.5,63,1013.9,95,16.7,-9900,-9900,0.0,0.0
2021,10,4,13,60,0.0,0.0,0.0,0.0,0.0,5,29.0,24.0,65,1014.4,86,16.7,-9900,-9900,0.0,0.0
2021,10,4,14,60,0.0,0.0,0.0,0.0,0.0,5,28.9,23.9,65,1014.5,86,16.7,-9900,-9900,0.0,0.0
2021,10,4,15,60,0.0,0.0,0.0,0.0,0.0,5,28.8,23.8,66,1014.6,86,16.7,-9900,-9900,0.0,0.0
2021,10,4,16,60,0.0,0.0,0.0,0.0,0.0,5,28.7,23.7,66,1014.7,86,14.8,-9900,-9900,0.0,0.0
2021,10,4,17,60,0.0,0.0,0.0,0.0,0.0,5,28.5,23.5,70,1014.3,94,14.8,-9900,-9900,0.0,0.0
2021,10,4,18,60,0.0,0.0,0.0,0.0,0.0,5,28.4,23.4,70,1014.0,88,14.8,-9900,-9900,0.0,0.0
2021,10,4,19,60,0.0,0.0,0.0,0.0,0.0,5,28.2,23.2,70,1013.7,82,14.8,-9900,-9900,0.0,0.0
2021,10,4,20,60,0.0,0.0,0.0,0.0,0.0,5,28.0,23.0,71,1013.7,85,14.8,-9900,-9900,0.0,0.0
2021,10,4,21,60,0.0,0.0,0.0,0.0,0.0,5,27.8,22.8,71,1013.6,88,14.8,-9900,-9900,0.0,0.0
2021,10,4,22,60,0.0,0.0,0.0,0.0,0.0,5,27.7,22.7,71,1013.5,91,13.0,-9900,-9900,0.0,0.0
2021,10,4,23,60,0.0,0.0,0.0,0.0,0.0,5,28.2,23.2,65,1013.6,101,14.8,-9900,-9900,0.0,0.0
2021,10,4,24,60,0.0,0.0,0.0,0.0,0.0,5,28.8,23.8,64,1014.0,97,14.8,-9900,-9900,0.0,0.0
2021,10,5,1,60,0.0,0.0,0.0,0.0,0.0,5,29.4,24.4,63,1014.4,94,16.7,-9900,-9900,0.0,0.0
2021,10,5,2,60,0.0,0.0,0.0,0.0,0.0,5,30.5,25.5,58,1014.2,93,16.7,-9900,-9900,0.0,0.0
2021,10,5,3,60,0.0,0.0,0.0,0.0,0.0,5,31.6,26.6,55,1014.0,93,18.5,-9900,-9900,0.0,0.0
2021,10,5,4,60,0.0,0.0,0.0,0.0,0.0,5,32.7,27.7,51,1013.7,93,18.5,-9900,-9900,0.0,0.0
2021,10,5,5,60,0.0,0.0,0.0,0.0,0.0,5,32.8,27.8,51,1013.0,95,20.4,-9900,-9900,0.0,0.0
2021,10,5,6,60,0.0,0.0,0.0,0.0,0.0,5,32.9,27.9,51,1012.2,97,22.2,-9900,-9900,0.0,0.0
2021,10,5,7,60,0.0,0.0,0.0,0.0,0.0,5,33.0,28.0,51,1011.5,99,22.2,-9900,-9900,0.0,0.0
2021,10,5,8,60,0.0,0.0,0.0,0.0,0.0,5,32.1,27.1,54,1011.6,99,22.2,-9900,-9900,0.0,0.0
2021,10,5,9,60,0.0,0.0,0.0,0.0,0.0,5,31.1,26.1,57,1011.7,98,20.4,-9900,-9900,0.0,0.0
2021,10,5,10,60,0.0,0.0,0.0,0.0,0.0,5,30.2,25.2,60,1011.8,98,18.5,-9900,-9900,0.0,0.0
2021,10,5,11,60,0.0,0.0,0.0,0.0,0.0,5,29.4,24.4,62,1011.6,89,16.7,-9900,-9900,0.0,0.0
2021,10,5,12,60,0.0,0.0,0.0,0.0,0.0,5,28.9,23.9,64,1012.2,90,16.7,-9900,-9900,0.0,0.0
2021,10,5,13,60,0.0,0.0,0.0,0.0,0.0,5,28.3,23.3,67,1012.7,92,14.8,-9900,-9900,0.0,0.0
2021,10,5,14,60,0.0,0.0,0.0,0.0,0.0,5,28.2,23.2,67,1012.8,89,14.8,-9900,-9900,0.0,0.0
2021,10,5,15,60,0.0,0.0,0.0,0.0,0.0,5,28.1,23.1,68,1012.9,87,14.8,-9900,-9900,0.0,0.0
2021,10,5,16,60,0.0,0.0,0.0,0.0,0.0,5,27.9,22.9,69,1012.9,84,14.8,-9900,-9900,0.0,0.0
2021,10,5,17,60,0.0,0.0,0.0,0.0,0.0,5,27.5,22.5,76,1012.9,92,13.0,-9900,-9900,0.0,0.0
2021,10,5,18,60,0.0,0.0,0.0,0.0,0.0,5,27.4,22.4,76,1012.4,85,13.0,-9900,-9900,0.0,0.0
2021,10,5,19,60,0.0,0.0,0.0,0.0,0.0,5,27.3,22.3,76,1011.9,78,13.0,-9900,-9900,0.0,0.0
2021,10,5,20,60,0.0,0.0,0.0,0.0,0.0,5,27.3,22.3,75,1011.6,83,13.0,-9900,-9900,0.0,0.0
2021,10,5,21,60,0.0,0.0,0.0,0.0,0.0,5,27.3,22.3,75,1011.3,87,13.0,-9900,-9900,0.0,0.0
2021,10,5,22,60,0.0,0.0,0.0,0.0,0.0,5,27.2,22.2,75,1011.1,91,13.0,-9900,-9900,0.0,0.0
2021,10,5,23,60,0.0,0.0,0.0,0.0,0.0,5,28.1,23.1,70,1011.3,99,14.8,-9900,-9900,0.0,0.0
2021,10,5,24,60,0.0,0.0,0.0,0.0,0.0,5,28.5,23.5,70,1011.6,96,14.8,-9900,-9900,0.0,0.0
2021,10,6,1,60,0.0,0.0,0.0,0.0,0.0,5,29.0,24.0,69,1012.0,94,14.8,-9900,-9900,0.0,0.0
2021,10,6,2,60,0.0,0.0,0.0,0.0,0.0,5,30.0,25.0,65,1011.6,94,16.7,-9900,-9900,0.0,0.0
2021,10,6,3,60,0.0,0.0,0.0,0.0,0.0,5,31.0,26.0,62,1011.2,94,16.7,-9900,-9900,0.0,0.0
2021,10,6,4,60,0.0,0.0,0.0,0.0,0.0,5,32.1,27.1,59,1010.9,94,16.7,-9900,-9900,0.0,0.0
2021,10,6,5,60,0.0,0.0,0.0,0.0,0.0,5,31.8,26.8,61,1010.2,93,18.5,-9900,-9900,0.0,0.0
2021,10,6,6,60,0.0,0.0,0.0,0.0,0.0,5,32.0,27.0,61,1009.4,93,18.5,-9900,-9900,0.0,0.0
2021,10,6,7,60,0.0,0.0,0.0,0.0,0.0,5,32.1,27.1,61,1008.6,93,20.4,-9900,-9900,0.0,0.0
2021,10,6,8,60,0.0,0.0,0.0,0.0,0.0,5,31.4,26.4,62,1008.5,96,20.4,-9900,-9900,0.0,0.0
2021,10,6,9,60,0.0,0.0,0.0,0.0,0.0,5,30.7,25.7,64,1008.4,99,18.5,-9900,-9900,0.0,0.0
2021,10,6,10,60,0.0,0.0,0.0,0.0,0.0,5,30.0,25.0,66,1008.2,102,18.5,-9900,-9900,0.0,0.0
2021,10,6,11,60,0.0,0.0,0.0,0.0,0.0,5,29.1,24.1,68,1008.1,109,20.4,-9900,-9900,0.0,0.0
2021,10,6,12,60,0.0,0.0,0.0,0.0,0.0,5,28.7,23.7,70,1008.5,104,20.4,-9900,-9900,0.0,0.0
2021,10,6,13,60,0.0,0.0,0.0,0.0,0.0,5,28.4,23.4,71,1008.8,99,18.5,-9900,-9900,0.0,0.0
2021,10,6,14,60,0.0,0.0,0.0,0.0,0.0,5,28.2,23.2,72,1008.8,95,16.7,-9900,-9900,0.0,0.0
2021,10,6,15,60,0.0,0.0,0.0,0.0,0.0,5,28.1,23.1,72,1008.8,90,16.7,-9900,-9900,0.0,0.0
2021,10,6,16,60,0.0,0.0,0.0,0.0,0.0,5,28.0,23.0,73,1008.8,86,14.8,-9900,-9900,0.0,0.0
2021,10,6,17,60,0.0,0.0,0.0,0.0,0.0,5,28.3,23.3,72,1008.6,72,14.8,-9900,-9900,0.0,0.0
2021,10,6,18,60,0.0,0.0,0.0,0.0,0.0,5,28.1,23.1,73,1008.3,71,14.8,-9900,-9900,0.0,0.0
2021,10,6,19,60,0.0,0.0,0.0,0.0,0.0,5,27.9,22.9,73,1008.0,68,14.8,-9900,-9900,0.0,0.0
2021,10,6,20,60,0.0,0.0,0.0,0.0,0.0,5,27.8,22.8,74,1008.0,75,13.0,-9900,-9900,0.0,0.0
2021,10,6,21,60,0.0,0.0,0.0,0.0,0.0,5,27.7,22.7,75,1007.9,83,13.0,-9900,-9900,0.0,0.0
2021,10,6,22,60,0.0,0.0,0.0,0.0,0.0,5,27.6,22.6,75,1007.9,91,13.0,-9900,-9900,0.0,0.0
2021,10,6,23,60,0.0,0.0,0.0,0.0,0.0,5,28.7,23.7,66,1009.0,83,13.0,-9900,-9900,0.0,0.0
2021,10,6,24,60,0.0,0.0,0.0,0.0,0.0,5,29.0,24.0,67,1009.4,84,13.0,-9900,-9900,0.0,0.0
2021,10,7,1,60,0.0,0.0,0.0,0.0,0.0,5,29.4,24.4,68,1009.8,85,13.0,-9900,-9900,0.0,0.0
2021,10,7,2,60,0.0,0.0,0.0,0.0,0.0,5,30.4,25.4,65,1009.7,89,14.8,-9900,-9900,0.0,0.0
2021,10,7,3,60,0.0,0.0,0.0,0.0,0.0,5,31.4,26.4,62,1009.5,94,14.8,-9900,-9900,0.0,0.0
2021,10,7,4,60,0.0,0.0,0.0,0.0,0.0,5,32.4,27.4,60,1009.3,100,14.8,-9900,-9900,0.0,0.0
2021,10,7,5,60,0.0,0.0,0.0,0.0,0.0,5,32.3,27.3,58,1008.6,92,16.7,-9900,-9900,0.0,0.0
2021,10,7,6,60,0.0,0.0,0.0,0.0,0.0,5,32.4,27.4,58,1008.0,94,16.7,-9900,-9900,0.0,0.0
2021,10,7,7,60,0.0,0.0,0.0,0.0,0.0,5,32.5,27.5,58,1007.4,97,16.7,-9900,-9900,0.0,0.0
2021,10,7,8,60,0.0,0.0,0.0,0.0,0.0,5,31.8,26.8,60,1007.5,100,16.7,-9900,-9900,0.0,0.0
2021,10,7,9,60,0.0,0.0,0.0,0.0,0.0,5,31.1,26.1,62,1007.5,103,16.7,-9900,-9900,0.0,0.0
2021,10,7,10,60,0.0,0.0,0.0,0.0,0.0,5,30.4,25.4,65,1007.6,107,16.7,-9900,-9900,0.0,0.0
2021,10,7,11,60,0.0,0.0,0.0,0.0,0.0,5,29.9,24.9,66,1008.1,101,14.8,-9900,-9900,0.0,0.0
2021,10,7,12,60,0.0,0.0,0.0,0.0,0.0,5,29.5,24.5,68,1008.7,93,14.8,-9900,-9900,0.0,0.0
2021,10,7,13,60,0.0,0.0,0.0,0.0,0.0,5,29.0,24.0,69,1009.2,85,13.0,-9900,-9900,0.0,0.0
2021,10,7,14,60,0.0,0.0,0.0,0.0,0.0,5,28.8,23.8,71,1009.2,85,13.0,-9900,-9900,0.0,0.0
2021,10,7,15,60,0.0,0.0,0.0,0.0,0.0,5,28.7,23.7,71,1009.3,85,13.0,-9900,-9900,0.0,0.0
2021,10,7,16,60,0.0,0.0,0.0,0.0,0.0,5,28.6,23.6,71,1009.3,85,13.0,-9900,-9900,0.0,0.0
2021,10,7,17,60,0.0,0.0,0.0,0.0,0.0,5,28.4,23.4,70,1008.7,96,13.0,-9900,-9900,0.0,0.0
2021,10,7,18,60,0.0,0.0,0.0,0.0,0.0,5,28.2,23.2,71,1008.5,93,13.0,-9900,-9900,0.0,0.0
2021,10,7,19,60,0.0,0.0,0.0,0.0,0.0,5,28.1,23.1,72,1008.2,90,11.1,-9900,-9900,0.0,0.0
2021,10,7,20,60,0.0,0.0,0.0,0.0,0.0,5,28.1,23.1,72,1008.3,90,11.1,-9900,-9900,0.0,0.0
2021,10,7,21,60,0.0,0.0,0.0,0.0,0.0,5,28.0,23.0,73,1008.4,90,11.1,-9900,-9900,0.0,0.0
2021,10,7,22,60,0.0,0.0,0.0,0.0,0.0,5,28.0,23.0,73,1008.5,91,11.1,-9900,-9900,0.0,0.0
2021,10,7,23,60,0.0,0.0,0.0,0.0,0.0,5,28.5,23.5,68,1009.2,100,13.0,-9900,-9900,0.0,0.0
2021,10,7,24,60,0.0,0.0,0.0,0.0,0.0,5,29.0,24.0,67,1009.6,96,13.0,-9900,-9900,0.0,0.0
2021,10,8,1,60,0.0,0.0,0.0,0.0,0.0,5,29.4,24.4,68,1010.0,93,13.0,-9900,-9900,0.0,0.0
2021,10,8,2,60,0.0,0.0,0.0,0.0,0.0,5,30.5,25.5,64,1009.9,96,14.8,-9900,-9900,0.0,0.0
2021,10,8,3,60,0.0,0.0,0.0,0.0,0.0,5,31.6,26.6,61,1009.7,100,14.8,-9900,-9900,0.0,0.0
2021,10,8,4,60,0.0,0.0,0.0,0.0,0.0,5,32.7,27.7,58,1009.5,104,16.7,-9900,-9900,0.0,0.0
2021,10,8,5,60,0.0,0.0,0.0,0.0,0.0,5,32.5,27.5,56,1009.0,97,18.5,-9900,-9900,0.0,0.0
2021,10,8,6,60,0.0,0.0,0.0,0.0,0.0,5,32.8,27.8,56,1008.4,98,18.5,-9900,-9900,0.0,0.0
2021,10,8,7,60,0.0,0.0,0.0,0.0,0.0,5,33.1,28.1,56,1007.8,100,18.5,-9900,-9900,0.0,0.0
2021,10,8,8,60,0.0,0.0,0.0,0.0,0.0,5,32.4,27.4,57,1008.0,104,16.7,-9900,-9900,0.0,0.0
2021,10,8,9,60,0.0,0.0,0.0,0.0,0.0,5,31.6,26.6,60,1008.1,108,16.7,-9900,-9900,0.0,0.0
2021,10,8,10,60,0.0,0.0,0.0,0.0,0.0,5,30.8,25.8,63,1008.2,111,16.7,-9900,-9900,0.0,0.0
2021,10,8,11,60,0.0,0.0,0.0,0.0,0.0,5,29.5,24.5,67,1009.0,115,18.5,-9900,-9900,0.0,0.0
2021,10,8,12,60,0.0,0.0,0.0,0.0,0.0,5,29.1,24.1,68,1009.5,106,18.5,-9900,-9900,0.0,0.0
2021,10,8,13,60,0.0,0.0,0.0,0.0,0.0,5,28.7,23.7,70,1010.0,94,18.5,-9900,-9900,0.0,0.0
2021,10,8,14,60,0.0,0.0,0.0,0.0,0.0,5,28.6,23.6,70,1010.3,93,16.7,-9900,-9900,0.0,0.0
2021,10,8,15,60,0.0,0.0,0.0,0.0,0.0,5,28.5,23.5,71,1010.5,91,16.7,-9900,-9900,0.0,0.0
2021,10,8,16,60,0.0,0.0,0.0,0.0,0.0,5,28.4,23.4,71,1010.7,90,16.7,-9900,-9900,0.0,0.0
2021,10,8,17,60,0.0,0.0,0.0,0.0,0.0,5,28.8,23.8,71,1010.6,86,14.8,-9900,-9900,0.0,0.0
2021,10,8,18,60,0.0,0.0,0.0,0.0,0.0,5,28.5,23.5,71,1010.3,84,14.8,-9900,-9900,0.0,0.0
2021,10,8,19,60,0.0,0.0,0.0,0.0,0.0,5,28.3,23.3,71,1010.1,82,14.8,-9900,-9900,0.0,0.0
2021,10,8,20,60,0.0,0.0,0.0,0.0,0.0,5,28.1,23.1,73,1010.0,85,14.8,-9900,-9900,0.0,0.0
2021,10,8,21,60,0.0,0.0,0.0,0.0,0.0,5,28.0,23.0,73,1009.9,88,14.8,-9900,-9900,0.0,0.0
2021,10,8,22,60,0.0,0.0,0.0,0.0,0.0,5,27.9,22.9,73,1009.8,91,14.8,-9900,-9900,0.0,0.0
2021,10,8,23,60,0.0,0.0,0.0,0.0,0.0,5,28.7,23.7,69,1010.7,101,14.8,-9900,-9900,0.0,0.0
2021,10,8,24,60,0.0,0.0,0.0,0.0,0.0,5,29.2,24.2,69,1011.2,100,14.8,-9900,-9900,0.0,0.0
2021,10,9,1,60,0.0,0.0,0.0,0.0,0.0,5,29.7,24.7,67,1011.6,99,14.8,-9900,-9900,0.0,0.0
2021,10,9,2,60,0.0,0.0,0.0,0.0,0.0,5,30.6,25.6,64,1011.5,98,16.7,-9900,-9900,0.0,0.0
2021,10,9,3,60,0.0,0.0,0.0,0.0,0.0,5,31.5,26.5,60,1011.3,98,16.7,-9900,-9900,0.0,0.0
2021,10,9,4,60,0.0,0.0,0.0,0.0,0.0,5,32.4,27.4,57,1011.2,97,18.5,-9900,-9900,0.0,0.0
2021,10,9,5,60,0.0,0.0,0.0,0.0,0.0,5,31.9,26.9,59,1010.8,90,20.4,-9900,-9900,0.0,0.0
2021,10,9,6,60,0.0,0.0,0.0,0.0,0.0,5,32.0,27.0,59,1010.2,91,20.4,-9900,-9900,0.0,0.0
2021,10,9,7,60,0.0,0.0,0.0,0.0,0.0,5,32.1,27.1,59,1009.5,91,20.4,-9900,-9900,0.0,0.0
2021,10,9,8,60,0.0,0.0,0.0,0.0,0.0,5,31.4,26.4,62,1009.5,93,20.4,-9900,-9900,0.0,0.0
2021,10,9,9,60,0.0,0.0,0.0,0.0,0.0,5,30.7,25.7,63,1009.5,94,18.5,-9900,-9900,0.0,0.0
2021,10,9,10,60,0.0,0.0,0.0,0.0,0.0,5,30.1,25.1,65,1009.5,96,16.7,-9900,-9900,0.0,0.0
2021,10,9,11,60,0.0,0.0,0.0,0.0,0.0,5,29.2,24.2,67,1010.1,96,16.7,-9900,-9900,0.0,0.0
2021,10,9,12,60,0.0,0.0,0.0,0.0,0.0,5,28.8,23.8,68,1010.5,95,16.7,-9900,-9900,0.0,0.0
2021,10,9,13,60,0.0,0.0,0.0,0.0,0.0,5,28.3,23.3,70,1011.0,95,14.8,-9900,-9900,0.0,0.0
2021,10,9,14,60,0.0,0.0,0.0,0.0,0.0,5,28.2,23.2,70,1011.1,93,14.8,-9900,-9900,0.0,0.0
2021,10,9,15,60,0.0,0.0,0.0,0.0,0.0,5,28.2,23.2,70,1011.1,92,14.8,-9900,-9900,0.0,0.0
2021,10,9,16,60,0.0,0.0,0.0,0.0,0.0,5,28.1,23.1,70,1011.2,90,13.0,-9900,-9900,0.0,0.0
2021,10,9,17,60,0.0,0.0,0.0,0.0,0.0,5,27.9,22.9,73,1011.2,83,13.0,-9900,-9900,0.0,0.0
2021,10,9,18,60,0.0,0.0,0.0,0.0,0.0,5,27.7,22.7,73,1010.7,79,13.0,-9900,-9900,0.0,0.0
2021,10,9,19,60,0.0,0.0,0.0,0.0,0.0,5,27.6,22.6,73,1010.3,74,13.0,-9900,-9900,0.0,0.0
2021,10,9,20,60,0.0,0.0,0.0,0.0,0.0,5,27.6,22.6,74,1010.0,80,13.0,-9900,-9900,0.0,0.0
2021,10,9,21,60,0.0,0.0,0.0,0.0,0.0,5,27.5,22.5,75,1009.7,85,13.0,-9900,-9900,0.0,0.0
2021,10,9,22,60,0.0,0.0,0.0,0.0,0.0,5,27.5,22.5,75,1009.4,90,13.0,-9900,-9900,0.0,0.0
2021,10,9,23,60,0.0,0.0,0.0,0.0,0.0,5,27.8,22.8,75,1009.9,86,13.0,-9900,-9900,0.0,0.0
2021,10,9,24,60,0.0,0.0,0.0,0.0,0.0,5,28.3,23.3,73,1010.3,83,14.8,-9900,-9900,0.0,0.0
2021,10,10,1,60,0.0,0.0,0.0,0.0,0.0,5,28.8,23.8,72,1010.7,81,14.8,-9900,-9900,0.0,0.0
2021,10,10,2,60,0.0,0.0,0.0,0.0,0.0,5,29.9,24.9,67,1010.5,82,14.8,-9900,-9900,0.0,0.0
2021,10,10,3,60,0.0,0.0,0.0,0.0,0.0,5,31.1,26.1,63,1010.3,84,16.7,-9900,-9900,0.0,0.0
2021,10,10,4,60,0.0,0.0,0.0,0.0,0.0,5,32.2,27.2,60,1010.0,86,16.7,-9900,-9900,0.0,0.0
2021,10,10,5,60,0.0,0.0,0.0,0.0,0.0,5,32.5,27.5,57,1008.8,85,18.5,-9900,-9900,0.0,0.0
2021,10,10,6,60,0.0,0.0,0.0,0.0,0.0,5,32.5,27.5,58,1008.3,85,18.5,-9900,-9900,0.0,0.0
2021,10,10,7,60,0.0,0.0,0.0,0.0,0.0,5,32.5,27.5,58,1007.8,85,20.4,-9900,-9900,0.0,0.0
2021,10,10,8,60,0.0,0.0,0.0,0.0,0.0,5,31.7,26.7,61,1007.9,87,18.5,-9900,-9900,0.0,0.0
2021,10,10,9,60,0.0,0.0,0.0,0.0,0.0,5,30.9,25.9,64,1008.0,89,18.5,-9900,-9900,0.0,0.0
2021,10,10,10,60,0.0,0.0,0.0,0.0,0.0,5,30.1,25.1,67,1008.2,91,16.7,-9900,-9900,0.0,0.0
2021,10,10,11,60,0.0,0.0,0.0,0.0,0.0,5,29.4,24.4,65,1008.9,101,16.7,-9900,-9900,0.0,0.0
2021,10,10,12,60,0.0,0.0,0.0,0.0,0.0,5,28.9,23.9,68,1009.4,99,16.7,-9900,-9900,0.0,0.0
2021,10,10,13,60,0.0,0.0,0.0,0.0,0.0,5,28.5,23.5,71,1009.8,96,16.7,-9900,-9900,0.0,0.0
2021,10,10,14,60,0.0,0.0,0.0,0.0,0.0,5,28.4,23.4,72,1009.8,93,14.8,-9900,-9900,0.0,0.0
2021,10,10,15,60,0.0,0.0,0.0,0.0,0.0,5,28.3,23.3,73,1009.8,90,14.8,-9900,-9900,0.0,0.0
2021,10,10,16,60,0.0,0.0,0.0,0.0,0.0,5,28.2,23.2,73,1009.7,87,14.8,-9900,-9900,0.0,0.0
2021,10,10,17,60,0.0,0.0,0.0,0.0,0.0,5,27.7,22.7,81,1009.3,78,16.7,-9900,-9900,0.0,0.0
2021,10,10,18,60,0.0,0.0,0.0,0.0,0.0,5,27.5,22.5,82,1008.7,79,14.8,-9900,-9900,0.0,0.0
2021,10,10,19,60,0.0,0.0,0.0,0.0,0.0,5,27.4,22.4,82,1008.1,80,14.8,-9900,-9900,0.0,0.0
2021,10,10,20,60,0.0,0.0,0.0,0.0,0.0,5,27.2,22.2,83,1007.7,83,14.8,-9900,-9900,0.0,0.0
2021,10,10,21,60,0.0,0.0,0.0,0.0,0.0,5,27.1,22.1,83,1007.2,86,14.8,-9900,-9900,0.0,0.0
2021,10,10,22,60,0.0,0.0,0.0,0.0,0.0,5,27.0,22.0,83,1006.8,89,13.0,-9900,-9900,0.0,0.0
2021,10,10,23,60,0.0,0.0,0.0,0.0,0.0,5,26.3,21.3,90,1007.4,69,16.7,-9900,-9900,0.0,0.0
2021,10,10,24,60,0.0,0.0,0.0,0.0,0.0,5,26.4,21.4,89,1007.5,68,18.5,-9900,-9900,0.0,0.0
2021,10,11,1,60,0.0,0.0,0.0,0.0,0.0,5,26.5,21.5,88,1007.7,66,20.4,-9900,-9900,0.0,0.0
2021,10,11,2,60,0.0,0.0,0.0,0.0,0.0,5,26.9,21.9,85,1007.5,66,20.4,-9900,-9900,0.0,0.0
2021,10,11,3,60,0.0,0.0,0.0,0.0,0.0,5,27.3,22.3,82,1007.2,66,20.4,-9900,-9900,0.0,0.0
2021,10,11,4,60,0.0,0.0,0.0,0.0,0.0,5,27.6,22.6,80,1007.0,66,20.4,-9900,-9900,0.0,0.0
2021,10,11,5,60,0.0,0.0,0.0,0.0,0.0,5,27.3,22.3,86,1005.9,74,20.4,-9900,-9900,0.0,0.0
2021,10,11,6,60,0.0,0.0,0.0,0.0,0.0,5,27.2,22.2,86,1004.9,70,22.2,-9900,-9900,0.0,0.0
2021,10,11,7,60,0.0,0.0,0.0,0.0,0.0,5,27.0,22.0,86,1004.0,66,22.2,-9900,-9900,0.0,0.0
2021,10,11,8,60,0.0,0.0,0.0,0.0,0.0,5,27.1,22.1,86,1003.3,64,22.2,-9900,-9900,0.0,0.0
2021,10,11,9,60,0.0,0.0,0.0,0.0,0.0,5,27.1,22.1,87,1002.5,62,22.2,-9900,-9900,0.0,0.0
2021,10,11,10,60,0.0,0.0,0.0,0.0,0.0,5,27.2,22.2,87,1001.7,60,24.1,-9900,-9900,0.0,0.0
2021,10,11,11,60,0.0,0.0,0.0,0.0,0.0,5,26.8,21.8,86,1004.1,71,24.1,-9900,-9900,0.0,0.0
2021,10,11,12,60,0.0,0.0,0.0,0.0,0.0,5,26.7,21.7,87,1004.4,70,24.1,-9900,-9900,0.0,0.0
2021,10,11,13,60,0.0,0.0,0.0,0.0,0.0,5,26.6,21.6,88,1004.7,68,24.1,-9900,-9900,0.0,0.0
2021,10,11,14,60,0.0,0.0,0.0,0.0,0.0,5,26.9,21.9,87,1004.3,67,25.9,-9900,-9900,0.0,0.0
2021,10,11,15,60,0.0,0.0,0.0,0.0,0.0,5,27.2,22.2,86,1003.9,66,27.8,-9900,-9900,0.0,0.0
2021,10,11,16,60,0.0,0.0,0.0,0.0,0.0,5,27.5,22.5,84,1003.5,66,29.6,-9900,-9900,0.0,0.0
2021,10,11,17,60,0.0,0.0,0.0,0.0,0.0,5,27.3,22.3,86,1002.4,83,27.8,-9900,-9900,0.0,0.0
2021,10,11,18,60,0.0,0.0,0.0,0.0,0.0,5,27.2,22.2,87,1001.9,81,25.9,-9900,-9900,0.0,0.0
2021,10,11,19,60,0.0,0.0,0.0,0.0,0.0,5,27.1,22.1,87,1001.3,79,25.9,-9900,-9900,0.0,0.0
2021,10,11,20,60,0.0,0.0,0.0,0.0,0.0,5,27.1,22.1,87,1001.6,82,24.1,-9900,-9900,0.0,0.0
2021,10,11,21,60,0.0,0.0,0.0,0.0,0.0,5,27.2,22.2,87,1001.9,86,20.4,-9900,-9900,0.0,0.0
2021,10,11,22,60,0.0,0.0,0.0,0.0,0.0,5,27.2,22.2,87,1002.1,91,18.5,-9900,-9900,0.0,0.0
2021,10,11,23,60,0.0,0.0,0.0,0.0,0.0,5,26.6,21.6,89,1002.4,68,20.4,-9900,-9900,0.0,0.0
2021,10,11,24,60,0.0,0.0,0.0,0.0,0.0,5,26.8,21.8,88,1003.1,67,22.2,-9900,-9900,0.0,0.0
2021,10,12,1,60,0.0,0.0,0.0,0.0,0.0,5,27.0,22.0,87,1003.8,67,22.2,-9900,-9900,0.0,0.0
2021,10,12,2,60,0.0,0.0,0.0,0.0,0.0,5,27.7,22.7,84,1003.5,68,24.1,-9900,-9900,0.0,0.0
2021,10,12,3,60,0.0,0.0,0.0,0.0,0.0,5,28.4,23.4,81,1003.2,70,24.1,-9900,-9900,0.0,0.0
2021,10,12,4,60,0.0,0.0,0.0,0.0,0.0,5,29.2,24.2,78,1002.9,71,24.1,-9900,-9900,0.0,0.0
2021,10,12,5,60,0.0,0.0,0.0,0.0,0.0,5,29.6,24.6,78,1003.0,72,24.1,-9900,-9900,0.0,0.0
2021,10,12,6,60,0.0,0.0,0.0,0.0,0.0,5,29.5,24.5,78,1002.5,76,24.1,-9900,-9900,0.0,0.0
2021,10,12,7,60,0.0,0.0,0.0,0.0,0.0,5,29.5,24.5,77,1002.0,81,24.1,-9900,-9900,0.0,0.0
2021,10,12,8,60,0.0,0.0,0.0,0.0,0.0,5,29.2,24.2,79,1002.5,79,22.2,-9900,-9900,0.0,0.0
2021,10,12,9,60,0.0,0.0,0.0,0.0,0.0,5,29.0,24.0,80,1003.0,77,22.2,-9900,-9900,0.0,0.0
2021,10,12,10,60,0.0,0.0,0.0,0.0,0.0,5,28.7,23.7,80,1003.5,74,20.4,-9900,-9900,0.0,0.0
2021,10,12,11,60,0.0,0.0,0.0,0.0,0.0,5,28.6,23.6,80,1004.1,74,20.4,-9900,-9900,0.0,0.0
2021,10,12,12,60,0.0,0.0,0.0,0.0,0.0,5,28.4,23.4,80,1004.7,74,20.4,-9900,-9900,0.0,0.0
2021,10,12,13,60,0.0,0.0,0.0,0.0,0.0,5,28.2,23.2,81,1005.3,74,18.5,-9900,-9900,0.0,0.0
2021,10,12,14,60,0.0,0.0,0.0,0.0,0.0,5,28.3,23.3,80,1005.5,76,20.4,-9900,-9900,0.0,0.0
2021,10,12,15,60,0.0,0.0,0.0,0.0,0.0,5,28.4,23.4,80,1005.6,79,20.4,-9900,-9900,0.0,0.0
2021,10,12,16,60,0.0,0.0,0.0,0.0,0.0,5,28.4,23.4,80,1005.8,81,22.2,-9900,-9900,0.0,0.0
2021,10,12,17,60,0.0,0.0,0.0,0.0,0.0,5,28.6,23.6,79,1006.4,88,22.2,-9900,-9900,0.0,0.0
2021,10,12,18,60,0.0,0.0,0.0,0.0,0.0,5,28.5,23.5,80,1006.2,85,22.2,-9900,-9900,0.0,0.0
2021,10,12,19,60,0.0,0.0,0.0,0.0,0.0,5,28.5,23.5,79,1006.0,81,20.4,-9900,-9900,0.0,0.0
2021,10,12,20,60,0.0,0.0,0.0,0.0,0.0,5,28.2,23.2,80,1006.1,82,20.4,-9900,-9900,0.0,0.0
2021,10,12,21,60,0.0,0.0,0.0,0.0,0.0,5,28.0,23.0,81,1006.2,82,18.5,-9900,-9900,0.0,0.0
2021,10,12,22,60,0.0,0.0,0.0,0.0,0.0,5,27.8,22.8,81,1006.3,83,16.7,-9900,-9900,0.0,0.0
2021,10,12,23,60,0.0,0.0,0.0,0.0,0.0,5,27.8,22.8,82,1007.4,88,14.8,-9900,-9900,0.0,0.0
2021,10,12,24,60,0.0,0.0,0.0,0.0,0.0,5,28.2,23.2,81,1007.9,88,14.8,-9900,-9900,0.0,0.0
2021,10,13,1,60,0.0,0.0,0.0,0.0,0.0,5,28.5,23.5,80,1008.3,87,16.7,-9900,-9900,0.0,0.0
2021,10,13,2,60,0.0,0.0,0.0,0.0,0.0,5,29.2,24.2,77,1008.1,90,16.7,-9900,-9900,0.0,0.0
2021,10,13,3,60,0.0,0.0,0.0,0.0,0.0,5,30.0,25.0,73,1007.8,94,16.7,-9900,-9900,0.0,0.0
2021,10,13,4,60,0.0,0.0,0.0,0.0,0.0,5,30.7,25.7,70,1007.6,98,16.7,-9900,-9900,0.0,0.0
2021,10,13,5,60,0.0,0.0,0.0,0.0,0.0,5,30.9,25.9,69,1007.9,101,18.5,-9900,-9900,0.0,0.0
2021,10,13,6,60,0.0,0.0,0.0,0.0,0.0,5,30.8,25.8,69,1007.3,103,18.5,-9900,-9900,0.0,0.0
2021,10,13,7,60,0.0,0.0,0.0,0.0,0.0,5,30.6,25.6,70,1006.8,105,18.5,-9900,-9900,0.0,0.0
2021,10,13,8,60,0.0,0.0,0.0,0.0,0.0,5,30.2,25.2,71,1007.0,104,16.7,-9900,-9900,0.0,0.0
2021,10,13,9,60,0.0,0.0,0.0,0.0,0.0,5,29.7,24.7,73,1007.3,104,16.7,-9900,-9900,0.0,0.0
2021,10,13,10,60,0.0,0.0,0.0,0.0,0.0,5,29.2,24.2,75,1007.5,103,14.8,-9900,-9900,0.0,0.0
2021,10,13,11,60,0.0,0.0,0.0,0.0,0.0,5,27.7,22.7,79,1009.0,97,18.5,-9900,-9900,0.0,0.0
2021,10,13,12,60,0.0,0.0,0.0,0.0,0.0,5,27.5,22.5,79,1009.4,91,18.5,-9900,-9900,0.0,0.0
2021,10,13,13,60,0.0,0.0,0.0,0.0,0.0,5,27.3,22.3,80,1009.8,85,18.5,-9900,-9900,0.0,0.0
2021,10,13,14,60,0.0,0.0,0.0,0.0,0.0,5,27.4,22.4,79,1009.8,84,18.5,-9900,-9900,0.0,0.0
2021,10,13,15,60,0.0,0.0,0.0,0.0,0.0,5,27.5,22.5,78,1009.8,84,18.5,-9900,-9900,0.0,0.0
2021,10,13,16,60,0.0,0.0,0.0,0.0,0.0,5,27.5,22.5,78,1009.9,83,18.5,-9900,-9900,0.0,0.0
2021,10,13,17,60,0.0,0.0,0.0,0.0,0.0,5,27.1,22.1,84,1009.9,84,18.5,-9900,-9900,0.0,0.0
2021,10,13,18,60,0.0,0.0,0.0,0.0,0.0,5,27.1,22.1,83,1009.6,80,16.7,-9900,-9900,0.0,0.0
2021,10,13,19,60,0.0,0.0,0.0,0.0,0.0,5,27.0,22.0,83,1009.3,75,16.7,-9900,-9900,0.0,0.0
2021,10,13,20,60,0.0,0.0,0.0,0.0,0.0,5,26.9,21.9,83,1009.2,76,16.7,-9900,-9900,0.0,0.0
2021,10,13,21,60,0.0,0.0,0.0,0.0,0.0,5,26.8,21.8,83,1009.1,77,16.7,-9900,-9900,0.0,0.0
2021,10,13,22,60,0.0,0.0,0.0,0.0,0.0,5,26.8,21.8,83,1009.1,78,16.7,-9900,-9900,0.0,0.0
2021,10,13,23,60,0.0,0.0,0.0,0.0,0.0,5,26.9,21.9,80,1010.4,87,14.8,-9900,-9900,0.0,0.0
2021,10,13,24,60,0.0,0.0,0.0,0.0,0.0,5,27.2,22.2,80,1011.0,86,14.8,-9900,-9900,0.0,0.0
2021,10,14,1,60,0.0,0.0,0.0,0.0,0.0,5,27.5,22.5,80,1011.5,85,14.8,-9900,-9900,0.0,0.0
2021,10,14,2,60,0.0,0.0,0.0,0.0,0.0,5,28.1,23.1,78,1011.4,87,14.8,-9900,-9900,0.0,0.0
2021,10,14,3,60,0.0,0.0,0.0,0.0,0.0,5,28.7,23.7,75,1011.2,89,14.8,-9900,-9900,0.0,0.0
2021,10,14,4,60,0.0,0.0,0.0,0.0,0.0,5,29.3,24.3,73,1011.1,91,14.8,-9900,-9900,0.0,0.0
2021,10,14,5,60,0.0,0.0,0.0,0.0,0.0,5,30.1,25.1,69,1010.7,94,18.5,-9900,-9900,0.0,0.0
2021,10,14,6,60,0.0,0.0,0.0,0.0,0.0,5,30.0,25.0,69,1010.2,95,18.5,-9900,-9900,0.0,0.0
2021,10,14,7,60,0.0,0.0,0.0,0.0,0.0,5,29.9,24.9,69,1009.7,95,18.5,-9900,-9900,0.0,0.0
2021,10,14,8,60,0.0,0.0,0.0,0.0,0.0,5,29.4,24.4,71,1009.7,98,16.7,-9900,-9900,0.0,0.0
2021,10,14,9,60,0.0,0.0,0.0,0.0,0.0,5,28.9,23.9,73,1009.7,101,16.7,-9900,-9900,0.0,0.0
2021,10,14,10,60,0.0,0.0,0.0,0.0,0.0,5,28.4,23.4,74,1009.7,104,14.8,-9900,-9900,0.0,0.0
2021,10,14,11,60,0.0,0.0,0.0,0.0,0.0,5,28.1,23.1,74,1010.5,99,16.7,-9900,-9900,0.0,0.0
2021,10,14,12,60,0.0,0.0,0.0,0.0,0.0,5,27.9,22.9,75,1011.0,95,14.8,-9900,-9900,0.0,0.0
2021,10,14,13,60,0.0,0.0,0.0,0.0,0.0,5,27.6,22.6,76,1011.4,91,14.8,-9900,-9900,0.0,0.0
2021,10,14,14,60,0.0,0.0,0.0,0.0,0.0,5,27.6,22.6,75,1011.4,91,14.8,-9900,-9900,0.0,0.0
2021,10,14,15,60,0.0,0.0,0.0,0.0,0.0,5,27.5,22.5,75,1011.3,91,14.8,-9900,-9900,0.0,0.0
2021,10,14,16,60,0.0,0.0,0.0,0.0,0.0,5,27.5,22.5,75,1011.3,92,14.8,-9900,-9900,0.0,0.0
2021,10,14,17,60,0.0,0.0,0.0,0.0,0.0,5,27.6,22.6,77,1011.2,78,14.8,-9900,-9900,0.0,0.0
2021,10,14,18,60,0.0,0.0,0.0,0.0,0.0,5,27.4,22.4,77,1010.8,77,14.8,-9900,-9900,0.0,0.0
2021,10,14,19,60,0.0,0.0,0.0,0.0,0.0,5,27.3,22.3,77,1010.4,75,14.8,-9900,-9900,0.0,0.0
2021,10,14,20,60,0.0,0.0,0.0,0.0,0.0,5,27.1,22.1,77,1010.3,79,14.8,-9900,-9900,0.0,0.0
2021,10,14,21,60,0.0,0.0,0.0,0.0,0.0,5,26.9,21.9,77,1010.2,83,13.0,-9900,-9900,0.0,0.0
2021,10,14,22,60,0.0,0.0,0.0,0.0,0.0,5,26.7,21.7,78,1010.1,88,13.0,-9900,-9900,0.0,0.0
2021,10,14,23,60,0.0,0.0,0.0,0.0,0.0,5,27.2,22.2,75,1010.8,85,14.8,-9900,-9900,0.0,0.0
2021,10,14,24,60,0.0,0.0,0.0,0.0,0.0,5,27.7,22.7,72,1011.4,83,14.8,-9900,-9900,0.0,0.0
2021,10,15,1,60,0.0,0.0,0.0,0.0,0.0,5,28.2,23.2,69,1012.1,81,14.8,-9900,-9900,0.0,0.0
2021,10,15,2,60,0.0,0.0,0.0,0.0,0.0,5,29.5,24.5,64,1011.8,85,16.7,-9900,-9900,0.0,0.0
2021,10,15,3,60,0.0,0.0,0.0,0.0,0.0,5,30.8,25.8,59,1011.6,89,16.7,-9900,-9900,0.0,0.0
2021,10,15,4,60,0.0,0.0,0.0,0.0,0.0,5,32.1,27.1,55,1011.3,92,16.7,-9900,-9900,0.0,0.0
2021,10,15,5,60,0.0,0.0,0.0,0.0,0.0,5,31.9,26.9,56,1010.7,94,18.5,-9900,-9900,0.0,0.0
2021,10,15,6,60,0.0,0.0,0.0,0.0,0.0,5,32.2,27.2,55,1010.2,95,18.5,-9900,-9900,0.0,0.0
2021,10,15,7,60,0.0,0.0,0.0,0.0,0.0,5,32.5,27.5,54,1009.6,96,18.5,-9900,-9900,0.0,0.0
2021,10,15,8,60,0.0,0.0,0.0,0.0,0.0,5,31.6,26.6,57,1009.8,98,18.5,-9900,-9900,0.0,0.0
2021,10,15,9,60,0.0,0.0,0.0,0.0,0.0,5,30.7,25.7,60,1010.0,100,18.5,-9900,-9900,0.0,0.0
2021,10,15,10,60,0.0,0.0,0.0,0.0,0.0,5,29.8,24.8,63,1010.2,103,16.7,-9900,-9900,0.0,0.0
2021,10,15,11,60,0.0,0.0,0.0,0.0,0.0,5,28.8,23.8,64,1010.7,98,16.7,-9900,-9900,0.0,0.0
2021,10,15,12,60,0.0,0.0,0.0,0.0,0.0,5,28.3,23.3,66,1011.4,95,14.8,-9900,-9900,0.0,0.0
2021,10,15,13,60,0.0,0.0,0.0,0.0,0.0,5,27.8,22.8,69,1012.0,91,14.8,-9900,-9900,0.0,0.0
2021,10,15,14,60,0.0,0.0,0.0,0.0,0.0,5,27.7,22.7,69,1012.0,91,13.0,-9900,-9900,0.0,0.0
2021,10,15,15,60,0.0,0.0,0.0,0.0,0.0,5,27.5,22.5,70,1012.1,92,13.0,-9900,-9900,0.0,0.0
2021,10,15,16,60,0.0,0.0,0.0,0.0,0.0,5,27.4,22.4,70,1012.1,92,13.0,-9900,-9900,0.0,0.0
2021,10,15,17,60,0.0,0.0,0.0,0.0,0.0,5,27.3,22.3,72,1011.8,87,11.1,-9900,-9900,0.0,0.0
2021,10,15,18,60,0.0,0.0,0.0,0.0,0.0,5,27.1,22.1,73,1011.6,83,11.1,-9900,-9900,0.0,0.0
2021,10,15,19,60,0.0,0.0,0.0,0.0,0.0,5,26.9,21.9,73,1011.3,77,11.1,-9900,-9900,0.0,0.0
2021,10,15,20,60,0.0,0.0,0.0,0.0,0.0,5,26.8,21.8,74,1011.5,84,11.1,-9900,-9900,0.0,0.0
2021,10,15,21,60,0.0,0.0,0.0,0.0,0.0,5,26.7,21.7,75,1011.6,90,11.1,-9900,-9900,0.0,0.0
2021,10,15,22,60,0.0,0.0,0.0,0.0,0.0,5,26.7,21.7,75,1011.7,96,11.1,-9900,-9900,0.0,0.0
2021,10,15,23,60,0.0,0.0,0.0,0.0,0.0,5,27.5,22.5,74,1012.6,90,13.0,-9900,-9900,0.0,0.0
2021,10,15,24,60,0.0,0.0,0.0,0.0,0.0,5,28.0,23.0,73,1013.3,89,13.0,-9900,-9900,0.0,0.0
2021,10,16,1,60,0.0,0.0,0.0,0.0,0.0,5,28.4,23.4,72,1013.9,87,13.0,-9900,-9900,0.0,0.0
2021,10,16,2,60,0.0,0.0,0.0,0.0,0.0,5,29.5,24.5,67,1014.0,88,13.0,-9900,-9900,0.0,0.0
2021,10,16,3,60,0.0,0.0,0.0,0.0,0.0,5,30.6,25.6,63,1014.1,89,13.0,-9900,-9900,0.0,0.0
2021,10,16,4,60,0.0,0.0,0.0,0.0,0.0,5,31.6,26.6,60,1014.2,90,13.0,-9900,-9900,0.0,0.0
2021,10,16,5,60,0.0,0.0,0.0,0.0,0.0,5,31.1,26.1,59,1013.5,81,16.7,-9900,-9900,0.0,0.0
2021,10,16,6,60,0.0,0.0,0.0,0.0,0.0,5,31.0,26.0,60,1013.1,82,16.7,-9900,-9900,0.0,0.0
2021,10,16,7,60,0.0,0.0,0.0,0.0,0.0,5,31.0,26.0,60,1012.7,82,16.7,-9900,-9900,0.0,0.0
2021,10,16,8,60,0.0,0.0,0.0,0.0,0.0,5,29.9,24.9,64,1013.5,81,14.8,-9900,-9900,0.0,0.0
2021,10,16,9,60,0.0,0.0,0.0,0.0,0.0,5,28.9,23.9,67,1014.3,80,14.8,-9900,-9900,0.0,0.0
2021,10,16,10,60,0.0,0.0,0.0,0.0,0.0,5,27.9,22.9,71,1015.2,78,13.0,-9900,-9900,0.0,0.0
2021,10,16,11,60,0.0,0.0,0.0,0.0,0.0,5,27.0,22.0,74,1016.0,53,16.7,-9900,-9900,0.0,0.0
2021,10,16,12,60,0.0,0.0,0.0,0.0,0.0,5,26.5,21.5,75,1017.0,54,14.8,-9900,-9900,0.0,0.0
2021,10,16,13,60,0.0,0.0,0.0,0.0,0.0,5,25.9,20.9,76,1018.1,57,14.8,-9900,-9900,0.0,0.0
2021,10,16,14,60,0.0,0.0,0.0,0.0,0.0,5,25.6,20.6,76,1018.5,56,13.0,-9900,-9900,0.0,0.0
2021,10,16,15,60,0.0,0.0,0.0,0.0,0.0,5,25.2,20.2,77,1019.0,56,13.0,-9900,-9900,0.0,0.0
2021,10,16,16,60,0.0,0.0,0.0,0.0,0.0,5,24.9,19.9,77,1019.5,55,11.1,-9900,-9900,0.0,0.0
2021,10,16,17,60,0.0,0.0,0.0,0.0,0.0,5,23.8,18.8,84,1019.7,55,13.0,-9900,-9900,0.0,0.0
2021,10,16,18,60,0.0,0.0,0.0,0.0,0.0,5,23.7,18.7,84,1019.9,59,11.1,-9900,-9900,0.0,0.0
2021,10,16,19,60,0.0,0.0,0.0,0.0,0.0,5,23.6,18.6,84,1020.0,63,9.3,-9900,-9900,0.0,0.0
2021,10,16,20,60,0.0,0.0,0.0,0.0,0.0,5,23.4,18.4,83,1020.1,64,9.3,-9900,-9900,0.0,0.0
2021,10,16,21,60,0.0,0.0,0.0,0.0,0.0,5,23.1,18.1,83,1020.3,64,9.3,-9900,-9900,0.0,0.0
2021,10,16,22,60,0.0,0.0,0.0,0.0,0.0,5,22.9,17.9,82,1020.4,65,9.3,-9900,-9900,0.0,0.0
2021,10,16,23,60,0.0,0.0,0.0,0.0,0.0,5,21.8,16.8,84,1021.8,31,11.1,-9900,-9900,0.0,0.0
2021,10,16,24,60,0.0,0.0,0.0,0.0,0.0,5,21.8,16.8,84,1022.3,32,11.1,-9900,-9900,0.0,0.0
2021,10,17,1,60,0.0,0.0,0.0,0.0,0.0,5,21.9,16.9,84,1022.7,33,11.1,-9900,-9900,0.0,0.0
2021,10,17,2,60,0.0,0.0,0.0,0.0,0.0,5,21.9,16.9,83,1022.6,35,11.1,-9900,-9900,0.0,0.0
2021,10,17,3,60,0.0,0.0,0.0,0.0,0.0,5,21.9,16.9,83,1022.5,38,11.1,-9900,-9900,0.0,0.0
2021,10,17,4,60,0.0,0.0,0.0,0.0,0.0,5,21.8,16.8,83,1022.3,40,11.1,-9900,-9900,0.0,0.0
2021,10,17,5,60,0.0,0.0,0.0,0.0,0.0,5,21.8,16.8,81,1021.6,45,11.1,-9900,-9900,0.0,0.0
2021,10,17,6,60,0.0,0.0,0.0,0.0,0.0,5,21.9,16.9,79,1021.0,50,11.1,-9900,-9900,0.0,0.0
2021,10,17,7,60,0.0,0.0,0.0,0.0,0.0,5,21.9,16.9,77,1020.3,54,13.0,-9900,-9900,0.0,0.0
2021,10,17,8,60,0.0,0.0,0.0,0.0,0.0,5,21.8,16.8,77,1020.5,54,13.0,-9900,-9900,0.0,0.0
2021,10,17,9,60,0.0,0.0,0.0,0.0,0.0,5,21.8,16.8,77,1020.6,53,11.1,-9900,-9900,0.0,0.0
2021,10,17,10,60,0.0,0.0,0.0,0.0,0.0,5,21.7,16.7,77,1020.8,53,11.1,-9900,-9900,0.0,0.0
2021,10,17,11,60,0.0,0.0,0.0,0.0,0.0,5,21.7,16.7,76,1021.5,52,14.8,-9900,-9900,0.0,0.0
2021,10,17,12,60,0.0,0.0,0.0,0.0,0.0,5,21.6,16.6,76,1021.9,51,14.8,-9900,-9900,0.0,0.0
2021,10,17,13,60,0.0,0.0,0.0,0.0,0.0,5,21.6,16.6,75,1022.4,50,14.8,-9900,-9900,0.0,0.0
2021,10,17,14,60,0.0,0.0,0.0,0.0,0.0,5,21.6,16.6,75,1022.0,51,13.0,-9900,-9900,0.0,0.0
2021,10,17,15,60,0.0,0.0,0.0,0.0,0.0,5,21.6,16.6,75,1021.6,53,11.1,-9900,-9900,0.0,0.0
2021,10,17,16,60,0.0,0.0,0.0,0.0,0.0,5,21.6,16.6,75,1021.1,56,11.1,-9900,-9900,0.0,0.0
2021,10,17,17,60,0.0,0.0,0.0,0.0,0.0,5,21.1,16.1,79,1021.0,103,11.1,-9900,-9900,0.0,0.0
2021,10,17,18,60,0.0,0.0,0.0,0.0,0.0,5,21.1,16.1,78,1020.4,94,11.1,-9900,-9900,0.0,0.0
2021,10,17,19,60,0.0,0.0,0.0,0.0,0.0,5,21.1,16.1,78,1019.7,84,9.3,-9900,-9900,0.0,0.0
2021,10,17,20,60,0.0,0.0,0.0,0.0,0.0,5,21.1,16.1,78,1019.5,80,9.3,-9900,-9900,0.0,0.0
2021,10,17,21,60,0.0,0.0,0.0,0.0,0.0,5,21.0,16.0,78,1019.2,75,9.3,-9900,-9900,0.0,0.0
2021,10,17,22,60,0.0,0.0,0.0,0.0,0.0,5,21.0,16.0,78,1019.0,70,7.4,-9900,-9900,0.0,0.0
2021,10,17,23,60,0.0,0.0,0.0,0.0,0.0,5,21.6,16.6,76,1019.2,96,9.3,-9900,-9900,0.0,0.0
2021,10,17,24,60,0.0,0.0,0.0,0.0,0.0,5,21.9,16.9,75,1019.6,92,9.3,-9900,-9900,0.0,0.0
2021,10,18,1,60,0.0,0.0,0.0,0.0,0.0,5,22.1,17.1,75,1020.0,88,9.3,-9900,-9900,0.0,0.0
2021,10,18,2,60,0.0,0.0,0.0,0.0,0.0,5,22.9,17.9,72,1019.7,82,11.1,-9900,-9900,0.0,0.0
2021,10,18,3,60,0.0,0.0,0.0,0.0,0.0,5,23.6,18.6,69,1019.5,77,13.0,-9900,-9900,0.0,0.0
2021,10,18,4,60,0.0,0.0,0.0,0.0,0.0,5,24.4,19.4,66,1019.3,74,13.0,-9900,-9900,0.0,0.0
2021,10,18,5,60,0.0,0.0,0.0,0.0,0.0,5,23.6,18.6,70,1018.6,81,14.8,-9900,-9900,0.0,0.0
2021,10,18,6,60,0.0,0.0,0.0,0.0,0.0,5,23.8,18.8,69,1017.8,77,14.8,-9900,-9900,0.0,0.0
2021,10,18,7,60,0.0,0.0,0.0,0.0,0.0,5,24.0,19.0,67,1017.0,73,14.8,-9900,-9900,0.0,0.0
2021,10,18,8,60,0.0,0.0,0.0,0.0,0.0,5,23.6,18.6,69,1017.2,73,14.8,-9900,-9900,0.0,0.0
2021,10,18,9,60,0.0,0.0,0.0,0.0,0.0,5,23.2,18.2,70,1017.3,73,13.0,-9900,-9900,0.0,0.0
2021,10,18,10,60,0.0,0.0,0.0,0.0,0.0,5,22.9,17.9,72,1017.4,73,13.0,-9900,-9900,0.0,0.0
2021,10,18,11,60,0.0,0.0,0.0,0.0,0.0,5,22.8,17.8,72,1018.7,96,13.0,-9900,-9900,0.0,0.0
2021,10,18,12,60,0.0,0.0,0.0,0.0,0.0,5,22.7,17.7,73,1019.0,102,11.1,-9900,-9900,0.0,0.0
2021,10,18,13,60,0.0,0.0,0.0,0.0,0.0,5,22.6,17.6,74,1019.4,110,9.3,-9900,-9900,0.0,0.0
2021,10,18,14,60,0.0,0.0,0.0,0.0,0.0,5,22.7,17.7,73,1019.4,112,9.3,-9900,-9900,0.0,0.0
2021,10,18,15,60,0.0,0.0,0.0,0.0,0.0,5,22.7,17.7,73,1019.4,115,7.4,-9900,-9900,0.0,0.0
2021,10,18,16,60,0.0,0.0,0.0,0.0,0.0,5,22.8,17.8,73,1019.3,118,7.4,-9900,-9900,0.0,0.0
2021,10,18,17,60,0.0,0.0,0.0,0.0,0.0,5,22.9,17.9,74,1018.9,104,9.3,-9900,-9900,0.0,0.0
2021,10,18,18,60,0.0,0.0,0.0,0.0,0.0,5,22.7,17.7,75,1018.5,107,7.4,-9900,-9900,0.0,0.0
2021,10,18,19,60,0.0,0.0,0.0,0.0,0.0,5,22.5,17.5,76,1018.1,110,7.4,-9900,-9900,0.0,0.0
2021,10,18,20,60,0.0,0.0,0.0,0.0,0.0,5,22.2,17.2,78,1018.1,116,5.5,-9900,-9900,0.0,0.0
2021,10,18,21,60,0.0,0.0,0.0,0.0,0.0,5,22.0,17.0,79,1018.1,124,5.5,-9900,-9900,0.0,0.0
2021,10,18,22,60,0.0,0.0,0.0,0.0,0.0,5,21.7,16.7,81,1018.1,134,5.5,-9900,-9900,0.0,0.0
2021,10,18,23,60,0.0,0.0,0.0,0.0,0.0,5,22.6,17.6,77,1018.2,115,7.4,-9900,-9900,0.0,0.0
2021,10,18,24,60,0.0,0.0,0.0,0.0,0.0,5,23.1,18.1,76,1018.9,111,7.4,-9900,-9900,0.0,0.0
2021,10,19,1,60,0.0,0.0,0.0,0.0,0.0,5,23.6,18.6,74,1019.5,106,7.4,-9900,-9900,0.0,0.0
2021,10,19,2,60,0.0,0.0,0.0,0.0,0.0,5,24.5,19.5,71,1019.2,96,9.3,-9900,-9900,0.0,0.0
2021,10,19,3,60,0.0,0.0,0.0,0.0,0.0,5,25.4,20.4,67,1019.0,88,9.3,-9900,-9900,0.0,0.0
2021,10,19,4,60,0.0,0.0,0.0,0.0,0.0,5,26.4,21.4,63,1018.8,82,11.1,-9900,-9900,0.0,0.0
2021,10,19,5,60,0.0,0.0,0.0,0.0,0.0,5,26.1,21.1,64,1018.6,81,11.1,-9900,-9900,0.0,0.0
2021,10,19,6,60,0.0,0.0,0.0,0.0,0.0,5,26.0,21.0,64,1017.8,78,13.0,-9900,-9900,0.0,0.0
2021,10,19,7,60,0.0,0.0,0.0,0.0,0.0,5,25.9,20.9,65,1017.0,75,13.0,-9900,-9900,0.0,0.0
2021,10,19,8,60,0.0,0.0,0.0,0.0,0.0,5,25.4,20.4,67,1017.1,75,13.0,-9900,-9900,0.0,0.0
2021,10,19,9,60,0.0,0.0,0.0,0.0,0.0,5,24.8,19.8,69,1017.3,76,11.1,-9900,-9900,0.0,0.0
2021,10,19,10,60,0.0,0.0,0.0,0.0,0.0,5,24.3,19.3,71,1017.4,76,11.1,-9900,-9900,0.0,0.0
2021,10,19,11,60,0.0,0.0,0.0,0.0,0.0,5,24.0,19.0,71,1018.8,82,13.0,-9900,-9900,0.0,0.0
2021,10,19,12,60,0.0,0.0,0.0,0.0,0.0,5,23.6,18.6,73,1019.3,83,13.0,-9900,-9900,0.0,0.0
2021,10,19,13,60,0.0,0.0,0.0,0.0,0.0,5,23.3,18.3,74,1019.8,85,13.0,-9900,-9900,0.0,0.0
2021,10,19,14,60,0.0,0.0,0.0,0.0,0.0,5,23.2,18.2,74,1019.6,86,11.1,-9900,-9900,0.0,0.0
2021,10,19,15,60,0.0,0.0,0.0,0.0,0.0,5,23.1,18.1,74,1019.5,88,11.1,-9900,-9900,0.0,0.0
2021,10,19,16,60,0.0,0.0,0.0,0.0,0.0,5,23.0,18.0,75,1019.4,90,9.3,-9900,-9900,0.0,0.0
2021,10,19,17,60,0.0,0.0,0.0,0.0,0.0,5,22.9,17.9,76,1019.1,90,9.3,-9900,-9900,0.0,0.0
2021,10,19,18,60,0.0,0.0,0.0,0.0,0.0,5,22.8,17.8,77,1018.7,90,9.3,-9900,-9900,0.0,0.0
2021,10,19,19,60,0.0,0.0,0.0,0.0,0.0,5,22.6,17.6,78,1018.4,89,9.3,-9900,-9900,0.0,0.0
2021,10,19,20,60,0.0,0.0,0.0,0.0,0.0,5,22.6,17.6,79,1018.3,89,9.3,-9900,-9900,0.0,0.0
2021,10,19,21,60,0.0,0.0,0.0,0.0,0.0,5,22.5,17.5,79,1018.2,90,7.4,-9900,-9900,0.0,0.0
2021,10,19,22,60,0.0,0.0,0.0,0.0,0.0,5,22.4,17.4,80,1018.0,90,7.4,-9900,-9900,0.0,0.0
2021,10,19,23,60,0.0,0.0,0.0,0.0,0.0,5,22.8,17.8,83,1018.3,89,11.1,-9900,-9900,0.0,0.0
2021,10,19,24,60,0.0,0.0,0.0,0.0,0.0,5,23.0,18.0,82,1018.7,87,11.1,-9900,-9900,0.0,0.0
2021,10,20,1,60,0.0,0.0,0.0,0.0,0.0,5,23.3,18.3,81,1019.1,86,11.1,-9900,-9900,0.0,0.0
2021,10,20,2,60,0.0,0.0,0.0,0.0,0.0,5,23.9,18.9,78,1018.6,85,11.1,-9900,-9900,0.0,0.0
2021,10,20,3,60,0.0,0.0,0.0,0.0,0.0,5,24.6,19.6,76,1018.2,84,11.1,-9900,-9900,0.0,0.0
2021,10,20,4,60,0.0,0.0,0.0,0.0,0.0,5,25.3,20.3,73,1017.7,83,13.0,-9900,-9900,0.0,0.0
2021,10,20,5,60,0.0,0.0,0.0,0.0,0.0,5,24.8,19.8,77,1016.8,82,13.0,-9900,-9900,0.0,0.0
2021,10,20,6,60,0.0,0.0,0.0,0.0,0.0,5,25.0,20.0,75,1015.9,77,13.0,-9900,-9900,0.0,0.0
2021,10,20,7,60,0.0,0.0,0.0,0.0,0.0,5,25.2,20.2,74,1015.0,72,11.1,-9900,-9900,0.0,0.0
2021,10,20,8,60,0.0,0.0,0.0,0.0,0.0,5,24.9,19.9,75,1014.8,74,11.1,-9900,-9900,0.0,0.0
2021,10,20,9,60,0.0,0.0,0.0,0.0,0.0,5,24.6,19.6,77,1014.5,76,11.1,-9900,-9900,0.0,0.0
2021,10,20,10,60,0.0,0.0,0.0,0.0,0.0,5,24.3,19.3,78,1014.3,78,11.1,-9900,-9900,0.0,0.0
2021,10,20,11,60,0.0,0.0,0.0,0.0,0.0,5,24.3,19.3,80,1015.0,87,11.1,-9900,-9900,0.0,0.0
2021,10,20,12,60,0.0,0.0,0.0,0.0,0.0,5,24.1,19.1,81,1015.2,93,9.3,-9900,-9900,0.0,0.0
2021,10,20,13,60,0.0,0.0,0.0,0.0,0.0,5,23.9,18.9,82,1015.5,106,7.4,-9900,-9900,0.0,0.0
2021,10,20,14,60,0.0,0.0,0.0,0.0,0.0,5,23.7,18.7,83,1015.4,123,7.4,-9900,-9900,0.0,0.0
2021,10,20,15,60,0.0,0.0,0.0,0.0,0.0,5,23.6,18.6,83,1015.3,150,5.5,-9900,-9900,0.0,0.0
2021,10,20,16,60,0.0,0.0,0.0,0.0,0.0,5,23.5,18.5,84,1015.2,177,3.7,-9900,-9900,0.0,0.0
2021,10,20,17,60,0.0,0.0,0.0,0.0,0.0,5,23.6,18.6,84,1014.8,157,5.5,-9900,-9900,0.0,0.0
2021,10,20,18,60,0.0,0.0,0.0,0.0,0.0,5,23.3,18.3,85,1014.5,175,5.5,-9900,-9900,0.0,0.0
2021,10,20,19,60,0.0,0.0,0.0,0.0,0.0,5,23.0,18.0,86,1014.2,192,5.5,-9900,-9900,0.0,0.0
2021,10,20,20,60,0.0,0.0,0.0,0.0,0.0,5,22.8,17.8,87,1014.1,192,5.5,-9900,-9900,0.0,0.0
2021,10,20,21,60,0.0,0.0,0.0,0.0,0.0,5,22.6,17.6,89,1014.1,192,5.5,-9900,-9900,0.0,0.0
2021,10,20,22,60,0.0,0.0,0.0,0.0,0.0,5,22.4,17.4,90,1014.0,193,5.5,-9900,-9900,0.0,0.0
2021,10,20,23,60,0.0,0.0,0.0,0.0,0.0,5,23.7,18.7,85,1014.4,195,3.7,-9900,-9900,0.0,0.0
2021,10,20,24,60,0.0,0.0,0.0,0.0,0.0,5,23.7,18.7,84,1015.0,197,3.7,-9900,-9900,0.0,0.0
2021,10,21,1,60,0.0,0.0,0.0,0.0,0.0,5,23.6,18.6,84,1015.7,199,3.7,-9900,-9900,0.0,0.0
2021,10,21,2,60,0.0,0.0,0.0,0.0,0.0,5,23.8,18.8,83,1015.6,218,3.7,-9900,-9900,0.0,0.0
2021,10,21,3,60,0.0,0.0,0.0,0.0,0.0,5,24.0,19.0,81,1015.6,270,3.7,-9900,-9900,0.0,0.0
2021,10,21,4,60,0.0,0.0,0.0,0.0,0.0,5,24.2,19.2,80,1015.5,316,3.7,-9900,-9900,0.0,0.0
2021,10,21,5,60,0.0,0.0,0.0,0.0,0.0,5,23.9,18.9,79,1015.0,360,5.5,-9900,-9900,0.0,0.0
2021,10,21,6,60,0.0,0.0,0.0,0.0,0.0,5,23.5,18.5,80,1014.8,9,5.5,-9900,-9900,0.0,0.0
2021,10,21,7,60,0.0,0.0,0.0,0.0,0.0,5,23.2,18.2,80,1014.6,16,5.5,-9900,-9900,0.0,0.0
2021,10,21,8,60,0.0,0.0,0.0,0.0,0.0,5,23.0,18.0,80,1015.1,26,5.5,-9900,-9900,0.0,0.0
2021,10,21,9,60,0.0,0.0,0.0,0.0,0.0,5,22.8,17.8,80,1015.7,35,5.5,-9900,-9900,0.0,0.0
2021,10,21,10,60,0.0,0.0,0.0,0.0,0.0,5,22.6,17.6,80,1016.2,42,5.5,-9900,-9900,0.0,0.0
2021,10,21,11,60,0.0,0.0,0.0,0.0,0.0,5,22.1,17.1,85,1016.9,67,5.5,-9900,-9900,0.0,0.0
2021,10,21,12,60,0.0,0.0,0.0,0.0,0.0,5,21.9,16.9,84,1017.6,85,5.5,-9900,-9900,0.0,0.0
2021,10,21,13,60,0.0,0.0,0.0,0.0,0.0,5,21.7,16.7,84,1018.3,92,7.4,-9900,-9900,0.0,0.0
2021,10,21,14,60,0.0,0.0,0.0,0.0,0.0,5,21.5,16.5,84,1018.4,100,7.4,-9900,-9900,0.0,0.0
2021,10,21,15,60,0.0,0.0,0.0,0.0,0.0,5,21.3,16.3,84,1018.5,106,7.4,-9900,-9900,0.0,0.0
2021,10,21,16,60,0.0,0.0,0.0,0.0,0.0,5,21.1,16.1,84,1018.7,109,5.5,-9900,-9900,0.0,0.0
2021,10,21,17,60,0.0,0.0,0.0,0.0,0.0,5,20.3,15.3,92,1018.6,93,9.3,-9900,-9900,0.0,0.0
2021,10,21,18,60,0.0,0.0,0.0,0.0,0.0,5,20.2,15.2,91,1018.4,94,7.4,-9900,-9900,0.0,0.0
2021,10,21,19,60,0.0,0.0,0.0,0.0,0.0,5,20.2,15.2,91,1018.2,95,7.4,-9900,-9900,0.0,0.0
2021,10,21,20,60,0.0,0.0,0.0,0.0,0.0,5,20.2,15.2,90,1018.3,101,7.4,-9900,-9900,0.0,0.0
2021,10,21,21,60,0.0,0.0,0.0,0.0,0.0,5,20.2,15.2,89,1018.4,110,5.5,-9900,-9900,0.0,0.0
2021,10,21,22,60,0.0,0.0,0.0,0.0,0.0,5,20.1,15.1,89,1018.6,122,5.5,-9900,-9900,0.0,0.0
2021,10,21,23,60,0.0,0.0,0.0,0.0,0.0,5,19.9,14.9,91,1018.7,155,5.5,-9900,-9900,0.0,0.0
2021,10,21,24,60,0.0,0.0,0.0,0.0,0.0,5,19.9,14.9,91,1019.5,136,5.5,-9900,-9900,0.0,0.0
2021,10,22,1,60,0.0,0.0,0.0,0.0,0.0,5,19.9,14.9,89,1020.2,119,5.5,-9900,-9900,0.0,0.0
2021,10,22,2,60,0.0,0.0,0.0,0.0,0.0,5,20.1,15.1,88,1020.3,101,5.5,-9900,-9900,0.0,0.0
2021,10,22,3,60,0.0,0.0,0.0,0.0,0.0,5,20.3,15.3,86,1020.5,89,7.4,-9900,-9900,0.0,0.0
2021,10,22,4,60,0.0,0.0,0.0,0.0,0.0,5,20.5,15.5,85,1020.7,80,7.4,-9900,-9900,0.0,0.0
2021,10,22,5,60,0.0,0.0,0.0,0.0,0.0,5,20.4,15.4,84,1020.4,82,9.3,-9900,-9900,0.0,0.0
2021,10,22,6,60,0.0,0.0,0.0,0.0,0.0,5,20.4,15.4,83,1020.0,84,9.3,-9900,-9900,0.0,0.0
2021,10,22,7,60,0.0,0.0,0.0,0.0,0.0,5,20.4,15.4,82,1019.7,85,9.3,-9900,-9900,0.0,0.0
2021,10,22,8,60,0.0,0.0,0.0,0.0,0.0,5,20.3,15.3,82,1020.0,87,9.3,-9900,-9900,0.0,0.0
2021,10,22,9,60,0.0,0.0,0.0,0.0,0.0,5,20.2,15.2,82,1020.3,89,9.3,-9900,-9900,0.0,0.0
2021,10,22,10,60,0.0,0.0,0.0,0.0,0.0,5,20.2,15.2,82,1020.6,90,7.4,-9900,-9900,0.0,0.0
2021,10,22,11,60,0.0,0.0,0.0,0.0,0.0,5,20.3,15.3,86,1021.1,90,11.1,-9900,-9900,0.0,0.0
2021,10,22,12,60,0.0,0.0,0.0,0.0,0.0,5,20.3,15.3,85,1021.6,89,11.1,-9900,-9900,0.0,0.0
2021,10,22,13,60,0.0,0.0,0.0,0.0,0.0,5,20.3,15.3,83,1022.1,89,11.1,-9900,-9900,0.0,0.0
2021,10,22,14,60,0.0,0.0,0.0,0.0,0.0,5,20.3,15.3,83,1022.0,88,11.1,-9900,-9900,0.0,0.0
2021,10,22,15,60,0.0,0.0,0.0,0.0,0.0,5,20.2,15.2,83,1022.0,88,11.1,-9900,-9900,0.0,0.0
2021,10,22,16,60,0.0,0.0,0.0,0.0,0.0,5,20.2,15.2,83,1021.9,87,11.1,-9900,-9900,0.0,0.0
2021,10,22,17,60,0.0,0.0,0.0,0.0,0.0,5,19.7,14.7,89,1021.3,91,13.0,-9900,-9900,0.0,0.0
2021,10,22,18,60,0.0,0.0,0.0,0.0,0.0,5,19.8,14.8,88,1021.0,88,13.0,-9900,-9900,0.0,0.0
2021,10,22,19,60,0.0,0.0,0.0,0.0,0.0,5,19.9,14.9,87,1020.6,85,13.0,-9900,-9900,0.0,0.0
2021,10,22,20,60,0.0,0.0,0.0,0.0,0.0,5,19.9,14.9,87,1020.5,87,13.0,-9900,-9900,0.0,0.0
2021,10,22,21,60,0.0,0.0,0.0,0.0,0.0,5,19.9,14.9,87,1020.4,90,11.1,-9900,-9900,0.0,0.0
2021,10,22,22,60,0.0,0.0,0.0,0.0,0.0,5,19.9,14.9,87,1020.3,92,11.1,-9900,-9900,0.0,0.0
2021,10,22,23,60,0.0,0.0,0.0,0.0,0.0,5,20.1,15.1,88,1020.8,93,13.0,-9900,-9900,0.0,0.0
2021,10,22,24,60,0.0,0.0,0.0,0.0,0.0,5,20.3,15.3,87,1021.2,91,13.0,-9900,-9900,0.0,0.0
2021,10,23,1,60,0.0,0.0,0.0,0.0,0.0,5,20.5,15.5,86,1021.5,89,14.8,-9900,-9900,0.0,0.0
2021,10,23,2,60,0.0,0.0,0.0,0.0,0.0,5,20.8,15.8,84,1021.5,88,14.8,-9900,-9900,0.0,0.0
2021,10,23,3,60,0.0,0.0,0.0,0.0,0.0,5,21.1,16.1,82,1021.4,88,16.7,-9900,-9900,0.0,0.0
2021,10,23,4,60,0.0,0.0,0.0,0.0,0.0,5,21.4,16.4,80,1021.3,87,16.7,-9900,-9900,0.0,0.0
2021,10,23,5,60,0.0,0.0,0.0,0.0,0.0,5,21.1,16.1,83,1020.9,88,16.7,-9900,-9900,0.0,0.0
2021,10,23,6,60,0.0,0.0,0.0,0.0,0.0,5,21.2,16.2,82,1020.3,87,16.7,-9900,-9900,0.0,0.0
2021,10,23,7,60,0.0,0.0,0.0,0.0,0.0,5,21.2,16.2,82,1019.6,86,16.7,-9900,-9900,0.0,0.0
2021,10,23,8,60,0.0,0.0,0.0,0.0,0.0,5,21.2,16.2,80,1019.7,85,16.7,-9900,-9900,0.0,0.0
2021,10,23,9,60,0.0,0.0,0.0,0.0,0.0,5,21.1,16.1,80,1019.9,84,14.8,-9900,-9900,0.0,0.0
2021,10,23,10,60,0.0,0.0,0.0,0.0,0.0,5,21.0,16.0,80,1020.0,84,13.0,-9900,-9900,0.0,0.0
2021,10,23,11,60,0.0,0.0,0.0,0.0,0.0,5,20.9,15.9,84,1020.6,82,14.8,-9900,-9900,0.0,0.0
2021,10,23,12,60,0.0,0.0,0.0,0.0,0.0,5,20.9,15.9,84,1021.0,85,14.8,-9900,-9900,0.0,0.0
2021,10,23,13,60,0.0,0.0,0.0,0.0,0.0,5,20.9,15.9,83,1021.4,88,13.0,-9900,-9900,0.0,0.0
2021,10,23,14,60,0.0,0.0,0.0,0.0,0.0,5,20.9,15.9,83,1021.2,88,13.0,-9900,-9900,0.0,0.0
2021,10,23,15,60,0.0,0.0,0.0,0.0,0.0,5,20.9,15.9,83,1021.1,89,11.1,-9900,-9900,0.0,0.0
2021,10,23,16,60,0.0,0.0,0.0,0.0,0.0,5,20.9,15.9,83,1020.9,89,11.1,-9900,-9900,0.0,0.0
2021,10,23,17,60,0.0,0.0,0.0,0.0,0.0,5,19.8,14.8,91,1020.8,94,11.1,-9900,-9900,0.0,0.0
2021,10,23,18,60,0.0,0.0,0.0,0.0,0.0,5,20.0,15.0,89,1020.3,90,11.1,-9900,-9900,0.0,0.0
2021,10,23,19,60,0.0,0.0,0.0,0.0,0.0,5,20.1,15.1,88,1019.7,86,11.1,-9900,-9900,0.0,0.0
2021,10,23,20,60,0.0,0.0,0.0,0.0,0.0,5,20.1,15.1,88,1019.4,90,11.1,-9900,-9900,0.0,0.0
2021,10,23,21,60,0.0,0.0,0.0,0.0,0.0,5,20.2,15.2,87,1019.0,95,9.3,-9900,-9900,0.0,0.0
2021,10,23,22,60,0.0,0.0,0.0,0.0,0.0,5,20.2,15.2,87,1018.6,100,9.3,-9900,-9900,0.0,0.0
2021,10,23,23,60,0.0,0.0,0.0,0.0,0.0,5,19.8,14.8,94,1018.9,95,9.3,-9900,-9900,0.0,0.0
2021,10,23,24,60,0.0,0.0,0.0,0.0,0.0,5,20.1,15.1,92,1019.2,94,9.3,-9900,-9900,0.0,0.0
2021,10,24,1,60,0.0,0.0,0.0,0.0,0.0,5,20.3,15.3,91,1019.5,92,9.3,-9900,-9900,0.0,0.0
2021,10,24,2,60,0.0,0.0,0.0,0.0,0.0,5,20.9,15.9,88,1019.3,89,9.3,-9900,-9900,0.0,0.0
2021,10,24,3,60,0.0,0.0,0.0,0.0,0.0,5,21.4,16.4,87,1019.2,86,9.3,-9900,-9900,0.0,0.0
2021,10,24,4,60,0.0,0.0,0.0,0.0,0.0,5,21.9,16.9,85,1019.0,82,9.3,-9900,-9900,0.0,0.0
2021,10,24,5,60,0.0,0.0,0.0,0.0,0.0,5,21.7,16.7,88,1018.5,80,13.0,-9900,-9900,0.0,0.0
2021,10,24,6,60,0.0,0.0,0.0,0.0,0.0,5,21.9,16.9,86,1017.8,77,13.0,-9900,-9900,0.0,0.0
2021,10,24,7,60,0.0,0.0,0.0,0.0,0.0,5,22.1,17.1,83,1017.1,73,11.1,-9900,-9900,0.0,0.0
2021,10,24,8,60,0.0,0.0,0.0,0.0,0.0,5,21.9,16.9,84,1017.2,77,11.1,-9900,-9900,0.0,0.0
2021,10,24,9,60,0.0,0.0,0.0,0.0,0.0,5,21.7,16.7,85,1017.2,82,9.3,-9900,-9900,0.0,0.0
2021,10,24,10,60,0.0,0.0,0.0,0.0,0.0,5,21.5,16.5,85,1017.3,89,9.3,-9900,-9900,0.0,0.0
2021,10,24,11,60,0.0,0.0,0.0,0.0,0.0,5,21.2,16.2,87,1017.9,133,5.5,-9900,-9900,0.0,0.0
2021,10,24,12,60,0.0,0.0,0.0,0.0,0.0,5,21.2,16.2,87,1018.4,122,5.5,-9900,-9900,0.0,0.0
2021,10,24,13,60,0.0,0.0,0.0,0.0,0.0,5,21.1,16.1,86,1018.8,115,5.5,-9900,-9900,0.0,0.0
2021,10,24,14,60,0.0,0.0,0.0,0.0,0.0,5,21.1,16.1,86,1018.8,114,5.5,-9900,-9900,0.0,0.0
2021,10,24,15,60,0.0,0.0,0.0,0.0,0.0,5,21.0,16.0,87,1018.7,114,5.5,-9900,-9900,0.0,0.0
2021,10,24,16,60,0.0,0.0,0.0,0.0,0.0,5,20.9,15.9,87,1018.7,113,5.5,-9900,-9900,0.0,0.0
2021,10,24,17,60,0.0,0.0,0.0,0.0,0.0,5,20.8,15.8,88,1018.4,115,5.5,-9900,-9900,0.0,0.0
2021,10,24,18,60,0.0,0.0,0.0,0.0,0.0,5,20.8,15.8,88,1018.0,116,5.5,-9900,-9900,0.0,0.0
2021,10,24,19,60,0.0,0.0,0.0,0.0,0.0,5,20.7,15.7,88,1017.7,117,5.5,-9900,-9900,0.0,0.0
2021,10,24,20,60,0.0,0.0,0.0,0.0,0.0,5,20.6,15.6,89,1017.6,117,5.5,-9900,-9900,0.0,0.0
2021,10,24,21,60,0.0,0.0,0.0,0.0,0.0,5,20.4,15.4,90,1017.6,117,5.5,-9900,-9900,0.0,0.0
2021,10,24,22,60,0.0,0.0,0.0,0.0,0.0,5,20.3,15.3,90,1017.5,117,5.5,-9900,-9900,0.0,0.0
2021,10,24,23,60,0.0,0.0,0.0,0.0,0.0,5,20.7,15.7,95,1018.4,114,5.5,-9900,-9900,0.0,0.0
2021,10,24,24,60,0.0,0.0,0.0,0.0,0.0,5,20.9,15.9,93,1018.7,104,5.5,-9900,-9900,0.0,0.0
2021,10,25,1,60,0.0,0.0,0.0,0.0,0.0,5,21.1,16.1,92,1019.0,96,5.5,-9900,-9900,0.0,0.0
2021,10,25,2,60,0.0,0.0,0.0,0.0,0.0,5,21.6,16.6,89,1018.7,89,7.4,-9900,-9900,0.0,0.0
2021,10,25,3,60,0.0,0.0,0.0,0.0,0.0,5,22.1,17.1,86,1018.5,85,7.4,-9900,-9900,0.0,0.0
2021,10,25,4,60,0.0,0.0,0.0,0.0,0.0,5,22.5,17.5,84,1018.2,82,9.3,-9900,-9900,0.0,0.0
2021,10,25,5,60,0.0,0.0,0.0,0.0,0.0,5,23.0,18.0,84,1017.5,71,9.3,-9900,-9900,0.0,0.0
2021,10,25,6,60,0.0,0.0,0.0,0.0,0.0,5,23.1,18.1,82,1016.8,73,11.1,-9900,-9900,0.0,0.0
2021,10,25,7,60,0.0,0.0,0.0,0.0,0.0,5,23.1,18.1,81,1016.2,74,11.1,-9900,-9900,0.0,0.0
2021,10,25,8,60,0.0,0.0,0.0,0.0,0.0,5,22.9,17.9,81,1016.2,75,11.1,-9900,-9900,0.0,0.0
2021,10,25,9,60,0.0,0.0,0.0,0.0,0.0,5,22.6,17.6,82,1016.2,76,11.1,-9900,-9900,0.0,0.0
2021,10,25,10,60,0.0,0.0,0.0,0.0,0.0,5,22.4,17.4,83,1016.1,77,11.1,-9900,-9900,0.0,0.0
2021,10,25,11,60,0.0,0.0,0.0,0.0,0.0,5,22.2,17.2,85,1016.9,87,11.1,-9900,-9900,0.0,0.0
2021,10,25,12,60,0.0,0.0,0.0,0.0,0.0,5,22.1,17.1,85,1017.3,89,11.1,-9900,-9900,0.0,0.0
2021,10,25,13,60,0.0,0.0,0.0,0.0,0.0,5,22.1,17.1,85,1017.6,91,11.1,-9900,-9900,0.0,0.0
2021,10,25,14,60,0.0,0.0,0.0,0.0,0.0,5,22.0,17.0,85,1017.5,92,11.1,-9900,-9900,0.0,0.0
2021,10,25,15,60,0.0,0.0,0.0,0.0,0.0,5,21.9,16.9,85,1017.4,94,11.1,-9900,-9900,0.0,0.0
2021,10,25,16,60,0.0,0.0,0.0,0.0,0.0,5,21.9,16.9,85,1017.3,96,11.1,-9900,-9900,0.0,0.0
2021,10,25,17,60,0.0,0.0,0.0,0.0,0.0,5,21.1,16.1,88,1017.0,100,11.1,-9900,-9900,0.0,0.0
2021,10,25,18,60,0.0,0.0,0.0,0.0,0.0,5,21.2,16.2,88,1016.6,94,11.1,-9900,-9900,0.0,0.0
2021,10,25,19,60,0.0,0.0,0.0,0.0,0.0,5,21.4,16.4,87,1016.2,89,11.1,-9900,-9900,0.0,0.0
2021,10,25,20,60,0.0,0.0,0.0,0.0,0.0,5,21.4,16.4,87,1016.1,91,11.1,-9900,-9900,0.0,0.0
2021,10,25,21,60,0.0,0.0,0.0,0.0,0.0,5,21.4,16.4,88,1016.1,94,11.1,-9900,-9900,0.0,0.0
2021,10,25,22,60,0.0,0.0,0.0,0.0,0.0,5,21.4,16.4,88,1016.0,96,9.3,-9900,-9900,0.0,0.0
2021,10,25,23,60,0.0,0.0,0.0,0.0,0.0,5,22.8,17.8,81,1016.7,103,13.0,-9900,-9900,0.0,0.0
2021,10,25,24,60,0.0,0.0,0.0,0.0,0.0,5,23.0,18.0,81,1017.1,102,13.0,-9900,-9900,0.0,0.0
2021,10,26,1,60,0.0,0.0,0.0,0.0,0.0,5,23.2,18.2,81,1017.5,100,13.0,-9900,-9900,0.0,0.0
2021,10,26,2,60,0.0,0.0,0.0,0.0,0.0,5,24.0,19.0,77,1017.3,96,14.8,-9900,-9900,0.0,0.0
2021,10,26,3,60,0.0,0.0,0.0,0.0,0.0,5,24.8,19.8,74,1017.1,93,14.8,-9900,-9900,0.0,0.0
2021,10,26,4,60,0.0,0.0,0.0,0.0,0.0,5,25.5,20.5,71,1016.9,90,14.8,-9900,-9900,0.0,0.0
2021,10,26,5,60,0.0,0.0,0.0,0.0,0.0,5,25.4,20.4,69,1016.4,89,16.7,-9900,-9900,0.0,0.0
2021,10,26,6,60,0.0,0.0,0.0,0.0,0.0,5,25.5,20.5,69,1015.8,89,16.7,-9900,-9900,0.0,0.0
2021,10,26,7,60,0.0,0.0,0.0,0.0,0.0,5,25.5,20.5,69,1015.2,88,16.7,-9900,-9900,0.0,0.0
2021,10,26,8,60,0.0,0.0,0.0,0.0,0.0,5,25.1,20.1,70,1015.4,88,14.8,-9900,-9900,0.0,0.0
2021,10,26,9,60,0.0,0.0,0.0,0.0,0.0,5,24.7,19.7,72,1015.6,87,14.8,-9900,-9900,0.0,0.0
2021,10,26,10,60,0.0,0.0,0.0,0.0,0.0,5,24.3,19.3,73,1015.7,86,13.0,-9900,-9900,0.0,0.0
2021,10,26,11,60,0.0,0.0,0.0,0.0,0.0,5,24.1,19.1,77,1016.2,95,14.8,-9900,-9900,0.0,0.0
2021,10,26,12,60,0.0,0.0,0.0,0.0,0.0,5,23.9,18.9,77,1016.8,99,13.0,-9900,-9900,0.0,0.0
2021,10,26,13,60,0.0,0.0,0.0,0.0,0.0,5,23.6,18.6,78,1017.3,104,13.0,-9900,-9900,0.0,0.0
2021,10,26,14,60,0.0,0.0,0.0,0.0,0.0,5,23.5,18.5,78,1017.4,103,11.1,-9900,-9900,0.0,0.0
2021,10,26,15,60,0.0,0.0,0.0,0.0,0.0,5,23.3,18.3,79,1017.5,102,11.1,-9900,-9900,0.0,0.0
2021,10,26,16,60,0.0,0.0,0.0,0.0,0.0,5,23.1,18.1,79,1017.6,101,9.3,-9900,-9900,0.0,0.0
2021,10,26,17,60,0.0,0.0,0.0,0.0,0.0,5,23.1,18.1,79,1017.2,98,11.1,-9900,-9900,0.0,0.0
2021,10,26,18,60,0.0,0.0,0.0,0.0,0.0,5,23.0,18.0,79,1017.0,96,11.1,-9900,-9900,0.0,0.0
2021,10,26,19,60,0.0,0.0,0.0,0.0,0.0,5,23.0,18.0,79,1016.8,93,11.1,-9900,-9900,0.0,0.0
2021,10,26,20,60,0.0,0.0,0.0,0.0,0.0,5,22.8,17.8,80,1016.9,94,11.1,-9900,-9900,0.0,0.0
2021,10,26,21,60,0.0,0.0,0.0,0.0,0.0,5,22.7,17.7,80,1017.1,95,9.3,-9900,-9900,0.0,0.0
2021,10,26,22,60,0.0,0.0,0.0,0.0,0.0,5,22.6,17.6,80,1017.2,96,9.3,-9900,-9900,0.0,0.0
2021,10,26,23,60,0.0,0.0,0.0,0.0,0.0,5,22.9,17.9,79,1017.8,94,9.3,-9900,-9900,0.0,0.0
2021,10,26,24,60,0.0,0.0,0.0,0.0,0.0,5,23.1,18.1,78,1018.3,92,9.3,-9900,-9900,0.0,0.0
2021,10,27,1,60,0.0,0.0,0.0,0.0,0.0,5,23.3,18.3,77,1018.9,90,9.3,-9900,-9900,0.0,0.0
2021,10,27,2,60,0.0,0.0,0.0,0.0,0.0,5,24.1,19.1,74,1018.8,88,11.1,-9900,-9900,0.0,0.0
2021,10,27,3,60,0.0,0.0,0.0,0.0,0.0,5,24.9,19.9,71,1018.7,86,13.0,-9900,-9900,0.0,0.0
2021,10,27,4,60,0.0,0.0,0.0,0.0,0.0,5,25.6,20.6,68,1018.5,85,14.8,-9900,-9900,0.0,0.0
2021,10,27,5,60,0.0,0.0,0.0,0.0,0.0,5,25.2,20.2,69,1018.0,83,16.7,-9900,-9900,0.0,0.0
2021,10,27,6,60,0.0,0.0,0.0,0.0,0.0,5,25.1,20.1,69,1017.5,84,16.7,-9900,-9900,0.0,0.0
2021,10,27,7,60,0.0,0.0,0.0,0.0,0.0,5,25.0,20.0,69,1016.9,84,16.7,-9900,-9900,0.0,0.0
2021,10,27,8,60,0.0,0.0,0.0,0.0,0.0,5,24.6,19.6,70,1017.1,82,14.8,-9900,-9900,0.0,0.0
2021,10,27,9,60,0.0,0.0,0.0,0.0,0.0,5,24.2,19.2,71,1017.4,79,14.8,-9900,-9900,0.0,0.0
2021,10,27,10,60,0.0,0.0,0.0,0.0,0.0,5,23.8,18.8,72,1017.6,77,13.0,-9900,-9900,0.0,0.0
2021,10,27,11,60,0.0,0.0,0.0,0.0,0.0,5,23.5,18.5,72,1018.5,88,14.8,-9900,-9900,0.0,0.0
2021,10,27,12,60,0.0,0.0,0.0,0.0,0.0,5,23.2,18.2,74,1018.9,90,14.8,-9900,-9900,0.0,0.0
2021,10,27,13,60,0.0,0.0,0.0,0.0,0.0,5,23.0,18.0,74,1019.3,93,14.8,-9900,-9900,0.0,0.0
2021,10,27,14,60,0.0,0.0,0.0,0.0,0.0,5,23.0,18.0,74,1019.2,95,13.0,-9900,-9900,0.0,0.0
2021,10,27,15,60,0.0,0.0,0.0,0.0,0.0,5,22.9,17.9,74,1019.2,97,11.1,-9900,-9900,0.0,0.0
2021,10,27,16,60,0.0,0.0,0.0,0.0,0.0,5,22.9,17.9,73,1019.2,100,9.3,-9900,-9900,0.0,0.0
2021,10,27,17,60,0.0,0.0,0.0,0.0,0.0,5,23.0,18.0,72,1018.7,102,11.1,-9900,-9900,0.0,0.0
2021,10,27,18,60,0.0,0.0,0.0,0.0,0.0,5,22.9,17.9,72,1018.5,100,11.1,-9900,-9900,0.0,0.0
2021,10,27,19,60,0.0,0.0,0.0,0.0,0.0,5,22.8,17.8,73,1018.4,98,11.1,-9900,-9900,0.0,0.0
2021,10,27,20,60,0.0,0.0,0.0,0.0,0.0,5,22.6,17.6,74,1018.5,99,11.1,-9900,-9900,0.0,0.0
2021,10,27,21,60,0.0,0.0,0.0,0.0,0.0,5,22.4,17.4,75,1018.6,100,9.3,-9900,-9900,0.0,0.0
2021,10,27,22,60,0.0,0.0,0.0,0.0,0.0,5,22.3,17.3,76,1018.8,101,9.3,-9900,-9900,0.0,0.0
2021,10,27,23,60,0.0,0.0,0.0,0.0,0.0,5,22.8,17.8,70,1019.6,107,11.1,-9900,-9900,0.0,0.0
2021,10,27,24,60,0.0,0.0,0.0,0.0,0.0,5,23.0,18.0,70,1020.2,105,11.1,-9900,-9900,0.0,0.0
2021,10,28,1,60,0.0,0.0,0.0,0.0,0.0,5,23.3,18.3,70,1020.8,103,11.1,-9900,-9900,0.0,0.0
2021,10,28,2,60,0.0,0.0,0.0,0.0,0.0,5,23.8,18.8,68,1020.5,95,11.1,-9900,-9900,0.0,0.0
2021,10,28,3,60,0.0,0.0,0.0,0.0,0.0,5,24.4,19.4,66,1020.3,89,13.0,-9900,-9900,0.0,0.0
2021,10,28,4,60,0.0,0.0,0.0,0.0,0.0,5,24.9,19.9,65,1020.0,83,14.8,-9900,-9900,0.0,0.0
2021,10,28,5,60,0.0,0.0,0.0,0.0,0.0,5,25.2,20.2,60,1019.8,82,14.8,-9900,-9900,0.0,0.0
2021,10,28,6,60,0.0,0.0,0.0,0.0,0.0,5,25.1,20.1,60,1019.0,80,14.8,-9900,-9900,0.0,0.0
2021,10,28,7,60,0.0,0.0,0.0,0.0,0.0,5,25.0,20.0,61,1018.3,78,14.8,-9900,-9900,0.0,0.0
2021,10,28,8,60,0.0,0.0,0.0,0.0,0.0,5,24.5,19.5,63,1018.4,78,14.8,-9900,-9900,0.0,0.0
2021,10,28,9,60,0.0,0.0,0.0,0.0,0.0,5,24.0,19.0,65,1018.5,79,13.0,-9900,-9900,0.0,0.0
2021,10,28,10,60,0.0,0.0,0.0,0.0,0.0,5,23.5,18.5,67,1018.6,80,13.0,-9900,-9900,0.0,0.0
2021,10,28,11,60,0.0,0.0,0.0,0.0,0.0,5,23.6,18.6,67,1019.3,57,14.8,-9900,-9900,0.0,0.0
2021,10,28,12,60,0.0,0.0,0.0,0.0,0.0,5,23.3,18.3,69,1019.8,64,13.0,-9900,-9900,0.0,0.0
2021,10,28,13,60,0.0,0.0,0.0,0.0,0.0,5,23.0,18.0,70,1020.4,76,11.1,-9900,-9900,0.0,0.0
2021,10,28,14,60,0.0,0.0,0.0,0.0,0.0,5,22.9,17.9,70,1020.4,80,11.1,-9900,-9900,0.0,0.0
2021,10,28,15,60,0.0,0.0,0.0,0.0,0.0,5,22.7,17.7,71,1020.4,85,9.3,-9900,-9900,0.0,0.0
2021,10,28,16,60,0.0,0.0,0.0,0.0,0.0,5,22.6,17.6,71,1020.4,91,7.4,-9900,-9900,0.0,0.0
2021,10,28,17,60,0.0,0.0,0.0,0.0,0.0,5,22.5,17.5,64,1020.1,95,9.3,-9900,-9900,0.0,0.0
2021,10,28,18,60,0.0,0.0,0.0,0.0,0.0,5,22.3,17.3,65,1019.9,90,9.3,-9900,-9900,0.0,0.0
2021,10,28,19,60,0.0,0.0,0.0,0.0,0.0,5,22.1,17.1,66,1019.6,84,7.4,-9900,-9900,0.0,0.0
2021,10,28,20,60,0.0,0.0,0.0,0.0,0.0,5,21.8,16.8,68,1019.7,87,7.4,-9900,-9900,0.0,0.0
2021,10,28,21,60,0.0,0.0,0.0,0.0,0.0,5,21.5,16.5,71,1019.7,92,7.4,-9900,-9900,0.0,0.0
2021,10,28,22,60,0.0,0.0,0.0,0.0,0.0,5,21.4,16.4,72,1019.7,97,5.5,-9900,-9900,0.0,0.0
2021,10,28,23,60,0.0,0.0,0.0,0.0,0.0,5,21.6,16.6,74,1020.0,105,7.4,-9900,-9900,0.0,0.0
2021,10,28,24,60,0.0,0.0,0.0,0.0,0.0,5,22.0,17.0,72,1020.5,99,9.3,-9900,-9900,0.0,0.0
2021,10,29,1,60,0.0,0.0,0.0,0.0,0.0,5,22.4,17.4,71,1021.0,94,9.3,-9900,-9900,0.0,0.0
2021,10,29,2,60,0.0,0.0,0.0,0.0,0.0,5,23.2,18.2,68,1020.7,87,9.3,-9900,-9900,0.0,0.0
2021,10,29,3,60,0.0,0.0,0.0,0.0,0.0,5,24.0,19.0,65,1020.4,82,11.1,-9900,-9900,0.0,0.0
2021,10,29,4,60,0.0,0.0,0.0,0.0,0.0,5,24.8,19.8,62,1020.0,78,13.0,-9900,-9900,0.0,0.0
2021,10,29,5,60,0.0,0.0,0.0,0.0,0.0,5,24.4,19.4,63,1019.6,82,13.0,-9900,-9900,0.0,0.0
2021,10,29,6,60,0.0,0.0,0.0,0.0,0.0,5,24.5,19.5,63,1018.8,78,13.0,-9900,-9900,0.0,0.0
2021,10,29,7,60,0.0,0.0,0.0,0.0,0.0,5,24.5,19.5,63,1018.1,74,13.0,-9900,-9900,0.0,0.0
2021,10,29,8,60,0.0,0.0,0.0,0.0,0.0,5,24.0,19.0,65,1018.3,77,13.0,-9900,-9900,0.0,0.0
2021,10,29,9,60,0.0,0.0,0.0,0.0,0.0,5,23.5,18.5,67,1018.5,80,11.1,-9900,-9900,0.0,0.0
2021,10,29,10,60,0.0,0.0,0.0,0.0,0.0,5,23.0,18.0,69,1018.7,83,11.1,-9900,-9900,0.0,0.0
2021,10,29,11,60,0.0,0.0,0.0,0.0,0.0,5,22.8,17.8,69,1019.0,88,9.3,-9900,-9900,0.0,0.0
2021,10,29,12,60,0.0,0.0,0.0,0.0,0.0,5,22.5,17.5,71,1019.4,95,9.3,-9900,-9900,0.0,0.0
2021,10,29,13,60,0.0,0.0,0.0,0.0,0.0,5,22.3,17.3,72,1019.7,103,7.4,-9900,-9900,0.0,0.0
2021,10,29,14,60,0.0,0.0,0.0,0.0,0.0,5,22.2,17.2,72,1019.6,111,7.4,-9900,-9900,0.0,0.0
2021,10,29,15,60,0.0,0.0,0.0,0.0,0.0,5,22.2,17.2,72,1019.5,120,7.4,-9900,-9900,0.0,0.0
2021,10,29,16,60,0.0,0.0,0.0,0.0,0.0,5,22.1,17.1,72,1019.4,130,7.4,-9900,-9900,0.0,0.0
2021,10,29,17,60,0.0,0.0,0.0,0.0,0.0,5,21.7,16.7,71,1019.1,126,7.4,-9900,-9900,0.0,0.0
2021,10,29,18,60,0.0,0.0,0.0,0.0,0.0,5,21.5,16.5,72,1018.8,124,5.5,-9900,-9900,0.0,0.0
2021,10,29,19,60,0.0,0.0,0.0,0.0,0.0,5,21.3,16.3,73,1018.6,123,5.5,-9900,-9900,0.0,0.0
2021,10,29,20,60,0.0,0.0,0.0,0.0,0.0,5,21.0,16.0,76,1018.6,129,5.5,-9900,-9900,0.0,0.0
2021,10,29,21,60,0.0,0.0,0.0,0.0,0.0,5,20.8,15.8,77,1018.6,135,5.5,-9900,-9900,0.0,0.0
2021,10,29,22,60,0.0,0.0,0.0,0.0,0.0,5,20.7,15.7,78,1018.6,142,5.5,-9900,-9900,0.0,0.0
2021,10,29,23,60,0.0,0.0,0.0,0.0,0.0,5,22.1,17.1,78,1019.4,124,5.5,-9900,-9900,0.0,0.0
2021,10,29,24,60,0.0,0.0,0.0,0.0,0.0,5,22.3,17.3,77,1019.9,121,5.5,-9900,-9900,0.0,0.0
2021,10,30,1,60,0.0,0.0,0.0,0.0,0.0,5,22.5,17.5,76,1020.5,118,5.5,-9900,-9900,0.0,0.0
2021,10,30,2,60,0.0,0.0,0.0,0.0,0.0,5,23.2,18.2,72,1020.3,102,7.4,-9900,-9900,0.0,0.0
2021,10,30,3,60,0.0,0.0,0.0,0.0,0.0,5,23.9,18.9,69,1020.1,90,9.3,-9900,-9900,0.0,0.0
2021,10,30,4,60,0.0,0.0,0.0,0.0,0.0,5,24.5,19.5,66,1020.0,80,11.1,-9900,-9900,0.0,0.0
2021,10,30,5,60,0.0,0.0,0.0,0.0,0.0,5,23.6,18.6,75,1019.9,79,9.3,-9900,-9900,0.0,0.0
2021,10,30,6,60,0.0,0.0,0.0,0.0,0.0,5,23.5,18.5,75,1019.3,77,11.1,-9900,-9900,0.0,0.0
2021,10,30,7,60,0.0,0.0,0.0,0.0,0.0,5,23.5,18.5,74,1018.7,76,11.1,-9900,-9900,0.0,0.0
2021,10,30,8,60,0.0,0.0,0.0,0.0,0.0,5,23.2,18.2,74,1018.9,80,11.1,-9900,-9900,0.0,0.0
2021,10,30,9,60,0.0,0.0,0.0,0.0,0.0,5,23.0,18.0,74,1019.1,85,11.1,-9900,-9900,0.0,0.0
2021,10,30,10,60,0.0,0.0,0.0,0.0,0.0,5,22.7,17.7,74,1019.3,89,11.1,-9900,-9900,0.0,0.0
2021,10,30,11,60,0.0,0.0,0.0,0.0,0.0,5,22.1,17.1,79,1020.1,109,9.3,-9900,-9900,0.0,0.0
2021,10,30,12,60,0.0,0.0,0.0,0.0,0.0,5,21.9,16.9,80,1020.6,109,9.3,-9900,-9900,0.0,0.0
2021,10,30,13,60,0.0,0.0,0.0,0.0,0.0,5,21.8,16.8,80,1021.0,108,7.4,-9900,-9900,0.0,0.0
2021,10,30,14,60,0.0,0.0,0.0,0.0,0.0,5,21.8,16.8,80,1021.0,112,7.4,-9900,-9900,0.0,0.0
2021,10,30,15,60,0.0,0.0,0.0,0.0,0.0,5,21.8,16.8,80,1020.9,115,7.4,-9900,-9900,0.0,0.0
2021,10,30,16,60,0.0,0.0,0.0,0.0,0.0,5,21.8,16.8,80,1020.8,120,5.5,-9900,-9900,0.0,0.0
2021,10,30,17,60,0.0,0.0,0.0,0.0,0.0,5,22.3,17.3,78,1020.7,101,7.4,-9900,-9900,0.0,0.0
2021,10,30,18,60,0.0,0.0,0.0,0.0,0.0,5,22.1,17.1,79,1020.3,99,7.4,-9900,-9900,0.0,0.0
2021,10,30,19,60,0.0,0.0,0.0,0.0,0.0,5,21.9,16.9,80,1020.0,97,7.4,-9900,-9900,0.0,0.0
2021,10,30,20,60,0.0,0.0,0.0,0.0,0.0,5,21.7,16.7,80,1020.0,102,7.4,-9900,-9900,0.0,0.0
2021,10,30,21,60,0.0,0.0,0.0,0.0,0.0,5,21.4,16.4,81,1020.0,108,5.5,-9900,-9900,0.0,0.0
2021,10,30,22,60,0.0,0.0,0.0,0.0,0.0,5,21.2,16.2,82,1020.0,115,5.5,-9900,-9900,0.0,0.0
2021,10,30,23,60,0.0,0.0,0.0,0.0,0.0,5,22.2,17.2,77,1020.5,110,9.3,-9900,-9900,0.0,0.0
2021,10,30,24,60,0.0,0.0,0.0,0.0,0.0,5,22.5,17.5,76,1021.0,105,9.3,-9900,-9900,0.0,0.0
2021,10,31,1,60,0.0,0.0,0.0,0.0,0.0,5,22.8,17.8,76,1021.5,101,9.3,-9900,-9900,0.0,0.0
2021,10,31,2,60,0.0,0.0,0.0,0.0,0.0,5,23.4,18.4,74,1021.1,96,9.3,-9900,-9900,0.0,0.0
2021,10,31,3,60,0.0,0.0,0.0,0.0,0.0,5,23.9,18.9,73,1020.8,91,11.1,-9900,-9900,0.0,0.0
2021,10,31,4,60,0.0,0.0,0.0,0.0,0.0,5,24.5,19.5,71,1020.5,87,11.1,-9900,-9900,0.0,0.0
2021,10,31,5,60,0.0,0.0,0.0,0.0,0.0,5,24.7,19.7,73,1019.3,83,13.0,-9900,-9900,0.0,0.0
2021,10,31,6,60,0.0,0.0,0.0,0.0,0.0,5,24.7,19.7,72,1018.7,82,13.0,-9900,-9900,0.0,0.0
2021,10,31,7,60,0.0,0.0,0.0,0.0,0.0,5,24.7,19.7,71,1018.0,81,13.0,-9900,-9900,0.0,0.0
2021,10,31,8,60,0.0,0.0,0.0,0.0,0.0,5,24.3,19.3,72,1018.3,83,13.0,-9900,-9900,0.0,0.0
2021,10,31,9,60,0.0,0.0,0.0,0.0,0.0,5,23.8,18.8,75,1018.6,86,11.1,-9900,-9900,0.0,0.0
2021,10,31,10,60,0.0,0.0,0.0,0.0,0.0,5,23.4,18.4,76,1018.9,88,11.1,-9900,-9900,0.0,0.0
2021,10,31,11,60,0.0,0.0,0.0,0.0,0.0,5,23.4,18.4,79,1019.2,89,13.0,-9900,-9900,0.0,0.0
2021,10,31,12,60,0.0,0.0,0.0,0.0,0.0,5,23.2,18.2,80,1019.8,91,13.0,-9900,-9900,0.0,0.0
2021,10,31,13,60,0.0,0.0,0.0,0.0,0.0,5,23.1,18.1,81,1020.3,94,13.0,-9900,-9900,0.0,0.0
2021,10,31,14,60,0.0,0.0,0.0,0.0,0.0,5,23.1,18.1,80,1020.3,97,11.1,-9900,-9900,0.0,0.0
2021,10,31,15,60,0.0,0.0,0.0,0.0,0.0,5,23.1,18.1,80,1020.3,100,9.3,-9900,-9900,0.0,0.0
2021,10,31,16,60,0.0,0.0,0.0,0.0,0.0,5,23.1,18.1,79,1020.4,103,9.3,-9900,-9900,0.0,0.0
2021,10,31,17,60,0.0,0.0,0.0,0.0,0.0,5,22.8,17.8,83,1020.3,100,9.3,-9900,-9900,0.0,0.0
2021,10,31,18,60,0.0,0.0,0.0,0.0,0.0,5,22.8,17.8,82,1019.9,97,9.3,-9900,-9900,0.0,0.0
2021,10,31,19,60,0.0,0.0,0.0,0.0,0.0,5,22.7,17.7,82,1019.5,94,9.3,-9900,-9900,0.0,0.0
2021,10,31,20,60,0.0,0.0,0.0,0.0,0.0,5,22.5,17.5,83,1019.5,96,9.3,-9900,-9900,0.0,0.0
2021,10,31,21,60,0.0,0.0,0.0,0.0,0.0,5,22.3,17.3,83,1019.4,99,9.3,-9900,-9900,0.0,0.0
2021,10,31,22,60,0.0,0.0,0.0,0.0,0.0,5,22.2,17.2,84,1019.4,102,7.4,-9900,-9900,0.0,0.0
2021,10,31,23,60,0.0,0.0,0.0,0.0,0.0,5,22.4,17.4,83,1019.9,96,9.3,-9900,-9900,0.0,0.0
2021,10,31,24,60,0.0,0.0,0.0,0.0,0.0,5,22.7,17.7,81,1020.4,90,11.1,-9900,-9900,0.0,0.0
2021,11,1,1,60,0.0,0.0,0.0,0.0,0.0,5,22.9,17.9,80,1020.9,85,11.1,-9900,-9900,0.0,0.0
2021,11,1,2,60,0.0,0.0,0.0,0.0,0.0,5,23.6,18.6,77,1020.6,85,13.0,-9900,-9900,0.0,0.0
2021,11,1,3,60,0.0,0.0,0.0,0.0,0.0,5,24.2,19.2,75,1020.3,86,13.0,-9900,-9900,0.0,0.0
2021,11,1,4,60,0.0,0.0,0.0,0.0,0.0,5,24.9,19.9,72,1020.0,86,14.8,-9900,-9900,0.0,0.0
2021,11,1,5,60,0.0,0.0,0.0,0.0,0.0,5,23.7,18.7,80,1019.7,74,13.0,-9900,-9900,0.0,0.0
2021,11,1,6,60,0.0,0.0,0.0,0.0,0.0,5,23.7,18.7,78,1019.0,77,14.8,-9900,-9900,0.0,0.0
2021,11,1,7,60,0.0,0.0,0.0,0.0,0.0,5,23.6,18.6,78,1018.3,79,14.8,-9900,-9900,0.0,0.0
2021,11,1,8,60,0.0,0.0,0.0,0.0,0.0,5,23.4,18.4,77,1018.6,79,14.8,-9900,-9900,0.0,0.0
2021,11,1,9,60,0.0,0.0,0.0,0.0,0.0,5,23.2,18.2,77,1018.9,79,13.0,-9900,-9900,0.0,0.0
2021,11,1,10,60,0.0,0.0,0.0,0.0,0.0,5,23.0,18.0,76,1019.2,78,13.0,-9900,-9900,0.0,0.0
2021,11,1,11,60,0.0,0.0,0.0,0.0,0.0,5,22.7,17.7,78,1020.2,81,13.0,-9900,-9900,0.0,0.0
2021,11,1,12,60,0.0,0.0,0.0,0.0,0.0,5,22.5,17.5,79,1020.7,83,13.0,-9900,-9900,0.0,0.0
2021,11,1,13,60,0.0,0.0,0.0,0.0,0.0,5,22.3,17.3,79,1021.1,87,11.1,-9900,-9900,0.0,0.0
2021,11,1,14,60,0.0,0.0,0.0,0.0,0.0,5,22.2,17.2,79,1021.1,89,11.1,-9900,-9900,0.0,0.0
2021,11,1,15,60,0.0,0.0,0.0,0.0,0.0,5,22.0,17.0,80,1021.1,90,11.1,-9900,-9900,0.0,0.0
2021,11,1,16,60,0.0,0.0,0.0,0.0,0.0,5,21.9,16.9,80,1021.0,92,9.3,-9900,-9900,0.0,0.0
2021,11,1,17,60,0.0,0.0,0.0,0.0,0.0,5,22.3,17.3,74,1020.6,99,11.1,-9900,-9900,0.0,0.0
2021,11,1,18,60,0.0,0.0,0.0,0.0,0.0,5,22.2,17.2,75,1020.2,95,11.1,-9900,-9900,0.0,0.0
2021,11,1,19,60,0.0,0.0,0.0,0.0,0.0,5,22.1,17.1,75,1019.8,91,11.1,-9900,-9900,0.0,0.0
2021,11,1,20,60,0.0,0.0,0.0,0.0,0.0,5,22.0,17.0,76,1019.6,93,9.3,-9900,-9900,0.0,0.0
2021,11,1,21,60,0.0,0.0,0.0,0.0,0.0,5,21.8,16.8,77,1019.5,94,9.3,-9900,-9900,0.0,0.0
2021,11,1,22,60,0.0,0.0,0.0,0.0,0.0,5,21.7,16.7,78,1019.3,96,9.3,-9900,-9900,0.0,0.0
2021,11,1,23,60,0.0,0.0,0.0,0.0,0.0,5,22.6,17.6,72,1019.7,102,11.1,-9900,-9900,0.0,0.0
2021,11,1,24,60,0.0,0.0,0.0,0.0,0.0,5,22.8,17.8,72,1020.2,101,11.1,-9900,-9900,0.0,0.0
2021,11,2,1,60,0.0,0.0,0.0,0.0,0.0,5,22.9,17.9,73,1020.8,99,11.1,-9900,-9900,0.0,0.0
2021,11,2,2,60,0.0,0.0,0.0,0.0,0.0,5,23.6,18.6,70,1020.4,94,11.1,-9900,-9900,0.0,0.0
2021,11,2,3,60,0.0,0.0,0.0,0.0,0.0,5,24.3,19.3,68,1020.1,89,13.0,-9900,-9900,0.0,0.0
2021,11,2,4,60,0.0,0.0,0.0,0.0,0.0,5,25.1,20.1,66,1019.8,85,13.0,-9900,-9900,0.0,0.0
2021,11,2,5,60,0.0,0.0,0.0,0.0,0.0,5,24.3,19.3,73,1019.5,86,14.8,-9900,-9900,0.0,0.0
2021,11,2,6,60,0.0,0.0,0.0,0.0,0.0,5,24.3,19.3,72,1018.8,84,13.0,-9900,-9900,0.0,0.0
2021,11,2,7,60,0.0,0.0,0.0,0.0,0.0,5,24.3,19.3,71,1018.0,82,13.0,-9900,-9900,0.0,0.0
2021,11,2,8,60,0.0,0.0,0.0,0.0,0.0,5,24.0,19.0,72,1018.0,82,13.0,-9900,-9900,0.0,0.0
2021,11,2,9,60,0.0,0.0,0.0,0.0,0.0,5,23.7,18.7,72,1018.0,83,13.0,-9900,-9900,0.0,0.0
2021,11,2,10,60,0.0,0.0,0.0,0.0,0.0,5,23.4,18.4,73,1018.1,84,13.0,-9900,-9900,0.0,0.0
2021,11,2,11,60,0.0,0.0,0.0,0.0,0.0,5,22.9,17.9,77,1018.7,91,13.0,-9900,-9900,0.0,0.0
2021,11,2,12,60,0.0,0.0,0.0,0.0,0.0,5,22.8,17.8,78,1019.1,95,13.0,-9900,-9900,0.0,0.0
2021,11,2,13,60,0.0,0.0,0.0,0.0,0.0,5,22.6,17.6,79,1019.4,99,11.1,-9900,-9900,0.0,0.0
2021,11,2,14,60,0.0,0.0,0.0,0.0,0.0,5,22.5,17.5,79,1019.3,99,11.1,-9900,-9900,0.0,0.0
2021,11,2,15,60,0.0,0.0,0.0,0.0,0.0,5,22.4,17.4,79,1019.3,98,11.1,-9900,-9900,0.0,0.0
2021,11,2,16,60,0.0,0.0,0.0,0.0,0.0,5,22.3,17.3,79,1019.2,98,11.1,-9900,-9900,0.0,0.0
2021,11,2,17,60,0.0,0.0,0.0,0.0,0.0,5,22.9,17.9,76,1018.8,90,13.0,-9900,-9900,0.0,0.0
2021,11,2,18,60,0.0,0.0,0.0,0.0,0.0,5,22.8,17.8,76,1018.4,90,11.1,-9900,-9900,0.0,0.0
2021,11,2,19,60,0.0,0.0,0.0,0.0,0.0,5,22.7,17.7,77,1017.9,90,11.1,-9900,-9900,0.0,0.0
2021,11,2,20,60,0.0,0.0,0.0,0.0,0.0,5,22.5,17.5,78,1017.8,93,11.1,-9900,-9900,0.0,0.0
2021,11,2,21,60,0.0,0.0,0.0,0.0,0.0,5,22.2,17.2,80,1017.7,97,9.3,-9900,-9900,0.0,0.0
2021,11,2,22,60,0.0,0.0,0.0,0.0,0.0,5,22.1,17.1,80,1017.5,101,9.3,-9900,-9900,0.0,0.0
2021,11,2,23,60,0.0,0.0,0.0,0.0,0.0,5,22.5,17.5,79,1018.2,97,11.1,-9900,-9900,0.0,0.0
2021,11,2,24,60,0.0,0.0,0.0,0.0,0.0,5,22.8,17.8,79,1018.7,93,11.1,-9900,-9900,0.0,0.0
2021,11,3,1,60,0.0,0.0,0.0,0.0,0.0,5,23.0,18.0,78,1019.1,89,11.1,-9900,-9900,0.0,0.0
2021,11,3,2,60,0.0,0.0,0.0,0.0,0.0,5,23.5,18.5,77,1018.8,90,11.1,-9900,-9900,0.0,0.0
2021,11,3,3,60,0.0,0.0,0.0,0.0,0.0,5,24.0,19.0,75,1018.4,90,13.0,-9900,-9900,0.0,0.0
2021,11,3,4,60,0.0,0.0,0.0,0.0,0.0,5,24.5,19.5,74,1018.1,90,13.0,-9900,-9900,0.0,0.0
2021,11,3,5,60,0.0,0.0,0.0,0.0,0.0,5,24.5,19.5,72,1017.4,91,13.0,-9900,-9900,0.0,0.0
2021,11,3,6,60,0.0,0.0,0.0,0.0,0.0,5,24.5,19.5,72,1016.8,92,14.8,-9900,-9900,0.0,0.0
2021,11,3,7,60,0.0,0.0,0.0,0.0,0.0,5,24.4,19.4,71,1016.2,93,14.8,-9900,-9900,0.0,0.0
2021,11,3,8,60,0.0,0.0,0.0,0.0,0.0,5,24.0,19.0,72,1016.2,92,13.0,-9900,-9900,0.0,0.0
2021,11,3,9,60,0.0,0.0,0.0,0.0,0.0,5,23.6,18.6,74,1016.3,92,13.0,-9900,-9900,0.0,0.0
2021,11,3,10,60,0.0,0.0,0.0,0.0,0.0,5,23.2,18.2,75,1016.4,91,13.0,-9900,-9900,0.0,0.0
2021,11,3,11,60,0.0,0.0,0.0,0.0,0.0,5,22.8,17.8,80,1017.2,87,16.7,-9900,-9900,0.0,0.0
2021,11,3,12,60,0.0,0.0,0.0,0.0,0.0,5,22.7,17.7,80,1017.5,87,16.7,-9900,-9900,0.0,0.0
2021,11,3,13,60,0.0,0.0,0.0,0.0,0.0,5,22.6,17.6,80,1017.8,88,14.8,-9900,-9900,0.0,0.0
2021,11,3,14,60,0.0,0.0,0.0,0.0,0.0,5,22.6,17.6,80,1017.6,86,14.8,-9900,-9900,0.0,0.0
2021,11,3,15,60,0.0,0.0,0.0,0.0,0.0,5,22.7,17.7,79,1017.5,85,13.0,-9900,-9900,0.0,0.0
2021,11,3,16,60,0.0,0.0,0.0,0.0,0.0,5,22.7,17.7,79,1017.3,83,13.0,-9900,-9900,0.0,0.0
2021,11,3,17,60,0.0,0.0,0.0,0.0,0.0,5,22.0,17.0,83,1017.0,89,13.0,-9900,-9900,0.0,0.0
2021,11,3,18,60,0.0,0.0,0.0,0.0,0.0,5,22.0,17.0,83,1016.6,86,13.0,-9900,-9900,0.0,0.0
2021,11,3,19,60,0.0,0.0,0.0,0.0,0.0,5,22.1,17.1,82,1016.2,82,13.0,-9900,-9900,0.0,0.0
2021,11,3,20,60,0.0,0.0,0.0,0.0,0.0,5,22.0,17.0,83,1016.1,84,13.0,-9900,-9900,0.0,0.0
2021,11,3,21,60,0.0,0.0,0.0,0.0,0.0,5,22.0,17.0,84,1015.9,86,11.1,-9900,-9900,0.0,0.0
2021,11,3,22,60,0.0,0.0,0.0,0.0,0.0,5,22.0,17.0,84,1015.7,89,11.1,-9900,-9900,0.0,0.0
2021,11,3,23,60,0.0,0.0,0.0,0.0,0.0,5,22.9,17.9,80,1016.5,94,11.1,-9900,-9900,0.0,0.0
2021,11,3,24,60,0.0,0.0,0.0,0.0,0.0,5,23.1,18.1,80,1016.9,90,11.1,-9900,-9900,0.0,0.0
2021,11,4,1,60,0.0,0.0,0.0,0.0,0.0,5,23.4,18.4,79,1017.3,87,13.0,-9900,-9900,0.0,0.0
2021,11,4,2,60,0.0,0.0,0.0,0.0,0.0,5,24.2,19.2,77,1017.0,89,13.0,-9900,-9900,0.0,0.0
2021,11,4,3,60,0.0,0.0,0.0,0.0,0.0,5,25.0,20.0,74,1016.7,91,13.0,-9900,-9900,0.0,0.0
2021,11,4,4,60,0.0,0.0,0.0,0.0,0.0,5,25.8,20.8,72,1016.4,93,13.0,-9900,-9900,0.0,0.0
2021,11,4,5,60,0.0,0.0,0.0,0.0,0.0,5,25.1,20.1,72,1015.5,94,14.8,-9900,-9900,0.0,0.0
2021,11,4,6,60,0.0,0.0,0.0,0.0,0.0,5,25.3,20.3,71,1014.9,95,14.8,-9900,-9900,0.0,0.0
2021,11,4,7,60,0.0,0.0,0.0,0.0,0.0,5,25.5,20.5,70,1014.2,96,13.0,-9900,-9900,0.0,0.0
2021,11,4,8,60,0.0,0.0,0.0,0.0,0.0,5,25.1,20.1,72,1014.3,96,13.0,-9900,-9900,0.0,0.0
2021,11,4,9,60,0.0,0.0,0.0,0.0,0.0,5,24.7,19.7,74,1014.4,96,13.0,-9900,-9900,0.0,0.0
2021,11,4,10,60,0.0,0.0,0.0,0.0,0.0,5,24.3,19.3,76,1014.5,97,13.0,-9900,-9900,0.0,0.0
2021,11,4,11,60,0.0,0.0,0.0,0.0,0.0,5,23.6,18.6,79,1015.2,97,13.0,-9900,-9900,0.0,0.0
2021,11,4,12,60,0.0,0.0,0.0,0.0,0.0,5,23.5,18.5,78,1015.4,95,13.0,-9900,-9900,0.0,0.0
2021,11,4,13,60,0.0,0.0,0.0,0.0,0.0,5,23.4,18.4,78,1015.6,93,13.0,-9900,-9900,0.0,0.0
2021,11,4,14,60,0.0,0.0,0.0,0.0,0.0,5,23.5,18.5,78,1015.4,91,13.0,-9900,-9900,0.0,0.0
2021,11,4,15,60,0.0,0.0,0.0,0.0,0.0,5,23.6,18.6,78,1015.3,88,11.1,-9900,-9900,0.0,0.0
2021,11,4,16,60,0.0,0.0,0.0,0.0,0.0,5,23.7,18.7,78,1015.2,85,11.1,-9900,-9900,0.0,0.0
2021,11,4,17,60,0.0,0.0,0.0,0.0,0.0,5,23.4,18.4,82,1014.3,83,11.1,-9900,-9900,0.0,0.0
2021,11,4,18,60,0.0,0.0,0.0,0.0,0.0,5,23.2,18.2,83,1014.1,90,9.3,-9900,-9900,0.0,0.0
2021,11,4,19,60,0.0,0.0,0.0,0.0,0.0,5,23.1,18.1,83,1013.8,102,7.4,-9900,-9900,0.0,0.0
2021,11,4,20,60,0.0,0.0,0.0,0.0,0.0,5,22.9,17.9,83,1013.6,116,7.4,-9900,-9900,0.0,0.0
2021,11,4,21,60,0.0,0.0,0.0,0.0,0.0,5,22.8,17.8,82,1013.5,138,5.5,-9900,-9900,0.0,0.0
2021,11,4,22,60,0.0,0.0,0.0,0.0,0.0,5,22.6,17.6,83,1013.4,163,5.5,-9900,-9900,0.0,0.0
2021,11,4,23,60,0.0,0.0,0.0,0.0,0.0,5,23.0,18.0,83,1014.2,113,3.7,-9900,-9900,0.0,0.0
2021,11,4,24,60,0.0,0.0,0.0,0.0,0.0,5,23.5,18.5,81,1014.7,202,3.7,-9900,-9900,0.0,0.0
2021,11,5,1,60,0.0,0.0,0.0,0.0,0.0,5,24.1,19.1,79,1015.1,218,3.7,-9900,-9900,0.0,0.0
2021,11,5,2,60,0.0,0.0,0.0,0.0,0.0,5,25.7,20.7,74,1014.6,233,3.7,-9900,-9900,0.0,0.0
2021,11,5,3,60,0.0,0.0,0.0,0.0,0.0,5,27.3,22.3,69,1014.2,241,5.5,-9900,-9900,0.0,0.0
2021,11,5,4,60,0.0,0.0,0.0,0.0,0.0,5,28.8,23.8,64,1013.7,246,5.5,-9900,-9900,0.0,0.0
2021,11,5,5,60,0.0,0.0,0.0,0.0,0.0,5,28.8,23.8,64,1012.3,259,5.5,-9900,-9900,0.0,0.0
2021,11,5,6,60,0.0,0.0,0.0,0.0,0.0,5,28.9,23.9,65,1011.5,266,5.5,-9900,-9900,0.0,0.0
2021,11,5,7,60,0.0,0.0,0.0,0.0,0.0,5,29.1,24.1,66,1010.6,276,5.5,-9900,-9900,0.0,0.0
2021,11,5,8,60,0.0,0.0,0.0,0.0,0.0,5,28.3,23.3,68,1010.6,267,5.5,-9900,-9900,0.0,0.0
2021,11,5,9,60,0.0,0.0,0.0,0.0,0.0,5,27.5,22.5,69,1010.6,252,3.7,-9900,-9900,0.0,0.0
2021,11,5,10,60,0.0,0.0,0.0,0.0,0.0,5,26.7,21.7,71,1010.7,227,3.7,-9900,-9900,0.0,0.0
2021,11,5,11,60,0.0,0.0,0.0,0.0,0.0,5,26.2,21.2,75,1011.4,117,5.5,-9900,-9900,0.0,0.0
2021,11,5,12,60,0.0,0.0,0.0,0.0,0.0,5,25.8,20.8,77,1011.6,157,3.7,-9900,-9900,0.0,0.0
2021,11,5,13,60,0.0,0.0,0.0,0.0,0.0,5,25.3,20.3,79,1011.8,188,3.7,-9900,-9900,0.0,0.0
2021,11,5,14,60,0.0,0.0,0.0,0.0,0.0,5,25.1,20.1,80,1011.7,193,5.5,-9900,-9900,0.0,0.0
2021,11,5,15,60,0.0,0.0,0.0,0.0,0.0,5,24.8,19.8,81,1011.6,195,5.5,-9900,-9900,0.0,0.0
2021,11,5,16,60,0.0,0.0,0.0,0.0,0.0,5,24.6,19.6,81,1011.5,197,5.5,-9900,-9900,0.0,0.0
2021,11,5,17,60,0.0,0.0,0.0,0.0,0.0,5,24.4,19.4,82,1011.2,195,5.5,-9900,-9900,0.0,0.0
2021,11,5,18,60,0.0,0.0,0.0,0.0,0.0,5,24.1,19.1,83,1010.8,194,5.5,-9900,-9900,0.0,0.0
2021,11,5,19,60,0.0,0.0,0.0,0.0,0.0,5,23.9,18.9,83,1010.5,193,3.7,-9900,-9900,0.0,0.0
2021,11,5,20,60,0.0,0.0,0.0,0.0,0.0,5,23.7,18.7,83,1010.4,198,5.5,-9900,-9900,0.0,0.0
2021,11,5,21,60,0.0,0.0,0.0,0.0,0.0,5,23.5,18.5,84,1010.3,204,5.5,-9900,-9900,0.0,0.0
2021,11,5,22,60,0.0,0.0,0.0,0.0,0.0,5,23.3,18.3,84,1010.2,210,5.5,-9900,-9900,0.0,0.0
2021,11,5,23,60,0.0,0.0,0.0,0.0,0.0,5,24.2,19.2,81,1010.5,201,5.5,-9900,-9900,0.0,0.0
2021,11,5,24,60,0.0,0.0,0.0,0.0,0.0,5,24.5,19.5,80,1011.0,206,5.5,-9900,-9900,0.0,0.0
2021,11,6,1,60,0.0,0.0,0.0,0.0,0.0,5,24.8,19.8,79,1011.5,210,5.5,-9900,-9900,0.0,0.0
2021,11,6,2,60,0.0,0.0,0.0,0.0,0.0,5,26.0,21.0,76,1011.3,224,5.5,-9900,-9900,0.0,0.0
2021,11,6,3,60,0.0,0.0,0.0,0.0,0.0,5,27.2,22.2,72,1011.0,240,3.7,-9900,-9900,0.0,0.0
2021,11,6,4,60,0.0,0.0,0.0,0.0,0.0,5,28.4,23.4,69,1010.8,257,3.7,-9900,-9900,0.0,0.0
2021,11,6,5,60,0.0,0.0,0.0,0.0,0.0,5,28.2,23.2,71,1009.9,279,5.5,-9900,-9900,0.0,0.0
2021,11,6,6,60,0.0,0.0,0.0,0.0,0.0,5,28.4,23.4,70,1009.3,295,5.5,-9900,-9900,0.0,0.0
2021,11,6,7,60,0.0,0.0,0.0,0.0,0.0,5,28.7,23.7,70,1008.8,307,5.5,-9900,-9900,0.0,0.0
2021,11,6,8,60,0.0,0.0,0.0,0.0,0.0,5,27.9,22.9,72,1009.2,334,5.5,-9900,-9900,0.0,0.0
2021,11,6,9,60,0.0,0.0,0.0,0.0,0.0,5,27.1,22.1,74,1009.5,12,5.5,-9900,-9900,0.0,0.0
2021,11,6,10,60,0.0,0.0,0.0,0.0,0.0,5,26.3,21.3,76,1009.9,39,7.4,-9900,-9900,0.0,0.0
2021,11,6,11,60,0.0,0.0,0.0,0.0,0.0,5,25.9,20.9,77,1011.0,6,7.4,-9900,-9900,0.0,0.0
2021,11,6,12,60,0.0,0.0,0.0,0.0,0.0,5,25.5,20.5,78,1011.6,47,7.4,-9900,-9900,0.0,0.0
2021,11,6,13,60,0.0,0.0,0.0,0.0,0.0,5,25.0,20.0,79,1012.2,79,5.5,-9900,-9900,0.0,0.0
2021,11,6,14,60,0.0,0.0,0.0,0.0,0.0,5,24.8,19.8,79,1012.5,80,7.4,-9900,-9900,0.0,0.0
2021,11,6,15,60,0.0,0.0,0.0,0.0,0.0,5,24.6,19.6,79,1012.7,81,7.4,-9900,-9900,0.0,0.0
2021,11,6,16,60,0.0,0.0,0.0,0.0,0.0,5,24.3,19.3,79,1013.0,82,7.4,-9900,-9900,0.0,0.0
2021,11,6,17,60,0.0,0.0,0.0,0.0,0.0,5,23.9,18.9,82,1012.5,105,11.1,-9900,-9900,0.0,0.0
2021,11,6,18,60,0.0,0.0,0.0,0.0,0.0,5,23.7,18.7,83,1012.4,106,9.3,-9900,-9900,0.0,0.0
2021,11,6,19,60,0.0,0.0,0.0,0.0,0.0,5,23.5,18.5,83,1012.3,109,7.4,-9900,-9900,0.0,0.0
2021,11,6,20,60,0.0,0.0,0.0,0.0,0.0,5,23.3,18.3,84,1012.3,108,7.4,-9900,-9900,0.0,0.0
2021,11,6,21,60,0.0,0.0,0.0,0.0,0.0,5,23.2,18.2,84,1012.3,107,5.5,-9900,-9900,0.0,0.0
2021,11,6,22,60,0.0,0.0,0.0,0.0,0.0,5,23.1,18.1,85,1012.4,106,5.5,-9900,-9900,0.0,0.0
2021,11,6,23,60,0.0,0.0,0.0,0.0,0.0,5,23.5,18.5,80,1013.4,110,7.4,-9900,-9900,0.0,0.0
2021,11,6,24,60,0.0,0.0,0.0,0.0,0.0,5,23.9,18.9,79,1013.9,110,7.4,-9900,-9900,0.0,0.0
2021,11,7,1,60,0.0,0.0,0.0,0.0,0.0,5,24.3,19.3,77,1014.4,110,7.4,-9900,-9900,0.0,0.0
2021,11,7,2,60,0.0,0.0,0.0,0.0,0.0,5,25.4,20.4,74,1014.0,100,9.3,-9900,-9900,0.0,0.0
2021,11,7,3,60,0.0,0.0,0.0,0.0,0.0,5,26.5,21.5,70,1013.6,92,9.3,-9900,-9900,0.0,0.0
2021,11,7,4,60,0.0,0.0,0.0,0.0,0.0,5,27.6,22.6,67,1013.2,85,9.3,-9900,-9900,0.0,0.0
2021,11,7,5,60,0.0,0.0,0.0,0.0,0.0,5,28.1,23.1,65,1012.7,88,11.1,-9900,-9900,0.0,0.0
2021,11,7,6,60,0.0,0.0,0.0,0.0,0.0,5,28.4,23.4,64,1011.9,82,11.1,-9900,-9900,0.0,0.0
2021,11,7,7,60,0.0,0.0,0.0,0.0,0.0,5,28.7,23.7,63,1011.0,77,11.1,-9900,-9900,0.0,0.0
2021,11,7,8,60,0.0,0.0,0.0,0.0,0.0,5,27.9,22.9,65,1011.2,74,11.1,-9900,-9900,0.0,0.0
2021,11,7,9,60,0.0,0.0,0.0,0.0,0.0,5,27.2,22.2,68,1011.3,71,11.1,-9900,-9900,0.0,0.0
2021,11,7,10,60,0.0,0.0,0.0,0.0,0.0,5,26.4,21.4,70,1011.4,68,11.1,-9900,-9900,0.0,0.0
2021,11,7,11,60,0.0,0.0,0.0,0.0,0.0,5,25.9,20.9,75,1011.8,83,13.0,-9900,-9900,0.0,0.0
2021,11,7,12,60,0.0,0.0,0.0,0.0,0.0,5,25.5,20.5,77,1012.3,84,11.1,-9900,-9900,0.0,0.0
2021,11,7,13,60,0.0,0.0,0.0,0.0,0.0,5,25.0,20.0,79,1012.8,86,9.3,-9900,-9900,0.0,0.0
2021,11,7,14,60,0.0,0.0,0.0,0.0,0.0,5,24.7,19.7,80,1012.8,89,7.4,-9900,-9900,0.0,0.0
2021,11,7,15,60,0.0,0.0,0.0,0.0,0.0,5,24.4,19.4,81,1012.9,95,5.5,-9900,-9900,0.0,0.0
2021,11,7,16,60,0.0,0.0,0.0,0.0,0.0,5,24.1,19.1,82,1013.0,113,3.7,-9900,-9900,0.0,0.0
2021,11,7,17,60,0.0,0.0,0.0,0.0,0.0,5,24.0,19.0,83,1012.4,114,5.5,-9900,-9900,0.0,0.0
2021,11,7,18,60,0.0,0.0,0.0,0.0,0.0,5,23.7,18.7,84,1012.3,137,5.5,-9900,-9900,0.0,0.0
2021,11,7,19,60,0.0,0.0,0.0,0.0,0.0,5,23.3,18.3,85,1012.2,184,3.7,-9900,-9900,0.0,0.0
2021,11,7,20,60,0.0,0.0,0.0,0.0,0.0,5,22.9,17.9,87,1012.9,184,3.7,-9900,-9900,0.0,0.0
2021,11,7,21,60,0.0,0.0,0.0,0.0,0.0,5,22.5,17.5,89,1013.6,183,3.7,-9900,-9900,0.0,0.0
2021,11,7,22,60,0.0,0.0,0.0,0.0,0.0,5,22.1,17.1,90,1014.4,183,3.7,-9900,-9900,0.0,0.0
2021,11,7,23,60,0.0,0.0,0.0,0.0,0.0,5,22.9,17.9,87,1014.4,148,3.7,-9900,-9900,0.0,0.0
2021,11,7,24,60,0.0,0.0,0.0,0.0,0.0,5,22.3,17.3,87,1015.8,161,5.5,-9900,-9900,0.0,0.0
2021,11,8,1,60,0.0,0.0,0.0,0.0,0.0,5,21.7,16.7,87,1017.2,172,5.5,-9900,-9900,0.0,0.0
2021,11,8,2,60,0.0,0.0,0.0,0.0,0.0,5,21.1,16.1,86,1017.9,105,5.5,-9900,-9900,0.0,0.0
2021,11,8,3,60,0.0,0.0,0.0,0.0,0.0,5,20.4,15.4,85,1018.7,80,5.5,-9900,-9900,0.0,0.0
2021,11,8,4,60,0.0,0.0,0.0,0.0,0.0,5,19.7,14.7,84,1019.4,71,7.4,-9900,-9900,0.0,0.0
2021,11,8,5,60,0.0,0.0,0.0,0.0,0.0,5,19.2,14.2,81,1019.3,73,7.4,-9900,-9900,0.0,0.0
2021,11,8,6,60,0.0,0.0,0.0,0.0,0.0,5,18.6,13.6,80,1019.1,74,7.4,-9900,-9900,0.0,0.0
2021,11,8,7,60,0.0,0.0,0.0,0.0,0.0,5,18.1,13.1,77,1018.9,75,7.4,-9900,-9900,0.0,0.0
2021,11,8,8,60,0.0,0.0,0.0,0.0,0.0,5,17.9,12.9,77,1019.3,76,7.4,-9900,-9900,0.0,0.0
2021,11,8,9,60,0.0,0.0,0.0,0.0,0.0,5,17.8,12.8,76,1019.7,77,7.4,-9900,-9900,0.0,0.0
2021,11,8,10,60,0.0,0.0,0.0,0.0,0.0,5,17.6,12.6,76,1020.1,78,7.4,-9900,-9900,0.0,0.0
2021,11,8,11,60,0.0,0.0,0.0,0.0,0.0,5,17.7,12.7,75,1020.5,94,13.0,-9900,-9900,0.0,0.0
2021,11,8,12,60,0.0,0.0,0.0,0.0,0.0,5,17.5,12.5,75,1021.1,96,13.0,-9900,-9900,0.0,0.0
2021,11,8,13,60,0.0,0.0,0.0,0.0,0.0,5,17.3,12.3,74,1021.7,98,11.1,-9900,-9900,0.0,0.0
2021,11,8,14,60,0.0,0.0,0.0,0.0,0.0,5,17.0,12.0,74,1021.8,102,11.1,-9900,-9900,0.0,0.0
2021,11,8,15,60,0.0,0.0,0.0,0.0,0.0,5,16.8,11.8,74,1021.8,106,9.3,-9900,-9900,0.0,0.0
2021,11,8,16,60,0.0,0.0,0.0,0.0,0.0,5,16.5,11.5,75,1021.9,111,7.4,-9900,-9900,0.0,0.0
2021,11,8,17,60,0.0,0.0,0.0,0.0,0.0,5,16.6,11.6,68,1021.6,95,11.1,-9900,-9900,0.0,0.0
2021,11,8,18,60,0.0,0.0,0.0,0.0,0.0,5,16.5,11.5,68,1021.4,96,11.1,-9900,-9900,0.0,0.0
2021,11,8,19,60,0.0,0.0,0.0,0.0,0.0,5,16.4,11.4,68,1021.2,98,11.1,-9900,-9900,0.0,0.0
2021,11,8,20,60,0.0,0.0,0.0,0.0,0.0,5,16.2,11.2,69,1021.3,100,9.3,-9900,-9900,0.0,0.0
2021,11,8,21,60,0.0,0.0,0.0,0.0,0.0,5,16.0,11.0,71,1021.5,102,7.4,-9900,-9900,0.0,0.0
2021,11,8,22,60,0.0,0.0,0.0,0.0,0.0,5,15.8,10.8,72,1021.6,105,7.4,-9900,-9900,0.0,0.0
2021,11,8,23,60,0.0,0.0,0.0,0.0,0.0,5,17.5,12.5,64,1021.5,92,9.3,-9900,-9900,0.0,0.0
2021,11,8,24,60,0.0,0.0,0.0,0.0,0.0,5,17.6,12.6,63,1022.0,93,9.3,-9900,-9900,0.0,0.0
2021,11,9,1,60,0.0,0.0,0.0,0.0,0.0,5,17.7,12.7,63,1022.6,94,9.3,-9900,-9900,0.0,0.0
2021,11,9,2,60,0.0,0.0,0.0,0.0,0.0,5,18.2,13.2,61,1022.2,88,11.1,-9900,-9900,0.0,0.0
2021,11,9,3,60,0.0,0.0,0.0,0.0,0.0,5,18.6,13.6,59,1021.8,84,13.0,-9900,-9900,0.0,0.0
2021,11,9,4,60,0.0,0.0,0.0,0.0,0.0,5,19.1,14.1,57,1021.4,82,14.8,-9900,-9900,0.0,0.0
2021,11,9,5,60,0.0,0.0,0.0,0.0,0.0,5,18.3,13.3,55,1020.9,78,14.8,-9900,-9900,0.0,0.0
2021,11,9,6,60,0.0,0.0,0.0,0.0,0.0,5,18.5,13.5,55,1020.0,78,14.8,-9900,-9900,0.0,0.0
2021,11,9,7,60,0.0,0.0,0.0,0.0,0.0,5,18.6,13.6,54,1019.1,77,13.0,-9900,-9900,0.0,0.0
2021,11,9,8,60,0.0,0.0,0.0,0.0,0.0,5,18.2,13.2,56,1019.3,81,13.0,-9900,-9900,0.0,0.0
2021,11,9,9,60,0.0,0.0,0.0,0.0,0.0,5,17.8,12.8,58,1019.4,85,13.0,-9900,-9900,0.0,0.0
2021,11,9,10,60,0.0,0.0,0.0,0.0,0.0,5,17.4,12.4,60,1019.6,90,13.0,-9900,-9900,0.0,0.0
2021,11,9,11,60,0.0,0.0,0.0,0.0,0.0,5,17.0,12.0,62,1019.9,71,14.8,-9900,-9900,0.0,0.0
2021,11,9,12,60,0.0,0.0,0.0,0.0,0.0,5,16.8,11.8,63,1020.3,79,13.0,-9900,-9900,0.0,0.0
2021,11,9,13,60,0.0,0.0,0.0,0.0,0.0,5,16.6,11.6,64,1020.6,91,11.1,-9900,-9900,0.0,0.0
2021,11,9,14,60,0.0,0.0,0.0,0.0,0.0,5,16.4,11.4,65,1020.5,96,9.3,-9900,-9900,0.0,0.0
2021,11,9,15,60,0.0,0.0,0.0,0.0,0.0,5,16.3,11.3,66,1020.4,103,9.3,-9900,-9900,0.0,0.0
2021,11,9,16,60,0.0,0.0,0.0,0.0,0.0,5,16.2,11.2,67,1020.2,112,7.4,-9900,-9900,0.0,0.0
2021,11,9,17,60,0.0,0.0,0.0,0.0,0.0,5,16.6,11.6,63,1020.0,116,9.3,-9900,-9900,0.0,0.0
2021,11,9,18,60,0.0,0.0,0.0,0.0,0.0,5,16.4,11.4,64,1019.7,118,9.3,-9900,-9900,0.0,0.0
2021,11,9,19,60,0.0,0.0,0.0,0.0,0.0,5,16.1,11.1,65,1019.5,120,7.4,-9900,-9900,0.0,0.0
2021,11,9,20,60,0.0,0.0,0.0,0.0,0.0,5,15.8,10.8,68,1019.5,126,7.4,-9900,-9900,0.0,0.0
2021,11,9,21,60,0.0,0.0,0.0,0.0,0.0,5,15.5,10.5,71,1019.5,135,5.5,-9900,-9900,0.0,0.0
2021,11,9,22,60,0.0,0.0,0.0,0.0,0.0,5,15.2,10.2,74,1019.5,150,5.5,-9900,-9900,0.0,0.0
2021,11,9,23,60,0.0,0.0,0.0,0.0,0.0,5,16.9,11.9,68,1020.2,152,5.5,-9900,-9900,0.0,0.0
2021,11,9,24,60,0.0,0.0,0.0,0.0,0.0,5,17.2,12.2,67,1020.7,157,5.5,-9900,-9900,0.0,0.0
2021,11,10,1,60,0.0,0.0,0.0,0.0,0.0,5,17.6,12.6,65,1021.1,163,5.5,-9900,-9900,0.0,0.0
2021,11,10,2,60,0.0,0.0,0.0,0.0,0.0,5,18.6,13.6,61,1020.5,141,5.5,-9900,-9900,0.0,0.0
2021,11,10,3,60,0.0,0.0,0.0,0.0,0.0,5,19.5,14.5,57,1019.9,108,5.5,-9900,-9900,0.0,0.0
2021,11,10,4,60,0.0,0.0,0.0,0.0,0.0,5,20.5,15.5,54,1019.3,79,5.5,-9900,-9900,0.0,0.0
2021,11,10,5,60,0.0,0.0,0.0,0.0,0.0,5,20.5,15.5,55,1018.7,90,7.4,-9900,-9900,0.0,0.0
2021,11,10,6,60,0.0,0.0,0.0,0.0,0.0,5,20.7,15.7,55,1018.1,78,7.4,-9900,-9900,0.0,0.0
2021,11,10,7,60,0.0,0.0,0.0,0.0,0.0,5,21.0,16.0,54,1017.4,67,7.4,-9900,-9900,0.0,0.0
2021,11,10,8,60,0.0,0.0,0.0,0.0,0.0,5,20.4,15.4,54,1017.6,77,7.4,-9900,-9900,0.0,0.0
2021,11,10,9,60,0.0,0.0,0.0,0.0,0.0,5,19.9,14.9,55,1017.8,85,9.3,-9900,-9900,0.0,0.0
2021,11,10,10,60,0.0,0.0,0.0,0.0,0.0,5,19.3,14.3,56,1018.0,92,9.3,-9900,-9900,0.0,0.0
2021,11,10,11,60,0.0,0.0,0.0,0.0,0.0,5,18.6,13.6,60,1019.1,99,13.0,-9900,-9900,0.0,0.0
2021,11,10,12,60,0.0,0.0,0.0,0.0,0.0,5,18.4,13.4,60,1019.4,107,11.1,-9900,-9900,0.0,0.0
2021,11,10,13,60,0.0,0.0,0.0,0.0,0.0,5,18.1,13.1,62,1019.8,119,9.3,-9900,-9900,0.0,0.0
2021,11,10,14,60,0.0,0.0,0.0,0.0,0.0,5,17.9,12.9,63,1019.8,119,7.4,-9900,-9900,0.0,0.0
2021,11,10,15,60,0.0,0.0,0.0,0.0,0.0,5,17.7,12.7,64,1019.8,121,7.4,-9900,-9900,0.0,0.0
2021,11,10,16,60,0.0,0.0,0.0,0.0,0.0,5,17.5,12.5,64,1019.8,122,7.4,-9900,-9900,0.0,0.0
2021,11,10,17,60,0.0,0.0,0.0,0.0,0.0,5,17.1,12.1,66,1019.4,125,7.4,-9900,-9900,0.0,0.0
2021,11,10,18,60,0.0,0.0,0.0,0.0,0.0,5,16.8,11.8,67,1019.1,128,7.4,-9900,-9900,0.0,0.0
2021,11,10,19,60,0.0,0.0,0.0,0.0,0.0,5,16.4,11.4,69,1018.7,130,5.5,-9900,-9900,0.0,0.0
2021,11,10,20,60,0.0,0.0,0.0,0.0,0.0,5,16.2,11.2,69,1018.8,132,5.5,-9900,-9900,0.0,0.0
2021,11,10,21,60,0.0,0.0,0.0,0.0,0.0,5,16.0,11.0,71,1018.8,134,5.5,-9900,-9900,0.0,0.0
2021,11,10,22,60,0.0,0.0,0.0,0.0,0.0,5,15.8,10.8,72,1018.9,137,5.5,-9900,-9900,0.0,0.0
2021,11,10,23,60,0.0,0.0,0.0,0.0,0.0,5,15.1,10.1,78,1019.7,161,5.5,-9900,-9900,0.0,0.0
2021,11,10,24,60,0.0,0.0,0.0,0.0,0.0,5,16.1,11.1,73,1020.2,153,5.5,-9900,-9900,0.0,0.0
2021,11,11,1,60,0.0,0.0,0.0,0.0,0.0,5,17.1,12.1,69,1020.6,144,5.5,-9900,-9900,0.0,0.0
2021,11,11,2,60,0.0,0.0,0.0,0.0,0.0,5,19.0,14.0,62,1020.1,117,7.4,-9900,-9900,0.0,0.0
2021,11,11,3,60,0.0,0.0,0.0,0.0,0.0,5,20.8,15.8,56,1019.6,100,9.3,-9900,-9900,0.0,0.0
2021,11,11,4,60,0.0,0.0,0.0,0.0,0.0,5,22.6,17.6,51,1019.1,90,11.1,-9900,-9900,0.0,0.0
2021,11,11,5,60,0.0,0.0,0.0,0.0,0.0,5,24.0,19.0,45,1018.4,91,11.1,-9900,-9900,0.0,0.0
2021,11,11,6,60,0.0,0.0,0.0,0.0,0.0,5,24.0,19.0,45,1017.6,89,11.1,-9900,-9900,0.0,0.0
2021,11,11,7,60,0.0,0.0,0.0,0.0,0.0,5,24.0,19.0,46,1016.8,86,13.0,-9900,-9900,0.0,0.0
2021,11,11,8,60,0.0,0.0,0.0,0.0,0.0,5,23.1,18.1,48,1017.1,90,13.0,-9900,-9900,0.0,0.0
2021,11,11,9,60,0.0,0.0,0.0,0.0,0.0,5,22.1,17.1,52,1017.3,94,13.0,-9900,-9900,0.0,0.0
2021,11,11,10,60,0.0,0.0,0.0,0.0,0.0,5,21.2,16.2,55,1017.6,98,13.0,-9900,-9900,0.0,0.0
2021,11,11,11,60,0.0,0.0,0.0,0.0,0.0,5,20.7,15.7,58,1018.3,86,13.0,-9900,-9900,0.0,0.0
2021,11,11,12,60,0.0,0.0,0.0,0.0,0.0,5,20.3,15.3,59,1018.8,95,11.1,-9900,-9900,0.0,0.0
2021,11,11,13,60,0.0,0.0,0.0,0.0,0.0,5,20.0,15.0,61,1019.4,105,11.1,-9900,-9900,0.0,0.0
2021,11,11,14,60,0.0,0.0,0.0,0.0,0.0,5,19.7,14.7,62,1019.6,105,9.3,-9900,-9900,0.0,0.0
2021,11,11,15,60,0.0,0.0,0.0,0.0,0.0,5,19.5,14.5,64,1019.7,106,9.3,-9900,-9900,0.0,0.0
2021,11,11,16,60,0.0,0.0,0.0,0.0,0.0,5,19.2,14.2,65,1019.9,106,9.3,-9900,-9900,0.0,0.0
2021,11,11,17,60,0.0,0.0,0.0,0.0,0.0,5,19.1,14.1,62,1019.3,101,11.1,-9900,-9900,0.0,0.0
2021,11,11,18,60,0.0,0.0,0.0,0.0,0.0,5,19.0,14.0,63,1019.2,100,9.3,-9900,-9900,0.0,0.0
2021,11,11,19,60,0.0,0.0,0.0,0.0,0.0,5,18.9,13.9,64,1019.0,100,9.3,-9900,-9900,0.0,0.0
2021,11,11,20,60,0.0,0.0,0.0,0.0,0.0,5,18.6,13.6,66,1019.3,100,9.3,-9900,-9900,0.0,0.0
2021,11,11,21,60,0.0,0.0,0.0,0.0,0.0,5,18.4,13.4,68,1019.6,100,9.3,-9900,-9900,0.0,0.0
2021,11,11,22,60,0.0,0.0,0.0,0.0,0.0,5,18.2,13.2,70,1020.0,100,9.3,-9900,-9900,0.0,0.0
2021,11,11,23,60,0.0,0.0,0.0,0.0,0.0,5,18.9,13.9,68,1020.4,92,13.0,-9900,-9900,0.0,0.0
2021,11,11,24,60,0.0,0.0,0.0,0.0,0.0,5,19.2,14.2,67,1021.1,89,13.0,-9900,-9900,0.0,0.0
2021,11,12,1,60,0.0,0.0,0.0,0.0,0.0,5,19.4,14.4,67,1021.8,87,13.0,-9900,-9900,0.0,0.0
2021,11,12,2,60,0.0,0.0,0.0,0.0,0.0,5,20.1,15.1,65,1021.6,87,13.0,-9900,-9900,0.0,0.0
2021,11,12,3,60,0.0,0.0,0.0,0.0,0.0,5,20.8,15.8,62,1021.4,87,14.8,-9900,-9900,0.0,0.0
2021,11,12,4,60,0.0,0.0,0.0,0.0,0.0,5,21.5,16.5,60,1021.2,87,16.7,-9900,-9900,0.0,0.0
2021,11,12,5,60,0.0,0.0,0.0,0.0,0.0,5,20.5,15.5,71,1021.1,89,16.7,-9900,-9900,0.0,0.0
2021,11,12,6,60,0.0,0.0,0.0,0.0,0.0,5,20.7,15.7,69,1020.3,88,16.7,-9900,-9900,0.0,0.0
2021,11,12,7,60,0.0,0.0,0.0,0.0,0.0,5,20.8,15.8,68,1019.4,87,16.7,-9900,-9900,0.0,0.0
2021,11,12,8,60,0.0,0.0,0.0,0.0,0.0,5,20.5,15.5,67,1019.5,90,14.8,-9900,-9900,0.0,0.0
2021,11,12,9,60,0.0,0.0,0.0,0.0,0.0,5,20.1,15.1,67,1019.5,94,14.8,-9900,-9900,0.0,0.0
2021,11,12,10,60,0.0,0.0,0.0,0.0,0.0,5,19.7,14.7,67,1019.6,98,13.0,-9900,-9900,0.0,0.0
2021,11,12,11,60,0.0,0.0,0.0,0.0,0.0,5,19.4,14.4,68,1020.4,105,13.0,-9900,-9900,0.0,0.0
2021,11,12,12,60,0.0,0.0,0.0,0.0,0.0,5,19.3,14.3,69,1020.6,102,13.0,-9900,-9900,0.0,0.0
2021,11,12,13,60,0.0,0.0,0.0,0.0,0.0,5,19.2,14.2,70,1020.8,100,13.0,-9900,-9900,0.0,0.0
2021,11,12,14,60,0.0,0.0,0.0,0.0,0.0,5,19.2,14.2,70,1020.6,99,13.0,-9900,-9900,0.0,0.0
2021,11,12,15,60,0.0,0.0,0.0,0.0,0.0,5,19.1,14.1,71,1020.4,98,11.1,-9900,-9900,0.0,0.0
2021,11,12,16,60,0.0,0.0,0.0,0.0,0.0,5,19.1,14.1,72,1020.2,97,11.1,-9900,-9900,0.0,0.0
2021,11,12,17,60,0.0,0.0,0.0,0.0,0.0,5,18.8,13.8,75,1019.3,96,13.0,-9900,-9900,0.0,0.0
2021,11,12,18,60,0.0,0.0,0.0,0.0,0.0,5,18.7,13.7,76,1018.8,98,11.1,-9900,-9900,0.0,0.0
2021,11,12,19,60,0.0,0.0,0.0,0.0,0.0,5,18.6,13.6,77,1018.4,100,11.1,-9900,-9900,0.0,0.0
2021,11,12,20,60,0.0,0.0,0.0,0.0,0.0,5,18.5,13.5,78,1018.5,100,11.1,-9900,-9900,0.0,0.0
2021,11,12,21,60,0.0,0.0,0.0,0.0,0.0,5,18.4,13.4,79,1018.5,99,9.3,-9900,-9900,0.0,0.0
2021,11,12,22,60,0.0,0.0,0.0,0.0,0.0,5,18.3,13.3,80,1018.5,99,9.3,-9900,-9900,0.0,0.0
2021,11,12,23,60,0.0,0.0,0.0,0.0,0.0,5,18.4,13.4,80,1019.0,97,9.3,-9900,-9900,0.0,0.0
2021,11,12,24,60,0.0,0.0,0.0,0.0,0.0,5,18.6,13.6,79,1019.4,96,9.3,-9900,-9900,0.0,0.0
2021,11,13,1,60,0.0,0.0,0.0,0.0,0.0,5,18.7,13.7,79,1019.9,94,9.3,-9900,-9900,0.0,0.0
2021,11,13,2,60,0.0,0.0,0.0,0.0,0.0,5,19.3,14.3,77,1019.6,94,11.1,-9900,-9900,0.0,0.0
2021,11,13,3,60,0.0,0.0,0.0,0.0,0.0,5,19.9,14.9,75,1019.3,94,11.1,-9900,-9900,0.0,0.0
2021,11,13,4,60,0.0,0.0,0.0,0.0,0.0,5,20.5,15.5,74,1018.9,94,13.0,-9900,-9900,0.0,0.0
2021,11,13,5,60,0.0,0.0,0.0,0.0,0.0,5,19.5,14.5,77,1018.9,87,13.0,-9900,-9900,0.0,0.0
2021,11,13,6,60,0.0,0.0,0.0,0.0,0.0,5,19.8,14.8,76,1018.1,88,13.0,-9900,-9900,0.0,0.0
2021,11,13,7,60,0.0,0.0,0.0,0.0,0.0,5,20.2,15.2,74,1017.2,89,13.0,-9900,-9900,0.0,0.0
2021,11,13,8,60,0.0,0.0,0.0,0.0,0.0,5,19.9,14.9,76,1017.4,95,11.1,-9900,-9900,0.0,0.0
2021,11,13,9,60,0.0,0.0,0.0,0.0,0.0,5,19.7,14.7,78,1017.7,104,11.1,-9900,-9900,0.0,0.0
2021,11,13,10,60,0.0,0.0,0.0,0.0,0.0,5,19.4,14.4,80,1018.0,114,9.3,-9900,-9900,0.0,0.0
2021,11,13,11,60,0.0,0.0,0.0,0.0,0.0,5,19.4,14.4,80,1018.4,90,9.3,-9900,-9900,0.0,0.0
2021,11,13,12,60,0.0,0.0,0.0,0.0,0.0,5,19.2,14.2,81,1018.9,100,7.4,-9900,-9900,0.0,0.0
2021,11,13,13,60,0.0,0.0,0.0,0.0,0.0,5,19.0,14.0,81,1019.4,110,7.4,-9900,-9900,0.0,0.0
2021,11,13,14,60,0.0,0.0,0.0,0.0,0.0,5,18.9,13.9,81,1019.4,111,7.4,-9900,-9900,0.0,0.0
2021,11,13,15,60,0.0,0.0,0.0,0.0,0.0,5,18.7,13.7,82,1019.5,113,5.5,-9900,-9900,0.0,0.0
2021,11,13,16,60,0.0,0.0,0.0,0.0,0.0,5,18.5,13.5,83,1019.5,115,5.5,-9900,-9900,0.0,0.0
2021,11,13,17,60,0.0,0.0,0.0,0.0,0.0,5,17.3,12.3,89,1020.1,111,7.4,-9900,-9900,0.0,0.0
2021,11,13,18,60,0.0,0.0,0.0,0.0,0.0,5,17.3,12.3,89,1019.7,111,7.4,-9900,-9900,0.0,0.0
2021,11,13,19,60,0.0,0.0,0.0,0.0,0.0,5,17.4,12.4,88,1019.4,112,5.5,-9900,-9900,0.0,0.0
2021,11,13,20,60,0.0,0.0,0.0,0.0,0.0,5,17.3,12.3,88,1019.4,116,5.5,-9900,-9900,0.0,0.0
2021,11,13,21,60,0.0,0.0,0.0,0.0,0.0,5,17.3,12.3,88,1019.4,121,5.5,-9900,-9900,0.0,0.0
2021,11,13,22,60,0.0,0.0,0.0,0.0,0.0,5,17.2,12.2,89,1019.4,127,3.7,-9900,-9900,0.0,0.0
2021,11,13,23,60,0.0,0.0,0.0,0.0,0.0,5,17.9,12.9,89,1020.0,124,5.5,-9900,-9900,0.0,0.0
2021,11,13,24,60,0.0,0.0,0.0,0.0,0.0,5,18.2,13.2,87,1020.4,119,5.5,-9900,-9900,0.0,0.0
2021,11,14,1,60,0.0,0.0,0.0,0.0,0.0,5,18.6,13.6,84,1020.9,114,5.5,-9900,-9900,0.0,0.0
2021,11,14,2,60,0.0,0.0,0.0,0.0,0.0,5,19.4,14.4,79,1020.5,99,7.4,-9900,-9900,0.0,0.0
2021,11,14,3,60,0.0,0.0,0.0,0.0,0.0,5,20.2,15.2,74,1020.1,89,9.3,-9900,-9900,0.0,0.0
2021,11,14,4,60,0.0,0.0,0.0,0.0,0.0,5,21.0,16.0,70,1019.8,83,11.1,-9900,-9900,0.0,0.0
2021,11,14,5,60,0.0,0.0,0.0,0.0,0.0,5,20.9,15.9,66,1019.6,84,13.0,-9900,-9900,0.0,0.0
2021,11,14,6,60,0.0,0.0,0.0,0.0,0.0,5,21.1,16.1,65,1018.8,82,13.0,-9900,-9900,0.0,0.0
2021,11,14,7,60,0.0,0.0,0.0,0.0,0.0,5,21.3,16.3,64,1018.0,81,13.0,-9900,-9900,0.0,0.0
2021,11,14,8,60,0.0,0.0,0.0,0.0,0.0,5,20.9,15.9,66,1018.1,86,13.0,-9900,-9900,0.0,0.0
2021,11,14,9,60,0.0,0.0,0.0,0.0,0.0,5,20.5,15.5,69,1018.1,91,13.0,-9900,-9900,0.0,0.0
2021,11,14,10,60,0.0,0.0,0.0,0.0,0.0,5,20.1,15.1,71,1018.2,95,13.0,-9900,-9900,0.0,0.0
2021,11,14,11,60,0.0,0.0,0.0,0.0,0.0,5,19.7,14.7,73,1018.6,100,14.8,-9900,-9900,0.0,0.0
2021,11,14,12,60,0.0,0.0,0.0,0.0,0.0,5,19.7,14.7,74,1018.8,102,13.0,-9900,-9900,0.0,0.0
2021,11,14,13,60,0.0,0.0,0.0,0.0,0.0,5,19.7,14.7,75,1019.1,105,11.1,-9900,-9900,0.0,0.0
2021,11,14,14,60,0.0,0.0,0.0,0.0,0.0,5,19.7,14.7,76,1019.1,105,11.1,-9900,-9900,0.0,0.0
2021,11,14,15,60,0.0,0.0,0.0,0.0,0.0,5,19.7,14.7,76,1019.1,104,11.1,-9900,-9900,0.0,0.0
2021,11,14,16,60,0.0,0.0,0.0,0.0,0.0,5,19.7,14.7,76,1019.1,103,9.3,-9900,-9900,0.0,0.0
2021,11,14,17,60,0.0,0.0,0.0,0.0,0.0,5,19.5,14.5,75,1018.9,108,11.1,-9900,-9900,0.0,0.0
2021,11,14,18,60,0.0,0.0,0.0,0.0,0.0,5,19.5,14.5,75,1018.6,107,11.1,-9900,-9900,0.0,0.0
2021,11,14,19,60,0.0,0.0,0.0,0.0,0.0,5,19.5,14.5,75,1018.3,105,11.1,-9900,-9900,0.0,0.0
2021,11,14,20,60,0.0,0.0,0.0,0.0,0.0,5,19.4,14.4,75,1018.2,104,9.3,-9900,-9900,0.0,0.0
2021,11,14,21,60,0.0,0.0,0.0,0.0,0.0,5,19.4,14.4,75,1018.1,103,9.3,-9900,-9900,0.0,0.0
2021,11,14,22,60,0.0,0.0,0.0,0.0,0.0,5,19.3,14.3,76,1018.0,102,9.3,-9900,-9900,0.0,0.0
2021,11,14,23,60,0.0,0.0,0.0,0.0,0.0,5,19.8,14.8,74,1018.5,103,11.1,-9900,-9900,0.0,0.0
2021,11,14,24,60,0.0,0.0,0.0,0.0,0.0,5,20.3,15.3,73,1018.9,101,11.1,-9900,-9900,0.0,0.0
2021,11,15,1,60,0.0,0.0,0.0,0.0,0.0,5,20.9,15.9,71,1019.4,98,13.0,-9900,-9900,0.0,0.0
2021,11,15,2,60,0.0,0.0,0.0,0.0,0.0,5,21.7,16.7,68,1019.1,94,13.0,-9900,-9900,0.0,0.0
2021,11,15,3,60,0.0,0.0,0.0,0.0,0.0,5,22.6,17.6,64,1018.8,92,14.8,-9900,-9900,0.0,0.0
2021,11,15,4,60,0.0,0.0,0.0,0.0,0.0,5,23.4,18.4,61,1018.5,89,16.7,-9900,-9900,0.0,0.0
2021,11,15,5,60,0.0,0.0,0.0,0.0,0.0,5,24.1,19.1,56,1017.7,92,16.7,-9900,-9900,0.0,0.0
2021,11,15,6,60,0.0,0.0,0.0,0.0,0.0,5,24.2,19.2,56,1017.0,93,16.7,-9900,-9900,0.0,0.0
2021,11,15,7,60,0.0,0.0,0.0,0.0,0.0,5,24.3,19.3,57,1016.4,94,16.7,-9900,-9900,0.0,0.0
2021,11,15,8,60,0.0,0.0,0.0,0.0,0.0,5,23.8,18.8,59,1016.5,95,16.7,-9900,-9900,0.0,0.0
2021,11,15,9,60,0.0,0.0,0.0,0.0,0.0,5,23.3,18.3,61,1016.6,97,16.7,-9900,-9900,0.0,0.0
2021,11,15,10,60,0.0,0.0,0.0,0.0,0.0,5,22.7,17.7,64,1016.7,99,16.7,-9900,-9900,0.0,0.0
2021,11,15,11,60,0.0,0.0,0.0,0.0,0.0,5,22.5,17.5,66,1016.9,97,14.8,-9900,-9900,0.0,0.0
2021,11,15,12,60,0.0,0.0,0.0,0.0,0.0,5,22.3,17.3,68,1017.2,94,14.8,-9900,-9900,0.0,0.0
2021,11,15,13,60,0.0,0.0,0.0,0.0,0.0,5,22.1,17.1,70,1017.4,91,14.8,-9900,-9900,0.0,0.0
2021,11,15,14,60,0.0,0.0,0.0,0.0,0.0,5,22.1,17.1,70,1017.3,91,13.0,-9900,-9900,0.0,0.0
2021,11,15,15,60,0.0,0.0,0.0,0.0,0.0,5,22.0,17.0,71,1017.2,91,13.0,-9900,-9900,0.0,0.0
2021,11,15,16,60,0.0,0.0,0.0,0.0,0.0,5,22.0,17.0,72,1017.1,91,11.1,-9900,-9900,0.0,0.0
2021,11,15,17,60,0.0,0.0,0.0,0.0,0.0,5,21.6,16.6,73,1017.1,80,13.0,-9900,-9900,0.0,0.0
2021,11,15,18,60,0.0,0.0,0.0,0.0,0.0,5,21.6,16.6,73,1016.9,80,13.0,-9900,-9900,0.0,0.0
2021,11,15,19,60,0.0,0.0,0.0,0.0,0.0,5,21.6,16.6,73,1016.6,80,13.0,-9900,-9900,0.0,0.0
2021,11,15,20,60,0.0,0.0,0.0,0.0,0.0,5,21.5,16.5,74,1016.7,84,13.0,-9900,-9900,0.0,0.0
2021,11,15,21,60,0.0,0.0,0.0,0.0,0.0,5,21.3,16.3,76,1016.8,88,11.1,-9900,-9900,0.0,0.0
2021,11,15,22,60,0.0,0.0,0.0,0.0,0.0,5,21.2,16.2,77,1016.8,93,11.1,-9900,-9900,0.0,0.0
2021,11,15,23,60,0.0,0.0,0.0,0.0,0.0,5,22.2,17.2,75,1017.3,94,11.1,-9900,-9900,0.0,0.0
2021,11,15,24,60,0.0,0.0,0.0,0.0,0.0,5,22.6,17.6,74,1017.7,93,11.1,-9900,-9900,0.0,0.0
2021,11,16,1,60,0.0,0.0,0.0,0.0,0.0,5,23.0,18.0,73,1018.1,93,11.1,-9900,-9900,0.0,0.0
2021,11,16,2,60,0.0,0.0,0.0,0.0,0.0,5,24.1,19.1,69,1017.7,95,13.0,-9900,-9900,0.0,0.0
2021,11,16,3,60,0.0,0.0,0.0,0.0,0.0,5,25.2,20.2,65,1017.3,97,13.0,-9900,-9900,0.0,0.0
2021,11,16,4,60,0.0,0.0,0.0,0.0,0.0,5,26.4,21.4,61,1016.9,99,13.0,-9900,-9900,0.0,0.0
2021,11,16,5,60,0.0,0.0,0.0,0.0,0.0,5,26.7,21.7,59,1015.7,96,14.8,-9900,-9900,0.0,0.0
2021,11,16,6,60,0.0,0.0,0.0,0.0,0.0,5,26.7,21.7,59,1015.1,96,13.0,-9900,-9900,0.0,0.0
2021,11,16,7,60,0.0,0.0,0.0,0.0,0.0,5,26.8,21.8,59,1014.5,97,13.0,-9900,-9900,0.0,0.0
2021,11,16,8,60,0.0,0.0,0.0,0.0,0.0,5,26.0,21.0,61,1015.2,98,13.0,-9900,-9900,0.0,0.0
2021,11,16,9,60,0.0,0.0,0.0,0.0,0.0,5,25.2,20.2,64,1015.9,99,13.0,-9900,-9900,0.0,0.0
2021,11,16,10,60,0.0,0.0,0.0,0.0,0.0,5,24.4,19.4,67,1016.6,100,13.0,-9900,-9900,0.0,0.0
2021,11,16,11,60,0.0,0.0,0.0,0.0,0.0,5,24.3,19.3,66,1016.8,104,11.1,-9900,-9900,0.0,0.0
2021,11,16,12,60,0.0,0.0,0.0,0.0,0.0,5,23.8,18.8,68,1017.5,99,11.1,-9900,-9900,0.0,0.0
2021,11,16,13,60,0.0,0.0,0.0,0.0,0.0,5,23.3,18.3,71,1018.1,94,11.1,-9900,-9900,0.0,0.0
2021,11,16,14,60,0.0,0.0,0.0,0.0,0.0,5,23.1,18.1,72,1018.1,93,11.1,-9900,-9900,0.0,0.0
2021,11,16,15,60,0.0,0.0,0.0,0.0,0.0,5,22.9,17.9,73,1018.1,92,11.1,-9900,-9900,0.0,0.0
2021,11,16,16,60,0.0,0.0,0.0,0.0,0.0,5,22.6,17.6,75,1018.2,91,11.1,-9900,-9900,0.0,0.0
2021,11,16,17,60,0.0,0.0,0.0,0.0,0.0,5,22.8,17.8,74,1018.6,84,13.0,-9900,-9900,0.0,0.0
2021,11,16,18,60,0.0,0.0,0.0,0.0,0.0,5,22.7,17.7,74,1018.1,83,13.0,-9900,-9900,0.0,0.0
2021,11,16,19,60,0.0,0.0,0.0,0.0,0.0,5,22.5,17.5,75,1017.5,81,13.0,-9900,-9900,0.0,0.0
2021,11,16,20,60,0.0,0.0,0.0,0.0,0.0,5,22.3,17.3,77,1017.4,84,13.0,-9900,-9900,0.0,0.0
2021,11,16,21,60,0.0,0.0,0.0,0.0,0.0,5,22.1,17.1,78,1017.3,88,11.1,-9900,-9900,0.0,0.0
2021,11,16,22,60,0.0,0.0,0.0,0.0,0.0,5,22.0,17.0,79,1017.1,91,11.1,-9900,-9900,0.0,0.0
2021,11,16,23,60,0.0,0.0,0.0,0.0,0.0,5,22.7,17.7,75,1017.6,90,13.0,-9900,-9900,0.0,0.0
2021,11,16,24,60,0.0,0.0,0.0,0.0,0.0,5,22.9,17.9,75,1017.9,88,13.0,-9900,-9900,0.0,0.0
2021,11,17,1,60,0.0,0.0,0.0,0.0,0.0,5,23.2,18.2,74,1018.3,86,13.0,-9900,-9900,0.0,0.0
2021,11,17,2,60,0.0,0.0,0.0,0.0,0.0,5,23.9,18.9,71,1017.8,88,13.0,-9900,-9900,0.0,0.0
2021,11,17,3,60,0.0,0.0,0.0,0.0,0.0,5,24.7,19.7,68,1017.4,90,13.0,-9900,-9900,0.0,0.0
2021,11,17,4,60,0.0,0.0,0.0,0.0,0.0,5,25.4,20.4,66,1016.9,93,14.8,-9900,-9900,0.0,0.0
2021,11,17,5,60,0.0,0.0,0.0,0.0,0.0,5,25.5,20.5,63,1016.0,92,14.8,-9900,-9900,0.0,0.0
2021,11,17,6,60,0.0,0.0,0.0,0.0,0.0,5,25.7,20.7,63,1015.3,94,14.8,-9900,-9900,0.0,0.0
2021,11,17,7,60,0.0,0.0,0.0,0.0,0.0,5,26.0,21.0,62,1014.5,96,13.0,-9900,-9900,0.0,0.0
2021,11,17,8,60,0.0,0.0,0.0,0.0,0.0,5,25.4,20.4,64,1014.7,97,13.0,-9900,-9900,0.0,0.0
2021,11,17,9,60,0.0,0.0,0.0,0.0,0.0,5,24.8,19.8,67,1014.9,97,13.0,-9900,-9900,0.0,0.0
2021,11,17,10,60,0.0,0.0,0.0,0.0,0.0,5,24.2,19.2,69,1015.2,98,11.1,-9900,-9900,0.0,0.0
2021,11,17,11,60,0.0,0.0,0.0,0.0,0.0,5,23.9,18.9,73,1015.1,96,11.1,-9900,-9900,0.0,0.0
2021,11,17,12,60,0.0,0.0,0.0,0.0,0.0,5,23.6,18.6,75,1015.4,96,11.1,-9900,-9900,0.0,0.0
2021,11,17,13,60,0.0,0.0,0.0,0.0,0.0,5,23.3,18.3,76,1015.7,96,9.3,-9900,-9900,0.0,0.0
2021,11,17,14,60,0.0,0.0,0.0,0.0,0.0,5,23.1,18.1,77,1015.6,96,9.3,-9900,-9900,0.0,0.0
2021,11,17,15,60,0.0,0.0,0.0,0.0,0.0,5,22.9,17.9,79,1015.5,95,7.4,-9900,-9900,0.0,0.0
2021,11,17,16,60,0.0,0.0,0.0,0.0,0.0,5,22.7,17.7,80,1015.4,93,7.4,-9900,-9900,0.0,0.0
2021,11,17,17,60,0.0,0.0,0.0,0.0,0.0,5,22.4,17.4,87,1015.2,97,7.4,-9900,-9900,0.0,0.0
2021,11,17,18,60,0.0,0.0,0.0,0.0,0.0,5,22.2,17.2,87,1014.9,110,5.5,-9900,-9900,0.0,0.0
2021,11,17,19,60,0.0,0.0,0.0,0.0,0.0,5,22.0,17.0,87,1014.5,162,3.7,-9900,-9900,0.0,0.0
2021,11,17,20,60,0.0,0.0,0.0,0.0,0.0,5,21.8,16.8,88,1014.4,201,3.7,-9900,-9900,0.0,0.0
2021,11,17,21,60,0.0,0.0,0.0,0.0,0.0,5,21.5,16.5,90,1014.3,225,3.7,-9900,-9900,0.0,0.0
2021,11,17,22,60,0.0,0.0,0.0,0.0,0.0,5,21.3,16.3,90,1014.2,237,3.7,-9900,-9900,0.0,0.0
2021,11,17,23,60,0.0,0.0,0.0,0.0,0.0,5,21.3,16.3,90,1014.7,239,3.7,-9900,-9900,0.0,0.0
2021,11,17,24,60,0.0,0.0,0.0,0.0,0.0,5,21.3,16.3,89,1015.3,241,3.7,-9900,-9900,0.0,0.0
2021,11,18,1,60,0.0,0.0,0.0,0.0,0.0,5,21.4,16.4,87,1015.8,242,3.7,-9900,-9900,0.0,0.0
2021,11,18,2,60,0.0,0.0,0.0,0.0,0.0,5,21.9,16.9,85,1015.4,246,3.7,-9900,-9900,0.0,0.0
2021,11,18,3,60,0.0,0.0,0.0,0.0,0.0,5,22.4,17.4,84,1015.1,249,5.5,-9900,-9900,0.0,0.0
2021,11,18,4,60,0.0,0.0,0.0,0.0,0.0,5,22.9,17.9,82,1014.7,252,5.5,-9900,-9900,0.0,0.0
2021,11,18,5,60,0.0,0.0,0.0,0.0,0.0,5,22.1,17.1,84,1014.8,308,5.5,-9900,-9900,0.0,0.0
2021,11,18,6,60,0.0,0.0,0.0,0.0,0.0,5,22.1,17.1,84,1013.9,301,5.5,-9900,-9900,0.0,0.0
2021,11,18,7,60,0.0,0.0,0.0,0.0,0.0,5,22.1,17.1,83,1013.1,294,3.7,-9900,-9900,0.0,0.0
2021,11,18,8,60,0.0,0.0,0.0,0.0,0.0,5,21.8,16.8,84,1013.0,295,3.7,-9900,-9900,0.0,0.0
2021,11,18,9,60,0.0,0.0,0.0,0.0,0.0,5,21.5,16.5,85,1012.9,299,5.5,-9900,-9900,0.0,0.0
2021,11,18,10,60,0.0,0.0,0.0,0.0,0.0,5,21.3,16.3,86,1012.7,111,5.5,-9900,-9900,0.0,0.0
2021,11,18,11,60,0.0,0.0,0.0,0.0,0.0,5,21.0,16.0,87,1012.9,343,5.5,-9900,-9900,0.0,0.0
2021,11,18,12,60,0.0,0.0,0.0,0.0,0.0,5,20.9,15.9,87,1013.1,345,5.5,-9900,-9900,0.0,0.0
2021,11,18,13,60,0.0,0.0,0.0,0.0,0.0,5,20.8,15.8,88,1013.3,11,3.7,-9900,-9900,0.0,0.0
2021,11,18,14,60,0.0,0.0,0.0,0.0,0.0,5,20.8,15.8,88,1013.2,200,3.7,-9900,-9900,0.0,0.0
2021,11,18,15,60,0.0,0.0,0.0,0.0,0.0,5,20.9,15.9,88,1013.2,196,3.7,-9900,-9900,0.0,0.0
2021,11,18,16,60,0.0,0.0,0.0,0.0,0.0,5,20.9,15.9,88,1013.1,196,3.7,-9900,-9900,0.0,0.0
2021,11,18,17,60,0.0,0.0,0.0,0.0,0.0,5,21.1,16.1,88,1013.2,203,3.7,-9900,-9900,0.0,0.0
2021,11,18,18,60,0.0,0.0,0.0,0.0,0.0,5,21.0,16.0,88,1012.9,204,3.7,-9900,-9900,0.0,0.0
2021,11,18,19,60,0.0,0.0,0.0,0.0,0.0,5,20.9,15.9,88,1012.7,206,3.7,-9900,-9900,0.0,0.0
2021,11,18,20,60,0.0,0.0,0.0,0.0,0.0,5,20.7,15.7,89,1012.7,206,3.7,-9900,-9900,0.0,0.0
2021,11,18,21,60,0.0,0.0,0.0,0.0,0.0,5,20.5,15.5,90,1012.7,206,3.7,-9900,-9900,0.0,0.0
2021,11,18,22,60,0.0,0.0,0.0,0.0,0.0,5,20.4,15.4,91,1012.6,207,3.7,-9900,-9900,0.0,0.0
2021,11,18,23,60,0.0,0.0,0.0,0.0,0.0,5,20.9,15.9,86,1013.1,180,3.7,-9900,-9900,0.0,0.0
2021,11,18,24,60,0.0,0.0,0.0,0.0,0.0,5,21.3,16.3,84,1013.6,182,5.5,-9900,-9900,0.0,0.0
2021,11,19,1,60,0.0,0.0,0.0,0.0,0.0,5,21.7,16.7,83,1014.1,184,5.5,-9900,-9900,0.0,0.0
2021,11,19,2,60,0.0,0.0,0.0,0.0,0.0,5,22.4,17.4,81,1013.8,165,5.5,-9900,-9900,0.0,0.0
2021,11,19,3,60,0.0,0.0,0.0,0.0,0.0,5,23.2,18.2,78,1013.5,120,5.5,-9900,-9900,0.0,0.0
2021,11,19,4,60,0.0,0.0,0.0,0.0,0.0,5,24.0,19.0,75,1013.2,77,5.5,-9900,-9900,0.0,0.0
2021,11,19,5,60,0.0,0.0,0.0,0.0,0.0,5,23.7,18.7,77,1012.7,77,7.4,-9900,-9900,0.0,0.0
2021,11,19,6,60,0.0,0.0,0.0,0.0,0.0,5,24.0,19.0,75,1012.0,72,7.4,-9900,-9900,0.0,0.0
2021,11,19,7,60,0.0,0.0,0.0,0.0,0.0,5,24.3,19.3,72,1011.4,69,9.3,-9900,-9900,0.0,0.0
2021,11,19,8,60,0.0,0.0,0.0,0.0,0.0,5,23.7,18.7,74,1011.6,75,9.3,-9900,-9900,0.0,0.0
2021,11,19,9,60,0.0,0.0,0.0,0.0,0.0,5,23.2,18.2,75,1011.8,79,9.3,-9900,-9900,0.0,0.0
2021,11,19,10,60,0.0,0.0,0.0,0.0,0.0,5,22.7,17.7,77,1012.0,83,11.1,-9900,-9900,0.0,0.0
2021,11,19,11,60,0.0,0.0,0.0,0.0,0.0,5,23.0,18.0,78,1012.5,90,13.0,-9900,-9900,0.0,0.0
2021,11,19,12,60,0.0,0.0,0.0,0.0,0.0,5,22.7,17.7,79,1013.0,91,11.1,-9900,-9900,0.0,0.0
2021,11,19,13,60,0.0,0.0,0.0,0.0,0.0,5,22.4,17.4,80,1013.4,92,11.1,-9900,-9900,0.0,0.0
2021,11,19,14,60,0.0,0.0,0.0,0.0,0.0,5,22.4,17.4,80,1013.3,93,11.1,-9900,-9900,0.0,0.0
2021,11,19,15,60,0.0,0.0,0.0,0.0,0.0,5,22.3,17.3,81,1013.3,94,11.1,-9900,-9900,0.0,0.0
2021,11,19,16,60,0.0,0.0,0.0,0.0,0.0,5,22.3,17.3,81,1013.2,95,11.1,-9900,-9900,0.0,0.0
2021,11,19,17,60,0.0,0.0,0.0,0.0,0.0,5,22.8,17.8,79,1012.8,81,13.0,-9900,-9900,0.0,0.0
2021,11,19,18,60,0.0,0.0,0.0,0.0,0.0,5,22.6,17.6,79,1012.6,82,13.0,-9900,-9900,0.0,0.0
2021,11,19,19,60,0.0,0.0,0.0,0.0,0.0,5,22.5,17.5,79,1012.3,82,13.0,-9900,-9900,0.0,0.0
2021,11,19,20,60,0.0,0.0,0.0,0.0,0.0,5,22.3,17.3,80,1012.5,86,11.1,-9900,-9900,0.0,0.0
2021,11,19,21,60,0.0,0.0,0.0,0.0,0.0,5,22.1,17.1,82,1012.7,90,11.1,-9900,-9900,0.0,0.0
2021,11,19,22,60,0.0,0.0,0.0,0.0,0.0,5,22.0,17.0,82,1012.9,95,9.3,-9900,-9900,0.0,0.0
2021,11,19,23,60,0.0,0.0,0.0,0.0,0.0,5,22.7,17.7,83,1013.5,95,13.0,-9900,-9900,0.0,0.0
2021,11,19,24,60,0.0,0.0,0.0,0.0,0.0,5,22.9,17.9,82,1014.1,93,13.0,-9900,-9900,0.0,0.0
2021,11,20,1,60,0.0,0.0,0.0,0.0,0.0,5,23.2,18.2,81,1014.7,91,13.0,-9900,-9900,0.0,0.0
2021,11,20,2,60,0.0,0.0,0.0,0.0,0.0,5,24.0,19.0,77,1014.5,89,14.8,-9900,-9900,0.0,0.0
2021,11,20,3,60,0.0,0.0,0.0,0.0,0.0,5,24.7,19.7,75,1014.3,87,14.8,-9900,-9900,0.0,0.0
2021,11,20,4,60,0.0,0.0,0.0,0.0,0.0,5,25.5,20.5,72,1014.1,85,16.7,-9900,-9900,0.0,0.0
2021,11,20,5,60,0.0,0.0,0.0,0.0,0.0,5,25.7,20.7,70,1013.3,84,16.7,-9900,-9900,0.0,0.0
2021,11,20,6,60,0.0,0.0,0.0,0.0,0.0,5,25.8,20.8,69,1012.6,82,16.7,-9900,-9900,0.0,0.0
2021,11,20,7,60,0.0,0.0,0.0,0.0,0.0,5,26.0,21.0,67,1011.8,81,18.5,-9900,-9900,0.0,0.0
2021,11,20,8,60,0.0,0.0,0.0,0.0,0.0,5,25.4,20.4,69,1012.1,82,16.7,-9900,-9900,0.0,0.0
2021,11,20,9,60,0.0,0.0,0.0,0.0,0.0,5,24.8,19.8,72,1012.4,84,16.7,-9900,-9900,0.0,0.0
2021,11,20,10,60,0.0,0.0,0.0,0.0,0.0,5,24.2,19.2,74,1012.7,86,14.8,-9900,-9900,0.0,0.0
2021,11,20,11,60,0.0,0.0,0.0,0.0,0.0,5,22.8,17.8,82,1013.8,90,14.8,-9900,-9900,0.0,0.0
2021,11,20,12,60,0.0,0.0,0.0,0.0,0.0,5,22.7,17.7,83,1014.2,89,14.8,-9900,-9900,0.0,0.0
2021,11,20,13,60,0.0,0.0,0.0,0.0,0.0,5,22.7,17.7,83,1014.7,88,13.0,-9900,-9900,0.0,0.0
2021,11,20,14,60,0.0,0.0,0.0,0.0,0.0,5,22.8,17.8,83,1014.7,89,13.0,-9900,-9900,0.0,0.0
2021,11,20,15,60,0.0,0.0,0.0,0.0,0.0,5,22.8,17.8,83,1014.7,90,11.1,-9900,-9900,0.0,0.0
2021,11,20,16,60,0.0,0.0,0.0,0.0,0.0,5,22.9,17.9,82,1014.8,92,11.1,-9900,-9900,0.0,0.0
2021,11,20,17,60,0.0,0.0,0.0,0.0,0.0,5,22.6,17.6,86,1014.4,106,9.3,-9900,-9900,0.0,0.0
2021,11,20,18,60,0.0,0.0,0.0,0.0,0.0,5,22.3,17.3,87,1014.0,110,9.3,-9900,-9900,0.0,0.0
2021,11,20,19,60,0.0,0.0,0.0,0.0,0.0,5,22.1,17.1,87,1013.6,115,7.4,-9900,-9900,0.0,0.0
2021,11,20,20,60,0.0,0.0,0.0,0.0,0.0,5,21.9,16.9,87,1013.6,122,5.5,-9900,-9900,0.0,0.0
2021,11,20,21,60,0.0,0.0,0.0,0.0,0.0,5,21.7,16.7,87,1013.5,134,5.5,-9900,-9900,0.0,0.0
2021,11,20,22,60,0.0,0.0,0.0,0.0,0.0,5,21.5,16.5,87,1013.5,155,3.7,-9900,-9900,0.0,0.0
2021,11,20,23,60,0.0,0.0,0.0,0.0,0.0,5,21.9,16.9,78,1014.1,124,5.5,-9900,-9900,0.0,0.0
2021,11,20,24,60,0.0,0.0,0.0,0.0,0.0,5,22.5,17.5,76,1014.4,126,5.5,-9900,-9900,0.0,0.0
2021,11,21,1,60,0.0,0.0,0.0,0.0,0.0,5,23.1,18.1,74,1014.8,128,5.5,-9900,-9900,0.0,0.0
2021,11,21,2,60,0.0,0.0,0.0,0.0,0.0,5,24.6,19.6,71,1014.3,123,5.5,-9900,-9900,0.0,0.0
2021,11,21,3,60,0.0,0.0,0.0,0.0,0.0,5,26.1,21.1,67,1013.9,116,5.5,-9900,-9900,0.0,0.0
2021,11,21,4,60,0.0,0.0,0.0,0.0,0.0,5,27.5,22.5,64,1013.5,101,5.5,-9900,-9900,0.0,0.0
2021,11,21,5,60,0.0,0.0,0.0,0.0,0.0,5,27.2,22.2,65,1012.6,80,7.4,-9900,-9900,0.0,0.0
2021,11,21,6,60,0.0,0.0,0.0,0.0,0.0,5,27.4,22.4,64,1011.9,67,7.4,-9900,-9900,0.0,0.0
2021,11,21,7,60,0.0,0.0,0.0,0.0,0.0,5,27.6,22.6,64,1011.2,45,7.4,-9900,-9900,0.0,0.0
2021,11,21,8,60,0.0,0.0,0.0,0.0,0.0,5,26.7,21.7,66,1011.4,52,7.4,-9900,-9900,0.0,0.0
2021,11,21,9,60,0.0,0.0,0.0,0.0,0.0,5,25.8,20.8,70,1011.6,61,7.4,-9900,-9900,0.0,0.0
2021,11,21,10,60,0.0,0.0,0.0,0.0,0.0,5,25.0,20.0,72,1011.8,69,7.4,-9900,-9900,0.0,0.0
2021,11,21,11,60,0.0,0.0,0.0,0.0,0.0,5,24.6,19.6,75,1013.0,346,5.5,-9900,-9900,0.0,0.0
2021,11,21,12,60,0.0,0.0,0.0,0.0,0.0,5,24.1,19.1,77,1013.4,311,3.7,-9900,-9900,0.0,0.0
2021,11,21,13,60,0.0,0.0,0.0,0.0,0.0,5,23.6,18.6,80,1013.8,261,3.7,-9900,-9900,0.0,0.0
2021,11,21,14,60,0.0,0.0,0.0,0.0,0.0,5,23.5,18.5,80,1013.8,245,3.7,-9900,-9900,0.0,0.0
2021,11,21,15,60,0.0,0.0,0.0,0.0,0.0,5,23.3,18.3,82,1013.8,229,3.7,-9900,-9900,0.0,0.0
2021,11,21,16,60,0.0,0.0,0.0,0.0,0.0,5,23.1,18.1,83,1013.8,216,5.5,-9900,-9900,0.0,0.0
2021,11,21,17,60,0.0,0.0,0.0,0.0,0.0,5,22.8,17.8,84,1013.6,237,3.7,-9900,-9900,0.0,0.0
2021,11,21,18,60,0.0,0.0,0.0,0.0,0.0,5,22.6,17.6,85,1013.6,241,3.7,-9900,-9900,0.0,0.0
2021,11,21,19,60,0.0,0.0,0.0,0.0,0.0,5,22.4,17.4,85,1013.5,245,3.7,-9900,-9900,0.0,0.0
2021,11,21,20,60,0.0,0.0,0.0,0.0,0.0,5,22.0,17.0,85,1013.8,246,3.7,-9900,-9900,0.0,0.0
2021,11,21,21,60,0.0,0.0,0.0,0.0,0.0,5,21.7,16.7,85,1014.1,249,3.7,-9900,-9900,0.0,0.0
2021,11,21,22,60,0.0,0.0,0.0,0.0,0.0,5,21.3,16.3,85,1014.5,259,3.7,-9900,-9900,0.0,0.0
2021,11,21,23,60,0.0,0.0,0.0,0.0,0.0,5,20.7,15.7,88,1015.1,105,5.5,-9900,-9900,0.0,0.0
2021,11,21,24,60,0.0,0.0,0.0,0.0,0.0,5,20.6,15.6,86,1016.1,108,5.5,-9900,-9900,0.0,0.0
2021,11,22,1,60,0.0,0.0,0.0,0.0,0.0,5,20.4,15.4,85,1017.1,110,5.5,-9900,-9900,0.0,0.0
2021,11,22,2,60,0.0,0.0,0.0,0.0,0.0,5,20.1,15.1,83,1017.7,80,7.4,-9900,-9900,0.0,0.0
2021,11,22,3,60,0.0,0.0,0.0,0.0,0.0,5,19.7,14.7,81,1018.3,66,7.4,-9900,-9900,0.0,0.0
2021,11,22,4,60,0.0,0.0,0.0,0.0,0.0,5,19.4,14.4,79,1019.0,58,9.3,-9900,-9900,0.0,0.0
2021,11,22,5,60,0.0,0.0,0.0,0.0,0.0,5,19.4,14.4,82,1018.3,61,7.4,-9900,-9900,0.0,0.0
2021,11,22,6,60,0.0,0.0,0.0,0.0,0.0,5,18.9,13.9,81,1018.2,61,7.4,-9900,-9900,0.0,0.0
2021,11,22,7,60,0.0,0.0,0.0,0.0,0.0,5,18.3,13.3,81,1018.1,61,9.3,-9900,-9900,0.0,0.0
2021,11,22,8,60,0.0,0.0,0.0,0.0,0.0,5,18.1,13.1,80,1018.8,61,9.3,-9900,-9900,0.0,0.0
2021,11,22,9,60,0.0,0.0,0.0,0.0,0.0,5,17.9,12.9,78,1019.4,60,9.3,-9900,-9900,0.0,0.0
2021,11,22,10,60,0.0,0.0,0.0,0.0,0.0,5,17.7,12.7,76,1020.1,60,7.4,-9900,-9900,0.0,0.0
2021,11,22,11,60,0.0,0.0,0.0,0.0,0.0,5,17.8,12.8,74,1020.7,73,13.0,-9900,-9900,0.0,0.0
2021,11,22,12,60,0.0,0.0,0.0,0.0,0.0,5,17.4,12.4,74,1021.4,77,11.1,-9900,-9900,0.0,0.0
2021,11,22,13,60,0.0,0.0,0.0,0.0,0.0,5,17.1,12.1,75,1022.0,81,11.1,-9900,-9900,0.0,0.0
2021,11,22,14,60,0.0,0.0,0.0,0.0,0.0,5,16.9,11.9,75,1022.2,80,11.1,-9900,-9900,0.0,0.0
2021,11,22,15,60,0.0,0.0,0.0,0.0,0.0,5,16.7,11.7,75,1022.4,78,11.1,-9900,-9900,0.0,0.0
2021,11,22,16,60,0.0,0.0,0.0,0.0,0.0,5,16.5,11.5,75,1022.5,77,9.3,-9900,-9900,0.0,0.0
2021,11,22,17,60,0.0,0.0,0.0,0.0,0.0,5,16.3,11.3,75,1022.3,79,9.3,-9900,-9900,0.0,0.0
2021,11,22,18,60,0.0,0.0,0.0,0.0,0.0,5,16.2,11.2,75,1022.0,80,9.3,-9900,-9900,0.0,0.0
2021,11,22,19,60,0.0,0.0,0.0,0.0,0.0,5,16.1,11.1,75,1021.7,82,9.3,-9900,-9900,0.0,0.0
2021,11,22,20,60,0.0,0.0,0.0,0.0,0.0,5,16.0,11.0,76,1021.8,82,9.3,-9900,-9900,0.0,0.0
2021,11,22,21,60,0.0,0.0,0.0,0.0,0.0,5,15.9,10.9,76,1021.8,81,9.3,-9900,-9900,0.0,0.0
2021,11,22,22,60,0.0,0.0,0.0,0.0,0.0,5,15.7,10.7,76,1021.8,81,7.4,-9900,-9900,0.0,0.0
2021,11,22,23,60,0.0,0.0,0.0,0.0,0.0,5,15.4,10.4,80,1022.4,91,11.1,-9900,-9900,0.0,0.0
2021,11,22,24,60,0.0,0.0,0.0,0.0,0.0,5,15.4,10.4,80,1022.9,92,11.1,-9900,-9900,0.0,0.0
2021,11,23,1,60,0.0,0.0,0.0,0.0,0.0,5,15.5,10.5,79,1023.4,93,11.1,-9900,-9900,0.0,0.0
2021,11,23,2,60,0.0,0.0,0.0,0.0,0.0,5,15.6,10.6,78,1023.3,90,11.1,-9900,-9900,0.0,0.0
2021,11,23,3,60,0.0,0.0,0.0,0.0,0.0,5,15.8,10.8,77,1023.2,87,13.0,-9900,-9900,0.0,0.0
2021,11,23,4,60,0.0,0.0,0.0,0.0,0.0,5,15.9,10.9,77,1023.2,85,13.0,-9900,-9900,0.0,0.0
2021,11,23,5,60,0.0,0.0,0.0,0.0,0.0,5,15.3,10.3,83,1022.3,85,13.0,-9900,-9900,0.0,0.0
2021,11,23,6,60,0.0,0.0,0.0,0.0,0.0,5,15.5,10.5,81,1021.6,83,13.0,-9900,-9900,0.0,0.0
2021,11,23,7,60,0.0,0.0,0.0,0.0,0.0,5,15.6,10.6,79,1021.0,82,13.0,-9900,-9900,0.0,0.0
2021,11,23,8,60,0.0,0.0,0.0,0.0,0.0,5,15.7,10.7,78,1021.2,85,13.0,-9900,-9900,0.0,0.0
2021,11,23,9,60,0.0,0.0,0.0,0.0,0.0,5,15.7,10.7,78,1021.4,88,11.1,-9900,-9900,0.0,0.0
2021,11,23,10,60,0.0,0.0,0.0,0.0,0.0,5,15.7,10.7,78,1021.5,92,11.1,-9900,-9900,0.0,0.0
2021,11,23,11,60,0.0,0.0,0.0,0.0,0.0,5,15.7,10.7,80,1022.0,92,13.0,-9900,-9900,0.0,0.0
2021,11,23,12,60,0.0,0.0,0.0,0.0,0.0,5,15.8,10.8,79,1022.4,94,13.0,-9900,-9900,0.0,0.0
2021,11,23,13,60,0.0,0.0,0.0,0.0,0.0,5,15.8,10.8,78,1022.8,96,11.1,-9900,-9900,0.0,0.0
2021,11,23,14,60,0.0,0.0,0.0,0.0,0.0,5,15.9,10.9,78,1022.9,95,11.1,-9900,-9900,0.0,0.0
2021,11,23,15,60,0.0,0.0,0.0,0.0,0.0,5,15.9,10.9,78,1022.9,95,11.1,-9900,-9900,0.0,0.0
2021,11,23,16,60,0.0,0.0,0.0,0.0,0.0,5,15.9,10.9,78,1022.9,94,11.1,-9900,-9900,0.0,0.0
2021,11,23,17,60,0.0,0.0,0.0,0.0,0.0,5,15.5,10.5,83,1022.7,95,11.1,-9900,-9900,0.0,0.0
2021,11,23,18,60,0.0,0.0,0.0,0.0,0.0,5,15.5,10.5,83,1022.4,95,11.1,-9900,-9900,0.0,0.0
2021,11,23,19,60,0.0,0.0,0.0,0.0,0.0,5,15.6,10.6,82,1022.0,95,9.3,-9900,-9900,0.0,0.0
2021,11,23,20,60,0.0,0.0,0.0,0.0,0.0,5,15.8,10.8,81,1021.9,95,9.3,-9900,-9900,0.0,0.0
2021,11,23,21,60,0.0,0.0,0.0,0.0,0.0,5,15.9,10.9,81,1021.8,96,9.3,-9900,-9900,0.0,0.0
2021,11,23,22,60,0.0,0.0,0.0,0.0,0.0,5,16.0,11.0,80,1021.6,96,11.1,-9900,-9900,0.0,0.0
2021,11,23,23,60,0.0,0.0,0.0,0.0,0.0,5,16.7,11.7,76,1022.3,97,11.1,-9900,-9900,0.0,0.0
2021,11,23,24,60,0.0,0.0,0.0,0.0,0.0,5,16.9,11.9,76,1022.6,95,11.1,-9900,-9900,0.0,0.0
2021,11,24,1,60,0.0,0.0,0.0,0.0,0.0,5,17.1,12.1,75,1023.0,94,11.1,-9900,-9900,0.0,0.0
2021,11,24,2,60,0.0,0.0,0.0,0.0,0.0,5,17.8,12.8,73,1022.6,91,13.0,-9900,-9900,0.0,0.0
2021,11,24,3,60,0.0,0.0,0.0,0.0,0.0,5,18.6,13.6,70,1022.2,89,14.8,-9900,-9900,0.0,0.0
2021,11,24,4,60,0.0,0.0,0.0,0.0,0.0,5,19.3,14.3,67,1021.9,88,14.8,-9900,-9900,0.0,0.0
2021,11,24,5,60,0.0,0.0,0.0,0.0,0.0,5,19.6,14.6,62,1020.9,87,14.8,-9900,-9900,0.0,0.0
2021,11,24,6,60,0.0,0.0,0.0,0.0,0.0,5,19.8,14.8,62,1020.0,86,14.8,-9900,-9900,0.0,0.0
2021,11,24,7,60,0.0,0.0,0.0,0.0,0.0,5,19.9,14.9,62,1019.2,86,14.8,-9900,-9900,0.0,0.0
2021,11,24,8,60,0.0,0.0,0.0,0.0,0.0,5,19.7,14.7,64,1019.2,89,14.8,-9900,-9900,0.0,0.0
2021,11,24,9,60,0.0,0.0,0.0,0.0,0.0,5,19.5,14.5,67,1019.2,92,14.8,-9900,-9900,0.0,0.0
2021,11,24,10,60,0.0,0.0,0.0,0.0,0.0,5,19.2,14.2,70,1019.2,95,13.0,-9900,-9900,0.0,0.0
2021,11,24,11,60,0.0,0.0,0.0,0.0,0.0,5,18.8,13.8,74,1019.8,95,14.8,-9900,-9900,0.0,0.0
2021,11,24,12,60,0.0,0.0,0.0,0.0,0.0,5,18.9,13.9,75,1019.9,95,13.0,-9900,-9900,0.0,0.0
2021,11,24,13,60,0.0,0.0,0.0,0.0,0.0,5,19.1,14.1,75,1020.1,95,11.1,-9900,-9900,0.0,0.0
2021,11,24,14,60,0.0,0.0,0.0,0.0,0.0,5,19.1,14.1,76,1019.8,94,11.1,-9900,-9900,0.0,0.0
2021,11,24,15,60,0.0,0.0,0.0,0.0,0.0,5,19.2,14.2,76,1019.5,93,11.1,-9900,-9900,0.0,0.0
2021,11,24,16,60,0.0,0.0,0.0,0.0,0.0,5,19.2,14.2,77,1019.2,91,11.1,-9900,-9900,0.0,0.0
2021,11,24,17,60,0.0,0.0,0.0,0.0,0.0,5,19.1,14.1,78,1018.9,95,9.3,-9900,-9900,0.0,0.0
2021,11,24,18,60,0.0,0.0,0.0,0.0,0.0,5,19.0,14.0,79,1018.6,100,9.3,-9900,-9900,0.0,0.0
2021,11,24,19,60,0.0,0.0,0.0,0.0,0.0,5,18.9,13.9,81,1018.3,106,7.4,-9900,-9900,0.0,0.0
2021,11,24,20,60,0.0,0.0,0.0,0.0,0.0,5,18.8,13.8,81,1018.3,112,5.5,-9900,-9900,0.0,0.0
2021,11,24,21,60,0.0,0.0,0.0,0.0,0.0,5,18.6,13.6,82,1018.2,120,5.5,-9900,-9900,0.0,0.0
2021,11,24,22,60,0.0,0.0,0.0,0.0,0.0,5,18.5,13.5,82,1018.2,133,5.5,-9900,-9900,0.0,0.0
2021,11,24,23,60,0.0,0.0,0.0,0.0,0.0,5,19.3,14.3,83,1018.5,86,7.4,-9900,-9900,0.0,0.0
2021,11,24,24,60,0.0,0.0,0.0,0.0,0.0,5,19.4,14.4,83,1019.0,90,7.4,-9900,-9900,0.0,0.0
2021,11,25,1,60,0.0,0.0,0.0,0.0,0.0,5,19.6,14.6,82,1019.5,94,7.4,-9900,-9900,0.0,0.0
2021,11,25,2,60,0.0,0.0,0.0,0.0,0.0,5,20.5,15.5,78,1019.2,89,9.3,-9900,-9900,0.0,0.0
2021,11,25,3,60,0.0,0.0,0.0,0.0,0.0,5,21.5,16.5,75,1019.0,84,9.3,-9900,-9900,0.0,0.0
2021,11,25,4,60,0.0,0.0,0.0,0.0,0.0,5,22.5,17.5,71,1018.7,79,9.3,-9900,-9900,0.0,0.0
2021,11,25,5,60,0.0,0.0,0.0,0.0,0.0,5,22.6,17.6,72,1018.3,86,13.0,-9900,-9900,0.0,0.0
2021,11,25,6,60,0.0,0.0,0.0,0.0,0.0,5,22.8,17.8,71,1017.5,86,13.0,-9900,-9900,0.0,0.0
2021,11,25,7,60,0.0,0.0,0.0,0.0,0.0,5,23.1,18.1,69,1016.7,87,13.0,-9900,-9900,0.0,0.0
2021,11,25,8,60,0.0,0.0,0.0,0.0,0.0,5,22.6,17.6,72,1016.9,87,13.0,-9900,-9900,0.0,0.0
2021,11,25,9,60,0.0,0.0,0.0,0.0,0.0,5,22.1,17.1,74,1017.1,88,13.0,-9900,-9900,0.0,0.0
2021,11,25,10,60,0.0,0.0,0.0,0.0,0.0,5,21.6,16.6,76,1017.3,88,13.0,-9900,-9900,0.0,0.0
2021,11,25,11,60,0.0,0.0,0.0,0.0,0.0,5,21.2,16.2,79,1017.9,86,13.0,-9900,-9900,0.0,0.0
2021,11,25,12,60,0.0,0.0,0.0,0.0,0.0,5,21.1,16.1,80,1018.3,86,13.0,-9900,-9900,0.0,0.0
2021,11,25,13,60,0.0,0.0,0.0,0.0,0.0,5,21.0,16.0,81,1018.6,86,13.0,-9900,-9900,0.0,0.0
2021,11,25,14,60,0.0,0.0,0.0,0.0,0.0,5,20.9,15.9,82,1018.6,85,13.0,-9900,-9900,0.0,0.0
2021,11,25,15,60,0.0,0.0,0.0,0.0,0.0,5,20.9,15.9,83,1018.6,85,13.0,-9900,-9900,0.0,0.0
2021,11,25,16,60,0.0,0.0,0.0,0.0,0.0,5,20.8,15.8,84,1018.6,85,13.0,-9900,-9900,0.0,0.0
2021,11,25,17,60,0.0,0.0,0.0,0.0,0.0,5,19.4,14.4,94,1018.7,91,13.0,-9900,-9900,0.0,0.0
2021,11,25,18,60,0.0,0.0,0.0,0.0,0.0,5,19.6,14.6,93,1018.3,91,11.1,-9900,-9900,0.0,0.0
2021,11,25,19,60,0.0,0.0,0.0,0.0,0.0,5,19.7,14.7,93,1018.0,91,11.1,-9900,-9900,0.0,0.0
2021,11,25,20,60,0.0,0.0,0.0,0.0,0.0,5,19.7,14.7,92,1018.0,93,11.1,-9900,-9900,0.0,0.0
2021,11,25,21,60,0.0,0.0,0.0,0.0,0.0,5,19.8,14.8,91,1018.0,95,9.3,-9900,-9900,0.0,0.0
2021,11,25,22,60,0.0,0.0,0.0,0.0,0.0,5,19.8,14.8,91,1018.1,96,9.3,-9900,-9900,0.0,0.0
2021,11,25,23,60,0.0,0.0,0.0,0.0,0.0,5,20.4,15.4,90,1019.0,82,11.1,-9900,-9900,0.0,0.0
2021,11,25,24,60,0.0,0.0,0.0,0.0,0.0,5,20.5,15.5,89,1019.6,82,11.1,-9900,-9900,0.0,0.0
2021,11,26,1,60,0.0,0.0,0.0,0.0,0.0,5,20.5,15.5,89,1020.2,82,11.1,-9900,-9900,0.0,0.0
2021,11,26,2,60,0.0,0.0,0.0,0.0,0.0,5,20.8,15.8,86,1020.2,81,13.0,-9900,-9900,0.0,0.0
2021,11,26,3,60,0.0,0.0,0.0,0.0,0.0,5,21.1,16.1,83,1020.3,80,13.0,-9900,-9900,0.0,0.0
2021,11,26,4,60,0.0,0.0,0.0,0.0,0.0,5,21.3,16.3,81,1020.4,79,14.8,-9900,-9900,0.0,0.0
2021,11,26,5,60,0.0,0.0,0.0,0.0,0.0,5,20.7,15.7,82,1019.5,81,14.8,-9900,-9900,0.0,0.0
2021,11,26,6,60,0.0,0.0,0.0,0.0,0.0,5,20.8,15.8,80,1019.1,79,14.8,-9900,-9900,0.0,0.0
2021,11,26,7,60,0.0,0.0,0.0,0.0,0.0,5,20.8,15.8,79,1018.7,77,16.7,-9900,-9900,0.0,0.0
2021,11,26,8,60,0.0,0.0,0.0,0.0,0.0,5,20.5,15.5,80,1019.1,78,16.7,-9900,-9900,0.0,0.0
2021,11,26,9,60,0.0,0.0,0.0,0.0,0.0,5,20.3,15.3,80,1019.5,80,14.8,-9900,-9900,0.0,0.0
2021,11,26,10,60,0.0,0.0,0.0,0.0,0.0,5,20.0,15.0,80,1019.9,81,14.8,-9900,-9900,0.0,0.0
2021,11,26,11,60,0.0,0.0,0.0,0.0,0.0,5,19.6,14.6,85,1020.9,89,16.7,-9900,-9900,0.0,0.0
2021,11,26,12,60,0.0,0.0,0.0,0.0,0.0,5,19.6,14.6,84,1021.5,87,16.7,-9900,-9900,0.0,0.0
2021,11,26,13,60,0.0,0.0,0.0,0.0,0.0,5,19.5,14.5,83,1022.2,86,14.8,-9900,-9900,0.0,0.0
2021,11,26,14,60,0.0,0.0,0.0,0.0,0.0,5,19.5,14.5,83,1022.3,88,14.8,-9900,-9900,0.0,0.0
2021,11,26,15,60,0.0,0.0,0.0,0.0,0.0,5,19.5,14.5,82,1022.5,89,14.8,-9900,-9900,0.0,0.0
2021,11,26,16,60,0.0,0.0,0.0,0.0,0.0,5,19.4,14.4,82,1022.7,91,14.8,-9900,-9900,0.0,0.0
2021,11,26,17,60,0.0,0.0,0.0,0.0,0.0,5,19.3,14.3,82,1022.5,89,14.8,-9900,-9900,0.0,0.0
2021,11,26,18,60,0.0,0.0,0.0,0.0,0.0,5,19.1,14.1,83,1022.3,88,14.8,-9900,-9900,0.0,0.0
2021,11,26,19,60,0.0,0.0,0.0,0.0,0.0,5,19.0,14.0,83,1022.1,86,14.8,-9900,-9900,0.0,0.0
2021,11,26,20,60,0.0,0.0,0.0,0.0,0.0,5,19.0,14.0,82,1022.1,88,13.0,-9900,-9900,0.0,0.0
2021,11,26,21,60,0.0,0.0,0.0,0.0,0.0,5,18.9,13.9,82,1022.1,90,13.0,-9900,-9900,0.0,0.0
2021,11,26,22,60,0.0,0.0,0.0,0.0,0.0,5,18.9,13.9,81,1022.1,91,13.0,-9900,-9900,0.0,0.0
2021,11,26,23,60,0.0,0.0,0.0,0.0,0.0,5,17.6,12.6,92,1023.0,97,13.0,-9900,-9900,0.0,0.0
2021,11,26,24,60,0.0,0.0,0.0,0.0,0.0,5,18.1,13.1,89,1023.2,94,13.0,-9900,-9900,0.0,0.0
2021,11,27,1,60,0.0,0.0,0.0,0.0,0.0,5,18.5,13.5,88,1023.5,91,13.0,-9900,-9900,0.0,0.0
2021,11,27,2,60,0.0,0.0,0.0,0.0,0.0,5,19.1,14.1,85,1023.3,92,14.8,-9900,-9900,0.0,0.0
2021,11,27,3,60,0.0,0.0,0.0,0.0,0.0,5,19.7,14.7,83,1023.0,94,14.8,-9900,-9900,0.0,0.0
2021,11,27,4,60,0.0,0.0,0.0,0.0,0.0,5,20.3,15.3,81,1022.8,95,14.8,-9900,-9900,0.0,0.0
2021,11,27,5,60,0.0,0.0,0.0,0.0,0.0,5,20.3,15.3,78,1022.7,92,16.7,-9900,-9900,0.0,0.0
2021,11,27,6,60,0.0,0.0,0.0,0.0,0.0,5,20.4,15.4,76,1021.9,92,16.7,-9900,-9900,0.0,0.0
2021,11,27,7,60,0.0,0.0,0.0,0.0,0.0,5,20.5,15.5,75,1021.2,92,16.7,-9900,-9900,0.0,0.0
2021,11,27,8,60,0.0,0.0,0.0,0.0,0.0,5,20.3,15.3,77,1021.2,89,16.7,-9900,-9900,0.0,0.0
2021,11,27,9,60,0.0,0.0,0.0,0.0,0.0,5,20.2,15.2,78,1021.3,86,16.7,-9900,-9900,0.0,0.0
2021,11,27,10,60,0.0,0.0,0.0,0.0,0.0,5,20.0,15.0,80,1021.3,83,16.7,-9900,-9900,0.0,0.0
2021,11,27,11,60,0.0,0.0,0.0,0.0,0.0,5,19.5,14.5,88,1021.9,87,18.5,-9900,-9900,0.0,0.0
2021,11,27,12,60,0.0,0.0,0.0,0.0,0.0,5,19.7,14.7,87,1022.1,86,18.5,-9900,-9900,0.0,0.0
2021,11,27,13,60,0.0,0.0,0.0,0.0,0.0,5,19.8,14.8,87,1022.3,84,18.5,-9900,-9900,0.0,0.0
2021,11,27,14,60,0.0,0.0,0.0,0.0,0.0,5,19.9,14.9,87,1022.3,85,18.5,-9900,-9900,0.0,0.0
2021,11,27,15,60,0.0,0.0,0.0,0.0,0.0,5,20.1,15.1,86,1022.3,87,16.7,-9900,-9900,0.0,0.0
2021,11,27,16,60,0.0,0.0,0.0,0.0,0.0,5,20.2,15.2,86,1022.4,88,16.7,-9900,-9900,0.0,0.0
2021,11,27,17,60,0.0,0.0,0.0,0.0,0.0,5,20.3,15.3,85,1021.7,88,16.7,-9900,-9900,0.0,0.0
2021,11,27,18,60,0.0,0.0,0.0,0.0,0.0,5,20.4,15.4,83,1021.3,87,16.7,-9900,-9900,0.0,0.0
2021,11,27,19,60,0.0,0.0,0.0,0.0,0.0,5,20.4,15.4,83,1020.8,86,16.7,-9900,-9900,0.0,0.0
2021,11,27,20,60,0.0,0.0,0.0,0.0,0.0,5,20.4,15.4,83,1020.7,87,16.7,-9900,-9900,0.0,0.0
2021,11,27,21,60,0.0,0.0,0.0,0.0,0.0,5,20.3,15.3,83,1020.5,87,14.8,-9900,-9900,0.0,0.0
2021,11,27,22,60,0.0,0.0,0.0,0.0,0.0,5,20.2,15.2,84,1020.4,88,13.0,-9900,-9900,0.0,0.0
2021,11,27,23,60,0.0,0.0,0.0,0.0,0.0,5,20.9,15.9,84,1020.9,80,14.8,-9900,-9900,0.0,0.0
2021,11,27,24,60,0.0,0.0,0.0,0.0,0.0,5,21.3,16.3,83,1021.2,79,14.8,-9900,-9900,0.0,0.0
2021,11,28,1,60,0.0,0.0,0.0,0.0,0.0,5,21.6,16.6,82,1021.5,77,13.0,-9900,-9900,0.0,0.0
2021,11,28,2,60,0.0,0.0,0.0,0.0,0.0,5,22.3,17.3,79,1021.1,82,14.8,-9900,-9900,0.0,0.0
2021,11,28,3,60,0.0,0.0,0.0,0.0,0.0,5,22.9,17.9,77,1020.6,87,14.8,-9900,-9900,0.0,0.0
2021,11,28,4,60,0.0,0.0,0.0,0.0,0.0,5,23.6,18.6,75,1020.2,91,16.7,-9900,-9900,0.0,0.0
2021,11,28,5,60,0.0,0.0,0.0,0.0,0.0,5,24.0,19.0,68,1019.5,87,16.7,-9900,-9900,0.0,0.0
2021,11,28,6,60,0.0,0.0,0.0,0.0,0.0,5,24.0,19.0,69,1018.7,92,16.7,-9900,-9900,0.0,0.0
2021,11,28,7,60,0.0,0.0,0.0,0.0,0.0,5,24.1,19.1,69,1017.9,96,16.7,-9900,-9900,0.0,0.0
2021,11,28,8,60,0.0,0.0,0.0,0.0,0.0,5,23.6,18.6,71,1017.9,95,14.8,-9900,-9900,0.0,0.0
2021,11,28,9,60,0.0,0.0,0.0,0.0,0.0,5,23.2,18.2,73,1017.8,95,14.8,-9900,-9900,0.0,0.0
2021,11,28,10,60,0.0,0.0,0.0,0.0,0.0,5,22.7,17.7,74,1017.8,94,14.8,-9900,-9900,0.0,0.0
2021,11,28,11,60,0.0,0.0,0.0,0.0,0.0,5,21.9,16.9,83,1018.8,87,18.5,-9900,-9900,0.0,0.0
2021,11,28,12,60,0.0,0.0,0.0,0.0,0.0,5,21.9,16.9,82,1019.0,85,16.7,-9900,-9900,0.0,0.0
2021,11,28,13,60,0.0,0.0,0.0,0.0,0.0,5,21.8,16.8,83,1019.1,82,16.7,-9900,-9900,0.0,0.0
2021,11,28,14,60,0.0,0.0,0.0,0.0,0.0,5,21.8,16.8,84,1019.0,85,14.8,-9900,-9900,0.0,0.0
2021,11,28,15,60,0.0,0.0,0.0,0.0,0.0,5,21.9,16.9,84,1018.9,89,14.8,-9900,-9900,0.0,0.0
2021,11,28,16,60,0.0,0.0,0.0,0.0,0.0,5,21.9,16.9,85,1018.7,93,13.0,-9900,-9900,0.0,0.0
2021,11,28,17,60,0.0,0.0,0.0,0.0,0.0,5,21.9,16.9,85,1018.3,91,14.8,-9900,-9900,0.0,0.0
2021,11,28,18,60,0.0,0.0,0.0,0.0,0.0,5,21.8,16.8,85,1017.8,91,14.8,-9900,-9900,0.0,0.0
2021,11,28,19,60,0.0,0.0,0.0,0.0,0.0,5,21.7,16.7,85,1017.4,90,14.8,-9900,-9900,0.0,0.0
2021,11,28,20,60,0.0,0.0,0.0,0.0,0.0,5,21.5,16.5,85,1017.3,91,13.0,-9900,-9900,0.0,0.0
2021,11,28,21,60,0.0,0.0,0.0,0.0,0.0,5,21.4,16.4,86,1017.2,92,13.0,-9900,-9900,0.0,0.0
2021,11,28,22,60,0.0,0.0,0.0,0.0,0.0,5,21.2,16.2,86,1017.1,92,11.1,-9900,-9900,0.0,0.0
2021,11,28,23,60,0.0,0.0,0.0,0.0,0.0,5,22.3,17.3,81,1017.3,81,13.0,-9900,-9900,0.0,0.0
2021,11,28,24,60,0.0,0.0,0.0,0.0,0.0,5,22.6,17.6,80,1017.6,80,13.0,-9900,-9900,0.0,0.0
2021,11,29,1,60,0.0,0.0,0.0,0.0,0.0,5,23.0,18.0,79,1017.9,78,11.1,-9900,-9900,0.0,0.0
2021,11,29,2,60,0.0,0.0,0.0,0.0,0.0,5,23.9,18.9,76,1017.5,83,13.0,-9900,-9900,0.0,0.0
2021,11,29,3,60,0.0,0.0,0.0,0.0,0.0,5,24.7,19.7,73,1017.1,87,14.8,-9900,-9900,0.0,0.0
2021,11,29,4,60,0.0,0.0,0.0,0.0,0.0,5,25.6,20.6,70,1016.6,91,14.8,-9900,-9900,0.0,0.0
2021,11,29,5,60,0.0,0.0,0.0,0.0,0.0,5,25.8,20.8,68,1015.8,91,14.8,-9900,-9900,0.0,0.0
2021,11,29,6,60,0.0,0.0,0.0,0.0,0.0,5,26.1,21.1,66,1015.0,91,14.8,-9900,-9900,0.0,0.0
2021,11,29,7,60,0.0,0.0,0.0,0.0,0.0,5,26.3,21.3,64,1014.2,92,14.8,-9900,-9900,0.0,0.0
2021,11,29,8,60,0.0,0.0,0.0,0.0,0.0,5,25.6,20.6,67,1014.3,90,14.8,-9900,-9900,0.0,0.0
2021,11,29,9,60,0.0,0.0,0.0,0.0,0.0,5,24.9,19.9,69,1014.4,87,13.0,-9900,-9900,0.0,0.0
2021,11,29,10,60,0.0,0.0,0.0,0.0,0.0,5,24.3,19.3,71,1014.5,84,13.0,-9900,-9900,0.0,0.0
2021,11,29,11,60,0.0,0.0,0.0,0.0,0.0,5,23.9,18.9,74,1014.9,87,16.7,-9900,-9900,0.0,0.0
2021,11,29,12,60,0.0,0.0,0.0,0.0,0.0,5,23.5,18.5,75,1015.2,83,14.8,-9900,-9900,0.0,0.0
2021,11,29,13,60,0.0,0.0,0.0,0.0,0.0,5,23.2,18.2,77,1015.6,77,13.0,-9900,-9900,0.0,0.0
2021,11,29,14,60,0.0,0.0,0.0,0.0,0.0,5,23.1,18.1,78,1015.6,80,13.0,-9900,-9900,0.0,0.0
2021,11,29,15,60,0.0,0.0,0.0,0.0,0.0,5,23.0,18.0,80,1015.5,83,11.1,-9900,-9900,0.0,0.0
2021,11,29,16,60,0.0,0.0,0.0,0.0,0.0,5,22.9,17.9,81,1015.5,87,11.1,-9900,-9900,0.0,0.0
2021,11,29,17,60,0.0,0.0,0.0,0.0,0.0,5,22.7,17.7,77,1015.2,97,11.1,-9900,-9900,0.0,0.0
2021,11,29,18,60,0.0,0.0,0.0,0.0,0.0,5,22.3,17.3,79,1014.9,108,9.3,-9900,-9900,0.0,0.0
2021,11,29,19,60,0.0,0.0,0.0,0.0,0.0,5,21.9,16.9,81,1014.7,128,7.4,-9900,-9900,0.0,0.0
2021,11,29,20,60,0.0,0.0,0.0,0.0,0.0,5,21.7,16.7,82,1014.9,154,5.5,-9900,-9900,0.0,0.0
2021,11,29,21,60,0.0,0.0,0.0,0.0,0.0,5,21.4,16.4,83,1015.1,211,5.5,-9900,-9900,0.0,0.0
2021,11,29,22,60,0.0,0.0,0.0,0.0,0.0,5,21.2,16.2,84,1015.4,245,3.7,-9900,-9900,0.0,0.0
2021,11,29,23,60,0.0,0.0,0.0,0.0,0.0,5,21.3,16.3,83,1016.0,198,3.7,-9900,-9900,0.0,0.0
2021,11,29,24,60,0.0,0.0,0.0,0.0,0.0,5,21.5,16.5,83,1016.7,222,5.5,-9900,-9900,0.0,0.0
2021,11,30,1,60,0.0,0.0,0.0,0.0,0.0,5,21.6,16.6,83,1017.4,238,5.5,-9900,-9900,0.0,0.0
2021,11,30,2,60,0.0,0.0,0.0,0.0,0.0,5,22.1,17.1,80,1017.3,246,5.5,-9900,-9900,0.0,0.0
2021,11,30,3,60,0.0,0.0,0.0,0.0,0.0,5,22.5,17.5,78,1017.3,255,5.5,-9900,-9900,0.0,0.0
2021,11,30,4,60,0.0,0.0,0.0,0.0,0.0,5,23.0,18.0,75,1017.2,267,7.4,-9900,-9900,0.0,0.0
2021,11,30,5,60,0.0,0.0,0.0,0.0,0.0,5,23.4,18.4,76,1016.9,295,5.5,-9900,-9900,0.0,0.0
2021,11,30,6,60,0.0,0.0,0.0,0.0,0.0,5,22.9,17.9,75,1016.6,301,7.4,-9900,-9900,0.0,0.0
2021,11,30,7,60,0.0,0.0,0.0,0.0,0.0,5,22.5,17.5,74,1016.2,305,7.4,-9900,-9900,0.0,0.0
2021,11,30,8,60,0.0,0.0,0.0,0.0,0.0,5,21.8,16.8,73,1016.9,331,7.4,-9900,-9900,0.0,0.0
2021,11,30,9,60,0.0,0.0,0.0,0.0,0.0,5,21.1,16.1,72,1017.5,20,7.4,-9900,-9900,0.0,0.0
2021,11,30,10,60,0.0,0.0,0.0,0.0,0.0,5,20.4,15.4,72,1018.1,53,7.4,-9900,-9900,0.0,0.0
2021,11,30,11,60,0.0,0.0,0.0,0.0,0.0,5,19.9,14.9,70,1019.2,48,13.0,-9900,-9900,0.0,0.0
2021,11,30,12,60,0.0,0.0,0.0,0.0,0.0,5,19.3,14.3,70,1020.1,50,11.1,-9900,-9900,0.0,0.0
2021,11,30,13,60,0.0,0.0,0.0,0.0,0.0,5,18.8,13.8,70,1021.1,53,11.1,-9900,-9900,0.0,0.0
2021,11,30,14,60,0.0,0.0,0.0,0.0,0.0,5,18.4,13.4,70,1021.5,55,11.1,-9900,-9900,0.0,0.0
2021,11,30,15,60,0.0,0.0,0.0,0.0,0.0,5,18.1,13.1,69,1022.0,57,11.1,-9900,-9900,0.0,0.0
2021,11,30,16,60,0.0,0.0,0.0,0.0,0.0,5,17.8,12.8,69,1022.5,58,11.1,-9900,-9900,0.0,0.0
2021,11,30,17,60,0.0,0.0,0.0,0.0,0.0,5,17.5,12.5,70,1022.5,50,11.1,-9900,-9900,0.0,0.0
2021,11,30,18,60,0.0,0.0,0.0,0.0,0.0,5,16.9,11.9,70,1022.7,51,11.1,-9900,-9900,0.0,0.0
2021,11,30,19,60,0.0,0.0,0.0,0.0,0.0,5,16.4,11.4,70,1022.9,52,11.1,-9900,-9900,0.0,0.0
2021,11,30,20,60,0.0,0.0,0.0,0.0,0.0,5,16.1,11.1,69,1023.3,52,11.1,-9900,-9900,0.0,0.0
2021,11,30,21,60,0.0,0.0,0.0,0.0,0.0,5,15.8,10.8,68,1023.7,52,11.1,-9900,-9900,0.0,0.0
2021,11,30,22,60,0.0,0.0,0.0,0.0,0.0,5,15.4,10.4,68,1024.1,52,9.3,-9900,-9900,0.0,0.0
2021,11,30,23,60,0.0,0.0,0.0,0.0,0.0,5,15.4,10.4,56,1025.3,54,13.0,-9900,-9900,0.0,0.0
2021,11,30,24,60,0.0,0.0,0.0,0.0,0.0,5,15.5,10.5,57,1025.8,56,13.0,-9900,-9900,0.0,0.0
2021,12,1,1,60,0.0,0.0,0.0,0.0,0.0,5,15.6,10.6,57,1026.3,58,13.0,-9900,-9900,0.0,0.0
2021,12,1,2,60,0.0,0.0,0.0,0.0,0.0,5,16.1,11.1,57,1025.9,59,13.0,-9900,-9900,0.0,0.0
2021,12,1,3,60,0.0,0.0,0.0,0.0,0.0,5,16.5,11.5,57,1025.5,59,14.8,-9900,-9900,0.0,0.0
2021,12,1,4,60,0.0,0.0,0.0,0.0,0.0,5,17.0,12.0,57,1025.1,60,16.7,-9900,-9900,0.0,0.0
2021,12,1,5,60,0.0,0.0,0.0,0.0,0.0,5,17.0,12.0,53,1024.1,65,16.7,-9900,-9900,0.0,0.0
2021,12,1,6,60,0.0,0.0,0.0,0.0,0.0,5,16.9,11.9,54,1023.3,63,16.7,-9900,-9900,0.0,0.0
2021,12,1,7,60,0.0,0.0,0.0,0.0,0.0,5,16.9,11.9,55,1022.5,62,16.7,-9900,-9900,0.0,0.0
2021,12,1,8,60,0.0,0.0,0.0,0.0,0.0,5,16.6,11.6,57,1022.7,59,16.7,-9900,-9900,0.0,0.0
2021,12,1,9,60,0.0,0.0,0.0,0.0,0.0,5,16.4,11.4,59,1022.9,57,14.8,-9900,-9900,0.0,0.0
2021,12,1,10,60,0.0,0.0,0.0,0.0,0.0,5,16.1,11.1,62,1023.1,54,14.8,-9900,-9900,0.0,0.0
2021,12,1,11,60,0.0,0.0,0.0,0.0,0.0,5,16.0,11.0,62,1023.4,55,13.0,-9900,-9900,0.0,0.0
2021,12,1,12,60,0.0,0.0,0.0,0.0,0.0,5,15.9,10.9,63,1023.7,57,13.0,-9900,-9900,0.0,0.0
2021,12,1,13,60,0.0,0.0,0.0,0.0,0.0,5,15.9,10.9,63,1024.0,58,11.1,-9900,-9900,0.0,0.0
2021,12,1,14,60,0.0,0.0,0.0,0.0,0.0,5,15.9,10.9,64,1023.9,61,11.1,-9900,-9900,0.0,0.0
2021,12,1,15,60,0.0,0.0,0.0,0.0,0.0,5,15.8,10.8,66,1023.8,65,11.1,-9900,-9900,0.0,0.0
2021,12,1,16,60,0.0,0.0,0.0,0.0,0.0,5,15.8,10.8,67,1023.7,69,11.1,-9900,-9900,0.0,0.0
2021,12,1,17,60,0.0,0.0,0.0,0.0,0.0,5,15.8,10.8,62,1023.7,92,9.3,-9900,-9900,0.0,0.0
2021,12,1,18,60,0.0,0.0,0.0,0.0,0.0,5,15.6,10.6,64,1023.4,88,9.3,-9900,-9900,0.0,0.0
2021,12,1,19,60,0.0,0.0,0.0,0.0,0.0,5,15.5,10.5,65,1023.1,82,7.4,-9900,-9900,0.0,0.0
2021,12,1,20,60,0.0,0.0,0.0,0.0,0.0,5,15.4,10.4,66,1023.0,78,7.4,-9900,-9900,0.0,0.0
2021,12,1,21,60,0.0,0.0,0.0,0.0,0.0,5,15.3,10.3,67,1023.0,73,7.4,-9900,-9900,0.0,0.0
2021,12,1,22,60,0.0,0.0,0.0,0.0,0.0,5,15.2,10.2,68,1022.9,66,5.5,-9900,-9900,0.0,0.0
2021,12,1,23,60,0.0,0.0,0.0,0.0,0.0,5,16.5,11.5,65,1023.1,98,7.4,-9900,-9900,0.0,0.0
2021,12,1,24,60,0.0,0.0,0.0,0.0,0.0,5,16.6,11.6,65,1023.4,101,7.4,-9900,-9900,0.0,0.0
2021,12,2,1,60,0.0,0.0,0.0,0.0,0.0,5,16.8,11.8,65,1023.6,105,7.4,-9900,-9900,0.0,0.0
2021,12,2,2,60,0.0,0.0,0.0,0.0,0.0,5,17.6,12.6,62,1023.3,90,9.3,-9900,-9900,0.0,0.0
2021,12,2,3,60,0.0,0.0,0.0,0.0,0.0,5,18.5,13.5,58,1022.9,80,9.3,-9900,-9900,0.0,0.0
2021,12,2,4,60,0.0,0.0,0.0,0.0,0.0,5,19.4,14.4,55,1022.5,73,11.1,-9900,-9900,0.0,0.0
2021,12,2,5,60,0.0,0.0,0.0,0.0,0.0,5,18.9,13.9,58,1021.4,81,9.3,-9900,-9900,0.0,0.0
2021,12,2,6,60,0.0,0.0,0.0,0.0,0.0,5,19.1,14.1,57,1020.6,78,9.3,-9900,-9900,0.0,0.0
2021,12,2,7,60,0.0,0.0,0.0,0.0,0.0,5,19.3,14.3,56,1019.9,76,9.3,-9900,-9900,0.0,0.0
2021,12,2,8,60,0.0,0.0,0.0,0.0,0.0,5,18.8,13.8,57,1020.1,78,9.3,-9900,-9900,0.0,0.0
2021,12,2,9,60,0.0,0.0,0.0,0.0,0.0,5,18.3,13.3,59,1020.3,80,9.3,-9900,-9900,0.0,0.0
2021,12,2,10,60,0.0,0.0,0.0,0.0,0.0,5,17.7,12.7,62,1020.5,83,9.3,-9900,-9900,0.0,0.0
2021,12,2,11,60,0.0,0.0,0.0,0.0,0.0,5,17.9,12.9,65,1020.8,90,11.1,-9900,-9900,0.0,0.0
2021,12,2,12,60,0.0,0.0,0.0,0.0,0.0,5,17.4,12.4,66,1021.3,100,9.3,-9900,-9900,0.0,0.0
2021,12,2,13,60,0.0,0.0,0.0,0.0,0.0,5,17.0,12.0,67,1021.8,115,7.4,-9900,-9900,0.0,0.0
2021,12,2,14,60,0.0,0.0,0.0,0.0,0.0,5,16.7,11.7,68,1022.0,120,5.5,-9900,-9900,0.0,0.0
2021,12,2,15,60,0.0,0.0,0.0,0.0,0.0,5,16.4,11.4,70,1022.2,127,5.5,-9900,-9900,0.0,0.0
2021,12,2,16,60,0.0,0.0,0.0,0.0,0.0,5,16.1,11.1,71,1022.5,137,5.5,-9900,-9900,0.0,0.0
2021,12,2,17,60,0.0,0.0,0.0,0.0,0.0,5,15.2,10.2,73,1022.1,141,5.5,-9900,-9900,0.0,0.0
2021,12,2,18,60,0.0,0.0,0.0,0.0,0.0,5,14.8,9.8,74,1022.3,151,5.5,-9900,-9900,0.0,0.0
2021,12,2,19,60,0.0,0.0,0.0,0.0,0.0,5,14.5,9.5,73,1022.5,164,5.5,-9900,-9900,0.0,0.0
2021,12,2,20,60,0.0,0.0,0.0,0.0,0.0,5,14.2,9.2,74,1022.6,170,3.7,-9900,-9900,0.0,0.0
2021,12,2,21,60,0.0,0.0,0.0,0.0,0.0,5,14.0,9.0,74,1022.6,177,3.7,-9900,-9900,0.0,0.0
2021,12,2,22,60,0.0,0.0,0.0,0.0,0.0,5,13.8,8.8,74,1022.7,185,3.7,-9900,-9900,0.0,0.0
2021,12,2,23,60,0.0,0.0,0.0,0.0,0.0,5,14.1,9.1,79,1023.0,165,5.5,-9900,-9900,0.0,0.0
2021,12,2,24,60,0.0,0.0,0.0,0.0,0.0,5,14.6,9.6,75,1023.4,161,5.5,-9900,-9900,0.0,0.0
2021,12,3,1,60,0.0,0.0,0.0,0.0,0.0,5,15.1,10.1,72,1023.7,158,5.5,-9900,-9900,0.0,0.0
2021,12,3,2,60,0.0,0.0,0.0,0.0,0.0,5,16.5,11.5,64,1023.5,122,7.4,-9900,-9900,0.0,0.0
2021,12,3,3,60,0.0,0.0,0.0,0.0,0.0,5,17.9,12.9,56,1023.3,89,9.3,-9900,-9900,0.0,0.0
2021,12,3,4,60,0.0,0.0,0.0,0.0,0.0,5,19.4,14.4,49,1023.1,72,11.1,-9900,-9900,0.0,0.0
2021,12,3,5,60,0.0,0.0,0.0,0.0,0.0,5,19.4,14.4,47,1022.3,74,11.1,-9900,-9900,0.0,0.0
2021,12,3,6,60,0.0,0.0,0.0,0.0,0.0,5,19.6,14.6,46,1021.7,70,11.1,-9900,-9900,0.0,0.0
2021,12,3,7,60,0.0,0.0,0.0,0.0,0.0,5,19.9,14.9,45,1021.1,67,11.1,-9900,-9900,0.0,0.0
2021,12,3,8,60,0.0,0.0,0.0,0.0,0.0,5,19.3,14.3,47,1021.6,70,11.1,-9900,-9900,0.0,0.0
2021,12,3,9,60,0.0,0.0,0.0,0.0,0.0,5,18.6,13.6,49,1022.2,74,11.1,-9900,-9900,0.0,0.0
2021,12,3,10,60,0.0,0.0,0.0,0.0,0.0,5,17.9,12.9,52,1022.7,77,11.1,-9900,-9900,0.0,0.0
2021,12,3,11,60,0.0,0.0,0.0,0.0,0.0,5,17.1,12.1,51,1023.2,91,13.0,-9900,-9900,0.0,0.0
2021,12,3,12,60,0.0,0.0,0.0,0.0,0.0,5,16.7,11.7,53,1023.8,99,11.1,-9900,-9900,0.0,0.0
2021,12,3,13,60,0.0,0.0,0.0,0.0,0.0,5,16.3,11.3,55,1024.4,111,9.3,-9900,-9900,0.0,0.0
2021,12,3,14,60,0.0,0.0,0.0,0.0,0.0,5,16.1,11.1,57,1024.5,109,9.3,-9900,-9900,0.0,0.0
2021,12,3,15,60,0.0,0.0,0.0,0.0,0.0,5,16.0,11.0,58,1024.7,107,9.3,-9900,-9900,0.0,0.0
2021,12,3,16,60,0.0,0.0,0.0,0.0,0.0,5,15.8,10.8,59,1024.8,105,11.1,-9900,-9900,0.0,0.0
2021,12,3,17,60,0.0,0.0,0.0,0.0,0.0,5,14.6,9.6,60,1024.5,108,11.1,-9900,-9900,0.0,0.0
2021,12,3,18,60,0.0,0.0,0.0,0.0,0.0,5,14.6,9.6,62,1024.3,111,9.3,-9900,-9900,0.0,0.0
2021,12,3,19,60,0.0,0.0,0.0,0.0,0.0,5,14.6,9.6,62,1024.1,115,9.3,-9900,-9900,0.0,0.0
2021,12,3,20,60,0.0,0.0,0.0,0.0,0.0,5,14.6,9.6,64,1024.2,116,7.4,-9900,-9900,0.0,0.0
2021,12,3,21,60,0.0,0.0,0.0,0.0,0.0,5,14.5,9.5,66,1024.4,119,7.4,-9900,-9900,0.0,0.0
2021,12,3,22,60,0.0,0.0,0.0,0.0,0.0,5,14.5,9.5,67,1024.6,121,5.5,-9900,-9900,0.0,0.0
2021,12,3,23,60,0.0,0.0,0.0,0.0,0.0,5,15.0,10.0,66,1024.8,116,5.5,-9900,-9900,0.0,0.0
2021,12,3,24,60,0.0,0.0,0.0,0.0,0.0,5,15.5,10.5,65,1025.0,112,7.4,-9900,-9900,0.0,0.0
2021,12,4,1,60,0.0,0.0,0.0,0.0,0.0,5,16.1,11.1,64,1025.2,107,7.4,-9900,-9900,0.0,0.0
2021,12,4,2,60,0.0,0.0,0.0,0.0,0.0,5,17.3,12.3,59,1025.0,98,11.1,-9900,-9900,0.0,0.0
2021,12,4,3,60,0.0,0.0,0.0,0.0,0.0,5,18.6,13.6,54,1024.8,92,14.8,-9900,-9900,0.0,0.0
2021,12,4,4,60,0.0,0.0,0.0,0.0,0.0,5,19.8,14.8,50,1024.5,88,18.5,-9900,-9900,0.0,0.0
2021,12,4,5,60,0.0,0.0,0.0,0.0,0.0,5,19.7,14.7,52,1023.6,80,14.8,-9900,-9900,0.0,0.0
2021,12,4,6,60,0.0,0.0,0.0,0.0,0.0,5,20.1,15.1,51,1022.8,78,14.8,-9900,-9900,0.0,0.0
2021,12,4,7,60,0.0,0.0,0.0,0.0,0.0,5,20.5,15.5,50,1022.1,76,16.7,-9900,-9900,0.0,0.0
2021,12,4,8,60,0.0,0.0,0.0,0.0,0.0,5,20.0,15.0,53,1022.3,76,16.7,-9900,-9900,0.0,0.0
2021,12,4,9,60,0.0,0.0,0.0,0.0,0.0,5,19.5,14.5,55,1022.6,77,16.7,-9900,-9900,0.0,0.0
2021,12,4,10,60,0.0,0.0,0.0,0.0,0.0,5,19.1,14.1,58,1022.8,77,16.7,-9900,-9900,0.0,0.0
2021,12,4,11,60,0.0,0.0,0.0,0.0,0.0,5,18.7,13.7,59,1023.3,84,14.8,-9900,-9900,0.0,0.0
2021,12,4,12,60,0.0,0.0,0.0,0.0,0.0,5,18.4,13.4,62,1023.6,86,13.0,-9900,-9900,0.0,0.0
2021,12,4,13,60,0.0,0.0,0.0,0.0,0.0,5,18.1,13.1,64,1024.0,88,13.0,-9900,-9900,0.0,0.0
2021,12,4,14,60,0.0,0.0,0.0,0.0,0.0,5,18.1,13.1,65,1023.9,91,13.0,-9900,-9900,0.0,0.0
2021,12,4,15,60,0.0,0.0,0.0,0.0,0.0,5,18.1,13.1,66,1023.7,93,13.0,-9900,-9900,0.0,0.0
2021,12,4,16,60,0.0,0.0,0.0,0.0,0.0,5,18.1,13.1,67,1023.6,96,13.0,-9900,-9900,0.0,0.0
2021,12,4,17,60,0.0,0.0,0.0,0.0,0.0,5,17.7,12.7,68,1023.2,96,13.0,-9900,-9900,0.0,0.0
2021,12,4,18,60,0.0,0.0,0.0,0.0,0.0,5,17.5,12.5,69,1022.8,97,13.0,-9900,-9900,0.0,0.0
2021,12,4,19,60,0.0,0.0,0.0,0.0,0.0,5,17.4,12.4,71,1022.5,98,13.0,-9900,-9900,0.0,0.0
2021,12,4,20,60,0.0,0.0,0.0,0.0,0.0,5,17.5,12.5,71,1022.4,100,11.1,-9900,-9900,0.0,0.0
2021,12,4,21,60,0.0,0.0,0.0,0.0,0.0,5,17.5,12.5,72,1022.3,103,11.1,-9900,-9900,0.0,0.0
2021,12,4,22,60,0.0,0.0,0.0,0.0,0.0,5,17.5,12.5,73,1022.3,106,11.1,-9900,-9900,0.0,0.0
2021,12,4,23,60,0.0,0.0,0.0,0.0,0.0,5,18.1,13.1,75,1022.4,96,9.3,-9900,-9900,0.0,0.0
2021,12,4,24,60,0.0,0.0,0.0,0.0,0.0,5,18.5,13.5,74,1022.8,95,9.3,-9900,-9900,0.0,0.0
2021,12,5,1,60,0.0,0.0,0.0,0.0,0.0,5,18.8,13.8,73,1023.1,95,9.3,-9900,-9900,0.0,0.0
2021,12,5,2,60,0.0,0.0,0.0,0.0,0.0,5,20.2,15.2,67,1022.6,92,11.1,-9900,-9900,0.0,0.0
2021,12,5,3,60,0.0,0.0,0.0,0.0,0.0,5,21.5,16.5,62,1022.2,90,13.0,-9900,-9900,0.0,0.0
2021,12,5,4,60,0.0,0.0,0.0,0.0,0.0,5,22.8,17.8,57,1021.7,89,14.8,-9900,-9900,0.0,0.0
2021,12,5,5,60,0.0,0.0,0.0,0.0,0.0,5,21.4,16.4,65,1021.0,84,14.8,-9900,-9900,0.0,0.0
2021,12,5,6,60,0.0,0.0,0.0,0.0,0.0,5,22.0,17.0,63,1020.1,82,14.8,-9900,-9900,0.0,0.0
2021,12,5,7,60,0.0,0.0,0.0,0.0,0.0,5,22.5,17.5,61,1019.2,80,14.8,-9900,-9900,0.0,0.0
2021,12,5,8,60,0.0,0.0,0.0,0.0,0.0,5,21.8,16.8,63,1019.4,85,14.8,-9900,-9900,0.0,0.0
2021,12,5,9,60,0.0,0.0,0.0,0.0,0.0,5,21.1,16.1,66,1019.6,89,14.8,-9900,-9900,0.0,0.0
2021,12,5,10,60,0.0,0.0,0.0,0.0,0.0,5,20.4,15.4,68,1019.7,94,13.0,-9900,-9900,0.0,0.0
2021,12,5,11,60,0.0,0.0,0.0,0.0,0.0,5,19.3,14.3,77,1020.5,72,13.0,-9900,-9900,0.0,0.0
2021,12,5,12,60,0.0,0.0,0.0,0.0,0.0,5,19.0,14.0,78,1020.9,76,11.1,-9900,-9900,0.0,0.0
2021,12,5,13,60,0.0,0.0,0.0,0.0,0.0,5,18.7,13.7,79,1021.2,83,11.1,-9900,-9900,0.0,0.0
2021,12,5,14,60,0.0,0.0,0.0,0.0,0.0,5,18.7,13.7,80,1021.1,84,11.1,-9900,-9900,0.0,0.0
2021,12,5,15,60,0.0,0.0,0.0,0.0,0.0,5,18.7,13.7,80,1021.0,86,9.3,-9900,-9900,0.0,0.0
2021,12,5,16,60,0.0,0.0,0.0,0.0,0.0,5,18.7,13.7,80,1020.9,87,9.3,-9900,-9900,0.0,0.0
2021,12,5,17,60,0.0,0.0,0.0,0.0,0.0,5,18.2,13.2,86,1020.6,86,9.3,-9900,-9900,0.0,0.0
2021,12,5,18,60,0.0,0.0,0.0,0.0,0.0,5,18.1,13.1,86,1020.3,92,7.4,-9900,-9900,0.0,0.0
2021,12,5,19,60,0.0,0.0,0.0,0.0,0.0,5,18.1,13.1,85,1020.1,101,7.4,-9900,-9900,0.0,0.0
2021,12,5,20,60,0.0,0.0,0.0,0.0,0.0,5,18.0,13.0,85,1020.1,111,5.5,-9900,-9900,0.0,0.0
2021,12,5,21,60,0.0,0.0,0.0,0.0,0.0,5,17.9,12.9,85,1020.0,127,5.5,-9900,-9900,0.0,0.0
2021,12,5,22,60,0.0,0.0,0.0,0.0,0.0,5,17.8,12.8,85,1019.9,147,3.7,-9900,-9900,0.0,0.0
2021,12,5,23,60,0.0,0.0,0.0,0.0,0.0,5,18.3,13.3,87,1020.0,171,3.7,-9900,-9900,0.0,0.0
2021,12,5,24,60,0.0,0.0,0.0,0.0,0.0,5,18.6,13.6,85,1020.4,163,3.7,-9900,-9900,0.0,0.0
2021,12,6,1,60,0.0,0.0,0.0,0.0,0.0,5,18.8,13.8,84,1020.8,156,3.7,-9900,-9900,0.0,0.0
2021,12,6,2,60,0.0,0.0,0.0,0.0,0.0,5,20.0,15.0,78,1020.7,111,5.5,-9900,-9900,0.0,0.0
2021,12,6,3,60,0.0,0.0,0.0,0.0,0.0,5,21.1,16.1,73,1020.7,90,7.4,-9900,-9900,0.0,0.0
2021,12,6,4,60,0.0,0.0,0.0,0.0,0.0,5,22.2,17.2,68,1020.6,81,9.3,-9900,-9900,0.0,0.0
2021,12,6,5,60,0.0,0.0,0.0,0.0,0.0,5,21.0,16.0,75,1019.8,78,11.1,-9900,-9900,0.0,0.0
2021,12,6,6,60,0.0,0.0,0.0,0.0,0.0,5,21.4,16.4,72,1019.3,74,13.0,-9900,-9900,0.0,0.0
2021,12,6,7,60,0.0,0.0,0.0,0.0,0.0,5,21.9,16.9,69,1018.8,71,14.8,-9900,-9900,0.0,0.0
2021,12,6,8,60,0.0,0.0,0.0,0.0,0.0,5,21.3,16.3,71,1019.1,72,13.0,-9900,-9900,0.0,0.0
2021,12,6,9,60,0.0,0.0,0.0,0.0,0.0,5,20.8,15.8,72,1019.5,72,13.0,-9900,-9900,0.0,0.0
2021,12,6,10,60,0.0,0.0,0.0,0.0,0.0,5,20.3,15.3,74,1019.9,73,13.0,-9900,-9900,0.0,0.0
2021,12,6,11,60,0.0,0.0,0.0,0.0,0.0,5,20.1,15.1,74,1020.4,73,11.1,-9900,-9900,0.0,0.0
2021,12,6,12,60,0.0,0.0,0.0,0.0,0.0,5,19.9,14.9,75,1020.8,74,11.1,-9900,-9900,0.0,0.0
2021,12,6,13,60,0.0,0.0,0.0,0.0,0.0,5,19.7,14.7,75,1021.2,74,11.1,-9900,-9900,0.0,0.0
2021,12,6,14,60,0.0,0.0,0.0,0.0,0.0,5,19.6,14.6,76,1021.4,76,11.1,-9900,-9900,0.0,0.0
2021,12,6,15,60,0.0,0.0,0.0,0.0,0.0,5,19.4,14.4,77,1021.6,78,11.1,-9900,-9900,0.0,0.0
2021,12,6,16,60,0.0,0.0,0.0,0.0,0.0,5,19.3,14.3,78,1021.7,80,11.1,-9900,-9900,0.0,0.0
2021,12,6,17,60,0.0,0.0,0.0,0.0,0.0,5,18.3,13.3,92,1021.7,102,11.1,-9900,-9900,0.0,0.0
2021,12,6,18,60,0.0,0.0,0.0,0.0,0.0,5,18.4,13.4,90,1021.5,100,11.1,-9900,-9900,0.0,0.0
2021,12,6,19,60,0.0,0.0,0.0,0.0,0.0,5,18.5,13.5,88,1021.3,98,11.1,-9900,-9900,0.0,0.0
2021,12,6,20,60,0.0,0.0,0.0,0.0,0.0,5,18.5,13.5,85,1021.5,95,11.1,-9900,-9900,0.0,0.0
2021,12,6,21,60,0.0,0.0,0.0,0.0,0.0,5,18.4,13.4,83,1021.6,93,11.1,-9900,-9900,0.0,0.0
2021,12,6,22,60,0.0,0.0,0.0,0.0,0.0,5,18.4,13.4,81,1021.8,91,9.3,-9900,-9900,0.0,0.0
2021,12,6,23,60,0.0,0.0,0.0,0.0,0.0,5,18.4,13.4,87,1022.2,89,11.1,-9900,-9900,0.0,0.0
2021,12,6,24,60,0.0,0.0,0.0,0.0,0.0,5,18.6,13.6,85,1022.9,89,13.0,-9900,-9900,0.0,0.0
2021,12,7,1,60,0.0,0.0,0.0,0.0,0.0,5,18.8,13.8,83,1023.5,89,13.0,-9900,-9900,0.0,0.0
2021,12,7,2,60,0.0,0.0,0.0,0.0,0.0,5,19.2,14.2,79,1023.5,85,14.8,-9900,-9900,0.0,0.0
2021,12,7,3,60,0.0,0.0,0.0,0.0,0.0,5,19.7,14.7,74,1023.6,82,16.7,-9900,-9900,0.0,0.0
2021,12,7,4,60,0.0,0.0,0.0,0.0,0.0,5,20.1,15.1,71,1023.6,79,18.5,-9900,-9900,0.0,0.0
2021,12,7,5,60,0.0,0.0,0.0,0.0,0.0,5,20.6,15.6,61,1023.0,77,18.5,-9900,-9900,0.0,0.0
2021,12,7,6,60,0.0,0.0,0.0,0.0,0.0,5,20.6,15.6,62,1022.3,76,18.5,-9900,-9900,0.0,0.0
2021,12,7,7,60,0.0,0.0,0.0,0.0,0.0,5,20.6,15.6,62,1021.6,75,18.5,-9900,-9900,0.0,0.0
2021,12,7,8,60,0.0,0.0,0.0,0.0,0.0,5,20.3,15.3,64,1022.0,76,18.5,-9900,-9900,0.0,0.0
2021,12,7,9,60,0.0,0.0,0.0,0.0,0.0,5,19.9,14.9,66,1022.3,77,18.5,-9900,-9900,0.0,0.0
2021,12,7,10,60,0.0,0.0,0.0,0.0,0.0,5,19.5,14.5,68,1022.6,78,16.7,-9900,-9900,0.0,0.0
2021,12,7,11,60,0.0,0.0,0.0,0.0,0.0,5,19.3,14.3,67,1023.4,89,14.8,-9900,-9900,0.0,0.0
2021,12,7,12,60,0.0,0.0,0.0,0.0,0.0,5,19.2,14.2,68,1023.8,89,14.8,-9900,-9900,0.0,0.0
2021,12,7,13,60,0.0,0.0,0.0,0.0,0.0,5,19.1,14.1,69,1024.3,90,13.0,-9900,-9900,0.0,0.0
2021,12,7,14,60,0.0,0.0,0.0,0.0,0.0,5,19.2,14.2,68,1024.3,91,13.0,-9900,-9900,0.0,0.0
2021,12,7,15,60,0.0,0.0,0.0,0.0,0.0,5,19.2,14.2,68,1024.4,93,13.0,-9900,-9900,0.0,0.0
2021,12,7,16,60,0.0,0.0,0.0,0.0,0.0,5,19.2,14.2,69,1024.4,94,13.0,-9900,-9900,0.0,0.0
2021,12,7,17,60,0.0,0.0,0.0,0.0,0.0,5,18.5,13.5,65,1024.6,93,14.8,-9900,-9900,0.0,0.0
2021,12,7,18,60,0.0,0.0,0.0,0.0,0.0,5,18.5,13.5,65,1024.4,93,14.8,-9900,-9900,0.0,0.0
2021,12,7,19,60,0.0,0.0,0.0,0.0,0.0,5,18.5,13.5,66,1024.1,94,14.8,-9900,-9900,0.0,0.0
2021,12,7,20,60,0.0,0.0,0.0,0.0,0.0,5,18.4,13.4,67,1024.2,95,13.0,-9900,-9900,0.0,0.0
2021,12,7,21,60,0.0,0.0,0.0,0.0,0.0,5,18.3,13.3,69,1024.3,96,13.0,-9900,-9900,0.0,0.0
2021,12,7,22,60,0.0,0.0,0.0,0.0,0.0,5,18.2,13.2,70,1024.3,96,11.1,-9900,-9900,0.0,0.0
2021,12,7,23,60,0.0,0.0,0.0,0.0,0.0,5,18.6,13.6,68,1024.7,84,11.1,-9900,-9900,0.0,0.0
2021,12,7,24,60,0.0,0.0,0.0,0.0,0.0,5,18.9,13.9,67,1025.0,84,13.0,-9900,-9900,0.0,0.0
2021,12,8,1,60,0.0,0.0,0.0,0.0,0.0,5,19.3,14.3,66,1025.3,83,13.0,-9900,-9900,0.0,0.0
2021,12,8,2,60,0.0,0.0,0.0,0.0,0.0,5,20.3,15.3,63,1025.1,84,14.8,-9900,-9900,0.0,0.0
2021,12,8,3,60,0.0,0.0,0.0,0.0,0.0,5,21.3,16.3,60,1024.8,85,16.7,-9900,-9900,0.0,0.0
2021,12,8,4,60,0.0,0.0,0.0,0.0,0.0,5,22.3,17.3,57,1024.5,86,18.5,-9900,-9900,0.0,0.0
2021,12,8,5,60,0.0,0.0,0.0,0.0,0.0,5,21.8,16.8,59,1023.8,84,18.5,-9900,-9900,0.0,0.0
2021,12,8,6,60,0.0,0.0,0.0,0.0,0.0,5,22.0,17.0,59,1023.1,82,18.5,-9900,-9900,0.0,0.0
2021,12,8,7,60,0.0,0.0,0.0,0.0,0.0,5,22.2,17.2,59,1022.4,81,18.5,-9900,-9900,0.0,0.0
2021,12,8,8,60,0.0,0.0,0.0,0.0,0.0,5,21.7,16.7,61,1022.5,82,16.7,-9900,-9900,0.0,0.0
2021,12,8,9,60,0.0,0.0,0.0,0.0,0.0,5,21.2,16.2,63,1022.7,83,16.7,-9900,-9900,0.0,0.0
2021,12,8,10,60,0.0,0.0,0.0,0.0,0.0,5,20.7,15.7,65,1022.8,84,14.8,-9900,-9900,0.0,0.0
2021,12,8,11,60,0.0,0.0,0.0,0.0,0.0,5,21.0,16.0,61,1023.0,90,14.8,-9900,-9900,0.0,0.0
2021,12,8,12,60,0.0,0.0,0.0,0.0,0.0,5,20.7,15.7,63,1023.3,89,14.8,-9900,-9900,0.0,0.0
2021,12,8,13,60,0.0,0.0,0.0,0.0,0.0,5,20.3,15.3,66,1023.6,88,13.0,-9900,-9900,0.0,0.0
2021,12,8,14,60,0.0,0.0,0.0,0.0,0.0,5,20.2,15.2,68,1023.5,89,13.0,-9900,-9900,0.0,0.0
2021,12,8,15,60,0.0,0.0,0.0,0.0,0.0,5,20.1,15.1,69,1023.4,90,13.0,-9900,-9900,0.0,0.0
2021,12,8,16,60,0.0,0.0,0.0,0.0,0.0,5,20.0,15.0,71,1023.3,91,13.0,-9900,-9900,0.0,0.0
2021,12,8,17,60,0.0,0.0,0.0,0.0,0.0,5,19.6,14.6,73,1023.2,100,11.1,-9900,-9900,0.0,0.0
2021,12,8,18,60,0.0,0.0,0.0,0.0,0.0,5,19.5,14.5,74,1022.9,99,11.1,-9900,-9900,0.0,0.0
2021,12,8,19,60,0.0,0.0,0.0,0.0,0.0,5,19.4,14.4,75,1022.6,98,9.3,-9900,-9900,0.0,0.0
2021,12,8,20,60,0.0,0.0,0.0,0.0,0.0,5,19.3,14.3,76,1022.5,103,9.3,-9900,-9900,0.0,0.0
2021,12,8,21,60,0.0,0.0,0.0,0.0,0.0,5,19.2,14.2,77,1022.4,108,9.3,-9900,-9900,0.0,0.0
2021,12,8,22,60,0.0,0.0,0.0,0.0,0.0,5,19.1,14.1,78,1022.3,114,7.4,-9900,-9900,0.0,0.0
2021,12,8,23,60,0.0,0.0,0.0,0.0,0.0,5,19.4,14.4,77,1022.6,109,7.4,-9900,-9900,0.0,0.0
2021,12,8,24,60,0.0,0.0,0.0,0.0,0.0,5,19.8,14.8,76,1023.0,103,7.4,-9900,-9900,0.0,0.0
2021,12,9,1,60,0.0,0.0,0.0,0.0,0.0,5,20.2,15.2,75,1023.3,98,7.4,-9900,-9900,0.0,0.0
2021,12,9,2,60,0.0,0.0,0.0,0.0,0.0,5,21.4,16.4,70,1023.1,96,9.3,-9900,-9900,0.0,0.0
2021,12,9,3,60,0.0,0.0,0.0,0.0,0.0,5,22.7,17.7,65,1022.8,95,13.0,-9900,-9900,0.0,0.0
2021,12,9,4,60,0.0,0.0,0.0,0.0,0.0,5,23.9,18.9,61,1022.5,94,14.8,-9900,-9900,0.0,0.0
2021,12,9,5,60,0.0,0.0,0.0,0.0,0.0,5,23.6,18.6,65,1021.3,79,14.8,-9900,-9900,0.0,0.0
2021,12,9,6,60,0.0,0.0,0.0,0.0,0.0,5,23.7,18.7,65,1020.7,77,14.8,-9900,-9900,0.0,0.0
2021,12,9,7,60,0.0,0.0,0.0,0.0,0.0,5,23.9,18.9,64,1020.0,75,14.8,-9900,-9900,0.0,0.0
2021,12,9,8,60,0.0,0.0,0.0,0.0,0.0,5,23.3,18.3,66,1020.3,75,14.8,-9900,-9900,0.0,0.0
2021,12,9,9,60,0.0,0.0,0.0,0.0,0.0,5,22.6,17.6,68,1020.6,75,14.8,-9900,-9900,0.0,0.0
2021,12,9,10,60,0.0,0.0,0.0,0.0,0.0,5,21.9,16.9,71,1020.9,74,14.8,-9900,-9900,0.0,0.0
2021,12,9,11,60,0.0,0.0,0.0,0.0,0.0,5,21.2,16.2,72,1021.6,87,13.0,-9900,-9900,0.0,0.0
2021,12,9,12,60,0.0,0.0,0.0,0.0,0.0,5,20.9,15.9,74,1022.0,86,13.0,-9900,-9900,0.0,0.0
2021,12,9,13,60,0.0,0.0,0.0,0.0,0.0,5,20.7,15.7,76,1022.3,86,13.0,-9900,-9900,0.0,0.0
2021,12,9,14,60,0.0,0.0,0.0,0.0,0.0,5,20.6,15.6,76,1022.2,86,11.1,-9900,-9900,0.0,0.0
2021,12,9,15,60,0.0,0.0,0.0,0.0,0.0,5,20.5,15.5,77,1022.1,87,11.1,-9900,-9900,0.0,0.0
2021,12,9,16,60,0.0,0.0,0.0,0.0,0.0,5,20.5,15.5,77,1022.0,88,11.1,-9900,-9900,0.0,0.0
2021,12,9,17,60,0.0,0.0,0.0,0.0,0.0,5,20.7,15.7,75,1021.8,97,14.8,-9900,-9900,0.0,0.0
2021,12,9,18,60,0.0,0.0,0.0,0.0,0.0,5,20.6,15.6,76,1021.6,95,13.0,-9900,-9900,0.0,0.0
2021,12,9,19,60,0.0,0.0,0.0,0.0,0.0,5,20.4,15.4,77,1021.4,92,13.0,-9900,-9900,0.0,0.0
2021,12,9,20,60,0.0,0.0,0.0,0.0,0.0,5,20.3,15.3,77,1021.4,93,13.0,-9900,-9900,0.0,0.0
2021,12,9,21,60,0.0,0.0,0.0,0.0,0.0,5,20.2,15.2,77,1021.4,95,11.1,-9900,-9900,0.0,0.0
2021,12,9,22,60,0.0,0.0,0.0,0.0,0.0,5,20.1,15.1,77,1021.4,96,11.1,-9900,-9900,0.0,0.0
2021,12,9,23,60,0.0,0.0,0.0,0.0,0.0,5,20.9,15.9,72,1021.6,87,14.8,-9900,-9900,0.0,0.0
2021,12,9,24,60,0.0,0.0,0.0,0.0,0.0,5,21.0,16.0,72,1022.3,86,14.8,-9900,-9900,0.0,0.0
2021,12,10,1,60,0.0,0.0,0.0,0.0,0.0,5,21.2,16.2,71,1022.9,85,14.8,-9900,-9900,0.0,0.0
2021,12,10,2,60,0.0,0.0,0.0,0.0,0.0,5,22.0,17.0,69,1022.6,86,16.7,-9900,-9900,0.0,0.0
2021,12,10,3,60,0.0,0.0,0.0,0.0,0.0,5,22.9,17.9,66,1022.3,87,16.7,-9900,-9900,0.0,0.0
2021,12,10,4,60,0.0,0.0,0.0,0.0,0.0,5,23.8,18.8,63,1022.0,88,18.5,-9900,-9900,0.0,0.0
2021,12,10,5,60,0.0,0.0,0.0,0.0,0.0,5,24.1,19.1,63,1021.1,89,18.5,-9900,-9900,0.0,0.0
2021,12,10,6,60,0.0,0.0,0.0,0.0,0.0,5,24.1,19.1,63,1020.3,86,18.5,-9900,-9900,0.0,0.0
2021,12,10,7,60,0.0,0.0,0.0,0.0,0.0,5,24.0,19.0,64,1019.6,83,18.5,-9900,-9900,0.0,0.0
2021,12,10,8,60,0.0,0.0,0.0,0.0,0.0,5,23.3,18.3,66,1019.9,85,18.5,-9900,-9900,0.0,0.0
2021,12,10,9,60,0.0,0.0,0.0,0.0,0.0,5,22.7,17.7,68,1020.2,87,18.5,-9900,-9900,0.0,0.0
2021,12,10,10,60,0.0,0.0,0.0,0.0,0.0,5,22.1,17.1,70,1020.4,90,18.5,-9900,-9900,0.0,0.0
2021,12,10,11,60,0.0,0.0,0.0,0.0,0.0,5,21.4,16.4,76,1020.7,84,16.7,-9900,-9900,0.0,0.0
2021,12,10,12,60,0.0,0.0,0.0,0.0,0.0,5,21.1,16.1,77,1021.1,84,16.7,-9900,-9900,0.0,0.0
2021,12,10,13,60,0.0,0.0,0.0,0.0,0.0,5,20.9,15.9,77,1021.6,85,14.8,-9900,-9900,0.0,0.0
2021,12,10,14,60,0.0,0.0,0.0,0.0,0.0,5,20.8,15.8,77,1021.6,85,14.8,-9900,-9900,0.0,0.0
2021,12,10,15,60,0.0,0.0,0.0,0.0,0.0,5,20.8,15.8,77,1021.6,86,14.8,-9900,-9900,0.0,0.0
2021,12,10,16,60,0.0,0.0,0.0,0.0,0.0,5,20.8,15.8,77,1021.5,87,14.8,-9900,-9900,0.0,0.0
2021,12,10,17,60,0.0,0.0,0.0,0.0,0.0,5,20.8,15.8,82,1021.4,81,14.8,-9900,-9900,0.0,0.0
2021,12,10,18,60,0.0,0.0,0.0,0.0,0.0,5,20.7,15.7,82,1021.2,82,16.7,-9900,-9900,0.0,0.0
2021,12,10,19,60,0.0,0.0,0.0,0.0,0.0,5,20.6,15.6,82,1021.0,83,16.7,-9900,-9900,0.0,0.0
2021,12,10,20,60,0.0,0.0,0.0,0.0,0.0,5,20.5,15.5,81,1021.1,86,14.8,-9900,-9900,0.0,0.0
2021,12,10,21,60,0.0,0.0,0.0,0.0,0.0,5,20.4,15.4,81,1021.3,89,14.8,-9900,-9900,0.0,0.0
2021,12,10,22,60,0.0,0.0,0.0,0.0,0.0,5,20.2,15.2,82,1021.4,92,13.0,-9900,-9900,0.0,0.0
2021,12,10,23,60,0.0,0.0,0.0,0.0,0.0,5,20.3,15.3,87,1021.7,78,14.8,-9900,-9900,0.0,0.0
2021,12,10,24,60,0.0,0.0,0.0,0.0,0.0,5,20.6,15.6,86,1022.2,77,14.8,-9900,-9900,0.0,0.0
2021,12,11,1,60,0.0,0.0,0.0,0.0,0.0,5,20.9,15.9,85,1022.6,76,14.8,-9900,-9900,0.0,0.0
2021,12,11,2,60,0.0,0.0,0.0,0.0,0.0,5,22.2,17.2,77,1022.4,78,14.8,-9900,-9900,0.0,0.0
2021,12,11,3,60,0.0,0.0,0.0,0.0,0.0,5,23.4,18.4,71,1022.1,80,16.7,-9900,-9900,0.0,0.0
2021,12,11,4,60,0.0,0.0,0.0,0.0,0.0,5,24.7,19.7,65,1021.8,81,16.7,-9900,-9900,0.0,0.0
2021,12,11,5,60,0.0,0.0,0.0,0.0,0.0,5,24.9,19.9,64,1021.0,80,16.7,-9900,-9900,0.0,0.0
2021,12,11,6,60,0.0,0.0,0.0,0.0,0.0,5,25.2,20.2,62,1020.1,79,16.7,-9900,-9900,0.0,0.0
2021,12,11,7,60,0.0,0.0,0.0,0.0,0.0,5,25.4,20.4,61,1019.2,78,16.7,-9900,-9900,0.0,0.0
2021,12,11,8,60,0.0,0.0,0.0,0.0,0.0,5,24.7,19.7,63,1019.3,80,16.7,-9900,-9900,0.0,0.0
2021,12,11,9,60,0.0,0.0,0.0,0.0,0.0,5,23.9,18.9,65,1019.3,81,14.8,-9900,-9900,0.0,0.0
2021,12,11,10,60,0.0,0.0,0.0,0.0,0.0,5,23.2,18.2,68,1019.4,83,14.8,-9900,-9900,0.0,0.0
2021,12,11,11,60,0.0,0.0,0.0,0.0,0.0,5,22.5,17.5,72,1020.0,81,13.0,-9900,-9900,0.0,0.0
2021,12,11,12,60,0.0,0.0,0.0,0.0,0.0,5,22.0,17.0,74,1020.5,81,13.0,-9900,-9900,0.0,0.0
2021,12,11,13,60,0.0,0.0,0.0,0.0,0.0,5,21.6,16.6,77,1021.0,82,11.1,-9900,-9900,0.0,0.0
2021,12,11,14,60,0.0,0.0,0.0,0.0,0.0,5,21.5,16.5,77,1021.0,84,11.1,-9900,-9900,0.0,0.0
2021,12,11,15,60,0.0,0.0,0.0,0.0,0.0,5,21.4,16.4,78,1021.0,86,11.1,-9900,-9900,0.0,0.0
2021,12,11,16,60,0.0,0.0,0.0,0.0,0.0,5,21.3,16.3,78,1021.1,89,11.1,-9900,-9900,0.0,0.0
2021,12,11,17,60,0.0,0.0,0.0,0.0,0.0,5,21.1,16.1,78,1021.1,92,11.1,-9900,-9900,0.0,0.0
2021,12,11,18,60,0.0,0.0,0.0,0.0,0.0,5,20.9,15.9,80,1020.8,94,11.1,-9900,-9900,0.0,0.0
2021,12,11,19,60,0.0,0.0,0.0,0.0,0.0,5,20.6,15.6,82,1020.6,96,9.3,-9900,-9900,0.0,0.0
2021,12,11,20,60,0.0,0.0,0.0,0.0,0.0,5,20.3,15.3,83,1020.7,102,7.4,-9900,-9900,0.0,0.0
2021,12,11,21,60,0.0,0.0,0.0,0.0,0.0,5,20.1,15.1,83,1020.9,110,7.4,-9900,-9900,0.0,0.0
2021,12,11,22,60,0.0,0.0,0.0,0.0,0.0,5,19.8,14.8,85,1021.0,119,5.5,-9900,-9900,0.0,0.0
2021,12,11,23,60,0.0,0.0,0.0,0.0,0.0,5,20.1,15.1,83,1021.1,74,7.4,-9900,-9900,0.0,0.0
2021,12,11,24,60,0.0,0.0,0.0,0.0,0.0,5,20.2,15.2,83,1021.7,75,7.4,-9900,-9900,0.0,0.0
2021,12,12,1,60,0.0,0.0,0.0,0.0,0.0,5,20.2,15.2,83,1022.4,76,7.4,-9900,-9900,0.0,0.0
2021,12,12,2,60,0.0,0.0,0.0,0.0,0.0,5,21.0,16.0,79,1022.4,75,9.3,-9900,-9900,0.0,0.0
2021,12,12,3,60,0.0,0.0,0.0,0.0,0.0,5,21.8,16.8,75,1022.4,74,11.1,-9900,-9900,0.0,0.0
2021,12,12,4,60,0.0,0.0,0.0,0.0,0.0,5,22.5,17.5,72,1022.4,74,11.1,-9900,-9900,0.0,0.0
2021,12,12,5,60,0.0,0.0,0.0,0.0,0.0,5,22.1,17.1,73,1022.0,70,9.3,-9900,-9900,0.0,0.0
2021,12,12,6,60,0.0,0.0,0.0,0.0,0.0,5,21.8,16.8,73,1021.4,69,9.3,-9900,-9900,0.0,0.0
2021,12,12,7,60,0.0,0.0,0.0,0.0,0.0,5,21.5,16.5,74,1020.8,68,11.1,-9900,-9900,0.0,0.0
2021,12,12,8,60,0.0,0.0,0.0,0.0,0.0,5,21.1,16.1,75,1021.1,69,11.1,-9900,-9900,0.0,0.0
2021,12,12,9,60,0.0,0.0,0.0,0.0,0.0,5,20.7,15.7,75,1021.5,71,13.0,-9900,-9900,0.0,0.0
2021,12,12,10,60,0.0,0.0,0.0,0.0,0.0,5,20.3,15.3,76,1021.8,72,13.0,-9900,-9900,0.0,0.0
2021,12,12,11,60,0.0,0.0,0.0,0.0,0.0,5,19.3,14.3,83,1022.8,79,11.1,-9900,-9900,0.0,0.0
2021,12,12,12,60,0.0,0.0,0.0,0.0,0.0,5,19.2,14.2,82,1023.4,80,11.1,-9900,-9900,0.0,0.0
2021,12,12,13,60,0.0,0.0,0.0,0.0,0.0,5,19.0,14.0,82,1023.9,81,11.1,-9900,-9900,0.0,0.0
2021,12,12,14,60,0.0,0.0,0.0,0.0,0.0,5,18.9,13.9,81,1024.0,79,11.1,-9900,-9900,0.0,0.0
2021,12,12,15,60,0.0,0.0,0.0,0.0,0.0,5,18.8,13.8,81,1024.2,77,11.1,-9900,-9900,0.0,0.0
2021,12,12,16,60,0.0,0.0,0.0,0.0,0.0,5,18.7,13.7,81,1024.3,76,11.1,-9900,-9900,0.0,0.0
2021,12,12,17,60,0.0,0.0,0.0,0.0,0.0,5,18.0,13.0,85,1024.0,88,13.0,-9900,-9900,0.0,0.0
2021,12,12,18,60,0.0,0.0,0.0,0.0,0.0,5,18.0,13.0,84,1023.7,87,13.0,-9900,-9900,0.0,0.0
2021,12,12,19,60,0.0,0.0,0.0,0.0,0.0,5,17.9,12.9,84,1023.5,85,13.0,-9900,-9900,0.0,0.0
2021,12,12,20,60,0.0,0.0,0.0,0.0,0.0,5,17.8,12.8,83,1023.7,87,11.1,-9900,-9900,0.0,0.0
2021,12,12,21,60,0.0,0.0,0.0,0.0,0.0,5,17.8,12.8,82,1023.8,88,11.1,-9900,-9900,0.0,0.0
2021,12,12,22,60,0.0,0.0,0.0,0.0,0.0,5,17.7,12.7,82,1023.9,90,9.3,-9900,-9900,0.0,0.0
2021,12,12,23,60,0.0,0.0,0.0,0.0,0.0,5,18.0,13.0,82,1024.2,94,9.3,-9900,-9900,0.0,0.0
2021,12,12,24,60,0.0,0.0,0.0,0.0,0.0,5,18.1,13.1,82,1024.6,95,9.3,-9900,-9900,0.0,0.0
2021,12,13,1,60,0.0,0.0,0.0,0.0,0.0,5,18.1,13.1,81,1025.0,95,11.1,-9900,-9900,0.0,0.0
2021,12,13,2,60,0.0,0.0,0.0,0.0,0.0,5,18.3,13.3,80,1024.8,90,11.1,-9900,-9900,0.0,0.0
2021,12,13,3,60,0.0,0.0,0.0,0.0,0.0,5,18.5,13.5,80,1024.6,86,13.0,-9900,-9900,0.0,0.0
2021,12,13,4,60,0.0,0.0,0.0,0.0,0.0,5,18.7,13.7,79,1024.4,83,14.8,-9900,-9900,0.0,0.0
2021,12,13,5,60,0.0,0.0,0.0,0.0,0.0,5,18.4,13.4,82,1023.7,84,14.8,-9900,-9900,0.0,0.0
2021,12,13,6,60,0.0,0.0,0.0,0.0,0.0,5,18.6,13.6,80,1022.8,81,14.8,-9900,-9900,0.0,0.0
2021,12,13,7,60,0.0,0.0,0.0,0.0,0.0,5,18.8,13.8,78,1021.9,78,14.8,-9900,-9900,0.0,0.0
2021,12,13,8,60,0.0,0.0,0.0,0.0,0.0,5,18.6,13.6,78,1021.9,81,14.8,-9900,-9900,0.0,0.0
2021,12,13,9,60,0.0,0.0,0.0,0.0,0.0,5,18.4,13.4,79,1021.9,84,16.7,-9900,-9900,0.0,0.0
2021,12,13,10,60,0.0,0.0,0.0,0.0,0.0,5,18.3,13.3,78,1021.9,86,16.7,-9900,-9900,0.0,0.0
2021,12,13,11,60,0.0,0.0,0.0,0.0,0.0,5,18.2,13.2,83,1021.7,87,16.7,-9900,-9900,0.0,0.0
2021,12,13,12,60,0.0,0.0,0.0,0.0,0.0,5,18.2,13.2,82,1022.1,87,14.8,-9900,-9900,0.0,0.0
2021,12,13,13,60,0.0,0.0,0.0,0.0,0.0,5,18.1,13.1,82,1022.4,87,14.8,-9900,-9900,0.0,0.0
2021,12,13,14,60,0.0,0.0,0.0,0.0,0.0,5,18.1,13.1,83,1022.4,87,14.8,-9900,-9900,0.0,0.0
2021,12,13,15,60,0.0,0.0,0.0,0.0,0.0,5,18.1,13.1,83,1022.3,88,14.8,-9900,-9900,0.0,0.0
2021,12,13,16,60,0.0,0.0,0.0,0.0,0.0,5,18.1,13.1,83,1022.2,88,14.8,-9900,-9900,0.0,0.0
2021,12,13,17,60,0.0,0.0,0.0,0.0,0.0,5,18.1,13.1,83,1021.8,87,14.8,-9900,-9900,0.0,0.0
2021,12,13,18,60,0.0,0.0,0.0,0.0,0.0,5,18.1,13.1,83,1021.4,87,14.8,-9900,-9900,0.0,0.0
2021,12,13,19,60,0.0,0.0,0.0,0.0,0.0,5,18.0,13.0,84,1021.0,86,14.8,-9900,-9900,0.0,0.0
2021,12,13,20,60,0.0,0.0,0.0,0.0,0.0,5,18.0,13.0,84,1020.9,88,13.0,-9900,-9900,0.0,0.0
2021,12,13,21,60,0.0,0.0,0.0,0.0,0.0,5,18.1,13.1,84,1020.7,89,13.0,-9900,-9900,0.0,0.0
2021,12,13,22,60,0.0,0.0,0.0,0.0,0.0,5,18.1,13.1,84,1020.6,91,11.1,-9900,-9900,0.0,0.0
2021,12,13,23,60,0.0,0.0,0.0,0.0,0.0,5,18.4,13.4,85,1020.4,90,13.0,-9900,-9900,0.0,0.0
2021,12,13,24,60,0.0,0.0,0.0,0.0,0.0,5,18.7,13.7,85,1020.7,89,13.0,-9900,-9900,0.0,0.0
2021,12,14,1,60,0.0,0.0,0.0,0.0,0.0,5,19.0,14.0,84,1021.1,88,13.0,-9900,-9900,0.0,0.0
2021,12,14,2,60,0.0,0.0,0.0,0.0,0.0,5,20.3,15.3,79,1020.5,89,13.0,-9900,-9900,0.0,0.0
2021,12,14,3,60,0.0,0.0,0.0,0.0,0.0,5,21.7,16.7,74,1020.0,91,14.8,-9900,-9900,0.0,0.0
2021,12,14,4,60,0.0,0.0,0.0,0.0,0.0,5,23.0,18.0,70,1019.5,92,14.8,-9900,-9900,0.0,0.0
2021,12,14,5,60,0.0,0.0,0.0,0.0,0.0,5,23.1,18.1,69,1018.8,94,13.0,-9900,-9900,0.0,0.0
2021,12,14,6,60,0.0,0.0,0.0,0.0,0.0,5,23.7,18.7,66,1017.8,97,13.0,-9900,-9900,0.0,0.0
2021,12,14,7,60,0.0,0.0,0.0,0.0,0.0,5,24.2,19.2,64,1016.8,101,13.0,-9900,-9900,0.0,0.0
2021,12,14,8,60,0.0,0.0,0.0,0.0,0.0,5,23.6,18.6,66,1016.9,101,13.0,-9900,-9900,0.0,0.0
2021,12,14,9,60,0.0,0.0,0.0,0.0,0.0,5,22.9,17.9,68,1016.9,101,13.0,-9900,-9900,0.0,0.0
2021,12,14,10,60,0.0,0.0,0.0,0.0,0.0,5,22.3,17.3,69,1016.9,102,11.1,-9900,-9900,0.0,0.0
2021,12,14,11,60,0.0,0.0,0.0,0.0,0.0,5,22.1,17.1,72,1017.1,87,13.0,-9900,-9900,0.0,0.0
2021,12,14,12,60,0.0,0.0,0.0,0.0,0.0,5,21.7,16.7,74,1017.5,86,11.1,-9900,-9900,0.0,0.0
2021,12,14,13,60,0.0,0.0,0.0,0.0,0.0,5,21.3,16.3,77,1017.9,85,11.1,-9900,-9900,0.0,0.0
2021,12,14,14,60,0.0,0.0,0.0,0.0,0.0,5,21.2,16.2,78,1017.9,82,11.1,-9900,-9900,0.0,0.0
2021,12,14,15,60,0.0,0.0,0.0,0.0,0.0,5,21.2,16.2,78,1017.8,80,11.1,-9900,-9900,0.0,0.0
2021,12,14,16,60,0.0,0.0,0.0,0.0,0.0,5,21.2,16.2,78,1017.8,77,11.1,-9900,-9900,0.0,0.0
2021,12,14,17,60,0.0,0.0,0.0,0.0,0.0,5,20.9,15.9,79,1017.6,84,9.3,-9900,-9900,0.0,0.0
2021,12,14,18,60,0.0,0.0,0.0,0.0,0.0,5,20.6,15.6,80,1017.5,95,7.4,-9900,-9900,0.0,0.0
2021,12,14,19,60,0.0,0.0,0.0,0.0,0.0,5,20.4,15.4,80,1017.4,116,5.5,-9900,-9900,0.0,0.0
2021,12,14,20,60,0.0,0.0,0.0,0.0,0.0,5,20.1,15.1,81,1017.4,117,5.5,-9900,-9900,0.0,0.0
2021,12,14,21,60,0.0,0.0,0.0,0.0,0.0,5,19.9,14.9,81,1017.5,117,5.5,-9900,-9900,0.0,0.0
2021,12,14,22,60,0.0,0.0,0.0,0.0,0.0,5,19.6,14.6,81,1017.5,118,5.5,-9900,-9900,0.0,0.0
2021,12,14,23,60,0.0,0.0,0.0,0.0,0.0,5,20.1,15.1,82,1018.2,123,3.7,-9900,-9900,0.0,0.0
2021,12,14,24,60,0.0,0.0,0.0,0.0,0.0,5,20.7,15.7,80,1018.4,123,3.7,-9900,-9900,0.0,0.0
2021,12,15,1,60,0.0,0.0,0.0,0.0,0.0,5,21.3,16.3,78,1018.7,123,3.7,-9900,-9900,0.0,0.0
2021,12,15,2,60,0.0,0.0,0.0,0.0,0.0,5,23.1,18.1,71,1018.2,122,5.5,-9900,-9900,0.0,0.0
2021,12,15,3,60,0.0,0.0,0.0,0.0,0.0,5,24.9,19.9,66,1017.7,121,5.5,-9900,-9900,0.0,0.0
2021,12,15,4,60,0.0,0.0,0.0,0.0,0.0,5,26.7,21.7,60,1017.3,120,7.4,-9900,-9900,0.0,0.0
2021,12,15,5,60,0.0,0.0,0.0,0.0,0.0,5,26.5,21.5,60,1016.2,107,7.4,-9900,-9900,0.0,0.0
2021,12,15,6,60,0.0,0.0,0.0,0.0,0.0,5,27.2,22.2,58,1015.2,112,7.4,-9900,-9900,0.0,0.0
2021,12,15,7,60,0.0,0.0,0.0,0.0,0.0,5,27.9,22.9,56,1014.2,117,9.3,-9900,-9900,0.0,0.0
2021,12,15,8,60,0.0,0.0,0.0,0.0,0.0,5,26.9,21.9,58,1014.3,108,9.3,-9900,-9900,0.0,0.0
2021,12,15,9,60,0.0,0.0,0.0,0.0,0.0,5,25.9,20.9,61,1014.4,102,9.3,-9900,-9900,0.0,0.0
2021,12,15,10,60,0.0,0.0,0.0,0.0,0.0,5,24.9,19.9,64,1014.5,96,11.1,-9900,-9900,0.0,0.0
2021,12,15,11,60,0.0,0.0,0.0,0.0,0.0,5,24.0,19.0,66,1015.1,99,11.1,-9900,-9900,0.0,0.0
2021,12,15,12,60,0.0,0.0,0.0,0.0,0.0,5,23.5,18.5,68,1015.4,96,11.1,-9900,-9900,0.0,0.0
2021,12,15,13,60,0.0,0.0,0.0,0.0,0.0,5,23.0,18.0,71,1015.7,92,11.1,-9900,-9900,0.0,0.0
2021,12,15,14,60,0.0,0.0,0.0,0.0,0.0,5,22.8,17.8,72,1015.9,92,9.3,-9900,-9900,0.0,0.0
2021,12,15,15,60,0.0,0.0,0.0,0.0,0.0,5,22.7,17.7,72,1016.0,93,9.3,-9900,-9900,0.0,0.0
2021,12,15,16,60,0.0,0.0,0.0,0.0,0.0,5,22.6,17.6,73,1016.1,93,7.4,-9900,-9900,0.0,0.0
2021,12,15,17,60,0.0,0.0,0.0,0.0,0.0,5,21.9,16.9,75,1016.1,111,7.4,-9900,-9900,0.0,0.0
2021,12,15,18,60,0.0,0.0,0.0,0.0,0.0,5,21.4,16.4,76,1016.0,127,7.4,-9900,-9900,0.0,0.0
2021,12,15,19,60,0.0,0.0,0.0,0.0,0.0,5,20.9,15.9,78,1016.0,147,5.5,-9900,-9900,0.0,0.0
2021,12,15,20,60,0.0,0.0,0.0,0.0,0.0,5,20.4,15.4,79,1016.2,161,5.5,-9900,-9900,0.0,0.0
2021,12,15,21,60,0.0,0.0,0.0,0.0,0.0,5,20.0,15.0,80,1016.4,177,3.7,-9900,-9900,0.0,0.0
2021,12,15,22,60,0.0,0.0,0.0,0.0,0.0,5,19.6,14.6,81,1016.6,196,3.7,-9900,-9900,0.0,0.0
2021,12,15,23,60,0.0,0.0,0.0,0.0,0.0,5,19.7,14.7,84,1017.6,188,5.5,-9900,-9900,0.0,0.0
2021,12,15,24,60,0.0,0.0,0.0,0.0,0.0,5,20.1,15.1,82,1017.9,189,5.5,-9900,-9900,0.0,0.0
2021,12,16,1,60,0.0,0.0,0.0,0.0,0.0,5,20.5,15.5,81,1018.3,189,5.5,-9900,-9900,0.0,0.0
2021,12,16,2,60,0.0,0.0,0.0,0.0,0.0,5,22.8,17.8,71,1017.8,206,3.7,-9900,-9900,0.0,0.0
2021,12,16,3,60,0.0,0.0,0.0,0.0,0.0,5,25.0,20.0,63,1017.4,228,3.7,-9900,-9900,0.0,0.0
2021,12,16,4,60,0.0,0.0,0.0,0.0,0.0,5,27.2,22.2,57,1017.0,251,3.7,-9900,-9900,0.0,0.0
2021,12,16,5,60,0.0,0.0,0.0,0.0,0.0,5,27.4,22.4,56,1016.1,273,3.7,-9900,-9900,0.0,0.0
2021,12,16,6,60,0.0,0.0,0.0,0.0,0.0,5,27.6,22.6,55,1015.1,292,5.5,-9900,-9900,0.0,0.0
2021,12,16,7,60,0.0,0.0,0.0,0.0,0.0,5,27.7,22.7,55,1014.1,305,5.5,-9900,-9900,0.0,0.0
2021,12,16,8,60,0.0,0.0,0.0,0.0,0.0,5,26.6,21.6,57,1014.5,310,5.5,-9900,-9900,0.0,0.0
2021,12,16,9,60,0.0,0.0,0.0,0.0,0.0,5,25.5,20.5,61,1014.9,323,5.5,-9900,-9900,0.0,0.0
2021,12,16,10,60,0.0,0.0,0.0,0.0,0.0,5,24.4,19.4,64,1015.3,17,5.5,-9900,-9900,0.0,0.0
2021,12,16,11,60,0.0,0.0,0.0,0.0,0.0,5,23.6,18.6,63,1016.2,4,7.4,-9900,-9900,0.0,0.0
2021,12,16,12,60,0.0,0.0,0.0,0.0,0.0,5,23.1,18.1,66,1016.7,21,5.5,-9900,-9900,0.0,0.0
2021,12,16,13,60,0.0,0.0,0.0,0.0,0.0,5,22.6,17.6,69,1017.1,60,5.5,-9900,-9900,0.0,0.0
2021,12,16,14,60,0.0,0.0,0.0,0.0,0.0,5,22.2,17.2,71,1017.3,54,5.5,-9900,-9900,0.0,0.0
2021,12,16,15,60,0.0,0.0,0.0,0.0,0.0,5,21.8,16.8,73,1017.5,46,5.5,-9900,-9900,0.0,0.0
2021,12,16,16,60,0.0,0.0,0.0,0.0,0.0,5,21.5,16.5,75,1017.7,36,3.7,-9900,-9900,0.0,0.0
2021,12,16,17,60,0.0,0.0,0.0,0.0,0.0,5,20.9,15.9,86,1017.9,46,7.4,-9900,-9900,0.0,0.0
2021,12,16,18,60,0.0,0.0,0.0,0.0,0.0,5,20.8,15.8,86,1017.9,47,7.4,-9900,-9900,0.0,0.0
2021,12,16,19,60,0.0,0.0,0.0,0.0,0.0,5,20.7,15.7,85,1018.0,49,7.4,-9900,-9900,0.0,0.0
2021,12,16,20,60,0.0,0.0,0.0,0.0,0.0,5,20.5,15.5,84,1018.3,53,5.5,-9900,-9900,0.0,0.0
2021,12,16,21,60,0.0,0.0,0.0,0.0,0.0,5,20.3,15.3,82,1018.7,59,5.5,-9900,-9900,0.0,0.0
2021,12,16,22,60,0.0,0.0,0.0,0.0,0.0,5,20.1,15.1,80,1019.1,71,5.5,-9900,-9900,0.0,0.0
2021,12,16,23,60,0.0,0.0,0.0,0.0,0.0,5,19.9,14.9,84,1020.1,110,5.5,-9900,-9900,0.0,0.0
2021,12,16,24,60,0.0,0.0,0.0,0.0,0.0,5,19.9,14.9,83,1020.8,101,7.4,-9900,-9900,0.0,0.0
2021,12,17,1,60,0.0,0.0,0.0,0.0,0.0,5,19.8,14.8,82,1021.6,94,9.3,-9900,-9900,0.0,0.0
2021,12,17,2,60,0.0,0.0,0.0,0.0,0.0,5,19.8,14.8,79,1021.9,88,9.3,-9900,-9900,0.0,0.0
2021,12,17,3,60,0.0,0.0,0.0,0.0,0.0,5,19.8,14.8,77,1022.1,83,11.1,-9900,-9900,0.0,0.0
2021,12,17,4,60,0.0,0.0,0.0,0.0,0.0,5,19.8,14.8,74,1022.4,81,13.0,-9900,-9900,0.0,0.0
2021,12,17,5,60,0.0,0.0,0.0,0.0,0.0,5,19.9,14.9,69,1021.6,79,13.0,-9900,-9900,0.0,0.0
2021,12,17,6,60,0.0,0.0,0.0,0.0,0.0,5,19.3,14.3,71,1021.3,75,13.0,-9900,-9900,0.0,0.0
2021,12,17,7,60,0.0,0.0,0.0,0.0,0.0,5,18.7,13.7,71,1021.0,70,13.0,-9900,-9900,0.0,0.0
2021,12,17,8,60,0.0,0.0,0.0,0.0,0.0,5,18.3,13.3,71,1021.8,71,13.0,-9900,-9900,0.0,0.0
2021,12,17,9,60,0.0,0.0,0.0,0.0,0.0,5,17.9,12.9,70,1022.7,71,14.8,-9900,-9900,0.0,0.0
2021,12,17,10,60,0.0,0.0,0.0,0.0,0.0,5,17.6,12.6,69,1023.6,71,14.8,-9900,-9900,0.0,0.0
2021,12,17,11,60,0.0,0.0,0.0,0.0,0.0,5,17.4,12.4,68,1024.3,71,14.8,-9900,-9900,0.0,0.0
2021,12,17,12,60,0.0,0.0,0.0,0.0,0.0,5,17.0,12.0,69,1025.2,76,14.8,-9900,-9900,0.0,0.0
2021,12,17,13,60,0.0,0.0,0.0,0.0,0.0,5,16.6,11.6,69,1026.0,80,16.7,-9900,-9900,0.0,0.0
2021,12,17,14,60,0.0,0.0,0.0,0.0,0.0,5,16.4,11.4,70,1026.3,82,14.8,-9900,-9900,0.0,0.0
2021,12,17,15,60,0.0,0.0,0.0,0.0,0.0,5,16.3,11.3,70,1026.6,83,14.8,-9900,-9900,0.0,0.0
2021,12,17,16,60,0.0,0.0,0.0,0.0,0.0,5,16.1,11.1,70,1026.9,85,13.0,-9900,-9900,0.0,0.0
2021,12,17,17,60,0.0,0.0,0.0,0.0,0.0,5,15.5,10.5,65,1027.0,83,16.7,-9900,-9900,0.0,0.0
2021,12,17,18,60,0.0,0.0,0.0,0.0,0.0,5,15.4,10.4,65,1026.9,83,16.7,-9900,-9900,0.0,0.0
2021,12,17,19,60,0.0,0.0,0.0,0.0,0.0,5,15.3,10.3,66,1026.7,84,16.7,-9900,-9900,0.0,0.0
2021,12,17,20,60,0.0,0.0,0.0,0.0,0.0,5,15.3,10.3,66,1026.6,83,14.8,-9900,-9900,0.0,0.0
2021,12,17,21,60,0.0,0.0,0.0,0.0,0.0,5,15.3,10.3,67,1026.4,82,14.8,-9900,-9900,0.0,0.0
2021,12,17,22,60,0.0,0.0,0.0,0.0,0.0,5,15.3,10.3,67,1026.3,81,14.8,-9900,-9900,0.0,0.0
2021,12,17,23,60,0.0,0.0,0.0,0.0,0.0,5,15.1,10.1,61,1026.7,73,16.7,-9900,-9900,0.0,0.0
2021,12,17,24,60,0.0,0.0,0.0,0.0,0.0,5,15.2,10.2,62,1027.0,72,16.7,-9900,-9900,0.0,0.0
2021,12,18,1,60,0.0,0.0,0.0,0.0,0.0,5,15.2,10.2,62,1027.3,72,16.7,-9900,-9900,0.0,0.0
2021,12,18,2,60,0.0,0.0,0.0,0.0,0.0,5,15.5,10.5,63,1027.3,71,18.5,-9900,-9900,0.0,0.0
2021,12,18,3,60,0.0,0.0,0.0,0.0,0.0,5,15.9,10.9,62,1027.2,70,18.5,-9900,-9900,0.0,0.0
2021,12,18,4,60,0.0,0.0,0.0,0.0,0.0,5,16.2,11.2,62,1027.2,70,20.4,-9900,-9900,0.0,0.0
2021,12,18,5,60,0.0,0.0,0.0,0.0,0.0,5,15.6,10.6,62,1026.0,72,16.7,-9900,-9900,0.0,0.0
2021,12,18,6,60,0.0,0.0,0.0,0.0,0.0,5,15.7,10.7,62,1025.2,69,16.7,-9900,-9900,0.0,0.0
2021,12,18,7,60,0.0,0.0,0.0,0.0,0.0,5,15.9,10.9,63,1024.4,67,16.7,-9900,-9900,0.0,0.0
2021,12,18,8,60,0.0,0.0,0.0,0.0,0.0,5,15.7,10.7,64,1024.6,65,16.7,-9900,-9900,0.0,0.0
2021,12,18,9,60,0.0,0.0,0.0,0.0,0.0,5,15.5,10.5,67,1024.8,62,16.7,-9900,-9900,0.0,0.0
2021,12,18,10,60,0.0,0.0,0.0,0.0,0.0,5,15.4,10.4,68,1024.9,60,14.8,-9900,-9900,0.0,0.0
2021,12,18,11,60,0.0,0.0,0.0,0.0,0.0,5,15.6,10.6,68,1025.4,75,14.8,-9900,-9900,0.0,0.0
2021,12,18,12,60,0.0,0.0,0.0,0.0,0.0,5,15.5,10.5,68,1025.7,78,14.8,-9900,-9900,0.0,0.0
2021,12,18,13,60,0.0,0.0,0.0,0.0,0.0,5,15.3,10.3,68,1026.1,81,13.0,-9900,-9900,0.0,0.0
2021,12,18,14,60,0.0,0.0,0.0,0.0,0.0,5,15.4,10.4,68,1026.0,82,13.0,-9900,-9900,0.0,0.0
2021,12,18,15,60,0.0,0.0,0.0,0.0,0.0,5,15.4,10.4,69,1025.8,85,13.0,-9900,-9900,0.0,0.0
2021,12,18,16,60,0.0,0.0,0.0,0.0,0.0,5,15.4,10.4,70,1025.7,87,13.0,-9900,-9900,0.0,0.0
2021,12,18,17,60,0.0,0.0,0.0,0.0,0.0,5,15.3,10.3,70,1025.5,86,13.0,-9900,-9900,0.0,0.0
2021,12,18,18,60,0.0,0.0,0.0,0.0,0.0,5,15.1,10.1,70,1025.4,85,13.0,-9900,-9900,0.0,0.0
2021,12,18,19,60,0.0,0.0,0.0,0.0,0.0,5,14.9,9.9,71,1025.3,84,13.0,-9900,-9900,0.0,0.0
2021,12,18,20,60,0.0,0.0,0.0,0.0,0.0,5,15.0,10.0,71,1025.2,82,11.1,-9900,-9900,0.0,0.0
2021,12,18,21,60,0.0,0.0,0.0,0.0,0.0,5,15.0,10.0,70,1025.0,81,11.1,-9900,-9900,0.0,0.0
2021,12,18,22,60,0.0,0.0,0.0,0.0,0.0,5,15.0,10.0,70,1024.8,79,11.1,-9900,-9900,0.0,0.0
2021,12,18,23,60,0.0,0.0,0.0,0.0,0.0,5,16.2,11.2,56,1025.7,86,13.0,-9900,-9900,0.0,0.0
2021,12,18,24,60,0.0,0.0,0.0,0.0,0.0,5,16.3,11.3,56,1026.1,85,14.8,-9900,-9900,0.0,0.0
2021,12,19,1,60,0.0,0.0,0.0,0.0,0.0,5,16.3,11.3,58,1026.5,85,14.8,-9900,-9900,0.0,0.0
2021,12,19,2,60,0.0,0.0,0.0,0.0,0.0,5,16.8,11.8,57,1026.1,86,16.7,-9900,-9900,0.0,0.0
2021,12,19,3,60,0.0,0.0,0.0,0.0,0.0,5,17.2,12.2,57,1025.7,86,18.5,-9900,-9900,0.0,0.0
2021,12,19,4,60,0.0,0.0,0.0,0.0,0.0,5,17.7,12.7,57,1025.3,86,18.5,-9900,-9900,0.0,0.0
2021,12,19,5,60,0.0,0.0,0.0,0.0,0.0,5,17.7,12.7,58,1024.4,85,18.5,-9900,-9900,0.0,0.0
2021,12,19,6,60,0.0,0.0,0.0,0.0,0.0,5,18.1,13.1,58,1023.4,82,20.4,-9900,-9900,0.0,0.0
2021,12,19,7,60,0.0,0.0,0.0,0.0,0.0,5,18.4,13.4,58,1022.4,79,20.4,-9900,-9900,0.0,0.0
2021,12,19,8,60,0.0,0.0,0.0,0.0,0.0,5,18.1,13.1,60,1022.4,80,20.4,-9900,-9900,0.0,0.0
2021,12,19,9,60,0.0,0.0,0.0,0.0,0.0,5,17.8,12.8,61,1022.4,81,18.5,-9900,-9900,0.0,0.0
2021,12,19,10,60,0.0,0.0,0.0,0.0,0.0,5,17.4,12.4,63,1022.4,82,18.5,-9900,-9900,0.0,0.0
2021,12,19,11,60,0.0,0.0,0.0,0.0,0.0,5,17.8,12.8,64,1022.4,89,18.5,-9900,-9900,0.0,0.0
2021,12,19,12,60,0.0,0.0,0.0,0.0,0.0,5,17.5,12.5,66,1022.8,90,16.7,-9900,-9900,0.0,0.0
2021,12,19,13,60,0.0,0.0,0.0,0.0,0.0,5,17.1,12.1,68,1023.2,92,14.8,-9900,-9900,0.0,0.0
2021,12,19,14,60,0.0,0.0,0.0,0.0,0.0,5,17.2,12.2,68,1023.0,90,14.8,-9900,-9900,0.0,0.0
2021,12,19,15,60,0.0,0.0,0.0,0.0,0.0,5,17.2,12.2,69,1022.8,88,14.8,-9900,-9900,0.0,0.0
2021,12,19,16,60,0.0,0.0,0.0,0.0,0.0,5,17.3,12.3,70,1022.6,85,14.8,-9900,-9900,0.0,0.0
2021,12,19,17,60,0.0,0.0,0.0,0.0,0.0,5,17.0,12.0,66,1022.1,98,13.0,-9900,-9900,0.0,0.0
2021,12,19,18,60,0.0,0.0,0.0,0.0,0.0,5,17.1,12.1,67,1021.7,98,13.0,-9900,-9900,0.0,0.0
2021,12,19,19,60,0.0,0.0,0.0,0.0,0.0,5,17.2,12.2,68,1021.2,98,13.0,-9900,-9900,0.0,0.0
2021,12,19,20,60,0.0,0.0,0.0,0.0,0.0,5,17.3,12.3,69,1020.8,97,13.0,-9900,-9900,0.0,0.0
2021,12,19,21,60,0.0,0.0,0.0,0.0,0.0,5,17.4,12.4,70,1020.5,95,13.0,-9900,-9900,0.0,0.0
2021,12,19,22,60,0.0,0.0,0.0,0.0,0.0,5,17.5,12.5,72,1020.2,94,11.1,-9900,-9900,0.0,0.0
2021,12,19,23,60,0.0,0.0,0.0,0.0,0.0,5,17.4,12.4,73,1020.5,90,13.0,-9900,-9900,0.0,0.0
2021,12,19,24,60,0.0,0.0,0.0,0.0,0.0,5,17.7,12.7,74,1020.8,90,11.1,-9900,-9900,0.0,0.0
2021,12,20,1,60,0.0,0.0,0.0,0.0,0.0,5,17.9,12.9,74,1021.0,90,11.1,-9900,-9900,0.0,0.0
2021,12,20,2,60,0.0,0.0,0.0,0.0,0.0,5,19.0,14.0,70,1020.8,94,11.1,-9900,-9900,0.0,0.0
2021,12,20,3,60,0.0,0.0,0.0,0.0,0.0,5,20.1,15.1,66,1020.6,98,11.1,-9900,-9900,0.0,0.0
2021,12,20,4,60,0.0,0.0,0.0,0.0,0.0,5,21.2,16.2,63,1020.5,103,9.3,-9900,-9900,0.0,0.0
2021,12,20,5,60,0.0,0.0,0.0,0.0,0.0,5,21.6,16.6,63,1019.3,94,11.1,-9900,-9900,0.0,0.0
2021,12,20,6,60,0.0,0.0,0.0,0.0,0.0,5,21.8,16.8,63,1018.5,99,9.3,-9900,-9900,0.0,0.0
2021,12,20,7,60,0.0,0.0,0.0,0.0,0.0,5,22.0,17.0,64,1017.7,106,9.3,-9900,-9900,0.0,0.0
2021,12,20,8,60,0.0,0.0,0.0,0.0,0.0,5,21.5,16.5,66,1017.9,101,9.3,-9900,-9900,0.0,0.0
2021,12,20,9,60,0.0,0.0,0.0,0.0,0.0,5,21.0,16.0,69,1018.1,95,9.3,-9900,-9900,0.0,0.0
2021,12,20,10,60,0.0,0.0,0.0,0.0,0.0,5,20.5,15.5,72,1018.3,88,11.1,-9900,-9900,0.0,0.0
2021,12,20,11,60,0.0,0.0,0.0,0.0,0.0,5,20.0,15.0,75,1018.5,99,7.4,-9900,-9900,0.0,0.0
2021,12,20,12,60,0.0,0.0,0.0,0.0,0.0,5,19.6,14.6,78,1018.8,87,9.3,-9900,-9900,0.0,0.0
2021,12,20,13,60,0.0,0.0,0.0,0.0,0.0,5,19.2,14.2,81,1019.0,76,9.3,-9900,-9900,0.0,0.0
2021,12,20,14,60,0.0,0.0,0.0,0.0,0.0,5,19.2,14.2,81,1018.7,76,9.3,-9900,-9900,0.0,0.0
2021,12,20,15,60,0.0,0.0,0.0,0.0,0.0,5,19.1,14.1,83,1018.4,76,9.3,-9900,-9900,0.0,0.0
2021,12,20,16,60,0.0,0.0,0.0,0.0,0.0,5,19.0,14.0,84,1018.2,76,9.3,-9900,-9900,0.0,0.0
2021,12,20,17,60,0.0,0.0,0.0,0.0,0.0,5,19.3,14.3,82,1017.6,105,5.5,-9900,-9900,0.0,0.0
2021,12,20,18,60,0.0,0.0,0.0,0.0,0.0,5,19.0,14.0,83,1017.1,130,5.5,-9900,-9900,0.0,0.0
2021,12,20,19,60,0.0,0.0,0.0,0.0,0.0,5,18.7,13.7,85,1016.6,164,5.5,-9900,-9900,0.0,0.0
2021,12,20,20,60,0.0,0.0,0.0,0.0,0.0,5,18.4,13.4,88,1016.4,167,5.5,-9900,-9900,0.0,0.0
2021,12,20,21,60,0.0,0.0,0.0,0.0,0.0,5,18.2,13.2,89,1016.3,172,3.7,-9900,-9900,0.0,0.0
2021,12,20,22,60,0.0,0.0,0.0,0.0,0.0,5,18.0,13.0,92,1016.1,179,3.7,-9900,-9900,0.0,0.0
2021,12,20,23,60,0.0,0.0,0.0,0.0,0.0,5,18.5,13.5,84,1016.8,174,3.7,-9900,-9900,0.0,0.0
2021,12,20,24,60,0.0,0.0,0.0,0.0,0.0,5,18.7,13.7,84,1016.9,160,3.7,-9900,-9900,0.0,0.0
2021,12,21,1,60,0.0,0.0,0.0,0.0,0.0,5,19.0,14.0,84,1017.0,144,3.7,-9900,-9900,0.0,0.0
2021,12,21,2,60,0.0,0.0,0.0,0.0,0.0,5,19.6,14.6,86,1016.5,157,3.7,-9900,-9900,0.0,0.0
2021,12,21,3,60,0.0,0.0,0.0,0.0,0.0,5,20.2,15.2,86,1016.0,169,3.7,-9900,-9900,0.0,0.0
2021,12,21,4,60,0.0,0.0,0.0,0.0,0.0,5,20.8,15.8,87,1015.5,180,3.7,-9900,-9900,0.0,0.0
2021,12,21,5,60,0.0,0.0,0.0,0.0,0.0,5,20.7,15.7,88,1014.4,183,3.7,-9900,-9900,0.0,0.0
2021,12,21,6,60,0.0,0.0,0.0,0.0,0.0,5,20.7,15.7,88,1013.3,194,5.5,-9900,-9900,0.0,0.0
2021,12,21,7,60,0.0,0.0,0.0,0.0,0.0,5,20.6,15.6,89,1012.1,292,5.5,-9900,-9900,0.0,0.0
2021,12,21,8,60,0.0,0.0,0.0,0.0,0.0,5,20.4,15.4,90,1012.2,291,5.5,-9900,-9900,0.0,0.0
2021,12,21,9,60,0.0,0.0,0.0,0.0,0.0,5,20.2,15.2,91,1012.2,291,5.5,-9900,-9900,0.0,0.0
2021,12,21,10,60,0.0,0.0,0.0,0.0,0.0,5,20.0,15.0,91,1012.2,290,5.5,-9900,-9900,0.0,0.0
2021,12,21,11,60,0.0,0.0,0.0,0.0,0.0,5,19.1,14.1,98,1013.8,228,3.7,-9900,-9900,0.0,0.0
2021,12,21,12,60,0.0,0.0,0.0,0.0,0.0,5,19.1,14.1,98,1013.9,204,3.7,-9900,-9900,0.0,0.0
2021,12,21,13,60,0.0,0.0,0.0,0.0,0.0,5,19.0,14.0,98,1014.1,176,3.7,-9900,-9900,0.0,0.0
2021,12,21,14,60,0.0,0.0,0.0,0.0,0.0,5,18.9,13.9,98,1014.3,205,3.7,-9900,-9900,0.0,0.0
2021,12,21,15,60,0.0,0.0,0.0,0.0,0.0,5,18.9,13.9,98,1014.5,260,3.7,-9900,-9900,0.0,0.0
2021,12,21,16,60,0.0,0.0,0.0,0.0,0.0,5,18.8,13.8,99,1014.6,291,5.5,-9900,-9900,0.0,0.0
2021,12,21,17,60,0.0,0.0,0.0,0.0,0.0,5,18.0,13.0,96,1015.4,288,5.5,-9900,-9900,0.0,0.0
2021,12,21,18,60,0.0,0.0,0.0,0.0,0.0,5,17.9,12.9,96,1015.1,283,5.5,-9900,-9900,0.0,0.0
2021,12,21,19,60,0.0,0.0,0.0,0.0,0.0,5,17.8,12.8,95,1014.9,279,5.5,-9900,-9900,0.0,0.0
2021,12,21,20,60,0.0,0.0,0.0,0.0,0.0,5,17.8,12.8,96,1014.9,275,5.5,-9900,-9900,0.0,0.0
2021,12,21,21,60,0.0,0.0,0.0,0.0,0.0,5,17.8,12.8,97,1014.8,268,5.5,-9900,-9900,0.0,0.0
2021,12,21,22,60,0.0,0.0,0.0,0.0,0.0,5,17.7,12.7,99,1014.8,254,3.7,-9900,-9900,0.0,0.0
2021,12,21,23,60,0.0,0.0,0.0,0.0,0.0,5,17.4,12.4,94,1015.7,209,3.7,-9900,-9900,0.0,0.0
2021,12,21,24,60,0.0,0.0,0.0,0.0,0.0,5,17.5,12.5,93,1016.1,200,5.5,-9900,-9900,0.0,0.0
2021,12,22,1,60,0.0,0.0,0.0,0.0,0.0,5,17.6,12.6,92,1016.6,187,5.5,-9900,-9900,0.0,0.0
2021,12,22,2,60,0.0,0.0,0.0,0.0,0.0,5,18.2,13.2,90,1016.8,185,5.5,-9900,-9900,0.0,0.0
2021,12,22,3,60,0.0,0.0,0.0,0.0,0.0,5,18.8,13.8,88,1017.0,169,5.5,-9900,-9900,0.0,0.0
2021,12,22,4,60,0.0,0.0,0.0,0.0,0.0,5,19.4,14.4,86,1017.2,17,5.5,-9900,-9900,0.0,0.0
2021,12,22,5,60,0.0,0.0,0.0,0.0,0.0,5,19.5,14.5,85,1016.9,332,5.5,-9900,-9900,0.0,0.0
2021,12,22,6,60,0.0,0.0,0.0,0.0,0.0,5,19.7,14.7,82,1016.2,350,5.5,-9900,-9900,0.0,0.0
2021,12,22,7,60,0.0,0.0,0.0,0.0,0.0,5,20.0,15.0,79,1015.6,359,5.5,-9900,-9900,0.0,0.0
2021,12,22,8,60,0.0,0.0,0.0,0.0,0.0,5,19.8,14.8,80,1015.8,36,7.4,-9900,-9900,0.0,0.0
2021,12,22,9,60,0.0,0.0,0.0,0.0,0.0,5,19.5,14.5,81,1016.0,67,7.4,-9900,-9900,0.0,0.0
2021,12,22,10,60,0.0,0.0,0.0,0.0,0.0,5,19.3,14.3,81,1016.2,83,9.3,-9900,-9900,0.0,0.0
2021,12,22,11,60,0.0,0.0,0.0,0.0,0.0,5,18.7,13.7,84,1017.3,102,7.4,-9900,-9900,0.0,0.0
2021,12,22,12,60,0.0,0.0,0.0,0.0,0.0,5,18.8,13.8,83,1017.7,98,7.4,-9900,-9900,0.0,0.0
2021,12,22,13,60,0.0,0.0,0.0,0.0,0.0,5,18.9,13.9,83,1018.1,95,7.4,-9900,-9900,0.0,0.0
2021,12,22,14,60,0.0,0.0,0.0,0.0,0.0,5,18.8,13.8,83,1018.0,94,7.4,-9900,-9900,0.0,0.0
2021,12,22,15,60,0.0,0.0,0.0,0.0,0.0,5,18.8,13.8,84,1018.0,92,7.4,-9900,-9900,0.0,0.0
2021,12,22,16,60,0.0,0.0,0.0,0.0,0.0,5,18.8,13.8,84,1017.9,91,7.4,-9900,-9900,0.0,0.0
2021,12,22,17,60,0.0,0.0,0.0,0.0,0.0,5,17.9,12.9,84,1018.1,102,11.1,-9900,-9900,0.0,0.0
2021,12,22,18,60,0.0,0.0,0.0,0.0,0.0,5,18.0,13.0,84,1017.7,102,9.3,-9900,-9900,0.0,0.0
2021,12,22,19,60,0.0,0.0,0.0,0.0,0.0,5,18.2,13.2,83,1017.3,101,9.3,-9900,-9900,0.0,0.0
2021,12,22,20,60,0.0,0.0,0.0,0.0,0.0,5,18.2,13.2,85,1017.2,104,7.4,-9900,-9900,0.0,0.0
2021,12,22,21,60,0.0,0.0,0.0,0.0,0.0,5,18.3,13.3,86,1017.1,107,7.4,-9900,-9900,0.0,0.0
2021,12,22,22,60,0.0,0.0,0.0,0.0,0.0,5,18.3,13.3,88,1016.9,111,5.5,-9900,-9900,0.0,0.0
2021,12,22,23,60,0.0,0.0,0.0,0.0,0.0,5,18.4,13.4,89,1017.1,113,11.1,-9900,-9900,0.0,0.0
2021,12,22,24,60,0.0,0.0,0.0,0.0,0.0,5,18.7,13.7,88,1017.4,113,9.3,-9900,-9900,0.0,0.0
2021,12,23,1,60,0.0,0.0,0.0,0.0,0.0,5,19.1,14.1,87,1017.8,113,7.4,-9900,-9900,0.0,0.0
2021,12,23,2,60,0.0,0.0,0.0,0.0,0.0,5,19.8,14.8,85,1017.7,109,9.3,-9900,-9900,0.0,0.0
2021,12,23,3,60,0.0,0.0,0.0,0.0,0.0,5,20.6,15.6,82,1017.5,104,9.3,-9900,-9900,0.0,0.0
2021,12,23,4,60,0.0,0.0,0.0,0.0,0.0,5,21.4,16.4,80,1017.4,100,11.1,-9900,-9900,0.0,0.0
2021,12,23,5,60,0.0,0.0,0.0,0.0,0.0,5,21.8,16.8,76,1016.7,92,11.1,-9900,-9900,0.0,0.0
2021,12,23,6,60,0.0,0.0,0.0,0.0,0.0,5,22.1,17.1,75,1015.8,93,9.3,-9900,-9900,0.0,0.0
2021,12,23,7,60,0.0,0.0,0.0,0.0,0.0,5,22.4,17.4,73,1014.9,95,9.3,-9900,-9900,0.0,0.0
2021,12,23,8,60,0.0,0.0,0.0,0.0,0.0,5,22.0,17.0,76,1015.0,97,9.3,-9900,-9900,0.0,0.0
2021,12,23,9,60,0.0,0.0,0.0,0.0,0.0,5,21.7,16.7,78,1015.0,100,9.3,-9900,-9900,0.0,0.0
2021,12,23,10,60,0.0,0.0,0.0,0.0,0.0,5,21.3,16.3,81,1015.1,104,9.3,-9900,-9900,0.0,0.0
2021,12,23,11,60,0.0,0.0,0.0,0.0,0.0,5,21.1,16.1,85,1015.0,95,7.4,-9900,-9900,0.0,0.0
2021,12,23,12,60,0.0,0.0,0.0,0.0,0.0,5,21.0,16.0,86,1015.2,96,7.4,-9900,-9900,0.0,0.0
2021,12,23,13,60,0.0,0.0,0.0,0.0,0.0,5,20.8,15.8,88,1015.4,98,5.5,-9900,-9900,0.0,0.0
2021,12,23,14,60,0.0,0.0,0.0,0.0,0.0,5,20.8,15.8,88,1015.2,100,5.5,-9900,-9900,0.0,0.0
2021,12,23,15,60,0.0,0.0,0.0,0.0,0.0,5,20.7,15.7,89,1015.1,103,5.5,-9900,-9900,0.0,0.0
2021,12,23,16,60,0.0,0.0,0.0,0.0,0.0,5,20.7,15.7,89,1015.0,107,5.5,-9900,-9900,0.0,0.0
2021,12,23,17,60,0.0,0.0,0.0,0.0,0.0,5,20.5,15.5,89,1014.7,136,5.5,-9900,-9900,0.0,0.0
2021,12,23,18,60,0.0,0.0,0.0,0.0,0.0,5,20.4,15.4,89,1014.5,175,3.7,-9900,-9900,0.0,0.0
2021,12,23,19,60,0.0,0.0,0.0,0.0,0.0,5,20.2,15.2,90,1014.3,201,3.7,-9900,-9900,0.0,0.0
2021,12,23,20,60,0.0,0.0,0.0,0.0,0.0,5,20.0,15.0,90,1014.5,215,3.7,-9900,-9900,0.0,0.0
2021,12,23,21,60,0.0,0.0,0.0,0.0,0.0,5,19.9,14.9,90,1014.7,224,3.7,-9900,-9900,0.0,0.0
2021,12,23,22,60,0.0,0.0,0.0,0.0,0.0,5,19.7,14.7,90,1015.0,230,3.7,-9900,-9900,0.0,0.0
2021,12,23,23,60,0.0,0.0,0.0,0.0,0.0,5,19.8,14.8,95,1015.8,258,5.5,-9900,-9900,0.0,0.0
2021,12,23,24,60,0.0,0.0,0.0,0.0,0.0,5,19.6,14.6,95,1016.4,259,5.5,-9900,-9900,0.0,0.0
2021,12,24,1,60,0.0,0.0,0.0,0.0,0.0,5,19.5,14.5,95,1017.0,261,5.5,-9900,-9900,0.0,0.0
2021,12,24,2,60,0.0,0.0,0.0,0.0,0.0,5,19.9,14.9,92,1017.1,258,5.5,-9900,-9900,0.0,0.0
2021,12,24,3,60,0.0,0.0,0.0,0.0,0.0,5,20.4,15.4,90,1017.2,255,3.7,-9900,-9900,0.0,0.0
2021,12,24,4,60,0.0,0.0,0.0,0.0,0.0,5,20.9,15.9,88,1017.3,252,3.7,-9900,-9900,0.0,0.0
2021,12,24,5,60,0.0,0.0,0.0,0.0,0.0,5,19.9,14.9,89,1016.8,315,3.7,-9900,-9900,0.0,0.0
2021,12,24,6,60,0.0,0.0,0.0,0.0,0.0,5,20.3,15.3,86,1016.2,293,3.7,-9900,-9900,0.0,0.0
2021,12,24,7,60,0.0,0.0,0.0,0.0,0.0,5,20.8,15.8,83,1015.7,281,5.5,-9900,-9900,0.0,0.0
2021,12,24,8,60,0.0,0.0,0.0,0.0,0.0,5,20.4,15.4,83,1016.1,282,5.5,-9900,-9900,0.0,0.0
2021,12,24,9,60,0.0,0.0,0.0,0.0,0.0,5,20.0,15.0,84,1016.5,284,5.5,-9900,-9900,0.0,0.0
2021,12,24,10,60,0.0,0.0,0.0,0.0,0.0,5,19.6,14.6,84,1017.0,286,3.7,-9900,-9900,0.0,0.0
2021,12,24,11,60,0.0,0.0,0.0,0.0,0.0,5,18.9,13.9,88,1017.9,312,5.5,-9900,-9900,0.0,0.0
2021,12,24,12,60,0.0,0.0,0.0,0.0,0.0,5,18.9,13.9,88,1018.5,1,5.5,-9900,-9900,0.0,0.0
2021,12,24,13,60,0.0,0.0,0.0,0.0,0.0,5,18.8,13.8,88,1019.1,84,5.5,-9900,-9900,0.0,0.0
2021,12,24,14,60,0.0,0.0,0.0,0.0,0.0,5,18.8,13.8,86,1019.5,84,7.4,-9900,-9900,0.0,0.0
2021,12,24,15,60,0.0,0.0,0.0,0.0,0.0,5,18.7,13.7,85,1020.0,83,7.4,-9900,-9900,0.0,0.0
2021,12,24,16,60,0.0,0.0,0.0,0.0,0.0,5,18.7,13.7,83,1020.4,83,7.4,-9900,-9900,0.0,0.0
2021,12,24,17,60,0.0,0.0,0.0,0.0,0.0,5,18.9,13.9,83,1020.1,100,7.4,-9900,-9900,0.0,0.0
2021,12,24,18,60,0.0,0.0,0.0,0.0,0.0,5,18.7,13.7,83,1020.4,99,7.4,-9900,-9900,0.0,0.0
2021,12,24,19,60,0.0,0.0,0.0,0.0,0.0,5,18.5,13.5,82,1020.6,97,7.4,-9900,-9900,0.0,0.0
2021,12,24,20,60,0.0,0.0,0.0,0.0,0.0,5,18.3,13.3,81,1021.2,93,7.4,-9900,-9900,0.0,0.0
2021,12,24,21,60,0.0,0.0,0.0,0.0,0.0,5,18.1,13.1,80,1021.7,89,7.4,-9900,-9900,0.0,0.0
2021,12,24,22,60,0.0,0.0,0.0,0.0,0.0,5,17.8,12.8,80,1022.3,85,7.4,-9900,-9900,0.0,0.0
2021,12,24,23,60,0.0,0.0,0.0,0.0,0.0,5,18.0,13.0,73,1022.9,78,13.0,-9900,-9900,0.0,0.0
2021,12,24,24,60,0.0,0.0,0.0,0.0,0.0,5,17.9,12.9,73,1023.7,78,13.0,-9900,-9900,0.0,0.0
2021,12,25,1,60,0.0,0.0,0.0,0.0,0.0,5,17.7,12.7,74,1024.5,78,13.0,-9900,-9900,0.0,0.0
2021,12,25,2,60,0.0,0.0,0.0,0.0,0.0,5,17.6,12.6,75,1024.8,76,13.0,-9900,-9900,0.0,0.0
2021,12,25,3,60,0.0,0.0,0.0,0.0,0.0,5,17.5,12.5,75,1025.1,74,14.8,-9900,-9900,0.0,0.0
2021,12,25,4,60,0.0,0.0,0.0,0.0,0.0,5,17.3,12.3,76,1025.4,72,16.7,-9900,-9900,0.0,0.0
2021,12,25,5,60,0.0,0.0,0.0,0.0,0.0,5,16.8,11.8,81,1024.9,65,16.7,-9900,-9900,0.0,0.0
2021,12,25,6,60,0.0,0.0,0.0,0.0,0.0,5,16.8,11.8,80,1024.4,66,18.5,-9900,-9900,0.0,0.0
2021,12,25,7,60,0.0,0.0,0.0,0.0,0.0,5,16.7,11.7,80,1023.8,66,18.5,-9900,-9900,0.0,0.0
2021,12,25,8,60,0.0,0.0,0.0,0.0,0.0,5,16.6,11.6,78,1024.4,63,18.5,-9900,-9900,0.0,0.0
2021,12,25,9,60,0.0,0.0,0.0,0.0,0.0,5,16.5,11.5,76,1025.0,61,16.7,-9900,-9900,0.0,0.0
2021,12,25,10,60,0.0,0.0,0.0,0.0,0.0,5,16.4,11.4,75,1025.6,58,16.7,-9900,-9900,0.0,0.0
2021,12,25,11,60,0.0,0.0,0.0,0.0,0.0,5,16.1,11.1,81,1026.5,75,18.5,-9900,-9900,0.0,0.0
2021,12,25,12,60,0.0,0.0,0.0,0.0,0.0,5,15.8,10.8,81,1027.3,76,16.7,-9900,-9900,0.0,0.0
2021,12,25,13,60,0.0,0.0,0.0,0.0,0.0,5,15.6,10.6,81,1028.0,77,14.8,-9900,-9900,0.0,0.0
2021,12,25,14,60,0.0,0.0,0.0,0.0,0.0,5,15.5,10.5,81,1028.2,78,14.8,-9900,-9900,0.0,0.0
2021,12,25,15,60,0.0,0.0,0.0,0.0,0.0,5,15.4,10.4,80,1028.3,80,14.8,-9900,-9900,0.0,0.0
2021,12,25,16,60,0.0,0.0,0.0,0.0,0.0,5,15.4,10.4,80,1028.5,82,14.8,-9900,-9900,0.0,0.0
2021,12,25,17,60,0.0,0.0,0.0,0.0,0.0,5,14.6,9.6,82,1028.6,88,16.7,-9900,-9900,0.0,0.0
2021,12,25,18,60,0.0,0.0,0.0,0.0,0.0,5,14.4,9.4,83,1028.4,87,14.8,-9900,-9900,0.0,0.0
2021,12,25,19,60,0.0,0.0,0.0,0.0,0.0,5,14.3,9.3,83,1028.3,85,14.8,-9900,-9900,0.0,0.0
2021,12,25,20,60,0.0,0.0,0.0,0.0,0.0,5,14.3,9.3,82,1028.6,85,14.8,-9900,-9900,0.0,0.0
2021,12,25,21,60,0.0,0.0,0.0,0.0,0.0,5,14.2,9.2,81,1028.8,85,13.0,-9900,-9900,0.0,0.0
2021,12,25,22,60,0.0,0.0,0.0,0.0,0.0,5,14.2,9.2,80,1029.1,85,13.0,-9900,-9900,0.0,0.0
2021,12,25,23,60,0.0,0.0,0.0,0.0,0.0,5,14.3,9.3,80,1029.7,85,13.0,-9900,-9900,0.0,0.0
2021,12,25,24,60,0.0,0.0,0.0,0.0,0.0,5,14.4,9.4,80,1030.3,85,13.0,-9900,-9900,0.0,0.0
2021,12,26,1,60,0.0,0.0,0.0,0.0,0.0,5,14.5,9.5,79,1030.8,85,13.0,-9900,-9900,0.0,0.0
2021,12,26,2,60,0.0,0.0,0.0,0.0,0.0,5,14.3,9.3,80,1030.7,83,13.0,-9900,-9900,0.0,0.0
2021,12,26,3,60,0.0,0.0,0.0,0.0,0.0,5,14.2,9.2,80,1030.6,82,14.8,-9900,-9900,0.0,0.0
2021,12,26,4,60,0.0,0.0,0.0,0.0,0.0,5,14.0,9.0,81,1030.5,81,14.8,-9900,-9900,0.0,0.0
2021,12,26,5,60,0.0,0.0,0.0,0.0,0.0,5,13.5,8.5,84,1030.2,80,16.7,-9900,-9900,0.0,0.0
2021,12,26,6,60,0.0,0.0,0.0,0.0,0.0,5,13.7,8.7,83,1029.3,78,16.7,-9900,-9900,0.0,0.0
2021,12,26,7,60,0.0,0.0,0.0,0.0,0.0,5,13.8,8.8,82,1028.5,77,16.7,-9900,-9900,0.0,0.0
2021,12,26,8,60,0.0,0.0,0.0,0.0,0.0,5,13.8,8.8,81,1028.7,77,16.7,-9900,-9900,0.0,0.0
2021,12,26,9,60,0.0,0.0,0.0,0.0,0.0,5,13.9,8.9,79,1028.9,77,16.7,-9900,-9900,0.0,0.0
2021,12,26,10,60,0.0,0.0,0.0,0.0,0.0,5,13.9,8.9,78,1029.1,77,14.8,-9900,-9900,0.0,0.0
2021,12,26,11,60,0.0,0.0,0.0,0.0,0.0,5,14.2,9.2,79,1029.6,82,14.8,-9900,-9900,0.0,0.0
2021,12,26,12,60,0.0,0.0,0.0,0.0,0.0,5,13.9,8.9,80,1030.1,84,14.8,-9900,-9900,0.0,0.0
2021,12,26,13,60,0.0,0.0,0.0,0.0,0.0,5,13.6,8.6,81,1030.7,86,14.8,-9900,-9900,0.0,0.0
2021,12,26,14,60,0.0,0.0,0.0,0.0,0.0,5,13.6,8.6,80,1030.6,87,14.8,-9900,-9900,0.0,0.0
2021,12,26,15,60,0.0,0.0,0.0,0.0,0.0,5,13.6,8.6,79,1030.6,89,14.8,-9900,-9900,0.0,0.0
2021,12,26,16,60,0.0,0.0,0.0,0.0,0.0,5,13.5,8.5,79,1030.5,90,14.8,-9900,-9900,0.0,0.0
2021,12,26,17,60,0.0,0.0,0.0,0.0,0.0,5,12.7,7.7,87,1030.1,88,14.8,-9900,-9900,0.0,0.0
2021,12,26,18,60,0.0,0.0,0.0,0.0,0.0,5,12.6,7.6,86,1029.8,88,14.8,-9900,-9900,0.0,0.0
2021,12,26,19,60,0.0,0.0,0.0,0.0,0.0,5,12.5,7.5,86,1029.6,87,14.8,-9900,-9900,0.0,0.0
2021,12,26,20,60,0.0,0.0,0.0,0.0,0.0,5,12.5,7.5,85,1029.6,88,14.8,-9900,-9900,0.0,0.0
2021,12,26,21,60,0.0,0.0,0.0,0.0,0.0,5,12.6,7.6,84,1029.5,88,13.0,-9900,-9900,0.0,0.0
2021,12,26,22,60,0.0,0.0,0.0,0.0,0.0,5,12.6,7.6,83,1029.5,88,13.0,-9900,-9900,0.0,0.0
2021,12,26,23,60,0.0,0.0,0.0,0.0,0.0,5,12.6,7.6,86,1029.8,85,13.0,-9900,-9900,0.0,0.0
2021,12,26,24,60,0.0,0.0,0.0,0.0,0.0,5,12.6,7.6,85,1030.3,86,13.0,-9900,-9900,0.0,0.0
2021,12,27,1,60,0.0,0.0,0.0,0.0,0.0,5,12.6,7.6,85,1030.8,86,14.8,-9900,-9900,0.0,0.0
2021,12,27,2,60,0.0,0.0,0.0,0.0,0.0,5,12.7,7.7,85,1030.7,84,14.8,-9900,-9900,0.0,0.0
2021,12,27,3,60,0.0,0.0,0.0,0.0,0.0,5,12.8,7.8,85,1030.5,82,14.8,-9900,-9900,0.0,0.0
2021,12,27,4,60,0.0,0.0,0.0,0.0,0.0,5,13.0,8.0,84,1030.4,80,14.8,-9900,-9900,0.0,0.0
2021,12,27,5,60,0.0,0.0,0.0,0.0,0.0,5,12.9,7.9,88,1029.7,82,16.7,-9900,-9900,0.0,0.0
2021,12,27,6,60,0.0,0.0,0.0,0.0,0.0,5,13.1,8.1,86,1028.7,83,16.7,-9900,-9900,0.0,0.0
2021,12,27,7,60,0.0,0.0,0.0,0.0,0.0,5,13.3,8.3,84,1027.7,84,16.7,-9900,-9900,0.0,0.0
2021,12,27,8,60,0.0,0.0,0.0,0.0,0.0,5,13.4,8.4,84,1027.7,86,14.8,-9900,-9900,0.0,0.0
2021,12,27,9,60,0.0,0.0,0.0,0.0,0.0,5,13.5,8.5,83,1027.8,88,14.8,-9900,-9900,0.0,0.0
2021,12,27,10,60,0.0,0.0,0.0,0.0,0.0,5,13.7,8.7,82,1027.9,90,14.8,-9900,-9900,0.0,0.0
2021,12,27,11,60,0.0,0.0,0.0,0.0,0.0,5,13.8,8.8,86,1028.5,86,14.8,-9900,-9900,0.0,0.0
2021,12,27,12,60,0.0,0.0,0.0,0.0,0.0,5,13.9,8.9,86,1028.8,87,13.0,-9900,-9900,0.0,0.0
2021,12,27,13,60,0.0,0.0,0.0,0.0,0.0,5,14.0,9.0,85,1029.0,88,13.0,-9900,-9900,0.0,0.0
2021,12,27,14,60,0.0,0.0,0.0,0.0,0.0,5,14.2,9.2,84,1028.7,89,13.0,-9900,-9900,0.0,0.0
2021,12,27,15,60,0.0,0.0,0.0,0.0,0.0,5,14.4,9.4,84,1028.4,89,13.0,-9900,-9900,0.0,0.0
2021,12,27,16,60,0.0,0.0,0.0,0.0,0.0,5,14.5,9.5,84,1028.1,89,13.0,-9900,-9900,0.0,0.0
2021,12,27,17,60,0.0,0.0,0.0,0.0,0.0,5,13.8,8.8,90,1028.1,94,13.0,-9900,-9900,0.0,0.0
2021,12,27,18,60,0.0,0.0,0.0,0.0,0.0,5,14.0,9.0,89,1027.6,94,13.0,-9900,-9900,0.0,0.0
2021,12,27,19,60,0.0,0.0,0.0,0.0,0.0,5,14.2,9.2,88,1027.0,94,11.1,-9900,-9900,0.0,0.0
2021,12,27,20,60,0.0,0.0,0.0,0.0,0.0,5,14.4,9.4,88,1026.7,96,11.1,-9900,-9900,0.0,0.0
2021,12,27,21,60,0.0,0.0,0.0,0.0,0.0,5,14.7,9.7,87,1026.4,99,9.3,-9900,-9900,0.0,0.0
2021,12,27,22,60,0.0,0.0,0.0,0.0,0.0,5,14.9,9.9,87,1026.2,101,9.3,-9900,-9900,0.0,0.0
2021,12,27,23,60,0.0,0.0,0.0,0.0,0.0,5,15.0,10.0,88,1026.3,99,11.1,-9900,-9900,0.0,0.0
2021,12,27,24,60,0.0,0.0,0.0,0.0,0.0,5,15.3,10.3,88,1026.4,99,9.3,-9900,-9900,0.0,0.0
2021,12,28,1,60,0.0,0.0,0.0,0.0,0.0,5,15.6,10.6,87,1026.5,99,9.3,-9900,-9900,0.0,0.0
2021,12,28,2,60,0.0,0.0,0.0,0.0,0.0,5,16.6,11.6,83,1026.1,96,9.3,-9900,-9900,0.0,0.0
2021,12,28,3,60,0.0,0.0,0.0,0.0,0.0,5,17.6,12.6,79,1025.7,93,11.1,-9900,-9900,0.0,0.0
2021,12,28,4,60,0.0,0.0,0.0,0.0,0.0,5,18.6,13.6,76,1025.3,90,11.1,-9900,-9900,0.0,0.0
2021,12,28,5,60,0.0,0.0,0.0,0.0,0.0,5,18.6,13.6,76,1024.5,86,11.1,-9900,-9900,0.0,0.0
2021,12,28,6,60,0.0,0.0,0.0,0.0,0.0,5,19.0,14.0,74,1023.5,86,11.1,-9900,-9900,0.0,0.0
2021,12,28,7,60,0.0,0.0,0.0,0.0,0.0,5,19.4,14.4,72,1022.5,85,9.3,-9900,-9900,0.0,0.0
2021,12,28,8,60,0.0,0.0,0.0,0.0,0.0,5,19.1,14.1,73,1022.5,93,9.3,-9900,-9900,0.0,0.0
2021,12,28,9,60,0.0,0.0,0.0,0.0,0.0,5,18.7,13.7,75,1022.5,103,9.3,-9900,-9900,0.0,0.0
2021,12,28,10,60,0.0,0.0,0.0,0.0,0.0,5,18.4,13.4,76,1022.5,116,9.3,-9900,-9900,0.0,0.0
2021,12,28,11,60,0.0,0.0,0.0,0.0,0.0,5,18.1,13.1,79,1022.7,114,7.4,-9900,-9900,0.0,0.0
2021,12,28,12,60,0.0,0.0,0.0,0.0,0.0,5,17.7,12.7,82,1023.0,111,7.4,-9900,-9900,0.0,0.0
2021,12,28,13,60,0.0,0.0,0.0,0.0,0.0,5,17.4,12.4,84,1023.3,108,5.5,-9900,-9900,0.0,0.0
2021,12,28,14,60,0.0,0.0,0.0,0.0,0.0,5,17.4,12.4,85,1023.3,114,5.5,-9900,-9900,0.0,0.0
2021,12,28,15,60,0.0,0.0,0.0,0.0,0.0,5,17.4,12.4,86,1023.4,121,5.5,-9900,-9900,0.0,0.0
2021,12,28,16,60,0.0,0.0,0.0,0.0,0.0,5,17.4,12.4,88,1023.4,131,5.5,-9900,-9900,0.0,0.0
2021,12,28,17,60,0.0,0.0,0.0,0.0,0.0,5,17.0,12.0,92,1023.1,117,5.5,-9900,-9900,0.0,0.0
2021,12,28,18,60,0.0,0.0,0.0,0.0,0.0,5,16.9,11.9,91,1022.9,206,3.7,-9900,-9900,0.0,0.0
2021,12,28,19,60,0.0,0.0,0.0,0.0,0.0,5,16.8,11.8,90,1022.6,249,3.7,-9900,-9900,0.0,0.0
2021,12,28,20,60,0.0,0.0,0.0,0.0,0.0,5,16.7,11.7,91,1022.7,238,3.7,-9900,-9900,0.0,0.0
2021,12,28,21,60,0.0,0.0,0.0,0.0,0.0,5,16.7,11.7,90,1022.8,231,3.7,-9900,-9900,0.0,0.0
2021,12,28,22,60,0.0,0.0,0.0,0.0,0.0,5,16.6,11.6,90,1022.8,226,3.7,-9900,-9900,0.0,0.0
2021,12,28,23,60,0.0,0.0,0.0,0.0,0.0,5,16.1,11.1,92,1023.5,195,3.7,-9900,-9900,0.0,0.0
2021,12,28,24,60,0.0,0.0,0.0,0.0,0.0,5,16.1,11.1,91,1024.0,214,3.7,-9900,-9900,0.0,0.0
2021,12,29,1,60,0.0,0.0,0.0,0.0,0.0,5,16.1,11.1,91,1024.5,229,3.7,-9900,-9900,0.0,0.0
2021,12,29,2,60,0.0,0.0,0.0,0.0,0.0,5,16.8,11.8,89,1024.4,239,3.7,-9900,-9900,0.0,0.0
2021,12,29,3,60,0.0,0.0,0.0,0.0,0.0,5,17.5,12.5,87,1024.4,252,3.7,-9900,-9900,0.0,0.0
2021,12,29,4,60,0.0,0.0,0.0,0.0,0.0,5,18.2,13.2,85,1024.4,267,3.7,-9900,-9900,0.0,0.0
2021,12,29,5,60,0.0,0.0,0.0,0.0,0.0,5,18.4,13.4,85,1023.6,280,3.7,-9900,-9900,0.0,0.0
2021,12,29,6,60,0.0,0.0,0.0,0.0,0.0,5,18.7,13.7,82,1022.9,289,5.5,-9900,-9900,0.0,0.0
2021,12,29,7,60,0.0,0.0,0.0,0.0,0.0,5,18.9,13.9,81,1022.2,295,7.4,-9900,-9900,0.0,0.0
2021,12,29,8,60,0.0,0.0,0.0,0.0,0.0,5,18.6,13.6,81,1022.5,294,5.5,-9900,-9900,0.0,0.0
2021,12,29,9,60,0.0,0.0,0.0,0.0,0.0,5,18.3,13.3,80,1022.9,292,5.5,-9900,-9900,0.0,0.0
2021,12,29,10,60,0.0,0.0,0.0,0.0,0.0,5,17.9,12.9,81,1023.2,287,5.5,-9900,-9900,0.0,0.0
2021,12,29,11,60,0.0,0.0,0.0,0.0,0.0,5,18.3,13.3,78,1024.1,336,5.5,-9900,-9900,0.0,0.0
2021,12,29,12,60,0.0,0.0,0.0,0.0,0.0,5,17.9,12.9,80,1024.6,22,5.5,-9900,-9900,0.0,0.0
2021,12,29,13,60,0.0,0.0,0.0,0.0,0.0,5,17.6,12.6,81,1025.2,82,5.5,-9900,-9900,0.0,0.0
2021,12,29,14,60,0.0,0.0,0.0,0.0,0.0,5,17.3,12.3,82,1025.3,81,5.5,-9900,-9900,0.0,0.0
2021,12,29,15,60,0.0,0.0,0.0,0.0,0.0,5,17.0,12.0,83,1025.5,79,5.5,-9900,-9900,0.0,0.0
2021,12,29,16,60,0.0,0.0,0.0,0.0,0.0,5,16.8,11.8,83,1025.7,77,5.5,-9900,-9900,0.0,0.0
2021,12,29,17,60,0.0,0.0,0.0,0.0,0.0,5,16.8,11.8,86,1025.6,102,7.4,-9900,-9900,0.0,0.0
2021,12,29,18,60,0.0,0.0,0.0,0.0,0.0,5,16.5,11.5,86,1025.5,99,7.4,-9900,-9900,0.0,0.0
2021,12,29,19,60,0.0,0.0,0.0,0.0,0.0,5,16.1,11.1,86,1025.5,96,7.4,-9900,-9900,0.0,0.0
2021,12,29,20,60,0.0,0.0,0.0,0.0,0.0,5,16.0,11.0,84,1025.6,94,7.4,-9900,-9900,0.0,0.0
2021,12,29,21,60,0.0,0.0,0.0,0.0,0.0,5,15.9,10.9,82,1025.7,93,7.4,-9900,-9900,0.0,0.0
2021,12,29,22,60,0.0,0.0,0.0,0.0,0.0,5,15.7,10.7,80,1025.8,91,7.4,-9900,-9900,0.0,0.0
2021,12,29,23,60,0.0,0.0,0.0,0.0,0.0,5,16.2,11.2,75,1026.4,93,13.0,-9900,-9900,0.0,0.0
2021,12,29,24,60,0.0,0.0,0.0,0.0,0.0,5,16.2,11.2,74,1027.0,92,13.0,-9900,-9900,0.0,0.0
2021,12,30,1,60,0.0,0.0,0.0,0.0,0.0,5,16.2,11.2,73,1027.6,91,13.0,-9900,-9900,0.0,0.0
2021,12,30,2,60,0.0,0.0,0.0,0.0,0.0,5,16.3,11.3,72,1027.6,87,14.8,-9900,-9900,0.0,0.0
2021,12,30,3,60,0.0,0.0,0.0,0.0,0.0,5,16.5,11.5,70,1027.7,84,14.8,-9900,-9900,0.0,0.0
2021,12,30,4,60,0.0,0.0,0.0,0.0,0.0,5,16.6,11.6,69,1027.8,81,16.7,-9900,-9900,0.0,0.0
2021,12,30,5,60,0.0,0.0,0.0,0.0,0.0,5,16.7,11.7,63,1027.2,84,14.8,-9900,-9900,0.0,0.0
2021,12,30,6,60,0.0,0.0,0.0,0.0,0.0,5,16.8,11.8,63,1026.4,83,16.7,-9900,-9900,0.0,0.0
2021,12,30,7,60,0.0,0.0,0.0,0.0,0.0,5,16.9,11.9,63,1025.6,83,16.7,-9900,-9900,0.0,0.0
2021,12,30,8,60,0.0,0.0,0.0,0.0,0.0,5,16.6,11.6,64,1025.9,84,16.7,-9900,-9900,0.0,0.0
2021,12,30,9,60,0.0,0.0,0.0,0.0,0.0,5,16.2,11.2,66,1026.1,85,14.8,-9900,-9900,0.0,0.0
2021,12,30,10,60,0.0,0.0,0.0,0.0,0.0,5,15.9,10.9,68,1026.4,85,14.8,-9900,-9900,0.0,0.0
2021,12,30,11,60,0.0,0.0,0.0,0.0,0.0,5,15.5,10.5,70,1026.9,89,14.8,-9900,-9900,0.0,0.0
2021,12,30,12,60,0.0,0.0,0.0,0.0,0.0,5,15.4,10.4,71,1027.4,90,13.0,-9900,-9900,0.0,0.0
2021,12,30,13,60,0.0,0.0,0.0,0.0,0.0,5,15.3,10.3,71,1027.9,92,13.0,-9900,-9900,0.0,0.0
2021,12,30,14,60,0.0,0.0,0.0,0.0,0.0,5,15.3,10.3,71,1027.9,93,13.0,-9900,-9900,0.0,0.0
2021,12,30,15,60,0.0,0.0,0.0,0.0,0.0,5,15.4,10.4,71,1027.9,93,13.0,-9900,-9900,0.0,0.0
2021,12,30,16,60,0.0,0.0,0.0,0.0,0.0,5,15.4,10.4,71,1027.9,93,11.1,-9900,-9900,0.0,0.0
2021,12,30,17,60,0.0,0.0,0.0,0.0,0.0,5,15.5,10.5,66,1028.0,99,13.0,-9900,-9900,0.0,0.0
2021,12,30,18,60,0.0,0.0,0.0,0.0,0.0,5,15.5,10.5,67,1027.7,98,11.1,-9900,-9900,0.0,0.0
2021,12,30,19,60,0.0,0.0,0.0,0.0,0.0,5,15.5,10.5,68,1027.4,98,11.1,-9900,-9900,0.0,0.0
2021,12,30,20,60,0.0,0.0,0.0,0.0,0.0,5,15.5,10.5,68,1027.5,97,11.1,-9900,-9900,0.0,0.0
2021,12,30,21,60,0.0,0.0,0.0,0.0,0.0,5,15.5,10.5,69,1027.5,95,11.1,-9900,-9900,0.0,0.0
2021,12,30,22,60,0.0,0.0,0.0,0.0,0.0,5,15.6,10.6,69,1027.6,94,11.1,-9900,-9900,0.0,0.0
2021,12,30,23,60,0.0,0.0,0.0,0.0,0.0,5,15.7,10.7,70,1027.8,92,11.1,-9900,-9900,0.0,0.0
2021,12,30,24,60,0.0,0.0,0.0,0.0,0.0,5,15.9,10.9,71,1028.0,90,13.0,-9900,-9900,0.0,0.0
2021,12,31,1,60,0.0,0.0,0.0,0.0,0.0,5,16.0,11.0,71,1028.1,89,13.0,-9900,-9900,0.0,0.0
2021,12,31,2,60,0.0,0.0,0.0,0.0,0.0,5,16.4,11.4,70,1027.9,90,14.8,-9900,-9900,0.0,0.0
2021,12,31,3,60,0.0,0.0,0.0,0.0,0.0,5,16.8,11.8,68,1027.7,92,16.7,-9900,-9900,0.0,0.0
2021,12,31,4,60,0.0,0.0,0.0,0.0,0.0,5,17.1,12.1,66,1027.5,93,18.5,-9900,-9900,0.0,0.0
2021,12,31,5,60,0.0,0.0,0.0,0.0,0.0,5,17.2,12.2,65,1026.9,85,16.7,-9900,-9900,0.0,0.0
2021,12,31,6,60,0.0,0.0,0.0,0.0,0.0,5,17.2,12.2,66,1026.0,83,16.7,-9900,-9900,0.0,0.0
2021,12,31,7,60,0.0,0.0,0.0,0.0,0.0,5,17.2,12.2,67,1025.1,81,16.7,-9900,-9900,0.0,0.0
2021,12,31,8,60,0.0,0.0,0.0,0.0,0.0,5,16.9,11.9,68,1025.2,82,16.7,-9900,-9900,0.0,0.0
2021,12,31,9,60,0.0,0.0,0.0,0.0,0.0,5,16.7,11.7,70,1025.3,82,16.7,-9900,-9900,0.0,0.0
2021,12,31,10,60,0.0,0.0,0.0,0.0,0.0,5,16.4,11.4,71,1025.4,83,16.7,-9900,-9900,0.0,0.0
2021,12,31,11,60,0.0,0.0,0.0,0.0,0.0,5,16.1,11.1,74,1026.0,89,16.7,-9900,-9900,0.0,0.0
2021,12,31,12,60,0.0,0.0,0.0,0.0,0.0,5,16.1,11.1,75,1026.3,89,14.8,-9900,-9900,0.0,0.0
2021,12,31,13,60,0.0,0.0,0.0,0.0,0.0,5,16.0,11.0,76,1026.5,90,14.8,-9900,-9900,0.0,0.0
2021,12,31,14,60,0.0,0.0,0.0,0.0,0.0,5,16.1,11.1,77,1026.4,90,14.8,-9900,-9900,0.0,0.0
2021,12,31,15,60,0.0,0.0,0.0,0.0,0.0,5,16.2,11.2,77,1026.4,89,13.0,-9900,-9900,0.0,0.0
2021,12,31,16,60,0.0,0.0,0.0,0.0,0.0,5,16.2,11.2,77,1026.3,89,13.0,-9900,-9900,0.0,0.0
2021,12,31,17,60,0.0,0.0,0.0,0.0,0.0,5,15.1,10.1,86,1026.3,98,13.0,-9900,-9900,0.0,0.0
2021,12,31,18,60,0.0,0.0,0.0,0.0,0.0,5,15.3,10.3,85,1025.8,99,11.1,-9900,-9900,0.0,0.0
2021,12,31,19,60,0.0,0.0,0.0,0.0,0.0,5,15.4,10.4,85,1025.4,101,9.3,-9900,-9900,0.0,0.0
2021,12,31,20,60,0.0,0.0,0.0,0.0,0.0,5,15.5,10.5,85,1025.2,105,9.3,-9900,-9900,0.0,0.0
2021,12,31,21,60,0.0,0.0,0.0,0.0,0.0,5,15.6,10.6,85,1025.0,110,7.4,-9900,-9900,0.0,0.0
2021,12,31,22,60,0.0,0.0,0.0,0.0,0.0,5,15.7,10.7,84,1024.8,116,5.5,-9900,-9900,0.0,0.0
2021,12,31,23,60,0.0,0.0,0.0,0.0,0.0,5,15.7,10.7,86,1025.5,127,7.4,-9900,-9900,0.0,0.0
2021,12,31,24,60,0.0,0.0,0.0,0.0,0.0,5,16.0,11.0,85,1025.8,125,5.5,-9900,-9900,0.0,0.0
