yr,mo,da,hr,mi,etr,etrn,ghi,dni,dhi,tcld,db,dp,rh,ps,wdir,wspd,hvis,ch,lpd,lpq
2023,1,1,1,60,0.0,0.0,0.0,0.0,0.0,5,16.2,15.6,96,1006.9,80,2.9,-9900,-9900,0.0,0.0
2023,1,1,2,60,0.0,0.0,0.0,0.0,0.0,5,16.3,15.8,97,1006.2,77,3.1,-9900,-9900,0.0,0.0
2023,1,1,3,60,0.0,0.0,0.0,0.0,0.0,5,16.4,15.9,97,1005.9,70,3.3,-9900,-9900,0.0,0.0
2023,1,1,4,60,0.0,0.0,0.0,0.0,0.0,5,16.7,16.2,97,1005.4,72,3.8,-9900,-9900,0.0,0.0
2023,1,1,5,60,0.0,0.0,0.0,0.0,0.0,5,16.9,16.3,96,1005.2,82,4.3,-9900,-9900,0.0,0.0
2023,1,1,6,60,0.0,0.0,0.0,0.0,0.0,5,17.0,16.4,96,1005.9,76,4.5,-9900,-9900,0.0,0.0
2023,1,1,7,60,0.0,0.0,0.0,0.0,0.0,5,17.1,16.3,95,1006.4,75,4.0,-9900,-9900,0.0,0.0
2023,1,1,8,60,0.0,0.0,0.0,0.0,0.0,5,17.5,16.4,93,1006.8,72,3.7,-9900,-9900,0.0,0.0
2023,1,1,9,60,0.0,0.0,0.0,0.0,0.0,5,18.2,16.2,88,1006.5,84,4.1,-9900,-9900,0.0,0.0
2023,1,1,10,60,0.0,0.0,0.0,0.0,0.0,5,18.8,16.6,87,1006.4,82,3.8,-9900,-9900,0.0,0.0
2023,1,1,11,60,0.0,0.0,0.0,0.0,0.0,5,19.7,15.8,78,1005.9,77,3.8,-9900,-9900,0.0,0.0
2023,1,1,12,60,0.0,0.0,0.0,0.0,0.0,5,20.6,15.2,71,1004.5,89,4.9,-9900,-9900,0.0,0.0
2023,1,1,13,60,0.0,0.0,0.0,0.0,0.0,5,20.4,14.7,70,1003.8,89,4.2,-9900,-9900,0.0,0.0
2023,1,1,14,60,0.0,0.0,0.0,0.0,0.0,5,20.3,14.9,71,1003.5,87,4.9,-9900,-9900,0.0,0.0
2023,1,1,15,60,0.0,0.0,0.0,0.0,0.0,5,19.8,15.9,78,1003.6,87,4.1,-9900,-9900,0.0,0.0
2023,1,1,16,60,0.0,0.0,0.0,0.0,0.0,5,19.4,15.5,78,1003.7,87,4.9,-9900,-9900,0.0,0.0
2023,1,1,17,60,0.0,0.0,0.0,0.0,0.0,5,19.2,14.9,76,1004.0,85,4.2,-9900,-9900,0.0,0.0
2023,1,1,18,60,0.0,0.0,0.0,0.0,0.0,5,18.9,15.0,78,1004.0,95,3.8,-9900,-9900,0.0,0.0
2023,1,1,19,60,0.0,0.0,0.0,0.0,0.0,5,18.7,15.4,81,1004.6,87,5.7,-9900,-9900,0.0,0.0
2023,1,1,20,60,0.0,0.0,0.0,0.0,0.0,5,18.8,15.5,81,1004.7,89,4.6,-9900,-9900,0.0,0.0
2023,1,1,21,60,0.0,0.0,0.0,0.0,0.0,5,18.6,16.0,85,1005.0,90,5.0,-9900,-9900,0.0,0.0
2023,1,1,22,60,0.0,0.0,0.0,0.0,0.0,5,18.6,16.0,85,1005.6,88,3.7,-9900,-9900,0.0,0.0
2023,1,1,23,60,0.0,0.0,0.0,0.0,0.0,5,18.5,16.5,88,1005.9,79,3.9,-9900,-9900,0.0,0.0
2023,1,1,24,60,0.0,0.0,0.0,0.0,0.0,5,18.3,16.5,89,1005.8,84,3.7,-9900,-9900,0.0,0.0
2023,1,2,1,60,0.0,0.0,0.0,0.0,0.0,5,18.4,16.4,88,1005.1,77,3.8,-9900,-9900,0.0,0.0
2023,1,2,2,60,0.0,0.0,0.0,0.0,0.0,5,18.4,16.2,87,1005.0,70,3.4,-9900,-9900,0.0,0.0
2023,1,2,3,60,0.0,0.0,0.0,0.0,0.0,5,17.9,16.6,92,1005.2,69,2.8,-9900,-9900,0.0,0.0
2023,1,2,4,60,0.0,0.0,0.0,0.0,0.0,5,17.9,16.6,92,1004.7,70,4.3,-9900,-9900,0.0,0.0
2023,1,2,5,60,0.0,0.0,0.0,0.0,0.0,5,17.8,16.5,92,1005.8,60,2.7,-9900,-9900,0.0,0.0
2023,1,2,6,60,0.0,0.0,0.0,0.0,0.0,5,17.3,16.3,94,1005.6,73,2.4,-9900,-9900,0.0,0.0
2023,1,2,7,60,0.0,0.0,0.0,0.0,0.0,5,17.5,16.5,94,1006.1,76,2.9,-9900,-9900,0.0,0.0
2023,1,2,8,60,0.0,0.0,0.0,0.0,0.0,5,18.1,16.8,92,1007.0,59,3.5,-9900,-9900,0.0,0.0
2023,1,2,9,60,0.0,0.0,0.0,0.0,0.0,5,18.1,17.1,94,1007.1,57,2.9,-9900,-9900,0.0,0.0
2023,1,2,10,60,0.0,0.0,0.0,0.0,0.0,5,18.7,17.0,90,1007.7,60,2.6,-9900,-9900,0.0,0.0
2023,1,2,11,60,0.0,0.0,0.0,0.0,0.0,5,19.0,16.8,87,1006.4,74,3.0,-9900,-9900,0.0,0.0
2023,1,2,12,60,0.0,0.0,0.0,0.0,0.0,5,20.0,16.4,80,1005.6,65,3.9,-9900,-9900,0.0,0.0
2023,1,2,13,60,0.0,0.0,0.0,0.0,0.0,5,19.8,15.4,76,1004.7,69,3.4,-9900,-9900,0.0,0.0
2023,1,2,14,60,0.0,0.0,0.0,0.0,0.0,5,19.4,16.1,81,1003.9,71,4.5,-9900,-9900,0.0,0.0
2023,1,2,15,60,0.0,0.0,0.0,0.0,0.0,5,19.1,16.3,84,1004.0,69,3.7,-9900,-9900,0.0,0.0
2023,1,2,16,60,0.0,0.0,0.0,0.0,0.0,5,19.0,16.0,83,1004.4,57,3.5,-9900,-9900,0.0,0.0
2023,1,2,17,60,0.0,0.0,0.0,0.0,0.0,5,18.3,16.1,87,1004.6,75,4.6,-9900,-9900,0.0,0.0
2023,1,2,18,60,0.0,0.0,0.0,0.0,0.0,5,17.5,16.2,92,1005.4,69,3.4,-9900,-9900,0.0,0.0
2023,1,2,19,60,0.0,0.0,0.0,0.0,0.0,5,17.3,16.0,92,1006.4,62,3.3,-9900,-9900,0.0,0.0
2023,1,2,20,60,0.0,0.0,0.0,0.0,0.0,5,16.0,15.7,98,1007.6,42,2.9,-9900,-9900,0.0,0.0
2023,1,2,21,60,0.0,0.0,0.0,0.0,0.0,5,15.5,15.3,99,1008.1,53,1.9,-9900,-9900,0.0,0.0
2023,1,2,22,60,0.0,0.0,0.0,0.0,0.0,5,15.6,15.0,96,1008.0,61,2.1,-9900,-9900,0.0,0.0
2023,1,2,23,60,0.0,0.0,0.0,0.0,0.0,5,15.8,15.0,95,1007.5,73,3.1,-9900,-9900,0.0,0.0
2023,1,2,24,60,0.0,0.0,0.0,0.0,0.0,5,15.7,14.6,93,1006.9,78,3.3,-9900,-9900,0.0,0.0
2023,1,3,1,60,0.0,0.0,0.0,0.0,0.0,5,15.6,14.3,92,1007.3,78,3.7,-9900,-9900,0.0,0.0
2023,1,3,2,60,0.0,0.0,0.0,0.0,0.0,5,15.6,14.5,93,1007.2,66,2.3,-9900,-9900,0.0,0.0
2023,1,3,3,60,0.0,0.0,0.0,0.0,0.0,5,14.8,14.5,98,1007.1,55,2.2,-9900,-9900,0.0,0.0
2023,1,3,4,60,0.0,0.0,0.0,0.0,0.0,5,14.8,14.5,98,1007.5,41,2.3,-9900,-9900,0.0,0.0
2023,1,3,5,60,0.0,0.0,0.0,0.0,0.0,5,15.2,14.4,95,1007.0,67,2.5,-9900,-9900,0.0,0.0
2023,1,3,6,60,0.0,0.0,0.0,0.0,0.0,5,15.2,14.7,97,1007.0,68,1.8,-9900,-9900,0.0,0.0
2023,1,3,7,60,0.0,0.0,0.0,0.0,0.0,5,15.5,15.2,98,1006.7,76,3.1,-9900,-9900,0.0,0.0
2023,1,3,8,60,0.0,0.0,0.0,0.0,0.0,5,15.8,15.2,96,1007.8,71,3.2,-9900,-9900,0.0,0.0
2023,1,3,9,60,0.0,0.0,0.0,0.0,0.0,5,16.0,14.9,93,1008.6,72,2.5,-9900,-9900,0.0,0.0
2023,1,3,10,60,0.0,0.0,0.0,0.0,0.0,5,16.6,14.8,89,1008.3,66,2.7,-9900,-9900,0.0,0.0
2023,1,3,11,60,0.0,0.0,0.0,0.0,0.0,5,16.4,14.6,89,1008.0,61,2.1,-9900,-9900,0.0,0.0
2023,1,3,12,60,0.0,0.0,0.0,0.0,0.0,5,17.3,14.2,82,1007.2,67,2.4,-9900,-9900,0.0,0.0
2023,1,3,13,60,0.0,0.0,0.0,0.0,0.0,5,17.2,13.5,79,1006.3,83,4.2,-9900,-9900,0.0,0.0
2023,1,3,14,60,0.0,0.0,0.0,0.0,0.0,5,16.3,12.7,79,1005.9,74,4.3,-9900,-9900,0.0,0.0
2023,1,3,15,60,0.0,0.0,0.0,0.0,0.0,5,15.9,12.8,82,1006.0,86,4.9,-9900,-9900,0.0,0.0
2023,1,3,16,60,0.0,0.0,0.0,0.0,0.0,5,15.5,12.8,84,1006.5,86,3.3,-9900,-9900,0.0,0.0
2023,1,3,17,60,0.0,0.0,0.0,0.0,0.0,5,15.0,12.5,85,1006.6,79,4.5,-9900,-9900,0.0,0.0
2023,1,3,18,60,0.0,0.0,0.0,0.0,0.0,5,14.7,12.7,88,1007.0,76,3.8,-9900,-9900,0.0,0.0
2023,1,3,19,60,0.0,0.0,0.0,0.0,0.0,5,14.5,12.4,87,1007.6,76,3.7,-9900,-9900,0.0,0.0
2023,1,3,20,60,0.0,0.0,0.0,0.0,0.0,5,14.3,12.3,88,1008.0,72,3.9,-9900,-9900,0.0,0.0
2023,1,3,21,60,0.0,0.0,0.0,0.0,0.0,5,14.2,12.4,89,1008.2,78,4.1,-9900,-9900,0.0,0.0
2023,1,3,22,60,0.0,0.0,0.0,0.0,0.0,5,14.0,12.2,89,1008.3,78,4.1,-9900,-9900,0.0,0.0
2023,1,3,23,60,0.0,0.0,0.0,0.0,0.0,5,13.8,12.0,89,1008.1,79,4.2,-9900,-9900,0.0,0.0
2023,1,3,24,60,0.0,0.0,0.0,0.0,0.0,5,13.9,12.5,91,1008.1,78,3.3,-9900,-9900,0.0,0.0
2023,1,4,1,60,0.0,0.0,0.0,0.0,0.0,5,13.8,12.4,91,1008.0,79,3.6,-9900,-9900,0.0,0.0
2023,1,4,2,60,0.0,0.0,0.0,0.0,0.0,5,13.9,12.3,90,1007.7,69,3.5,-9900,-9900,0.0,0.0
2023,1,4,3,60,0.0,0.0,0.0,0.0,0.0,5,13.9,12.6,92,1007.5,77,3.4,-9900,-9900,0.0,0.0
2023,1,4,4,60,0.0,0.0,0.0,0.0,0.0,5,14.0,12.7,92,1007.3,75,3.8,-9900,-9900,0.0,0.0
2023,1,4,5,60,0.0,0.0,0.0,0.0,0.0,5,13.9,12.3,90,1007.6,72,3.3,-9900,-9900,0.0,0.0
2023,1,4,6,60,0.0,0.0,0.0,0.0,0.0,5,13.9,12.6,92,1008.0,82,2.9,-9900,-9900,0.0,0.0
2023,1,4,7,60,0.0,0.0,0.0,0.0,0.0,5,14.1,12.7,91,1008.5,75,3.1,-9900,-9900,0.0,0.0
2023,1,4,8,60,0.0,0.0,0.0,0.0,0.0,5,14.3,12.9,91,1008.6,77,4.5,-9900,-9900,0.0,0.0
2023,1,4,9,60,0.0,0.0,0.0,0.0,0.0,5,14.7,13.2,91,1009.0,80,4.4,-9900,-9900,0.0,0.0
2023,1,4,10,60,0.0,0.0,0.0,0.0,0.0,5,16.1,13.4,84,1008.7,81,3.6,-9900,-9900,0.0,0.0
2023,1,4,11,60,0.0,0.0,0.0,0.0,0.0,5,16.4,13.3,82,1007.7,73,5.3,-9900,-9900,0.0,0.0
2023,1,4,12,60,0.0,0.0,0.0,0.0,0.0,5,16.7,14.0,84,1006.5,80,4.1,-9900,-9900,0.0,0.0
2023,1,4,13,60,0.0,0.0,0.0,0.0,0.0,5,16.0,14.2,89,1006.1,75,4.2,-9900,-9900,0.0,0.0
2023,1,4,14,60,0.0,0.0,0.0,0.0,0.0,5,16.1,13.9,87,1005.6,75,4.5,-9900,-9900,0.0,0.0
2023,1,4,15,60,0.0,0.0,0.0,0.0,0.0,5,16.4,14.1,86,1004.9,76,3.8,-9900,-9900,0.0,0.0
2023,1,4,16,60,0.0,0.0,0.0,0.0,0.0,5,16.1,14.1,88,1004.5,74,4.9,-9900,-9900,0.0,0.0
2023,1,4,17,60,0.0,0.0,0.0,0.0,0.0,5,16.1,14.5,90,1004.8,70,3.4,-9900,-9900,0.0,0.0
2023,1,4,18,60,0.0,0.0,0.0,0.0,0.0,5,16.5,14.3,87,1005.0,82,3.8,-9900,-9900,0.0,0.0
2023,1,4,19,60,0.0,0.0,0.0,0.0,0.0,5,16.6,14.6,88,1005.4,73,3.1,-9900,-9900,0.0,0.0
2023,1,4,20,60,0.0,0.0,0.0,0.0,0.0,5,16.4,14.8,90,1005.5,65,4.1,-9900,-9900,0.0,0.0
2023,1,4,21,60,0.0,0.0,0.0,0.0,0.0,5,16.3,14.8,91,1005.7,73,4.1,-9900,-9900,0.0,0.0
2023,1,4,22,60,0.0,0.0,0.0,0.0,0.0,5,16.8,15.0,89,1006.3,72,3.0,-9900,-9900,0.0,0.0
2023,1,4,23,60,0.0,0.0,0.0,0.0,0.0,5,17.1,15.6,91,1006.2,62,2.8,-9900,-9900,0.0,0.0
2023,1,4,24,60,0.0,0.0,0.0,0.0,0.0,5,17.2,15.9,92,1005.9,64,2.4,-9900,-9900,0.0,0.0
2023,1,5,1,60,0.0,0.0,0.0,0.0,0.0,5,17.3,16.2,93,1005.8,56,1.9,-9900,-9900,0.0,0.0
2023,1,5,2,60,0.0,0.0,0.0,0.0,0.0,5,16.5,16.3,99,1005.7,32,1.3,-9900,-9900,0.0,0.0
2023,1,5,3,60,0.0,0.0,0.0,0.0,0.0,5,16.5,16.3,99,1005.5,58,1.3,-9900,-9900,0.0,0.0
2023,1,5,4,60,0.0,0.0,0.0,0.0,0.0,5,16.5,16.3,99,1005.8,26,2.3,-9900,-9900,0.0,0.0
2023,1,5,5,60,0.0,0.0,0.0,0.0,0.0,5,16.2,16.0,99,1006.5,37,2.5,-9900,-9900,0.0,0.0
2023,1,5,6,60,0.0,0.0,0.0,0.0,0.0,5,16.3,16.1,99,1007.1,46,2.2,-9900,-9900,0.0,0.0
2023,1,5,7,60,0.0,0.0,0.0,0.0,0.0,5,16.5,16.3,99,1007.5,44,2.4,-9900,-9900,0.0,0.0
2023,1,5,8,60,0.0,0.0,0.0,0.0,0.0,5,16.9,16.7,99,1007.9,46,1.6,-9900,-9900,0.0,0.0
2023,1,5,9,60,0.0,0.0,0.0,0.0,0.0,5,17.3,17.0,98,1008.0,51,2.0,-9900,-9900,0.0,0.0
2023,1,5,10,60,0.0,0.0,0.0,0.0,0.0,5,17.7,17.1,96,1007.7,43,2.5,-9900,-9900,0.0,0.0
2023,1,5,11,60,0.0,0.0,0.0,0.0,0.0,5,18.3,17.3,94,1007.1,34,2.3,-9900,-9900,0.0,0.0
2023,1,5,12,60,0.0,0.0,0.0,0.0,0.0,5,18.6,17.6,94,1006.1,32,2.9,-9900,-9900,0.0,0.0
2023,1,5,13,60,0.0,0.0,0.0,0.0,0.0,5,18.3,17.3,94,1005.4,29,3.8,-9900,-9900,0.0,0.0
2023,1,5,14,60,0.0,0.0,0.0,0.0,0.0,5,18.1,17.3,95,1005.1,40,3.8,-9900,-9900,0.0,0.0
2023,1,5,15,60,0.0,0.0,0.0,0.0,0.0,5,18.0,17.2,95,1004.8,35,3.2,-9900,-9900,0.0,0.0
2023,1,5,16,60,0.0,0.0,0.0,0.0,0.0,5,18.0,17.2,95,1004.9,38,3.1,-9900,-9900,0.0,0.0
2023,1,5,17,60,0.0,0.0,0.0,0.0,0.0,5,17.9,17.3,96,1005.3,40,2.4,-9900,-9900,0.0,0.0
2023,1,5,18,60,0.0,0.0,0.0,0.0,0.0,5,18.0,17.0,94,1005.7,35,2.4,-9900,-9900,0.0,0.0
2023,1,5,19,60,0.0,0.0,0.0,0.0,0.0,5,18.0,17.2,95,1006.3,37,2.6,-9900,-9900,0.0,0.0
2023,1,5,20,60,0.0,0.0,0.0,0.0,0.0,5,18.2,17.4,95,1006.7,38,2.7,-9900,-9900,0.0,0.0
2023,1,5,21,60,0.0,0.0,0.0,0.0,0.0,5,18.1,17.5,96,1006.9,54,1.9,-9900,-9900,0.0,0.0
2023,1,5,22,60,0.0,0.0,0.0,0.0,0.0,5,17.6,17.4,99,1006.9,87,1.5,-9900,-9900,0.0,0.0
2023,1,5,23,60,0.0,0.0,0.0,0.0,0.0,5,17.7,17.2,97,1006.7,85,1.7,-9900,-9900,0.0,0.0
2023,1,5,24,60,0.0,0.0,0.0,0.0,0.0,5,17.5,16.7,95,1006.1,79,1.6,-9900,-9900,0.0,0.0
2023,1,6,1,60,0.0,0.0,0.0,0.0,0.0,5,17.2,16.6,96,1006.1,61,1.4,-9900,-9900,0.0,0.0
2023,1,6,2,60,0.0,0.0,0.0,0.0,0.0,5,17.0,16.7,98,1005.8,38,0.9,-9900,-9900,0.0,0.0
2023,1,6,3,60,0.0,0.0,0.0,0.0,0.0,5,16.9,16.7,99,1005.6,28,0.5,-9900,-9900,0.0,0.0
2023,1,6,4,60,0.0,0.0,0.0,0.0,0.0,5,16.7,16.5,99,1005.4,56,1.1,-9900,-9900,0.0,0.0
2023,1,6,5,60,0.0,0.0,0.0,0.0,0.0,5,17.0,16.8,99,1005.7,33,1.2,-9900,-9900,0.0,0.0
2023,1,6,6,60,0.0,0.0,0.0,0.0,0.0,5,16.5,16.3,99,1006.4,23,1.9,-9900,-9900,0.0,0.0
2023,1,6,7,60,0.0,0.0,0.0,0.0,0.0,5,16.3,16.1,99,1006.8,42,2.0,-9900,-9900,0.0,0.0
2023,1,6,8,60,0.0,0.0,0.0,0.0,0.0,5,16.3,16.1,99,1007.6,34,2.0,-9900,-9900,0.0,0.0
2023,1,6,9,60,0.0,0.0,0.0,0.0,0.0,5,16.5,16.3,99,1008.0,13,1.6,-9900,-9900,0.0,0.0
2023,1,6,10,60,0.0,0.0,0.0,0.0,0.0,5,16.5,16.3,99,1007.9,16,1.6,-9900,-9900,0.0,0.0
2023,1,6,11,60,0.0,0.0,0.0,0.0,0.0,5,16.4,16.2,99,1007.4,39,2.6,-9900,-9900,0.0,0.0
2023,1,6,12,60,0.0,0.0,0.0,0.0,0.0,5,16.5,16.3,99,1006.6,35,2.5,-9900,-9900,0.0,0.0
2023,1,6,13,60,0.0,0.0,0.0,0.0,0.0,5,17.0,16.0,94,1005.7,34,3.4,-9900,-9900,0.0,0.0
2023,1,6,14,60,0.0,0.0,0.0,0.0,0.0,5,17.1,15.3,89,1005.3,33,3.5,-9900,-9900,0.0,0.0
2023,1,6,15,60,0.0,0.0,0.0,0.0,0.0,5,16.3,15.0,92,1005.0,33,3.1,-9900,-9900,0.0,0.0
2023,1,6,16,60,0.0,0.0,0.0,0.0,0.0,5,16.3,14.1,87,1005.0,62,1.7,-9900,-9900,0.0,0.0
2023,1,6,17,60,0.0,0.0,0.0,0.0,0.0,5,16.7,13.6,82,1005.2,63,1.8,-9900,-9900,0.0,0.0
2023,1,6,18,60,0.0,0.0,0.0,0.0,0.0,5,16.2,14.7,91,1005.6,81,2.1,-9900,-9900,0.0,0.0
2023,1,6,19,60,0.0,0.0,0.0,0.0,0.0,5,16.0,14.4,90,1005.8,90,1.7,-9900,-9900,0.0,0.0
2023,1,6,20,60,0.0,0.0,0.0,0.0,0.0,5,15.9,14.3,90,1005.9,95,2.3,-9900,-9900,0.0,0.0
2023,1,6,21,60,0.0,0.0,0.0,0.0,0.0,5,16.0,14.0,88,1006.2,91,2.5,-9900,-9900,0.0,0.0
2023,1,6,22,60,0.0,0.0,0.0,0.0,0.0,5,16.1,13.8,86,1006.2,88,2.8,-9900,-9900,0.0,0.0
2023,1,6,23,60,0.0,0.0,0.0,0.0,0.0,5,16.0,13.5,85,1006.0,91,2.9,-9900,-9900,0.0,0.0
2023,1,6,24,60,0.0,0.0,0.0,0.0,0.0,5,16.1,13.8,86,1005.9,88,2.7,-9900,-9900,0.0,0.0
2023,1,7,1,60,0.0,0.0,0.0,0.0,0.0,5,16.2,14.0,87,1005.6,91,2.9,-9900,-9900,0.0,0.0
2023,1,7,2,60,0.0,0.0,0.0,0.0,0.0,5,15.9,14.3,90,1005.2,75,2.4,-9900,-9900,0.0,0.0
2023,1,7,3,60,0.0,0.0,0.0,0.0,0.0,5,16.0,13.8,87,1004.9,69,2.4,-9900,-9900,0.0,0.0
2023,1,7,4,60,0.0,0.0,0.0,0.0,0.0,5,16.1,12.1,77,1004.9,79,2.6,-9900,-9900,0.0,0.0
2023,1,7,5,60,0.0,0.0,0.0,0.0,0.0,5,16.1,10.8,71,1004.7,74,3.1,-9900,-9900,0.0,0.0
2023,1,7,6,60,0.0,0.0,0.0,0.0,0.0,5,16.0,9.9,67,1005.0,77,2.8,-9900,-9900,0.0,0.0
2023,1,7,7,60,0.0,0.0,0.0,0.0,0.0,5,15.8,9.9,68,1005.3,82,2.7,-9900,-9900,0.0,0.0
2023,1,7,8,60,0.0,0.0,0.0,0.0,0.0,5,16.2,9.6,65,1005.4,82,4.5,-9900,-9900,0.0,0.0
2023,1,7,9,60,0.0,0.0,0.0,0.0,0.0,5,16.6,9.3,62,1005.7,89,4.7,-9900,-9900,0.0,0.0
2023,1,7,10,60,0.0,0.0,0.0,0.0,0.0,5,17.5,9.4,59,1005.6,80,4.0,-9900,-9900,0.0,0.0
2023,1,7,11,60,0.0,0.0,0.0,0.0,0.0,5,17.9,9.0,56,1004.8,77,4.3,-9900,-9900,0.0,0.0
2023,1,7,12,60,0.0,0.0,0.0,0.0,0.0,5,18.3,8.6,53,1004.1,87,5.4,-9900,-9900,0.0,0.0
2023,1,7,13,60,0.0,0.0,0.0,0.0,0.0,5,18.8,9.0,53,1003.2,91,4.2,-9900,-9900,0.0,0.0
2023,1,7,14,60,0.0,0.0,0.0,0.0,0.0,5,18.8,10.1,57,1002.8,89,3.7,-9900,-9900,0.0,0.0
2023,1,7,15,60,0.0,0.0,0.0,0.0,0.0,5,17.8,9.7,59,1002.7,87,5.1,-9900,-9900,0.0,0.0
2023,1,7,16,60,0.0,0.0,0.0,0.0,0.0,5,16.9,9.1,60,1002.8,73,4.8,-9900,-9900,0.0,0.0
2023,1,7,17,60,0.0,0.0,0.0,0.0,0.0,5,16.5,9.4,63,1003.3,86,4.9,-9900,-9900,0.0,0.0
2023,1,7,18,60,0.0,0.0,0.0,0.0,0.0,5,16.2,9.6,65,1003.5,87,5.7,-9900,-9900,0.0,0.0
2023,1,7,19,60,0.0,0.0,0.0,0.0,0.0,5,16.1,9.7,66,1004.1,83,4.8,-9900,-9900,0.0,0.0
2023,1,7,20,60,0.0,0.0,0.0,0.0,0.0,5,16.2,9.8,66,1004.5,90,4.1,-9900,-9900,0.0,0.0
2023,1,7,21,60,0.0,0.0,0.0,0.0,0.0,5,16.2,9.6,65,1004.4,88,5.1,-9900,-9900,0.0,0.0
2023,1,7,22,60,0.0,0.0,0.0,0.0,0.0,5,16.1,9.7,66,1004.1,84,4.6,-9900,-9900,0.0,0.0
2023,1,7,23,60,0.0,0.0,0.0,0.0,0.0,5,16.2,10.3,68,1003.9,90,4.9,-9900,-9900,0.0,0.0
2023,1,7,24,60,0.0,0.0,0.0,0.0,0.0,5,16.2,10.3,68,1003.3,92,4.5,-9900,-9900,0.0,0.0
2023,1,8,1,60,0.0,0.0,0.0,0.0,0.0,5,16.2,10.9,71,1003.2,92,3.3,-9900,-9900,0.0,0.0
2023,1,8,2,60,0.0,0.0,0.0,0.0,0.0,5,16.2,11.4,73,1002.8,91,4.3,-9900,-9900,0.0,0.0
2023,1,8,3,60,0.0,0.0,0.0,0.0,0.0,5,16.3,11.7,74,1002.7,94,4.3,-9900,-9900,0.0,0.0
2023,1,8,4,60,0.0,0.0,0.0,0.0,0.0,5,16.3,12.1,76,1002.4,91,4.1,-9900,-9900,0.0,0.0
2023,1,8,5,60,0.0,0.0,0.0,0.0,0.0,5,16.4,12.2,76,1002.8,93,4.2,-9900,-9900,0.0,0.0
2023,1,8,6,60,0.0,0.0,0.0,0.0,0.0,5,16.5,12.5,77,1003.2,92,4.4,-9900,-9900,0.0,0.0
2023,1,8,7,60,0.0,0.0,0.0,0.0,0.0,5,16.6,12.6,77,1003.7,95,3.7,-9900,-9900,0.0,0.0
2023,1,8,8,60,0.0,0.0,0.0,0.0,0.0,5,17.1,12.8,76,1004.2,94,4.0,-9900,-9900,0.0,0.0
2023,1,8,9,60,0.0,0.0,0.0,0.0,0.0,5,18.3,13.0,71,1004.7,91,4.0,-9900,-9900,0.0,0.0
2023,1,8,10,60,0.0,0.0,0.0,0.0,0.0,5,19.7,12.9,65,1004.5,96,3.6,-9900,-9900,0.0,0.0
2023,1,8,11,60,0.0,0.0,0.0,0.0,0.0,5,21.1,13.0,60,1004.3,96,2.9,-9900,-9900,0.0,0.0
2023,1,8,12,60,0.0,0.0,0.0,0.0,0.0,5,22.6,13.4,56,1003.5,82,1.6,-9900,-9900,0.0,0.0
2023,1,8,13,60,0.0,0.0,0.0,0.0,0.0,5,22.6,12.8,54,1002.5,88,2.1,-9900,-9900,0.0,0.0
2023,1,8,14,60,0.0,0.0,0.0,0.0,0.0,5,23.7,13.0,51,1002.4,73,1.3,-9900,-9900,0.0,0.0
2023,1,8,15,60,0.0,0.0,0.0,0.0,0.0,5,23.9,13.2,51,1002.1,73,0.4,-9900,-9900,0.0,0.0
2023,1,8,16,60,0.0,0.0,0.0,0.0,0.0,5,23.0,13.2,54,1002.2,61,1.7,-9900,-9900,0.0,0.0
2023,1,8,17,60,0.0,0.0,0.0,0.0,0.0,5,21.8,14.2,62,1002.7,83,1.7,-9900,-9900,0.0,0.0
2023,1,8,18,60,0.0,0.0,0.0,0.0,0.0,5,20.6,14.5,68,1002.9,95,2.6,-9900,-9900,0.0,0.0
2023,1,8,19,60,0.0,0.0,0.0,0.0,0.0,5,19.8,14.6,72,1003.2,95,1.9,-9900,-9900,0.0,0.0
2023,1,8,20,60,0.0,0.0,0.0,0.0,0.0,5,19.5,14.3,72,1003.1,88,1.1,-9900,-9900,0.0,0.0
2023,1,8,21,60,0.0,0.0,0.0,0.0,0.0,5,19.5,14.1,71,1003.6,100,1.1,-9900,-9900,0.0,0.0
2023,1,8,22,60,0.0,0.0,0.0,0.0,0.0,5,19.2,14.5,74,1003.6,269,0.4,-9900,-9900,0.0,0.0
2023,1,8,23,60,0.0,0.0,0.0,0.0,0.0,5,18.9,14.8,77,1003.5,169,0.6,-9900,-9900,0.0,0.0
2023,1,8,24,60,0.0,0.0,0.0,0.0,0.0,5,18.7,15.0,79,1003.2,127,0.6,-9900,-9900,0.0,0.0
2023,1,9,1,60,0.0,0.0,0.0,0.0,0.0,5,18.3,15.4,83,1002.9,113,0.3,-9900,-9900,0.0,0.0
2023,1,9,2,60,0.0,0.0,0.0,0.0,0.0,5,18.3,15.5,84,1002.4,135,0.8,-9900,-9900,0.0,0.0
2023,1,9,3,60,0.0,0.0,0.0,0.0,0.0,5,18.2,14.9,81,1002.3,138,0.9,-9900,-9900,0.0,0.0
2023,1,9,4,60,0.0,0.0,0.0,0.0,0.0,5,18.3,15.0,81,1002.6,235,0.6,-9900,-9900,0.0,0.0
2023,1,9,5,60,0.0,0.0,0.0,0.0,0.0,5,17.3,16.8,97,1002.3,263,0.5,-9900,-9900,0.0,0.0
2023,1,9,6,60,0.0,0.0,0.0,0.0,0.0,5,17.4,16.4,94,1002.2,151,0.6,-9900,-9900,0.0,0.0
2023,1,9,7,60,0.0,0.0,0.0,0.0,0.0,5,17.2,16.4,95,1002.5,139,0.7,-9900,-9900,0.0,0.0
2023,1,9,8,60,0.0,0.0,0.0,0.0,0.0,5,18.5,16.8,90,1003.4,263,0.3,-9900,-9900,0.0,0.0
2023,1,9,9,60,0.0,0.0,0.0,0.0,0.0,5,19.0,16.8,87,1004.2,284,1.2,-9900,-9900,0.0,0.0
2023,1,9,10,60,0.0,0.0,0.0,0.0,0.0,5,19.8,16.8,83,1004.1,0,0.2,-9900,-9900,0.0,0.0
2023,1,9,11,60,0.0,0.0,0.0,0.0,0.0,5,20.5,17.7,84,1003.7,319,1.3,-9900,-9900,0.0,0.0
2023,1,9,12,60,0.0,0.0,0.0,0.0,0.0,5,21.0,17.6,81,1002.9,321,0.8,-9900,-9900,0.0,0.0
2023,1,9,13,60,0.0,0.0,0.0,0.0,0.0,5,22.1,17.0,73,1002.0,275,1.0,-9900,-9900,0.0,0.0
2023,1,9,14,60,0.0,0.0,0.0,0.0,0.0,5,20.5,17.9,85,1002.1,300,2.1,-9900,-9900,0.0,0.0
2023,1,9,15,60,0.0,0.0,0.0,0.0,0.0,5,18.8,17.5,92,1002.0,312,3.5,-9900,-9900,0.0,0.0
2023,1,9,16,60,0.0,0.0,0.0,0.0,0.0,5,18.4,17.2,93,1002.3,311,2.7,-9900,-9900,0.0,0.0
2023,1,9,17,60,0.0,0.0,0.0,0.0,0.0,5,18.5,17.5,94,1002.6,360,0.4,-9900,-9900,0.0,0.0
2023,1,9,18,60,0.0,0.0,0.0,0.0,0.0,5,18.5,17.5,94,1003.1,4,0.4,-9900,-9900,0.0,0.0
2023,1,9,19,60,0.0,0.0,0.0,0.0,0.0,5,18.5,17.7,95,1003.3,91,0.6,-9900,-9900,0.0,0.0
2023,1,9,20,60,0.0,0.0,0.0,0.0,0.0,5,19.0,16.8,87,1003.7,37,0.6,-9900,-9900,0.0,0.0
2023,1,9,21,60,0.0,0.0,0.0,0.0,0.0,5,18.9,17.6,92,1003.8,79,1.3,-9900,-9900,0.0,0.0
2023,1,9,22,60,0.0,0.0,0.0,0.0,0.0,5,17.5,17.3,99,1003.9,93,2.8,-9900,-9900,0.0,0.0
2023,1,9,23,60,0.0,0.0,0.0,0.0,0.0,5,17.4,17.2,99,1004.0,81,1.3,-9900,-9900,0.0,0.0
2023,1,9,24,60,0.0,0.0,0.0,0.0,0.0,5,17.3,17.1,99,1003.5,83,2.3,-9900,-9900,0.0,0.0
2023,1,10,1,60,0.0,0.0,0.0,0.0,0.0,5,17.4,17.1,98,1002.8,67,1.5,-9900,-9900,0.0,0.0
2023,1,10,2,60,0.0,0.0,0.0,0.0,0.0,5,17.3,17.1,99,1002.6,56,2.0,-9900,-9900,0.0,0.0
2023,1,10,3,60,0.0,0.0,0.0,0.0,0.0,5,17.3,17.1,99,1001.7,84,2.0,-9900,-9900,0.0,0.0
2023,1,10,4,60,0.0,0.0,0.0,0.0,0.0,5,17.4,17.2,99,1001.5,54,1.7,-9900,-9900,0.0,0.0
2023,1,10,5,60,0.0,0.0,0.0,0.0,0.0,5,17.6,16.8,95,1001.6,61,2.2,-9900,-9900,0.0,0.0
2023,1,10,6,60,0.0,0.0,0.0,0.0,0.0,5,17.1,16.1,94,1002.2,75,2.7,-9900,-9900,0.0,0.0
2023,1,10,7,60,0.0,0.0,0.0,0.0,0.0,5,17.0,16.0,94,1002.9,68,1.5,-9900,-9900,0.0,0.0
2023,1,10,8,60,0.0,0.0,0.0,0.0,0.0,5,17.4,16.1,92,1002.9,78,2.8,-9900,-9900,0.0,0.0
2023,1,10,9,60,0.0,0.0,0.0,0.0,0.0,5,18.8,16.2,85,1002.9,70,2.5,-9900,-9900,0.0,0.0
2023,1,10,10,60,0.0,0.0,0.0,0.0,0.0,5,19.8,15.7,77,1003.2,74,3.3,-9900,-9900,0.0,0.0
2023,1,10,11,60,0.0,0.0,0.0,0.0,0.0,5,20.8,15.8,73,1002.5,68,2.8,-9900,-9900,0.0,0.0
2023,1,10,12,60,0.0,0.0,0.0,0.0,0.0,5,21.1,15.9,72,1000.6,83,3.1,-9900,-9900,0.0,0.0
2023,1,10,13,60,0.0,0.0,0.0,0.0,0.0,5,21.9,15.3,66,999.4,67,3.9,-9900,-9900,0.0,0.0
2023,1,10,14,60,0.0,0.0,0.0,0.0,0.0,5,22.6,15.4,64,999.4,78,3.5,-9900,-9900,0.0,0.0
2023,1,10,15,60,0.0,0.0,0.0,0.0,0.0,5,20.1,17.9,87,999.8,38,2.2,-9900,-9900,0.0,0.0
2023,1,10,16,60,0.0,0.0,0.0,0.0,0.0,5,19.9,17.9,88,999.9,20,1.8,-9900,-9900,0.0,0.0
2023,1,10,17,60,0.0,0.0,0.0,0.0,0.0,5,18.5,17.5,94,1000.6,13,2.2,-9900,-9900,0.0,0.0
2023,1,10,18,60,0.0,0.0,0.0,0.0,0.0,5,18.1,17.3,95,1001.3,24,2.4,-9900,-9900,0.0,0.0
2023,1,10,19,60,0.0,0.0,0.0,0.0,0.0,5,17.8,17.2,96,1002.0,29,1.6,-9900,-9900,0.0,0.0
2023,1,10,20,60,0.0,0.0,0.0,0.0,0.0,5,18.0,17.0,94,1002.1,31,1.6,-9900,-9900,0.0,0.0
2023,1,10,21,60,0.0,0.0,0.0,0.0,0.0,5,17.5,17.0,97,1002.5,27,2.6,-9900,-9900,0.0,0.0
2023,1,10,22,60,0.0,0.0,0.0,0.0,0.0,5,17.4,17.1,98,1002.4,32,2.4,-9900,-9900,0.0,0.0
2023,1,10,23,60,0.0,0.0,0.0,0.0,0.0,5,17.3,17.1,99,1001.9,37,2.3,-9900,-9900,0.0,0.0
2023,1,10,24,60,0.0,0.0,0.0,0.0,0.0,5,17.3,17.1,99,1001.5,11,1.4,-9900,-9900,0.0,0.0
2023,1,11,1,60,0.0,0.0,0.0,0.0,0.0,5,17.2,17.0,99,1001.3,0,0.2,-9900,-9900,0.0,0.0
2023,1,11,2,60,0.0,0.0,0.0,0.0,0.0,5,17.3,17.1,99,1001.2,6,0.8,-9900,-9900,0.0,0.0
2023,1,11,3,60,0.0,0.0,0.0,0.0,0.0,5,17.4,17.2,99,1000.9,83,0.7,-9900,-9900,0.0,0.0
2023,1,11,4,60,0.0,0.0,0.0,0.0,0.0,5,17.4,17.2,99,1000.8,286,0.3,-9900,-9900,0.0,0.0
2023,1,11,5,60,0.0,0.0,0.0,0.0,0.0,5,17.6,17.4,99,1000.9,342,0.5,-9900,-9900,0.0,0.0
2023,1,11,6,60,0.0,0.0,0.0,0.0,0.0,5,17.5,17.3,99,1001.4,315,1.6,-9900,-9900,0.0,0.0
2023,1,11,7,60,0.0,0.0,0.0,0.0,0.0,5,17.4,17.2,99,1001.9,57,0.5,-9900,-9900,0.0,0.0
2023,1,11,8,60,0.0,0.0,0.0,0.0,0.0,5,17.5,17.3,99,1002.3,79,1.1,-9900,-9900,0.0,0.0
2023,1,11,9,60,0.0,0.0,0.0,0.0,0.0,5,17.9,17.7,99,1002.6,75,1.3,-9900,-9900,0.0,0.0
2023,1,11,10,60,0.0,0.0,0.0,0.0,0.0,5,19.1,17.9,93,1002.5,61,1.7,-9900,-9900,0.0,0.0
2023,1,11,11,60,0.0,0.0,0.0,0.0,0.0,5,19.2,18.2,94,1001.9,27,2.0,-9900,-9900,0.0,0.0
2023,1,11,12,60,0.0,0.0,0.0,0.0,0.0,5,19.4,18.2,93,1000.9,30,1.0,-9900,-9900,0.0,0.0
2023,1,11,13,60,0.0,0.0,0.0,0.0,0.0,5,20.5,18.3,87,999.4,91,2.2,-9900,-9900,0.0,0.0
2023,1,11,14,60,0.0,0.0,0.0,0.0,0.0,5,21.6,17.8,79,999.1,84,1.3,-9900,-9900,0.0,0.0
2023,1,11,15,60,0.0,0.0,0.0,0.0,0.0,5,21.4,18.0,81,998.7,82,2.5,-9900,-9900,0.0,0.0
2023,1,11,16,60,0.0,0.0,0.0,0.0,0.0,5,21.2,18.4,84,998.5,97,2.5,-9900,-9900,0.0,0.0
2023,1,11,17,60,0.0,0.0,0.0,0.0,0.0,5,20.7,18.3,86,998.8,79,1.3,-9900,-9900,0.0,0.0
2023,1,11,18,60,0.0,0.0,0.0,0.0,0.0,5,20.1,18.0,88,999.2,96,1.9,-9900,-9900,0.0,0.0
2023,1,11,19,60,0.0,0.0,0.0,0.0,0.0,5,20.2,18.0,87,1000.0,85,0.9,-9900,-9900,0.0,0.0
2023,1,11,20,60,0.0,0.0,0.0,0.0,0.0,5,20.0,18.1,89,1000.1,137,1.1,-9900,-9900,0.0,0.0
2023,1,11,21,60,0.0,0.0,0.0,0.0,0.0,5,20.0,17.8,87,1000.0,99,1.5,-9900,-9900,0.0,0.0
2023,1,11,22,60,0.0,0.0,0.0,0.0,0.0,5,20.3,16.7,80,999.6,105,1.4,-9900,-9900,0.0,0.0
2023,1,11,23,60,0.0,0.0,0.0,0.0,0.0,5,20.5,16.7,79,999.2,107,1.6,-9900,-9900,0.0,0.0
2023,1,11,24,60,0.0,0.0,0.0,0.0,0.0,5,19.7,17.3,86,999.2,0,0.0,-9900,-9900,0.0,0.0
2023,1,12,1,60,0.0,0.0,0.0,0.0,0.0,5,19.6,17.9,90,999.1,216,0.4,-9900,-9900,0.0,0.0
2023,1,12,2,60,0.0,0.0,0.0,0.0,0.0,5,19.0,18.2,95,999.1,264,0.9,-9900,-9900,0.0,0.0
2023,1,12,3,60,0.0,0.0,0.0,0.0,0.0,5,18.5,18.0,97,999.1,262,2.2,-9900,-9900,0.0,0.0
2023,1,12,4,60,0.0,0.0,0.0,0.0,0.0,5,17.8,17.6,99,999.0,264,1.5,-9900,-9900,0.0,0.0
2023,1,12,5,60,0.0,0.0,0.0,0.0,0.0,5,17.3,17.1,99,999.1,268,0.9,-9900,-9900,0.0,0.0
2023,1,12,6,60,0.0,0.0,0.0,0.0,0.0,5,17.4,17.2,99,999.6,177,0.7,-9900,-9900,0.0,0.0
2023,1,12,7,60,0.0,0.0,0.0,0.0,0.0,5,17.4,17.1,98,999.9,0,0.0,-9900,-9900,0.0,0.0
2023,1,12,8,60,0.0,0.0,0.0,0.0,0.0,5,17.9,17.4,97,1000.5,0,0.0,-9900,-9900,0.0,0.0
2023,1,12,9,60,0.0,0.0,0.0,0.0,0.0,5,17.7,17.4,98,1000.9,264,0.6,-9900,-9900,0.0,0.0
2023,1,12,10,60,0.0,0.0,0.0,0.0,0.0,5,18.6,17.4,93,1001.0,327,1.3,-9900,-9900,0.0,0.0
2023,1,12,11,60,0.0,0.0,0.0,0.0,0.0,5,20.3,18.2,88,1000.2,333,0.3,-9900,-9900,0.0,0.0
2023,1,12,12,60,0.0,0.0,0.0,0.0,0.0,5,21.0,18.2,84,998.9,302,1.2,-9900,-9900,0.0,0.0
2023,1,12,13,60,0.0,0.0,0.0,0.0,0.0,5,21.3,17.9,81,998.1,263,1.4,-9900,-9900,0.0,0.0
2023,1,12,14,60,0.0,0.0,0.0,0.0,0.0,5,22.0,18.0,78,997.8,324,1.7,-9900,-9900,0.0,0.0
2023,1,12,15,60,0.0,0.0,0.0,0.0,0.0,5,21.1,18.1,83,997.4,4,1.3,-9900,-9900,0.0,0.0
2023,1,12,16,60,0.0,0.0,0.0,0.0,0.0,5,19.5,17.3,87,997.6,18,1.8,-9900,-9900,0.0,0.0
2023,1,12,17,60,0.0,0.0,0.0,0.0,0.0,5,19.2,17.5,90,997.9,12,0.6,-9900,-9900,0.0,0.0
2023,1,12,18,60,0.0,0.0,0.0,0.0,0.0,5,18.5,17.3,93,998.6,357,0.9,-9900,-9900,0.0,0.0
2023,1,12,19,60,0.0,0.0,0.0,0.0,0.0,5,17.7,17.1,96,999.5,313,1.8,-9900,-9900,0.0,0.0
2023,1,12,20,60,0.0,0.0,0.0,0.0,0.0,5,17.1,16.8,98,999.7,17,1.1,-9900,-9900,0.0,0.0
2023,1,12,21,60,0.0,0.0,0.0,0.0,0.0,5,16.8,16.6,99,999.4,92,0.5,-9900,-9900,0.0,0.0
2023,1,12,22,60,0.0,0.0,0.0,0.0,0.0,5,17.5,17.2,98,998.8,85,0.4,-9900,-9900,0.0,0.0
2023,1,12,23,60,0.0,0.0,0.0,0.0,0.0,5,18.0,17.4,96,998.5,0,0.0,-9900,-9900,0.0,0.0
2023,1,12,24,60,0.0,0.0,0.0,0.0,0.0,5,18.1,17.3,95,998.2,0,0.2,-9900,-9900,0.0,0.0
2023,1,13,1,60,0.0,0.0,0.0,0.0,0.0,5,17.6,17.1,97,998.0,314,0.3,-9900,-9900,0.0,0.0
2023,1,13,2,60,0.0,0.0,0.0,0.0,0.0,5,17.1,16.9,99,997.5,115,0.3,-9900,-9900,0.0,0.0
2023,1,13,3,60,0.0,0.0,0.0,0.0,0.0,5,17.5,17.3,99,996.9,0,0.0,-9900,-9900,0.0,0.0
2023,1,13,4,60,0.0,0.0,0.0,0.0,0.0,5,17.9,17.4,97,996.3,0,0.2,-9900,-9900,0.0,0.0
2023,1,13,5,60,0.0,0.0,0.0,0.0,0.0,5,17.6,17.3,98,996.9,0,0.0,-9900,-9900,0.0,0.0
2023,1,13,6,60,0.0,0.0,0.0,0.0,0.0,5,17.5,17.2,98,997.1,136,0.9,-9900,-9900,0.0,0.0
2023,1,13,7,60,0.0,0.0,0.0,0.0,0.0,5,17.7,17.4,98,997.4,310,0.5,-9900,-9900,0.0,0.0
2023,1,13,8,60,0.0,0.0,0.0,0.0,0.0,5,19.6,18.3,92,998.1,0,0.0,-9900,-9900,0.0,0.0
2023,1,13,9,60,0.0,0.0,0.0,0.0,0.0,5,21.2,18.0,82,998.8,96,0.4,-9900,-9900,0.0,0.0
2023,1,13,10,60,0.0,0.0,0.0,0.0,0.0,5,22.3,16.8,71,998.4,136,1.2,-9900,-9900,0.0,0.0
2023,1,13,11,60,0.0,0.0,0.0,0.0,0.0,5,24.1,17.1,65,997.6,88,0.3,-9900,-9900,0.0,0.0
2023,1,13,12,60,0.0,0.0,0.0,0.0,0.0,5,26.2,17.0,57,996.5,0,0.2,-9900,-9900,0.0,0.0
2023,1,13,13,60,0.0,0.0,0.0,0.0,0.0,5,26.6,15.6,51,995.4,259,0.3,-9900,-9900,0.0,0.0
2023,1,13,14,60,0.0,0.0,0.0,0.0,0.0,5,27.2,16.8,53,994.6,18,1.1,-9900,-9900,0.0,0.0
2023,1,13,15,60,0.0,0.0,0.0,0.0,0.0,5,25.7,17.6,61,994.5,318,1.8,-9900,-9900,0.0,0.0
2023,1,13,16,60,0.0,0.0,0.0,0.0,0.0,5,26.2,15.0,50,994.5,265,0.6,-9900,-9900,0.0,0.0
2023,1,13,17,60,0.0,0.0,0.0,0.0,0.0,5,23.9,16.9,65,994.7,295,1.1,-9900,-9900,0.0,0.0
2023,1,13,18,60,0.0,0.0,0.0,0.0,0.0,5,23.5,17.0,67,994.9,0,0.0,-9900,-9900,0.0,0.0
2023,1,13,19,60,0.0,0.0,0.0,0.0,0.0,5,23.0,17.2,70,995.4,15,0.5,-9900,-9900,0.0,0.0
2023,1,13,20,60,0.0,0.0,0.0,0.0,0.0,5,23.1,16.9,68,995.4,74,0.8,-9900,-9900,0.0,0.0
2023,1,13,21,60,0.0,0.0,0.0,0.0,0.0,5,23.0,18.3,75,995.0,101,0.9,-9900,-9900,0.0,0.0
2023,1,13,22,60,0.0,0.0,0.0,0.0,0.0,5,22.3,18.5,79,994.8,288,0.7,-9900,-9900,0.0,0.0
2023,1,13,23,60,0.0,0.0,0.0,0.0,0.0,5,22.0,16.9,73,994.6,276,0.6,-9900,-9900,0.0,0.0
2023,1,13,24,60,0.0,0.0,0.0,0.0,0.0,5,22.0,16.5,71,994.3,0,0.0,-9900,-9900,0.0,0.0
2023,1,14,1,60,0.0,0.0,0.0,0.0,0.0,5,21.7,17.3,76,994.2,129,0.5,-9900,-9900,0.0,0.0
2023,1,14,2,60,0.0,0.0,0.0,0.0,0.0,5,21.5,18.3,82,993.8,151,0.6,-9900,-9900,0.0,0.0
2023,1,14,3,60,0.0,0.0,0.0,0.0,0.0,5,20.9,18.8,88,993.5,134,0.9,-9900,-9900,0.0,0.0
2023,1,14,4,60,0.0,0.0,0.0,0.0,0.0,5,20.3,19.0,92,993.3,137,1.0,-9900,-9900,0.0,0.0
2023,1,14,5,60,0.0,0.0,0.0,0.0,0.0,5,20.5,18.4,88,993.3,127,1.3,-9900,-9900,0.0,0.0
2023,1,14,6,60,0.0,0.0,0.0,0.0,0.0,5,20.2,18.1,88,993.8,135,0.7,-9900,-9900,0.0,0.0
2023,1,14,7,60,0.0,0.0,0.0,0.0,0.0,5,20.2,18.0,87,994.3,210,0.7,-9900,-9900,0.0,0.0
2023,1,14,8,60,0.0,0.0,0.0,0.0,0.0,5,21.5,17.5,78,994.6,130,0.6,-9900,-9900,0.0,0.0
2023,1,14,9,60,0.0,0.0,0.0,0.0,0.0,5,23.5,17.7,70,994.9,117,0.6,-9900,-9900,0.0,0.0
2023,1,14,10,60,0.0,0.0,0.0,0.0,0.0,5,24.5,18.0,67,994.7,282,1.6,-9900,-9900,0.0,0.0
2023,1,14,11,60,0.0,0.0,0.0,0.0,0.0,5,25.3,18.5,66,994.0,271,2.1,-9900,-9900,0.0,0.0
2023,1,14,12,60,0.0,0.0,0.0,0.0,0.0,5,25.9,19.1,66,992.8,286,2.0,-9900,-9900,0.0,0.0
2023,1,14,13,60,0.0,0.0,0.0,0.0,0.0,5,26.2,19.6,67,991.8,274,1.9,-9900,-9900,0.0,0.0
2023,1,14,14,60,0.0,0.0,0.0,0.0,0.0,5,25.6,19.3,68,991.5,282,2.5,-9900,-9900,0.0,0.0
2023,1,14,15,60,0.0,0.0,0.0,0.0,0.0,5,25.0,20.3,75,991.1,272,2.6,-9900,-9900,0.0,0.0
2023,1,14,16,60,0.0,0.0,0.0,0.0,0.0,5,24.4,20.5,79,991.2,282,1.7,-9900,-9900,0.0,0.0
2023,1,14,17,60,0.0,0.0,0.0,0.0,0.0,5,23.6,20.9,85,991.6,263,2.5,-9900,-9900,0.0,0.0
2023,1,14,18,60,0.0,0.0,0.0,0.0,0.0,5,22.9,21.4,91,992.2,263,1.2,-9900,-9900,0.0,0.0
2023,1,14,19,60,0.0,0.0,0.0,0.0,0.0,5,22.8,21.3,91,992.8,0,0.2,-9900,-9900,0.0,0.0
2023,1,14,20,60,0.0,0.0,0.0,0.0,0.0,5,22.6,21.4,93,993.3,270,0.4,-9900,-9900,0.0,0.0
2023,1,14,21,60,0.0,0.0,0.0,0.0,0.0,5,22.3,21.5,95,994.3,24,0.6,-9900,-9900,0.0,0.0
2023,1,14,22,60,0.0,0.0,0.0,0.0,0.0,5,20.3,20.1,99,994.7,11,1.6,-9900,-9900,0.0,0.0
2023,1,14,23,60,0.0,0.0,0.0,0.0,0.0,5,19.0,18.8,99,994.8,22,1.6,-9900,-9900,0.0,0.0
2023,1,14,24,60,0.0,0.0,0.0,0.0,0.0,5,17.9,17.7,99,995.5,32,2.5,-9900,-9900,0.0,0.0
2023,1,15,1,60,0.0,0.0,0.0,0.0,0.0,5,17.0,16.8,99,996.1,30,2.9,-9900,-9900,0.0,0.0
2023,1,15,2,60,0.0,0.0,0.0,0.0,0.0,5,16.5,16.3,99,996.7,35,2.6,-9900,-9900,0.0,0.0
2023,1,15,3,60,0.0,0.0,0.0,0.0,0.0,5,15.9,15.7,99,996.9,38,2.4,-9900,-9900,0.0,0.0
2023,1,15,4,60,0.0,0.0,0.0,0.0,0.0,5,15.2,15.0,99,997.6,43,3.5,-9900,-9900,0.0,0.0
2023,1,15,5,60,0.0,0.0,0.0,0.0,0.0,5,14.8,14.6,99,998.1,47,2.6,-9900,-9900,0.0,0.0
2023,1,15,6,60,0.0,0.0,0.0,0.0,0.0,5,14.7,14.5,99,998.5,64,2.1,-9900,-9900,0.0,0.0
2023,1,15,7,60,0.0,0.0,0.0,0.0,0.0,5,14.9,14.4,97,999.0,68,1.6,-9900,-9900,0.0,0.0
2023,1,15,8,60,0.0,0.0,0.0,0.0,0.0,5,14.9,13.8,93,999.7,57,3.1,-9900,-9900,0.0,0.0
2023,1,15,9,60,0.0,0.0,0.0,0.0,0.0,5,13.8,13.5,98,1000.8,41,3.5,-9900,-9900,0.0,0.0
2023,1,15,10,60,0.0,0.0,0.0,0.0,0.0,5,13.7,13.5,99,1000.6,57,2.3,-9900,-9900,0.0,0.0
2023,1,15,11,60,0.0,0.0,0.0,0.0,0.0,5,13.7,12.8,94,1000.4,37,4.5,-9900,-9900,0.0,0.0
2023,1,15,12,60,0.0,0.0,0.0,0.0,0.0,5,13.8,12.5,92,999.6,43,3.0,-9900,-9900,0.0,0.0
2023,1,15,13,60,0.0,0.0,0.0,0.0,0.0,5,13.3,12.2,93,999.2,49,3.1,-9900,-9900,0.0,0.0
2023,1,15,14,60,0.0,0.0,0.0,0.0,0.0,5,13.1,11.7,91,998.8,52,3.5,-9900,-9900,0.0,0.0
2023,1,15,15,60,0.0,0.0,0.0,0.0,0.0,5,13.0,11.2,89,998.8,45,3.1,-9900,-9900,0.0,0.0
2023,1,15,16,60,0.0,0.0,0.0,0.0,0.0,5,12.8,11.2,90,999.3,43,3.6,-9900,-9900,0.0,0.0
2023,1,15,17,60,0.0,0.0,0.0,0.0,0.0,5,12.3,10.7,90,1000.2,53,3.5,-9900,-9900,0.0,0.0
2023,1,15,18,60,0.0,0.0,0.0,0.0,0.0,5,11.9,10.3,90,1001.3,46,4.3,-9900,-9900,0.0,0.0
2023,1,15,19,60,0.0,0.0,0.0,0.0,0.0,5,11.8,10.2,90,1002.3,52,3.5,-9900,-9900,0.0,0.0
2023,1,15,20,60,0.0,0.0,0.0,0.0,0.0,5,11.5,9.9,90,1003.1,46,3.9,-9900,-9900,0.0,0.0
2023,1,15,21,60,0.0,0.0,0.0,0.0,0.0,5,11.2,9.6,90,1003.7,55,3.6,-9900,-9900,0.0,0.0
2023,1,15,22,60,0.0,0.0,0.0,0.0,0.0,5,10.9,9.3,90,1004.0,53,3.5,-9900,-9900,0.0,0.0
2023,1,15,23,60,0.0,0.0,0.0,0.0,0.0,5,10.7,9.0,89,1004.2,49,3.3,-9900,-9900,0.0,0.0
2023,1,15,24,60,0.0,0.0,0.0,0.0,0.0,5,10.7,8.8,88,1004.0,55,2.6,-9900,-9900,0.0,0.0
2023,1,16,1,60,0.0,0.0,0.0,0.0,0.0,5,10.7,9.0,89,1004.4,47,3.6,-9900,-9900,0.0,0.0
2023,1,16,2,60,0.0,0.0,0.0,0.0,0.0,5,10.6,9.0,90,1004.3,48,2.9,-9900,-9900,0.0,0.0
2023,1,16,3,60,0.0,0.0,0.0,0.0,0.0,5,10.5,9.3,92,1004.3,48,3.7,-9900,-9900,0.0,0.0
2023,1,16,4,60,0.0,0.0,0.0,0.0,0.0,5,10.4,9.2,92,1004.5,51,2.5,-9900,-9900,0.0,0.0
2023,1,16,5,60,0.0,0.0,0.0,0.0,0.0,5,10.1,9.3,95,1005.2,55,2.7,-9900,-9900,0.0,0.0
2023,1,16,6,60,0.0,0.0,0.0,0.0,0.0,5,10.1,9.5,96,1006.1,55,1.8,-9900,-9900,0.0,0.0
2023,1,16,7,60,0.0,0.0,0.0,0.0,0.0,5,9.9,9.1,95,1006.6,47,3.5,-9900,-9900,0.0,0.0
2023,1,16,8,60,0.0,0.0,0.0,0.0,0.0,5,9.8,8.7,93,1007.1,55,3.0,-9900,-9900,0.0,0.0
2023,1,16,9,60,0.0,0.0,0.0,0.0,0.0,5,9.9,8.5,91,1007.2,52,2.8,-9900,-9900,0.0,0.0
2023,1,16,10,60,0.0,0.0,0.0,0.0,0.0,5,10.6,8.7,88,1006.7,58,2.9,-9900,-9900,0.0,0.0
2023,1,16,11,60,0.0,0.0,0.0,0.0,0.0,5,11.2,8.9,86,1006.0,62,2.4,-9900,-9900,0.0,0.0
2023,1,16,12,60,0.0,0.0,0.0,0.0,0.0,5,10.9,9.0,88,1005.1,47,3.1,-9900,-9900,0.0,0.0
2023,1,16,13,60,0.0,0.0,0.0,0.0,0.0,5,10.8,8.9,88,1004.5,36,3.7,-9900,-9900,0.0,0.0
2023,1,16,14,60,0.0,0.0,0.0,0.0,0.0,5,10.5,8.9,90,1003.9,40,3.9,-9900,-9900,0.0,0.0
2023,1,16,15,60,0.0,0.0,0.0,0.0,0.0,5,10.1,9.0,93,1003.8,42,3.3,-9900,-9900,0.0,0.0
2023,1,16,16,60,0.0,0.0,0.0,0.0,0.0,5,10.1,9.0,93,1004.2,44,3.3,-9900,-9900,0.0,0.0
2023,1,16,17,60,0.0,0.0,0.0,0.0,0.0,5,10.1,9.0,93,1004.8,46,2.8,-9900,-9900,0.0,0.0
2023,1,16,18,60,0.0,0.0,0.0,0.0,0.0,5,10.2,9.1,93,1005.4,50,2.7,-9900,-9900,0.0,0.0
2023,1,16,19,60,0.0,0.0,0.0,0.0,0.0,5,10.4,9.5,94,1005.9,60,1.9,-9900,-9900,0.0,0.0
2023,1,16,20,60,0.0,0.0,0.0,0.0,0.0,5,10.7,9.6,93,1006.2,67,2.0,-9900,-9900,0.0,0.0
2023,1,16,21,60,0.0,0.0,0.0,0.0,0.0,5,11.0,9.7,92,1006.4,56,1.9,-9900,-9900,0.0,0.0
2023,1,16,22,60,0.0,0.0,0.0,0.0,0.0,5,11.4,10.0,91,1006.3,59,1.9,-9900,-9900,0.0,0.0
2023,1,16,23,60,0.0,0.0,0.0,0.0,0.0,5,11.2,10.1,93,1006.4,52,1.7,-9900,-9900,0.0,0.0
2023,1,16,24,60,0.0,0.0,0.0,0.0,0.0,5,11.1,10.3,95,1006.5,65,1.4,-9900,-9900,0.0,0.0
2023,1,17,1,60,0.0,0.0,0.0,0.0,0.0,5,11.1,10.6,97,1006.4,53,1.6,-9900,-9900,0.0,0.0
2023,1,17,2,60,0.0,0.0,0.0,0.0,0.0,5,11.4,10.8,96,1005.8,58,1.2,-9900,-9900,0.0,0.0
2023,1,17,3,60,0.0,0.0,0.0,0.0,0.0,5,11.7,10.8,94,1005.4,41,1.4,-9900,-9900,0.0,0.0
2023,1,17,4,60,0.0,0.0,0.0,0.0,0.0,5,12.0,10.9,93,1005.3,40,1.8,-9900,-9900,0.0,0.0
2023,1,17,5,60,0.0,0.0,0.0,0.0,0.0,5,12.2,11.1,93,1005.3,57,1.2,-9900,-9900,0.0,0.0
2023,1,17,6,60,0.0,0.0,0.0,0.0,0.0,5,12.5,11.6,94,1005.4,70,1.8,-9900,-9900,0.0,0.0
2023,1,17,7,60,0.0,0.0,0.0,0.0,0.0,5,12.4,11.5,94,1005.9,55,1.0,-9900,-9900,0.0,0.0
2023,1,17,8,60,0.0,0.0,0.0,0.0,0.0,5,12.8,11.7,93,1006.2,54,1.7,-9900,-9900,0.0,0.0
2023,1,17,9,60,0.0,0.0,0.0,0.0,0.0,5,13.4,11.8,90,1006.6,42,2.9,-9900,-9900,0.0,0.0
2023,1,17,10,60,0.0,0.0,0.0,0.0,0.0,5,13.8,12.0,89,1006.5,38,3.1,-9900,-9900,0.0,0.0
2023,1,17,11,60,0.0,0.0,0.0,0.0,0.0,5,13.8,12.5,92,1005.8,34,3.0,-9900,-9900,0.0,0.0
2023,1,17,12,60,0.0,0.0,0.0,0.0,0.0,5,13.7,12.6,93,1004.9,41,2.7,-9900,-9900,0.0,0.0
2023,1,17,13,60,0.0,0.0,0.0,0.0,0.0,5,13.8,12.5,92,1003.9,35,2.7,-9900,-9900,0.0,0.0
2023,1,17,14,60,0.0,0.0,0.0,0.0,0.0,5,13.9,12.8,93,1003.5,34,3.2,-9900,-9900,0.0,0.0
2023,1,17,15,60,0.0,0.0,0.0,0.0,0.0,5,13.8,12.9,94,1003.3,37,3.1,-9900,-9900,0.0,0.0
2023,1,17,16,60,0.0,0.0,0.0,0.0,0.0,5,13.6,12.7,94,1003.8,32,2.7,-9900,-9900,0.0,0.0
2023,1,17,17,60,0.0,0.0,0.0,0.0,0.0,5,13.6,12.7,94,1004.5,40,2.4,-9900,-9900,0.0,0.0
2023,1,17,18,60,0.0,0.0,0.0,0.0,0.0,5,13.4,12.9,97,1005.2,49,1.8,-9900,-9900,0.0,0.0
2023,1,17,19,60,0.0,0.0,0.0,0.0,0.0,5,13.3,13.1,99,1006.1,49,2.3,-9900,-9900,0.0,0.0
2023,1,17,20,60,0.0,0.0,0.0,0.0,0.0,5,13.2,13.0,99,1006.9,45,2.4,-9900,-9900,0.0,0.0
2023,1,17,21,60,0.0,0.0,0.0,0.0,0.0,5,13.1,12.9,99,1007.4,38,2.8,-9900,-9900,0.0,0.0
2023,1,17,22,60,0.0,0.0,0.0,0.0,0.0,5,13.0,12.8,99,1007.7,39,2.3,-9900,-9900,0.0,0.0
2023,1,17,23,60,0.0,0.0,0.0,0.0,0.0,5,12.7,12.5,99,1007.6,31,2.7,-9900,-9900,0.0,0.0
2023,1,17,24,60,0.0,0.0,0.0,0.0,0.0,5,12.4,12.2,99,1007.7,32,2.2,-9900,-9900,0.0,0.0
2023,1,18,1,60,0.0,0.0,0.0,0.0,0.0,5,12.1,11.9,99,1007.8,30,2.9,-9900,-9900,0.0,0.0
2023,1,18,2,60,0.0,0.0,0.0,0.0,0.0,5,11.8,11.6,99,1007.9,33,3.2,-9900,-9900,0.0,0.0
2023,1,18,3,60,0.0,0.0,0.0,0.0,0.0,5,11.7,11.5,99,1007.7,31,2.5,-9900,-9900,0.0,0.0
2023,1,18,4,60,0.0,0.0,0.0,0.0,0.0,5,11.5,11.3,99,1007.7,39,3.2,-9900,-9900,0.0,0.0
2023,1,18,5,60,0.0,0.0,0.0,0.0,0.0,5,11.3,11.1,99,1008.0,36,2.7,-9900,-9900,0.0,0.0
2023,1,18,6,60,0.0,0.0,0.0,0.0,0.0,5,11.3,11.1,99,1008.7,45,2.2,-9900,-9900,0.0,0.0
2023,1,18,7,60,0.0,0.0,0.0,0.0,0.0,5,11.3,10.8,97,1009.4,42,2.5,-9900,-9900,0.0,0.0
2023,1,18,8,60,0.0,0.0,0.0,0.0,0.0,5,11.3,10.5,95,1009.5,47,2.7,-9900,-9900,0.0,0.0
2023,1,18,9,60,0.0,0.0,0.0,0.0,0.0,5,11.5,10.4,93,1009.7,45,2.8,-9900,-9900,0.0,0.0
2023,1,18,10,60,0.0,0.0,0.0,0.0,0.0,5,11.9,10.5,91,1009.6,42,2.9,-9900,-9900,0.0,0.0
2023,1,18,11,60,0.0,0.0,0.0,0.0,0.0,5,12.1,10.5,90,1009.2,35,3.9,-9900,-9900,0.0,0.0
2023,1,18,12,60,0.0,0.0,0.0,0.0,0.0,5,12.1,10.8,92,1008.4,41,2.5,-9900,-9900,0.0,0.0
2023,1,18,13,60,0.0,0.0,0.0,0.0,0.0,5,11.7,10.6,93,1007.1,43,3.3,-9900,-9900,0.0,0.0
2023,1,18,14,60,0.0,0.0,0.0,0.0,0.0,5,11.6,10.5,93,1006.3,45,2.7,-9900,-9900,0.0,0.0
2023,1,18,15,60,0.0,0.0,0.0,0.0,0.0,5,11.7,10.3,91,1006.2,55,2.4,-9900,-9900,0.0,0.0
2023,1,18,16,60,0.0,0.0,0.0,0.0,0.0,5,11.8,10.2,90,1005.9,57,2.6,-9900,-9900,0.0,0.0
2023,1,18,17,60,0.0,0.0,0.0,0.0,0.0,5,12.0,10.4,90,1006.3,39,2.7,-9900,-9900,0.0,0.0
2023,1,18,18,60,0.0,0.0,0.0,0.0,0.0,5,12.2,10.6,90,1006.7,44,2.1,-9900,-9900,0.0,0.0
2023,1,18,19,60,0.0,0.0,0.0,0.0,0.0,5,12.5,10.9,90,1007.1,55,1.5,-9900,-9900,0.0,0.0
2023,1,18,20,60,0.0,0.0,0.0,0.0,0.0,5,12.5,10.9,90,1007.1,50,1.7,-9900,-9900,0.0,0.0
2023,1,18,21,60,0.0,0.0,0.0,0.0,0.0,5,12.6,10.8,89,1006.9,67,1.3,-9900,-9900,0.0,0.0
2023,1,18,22,60,0.0,0.0,0.0,0.0,0.0,5,12.9,11.0,88,1006.8,74,3.0,-9900,-9900,0.0,0.0
2023,1,18,23,60,0.0,0.0,0.0,0.0,0.0,5,12.9,10.6,86,1006.7,73,2.5,-9900,-9900,0.0,0.0
2023,1,18,24,60,0.0,0.0,0.0,0.0,0.0,5,13.0,10.7,86,1006.3,71,2.6,-9900,-9900,0.0,0.0
2023,1,19,1,60,0.0,0.0,0.0,0.0,0.0,5,12.9,11.0,88,1006.2,67,2.2,-9900,-9900,0.0,0.0
2023,1,19,2,60,0.0,0.0,0.0,0.0,0.0,5,12.8,11.0,89,1006.1,70,2.5,-9900,-9900,0.0,0.0
2023,1,19,3,60,0.0,0.0,0.0,0.0,0.0,5,12.8,11.2,90,1006.1,63,3.0,-9900,-9900,0.0,0.0
2023,1,19,4,60,0.0,0.0,0.0,0.0,0.0,5,12.8,11.2,90,1005.9,71,1.9,-9900,-9900,0.0,0.0
2023,1,19,5,60,0.0,0.0,0.0,0.0,0.0,5,13.0,10.9,87,1006.1,63,2.2,-9900,-9900,0.0,0.0
2023,1,19,6,60,0.0,0.0,0.0,0.0,0.0,5,13.0,10.7,86,1006.3,64,1.9,-9900,-9900,0.0,0.0
2023,1,19,7,60,0.0,0.0,0.0,0.0,0.0,5,13.1,11.0,87,1006.9,56,1.3,-9900,-9900,0.0,0.0
2023,1,19,8,60,0.0,0.0,0.0,0.0,0.0,5,13.9,11.1,83,1006.5,85,2.6,-9900,-9900,0.0,0.0
2023,1,19,9,60,0.0,0.0,0.0,0.0,0.0,5,15.1,11.3,78,1006.3,79,2.6,-9900,-9900,0.0,0.0
2023,1,19,10,60,0.0,0.0,0.0,0.0,0.0,5,16.3,11.9,75,1006.2,67,3.0,-9900,-9900,0.0,0.0
2023,1,19,11,60,0.0,0.0,0.0,0.0,0.0,5,17.9,12.6,71,1005.6,76,2.4,-9900,-9900,0.0,0.0
2023,1,19,12,60,0.0,0.0,0.0,0.0,0.0,5,18.3,12.7,70,1004.6,89,3.7,-9900,-9900,0.0,0.0
2023,1,19,13,60,0.0,0.0,0.0,0.0,0.0,5,19.0,13.0,68,1003.4,88,2.4,-9900,-9900,0.0,0.0
2023,1,19,14,60,0.0,0.0,0.0,0.0,0.0,5,18.8,13.4,71,1003.1,80,2.1,-9900,-9900,0.0,0.0
2023,1,19,15,60,0.0,0.0,0.0,0.0,0.0,5,18.7,13.8,73,1002.8,64,2.2,-9900,-9900,0.0,0.0
2023,1,19,16,60,0.0,0.0,0.0,0.0,0.0,5,18.2,13.9,76,1003.0,75,1.4,-9900,-9900,0.0,0.0
2023,1,19,17,60,0.0,0.0,0.0,0.0,0.0,5,17.2,14.1,82,1003.4,67,2.4,-9900,-9900,0.0,0.0
2023,1,19,18,60,0.0,0.0,0.0,0.0,0.0,5,16.4,14.2,87,1003.8,75,2.0,-9900,-9900,0.0,0.0
2023,1,19,19,60,0.0,0.0,0.0,0.0,0.0,5,16.0,14.2,89,1004.4,64,2.4,-9900,-9900,0.0,0.0
2023,1,19,20,60,0.0,0.0,0.0,0.0,0.0,5,16.1,14.3,89,1004.6,78,2.6,-9900,-9900,0.0,0.0
2023,1,19,21,60,0.0,0.0,0.0,0.0,0.0,5,16.3,14.7,90,1004.9,78,2.6,-9900,-9900,0.0,0.0
2023,1,19,22,60,0.0,0.0,0.0,0.0,0.0,5,16.4,14.8,90,1004.8,70,2.8,-9900,-9900,0.0,0.0
2023,1,19,23,60,0.0,0.0,0.0,0.0,0.0,5,16.0,14.7,92,1004.8,51,1.8,-9900,-9900,0.0,0.0
2023,1,19,24,60,0.0,0.0,0.0,0.0,0.0,5,15.5,14.5,94,1004.8,38,2.0,-9900,-9900,0.0,0.0
2023,1,20,1,60,0.0,0.0,0.0,0.0,0.0,5,15.6,14.6,94,1004.8,43,1.7,-9900,-9900,0.0,0.0
2023,1,20,2,60,0.0,0.0,0.0,0.0,0.0,5,16.4,14.9,91,1004.7,53,2.4,-9900,-9900,0.0,0.0
2023,1,20,3,60,0.0,0.0,0.0,0.0,0.0,5,15.5,14.2,92,1004.8,35,2.4,-9900,-9900,0.0,0.0
2023,1,20,4,60,0.0,0.0,0.0,0.0,0.0,5,15.3,14.0,92,1005.0,38,2.3,-9900,-9900,0.0,0.0
2023,1,20,5,60,0.0,0.0,0.0,0.0,0.0,5,15.2,13.4,89,1005.8,39,2.7,-9900,-9900,0.0,0.0
2023,1,20,6,60,0.0,0.0,0.0,0.0,0.0,5,14.9,13.3,90,1006.0,61,2.5,-9900,-9900,0.0,0.0
2023,1,20,7,60,0.0,0.0,0.0,0.0,0.0,5,15.0,13.7,92,1006.0,85,2.7,-9900,-9900,0.0,0.0
2023,1,20,8,60,0.0,0.0,0.0,0.0,0.0,5,15.3,12.6,84,1007.0,72,3.3,-9900,-9900,0.0,0.0
2023,1,20,9,60,0.0,0.0,0.0,0.0,0.0,5,15.1,11.5,79,1007.1,70,3.5,-9900,-9900,0.0,0.0
2023,1,20,10,60,0.0,0.0,0.0,0.0,0.0,5,15.1,11.5,79,1007.3,66,4.2,-9900,-9900,0.0,0.0
2023,1,20,11,60,0.0,0.0,0.0,0.0,0.0,5,15.5,11.5,77,1006.3,83,4.7,-9900,-9900,0.0,0.0
2023,1,20,12,60,0.0,0.0,0.0,0.0,0.0,5,16.0,11.4,74,1005.5,73,3.7,-9900,-9900,0.0,0.0
2023,1,20,13,60,0.0,0.0,0.0,0.0,0.0,5,15.7,11.1,74,1005.0,71,5.2,-9900,-9900,0.0,0.0
2023,1,20,14,60,0.0,0.0,0.0,0.0,0.0,5,15.4,11.6,78,1004.8,78,5.1,-9900,-9900,0.0,0.0
2023,1,20,15,60,0.0,0.0,0.0,0.0,0.0,5,14.8,11.2,79,1004.4,76,4.9,-9900,-9900,0.0,0.0
2023,1,20,16,60,0.0,0.0,0.0,0.0,0.0,5,14.5,11.3,81,1004.7,72,4.1,-9900,-9900,0.0,0.0
2023,1,20,17,60,0.0,0.0,0.0,0.0,0.0,5,14.2,11.2,82,1004.8,75,4.9,-9900,-9900,0.0,0.0
2023,1,20,18,60,0.0,0.0,0.0,0.0,0.0,5,14.3,11.3,82,1005.5,72,4.3,-9900,-9900,0.0,0.0
2023,1,20,19,60,0.0,0.0,0.0,0.0,0.0,5,14.3,11.1,81,1005.9,80,4.3,-9900,-9900,0.0,0.0
2023,1,20,20,60,0.0,0.0,0.0,0.0,0.0,5,14.3,11.5,83,1006.3,74,3.6,-9900,-9900,0.0,0.0
2023,1,20,21,60,0.0,0.0,0.0,0.0,0.0,5,14.2,12.1,87,1006.4,76,5.1,-9900,-9900,0.0,0.0
2023,1,20,22,60,0.0,0.0,0.0,0.0,0.0,5,14.1,12.3,89,1006.0,74,5.0,-9900,-9900,0.0,0.0
2023,1,20,23,60,0.0,0.0,0.0,0.0,0.0,5,14.1,12.1,88,1005.9,76,4.1,-9900,-9900,0.0,0.0
2023,1,20,24,60,0.0,0.0,0.0,0.0,0.0,5,14.1,12.3,89,1005.6,73,4.4,-9900,-9900,0.0,0.0
2023,1,21,1,60,0.0,0.0,0.0,0.0,0.0,5,14.1,12.3,89,1005.2,81,3.3,-9900,-9900,0.0,0.0
2023,1,21,2,60,0.0,0.0,0.0,0.0,0.0,5,14.1,12.7,91,1004.7,71,3.9,-9900,-9900,0.0,0.0
2023,1,21,3,60,0.0,0.0,0.0,0.0,0.0,5,14.2,12.8,91,1004.2,71,4.3,-9900,-9900,0.0,0.0
2023,1,21,4,60,0.0,0.0,0.0,0.0,0.0,5,14.2,13.1,93,1004.0,74,4.6,-9900,-9900,0.0,0.0
2023,1,21,5,60,0.0,0.0,0.0,0.0,0.0,5,14.4,13.3,93,1003.9,75,4.3,-9900,-9900,0.0,0.0
2023,1,21,6,60,0.0,0.0,0.0,0.0,0.0,5,14.4,13.6,95,1004.6,61,3.7,-9900,-9900,0.0,0.0
2023,1,21,7,60,0.0,0.0,0.0,0.0,0.0,5,14.7,13.9,95,1005.0,72,3.9,-9900,-9900,0.0,0.0
2023,1,21,8,60,0.0,0.0,0.0,0.0,0.0,5,14.7,14.2,97,1005.9,55,3.7,-9900,-9900,0.0,0.0
2023,1,21,9,60,0.0,0.0,0.0,0.0,0.0,5,15.1,14.6,97,1006.0,72,2.9,-9900,-9900,0.0,0.0
2023,1,21,10,60,0.0,0.0,0.0,0.0,0.0,5,15.9,15.3,96,1005.7,75,3.2,-9900,-9900,0.0,0.0
2023,1,21,11,60,0.0,0.0,0.0,0.0,0.0,5,16.4,15.4,94,1004.5,86,3.2,-9900,-9900,0.0,0.0
2023,1,21,12,60,0.0,0.0,0.0,0.0,0.0,5,17.0,15.9,93,1003.3,79,3.2,-9900,-9900,0.0,0.0
2023,1,21,13,60,0.0,0.0,0.0,0.0,0.0,5,17.6,16.1,91,1001.6,93,4.0,-9900,-9900,0.0,0.0
2023,1,21,14,60,0.0,0.0,0.0,0.0,0.0,5,18.5,16.3,87,1000.2,90,2.8,-9900,-9900,0.0,0.0
2023,1,21,15,60,0.0,0.0,0.0,0.0,0.0,5,19.0,16.2,84,998.9,90,3.9,-9900,-9900,0.0,0.0
2023,1,21,16,60,0.0,0.0,0.0,0.0,0.0,5,19.2,16.1,82,998.6,92,4.0,-9900,-9900,0.0,0.0
2023,1,21,17,60,0.0,0.0,0.0,0.0,0.0,5,18.7,16.1,85,998.7,90,4.1,-9900,-9900,0.0,0.0
2023,1,21,18,60,0.0,0.0,0.0,0.0,0.0,5,18.3,16.3,88,998.5,96,4.1,-9900,-9900,0.0,0.0
2023,1,21,19,60,0.0,0.0,0.0,0.0,0.0,5,17.7,16.4,92,998.7,94,4.0,-9900,-9900,0.0,0.0
2023,1,21,20,60,0.0,0.0,0.0,0.0,0.0,5,17.8,16.1,90,999.4,159,0.6,-9900,-9900,0.0,0.0
2023,1,21,21,60,0.0,0.0,0.0,0.0,0.0,5,17.1,16.0,93,999.1,142,1.0,-9900,-9900,0.0,0.0
2023,1,21,22,60,0.0,0.0,0.0,0.0,0.0,5,16.9,15.9,94,999.4,187,0.5,-9900,-9900,0.0,0.0
2023,1,21,23,60,0.0,0.0,0.0,0.0,0.0,5,16.9,16.3,96,1000.1,265,0.8,-9900,-9900,0.0,0.0
2023,1,21,24,60,0.0,0.0,0.0,0.0,0.0,5,16.3,15.8,97,1000.7,190,0.6,-9900,-9900,0.0,0.0
2023,1,22,1,60,0.0,0.0,0.0,0.0,0.0,5,16.4,15.9,97,1000.8,192,0.6,-9900,-9900,0.0,0.0
2023,1,22,2,60,0.0,0.0,0.0,0.0,0.0,5,16.3,15.8,97,1000.5,260,2.0,-9900,-9900,0.0,0.0
2023,1,22,3,60,0.0,0.0,0.0,0.0,0.0,5,16.4,15.6,95,1000.8,263,1.6,-9900,-9900,0.0,0.0
2023,1,22,4,60,0.0,0.0,0.0,0.0,0.0,5,15.5,15.3,99,1001.2,287,1.3,-9900,-9900,0.0,0.0
2023,1,22,5,60,0.0,0.0,0.0,0.0,0.0,5,14.3,14.1,99,1001.4,314,2.1,-9900,-9900,0.0,0.0
2023,1,22,6,60,0.0,0.0,0.0,0.0,0.0,5,14.2,14.0,99,1001.8,315,2.1,-9900,-9900,0.0,0.0
2023,1,22,7,60,0.0,0.0,0.0,0.0,0.0,5,14.0,13.8,99,1002.5,316,2.2,-9900,-9900,0.0,0.0
2023,1,22,8,60,0.0,0.0,0.0,0.0,0.0,5,13.7,13.5,99,1003.1,312,2.7,-9900,-9900,0.0,0.0
2023,1,22,9,60,0.0,0.0,0.0,0.0,0.0,5,14.0,13.8,99,1003.2,1,0.3,-9900,-9900,0.0,0.0
2023,1,22,10,60,0.0,0.0,0.0,0.0,0.0,5,14.5,14.3,99,1002.6,20,1.2,-9900,-9900,0.0,0.0
2023,1,22,11,60,0.0,0.0,0.0,0.0,0.0,5,16.2,15.1,93,1001.5,102,1.1,-9900,-9900,0.0,0.0
2023,1,22,12,60,0.0,0.0,0.0,0.0,0.0,5,19.4,15.5,78,1000.6,0,0.0,-9900,-9900,0.0,0.0
2023,1,22,13,60,0.0,0.0,0.0,0.0,0.0,5,21.8,14.7,64,999.2,120,0.4,-9900,-9900,0.0,0.0
2023,1,22,14,60,0.0,0.0,0.0,0.0,0.0,5,19.6,15.9,79,998.7,351,1.6,-9900,-9900,0.0,0.0
2023,1,22,15,60,0.0,0.0,0.0,0.0,0.0,5,21.4,15.3,68,998.0,360,0.9,-9900,-9900,0.0,0.0
2023,1,22,16,60,0.0,0.0,0.0,0.0,0.0,5,18.7,15.8,83,998.4,6,2.6,-9900,-9900,0.0,0.0
2023,1,22,17,60,0.0,0.0,0.0,0.0,0.0,5,17.1,15.4,90,998.9,330,1.4,-9900,-9900,0.0,0.0
2023,1,22,18,60,0.0,0.0,0.0,0.0,0.0,5,15.7,15.2,97,999.4,360,1.5,-9900,-9900,0.0,0.0
2023,1,22,19,60,0.0,0.0,0.0,0.0,0.0,5,15.3,15.1,99,999.6,0,0.0,-9900,-9900,0.0,0.0
2023,1,22,20,60,0.0,0.0,0.0,0.0,0.0,5,16.3,15.5,95,999.5,132,1.3,-9900,-9900,0.0,0.0
2023,1,22,21,60,0.0,0.0,0.0,0.0,0.0,5,16.5,15.7,95,999.3,130,1.1,-9900,-9900,0.0,0.0
2023,1,22,22,60,0.0,0.0,0.0,0.0,0.0,5,16.6,15.8,95,999.7,94,1.0,-9900,-9900,0.0,0.0
2023,1,22,23,60,0.0,0.0,0.0,0.0,0.0,5,16.1,15.9,99,999.5,52,0.7,-9900,-9900,0.0,0.0
2023,1,22,24,60,0.0,0.0,0.0,0.0,0.0,5,16.5,15.9,96,999.7,98,0.4,-9900,-9900,0.0,0.0
2023,1,23,1,60,0.0,0.0,0.0,0.0,0.0,5,16.3,15.8,97,999.7,0,0.0,-9900,-9900,0.0,0.0
2023,1,23,2,60,0.0,0.0,0.0,0.0,0.0,5,16.4,16.1,98,999.7,338,0.3,-9900,-9900,0.0,0.0
2023,1,23,3,60,0.0,0.0,0.0,0.0,0.0,5,16.5,16.2,98,999.5,316,0.9,-9900,-9900,0.0,0.0
2023,1,23,4,60,0.0,0.0,0.0,0.0,0.0,5,16.6,16.4,99,999.1,49,1.4,-9900,-9900,0.0,0.0
2023,1,23,5,60,0.0,0.0,0.0,0.0,0.0,5,16.9,16.4,97,999.2,3,1.0,-9900,-9900,0.0,0.0
2023,1,23,6,60,0.0,0.0,0.0,0.0,0.0,5,16.8,16.5,98,999.2,48,1.0,-9900,-9900,0.0,0.0
2023,1,23,7,60,0.0,0.0,0.0,0.0,0.0,5,16.7,16.4,98,999.4,38,1.5,-9900,-9900,0.0,0.0
2023,1,23,8,60,0.0,0.0,0.0,0.0,0.0,5,17.0,16.5,97,999.8,31,1.0,-9900,-9900,0.0,0.0
2023,1,23,9,60,0.0,0.0,0.0,0.0,0.0,5,17.5,16.7,95,1000.0,40,1.6,-9900,-9900,0.0,0.0
2023,1,23,10,60,0.0,0.0,0.0,0.0,0.0,5,17.6,16.6,94,999.9,19,1.9,-9900,-9900,0.0,0.0
2023,1,23,11,60,0.0,0.0,0.0,0.0,0.0,5,17.3,16.5,95,999.3,24,3.0,-9900,-9900,0.0,0.0
2023,1,23,12,60,0.0,0.0,0.0,0.0,0.0,5,17.0,16.2,95,998.6,24,2.6,-9900,-9900,0.0,0.0
2023,1,23,13,60,0.0,0.0,0.0,0.0,0.0,5,16.4,15.8,96,997.9,20,2.8,-9900,-9900,0.0,0.0
2023,1,23,14,60,0.0,0.0,0.0,0.0,0.0,5,15.8,15.2,96,997.9,35,2.8,-9900,-9900,0.0,0.0
2023,1,23,15,60,0.0,0.0,0.0,0.0,0.0,5,15.5,15.2,98,998.0,36,3.0,-9900,-9900,0.0,0.0
2023,1,23,16,60,0.0,0.0,0.0,0.0,0.0,5,15.3,15.0,98,998.7,26,2.7,-9900,-9900,0.0,0.0
2023,1,23,17,60,0.0,0.0,0.0,0.0,0.0,5,15.3,14.8,97,999.2,40,2.8,-9900,-9900,0.0,0.0
2023,1,23,18,60,0.0,0.0,0.0,0.0,0.0,5,15.5,14.7,95,999.3,42,2.8,-9900,-9900,0.0,0.0
2023,1,23,19,60,0.0,0.0,0.0,0.0,0.0,5,15.6,14.6,94,999.7,55,1.4,-9900,-9900,0.0,0.0
2023,1,23,20,60,0.0,0.0,0.0,0.0,0.0,5,15.7,14.6,93,1000.3,38,2.4,-9900,-9900,0.0,0.0
2023,1,23,21,60,0.0,0.0,0.0,0.0,0.0,5,15.5,14.4,93,1000.9,35,2.9,-9900,-9900,0.0,0.0
2023,1,23,22,60,0.0,0.0,0.0,0.0,0.0,5,14.8,14.3,97,1001.4,31,3.6,-9900,-9900,0.0,0.0
2023,1,23,23,60,0.0,0.0,0.0,0.0,0.0,5,14.6,13.8,95,1001.9,32,3.7,-9900,-9900,0.0,0.0
2023,1,23,24,60,0.0,0.0,0.0,0.0,0.0,5,14.5,13.5,94,1002.6,33,3.4,-9900,-9900,0.0,0.0
2023,1,24,1,60,0.0,0.0,0.0,0.0,0.0,5,13.7,13.2,97,1003.4,34,3.3,-9900,-9900,0.0,0.0
2023,1,24,2,60,0.0,0.0,0.0,0.0,0.0,5,12.7,12.5,99,1004.2,28,3.6,-9900,-9900,0.0,0.0
2023,1,24,3,60,0.0,0.0,0.0,0.0,0.0,5,11.9,11.7,99,1005.3,29,3.1,-9900,-9900,0.0,0.0
2023,1,24,4,60,0.0,0.0,0.0,0.0,0.0,5,11.1,10.9,99,1006.5,33,4.6,-9900,-9900,0.0,0.0
2023,1,24,5,60,0.0,0.0,0.0,0.0,0.0,5,10.3,10.1,99,1008.0,32,4.0,-9900,-9900,0.0,0.0
2023,1,24,6,60,0.0,0.0,0.0,0.0,0.0,5,10.0,9.7,98,1009.5,30,3.4,-9900,-9900,0.0,0.0
2023,1,24,7,60,0.0,0.0,0.0,0.0,0.0,5,9.6,9.0,96,1010.9,31,4.4,-9900,-9900,0.0,0.0
2023,1,24,8,60,0.0,0.0,0.0,0.0,0.0,5,9.2,8.4,95,1012.0,35,4.1,-9900,-9900,0.0,0.0
2023,1,24,9,60,0.0,0.0,0.0,0.0,0.0,5,9.5,7.9,90,1012.8,40,4.1,-9900,-9900,0.0,0.0
2023,1,24,10,60,0.0,0.0,0.0,0.0,0.0,5,9.2,7.5,89,1013.1,42,3.5,-9900,-9900,0.0,0.0
2023,1,24,11,60,0.0,0.0,0.0,0.0,0.0,5,9.6,6.0,78,1012.6,40,4.1,-9900,-9900,0.0,0.0
2023,1,24,12,60,0.0,0.0,0.0,0.0,0.0,5,9.9,6.1,77,1011.5,43,3.1,-9900,-9900,0.0,0.0
2023,1,24,13,60,0.0,0.0,0.0,0.0,0.0,5,9.6,5.2,74,1010.8,48,2.9,-9900,-9900,0.0,0.0
2023,1,24,14,60,0.0,0.0,0.0,0.0,0.0,5,9.4,3.1,65,1010.3,47,3.0,-9900,-9900,0.0,0.0
2023,1,24,15,60,0.0,0.0,0.0,0.0,0.0,5,9.3,3.3,66,1010.3,61,3.2,-9900,-9900,0.0,0.0
2023,1,24,16,60,0.0,0.0,0.0,0.0,0.0,5,8.8,1.9,62,1010.6,72,4.0,-9900,-9900,0.0,0.0
2023,1,24,17,60,0.0,0.0,0.0,0.0,0.0,5,8.6,1.5,61,1011.3,60,3.3,-9900,-9900,0.0,0.0
2023,1,24,18,60,0.0,0.0,0.0,0.0,0.0,5,8.2,0.9,60,1011.7,72,3.1,-9900,-9900,0.0,0.0
2023,1,24,19,60,0.0,0.0,0.0,0.0,0.0,5,8.0,0.5,59,1012.1,68,4.3,-9900,-9900,0.0,0.0
2023,1,24,20,60,0.0,0.0,0.0,0.0,0.0,5,7.8,0.5,60,1012.6,68,3.1,-9900,-9900,0.0,0.0
2023,1,24,21,60,0.0,0.0,0.0,0.0,0.0,5,7.8,0.5,60,1012.6,73,3.6,-9900,-9900,0.0,0.0
2023,1,24,22,60,0.0,0.0,0.0,0.0,0.0,5,7.8,0.0,58,1012.4,78,2.9,-9900,-9900,0.0,0.0
2023,1,24,23,60,0.0,0.0,0.0,0.0,0.0,5,7.6,-0.1,58,1012.2,78,3.6,-9900,-9900,0.0,0.0
2023,1,24,24,60,0.0,0.0,0.0,0.0,0.0,5,7.4,-0.6,57,1012.1,81,3.2,-9900,-9900,0.0,0.0
2023,1,25,1,60,0.0,0.0,0.0,0.0,0.0,5,7.4,-0.1,59,1012.1,75,3.1,-9900,-9900,0.0,0.0
2023,1,25,2,60,0.0,0.0,0.0,0.0,0.0,5,7.2,1.1,65,1012.0,82,3.4,-9900,-9900,0.0,0.0
2023,1,25,3,60,0.0,0.0,0.0,0.0,0.0,5,6.7,2.8,76,1011.6,88,3.0,-9900,-9900,0.0,0.0
2023,1,25,4,60,0.0,0.0,0.0,0.0,0.0,5,7.2,2.1,70,1010.7,84,3.8,-9900,-9900,0.0,0.0
2023,1,25,5,60,0.0,0.0,0.0,0.0,0.0,5,7.2,2.3,71,1010.2,84,3.4,-9900,-9900,0.0,0.0
2023,1,25,6,60,0.0,0.0,0.0,0.0,0.0,5,7.5,2.2,69,1009.7,85,4.9,-9900,-9900,0.0,0.0
2023,1,25,7,60,0.0,0.0,0.0,0.0,0.0,5,7.7,3.0,72,1009.4,82,4.7,-9900,-9900,0.0,0.0
2023,1,25,8,60,0.0,0.0,0.0,0.0,0.0,5,8.2,3.1,70,1009.8,87,3.7,-9900,-9900,0.0,0.0
2023,1,25,9,60,0.0,0.0,0.0,0.0,0.0,5,8.7,3.3,69,1009.8,73,3.5,-9900,-9900,0.0,0.0
2023,1,25,10,60,0.0,0.0,0.0,0.0,0.0,5,9.3,3.9,69,1009.4,74,3.9,-9900,-9900,0.0,0.0
2023,1,25,11,60,0.0,0.0,0.0,0.0,0.0,5,10.3,4.0,65,1007.8,88,3.9,-9900,-9900,0.0,0.0
2023,1,25,12,60,0.0,0.0,0.0,0.0,0.0,5,11.0,4.2,63,1005.6,84,5.8,-9900,-9900,0.0,0.0
2023,1,25,13,60,0.0,0.0,0.0,0.0,0.0,5,11.8,4.8,62,1004.1,77,5.3,-9900,-9900,0.0,0.0
2023,1,25,14,60,0.0,0.0,0.0,0.0,0.0,5,12.3,4.8,60,1003.3,80,4.2,-9900,-9900,0.0,0.0
2023,1,25,15,60,0.0,0.0,0.0,0.0,0.0,5,12.4,5.3,62,1003.1,79,4.7,-9900,-9900,0.0,0.0
2023,1,25,16,60,0.0,0.0,0.0,0.0,0.0,5,12.2,6.0,66,1003.0,82,3.5,-9900,-9900,0.0,0.0
2023,1,25,17,60,0.0,0.0,0.0,0.0,0.0,5,11.7,6.2,69,1003.2,82,3.9,-9900,-9900,0.0,0.0
2023,1,25,18,60,0.0,0.0,0.0,0.0,0.0,5,11.5,6.6,72,1003.5,84,4.2,-9900,-9900,0.0,0.0
2023,1,25,19,60,0.0,0.0,0.0,0.0,0.0,5,11.4,7.1,75,1003.8,92,3.3,-9900,-9900,0.0,0.0
2023,1,25,20,60,0.0,0.0,0.0,0.0,0.0,5,11.6,7.3,75,1003.6,95,3.7,-9900,-9900,0.0,0.0
2023,1,25,21,60,0.0,0.0,0.0,0.0,0.0,5,11.7,7.4,75,1003.4,94,2.6,-9900,-9900,0.0,0.0
2023,1,25,22,60,0.0,0.0,0.0,0.0,0.0,5,11.9,7.2,73,1002.9,93,3.3,-9900,-9900,0.0,0.0
2023,1,25,23,60,0.0,0.0,0.0,0.0,0.0,5,12.2,7.5,73,1002.8,90,2.0,-9900,-9900,0.0,0.0
2023,1,25,24,60,0.0,0.0,0.0,0.0,0.0,5,12.4,7.3,71,1003.1,102,1.0,-9900,-9900,0.0,0.0
2023,1,26,1,60,0.0,0.0,0.0,0.0,0.0,5,12.0,7.7,75,1003.2,232,0.3,-9900,-9900,0.0,0.0
2023,1,26,2,60,0.0,0.0,0.0,0.0,0.0,5,12.1,7.4,73,1003.3,212,0.5,-9900,-9900,0.0,0.0
2023,1,26,3,60,0.0,0.0,0.0,0.0,0.0,5,12.1,7.2,72,1003.4,130,0.7,-9900,-9900,0.0,0.0
2023,1,26,4,60,0.0,0.0,0.0,0.0,0.0,5,12.1,8.4,78,1003.1,192,0.7,-9900,-9900,0.0,0.0
2023,1,26,5,60,0.0,0.0,0.0,0.0,0.0,5,12.1,8.6,79,1003.4,159,0.6,-9900,-9900,0.0,0.0
2023,1,26,6,60,0.0,0.0,0.0,0.0,0.0,5,12.2,7.9,75,1003.5,0,0.2,-9900,-9900,0.0,0.0
2023,1,26,7,60,0.0,0.0,0.0,0.0,0.0,5,12.7,7.6,71,1003.5,191,0.7,-9900,-9900,0.0,0.0
2023,1,26,8,60,0.0,0.0,0.0,0.0,0.0,5,12.4,8.9,79,1003.4,165,0.8,-9900,-9900,0.0,0.0
2023,1,26,9,60,0.0,0.0,0.0,0.0,0.0,5,13.9,7.7,66,1004.1,293,0.6,-9900,-9900,0.0,0.0
2023,1,26,10,60,0.0,0.0,0.0,0.0,0.0,5,14.5,7.5,63,1004.2,265,1.4,-9900,-9900,0.0,0.0
2023,1,26,11,60,0.0,0.0,0.0,0.0,0.0,5,15.0,9.8,71,1003.3,268,1.9,-9900,-9900,0.0,0.0
2023,1,26,12,60,0.0,0.0,0.0,0.0,0.0,5,14.3,13.0,92,1002.5,313,3.4,-9900,-9900,0.0,0.0
2023,1,26,13,60,0.0,0.0,0.0,0.0,0.0,5,13.1,12.6,97,1001.9,313,2.7,-9900,-9900,0.0,0.0
2023,1,26,14,60,0.0,0.0,0.0,0.0,0.0,5,12.9,12.7,99,1001.4,311,2.4,-9900,-9900,0.0,0.0
2023,1,26,15,60,0.0,0.0,0.0,0.0,0.0,5,13.1,12.6,97,1001.4,322,1.4,-9900,-9900,0.0,0.0
2023,1,26,16,60,0.0,0.0,0.0,0.0,0.0,5,13.4,12.6,95,1001.7,344,0.5,-9900,-9900,0.0,0.0
2023,1,26,17,60,0.0,0.0,0.0,0.0,0.0,5,13.5,12.7,95,1002.0,360,1.5,-9900,-9900,0.0,0.0
2023,1,26,18,60,0.0,0.0,0.0,0.0,0.0,5,13.5,12.6,94,1002.3,26,1.1,-9900,-9900,0.0,0.0
2023,1,26,19,60,0.0,0.0,0.0,0.0,0.0,5,13.5,12.6,94,1003.1,6,1.1,-9900,-9900,0.0,0.0
2023,1,26,20,60,0.0,0.0,0.0,0.0,0.0,5,13.5,12.7,95,1003.7,10,0.8,-9900,-9900,0.0,0.0
2023,1,26,21,60,0.0,0.0,0.0,0.0,0.0,5,13.6,12.5,93,1004.0,31,0.9,-9900,-9900,0.0,0.0
2023,1,26,22,60,0.0,0.0,0.0,0.0,0.0,5,13.8,12.4,91,1004.1,122,1.0,-9900,-9900,0.0,0.0
2023,1,26,23,60,0.0,0.0,0.0,0.0,0.0,5,13.8,12.2,90,1004.3,90,0.8,-9900,-9900,0.0,0.0
2023,1,26,24,60,0.0,0.0,0.0,0.0,0.0,5,13.7,12.3,91,1004.2,58,0.3,-9900,-9900,0.0,0.0
2023,1,27,1,60,0.0,0.0,0.0,0.0,0.0,5,13.6,11.5,87,1004.5,32,1.1,-9900,-9900,0.0,0.0
2023,1,27,2,60,0.0,0.0,0.0,0.0,0.0,5,13.6,11.1,85,1004.2,355,0.5,-9900,-9900,0.0,0.0
2023,1,27,3,60,0.0,0.0,0.0,0.0,0.0,5,13.5,11.0,85,1003.9,69,0.3,-9900,-9900,0.0,0.0
2023,1,27,4,60,0.0,0.0,0.0,0.0,0.0,5,13.7,10.7,82,1004.3,1,1.3,-9900,-9900,0.0,0.0
2023,1,27,5,60,0.0,0.0,0.0,0.0,0.0,5,13.7,9.9,78,1004.7,5,1.6,-9900,-9900,0.0,0.0
2023,1,27,6,60,0.0,0.0,0.0,0.0,0.0,5,13.6,9.1,74,1005.6,33,2.8,-9900,-9900,0.0,0.0
2023,1,27,7,60,0.0,0.0,0.0,0.0,0.0,5,13.1,8.0,71,1006.4,33,3.1,-9900,-9900,0.0,0.0
2023,1,27,8,60,0.0,0.0,0.0,0.0,0.0,5,12.3,6.6,68,1007.6,38,4.3,-9900,-9900,0.0,0.0
2023,1,27,9,60,0.0,0.0,0.0,0.0,0.0,5,11.9,6.0,67,1008.2,43,3.0,-9900,-9900,0.0,0.0
2023,1,27,10,60,0.0,0.0,0.0,0.0,0.0,5,11.8,4.8,62,1008.4,46,2.4,-9900,-9900,0.0,0.0
2023,1,27,11,60,0.0,0.0,0.0,0.0,0.0,5,11.5,3.8,59,1008.1,44,2.9,-9900,-9900,0.0,0.0
2023,1,27,12,60,0.0,0.0,0.0,0.0,0.0,5,11.2,4.0,61,1007.6,35,4.7,-9900,-9900,0.0,0.0
2023,1,27,13,60,0.0,0.0,0.0,0.0,0.0,5,10.7,3.5,61,1007.3,37,3.6,-9900,-9900,0.0,0.0
2023,1,27,14,60,0.0,0.0,0.0,0.0,0.0,5,10.1,1.7,56,1007.2,54,3.3,-9900,-9900,0.0,0.0
2023,1,27,15,60,0.0,0.0,0.0,0.0,0.0,5,9.7,0.8,54,1007.7,45,3.3,-9900,-9900,0.0,0.0
2023,1,27,16,60,0.0,0.0,0.0,0.0,0.0,5,9.4,1.5,58,1008.1,64,3.2,-9900,-9900,0.0,0.0
2023,1,27,17,60,0.0,0.0,0.0,0.0,0.0,5,9.2,1.1,57,1008.8,69,2.4,-9900,-9900,0.0,0.0
2023,1,27,18,60,0.0,0.0,0.0,0.0,0.0,5,8.7,0.6,57,1009.2,65,3.0,-9900,-9900,0.0,0.0
2023,1,27,19,60,0.0,0.0,0.0,0.0,0.0,5,8.6,0.3,56,1009.5,77,3.2,-9900,-9900,0.0,0.0
2023,1,27,20,60,0.0,0.0,0.0,0.0,0.0,5,8.4,0.4,57,1009.6,72,2.8,-9900,-9900,0.0,0.0
2023,1,27,21,60,0.0,0.0,0.0,0.0,0.0,5,8.5,-0.0,55,1009.5,84,2.6,-9900,-9900,0.0,0.0
2023,1,27,22,60,0.0,0.0,0.0,0.0,0.0,5,8.5,-0.0,55,1009.3,81,3.6,-9900,-9900,0.0,0.0
2023,1,27,23,60,0.0,0.0,0.0,0.0,0.0,5,8.7,0.2,55,1009.2,80,3.1,-9900,-9900,0.0,0.0
2023,1,27,24,60,0.0,0.0,0.0,0.0,0.0,5,8.7,-0.6,52,1009.1,76,3.1,-9900,-9900,0.0,0.0
2023,1,28,1,60,0.0,0.0,0.0,0.0,0.0,5,8.4,-2.0,48,1009.1,65,3.1,-9900,-9900,0.0,0.0
2023,1,28,2,60,0.0,0.0,0.0,0.0,0.0,5,8.1,-2.0,49,1008.6,69,3.1,-9900,-9900,0.0,0.0
2023,1,28,3,60,0.0,0.0,0.0,0.0,0.0,5,8.1,-0.2,56,1008.5,72,3.3,-9900,-9900,0.0,0.0
2023,1,28,4,60,0.0,0.0,0.0,0.0,0.0,5,7.9,-1.6,51,1008.2,65,2.0,-9900,-9900,0.0,0.0
2023,1,28,5,60,0.0,0.0,0.0,0.0,0.0,5,7.6,-1.9,51,1008.3,57,3.7,-9900,-9900,0.0,0.0
2023,1,28,6,60,0.0,0.0,0.0,0.0,0.0,5,7.3,-1.7,53,1008.7,67,1.7,-9900,-9900,0.0,0.0
2023,1,28,7,60,0.0,0.0,0.0,0.0,0.0,5,7.2,-1.5,54,1009.2,69,2.0,-9900,-9900,0.0,0.0
2023,1,28,8,60,0.0,0.0,0.0,0.0,0.0,5,7.6,-1.1,54,1009.7,58,2.5,-9900,-9900,0.0,0.0
2023,1,28,9,60,0.0,0.0,0.0,0.0,0.0,5,8.1,-1.4,51,1010.1,54,3.9,-9900,-9900,0.0,0.0
2023,1,28,10,60,0.0,0.0,0.0,0.0,0.0,5,8.7,-1.2,50,1010.1,64,2.6,-9900,-9900,0.0,0.0
2023,1,28,11,60,0.0,0.0,0.0,0.0,0.0,5,8.4,0.1,56,1009.3,52,2.7,-9900,-9900,0.0,0.0
2023,1,28,12,60,0.0,0.0,0.0,0.0,0.0,5,8.5,-0.3,54,1007.9,57,2.6,-9900,-9900,0.0,0.0
2023,1,28,13,60,0.0,0.0,0.0,0.0,0.0,5,8.6,0.3,56,1007.1,61,3.0,-9900,-9900,0.0,0.0
2023,1,28,14,60,0.0,0.0,0.0,0.0,0.0,5,8.5,0.5,57,1006.8,54,2.6,-9900,-9900,0.0,0.0
2023,1,28,15,60,0.0,0.0,0.0,0.0,0.0,5,8.4,0.4,57,1006.7,65,2.2,-9900,-9900,0.0,0.0
2023,1,28,16,60,0.0,0.0,0.0,0.0,0.0,5,8.5,0.5,57,1006.8,68,1.9,-9900,-9900,0.0,0.0
2023,1,28,17,60,0.0,0.0,0.0,0.0,0.0,5,8.5,0.5,57,1007.1,73,2.5,-9900,-9900,0.0,0.0
2023,1,28,18,60,0.0,0.0,0.0,0.0,0.0,5,8.3,0.8,59,1007.3,69,2.6,-9900,-9900,0.0,0.0
2023,1,28,19,60,0.0,0.0,0.0,0.0,0.0,5,8.0,1.2,62,1007.8,75,2.6,-9900,-9900,0.0,0.0
2023,1,28,20,60,0.0,0.0,0.0,0.0,0.0,5,7.9,1.7,65,1008.0,69,2.4,-9900,-9900,0.0,0.0
2023,1,28,21,60,0.0,0.0,0.0,0.0,0.0,5,8.1,2.3,67,1007.8,75,2.6,-9900,-9900,0.0,0.0
2023,1,28,22,60,0.0,0.0,0.0,0.0,0.0,5,8.5,2.9,68,1007.6,73,2.4,-9900,-9900,0.0,0.0
2023,1,28,23,60,0.0,0.0,0.0,0.0,0.0,5,8.7,2.7,66,1007.2,74,2.5,-9900,-9900,0.0,0.0
2023,1,28,24,60,0.0,0.0,0.0,0.0,0.0,5,9.0,3.0,66,1006.8,74,2.5,-9900,-9900,0.0,0.0
2023,1,29,1,60,0.0,0.0,0.0,0.0,0.0,5,9.3,2.8,64,1006.5,82,2.2,-9900,-9900,0.0,0.0
2023,1,29,2,60,0.0,0.0,0.0,0.0,0.0,5,9.6,3.3,65,1005.8,80,2.2,-9900,-9900,0.0,0.0
2023,1,29,3,60,0.0,0.0,0.0,0.0,0.0,5,9.6,3.8,67,1005.6,68,2.3,-9900,-9900,0.0,0.0
2023,1,29,4,60,0.0,0.0,0.0,0.0,0.0,5,9.8,4.0,67,1005.6,65,2.3,-9900,-9900,0.0,0.0
2023,1,29,5,60,0.0,0.0,0.0,0.0,0.0,5,9.9,3.8,66,1005.7,67,2.7,-9900,-9900,0.0,0.0
2023,1,29,6,60,0.0,0.0,0.0,0.0,0.0,5,9.9,4.3,68,1005.8,70,2.8,-9900,-9900,0.0,0.0
2023,1,29,7,60,0.0,0.0,0.0,0.0,0.0,5,9.6,4.2,69,1006.1,64,2.0,-9900,-9900,0.0,0.0
2023,1,29,8,60,0.0,0.0,0.0,0.0,0.0,5,10.4,3.9,64,1006.6,68,2.2,-9900,-9900,0.0,0.0
2023,1,29,9,60,0.0,0.0,0.0,0.0,0.0,5,12.0,4.0,58,1006.8,70,3.3,-9900,-9900,0.0,0.0
2023,1,29,10,60,0.0,0.0,0.0,0.0,0.0,5,13.2,5.1,58,1006.6,73,3.2,-9900,-9900,0.0,0.0
2023,1,29,11,60,0.0,0.0,0.0,0.0,0.0,5,14.6,4.9,52,1005.4,75,2.7,-9900,-9900,0.0,0.0
2023,1,29,12,60,0.0,0.0,0.0,0.0,0.0,5,15.3,4.6,49,1004.6,74,2.9,-9900,-9900,0.0,0.0
2023,1,29,13,60,0.0,0.0,0.0,0.0,0.0,5,16.1,5.4,49,1004.0,66,2.3,-9900,-9900,0.0,0.0
2023,1,29,14,60,0.0,0.0,0.0,0.0,0.0,5,14.2,6.8,61,1004.0,35,4.0,-9900,-9900,0.0,0.0
2023,1,29,15,60,0.0,0.0,0.0,0.0,0.0,5,15.0,6.0,55,1004.0,81,2.0,-9900,-9900,0.0,0.0
2023,1,29,16,60,0.0,0.0,0.0,0.0,0.0,5,14.2,6.3,59,1004.4,76,2.8,-9900,-9900,0.0,0.0
2023,1,29,17,60,0.0,0.0,0.0,0.0,0.0,5,13.2,7.0,66,1005.0,78,3.4,-9900,-9900,0.0,0.0
2023,1,29,18,60,0.0,0.0,0.0,0.0,0.0,5,12.6,7.7,72,1005.7,58,2.1,-9900,-9900,0.0,0.0
2023,1,29,19,60,0.0,0.0,0.0,0.0,0.0,5,11.7,8.0,78,1006.3,50,1.8,-9900,-9900,0.0,0.0
2023,1,29,20,60,0.0,0.0,0.0,0.0,0.0,5,11.0,8.0,82,1006.7,34,2.0,-9900,-9900,0.0,0.0
2023,1,29,21,60,0.0,0.0,0.0,0.0,0.0,5,10.7,8.3,85,1007.2,62,1.3,-9900,-9900,0.0,0.0
2023,1,29,22,60,0.0,0.0,0.0,0.0,0.0,5,11.1,8.5,84,1007.3,60,1.9,-9900,-9900,0.0,0.0
2023,1,29,23,60,0.0,0.0,0.0,0.0,0.0,5,11.1,8.5,84,1007.0,78,1.7,-9900,-9900,0.0,0.0
2023,1,29,24,60,0.0,0.0,0.0,0.0,0.0,5,10.8,8.6,86,1006.9,68,1.8,-9900,-9900,0.0,0.0
2023,1,30,1,60,0.0,0.0,0.0,0.0,0.0,5,10.8,8.4,85,1006.7,63,1.8,-9900,-9900,0.0,0.0
2023,1,30,2,60,0.0,0.0,0.0,0.0,0.0,5,10.7,8.1,84,1006.3,71,1.5,-9900,-9900,0.0,0.0
2023,1,30,3,60,0.0,0.0,0.0,0.0,0.0,5,10.1,7.2,82,1006.3,61,1.6,-9900,-9900,0.0,0.0
2023,1,30,4,60,0.0,0.0,0.0,0.0,0.0,5,10.5,5.1,69,1006.3,66,2.1,-9900,-9900,0.0,0.0
2023,1,30,5,60,0.0,0.0,0.0,0.0,0.0,5,10.4,5.2,70,1006.5,68,2.3,-9900,-9900,0.0,0.0
2023,1,30,6,60,0.0,0.0,0.0,0.0,0.0,5,10.8,4.0,63,1007.2,69,3.2,-9900,-9900,0.0,0.0
2023,1,30,7,60,0.0,0.0,0.0,0.0,0.0,5,10.9,3.7,61,1007.4,72,2.6,-9900,-9900,0.0,0.0
2023,1,30,8,60,0.0,0.0,0.0,0.0,0.0,5,11.8,3.8,58,1007.7,73,2.6,-9900,-9900,0.0,0.0
2023,1,30,9,60,0.0,0.0,0.0,0.0,0.0,5,13.6,3.4,50,1008.1,79,2.9,-9900,-9900,0.0,0.0
2023,1,30,10,60,0.0,0.0,0.0,0.0,0.0,5,14.3,3.1,47,1008.0,88,4.9,-9900,-9900,0.0,0.0
2023,1,30,11,60,0.0,0.0,0.0,0.0,0.0,5,15.3,3.7,46,1007.0,71,4.1,-9900,-9900,0.0,0.0
2023,1,30,12,60,0.0,0.0,0.0,0.0,0.0,5,16.2,4.2,45,1005.7,79,3.0,-9900,-9900,0.0,0.0
2023,1,30,13,60,0.0,0.0,0.0,0.0,0.0,5,16.8,5.1,46,1004.3,91,2.9,-9900,-9900,0.0,0.0
2023,1,30,14,60,0.0,0.0,0.0,0.0,0.0,5,16.9,5.5,47,1003.1,80,2.9,-9900,-9900,0.0,0.0
2023,1,30,15,60,0.0,0.0,0.0,0.0,0.0,5,16.8,5.7,48,1003.1,77,3.8,-9900,-9900,0.0,0.0
2023,1,30,16,60,0.0,0.0,0.0,0.0,0.0,5,15.8,6.0,52,1003.1,82,3.6,-9900,-9900,0.0,0.0
2023,1,30,17,60,0.0,0.0,0.0,0.0,0.0,5,15.1,6.1,55,1003.6,84,3.5,-9900,-9900,0.0,0.0
2023,1,30,18,60,0.0,0.0,0.0,0.0,0.0,5,14.1,6.4,60,1003.9,82,3.1,-9900,-9900,0.0,0.0
2023,1,30,19,60,0.0,0.0,0.0,0.0,0.0,5,13.6,6.2,61,1004.0,83,3.8,-9900,-9900,0.0,0.0
2023,1,30,20,60,0.0,0.0,0.0,0.0,0.0,5,13.3,6.4,63,1003.9,87,3.5,-9900,-9900,0.0,0.0
2023,1,30,21,60,0.0,0.0,0.0,0.0,0.0,5,13.2,6.8,65,1003.8,92,3.5,-9900,-9900,0.0,0.0
2023,1,30,22,60,0.0,0.0,0.0,0.0,0.0,5,12.9,6.9,67,1003.3,95,3.0,-9900,-9900,0.0,0.0
2023,1,30,23,60,0.0,0.0,0.0,0.0,0.0,5,12.9,6.9,67,1003.0,91,3.1,-9900,-9900,0.0,0.0
2023,1,30,24,60,0.0,0.0,0.0,0.0,0.0,5,12.8,7.0,68,1002.5,89,2.7,-9900,-9900,0.0,0.0
2023,1,31,1,60,0.0,0.0,0.0,0.0,0.0,5,13.0,7.2,68,1002.0,98,3.9,-9900,-9900,0.0,0.0
2023,1,31,2,60,0.0,0.0,0.0,0.0,0.0,5,12.7,6.5,66,1001.8,129,1.9,-9900,-9900,0.0,0.0
2023,1,31,3,60,0.0,0.0,0.0,0.0,0.0,5,11.2,6.9,75,1001.8,139,1.0,-9900,-9900,0.0,0.0
2023,1,31,4,60,0.0,0.0,0.0,0.0,0.0,5,11.2,6.7,74,1001.8,124,1.2,-9900,-9900,0.0,0.0
2023,1,31,5,60,0.0,0.0,0.0,0.0,0.0,5,11.1,6.0,71,1001.9,133,1.8,-9900,-9900,0.0,0.0
2023,1,31,6,60,0.0,0.0,0.0,0.0,0.0,5,11.3,5.4,67,1002.4,164,1.3,-9900,-9900,0.0,0.0
2023,1,31,7,60,0.0,0.0,0.0,0.0,0.0,5,11.2,5.1,66,1002.5,150,0.8,-9900,-9900,0.0,0.0
2023,1,31,8,60,0.0,0.0,0.0,0.0,0.0,5,12.6,3.8,55,1002.8,137,1.1,-9900,-9900,0.0,0.0
2023,1,31,9,60,0.0,0.0,0.0,0.0,0.0,5,15.0,2.5,43,1003.0,121,0.8,-9900,-9900,0.0,0.0
2023,1,31,10,60,0.0,0.0,0.0,0.0,0.0,5,18.1,2.8,36,1002.9,132,0.5,-9900,-9900,0.0,0.0
2023,1,31,11,60,0.0,0.0,0.0,0.0,0.0,5,19.0,3.2,35,1002.0,108,0.9,-9900,-9900,0.0,0.0
2023,1,31,12,60,0.0,0.0,0.0,0.0,0.0,5,20.7,3.8,33,1000.5,0,0.0,-9900,-9900,0.0,0.0
2023,1,31,13,60,0.0,0.0,0.0,0.0,0.0,5,20.8,7.1,41,999.1,3,1.2,-9900,-9900,0.0,0.0
2023,1,31,14,60,0.0,0.0,0.0,0.0,0.0,5,20.4,9.6,50,998.3,336,1.4,-9900,-9900,0.0,0.0
2023,1,31,15,60,0.0,0.0,0.0,0.0,0.0,5,18.8,10.9,60,998.5,347,2.0,-9900,-9900,0.0,0.0
2023,1,31,16,60,0.0,0.0,0.0,0.0,0.0,5,18.7,10.5,59,998.9,328,1.4,-9900,-9900,0.0,0.0
2023,1,31,17,60,0.0,0.0,0.0,0.0,0.0,5,17.5,8.6,56,999.5,288,1.4,-9900,-9900,0.0,0.0
2023,1,31,18,60,0.0,0.0,0.0,0.0,0.0,5,15.6,9.5,67,1000.0,265,1.9,-9900,-9900,0.0,0.0
2023,1,31,19,60,0.0,0.0,0.0,0.0,0.0,5,15.2,11.0,76,1000.2,265,0.3,-9900,-9900,0.0,0.0
2023,1,31,20,60,0.0,0.0,0.0,0.0,0.0,5,14.8,11.2,79,1000.4,0,0.2,-9900,-9900,0.0,0.0
2023,1,31,21,60,0.0,0.0,0.0,0.0,0.0,5,14.3,11.8,85,1000.2,121,1.3,-9900,-9900,0.0,0.0
2023,1,31,22,60,0.0,0.0,0.0,0.0,0.0,5,13.4,11.8,90,1000.1,126,1.6,-9900,-9900,0.0,0.0
2023,1,31,23,60,0.0,0.0,0.0,0.0,0.0,5,13.7,11.4,86,999.7,137,1.4,-9900,-9900,0.0,0.0
2023,1,31,24,60,0.0,0.0,0.0,0.0,0.0,5,13.6,10.8,83,999.5,130,1.0,-9900,-9900,0.0,0.0
2023,2,1,1,60,0.0,0.0,0.0,0.0,0.0,5,13.4,9.4,77,999.5,267,0.7,-9900,-9900,0.0,0.0
2023,2,1,2,60,0.0,0.0,0.0,0.0,0.0,5,12.9,9.5,80,999.2,142,0.9,-9900,-9900,0.0,0.0
2023,2,1,3,60,0.0,0.0,0.0,0.0,0.0,5,12.3,9.9,85,999.4,124,1.9,-9900,-9900,0.0,0.0
2023,2,1,4,60,0.0,0.0,0.0,0.0,0.0,5,12.5,9.9,84,999.8,137,0.9,-9900,-9900,0.0,0.0
2023,2,1,5,60,0.0,0.0,0.0,0.0,0.0,5,12.4,10.8,90,1000.0,136,0.9,-9900,-9900,0.0,0.0
2023,2,1,6,60,0.0,0.0,0.0,0.0,0.0,5,12.0,10.6,91,1000.6,126,2.2,-9900,-9900,0.0,0.0
2023,2,1,7,60,0.0,0.0,0.0,0.0,0.0,5,12.3,9.9,85,1001.2,141,0.9,-9900,-9900,0.0,0.0
2023,2,1,8,60,0.0,0.0,0.0,0.0,0.0,5,13.5,9.0,74,1001.8,128,1.7,-9900,-9900,0.0,0.0
2023,2,1,9,60,0.0,0.0,0.0,0.0,0.0,5,15.4,10.2,71,1001.9,131,1.4,-9900,-9900,0.0,0.0
2023,2,1,10,60,0.0,0.0,0.0,0.0,0.0,5,18.5,10.1,58,1001.5,91,0.4,-9900,-9900,0.0,0.0
2023,2,1,11,60,0.0,0.0,0.0,0.0,0.0,5,20.8,10.3,51,1001.1,53,0.9,-9900,-9900,0.0,0.0
2023,2,1,12,60,0.0,0.0,0.0,0.0,0.0,5,21.2,8.5,44,999.9,67,0.7,-9900,-9900,0.0,0.0
2023,2,1,13,60,0.0,0.0,0.0,0.0,0.0,5,21.5,8.0,42,999.1,67,0.5,-9900,-9900,0.0,0.0
2023,2,1,14,60,0.0,0.0,0.0,0.0,0.0,5,19.7,10.7,56,998.7,355,2.0,-9900,-9900,0.0,0.0
2023,2,1,15,60,0.0,0.0,0.0,0.0,0.0,5,19.9,11.1,57,998.6,9,0.9,-9900,-9900,0.0,0.0
2023,2,1,16,60,0.0,0.0,0.0,0.0,0.0,5,19.6,10.3,55,999.1,344,1.1,-9900,-9900,0.0,0.0
2023,2,1,17,60,0.0,0.0,0.0,0.0,0.0,5,18.9,10.7,59,999.5,25,1.5,-9900,-9900,0.0,0.0
2023,2,1,18,60,0.0,0.0,0.0,0.0,0.0,5,17.9,11.2,65,999.9,53,0.8,-9900,-9900,0.0,0.0
2023,2,1,19,60,0.0,0.0,0.0,0.0,0.0,5,18.1,10.7,62,1000.1,90,0.7,-9900,-9900,0.0,0.0
2023,2,1,20,60,0.0,0.0,0.0,0.0,0.0,5,17.8,10.7,63,1000.7,70,0.8,-9900,-9900,0.0,0.0
2023,2,1,21,60,0.0,0.0,0.0,0.0,0.0,5,18.5,11.1,62,1000.9,75,1.1,-9900,-9900,0.0,0.0
2023,2,1,22,60,0.0,0.0,0.0,0.0,0.0,5,17.7,11.7,68,1001.0,127,0.9,-9900,-9900,0.0,0.0
2023,2,1,23,60,0.0,0.0,0.0,0.0,0.0,5,17.4,12.7,74,1001.2,169,0.5,-9900,-9900,0.0,0.0
2023,2,1,24,60,0.0,0.0,0.0,0.0,0.0,5,17.0,13.3,79,1001.4,14,2.1,-9900,-9900,0.0,0.0
2023,2,2,1,60,0.0,0.0,0.0,0.0,0.0,5,16.3,15.8,97,1001.9,29,2.4,-9900,-9900,0.0,0.0
2023,2,2,2,60,0.0,0.0,0.0,0.0,0.0,5,16.4,15.3,93,1002.1,52,1.9,-9900,-9900,0.0,0.0
2023,2,2,3,60,0.0,0.0,0.0,0.0,0.0,5,16.3,15.5,95,1002.1,43,1.9,-9900,-9900,0.0,0.0
2023,2,2,4,60,0.0,0.0,0.0,0.0,0.0,5,16.0,15.2,95,1002.0,46,2.5,-9900,-9900,0.0,0.0
2023,2,2,5,60,0.0,0.0,0.0,0.0,0.0,5,16.0,15.0,94,1002.7,45,2.3,-9900,-9900,0.0,0.0
2023,2,2,6,60,0.0,0.0,0.0,0.0,0.0,5,15.8,14.8,94,1003.9,41,2.6,-9900,-9900,0.0,0.0
2023,2,2,7,60,0.0,0.0,0.0,0.0,0.0,5,15.5,14.9,96,1004.6,36,3.5,-9900,-9900,0.0,0.0
2023,2,2,8,60,0.0,0.0,0.0,0.0,0.0,5,15.9,14.8,93,1005.0,45,1.8,-9900,-9900,0.0,0.0
2023,2,2,9,60,0.0,0.0,0.0,0.0,0.0,5,16.0,14.5,91,1005.4,53,2.3,-9900,-9900,0.0,0.0
2023,2,2,10,60,0.0,0.0,0.0,0.0,0.0,5,16.2,14.4,89,1005.4,52,1.8,-9900,-9900,0.0,0.0
2023,2,2,11,60,0.0,0.0,0.0,0.0,0.0,5,16.2,14.4,89,1004.9,60,1.8,-9900,-9900,0.0,0.0
2023,2,2,12,60,0.0,0.0,0.0,0.0,0.0,5,15.6,14.0,90,1004.2,39,3.2,-9900,-9900,0.0,0.0
2023,2,2,13,60,0.0,0.0,0.0,0.0,0.0,5,15.1,13.6,91,1003.5,37,3.6,-9900,-9900,0.0,0.0
2023,2,2,14,60,0.0,0.0,0.0,0.0,0.0,5,14.9,13.1,89,1003.0,42,2.8,-9900,-9900,0.0,0.0
2023,2,2,15,60,0.0,0.0,0.0,0.0,0.0,5,14.8,13.0,89,1002.7,44,2.7,-9900,-9900,0.0,0.0
2023,2,2,16,60,0.0,0.0,0.0,0.0,0.0,5,15.2,13.0,87,1002.9,52,1.6,-9900,-9900,0.0,0.0
2023,2,2,17,60,0.0,0.0,0.0,0.0,0.0,5,15.7,12.8,83,1003.0,80,2.8,-9900,-9900,0.0,0.0
2023,2,2,18,60,0.0,0.0,0.0,0.0,0.0,5,15.3,13.1,87,1003.0,80,3.1,-9900,-9900,0.0,0.0
2023,2,2,19,60,0.0,0.0,0.0,0.0,0.0,5,15.2,13.2,88,1003.2,70,2.5,-9900,-9900,0.0,0.0
2023,2,2,20,60,0.0,0.0,0.0,0.0,0.0,5,15.3,13.3,88,1003.5,72,2.3,-9900,-9900,0.0,0.0
2023,2,2,21,60,0.0,0.0,0.0,0.0,0.0,5,15.3,13.5,89,1003.5,82,2.9,-9900,-9900,0.0,0.0
2023,2,2,22,60,0.0,0.0,0.0,0.0,0.0,5,15.0,13.5,91,1003.1,82,3.2,-9900,-9900,0.0,0.0
2023,2,2,23,60,0.0,0.0,0.0,0.0,0.0,5,15.0,13.5,91,1002.9,72,3.5,-9900,-9900,0.0,0.0
2023,2,2,24,60,0.0,0.0,0.0,0.0,0.0,5,15.1,13.5,90,1002.6,70,2.5,-9900,-9900,0.0,0.0
2023,2,3,1,60,0.0,0.0,0.0,0.0,0.0,5,15.2,13.2,88,1002.3,67,2.6,-9900,-9900,0.0,0.0
2023,2,3,2,60,0.0,0.0,0.0,0.0,0.0,5,15.3,13.1,87,1001.9,68,2.1,-9900,-9900,0.0,0.0
2023,2,3,3,60,0.0,0.0,0.0,0.0,0.0,5,15.5,13.2,86,1001.6,60,3.2,-9900,-9900,0.0,0.0
2023,2,3,4,60,0.0,0.0,0.0,0.0,0.0,5,15.6,13.1,85,1001.6,62,2.6,-9900,-9900,0.0,0.0
2023,2,3,5,60,0.0,0.0,0.0,0.0,0.0,5,15.7,13.0,84,1001.9,61,2.5,-9900,-9900,0.0,0.0
2023,2,3,6,60,0.0,0.0,0.0,0.0,0.0,5,15.1,13.3,89,1002.8,38,1.5,-9900,-9900,0.0,0.0
2023,2,3,7,60,0.0,0.0,0.0,0.0,0.0,5,15.1,13.3,89,1003.4,50,0.8,-9900,-9900,0.0,0.0
2023,2,3,8,60,0.0,0.0,0.0,0.0,0.0,5,16.1,13.4,84,1003.7,76,2.3,-9900,-9900,0.0,0.0
2023,2,3,9,60,0.0,0.0,0.0,0.0,0.0,5,16.8,13.5,81,1004.0,80,2.3,-9900,-9900,0.0,0.0
2023,2,3,10,60,0.0,0.0,0.0,0.0,0.0,5,17.6,13.3,76,1003.7,84,3.9,-9900,-9900,0.0,0.0
2023,2,3,11,60,0.0,0.0,0.0,0.0,0.0,5,18.2,13.5,74,1003.1,72,3.0,-9900,-9900,0.0,0.0
2023,2,3,12,60,0.0,0.0,0.0,0.0,0.0,5,18.4,13.7,74,1002.4,86,3.3,-9900,-9900,0.0,0.0
2023,2,3,13,60,0.0,0.0,0.0,0.0,0.0,5,18.7,13.8,73,1001.7,81,2.4,-9900,-9900,0.0,0.0
2023,2,3,14,60,0.0,0.0,0.0,0.0,0.0,5,18.7,13.8,73,1001.2,81,1.9,-9900,-9900,0.0,0.0
2023,2,3,15,60,0.0,0.0,0.0,0.0,0.0,5,17.9,13.8,77,1001.1,80,3.2,-9900,-9900,0.0,0.0
2023,2,3,16,60,0.0,0.0,0.0,0.0,0.0,5,17.3,13.8,80,1001.4,76,2.1,-9900,-9900,0.0,0.0
2023,2,3,17,60,0.0,0.0,0.0,0.0,0.0,5,16.5,14.0,85,1001.1,69,3.8,-9900,-9900,0.0,0.0
2023,2,3,18,60,0.0,0.0,0.0,0.0,0.0,5,16.0,14.2,89,1001.3,72,2.9,-9900,-9900,0.0,0.0
2023,2,3,19,60,0.0,0.0,0.0,0.0,0.0,5,15.7,14.2,91,1001.5,80,4.4,-9900,-9900,0.0,0.0
2023,2,3,20,60,0.0,0.0,0.0,0.0,0.0,5,15.7,14.2,91,1001.9,76,4.2,-9900,-9900,0.0,0.0
2023,2,3,21,60,0.0,0.0,0.0,0.0,0.0,5,15.8,14.0,89,1001.8,89,4.2,-9900,-9900,0.0,0.0
2023,2,3,22,60,0.0,0.0,0.0,0.0,0.0,5,16.0,13.8,87,1001.3,81,3.7,-9900,-9900,0.0,0.0
2023,2,3,23,60,0.0,0.0,0.0,0.0,0.0,5,15.8,13.8,88,1001.4,89,4.4,-9900,-9900,0.0,0.0
2023,2,3,24,60,0.0,0.0,0.0,0.0,0.0,5,16.1,13.8,86,1001.5,84,3.6,-9900,-9900,0.0,0.0
2023,2,4,1,60,0.0,0.0,0.0,0.0,0.0,5,16.0,13.8,87,1000.8,92,4.6,-9900,-9900,0.0,0.0
2023,2,4,2,60,0.0,0.0,0.0,0.0,0.0,5,15.9,13.9,88,1000.9,84,2.5,-9900,-9900,0.0,0.0
2023,2,4,3,60,0.0,0.0,0.0,0.0,0.0,5,15.9,14.1,89,1000.8,83,2.7,-9900,-9900,0.0,0.0
2023,2,4,4,60,0.0,0.0,0.0,0.0,0.0,5,15.8,14.5,92,1000.6,86,3.3,-9900,-9900,0.0,0.0
2023,2,4,5,60,0.0,0.0,0.0,0.0,0.0,5,15.9,14.4,91,1001.4,69,2.2,-9900,-9900,0.0,0.0
2023,2,4,6,60,0.0,0.0,0.0,0.0,0.0,5,15.8,14.5,92,1000.8,92,4.4,-9900,-9900,0.0,0.0
2023,2,4,7,60,0.0,0.0,0.0,0.0,0.0,5,15.6,14.5,93,1001.3,73,2.5,-9900,-9900,0.0,0.0
2023,2,4,8,60,0.0,0.0,0.0,0.0,0.0,5,15.9,14.4,91,1002.0,68,2.8,-9900,-9900,0.0,0.0
2023,2,4,9,60,0.0,0.0,0.0,0.0,0.0,5,16.7,14.2,85,1001.8,83,3.6,-9900,-9900,0.0,0.0
2023,2,4,10,60,0.0,0.0,0.0,0.0,0.0,5,17.6,14.1,80,1001.7,93,4.3,-9900,-9900,0.0,0.0
2023,2,4,11,60,0.0,0.0,0.0,0.0,0.0,5,17.9,14.6,81,1001.6,91,3.8,-9900,-9900,0.0,0.0
2023,2,4,12,60,0.0,0.0,0.0,0.0,0.0,5,18.5,15.0,80,1001.2,72,2.4,-9900,-9900,0.0,0.0
2023,2,4,13,60,0.0,0.0,0.0,0.0,0.0,5,18.2,15.5,84,1000.2,83,4.0,-9900,-9900,0.0,0.0
2023,2,4,14,60,0.0,0.0,0.0,0.0,0.0,5,17.9,16.1,89,1000.1,74,2.2,-9900,-9900,0.0,0.0
2023,2,4,15,60,0.0,0.0,0.0,0.0,0.0,5,17.6,16.3,92,999.9,65,2.8,-9900,-9900,0.0,0.0
2023,2,4,16,60,0.0,0.0,0.0,0.0,0.0,5,17.5,16.4,93,999.7,78,2.2,-9900,-9900,0.0,0.0
2023,2,4,17,60,0.0,0.0,0.0,0.0,0.0,5,17.4,16.3,93,1000.4,73,2.2,-9900,-9900,0.0,0.0
2023,2,4,18,60,0.0,0.0,0.0,0.0,0.0,5,16.8,16.5,98,1000.9,49,1.2,-9900,-9900,0.0,0.0
2023,2,4,19,60,0.0,0.0,0.0,0.0,0.0,5,17.0,16.2,95,1001.0,59,2.5,-9900,-9900,0.0,0.0
2023,2,4,20,60,0.0,0.0,0.0,0.0,0.0,5,16.7,16.1,96,1001.2,73,2.4,-9900,-9900,0.0,0.0
2023,2,4,21,60,0.0,0.0,0.0,0.0,0.0,5,16.4,15.8,96,1001.0,75,3.8,-9900,-9900,0.0,0.0
2023,2,4,22,60,0.0,0.0,0.0,0.0,0.0,5,16.8,15.5,92,1000.6,84,4.2,-9900,-9900,0.0,0.0
2023,2,4,23,60,0.0,0.0,0.0,0.0,0.0,5,17.1,15.4,90,1000.4,85,4.4,-9900,-9900,0.0,0.0
2023,2,4,24,60,0.0,0.0,0.0,0.0,0.0,5,16.7,15.9,95,1000.1,70,3.0,-9900,-9900,0.0,0.0
2023,2,5,1,60,0.0,0.0,0.0,0.0,0.0,5,16.9,16.1,95,1000.0,79,3.1,-9900,-9900,0.0,0.0
2023,2,5,2,60,0.0,0.0,0.0,0.0,0.0,5,16.8,16.3,97,999.6,73,3.2,-9900,-9900,0.0,0.0
2023,2,5,3,60,0.0,0.0,0.0,0.0,0.0,5,16.6,16.3,98,999.3,41,1.4,-9900,-9900,0.0,0.0
2023,2,5,4,60,0.0,0.0,0.0,0.0,0.0,5,16.3,16.1,99,999.2,5,1.3,-9900,-9900,0.0,0.0
2023,2,5,5,60,0.0,0.0,0.0,0.0,0.0,5,16.4,16.2,99,999.7,29,2.2,-9900,-9900,0.0,0.0
2023,2,5,6,60,0.0,0.0,0.0,0.0,0.0,5,16.4,16.2,99,1000.2,90,0.9,-9900,-9900,0.0,0.0
2023,2,5,7,60,0.0,0.0,0.0,0.0,0.0,5,16.7,16.5,99,1001.4,311,0.7,-9900,-9900,0.0,0.0
2023,2,5,8,60,0.0,0.0,0.0,0.0,0.0,5,16.4,16.2,99,1001.4,130,1.5,-9900,-9900,0.0,0.0
2023,2,5,9,60,0.0,0.0,0.0,0.0,0.0,5,16.7,16.5,99,1001.8,306,0.7,-9900,-9900,0.0,0.0
2023,2,5,10,60,0.0,0.0,0.0,0.0,0.0,5,17.1,16.9,99,1001.4,20,0.5,-9900,-9900,0.0,0.0
2023,2,5,11,60,0.0,0.0,0.0,0.0,0.0,5,17.5,17.3,99,1000.7,10,1.1,-9900,-9900,0.0,0.0
2023,2,5,12,60,0.0,0.0,0.0,0.0,0.0,5,17.2,17.0,99,999.3,25,2.0,-9900,-9900,0.0,0.0
2023,2,5,13,60,0.0,0.0,0.0,0.0,0.0,5,17.1,16.9,99,998.3,30,2.6,-9900,-9900,0.0,0.0
2023,2,5,14,60,0.0,0.0,0.0,0.0,0.0,5,17.4,17.2,99,997.7,9,1.9,-9900,-9900,0.0,0.0
2023,2,5,15,60,0.0,0.0,0.0,0.0,0.0,5,16.7,16.5,99,997.3,11,1.4,-9900,-9900,0.0,0.0
2023,2,5,16,60,0.0,0.0,0.0,0.0,0.0,5,15.7,15.5,99,998.2,357,1.5,-9900,-9900,0.0,0.0
2023,2,5,17,60,0.0,0.0,0.0,0.0,0.0,5,14.6,14.4,99,998.7,359,2.9,-9900,-9900,0.0,0.0
2023,2,5,18,60,0.0,0.0,0.0,0.0,0.0,5,14.6,14.4,99,999.1,30,2.1,-9900,-9900,0.0,0.0
2023,2,5,19,60,0.0,0.0,0.0,0.0,0.0,5,14.9,14.7,99,999.8,334,1.1,-9900,-9900,0.0,0.0
2023,2,5,20,60,0.0,0.0,0.0,0.0,0.0,5,14.7,14.5,99,1000.0,338,1.3,-9900,-9900,0.0,0.0
2023,2,5,21,60,0.0,0.0,0.0,0.0,0.0,5,14.8,14.6,99,1000.0,318,1.1,-9900,-9900,0.0,0.0
2023,2,5,22,60,0.0,0.0,0.0,0.0,0.0,5,14.7,14.5,99,999.9,324,0.8,-9900,-9900,0.0,0.0
2023,2,5,23,60,0.0,0.0,0.0,0.0,0.0,5,14.4,14.2,99,999.7,6,1.1,-9900,-9900,0.0,0.0
2023,2,5,24,60,0.0,0.0,0.0,0.0,0.0,5,13.6,13.4,99,999.8,359,1.5,-9900,-9900,0.0,0.0
2023,2,6,1,60,0.0,0.0,0.0,0.0,0.0,5,13.6,13.4,99,999.9,341,1.0,-9900,-9900,0.0,0.0
2023,2,6,2,60,0.0,0.0,0.0,0.0,0.0,5,13.2,13.0,99,999.8,330,1.4,-9900,-9900,0.0,0.0
2023,2,6,3,60,0.0,0.0,0.0,0.0,0.0,5,13.3,13.1,99,999.5,0,0.0,-9900,-9900,0.0,0.0
2023,2,6,4,60,0.0,0.0,0.0,0.0,0.0,5,13.8,13.6,99,999.4,144,1.1,-9900,-9900,0.0,0.0
2023,2,6,5,60,0.0,0.0,0.0,0.0,0.0,5,13.8,13.6,99,998.3,134,2.2,-9900,-9900,0.0,0.0
2023,2,6,6,60,0.0,0.0,0.0,0.0,0.0,5,14.4,14.2,99,999.5,315,1.9,-9900,-9900,0.0,0.0
2023,2,6,7,60,0.0,0.0,0.0,0.0,0.0,5,13.8,13.6,99,999.6,0,0.2,-9900,-9900,0.0,0.0
2023,2,6,8,60,0.0,0.0,0.0,0.0,0.0,5,14.2,14.0,99,999.1,146,0.7,-9900,-9900,0.0,0.0
2023,2,6,9,60,0.0,0.0,0.0,0.0,0.0,5,13.8,13.6,99,1000.2,318,2.4,-9900,-9900,0.0,0.0
2023,2,6,10,60,0.0,0.0,0.0,0.0,0.0,5,13.7,13.5,99,999.5,27,1.4,-9900,-9900,0.0,0.0
2023,2,6,11,60,0.0,0.0,0.0,0.0,0.0,5,14.0,13.8,99,999.9,317,2.5,-9900,-9900,0.0,0.0
2023,2,6,12,60,0.0,0.0,0.0,0.0,0.0,5,14.4,14.2,99,998.0,37,0.8,-9900,-9900,0.0,0.0
2023,2,6,13,60,0.0,0.0,0.0,0.0,0.0,5,15.3,15.1,99,997.1,9,0.6,-9900,-9900,0.0,0.0
2023,2,6,14,60,0.0,0.0,0.0,0.0,0.0,5,16.7,16.5,99,996.3,15,0.3,-9900,-9900,0.0,0.0
2023,2,6,15,60,0.0,0.0,0.0,0.0,0.0,5,17.5,16.7,95,995.8,84,0.3,-9900,-9900,0.0,0.0
2023,2,6,16,60,0.0,0.0,0.0,0.0,0.0,5,18.5,17.3,93,995.5,116,0.6,-9900,-9900,0.0,0.0
2023,2,6,17,60,0.0,0.0,0.0,0.0,0.0,5,16.1,15.9,99,995.9,318,0.6,-9900,-9900,0.0,0.0
2023,2,6,18,60,0.0,0.0,0.0,0.0,0.0,5,15.9,15.7,99,996.3,358,0.7,-9900,-9900,0.0,0.0
2023,2,6,19,60,0.0,0.0,0.0,0.0,0.0,5,15.1,14.9,99,996.7,20,0.8,-9900,-9900,0.0,0.0
2023,2,6,20,60,0.0,0.0,0.0,0.0,0.0,5,15.0,14.8,99,997.3,318,0.6,-9900,-9900,0.0,0.0
2023,2,6,21,60,0.0,0.0,0.0,0.0,0.0,5,14.7,14.5,99,997.2,3,0.7,-9900,-9900,0.0,0.0
2023,2,6,22,60,0.0,0.0,0.0,0.0,0.0,5,15.1,14.9,99,997.0,0,0.0,-9900,-9900,0.0,0.0
2023,2,6,23,60,0.0,0.0,0.0,0.0,0.0,5,15.6,15.4,99,997.2,0,0.0,-9900,-9900,0.0,0.0
2023,2,6,24,60,0.0,0.0,0.0,0.0,0.0,5,16.1,15.9,99,997.7,202,0.3,-9900,-9900,0.0,0.0
2023,2,7,1,60,0.0,0.0,0.0,0.0,0.0,5,15.3,15.1,99,998.0,319,0.5,-9900,-9900,0.0,0.0
2023,2,7,2,60,0.0,0.0,0.0,0.0,0.0,5,15.3,15.1,99,998.1,36,0.6,-9900,-9900,0.0,0.0
2023,2,7,3,60,0.0,0.0,0.0,0.0,0.0,5,15.2,15.0,99,998.4,18,0.6,-9900,-9900,0.0,0.0
2023,2,7,4,60,0.0,0.0,0.0,0.0,0.0,5,15.2,15.0,99,998.4,346,0.9,-9900,-9900,0.0,0.0
2023,2,7,5,60,0.0,0.0,0.0,0.0,0.0,5,15.1,14.9,99,998.6,34,1.0,-9900,-9900,0.0,0.0
2023,2,7,6,60,0.0,0.0,0.0,0.0,0.0,5,15.1,14.9,99,999.2,6,1.3,-9900,-9900,0.0,0.0
2023,2,7,7,60,0.0,0.0,0.0,0.0,0.0,5,15.2,15.0,99,999.6,15,0.7,-9900,-9900,0.0,0.0
2023,2,7,8,60,0.0,0.0,0.0,0.0,0.0,5,15.6,15.4,99,1000.1,36,0.3,-9900,-9900,0.0,0.0
2023,2,7,9,60,0.0,0.0,0.0,0.0,0.0,5,16.1,15.9,99,1000.9,9,1.2,-9900,-9900,0.0,0.0
2023,2,7,10,60,0.0,0.0,0.0,0.0,0.0,5,16.0,15.8,99,1001.2,20,1.8,-9900,-9900,0.0,0.0
2023,2,7,11,60,0.0,0.0,0.0,0.0,0.0,5,16.4,16.2,99,1000.7,6,1.7,-9900,-9900,0.0,0.0
2023,2,7,12,60,0.0,0.0,0.0,0.0,0.0,5,19.2,17.9,92,1000.2,15,1.5,-9900,-9900,0.0,0.0
2023,2,7,13,60,0.0,0.0,0.0,0.0,0.0,5,16.4,16.2,99,999.8,3,2.0,-9900,-9900,0.0,0.0
2023,2,7,14,60,0.0,0.0,0.0,0.0,0.0,5,15.5,15.3,99,999.5,31,2.8,-9900,-9900,0.0,0.0
2023,2,7,15,60,0.0,0.0,0.0,0.0,0.0,5,15.8,15.6,99,999.1,36,2.6,-9900,-9900,0.0,0.0
2023,2,7,16,60,0.0,0.0,0.0,0.0,0.0,5,15.9,15.7,99,999.2,34,2.5,-9900,-9900,0.0,0.0
2023,2,7,17,60,0.0,0.0,0.0,0.0,0.0,5,15.8,15.6,99,999.4,35,3.0,-9900,-9900,0.0,0.0
2023,2,7,18,60,0.0,0.0,0.0,0.0,0.0,5,15.8,15.6,99,999.8,31,1.6,-9900,-9900,0.0,0.0
2023,2,7,19,60,0.0,0.0,0.0,0.0,0.0,5,17.3,17.1,99,1000.1,68,2.1,-9900,-9900,0.0,0.0
2023,2,7,20,60,0.0,0.0,0.0,0.0,0.0,5,17.4,16.6,95,1000.9,71,2.8,-9900,-9900,0.0,0.0
2023,2,7,21,60,0.0,0.0,0.0,0.0,0.0,5,17.4,16.6,95,1001.3,62,2.7,-9900,-9900,0.0,0.0
2023,2,7,22,60,0.0,0.0,0.0,0.0,0.0,5,17.1,16.3,95,1001.3,72,3.1,-9900,-9900,0.0,0.0
2023,2,7,23,60,0.0,0.0,0.0,0.0,0.0,5,17.0,16.2,95,1001.3,70,3.2,-9900,-9900,0.0,0.0
2023,2,7,24,60,0.0,0.0,0.0,0.0,0.0,5,16.9,16.1,95,1001.0,63,2.5,-9900,-9900,0.0,0.0
2023,2,8,1,60,0.0,0.0,0.0,0.0,0.0,5,16.9,16.1,95,1000.7,76,3.3,-9900,-9900,0.0,0.0
2023,2,8,2,60,0.0,0.0,0.0,0.0,0.0,5,16.8,16.3,97,1000.6,70,3.4,-9900,-9900,0.0,0.0
2023,2,8,3,60,0.0,0.0,0.0,0.0,0.0,5,16.7,15.9,95,1000.3,76,2.1,-9900,-9900,0.0,0.0
2023,2,8,4,60,0.0,0.0,0.0,0.0,0.0,5,16.8,16.0,95,1000.2,79,2.6,-9900,-9900,0.0,0.0
2023,2,8,5,60,0.0,0.0,0.0,0.0,0.0,5,16.9,16.3,96,1000.7,61,2.7,-9900,-9900,0.0,0.0
2023,2,8,6,60,0.0,0.0,0.0,0.0,0.0,5,17.0,16.4,96,1001.2,68,2.4,-9900,-9900,0.0,0.0
2023,2,8,7,60,0.0,0.0,0.0,0.0,0.0,5,17.2,16.6,96,1001.4,73,2.9,-9900,-9900,0.0,0.0
2023,2,8,8,60,0.0,0.0,0.0,0.0,0.0,5,17.5,16.5,94,1002.0,76,3.0,-9900,-9900,0.0,0.0
2023,2,8,9,60,0.0,0.0,0.0,0.0,0.0,5,18.4,16.7,90,1002.3,73,3.3,-9900,-9900,0.0,0.0
2023,2,8,10,60,0.0,0.0,0.0,0.0,0.0,5,19.2,16.8,86,1002.0,74,3.1,-9900,-9900,0.0,0.0
2023,2,8,11,60,0.0,0.0,0.0,0.0,0.0,5,19.8,17.0,84,1001.5,86,2.4,-9900,-9900,0.0,0.0
2023,2,8,12,60,0.0,0.0,0.0,0.0,0.0,5,20.3,17.1,82,1000.8,73,2.7,-9900,-9900,0.0,0.0
2023,2,8,13,60,0.0,0.0,0.0,0.0,0.0,5,21.2,17.4,79,999.8,57,3.2,-9900,-9900,0.0,0.0
2023,2,8,14,60,0.0,0.0,0.0,0.0,0.0,5,22.0,17.6,76,999.3,90,2.3,-9900,-9900,0.0,0.0
2023,2,8,15,60,0.0,0.0,0.0,0.0,0.0,5,20.8,17.4,81,999.2,74,2.8,-9900,-9900,0.0,0.0
2023,2,8,16,60,0.0,0.0,0.0,0.0,0.0,5,20.0,17.2,84,999.5,70,2.9,-9900,-9900,0.0,0.0
2023,2,8,17,60,0.0,0.0,0.0,0.0,0.0,5,19.6,17.4,87,1000.1,49,2.8,-9900,-9900,0.0,0.0
2023,2,8,18,60,0.0,0.0,0.0,0.0,0.0,5,17.4,17.2,99,1000.4,28,2.2,-9900,-9900,0.0,0.0
2023,2,8,19,60,0.0,0.0,0.0,0.0,0.0,5,18.6,17.8,95,1000.4,76,2.9,-9900,-9900,0.0,0.0
2023,2,8,20,60,0.0,0.0,0.0,0.0,0.0,5,18.6,17.9,96,1000.4,67,2.5,-9900,-9900,0.0,0.0
2023,2,8,21,60,0.0,0.0,0.0,0.0,0.0,5,17.4,17.2,99,1000.6,14,1.0,-9900,-9900,0.0,0.0
2023,2,8,22,60,0.0,0.0,0.0,0.0,0.0,5,17.2,17.0,99,1001.4,336,1.1,-9900,-9900,0.0,0.0
2023,2,8,23,60,0.0,0.0,0.0,0.0,0.0,5,17.0,16.8,99,1001.4,17,1.7,-9900,-9900,0.0,0.0
2023,2,8,24,60,0.0,0.0,0.0,0.0,0.0,5,17.0,16.8,99,1001.5,327,1.4,-9900,-9900,0.0,0.0
2023,2,9,1,60,0.0,0.0,0.0,0.0,0.0,5,15.0,14.8,99,1001.8,347,1.7,-9900,-9900,0.0,0.0
2023,2,9,2,60,0.0,0.0,0.0,0.0,0.0,5,14.2,14.0,99,1001.6,360,1.6,-9900,-9900,0.0,0.0
2023,2,9,3,60,0.0,0.0,0.0,0.0,0.0,5,14.3,14.1,99,1001.3,333,1.6,-9900,-9900,0.0,0.0
2023,2,9,4,60,0.0,0.0,0.0,0.0,0.0,5,14.5,14.3,99,1001.0,349,0.8,-9900,-9900,0.0,0.0
2023,2,9,5,60,0.0,0.0,0.0,0.0,0.0,5,14.5,14.3,99,1000.5,14,1.3,-9900,-9900,0.0,0.0
2023,2,9,6,60,0.0,0.0,0.0,0.0,0.0,5,14.3,14.1,99,1001.0,4,1.1,-9900,-9900,0.0,0.0
2023,2,9,7,60,0.0,0.0,0.0,0.0,0.0,5,14.1,13.9,99,1001.2,26,1.4,-9900,-9900,0.0,0.0
2023,2,9,8,60,0.0,0.0,0.0,0.0,0.0,5,14.7,14.5,99,1001.1,0,0.0,-9900,-9900,0.0,0.0
2023,2,9,9,60,0.0,0.0,0.0,0.0,0.0,5,14.8,14.6,99,1001.2,316,2.0,-9900,-9900,0.0,0.0
2023,2,9,10,60,0.0,0.0,0.0,0.0,0.0,5,14.8,14.6,99,1000.6,15,0.9,-9900,-9900,0.0,0.0
2023,2,9,11,60,0.0,0.0,0.0,0.0,0.0,5,15.2,15.0,99,1000.3,314,3.0,-9900,-9900,0.0,0.0
2023,2,9,12,60,0.0,0.0,0.0,0.0,0.0,5,14.9,14.7,99,1000.1,311,2.1,-9900,-9900,0.0,0.0
2023,2,9,13,60,0.0,0.0,0.0,0.0,0.0,5,14.6,14.4,99,1000.1,287,1.2,-9900,-9900,0.0,0.0
2023,2,9,14,60,0.0,0.0,0.0,0.0,0.0,5,14.3,14.1,99,999.4,316,2.1,-9900,-9900,0.0,0.0
2023,2,9,15,60,0.0,0.0,0.0,0.0,0.0,5,14.2,14.0,99,998.7,341,0.7,-9900,-9900,0.0,0.0
2023,2,9,16,60,0.0,0.0,0.0,0.0,0.0,5,13.5,13.3,99,998.9,316,1.0,-9900,-9900,0.0,0.0
2023,2,9,17,60,0.0,0.0,0.0,0.0,0.0,5,13.9,13.7,99,999.1,326,0.3,-9900,-9900,0.0,0.0
2023,2,9,18,60,0.0,0.0,0.0,0.0,0.0,5,14.0,13.8,99,999.2,35,0.3,-9900,-9900,0.0,0.0
2023,2,9,19,60,0.0,0.0,0.0,0.0,0.0,5,13.9,13.7,99,999.1,359,0.4,-9900,-9900,0.0,0.0
2023,2,9,20,60,0.0,0.0,0.0,0.0,0.0,5,14.3,14.1,99,999.3,321,0.5,-9900,-9900,0.0,0.0
2023,2,9,21,60,0.0,0.0,0.0,0.0,0.0,5,15.2,15.0,99,999.9,137,0.8,-9900,-9900,0.0,0.0
2023,2,9,22,60,0.0,0.0,0.0,0.0,0.0,5,15.5,15.3,99,1000.1,126,0.7,-9900,-9900,0.0,0.0
2023,2,9,23,60,0.0,0.0,0.0,0.0,0.0,5,14.1,13.9,99,1000.1,358,0.7,-9900,-9900,0.0,0.0
2023,2,9,24,60,0.0,0.0,0.0,0.0,0.0,5,14.1,13.9,99,999.8,0,0.0,-9900,-9900,0.0,0.0
2023,2,10,1,60,0.0,0.0,0.0,0.0,0.0,5,14.6,14.4,99,999.8,125,0.8,-9900,-9900,0.0,0.0
2023,2,10,2,60,0.0,0.0,0.0,0.0,0.0,5,15.8,15.6,99,999.3,136,1.4,-9900,-9900,0.0,0.0
2023,2,10,3,60,0.0,0.0,0.0,0.0,0.0,5,16.3,16.1,99,999.1,149,0.8,-9900,-9900,0.0,0.0
2023,2,10,4,60,0.0,0.0,0.0,0.0,0.0,5,16.9,16.7,99,998.9,127,1.5,-9900,-9900,0.0,0.0
2023,2,10,5,60,0.0,0.0,0.0,0.0,0.0,5,17.0,16.8,99,998.8,128,1.3,-9900,-9900,0.0,0.0
2023,2,10,6,60,0.0,0.0,0.0,0.0,0.0,5,17.3,17.1,99,999.2,138,0.3,-9900,-9900,0.0,0.0
2023,2,10,7,60,0.0,0.0,0.0,0.0,0.0,5,16.3,16.1,99,999.8,325,0.7,-9900,-9900,0.0,0.0
2023,2,10,8,60,0.0,0.0,0.0,0.0,0.0,5,15.7,15.5,99,1000.0,92,1.0,-9900,-9900,0.0,0.0
2023,2,10,9,60,0.0,0.0,0.0,0.0,0.0,5,17.7,17.1,96,1000.8,60,0.8,-9900,-9900,0.0,0.0
2023,2,10,10,60,0.0,0.0,0.0,0.0,0.0,5,17.4,17.2,99,1001.8,325,1.0,-9900,-9900,0.0,0.0
2023,2,10,11,60,0.0,0.0,0.0,0.0,0.0,5,16.9,16.7,99,1001.7,13,1.4,-9900,-9900,0.0,0.0
2023,2,10,12,60,0.0,0.0,0.0,0.0,0.0,5,18.1,17.9,99,1000.7,74,0.8,-9900,-9900,0.0,0.0
2023,2,10,13,60,0.0,0.0,0.0,0.0,0.0,5,18.5,17.8,96,1000.0,34,0.8,-9900,-9900,0.0,0.0
2023,2,10,14,60,0.0,0.0,0.0,0.0,0.0,5,18.5,16.7,89,999.7,70,2.0,-9900,-9900,0.0,0.0
2023,2,10,15,60,0.0,0.0,0.0,0.0,0.0,5,16.0,15.8,99,999.7,33,2.9,-9900,-9900,0.0,0.0
2023,2,10,16,60,0.0,0.0,0.0,0.0,0.0,5,15.4,15.2,99,1000.1,36,1.9,-9900,-9900,0.0,0.0
2023,2,10,17,60,0.0,0.0,0.0,0.0,0.0,5,16.6,16.4,99,1000.0,91,3.3,-9900,-9900,0.0,0.0
2023,2,10,18,60,0.0,0.0,0.0,0.0,0.0,5,16.5,15.9,96,1000.1,89,3.4,-9900,-9900,0.0,0.0
2023,2,10,19,60,0.0,0.0,0.0,0.0,0.0,5,16.3,15.8,97,1000.8,51,2.6,-9900,-9900,0.0,0.0
2023,2,10,20,60,0.0,0.0,0.0,0.0,0.0,5,15.7,15.5,99,1001.2,52,1.3,-9900,-9900,0.0,0.0
2023,2,10,21,60,0.0,0.0,0.0,0.0,0.0,5,16.3,15.7,96,1000.7,91,3.0,-9900,-9900,0.0,0.0
2023,2,10,22,60,0.0,0.0,0.0,0.0,0.0,5,16.2,15.6,96,999.7,92,4.1,-9900,-9900,0.0,0.0
2023,2,10,23,60,0.0,0.0,0.0,0.0,0.0,5,16.3,15.8,97,999.1,88,3.5,-9900,-9900,0.0,0.0
2023,2,10,24,60,0.0,0.0,0.0,0.0,0.0,5,16.6,16.0,96,998.8,94,3.0,-9900,-9900,0.0,0.0
2023,2,11,1,60,0.0,0.0,0.0,0.0,0.0,5,16.8,16.0,95,998.1,97,3.6,-9900,-9900,0.0,0.0
2023,2,11,2,60,0.0,0.0,0.0,0.0,0.0,5,17.3,16.3,94,998.0,103,2.9,-9900,-9900,0.0,0.0
2023,2,11,3,60,0.0,0.0,0.0,0.0,0.0,5,17.5,16.7,95,998.5,94,1.7,-9900,-9900,0.0,0.0
2023,2,11,4,60,0.0,0.0,0.0,0.0,0.0,5,16.8,16.6,99,997.8,127,1.6,-9900,-9900,0.0,0.0
2023,2,11,5,60,0.0,0.0,0.0,0.0,0.0,5,16.9,16.7,99,997.7,0,0.2,-9900,-9900,0.0,0.0
2023,2,11,6,60,0.0,0.0,0.0,0.0,0.0,5,16.2,16.0,99,998.9,306,2.1,-9900,-9900,0.0,0.0
2023,2,11,7,60,0.0,0.0,0.0,0.0,0.0,5,15.9,15.7,99,999.8,269,0.8,-9900,-9900,0.0,0.0
2023,2,11,8,60,0.0,0.0,0.0,0.0,0.0,5,16.5,16.3,99,999.8,288,0.9,-9900,-9900,0.0,0.0
2023,2,11,9,60,0.0,0.0,0.0,0.0,0.0,5,15.5,15.3,99,1000.2,312,1.3,-9900,-9900,0.0,0.0
2023,2,11,10,60,0.0,0.0,0.0,0.0,0.0,5,15.9,15.7,99,1000.5,325,1.6,-9900,-9900,0.0,0.0
2023,2,11,11,60,0.0,0.0,0.0,0.0,0.0,5,15.7,15.5,99,1000.4,319,1.5,-9900,-9900,0.0,0.0
2023,2,11,12,60,0.0,0.0,0.0,0.0,0.0,5,14.2,14.0,99,999.8,10,1.5,-9900,-9900,0.0,0.0
2023,2,11,13,60,0.0,0.0,0.0,0.0,0.0,5,14.1,13.9,99,999.4,342,1.7,-9900,-9900,0.0,0.0
2023,2,11,14,60,0.0,0.0,0.0,0.0,0.0,5,14.2,14.0,99,998.9,3,1.4,-9900,-9900,0.0,0.0
2023,2,11,15,60,0.0,0.0,0.0,0.0,0.0,5,15.1,14.9,99,998.5,349,0.5,-9900,-9900,0.0,0.0
2023,2,11,16,60,0.0,0.0,0.0,0.0,0.0,5,15.4,15.2,99,998.4,347,0.3,-9900,-9900,0.0,0.0
2023,2,11,17,60,0.0,0.0,0.0,0.0,0.0,5,16.4,15.8,96,998.5,0,0.0,-9900,-9900,0.0,0.0
2023,2,11,18,60,0.0,0.0,0.0,0.0,0.0,5,16.1,15.8,98,998.8,25,0.5,-9900,-9900,0.0,0.0
2023,2,11,19,60,0.0,0.0,0.0,0.0,0.0,5,15.8,15.6,99,998.9,7,1.0,-9900,-9900,0.0,0.0
2023,2,11,20,60,0.0,0.0,0.0,0.0,0.0,5,14.7,14.5,99,999.2,325,0.8,-9900,-9900,0.0,0.0
2023,2,11,21,60,0.0,0.0,0.0,0.0,0.0,5,14.6,14.4,99,999.2,0,0.0,-9900,-9900,0.0,0.0
2023,2,11,22,60,0.0,0.0,0.0,0.0,0.0,5,15.4,15.2,99,999.1,154,0.3,-9900,-9900,0.0,0.0
2023,2,11,23,60,0.0,0.0,0.0,0.0,0.0,5,15.2,15.0,99,999.2,346,0.6,-9900,-9900,0.0,0.0
2023,2,11,24,60,0.0,0.0,0.0,0.0,0.0,5,14.3,14.1,99,999.2,315,0.8,-9900,-9900,0.0,0.0
2023,2,12,1,60,0.0,0.0,0.0,0.0,0.0,5,14.7,14.5,99,998.9,204,0.5,-9900,-9900,0.0,0.0
2023,2,12,2,60,0.0,0.0,0.0,0.0,0.0,5,15.2,15.0,99,998.9,260,1.3,-9900,-9900,0.0,0.0
2023,2,12,3,60,0.0,0.0,0.0,0.0,0.0,5,14.9,14.7,99,999.0,277,0.6,-9900,-9900,0.0,0.0
2023,2,12,4,60,0.0,0.0,0.0,0.0,0.0,5,14.0,13.8,99,999.1,279,0.9,-9900,-9900,0.0,0.0
2023,2,12,5,60,0.0,0.0,0.0,0.0,0.0,5,14.8,14.6,99,999.7,291,1.2,-9900,-9900,0.0,0.0
2023,2,12,6,60,0.0,0.0,0.0,0.0,0.0,5,14.9,14.7,99,1000.1,280,1.4,-9900,-9900,0.0,0.0
2023,2,12,7,60,0.0,0.0,0.0,0.0,0.0,5,14.9,14.7,99,1000.4,261,0.9,-9900,-9900,0.0,0.0
2023,2,12,8,60,0.0,0.0,0.0,0.0,0.0,5,15.1,14.9,99,1000.4,137,0.8,-9900,-9900,0.0,0.0
2023,2,12,9,60,0.0,0.0,0.0,0.0,0.0,5,15.5,15.3,99,999.9,129,2.6,-9900,-9900,0.0,0.0
2023,2,12,10,60,0.0,0.0,0.0,0.0,0.0,5,18.4,18.1,98,999.1,128,2.5,-9900,-9900,0.0,0.0
2023,2,12,11,60,0.0,0.0,0.0,0.0,0.0,5,23.8,18.0,70,998.3,180,0.5,-9900,-9900,0.0,0.0
2023,2,12,12,60,0.0,0.0,0.0,0.0,0.0,5,27.6,17.2,53,997.1,150,0.3,-9900,-9900,0.0,0.0
2023,2,12,13,60,0.0,0.0,0.0,0.0,0.0,5,16.7,16.4,98,997.2,321,3.1,-9900,-9900,0.0,0.0
2023,2,12,14,60,0.0,0.0,0.0,0.0,0.0,5,16.2,16.0,99,996.9,321,1.5,-9900,-9900,0.0,0.0
2023,2,12,15,60,0.0,0.0,0.0,0.0,0.0,5,17.9,16.6,92,996.6,9,0.3,-9900,-9900,0.0,0.0
2023,2,12,16,60,0.0,0.0,0.0,0.0,0.0,5,20.8,17.0,79,996.6,74,0.4,-9900,-9900,0.0,0.0
2023,2,12,17,60,0.0,0.0,0.0,0.0,0.0,5,22.1,17.2,74,996.5,360,0.7,-9900,-9900,0.0,0.0
2023,2,12,18,60,0.0,0.0,0.0,0.0,0.0,5,20.9,17.7,82,996.7,318,0.4,-9900,-9900,0.0,0.0
2023,2,12,19,60,0.0,0.0,0.0,0.0,0.0,5,17.4,16.8,96,997.2,0,0.0,-9900,-9900,0.0,0.0
2023,2,12,20,60,0.0,0.0,0.0,0.0,0.0,5,18.1,17.1,94,997.4,128,0.5,-9900,-9900,0.0,0.0
2023,2,12,21,60,0.0,0.0,0.0,0.0,0.0,5,19.3,17.8,91,997.7,132,1.0,-9900,-9900,0.0,0.0
2023,2,12,22,60,0.0,0.0,0.0,0.0,0.0,5,19.4,18.6,95,997.9,139,1.2,-9900,-9900,0.0,0.0
2023,2,12,23,60,0.0,0.0,0.0,0.0,0.0,5,19.5,18.7,95,997.5,147,0.7,-9900,-9900,0.0,0.0
2023,2,12,24,60,0.0,0.0,0.0,0.0,0.0,5,19.5,18.5,94,997.1,218,0.6,-9900,-9900,0.0,0.0
2023,2,13,1,60,0.0,0.0,0.0,0.0,0.0,5,19.4,18.2,93,997.1,215,0.3,-9900,-9900,0.0,0.0
2023,2,13,2,60,0.0,0.0,0.0,0.0,0.0,5,19.5,18.2,92,996.7,148,0.8,-9900,-9900,0.0,0.0
2023,2,13,3,60,0.0,0.0,0.0,0.0,0.0,5,20.0,18.1,89,996.5,0,0.2,-9900,-9900,0.0,0.0
2023,2,13,4,60,0.0,0.0,0.0,0.0,0.0,5,20.2,18.3,89,996.6,153,0.5,-9900,-9900,0.0,0.0
2023,2,13,5,60,0.0,0.0,0.0,0.0,0.0,5,20.3,19.0,92,997.2,294,0.4,-9900,-9900,0.0,0.0
2023,2,13,6,60,0.0,0.0,0.0,0.0,0.0,5,20.3,19.5,95,997.5,215,0.3,-9900,-9900,0.0,0.0
2023,2,13,7,60,0.0,0.0,0.0,0.0,0.0,5,20.2,19.9,98,997.8,158,0.7,-9900,-9900,0.0,0.0
2023,2,13,8,60,0.0,0.0,0.0,0.0,0.0,5,20.9,19.7,93,997.9,169,0.7,-9900,-9900,0.0,0.0
2023,2,13,9,60,0.0,0.0,0.0,0.0,0.0,5,23.6,19.7,79,997.5,225,0.3,-9900,-9900,0.0,0.0
2023,2,13,10,60,0.0,0.0,0.0,0.0,0.0,5,25.8,18.7,65,996.7,0,0.0,-9900,-9900,0.0,0.0
2023,2,13,11,60,0.0,0.0,0.0,0.0,0.0,5,26.7,18.8,62,996.5,327,2.1,-9900,-9900,0.0,0.0
2023,2,13,12,60,0.0,0.0,0.0,0.0,0.0,5,24.9,19.9,74,996.3,319,2.3,-9900,-9900,0.0,0.0
2023,2,13,13,60,0.0,0.0,0.0,0.0,0.0,5,25.4,19.5,70,995.9,341,0.9,-9900,-9900,0.0,0.0
2023,2,13,14,60,0.0,0.0,0.0,0.0,0.0,5,22.4,20.1,87,996.2,13,2.2,-9900,-9900,0.0,0.0
2023,2,13,15,60,0.0,0.0,0.0,0.0,0.0,5,18.6,18.4,99,996.6,17,1.5,-9900,-9900,0.0,0.0
2023,2,13,16,60,0.0,0.0,0.0,0.0,0.0,5,17.2,17.0,99,997.2,14,2.0,-9900,-9900,0.0,0.0
2023,2,13,17,60,0.0,0.0,0.0,0.0,0.0,5,16.1,15.9,99,997.8,19,2.3,-9900,-9900,0.0,0.0
2023,2,13,18,60,0.0,0.0,0.0,0.0,0.0,5,15.4,15.2,99,998.5,34,2.1,-9900,-9900,0.0,0.0
2023,2,13,19,60,0.0,0.0,0.0,0.0,0.0,5,14.3,14.1,99,999.4,30,2.9,-9900,-9900,0.0,0.0
2023,2,13,20,60,0.0,0.0,0.0,0.0,0.0,5,13.5,13.3,99,1000.4,31,3.5,-9900,-9900,0.0,0.0
2023,2,13,21,60,0.0,0.0,0.0,0.0,0.0,5,13.3,13.1,99,1001.0,40,2.8,-9900,-9900,0.0,0.0
2023,2,13,22,60,0.0,0.0,0.0,0.0,0.0,5,12.8,12.6,99,1001.2,43,3.4,-9900,-9900,0.0,0.0
2023,2,13,23,60,0.0,0.0,0.0,0.0,0.0,5,12.6,12.4,99,1001.5,48,2.8,-9900,-9900,0.0,0.0
2023,2,13,24,60,0.0,0.0,0.0,0.0,0.0,5,12.5,12.3,99,1001.8,43,4.0,-9900,-9900,0.0,0.0
2023,2,14,1,60,0.0,0.0,0.0,0.0,0.0,5,12.4,11.9,97,1001.9,39,3.5,-9900,-9900,0.0,0.0
2023,2,14,2,60,0.0,0.0,0.0,0.0,0.0,5,11.9,11.7,99,1001.5,38,3.8,-9900,-9900,0.0,0.0
2023,2,14,3,60,0.0,0.0,0.0,0.0,0.0,5,11.8,11.5,98,1001.8,45,3.5,-9900,-9900,0.0,0.0
2023,2,14,4,60,0.0,0.0,0.0,0.0,0.0,5,11.5,11.2,98,1002.6,51,2.9,-9900,-9900,0.0,0.0
2023,2,14,5,60,0.0,0.0,0.0,0.0,0.0,5,10.9,10.7,99,1003.5,43,3.5,-9900,-9900,0.0,0.0
2023,2,14,6,60,0.0,0.0,0.0,0.0,0.0,5,10.4,10.2,99,1004.5,51,3.5,-9900,-9900,0.0,0.0
2023,2,14,7,60,0.0,0.0,0.0,0.0,0.0,5,10.3,9.8,97,1004.9,53,3.6,-9900,-9900,0.0,0.0
2023,2,14,8,60,0.0,0.0,0.0,0.0,0.0,5,10.2,9.6,96,1005.9,55,3.1,-9900,-9900,0.0,0.0
2023,2,14,9,60,0.0,0.0,0.0,0.0,0.0,5,10.2,10.0,99,1006.4,42,3.4,-9900,-9900,0.0,0.0
2023,2,14,10,60,0.0,0.0,0.0,0.0,0.0,5,10.7,10.2,97,1005.3,56,3.1,-9900,-9900,0.0,0.0
2023,2,14,11,60,0.0,0.0,0.0,0.0,0.0,5,10.7,9.8,94,1005.1,46,3.1,-9900,-9900,0.0,0.0
2023,2,14,12,60,0.0,0.0,0.0,0.0,0.0,5,10.4,9.2,92,1004.6,48,3.0,-9900,-9900,0.0,0.0
2023,2,14,13,60,0.0,0.0,0.0,0.0,0.0,5,10.3,8.9,91,1003.6,41,4.2,-9900,-9900,0.0,0.0
2023,2,14,14,60,0.0,0.0,0.0,0.0,0.0,5,10.4,8.8,90,1003.1,44,4.0,-9900,-9900,0.0,0.0
2023,2,14,15,60,0.0,0.0,0.0,0.0,0.0,5,10.5,8.6,88,1003.0,49,3.5,-9900,-9900,0.0,0.0
2023,2,14,16,60,0.0,0.0,0.0,0.0,0.0,5,10.4,8.3,87,1003.1,52,2.9,-9900,-9900,0.0,0.0
2023,2,14,17,60,0.0,0.0,0.0,0.0,0.0,5,10.5,8.6,88,1003.6,48,3.0,-9900,-9900,0.0,0.0
2023,2,14,18,60,0.0,0.0,0.0,0.0,0.0,5,10.5,8.6,88,1003.8,46,3.4,-9900,-9900,0.0,0.0
2023,2,14,19,60,0.0,0.0,0.0,0.0,0.0,5,10.8,9.1,89,1004.5,49,2.7,-9900,-9900,0.0,0.0
2023,2,14,20,60,0.0,0.0,0.0,0.0,0.0,5,10.9,9.2,89,1005.6,49,2.9,-9900,-9900,0.0,0.0
2023,2,14,21,60,0.0,0.0,0.0,0.0,0.0,5,10.7,8.1,84,1005.8,50,2.8,-9900,-9900,0.0,0.0
2023,2,14,22,60,0.0,0.0,0.0,0.0,0.0,5,10.6,7.7,82,1006.3,43,3.5,-9900,-9900,0.0,0.0
2023,2,14,23,60,0.0,0.0,0.0,0.0,0.0,5,10.4,7.1,80,1006.3,57,2.6,-9900,-9900,0.0,0.0
2023,2,14,24,60,0.0,0.0,0.0,0.0,0.0,5,10.4,6.4,76,1006.4,58,3.2,-9900,-9900,0.0,0.0
2023,2,15,1,60,0.0,0.0,0.0,0.0,0.0,5,10.4,6.2,75,1006.5,56,3.4,-9900,-9900,0.0,0.0
2023,2,15,2,60,0.0,0.0,0.0,0.0,0.0,5,10.3,4.0,65,1006.5,45,3.1,-9900,-9900,0.0,0.0
2023,2,15,3,60,0.0,0.0,0.0,0.0,0.0,5,10.1,3.6,64,1006.8,53,2.7,-9900,-9900,0.0,0.0
2023,2,15,4,60,0.0,0.0,0.0,0.0,0.0,5,10.1,3.8,65,1007.4,51,2.8,-9900,-9900,0.0,0.0
2023,2,15,5,60,0.0,0.0,0.0,0.0,0.0,5,10.0,4.6,69,1008.3,51,3.1,-9900,-9900,0.0,0.0
2023,2,15,6,60,0.0,0.0,0.0,0.0,0.0,5,9.9,4.1,67,1009.1,61,2.9,-9900,-9900,0.0,0.0
2023,2,15,7,60,0.0,0.0,0.0,0.0,0.0,5,9.9,4.5,69,1009.6,55,2.6,-9900,-9900,0.0,0.0
2023,2,15,8,60,0.0,0.0,0.0,0.0,0.0,5,9.9,4.1,67,1009.8,53,3.0,-9900,-9900,0.0,0.0
2023,2,15,9,60,0.0,0.0,0.0,0.0,0.0,5,10.1,4.5,68,1010.2,51,3.0,-9900,-9900,0.0,0.0
2023,2,15,10,60,0.0,0.0,0.0,0.0,0.0,5,10.3,5.1,70,1010.5,51,3.9,-9900,-9900,0.0,0.0
2023,2,15,11,60,0.0,0.0,0.0,0.0,0.0,5,10.3,4.9,69,1010.1,50,3.4,-9900,-9900,0.0,0.0
2023,2,15,12,60,0.0,0.0,0.0,0.0,0.0,5,10.5,4.4,66,1009.5,46,3.3,-9900,-9900,0.0,0.0
2023,2,15,13,60,0.0,0.0,0.0,0.0,0.0,5,10.5,4.8,68,1008.6,45,4.2,-9900,-9900,0.0,0.0
2023,2,15,14,60,0.0,0.0,0.0,0.0,0.0,5,10.6,4.9,68,1008.1,53,3.3,-9900,-9900,0.0,0.0
2023,2,15,15,60,0.0,0.0,0.0,0.0,0.0,5,10.7,4.8,67,1008.1,56,3.5,-9900,-9900,0.0,0.0
2023,2,15,16,60,0.0,0.0,0.0,0.0,0.0,5,10.8,5.3,69,1008.5,55,3.2,-9900,-9900,0.0,0.0
2023,2,15,17,60,0.0,0.0,0.0,0.0,0.0,5,11.1,5.6,69,1008.9,64,2.0,-9900,-9900,0.0,0.0
2023,2,15,18,60,0.0,0.0,0.0,0.0,0.0,5,11.0,5.3,68,1009.3,64,2.4,-9900,-9900,0.0,0.0
2023,2,15,19,60,0.0,0.0,0.0,0.0,0.0,5,10.9,4.8,66,1009.8,68,2.8,-9900,-9900,0.0,0.0
2023,2,15,20,60,0.0,0.0,0.0,0.0,0.0,5,11.0,5.1,67,1010.2,70,3.1,-9900,-9900,0.0,0.0
2023,2,15,21,60,0.0,0.0,0.0,0.0,0.0,5,11.4,5.3,66,1010.5,76,3.0,-9900,-9900,0.0,0.0
2023,2,15,22,60,0.0,0.0,0.0,0.0,0.0,5,11.4,5.7,68,1010.5,82,2.9,-9900,-9900,0.0,0.0
2023,2,15,23,60,0.0,0.0,0.0,0.0,0.0,5,11.7,6.2,69,1010.3,79,3.0,-9900,-9900,0.0,0.0
2023,2,15,24,60,0.0,0.0,0.0,0.0,0.0,5,11.8,6.5,70,1009.9,77,3.4,-9900,-9900,0.0,0.0
2023,2,16,1,60,0.0,0.0,0.0,0.0,0.0,5,11.8,6.3,69,1009.6,80,3.4,-9900,-9900,0.0,0.0
2023,2,16,2,60,0.0,0.0,0.0,0.0,0.0,5,11.8,6.3,69,1009.4,70,3.8,-9900,-9900,0.0,0.0
2023,2,16,3,60,0.0,0.0,0.0,0.0,0.0,5,11.9,7.0,72,1009.4,71,3.8,-9900,-9900,0.0,0.0
2023,2,16,4,60,0.0,0.0,0.0,0.0,0.0,5,11.9,6.8,71,1009.3,72,3.6,-9900,-9900,0.0,0.0
2023,2,16,5,60,0.0,0.0,0.0,0.0,0.0,5,11.9,7.4,74,1009.6,71,3.1,-9900,-9900,0.0,0.0
2023,2,16,6,60,0.0,0.0,0.0,0.0,0.0,5,11.7,7.4,75,1009.8,68,3.5,-9900,-9900,0.0,0.0
2023,2,16,7,60,0.0,0.0,0.0,0.0,0.0,5,12.1,7.0,71,1009.6,68,4.5,-9900,-9900,0.0,0.0
2023,2,16,8,60,0.0,0.0,0.0,0.0,0.0,5,13.1,6.9,66,1009.4,73,4.1,-9900,-9900,0.0,0.0
2023,2,16,9,60,0.0,0.0,0.0,0.0,0.0,5,14.2,6.3,59,1009.2,72,4.4,-9900,-9900,0.0,0.0
2023,2,16,10,60,0.0,0.0,0.0,0.0,0.0,5,15.4,5.9,53,1008.9,78,4.4,-9900,-9900,0.0,0.0
2023,2,16,11,60,0.0,0.0,0.0,0.0,0.0,5,15.6,6.3,54,1008.2,73,4.8,-9900,-9900,0.0,0.0
2023,2,16,12,60,0.0,0.0,0.0,0.0,0.0,5,16.5,7.2,54,1007.4,77,3.8,-9900,-9900,0.0,0.0
2023,2,16,13,60,0.0,0.0,0.0,0.0,0.0,5,16.5,7.2,54,1007.4,77,3.8,-9900,-9900,0.0,0.0
2023,2,16,14,60,0.0,0.0,0.0,0.0,0.0,5,16.5,7.2,54,1007.4,77,3.8,-9900,-9900,0.0,0.0
2023,2,16,15,60,0.0,0.0,0.0,0.0,0.0,5,16.7,7.6,55,1005.8,70,4.1,-9900,-9900,0.0,0.0
2023,2,16,16,60,0.0,0.0,0.0,0.0,0.0,5,16.4,8.1,58,1006.0,68,4.5,-9900,-9900,0.0,0.0
2023,2,16,17,60,0.0,0.0,0.0,0.0,0.0,5,16.1,8.1,59,1006.0,69,2.9,-9900,-9900,0.0,0.0
2023,2,16,18,60,0.0,0.0,0.0,0.0,0.0,5,15.5,8.5,63,1006.0,72,3.1,-9900,-9900,0.0,0.0
2023,2,16,19,60,0.0,0.0,0.0,0.0,0.0,5,14.9,9.7,71,1006.4,76,2.3,-9900,-9900,0.0,0.0
2023,2,16,20,60,0.0,0.0,0.0,0.0,0.0,5,15.1,9.7,70,1006.6,81,2.7,-9900,-9900,0.0,0.0
2023,2,16,21,60,0.0,0.0,0.0,0.0,0.0,5,15.4,9.5,68,1006.5,82,3.4,-9900,-9900,0.0,0.0
2023,2,16,22,60,0.0,0.0,0.0,0.0,0.0,5,15.5,9.4,67,1006.5,78,3.3,-9900,-9900,0.0,0.0
2023,2,16,23,60,0.0,0.0,0.0,0.0,0.0,5,15.9,8.1,60,1006.1,91,3.8,-9900,-9900,0.0,0.0
2023,2,16,24,60,0.0,0.0,0.0,0.0,0.0,5,16.3,7.2,55,1005.9,95,2.9,-9900,-9900,0.0,0.0
2023,2,17,1,60,0.0,0.0,0.0,0.0,0.0,5,16.1,7.6,57,1005.7,90,2.0,-9900,-9900,0.0,0.0
2023,2,17,2,60,0.0,0.0,0.0,0.0,0.0,5,16.5,7.7,56,1005.3,96,3.3,-9900,-9900,0.0,0.0
2023,2,17,3,60,0.0,0.0,0.0,0.0,0.0,5,16.5,7.7,56,1005.1,124,1.1,-9900,-9900,0.0,0.0
2023,2,17,4,60,0.0,0.0,0.0,0.0,0.0,5,15.9,7.6,58,1005.2,53,0.7,-9900,-9900,0.0,0.0
2023,2,17,5,60,0.0,0.0,0.0,0.0,0.0,5,15.0,8.7,66,1005.2,208,0.3,-9900,-9900,0.0,0.0
2023,2,17,6,60,0.0,0.0,0.0,0.0,0.0,5,14.6,9.6,72,1005.7,0,0.0,-9900,-9900,0.0,0.0
2023,2,17,7,60,0.0,0.0,0.0,0.0,0.0,5,15.1,9.9,71,1006.0,0,0.0,-9900,-9900,0.0,0.0
2023,2,17,8,60,0.0,0.0,0.0,0.0,0.0,5,15.7,10.2,70,1006.2,230,0.5,-9900,-9900,0.0,0.0
2023,2,17,9,60,0.0,0.0,0.0,0.0,0.0,5,17.3,9.7,61,1006.5,263,0.9,-9900,-9900,0.0,0.0
2023,2,17,10,60,0.0,0.0,0.0,0.0,0.0,5,18.2,10.6,61,1006.7,300,1.2,-9900,-9900,0.0,0.0
2023,2,17,11,60,0.0,0.0,0.0,0.0,0.0,5,19.1,11.2,60,1006.4,298,1.1,-9900,-9900,0.0,0.0
2023,2,17,12,60,0.0,0.0,0.0,0.0,0.0,5,18.0,14.3,79,1005.8,314,3.4,-9900,-9900,0.0,0.0
2023,2,17,13,60,0.0,0.0,0.0,0.0,0.0,5,16.1,14.3,89,1005.2,326,2.8,-9900,-9900,0.0,0.0
2023,2,17,14,60,0.0,0.0,0.0,0.0,0.0,5,16.2,14.2,88,1004.5,317,2.7,-9900,-9900,0.0,0.0
2023,2,17,15,60,0.0,0.0,0.0,0.0,0.0,5,16.2,14.0,87,1003.9,349,1.0,-9900,-9900,0.0,0.0
2023,2,17,16,60,0.0,0.0,0.0,0.0,0.0,5,14.9,14.1,95,1003.8,30,1.3,-9900,-9900,0.0,0.0
2023,2,17,17,60,0.0,0.0,0.0,0.0,0.0,5,14.6,14.0,96,1004.0,15,0.9,-9900,-9900,0.0,0.0
2023,2,17,18,60,0.0,0.0,0.0,0.0,0.0,5,14.5,14.2,98,1004.2,18,0.8,-9900,-9900,0.0,0.0
2023,2,17,19,60,0.0,0.0,0.0,0.0,0.0,5,14.5,14.3,99,1004.0,51,0.7,-9900,-9900,0.0,0.0
2023,2,17,20,60,0.0,0.0,0.0,0.0,0.0,5,14.5,14.3,99,1004.0,6,0.7,-9900,-9900,0.0,0.0
2023,2,17,21,60,0.0,0.0,0.0,0.0,0.0,5,14.4,14.2,99,1003.7,354,0.5,-9900,-9900,0.0,0.0
2023,2,17,22,60,0.0,0.0,0.0,0.0,0.0,5,14.4,14.2,99,1003.6,320,0.4,-9900,-9900,0.0,0.0
2023,2,17,23,60,0.0,0.0,0.0,0.0,0.0,5,14.6,14.4,99,1003.5,261,0.4,-9900,-9900,0.0,0.0
2023,2,17,24,60,0.0,0.0,0.0,0.0,0.0,5,14.8,14.5,98,1003.3,0,0.0,-9900,-9900,0.0,0.0
2023,2,18,1,60,0.0,0.0,0.0,0.0,0.0,5,14.1,13.9,99,1003.3,312,1.8,-9900,-9900,0.0,0.0
2023,2,18,2,60,0.0,0.0,0.0,0.0,0.0,5,14.3,14.1,99,1003.1,338,0.8,-9900,-9900,0.0,0.0
2023,2,18,3,60,0.0,0.0,0.0,0.0,0.0,5,14.1,13.9,99,1002.8,315,1.2,-9900,-9900,0.0,0.0
2023,2,18,4,60,0.0,0.0,0.0,0.0,0.0,5,14.1,13.9,99,1002.7,265,0.8,-9900,-9900,0.0,0.0
2023,2,18,5,60,0.0,0.0,0.0,0.0,0.0,5,14.2,14.0,99,1002.9,316,0.5,-9900,-9900,0.0,0.0
2023,2,18,6,60,0.0,0.0,0.0,0.0,0.0,5,14.0,13.8,99,1003.1,47,0.7,-9900,-9900,0.0,0.0
2023,2,18,7,60,0.0,0.0,0.0,0.0,0.0,5,13.9,13.7,99,1003.4,348,0.4,-9900,-9900,0.0,0.0
2023,2,18,8,60,0.0,0.0,0.0,0.0,0.0,5,14.6,14.4,99,1003.8,85,0.9,-9900,-9900,0.0,0.0
2023,2,18,9,60,0.0,0.0,0.0,0.0,0.0,5,16.1,15.1,94,1004.2,87,0.5,-9900,-9900,0.0,0.0
2023,2,18,10,60,0.0,0.0,0.0,0.0,0.0,5,19.2,15.5,79,1004.1,37,0.5,-9900,-9900,0.0,0.0
2023,2,18,11,60,0.0,0.0,0.0,0.0,0.0,5,21.5,15.8,70,1003.5,27,0.3,-9900,-9900,0.0,0.0
2023,2,18,12,60,0.0,0.0,0.0,0.0,0.0,5,22.9,16.2,66,1002.3,351,1.1,-9900,-9900,0.0,0.0
2023,2,18,13,60,0.0,0.0,0.0,0.0,0.0,5,19.8,16.1,79,1001.1,342,2.1,-9900,-9900,0.0,0.0
2023,2,18,14,60,0.0,0.0,0.0,0.0,0.0,5,19.8,16.2,80,1000.3,5,1.4,-9900,-9900,0.0,0.0
2023,2,18,15,60,0.0,0.0,0.0,0.0,0.0,5,20.0,16.2,79,999.6,314,2.2,-9900,-9900,0.0,0.0
2023,2,18,16,60,0.0,0.0,0.0,0.0,0.0,5,19.4,16.2,82,999.6,353,1.1,-9900,-9900,0.0,0.0
2023,2,18,17,60,0.0,0.0,0.0,0.0,0.0,5,19.3,16.7,85,999.8,8,1.0,-9900,-9900,0.0,0.0
2023,2,18,18,60,0.0,0.0,0.0,0.0,0.0,5,19.0,17.0,88,999.9,0,0.0,-9900,-9900,0.0,0.0
2023,2,18,19,60,0.0,0.0,0.0,0.0,0.0,5,19.7,17.1,85,1000.2,154,1.1,-9900,-9900,0.0,0.0
2023,2,18,20,60,0.0,0.0,0.0,0.0,0.0,5,20.3,16.5,79,1000.9,105,1.7,-9900,-9900,0.0,0.0
2023,2,18,21,60,0.0,0.0,0.0,0.0,0.0,5,19.7,16.3,81,1001.4,94,0.9,-9900,-9900,0.0,0.0
2023,2,18,22,60,0.0,0.0,0.0,0.0,0.0,5,19.5,16.2,81,1001.3,127,1.6,-9900,-9900,0.0,0.0
2023,2,18,23,60,0.0,0.0,0.0,0.0,0.0,5,18.9,16.5,86,1001.5,130,1.6,-9900,-9900,0.0,0.0
2023,2,18,24,60,0.0,0.0,0.0,0.0,0.0,5,18.4,16.4,88,1001.9,305,0.6,-9900,-9900,0.0,0.0
2023,2,19,1,60,0.0,0.0,0.0,0.0,0.0,5,16.4,15.9,97,1001.3,29,0.9,-9900,-9900,0.0,0.0
2023,2,19,2,60,0.0,0.0,0.0,0.0,0.0,5,14.1,13.9,99,1001.2,316,1.9,-9900,-9900,0.0,0.0
2023,2,19,3,60,0.0,0.0,0.0,0.0,0.0,5,13.7,13.5,99,1001.0,321,0.6,-9900,-9900,0.0,0.0
2023,2,19,4,60,0.0,0.0,0.0,0.0,0.0,5,13.5,13.3,99,1001.0,322,1.5,-9900,-9900,0.0,0.0
2023,2,19,5,60,0.0,0.0,0.0,0.0,0.0,5,13.6,13.4,99,1001.8,331,0.3,-9900,-9900,0.0,0.0
2023,2,19,6,60,0.0,0.0,0.0,0.0,0.0,5,13.5,13.3,99,1002.2,128,0.5,-9900,-9900,0.0,0.0
2023,2,19,7,60,0.0,0.0,0.0,0.0,0.0,5,13.7,13.5,99,1002.9,61,0.4,-9900,-9900,0.0,0.0
2023,2,19,8,60,0.0,0.0,0.0,0.0,0.0,5,13.9,13.7,99,1003.1,45,0.4,-9900,-9900,0.0,0.0
2023,2,19,9,60,0.0,0.0,0.0,0.0,0.0,5,14.0,13.8,99,1003.6,12,1.3,-9900,-9900,0.0,0.0
2023,2,19,10,60,0.0,0.0,0.0,0.0,0.0,5,15.5,15.3,99,1003.1,97,1.6,-9900,-9900,0.0,0.0
2023,2,19,11,60,0.0,0.0,0.0,0.0,0.0,5,20.1,17.5,85,1002.5,39,3.0,-9900,-9900,0.0,0.0
2023,2,19,12,60,0.0,0.0,0.0,0.0,0.0,5,17.8,17.0,95,1002.0,33,4.3,-9900,-9900,0.0,0.0
2023,2,19,13,60,0.0,0.0,0.0,0.0,0.0,5,16.7,15.4,92,1001.9,45,2.6,-9900,-9900,0.0,0.0
2023,2,19,14,60,0.0,0.0,0.0,0.0,0.0,5,15.9,14.3,90,1001.7,47,3.3,-9900,-9900,0.0,0.0
2023,2,19,15,60,0.0,0.0,0.0,0.0,0.0,5,15.9,13.2,84,1001.6,60,3.0,-9900,-9900,0.0,0.0
2023,2,19,16,60,0.0,0.0,0.0,0.0,0.0,5,16.2,12.2,77,1001.9,77,3.7,-9900,-9900,0.0,0.0
2023,2,19,17,60,0.0,0.0,0.0,0.0,0.0,5,15.7,12.3,80,1002.3,80,4.1,-9900,-9900,0.0,0.0
2023,2,19,18,60,0.0,0.0,0.0,0.0,0.0,5,15.4,12.5,83,1002.6,78,3.8,-9900,-9900,0.0,0.0
2023,2,19,19,60,0.0,0.0,0.0,0.0,0.0,5,15.1,12.4,84,1003.2,85,3.5,-9900,-9900,0.0,0.0
2023,2,19,20,60,0.0,0.0,0.0,0.0,0.0,5,14.9,12.4,85,1003.9,89,4.6,-9900,-9900,0.0,0.0
2023,2,19,21,60,0.0,0.0,0.0,0.0,0.0,5,14.8,12.5,86,1004.3,87,3.0,-9900,-9900,0.0,0.0
2023,2,19,22,60,0.0,0.0,0.0,0.0,0.0,5,14.8,12.3,85,1004.3,87,3.3,-9900,-9900,0.0,0.0
2023,2,19,23,60,0.0,0.0,0.0,0.0,0.0,5,14.7,12.0,84,1004.4,81,3.8,-9900,-9900,0.0,0.0
2023,2,19,24,60,0.0,0.0,0.0,0.0,0.0,5,14.5,11.5,82,1004.1,83,4.0,-9900,-9900,0.0,0.0
2023,2,20,1,60,0.0,0.0,0.0,0.0,0.0,5,14.3,11.1,81,1003.7,87,5.2,-9900,-9900,0.0,0.0
2023,2,20,2,60,0.0,0.0,0.0,0.0,0.0,5,14.3,10.5,78,1003.6,83,3.3,-9900,-9900,0.0,0.0
2023,2,20,3,60,0.0,0.0,0.0,0.0,0.0,5,14.1,9.7,75,1003.5,80,3.0,-9900,-9900,0.0,0.0
2023,2,20,4,60,0.0,0.0,0.0,0.0,0.0,5,13.7,8.7,72,1003.6,74,3.1,-9900,-9900,0.0,0.0
2023,2,20,5,60,0.0,0.0,0.0,0.0,0.0,5,13.3,7.3,67,1003.8,80,2.8,-9900,-9900,0.0,0.0
2023,2,20,6,60,0.0,0.0,0.0,0.0,0.0,5,13.2,7.2,67,1004.5,82,3.0,-9900,-9900,0.0,0.0
2023,2,20,7,60,0.0,0.0,0.0,0.0,0.0,5,12.9,6.9,67,1004.9,73,3.2,-9900,-9900,0.0,0.0
2023,2,20,8,60,0.0,0.0,0.0,0.0,0.0,5,13.5,6.4,62,1005.3,73,3.4,-9900,-9900,0.0,0.0
2023,2,20,9,60,0.0,0.0,0.0,0.0,0.0,5,14.3,6.1,58,1005.9,80,4.4,-9900,-9900,0.0,0.0
2023,2,20,10,60,0.0,0.0,0.0,0.0,0.0,5,14.2,6.8,61,1005.8,78,4.7,-9900,-9900,0.0,0.0
2023,2,20,11,60,0.0,0.0,0.0,0.0,0.0,5,14.2,7.3,63,1005.6,79,4.2,-9900,-9900,0.0,0.0
2023,2,20,12,60,0.0,0.0,0.0,0.0,0.0,5,14.4,7.2,62,1005.1,77,4.5,-9900,-9900,0.0,0.0
2023,2,20,13,60,0.0,0.0,0.0,0.0,0.0,5,14.9,7.9,63,1004.3,90,3.9,-9900,-9900,0.0,0.0
2023,2,20,14,60,0.0,0.0,0.0,0.0,0.0,5,14.6,7.6,63,1004.0,80,4.2,-9900,-9900,0.0,0.0
2023,2,20,15,60,0.0,0.0,0.0,0.0,0.0,5,14.8,7.8,63,1003.8,80,3.6,-9900,-9900,0.0,0.0
2023,2,20,16,60,0.0,0.0,0.0,0.0,0.0,5,14.6,7.9,64,1003.9,83,4.1,-9900,-9900,0.0,0.0
2023,2,20,17,60,0.0,0.0,0.0,0.0,0.0,5,14.5,8.0,65,1004.7,78,3.9,-9900,-9900,0.0,0.0
2023,2,20,18,60,0.0,0.0,0.0,0.0,0.0,5,14.1,8.1,67,1005.2,79,5.0,-9900,-9900,0.0,0.0
2023,2,20,19,60,0.0,0.0,0.0,0.0,0.0,5,13.8,9.0,73,1005.6,86,4.9,-9900,-9900,0.0,0.0
2023,2,20,20,60,0.0,0.0,0.0,0.0,0.0,5,13.7,9.1,74,1005.8,79,3.3,-9900,-9900,0.0,0.0
2023,2,20,21,60,0.0,0.0,0.0,0.0,0.0,5,14.1,8.5,69,1005.9,72,4.1,-9900,-9900,0.0,0.0
2023,2,20,22,60,0.0,0.0,0.0,0.0,0.0,5,14.2,8.6,69,1006.1,75,4.4,-9900,-9900,0.0,0.0
2023,2,20,23,60,0.0,0.0,0.0,0.0,0.0,5,14.1,8.7,70,1006.0,88,4.9,-9900,-9900,0.0,0.0
2023,2,20,24,60,0.0,0.0,0.0,0.0,0.0,5,14.2,7.9,66,1006.1,78,3.8,-9900,-9900,0.0,0.0
2023,2,21,1,60,0.0,0.0,0.0,0.0,0.0,5,14.4,7.7,64,1006.2,78,4.5,-9900,-9900,0.0,0.0
2023,2,21,2,60,0.0,0.0,0.0,0.0,0.0,5,13.9,8.9,72,1006.1,73,4.5,-9900,-9900,0.0,0.0
2023,2,21,3,60,0.0,0.0,0.0,0.0,0.0,5,13.3,9.7,79,1006.2,80,4.1,-9900,-9900,0.0,0.0
2023,2,21,4,60,0.0,0.0,0.0,0.0,0.0,5,13.0,10.5,85,1006.3,88,3.9,-9900,-9900,0.0,0.0
2023,2,21,5,60,0.0,0.0,0.0,0.0,0.0,5,13.1,10.5,84,1006.7,77,4.0,-9900,-9900,0.0,0.0
2023,2,21,6,60,0.0,0.0,0.0,0.0,0.0,5,13.0,10.0,82,1007.2,77,3.2,-9900,-9900,0.0,0.0
2023,2,21,7,60,0.0,0.0,0.0,0.0,0.0,5,13.3,9.7,79,1007.7,70,4.2,-9900,-9900,0.0,0.0
2023,2,21,8,60,0.0,0.0,0.0,0.0,0.0,5,13.0,10.2,83,1008.3,83,3.9,-9900,-9900,0.0,0.0
2023,2,21,9,60,0.0,0.0,0.0,0.0,0.0,5,12.9,10.3,84,1008.9,77,3.9,-9900,-9900,0.0,0.0
2023,2,21,10,60,0.0,0.0,0.0,0.0,0.0,5,14.4,9.0,70,1008.6,75,3.1,-9900,-9900,0.0,0.0
2023,2,21,11,60,0.0,0.0,0.0,0.0,0.0,5,14.0,8.4,69,1008.5,74,4.5,-9900,-9900,0.0,0.0
2023,2,21,12,60,0.0,0.0,0.0,0.0,0.0,5,13.8,8.8,72,1008.2,74,3.6,-9900,-9900,0.0,0.0
2023,2,21,13,60,0.0,0.0,0.0,0.0,0.0,5,13.8,8.4,70,1007.7,70,3.5,-9900,-9900,0.0,0.0
2023,2,21,14,60,0.0,0.0,0.0,0.0,0.0,5,13.1,8.4,73,1007.6,70,4.4,-9900,-9900,0.0,0.0
2023,2,21,15,60,0.0,0.0,0.0,0.0,0.0,5,12.7,8.2,74,1007.8,69,3.0,-9900,-9900,0.0,0.0
2023,2,21,16,60,0.0,0.0,0.0,0.0,0.0,5,12.1,8.2,77,1008.1,58,2.8,-9900,-9900,0.0,0.0
2023,2,21,17,60,0.0,0.0,0.0,0.0,0.0,5,11.4,9.5,88,1008.4,58,3.9,-9900,-9900,0.0,0.0
2023,2,21,18,60,0.0,0.0,0.0,0.0,0.0,5,11.2,9.6,90,1008.6,57,2.9,-9900,-9900,0.0,0.0
2023,2,21,19,60,0.0,0.0,0.0,0.0,0.0,5,11.6,10.0,90,1008.7,55,2.8,-9900,-9900,0.0,0.0
2023,2,21,20,60,0.0,0.0,0.0,0.0,0.0,5,12.0,10.2,89,1008.7,89,2.9,-9900,-9900,0.0,0.0
2023,2,21,21,60,0.0,0.0,0.0,0.0,0.0,5,12.2,9.8,85,1008.9,86,2.5,-9900,-9900,0.0,0.0
2023,2,21,22,60,0.0,0.0,0.0,0.0,0.0,5,12.4,9.6,83,1008.9,86,3.0,-9900,-9900,0.0,0.0
2023,2,21,23,60,0.0,0.0,0.0,0.0,0.0,5,12.4,9.9,85,1008.5,78,3.0,-9900,-9900,0.0,0.0
2023,2,21,24,60,0.0,0.0,0.0,0.0,0.0,5,12.4,10.3,87,1008.2,78,2.1,-9900,-9900,0.0,0.0
2023,2,22,1,60,0.0,0.0,0.0,0.0,0.0,5,12.4,10.5,88,1007.7,68,2.6,-9900,-9900,0.0,0.0
2023,2,22,2,60,0.0,0.0,0.0,0.0,0.0,5,12.4,10.8,90,1007.1,56,1.8,-9900,-9900,0.0,0.0
2023,2,22,3,60,0.0,0.0,0.0,0.0,0.0,5,12.4,11.3,93,1006.9,73,2.1,-9900,-9900,0.0,0.0
2023,2,22,4,60,0.0,0.0,0.0,0.0,0.0,5,12.4,11.5,94,1006.8,70,2.3,-9900,-9900,0.0,0.0
2023,2,22,5,60,0.0,0.0,0.0,0.0,0.0,5,12.3,11.8,97,1006.6,66,1.6,-9900,-9900,0.0,0.0
2023,2,22,6,60,0.0,0.0,0.0,0.0,0.0,5,11.6,11.4,99,1006.6,56,2.4,-9900,-9900,0.0,0.0
2023,2,22,7,60,0.0,0.0,0.0,0.0,0.0,5,11.6,11.4,99,1006.7,58,2.3,-9900,-9900,0.0,0.0
2023,2,22,8,60,0.0,0.0,0.0,0.0,0.0,5,12.7,12.5,99,1006.7,68,2.2,-9900,-9900,0.0,0.0
2023,2,22,9,60,0.0,0.0,0.0,0.0,0.0,5,13.8,12.7,93,1006.7,54,2.8,-9900,-9900,0.0,0.0
2023,2,22,10,60,0.0,0.0,0.0,0.0,0.0,5,16.0,13.5,85,1005.9,76,4.0,-9900,-9900,0.0,0.0
2023,2,22,11,60,0.0,0.0,0.0,0.0,0.0,5,17.1,13.0,77,1004.8,78,5.0,-9900,-9900,0.0,0.0
2023,2,22,12,60,0.0,0.0,0.0,0.0,0.0,5,17.6,13.3,76,1003.7,71,5.3,-9900,-9900,0.0,0.0
2023,2,22,13,60,0.0,0.0,0.0,0.0,0.0,5,18.2,13.5,74,1002.9,72,5.5,-9900,-9900,0.0,0.0
2023,2,22,14,60,0.0,0.0,0.0,0.0,0.0,5,18.5,13.8,74,1002.3,75,4.7,-9900,-9900,0.0,0.0
2023,2,22,15,60,0.0,0.0,0.0,0.0,0.0,5,18.1,13.8,76,1002.0,87,4.2,-9900,-9900,0.0,0.0
2023,2,22,16,60,0.0,0.0,0.0,0.0,0.0,5,17.6,13.9,79,1002.0,73,4.0,-9900,-9900,0.0,0.0
2023,2,22,17,60,0.0,0.0,0.0,0.0,0.0,5,17.3,14.4,83,1002.5,69,3.0,-9900,-9900,0.0,0.0
2023,2,22,18,60,0.0,0.0,0.0,0.0,0.0,5,15.8,14.8,94,1002.9,41,2.7,-9900,-9900,0.0,0.0
2023,2,22,19,60,0.0,0.0,0.0,0.0,0.0,5,15.2,15.0,99,1003.2,44,2.6,-9900,-9900,0.0,0.0
2023,2,22,20,60,0.0,0.0,0.0,0.0,0.0,5,15.0,14.8,99,1003.5,43,2.9,-9900,-9900,0.0,0.0
2023,2,22,21,60,0.0,0.0,0.0,0.0,0.0,5,15.7,15.5,99,1003.2,73,2.5,-9900,-9900,0.0,0.0
2023,2,22,22,60,0.0,0.0,0.0,0.0,0.0,5,16.0,15.8,99,1002.8,69,3.3,-9900,-9900,0.0,0.0
2023,2,22,23,60,0.0,0.0,0.0,0.0,0.0,5,16.3,15.8,97,1002.6,74,3.1,-9900,-9900,0.0,0.0
2023,2,22,24,60,0.0,0.0,0.0,0.0,0.0,5,16.3,15.8,97,1002.5,69,2.9,-9900,-9900,0.0,0.0
2023,2,23,1,60,0.0,0.0,0.0,0.0,0.0,5,16.1,15.9,99,1002.3,71,2.4,-9900,-9900,0.0,0.0
2023,2,23,2,60,0.0,0.0,0.0,0.0,0.0,5,16.0,15.8,99,1002.1,68,1.5,-9900,-9900,0.0,0.0
2023,2,23,3,60,0.0,0.0,0.0,0.0,0.0,5,15.7,15.5,99,1001.5,54,1.2,-9900,-9900,0.0,0.0
2023,2,23,4,60,0.0,0.0,0.0,0.0,0.0,5,15.6,15.4,99,1001.4,48,1.8,-9900,-9900,0.0,0.0
2023,2,23,5,60,0.0,0.0,0.0,0.0,0.0,5,15.4,15.2,99,1001.4,57,1.5,-9900,-9900,0.0,0.0
2023,2,23,6,60,0.0,0.0,0.0,0.0,0.0,5,15.5,15.3,99,1001.8,52,1.9,-9900,-9900,0.0,0.0
2023,2,23,7,60,0.0,0.0,0.0,0.0,0.0,5,15.5,15.3,99,1002.2,51,2.1,-9900,-9900,0.0,0.0
2023,2,23,8,60,0.0,0.0,0.0,0.0,0.0,5,15.7,15.5,99,1002.4,45,2.0,-9900,-9900,0.0,0.0
2023,2,23,9,60,0.0,0.0,0.0,0.0,0.0,5,16.2,16.0,99,1002.3,40,2.3,-9900,-9900,0.0,0.0
2023,2,23,10,60,0.0,0.0,0.0,0.0,0.0,5,16.4,16.2,99,1002.0,39,2.3,-9900,-9900,0.0,0.0
2023,2,23,11,60,0.0,0.0,0.0,0.0,0.0,5,15.8,15.6,99,1001.6,31,3.5,-9900,-9900,0.0,0.0
2023,2,23,12,60,0.0,0.0,0.0,0.0,0.0,5,16.0,15.8,99,1000.8,31,3.5,-9900,-9900,0.0,0.0
2023,2,23,13,60,0.0,0.0,0.0,0.0,0.0,5,15.9,15.7,99,1000.0,30,4.1,-9900,-9900,0.0,0.0
2023,2,23,14,60,0.0,0.0,0.0,0.0,0.0,5,15.7,15.5,99,999.4,26,3.5,-9900,-9900,0.0,0.0
2023,2,23,15,60,0.0,0.0,0.0,0.0,0.0,5,15.7,15.5,99,999.2,35,2.9,-9900,-9900,0.0,0.0
2023,2,23,16,60,0.0,0.0,0.0,0.0,0.0,5,15.9,15.7,99,999.0,33,3.2,-9900,-9900,0.0,0.0
2023,2,23,17,60,0.0,0.0,0.0,0.0,0.0,5,16.1,15.9,99,999.4,36,3.1,-9900,-9900,0.0,0.0
2023,2,23,18,60,0.0,0.0,0.0,0.0,0.0,5,16.0,15.8,99,999.4,45,2.4,-9900,-9900,0.0,0.0
2023,2,23,19,60,0.0,0.0,0.0,0.0,0.0,5,16.0,15.8,99,999.7,40,2.7,-9900,-9900,0.0,0.0
2023,2,23,20,60,0.0,0.0,0.0,0.0,0.0,5,16.0,15.8,99,1000.1,40,2.6,-9900,-9900,0.0,0.0
2023,2,23,21,60,0.0,0.0,0.0,0.0,0.0,5,15.8,15.6,99,1000.4,36,2.5,-9900,-9900,0.0,0.0
2023,2,23,22,60,0.0,0.0,0.0,0.0,0.0,5,15.7,15.5,99,1000.3,37,2.2,-9900,-9900,0.0,0.0
2023,2,23,23,60,0.0,0.0,0.0,0.0,0.0,5,15.7,15.5,99,1000.2,30,2.1,-9900,-9900,0.0,0.0
2023,2,23,24,60,0.0,0.0,0.0,0.0,0.0,5,15.6,15.4,99,1000.2,34,2.7,-9900,-9900,0.0,0.0
2023,2,24,1,60,0.0,0.0,0.0,0.0,0.0,5,15.4,15.2,99,1000.2,37,3.0,-9900,-9900,0.0,0.0
2023,2,24,2,60,0.0,0.0,0.0,0.0,0.0,5,15.3,15.1,99,1000.0,32,3.3,-9900,-9900,0.0,0.0
2023,2,24,3,60,0.0,0.0,0.0,0.0,0.0,5,15.2,15.0,99,999.8,34,3.4,-9900,-9900,0.0,0.0
2023,2,24,4,60,0.0,0.0,0.0,0.0,0.0,5,15.0,14.8,99,999.8,33,3.4,-9900,-9900,0.0,0.0
2023,2,24,5,60,0.0,0.0,0.0,0.0,0.0,5,14.7,14.5,99,1000.2,38,3.7,-9900,-9900,0.0,0.0
2023,2,24,6,60,0.0,0.0,0.0,0.0,0.0,5,14.3,14.1,99,1000.8,38,3.5,-9900,-9900,0.0,0.0
2023,2,24,7,60,0.0,0.0,0.0,0.0,0.0,5,14.4,14.2,99,1001.6,42,2.6,-9900,-9900,0.0,0.0
2023,2,24,8,60,0.0,0.0,0.0,0.0,0.0,5,14.7,14.5,99,1001.9,42,2.8,-9900,-9900,0.0,0.0
2023,2,24,9,60,0.0,0.0,0.0,0.0,0.0,5,15.5,15.3,99,1002.4,42,3.3,-9900,-9900,0.0,0.0
2023,2,24,10,60,0.0,0.0,0.0,0.0,0.0,5,15.0,14.8,99,1002.5,30,3.4,-9900,-9900,0.0,0.0
2023,2,24,11,60,0.0,0.0,0.0,0.0,0.0,5,14.7,14.5,99,1002.5,38,4.0,-9900,-9900,0.0,0.0
2023,2,24,12,60,0.0,0.0,0.0,0.0,0.0,5,14.7,14.5,99,1002.1,38,4.5,-9900,-9900,0.0,0.0
2023,2,24,13,60,0.0,0.0,0.0,0.0,0.0,5,14.1,13.9,99,1001.9,34,4.1,-9900,-9900,0.0,0.0
2023,2,24,14,60,0.0,0.0,0.0,0.0,0.0,5,14.2,14.0,99,1001.8,40,4.6,-9900,-9900,0.0,0.0
2023,2,24,15,60,0.0,0.0,0.0,0.0,0.0,5,13.4,13.2,99,1002.2,40,4.2,-9900,-9900,0.0,0.0
2023,2,24,16,60,0.0,0.0,0.0,0.0,0.0,5,13.0,12.8,99,1002.8,41,5.2,-9900,-9900,0.0,0.0
2023,2,24,17,60,0.0,0.0,0.0,0.0,0.0,5,13.0,12.4,96,1003.9,45,3.7,-9900,-9900,0.0,0.0
2023,2,24,18,60,0.0,0.0,0.0,0.0,0.0,5,12.8,11.9,94,1005.2,54,3.7,-9900,-9900,0.0,0.0
2023,2,24,19,60,0.0,0.0,0.0,0.0,0.0,5,12.4,11.1,92,1006.2,47,4.6,-9900,-9900,0.0,0.0
2023,2,24,20,60,0.0,0.0,0.0,0.0,0.0,5,12.2,10.8,91,1007.1,49,3.7,-9900,-9900,0.0,0.0
2023,2,24,21,60,0.0,0.0,0.0,0.0,0.0,5,12.5,10.9,90,1007.6,62,2.6,-9900,-9900,0.0,0.0
2023,2,24,22,60,0.0,0.0,0.0,0.0,0.0,5,12.8,10.9,88,1007.8,57,3.1,-9900,-9900,0.0,0.0
2023,2,24,23,60,0.0,0.0,0.0,0.0,0.0,5,12.9,10.6,86,1007.8,59,2.7,-9900,-9900,0.0,0.0
2023,2,24,24,60,0.0,0.0,0.0,0.0,0.0,5,12.9,10.6,86,1007.9,57,2.6,-9900,-9900,0.0,0.0
2023,2,25,1,60,0.0,0.0,0.0,0.0,0.0,5,12.8,10.9,88,1007.9,57,2.6,-9900,-9900,0.0,0.0
2023,2,25,2,60,0.0,0.0,0.0,0.0,0.0,5,12.8,10.9,88,1008.0,58,2.8,-9900,-9900,0.0,0.0
2023,2,25,3,60,0.0,0.0,0.0,0.0,0.0,5,12.8,10.7,87,1007.7,63,2.0,-9900,-9900,0.0,0.0
2023,2,25,4,60,0.0,0.0,0.0,0.0,0.0,5,12.8,10.3,85,1008.0,65,2.1,-9900,-9900,0.0,0.0
2023,2,25,5,60,0.0,0.0,0.0,0.0,0.0,5,12.7,10.2,85,1008.5,56,1.9,-9900,-9900,0.0,0.0
2023,2,25,6,60,0.0,0.0,0.0,0.0,0.0,5,12.8,10.2,84,1009.3,48,3.2,-9900,-9900,0.0,0.0
2023,2,25,7,60,0.0,0.0,0.0,0.0,0.0,5,12.4,10.1,86,1009.9,53,3.9,-9900,-9900,0.0,0.0
2023,2,25,8,60,0.0,0.0,0.0,0.0,0.0,5,12.8,9.8,82,1010.6,60,3.4,-9900,-9900,0.0,0.0
2023,2,25,9,60,0.0,0.0,0.0,0.0,0.0,5,12.9,9.9,82,1011.6,72,2.1,-9900,-9900,0.0,0.0
2023,2,25,10,60,0.0,0.0,0.0,0.0,0.0,5,12.6,10.0,84,1012.0,50,3.2,-9900,-9900,0.0,0.0
2023,2,25,11,60,0.0,0.0,0.0,0.0,0.0,5,12.7,9.5,81,1012.0,49,3.0,-9900,-9900,0.0,0.0
2023,2,25,12,60,0.0,0.0,0.0,0.0,0.0,5,12.7,9.5,81,1011.6,56,3.0,-9900,-9900,0.0,0.0
2023,2,25,13,60,0.0,0.0,0.0,0.0,0.0,5,12.6,9.2,80,1011.3,49,3.4,-9900,-9900,0.0,0.0
2023,2,25,14,60,0.0,0.0,0.0,0.0,0.0,5,12.5,9.1,80,1010.9,50,3.1,-9900,-9900,0.0,0.0
2023,2,25,15,60,0.0,0.0,0.0,0.0,0.0,5,12.4,9.4,82,1011.2,55,3.4,-9900,-9900,0.0,0.0
2023,2,25,16,60,0.0,0.0,0.0,0.0,0.0,5,12.0,9.6,85,1011.7,54,3.1,-9900,-9900,0.0,0.0
2023,2,25,17,60,0.0,0.0,0.0,0.0,0.0,5,12.0,9.2,83,1012.3,59,3.3,-9900,-9900,0.0,0.0
2023,2,25,18,60,0.0,0.0,0.0,0.0,0.0,5,12.2,8.7,79,1013.0,67,2.9,-9900,-9900,0.0,0.0
2023,2,25,19,60,0.0,0.0,0.0,0.0,0.0,5,12.3,8.2,76,1013.6,83,3.4,-9900,-9900,0.0,0.0
2023,2,25,20,60,0.0,0.0,0.0,0.0,0.0,5,12.5,7.4,71,1014.5,83,4.1,-9900,-9900,0.0,0.0
2023,2,25,21,60,0.0,0.0,0.0,0.0,0.0,5,12.5,6.8,68,1014.8,74,4.4,-9900,-9900,0.0,0.0
2023,2,25,22,60,0.0,0.0,0.0,0.0,0.0,5,12.4,5.6,63,1014.9,79,4.2,-9900,-9900,0.0,0.0
2023,2,25,23,60,0.0,0.0,0.0,0.0,0.0,5,12.3,5.2,62,1015.0,79,3.1,-9900,-9900,0.0,0.0
2023,2,25,24,60,0.0,0.0,0.0,0.0,0.0,5,12.1,5.5,64,1015.0,73,3.3,-9900,-9900,0.0,0.0
2023,2,26,1,60,0.0,0.0,0.0,0.0,0.0,5,11.9,5.3,64,1014.8,74,3.1,-9900,-9900,0.0,0.0
2023,2,26,2,60,0.0,0.0,0.0,0.0,0.0,5,11.5,5.8,68,1014.5,65,2.8,-9900,-9900,0.0,0.0
2023,2,26,3,60,0.0,0.0,0.0,0.0,0.0,5,11.3,5.2,66,1014.3,71,3.6,-9900,-9900,0.0,0.0
2023,2,26,4,60,0.0,0.0,0.0,0.0,0.0,5,11.1,5.2,67,1014.0,63,3.1,-9900,-9900,0.0,0.0
2023,2,26,5,60,0.0,0.0,0.0,0.0,0.0,5,11.4,4.6,63,1014.2,71,3.6,-9900,-9900,0.0,0.0
2023,2,26,6,60,0.0,0.0,0.0,0.0,0.0,5,10.9,5.8,71,1014.4,70,3.1,-9900,-9900,0.0,0.0
2023,2,26,7,60,0.0,0.0,0.0,0.0,0.0,5,11.3,5.2,66,1015.0,78,2.8,-9900,-9900,0.0,0.0
2023,2,26,8,60,0.0,0.0,0.0,0.0,0.0,5,11.6,5.5,66,1015.4,80,2.6,-9900,-9900,0.0,0.0
2023,2,26,9,60,0.0,0.0,0.0,0.0,0.0,5,11.6,6.1,69,1016.0,67,3.2,-9900,-9900,0.0,0.0
2023,2,26,10,60,0.0,0.0,0.0,0.0,0.0,5,12.0,4.7,61,1015.9,77,3.4,-9900,-9900,0.0,0.0
2023,2,26,11,60,0.0,0.0,0.0,0.0,0.0,5,12.6,4.6,58,1015.5,74,2.5,-9900,-9900,0.0,0.0
2023,2,26,12,60,0.0,0.0,0.0,0.0,0.0,5,12.5,5.4,62,1014.8,87,4.5,-9900,-9900,0.0,0.0
2023,2,26,13,60,0.0,0.0,0.0,0.0,0.0,5,12.8,5.0,59,1013.9,75,3.8,-9900,-9900,0.0,0.0
2023,2,26,14,60,0.0,0.0,0.0,0.0,0.0,5,12.6,5.0,60,1013.3,72,3.3,-9900,-9900,0.0,0.0
2023,2,26,15,60,0.0,0.0,0.0,0.0,0.0,5,12.5,5.6,63,1013.1,78,2.9,-9900,-9900,0.0,0.0
2023,2,26,16,60,0.0,0.0,0.0,0.0,0.0,5,12.6,5.0,60,1013.2,78,3.6,-9900,-9900,0.0,0.0
2023,2,26,17,60,0.0,0.0,0.0,0.0,0.0,5,12.5,6.3,66,1013.5,73,3.7,-9900,-9900,0.0,0.0
2023,2,26,18,60,0.0,0.0,0.0,0.0,0.0,5,12.6,5.7,63,1013.6,75,2.0,-9900,-9900,0.0,0.0
2023,2,26,19,60,0.0,0.0,0.0,0.0,0.0,5,12.5,6.3,66,1013.5,84,3.3,-9900,-9900,0.0,0.0
2023,2,26,20,60,0.0,0.0,0.0,0.0,0.0,5,12.6,6.2,65,1013.6,73,3.5,-9900,-9900,0.0,0.0
2023,2,26,21,60,0.0,0.0,0.0,0.0,0.0,5,12.6,6.0,64,1013.9,79,3.4,-9900,-9900,0.0,0.0
2023,2,26,22,60,0.0,0.0,0.0,0.0,0.0,5,12.5,6.3,66,1013.6,77,3.4,-9900,-9900,0.0,0.0
2023,2,26,23,60,0.0,0.0,0.0,0.0,0.0,5,12.4,6.2,66,1013.2,82,3.1,-9900,-9900,0.0,0.0
2023,2,26,24,60,0.0,0.0,0.0,0.0,0.0,5,12.4,6.7,68,1012.9,72,3.2,-9900,-9900,0.0,0.0
2023,2,27,1,60,0.0,0.0,0.0,0.0,0.0,5,12.4,6.0,65,1012.4,76,3.4,-9900,-9900,0.0,0.0
2023,2,27,2,60,0.0,0.0,0.0,0.0,0.0,5,12.4,6.4,67,1012.0,71,3.5,-9900,-9900,0.0,0.0
2023,2,27,3,60,0.0,0.0,0.0,0.0,0.0,5,12.5,5.9,64,1011.3,70,2.5,-9900,-9900,0.0,0.0
2023,2,27,4,60,0.0,0.0,0.0,0.0,0.0,5,12.4,7.1,70,1011.0,77,2.9,-9900,-9900,0.0,0.0
2023,2,27,5,60,0.0,0.0,0.0,0.0,0.0,5,12.7,7.4,70,1011.1,69,3.5,-9900,-9900,0.0,0.0
2023,2,27,6,60,0.0,0.0,0.0,0.0,0.0,5,12.6,7.9,73,1011.4,72,2.8,-9900,-9900,0.0,0.0
2023,2,27,7,60,0.0,0.0,0.0,0.0,0.0,5,12.8,6.4,65,1011.6,89,2.4,-9900,-9900,0.0,0.0
2023,2,27,8,60,0.0,0.0,0.0,0.0,0.0,5,14.1,5.7,57,1011.9,77,3.2,-9900,-9900,0.0,0.0
2023,2,27,9,60,0.0,0.0,0.0,0.0,0.0,5,15.4,5.9,53,1011.8,74,3.9,-9900,-9900,0.0,0.0
2023,2,27,10,60,0.0,0.0,0.0,0.0,0.0,5,16.6,4.9,46,1011.5,81,4.7,-9900,-9900,0.0,0.0
2023,2,27,11,60,0.0,0.0,0.0,0.0,0.0,5,17.5,5.4,45,1011.0,77,4.3,-9900,-9900,0.0,0.0
2023,2,27,12,60,0.0,0.0,0.0,0.0,0.0,5,18.1,5.7,44,1010.3,90,6.4,-9900,-9900,0.0,0.0
2023,2,27,13,60,0.0,0.0,0.0,0.0,0.0,5,18.9,6.0,43,1009.4,86,5.0,-9900,-9900,0.0,0.0
2023,2,27,14,60,0.0,0.0,0.0,0.0,0.0,5,18.9,6.0,43,1009.4,86,5.0,-9900,-9900,0.0,0.0
2023,2,27,15,60,0.0,0.0,0.0,0.0,0.0,5,18.9,6.0,43,1009.4,86,5.0,-9900,-9900,0.0,0.0
2023,2,27,16,60,0.0,0.0,0.0,0.0,0.0,5,18.8,7.9,49,1008.1,76,3.9,-9900,-9900,0.0,0.0
2023,2,27,17,60,0.0,0.0,0.0,0.0,0.0,5,18.5,8.2,51,1008.2,74,3.2,-9900,-9900,0.0,0.0
2023,2,27,18,60,0.0,0.0,0.0,0.0,0.0,5,18.0,8.0,52,1008.9,84,3.5,-9900,-9900,0.0,0.0
2023,2,27,19,60,0.0,0.0,0.0,0.0,0.0,5,17.1,10.2,64,1008.7,77,3.2,-9900,-9900,0.0,0.0
2023,2,27,20,60,0.0,0.0,0.0,0.0,0.0,5,16.5,11.4,72,1008.9,72,3.4,-9900,-9900,0.0,0.0
2023,2,27,21,60,0.0,0.0,0.0,0.0,0.0,5,16.4,11.5,73,1008.7,67,3.3,-9900,-9900,0.0,0.0
2023,2,27,22,60,0.0,0.0,0.0,0.0,0.0,5,16.6,10.9,69,1008.4,73,3.1,-9900,-9900,0.0,0.0
2023,2,27,23,60,0.0,0.0,0.0,0.0,0.0,5,16.8,11.9,73,1008.0,74,3.2,-9900,-9900,0.0,0.0
2023,2,27,24,60,0.0,0.0,0.0,0.0,0.0,5,16.6,12.9,79,1007.7,72,3.2,-9900,-9900,0.0,0.0
2023,2,28,1,60,0.0,0.0,0.0,0.0,0.0,5,16.7,12.2,75,1007.3,79,3.2,-9900,-9900,0.0,0.0
2023,2,28,2,60,0.0,0.0,0.0,0.0,0.0,5,16.6,12.2,75,1006.7,92,3.2,-9900,-9900,0.0,0.0
2023,2,28,3,60,0.0,0.0,0.0,0.0,0.0,5,16.7,13.0,79,1006.3,93,3.6,-9900,-9900,0.0,0.0
2023,2,28,4,60,0.0,0.0,0.0,0.0,0.0,5,16.6,12.7,78,1006.4,98,3.2,-9900,-9900,0.0,0.0
2023,2,28,5,60,0.0,0.0,0.0,0.0,0.0,5,15.3,12.6,84,1006.6,123,1.4,-9900,-9900,0.0,0.0
2023,2,28,6,60,0.0,0.0,0.0,0.0,0.0,5,14.9,12.0,83,1007.1,144,0.5,-9900,-9900,0.0,0.0
2023,2,28,7,60,0.0,0.0,0.0,0.0,0.0,5,14.9,11.7,81,1007.6,0,0.0,-9900,-9900,0.0,0.0
2023,2,28,8,60,0.0,0.0,0.0,0.0,0.0,5,17.1,12.2,73,1008.0,0,0.0,-9900,-9900,0.0,0.0
2023,2,28,9,60,0.0,0.0,0.0,0.0,0.0,5,18.7,11.5,63,1008.2,110,0.5,-9900,-9900,0.0,0.0
2023,2,28,10,60,0.0,0.0,0.0,0.0,0.0,5,20.1,11.0,56,1007.9,86,0.8,-9900,-9900,0.0,0.0
2023,2,28,11,60,0.0,0.0,0.0,0.0,0.0,5,21.4,11.4,53,1007.0,218,0.7,-9900,-9900,0.0,0.0
2023,2,28,12,60,0.0,0.0,0.0,0.0,0.0,5,20.8,14.2,66,1005.8,315,2.5,-9900,-9900,0.0,0.0
2023,2,28,13,60,0.0,0.0,0.0,0.0,0.0,5,21.1,13.3,61,1004.9,314,3.1,-9900,-9900,0.0,0.0
2023,2,28,14,60,0.0,0.0,0.0,0.0,0.0,5,20.9,14.5,67,1004.2,305,2.0,-9900,-9900,0.0,0.0
2023,2,28,15,60,0.0,0.0,0.0,0.0,0.0,5,20.0,16.6,81,1003.9,290,1.8,-9900,-9900,0.0,0.0
2023,2,28,16,60,0.0,0.0,0.0,0.0,0.0,5,17.9,17.1,95,1003.9,315,2.7,-9900,-9900,0.0,0.0
2023,2,28,17,60,0.0,0.0,0.0,0.0,0.0,5,16.9,16.7,99,1004.2,319,1.9,-9900,-9900,0.0,0.0
2023,2,28,18,60,0.0,0.0,0.0,0.0,0.0,5,16.4,16.2,99,1004.5,271,1.6,-9900,-9900,0.0,0.0
2023,2,28,19,60,0.0,0.0,0.0,0.0,0.0,5,15.8,15.6,99,1004.8,259,2.3,-9900,-9900,0.0,0.0
2023,2,28,20,60,0.0,0.0,0.0,0.0,0.0,5,16.2,16.0,99,1005.1,270,0.7,-9900,-9900,0.0,0.0
2023,2,28,21,60,0.0,0.0,0.0,0.0,0.0,5,16.4,16.1,98,1004.9,272,1.0,-9900,-9900,0.0,0.0
2023,2,28,22,60,0.0,0.0,0.0,0.0,0.0,5,15.7,15.5,99,1004.8,281,1.2,-9900,-9900,0.0,0.0
2023,2,28,23,60,0.0,0.0,0.0,0.0,0.0,5,15.3,15.1,99,1004.9,264,1.3,-9900,-9900,0.0,0.0
2023,2,28,24,60,0.0,0.0,0.0,0.0,0.0,5,15.5,15.3,99,1004.3,266,0.4,-9900,-9900,0.0,0.0
2023,3,1,1,60,0.0,0.0,0.0,0.0,0.0,5,15.4,15.2,99,1004.2,271,0.3,-9900,-9900,0.0,0.0
2023,3,1,2,60,0.0,0.0,0.0,0.0,0.0,5,15.0,14.8,99,1003.8,294,1.0,-9900,-9900,0.0,0.0
2023,3,1,3,60,0.0,0.0,0.0,0.0,0.0,5,14.7,14.5,99,1003.6,292,1.1,-9900,-9900,0.0,0.0
2023,3,1,4,60,0.0,0.0,0.0,0.0,0.0,5,14.4,14.2,99,1003.8,283,1.1,-9900,-9900,0.0,0.0
2023,3,1,5,60,0.0,0.0,0.0,0.0,0.0,5,14.5,14.3,99,1004.1,266,1.2,-9900,-9900,0.0,0.0
2023,3,1,6,60,0.0,0.0,0.0,0.0,0.0,5,14.5,14.3,99,1004.5,289,1.3,-9900,-9900,0.0,0.0
2023,3,1,7,60,0.0,0.0,0.0,0.0,0.0,5,14.7,13.2,91,1005.2,266,1.8,-9900,-9900,0.0,0.0
2023,3,1,8,60,0.0,0.0,0.0,0.0,0.0,5,15.5,13.2,86,1005.8,283,0.6,-9900,-9900,0.0,0.0
2023,3,1,9,60,0.0,0.0,0.0,0.0,0.0,5,16.3,13.2,82,1006.0,251,0.4,-9900,-9900,0.0,0.0
2023,3,1,10,60,0.0,0.0,0.0,0.0,0.0,5,18.5,13.4,72,1006.0,0,0.0,-9900,-9900,0.0,0.0
2023,3,1,11,60,0.0,0.0,0.0,0.0,0.0,5,18.7,14.2,75,1005.8,311,1.0,-9900,-9900,0.0,0.0
2023,3,1,12,60,0.0,0.0,0.0,0.0,0.0,5,19.2,14.2,73,1005.0,279,1.3,-9900,-9900,0.0,0.0
2023,3,1,13,60,0.0,0.0,0.0,0.0,0.0,5,20.3,14.6,70,1004.0,358,1.3,-9900,-9900,0.0,0.0
2023,3,1,14,60,0.0,0.0,0.0,0.0,0.0,5,18.7,15.2,80,1003.7,1,2.3,-9900,-9900,0.0,0.0
2023,3,1,15,60,0.0,0.0,0.0,0.0,0.0,5,17.7,15.3,86,1003.6,24,2.6,-9900,-9900,0.0,0.0
2023,3,1,16,60,0.0,0.0,0.0,0.0,0.0,5,16.5,15.2,92,1003.6,26,2.3,-9900,-9900,0.0,0.0
2023,3,1,17,60,0.0,0.0,0.0,0.0,0.0,5,16.0,14.9,93,1004.0,50,1.8,-9900,-9900,0.0,0.0
2023,3,1,18,60,0.0,0.0,0.0,0.0,0.0,5,15.9,14.9,94,1004.8,31,2.0,-9900,-9900,0.0,0.0
2023,3,1,19,60,0.0,0.0,0.0,0.0,0.0,5,16.4,14.9,91,1005.6,39,1.3,-9900,-9900,0.0,0.0
2023,3,1,20,60,0.0,0.0,0.0,0.0,0.0,5,16.5,14.5,88,1006.2,54,1.4,-9900,-9900,0.0,0.0
2023,3,1,21,60,0.0,0.0,0.0,0.0,0.0,5,16.4,14.4,88,1006.9,68,1.3,-9900,-9900,0.0,0.0
2023,3,1,22,60,0.0,0.0,0.0,0.0,0.0,5,15.9,14.3,90,1007.4,62,1.4,-9900,-9900,0.0,0.0
2023,3,1,23,60,0.0,0.0,0.0,0.0,0.0,5,16.2,13.7,85,1007.6,76,1.4,-9900,-9900,0.0,0.0
2023,3,1,24,60,0.0,0.0,0.0,0.0,0.0,5,15.9,13.2,84,1007.7,57,1.1,-9900,-9900,0.0,0.0
2023,3,2,1,60,0.0,0.0,0.0,0.0,0.0,5,15.9,10.9,72,1007.5,61,3.1,-9900,-9900,0.0,0.0
2023,3,2,2,60,0.0,0.0,0.0,0.0,0.0,5,15.7,10.5,71,1007.6,58,2.5,-9900,-9900,0.0,0.0
2023,3,2,3,60,0.0,0.0,0.0,0.0,0.0,5,15.4,9.5,68,1007.7,53,1.8,-9900,-9900,0.0,0.0
2023,3,2,4,60,0.0,0.0,0.0,0.0,0.0,5,15.4,7.7,60,1008.2,60,2.4,-9900,-9900,0.0,0.0
2023,3,2,5,60,0.0,0.0,0.0,0.0,0.0,5,15.3,7.3,59,1008.7,64,3.3,-9900,-9900,0.0,0.0
2023,3,2,6,60,0.0,0.0,0.0,0.0,0.0,5,15.2,7.5,60,1009.4,59,2.4,-9900,-9900,0.0,0.0
2023,3,2,7,60,0.0,0.0,0.0,0.0,0.0,5,15.1,7.9,62,1010.1,66,2.6,-9900,-9900,0.0,0.0
2023,3,2,8,60,0.0,0.0,0.0,0.0,0.0,5,15.2,8.2,63,1010.7,58,3.0,-9900,-9900,0.0,0.0
2023,3,2,9,60,0.0,0.0,0.0,0.0,0.0,5,15.3,8.8,65,1011.1,64,3.1,-9900,-9900,0.0,0.0
2023,3,2,10,60,0.0,0.0,0.0,0.0,0.0,5,15.1,7.9,62,1011.3,67,2.8,-9900,-9900,0.0,0.0
2023,3,2,11,60,0.0,0.0,0.0,0.0,0.0,5,15.4,7.4,59,1011.0,64,2.7,-9900,-9900,0.0,0.0
2023,3,2,12,60,0.0,0.0,0.0,0.0,0.0,5,15.8,6.5,54,1010.2,80,3.4,-9900,-9900,0.0,0.0
2023,3,2,13,60,0.0,0.0,0.0,0.0,0.0,5,16.4,6.2,51,1009.5,85,3.9,-9900,-9900,0.0,0.0
2023,3,2,14,60,0.0,0.0,0.0,0.0,0.0,5,16.2,5.8,50,1008.6,85,4.3,-9900,-9900,0.0,0.0
2023,3,2,15,60,0.0,0.0,0.0,0.0,0.0,5,16.3,5.6,49,1008.3,83,4.6,-9900,-9900,0.0,0.0
2023,3,2,16,60,0.0,0.0,0.0,0.0,0.0,5,15.7,5.0,49,1008.5,82,3.6,-9900,-9900,0.0,0.0
2023,3,2,17,60,0.0,0.0,0.0,0.0,0.0,5,15.3,5.5,52,1008.8,80,3.4,-9900,-9900,0.0,0.0
2023,3,2,18,60,0.0,0.0,0.0,0.0,0.0,5,14.4,5.5,55,1009.5,79,3.4,-9900,-9900,0.0,0.0
2023,3,2,19,60,0.0,0.0,0.0,0.0,0.0,5,13.9,5.8,58,1009.6,77,3.0,-9900,-9900,0.0,0.0
2023,3,2,20,60,0.0,0.0,0.0,0.0,0.0,5,13.8,5.9,59,1010.1,76,3.1,-9900,-9900,0.0,0.0
2023,3,2,21,60,0.0,0.0,0.0,0.0,0.0,5,13.7,6.3,61,1010.5,82,2.9,-9900,-9900,0.0,0.0
2023,3,2,22,60,0.0,0.0,0.0,0.0,0.0,5,13.6,6.7,63,1010.1,78,3.1,-9900,-9900,0.0,0.0
2023,3,2,23,60,0.0,0.0,0.0,0.0,0.0,5,13.6,6.5,62,1009.8,79,3.0,-9900,-9900,0.0,0.0
2023,3,2,24,60,0.0,0.0,0.0,0.0,0.0,5,13.4,7.0,65,1009.6,72,3.6,-9900,-9900,0.0,0.0
2023,3,3,1,60,0.0,0.0,0.0,0.0,0.0,5,13.4,7.2,66,1009.2,67,3.6,-9900,-9900,0.0,0.0
2023,3,3,2,60,0.0,0.0,0.0,0.0,0.0,5,13.3,7.1,66,1008.7,61,2.9,-9900,-9900,0.0,0.0
2023,3,3,3,60,0.0,0.0,0.0,0.0,0.0,5,13.2,7.0,66,1008.4,64,3.0,-9900,-9900,0.0,0.0
2023,3,3,4,60,0.0,0.0,0.0,0.0,0.0,5,13.0,7.4,69,1008.2,57,3.1,-9900,-9900,0.0,0.0
2023,3,3,5,60,0.0,0.0,0.0,0.0,0.0,5,13.0,7.2,68,1008.2,68,2.8,-9900,-9900,0.0,0.0
2023,3,3,6,60,0.0,0.0,0.0,0.0,0.0,5,13.4,7.6,68,1008.3,65,2.9,-9900,-9900,0.0,0.0
2023,3,3,7,60,0.0,0.0,0.0,0.0,0.0,5,13.8,7.8,67,1008.6,77,2.4,-9900,-9900,0.0,0.0
2023,3,3,8,60,0.0,0.0,0.0,0.0,0.0,5,14.8,7.4,61,1008.8,74,3.6,-9900,-9900,0.0,0.0
2023,3,3,9,60,0.0,0.0,0.0,0.0,0.0,5,15.7,7.7,59,1008.7,75,4.7,-9900,-9900,0.0,0.0
2023,3,3,10,60,0.0,0.0,0.0,0.0,0.0,5,17.3,7.9,54,1008.2,83,3.3,-9900,-9900,0.0,0.0
2023,3,3,11,60,0.0,0.0,0.0,0.0,0.0,5,17.7,7.7,52,1007.4,91,3.6,-9900,-9900,0.0,0.0
2023,3,3,12,60,0.0,0.0,0.0,0.0,0.0,5,18.0,8.0,52,1006.6,80,3.8,-9900,-9900,0.0,0.0
2023,3,3,13,60,0.0,0.0,0.0,0.0,0.0,5,18.2,8.5,53,1005.8,77,3.2,-9900,-9900,0.0,0.0
2023,3,3,14,60,0.0,0.0,0.0,0.0,0.0,5,19.1,9.0,52,1005.2,64,2.1,-9900,-9900,0.0,0.0
2023,3,3,15,60,0.0,0.0,0.0,0.0,0.0,5,17.7,9.1,57,1005.2,62,2.5,-9900,-9900,0.0,0.0
2023,3,3,16,60,0.0,0.0,0.0,0.0,0.0,5,17.4,9.3,59,1005.2,77,3.0,-9900,-9900,0.0,0.0
2023,3,3,17,60,0.0,0.0,0.0,0.0,0.0,5,17.0,9.4,61,1005.6,67,2.4,-9900,-9900,0.0,0.0
2023,3,3,18,60,0.0,0.0,0.0,0.0,0.0,5,16.5,9.9,65,1006.1,76,2.0,-9900,-9900,0.0,0.0
2023,3,3,19,60,0.0,0.0,0.0,0.0,0.0,5,16.1,10.4,69,1006.5,79,2.9,-9900,-9900,0.0,0.0
2023,3,3,20,60,0.0,0.0,0.0,0.0,0.0,5,15.9,10.6,71,1007.2,90,2.9,-9900,-9900,0.0,0.0
2023,3,3,21,60,0.0,0.0,0.0,0.0,0.0,5,15.8,10.8,72,1007.5,89,4.0,-9900,-9900,0.0,0.0
2023,3,3,22,60,0.0,0.0,0.0,0.0,0.0,5,15.7,11.1,74,1007.6,87,2.1,-9900,-9900,0.0,0.0
2023,3,3,23,60,0.0,0.0,0.0,0.0,0.0,5,15.6,11.4,76,1007.5,96,2.8,-9900,-9900,0.0,0.0
2023,3,3,24,60,0.0,0.0,0.0,0.0,0.0,5,15.5,11.5,77,1007.3,91,2.2,-9900,-9900,0.0,0.0
2023,3,4,1,60,0.0,0.0,0.0,0.0,0.0,5,15.5,11.7,78,1007.4,70,1.7,-9900,-9900,0.0,0.0
2023,3,4,2,60,0.0,0.0,0.0,0.0,0.0,5,14.8,12.1,84,1007.6,18,0.8,-9900,-9900,0.0,0.0
2023,3,4,3,60,0.0,0.0,0.0,0.0,0.0,5,14.5,12.5,88,1006.8,80,0.9,-9900,-9900,0.0,0.0
2023,3,4,4,60,0.0,0.0,0.0,0.0,0.0,5,14.6,12.6,88,1006.9,320,0.7,-9900,-9900,0.0,0.0
2023,3,4,5,60,0.0,0.0,0.0,0.0,0.0,5,14.6,13.0,90,1007.2,16,1.3,-9900,-9900,0.0,0.0
2023,3,4,6,60,0.0,0.0,0.0,0.0,0.0,5,14.9,12.6,86,1007.6,26,1.4,-9900,-9900,0.0,0.0
2023,3,4,7,60,0.0,0.0,0.0,0.0,0.0,5,14.7,11.8,83,1008.6,35,3.3,-9900,-9900,0.0,0.0
2023,3,4,8,60,0.0,0.0,0.0,0.0,0.0,5,14.9,10.7,76,1009.1,44,1.8,-9900,-9900,0.0,0.0
2023,3,4,9,60,0.0,0.0,0.0,0.0,0.0,5,15.3,10.9,75,1009.6,52,1.1,-9900,-9900,0.0,0.0
2023,3,4,10,60,0.0,0.0,0.0,0.0,0.0,5,15.9,10.6,71,1009.7,37,2.7,-9900,-9900,0.0,0.0
2023,3,4,11,60,0.0,0.0,0.0,0.0,0.0,5,16.6,10.9,69,1009.3,33,2.6,-9900,-9900,0.0,0.0
2023,3,4,12,60,0.0,0.0,0.0,0.0,0.0,5,17.3,9.2,59,1008.5,37,2.5,-9900,-9900,0.0,0.0
2023,3,4,13,60,0.0,0.0,0.0,0.0,0.0,5,18.4,8.6,53,1007.9,39,3.5,-9900,-9900,0.0,0.0
2023,3,4,14,60,0.0,0.0,0.0,0.0,0.0,5,17.5,9.9,61,1007.1,25,4.0,-9900,-9900,0.0,0.0
2023,3,4,15,60,0.0,0.0,0.0,0.0,0.0,5,18.2,10.3,60,1006.8,42,2.4,-9900,-9900,0.0,0.0
2023,3,4,16,60,0.0,0.0,0.0,0.0,0.0,5,17.0,10.4,65,1006.9,33,3.9,-9900,-9900,0.0,0.0
2023,3,4,17,60,0.0,0.0,0.0,0.0,0.0,5,16.9,10.3,65,1007.2,38,3.2,-9900,-9900,0.0,0.0
2023,3,4,18,60,0.0,0.0,0.0,0.0,0.0,5,16.9,8.3,57,1007.6,87,2.2,-9900,-9900,0.0,0.0
2023,3,4,19,60,0.0,0.0,0.0,0.0,0.0,5,16.2,8.4,60,1008.0,73,2.1,-9900,-9900,0.0,0.0
2023,3,4,20,60,0.0,0.0,0.0,0.0,0.0,5,15.8,8.8,63,1008.7,79,1.6,-9900,-9900,0.0,0.0
2023,3,4,21,60,0.0,0.0,0.0,0.0,0.0,5,15.6,8.6,63,1009.0,82,2.5,-9900,-9900,0.0,0.0
2023,3,4,22,60,0.0,0.0,0.0,0.0,0.0,5,15.4,8.4,63,1009.0,89,3.4,-9900,-9900,0.0,0.0
2023,3,4,23,60,0.0,0.0,0.0,0.0,0.0,5,15.3,7.8,61,1008.7,91,2.9,-9900,-9900,0.0,0.0
2023,3,4,24,60,0.0,0.0,0.0,0.0,0.0,5,15.1,7.4,60,1008.6,94,2.5,-9900,-9900,0.0,0.0
2023,3,5,1,60,0.0,0.0,0.0,0.0,0.0,5,14.9,7.2,60,1008.3,94,2.8,-9900,-9900,0.0,0.0
2023,3,5,2,60,0.0,0.0,0.0,0.0,0.0,5,14.6,6.9,60,1008.1,86,2.5,-9900,-9900,0.0,0.0
2023,3,5,3,60,0.0,0.0,0.0,0.0,0.0,5,14.1,7.2,63,1008.0,89,2.4,-9900,-9900,0.0,0.0
2023,3,5,4,60,0.0,0.0,0.0,0.0,0.0,5,13.4,7.2,66,1007.8,89,2.2,-9900,-9900,0.0,0.0
2023,3,5,5,60,0.0,0.0,0.0,0.0,0.0,5,13.5,6.1,61,1007.9,83,2.1,-9900,-9900,0.0,0.0
2023,3,5,6,60,0.0,0.0,0.0,0.0,0.0,5,13.8,5.7,58,1008.2,87,1.8,-9900,-9900,0.0,0.0
2023,3,5,7,60,0.0,0.0,0.0,0.0,0.0,5,14.1,5.2,55,1008.6,89,2.1,-9900,-9900,0.0,0.0
2023,3,5,8,60,0.0,0.0,0.0,0.0,0.0,5,15.8,5.4,50,1009.2,87,1.9,-9900,-9900,0.0,0.0
2023,3,5,9,60,0.0,0.0,0.0,0.0,0.0,5,17.4,5.7,46,1009.3,90,2.6,-9900,-9900,0.0,0.0
2023,3,5,10,60,0.0,0.0,0.0,0.0,0.0,5,18.2,4.4,40,1009.2,75,3.3,-9900,-9900,0.0,0.0
2023,3,5,11,60,0.0,0.0,0.0,0.0,0.0,5,18.8,4.2,38,1008.5,85,2.8,-9900,-9900,0.0,0.0
2023,3,5,12,60,0.0,0.0,0.0,0.0,0.0,5,20.2,3.4,33,1007.6,58,2.3,-9900,-9900,0.0,0.0
2023,3,5,13,60,0.0,0.0,0.0,0.0,0.0,5,20.1,5.7,39,1006.3,41,2.1,-9900,-9900,0.0,0.0
2023,3,5,14,60,0.0,0.0,0.0,0.0,0.0,5,19.1,6.2,43,1005.4,25,3.5,-9900,-9900,0.0,0.0
2023,3,5,15,60,0.0,0.0,0.0,0.0,0.0,5,18.7,6.8,46,1005.1,19,3.9,-9900,-9900,0.0,0.0
2023,3,5,16,60,0.0,0.0,0.0,0.0,0.0,5,18.5,6.3,45,1005.1,37,4.0,-9900,-9900,0.0,0.0
2023,3,5,17,60,0.0,0.0,0.0,0.0,0.0,5,18.4,4.9,41,1005.3,82,2.9,-9900,-9900,0.0,0.0
2023,3,5,18,60,0.0,0.0,0.0,0.0,0.0,5,17.1,5.1,45,1005.8,84,2.5,-9900,-9900,0.0,0.0
2023,3,5,19,60,0.0,0.0,0.0,0.0,0.0,5,16.5,3.9,43,1006.1,73,3.3,-9900,-9900,0.0,0.0
2023,3,5,20,60,0.0,0.0,0.0,0.0,0.0,5,16.2,4.2,45,1006.7,70,2.5,-9900,-9900,0.0,0.0
2023,3,5,21,60,0.0,0.0,0.0,0.0,0.0,5,15.7,4.7,48,1007.0,70,2.6,-9900,-9900,0.0,0.0
2023,3,5,22,60,0.0,0.0,0.0,0.0,0.0,5,15.6,4.6,48,1007.1,76,2.3,-9900,-9900,0.0,0.0
2023,3,5,23,60,0.0,0.0,0.0,0.0,0.0,5,15.2,4.8,50,1006.9,83,2.8,-9900,-9900,0.0,0.0
2023,3,5,24,60,0.0,0.0,0.0,0.0,0.0,5,14.7,4.9,52,1006.8,87,2.6,-9900,-9900,0.0,0.0
2023,3,6,1,60,0.0,0.0,0.0,0.0,0.0,5,14.2,5.3,55,1006.2,86,2.8,-9900,-9900,0.0,0.0
2023,3,6,2,60,0.0,0.0,0.0,0.0,0.0,5,14.0,5.4,56,1005.9,89,3.0,-9900,-9900,0.0,0.0
2023,3,6,3,60,0.0,0.0,0.0,0.0,0.0,5,14.0,5.4,56,1005.7,92,3.2,-9900,-9900,0.0,0.0
2023,3,6,4,60,0.0,0.0,0.0,0.0,0.0,5,14.0,5.4,56,1005.4,83,2.2,-9900,-9900,0.0,0.0
2023,3,6,5,60,0.0,0.0,0.0,0.0,0.0,5,13.7,5.6,58,1005.7,71,2.0,-9900,-9900,0.0,0.0
2023,3,6,6,60,0.0,0.0,0.0,0.0,0.0,5,13.6,5.7,59,1006.0,77,1.9,-9900,-9900,0.0,0.0
2023,3,6,7,60,0.0,0.0,0.0,0.0,0.0,5,14.5,5.8,56,1006.5,73,2.0,-9900,-9900,0.0,0.0
2023,3,6,8,60,0.0,0.0,0.0,0.0,0.0,5,15.8,5.7,51,1007.1,74,2.3,-9900,-9900,0.0,0.0
2023,3,6,9,60,0.0,0.0,0.0,0.0,0.0,5,17.9,5.1,43,1007.4,73,1.8,-9900,-9900,0.0,0.0
2023,3,6,10,60,0.0,0.0,0.0,0.0,0.0,5,19.0,3.2,35,1007.1,92,3.7,-9900,-9900,0.0,0.0
2023,3,6,11,60,0.0,0.0,0.0,0.0,0.0,5,20.6,4.6,35,1006.5,79,2.2,-9900,-9900,0.0,0.0
2023,3,6,12,60,0.0,0.0,0.0,0.0,0.0,5,21.5,2.7,29,1005.4,87,2.9,-9900,-9900,0.0,0.0
2023,3,6,13,60,0.0,0.0,0.0,0.0,0.0,5,22.0,1.1,25,1004.6,94,3.9,-9900,-9900,0.0,0.0
2023,3,6,14,60,0.0,0.0,0.0,0.0,0.0,5,22.3,0.7,24,1003.5,86,3.2,-9900,-9900,0.0,0.0
2023,3,6,15,60,0.0,0.0,0.0,0.0,0.0,5,22.0,2.6,28,1003.0,84,3.9,-9900,-9900,0.0,0.0
2023,3,6,16,60,0.0,0.0,0.0,0.0,0.0,5,21.4,4.0,32,1003.0,79,3.3,-9900,-9900,0.0,0.0
2023,3,6,17,60,0.0,0.0,0.0,0.0,0.0,5,20.3,5.5,38,1003.1,90,3.6,-9900,-9900,0.0,0.0
2023,3,6,18,60,0.0,0.0,0.0,0.0,0.0,5,18.8,6.3,44,1003.5,82,3.9,-9900,-9900,0.0,0.0
2023,3,6,19,60,0.0,0.0,0.0,0.0,0.0,5,18.0,6.2,46,1003.9,88,3.8,-9900,-9900,0.0,0.0
2023,3,6,20,60,0.0,0.0,0.0,0.0,0.0,5,17.5,6.4,48,1004.2,94,3.5,-9900,-9900,0.0,0.0
2023,3,6,21,60,0.0,0.0,0.0,0.0,0.0,5,17.2,6.7,50,1004.6,98,3.5,-9900,-9900,0.0,0.0
2023,3,6,22,60,0.0,0.0,0.0,0.0,0.0,5,16.9,7.0,52,1004.7,97,2.7,-9900,-9900,0.0,0.0
2023,3,6,23,60,0.0,0.0,0.0,0.0,0.0,5,16.5,7.4,55,1004.7,95,2.0,-9900,-9900,0.0,0.0
2023,3,6,24,60,0.0,0.0,0.0,0.0,0.0,5,16.0,7.7,58,1004.7,118,1.6,-9900,-9900,0.0,0.0
2023,3,7,1,60,0.0,0.0,0.0,0.0,0.0,5,15.0,8.0,63,1004.4,143,0.9,-9900,-9900,0.0,0.0
2023,3,7,2,60,0.0,0.0,0.0,0.0,0.0,5,15.0,8.0,63,1004.0,133,1.2,-9900,-9900,0.0,0.0
2023,3,7,3,60,0.0,0.0,0.0,0.0,0.0,5,14.7,8.2,65,1003.6,142,1.1,-9900,-9900,0.0,0.0
2023,3,7,4,60,0.0,0.0,0.0,0.0,0.0,5,14.1,8.5,69,1003.4,149,1.3,-9900,-9900,0.0,0.0
2023,3,7,5,60,0.0,0.0,0.0,0.0,0.0,5,14.4,8.3,67,1003.7,149,1.5,-9900,-9900,0.0,0.0
2023,3,7,6,60,0.0,0.0,0.0,0.0,0.0,5,14.4,8.1,66,1004.3,124,1.1,-9900,-9900,0.0,0.0
2023,3,7,7,60,0.0,0.0,0.0,0.0,0.0,5,14.5,8.0,65,1004.9,132,1.5,-9900,-9900,0.0,0.0
2023,3,7,8,60,0.0,0.0,0.0,0.0,0.0,5,16.4,8.9,61,1005.3,139,0.8,-9900,-9900,0.0,0.0
2023,3,7,9,60,0.0,0.0,0.0,0.0,0.0,5,18.5,8.7,53,1005.5,99,1.0,-9900,-9900,0.0,0.0
2023,3,7,10,60,0.0,0.0,0.0,0.0,0.0,5,20.9,8.2,44,1005.5,44,0.4,-9900,-9900,0.0,0.0
2023,3,7,11,60,0.0,0.0,0.0,0.0,0.0,5,23.7,8.1,37,1004.9,274,0.3,-9900,-9900,0.0,0.0
2023,3,7,12,60,0.0,0.0,0.0,0.0,0.0,5,23.9,7.9,36,1004.3,56,0.3,-9900,-9900,0.0,0.0
2023,3,7,13,60,0.0,0.0,0.0,0.0,0.0,5,21.7,9.6,46,1003.6,318,3.0,-9900,-9900,0.0,0.0
2023,3,7,14,60,0.0,0.0,0.0,0.0,0.0,5,21.8,9.7,46,1002.9,320,2.2,-9900,-9900,0.0,0.0
2023,3,7,15,60,0.0,0.0,0.0,0.0,0.0,5,21.3,7.5,41,1003.1,319,1.9,-9900,-9900,0.0,0.0
2023,3,7,16,60,0.0,0.0,0.0,0.0,0.0,5,21.3,8.9,45,1002.7,11,1.3,-9900,-9900,0.0,0.0
2023,3,7,17,60,0.0,0.0,0.0,0.0,0.0,5,20.9,8.8,46,1002.0,80,1.0,-9900,-9900,0.0,0.0
2023,3,7,18,60,0.0,0.0,0.0,0.0,0.0,5,20.9,7.2,41,1002.1,359,0.5,-9900,-9900,0.0,0.0
2023,3,7,19,60,0.0,0.0,0.0,0.0,0.0,5,20.0,9.8,52,1002.8,349,0.8,-9900,-9900,0.0,0.0
2023,3,7,20,60,0.0,0.0,0.0,0.0,0.0,5,18.9,11.2,61,1003.4,54,0.5,-9900,-9900,0.0,0.0
2023,3,7,21,60,0.0,0.0,0.0,0.0,0.0,5,18.2,10.6,61,1003.9,91,0.9,-9900,-9900,0.0,0.0
2023,3,7,22,60,0.0,0.0,0.0,0.0,0.0,5,17.7,10.6,63,1004.0,132,1.5,-9900,-9900,0.0,0.0
2023,3,7,23,60,0.0,0.0,0.0,0.0,0.0,5,16.6,11.3,71,1003.9,124,1.7,-9900,-9900,0.0,0.0
2023,3,7,24,60,0.0,0.0,0.0,0.0,0.0,5,16.0,11.6,75,1003.6,139,1.4,-9900,-9900,0.0,0.0
2023,3,8,1,60,0.0,0.0,0.0,0.0,0.0,5,15.8,11.4,75,1003.1,121,1.7,-9900,-9900,0.0,0.0
2023,3,8,2,60,0.0,0.0,0.0,0.0,0.0,5,15.4,11.6,78,1002.4,144,1.4,-9900,-9900,0.0,0.0
2023,3,8,3,60,0.0,0.0,0.0,0.0,0.0,5,15.6,11.0,74,1002.2,142,1.1,-9900,-9900,0.0,0.0
2023,3,8,4,60,0.0,0.0,0.0,0.0,0.0,5,15.7,10.5,71,1002.2,137,0.9,-9900,-9900,0.0,0.0
2023,3,8,5,60,0.0,0.0,0.0,0.0,0.0,5,15.5,8.9,65,1002.7,141,0.7,-9900,-9900,0.0,0.0
2023,3,8,6,60,0.0,0.0,0.0,0.0,0.0,5,15.4,8.9,65,1003.0,147,0.9,-9900,-9900,0.0,0.0
2023,3,8,7,60,0.0,0.0,0.0,0.0,0.0,5,15.8,7.3,57,1003.8,200,0.7,-9900,-9900,0.0,0.0
2023,3,8,8,60,0.0,0.0,0.0,0.0,0.0,5,17.3,7.3,52,1004.4,149,0.8,-9900,-9900,0.0,0.0
2023,3,8,9,60,0.0,0.0,0.0,0.0,0.0,5,19.6,7.7,46,1004.5,117,0.8,-9900,-9900,0.0,0.0
2023,3,8,10,60,0.0,0.0,0.0,0.0,0.0,5,21.8,8.0,41,1004.4,292,0.3,-9900,-9900,0.0,0.0
2023,3,8,11,60,0.0,0.0,0.0,0.0,0.0,5,22.4,9.2,43,1004.1,316,1.5,-9900,-9900,0.0,0.0
2023,3,8,12,60,0.0,0.0,0.0,0.0,0.0,5,22.2,12.7,55,1003.3,318,2.2,-9900,-9900,0.0,0.0
2023,3,8,13,60,0.0,0.0,0.0,0.0,0.0,5,22.1,12.1,53,1002.2,312,3.1,-9900,-9900,0.0,0.0
2023,3,8,14,60,0.0,0.0,0.0,0.0,0.0,5,22.1,10.3,47,1001.6,315,2.9,-9900,-9900,0.0,0.0
2023,3,8,15,60,0.0,0.0,0.0,0.0,0.0,5,22.1,10.6,48,1001.4,342,1.1,-9900,-9900,0.0,0.0
2023,3,8,16,60,0.0,0.0,0.0,0.0,0.0,5,21.1,11.1,53,1001.1,352,1.1,-9900,-9900,0.0,0.0
2023,3,8,17,60,0.0,0.0,0.0,0.0,0.0,5,20.7,11.1,54,1001.4,359,0.9,-9900,-9900,0.0,0.0
2023,3,8,18,60,0.0,0.0,0.0,0.0,0.0,5,19.6,11.4,59,1001.5,12,0.7,-9900,-9900,0.0,0.0
2023,3,8,19,60,0.0,0.0,0.0,0.0,0.0,5,19.2,10.7,58,1001.7,5,0.3,-9900,-9900,0.0,0.0
2023,3,8,20,60,0.0,0.0,0.0,0.0,0.0,5,19.2,10.7,58,1002.0,0,0.0,-9900,-9900,0.0,0.0
2023,3,8,21,60,0.0,0.0,0.0,0.0,0.0,5,19.1,10.9,59,1002.2,72,0.7,-9900,-9900,0.0,0.0
2023,3,8,22,60,0.0,0.0,0.0,0.0,0.0,5,18.4,11.9,66,1002.2,0,0.0,-9900,-9900,0.0,0.0
2023,3,8,23,60,0.0,0.0,0.0,0.0,0.0,5,18.1,11.6,66,1001.8,128,0.9,-9900,-9900,0.0,0.0
2023,3,8,24,60,0.0,0.0,0.0,0.0,0.0,5,17.4,12.3,72,1001.8,116,1.0,-9900,-9900,0.0,0.0
2023,3,9,1,60,0.0,0.0,0.0,0.0,0.0,5,16.6,12.7,78,1001.3,128,1.6,-9900,-9900,0.0,0.0
2023,3,9,2,60,0.0,0.0,0.0,0.0,0.0,5,16.7,12.6,77,1001.0,128,0.6,-9900,-9900,0.0,0.0
2023,3,9,3,60,0.0,0.0,0.0,0.0,0.0,5,16.5,13.0,80,1000.6,352,0.4,-9900,-9900,0.0,0.0
2023,3,9,4,60,0.0,0.0,0.0,0.0,0.0,5,16.2,13.5,84,1000.9,262,0.8,-9900,-9900,0.0,0.0
2023,3,9,5,60,0.0,0.0,0.0,0.0,0.0,5,15.8,14.5,92,1001.4,0,0.2,-9900,-9900,0.0,0.0
2023,3,9,6,60,0.0,0.0,0.0,0.0,0.0,5,16.1,14.5,90,1001.9,0,0.0,-9900,-9900,0.0,0.0
2023,3,9,7,60,0.0,0.0,0.0,0.0,0.0,5,16.7,14.2,85,1002.3,31,0.3,-9900,-9900,0.0,0.0
2023,3,9,8,60,0.0,0.0,0.0,0.0,0.0,5,17.0,15.0,88,1002.4,142,0.9,-9900,-9900,0.0,0.0
2023,3,9,9,60,0.0,0.0,0.0,0.0,0.0,5,17.8,14.3,80,1002.7,20,0.5,-9900,-9900,0.0,0.0
2023,3,9,10,60,0.0,0.0,0.0,0.0,0.0,5,19.6,11.4,59,1002.8,38,1.1,-9900,-9900,0.0,0.0
2023,3,9,11,60,0.0,0.0,0.0,0.0,0.0,5,20.6,11.0,54,1002.7,355,1.2,-9900,-9900,0.0,0.0
2023,3,9,12,60,0.0,0.0,0.0,0.0,0.0,5,20.3,12.3,60,1002.1,29,1.3,-9900,-9900,0.0,0.0
2023,3,9,13,60,0.0,0.0,0.0,0.0,0.0,5,23.3,9.3,41,1000.9,287,0.6,-9900,-9900,0.0,0.0
2023,3,9,14,60,0.0,0.0,0.0,0.0,0.0,5,22.0,7.4,39,1000.3,23,1.9,-9900,-9900,0.0,0.0
2023,3,9,15,60,0.0,0.0,0.0,0.0,0.0,5,22.6,6.8,36,1000.1,347,1.5,-9900,-9900,0.0,0.0
2023,3,9,16,60,0.0,0.0,0.0,0.0,0.0,5,19.0,13.0,68,1000.7,4,2.7,-9900,-9900,0.0,0.0
2023,3,9,17,60,0.0,0.0,0.0,0.0,0.0,5,19.9,10.3,54,1000.6,4,1.8,-9900,-9900,0.0,0.0
2023,3,9,18,60,0.0,0.0,0.0,0.0,0.0,5,17.5,14.0,80,1001.2,24,0.9,-9900,-9900,0.0,0.0
2023,3,9,19,60,0.0,0.0,0.0,0.0,0.0,5,16.6,14.6,88,1001.4,357,0.3,-9900,-9900,0.0,0.0
2023,3,9,20,60,0.0,0.0,0.0,0.0,0.0,5,17.6,10.7,64,1001.9,81,1.2,-9900,-9900,0.0,0.0
2023,3,9,21,60,0.0,0.0,0.0,0.0,0.0,5,18.2,10.1,59,1002.2,77,1.8,-9900,-9900,0.0,0.0
2023,3,9,22,60,0.0,0.0,0.0,0.0,0.0,5,18.2,8.7,54,1002.3,73,2.1,-9900,-9900,0.0,0.0
2023,3,9,23,60,0.0,0.0,0.0,0.0,0.0,5,17.9,9.3,57,1001.9,93,2.9,-9900,-9900,0.0,0.0
2023,3,9,24,60,0.0,0.0,0.0,0.0,0.0,5,18.0,9.9,59,1001.5,84,2.8,-9900,-9900,0.0,0.0
2023,3,10,1,60,0.0,0.0,0.0,0.0,0.0,5,18.4,11.9,66,1001.1,82,2.9,-9900,-9900,0.0,0.0
2023,3,10,2,60,0.0,0.0,0.0,0.0,0.0,5,17.6,13.7,78,1000.9,87,3.8,-9900,-9900,0.0,0.0
2023,3,10,3,60,0.0,0.0,0.0,0.0,0.0,5,17.8,14.7,82,1000.5,87,3.0,-9900,-9900,0.0,0.0
2023,3,10,4,60,0.0,0.0,0.0,0.0,0.0,5,17.9,14.6,81,1000.4,90,2.4,-9900,-9900,0.0,0.0
2023,3,10,5,60,0.0,0.0,0.0,0.0,0.0,5,17.5,14.8,84,1000.7,88,3.7,-9900,-9900,0.0,0.0
2023,3,10,6,60,0.0,0.0,0.0,0.0,0.0,5,17.6,14.9,84,1001.2,91,3.2,-9900,-9900,0.0,0.0
2023,3,10,7,60,0.0,0.0,0.0,0.0,0.0,5,18.2,14.7,80,1001.8,71,3.5,-9900,-9900,0.0,0.0
2023,3,10,8,60,0.0,0.0,0.0,0.0,0.0,5,19.4,14.2,72,1002.2,72,3.3,-9900,-9900,0.0,0.0
2023,3,10,9,60,0.0,0.0,0.0,0.0,0.0,5,20.8,13.3,62,1002.4,77,3.6,-9900,-9900,0.0,0.0
2023,3,10,10,60,0.0,0.0,0.0,0.0,0.0,5,22.2,12.7,55,1002.0,71,4.4,-9900,-9900,0.0,0.0
2023,3,10,11,60,0.0,0.0,0.0,0.0,0.0,5,23.9,10.9,44,1001.3,73,3.7,-9900,-9900,0.0,0.0
2023,3,10,12,60,0.0,0.0,0.0,0.0,0.0,5,24.1,10.4,42,1000.1,78,4.8,-9900,-9900,0.0,0.0
2023,3,10,13,60,0.0,0.0,0.0,0.0,0.0,5,24.8,10.7,41,998.8,80,4.3,-9900,-9900,0.0,0.0
2023,3,10,14,60,0.0,0.0,0.0,0.0,0.0,5,24.5,11.1,43,998.0,82,5.0,-9900,-9900,0.0,0.0
2023,3,10,15,60,0.0,0.0,0.0,0.0,0.0,5,24.1,10.4,42,997.7,80,4.0,-9900,-9900,0.0,0.0
2023,3,10,16,60,0.0,0.0,0.0,0.0,0.0,5,23.6,12.0,48,998.1,80,3.4,-9900,-9900,0.0,0.0
2023,3,10,17,60,0.0,0.0,0.0,0.0,0.0,5,22.4,12.1,52,998.3,85,4.1,-9900,-9900,0.0,0.0
2023,3,10,18,60,0.0,0.0,0.0,0.0,0.0,5,21.2,12.1,56,998.7,92,4.7,-9900,-9900,0.0,0.0
2023,3,10,19,60,0.0,0.0,0.0,0.0,0.0,5,20.5,11.7,57,999.1,95,5.2,-9900,-9900,0.0,0.0
2023,3,10,20,60,0.0,0.0,0.0,0.0,0.0,5,20.3,11.8,58,999.7,93,4.9,-9900,-9900,0.0,0.0
2023,3,10,21,60,0.0,0.0,0.0,0.0,0.0,5,20.0,11.5,58,1000.4,95,3.9,-9900,-9900,0.0,0.0
2023,3,10,22,60,0.0,0.0,0.0,0.0,0.0,5,19.9,10.3,54,1000.8,94,3.6,-9900,-9900,0.0,0.0
2023,3,10,23,60,0.0,0.0,0.0,0.0,0.0,5,19.8,9.9,53,1000.9,94,3.4,-9900,-9900,0.0,0.0
2023,3,10,24,60,0.0,0.0,0.0,0.0,0.0,5,19.6,9.8,53,1000.8,98,2.8,-9900,-9900,0.0,0.0
2023,3,11,1,60,0.0,0.0,0.0,0.0,0.0,5,19.3,11.1,59,1000.7,94,3.2,-9900,-9900,0.0,0.0
2023,3,11,2,60,0.0,0.0,0.0,0.0,0.0,5,19.1,13.7,71,1000.8,96,3.9,-9900,-9900,0.0,0.0
2023,3,11,3,60,0.0,0.0,0.0,0.0,0.0,5,18.9,14.0,73,1000.0,96,3.8,-9900,-9900,0.0,0.0
2023,3,11,4,60,0.0,0.0,0.0,0.0,0.0,5,18.6,13.2,71,1000.2,100,2.4,-9900,-9900,0.0,0.0
2023,3,11,5,60,0.0,0.0,0.0,0.0,0.0,5,18.2,12.6,70,1000.9,122,0.9,-9900,-9900,0.0,0.0
2023,3,11,6,60,0.0,0.0,0.0,0.0,0.0,5,18.0,12.7,71,1000.9,113,1.6,-9900,-9900,0.0,0.0
2023,3,11,7,60,0.0,0.0,0.0,0.0,0.0,5,18.3,13.0,71,1001.6,129,1.2,-9900,-9900,0.0,0.0
2023,3,11,8,60,0.0,0.0,0.0,0.0,0.0,5,19.4,12.9,66,1002.2,130,2.1,-9900,-9900,0.0,0.0
2023,3,11,9,60,0.0,0.0,0.0,0.0,0.0,5,21.4,11.4,53,1002.2,117,1.4,-9900,-9900,0.0,0.0
2023,3,11,10,60,0.0,0.0,0.0,0.0,0.0,5,23.8,12.1,48,1002.3,29,0.9,-9900,-9900,0.0,0.0
2023,3,11,11,60,0.0,0.0,0.0,0.0,0.0,5,25.4,11.6,42,1002.0,0,0.0,-9900,-9900,0.0,0.0
2023,3,11,12,60,0.0,0.0,0.0,0.0,0.0,5,25.5,11.6,42,1001.3,282,1.2,-9900,-9900,0.0,0.0
2023,3,11,13,60,0.0,0.0,0.0,0.0,0.0,5,25.0,12.6,46,1000.8,318,2.0,-9900,-9900,0.0,0.0
2023,3,11,14,60,0.0,0.0,0.0,0.0,0.0,5,25.3,12.9,46,999.9,322,2.0,-9900,-9900,0.0,0.0
2023,3,11,15,60,0.0,0.0,0.0,0.0,0.0,5,24.3,13.5,51,1000.0,320,2.5,-9900,-9900,0.0,0.0
2023,3,11,16,60,0.0,0.0,0.0,0.0,0.0,5,23.7,13.6,53,1000.1,322,2.0,-9900,-9900,0.0,0.0
2023,3,11,17,60,0.0,0.0,0.0,0.0,0.0,5,23.1,13.0,53,1000.0,333,1.5,-9900,-9900,0.0,0.0
2023,3,11,18,60,0.0,0.0,0.0,0.0,0.0,5,22.5,11.9,51,1000.0,22,0.8,-9900,-9900,0.0,0.0
2023,3,11,19,60,0.0,0.0,0.0,0.0,0.0,5,22.3,10.4,47,1000.6,350,0.4,-9900,-9900,0.0,0.0
2023,3,11,20,60,0.0,0.0,0.0,0.0,0.0,5,21.5,12.6,57,1001.1,90,1.0,-9900,-9900,0.0,0.0
2023,3,11,21,60,0.0,0.0,0.0,0.0,0.0,5,20.8,13.0,61,1001.8,98,2.1,-9900,-9900,0.0,0.0
2023,3,11,22,60,0.0,0.0,0.0,0.0,0.0,5,20.2,13.4,65,1001.9,129,1.8,-9900,-9900,0.0,0.0
2023,3,11,23,60,0.0,0.0,0.0,0.0,0.0,5,19.6,14.0,70,1001.6,94,1.5,-9900,-9900,0.0,0.0
2023,3,11,24,60,0.0,0.0,0.0,0.0,0.0,5,19.3,13.7,70,1001.2,133,1.4,-9900,-9900,0.0,0.0
2023,3,12,1,60,0.0,0.0,0.0,0.0,0.0,5,18.5,14.2,76,1001.1,132,1.2,-9900,-9900,0.0,0.0
2023,3,12,2,60,0.0,0.0,0.0,0.0,0.0,5,18.4,13.9,75,1000.6,123,1.6,-9900,-9900,0.0,0.0
2023,3,12,3,60,0.0,0.0,0.0,0.0,0.0,5,17.9,14.0,78,1000.0,127,1.7,-9900,-9900,0.0,0.0
2023,3,12,4,60,0.0,0.0,0.0,0.0,0.0,5,17.4,14.1,81,1000.1,137,1.0,-9900,-9900,0.0,0.0
2023,3,12,5,60,0.0,0.0,0.0,0.0,0.0,5,17.7,13.8,78,1000.2,149,0.7,-9900,-9900,0.0,0.0
2023,3,12,6,60,0.0,0.0,0.0,0.0,0.0,5,17.9,13.0,73,1000.7,141,0.4,-9900,-9900,0.0,0.0
2023,3,12,7,60,0.0,0.0,0.0,0.0,0.0,5,18.1,12.1,68,1001.2,121,1.2,-9900,-9900,0.0,0.0
2023,3,12,8,60,0.0,0.0,0.0,0.0,0.0,5,19.4,11.7,61,1001.9,117,0.9,-9900,-9900,0.0,0.0
2023,3,12,9,60,0.0,0.0,0.0,0.0,0.0,5,21.3,12.4,57,1002.1,113,1.1,-9900,-9900,0.0,0.0
2023,3,12,10,60,0.0,0.0,0.0,0.0,0.0,5,22.7,13.2,55,1002.1,326,1.3,-9900,-9900,0.0,0.0
2023,3,12,11,60,0.0,0.0,0.0,0.0,0.0,5,24.4,14.2,53,1002.1,341,1.2,-9900,-9900,0.0,0.0
2023,3,12,12,60,0.0,0.0,0.0,0.0,0.0,5,24.2,14.6,55,1001.5,355,1.1,-9900,-9900,0.0,0.0
2023,3,12,13,60,0.0,0.0,0.0,0.0,0.0,5,24.2,14.9,56,1001.1,356,1.4,-9900,-9900,0.0,0.0
2023,3,12,14,60,0.0,0.0,0.0,0.0,0.0,5,22.7,13.7,57,1000.8,15,2.4,-9900,-9900,0.0,0.0
2023,3,12,15,60,0.0,0.0,0.0,0.0,0.0,5,21.9,16.0,69,1000.8,34,3.5,-9900,-9900,0.0,0.0
2023,3,12,16,60,0.0,0.0,0.0,0.0,0.0,5,21.0,16.4,75,1001.2,33,4.6,-9900,-9900,0.0,0.0
2023,3,12,17,60,0.0,0.0,0.0,0.0,0.0,5,17.9,17.4,97,1002.5,43,3.7,-9900,-9900,0.0,0.0
2023,3,12,18,60,0.0,0.0,0.0,0.0,0.0,5,16.3,15.7,96,1003.8,38,4.6,-9900,-9900,0.0,0.0
2023,3,12,19,60,0.0,0.0,0.0,0.0,0.0,5,15.1,14.5,96,1004.9,44,4.7,-9900,-9900,0.0,0.0
2023,3,12,20,60,0.0,0.0,0.0,0.0,0.0,5,14.7,13.1,90,1006.3,46,3.5,-9900,-9900,0.0,0.0
2023,3,12,21,60,0.0,0.0,0.0,0.0,0.0,5,13.4,12.0,91,1007.5,40,5.5,-9900,-9900,0.0,0.0
2023,3,12,22,60,0.0,0.0,0.0,0.0,0.0,5,12.6,10.8,89,1008.3,38,4.6,-9900,-9900,0.0,0.0
2023,3,12,23,60,0.0,0.0,0.0,0.0,0.0,5,12.2,10.3,88,1008.7,51,3.5,-9900,-9900,0.0,0.0
2023,3,12,24,60,0.0,0.0,0.0,0.0,0.0,5,12.2,10.4,89,1008.4,45,2.4,-9900,-9900,0.0,0.0
2023,3,13,1,60,0.0,0.0,0.0,0.0,0.0,5,12.6,10.0,84,1008.3,46,3.2,-9900,-9900,0.0,0.0
2023,3,13,2,60,0.0,0.0,0.0,0.0,0.0,5,12.6,9.2,80,1007.6,59,4.1,-9900,-9900,0.0,0.0
2023,3,13,3,60,0.0,0.0,0.0,0.0,0.0,5,12.7,8.6,76,1007.3,62,3.2,-9900,-9900,0.0,0.0
2023,3,13,4,60,0.0,0.0,0.0,0.0,0.0,5,12.5,7.8,73,1007.3,55,3.4,-9900,-9900,0.0,0.0
2023,3,13,5,60,0.0,0.0,0.0,0.0,0.0,5,12.4,7.3,71,1007.0,69,3.0,-9900,-9900,0.0,0.0
2023,3,13,6,60,0.0,0.0,0.0,0.0,0.0,5,12.4,7.5,72,1007.2,59,3.9,-9900,-9900,0.0,0.0
2023,3,13,7,60,0.0,0.0,0.0,0.0,0.0,5,12.3,8.2,76,1007.0,64,3.1,-9900,-9900,0.0,0.0
2023,3,13,8,60,0.0,0.0,0.0,0.0,0.0,5,12.7,9.0,78,1007.2,61,2.5,-9900,-9900,0.0,0.0
2023,3,13,9,60,0.0,0.0,0.0,0.0,0.0,5,13.1,10.1,82,1007.1,83,3.3,-9900,-9900,0.0,0.0
2023,3,13,10,60,0.0,0.0,0.0,0.0,0.0,5,13.8,9.4,75,1006.9,75,3.0,-9900,-9900,0.0,0.0
2023,3,13,11,60,0.0,0.0,0.0,0.0,0.0,5,13.7,9.1,74,1006.4,83,3.7,-9900,-9900,0.0,0.0
2023,3,13,12,60,0.0,0.0,0.0,0.0,0.0,5,13.5,9.9,79,1005.5,83,3.0,-9900,-9900,0.0,0.0
2023,3,13,13,60,0.0,0.0,0.0,0.0,0.0,5,13.7,10.1,79,1004.4,68,4.2,-9900,-9900,0.0,0.0
2023,3,13,14,60,0.0,0.0,0.0,0.0,0.0,5,13.5,10.5,82,1003.8,76,3.7,-9900,-9900,0.0,0.0
2023,3,13,15,60,0.0,0.0,0.0,0.0,0.0,5,14.1,9.3,73,1003.0,77,3.0,-9900,-9900,0.0,0.0
2023,3,13,16,60,0.0,0.0,0.0,0.0,0.0,5,14.3,8.9,70,1002.9,73,3.3,-9900,-9900,0.0,0.0
2023,3,13,17,60,0.0,0.0,0.0,0.0,0.0,5,14.1,9.1,72,1003.0,75,3.5,-9900,-9900,0.0,0.0
2023,3,13,18,60,0.0,0.0,0.0,0.0,0.0,5,13.9,9.9,77,1003.2,79,2.6,-9900,-9900,0.0,0.0
2023,3,13,19,60,0.0,0.0,0.0,0.0,0.0,5,13.8,10.0,78,1003.0,85,3.4,-9900,-9900,0.0,0.0
2023,3,13,20,60,0.0,0.0,0.0,0.0,0.0,5,14.0,9.4,74,1003.0,72,2.4,-9900,-9900,0.0,0.0
2023,3,13,21,60,0.0,0.0,0.0,0.0,0.0,5,13.9,9.5,75,1002.8,79,3.7,-9900,-9900,0.0,0.0
2023,3,13,22,60,0.0,0.0,0.0,0.0,0.0,5,13.6,10.0,79,1002.5,85,3.5,-9900,-9900,0.0,0.0
2023,3,13,23,60,0.0,0.0,0.0,0.0,0.0,5,13.4,10.4,82,1002.2,76,2.3,-9900,-9900,0.0,0.0
2023,3,13,24,60,0.0,0.0,0.0,0.0,0.0,5,13.6,10.0,79,1001.8,80,2.6,-9900,-9900,0.0,0.0
2023,3,14,1,60,0.0,0.0,0.0,0.0,0.0,5,14.0,10.0,77,1001.0,78,2.8,-9900,-9900,0.0,0.0
2023,3,14,2,60,0.0,0.0,0.0,0.0,0.0,5,14.3,9.9,75,1000.2,91,3.0,-9900,-9900,0.0,0.0
2023,3,14,3,60,0.0,0.0,0.0,0.0,0.0,5,14.4,9.8,74,1000.2,57,2.1,-9900,-9900,0.0,0.0
2023,3,14,4,60,0.0,0.0,0.0,0.0,0.0,5,14.5,9.9,74,1000.1,58,2.6,-9900,-9900,0.0,0.0
2023,3,14,5,60,0.0,0.0,0.0,0.0,0.0,5,14.6,9.8,73,1000.2,58,2.1,-9900,-9900,0.0,0.0
2023,3,14,6,60,0.0,0.0,0.0,0.0,0.0,5,14.6,10.4,76,1000.3,78,1.5,-9900,-9900,0.0,0.0
2023,3,14,7,60,0.0,0.0,0.0,0.0,0.0,5,14.9,10.7,76,1000.6,72,2.1,-9900,-9900,0.0,0.0
2023,3,14,8,60,0.0,0.0,0.0,0.0,0.0,5,15.8,11.0,73,1001.1,62,1.7,-9900,-9900,0.0,0.0
2023,3,14,9,60,0.0,0.0,0.0,0.0,0.0,5,17.0,11.3,69,1000.8,79,3.0,-9900,-9900,0.0,0.0
2023,3,14,10,60,0.0,0.0,0.0,0.0,0.0,5,18.3,11.4,64,1000.7,95,2.1,-9900,-9900,0.0,0.0
2023,3,14,11,60,0.0,0.0,0.0,0.0,0.0,5,19.2,11.7,62,1000.1,91,2.3,-9900,-9900,0.0,0.0
2023,3,14,12,60,0.0,0.0,0.0,0.0,0.0,5,19.9,11.9,60,999.5,90,2.1,-9900,-9900,0.0,0.0
2023,3,14,13,60,0.0,0.0,0.0,0.0,0.0,5,20.4,12.4,60,998.6,70,1.7,-9900,-9900,0.0,0.0
2023,3,14,14,60,0.0,0.0,0.0,0.0,0.0,5,20.9,12.6,59,997.9,61,2.0,-9900,-9900,0.0,0.0
2023,3,14,15,60,0.0,0.0,0.0,0.0,0.0,5,21.2,12.9,59,997.2,92,1.7,-9900,-9900,0.0,0.0
2023,3,14,16,60,0.0,0.0,0.0,0.0,0.0,5,21.5,13.2,59,997.1,84,2.5,-9900,-9900,0.0,0.0
2023,3,14,17,60,0.0,0.0,0.0,0.0,0.0,5,21.3,13.7,62,997.4,100,2.6,-9900,-9900,0.0,0.0
2023,3,14,18,60,0.0,0.0,0.0,0.0,0.0,5,20.3,13.5,65,997.9,88,2.2,-9900,-9900,0.0,0.0
2023,3,14,19,60,0.0,0.0,0.0,0.0,0.0,5,19.3,13.7,70,998.2,89,2.7,-9900,-9900,0.0,0.0
2023,3,14,20,60,0.0,0.0,0.0,0.0,0.0,5,18.7,14.0,74,998.8,96,2.6,-9900,-9900,0.0,0.0
2023,3,14,21,60,0.0,0.0,0.0,0.0,0.0,5,18.3,14.2,77,999.2,105,1.5,-9900,-9900,0.0,0.0
2023,3,14,22,60,0.0,0.0,0.0,0.0,0.0,5,17.8,14.1,79,999.3,136,1.3,-9900,-9900,0.0,0.0
2023,3,14,23,60,0.0,0.0,0.0,0.0,0.0,5,17.3,14.4,83,999.1,133,1.1,-9900,-9900,0.0,0.0
2023,3,14,24,60,0.0,0.0,0.0,0.0,0.0,5,17.1,14.4,84,999.0,126,1.5,-9900,-9900,0.0,0.0
2023,3,15,1,60,0.0,0.0,0.0,0.0,0.0,5,16.4,14.4,88,998.7,130,1.8,-9900,-9900,0.0,0.0
2023,3,15,2,60,0.0,0.0,0.0,0.0,0.0,5,16.3,14.1,87,998.7,130,1.3,-9900,-9900,0.0,0.0
2023,3,15,3,60,0.0,0.0,0.0,0.0,0.0,5,16.4,13.5,83,998.7,261,1.0,-9900,-9900,0.0,0.0
2023,3,15,4,60,0.0,0.0,0.0,0.0,0.0,5,16.5,13.0,80,999.0,129,1.0,-9900,-9900,0.0,0.0
2023,3,15,5,60,0.0,0.0,0.0,0.0,0.0,5,17.0,14.1,83,999.6,204,0.4,-9900,-9900,0.0,0.0
2023,3,15,6,60,0.0,0.0,0.0,0.0,0.0,5,17.4,15.4,88,1000.3,0,0.0,-9900,-9900,0.0,0.0
2023,3,15,7,60,0.0,0.0,0.0,0.0,0.0,5,17.5,16.0,91,1001.6,267,0.4,-9900,-9900,0.0,0.0
2023,3,15,8,60,0.0,0.0,0.0,0.0,0.0,5,18.6,16.6,88,1002.5,0,0.0,-9900,-9900,0.0,0.0
2023,3,15,9,60,0.0,0.0,0.0,0.0,0.0,5,18.9,16.5,86,1002.9,84,0.9,-9900,-9900,0.0,0.0
2023,3,15,10,60,0.0,0.0,0.0,0.0,0.0,5,20.0,15.8,77,1002.5,319,1.3,-9900,-9900,0.0,0.0
2023,3,15,11,60,0.0,0.0,0.0,0.0,0.0,5,22.9,16.2,66,1002.1,0,0.0,-9900,-9900,0.0,0.0
2023,3,15,12,60,0.0,0.0,0.0,0.0,0.0,5,23.4,14.9,59,1001.3,323,0.7,-9900,-9900,0.0,0.0
2023,3,15,13,60,0.0,0.0,0.0,0.0,0.0,5,23.1,14.7,59,1000.6,359,2.1,-9900,-9900,0.0,0.0
2023,3,15,14,60,0.0,0.0,0.0,0.0,0.0,5,22.0,13.4,58,999.9,359,1.9,-9900,-9900,0.0,0.0
2023,3,15,15,60,0.0,0.0,0.0,0.0,0.0,5,21.9,13.5,59,999.5,16,1.9,-9900,-9900,0.0,0.0
2023,3,15,16,60,0.0,0.0,0.0,0.0,0.0,5,21.7,12.3,55,999.6,354,1.8,-9900,-9900,0.0,0.0
2023,3,15,17,60,0.0,0.0,0.0,0.0,0.0,5,21.3,15.4,69,999.8,351,0.8,-9900,-9900,0.0,0.0
2023,3,15,18,60,0.0,0.0,0.0,0.0,0.0,5,21.1,15.6,71,1000.5,9,1.2,-9900,-9900,0.0,0.0
2023,3,15,19,60,0.0,0.0,0.0,0.0,0.0,5,19.2,17.5,90,1001.1,359,1.3,-9900,-9900,0.0,0.0
2023,3,15,20,60,0.0,0.0,0.0,0.0,0.0,5,20.2,15.8,76,1001.8,44,1.3,-9900,-9900,0.0,0.0
2023,3,15,21,60,0.0,0.0,0.0,0.0,0.0,5,20.4,13.6,65,1001.9,81,2.1,-9900,-9900,0.0,0.0
2023,3,15,22,60,0.0,0.0,0.0,0.0,0.0,5,19.9,16.0,78,1002.0,82,2.7,-9900,-9900,0.0,0.0
2023,3,15,23,60,0.0,0.0,0.0,0.0,0.0,5,19.6,17.7,89,1001.8,73,1.7,-9900,-9900,0.0,0.0
2023,3,15,24,60,0.0,0.0,0.0,0.0,0.0,5,19.0,18.2,95,1001.4,86,2.6,-9900,-9900,0.0,0.0
2023,3,16,1,60,0.0,0.0,0.0,0.0,0.0,5,18.5,18.0,97,1001.2,94,2.5,-9900,-9900,0.0,0.0
2023,3,16,2,60,0.0,0.0,0.0,0.0,0.0,5,18.5,18.2,98,1000.9,92,1.2,-9900,-9900,0.0,0.0
2023,3,16,3,60,0.0,0.0,0.0,0.0,0.0,5,18.7,18.2,97,1000.5,93,1.8,-9900,-9900,0.0,0.0
2023,3,16,4,60,0.0,0.0,0.0,0.0,0.0,5,18.4,17.8,96,1000.7,0,0.0,-9900,-9900,0.0,0.0
2023,3,16,5,60,0.0,0.0,0.0,0.0,0.0,5,18.5,17.8,96,1001.3,331,0.4,-9900,-9900,0.0,0.0
2023,3,16,6,60,0.0,0.0,0.0,0.0,0.0,5,18.5,18.0,97,1002.1,33,0.8,-9900,-9900,0.0,0.0
2023,3,16,7,60,0.0,0.0,0.0,0.0,0.0,5,18.9,18.4,97,1002.7,0,0.0,-9900,-9900,0.0,0.0
2023,3,16,8,60,0.0,0.0,0.0,0.0,0.0,5,20.8,19.1,90,1003.1,24,0.4,-9900,-9900,0.0,0.0
2023,3,16,9,60,0.0,0.0,0.0,0.0,0.0,5,21.3,18.1,82,1003.3,31,2.5,-9900,-9900,0.0,0.0
2023,3,16,10,60,0.0,0.0,0.0,0.0,0.0,5,22.1,17.9,77,1003.3,5,1.6,-9900,-9900,0.0,0.0
2023,3,16,11,60,0.0,0.0,0.0,0.0,0.0,5,21.9,18.1,79,1003.0,36,2.3,-9900,-9900,0.0,0.0
2023,3,16,12,60,0.0,0.0,0.0,0.0,0.0,5,23.7,17.9,70,1002.0,47,2.8,-9900,-9900,0.0,0.0
2023,3,16,13,60,0.0,0.0,0.0,0.0,0.0,5,22.7,18.0,75,1001.6,48,1.9,-9900,-9900,0.0,0.0
2023,3,16,14,60,0.0,0.0,0.0,0.0,0.0,5,21.6,19.3,87,1001.0,356,2.5,-9900,-9900,0.0,0.0
2023,3,16,15,60,0.0,0.0,0.0,0.0,0.0,5,21.0,19.3,90,1000.4,33,3.9,-9900,-9900,0.0,0.0
2023,3,16,16,60,0.0,0.0,0.0,0.0,0.0,5,21.7,19.4,87,1000.5,349,1.5,-9900,-9900,0.0,0.0
2023,3,16,17,60,0.0,0.0,0.0,0.0,0.0,5,20.8,19.5,92,1000.7,343,1.2,-9900,-9900,0.0,0.0
2023,3,16,18,60,0.0,0.0,0.0,0.0,0.0,5,19.4,18.9,97,1000.9,360,2.0,-9900,-9900,0.0,0.0
2023,3,16,19,60,0.0,0.0,0.0,0.0,0.0,5,19.1,18.8,98,1001.3,19,2.2,-9900,-9900,0.0,0.0
2023,3,16,20,60,0.0,0.0,0.0,0.0,0.0,5,19.0,18.8,99,1001.7,25,1.9,-9900,-9900,0.0,0.0
2023,3,16,21,60,0.0,0.0,0.0,0.0,0.0,5,18.8,18.6,99,1002.2,358,1.2,-9900,-9900,0.0,0.0
2023,3,16,22,60,0.0,0.0,0.0,0.0,0.0,5,18.7,18.5,99,1002.3,5,1.3,-9900,-9900,0.0,0.0
2023,3,16,23,60,0.0,0.0,0.0,0.0,0.0,5,18.8,18.6,99,1002.3,357,0.8,-9900,-9900,0.0,0.0
2023,3,16,24,60,0.0,0.0,0.0,0.0,0.0,5,18.9,18.7,99,1002.2,346,0.7,-9900,-9900,0.0,0.0
2023,3,17,1,60,0.0,0.0,0.0,0.0,0.0,5,18.6,18.4,99,1001.7,359,0.6,-9900,-9900,0.0,0.0
2023,3,17,2,60,0.0,0.0,0.0,0.0,0.0,5,18.7,18.5,99,1001.2,297,0.7,-9900,-9900,0.0,0.0
2023,3,17,3,60,0.0,0.0,0.0,0.0,0.0,5,18.8,18.6,99,1000.5,301,0.7,-9900,-9900,0.0,0.0
2023,3,17,4,60,0.0,0.0,0.0,0.0,0.0,5,18.6,18.4,99,1000.2,260,1.1,-9900,-9900,0.0,0.0
2023,3,17,5,60,0.0,0.0,0.0,0.0,0.0,5,18.6,18.4,99,999.9,0,0.0,-9900,-9900,0.0,0.0
2023,3,17,6,60,0.0,0.0,0.0,0.0,0.0,5,18.6,18.4,99,1000.2,351,0.3,-9900,-9900,0.0,0.0
2023,3,17,7,60,0.0,0.0,0.0,0.0,0.0,5,18.3,18.1,99,1000.6,10,0.7,-9900,-9900,0.0,0.0
2023,3,17,8,60,0.0,0.0,0.0,0.0,0.0,5,18.6,18.3,98,1001.2,316,1.3,-9900,-9900,0.0,0.0
2023,3,17,9,60,0.0,0.0,0.0,0.0,0.0,5,19.0,18.2,95,1001.3,326,1.5,-9900,-9900,0.0,0.0
2023,3,17,10,60,0.0,0.0,0.0,0.0,0.0,5,19.7,18.2,91,1000.9,28,1.1,-9900,-9900,0.0,0.0
2023,3,17,11,60,0.0,0.0,0.0,0.0,0.0,5,20.9,17.9,83,1000.3,320,1.6,-9900,-9900,0.0,0.0
2023,3,17,12,60,0.0,0.0,0.0,0.0,0.0,5,20.7,17.9,84,1000.2,316,3.0,-9900,-9900,0.0,0.0
2023,3,17,13,60,0.0,0.0,0.0,0.0,0.0,5,19.2,17.3,89,999.6,345,1.5,-9900,-9900,0.0,0.0
2023,3,17,14,60,0.0,0.0,0.0,0.0,0.0,5,20.5,17.1,81,998.8,316,1.5,-9900,-9900,0.0,0.0
2023,3,17,15,60,0.0,0.0,0.0,0.0,0.0,5,20.7,17.5,82,998.3,8,1.3,-9900,-9900,0.0,0.0
2023,3,17,16,60,0.0,0.0,0.0,0.0,0.0,5,22.0,17.4,75,998.2,14,0.8,-9900,-9900,0.0,0.0
2023,3,17,17,60,0.0,0.0,0.0,0.0,0.0,5,21.6,17.6,78,998.4,41,0.8,-9900,-9900,0.0,0.0
2023,3,17,18,60,0.0,0.0,0.0,0.0,0.0,5,21.6,17.6,78,998.7,84,0.3,-9900,-9900,0.0,0.0
2023,3,17,19,60,0.0,0.0,0.0,0.0,0.0,5,21.5,17.9,80,999.2,0,0.0,-9900,-9900,0.0,0.0
2023,3,17,20,60,0.0,0.0,0.0,0.0,0.0,5,22.4,16.2,68,999.9,259,1.1,-9900,-9900,0.0,0.0
2023,3,17,21,60,0.0,0.0,0.0,0.0,0.0,5,22.2,16.2,69,1000.4,258,0.9,-9900,-9900,0.0,0.0
2023,3,17,22,60,0.0,0.0,0.0,0.0,0.0,5,21.9,16.0,69,1000.5,171,0.6,-9900,-9900,0.0,0.0
2023,3,17,23,60,0.0,0.0,0.0,0.0,0.0,5,19.2,18.4,95,1000.5,17,1.7,-9900,-9900,0.0,0.0
2023,3,17,24,60,0.0,0.0,0.0,0.0,0.0,5,17.8,17.5,98,1000.4,354,1.0,-9900,-9900,0.0,0.0
2023,3,18,1,60,0.0,0.0,0.0,0.0,0.0,5,16.8,16.6,99,1000.5,20,1.6,-9900,-9900,0.0,0.0
2023,3,18,2,60,0.0,0.0,0.0,0.0,0.0,5,16.5,16.3,99,1000.3,33,2.5,-9900,-9900,0.0,0.0
2023,3,18,3,60,0.0,0.0,0.0,0.0,0.0,5,16.9,16.6,98,999.8,32,2.7,-9900,-9900,0.0,0.0
2023,3,18,4,60,0.0,0.0,0.0,0.0,0.0,5,17.1,16.8,98,999.9,56,1.8,-9900,-9900,0.0,0.0
2023,3,18,5,60,0.0,0.0,0.0,0.0,0.0,5,17.0,16.7,98,1000.1,42,1.2,-9900,-9900,0.0,0.0
2023,3,18,6,60,0.0,0.0,0.0,0.0,0.0,5,16.7,16.4,98,1000.7,41,1.2,-9900,-9900,0.0,0.0
2023,3,18,7,60,0.0,0.0,0.0,0.0,0.0,5,17.5,15.8,90,1001.0,81,2.7,-9900,-9900,0.0,0.0
2023,3,18,8,60,0.0,0.0,0.0,0.0,0.0,5,17.5,15.5,88,1001.3,84,2.5,-9900,-9900,0.0,0.0
2023,3,18,9,60,0.0,0.0,0.0,0.0,0.0,5,18.0,15.1,83,1001.4,76,2.6,-9900,-9900,0.0,0.0
2023,3,18,10,60,0.0,0.0,0.0,0.0,0.0,5,18.0,14.9,82,1001.7,79,3.4,-9900,-9900,0.0,0.0
2023,3,18,11,60,0.0,0.0,0.0,0.0,0.0,5,18.5,14.8,79,1001.2,88,4.1,-9900,-9900,0.0,0.0
2023,3,18,12,60,0.0,0.0,0.0,0.0,0.0,5,18.8,14.9,78,1000.9,84,2.3,-9900,-9900,0.0,0.0
2023,3,18,13,60,0.0,0.0,0.0,0.0,0.0,5,18.7,14.8,78,1000.3,77,2.6,-9900,-9900,0.0,0.0
2023,3,18,14,60,0.0,0.0,0.0,0.0,0.0,5,17.9,14.4,80,999.7,91,3.0,-9900,-9900,0.0,0.0
2023,3,18,15,60,0.0,0.0,0.0,0.0,0.0,5,17.6,14.3,81,999.5,69,2.4,-9900,-9900,0.0,0.0
2023,3,18,16,60,0.0,0.0,0.0,0.0,0.0,5,17.7,14.0,79,999.4,90,2.9,-9900,-9900,0.0,0.0
2023,3,18,17,60,0.0,0.0,0.0,0.0,0.0,5,17.3,14.4,83,999.6,89,3.1,-9900,-9900,0.0,0.0
2023,3,18,18,60,0.0,0.0,0.0,0.0,0.0,5,17.1,14.9,87,1000.1,80,2.8,-9900,-9900,0.0,0.0
2023,3,18,19,60,0.0,0.0,0.0,0.0,0.0,5,17.0,15.2,89,1000.4,82,2.3,-9900,-9900,0.0,0.0
2023,3,18,20,60,0.0,0.0,0.0,0.0,0.0,5,16.7,15.4,92,1000.5,81,3.0,-9900,-9900,0.0,0.0
2023,3,18,21,60,0.0,0.0,0.0,0.0,0.0,5,16.7,15.6,93,1001.1,67,2.8,-9900,-9900,0.0,0.0
2023,3,18,22,60,0.0,0.0,0.0,0.0,0.0,5,16.8,15.8,94,1000.8,71,3.2,-9900,-9900,0.0,0.0
2023,3,18,23,60,0.0,0.0,0.0,0.0,0.0,5,17.0,16.0,94,1001.0,69,2.7,-9900,-9900,0.0,0.0
2023,3,18,24,60,0.0,0.0,0.0,0.0,0.0,5,17.2,16.1,93,1000.6,67,2.8,-9900,-9900,0.0,0.0
2023,3,19,1,60,0.0,0.0,0.0,0.0,0.0,5,17.3,16.5,95,1000.5,57,2.8,-9900,-9900,0.0,0.0
2023,3,19,2,60,0.0,0.0,0.0,0.0,0.0,5,17.3,16.3,94,999.9,57,2.9,-9900,-9900,0.0,0.0
2023,3,19,3,60,0.0,0.0,0.0,0.0,0.0,5,17.3,16.3,94,998.7,78,2.5,-9900,-9900,0.0,0.0
2023,3,19,4,60,0.0,0.0,0.0,0.0,0.0,5,17.3,16.3,94,999.1,62,2.0,-9900,-9900,0.0,0.0
2023,3,19,5,60,0.0,0.0,0.0,0.0,0.0,5,17.5,16.4,93,999.3,58,2.1,-9900,-9900,0.0,0.0
2023,3,19,6,60,0.0,0.0,0.0,0.0,0.0,5,17.5,16.4,93,1000.0,71,2.1,-9900,-9900,0.0,0.0
2023,3,19,7,60,0.0,0.0,0.0,0.0,0.0,5,17.7,16.4,92,1000.8,52,1.8,-9900,-9900,0.0,0.0
2023,3,19,8,60,0.0,0.0,0.0,0.0,0.0,5,18.1,16.6,91,1000.8,85,1.4,-9900,-9900,0.0,0.0
2023,3,19,9,60,0.0,0.0,0.0,0.0,0.0,5,18.7,16.7,88,1000.6,96,2.8,-9900,-9900,0.0,0.0
2023,3,19,10,60,0.0,0.0,0.0,0.0,0.0,5,19.3,16.9,86,1000.4,86,2.9,-9900,-9900,0.0,0.0
2023,3,19,11,60,0.0,0.0,0.0,0.0,0.0,5,20.0,17.2,84,1000.2,90,1.5,-9900,-9900,0.0,0.0
2023,3,19,12,60,0.0,0.0,0.0,0.0,0.0,5,21.3,17.3,78,999.5,82,0.8,-9900,-9900,0.0,0.0
2023,3,19,13,60,0.0,0.0,0.0,0.0,0.0,5,21.3,17.3,78,998.8,102,1.1,-9900,-9900,0.0,0.0
2023,3,19,14,60,0.0,0.0,0.0,0.0,0.0,5,21.5,17.5,78,997.8,103,0.9,-9900,-9900,0.0,0.0
2023,3,19,15,60,0.0,0.0,0.0,0.0,0.0,5,19.7,18.4,92,997.4,360,2.1,-9900,-9900,0.0,0.0
2023,3,19,16,60,0.0,0.0,0.0,0.0,0.0,5,18.8,18.0,95,997.1,5,1.5,-9900,-9900,0.0,0.0
2023,3,19,17,60,0.0,0.0,0.0,0.0,0.0,5,18.4,17.9,97,996.9,8,0.9,-9900,-9900,0.0,0.0
2023,3,19,18,60,0.0,0.0,0.0,0.0,0.0,5,17.9,17.7,99,996.9,311,1.6,-9900,-9900,0.0,0.0
2023,3,19,19,60,0.0,0.0,0.0,0.0,0.0,5,18.1,17.9,99,997.2,316,1.9,-9900,-9900,0.0,0.0
2023,3,19,20,60,0.0,0.0,0.0,0.0,0.0,5,18.6,18.4,99,997.9,300,1.0,-9900,-9900,0.0,0.0
2023,3,19,21,60,0.0,0.0,0.0,0.0,0.0,5,18.6,18.4,99,998.7,267,0.9,-9900,-9900,0.0,0.0
2023,3,19,22,60,0.0,0.0,0.0,0.0,0.0,5,18.7,18.5,99,998.6,315,1.8,-9900,-9900,0.0,0.0
2023,3,19,23,60,0.0,0.0,0.0,0.0,0.0,5,18.0,17.8,99,998.5,317,1.4,-9900,-9900,0.0,0.0
2023,3,19,24,60,0.0,0.0,0.0,0.0,0.0,5,17.8,17.6,99,997.8,316,1.1,-9900,-9900,0.0,0.0
2023,3,20,1,60,0.0,0.0,0.0,0.0,0.0,5,17.5,17.3,99,997.8,314,2.0,-9900,-9900,0.0,0.0
2023,3,20,2,60,0.0,0.0,0.0,0.0,0.0,5,17.1,16.9,99,997.2,339,0.4,-9900,-9900,0.0,0.0
2023,3,20,3,60,0.0,0.0,0.0,0.0,0.0,5,17.0,16.8,99,996.4,0,0.0,-9900,-9900,0.0,0.0
2023,3,20,4,60,0.0,0.0,0.0,0.0,0.0,5,17.0,16.8,99,996.2,317,1.5,-9900,-9900,0.0,0.0
2023,3,20,5,60,0.0,0.0,0.0,0.0,0.0,5,17.0,16.8,99,996.2,327,0.8,-9900,-9900,0.0,0.0
2023,3,20,6,60,0.0,0.0,0.0,0.0,0.0,5,17.2,17.0,99,997.0,354,0.8,-9900,-9900,0.0,0.0
2023,3,20,7,60,0.0,0.0,0.0,0.0,0.0,5,16.8,16.6,99,998.1,352,1.2,-9900,-9900,0.0,0.0
2023,3,20,8,60,0.0,0.0,0.0,0.0,0.0,5,16.7,16.5,99,997.7,67,0.4,-9900,-9900,0.0,0.0
2023,3,20,9,60,0.0,0.0,0.0,0.0,0.0,5,18.1,17.9,99,997.5,159,0.6,-9900,-9900,0.0,0.0
2023,3,20,10,60,0.0,0.0,0.0,0.0,0.0,5,22.2,18.8,81,997.2,174,0.8,-9900,-9900,0.0,0.0
2023,3,20,11,60,0.0,0.0,0.0,0.0,0.0,5,23.6,18.5,73,996.5,295,0.7,-9900,-9900,0.0,0.0
2023,3,20,12,60,0.0,0.0,0.0,0.0,0.0,5,22.8,19.0,79,995.9,354,1.5,-9900,-9900,0.0,0.0
2023,3,20,13,60,0.0,0.0,0.0,0.0,0.0,5,23.1,18.6,76,994.8,18,1.2,-9900,-9900,0.0,0.0
2023,3,20,14,60,0.0,0.0,0.0,0.0,0.0,5,22.6,18.6,78,994.2,24,1.5,-9900,-9900,0.0,0.0
2023,3,20,15,60,0.0,0.0,0.0,0.0,0.0,5,21.7,18.5,82,994.1,349,1.3,-9900,-9900,0.0,0.0
2023,3,20,16,60,0.0,0.0,0.0,0.0,0.0,5,20.5,18.4,88,994.0,16,1.6,-9900,-9900,0.0,0.0
2023,3,20,17,60,0.0,0.0,0.0,0.0,0.0,5,20.5,18.4,88,993.6,4,1.0,-9900,-9900,0.0,0.0
2023,3,20,18,60,0.0,0.0,0.0,0.0,0.0,5,19.9,18.2,90,993.9,349,0.4,-9900,-9900,0.0,0.0
2023,3,20,19,60,0.0,0.0,0.0,0.0,0.0,5,20.1,18.4,90,994.1,0,0.0,-9900,-9900,0.0,0.0
2023,3,20,20,60,0.0,0.0,0.0,0.0,0.0,5,21.0,18.8,87,994.0,129,1.6,-9900,-9900,0.0,0.0
2023,3,20,21,60,0.0,0.0,0.0,0.0,0.0,5,21.0,18.8,87,994.2,132,1.7,-9900,-9900,0.0,0.0
2023,3,20,22,60,0.0,0.0,0.0,0.0,0.0,5,20.8,18.6,87,994.7,121,1.3,-9900,-9900,0.0,0.0
2023,3,20,23,60,0.0,0.0,0.0,0.0,0.0,5,20.8,18.6,87,994.5,0,0.0,-9900,-9900,0.0,0.0
2023,3,20,24,60,0.0,0.0,0.0,0.0,0.0,5,20.6,18.9,90,994.5,6,0.5,-9900,-9900,0.0,0.0
2023,3,21,1,60,0.0,0.0,0.0,0.0,0.0,5,20.6,19.4,93,993.8,282,0.6,-9900,-9900,0.0,0.0
2023,3,21,2,60,0.0,0.0,0.0,0.0,0.0,5,20.6,19.6,94,993.3,286,0.3,-9900,-9900,0.0,0.0
2023,3,21,3,60,0.0,0.0,0.0,0.0,0.0,5,20.4,19.7,96,992.8,274,0.3,-9900,-9900,0.0,0.0
2023,3,21,4,60,0.0,0.0,0.0,0.0,0.0,5,20.4,19.4,94,992.7,0,0.0,-9900,-9900,0.0,0.0
2023,3,21,5,60,0.0,0.0,0.0,0.0,0.0,5,20.4,19.6,95,993.1,290,1.0,-9900,-9900,0.0,0.0
2023,3,21,6,60,0.0,0.0,0.0,0.0,0.0,5,20.2,19.7,97,993.5,0,0.0,-9900,-9900,0.0,0.0
2023,3,21,7,60,0.0,0.0,0.0,0.0,0.0,5,20.6,19.3,92,994.0,132,0.4,-9900,-9900,0.0,0.0
2023,3,21,8,60,0.0,0.0,0.0,0.0,0.0,5,21.7,19.3,86,994.3,179,0.8,-9900,-9900,0.0,0.0
2023,3,21,9,60,0.0,0.0,0.0,0.0,0.0,5,22.8,19.6,82,994.1,162,0.5,-9900,-9900,0.0,0.0
2023,3,21,10,60,0.0,0.0,0.0,0.0,0.0,5,24.0,18.9,73,993.7,258,1.7,-9900,-9900,0.0,0.0
2023,3,21,11,60,0.0,0.0,0.0,0.0,0.0,5,25.8,18.5,64,993.0,270,2.3,-9900,-9900,0.0,0.0
2023,3,21,12,60,0.0,0.0,0.0,0.0,0.0,5,26.1,19.0,65,992.2,275,2.6,-9900,-9900,0.0,0.0
2023,3,21,13,60,0.0,0.0,0.0,0.0,0.0,5,26.0,19.2,66,991.3,273,2.6,-9900,-9900,0.0,0.0
2023,3,21,14,60,0.0,0.0,0.0,0.0,0.0,5,24.4,20.9,81,990.9,268,2.7,-9900,-9900,0.0,0.0
2023,3,21,15,60,0.0,0.0,0.0,0.0,0.0,5,23.2,21.1,88,990.3,274,2.0,-9900,-9900,0.0,0.0
2023,3,21,16,60,0.0,0.0,0.0,0.0,0.0,5,24.1,21.4,85,989.3,189,0.6,-9900,-9900,0.0,0.0
2023,3,21,17,60,0.0,0.0,0.0,0.0,0.0,5,24.1,22.0,88,989.1,284,2.1,-9900,-9900,0.0,0.0
2023,3,21,18,60,0.0,0.0,0.0,0.0,0.0,5,23.4,21.7,90,989.5,261,1.6,-9900,-9900,0.0,0.0
2023,3,21,19,60,0.0,0.0,0.0,0.0,0.0,5,23.0,20.9,88,990.5,273,1.5,-9900,-9900,0.0,0.0
2023,3,21,20,60,0.0,0.0,0.0,0.0,0.0,5,23.1,21.4,90,990.9,157,1.0,-9900,-9900,0.0,0.0
2023,3,21,21,60,0.0,0.0,0.0,0.0,0.0,5,23.1,21.4,90,991.6,274,0.5,-9900,-9900,0.0,0.0
2023,3,21,22,60,0.0,0.0,0.0,0.0,0.0,5,23.0,21.1,89,991.8,129,0.4,-9900,-9900,0.0,0.0
2023,3,21,23,60,0.0,0.0,0.0,0.0,0.0,5,22.9,20.4,86,991.6,264,0.9,-9900,-9900,0.0,0.0
2023,3,21,24,60,0.0,0.0,0.0,0.0,0.0,5,23.0,20.5,86,992.0,267,0.6,-9900,-9900,0.0,0.0
2023,3,22,1,60,0.0,0.0,0.0,0.0,0.0,5,22.4,21.4,94,991.7,119,0.8,-9900,-9900,0.0,0.0
2023,3,22,2,60,0.0,0.0,0.0,0.0,0.0,5,22.4,21.2,93,991.3,134,1.0,-9900,-9900,0.0,0.0
2023,3,22,3,60,0.0,0.0,0.0,0.0,0.0,5,22.2,21.2,94,990.6,121,1.0,-9900,-9900,0.0,0.0
2023,3,22,4,60,0.0,0.0,0.0,0.0,0.0,5,22.2,21.2,94,990.8,133,0.9,-9900,-9900,0.0,0.0
2023,3,22,5,60,0.0,0.0,0.0,0.0,0.0,5,22.2,21.0,93,990.8,126,0.5,-9900,-9900,0.0,0.0
2023,3,22,6,60,0.0,0.0,0.0,0.0,0.0,5,22.0,21.2,95,991.2,111,0.6,-9900,-9900,0.0,0.0
2023,3,22,7,60,0.0,0.0,0.0,0.0,0.0,5,22.3,21.1,93,991.7,88,0.8,-9900,-9900,0.0,0.0
2023,3,22,8,60,0.0,0.0,0.0,0.0,0.0,5,23.3,20.8,86,992.3,75,0.8,-9900,-9900,0.0,0.0
2023,3,22,9,60,0.0,0.0,0.0,0.0,0.0,5,25.1,20.4,75,992.9,254,0.5,-9900,-9900,0.0,0.0
2023,3,22,10,60,0.0,0.0,0.0,0.0,0.0,5,26.0,20.1,70,992.6,193,0.5,-9900,-9900,0.0,0.0
2023,3,22,11,60,0.0,0.0,0.0,0.0,0.0,5,27.4,20.7,67,992.0,321,0.3,-9900,-9900,0.0,0.0
2023,3,22,12,60,0.0,0.0,0.0,0.0,0.0,5,26.9,21.7,73,991.3,274,3.0,-9900,-9900,0.0,0.0
2023,3,22,13,60,0.0,0.0,0.0,0.0,0.0,5,29.0,20.5,60,990.2,241,0.8,-9900,-9900,0.0,0.0
2023,3,22,14,60,0.0,0.0,0.0,0.0,0.0,5,29.0,19.9,58,989.4,271,2.2,-9900,-9900,0.0,0.0
2023,3,22,15,60,0.0,0.0,0.0,0.0,0.0,5,27.4,20.7,67,988.9,267,3.1,-9900,-9900,0.0,0.0
2023,3,22,16,60,0.0,0.0,0.0,0.0,0.0,5,26.7,20.8,70,988.7,267,2.7,-9900,-9900,0.0,0.0
2023,3,22,17,60,0.0,0.0,0.0,0.0,0.0,5,25.6,20.2,72,988.8,268,3.3,-9900,-9900,0.0,0.0
2023,3,22,18,60,0.0,0.0,0.0,0.0,0.0,5,24.8,20.9,79,989.5,263,3.3,-9900,-9900,0.0,0.0
2023,3,22,19,60,0.0,0.0,0.0,0.0,0.0,5,24.1,20.8,82,990.6,264,2.8,-9900,-9900,0.0,0.0
2023,3,22,20,60,0.0,0.0,0.0,0.0,0.0,5,23.3,21.2,88,991.0,268,3.2,-9900,-9900,0.0,0.0
2023,3,22,21,60,0.0,0.0,0.0,0.0,0.0,5,23.7,20.6,83,991.3,261,2.0,-9900,-9900,0.0,0.0
2023,3,22,22,60,0.0,0.0,0.0,0.0,0.0,5,23.6,20.5,83,991.3,0,0.2,-9900,-9900,0.0,0.0
2023,3,22,23,60,0.0,0.0,0.0,0.0,0.0,5,23.4,20.2,82,991.4,164,1.1,-9900,-9900,0.0,0.0
2023,3,22,24,60,0.0,0.0,0.0,0.0,0.0,5,23.1,19.9,82,991.2,173,0.6,-9900,-9900,0.0,0.0
2023,3,23,1,60,0.0,0.0,0.0,0.0,0.0,5,23.0,19.4,80,991.1,227,0.5,-9900,-9900,0.0,0.0
2023,3,23,2,60,0.0,0.0,0.0,0.0,0.0,5,22.4,19.8,85,990.6,128,0.9,-9900,-9900,0.0,0.0
2023,3,23,3,60,0.0,0.0,0.0,0.0,0.0,5,22.6,19.2,81,990.5,194,0.5,-9900,-9900,0.0,0.0
2023,3,23,4,60,0.0,0.0,0.0,0.0,0.0,5,22.4,19.4,83,991.4,231,0.3,-9900,-9900,0.0,0.0
2023,3,23,5,60,0.0,0.0,0.0,0.0,0.0,5,21.7,19.6,88,991.7,0,0.2,-9900,-9900,0.0,0.0
2023,3,23,6,60,0.0,0.0,0.0,0.0,0.0,5,21.6,20.1,91,992.4,169,0.9,-9900,-9900,0.0,0.0
2023,3,23,7,60,0.0,0.0,0.0,0.0,0.0,5,21.8,20.3,91,992.8,183,1.3,-9900,-9900,0.0,0.0
2023,3,23,8,60,0.0,0.0,0.0,0.0,0.0,5,23.2,20.0,82,993.0,163,1.0,-9900,-9900,0.0,0.0
2023,3,23,9,60,0.0,0.0,0.0,0.0,0.0,5,25.9,18.6,64,992.6,0,0.2,-9900,-9900,0.0,0.0
2023,3,23,10,60,0.0,0.0,0.0,0.0,0.0,5,27.7,18.1,56,992.4,168,0.6,-9900,-9900,0.0,0.0
2023,3,23,11,60,0.0,0.0,0.0,0.0,0.0,5,28.4,18.2,54,992.1,86,0.9,-9900,-9900,0.0,0.0
2023,3,23,12,60,0.0,0.0,0.0,0.0,0.0,5,29.5,18.0,50,992.2,265,3.2,-9900,-9900,0.0,0.0
2023,3,23,13,60,0.0,0.0,0.0,0.0,0.0,5,28.6,18.7,55,992.1,260,3.5,-9900,-9900,0.0,0.0
2023,3,23,14,60,0.0,0.0,0.0,0.0,0.0,5,27.8,19.6,61,992.5,280,2.8,-9900,-9900,0.0,0.0
2023,3,23,15,60,0.0,0.0,0.0,0.0,0.0,5,21.7,20.0,90,994.6,318,4.3,-9900,-9900,0.0,0.0
2023,3,23,16,60,0.0,0.0,0.0,0.0,0.0,5,22.6,19.8,84,994.2,0,0.0,-9900,-9900,0.0,0.0
2023,3,23,17,60,0.0,0.0,0.0,0.0,0.0,5,23.4,20.2,82,994.1,276,0.7,-9900,-9900,0.0,0.0
2023,3,23,18,60,0.0,0.0,0.0,0.0,0.0,5,23.0,20.5,86,996.0,271,1.6,-9900,-9900,0.0,0.0
2023,3,23,19,60,0.0,0.0,0.0,0.0,0.0,5,22.7,20.8,89,997.4,260,2.0,-9900,-9900,0.0,0.0
2023,3,23,20,60,0.0,0.0,0.0,0.0,0.0,5,22.7,20.6,88,996.3,260,1.7,-9900,-9900,0.0,0.0
2023,3,23,21,60,0.0,0.0,0.0,0.0,0.0,5,22.7,20.2,86,995.7,271,0.6,-9900,-9900,0.0,0.0
2023,3,23,22,60,0.0,0.0,0.0,0.0,0.0,5,22.7,20.2,86,995.5,0,0.0,-9900,-9900,0.0,0.0
2023,3,23,23,60,0.0,0.0,0.0,0.0,0.0,5,22.0,20.6,92,996.0,87,1.0,-9900,-9900,0.0,0.0
2023,3,23,24,60,0.0,0.0,0.0,0.0,0.0,5,21.2,20.7,97,996.2,2,1.0,-9900,-9900,0.0,0.0
2023,3,24,1,60,0.0,0.0,0.0,0.0,0.0,5,20.6,20.4,99,995.9,22,1.9,-9900,-9900,0.0,0.0
2023,3,24,2,60,0.0,0.0,0.0,0.0,0.0,5,20.3,20.1,99,995.5,47,1.2,-9900,-9900,0.0,0.0
2023,3,24,3,60,0.0,0.0,0.0,0.0,0.0,5,20.4,20.2,99,994.8,24,0.9,-9900,-9900,0.0,0.0
2023,3,24,4,60,0.0,0.0,0.0,0.0,0.0,5,20.1,19.9,99,994.7,331,0.5,-9900,-9900,0.0,0.0
2023,3,24,5,60,0.0,0.0,0.0,0.0,0.0,5,19.8,19.6,99,995.5,328,0.8,-9900,-9900,0.0,0.0
2023,3,24,6,60,0.0,0.0,0.0,0.0,0.0,5,19.8,19.6,99,996.9,6,1.2,-9900,-9900,0.0,0.0
2023,3,24,7,60,0.0,0.0,0.0,0.0,0.0,5,19.4,19.2,99,998.7,2,0.8,-9900,-9900,0.0,0.0
2023,3,24,8,60,0.0,0.0,0.0,0.0,0.0,5,19.1,18.9,99,998.6,38,2.1,-9900,-9900,0.0,0.0
2023,3,24,9,60,0.0,0.0,0.0,0.0,0.0,5,19.2,19.0,99,999.0,29,2.2,-9900,-9900,0.0,0.0
2023,3,24,10,60,0.0,0.0,0.0,0.0,0.0,5,20.4,19.4,94,998.9,11,1.5,-9900,-9900,0.0,0.0
2023,3,24,11,60,0.0,0.0,0.0,0.0,0.0,5,20.6,19.4,93,999.8,24,1.9,-9900,-9900,0.0,0.0
2023,3,24,12,60,0.0,0.0,0.0,0.0,0.0,5,21.1,19.4,90,999.4,359,1.1,-9900,-9900,0.0,0.0
2023,3,24,13,60,0.0,0.0,0.0,0.0,0.0,5,22.0,18.6,81,998.5,3,1.6,-9900,-9900,0.0,0.0
2023,3,24,14,60,0.0,0.0,0.0,0.0,0.0,5,21.6,18.6,83,998.6,3,1.8,-9900,-9900,0.0,0.0
2023,3,24,15,60,0.0,0.0,0.0,0.0,0.0,5,21.9,18.7,82,998.0,3,0.5,-9900,-9900,0.0,0.0
2023,3,24,16,60,0.0,0.0,0.0,0.0,0.0,5,23.6,18.9,75,997.4,150,1.3,-9900,-9900,0.0,0.0
2023,3,24,17,60,0.0,0.0,0.0,0.0,0.0,5,24.3,19.2,73,998.0,0,0.2,-9900,-9900,0.0,0.0
2023,3,24,18,60,0.0,0.0,0.0,0.0,0.0,5,20.3,19.5,95,998.8,10,2.8,-9900,-9900,0.0,0.0
2023,3,24,19,60,0.0,0.0,0.0,0.0,0.0,5,19.6,19.3,98,998.6,50,1.5,-9900,-9900,0.0,0.0
2023,3,24,20,60,0.0,0.0,0.0,0.0,0.0,5,19.8,19.3,97,999.2,6,1.3,-9900,-9900,0.0,0.0
2023,3,24,21,60,0.0,0.0,0.0,0.0,0.0,5,19.2,18.9,98,1000.2,6,1.5,-9900,-9900,0.0,0.0
2023,3,24,22,60,0.0,0.0,0.0,0.0,0.0,5,19.5,18.7,95,1000.3,88,3.1,-9900,-9900,0.0,0.0
2023,3,24,23,60,0.0,0.0,0.0,0.0,0.0,5,19.8,18.5,92,1000.0,55,2.6,-9900,-9900,0.0,0.0
2023,3,24,24,60,0.0,0.0,0.0,0.0,0.0,5,19.1,18.6,97,999.0,80,2.0,-9900,-9900,0.0,0.0
2023,3,25,1,60,0.0,0.0,0.0,0.0,0.0,5,19.3,19.0,98,998.1,86,2.9,-9900,-9900,0.0,0.0
2023,3,25,2,60,0.0,0.0,0.0,0.0,0.0,5,18.6,18.4,99,997.7,23,2.2,-9900,-9900,0.0,0.0
2023,3,25,3,60,0.0,0.0,0.0,0.0,0.0,5,17.3,17.1,99,997.5,18,2.1,-9900,-9900,0.0,0.0
2023,3,25,4,60,0.0,0.0,0.0,0.0,0.0,5,17.2,17.0,99,999.3,19,3.1,-9900,-9900,0.0,0.0
2023,3,25,5,60,0.0,0.0,0.0,0.0,0.0,5,16.2,16.0,99,999.7,27,4.1,-9900,-9900,0.0,0.0
2023,3,25,6,60,0.0,0.0,0.0,0.0,0.0,5,15.9,15.7,99,1001.0,35,3.0,-9900,-9900,0.0,0.0
2023,3,25,7,60,0.0,0.0,0.0,0.0,0.0,5,16.4,16.2,99,1000.2,78,1.5,-9900,-9900,0.0,0.0
2023,3,25,8,60,0.0,0.0,0.0,0.0,0.0,5,17.8,16.7,93,999.8,92,4.1,-9900,-9900,0.0,0.0
2023,3,25,9,60,0.0,0.0,0.0,0.0,0.0,5,18.7,17.4,92,999.0,79,2.5,-9900,-9900,0.0,0.0
2023,3,25,10,60,0.0,0.0,0.0,0.0,0.0,5,20.5,17.7,84,999.4,40,1.8,-9900,-9900,0.0,0.0
2023,3,25,11,60,0.0,0.0,0.0,0.0,0.0,5,21.4,18.0,81,998.6,46,1.9,-9900,-9900,0.0,0.0
2023,3,25,12,60,0.0,0.0,0.0,0.0,0.0,5,22.0,18.0,78,997.4,52,2.5,-9900,-9900,0.0,0.0
2023,3,25,13,60,0.0,0.0,0.0,0.0,0.0,5,21.9,18.1,79,997.3,93,1.9,-9900,-9900,0.0,0.0
2023,3,25,14,60,0.0,0.0,0.0,0.0,0.0,5,18.2,18.0,99,997.3,10,2.6,-9900,-9900,0.0,0.0
2023,3,25,15,60,0.0,0.0,0.0,0.0,0.0,5,16.9,16.7,99,996.8,35,3.8,-9900,-9900,0.0,0.0
2023,3,25,16,60,0.0,0.0,0.0,0.0,0.0,5,16.5,16.3,99,997.3,36,4.0,-9900,-9900,0.0,0.0
2023,3,25,17,60,0.0,0.0,0.0,0.0,0.0,5,16.2,16.0,99,997.8,33,3.0,-9900,-9900,0.0,0.0
2023,3,25,18,60,0.0,0.0,0.0,0.0,0.0,5,15.5,15.3,99,999.0,24,3.0,-9900,-9900,0.0,0.0
2023,3,25,19,60,0.0,0.0,0.0,0.0,0.0,5,16.1,15.9,99,999.2,83,0.7,-9900,-9900,0.0,0.0
2023,3,25,20,60,0.0,0.0,0.0,0.0,0.0,5,16.1,15.9,99,1000.2,168,0.7,-9900,-9900,0.0,0.0
2023,3,25,21,60,0.0,0.0,0.0,0.0,0.0,5,16.3,16.1,99,999.0,134,1.7,-9900,-9900,0.0,0.0
2023,3,25,22,60,0.0,0.0,0.0,0.0,0.0,5,16.3,16.1,99,997.5,97,1.1,-9900,-9900,0.0,0.0
2023,3,25,23,60,0.0,0.0,0.0,0.0,0.0,5,16.8,16.6,99,997.2,84,1.2,-9900,-9900,0.0,0.0
2023,3,25,24,60,0.0,0.0,0.0,0.0,0.0,5,16.9,16.7,99,998.0,41,1.7,-9900,-9900,0.0,0.0
2023,3,26,1,60,0.0,0.0,0.0,0.0,0.0,5,17.1,16.9,99,998.0,31,1.0,-9900,-9900,0.0,0.0
2023,3,26,2,60,0.0,0.0,0.0,0.0,0.0,5,15.6,15.4,99,998.3,31,3.3,-9900,-9900,0.0,0.0
2023,3,26,3,60,0.0,0.0,0.0,0.0,0.0,5,15.4,15.2,99,997.6,55,1.2,-9900,-9900,0.0,0.0
2023,3,26,4,60,0.0,0.0,0.0,0.0,0.0,5,15.4,15.2,99,997.7,30,1.7,-9900,-9900,0.0,0.0
2023,3,26,5,60,0.0,0.0,0.0,0.0,0.0,5,15.2,15.0,99,997.4,65,1.6,-9900,-9900,0.0,0.0
2023,3,26,6,60,0.0,0.0,0.0,0.0,0.0,5,15.0,14.8,99,999.4,23,3.0,-9900,-9900,0.0,0.0
2023,3,26,7,60,0.0,0.0,0.0,0.0,0.0,5,14.6,14.4,99,1000.0,36,3.1,-9900,-9900,0.0,0.0
2023,3,26,8,60,0.0,0.0,0.0,0.0,0.0,5,14.6,14.4,99,1001.0,42,2.4,-9900,-9900,0.0,0.0
2023,3,26,9,60,0.0,0.0,0.0,0.0,0.0,5,14.2,14.0,99,1000.8,39,1.9,-9900,-9900,0.0,0.0
2023,3,26,10,60,0.0,0.0,0.0,0.0,0.0,5,14.1,13.8,98,1000.2,61,2.6,-9900,-9900,0.0,0.0
2023,3,26,11,60,0.0,0.0,0.0,0.0,0.0,5,14.1,13.6,97,1001.2,36,3.3,-9900,-9900,0.0,0.0
2023,3,26,12,60,0.0,0.0,0.0,0.0,0.0,5,14.7,13.7,94,1000.7,30,1.9,-9900,-9900,0.0,0.0
2023,3,26,13,60,0.0,0.0,0.0,0.0,0.0,5,14.8,13.8,94,1000.1,48,1.9,-9900,-9900,0.0,0.0
2023,3,26,14,60,0.0,0.0,0.0,0.0,0.0,5,14.7,13.7,94,999.6,35,3.0,-9900,-9900,0.0,0.0
2023,3,26,15,60,0.0,0.0,0.0,0.0,0.0,5,15.3,13.8,91,999.0,64,2.2,-9900,-9900,0.0,0.0
2023,3,26,16,60,0.0,0.0,0.0,0.0,0.0,5,14.7,13.4,92,999.1,35,3.3,-9900,-9900,0.0,0.0
2023,3,26,17,60,0.0,0.0,0.0,0.0,0.0,5,14.3,12.9,91,1000.3,47,2.2,-9900,-9900,0.0,0.0
2023,3,26,18,60,0.0,0.0,0.0,0.0,0.0,5,14.5,12.9,90,1000.9,50,1.8,-9900,-9900,0.0,0.0
2023,3,26,19,60,0.0,0.0,0.0,0.0,0.0,5,14.5,13.5,94,1001.0,63,1.9,-9900,-9900,0.0,0.0
2023,3,26,20,60,0.0,0.0,0.0,0.0,0.0,5,14.5,13.9,96,1001.0,39,2.1,-9900,-9900,0.0,0.0
2023,3,26,21,60,0.0,0.0,0.0,0.0,0.0,5,14.3,14.0,98,1001.4,50,1.6,-9900,-9900,0.0,0.0
2023,3,26,22,60,0.0,0.0,0.0,0.0,0.0,5,14.6,14.0,96,1001.4,54,1.7,-9900,-9900,0.0,0.0
2023,3,26,23,60,0.0,0.0,0.0,0.0,0.0,5,14.9,13.9,94,1002.0,46,1.7,-9900,-9900,0.0,0.0
2023,3,26,24,60,0.0,0.0,0.0,0.0,0.0,5,15.1,14.1,94,1001.9,58,2.0,-9900,-9900,0.0,0.0
2023,3,27,1,60,0.0,0.0,0.0,0.0,0.0,5,15.3,14.7,96,1001.0,74,1.3,-9900,-9900,0.0,0.0
2023,3,27,2,60,0.0,0.0,0.0,0.0,0.0,5,15.2,14.6,96,1000.8,55,1.7,-9900,-9900,0.0,0.0
2023,3,27,3,60,0.0,0.0,0.0,0.0,0.0,5,15.4,14.8,96,1000.5,71,2.5,-9900,-9900,0.0,0.0
2023,3,27,4,60,0.0,0.0,0.0,0.0,0.0,5,15.6,15.1,97,1000.4,60,1.6,-9900,-9900,0.0,0.0
2023,3,27,5,60,0.0,0.0,0.0,0.0,0.0,5,15.4,15.1,98,1000.7,53,1.6,-9900,-9900,0.0,0.0
2023,3,27,6,60,0.0,0.0,0.0,0.0,0.0,5,15.6,15.1,97,1000.5,74,2.8,-9900,-9900,0.0,0.0
2023,3,27,7,60,0.0,0.0,0.0,0.0,0.0,5,15.7,14.4,92,1000.8,76,3.5,-9900,-9900,0.0,0.0
2023,3,27,8,60,0.0,0.0,0.0,0.0,0.0,5,16.1,14.3,89,1001.3,72,4.0,-9900,-9900,0.0,0.0
2023,3,27,9,60,0.0,0.0,0.0,0.0,0.0,5,16.9,14.5,86,1001.6,73,2.4,-9900,-9900,0.0,0.0
2023,3,27,10,60,0.0,0.0,0.0,0.0,0.0,5,17.1,14.9,87,1001.5,80,3.8,-9900,-9900,0.0,0.0
2023,3,27,11,60,0.0,0.0,0.0,0.0,0.0,5,17.9,14.8,82,1001.4,77,3.4,-9900,-9900,0.0,0.0
2023,3,27,12,60,0.0,0.0,0.0,0.0,0.0,5,18.4,14.9,80,1000.7,75,3.7,-9900,-9900,0.0,0.0
2023,3,27,13,60,0.0,0.0,0.0,0.0,0.0,5,18.2,14.9,81,1000.0,69,3.6,-9900,-9900,0.0,0.0
2023,3,27,14,60,0.0,0.0,0.0,0.0,0.0,5,18.1,15.2,83,1000.0,72,2.2,-9900,-9900,0.0,0.0
2023,3,27,15,60,0.0,0.0,0.0,0.0,0.0,5,17.4,14.9,85,1000.2,54,2.3,-9900,-9900,0.0,0.0
2023,3,27,16,60,0.0,0.0,0.0,0.0,0.0,5,16.6,14.2,86,1000.6,36,2.9,-9900,-9900,0.0,0.0
2023,3,27,17,60,0.0,0.0,0.0,0.0,0.0,5,16.5,14.9,90,1000.8,73,2.7,-9900,-9900,0.0,0.0
2023,3,27,18,60,0.0,0.0,0.0,0.0,0.0,5,15.0,14.7,98,1001.7,48,2.0,-9900,-9900,0.0,0.0
2023,3,27,19,60,0.0,0.0,0.0,0.0,0.0,5,14.8,14.6,99,1002.3,62,1.9,-9900,-9900,0.0,0.0
2023,3,27,20,60,0.0,0.0,0.0,0.0,0.0,5,14.3,14.1,99,1002.8,62,1.1,-9900,-9900,0.0,0.0
2023,3,27,21,60,0.0,0.0,0.0,0.0,0.0,5,13.9,13.7,99,1003.2,48,2.8,-9900,-9900,0.0,0.0
2023,3,27,22,60,0.0,0.0,0.0,0.0,0.0,5,14.0,13.7,98,1003.5,49,2.1,-9900,-9900,0.0,0.0
2023,3,27,23,60,0.0,0.0,0.0,0.0,0.0,5,14.2,13.9,98,1003.3,61,1.7,-9900,-9900,0.0,0.0
2023,3,27,24,60,0.0,0.0,0.0,0.0,0.0,5,14.4,13.8,96,1002.9,56,2.6,-9900,-9900,0.0,0.0
2023,3,28,1,60,0.0,0.0,0.0,0.0,0.0,5,14.5,13.9,96,1002.6,75,2.4,-9900,-9900,0.0,0.0
2023,3,28,2,60,0.0,0.0,0.0,0.0,0.0,5,14.5,14.3,99,1001.9,70,2.4,-9900,-9900,0.0,0.0
2023,3,28,3,60,0.0,0.0,0.0,0.0,0.0,5,14.4,14.2,99,1001.6,68,2.8,-9900,-9900,0.0,0.0
2023,3,28,4,60,0.0,0.0,0.0,0.0,0.0,5,14.4,14.2,99,1001.9,76,2.3,-9900,-9900,0.0,0.0
2023,3,28,5,60,0.0,0.0,0.0,0.0,0.0,5,14.6,14.4,99,1001.7,75,1.8,-9900,-9900,0.0,0.0
2023,3,28,6,60,0.0,0.0,0.0,0.0,0.0,5,15.0,14.8,99,1001.7,70,2.1,-9900,-9900,0.0,0.0
2023,3,28,7,60,0.0,0.0,0.0,0.0,0.0,5,15.8,15.5,98,1001.9,61,2.7,-9900,-9900,0.0,0.0
2023,3,28,8,60,0.0,0.0,0.0,0.0,0.0,5,16.7,15.9,95,1002.8,63,2.6,-9900,-9900,0.0,0.0
2023,3,28,9,60,0.0,0.0,0.0,0.0,0.0,5,17.2,16.2,94,1003.1,63,3.0,-9900,-9900,0.0,0.0
2023,3,28,10,60,0.0,0.0,0.0,0.0,0.0,5,17.6,16.3,92,1003.1,57,3.8,-9900,-9900,0.0,0.0
2023,3,28,11,60,0.0,0.0,0.0,0.0,0.0,5,18.2,16.5,90,1002.8,70,3.2,-9900,-9900,0.0,0.0
2023,3,28,12,60,0.0,0.0,0.0,0.0,0.0,5,19.4,17.2,87,1002.1,60,3.7,-9900,-9900,0.0,0.0
2023,3,28,13,60,0.0,0.0,0.0,0.0,0.0,5,18.3,17.1,93,1001.5,34,3.0,-9900,-9900,0.0,0.0
2023,3,28,14,60,0.0,0.0,0.0,0.0,0.0,5,18.0,17.0,94,1001.1,45,2.2,-9900,-9900,0.0,0.0
2023,3,28,15,60,0.0,0.0,0.0,0.0,0.0,5,18.0,17.7,98,1000.7,69,1.9,-9900,-9900,0.0,0.0
2023,3,28,16,60,0.0,0.0,0.0,0.0,0.0,5,18.1,17.1,94,1000.7,77,3.3,-9900,-9900,0.0,0.0
2023,3,28,17,60,0.0,0.0,0.0,0.0,0.0,5,18.4,17.4,94,1000.8,77,3.1,-9900,-9900,0.0,0.0
2023,3,28,18,60,0.0,0.0,0.0,0.0,0.0,5,18.3,17.5,95,1000.5,68,3.5,-9900,-9900,0.0,0.0
2023,3,28,19,60,0.0,0.0,0.0,0.0,0.0,5,18.2,17.6,96,1000.9,67,3.5,-9900,-9900,0.0,0.0
2023,3,28,20,60,0.0,0.0,0.0,0.0,0.0,5,18.1,17.8,98,1000.9,71,3.4,-9900,-9900,0.0,0.0
2023,3,28,21,60,0.0,0.0,0.0,0.0,0.0,5,18.1,17.8,98,1001.4,68,2.6,-9900,-9900,0.0,0.0
2023,3,28,22,60,0.0,0.0,0.0,0.0,0.0,5,18.2,18.0,99,1001.5,67,2.8,-9900,-9900,0.0,0.0
2023,3,28,23,60,0.0,0.0,0.0,0.0,0.0,5,18.3,18.1,99,1000.9,57,1.8,-9900,-9900,0.0,0.0
2023,3,28,24,60,0.0,0.0,0.0,0.0,0.0,5,18.4,18.2,99,1000.1,55,1.9,-9900,-9900,0.0,0.0
2023,3,29,1,60,0.0,0.0,0.0,0.0,0.0,5,18.0,17.8,99,999.4,29,0.8,-9900,-9900,0.0,0.0
2023,3,29,2,60,0.0,0.0,0.0,0.0,0.0,5,17.8,17.6,99,998.7,353,0.6,-9900,-9900,0.0,0.0
2023,3,29,3,60,0.0,0.0,0.0,0.0,0.0,5,18.2,18.0,99,998.8,32,1.7,-9900,-9900,0.0,0.0
2023,3,29,4,60,0.0,0.0,0.0,0.0,0.0,5,18.2,18.0,99,997.8,111,0.6,-9900,-9900,0.0,0.0
2023,3,29,5,60,0.0,0.0,0.0,0.0,0.0,5,18.4,18.2,99,998.8,326,0.8,-9900,-9900,0.0,0.0
2023,3,29,6,60,0.0,0.0,0.0,0.0,0.0,5,18.5,18.3,99,999.0,305,0.3,-9900,-9900,0.0,0.0
2023,3,29,7,60,0.0,0.0,0.0,0.0,0.0,5,18.3,18.1,99,999.2,188,0.4,-9900,-9900,0.0,0.0
2023,3,29,8,60,0.0,0.0,0.0,0.0,0.0,5,18.9,18.6,98,999.4,123,0.7,-9900,-9900,0.0,0.0
2023,3,29,9,60,0.0,0.0,0.0,0.0,0.0,5,19.7,18.7,94,999.4,0,0.0,-9900,-9900,0.0,0.0
2023,3,29,10,60,0.0,0.0,0.0,0.0,0.0,5,20.0,19.3,96,999.4,260,1.3,-9900,-9900,0.0,0.0
2023,3,29,11,60,0.0,0.0,0.0,0.0,0.0,5,20.1,19.9,99,998.8,321,0.9,-9900,-9900,0.0,0.0
2023,3,29,12,60,0.0,0.0,0.0,0.0,0.0,5,20.0,19.8,99,998.6,318,1.4,-9900,-9900,0.0,0.0
2023,3,29,13,60,0.0,0.0,0.0,0.0,0.0,5,19.2,19.0,99,998.5,313,2.6,-9900,-9900,0.0,0.0
2023,3,29,14,60,0.0,0.0,0.0,0.0,0.0,5,18.5,18.3,99,998.6,319,2.7,-9900,-9900,0.0,0.0
2023,3,29,15,60,0.0,0.0,0.0,0.0,0.0,5,18.0,17.8,99,998.0,13,1.6,-9900,-9900,0.0,0.0
2023,3,29,16,60,0.0,0.0,0.0,0.0,0.0,5,17.8,17.6,99,997.7,359,1.3,-9900,-9900,0.0,0.0
2023,3,29,17,60,0.0,0.0,0.0,0.0,0.0,5,17.8,17.6,99,997.7,5,0.9,-9900,-9900,0.0,0.0
2023,3,29,18,60,0.0,0.0,0.0,0.0,0.0,5,17.6,17.4,99,997.7,3,1.1,-9900,-9900,0.0,0.0
2023,3,29,19,60,0.0,0.0,0.0,0.0,0.0,5,17.7,17.5,99,998.3,358,1.4,-9900,-9900,0.0,0.0
2023,3,29,20,60,0.0,0.0,0.0,0.0,0.0,5,17.7,17.5,99,998.8,348,0.9,-9900,-9900,0.0,0.0
2023,3,29,21,60,0.0,0.0,0.0,0.0,0.0,5,17.9,17.7,99,999.1,15,1.6,-9900,-9900,0.0,0.0
2023,3,29,22,60,0.0,0.0,0.0,0.0,0.0,5,17.8,17.6,99,998.8,344,0.7,-9900,-9900,0.0,0.0
2023,3,29,23,60,0.0,0.0,0.0,0.0,0.0,5,17.8,17.6,99,998.3,356,1.2,-9900,-9900,0.0,0.0
2023,3,29,24,60,0.0,0.0,0.0,0.0,0.0,5,17.8,17.6,99,998.4,359,0.7,-9900,-9900,0.0,0.0
2023,3,30,1,60,0.0,0.0,0.0,0.0,0.0,5,17.4,17.2,99,998.5,355,1.1,-9900,-9900,0.0,0.0
2023,3,30,2,60,0.0,0.0,0.0,0.0,0.0,5,17.2,17.0,99,996.5,111,0.5,-9900,-9900,0.0,0.0
2023,3,30,3,60,0.0,0.0,0.0,0.0,0.0,5,17.2,17.0,99,996.6,358,1.7,-9900,-9900,0.0,0.0
2023,3,30,4,60,0.0,0.0,0.0,0.0,0.0,5,16.8,16.6,99,996.7,360,1.4,-9900,-9900,0.0,0.0
2023,3,30,5,60,0.0,0.0,0.0,0.0,0.0,5,16.5,16.3,99,997.0,26,1.3,-9900,-9900,0.0,0.0
2023,3,30,6,60,0.0,0.0,0.0,0.0,0.0,5,16.1,15.9,99,997.5,6,1.6,-9900,-9900,0.0,0.0
2023,3,30,7,60,0.0,0.0,0.0,0.0,0.0,5,16.2,16.0,99,997.9,356,1.0,-9900,-9900,0.0,0.0
2023,3,30,8,60,0.0,0.0,0.0,0.0,0.0,5,16.5,16.3,99,997.9,44,1.2,-9900,-9900,0.0,0.0
2023,3,30,9,60,0.0,0.0,0.0,0.0,0.0,5,16.7,16.5,99,997.5,45,1.0,-9900,-9900,0.0,0.0
2023,3,30,10,60,0.0,0.0,0.0,0.0,0.0,5,17.0,16.8,99,997.7,10,1.2,-9900,-9900,0.0,0.0
2023,3,30,11,60,0.0,0.0,0.0,0.0,0.0,5,16.9,16.7,99,997.5,19,2.0,-9900,-9900,0.0,0.0
2023,3,30,12,60,0.0,0.0,0.0,0.0,0.0,5,17.2,17.0,99,997.4,17,1.6,-9900,-9900,0.0,0.0
2023,3,30,13,60,0.0,0.0,0.0,0.0,0.0,5,17.2,17.0,99,996.4,28,1.3,-9900,-9900,0.0,0.0
2023,3,30,14,60,0.0,0.0,0.0,0.0,0.0,5,17.2,17.0,99,995.7,33,1.4,-9900,-9900,0.0,0.0
2023,3,30,15,60,0.0,0.0,0.0,0.0,0.0,5,16.9,16.7,99,995.8,16,1.4,-9900,-9900,0.0,0.0
2023,3,30,16,60,0.0,0.0,0.0,0.0,0.0,5,16.6,16.4,99,996.0,7,1.5,-9900,-9900,0.0,0.0
2023,3,30,17,60,0.0,0.0,0.0,0.0,0.0,5,16.5,16.3,99,996.3,22,1.6,-9900,-9900,0.0,0.0
2023,3,30,18,60,0.0,0.0,0.0,0.0,0.0,5,16.6,16.4,99,996.6,40,2.4,-9900,-9900,0.0,0.0
2023,3,30,19,60,0.0,0.0,0.0,0.0,0.0,5,16.4,16.2,99,996.2,38,1.6,-9900,-9900,0.0,0.0
2023,3,30,20,60,0.0,0.0,0.0,0.0,0.0,5,16.4,15.9,97,997.1,37,2.4,-9900,-9900,0.0,0.0
2023,3,30,21,60,0.0,0.0,0.0,0.0,0.0,5,16.3,15.8,97,997.5,62,1.6,-9900,-9900,0.0,0.0
2023,3,30,22,60,0.0,0.0,0.0,0.0,0.0,5,16.2,15.7,97,998.0,55,1.9,-9900,-9900,0.0,0.0
2023,3,30,23,60,0.0,0.0,0.0,0.0,0.0,5,16.3,15.5,95,998.0,55,1.9,-9900,-9900,0.0,0.0
2023,3,30,24,60,0.0,0.0,0.0,0.0,0.0,5,16.1,15.5,96,998.2,49,2.2,-9900,-9900,0.0,0.0
2023,3,31,1,60,0.0,0.0,0.0,0.0,0.0,5,16.1,15.1,94,998.1,47,1.4,-9900,-9900,0.0,0.0
2023,3,31,2,60,0.0,0.0,0.0,0.0,0.0,5,15.6,15.4,99,997.4,36,2.4,-9900,-9900,0.0,0.0
2023,3,31,3,60,0.0,0.0,0.0,0.0,0.0,5,15.4,15.2,99,996.8,87,1.5,-9900,-9900,0.0,0.0
2023,3,31,4,60,0.0,0.0,0.0,0.0,0.0,5,15.5,15.3,99,997.5,36,1.7,-9900,-9900,0.0,0.0
2023,3,31,5,60,0.0,0.0,0.0,0.0,0.0,5,15.7,15.2,97,998.1,61,1.3,-9900,-9900,0.0,0.0
2023,3,31,6,60,0.0,0.0,0.0,0.0,0.0,5,15.9,15.1,95,997.8,69,1.4,-9900,-9900,0.0,0.0
2023,3,31,7,60,0.0,0.0,0.0,0.0,0.0,5,15.8,15.0,95,998.3,56,1.6,-9900,-9900,0.0,0.0
2023,3,31,8,60,0.0,0.0,0.0,0.0,0.0,5,16.7,15.1,90,999.0,51,1.3,-9900,-9900,0.0,0.0
2023,3,31,9,60,0.0,0.0,0.0,0.0,0.0,5,17.4,15.0,86,999.4,58,1.3,-9900,-9900,0.0,0.0
2023,3,31,10,60,0.0,0.0,0.0,0.0,0.0,5,17.5,15.1,86,999.3,63,1.6,-9900,-9900,0.0,0.0
2023,3,31,11,60,0.0,0.0,0.0,0.0,0.0,5,18.0,15.3,84,999.6,62,1.3,-9900,-9900,0.0,0.0
2023,3,31,12,60,0.0,0.0,0.0,0.0,0.0,5,18.5,15.4,82,998.8,17,2.0,-9900,-9900,0.0,0.0
2023,3,31,13,60,0.0,0.0,0.0,0.0,0.0,5,18.8,15.3,80,998.3,25,2.3,-9900,-9900,0.0,0.0
2023,3,31,14,60,0.0,0.0,0.0,0.0,0.0,5,18.2,15.5,84,997.5,20,2.6,-9900,-9900,0.0,0.0
2023,3,31,15,60,0.0,0.0,0.0,0.0,0.0,5,18.1,15.0,82,997.0,28,2.3,-9900,-9900,0.0,0.0
2023,3,31,16,60,0.0,0.0,0.0,0.0,0.0,5,17.6,14.9,84,996.6,37,3.1,-9900,-9900,0.0,0.0
2023,3,31,17,60,0.0,0.0,0.0,0.0,0.0,5,18.1,14.8,81,996.9,45,1.8,-9900,-9900,0.0,0.0
2023,3,31,18,60,0.0,0.0,0.0,0.0,0.0,5,17.4,15.4,88,997.5,32,2.3,-9900,-9900,0.0,0.0
2023,3,31,19,60,0.0,0.0,0.0,0.0,0.0,5,17.4,15.2,87,997.6,42,1.4,-9900,-9900,0.0,0.0
2023,3,31,20,60,0.0,0.0,0.0,0.0,0.0,5,17.3,15.1,87,997.6,75,1.3,-9900,-9900,0.0,0.0
2023,3,31,21,60,0.0,0.0,0.0,0.0,0.0,5,17.1,15.1,88,998.0,61,1.4,-9900,-9900,0.0,0.0
2023,3,31,22,60,0.0,0.0,0.0,0.0,0.0,5,16.9,15.2,90,998.2,58,1.6,-9900,-9900,0.0,0.0
2023,3,31,23,60,0.0,0.0,0.0,0.0,0.0,5,16.9,15.4,91,998.6,39,1.5,-9900,-9900,0.0,0.0
2023,3,31,24,60,0.0,0.0,0.0,0.0,0.0,5,17.0,15.5,91,997.7,74,1.2,-9900,-9900,0.0,0.0
2023,4,1,1,60,0.0,0.0,0.0,0.0,0.0,5,16.9,15.8,93,996.9,53,1.4,-9900,-9900,0.0,0.0
2023,4,1,2,60,0.0,0.0,0.0,0.0,0.0,5,16.9,15.9,94,996.4,51,1.0,-9900,-9900,0.0,0.0
2023,4,1,3,60,0.0,0.0,0.0,0.0,0.0,5,16.6,16.0,96,995.8,37,0.8,-9900,-9900,0.0,0.0
2023,4,1,4,60,0.0,0.0,0.0,0.0,0.0,5,16.4,16.2,99,996.2,25,1.3,-9900,-9900,0.0,0.0
2023,4,1,5,60,0.0,0.0,0.0,0.0,0.0,5,16.5,16.3,99,996.2,85,0.7,-9900,-9900,0.0,0.0
2023,4,1,6,60,0.0,0.0,0.0,0.0,0.0,5,16.5,16.3,99,996.1,76,0.6,-9900,-9900,0.0,0.0
2023,4,1,7,60,0.0,0.0,0.0,0.0,0.0,5,16.8,16.6,99,997.3,7,0.6,-9900,-9900,0.0,0.0
2023,4,1,8,60,0.0,0.0,0.0,0.0,0.0,5,17.0,16.8,99,996.9,114,1.2,-9900,-9900,0.0,0.0
2023,4,1,9,60,0.0,0.0,0.0,0.0,0.0,5,17.1,16.9,99,997.7,337,1.1,-9900,-9900,0.0,0.0
2023,4,1,10,60,0.0,0.0,0.0,0.0,0.0,5,17.4,17.2,99,998.5,6,1.1,-9900,-9900,0.0,0.0
2023,4,1,11,60,0.0,0.0,0.0,0.0,0.0,5,17.4,17.2,99,998.1,358,1.1,-9900,-9900,0.0,0.0
2023,4,1,12,60,0.0,0.0,0.0,0.0,0.0,5,17.6,17.4,99,997.4,24,1.3,-9900,-9900,0.0,0.0
2023,4,1,13,60,0.0,0.0,0.0,0.0,0.0,5,17.1,16.9,99,996.9,14,1.1,-9900,-9900,0.0,0.0
2023,4,1,14,60,0.0,0.0,0.0,0.0,0.0,5,17.2,17.0,99,996.2,14,0.7,-9900,-9900,0.0,0.0
2023,4,1,15,60,0.0,0.0,0.0,0.0,0.0,5,17.3,17.1,99,995.8,7,0.8,-9900,-9900,0.0,0.0
2023,4,1,16,60,0.0,0.0,0.0,0.0,0.0,5,17.1,16.9,99,995.6,35,1.6,-9900,-9900,0.0,0.0
2023,4,1,17,60,0.0,0.0,0.0,0.0,0.0,5,17.1,16.9,99,995.6,30,0.7,-9900,-9900,0.0,0.0
2023,4,1,18,60,0.0,0.0,0.0,0.0,0.0,5,17.2,17.0,99,996.3,1,0.9,-9900,-9900,0.0,0.0
2023,4,1,19,60,0.0,0.0,0.0,0.0,0.0,5,16.9,16.7,99,996.2,64,0.7,-9900,-9900,0.0,0.0
2023,4,1,20,60,0.0,0.0,0.0,0.0,0.0,5,17.0,16.8,99,996.6,25,0.9,-9900,-9900,0.0,0.0
2023,4,1,21,60,0.0,0.0,0.0,0.0,0.0,5,17.1,16.9,99,997.2,47,0.6,-9900,-9900,0.0,0.0
2023,4,1,22,60,0.0,0.0,0.0,0.0,0.0,5,17.3,17.1,99,997.3,92,1.4,-9900,-9900,0.0,0.0
2023,4,1,23,60,0.0,0.0,0.0,0.0,0.0,5,17.3,17.1,99,997.4,18,0.9,-9900,-9900,0.0,0.0
2023,4,1,24,60,0.0,0.0,0.0,0.0,0.0,5,17.3,17.1,99,997.3,42,0.4,-9900,-9900,0.0,0.0
2023,4,2,1,60,0.0,0.0,0.0,0.0,0.0,5,17.5,17.3,99,996.9,38,1.3,-9900,-9900,0.0,0.0
2023,4,2,2,60,0.0,0.0,0.0,0.0,0.0,5,17.5,17.3,99,996.7,86,0.6,-9900,-9900,0.0,0.0
2023,4,2,3,60,0.0,0.0,0.0,0.0,0.0,5,17.6,17.4,99,996.4,0,0.0,-9900,-9900,0.0,0.0
2023,4,2,4,60,0.0,0.0,0.0,0.0,0.0,5,17.7,17.5,99,996.7,39,1.1,-9900,-9900,0.0,0.0
2023,4,2,5,60,0.0,0.0,0.0,0.0,0.0,5,17.7,17.5,99,997.1,36,1.0,-9900,-9900,0.0,0.0
2023,4,2,6,60,0.0,0.0,0.0,0.0,0.0,5,17.3,17.1,99,997.6,51,0.8,-9900,-9900,0.0,0.0
2023,4,2,7,60,0.0,0.0,0.0,0.0,0.0,5,17.8,17.6,99,998.6,35,0.8,-9900,-9900,0.0,0.0
2023,4,2,8,60,0.0,0.0,0.0,0.0,0.0,5,18.2,17.7,97,998.9,59,1.1,-9900,-9900,0.0,0.0
2023,4,2,9,60,0.0,0.0,0.0,0.0,0.0,5,18.9,18.2,96,999.1,63,1.3,-9900,-9900,0.0,0.0
2023,4,2,10,60,0.0,0.0,0.0,0.0,0.0,5,19.9,17.7,87,999.0,86,2.0,-9900,-9900,0.0,0.0
2023,4,2,11,60,0.0,0.0,0.0,0.0,0.0,5,21.1,16.9,77,998.6,66,2.2,-9900,-9900,0.0,0.0
2023,4,2,12,60,0.0,0.0,0.0,0.0,0.0,5,22.1,16.4,70,997.7,85,2.2,-9900,-9900,0.0,0.0
2023,4,2,13,60,0.0,0.0,0.0,0.0,0.0,5,22.9,16.0,65,996.9,88,2.0,-9900,-9900,0.0,0.0
2023,4,2,14,60,0.0,0.0,0.0,0.0,0.0,5,23.2,15.5,62,996.0,87,2.9,-9900,-9900,0.0,0.0
2023,4,2,15,60,0.0,0.0,0.0,0.0,0.0,5,23.8,15.3,59,995.5,74,2.1,-9900,-9900,0.0,0.0
2023,4,2,16,60,0.0,0.0,0.0,0.0,0.0,5,23.1,14.4,58,995.1,88,2.4,-9900,-9900,0.0,0.0
2023,4,2,17,60,0.0,0.0,0.0,0.0,0.0,5,22.2,14.1,60,995.3,62,3.4,-9900,-9900,0.0,0.0
2023,4,2,18,60,0.0,0.0,0.0,0.0,0.0,5,20.9,13.8,64,995.7,74,2.5,-9900,-9900,0.0,0.0
2023,4,2,19,60,0.0,0.0,0.0,0.0,0.0,5,19.9,14.7,72,995.9,79,2.5,-9900,-9900,0.0,0.0
2023,4,2,20,60,0.0,0.0,0.0,0.0,0.0,5,19.7,14.3,71,996.3,81,2.9,-9900,-9900,0.0,0.0
2023,4,2,21,60,0.0,0.0,0.0,0.0,0.0,5,19.4,14.0,71,996.6,86,3.7,-9900,-9900,0.0,0.0
2023,4,2,22,60,0.0,0.0,0.0,0.0,0.0,5,19.3,14.1,72,996.5,85,4.1,-9900,-9900,0.0,0.0
2023,4,2,23,60,0.0,0.0,0.0,0.0,0.0,5,19.1,14.6,75,996.3,78,2.6,-9900,-9900,0.0,0.0
2023,4,2,24,60,0.0,0.0,0.0,0.0,0.0,5,19.3,14.3,73,995.8,81,4.5,-9900,-9900,0.0,0.0
2023,4,3,1,60,0.0,0.0,0.0,0.0,0.0,5,19.1,14.4,74,995.3,83,3.4,-9900,-9900,0.0,0.0
2023,4,3,2,60,0.0,0.0,0.0,0.0,0.0,5,18.8,14.7,77,995.3,82,3.2,-9900,-9900,0.0,0.0
2023,4,3,3,60,0.0,0.0,0.0,0.0,0.0,5,18.7,14.8,78,995.9,88,2.6,-9900,-9900,0.0,0.0
2023,4,3,4,60,0.0,0.0,0.0,0.0,0.0,5,18.6,14.9,79,996.1,85,1.7,-9900,-9900,0.0,0.0
2023,4,3,5,60,0.0,0.0,0.0,0.0,0.0,5,18.6,14.7,78,996.8,80,1.3,-9900,-9900,0.0,0.0
2023,4,3,6,60,0.0,0.0,0.0,0.0,0.0,5,18.6,14.5,77,996.7,91,1.5,-9900,-9900,0.0,0.0
2023,4,3,7,60,0.0,0.0,0.0,0.0,0.0,5,19.3,14.3,73,997.0,89,1.9,-9900,-9900,0.0,0.0
2023,4,3,8,60,0.0,0.0,0.0,0.0,0.0,5,20.2,14.1,68,997.7,97,2.7,-9900,-9900,0.0,0.0
2023,4,3,9,60,0.0,0.0,0.0,0.0,0.0,5,21.4,14.3,64,997.8,91,3.5,-9900,-9900,0.0,0.0
2023,4,3,10,60,0.0,0.0,0.0,0.0,0.0,5,22.9,15.0,61,997.8,92,3.0,-9900,-9900,0.0,0.0
2023,4,3,11,60,0.0,0.0,0.0,0.0,0.0,5,24.4,15.6,58,997.1,81,3.2,-9900,-9900,0.0,0.0
2023,4,3,12,60,0.0,0.0,0.0,0.0,0.0,5,25.6,15.9,55,996.6,74,2.1,-9900,-9900,0.0,0.0
2023,4,3,13,60,0.0,0.0,0.0,0.0,0.0,5,26.6,15.9,52,995.8,9,1.4,-9900,-9900,0.0,0.0
2023,4,3,14,60,0.0,0.0,0.0,0.0,0.0,5,26.5,16.4,54,995.1,96,1.9,-9900,-9900,0.0,0.0
2023,4,3,15,60,0.0,0.0,0.0,0.0,0.0,5,25.9,16.2,55,994.6,94,2.1,-9900,-9900,0.0,0.0
2023,4,3,16,60,0.0,0.0,0.0,0.0,0.0,5,24.7,15.9,58,994.4,83,3.0,-9900,-9900,0.0,0.0
2023,4,3,17,60,0.0,0.0,0.0,0.0,0.0,5,23.7,15.7,61,994.5,91,3.3,-9900,-9900,0.0,0.0
2023,4,3,18,60,0.0,0.0,0.0,0.0,0.0,5,22.7,15.8,65,995.0,93,3.1,-9900,-9900,0.0,0.0
2023,4,3,19,60,0.0,0.0,0.0,0.0,0.0,5,22.1,15.9,68,995.2,94,2.8,-9900,-9900,0.0,0.0
2023,4,3,20,60,0.0,0.0,0.0,0.0,0.0,5,21.6,15.7,69,996.1,95,2.0,-9900,-9900,0.0,0.0
2023,4,3,21,60,0.0,0.0,0.0,0.0,0.0,5,21.6,15.4,68,997.1,113,1.4,-9900,-9900,0.0,0.0
2023,4,3,22,60,0.0,0.0,0.0,0.0,0.0,5,21.6,15.4,68,997.1,118,1.5,-9900,-9900,0.0,0.0
2023,4,3,23,60,0.0,0.0,0.0,0.0,0.0,5,21.6,15.7,69,996.8,94,1.7,-9900,-9900,0.0,0.0
2023,4,3,24,60,0.0,0.0,0.0,0.0,0.0,5,21.0,16.0,73,996.6,116,1.5,-9900,-9900,0.0,0.0
2023,4,4,1,60,0.0,0.0,0.0,0.0,0.0,5,20.5,16.3,77,995.8,132,1.4,-9900,-9900,0.0,0.0
2023,4,4,2,60,0.0,0.0,0.0,0.0,0.0,5,20.2,16.2,78,995.0,127,1.9,-9900,-9900,0.0,0.0
2023,4,4,3,60,0.0,0.0,0.0,0.0,0.0,5,20.2,15.8,76,994.6,148,0.8,-9900,-9900,0.0,0.0
2023,4,4,4,60,0.0,0.0,0.0,0.0,0.0,5,20.2,15.8,76,994.1,124,1.8,-9900,-9900,0.0,0.0
2023,4,4,5,60,0.0,0.0,0.0,0.0,0.0,5,19.7,16.2,80,994.5,268,1.3,-9900,-9900,0.0,0.0
2023,4,4,6,60,0.0,0.0,0.0,0.0,0.0,5,19.9,16.1,79,995.3,264,1.6,-9900,-9900,0.0,0.0
2023,4,4,7,60,0.0,0.0,0.0,0.0,0.0,5,20.0,19.3,96,996.0,268,0.8,-9900,-9900,0.0,0.0
2023,4,4,8,60,0.0,0.0,0.0,0.0,0.0,5,21.5,19.8,90,996.8,277,0.7,-9900,-9900,0.0,0.0
2023,4,4,9,60,0.0,0.0,0.0,0.0,0.0,5,23.0,19.2,79,997.2,313,0.3,-9900,-9900,0.0,0.0
2023,4,4,10,60,0.0,0.0,0.0,0.0,0.0,5,22.5,19.7,84,997.1,136,1.3,-9900,-9900,0.0,0.0
2023,4,4,11,60,0.0,0.0,0.0,0.0,0.0,5,22.6,19.6,83,996.7,131,2.1,-9900,-9900,0.0,0.0
2023,4,4,12,60,0.0,0.0,0.0,0.0,0.0,5,24.4,18.6,70,995.6,0,0.2,-9900,-9900,0.0,0.0
2023,4,4,13,60,0.0,0.0,0.0,0.0,0.0,5,26.1,17.5,59,994.4,0,0.0,-9900,-9900,0.0,0.0
2023,4,4,14,60,0.0,0.0,0.0,0.0,0.0,5,25.2,17.7,63,993.7,49,1.1,-9900,-9900,0.0,0.0
2023,4,4,15,60,0.0,0.0,0.0,0.0,0.0,5,24.2,18.6,71,993.6,315,3.6,-9900,-9900,0.0,0.0
2023,4,4,16,60,0.0,0.0,0.0,0.0,0.0,5,23.7,19.8,79,993.4,321,1.5,-9900,-9900,0.0,0.0
2023,4,4,17,60,0.0,0.0,0.0,0.0,0.0,5,24.0,19.1,74,993.2,347,0.4,-9900,-9900,0.0,0.0
2023,4,4,18,60,0.0,0.0,0.0,0.0,0.0,5,23.3,19.5,79,993.4,11,0.9,-9900,-9900,0.0,0.0
2023,4,4,19,60,0.0,0.0,0.0,0.0,0.0,5,22.2,20.3,89,993.7,334,0.8,-9900,-9900,0.0,0.0
2023,4,4,20,60,0.0,0.0,0.0,0.0,0.0,5,21.7,19.6,88,994.3,360,1.0,-9900,-9900,0.0,0.0
2023,4,4,21,60,0.0,0.0,0.0,0.0,0.0,5,21.3,19.9,92,995.1,314,1.2,-9900,-9900,0.0,0.0
2023,4,4,22,60,0.0,0.0,0.0,0.0,0.0,5,20.8,20.6,99,995.7,317,1.6,-9900,-9900,0.0,0.0
2023,4,4,23,60,0.0,0.0,0.0,0.0,0.0,5,20.7,20.0,96,996.6,316,0.4,-9900,-9900,0.0,0.0
2023,4,4,24,60,0.0,0.0,0.0,0.0,0.0,5,20.7,19.7,94,996.2,12,1.0,-9900,-9900,0.0,0.0
2023,4,5,1,60,0.0,0.0,0.0,0.0,0.0,5,20.7,19.4,92,995.7,99,1.0,-9900,-9900,0.0,0.0
2023,4,5,2,60,0.0,0.0,0.0,0.0,0.0,5,20.9,19.4,91,995.4,72,0.8,-9900,-9900,0.0,0.0
2023,4,5,3,60,0.0,0.0,0.0,0.0,0.0,5,20.8,19.5,92,994.8,126,1.2,-9900,-9900,0.0,0.0
2023,4,5,4,60,0.0,0.0,0.0,0.0,0.0,5,20.7,19.4,92,995.3,0,0.0,-9900,-9900,0.0,0.0
2023,4,5,5,60,0.0,0.0,0.0,0.0,0.0,5,20.5,19.5,94,995.9,141,0.4,-9900,-9900,0.0,0.0
2023,4,5,6,60,0.0,0.0,0.0,0.0,0.0,5,20.2,19.5,96,995.9,90,0.8,-9900,-9900,0.0,0.0
2023,4,5,7,60,0.0,0.0,0.0,0.0,0.0,5,20.7,19.4,92,996.2,124,1.4,-9900,-9900,0.0,0.0
2023,4,5,8,60,0.0,0.0,0.0,0.0,0.0,5,21.6,19.5,88,996.7,7,0.7,-9900,-9900,0.0,0.0
2023,4,5,9,60,0.0,0.0,0.0,0.0,0.0,5,23.8,18.2,71,996.9,63,0.4,-9900,-9900,0.0,0.0
2023,4,5,10,60,0.0,0.0,0.0,0.0,0.0,5,25.2,18.2,65,997.3,126,0.5,-9900,-9900,0.0,0.0
2023,4,5,11,60,0.0,0.0,0.0,0.0,0.0,5,25.2,19.3,70,997.2,340,1.8,-9900,-9900,0.0,0.0
2023,4,5,12,60,0.0,0.0,0.0,0.0,0.0,5,27.1,19.7,64,996.7,14,0.3,-9900,-9900,0.0,0.0
2023,4,5,13,60,0.0,0.0,0.0,0.0,0.0,5,26.4,19.0,64,995.8,322,2.2,-9900,-9900,0.0,0.0
2023,4,5,14,60,0.0,0.0,0.0,0.0,0.0,5,25.5,17.7,62,995.1,314,1.8,-9900,-9900,0.0,0.0
2023,4,5,15,60,0.0,0.0,0.0,0.0,0.0,5,25.7,17.4,60,994.6,305,0.4,-9900,-9900,0.0,0.0
2023,4,5,16,60,0.0,0.0,0.0,0.0,0.0,5,24.1,19.2,74,994.9,347,1.0,-9900,-9900,0.0,0.0
2023,4,5,17,60,0.0,0.0,0.0,0.0,0.0,5,21.7,19.6,88,995.4,29,0.7,-9900,-9900,0.0,0.0
2023,4,5,18,60,0.0,0.0,0.0,0.0,0.0,5,21.9,20.9,94,995.9,121,1.6,-9900,-9900,0.0,0.0
2023,4,5,19,60,0.0,0.0,0.0,0.0,0.0,5,21.5,21.3,99,995.8,157,0.4,-9900,-9900,0.0,0.0
2023,4,5,20,60,0.0,0.0,0.0,0.0,0.0,5,21.8,21.6,99,996.0,0,0.0,-9900,-9900,0.0,0.0
2023,4,5,21,60,0.0,0.0,0.0,0.0,0.0,5,21.5,21.3,99,995.8,138,1.2,-9900,-9900,0.0,0.0
2023,4,5,22,60,0.0,0.0,0.0,0.0,0.0,5,21.4,21.1,98,995.5,127,1.7,-9900,-9900,0.0,0.0
2023,4,5,23,60,0.0,0.0,0.0,0.0,0.0,5,21.4,21.2,99,995.9,8,0.5,-9900,-9900,0.0,0.0
2023,4,5,24,60,0.0,0.0,0.0,0.0,0.0,5,20.8,20.6,99,996.5,0,0.2,-9900,-9900,0.0,0.0
2023,4,6,1,60,0.0,0.0,0.0,0.0,0.0,5,20.8,20.6,99,996.6,0,0.2,-9900,-9900,0.0,0.0
2023,4,6,2,60,0.0,0.0,0.0,0.0,0.0,5,21.0,20.8,99,996.1,0,0.0,-9900,-9900,0.0,0.0
2023,4,6,3,60,0.0,0.0,0.0,0.0,0.0,5,20.4,20.2,99,995.6,128,1.1,-9900,-9900,0.0,0.0
2023,4,6,4,60,0.0,0.0,0.0,0.0,0.0,5,20.3,20.1,99,995.3,114,1.0,-9900,-9900,0.0,0.0
2023,4,6,5,60,0.0,0.0,0.0,0.0,0.0,5,20.3,20.1,99,995.3,126,1.4,-9900,-9900,0.0,0.0
2023,4,6,6,60,0.0,0.0,0.0,0.0,0.0,5,20.6,20.4,99,995.9,146,0.9,-9900,-9900,0.0,0.0
2023,4,6,7,60,0.0,0.0,0.0,0.0,0.0,5,20.6,20.3,98,996.3,138,1.7,-9900,-9900,0.0,0.0
2023,4,6,8,60,0.0,0.0,0.0,0.0,0.0,5,21.2,20.4,95,996.5,125,1.0,-9900,-9900,0.0,0.0
2023,4,6,9,60,0.0,0.0,0.0,0.0,0.0,5,21.9,20.7,93,996.5,136,1.1,-9900,-9900,0.0,0.0
2023,4,6,10,60,0.0,0.0,0.0,0.0,0.0,5,23.0,20.9,88,996.3,131,1.2,-9900,-9900,0.0,0.0
2023,4,6,11,60,0.0,0.0,0.0,0.0,0.0,5,24.7,21.8,84,995.9,293,1.4,-9900,-9900,0.0,0.0
2023,4,6,12,60,0.0,0.0,0.0,0.0,0.0,5,24.3,21.8,86,995.6,283,2.3,-9900,-9900,0.0,0.0
2023,4,6,13,60,0.0,0.0,0.0,0.0,0.0,5,23.9,22.0,89,994.8,291,2.2,-9900,-9900,0.0,0.0
2023,4,6,14,60,0.0,0.0,0.0,0.0,0.0,5,22.9,22.1,95,994.3,265,1.1,-9900,-9900,0.0,0.0
2023,4,6,15,60,0.0,0.0,0.0,0.0,0.0,5,21.9,21.7,99,993.9,263,2.3,-9900,-9900,0.0,0.0
2023,4,6,16,60,0.0,0.0,0.0,0.0,0.0,5,21.5,21.3,99,993.8,270,1.3,-9900,-9900,0.0,0.0
2023,4,6,17,60,0.0,0.0,0.0,0.0,0.0,5,21.3,21.1,99,994.0,286,1.0,-9900,-9900,0.0,0.0
2023,4,6,18,60,0.0,0.0,0.0,0.0,0.0,5,21.3,21.1,99,994.3,318,1.6,-9900,-9900,0.0,0.0
2023,4,6,19,60,0.0,0.0,0.0,0.0,0.0,5,21.3,21.1,99,994.4,64,0.4,-9900,-9900,0.0,0.0
2023,4,6,20,60,0.0,0.0,0.0,0.0,0.0,5,21.5,21.3,99,995.4,321,0.9,-9900,-9900,0.0,0.0
2023,4,6,21,60,0.0,0.0,0.0,0.0,0.0,5,21.5,21.3,99,995.8,20,0.5,-9900,-9900,0.0,0.0
2023,4,6,22,60,0.0,0.0,0.0,0.0,0.0,5,20.9,20.7,99,996.0,0,0.0,-9900,-9900,0.0,0.0
2023,4,6,23,60,0.0,0.0,0.0,0.0,0.0,5,20.9,20.7,99,996.1,26,0.3,-9900,-9900,0.0,0.0
2023,4,6,24,60,0.0,0.0,0.0,0.0,0.0,5,20.5,20.3,99,996.2,322,1.6,-9900,-9900,0.0,0.0
2023,4,7,1,60,0.0,0.0,0.0,0.0,0.0,5,19.0,18.8,99,996.2,16,2.8,-9900,-9900,0.0,0.0
2023,4,7,2,60,0.0,0.0,0.0,0.0,0.0,5,17.1,16.9,99,996.2,36,3.1,-9900,-9900,0.0,0.0
2023,4,7,3,60,0.0,0.0,0.0,0.0,0.0,5,16.1,15.9,99,997.0,27,3.3,-9900,-9900,0.0,0.0
2023,4,7,4,60,0.0,0.0,0.0,0.0,0.0,5,15.5,15.3,99,998.2,36,3.4,-9900,-9900,0.0,0.0
2023,4,7,5,60,0.0,0.0,0.0,0.0,0.0,5,15.2,15.0,99,999.0,62,2.7,-9900,-9900,0.0,0.0
2023,4,7,6,60,0.0,0.0,0.0,0.0,0.0,5,14.9,14.7,99,1000.1,58,2.3,-9900,-9900,0.0,0.0
2023,4,7,7,60,0.0,0.0,0.0,0.0,0.0,5,14.9,14.7,99,1000.7,55,2.9,-9900,-9900,0.0,0.0
2023,4,7,8,60,0.0,0.0,0.0,0.0,0.0,5,14.9,14.7,99,1001.5,46,2.2,-9900,-9900,0.0,0.0
2023,4,7,9,60,0.0,0.0,0.0,0.0,0.0,5,15.0,14.8,99,1001.7,46,2.2,-9900,-9900,0.0,0.0
2023,4,7,10,60,0.0,0.0,0.0,0.0,0.0,5,15.1,14.9,99,1002.3,43,2.4,-9900,-9900,0.0,0.0
2023,4,7,11,60,0.0,0.0,0.0,0.0,0.0,5,15.0,14.8,99,1002.2,43,2.4,-9900,-9900,0.0,0.0
2023,4,7,12,60,0.0,0.0,0.0,0.0,0.0,5,15.8,15.6,99,1001.6,61,1.9,-9900,-9900,0.0,0.0
2023,4,7,13,60,0.0,0.0,0.0,0.0,0.0,5,16.3,14.7,90,1000.9,63,2.4,-9900,-9900,0.0,0.0
2023,4,7,14,60,0.0,0.0,0.0,0.0,0.0,5,15.9,14.4,91,1000.3,67,1.7,-9900,-9900,0.0,0.0
2023,4,7,15,60,0.0,0.0,0.0,0.0,0.0,5,15.7,13.7,88,1000.4,80,2.1,-9900,-9900,0.0,0.0
2023,4,7,16,60,0.0,0.0,0.0,0.0,0.0,5,15.9,13.2,84,1000.5,84,1.6,-9900,-9900,0.0,0.0
2023,4,7,17,60,0.0,0.0,0.0,0.0,0.0,5,15.9,13.0,83,1000.9,75,1.8,-9900,-9900,0.0,0.0
2023,4,7,18,60,0.0,0.0,0.0,0.0,0.0,5,16.0,13.1,83,1001.7,65,1.8,-9900,-9900,0.0,0.0
2023,4,7,19,60,0.0,0.0,0.0,0.0,0.0,5,16.0,13.1,83,1002.3,80,1.6,-9900,-9900,0.0,0.0
2023,4,7,20,60,0.0,0.0,0.0,0.0,0.0,5,16.0,13.1,83,1003.0,86,2.5,-9900,-9900,0.0,0.0
2023,4,7,21,60,0.0,0.0,0.0,0.0,0.0,5,16.0,13.5,85,1003.7,88,2.5,-9900,-9900,0.0,0.0
2023,4,7,22,60,0.0,0.0,0.0,0.0,0.0,5,16.0,12.7,81,1003.9,89,4.2,-9900,-9900,0.0,0.0
2023,4,7,23,60,0.0,0.0,0.0,0.0,0.0,5,15.9,11.3,74,1004.3,86,4.0,-9900,-9900,0.0,0.0
2023,4,7,24,60,0.0,0.0,0.0,0.0,0.0,5,15.9,10.6,71,1004.4,85,3.0,-9900,-9900,0.0,0.0
2023,4,8,1,60,0.0,0.0,0.0,0.0,0.0,5,15.8,10.3,70,1004.3,77,2.7,-9900,-9900,0.0,0.0
2023,4,8,2,60,0.0,0.0,0.0,0.0,0.0,5,15.9,10.4,70,1004.1,77,2.7,-9900,-9900,0.0,0.0
2023,4,8,3,60,0.0,0.0,0.0,0.0,0.0,5,15.9,10.2,69,1004.2,68,2.5,-9900,-9900,0.0,0.0
2023,4,8,4,60,0.0,0.0,0.0,0.0,0.0,5,15.9,9.6,66,1004.1,78,2.9,-9900,-9900,0.0,0.0
2023,4,8,5,60,0.0,0.0,0.0,0.0,0.0,5,15.9,8.9,63,1004.7,81,2.8,-9900,-9900,0.0,0.0
2023,4,8,6,60,0.0,0.0,0.0,0.0,0.0,5,15.8,8.5,62,1005.3,76,2.9,-9900,-9900,0.0,0.0
2023,4,8,7,60,0.0,0.0,0.0,0.0,0.0,5,16.0,9.0,63,1005.5,76,3.4,-9900,-9900,0.0,0.0
2023,4,8,8,60,0.0,0.0,0.0,0.0,0.0,5,16.4,8.1,58,1006.4,82,4.2,-9900,-9900,0.0,0.0
2023,4,8,9,60,0.0,0.0,0.0,0.0,0.0,5,17.0,7.6,54,1006.0,79,4.5,-9900,-9900,0.0,0.0
2023,4,8,10,60,0.0,0.0,0.0,0.0,0.0,5,17.6,7.9,53,1006.2,71,4.2,-9900,-9900,0.0,0.0
2023,4,8,11,60,0.0,0.0,0.0,0.0,0.0,5,18.3,8.3,52,1006.2,74,4.0,-9900,-9900,0.0,0.0
2023,4,8,12,60,0.0,0.0,0.0,0.0,0.0,5,18.1,8.9,55,1005.7,82,4.5,-9900,-9900,0.0,0.0
2023,4,8,13,60,0.0,0.0,0.0,0.0,0.0,5,17.0,8.4,57,1005.2,82,4.8,-9900,-9900,0.0,0.0
2023,4,8,14,60,0.0,0.0,0.0,0.0,0.0,5,17.0,8.4,57,1004.8,83,3.3,-9900,-9900,0.0,0.0
2023,4,8,15,60,0.0,0.0,0.0,0.0,0.0,5,16.8,7.4,54,1004.1,87,5.8,-9900,-9900,0.0,0.0
2023,4,8,16,60,0.0,0.0,0.0,0.0,0.0,5,16.9,7.3,53,1003.8,74,3.4,-9900,-9900,0.0,0.0
2023,4,8,17,60,0.0,0.0,0.0,0.0,0.0,5,16.9,6.4,50,1003.8,76,4.3,-9900,-9900,0.0,0.0
2023,4,8,18,60,0.0,0.0,0.0,0.0,0.0,5,16.6,7.3,54,1003.6,87,5.7,-9900,-9900,0.0,0.0
2023,4,8,19,60,0.0,0.0,0.0,0.0,0.0,5,16.5,7.7,56,1003.8,82,4.4,-9900,-9900,0.0,0.0
2023,4,8,20,60,0.0,0.0,0.0,0.0,0.0,5,16.3,8.0,58,1004.1,86,4.9,-9900,-9900,0.0,0.0
2023,4,8,21,60,0.0,0.0,0.0,0.0,0.0,5,16.1,7.8,58,1003.9,83,4.6,-9900,-9900,0.0,0.0
2023,4,8,22,60,0.0,0.0,0.0,0.0,0.0,5,15.9,7.9,59,1003.6,82,5.2,-9900,-9900,0.0,0.0
2023,4,8,23,60,0.0,0.0,0.0,0.0,0.0,5,15.9,7.9,59,1003.6,84,4.6,-9900,-9900,0.0,0.0
2023,4,8,24,60,0.0,0.0,0.0,0.0,0.0,5,15.9,8.1,60,1003.0,85,5.5,-9900,-9900,0.0,0.0
2023,4,9,1,60,0.0,0.0,0.0,0.0,0.0,5,15.9,7.6,58,1002.8,83,4.3,-9900,-9900,0.0,0.0
2023,4,9,2,60,0.0,0.0,0.0,0.0,0.0,5,16.0,7.7,58,1002.3,82,4.7,-9900,-9900,0.0,0.0
2023,4,9,3,60,0.0,0.0,0.0,0.0,0.0,5,15.9,7.9,59,1002.0,75,2.6,-9900,-9900,0.0,0.0
2023,4,9,4,60,0.0,0.0,0.0,0.0,0.0,5,16.1,8.1,59,1002.0,72,3.1,-9900,-9900,0.0,0.0
2023,4,9,5,60,0.0,0.0,0.0,0.0,0.0,5,16.3,8.3,59,1001.9,86,3.3,-9900,-9900,0.0,0.0
2023,4,9,6,60,0.0,0.0,0.0,0.0,0.0,5,16.5,8.5,59,1002.4,78,2.8,-9900,-9900,0.0,0.0
2023,4,9,7,60,0.0,0.0,0.0,0.0,0.0,5,16.7,8.6,59,1002.8,70,3.1,-9900,-9900,0.0,0.0
2023,4,9,8,60,0.0,0.0,0.0,0.0,0.0,5,17.1,9.0,59,1003.0,88,3.2,-9900,-9900,0.0,0.0
2023,4,9,9,60,0.0,0.0,0.0,0.0,0.0,5,17.6,9.5,59,1003.0,92,3.2,-9900,-9900,0.0,0.0
2023,4,9,10,60,0.0,0.0,0.0,0.0,0.0,5,18.4,10.0,58,1002.8,85,3.3,-9900,-9900,0.0,0.0
2023,4,9,11,60,0.0,0.0,0.0,0.0,0.0,5,19.0,10.5,58,1002.2,89,3.7,-9900,-9900,0.0,0.0
2023,4,9,12,60,0.0,0.0,0.0,0.0,0.0,5,20.0,11.0,56,1001.4,91,3.4,-9900,-9900,0.0,0.0
2023,4,9,13,60,0.0,0.0,0.0,0.0,0.0,5,19.9,10.9,56,1000.4,95,2.8,-9900,-9900,0.0,0.0
2023,4,9,14,60,0.0,0.0,0.0,0.0,0.0,5,20.4,11.3,56,999.4,84,2.9,-9900,-9900,0.0,0.0
2023,4,9,15,60,0.0,0.0,0.0,0.0,0.0,5,21.4,11.4,53,998.9,75,3.1,-9900,-9900,0.0,0.0
2023,4,9,16,60,0.0,0.0,0.0,0.0,0.0,5,21.6,11.6,53,998.5,90,2.8,-9900,-9900,0.0,0.0
2023,4,9,17,60,0.0,0.0,0.0,0.0,0.0,5,20.8,11.4,55,998.3,89,3.6,-9900,-9900,0.0,0.0
2023,4,9,18,60,0.0,0.0,0.0,0.0,0.0,5,19.6,11.4,59,998.5,94,4.0,-9900,-9900,0.0,0.0
2023,4,9,19,60,0.0,0.0,0.0,0.0,0.0,5,19.0,11.1,60,998.8,87,3.5,-9900,-9900,0.0,0.0
2023,4,9,20,60,0.0,0.0,0.0,0.0,0.0,5,18.7,11.0,61,999.0,95,4.3,-9900,-9900,0.0,0.0
2023,4,9,21,60,0.0,0.0,0.0,0.0,0.0,5,18.4,11.5,64,999.4,96,2.8,-9900,-9900,0.0,0.0
2023,4,9,22,60,0.0,0.0,0.0,0.0,0.0,5,18.4,11.5,64,999.3,96,2.5,-9900,-9900,0.0,0.0
2023,4,9,23,60,0.0,0.0,0.0,0.0,0.0,5,18.5,11.6,64,999.5,97,2.1,-9900,-9900,0.0,0.0
2023,4,9,24,60,0.0,0.0,0.0,0.0,0.0,5,18.7,11.5,63,999.6,118,1.0,-9900,-9900,0.0,0.0
2023,4,10,1,60,0.0,0.0,0.0,0.0,0.0,5,18.2,11.7,66,999.4,127,1.3,-9900,-9900,0.0,0.0
2023,4,10,2,60,0.0,0.0,0.0,0.0,0.0,5,18.3,11.6,65,999.1,129,1.0,-9900,-9900,0.0,0.0
2023,4,10,3,60,0.0,0.0,0.0,0.0,0.0,5,18.4,11.7,65,999.2,140,0.7,-9900,-9900,0.0,0.0
2023,4,10,4,60,0.0,0.0,0.0,0.0,0.0,5,18.4,11.9,66,999.2,131,1.0,-9900,-9900,0.0,0.0
2023,4,10,5,60,0.0,0.0,0.0,0.0,0.0,5,17.9,12.8,72,999.3,127,0.8,-9900,-9900,0.0,0.0
2023,4,10,6,60,0.0,0.0,0.0,0.0,0.0,5,18.4,16.0,86,999.6,158,0.4,-9900,-9900,0.0,0.0
2023,4,10,7,60,0.0,0.0,0.0,0.0,0.0,5,18.0,15.1,83,1000.2,125,1.4,-9900,-9900,0.0,0.0
2023,4,10,8,60,0.0,0.0,0.0,0.0,0.0,5,19.1,16.5,85,1000.4,119,1.2,-9900,-9900,0.0,0.0
2023,4,10,9,60,0.0,0.0,0.0,0.0,0.0,5,20.8,17.8,83,1000.7,266,1.7,-9900,-9900,0.0,0.0
2023,4,10,10,60,0.0,0.0,0.0,0.0,0.0,5,21.1,19.0,88,1000.3,299,1.5,-9900,-9900,0.0,0.0
2023,4,10,11,60,0.0,0.0,0.0,0.0,0.0,5,21.8,17.8,78,999.4,130,0.9,-9900,-9900,0.0,0.0
2023,4,10,12,60,0.0,0.0,0.0,0.0,0.0,5,23.2,17.9,72,998.5,356,1.9,-9900,-9900,0.0,0.0
2023,4,10,13,60,0.0,0.0,0.0,0.0,0.0,5,23.1,18.2,74,998.0,332,1.8,-9900,-9900,0.0,0.0
2023,4,10,14,60,0.0,0.0,0.0,0.0,0.0,5,22.6,17.5,73,997.4,335,1.7,-9900,-9900,0.0,0.0
2023,4,10,15,60,0.0,0.0,0.0,0.0,0.0,5,22.4,16.7,70,996.8,20,1.6,-9900,-9900,0.0,0.0
2023,4,10,16,60,0.0,0.0,0.0,0.0,0.0,5,22.5,16.1,67,996.6,331,1.7,-9900,-9900,0.0,0.0
2023,4,10,17,60,0.0,0.0,0.0,0.0,0.0,5,21.9,16.2,70,996.6,360,1.2,-9900,-9900,0.0,0.0
2023,4,10,18,60,0.0,0.0,0.0,0.0,0.0,5,21.0,17.2,79,996.7,62,1.5,-9900,-9900,0.0,0.0
2023,4,10,19,60,0.0,0.0,0.0,0.0,0.0,5,20.9,18.1,84,996.9,15,0.6,-9900,-9900,0.0,0.0
2023,4,10,20,60,0.0,0.0,0.0,0.0,0.0,5,20.8,18.2,85,997.1,0,0.0,-9900,-9900,0.0,0.0
2023,4,10,21,60,0.0,0.0,0.0,0.0,0.0,5,20.7,18.5,87,997.5,61,0.3,-9900,-9900,0.0,0.0
2023,4,10,22,60,0.0,0.0,0.0,0.0,0.0,5,20.8,18.6,87,997.7,99,0.4,-9900,-9900,0.0,0.0
2023,4,10,23,60,0.0,0.0,0.0,0.0,0.0,5,20.4,19.4,94,997.8,132,1.2,-9900,-9900,0.0,0.0
2023,4,10,24,60,0.0,0.0,0.0,0.0,0.0,5,20.1,19.1,94,997.7,0,0.2,-9900,-9900,0.0,0.0
2023,4,11,1,60,0.0,0.0,0.0,0.0,0.0,5,20.2,19.2,94,997.6,270,0.4,-9900,-9900,0.0,0.0
2023,4,11,2,60,0.0,0.0,0.0,0.0,0.0,5,19.8,19.3,97,997.3,266,1.1,-9900,-9900,0.0,0.0
2023,4,11,3,60,0.0,0.0,0.0,0.0,0.0,5,19.8,18.1,90,996.8,172,0.5,-9900,-9900,0.0,0.0
2023,4,11,4,60,0.0,0.0,0.0,0.0,0.0,5,19.8,17.6,87,996.8,0,0.2,-9900,-9900,0.0,0.0
2023,4,11,5,60,0.0,0.0,0.0,0.0,0.0,5,19.7,17.7,88,997.2,288,0.9,-9900,-9900,0.0,0.0
2023,4,11,6,60,0.0,0.0,0.0,0.0,0.0,5,19.0,18.8,99,997.7,262,0.6,-9900,-9900,0.0,0.0
2023,4,11,7,60,0.0,0.0,0.0,0.0,0.0,5,19.4,18.7,96,998.1,130,1.7,-9900,-9900,0.0,0.0
2023,4,11,8,60,0.0,0.0,0.0,0.0,0.0,5,21.3,16.7,75,998.1,132,1.1,-9900,-9900,0.0,0.0
2023,4,11,9,60,0.0,0.0,0.0,0.0,0.0,5,23.4,14.9,59,998.3,200,0.4,-9900,-9900,0.0,0.0
2023,4,11,10,60,0.0,0.0,0.0,0.0,0.0,5,24.2,14.9,56,998.0,266,1.5,-9900,-9900,0.0,0.0
2023,4,11,11,60,0.0,0.0,0.0,0.0,0.0,5,25.4,15.4,54,997.6,275,0.8,-9900,-9900,0.0,0.0
2023,4,11,12,60,0.0,0.0,0.0,0.0,0.0,5,25.1,16.5,59,997.2,290,2.2,-9900,-9900,0.0,0.0
2023,4,11,13,60,0.0,0.0,0.0,0.0,0.0,5,25.5,16.6,58,996.1,304,2.0,-9900,-9900,0.0,0.0
2023,4,11,14,60,0.0,0.0,0.0,0.0,0.0,5,26.2,17.3,58,995.2,269,2.0,-9900,-9900,0.0,0.0
2023,4,11,15,60,0.0,0.0,0.0,0.0,0.0,5,25.9,17.3,59,994.6,315,2.9,-9900,-9900,0.0,0.0
2023,4,11,16,60,0.0,0.0,0.0,0.0,0.0,5,26.0,17.6,60,994.6,309,1.5,-9900,-9900,0.0,0.0
2023,4,11,17,60,0.0,0.0,0.0,0.0,0.0,5,25.1,17.6,63,994.7,287,1.4,-9900,-9900,0.0,0.0
2023,4,11,18,60,0.0,0.0,0.0,0.0,0.0,5,24.4,17.2,64,995.0,317,1.7,-9900,-9900,0.0,0.0
2023,4,11,19,60,0.0,0.0,0.0,0.0,0.0,5,23.0,20.5,86,995.5,352,0.5,-9900,-9900,0.0,0.0
2023,4,11,20,60,0.0,0.0,0.0,0.0,0.0,5,22.3,20.2,88,996.2,10,1.1,-9900,-9900,0.0,0.0
2023,4,11,21,60,0.0,0.0,0.0,0.0,0.0,5,22.3,19.8,86,996.9,61,0.6,-9900,-9900,0.0,0.0
2023,4,11,22,60,0.0,0.0,0.0,0.0,0.0,5,22.5,19.5,83,997.5,84,0.5,-9900,-9900,0.0,0.0
2023,4,11,23,60,0.0,0.0,0.0,0.0,0.0,5,22.3,20.6,90,997.4,122,1.2,-9900,-9900,0.0,0.0
2023,4,11,24,60,0.0,0.0,0.0,0.0,0.0,5,21.7,20.9,95,996.7,127,1.6,-9900,-9900,0.0,0.0
2023,4,12,1,60,0.0,0.0,0.0,0.0,0.0,5,21.3,21.0,98,996.2,135,1.1,-9900,-9900,0.0,0.0
2023,4,12,2,60,0.0,0.0,0.0,0.0,0.0,5,21.1,20.9,99,996.1,137,0.7,-9900,-9900,0.0,0.0
2023,4,12,3,60,0.0,0.0,0.0,0.0,0.0,5,21.2,20.5,96,996.0,189,0.4,-9900,-9900,0.0,0.0
2023,4,12,4,60,0.0,0.0,0.0,0.0,0.0,5,21.0,20.7,98,996.3,122,0.8,-9900,-9900,0.0,0.0
2023,4,12,5,60,0.0,0.0,0.0,0.0,0.0,5,20.4,20.2,99,996.6,128,1.0,-9900,-9900,0.0,0.0
2023,4,12,6,60,0.0,0.0,0.0,0.0,0.0,5,19.9,19.7,99,996.6,125,0.7,-9900,-9900,0.0,0.0
2023,4,12,7,60,0.0,0.0,0.0,0.0,0.0,5,21.4,20.7,96,997.5,18,0.7,-9900,-9900,0.0,0.0
2023,4,12,8,60,0.0,0.0,0.0,0.0,0.0,5,22.2,19.6,85,998.6,90,0.8,-9900,-9900,0.0,0.0
2023,4,12,9,60,0.0,0.0,0.0,0.0,0.0,5,22.1,20.7,92,998.8,54,0.8,-9900,-9900,0.0,0.0
2023,4,12,10,60,0.0,0.0,0.0,0.0,0.0,5,23.4,20.0,81,998.4,41,1.1,-9900,-9900,0.0,0.0
2023,4,12,11,60,0.0,0.0,0.0,0.0,0.0,5,24.8,19.2,71,997.9,46,1.2,-9900,-9900,0.0,0.0
2023,4,12,12,60,0.0,0.0,0.0,0.0,0.0,5,23.9,22.2,90,997.4,17,2.0,-9900,-9900,0.0,0.0
2023,4,12,13,60,0.0,0.0,0.0,0.0,0.0,5,24.7,20.8,79,996.3,2,3.0,-9900,-9900,0.0,0.0
2023,4,12,14,60,0.0,0.0,0.0,0.0,0.0,5,25.5,19.9,71,995.3,39,2.4,-9900,-9900,0.0,0.0
2023,4,12,15,60,0.0,0.0,0.0,0.0,0.0,5,26.0,19.2,66,994.9,57,3.9,-9900,-9900,0.0,0.0
2023,4,12,16,60,0.0,0.0,0.0,0.0,0.0,5,25.2,19.6,71,994.9,66,3.8,-9900,-9900,0.0,0.0
2023,4,12,17,60,0.0,0.0,0.0,0.0,0.0,5,22.4,21.6,95,995.5,57,3.3,-9900,-9900,0.0,0.0
2023,4,12,18,60,0.0,0.0,0.0,0.0,0.0,5,22.1,21.8,98,996.2,72,3.4,-9900,-9900,0.0,0.0
2023,4,12,19,60,0.0,0.0,0.0,0.0,0.0,5,21.4,21.2,99,996.7,74,4.5,-9900,-9900,0.0,0.0
2023,4,12,20,60,0.0,0.0,0.0,0.0,0.0,5,21.2,21.0,99,997.1,72,3.0,-9900,-9900,0.0,0.0
2023,4,12,21,60,0.0,0.0,0.0,0.0,0.0,5,21.3,21.1,99,997.4,72,3.0,-9900,-9900,0.0,0.0
2023,4,12,22,60,0.0,0.0,0.0,0.0,0.0,5,21.5,21.3,99,997.2,79,3.2,-9900,-9900,0.0,0.0
2023,4,12,23,60,0.0,0.0,0.0,0.0,0.0,5,21.5,21.3,99,996.9,76,2.9,-9900,-9900,0.0,0.0
2023,4,12,24,60,0.0,0.0,0.0,0.0,0.0,5,21.9,21.7,99,996.4,84,2.7,-9900,-9900,0.0,0.0
2023,4,13,1,60,0.0,0.0,0.0,0.0,0.0,5,22.0,21.8,99,996.3,88,1.8,-9900,-9900,0.0,0.0
2023,4,13,2,60,0.0,0.0,0.0,0.0,0.0,5,22.0,21.8,99,995.9,92,2.0,-9900,-9900,0.0,0.0
2023,4,13,3,60,0.0,0.0,0.0,0.0,0.0,5,21.8,21.6,99,995.2,98,1.9,-9900,-9900,0.0,0.0
2023,4,13,4,60,0.0,0.0,0.0,0.0,0.0,5,21.8,21.6,99,995.5,94,1.0,-9900,-9900,0.0,0.0
2023,4,13,5,60,0.0,0.0,0.0,0.0,0.0,5,21.6,21.4,99,996.0,249,0.8,-9900,-9900,0.0,0.0
2023,4,13,6,60,0.0,0.0,0.0,0.0,0.0,5,21.3,21.1,99,996.7,256,1.2,-9900,-9900,0.0,0.0
2023,4,13,7,60,0.0,0.0,0.0,0.0,0.0,5,21.5,21.3,99,997.3,0,0.0,-9900,-9900,0.0,0.0
2023,4,13,8,60,0.0,0.0,0.0,0.0,0.0,5,22.2,22.0,99,997.3,126,1.3,-9900,-9900,0.0,0.0
2023,4,13,9,60,0.0,0.0,0.0,0.0,0.0,5,24.6,21.7,84,997.1,130,1.1,-9900,-9900,0.0,0.0
2023,4,13,10,60,0.0,0.0,0.0,0.0,0.0,5,26.1,21.1,74,996.6,0,0.2,-9900,-9900,0.0,0.0
2023,4,13,11,60,0.0,0.0,0.0,0.0,0.0,5,27.6,20.2,64,995.8,107,0.6,-9900,-9900,0.0,0.0
2023,4,13,12,60,0.0,0.0,0.0,0.0,0.0,5,28.5,19.7,59,994.9,80,0.7,-9900,-9900,0.0,0.0
2023,4,13,13,60,0.0,0.0,0.0,0.0,0.0,5,27.0,24.1,84,994.1,315,3.0,-9900,-9900,0.0,0.0
2023,4,13,14,60,0.0,0.0,0.0,0.0,0.0,5,27.0,23.3,80,993.7,292,1.9,-9900,-9900,0.0,0.0
2023,4,13,15,60,0.0,0.0,0.0,0.0,0.0,5,26.6,23.1,81,993.4,265,2.4,-9900,-9900,0.0,0.0
2023,4,13,16,60,0.0,0.0,0.0,0.0,0.0,5,25.2,24.5,96,993.4,269,2.4,-9900,-9900,0.0,0.0
2023,4,13,17,60,0.0,0.0,0.0,0.0,0.0,5,23.8,23.6,99,993.8,267,2.3,-9900,-9900,0.0,0.0
2023,4,13,18,60,0.0,0.0,0.0,0.0,0.0,5,22.7,22.5,99,994.3,268,1.9,-9900,-9900,0.0,0.0
2023,4,13,19,60,0.0,0.0,0.0,0.0,0.0,5,21.8,21.6,99,995.0,267,1.7,-9900,-9900,0.0,0.0
2023,4,13,20,60,0.0,0.0,0.0,0.0,0.0,5,21.5,21.3,99,995.8,273,1.6,-9900,-9900,0.0,0.0
2023,4,13,21,60,0.0,0.0,0.0,0.0,0.0,5,21.0,20.8,99,996.5,268,1.6,-9900,-9900,0.0,0.0
2023,4,13,22,60,0.0,0.0,0.0,0.0,0.0,5,20.8,20.6,99,996.4,265,1.6,-9900,-9900,0.0,0.0
2023,4,13,23,60,0.0,0.0,0.0,0.0,0.0,5,20.8,20.6,99,996.0,277,1.1,-9900,-9900,0.0,0.0
2023,4,13,24,60,0.0,0.0,0.0,0.0,0.0,5,20.8,20.6,99,995.5,307,0.3,-9900,-9900,0.0,0.0
2023,4,14,1,60,0.0,0.0,0.0,0.0,0.0,5,20.8,20.6,99,995.0,131,0.5,-9900,-9900,0.0,0.0
2023,4,14,2,60,0.0,0.0,0.0,0.0,0.0,5,20.8,20.6,99,994.5,276,0.9,-9900,-9900,0.0,0.0
2023,4,14,3,60,0.0,0.0,0.0,0.0,0.0,5,20.8,20.6,99,994.2,273,1.4,-9900,-9900,0.0,0.0
2023,4,14,4,60,0.0,0.0,0.0,0.0,0.0,5,20.8,20.6,99,994.2,185,0.6,-9900,-9900,0.0,0.0
2023,4,14,5,60,0.0,0.0,0.0,0.0,0.0,5,20.8,20.6,99,994.5,262,1.4,-9900,-9900,0.0,0.0
2023,4,14,6,60,0.0,0.0,0.0,0.0,0.0,5,20.8,20.6,99,994.9,296,0.9,-9900,-9900,0.0,0.0
2023,4,14,7,60,0.0,0.0,0.0,0.0,0.0,5,20.8,20.6,99,995.5,266,1.4,-9900,-9900,0.0,0.0
2023,4,14,8,60,0.0,0.0,0.0,0.0,0.0,5,20.8,20.6,99,996.0,269,1.2,-9900,-9900,0.0,0.0
2023,4,14,9,60,0.0,0.0,0.0,0.0,0.0,5,22.0,21.8,99,995.8,300,0.5,-9900,-9900,0.0,0.0
2023,4,14,10,60,0.0,0.0,0.0,0.0,0.0,5,25.6,22.9,85,995.3,0,0.0,-9900,-9900,0.0,0.0
2023,4,14,11,60,0.0,0.0,0.0,0.0,0.0,5,26.5,20.8,71,994.4,315,0.8,-9900,-9900,0.0,0.0
2023,4,14,12,60,0.0,0.0,0.0,0.0,0.0,5,27.6,18.3,57,993.4,276,2.4,-9900,-9900,0.0,0.0
2023,4,14,13,60,0.0,0.0,0.0,0.0,0.0,5,28.2,18.3,55,992.4,280,2.2,-9900,-9900,0.0,0.0
2023,4,14,14,60,0.0,0.0,0.0,0.0,0.0,5,28.8,17.7,51,991.5,264,2.2,-9900,-9900,0.0,0.0
2023,4,14,15,60,0.0,0.0,0.0,0.0,0.0,5,29.3,17.8,50,990.6,270,1.5,-9900,-9900,0.0,0.0
2023,4,14,16,60,0.0,0.0,0.0,0.0,0.0,5,28.3,17.8,53,990.8,286,2.2,-9900,-9900,0.0,0.0
2023,4,14,17,60,0.0,0.0,0.0,0.0,0.0,5,25.0,24.8,99,991.6,316,3.2,-9900,-9900,0.0,0.0
2023,4,14,18,60,0.0,0.0,0.0,0.0,0.0,5,23.9,23.7,99,991.7,318,1.6,-9900,-9900,0.0,0.0
2023,4,14,19,60,0.0,0.0,0.0,0.0,0.0,5,24.9,23.5,92,992.4,275,0.8,-9900,-9900,0.0,0.0
2023,4,14,20,60,0.0,0.0,0.0,0.0,0.0,5,24.9,21.8,83,992.8,263,1.2,-9900,-9900,0.0,0.0
2023,4,14,21,60,0.0,0.0,0.0,0.0,0.0,5,24.6,22.5,88,992.9,166,1.0,-9900,-9900,0.0,0.0
2023,4,14,22,60,0.0,0.0,0.0,0.0,0.0,5,24.2,23.7,97,992.5,190,0.9,-9900,-9900,0.0,0.0
2023,4,14,23,60,0.0,0.0,0.0,0.0,0.0,5,24.6,22.7,89,992.5,177,0.8,-9900,-9900,0.0,0.0
2023,4,14,24,60,0.0,0.0,0.0,0.0,0.0,5,23.9,23.7,99,992.4,120,0.8,-9900,-9900,0.0,0.0
2023,4,15,1,60,0.0,0.0,0.0,0.0,0.0,5,24.1,23.8,98,991.8,79,0.3,-9900,-9900,0.0,0.0
2023,4,15,2,60,0.0,0.0,0.0,0.0,0.0,5,24.2,23.0,93,991.4,313,0.9,-9900,-9900,0.0,0.0
2023,4,15,3,60,0.0,0.0,0.0,0.0,0.0,5,23.7,23.5,99,990.9,318,1.0,-9900,-9900,0.0,0.0
2023,4,15,4,60,0.0,0.0,0.0,0.0,0.0,5,23.2,23.0,99,990.7,306,1.1,-9900,-9900,0.0,0.0
2023,4,15,5,60,0.0,0.0,0.0,0.0,0.0,5,23.2,23.0,99,991.1,266,1.8,-9900,-9900,0.0,0.0
2023,4,15,6,60,0.0,0.0,0.0,0.0,0.0,5,23.0,22.8,99,992.0,285,2.4,-9900,-9900,0.0,0.0
2023,4,15,7,60,0.0,0.0,0.0,0.0,0.0,5,23.0,22.8,99,992.8,288,2.4,-9900,-9900,0.0,0.0
2023,4,15,8,60,0.0,0.0,0.0,0.0,0.0,5,23.0,22.8,99,993.4,290,1.7,-9900,-9900,0.0,0.0
2023,4,15,9,60,0.0,0.0,0.0,0.0,0.0,5,23.0,22.8,99,993.6,266,1.3,-9900,-9900,0.0,0.0
2023,4,15,10,60,0.0,0.0,0.0,0.0,0.0,5,22.7,22.6,99,994.2,316,2.1,-9900,-9900,0.0,0.0
2023,4,15,11,60,0.0,0.0,0.0,0.0,0.0,5,22.5,22.3,99,994.3,315,2.3,-9900,-9900,0.0,0.0
2023,4,15,12,60,0.0,0.0,0.0,0.0,0.0,5,22.2,22.0,99,993.6,353,1.5,-9900,-9900,0.0,0.0
2023,4,15,13,60,0.0,0.0,0.0,0.0,0.0,5,21.9,21.8,99,993.3,21,1.5,-9900,-9900,0.0,0.0
2023,4,15,14,60,0.0,0.0,0.0,0.0,0.0,5,21.7,21.5,99,993.2,48,0.6,-9900,-9900,0.0,0.0
2023,4,15,15,60,0.0,0.0,0.0,0.0,0.0,5,21.4,21.2,99,992.9,79,1.4,-9900,-9900,0.0,0.0
2023,4,15,16,60,0.0,0.0,0.0,0.0,0.0,5,22.0,16.5,71,992.6,68,1.4,-9900,-9900,0.0,0.0
2023,4,15,17,60,0.0,0.0,0.0,0.0,0.0,5,22.4,15.5,65,992.3,77,1.5,-9900,-9900,0.0,0.0
2023,4,15,18,60,0.0,0.0,0.0,0.0,0.0,5,21.7,20.7,94,992.2,100,2.2,-9900,-9900,0.0,0.0
2023,4,15,19,60,0.0,0.0,0.0,0.0,0.0,5,20.8,18.0,84,992.0,93,2.3,-9900,-9900,0.0,0.0
2023,4,15,20,60,0.0,0.0,0.0,0.0,0.0,5,20.9,13.1,61,992.2,104,2.1,-9900,-9900,0.0,0.0
2023,4,15,21,60,0.0,0.0,0.0,0.0,0.0,5,20.7,13.6,64,992.1,106,2.3,-9900,-9900,0.0,0.0
2023,4,15,22,60,0.0,0.0,0.0,0.0,0.0,5,19.6,18.1,91,992.3,101,1.6,-9900,-9900,0.0,0.0
2023,4,15,23,60,0.0,0.0,0.0,0.0,0.0,5,19.0,18.8,99,992.4,131,2.7,-9900,-9900,0.0,0.0
2023,4,15,24,60,0.0,0.0,0.0,0.0,0.0,5,19.3,17.8,91,992.6,77,1.6,-9900,-9900,0.0,0.0
2023,4,16,1,60,0.0,0.0,0.0,0.0,0.0,5,18.7,18.5,99,991.9,124,1.8,-9900,-9900,0.0,0.0
2023,4,16,2,60,0.0,0.0,0.0,0.0,0.0,5,18.2,18.0,99,991.7,129,1.8,-9900,-9900,0.0,0.0
2023,4,16,3,60,0.0,0.0,0.0,0.0,0.0,5,18.0,17.8,99,991.6,128,2.0,-9900,-9900,0.0,0.0
2023,4,16,4,60,0.0,0.0,0.0,0.0,0.0,5,17.9,17.7,99,991.7,126,2.0,-9900,-9900,0.0,0.0
2023,4,16,5,60,0.0,0.0,0.0,0.0,0.0,5,18.0,17.7,98,992.0,132,1.2,-9900,-9900,0.0,0.0
2023,4,16,6,60,0.0,0.0,0.0,0.0,0.0,5,18.7,13.5,72,992.6,113,0.5,-9900,-9900,0.0,0.0
2023,4,16,7,60,0.0,0.0,0.0,0.0,0.0,5,20.7,11.6,56,993.3,143,0.5,-9900,-9900,0.0,0.0
2023,4,16,8,60,0.0,0.0,0.0,0.0,0.0,5,23.0,12.0,50,993.8,124,1.2,-9900,-9900,0.0,0.0
2023,4,16,9,60,0.0,0.0,0.0,0.0,0.0,5,25.6,12.8,45,994.3,179,1.0,-9900,-9900,0.0,0.0
2023,4,16,10,60,0.0,0.0,0.0,0.0,0.0,5,26.9,15.6,50,994.3,301,1.6,-9900,-9900,0.0,0.0
2023,4,16,11,60,0.0,0.0,0.0,0.0,0.0,5,27.5,16.8,52,994.2,265,1.6,-9900,-9900,0.0,0.0
2023,4,16,12,60,0.0,0.0,0.0,0.0,0.0,5,28.8,15.3,44,993.5,276,1.2,-9900,-9900,0.0,0.0
2023,4,16,13,60,0.0,0.0,0.0,0.0,0.0,5,29.0,17.8,51,992.7,316,2.3,-9900,-9900,0.0,0.0
2023,4,16,14,60,0.0,0.0,0.0,0.0,0.0,5,27.9,18.9,58,992.7,305,2.7,-9900,-9900,0.0,0.0
2023,4,16,15,60,0.0,0.0,0.0,0.0,0.0,5,28.9,15.1,43,992.0,268,1.6,-9900,-9900,0.0,0.0
2023,4,16,16,60,0.0,0.0,0.0,0.0,0.0,5,28.8,15.3,44,991.8,314,1.6,-9900,-9900,0.0,0.0
2023,4,16,17,60,0.0,0.0,0.0,0.0,0.0,5,28.1,16.1,48,991.8,315,2.0,-9900,-9900,0.0,0.0
2023,4,16,18,60,0.0,0.0,0.0,0.0,0.0,5,27.1,17.3,55,992.4,282,1.2,-9900,-9900,0.0,0.0
2023,4,16,19,60,0.0,0.0,0.0,0.0,0.0,5,25.9,17.8,61,993.0,310,0.6,-9900,-9900,0.0,0.0
2023,4,16,20,60,0.0,0.0,0.0,0.0,0.0,5,25.1,18.1,65,993.5,48,0.3,-9900,-9900,0.0,0.0
2023,4,16,21,60,0.0,0.0,0.0,0.0,0.0,5,24.8,18.3,67,994.0,121,0.9,-9900,-9900,0.0,0.0
2023,4,16,22,60,0.0,0.0,0.0,0.0,0.0,5,24.3,18.5,70,994.4,170,0.7,-9900,-9900,0.0,0.0
2023,4,16,23,60,0.0,0.0,0.0,0.0,0.0,5,23.8,16.8,65,994.4,145,1.1,-9900,-9900,0.0,0.0
2023,4,16,24,60,0.0,0.0,0.0,0.0,0.0,5,23.0,14.8,60,994.4,122,1.4,-9900,-9900,0.0,0.0
2023,4,17,1,60,0.0,0.0,0.0,0.0,0.0,5,22.6,14.7,61,994.4,137,1.3,-9900,-9900,0.0,0.0
2023,4,17,2,60,0.0,0.0,0.0,0.0,0.0,5,22.5,12.4,53,994.2,143,0.4,-9900,-9900,0.0,0.0
2023,4,17,3,60,0.0,0.0,0.0,0.0,0.0,5,22.5,11.3,49,994.1,169,0.7,-9900,-9900,0.0,0.0
2023,4,17,4,60,0.0,0.0,0.0,0.0,0.0,5,22.0,11.1,50,994.4,176,0.6,-9900,-9900,0.0,0.0
2023,4,17,5,60,0.0,0.0,0.0,0.0,0.0,5,21.3,11.0,52,995.1,136,0.9,-9900,-9900,0.0,0.0
2023,4,17,6,60,0.0,0.0,0.0,0.0,0.0,5,21.4,10.5,50,995.8,144,0.8,-9900,-9900,0.0,0.0
2023,4,17,7,60,0.0,0.0,0.0,0.0,0.0,5,22.4,11.2,49,996.8,118,1.3,-9900,-9900,0.0,0.0
2023,4,17,8,60,0.0,0.0,0.0,0.0,0.0,5,23.9,12.5,49,997.8,130,1.3,-9900,-9900,0.0,0.0
2023,4,17,9,60,0.0,0.0,0.0,0.0,0.0,5,26.2,17.0,57,998.2,298,0.7,-9900,-9900,0.0,0.0
2023,4,17,10,60,0.0,0.0,0.0,0.0,0.0,5,26.5,18.6,62,998.3,266,1.4,-9900,-9900,0.0,0.0
2023,4,17,11,60,0.0,0.0,0.0,0.0,0.0,5,27.8,19.1,59,998.0,326,0.9,-9900,-9900,0.0,0.0
2023,4,17,12,60,0.0,0.0,0.0,0.0,0.0,5,27.8,19.3,60,997.5,322,1.7,-9900,-9900,0.0,0.0
2023,4,17,13,60,0.0,0.0,0.0,0.0,0.0,5,28.5,21.0,64,997.0,323,1.3,-9900,-9900,0.0,0.0
2023,4,17,14,60,0.0,0.0,0.0,0.0,0.0,5,27.2,23.9,82,996.7,13,2.6,-9900,-9900,0.0,0.0
2023,4,17,15,60,0.0,0.0,0.0,0.0,0.0,5,27.2,24.3,84,996.3,9,1.7,-9900,-9900,0.0,0.0
2023,4,17,16,60,0.0,0.0,0.0,0.0,0.0,5,27.2,23.2,79,995.9,7,1.3,-9900,-9900,0.0,0.0
2023,4,17,17,60,0.0,0.0,0.0,0.0,0.0,5,26.4,20.9,72,995.9,310,2.6,-9900,-9900,0.0,0.0
2023,4,17,18,60,0.0,0.0,0.0,0.0,0.0,5,24.6,24.4,99,996.4,332,1.4,-9900,-9900,0.0,0.0
2023,4,17,19,60,0.0,0.0,0.0,0.0,0.0,5,23.8,23.6,99,997.0,2,0.5,-9900,-9900,0.0,0.0
2023,4,17,20,60,0.0,0.0,0.0,0.0,0.0,5,23.2,23.0,99,997.2,36,0.7,-9900,-9900,0.0,0.0
2023,4,17,21,60,0.0,0.0,0.0,0.0,0.0,5,23.4,23.2,99,997.7,31,0.3,-9900,-9900,0.0,0.0
2023,4,17,22,60,0.0,0.0,0.0,0.0,0.0,5,23.2,23.0,99,998.2,0,0.2,-9900,-9900,0.0,0.0
2023,4,17,23,60,0.0,0.0,0.0,0.0,0.0,5,23.2,23.0,99,998.1,79,0.6,-9900,-9900,0.0,0.0
2023,4,17,24,60,0.0,0.0,0.0,0.0,0.0,5,23.1,22.9,99,997.7,132,1.1,-9900,-9900,0.0,0.0
2023,4,18,1,60,0.0,0.0,0.0,0.0,0.0,5,22.6,22.4,99,997.1,135,1.4,-9900,-9900,0.0,0.0
2023,4,18,2,60,0.0,0.0,0.0,0.0,0.0,5,22.6,22.4,99,996.5,130,1.0,-9900,-9900,0.0,0.0
2023,4,18,3,60,0.0,0.0,0.0,0.0,0.0,5,21.8,21.6,99,996.1,127,1.1,-9900,-9900,0.0,0.0
2023,4,18,4,60,0.0,0.0,0.0,0.0,0.0,5,21.4,21.2,99,995.8,130,1.8,-9900,-9900,0.0,0.0
2023,4,18,5,60,0.0,0.0,0.0,0.0,0.0,5,21.4,21.2,99,996.0,133,1.6,-9900,-9900,0.0,0.0
2023,4,18,6,60,0.0,0.0,0.0,0.0,0.0,5,21.2,21.0,99,996.3,131,1.9,-9900,-9900,0.0,0.0
2023,4,18,7,60,0.0,0.0,0.0,0.0,0.0,5,22.0,21.8,99,996.6,113,1.2,-9900,-9900,0.0,0.0
2023,4,18,8,60,0.0,0.0,0.0,0.0,0.0,5,24.6,21.7,84,997.1,90,0.7,-9900,-9900,0.0,0.0
2023,4,18,9,60,0.0,0.0,0.0,0.0,0.0,5,26.6,19.0,63,997.2,161,0.3,-9900,-9900,0.0,0.0
2023,4,18,10,60,0.0,0.0,0.0,0.0,0.0,5,28.0,18.7,57,996.9,119,0.6,-9900,-9900,0.0,0.0
2023,4,18,11,60,0.0,0.0,0.0,0.0,0.0,5,28.5,18.3,54,995.9,118,1.0,-9900,-9900,0.0,0.0
2023,4,18,12,60,0.0,0.0,0.0,0.0,0.0,5,29.0,19.9,58,995.5,11,2.0,-9900,-9900,0.0,0.0
2023,4,18,13,60,0.0,0.0,0.0,0.0,0.0,5,29.2,18.9,54,994.9,349,1.9,-9900,-9900,0.0,0.0
2023,4,18,14,60,0.0,0.0,0.0,0.0,0.0,5,29.7,18.8,52,994.1,340,1.2,-9900,-9900,0.0,0.0
2023,4,18,15,60,0.0,0.0,0.0,0.0,0.0,5,27.9,19.7,61,994.3,343,1.1,-9900,-9900,0.0,0.0
2023,4,18,16,60,0.0,0.0,0.0,0.0,0.0,5,26.6,20.7,70,994.0,10,0.9,-9900,-9900,0.0,0.0
2023,4,18,17,60,0.0,0.0,0.0,0.0,0.0,5,25.9,24.5,92,993.5,328,1.1,-9900,-9900,0.0,0.0
2023,4,18,18,60,0.0,0.0,0.0,0.0,0.0,5,25.3,25.1,99,993.3,341,1.1,-9900,-9900,0.0,0.0
2023,4,18,19,60,0.0,0.0,0.0,0.0,0.0,5,24.8,24.6,99,993.0,48,0.7,-9900,-9900,0.0,0.0
2023,4,18,20,60,0.0,0.0,0.0,0.0,0.0,5,24.8,24.3,97,993.8,313,1.1,-9900,-9900,0.0,0.0
2023,4,18,21,60,0.0,0.0,0.0,0.0,0.0,5,24.9,24.2,96,994.1,316,1.0,-9900,-9900,0.0,0.0
2023,4,18,22,60,0.0,0.0,0.0,0.0,0.0,5,24.8,24.5,98,993.6,106,0.7,-9900,-9900,0.0,0.0
2023,4,18,23,60,0.0,0.0,0.0,0.0,0.0,5,24.1,23.9,99,993.0,135,1.3,-9900,-9900,0.0,0.0
2023,4,18,24,60,0.0,0.0,0.0,0.0,0.0,5,23.4,23.2,99,991.6,135,1.6,-9900,-9900,0.0,0.0
2023,4,19,1,60,0.0,0.0,0.0,0.0,0.0,5,24.0,23.8,99,991.5,266,0.9,-9900,-9900,0.0,0.0
2023,4,19,2,60,0.0,0.0,0.0,0.0,0.0,5,24.1,23.4,96,989.6,148,0.7,-9900,-9900,0.0,0.0
2023,4,19,3,60,0.0,0.0,0.0,0.0,0.0,5,23.7,23.5,99,989.1,135,0.8,-9900,-9900,0.0,0.0
2023,4,19,4,60,0.0,0.0,0.0,0.0,0.0,5,23.2,23.0,99,989.6,92,1.2,-9900,-9900,0.0,0.0
2023,4,19,5,60,0.0,0.0,0.0,0.0,0.0,5,23.4,23.2,99,990.3,137,1.6,-9900,-9900,0.0,0.0
2023,4,19,6,60,0.0,0.0,0.0,0.0,0.0,5,23.6,23.4,99,990.3,151,0.7,-9900,-9900,0.0,0.0
2023,4,19,7,60,0.0,0.0,0.0,0.0,0.0,5,23.7,23.5,99,989.9,167,0.9,-9900,-9900,0.0,0.0
2023,4,19,8,60,0.0,0.0,0.0,0.0,0.0,5,25.3,23.4,89,989.4,134,1.1,-9900,-9900,0.0,0.0
2023,4,19,9,60,0.0,0.0,0.0,0.0,0.0,5,27.9,20.7,65,988.9,123,1.2,-9900,-9900,0.0,0.0
2023,4,19,10,60,0.0,0.0,0.0,0.0,0.0,5,29.7,20.8,59,988.5,126,1.1,-9900,-9900,0.0,0.0
2023,4,19,11,60,0.0,0.0,0.0,0.0,0.0,5,30.8,19.5,51,988.3,264,1.7,-9900,-9900,0.0,0.0
2023,4,19,12,60,0.0,0.0,0.0,0.0,0.0,5,29.2,20.6,60,987.6,275,1.8,-9900,-9900,0.0,0.0
2023,4,19,13,60,0.0,0.0,0.0,0.0,0.0,5,28.2,21.5,67,987.0,262,2.7,-9900,-9900,0.0,0.0
2023,4,19,14,60,0.0,0.0,0.0,0.0,0.0,5,24.8,24.6,99,987.7,273,4.9,-9900,-9900,0.0,0.0
2023,4,19,15,60,0.0,0.0,0.0,0.0,0.0,5,24.8,24.6,99,988.4,292,3.9,-9900,-9900,0.0,0.0
2023,4,19,16,60,0.0,0.0,0.0,0.0,0.0,5,24.8,24.6,99,987.9,190,0.6,-9900,-9900,0.0,0.0
2023,4,19,17,60,0.0,0.0,0.0,0.0,0.0,5,22.4,22.2,99,987.8,268,4.7,-9900,-9900,0.0,0.0
2023,4,19,18,60,0.0,0.0,0.0,0.0,0.0,5,22.4,22.2,99,988.8,260,1.0,-9900,-9900,0.0,0.0
2023,4,19,19,60,0.0,0.0,0.0,0.0,0.0,5,22.4,22.2,99,989.5,262,2.8,-9900,-9900,0.0,0.0
2023,4,19,20,60,0.0,0.0,0.0,0.0,0.0,5,22.4,22.2,99,989.1,121,0.8,-9900,-9900,0.0,0.0
2023,4,19,21,60,0.0,0.0,0.0,0.0,0.0,5,22.3,22.1,99,988.8,47,0.5,-9900,-9900,0.0,0.0
2023,4,19,22,60,0.0,0.0,0.0,0.0,0.0,5,22.2,22.1,99,988.8,0,0.0,-9900,-9900,0.0,0.0
2023,4,19,23,60,0.0,0.0,0.0,0.0,0.0,5,22.1,22.0,99,987.9,84,1.4,-9900,-9900,0.0,0.0
2023,4,19,24,60,0.0,0.0,0.0,0.0,0.0,5,22.1,21.9,99,987.7,0,0.2,-9900,-9900,0.0,0.0
2023,4,20,1,60,0.0,0.0,0.0,0.0,0.0,5,22.0,21.8,99,987.2,0,0.0,-9900,-9900,0.0,0.0
2023,4,20,2,60,0.0,0.0,0.0,0.0,0.0,5,21.9,21.7,99,986.9,328,0.3,-9900,-9900,0.0,0.0
2023,4,20,3,60,0.0,0.0,0.0,0.0,0.0,5,21.8,21.6,99,986.7,268,1.2,-9900,-9900,0.0,0.0
2023,4,20,4,60,0.0,0.0,0.0,0.0,0.0,5,21.7,21.5,99,986.7,182,0.7,-9900,-9900,0.0,0.0
2023,4,20,5,60,0.0,0.0,0.0,0.0,0.0,5,21.6,21.5,99,986.6,0,0.0,-9900,-9900,0.0,0.0
2023,4,20,6,60,0.0,0.0,0.0,0.0,0.0,5,21.5,18.1,81,987.5,266,2.0,-9900,-9900,0.0,0.0
2023,4,20,7,60,0.0,0.0,0.0,0.0,0.0,5,21.5,18.1,81,988.0,268,1.2,-9900,-9900,0.0,0.0
2023,4,20,8,60,0.0,0.0,0.0,0.0,0.0,5,21.4,18.0,81,988.8,270,1.5,-9900,-9900,0.0,0.0
2023,4,20,9,60,0.0,0.0,0.0,0.0,0.0,5,21.3,17.9,81,989.1,272,1.4,-9900,-9900,0.0,0.0
2023,4,20,10,60,0.0,0.0,0.0,0.0,0.0,5,21.2,21.0,99,989.0,295,1.0,-9900,-9900,0.0,0.0
2023,4,20,11,60,0.0,0.0,0.0,0.0,0.0,5,21.1,21.0,99,989.3,336,1.5,-9900,-9900,0.0,0.0
2023,4,20,12,60,0.0,0.0,0.0,0.0,0.0,5,21.0,20.9,99,989.1,10,2.2,-9900,-9900,0.0,0.0
2023,4,20,13,60,0.0,0.0,0.0,0.0,0.0,5,20.9,20.8,99,988.9,8,1.4,-9900,-9900,0.0,0.0
2023,4,20,14,60,0.0,0.0,0.0,0.0,0.0,5,20.9,20.7,99,988.3,8,1.1,-9900,-9900,0.0,0.0
2023,4,20,15,60,0.0,0.0,0.0,0.0,0.0,5,20.8,20.6,99,988.1,9,1.1,-9900,-9900,0.0,0.0
2023,4,20,16,60,0.0,0.0,0.0,0.0,0.0,5,20.7,20.5,99,988.3,19,0.9,-9900,-9900,0.0,0.0
2023,4,20,17,60,0.0,0.0,0.0,0.0,0.0,5,20.6,20.4,99,988.3,5,1.3,-9900,-9900,0.0,0.0
2023,4,20,18,60,0.0,0.0,0.0,0.0,0.0,5,20.5,20.3,99,988.5,27,0.9,-9900,-9900,0.0,0.0
2023,4,20,19,60,0.0,0.0,0.0,0.0,0.0,5,20.5,20.3,99,989.4,32,1.3,-9900,-9900,0.0,0.0
2023,4,20,20,60,0.0,0.0,0.0,0.0,0.0,5,20.3,20.1,99,990.2,8,0.5,-9900,-9900,0.0,0.0
2023,4,20,21,60,0.0,0.0,0.0,0.0,0.0,5,20.3,20.1,99,990.8,41,0.8,-9900,-9900,0.0,0.0
2023,4,20,22,60,0.0,0.0,0.0,0.0,0.0,5,20.3,10.4,53,991.4,13,0.4,-9900,-9900,0.0,0.0
2023,4,20,23,60,0.0,0.0,0.0,0.0,0.0,5,20.3,10.4,53,991.6,12,0.6,-9900,-9900,0.0,0.0
2023,4,20,24,60,0.0,0.0,0.0,0.0,0.0,5,20.3,10.4,53,991.3,34,1.2,-9900,-9900,0.0,0.0
2023,4,21,1,60,0.0,0.0,0.0,0.0,0.0,5,20.3,10.4,53,990.9,52,0.9,-9900,-9900,0.0,0.0
2023,4,21,2,60,0.0,0.0,0.0,0.0,0.0,5,20.3,10.4,53,990.5,56,0.7,-9900,-9900,0.0,0.0
2023,4,21,3,60,0.0,0.0,0.0,0.0,0.0,5,20.3,10.4,53,990.5,29,0.6,-9900,-9900,0.0,0.0
2023,4,21,4,60,0.0,0.0,0.0,0.0,0.0,5,20.3,10.4,53,990.8,28,0.7,-9900,-9900,0.0,0.0
2023,4,21,5,60,0.0,0.0,0.0,0.0,0.0,5,20.3,10.4,53,991.5,60,0.9,-9900,-9900,0.0,0.0
2023,4,21,6,60,0.0,0.0,0.0,0.0,0.0,5,20.3,10.4,53,992.5,101,0.7,-9900,-9900,0.0,0.0
2023,4,21,7,60,0.0,0.0,0.0,0.0,0.0,5,20.3,10.4,53,992.9,110,0.5,-9900,-9900,0.0,0.0
2023,4,21,8,60,0.0,0.0,0.0,0.0,0.0,5,20.3,10.4,53,994.0,95,1.4,-9900,-9900,0.0,0.0
2023,4,21,9,60,0.0,0.0,0.0,0.0,0.0,5,20.3,20.1,99,994.7,82,1.2,-9900,-9900,0.0,0.0
2023,4,21,10,60,0.0,0.0,0.0,0.0,0.0,5,20.7,20.5,99,994.8,76,1.1,-9900,-9900,0.0,0.0
2023,4,21,11,60,0.0,0.0,0.0,0.0,0.0,5,21.4,21.2,99,994.8,47,1.9,-9900,-9900,0.0,0.0
2023,4,21,12,60,0.0,0.0,0.0,0.0,0.0,5,21.3,21.1,99,994.7,39,1.8,-9900,-9900,0.0,0.0
2023,4,21,13,60,0.0,0.0,0.0,0.0,0.0,5,21.3,21.1,99,994.5,40,2.0,-9900,-9900,0.0,0.0
2023,4,21,14,60,0.0,0.0,0.0,0.0,0.0,5,20.7,20.5,99,994.2,75,1.6,-9900,-9900,0.0,0.0
2023,4,21,15,60,0.0,0.0,0.0,0.0,0.0,5,20.0,19.8,99,994.0,90,1.8,-9900,-9900,0.0,0.0
2023,4,21,16,60,0.0,0.0,0.0,0.0,0.0,5,19.8,19.5,98,993.8,92,2.6,-9900,-9900,0.0,0.0
2023,4,21,17,60,0.0,0.0,0.0,0.0,0.0,5,20.2,19.9,98,993.7,93,2.2,-9900,-9900,0.0,0.0
2023,4,21,18,60,0.0,0.0,0.0,0.0,0.0,5,20.1,19.8,98,994.2,94,2.8,-9900,-9900,0.0,0.0
2023,4,21,19,60,0.0,0.0,0.0,0.0,0.0,5,20.0,19.7,98,994.5,91,2.5,-9900,-9900,0.0,0.0
2023,4,21,20,60,0.0,0.0,0.0,0.0,0.0,5,19.9,19.5,98,995.0,92,3.1,-9900,-9900,0.0,0.0
2023,4,21,21,60,0.0,0.0,0.0,0.0,0.0,5,20.1,19.7,98,995.7,89,1.9,-9900,-9900,0.0,0.0
2023,4,21,22,60,0.0,0.0,0.0,0.0,0.0,5,20.0,19.6,97,996.0,76,2.2,-9900,-9900,0.0,0.0
2023,4,21,23,60,0.0,0.0,0.0,0.0,0.0,5,19.7,19.2,97,995.4,71,3.0,-9900,-9900,0.0,0.0
2023,4,21,24,60,0.0,0.0,0.0,0.0,0.0,5,19.3,18.8,97,995.4,71,1.9,-9900,-9900,0.0,0.0
2023,4,22,1,60,0.0,0.0,0.0,0.0,0.0,5,19.1,18.6,97,995.1,72,2.4,-9900,-9900,0.0,0.0
2023,4,22,2,60,0.0,0.0,0.0,0.0,0.0,5,19.1,18.6,97,994.8,62,2.5,-9900,-9900,0.0,0.0
2023,4,22,3,60,0.0,0.0,0.0,0.0,0.0,5,19.2,18.6,97,994.5,71,2.3,-9900,-9900,0.0,0.0
2023,4,22,4,60,0.0,0.0,0.0,0.0,0.0,5,19.1,18.5,96,994.8,74,1.4,-9900,-9900,0.0,0.0
2023,4,22,5,60,0.0,0.0,0.0,0.0,0.0,5,19.1,18.5,96,995.3,68,2.1,-9900,-9900,0.0,0.0
2023,4,22,6,60,0.0,0.0,0.0,0.0,0.0,5,19.1,18.5,96,995.6,72,2.0,-9900,-9900,0.0,0.0
2023,4,22,7,60,0.0,0.0,0.0,0.0,0.0,5,19.2,18.5,96,996.2,71,2.3,-9900,-9900,0.0,0.0
2023,4,22,8,60,0.0,0.0,0.0,0.0,0.0,5,19.5,18.8,96,997.1,80,2.4,-9900,-9900,0.0,0.0
2023,4,22,9,60,0.0,0.0,0.0,0.0,0.0,5,19.5,18.8,96,997.1,81,2.6,-9900,-9900,0.0,0.0
2023,4,22,10,60,0.0,0.0,0.0,0.0,0.0,5,19.5,18.7,95,997.6,79,2.0,-9900,-9900,0.0,0.0
2023,4,22,11,60,0.0,0.0,0.0,0.0,0.0,5,18.7,17.9,95,997.3,94,2.5,-9900,-9900,0.0,0.0
2023,4,22,12,60,0.0,0.0,0.0,0.0,0.0,5,19.5,18.7,95,997.0,79,1.9,-9900,-9900,0.0,0.0
2023,4,22,13,60,0.0,0.0,0.0,0.0,0.0,5,20.5,19.7,95,996.6,75,1.5,-9900,-9900,0.0,0.0
2023,4,22,14,60,0.0,0.0,0.0,0.0,0.0,5,20.7,19.8,95,995.8,77,1.8,-9900,-9900,0.0,0.0
2023,4,22,15,60,0.0,0.0,0.0,0.0,0.0,5,21.4,20.5,95,995.4,85,2.3,-9900,-9900,0.0,0.0
2023,4,22,16,60,0.0,0.0,0.0,0.0,0.0,5,21.1,20.2,94,995.1,91,2.9,-9900,-9900,0.0,0.0
2023,4,22,17,60,0.0,0.0,0.0,0.0,0.0,5,20.6,19.6,94,995.5,80,3.1,-9900,-9900,0.0,0.0
2023,4,22,18,60,0.0,0.0,0.0,0.0,0.0,5,20.0,19.0,94,995.6,88,2.9,-9900,-9900,0.0,0.0
2023,4,22,19,60,0.0,0.0,0.0,0.0,0.0,5,19.6,18.6,94,996.2,87,3.0,-9900,-9900,0.0,0.0
2023,4,22,20,60,0.0,0.0,0.0,0.0,0.0,5,19.5,18.5,94,996.9,89,1.8,-9900,-9900,0.0,0.0
2023,4,22,21,60,0.0,0.0,0.0,0.0,0.0,5,19.5,18.4,94,997.8,80,1.7,-9900,-9900,0.0,0.0
2023,4,22,22,60,0.0,0.0,0.0,0.0,0.0,5,19.4,18.3,93,998.2,88,1.4,-9900,-9900,0.0,0.0
2023,4,22,23,60,0.0,0.0,0.0,0.0,0.0,5,19.3,18.2,93,998.0,89,1.6,-9900,-9900,0.0,0.0
2023,4,22,24,60,0.0,0.0,0.0,0.0,0.0,5,19.2,18.1,93,997.7,58,0.4,-9900,-9900,0.0,0.0
2023,4,23,1,60,0.0,0.0,0.0,0.0,0.0,5,19.2,18.0,93,997.0,93,1.1,-9900,-9900,0.0,0.0
2023,4,23,2,60,0.0,0.0,0.0,0.0,0.0,5,19.2,18.0,93,996.5,74,1.2,-9900,-9900,0.0,0.0
2023,4,23,3,60,0.0,0.0,0.0,0.0,0.0,5,19.0,17.8,93,997.1,36,1.2,-9900,-9900,0.0,0.0
2023,4,23,4,60,0.0,0.0,0.0,0.0,0.0,5,19.3,18.0,92,997.0,83,1.2,-9900,-9900,0.0,0.0
2023,4,23,5,60,0.0,0.0,0.0,0.0,0.0,5,19.1,17.8,92,997.1,72,0.8,-9900,-9900,0.0,0.0
2023,4,23,6,60,0.0,0.0,0.0,0.0,0.0,5,19.5,18.2,92,997.9,344,0.5,-9900,-9900,0.0,0.0
2023,4,23,7,60,0.0,0.0,0.0,0.0,0.0,5,19.9,18.6,92,998.7,353,0.7,-9900,-9900,0.0,0.0
2023,4,23,8,60,0.0,0.0,0.0,0.0,0.0,5,20.3,18.9,92,999.3,94,0.7,-9900,-9900,0.0,0.0
2023,4,23,9,60,0.0,0.0,0.0,0.0,0.0,5,21.4,20.0,92,998.9,95,2.3,-9900,-9900,0.0,0.0
2023,4,23,10,60,0.0,0.0,0.0,0.0,0.0,5,23.8,22.3,91,998.7,69,1.4,-9900,-9900,0.0,0.0
2023,4,23,11,60,0.0,0.0,0.0,0.0,0.0,5,24.9,23.4,91,998.7,27,0.9,-9900,-9900,0.0,0.0
2023,4,23,12,60,0.0,0.0,0.0,0.0,0.0,5,24.4,22.9,91,998.1,32,1.6,-9900,-9900,0.0,0.0
2023,4,23,13,60,0.0,0.0,0.0,0.0,0.0,5,25.8,24.2,91,997.3,334,1.4,-9900,-9900,0.0,0.0
2023,4,23,14,60,0.0,0.0,0.0,0.0,0.0,5,24.2,22.6,91,997.0,6,1.7,-9900,-9900,0.0,0.0
2023,4,23,15,60,0.0,0.0,0.0,0.0,0.0,5,23.5,21.9,91,996.7,23,2.5,-9900,-9900,0.0,0.0
2023,4,23,16,60,0.0,0.0,0.0,0.0,0.0,5,24.0,22.4,91,996.6,83,2.0,-9900,-9900,0.0,0.0
2023,4,23,17,60,0.0,0.0,0.0,0.0,0.0,5,22.9,21.2,90,996.9,76,1.9,-9900,-9900,0.0,0.0
2023,4,23,18,60,0.0,0.0,0.0,0.0,0.0,5,22.0,20.3,90,997.5,80,2.0,-9900,-9900,0.0,0.0
2023,4,23,19,60,0.0,0.0,0.0,0.0,0.0,5,21.4,19.7,90,997.1,94,3.1,-9900,-9900,0.0,0.0
2023,4,23,20,60,0.0,0.0,0.0,0.0,0.0,5,21.1,19.4,90,997.3,92,2.6,-9900,-9900,0.0,0.0
2023,4,23,21,60,0.0,0.0,0.0,0.0,0.0,5,21.1,19.3,90,998.0,73,1.9,-9900,-9900,0.0,0.0
2023,4,23,22,60,0.0,0.0,0.0,0.0,0.0,5,20.9,19.1,90,997.9,74,1.4,-9900,-9900,0.0,0.0
2023,4,23,23,60,0.0,0.0,0.0,0.0,0.0,5,20.9,19.1,89,998.2,79,0.8,-9900,-9900,0.0,0.0
2023,4,23,24,60,0.0,0.0,0.0,0.0,0.0,5,21.0,19.2,89,997.9,0,0.0,-9900,-9900,0.0,0.0
2023,4,24,1,60,0.0,0.0,0.0,0.0,0.0,5,20.8,18.9,89,997.6,134,0.9,-9900,-9900,0.0,0.0
2023,4,24,2,60,0.0,0.0,0.0,0.0,0.0,5,20.8,18.9,89,997.2,94,0.7,-9900,-9900,0.0,0.0
2023,4,24,3,60,0.0,0.0,0.0,0.0,0.0,5,20.7,18.8,89,997.2,138,0.7,-9900,-9900,0.0,0.0
2023,4,24,4,60,0.0,0.0,0.0,0.0,0.0,5,20.8,18.8,89,997.5,29,0.5,-9900,-9900,0.0,0.0
2023,4,24,5,60,0.0,0.0,0.0,0.0,0.0,5,21.0,19.0,88,998.1,27,0.8,-9900,-9900,0.0,0.0
2023,4,24,6,60,0.0,0.0,0.0,0.0,0.0,5,21.0,19.0,88,998.1,52,1.0,-9900,-9900,0.0,0.0
2023,4,24,7,60,0.0,0.0,0.0,0.0,0.0,5,21.0,18.9,88,998.5,90,1.7,-9900,-9900,0.0,0.0
2023,4,24,8,60,0.0,0.0,0.0,0.0,0.0,5,20.9,18.8,88,999.0,59,1.4,-9900,-9900,0.0,0.0
2023,4,24,9,60,0.0,0.0,0.0,0.0,0.0,5,20.9,18.8,88,999.6,37,1.1,-9900,-9900,0.0,0.0
2023,4,24,10,60,0.0,0.0,0.0,0.0,0.0,5,20.9,18.8,88,999.9,28,1.0,-9900,-9900,0.0,0.0
2023,4,24,11,60,0.0,0.0,0.0,0.0,0.0,5,20.9,18.7,87,999.8,36,1.7,-9900,-9900,0.0,0.0
2023,4,24,12,60,0.0,0.0,0.0,0.0,0.0,5,20.4,18.2,87,999.3,31,1.5,-9900,-9900,0.0,0.0
2023,4,24,13,60,0.0,0.0,0.0,0.0,0.0,5,20.0,17.8,87,998.6,46,1.5,-9900,-9900,0.0,0.0
2023,4,24,14,60,0.0,0.0,0.0,0.0,0.0,5,19.5,17.3,87,997.7,35,2.4,-9900,-9900,0.0,0.0
2023,4,24,15,60,0.0,0.0,0.0,0.0,0.0,5,19.1,16.8,87,997.4,30,2.7,-9900,-9900,0.0,0.0
2023,4,24,16,60,0.0,0.0,0.0,0.0,0.0,5,18.6,16.3,87,997.6,37,3.6,-9900,-9900,0.0,0.0
2023,4,24,17,60,0.0,0.0,0.0,0.0,0.0,5,18.2,15.9,86,997.9,49,2.1,-9900,-9900,0.0,0.0
2023,4,24,18,60,0.0,0.0,0.0,0.0,0.0,5,17.7,15.4,86,998.5,38,3.0,-9900,-9900,0.0,0.0
2023,4,24,19,60,0.0,0.0,0.0,0.0,0.0,5,18.5,16.1,86,999.2,51,1.9,-9900,-9900,0.0,0.0
2023,4,24,20,60,0.0,0.0,0.0,0.0,0.0,5,18.5,16.1,86,999.6,51,2.0,-9900,-9900,0.0,0.0
2023,4,24,21,60,0.0,0.0,0.0,0.0,0.0,5,18.5,16.1,86,1000.0,52,1.5,-9900,-9900,0.0,0.0
2023,4,24,22,60,0.0,0.0,0.0,0.0,0.0,5,18.1,15.7,86,999.6,65,1.3,-9900,-9900,0.0,0.0
2023,4,24,23,60,0.0,0.0,0.0,0.0,0.0,5,18.4,15.9,85,998.9,64,1.3,-9900,-9900,0.0,0.0
2023,4,24,24,60,0.0,0.0,0.0,0.0,0.0,5,18.1,15.6,85,998.6,51,1.8,-9900,-9900,0.0,0.0
2023,4,25,1,60,0.0,0.0,0.0,0.0,0.0,5,18.0,15.5,85,998.5,46,1.9,-9900,-9900,0.0,0.0
2023,4,25,2,60,0.0,0.0,0.0,0.0,0.0,5,18.0,15.4,85,998.1,66,2.2,-9900,-9900,0.0,0.0
2023,4,25,3,60,0.0,0.0,0.0,0.0,0.0,5,17.6,15.0,85,997.4,72,1.6,-9900,-9900,0.0,0.0
2023,4,25,4,60,0.0,0.0,0.0,0.0,0.0,5,17.7,15.1,85,997.2,82,2.2,-9900,-9900,0.0,0.0
2023,4,25,5,60,0.0,0.0,0.0,0.0,0.0,5,17.9,15.2,84,997.1,72,1.4,-9900,-9900,0.0,0.0
2023,4,25,6,60,0.0,0.0,0.0,0.0,0.0,5,18.1,15.4,84,997.3,61,1.9,-9900,-9900,0.0,0.0
2023,4,25,7,60,0.0,0.0,0.0,0.0,0.0,5,18.3,15.6,84,997.3,70,2.0,-9900,-9900,0.0,0.0
2023,4,25,8,60,0.0,0.0,0.0,0.0,0.0,5,19.1,16.3,84,997.9,45,1.1,-9900,-9900,0.0,0.0
2023,4,25,9,60,0.0,0.0,0.0,0.0,0.0,5,18.9,16.1,84,998.4,41,1.6,-9900,-9900,0.0,0.0
2023,4,25,10,60,0.0,0.0,0.0,0.0,0.0,5,19.6,16.8,84,998.2,34,1.0,-9900,-9900,0.0,0.0
2023,4,25,11,60,0.0,0.0,0.0,0.0,0.0,5,19.6,16.7,83,998.2,34,1.0,-9900,-9900,0.0,0.0
2023,4,25,12,60,0.0,0.0,0.0,0.0,0.0,5,20.5,17.6,83,997.4,30,1.1,-9900,-9900,0.0,0.0
2023,4,25,13,60,0.0,0.0,0.0,0.0,0.0,5,19.7,16.8,83,996.6,29,2.3,-9900,-9900,0.0,0.0
2023,4,25,14,60,0.0,0.0,0.0,0.0,0.0,5,19.6,16.6,83,996.2,15,1.7,-9900,-9900,0.0,0.0
2023,4,25,15,60,0.0,0.0,0.0,0.0,0.0,5,19.3,16.5,84,996.0,32,2.1,-9900,-9900,0.0,0.0
2023,4,25,16,60,0.0,0.0,0.0,0.0,0.0,5,19.1,16.5,85,996.2,34,2.3,-9900,-9900,0.0,0.0
2023,4,25,17,60,0.0,0.0,0.0,0.0,0.0,5,18.9,16.7,87,996.2,28,1.5,-9900,-9900,0.0,0.0
2023,4,25,18,60,0.0,0.0,0.0,0.0,0.0,5,18.1,16.9,93,996.8,30,1.9,-9900,-9900,0.0,0.0
2023,4,25,19,60,0.0,0.0,0.0,0.0,0.0,5,17.8,17.2,96,997.5,13,1.0,-9900,-9900,0.0,0.0
2023,4,25,20,60,0.0,0.0,0.0,0.0,0.0,5,17.8,16.8,94,997.6,96,1.4,-9900,-9900,0.0,0.0
2023,4,25,21,60,0.0,0.0,0.0,0.0,0.0,5,18.1,16.8,92,997.7,72,1.1,-9900,-9900,0.0,0.0
2023,4,25,22,60,0.0,0.0,0.0,0.0,0.0,5,18.1,17.1,94,997.9,23,1.3,-9900,-9900,0.0,0.0
2023,4,25,23,60,0.0,0.0,0.0,0.0,0.0,5,18.1,16.3,89,997.6,76,1.7,-9900,-9900,0.0,0.0
2023,4,25,24,60,0.0,0.0,0.0,0.0,0.0,5,18.1,16.1,88,997.4,71,2.0,-9900,-9900,0.0,0.0
2023,4,26,1,60,0.0,0.0,0.0,0.0,0.0,5,18.2,16.2,88,997.4,75,1.8,-9900,-9900,0.0,0.0
2023,4,26,2,60,0.0,0.0,0.0,0.0,0.0,5,17.8,17.0,95,997.4,6,0.5,-9900,-9900,0.0,0.0
2023,4,26,3,60,0.0,0.0,0.0,0.0,0.0,5,16.7,15.9,95,997.3,46,1.8,-9900,-9900,0.0,0.0
2023,4,26,4,60,0.0,0.0,0.0,0.0,0.0,5,16.8,16.0,95,997.6,59,1.0,-9900,-9900,0.0,0.0
2023,4,26,5,60,0.0,0.0,0.0,0.0,0.0,5,16.6,16.0,96,997.8,58,1.6,-9900,-9900,0.0,0.0
2023,4,26,6,60,0.0,0.0,0.0,0.0,0.0,5,16.4,15.8,96,998.1,31,1.9,-9900,-9900,0.0,0.0
2023,4,26,7,60,0.0,0.0,0.0,0.0,0.0,5,17.0,15.9,93,998.7,70,1.4,-9900,-9900,0.0,0.0
2023,4,26,8,60,0.0,0.0,0.0,0.0,0.0,5,17.0,15.5,91,999.5,56,1.8,-9900,-9900,0.0,0.0
2023,4,26,9,60,0.0,0.0,0.0,0.0,0.0,5,16.2,15.6,96,1000.2,59,2.4,-9900,-9900,0.0,0.0
2023,4,26,10,60,0.0,0.0,0.0,0.0,0.0,5,16.2,15.2,94,1000.4,71,1.9,-9900,-9900,0.0,0.0
2023,4,26,11,60,0.0,0.0,0.0,0.0,0.0,5,16.9,15.2,90,1000.4,73,2.5,-9900,-9900,0.0,0.0
2023,4,26,12,60,0.0,0.0,0.0,0.0,0.0,5,16.8,14.4,86,1000.1,73,2.6,-9900,-9900,0.0,0.0
2023,4,26,13,60,0.0,0.0,0.0,0.0,0.0,5,17.3,13.8,80,999.6,73,3.3,-9900,-9900,0.0,0.0
2023,4,26,14,60,0.0,0.0,0.0,0.0,0.0,5,17.6,13.7,78,998.8,84,3.3,-9900,-9900,0.0,0.0
2023,4,26,15,60,0.0,0.0,0.0,0.0,0.0,5,17.8,13.3,75,998.4,75,3.0,-9900,-9900,0.0,0.0
2023,4,26,16,60,0.0,0.0,0.0,0.0,0.0,5,18.1,13.0,72,998.3,85,3.8,-9900,-9900,0.0,0.0
2023,4,26,17,60,0.0,0.0,0.0,0.0,0.0,5,18.0,12.7,71,998.3,72,3.8,-9900,-9900,0.0,0.0
2023,4,26,18,60,0.0,0.0,0.0,0.0,0.0,5,17.8,12.5,71,998.6,79,3.4,-9900,-9900,0.0,0.0
2023,4,26,19,60,0.0,0.0,0.0,0.0,0.0,5,17.8,12.7,72,998.9,74,4.0,-9900,-9900,0.0,0.0
2023,4,26,20,60,0.0,0.0,0.0,0.0,0.0,5,17.9,12.8,72,999.5,74,3.6,-9900,-9900,0.0,0.0
2023,4,26,21,60,0.0,0.0,0.0,0.0,0.0,5,17.9,12.8,72,999.7,70,3.3,-9900,-9900,0.0,0.0
2023,4,26,22,60,0.0,0.0,0.0,0.0,0.0,5,17.9,12.8,72,999.8,75,4.5,-9900,-9900,0.0,0.0
2023,4,26,23,60,0.0,0.0,0.0,0.0,0.0,5,17.9,12.8,72,999.6,75,4.2,-9900,-9900,0.0,0.0
2023,4,26,24,60,0.0,0.0,0.0,0.0,0.0,5,17.9,13.2,74,999.5,76,2.8,-9900,-9900,0.0,0.0
2023,4,27,1,60,0.0,0.0,0.0,0.0,0.0,5,17.9,13.2,74,998.8,79,3.1,-9900,-9900,0.0,0.0
2023,4,27,2,60,0.0,0.0,0.0,0.0,0.0,5,18.0,13.7,76,998.0,87,4.2,-9900,-9900,0.0,0.0
2023,4,27,3,60,0.0,0.0,0.0,0.0,0.0,5,18.0,13.9,77,998.0,75,3.5,-9900,-9900,0.0,0.0
2023,4,27,4,60,0.0,0.0,0.0,0.0,0.0,5,18.2,14.1,77,997.7,85,3.4,-9900,-9900,0.0,0.0
2023,4,27,5,60,0.0,0.0,0.0,0.0,0.0,5,18.3,14.4,78,997.9,86,3.2,-9900,-9900,0.0,0.0
2023,4,27,6,60,0.0,0.0,0.0,0.0,0.0,5,18.5,14.8,79,998.4,84,2.7,-9900,-9900,0.0,0.0
2023,4,27,7,60,0.0,0.0,0.0,0.0,0.0,5,19.1,14.8,76,999.0,83,1.6,-9900,-9900,0.0,0.0
2023,4,27,8,60,0.0,0.0,0.0,0.0,0.0,5,19.3,15.2,77,999.7,93,2.6,-9900,-9900,0.0,0.0
2023,4,27,9,60,0.0,0.0,0.0,0.0,0.0,5,19.2,15.9,81,1000.4,82,1.2,-9900,-9900,0.0,0.0
2023,4,27,10,60,0.0,0.0,0.0,0.0,0.0,5,20.6,16.2,76,1000.6,87,1.1,-9900,-9900,0.0,0.0
2023,4,27,11,60,0.0,0.0,0.0,0.0,0.0,5,21.9,16.6,72,1000.5,0,0.2,-9900,-9900,0.0,0.0
2023,4,27,12,60,0.0,0.0,0.0,0.0,0.0,5,23.1,16.9,68,999.8,0,0.0,-9900,-9900,0.0,0.0
2023,4,27,13,60,0.0,0.0,0.0,0.0,0.0,5,24.3,17.3,65,999.1,82,0.9,-9900,-9900,0.0,0.0
2023,4,27,14,60,0.0,0.0,0.0,0.0,0.0,5,23.8,17.3,67,998.7,127,1.2,-9900,-9900,0.0,0.0
2023,4,27,15,60,0.0,0.0,0.0,0.0,0.0,5,23.7,18.8,74,998.1,76,0.9,-9900,-9900,0.0,0.0
2023,4,27,16,60,0.0,0.0,0.0,0.0,0.0,5,24.5,18.0,67,997.6,141,0.9,-9900,-9900,0.0,0.0
2023,4,27,17,60,0.0,0.0,0.0,0.0,0.0,5,23.8,18.4,72,997.8,129,1.2,-9900,-9900,0.0,0.0
2023,4,27,18,60,0.0,0.0,0.0,0.0,0.0,5,23.2,18.1,73,997.9,95,1.6,-9900,-9900,0.0,0.0
2023,4,27,19,60,0.0,0.0,0.0,0.0,0.0,5,22.6,17.7,74,998.2,92,1.3,-9900,-9900,0.0,0.0
2023,4,27,20,60,0.0,0.0,0.0,0.0,0.0,5,22.2,17.8,76,998.9,86,1.0,-9900,-9900,0.0,0.0
2023,4,27,21,60,0.0,0.0,0.0,0.0,0.0,5,22.0,17.8,77,999.6,67,0.8,-9900,-9900,0.0,0.0
2023,4,27,22,60,0.0,0.0,0.0,0.0,0.0,5,21.7,17.7,78,999.4,90,0.7,-9900,-9900,0.0,0.0
2023,4,27,23,60,0.0,0.0,0.0,0.0,0.0,5,21.1,17.9,82,999.2,130,0.5,-9900,-9900,0.0,0.0
2023,4,27,24,60,0.0,0.0,0.0,0.0,0.0,5,20.7,18.1,85,998.5,128,1.2,-9900,-9900,0.0,0.0
2023,4,28,1,60,0.0,0.0,0.0,0.0,0.0,5,20.4,18.0,86,997.9,127,0.8,-9900,-9900,0.0,0.0
2023,4,28,2,60,0.0,0.0,0.0,0.0,0.0,5,20.5,17.9,85,997.6,128,1.0,-9900,-9900,0.0,0.0
2023,4,28,3,60,0.0,0.0,0.0,0.0,0.0,5,20.7,18.1,85,998.3,253,0.5,-9900,-9900,0.0,0.0
2023,4,28,4,60,0.0,0.0,0.0,0.0,0.0,5,20.6,18.2,86,997.9,267,0.6,-9900,-9900,0.0,0.0
2023,4,28,5,60,0.0,0.0,0.0,0.0,0.0,5,20.8,18.2,85,998.5,264,0.9,-9900,-9900,0.0,0.0
2023,4,28,6,60,0.0,0.0,0.0,0.0,0.0,5,20.5,18.1,86,999.0,158,0.6,-9900,-9900,0.0,0.0
2023,4,28,7,60,0.0,0.0,0.0,0.0,0.0,5,21.8,18.6,82,999.3,169,0.3,-9900,-9900,0.0,0.0
2023,4,28,8,60,0.0,0.0,0.0,0.0,0.0,5,23.1,18.8,77,999.5,128,0.7,-9900,-9900,0.0,0.0
2023,4,28,9,60,0.0,0.0,0.0,0.0,0.0,5,25.1,18.3,66,999.3,133,0.7,-9900,-9900,0.0,0.0
2023,4,28,10,60,0.0,0.0,0.0,0.0,0.0,5,27.0,18.6,60,999.0,335,0.8,-9900,-9900,0.0,0.0
2023,4,28,11,60,0.0,0.0,0.0,0.0,0.0,5,28.3,19.5,59,998.4,27,0.4,-9900,-9900,0.0,0.0
2023,4,28,12,60,0.0,0.0,0.0,0.0,0.0,5,25.5,21.0,76,998.2,348,1.7,-9900,-9900,0.0,0.0
2023,4,28,13,60,0.0,0.0,0.0,0.0,0.0,5,24.8,20.5,77,997.5,356,1.5,-9900,-9900,0.0,0.0
2023,4,28,14,60,0.0,0.0,0.0,0.0,0.0,5,24.7,20.2,76,996.3,24,1.6,-9900,-9900,0.0,0.0
2023,4,28,15,60,0.0,0.0,0.0,0.0,0.0,5,25.6,20.2,72,996.1,21,1.1,-9900,-9900,0.0,0.0
2023,4,28,16,60,0.0,0.0,0.0,0.0,0.0,5,24.2,19.9,77,996.0,349,1.7,-9900,-9900,0.0,0.0
2023,4,28,17,60,0.0,0.0,0.0,0.0,0.0,5,23.4,20.2,82,995.8,360,1.4,-9900,-9900,0.0,0.0
2023,4,28,18,60,0.0,0.0,0.0,0.0,0.0,5,23.5,20.1,81,996.3,13,0.7,-9900,-9900,0.0,0.0
2023,4,28,19,60,0.0,0.0,0.0,0.0,0.0,5,23.1,20.2,84,996.6,17,0.4,-9900,-9900,0.0,0.0
2023,4,28,20,60,0.0,0.0,0.0,0.0,0.0,5,23.1,20.2,84,996.8,0,0.0,-9900,-9900,0.0,0.0
2023,4,28,21,60,0.0,0.0,0.0,0.0,0.0,5,23.8,19.9,79,997.2,140,0.9,-9900,-9900,0.0,0.0
2023,4,28,22,60,0.0,0.0,0.0,0.0,0.0,5,23.6,20.1,81,996.9,128,0.7,-9900,-9900,0.0,0.0
2023,4,28,23,60,0.0,0.0,0.0,0.0,0.0,5,23.4,20.0,81,996.5,0,0.0,-9900,-9900,0.0,0.0
2023,4,28,24,60,0.0,0.0,0.0,0.0,0.0,5,23.2,20.2,83,995.9,134,0.9,-9900,-9900,0.0,0.0
2023,4,29,1,60,0.0,0.0,0.0,0.0,0.0,5,22.8,19.8,83,995.2,137,0.9,-9900,-9900,0.0,0.0
2023,4,29,2,60,0.0,0.0,0.0,0.0,0.0,5,23.0,19.8,82,994.8,170,0.8,-9900,-9900,0.0,0.0
2023,4,29,3,60,0.0,0.0,0.0,0.0,0.0,5,22.3,19.7,85,994.3,131,1.1,-9900,-9900,0.0,0.0
2023,4,29,4,60,0.0,0.0,0.0,0.0,0.0,5,22.3,19.5,84,994.0,128,1.1,-9900,-9900,0.0,0.0
2023,4,29,5,60,0.0,0.0,0.0,0.0,0.0,5,22.3,19.3,83,994.4,142,0.8,-9900,-9900,0.0,0.0
2023,4,29,6,60,0.0,0.0,0.0,0.0,0.0,5,22.6,19.4,82,995.1,0,0.0,-9900,-9900,0.0,0.0
2023,4,29,7,60,0.0,0.0,0.0,0.0,0.0,5,24.3,18.9,72,995.8,177,0.4,-9900,-9900,0.0,0.0
2023,4,29,8,60,0.0,0.0,0.0,0.0,0.0,5,25.4,19.1,68,995.9,264,0.8,-9900,-9900,0.0,0.0
2023,4,29,9,60,0.0,0.0,0.0,0.0,0.0,5,26.3,19.2,65,996.1,322,1.5,-9900,-9900,0.0,0.0
2023,4,29,10,60,0.0,0.0,0.0,0.0,0.0,5,27.3,19.9,64,995.7,317,1.1,-9900,-9900,0.0,0.0
2023,4,29,11,60,0.0,0.0,0.0,0.0,0.0,5,28.0,18.7,57,995.2,322,1.7,-9900,-9900,0.0,0.0
2023,4,29,12,60,0.0,0.0,0.0,0.0,0.0,5,28.8,18.6,54,994.7,287,1.8,-9900,-9900,0.0,0.0
2023,4,29,13,60,0.0,0.0,0.0,0.0,0.0,5,29.2,18.6,53,993.8,296,1.8,-9900,-9900,0.0,0.0
2023,4,29,14,60,0.0,0.0,0.0,0.0,0.0,5,29.5,18.9,53,993.3,298,2.2,-9900,-9900,0.0,0.0
2023,4,29,15,60,0.0,0.0,0.0,0.0,0.0,5,29.7,18.8,52,993.0,302,2.4,-9900,-9900,0.0,0.0
2023,4,29,16,60,0.0,0.0,0.0,0.0,0.0,5,29.3,18.7,53,993.1,288,1.3,-9900,-9900,0.0,0.0
2023,4,29,17,60,0.0,0.0,0.0,0.0,0.0,5,27.3,19.4,62,993.8,314,3.0,-9900,-9900,0.0,0.0
2023,4,29,18,60,0.0,0.0,0.0,0.0,0.0,5,26.1,19.5,67,994.7,329,1.5,-9900,-9900,0.0,0.0
2023,4,29,19,60,0.0,0.0,0.0,0.0,0.0,5,24.6,20.5,78,995.1,36,1.2,-9900,-9900,0.0,0.0
2023,4,29,20,60,0.0,0.0,0.0,0.0,0.0,5,24.4,20.5,79,995.7,6,1.2,-9900,-9900,0.0,0.0
2023,4,29,21,60,0.0,0.0,0.0,0.0,0.0,5,23.6,21.1,86,996.3,33,1.6,-9900,-9900,0.0,0.0
2023,4,29,22,60,0.0,0.0,0.0,0.0,0.0,5,23.1,20.6,86,995.9,20,1.9,-9900,-9900,0.0,0.0
2023,4,29,23,60,0.0,0.0,0.0,0.0,0.0,5,23.0,19.8,82,996.1,75,1.5,-9900,-9900,0.0,0.0
2023,4,29,24,60,0.0,0.0,0.0,0.0,0.0,5,22.1,19.1,83,995.8,92,2.5,-9900,-9900,0.0,0.0
2023,4,30,1,60,0.0,0.0,0.0,0.0,0.0,5,21.8,18.8,83,995.4,91,1.9,-9900,-9900,0.0,0.0
2023,4,30,2,60,0.0,0.0,0.0,0.0,0.0,5,21.5,18.5,83,995.1,69,2.6,-9900,-9900,0.0,0.0
2023,4,30,3,60,0.0,0.0,0.0,0.0,0.0,5,20.2,18.3,89,994.7,48,2.0,-9900,-9900,0.0,0.0
2023,4,30,4,60,0.0,0.0,0.0,0.0,0.0,5,20.2,16.6,80,994.9,86,2.9,-9900,-9900,0.0,0.0
2023,4,30,5,60,0.0,0.0,0.0,0.0,0.0,5,19.8,16.4,81,995.1,91,4.1,-9900,-9900,0.0,0.0
2023,4,30,6,60,0.0,0.0,0.0,0.0,0.0,5,19.6,16.2,81,996.0,65,2.4,-9900,-9900,0.0,0.0
2023,4,30,7,60,0.0,0.0,0.0,0.0,0.0,5,19.6,16.2,81,996.4,72,2.8,-9900,-9900,0.0,0.0
2023,4,30,8,60,0.0,0.0,0.0,0.0,0.0,5,19.9,15.7,77,996.5,69,3.7,-9900,-9900,0.0,0.0
2023,4,30,9,60,0.0,0.0,0.0,0.0,0.0,5,20.2,15.6,75,997.6,73,2.7,-9900,-9900,0.0,0.0
2023,4,30,10,60,0.0,0.0,0.0,0.0,0.0,5,20.2,15.6,75,997.1,86,3.3,-9900,-9900,0.0,0.0
2023,4,30,11,60,0.0,0.0,0.0,0.0,0.0,5,19.8,14.6,72,997.0,67,3.5,-9900,-9900,0.0,0.0
2023,4,30,12,60,0.0,0.0,0.0,0.0,0.0,5,19.7,14.5,72,996.5,81,4.0,-9900,-9900,0.0,0.0
2023,4,30,13,60,0.0,0.0,0.0,0.0,0.0,5,20.4,15.2,72,996.3,77,2.4,-9900,-9900,0.0,0.0
2023,4,30,14,60,0.0,0.0,0.0,0.0,0.0,5,20.0,15.0,73,996.1,96,3.5,-9900,-9900,0.0,0.0
2023,4,30,15,60,0.0,0.0,0.0,0.0,0.0,5,19.8,15.4,76,996.2,82,1.9,-9900,-9900,0.0,0.0
2023,4,30,16,60,0.0,0.0,0.0,0.0,0.0,5,19.0,15.7,81,996.4,62,2.4,-9900,-9900,0.0,0.0
2023,4,30,17,60,0.0,0.0,0.0,0.0,0.0,5,19.1,15.0,77,996.9,84,2.5,-9900,-9900,0.0,0.0
2023,4,30,18,60,0.0,0.0,0.0,0.0,0.0,5,18.9,14.4,75,997.2,71,2.1,-9900,-9900,0.0,0.0
2023,4,30,19,60,0.0,0.0,0.0,0.0,0.0,5,18.7,14.4,76,997.6,79,2.7,-9900,-9900,0.0,0.0
2023,4,30,20,60,0.0,0.0,0.0,0.0,0.0,5,18.7,14.2,75,998.3,79,2.8,-9900,-9900,0.0,0.0
2023,4,30,21,60,0.0,0.0,0.0,0.0,0.0,5,18.7,14.4,76,998.9,68,2.0,-9900,-9900,0.0,0.0
2023,4,30,22,60,0.0,0.0,0.0,0.0,0.0,5,18.6,14.5,77,999.6,78,2.3,-9900,-9900,0.0,0.0
2023,4,30,23,60,0.0,0.0,0.0,0.0,0.0,5,18.8,14.7,77,999.2,80,2.4,-9900,-9900,0.0,0.0
2023,4,30,24,60,0.0,0.0,0.0,0.0,0.0,5,18.7,14.6,77,998.8,91,2.4,-9900,-9900,0.0,0.0
2023,5,1,1,60,0.0,0.0,0.0,0.0,0.0,5,18.6,14.7,78,998.0,85,2.3,-9900,-9900,0.0,0.0
2023,5,1,2,60,0.0,0.0,0.0,0.0,0.0,5,18.6,14.9,79,997.5,75,2.2,-9900,-9900,0.0,0.0
2023,5,1,3,60,0.0,0.0,0.0,0.0,0.0,5,18.5,15.0,80,997.2,70,1.6,-9900,-9900,0.0,0.0
2023,5,1,4,60,0.0,0.0,0.0,0.0,0.0,5,18.5,14.2,76,997.1,78,2.3,-9900,-9900,0.0,0.0
2023,5,1,5,60,0.0,0.0,0.0,0.0,0.0,5,18.7,12.7,68,997.4,74,2.6,-9900,-9900,0.0,0.0
2023,5,1,6,60,0.0,0.0,0.0,0.0,0.0,5,18.8,12.3,66,997.9,85,2.6,-9900,-9900,0.0,0.0
2023,5,1,7,60,0.0,0.0,0.0,0.0,0.0,5,19.2,12.7,66,998.6,76,2.7,-9900,-9900,0.0,0.0
2023,5,1,8,60,0.0,0.0,0.0,0.0,0.0,5,20.2,12.9,63,999.0,79,3.0,-9900,-9900,0.0,0.0
2023,5,1,9,60,0.0,0.0,0.0,0.0,0.0,5,21.6,12.7,57,999.1,70,3.8,-9900,-9900,0.0,0.0
2023,5,1,10,60,0.0,0.0,0.0,0.0,0.0,5,23.1,11.2,47,999.0,81,2.4,-9900,-9900,0.0,0.0
2023,5,1,11,60,0.0,0.0,0.0,0.0,0.0,5,23.8,12.1,48,999.0,72,3.7,-9900,-9900,0.0,0.0
2023,5,1,12,60,0.0,0.0,0.0,0.0,0.0,5,23.8,12.4,49,998.9,89,4.0,-9900,-9900,0.0,0.0
2023,5,1,13,60,0.0,0.0,0.0,0.0,0.0,5,24.9,13.1,48,998.7,76,2.8,-9900,-9900,0.0,0.0
2023,5,1,14,60,0.0,0.0,0.0,0.0,0.0,5,24.1,13.0,50,998.0,65,3.3,-9900,-9900,0.0,0.0
2023,5,1,15,60,0.0,0.0,0.0,0.0,0.0,5,24.1,13.9,53,997.8,91,3.2,-9900,-9900,0.0,0.0
2023,5,1,16,60,0.0,0.0,0.0,0.0,0.0,5,23.1,13.6,55,997.5,86,4.6,-9900,-9900,0.0,0.0
2023,5,1,17,60,0.0,0.0,0.0,0.0,0.0,5,22.4,13.7,58,997.4,85,4.8,-9900,-9900,0.0,0.0
2023,5,1,18,60,0.0,0.0,0.0,0.0,0.0,5,21.9,13.5,59,997.7,88,4.1,-9900,-9900,0.0,0.0
2023,5,1,19,60,0.0,0.0,0.0,0.0,0.0,5,21.5,13.7,61,997.9,92,5.0,-9900,-9900,0.0,0.0
2023,5,1,20,60,0.0,0.0,0.0,0.0,0.0,5,21.3,14.0,63,998.2,92,4.1,-9900,-9900,0.0,0.0
2023,5,1,21,60,0.0,0.0,0.0,0.0,0.0,5,21.3,14.2,64,998.4,99,5.9,-9900,-9900,0.0,0.0
2023,5,1,22,60,0.0,0.0,0.0,0.0,0.0,5,21.4,14.1,63,998.7,93,4.2,-9900,-9900,0.0,0.0
2023,5,1,23,60,0.0,0.0,0.0,0.0,0.0,5,21.6,14.5,64,998.4,96,5.2,-9900,-9900,0.0,0.0
2023,5,1,24,60,0.0,0.0,0.0,0.0,0.0,5,21.7,15.8,69,998.0,97,4.9,-9900,-9900,0.0,0.0
2023,5,2,1,60,0.0,0.0,0.0,0.0,0.0,5,21.5,16.5,73,997.8,97,3.1,-9900,-9900,0.0,0.0
2023,5,2,2,60,0.0,0.0,0.0,0.0,0.0,5,21.6,17.2,76,997.8,103,1.7,-9900,-9900,0.0,0.0
2023,5,2,3,60,0.0,0.0,0.0,0.0,0.0,5,21.7,17.5,77,997.8,103,2.1,-9900,-9900,0.0,0.0
2023,5,2,4,60,0.0,0.0,0.0,0.0,0.0,5,21.7,17.7,78,998.3,103,1.8,-9900,-9900,0.0,0.0
2023,5,2,5,60,0.0,0.0,0.0,0.0,0.0,5,21.3,17.7,80,998.6,138,1.5,-9900,-9900,0.0,0.0
2023,5,2,6,60,0.0,0.0,0.0,0.0,0.0,5,21.2,18.0,82,999.3,131,1.2,-9900,-9900,0.0,0.0
2023,5,2,7,60,0.0,0.0,0.0,0.0,0.0,5,22.1,17.9,77,1000.0,126,1.3,-9900,-9900,0.0,0.0
2023,5,2,8,60,0.0,0.0,0.0,0.0,0.0,5,24.2,18.8,72,1000.1,113,1.3,-9900,-9900,0.0,0.0
2023,5,2,9,60,0.0,0.0,0.0,0.0,0.0,5,26.4,18.5,62,1000.2,91,1.4,-9900,-9900,0.0,0.0
2023,5,2,10,60,0.0,0.0,0.0,0.0,0.0,5,27.3,18.6,59,999.9,96,1.6,-9900,-9900,0.0,0.0
2023,5,2,11,60,0.0,0.0,0.0,0.0,0.0,5,28.3,18.7,56,999.6,4,1.5,-9900,-9900,0.0,0.0
2023,5,2,12,60,0.0,0.0,0.0,0.0,0.0,5,28.7,19.6,58,999.2,320,2.4,-9900,-9900,0.0,0.0
2023,5,2,13,60,0.0,0.0,0.0,0.0,0.0,5,28.1,19.9,61,998.7,335,2.2,-9900,-9900,0.0,0.0
2023,5,2,14,60,0.0,0.0,0.0,0.0,0.0,5,27.2,20.1,65,998.3,319,2.8,-9900,-9900,0.0,0.0
2023,5,2,15,60,0.0,0.0,0.0,0.0,0.0,5,27.7,20.8,66,998.0,343,1.4,-9900,-9900,0.0,0.0
2023,5,2,16,60,0.0,0.0,0.0,0.0,0.0,5,26.2,20.3,70,997.8,320,1.8,-9900,-9900,0.0,0.0
2023,5,2,17,60,0.0,0.0,0.0,0.0,0.0,5,26.7,20.1,67,997.9,278,0.5,-9900,-9900,0.0,0.0
2023,5,2,18,60,0.0,0.0,0.0,0.0,0.0,5,26.6,19.5,65,998.1,34,0.4,-9900,-9900,0.0,0.0
2023,5,2,19,60,0.0,0.0,0.0,0.0,0.0,5,26.3,19.7,67,998.6,335,0.5,-9900,-9900,0.0,0.0
2023,5,2,20,60,0.0,0.0,0.0,0.0,0.0,5,26.0,19.9,69,999.1,23,0.6,-9900,-9900,0.0,0.0
2023,5,2,21,60,0.0,0.0,0.0,0.0,0.0,5,25.6,20.8,75,999.6,23,0.7,-9900,-9900,0.0,0.0
2023,5,2,22,60,0.0,0.0,0.0,0.0,0.0,5,25.2,21.3,79,999.9,47,0.8,-9900,-9900,0.0,0.0
2023,5,2,23,60,0.0,0.0,0.0,0.0,0.0,5,25.3,21.0,77,999.6,88,1.1,-9900,-9900,0.0,0.0
2023,5,2,24,60,0.0,0.0,0.0,0.0,0.0,5,24.7,21.0,80,999.0,110,0.6,-9900,-9900,0.0,0.0
2023,5,3,1,60,0.0,0.0,0.0,0.0,0.0,5,24.3,21.0,82,998.1,105,0.6,-9900,-9900,0.0,0.0
2023,5,3,2,60,0.0,0.0,0.0,0.0,0.0,5,23.8,21.1,85,997.4,122,0.6,-9900,-9900,0.0,0.0
2023,5,3,3,60,0.0,0.0,0.0,0.0,0.0,5,23.4,20.9,86,997.0,0,0.0,-9900,-9900,0.0,0.0
2023,5,3,4,60,0.0,0.0,0.0,0.0,0.0,5,23.3,21.0,87,997.1,121,0.5,-9900,-9900,0.0,0.0
2023,5,3,5,60,0.0,0.0,0.0,0.0,0.0,5,23.1,21.0,88,997.8,0,0.0,-9900,-9900,0.0,0.0
2023,5,3,6,60,0.0,0.0,0.0,0.0,0.0,5,22.8,21.3,91,998.2,281,0.5,-9900,-9900,0.0,0.0
2023,5,3,7,60,0.0,0.0,0.0,0.0,0.0,5,23.6,20.9,85,998.7,285,0.6,-9900,-9900,0.0,0.0
2023,5,3,8,60,0.0,0.0,0.0,0.0,0.0,5,25.0,20.9,78,999.0,310,1.2,-9900,-9900,0.0,0.0
2023,5,3,9,60,0.0,0.0,0.0,0.0,0.0,5,27.8,21.4,68,999.0,3,0.5,-9900,-9900,0.0,0.0
2023,5,3,10,60,0.0,0.0,0.0,0.0,0.0,5,29.1,21.6,64,998.7,334,0.5,-9900,-9900,0.0,0.0
2023,5,3,11,60,0.0,0.0,0.0,0.0,0.0,5,29.4,21.9,64,998.2,1,1.0,-9900,-9900,0.0,0.0
2023,5,3,12,60,0.0,0.0,0.0,0.0,0.0,5,28.6,23.3,73,997.8,316,3.0,-9900,-9900,0.0,0.0
2023,5,3,13,60,0.0,0.0,0.0,0.0,0.0,5,26.6,22.2,77,997.6,321,3.6,-9900,-9900,0.0,0.0
2023,5,3,14,60,0.0,0.0,0.0,0.0,0.0,5,26.6,22.2,77,997.0,317,2.4,-9900,-9900,0.0,0.0
2023,5,3,15,60,0.0,0.0,0.0,0.0,0.0,5,27.2,21.9,73,996.5,319,1.0,-9900,-9900,0.0,0.0
2023,5,3,16,60,0.0,0.0,0.0,0.0,0.0,5,26.5,22.1,77,996.1,311,2.2,-9900,-9900,0.0,0.0
2023,5,3,17,60,0.0,0.0,0.0,0.0,0.0,5,26.6,21.8,75,996.0,37,0.8,-9900,-9900,0.0,0.0
2023,5,3,18,60,0.0,0.0,0.0,0.0,0.0,5,26.7,21.5,73,996.0,46,1.0,-9900,-9900,0.0,0.0
2023,5,3,19,60,0.0,0.0,0.0,0.0,0.0,5,25.7,21.8,79,996.6,359,1.0,-9900,-9900,0.0,0.0
2023,5,3,20,60,0.0,0.0,0.0,0.0,0.0,5,25.3,21.2,78,996.8,333,0.3,-9900,-9900,0.0,0.0
2023,5,3,21,60,0.0,0.0,0.0,0.0,0.0,5,25.5,20.7,75,997.2,321,1.1,-9900,-9900,0.0,0.0
2023,5,3,22,60,0.0,0.0,0.0,0.0,0.0,5,24.8,21.7,83,996.9,359,0.4,-9900,-9900,0.0,0.0
2023,5,3,23,60,0.0,0.0,0.0,0.0,0.0,5,23.9,21.8,88,996.6,76,0.3,-9900,-9900,0.0,0.0
2023,5,3,24,60,0.0,0.0,0.0,0.0,0.0,5,24.2,21.7,86,996.3,317,1.1,-9900,-9900,0.0,0.0
2023,5,4,1,60,0.0,0.0,0.0,0.0,0.0,5,23.9,21.8,88,995.8,271,1.0,-9900,-9900,0.0,0.0
2023,5,4,2,60,0.0,0.0,0.0,0.0,0.0,5,23.4,21.8,91,995.0,68,0.7,-9900,-9900,0.0,0.0
2023,5,4,3,60,0.0,0.0,0.0,0.0,0.0,5,23.3,21.7,91,994.6,15,0.3,-9900,-9900,0.0,0.0
2023,5,4,4,60,0.0,0.0,0.0,0.0,0.0,5,23.1,21.9,93,994.4,27,0.5,-9900,-9900,0.0,0.0
2023,5,4,5,60,0.0,0.0,0.0,0.0,0.0,5,22.8,21.8,94,994.8,0,0.2,-9900,-9900,0.0,0.0
2023,5,4,6,60,0.0,0.0,0.0,0.0,0.0,5,22.4,21.7,96,995.3,309,0.9,-9900,-9900,0.0,0.0
2023,5,4,7,60,0.0,0.0,0.0,0.0,0.0,5,23.6,20.9,85,995.6,268,0.7,-9900,-9900,0.0,0.0
2023,5,4,8,60,0.0,0.0,0.0,0.0,0.0,5,25.9,19.5,68,996.1,312,1.1,-9900,-9900,0.0,0.0
2023,5,4,9,60,0.0,0.0,0.0,0.0,0.0,5,26.2,19.8,68,996.3,320,1.0,-9900,-9900,0.0,0.0
2023,5,4,10,60,0.0,0.0,0.0,0.0,0.0,5,28.3,21.1,65,995.8,0,0.0,-9900,-9900,0.0,0.0
2023,5,4,11,60,0.0,0.0,0.0,0.0,0.0,5,28.6,21.4,65,994.9,319,2.0,-9900,-9900,0.0,0.0
2023,5,4,12,60,0.0,0.0,0.0,0.0,0.0,5,28.6,22.1,68,994.2,330,1.6,-9900,-9900,0.0,0.0
2023,5,4,13,60,0.0,0.0,0.0,0.0,0.0,5,29.0,21.2,63,993.1,13,1.6,-9900,-9900,0.0,0.0
2023,5,4,14,60,0.0,0.0,0.0,0.0,0.0,5,28.5,21.5,66,992.5,358,1.8,-9900,-9900,0.0,0.0
2023,5,4,15,60,0.0,0.0,0.0,0.0,0.0,5,27.6,21.6,70,992.0,343,1.9,-9900,-9900,0.0,0.0
2023,5,4,16,60,0.0,0.0,0.0,0.0,0.0,5,27.4,21.9,72,991.9,351,1.6,-9900,-9900,0.0,0.0
2023,5,4,17,60,0.0,0.0,0.0,0.0,0.0,5,26.7,21.5,73,992.2,6,1.3,-9900,-9900,0.0,0.0
2023,5,4,18,60,0.0,0.0,0.0,0.0,0.0,5,25.9,21.3,76,991.8,28,1.1,-9900,-9900,0.0,0.0
2023,5,4,19,60,0.0,0.0,0.0,0.0,0.0,5,25.4,21.5,79,992.0,5,1.2,-9900,-9900,0.0,0.0
2023,5,4,20,60,0.0,0.0,0.0,0.0,0.0,5,25.1,21.4,80,992.3,355,0.4,-9900,-9900,0.0,0.0
2023,5,4,21,60,0.0,0.0,0.0,0.0,0.0,5,25.1,21.6,81,992.4,52,0.6,-9900,-9900,0.0,0.0
2023,5,4,22,60,0.0,0.0,0.0,0.0,0.0,5,25.9,21.6,77,992.3,0,0.0,-9900,-9900,0.0,0.0
2023,5,4,23,60,0.0,0.0,0.0,0.0,0.0,5,26.0,21.7,77,991.9,0,0.0,-9900,-9900,0.0,0.0
2023,5,4,24,60,0.0,0.0,0.0,0.0,0.0,5,26.2,21.8,77,991.8,111,0.3,-9900,-9900,0.0,0.0
2023,5,5,1,60,0.0,0.0,0.0,0.0,0.0,5,26.1,21.8,77,991.3,0,0.0,-9900,-9900,0.0,0.0
2023,5,5,2,60,0.0,0.0,0.0,0.0,0.0,5,26.1,21.8,77,991.3,261,0.6,-9900,-9900,0.0,0.0
2023,5,5,3,60,0.0,0.0,0.0,0.0,0.0,5,26.1,20.9,73,990.9,258,1.6,-9900,-9900,0.0,0.0
2023,5,5,4,60,0.0,0.0,0.0,0.0,0.0,5,25.5,21.0,76,991.1,265,1.4,-9900,-9900,0.0,0.0
2023,5,5,5,60,0.0,0.0,0.0,0.0,0.0,5,25.2,21.1,78,991.0,165,0.7,-9900,-9900,0.0,0.0
2023,5,5,6,60,0.0,0.0,0.0,0.0,0.0,5,24.9,21.0,79,991.0,185,0.9,-9900,-9900,0.0,0.0
2023,5,5,7,60,0.0,0.0,0.0,0.0,0.0,5,26.0,21.2,75,991.1,185,0.7,-9900,-9900,0.0,0.0
2023,5,5,8,60,0.0,0.0,0.0,0.0,0.0,5,28.0,21.5,68,991.2,168,0.5,-9900,-9900,0.0,0.0
2023,5,5,9,60,0.0,0.0,0.0,0.0,0.0,5,30.7,20.6,55,990.8,180,0.5,-9900,-9900,0.0,0.0
2023,5,5,10,60,0.0,0.0,0.0,0.0,0.0,5,30.3,20.0,54,990.4,266,2.6,-9900,-9900,0.0,0.0
2023,5,5,11,60,0.0,0.0,0.0,0.0,0.0,5,32.0,20.6,51,989.8,221,0.4,-9900,-9900,0.0,0.0
2023,5,5,12,60,0.0,0.0,0.0,0.0,0.0,5,32.2,21.7,54,989.0,277,2.3,-9900,-9900,0.0,0.0
2023,5,5,13,60,0.0,0.0,0.0,0.0,0.0,5,32.0,22.7,58,988.6,270,3.3,-9900,-9900,0.0,0.0
2023,5,5,14,60,0.0,0.0,0.0,0.0,0.0,5,31.0,22.6,61,988.1,263,3.4,-9900,-9900,0.0,0.0
2023,5,5,15,60,0.0,0.0,0.0,0.0,0.0,5,29.3,22.0,65,988.1,266,3.9,-9900,-9900,0.0,0.0
2023,5,5,16,60,0.0,0.0,0.0,0.0,0.0,5,29.2,22.4,67,988.3,270,2.4,-9900,-9900,0.0,0.0
2023,5,5,17,60,0.0,0.0,0.0,0.0,0.0,5,28.8,21.8,66,987.8,263,2.9,-9900,-9900,0.0,0.0
2023,5,5,18,60,0.0,0.0,0.0,0.0,0.0,5,28.7,21.5,65,987.6,261,2.4,-9900,-9900,0.0,0.0
2023,5,5,19,60,0.0,0.0,0.0,0.0,0.0,5,28.4,21.9,68,988.1,265,1.8,-9900,-9900,0.0,0.0
2023,5,5,20,60,0.0,0.0,0.0,0.0,0.0,5,28.1,22.3,71,989.0,278,1.0,-9900,-9900,0.0,0.0
2023,5,5,21,60,0.0,0.0,0.0,0.0,0.0,5,28.0,22.3,71,989.4,140,0.8,-9900,-9900,0.0,0.0
2023,5,5,22,60,0.0,0.0,0.0,0.0,0.0,5,27.8,22.3,72,989.7,162,0.4,-9900,-9900,0.0,0.0
2023,5,5,23,60,0.0,0.0,0.0,0.0,0.0,5,27.7,22.4,73,989.6,121,0.9,-9900,-9900,0.0,0.0
2023,5,5,24,60,0.0,0.0,0.0,0.0,0.0,5,26.9,22.9,79,989.1,32,1.2,-9900,-9900,0.0,0.0
2023,5,6,1,60,0.0,0.0,0.0,0.0,0.0,5,26.5,23.0,81,988.8,353,0.6,-9900,-9900,0.0,0.0
2023,5,6,2,60,0.0,0.0,0.0,0.0,0.0,5,26.2,22.9,82,988.6,274,0.4,-9900,-9900,0.0,0.0
2023,5,6,3,60,0.0,0.0,0.0,0.0,0.0,5,26.3,22.8,81,988.4,0,0.0,-9900,-9900,0.0,0.0
2023,5,6,4,60,0.0,0.0,0.0,0.0,0.0,5,25.9,22.6,82,988.5,97,0.8,-9900,-9900,0.0,0.0
2023,5,6,5,60,0.0,0.0,0.0,0.0,0.0,5,25.9,22.4,81,988.9,98,0.5,-9900,-9900,0.0,0.0
2023,5,6,6,60,0.0,0.0,0.0,0.0,0.0,5,25.6,22.3,82,989.6,100,0.9,-9900,-9900,0.0,0.0
2023,5,6,7,60,0.0,0.0,0.0,0.0,0.0,5,26.3,22.2,78,989.9,0,0.0,-9900,-9900,0.0,0.0
2023,5,6,8,60,0.0,0.0,0.0,0.0,0.0,5,27.5,22.0,72,989.9,127,0.4,-9900,-9900,0.0,0.0
2023,5,6,9,60,0.0,0.0,0.0,0.0,0.0,5,27.8,21.6,69,989.8,190,0.4,-9900,-9900,0.0,0.0
2023,5,6,10,60,0.0,0.0,0.0,0.0,0.0,5,30.7,20.0,53,989.7,285,0.5,-9900,-9900,0.0,0.0
2023,5,6,11,60,0.0,0.0,0.0,0.0,0.0,5,31.2,20.5,53,989.5,301,3.0,-9900,-9900,0.0,0.0
2023,5,6,12,60,0.0,0.0,0.0,0.0,0.0,5,30.6,19.9,53,989.1,266,3.2,-9900,-9900,0.0,0.0
2023,5,6,13,60,0.0,0.0,0.0,0.0,0.0,5,31.3,20.0,51,988.4,275,2.4,-9900,-9900,0.0,0.0
2023,5,6,14,60,0.0,0.0,0.0,0.0,0.0,5,31.2,19.5,50,988.1,281,2.6,-9900,-9900,0.0,0.0
2023,5,6,15,60,0.0,0.0,0.0,0.0,0.0,5,30.2,18.6,50,987.5,264,3.2,-9900,-9900,0.0,0.0
2023,5,6,16,60,0.0,0.0,0.0,0.0,0.0,5,30.5,19.2,51,986.8,262,2.4,-9900,-9900,0.0,0.0
2023,5,6,17,60,0.0,0.0,0.0,0.0,0.0,5,30.1,19.5,53,986.1,266,1.7,-9900,-9900,0.0,0.0
2023,5,6,18,60,0.0,0.0,0.0,0.0,0.0,5,29.4,19.7,56,987.4,275,1.6,-9900,-9900,0.0,0.0
2023,5,6,19,60,0.0,0.0,0.0,0.0,0.0,5,28.7,18.8,55,988.3,263,2.0,-9900,-9900,0.0,0.0
2023,5,6,20,60,0.0,0.0,0.0,0.0,0.0,5,27.6,20.2,64,989.7,269,1.9,-9900,-9900,0.0,0.0
2023,5,6,21,60,0.0,0.0,0.0,0.0,0.0,5,25.8,22.9,84,990.6,269,2.2,-9900,-9900,0.0,0.0
2023,5,6,22,60,0.0,0.0,0.0,0.0,0.0,5,24.5,22.6,89,989.6,263,1.1,-9900,-9900,0.0,0.0
2023,5,6,23,60,0.0,0.0,0.0,0.0,0.0,5,24.5,22.0,86,988.5,243,0.6,-9900,-9900,0.0,0.0
2023,5,6,24,60,0.0,0.0,0.0,0.0,0.0,5,24.7,21.6,83,988.2,180,0.7,-9900,-9900,0.0,0.0
2023,5,7,1,60,0.0,0.0,0.0,0.0,0.0,5,25.7,20.3,72,988.5,259,2.1,-9900,-9900,0.0,0.0
2023,5,7,2,60,0.0,0.0,0.0,0.0,0.0,5,24.1,20.4,80,987.5,171,1.6,-9900,-9900,0.0,0.0
2023,5,7,3,60,0.0,0.0,0.0,0.0,0.0,5,24.7,19.3,72,985.2,141,0.9,-9900,-9900,0.0,0.0
2023,5,7,4,60,0.0,0.0,0.0,0.0,0.0,5,25.1,19.0,69,986.2,104,0.9,-9900,-9900,0.0,0.0
2023,5,7,5,60,0.0,0.0,0.0,0.0,0.0,5,24.4,20.3,78,987.2,141,1.3,-9900,-9900,0.0,0.0
2023,5,7,6,60,0.0,0.0,0.0,0.0,0.0,5,24.1,21.2,84,987.6,140,1.1,-9900,-9900,0.0,0.0
2023,5,7,7,60,0.0,0.0,0.0,0.0,0.0,5,25.5,19.6,70,988.3,235,0.5,-9900,-9900,0.0,0.0
2023,5,7,8,60,0.0,0.0,0.0,0.0,0.0,5,26.5,19.4,65,989.4,270,0.7,-9900,-9900,0.0,0.0
2023,5,7,9,60,0.0,0.0,0.0,0.0,0.0,5,25.9,19.5,68,990.0,256,2.3,-9900,-9900,0.0,0.0
2023,5,7,10,60,0.0,0.0,0.0,0.0,0.0,5,26.8,19.4,64,989.8,266,1.9,-9900,-9900,0.0,0.0
2023,5,7,11,60,0.0,0.0,0.0,0.0,0.0,5,27.0,20.4,67,989.7,268,1.4,-9900,-9900,0.0,0.0
2023,5,7,12,60,0.0,0.0,0.0,0.0,0.0,5,27.0,20.8,69,989.6,279,1.4,-9900,-9900,0.0,0.0
2023,5,7,13,60,0.0,0.0,0.0,0.0,0.0,5,22.4,21.6,95,990.4,360,2.8,-9900,-9900,0.0,0.0
2023,5,7,14,60,0.0,0.0,0.0,0.0,0.0,5,21.3,20.6,96,990.4,357,2.1,-9900,-9900,0.0,0.0
2023,5,7,15,60,0.0,0.0,0.0,0.0,0.0,5,20.6,19.8,95,990.6,27,2.3,-9900,-9900,0.0,0.0
2023,5,7,16,60,0.0,0.0,0.0,0.0,0.0,5,20.2,19.0,93,990.8,36,3.0,-9900,-9900,0.0,0.0
2023,5,7,17,60,0.0,0.0,0.0,0.0,0.0,5,19.6,18.6,94,991.6,51,1.7,-9900,-9900,0.0,0.0
2023,5,7,18,60,0.0,0.0,0.0,0.0,0.0,5,19.4,18.4,94,992.1,31,1.5,-9900,-9900,0.0,0.0
2023,5,7,19,60,0.0,0.0,0.0,0.0,0.0,5,19.0,18.0,94,992.9,32,2.6,-9900,-9900,0.0,0.0
2023,5,7,20,60,0.0,0.0,0.0,0.0,0.0,5,18.7,17.9,95,993.7,53,1.5,-9900,-9900,0.0,0.0
2023,5,7,21,60,0.0,0.0,0.0,0.0,0.0,5,18.9,17.6,92,994.5,88,1.9,-9900,-9900,0.0,0.0
2023,5,7,22,60,0.0,0.0,0.0,0.0,0.0,5,18.7,17.2,91,995.2,90,2.9,-9900,-9900,0.0,0.0
2023,5,7,23,60,0.0,0.0,0.0,0.0,0.0,5,18.6,16.8,89,995.1,86,2.9,-9900,-9900,0.0,0.0
2023,5,7,24,60,0.0,0.0,0.0,0.0,0.0,5,18.5,16.3,87,994.5,92,3.9,-9900,-9900,0.0,0.0
2023,5,8,1,60,0.0,0.0,0.0,0.0,0.0,5,18.0,17.0,94,994.5,74,2.9,-9900,-9900,0.0,0.0
2023,5,8,2,60,0.0,0.0,0.0,0.0,0.0,5,18.2,16.9,92,994.0,87,3.1,-9900,-9900,0.0,0.0
2023,5,8,3,60,0.0,0.0,0.0,0.0,0.0,5,18.1,16.9,93,993.8,72,2.2,-9900,-9900,0.0,0.0
2023,5,8,4,60,0.0,0.0,0.0,0.0,0.0,5,17.7,16.2,91,994.0,95,3.1,-9900,-9900,0.0,0.0
2023,5,8,5,60,0.0,0.0,0.0,0.0,0.0,5,17.6,16.6,94,994.5,77,1.8,-9900,-9900,0.0,0.0
2023,5,8,6,60,0.0,0.0,0.0,0.0,0.0,5,17.3,16.5,95,995.1,79,1.9,-9900,-9900,0.0,0.0
2023,5,8,7,60,0.0,0.0,0.0,0.0,0.0,5,17.6,16.8,95,996.0,59,1.3,-9900,-9900,0.0,0.0
2023,5,8,8,60,0.0,0.0,0.0,0.0,0.0,5,17.8,16.8,94,996.3,89,1.6,-9900,-9900,0.0,0.0
2023,5,8,9,60,0.0,0.0,0.0,0.0,0.0,5,18.1,16.8,92,997.0,78,1.6,-9900,-9900,0.0,0.0
2023,5,8,10,60,0.0,0.0,0.0,0.0,0.0,5,18.6,16.9,90,997.6,86,1.1,-9900,-9900,0.0,0.0
2023,5,8,11,60,0.0,0.0,0.0,0.0,0.0,5,18.9,17.0,89,997.7,104,0.9,-9900,-9900,0.0,0.0
2023,5,8,12,60,0.0,0.0,0.0,0.0,0.0,5,19.4,17.5,89,997.2,82,1.7,-9900,-9900,0.0,0.0
2023,5,8,13,60,0.0,0.0,0.0,0.0,0.0,5,19.7,17.8,89,996.7,90,1.9,-9900,-9900,0.0,0.0
2023,5,8,14,60,0.0,0.0,0.0,0.0,0.0,5,19.4,17.9,91,996.5,53,1.8,-9900,-9900,0.0,0.0
2023,5,8,15,60,0.0,0.0,0.0,0.0,0.0,5,19.6,17.4,87,996.3,69,1.4,-9900,-9900,0.0,0.0
2023,5,8,16,60,0.0,0.0,0.0,0.0,0.0,5,19.2,17.0,87,996.4,66,1.4,-9900,-9900,0.0,0.0
2023,5,8,17,60,0.0,0.0,0.0,0.0,0.0,5,19.4,15.9,80,996.7,57,2.5,-9900,-9900,0.0,0.0
2023,5,8,18,60,0.0,0.0,0.0,0.0,0.0,5,19.5,16.2,81,997.2,64,1.5,-9900,-9900,0.0,0.0
2023,5,8,19,60,0.0,0.0,0.0,0.0,0.0,5,18.9,16.5,86,997.6,94,2.1,-9900,-9900,0.0,0.0
2023,5,8,20,60,0.0,0.0,0.0,0.0,0.0,5,18.9,16.5,86,998.2,87,2.3,-9900,-9900,0.0,0.0
2023,5,8,21,60,0.0,0.0,0.0,0.0,0.0,5,18.7,16.3,86,998.5,93,2.1,-9900,-9900,0.0,0.0
2023,5,8,22,60,0.0,0.0,0.0,0.0,0.0,5,18.6,16.4,87,999.0,96,2.2,-9900,-9900,0.0,0.0
2023,5,8,23,60,0.0,0.0,0.0,0.0,0.0,5,18.6,16.0,85,998.3,85,2.1,-9900,-9900,0.0,0.0
2023,5,8,24,60,0.0,0.0,0.0,0.0,0.0,5,18.8,15.7,82,997.9,70,2.1,-9900,-9900,0.0,0.0
2023,5,9,1,60,0.0,0.0,0.0,0.0,0.0,5,18.8,15.7,82,997.5,79,2.4,-9900,-9900,0.0,0.0
2023,5,9,2,60,0.0,0.0,0.0,0.0,0.0,5,18.7,15.4,81,997.5,68,1.7,-9900,-9900,0.0,0.0
2023,5,9,3,60,0.0,0.0,0.0,0.0,0.0,5,18.7,15.4,81,997.6,77,2.1,-9900,-9900,0.0,0.0
2023,5,9,4,60,0.0,0.0,0.0,0.0,0.0,5,19.0,14.9,77,997.8,68,1.5,-9900,-9900,0.0,0.0
2023,5,9,5,60,0.0,0.0,0.0,0.0,0.0,5,18.9,14.4,75,998.0,86,1.8,-9900,-9900,0.0,0.0
2023,5,9,6,60,0.0,0.0,0.0,0.0,0.0,5,18.6,15.1,80,998.4,91,2.1,-9900,-9900,0.0,0.0
2023,5,9,7,60,0.0,0.0,0.0,0.0,0.0,5,18.8,14.9,78,999.0,89,2.5,-9900,-9900,0.0,0.0
2023,5,9,8,60,0.0,0.0,0.0,0.0,0.0,5,18.8,14.5,76,999.0,74,2.1,-9900,-9900,0.0,0.0
2023,5,9,9,60,0.0,0.0,0.0,0.0,0.0,5,19.6,13.5,68,999.2,84,2.6,-9900,-9900,0.0,0.0
2023,5,9,10,60,0.0,0.0,0.0,0.0,0.0,5,20.3,13.0,63,999.0,67,2.6,-9900,-9900,0.0,0.0
2023,5,9,11,60,0.0,0.0,0.0,0.0,0.0,5,20.6,12.8,61,998.6,74,2.8,-9900,-9900,0.0,0.0
2023,5,9,12,60,0.0,0.0,0.0,0.0,0.0,5,20.6,12.8,61,998.4,89,3.4,-9900,-9900,0.0,0.0
2023,5,9,13,60,0.0,0.0,0.0,0.0,0.0,5,20.6,12.8,61,998.3,80,1.8,-9900,-9900,0.0,0.0
2023,5,9,14,60,0.0,0.0,0.0,0.0,0.0,5,20.2,12.4,61,997.6,75,2.8,-9900,-9900,0.0,0.0
2023,5,9,15,60,0.0,0.0,0.0,0.0,0.0,5,20.2,12.4,61,997.4,86,3.0,-9900,-9900,0.0,0.0
2023,5,9,16,60,0.0,0.0,0.0,0.0,0.0,5,19.8,11.8,60,996.9,75,3.2,-9900,-9900,0.0,0.0
2023,5,9,17,60,0.0,0.0,0.0,0.0,0.0,5,19.6,12.1,62,996.7,74,2.3,-9900,-9900,0.0,0.0
2023,5,9,18,60,0.0,0.0,0.0,0.0,0.0,5,19.3,11.8,62,996.9,70,2.9,-9900,-9900,0.0,0.0
2023,5,9,19,60,0.0,0.0,0.0,0.0,0.0,5,19.1,12.4,65,997.4,80,3.0,-9900,-9900,0.0,0.0
2023,5,9,20,60,0.0,0.0,0.0,0.0,0.0,5,19.1,12.6,66,998.1,74,2.4,-9900,-9900,0.0,0.0
2023,5,9,21,60,0.0,0.0,0.0,0.0,0.0,5,18.9,12.6,67,998.5,68,2.4,-9900,-9900,0.0,0.0
2023,5,9,22,60,0.0,0.0,0.0,0.0,0.0,5,19.0,12.7,67,998.8,71,2.2,-9900,-9900,0.0,0.0
2023,5,9,23,60,0.0,0.0,0.0,0.0,0.0,5,19.0,13.0,68,998.5,73,2.2,-9900,-9900,0.0,0.0
2023,5,9,24,60,0.0,0.0,0.0,0.0,0.0,5,18.9,12.9,68,998.3,72,2.4,-9900,-9900,0.0,0.0
2023,5,10,1,60,0.0,0.0,0.0,0.0,0.0,5,18.9,13.1,69,997.9,66,2.2,-9900,-9900,0.0,0.0
2023,5,10,2,60,0.0,0.0,0.0,0.0,0.0,5,18.9,13.3,70,997.7,66,2.6,-9900,-9900,0.0,0.0
2023,5,10,3,60,0.0,0.0,0.0,0.0,0.0,5,18.9,12.9,68,997.7,65,1.7,-9900,-9900,0.0,0.0
2023,5,10,4,60,0.0,0.0,0.0,0.0,0.0,5,18.9,12.9,68,997.7,72,1.9,-9900,-9900,0.0,0.0
2023,5,10,5,60,0.0,0.0,0.0,0.0,0.0,5,18.8,13.0,69,998.2,59,2.0,-9900,-9900,0.0,0.0
2023,5,10,6,60,0.0,0.0,0.0,0.0,0.0,5,18.8,13.0,69,998.5,73,2.5,-9900,-9900,0.0,0.0
2023,5,10,7,60,0.0,0.0,0.0,0.0,0.0,5,19.5,13.4,68,998.5,70,2.3,-9900,-9900,0.0,0.0
2023,5,10,8,60,0.0,0.0,0.0,0.0,0.0,5,20.5,13.5,64,998.9,88,2.6,-9900,-9900,0.0,0.0
2023,5,10,9,60,0.0,0.0,0.0,0.0,0.0,5,21.5,13.7,61,998.9,82,2.9,-9900,-9900,0.0,0.0
2023,5,10,10,60,0.0,0.0,0.0,0.0,0.0,5,22.4,13.7,58,998.6,76,2.8,-9900,-9900,0.0,0.0
2023,5,10,11,60,0.0,0.0,0.0,0.0,0.0,5,23.9,11.9,47,998.2,59,2.4,-9900,-9900,0.0,0.0
2023,5,10,12,60,0.0,0.0,0.0,0.0,0.0,5,25.4,12.9,46,997.4,73,1.7,-9900,-9900,0.0,0.0
2023,5,10,13,60,0.0,0.0,0.0,0.0,0.0,5,25.4,13.3,47,996.4,89,3.0,-9900,-9900,0.0,0.0
2023,5,10,14,60,0.0,0.0,0.0,0.0,0.0,5,25.5,13.4,47,996.5,79,2.2,-9900,-9900,0.0,0.0
2023,5,10,15,60,0.0,0.0,0.0,0.0,0.0,5,24.1,16.1,61,996.5,17,1.9,-9900,-9900,0.0,0.0
2023,5,10,16,60,0.0,0.0,0.0,0.0,0.0,5,23.1,16.6,67,996.5,17,2.4,-9900,-9900,0.0,0.0
2023,5,10,17,60,0.0,0.0,0.0,0.0,0.0,5,23.2,15.8,63,996.4,79,2.3,-9900,-9900,0.0,0.0
2023,5,10,18,60,0.0,0.0,0.0,0.0,0.0,5,22.3,16.1,68,997.0,88,1.7,-9900,-9900,0.0,0.0
2023,5,10,19,60,0.0,0.0,0.0,0.0,0.0,5,21.4,16.1,72,997.3,75,1.8,-9900,-9900,0.0,0.0
2023,5,10,20,60,0.0,0.0,0.0,0.0,0.0,5,20.9,16.3,75,997.7,90,3.0,-9900,-9900,0.0,0.0
2023,5,10,21,60,0.0,0.0,0.0,0.0,0.0,5,20.8,16.4,76,998.0,90,2.5,-9900,-9900,0.0,0.0
2023,5,10,22,60,0.0,0.0,0.0,0.0,0.0,5,20.6,16.8,79,998.5,86,1.8,-9900,-9900,0.0,0.0
2023,5,10,23,60,0.0,0.0,0.0,0.0,0.0,5,20.5,16.9,80,998.5,94,2.3,-9900,-9900,0.0,0.0
2023,5,10,24,60,0.0,0.0,0.0,0.0,0.0,5,20.5,16.9,80,998.1,85,1.8,-9900,-9900,0.0,0.0
2023,5,11,1,60,0.0,0.0,0.0,0.0,0.0,5,20.6,17.2,81,997.5,86,2.0,-9900,-9900,0.0,0.0
2023,5,11,2,60,0.0,0.0,0.0,0.0,0.0,5,20.7,16.9,79,997.2,87,1.5,-9900,-9900,0.0,0.0
2023,5,11,3,60,0.0,0.0,0.0,0.0,0.0,5,21.0,16.6,76,997.1,79,1.7,-9900,-9900,0.0,0.0
2023,5,11,4,60,0.0,0.0,0.0,0.0,0.0,5,21.0,17.4,80,997.2,77,1.3,-9900,-9900,0.0,0.0
2023,5,11,5,60,0.0,0.0,0.0,0.0,0.0,5,20.8,17.2,80,997.8,107,0.3,-9900,-9900,0.0,0.0
2023,5,11,6,60,0.0,0.0,0.0,0.0,0.0,5,20.5,16.9,80,998.1,156,0.4,-9900,-9900,0.0,0.0
2023,5,11,7,60,0.0,0.0,0.0,0.0,0.0,5,21.5,17.5,78,998.8,0,0.0,-9900,-9900,0.0,0.0
2023,5,11,8,60,0.0,0.0,0.0,0.0,0.0,5,22.3,17.9,76,999.2,65,1.3,-9900,-9900,0.0,0.0
2023,5,11,9,60,0.0,0.0,0.0,0.0,0.0,5,23.2,17.9,72,999.3,136,1.1,-9900,-9900,0.0,0.0
2023,5,11,10,60,0.0,0.0,0.0,0.0,0.0,5,25.1,17.1,61,999.1,44,1.8,-9900,-9900,0.0,0.0
2023,5,11,11,60,0.0,0.0,0.0,0.0,0.0,5,25.7,17.4,60,998.6,69,1.5,-9900,-9900,0.0,0.0
2023,5,11,12,60,0.0,0.0,0.0,0.0,0.0,5,26.5,17.8,59,998.1,64,0.4,-9900,-9900,0.0,0.0
2023,5,11,13,60,0.0,0.0,0.0,0.0,0.0,5,26.1,18.3,62,997.3,86,1.9,-9900,-9900,0.0,0.0
2023,5,11,14,60,0.0,0.0,0.0,0.0,0.0,5,26.3,19.7,67,997.0,35,1.4,-9900,-9900,0.0,0.0
2023,5,11,15,60,0.0,0.0,0.0,0.0,0.0,5,26.5,18.6,62,997.0,55,1.4,-9900,-9900,0.0,0.0
2023,5,11,16,60,0.0,0.0,0.0,0.0,0.0,5,25.7,18.6,65,997.0,81,1.8,-9900,-9900,0.0,0.0
2023,5,11,17,60,0.0,0.0,0.0,0.0,0.0,5,25.6,18.3,64,997.2,95,1.5,-9900,-9900,0.0,0.0
2023,5,11,18,60,0.0,0.0,0.0,0.0,0.0,5,24.1,19.6,76,997.9,9,1.3,-9900,-9900,0.0,0.0
2023,5,11,19,60,0.0,0.0,0.0,0.0,0.0,5,24.1,18.7,72,998.3,73,1.2,-9900,-9900,0.0,0.0
2023,5,11,20,60,0.0,0.0,0.0,0.0,0.0,5,23.7,18.4,72,997.9,105,1.6,-9900,-9900,0.0,0.0
2023,5,11,21,60,0.0,0.0,0.0,0.0,0.0,5,23.3,18.2,73,997.8,98,1.8,-9900,-9900,0.0,0.0
2023,5,11,22,60,0.0,0.0,0.0,0.0,0.0,5,23.0,18.3,75,998.1,94,2.0,-9900,-9900,0.0,0.0
2023,5,11,23,60,0.0,0.0,0.0,0.0,0.0,5,22.9,17.8,73,998.2,0,0.2,-9900,-9900,0.0,0.0
2023,5,11,24,60,0.0,0.0,0.0,0.0,0.0,5,22.7,18.0,75,997.6,93,0.4,-9900,-9900,0.0,0.0
2023,5,12,1,60,0.0,0.0,0.0,0.0,0.0,5,22.5,18.1,76,997.2,0,0.2,-9900,-9900,0.0,0.0
2023,5,12,2,60,0.0,0.0,0.0,0.0,0.0,5,22.4,18.4,78,997.2,0,0.0,-9900,-9900,0.0,0.0
2023,5,12,3,60,0.0,0.0,0.0,0.0,0.0,5,22.2,18.4,79,997.0,182,0.7,-9900,-9900,0.0,0.0
2023,5,12,4,60,0.0,0.0,0.0,0.0,0.0,5,21.8,18.6,82,996.6,182,0.3,-9900,-9900,0.0,0.0
2023,5,12,5,60,0.0,0.0,0.0,0.0,0.0,5,22.2,18.4,79,997.3,293,0.7,-9900,-9900,0.0,0.0
2023,5,12,6,60,0.0,0.0,0.0,0.0,0.0,5,22.1,18.7,81,997.9,183,0.5,-9900,-9900,0.0,0.0
2023,5,12,7,60,0.0,0.0,0.0,0.0,0.0,5,22.8,19.4,81,998.6,112,0.3,-9900,-9900,0.0,0.0
2023,5,12,8,60,0.0,0.0,0.0,0.0,0.0,5,24.0,19.5,76,998.8,0,0.0,-9900,-9900,0.0,0.0
2023,5,12,9,60,0.0,0.0,0.0,0.0,0.0,5,24.1,19.0,73,998.8,122,0.5,-9900,-9900,0.0,0.0
2023,5,12,10,60,0.0,0.0,0.0,0.0,0.0,5,25.2,19.3,70,998.7,180,0.6,-9900,-9900,0.0,0.0
2023,5,12,11,60,0.0,0.0,0.0,0.0,0.0,5,25.1,19.7,72,998.4,294,1.6,-9900,-9900,0.0,0.0
2023,5,12,12,60,0.0,0.0,0.0,0.0,0.0,5,24.6,20.1,76,998.1,314,1.9,-9900,-9900,0.0,0.0
2023,5,12,13,60,0.0,0.0,0.0,0.0,0.0,5,24.8,20.7,78,997.4,322,2.0,-9900,-9900,0.0,0.0
2023,5,12,14,60,0.0,0.0,0.0,0.0,0.0,5,24.0,20.7,82,997.2,316,2.5,-9900,-9900,0.0,0.0
2023,5,12,15,60,0.0,0.0,0.0,0.0,0.0,5,23.4,20.7,85,996.6,319,2.6,-9900,-9900,0.0,0.0
2023,5,12,16,60,0.0,0.0,0.0,0.0,0.0,5,23.3,20.4,84,996.4,316,2.1,-9900,-9900,0.0,0.0
2023,5,12,17,60,0.0,0.0,0.0,0.0,0.0,5,23.3,20.1,82,996.6,321,1.2,-9900,-9900,0.0,0.0
2023,5,12,18,60,0.0,0.0,0.0,0.0,0.0,5,22.5,20.6,89,997.4,336,1.1,-9900,-9900,0.0,0.0
2023,5,12,19,60,0.0,0.0,0.0,0.0,0.0,5,22.0,20.5,91,997.5,355,0.8,-9900,-9900,0.0,0.0
2023,5,12,20,60,0.0,0.0,0.0,0.0,0.0,5,22.1,20.2,89,998.0,13,1.1,-9900,-9900,0.0,0.0
2023,5,12,21,60,0.0,0.0,0.0,0.0,0.0,5,22.2,20.3,89,998.2,4,0.5,-9900,-9900,0.0,0.0
2023,5,12,22,60,0.0,0.0,0.0,0.0,0.0,5,22.2,20.3,89,998.1,58,0.5,-9900,-9900,0.0,0.0
2023,5,12,23,60,0.0,0.0,0.0,0.0,0.0,5,22.1,20.2,89,998.6,359,0.8,-9900,-9900,0.0,0.0
2023,5,12,24,60,0.0,0.0,0.0,0.0,0.0,5,22.1,20.2,89,998.0,11,0.8,-9900,-9900,0.0,0.0
2023,5,13,1,60,0.0,0.0,0.0,0.0,0.0,5,22.2,20.1,88,997.6,359,0.8,-9900,-9900,0.0,0.0
2023,5,13,2,60,0.0,0.0,0.0,0.0,0.0,5,21.7,20.0,90,996.9,13,1.1,-9900,-9900,0.0,0.0
2023,5,13,3,60,0.0,0.0,0.0,0.0,0.0,5,21.2,20.2,94,996.8,31,0.5,-9900,-9900,0.0,0.0
2023,5,13,4,60,0.0,0.0,0.0,0.0,0.0,5,21.0,20.0,94,997.0,34,1.2,-9900,-9900,0.0,0.0
2023,5,13,5,60,0.0,0.0,0.0,0.0,0.0,5,21.1,19.6,91,997.2,15,0.7,-9900,-9900,0.0,0.0
2023,5,13,6,60,0.0,0.0,0.0,0.0,0.0,5,21.1,19.4,90,997.4,52,0.5,-9900,-9900,0.0,0.0
2023,5,13,7,60,0.0,0.0,0.0,0.0,0.0,5,21.2,18.9,87,998.3,30,1.3,-9900,-9900,0.0,0.0
2023,5,13,8,60,0.0,0.0,0.0,0.0,0.0,5,21.7,18.3,81,998.3,62,0.4,-9900,-9900,0.0,0.0
2023,5,13,9,60,0.0,0.0,0.0,0.0,0.0,5,21.9,18.5,81,998.7,37,0.5,-9900,-9900,0.0,0.0
2023,5,13,10,60,0.0,0.0,0.0,0.0,0.0,5,22.3,18.9,81,998.2,45,1.0,-9900,-9900,0.0,0.0
2023,5,13,11,60,0.0,0.0,0.0,0.0,0.0,5,23.0,19.0,78,997.8,24,1.0,-9900,-9900,0.0,0.0
2023,5,13,12,60,0.0,0.0,0.0,0.0,0.0,5,22.8,18.6,77,997.4,16,1.4,-9900,-9900,0.0,0.0
2023,5,13,13,60,0.0,0.0,0.0,0.0,0.0,5,22.5,18.7,79,996.9,17,1.1,-9900,-9900,0.0,0.0
2023,5,13,14,60,0.0,0.0,0.0,0.0,0.0,5,22.6,18.6,78,996.3,29,1.6,-9900,-9900,0.0,0.0
2023,5,13,15,60,0.0,0.0,0.0,0.0,0.0,5,22.4,18.8,80,996.1,89,1.2,-9900,-9900,0.0,0.0
2023,5,13,16,60,0.0,0.0,0.0,0.0,0.0,5,21.8,18.8,83,995.5,112,1.5,-9900,-9900,0.0,0.0
2023,5,13,17,60,0.0,0.0,0.0,0.0,0.0,5,21.8,18.6,82,995.5,88,1.4,-9900,-9900,0.0,0.0
2023,5,13,18,60,0.0,0.0,0.0,0.0,0.0,5,21.5,18.3,82,996.1,92,2.1,-9900,-9900,0.0,0.0
2023,5,13,19,60,0.0,0.0,0.0,0.0,0.0,5,21.4,17.8,80,996.5,83,1.1,-9900,-9900,0.0,0.0
2023,5,13,20,60,0.0,0.0,0.0,0.0,0.0,5,21.3,17.7,80,996.8,94,0.8,-9900,-9900,0.0,0.0
2023,5,13,21,60,0.0,0.0,0.0,0.0,0.0,5,21.4,17.0,76,996.9,131,1.4,-9900,-9900,0.0,0.0
2023,5,13,22,60,0.0,0.0,0.0,0.0,0.0,5,21.4,16.4,73,996.9,105,0.7,-9900,-9900,0.0,0.0
2023,5,13,23,60,0.0,0.0,0.0,0.0,0.0,5,21.4,16.4,73,996.2,130,2.2,-9900,-9900,0.0,0.0
2023,5,13,24,60,0.0,0.0,0.0,0.0,0.0,5,21.2,17.0,77,995.8,87,0.5,-9900,-9900,0.0,0.0
2023,5,14,1,60,0.0,0.0,0.0,0.0,0.0,5,21.2,17.4,79,995.2,129,1.3,-9900,-9900,0.0,0.0
2023,5,14,2,60,0.0,0.0,0.0,0.0,0.0,5,20.7,17.7,83,994.6,129,0.8,-9900,-9900,0.0,0.0
2023,5,14,3,60,0.0,0.0,0.0,0.0,0.0,5,21.0,17.4,80,994.3,93,1.0,-9900,-9900,0.0,0.0
2023,5,14,4,60,0.0,0.0,0.0,0.0,0.0,5,20.9,17.3,80,993.9,100,1.5,-9900,-9900,0.0,0.0
2023,5,14,5,60,0.0,0.0,0.0,0.0,0.0,5,21.0,17.0,78,994.5,73,0.8,-9900,-9900,0.0,0.0
2023,5,14,6,60,0.0,0.0,0.0,0.0,0.0,5,21.4,16.4,73,994.9,65,1.2,-9900,-9900,0.0,0.0
2023,5,14,7,60,0.0,0.0,0.0,0.0,0.0,5,21.5,16.5,73,995.2,97,1.8,-9900,-9900,0.0,0.0
2023,5,14,8,60,0.0,0.0,0.0,0.0,0.0,5,22.2,16.0,68,996.0,80,1.2,-9900,-9900,0.0,0.0
2023,5,14,9,60,0.0,0.0,0.0,0.0,0.0,5,22.8,14.9,61,996.0,93,1.7,-9900,-9900,0.0,0.0
2023,5,14,10,60,0.0,0.0,0.0,0.0,0.0,5,23.7,14.4,56,996.0,80,1.7,-9900,-9900,0.0,0.0
2023,5,14,11,60,0.0,0.0,0.0,0.0,0.0,5,24.0,14.4,55,995.6,102,1.8,-9900,-9900,0.0,0.0
2023,5,14,12,60,0.0,0.0,0.0,0.0,0.0,5,24.1,15.3,58,994.7,90,1.5,-9900,-9900,0.0,0.0
2023,5,14,13,60,0.0,0.0,0.0,0.0,0.0,5,24.5,15.7,58,994.3,94,1.6,-9900,-9900,0.0,0.0
2023,5,14,14,60,0.0,0.0,0.0,0.0,0.0,5,25.2,15.5,55,994.4,73,0.6,-9900,-9900,0.0,0.0
2023,5,14,15,60,0.0,0.0,0.0,0.0,0.0,5,24.2,16.7,63,994.0,40,0.8,-9900,-9900,0.0,0.0
2023,5,14,16,60,0.0,0.0,0.0,0.0,0.0,5,24.3,17.5,66,993.5,129,1.8,-9900,-9900,0.0,0.0
2023,5,14,17,60,0.0,0.0,0.0,0.0,0.0,5,24.0,18.4,71,993.2,87,0.8,-9900,-9900,0.0,0.0
2023,5,14,18,60,0.0,0.0,0.0,0.0,0.0,5,23.5,18.2,72,993.7,26,1.8,-9900,-9900,0.0,0.0
2023,5,14,19,60,0.0,0.0,0.0,0.0,0.0,5,23.1,18.2,74,994.3,122,0.6,-9900,-9900,0.0,0.0
2023,5,14,20,60,0.0,0.0,0.0,0.0,0.0,5,22.6,18.8,79,994.1,123,1.9,-9900,-9900,0.0,0.0
2023,5,14,21,60,0.0,0.0,0.0,0.0,0.0,5,22.3,18.5,79,994.8,131,1.3,-9900,-9900,0.0,0.0
2023,5,14,22,60,0.0,0.0,0.0,0.0,0.0,5,21.7,18.1,80,994.6,131,1.2,-9900,-9900,0.0,0.0
2023,5,14,23,60,0.0,0.0,0.0,0.0,0.0,5,22.1,17.9,77,994.6,140,0.9,-9900,-9900,0.0,0.0
2023,5,14,24,60,0.0,0.0,0.0,0.0,0.0,5,21.8,18.2,80,994.3,123,1.4,-9900,-9900,0.0,0.0
2023,5,15,1,60,0.0,0.0,0.0,0.0,0.0,5,21.9,17.5,76,993.7,124,1.3,-9900,-9900,0.0,0.0
2023,5,15,2,60,0.0,0.0,0.0,0.0,0.0,5,21.4,17.6,79,993.5,128,2.1,-9900,-9900,0.0,0.0
2023,5,15,3,60,0.0,0.0,0.0,0.0,0.0,5,21.0,16.6,76,993.3,132,1.1,-9900,-9900,0.0,0.0
2023,5,15,4,60,0.0,0.0,0.0,0.0,0.0,5,20.8,16.4,76,993.6,82,0.9,-9900,-9900,0.0,0.0
2023,5,15,5,60,0.0,0.0,0.0,0.0,0.0,5,20.6,16.2,76,993.9,126,1.3,-9900,-9900,0.0,0.0
2023,5,15,6,60,0.0,0.0,0.0,0.0,0.0,5,21.1,16.1,73,994.1,139,1.2,-9900,-9900,0.0,0.0
2023,5,15,7,60,0.0,0.0,0.0,0.0,0.0,5,21.5,16.2,72,994.8,126,1.4,-9900,-9900,0.0,0.0
2023,5,15,8,60,0.0,0.0,0.0,0.0,0.0,5,22.5,16.1,67,995.1,126,1.5,-9900,-9900,0.0,0.0
2023,5,15,9,60,0.0,0.0,0.0,0.0,0.0,5,23.9,16.4,63,995.3,121,1.0,-9900,-9900,0.0,0.0
2023,5,15,10,60,0.0,0.0,0.0,0.0,0.0,5,24.9,14.4,52,995.3,125,1.4,-9900,-9900,0.0,0.0
2023,5,15,11,60,0.0,0.0,0.0,0.0,0.0,5,26.0,14.1,48,995.0,89,0.9,-9900,-9900,0.0,0.0
2023,5,15,12,60,0.0,0.0,0.0,0.0,0.0,5,26.4,16.1,53,994.7,330,1.9,-9900,-9900,0.0,0.0
2023,5,15,13,60,0.0,0.0,0.0,0.0,0.0,5,27.5,14.2,44,994.0,334,0.8,-9900,-9900,0.0,0.0
2023,5,15,14,60,0.0,0.0,0.0,0.0,0.0,5,28.0,14.3,43,993.2,34,1.6,-9900,-9900,0.0,0.0
2023,5,15,15,60,0.0,0.0,0.0,0.0,0.0,5,27.1,14.8,47,992.9,324,1.7,-9900,-9900,0.0,0.0
2023,5,15,16,60,0.0,0.0,0.0,0.0,0.0,5,27.1,13.8,44,992.8,14,1.7,-9900,-9900,0.0,0.0
2023,5,15,17,60,0.0,0.0,0.0,0.0,0.0,5,26.4,12.1,41,993.0,27,2.0,-9900,-9900,0.0,0.0
2023,5,15,18,60,0.0,0.0,0.0,0.0,0.0,5,25.3,14.4,51,993.3,349,1.0,-9900,-9900,0.0,0.0
2023,5,15,19,60,0.0,0.0,0.0,0.0,0.0,5,24.4,15.1,56,993.7,2,0.7,-9900,-9900,0.0,0.0
2023,5,15,20,60,0.0,0.0,0.0,0.0,0.0,5,23.9,15.9,61,994.5,18,0.6,-9900,-9900,0.0,0.0
2023,5,15,21,60,0.0,0.0,0.0,0.0,0.0,5,23.6,16.4,64,994.8,1,0.4,-9900,-9900,0.0,0.0
2023,5,15,22,60,0.0,0.0,0.0,0.0,0.0,5,23.9,15.4,59,994.8,80,0.5,-9900,-9900,0.0,0.0
2023,5,15,23,60,0.0,0.0,0.0,0.0,0.0,5,23.2,15.5,62,994.5,125,1.1,-9900,-9900,0.0,0.0
2023,5,15,24,60,0.0,0.0,0.0,0.0,0.0,5,23.1,15.2,61,993.9,104,0.6,-9900,-9900,0.0,0.0
2023,5,16,1,60,0.0,0.0,0.0,0.0,0.0,5,23.4,14.9,59,993.5,199,0.3,-9900,-9900,0.0,0.0
2023,5,16,2,60,0.0,0.0,0.0,0.0,0.0,5,22.9,16.4,67,993.2,143,0.5,-9900,-9900,0.0,0.0
2023,5,16,3,60,0.0,0.0,0.0,0.0,0.0,5,22.6,17.3,72,992.9,113,0.8,-9900,-9900,0.0,0.0
2023,5,16,4,60,0.0,0.0,0.0,0.0,0.0,5,22.3,17.0,72,993.2,135,0.8,-9900,-9900,0.0,0.0
2023,5,16,5,60,0.0,0.0,0.0,0.0,0.0,5,22.1,17.5,75,993.4,114,0.6,-9900,-9900,0.0,0.0
2023,5,16,6,60,0.0,0.0,0.0,0.0,0.0,5,22.2,16.9,72,994.0,93,0.7,-9900,-9900,0.0,0.0
2023,5,16,7,60,0.0,0.0,0.0,0.0,0.0,5,23.4,17.2,68,994.7,91,0.5,-9900,-9900,0.0,0.0
2023,5,16,8,60,0.0,0.0,0.0,0.0,0.0,5,25.6,17.3,60,994.9,78,0.6,-9900,-9900,0.0,0.0
2023,5,16,9,60,0.0,0.0,0.0,0.0,0.0,5,27.6,16.6,51,995.1,54,0.5,-9900,-9900,0.0,0.0
2023,5,16,10,60,0.0,0.0,0.0,0.0,0.0,5,27.6,17.2,53,994.6,87,0.6,-9900,-9900,0.0,0.0
2023,5,16,11,60,0.0,0.0,0.0,0.0,0.0,5,28.4,19.1,57,994.2,19,1.4,-9900,-9900,0.0,0.0
2023,5,16,12,60,0.0,0.0,0.0,0.0,0.0,5,28.4,19.1,57,993.6,3,1.3,-9900,-9900,0.0,0.0
2023,5,16,13,60,0.0,0.0,0.0,0.0,0.0,5,28.0,17.8,54,993.3,358,2.0,-9900,-9900,0.0,0.0
2023,5,16,14,60,0.0,0.0,0.0,0.0,0.0,5,27.8,19.1,59,992.7,353,1.5,-9900,-9900,0.0,0.0
2023,5,16,15,60,0.0,0.0,0.0,0.0,0.0,5,27.2,18.2,58,992.7,320,2.8,-9900,-9900,0.0,0.0
2023,5,16,16,60,0.0,0.0,0.0,0.0,0.0,5,27.3,18.3,58,992.4,331,1.5,-9900,-9900,0.0,0.0
2023,5,16,17,60,0.0,0.0,0.0,0.0,0.0,5,25.9,17.8,61,992.4,333,2.2,-9900,-9900,0.0,0.0
2023,5,16,18,60,0.0,0.0,0.0,0.0,0.0,5,25.5,18.9,67,993.0,319,1.6,-9900,-9900,0.0,0.0
2023,5,16,19,60,0.0,0.0,0.0,0.0,0.0,5,25.5,18.9,67,993.4,327,0.3,-9900,-9900,0.0,0.0
2023,5,16,20,60,0.0,0.0,0.0,0.0,0.0,5,25.1,18.8,68,993.8,13,0.7,-9900,-9900,0.0,0.0
2023,5,16,21,60,0.0,0.0,0.0,0.0,0.0,5,25.0,19.6,72,994.3,324,0.4,-9900,-9900,0.0,0.0
2023,5,16,22,60,0.0,0.0,0.0,0.0,0.0,5,25.0,19.1,70,994.5,86,1.0,-9900,-9900,0.0,0.0
2023,5,16,23,60,0.0,0.0,0.0,0.0,0.0,5,24.8,19.2,71,994.1,0,0.2,-9900,-9900,0.0,0.0
2023,5,16,24,60,0.0,0.0,0.0,0.0,0.0,5,24.7,19.3,72,993.6,48,0.3,-9900,-9900,0.0,0.0
2023,5,17,1,60,0.0,0.0,0.0,0.0,0.0,5,24.5,19.1,72,993.5,116,0.9,-9900,-9900,0.0,0.0
2023,5,17,2,60,0.0,0.0,0.0,0.0,0.0,5,24.0,19.1,74,993.4,118,0.6,-9900,-9900,0.0,0.0
2023,5,17,3,60,0.0,0.0,0.0,0.0,0.0,5,24.2,19.5,75,993.4,0,0.0,-9900,-9900,0.0,0.0
2023,5,17,4,60,0.0,0.0,0.0,0.0,0.0,5,23.9,19.4,76,993.1,123,0.4,-9900,-9900,0.0,0.0
2023,5,17,5,60,0.0,0.0,0.0,0.0,0.0,5,24.0,18.6,72,992.9,193,0.3,-9900,-9900,0.0,0.0
2023,5,17,6,60,0.0,0.0,0.0,0.0,0.0,5,23.7,19.4,77,993.6,90,1.0,-9900,-9900,0.0,0.0
2023,5,17,7,60,0.0,0.0,0.0,0.0,0.0,5,24.5,19.6,74,993.9,96,1.2,-9900,-9900,0.0,0.0
2023,5,17,8,60,0.0,0.0,0.0,0.0,0.0,5,25.8,19.7,69,993.9,123,1.7,-9900,-9900,0.0,0.0
2023,5,17,9,60,0.0,0.0,0.0,0.0,0.0,5,29.4,19.4,55,994.0,0,0.0,-9900,-9900,0.0,0.0
2023,5,17,10,60,0.0,0.0,0.0,0.0,0.0,5,29.0,19.0,55,993.7,87,0.4,-9900,-9900,0.0,0.0
2023,5,17,11,60,0.0,0.0,0.0,0.0,0.0,5,29.8,18.6,51,993.2,313,1.5,-9900,-9900,0.0,0.0
2023,5,17,12,60,0.0,0.0,0.0,0.0,0.0,5,29.7,18.5,51,992.5,342,0.8,-9900,-9900,0.0,0.0
2023,5,17,13,60,0.0,0.0,0.0,0.0,0.0,5,30.7,18.8,49,991.8,69,0.9,-9900,-9900,0.0,0.0
2023,5,17,14,60,0.0,0.0,0.0,0.0,0.0,5,30.4,19.7,53,991.3,345,1.5,-9900,-9900,0.0,0.0
2023,5,17,15,60,0.0,0.0,0.0,0.0,0.0,5,28.6,20.9,63,991.2,329,2.1,-9900,-9900,0.0,0.0
2023,5,17,16,60,0.0,0.0,0.0,0.0,0.0,5,28.7,21.2,64,990.9,322,1.3,-9900,-9900,0.0,0.0
2023,5,17,17,60,0.0,0.0,0.0,0.0,0.0,5,28.6,20.3,61,990.8,293,0.8,-9900,-9900,0.0,0.0
2023,5,17,18,60,0.0,0.0,0.0,0.0,0.0,5,27.6,20.4,65,991.3,290,1.4,-9900,-9900,0.0,0.0
2023,5,17,19,60,0.0,0.0,0.0,0.0,0.0,5,27.2,20.5,67,991.4,276,1.1,-9900,-9900,0.0,0.0
2023,5,17,20,60,0.0,0.0,0.0,0.0,0.0,5,27.6,20.9,67,991.8,271,0.6,-9900,-9900,0.0,0.0
2023,5,17,21,60,0.0,0.0,0.0,0.0,0.0,5,27.1,21.2,70,992.2,266,1.4,-9900,-9900,0.0,0.0
2023,5,17,22,60,0.0,0.0,0.0,0.0,0.0,5,27.0,21.5,72,992.4,279,0.8,-9900,-9900,0.0,0.0
2023,5,17,23,60,0.0,0.0,0.0,0.0,0.0,5,26.6,22.0,76,992.0,187,0.4,-9900,-9900,0.0,0.0
2023,5,17,24,60,0.0,0.0,0.0,0.0,0.0,5,25.5,21.6,79,991.0,120,1.0,-9900,-9900,0.0,0.0
2023,5,18,1,60,0.0,0.0,0.0,0.0,0.0,5,25.2,21.3,79,990.5,129,1.8,-9900,-9900,0.0,0.0
2023,5,18,2,60,0.0,0.0,0.0,0.0,0.0,5,25.4,21.3,78,990.1,123,1.1,-9900,-9900,0.0,0.0
2023,5,18,3,60,0.0,0.0,0.0,0.0,0.0,5,25.8,21.5,77,989.7,176,1.0,-9900,-9900,0.0,0.0
2023,5,18,4,60,0.0,0.0,0.0,0.0,0.0,5,25.7,20.9,75,989.7,165,0.6,-9900,-9900,0.0,0.0
2023,5,18,5,60,0.0,0.0,0.0,0.0,0.0,5,25.2,21.9,82,990.1,244,0.4,-9900,-9900,0.0,0.0
2023,5,18,6,60,0.0,0.0,0.0,0.0,0.0,5,25.1,22.2,84,990.4,262,0.5,-9900,-9900,0.0,0.0
2023,5,18,7,60,0.0,0.0,0.0,0.0,0.0,5,27.4,21.2,69,989.8,258,3.0,-9900,-9900,0.0,0.0
2023,5,18,8,60,0.0,0.0,0.0,0.0,0.0,5,28.9,21.4,64,989.5,258,4.5,-9900,-9900,0.0,0.0
2023,5,18,9,60,0.0,0.0,0.0,0.0,0.0,5,30.7,21.2,57,989.3,262,5.0,-9900,-9900,0.0,0.0
2023,5,18,10,60,0.0,0.0,0.0,0.0,0.0,5,31.4,21.6,56,989.4,261,4.6,-9900,-9900,0.0,0.0
2023,5,18,11,60,0.0,0.0,0.0,0.0,0.0,5,32.6,21.5,52,989.3,266,2.9,-9900,-9900,0.0,0.0
2023,5,18,12,60,0.0,0.0,0.0,0.0,0.0,5,31.8,21.3,54,989.0,262,4.1,-9900,-9900,0.0,0.0
2023,5,18,13,60,0.0,0.0,0.0,0.0,0.0,5,31.7,22.1,57,988.9,262,5.1,-9900,-9900,0.0,0.0
2023,5,18,14,60,0.0,0.0,0.0,0.0,0.0,5,31.8,22.8,59,988.9,264,4.4,-9900,-9900,0.0,0.0
2023,5,18,15,60,0.0,0.0,0.0,0.0,0.0,5,30.7,23.1,64,988.4,265,4.9,-9900,-9900,0.0,0.0
2023,5,18,16,60,0.0,0.0,0.0,0.0,0.0,5,30.3,23.5,67,988.1,259,4.8,-9900,-9900,0.0,0.0
2023,5,18,17,60,0.0,0.0,0.0,0.0,0.0,5,30.2,23.1,66,988.4,257,3.4,-9900,-9900,0.0,0.0
2023,5,18,18,60,0.0,0.0,0.0,0.0,0.0,5,29.8,23.0,67,988.7,263,2.6,-9900,-9900,0.0,0.0
2023,5,18,19,60,0.0,0.0,0.0,0.0,0.0,5,29.3,22.8,68,988.9,265,3.3,-9900,-9900,0.0,0.0
2023,5,18,20,60,0.0,0.0,0.0,0.0,0.0,5,28.3,23.9,77,989.8,292,2.3,-9900,-9900,0.0,0.0
2023,5,18,21,60,0.0,0.0,0.0,0.0,0.0,5,28.7,23.2,72,990.5,271,1.9,-9900,-9900,0.0,0.0
2023,5,18,22,60,0.0,0.0,0.0,0.0,0.0,5,28.5,23.0,72,991.1,277,2.0,-9900,-9900,0.0,0.0
2023,5,18,23,60,0.0,0.0,0.0,0.0,0.0,5,27.9,23.7,78,991.0,267,2.5,-9900,-9900,0.0,0.0
2023,5,18,24,60,0.0,0.0,0.0,0.0,0.0,5,24.2,22.6,91,991.4,266,3.9,-9900,-9900,0.0,0.0
2023,5,19,1,60,0.0,0.0,0.0,0.0,0.0,5,25.2,24.0,93,990.5,313,2.1,-9900,-9900,0.0,0.0
2023,5,19,2,60,0.0,0.0,0.0,0.0,0.0,5,24.1,22.7,92,990.3,293,1.4,-9900,-9900,0.0,0.0
2023,5,19,3,60,0.0,0.0,0.0,0.0,0.0,5,23.1,22.3,95,991.2,185,0.8,-9900,-9900,0.0,0.0
2023,5,19,4,60,0.0,0.0,0.0,0.0,0.0,5,23.3,22.1,93,991.2,262,1.3,-9900,-9900,0.0,0.0
2023,5,19,5,60,0.0,0.0,0.0,0.0,0.0,5,23.5,22.1,92,992.1,261,1.8,-9900,-9900,0.0,0.0
2023,5,19,6,60,0.0,0.0,0.0,0.0,0.0,5,22.9,22.2,96,992.5,143,1.8,-9900,-9900,0.0,0.0
2023,5,19,7,60,0.0,0.0,0.0,0.0,0.0,5,22.4,21.0,92,992.1,129,1.7,-9900,-9900,0.0,0.0
2023,5,19,8,60,0.0,0.0,0.0,0.0,0.0,5,22.9,22.1,95,993.1,19,1.0,-9900,-9900,0.0,0.0
2023,5,19,9,60,0.0,0.0,0.0,0.0,0.0,5,21.9,20.7,93,993.0,55,1.5,-9900,-9900,0.0,0.0
2023,5,19,10,60,0.0,0.0,0.0,0.0,0.0,5,22.2,21.0,93,993.7,19,1.0,-9900,-9900,0.0,0.0
2023,5,19,11,60,0.0,0.0,0.0,0.0,0.0,5,22.2,21.0,93,993.9,23,1.0,-9900,-9900,0.0,0.0
2023,5,19,12,60,0.0,0.0,0.0,0.0,0.0,5,23.1,21.4,90,993.7,105,1.7,-9900,-9900,0.0,0.0
2023,5,19,13,60,0.0,0.0,0.0,0.0,0.0,5,24.3,22.4,89,993.4,126,1.5,-9900,-9900,0.0,0.0
2023,5,19,14,60,0.0,0.0,0.0,0.0,0.0,5,24.8,21.7,83,993.0,82,2.5,-9900,-9900,0.0,0.0
2023,5,19,15,60,0.0,0.0,0.0,0.0,0.0,5,24.1,21.8,87,993.6,92,1.8,-9900,-9900,0.0,0.0
2023,5,19,16,60,0.0,0.0,0.0,0.0,0.0,5,23.2,21.5,90,993.6,120,1.9,-9900,-9900,0.0,0.0
2023,5,19,17,60,0.0,0.0,0.0,0.0,0.0,5,22.5,21.3,93,992.1,107,1.5,-9900,-9900,0.0,0.0
2023,5,19,18,60,0.0,0.0,0.0,0.0,0.0,5,22.6,20.9,90,992.5,79,1.4,-9900,-9900,0.0,0.0
2023,5,19,19,60,0.0,0.0,0.0,0.0,0.0,5,22.3,20.2,88,993.5,87,1.9,-9900,-9900,0.0,0.0
2023,5,19,20,60,0.0,0.0,0.0,0.0,0.0,5,22.3,19.8,86,993.9,97,2.3,-9900,-9900,0.0,0.0
2023,5,19,21,60,0.0,0.0,0.0,0.0,0.0,5,22.3,19.8,86,994.4,100,2.0,-9900,-9900,0.0,0.0
2023,5,19,22,60,0.0,0.0,0.0,0.0,0.0,5,22.3,19.8,86,994.9,106,1.3,-9900,-9900,0.0,0.0
2023,5,19,23,60,0.0,0.0,0.0,0.0,0.0,5,22.4,19.9,86,995.0,96,0.8,-9900,-9900,0.0,0.0
2023,5,19,24,60,0.0,0.0,0.0,0.0,0.0,5,22.2,20.1,88,994.5,125,1.4,-9900,-9900,0.0,0.0
2023,5,20,1,60,0.0,0.0,0.0,0.0,0.0,5,22.2,20.1,88,993.8,117,1.2,-9900,-9900,0.0,0.0
2023,5,20,2,60,0.0,0.0,0.0,0.0,0.0,5,22.3,20.2,88,993.5,79,0.8,-9900,-9900,0.0,0.0
2023,5,20,3,60,0.0,0.0,0.0,0.0,0.0,5,22.4,20.3,88,993.1,88,1.1,-9900,-9900,0.0,0.0
2023,5,20,4,60,0.0,0.0,0.0,0.0,0.0,5,22.5,20.2,87,992.9,90,1.0,-9900,-9900,0.0,0.0
2023,5,20,5,60,0.0,0.0,0.0,0.0,0.0,5,22.5,20.2,87,993.4,109,0.7,-9900,-9900,0.0,0.0
2023,5,20,6,60,0.0,0.0,0.0,0.0,0.0,5,22.5,20.4,88,993.9,89,0.9,-9900,-9900,0.0,0.0
2023,5,20,7,60,0.0,0.0,0.0,0.0,0.0,5,22.0,20.5,91,994.4,87,1.9,-9900,-9900,0.0,0.0
2023,5,20,8,60,0.0,0.0,0.0,0.0,0.0,5,21.6,20.6,94,994.9,88,1.1,-9900,-9900,0.0,0.0
2023,5,20,9,60,0.0,0.0,0.0,0.0,0.0,5,22.5,21.0,91,994.6,92,2.6,-9900,-9900,0.0,0.0
2023,5,20,10,60,0.0,0.0,0.0,0.0,0.0,5,23.4,20.9,86,994.6,88,2.0,-9900,-9900,0.0,0.0
2023,5,20,11,60,0.0,0.0,0.0,0.0,0.0,5,23.4,21.3,88,994.5,121,1.5,-9900,-9900,0.0,0.0
2023,5,20,12,60,0.0,0.0,0.0,0.0,0.0,5,23.7,21.6,88,994.2,97,1.0,-9900,-9900,0.0,0.0
2023,5,20,13,60,0.0,0.0,0.0,0.0,0.0,5,23.6,22.2,92,994.2,353,1.0,-9900,-9900,0.0,0.0
2023,5,20,14,60,0.0,0.0,0.0,0.0,0.0,5,24.2,22.1,88,993.7,95,0.4,-9900,-9900,0.0,0.0
2023,5,20,15,60,0.0,0.0,0.0,0.0,0.0,5,24.6,22.1,86,993.4,100,1.9,-9900,-9900,0.0,0.0
2023,5,20,16,60,0.0,0.0,0.0,0.0,0.0,5,25.2,22.1,83,993.3,78,0.9,-9900,-9900,0.0,0.0
2023,5,20,17,60,0.0,0.0,0.0,0.0,0.0,5,25.5,22.4,83,993.1,81,1.4,-9900,-9900,0.0,0.0
2023,5,20,18,60,0.0,0.0,0.0,0.0,0.0,5,25.4,22.3,83,993.4,89,0.8,-9900,-9900,0.0,0.0
2023,5,20,19,60,0.0,0.0,0.0,0.0,0.0,5,24.9,22.2,85,994.0,103,0.6,-9900,-9900,0.0,0.0
2023,5,20,20,60,0.0,0.0,0.0,0.0,0.0,5,24.7,22.2,86,994.1,125,1.2,-9900,-9900,0.0,0.0
2023,5,20,21,60,0.0,0.0,0.0,0.0,0.0,5,24.3,22.2,88,994.6,125,0.9,-9900,-9900,0.0,0.0
2023,5,20,22,60,0.0,0.0,0.0,0.0,0.0,5,24.3,22.4,89,995.0,128,1.4,-9900,-9900,0.0,0.0
2023,5,20,23,60,0.0,0.0,0.0,0.0,0.0,5,24.2,22.5,90,994.8,140,1.0,-9900,-9900,0.0,0.0
2023,5,20,24,60,0.0,0.0,0.0,0.0,0.0,5,24.2,22.6,91,994.4,122,0.8,-9900,-9900,0.0,0.0
2023,5,21,1,60,0.0,0.0,0.0,0.0,0.0,5,24.8,22.9,89,994.3,252,0.6,-9900,-9900,0.0,0.0
2023,5,21,2,60,0.0,0.0,0.0,0.0,0.0,5,24.9,23.0,89,993.9,263,0.9,-9900,-9900,0.0,0.0
2023,5,21,3,60,0.0,0.0,0.0,0.0,0.0,5,24.7,22.8,89,993.7,260,1.0,-9900,-9900,0.0,0.0
2023,5,21,4,60,0.0,0.0,0.0,0.0,0.0,5,24.6,23.0,91,994.1,274,0.8,-9900,-9900,0.0,0.0
2023,5,21,5,60,0.0,0.0,0.0,0.0,0.0,5,24.4,23.0,92,994.0,267,0.7,-9900,-9900,0.0,0.0
2023,5,21,6,60,0.0,0.0,0.0,0.0,0.0,5,24.2,22.6,91,994.1,82,0.4,-9900,-9900,0.0,0.0
2023,5,21,7,60,0.0,0.0,0.0,0.0,0.0,5,24.3,22.2,88,994.5,126,1.3,-9900,-9900,0.0,0.0
2023,5,21,8,60,0.0,0.0,0.0,0.0,0.0,5,24.2,22.3,89,994.7,123,1.2,-9900,-9900,0.0,0.0
2023,5,21,9,60,0.0,0.0,0.0,0.0,0.0,5,24.7,22.6,88,995.1,135,1.2,-9900,-9900,0.0,0.0
2023,5,21,10,60,0.0,0.0,0.0,0.0,0.0,5,25.5,23.6,89,994.7,137,0.5,-9900,-9900,0.0,0.0
2023,5,21,11,60,0.0,0.0,0.0,0.0,0.0,5,26.5,23.4,83,994.3,59,0.6,-9900,-9900,0.0,0.0
2023,5,21,12,60,0.0,0.0,0.0,0.0,0.0,5,28.7,23.6,74,993.7,223,0.5,-9900,-9900,0.0,0.0
2023,5,21,13,60,0.0,0.0,0.0,0.0,0.0,5,29.3,23.7,72,993.1,266,2.4,-9900,-9900,0.0,0.0
2023,5,21,14,60,0.0,0.0,0.0,0.0,0.0,5,29.8,24.2,72,992.5,265,1.7,-9900,-9900,0.0,0.0
2023,5,21,15,60,0.0,0.0,0.0,0.0,0.0,5,29.2,24.5,76,992.1,279,1.8,-9900,-9900,0.0,0.0
2023,5,21,16,60,0.0,0.0,0.0,0.0,0.0,5,28.4,22.9,72,991.8,273,2.5,-9900,-9900,0.0,0.0
2023,5,21,17,60,0.0,0.0,0.0,0.0,0.0,5,28.8,22.3,68,991.7,267,2.7,-9900,-9900,0.0,0.0
2023,5,21,18,60,0.0,0.0,0.0,0.0,0.0,5,28.6,22.6,70,991.8,269,1.5,-9900,-9900,0.0,0.0
2023,5,21,19,60,0.0,0.0,0.0,0.0,0.0,5,27.6,22.8,75,992.3,0,0.0,-9900,-9900,0.0,0.0
2023,5,21,20,60,0.0,0.0,0.0,0.0,0.0,5,27.5,22.7,75,992.4,224,0.4,-9900,-9900,0.0,0.0
2023,5,21,21,60,0.0,0.0,0.0,0.0,0.0,5,27.3,22.9,77,992.4,206,0.7,-9900,-9900,0.0,0.0
2023,5,21,22,60,0.0,0.0,0.0,0.0,0.0,5,26.8,23.5,82,992.6,140,0.6,-9900,-9900,0.0,0.0
2023,5,21,23,60,0.0,0.0,0.0,0.0,0.0,5,26.1,23.6,86,992.3,124,1.1,-9900,-9900,0.0,0.0
2023,5,21,24,60,0.0,0.0,0.0,0.0,0.0,5,25.9,23.6,87,991.8,128,1.1,-9900,-9900,0.0,0.0
2023,5,22,1,60,0.0,0.0,0.0,0.0,0.0,5,25.6,23.1,86,991.3,133,0.5,-9900,-9900,0.0,0.0
2023,5,22,2,60,0.0,0.0,0.0,0.0,0.0,5,25.6,22.5,83,990.6,148,0.6,-9900,-9900,0.0,0.0
2023,5,22,3,60,0.0,0.0,0.0,0.0,0.0,5,24.5,22.4,88,990.5,123,2.2,-9900,-9900,0.0,0.0
2023,5,22,4,60,0.0,0.0,0.0,0.0,0.0,5,24.6,22.1,86,990.7,126,2.1,-9900,-9900,0.0,0.0
2023,5,22,5,60,0.0,0.0,0.0,0.0,0.0,5,24.6,21.7,84,990.1,124,1.4,-9900,-9900,0.0,0.0
2023,5,22,6,60,0.0,0.0,0.0,0.0,0.0,5,25.6,21.7,79,990.1,119,0.7,-9900,-9900,0.0,0.0
2023,5,22,7,60,0.0,0.0,0.0,0.0,0.0,5,26.8,21.3,72,990.5,100,0.6,-9900,-9900,0.0,0.0
2023,5,22,8,60,0.0,0.0,0.0,0.0,0.0,5,28.5,20.8,63,990.7,255,1.7,-9900,-9900,0.0,0.0
2023,5,22,9,60,0.0,0.0,0.0,0.0,0.0,5,29.1,20.5,60,990.3,261,3.8,-9900,-9900,0.0,0.0
2023,5,22,10,60,0.0,0.0,0.0,0.0,0.0,5,30.2,20.7,57,990.0,265,3.6,-9900,-9900,0.0,0.0
2023,5,22,11,60,0.0,0.0,0.0,0.0,0.0,5,31.0,21.2,56,989.9,267,4.0,-9900,-9900,0.0,0.0
2023,5,22,12,60,0.0,0.0,0.0,0.0,0.0,5,30.4,22.3,62,989.6,266,4.6,-9900,-9900,0.0,0.0
2023,5,22,13,60,0.0,0.0,0.0,0.0,0.0,5,31.8,23.4,61,989.1,265,4.7,-9900,-9900,0.0,0.0
2023,5,22,14,60,0.0,0.0,0.0,0.0,0.0,5,31.5,23.9,64,988.8,269,4.4,-9900,-9900,0.0,0.0
2023,5,22,15,60,0.0,0.0,0.0,0.0,0.0,5,30.2,23.9,69,988.9,269,4.0,-9900,-9900,0.0,0.0
2023,5,22,16,60,0.0,0.0,0.0,0.0,0.0,5,30.6,23.5,66,988.8,263,3.8,-9900,-9900,0.0,0.0
2023,5,22,17,60,0.0,0.0,0.0,0.0,0.0,5,30.3,23.5,67,988.9,263,2.9,-9900,-9900,0.0,0.0
2023,5,22,18,60,0.0,0.0,0.0,0.0,0.0,5,29.8,23.3,68,989.2,266,3.0,-9900,-9900,0.0,0.0
2023,5,22,19,60,0.0,0.0,0.0,0.0,0.0,5,26.9,24.9,89,990.5,311,5.1,-9900,-9900,0.0,0.0
2023,5,22,20,60,0.0,0.0,0.0,0.0,0.0,5,25.5,23.4,88,991.0,258,2.2,-9900,-9900,0.0,0.0
2023,5,22,21,60,0.0,0.0,0.0,0.0,0.0,5,21.7,20.3,92,992.0,328,3.2,-9900,-9900,0.0,0.0
2023,5,22,22,60,0.0,0.0,0.0,0.0,0.0,5,19.8,19.1,96,994.0,42,4.0,-9900,-9900,0.0,0.0
2023,5,22,23,60,0.0,0.0,0.0,0.0,0.0,5,19.5,18.8,96,994.4,48,1.2,-9900,-9900,0.0,0.0
2023,5,22,24,60,0.0,0.0,0.0,0.0,0.0,5,19.5,19.0,97,994.1,89,2.2,-9900,-9900,0.0,0.0
2023,5,23,1,60,0.0,0.0,0.0,0.0,0.0,5,19.6,18.1,91,993.5,85,2.7,-9900,-9900,0.0,0.0
2023,5,23,2,60,0.0,0.0,0.0,0.0,0.0,5,19.8,18.3,91,993.5,90,2.3,-9900,-9900,0.0,0.0
2023,5,23,3,60,0.0,0.0,0.0,0.0,0.0,5,19.9,17.9,88,993.5,76,2.4,-9900,-9900,0.0,0.0
2023,5,23,4,60,0.0,0.0,0.0,0.0,0.0,5,19.9,17.9,88,993.9,81,3.2,-9900,-9900,0.0,0.0
2023,5,23,5,60,0.0,0.0,0.0,0.0,0.0,5,19.9,17.9,88,994.5,83,2.2,-9900,-9900,0.0,0.0
2023,5,23,6,60,0.0,0.0,0.0,0.0,0.0,5,19.4,17.9,91,995.1,59,1.7,-9900,-9900,0.0,0.0
2023,5,23,7,60,0.0,0.0,0.0,0.0,0.0,5,19.5,17.8,90,995.4,59,1.5,-9900,-9900,0.0,0.0
2023,5,23,8,60,0.0,0.0,0.0,0.0,0.0,5,19.4,17.0,86,995.7,67,1.9,-9900,-9900,0.0,0.0
2023,5,23,9,60,0.0,0.0,0.0,0.0,0.0,5,19.6,16.8,84,996.2,71,2.0,-9900,-9900,0.0,0.0
2023,5,23,10,60,0.0,0.0,0.0,0.0,0.0,5,19.7,16.9,84,996.1,77,2.0,-9900,-9900,0.0,0.0
2023,5,23,11,60,0.0,0.0,0.0,0.0,0.0,5,20.5,16.7,79,996.1,78,1.6,-9900,-9900,0.0,0.0
2023,5,23,12,60,0.0,0.0,0.0,0.0,0.0,5,20.9,16.3,75,995.7,79,2.0,-9900,-9900,0.0,0.0
2023,5,23,13,60,0.0,0.0,0.0,0.0,0.0,5,21.5,16.2,72,995.4,61,2.1,-9900,-9900,0.0,0.0
2023,5,23,14,60,0.0,0.0,0.0,0.0,0.0,5,21.6,16.1,71,995.2,87,3.3,-9900,-9900,0.0,0.0
2023,5,23,15,60,0.0,0.0,0.0,0.0,0.0,5,21.7,16.0,70,994.9,87,3.3,-9900,-9900,0.0,0.0
2023,5,23,16,60,0.0,0.0,0.0,0.0,0.0,5,21.3,16.0,72,994.7,72,2.9,-9900,-9900,0.0,0.0
2023,5,23,17,60,0.0,0.0,0.0,0.0,0.0,5,21.1,15.9,72,995.1,77,2.3,-9900,-9900,0.0,0.0
2023,5,23,18,60,0.0,0.0,0.0,0.0,0.0,5,20.9,15.9,73,995.4,81,2.3,-9900,-9900,0.0,0.0
2023,5,23,19,60,0.0,0.0,0.0,0.0,0.0,5,20.7,15.7,73,996.0,78,2.3,-9900,-9900,0.0,0.0
2023,5,23,20,60,0.0,0.0,0.0,0.0,0.0,5,20.7,15.5,72,996.1,77,2.3,-9900,-9900,0.0,0.0
2023,5,23,21,60,0.0,0.0,0.0,0.0,0.0,5,20.4,15.6,74,995.8,91,3.1,-9900,-9900,0.0,0.0
2023,5,23,22,60,0.0,0.0,0.0,0.0,0.0,5,20.4,15.6,74,996.1,68,3.1,-9900,-9900,0.0,0.0
2023,5,23,23,60,0.0,0.0,0.0,0.0,0.0,5,20.4,15.2,72,995.7,77,2.1,-9900,-9900,0.0,0.0
2023,5,23,24,60,0.0,0.0,0.0,0.0,0.0,5,20.4,15.2,72,995.2,71,2.1,-9900,-9900,0.0,0.0
2023,5,24,1,60,0.0,0.0,0.0,0.0,0.0,5,20.4,15.4,73,994.5,91,2.2,-9900,-9900,0.0,0.0
2023,5,24,2,60,0.0,0.0,0.0,0.0,0.0,5,20.2,15.4,74,994.1,81,1.6,-9900,-9900,0.0,0.0
2023,5,24,3,60,0.0,0.0,0.0,0.0,0.0,5,20.1,15.7,76,994.1,62,1.8,-9900,-9900,0.0,0.0
2023,5,24,4,60,0.0,0.0,0.0,0.0,0.0,5,20.4,15.8,75,994.0,90,1.7,-9900,-9900,0.0,0.0
2023,5,24,5,60,0.0,0.0,0.0,0.0,0.0,5,20.3,16.1,77,994.1,120,0.9,-9900,-9900,0.0,0.0
2023,5,24,6,60,0.0,0.0,0.0,0.0,0.0,5,20.3,16.3,78,994.2,136,1.8,-9900,-9900,0.0,0.0
2023,5,24,7,60,0.0,0.0,0.0,0.0,0.0,5,20.7,16.7,78,994.0,130,2.1,-9900,-9900,0.0,0.0
2023,5,24,8,60,0.0,0.0,0.0,0.0,0.0,5,21.4,17.0,76,994.3,132,1.2,-9900,-9900,0.0,0.0
2023,5,24,9,60,0.0,0.0,0.0,0.0,0.0,5,23.1,17.8,72,994.2,92,1.0,-9900,-9900,0.0,0.0
2023,5,24,10,60,0.0,0.0,0.0,0.0,0.0,5,24.7,18.9,70,994.1,122,0.7,-9900,-9900,0.0,0.0
2023,5,24,11,60,0.0,0.0,0.0,0.0,0.0,5,26.0,19.6,68,994.1,308,0.5,-9900,-9900,0.0,0.0
2023,5,24,12,60,0.0,0.0,0.0,0.0,0.0,5,24.8,19.4,72,994.3,274,1.7,-9900,-9900,0.0,0.0
2023,5,24,13,60,0.0,0.0,0.0,0.0,0.0,5,24.2,18.8,72,994.3,267,1.9,-9900,-9900,0.0,0.0
2023,5,24,14,60,0.0,0.0,0.0,0.0,0.0,5,24.3,19.6,75,994.1,258,0.9,-9900,-9900,0.0,0.0
2023,5,24,15,60,0.0,0.0,0.0,0.0,0.0,5,24.9,19.7,73,993.9,266,2.3,-9900,-9900,0.0,0.0
2023,5,24,16,60,0.0,0.0,0.0,0.0,0.0,5,25.0,20.3,75,993.8,283,1.7,-9900,-9900,0.0,0.0
2023,5,24,17,60,0.0,0.0,0.0,0.0,0.0,5,24.2,20.3,79,994.1,307,1.8,-9900,-9900,0.0,0.0
2023,5,24,18,60,0.0,0.0,0.0,0.0,0.0,5,22.3,20.9,92,994.9,284,1.1,-9900,-9900,0.0,0.0
2023,5,24,19,60,0.0,0.0,0.0,0.0,0.0,5,22.2,21.0,93,995.4,267,1.1,-9900,-9900,0.0,0.0
2023,5,24,20,60,0.0,0.0,0.0,0.0,0.0,5,22.3,20.9,92,996.0,268,0.6,-9900,-9900,0.0,0.0
2023,5,24,21,60,0.0,0.0,0.0,0.0,0.0,5,22.6,20.7,89,996.1,260,0.9,-9900,-9900,0.0,0.0
2023,5,24,22,60,0.0,0.0,0.0,0.0,0.0,5,22.7,20.6,88,996.3,263,0.9,-9900,-9900,0.0,0.0
2023,5,24,23,60,0.0,0.0,0.0,0.0,0.0,5,22.6,20.9,90,996.2,0,0.0,-9900,-9900,0.0,0.0
2023,5,24,24,60,0.0,0.0,0.0,0.0,0.0,5,22.2,21.0,93,996.1,0,0.0,-9900,-9900,0.0,0.0
2023,5,25,1,60,0.0,0.0,0.0,0.0,0.0,5,22.4,21.0,92,995.8,124,1.1,-9900,-9900,0.0,0.0
2023,5,25,2,60,0.0,0.0,0.0,0.0,0.0,5,22.4,21.0,92,995.4,90,0.7,-9900,-9900,0.0,0.0
2023,5,25,3,60,0.0,0.0,0.0,0.0,0.0,5,22.4,21.2,93,995.6,128,1.3,-9900,-9900,0.0,0.0
2023,5,25,4,60,0.0,0.0,0.0,0.0,0.0,5,22.5,21.3,93,996.2,71,0.4,-9900,-9900,0.0,0.0
2023,5,25,5,60,0.0,0.0,0.0,0.0,0.0,5,22.5,21.3,93,996.7,125,0.7,-9900,-9900,0.0,0.0
2023,5,25,6,60,0.0,0.0,0.0,0.0,0.0,5,22.2,21.4,95,997.1,136,0.7,-9900,-9900,0.0,0.0
2023,5,25,7,60,0.0,0.0,0.0,0.0,0.0,5,22.3,21.1,93,997.7,0,0.0,-9900,-9900,0.0,0.0
2023,5,25,8,60,0.0,0.0,0.0,0.0,0.0,5,22.6,21.2,92,997.8,81,0.4,-9900,-9900,0.0,0.0
2023,5,25,9,60,0.0,0.0,0.0,0.0,0.0,5,23.0,20.9,88,997.7,0,0.0,-9900,-9900,0.0,0.0
2023,5,25,10,60,0.0,0.0,0.0,0.0,0.0,5,23.8,21.5,87,997.6,0,0.2,-9900,-9900,0.0,0.0
2023,5,25,11,60,0.0,0.0,0.0,0.0,0.0,5,24.7,22.0,85,997.5,91,1.6,-9900,-9900,0.0,0.0
2023,5,25,12,60,0.0,0.0,0.0,0.0,0.0,5,26.3,21.9,77,996.9,77,1.2,-9900,-9900,0.0,0.0
2023,5,25,13,60,0.0,0.0,0.0,0.0,0.0,5,26.9,21.7,73,996.7,27,0.7,-9900,-9900,0.0,0.0
2023,5,25,14,60,0.0,0.0,0.0,0.0,0.0,5,27.4,22.1,73,996.3,10,0.9,-9900,-9900,0.0,0.0
2023,5,25,15,60,0.0,0.0,0.0,0.0,0.0,5,27.3,21.8,72,995.9,6,1.9,-9900,-9900,0.0,0.0
2023,5,25,16,60,0.0,0.0,0.0,0.0,0.0,5,26.5,22.1,77,995.6,14,1.1,-9900,-9900,0.0,0.0
2023,5,25,17,60,0.0,0.0,0.0,0.0,0.0,5,28.2,21.5,67,995.4,8,0.5,-9900,-9900,0.0,0.0
2023,5,25,18,60,0.0,0.0,0.0,0.0,0.0,5,27.2,21.3,70,995.4,77,0.6,-9900,-9900,0.0,0.0
2023,5,25,19,60,0.0,0.0,0.0,0.0,0.0,5,26.5,22.6,79,996.1,95,1.9,-9900,-9900,0.0,0.0
2023,5,25,20,60,0.0,0.0,0.0,0.0,0.0,5,25.7,22.6,83,996.4,93,1.3,-9900,-9900,0.0,0.0
2023,5,25,21,60,0.0,0.0,0.0,0.0,0.0,5,25.3,22.8,86,996.9,90,1.2,-9900,-9900,0.0,0.0
2023,5,25,22,60,0.0,0.0,0.0,0.0,0.0,5,25.0,22.7,87,997.4,79,0.7,-9900,-9900,0.0,0.0
2023,5,25,23,60,0.0,0.0,0.0,0.0,0.0,5,24.4,22.7,90,997.5,136,0.9,-9900,-9900,0.0,0.0
2023,5,25,24,60,0.0,0.0,0.0,0.0,0.0,5,24.4,22.5,89,997.4,122,0.7,-9900,-9900,0.0,0.0
2023,5,26,1,60,0.0,0.0,0.0,0.0,0.0,5,24.4,22.7,90,997.0,114,0.4,-9900,-9900,0.0,0.0
2023,5,26,2,60,0.0,0.0,0.0,0.0,0.0,5,24.2,22.5,90,996.4,127,1.0,-9900,-9900,0.0,0.0
2023,5,26,3,60,0.0,0.0,0.0,0.0,0.0,5,23.4,22.0,92,996.1,123,1.5,-9900,-9900,0.0,0.0
2023,5,26,4,60,0.0,0.0,0.0,0.0,0.0,5,23.2,21.8,92,995.7,130,1.1,-9900,-9900,0.0,0.0
2023,5,26,5,60,0.0,0.0,0.0,0.0,0.0,5,23.0,21.5,91,995.8,132,1.0,-9900,-9900,0.0,0.0
2023,5,26,6,60,0.0,0.0,0.0,0.0,0.0,5,24.0,21.7,87,996.8,84,0.4,-9900,-9900,0.0,0.0
2023,5,26,7,60,0.0,0.0,0.0,0.0,0.0,5,25.4,21.9,81,997.5,151,0.5,-9900,-9900,0.0,0.0
2023,5,26,8,60,0.0,0.0,0.0,0.0,0.0,5,28.4,21.4,66,997.8,0,0.0,-9900,-9900,0.0,0.0
2023,5,26,9,60,0.0,0.0,0.0,0.0,0.0,5,27.8,22.3,72,997.9,266,0.8,-9900,-9900,0.0,0.0
2023,5,26,10,60,0.0,0.0,0.0,0.0,0.0,5,29.0,23.7,73,998.0,294,1.7,-9900,-9900,0.0,0.0
2023,5,26,11,60,0.0,0.0,0.0,0.0,0.0,5,28.5,23.9,76,997.8,312,2.2,-9900,-9900,0.0,0.0
2023,5,26,12,60,0.0,0.0,0.0,0.0,0.0,5,29.0,23.4,72,997.3,314,1.5,-9900,-9900,0.0,0.0
2023,5,26,13,60,0.0,0.0,0.0,0.0,0.0,5,29.5,23.9,72,996.6,322,2.0,-9900,-9900,0.0,0.0
2023,5,26,14,60,0.0,0.0,0.0,0.0,0.0,5,29.1,23.3,71,995.9,335,1.6,-9900,-9900,0.0,0.0
2023,5,26,15,60,0.0,0.0,0.0,0.0,0.0,5,28.3,23.7,76,995.7,316,2.6,-9900,-9900,0.0,0.0
2023,5,26,16,60,0.0,0.0,0.0,0.0,0.0,5,28.5,23.2,73,995.5,358,2.0,-9900,-9900,0.0,0.0
2023,5,26,17,60,0.0,0.0,0.0,0.0,0.0,5,27.9,23.3,76,995.2,1,2.0,-9900,-9900,0.0,0.0
2023,5,26,18,60,0.0,0.0,0.0,0.0,0.0,5,27.4,22.1,73,995.2,1,1.7,-9900,-9900,0.0,0.0
2023,5,26,19,60,0.0,0.0,0.0,0.0,0.0,5,27.6,22.5,74,995.5,25,1.0,-9900,-9900,0.0,0.0
2023,5,26,20,60,0.0,0.0,0.0,0.0,0.0,5,27.3,21.8,72,995.2,85,2.1,-9900,-9900,0.0,0.0
2023,5,26,21,60,0.0,0.0,0.0,0.0,0.0,5,26.9,21.4,72,995.4,92,3.0,-9900,-9900,0.0,0.0
2023,5,26,22,60,0.0,0.0,0.0,0.0,0.0,5,26.7,21.2,72,995.6,91,2.7,-9900,-9900,0.0,0.0
2023,5,26,23,60,0.0,0.0,0.0,0.0,0.0,5,26.3,21.3,74,995.3,95,2.5,-9900,-9900,0.0,0.0
2023,5,26,24,60,0.0,0.0,0.0,0.0,0.0,5,26.1,21.1,74,995.0,97,3.0,-9900,-9900,0.0,0.0
2023,5,27,1,60,0.0,0.0,0.0,0.0,0.0,5,25.6,20.8,75,994.6,124,2.2,-9900,-9900,0.0,0.0
2023,5,27,2,60,0.0,0.0,0.0,0.0,0.0,5,25.2,21.1,78,994.5,153,0.8,-9900,-9900,0.0,0.0
2023,5,27,3,60,0.0,0.0,0.0,0.0,0.0,5,25.0,22.1,84,994.4,147,0.6,-9900,-9900,0.0,0.0
2023,5,27,4,60,0.0,0.0,0.0,0.0,0.0,5,24.9,22.8,88,994.6,117,0.9,-9900,-9900,0.0,0.0
2023,5,27,5,60,0.0,0.0,0.0,0.0,0.0,5,25.0,21.3,80,994.7,134,0.9,-9900,-9900,0.0,0.0
2023,5,27,6,60,0.0,0.0,0.0,0.0,0.0,5,24.4,21.9,86,995.3,132,1.1,-9900,-9900,0.0,0.0
2023,5,27,7,60,0.0,0.0,0.0,0.0,0.0,5,24.9,21.4,81,995.5,125,1.3,-9900,-9900,0.0,0.0
2023,5,27,8,60,0.0,0.0,0.0,0.0,0.0,5,26.1,21.3,75,995.9,91,1.9,-9900,-9900,0.0,0.0
2023,5,27,9,60,0.0,0.0,0.0,0.0,0.0,5,27.4,21.4,70,995.8,97,1.2,-9900,-9900,0.0,0.0
2023,5,27,10,60,0.0,0.0,0.0,0.0,0.0,5,29.6,20.5,58,995.4,85,1.4,-9900,-9900,0.0,0.0
2023,5,27,11,60,0.0,0.0,0.0,0.0,0.0,5,30.1,20.1,55,995.0,66,2.0,-9900,-9900,0.0,0.0
2023,5,27,12,60,0.0,0.0,0.0,0.0,0.0,5,30.7,19.4,51,994.6,92,1.6,-9900,-9900,0.0,0.0
2023,5,27,13,60,0.0,0.0,0.0,0.0,0.0,5,31.2,18.2,46,993.8,59,1.7,-9900,-9900,0.0,0.0
2023,5,27,14,60,0.0,0.0,0.0,0.0,0.0,5,31.8,18.4,45,993.5,83,1.7,-9900,-9900,0.0,0.0
2023,5,27,15,60,0.0,0.0,0.0,0.0,0.0,5,31.6,19.6,49,993.2,42,2.3,-9900,-9900,0.0,0.0
2023,5,27,16,60,0.0,0.0,0.0,0.0,0.0,5,30.8,18.5,48,993.0,91,2.1,-9900,-9900,0.0,0.0
2023,5,27,17,60,0.0,0.0,0.0,0.0,0.0,5,29.1,19.4,56,993.3,80,3.8,-9900,-9900,0.0,0.0
2023,5,27,18,60,0.0,0.0,0.0,0.0,0.0,5,27.9,19.7,61,993.5,76,2.9,-9900,-9900,0.0,0.0
2023,5,27,19,60,0.0,0.0,0.0,0.0,0.0,5,26.4,19.3,65,994.0,80,2.3,-9900,-9900,0.0,0.0
2023,5,27,20,60,0.0,0.0,0.0,0.0,0.0,5,25.8,19.2,67,994.0,91,3.0,-9900,-9900,0.0,0.0
2023,5,27,21,60,0.0,0.0,0.0,0.0,0.0,5,25.3,18.5,66,994.3,95,3.8,-9900,-9900,0.0,0.0
2023,5,27,22,60,0.0,0.0,0.0,0.0,0.0,5,25.1,18.3,66,994.2,95,2.8,-9900,-9900,0.0,0.0
2023,5,27,23,60,0.0,0.0,0.0,0.0,0.0,5,24.8,17.5,64,993.8,96,3.3,-9900,-9900,0.0,0.0
2023,5,27,24,60,0.0,0.0,0.0,0.0,0.0,5,24.6,17.3,64,993.1,97,2.6,-9900,-9900,0.0,0.0
2023,5,28,1,60,0.0,0.0,0.0,0.0,0.0,5,24.5,17.0,63,992.8,101,1.9,-9900,-9900,0.0,0.0
2023,5,28,2,60,0.0,0.0,0.0,0.0,0.0,5,24.4,16.9,63,992.6,130,2.0,-9900,-9900,0.0,0.0
2023,5,28,3,60,0.0,0.0,0.0,0.0,0.0,5,24.0,17.3,66,992.8,121,1.6,-9900,-9900,0.0,0.0
2023,5,28,4,60,0.0,0.0,0.0,0.0,0.0,5,23.8,17.3,67,993.0,124,1.2,-9900,-9900,0.0,0.0
2023,5,28,5,60,0.0,0.0,0.0,0.0,0.0,5,23.8,17.3,67,993.3,137,0.9,-9900,-9900,0.0,0.0
2023,5,28,6,60,0.0,0.0,0.0,0.0,0.0,5,24.0,17.0,65,993.7,133,1.6,-9900,-9900,0.0,0.0
2023,5,28,7,60,0.0,0.0,0.0,0.0,0.0,5,25.1,17.8,64,994.0,125,1.2,-9900,-9900,0.0,0.0
2023,5,28,8,60,0.0,0.0,0.0,0.0,0.0,5,27.3,19.4,62,994.1,120,0.9,-9900,-9900,0.0,0.0
2023,5,28,9,60,0.0,0.0,0.0,0.0,0.0,5,29.3,20.2,58,994.1,32,0.8,-9900,-9900,0.0,0.0
2023,5,28,10,60,0.0,0.0,0.0,0.0,0.0,5,30.1,19.8,54,993.9,326,0.9,-9900,-9900,0.0,0.0
2023,5,28,11,60,0.0,0.0,0.0,0.0,0.0,5,30.2,22.1,62,992.9,344,1.8,-9900,-9900,0.0,0.0
2023,5,28,12,60,0.0,0.0,0.0,0.0,0.0,5,29.9,22.1,63,992.5,311,3.1,-9900,-9900,0.0,0.0
2023,5,28,13,60,0.0,0.0,0.0,0.0,0.0,5,30.8,23.2,64,991.9,275,1.1,-9900,-9900,0.0,0.0
2023,5,28,14,60,0.0,0.0,0.0,0.0,0.0,5,31.5,22.2,58,991.4,25,0.7,-9900,-9900,0.0,0.0
2023,5,28,15,60,0.0,0.0,0.0,0.0,0.0,5,32.5,21.7,53,990.7,90,3.6,-9900,-9900,0.0,0.0
2023,5,28,16,60,0.0,0.0,0.0,0.0,0.0,5,31.2,22.0,58,990.3,76,2.8,-9900,-9900,0.0,0.0
2023,5,28,17,60,0.0,0.0,0.0,0.0,0.0,5,29.8,21.7,62,990.3,95,4.1,-9900,-9900,0.0,0.0
2023,5,28,18,60,0.0,0.0,0.0,0.0,0.0,5,28.9,21.7,65,990.4,90,4.7,-9900,-9900,0.0,0.0
2023,5,28,19,60,0.0,0.0,0.0,0.0,0.0,5,28.0,22.0,70,990.7,87,2.7,-9900,-9900,0.0,0.0
2023,5,28,20,60,0.0,0.0,0.0,0.0,0.0,5,27.5,21.8,71,991.5,89,4.6,-9900,-9900,0.0,0.0
2023,5,28,21,60,0.0,0.0,0.0,0.0,0.0,5,27.4,21.0,68,991.7,89,3.4,-9900,-9900,0.0,0.0
2023,5,28,22,60,0.0,0.0,0.0,0.0,0.0,5,27.2,21.9,73,991.9,86,4.8,-9900,-9900,0.0,0.0
2023,5,28,23,60,0.0,0.0,0.0,0.0,0.0,5,27.4,21.9,72,991.8,87,3.4,-9900,-9900,0.0,0.0
2023,5,28,24,60,0.0,0.0,0.0,0.0,0.0,5,27.2,22.2,74,991.2,83,3.7,-9900,-9900,0.0,0.0
2023,5,29,1,60,0.0,0.0,0.0,0.0,0.0,5,27.1,22.5,76,990.4,87,3.6,-9900,-9900,0.0,0.0
2023,5,29,2,60,0.0,0.0,0.0,0.0,0.0,5,26.8,22.6,78,989.9,85,2.8,-9900,-9900,0.0,0.0
2023,5,29,3,60,0.0,0.0,0.0,0.0,0.0,5,26.7,22.3,77,989.5,91,3.9,-9900,-9900,0.0,0.0
2023,5,29,4,60,0.0,0.0,0.0,0.0,0.0,5,26.5,22.6,79,989.4,94,4.8,-9900,-9900,0.0,0.0
2023,5,29,5,60,0.0,0.0,0.0,0.0,0.0,5,26.0,22.9,83,989.9,85,2.3,-9900,-9900,0.0,0.0
2023,5,29,6,60,0.0,0.0,0.0,0.0,0.0,5,26.3,22.4,79,990.0,85,3.6,-9900,-9900,0.0,0.0
2023,5,29,7,60,0.0,0.0,0.0,0.0,0.0,5,27.2,22.4,75,989.9,86,4.4,-9900,-9900,0.0,0.0
2023,5,29,8,60,0.0,0.0,0.0,0.0,0.0,5,28.2,22.7,72,990.1,83,5.7,-9900,-9900,0.0,0.0
2023,5,29,9,60,0.0,0.0,0.0,0.0,0.0,5,29.1,22.6,68,990.1,91,5.1,-9900,-9900,0.0,0.0
2023,5,29,10,60,0.0,0.0,0.0,0.0,0.0,5,30.3,21.7,60,990.2,83,5.5,-9900,-9900,0.0,0.0
2023,5,29,11,60,0.0,0.0,0.0,0.0,0.0,5,31.2,22.2,59,989.9,86,3.9,-9900,-9900,0.0,0.0
2023,5,29,12,60,0.0,0.0,0.0,0.0,0.0,5,30.9,21.7,58,989.0,93,5.3,-9900,-9900,0.0,0.0
2023,5,29,13,60,0.0,0.0,0.0,0.0,0.0,5,31.9,21.1,53,988.4,88,5.0,-9900,-9900,0.0,0.0
2023,5,29,14,60,0.0,0.0,0.0,0.0,0.0,5,32.9,20.4,48,987.8,84,4.4,-9900,-9900,0.0,0.0
2023,5,29,15,60,0.0,0.0,0.0,0.0,0.0,5,33.2,19.7,45,987.8,88,3.7,-9900,-9900,0.0,0.0
2023,5,29,16,60,0.0,0.0,0.0,0.0,0.0,5,32.0,19.6,48,988.2,83,4.9,-9900,-9900,0.0,0.0
2023,5,29,17,60,0.0,0.0,0.0,0.0,0.0,5,30.2,21.8,61,988.5,75,5.2,-9900,-9900,0.0,0.0
2023,5,29,18,60,0.0,0.0,0.0,0.0,0.0,5,29.0,22.7,69,989.1,76,4.1,-9900,-9900,0.0,0.0
2023,5,29,19,60,0.0,0.0,0.0,0.0,0.0,5,28.0,22.9,74,989.8,80,3.5,-9900,-9900,0.0,0.0
2023,5,29,20,60,0.0,0.0,0.0,0.0,0.0,5,27.6,22.5,74,990.2,74,3.5,-9900,-9900,0.0,0.0
2023,5,29,21,60,0.0,0.0,0.0,0.0,0.0,5,27.4,22.4,74,990.5,85,4.4,-9900,-9900,0.0,0.0
2023,5,29,22,60,0.0,0.0,0.0,0.0,0.0,5,27.2,22.4,75,990.5,89,4.6,-9900,-9900,0.0,0.0
2023,5,29,23,60,0.0,0.0,0.0,0.0,0.0,5,27.3,21.8,72,990.4,79,3.4,-9900,-9900,0.0,0.0
2023,5,29,24,60,0.0,0.0,0.0,0.0,0.0,5,26.7,22.8,79,989.5,77,4.1,-9900,-9900,0.0,0.0
2023,5,30,1,60,0.0,0.0,0.0,0.0,0.0,5,26.5,23.0,81,988.8,84,3.7,-9900,-9900,0.0,0.0
2023,5,30,2,60,0.0,0.0,0.0,0.0,0.0,5,26.2,23.3,84,988.2,75,3.6,-9900,-9900,0.0,0.0
2023,5,30,3,60,0.0,0.0,0.0,0.0,0.0,5,26.2,23.1,83,987.8,80,3.9,-9900,-9900,0.0,0.0
2023,5,30,4,60,0.0,0.0,0.0,0.0,0.0,5,26.3,23.2,83,988.1,78,3.2,-9900,-9900,0.0,0.0
2023,5,30,5,60,0.0,0.0,0.0,0.0,0.0,5,26.2,22.9,82,988.1,73,2.7,-9900,-9900,0.0,0.0
2023,5,30,6,60,0.0,0.0,0.0,0.0,0.0,5,26.3,23.4,84,988.5,72,2.6,-9900,-9900,0.0,0.0
2023,5,30,7,60,0.0,0.0,0.0,0.0,0.0,5,26.8,23.1,80,988.6,80,3.1,-9900,-9900,0.0,0.0
2023,5,30,8,60,0.0,0.0,0.0,0.0,0.0,5,27.8,23.4,77,988.7,79,3.5,-9900,-9900,0.0,0.0
2023,5,30,9,60,0.0,0.0,0.0,0.0,0.0,5,28.5,23.4,74,988.7,91,3.9,-9900,-9900,0.0,0.0
2023,5,30,10,60,0.0,0.0,0.0,0.0,0.0,5,29.2,23.2,70,988.2,83,4.1,-9900,-9900,0.0,0.0
2023,5,30,11,60,0.0,0.0,0.0,0.0,0.0,5,29.5,23.5,70,987.8,76,4.0,-9900,-9900,0.0,0.0
2023,5,30,12,60,0.0,0.0,0.0,0.0,0.0,5,30.5,23.4,66,987.1,70,3.9,-9900,-9900,0.0,0.0
2023,5,30,13,60,0.0,0.0,0.0,0.0,0.0,5,30.3,23.5,67,986.5,74,4.1,-9900,-9900,0.0,0.0
2023,5,30,14,60,0.0,0.0,0.0,0.0,0.0,5,30.0,23.7,69,986.0,82,3.9,-9900,-9900,0.0,0.0
2023,5,30,15,60,0.0,0.0,0.0,0.0,0.0,5,28.6,24.6,79,986.0,48,3.2,-9900,-9900,0.0,0.0
2023,5,30,16,60,0.0,0.0,0.0,0.0,0.0,5,28.8,23.2,72,985.5,75,4.2,-9900,-9900,0.0,0.0
2023,5,30,17,60,0.0,0.0,0.0,0.0,0.0,5,28.7,23.2,72,985.2,88,3.6,-9900,-9900,0.0,0.0
2023,5,30,18,60,0.0,0.0,0.0,0.0,0.0,5,28.3,23.4,75,985.8,78,2.3,-9900,-9900,0.0,0.0
2023,5,30,19,60,0.0,0.0,0.0,0.0,0.0,5,27.6,23.8,80,986.0,85,3.7,-9900,-9900,0.0,0.0
2023,5,30,20,60,0.0,0.0,0.0,0.0,0.0,5,27.5,23.7,80,986.4,81,2.8,-9900,-9900,0.0,0.0
2023,5,30,21,60,0.0,0.0,0.0,0.0,0.0,5,27.4,24.1,82,986.8,80,3.9,-9900,-9900,0.0,0.0
2023,5,30,22,60,0.0,0.0,0.0,0.0,0.0,5,27.4,23.8,81,987.0,75,3.7,-9900,-9900,0.0,0.0
2023,5,30,23,60,0.0,0.0,0.0,0.0,0.0,5,26.5,24.2,87,986.7,84,4.0,-9900,-9900,0.0,0.0
2023,5,30,24,60,0.0,0.0,0.0,0.0,0.0,5,26.0,24.2,90,985.8,87,3.8,-9900,-9900,0.0,0.0
2023,5,31,1,60,0.0,0.0,0.0,0.0,0.0,5,26.0,24.2,90,985.3,77,2.2,-9900,-9900,0.0,0.0
2023,5,31,2,60,0.0,0.0,0.0,0.0,0.0,5,26.1,24.1,89,984.5,90,2.4,-9900,-9900,0.0,0.0
2023,5,31,3,60,0.0,0.0,0.0,0.0,0.0,5,26.0,24.0,89,984.0,83,2.9,-9900,-9900,0.0,0.0
2023,5,31,4,60,0.0,0.0,0.0,0.0,0.0,5,25.6,24.0,91,983.8,81,2.1,-9900,-9900,0.0,0.0
2023,5,31,5,60,0.0,0.0,0.0,0.0,0.0,5,25.8,24.2,91,984.3,81,1.9,-9900,-9900,0.0,0.0
2023,5,31,6,60,0.0,0.0,0.0,0.0,0.0,5,26.0,23.7,87,984.7,55,1.9,-9900,-9900,0.0,0.0
2023,5,31,7,60,0.0,0.0,0.0,0.0,0.0,5,26.5,23.8,85,985.0,71,1.9,-9900,-9900,0.0,0.0
2023,5,31,8,60,0.0,0.0,0.0,0.0,0.0,5,26.7,24.4,87,985.0,46,2.4,-9900,-9900,0.0,0.0
2023,5,31,9,60,0.0,0.0,0.0,0.0,0.0,5,27.0,24.3,85,985.3,37,3.5,-9900,-9900,0.0,0.0
2023,5,31,10,60,0.0,0.0,0.0,0.0,0.0,5,26.2,24.8,92,984.9,35,3.3,-9900,-9900,0.0,0.0
2023,5,31,11,60,0.0,0.0,0.0,0.0,0.0,5,26.5,24.5,89,984.9,40,4.3,-9900,-9900,0.0,0.0
2023,5,31,12,60,0.0,0.0,0.0,0.0,0.0,5,27.2,24.5,85,984.4,45,2.7,-9900,-9900,0.0,0.0
2023,5,31,13,60,0.0,0.0,0.0,0.0,0.0,5,27.0,24.3,85,983.9,35,5.0,-9900,-9900,0.0,0.0
2023,5,31,14,60,0.0,0.0,0.0,0.0,0.0,5,26.2,24.6,91,983.7,38,4.3,-9900,-9900,0.0,0.0
2023,5,31,15,60,0.0,0.0,0.0,0.0,0.0,5,25.1,24.1,94,983.6,45,3.9,-9900,-9900,0.0,0.0
2023,5,31,16,60,0.0,0.0,0.0,0.0,0.0,5,25.5,24.1,92,983.6,40,4.5,-9900,-9900,0.0,0.0
2023,5,31,17,60,0.0,0.0,0.0,0.0,0.0,5,25.6,24.0,91,983.7,52,2.9,-9900,-9900,0.0,0.0
2023,5,31,18,60,0.0,0.0,0.0,0.0,0.0,5,25.6,23.8,90,983.7,45,3.5,-9900,-9900,0.0,0.0
2023,5,31,19,60,0.0,0.0,0.0,0.0,0.0,5,25.2,23.8,92,984.2,39,3.6,-9900,-9900,0.0,0.0
2023,5,31,20,60,0.0,0.0,0.0,0.0,0.0,5,23.2,21.5,90,985.0,94,4.9,-9900,-9900,0.0,0.0
2023,5,31,21,60,0.0,0.0,0.0,0.0,0.0,5,23.2,21.8,92,985.7,97,2.2,-9900,-9900,0.0,0.0
2023,5,31,22,60,0.0,0.0,0.0,0.0,0.0,5,23.4,22.4,94,985.7,58,0.8,-9900,-9900,0.0,0.0
2023,5,31,23,60,0.0,0.0,0.0,0.0,0.0,5,24.3,23.3,94,985.3,56,1.3,-9900,-9900,0.0,0.0
2023,5,31,24,60,0.0,0.0,0.0,0.0,0.0,5,24.7,23.7,94,984.8,37,2.5,-9900,-9900,0.0,0.0
2023,6,1,1,60,0.0,0.0,0.0,0.0,0.0,5,24.8,23.6,93,984.2,44,1.5,-9900,-9900,0.0,0.0
2023,6,1,2,60,0.0,0.0,0.0,0.0,0.0,5,24.9,23.3,91,984.2,52,1.8,-9900,-9900,0.0,0.0
2023,6,1,3,60,0.0,0.0,0.0,0.0,0.0,5,24.9,23.1,90,983.4,52,2.1,-9900,-9900,0.0,0.0
2023,6,1,4,60,0.0,0.0,0.0,0.0,0.0,5,25.0,22.9,88,983.2,43,2.8,-9900,-9900,0.0,0.0
2023,6,1,5,60,0.0,0.0,0.0,0.0,0.0,5,24.3,23.1,93,983.2,46,1.1,-9900,-9900,0.0,0.0
2023,6,1,6,60,0.0,0.0,0.0,0.0,0.0,5,24.7,23.5,93,983.5,7,2.9,-9900,-9900,0.0,0.0
2023,6,1,7,60,0.0,0.0,0.0,0.0,0.0,5,24.8,23.6,93,984.2,360,2.6,-9900,-9900,0.0,0.0
2023,6,1,8,60,0.0,0.0,0.0,0.0,0.0,5,24.7,23.5,93,984.5,351,1.9,-9900,-9900,0.0,0.0
2023,6,1,9,60,0.0,0.0,0.0,0.0,0.0,5,24.8,23.4,92,985.0,7,2.2,-9900,-9900,0.0,0.0
2023,6,1,10,60,0.0,0.0,0.0,0.0,0.0,5,25.3,23.5,90,984.9,3,2.9,-9900,-9900,0.0,0.0
2023,6,1,11,60,0.0,0.0,0.0,0.0,0.0,5,26.0,23.5,86,985.0,1,2.7,-9900,-9900,0.0,0.0
2023,6,1,12,60,0.0,0.0,0.0,0.0,0.0,5,26.1,24.0,88,984.7,317,3.1,-9900,-9900,0.0,0.0
2023,6,1,13,60,0.0,0.0,0.0,0.0,0.0,5,27.3,23.8,81,984.6,332,1.9,-9900,-9900,0.0,0.0
2023,6,1,14,60,0.0,0.0,0.0,0.0,0.0,5,26.5,23.6,84,984.6,317,3.0,-9900,-9900,0.0,0.0
2023,6,1,15,60,0.0,0.0,0.0,0.0,0.0,5,26.3,23.8,86,984.7,316,3.0,-9900,-9900,0.0,0.0
2023,6,1,16,60,0.0,0.0,0.0,0.0,0.0,5,26.9,24.2,85,984.3,274,1.4,-9900,-9900,0.0,0.0
2023,6,1,17,60,0.0,0.0,0.0,0.0,0.0,5,26.8,23.3,81,984.3,268,1.3,-9900,-9900,0.0,0.0
2023,6,1,18,60,0.0,0.0,0.0,0.0,0.0,5,28.1,23.3,75,984.4,246,0.8,-9900,-9900,0.0,0.0
2023,6,1,19,60,0.0,0.0,0.0,0.0,0.0,5,27.6,22.8,75,985.0,316,0.7,-9900,-9900,0.0,0.0
2023,6,1,20,60,0.0,0.0,0.0,0.0,0.0,5,25.9,23.2,85,986.2,325,0.7,-9900,-9900,0.0,0.0
2023,6,1,21,60,0.0,0.0,0.0,0.0,0.0,5,26.0,21.9,78,986.7,0,0.0,-9900,-9900,0.0,0.0
2023,6,1,22,60,0.0,0.0,0.0,0.0,0.0,5,26.5,21.3,73,987.3,339,0.3,-9900,-9900,0.0,0.0
2023,6,1,23,60,0.0,0.0,0.0,0.0,0.0,5,26.4,22.0,77,987.3,240,0.9,-9900,-9900,0.0,0.0
2023,6,1,24,60,0.0,0.0,0.0,0.0,0.0,5,26.6,21.6,74,987.2,302,0.3,-9900,-9900,0.0,0.0
2023,6,2,1,60,0.0,0.0,0.0,0.0,0.0,5,26.2,21.8,77,986.8,263,1.6,-9900,-9900,0.0,0.0
2023,6,2,2,60,0.0,0.0,0.0,0.0,0.0,5,25.7,22.2,81,986.7,267,0.7,-9900,-9900,0.0,0.0
2023,6,2,3,60,0.0,0.0,0.0,0.0,0.0,5,25.5,22.2,82,986.4,190,0.5,-9900,-9900,0.0,0.0
2023,6,2,4,60,0.0,0.0,0.0,0.0,0.0,5,25.4,22.7,85,986.6,0,0.2,-9900,-9900,0.0,0.0
2023,6,2,5,60,0.0,0.0,0.0,0.0,0.0,5,25.5,22.2,82,987.0,0,0.0,-9900,-9900,0.0,0.0
2023,6,2,6,60,0.0,0.0,0.0,0.0,0.0,5,25.7,22.4,82,988.1,264,0.4,-9900,-9900,0.0,0.0
2023,6,2,7,60,0.0,0.0,0.0,0.0,0.0,5,26.6,22.7,79,988.9,0,0.0,-9900,-9900,0.0,0.0
2023,6,2,8,60,0.0,0.0,0.0,0.0,0.0,5,28.0,23.6,77,989.2,268,1.1,-9900,-9900,0.0,0.0
2023,6,2,9,60,0.0,0.0,0.0,0.0,0.0,5,28.5,23.0,72,989.6,259,3.7,-9900,-9900,0.0,0.0
2023,6,2,10,60,0.0,0.0,0.0,0.0,0.0,5,29.6,23.8,71,989.8,268,2.7,-9900,-9900,0.0,0.0
2023,6,2,11,60,0.0,0.0,0.0,0.0,0.0,5,30.4,23.6,67,989.3,270,2.2,-9900,-9900,0.0,0.0
2023,6,2,12,60,0.0,0.0,0.0,0.0,0.0,5,31.1,24.0,66,988.9,266,2.2,-9900,-9900,0.0,0.0
2023,6,2,13,60,0.0,0.0,0.0,0.0,0.0,5,31.9,23.4,61,988.6,288,2.4,-9900,-9900,0.0,0.0
2023,6,2,14,60,0.0,0.0,0.0,0.0,0.0,5,30.9,23.6,65,988.5,282,2.6,-9900,-9900,0.0,0.0
2023,6,2,15,60,0.0,0.0,0.0,0.0,0.0,5,31.0,23.9,66,988.5,290,2.0,-9900,-9900,0.0,0.0
2023,6,2,16,60,0.0,0.0,0.0,0.0,0.0,5,31.2,23.8,65,988.4,288,1.4,-9900,-9900,0.0,0.0
2023,6,2,17,60,0.0,0.0,0.0,0.0,0.0,5,30.6,23.5,66,988.7,258,1.5,-9900,-9900,0.0,0.0
2023,6,2,18,60,0.0,0.0,0.0,0.0,0.0,5,30.0,23.7,69,989.3,324,1.7,-9900,-9900,0.0,0.0
2023,6,2,19,60,0.0,0.0,0.0,0.0,0.0,5,28.2,24.4,80,990.1,30,1.7,-9900,-9900,0.0,0.0
2023,6,2,20,60,0.0,0.0,0.0,0.0,0.0,5,27.9,24.3,81,991.2,42,1.0,-9900,-9900,0.0,0.0
2023,6,2,21,60,0.0,0.0,0.0,0.0,0.0,5,27.9,24.1,80,991.9,87,2.1,-9900,-9900,0.0,0.0
2023,6,2,22,60,0.0,0.0,0.0,0.0,0.0,5,27.7,23.7,79,992.4,92,1.8,-9900,-9900,0.0,0.0
2023,6,2,23,60,0.0,0.0,0.0,0.0,0.0,5,27.8,23.4,77,992.3,95,2.4,-9900,-9900,0.0,0.0
2023,6,2,24,60,0.0,0.0,0.0,0.0,0.0,5,27.4,23.6,80,992.0,89,1.9,-9900,-9900,0.0,0.0
2023,6,3,1,60,0.0,0.0,0.0,0.0,0.0,5,27.0,24.1,84,991.5,81,1.1,-9900,-9900,0.0,0.0
2023,6,3,2,60,0.0,0.0,0.0,0.0,0.0,5,26.8,24.1,85,991.2,85,1.4,-9900,-9900,0.0,0.0
2023,6,3,3,60,0.0,0.0,0.0,0.0,0.0,5,26.3,24.2,88,991.3,125,1.0,-9900,-9900,0.0,0.0
2023,6,3,4,60,0.0,0.0,0.0,0.0,0.0,5,25.9,24.1,90,991.3,122,0.8,-9900,-9900,0.0,0.0
2023,6,3,5,60,0.0,0.0,0.0,0.0,0.0,5,26.0,23.9,88,991.8,141,1.3,-9900,-9900,0.0,0.0
2023,6,3,6,60,0.0,0.0,0.0,0.0,0.0,5,26.5,24.0,86,992.4,105,0.7,-9900,-9900,0.0,0.0
2023,6,3,7,60,0.0,0.0,0.0,0.0,0.0,5,27.6,24.5,83,992.9,277,0.6,-9900,-9900,0.0,0.0
2023,6,3,8,60,0.0,0.0,0.0,0.0,0.0,5,28.7,24.5,78,993.4,293,0.5,-9900,-9900,0.0,0.0
2023,6,3,9,60,0.0,0.0,0.0,0.0,0.0,5,30.6,24.7,71,993.7,335,0.6,-9900,-9900,0.0,0.0
2023,6,3,10,60,0.0,0.0,0.0,0.0,0.0,5,30.6,24.7,71,993.7,331,1.2,-9900,-9900,0.0,0.0
2023,6,3,11,60,0.0,0.0,0.0,0.0,0.0,5,29.9,25.4,77,993.6,3,1.6,-9900,-9900,0.0,0.0
2023,6,3,12,60,0.0,0.0,0.0,0.0,0.0,5,29.4,24.5,75,993.2,12,1.8,-9900,-9900,0.0,0.0
2023,6,3,13,60,0.0,0.0,0.0,0.0,0.0,5,30.5,23.9,68,992.6,340,1.8,-9900,-9900,0.0,0.0
2023,6,3,14,60,0.0,0.0,0.0,0.0,0.0,5,28.5,24.3,78,992.8,94,3.6,-9900,-9900,0.0,0.0
2023,6,3,15,60,0.0,0.0,0.0,0.0,0.0,5,28.3,24.1,78,992.4,96,2.7,-9900,-9900,0.0,0.0
2023,6,3,16,60,0.0,0.0,0.0,0.0,0.0,5,29.0,23.4,72,991.7,86,2.0,-9900,-9900,0.0,0.0
2023,6,3,17,60,0.0,0.0,0.0,0.0,0.0,5,29.2,23.4,71,991.8,95,2.2,-9900,-9900,0.0,0.0
2023,6,3,18,60,0.0,0.0,0.0,0.0,0.0,5,28.7,23.6,74,992.2,92,2.2,-9900,-9900,0.0,0.0
2023,6,3,19,60,0.0,0.0,0.0,0.0,0.0,5,27.9,23.3,76,992.7,90,3.2,-9900,-9900,0.0,0.0
2023,6,3,20,60,0.0,0.0,0.0,0.0,0.0,5,27.5,23.3,78,993.1,93,2.2,-9900,-9900,0.0,0.0
2023,6,3,21,60,0.0,0.0,0.0,0.0,0.0,5,27.2,23.0,78,993.4,92,2.3,-9900,-9900,0.0,0.0
2023,6,3,22,60,0.0,0.0,0.0,0.0,0.0,5,27.2,22.8,77,994.1,94,2.0,-9900,-9900,0.0,0.0
2023,6,3,23,60,0.0,0.0,0.0,0.0,0.0,5,27.0,22.6,77,994.2,112,1.6,-9900,-9900,0.0,0.0
2023,6,3,24,60,0.0,0.0,0.0,0.0,0.0,5,27.0,22.6,77,994.1,91,1.0,-9900,-9900,0.0,0.0
2023,6,4,1,60,0.0,0.0,0.0,0.0,0.0,5,26.7,23.0,80,993.9,130,2.0,-9900,-9900,0.0,0.0
2023,6,4,2,60,0.0,0.0,0.0,0.0,0.0,5,26.8,23.1,80,993.7,122,0.9,-9900,-9900,0.0,0.0
2023,6,4,3,60,0.0,0.0,0.0,0.0,0.0,5,26.7,23.4,82,993.3,133,1.4,-9900,-9900,0.0,0.0
2023,6,4,4,60,0.0,0.0,0.0,0.0,0.0,5,26.3,23.2,83,993.3,128,1.3,-9900,-9900,0.0,0.0
2023,6,4,5,60,0.0,0.0,0.0,0.0,0.0,5,26.3,23.2,83,993.5,140,1.1,-9900,-9900,0.0,0.0
2023,6,4,6,60,0.0,0.0,0.0,0.0,0.0,5,26.5,23.0,81,993.7,123,1.3,-9900,-9900,0.0,0.0
2023,6,4,7,60,0.0,0.0,0.0,0.0,0.0,5,27.3,23.1,78,994.1,76,0.7,-9900,-9900,0.0,0.0
2023,6,4,8,60,0.0,0.0,0.0,0.0,0.0,5,27.6,23.6,79,994.4,82,0.3,-9900,-9900,0.0,0.0
2023,6,4,9,60,0.0,0.0,0.0,0.0,0.0,5,27.8,24.4,82,994.6,312,1.2,-9900,-9900,0.0,0.0
2023,6,4,10,60,0.0,0.0,0.0,0.0,0.0,5,28.9,24.0,75,994.3,258,0.3,-9900,-9900,0.0,0.0
2023,6,4,11,60,0.0,0.0,0.0,0.0,0.0,5,29.8,24.2,72,994.1,295,1.4,-9900,-9900,0.0,0.0
2023,6,4,12,60,0.0,0.0,0.0,0.0,0.0,5,29.9,24.3,72,993.5,321,0.8,-9900,-9900,0.0,0.0
2023,6,4,13,60,0.0,0.0,0.0,0.0,0.0,5,28.6,24.8,80,993.3,282,0.8,-9900,-9900,0.0,0.0
2023,6,4,14,60,0.0,0.0,0.0,0.0,0.0,5,27.1,24.9,88,992.9,96,1.1,-9900,-9900,0.0,0.0
2023,6,4,15,60,0.0,0.0,0.0,0.0,0.0,5,25.7,24.7,94,992.7,129,1.5,-9900,-9900,0.0,0.0
2023,6,4,16,60,0.0,0.0,0.0,0.0,0.0,5,25.7,24.8,95,992.6,171,0.8,-9900,-9900,0.0,0.0
2023,6,4,17,60,0.0,0.0,0.0,0.0,0.0,5,26.3,24.3,89,992.5,129,1.8,-9900,-9900,0.0,0.0
2023,6,4,18,60,0.0,0.0,0.0,0.0,0.0,5,26.4,24.3,88,992.7,128,2.6,-9900,-9900,0.0,0.0
2023,6,4,19,60,0.0,0.0,0.0,0.0,0.0,5,26.1,24.7,92,993.0,129,1.7,-9900,-9900,0.0,0.0
2023,6,4,20,60,0.0,0.0,0.0,0.0,0.0,5,26.1,24.7,92,993.3,99,1.3,-9900,-9900,0.0,0.0
2023,6,4,21,60,0.0,0.0,0.0,0.0,0.0,5,25.7,23.7,89,993.8,131,2.2,-9900,-9900,0.0,0.0
2023,6,4,22,60,0.0,0.0,0.0,0.0,0.0,5,25.1,23.3,90,994.4,123,2.3,-9900,-9900,0.0,0.0
2023,6,4,23,60,0.0,0.0,0.0,0.0,0.0,5,24.4,23.0,92,994.6,120,2.7,-9900,-9900,0.0,0.0
2023,6,4,24,60,0.0,0.0,0.0,0.0,0.0,5,23.9,22.7,93,994.3,124,2.4,-9900,-9900,0.0,0.0
2023,6,5,1,60,0.0,0.0,0.0,0.0,0.0,5,23.9,22.5,92,994.2,111,2.2,-9900,-9900,0.0,0.0
2023,6,5,2,60,0.0,0.0,0.0,0.0,0.0,5,24.1,22.4,90,993.4,127,2.3,-9900,-9900,0.0,0.0
2023,6,5,3,60,0.0,0.0,0.0,0.0,0.0,5,24.2,22.6,91,992.8,128,1.5,-9900,-9900,0.0,0.0
2023,6,5,4,60,0.0,0.0,0.0,0.0,0.0,5,24.9,22.6,87,992.3,150,0.6,-9900,-9900,0.0,0.0
2023,6,5,5,60,0.0,0.0,0.0,0.0,0.0,5,25.1,22.4,85,992.1,138,0.4,-9900,-9900,0.0,0.0
2023,6,5,6,60,0.0,0.0,0.0,0.0,0.0,5,24.8,23.0,90,992.8,171,0.4,-9900,-9900,0.0,0.0
2023,6,5,7,60,0.0,0.0,0.0,0.0,0.0,5,26.7,23.4,82,993.4,134,0.4,-9900,-9900,0.0,0.0
2023,6,5,8,60,0.0,0.0,0.0,0.0,0.0,5,27.7,23.9,80,993.7,270,0.5,-9900,-9900,0.0,0.0
2023,6,5,9,60,0.0,0.0,0.0,0.0,0.0,5,28.5,25.3,83,993.7,282,1.4,-9900,-9900,0.0,0.0
2023,6,5,10,60,0.0,0.0,0.0,0.0,0.0,5,29.1,24.0,74,993.5,264,2.4,-9900,-9900,0.0,0.0
2023,6,5,11,60,0.0,0.0,0.0,0.0,0.0,5,30.1,24.7,73,993.4,271,1.8,-9900,-9900,0.0,0.0
2023,6,5,12,60,0.0,0.0,0.0,0.0,0.0,5,31.1,23.7,65,993.1,267,1.7,-9900,-9900,0.0,0.0
2023,6,5,13,60,0.0,0.0,0.0,0.0,0.0,5,31.2,22.8,61,992.8,271,2.0,-9900,-9900,0.0,0.0
2023,6,5,14,60,0.0,0.0,0.0,0.0,0.0,5,31.0,22.1,59,992.4,323,2.9,-9900,-9900,0.0,0.0
2023,6,5,15,60,0.0,0.0,0.0,0.0,0.0,5,31.3,22.3,59,992.0,304,2.2,-9900,-9900,0.0,0.0
2023,6,5,16,60,0.0,0.0,0.0,0.0,0.0,5,31.5,21.7,56,991.6,283,1.1,-9900,-9900,0.0,0.0
2023,6,5,17,60,0.0,0.0,0.0,0.0,0.0,5,30.6,20.5,55,991.7,263,1.8,-9900,-9900,0.0,0.0
2023,6,5,18,60,0.0,0.0,0.0,0.0,0.0,5,30.4,21.2,58,992.1,277,1.5,-9900,-9900,0.0,0.0
2023,6,5,19,60,0.0,0.0,0.0,0.0,0.0,5,29.9,21.3,60,992.8,261,1.7,-9900,-9900,0.0,0.0
2023,6,5,20,60,0.0,0.0,0.0,0.0,0.0,5,29.8,22.0,63,993.4,0,0.0,-9900,-9900,0.0,0.0
2023,6,5,21,60,0.0,0.0,0.0,0.0,0.0,5,29.0,22.0,66,993.9,193,1.2,-9900,-9900,0.0,0.0
2023,6,5,22,60,0.0,0.0,0.0,0.0,0.0,5,28.9,22.6,69,994.2,196,1.0,-9900,-9900,0.0,0.0
2023,6,5,23,60,0.0,0.0,0.0,0.0,0.0,5,28.7,22.9,71,994.4,176,1.0,-9900,-9900,0.0,0.0
2023,6,5,24,60,0.0,0.0,0.0,0.0,0.0,5,28.4,22.4,70,993.7,172,1.0,-9900,-9900,0.0,0.0
2023,6,6,1,60,0.0,0.0,0.0,0.0,0.0,5,27.7,22.2,72,992.8,188,0.9,-9900,-9900,0.0,0.0
2023,6,6,2,60,0.0,0.0,0.0,0.0,0.0,5,27.3,22.3,74,992.2,0,0.0,-9900,-9900,0.0,0.0
2023,6,6,3,60,0.0,0.0,0.0,0.0,0.0,5,27.1,22.3,75,991.8,137,1.2,-9900,-9900,0.0,0.0
2023,6,6,4,60,0.0,0.0,0.0,0.0,0.0,5,26.1,22.8,82,991.5,130,1.3,-9900,-9900,0.0,0.0
2023,6,6,5,60,0.0,0.0,0.0,0.0,0.0,5,26.3,23.0,82,991.6,0,0.0,-9900,-9900,0.0,0.0
2023,6,6,6,60,0.0,0.0,0.0,0.0,0.0,5,26.7,22.3,77,992.2,218,0.6,-9900,-9900,0.0,0.0
2023,6,6,7,60,0.0,0.0,0.0,0.0,0.0,5,28.4,21.7,67,992.7,284,0.4,-9900,-9900,0.0,0.0
2023,6,6,8,60,0.0,0.0,0.0,0.0,0.0,5,29.0,22.0,66,993.0,277,1.6,-9900,-9900,0.0,0.0
2023,6,6,9,60,0.0,0.0,0.0,0.0,0.0,5,29.8,23.0,67,993.1,271,1.8,-9900,-9900,0.0,0.0
2023,6,6,10,60,0.0,0.0,0.0,0.0,0.0,5,30.3,23.2,66,993.2,293,2.6,-9900,-9900,0.0,0.0
2023,6,6,11,60,0.0,0.0,0.0,0.0,0.0,5,30.7,22.8,63,993.3,284,2.1,-9900,-9900,0.0,0.0
2023,6,6,12,60,0.0,0.0,0.0,0.0,0.0,5,30.5,22.7,63,993.0,271,3.3,-9900,-9900,0.0,0.0
2023,6,6,13,60,0.0,0.0,0.0,0.0,0.0,5,31.5,23.6,63,992.5,271,2.6,-9900,-9900,0.0,0.0
2023,6,6,14,60,0.0,0.0,0.0,0.0,0.0,5,30.9,23.6,65,991.9,290,2.5,-9900,-9900,0.0,0.0
2023,6,6,15,60,0.0,0.0,0.0,0.0,0.0,5,31.3,22.9,61,991.6,284,2.6,-9900,-9900,0.0,0.0
2023,6,6,16,60,0.0,0.0,0.0,0.0,0.0,5,30.4,22.3,62,991.3,262,3.2,-9900,-9900,0.0,0.0
2023,6,6,17,60,0.0,0.0,0.0,0.0,0.0,5,30.9,21.4,57,991.6,269,1.1,-9900,-9900,0.0,0.0
2023,6,6,18,60,0.0,0.0,0.0,0.0,0.0,5,29.8,21.5,61,992.2,266,1.8,-9900,-9900,0.0,0.0
2023,6,6,19,60,0.0,0.0,0.0,0.0,0.0,5,29.5,22.2,65,992.9,180,0.4,-9900,-9900,0.0,0.0
2023,6,6,20,60,0.0,0.0,0.0,0.0,0.0,5,29.4,22.1,65,993.6,201,0.5,-9900,-9900,0.0,0.0
2023,6,6,21,60,0.0,0.0,0.0,0.0,0.0,5,29.2,22.7,68,993.8,211,0.6,-9900,-9900,0.0,0.0
2023,6,6,22,60,0.0,0.0,0.0,0.0,0.0,5,29.0,23.0,70,994.5,0,0.0,-9900,-9900,0.0,0.0
2023,6,6,23,60,0.0,0.0,0.0,0.0,0.0,5,28.3,22.8,72,994.7,123,1.3,-9900,-9900,0.0,0.0
2023,6,6,24,60,0.0,0.0,0.0,0.0,0.0,5,28.2,22.7,72,994.4,0,0.0,-9900,-9900,0.0,0.0
2023,6,7,1,60,0.0,0.0,0.0,0.0,0.0,5,27.9,21.9,70,994.2,105,0.6,-9900,-9900,0.0,0.0
2023,6,7,2,60,0.0,0.0,0.0,0.0,0.0,5,27.2,21.9,73,993.9,126,1.9,-9900,-9900,0.0,0.0
2023,6,7,3,60,0.0,0.0,0.0,0.0,0.0,5,27.1,21.6,72,993.5,103,0.8,-9900,-9900,0.0,0.0
2023,6,7,4,60,0.0,0.0,0.0,0.0,0.0,5,26.7,21.9,75,994.0,112,0.7,-9900,-9900,0.0,0.0
2023,6,7,5,60,0.0,0.0,0.0,0.0,0.0,5,25.9,21.8,78,994.1,128,1.9,-9900,-9900,0.0,0.0
2023,6,7,6,60,0.0,0.0,0.0,0.0,0.0,5,26.0,22.7,82,994.0,129,1.3,-9900,-9900,0.0,0.0
2023,6,7,7,60,0.0,0.0,0.0,0.0,0.0,5,27.2,22.6,76,993.9,101,0.8,-9900,-9900,0.0,0.0
2023,6,7,8,60,0.0,0.0,0.0,0.0,0.0,5,28.4,22.6,71,994.0,91,1.7,-9900,-9900,0.0,0.0
2023,6,7,9,60,0.0,0.0,0.0,0.0,0.0,5,30.6,23.0,64,994.2,352,0.8,-9900,-9900,0.0,0.0
2023,6,7,10,60,0.0,0.0,0.0,0.0,0.0,5,31.3,23.7,64,994.2,313,1.3,-9900,-9900,0.0,0.0
2023,6,7,11,60,0.0,0.0,0.0,0.0,0.0,5,31.6,23.4,62,994.3,297,2.6,-9900,-9900,0.0,0.0
2023,6,7,12,60,0.0,0.0,0.0,0.0,0.0,5,31.7,24.1,64,994.2,290,2.3,-9900,-9900,0.0,0.0
2023,6,7,13,60,0.0,0.0,0.0,0.0,0.0,5,31.4,24.3,66,993.8,275,2.3,-9900,-9900,0.0,0.0
2023,6,7,14,60,0.0,0.0,0.0,0.0,0.0,5,31.3,24.2,66,993.3,290,2.2,-9900,-9900,0.0,0.0
2023,6,7,15,60,0.0,0.0,0.0,0.0,0.0,5,30.7,23.9,67,992.7,303,2.3,-9900,-9900,0.0,0.0
2023,6,7,16,60,0.0,0.0,0.0,0.0,0.0,5,31.3,24.9,69,992.3,287,1.4,-9900,-9900,0.0,0.0
2023,6,7,17,60,0.0,0.0,0.0,0.0,0.0,5,30.6,24.0,68,992.1,282,0.9,-9900,-9900,0.0,0.0
2023,6,7,18,60,0.0,0.0,0.0,0.0,0.0,5,29.3,23.7,72,992.4,91,2.0,-9900,-9900,0.0,0.0
2023,6,7,19,60,0.0,0.0,0.0,0.0,0.0,5,29.0,23.7,73,992.9,103,0.8,-9900,-9900,0.0,0.0
2023,6,7,20,60,0.0,0.0,0.0,0.0,0.0,5,29.1,24.4,76,993.7,32,0.4,-9900,-9900,0.0,0.0
2023,6,7,21,60,0.0,0.0,0.0,0.0,0.0,5,28.3,24.9,82,994.1,265,1.4,-9900,-9900,0.0,0.0
2023,6,7,22,60,0.0,0.0,0.0,0.0,0.0,5,28.5,24.5,79,993.8,265,2.0,-9900,-9900,0.0,0.0
2023,6,7,23,60,0.0,0.0,0.0,0.0,0.0,5,28.3,23.9,77,994.1,268,1.8,-9900,-9900,0.0,0.0
2023,6,7,24,60,0.0,0.0,0.0,0.0,0.0,5,28.1,24.1,79,994.1,270,1.0,-9900,-9900,0.0,0.0
2023,6,8,1,60,0.0,0.0,0.0,0.0,0.0,5,27.8,24.2,81,993.6,268,0.9,-9900,-9900,0.0,0.0
2023,6,8,2,60,0.0,0.0,0.0,0.0,0.0,5,27.6,24.0,81,993.3,276,1.0,-9900,-9900,0.0,0.0
2023,6,8,3,60,0.0,0.0,0.0,0.0,0.0,5,27.5,24.2,82,993.0,154,0.5,-9900,-9900,0.0,0.0
2023,6,8,4,60,0.0,0.0,0.0,0.0,0.0,5,27.4,24.3,83,992.8,0,0.0,-9900,-9900,0.0,0.0
2023,6,8,5,60,0.0,0.0,0.0,0.0,0.0,5,26.8,24.5,87,992.6,124,1.4,-9900,-9900,0.0,0.0
2023,6,8,6,60,0.0,0.0,0.0,0.0,0.0,5,26.9,24.4,86,992.8,119,0.7,-9900,-9900,0.0,0.0
2023,6,8,7,60,0.0,0.0,0.0,0.0,0.0,5,27.8,23.4,77,992.9,156,0.3,-9900,-9900,0.0,0.0
2023,6,8,8,60,0.0,0.0,0.0,0.0,0.0,5,29.1,22.8,69,992.8,269,1.7,-9900,-9900,0.0,0.0
2023,6,8,9,60,0.0,0.0,0.0,0.0,0.0,5,29.5,23.2,69,992.6,262,2.4,-9900,-9900,0.0,0.0
2023,6,8,10,60,0.0,0.0,0.0,0.0,0.0,5,30.6,24.0,68,991.9,268,1.6,-9900,-9900,0.0,0.0
2023,6,8,11,60,0.0,0.0,0.0,0.0,0.0,5,30.3,24.5,71,991.4,272,3.0,-9900,-9900,0.0,0.0
2023,6,8,12,60,0.0,0.0,0.0,0.0,0.0,5,30.2,24.4,71,991.0,263,3.3,-9900,-9900,0.0,0.0
2023,6,8,13,60,0.0,0.0,0.0,0.0,0.0,5,30.6,24.0,68,990.8,272,3.0,-9900,-9900,0.0,0.0
2023,6,8,14,60,0.0,0.0,0.0,0.0,0.0,5,30.9,23.6,65,990.3,269,3.3,-9900,-9900,0.0,0.0
2023,6,8,15,60,0.0,0.0,0.0,0.0,0.0,5,30.9,24.1,67,990.0,263,1.7,-9900,-9900,0.0,0.0
2023,6,8,16,60,0.0,0.0,0.0,0.0,0.0,5,30.3,24.5,71,989.7,280,2.3,-9900,-9900,0.0,0.0
2023,6,8,17,60,0.0,0.0,0.0,0.0,0.0,5,29.0,24.1,75,990.1,270,2.4,-9900,-9900,0.0,0.0
2023,6,8,18,60,0.0,0.0,0.0,0.0,0.0,5,28.7,24.1,76,990.0,267,1.9,-9900,-9900,0.0,0.0
2023,6,8,19,60,0.0,0.0,0.0,0.0,0.0,5,28.6,24.0,76,990.0,273,1.4,-9900,-9900,0.0,0.0
2023,6,8,20,60,0.0,0.0,0.0,0.0,0.0,5,28.9,24.2,76,990.8,178,0.4,-9900,-9900,0.0,0.0
2023,6,8,21,60,0.0,0.0,0.0,0.0,0.0,5,28.8,24.8,79,991.3,239,0.3,-9900,-9900,0.0,0.0
2023,6,8,22,60,0.0,0.0,0.0,0.0,0.0,5,28.5,24.9,81,991.6,183,1.0,-9900,-9900,0.0,0.0
2023,6,8,23,60,0.0,0.0,0.0,0.0,0.0,5,28.6,24.8,80,991.2,185,0.3,-9900,-9900,0.0,0.0
2023,6,8,24,60,0.0,0.0,0.0,0.0,0.0,5,28.4,24.6,80,990.7,287,0.4,-9900,-9900,0.0,0.0
2023,6,9,1,60,0.0,0.0,0.0,0.0,0.0,5,27.6,25.2,87,990.4,310,2.0,-9900,-9900,0.0,0.0
2023,6,9,2,60,0.0,0.0,0.0,0.0,0.0,5,27.2,25.6,91,990.1,274,1.7,-9900,-9900,0.0,0.0
2023,6,9,3,60,0.0,0.0,0.0,0.0,0.0,5,26.8,25.2,91,989.5,272,1.7,-9900,-9900,0.0,0.0
2023,6,9,4,60,0.0,0.0,0.0,0.0,0.0,5,26.6,25.0,91,989.2,264,1.6,-9900,-9900,0.0,0.0
2023,6,9,5,60,0.0,0.0,0.0,0.0,0.0,5,26.6,24.6,89,989.0,183,0.5,-9900,-9900,0.0,0.0
2023,6,9,6,60,0.0,0.0,0.0,0.0,0.0,5,26.8,24.5,87,988.9,198,0.4,-9900,-9900,0.0,0.0
2023,6,9,7,60,0.0,0.0,0.0,0.0,0.0,5,27.8,24.0,80,989.0,273,0.7,-9900,-9900,0.0,0.0
2023,6,9,8,60,0.0,0.0,0.0,0.0,0.0,5,28.0,24.2,80,989.6,263,2.4,-9900,-9900,0.0,0.0
2023,6,9,9,60,0.0,0.0,0.0,0.0,0.0,5,29.1,24.7,77,989.8,271,2.0,-9900,-9900,0.0,0.0
2023,6,9,10,60,0.0,0.0,0.0,0.0,0.0,5,29.8,24.4,73,989.8,275,2.0,-9900,-9900,0.0,0.0
2023,6,9,11,60,0.0,0.0,0.0,0.0,0.0,5,30.0,24.4,72,989.5,266,3.5,-9900,-9900,0.0,0.0
2023,6,9,12,60,0.0,0.0,0.0,0.0,0.0,5,30.5,25.1,73,988.9,286,2.6,-9900,-9900,0.0,0.0
2023,6,9,13,60,0.0,0.0,0.0,0.0,0.0,5,30.7,24.6,70,988.5,294,2.5,-9900,-9900,0.0,0.0
2023,6,9,14,60,0.0,0.0,0.0,0.0,0.0,5,30.5,23.4,66,988.1,307,3.0,-9900,-9900,0.0,0.0
2023,6,9,15,60,0.0,0.0,0.0,0.0,0.0,5,29.8,24.2,72,987.9,308,2.6,-9900,-9900,0.0,0.0
2023,6,9,16,60,0.0,0.0,0.0,0.0,0.0,5,29.2,23.6,72,987.7,317,3.4,-9900,-9900,0.0,0.0
2023,6,9,17,60,0.0,0.0,0.0,0.0,0.0,5,28.7,24.3,77,988.1,332,1.3,-9900,-9900,0.0,0.0
2023,6,9,18,60,0.0,0.0,0.0,0.0,0.0,5,28.1,24.1,79,988.8,327,1.3,-9900,-9900,0.0,0.0
2023,6,9,19,60,0.0,0.0,0.0,0.0,0.0,5,27.7,23.9,80,989.0,0,0.2,-9900,-9900,0.0,0.0
2023,6,9,20,60,0.0,0.0,0.0,0.0,0.0,5,27.8,24.2,81,989.2,14,0.6,-9900,-9900,0.0,0.0
2023,6,9,21,60,0.0,0.0,0.0,0.0,0.0,5,27.3,24.6,85,989.4,35,0.9,-9900,-9900,0.0,0.0
2023,6,9,22,60,0.0,0.0,0.0,0.0,0.0,5,27.4,24.5,84,989.5,43,0.6,-9900,-9900,0.0,0.0
2023,6,9,23,60,0.0,0.0,0.0,0.0,0.0,5,27.2,24.1,83,989.3,84,0.7,-9900,-9900,0.0,0.0
2023,6,9,24,60,0.0,0.0,0.0,0.0,0.0,5,26.5,24.2,87,988.7,144,1.2,-9900,-9900,0.0,0.0
2023,6,10,1,60,0.0,0.0,0.0,0.0,0.0,5,26.3,24.3,89,988.1,144,1.1,-9900,-9900,0.0,0.0
2023,6,10,2,60,0.0,0.0,0.0,0.0,0.0,5,26.0,24.0,89,987.6,141,1.5,-9900,-9900,0.0,0.0
2023,6,10,3,60,0.0,0.0,0.0,0.0,0.0,5,26.0,23.9,88,986.9,127,1.3,-9900,-9900,0.0,0.0
2023,6,10,4,60,0.0,0.0,0.0,0.0,0.0,5,26.3,23.2,83,986.7,210,0.4,-9900,-9900,0.0,0.0
2023,6,10,5,60,0.0,0.0,0.0,0.0,0.0,5,26.3,23.2,83,986.1,150,0.3,-9900,-9900,0.0,0.0
2023,6,10,6,60,0.0,0.0,0.0,0.0,0.0,5,26.2,23.1,83,986.4,308,0.4,-9900,-9900,0.0,0.0
2023,6,10,7,60,0.0,0.0,0.0,0.0,0.0,5,27.1,24.0,83,986.7,28,0.4,-9900,-9900,0.0,0.0
2023,6,10,8,60,0.0,0.0,0.0,0.0,0.0,5,27.1,24.0,83,987.3,331,1.0,-9900,-9900,0.0,0.0
2023,6,10,9,60,0.0,0.0,0.0,0.0,0.0,5,28.2,23.6,76,987.8,316,1.0,-9900,-9900,0.0,0.0
2023,6,10,10,60,0.0,0.0,0.0,0.0,0.0,5,29.2,22.9,69,987.8,325,1.3,-9900,-9900,0.0,0.0
2023,6,10,11,60,0.0,0.0,0.0,0.0,0.0,5,28.8,24.1,76,987.5,324,1.7,-9900,-9900,0.0,0.0
2023,6,10,12,60,0.0,0.0,0.0,0.0,0.0,5,28.3,23.7,76,986.9,318,2.9,-9900,-9900,0.0,0.0
2023,6,10,13,60,0.0,0.0,0.0,0.0,0.0,5,29.5,23.9,72,986.2,319,1.9,-9900,-9900,0.0,0.0
2023,6,10,14,60,0.0,0.0,0.0,0.0,0.0,5,29.5,23.7,71,985.9,326,2.0,-9900,-9900,0.0,0.0
2023,6,10,15,60,0.0,0.0,0.0,0.0,0.0,5,28.8,23.2,72,985.6,324,1.8,-9900,-9900,0.0,0.0
2023,6,10,16,60,0.0,0.0,0.0,0.0,0.0,5,28.1,23.7,77,985.9,326,1.5,-9900,-9900,0.0,0.0
2023,6,10,17,60,0.0,0.0,0.0,0.0,0.0,5,27.5,23.7,80,986.1,37,1.3,-9900,-9900,0.0,0.0
2023,6,10,18,60,0.0,0.0,0.0,0.0,0.0,5,27.1,23.6,81,986.9,49,1.8,-9900,-9900,0.0,0.0
2023,6,10,19,60,0.0,0.0,0.0,0.0,0.0,5,27.4,23.6,80,987.0,15,0.5,-9900,-9900,0.0,0.0
2023,6,10,20,60,0.0,0.0,0.0,0.0,0.0,5,25.8,24.4,92,987.8,0,0.0,-9900,-9900,0.0,0.0
2023,6,10,21,60,0.0,0.0,0.0,0.0,0.0,5,25.5,23.6,89,987.6,129,1.6,-9900,-9900,0.0,0.0
2023,6,10,22,60,0.0,0.0,0.0,0.0,0.0,5,25.2,23.3,89,987.3,128,1.6,-9900,-9900,0.0,0.0
2023,6,10,23,60,0.0,0.0,0.0,0.0,0.0,5,25.0,23.4,91,987.0,128,1.4,-9900,-9900,0.0,0.0
2023,6,10,24,60,0.0,0.0,0.0,0.0,0.0,5,25.2,22.9,87,986.6,83,0.8,-9900,-9900,0.0,0.0
2023,6,11,1,60,0.0,0.0,0.0,0.0,0.0,5,24.6,22.7,89,986.1,124,1.9,-9900,-9900,0.0,0.0
2023,6,11,2,60,0.0,0.0,0.0,0.0,0.0,5,24.6,22.5,88,985.6,142,1.0,-9900,-9900,0.0,0.0
2023,6,11,3,60,0.0,0.0,0.0,0.0,0.0,5,24.6,22.5,88,985.4,126,1.3,-9900,-9900,0.0,0.0
2023,6,11,4,60,0.0,0.0,0.0,0.0,0.0,5,25.0,22.5,86,985.7,119,0.9,-9900,-9900,0.0,0.0
2023,6,11,5,60,0.0,0.0,0.0,0.0,0.0,5,25.2,22.5,85,985.9,123,0.5,-9900,-9900,0.0,0.0
2023,6,11,6,60,0.0,0.0,0.0,0.0,0.0,5,25.5,22.6,84,986.2,0,0.0,-9900,-9900,0.0,0.0
2023,6,11,7,60,0.0,0.0,0.0,0.0,0.0,5,26.1,23.0,83,986.8,47,0.7,-9900,-9900,0.0,0.0
2023,6,11,8,60,0.0,0.0,0.0,0.0,0.0,5,26.6,23.3,82,986.8,92,0.4,-9900,-9900,0.0,0.0
2023,6,11,9,60,0.0,0.0,0.0,0.0,0.0,5,26.8,23.3,81,987.3,0,0.0,-9900,-9900,0.0,0.0
2023,6,11,10,60,0.0,0.0,0.0,0.0,0.0,5,25.3,24.1,93,987.3,46,0.8,-9900,-9900,0.0,0.0
2023,6,11,11,60,0.0,0.0,0.0,0.0,0.0,5,25.3,23.5,90,987.6,111,0.7,-9900,-9900,0.0,0.0
2023,6,11,12,60,0.0,0.0,0.0,0.0,0.0,5,26.4,23.7,85,987.1,134,1.2,-9900,-9900,0.0,0.0
2023,6,11,13,60,0.0,0.0,0.0,0.0,0.0,5,27.0,23.9,83,986.7,86,1.0,-9900,-9900,0.0,0.0
2023,6,11,14,60,0.0,0.0,0.0,0.0,0.0,5,27.1,24.4,85,986.7,45,1.3,-9900,-9900,0.0,0.0
2023,6,11,15,60,0.0,0.0,0.0,0.0,0.0,5,27.8,24.4,82,986.4,43,0.3,-9900,-9900,0.0,0.0
2023,6,11,16,60,0.0,0.0,0.0,0.0,0.0,5,27.2,24.3,84,986.2,72,0.7,-9900,-9900,0.0,0.0
2023,6,11,17,60,0.0,0.0,0.0,0.0,0.0,5,24.3,23.1,93,986.7,129,1.8,-9900,-9900,0.0,0.0
2023,6,11,18,60,0.0,0.0,0.0,0.0,0.0,5,24.9,23.1,90,986.9,95,0.9,-9900,-9900,0.0,0.0
2023,6,11,19,60,0.0,0.0,0.0,0.0,0.0,5,25.5,23.9,91,986.9,128,1.5,-9900,-9900,0.0,0.0
2023,6,11,20,60,0.0,0.0,0.0,0.0,0.0,5,25.4,23.8,91,987.1,95,0.7,-9900,-9900,0.0,0.0
2023,6,11,21,60,0.0,0.0,0.0,0.0,0.0,5,25.6,24.0,91,987.2,129,1.6,-9900,-9900,0.0,0.0
2023,6,11,22,60,0.0,0.0,0.0,0.0,0.0,5,25.8,23.8,89,987.3,78,1.1,-9900,-9900,0.0,0.0
2023,6,11,23,60,0.0,0.0,0.0,0.0,0.0,5,25.5,23.9,91,987.4,107,0.3,-9900,-9900,0.0,0.0
2023,6,11,24,60,0.0,0.0,0.0,0.0,0.0,5,25.4,24.0,92,987.1,80,0.4,-9900,-9900,0.0,0.0
2023,6,12,1,60,0.0,0.0,0.0,0.0,0.0,5,25.7,23.7,89,986.9,84,0.8,-9900,-9900,0.0,0.0
2023,6,12,2,60,0.0,0.0,0.0,0.0,0.0,5,25.5,23.6,89,986.7,132,1.2,-9900,-9900,0.0,0.0
2023,6,12,3,60,0.0,0.0,0.0,0.0,0.0,5,25.2,23.6,91,986.6,145,0.8,-9900,-9900,0.0,0.0
2023,6,12,4,60,0.0,0.0,0.0,0.0,0.0,5,25.0,23.4,91,986.8,178,0.4,-9900,-9900,0.0,0.0
2023,6,12,5,60,0.0,0.0,0.0,0.0,0.0,5,25.0,23.2,90,987.0,131,0.4,-9900,-9900,0.0,0.0
2023,6,12,6,60,0.0,0.0,0.0,0.0,0.0,5,24.9,23.5,92,987.1,135,1.4,-9900,-9900,0.0,0.0
2023,6,12,7,60,0.0,0.0,0.0,0.0,0.0,5,25.6,23.3,87,987.5,132,0.8,-9900,-9900,0.0,0.0
2023,6,12,8,60,0.0,0.0,0.0,0.0,0.0,5,26.4,23.1,82,988.0,73,0.4,-9900,-9900,0.0,0.0
2023,6,12,9,60,0.0,0.0,0.0,0.0,0.0,5,26.4,23.1,82,988.4,75,1.1,-9900,-9900,0.0,0.0
2023,6,12,10,60,0.0,0.0,0.0,0.0,0.0,5,26.8,23.5,82,987.8,86,1.8,-9900,-9900,0.0,0.0
2023,6,12,11,60,0.0,0.0,0.0,0.0,0.0,5,27.2,23.0,78,987.6,88,1.9,-9900,-9900,0.0,0.0
2023,6,12,12,60,0.0,0.0,0.0,0.0,0.0,5,26.9,23.8,83,987.4,110,1.4,-9900,-9900,0.0,0.0
2023,6,12,13,60,0.0,0.0,0.0,0.0,0.0,5,28.1,21.9,69,986.7,83,0.9,-9900,-9900,0.0,0.0
2023,6,12,14,60,0.0,0.0,0.0,0.0,0.0,5,28.4,21.2,65,986.2,36,1.5,-9900,-9900,0.0,0.0
2023,6,12,15,60,0.0,0.0,0.0,0.0,0.0,5,28.9,21.9,66,985.9,73,1.3,-9900,-9900,0.0,0.0
2023,6,12,16,60,0.0,0.0,0.0,0.0,0.0,5,27.7,22.9,75,985.9,19,1.5,-9900,-9900,0.0,0.0
2023,6,12,17,60,0.0,0.0,0.0,0.0,0.0,5,27.5,21.8,71,986.0,89,1.3,-9900,-9900,0.0,0.0
2023,6,12,18,60,0.0,0.0,0.0,0.0,0.0,5,26.5,22.4,78,986.2,95,3.1,-9900,-9900,0.0,0.0
2023,6,12,19,60,0.0,0.0,0.0,0.0,0.0,5,26.3,20.8,72,986.6,92,3.1,-9900,-9900,0.0,0.0
2023,6,12,20,60,0.0,0.0,0.0,0.0,0.0,5,25.7,19.6,69,986.9,98,2.7,-9900,-9900,0.0,0.0
2023,6,12,21,60,0.0,0.0,0.0,0.0,0.0,5,24.8,19.9,74,987.2,78,1.2,-9900,-9900,0.0,0.0
2023,6,12,22,60,0.0,0.0,0.0,0.0,0.0,5,25.0,19.1,70,987.3,88,2.0,-9900,-9900,0.0,0.0
2023,6,12,23,60,0.0,0.0,0.0,0.0,0.0,5,24.9,19.1,70,986.6,112,1.0,-9900,-9900,0.0,0.0
2023,6,12,24,60,0.0,0.0,0.0,0.0,0.0,5,24.5,19.1,72,986.2,82,0.7,-9900,-9900,0.0,0.0
2023,6,13,1,60,0.0,0.0,0.0,0.0,0.0,5,24.6,20.1,76,985.9,93,2.0,-9900,-9900,0.0,0.0
2023,6,13,2,60,0.0,0.0,0.0,0.0,0.0,5,24.2,20.1,78,986.1,155,0.3,-9900,-9900,0.0,0.0
2023,6,13,3,60,0.0,0.0,0.0,0.0,0.0,5,24.2,20.3,79,985.4,109,0.8,-9900,-9900,0.0,0.0
2023,6,13,4,60,0.0,0.0,0.0,0.0,0.0,5,23.5,20.2,82,985.3,146,1.4,-9900,-9900,0.0,0.0
2023,6,13,5,60,0.0,0.0,0.0,0.0,0.0,5,23.2,20.3,84,985.5,80,0.6,-9900,-9900,0.0,0.0
2023,6,13,6,60,0.0,0.0,0.0,0.0,0.0,5,23.7,19.8,79,986.1,74,0.3,-9900,-9900,0.0,0.0
2023,6,13,7,60,0.0,0.0,0.0,0.0,0.0,5,24.7,20.2,76,986.8,123,1.0,-9900,-9900,0.0,0.0
2023,6,13,8,60,0.0,0.0,0.0,0.0,0.0,5,26.2,20.3,70,986.9,82,1.4,-9900,-9900,0.0,0.0
2023,6,13,9,60,0.0,0.0,0.0,0.0,0.0,5,28.0,19.2,59,986.8,94,1.3,-9900,-9900,0.0,0.0
2023,6,13,10,60,0.0,0.0,0.0,0.0,0.0,5,29.4,18.8,53,986.6,106,0.9,-9900,-9900,0.0,0.0
2023,6,13,11,60,0.0,0.0,0.0,0.0,0.0,5,30.0,21.4,60,986.5,11,1.8,-9900,-9900,0.0,0.0
2023,6,13,12,60,0.0,0.0,0.0,0.0,0.0,5,28.7,22.0,67,986.1,21,1.5,-9900,-9900,0.0,0.0
2023,6,13,13,60,0.0,0.0,0.0,0.0,0.0,5,30.3,23.2,66,986.0,3,0.9,-9900,-9900,0.0,0.0
2023,6,13,14,60,0.0,0.0,0.0,0.0,0.0,5,29.1,22.8,69,985.8,354,1.8,-9900,-9900,0.0,0.0
2023,6,13,15,60,0.0,0.0,0.0,0.0,0.0,5,29.5,22.7,67,985.6,1,1.4,-9900,-9900,0.0,0.0
2023,6,13,16,60,0.0,0.0,0.0,0.0,0.0,5,27.9,22.6,73,986.0,16,2.1,-9900,-9900,0.0,0.0
2023,6,13,17,60,0.0,0.0,0.0,0.0,0.0,5,28.3,22.3,70,986.0,19,1.6,-9900,-9900,0.0,0.0
2023,6,13,18,60,0.0,0.0,0.0,0.0,0.0,5,27.7,22.2,72,986.1,15,1.3,-9900,-9900,0.0,0.0
2023,6,13,19,60,0.0,0.0,0.0,0.0,0.0,5,27.3,22.9,77,986.5,27,0.8,-9900,-9900,0.0,0.0
2023,6,13,20,60,0.0,0.0,0.0,0.0,0.0,5,27.2,23.0,78,987.4,0,0.0,-9900,-9900,0.0,0.0
2023,6,13,21,60,0.0,0.0,0.0,0.0,0.0,5,27.0,22.4,76,987.6,139,1.7,-9900,-9900,0.0,0.0
2023,6,13,22,60,0.0,0.0,0.0,0.0,0.0,5,26.6,22.9,80,988.2,90,1.0,-9900,-9900,0.0,0.0
2023,6,13,23,60,0.0,0.0,0.0,0.0,0.0,5,26.7,22.8,79,987.8,77,1.5,-9900,-9900,0.0,0.0
2023,6,13,24,60,0.0,0.0,0.0,0.0,0.0,5,25.8,22.9,84,987.5,132,1.7,-9900,-9900,0.0,0.0
2023,6,14,1,60,0.0,0.0,0.0,0.0,0.0,5,25.7,23.0,85,987.3,135,1.5,-9900,-9900,0.0,0.0
2023,6,14,2,60,0.0,0.0,0.0,0.0,0.0,5,25.6,22.9,85,986.7,132,1.4,-9900,-9900,0.0,0.0
2023,6,14,3,60,0.0,0.0,0.0,0.0,0.0,5,25.5,22.8,85,986.4,140,1.1,-9900,-9900,0.0,0.0
2023,6,14,4,60,0.0,0.0,0.0,0.0,0.0,5,25.5,22.8,85,986.4,138,1.3,-9900,-9900,0.0,0.0
2023,6,14,5,60,0.0,0.0,0.0,0.0,0.0,5,25.5,22.6,84,987.1,76,0.5,-9900,-9900,0.0,0.0
2023,6,14,6,60,0.0,0.0,0.0,0.0,0.0,5,26.2,22.5,80,988.3,0,0.2,-9900,-9900,0.0,0.0
2023,6,14,7,60,0.0,0.0,0.0,0.0,0.0,5,26.1,22.8,82,988.9,176,0.8,-9900,-9900,0.0,0.0
2023,6,14,8,60,0.0,0.0,0.0,0.0,0.0,5,28.0,23.4,76,989.0,251,0.4,-9900,-9900,0.0,0.0
2023,6,14,9,60,0.0,0.0,0.0,0.0,0.0,5,29.0,23.4,72,989.4,336,0.5,-9900,-9900,0.0,0.0
2023,6,14,10,60,0.0,0.0,0.0,0.0,0.0,5,29.4,23.8,72,989.4,50,0.7,-9900,-9900,0.0,0.0
2023,6,14,11,60,0.0,0.0,0.0,0.0,0.0,5,28.3,23.4,75,989.6,323,2.7,-9900,-9900,0.0,0.0
2023,6,14,12,60,0.0,0.0,0.0,0.0,0.0,5,29.9,23.1,67,989.1,19,0.6,-9900,-9900,0.0,0.0
2023,6,14,13,60,0.0,0.0,0.0,0.0,0.0,5,28.9,23.3,72,989.0,28,1.9,-9900,-9900,0.0,0.0
2023,6,14,14,60,0.0,0.0,0.0,0.0,0.0,5,28.5,22.5,70,988.8,18,1.8,-9900,-9900,0.0,0.0
2023,6,14,15,60,0.0,0.0,0.0,0.0,0.0,5,28.2,22.7,72,989.0,22,1.7,-9900,-9900,0.0,0.0
2023,6,14,16,60,0.0,0.0,0.0,0.0,0.0,5,27.4,23.0,77,989.2,34,2.0,-9900,-9900,0.0,0.0
2023,6,14,17,60,0.0,0.0,0.0,0.0,0.0,5,26.8,23.3,81,989.5,26,1.8,-9900,-9900,0.0,0.0
2023,6,14,18,60,0.0,0.0,0.0,0.0,0.0,5,26.5,23.2,82,990.0,48,1.1,-9900,-9900,0.0,0.0
2023,6,14,19,60,0.0,0.0,0.0,0.0,0.0,5,26.0,22.9,83,990.7,36,1.6,-9900,-9900,0.0,0.0
2023,6,14,20,60,0.0,0.0,0.0,0.0,0.0,5,23.7,22.7,94,991.6,37,1.7,-9900,-9900,0.0,0.0
2023,6,14,21,60,0.0,0.0,0.0,0.0,0.0,5,24.1,23.1,94,991.6,69,1.2,-9900,-9900,0.0,0.0
2023,6,14,22,60,0.0,0.0,0.0,0.0,0.0,5,24.6,23.0,91,991.9,117,1.4,-9900,-9900,0.0,0.0
2023,6,14,23,60,0.0,0.0,0.0,0.0,0.0,5,24.7,22.0,85,991.7,94,2.3,-9900,-9900,0.0,0.0
2023,6,14,24,60,0.0,0.0,0.0,0.0,0.0,5,24.9,21.8,83,991.4,96,1.4,-9900,-9900,0.0,0.0
2023,6,15,1,60,0.0,0.0,0.0,0.0,0.0,5,23.6,22.2,92,991.6,50,0.6,-9900,-9900,0.0,0.0
2023,6,15,2,60,0.0,0.0,0.0,0.0,0.0,5,23.1,22.3,95,991.1,99,1.1,-9900,-9900,0.0,0.0
2023,6,15,3,60,0.0,0.0,0.0,0.0,0.0,5,23.0,22.2,95,991.4,87,0.6,-9900,-9900,0.0,0.0
2023,6,15,4,60,0.0,0.0,0.0,0.0,0.0,5,22.2,21.2,94,991.5,157,0.6,-9900,-9900,0.0,0.0
2023,6,15,5,60,0.0,0.0,0.0,0.0,0.0,5,22.7,21.7,94,991.6,106,0.4,-9900,-9900,0.0,0.0
2023,6,15,6,60,0.0,0.0,0.0,0.0,0.0,5,23.3,21.9,92,992.1,0,0.0,-9900,-9900,0.0,0.0
2023,6,15,7,60,0.0,0.0,0.0,0.0,0.0,5,23.7,22.1,91,992.5,0,0.0,-9900,-9900,0.0,0.0
2023,6,15,8,60,0.0,0.0,0.0,0.0,0.0,5,23.9,22.3,91,992.9,10,0.6,-9900,-9900,0.0,0.0
2023,6,15,9,60,0.0,0.0,0.0,0.0,0.0,5,23.5,21.9,91,993.3,21,1.5,-9900,-9900,0.0,0.0
2023,6,15,10,60,0.0,0.0,0.0,0.0,0.0,5,24.4,22.1,87,993.3,47,0.8,-9900,-9900,0.0,0.0
2023,6,15,11,60,0.0,0.0,0.0,0.0,0.0,5,25.7,21.8,79,993.2,33,2.0,-9900,-9900,0.0,0.0
2023,6,15,12,60,0.0,0.0,0.0,0.0,0.0,5,26.6,22.2,77,992.7,41,1.7,-9900,-9900,0.0,0.0
2023,6,15,13,60,0.0,0.0,0.0,0.0,0.0,5,26.3,22.6,80,992.3,18,2.1,-9900,-9900,0.0,0.0
2023,6,15,14,60,0.0,0.0,0.0,0.0,0.0,5,27.6,22.3,73,992.0,77,1.9,-9900,-9900,0.0,0.0
2023,6,15,15,60,0.0,0.0,0.0,0.0,0.0,5,27.3,22.5,75,991.6,101,2.1,-9900,-9900,0.0,0.0
2023,6,15,16,60,0.0,0.0,0.0,0.0,0.0,5,26.2,22.1,78,991.4,99,3.4,-9900,-9900,0.0,0.0
2023,6,15,17,60,0.0,0.0,0.0,0.0,0.0,5,25.2,22.1,83,991.5,99,2.4,-9900,-9900,0.0,0.0
2023,6,15,18,60,0.0,0.0,0.0,0.0,0.0,5,24.6,21.9,85,991.7,96,3.6,-9900,-9900,0.0,0.0
2023,6,15,19,60,0.0,0.0,0.0,0.0,0.0,5,24.7,22.0,85,993.1,69,0.7,-9900,-9900,0.0,0.0
2023,6,15,20,60,0.0,0.0,0.0,0.0,0.0,5,23.9,22.2,90,993.4,116,1.3,-9900,-9900,0.0,0.0
2023,6,15,21,60,0.0,0.0,0.0,0.0,0.0,5,23.6,22.2,92,993.6,91,2.9,-9900,-9900,0.0,0.0
2023,6,15,22,60,0.0,0.0,0.0,0.0,0.0,5,24.0,22.1,89,993.6,99,2.6,-9900,-9900,0.0,0.0
2023,6,15,23,60,0.0,0.0,0.0,0.0,0.0,5,24.2,22.1,88,993.3,106,2.0,-9900,-9900,0.0,0.0
2023,6,15,24,60,0.0,0.0,0.0,0.0,0.0,5,24.4,22.3,88,993.0,126,0.9,-9900,-9900,0.0,0.0
2023,6,16,1,60,0.0,0.0,0.0,0.0,0.0,5,24.5,22.6,89,992.7,124,1.5,-9900,-9900,0.0,0.0
2023,6,16,2,60,0.0,0.0,0.0,0.0,0.0,5,24.4,22.8,91,992.3,130,1.0,-9900,-9900,0.0,0.0
2023,6,16,3,60,0.0,0.0,0.0,0.0,0.0,5,24.3,22.9,92,992.4,129,1.4,-9900,-9900,0.0,0.0
2023,6,16,4,60,0.0,0.0,0.0,0.0,0.0,5,24.1,22.9,93,992.2,136,0.4,-9900,-9900,0.0,0.0
2023,6,16,5,60,0.0,0.0,0.0,0.0,0.0,5,24.5,22.9,91,992.2,292,0.5,-9900,-9900,0.0,0.0
2023,6,16,6,60,0.0,0.0,0.0,0.0,0.0,5,24.6,23.4,93,992.9,127,1.7,-9900,-9900,0.0,0.0
2023,6,16,7,60,0.0,0.0,0.0,0.0,0.0,5,24.9,23.1,90,993.5,142,1.1,-9900,-9900,0.0,0.0
2023,6,16,8,60,0.0,0.0,0.0,0.0,0.0,5,25.8,23.5,87,993.7,112,0.6,-9900,-9900,0.0,0.0
2023,6,16,9,60,0.0,0.0,0.0,0.0,0.0,5,27.8,23.6,78,993.8,82,1.2,-9900,-9900,0.0,0.0
2023,6,16,10,60,0.0,0.0,0.0,0.0,0.0,5,28.9,23.3,72,993.7,109,0.9,-9900,-9900,0.0,0.0
2023,6,16,11,60,0.0,0.0,0.0,0.0,0.0,5,30.1,23.3,67,993.4,19,0.9,-9900,-9900,0.0,0.0
2023,6,16,12,60,0.0,0.0,0.0,0.0,0.0,5,30.6,23.0,64,992.9,330,2.0,-9900,-9900,0.0,0.0
2023,6,16,13,60,0.0,0.0,0.0,0.0,0.0,5,29.3,24.8,77,992.8,336,2.0,-9900,-9900,0.0,0.0
2023,6,16,14,60,0.0,0.0,0.0,0.0,0.0,5,29.5,22.7,67,992.6,320,3.0,-9900,-9900,0.0,0.0
2023,6,16,15,60,0.0,0.0,0.0,0.0,0.0,5,28.7,23.8,75,992.7,320,2.4,-9900,-9900,0.0,0.0
2023,6,16,16,60,0.0,0.0,0.0,0.0,0.0,5,26.5,24.2,87,992.4,95,3.0,-9900,-9900,0.0,0.0
2023,6,16,17,60,0.0,0.0,0.0,0.0,0.0,5,25.8,23.7,88,992.5,92,2.2,-9900,-9900,0.0,0.0
2023,6,16,18,60,0.0,0.0,0.0,0.0,0.0,5,24.6,23.0,91,993.1,135,2.1,-9900,-9900,0.0,0.0
2023,6,16,19,60,0.0,0.0,0.0,0.0,0.0,5,24.5,22.9,91,993.6,132,1.9,-9900,-9900,0.0,0.0
2023,6,16,20,60,0.0,0.0,0.0,0.0,0.0,5,24.1,22.9,93,994.0,92,1.6,-9900,-9900,0.0,0.0
2023,6,16,21,60,0.0,0.0,0.0,0.0,0.0,5,24.7,23.1,91,994.6,116,1.2,-9900,-9900,0.0,0.0
2023,6,16,22,60,0.0,0.0,0.0,0.0,0.0,5,24.9,23.3,91,995.1,0,0.0,-9900,-9900,0.0,0.0
2023,6,16,23,60,0.0,0.0,0.0,0.0,0.0,5,25.0,23.6,92,995.4,0,0.0,-9900,-9900,0.0,0.0
2023,6,16,24,60,0.0,0.0,0.0,0.0,0.0,5,25.0,23.6,92,995.0,117,0.6,-9900,-9900,0.0,0.0
2023,6,17,1,60,0.0,0.0,0.0,0.0,0.0,5,25.0,23.8,93,994.8,148,0.4,-9900,-9900,0.0,0.0
2023,6,17,2,60,0.0,0.0,0.0,0.0,0.0,5,24.6,23.6,94,993.8,144,1.4,-9900,-9900,0.0,0.0
2023,6,17,3,60,0.0,0.0,0.0,0.0,0.0,5,24.6,23.4,93,993.7,0,0.0,-9900,-9900,0.0,0.0
2023,6,17,4,60,0.0,0.0,0.0,0.0,0.0,5,24.6,23.6,94,993.9,157,1.1,-9900,-9900,0.0,0.0
2023,6,17,5,60,0.0,0.0,0.0,0.0,0.0,5,24.7,23.5,93,994.3,153,0.6,-9900,-9900,0.0,0.0
2023,6,17,6,60,0.0,0.0,0.0,0.0,0.0,5,24.7,23.5,93,994.9,160,0.3,-9900,-9900,0.0,0.0
2023,6,17,7,60,0.0,0.0,0.0,0.0,0.0,5,24.7,23.7,94,995.2,138,1.2,-9900,-9900,0.0,0.0
2023,6,17,8,60,0.0,0.0,0.0,0.0,0.0,5,24.8,23.8,94,995.2,142,1.3,-9900,-9900,0.0,0.0
2023,6,17,9,60,0.0,0.0,0.0,0.0,0.0,5,25.4,24.0,92,995.5,140,0.9,-9900,-9900,0.0,0.0
2023,6,17,10,60,0.0,0.0,0.0,0.0,0.0,5,26.2,24.2,89,996.0,0,0.0,-9900,-9900,0.0,0.0
2023,6,17,11,60,0.0,0.0,0.0,0.0,0.0,5,26.7,24.7,89,996.0,159,0.3,-9900,-9900,0.0,0.0
2023,6,17,12,60,0.0,0.0,0.0,0.0,0.0,5,26.7,24.7,89,995.5,120,1.6,-9900,-9900,0.0,0.0
2023,6,17,13,60,0.0,0.0,0.0,0.0,0.0,5,28.2,24.2,79,995.1,93,0.7,-9900,-9900,0.0,0.0
2023,6,17,14,60,0.0,0.0,0.0,0.0,0.0,5,28.9,23.6,73,994.6,101,0.6,-9900,-9900,0.0,0.0
2023,6,17,15,60,0.0,0.0,0.0,0.0,0.0,5,29.0,24.1,75,993.7,250,0.3,-9900,-9900,0.0,0.0
2023,6,17,16,60,0.0,0.0,0.0,0.0,0.0,5,28.8,24.6,78,993.8,269,1.1,-9900,-9900,0.0,0.0
2023,6,17,17,60,0.0,0.0,0.0,0.0,0.0,5,28.8,24.8,79,993.6,0,0.0,-9900,-9900,0.0,0.0
2023,6,17,18,60,0.0,0.0,0.0,0.0,0.0,5,28.4,25.8,86,993.9,276,0.5,-9900,-9900,0.0,0.0
2023,6,17,19,60,0.0,0.0,0.0,0.0,0.0,5,28.0,25.8,88,994.3,292,0.9,-9900,-9900,0.0,0.0
2023,6,17,20,60,0.0,0.0,0.0,0.0,0.0,5,27.8,25.2,86,994.8,261,1.7,-9900,-9900,0.0,0.0
2023,6,17,21,60,0.0,0.0,0.0,0.0,0.0,5,27.7,23.9,80,995.5,273,0.6,-9900,-9900,0.0,0.0
2023,6,17,22,60,0.0,0.0,0.0,0.0,0.0,5,27.7,24.5,83,995.8,220,0.3,-9900,-9900,0.0,0.0
2023,6,17,23,60,0.0,0.0,0.0,0.0,0.0,5,27.6,24.7,84,995.6,214,0.4,-9900,-9900,0.0,0.0
2023,6,17,24,60,0.0,0.0,0.0,0.0,0.0,5,27.2,24.8,87,994.9,130,0.3,-9900,-9900,0.0,0.0
2023,6,18,1,60,0.0,0.0,0.0,0.0,0.0,5,26.4,24.3,88,994.6,126,1.5,-9900,-9900,0.0,0.0
2023,6,18,2,60,0.0,0.0,0.0,0.0,0.0,5,26.1,24.3,90,993.6,132,1.6,-9900,-9900,0.0,0.0
2023,6,18,3,60,0.0,0.0,0.0,0.0,0.0,5,25.8,24.4,92,993.0,136,1.0,-9900,-9900,0.0,0.0
2023,6,18,4,60,0.0,0.0,0.0,0.0,0.0,5,26.1,24.3,90,992.7,136,0.9,-9900,-9900,0.0,0.0
2023,6,18,5,60,0.0,0.0,0.0,0.0,0.0,5,25.9,23.8,88,993.3,144,0.7,-9900,-9900,0.0,0.0
2023,6,18,6,60,0.0,0.0,0.0,0.0,0.0,5,26.2,23.3,84,993.8,0,0.0,-9900,-9900,0.0,0.0
2023,6,18,7,60,0.0,0.0,0.0,0.0,0.0,5,27.7,23.5,78,994.2,268,1.0,-9900,-9900,0.0,0.0
2023,6,18,8,60,0.0,0.0,0.0,0.0,0.0,5,28.0,23.8,78,994.3,256,1.8,-9900,-9900,0.0,0.0
2023,6,18,9,60,0.0,0.0,0.0,0.0,0.0,5,28.8,23.9,75,994.4,268,2.3,-9900,-9900,0.0,0.0
2023,6,18,10,60,0.0,0.0,0.0,0.0,0.0,5,29.5,23.9,72,994.5,263,3.8,-9900,-9900,0.0,0.0
2023,6,18,11,60,0.0,0.0,0.0,0.0,0.0,5,30.0,24.2,71,994.3,263,3.3,-9900,-9900,0.0,0.0
2023,6,18,12,60,0.0,0.0,0.0,0.0,0.0,5,30.6,24.0,68,993.3,264,3.6,-9900,-9900,0.0,0.0
2023,6,18,13,60,0.0,0.0,0.0,0.0,0.0,5,31.3,23.4,63,993.0,269,3.0,-9900,-9900,0.0,0.0
2023,6,18,14,60,0.0,0.0,0.0,0.0,0.0,5,31.4,23.8,64,992.3,275,2.9,-9900,-9900,0.0,0.0
2023,6,18,15,60,0.0,0.0,0.0,0.0,0.0,5,31.2,23.6,64,991.7,271,3.1,-9900,-9900,0.0,0.0
2023,6,18,16,60,0.0,0.0,0.0,0.0,0.0,5,30.7,23.6,66,991.3,276,2.1,-9900,-9900,0.0,0.0
2023,6,18,17,60,0.0,0.0,0.0,0.0,0.0,5,30.1,24.0,70,991.6,280,2.3,-9900,-9900,0.0,0.0
2023,6,18,18,60,0.0,0.0,0.0,0.0,0.0,5,29.2,23.6,72,992.0,269,2.1,-9900,-9900,0.0,0.0
2023,6,18,19,60,0.0,0.0,0.0,0.0,0.0,5,28.5,24.1,77,992.3,270,1.8,-9900,-9900,0.0,0.0
2023,6,18,20,60,0.0,0.0,0.0,0.0,0.0,5,28.4,24.0,77,992.6,268,2.0,-9900,-9900,0.0,0.0
2023,6,18,21,60,0.0,0.0,0.0,0.0,0.0,5,28.5,24.1,77,992.8,265,1.7,-9900,-9900,0.0,0.0
2023,6,18,22,60,0.0,0.0,0.0,0.0,0.0,5,28.5,23.9,76,993.1,241,0.4,-9900,-9900,0.0,0.0
2023,6,18,23,60,0.0,0.0,0.0,0.0,0.0,5,28.0,24.2,80,992.8,149,0.5,-9900,-9900,0.0,0.0
2023,6,18,24,60,0.0,0.0,0.0,0.0,0.0,5,27.5,23.5,79,992.0,200,0.8,-9900,-9900,0.0,0.0
2023,6,19,1,60,0.0,0.0,0.0,0.0,0.0,5,27.4,23.2,78,991.5,0,0.2,-9900,-9900,0.0,0.0
2023,6,19,2,60,0.0,0.0,0.0,0.0,0.0,5,27.5,22.9,76,990.8,205,0.9,-9900,-9900,0.0,0.0
2023,6,19,3,60,0.0,0.0,0.0,0.0,0.0,5,27.0,23.0,79,990.5,0,0.0,-9900,-9900,0.0,0.0
2023,6,19,4,60,0.0,0.0,0.0,0.0,0.0,5,27.1,22.7,77,990.7,241,0.6,-9900,-9900,0.0,0.0
2023,6,19,5,60,0.0,0.0,0.0,0.0,0.0,5,26.6,22.4,78,991.1,270,0.9,-9900,-9900,0.0,0.0
2023,6,19,6,60,0.0,0.0,0.0,0.0,0.0,5,26.8,23.1,80,991.7,261,1.1,-9900,-9900,0.0,0.0
2023,6,19,7,60,0.0,0.0,0.0,0.0,0.0,5,27.5,23.3,78,992.1,260,1.6,-9900,-9900,0.0,0.0
2023,6,19,8,60,0.0,0.0,0.0,0.0,0.0,5,28.3,22.8,72,992.4,268,2.0,-9900,-9900,0.0,0.0
2023,6,19,9,60,0.0,0.0,0.0,0.0,0.0,5,29.3,22.8,68,992.3,260,4.4,-9900,-9900,0.0,0.0
2023,6,19,10,60,0.0,0.0,0.0,0.0,0.0,5,29.4,22.9,68,991.8,264,2.4,-9900,-9900,0.0,0.0
2023,6,19,11,60,0.0,0.0,0.0,0.0,0.0,5,30.3,22.5,63,991.4,262,3.7,-9900,-9900,0.0,0.0
2023,6,19,12,60,0.0,0.0,0.0,0.0,0.0,5,31.3,22.9,61,990.8,263,4.2,-9900,-9900,0.0,0.0
2023,6,19,13,60,0.0,0.0,0.0,0.0,0.0,5,30.7,24.1,68,990.4,267,3.0,-9900,-9900,0.0,0.0
2023,6,19,14,60,0.0,0.0,0.0,0.0,0.0,5,30.8,24.2,68,989.7,270,3.7,-9900,-9900,0.0,0.0
2023,6,19,15,60,0.0,0.0,0.0,0.0,0.0,5,31.1,24.5,68,988.9,266,3.9,-9900,-9900,0.0,0.0
2023,6,19,16,60,0.0,0.0,0.0,0.0,0.0,5,30.5,23.2,65,988.6,269,3.4,-9900,-9900,0.0,0.0
2023,6,19,17,60,0.0,0.0,0.0,0.0,0.0,5,29.5,23.2,69,988.6,262,4.7,-9900,-9900,0.0,0.0
2023,6,19,18,60,0.0,0.0,0.0,0.0,0.0,5,29.3,23.0,69,989.1,261,2.8,-9900,-9900,0.0,0.0
2023,6,19,19,60,0.0,0.0,0.0,0.0,0.0,5,29.1,22.8,69,989.5,257,1.8,-9900,-9900,0.0,0.0
2023,6,19,20,60,0.0,0.0,0.0,0.0,0.0,5,29.1,22.6,68,990.1,261,1.3,-9900,-9900,0.0,0.0
2023,6,19,21,60,0.0,0.0,0.0,0.0,0.0,5,28.9,22.9,70,990.5,272,0.3,-9900,-9900,0.0,0.0
2023,6,19,22,60,0.0,0.0,0.0,0.0,0.0,5,28.6,23.1,72,990.4,256,0.7,-9900,-9900,0.0,0.0
2023,6,19,23,60,0.0,0.0,0.0,0.0,0.0,5,28.5,23.2,73,990.3,252,0.4,-9900,-9900,0.0,0.0
2023,6,19,24,60,0.0,0.0,0.0,0.0,0.0,5,28.7,22.2,68,989.9,260,1.8,-9900,-9900,0.0,0.0
2023,6,20,1,60,0.0,0.0,0.0,0.0,0.0,5,28.6,22.1,68,989.2,259,2.1,-9900,-9900,0.0,0.0
2023,6,20,2,60,0.0,0.0,0.0,0.0,0.0,5,28.5,21.8,67,989.0,262,1.7,-9900,-9900,0.0,0.0
2023,6,20,3,60,0.0,0.0,0.0,0.0,0.0,5,28.4,21.9,68,988.9,260,0.4,-9900,-9900,0.0,0.0
2023,6,20,4,60,0.0,0.0,0.0,0.0,0.0,5,28.2,22.0,69,988.9,0,0.0,-9900,-9900,0.0,0.0
2023,6,20,5,60,0.0,0.0,0.0,0.0,0.0,5,27.8,21.6,69,989.6,263,2.1,-9900,-9900,0.0,0.0
2023,6,20,6,60,0.0,0.0,0.0,0.0,0.0,5,28.0,22.5,72,989.9,263,2.9,-9900,-9900,0.0,0.0
2023,6,20,7,60,0.0,0.0,0.0,0.0,0.0,5,28.6,22.8,71,990.2,260,3.8,-9900,-9900,0.0,0.0
2023,6,20,8,60,0.0,0.0,0.0,0.0,0.0,5,29.4,22.4,66,990.3,261,3.9,-9900,-9900,0.0,0.0
2023,6,20,9,60,0.0,0.0,0.0,0.0,0.0,5,30.8,22.7,62,990.1,262,2.8,-9900,-9900,0.0,0.0
2023,6,20,10,60,0.0,0.0,0.0,0.0,0.0,5,31.5,23.1,61,990.0,266,3.0,-9900,-9900,0.0,0.0
2023,6,20,11,60,0.0,0.0,0.0,0.0,0.0,5,32.1,23.9,62,990.2,267,3.0,-9900,-9900,0.0,0.0
2023,6,20,12,60,0.0,0.0,0.0,0.0,0.0,5,32.4,23.6,60,990.0,270,4.2,-9900,-9900,0.0,0.0
2023,6,20,13,60,0.0,0.0,0.0,0.0,0.0,5,32.2,23.7,61,989.7,266,4.6,-9900,-9900,0.0,0.0
2023,6,20,14,60,0.0,0.0,0.0,0.0,0.0,5,31.7,23.3,61,989.6,263,4.5,-9900,-9900,0.0,0.0
2023,6,20,15,60,0.0,0.0,0.0,0.0,0.0,5,31.4,23.8,64,989.1,263,5.1,-9900,-9900,0.0,0.0
2023,6,20,16,60,0.0,0.0,0.0,0.0,0.0,5,31.6,22.6,59,988.6,261,3.5,-9900,-9900,0.0,0.0
2023,6,20,17,60,0.0,0.0,0.0,0.0,0.0,5,32.0,23.8,62,988.5,261,1.6,-9900,-9900,0.0,0.0
2023,6,20,18,60,0.0,0.0,0.0,0.0,0.0,5,30.9,24.3,68,989.0,269,2.5,-9900,-9900,0.0,0.0
2023,6,20,19,60,0.0,0.0,0.0,0.0,0.0,5,30.2,24.6,72,989.1,268,1.3,-9900,-9900,0.0,0.0
2023,6,20,20,60,0.0,0.0,0.0,0.0,0.0,5,29.9,24.8,74,989.7,238,0.3,-9900,-9900,0.0,0.0
2023,6,20,21,60,0.0,0.0,0.0,0.0,0.0,5,29.6,24.7,75,990.5,284,0.5,-9900,-9900,0.0,0.0
2023,6,20,22,60,0.0,0.0,0.0,0.0,0.0,5,29.2,24.8,77,991.0,267,0.8,-9900,-9900,0.0,0.0
2023,6,20,23,60,0.0,0.0,0.0,0.0,0.0,5,28.5,24.7,80,990.5,265,1.6,-9900,-9900,0.0,0.0
2023,6,20,24,60,0.0,0.0,0.0,0.0,0.0,5,28.0,24.6,82,990.8,274,1.9,-9900,-9900,0.0,0.0
2023,6,21,1,60,0.0,0.0,0.0,0.0,0.0,5,27.9,24.5,82,990.6,181,0.4,-9900,-9900,0.0,0.0
2023,6,21,2,60,0.0,0.0,0.0,0.0,0.0,5,27.7,24.7,84,990.0,276,0.6,-9900,-9900,0.0,0.0
2023,6,21,3,60,0.0,0.0,0.0,0.0,0.0,5,27.5,24.6,84,989.5,0,0.2,-9900,-9900,0.0,0.0
2023,6,21,4,60,0.0,0.0,0.0,0.0,0.0,5,27.2,24.3,84,989.9,222,0.3,-9900,-9900,0.0,0.0
2023,6,21,5,60,0.0,0.0,0.0,0.0,0.0,5,27.4,23.4,79,990.4,261,0.5,-9900,-9900,0.0,0.0
2023,6,21,6,60,0.0,0.0,0.0,0.0,0.0,5,27.7,22.9,75,990.9,263,0.9,-9900,-9900,0.0,0.0
2023,6,21,7,60,0.0,0.0,0.0,0.0,0.0,5,28.9,22.9,70,991.0,264,0.7,-9900,-9900,0.0,0.0
2023,6,21,8,60,0.0,0.0,0.0,0.0,0.0,5,30.2,23.1,66,991.0,267,0.9,-9900,-9900,0.0,0.0
2023,6,21,9,60,0.0,0.0,0.0,0.0,0.0,5,30.1,23.3,67,990.7,267,2.5,-9900,-9900,0.0,0.0
2023,6,21,10,60,0.0,0.0,0.0,0.0,0.0,5,31.0,23.4,64,990.7,265,2.3,-9900,-9900,0.0,0.0
2023,6,21,11,60,0.0,0.0,0.0,0.0,0.0,5,30.5,24.2,69,990.8,266,3.5,-9900,-9900,0.0,0.0
2023,6,21,12,60,0.0,0.0,0.0,0.0,0.0,5,31.3,24.4,67,990.6,267,4.0,-9900,-9900,0.0,0.0
2023,6,21,13,60,0.0,0.0,0.0,0.0,0.0,5,31.7,24.1,64,990.2,268,4.2,-9900,-9900,0.0,0.0
2023,6,21,14,60,0.0,0.0,0.0,0.0,0.0,5,32.0,24.1,63,989.8,265,3.3,-9900,-9900,0.0,0.0
2023,6,21,15,60,0.0,0.0,0.0,0.0,0.0,5,31.6,24.5,66,989.1,266,4.3,-9900,-9900,0.0,0.0
2023,6,21,16,60,0.0,0.0,0.0,0.0,0.0,5,31.7,24.3,65,988.7,261,3.3,-9900,-9900,0.0,0.0
2023,6,21,17,60,0.0,0.0,0.0,0.0,0.0,5,31.3,23.4,63,989.4,265,3.8,-9900,-9900,0.0,0.0
2023,6,21,18,60,0.0,0.0,0.0,0.0,0.0,5,30.8,24.2,68,989.5,261,1.9,-9900,-9900,0.0,0.0
2023,6,21,19,60,0.0,0.0,0.0,0.0,0.0,5,30.4,24.1,69,989.8,255,1.9,-9900,-9900,0.0,0.0
2023,6,21,20,60,0.0,0.0,0.0,0.0,0.0,5,30.0,24.4,72,990.7,276,1.1,-9900,-9900,0.0,0.0
2023,6,21,21,60,0.0,0.0,0.0,0.0,0.0,5,29.7,24.8,75,991.3,191,0.5,-9900,-9900,0.0,0.0
2023,6,21,22,60,0.0,0.0,0.0,0.0,0.0,5,28.9,24.9,79,991.8,274,1.5,-9900,-9900,0.0,0.0
2023,6,21,23,60,0.0,0.0,0.0,0.0,0.0,5,28.7,24.7,79,991.8,269,1.6,-9900,-9900,0.0,0.0
2023,6,21,24,60,0.0,0.0,0.0,0.0,0.0,5,28.6,24.4,78,991.1,0,0.2,-9900,-9900,0.0,0.0
2023,6,22,1,60,0.0,0.0,0.0,0.0,0.0,5,28.4,24.2,78,990.9,177,0.6,-9900,-9900,0.0,0.0
2023,6,22,2,60,0.0,0.0,0.0,0.0,0.0,5,28.2,24.2,79,990.9,190,0.6,-9900,-9900,0.0,0.0
2023,6,22,3,60,0.0,0.0,0.0,0.0,0.0,5,28.0,24.2,80,990.8,130,0.5,-9900,-9900,0.0,0.0
2023,6,22,4,60,0.0,0.0,0.0,0.0,0.0,5,27.8,24.8,84,990.8,84,0.5,-9900,-9900,0.0,0.0
2023,6,22,5,60,0.0,0.0,0.0,0.0,0.0,5,27.6,24.7,84,991.2,132,0.4,-9900,-9900,0.0,0.0
2023,6,22,6,60,0.0,0.0,0.0,0.0,0.0,5,28.1,24.5,81,991.5,208,0.3,-9900,-9900,0.0,0.0
2023,6,22,7,60,0.0,0.0,0.0,0.0,0.0,5,29.1,22.6,68,991.5,268,0.6,-9900,-9900,0.0,0.0
2023,6,22,8,60,0.0,0.0,0.0,0.0,0.0,5,29.3,22.8,68,991.6,258,2.6,-9900,-9900,0.0,0.0
2023,6,22,9,60,0.0,0.0,0.0,0.0,0.0,5,30.3,23.0,65,991.4,262,3.7,-9900,-9900,0.0,0.0
2023,6,22,10,60,0.0,0.0,0.0,0.0,0.0,5,31.0,23.1,63,991.3,271,3.0,-9900,-9900,0.0,0.0
2023,6,22,11,60,0.0,0.0,0.0,0.0,0.0,5,30.1,24.5,72,991.8,270,2.6,-9900,-9900,0.0,0.0
2023,6,22,12,60,0.0,0.0,0.0,0.0,0.0,5,29.8,24.0,71,991.3,267,2.7,-9900,-9900,0.0,0.0
2023,6,22,13,60,0.0,0.0,0.0,0.0,0.0,5,29.9,23.4,68,991.2,273,2.4,-9900,-9900,0.0,0.0
2023,6,22,14,60,0.0,0.0,0.0,0.0,0.0,5,29.8,23.3,68,990.8,278,2.1,-9900,-9900,0.0,0.0
2023,6,22,15,60,0.0,0.0,0.0,0.0,0.0,5,30.0,23.2,67,990.6,270,1.7,-9900,-9900,0.0,0.0
2023,6,22,16,60,0.0,0.0,0.0,0.0,0.0,5,29.7,23.4,69,990.5,269,1.9,-9900,-9900,0.0,0.0
2023,6,22,17,60,0.0,0.0,0.0,0.0,0.0,5,29.4,23.1,69,990.6,288,1.5,-9900,-9900,0.0,0.0
2023,6,22,18,60,0.0,0.0,0.0,0.0,0.0,5,29.3,23.5,71,991.1,269,1.3,-9900,-9900,0.0,0.0
2023,6,22,19,60,0.0,0.0,0.0,0.0,0.0,5,29.4,23.8,72,992.0,324,0.7,-9900,-9900,0.0,0.0
2023,6,22,20,60,0.0,0.0,0.0,0.0,0.0,5,28.2,25.4,85,992.2,317,1.2,-9900,-9900,0.0,0.0
2023,6,22,21,60,0.0,0.0,0.0,0.0,0.0,5,27.9,25.3,86,992.2,322,1.1,-9900,-9900,0.0,0.0
2023,6,22,22,60,0.0,0.0,0.0,0.0,0.0,5,28.1,25.7,87,992.9,0,0.0,-9900,-9900,0.0,0.0
2023,6,22,23,60,0.0,0.0,0.0,0.0,0.0,5,27.8,25.6,88,993.0,336,0.9,-9900,-9900,0.0,0.0
2023,6,22,24,60,0.0,0.0,0.0,0.0,0.0,5,27.2,25.6,91,992.5,276,0.9,-9900,-9900,0.0,0.0
2023,6,23,1,60,0.0,0.0,0.0,0.0,0.0,5,27.1,25.3,90,991.8,264,0.7,-9900,-9900,0.0,0.0
2023,6,23,2,60,0.0,0.0,0.0,0.0,0.0,5,27.1,24.7,87,991.8,279,0.7,-9900,-9900,0.0,0.0
2023,6,23,3,60,0.0,0.0,0.0,0.0,0.0,5,26.8,24.8,89,991.7,281,1.1,-9900,-9900,0.0,0.0
2023,6,23,4,60,0.0,0.0,0.0,0.0,0.0,5,26.7,24.7,89,992.2,0,0.0,-9900,-9900,0.0,0.0
2023,6,23,5,60,0.0,0.0,0.0,0.0,0.0,5,26.5,24.7,90,992.5,0,0.0,-9900,-9900,0.0,0.0
2023,6,23,6,60,0.0,0.0,0.0,0.0,0.0,5,26.5,24.3,88,992.5,275,1.1,-9900,-9900,0.0,0.0
2023,6,23,7,60,0.0,0.0,0.0,0.0,0.0,5,27.7,24.7,84,992.7,145,0.6,-9900,-9900,0.0,0.0
2023,6,23,8,60,0.0,0.0,0.0,0.0,0.0,5,28.4,24.6,80,992.7,196,0.7,-9900,-9900,0.0,0.0
2023,6,23,9,60,0.0,0.0,0.0,0.0,0.0,5,29.1,24.0,74,992.6,280,1.6,-9900,-9900,0.0,0.0
2023,6,23,10,60,0.0,0.0,0.0,0.0,0.0,5,29.3,24.0,73,992.7,272,1.9,-9900,-9900,0.0,0.0
2023,6,23,11,60,0.0,0.0,0.0,0.0,0.0,5,30.8,24.2,68,992.6,290,1.8,-9900,-9900,0.0,0.0
2023,6,23,12,60,0.0,0.0,0.0,0.0,0.0,5,31.0,23.7,65,992.3,287,2.7,-9900,-9900,0.0,0.0
2023,6,23,13,60,0.0,0.0,0.0,0.0,0.0,5,31.1,23.7,65,992.0,288,2.7,-9900,-9900,0.0,0.0
2023,6,23,14,60,0.0,0.0,0.0,0.0,0.0,5,31.4,23.2,62,991.7,289,2.4,-9900,-9900,0.0,0.0
2023,6,23,15,60,0.0,0.0,0.0,0.0,0.0,5,30.6,23.0,64,991.5,305,2.3,-9900,-9900,0.0,0.0
2023,6,23,16,60,0.0,0.0,0.0,0.0,0.0,5,29.8,23.3,68,992.1,0,0.0,-9900,-9900,0.0,0.0
2023,6,23,17,60,0.0,0.0,0.0,0.0,0.0,5,26.8,23.9,84,992.8,101,3.4,-9900,-9900,0.0,0.0
2023,6,23,18,60,0.0,0.0,0.0,0.0,0.0,5,26.8,23.3,81,993.1,117,0.9,-9900,-9900,0.0,0.0
2023,6,23,19,60,0.0,0.0,0.0,0.0,0.0,5,27.1,23.8,82,993.5,123,1.6,-9900,-9900,0.0,0.0
2023,6,23,20,60,0.0,0.0,0.0,0.0,0.0,5,26.8,23.5,82,993.8,133,2.1,-9900,-9900,0.0,0.0
2023,6,23,21,60,0.0,0.0,0.0,0.0,0.0,5,26.9,23.6,82,993.7,101,1.4,-9900,-9900,0.0,0.0
2023,6,23,22,60,0.0,0.0,0.0,0.0,0.0,5,26.2,23.1,83,993.8,139,1.9,-9900,-9900,0.0,0.0
2023,6,23,23,60,0.0,0.0,0.0,0.0,0.0,5,26.4,23.5,84,994.0,186,0.4,-9900,-9900,0.0,0.0
2023,6,23,24,60,0.0,0.0,0.0,0.0,0.0,5,26.1,23.0,83,993.2,153,1.3,-9900,-9900,0.0,0.0
2023,6,24,1,60,0.0,0.0,0.0,0.0,0.0,5,26.0,22.9,83,992.6,143,1.6,-9900,-9900,0.0,0.0
2023,6,24,2,60,0.0,0.0,0.0,0.0,0.0,5,25.9,23.2,85,992.5,136,1.3,-9900,-9900,0.0,0.0
2023,6,24,3,60,0.0,0.0,0.0,0.0,0.0,5,26.3,22.8,81,992.5,0,0.0,-9900,-9900,0.0,0.0
2023,6,24,4,60,0.0,0.0,0.0,0.0,0.0,5,26.3,22.8,81,992.3,252,0.4,-9900,-9900,0.0,0.0
2023,6,24,5,60,0.0,0.0,0.0,0.0,0.0,5,26.1,22.4,80,992.6,0,0.0,-9900,-9900,0.0,0.0
2023,6,24,6,60,0.0,0.0,0.0,0.0,0.0,5,26.6,22.0,76,992.9,228,0.4,-9900,-9900,0.0,0.0
2023,6,24,7,60,0.0,0.0,0.0,0.0,0.0,5,28.2,22.4,71,993.1,166,0.4,-9900,-9900,0.0,0.0
2023,6,24,8,60,0.0,0.0,0.0,0.0,0.0,5,30.1,23.0,66,993.5,113,0.4,-9900,-9900,0.0,0.0
2023,6,24,9,60,0.0,0.0,0.0,0.0,0.0,5,30.9,22.8,62,993.4,116,0.4,-9900,-9900,0.0,0.0
2023,6,24,10,60,0.0,0.0,0.0,0.0,0.0,5,31.8,23.6,62,992.8,320,0.6,-9900,-9900,0.0,0.0
2023,6,24,11,60,0.0,0.0,0.0,0.0,0.0,5,32.0,23.3,60,992.5,267,1.4,-9900,-9900,0.0,0.0
2023,6,24,12,60,0.0,0.0,0.0,0.0,0.0,5,31.5,23.6,63,992.1,348,1.1,-9900,-9900,0.0,0.0
2023,6,24,13,60,0.0,0.0,0.0,0.0,0.0,5,30.4,23.1,65,992.1,314,3.8,-9900,-9900,0.0,0.0
2023,6,24,14,60,0.0,0.0,0.0,0.0,0.0,5,31.8,23.9,63,991.9,336,2.3,-9900,-9900,0.0,0.0
2023,6,24,15,60,0.0,0.0,0.0,0.0,0.0,5,31.2,23.3,63,992.2,306,2.5,-9900,-9900,0.0,0.0
2023,6,24,16,60,0.0,0.0,0.0,0.0,0.0,5,30.1,24.3,71,992.0,317,3.1,-9900,-9900,0.0,0.0
2023,6,24,17,60,0.0,0.0,0.0,0.0,0.0,5,29.8,24.2,72,992.3,323,2.5,-9900,-9900,0.0,0.0
2023,6,24,18,60,0.0,0.0,0.0,0.0,0.0,5,27.0,23.3,80,993.7,139,2.3,-9900,-9900,0.0,0.0
2023,6,24,19,60,0.0,0.0,0.0,0.0,0.0,5,24.9,21.6,82,994.1,141,2.5,-9900,-9900,0.0,0.0
2023,6,24,20,60,0.0,0.0,0.0,0.0,0.0,5,25.0,23.8,93,994.7,202,0.7,-9900,-9900,0.0,0.0
2023,6,24,21,60,0.0,0.0,0.0,0.0,0.0,5,25.1,23.3,90,995.6,195,0.4,-9900,-9900,0.0,0.0
2023,6,24,22,60,0.0,0.0,0.0,0.0,0.0,5,25.4,23.3,88,995.5,133,1.6,-9900,-9900,0.0,0.0
2023,6,24,23,60,0.0,0.0,0.0,0.0,0.0,5,25.0,23.4,91,995.4,113,1.9,-9900,-9900,0.0,0.0
2023,6,24,24,60,0.0,0.0,0.0,0.0,0.0,5,24.9,23.1,90,994.9,127,1.8,-9900,-9900,0.0,0.0
2023,6,25,1,60,0.0,0.0,0.0,0.0,0.0,5,25.0,23.2,90,994.5,129,1.3,-9900,-9900,0.0,0.0
2023,6,25,2,60,0.0,0.0,0.0,0.0,0.0,5,25.4,23.1,87,993.7,129,1.8,-9900,-9900,0.0,0.0
2023,6,25,3,60,0.0,0.0,0.0,0.0,0.0,5,25.6,23.3,87,993.4,171,0.5,-9900,-9900,0.0,0.0
2023,6,25,4,60,0.0,0.0,0.0,0.0,0.0,5,25.8,22.9,84,993.5,185,0.3,-9900,-9900,0.0,0.0
2023,6,25,5,60,0.0,0.0,0.0,0.0,0.0,5,25.6,22.3,82,993.6,176,0.8,-9900,-9900,0.0,0.0
2023,6,25,6,60,0.0,0.0,0.0,0.0,0.0,5,25.7,22.8,84,993.9,160,0.8,-9900,-9900,0.0,0.0
2023,6,25,7,60,0.0,0.0,0.0,0.0,0.0,5,26.6,22.9,80,994.0,158,1.0,-9900,-9900,0.0,0.0
2023,6,25,8,60,0.0,0.0,0.0,0.0,0.0,5,29.9,23.1,67,994.4,0,0.0,-9900,-9900,0.0,0.0
2023,6,25,9,60,0.0,0.0,0.0,0.0,0.0,5,30.1,21.8,61,994.2,322,1.5,-9900,-9900,0.0,0.0
2023,6,25,10,60,0.0,0.0,0.0,0.0,0.0,5,30.6,22.0,60,994.2,319,2.0,-9900,-9900,0.0,0.0
2023,6,25,11,60,0.0,0.0,0.0,0.0,0.0,5,31.8,22.2,57,994.2,277,0.3,-9900,-9900,0.0,0.0
2023,6,25,12,60,0.0,0.0,0.0,0.0,0.0,5,31.3,23.2,62,993.9,14,0.6,-9900,-9900,0.0,0.0
2023,6,25,13,60,0.0,0.0,0.0,0.0,0.0,5,30.6,23.5,66,993.8,350,1.8,-9900,-9900,0.0,0.0
2023,6,25,14,60,0.0,0.0,0.0,0.0,0.0,5,31.4,23.2,62,993.4,335,1.7,-9900,-9900,0.0,0.0
2023,6,25,15,60,0.0,0.0,0.0,0.0,0.0,5,30.5,23.4,66,993.2,328,1.8,-9900,-9900,0.0,0.0
2023,6,25,16,60,0.0,0.0,0.0,0.0,0.0,5,30.1,23.3,67,993.1,323,2.2,-9900,-9900,0.0,0.0
2023,6,25,17,60,0.0,0.0,0.0,0.0,0.0,5,29.8,23.3,68,993.1,5,1.4,-9900,-9900,0.0,0.0
2023,6,25,18,60,0.0,0.0,0.0,0.0,0.0,5,29.0,23.9,74,993.3,34,1.5,-9900,-9900,0.0,0.0
2023,6,25,19,60,0.0,0.0,0.0,0.0,0.0,5,28.5,23.6,75,993.6,36,1.6,-9900,-9900,0.0,0.0
2023,6,25,20,60,0.0,0.0,0.0,0.0,0.0,5,28.5,24.5,79,994.3,3,0.3,-9900,-9900,0.0,0.0
2023,6,25,21,60,0.0,0.0,0.0,0.0,0.0,5,28.3,24.7,81,994.9,359,0.3,-9900,-9900,0.0,0.0
2023,6,25,22,60,0.0,0.0,0.0,0.0,0.0,5,28.5,24.3,78,995.3,115,1.0,-9900,-9900,0.0,0.0
2023,6,25,23,60,0.0,0.0,0.0,0.0,0.0,5,28.3,24.1,78,994.8,0,0.0,-9900,-9900,0.0,0.0
2023,6,25,24,60,0.0,0.0,0.0,0.0,0.0,5,27.6,25.0,86,994.5,357,0.6,-9900,-9900,0.0,0.0
2023,6,26,1,60,0.0,0.0,0.0,0.0,0.0,5,27.7,24.7,84,994.1,0,0.0,-9900,-9900,0.0,0.0
2023,6,26,2,60,0.0,0.0,0.0,0.0,0.0,5,27.5,25.3,88,994.1,325,0.4,-9900,-9900,0.0,0.0
2023,6,26,3,60,0.0,0.0,0.0,0.0,0.0,5,27.2,25.0,88,993.8,318,1.5,-9900,-9900,0.0,0.0
2023,6,26,4,60,0.0,0.0,0.0,0.0,0.0,5,27.2,24.7,86,993.9,316,1.9,-9900,-9900,0.0,0.0
2023,6,26,5,60,0.0,0.0,0.0,0.0,0.0,5,27.1,24.9,88,994.3,0,0.0,-9900,-9900,0.0,0.0
2023,6,26,6,60,0.0,0.0,0.0,0.0,0.0,5,27.2,25.0,88,994.4,16,0.4,-9900,-9900,0.0,0.0
2023,6,26,7,60,0.0,0.0,0.0,0.0,0.0,5,27.4,25.0,87,994.8,60,0.8,-9900,-9900,0.0,0.0
2023,6,26,8,60,0.0,0.0,0.0,0.0,0.0,5,27.6,24.5,83,994.6,91,1.6,-9900,-9900,0.0,0.0
2023,6,26,9,60,0.0,0.0,0.0,0.0,0.0,5,29.1,24.7,77,994.3,27,1.2,-9900,-9900,0.0,0.0
2023,6,26,10,60,0.0,0.0,0.0,0.0,0.0,5,30.2,24.6,72,994.2,14,1.2,-9900,-9900,0.0,0.0
2023,6,26,11,60,0.0,0.0,0.0,0.0,0.0,5,30.7,24.8,71,993.9,28,1.9,-9900,-9900,0.0,0.0
2023,6,26,12,60,0.0,0.0,0.0,0.0,0.0,5,30.3,24.7,72,993.7,17,2.5,-9900,-9900,0.0,0.0
2023,6,26,13,60,0.0,0.0,0.0,0.0,0.0,5,30.3,24.7,72,993.3,4,1.9,-9900,-9900,0.0,0.0
2023,6,26,14,60,0.0,0.0,0.0,0.0,0.0,5,30.4,24.8,72,992.9,17,2.1,-9900,-9900,0.0,0.0
2023,6,26,15,60,0.0,0.0,0.0,0.0,0.0,5,30.6,24.7,71,992.7,4,1.4,-9900,-9900,0.0,0.0
2023,6,26,16,60,0.0,0.0,0.0,0.0,0.0,5,29.8,24.2,72,992.3,18,1.6,-9900,-9900,0.0,0.0
2023,6,26,17,60,0.0,0.0,0.0,0.0,0.0,5,29.2,24.3,75,992.8,338,1.2,-9900,-9900,0.0,0.0
2023,6,26,18,60,0.0,0.0,0.0,0.0,0.0,5,29.0,24.6,77,993.1,37,0.3,-9900,-9900,0.0,0.0
2023,6,26,19,60,0.0,0.0,0.0,0.0,0.0,5,28.6,24.4,78,994.1,58,0.4,-9900,-9900,0.0,0.0
2023,6,26,20,60,0.0,0.0,0.0,0.0,0.0,5,28.2,25.2,84,994.6,31,0.3,-9900,-9900,0.0,0.0
2023,6,26,21,60,0.0,0.0,0.0,0.0,0.0,5,27.9,24.1,80,995.1,133,1.4,-9900,-9900,0.0,0.0
2023,6,26,22,60,0.0,0.0,0.0,0.0,0.0,5,27.5,23.3,78,995.6,123,1.3,-9900,-9900,0.0,0.0
2023,6,26,23,60,0.0,0.0,0.0,0.0,0.0,5,27.2,23.2,79,995.3,127,1.3,-9900,-9900,0.0,0.0
2023,6,26,24,60,0.0,0.0,0.0,0.0,0.0,5,26.7,23.0,80,995.1,118,1.8,-9900,-9900,0.0,0.0
2023,6,27,1,60,0.0,0.0,0.0,0.0,0.0,5,26.4,22.5,79,994.9,125,1.6,-9900,-9900,0.0,0.0
2023,6,27,2,60,0.0,0.0,0.0,0.0,0.0,5,26.1,22.6,81,994.5,126,1.0,-9900,-9900,0.0,0.0
2023,6,27,3,60,0.0,0.0,0.0,0.0,0.0,5,26.4,22.7,80,994.2,0,0.0,-9900,-9900,0.0,0.0
2023,6,27,4,60,0.0,0.0,0.0,0.0,0.0,5,26.2,21.2,74,994.1,173,0.3,-9900,-9900,0.0,0.0
2023,6,27,5,60,0.0,0.0,0.0,0.0,0.0,5,25.9,21.6,77,994.1,101,0.6,-9900,-9900,0.0,0.0
2023,6,27,6,60,0.0,0.0,0.0,0.0,0.0,5,26.3,21.1,73,994.3,126,0.9,-9900,-9900,0.0,0.0
2023,6,27,7,60,0.0,0.0,0.0,0.0,0.0,5,27.6,22.5,74,994.6,75,1.7,-9900,-9900,0.0,0.0
2023,6,27,8,60,0.0,0.0,0.0,0.0,0.0,5,29.1,24.0,74,994.7,53,1.4,-9900,-9900,0.0,0.0
2023,6,27,9,60,0.0,0.0,0.0,0.0,0.0,5,29.7,24.3,73,994.6,17,1.6,-9900,-9900,0.0,0.0
2023,6,27,10,60,0.0,0.0,0.0,0.0,0.0,5,30.1,25.4,76,994.7,34,1.6,-9900,-9900,0.0,0.0
2023,6,27,11,60,0.0,0.0,0.0,0.0,0.0,5,31.3,24.4,67,994.7,7,1.3,-9900,-9900,0.0,0.0
2023,6,27,12,60,0.0,0.0,0.0,0.0,0.0,5,30.2,24.6,72,994.7,326,2.3,-9900,-9900,0.0,0.0
2023,6,27,13,60,0.0,0.0,0.0,0.0,0.0,5,30.6,25.2,73,994.5,312,2.0,-9900,-9900,0.0,0.0
2023,6,27,14,60,0.0,0.0,0.0,0.0,0.0,5,30.0,25.1,75,994.1,318,3.3,-9900,-9900,0.0,0.0
2023,6,27,15,60,0.0,0.0,0.0,0.0,0.0,5,30.5,23.4,66,994.0,306,2.0,-9900,-9900,0.0,0.0
2023,6,27,16,60,0.0,0.0,0.0,0.0,0.0,5,30.7,23.9,67,994.0,282,2.2,-9900,-9900,0.0,0.0
2023,6,27,17,60,0.0,0.0,0.0,0.0,0.0,5,29.9,24.5,73,994.1,320,2.9,-9900,-9900,0.0,0.0
2023,6,27,18,60,0.0,0.0,0.0,0.0,0.0,5,29.4,24.5,75,994.4,271,1.8,-9900,-9900,0.0,0.0
2023,6,27,19,60,0.0,0.0,0.0,0.0,0.0,5,29.2,24.5,76,995.2,287,1.2,-9900,-9900,0.0,0.0
2023,6,27,20,60,0.0,0.0,0.0,0.0,0.0,5,28.5,24.5,79,995.9,275,1.4,-9900,-9900,0.0,0.0
2023,6,27,21,60,0.0,0.0,0.0,0.0,0.0,5,28.3,24.5,80,996.4,274,1.8,-9900,-9900,0.0,0.0
2023,6,27,22,60,0.0,0.0,0.0,0.0,0.0,5,28.6,24.2,77,996.6,247,0.4,-9900,-9900,0.0,0.0
2023,6,27,23,60,0.0,0.0,0.0,0.0,0.0,5,28.3,24.7,81,996.3,0,0.2,-9900,-9900,0.0,0.0
2023,6,27,24,60,0.0,0.0,0.0,0.0,0.0,5,28.0,24.6,82,995.9,135,1.2,-9900,-9900,0.0,0.0
2023,6,28,1,60,0.0,0.0,0.0,0.0,0.0,5,27.8,24.4,82,995.4,133,0.9,-9900,-9900,0.0,0.0
2023,6,28,2,60,0.0,0.0,0.0,0.0,0.0,5,27.3,24.8,86,994.5,126,1.4,-9900,-9900,0.0,0.0
2023,6,28,3,60,0.0,0.0,0.0,0.0,0.0,5,27.0,24.5,86,994.4,128,1.2,-9900,-9900,0.0,0.0
2023,6,28,4,60,0.0,0.0,0.0,0.0,0.0,5,26.9,24.6,87,994.5,106,0.9,-9900,-9900,0.0,0.0
2023,6,28,5,60,0.0,0.0,0.0,0.0,0.0,5,27.0,24.6,87,995.2,38,0.5,-9900,-9900,0.0,0.0
2023,6,28,6,60,0.0,0.0,0.0,0.0,0.0,5,26.7,24.2,86,996.1,124,1.4,-9900,-9900,0.0,0.0
2023,6,28,7,60,0.0,0.0,0.0,0.0,0.0,5,27.5,24.2,82,996.3,100,0.7,-9900,-9900,0.0,0.0
2023,6,28,8,60,0.0,0.0,0.0,0.0,0.0,5,28.8,23.9,75,996.2,129,1.4,-9900,-9900,0.0,0.0
2023,6,28,9,60,0.0,0.0,0.0,0.0,0.0,5,30.0,23.4,68,996.1,142,1.1,-9900,-9900,0.0,0.0
2023,6,28,10,60,0.0,0.0,0.0,0.0,0.0,5,31.3,22.3,59,995.8,32,1.3,-9900,-9900,0.0,0.0
2023,6,28,11,60,0.0,0.0,0.0,0.0,0.0,5,31.3,21.5,56,995.7,15,1.0,-9900,-9900,0.0,0.0
2023,6,28,12,60,0.0,0.0,0.0,0.0,0.0,5,31.6,21.2,54,995.1,59,1.3,-9900,-9900,0.0,0.0
2023,6,28,13,60,0.0,0.0,0.0,0.0,0.0,5,32.6,21.2,51,994.6,14,1.2,-9900,-9900,0.0,0.0
2023,6,28,14,60,0.0,0.0,0.0,0.0,0.0,5,33.1,21.9,52,994.1,343,2.0,-9900,-9900,0.0,0.0
2023,6,28,15,60,0.0,0.0,0.0,0.0,0.0,5,32.8,21.0,50,993.9,14,1.4,-9900,-9900,0.0,0.0
2023,6,28,16,60,0.0,0.0,0.0,0.0,0.0,5,33.0,21.8,52,993.5,17,1.2,-9900,-9900,0.0,0.0
2023,6,28,17,60,0.0,0.0,0.0,0.0,0.0,5,32.3,21.5,53,992.9,32,1.6,-9900,-9900,0.0,0.0
2023,6,28,18,60,0.0,0.0,0.0,0.0,0.0,5,31.9,22.3,57,992.8,4,0.8,-9900,-9900,0.0,0.0
2023,6,28,19,60,0.0,0.0,0.0,0.0,0.0,5,30.5,22.9,64,992.9,359,0.8,-9900,-9900,0.0,0.0
2023,6,28,20,60,0.0,0.0,0.0,0.0,0.0,5,29.4,24.5,75,992.8,318,2.5,-9900,-9900,0.0,0.0
2023,6,28,21,60,0.0,0.0,0.0,0.0,0.0,5,29.5,24.6,75,993.3,312,0.9,-9900,-9900,0.0,0.0
2023,6,28,22,60,0.0,0.0,0.0,0.0,0.0,5,29.1,24.9,78,993.5,0,0.0,-9900,-9900,0.0,0.0
2023,6,28,23,60,0.0,0.0,0.0,0.0,0.0,5,29.1,24.9,78,992.8,130,1.4,-9900,-9900,0.0,0.0
2023,6,28,24,60,0.0,0.0,0.0,0.0,0.0,5,28.8,21.8,66,992.8,115,1.0,-9900,-9900,0.0,0.0
2023,6,29,1,60,0.0,0.0,0.0,0.0,0.0,5,28.8,21.1,63,992.6,0,0.0,-9900,-9900,0.0,0.0
2023,6,29,2,60,0.0,0.0,0.0,0.0,0.0,5,28.2,22.7,72,992.2,210,0.5,-9900,-9900,0.0,0.0
2023,6,29,3,60,0.0,0.0,0.0,0.0,0.0,5,28.0,24.2,80,992.3,260,2.1,-9900,-9900,0.0,0.0
2023,6,29,4,60,0.0,0.0,0.0,0.0,0.0,5,27.7,24.5,83,992.4,196,0.4,-9900,-9900,0.0,0.0
2023,6,29,5,60,0.0,0.0,0.0,0.0,0.0,5,27.5,23.7,80,992.7,163,0.3,-9900,-9900,0.0,0.0
2023,6,29,6,60,0.0,0.0,0.0,0.0,0.0,5,27.1,22.1,74,992.8,125,2.1,-9900,-9900,0.0,0.0
2023,6,29,7,60,0.0,0.0,0.0,0.0,0.0,5,28.3,22.3,70,993.4,122,1.0,-9900,-9900,0.0,0.0
2023,6,29,8,60,0.0,0.0,0.0,0.0,0.0,5,29.5,22.2,65,993.8,127,1.2,-9900,-9900,0.0,0.0
2023,6,29,9,60,0.0,0.0,0.0,0.0,0.0,5,30.6,22.0,60,993.6,324,1.8,-9900,-9900,0.0,0.0
2023,6,29,10,60,0.0,0.0,0.0,0.0,0.0,5,30.9,23.8,66,992.9,298,1.0,-9900,-9900,0.0,0.0
2023,6,29,11,60,0.0,0.0,0.0,0.0,0.0,5,31.6,23.2,61,992.1,317,1.1,-9900,-9900,0.0,0.0
2023,6,29,12,60,0.0,0.0,0.0,0.0,0.0,5,32.9,23.3,57,991.3,317,1.7,-9900,-9900,0.0,0.0
2023,6,29,13,60,0.0,0.0,0.0,0.0,0.0,5,32.2,24.0,62,991.1,345,1.4,-9900,-9900,0.0,0.0
2023,6,29,14,60,0.0,0.0,0.0,0.0,0.0,5,32.4,24.7,64,990.9,341,1.6,-9900,-9900,0.0,0.0
2023,6,29,15,60,0.0,0.0,0.0,0.0,0.0,5,31.1,24.5,68,990.3,329,2.3,-9900,-9900,0.0,0.0
2023,6,29,16,60,0.0,0.0,0.0,0.0,0.0,5,30.9,24.3,68,990.9,19,1.0,-9900,-9900,0.0,0.0
2023,6,29,17,60,0.0,0.0,0.0,0.0,0.0,5,29.4,22.4,66,990.8,148,1.5,-9900,-9900,0.0,0.0
2023,6,29,18,60,0.0,0.0,0.0,0.0,0.0,5,28.4,23.1,73,991.0,146,0.9,-9900,-9900,0.0,0.0
2023,6,29,19,60,0.0,0.0,0.0,0.0,0.0,5,28.5,23.6,75,991.4,133,1.5,-9900,-9900,0.0,0.0
2023,6,29,20,60,0.0,0.0,0.0,0.0,0.0,5,28.3,23.2,74,992.6,215,0.4,-9900,-9900,0.0,0.0
2023,6,29,21,60,0.0,0.0,0.0,0.0,0.0,5,27.5,23.5,79,992.2,133,2.3,-9900,-9900,0.0,0.0
2023,6,29,22,60,0.0,0.0,0.0,0.0,0.0,5,28.3,23.0,73,992.4,193,0.5,-9900,-9900,0.0,0.0
2023,6,29,23,60,0.0,0.0,0.0,0.0,0.0,5,27.7,23.7,79,992.2,155,1.0,-9900,-9900,0.0,0.0
2023,6,29,24,60,0.0,0.0,0.0,0.0,0.0,5,27.2,23.4,80,991.8,124,1.1,-9900,-9900,0.0,0.0
2023,6,30,1,60,0.0,0.0,0.0,0.0,0.0,5,26.8,23.5,82,991.0,134,1.3,-9900,-9900,0.0,0.0
2023,6,30,2,60,0.0,0.0,0.0,0.0,0.0,5,26.4,22.9,81,990.3,124,2.0,-9900,-9900,0.0,0.0
2023,6,30,3,60,0.0,0.0,0.0,0.0,0.0,5,26.7,22.5,78,990.1,232,0.3,-9900,-9900,0.0,0.0
2023,6,30,4,60,0.0,0.0,0.0,0.0,0.0,5,26.6,22.0,76,990.1,217,0.4,-9900,-9900,0.0,0.0
2023,6,30,5,60,0.0,0.0,0.0,0.0,0.0,5,26.9,21.4,72,990.1,0,0.0,-9900,-9900,0.0,0.0
2023,6,30,6,60,0.0,0.0,0.0,0.0,0.0,5,26.9,21.4,72,990.5,137,1.0,-9900,-9900,0.0,0.0
2023,6,30,7,60,0.0,0.0,0.0,0.0,0.0,5,28.4,21.9,68,991.0,126,1.1,-9900,-9900,0.0,0.0
2023,6,30,8,60,0.0,0.0,0.0,0.0,0.0,5,29.1,22.1,66,991.3,133,1.3,-9900,-9900,0.0,0.0
2023,6,30,9,60,0.0,0.0,0.0,0.0,0.0,5,30.8,22.4,61,991.4,264,1.2,-9900,-9900,0.0,0.0
2023,6,30,10,60,0.0,0.0,0.0,0.0,0.0,5,32.2,23.2,59,991.4,261,1.3,-9900,-9900,0.0,0.0
2023,6,30,11,60,0.0,0.0,0.0,0.0,0.0,5,31.9,24.0,63,991.4,270,1.6,-9900,-9900,0.0,0.0
2023,6,30,12,60,0.0,0.0,0.0,0.0,0.0,5,32.3,23.8,61,991.0,276,2.3,-9900,-9900,0.0,0.0
2023,6,30,13,60,0.0,0.0,0.0,0.0,0.0,5,32.3,25.1,66,990.6,289,2.1,-9900,-9900,0.0,0.0
2023,6,30,14,60,0.0,0.0,0.0,0.0,0.0,5,32.1,25.7,69,990.0,298,2.2,-9900,-9900,0.0,0.0
2023,6,30,15,60,0.0,0.0,0.0,0.0,0.0,5,31.6,25.7,71,990.0,279,2.3,-9900,-9900,0.0,0.0
2023,6,30,16,60,0.0,0.0,0.0,0.0,0.0,5,27.3,24.6,85,990.9,112,1.9,-9900,-9900,0.0,0.0
2023,6,30,17,60,0.0,0.0,0.0,0.0,0.0,5,27.7,24.1,81,991.1,117,1.8,-9900,-9900,0.0,0.0
2023,6,30,18,60,0.0,0.0,0.0,0.0,0.0,5,27.0,24.8,88,991.5,126,1.1,-9900,-9900,0.0,0.0
2023,6,30,19,60,0.0,0.0,0.0,0.0,0.0,5,27.0,24.6,87,991.3,143,1.2,-9900,-9900,0.0,0.0
2023,6,30,20,60,0.0,0.0,0.0,0.0,0.0,5,27.0,24.1,84,991.8,0,0.2,-9900,-9900,0.0,0.0
2023,6,30,21,60,0.0,0.0,0.0,0.0,0.0,5,27.4,23.8,81,991.8,0,0.0,-9900,-9900,0.0,0.0
2023,6,30,22,60,0.0,0.0,0.0,0.0,0.0,5,27.0,23.9,83,991.6,108,1.3,-9900,-9900,0.0,0.0
2023,6,30,23,60,0.0,0.0,0.0,0.0,0.0,5,26.9,23.6,82,991.4,125,1.5,-9900,-9900,0.0,0.0
2023,6,30,24,60,0.0,0.0,0.0,0.0,0.0,5,26.8,23.5,82,990.8,125,1.3,-9900,-9900,0.0,0.0
2023,7,1,1,60,0.0,0.0,0.0,0.0,0.0,5,26.7,23.6,83,990.8,130,1.1,-9900,-9900,0.0,0.0
2023,7,1,2,60,0.0,0.0,0.0,0.0,0.0,5,26.7,23.4,82,990.6,127,0.9,-9900,-9900,0.0,0.0
2023,7,1,3,60,0.0,0.0,0.0,0.0,0.0,5,26.5,23.8,85,990.3,124,1.3,-9900,-9900,0.0,0.0
2023,7,1,4,60,0.0,0.0,0.0,0.0,0.0,5,27.4,24.1,82,990.5,234,0.6,-9900,-9900,0.0,0.0
2023,7,1,5,60,0.0,0.0,0.0,0.0,0.0,5,26.2,24.1,88,990.6,131,1.5,-9900,-9900,0.0,0.0
2023,7,1,6,60,0.0,0.0,0.0,0.0,0.0,5,26.1,24.0,88,991.7,128,1.8,-9900,-9900,0.0,0.0
2023,7,1,7,60,0.0,0.0,0.0,0.0,0.0,5,27.3,23.8,81,992.1,144,0.5,-9900,-9900,0.0,0.0
2023,7,1,8,60,0.0,0.0,0.0,0.0,0.0,5,28.4,24.0,77,992.3,126,1.3,-9900,-9900,0.0,0.0
2023,7,1,9,60,0.0,0.0,0.0,0.0,0.0,5,30.6,23.3,65,992.9,151,0.8,-9900,-9900,0.0,0.0
2023,7,1,10,60,0.0,0.0,0.0,0.0,0.0,5,31.6,23.4,62,992.9,128,0.9,-9900,-9900,0.0,0.0
2023,7,1,11,60,0.0,0.0,0.0,0.0,0.0,5,32.9,22.1,53,993.0,187,0.7,-9900,-9900,0.0,0.0
2023,7,1,12,60,0.0,0.0,0.0,0.0,0.0,5,31.7,24.3,65,992.7,276,1.6,-9900,-9900,0.0,0.0
2023,7,1,13,60,0.0,0.0,0.0,0.0,0.0,5,31.6,24.7,67,992.4,281,1.5,-9900,-9900,0.0,0.0
2023,7,1,14,60,0.0,0.0,0.0,0.0,0.0,5,30.9,25.0,71,992.3,288,1.7,-9900,-9900,0.0,0.0
2023,7,1,15,60,0.0,0.0,0.0,0.0,0.0,5,28.6,26.2,87,992.5,73,1.7,-9900,-9900,0.0,0.0
2023,7,1,16,60,0.0,0.0,0.0,0.0,0.0,5,28.3,26.1,88,992.3,55,0.4,-9900,-9900,0.0,0.0
2023,7,1,17,60,0.0,0.0,0.0,0.0,0.0,5,28.0,26.2,90,992.6,222,0.3,-9900,-9900,0.0,0.0
2023,7,1,18,60,0.0,0.0,0.0,0.0,0.0,5,27.8,26.0,90,992.8,126,1.3,-9900,-9900,0.0,0.0
2023,7,1,19,60,0.0,0.0,0.0,0.0,0.0,5,27.5,26.1,92,992.9,98,1.9,-9900,-9900,0.0,0.0
2023,7,1,20,60,0.0,0.0,0.0,0.0,0.0,5,27.5,26.1,92,992.9,110,0.7,-9900,-9900,0.0,0.0
2023,7,1,21,60,0.0,0.0,0.0,0.0,0.0,5,28.0,25.0,84,993.7,0,0.0,-9900,-9900,0.0,0.0
2023,7,1,22,60,0.0,0.0,0.0,0.0,0.0,5,27.7,25.3,87,994.0,128,1.2,-9900,-9900,0.0,0.0
2023,7,1,23,60,0.0,0.0,0.0,0.0,0.0,5,27.8,25.2,86,994.1,136,0.9,-9900,-9900,0.0,0.0
2023,7,1,24,60,0.0,0.0,0.0,0.0,0.0,5,27.9,25.1,85,994.0,268,1.0,-9900,-9900,0.0,0.0
2023,7,2,1,60,0.0,0.0,0.0,0.0,0.0,5,27.5,25.5,89,993.5,87,0.8,-9900,-9900,0.0,0.0
2023,7,2,2,60,0.0,0.0,0.0,0.0,0.0,5,27.6,25.6,89,993.3,88,0.5,-9900,-9900,0.0,0.0
2023,7,2,3,60,0.0,0.0,0.0,0.0,0.0,5,26.8,25.8,94,992.7,99,0.9,-9900,-9900,0.0,0.0
2023,7,2,4,60,0.0,0.0,0.0,0.0,0.0,5,26.2,25.0,93,992.3,76,1.1,-9900,-9900,0.0,0.0
2023,7,2,5,60,0.0,0.0,0.0,0.0,0.0,5,26.4,25.0,92,992.7,90,0.9,-9900,-9900,0.0,0.0
2023,7,2,6,60,0.0,0.0,0.0,0.0,0.0,5,26.7,24.9,90,993.2,132,0.7,-9900,-9900,0.0,0.0
2023,7,2,7,60,0.0,0.0,0.0,0.0,0.0,5,28.1,25.1,84,993.8,131,0.3,-9900,-9900,0.0,0.0
2023,7,2,8,60,0.0,0.0,0.0,0.0,0.0,5,29.3,25.3,79,994.1,118,0.6,-9900,-9900,0.0,0.0
2023,7,2,9,60,0.0,0.0,0.0,0.0,0.0,5,30.6,25.0,72,994.6,132,0.4,-9900,-9900,0.0,0.0
2023,7,2,10,60,0.0,0.0,0.0,0.0,0.0,5,31.2,23.8,65,994.9,327,0.7,-9900,-9900,0.0,0.0
2023,7,2,11,60,0.0,0.0,0.0,0.0,0.0,5,32.4,24.2,62,994.8,298,0.9,-9900,-9900,0.0,0.0
2023,7,2,12,60,0.0,0.0,0.0,0.0,0.0,5,32.5,24.0,61,994.4,299,0.6,-9900,-9900,0.0,0.0
2023,7,2,13,60,0.0,0.0,0.0,0.0,0.0,5,32.3,25.1,66,994.0,291,2.5,-9900,-9900,0.0,0.0
2023,7,2,14,60,0.0,0.0,0.0,0.0,0.0,5,31.9,25.3,68,993.1,278,2.3,-9900,-9900,0.0,0.0
2023,7,2,15,60,0.0,0.0,0.0,0.0,0.0,5,24.3,23.1,93,994.5,107,2.1,-9900,-9900,0.0,0.0
2023,7,2,16,60,0.0,0.0,0.0,0.0,0.0,5,24.7,23.3,92,993.8,128,2.3,-9900,-9900,0.0,0.0
2023,7,2,17,60,0.0,0.0,0.0,0.0,0.0,5,25.4,24.0,92,993.9,131,1.2,-9900,-9900,0.0,0.0
2023,7,2,18,60,0.0,0.0,0.0,0.0,0.0,5,26.4,24.1,87,994.5,149,0.7,-9900,-9900,0.0,0.0
2023,7,2,19,60,0.0,0.0,0.0,0.0,0.0,5,26.1,24.5,91,994.7,121,2.0,-9900,-9900,0.0,0.0
2023,7,2,20,60,0.0,0.0,0.0,0.0,0.0,5,26.1,24.7,92,995.5,130,1.8,-9900,-9900,0.0,0.0
2023,7,2,21,60,0.0,0.0,0.0,0.0,0.0,5,26.4,24.6,90,996.0,121,1.4,-9900,-9900,0.0,0.0
2023,7,2,22,60,0.0,0.0,0.0,0.0,0.0,5,26.6,24.8,90,996.5,132,0.9,-9900,-9900,0.0,0.0
2023,7,2,23,60,0.0,0.0,0.0,0.0,0.0,5,26.6,24.4,88,996.5,120,1.1,-9900,-9900,0.0,0.0
2023,7,2,24,60,0.0,0.0,0.0,0.0,0.0,5,26.2,24.6,91,996.1,127,1.9,-9900,-9900,0.0,0.0
2023,7,3,1,60,0.0,0.0,0.0,0.0,0.0,5,26.0,24.4,91,995.2,122,1.2,-9900,-9900,0.0,0.0
2023,7,3,2,60,0.0,0.0,0.0,0.0,0.0,5,25.7,24.5,93,994.6,136,1.4,-9900,-9900,0.0,0.0
2023,7,3,3,60,0.0,0.0,0.0,0.0,0.0,5,25.8,24.2,91,994.0,130,1.6,-9900,-9900,0.0,0.0
2023,7,3,4,60,0.0,0.0,0.0,0.0,0.0,5,25.8,24.2,91,993.7,122,1.0,-9900,-9900,0.0,0.0
2023,7,3,5,60,0.0,0.0,0.0,0.0,0.0,5,25.4,24.0,92,993.8,127,1.5,-9900,-9900,0.0,0.0
2023,7,3,6,60,0.0,0.0,0.0,0.0,0.0,5,25.7,24.3,92,994.5,129,1.3,-9900,-9900,0.0,0.0
2023,7,3,7,60,0.0,0.0,0.0,0.0,0.0,5,28.0,24.2,80,995.0,144,0.3,-9900,-9900,0.0,0.0
2023,7,3,8,60,0.0,0.0,0.0,0.0,0.0,5,29.8,24.2,72,995.4,111,0.4,-9900,-9900,0.0,0.0
2023,7,3,9,60,0.0,0.0,0.0,0.0,0.0,5,30.4,25.0,73,995.1,280,0.7,-9900,-9900,0.0,0.0
2023,7,3,10,60,0.0,0.0,0.0,0.0,0.0,5,30.7,23.6,66,994.8,268,2.2,-9900,-9900,0.0,0.0
2023,7,3,11,60,0.0,0.0,0.0,0.0,0.0,5,31.4,23.2,62,994.2,258,1.6,-9900,-9900,0.0,0.0
2023,7,3,12,60,0.0,0.0,0.0,0.0,0.0,5,32.1,25.2,67,993.6,269,2.5,-9900,-9900,0.0,0.0
2023,7,3,13,60,0.0,0.0,0.0,0.0,0.0,5,32.5,25.6,67,993.4,276,1.8,-9900,-9900,0.0,0.0
2023,7,3,14,60,0.0,0.0,0.0,0.0,0.0,5,31.6,24.7,67,993.1,268,2.8,-9900,-9900,0.0,0.0
2023,7,3,15,60,0.0,0.0,0.0,0.0,0.0,5,32.3,22.4,56,992.6,283,3.1,-9900,-9900,0.0,0.0
2023,7,3,16,60,0.0,0.0,0.0,0.0,0.0,5,31.4,22.1,58,992.3,271,3.4,-9900,-9900,0.0,0.0
2023,7,3,17,60,0.0,0.0,0.0,0.0,0.0,5,31.3,22.6,60,992.1,288,2.9,-9900,-9900,0.0,0.0
2023,7,3,18,60,0.0,0.0,0.0,0.0,0.0,5,30.3,23.5,67,992.6,265,2.0,-9900,-9900,0.0,0.0
2023,7,3,19,60,0.0,0.0,0.0,0.0,0.0,5,29.9,24.1,71,992.9,265,1.8,-9900,-9900,0.0,0.0
2023,7,3,20,60,0.0,0.0,0.0,0.0,0.0,5,29.9,23.1,67,993.2,0,0.0,-9900,-9900,0.0,0.0
2023,7,3,21,60,0.0,0.0,0.0,0.0,0.0,5,29.5,23.7,71,993.8,0,0.0,-9900,-9900,0.0,0.0
2023,7,3,22,60,0.0,0.0,0.0,0.0,0.0,5,29.3,23.7,72,993.9,0,0.2,-9900,-9900,0.0,0.0
2023,7,3,23,60,0.0,0.0,0.0,0.0,0.0,5,28.9,23.6,73,993.5,108,0.6,-9900,-9900,0.0,0.0
2023,7,3,24,60,0.0,0.0,0.0,0.0,0.0,5,28.6,24.0,76,993.0,109,0.3,-9900,-9900,0.0,0.0
2023,7,4,1,60,0.0,0.0,0.0,0.0,0.0,5,28.3,23.7,76,992.6,104,0.6,-9900,-9900,0.0,0.0
2023,7,4,2,60,0.0,0.0,0.0,0.0,0.0,5,28.0,23.8,78,992.1,0,0.2,-9900,-9900,0.0,0.0
2023,7,4,3,60,0.0,0.0,0.0,0.0,0.0,5,27.6,23.4,78,991.8,0,0.2,-9900,-9900,0.0,0.0
2023,7,4,4,60,0.0,0.0,0.0,0.0,0.0,5,27.4,22.8,76,991.8,133,0.6,-9900,-9900,0.0,0.0
2023,7,4,5,60,0.0,0.0,0.0,0.0,0.0,5,27.2,22.6,76,992.1,134,0.4,-9900,-9900,0.0,0.0
2023,7,4,6,60,0.0,0.0,0.0,0.0,0.0,5,27.3,22.5,75,992.8,137,0.5,-9900,-9900,0.0,0.0
2023,7,4,7,60,0.0,0.0,0.0,0.0,0.0,5,29.1,22.8,69,992.9,134,0.3,-9900,-9900,0.0,0.0
2023,7,4,8,60,0.0,0.0,0.0,0.0,0.0,5,29.6,22.8,67,992.8,268,3.5,-9900,-9900,0.0,0.0
2023,7,4,9,60,0.0,0.0,0.0,0.0,0.0,5,30.4,23.1,65,992.6,265,3.9,-9900,-9900,0.0,0.0
2023,7,4,10,60,0.0,0.0,0.0,0.0,0.0,5,31.5,22.8,60,991.9,267,4.1,-9900,-9900,0.0,0.0
2023,7,4,11,60,0.0,0.0,0.0,0.0,0.0,5,32.5,22.6,56,991.7,274,3.4,-9900,-9900,0.0,0.0
2023,7,4,12,60,0.0,0.0,0.0,0.0,0.0,5,32.6,23.3,58,991.6,266,3.6,-9900,-9900,0.0,0.0
2023,7,4,13,60,0.0,0.0,0.0,0.0,0.0,5,32.3,23.3,59,991.3,275,3.3,-9900,-9900,0.0,0.0
2023,7,4,14,60,0.0,0.0,0.0,0.0,0.0,5,31.9,23.2,60,990.9,268,4.1,-9900,-9900,0.0,0.0
2023,7,4,15,60,0.0,0.0,0.0,0.0,0.0,5,32.1,23.1,59,990.6,264,3.3,-9900,-9900,0.0,0.0
2023,7,4,16,60,0.0,0.0,0.0,0.0,0.0,5,31.5,22.8,60,990.2,264,4.8,-9900,-9900,0.0,0.0
2023,7,4,17,60,0.0,0.0,0.0,0.0,0.0,5,30.8,24.0,67,990.2,269,3.8,-9900,-9900,0.0,0.0
2023,7,4,18,60,0.0,0.0,0.0,0.0,0.0,5,31.1,23.2,63,990.2,258,3.6,-9900,-9900,0.0,0.0
2023,7,4,19,60,0.0,0.0,0.0,0.0,0.0,5,31.6,21.5,55,990.2,259,2.1,-9900,-9900,0.0,0.0
2023,7,4,20,60,0.0,0.0,0.0,0.0,0.0,5,30.5,22.4,62,990.4,263,0.3,-9900,-9900,0.0,0.0
2023,7,4,21,60,0.0,0.0,0.0,0.0,0.0,5,30.1,22.3,63,991.0,266,0.4,-9900,-9900,0.0,0.0
2023,7,4,22,60,0.0,0.0,0.0,0.0,0.0,5,29.6,22.8,67,991.7,266,2.2,-9900,-9900,0.0,0.0
2023,7,4,23,60,0.0,0.0,0.0,0.0,0.0,5,29.2,22.9,69,991.6,264,3.6,-9900,-9900,0.0,0.0
2023,7,4,24,60,0.0,0.0,0.0,0.0,0.0,5,29.0,22.5,68,991.1,260,3.2,-9900,-9900,0.0,0.0
2023,7,5,1,60,0.0,0.0,0.0,0.0,0.0,5,29.0,22.5,68,990.6,252,1.1,-9900,-9900,0.0,0.0
2023,7,5,2,60,0.0,0.0,0.0,0.0,0.0,5,29.7,21.1,60,989.8,258,3.0,-9900,-9900,0.0,0.0
2023,7,5,3,60,0.0,0.0,0.0,0.0,0.0,5,30.1,20.1,55,989.1,261,2.7,-9900,-9900,0.0,0.0
2023,7,5,4,60,0.0,0.0,0.0,0.0,0.0,5,30.6,19.6,52,989.0,259,3.6,-9900,-9900,0.0,0.0
2023,7,5,5,60,0.0,0.0,0.0,0.0,0.0,5,30.4,19.4,52,989.2,262,3.7,-9900,-9900,0.0,0.0
2023,7,5,6,60,0.0,0.0,0.0,0.0,0.0,5,30.5,19.5,52,989.4,263,3.1,-9900,-9900,0.0,0.0
2023,7,5,7,60,0.0,0.0,0.0,0.0,0.0,5,31.0,19.7,51,989.8,259,2.9,-9900,-9900,0.0,0.0
2023,7,5,8,60,0.0,0.0,0.0,0.0,0.0,5,32.1,20.0,49,990.1,262,3.5,-9900,-9900,0.0,0.0
2023,7,5,9,60,0.0,0.0,0.0,0.0,0.0,5,32.1,20.7,51,990.4,266,4.6,-9900,-9900,0.0,0.0
2023,7,5,10,60,0.0,0.0,0.0,0.0,0.0,5,32.0,22.1,56,990.8,267,4.8,-9900,-9900,0.0,0.0
2023,7,5,11,60,0.0,0.0,0.0,0.0,0.0,5,32.2,22.3,56,990.7,265,5.6,-9900,-9900,0.0,0.0
2023,7,5,12,60,0.0,0.0,0.0,0.0,0.0,5,32.6,22.7,56,990.4,268,4.3,-9900,-9900,0.0,0.0
2023,7,5,13,60,0.0,0.0,0.0,0.0,0.0,5,32.6,22.1,54,989.8,269,5.1,-9900,-9900,0.0,0.0
2023,7,5,14,60,0.0,0.0,0.0,0.0,0.0,5,32.5,22.6,56,989.6,268,5.9,-9900,-9900,0.0,0.0
2023,7,5,15,60,0.0,0.0,0.0,0.0,0.0,5,32.0,23.0,59,989.4,268,5.3,-9900,-9900,0.0,0.0
2023,7,5,16,60,0.0,0.0,0.0,0.0,0.0,5,32.1,21.9,55,989.0,264,5.6,-9900,-9900,0.0,0.0
2023,7,5,17,60,0.0,0.0,0.0,0.0,0.0,5,32.1,22.2,56,989.1,267,3.5,-9900,-9900,0.0,0.0
2023,7,5,18,60,0.0,0.0,0.0,0.0,0.0,5,31.7,21.8,56,989.1,266,4.1,-9900,-9900,0.0,0.0
2023,7,5,19,60,0.0,0.0,0.0,0.0,0.0,5,32.0,21.5,54,989.5,260,3.8,-9900,-9900,0.0,0.0
2023,7,5,20,60,0.0,0.0,0.0,0.0,0.0,5,31.7,21.6,55,989.9,265,2.4,-9900,-9900,0.0,0.0
2023,7,5,21,60,0.0,0.0,0.0,0.0,0.0,5,31.1,21.6,57,990.3,266,2.1,-9900,-9900,0.0,0.0
2023,7,5,22,60,0.0,0.0,0.0,0.0,0.0,5,30.8,22.1,60,990.9,267,2.4,-9900,-9900,0.0,0.0
2023,7,5,23,60,0.0,0.0,0.0,0.0,0.0,5,30.1,23.0,66,990.8,264,2.1,-9900,-9900,0.0,0.0
2023,7,5,24,60,0.0,0.0,0.0,0.0,0.0,5,29.8,23.0,67,990.4,266,2.1,-9900,-9900,0.0,0.0
2023,7,6,1,60,0.0,0.0,0.0,0.0,0.0,5,29.4,23.8,72,990.2,263,2.2,-9900,-9900,0.0,0.0
2023,7,6,2,60,0.0,0.0,0.0,0.0,0.0,5,29.2,23.4,71,989.9,259,2.7,-9900,-9900,0.0,0.0
2023,7,6,3,60,0.0,0.0,0.0,0.0,0.0,5,29.1,22.3,67,989.6,258,3.0,-9900,-9900,0.0,0.0
2023,7,6,4,60,0.0,0.0,0.0,0.0,0.0,5,28.7,22.2,68,990.0,261,2.9,-9900,-9900,0.0,0.0
2023,7,6,5,60,0.0,0.0,0.0,0.0,0.0,5,28.7,22.0,67,990.5,261,2.3,-9900,-9900,0.0,0.0
2023,7,6,6,60,0.0,0.0,0.0,0.0,0.0,5,28.7,22.2,68,991.4,253,1.7,-9900,-9900,0.0,0.0
2023,7,6,7,60,0.0,0.0,0.0,0.0,0.0,5,29.9,22.4,64,992.0,263,1.0,-9900,-9900,0.0,0.0
2023,7,6,8,60,0.0,0.0,0.0,0.0,0.0,5,30.5,22.1,61,991.9,262,2.5,-9900,-9900,0.0,0.0
2023,7,6,9,60,0.0,0.0,0.0,0.0,0.0,5,31.3,22.6,60,992.4,261,2.8,-9900,-9900,0.0,0.0
2023,7,6,10,60,0.0,0.0,0.0,0.0,0.0,5,31.9,24.2,64,992.5,264,3.2,-9900,-9900,0.0,0.0
2023,7,6,11,60,0.0,0.0,0.0,0.0,0.0,5,31.7,24.3,65,992.2,268,4.1,-9900,-9900,0.0,0.0
2023,7,6,12,60,0.0,0.0,0.0,0.0,0.0,5,32.4,24.7,64,991.6,267,3.3,-9900,-9900,0.0,0.0
2023,7,6,13,60,0.0,0.0,0.0,0.0,0.0,5,32.9,24.7,62,991.1,264,2.8,-9900,-9900,0.0,0.0
2023,7,6,14,60,0.0,0.0,0.0,0.0,0.0,5,32.6,24.1,61,990.7,259,4.1,-9900,-9900,0.0,0.0
2023,7,6,15,60,0.0,0.0,0.0,0.0,0.0,5,32.7,24.5,62,990.5,265,3.6,-9900,-9900,0.0,0.0
2023,7,6,16,60,0.0,0.0,0.0,0.0,0.0,5,32.4,23.9,61,990.2,265,3.4,-9900,-9900,0.0,0.0
2023,7,6,17,60,0.0,0.0,0.0,0.0,0.0,5,32.0,23.5,61,990.2,270,2.9,-9900,-9900,0.0,0.0
2023,7,6,18,60,0.0,0.0,0.0,0.0,0.0,5,31.1,23.5,64,990.4,261,2.6,-9900,-9900,0.0,0.0
2023,7,6,19,60,0.0,0.0,0.0,0.0,0.0,5,30.5,23.2,65,990.6,263,2.5,-9900,-9900,0.0,0.0
2023,7,6,20,60,0.0,0.0,0.0,0.0,0.0,5,30.3,23.5,67,991.1,263,2.0,-9900,-9900,0.0,0.0
2023,7,6,21,60,0.0,0.0,0.0,0.0,0.0,5,30.1,23.5,68,991.7,268,1.0,-9900,-9900,0.0,0.0
2023,7,6,22,60,0.0,0.0,0.0,0.0,0.0,5,29.8,23.3,68,992.0,259,1.9,-9900,-9900,0.0,0.0
2023,7,6,23,60,0.0,0.0,0.0,0.0,0.0,5,29.6,23.1,68,991.9,248,0.7,-9900,-9900,0.0,0.0
2023,7,6,24,60,0.0,0.0,0.0,0.0,0.0,5,29.4,23.1,69,991.6,253,0.7,-9900,-9900,0.0,0.0
2023,7,7,1,60,0.0,0.0,0.0,0.0,0.0,5,29.2,22.4,67,991.2,203,0.5,-9900,-9900,0.0,0.0
2023,7,7,2,60,0.0,0.0,0.0,0.0,0.0,5,28.5,22.5,70,991.1,184,1.1,-9900,-9900,0.0,0.0
2023,7,7,3,60,0.0,0.0,0.0,0.0,0.0,5,28.5,21.8,67,991.0,0,0.2,-9900,-9900,0.0,0.0
2023,7,7,4,60,0.0,0.0,0.0,0.0,0.0,5,28.4,21.7,67,991.3,251,0.3,-9900,-9900,0.0,0.0
2023,7,7,5,60,0.0,0.0,0.0,0.0,0.0,5,27.9,21.9,70,991.6,166,0.3,-9900,-9900,0.0,0.0
2023,7,7,6,60,0.0,0.0,0.0,0.0,0.0,5,28.5,21.8,67,992.0,228,0.4,-9900,-9900,0.0,0.0
2023,7,7,7,60,0.0,0.0,0.0,0.0,0.0,5,29.8,21.7,62,992.2,261,2.3,-9900,-9900,0.0,0.0
2023,7,7,8,60,0.0,0.0,0.0,0.0,0.0,5,30.8,21.9,59,992.3,258,3.0,-9900,-9900,0.0,0.0
2023,7,7,9,60,0.0,0.0,0.0,0.0,0.0,5,31.6,22.0,57,992.3,263,3.9,-9900,-9900,0.0,0.0
2023,7,7,10,60,0.0,0.0,0.0,0.0,0.0,5,32.5,22.6,56,992.2,260,3.9,-9900,-9900,0.0,0.0
2023,7,7,11,60,0.0,0.0,0.0,0.0,0.0,5,33.0,25.0,63,992.0,268,2.9,-9900,-9900,0.0,0.0
2023,7,7,12,60,0.0,0.0,0.0,0.0,0.0,5,32.8,24.8,63,991.6,266,3.8,-9900,-9900,0.0,0.0
2023,7,7,13,60,0.0,0.0,0.0,0.0,0.0,5,32.3,24.4,63,991.3,265,4.4,-9900,-9900,0.0,0.0
2023,7,7,14,60,0.0,0.0,0.0,0.0,0.0,5,32.9,23.8,59,991.0,267,3.8,-9900,-9900,0.0,0.0
2023,7,7,15,60,0.0,0.0,0.0,0.0,0.0,5,33.1,24.0,59,990.9,266,2.5,-9900,-9900,0.0,0.0
2023,7,7,16,60,0.0,0.0,0.0,0.0,0.0,5,32.4,22.5,56,990.6,263,3.7,-9900,-9900,0.0,0.0
2023,7,7,17,60,0.0,0.0,0.0,0.0,0.0,5,32.4,21.6,53,990.6,265,3.0,-9900,-9900,0.0,0.0
2023,7,7,18,60,0.0,0.0,0.0,0.0,0.0,5,31.8,21.9,56,990.8,264,2.9,-9900,-9900,0.0,0.0
2023,7,7,19,60,0.0,0.0,0.0,0.0,0.0,5,30.9,22.0,59,991.5,268,2.2,-9900,-9900,0.0,0.0
2023,7,7,20,60,0.0,0.0,0.0,0.0,0.0,5,30.4,21.8,60,992.1,258,1.1,-9900,-9900,0.0,0.0
2023,7,7,21,60,0.0,0.0,0.0,0.0,0.0,5,30.0,21.4,60,992.6,253,1.1,-9900,-9900,0.0,0.0
2023,7,7,22,60,0.0,0.0,0.0,0.0,0.0,5,30.0,21.1,59,992.9,260,1.0,-9900,-9900,0.0,0.0
2023,7,7,23,60,0.0,0.0,0.0,0.0,0.0,5,29.8,20.9,59,992.9,193,0.4,-9900,-9900,0.0,0.0
2023,7,7,24,60,0.0,0.0,0.0,0.0,0.0,5,29.6,20.7,59,993.0,194,0.7,-9900,-9900,0.0,0.0
2023,7,8,1,60,0.0,0.0,0.0,0.0,0.0,5,29.2,20.9,61,992.8,192,0.5,-9900,-9900,0.0,0.0
2023,7,8,2,60,0.0,0.0,0.0,0.0,0.0,5,28.8,20.5,61,992.7,251,0.7,-9900,-9900,0.0,0.0
2023,7,8,3,60,0.0,0.0,0.0,0.0,0.0,5,29.1,19.4,56,992.6,250,0.8,-9900,-9900,0.0,0.0
2023,7,8,4,60,0.0,0.0,0.0,0.0,0.0,5,29.3,19.3,55,992.7,264,1.3,-9900,-9900,0.0,0.0
2023,7,8,5,60,0.0,0.0,0.0,0.0,0.0,5,29.1,19.7,57,993.0,254,1.5,-9900,-9900,0.0,0.0
2023,7,8,6,60,0.0,0.0,0.0,0.0,0.0,5,29.3,20.2,58,993.5,253,1.6,-9900,-9900,0.0,0.0
2023,7,8,7,60,0.0,0.0,0.0,0.0,0.0,5,29.7,21.9,63,993.5,260,3.2,-9900,-9900,0.0,0.0
2023,7,8,8,60,0.0,0.0,0.0,0.0,0.0,5,30.6,22.2,61,993.5,261,3.5,-9900,-9900,0.0,0.0
2023,7,8,9,60,0.0,0.0,0.0,0.0,0.0,5,31.9,22.3,57,993.4,262,3.1,-9900,-9900,0.0,0.0
2023,7,8,10,60,0.0,0.0,0.0,0.0,0.0,5,32.2,22.6,57,993.3,263,3.1,-9900,-9900,0.0,0.0
2023,7,8,11,60,0.0,0.0,0.0,0.0,0.0,5,33.0,23.9,59,992.8,267,2.7,-9900,-9900,0.0,0.0
2023,7,8,12,60,0.0,0.0,0.0,0.0,0.0,5,33.8,24.1,57,992.1,266,3.1,-9900,-9900,0.0,0.0
2023,7,8,13,60,0.0,0.0,0.0,0.0,0.0,5,33.2,23.8,58,992.1,272,3.4,-9900,-9900,0.0,0.0
2023,7,8,14,60,0.0,0.0,0.0,0.0,0.0,5,32.5,24.3,62,991.8,264,5.1,-9900,-9900,0.0,0.0
2023,7,8,15,60,0.0,0.0,0.0,0.0,0.0,5,32.5,23.7,60,991.8,263,4.3,-9900,-9900,0.0,0.0
2023,7,8,16,60,0.0,0.0,0.0,0.0,0.0,5,32.3,24.1,62,991.6,267,3.5,-9900,-9900,0.0,0.0
2023,7,8,17,60,0.0,0.0,0.0,0.0,0.0,5,32.5,23.5,59,992.0,264,2.9,-9900,-9900,0.0,0.0
2023,7,8,18,60,0.0,0.0,0.0,0.0,0.0,5,31.8,22.5,58,992.7,265,2.4,-9900,-9900,0.0,0.0
2023,7,8,19,60,0.0,0.0,0.0,0.0,0.0,5,30.8,22.7,62,992.9,264,2.5,-9900,-9900,0.0,0.0
2023,7,8,20,60,0.0,0.0,0.0,0.0,0.0,5,30.6,23.3,65,992.9,223,0.5,-9900,-9900,0.0,0.0
2023,7,8,21,60,0.0,0.0,0.0,0.0,0.0,5,30.2,24.4,71,993.3,225,0.4,-9900,-9900,0.0,0.0
2023,7,8,22,60,0.0,0.0,0.0,0.0,0.0,5,29.9,24.3,72,993.7,177,0.9,-9900,-9900,0.0,0.0
2023,7,8,23,60,0.0,0.0,0.0,0.0,0.0,5,29.9,24.3,72,993.1,140,1.3,-9900,-9900,0.0,0.0
2023,7,8,24,60,0.0,0.0,0.0,0.0,0.0,5,29.1,24.2,75,992.6,126,1.8,-9900,-9900,0.0,0.0
2023,7,9,1,60,0.0,0.0,0.0,0.0,0.0,5,29.0,24.6,77,992.3,0,0.0,-9900,-9900,0.0,0.0
2023,7,9,2,60,0.0,0.0,0.0,0.0,0.0,5,28.6,24.2,77,992.3,315,1.3,-9900,-9900,0.0,0.0
2023,7,9,3,60,0.0,0.0,0.0,0.0,0.0,5,28.5,24.3,78,992.7,283,1.3,-9900,-9900,0.0,0.0
2023,7,9,4,60,0.0,0.0,0.0,0.0,0.0,5,28.1,23.9,78,992.7,263,1.9,-9900,-9900,0.0,0.0
2023,7,9,5,60,0.0,0.0,0.0,0.0,0.0,5,27.8,23.4,77,992.6,208,0.3,-9900,-9900,0.0,0.0
2023,7,9,6,60,0.0,0.0,0.0,0.0,0.0,5,27.8,23.0,75,993.0,257,0.9,-9900,-9900,0.0,0.0
2023,7,9,7,60,0.0,0.0,0.0,0.0,0.0,5,29.0,23.4,72,993.2,258,1.7,-9900,-9900,0.0,0.0
2023,7,9,8,60,0.0,0.0,0.0,0.0,0.0,5,29.2,23.6,72,993.0,261,2.9,-9900,-9900,0.0,0.0
2023,7,9,9,60,0.0,0.0,0.0,0.0,0.0,5,30.6,24.0,68,993.0,266,1.9,-9900,-9900,0.0,0.0
2023,7,9,10,60,0.0,0.0,0.0,0.0,0.0,5,31.1,24.7,69,993.2,265,2.9,-9900,-9900,0.0,0.0
2023,7,9,11,60,0.0,0.0,0.0,0.0,0.0,5,31.0,25.1,71,993.5,274,3.2,-9900,-9900,0.0,0.0
2023,7,9,12,60,0.0,0.0,0.0,0.0,0.0,5,31.1,24.5,68,993.1,269,4.0,-9900,-9900,0.0,0.0
2023,7,9,13,60,0.0,0.0,0.0,0.0,0.0,5,32.0,24.3,64,992.7,263,3.4,-9900,-9900,0.0,0.0
2023,7,9,14,60,0.0,0.0,0.0,0.0,0.0,5,32.0,24.1,63,992.3,267,2.7,-9900,-9900,0.0,0.0
2023,7,9,15,60,0.0,0.0,0.0,0.0,0.0,5,32.1,24.4,64,992.0,263,3.3,-9900,-9900,0.0,0.0
2023,7,9,16,60,0.0,0.0,0.0,0.0,0.0,5,33.0,24.8,62,991.6,271,1.9,-9900,-9900,0.0,0.0
2023,7,9,17,60,0.0,0.0,0.0,0.0,0.0,5,32.9,24.1,60,991.8,265,1.5,-9900,-9900,0.0,0.0
2023,7,9,18,60,0.0,0.0,0.0,0.0,0.0,5,33.3,24.2,59,992.1,237,0.3,-9900,-9900,0.0,0.0
2023,7,9,19,60,0.0,0.0,0.0,0.0,0.0,5,31.4,24.5,67,992.4,272,1.4,-9900,-9900,0.0,0.0
2023,7,9,20,60,0.0,0.0,0.0,0.0,0.0,5,30.8,24.0,67,992.5,297,1.4,-9900,-9900,0.0,0.0
2023,7,9,21,60,0.0,0.0,0.0,0.0,0.0,5,30.5,24.2,69,992.7,310,1.0,-9900,-9900,0.0,0.0
2023,7,9,22,60,0.0,0.0,0.0,0.0,0.0,5,30.1,24.5,72,993.0,0,0.2,-9900,-9900,0.0,0.0
2023,7,9,23,60,0.0,0.0,0.0,0.0,0.0,5,29.8,24.4,73,992.8,19,0.8,-9900,-9900,0.0,0.0
2023,7,9,24,60,0.0,0.0,0.0,0.0,0.0,5,29.1,24.2,75,992.8,354,0.7,-9900,-9900,0.0,0.0
2023,7,10,1,60,0.0,0.0,0.0,0.0,0.0,5,29.1,24.7,77,992.3,302,0.5,-9900,-9900,0.0,0.0
2023,7,10,2,60,0.0,0.0,0.0,0.0,0.0,5,29.0,23.0,70,991.9,122,0.6,-9900,-9900,0.0,0.0
2023,7,10,3,60,0.0,0.0,0.0,0.0,0.0,5,28.8,23.9,75,991.7,0,0.2,-9900,-9900,0.0,0.0
2023,7,10,4,60,0.0,0.0,0.0,0.0,0.0,5,28.3,23.9,77,991.8,0,0.0,-9900,-9900,0.0,0.0
2023,7,10,5,60,0.0,0.0,0.0,0.0,0.0,5,28.2,22.9,73,991.9,247,0.5,-9900,-9900,0.0,0.0
2023,7,10,6,60,0.0,0.0,0.0,0.0,0.0,5,27.9,22.6,73,992.5,214,0.7,-9900,-9900,0.0,0.0
2023,7,10,7,60,0.0,0.0,0.0,0.0,0.0,5,29.1,22.6,68,992.5,160,0.6,-9900,-9900,0.0,0.0
2023,7,10,8,60,0.0,0.0,0.0,0.0,0.0,5,30.4,23.1,65,992.7,263,1.8,-9900,-9900,0.0,0.0
2023,7,10,9,60,0.0,0.0,0.0,0.0,0.0,5,31.1,22.7,61,993.1,131,0.5,-9900,-9900,0.0,0.0
2023,7,10,10,60,0.0,0.0,0.0,0.0,0.0,5,31.9,22.3,57,993.2,0,0.2,-9900,-9900,0.0,0.0
2023,7,10,11,60,0.0,0.0,0.0,0.0,0.0,5,32.5,23.5,59,993.1,289,0.5,-9900,-9900,0.0,0.0
2023,7,10,12,60,0.0,0.0,0.0,0.0,0.0,5,33.7,23.4,55,992.6,262,0.7,-9900,-9900,0.0,0.0
2023,7,10,13,60,0.0,0.0,0.0,0.0,0.0,5,33.2,25.2,63,992.2,276,1.9,-9900,-9900,0.0,0.0
2023,7,10,14,60,0.0,0.0,0.0,0.0,0.0,5,33.4,24.9,61,991.7,295,2.6,-9900,-9900,0.0,0.0
2023,7,10,15,60,0.0,0.0,0.0,0.0,0.0,5,33.3,24.8,61,991.6,305,2.6,-9900,-9900,0.0,0.0
2023,7,10,16,60,0.0,0.0,0.0,0.0,0.0,5,33.3,24.8,61,991.4,270,1.8,-9900,-9900,0.0,0.0
2023,7,10,17,60,0.0,0.0,0.0,0.0,0.0,5,33.2,24.1,59,991.5,266,1.4,-9900,-9900,0.0,0.0
2023,7,10,18,60,0.0,0.0,0.0,0.0,0.0,5,31.2,24.8,69,991.4,261,1.0,-9900,-9900,0.0,0.0
2023,7,10,19,60,0.0,0.0,0.0,0.0,0.0,5,30.6,24.7,71,992.2,225,0.6,-9900,-9900,0.0,0.0
2023,7,10,20,60,0.0,0.0,0.0,0.0,0.0,5,30.6,24.7,71,992.5,0,0.0,-9900,-9900,0.0,0.0
2023,7,10,21,60,0.0,0.0,0.0,0.0,0.0,5,30.1,25.0,74,992.6,130,0.9,-9900,-9900,0.0,0.0
2023,7,10,22,60,0.0,0.0,0.0,0.0,0.0,5,30.1,25.0,74,992.7,88,0.8,-9900,-9900,0.0,0.0
2023,7,10,23,60,0.0,0.0,0.0,0.0,0.0,5,29.5,25.3,78,992.5,354,0.7,-9900,-9900,0.0,0.0
2023,7,10,24,60,0.0,0.0,0.0,0.0,0.0,5,29.2,24.8,77,992.0,345,0.8,-9900,-9900,0.0,0.0
2023,7,11,1,60,0.0,0.0,0.0,0.0,0.0,5,29.3,25.1,78,992.0,347,1.1,-9900,-9900,0.0,0.0
2023,7,11,2,60,0.0,0.0,0.0,0.0,0.0,5,28.5,26.3,88,992.1,3,1.2,-9900,-9900,0.0,0.0
2023,7,11,3,60,0.0,0.0,0.0,0.0,0.0,5,28.4,26.2,88,992.1,8,0.7,-9900,-9900,0.0,0.0
2023,7,11,4,60,0.0,0.0,0.0,0.0,0.0,5,28.7,25.1,81,992.0,261,2.3,-9900,-9900,0.0,0.0
2023,7,11,5,60,0.0,0.0,0.0,0.0,0.0,5,28.5,24.5,79,992.6,268,2.1,-9900,-9900,0.0,0.0
2023,7,11,6,60,0.0,0.0,0.0,0.0,0.0,5,27.9,23.9,79,993.8,136,1.4,-9900,-9900,0.0,0.0
2023,7,11,7,60,0.0,0.0,0.0,0.0,0.0,5,28.5,24.1,77,994.4,263,1.9,-9900,-9900,0.0,0.0
2023,7,11,8,60,0.0,0.0,0.0,0.0,0.0,5,30.5,24.4,70,994.5,259,0.6,-9900,-9900,0.0,0.0
2023,7,11,9,60,0.0,0.0,0.0,0.0,0.0,5,30.7,24.1,68,994.3,265,1.2,-9900,-9900,0.0,0.0
2023,7,11,10,60,0.0,0.0,0.0,0.0,0.0,5,31.4,24.0,65,994.0,265,1.3,-9900,-9900,0.0,0.0
2023,7,11,11,60,0.0,0.0,0.0,0.0,0.0,5,31.6,24.7,67,993.7,309,2.6,-9900,-9900,0.0,0.0
2023,7,11,12,60,0.0,0.0,0.0,0.0,0.0,5,31.8,25.4,69,993.4,285,1.5,-9900,-9900,0.0,0.0
2023,7,11,13,60,0.0,0.0,0.0,0.0,0.0,5,32.5,24.8,64,992.5,303,2.5,-9900,-9900,0.0,0.0
2023,7,11,14,60,0.0,0.0,0.0,0.0,0.0,5,32.8,24.6,62,992.0,279,2.4,-9900,-9900,0.0,0.0
2023,7,11,15,60,0.0,0.0,0.0,0.0,0.0,5,31.8,23.9,63,992.2,308,2.3,-9900,-9900,0.0,0.0
2023,7,11,16,60,0.0,0.0,0.0,0.0,0.0,5,27.8,23.2,76,992.9,131,2.3,-9900,-9900,0.0,0.0
2023,7,11,17,60,0.0,0.0,0.0,0.0,0.0,5,27.1,23.6,81,993.1,129,2.3,-9900,-9900,0.0,0.0
2023,7,11,18,60,0.0,0.0,0.0,0.0,0.0,5,28.3,23.2,74,993.2,128,2.1,-9900,-9900,0.0,0.0
2023,7,11,19,60,0.0,0.0,0.0,0.0,0.0,5,27.7,23.3,77,993.5,134,1.9,-9900,-9900,0.0,0.0
2023,7,11,20,60,0.0,0.0,0.0,0.0,0.0,5,27.1,23.8,82,993.2,133,1.6,-9900,-9900,0.0,0.0
2023,7,11,21,60,0.0,0.0,0.0,0.0,0.0,5,27.0,24.1,84,993.3,132,2.0,-9900,-9900,0.0,0.0
2023,7,11,22,60,0.0,0.0,0.0,0.0,0.0,5,26.8,24.3,86,993.3,127,1.7,-9900,-9900,0.0,0.0
2023,7,11,23,60,0.0,0.0,0.0,0.0,0.0,5,27.4,23.8,81,993.0,176,0.4,-9900,-9900,0.0,0.0
2023,7,11,24,60,0.0,0.0,0.0,0.0,0.0,5,27.6,22.5,74,992.7,0,0.2,-9900,-9900,0.0,0.0
2023,7,12,1,60,0.0,0.0,0.0,0.0,0.0,5,28.0,22.5,72,992.3,171,0.7,-9900,-9900,0.0,0.0
2023,7,12,2,60,0.0,0.0,0.0,0.0,0.0,5,27.3,22.5,75,992.1,134,1.2,-9900,-9900,0.0,0.0
2023,7,12,3,60,0.0,0.0,0.0,0.0,0.0,5,27.2,21.9,73,992.3,124,1.2,-9900,-9900,0.0,0.0
2023,7,12,4,60,0.0,0.0,0.0,0.0,0.0,5,26.3,22.8,81,992.5,133,1.8,-9900,-9900,0.0,0.0
2023,7,12,5,60,0.0,0.0,0.0,0.0,0.0,5,25.9,22.8,83,993.0,121,1.9,-9900,-9900,0.0,0.0
2023,7,12,6,60,0.0,0.0,0.0,0.0,0.0,5,26.8,22.9,79,993.6,136,1.2,-9900,-9900,0.0,0.0
2023,7,12,7,60,0.0,0.0,0.0,0.0,0.0,5,27.9,21.7,69,993.7,121,1.7,-9900,-9900,0.0,0.0
2023,7,12,8,60,0.0,0.0,0.0,0.0,0.0,5,30.4,23.1,65,993.9,174,0.4,-9900,-9900,0.0,0.0
2023,7,12,9,60,0.0,0.0,0.0,0.0,0.0,5,30.4,23.8,68,994.0,272,1.8,-9900,-9900,0.0,0.0
2023,7,12,10,60,0.0,0.0,0.0,0.0,0.0,5,31.3,23.4,63,994.1,315,0.4,-9900,-9900,0.0,0.0
2023,7,12,11,60,0.0,0.0,0.0,0.0,0.0,5,32.6,23.3,58,993.9,0,0.2,-9900,-9900,0.0,0.0
2023,7,12,12,60,0.0,0.0,0.0,0.0,0.0,5,31.6,24.2,65,993.4,299,0.3,-9900,-9900,0.0,0.0
2023,7,12,13,60,0.0,0.0,0.0,0.0,0.0,5,26.2,24.6,91,993.2,131,1.9,-9900,-9900,0.0,0.0
2023,7,12,14,60,0.0,0.0,0.0,0.0,0.0,5,26.5,23.2,82,992.9,129,3.6,-9900,-9900,0.0,0.0
2023,7,12,15,60,0.0,0.0,0.0,0.0,0.0,5,28.3,23.4,75,992.5,184,1.1,-9900,-9900,0.0,0.0
2023,7,12,16,60,0.0,0.0,0.0,0.0,0.0,5,29.9,23.4,68,991.5,154,1.2,-9900,-9900,0.0,0.0
2023,7,12,17,60,0.0,0.0,0.0,0.0,0.0,5,31.6,23.4,62,991.8,0,0.0,-9900,-9900,0.0,0.0
2023,7,12,18,60,0.0,0.0,0.0,0.0,0.0,5,30.4,25.0,73,992.2,70,1.3,-9900,-9900,0.0,0.0
2023,7,12,19,60,0.0,0.0,0.0,0.0,0.0,5,29.4,25.6,80,992.5,11,1.1,-9900,-9900,0.0,0.0
2023,7,12,20,60,0.0,0.0,0.0,0.0,0.0,5,29.0,24.8,78,992.8,42,1.4,-9900,-9900,0.0,0.0
2023,7,12,21,60,0.0,0.0,0.0,0.0,0.0,5,28.8,25.0,80,993.2,48,0.8,-9900,-9900,0.0,0.0
2023,7,12,22,60,0.0,0.0,0.0,0.0,0.0,5,28.5,24.7,80,993.4,128,1.4,-9900,-9900,0.0,0.0
2023,7,12,23,60,0.0,0.0,0.0,0.0,0.0,5,28.4,24.8,81,992.9,0,0.0,-9900,-9900,0.0,0.0
2023,7,12,24,60,0.0,0.0,0.0,0.0,0.0,5,28.2,24.2,79,992.5,121,0.9,-9900,-9900,0.0,0.0
2023,7,13,1,60,0.0,0.0,0.0,0.0,0.0,5,27.6,23.4,78,991.9,171,0.5,-9900,-9900,0.0,0.0
2023,7,13,2,60,0.0,0.0,0.0,0.0,0.0,5,27.3,22.7,76,991.5,126,1.5,-9900,-9900,0.0,0.0
2023,7,13,3,60,0.0,0.0,0.0,0.0,0.0,5,27.3,22.3,74,991.5,126,1.0,-9900,-9900,0.0,0.0
2023,7,13,4,60,0.0,0.0,0.0,0.0,0.0,5,27.3,22.0,73,991.4,130,0.8,-9900,-9900,0.0,0.0
2023,7,13,5,60,0.0,0.0,0.0,0.0,0.0,5,26.9,21.7,73,991.5,267,0.7,-9900,-9900,0.0,0.0
2023,7,13,6,60,0.0,0.0,0.0,0.0,0.0,5,27.4,21.9,72,991.8,153,0.5,-9900,-9900,0.0,0.0
2023,7,13,7,60,0.0,0.0,0.0,0.0,0.0,5,27.8,21.1,67,992.3,120,1.8,-9900,-9900,0.0,0.0
2023,7,13,8,60,0.0,0.0,0.0,0.0,0.0,5,30.0,22.4,64,992.5,64,0.9,-9900,-9900,0.0,0.0
2023,7,13,9,60,0.0,0.0,0.0,0.0,0.0,5,30.4,22.6,63,992.6,55,1.4,-9900,-9900,0.0,0.0
2023,7,13,10,60,0.0,0.0,0.0,0.0,0.0,5,31.5,23.1,61,992.4,60,0.8,-9900,-9900,0.0,0.0
2023,7,13,11,60,0.0,0.0,0.0,0.0,0.0,5,31.6,24.0,64,992.5,346,1.8,-9900,-9900,0.0,0.0
2023,7,13,12,60,0.0,0.0,0.0,0.0,0.0,5,32.2,23.7,61,992.0,343,0.7,-9900,-9900,0.0,0.0
2023,7,13,13,60,0.0,0.0,0.0,0.0,0.0,5,31.0,24.4,68,991.7,318,2.3,-9900,-9900,0.0,0.0
2023,7,13,14,60,0.0,0.0,0.0,0.0,0.0,5,31.4,24.3,66,990.9,359,1.8,-9900,-9900,0.0,0.0
2023,7,13,15,60,0.0,0.0,0.0,0.0,0.0,5,31.0,24.4,68,990.4,358,1.6,-9900,-9900,0.0,0.0
2023,7,13,16,60,0.0,0.0,0.0,0.0,0.0,5,30.3,24.2,70,990.1,19,1.9,-9900,-9900,0.0,0.0
2023,7,13,17,60,0.0,0.0,0.0,0.0,0.0,5,29.9,24.3,72,989.9,354,1.8,-9900,-9900,0.0,0.0
2023,7,13,18,60,0.0,0.0,0.0,0.0,0.0,5,29.9,23.6,69,990.0,26,1.5,-9900,-9900,0.0,0.0
2023,7,13,19,60,0.0,0.0,0.0,0.0,0.0,5,30.2,23.4,67,990.1,54,1.6,-9900,-9900,0.0,0.0
2023,7,13,20,60,0.0,0.0,0.0,0.0,0.0,5,29.9,23.4,68,990.3,93,2.0,-9900,-9900,0.0,0.0
2023,7,13,21,60,0.0,0.0,0.0,0.0,0.0,5,29.4,23.4,70,990.4,99,2.4,-9900,-9900,0.0,0.0
2023,7,13,22,60,0.0,0.0,0.0,0.0,0.0,5,29.1,22.8,69,990.3,106,1.7,-9900,-9900,0.0,0.0
2023,7,13,23,60,0.0,0.0,0.0,0.0,0.0,5,28.8,22.8,70,989.8,127,1.6,-9900,-9900,0.0,0.0
2023,7,13,24,60,0.0,0.0,0.0,0.0,0.0,5,28.2,23.1,74,989.1,128,1.2,-9900,-9900,0.0,0.0
2023,7,14,1,60,0.0,0.0,0.0,0.0,0.0,5,28.2,22.9,73,988.9,134,0.7,-9900,-9900,0.0,0.0
2023,7,14,2,60,0.0,0.0,0.0,0.0,0.0,5,28.0,23.4,76,988.5,241,0.4,-9900,-9900,0.0,0.0
2023,7,14,3,60,0.0,0.0,0.0,0.0,0.0,5,28.1,25.3,85,988.7,231,0.7,-9900,-9900,0.0,0.0
2023,7,14,4,60,0.0,0.0,0.0,0.0,0.0,5,28.2,23.8,77,988.8,262,2.2,-9900,-9900,0.0,0.0
2023,7,14,5,60,0.0,0.0,0.0,0.0,0.0,5,28.4,24.2,78,989.2,266,1.6,-9900,-9900,0.0,0.0
2023,7,14,6,60,0.0,0.0,0.0,0.0,0.0,5,27.9,24.7,83,989.8,259,1.4,-9900,-9900,0.0,0.0
2023,7,14,7,60,0.0,0.0,0.0,0.0,0.0,5,28.7,24.7,79,990.2,262,0.4,-9900,-9900,0.0,0.0
2023,7,14,8,60,0.0,0.0,0.0,0.0,0.0,5,29.5,23.7,71,990.2,265,1.0,-9900,-9900,0.0,0.0
2023,7,14,9,60,0.0,0.0,0.0,0.0,0.0,5,30.6,22.8,63,990.3,264,1.9,-9900,-9900,0.0,0.0
2023,7,14,10,60,0.0,0.0,0.0,0.0,0.0,5,31.8,23.1,60,990.3,180,0.3,-9900,-9900,0.0,0.0
2023,7,14,11,60,0.0,0.0,0.0,0.0,0.0,5,32.5,23.2,58,989.8,274,0.9,-9900,-9900,0.0,0.0
2023,7,14,12,60,0.0,0.0,0.0,0.0,0.0,5,33.3,22.7,54,988.8,340,1.1,-9900,-9900,0.0,0.0
2023,7,14,13,60,0.0,0.0,0.0,0.0,0.0,5,33.1,23.7,58,988.1,15,1.4,-9900,-9900,0.0,0.0
2023,7,14,14,60,0.0,0.0,0.0,0.0,0.0,5,32.9,23.0,56,987.3,3,1.7,-9900,-9900,0.0,0.0
2023,7,14,15,60,0.0,0.0,0.0,0.0,0.0,5,32.5,24.0,61,987.0,359,1.8,-9900,-9900,0.0,0.0
2023,7,14,16,60,0.0,0.0,0.0,0.0,0.0,5,31.6,24.2,65,986.5,29,2.6,-9900,-9900,0.0,0.0
2023,7,14,17,60,0.0,0.0,0.0,0.0,0.0,5,32.2,23.2,59,985.9,2,2.3,-9900,-9900,0.0,0.0
2023,7,14,18,60,0.0,0.0,0.0,0.0,0.0,5,32.6,23.3,58,985.4,49,1.7,-9900,-9900,0.0,0.0
2023,7,14,19,60,0.0,0.0,0.0,0.0,0.0,5,31.2,23.3,63,985.4,86,3.0,-9900,-9900,0.0,0.0
2023,7,14,20,60,0.0,0.0,0.0,0.0,0.0,5,30.5,23.4,66,985.8,92,3.5,-9900,-9900,0.0,0.0
2023,7,14,21,60,0.0,0.0,0.0,0.0,0.0,5,30.2,23.4,67,986.2,96,2.8,-9900,-9900,0.0,0.0
2023,7,14,22,60,0.0,0.0,0.0,0.0,0.0,5,30.0,23.4,68,986.6,115,1.9,-9900,-9900,0.0,0.0
2023,7,14,23,60,0.0,0.0,0.0,0.0,0.0,5,29.7,23.4,69,986.6,105,1.7,-9900,-9900,0.0,0.0
2023,7,14,24,60,0.0,0.0,0.0,0.0,0.0,5,29.5,23.5,70,986.3,123,1.6,-9900,-9900,0.0,0.0
2023,7,15,1,60,0.0,0.0,0.0,0.0,0.0,5,29.0,23.7,73,986.1,158,1.0,-9900,-9900,0.0,0.0
2023,7,15,2,60,0.0,0.0,0.0,0.0,0.0,5,28.6,24.8,80,985.7,147,0.9,-9900,-9900,0.0,0.0
2023,7,15,3,60,0.0,0.0,0.0,0.0,0.0,5,28.3,25.3,84,985.7,173,0.4,-9900,-9900,0.0,0.0
2023,7,15,4,60,0.0,0.0,0.0,0.0,0.0,5,28.0,24.2,80,985.7,126,1.8,-9900,-9900,0.0,0.0
2023,7,15,5,60,0.0,0.0,0.0,0.0,0.0,5,27.3,24.0,82,985.5,123,2.2,-9900,-9900,0.0,0.0
2023,7,15,6,60,0.0,0.0,0.0,0.0,0.0,5,27.6,23.6,79,986.0,129,1.4,-9900,-9900,0.0,0.0
2023,7,15,7,60,0.0,0.0,0.0,0.0,0.0,5,29.4,24.1,73,986.4,116,0.6,-9900,-9900,0.0,0.0
2023,7,15,8,60,0.0,0.0,0.0,0.0,0.0,5,31.3,24.7,68,986.2,125,0.3,-9900,-9900,0.0,0.0
2023,7,15,9,60,0.0,0.0,0.0,0.0,0.0,5,31.6,24.5,66,986.2,42,0.7,-9900,-9900,0.0,0.0
2023,7,15,10,60,0.0,0.0,0.0,0.0,0.0,5,32.8,24.6,62,985.9,58,0.6,-9900,-9900,0.0,0.0
2023,7,15,11,60,0.0,0.0,0.0,0.0,0.0,5,31.5,25.8,72,985.9,10,1.9,-9900,-9900,0.0,0.0
2023,7,15,12,60,0.0,0.0,0.0,0.0,0.0,5,31.9,25.7,70,985.6,12,2.0,-9900,-9900,0.0,0.0
2023,7,15,13,60,0.0,0.0,0.0,0.0,0.0,5,31.6,25.7,71,984.9,6,2.0,-9900,-9900,0.0,0.0
2023,7,15,14,60,0.0,0.0,0.0,0.0,0.0,5,31.2,26.0,74,984.3,6,1.8,-9900,-9900,0.0,0.0
2023,7,15,15,60,0.0,0.0,0.0,0.0,0.0,5,31.3,24.4,67,984.0,358,1.6,-9900,-9900,0.0,0.0
2023,7,15,16,60,0.0,0.0,0.0,0.0,0.0,5,31.7,25.6,70,983.1,349,1.4,-9900,-9900,0.0,0.0
2023,7,15,17,60,0.0,0.0,0.0,0.0,0.0,5,32.1,24.7,65,983.0,53,1.9,-9900,-9900,0.0,0.0
2023,7,15,18,60,0.0,0.0,0.0,0.0,0.0,5,31.9,23.7,62,983.2,91,2.5,-9900,-9900,0.0,0.0
2023,7,15,19,60,0.0,0.0,0.0,0.0,0.0,5,31.1,23.2,63,983.9,94,2.1,-9900,-9900,0.0,0.0
2023,7,15,20,60,0.0,0.0,0.0,0.0,0.0,5,30.3,25.4,75,984.6,132,2.1,-9900,-9900,0.0,0.0
2023,7,15,21,60,0.0,0.0,0.0,0.0,0.0,5,30.2,23.1,66,985.2,100,1.8,-9900,-9900,0.0,0.0
2023,7,15,22,60,0.0,0.0,0.0,0.0,0.0,5,29.9,23.1,67,985.7,83,0.7,-9900,-9900,0.0,0.0
2023,7,15,23,60,0.0,0.0,0.0,0.0,0.0,5,29.8,23.0,67,985.5,103,0.6,-9900,-9900,0.0,0.0
2023,7,15,24,60,0.0,0.0,0.0,0.0,0.0,5,29.2,23.6,72,985.2,127,1.6,-9900,-9900,0.0,0.0
2023,7,16,1,60,0.0,0.0,0.0,0.0,0.0,5,28.8,23.7,74,984.8,128,1.7,-9900,-9900,0.0,0.0
2023,7,16,2,60,0.0,0.0,0.0,0.0,0.0,5,28.7,23.6,74,984.4,130,1.3,-9900,-9900,0.0,0.0
2023,7,16,3,60,0.0,0.0,0.0,0.0,0.0,5,28.4,23.5,75,984.3,127,0.9,-9900,-9900,0.0,0.0
2023,7,16,4,60,0.0,0.0,0.0,0.0,0.0,5,28.3,23.2,74,984.3,137,1.1,-9900,-9900,0.0,0.0
2023,7,16,5,60,0.0,0.0,0.0,0.0,0.0,5,28.1,23.0,74,984.4,96,1.1,-9900,-9900,0.0,0.0
2023,7,16,6,60,0.0,0.0,0.0,0.0,0.0,5,28.3,23.0,73,984.3,123,1.3,-9900,-9900,0.0,0.0
2023,7,16,7,60,0.0,0.0,0.0,0.0,0.0,5,29.2,22.9,69,984.3,133,1.4,-9900,-9900,0.0,0.0
2023,7,16,8,60,0.0,0.0,0.0,0.0,0.0,5,31.0,22.1,59,984.4,107,1.8,-9900,-9900,0.0,0.0
2023,7,16,9,60,0.0,0.0,0.0,0.0,0.0,5,32.6,22.4,55,984.7,120,0.8,-9900,-9900,0.0,0.0
2023,7,16,10,60,0.0,0.0,0.0,0.0,0.0,5,33.7,22.5,52,984.9,166,0.9,-9900,-9900,0.0,0.0
2023,7,16,11,60,0.0,0.0,0.0,0.0,0.0,5,33.6,22.4,52,984.6,107,1.5,-9900,-9900,0.0,0.0
2023,7,16,12,60,0.0,0.0,0.0,0.0,0.0,5,33.5,22.9,54,983.8,87,2.7,-9900,-9900,0.0,0.0
2023,7,16,13,60,0.0,0.0,0.0,0.0,0.0,5,34.0,22.8,52,983.6,95,2.9,-9900,-9900,0.0,0.0
2023,7,16,14,60,0.0,0.0,0.0,0.0,0.0,5,33.9,23.3,54,983.1,84,3.1,-9900,-9900,0.0,0.0
2023,7,16,15,60,0.0,0.0,0.0,0.0,0.0,5,33.3,23.6,57,983.1,95,1.8,-9900,-9900,0.0,0.0
2023,7,16,16,60,0.0,0.0,0.0,0.0,0.0,5,32.3,24.6,64,984.0,267,0.9,-9900,-9900,0.0,0.0
2023,7,16,17,60,0.0,0.0,0.0,0.0,0.0,5,27.9,26.3,91,985.1,252,1.0,-9900,-9900,0.0,0.0
2023,7,16,18,60,0.0,0.0,0.0,0.0,0.0,5,28.6,24.0,76,985.2,131,1.2,-9900,-9900,0.0,0.0
2023,7,16,19,60,0.0,0.0,0.0,0.0,0.0,5,28.8,25.6,83,985.8,83,1.4,-9900,-9900,0.0,0.0
2023,7,16,20,60,0.0,0.0,0.0,0.0,0.0,5,29.8,24.7,74,986.9,0,0.0,-9900,-9900,0.0,0.0
2023,7,16,21,60,0.0,0.0,0.0,0.0,0.0,5,29.7,23.6,70,987.4,76,0.8,-9900,-9900,0.0,0.0
2023,7,16,22,60,0.0,0.0,0.0,0.0,0.0,5,29.5,23.9,72,987.8,114,0.9,-9900,-9900,0.0,0.0
2023,7,16,23,60,0.0,0.0,0.0,0.0,0.0,5,29.2,24.3,75,987.4,119,0.6,-9900,-9900,0.0,0.0
2023,7,16,24,60,0.0,0.0,0.0,0.0,0.0,5,29.1,24.7,77,987.1,0,0.2,-9900,-9900,0.0,0.0
2023,7,17,1,60,0.0,0.0,0.0,0.0,0.0,5,29.0,24.3,76,986.8,16,0.4,-9900,-9900,0.0,0.0
2023,7,17,2,60,0.0,0.0,0.0,0.0,0.0,5,28.8,25.2,81,987.1,321,0.4,-9900,-9900,0.0,0.0
2023,7,17,3,60,0.0,0.0,0.0,0.0,0.0,5,28.3,24.9,82,987.0,137,0.6,-9900,-9900,0.0,0.0
2023,7,17,4,60,0.0,0.0,0.0,0.0,0.0,5,28.1,24.7,82,987.1,121,0.4,-9900,-9900,0.0,0.0
2023,7,17,5,60,0.0,0.0,0.0,0.0,0.0,5,28.1,25.1,84,987.1,0,0.0,-9900,-9900,0.0,0.0
2023,7,17,6,60,0.0,0.0,0.0,0.0,0.0,5,28.5,25.1,82,987.1,83,0.8,-9900,-9900,0.0,0.0
2023,7,17,7,60,0.0,0.0,0.0,0.0,0.0,5,29.5,25.0,77,987.8,91,0.6,-9900,-9900,0.0,0.0
2023,7,17,8,60,0.0,0.0,0.0,0.0,0.0,5,31.2,24.8,69,988.3,95,0.4,-9900,-9900,0.0,0.0
2023,7,17,9,60,0.0,0.0,0.0,0.0,0.0,5,31.3,24.4,67,988.9,0,0.0,-9900,-9900,0.0,0.0
2023,7,17,10,60,0.0,0.0,0.0,0.0,0.0,5,31.4,23.8,64,989.3,282,1.2,-9900,-9900,0.0,0.0
2023,7,17,11,60,0.0,0.0,0.0,0.0,0.0,5,31.9,24.5,65,989.2,319,1.7,-9900,-9900,0.0,0.0
2023,7,17,12,60,0.0,0.0,0.0,0.0,0.0,5,32.6,23.0,57,988.9,347,1.7,-9900,-9900,0.0,0.0
2023,7,17,13,60,0.0,0.0,0.0,0.0,0.0,5,32.9,23.8,59,988.7,342,1.1,-9900,-9900,0.0,0.0
2023,7,17,14,60,0.0,0.0,0.0,0.0,0.0,5,33.1,23.4,57,988.5,316,2.1,-9900,-9900,0.0,0.0
2023,7,17,15,60,0.0,0.0,0.0,0.0,0.0,5,33.0,23.9,59,988.4,321,2.2,-9900,-9900,0.0,0.0
2023,7,17,16,60,0.0,0.0,0.0,0.0,0.0,5,28.7,24.5,78,988.7,142,1.5,-9900,-9900,0.0,0.0
2023,7,17,17,60,0.0,0.0,0.0,0.0,0.0,5,29.2,23.4,71,988.9,215,0.5,-9900,-9900,0.0,0.0
2023,7,17,18,60,0.0,0.0,0.0,0.0,0.0,5,29.0,24.1,75,990.0,126,1.0,-9900,-9900,0.0,0.0
2023,7,17,19,60,0.0,0.0,0.0,0.0,0.0,5,28.4,24.6,80,990.6,132,1.3,-9900,-9900,0.0,0.0
2023,7,17,20,60,0.0,0.0,0.0,0.0,0.0,5,28.2,24.6,81,991.6,135,2.0,-9900,-9900,0.0,0.0
2023,7,17,21,60,0.0,0.0,0.0,0.0,0.0,5,28.4,25.0,82,991.9,141,0.8,-9900,-9900,0.0,0.0
2023,7,17,22,60,0.0,0.0,0.0,0.0,0.0,5,28.7,24.5,78,992.2,150,0.9,-9900,-9900,0.0,0.0
2023,7,17,23,60,0.0,0.0,0.0,0.0,0.0,5,28.3,24.3,79,991.9,124,1.3,-9900,-9900,0.0,0.0
2023,7,17,24,60,0.0,0.0,0.0,0.0,0.0,5,27.9,24.7,83,991.4,123,0.5,-9900,-9900,0.0,0.0
2023,7,18,1,60,0.0,0.0,0.0,0.0,0.0,5,28.3,24.5,80,991.6,0,0.0,-9900,-9900,0.0,0.0
2023,7,18,2,60,0.0,0.0,0.0,0.0,0.0,5,28.0,24.4,81,991.4,123,0.9,-9900,-9900,0.0,0.0
2023,7,18,3,60,0.0,0.0,0.0,0.0,0.0,5,27.6,23.8,80,991.4,139,1.1,-9900,-9900,0.0,0.0
2023,7,18,4,60,0.0,0.0,0.0,0.0,0.0,5,27.6,24.0,81,991.3,0,0.0,-9900,-9900,0.0,0.0
2023,7,18,5,60,0.0,0.0,0.0,0.0,0.0,5,27.2,23.7,81,991.7,126,1.4,-9900,-9900,0.0,0.0
2023,7,18,6,60,0.0,0.0,0.0,0.0,0.0,5,27.8,23.2,76,992.6,205,0.8,-9900,-9900,0.0,0.0
2023,7,18,7,60,0.0,0.0,0.0,0.0,0.0,5,28.3,23.4,75,992.9,172,0.5,-9900,-9900,0.0,0.0
2023,7,18,8,60,0.0,0.0,0.0,0.0,0.0,5,29.5,23.7,71,993.4,180,0.4,-9900,-9900,0.0,0.0
2023,7,18,9,60,0.0,0.0,0.0,0.0,0.0,5,30.2,23.6,68,993.9,0,0.0,-9900,-9900,0.0,0.0
2023,7,18,10,60,0.0,0.0,0.0,0.0,0.0,5,30.4,24.3,70,994.1,313,1.7,-9900,-9900,0.0,0.0
2023,7,18,11,60,0.0,0.0,0.0,0.0,0.0,5,30.8,23.7,66,994.1,33,1.8,-9900,-9900,0.0,0.0
2023,7,18,12,60,0.0,0.0,0.0,0.0,0.0,5,31.1,24.7,69,993.6,46,0.7,-9900,-9900,0.0,0.0
2023,7,18,13,60,0.0,0.0,0.0,0.0,0.0,5,30.6,24.3,69,993.5,6,1.6,-9900,-9900,0.0,0.0
2023,7,18,14,60,0.0,0.0,0.0,0.0,0.0,5,30.4,24.5,71,993.1,326,1.1,-9900,-9900,0.0,0.0
2023,7,18,15,60,0.0,0.0,0.0,0.0,0.0,5,30.4,23.8,68,992.5,30,2.0,-9900,-9900,0.0,0.0
2023,7,18,16,60,0.0,0.0,0.0,0.0,0.0,5,30.4,23.3,66,992.2,39,2.3,-9900,-9900,0.0,0.0
2023,7,18,17,60,0.0,0.0,0.0,0.0,0.0,5,29.4,24.1,73,992.4,97,1.5,-9900,-9900,0.0,0.0
2023,7,18,18,60,0.0,0.0,0.0,0.0,0.0,5,29.0,24.6,77,992.7,131,0.7,-9900,-9900,0.0,0.0
2023,7,18,19,60,0.0,0.0,0.0,0.0,0.0,5,28.0,24.4,81,993.7,0,0.0,-9900,-9900,0.0,0.0
2023,7,18,20,60,0.0,0.0,0.0,0.0,0.0,5,27.3,24.0,82,994.1,223,0.5,-9900,-9900,0.0,0.0
2023,7,18,21,60,0.0,0.0,0.0,0.0,0.0,5,27.1,23.6,81,994.4,0,0.0,-9900,-9900,0.0,0.0
2023,7,18,22,60,0.0,0.0,0.0,0.0,0.0,5,27.3,23.3,79,994.5,170,0.8,-9900,-9900,0.0,0.0
2023,7,18,23,60,0.0,0.0,0.0,0.0,0.0,5,27.9,23.1,75,994.3,131,0.3,-9900,-9900,0.0,0.0
2023,7,18,24,60,0.0,0.0,0.0,0.0,0.0,5,27.5,23.3,78,994.0,128,1.1,-9900,-9900,0.0,0.0
2023,7,19,1,60,0.0,0.0,0.0,0.0,0.0,5,27.0,23.3,80,993.7,130,1.9,-9900,-9900,0.0,0.0
2023,7,19,2,60,0.0,0.0,0.0,0.0,0.0,5,26.6,23.5,83,993.4,132,1.7,-9900,-9900,0.0,0.0
2023,7,19,3,60,0.0,0.0,0.0,0.0,0.0,5,26.8,23.9,84,993.1,128,1.2,-9900,-9900,0.0,0.0
2023,7,19,4,60,0.0,0.0,0.0,0.0,0.0,5,26.7,23.2,81,993.2,123,1.4,-9900,-9900,0.0,0.0
2023,7,19,5,60,0.0,0.0,0.0,0.0,0.0,5,26.5,23.2,82,993.1,141,0.7,-9900,-9900,0.0,0.0
2023,7,19,6,60,0.0,0.0,0.0,0.0,0.0,5,27.3,22.9,77,993.3,124,0.9,-9900,-9900,0.0,0.0
2023,7,19,7,60,0.0,0.0,0.0,0.0,0.0,5,28.8,23.2,72,993.8,0,0.0,-9900,-9900,0.0,0.0
2023,7,19,8,60,0.0,0.0,0.0,0.0,0.0,5,29.6,22.6,66,994.1,266,0.6,-9900,-9900,0.0,0.0
2023,7,19,9,60,0.0,0.0,0.0,0.0,0.0,5,30.5,22.7,63,994.1,97,1.5,-9900,-9900,0.0,0.0
2023,7,19,10,60,0.0,0.0,0.0,0.0,0.0,5,31.2,22.8,61,994.2,12,2.1,-9900,-9900,0.0,0.0
2023,7,19,11,60,0.0,0.0,0.0,0.0,0.0,5,31.6,23.2,61,994.3,99,1.5,-9900,-9900,0.0,0.0
2023,7,19,12,60,0.0,0.0,0.0,0.0,0.0,5,32.7,23.4,58,993.8,355,1.6,-9900,-9900,0.0,0.0
2023,7,19,13,60,0.0,0.0,0.0,0.0,0.0,5,32.9,23.3,57,993.1,3,2.7,-9900,-9900,0.0,0.0
2023,7,19,14,60,0.0,0.0,0.0,0.0,0.0,5,32.9,23.8,59,992.6,9,1.6,-9900,-9900,0.0,0.0
2023,7,19,15,60,0.0,0.0,0.0,0.0,0.0,5,32.2,23.5,60,992.2,3,1.6,-9900,-9900,0.0,0.0
2023,7,19,16,60,0.0,0.0,0.0,0.0,0.0,5,31.7,23.5,62,991.9,15,1.3,-9900,-9900,0.0,0.0
2023,7,19,17,60,0.0,0.0,0.0,0.0,0.0,5,31.7,23.5,62,992.0,34,1.7,-9900,-9900,0.0,0.0
2023,7,19,18,60,0.0,0.0,0.0,0.0,0.0,5,30.0,24.9,74,992.3,122,1.8,-9900,-9900,0.0,0.0
2023,7,19,19,60,0.0,0.0,0.0,0.0,0.0,5,28.2,23.3,75,992.2,132,1.3,-9900,-9900,0.0,0.0
2023,7,19,20,60,0.0,0.0,0.0,0.0,0.0,5,28.2,23.6,76,992.7,125,2.0,-9900,-9900,0.0,0.0
2023,7,19,21,60,0.0,0.0,0.0,0.0,0.0,5,28.3,24.1,78,993.0,127,2.0,-9900,-9900,0.0,0.0
2023,7,19,22,60,0.0,0.0,0.0,0.0,0.0,5,28.3,24.7,81,993.2,126,1.7,-9900,-9900,0.0,0.0
2023,7,19,23,60,0.0,0.0,0.0,0.0,0.0,5,28.3,24.9,82,993.1,170,0.6,-9900,-9900,0.0,0.0
2023,7,19,24,60,0.0,0.0,0.0,0.0,0.0,5,28.4,25.4,84,993.1,185,0.7,-9900,-9900,0.0,0.0
2023,7,20,1,60,0.0,0.0,0.0,0.0,0.0,5,28.4,25.2,83,992.9,183,0.4,-9900,-9900,0.0,0.0
2023,7,20,2,60,0.0,0.0,0.0,0.0,0.0,5,28.0,24.4,81,992.8,198,0.8,-9900,-9900,0.0,0.0
2023,7,20,3,60,0.0,0.0,0.0,0.0,0.0,5,27.9,23.9,79,992.8,187,0.6,-9900,-9900,0.0,0.0
2023,7,20,4,60,0.0,0.0,0.0,0.0,0.0,5,27.6,24.2,82,993.0,263,2.1,-9900,-9900,0.0,0.0
2023,7,20,5,60,0.0,0.0,0.0,0.0,0.0,5,26.7,24.2,86,993.3,264,1.6,-9900,-9900,0.0,0.0
2023,7,20,6,60,0.0,0.0,0.0,0.0,0.0,5,27.3,24.4,84,993.0,175,0.3,-9900,-9900,0.0,0.0
2023,7,20,7,60,0.0,0.0,0.0,0.0,0.0,5,28.3,24.3,79,993.2,0,0.0,-9900,-9900,0.0,0.0
2023,7,20,8,60,0.0,0.0,0.0,0.0,0.0,5,29.6,24.2,73,993.1,132,0.9,-9900,-9900,0.0,0.0
2023,7,20,9,60,0.0,0.0,0.0,0.0,0.0,5,31.0,23.9,66,993.0,154,0.9,-9900,-9900,0.0,0.0
2023,7,20,10,60,0.0,0.0,0.0,0.0,0.0,5,31.9,23.7,62,992.8,293,0.9,-9900,-9900,0.0,0.0
2023,7,20,11,60,0.0,0.0,0.0,0.0,0.0,5,32.9,23.8,59,992.6,333,1.0,-9900,-9900,0.0,0.0
2023,7,20,12,60,0.0,0.0,0.0,0.0,0.0,5,32.3,24.1,62,992.0,301,1.8,-9900,-9900,0.0,0.0
2023,7,20,13,60,0.0,0.0,0.0,0.0,0.0,5,32.8,24.8,63,991.6,286,0.9,-9900,-9900,0.0,0.0
2023,7,20,14,60,0.0,0.0,0.0,0.0,0.0,5,32.1,25.4,68,991.0,328,1.9,-9900,-9900,0.0,0.0
2023,7,20,15,60,0.0,0.0,0.0,0.0,0.0,5,30.5,25.1,73,991.1,317,2.3,-9900,-9900,0.0,0.0
2023,7,20,16,60,0.0,0.0,0.0,0.0,0.0,5,28.2,25.4,85,991.3,134,1.2,-9900,-9900,0.0,0.0
2023,7,20,17,60,0.0,0.0,0.0,0.0,0.0,5,29.1,25.3,80,991.6,117,1.1,-9900,-9900,0.0,0.0
2023,7,20,18,60,0.0,0.0,0.0,0.0,0.0,5,27.4,25.0,87,992.2,126,2.6,-9900,-9900,0.0,0.0
2023,7,20,19,60,0.0,0.0,0.0,0.0,0.0,5,27.0,24.1,84,992.3,139,1.6,-9900,-9900,0.0,0.0
2023,7,20,20,60,0.0,0.0,0.0,0.0,0.0,5,28.0,23.8,78,992.7,103,0.5,-9900,-9900,0.0,0.0
2023,7,20,21,60,0.0,0.0,0.0,0.0,0.0,5,27.5,23.5,79,993.4,124,1.8,-9900,-9900,0.0,0.0
2023,7,20,22,60,0.0,0.0,0.0,0.0,0.0,5,27.8,23.6,78,993.7,212,0.6,-9900,-9900,0.0,0.0
2023,7,20,23,60,0.0,0.0,0.0,0.0,0.0,5,28.2,24.6,81,993.6,263,0.7,-9900,-9900,0.0,0.0
2023,7,20,24,60,0.0,0.0,0.0,0.0,0.0,5,28.3,24.7,81,993.7,0,0.2,-9900,-9900,0.0,0.0
2023,7,21,1,60,0.0,0.0,0.0,0.0,0.0,5,28.3,24.7,81,993.7,0,0.0,-9900,-9900,0.0,0.0
2023,7,21,2,60,0.0,0.0,0.0,0.0,0.0,5,27.9,24.5,82,993.6,190,0.8,-9900,-9900,0.0,0.0
2023,7,21,3,60,0.0,0.0,0.0,0.0,0.0,5,27.6,24.0,81,993.4,164,0.8,-9900,-9900,0.0,0.0
2023,7,21,4,60,0.0,0.0,0.0,0.0,0.0,5,27.4,23.6,80,993.2,186,0.8,-9900,-9900,0.0,0.0
2023,7,21,5,60,0.0,0.0,0.0,0.0,0.0,5,27.1,23.8,82,993.3,157,0.4,-9900,-9900,0.0,0.0
2023,7,21,6,60,0.0,0.0,0.0,0.0,0.0,5,27.2,23.9,82,993.8,123,0.8,-9900,-9900,0.0,0.0
2023,7,21,7,60,0.0,0.0,0.0,0.0,0.0,5,26.8,23.9,84,994.6,127,2.1,-9900,-9900,0.0,0.0
2023,7,21,8,60,0.0,0.0,0.0,0.0,0.0,5,28.4,23.5,75,994.7,125,1.8,-9900,-9900,0.0,0.0
2023,7,21,9,60,0.0,0.0,0.0,0.0,0.0,5,29.8,23.5,69,994.8,255,1.0,-9900,-9900,0.0,0.0
2023,7,21,10,60,0.0,0.0,0.0,0.0,0.0,5,31.9,23.7,62,994.4,296,0.4,-9900,-9900,0.0,0.0
2023,7,21,11,60,0.0,0.0,0.0,0.0,0.0,5,32.6,23.5,59,994.1,324,1.0,-9900,-9900,0.0,0.0
2023,7,21,12,60,0.0,0.0,0.0,0.0,0.0,5,33.4,23.1,55,993.7,10,0.3,-9900,-9900,0.0,0.0
2023,7,21,13,60,0.0,0.0,0.0,0.0,0.0,5,31.0,24.6,69,993.5,8,2.4,-9900,-9900,0.0,0.0
2023,7,21,14,60,0.0,0.0,0.0,0.0,0.0,5,28.1,25.3,85,993.0,41,1.5,-9900,-9900,0.0,0.0
2023,7,21,15,60,0.0,0.0,0.0,0.0,0.0,5,30.1,25.4,76,992.2,27,1.6,-9900,-9900,0.0,0.0
2023,7,21,16,60,0.0,0.0,0.0,0.0,0.0,5,29.5,25.0,77,992.1,10,2.8,-9900,-9900,0.0,0.0
2023,7,21,17,60,0.0,0.0,0.0,0.0,0.0,5,29.6,24.7,75,992.7,328,2.2,-9900,-9900,0.0,0.0
2023,7,21,18,60,0.0,0.0,0.0,0.0,0.0,5,29.4,24.7,76,993.1,320,1.8,-9900,-9900,0.0,0.0
2023,7,21,19,60,0.0,0.0,0.0,0.0,0.0,5,29.0,25.4,81,994.1,313,1.9,-9900,-9900,0.0,0.0
2023,7,21,20,60,0.0,0.0,0.0,0.0,0.0,5,28.6,25.6,84,994.4,232,0.5,-9900,-9900,0.0,0.0
2023,7,21,21,60,0.0,0.0,0.0,0.0,0.0,5,27.7,25.3,87,995.1,178,0.7,-9900,-9900,0.0,0.0
2023,7,21,22,60,0.0,0.0,0.0,0.0,0.0,5,27.6,24.8,85,995.8,215,0.4,-9900,-9900,0.0,0.0
2023,7,21,23,60,0.0,0.0,0.0,0.0,0.0,5,27.6,24.8,85,996.1,185,0.7,-9900,-9900,0.0,0.0
2023,7,21,24,60,0.0,0.0,0.0,0.0,0.0,5,27.5,24.4,83,996.1,166,0.8,-9900,-9900,0.0,0.0
2023,7,22,1,60,0.0,0.0,0.0,0.0,0.0,5,27.5,23.5,79,995.8,154,0.4,-9900,-9900,0.0,0.0
2023,7,22,2,60,0.0,0.0,0.0,0.0,0.0,5,27.8,23.2,76,995.7,159,0.3,-9900,-9900,0.0,0.0
2023,7,22,3,60,0.0,0.0,0.0,0.0,0.0,5,27.8,23.0,75,995.5,167,0.7,-9900,-9900,0.0,0.0
2023,7,22,4,60,0.0,0.0,0.0,0.0,0.0,5,27.0,24.1,84,995.5,124,1.6,-9900,-9900,0.0,0.0
2023,7,22,5,60,0.0,0.0,0.0,0.0,0.0,5,26.8,24.5,87,995.3,126,0.5,-9900,-9900,0.0,0.0
2023,7,22,6,60,0.0,0.0,0.0,0.0,0.0,5,26.7,24.5,88,995.4,135,0.9,-9900,-9900,0.0,0.0
2023,7,22,7,60,0.0,0.0,0.0,0.0,0.0,5,28.0,24.6,82,995.6,132,0.9,-9900,-9900,0.0,0.0
2023,7,22,8,60,0.0,0.0,0.0,0.0,0.0,5,30.4,23.3,66,995.9,166,0.3,-9900,-9900,0.0,0.0
2023,7,22,9,60,0.0,0.0,0.0,0.0,0.0,5,30.5,23.4,66,996.2,262,1.0,-9900,-9900,0.0,0.0
2023,7,22,10,60,0.0,0.0,0.0,0.0,0.0,5,30.4,23.6,67,995.9,302,1.6,-9900,-9900,0.0,0.0
2023,7,22,11,60,0.0,0.0,0.0,0.0,0.0,5,30.7,23.9,67,995.7,285,1.8,-9900,-9900,0.0,0.0
2023,7,22,12,60,0.0,0.0,0.0,0.0,0.0,5,31.9,24.2,64,995.5,269,1.6,-9900,-9900,0.0,0.0
2023,7,22,13,60,0.0,0.0,0.0,0.0,0.0,5,31.1,24.2,67,995.3,287,2.4,-9900,-9900,0.0,0.0
2023,7,22,14,60,0.0,0.0,0.0,0.0,0.0,5,31.1,24.2,67,995.0,312,3.1,-9900,-9900,0.0,0.0
2023,7,22,15,60,0.0,0.0,0.0,0.0,0.0,5,31.2,24.3,67,994.5,273,1.8,-9900,-9900,0.0,0.0
2023,7,22,16,60,0.0,0.0,0.0,0.0,0.0,5,27.2,25.8,92,994.7,130,2.9,-9900,-9900,0.0,0.0
2023,7,22,17,60,0.0,0.0,0.0,0.0,0.0,5,26.9,25.3,91,994.6,128,1.4,-9900,-9900,0.0,0.0
2023,7,22,18,60,0.0,0.0,0.0,0.0,0.0,5,27.5,24.8,85,994.9,129,1.9,-9900,-9900,0.0,0.0
2023,7,22,19,60,0.0,0.0,0.0,0.0,0.0,5,27.6,25.0,86,994.7,115,0.9,-9900,-9900,0.0,0.0
2023,7,22,20,60,0.0,0.0,0.0,0.0,0.0,5,27.9,24.9,84,994.8,94,0.8,-9900,-9900,0.0,0.0
2023,7,22,21,60,0.0,0.0,0.0,0.0,0.0,5,28.0,24.6,82,995.5,0,0.0,-9900,-9900,0.0,0.0
2023,7,22,22,60,0.0,0.0,0.0,0.0,0.0,5,28.6,24.6,79,996.3,0,0.0,-9900,-9900,0.0,0.0
2023,7,22,23,60,0.0,0.0,0.0,0.0,0.0,5,28.0,25.2,85,996.3,90,0.5,-9900,-9900,0.0,0.0
2023,7,22,24,60,0.0,0.0,0.0,0.0,0.0,5,28.0,25.0,84,995.9,187,1.0,-9900,-9900,0.0,0.0
2023,7,23,1,60,0.0,0.0,0.0,0.0,0.0,5,27.7,24.7,84,995.7,0,0.0,-9900,-9900,0.0,0.0
2023,7,23,2,60,0.0,0.0,0.0,0.0,0.0,5,27.5,24.9,86,995.4,0,0.0,-9900,-9900,0.0,0.0
2023,7,23,3,60,0.0,0.0,0.0,0.0,0.0,5,28.4,23.5,75,995.7,266,1.3,-9900,-9900,0.0,0.0
2023,7,23,4,60,0.0,0.0,0.0,0.0,0.0,5,28.0,24.0,79,995.3,171,0.9,-9900,-9900,0.0,0.0
2023,7,23,5,60,0.0,0.0,0.0,0.0,0.0,5,27.7,24.1,81,994.9,0,0.0,-9900,-9900,0.0,0.0
2023,7,23,6,60,0.0,0.0,0.0,0.0,0.0,5,28.0,24.2,80,995.4,157,0.6,-9900,-9900,0.0,0.0
2023,7,23,7,60,0.0,0.0,0.0,0.0,0.0,5,28.9,24.5,77,995.4,155,0.4,-9900,-9900,0.0,0.0
2023,7,23,8,60,0.0,0.0,0.0,0.0,0.0,5,29.9,23.8,70,995.3,252,0.5,-9900,-9900,0.0,0.0
2023,7,23,9,60,0.0,0.0,0.0,0.0,0.0,5,31.3,23.7,64,995.1,278,0.6,-9900,-9900,0.0,0.0
2023,7,23,10,60,0.0,0.0,0.0,0.0,0.0,5,31.5,23.6,63,995.0,337,0.4,-9900,-9900,0.0,0.0
2023,7,23,11,60,0.0,0.0,0.0,0.0,0.0,5,31.5,24.1,65,994.7,280,1.2,-9900,-9900,0.0,0.0
2023,7,23,12,60,0.0,0.0,0.0,0.0,0.0,5,30.4,25.0,73,994.5,313,3.1,-9900,-9900,0.0,0.0
2023,7,23,13,60,0.0,0.0,0.0,0.0,0.0,5,29.8,25.3,77,994.0,318,2.9,-9900,-9900,0.0,0.0
2023,7,23,14,60,0.0,0.0,0.0,0.0,0.0,5,29.9,24.5,73,993.7,316,2.9,-9900,-9900,0.0,0.0
2023,7,23,15,60,0.0,0.0,0.0,0.0,0.0,5,30.0,23.2,67,994.1,270,1.5,-9900,-9900,0.0,0.0
2023,7,23,16,60,0.0,0.0,0.0,0.0,0.0,5,26.3,23.4,84,993.8,119,2.1,-9900,-9900,0.0,0.0
2023,7,23,17,60,0.0,0.0,0.0,0.0,0.0,5,27.1,22.3,75,993.3,177,0.8,-9900,-9900,0.0,0.0
2023,7,23,18,60,0.0,0.0,0.0,0.0,0.0,5,27.1,22.5,76,993.6,124,1.4,-9900,-9900,0.0,0.0
2023,7,23,19,60,0.0,0.0,0.0,0.0,0.0,5,27.5,22.7,75,994.1,148,0.5,-9900,-9900,0.0,0.0
2023,7,23,20,60,0.0,0.0,0.0,0.0,0.0,5,26.4,22.9,81,993.5,126,2.3,-9900,-9900,0.0,0.0
2023,7,23,21,60,0.0,0.0,0.0,0.0,0.0,5,26.3,23.4,84,993.6,113,0.8,-9900,-9900,0.0,0.0
2023,7,23,22,60,0.0,0.0,0.0,0.0,0.0,5,27.4,23.4,79,993.3,0,0.2,-9900,-9900,0.0,0.0
2023,7,23,23,60,0.0,0.0,0.0,0.0,0.0,5,26.9,23.6,82,992.9,171,0.7,-9900,-9900,0.0,0.0
2023,7,23,24,60,0.0,0.0,0.0,0.0,0.0,5,26.5,23.4,83,992.6,0,0.0,-9900,-9900,0.0,0.0
2023,7,24,1,60,0.0,0.0,0.0,0.0,0.0,5,26.6,23.1,81,992.3,0,0.0,-9900,-9900,0.0,0.0
2023,7,24,2,60,0.0,0.0,0.0,0.0,0.0,5,26.8,23.3,81,991.9,263,1.1,-9900,-9900,0.0,0.0
2023,7,24,3,60,0.0,0.0,0.0,0.0,0.0,5,26.9,22.1,75,992.0,262,0.7,-9900,-9900,0.0,0.0
2023,7,24,4,60,0.0,0.0,0.0,0.0,0.0,5,27.3,22.0,73,992.5,0,0.2,-9900,-9900,0.0,0.0
2023,7,24,5,60,0.0,0.0,0.0,0.0,0.0,5,27.7,22.2,72,992.8,129,0.6,-9900,-9900,0.0,0.0
2023,7,24,6,60,0.0,0.0,0.0,0.0,0.0,5,27.2,22.2,74,993.5,184,0.5,-9900,-9900,0.0,0.0
2023,7,24,7,60,0.0,0.0,0.0,0.0,0.0,5,28.0,22.0,70,993.5,124,1.0,-9900,-9900,0.0,0.0
2023,7,24,8,60,0.0,0.0,0.0,0.0,0.0,5,29.8,22.8,66,993.4,131,1.1,-9900,-9900,0.0,0.0
2023,7,24,9,60,0.0,0.0,0.0,0.0,0.0,5,30.1,22.8,65,993.5,85,1.0,-9900,-9900,0.0,0.0
2023,7,24,10,60,0.0,0.0,0.0,0.0,0.0,5,30.6,23.0,64,993.4,281,0.6,-9900,-9900,0.0,0.0
2023,7,24,11,60,0.0,0.0,0.0,0.0,0.0,5,30.7,22.8,63,993.1,319,2.3,-9900,-9900,0.0,0.0
2023,7,24,12,60,0.0,0.0,0.0,0.0,0.0,5,32.8,24.0,60,992.6,16,0.9,-9900,-9900,0.0,0.0
2023,7,24,13,60,0.0,0.0,0.0,0.0,0.0,5,31.3,24.2,66,991.9,1,1.3,-9900,-9900,0.0,0.0
2023,7,24,14,60,0.0,0.0,0.0,0.0,0.0,5,31.4,23.8,64,991.2,15,1.7,-9900,-9900,0.0,0.0
2023,7,24,15,60,0.0,0.0,0.0,0.0,0.0,5,30.3,24.7,72,990.7,2,3.2,-9900,-9900,0.0,0.0
2023,7,24,16,60,0.0,0.0,0.0,0.0,0.0,5,31.2,23.8,65,990.3,8,2.1,-9900,-9900,0.0,0.0
2023,7,24,17,60,0.0,0.0,0.0,0.0,0.0,5,30.7,24.4,69,990.1,318,2.0,-9900,-9900,0.0,0.0
2023,7,24,18,60,0.0,0.0,0.0,0.0,0.0,5,30.2,25.3,75,990.2,312,2.5,-9900,-9900,0.0,0.0
2023,7,24,19,60,0.0,0.0,0.0,0.0,0.0,5,30.4,22.3,62,990.5,91,2.1,-9900,-9900,0.0,0.0
2023,7,24,20,60,0.0,0.0,0.0,0.0,0.0,5,29.7,21.6,62,991.0,95,2.7,-9900,-9900,0.0,0.0
2023,7,24,21,60,0.0,0.0,0.0,0.0,0.0,5,29.4,22.1,65,991.3,86,2.9,-9900,-9900,0.0,0.0
2023,7,24,22,60,0.0,0.0,0.0,0.0,0.0,5,29.2,21.9,65,990.9,96,4.5,-9900,-9900,0.0,0.0
2023,7,24,23,60,0.0,0.0,0.0,0.0,0.0,5,29.2,21.4,63,990.6,94,2.6,-9900,-9900,0.0,0.0
2023,7,24,24,60,0.0,0.0,0.0,0.0,0.0,5,29.0,21.8,65,990.0,94,3.6,-9900,-9900,0.0,0.0
2023,7,25,1,60,0.0,0.0,0.0,0.0,0.0,5,28.7,21.7,66,989.3,91,3.1,-9900,-9900,0.0,0.0
2023,7,25,2,60,0.0,0.0,0.0,0.0,0.0,5,28.6,21.6,66,988.7,100,3.9,-9900,-9900,0.0,0.0
2023,7,25,3,60,0.0,0.0,0.0,0.0,0.0,5,28.6,21.4,65,988.7,89,3.0,-9900,-9900,0.0,0.0
2023,7,25,4,60,0.0,0.0,0.0,0.0,0.0,5,28.4,21.4,66,988.4,99,3.4,-9900,-9900,0.0,0.0
2023,7,25,5,60,0.0,0.0,0.0,0.0,0.0,5,28.4,21.4,66,988.8,92,2.1,-9900,-9900,0.0,0.0
2023,7,25,6,60,0.0,0.0,0.0,0.0,0.0,5,28.7,21.7,66,989.3,102,1.4,-9900,-9900,0.0,0.0
2023,7,25,7,60,0.0,0.0,0.0,0.0,0.0,5,29.5,22.0,64,989.9,97,1.2,-9900,-9900,0.0,0.0
2023,7,25,8,60,0.0,0.0,0.0,0.0,0.0,5,30.2,21.6,60,990.4,89,3.6,-9900,-9900,0.0,0.0
2023,7,25,9,60,0.0,0.0,0.0,0.0,0.0,5,31.1,21.9,58,990.3,98,4.4,-9900,-9900,0.0,0.0
2023,7,25,10,60,0.0,0.0,0.0,0.0,0.0,5,32.1,21.0,52,990.0,94,4.1,-9900,-9900,0.0,0.0
2023,7,25,11,60,0.0,0.0,0.0,0.0,0.0,5,33.4,21.2,49,989.6,85,3.1,-9900,-9900,0.0,0.0
2023,7,25,12,60,0.0,0.0,0.0,0.0,0.0,5,33.7,21.5,49,989.0,89,4.1,-9900,-9900,0.0,0.0
2023,7,25,13,60,0.0,0.0,0.0,0.0,0.0,5,32.9,21.4,51,988.1,91,6.0,-9900,-9900,0.0,0.0
2023,7,25,14,60,0.0,0.0,0.0,0.0,0.0,5,33.4,21.9,51,987.3,91,4.6,-9900,-9900,0.0,0.0
2023,7,25,15,60,0.0,0.0,0.0,0.0,0.0,5,32.5,22.0,54,986.7,89,7.7,-9900,-9900,0.0,0.0
2023,7,25,16,60,0.0,0.0,0.0,0.0,0.0,5,32.4,21.6,53,986.8,91,6.0,-9900,-9900,0.0,0.0
2023,7,25,17,60,0.0,0.0,0.0,0.0,0.0,5,31.8,21.6,55,986.8,91,5.2,-9900,-9900,0.0,0.0
2023,7,25,18,60,0.0,0.0,0.0,0.0,0.0,5,30.9,22.0,59,987.5,88,4.3,-9900,-9900,0.0,0.0
2023,7,25,19,60,0.0,0.0,0.0,0.0,0.0,5,30.3,21.9,61,988.0,90,4.6,-9900,-9900,0.0,0.0
2023,7,25,20,60,0.0,0.0,0.0,0.0,0.0,5,29.6,22.8,67,989.0,91,4.6,-9900,-9900,0.0,0.0
2023,7,25,21,60,0.0,0.0,0.0,0.0,0.0,5,28.8,23.5,73,989.8,78,3.9,-9900,-9900,0.0,0.0
2023,7,25,22,60,0.0,0.0,0.0,0.0,0.0,5,28.8,23.5,73,989.9,81,4.0,-9900,-9900,0.0,0.0
2023,7,25,23,60,0.0,0.0,0.0,0.0,0.0,5,28.9,23.1,71,989.4,88,4.5,-9900,-9900,0.0,0.0
2023,7,25,24,60,0.0,0.0,0.0,0.0,0.0,5,28.6,23.3,73,988.6,94,4.7,-9900,-9900,0.0,0.0
2023,7,26,1,60,0.0,0.0,0.0,0.0,0.0,5,27.8,23.8,79,988.4,83,3.7,-9900,-9900,0.0,0.0
2023,7,26,2,60,0.0,0.0,0.0,0.0,0.0,5,27.4,23.6,80,987.8,92,4.8,-9900,-9900,0.0,0.0
2023,7,26,3,60,0.0,0.0,0.0,0.0,0.0,5,27.3,23.5,80,987.2,86,4.1,-9900,-9900,0.0,0.0
2023,7,26,4,60,0.0,0.0,0.0,0.0,0.0,5,27.3,23.8,81,987.1,87,4.1,-9900,-9900,0.0,0.0
2023,7,26,5,60,0.0,0.0,0.0,0.0,0.0,5,27.5,23.7,80,987.1,87,4.8,-9900,-9900,0.0,0.0
2023,7,26,6,60,0.0,0.0,0.0,0.0,0.0,5,27.5,23.9,81,987.3,86,4.0,-9900,-9900,0.0,0.0
2023,7,26,7,60,0.0,0.0,0.0,0.0,0.0,5,28.1,23.7,77,987.2,87,3.9,-9900,-9900,0.0,0.0
2023,7,26,8,60,0.0,0.0,0.0,0.0,0.0,5,29.1,23.8,73,987.3,89,4.1,-9900,-9900,0.0,0.0
2023,7,26,9,60,0.0,0.0,0.0,0.0,0.0,5,29.7,23.9,71,987.4,85,3.9,-9900,-9900,0.0,0.0
2023,7,26,10,60,0.0,0.0,0.0,0.0,0.0,5,29.2,23.9,73,987.0,90,5.4,-9900,-9900,0.0,0.0
2023,7,26,11,60,0.0,0.0,0.0,0.0,0.0,5,28.1,24.5,81,986.5,92,5.0,-9900,-9900,0.0,0.0
2023,7,26,12,60,0.0,0.0,0.0,0.0,0.0,5,29.1,24.0,74,986.0,86,4.2,-9900,-9900,0.0,0.0
2023,7,26,13,60,0.0,0.0,0.0,0.0,0.0,5,27.7,23.7,79,985.1,88,6.2,-9900,-9900,0.0,0.0
2023,7,26,14,60,0.0,0.0,0.0,0.0,0.0,5,28.3,23.9,77,985.3,89,6.6,-9900,-9900,0.0,0.0
2023,7,26,15,60,0.0,0.0,0.0,0.0,0.0,5,27.8,24.2,81,984.6,87,4.8,-9900,-9900,0.0,0.0
2023,7,26,16,60,0.0,0.0,0.0,0.0,0.0,5,28.2,24.0,78,984.2,84,5.0,-9900,-9900,0.0,0.0
2023,7,26,17,60,0.0,0.0,0.0,0.0,0.0,5,29.1,23.8,73,984.0,93,6.6,-9900,-9900,0.0,0.0
2023,7,26,18,60,0.0,0.0,0.0,0.0,0.0,5,27.0,24.1,84,983.6,88,7.0,-9900,-9900,0.0,0.0
2023,7,26,19,60,0.0,0.0,0.0,0.0,0.0,5,28.1,23.5,76,983.7,88,4.8,-9900,-9900,0.0,0.0
2023,7,26,20,60,0.0,0.0,0.0,0.0,0.0,5,28.3,23.7,76,983.7,90,4.5,-9900,-9900,0.0,0.0
2023,7,26,21,60,0.0,0.0,0.0,0.0,0.0,5,29.0,23.4,72,983.7,89,6.4,-9900,-9900,0.0,0.0
2023,7,26,22,60,0.0,0.0,0.0,0.0,0.0,5,29.0,22.5,68,984.4,93,4.8,-9900,-9900,0.0,0.0
2023,7,26,23,60,0.0,0.0,0.0,0.0,0.0,5,29.1,22.8,69,984.3,90,4.7,-9900,-9900,0.0,0.0
2023,7,26,24,60,0.0,0.0,0.0,0.0,0.0,5,29.1,22.8,69,983.3,94,5.4,-9900,-9900,0.0,0.0
2023,7,27,1,60,0.0,0.0,0.0,0.0,0.0,5,28.6,23.3,73,982.9,90,5.2,-9900,-9900,0.0,0.0
2023,7,27,2,60,0.0,0.0,0.0,0.0,0.0,5,29.1,22.3,67,981.6,98,5.9,-9900,-9900,0.0,0.0
2023,7,27,3,60,0.0,0.0,0.0,0.0,0.0,5,28.7,22.5,69,981.1,95,5.9,-9900,-9900,0.0,0.0
2023,7,27,4,60,0.0,0.0,0.0,0.0,0.0,5,28.8,22.3,68,980.6,91,6.1,-9900,-9900,0.0,0.0
2023,7,27,5,60,0.0,0.0,0.0,0.0,0.0,5,28.9,22.6,69,980.1,92,7.4,-9900,-9900,0.0,0.0
2023,7,27,6,60,0.0,0.0,0.0,0.0,0.0,5,29.8,21.5,61,980.3,102,6.5,-9900,-9900,0.0,0.0
2023,7,27,7,60,0.0,0.0,0.0,0.0,0.0,5,29.2,22.2,66,981.3,96,6.8,-9900,-9900,0.0,0.0
2023,7,27,8,60,0.0,0.0,0.0,0.0,0.0,5,29.0,22.3,67,981.4,90,5.9,-9900,-9900,0.0,0.0
2023,7,27,9,60,0.0,0.0,0.0,0.0,0.0,5,29.7,22.4,65,980.9,94,7.3,-9900,-9900,0.0,0.0
2023,7,27,10,60,0.0,0.0,0.0,0.0,0.0,5,29.9,22.6,65,980.7,93,6.3,-9900,-9900,0.0,0.0
2023,7,27,11,60,0.0,0.0,0.0,0.0,0.0,5,30.4,22.0,61,980.6,97,6.4,-9900,-9900,0.0,0.0
2023,7,27,12,60,0.0,0.0,0.0,0.0,0.0,5,29.7,22.9,67,979.6,95,7.1,-9900,-9900,0.0,0.0
2023,7,27,13,60,0.0,0.0,0.0,0.0,0.0,5,30.0,22.2,63,979.6,92,6.2,-9900,-9900,0.0,0.0
2023,7,27,14,60,0.0,0.0,0.0,0.0,0.0,5,30.2,22.1,62,979.8,100,5.4,-9900,-9900,0.0,0.0
2023,7,27,15,60,0.0,0.0,0.0,0.0,0.0,5,29.4,22.6,67,979.7,95,3.3,-9900,-9900,0.0,0.0
2023,7,27,16,60,0.0,0.0,0.0,0.0,0.0,5,29.4,23.1,69,979.2,94,4.8,-9900,-9900,0.0,0.0
2023,7,27,17,60,0.0,0.0,0.0,0.0,0.0,5,30.5,22.4,62,979.4,115,2.0,-9900,-9900,0.0,0.0
2023,7,27,18,60,0.0,0.0,0.0,0.0,0.0,5,29.2,25.6,81,980.1,277,0.9,-9900,-9900,0.0,0.0
2023,7,27,19,60,0.0,0.0,0.0,0.0,0.0,5,29.3,22.3,66,980.6,87,0.7,-9900,-9900,0.0,0.0
2023,7,27,20,60,0.0,0.0,0.0,0.0,0.0,5,29.3,21.5,63,980.4,123,0.9,-9900,-9900,0.0,0.0
2023,7,27,21,60,0.0,0.0,0.0,0.0,0.0,5,29.9,20.7,58,979.5,93,1.6,-9900,-9900,0.0,0.0
2023,7,27,22,60,0.0,0.0,0.0,0.0,0.0,5,30.4,20.6,56,979.1,136,1.3,-9900,-9900,0.0,0.0
2023,7,27,23,60,0.0,0.0,0.0,0.0,0.0,5,30.0,21.7,61,979.4,160,1.2,-9900,-9900,0.0,0.0
2023,7,27,24,60,0.0,0.0,0.0,0.0,0.0,5,27.7,24.1,81,979.7,130,1.8,-9900,-9900,0.0,0.0
2023,7,28,1,60,0.0,0.0,0.0,0.0,0.0,5,27.8,21.6,69,978.4,100,2.3,-9900,-9900,0.0,0.0
2023,7,28,2,60,0.0,0.0,0.0,0.0,0.0,5,28.9,20.1,59,977.8,86,2.2,-9900,-9900,0.0,0.0
2023,7,28,3,60,0.0,0.0,0.0,0.0,0.0,5,28.6,19.8,59,977.1,98,5.1,-9900,-9900,0.0,0.0
2023,7,28,4,60,0.0,0.0,0.0,0.0,0.0,5,28.6,20.6,62,976.9,99,5.2,-9900,-9900,0.0,0.0
2023,7,28,5,60,0.0,0.0,0.0,0.0,0.0,5,27.6,24.5,83,978.5,265,1.7,-9900,-9900,0.0,0.0
2023,7,28,6,60,0.0,0.0,0.0,0.0,0.0,5,27.2,24.8,87,979.2,114,0.6,-9900,-9900,0.0,0.0
2023,7,28,7,60,0.0,0.0,0.0,0.0,0.0,5,27.9,23.7,78,979.5,359,0.4,-9900,-9900,0.0,0.0
2023,7,28,8,60,0.0,0.0,0.0,0.0,0.0,5,28.7,23.2,72,980.5,275,1.5,-9900,-9900,0.0,0.0
2023,7,28,9,60,0.0,0.0,0.0,0.0,0.0,5,28.4,26.4,89,981.4,324,1.0,-9900,-9900,0.0,0.0
2023,7,28,10,60,0.0,0.0,0.0,0.0,0.0,5,28.1,25.9,88,982.0,320,2.4,-9900,-9900,0.0,0.0
2023,7,28,11,60,0.0,0.0,0.0,0.0,0.0,5,28.0,25.0,84,983.1,324,2.1,-9900,-9900,0.0,0.0
2023,7,28,12,60,0.0,0.0,0.0,0.0,0.0,5,27.8,24.4,82,983.5,335,1.6,-9900,-9900,0.0,0.0
2023,7,28,13,60,0.0,0.0,0.0,0.0,0.0,5,27.2,24.8,87,983.5,338,1.3,-9900,-9900,0.0,0.0
2023,7,28,14,60,0.0,0.0,0.0,0.0,0.0,5,27.1,24.4,85,983.3,20,1.8,-9900,-9900,0.0,0.0
2023,7,28,15,60,0.0,0.0,0.0,0.0,0.0,5,27.2,24.3,84,983.7,352,1.1,-9900,-9900,0.0,0.0
2023,7,28,16,60,0.0,0.0,0.0,0.0,0.0,5,27.1,24.4,85,984.0,7,0.9,-9900,-9900,0.0,0.0
2023,7,28,17,60,0.0,0.0,0.0,0.0,0.0,5,27.1,24.2,84,984.3,7,0.3,-9900,-9900,0.0,0.0
2023,7,28,18,60,0.0,0.0,0.0,0.0,0.0,5,27.0,24.1,84,985.2,0,0.2,-9900,-9900,0.0,0.0
2023,7,28,19,60,0.0,0.0,0.0,0.0,0.0,5,27.0,24.8,88,985.9,325,0.4,-9900,-9900,0.0,0.0
2023,7,28,20,60,0.0,0.0,0.0,0.0,0.0,5,26.9,24.7,88,986.6,354,0.4,-9900,-9900,0.0,0.0
2023,7,28,21,60,0.0,0.0,0.0,0.0,0.0,5,26.9,25.3,91,987.8,343,0.5,-9900,-9900,0.0,0.0
2023,7,28,22,60,0.0,0.0,0.0,0.0,0.0,5,26.6,25.4,93,988.6,7,0.6,-9900,-9900,0.0,0.0
2023,7,28,23,60,0.0,0.0,0.0,0.0,0.0,5,26.6,24.6,89,988.4,102,0.7,-9900,-9900,0.0,0.0
2023,7,28,24,60,0.0,0.0,0.0,0.0,0.0,5,26.5,24.7,90,988.0,102,1.0,-9900,-9900,0.0,0.0
2023,7,29,1,60,0.0,0.0,0.0,0.0,0.0,5,26.3,24.3,89,987.8,89,1.1,-9900,-9900,0.0,0.0
2023,7,29,2,60,0.0,0.0,0.0,0.0,0.0,5,26.4,23.7,85,987.5,89,0.3,-9900,-9900,0.0,0.0
2023,7,29,3,60,0.0,0.0,0.0,0.0,0.0,5,26.7,23.2,81,987.5,89,1.0,-9900,-9900,0.0,0.0
2023,7,29,4,60,0.0,0.0,0.0,0.0,0.0,5,26.2,24.1,88,987.5,0,0.0,-9900,-9900,0.0,0.0
2023,7,29,5,60,0.0,0.0,0.0,0.0,0.0,5,26.0,23.9,88,988.0,89,0.9,-9900,-9900,0.0,0.0
2023,7,29,6,60,0.0,0.0,0.0,0.0,0.0,5,26.2,24.1,88,988.4,89,0.4,-9900,-9900,0.0,0.0
2023,7,29,7,60,0.0,0.0,0.0,0.0,0.0,5,26.5,23.4,83,988.8,89,0.8,-9900,-9900,0.0,0.0
2023,7,29,8,60,0.0,0.0,0.0,0.0,0.0,5,27.3,24.0,82,989.9,89,0.4,-9900,-9900,0.0,0.0
2023,7,29,9,60,0.0,0.0,0.0,0.0,0.0,5,27.9,23.5,77,990.6,89,0.6,-9900,-9900,0.0,0.0
2023,7,29,10,60,0.0,0.0,0.0,0.0,0.0,5,29.7,22.4,65,990.9,89,0.5,-9900,-9900,0.0,0.0
2023,7,29,11,60,0.0,0.0,0.0,0.0,0.0,5,30.6,22.2,61,990.8,0,0.2,-9900,-9900,0.0,0.0
2023,7,29,12,60,0.0,0.0,0.0,0.0,0.0,5,31.2,22.2,59,991.1,77,0.7,-9900,-9900,0.0,0.0
2023,7,29,13,60,0.0,0.0,0.0,0.0,0.0,5,31.5,22.2,58,990.9,44,1.6,-9900,-9900,0.0,0.0
2023,7,29,14,60,0.0,0.0,0.0,0.0,0.0,5,31.2,22.5,60,990.4,360,1.7,-9900,-9900,0.0,0.0
2023,7,29,15,60,0.0,0.0,0.0,0.0,0.0,5,30.7,22.6,62,989.9,51,1.9,-9900,-9900,0.0,0.0
2023,7,29,16,60,0.0,0.0,0.0,0.0,0.0,5,30.2,22.9,65,989.4,30,2.5,-9900,-9900,0.0,0.0
2023,7,29,17,60,0.0,0.0,0.0,0.0,0.0,5,29.6,23.1,68,989.8,27,2.2,-9900,-9900,0.0,0.0
2023,7,29,18,60,0.0,0.0,0.0,0.0,0.0,5,28.9,23.8,74,990.3,31,2.6,-9900,-9900,0.0,0.0
2023,7,29,19,60,0.0,0.0,0.0,0.0,0.0,5,28.6,24.8,80,991.0,7,1.2,-9900,-9900,0.0,0.0
2023,7,29,20,60,0.0,0.0,0.0,0.0,0.0,5,28.6,25.2,82,991.4,334,1.0,-9900,-9900,0.0,0.0
2023,7,29,21,60,0.0,0.0,0.0,0.0,0.0,5,28.0,25.6,87,992.1,309,2.1,-9900,-9900,0.0,0.0
2023,7,29,22,60,0.0,0.0,0.0,0.0,0.0,5,26.9,24.9,89,992.1,204,0.4,-9900,-9900,0.0,0.0
2023,7,29,23,60,0.0,0.0,0.0,0.0,0.0,5,26.2,24.4,90,991.7,0,0.0,-9900,-9900,0.0,0.0
2023,7,29,24,60,0.0,0.0,0.0,0.0,0.0,5,26.6,24.4,88,991.4,194,0.5,-9900,-9900,0.0,0.0
2023,7,30,1,60,0.0,0.0,0.0,0.0,0.0,5,26.6,24.3,87,991.2,141,0.4,-9900,-9900,0.0,0.0
2023,7,30,2,60,0.0,0.0,0.0,0.0,0.0,5,26.7,23.8,84,991.0,142,0.4,-9900,-9900,0.0,0.0
2023,7,30,3,60,0.0,0.0,0.0,0.0,0.0,5,26.6,23.7,84,990.5,128,0.3,-9900,-9900,0.0,0.0
2023,7,30,4,60,0.0,0.0,0.0,0.0,0.0,5,26.9,23.6,82,990.7,268,1.0,-9900,-9900,0.0,0.0
2023,7,30,5,60,0.0,0.0,0.0,0.0,0.0,5,27.2,24.1,83,991.1,0,0.0,-9900,-9900,0.0,0.0
2023,7,30,6,60,0.0,0.0,0.0,0.0,0.0,5,26.5,24.2,87,991.3,131,0.9,-9900,-9900,0.0,0.0
2023,7,30,7,60,0.0,0.0,0.0,0.0,0.0,5,27.3,24.2,83,991.7,119,0.9,-9900,-9900,0.0,0.0
2023,7,30,8,60,0.0,0.0,0.0,0.0,0.0,5,28.5,24.3,78,992.5,36,0.3,-9900,-9900,0.0,0.0
2023,7,30,9,60,0.0,0.0,0.0,0.0,0.0,5,29.5,23.7,71,992.5,283,0.8,-9900,-9900,0.0,0.0
2023,7,30,10,60,0.0,0.0,0.0,0.0,0.0,5,30.4,24.3,70,992.5,27,1.5,-9900,-9900,0.0,0.0
2023,7,30,11,60,0.0,0.0,0.0,0.0,0.0,5,31.1,24.5,68,992.4,19,0.9,-9900,-9900,0.0,0.0
2023,7,30,12,60,0.0,0.0,0.0,0.0,0.0,5,31.2,24.3,67,992.1,353,2.3,-9900,-9900,0.0,0.0
2023,7,30,13,60,0.0,0.0,0.0,0.0,0.0,5,29.5,24.6,75,991.7,1,2.9,-9900,-9900,0.0,0.0
2023,7,30,14,60,0.0,0.0,0.0,0.0,0.0,5,29.4,24.1,73,991.4,345,1.5,-9900,-9900,0.0,0.0
2023,7,30,15,60,0.0,0.0,0.0,0.0,0.0,5,28.9,24.0,75,991.7,5,2.4,-9900,-9900,0.0,0.0
2023,7,30,16,60,0.0,0.0,0.0,0.0,0.0,5,29.1,23.8,73,991.6,25,1.6,-9900,-9900,0.0,0.0
2023,7,30,17,60,0.0,0.0,0.0,0.0,0.0,5,27.1,25.1,89,991.3,125,2.8,-9900,-9900,0.0,0.0
2023,7,30,18,60,0.0,0.0,0.0,0.0,0.0,5,25.5,24.5,94,991.1,100,2.1,-9900,-9900,0.0,0.0
2023,7,30,19,60,0.0,0.0,0.0,0.0,0.0,5,26.6,24.8,90,991.4,102,0.3,-9900,-9900,0.0,0.0
2023,7,30,20,60,0.0,0.0,0.0,0.0,0.0,5,26.5,25.1,92,991.6,103,0.9,-9900,-9900,0.0,0.0
2023,7,30,21,60,0.0,0.0,0.0,0.0,0.0,5,26.6,25.0,91,992.1,107,0.7,-9900,-9900,0.0,0.0
2023,7,30,22,60,0.0,0.0,0.0,0.0,0.0,5,26.3,24.3,89,992.2,106,0.5,-9900,-9900,0.0,0.0
2023,7,30,23,60,0.0,0.0,0.0,0.0,0.0,5,26.5,24.7,90,992.0,99,0.3,-9900,-9900,0.0,0.0
2023,7,30,24,60,0.0,0.0,0.0,0.0,0.0,5,26.5,24.5,89,991.6,0,0.0,-9900,-9900,0.0,0.0
2023,7,31,1,60,0.0,0.0,0.0,0.0,0.0,5,26.1,23.8,87,991.2,130,1.0,-9900,-9900,0.0,0.0
2023,7,31,2,60,0.0,0.0,0.0,0.0,0.0,5,25.6,23.7,89,990.9,126,2.3,-9900,-9900,0.0,0.0
2023,7,31,3,60,0.0,0.0,0.0,0.0,0.0,5,25.2,23.8,92,990.5,136,1.7,-9900,-9900,0.0,0.0
2023,7,31,4,60,0.0,0.0,0.0,0.0,0.0,5,25.2,23.6,91,990.7,126,0.7,-9900,-9900,0.0,0.0
2023,7,31,5,60,0.0,0.0,0.0,0.0,0.0,5,25.6,23.5,88,991.0,115,0.7,-9900,-9900,0.0,0.0
2023,7,31,6,60,0.0,0.0,0.0,0.0,0.0,5,25.5,23.6,89,991.4,119,1.1,-9900,-9900,0.0,0.0
2023,7,31,7,60,0.0,0.0,0.0,0.0,0.0,5,26.0,23.3,85,991.6,103,1.1,-9900,-9900,0.0,0.0
2023,7,31,8,60,0.0,0.0,0.0,0.0,0.0,5,27.2,24.1,83,991.6,100,1.4,-9900,-9900,0.0,0.0
2023,7,31,9,60,0.0,0.0,0.0,0.0,0.0,5,28.1,24.3,80,991.5,84,1.8,-9900,-9900,0.0,0.0
2023,7,31,10,60,0.0,0.0,0.0,0.0,0.0,5,29.2,24.1,74,991.4,85,1.6,-9900,-9900,0.0,0.0
2023,7,31,11,60,0.0,0.0,0.0,0.0,0.0,5,30.5,24.6,71,991.4,83,1.4,-9900,-9900,0.0,0.0
2023,7,31,12,60,0.0,0.0,0.0,0.0,0.0,5,29.9,25.0,75,991.2,30,2.1,-9900,-9900,0.0,0.0
2023,7,31,13,60,0.0,0.0,0.0,0.0,0.0,5,29.4,23.8,72,991.0,30,2.8,-9900,-9900,0.0,0.0
2023,7,31,14,60,0.0,0.0,0.0,0.0,0.0,5,29.0,24.3,76,990.6,25,2.8,-9900,-9900,0.0,0.0
2023,7,31,15,60,0.0,0.0,0.0,0.0,0.0,5,28.9,24.2,76,989.8,26,2.8,-9900,-9900,0.0,0.0
2023,7,31,16,60,0.0,0.0,0.0,0.0,0.0,5,30.5,23.9,68,988.9,33,1.7,-9900,-9900,0.0,0.0
2023,7,31,17,60,0.0,0.0,0.0,0.0,0.0,5,29.5,23.5,70,988.4,22,2.6,-9900,-9900,0.0,0.0
2023,7,31,18,60,0.0,0.0,0.0,0.0,0.0,5,28.5,23.6,75,988.7,29,1.7,-9900,-9900,0.0,0.0
2023,7,31,19,60,0.0,0.0,0.0,0.0,0.0,5,27.9,24.1,80,989.5,42,1.4,-9900,-9900,0.0,0.0
2023,7,31,20,60,0.0,0.0,0.0,0.0,0.0,5,27.6,23.8,80,990.0,37,1.2,-9900,-9900,0.0,0.0
2023,7,31,21,60,0.0,0.0,0.0,0.0,0.0,5,27.4,24.3,83,990.5,34,1.5,-9900,-9900,0.0,0.0
2023,7,31,22,60,0.0,0.0,0.0,0.0,0.0,5,27.4,24.1,82,990.7,97,0.8,-9900,-9900,0.0,0.0
2023,7,31,23,60,0.0,0.0,0.0,0.0,0.0,5,27.3,24.2,83,990.2,84,0.7,-9900,-9900,0.0,0.0
2023,7,31,24,60,0.0,0.0,0.0,0.0,0.0,5,27.2,24.1,83,989.7,0,0.0,-9900,-9900,0.0,0.0
2023,8,1,1,60,0.0,0.0,0.0,0.0,0.0,5,26.8,23.9,84,989.1,0,0.0,-9900,-9900,0.0,0.0
2023,8,1,2,60,0.0,0.0,0.0,0.0,0.0,5,26.5,23.8,85,988.6,0,0.0,-9900,-9900,0.0,0.0
2023,8,1,3,60,0.0,0.0,0.0,0.0,0.0,5,26.5,24.2,87,988.3,76,0.8,-9900,-9900,0.0,0.0
2023,8,1,4,60,0.0,0.0,0.0,0.0,0.0,5,26.2,23.5,85,988.4,0,0.0,-9900,-9900,0.0,0.0
2023,8,1,5,60,0.0,0.0,0.0,0.0,0.0,5,26.0,22.5,81,988.5,213,0.4,-9900,-9900,0.0,0.0
2023,8,1,6,60,0.0,0.0,0.0,0.0,0.0,5,26.4,22.5,79,988.9,0,0.0,-9900,-9900,0.0,0.0
2023,8,1,7,60,0.0,0.0,0.0,0.0,0.0,5,25.7,22.6,83,989.0,146,1.0,-9900,-9900,0.0,0.0
2023,8,1,8,60,0.0,0.0,0.0,0.0,0.0,5,27.4,24.1,82,989.4,23,1.1,-9900,-9900,0.0,0.0
2023,8,1,9,60,0.0,0.0,0.0,0.0,0.0,5,26.9,24.7,88,989.5,70,1.0,-9900,-9900,0.0,0.0
2023,8,1,10,60,0.0,0.0,0.0,0.0,0.0,5,27.1,25.1,89,989.2,34,2.4,-9900,-9900,0.0,0.0
2023,8,1,11,60,0.0,0.0,0.0,0.0,0.0,5,29.5,23.9,72,988.7,43,1.7,-9900,-9900,0.0,0.0
2023,8,1,12,60,0.0,0.0,0.0,0.0,0.0,5,26.9,25.7,93,988.4,31,2.8,-9900,-9900,0.0,0.0
2023,8,1,13,60,0.0,0.0,0.0,0.0,0.0,5,28.4,25.2,83,987.4,26,2.4,-9900,-9900,0.0,0.0
2023,8,1,14,60,0.0,0.0,0.0,0.0,0.0,5,27.9,25.1,85,987.1,17,2.0,-9900,-9900,0.0,0.0
2023,8,1,15,60,0.0,0.0,0.0,0.0,0.0,5,28.4,25.0,82,986.4,351,2.1,-9900,-9900,0.0,0.0
2023,8,1,16,60,0.0,0.0,0.0,0.0,0.0,5,27.8,24.8,84,986.2,34,2.5,-9900,-9900,0.0,0.0
2023,8,1,17,60,0.0,0.0,0.0,0.0,0.0,5,27.0,25.0,89,986.0,38,2.3,-9900,-9900,0.0,0.0
2023,8,1,18,60,0.0,0.0,0.0,0.0,0.0,5,27.1,24.9,88,986.5,32,0.5,-9900,-9900,0.0,0.0
2023,8,1,19,60,0.0,0.0,0.0,0.0,0.0,5,26.5,25.1,92,987.0,74,0.6,-9900,-9900,0.0,0.0
2023,8,1,20,60,0.0,0.0,0.0,0.0,0.0,5,26.6,25.7,95,986.8,360,0.5,-9900,-9900,0.0,0.0
2023,8,1,21,60,0.0,0.0,0.0,0.0,0.0,5,26.6,25.9,96,987.2,355,1.6,-9900,-9900,0.0,0.0
2023,8,1,22,60,0.0,0.0,0.0,0.0,0.0,5,26.6,25.9,96,987.3,7,1.6,-9900,-9900,0.0,0.0
2023,8,1,23,60,0.0,0.0,0.0,0.0,0.0,5,26.4,25.7,96,987.3,44,0.3,-9900,-9900,0.0,0.0
2023,8,1,24,60,0.0,0.0,0.0,0.0,0.0,5,25.9,25.2,96,986.8,266,0.3,-9900,-9900,0.0,0.0
2023,8,2,1,60,0.0,0.0,0.0,0.0,0.0,5,25.7,25.2,97,986.1,257,2.7,-9900,-9900,0.0,0.0
2023,8,2,2,60,0.0,0.0,0.0,0.0,0.0,5,25.4,24.5,95,985.7,273,1.5,-9900,-9900,0.0,0.0
2023,8,2,3,60,0.0,0.0,0.0,0.0,0.0,5,25.4,24.2,93,985.3,250,0.9,-9900,-9900,0.0,0.0
2023,8,2,4,60,0.0,0.0,0.0,0.0,0.0,5,25.6,24.7,95,985.2,122,1.1,-9900,-9900,0.0,0.0
2023,8,2,5,60,0.0,0.0,0.0,0.0,0.0,5,26.6,25.7,95,984.9,355,2.0,-9900,-9900,0.0,0.0
2023,8,2,6,60,0.0,0.0,0.0,0.0,0.0,5,26.7,25.8,95,985.3,10,1.8,-9900,-9900,0.0,0.0
2023,8,2,7,60,0.0,0.0,0.0,0.0,0.0,5,26.5,25.5,94,985.7,4,2.5,-9900,-9900,0.0,0.0
2023,8,2,8,60,0.0,0.0,0.0,0.0,0.0,5,27.4,25.8,91,986.1,359,2.6,-9900,-9900,0.0,0.0
2023,8,2,9,60,0.0,0.0,0.0,0.0,0.0,5,27.8,25.8,89,986.3,1,3.0,-9900,-9900,0.0,0.0
2023,8,2,10,60,0.0,0.0,0.0,0.0,0.0,5,27.5,25.9,91,986.4,5,2.7,-9900,-9900,0.0,0.0
2023,8,2,11,60,0.0,0.0,0.0,0.0,0.0,5,28.9,25.9,84,986.2,3,2.5,-9900,-9900,0.0,0.0
2023,8,2,12,60,0.0,0.0,0.0,0.0,0.0,5,28.8,26.2,86,986.0,357,2.4,-9900,-9900,0.0,0.0
2023,8,2,13,60,0.0,0.0,0.0,0.0,0.0,5,28.0,26.2,90,985.5,331,1.9,-9900,-9900,0.0,0.0
2023,8,2,14,60,0.0,0.0,0.0,0.0,0.0,5,28.4,26.0,87,985.0,329,2.4,-9900,-9900,0.0,0.0
2023,8,2,15,60,0.0,0.0,0.0,0.0,0.0,5,28.1,25.9,88,984.8,313,3.5,-9900,-9900,0.0,0.0
2023,8,2,16,60,0.0,0.0,0.0,0.0,0.0,5,27.9,25.7,88,984.3,317,3.6,-9900,-9900,0.0,0.0
2023,8,2,17,60,0.0,0.0,0.0,0.0,0.0,5,28.0,25.4,86,984.2,288,2.2,-9900,-9900,0.0,0.0
2023,8,2,18,60,0.0,0.0,0.0,0.0,0.0,5,27.9,24.9,84,984.3,277,1.5,-9900,-9900,0.0,0.0
2023,8,2,19,60,0.0,0.0,0.0,0.0,0.0,5,27.8,24.8,84,984.2,266,2.0,-9900,-9900,0.0,0.0
2023,8,2,20,60,0.0,0.0,0.0,0.0,0.0,5,28.0,24.4,81,984.6,263,1.7,-9900,-9900,0.0,0.0
2023,8,2,21,60,0.0,0.0,0.0,0.0,0.0,5,28.1,23.9,78,984.6,265,2.0,-9900,-9900,0.0,0.0
2023,8,2,22,60,0.0,0.0,0.0,0.0,0.0,5,28.2,23.6,76,984.4,263,1.9,-9900,-9900,0.0,0.0
2023,8,2,23,60,0.0,0.0,0.0,0.0,0.0,5,28.3,23.4,75,984.1,265,1.9,-9900,-9900,0.0,0.0
2023,8,2,24,60,0.0,0.0,0.0,0.0,0.0,5,28.5,23.0,72,983.4,266,2.2,-9900,-9900,0.0,0.0
2023,8,3,1,60,0.0,0.0,0.0,0.0,0.0,5,28.4,23.1,73,982.6,267,2.8,-9900,-9900,0.0,0.0
2023,8,3,2,60,0.0,0.0,0.0,0.0,0.0,5,27.5,23.3,78,981.8,267,2.8,-9900,-9900,0.0,0.0
2023,8,3,3,60,0.0,0.0,0.0,0.0,0.0,5,25.9,23.9,89,981.0,257,4.1,-9900,-9900,0.0,0.0
2023,8,3,4,60,0.0,0.0,0.0,0.0,0.0,5,26.4,25.2,93,981.7,268,3.9,-9900,-9900,0.0,0.0
2023,8,3,5,60,0.0,0.0,0.0,0.0,0.0,5,27.0,24.8,88,981.8,268,3.3,-9900,-9900,0.0,0.0
2023,8,3,6,60,0.0,0.0,0.0,0.0,0.0,5,27.1,24.7,87,982.0,263,4.0,-9900,-9900,0.0,0.0
2023,8,3,7,60,0.0,0.0,0.0,0.0,0.0,5,27.4,24.3,83,982.3,262,4.4,-9900,-9900,0.0,0.0
2023,8,3,8,60,0.0,0.0,0.0,0.0,0.0,5,28.1,23.3,75,982.0,262,5.1,-9900,-9900,0.0,0.0
2023,8,3,9,60,0.0,0.0,0.0,0.0,0.0,5,28.9,22.9,70,982.6,259,4.5,-9900,-9900,0.0,0.0
2023,8,3,10,60,0.0,0.0,0.0,0.0,0.0,5,29.3,23.3,70,982.3,256,3.3,-9900,-9900,0.0,0.0
2023,8,3,11,60,0.0,0.0,0.0,0.0,0.0,5,29.6,23.8,71,981.6,258,4.7,-9900,-9900,0.0,0.0
2023,8,3,12,60,0.0,0.0,0.0,0.0,0.0,5,29.8,23.7,70,981.5,260,3.9,-9900,-9900,0.0,0.0
2023,8,3,13,60,0.0,0.0,0.0,0.0,0.0,5,28.8,24.6,78,981.6,266,3.1,-9900,-9900,0.0,0.0
2023,8,3,14,60,0.0,0.0,0.0,0.0,0.0,5,29.4,24.7,76,981.1,262,3.2,-9900,-9900,0.0,0.0
2023,8,3,15,60,0.0,0.0,0.0,0.0,0.0,5,27.6,25.4,88,981.6,263,3.4,-9900,-9900,0.0,0.0
2023,8,3,16,60,0.0,0.0,0.0,0.0,0.0,5,28.4,26.0,87,980.5,257,3.3,-9900,-9900,0.0,0.0
2023,8,3,17,60,0.0,0.0,0.0,0.0,0.0,5,29.1,25.3,80,979.5,264,3.5,-9900,-9900,0.0,0.0
2023,8,3,18,60,0.0,0.0,0.0,0.0,0.0,5,29.8,24.2,72,979.3,261,4.1,-9900,-9900,0.0,0.0
2023,8,3,19,60,0.0,0.0,0.0,0.0,0.0,5,29.8,23.5,69,979.8,260,3.2,-9900,-9900,0.0,0.0
2023,8,3,20,60,0.0,0.0,0.0,0.0,0.0,5,29.6,24.2,73,980.5,261,4.5,-9900,-9900,0.0,0.0
2023,8,3,21,60,0.0,0.0,0.0,0.0,0.0,5,29.4,24.1,73,981.0,265,4.4,-9900,-9900,0.0,0.0
2023,8,3,22,60,0.0,0.0,0.0,0.0,0.0,5,28.7,24.1,76,981.8,267,5.3,-9900,-9900,0.0,0.0
2023,8,3,23,60,0.0,0.0,0.0,0.0,0.0,5,28.6,24.2,77,981.5,259,6.9,-9900,-9900,0.0,0.0
2023,8,3,24,60,0.0,0.0,0.0,0.0,0.0,5,28.3,24.3,79,981.0,259,6.2,-9900,-9900,0.0,0.0
2023,8,4,1,60,0.0,0.0,0.0,0.0,0.0,5,27.8,24.0,80,981.3,266,5.2,-9900,-9900,0.0,0.0
2023,8,4,2,60,0.0,0.0,0.0,0.0,0.0,5,28.1,23.7,77,981.6,262,4.9,-9900,-9900,0.0,0.0
2023,8,4,3,60,0.0,0.0,0.0,0.0,0.0,5,28.1,23.3,75,981.6,262,4.4,-9900,-9900,0.0,0.0
2023,8,4,4,60,0.0,0.0,0.0,0.0,0.0,5,28.3,23.0,73,981.8,260,4.5,-9900,-9900,0.0,0.0
2023,8,4,5,60,0.0,0.0,0.0,0.0,0.0,5,28.5,23.9,76,982.0,265,3.8,-9900,-9900,0.0,0.0
2023,8,4,6,60,0.0,0.0,0.0,0.0,0.0,5,28.3,24.7,81,982.9,263,4.8,-9900,-9900,0.0,0.0
2023,8,4,7,60,0.0,0.0,0.0,0.0,0.0,5,28.8,25.4,82,983.7,260,3.9,-9900,-9900,0.0,0.0
2023,8,4,8,60,0.0,0.0,0.0,0.0,0.0,5,29.2,25.4,80,984.1,266,3.2,-9900,-9900,0.0,0.0
2023,8,4,9,60,0.0,0.0,0.0,0.0,0.0,5,30.2,25.9,78,983.8,264,3.4,-9900,-9900,0.0,0.0
2023,8,4,10,60,0.0,0.0,0.0,0.0,0.0,5,30.1,26.1,79,985.2,265,3.3,-9900,-9900,0.0,0.0
2023,8,4,11,60,0.0,0.0,0.0,0.0,0.0,5,30.8,25.9,75,984.8,261,2.6,-9900,-9900,0.0,0.0
2023,8,4,12,60,0.0,0.0,0.0,0.0,0.0,5,31.3,25.6,72,983.7,260,3.9,-9900,-9900,0.0,0.0
2023,8,4,13,60,0.0,0.0,0.0,0.0,0.0,5,31.4,25.3,70,983.5,264,3.5,-9900,-9900,0.0,0.0
2023,8,4,14,60,0.0,0.0,0.0,0.0,0.0,5,31.3,25.4,71,983.5,261,4.8,-9900,-9900,0.0,0.0
2023,8,4,15,60,0.0,0.0,0.0,0.0,0.0,5,31.0,25.6,73,983.8,260,3.4,-9900,-9900,0.0,0.0
2023,8,4,16,60,0.0,0.0,0.0,0.0,0.0,5,30.6,25.7,75,983.3,263,2.4,-9900,-9900,0.0,0.0
2023,8,4,17,60,0.0,0.0,0.0,0.0,0.0,5,30.5,25.1,73,983.6,262,3.4,-9900,-9900,0.0,0.0
2023,8,4,18,60,0.0,0.0,0.0,0.0,0.0,5,30.3,24.9,73,983.3,263,4.3,-9900,-9900,0.0,0.0
2023,8,4,19,60,0.0,0.0,0.0,0.0,0.0,5,30.6,24.3,69,983.5,263,4.2,-9900,-9900,0.0,0.0
2023,8,4,20,60,0.0,0.0,0.0,0.0,0.0,5,29.1,24.2,75,984.0,261,4.6,-9900,-9900,0.0,0.0
2023,8,4,21,60,0.0,0.0,0.0,0.0,0.0,5,29.2,23.4,71,984.2,262,4.6,-9900,-9900,0.0,0.0
2023,8,4,22,60,0.0,0.0,0.0,0.0,0.0,5,28.9,23.1,71,984.1,263,5.2,-9900,-9900,0.0,0.0
2023,8,4,23,60,0.0,0.0,0.0,0.0,0.0,5,28.9,23.6,73,984.0,263,5.3,-9900,-9900,0.0,0.0
2023,8,4,24,60,0.0,0.0,0.0,0.0,0.0,5,28.7,23.4,73,984.4,266,5.3,-9900,-9900,0.0,0.0
2023,8,5,1,60,0.0,0.0,0.0,0.0,0.0,5,28.0,23.6,77,983.2,266,4.6,-9900,-9900,0.0,0.0
2023,8,5,2,60,0.0,0.0,0.0,0.0,0.0,5,27.4,24.1,82,984.2,264,5.2,-9900,-9900,0.0,0.0
2023,8,5,3,60,0.0,0.0,0.0,0.0,0.0,5,27.1,24.2,84,985.1,262,4.4,-9900,-9900,0.0,0.0
2023,8,5,4,60,0.0,0.0,0.0,0.0,0.0,5,27.2,23.7,81,984.1,266,4.3,-9900,-9900,0.0,0.0
2023,8,5,5,60,0.0,0.0,0.0,0.0,0.0,5,27.2,23.9,82,984.6,268,4.0,-9900,-9900,0.0,0.0
2023,8,5,6,60,0.0,0.0,0.0,0.0,0.0,5,26.0,24.6,92,985.4,265,5.2,-9900,-9900,0.0,0.0
2023,8,5,7,60,0.0,0.0,0.0,0.0,0.0,5,26.5,23.8,85,985.2,260,3.9,-9900,-9900,0.0,0.0
2023,8,5,8,60,0.0,0.0,0.0,0.0,0.0,5,26.6,22.9,80,985.3,261,2.6,-9900,-9900,0.0,0.0
2023,8,5,9,60,0.0,0.0,0.0,0.0,0.0,5,27.3,22.3,74,985.7,258,4.2,-9900,-9900,0.0,0.0
2023,8,5,10,60,0.0,0.0,0.0,0.0,0.0,5,28.8,22.5,69,985.8,260,4.2,-9900,-9900,0.0,0.0
2023,8,5,11,60,0.0,0.0,0.0,0.0,0.0,5,29.3,22.3,66,985.7,262,4.8,-9900,-9900,0.0,0.0
2023,8,5,12,60,0.0,0.0,0.0,0.0,0.0,5,28.3,23.2,74,985.4,262,2.9,-9900,-9900,0.0,0.0
2023,8,5,13,60,0.0,0.0,0.0,0.0,0.0,5,29.7,23.2,68,984.9,268,1.8,-9900,-9900,0.0,0.0
2023,8,5,14,60,0.0,0.0,0.0,0.0,0.0,5,30.3,24.2,70,984.4,263,5.1,-9900,-9900,0.0,0.0
2023,8,5,15,60,0.0,0.0,0.0,0.0,0.0,5,30.4,24.8,72,983.9,268,5.7,-9900,-9900,0.0,0.0
2023,8,5,16,60,0.0,0.0,0.0,0.0,0.0,5,30.6,24.7,71,983.5,268,4.5,-9900,-9900,0.0,0.0
2023,8,5,17,60,0.0,0.0,0.0,0.0,0.0,5,30.3,24.7,72,983.4,265,3.9,-9900,-9900,0.0,0.0
2023,8,5,18,60,0.0,0.0,0.0,0.0,0.0,5,30.1,24.0,70,983.6,275,3.1,-9900,-9900,0.0,0.0
2023,8,5,19,60,0.0,0.0,0.0,0.0,0.0,5,29.6,24.0,72,984.0,263,2.8,-9900,-9900,0.0,0.0
2023,8,5,20,60,0.0,0.0,0.0,0.0,0.0,5,29.3,24.0,73,984.5,261,2.0,-9900,-9900,0.0,0.0
2023,8,5,21,60,0.0,0.0,0.0,0.0,0.0,5,29.5,23.5,70,984.7,256,2.1,-9900,-9900,0.0,0.0
2023,8,5,22,60,0.0,0.0,0.0,0.0,0.0,5,29.2,23.6,72,984.7,264,2.9,-9900,-9900,0.0,0.0
2023,8,5,23,60,0.0,0.0,0.0,0.0,0.0,5,29.2,23.4,71,984.3,260,3.4,-9900,-9900,0.0,0.0
2023,8,5,24,60,0.0,0.0,0.0,0.0,0.0,5,29.1,23.8,73,984.1,263,1.9,-9900,-9900,0.0,0.0
2023,8,6,1,60,0.0,0.0,0.0,0.0,0.0,5,28.9,23.6,73,984.0,257,3.3,-9900,-9900,0.0,0.0
2023,8,6,2,60,0.0,0.0,0.0,0.0,0.0,5,29.0,23.4,72,983.5,257,2.9,-9900,-9900,0.0,0.0
2023,8,6,3,60,0.0,0.0,0.0,0.0,0.0,5,28.9,23.6,73,983.5,263,2.8,-9900,-9900,0.0,0.0
2023,8,6,4,60,0.0,0.0,0.0,0.0,0.0,5,28.7,23.6,74,983.0,261,2.4,-9900,-9900,0.0,0.0
2023,8,6,5,60,0.0,0.0,0.0,0.0,0.0,5,28.4,23.8,76,982.9,258,2.3,-9900,-9900,0.0,0.0
2023,8,6,6,60,0.0,0.0,0.0,0.0,0.0,5,28.5,23.6,75,983.5,261,2.6,-9900,-9900,0.0,0.0
2023,8,6,7,60,0.0,0.0,0.0,0.0,0.0,5,29.0,23.7,73,983.9,262,2.1,-9900,-9900,0.0,0.0
2023,8,6,8,60,0.0,0.0,0.0,0.0,0.0,5,29.9,23.6,69,984.0,260,2.9,-9900,-9900,0.0,0.0
2023,8,6,9,60,0.0,0.0,0.0,0.0,0.0,5,31.1,23.2,63,984.2,263,3.4,-9900,-9900,0.0,0.0
2023,8,6,10,60,0.0,0.0,0.0,0.0,0.0,5,32.5,23.7,60,984.2,266,2.7,-9900,-9900,0.0,0.0
2023,8,6,11,60,0.0,0.0,0.0,0.0,0.0,5,33.4,24.0,58,983.8,265,3.5,-9900,-9900,0.0,0.0
2023,8,6,12,60,0.0,0.0,0.0,0.0,0.0,5,34.7,23.4,52,983.4,264,3.8,-9900,-9900,0.0,0.0
2023,8,6,13,60,0.0,0.0,0.0,0.0,0.0,5,34.1,25.2,60,982.8,264,4.4,-9900,-9900,0.0,0.0
2023,8,6,14,60,0.0,0.0,0.0,0.0,0.0,5,33.0,26.1,67,982.2,266,4.6,-9900,-9900,0.0,0.0
2023,8,6,15,60,0.0,0.0,0.0,0.0,0.0,5,32.5,26.6,71,981.9,270,3.8,-9900,-9900,0.0,0.0
2023,8,6,16,60,0.0,0.0,0.0,0.0,0.0,5,32.2,26.5,72,982.3,268,3.5,-9900,-9900,0.0,0.0
2023,8,6,17,60,0.0,0.0,0.0,0.0,0.0,5,31.9,26.5,73,982.4,267,3.6,-9900,-9900,0.0,0.0
2023,8,6,18,60,0.0,0.0,0.0,0.0,0.0,5,30.7,25.5,74,983.2,267,4.0,-9900,-9900,0.0,0.0
2023,8,6,19,60,0.0,0.0,0.0,0.0,0.0,5,29.7,25.0,76,984.1,265,3.8,-9900,-9900,0.0,0.0
2023,8,6,20,60,0.0,0.0,0.0,0.0,0.0,5,29.3,25.5,80,984.6,269,3.5,-9900,-9900,0.0,0.0
2023,8,6,21,60,0.0,0.0,0.0,0.0,0.0,5,29.6,24.9,76,984.1,257,3.3,-9900,-9900,0.0,0.0
2023,8,6,22,60,0.0,0.0,0.0,0.0,0.0,5,29.7,24.3,73,983.9,263,2.6,-9900,-9900,0.0,0.0
2023,8,6,23,60,0.0,0.0,0.0,0.0,0.0,5,29.5,23.5,70,984.0,260,2.8,-9900,-9900,0.0,0.0
2023,8,6,24,60,0.0,0.0,0.0,0.0,0.0,5,29.7,22.4,65,983.9,259,3.0,-9900,-9900,0.0,0.0
2023,8,7,1,60,0.0,0.0,0.0,0.0,0.0,5,29.2,23.2,70,983.5,263,1.5,-9900,-9900,0.0,0.0
2023,8,7,2,60,0.0,0.0,0.0,0.0,0.0,5,28.9,23.1,71,983.1,259,3.3,-9900,-9900,0.0,0.0
2023,8,7,3,60,0.0,0.0,0.0,0.0,0.0,5,29.1,22.6,68,983.1,260,2.5,-9900,-9900,0.0,0.0
2023,8,7,4,60,0.0,0.0,0.0,0.0,0.0,5,29.1,22.1,66,983.3,267,1.5,-9900,-9900,0.0,0.0
2023,8,7,5,60,0.0,0.0,0.0,0.0,0.0,5,28.7,22.5,69,983.6,259,2.4,-9900,-9900,0.0,0.0
2023,8,7,6,60,0.0,0.0,0.0,0.0,0.0,5,28.8,22.8,70,984.5,259,3.2,-9900,-9900,0.0,0.0
2023,8,7,7,60,0.0,0.0,0.0,0.0,0.0,5,29.5,22.5,66,984.8,260,3.0,-9900,-9900,0.0,0.0
2023,8,7,8,60,0.0,0.0,0.0,0.0,0.0,5,30.3,22.2,62,984.9,264,3.0,-9900,-9900,0.0,0.0
2023,8,7,9,60,0.0,0.0,0.0,0.0,0.0,5,31.4,22.4,59,984.8,263,3.2,-9900,-9900,0.0,0.0
2023,8,7,10,60,0.0,0.0,0.0,0.0,0.0,5,32.4,22.2,55,984.9,259,3.3,-9900,-9900,0.0,0.0
2023,8,7,11,60,0.0,0.0,0.0,0.0,0.0,5,32.2,24.8,65,984.6,270,2.2,-9900,-9900,0.0,0.0
2023,8,7,12,60,0.0,0.0,0.0,0.0,0.0,5,31.1,25.0,70,984.3,259,3.7,-9900,-9900,0.0,0.0
2023,8,7,13,60,0.0,0.0,0.0,0.0,0.0,5,32.7,25.0,64,983.5,260,3.9,-9900,-9900,0.0,0.0
2023,8,7,14,60,0.0,0.0,0.0,0.0,0.0,5,32.6,24.9,64,982.6,267,3.2,-9900,-9900,0.0,0.0
2023,8,7,15,60,0.0,0.0,0.0,0.0,0.0,5,32.1,24.4,64,982.2,265,4.2,-9900,-9900,0.0,0.0
2023,8,7,16,60,0.0,0.0,0.0,0.0,0.0,5,31.7,24.6,66,981.8,261,3.0,-9900,-9900,0.0,0.0
2023,8,7,17,60,0.0,0.0,0.0,0.0,0.0,5,31.7,25.6,70,982.1,263,3.2,-9900,-9900,0.0,0.0
2023,8,7,18,60,0.0,0.0,0.0,0.0,0.0,5,30.9,25.5,73,983.1,271,2.3,-9900,-9900,0.0,0.0
2023,8,7,19,60,0.0,0.0,0.0,0.0,0.0,5,29.5,25.5,79,984.4,269,3.1,-9900,-9900,0.0,0.0
2023,8,7,20,60,0.0,0.0,0.0,0.0,0.0,5,29.5,25.5,79,984.7,262,2.5,-9900,-9900,0.0,0.0
2023,8,7,21,60,0.0,0.0,0.0,0.0,0.0,5,29.2,25.2,79,984.8,265,2.2,-9900,-9900,0.0,0.0
2023,8,7,22,60,0.0,0.0,0.0,0.0,0.0,5,29.0,25.2,80,984.8,268,2.5,-9900,-9900,0.0,0.0
2023,8,7,23,60,0.0,0.0,0.0,0.0,0.0,5,29.0,24.6,77,985.4,264,2.6,-9900,-9900,0.0,0.0
2023,8,7,24,60,0.0,0.0,0.0,0.0,0.0,5,28.4,24.4,79,985.4,265,3.8,-9900,-9900,0.0,0.0
2023,8,8,1,60,0.0,0.0,0.0,0.0,0.0,5,28.2,24.4,80,984.9,268,4.4,-9900,-9900,0.0,0.0
2023,8,8,2,60,0.0,0.0,0.0,0.0,0.0,5,28.2,24.0,78,984.5,266,3.3,-9900,-9900,0.0,0.0
2023,8,8,3,60,0.0,0.0,0.0,0.0,0.0,5,28.3,23.4,75,983.9,264,2.9,-9900,-9900,0.0,0.0
2023,8,8,4,60,0.0,0.0,0.0,0.0,0.0,5,28.7,22.5,69,983.5,264,2.3,-9900,-9900,0.0,0.0
2023,8,8,5,60,0.0,0.0,0.0,0.0,0.0,5,28.8,22.3,68,984.3,271,2.0,-9900,-9900,0.0,0.0
2023,8,8,6,60,0.0,0.0,0.0,0.0,0.0,5,28.7,22.9,71,985.7,261,2.0,-9900,-9900,0.0,0.0
2023,8,8,7,60,0.0,0.0,0.0,0.0,0.0,5,29.8,22.8,66,986.2,275,1.1,-9900,-9900,0.0,0.0
2023,8,8,8,60,0.0,0.0,0.0,0.0,0.0,5,29.6,23.3,69,986.3,266,1.4,-9900,-9900,0.0,0.0
2023,8,8,9,60,0.0,0.0,0.0,0.0,0.0,5,30.0,24.4,72,986.7,264,2.0,-9900,-9900,0.0,0.0
2023,8,8,10,60,0.0,0.0,0.0,0.0,0.0,5,30.1,24.5,72,986.8,263,2.1,-9900,-9900,0.0,0.0
2023,8,8,11,60,0.0,0.0,0.0,0.0,0.0,5,30.8,25.2,72,986.5,262,2.5,-9900,-9900,0.0,0.0
2023,8,8,12,60,0.0,0.0,0.0,0.0,0.0,5,30.8,25.4,73,986.1,272,1.2,-9900,-9900,0.0,0.0
2023,8,8,13,60,0.0,0.0,0.0,0.0,0.0,5,31.9,24.0,63,985.7,262,1.9,-9900,-9900,0.0,0.0
2023,8,8,14,60,0.0,0.0,0.0,0.0,0.0,5,31.8,25.2,68,985.1,264,1.4,-9900,-9900,0.0,0.0
2023,8,8,15,60,0.0,0.0,0.0,0.0,0.0,5,32.2,24.5,64,984.7,261,1.7,-9900,-9900,0.0,0.0
2023,8,8,16,60,0.0,0.0,0.0,0.0,0.0,5,32.5,25.8,68,984.6,269,1.7,-9900,-9900,0.0,0.0
2023,8,8,17,60,0.0,0.0,0.0,0.0,0.0,5,31.0,26.0,75,984.8,269,2.2,-9900,-9900,0.0,0.0
2023,8,8,18,60,0.0,0.0,0.0,0.0,0.0,5,30.4,25.5,75,985.2,267,2.8,-9900,-9900,0.0,0.0
2023,8,8,19,60,0.0,0.0,0.0,0.0,0.0,5,29.6,25.4,78,985.8,268,1.6,-9900,-9900,0.0,0.0
2023,8,8,20,60,0.0,0.0,0.0,0.0,0.0,5,29.0,25.2,80,986.6,265,2.2,-9900,-9900,0.0,0.0
2023,8,8,21,60,0.0,0.0,0.0,0.0,0.0,5,28.8,25.4,82,986.9,263,2.4,-9900,-9900,0.0,0.0
2023,8,8,22,60,0.0,0.0,0.0,0.0,0.0,5,28.9,24.9,79,987.3,269,2.3,-9900,-9900,0.0,0.0
2023,8,8,23,60,0.0,0.0,0.0,0.0,0.0,5,28.9,23.8,74,987.0,265,2.2,-9900,-9900,0.0,0.0
2023,8,8,24,60,0.0,0.0,0.0,0.0,0.0,5,28.5,24.1,77,986.7,264,2.4,-9900,-9900,0.0,0.0
2023,8,9,1,60,0.0,0.0,0.0,0.0,0.0,5,28.2,24.2,79,986.4,266,1.9,-9900,-9900,0.0,0.0
2023,8,9,2,60,0.0,0.0,0.0,0.0,0.0,5,28.5,23.6,75,986.0,263,2.5,-9900,-9900,0.0,0.0
2023,8,9,3,60,0.0,0.0,0.0,0.0,0.0,5,28.5,23.2,73,986.1,263,2.3,-9900,-9900,0.0,0.0
2023,8,9,4,60,0.0,0.0,0.0,0.0,0.0,5,28.5,23.2,73,986.4,261,1.4,-9900,-9900,0.0,0.0
2023,8,9,5,60,0.0,0.0,0.0,0.0,0.0,5,28.8,22.3,68,986.7,0,0.2,-9900,-9900,0.0,0.0
2023,8,9,6,60,0.0,0.0,0.0,0.0,0.0,5,29.0,22.5,68,987.0,261,1.4,-9900,-9900,0.0,0.0
2023,8,9,7,60,0.0,0.0,0.0,0.0,0.0,5,29.4,22.4,66,987.7,265,2.1,-9900,-9900,0.0,0.0
2023,8,9,8,60,0.0,0.0,0.0,0.0,0.0,5,30.3,22.7,64,987.8,265,3.4,-9900,-9900,0.0,0.0
2023,8,9,9,60,0.0,0.0,0.0,0.0,0.0,5,31.2,24.1,66,987.9,266,2.7,-9900,-9900,0.0,0.0
2023,8,9,10,60,0.0,0.0,0.0,0.0,0.0,5,31.5,23.3,62,988.1,263,3.2,-9900,-9900,0.0,0.0
2023,8,9,11,60,0.0,0.0,0.0,0.0,0.0,5,31.3,24.2,66,987.7,259,3.6,-9900,-9900,0.0,0.0
2023,8,9,12,60,0.0,0.0,0.0,0.0,0.0,5,31.8,24.7,66,987.3,264,3.6,-9900,-9900,0.0,0.0
2023,8,9,13,60,0.0,0.0,0.0,0.0,0.0,5,32.2,23.2,59,986.6,260,3.8,-9900,-9900,0.0,0.0
2023,8,9,14,60,0.0,0.0,0.0,0.0,0.0,5,33.1,22.2,53,986.2,258,4.5,-9900,-9900,0.0,0.0
2023,8,9,15,60,0.0,0.0,0.0,0.0,0.0,5,34.1,22.2,50,986.0,259,2.7,-9900,-9900,0.0,0.0
2023,8,9,16,60,0.0,0.0,0.0,0.0,0.0,5,33.7,23.1,54,986.0,276,1.8,-9900,-9900,0.0,0.0
2023,8,9,17,60,0.0,0.0,0.0,0.0,0.0,5,33.3,23.0,55,986.3,275,2.3,-9900,-9900,0.0,0.0
2023,8,9,18,60,0.0,0.0,0.0,0.0,0.0,5,32.2,23.2,59,986.9,283,2.1,-9900,-9900,0.0,0.0
2023,8,9,19,60,0.0,0.0,0.0,0.0,0.0,5,31.2,23.6,64,987.3,271,1.7,-9900,-9900,0.0,0.0
2023,8,9,20,60,0.0,0.0,0.0,0.0,0.0,5,30.4,24.3,70,987.6,268,1.8,-9900,-9900,0.0,0.0
2023,8,9,21,60,0.0,0.0,0.0,0.0,0.0,5,30.0,24.2,71,988.1,263,1.6,-9900,-9900,0.0,0.0
2023,8,9,22,60,0.0,0.0,0.0,0.0,0.0,5,29.9,23.8,70,988.3,209,0.3,-9900,-9900,0.0,0.0
2023,8,9,23,60,0.0,0.0,0.0,0.0,0.0,5,29.6,24.2,73,988.0,0,0.0,-9900,-9900,0.0,0.0
2023,8,9,24,60,0.0,0.0,0.0,0.0,0.0,5,29.0,24.6,77,987.8,294,1.1,-9900,-9900,0.0,0.0
2023,8,10,1,60,0.0,0.0,0.0,0.0,0.0,5,28.9,24.5,77,987.8,270,1.3,-9900,-9900,0.0,0.0
2023,8,10,2,60,0.0,0.0,0.0,0.0,0.0,5,28.9,24.5,77,987.6,274,0.4,-9900,-9900,0.0,0.0
2023,8,10,3,60,0.0,0.0,0.0,0.0,0.0,5,28.3,23.9,77,987.5,268,0.5,-9900,-9900,0.0,0.0
2023,8,10,4,60,0.0,0.0,0.0,0.0,0.0,5,28.2,23.3,75,987.7,263,1.8,-9900,-9900,0.0,0.0
2023,8,10,5,60,0.0,0.0,0.0,0.0,0.0,5,28.4,23.1,73,987.8,249,0.8,-9900,-9900,0.0,0.0
2023,8,10,6,60,0.0,0.0,0.0,0.0,0.0,5,28.1,23.3,75,987.8,190,0.5,-9900,-9900,0.0,0.0
2023,8,10,7,60,0.0,0.0,0.0,0.0,0.0,5,28.8,23.2,72,988.1,313,0.5,-9900,-9900,0.0,0.0
2023,8,10,8,60,0.0,0.0,0.0,0.0,0.0,5,29.5,23.0,68,988.8,269,0.7,-9900,-9900,0.0,0.0
2023,8,10,9,60,0.0,0.0,0.0,0.0,0.0,5,29.9,23.4,68,989.3,136,2.1,-9900,-9900,0.0,0.0
2023,8,10,10,60,0.0,0.0,0.0,0.0,0.0,5,31.3,23.4,63,989.2,75,0.9,-9900,-9900,0.0,0.0
2023,8,10,11,60,0.0,0.0,0.0,0.0,0.0,5,31.8,23.1,60,988.9,75,1.5,-9900,-9900,0.0,0.0
2023,8,10,12,60,0.0,0.0,0.0,0.0,0.0,5,32.8,24.6,62,988.3,282,1.0,-9900,-9900,0.0,0.0
2023,8,10,13,60,0.0,0.0,0.0,0.0,0.0,5,31.2,25.1,70,987.7,317,2.6,-9900,-9900,0.0,0.0
2023,8,10,14,60,0.0,0.0,0.0,0.0,0.0,5,31.3,25.4,71,986.9,304,1.8,-9900,-9900,0.0,0.0
2023,8,10,15,60,0.0,0.0,0.0,0.0,0.0,5,30.7,25.8,75,986.7,319,3.8,-9900,-9900,0.0,0.0
2023,8,10,16,60,0.0,0.0,0.0,0.0,0.0,5,26.3,24.9,92,987.9,127,1.3,-9900,-9900,0.0,0.0
2023,8,10,17,60,0.0,0.0,0.0,0.0,0.0,5,24.7,24.0,96,988.6,133,2.8,-9900,-9900,0.0,0.0
2023,8,10,18,60,0.0,0.0,0.0,0.0,0.0,5,24.3,23.8,97,989.3,118,1.8,-9900,-9900,0.0,0.0
2023,8,10,19,60,0.0,0.0,0.0,0.0,0.0,5,24.5,23.5,94,989.3,140,1.6,-9900,-9900,0.0,0.0
2023,8,10,20,60,0.0,0.0,0.0,0.0,0.0,5,24.8,23.8,94,988.9,90,1.4,-9900,-9900,0.0,0.0
2023,8,10,21,60,0.0,0.0,0.0,0.0,0.0,5,25.1,23.9,93,989.3,148,1.1,-9900,-9900,0.0,0.0
2023,8,10,22,60,0.0,0.0,0.0,0.0,0.0,5,25.1,23.7,92,989.5,131,2.1,-9900,-9900,0.0,0.0
2023,8,10,23,60,0.0,0.0,0.0,0.0,0.0,5,25.5,23.7,90,989.5,125,1.1,-9900,-9900,0.0,0.0
2023,8,10,24,60,0.0,0.0,0.0,0.0,0.0,5,25.5,23.0,86,988.9,138,1.3,-9900,-9900,0.0,0.0
2023,8,11,1,60,0.0,0.0,0.0,0.0,0.0,5,25.4,23.3,88,988.7,139,1.1,-9900,-9900,0.0,0.0
2023,8,11,2,60,0.0,0.0,0.0,0.0,0.0,5,25.9,23.0,84,988.4,164,0.5,-9900,-9900,0.0,0.0
2023,8,11,3,60,0.0,0.0,0.0,0.0,0.0,5,26.1,23.0,83,988.5,183,0.5,-9900,-9900,0.0,0.0
2023,8,11,4,60,0.0,0.0,0.0,0.0,0.0,5,25.4,23.3,88,988.4,151,0.9,-9900,-9900,0.0,0.0
2023,8,11,5,60,0.0,0.0,0.0,0.0,0.0,5,25.5,23.0,86,988.4,139,0.9,-9900,-9900,0.0,0.0
2023,8,11,6,60,0.0,0.0,0.0,0.0,0.0,5,25.6,23.1,86,988.7,142,1.5,-9900,-9900,0.0,0.0
2023,8,11,7,60,0.0,0.0,0.0,0.0,0.0,5,25.6,23.5,88,989.2,137,1.8,-9900,-9900,0.0,0.0
2023,8,11,8,60,0.0,0.0,0.0,0.0,0.0,5,27.1,23.1,79,989.6,139,0.5,-9900,-9900,0.0,0.0
2023,8,11,9,60,0.0,0.0,0.0,0.0,0.0,5,28.2,23.8,77,989.6,93,1.9,-9900,-9900,0.0,0.0
2023,8,11,10,60,0.0,0.0,0.0,0.0,0.0,5,30.3,23.5,67,989.3,77,1.0,-9900,-9900,0.0,0.0
2023,8,11,11,60,0.0,0.0,0.0,0.0,0.0,5,31.3,23.4,63,989.1,358,1.2,-9900,-9900,0.0,0.0
2023,8,11,12,60,0.0,0.0,0.0,0.0,0.0,5,29.9,24.5,73,988.5,327,2.5,-9900,-9900,0.0,0.0
2023,8,11,13,60,0.0,0.0,0.0,0.0,0.0,5,30.0,24.6,73,987.9,317,3.5,-9900,-9900,0.0,0.0
2023,8,11,14,60,0.0,0.0,0.0,0.0,0.0,5,29.5,24.1,73,987.7,351,1.6,-9900,-9900,0.0,0.0
2023,8,11,15,60,0.0,0.0,0.0,0.0,0.0,5,24.9,23.1,90,988.5,130,3.3,-9900,-9900,0.0,0.0
2023,8,11,16,60,0.0,0.0,0.0,0.0,0.0,5,25.2,24.0,93,987.9,138,1.4,-9900,-9900,0.0,0.0
2023,8,11,17,60,0.0,0.0,0.0,0.0,0.0,5,25.4,24.2,93,987.9,131,1.5,-9900,-9900,0.0,0.0
2023,8,11,18,60,0.0,0.0,0.0,0.0,0.0,5,25.3,23.7,91,988.7,187,0.6,-9900,-9900,0.0,0.0
2023,8,11,19,60,0.0,0.0,0.0,0.0,0.0,5,25.4,24.2,93,989.4,190,1.1,-9900,-9900,0.0,0.0
2023,8,11,20,60,0.0,0.0,0.0,0.0,0.0,5,25.8,24.4,92,990.1,270,0.4,-9900,-9900,0.0,0.0
2023,8,11,21,60,0.0,0.0,0.0,0.0,0.0,5,25.7,24.1,91,990.0,183,0.6,-9900,-9900,0.0,0.0
2023,8,11,22,60,0.0,0.0,0.0,0.0,0.0,5,25.6,24.2,92,989.8,133,0.9,-9900,-9900,0.0,0.0
2023,8,11,23,60,0.0,0.0,0.0,0.0,0.0,5,25.0,23.8,93,989.6,136,2.2,-9900,-9900,0.0,0.0
2023,8,11,24,60,0.0,0.0,0.0,0.0,0.0,5,24.9,23.9,94,989.2,136,1.5,-9900,-9900,0.0,0.0
2023,8,12,1,60,0.0,0.0,0.0,0.0,0.0,5,25.3,23.9,92,989.1,158,0.5,-9900,-9900,0.0,0.0
2023,8,12,2,60,0.0,0.0,0.0,0.0,0.0,5,25.4,23.3,88,988.7,153,0.8,-9900,-9900,0.0,0.0
2023,8,12,3,60,0.0,0.0,0.0,0.0,0.0,5,25.7,23.0,85,988.6,140,0.9,-9900,-9900,0.0,0.0
2023,8,12,4,60,0.0,0.0,0.0,0.0,0.0,5,25.1,23.2,89,988.8,130,1.7,-9900,-9900,0.0,0.0
2023,8,12,5,60,0.0,0.0,0.0,0.0,0.0,5,24.8,23.6,93,988.7,133,1.5,-9900,-9900,0.0,0.0
2023,8,12,6,60,0.0,0.0,0.0,0.0,0.0,5,24.6,23.4,93,988.9,134,1.3,-9900,-9900,0.0,0.0
2023,8,12,7,60,0.0,0.0,0.0,0.0,0.0,5,25.5,23.7,90,989.1,141,1.3,-9900,-9900,0.0,0.0
2023,8,12,8,60,0.0,0.0,0.0,0.0,0.0,5,27.9,23.5,77,989.3,127,0.3,-9900,-9900,0.0,0.0
2023,8,12,9,60,0.0,0.0,0.0,0.0,0.0,5,29.1,23.5,72,989.4,192,0.4,-9900,-9900,0.0,0.0
2023,8,12,10,60,0.0,0.0,0.0,0.0,0.0,5,30.8,23.7,66,989.4,143,0.5,-9900,-9900,0.0,0.0
2023,8,12,11,60,0.0,0.0,0.0,0.0,0.0,5,31.7,23.0,60,989.3,266,2.6,-9900,-9900,0.0,0.0
2023,8,12,12,60,0.0,0.0,0.0,0.0,0.0,5,31.3,24.2,66,989.0,274,1.5,-9900,-9900,0.0,0.0
2023,8,12,13,60,0.0,0.0,0.0,0.0,0.0,5,31.8,24.4,65,988.5,297,2.5,-9900,-9900,0.0,0.0
2023,8,12,14,60,0.0,0.0,0.0,0.0,0.0,5,32.3,24.6,64,987.9,263,1.7,-9900,-9900,0.0,0.0
2023,8,12,15,60,0.0,0.0,0.0,0.0,0.0,5,32.6,24.6,63,987.3,271,1.4,-9900,-9900,0.0,0.0
2023,8,12,16,60,0.0,0.0,0.0,0.0,0.0,5,33.0,24.8,62,987.1,299,0.9,-9900,-9900,0.0,0.0
2023,8,12,17,60,0.0,0.0,0.0,0.0,0.0,5,31.0,24.4,68,987.3,88,2.0,-9900,-9900,0.0,0.0
2023,8,12,18,60,0.0,0.0,0.0,0.0,0.0,5,30.6,23.8,67,987.7,270,2.4,-9900,-9900,0.0,0.0
2023,8,12,19,60,0.0,0.0,0.0,0.0,0.0,5,29.4,24.1,73,988.0,273,1.2,-9900,-9900,0.0,0.0
2023,8,12,20,60,0.0,0.0,0.0,0.0,0.0,5,29.1,24.4,76,988.5,278,1.4,-9900,-9900,0.0,0.0
2023,8,12,21,60,0.0,0.0,0.0,0.0,0.0,5,29.0,24.8,78,989.4,264,1.4,-9900,-9900,0.0,0.0
2023,8,12,22,60,0.0,0.0,0.0,0.0,0.0,5,29.0,24.8,78,989.5,267,0.7,-9900,-9900,0.0,0.0
2023,8,12,23,60,0.0,0.0,0.0,0.0,0.0,5,28.8,24.4,77,989.5,272,1.2,-9900,-9900,0.0,0.0
2023,8,12,24,60,0.0,0.0,0.0,0.0,0.0,5,27.9,24.9,84,989.1,132,2.7,-9900,-9900,0.0,0.0
2023,8,13,1,60,0.0,0.0,0.0,0.0,0.0,5,27.6,24.2,82,988.2,105,1.5,-9900,-9900,0.0,0.0
2023,8,13,2,60,0.0,0.0,0.0,0.0,0.0,5,27.4,24.1,82,988.2,104,0.3,-9900,-9900,0.0,0.0
2023,8,13,3,60,0.0,0.0,0.0,0.0,0.0,5,27.0,24.3,85,988.1,130,2.0,-9900,-9900,0.0,0.0
2023,8,13,4,60,0.0,0.0,0.0,0.0,0.0,5,27.2,23.9,82,987.9,147,0.4,-9900,-9900,0.0,0.0
2023,8,13,5,60,0.0,0.0,0.0,0.0,0.0,5,26.8,23.9,84,987.8,154,0.8,-9900,-9900,0.0,0.0
2023,8,13,6,60,0.0,0.0,0.0,0.0,0.0,5,26.7,23.8,84,987.9,130,1.5,-9900,-9900,0.0,0.0
2023,8,13,7,60,0.0,0.0,0.0,0.0,0.0,5,27.3,24.0,82,988.3,133,1.7,-9900,-9900,0.0,0.0
2023,8,13,8,60,0.0,0.0,0.0,0.0,0.0,5,29.2,23.9,73,988.9,128,1.2,-9900,-9900,0.0,0.0
2023,8,13,9,60,0.0,0.0,0.0,0.0,0.0,5,31.1,23.2,63,989.1,174,0.3,-9900,-9900,0.0,0.0
2023,8,13,10,60,0.0,0.0,0.0,0.0,0.0,5,32.5,23.7,60,989.0,183,0.4,-9900,-9900,0.0,0.0
2023,8,13,11,60,0.0,0.0,0.0,0.0,0.0,5,32.4,23.6,60,988.8,278,2.6,-9900,-9900,0.0,0.0
2023,8,13,12,60,0.0,0.0,0.0,0.0,0.0,5,31.9,24.8,66,988.2,280,3.1,-9900,-9900,0.0,0.0
2023,8,13,13,60,0.0,0.0,0.0,0.0,0.0,5,33.2,22.0,52,987.6,259,4.2,-9900,-9900,0.0,0.0
2023,8,13,14,60,0.0,0.0,0.0,0.0,0.0,5,33.4,23.7,57,986.9,282,2.9,-9900,-9900,0.0,0.0
2023,8,13,15,60,0.0,0.0,0.0,0.0,0.0,5,33.1,24.3,60,986.7,270,3.1,-9900,-9900,0.0,0.0
2023,8,13,16,60,0.0,0.0,0.0,0.0,0.0,5,31.2,24.8,69,986.9,263,3.4,-9900,-9900,0.0,0.0
2023,8,13,17,60,0.0,0.0,0.0,0.0,0.0,5,31.1,24.7,69,986.7,259,2.3,-9900,-9900,0.0,0.0
2023,8,13,18,60,0.0,0.0,0.0,0.0,0.0,5,30.6,25.0,72,987.1,266,1.6,-9900,-9900,0.0,0.0
2023,8,13,19,60,0.0,0.0,0.0,0.0,0.0,5,30.7,22.6,62,987.8,270,1.7,-9900,-9900,0.0,0.0
2023,8,13,20,60,0.0,0.0,0.0,0.0,0.0,5,30.2,22.6,64,988.2,196,1.0,-9900,-9900,0.0,0.0
2023,8,13,21,60,0.0,0.0,0.0,0.0,0.0,5,30.0,22.7,65,988.7,196,0.4,-9900,-9900,0.0,0.0
2023,8,13,22,60,0.0,0.0,0.0,0.0,0.0,5,29.8,23.3,68,988.7,0,0.0,-9900,-9900,0.0,0.0
2023,8,13,23,60,0.0,0.0,0.0,0.0,0.0,5,29.0,23.7,73,988.9,109,0.7,-9900,-9900,0.0,0.0
2023,8,13,24,60,0.0,0.0,0.0,0.0,0.0,5,29.0,23.2,71,989.0,107,0.4,-9900,-9900,0.0,0.0
2023,8,14,1,60,0.0,0.0,0.0,0.0,0.0,5,28.4,23.8,76,988.7,123,1.5,-9900,-9900,0.0,0.0
2023,8,14,2,60,0.0,0.0,0.0,0.0,0.0,5,28.6,23.7,75,988.3,165,0.4,-9900,-9900,0.0,0.0
2023,8,14,3,60,0.0,0.0,0.0,0.0,0.0,5,28.1,23.5,76,988.4,181,0.4,-9900,-9900,0.0,0.0
2023,8,14,4,60,0.0,0.0,0.0,0.0,0.0,5,28.1,22.8,73,988.1,264,1.9,-9900,-9900,0.0,0.0
2023,8,14,5,60,0.0,0.0,0.0,0.0,0.0,5,27.8,23.2,76,988.0,215,0.6,-9900,-9900,0.0,0.0
2023,8,14,6,60,0.0,0.0,0.0,0.0,0.0,5,27.6,23.0,76,988.4,190,1.1,-9900,-9900,0.0,0.0
2023,8,14,7,60,0.0,0.0,0.0,0.0,0.0,5,29.1,23.1,70,989.0,264,0.3,-9900,-9900,0.0,0.0
2023,8,14,8,60,0.0,0.0,0.0,0.0,0.0,5,30.7,23.1,64,989.3,264,2.3,-9900,-9900,0.0,0.0
2023,8,14,9,60,0.0,0.0,0.0,0.0,0.0,5,31.4,23.5,63,989.2,264,2.1,-9900,-9900,0.0,0.0
2023,8,14,10,60,0.0,0.0,0.0,0.0,0.0,5,31.6,22.9,60,989.2,265,3.6,-9900,-9900,0.0,0.0
2023,8,14,11,60,0.0,0.0,0.0,0.0,0.0,5,32.0,23.0,59,989.1,263,4.4,-9900,-9900,0.0,0.0
2023,8,14,12,60,0.0,0.0,0.0,0.0,0.0,5,32.6,23.5,59,988.7,263,3.7,-9900,-9900,0.0,0.0
2023,8,14,13,60,0.0,0.0,0.0,0.0,0.0,5,31.5,23.9,64,988.6,263,3.8,-9900,-9900,0.0,0.0
2023,8,14,14,60,0.0,0.0,0.0,0.0,0.0,5,32.6,23.3,58,987.9,261,3.2,-9900,-9900,0.0,0.0
2023,8,14,15,60,0.0,0.0,0.0,0.0,0.0,5,32.6,23.3,58,987.5,266,3.2,-9900,-9900,0.0,0.0
2023,8,14,16,60,0.0,0.0,0.0,0.0,0.0,5,32.6,23.0,57,987.3,258,3.5,-9900,-9900,0.0,0.0
2023,8,14,17,60,0.0,0.0,0.0,0.0,0.0,5,32.5,22.0,54,987.2,264,2.0,-9900,-9900,0.0,0.0
2023,8,14,18,60,0.0,0.0,0.0,0.0,0.0,5,32.1,21.3,53,987.3,260,2.9,-9900,-9900,0.0,0.0
2023,8,14,19,60,0.0,0.0,0.0,0.0,0.0,5,31.7,21.0,53,987.2,261,2.6,-9900,-9900,0.0,0.0
2023,8,14,20,60,0.0,0.0,0.0,0.0,0.0,5,32.0,20.6,51,987.9,262,1.9,-9900,-9900,0.0,0.0
2023,8,14,21,60,0.0,0.0,0.0,0.0,0.0,5,31.3,20.9,54,988.7,266,2.1,-9900,-9900,0.0,0.0
2023,8,14,22,60,0.0,0.0,0.0,0.0,0.0,5,30.4,21.8,60,988.7,265,1.9,-9900,-9900,0.0,0.0
2023,8,14,23,60,0.0,0.0,0.0,0.0,0.0,5,29.8,21.7,62,988.7,265,1.8,-9900,-9900,0.0,0.0
2023,8,14,24,60,0.0,0.0,0.0,0.0,0.0,5,29.6,22.3,65,989.1,267,3.3,-9900,-9900,0.0,0.0
2023,8,15,1,60,0.0,0.0,0.0,0.0,0.0,5,28.8,23.2,72,989.1,262,4.2,-9900,-9900,0.0,0.0
2023,8,15,2,60,0.0,0.0,0.0,0.0,0.0,5,28.6,23.3,73,988.5,260,3.0,-9900,-9900,0.0,0.0
2023,8,15,3,60,0.0,0.0,0.0,0.0,0.0,5,28.2,24.0,78,988.7,265,2.8,-9900,-9900,0.0,0.0
2023,8,15,4,60,0.0,0.0,0.0,0.0,0.0,5,28.1,23.9,78,989.1,262,3.4,-9900,-9900,0.0,0.0
2023,8,15,5,60,0.0,0.0,0.0,0.0,0.0,5,28.1,23.7,77,989.1,263,2.8,-9900,-9900,0.0,0.0
2023,8,15,6,60,0.0,0.0,0.0,0.0,0.0,5,28.4,23.5,75,989.5,262,1.6,-9900,-9900,0.0,0.0
2023,8,15,7,60,0.0,0.0,0.0,0.0,0.0,5,29.0,23.7,73,990.1,266,1.8,-9900,-9900,0.0,0.0
2023,8,15,8,60,0.0,0.0,0.0,0.0,0.0,5,29.7,24.1,72,990.3,261,3.6,-9900,-9900,0.0,0.0
2023,8,15,9,60,0.0,0.0,0.0,0.0,0.0,5,30.7,24.8,71,990.5,262,2.8,-9900,-9900,0.0,0.0
2023,8,15,10,60,0.0,0.0,0.0,0.0,0.0,5,31.3,24.2,66,990.5,264,2.9,-9900,-9900,0.0,0.0
2023,8,15,11,60,0.0,0.0,0.0,0.0,0.0,5,32.3,23.5,60,990.0,263,3.1,-9900,-9900,0.0,0.0
2023,8,15,12,60,0.0,0.0,0.0,0.0,0.0,5,33.1,23.4,57,989.4,261,3.8,-9900,-9900,0.0,0.0
2023,8,15,13,60,0.0,0.0,0.0,0.0,0.0,5,34.0,23.4,54,988.5,261,2.2,-9900,-9900,0.0,0.0
2023,8,15,14,60,0.0,0.0,0.0,0.0,0.0,5,33.9,23.0,53,987.6,259,3.2,-9900,-9900,0.0,0.0
2023,8,15,15,60,0.0,0.0,0.0,0.0,0.0,5,34.0,23.4,54,987.2,270,2.6,-9900,-9900,0.0,0.0
2023,8,15,16,60,0.0,0.0,0.0,0.0,0.0,5,33.2,23.5,57,987.1,266,3.2,-9900,-9900,0.0,0.0
2023,8,15,17,60,0.0,0.0,0.0,0.0,0.0,5,33.4,22.8,54,987.8,270,3.7,-9900,-9900,0.0,0.0
2023,8,15,18,60,0.0,0.0,0.0,0.0,0.0,5,31.6,24.0,64,988.0,274,3.0,-9900,-9900,0.0,0.0
2023,8,15,19,60,0.0,0.0,0.0,0.0,0.0,5,31.0,23.7,65,988.7,270,2.8,-9900,-9900,0.0,0.0
2023,8,15,20,60,0.0,0.0,0.0,0.0,0.0,5,30.4,24.3,70,989.4,271,2.6,-9900,-9900,0.0,0.0
2023,8,15,21,60,0.0,0.0,0.0,0.0,0.0,5,30.2,23.6,68,990.2,269,3.2,-9900,-9900,0.0,0.0
2023,8,15,22,60,0.0,0.0,0.0,0.0,0.0,5,30.3,23.7,68,990.1,261,3.5,-9900,-9900,0.0,0.0
2023,8,15,23,60,0.0,0.0,0.0,0.0,0.0,5,30.2,22.6,64,989.8,260,2.8,-9900,-9900,0.0,0.0
2023,8,15,24,60,0.0,0.0,0.0,0.0,0.0,5,29.9,22.1,63,989.6,262,2.3,-9900,-9900,0.0,0.0
2023,8,16,1,60,0.0,0.0,0.0,0.0,0.0,5,29.7,22.4,65,988.9,260,2.8,-9900,-9900,0.0,0.0
2023,8,16,2,60,0.0,0.0,0.0,0.0,0.0,5,29.5,22.2,65,988.9,265,3.0,-9900,-9900,0.0,0.0
2023,8,16,3,60,0.0,0.0,0.0,0.0,0.0,5,29.1,22.8,69,988.5,260,2.2,-9900,-9900,0.0,0.0
2023,8,16,4,60,0.0,0.0,0.0,0.0,0.0,5,28.4,24.2,78,988.7,264,4.4,-9900,-9900,0.0,0.0
2023,8,16,5,60,0.0,0.0,0.0,0.0,0.0,5,27.7,23.3,77,988.2,259,1.0,-9900,-9900,0.0,0.0
2023,8,16,6,60,0.0,0.0,0.0,0.0,0.0,5,27.9,23.9,79,988.7,264,3.2,-9900,-9900,0.0,0.0
2023,8,16,7,60,0.0,0.0,0.0,0.0,0.0,5,28.5,24.3,78,989.9,266,3.3,-9900,-9900,0.0,0.0
2023,8,16,8,60,0.0,0.0,0.0,0.0,0.0,5,28.1,24.5,81,990.6,229,0.6,-9900,-9900,0.0,0.0
2023,8,16,9,60,0.0,0.0,0.0,0.0,0.0,5,28.4,25.4,84,991.2,317,2.4,-9900,-9900,0.0,0.0
2023,8,16,10,60,0.0,0.0,0.0,0.0,0.0,5,23.4,22.7,96,991.6,53,2.7,-9900,-9900,0.0,0.0
2023,8,16,11,60,0.0,0.0,0.0,0.0,0.0,5,25.0,24.5,97,991.2,37,1.3,-9900,-9900,0.0,0.0
2023,8,16,12,60,0.0,0.0,0.0,0.0,0.0,5,25.4,24.9,97,990.4,352,0.3,-9900,-9900,0.0,0.0
2023,8,16,13,60,0.0,0.0,0.0,0.0,0.0,5,25.8,24.8,94,989.6,175,0.5,-9900,-9900,0.0,0.0
2023,8,16,14,60,0.0,0.0,0.0,0.0,0.0,5,26.9,23.8,83,989.3,269,0.6,-9900,-9900,0.0,0.0
2023,8,16,15,60,0.0,0.0,0.0,0.0,0.0,5,27.3,24.0,82,988.7,175,0.8,-9900,-9900,0.0,0.0
2023,8,16,16,60,0.0,0.0,0.0,0.0,0.0,5,28.2,23.8,77,988.6,260,1.2,-9900,-9900,0.0,0.0
2023,8,16,17,60,0.0,0.0,0.0,0.0,0.0,5,27.9,23.3,76,988.7,261,2.2,-9900,-9900,0.0,0.0
2023,8,16,18,60,0.0,0.0,0.0,0.0,0.0,5,28.3,22.8,72,988.9,264,1.2,-9900,-9900,0.0,0.0
2023,8,16,19,60,0.0,0.0,0.0,0.0,0.0,5,27.0,24.6,87,989.0,131,1.9,-9900,-9900,0.0,0.0
2023,8,16,20,60,0.0,0.0,0.0,0.0,0.0,5,27.3,24.4,84,989.4,129,1.0,-9900,-9900,0.0,0.0
2023,8,16,21,60,0.0,0.0,0.0,0.0,0.0,5,27.8,24.0,80,990.2,258,0.5,-9900,-9900,0.0,0.0
2023,8,16,22,60,0.0,0.0,0.0,0.0,0.0,5,27.6,23.6,79,990.2,264,0.5,-9900,-9900,0.0,0.0
2023,8,16,23,60,0.0,0.0,0.0,0.0,0.0,5,27.3,23.8,81,990.2,271,0.8,-9900,-9900,0.0,0.0
2023,8,16,24,60,0.0,0.0,0.0,0.0,0.0,5,27.1,23.6,81,989.8,259,1.1,-9900,-9900,0.0,0.0
2023,8,17,1,60,0.0,0.0,0.0,0.0,0.0,5,26.2,23.9,87,989.2,0,0.0,-9900,-9900,0.0,0.0
2023,8,17,2,60,0.0,0.0,0.0,0.0,0.0,5,26.5,23.4,83,988.5,0,0.0,-9900,-9900,0.0,0.0
2023,8,17,3,60,0.0,0.0,0.0,0.0,0.0,5,25.6,23.8,90,988.1,129,1.8,-9900,-9900,0.0,0.0
2023,8,17,4,60,0.0,0.0,0.0,0.0,0.0,5,25.3,23.7,91,988.2,128,1.4,-9900,-9900,0.0,0.0
2023,8,17,5,60,0.0,0.0,0.0,0.0,0.0,5,25.1,23.3,90,988.5,138,1.6,-9900,-9900,0.0,0.0
2023,8,17,6,60,0.0,0.0,0.0,0.0,0.0,5,25.4,23.5,89,988.8,143,0.8,-9900,-9900,0.0,0.0
2023,8,17,7,60,0.0,0.0,0.0,0.0,0.0,5,27.5,23.5,79,989.4,0,0.0,-9900,-9900,0.0,0.0
2023,8,17,8,60,0.0,0.0,0.0,0.0,0.0,5,29.6,23.5,70,989.6,0,0.0,-9900,-9900,0.0,0.0
2023,8,17,9,60,0.0,0.0,0.0,0.0,0.0,5,30.6,24.3,69,989.6,259,0.4,-9900,-9900,0.0,0.0
2023,8,17,10,60,0.0,0.0,0.0,0.0,0.0,5,30.8,24.7,70,989.8,289,0.9,-9900,-9900,0.0,0.0
2023,8,17,11,60,0.0,0.0,0.0,0.0,0.0,5,31.4,25.0,69,989.4,290,1.0,-9900,-9900,0.0,0.0
2023,8,17,12,60,0.0,0.0,0.0,0.0,0.0,5,31.8,24.9,67,988.4,292,1.6,-9900,-9900,0.0,0.0
2023,8,17,13,60,0.0,0.0,0.0,0.0,0.0,5,31.5,24.9,68,987.8,276,1.4,-9900,-9900,0.0,0.0
2023,8,17,14,60,0.0,0.0,0.0,0.0,0.0,5,32.1,24.9,66,987.4,299,1.1,-9900,-9900,0.0,0.0
2023,8,17,15,60,0.0,0.0,0.0,0.0,0.0,5,30.6,25.0,72,986.8,68,1.5,-9900,-9900,0.0,0.0
2023,8,17,16,60,0.0,0.0,0.0,0.0,0.0,5,22.1,21.3,95,987.5,127,4.8,-9900,-9900,0.0,0.0
2023,8,17,17,60,0.0,0.0,0.0,0.0,0.0,5,25.4,20.2,73,988.2,0,0.0,-9900,-9900,0.0,0.0
2023,8,17,18,60,0.0,0.0,0.0,0.0,0.0,5,26.2,22.1,78,988.5,256,0.4,-9900,-9900,0.0,0.0
2023,8,17,19,60,0.0,0.0,0.0,0.0,0.0,5,26.5,23.6,84,989.7,263,2.0,-9900,-9900,0.0,0.0
2023,8,17,20,60,0.0,0.0,0.0,0.0,0.0,5,23.0,21.5,91,988.6,0,0.0,-9900,-9900,0.0,0.0
2023,8,17,21,60,0.0,0.0,0.0,0.0,0.0,5,23.8,22.4,92,988.7,134,1.2,-9900,-9900,0.0,0.0
2023,8,17,22,60,0.0,0.0,0.0,0.0,0.0,5,24.4,23.0,92,989.6,117,1.4,-9900,-9900,0.0,0.0
2023,8,17,23,60,0.0,0.0,0.0,0.0,0.0,5,24.6,23.4,93,989.5,136,1.2,-9900,-9900,0.0,0.0
2023,8,17,24,60,0.0,0.0,0.0,0.0,0.0,5,24.6,23.2,92,989.3,125,1.9,-9900,-9900,0.0,0.0
2023,8,18,1,60,0.0,0.0,0.0,0.0,0.0,5,25.3,23.4,89,989.0,119,1.2,-9900,-9900,0.0,0.0
2023,8,18,2,60,0.0,0.0,0.0,0.0,0.0,5,24.8,23.4,92,988.4,147,1.1,-9900,-9900,0.0,0.0
2023,8,18,3,60,0.0,0.0,0.0,0.0,0.0,5,22.7,22.2,97,988.9,271,2.3,-9900,-9900,0.0,0.0
2023,8,18,4,60,0.0,0.0,0.0,0.0,0.0,5,23.3,22.1,93,989.1,153,1.3,-9900,-9900,0.0,0.0
2023,8,18,5,60,0.0,0.0,0.0,0.0,0.0,5,23.2,22.0,93,988.7,125,2.1,-9900,-9900,0.0,0.0
2023,8,18,6,60,0.0,0.0,0.0,0.0,0.0,5,23.5,22.3,93,988.0,97,1.4,-9900,-9900,0.0,0.0
2023,8,18,7,60,0.0,0.0,0.0,0.0,0.0,5,24.1,22.4,90,989.1,131,1.7,-9900,-9900,0.0,0.0
2023,8,18,8,60,0.0,0.0,0.0,0.0,0.0,5,25.1,23.2,89,989.7,134,1.3,-9900,-9900,0.0,0.0
2023,8,18,9,60,0.0,0.0,0.0,0.0,0.0,5,25.4,23.8,91,990.0,140,0.8,-9900,-9900,0.0,0.0
2023,8,18,10,60,0.0,0.0,0.0,0.0,0.0,5,28.4,22.9,72,989.5,141,0.4,-9900,-9900,0.0,0.0
2023,8,18,11,60,0.0,0.0,0.0,0.0,0.0,5,30.3,21.7,60,988.9,54,0.9,-9900,-9900,0.0,0.0
2023,8,18,12,60,0.0,0.0,0.0,0.0,0.0,5,31.5,21.7,56,988.5,47,0.7,-9900,-9900,0.0,0.0
2023,8,18,13,60,0.0,0.0,0.0,0.0,0.0,5,30.6,24.0,68,988.3,353,2.5,-9900,-9900,0.0,0.0
2023,8,18,14,60,0.0,0.0,0.0,0.0,0.0,5,30.6,23.5,66,988.1,18,2.0,-9900,-9900,0.0,0.0
2023,8,18,15,60,0.0,0.0,0.0,0.0,0.0,5,29.6,22.6,66,988.3,339,1.8,-9900,-9900,0.0,0.0
2023,8,18,16,60,0.0,0.0,0.0,0.0,0.0,5,26.9,22.1,75,988.4,134,2.6,-9900,-9900,0.0,0.0
2023,8,18,17,60,0.0,0.0,0.0,0.0,0.0,5,27.6,22.1,72,988.0,138,1.3,-9900,-9900,0.0,0.0
2023,8,18,18,60,0.0,0.0,0.0,0.0,0.0,5,29.0,22.7,69,988.8,0,0.0,-9900,-9900,0.0,0.0
2023,8,18,19,60,0.0,0.0,0.0,0.0,0.0,5,27.6,22.3,73,989.6,169,0.3,-9900,-9900,0.0,0.0
2023,8,18,20,60,0.0,0.0,0.0,0.0,0.0,5,27.3,22.9,77,990.0,170,0.4,-9900,-9900,0.0,0.0
2023,8,18,21,60,0.0,0.0,0.0,0.0,0.0,5,27.1,22.9,78,990.4,180,0.5,-9900,-9900,0.0,0.0
2023,8,18,22,60,0.0,0.0,0.0,0.0,0.0,5,26.6,22.0,76,990.6,134,1.2,-9900,-9900,0.0,0.0
2023,8,18,23,60,0.0,0.0,0.0,0.0,0.0,5,26.1,22.6,81,990.9,144,1.1,-9900,-9900,0.0,0.0
2023,8,18,24,60,0.0,0.0,0.0,0.0,0.0,5,26.2,21.6,76,991.2,193,0.3,-9900,-9900,0.0,0.0
2023,8,19,1,60,0.0,0.0,0.0,0.0,0.0,5,26.0,21.2,75,991.1,156,0.3,-9900,-9900,0.0,0.0
2023,8,19,2,60,0.0,0.0,0.0,0.0,0.0,5,25.5,21.6,79,990.5,135,1.7,-9900,-9900,0.0,0.0
2023,8,19,3,60,0.0,0.0,0.0,0.0,0.0,5,25.0,22.1,84,990.1,134,1.4,-9900,-9900,0.0,0.0
2023,8,19,4,60,0.0,0.0,0.0,0.0,0.0,5,24.7,22.2,86,990.3,133,1.6,-9900,-9900,0.0,0.0
2023,8,19,5,60,0.0,0.0,0.0,0.0,0.0,5,24.7,22.4,87,990.4,91,1.5,-9900,-9900,0.0,0.0
2023,8,19,6,60,0.0,0.0,0.0,0.0,0.0,5,24.6,22.3,87,991.2,124,1.9,-9900,-9900,0.0,0.0
2023,8,19,7,60,0.0,0.0,0.0,0.0,0.0,5,25.6,22.5,83,991.3,141,1.5,-9900,-9900,0.0,0.0
2023,8,19,8,60,0.0,0.0,0.0,0.0,0.0,5,27.5,22.5,74,991.8,137,1.0,-9900,-9900,0.0,0.0
2023,8,19,9,60,0.0,0.0,0.0,0.0,0.0,5,31.1,22.4,60,992.2,0,0.0,-9900,-9900,0.0,0.0
2023,8,19,10,60,0.0,0.0,0.0,0.0,0.0,5,30.4,22.3,62,992.4,89,0.4,-9900,-9900,0.0,0.0
2023,8,19,11,60,0.0,0.0,0.0,0.0,0.0,5,31.0,23.4,64,991.9,9,1.6,-9900,-9900,0.0,0.0
2023,8,19,12,60,0.0,0.0,0.0,0.0,0.0,5,29.0,24.1,75,991.8,20,1.1,-9900,-9900,0.0,0.0
2023,8,19,13,60,0.0,0.0,0.0,0.0,0.0,5,30.0,24.4,72,990.9,16,0.6,-9900,-9900,0.0,0.0
2023,8,19,14,60,0.0,0.0,0.0,0.0,0.0,5,30.7,23.4,65,990.3,59,1.1,-9900,-9900,0.0,0.0
2023,8,19,15,60,0.0,0.0,0.0,0.0,0.0,5,30.9,23.0,63,990.3,351,1.6,-9900,-9900,0.0,0.0
2023,8,19,16,60,0.0,0.0,0.0,0.0,0.0,5,28.6,24.8,80,990.2,3,2.0,-9900,-9900,0.0,0.0
2023,8,19,17,60,0.0,0.0,0.0,0.0,0.0,5,28.6,25.0,81,990.4,338,1.1,-9900,-9900,0.0,0.0
2023,8,19,18,60,0.0,0.0,0.0,0.0,0.0,5,24.2,23.2,94,991.8,136,4.7,-9900,-9900,0.0,0.0
2023,8,19,19,60,0.0,0.0,0.0,0.0,0.0,5,24.4,23.2,93,991.7,111,0.8,-9900,-9900,0.0,0.0
2023,8,19,20,60,0.0,0.0,0.0,0.0,0.0,5,26.0,22.9,83,992.1,127,0.8,-9900,-9900,0.0,0.0
2023,8,19,21,60,0.0,0.0,0.0,0.0,0.0,5,25.8,23.3,86,992.6,122,2.1,-9900,-9900,0.0,0.0
2023,8,19,22,60,0.0,0.0,0.0,0.0,0.0,5,25.6,23.5,88,993.1,127,2.3,-9900,-9900,0.0,0.0
2023,8,19,23,60,0.0,0.0,0.0,0.0,0.0,5,25.8,23.3,86,992.8,131,1.4,-9900,-9900,0.0,0.0
2023,8,19,24,60,0.0,0.0,0.0,0.0,0.0,5,26.1,23.8,87,992.8,0,0.0,-9900,-9900,0.0,0.0
2023,8,20,1,60,0.0,0.0,0.0,0.0,0.0,5,26.1,23.6,86,992.5,169,0.3,-9900,-9900,0.0,0.0
2023,8,20,2,60,0.0,0.0,0.0,0.0,0.0,5,26.4,23.5,84,992.5,0,0.0,-9900,-9900,0.0,0.0
2023,8,20,3,60,0.0,0.0,0.0,0.0,0.0,5,25.7,23.9,90,992.3,102,0.8,-9900,-9900,0.0,0.0
2023,8,20,4,60,0.0,0.0,0.0,0.0,0.0,5,26.4,23.5,84,992.0,131,0.5,-9900,-9900,0.0,0.0
2023,8,20,5,60,0.0,0.0,0.0,0.0,0.0,5,26.3,23.4,84,992.1,263,0.9,-9900,-9900,0.0,0.0
2023,8,20,6,60,0.0,0.0,0.0,0.0,0.0,5,25.9,23.6,87,993.0,157,0.3,-9900,-9900,0.0,0.0
2023,8,20,7,60,0.0,0.0,0.0,0.0,0.0,5,26.6,23.3,82,993.4,125,1.4,-9900,-9900,0.0,0.0
2023,8,20,8,60,0.0,0.0,0.0,0.0,0.0,5,28.5,23.6,75,993.5,81,1.3,-9900,-9900,0.0,0.0
2023,8,20,9,60,0.0,0.0,0.0,0.0,0.0,5,29.0,23.7,73,993.7,10,0.4,-9900,-9900,0.0,0.0
2023,8,20,10,60,0.0,0.0,0.0,0.0,0.0,5,29.8,23.5,69,993.9,278,1.4,-9900,-9900,0.0,0.0
2023,8,20,11,60,0.0,0.0,0.0,0.0,0.0,5,31.1,23.0,62,993.7,246,1.2,-9900,-9900,0.0,0.0
2023,8,20,12,60,0.0,0.0,0.0,0.0,0.0,5,30.8,24.0,67,993.3,307,2.2,-9900,-9900,0.0,0.0
2023,8,20,13,60,0.0,0.0,0.0,0.0,0.0,5,30.8,24.0,67,992.7,282,2.4,-9900,-9900,0.0,0.0
2023,8,20,14,60,0.0,0.0,0.0,0.0,0.0,5,29.7,24.3,73,992.5,283,2.7,-9900,-9900,0.0,0.0
2023,8,20,15,60,0.0,0.0,0.0,0.0,0.0,5,28.1,24.1,79,993.3,337,1.9,-9900,-9900,0.0,0.0
2023,8,20,16,60,0.0,0.0,0.0,0.0,0.0,5,24.7,24.2,97,993.6,95,1.8,-9900,-9900,0.0,0.0
2023,8,20,17,60,0.0,0.0,0.0,0.0,0.0,5,25.0,24.1,95,993.0,92,2.2,-9900,-9900,0.0,0.0
2023,8,20,18,60,0.0,0.0,0.0,0.0,0.0,5,25.6,24.4,93,992.9,137,1.8,-9900,-9900,0.0,0.0
2023,8,20,19,60,0.0,0.0,0.0,0.0,0.0,5,26.0,24.4,91,993.0,142,1.2,-9900,-9900,0.0,0.0
2023,8,20,20,60,0.0,0.0,0.0,0.0,0.0,5,25.9,24.5,92,993.6,127,1.9,-9900,-9900,0.0,0.0
2023,8,20,21,60,0.0,0.0,0.0,0.0,0.0,5,25.8,24.4,92,993.9,130,2.0,-9900,-9900,0.0,0.0
2023,8,20,22,60,0.0,0.0,0.0,0.0,0.0,5,26.2,24.2,89,994.0,147,1.2,-9900,-9900,0.0,0.0
2023,8,20,23,60,0.0,0.0,0.0,0.0,0.0,5,26.0,24.2,90,993.7,133,1.3,-9900,-9900,0.0,0.0
2023,8,20,24,60,0.0,0.0,0.0,0.0,0.0,5,25.8,23.5,87,993.3,124,2.0,-9900,-9900,0.0,0.0
2023,8,21,1,60,0.0,0.0,0.0,0.0,0.0,5,26.1,23.2,84,993.2,0,0.0,-9900,-9900,0.0,0.0
2023,8,21,2,60,0.0,0.0,0.0,0.0,0.0,5,26.5,23.4,83,993.1,267,0.4,-9900,-9900,0.0,0.0
2023,8,21,3,60,0.0,0.0,0.0,0.0,0.0,5,25.6,23.5,88,992.8,156,0.9,-9900,-9900,0.0,0.0
2023,8,21,4,60,0.0,0.0,0.0,0.0,0.0,5,25.7,23.2,86,992.8,219,0.3,-9900,-9900,0.0,0.0
2023,8,21,5,60,0.0,0.0,0.0,0.0,0.0,5,25.6,23.3,87,992.9,153,1.0,-9900,-9900,0.0,0.0
2023,8,21,6,60,0.0,0.0,0.0,0.0,0.0,5,26.1,23.4,85,993.1,0,0.0,-9900,-9900,0.0,0.0
2023,8,21,7,60,0.0,0.0,0.0,0.0,0.0,5,26.4,23.3,83,993.4,130,1.8,-9900,-9900,0.0,0.0
2023,8,21,8,60,0.0,0.0,0.0,0.0,0.0,5,28.5,23.9,76,993.2,130,0.4,-9900,-9900,0.0,0.0
2023,8,21,9,60,0.0,0.0,0.0,0.0,0.0,5,29.3,24.4,75,993.1,287,0.9,-9900,-9900,0.0,0.0
2023,8,21,10,60,0.0,0.0,0.0,0.0,0.0,5,30.1,23.8,69,993.0,291,1.3,-9900,-9900,0.0,0.0
2023,8,21,11,60,0.0,0.0,0.0,0.0,0.0,5,31.2,24.1,66,992.7,313,1.3,-9900,-9900,0.0,0.0
2023,8,21,12,60,0.0,0.0,0.0,0.0,0.0,5,31.0,24.4,68,992.1,268,1.4,-9900,-9900,0.0,0.0
2023,8,21,13,60,0.0,0.0,0.0,0.0,0.0,5,31.2,23.8,65,991.5,311,2.9,-9900,-9900,0.0,0.0
2023,8,21,14,60,0.0,0.0,0.0,0.0,0.0,5,31.7,23.8,63,990.9,313,1.8,-9900,-9900,0.0,0.0
2023,8,21,15,60,0.0,0.0,0.0,0.0,0.0,5,31.4,24.3,66,990.6,298,1.6,-9900,-9900,0.0,0.0
2023,8,21,16,60,0.0,0.0,0.0,0.0,0.0,5,31.6,23.4,62,989.9,280,1.2,-9900,-9900,0.0,0.0
2023,8,21,17,60,0.0,0.0,0.0,0.0,0.0,5,31.0,23.4,64,990.1,318,1.9,-9900,-9900,0.0,0.0
2023,8,21,18,60,0.0,0.0,0.0,0.0,0.0,5,30.2,24.1,70,990.3,314,1.7,-9900,-9900,0.0,0.0
2023,8,21,19,60,0.0,0.0,0.0,0.0,0.0,5,29.8,24.2,72,990.8,0,0.0,-9900,-9900,0.0,0.0
2023,8,21,20,60,0.0,0.0,0.0,0.0,0.0,5,29.4,24.7,76,991.0,0,0.0,-9900,-9900,0.0,0.0
2023,8,21,21,60,0.0,0.0,0.0,0.0,0.0,5,29.2,23.9,73,992.0,257,0.3,-9900,-9900,0.0,0.0
2023,8,21,22,60,0.0,0.0,0.0,0.0,0.0,5,28.9,24.2,76,992.5,269,1.0,-9900,-9900,0.0,0.0
2023,8,21,23,60,0.0,0.0,0.0,0.0,0.0,5,28.6,24.0,76,992.6,267,1.2,-9900,-9900,0.0,0.0
2023,8,21,24,60,0.0,0.0,0.0,0.0,0.0,5,28.0,24.4,81,992.3,275,1.5,-9900,-9900,0.0,0.0
2023,8,22,1,60,0.0,0.0,0.0,0.0,0.0,5,27.9,24.5,82,991.9,261,1.5,-9900,-9900,0.0,0.0
2023,8,22,2,60,0.0,0.0,0.0,0.0,0.0,5,27.6,24.8,85,991.3,184,0.9,-9900,-9900,0.0,0.0
2023,8,22,3,60,0.0,0.0,0.0,0.0,0.0,5,27.4,24.7,85,990.7,184,0.6,-9900,-9900,0.0,0.0
2023,8,22,4,60,0.0,0.0,0.0,0.0,0.0,5,27.2,24.3,84,990.3,199,0.4,-9900,-9900,0.0,0.0
2023,8,22,5,60,0.0,0.0,0.0,0.0,0.0,5,26.9,24.4,86,990.0,142,1.0,-9900,-9900,0.0,0.0
2023,8,22,6,60,0.0,0.0,0.0,0.0,0.0,5,26.0,24.4,91,990.1,138,2.1,-9900,-9900,0.0,0.0
2023,8,22,7,60,0.0,0.0,0.0,0.0,0.0,5,27.7,24.3,82,990.5,154,0.7,-9900,-9900,0.0,0.0
2023,8,22,8,60,0.0,0.0,0.0,0.0,0.0,5,29.6,22.8,67,990.8,265,1.8,-9900,-9900,0.0,0.0
2023,8,22,9,60,0.0,0.0,0.0,0.0,0.0,5,30.5,24.2,69,990.9,265,1.0,-9900,-9900,0.0,0.0
2023,8,22,10,60,0.0,0.0,0.0,0.0,0.0,5,30.8,23.7,66,990.8,258,1.5,-9900,-9900,0.0,0.0
2023,8,22,11,60,0.0,0.0,0.0,0.0,0.0,5,31.8,24.1,64,990.1,275,1.2,-9900,-9900,0.0,0.0
2023,8,22,12,60,0.0,0.0,0.0,0.0,0.0,5,32.7,24.5,62,989.7,264,1.1,-9900,-9900,0.0,0.0
2023,8,22,13,60,0.0,0.0,0.0,0.0,0.0,5,32.5,25.8,68,989.3,292,1.6,-9900,-9900,0.0,0.0
2023,8,22,14,60,0.0,0.0,0.0,0.0,0.0,5,32.0,25.4,68,988.6,279,1.9,-9900,-9900,0.0,0.0
2023,8,22,15,60,0.0,0.0,0.0,0.0,0.0,5,32.1,25.2,67,987.9,282,1.6,-9900,-9900,0.0,0.0
2023,8,22,16,60,0.0,0.0,0.0,0.0,0.0,5,29.2,22.7,68,989.3,91,3.8,-9900,-9900,0.0,0.0
2023,8,22,17,60,0.0,0.0,0.0,0.0,0.0,5,27.2,21.7,72,988.6,111,2.2,-9900,-9900,0.0,0.0
2023,8,22,18,60,0.0,0.0,0.0,0.0,0.0,5,29.3,22.0,65,988.8,146,0.9,-9900,-9900,0.0,0.0
2023,8,22,19,60,0.0,0.0,0.0,0.0,0.0,5,28.2,22.7,72,989.2,126,2.2,-9900,-9900,0.0,0.0
2023,8,22,20,60,0.0,0.0,0.0,0.0,0.0,5,27.8,23.0,75,989.9,127,1.9,-9900,-9900,0.0,0.0
2023,8,22,21,60,0.0,0.0,0.0,0.0,0.0,5,28.6,22.4,69,991.1,203,0.7,-9900,-9900,0.0,0.0
2023,8,22,22,60,0.0,0.0,0.0,0.0,0.0,5,28.7,22.9,71,991.4,0,0.2,-9900,-9900,0.0,0.0
2023,8,22,23,60,0.0,0.0,0.0,0.0,0.0,5,28.4,22.9,72,991.3,182,0.6,-9900,-9900,0.0,0.0
2023,8,22,24,60,0.0,0.0,0.0,0.0,0.0,5,28.2,23.3,75,990.8,270,1.1,-9900,-9900,0.0,0.0
2023,8,23,1,60,0.0,0.0,0.0,0.0,0.0,5,27.5,22.9,76,990.2,114,1.4,-9900,-9900,0.0,0.0
2023,8,23,2,60,0.0,0.0,0.0,0.0,0.0,5,27.3,22.7,76,989.4,193,0.9,-9900,-9900,0.0,0.0
2023,8,23,3,60,0.0,0.0,0.0,0.0,0.0,5,26.6,22.7,79,989.1,131,1.6,-9900,-9900,0.0,0.0
2023,8,23,4,60,0.0,0.0,0.0,0.0,0.0,5,26.2,22.9,82,989.2,131,2.1,-9900,-9900,0.0,0.0
2023,8,23,5,60,0.0,0.0,0.0,0.0,0.0,5,25.8,22.7,83,989.8,131,1.8,-9900,-9900,0.0,0.0
2023,8,23,6,60,0.0,0.0,0.0,0.0,0.0,5,26.0,22.7,82,990.7,126,1.6,-9900,-9900,0.0,0.0
2023,8,23,7,60,0.0,0.0,0.0,0.0,0.0,5,26.8,22.6,78,991.1,129,2.0,-9900,-9900,0.0,0.0
2023,8,23,8,60,0.0,0.0,0.0,0.0,0.0,5,29.0,23.0,70,991.3,126,1.0,-9900,-9900,0.0,0.0
2023,8,23,9,60,0.0,0.0,0.0,0.0,0.0,5,30.4,23.8,68,991.3,276,0.6,-9900,-9900,0.0,0.0
2023,8,23,10,60,0.0,0.0,0.0,0.0,0.0,5,31.6,23.7,63,991.2,96,0.7,-9900,-9900,0.0,0.0
2023,8,23,11,60,0.0,0.0,0.0,0.0,0.0,5,31.9,24.0,63,990.7,244,0.5,-9900,-9900,0.0,0.0
2023,8,23,12,60,0.0,0.0,0.0,0.0,0.0,5,32.2,24.3,63,990.0,0,0.2,-9900,-9900,0.0,0.0
2023,8,23,13,60,0.0,0.0,0.0,0.0,0.0,5,31.8,24.4,65,989.5,319,2.7,-9900,-9900,0.0,0.0
2023,8,23,14,60,0.0,0.0,0.0,0.0,0.0,5,32.1,24.4,64,988.9,345,1.2,-9900,-9900,0.0,0.0
2023,8,23,15,60,0.0,0.0,0.0,0.0,0.0,5,30.6,24.7,71,988.7,323,3.2,-9900,-9900,0.0,0.0
2023,8,23,16,60,0.0,0.0,0.0,0.0,0.0,5,30.8,23.5,65,989.1,288,1.3,-9900,-9900,0.0,0.0
2023,8,23,17,60,0.0,0.0,0.0,0.0,0.0,5,29.3,24.6,76,989.8,107,1.8,-9900,-9900,0.0,0.0
2023,8,23,18,60,0.0,0.0,0.0,0.0,0.0,5,29.0,23.7,73,990.1,191,1.1,-9900,-9900,0.0,0.0
2023,8,23,19,60,0.0,0.0,0.0,0.0,0.0,5,27.9,23.9,79,990.8,134,2.1,-9900,-9900,0.0,0.0
2023,8,23,20,60,0.0,0.0,0.0,0.0,0.0,5,28.3,23.9,77,991.4,140,1.3,-9900,-9900,0.0,0.0
2023,8,23,21,60,0.0,0.0,0.0,0.0,0.0,5,27.5,24.8,85,992.0,143,1.8,-9900,-9900,0.0,0.0
2023,8,23,22,60,0.0,0.0,0.0,0.0,0.0,5,27.6,24.0,81,991.9,129,1.5,-9900,-9900,0.0,0.0
2023,8,23,23,60,0.0,0.0,0.0,0.0,0.0,5,27.3,23.8,81,991.8,138,1.4,-9900,-9900,0.0,0.0
2023,8,23,24,60,0.0,0.0,0.0,0.0,0.0,5,27.5,23.1,77,991.6,0,0.0,-9900,-9900,0.0,0.0
2023,8,24,1,60,0.0,0.0,0.0,0.0,0.0,5,26.9,23.4,81,990.9,133,1.7,-9900,-9900,0.0,0.0
2023,8,24,2,60,0.0,0.0,0.0,0.0,0.0,5,26.7,23.4,82,990.5,126,1.4,-9900,-9900,0.0,0.0
2023,8,24,3,60,0.0,0.0,0.0,0.0,0.0,5,27.1,22.9,78,990.4,0,0.0,-9900,-9900,0.0,0.0
2023,8,24,4,60,0.0,0.0,0.0,0.0,0.0,5,26.6,22.0,76,990.5,125,1.0,-9900,-9900,0.0,0.0
2023,8,24,5,60,0.0,0.0,0.0,0.0,0.0,5,26.1,22.8,82,990.5,128,1.7,-9900,-9900,0.0,0.0
2023,8,24,6,60,0.0,0.0,0.0,0.0,0.0,5,26.1,23.4,85,990.7,129,1.1,-9900,-9900,0.0,0.0
2023,8,24,7,60,0.0,0.0,0.0,0.0,0.0,5,27.0,23.9,83,991.2,124,0.9,-9900,-9900,0.0,0.0
2023,8,24,8,60,0.0,0.0,0.0,0.0,0.0,5,29.6,24.0,72,991.8,0,0.2,-9900,-9900,0.0,0.0
2023,8,24,9,60,0.0,0.0,0.0,0.0,0.0,5,30.4,23.8,68,992.2,0,0.2,-9900,-9900,0.0,0.0
2023,8,24,10,60,0.0,0.0,0.0,0.0,0.0,5,29.9,24.5,73,992.6,318,1.5,-9900,-9900,0.0,0.0
2023,8,24,11,60,0.0,0.0,0.0,0.0,0.0,5,30.7,24.6,70,992.4,322,1.0,-9900,-9900,0.0,0.0
2023,8,24,12,60,0.0,0.0,0.0,0.0,0.0,5,30.1,24.7,73,992.4,320,2.5,-9900,-9900,0.0,0.0
2023,8,24,13,60,0.0,0.0,0.0,0.0,0.0,5,31.5,24.6,67,991.9,305,0.8,-9900,-9900,0.0,0.0
2023,8,24,14,60,0.0,0.0,0.0,0.0,0.0,5,31.3,24.4,67,991.2,317,2.4,-9900,-9900,0.0,0.0
2023,8,24,15,60,0.0,0.0,0.0,0.0,0.0,5,30.7,24.4,69,990.7,324,2.4,-9900,-9900,0.0,0.0
2023,8,24,16,60,0.0,0.0,0.0,0.0,0.0,5,30.8,24.0,67,990.8,8,2.1,-9900,-9900,0.0,0.0
2023,8,24,17,60,0.0,0.0,0.0,0.0,0.0,5,30.7,24.1,68,991.2,48,1.3,-9900,-9900,0.0,0.0
2023,8,24,18,60,0.0,0.0,0.0,0.0,0.0,5,30.3,23.7,68,991.8,30,1.2,-9900,-9900,0.0,0.0
2023,8,24,19,60,0.0,0.0,0.0,0.0,0.0,5,29.4,24.3,74,992.1,105,1.0,-9900,-9900,0.0,0.0
2023,8,24,20,60,0.0,0.0,0.0,0.0,0.0,5,28.9,24.2,76,992.4,133,1.8,-9900,-9900,0.0,0.0
2023,8,24,21,60,0.0,0.0,0.0,0.0,0.0,5,28.7,24.5,78,992.5,133,0.8,-9900,-9900,0.0,0.0
2023,8,24,22,60,0.0,0.0,0.0,0.0,0.0,5,27.9,24.1,80,992.1,137,1.1,-9900,-9900,0.0,0.0
2023,8,24,23,60,0.0,0.0,0.0,0.0,0.0,5,27.6,24.0,81,991.6,89,0.9,-9900,-9900,0.0,0.0
2023,8,24,24,60,0.0,0.0,0.0,0.0,0.0,5,27.8,24.0,80,991.6,88,1.3,-9900,-9900,0.0,0.0
2023,8,25,1,60,0.0,0.0,0.0,0.0,0.0,5,26.8,24.1,85,990.6,133,2.3,-9900,-9900,0.0,0.0
2023,8,25,2,60,0.0,0.0,0.0,0.0,0.0,5,26.8,23.9,84,990.1,65,0.9,-9900,-9900,0.0,0.0
2023,8,25,3,60,0.0,0.0,0.0,0.0,0.0,5,26.8,23.7,83,990.0,137,1.4,-9900,-9900,0.0,0.0
2023,8,25,4,60,0.0,0.0,0.0,0.0,0.0,5,26.8,23.7,83,990.5,0,0.0,-9900,-9900,0.0,0.0
2023,8,25,5,60,0.0,0.0,0.0,0.0,0.0,5,26.8,23.1,80,991.1,180,0.5,-9900,-9900,0.0,0.0
2023,8,25,6,60,0.0,0.0,0.0,0.0,0.0,5,26.7,23.2,81,991.6,0,0.0,-9900,-9900,0.0,0.0
2023,8,25,7,60,0.0,0.0,0.0,0.0,0.0,5,27.3,23.5,80,992.2,189,0.7,-9900,-9900,0.0,0.0
2023,8,25,8,60,0.0,0.0,0.0,0.0,0.0,5,29.0,23.7,73,992.3,197,0.9,-9900,-9900,0.0,0.0
2023,8,25,9,60,0.0,0.0,0.0,0.0,0.0,5,30.3,23.7,68,992.2,327,1.1,-9900,-9900,0.0,0.0
2023,8,25,10,60,0.0,0.0,0.0,0.0,0.0,5,30.2,23.4,67,992.0,76,1.2,-9900,-9900,0.0,0.0
2023,8,25,11,60,0.0,0.0,0.0,0.0,0.0,5,30.2,23.4,67,992.0,76,1.2,-9900,-9900,0.0,0.0
2023,8,25,12,60,0.0,0.0,0.0,0.0,0.0,5,32.9,23.5,58,990.7,6,0.8,-9900,-9900,0.0,0.0
2023,8,25,13,60,0.0,0.0,0.0,0.0,0.0,5,32.8,24.8,63,990.1,1,1.4,-9900,-9900,0.0,0.0
2023,8,25,14,60,0.0,0.0,0.0,0.0,0.0,5,32.3,24.6,64,989.1,1,2.3,-9900,-9900,0.0,0.0
2023,8,25,15,60,0.0,0.0,0.0,0.0,0.0,5,32.1,25.2,67,988.7,4,2.1,-9900,-9900,0.0,0.0
2023,8,25,16,60,0.0,0.0,0.0,0.0,0.0,5,33.0,24.5,61,988.3,83,1.9,-9900,-9900,0.0,0.0
2023,8,25,17,60,0.0,0.0,0.0,0.0,0.0,5,32.0,24.3,64,988.2,78,2.8,-9900,-9900,0.0,0.0
2023,8,25,18,60,0.0,0.0,0.0,0.0,0.0,5,30.9,22.5,61,988.5,95,3.1,-9900,-9900,0.0,0.0
2023,8,25,19,60,0.0,0.0,0.0,0.0,0.0,5,29.8,22.3,64,988.9,96,3.9,-9900,-9900,0.0,0.0
2023,8,25,20,60,0.0,0.0,0.0,0.0,0.0,5,29.3,22.3,66,989.7,92,3.1,-9900,-9900,0.0,0.0
2023,8,25,21,60,0.0,0.0,0.0,0.0,0.0,5,29.1,22.6,68,990.4,95,2.1,-9900,-9900,0.0,0.0
2023,8,25,22,60,0.0,0.0,0.0,0.0,0.0,5,28.9,22.9,70,990.9,94,1.3,-9900,-9900,0.0,0.0
2023,8,25,23,60,0.0,0.0,0.0,0.0,0.0,5,28.6,23.1,72,990.6,87,1.5,-9900,-9900,0.0,0.0
2023,8,25,24,60,0.0,0.0,0.0,0.0,0.0,5,28.3,23.2,74,990.5,136,1.3,-9900,-9900,0.0,0.0
2023,8,26,1,60,0.0,0.0,0.0,0.0,0.0,5,28.2,23.1,74,989.9,138,0.9,-9900,-9900,0.0,0.0
2023,8,26,2,60,0.0,0.0,0.0,0.0,0.0,5,27.8,23.2,76,989.6,160,0.9,-9900,-9900,0.0,0.0
2023,8,26,3,60,0.0,0.0,0.0,0.0,0.0,5,27.5,23.1,77,989.3,123,0.9,-9900,-9900,0.0,0.0
2023,8,26,4,60,0.0,0.0,0.0,0.0,0.0,5,27.3,23.3,79,988.8,129,1.3,-9900,-9900,0.0,0.0
2023,8,26,5,60,0.0,0.0,0.0,0.0,0.0,5,26.9,23.2,80,988.9,80,1.2,-9900,-9900,0.0,0.0
2023,8,26,6,60,0.0,0.0,0.0,0.0,0.0,5,27.3,23.1,78,989.3,92,1.1,-9900,-9900,0.0,0.0
2023,8,26,7,60,0.0,0.0,0.0,0.0,0.0,5,28.6,23.3,73,989.5,135,0.6,-9900,-9900,0.0,0.0
2023,8,26,8,60,0.0,0.0,0.0,0.0,0.0,5,29.3,23.0,69,989.7,86,0.9,-9900,-9900,0.0,0.0
2023,8,26,9,60,0.0,0.0,0.0,0.0,0.0,5,29.9,23.1,67,990.4,21,0.9,-9900,-9900,0.0,0.0
2023,8,26,10,60,0.0,0.0,0.0,0.0,0.0,5,30.4,23.1,65,989.9,68,1.0,-9900,-9900,0.0,0.0
2023,8,26,11,60,0.0,0.0,0.0,0.0,0.0,5,32.0,23.3,60,989.5,109,1.0,-9900,-9900,0.0,0.0
2023,8,26,12,60,0.0,0.0,0.0,0.0,0.0,5,33.2,23.5,57,988.6,62,0.6,-9900,-9900,0.0,0.0
2023,8,26,13,60,0.0,0.0,0.0,0.0,0.0,5,33.1,22.9,55,987.8,338,1.1,-9900,-9900,0.0,0.0
2023,8,26,14,60,0.0,0.0,0.0,0.0,0.0,5,32.5,24.5,63,987.1,0,0.0,-9900,-9900,0.0,0.0
2023,8,26,15,60,0.0,0.0,0.0,0.0,0.0,5,32.7,22.8,56,986.3,90,2.3,-9900,-9900,0.0,0.0
2023,8,26,16,60,0.0,0.0,0.0,0.0,0.0,5,32.8,23.2,57,985.8,91,2.3,-9900,-9900,0.0,0.0
2023,8,26,17,60,0.0,0.0,0.0,0.0,0.0,5,32.0,22.7,58,986.4,93,2.6,-9900,-9900,0.0,0.0
2023,8,26,18,60,0.0,0.0,0.0,0.0,0.0,5,31.2,24.8,69,987.1,142,1.5,-9900,-9900,0.0,0.0
2023,8,26,19,60,0.0,0.0,0.0,0.0,0.0,5,30.7,24.4,69,988.0,0,0.2,-9900,-9900,0.0,0.0
2023,8,26,20,60,0.0,0.0,0.0,0.0,0.0,5,30.2,24.6,72,989.0,219,0.6,-9900,-9900,0.0,0.0
2023,8,26,21,60,0.0,0.0,0.0,0.0,0.0,5,29.0,23.0,70,989.5,0,0.0,-9900,-9900,0.0,0.0
2023,8,26,22,60,0.0,0.0,0.0,0.0,0.0,5,29.1,22.1,66,989.9,0,0.2,-9900,-9900,0.0,0.0
2023,8,26,23,60,0.0,0.0,0.0,0.0,0.0,5,29.0,22.3,67,989.6,0,0.0,-9900,-9900,0.0,0.0
2023,8,26,24,60,0.0,0.0,0.0,0.0,0.0,5,28.8,22.3,68,989.5,262,0.4,-9900,-9900,0.0,0.0
2023,8,27,1,60,0.0,0.0,0.0,0.0,0.0,5,28.7,22.9,71,989.0,262,0.6,-9900,-9900,0.0,0.0
2023,8,27,2,60,0.0,0.0,0.0,0.0,0.0,5,27.7,23.9,80,988.2,0,0.2,-9900,-9900,0.0,0.0
2023,8,27,3,60,0.0,0.0,0.0,0.0,0.0,5,27.7,23.5,78,987.9,162,0.4,-9900,-9900,0.0,0.0
2023,8,27,4,60,0.0,0.0,0.0,0.0,0.0,5,26.8,23.7,83,987.4,145,1.2,-9900,-9900,0.0,0.0
2023,8,27,5,60,0.0,0.0,0.0,0.0,0.0,5,26.5,23.6,84,987.3,88,1.3,-9900,-9900,0.0,0.0
2023,8,27,6,60,0.0,0.0,0.0,0.0,0.0,5,26.9,23.4,81,987.5,101,1.0,-9900,-9900,0.0,0.0
2023,8,27,7,60,0.0,0.0,0.0,0.0,0.0,5,28.1,23.3,75,987.7,79,1.5,-9900,-9900,0.0,0.0
2023,8,27,8,60,0.0,0.0,0.0,0.0,0.0,5,28.7,23.2,72,988.4,94,3.1,-9900,-9900,0.0,0.0
2023,8,27,9,60,0.0,0.0,0.0,0.0,0.0,5,29.8,23.3,68,988.5,89,2.5,-9900,-9900,0.0,0.0
2023,8,27,10,60,0.0,0.0,0.0,0.0,0.0,5,31.8,22.8,59,988.6,29,1.3,-9900,-9900,0.0,0.0
2023,8,27,11,60,0.0,0.0,0.0,0.0,0.0,5,31.4,23.8,64,988.5,29,2.2,-9900,-9900,0.0,0.0
2023,8,27,12,60,0.0,0.0,0.0,0.0,0.0,5,31.4,24.0,65,987.8,332,1.9,-9900,-9900,0.0,0.0
2023,8,27,13,60,0.0,0.0,0.0,0.0,0.0,5,31.7,24.3,65,987.8,323,2.5,-9900,-9900,0.0,0.0
2023,8,27,14,60,0.0,0.0,0.0,0.0,0.0,5,31.4,23.8,64,987.5,346,2.5,-9900,-9900,0.0,0.0
2023,8,27,15,60,0.0,0.0,0.0,0.0,0.0,5,30.8,23.7,66,986.6,325,2.8,-9900,-9900,0.0,0.0
2023,8,27,16,60,0.0,0.0,0.0,0.0,0.0,5,30.8,24.0,67,986.3,19,1.5,-9900,-9900,0.0,0.0
2023,8,27,17,60,0.0,0.0,0.0,0.0,0.0,5,30.9,24.1,67,986.5,13,0.6,-9900,-9900,0.0,0.0
2023,8,27,18,60,0.0,0.0,0.0,0.0,0.0,5,30.3,23.2,66,986.8,355,1.5,-9900,-9900,0.0,0.0
2023,8,27,19,60,0.0,0.0,0.0,0.0,0.0,5,29.7,23.2,68,987.2,359,0.7,-9900,-9900,0.0,0.0
2023,8,27,20,60,0.0,0.0,0.0,0.0,0.0,5,29.5,23.0,68,987.6,323,1.4,-9900,-9900,0.0,0.0
2023,8,27,21,60,0.0,0.0,0.0,0.0,0.0,5,29.0,24.8,78,988.2,279,1.6,-9900,-9900,0.0,0.0
2023,8,27,22,60,0.0,0.0,0.0,0.0,0.0,5,29.0,24.6,77,988.4,265,1.2,-9900,-9900,0.0,0.0
2023,8,27,23,60,0.0,0.0,0.0,0.0,0.0,5,28.4,24.4,79,988.0,265,1.2,-9900,-9900,0.0,0.0
2023,8,27,24,60,0.0,0.0,0.0,0.0,0.0,5,28.1,24.3,80,987.3,186,0.5,-9900,-9900,0.0,0.0
2023,8,28,1,60,0.0,0.0,0.0,0.0,0.0,5,27.8,24.0,80,986.9,160,0.5,-9900,-9900,0.0,0.0
2023,8,28,2,60,0.0,0.0,0.0,0.0,0.0,5,27.9,24.1,80,986.5,0,0.0,-9900,-9900,0.0,0.0
2023,8,28,3,60,0.0,0.0,0.0,0.0,0.0,5,27.7,23.9,80,986.4,0,0.2,-9900,-9900,0.0,0.0
2023,8,28,4,60,0.0,0.0,0.0,0.0,0.0,5,26.8,23.7,83,986.2,131,1.5,-9900,-9900,0.0,0.0
2023,8,28,5,60,0.0,0.0,0.0,0.0,0.0,5,26.4,23.9,86,986.4,135,1.1,-9900,-9900,0.0,0.0
2023,8,28,6,60,0.0,0.0,0.0,0.0,0.0,5,26.5,23.4,83,987.0,136,1.7,-9900,-9900,0.0,0.0
2023,8,28,7,60,0.0,0.0,0.0,0.0,0.0,5,26.7,23.4,82,987.4,133,2.1,-9900,-9900,0.0,0.0
2023,8,28,8,60,0.0,0.0,0.0,0.0,0.0,5,28.1,23.3,75,987.6,139,1.7,-9900,-9900,0.0,0.0
2023,8,28,9,60,0.0,0.0,0.0,0.0,0.0,5,30.3,23.5,67,987.8,96,0.6,-9900,-9900,0.0,0.0
2023,8,28,10,60,0.0,0.0,0.0,0.0,0.0,5,30.5,23.4,66,987.8,13,1.4,-9900,-9900,0.0,0.0
2023,8,28,11,60,0.0,0.0,0.0,0.0,0.0,5,31.7,23.8,63,987.5,14,1.6,-9900,-9900,0.0,0.0
2023,8,28,12,60,0.0,0.0,0.0,0.0,0.0,5,31.2,24.8,69,987.2,351,1.6,-9900,-9900,0.0,0.0
2023,8,28,13,60,0.0,0.0,0.0,0.0,0.0,5,30.3,24.7,72,986.7,330,1.9,-9900,-9900,0.0,0.0
2023,8,28,14,60,0.0,0.0,0.0,0.0,0.0,5,30.3,24.5,71,986.4,325,2.1,-9900,-9900,0.0,0.0
2023,8,28,15,60,0.0,0.0,0.0,0.0,0.0,5,30.4,24.5,71,986.2,326,2.1,-9900,-9900,0.0,0.0
2023,8,28,16,60,0.0,0.0,0.0,0.0,0.0,5,30.4,23.8,68,986.3,8,1.9,-9900,-9900,0.0,0.0
2023,8,28,17,60,0.0,0.0,0.0,0.0,0.0,5,30.0,23.9,70,986.3,52,0.5,-9900,-9900,0.0,0.0
2023,8,28,18,60,0.0,0.0,0.0,0.0,0.0,5,29.4,24.1,73,986.7,3,0.7,-9900,-9900,0.0,0.0
2023,8,28,19,60,0.0,0.0,0.0,0.0,0.0,5,29.2,23.4,71,987.0,5,0.7,-9900,-9900,0.0,0.0
2023,8,28,20,60,0.0,0.0,0.0,0.0,0.0,5,29.2,23.9,73,987.8,325,0.9,-9900,-9900,0.0,0.0
2023,8,28,21,60,0.0,0.0,0.0,0.0,0.0,5,28.6,24.0,76,988.4,360,0.7,-9900,-9900,0.0,0.0
2023,8,28,22,60,0.0,0.0,0.0,0.0,0.0,5,28.6,24.4,78,988.4,0,0.2,-9900,-9900,0.0,0.0
2023,8,28,23,60,0.0,0.0,0.0,0.0,0.0,5,28.3,24.5,80,988.3,0,0.0,-9900,-9900,0.0,0.0
2023,8,28,24,60,0.0,0.0,0.0,0.0,0.0,5,28.3,24.3,79,988.3,264,1.0,-9900,-9900,0.0,0.0
2023,8,29,1,60,0.0,0.0,0.0,0.0,0.0,5,27.9,24.1,80,988.3,0,0.0,-9900,-9900,0.0,0.0
2023,8,29,2,60,0.0,0.0,0.0,0.0,0.0,5,27.5,24.2,82,988.2,3,0.3,-9900,-9900,0.0,0.0
2023,8,29,3,60,0.0,0.0,0.0,0.0,0.0,5,27.3,24.4,84,988.2,0,0.0,-9900,-9900,0.0,0.0
2023,8,29,4,60,0.0,0.0,0.0,0.0,0.0,5,27.7,24.5,83,988.0,0,0.0,-9900,-9900,0.0,0.0
2023,8,29,5,60,0.0,0.0,0.0,0.0,0.0,5,27.5,24.8,85,988.2,0,0.0,-9900,-9900,0.0,0.0
2023,8,29,6,60,0.0,0.0,0.0,0.0,0.0,5,27.4,24.7,85,988.6,0,0.0,-9900,-9900,0.0,0.0
2023,8,29,7,60,0.0,0.0,0.0,0.0,0.0,5,27.4,24.1,82,988.7,145,1.3,-9900,-9900,0.0,0.0
2023,8,29,8,60,0.0,0.0,0.0,0.0,0.0,5,28.9,24.7,78,988.7,69,0.7,-9900,-9900,0.0,0.0
2023,8,29,9,60,0.0,0.0,0.0,0.0,0.0,5,29.4,24.7,76,988.9,9,0.7,-9900,-9900,0.0,0.0
2023,8,29,10,60,0.0,0.0,0.0,0.0,0.0,5,30.6,23.3,65,988.5,82,2.5,-9900,-9900,0.0,0.0
2023,8,29,11,60,0.0,0.0,0.0,0.0,0.0,5,30.8,24.7,70,987.8,18,2.8,-9900,-9900,0.0,0.0
2023,8,29,12,60,0.0,0.0,0.0,0.0,0.0,5,31.9,25.3,68,986.5,2,2.7,-9900,-9900,0.0,0.0
2023,8,29,13,60,0.0,0.0,0.0,0.0,0.0,5,33.7,22.2,51,985.7,78,4.2,-9900,-9900,0.0,0.0
2023,8,29,14,60,0.0,0.0,0.0,0.0,0.0,5,33.8,22.3,51,985.0,85,3.1,-9900,-9900,0.0,0.0
2023,8,29,15,60,0.0,0.0,0.0,0.0,0.0,5,32.8,22.0,53,984.4,91,5.5,-9900,-9900,0.0,0.0
2023,8,29,16,60,0.0,0.0,0.0,0.0,0.0,5,33.0,22.5,54,984.0,95,4.8,-9900,-9900,0.0,0.0
2023,8,29,17,60,0.0,0.0,0.0,0.0,0.0,5,32.2,22.3,56,984.6,92,5.5,-9900,-9900,0.0,0.0
2023,8,29,18,60,0.0,0.0,0.0,0.0,0.0,5,31.0,22.3,60,985.3,92,7.0,-9900,-9900,0.0,0.0
2023,8,29,19,60,0.0,0.0,0.0,0.0,0.0,5,30.2,22.6,64,985.5,92,5.3,-9900,-9900,0.0,0.0
2023,8,29,20,60,0.0,0.0,0.0,0.0,0.0,5,30.0,22.4,64,985.8,90,5.9,-9900,-9900,0.0,0.0
2023,8,29,21,60,0.0,0.0,0.0,0.0,0.0,5,30.0,22.4,64,986.1,91,5.7,-9900,-9900,0.0,0.0
2023,8,29,22,60,0.0,0.0,0.0,0.0,0.0,5,30.3,21.7,60,986.3,89,3.0,-9900,-9900,0.0,0.0
2023,8,29,23,60,0.0,0.0,0.0,0.0,0.0,5,30.1,21.8,61,986.3,84,4.0,-9900,-9900,0.0,0.0
2023,8,29,24,60,0.0,0.0,0.0,0.0,0.0,5,30.3,21.1,58,986.1,87,3.8,-9900,-9900,0.0,0.0
2023,8,30,1,60,0.0,0.0,0.0,0.0,0.0,5,29.9,21.0,59,985.7,94,4.9,-9900,-9900,0.0,0.0
2023,8,30,2,60,0.0,0.0,0.0,0.0,0.0,5,29.9,21.0,59,985.5,85,3.9,-9900,-9900,0.0,0.0
2023,8,30,3,60,0.0,0.0,0.0,0.0,0.0,5,29.4,22.1,65,985.4,84,3.9,-9900,-9900,0.0,0.0
2023,8,30,4,60,0.0,0.0,0.0,0.0,0.0,5,29.1,22.3,67,985.4,87,3.9,-9900,-9900,0.0,0.0
2023,8,30,5,60,0.0,0.0,0.0,0.0,0.0,5,29.0,22.3,67,986.1,86,5.0,-9900,-9900,0.0,0.0
2023,8,30,6,60,0.0,0.0,0.0,0.0,0.0,5,28.5,22.7,71,986.1,93,4.2,-9900,-9900,0.0,0.0
2023,8,30,7,60,0.0,0.0,0.0,0.0,0.0,5,28.7,23.2,72,986.3,86,4.8,-9900,-9900,0.0,0.0
2023,8,30,8,60,0.0,0.0,0.0,0.0,0.0,5,29.9,23.1,67,986.4,91,5.7,-9900,-9900,0.0,0.0
2023,8,30,9,60,0.0,0.0,0.0,0.0,0.0,5,30.8,23.2,64,986.6,84,4.6,-9900,-9900,0.0,0.0
2023,8,30,10,60,0.0,0.0,0.0,0.0,0.0,5,30.8,23.2,64,986.3,88,6.5,-9900,-9900,0.0,0.0
2023,8,30,11,60,0.0,0.0,0.0,0.0,0.0,5,31.7,23.8,63,985.9,80,4.9,-9900,-9900,0.0,0.0
2023,8,30,12,60,0.0,0.0,0.0,0.0,0.0,5,30.7,24.1,68,985.1,87,7.1,-9900,-9900,0.0,0.0
2023,8,30,13,60,0.0,0.0,0.0,0.0,0.0,5,32.3,23.3,59,984.3,95,7.2,-9900,-9900,0.0,0.0
2023,8,30,14,60,0.0,0.0,0.0,0.0,0.0,5,32.3,22.7,57,983.3,94,6.7,-9900,-9900,0.0,0.0
2023,8,30,15,60,0.0,0.0,0.0,0.0,0.0,5,32.5,22.3,55,982.9,97,8.8,-9900,-9900,0.0,0.0
2023,8,30,16,60,0.0,0.0,0.0,0.0,0.0,5,32.0,22.4,57,983.0,96,7.4,-9900,-9900,0.0,0.0
2023,8,30,17,60,0.0,0.0,0.0,0.0,0.0,5,31.6,22.0,57,983.9,93,5.5,-9900,-9900,0.0,0.0
2023,8,30,18,60,0.0,0.0,0.0,0.0,0.0,5,30.7,22.0,60,984.6,92,5.5,-9900,-9900,0.0,0.0
2023,8,30,19,60,0.0,0.0,0.0,0.0,0.0,5,30.0,23.0,66,985.9,81,4.1,-9900,-9900,0.0,0.0
2023,8,30,20,60,0.0,0.0,0.0,0.0,0.0,5,29.5,23.7,71,986.3,92,6.6,-9900,-9900,0.0,0.0
2023,8,30,21,60,0.0,0.0,0.0,0.0,0.0,5,28.9,23.8,74,987.1,82,5.3,-9900,-9900,0.0,0.0
2023,8,30,22,60,0.0,0.0,0.0,0.0,0.0,5,28.2,24.4,80,987.2,85,3.8,-9900,-9900,0.0,0.0
2023,8,30,23,60,0.0,0.0,0.0,0.0,0.0,5,28.0,24.2,80,987.0,81,3.6,-9900,-9900,0.0,0.0
2023,8,30,24,60,0.0,0.0,0.0,0.0,0.0,5,27.9,24.1,80,987.0,77,4.0,-9900,-9900,0.0,0.0
2023,8,31,1,60,0.0,0.0,0.0,0.0,0.0,5,27.9,24.1,80,986.7,70,3.6,-9900,-9900,0.0,0.0
2023,8,31,2,60,0.0,0.0,0.0,0.0,0.0,5,27.8,23.8,79,986.0,74,3.6,-9900,-9900,0.0,0.0
2023,8,31,3,60,0.0,0.0,0.0,0.0,0.0,5,27.9,23.7,78,986.2,81,3.2,-9900,-9900,0.0,0.0
2023,8,31,4,60,0.0,0.0,0.0,0.0,0.0,5,27.7,24.1,81,986.1,80,3.8,-9900,-9900,0.0,0.0
2023,8,31,5,60,0.0,0.0,0.0,0.0,0.0,5,27.6,24.2,82,986.4,76,3.4,-9900,-9900,0.0,0.0
2023,8,31,6,60,0.0,0.0,0.0,0.0,0.0,5,27.6,24.2,82,986.5,78,3.2,-9900,-9900,0.0,0.0
2023,8,31,7,60,0.0,0.0,0.0,0.0,0.0,5,28.3,24.3,79,986.7,78,3.6,-9900,-9900,0.0,0.0
2023,8,31,8,60,0.0,0.0,0.0,0.0,0.0,5,29.4,24.3,74,987.5,81,2.9,-9900,-9900,0.0,0.0
2023,8,31,9,60,0.0,0.0,0.0,0.0,0.0,5,30.5,23.7,67,987.8,63,3.8,-9900,-9900,0.0,0.0
2023,8,31,10,60,0.0,0.0,0.0,0.0,0.0,5,31.2,23.8,65,988.0,76,4.0,-9900,-9900,0.0,0.0
2023,8,31,11,60,0.0,0.0,0.0,0.0,0.0,5,31.3,23.7,64,987.6,76,4.9,-9900,-9900,0.0,0.0
2023,8,31,12,60,0.0,0.0,0.0,0.0,0.0,5,30.6,24.0,68,987.4,71,3.8,-9900,-9900,0.0,0.0
2023,8,31,13,60,0.0,0.0,0.0,0.0,0.0,5,31.4,24.3,66,986.9,83,3.6,-9900,-9900,0.0,0.0
2023,8,31,14,60,0.0,0.0,0.0,0.0,0.0,5,30.9,24.1,67,986.2,79,4.5,-9900,-9900,0.0,0.0
2023,8,31,15,60,0.0,0.0,0.0,0.0,0.0,5,30.4,24.1,69,986.2,92,4.5,-9900,-9900,0.0,0.0
2023,8,31,16,60,0.0,0.0,0.0,0.0,0.0,5,28.9,24.2,76,986.3,84,4.5,-9900,-9900,0.0,0.0
2023,8,31,17,60,0.0,0.0,0.0,0.0,0.0,5,29.0,24.1,75,986.8,72,3.4,-9900,-9900,0.0,0.0
2023,8,31,18,60,0.0,0.0,0.0,0.0,0.0,5,29.1,23.3,71,987.2,85,5.3,-9900,-9900,0.0,0.0
2023,8,31,19,60,0.0,0.0,0.0,0.0,0.0,5,27.8,24.6,83,987.8,89,3.8,-9900,-9900,0.0,0.0
2023,8,31,20,60,0.0,0.0,0.0,0.0,0.0,5,28.1,24.3,80,988.6,81,3.7,-9900,-9900,0.0,0.0
2023,8,31,21,60,0.0,0.0,0.0,0.0,0.0,5,28.2,24.4,80,989.1,92,3.2,-9900,-9900,0.0,0.0
2023,8,31,22,60,0.0,0.0,0.0,0.0,0.0,5,28.1,24.9,83,988.7,76,3.3,-9900,-9900,0.0,0.0
2023,8,31,23,60,0.0,0.0,0.0,0.0,0.0,5,27.5,24.6,84,988.2,90,3.4,-9900,-9900,0.0,0.0
2023,8,31,24,60,0.0,0.0,0.0,0.0,0.0,5,27.5,24.4,83,987.9,83,2.8,-9900,-9900,0.0,0.0
2023,9,1,1,60,0.0,0.0,0.0,0.0,0.0,5,27.2,23.4,80,987.1,87,4.4,-9900,-9900,0.0,0.0
2023,9,1,2,60,0.0,0.0,0.0,0.0,0.0,5,26.9,24.0,84,986.2,83,3.3,-9900,-9900,0.0,0.0
2023,9,1,3,60,0.0,0.0,0.0,0.0,0.0,5,26.9,24.7,88,986.4,84,2.2,-9900,-9900,0.0,0.0
2023,9,1,4,60,0.0,0.0,0.0,0.0,0.0,5,27.1,24.2,84,986.4,96,2.8,-9900,-9900,0.0,0.0
2023,9,1,5,60,0.0,0.0,0.0,0.0,0.0,5,27.0,23.9,83,986.1,86,4.3,-9900,-9900,0.0,0.0
2023,9,1,6,60,0.0,0.0,0.0,0.0,0.0,5,26.6,23.9,85,986.5,75,2.5,-9900,-9900,0.0,0.0
2023,9,1,7,60,0.0,0.0,0.0,0.0,0.0,5,27.5,24.4,83,987.2,76,3.0,-9900,-9900,0.0,0.0
2023,9,1,8,60,0.0,0.0,0.0,0.0,0.0,5,28.5,24.7,80,987.4,79,3.4,-9900,-9900,0.0,0.0
2023,9,1,9,60,0.0,0.0,0.0,0.0,0.0,5,29.6,24.9,76,987.5,77,4.3,-9900,-9900,0.0,0.0
2023,9,1,10,60,0.0,0.0,0.0,0.0,0.0,5,30.5,23.4,66,987.8,85,4.9,-9900,-9900,0.0,0.0
2023,9,1,11,60,0.0,0.0,0.0,0.0,0.0,5,31.2,23.6,64,988.0,91,4.8,-9900,-9900,0.0,0.0
2023,9,1,12,60,0.0,0.0,0.0,0.0,0.0,5,31.7,23.3,61,987.9,81,4.2,-9900,-9900,0.0,0.0
2023,9,1,13,60,0.0,0.0,0.0,0.0,0.0,5,32.7,22.8,56,987.1,82,2.8,-9900,-9900,0.0,0.0
2023,9,1,14,60,0.0,0.0,0.0,0.0,0.0,5,31.0,25.6,73,986.4,44,3.7,-9900,-9900,0.0,0.0
2023,9,1,15,60,0.0,0.0,0.0,0.0,0.0,5,29.2,25.6,81,986.6,26,4.9,-9900,-9900,0.0,0.0
2023,9,1,16,60,0.0,0.0,0.0,0.0,0.0,5,28.7,25.5,83,986.5,39,3.6,-9900,-9900,0.0,0.0
2023,9,1,17,60,0.0,0.0,0.0,0.0,0.0,5,29.3,25.3,79,986.4,61,1.9,-9900,-9900,0.0,0.0
2023,9,1,18,60,0.0,0.0,0.0,0.0,0.0,5,29.1,24.4,76,987.1,80,4.0,-9900,-9900,0.0,0.0
2023,9,1,19,60,0.0,0.0,0.0,0.0,0.0,5,26.1,24.7,92,987.7,94,2.8,-9900,-9900,0.0,0.0
2023,9,1,20,60,0.0,0.0,0.0,0.0,0.0,5,26.7,24.9,90,987.9,71,2.6,-9900,-9900,0.0,0.0
2023,9,1,21,60,0.0,0.0,0.0,0.0,0.0,5,26.8,25.2,91,988.3,75,2.4,-9900,-9900,0.0,0.0
2023,9,1,22,60,0.0,0.0,0.0,0.0,0.0,5,26.9,25.3,91,988.1,74,2.2,-9900,-9900,0.0,0.0
2023,9,1,23,60,0.0,0.0,0.0,0.0,0.0,5,27.2,25.2,89,987.9,56,2.1,-9900,-9900,0.0,0.0
2023,9,1,24,60,0.0,0.0,0.0,0.0,0.0,5,27.2,25.2,89,987.1,74,2.1,-9900,-9900,0.0,0.0
2023,9,2,1,60,0.0,0.0,0.0,0.0,0.0,5,27.2,25.2,89,986.7,74,2.4,-9900,-9900,0.0,0.0
2023,9,2,2,60,0.0,0.0,0.0,0.0,0.0,5,27.1,25.1,89,985.8,73,2.8,-9900,-9900,0.0,0.0
2023,9,2,3,60,0.0,0.0,0.0,0.0,0.0,5,27.0,25.0,89,985.2,73,3.1,-9900,-9900,0.0,0.0
2023,9,2,4,60,0.0,0.0,0.0,0.0,0.0,5,27.5,24.8,85,985.5,74,3.1,-9900,-9900,0.0,0.0
2023,9,2,5,60,0.0,0.0,0.0,0.0,0.0,5,27.3,24.8,86,985.9,73,2.5,-9900,-9900,0.0,0.0
2023,9,2,6,60,0.0,0.0,0.0,0.0,0.0,5,27.7,24.1,81,986.4,70,2.5,-9900,-9900,0.0,0.0
2023,9,2,7,60,0.0,0.0,0.0,0.0,0.0,5,27.3,24.2,83,987.0,94,2.4,-9900,-9900,0.0,0.0
2023,9,2,8,60,0.0,0.0,0.0,0.0,0.0,5,25.8,24.9,95,987.7,100,2.0,-9900,-9900,0.0,0.0
2023,9,2,9,60,0.0,0.0,0.0,0.0,0.0,5,26.3,25.6,96,987.6,80,1.6,-9900,-9900,0.0,0.0
2023,9,2,10,60,0.0,0.0,0.0,0.0,0.0,5,27.9,25.7,88,987.4,92,3.2,-9900,-9900,0.0,0.0
2023,9,2,11,60,0.0,0.0,0.0,0.0,0.0,5,28.7,25.7,84,986.9,82,3.1,-9900,-9900,0.0,0.0
2023,9,2,12,60,0.0,0.0,0.0,0.0,0.0,5,27.1,26.0,94,986.9,89,2.3,-9900,-9900,0.0,0.0
2023,9,2,13,60,0.0,0.0,0.0,0.0,0.0,5,28.6,26.4,88,986.2,86,2.1,-9900,-9900,0.0,0.0
2023,9,2,14,60,0.0,0.0,0.0,0.0,0.0,5,30.7,25.3,73,985.7,78,3.3,-9900,-9900,0.0,0.0
2023,9,2,15,60,0.0,0.0,0.0,0.0,0.0,5,30.9,24.8,70,985.1,73,3.0,-9900,-9900,0.0,0.0
2023,9,2,16,60,0.0,0.0,0.0,0.0,0.0,5,30.3,24.7,72,985.1,79,2.8,-9900,-9900,0.0,0.0
2023,9,2,17,60,0.0,0.0,0.0,0.0,0.0,5,29.7,24.3,73,985.1,81,3.1,-9900,-9900,0.0,0.0
2023,9,2,18,60,0.0,0.0,0.0,0.0,0.0,5,29.2,25.0,78,985.7,75,3.1,-9900,-9900,0.0,0.0
2023,9,2,19,60,0.0,0.0,0.0,0.0,0.0,5,28.6,25.0,81,986.3,77,2.3,-9900,-9900,0.0,0.0
2023,9,2,20,60,0.0,0.0,0.0,0.0,0.0,5,28.3,24.9,82,986.7,89,3.2,-9900,-9900,0.0,0.0
2023,9,2,21,60,0.0,0.0,0.0,0.0,0.0,5,27.9,24.9,84,986.8,87,3.7,-9900,-9900,0.0,0.0
2023,9,2,22,60,0.0,0.0,0.0,0.0,0.0,5,27.2,25.6,91,986.3,91,2.9,-9900,-9900,0.0,0.0
2023,9,2,23,60,0.0,0.0,0.0,0.0,0.0,5,27.7,25.1,86,986.4,68,2.2,-9900,-9900,0.0,0.0
2023,9,2,24,60,0.0,0.0,0.0,0.0,0.0,5,26.4,24.6,90,985.7,89,3.7,-9900,-9900,0.0,0.0
2023,9,3,1,60,0.0,0.0,0.0,0.0,0.0,5,26.7,24.9,90,985.4,87,2.6,-9900,-9900,0.0,0.0
2023,9,3,2,60,0.0,0.0,0.0,0.0,0.0,5,26.9,25.3,91,984.8,73,3.5,-9900,-9900,0.0,0.0
2023,9,3,3,60,0.0,0.0,0.0,0.0,0.0,5,26.8,25.6,93,984.4,86,4.0,-9900,-9900,0.0,0.0
2023,9,3,4,60,0.0,0.0,0.0,0.0,0.0,5,26.7,25.1,91,984.0,82,4.0,-9900,-9900,0.0,0.0
2023,9,3,5,60,0.0,0.0,0.0,0.0,0.0,5,26.5,24.7,90,983.8,83,4.2,-9900,-9900,0.0,0.0
2023,9,3,6,60,0.0,0.0,0.0,0.0,0.0,5,26.4,25.2,93,983.8,79,3.9,-9900,-9900,0.0,0.0
2023,9,3,7,60,0.0,0.0,0.0,0.0,0.0,5,26.8,25.4,92,983.5,74,4.0,-9900,-9900,0.0,0.0
2023,9,3,8,60,0.0,0.0,0.0,0.0,0.0,5,27.0,25.2,90,983.8,85,4.4,-9900,-9900,0.0,0.0
2023,9,3,9,60,0.0,0.0,0.0,0.0,0.0,5,27.9,24.7,83,983.6,75,4.3,-9900,-9900,0.0,0.0
2023,9,3,10,60,0.0,0.0,0.0,0.0,0.0,5,27.8,25.2,86,982.9,77,4.3,-9900,-9900,0.0,0.0
2023,9,3,11,60,0.0,0.0,0.0,0.0,0.0,5,27.7,25.3,87,982.1,83,6.0,-9900,-9900,0.0,0.0
2023,9,3,12,60,0.0,0.0,0.0,0.0,0.0,5,27.9,24.7,83,982.2,79,4.0,-9900,-9900,0.0,0.0
2023,9,3,13,60,0.0,0.0,0.0,0.0,0.0,5,26.0,24.2,90,981.1,80,4.9,-9900,-9900,0.0,0.0
2023,9,3,14,60,0.0,0.0,0.0,0.0,0.0,5,27.0,23.0,79,979.9,90,5.7,-9900,-9900,0.0,0.0
2023,9,3,15,60,0.0,0.0,0.0,0.0,0.0,5,26.9,23.4,81,979.9,76,4.5,-9900,-9900,0.0,0.0
2023,9,3,16,60,0.0,0.0,0.0,0.0,0.0,5,27.5,23.5,79,979.9,79,5.0,-9900,-9900,0.0,0.0
2023,9,3,17,60,0.0,0.0,0.0,0.0,0.0,5,27.2,22.6,76,979.0,76,5.1,-9900,-9900,0.0,0.0
2023,9,3,18,60,0.0,0.0,0.0,0.0,0.0,5,27.0,22.2,75,978.5,76,6.1,-9900,-9900,0.0,0.0
2023,9,3,19,60,0.0,0.0,0.0,0.0,0.0,5,27.0,21.7,73,978.6,78,5.8,-9900,-9900,0.0,0.0
2023,9,3,20,60,0.0,0.0,0.0,0.0,0.0,5,26.7,23.4,82,979.2,83,6.5,-9900,-9900,0.0,0.0
2023,9,3,21,60,0.0,0.0,0.0,0.0,0.0,5,26.8,23.9,84,979.4,78,7.1,-9900,-9900,0.0,0.0
2023,9,3,22,60,0.0,0.0,0.0,0.0,0.0,5,27.1,23.6,81,980.9,77,6.0,-9900,-9900,0.0,0.0
2023,9,3,23,60,0.0,0.0,0.0,0.0,0.0,5,27.0,23.5,81,981.0,81,5.1,-9900,-9900,0.0,0.0
2023,9,3,24,60,0.0,0.0,0.0,0.0,0.0,5,26.8,23.7,83,980.9,77,5.4,-9900,-9900,0.0,0.0
2023,9,4,1,60,0.0,0.0,0.0,0.0,0.0,5,27.0,23.3,80,980.8,78,5.4,-9900,-9900,0.0,0.0
2023,9,4,2,60,0.0,0.0,0.0,0.0,0.0,5,27.3,23.3,79,980.2,86,6.1,-9900,-9900,0.0,0.0
2023,9,4,3,60,0.0,0.0,0.0,0.0,0.0,5,26.8,24.1,85,979.6,83,5.1,-9900,-9900,0.0,0.0
2023,9,4,4,60,0.0,0.0,0.0,0.0,0.0,5,27.2,24.3,84,979.4,80,5.6,-9900,-9900,0.0,0.0
2023,9,4,5,60,0.0,0.0,0.0,0.0,0.0,5,26.9,24.4,86,979.7,77,5.3,-9900,-9900,0.0,0.0
2023,9,4,6,60,0.0,0.0,0.0,0.0,0.0,5,27.0,24.5,86,979.5,75,4.8,-9900,-9900,0.0,0.0
2023,9,4,7,60,0.0,0.0,0.0,0.0,0.0,5,27.0,24.6,87,979.2,83,4.9,-9900,-9900,0.0,0.0
2023,9,4,8,60,0.0,0.0,0.0,0.0,0.0,5,27.1,24.9,88,979.9,88,5.5,-9900,-9900,0.0,0.0
2023,9,4,9,60,0.0,0.0,0.0,0.0,0.0,5,27.5,24.8,85,980.6,85,5.1,-9900,-9900,0.0,0.0
2023,9,4,10,60,0.0,0.0,0.0,0.0,0.0,5,27.5,24.9,86,980.7,89,6.2,-9900,-9900,0.0,0.0
2023,9,4,11,60,0.0,0.0,0.0,0.0,0.0,5,28.2,24.4,80,981.1,85,4.3,-9900,-9900,0.0,0.0
2023,9,4,12,60,0.0,0.0,0.0,0.0,0.0,5,27.7,24.7,84,981.3,92,5.2,-9900,-9900,0.0,0.0
2023,9,4,13,60,0.0,0.0,0.0,0.0,0.0,5,28.4,24.6,80,981.0,89,4.5,-9900,-9900,0.0,0.0
2023,9,4,14,60,0.0,0.0,0.0,0.0,0.0,5,28.8,24.6,78,980.6,94,4.4,-9900,-9900,0.0,0.0
2023,9,4,15,60,0.0,0.0,0.0,0.0,0.0,5,28.9,24.2,76,979.7,90,5.7,-9900,-9900,0.0,0.0
2023,9,4,16,60,0.0,0.0,0.0,0.0,0.0,5,28.7,24.3,77,980.1,87,6.0,-9900,-9900,0.0,0.0
2023,9,4,17,60,0.0,0.0,0.0,0.0,0.0,5,28.9,23.8,74,982.3,97,4.1,-9900,-9900,0.0,0.0
2023,9,4,18,60,0.0,0.0,0.0,0.0,0.0,5,28.7,24.1,76,983.8,91,2.2,-9900,-9900,0.0,0.0
2023,9,4,19,60,0.0,0.0,0.0,0.0,0.0,5,28.3,24.1,78,984.5,89,4.6,-9900,-9900,0.0,0.0
2023,9,4,20,60,0.0,0.0,0.0,0.0,0.0,5,27.3,24.2,83,985.2,87,3.9,-9900,-9900,0.0,0.0
2023,9,4,21,60,0.0,0.0,0.0,0.0,0.0,5,27.8,24.0,80,985.4,94,4.0,-9900,-9900,0.0,0.0
2023,9,4,22,60,0.0,0.0,0.0,0.0,0.0,5,28.1,23.9,78,985.9,105,2.6,-9900,-9900,0.0,0.0
2023,9,4,23,60,0.0,0.0,0.0,0.0,0.0,5,27.9,24.1,80,986.5,146,0.7,-9900,-9900,0.0,0.0
2023,9,4,24,60,0.0,0.0,0.0,0.0,0.0,5,27.5,24.2,82,986.6,136,1.4,-9900,-9900,0.0,0.0
2023,9,5,1,60,0.0,0.0,0.0,0.0,0.0,5,27.2,24.8,87,987.1,87,0.9,-9900,-9900,0.0,0.0
2023,9,5,2,60,0.0,0.0,0.0,0.0,0.0,5,27.1,25.1,89,987.4,0,0.0,-9900,-9900,0.0,0.0
2023,9,5,3,60,0.0,0.0,0.0,0.0,0.0,5,25.9,24.9,94,987.5,90,0.8,-9900,-9900,0.0,0.0
2023,9,5,4,60,0.0,0.0,0.0,0.0,0.0,5,25.5,25.2,98,987.6,88,1.0,-9900,-9900,0.0,0.0
2023,9,5,5,60,0.0,0.0,0.0,0.0,0.0,5,25.6,24.9,96,987.7,103,0.9,-9900,-9900,0.0,0.0
2023,9,5,6,60,0.0,0.0,0.0,0.0,0.0,5,25.9,24.7,93,988.1,196,0.4,-9900,-9900,0.0,0.0
2023,9,5,7,60,0.0,0.0,0.0,0.0,0.0,5,26.6,24.8,90,988.7,136,0.9,-9900,-9900,0.0,0.0
2023,9,5,8,60,0.0,0.0,0.0,0.0,0.0,5,27.4,25.0,87,989.1,97,0.7,-9900,-9900,0.0,0.0
2023,9,5,9,60,0.0,0.0,0.0,0.0,0.0,5,28.9,24.9,79,989.6,141,1.0,-9900,-9900,0.0,0.0
2023,9,5,10,60,0.0,0.0,0.0,0.0,0.0,5,29.8,24.4,73,990.0,0,0.0,-9900,-9900,0.0,0.0
2023,9,5,11,60,0.0,0.0,0.0,0.0,0.0,5,30.6,24.5,70,990.0,0,0.0,-9900,-9900,0.0,0.0
2023,9,5,12,60,0.0,0.0,0.0,0.0,0.0,5,30.9,24.1,67,989.4,99,1.1,-9900,-9900,0.0,0.0
2023,9,5,13,60,0.0,0.0,0.0,0.0,0.0,5,31.0,24.6,69,989.2,93,1.9,-9900,-9900,0.0,0.0
2023,9,5,14,60,0.0,0.0,0.0,0.0,0.0,5,30.5,25.6,75,988.7,134,1.0,-9900,-9900,0.0,0.0
2023,9,5,15,60,0.0,0.0,0.0,0.0,0.0,5,28.6,25.8,85,989.0,251,0.7,-9900,-9900,0.0,0.0
2023,9,5,16,60,0.0,0.0,0.0,0.0,0.0,5,29.2,25.6,81,989.1,101,0.8,-9900,-9900,0.0,0.0
2023,9,5,17,60,0.0,0.0,0.0,0.0,0.0,5,29.3,24.0,73,989.4,86,2.5,-9900,-9900,0.0,0.0
2023,9,5,18,60,0.0,0.0,0.0,0.0,0.0,5,28.8,23.5,73,990.0,85,1.2,-9900,-9900,0.0,0.0
2023,9,5,19,60,0.0,0.0,0.0,0.0,0.0,5,28.4,23.5,75,990.7,136,1.6,-9900,-9900,0.0,0.0
2023,9,5,20,60,0.0,0.0,0.0,0.0,0.0,5,26.9,25.1,90,991.4,0,0.0,-9900,-9900,0.0,0.0
2023,9,5,21,60,0.0,0.0,0.0,0.0,0.0,5,26.3,25.3,94,991.8,113,0.5,-9900,-9900,0.0,0.0
2023,9,5,22,60,0.0,0.0,0.0,0.0,0.0,5,26.5,24.7,90,991.8,141,1.1,-9900,-9900,0.0,0.0
2023,9,5,23,60,0.0,0.0,0.0,0.0,0.0,5,26.9,24.6,87,991.8,142,1.2,-9900,-9900,0.0,0.0
2023,9,5,24,60,0.0,0.0,0.0,0.0,0.0,5,26.6,24.6,89,991.8,141,1.0,-9900,-9900,0.0,0.0
2023,9,6,1,60,0.0,0.0,0.0,0.0,0.0,5,26.5,24.7,90,991.5,154,0.5,-9900,-9900,0.0,0.0
2023,9,6,2,60,0.0,0.0,0.0,0.0,0.0,5,26.5,24.3,88,991.4,274,0.5,-9900,-9900,0.0,0.0
2023,9,6,3,60,0.0,0.0,0.0,0.0,0.0,5,26.1,24.5,91,991.2,0,0.0,-9900,-9900,0.0,0.0
2023,9,6,4,60,0.0,0.0,0.0,0.0,0.0,5,26.0,24.8,93,991.3,87,0.5,-9900,-9900,0.0,0.0
2023,9,6,5,60,0.0,0.0,0.0,0.0,0.0,5,25.9,24.5,92,991.7,117,0.7,-9900,-9900,0.0,0.0
2023,9,6,6,60,0.0,0.0,0.0,0.0,0.0,5,26.1,24.3,90,992.2,132,0.9,-9900,-9900,0.0,0.0
2023,9,6,7,60,0.0,0.0,0.0,0.0,0.0,5,26.6,24.8,90,992.6,143,1.3,-9900,-9900,0.0,0.0
2023,9,6,8,60,0.0,0.0,0.0,0.0,0.0,5,28.8,24.6,78,993.1,87,0.4,-9900,-9900,0.0,0.0
2023,9,6,9,60,0.0,0.0,0.0,0.0,0.0,5,30.2,24.4,71,993.0,101,0.7,-9900,-9900,0.0,0.0
2023,9,6,10,60,0.0,0.0,0.0,0.0,0.0,5,30.2,25.1,74,993.1,12,0.9,-9900,-9900,0.0,0.0
2023,9,6,11,60,0.0,0.0,0.0,0.0,0.0,5,29.4,25.8,81,993.1,360,1.3,-9900,-9900,0.0,0.0
2023,9,6,12,60,0.0,0.0,0.0,0.0,0.0,5,29.4,25.6,80,992.7,319,2.3,-9900,-9900,0.0,0.0
2023,9,6,13,60,0.0,0.0,0.0,0.0,0.0,5,26.2,25.9,98,992.6,85,1.9,-9900,-9900,0.0,0.0
2023,9,6,14,60,0.0,0.0,0.0,0.0,0.0,5,26.2,25.3,95,992.3,97,1.5,-9900,-9900,0.0,0.0
2023,9,6,15,60,0.0,0.0,0.0,0.0,0.0,5,26.2,25.2,94,991.8,131,1.6,-9900,-9900,0.0,0.0
2023,9,6,16,60,0.0,0.0,0.0,0.0,0.0,5,25.2,24.7,97,992.4,133,2.5,-9900,-9900,0.0,0.0
2023,9,6,17,60,0.0,0.0,0.0,0.0,0.0,5,24.9,24.2,96,992.7,105,1.4,-9900,-9900,0.0,0.0
2023,9,6,18,60,0.0,0.0,0.0,0.0,0.0,5,25.1,23.0,88,993.0,85,2.1,-9900,-9900,0.0,0.0
2023,9,6,19,60,0.0,0.0,0.0,0.0,0.0,5,25.2,23.3,89,993.7,98,1.6,-9900,-9900,0.0,0.0
2023,9,6,20,60,0.0,0.0,0.0,0.0,0.0,5,25.3,22.8,86,993.9,90,2.2,-9900,-9900,0.0,0.0
2023,9,6,21,60,0.0,0.0,0.0,0.0,0.0,5,23.9,21.4,86,994.2,95,3.6,-9900,-9900,0.0,0.0
2023,9,6,22,60,0.0,0.0,0.0,0.0,0.0,5,24.5,22.8,90,994.1,69,2.4,-9900,-9900,0.0,0.0
2023,9,6,23,60,0.0,0.0,0.0,0.0,0.0,5,24.5,22.2,87,994.1,84,3.3,-9900,-9900,0.0,0.0
2023,9,6,24,60,0.0,0.0,0.0,0.0,0.0,5,24.9,21.6,82,993.3,81,2.9,-9900,-9900,0.0,0.0
2023,9,7,1,60,0.0,0.0,0.0,0.0,0.0,5,25.4,21.7,80,992.2,88,2.5,-9900,-9900,0.0,0.0
2023,9,7,2,60,0.0,0.0,0.0,0.0,0.0,5,25.1,22.4,85,991.9,77,2.1,-9900,-9900,0.0,0.0
2023,9,7,3,60,0.0,0.0,0.0,0.0,0.0,5,25.1,21.8,82,991.6,101,2.4,-9900,-9900,0.0,0.0
2023,9,7,4,60,0.0,0.0,0.0,0.0,0.0,5,25.7,20.5,73,991.4,99,3.8,-9900,-9900,0.0,0.0
2023,9,7,5,60,0.0,0.0,0.0,0.0,0.0,5,25.7,20.9,75,992.2,0,0.0,-9900,-9900,0.0,0.0
2023,9,7,6,60,0.0,0.0,0.0,0.0,0.0,5,25.4,21.5,79,992.6,110,0.7,-9900,-9900,0.0,0.0
2023,9,7,7,60,0.0,0.0,0.0,0.0,0.0,5,25.2,21.9,82,993.3,89,0.9,-9900,-9900,0.0,0.0
2023,9,7,8,60,0.0,0.0,0.0,0.0,0.0,5,26.2,22.5,80,993.6,100,1.2,-9900,-9900,0.0,0.0
2023,9,7,9,60,0.0,0.0,0.0,0.0,0.0,5,27.1,21.8,73,993.7,94,3.4,-9900,-9900,0.0,0.0
2023,9,7,10,60,0.0,0.0,0.0,0.0,0.0,5,27.9,22.4,72,993.9,93,3.2,-9900,-9900,0.0,0.0
2023,9,7,11,60,0.0,0.0,0.0,0.0,0.0,5,27.4,22.8,76,994.0,85,2.4,-9900,-9900,0.0,0.0
2023,9,7,12,60,0.0,0.0,0.0,0.0,0.0,5,27.8,23.0,75,993.3,90,3.1,-9900,-9900,0.0,0.0
2023,9,7,13,60,0.0,0.0,0.0,0.0,0.0,5,28.6,22.4,69,992.8,86,3.5,-9900,-9900,0.0,0.0
2023,9,7,14,60,0.0,0.0,0.0,0.0,0.0,5,28.6,22.1,68,992.2,89,3.9,-9900,-9900,0.0,0.0
2023,9,7,15,60,0.0,0.0,0.0,0.0,0.0,5,28.5,22.0,68,992.2,94,3.8,-9900,-9900,0.0,0.0
2023,9,7,16,60,0.0,0.0,0.0,0.0,0.0,5,28.0,22.0,70,992.4,99,3.0,-9900,-9900,0.0,0.0
2023,9,7,17,60,0.0,0.0,0.0,0.0,0.0,5,27.2,21.5,71,992.4,94,3.0,-9900,-9900,0.0,0.0
2023,9,7,18,60,0.0,0.0,0.0,0.0,0.0,5,26.4,20.9,72,992.4,87,3.2,-9900,-9900,0.0,0.0
2023,9,7,19,60,0.0,0.0,0.0,0.0,0.0,5,26.2,21.6,76,992.2,83,3.4,-9900,-9900,0.0,0.0
2023,9,7,20,60,0.0,0.0,0.0,0.0,0.0,5,26.3,20.8,72,992.3,90,2.9,-9900,-9900,0.0,0.0
2023,9,7,21,60,0.0,0.0,0.0,0.0,0.0,5,26.3,21.3,74,992.4,81,2.9,-9900,-9900,0.0,0.0
2023,9,7,22,60,0.0,0.0,0.0,0.0,0.0,5,26.6,21.1,72,992.3,87,3.7,-9900,-9900,0.0,0.0
2023,9,7,23,60,0.0,0.0,0.0,0.0,0.0,5,26.8,21.6,73,992.3,88,4.8,-9900,-9900,0.0,0.0
2023,9,7,24,60,0.0,0.0,0.0,0.0,0.0,5,26.8,22.0,75,992.2,91,4.0,-9900,-9900,0.0,0.0
2023,9,8,1,60,0.0,0.0,0.0,0.0,0.0,5,26.6,22.0,76,991.8,97,2.7,-9900,-9900,0.0,0.0
2023,9,8,2,60,0.0,0.0,0.0,0.0,0.0,5,26.8,21.6,73,991.7,93,3.2,-9900,-9900,0.0,0.0
2023,9,8,3,60,0.0,0.0,0.0,0.0,0.0,5,26.7,22.1,76,992.1,100,1.9,-9900,-9900,0.0,0.0
2023,9,8,4,60,0.0,0.0,0.0,0.0,0.0,5,26.4,22.3,78,992.3,101,2.2,-9900,-9900,0.0,0.0
2023,9,8,5,60,0.0,0.0,0.0,0.0,0.0,5,26.0,22.9,83,992.7,93,1.7,-9900,-9900,0.0,0.0
2023,9,8,6,60,0.0,0.0,0.0,0.0,0.0,5,25.8,23.1,85,992.8,100,1.7,-9900,-9900,0.0,0.0
2023,9,8,7,60,0.0,0.0,0.0,0.0,0.0,5,26.2,23.3,84,993.4,103,1.1,-9900,-9900,0.0,0.0
2023,9,8,8,60,0.0,0.0,0.0,0.0,0.0,5,26.9,23.4,81,993.9,87,1.6,-9900,-9900,0.0,0.0
2023,9,8,9,60,0.0,0.0,0.0,0.0,0.0,5,26.8,23.5,82,994.1,89,1.6,-9900,-9900,0.0,0.0
2023,9,8,10,60,0.0,0.0,0.0,0.0,0.0,5,26.5,23.6,84,994.1,86,2.2,-9900,-9900,0.0,0.0
2023,9,8,11,60,0.0,0.0,0.0,0.0,0.0,5,25.8,23.3,86,994.1,92,3.3,-9900,-9900,0.0,0.0
2023,9,8,12,60,0.0,0.0,0.0,0.0,0.0,5,25.4,22.9,86,994.0,91,3.8,-9900,-9900,0.0,0.0
2023,9,8,13,60,0.0,0.0,0.0,0.0,0.0,5,25.1,22.2,84,993.5,96,3.6,-9900,-9900,0.0,0.0
2023,9,8,14,60,0.0,0.0,0.0,0.0,0.0,5,25.5,20.5,74,992.9,90,4.0,-9900,-9900,0.0,0.0
2023,9,8,15,60,0.0,0.0,0.0,0.0,0.0,5,26.9,21.0,70,992.1,90,5.2,-9900,-9900,0.0,0.0
2023,9,8,16,60,0.0,0.0,0.0,0.0,0.0,5,27.8,20.1,63,992.1,85,3.0,-9900,-9900,0.0,0.0
2023,9,8,17,60,0.0,0.0,0.0,0.0,0.0,5,27.5,19.8,63,992.1,77,2.6,-9900,-9900,0.0,0.0
2023,9,8,18,60,0.0,0.0,0.0,0.0,0.0,5,27.2,19.3,62,992.1,79,3.0,-9900,-9900,0.0,0.0
2023,9,8,19,60,0.0,0.0,0.0,0.0,0.0,5,26.9,18.7,61,992.2,81,3.3,-9900,-9900,0.0,0.0
2023,9,8,20,60,0.0,0.0,0.0,0.0,0.0,5,26.4,18.5,62,992.7,72,2.6,-9900,-9900,0.0,0.0
2023,9,8,21,60,0.0,0.0,0.0,0.0,0.0,5,26.3,18.2,61,993.2,61,2.3,-9900,-9900,0.0,0.0
2023,9,8,22,60,0.0,0.0,0.0,0.0,0.0,5,26.2,18.3,62,993.1,68,2.8,-9900,-9900,0.0,0.0
2023,9,8,23,60,0.0,0.0,0.0,0.0,0.0,5,26.1,18.3,62,993.2,94,2.3,-9900,-9900,0.0,0.0
2023,9,8,24,60,0.0,0.0,0.0,0.0,0.0,5,25.7,18.4,64,993.0,103,2.0,-9900,-9900,0.0,0.0
2023,9,9,1,60,0.0,0.0,0.0,0.0,0.0,5,24.9,18.8,69,992.8,113,0.4,-9900,-9900,0.0,0.0
2023,9,9,2,60,0.0,0.0,0.0,0.0,0.0,5,24.5,19.1,72,992.9,86,1.3,-9900,-9900,0.0,0.0
2023,9,9,3,60,0.0,0.0,0.0,0.0,0.0,5,23.9,19.2,75,992.6,134,1.2,-9900,-9900,0.0,0.0
2023,9,9,4,60,0.0,0.0,0.0,0.0,0.0,5,23.5,18.8,75,992.4,154,1.1,-9900,-9900,0.0,0.0
2023,9,9,5,60,0.0,0.0,0.0,0.0,0.0,5,23.4,19.1,77,992.6,149,1.2,-9900,-9900,0.0,0.0
2023,9,9,6,60,0.0,0.0,0.0,0.0,0.0,5,23.5,19.6,79,992.8,147,0.3,-9900,-9900,0.0,0.0
2023,9,9,7,60,0.0,0.0,0.0,0.0,0.0,5,24.7,20.6,78,993.0,95,1.8,-9900,-9900,0.0,0.0
2023,9,9,8,60,0.0,0.0,0.0,0.0,0.0,5,25.3,20.8,76,993.5,140,1.1,-9900,-9900,0.0,0.0
2023,9,9,9,60,0.0,0.0,0.0,0.0,0.0,5,26.5,21.0,72,993.5,86,1.2,-9900,-9900,0.0,0.0
2023,9,9,10,60,0.0,0.0,0.0,0.0,0.0,5,27.8,21.4,68,993.5,68,1.9,-9900,-9900,0.0,0.0
2023,9,9,11,60,0.0,0.0,0.0,0.0,0.0,5,29.0,19.0,55,993.1,70,1.8,-9900,-9900,0.0,0.0
2023,9,9,12,60,0.0,0.0,0.0,0.0,0.0,5,28.5,22.0,68,992.6,27,2.7,-9900,-9900,0.0,0.0
2023,9,9,13,60,0.0,0.0,0.0,0.0,0.0,5,28.7,20.7,62,992.1,18,2.3,-9900,-9900,0.0,0.0
2023,9,9,14,60,0.0,0.0,0.0,0.0,0.0,5,28.9,21.4,64,991.7,29,2.0,-9900,-9900,0.0,0.0
2023,9,9,15,60,0.0,0.0,0.0,0.0,0.0,5,28.0,20.8,65,991.4,34,3.1,-9900,-9900,0.0,0.0
2023,9,9,16,60,0.0,0.0,0.0,0.0,0.0,5,28.5,21.3,65,991.1,34,2.7,-9900,-9900,0.0,0.0
2023,9,9,17,60,0.0,0.0,0.0,0.0,0.0,5,28.7,16.6,48,991.4,85,1.8,-9900,-9900,0.0,0.0
2023,9,9,18,60,0.0,0.0,0.0,0.0,0.0,5,27.8,17.9,55,991.5,91,4.4,-9900,-9900,0.0,0.0
2023,9,9,19,60,0.0,0.0,0.0,0.0,0.0,5,27.4,16.4,51,991.6,89,3.1,-9900,-9900,0.0,0.0
2023,9,9,20,60,0.0,0.0,0.0,0.0,0.0,5,26.8,17.3,56,992.0,77,2.5,-9900,-9900,0.0,0.0
2023,9,9,21,60,0.0,0.0,0.0,0.0,0.0,5,26.3,18.2,61,992.5,80,1.7,-9900,-9900,0.0,0.0
2023,9,9,22,60,0.0,0.0,0.0,0.0,0.0,5,26.0,18.2,62,992.9,91,1.8,-9900,-9900,0.0,0.0
2023,9,9,23,60,0.0,0.0,0.0,0.0,0.0,5,25.5,17.7,62,992.9,101,1.4,-9900,-9900,0.0,0.0
2023,9,9,24,60,0.0,0.0,0.0,0.0,0.0,5,24.9,18.4,67,992.5,111,1.2,-9900,-9900,0.0,0.0
2023,9,10,1,60,0.0,0.0,0.0,0.0,0.0,5,24.5,18.4,69,992.1,117,1.2,-9900,-9900,0.0,0.0
2023,9,10,2,60,0.0,0.0,0.0,0.0,0.0,5,23.9,17.9,69,991.6,127,1.2,-9900,-9900,0.0,0.0
2023,9,10,3,60,0.0,0.0,0.0,0.0,0.0,5,23.4,17.6,70,991.2,134,1.5,-9900,-9900,0.0,0.0
2023,9,10,4,60,0.0,0.0,0.0,0.0,0.0,5,23.3,17.5,70,991.2,128,1.2,-9900,-9900,0.0,0.0
2023,9,10,5,60,0.0,0.0,0.0,0.0,0.0,5,22.7,17.8,74,991.4,134,1.1,-9900,-9900,0.0,0.0
2023,9,10,6,60,0.0,0.0,0.0,0.0,0.0,5,22.4,17.8,75,991.6,120,1.2,-9900,-9900,0.0,0.0
2023,9,10,7,60,0.0,0.0,0.0,0.0,0.0,5,24.0,18.4,71,992.0,78,1.1,-9900,-9900,0.0,0.0
2023,9,10,8,60,0.0,0.0,0.0,0.0,0.0,5,25.6,20.8,75,992.3,84,2.6,-9900,-9900,0.0,0.0
2023,9,10,9,60,0.0,0.0,0.0,0.0,0.0,5,27.5,19.8,63,992.4,94,2.3,-9900,-9900,0.0,0.0
2023,9,10,10,60,0.0,0.0,0.0,0.0,0.0,5,29.4,18.2,51,992.2,76,2.1,-9900,-9900,0.0,0.0
2023,9,10,11,60,0.0,0.0,0.0,0.0,0.0,5,30.7,18.4,48,991.9,65,2.6,-9900,-9900,0.0,0.0
2023,9,10,12,60,0.0,0.0,0.0,0.0,0.0,5,32.4,18.6,44,991.4,15,0.9,-9900,-9900,0.0,0.0
2023,9,10,13,60,0.0,0.0,0.0,0.0,0.0,5,30.7,21.8,59,991.0,346,2.0,-9900,-9900,0.0,0.0
2023,9,10,14,60,0.0,0.0,0.0,0.0,0.0,5,30.4,22.0,61,990.6,7,2.4,-9900,-9900,0.0,0.0
2023,9,10,15,60,0.0,0.0,0.0,0.0,0.0,5,29.5,22.2,65,990.4,5,2.5,-9900,-9900,0.0,0.0
2023,9,10,16,60,0.0,0.0,0.0,0.0,0.0,5,28.9,22.9,70,990.8,22,3.0,-9900,-9900,0.0,0.0
2023,9,10,17,60,0.0,0.0,0.0,0.0,0.0,5,28.5,23.2,73,990.7,23,2.4,-9900,-9900,0.0,0.0
2023,9,10,18,60,0.0,0.0,0.0,0.0,0.0,5,28.4,21.9,68,991.2,55,2.4,-9900,-9900,0.0,0.0
2023,9,10,19,60,0.0,0.0,0.0,0.0,0.0,5,27.4,22.4,74,991.7,79,2.4,-9900,-9900,0.0,0.0
2023,9,10,20,60,0.0,0.0,0.0,0.0,0.0,5,26.9,22.5,77,992.4,91,2.5,-9900,-9900,0.0,0.0
2023,9,10,21,60,0.0,0.0,0.0,0.0,0.0,5,26.7,21.5,73,992.5,95,3.3,-9900,-9900,0.0,0.0
2023,9,10,22,60,0.0,0.0,0.0,0.0,0.0,5,26.1,21.1,74,992.4,88,1.5,-9900,-9900,0.0,0.0
2023,9,10,23,60,0.0,0.0,0.0,0.0,0.0,5,25.7,20.9,75,992.4,120,0.7,-9900,-9900,0.0,0.0
2023,9,10,24,60,0.0,0.0,0.0,0.0,0.0,5,25.0,20.7,77,991.9,136,1.0,-9900,-9900,0.0,0.0
2023,9,11,1,60,0.0,0.0,0.0,0.0,0.0,5,24.7,20.6,78,991.5,95,1.1,-9900,-9900,0.0,0.0
2023,9,11,2,60,0.0,0.0,0.0,0.0,0.0,5,24.1,20.8,82,991.1,137,1.1,-9900,-9900,0.0,0.0
2023,9,11,3,60,0.0,0.0,0.0,0.0,0.0,5,23.8,20.3,81,991.1,134,1.0,-9900,-9900,0.0,0.0
2023,9,11,4,60,0.0,0.0,0.0,0.0,0.0,5,24.4,20.1,77,991.6,147,0.8,-9900,-9900,0.0,0.0
2023,9,11,5,60,0.0,0.0,0.0,0.0,0.0,5,23.8,19.5,77,991.4,123,1.6,-9900,-9900,0.0,0.0
2023,9,11,6,60,0.0,0.0,0.0,0.0,0.0,5,23.3,19.5,79,991.5,136,1.5,-9900,-9900,0.0,0.0
2023,9,11,7,60,0.0,0.0,0.0,0.0,0.0,5,24.0,19.7,77,992.1,126,1.4,-9900,-9900,0.0,0.0
2023,9,11,8,60,0.0,0.0,0.0,0.0,0.0,5,25.6,20.2,72,992.5,128,1.6,-9900,-9900,0.0,0.0
2023,9,11,9,60,0.0,0.0,0.0,0.0,0.0,5,28.7,21.5,65,992.4,0,0.0,-9900,-9900,0.0,0.0
2023,9,11,10,60,0.0,0.0,0.0,0.0,0.0,5,29.7,21.6,62,992.5,32,0.3,-9900,-9900,0.0,0.0
2023,9,11,11,60,0.0,0.0,0.0,0.0,0.0,5,30.6,21.7,59,992.3,68,0.9,-9900,-9900,0.0,0.0
2023,9,11,12,60,0.0,0.0,0.0,0.0,0.0,5,30.0,22.2,63,991.7,6,1.8,-9900,-9900,0.0,0.0
2023,9,11,13,60,0.0,0.0,0.0,0.0,0.0,5,30.6,22.2,61,991.3,21,1.3,-9900,-9900,0.0,0.0
2023,9,11,14,60,0.0,0.0,0.0,0.0,0.0,5,30.6,22.2,61,991.3,21,1.3,-9900,-9900,0.0,0.0
2023,9,11,15,60,0.0,0.0,0.0,0.0,0.0,5,30.6,22.2,61,991.3,21,1.3,-9900,-9900,0.0,0.0
2023,9,11,16,60,0.0,0.0,0.0,0.0,0.0,5,30.6,19.9,53,990.5,320,2.0,-9900,-9900,0.0,0.0
2023,9,11,17,60,0.0,0.0,0.0,0.0,0.0,5,30.1,19.2,52,990.7,329,1.2,-9900,-9900,0.0,0.0
2023,9,11,18,60,0.0,0.0,0.0,0.0,0.0,5,29.6,18.1,50,991.1,9,0.9,-9900,-9900,0.0,0.0
2023,9,11,19,60,0.0,0.0,0.0,0.0,0.0,5,29.0,19.6,57,991.7,7,1.0,-9900,-9900,0.0,0.0
2023,9,11,20,60,0.0,0.0,0.0,0.0,0.0,5,28.3,20.3,62,992.2,99,1.7,-9900,-9900,0.0,0.0
2023,9,11,21,60,0.0,0.0,0.0,0.0,0.0,5,27.5,20.6,66,992.9,134,1.4,-9900,-9900,0.0,0.0
2023,9,11,22,60,0.0,0.0,0.0,0.0,0.0,5,27.2,20.3,66,993.1,91,1.3,-9900,-9900,0.0,0.0
2023,9,11,23,60,0.0,0.0,0.0,0.0,0.0,5,26.8,20.6,69,992.9,120,1.1,-9900,-9900,0.0,0.0
2023,9,11,24,60,0.0,0.0,0.0,0.0,0.0,5,26.1,20.9,73,992.5,129,1.1,-9900,-9900,0.0,0.0
2023,9,12,1,60,0.0,0.0,0.0,0.0,0.0,5,25.8,20.8,74,992.1,156,1.0,-9900,-9900,0.0,0.0
2023,9,12,2,60,0.0,0.0,0.0,0.0,0.0,5,25.9,20.5,72,991.8,132,1.0,-9900,-9900,0.0,0.0
2023,9,12,3,60,0.0,0.0,0.0,0.0,0.0,5,25.4,21.1,77,991.6,127,1.4,-9900,-9900,0.0,0.0
2023,9,12,4,60,0.0,0.0,0.0,0.0,0.0,5,25.0,21.7,82,991.5,130,1.0,-9900,-9900,0.0,0.0
2023,9,12,5,60,0.0,0.0,0.0,0.0,0.0,5,24.7,21.6,83,991.6,131,0.6,-9900,-9900,0.0,0.0
2023,9,12,6,60,0.0,0.0,0.0,0.0,0.0,5,24.1,21.6,86,991.9,136,1.9,-9900,-9900,0.0,0.0
2023,9,12,7,60,0.0,0.0,0.0,0.0,0.0,5,25.0,21.7,82,992.3,135,1.4,-9900,-9900,0.0,0.0
2023,9,12,8,60,0.0,0.0,0.0,0.0,0.0,5,27.6,21.6,70,992.5,89,0.6,-9900,-9900,0.0,0.0
2023,9,12,9,60,0.0,0.0,0.0,0.0,0.0,5,28.7,21.0,63,992.7,64,0.5,-9900,-9900,0.0,0.0
2023,9,12,10,60,0.0,0.0,0.0,0.0,0.0,5,30.2,20.5,56,992.6,70,1.2,-9900,-9900,0.0,0.0
2023,9,12,11,60,0.0,0.0,0.0,0.0,0.0,5,30.5,21.3,58,992.1,325,2.2,-9900,-9900,0.0,0.0
2023,9,12,12,60,0.0,0.0,0.0,0.0,0.0,5,30.4,21.5,59,991.6,306,1.4,-9900,-9900,0.0,0.0
2023,9,12,13,60,0.0,0.0,0.0,0.0,0.0,5,31.0,21.5,57,991.0,320,1.7,-9900,-9900,0.0,0.0
2023,9,12,14,60,0.0,0.0,0.0,0.0,0.0,5,29.7,22.2,64,990.6,315,3.9,-9900,-9900,0.0,0.0
2023,9,12,15,60,0.0,0.0,0.0,0.0,0.0,5,29.1,23.1,70,990.2,321,2.5,-9900,-9900,0.0,0.0
2023,9,12,16,60,0.0,0.0,0.0,0.0,0.0,5,29.6,22.6,66,990.3,319,2.1,-9900,-9900,0.0,0.0
2023,9,12,17,60,0.0,0.0,0.0,0.0,0.0,5,28.9,22.2,67,990.6,324,1.5,-9900,-9900,0.0,0.0
2023,9,12,18,60,0.0,0.0,0.0,0.0,0.0,5,28.0,22.7,73,990.5,314,1.9,-9900,-9900,0.0,0.0
2023,9,12,19,60,0.0,0.0,0.0,0.0,0.0,5,28.6,22.1,68,991.0,293,0.4,-9900,-9900,0.0,0.0
2023,9,12,20,60,0.0,0.0,0.0,0.0,0.0,5,28.6,22.1,68,991.9,130,0.6,-9900,-9900,0.0,0.0
2023,9,12,21,60,0.0,0.0,0.0,0.0,0.0,5,27.8,23.2,76,992.5,135,1.5,-9900,-9900,0.0,0.0
2023,9,12,22,60,0.0,0.0,0.0,0.0,0.0,5,27.3,22.9,77,992.6,82,1.0,-9900,-9900,0.0,0.0
2023,9,12,23,60,0.0,0.0,0.0,0.0,0.0,5,26.9,22.1,75,992.5,126,1.1,-9900,-9900,0.0,0.0
2023,9,12,24,60,0.0,0.0,0.0,0.0,0.0,5,26.4,22.5,79,992.3,132,1.5,-9900,-9900,0.0,0.0
2023,9,13,1,60,0.0,0.0,0.0,0.0,0.0,5,26.3,21.9,77,992.2,95,0.9,-9900,-9900,0.0,0.0
2023,9,13,2,60,0.0,0.0,0.0,0.0,0.0,5,26.0,22.5,81,991.9,142,0.8,-9900,-9900,0.0,0.0
2023,9,13,3,60,0.0,0.0,0.0,0.0,0.0,5,25.9,22.6,82,991.7,138,0.9,-9900,-9900,0.0,0.0
2023,9,13,4,60,0.0,0.0,0.0,0.0,0.0,5,25.8,23.1,85,991.7,141,0.7,-9900,-9900,0.0,0.0
2023,9,13,5,60,0.0,0.0,0.0,0.0,0.0,5,26.1,22.6,81,991.8,296,0.7,-9900,-9900,0.0,0.0
2023,9,13,6,60,0.0,0.0,0.0,0.0,0.0,5,25.7,23.2,86,992.0,0,0.0,-9900,-9900,0.0,0.0
2023,9,13,7,60,0.0,0.0,0.0,0.0,0.0,5,27.4,22.1,73,992.1,0,0.2,-9900,-9900,0.0,0.0
2023,9,13,8,60,0.0,0.0,0.0,0.0,0.0,5,28.1,21.6,68,992.0,83,0.8,-9900,-9900,0.0,0.0
2023,9,13,9,60,0.0,0.0,0.0,0.0,0.0,5,29.5,21.7,63,992.1,107,0.5,-9900,-9900,0.0,0.0
2023,9,13,10,60,0.0,0.0,0.0,0.0,0.0,5,31.0,21.2,56,992.2,96,0.3,-9900,-9900,0.0,0.0
2023,9,13,11,60,0.0,0.0,0.0,0.0,0.0,5,31.4,22.7,60,991.9,12,1.0,-9900,-9900,0.0,0.0
2023,9,13,12,60,0.0,0.0,0.0,0.0,0.0,5,29.9,24.1,71,991.7,332,2.2,-9900,-9900,0.0,0.0
2023,9,13,13,60,0.0,0.0,0.0,0.0,0.0,5,29.0,23.7,73,991.6,317,3.5,-9900,-9900,0.0,0.0
2023,9,13,14,60,0.0,0.0,0.0,0.0,0.0,5,28.8,22.3,68,991.3,315,2.0,-9900,-9900,0.0,0.0
2023,9,13,15,60,0.0,0.0,0.0,0.0,0.0,5,29.3,19.9,57,991.2,295,1.1,-9900,-9900,0.0,0.0
2023,9,13,16,60,0.0,0.0,0.0,0.0,0.0,5,28.7,19.1,56,991.1,299,1.3,-9900,-9900,0.0,0.0
2023,9,13,17,60,0.0,0.0,0.0,0.0,0.0,5,28.7,19.6,58,990.8,264,0.9,-9900,-9900,0.0,0.0
2023,9,13,18,60,0.0,0.0,0.0,0.0,0.0,5,28.6,20.6,62,991.1,0,0.2,-9900,-9900,0.0,0.0
2023,9,13,19,60,0.0,0.0,0.0,0.0,0.0,5,28.1,21.4,67,991.3,135,1.4,-9900,-9900,0.0,0.0
2023,9,13,20,60,0.0,0.0,0.0,0.0,0.0,5,28.0,21.3,67,991.8,135,1.3,-9900,-9900,0.0,0.0
2023,9,13,21,60,0.0,0.0,0.0,0.0,0.0,5,27.6,22.1,72,992.3,90,0.5,-9900,-9900,0.0,0.0
2023,9,13,22,60,0.0,0.0,0.0,0.0,0.0,5,26.7,22.8,79,992.4,135,1.8,-9900,-9900,0.0,0.0
2023,9,13,23,60,0.0,0.0,0.0,0.0,0.0,5,26.5,22.4,78,992.6,131,1.5,-9900,-9900,0.0,0.0
2023,9,13,24,60,0.0,0.0,0.0,0.0,0.0,5,26.2,22.3,79,992.3,133,1.6,-9900,-9900,0.0,0.0
2023,9,14,1,60,0.0,0.0,0.0,0.0,0.0,5,26.2,22.3,79,992.3,130,1.0,-9900,-9900,0.0,0.0
2023,9,14,2,60,0.0,0.0,0.0,0.0,0.0,5,26.3,22.2,78,992.3,0,0.0,-9900,-9900,0.0,0.0
2023,9,14,3,60,0.0,0.0,0.0,0.0,0.0,5,26.2,22.1,78,992.1,0,0.0,-9900,-9900,0.0,0.0
2023,9,14,4,60,0.0,0.0,0.0,0.0,0.0,5,26.0,22.7,82,991.8,286,0.9,-9900,-9900,0.0,0.0
2023,9,14,5,60,0.0,0.0,0.0,0.0,0.0,5,25.9,23.0,84,991.9,269,0.6,-9900,-9900,0.0,0.0
2023,9,14,6,60,0.0,0.0,0.0,0.0,0.0,5,25.2,22.5,85,992.2,0,0.0,-9900,-9900,0.0,0.0
2023,9,14,7,60,0.0,0.0,0.0,0.0,0.0,5,26.4,22.0,77,992.7,0,0.0,-9900,-9900,0.0,0.0
2023,9,14,8,60,0.0,0.0,0.0,0.0,0.0,5,27.2,23.0,78,993.1,98,1.0,-9900,-9900,0.0,0.0
2023,9,14,9,60,0.0,0.0,0.0,0.0,0.0,5,28.8,21.8,66,993.1,85,1.3,-9900,-9900,0.0,0.0
2023,9,14,10,60,0.0,0.0,0.0,0.0,0.0,5,30.4,21.5,59,993.1,9,0.9,-9900,-9900,0.0,0.0
2023,9,14,11,60,0.0,0.0,0.0,0.0,0.0,5,30.4,22.8,64,992.9,3,1.8,-9900,-9900,0.0,0.0
2023,9,14,12,60,0.0,0.0,0.0,0.0,0.0,5,30.4,22.0,61,992.8,7,1.5,-9900,-9900,0.0,0.0
2023,9,14,13,60,0.0,0.0,0.0,0.0,0.0,5,30.1,22.3,63,992.3,349,2.5,-9900,-9900,0.0,0.0
2023,9,14,14,60,0.0,0.0,0.0,0.0,0.0,5,29.3,22.5,67,992.2,2,2.0,-9900,-9900,0.0,0.0
2023,9,14,15,60,0.0,0.0,0.0,0.0,0.0,5,28.9,22.9,70,992.2,3,1.5,-9900,-9900,0.0,0.0
2023,9,14,16,60,0.0,0.0,0.0,0.0,0.0,5,28.9,23.6,73,992.2,3,1.1,-9900,-9900,0.0,0.0
2023,9,14,17,60,0.0,0.0,0.0,0.0,0.0,5,28.2,23.1,74,992.3,360,1.1,-9900,-9900,0.0,0.0
2023,9,14,18,60,0.0,0.0,0.0,0.0,0.0,5,27.8,23.2,76,992.4,356,1.2,-9900,-9900,0.0,0.0
2023,9,14,19,60,0.0,0.0,0.0,0.0,0.0,5,27.8,22.3,72,992.9,18,0.6,-9900,-9900,0.0,0.0
2023,9,14,20,60,0.0,0.0,0.0,0.0,0.0,5,27.3,23.3,79,993.4,32,0.8,-9900,-9900,0.0,0.0
2023,9,14,21,60,0.0,0.0,0.0,0.0,0.0,5,27.4,24.1,82,994.3,91,1.9,-9900,-9900,0.0,0.0
2023,9,14,22,60,0.0,0.0,0.0,0.0,0.0,5,27.4,23.0,77,994.4,82,1.4,-9900,-9900,0.0,0.0
2023,9,14,23,60,0.0,0.0,0.0,0.0,0.0,5,27.1,22.5,76,994.2,77,0.9,-9900,-9900,0.0,0.0
2023,9,14,24,60,0.0,0.0,0.0,0.0,0.0,5,26.5,22.6,79,993.8,128,0.8,-9900,-9900,0.0,0.0
2023,9,15,1,60,0.0,0.0,0.0,0.0,0.0,5,26.1,22.6,81,993.8,141,1.3,-9900,-9900,0.0,0.0
2023,9,15,2,60,0.0,0.0,0.0,0.0,0.0,5,26.0,22.5,81,993.4,135,0.6,-9900,-9900,0.0,0.0
2023,9,15,3,60,0.0,0.0,0.0,0.0,0.0,5,26.1,22.0,78,992.9,0,0.0,-9900,-9900,0.0,0.0
2023,9,15,4,60,0.0,0.0,0.0,0.0,0.0,5,25.6,22.5,83,993.1,133,1.3,-9900,-9900,0.0,0.0
2023,9,15,5,60,0.0,0.0,0.0,0.0,0.0,5,25.7,22.0,80,993.3,174,0.7,-9900,-9900,0.0,0.0
2023,9,15,6,60,0.0,0.0,0.0,0.0,0.0,5,25.6,21.7,79,993.3,0,0.0,-9900,-9900,0.0,0.0
2023,9,15,7,60,0.0,0.0,0.0,0.0,0.0,5,25.8,21.7,78,994.5,179,0.4,-9900,-9900,0.0,0.0
2023,9,15,8,60,0.0,0.0,0.0,0.0,0.0,5,28.5,22.5,70,994.7,0,0.0,-9900,-9900,0.0,0.0
2023,9,15,9,60,0.0,0.0,0.0,0.0,0.0,5,29.2,22.4,67,995.0,75,0.3,-9900,-9900,0.0,0.0
2023,9,15,10,60,0.0,0.0,0.0,0.0,0.0,5,29.6,23.5,70,994.9,274,1.3,-9900,-9900,0.0,0.0
2023,9,15,11,60,0.0,0.0,0.0,0.0,0.0,5,29.7,23.6,70,994.6,279,1.2,-9900,-9900,0.0,0.0
2023,9,15,12,60,0.0,0.0,0.0,0.0,0.0,5,31.8,23.6,62,994.1,300,0.9,-9900,-9900,0.0,0.0
2023,9,15,13,60,0.0,0.0,0.0,0.0,0.0,5,32.1,22.2,56,993.5,281,0.8,-9900,-9900,0.0,0.0
2023,9,15,14,60,0.0,0.0,0.0,0.0,0.0,5,30.4,24.3,70,993.0,353,1.1,-9900,-9900,0.0,0.0
2023,9,15,15,60,0.0,0.0,0.0,0.0,0.0,5,30.5,23.9,68,992.8,339,1.7,-9900,-9900,0.0,0.0
2023,9,15,16,60,0.0,0.0,0.0,0.0,0.0,5,30.2,24.1,70,992.9,324,2.0,-9900,-9900,0.0,0.0
2023,9,15,17,60,0.0,0.0,0.0,0.0,0.0,5,28.9,24.2,76,993.3,34,2.0,-9900,-9900,0.0,0.0
2023,9,15,18,60,0.0,0.0,0.0,0.0,0.0,5,27.7,25.5,88,993.7,8,1.5,-9900,-9900,0.0,0.0
2023,9,15,19,60,0.0,0.0,0.0,0.0,0.0,5,25.6,23.8,90,994.9,168,1.1,-9900,-9900,0.0,0.0
2023,9,15,20,60,0.0,0.0,0.0,0.0,0.0,5,25.9,24.1,90,995.3,195,1.0,-9900,-9900,0.0,0.0
2023,9,15,21,60,0.0,0.0,0.0,0.0,0.0,5,26.1,23.4,85,995.6,194,1.0,-9900,-9900,0.0,0.0
2023,9,15,22,60,0.0,0.0,0.0,0.0,0.0,5,26.2,23.5,85,996.0,190,0.7,-9900,-9900,0.0,0.0
2023,9,15,23,60,0.0,0.0,0.0,0.0,0.0,5,26.3,23.4,84,995.8,0,0.0,-9900,-9900,0.0,0.0
2023,9,15,24,60,0.0,0.0,0.0,0.0,0.0,5,26.2,23.1,83,995.7,0,0.0,-9900,-9900,0.0,0.0
2023,9,16,1,60,0.0,0.0,0.0,0.0,0.0,5,26.2,22.7,81,995.4,0,0.2,-9900,-9900,0.0,0.0
2023,9,16,2,60,0.0,0.0,0.0,0.0,0.0,5,25.7,23.0,85,995.4,137,0.9,-9900,-9900,0.0,0.0
2023,9,16,3,60,0.0,0.0,0.0,0.0,0.0,5,25.6,22.5,83,995.2,131,0.3,-9900,-9900,0.0,0.0
2023,9,16,4,60,0.0,0.0,0.0,0.0,0.0,5,25.3,22.0,82,995.2,128,1.8,-9900,-9900,0.0,0.0
2023,9,16,5,60,0.0,0.0,0.0,0.0,0.0,5,24.5,22.6,89,995.5,131,1.3,-9900,-9900,0.0,0.0
2023,9,16,6,60,0.0,0.0,0.0,0.0,0.0,5,24.6,22.3,87,995.8,128,1.4,-9900,-9900,0.0,0.0
2023,9,16,7,60,0.0,0.0,0.0,0.0,0.0,5,25.6,22.1,81,996.5,131,1.1,-9900,-9900,0.0,0.0
2023,9,16,8,60,0.0,0.0,0.0,0.0,0.0,5,26.7,22.3,77,996.9,125,2.1,-9900,-9900,0.0,0.0
2023,9,16,9,60,0.0,0.0,0.0,0.0,0.0,5,28.6,22.6,70,997.2,123,0.9,-9900,-9900,0.0,0.0
2023,9,16,10,60,0.0,0.0,0.0,0.0,0.0,5,30.6,22.8,63,997.0,184,0.5,-9900,-9900,0.0,0.0
2023,9,16,11,60,0.0,0.0,0.0,0.0,0.0,5,32.2,21.1,52,996.6,286,0.5,-9900,-9900,0.0,0.0
2023,9,16,12,60,0.0,0.0,0.0,0.0,0.0,5,31.6,20.9,53,996.1,315,1.7,-9900,-9900,0.0,0.0
2023,9,16,13,60,0.0,0.0,0.0,0.0,0.0,5,30.7,20.9,56,995.4,309,2.8,-9900,-9900,0.0,0.0
2023,9,16,14,60,0.0,0.0,0.0,0.0,0.0,5,31.0,20.3,53,994.9,313,3.0,-9900,-9900,0.0,0.0
2023,9,16,15,60,0.0,0.0,0.0,0.0,0.0,5,30.9,19.6,51,994.5,312,2.1,-9900,-9900,0.0,0.0
2023,9,16,16,60,0.0,0.0,0.0,0.0,0.0,5,30.6,20.8,56,994.4,322,1.6,-9900,-9900,0.0,0.0
2023,9,16,17,60,0.0,0.0,0.0,0.0,0.0,5,29.9,21.8,62,994.4,5,1.4,-9900,-9900,0.0,0.0
2023,9,16,18,60,0.0,0.0,0.0,0.0,0.0,5,28.8,22.1,67,995.0,340,0.7,-9900,-9900,0.0,0.0
2023,9,16,19,60,0.0,0.0,0.0,0.0,0.0,5,27.9,23.1,75,995.4,0,0.0,-9900,-9900,0.0,0.0
2023,9,16,20,60,0.0,0.0,0.0,0.0,0.0,5,28.1,22.1,70,995.9,43,0.6,-9900,-9900,0.0,0.0
2023,9,16,21,60,0.0,0.0,0.0,0.0,0.0,5,27.7,23.3,77,996.1,41,0.3,-9900,-9900,0.0,0.0
2023,9,16,22,60,0.0,0.0,0.0,0.0,0.0,5,27.7,23.3,77,996.0,0,0.0,-9900,-9900,0.0,0.0
2023,9,16,23,60,0.0,0.0,0.0,0.0,0.0,5,27.5,23.1,77,995.9,82,0.8,-9900,-9900,0.0,0.0
2023,9,16,24,60,0.0,0.0,0.0,0.0,0.0,5,27.5,22.9,76,995.7,0,0.0,-9900,-9900,0.0,0.0
2023,9,17,1,60,0.0,0.0,0.0,0.0,0.0,5,27.1,23.4,80,995.3,0,0.0,-9900,-9900,0.0,0.0
2023,9,17,2,60,0.0,0.0,0.0,0.0,0.0,5,26.9,23.2,80,994.7,110,0.5,-9900,-9900,0.0,0.0
2023,9,17,3,60,0.0,0.0,0.0,0.0,0.0,5,26.7,22.8,79,994.3,111,0.7,-9900,-9900,0.0,0.0
2023,9,17,4,60,0.0,0.0,0.0,0.0,0.0,5,26.0,23.1,84,994.3,131,1.3,-9900,-9900,0.0,0.0
2023,9,17,5,60,0.0,0.0,0.0,0.0,0.0,5,25.7,23.4,87,994.4,138,1.3,-9900,-9900,0.0,0.0
2023,9,17,6,60,0.0,0.0,0.0,0.0,0.0,5,25.6,22.9,85,994.7,136,0.8,-9900,-9900,0.0,0.0
2023,9,17,7,60,0.0,0.0,0.0,0.0,0.0,5,26.6,22.9,80,995.4,135,0.3,-9900,-9900,0.0,0.0
2023,9,17,8,60,0.0,0.0,0.0,0.0,0.0,5,28.4,23.1,73,995.9,0,0.0,-9900,-9900,0.0,0.0
2023,9,17,9,60,0.0,0.0,0.0,0.0,0.0,5,30.1,23.0,66,996.2,0,0.0,-9900,-9900,0.0,0.0
2023,9,17,10,60,0.0,0.0,0.0,0.0,0.0,5,30.0,23.0,66,996.5,301,0.9,-9900,-9900,0.0,0.0
2023,9,17,11,60,0.0,0.0,0.0,0.0,0.0,5,30.7,23.4,65,996.3,288,1.7,-9900,-9900,0.0,0.0
2023,9,17,12,60,0.0,0.0,0.0,0.0,0.0,5,30.2,23.6,68,995.8,315,2.6,-9900,-9900,0.0,0.0
2023,9,17,13,60,0.0,0.0,0.0,0.0,0.0,5,30.2,23.4,67,995.1,317,2.7,-9900,-9900,0.0,0.0
2023,9,17,14,60,0.0,0.0,0.0,0.0,0.0,5,31.3,22.6,60,994.3,298,1.0,-9900,-9900,0.0,0.0
2023,9,17,15,60,0.0,0.0,0.0,0.0,0.0,5,32.0,21.2,53,994.0,351,1.1,-9900,-9900,0.0,0.0
2023,9,17,16,60,0.0,0.0,0.0,0.0,0.0,5,30.8,24.0,67,993.7,35,1.3,-9900,-9900,0.0,0.0
2023,9,17,17,60,0.0,0.0,0.0,0.0,0.0,5,30.3,24.5,71,993.7,8,1.3,-9900,-9900,0.0,0.0
2023,9,17,18,60,0.0,0.0,0.0,0.0,0.0,5,28.9,24.5,77,994.2,22,1.4,-9900,-9900,0.0,0.0
2023,9,17,19,60,0.0,0.0,0.0,0.0,0.0,5,27.9,24.7,83,994.8,11,1.3,-9900,-9900,0.0,0.0
2023,9,17,20,60,0.0,0.0,0.0,0.0,0.0,5,27.8,24.4,82,995.0,68,0.3,-9900,-9900,0.0,0.0
2023,9,17,21,60,0.0,0.0,0.0,0.0,0.0,5,27.6,24.7,84,995.6,12,0.9,-9900,-9900,0.0,0.0
2023,9,17,22,60,0.0,0.0,0.0,0.0,0.0,5,27.4,24.7,85,995.4,65,0.7,-9900,-9900,0.0,0.0
2023,9,17,23,60,0.0,0.0,0.0,0.0,0.0,5,27.4,24.1,82,995.4,84,1.1,-9900,-9900,0.0,0.0
2023,9,17,24,60,0.0,0.0,0.0,0.0,0.0,5,27.0,23.9,83,995.1,78,1.0,-9900,-9900,0.0,0.0
2023,9,18,1,60,0.0,0.0,0.0,0.0,0.0,5,26.9,23.6,82,994.8,92,1.3,-9900,-9900,0.0,0.0
2023,9,18,2,60,0.0,0.0,0.0,0.0,0.0,5,26.6,23.3,82,994.6,133,1.0,-9900,-9900,0.0,0.0
2023,9,18,3,60,0.0,0.0,0.0,0.0,0.0,5,26.5,23.6,84,994.4,0,0.0,-9900,-9900,0.0,0.0
2023,9,18,4,60,0.0,0.0,0.0,0.0,0.0,5,26.3,23.8,86,994.4,161,0.3,-9900,-9900,0.0,0.0
2023,9,18,5,60,0.0,0.0,0.0,0.0,0.0,5,26.1,24.0,88,994.6,186,0.6,-9900,-9900,0.0,0.0
2023,9,18,6,60,0.0,0.0,0.0,0.0,0.0,5,26.2,23.7,86,994.9,189,0.4,-9900,-9900,0.0,0.0
2023,9,18,7,60,0.0,0.0,0.0,0.0,0.0,5,26.1,23.0,83,995.8,134,2.1,-9900,-9900,0.0,0.0
2023,9,18,8,60,0.0,0.0,0.0,0.0,0.0,5,28.1,23.5,76,996.1,133,1.1,-9900,-9900,0.0,0.0
2023,9,18,9,60,0.0,0.0,0.0,0.0,0.0,5,28.5,24.1,77,996.4,261,1.4,-9900,-9900,0.0,0.0
2023,9,18,10,60,0.0,0.0,0.0,0.0,0.0,5,30.7,23.4,65,996.4,298,0.6,-9900,-9900,0.0,0.0
2023,9,18,11,60,0.0,0.0,0.0,0.0,0.0,5,30.2,24.4,71,996.4,306,1.5,-9900,-9900,0.0,0.0
2023,9,18,12,60,0.0,0.0,0.0,0.0,0.0,5,30.3,24.5,71,996.0,284,1.0,-9900,-9900,0.0,0.0
2023,9,18,13,60,0.0,0.0,0.0,0.0,0.0,5,30.5,24.4,70,995.5,3,1.6,-9900,-9900,0.0,0.0
2023,9,18,14,60,0.0,0.0,0.0,0.0,0.0,5,30.4,24.8,72,995.0,350,2.2,-9900,-9900,0.0,0.0
2023,9,18,15,60,0.0,0.0,0.0,0.0,0.0,5,29.9,25.0,75,995.0,2,2.2,-9900,-9900,0.0,0.0
2023,9,18,16,60,0.0,0.0,0.0,0.0,0.0,5,27.7,23.9,80,995.4,107,2.0,-9900,-9900,0.0,0.0
2023,9,18,17,60,0.0,0.0,0.0,0.0,0.0,5,29.1,24.2,75,995.1,89,2.7,-9900,-9900,0.0,0.0
2023,9,18,18,60,0.0,0.0,0.0,0.0,0.0,5,29.0,24.1,75,995.2,85,2.4,-9900,-9900,0.0,0.0
2023,9,18,19,60,0.0,0.0,0.0,0.0,0.0,5,28.6,22.4,69,995.3,86,3.3,-9900,-9900,0.0,0.0
2023,9,18,20,60,0.0,0.0,0.0,0.0,0.0,5,27.9,21.9,70,995.8,99,2.1,-9900,-9900,0.0,0.0
2023,9,18,21,60,0.0,0.0,0.0,0.0,0.0,5,27.6,22.1,72,996.1,99,1.8,-9900,-9900,0.0,0.0
2023,9,18,22,60,0.0,0.0,0.0,0.0,0.0,5,27.4,21.9,72,995.8,133,2.0,-9900,-9900,0.0,0.0
2023,9,18,23,60,0.0,0.0,0.0,0.0,0.0,5,27.3,22.3,74,995.9,151,0.6,-9900,-9900,0.0,0.0
2023,9,18,24,60,0.0,0.0,0.0,0.0,0.0,5,26.5,22.4,78,995.2,147,1.2,-9900,-9900,0.0,0.0
2023,9,19,1,60,0.0,0.0,0.0,0.0,0.0,5,26.5,22.4,78,994.9,151,0.3,-9900,-9900,0.0,0.0
2023,9,19,2,60,0.0,0.0,0.0,0.0,0.0,5,26.5,22.4,78,994.8,159,0.4,-9900,-9900,0.0,0.0
2023,9,19,3,60,0.0,0.0,0.0,0.0,0.0,5,26.6,22.4,78,994.6,143,1.0,-9900,-9900,0.0,0.0
2023,9,19,4,60,0.0,0.0,0.0,0.0,0.0,5,26.5,22.1,77,994.6,135,0.7,-9900,-9900,0.0,0.0
2023,9,19,5,60,0.0,0.0,0.0,0.0,0.0,5,25.7,22.2,81,995.1,137,1.4,-9900,-9900,0.0,0.0
2023,9,19,6,60,0.0,0.0,0.0,0.0,0.0,5,25.8,22.1,80,995.6,134,1.2,-9900,-9900,0.0,0.0
2023,9,19,7,60,0.0,0.0,0.0,0.0,0.0,5,25.7,22.2,81,996.4,135,1.9,-9900,-9900,0.0,0.0
2023,9,19,8,60,0.0,0.0,0.0,0.0,0.0,5,27.2,22.2,74,996.9,141,1.5,-9900,-9900,0.0,0.0
2023,9,19,9,60,0.0,0.0,0.0,0.0,0.0,5,29.1,22.6,68,996.9,117,1.1,-9900,-9900,0.0,0.0
2023,9,19,10,60,0.0,0.0,0.0,0.0,0.0,5,30.7,22.0,60,996.4,100,0.6,-9900,-9900,0.0,0.0
2023,9,19,11,60,0.0,0.0,0.0,0.0,0.0,5,30.8,22.4,61,995.9,58,0.4,-9900,-9900,0.0,0.0
2023,9,19,12,60,0.0,0.0,0.0,0.0,0.0,5,30.3,24.0,69,995.4,358,2.1,-9900,-9900,0.0,0.0
2023,9,19,13,60,0.0,0.0,0.0,0.0,0.0,5,31.5,23.9,64,994.7,10,1.2,-9900,-9900,0.0,0.0
2023,9,19,14,60,0.0,0.0,0.0,0.0,0.0,5,32.1,23.6,61,993.9,346,1.4,-9900,-9900,0.0,0.0
2023,9,19,15,60,0.0,0.0,0.0,0.0,0.0,5,32.1,23.9,62,993.5,327,1.7,-9900,-9900,0.0,0.0
2023,9,19,16,60,0.0,0.0,0.0,0.0,0.0,5,31.7,22.1,57,993.5,90,2.2,-9900,-9900,0.0,0.0
2023,9,19,17,60,0.0,0.0,0.0,0.0,0.0,5,31.1,21.9,58,993.9,82,2.0,-9900,-9900,0.0,0.0
2023,9,19,18,60,0.0,0.0,0.0,0.0,0.0,5,29.9,21.0,59,994.0,95,3.3,-9900,-9900,0.0,0.0
2023,9,19,19,60,0.0,0.0,0.0,0.0,0.0,5,29.0,21.2,63,994.4,94,3.0,-9900,-9900,0.0,0.0
2023,9,19,20,60,0.0,0.0,0.0,0.0,0.0,5,28.6,21.4,65,995.2,93,2.4,-9900,-9900,0.0,0.0
2023,9,19,21,60,0.0,0.0,0.0,0.0,0.0,5,28.4,21.2,65,995.4,89,2.1,-9900,-9900,0.0,0.0
2023,9,19,22,60,0.0,0.0,0.0,0.0,0.0,5,28.2,20.7,64,995.2,128,1.2,-9900,-9900,0.0,0.0
2023,9,19,23,60,0.0,0.0,0.0,0.0,0.0,5,27.7,21.0,67,995.2,121,1.0,-9900,-9900,0.0,0.0
2023,9,19,24,60,0.0,0.0,0.0,0.0,0.0,5,27.4,21.2,69,995.1,134,1.7,-9900,-9900,0.0,0.0
2023,9,20,1,60,0.0,0.0,0.0,0.0,0.0,5,27.2,21.5,71,994.7,131,2.0,-9900,-9900,0.0,0.0
2023,9,20,2,60,0.0,0.0,0.0,0.0,0.0,5,26.8,23.7,83,994.4,126,1.9,-9900,-9900,0.0,0.0
2023,9,20,3,60,0.0,0.0,0.0,0.0,0.0,5,26.9,22.9,79,994.2,127,1.5,-9900,-9900,0.0,0.0
2023,9,20,4,60,0.0,0.0,0.0,0.0,0.0,5,26.8,23.3,81,994.5,132,0.5,-9900,-9900,0.0,0.0
2023,9,20,5,60,0.0,0.0,0.0,0.0,0.0,5,26.7,23.2,81,995.0,145,1.0,-9900,-9900,0.0,0.0
2023,9,20,6,60,0.0,0.0,0.0,0.0,0.0,5,26.5,22.4,78,995.3,136,1.3,-9900,-9900,0.0,0.0
2023,9,20,7,60,0.0,0.0,0.0,0.0,0.0,5,26.8,22.2,76,995.2,122,2.0,-9900,-9900,0.0,0.0
2023,9,20,8,60,0.0,0.0,0.0,0.0,0.0,5,28.9,23.3,72,995.7,118,0.4,-9900,-9900,0.0,0.0
2023,9,20,9,60,0.0,0.0,0.0,0.0,0.0,5,29.7,23.2,68,995.8,0,0.0,-9900,-9900,0.0,0.0
2023,9,20,10,60,0.0,0.0,0.0,0.0,0.0,5,29.5,23.9,72,995.6,318,1.9,-9900,-9900,0.0,0.0
2023,9,20,11,60,0.0,0.0,0.0,0.0,0.0,5,30.4,23.6,67,994.9,331,1.5,-9900,-9900,0.0,0.0
2023,9,20,12,60,0.0,0.0,0.0,0.0,0.0,5,31.6,23.4,62,994.0,33,0.5,-9900,-9900,0.0,0.0
2023,9,20,13,60,0.0,0.0,0.0,0.0,0.0,5,30.4,24.5,71,993.6,320,2.6,-9900,-9900,0.0,0.0
2023,9,20,14,60,0.0,0.0,0.0,0.0,0.0,5,30.3,23.7,68,993.2,318,1.7,-9900,-9900,0.0,0.0
2023,9,20,15,60,0.0,0.0,0.0,0.0,0.0,5,29.7,24.3,73,993.2,5,1.1,-9900,-9900,0.0,0.0
2023,9,20,16,60,0.0,0.0,0.0,0.0,0.0,5,29.9,24.1,71,993.1,22,1.2,-9900,-9900,0.0,0.0
2023,9,20,17,60,0.0,0.0,0.0,0.0,0.0,5,29.4,22.9,68,993.0,21,0.7,-9900,-9900,0.0,0.0
2023,9,20,18,60,0.0,0.0,0.0,0.0,0.0,5,28.3,23.2,74,993.1,41,2.3,-9900,-9900,0.0,0.0
2023,9,20,19,60,0.0,0.0,0.0,0.0,0.0,5,27.7,24.3,82,993.4,41,1.4,-9900,-9900,0.0,0.0
2023,9,20,20,60,0.0,0.0,0.0,0.0,0.0,5,27.9,24.1,80,993.9,17,0.5,-9900,-9900,0.0,0.0
2023,9,20,21,60,0.0,0.0,0.0,0.0,0.0,5,28.1,23.5,76,994.4,72,1.0,-9900,-9900,0.0,0.0
2023,9,20,22,60,0.0,0.0,0.0,0.0,0.0,5,27.7,23.5,78,994.5,86,1.7,-9900,-9900,0.0,0.0
2023,9,20,23,60,0.0,0.0,0.0,0.0,0.0,5,27.3,24.0,82,994.2,134,1.2,-9900,-9900,0.0,0.0
2023,9,20,24,60,0.0,0.0,0.0,0.0,0.0,5,26.9,24.2,85,993.8,133,0.8,-9900,-9900,0.0,0.0
2023,9,21,1,60,0.0,0.0,0.0,0.0,0.0,5,26.8,23.5,82,993.7,133,1.5,-9900,-9900,0.0,0.0
2023,9,21,2,60,0.0,0.0,0.0,0.0,0.0,5,26.8,23.7,83,993.6,0,0.0,-9900,-9900,0.0,0.0
2023,9,21,3,60,0.0,0.0,0.0,0.0,0.0,5,27.0,24.1,84,993.7,266,1.0,-9900,-9900,0.0,0.0
2023,9,21,4,60,0.0,0.0,0.0,0.0,0.0,5,26.7,24.0,85,994.0,257,0.9,-9900,-9900,0.0,0.0
2023,9,21,5,60,0.0,0.0,0.0,0.0,0.0,5,26.4,24.3,88,994.2,180,0.6,-9900,-9900,0.0,0.0
2023,9,21,6,60,0.0,0.0,0.0,0.0,0.0,5,26.3,24.3,89,994.6,190,0.6,-9900,-9900,0.0,0.0
2023,9,21,7,60,0.0,0.0,0.0,0.0,0.0,5,27.3,24.4,84,994.9,184,0.3,-9900,-9900,0.0,0.0
2023,9,21,8,60,0.0,0.0,0.0,0.0,0.0,5,29.3,24.4,75,995.4,175,0.3,-9900,-9900,0.0,0.0
2023,9,21,9,60,0.0,0.0,0.0,0.0,0.0,5,29.4,23.8,72,995.8,304,0.7,-9900,-9900,0.0,0.0
2023,9,21,10,60,0.0,0.0,0.0,0.0,0.0,5,29.6,24.5,74,995.9,311,1.3,-9900,-9900,0.0,0.0
2023,9,21,11,60,0.0,0.0,0.0,0.0,0.0,5,29.9,23.6,69,995.5,303,1.1,-9900,-9900,0.0,0.0
2023,9,21,12,60,0.0,0.0,0.0,0.0,0.0,5,30.4,24.1,69,995.0,284,1.2,-9900,-9900,0.0,0.0
2023,9,21,13,60,0.0,0.0,0.0,0.0,0.0,5,31.1,23.7,65,994.5,328,0.8,-9900,-9900,0.0,0.0
2023,9,21,14,60,0.0,0.0,0.0,0.0,0.0,5,30.2,23.9,69,994.1,316,2.2,-9900,-9900,0.0,0.0
2023,9,21,15,60,0.0,0.0,0.0,0.0,0.0,5,30.2,23.9,69,994.0,36,1.4,-9900,-9900,0.0,0.0
2023,9,21,16,60,0.0,0.0,0.0,0.0,0.0,5,29.8,23.7,70,994.0,35,1.4,-9900,-9900,0.0,0.0
2023,9,21,17,60,0.0,0.0,0.0,0.0,0.0,5,29.4,23.6,71,994.0,24,1.7,-9900,-9900,0.0,0.0
2023,9,21,18,60,0.0,0.0,0.0,0.0,0.0,5,29.2,22.9,69,994.0,90,2.5,-9900,-9900,0.0,0.0
2023,9,21,19,60,0.0,0.0,0.0,0.0,0.0,5,28.8,23.0,71,993.9,86,3.2,-9900,-9900,0.0,0.0
2023,9,21,20,60,0.0,0.0,0.0,0.0,0.0,5,28.5,23.0,72,994.4,86,2.8,-9900,-9900,0.0,0.0
2023,9,21,21,60,0.0,0.0,0.0,0.0,0.0,5,28.2,21.7,68,994.7,91,2.8,-9900,-9900,0.0,0.0
2023,9,21,22,60,0.0,0.0,0.0,0.0,0.0,5,27.9,22.4,72,994.8,94,2.3,-9900,-9900,0.0,0.0
2023,9,21,23,60,0.0,0.0,0.0,0.0,0.0,5,27.8,22.5,73,994.3,100,3.5,-9900,-9900,0.0,0.0
2023,9,21,24,60,0.0,0.0,0.0,0.0,0.0,5,27.5,22.7,75,994.1,97,2.6,-9900,-9900,0.0,0.0
2023,9,22,1,60,0.0,0.0,0.0,0.0,0.0,5,27.5,22.2,73,993.7,94,2.5,-9900,-9900,0.0,0.0
2023,9,22,2,60,0.0,0.0,0.0,0.0,0.0,5,27.3,22.0,73,993.3,131,2.2,-9900,-9900,0.0,0.0
2023,9,22,3,60,0.0,0.0,0.0,0.0,0.0,5,26.7,22.3,77,992.9,133,1.5,-9900,-9900,0.0,0.0
2023,9,22,4,60,0.0,0.0,0.0,0.0,0.0,5,26.6,22.2,77,992.8,146,0.7,-9900,-9900,0.0,0.0
2023,9,22,5,60,0.0,0.0,0.0,0.0,0.0,5,26.4,22.3,78,993.3,130,1.3,-9900,-9900,0.0,0.0
2023,9,22,6,60,0.0,0.0,0.0,0.0,0.0,5,26.5,22.6,79,993.6,145,0.6,-9900,-9900,0.0,0.0
2023,9,22,7,60,0.0,0.0,0.0,0.0,0.0,5,27.4,22.6,75,994.4,129,0.9,-9900,-9900,0.0,0.0
2023,9,22,8,60,0.0,0.0,0.0,0.0,0.0,5,28.5,22.7,71,994.9,85,1.6,-9900,-9900,0.0,0.0
2023,9,22,9,60,0.0,0.0,0.0,0.0,0.0,5,29.7,22.4,65,995.1,88,2.6,-9900,-9900,0.0,0.0
2023,9,22,10,60,0.0,0.0,0.0,0.0,0.0,5,30.7,22.8,63,994.7,92,3.2,-9900,-9900,0.0,0.0
2023,9,22,11,60,0.0,0.0,0.0,0.0,0.0,5,31.8,22.2,57,994.2,92,3.4,-9900,-9900,0.0,0.0
2023,9,22,12,60,0.0,0.0,0.0,0.0,0.0,5,32.6,22.4,55,993.1,84,3.9,-9900,-9900,0.0,0.0
2023,9,22,13,60,0.0,0.0,0.0,0.0,0.0,5,33.0,22.5,54,992.3,81,4.1,-9900,-9900,0.0,0.0
2023,9,22,14,60,0.0,0.0,0.0,0.0,0.0,5,32.9,22.4,54,991.8,82,3.8,-9900,-9900,0.0,0.0
2023,9,22,15,60,0.0,0.0,0.0,0.0,0.0,5,32.5,22.3,55,991.6,86,4.5,-9900,-9900,0.0,0.0
2023,9,22,16,60,0.0,0.0,0.0,0.0,0.0,5,31.7,22.1,57,991.9,93,5.1,-9900,-9900,0.0,0.0
2023,9,22,17,60,0.0,0.0,0.0,0.0,0.0,5,31.0,22.1,59,992.6,89,3.7,-9900,-9900,0.0,0.0
2023,9,22,18,60,0.0,0.0,0.0,0.0,0.0,5,29.4,23.6,71,993.1,90,4.6,-9900,-9900,0.0,0.0
2023,9,22,19,60,0.0,0.0,0.0,0.0,0.0,5,28.7,23.8,75,993.8,85,3.0,-9900,-9900,0.0,0.0
2023,9,22,20,60,0.0,0.0,0.0,0.0,0.0,5,28.5,23.6,75,994.5,89,2.9,-9900,-9900,0.0,0.0
2023,9,22,21,60,0.0,0.0,0.0,0.0,0.0,5,28.0,24.2,80,995.3,77,3.4,-9900,-9900,0.0,0.0
2023,9,22,22,60,0.0,0.0,0.0,0.0,0.0,5,27.8,23.8,79,995.4,78,3.1,-9900,-9900,0.0,0.0
2023,9,22,23,60,0.0,0.0,0.0,0.0,0.0,5,27.9,23.5,77,995.1,79,3.1,-9900,-9900,0.0,0.0
2023,9,22,24,60,0.0,0.0,0.0,0.0,0.0,5,27.6,23.8,80,994.7,87,2.9,-9900,-9900,0.0,0.0
2023,9,23,1,60,0.0,0.0,0.0,0.0,0.0,5,27.6,23.6,79,994.4,87,3.1,-9900,-9900,0.0,0.0
2023,9,23,2,60,0.0,0.0,0.0,0.0,0.0,5,27.3,23.8,81,994.0,80,3.4,-9900,-9900,0.0,0.0
2023,9,23,3,60,0.0,0.0,0.0,0.0,0.0,5,27.1,23.8,82,993.4,77,3.0,-9900,-9900,0.0,0.0
2023,9,23,4,60,0.0,0.0,0.0,0.0,0.0,5,27.0,23.7,82,993.5,69,3.1,-9900,-9900,0.0,0.0
2023,9,23,5,60,0.0,0.0,0.0,0.0,0.0,5,27.1,23.4,80,993.8,79,2.6,-9900,-9900,0.0,0.0
2023,9,23,6,60,0.0,0.0,0.0,0.0,0.0,5,26.8,23.9,84,993.8,72,2.7,-9900,-9900,0.0,0.0
2023,9,23,7,60,0.0,0.0,0.0,0.0,0.0,5,27.7,23.7,79,994.1,75,3.2,-9900,-9900,0.0,0.0
2023,9,23,8,60,0.0,0.0,0.0,0.0,0.0,5,28.8,23.9,75,994.3,76,3.9,-9900,-9900,0.0,0.0
2023,9,23,9,60,0.0,0.0,0.0,0.0,0.0,5,30.1,24.0,70,993.8,76,3.6,-9900,-9900,0.0,0.0
2023,9,23,10,60,0.0,0.0,0.0,0.0,0.0,5,31.0,23.7,65,993.5,75,3.5,-9900,-9900,0.0,0.0
2023,9,23,11,60,0.0,0.0,0.0,0.0,0.0,5,32.0,23.3,60,993.3,87,4.3,-9900,-9900,0.0,0.0
2023,9,23,12,60,0.0,0.0,0.0,0.0,0.0,5,32.2,23.2,59,992.8,80,3.8,-9900,-9900,0.0,0.0
2023,9,23,13,60,0.0,0.0,0.0,0.0,0.0,5,32.8,23.2,57,992.2,86,4.2,-9900,-9900,0.0,0.0
2023,9,23,14,60,0.0,0.0,0.0,0.0,0.0,5,32.4,23.1,58,991.8,93,3.7,-9900,-9900,0.0,0.0
2023,9,23,15,60,0.0,0.0,0.0,0.0,0.0,5,31.9,22.6,58,991.7,96,5.0,-9900,-9900,0.0,0.0
2023,9,23,16,60,0.0,0.0,0.0,0.0,0.0,5,31.6,22.9,60,991.7,92,3.6,-9900,-9900,0.0,0.0
2023,9,23,17,60,0.0,0.0,0.0,0.0,0.0,5,30.5,22.7,63,992.0,96,4.7,-9900,-9900,0.0,0.0
2023,9,23,18,60,0.0,0.0,0.0,0.0,0.0,5,29.8,22.8,66,992.4,96,3.5,-9900,-9900,0.0,0.0
2023,9,23,19,60,0.0,0.0,0.0,0.0,0.0,5,29.2,22.7,68,992.8,98,3.7,-9900,-9900,0.0,0.0
2023,9,23,20,60,0.0,0.0,0.0,0.0,0.0,5,29.0,22.5,68,993.6,95,2.9,-9900,-9900,0.0,0.0
2023,9,23,21,60,0.0,0.0,0.0,0.0,0.0,5,28.9,21.9,66,994.2,90,3.3,-9900,-9900,0.0,0.0
2023,9,23,22,60,0.0,0.0,0.0,0.0,0.0,5,28.7,21.2,64,994.1,93,3.7,-9900,-9900,0.0,0.0
2023,9,23,23,60,0.0,0.0,0.0,0.0,0.0,5,28.6,21.4,65,993.9,90,2.9,-9900,-9900,0.0,0.0
2023,9,23,24,60,0.0,0.0,0.0,0.0,0.0,5,28.2,22.2,70,993.7,92,2.4,-9900,-9900,0.0,0.0
2023,9,24,1,60,0.0,0.0,0.0,0.0,0.0,5,28.0,22.0,70,993.3,91,3.6,-9900,-9900,0.0,0.0
2023,9,24,2,60,0.0,0.0,0.0,0.0,0.0,5,27.8,21.6,69,993.0,93,2.6,-9900,-9900,0.0,0.0
2023,9,24,3,60,0.0,0.0,0.0,0.0,0.0,5,27.6,21.4,69,992.5,94,2.9,-9900,-9900,0.0,0.0
2023,9,24,4,60,0.0,0.0,0.0,0.0,0.0,5,27.5,21.1,68,992.5,98,2.3,-9900,-9900,0.0,0.0
2023,9,24,5,60,0.0,0.0,0.0,0.0,0.0,5,27.4,21.4,70,993.3,103,1.3,-9900,-9900,0.0,0.0
2023,9,24,6,60,0.0,0.0,0.0,0.0,0.0,5,26.7,21.5,73,993.9,126,1.7,-9900,-9900,0.0,0.0
2023,9,24,7,60,0.0,0.0,0.0,0.0,0.0,5,27.0,21.7,73,994.7,136,1.6,-9900,-9900,0.0,0.0
2023,9,24,8,60,0.0,0.0,0.0,0.0,0.0,5,28.5,22.5,70,995.2,93,1.9,-9900,-9900,0.0,0.0
2023,9,24,9,60,0.0,0.0,0.0,0.0,0.0,5,29.9,21.8,62,995.5,99,1.9,-9900,-9900,0.0,0.0
2023,9,24,10,60,0.0,0.0,0.0,0.0,0.0,5,31.2,20.5,53,995.3,117,1.7,-9900,-9900,0.0,0.0
2023,9,24,11,60,0.0,0.0,0.0,0.0,0.0,5,32.3,21.5,53,994.8,134,0.6,-9900,-9900,0.0,0.0
2023,9,24,12,60,0.0,0.0,0.0,0.0,0.0,5,33.3,21.5,50,993.9,20,1.8,-9900,-9900,0.0,0.0
2023,9,24,13,60,0.0,0.0,0.0,0.0,0.0,5,32.9,23.3,57,993.3,267,2.2,-9900,-9900,0.0,0.0
2023,9,24,14,60,0.0,0.0,0.0,0.0,0.0,5,33.1,23.2,56,992.5,307,2.6,-9900,-9900,0.0,0.0
2023,9,24,15,60,0.0,0.0,0.0,0.0,0.0,5,31.7,24.6,66,992.1,316,3.7,-9900,-9900,0.0,0.0
2023,9,24,16,60,0.0,0.0,0.0,0.0,0.0,5,33.3,21.1,49,992.0,39,2.5,-9900,-9900,0.0,0.0
2023,9,24,17,60,0.0,0.0,0.0,0.0,0.0,5,31.0,22.9,62,992.3,91,4.0,-9900,-9900,0.0,0.0
2023,9,24,18,60,0.0,0.0,0.0,0.0,0.0,5,30.2,21.3,59,992.6,91,2.6,-9900,-9900,0.0,0.0
2023,9,24,19,60,0.0,0.0,0.0,0.0,0.0,5,29.2,22.4,67,993.3,85,2.8,-9900,-9900,0.0,0.0
2023,9,24,20,60,0.0,0.0,0.0,0.0,0.0,5,28.6,23.1,72,994.0,89,3.6,-9900,-9900,0.0,0.0
2023,9,24,21,60,0.0,0.0,0.0,0.0,0.0,5,28.4,22.9,72,994.3,87,4.0,-9900,-9900,0.0,0.0
2023,9,24,22,60,0.0,0.0,0.0,0.0,0.0,5,27.9,23.5,77,994.4,77,3.6,-9900,-9900,0.0,0.0
2023,9,24,23,60,0.0,0.0,0.0,0.0,0.0,5,28.0,22.7,73,994.2,79,3.7,-9900,-9900,0.0,0.0
2023,9,24,24,60,0.0,0.0,0.0,0.0,0.0,5,27.5,22.5,74,993.9,73,2.6,-9900,-9900,0.0,0.0
2023,9,25,1,60,0.0,0.0,0.0,0.0,0.0,5,27.3,22.3,74,993.4,78,3.1,-9900,-9900,0.0,0.0
2023,9,25,2,60,0.0,0.0,0.0,0.0,0.0,5,27.2,21.9,73,992.9,98,3.4,-9900,-9900,0.0,0.0
2023,9,25,3,60,0.0,0.0,0.0,0.0,0.0,5,27.1,21.8,73,992.7,94,2.9,-9900,-9900,0.0,0.0
2023,9,25,4,60,0.0,0.0,0.0,0.0,0.0,5,26.9,21.4,72,992.9,107,1.9,-9900,-9900,0.0,0.0
2023,9,25,5,60,0.0,0.0,0.0,0.0,0.0,5,26.9,21.4,72,993.5,97,2.1,-9900,-9900,0.0,0.0
2023,9,25,6,60,0.0,0.0,0.0,0.0,0.0,5,26.9,21.0,70,994.0,118,1.0,-9900,-9900,0.0,0.0
2023,9,25,7,60,0.0,0.0,0.0,0.0,0.0,5,27.5,21.3,69,994.7,130,0.9,-9900,-9900,0.0,0.0
2023,9,25,8,60,0.0,0.0,0.0,0.0,0.0,5,28.8,21.6,65,995.2,95,2.0,-9900,-9900,0.0,0.0
2023,9,25,9,60,0.0,0.0,0.0,0.0,0.0,5,29.5,21.7,63,995.6,86,2.0,-9900,-9900,0.0,0.0
2023,9,25,10,60,0.0,0.0,0.0,0.0,0.0,5,31.0,21.5,57,995.1,86,2.5,-9900,-9900,0.0,0.0
2023,9,25,11,60,0.0,0.0,0.0,0.0,0.0,5,32.4,21.9,54,994.6,75,2.5,-9900,-9900,0.0,0.0
2023,9,25,12,60,0.0,0.0,0.0,0.0,0.0,5,32.7,22.8,56,993.9,80,2.6,-9900,-9900,0.0,0.0
2023,9,25,13,60,0.0,0.0,0.0,0.0,0.0,5,33.0,22.5,54,993.2,89,2.8,-9900,-9900,0.0,0.0
2023,9,25,14,60,0.0,0.0,0.0,0.0,0.0,5,33.1,22.9,55,992.5,60,3.1,-9900,-9900,0.0,0.0
2023,9,25,15,60,0.0,0.0,0.0,0.0,0.0,5,31.8,22.5,58,992.4,86,4.2,-9900,-9900,0.0,0.0
2023,9,25,16,60,0.0,0.0,0.0,0.0,0.0,5,30.9,23.0,63,992.7,74,4.1,-9900,-9900,0.0,0.0
2023,9,25,17,60,0.0,0.0,0.0,0.0,0.0,5,30.0,22.7,65,992.9,75,3.5,-9900,-9900,0.0,0.0
2023,9,25,18,60,0.0,0.0,0.0,0.0,0.0,5,29.1,22.6,68,993.6,73,4.2,-9900,-9900,0.0,0.0
2023,9,25,19,60,0.0,0.0,0.0,0.0,0.0,5,28.5,23.2,73,994.4,78,3.3,-9900,-9900,0.0,0.0
2023,9,25,20,60,0.0,0.0,0.0,0.0,0.0,5,28.2,23.1,74,994.6,91,3.8,-9900,-9900,0.0,0.0
2023,9,25,21,60,0.0,0.0,0.0,0.0,0.0,5,27.9,23.1,75,994.7,87,4.2,-9900,-9900,0.0,0.0
2023,9,25,22,60,0.0,0.0,0.0,0.0,0.0,5,28.0,22.9,74,994.9,73,2.5,-9900,-9900,0.0,0.0
2023,9,25,23,60,0.0,0.0,0.0,0.0,0.0,5,27.9,22.6,73,994.7,71,3.1,-9900,-9900,0.0,0.0
2023,9,25,24,60,0.0,0.0,0.0,0.0,0.0,5,27.8,22.3,72,994.7,73,2.8,-9900,-9900,0.0,0.0
2023,9,26,1,60,0.0,0.0,0.0,0.0,0.0,5,27.5,22.7,75,994.6,75,1.7,-9900,-9900,0.0,0.0
2023,9,26,2,60,0.0,0.0,0.0,0.0,0.0,5,27.4,22.4,74,994.0,87,2.2,-9900,-9900,0.0,0.0
2023,9,26,3,60,0.0,0.0,0.0,0.0,0.0,5,27.2,22.8,77,994.0,102,0.5,-9900,-9900,0.0,0.0
2023,9,26,4,60,0.0,0.0,0.0,0.0,0.0,5,27.0,23.3,80,994.0,98,1.3,-9900,-9900,0.0,0.0
2023,9,26,5,60,0.0,0.0,0.0,0.0,0.0,5,27.2,23.4,80,994.3,95,2.7,-9900,-9900,0.0,0.0
2023,9,26,6,60,0.0,0.0,0.0,0.0,0.0,5,27.1,23.4,80,994.6,75,2.3,-9900,-9900,0.0,0.0
2023,9,26,7,60,0.0,0.0,0.0,0.0,0.0,5,28.2,23.1,74,995.3,80,1.6,-9900,-9900,0.0,0.0
2023,9,26,8,60,0.0,0.0,0.0,0.0,0.0,5,29.1,22.8,69,995.7,75,2.8,-9900,-9900,0.0,0.0
2023,9,26,9,60,0.0,0.0,0.0,0.0,0.0,5,30.2,21.0,58,996.0,83,2.8,-9900,-9900,0.0,0.0
2023,9,26,10,60,0.0,0.0,0.0,0.0,0.0,5,30.8,21.0,56,996.0,92,3.0,-9900,-9900,0.0,0.0
2023,9,26,11,60,0.0,0.0,0.0,0.0,0.0,5,31.4,20.1,51,995.6,93,3.5,-9900,-9900,0.0,0.0
2023,9,26,12,60,0.0,0.0,0.0,0.0,0.0,5,32.4,19.6,47,994.9,60,2.2,-9900,-9900,0.0,0.0
2023,9,26,13,60,0.0,0.0,0.0,0.0,0.0,5,32.9,19.8,46,993.8,76,2.8,-9900,-9900,0.0,0.0
2023,9,26,14,60,0.0,0.0,0.0,0.0,0.0,5,32.6,19.1,45,993.4,56,3.7,-9900,-9900,0.0,0.0
2023,9,26,15,60,0.0,0.0,0.0,0.0,0.0,5,32.0,19.3,47,993.2,68,2.8,-9900,-9900,0.0,0.0
2023,9,26,16,60,0.0,0.0,0.0,0.0,0.0,5,30.6,20.5,55,993.6,77,4.6,-9900,-9900,0.0,0.0
2023,9,26,17,60,0.0,0.0,0.0,0.0,0.0,5,30.0,20.6,57,993.9,83,4.0,-9900,-9900,0.0,0.0
2023,9,26,18,60,0.0,0.0,0.0,0.0,0.0,5,29.2,21.9,65,994.3,73,2.1,-9900,-9900,0.0,0.0
2023,9,26,19,60,0.0,0.0,0.0,0.0,0.0,5,28.7,23.4,73,994.4,85,2.5,-9900,-9900,0.0,0.0
2023,9,26,20,60,0.0,0.0,0.0,0.0,0.0,5,28.4,23.8,76,994.8,92,2.7,-9900,-9900,0.0,0.0
2023,9,26,21,60,0.0,0.0,0.0,0.0,0.0,5,28.0,24.2,80,995.3,91,3.4,-9900,-9900,0.0,0.0
2023,9,26,22,60,0.0,0.0,0.0,0.0,0.0,5,28.0,23.6,77,995.5,87,3.4,-9900,-9900,0.0,0.0
2023,9,26,23,60,0.0,0.0,0.0,0.0,0.0,5,27.2,24.1,83,995.1,82,3.6,-9900,-9900,0.0,0.0
2023,9,26,24,60,0.0,0.0,0.0,0.0,0.0,5,26.8,23.5,82,994.8,85,3.9,-9900,-9900,0.0,0.0
2023,9,27,1,60,0.0,0.0,0.0,0.0,0.0,5,26.7,24.4,87,994.3,71,2.8,-9900,-9900,0.0,0.0
2023,9,27,2,60,0.0,0.0,0.0,0.0,0.0,5,26.8,23.7,83,994.6,77,2.8,-9900,-9900,0.0,0.0
2023,9,27,3,60,0.0,0.0,0.0,0.0,0.0,5,26.9,23.2,80,993.9,74,2.8,-9900,-9900,0.0,0.0
2023,9,27,4,60,0.0,0.0,0.0,0.0,0.0,5,26.9,23.4,81,993.7,75,3.0,-9900,-9900,0.0,0.0
2023,9,27,5,60,0.0,0.0,0.0,0.0,0.0,5,26.8,22.9,79,993.9,84,2.3,-9900,-9900,0.0,0.0
2023,9,27,6,60,0.0,0.0,0.0,0.0,0.0,5,26.6,23.5,83,994.2,81,3.0,-9900,-9900,0.0,0.0
2023,9,27,7,60,0.0,0.0,0.0,0.0,0.0,5,26.5,23.6,84,994.9,80,2.8,-9900,-9900,0.0,0.0
2023,9,27,8,60,0.0,0.0,0.0,0.0,0.0,5,26.8,23.1,80,995.1,87,3.5,-9900,-9900,0.0,0.0
2023,9,27,9,60,0.0,0.0,0.0,0.0,0.0,5,27.9,22.4,72,994.8,88,4.2,-9900,-9900,0.0,0.0
2023,9,27,10,60,0.0,0.0,0.0,0.0,0.0,5,29.0,23.2,71,994.9,95,3.5,-9900,-9900,0.0,0.0
2023,9,27,11,60,0.0,0.0,0.0,0.0,0.0,5,30.3,22.5,63,994.4,85,3.8,-9900,-9900,0.0,0.0
2023,9,27,12,60,0.0,0.0,0.0,0.0,0.0,5,31.0,22.3,60,993.8,88,4.2,-9900,-9900,0.0,0.0
2023,9,27,13,60,0.0,0.0,0.0,0.0,0.0,5,31.4,22.4,59,993.1,80,3.7,-9900,-9900,0.0,0.0
2023,9,27,14,60,0.0,0.0,0.0,0.0,0.0,5,31.4,22.4,59,992.4,79,4.3,-9900,-9900,0.0,0.0
2023,9,27,15,60,0.0,0.0,0.0,0.0,0.0,5,31.0,22.3,60,991.9,77,3.9,-9900,-9900,0.0,0.0
2023,9,27,16,60,0.0,0.0,0.0,0.0,0.0,5,30.7,22.6,62,992.3,63,4.0,-9900,-9900,0.0,0.0
2023,9,27,17,60,0.0,0.0,0.0,0.0,0.0,5,29.7,22.7,66,992.7,87,3.7,-9900,-9900,0.0,0.0
2023,9,27,18,60,0.0,0.0,0.0,0.0,0.0,5,28.6,23.3,73,993.1,77,4.4,-9900,-9900,0.0,0.0
2023,9,27,19,60,0.0,0.0,0.0,0.0,0.0,5,28.2,23.3,75,993.8,84,2.9,-9900,-9900,0.0,0.0
2023,9,27,20,60,0.0,0.0,0.0,0.0,0.0,5,27.9,23.1,75,994.5,77,2.7,-9900,-9900,0.0,0.0
2023,9,27,21,60,0.0,0.0,0.0,0.0,0.0,5,27.6,22.5,74,995.0,76,2.9,-9900,-9900,0.0,0.0
2023,9,27,22,60,0.0,0.0,0.0,0.0,0.0,5,27.5,22.5,74,995.0,75,3.3,-9900,-9900,0.0,0.0
2023,9,27,23,60,0.0,0.0,0.0,0.0,0.0,5,27.2,23.0,78,995.4,69,2.6,-9900,-9900,0.0,0.0
2023,9,27,24,60,0.0,0.0,0.0,0.0,0.0,5,27.3,22.7,76,995.2,73,3.4,-9900,-9900,0.0,0.0
2023,9,28,1,60,0.0,0.0,0.0,0.0,0.0,5,27.2,22.6,76,994.9,84,2.5,-9900,-9900,0.0,0.0
2023,9,28,2,60,0.0,0.0,0.0,0.0,0.0,5,26.8,23.3,81,994.7,79,1.7,-9900,-9900,0.0,0.0
2023,9,28,3,60,0.0,0.0,0.0,0.0,0.0,5,26.8,23.7,83,994.5,62,2.3,-9900,-9900,0.0,0.0
2023,9,28,4,60,0.0,0.0,0.0,0.0,0.0,5,26.8,23.5,82,994.9,66,2.0,-9900,-9900,0.0,0.0
2023,9,28,5,60,0.0,0.0,0.0,0.0,0.0,5,26.8,23.5,82,995.0,76,1.5,-9900,-9900,0.0,0.0
2023,9,28,6,60,0.0,0.0,0.0,0.0,0.0,5,26.7,23.6,83,994.8,45,1.5,-9900,-9900,0.0,0.0
2023,9,28,7,60,0.0,0.0,0.0,0.0,0.0,5,27.2,24.3,84,996.0,39,1.9,-9900,-9900,0.0,0.0
2023,9,28,8,60,0.0,0.0,0.0,0.0,0.0,5,28.1,23.9,78,995.2,78,2.4,-9900,-9900,0.0,0.0
2023,9,28,9,60,0.0,0.0,0.0,0.0,0.0,5,29.6,23.5,70,995.5,65,2.5,-9900,-9900,0.0,0.0
2023,9,28,10,60,0.0,0.0,0.0,0.0,0.0,5,30.8,23.2,64,995.1,69,2.9,-9900,-9900,0.0,0.0
2023,9,28,11,60,0.0,0.0,0.0,0.0,0.0,5,31.6,23.4,62,994.4,70,2.9,-9900,-9900,0.0,0.0
2023,9,28,12,60,0.0,0.0,0.0,0.0,0.0,5,32.4,24.2,62,993.6,87,3.8,-9900,-9900,0.0,0.0
2023,9,28,13,60,0.0,0.0,0.0,0.0,0.0,5,32.1,23.4,60,993.1,86,4.2,-9900,-9900,0.0,0.0
2023,9,28,14,60,0.0,0.0,0.0,0.0,0.0,5,32.6,23.3,58,992.7,76,4.4,-9900,-9900,0.0,0.0
2023,9,28,15,60,0.0,0.0,0.0,0.0,0.0,5,32.5,20.7,50,992.3,88,5.5,-9900,-9900,0.0,0.0
2023,9,28,16,60,0.0,0.0,0.0,0.0,0.0,5,31.7,21.3,54,992.6,85,4.4,-9900,-9900,0.0,0.0
2023,9,28,17,60,0.0,0.0,0.0,0.0,0.0,5,30.5,20.7,56,993.1,89,4.2,-9900,-9900,0.0,0.0
2023,9,28,18,60,0.0,0.0,0.0,0.0,0.0,5,29.9,20.7,58,993.7,89,3.6,-9900,-9900,0.0,0.0
2023,9,28,19,60,0.0,0.0,0.0,0.0,0.0,5,29.0,21.8,65,994.2,82,3.1,-9900,-9900,0.0,0.0
2023,9,28,20,60,0.0,0.0,0.0,0.0,0.0,5,28.6,22.6,70,995.0,90,3.7,-9900,-9900,0.0,0.0
2023,9,28,21,60,0.0,0.0,0.0,0.0,0.0,5,28.3,23.2,74,995.4,82,3.2,-9900,-9900,0.0,0.0
2023,9,28,22,60,0.0,0.0,0.0,0.0,0.0,5,28.2,22.9,73,995.5,81,3.4,-9900,-9900,0.0,0.0
2023,9,28,23,60,0.0,0.0,0.0,0.0,0.0,5,28.2,22.9,73,995.9,81,2.4,-9900,-9900,0.0,0.0
2023,9,28,24,60,0.0,0.0,0.0,0.0,0.0,5,27.7,23.7,79,995.8,82,2.7,-9900,-9900,0.0,0.0
2023,9,29,1,60,0.0,0.0,0.0,0.0,0.0,5,27.5,23.7,80,995.7,84,2.4,-9900,-9900,0.0,0.0
2023,9,29,2,60,0.0,0.0,0.0,0.0,0.0,5,27.3,24.0,82,995.5,93,2.2,-9900,-9900,0.0,0.0
2023,9,29,3,60,0.0,0.0,0.0,0.0,0.0,5,26.9,24.2,85,995.2,94,1.7,-9900,-9900,0.0,0.0
2023,9,29,4,60,0.0,0.0,0.0,0.0,0.0,5,27.1,24.2,84,995.2,96,2.1,-9900,-9900,0.0,0.0
2023,9,29,5,60,0.0,0.0,0.0,0.0,0.0,5,26.9,24.0,84,995.4,90,2.5,-9900,-9900,0.0,0.0
2023,9,29,6,60,0.0,0.0,0.0,0.0,0.0,5,26.8,24.3,86,995.8,83,2.0,-9900,-9900,0.0,0.0
2023,9,29,7,60,0.0,0.0,0.0,0.0,0.0,5,27.1,24.2,84,996.3,82,1.9,-9900,-9900,0.0,0.0
2023,9,29,8,60,0.0,0.0,0.0,0.0,0.0,5,27.5,23.5,79,996.6,96,3.9,-9900,-9900,0.0,0.0
2023,9,29,9,60,0.0,0.0,0.0,0.0,0.0,5,28.5,23.2,73,996.4,94,3.7,-9900,-9900,0.0,0.0
2023,9,29,10,60,0.0,0.0,0.0,0.0,0.0,5,29.6,23.1,68,996.1,72,3.6,-9900,-9900,0.0,0.0
2023,9,29,11,60,0.0,0.0,0.0,0.0,0.0,5,30.4,23.3,66,995.9,73,3.9,-9900,-9900,0.0,0.0
2023,9,29,12,60,0.0,0.0,0.0,0.0,0.0,5,30.6,23.3,65,995.1,88,4.8,-9900,-9900,0.0,0.0
2023,9,29,13,60,0.0,0.0,0.0,0.0,0.0,5,31.2,23.1,62,994.3,84,5.0,-9900,-9900,0.0,0.0
2023,9,29,14,60,0.0,0.0,0.0,0.0,0.0,5,31.7,23.3,61,993.8,94,4.4,-9900,-9900,0.0,0.0
2023,9,29,15,60,0.0,0.0,0.0,0.0,0.0,5,31.3,23.2,62,993.6,85,3.9,-9900,-9900,0.0,0.0
2023,9,29,16,60,0.0,0.0,0.0,0.0,0.0,5,30.0,23.7,69,993.5,85,3.8,-9900,-9900,0.0,0.0
2023,9,29,17,60,0.0,0.0,0.0,0.0,0.0,5,29.4,23.8,72,993.6,86,3.0,-9900,-9900,0.0,0.0
2023,9,29,18,60,0.0,0.0,0.0,0.0,0.0,5,28.4,24.2,78,993.9,76,2.7,-9900,-9900,0.0,0.0
2023,9,29,19,60,0.0,0.0,0.0,0.0,0.0,5,28.2,24.0,78,994.3,78,3.3,-9900,-9900,0.0,0.0
2023,9,29,20,60,0.0,0.0,0.0,0.0,0.0,5,27.9,23.7,78,994.9,75,3.6,-9900,-9900,0.0,0.0
2023,9,29,21,60,0.0,0.0,0.0,0.0,0.0,5,27.6,24.2,82,995.1,70,3.6,-9900,-9900,0.0,0.0
2023,9,29,22,60,0.0,0.0,0.0,0.0,0.0,5,27.5,23.7,80,995.2,75,3.1,-9900,-9900,0.0,0.0
2023,9,29,23,60,0.0,0.0,0.0,0.0,0.0,5,27.4,23.6,80,994.8,81,2.8,-9900,-9900,0.0,0.0
2023,9,29,24,60,0.0,0.0,0.0,0.0,0.0,5,27.5,23.3,78,994.6,78,2.7,-9900,-9900,0.0,0.0
2023,9,30,1,60,0.0,0.0,0.0,0.0,0.0,5,27.3,23.1,78,994.0,81,2.9,-9900,-9900,0.0,0.0
2023,9,30,2,60,0.0,0.0,0.0,0.0,0.0,5,27.2,23.0,78,993.5,96,2.5,-9900,-9900,0.0,0.0
2023,9,30,3,60,0.0,0.0,0.0,0.0,0.0,5,26.9,23.2,80,993.2,92,1.3,-9900,-9900,0.0,0.0
2023,9,30,4,60,0.0,0.0,0.0,0.0,0.0,5,27.0,22.4,76,993.4,91,2.3,-9900,-9900,0.0,0.0
2023,9,30,5,60,0.0,0.0,0.0,0.0,0.0,5,26.6,22.7,79,993.4,91,1.7,-9900,-9900,0.0,0.0
2023,9,30,6,60,0.0,0.0,0.0,0.0,0.0,5,26.5,23.2,82,993.7,89,2.5,-9900,-9900,0.0,0.0
2023,9,30,7,60,0.0,0.0,0.0,0.0,0.0,5,27.2,23.7,81,994.2,96,2.8,-9900,-9900,0.0,0.0
2023,9,30,8,60,0.0,0.0,0.0,0.0,0.0,5,28.6,23.5,74,994.5,75,2.0,-9900,-9900,0.0,0.0
2023,9,30,9,60,0.0,0.0,0.0,0.0,0.0,5,29.3,23.0,69,994.6,84,2.8,-9900,-9900,0.0,0.0
2023,9,30,10,60,0.0,0.0,0.0,0.0,0.0,5,30.4,22.3,62,994.4,69,3.1,-9900,-9900,0.0,0.0
2023,9,30,11,60,0.0,0.0,0.0,0.0,0.0,5,31.0,22.3,60,994.1,81,3.3,-9900,-9900,0.0,0.0
2023,9,30,12,60,0.0,0.0,0.0,0.0,0.0,5,31.4,23.0,61,993.2,84,3.3,-9900,-9900,0.0,0.0
2023,9,30,13,60,0.0,0.0,0.0,0.0,0.0,5,31.4,22.4,59,992.3,89,3.7,-9900,-9900,0.0,0.0
2023,9,30,14,60,0.0,0.0,0.0,0.0,0.0,5,31.4,22.7,60,991.9,78,3.7,-9900,-9900,0.0,0.0
2023,9,30,15,60,0.0,0.0,0.0,0.0,0.0,5,31.0,22.6,61,991.4,86,3.8,-9900,-9900,0.0,0.0
2023,9,30,16,60,0.0,0.0,0.0,0.0,0.0,5,31.0,22.3,60,991.4,62,2.8,-9900,-9900,0.0,0.0
2023,9,30,17,60,0.0,0.0,0.0,0.0,0.0,5,30.0,22.7,65,991.6,72,2.8,-9900,-9900,0.0,0.0
2023,9,30,18,60,0.0,0.0,0.0,0.0,0.0,5,28.6,22.6,70,991.8,73,3.2,-9900,-9900,0.0,0.0
2023,9,30,19,60,0.0,0.0,0.0,0.0,0.0,5,27.8,23.0,75,992.1,91,3.4,-9900,-9900,0.0,0.0
2023,9,30,20,60,0.0,0.0,0.0,0.0,0.0,5,27.6,23.2,77,992.7,78,3.0,-9900,-9900,0.0,0.0
2023,9,30,21,60,0.0,0.0,0.0,0.0,0.0,5,27.3,23.3,79,993.0,72,3.8,-9900,-9900,0.0,0.0
2023,9,30,22,60,0.0,0.0,0.0,0.0,0.0,5,27.3,23.3,79,993.3,79,3.2,-9900,-9900,0.0,0.0
2023,9,30,23,60,0.0,0.0,0.0,0.0,0.0,5,27.0,23.7,82,993.2,77,3.0,-9900,-9900,0.0,0.0
2023,9,30,24,60,0.0,0.0,0.0,0.0,0.0,5,27.0,23.9,83,993.0,71,3.4,-9900,-9900,0.0,0.0
2023,10,1,1,60,0.0,0.0,0.0,0.0,0.0,5,26.9,24.0,84,992.6,79,3.6,-9900,-9900,0.0,0.0
2023,10,1,2,60,0.0,0.0,0.0,0.0,0.0,5,26.7,24.0,85,992.1,72,4.0,-9900,-9900,0.0,0.0
2023,10,1,3,60,0.0,0.0,0.0,0.0,0.0,5,26.6,23.7,84,991.7,74,3.8,-9900,-9900,0.0,0.0
2023,10,1,4,60,0.0,0.0,0.0,0.0,0.0,5,26.3,23.8,86,991.9,67,3.2,-9900,-9900,0.0,0.0
2023,10,1,5,60,0.0,0.0,0.0,0.0,0.0,5,26.2,23.3,84,992.5,77,3.5,-9900,-9900,0.0,0.0
2023,10,1,6,60,0.0,0.0,0.0,0.0,0.0,5,26.3,23.2,83,993.3,78,2.6,-9900,-9900,0.0,0.0
2023,10,1,7,60,0.0,0.0,0.0,0.0,0.0,5,26.7,23.2,81,994.1,84,3.3,-9900,-9900,0.0,0.0
2023,10,1,8,60,0.0,0.0,0.0,0.0,0.0,5,27.4,22.6,75,994.5,85,4.1,-9900,-9900,0.0,0.0
2023,10,1,9,60,0.0,0.0,0.0,0.0,0.0,5,28.7,21.5,65,995.0,77,3.5,-9900,-9900,0.0,0.0
2023,10,1,10,60,0.0,0.0,0.0,0.0,0.0,5,29.7,20.8,59,995.0,72,3.8,-9900,-9900,0.0,0.0
2023,10,1,11,60,0.0,0.0,0.0,0.0,0.0,5,29.9,21.0,59,994.7,80,4.4,-9900,-9900,0.0,0.0
2023,10,1,12,60,0.0,0.0,0.0,0.0,0.0,5,31.3,21.5,56,994.1,82,3.1,-9900,-9900,0.0,0.0
2023,10,1,13,60,0.0,0.0,0.0,0.0,0.0,5,31.4,22.1,58,993.5,84,4.4,-9900,-9900,0.0,0.0
2023,10,1,14,60,0.0,0.0,0.0,0.0,0.0,5,30.2,22.6,64,993.2,65,3.5,-9900,-9900,0.0,0.0
2023,10,1,15,60,0.0,0.0,0.0,0.0,0.0,5,29.1,23.5,72,993.3,70,3.6,-9900,-9900,0.0,0.0
2023,10,1,16,60,0.0,0.0,0.0,0.0,0.0,5,26.1,24.5,91,993.7,69,3.0,-9900,-9900,0.0,0.0
2023,10,1,17,60,0.0,0.0,0.0,0.0,0.0,5,25.7,24.3,92,993.8,79,3.1,-9900,-9900,0.0,0.0
2023,10,1,18,60,0.0,0.0,0.0,0.0,0.0,5,25.4,24.0,92,994.1,64,2.1,-9900,-9900,0.0,0.0
2023,10,1,19,60,0.0,0.0,0.0,0.0,0.0,5,25.8,23.3,86,994.6,83,2.5,-9900,-9900,0.0,0.0
2023,10,1,20,60,0.0,0.0,0.0,0.0,0.0,5,25.6,22.7,84,995.2,74,2.3,-9900,-9900,0.0,0.0
2023,10,1,21,60,0.0,0.0,0.0,0.0,0.0,5,25.4,22.9,86,995.7,76,2.7,-9900,-9900,0.0,0.0
2023,10,1,22,60,0.0,0.0,0.0,0.0,0.0,5,25.6,22.5,83,995.9,82,2.5,-9900,-9900,0.0,0.0
2023,10,1,23,60,0.0,0.0,0.0,0.0,0.0,5,25.7,22.0,80,996.0,90,3.5,-9900,-9900,0.0,0.0
2023,10,1,24,60,0.0,0.0,0.0,0.0,0.0,5,25.5,21.8,80,996.0,92,2.7,-9900,-9900,0.0,0.0
2023,10,2,1,60,0.0,0.0,0.0,0.0,0.0,5,25.4,21.7,80,995.6,84,2.3,-9900,-9900,0.0,0.0
2023,10,2,2,60,0.0,0.0,0.0,0.0,0.0,5,25.3,21.8,81,995.4,89,2.3,-9900,-9900,0.0,0.0
2023,10,2,3,60,0.0,0.0,0.0,0.0,0.0,5,25.3,22.0,82,995.2,81,2.2,-9900,-9900,0.0,0.0
2023,10,2,4,60,0.0,0.0,0.0,0.0,0.0,5,25.3,21.6,80,995.5,64,1.7,-9900,-9900,0.0,0.0
2023,10,2,5,60,0.0,0.0,0.0,0.0,0.0,5,25.2,21.3,79,995.7,60,2.2,-9900,-9900,0.0,0.0
2023,10,2,6,60,0.0,0.0,0.0,0.0,0.0,5,25.5,20.3,73,996.0,79,2.0,-9900,-9900,0.0,0.0
2023,10,2,7,60,0.0,0.0,0.0,0.0,0.0,5,25.6,20.8,75,996.5,69,1.9,-9900,-9900,0.0,0.0
2023,10,2,8,60,0.0,0.0,0.0,0.0,0.0,5,25.5,21.0,76,996.8,93,2.5,-9900,-9900,0.0,0.0
2023,10,2,9,60,0.0,0.0,0.0,0.0,0.0,5,25.8,21.5,77,997.0,85,1.9,-9900,-9900,0.0,0.0
2023,10,2,10,60,0.0,0.0,0.0,0.0,0.0,5,25.8,21.9,79,996.8,91,1.9,-9900,-9900,0.0,0.0
2023,10,2,11,60,0.0,0.0,0.0,0.0,0.0,5,26.6,21.8,75,996.5,68,1.8,-9900,-9900,0.0,0.0
2023,10,2,12,60,0.0,0.0,0.0,0.0,0.0,5,25.9,21.8,78,995.9,80,2.3,-9900,-9900,0.0,0.0
2023,10,2,13,60,0.0,0.0,0.0,0.0,0.0,5,25.5,21.2,77,995.6,79,3.1,-9900,-9900,0.0,0.0
2023,10,2,14,60,0.0,0.0,0.0,0.0,0.0,5,26.1,20.0,69,995.2,89,4.1,-9900,-9900,0.0,0.0
2023,10,2,15,60,0.0,0.0,0.0,0.0,0.0,5,27.0,19.4,63,994.5,73,3.9,-9900,-9900,0.0,0.0
2023,10,2,16,60,0.0,0.0,0.0,0.0,0.0,5,26.7,18.6,61,994.1,76,3.7,-9900,-9900,0.0,0.0
2023,10,2,17,60,0.0,0.0,0.0,0.0,0.0,5,26.2,18.6,63,994.6,82,2.9,-9900,-9900,0.0,0.0
2023,10,2,18,60,0.0,0.0,0.0,0.0,0.0,5,25.9,19.3,67,995.1,70,2.1,-9900,-9900,0.0,0.0
2023,10,2,19,60,0.0,0.0,0.0,0.0,0.0,5,25.2,19.1,69,995.9,55,3.0,-9900,-9900,0.0,0.0
2023,10,2,20,60,0.0,0.0,0.0,0.0,0.0,5,25.0,18.9,69,996.3,76,2.5,-9900,-9900,0.0,0.0
2023,10,2,21,60,0.0,0.0,0.0,0.0,0.0,5,24.6,19.2,72,996.6,87,2.3,-9900,-9900,0.0,0.0
2023,10,2,22,60,0.0,0.0,0.0,0.0,0.0,5,24.6,19.2,72,996.5,91,2.6,-9900,-9900,0.0,0.0
2023,10,2,23,60,0.0,0.0,0.0,0.0,0.0,5,24.5,19.6,74,996.1,92,2.6,-9900,-9900,0.0,0.0
2023,10,2,24,60,0.0,0.0,0.0,0.0,0.0,5,24.3,19.4,74,995.5,88,2.8,-9900,-9900,0.0,0.0
2023,10,3,1,60,0.0,0.0,0.0,0.0,0.0,5,24.2,19.7,76,994.9,86,3.1,-9900,-9900,0.0,0.0
2023,10,3,2,60,0.0,0.0,0.0,0.0,0.0,5,24.0,19.7,77,994.2,90,2.1,-9900,-9900,0.0,0.0
2023,10,3,3,60,0.0,0.0,0.0,0.0,0.0,5,23.9,19.2,75,993.6,98,2.4,-9900,-9900,0.0,0.0
2023,10,3,4,60,0.0,0.0,0.0,0.0,0.0,5,23.9,19.4,76,993.5,88,2.7,-9900,-9900,0.0,0.0
2023,10,3,5,60,0.0,0.0,0.0,0.0,0.0,5,23.6,19.5,78,993.5,89,2.4,-9900,-9900,0.0,0.0
2023,10,3,6,60,0.0,0.0,0.0,0.0,0.0,5,23.5,19.4,78,994.0,92,2.5,-9900,-9900,0.0,0.0
2023,10,3,7,60,0.0,0.0,0.0,0.0,0.0,5,24.5,19.3,73,994.4,83,2.2,-9900,-9900,0.0,0.0
2023,10,3,8,60,0.0,0.0,0.0,0.0,0.0,5,25.3,19.7,71,994.6,77,2.1,-9900,-9900,0.0,0.0
2023,10,3,9,60,0.0,0.0,0.0,0.0,0.0,5,25.9,19.8,69,994.7,90,2.4,-9900,-9900,0.0,0.0
2023,10,3,10,60,0.0,0.0,0.0,0.0,0.0,5,25.7,21.2,76,994.6,66,2.2,-9900,-9900,0.0,0.0
2023,10,3,11,60,0.0,0.0,0.0,0.0,0.0,5,25.1,21.2,79,994.1,79,2.3,-9900,-9900,0.0,0.0
2023,10,3,12,60,0.0,0.0,0.0,0.0,0.0,5,25.4,21.5,79,993.5,89,2.5,-9900,-9900,0.0,0.0
2023,10,3,13,60,0.0,0.0,0.0,0.0,0.0,5,25.5,22.0,81,992.8,95,1.9,-9900,-9900,0.0,0.0
2023,10,3,14,60,0.0,0.0,0.0,0.0,0.0,5,25.5,23.0,86,991.9,46,2.0,-9900,-9900,0.0,0.0
2023,10,3,15,60,0.0,0.0,0.0,0.0,0.0,5,25.0,23.8,93,991.8,64,1.7,-9900,-9900,0.0,0.0
2023,10,3,16,60,0.0,0.0,0.0,0.0,0.0,5,24.9,23.9,94,991.8,59,1.9,-9900,-9900,0.0,0.0
2023,10,3,17,60,0.0,0.0,0.0,0.0,0.0,5,24.8,24.1,96,992.1,63,1.6,-9900,-9900,0.0,0.0
2023,10,3,18,60,0.0,0.0,0.0,0.0,0.0,5,24.8,24.1,96,992.1,67,2.0,-9900,-9900,0.0,0.0
2023,10,3,19,60,0.0,0.0,0.0,0.0,0.0,5,25.4,24.5,95,992.2,60,2.2,-9900,-9900,0.0,0.0
2023,10,3,20,60,0.0,0.0,0.0,0.0,0.0,5,25.6,24.6,94,992.6,51,2.2,-9900,-9900,0.0,0.0
2023,10,3,21,60,0.0,0.0,0.0,0.0,0.0,5,25.4,24.7,96,992.9,42,2.5,-9900,-9900,0.0,0.0
2023,10,3,22,60,0.0,0.0,0.0,0.0,0.0,5,25.6,24.4,93,992.8,38,4.4,-9900,-9900,0.0,0.0
2023,10,3,23,60,0.0,0.0,0.0,0.0,0.0,5,25.6,24.4,93,992.7,36,3.9,-9900,-9900,0.0,0.0
2023,10,3,24,60,0.0,0.0,0.0,0.0,0.0,5,25.5,24.6,95,992.2,34,3.8,-9900,-9900,0.0,0.0
2023,10,4,1,60,0.0,0.0,0.0,0.0,0.0,5,25.5,24.6,95,991.7,53,2.5,-9900,-9900,0.0,0.0
2023,10,4,2,60,0.0,0.0,0.0,0.0,0.0,5,25.0,24.5,97,991.3,59,2.5,-9900,-9900,0.0,0.0
2023,10,4,3,60,0.0,0.0,0.0,0.0,0.0,5,25.3,24.6,96,990.8,39,4.4,-9900,-9900,0.0,0.0
2023,10,4,4,60,0.0,0.0,0.0,0.0,0.0,5,25.1,24.4,96,990.7,51,2.9,-9900,-9900,0.0,0.0
2023,10,4,5,60,0.0,0.0,0.0,0.0,0.0,5,24.8,24.3,97,990.7,40,4.6,-9900,-9900,0.0,0.0
2023,10,4,6,60,0.0,0.0,0.0,0.0,0.0,5,24.8,24.5,98,991.2,46,3.3,-9900,-9900,0.0,0.0
2023,10,4,7,60,0.0,0.0,0.0,0.0,0.0,5,25.2,24.3,95,991.5,54,3.7,-9900,-9900,0.0,0.0
2023,10,4,8,60,0.0,0.0,0.0,0.0,0.0,5,25.4,24.4,94,991.9,54,3.7,-9900,-9900,0.0,0.0
2023,10,4,9,60,0.0,0.0,0.0,0.0,0.0,5,25.2,24.3,95,991.8,59,3.3,-9900,-9900,0.0,0.0
2023,10,4,10,60,0.0,0.0,0.0,0.0,0.0,5,25.0,24.1,95,991.9,46,3.4,-9900,-9900,0.0,0.0
2023,10,4,11,60,0.0,0.0,0.0,0.0,0.0,5,25.1,23.9,93,991.3,47,3.8,-9900,-9900,0.0,0.0
2023,10,4,12,60,0.0,0.0,0.0,0.0,0.0,5,25.0,24.0,94,990.5,43,4.6,-9900,-9900,0.0,0.0
2023,10,4,13,60,0.0,0.0,0.0,0.0,0.0,5,24.6,23.7,95,989.5,40,5.5,-9900,-9900,0.0,0.0
2023,10,4,14,60,0.0,0.0,0.0,0.0,0.0,5,24.6,23.7,95,989.1,50,3.4,-9900,-9900,0.0,0.0
2023,10,4,15,60,0.0,0.0,0.0,0.0,0.0,5,24.8,23.9,95,988.8,47,3.9,-9900,-9900,0.0,0.0
2023,10,4,16,60,0.0,0.0,0.0,0.0,0.0,5,24.9,24.2,96,988.6,54,3.7,-9900,-9900,0.0,0.0
2023,10,4,17,60,0.0,0.0,0.0,0.0,0.0,5,25.1,24.2,95,988.9,49,4.0,-9900,-9900,0.0,0.0
2023,10,4,18,60,0.0,0.0,0.0,0.0,0.0,5,24.8,24.1,96,989.0,46,3.7,-9900,-9900,0.0,0.0
2023,10,4,19,60,0.0,0.0,0.0,0.0,0.0,5,24.5,23.8,96,989.2,46,3.6,-9900,-9900,0.0,0.0
2023,10,4,20,60,0.0,0.0,0.0,0.0,0.0,5,24.7,24.0,96,989.6,38,5.9,-9900,-9900,0.0,0.0
2023,10,4,21,60,0.0,0.0,0.0,0.0,0.0,5,24.7,24.2,97,989.6,49,5.0,-9900,-9900,0.0,0.0
2023,10,4,22,60,0.0,0.0,0.0,0.0,0.0,5,24.5,24.0,97,990.0,50,4.8,-9900,-9900,0.0,0.0
2023,10,4,23,60,0.0,0.0,0.0,0.0,0.0,5,24.6,24.1,97,989.9,52,4.3,-9900,-9900,0.0,0.0
2023,10,4,24,60,0.0,0.0,0.0,0.0,0.0,5,24.0,23.5,97,989.7,56,4.8,-9900,-9900,0.0,0.0
2023,10,5,1,60,0.0,0.0,0.0,0.0,0.0,5,24.0,23.5,97,989.3,55,4.4,-9900,-9900,0.0,0.0
2023,10,5,2,60,0.0,0.0,0.0,0.0,0.0,5,24.5,23.6,95,988.2,46,4.5,-9900,-9900,0.0,0.0
2023,10,5,3,60,0.0,0.0,0.0,0.0,0.0,5,23.8,23.5,98,988.0,59,3.4,-9900,-9900,0.0,0.0
2023,10,5,4,60,0.0,0.0,0.0,0.0,0.0,5,23.6,23.1,97,987.3,48,5.1,-9900,-9900,0.0,0.0
2023,10,5,5,60,0.0,0.0,0.0,0.0,0.0,5,23.8,23.3,97,987.4,56,4.6,-9900,-9900,0.0,0.0
2023,10,5,6,60,0.0,0.0,0.0,0.0,0.0,5,24.0,23.1,95,987.8,47,3.8,-9900,-9900,0.0,0.0
2023,10,5,7,60,0.0,0.0,0.0,0.0,0.0,5,23.9,22.9,94,987.9,37,7.1,-9900,-9900,0.0,0.0
2023,10,5,8,60,0.0,0.0,0.0,0.0,0.0,5,23.8,23.1,96,988.4,47,4.1,-9900,-9900,0.0,0.0
2023,10,5,9,60,0.0,0.0,0.0,0.0,0.0,5,24.9,24.2,96,987.9,60,4.1,-9900,-9900,0.0,0.0
2023,10,5,10,60,0.0,0.0,0.0,0.0,0.0,5,27.9,23.9,79,986.4,73,6.2,-9900,-9900,0.0,0.0
2023,10,5,11,60,0.0,0.0,0.0,0.0,0.0,5,29.0,23.0,70,985.6,88,5.7,-9900,-9900,0.0,0.0
2023,10,5,12,60,0.0,0.0,0.0,0.0,0.0,5,28.4,23.1,73,985.6,89,7.3,-9900,-9900,0.0,0.0
2023,10,5,13,60,0.0,0.0,0.0,0.0,0.0,5,28.1,23.3,75,985.3,82,7.0,-9900,-9900,0.0,0.0
2023,10,5,14,60,0.0,0.0,0.0,0.0,0.0,5,27.7,23.5,78,984.0,82,6.8,-9900,-9900,0.0,0.0
2023,10,5,15,60,0.0,0.0,0.0,0.0,0.0,5,27.6,23.6,79,983.2,88,7.5,-9900,-9900,0.0,0.0
2023,10,5,16,60,0.0,0.0,0.0,0.0,0.0,5,28.3,22.3,70,982.6,93,7.6,-9900,-9900,0.0,0.0
2023,10,5,17,60,0.0,0.0,0.0,0.0,0.0,5,28.3,22.1,69,983.9,92,7.8,-9900,-9900,0.0,0.0
2023,10,5,18,60,0.0,0.0,0.0,0.0,0.0,5,27.5,22.7,75,986.3,82,4.2,-9900,-9900,0.0,0.0
2023,10,5,19,60,0.0,0.0,0.0,0.0,0.0,5,26.5,23.8,85,987.2,82,5.0,-9900,-9900,0.0,0.0
2023,10,5,20,60,0.0,0.0,0.0,0.0,0.0,5,25.8,23.3,86,987.8,82,4.5,-9900,-9900,0.0,0.0
2023,10,5,21,60,0.0,0.0,0.0,0.0,0.0,5,26.0,23.1,84,988.8,76,4.8,-9900,-9900,0.0,0.0
2023,10,5,22,60,0.0,0.0,0.0,0.0,0.0,5,26.3,23.0,82,989.7,72,4.6,-9900,-9900,0.0,0.0
2023,10,5,23,60,0.0,0.0,0.0,0.0,0.0,5,26.5,23.2,82,989.6,74,3.7,-9900,-9900,0.0,0.0
2023,10,5,24,60,0.0,0.0,0.0,0.0,0.0,5,26.4,22.9,81,989.8,70,3.0,-9900,-9900,0.0,0.0
2023,10,6,1,60,0.0,0.0,0.0,0.0,0.0,5,26.6,22.0,76,989.8,91,3.0,-9900,-9900,0.0,0.0
2023,10,6,2,60,0.0,0.0,0.0,0.0,0.0,5,26.8,21.8,74,990.2,95,2.8,-9900,-9900,0.0,0.0
2023,10,6,3,60,0.0,0.0,0.0,0.0,0.0,5,26.5,22.1,77,990.5,94,2.4,-9900,-9900,0.0,0.0
2023,10,6,4,60,0.0,0.0,0.0,0.0,0.0,5,26.3,22.4,79,990.8,90,0.9,-9900,-9900,0.0,0.0
2023,10,6,5,60,0.0,0.0,0.0,0.0,0.0,5,26.1,22.0,78,991.5,59,0.6,-9900,-9900,0.0,0.0
2023,10,6,6,60,0.0,0.0,0.0,0.0,0.0,5,25.9,22.0,79,992.3,53,1.7,-9900,-9900,0.0,0.0
2023,10,6,7,60,0.0,0.0,0.0,0.0,0.0,5,26.3,22.4,79,993.0,60,1.4,-9900,-9900,0.0,0.0
2023,10,6,8,60,0.0,0.0,0.0,0.0,0.0,5,27.6,23.2,77,993.3,12,1.3,-9900,-9900,0.0,0.0
2023,10,6,9,60,0.0,0.0,0.0,0.0,0.0,5,27.0,23.3,80,993.9,10,1.4,-9900,-9900,0.0,0.0
2023,10,6,10,60,0.0,0.0,0.0,0.0,0.0,5,27.2,23.7,81,993.6,59,1.0,-9900,-9900,0.0,0.0
2023,10,6,11,60,0.0,0.0,0.0,0.0,0.0,5,26.0,23.3,85,993.3,38,3.9,-9900,-9900,0.0,0.0
2023,10,6,12,60,0.0,0.0,0.0,0.0,0.0,5,28.4,23.1,73,992.1,64,3.0,-9900,-9900,0.0,0.0
2023,10,6,13,60,0.0,0.0,0.0,0.0,0.0,5,29.9,23.4,68,991.3,85,4.0,-9900,-9900,0.0,0.0
2023,10,6,14,60,0.0,0.0,0.0,0.0,0.0,5,29.6,23.3,69,990.8,78,3.9,-9900,-9900,0.0,0.0
2023,10,6,15,60,0.0,0.0,0.0,0.0,0.0,5,29.0,23.4,72,990.8,82,2.8,-9900,-9900,0.0,0.0
2023,10,6,16,60,0.0,0.0,0.0,0.0,0.0,5,28.7,23.4,73,991.2,82,2.2,-9900,-9900,0.0,0.0
2023,10,6,17,60,0.0,0.0,0.0,0.0,0.0,5,28.0,23.4,76,991.8,79,3.2,-9900,-9900,0.0,0.0
2023,10,6,18,60,0.0,0.0,0.0,0.0,0.0,5,27.1,23.4,80,992.5,77,2.0,-9900,-9900,0.0,0.0
2023,10,6,19,60,0.0,0.0,0.0,0.0,0.0,5,26.7,23.6,83,993.4,59,1.4,-9900,-9900,0.0,0.0
2023,10,6,20,60,0.0,0.0,0.0,0.0,0.0,5,26.0,24.0,89,994.1,114,1.9,-9900,-9900,0.0,0.0
2023,10,6,21,60,0.0,0.0,0.0,0.0,0.0,5,25.2,24.0,93,994.4,128,1.2,-9900,-9900,0.0,0.0
2023,10,6,22,60,0.0,0.0,0.0,0.0,0.0,5,25.6,24.0,91,994.3,73,0.6,-9900,-9900,0.0,0.0
2023,10,6,23,60,0.0,0.0,0.0,0.0,0.0,5,25.3,24.4,95,994.0,352,0.4,-9900,-9900,0.0,0.0
2023,10,6,24,60,0.0,0.0,0.0,0.0,0.0,5,25.4,24.2,93,994.1,116,0.5,-9900,-9900,0.0,0.0
2023,10,7,1,60,0.0,0.0,0.0,0.0,0.0,5,25.2,24.2,94,993.8,131,1.1,-9900,-9900,0.0,0.0
2023,10,7,2,60,0.0,0.0,0.0,0.0,0.0,5,25.2,24.2,94,993.5,0,0.0,-9900,-9900,0.0,0.0
2023,10,7,3,60,0.0,0.0,0.0,0.0,0.0,5,25.0,24.1,95,993.2,0,0.0,-9900,-9900,0.0,0.0
2023,10,7,4,60,0.0,0.0,0.0,0.0,0.0,5,25.2,24.3,95,993.0,0,0.0,-9900,-9900,0.0,0.0
2023,10,7,5,60,0.0,0.0,0.0,0.0,0.0,5,25.3,24.4,95,993.3,0,0.0,-9900,-9900,0.0,0.0
2023,10,7,6,60,0.0,0.0,0.0,0.0,0.0,5,25.1,24.1,94,993.7,86,0.3,-9900,-9900,0.0,0.0
2023,10,7,7,60,0.0,0.0,0.0,0.0,0.0,5,25.7,24.3,92,994.2,0,0.0,-9900,-9900,0.0,0.0
2023,10,7,8,60,0.0,0.0,0.0,0.0,0.0,5,26.6,24.1,86,994.8,174,0.3,-9900,-9900,0.0,0.0
2023,10,7,9,60,0.0,0.0,0.0,0.0,0.0,5,26.9,24.2,85,995.1,0,0.0,-9900,-9900,0.0,0.0
2023,10,7,10,60,0.0,0.0,0.0,0.0,0.0,5,27.4,23.8,81,995.2,238,0.5,-9900,-9900,0.0,0.0
2023,10,7,11,60,0.0,0.0,0.0,0.0,0.0,5,27.9,23.7,78,995.1,198,0.4,-9900,-9900,0.0,0.0
2023,10,7,12,60,0.0,0.0,0.0,0.0,0.0,5,28.4,23.3,74,994.2,265,0.9,-9900,-9900,0.0,0.0
2023,10,7,13,60,0.0,0.0,0.0,0.0,0.0,5,28.4,23.8,76,993.7,268,1.0,-9900,-9900,0.0,0.0
2023,10,7,14,60,0.0,0.0,0.0,0.0,0.0,5,27.8,24.6,83,993.3,275,1.5,-9900,-9900,0.0,0.0
2023,10,7,15,60,0.0,0.0,0.0,0.0,0.0,5,27.6,24.0,81,993.3,281,2.0,-9900,-9900,0.0,0.0
2023,10,7,16,60,0.0,0.0,0.0,0.0,0.0,5,26.3,24.2,88,994.0,318,2.8,-9900,-9900,0.0,0.0
2023,10,7,17,60,0.0,0.0,0.0,0.0,0.0,5,24.9,24.2,96,994.6,320,2.4,-9900,-9900,0.0,0.0
2023,10,7,18,60,0.0,0.0,0.0,0.0,0.0,5,24.4,23.7,96,995.1,360,1.5,-9900,-9900,0.0,0.0
2023,10,7,19,60,0.0,0.0,0.0,0.0,0.0,5,24.1,23.6,97,996.0,349,1.5,-9900,-9900,0.0,0.0
2023,10,7,20,60,0.0,0.0,0.0,0.0,0.0,5,23.9,23.6,98,996.7,350,1.0,-9900,-9900,0.0,0.0
2023,10,7,21,60,0.0,0.0,0.0,0.0,0.0,5,23.7,23.2,97,997.2,2,1.5,-9900,-9900,0.0,0.0
2023,10,7,22,60,0.0,0.0,0.0,0.0,0.0,5,23.7,23.2,97,997.6,34,2.0,-9900,-9900,0.0,0.0
2023,10,7,23,60,0.0,0.0,0.0,0.0,0.0,5,23.5,23.2,98,997.4,33,2.1,-9900,-9900,0.0,0.0
2023,10,7,24,60,0.0,0.0,0.0,0.0,0.0,5,23.5,23.0,97,997.1,53,1.3,-9900,-9900,0.0,0.0
2023,10,8,1,60,0.0,0.0,0.0,0.0,0.0,5,23.3,22.8,97,997.0,34,1.9,-9900,-9900,0.0,0.0
2023,10,8,2,60,0.0,0.0,0.0,0.0,0.0,5,23.3,22.8,97,996.7,37,1.9,-9900,-9900,0.0,0.0
2023,10,8,3,60,0.0,0.0,0.0,0.0,0.0,5,23.4,22.9,97,996.7,18,1.5,-9900,-9900,0.0,0.0
2023,10,8,4,60,0.0,0.0,0.0,0.0,0.0,5,23.2,22.9,98,996.4,38,1.5,-9900,-9900,0.0,0.0
2023,10,8,5,60,0.0,0.0,0.0,0.0,0.0,5,23.1,22.6,97,996.9,44,2.3,-9900,-9900,0.0,0.0
2023,10,8,6,60,0.0,0.0,0.0,0.0,0.0,5,23.1,22.4,96,997.4,44,2.1,-9900,-9900,0.0,0.0
2023,10,8,7,60,0.0,0.0,0.0,0.0,0.0,5,23.3,22.3,94,998.1,54,1.7,-9900,-9900,0.0,0.0
2023,10,8,8,60,0.0,0.0,0.0,0.0,0.0,5,23.8,22.6,93,998.8,42,1.4,-9900,-9900,0.0,0.0
2023,10,8,9,60,0.0,0.0,0.0,0.0,0.0,5,24.4,23.0,92,998.8,45,1.6,-9900,-9900,0.0,0.0
2023,10,8,10,60,0.0,0.0,0.0,0.0,0.0,5,24.9,23.3,91,998.7,40,2.1,-9900,-9900,0.0,0.0
2023,10,8,11,60,0.0,0.0,0.0,0.0,0.0,5,24.8,23.2,91,998.1,35,2.5,-9900,-9900,0.0,0.0
2023,10,8,12,60,0.0,0.0,0.0,0.0,0.0,5,24.7,23.1,91,997.6,39,3.0,-9900,-9900,0.0,0.0
2023,10,8,13,60,0.0,0.0,0.0,0.0,0.0,5,24.7,23.3,92,997.0,38,2.9,-9900,-9900,0.0,0.0
2023,10,8,14,60,0.0,0.0,0.0,0.0,0.0,5,24.8,23.0,90,996.8,42,2.3,-9900,-9900,0.0,0.0
2023,10,8,15,60,0.0,0.0,0.0,0.0,0.0,5,24.4,23.2,93,996.8,35,2.7,-9900,-9900,0.0,0.0
2023,10,8,16,60,0.0,0.0,0.0,0.0,0.0,5,24.4,23.0,92,997.2,41,2.6,-9900,-9900,0.0,0.0
2023,10,8,17,60,0.0,0.0,0.0,0.0,0.0,5,24.3,22.9,92,997.7,54,1.7,-9900,-9900,0.0,0.0
2023,10,8,18,60,0.0,0.0,0.0,0.0,0.0,5,24.3,22.7,91,998.4,42,2.2,-9900,-9900,0.0,0.0
2023,10,8,19,60,0.0,0.0,0.0,0.0,0.0,5,24.4,22.7,90,999.2,64,1.2,-9900,-9900,0.0,0.0
2023,10,8,20,60,0.0,0.0,0.0,0.0,0.0,5,23.9,23.0,95,999.8,60,1.3,-9900,-9900,0.0,0.0
2023,10,8,21,60,0.0,0.0,0.0,0.0,0.0,5,23.4,22.6,95,999.9,65,0.9,-9900,-9900,0.0,0.0
2023,10,8,22,60,0.0,0.0,0.0,0.0,0.0,5,23.2,22.5,96,1000.4,37,1.5,-9900,-9900,0.0,0.0
2023,10,8,23,60,0.0,0.0,0.0,0.0,0.0,5,23.0,22.5,97,999.8,66,1.4,-9900,-9900,0.0,0.0
2023,10,8,24,60,0.0,0.0,0.0,0.0,0.0,5,23.1,22.6,97,999.0,61,1.4,-9900,-9900,0.0,0.0
2023,10,9,1,60,0.0,0.0,0.0,0.0,0.0,5,23.5,22.7,95,998.5,60,1.5,-9900,-9900,0.0,0.0
2023,10,9,2,60,0.0,0.0,0.0,0.0,0.0,5,23.4,22.7,96,998.2,35,1.8,-9900,-9900,0.0,0.0
2023,10,9,3,60,0.0,0.0,0.0,0.0,0.0,5,23.3,22.6,96,998.1,42,1.8,-9900,-9900,0.0,0.0
2023,10,9,4,60,0.0,0.0,0.0,0.0,0.0,5,23.2,22.7,97,997.8,60,1.5,-9900,-9900,0.0,0.0
2023,10,9,5,60,0.0,0.0,0.0,0.0,0.0,5,23.3,22.6,96,997.9,38,1.4,-9900,-9900,0.0,0.0
2023,10,9,6,60,0.0,0.0,0.0,0.0,0.0,5,23.2,22.7,97,998.3,37,2.6,-9900,-9900,0.0,0.0
2023,10,9,7,60,0.0,0.0,0.0,0.0,0.0,5,23.4,22.6,95,998.5,43,2.6,-9900,-9900,0.0,0.0
2023,10,9,8,60,0.0,0.0,0.0,0.0,0.0,5,23.6,22.4,93,999.0,41,3.5,-9900,-9900,0.0,0.0
2023,10,9,9,60,0.0,0.0,0.0,0.0,0.0,5,24.5,22.8,90,999.3,45,2.8,-9900,-9900,0.0,0.0
2023,10,9,10,60,0.0,0.0,0.0,0.0,0.0,5,24.8,22.9,89,999.4,37,3.8,-9900,-9900,0.0,0.0
2023,10,9,11,60,0.0,0.0,0.0,0.0,0.0,5,24.3,22.9,92,999.1,39,4.0,-9900,-9900,0.0,0.0
2023,10,9,12,60,0.0,0.0,0.0,0.0,0.0,5,24.8,23.0,90,998.7,47,2.6,-9900,-9900,0.0,0.0
2023,10,9,13,60,0.0,0.0,0.0,0.0,0.0,5,24.8,22.9,89,998.4,38,2.9,-9900,-9900,0.0,0.0
2023,10,9,14,60,0.0,0.0,0.0,0.0,0.0,5,24.3,22.7,91,998.1,40,3.2,-9900,-9900,0.0,0.0
2023,10,9,15,60,0.0,0.0,0.0,0.0,0.0,5,24.3,22.6,90,998.3,44,3.0,-9900,-9900,0.0,0.0
2023,10,9,16,60,0.0,0.0,0.0,0.0,0.0,5,24.2,22.6,91,998.6,44,2.7,-9900,-9900,0.0,0.0
2023,10,9,17,60,0.0,0.0,0.0,0.0,0.0,5,23.7,22.9,95,998.9,50,2.7,-9900,-9900,0.0,0.0
2023,10,9,18,60,0.0,0.0,0.0,0.0,0.0,5,23.1,22.3,95,999.5,49,2.2,-9900,-9900,0.0,0.0
2023,10,9,19,60,0.0,0.0,0.0,0.0,0.0,5,22.9,22.1,95,1000.3,66,2.1,-9900,-9900,0.0,0.0
2023,10,9,20,60,0.0,0.0,0.0,0.0,0.0,5,22.9,21.7,93,1001.2,57,2.3,-9900,-9900,0.0,0.0
2023,10,9,21,60,0.0,0.0,0.0,0.0,0.0,5,22.8,21.8,94,1001.6,40,2.9,-9900,-9900,0.0,0.0
2023,10,9,22,60,0.0,0.0,0.0,0.0,0.0,5,22.6,21.6,94,1001.6,46,3.1,-9900,-9900,0.0,0.0
2023,10,9,23,60,0.0,0.0,0.0,0.0,0.0,5,21.9,21.2,96,1001.5,44,3.0,-9900,-9900,0.0,0.0
2023,10,9,24,60,0.0,0.0,0.0,0.0,0.0,5,22.1,21.3,95,1001.3,53,2.4,-9900,-9900,0.0,0.0
2023,10,10,1,60,0.0,0.0,0.0,0.0,0.0,5,22.4,21.2,93,1000.8,45,2.2,-9900,-9900,0.0,0.0
2023,10,10,2,60,0.0,0.0,0.0,0.0,0.0,5,22.4,21.2,93,1000.4,42,3.0,-9900,-9900,0.0,0.0
2023,10,10,3,60,0.0,0.0,0.0,0.0,0.0,5,21.8,21.3,97,1000.5,44,2.1,-9900,-9900,0.0,0.0
2023,10,10,4,60,0.0,0.0,0.0,0.0,0.0,5,21.8,21.3,97,1000.5,41,2.2,-9900,-9900,0.0,0.0
2023,10,10,5,60,0.0,0.0,0.0,0.0,0.0,5,22.1,21.6,97,1000.5,73,1.0,-9900,-9900,0.0,0.0
2023,10,10,6,60,0.0,0.0,0.0,0.0,0.0,5,22.3,21.6,96,1000.8,81,0.6,-9900,-9900,0.0,0.0
2023,10,10,7,60,0.0,0.0,0.0,0.0,0.0,5,22.5,21.5,94,1001.3,94,2.2,-9900,-9900,0.0,0.0
2023,10,10,8,60,0.0,0.0,0.0,0.0,0.0,5,23.0,21.5,91,1001.8,83,2.2,-9900,-9900,0.0,0.0
2023,10,10,9,60,0.0,0.0,0.0,0.0,0.0,5,23.6,21.9,90,1001.7,82,2.2,-9900,-9900,0.0,0.0
2023,10,10,10,60,0.0,0.0,0.0,0.0,0.0,5,24.3,21.6,85,1001.3,81,3.6,-9900,-9900,0.0,0.0
2023,10,10,11,60,0.0,0.0,0.0,0.0,0.0,5,24.7,21.8,84,1000.5,82,3.9,-9900,-9900,0.0,0.0
2023,10,10,12,60,0.0,0.0,0.0,0.0,0.0,5,25.4,21.7,80,999.4,90,4.1,-9900,-9900,0.0,0.0
2023,10,10,13,60,0.0,0.0,0.0,0.0,0.0,5,25.6,22.5,83,998.6,85,3.8,-9900,-9900,0.0,0.0
2023,10,10,14,60,0.0,0.0,0.0,0.0,0.0,5,24.2,22.3,89,998.4,54,3.5,-9900,-9900,0.0,0.0
2023,10,10,15,60,0.0,0.0,0.0,0.0,0.0,5,24.8,21.9,84,997.8,76,3.1,-9900,-9900,0.0,0.0
2023,10,10,16,60,0.0,0.0,0.0,0.0,0.0,5,24.8,21.1,80,998.0,77,3.6,-9900,-9900,0.0,0.0
2023,10,10,17,60,0.0,0.0,0.0,0.0,0.0,5,24.6,21.1,81,998.2,84,2.9,-9900,-9900,0.0,0.0
2023,10,10,18,60,0.0,0.0,0.0,0.0,0.0,5,24.3,21.6,85,998.6,75,2.9,-9900,-9900,0.0,0.0
2023,10,10,19,60,0.0,0.0,0.0,0.0,0.0,5,23.2,22.0,93,999.5,65,1.7,-9900,-9900,0.0,0.0
2023,10,10,20,60,0.0,0.0,0.0,0.0,0.0,5,23.8,21.3,86,1000.2,81,3.1,-9900,-9900,0.0,0.0
2023,10,10,21,60,0.0,0.0,0.0,0.0,0.0,5,23.6,21.1,86,1000.8,74,2.7,-9900,-9900,0.0,0.0
2023,10,10,22,60,0.0,0.0,0.0,0.0,0.0,5,23.4,20.7,85,1001.2,83,2.2,-9900,-9900,0.0,0.0
2023,10,10,23,60,0.0,0.0,0.0,0.0,0.0,5,23.3,20.2,83,1001.5,73,2.4,-9900,-9900,0.0,0.0
2023,10,10,24,60,0.0,0.0,0.0,0.0,0.0,5,23.0,20.3,85,1001.4,83,2.0,-9900,-9900,0.0,0.0
2023,10,11,1,60,0.0,0.0,0.0,0.0,0.0,5,22.5,20.0,86,1001.1,90,2.7,-9900,-9900,0.0,0.0
2023,10,11,2,60,0.0,0.0,0.0,0.0,0.0,5,22.3,19.8,86,1000.8,91,3.6,-9900,-9900,0.0,0.0
2023,10,11,3,60,0.0,0.0,0.0,0.0,0.0,5,22.1,19.8,87,1000.7,85,2.9,-9900,-9900,0.0,0.0
2023,10,11,4,60,0.0,0.0,0.0,0.0,0.0,5,21.9,19.8,88,1000.4,92,3.1,-9900,-9900,0.0,0.0
2023,10,11,5,60,0.0,0.0,0.0,0.0,0.0,5,22.1,19.5,85,1000.3,91,3.7,-9900,-9900,0.0,0.0
2023,10,11,6,60,0.0,0.0,0.0,0.0,0.0,5,21.7,19.6,88,1000.6,83,3.3,-9900,-9900,0.0,0.0
2023,10,11,7,60,0.0,0.0,0.0,0.0,0.0,5,22.0,19.9,88,1001.5,79,2.7,-9900,-9900,0.0,0.0
2023,10,11,8,60,0.0,0.0,0.0,0.0,0.0,5,22.6,19.6,83,1002.1,75,2.4,-9900,-9900,0.0,0.0
2023,10,11,9,60,0.0,0.0,0.0,0.0,0.0,5,23.3,18.6,75,1002.2,84,3.9,-9900,-9900,0.0,0.0
2023,10,11,10,60,0.0,0.0,0.0,0.0,0.0,5,23.7,18.4,72,1002.3,80,4.1,-9900,-9900,0.0,0.0
2023,10,11,11,60,0.0,0.0,0.0,0.0,0.0,5,24.4,17.9,67,1001.7,88,5.0,-9900,-9900,0.0,0.0
2023,10,11,12,60,0.0,0.0,0.0,0.0,0.0,5,25.6,17.8,62,1001.0,85,4.0,-9900,-9900,0.0,0.0
2023,10,11,13,60,0.0,0.0,0.0,0.0,0.0,5,26.0,16.8,57,1000.3,82,4.2,-9900,-9900,0.0,0.0
2023,10,11,14,60,0.0,0.0,0.0,0.0,0.0,5,25.9,16.5,56,1000.1,76,4.7,-9900,-9900,0.0,0.0
2023,10,11,15,60,0.0,0.0,0.0,0.0,0.0,5,25.5,16.1,56,999.6,92,5.0,-9900,-9900,0.0,0.0
2023,10,11,16,60,0.0,0.0,0.0,0.0,0.0,5,24.9,17.4,63,1000.0,86,4.5,-9900,-9900,0.0,0.0
2023,10,11,17,60,0.0,0.0,0.0,0.0,0.0,5,24.3,18.2,69,1000.5,87,4.6,-9900,-9900,0.0,0.0
2023,10,11,18,60,0.0,0.0,0.0,0.0,0.0,5,23.9,18.5,72,1000.7,81,3.1,-9900,-9900,0.0,0.0
2023,10,11,19,60,0.0,0.0,0.0,0.0,0.0,5,22.9,19.5,81,1001.4,91,3.8,-9900,-9900,0.0,0.0
2023,10,11,20,60,0.0,0.0,0.0,0.0,0.0,5,23.0,19.2,79,1002.4,90,3.2,-9900,-9900,0.0,0.0
2023,10,11,21,60,0.0,0.0,0.0,0.0,0.0,5,22.8,18.8,78,1002.8,74,2.7,-9900,-9900,0.0,0.0
2023,10,11,22,60,0.0,0.0,0.0,0.0,0.0,5,22.7,18.5,77,1002.8,90,3.5,-9900,-9900,0.0,0.0
2023,10,11,23,60,0.0,0.0,0.0,0.0,0.0,5,22.2,18.4,79,1002.4,89,3.3,-9900,-9900,0.0,0.0
2023,10,11,24,60,0.0,0.0,0.0,0.0,0.0,5,22.1,18.1,78,1002.2,86,2.9,-9900,-9900,0.0,0.0
2023,10,12,1,60,0.0,0.0,0.0,0.0,0.0,5,22.4,18.2,77,1001.9,72,2.3,-9900,-9900,0.0,0.0
2023,10,12,2,60,0.0,0.0,0.0,0.0,0.0,5,22.4,18.6,79,1001.6,74,2.6,-9900,-9900,0.0,0.0
2023,10,12,3,60,0.0,0.0,0.0,0.0,0.0,5,22.5,18.9,80,1001.1,71,2.3,-9900,-9900,0.0,0.0
2023,10,12,4,60,0.0,0.0,0.0,0.0,0.0,5,22.8,18.8,78,1000.9,72,2.3,-9900,-9900,0.0,0.0
2023,10,12,5,60,0.0,0.0,0.0,0.0,0.0,5,22.5,18.5,78,1001.1,71,2.0,-9900,-9900,0.0,0.0
2023,10,12,6,60,0.0,0.0,0.0,0.0,0.0,5,22.3,18.5,79,1001.4,81,2.3,-9900,-9900,0.0,0.0
2023,10,12,7,60,0.0,0.0,0.0,0.0,0.0,5,22.7,18.9,79,1001.8,86,2.9,-9900,-9900,0.0,0.0
2023,10,12,8,60,0.0,0.0,0.0,0.0,0.0,5,24.0,19.3,75,1002.2,75,3.1,-9900,-9900,0.0,0.0
2023,10,12,9,60,0.0,0.0,0.0,0.0,0.0,5,24.5,19.1,72,1002.2,82,3.0,-9900,-9900,0.0,0.0
2023,10,12,10,60,0.0,0.0,0.0,0.0,0.0,5,26.2,18.3,62,1002.1,86,3.5,-9900,-9900,0.0,0.0
2023,10,12,11,60,0.0,0.0,0.0,0.0,0.0,5,26.2,19.6,67,1001.4,61,2.3,-9900,-9900,0.0,0.0
2023,10,12,12,60,0.0,0.0,0.0,0.0,0.0,5,25.6,20.4,73,1000.7,28,3.8,-9900,-9900,0.0,0.0
2023,10,12,13,60,0.0,0.0,0.0,0.0,0.0,5,26.3,19.9,68,1000.0,44,2.5,-9900,-9900,0.0,0.0
2023,10,12,14,60,0.0,0.0,0.0,0.0,0.0,5,26.8,18.7,61,999.4,77,2.5,-9900,-9900,0.0,0.0
2023,10,12,15,60,0.0,0.0,0.0,0.0,0.0,5,26.7,18.8,62,999.3,84,2.7,-9900,-9900,0.0,0.0
2023,10,12,16,60,0.0,0.0,0.0,0.0,0.0,5,26.2,16.7,56,999.5,86,3.6,-9900,-9900,0.0,0.0
2023,10,12,17,60,0.0,0.0,0.0,0.0,0.0,5,25.4,16.8,59,999.9,72,2.5,-9900,-9900,0.0,0.0
2023,10,12,18,60,0.0,0.0,0.0,0.0,0.0,5,24.5,19.1,72,1000.0,82,2.3,-9900,-9900,0.0,0.0
2023,10,12,19,60,0.0,0.0,0.0,0.0,0.0,5,24.2,19.3,74,1000.2,73,2.7,-9900,-9900,0.0,0.0
2023,10,12,20,60,0.0,0.0,0.0,0.0,0.0,5,24.0,18.9,73,1000.8,84,3.5,-9900,-9900,0.0,0.0
2023,10,12,21,60,0.0,0.0,0.0,0.0,0.0,5,23.6,19.3,77,1000.9,73,2.8,-9900,-9900,0.0,0.0
2023,10,12,22,60,0.0,0.0,0.0,0.0,0.0,5,23.4,19.5,79,1000.9,79,2.8,-9900,-9900,0.0,0.0
2023,10,12,23,60,0.0,0.0,0.0,0.0,0.0,5,23.2,19.8,81,1000.5,84,2.1,-9900,-9900,0.0,0.0
2023,10,12,24,60,0.0,0.0,0.0,0.0,0.0,5,23.2,19.8,81,1000.2,83,2.6,-9900,-9900,0.0,0.0
2023,10,13,1,60,0.0,0.0,0.0,0.0,0.0,5,23.3,19.9,81,999.5,83,2.5,-9900,-9900,0.0,0.0
2023,10,13,2,60,0.0,0.0,0.0,0.0,0.0,5,23.1,20.1,83,999.1,77,2.8,-9900,-9900,0.0,0.0
2023,10,13,3,60,0.0,0.0,0.0,0.0,0.0,5,23.0,19.8,82,998.6,71,2.6,-9900,-9900,0.0,0.0
2023,10,13,4,60,0.0,0.0,0.0,0.0,0.0,5,23.0,19.4,80,998.4,71,2.8,-9900,-9900,0.0,0.0
2023,10,13,5,60,0.0,0.0,0.0,0.0,0.0,5,22.8,18.8,78,998.7,60,2.0,-9900,-9900,0.0,0.0
2023,10,13,6,60,0.0,0.0,0.0,0.0,0.0,5,23.0,18.5,76,999.2,75,2.2,-9900,-9900,0.0,0.0
2023,10,13,7,60,0.0,0.0,0.0,0.0,0.0,5,23.3,18.6,75,999.8,73,2.2,-9900,-9900,0.0,0.0
2023,10,13,8,60,0.0,0.0,0.0,0.0,0.0,5,23.9,18.8,73,1000.1,87,3.3,-9900,-9900,0.0,0.0
2023,10,13,9,60,0.0,0.0,0.0,0.0,0.0,5,24.8,18.5,68,1000.0,85,3.9,-9900,-9900,0.0,0.0
2023,10,13,10,60,0.0,0.0,0.0,0.0,0.0,5,25.2,18.9,68,999.6,76,3.5,-9900,-9900,0.0,0.0
2023,10,13,11,60,0.0,0.0,0.0,0.0,0.0,5,26.4,18.8,63,998.6,71,3.2,-9900,-9900,0.0,0.0
2023,10,13,12,60,0.0,0.0,0.0,0.0,0.0,5,26.5,19.1,64,997.8,79,3.2,-9900,-9900,0.0,0.0
2023,10,13,13,60,0.0,0.0,0.0,0.0,0.0,5,26.7,19.1,63,997.1,88,2.6,-9900,-9900,0.0,0.0
2023,10,13,14,60,0.0,0.0,0.0,0.0,0.0,5,26.6,18.7,62,996.5,72,2.5,-9900,-9900,0.0,0.0
2023,10,13,15,60,0.0,0.0,0.0,0.0,0.0,5,26.0,18.9,65,996.4,69,3.5,-9900,-9900,0.0,0.0
2023,10,13,16,60,0.0,0.0,0.0,0.0,0.0,5,25.7,18.9,66,996.8,74,2.6,-9900,-9900,0.0,0.0
2023,10,13,17,60,0.0,0.0,0.0,0.0,0.0,5,24.9,18.6,68,997.1,87,2.2,-9900,-9900,0.0,0.0
2023,10,13,18,60,0.0,0.0,0.0,0.0,0.0,5,24.1,19.0,73,997.4,93,2.7,-9900,-9900,0.0,0.0
2023,10,13,19,60,0.0,0.0,0.0,0.0,0.0,5,23.8,19.1,75,997.8,76,1.8,-9900,-9900,0.0,0.0
2023,10,13,20,60,0.0,0.0,0.0,0.0,0.0,5,23.5,19.0,76,998.1,87,2.6,-9900,-9900,0.0,0.0
2023,10,13,21,60,0.0,0.0,0.0,0.0,0.0,5,23.3,18.8,76,998.3,93,3.8,-9900,-9900,0.0,0.0
2023,10,13,22,60,0.0,0.0,0.0,0.0,0.0,5,23.1,18.6,76,998.3,87,2.2,-9900,-9900,0.0,0.0
2023,10,13,23,60,0.0,0.0,0.0,0.0,0.0,5,23.0,18.5,76,998.3,74,2.1,-9900,-9900,0.0,0.0
2023,10,13,24,60,0.0,0.0,0.0,0.0,0.0,5,23.0,18.8,77,997.7,74,2.3,-9900,-9900,0.0,0.0
2023,10,14,1,60,0.0,0.0,0.0,0.0,0.0,5,23.0,19.2,79,997.5,81,1.4,-9900,-9900,0.0,0.0
2023,10,14,2,60,0.0,0.0,0.0,0.0,0.0,5,22.9,19.3,80,997.1,61,1.6,-9900,-9900,0.0,0.0
2023,10,14,3,60,0.0,0.0,0.0,0.0,0.0,5,22.8,18.8,78,996.9,71,1.8,-9900,-9900,0.0,0.0
2023,10,14,4,60,0.0,0.0,0.0,0.0,0.0,5,22.9,18.4,76,996.7,73,1.7,-9900,-9900,0.0,0.0
2023,10,14,5,60,0.0,0.0,0.0,0.0,0.0,5,22.9,19.1,79,996.6,86,1.8,-9900,-9900,0.0,0.0
2023,10,14,6,60,0.0,0.0,0.0,0.0,0.0,5,22.7,19.3,81,997.0,55,2.0,-9900,-9900,0.0,0.0
2023,10,14,7,60,0.0,0.0,0.0,0.0,0.0,5,23.1,19.1,78,997.4,46,0.7,-9900,-9900,0.0,0.0
2023,10,14,8,60,0.0,0.0,0.0,0.0,0.0,5,23.8,19.1,75,998.0,62,1.3,-9900,-9900,0.0,0.0
2023,10,14,9,60,0.0,0.0,0.0,0.0,0.0,5,24.0,19.1,74,998.3,32,2.0,-9900,-9900,0.0,0.0
2023,10,14,10,60,0.0,0.0,0.0,0.0,0.0,5,24.3,19.6,75,998.2,109,0.8,-9900,-9900,0.0,0.0
2023,10,14,11,60,0.0,0.0,0.0,0.0,0.0,5,24.3,20.2,78,997.5,32,2.0,-9900,-9900,0.0,0.0
2023,10,14,12,60,0.0,0.0,0.0,0.0,0.0,5,24.4,19.5,74,996.9,32,2.3,-9900,-9900,0.0,0.0
2023,10,14,13,60,0.0,0.0,0.0,0.0,0.0,5,24.4,19.9,76,996.4,12,1.9,-9900,-9900,0.0,0.0
2023,10,14,14,60,0.0,0.0,0.0,0.0,0.0,5,24.8,19.6,73,995.7,25,1.4,-9900,-9900,0.0,0.0
2023,10,14,15,60,0.0,0.0,0.0,0.0,0.0,5,24.6,19.2,72,995.2,36,2.3,-9900,-9900,0.0,0.0
2023,10,14,16,60,0.0,0.0,0.0,0.0,0.0,5,23.7,19.4,77,995.6,82,1.5,-9900,-9900,0.0,0.0
2023,10,14,17,60,0.0,0.0,0.0,0.0,0.0,5,23.3,18.8,76,996.1,72,1.3,-9900,-9900,0.0,0.0
2023,10,14,18,60,0.0,0.0,0.0,0.0,0.0,5,23.0,18.5,76,996.4,93,2.2,-9900,-9900,0.0,0.0
2023,10,14,19,60,0.0,0.0,0.0,0.0,0.0,5,22.7,18.5,77,996.7,94,3.0,-9900,-9900,0.0,0.0
2023,10,14,20,60,0.0,0.0,0.0,0.0,0.0,5,22.6,18.2,76,997.5,84,2.1,-9900,-9900,0.0,0.0
2023,10,14,21,60,0.0,0.0,0.0,0.0,0.0,5,22.5,17.8,75,997.9,98,2.6,-9900,-9900,0.0,0.0
2023,10,14,22,60,0.0,0.0,0.0,0.0,0.0,5,22.4,18.0,76,998.0,89,2.6,-9900,-9900,0.0,0.0
2023,10,14,23,60,0.0,0.0,0.0,0.0,0.0,5,22.4,17.5,74,998.0,96,1.6,-9900,-9900,0.0,0.0
2023,10,14,24,60,0.0,0.0,0.0,0.0,0.0,5,22.2,17.6,75,997.9,91,3.1,-9900,-9900,0.0,0.0
2023,10,15,1,60,0.0,0.0,0.0,0.0,0.0,5,22.1,17.5,75,997.2,90,2.2,-9900,-9900,0.0,0.0
2023,10,15,2,60,0.0,0.0,0.0,0.0,0.0,5,21.9,17.5,76,997.0,86,1.8,-9900,-9900,0.0,0.0
2023,10,15,3,60,0.0,0.0,0.0,0.0,0.0,5,21.9,17.5,76,996.9,91,2.4,-9900,-9900,0.0,0.0
2023,10,15,4,60,0.0,0.0,0.0,0.0,0.0,5,22.0,17.4,75,996.7,86,2.8,-9900,-9900,0.0,0.0
2023,10,15,5,60,0.0,0.0,0.0,0.0,0.0,5,22.0,16.9,73,996.9,84,2.6,-9900,-9900,0.0,0.0
2023,10,15,6,60,0.0,0.0,0.0,0.0,0.0,5,22.0,16.7,72,997.4,88,2.9,-9900,-9900,0.0,0.0
2023,10,15,7,60,0.0,0.0,0.0,0.0,0.0,5,22.2,16.9,72,998.0,85,2.5,-9900,-9900,0.0,0.0
2023,10,15,8,60,0.0,0.0,0.0,0.0,0.0,5,22.6,16.9,70,998.5,91,2.8,-9900,-9900,0.0,0.0
2023,10,15,9,60,0.0,0.0,0.0,0.0,0.0,5,23.6,16.4,64,998.6,89,3.5,-9900,-9900,0.0,0.0
2023,10,15,10,60,0.0,0.0,0.0,0.0,0.0,5,24.4,16.4,61,998.7,91,3.7,-9900,-9900,0.0,0.0
2023,10,15,11,60,0.0,0.0,0.0,0.0,0.0,5,25.4,15.7,55,998.1,88,2.8,-9900,-9900,0.0,0.0
2023,10,15,12,60,0.0,0.0,0.0,0.0,0.0,5,25.6,14.7,51,997.8,90,3.1,-9900,-9900,0.0,0.0
2023,10,15,13,60,0.0,0.0,0.0,0.0,0.0,5,25.9,14.7,50,997.5,61,2.5,-9900,-9900,0.0,0.0
2023,10,15,14,60,0.0,0.0,0.0,0.0,0.0,5,25.4,17.3,61,997.3,41,1.8,-9900,-9900,0.0,0.0
2023,10,15,15,60,0.0,0.0,0.0,0.0,0.0,5,25.0,17.2,62,997.5,55,1.9,-9900,-9900,0.0,0.0
2023,10,15,16,60,0.0,0.0,0.0,0.0,0.0,5,24.7,15.9,58,997.6,79,3.1,-9900,-9900,0.0,0.0
2023,10,15,17,60,0.0,0.0,0.0,0.0,0.0,5,23.9,16.2,62,997.9,86,3.1,-9900,-9900,0.0,0.0
2023,10,15,18,60,0.0,0.0,0.0,0.0,0.0,5,23.4,16.7,66,998.3,66,2.4,-9900,-9900,0.0,0.0
2023,10,15,19,60,0.0,0.0,0.0,0.0,0.0,5,23.0,17.0,69,998.8,94,1.7,-9900,-9900,0.0,0.0
2023,10,15,20,60,0.0,0.0,0.0,0.0,0.0,5,22.9,16.9,69,999.2,92,3.4,-9900,-9900,0.0,0.0
2023,10,15,21,60,0.0,0.0,0.0,0.0,0.0,5,22.7,17.2,71,999.2,94,2.9,-9900,-9900,0.0,0.0
2023,10,15,22,60,0.0,0.0,0.0,0.0,0.0,5,22.6,17.3,72,999.4,84,2.5,-9900,-9900,0.0,0.0
2023,10,15,23,60,0.0,0.0,0.0,0.0,0.0,5,22.5,17.8,75,999.5,86,3.2,-9900,-9900,0.0,0.0
2023,10,15,24,60,0.0,0.0,0.0,0.0,0.0,5,22.5,18.3,77,999.4,75,3.2,-9900,-9900,0.0,0.0
2023,10,16,1,60,0.0,0.0,0.0,0.0,0.0,5,22.3,18.5,79,999.1,75,2.3,-9900,-9900,0.0,0.0
2023,10,16,2,60,0.0,0.0,0.0,0.0,0.0,5,22.3,18.5,79,998.7,78,3.0,-9900,-9900,0.0,0.0
2023,10,16,3,60,0.0,0.0,0.0,0.0,0.0,5,22.5,18.5,78,998.7,82,3.2,-9900,-9900,0.0,0.0
2023,10,16,4,60,0.0,0.0,0.0,0.0,0.0,5,22.7,18.5,77,998.9,85,3.4,-9900,-9900,0.0,0.0
2023,10,16,5,60,0.0,0.0,0.0,0.0,0.0,5,22.6,17.7,74,999.2,81,2.5,-9900,-9900,0.0,0.0
2023,10,16,6,60,0.0,0.0,0.0,0.0,0.0,5,22.5,17.8,75,999.9,84,2.4,-9900,-9900,0.0,0.0
2023,10,16,7,60,0.0,0.0,0.0,0.0,0.0,5,22.8,17.5,72,1000.4,79,2.8,-9900,-9900,0.0,0.0
2023,10,16,8,60,0.0,0.0,0.0,0.0,0.0,5,23.5,17.0,67,1000.7,86,4.1,-9900,-9900,0.0,0.0
2023,10,16,9,60,0.0,0.0,0.0,0.0,0.0,5,24.7,16.4,60,1000.8,84,3.8,-9900,-9900,0.0,0.0
2023,10,16,10,60,0.0,0.0,0.0,0.0,0.0,5,25.1,15.1,54,1000.4,89,5.4,-9900,-9900,0.0,0.0
2023,10,16,11,60,0.0,0.0,0.0,0.0,0.0,5,26.1,14.9,50,999.7,81,4.4,-9900,-9900,0.0,0.0
2023,10,16,12,60,0.0,0.0,0.0,0.0,0.0,5,27.0,14.4,46,999.0,79,4.1,-9900,-9900,0.0,0.0
2023,10,16,13,60,0.0,0.0,0.0,0.0,0.0,5,26.3,14.1,47,998.3,94,6.9,-9900,-9900,0.0,0.0
2023,10,16,14,60,0.0,0.0,0.0,0.0,0.0,5,26.5,14.3,47,998.2,90,5.4,-9900,-9900,0.0,0.0
2023,10,16,15,60,0.0,0.0,0.0,0.0,0.0,5,25.5,13.7,48,998.6,86,5.7,-9900,-9900,0.0,0.0
2023,10,16,16,60,0.0,0.0,0.0,0.0,0.0,5,25.1,13.0,47,998.9,87,5.5,-9900,-9900,0.0,0.0
2023,10,16,17,60,0.0,0.0,0.0,0.0,0.0,5,24.6,13.2,49,999.4,91,3.4,-9900,-9900,0.0,0.0
2023,10,16,18,60,0.0,0.0,0.0,0.0,0.0,5,24.0,13.5,52,999.6,91,4.4,-9900,-9900,0.0,0.0
2023,10,16,19,60,0.0,0.0,0.0,0.0,0.0,5,23.6,13.8,54,1000.2,91,4.4,-9900,-9900,0.0,0.0
2023,10,16,20,60,0.0,0.0,0.0,0.0,0.0,5,23.3,13.2,53,1000.9,75,3.0,-9900,-9900,0.0,0.0
2023,10,16,21,60,0.0,0.0,0.0,0.0,0.0,5,23.0,13.8,56,1001.1,80,2.8,-9900,-9900,0.0,0.0
2023,10,16,22,60,0.0,0.0,0.0,0.0,0.0,5,22.9,13.9,57,1001.1,85,2.9,-9900,-9900,0.0,0.0
2023,10,16,23,60,0.0,0.0,0.0,0.0,0.0,5,22.7,14.3,59,1000.9,84,3.4,-9900,-9900,0.0,0.0
2023,10,16,24,60,0.0,0.0,0.0,0.0,0.0,5,22.6,14.2,59,1000.5,80,3.7,-9900,-9900,0.0,0.0
2023,10,17,1,60,0.0,0.0,0.0,0.0,0.0,5,22.6,14.2,59,1000.3,78,3.3,-9900,-9900,0.0,0.0
2023,10,17,2,60,0.0,0.0,0.0,0.0,0.0,5,22.7,14.0,58,1000.0,78,4.1,-9900,-9900,0.0,0.0
2023,10,17,3,60,0.0,0.0,0.0,0.0,0.0,5,22.7,14.3,59,999.5,73,3.5,-9900,-9900,0.0,0.0
2023,10,17,4,60,0.0,0.0,0.0,0.0,0.0,5,22.5,15.1,63,999.4,75,3.6,-9900,-9900,0.0,0.0
2023,10,17,5,60,0.0,0.0,0.0,0.0,0.0,5,22.5,14.9,62,999.6,84,3.6,-9900,-9900,0.0,0.0
2023,10,17,6,60,0.0,0.0,0.0,0.0,0.0,5,22.5,14.6,61,1000.1,80,3.9,-9900,-9900,0.0,0.0
2023,10,17,7,60,0.0,0.0,0.0,0.0,0.0,5,22.9,14.5,59,1000.7,80,4.2,-9900,-9900,0.0,0.0
2023,10,17,8,60,0.0,0.0,0.0,0.0,0.0,5,23.0,15.1,61,1001.5,81,2.8,-9900,-9900,0.0,0.0
2023,10,17,9,60,0.0,0.0,0.0,0.0,0.0,5,24.0,15.0,57,1001.9,81,3.1,-9900,-9900,0.0,0.0
2023,10,17,10,60,0.0,0.0,0.0,0.0,0.0,5,25.0,15.3,55,1001.9,77,3.6,-9900,-9900,0.0,0.0
2023,10,17,11,60,0.0,0.0,0.0,0.0,0.0,5,25.8,16.1,55,1001.3,86,3.7,-9900,-9900,0.0,0.0
2023,10,17,12,60,0.0,0.0,0.0,0.0,0.0,5,26.3,16.5,55,1000.5,89,5.1,-9900,-9900,0.0,0.0
2023,10,17,13,60,0.0,0.0,0.0,0.0,0.0,5,26.4,16.6,55,999.7,91,5.1,-9900,-9900,0.0,0.0
2023,10,17,14,60,0.0,0.0,0.0,0.0,0.0,5,26.4,16.9,56,999.4,87,4.7,-9900,-9900,0.0,0.0
2023,10,17,15,60,0.0,0.0,0.0,0.0,0.0,5,25.9,17.0,58,999.3,88,3.4,-9900,-9900,0.0,0.0
2023,10,17,16,60,0.0,0.0,0.0,0.0,0.0,5,25.0,17.0,61,999.4,86,5.0,-9900,-9900,0.0,0.0
2023,10,17,17,60,0.0,0.0,0.0,0.0,0.0,5,24.6,16.8,62,999.7,86,4.9,-9900,-9900,0.0,0.0
2023,10,17,18,60,0.0,0.0,0.0,0.0,0.0,5,24.2,16.7,63,999.8,83,3.8,-9900,-9900,0.0,0.0
2023,10,17,19,60,0.0,0.0,0.0,0.0,0.0,5,24.1,16.9,64,1000.1,93,4.2,-9900,-9900,0.0,0.0
2023,10,17,20,60,0.0,0.0,0.0,0.0,0.0,5,24.0,17.0,65,1000.5,95,4.7,-9900,-9900,0.0,0.0
2023,10,17,21,60,0.0,0.0,0.0,0.0,0.0,5,24.0,17.0,65,1000.7,92,3.6,-9900,-9900,0.0,0.0
2023,10,17,22,60,0.0,0.0,0.0,0.0,0.0,5,24.1,17.4,66,1000.6,97,3.4,-9900,-9900,0.0,0.0
2023,10,17,23,60,0.0,0.0,0.0,0.0,0.0,5,24.1,17.4,66,1000.1,97,3.6,-9900,-9900,0.0,0.0
2023,10,17,24,60,0.0,0.0,0.0,0.0,0.0,5,24.1,17.6,67,999.7,94,3.8,-9900,-9900,0.0,0.0
2023,10,18,1,60,0.0,0.0,0.0,0.0,0.0,5,24.1,17.8,68,999.2,95,3.8,-9900,-9900,0.0,0.0
2023,10,18,2,60,0.0,0.0,0.0,0.0,0.0,5,24.2,18.6,71,999.1,96,3.3,-9900,-9900,0.0,0.0
2023,10,18,3,60,0.0,0.0,0.0,0.0,0.0,5,24.1,18.7,72,999.1,95,3.1,-9900,-9900,0.0,0.0
2023,10,18,4,60,0.0,0.0,0.0,0.0,0.0,5,23.9,18.8,73,999.5,103,1.8,-9900,-9900,0.0,0.0
2023,10,18,5,60,0.0,0.0,0.0,0.0,0.0,5,23.7,18.8,74,999.9,94,1.5,-9900,-9900,0.0,0.0
2023,10,18,6,60,0.0,0.0,0.0,0.0,0.0,5,23.5,19.2,77,1000.2,99,2.5,-9900,-9900,0.0,0.0
2023,10,18,7,60,0.0,0.0,0.0,0.0,0.0,5,23.9,19.6,77,1000.7,98,2.4,-9900,-9900,0.0,0.0
2023,10,18,8,60,0.0,0.0,0.0,0.0,0.0,5,25.0,19.6,72,1001.4,96,1.3,-9900,-9900,0.0,0.0
2023,10,18,9,60,0.0,0.0,0.0,0.0,0.0,5,26.4,18.8,63,1001.9,108,1.5,-9900,-9900,0.0,0.0
2023,10,18,10,60,0.0,0.0,0.0,0.0,0.0,5,27.8,18.8,58,1001.3,82,1.3,-9900,-9900,0.0,0.0
2023,10,18,11,60,0.0,0.0,0.0,0.0,0.0,5,28.8,19.4,57,1000.6,144,0.8,-9900,-9900,0.0,0.0
2023,10,18,12,60,0.0,0.0,0.0,0.0,0.0,5,28.8,19.4,57,1000.6,144,0.8,-9900,-9900,0.0,0.0
2023,10,18,13,60,0.0,0.0,0.0,0.0,0.0,5,28.8,19.4,57,1000.6,144,0.8,-9900,-9900,0.0,0.0
2023,10,18,14,60,0.0,0.0,0.0,0.0,0.0,5,29.8,20.9,59,998.4,309,1.8,-9900,-9900,0.0,0.0
2023,10,18,15,60,0.0,0.0,0.0,0.0,0.0,5,29.7,20.8,59,998.3,341,1.3,-9900,-9900,0.0,0.0
2023,10,18,16,60,0.0,0.0,0.0,0.0,0.0,5,29.2,20.6,60,998.5,321,1.1,-9900,-9900,0.0,0.0
2023,10,18,17,60,0.0,0.0,0.0,0.0,0.0,5,28.1,20.7,64,998.8,324,1.1,-9900,-9900,0.0,0.0
2023,10,18,18,60,0.0,0.0,0.0,0.0,0.0,5,27.6,20.2,64,999.2,330,1.0,-9900,-9900,0.0,0.0
2023,10,18,19,60,0.0,0.0,0.0,0.0,0.0,5,26.9,20.5,68,999.5,96,1.5,-9900,-9900,0.0,0.0
2023,10,18,20,60,0.0,0.0,0.0,0.0,0.0,5,26.2,20.3,70,999.9,98,2.4,-9900,-9900,0.0,0.0
2023,10,18,21,60,0.0,0.0,0.0,0.0,0.0,5,25.8,20.4,72,1000.0,95,2.3,-9900,-9900,0.0,0.0
2023,10,18,22,60,0.0,0.0,0.0,0.0,0.0,5,25.5,20.3,73,999.9,125,0.8,-9900,-9900,0.0,0.0
2023,10,18,23,60,0.0,0.0,0.0,0.0,0.0,5,25.2,20.5,75,999.7,106,0.9,-9900,-9900,0.0,0.0
2023,10,18,24,60,0.0,0.0,0.0,0.0,0.0,5,25.0,20.5,76,999.8,176,0.4,-9900,-9900,0.0,0.0
2023,10,19,1,60,0.0,0.0,0.0,0.0,0.0,5,24.8,20.5,77,999.5,0,0.0,-9900,-9900,0.0,0.0
2023,10,19,2,60,0.0,0.0,0.0,0.0,0.0,5,24.5,20.6,79,999.4,0,0.0,-9900,-9900,0.0,0.0
2023,10,19,3,60,0.0,0.0,0.0,0.0,0.0,5,24.4,21.1,82,999.3,0,0.0,-9900,-9900,0.0,0.0
2023,10,19,4,60,0.0,0.0,0.0,0.0,0.0,5,23.8,20.7,83,999.2,122,1.3,-9900,-9900,0.0,0.0
2023,10,19,5,60,0.0,0.0,0.0,0.0,0.0,5,23.0,20.5,86,999.6,125,1.7,-9900,-9900,0.0,0.0
2023,10,19,6,60,0.0,0.0,0.0,0.0,0.0,5,22.9,19.5,81,999.8,141,1.3,-9900,-9900,0.0,0.0
2023,10,19,7,60,0.0,0.0,0.0,0.0,0.0,5,23.4,20.0,81,999.8,108,0.6,-9900,-9900,0.0,0.0
2023,10,19,8,60,0.0,0.0,0.0,0.0,0.0,5,25.8,20.1,71,999.8,82,1.0,-9900,-9900,0.0,0.0
2023,10,19,9,60,0.0,0.0,0.0,0.0,0.0,5,26.9,19.5,64,999.6,95,2.1,-9900,-9900,0.0,0.0
2023,10,19,10,60,0.0,0.0,0.0,0.0,0.0,5,28.3,19.8,60,999.3,46,0.9,-9900,-9900,0.0,0.0
2023,10,19,11,60,0.0,0.0,0.0,0.0,0.0,5,28.3,22.1,69,999.0,318,2.2,-9900,-9900,0.0,0.0
2023,10,19,12,60,0.0,0.0,0.0,0.0,0.0,5,28.2,21.5,67,998.4,319,1.9,-9900,-9900,0.0,0.0
2023,10,19,13,60,0.0,0.0,0.0,0.0,0.0,5,27.9,21.4,68,997.4,325,2.5,-9900,-9900,0.0,0.0
2023,10,19,14,60,0.0,0.0,0.0,0.0,0.0,5,28.8,21.3,64,996.9,331,1.5,-9900,-9900,0.0,0.0
2023,10,19,15,60,0.0,0.0,0.0,0.0,0.0,5,27.9,21.7,69,996.5,313,1.7,-9900,-9900,0.0,0.0
2023,10,19,16,60,0.0,0.0,0.0,0.0,0.0,5,27.8,22.3,72,996.7,305,1.2,-9900,-9900,0.0,0.0
2023,10,19,17,60,0.0,0.0,0.0,0.0,0.0,5,26.6,22.2,77,997.3,284,1.1,-9900,-9900,0.0,0.0
2023,10,19,18,60,0.0,0.0,0.0,0.0,0.0,5,26.4,21.4,74,997.8,259,1.8,-9900,-9900,0.0,0.0
2023,10,19,19,60,0.0,0.0,0.0,0.0,0.0,5,26.6,21.1,72,998.5,273,1.1,-9900,-9900,0.0,0.0
2023,10,19,20,60,0.0,0.0,0.0,0.0,0.0,5,26.6,21.4,73,998.8,268,0.5,-9900,-9900,0.0,0.0
2023,10,19,21,60,0.0,0.0,0.0,0.0,0.0,5,26.3,21.5,75,998.8,267,1.3,-9900,-9900,0.0,0.0
2023,10,19,22,60,0.0,0.0,0.0,0.0,0.0,5,26.1,21.8,77,998.4,277,0.5,-9900,-9900,0.0,0.0
2023,10,19,23,60,0.0,0.0,0.0,0.0,0.0,5,25.8,22.5,82,998.2,0,0.0,-9900,-9900,0.0,0.0
2023,10,19,24,60,0.0,0.0,0.0,0.0,0.0,5,25.3,22.8,86,998.1,313,0.9,-9900,-9900,0.0,0.0
2023,10,20,1,60,0.0,0.0,0.0,0.0,0.0,5,25.1,22.8,87,997.8,71,0.4,-9900,-9900,0.0,0.0
2023,10,20,2,60,0.0,0.0,0.0,0.0,0.0,5,25.5,22.4,83,997.6,0,0.0,-9900,-9900,0.0,0.0
2023,10,20,3,60,0.0,0.0,0.0,0.0,0.0,5,25.4,22.3,83,997.3,272,0.4,-9900,-9900,0.0,0.0
2023,10,20,4,60,0.0,0.0,0.0,0.0,0.0,5,25.2,22.5,85,997.2,261,0.9,-9900,-9900,0.0,0.0
2023,10,20,5,60,0.0,0.0,0.0,0.0,0.0,5,24.5,22.4,88,997.4,265,1.1,-9900,-9900,0.0,0.0
2023,10,20,6,60,0.0,0.0,0.0,0.0,0.0,5,24.7,22.4,87,997.8,229,0.6,-9900,-9900,0.0,0.0
2023,10,20,7,60,0.0,0.0,0.0,0.0,0.0,5,24.9,22.6,87,998.6,270,1.2,-9900,-9900,0.0,0.0
2023,10,20,8,60,0.0,0.0,0.0,0.0,0.0,5,25.1,22.4,85,999.3,262,1.4,-9900,-9900,0.0,0.0
2023,10,20,9,60,0.0,0.0,0.0,0.0,0.0,5,26.0,23.3,85,1000.0,318,1.2,-9900,-9900,0.0,0.0
2023,10,20,10,60,0.0,0.0,0.0,0.0,0.0,5,25.7,22.6,83,1000.2,316,2.2,-9900,-9900,0.0,0.0
2023,10,20,11,60,0.0,0.0,0.0,0.0,0.0,5,25.7,22.6,83,999.7,318,3.0,-9900,-9900,0.0,0.0
2023,10,20,12,60,0.0,0.0,0.0,0.0,0.0,5,25.8,22.3,81,999.2,317,2.4,-9900,-9900,0.0,0.0
2023,10,20,13,60,0.0,0.0,0.0,0.0,0.0,5,23.4,22.6,95,999.2,15,2.4,-9900,-9900,0.0,0.0
2023,10,20,14,60,0.0,0.0,0.0,0.0,0.0,5,22.2,21.7,97,999.2,27,2.8,-9900,-9900,0.0,0.0
2023,10,20,15,60,0.0,0.0,0.0,0.0,0.0,5,21.8,21.0,95,999.7,27,3.5,-9900,-9900,0.0,0.0
2023,10,20,16,60,0.0,0.0,0.0,0.0,0.0,5,21.4,20.6,95,1000.4,36,3.3,-9900,-9900,0.0,0.0
2023,10,20,17,60,0.0,0.0,0.0,0.0,0.0,5,21.2,20.0,93,1001.4,50,3.0,-9900,-9900,0.0,0.0
2023,10,20,18,60,0.0,0.0,0.0,0.0,0.0,5,20.7,20.2,97,1002.0,40,3.4,-9900,-9900,0.0,0.0
2023,10,20,19,60,0.0,0.0,0.0,0.0,0.0,5,20.4,19.7,96,1003.0,45,2.5,-9900,-9900,0.0,0.0
2023,10,20,20,60,0.0,0.0,0.0,0.0,0.0,5,20.4,19.4,94,1003.7,65,2.6,-9900,-9900,0.0,0.0
2023,10,20,21,60,0.0,0.0,0.0,0.0,0.0,5,20.6,19.4,93,1003.7,62,2.2,-9900,-9900,0.0,0.0
2023,10,20,22,60,0.0,0.0,0.0,0.0,0.0,5,20.4,19.2,93,1003.6,61,3.0,-9900,-9900,0.0,0.0
2023,10,20,23,60,0.0,0.0,0.0,0.0,0.0,5,20.5,19.0,91,1003.6,61,2.4,-9900,-9900,0.0,0.0
2023,10,20,24,60,0.0,0.0,0.0,0.0,0.0,5,20.8,18.7,88,1003.5,71,2.0,-9900,-9900,0.0,0.0
2023,10,21,1,60,0.0,0.0,0.0,0.0,0.0,5,20.6,19.1,91,1003.3,76,2.4,-9900,-9900,0.0,0.0
2023,10,21,2,60,0.0,0.0,0.0,0.0,0.0,5,20.4,18.7,90,1002.9,86,2.5,-9900,-9900,0.0,0.0
2023,10,21,3,60,0.0,0.0,0.0,0.0,0.0,5,20.2,18.5,90,1002.4,91,2.8,-9900,-9900,0.0,0.0
2023,10,21,4,60,0.0,0.0,0.0,0.0,0.0,5,20.3,18.2,88,1002.4,81,1.6,-9900,-9900,0.0,0.0
2023,10,21,5,60,0.0,0.0,0.0,0.0,0.0,5,20.2,18.3,89,1002.7,89,2.6,-9900,-9900,0.0,0.0
2023,10,21,6,60,0.0,0.0,0.0,0.0,0.0,5,20.3,18.1,87,1002.9,90,3.8,-9900,-9900,0.0,0.0
2023,10,21,7,60,0.0,0.0,0.0,0.0,0.0,5,20.5,17.9,85,1003.4,86,2.5,-9900,-9900,0.0,0.0
2023,10,21,8,60,0.0,0.0,0.0,0.0,0.0,5,21.0,18.2,84,1003.9,89,3.6,-9900,-9900,0.0,0.0
2023,10,21,9,60,0.0,0.0,0.0,0.0,0.0,5,21.4,18.4,83,1004.5,79,3.0,-9900,-9900,0.0,0.0
2023,10,21,10,60,0.0,0.0,0.0,0.0,0.0,5,21.0,18.6,86,1004.6,93,2.8,-9900,-9900,0.0,0.0
2023,10,21,11,60,0.0,0.0,0.0,0.0,0.0,5,21.0,18.2,84,1004.0,86,3.8,-9900,-9900,0.0,0.0
2023,10,21,12,60,0.0,0.0,0.0,0.0,0.0,5,21.4,18.4,83,1003.3,81,4.1,-9900,-9900,0.0,0.0
2023,10,21,13,60,0.0,0.0,0.0,0.0,0.0,5,21.3,18.3,83,1002.9,78,4.4,-9900,-9900,0.0,0.0
2023,10,21,14,60,0.0,0.0,0.0,0.0,0.0,5,21.6,18.4,82,1002.3,83,4.0,-9900,-9900,0.0,0.0
2023,10,21,15,60,0.0,0.0,0.0,0.0,0.0,5,21.6,18.2,81,1002.3,86,4.2,-9900,-9900,0.0,0.0
2023,10,21,16,60,0.0,0.0,0.0,0.0,0.0,5,21.6,17.6,78,1002.9,81,2.8,-9900,-9900,0.0,0.0
2023,10,21,17,60,0.0,0.0,0.0,0.0,0.0,5,21.6,17.0,75,1002.6,84,4.0,-9900,-9900,0.0,0.0
2023,10,21,18,60,0.0,0.0,0.0,0.0,0.0,5,21.3,17.5,79,1002.2,88,5.1,-9900,-9900,0.0,0.0
2023,10,21,19,60,0.0,0.0,0.0,0.0,0.0,5,21.4,18.2,82,1002.9,76,4.3,-9900,-9900,0.0,0.0
2023,10,21,20,60,0.0,0.0,0.0,0.0,0.0,5,21.2,18.4,84,1003.4,82,4.3,-9900,-9900,0.0,0.0
2023,10,21,21,60,0.0,0.0,0.0,0.0,0.0,5,21.3,18.3,83,1003.8,76,3.8,-9900,-9900,0.0,0.0
2023,10,21,22,60,0.0,0.0,0.0,0.0,0.0,5,21.1,18.1,83,1003.6,84,4.0,-9900,-9900,0.0,0.0
2023,10,21,23,60,0.0,0.0,0.0,0.0,0.0,5,20.8,18.0,84,1003.4,84,4.2,-9900,-9900,0.0,0.0
2023,10,21,24,60,0.0,0.0,0.0,0.0,0.0,5,21.0,17.6,81,1002.9,79,4.7,-9900,-9900,0.0,0.0
2023,10,22,1,60,0.0,0.0,0.0,0.0,0.0,5,21.3,17.3,78,1002.7,83,4.8,-9900,-9900,0.0,0.0
2023,10,22,2,60,0.0,0.0,0.0,0.0,0.0,5,21.3,17.5,79,1002.3,82,4.6,-9900,-9900,0.0,0.0
2023,10,22,3,60,0.0,0.0,0.0,0.0,0.0,5,21.3,17.3,78,1001.7,83,4.0,-9900,-9900,0.0,0.0
2023,10,22,4,60,0.0,0.0,0.0,0.0,0.0,5,21.1,17.5,80,1001.0,94,3.8,-9900,-9900,0.0,0.0
2023,10,22,5,60,0.0,0.0,0.0,0.0,0.0,5,21.4,17.8,80,1001.1,87,4.5,-9900,-9900,0.0,0.0
2023,10,22,6,60,0.0,0.0,0.0,0.0,0.0,5,21.4,18.0,81,1001.4,93,5.1,-9900,-9900,0.0,0.0
2023,10,22,7,60,0.0,0.0,0.0,0.0,0.0,5,21.9,17.9,78,1002.0,79,4.4,-9900,-9900,0.0,0.0
2023,10,22,8,60,0.0,0.0,0.0,0.0,0.0,5,22.3,18.3,78,1002.6,91,4.2,-9900,-9900,0.0,0.0
2023,10,22,9,60,0.0,0.0,0.0,0.0,0.0,5,22.1,18.7,81,1003.1,90,4.7,-9900,-9900,0.0,0.0
2023,10,22,10,60,0.0,0.0,0.0,0.0,0.0,5,22.6,19.0,80,1002.8,86,4.8,-9900,-9900,0.0,0.0
2023,10,22,11,60,0.0,0.0,0.0,0.0,0.0,5,23.2,19.2,78,1002.4,85,4.8,-9900,-9900,0.0,0.0
2023,10,22,12,60,0.0,0.0,0.0,0.0,0.0,5,23.7,19.0,75,1001.2,93,4.6,-9900,-9900,0.0,0.0
2023,10,22,13,60,0.0,0.0,0.0,0.0,0.0,5,23.7,18.8,74,1000.4,93,5.6,-9900,-9900,0.0,0.0
2023,10,22,14,60,0.0,0.0,0.0,0.0,0.0,5,23.9,18.8,73,1000.2,86,5.8,-9900,-9900,0.0,0.0
2023,10,22,15,60,0.0,0.0,0.0,0.0,0.0,5,24.1,18.7,72,999.9,89,5.5,-9900,-9900,0.0,0.0
2023,10,22,16,60,0.0,0.0,0.0,0.0,0.0,5,23.7,18.6,73,1000.2,92,5.4,-9900,-9900,0.0,0.0
2023,10,22,17,60,0.0,0.0,0.0,0.0,0.0,5,23.5,18.4,73,1000.4,94,4.5,-9900,-9900,0.0,0.0
2023,10,22,18,60,0.0,0.0,0.0,0.0,0.0,5,23.4,18.5,74,1000.6,90,4.7,-9900,-9900,0.0,0.0
2023,10,22,19,60,0.0,0.0,0.0,0.0,0.0,5,23.3,18.4,74,1001.0,88,4.2,-9900,-9900,0.0,0.0
2023,10,22,20,60,0.0,0.0,0.0,0.0,0.0,5,23.3,18.6,75,1001.3,90,4.3,-9900,-9900,0.0,0.0
2023,10,22,21,60,0.0,0.0,0.0,0.0,0.0,5,23.3,18.4,74,1001.7,93,4.2,-9900,-9900,0.0,0.0
2023,10,22,22,60,0.0,0.0,0.0,0.0,0.0,5,23.1,18.6,76,1001.7,92,4.3,-9900,-9900,0.0,0.0
2023,10,22,23,60,0.0,0.0,0.0,0.0,0.0,5,23.2,18.9,77,1001.5,95,3.7,-9900,-9900,0.0,0.0
2023,10,22,24,60,0.0,0.0,0.0,0.0,0.0,5,23.2,19.2,78,1001.1,96,4.7,-9900,-9900,0.0,0.0
2023,10,23,1,60,0.0,0.0,0.0,0.0,0.0,5,23.0,19.2,79,1000.8,98,3.5,-9900,-9900,0.0,0.0
2023,10,23,2,60,0.0,0.0,0.0,0.0,0.0,5,22.9,19.3,80,1000.7,99,3.6,-9900,-9900,0.0,0.0
2023,10,23,3,60,0.0,0.0,0.0,0.0,0.0,5,23.0,19.6,81,1000.4,98,3.2,-9900,-9900,0.0,0.0
2023,10,23,4,60,0.0,0.0,0.0,0.0,0.0,5,23.1,19.7,81,1000.6,92,3.2,-9900,-9900,0.0,0.0
2023,10,23,5,60,0.0,0.0,0.0,0.0,0.0,5,23.1,19.7,81,1000.8,100,2.0,-9900,-9900,0.0,0.0
2023,10,23,6,60,0.0,0.0,0.0,0.0,0.0,5,23.1,19.7,81,1001.2,95,2.2,-9900,-9900,0.0,0.0
2023,10,23,7,60,0.0,0.0,0.0,0.0,0.0,5,23.4,19.5,79,1001.3,98,2.2,-9900,-9900,0.0,0.0
2023,10,23,8,60,0.0,0.0,0.0,0.0,0.0,5,24.1,19.6,76,1001.7,95,1.9,-9900,-9900,0.0,0.0
2023,10,23,9,60,0.0,0.0,0.0,0.0,0.0,5,25.0,19.6,72,1001.9,89,2.1,-9900,-9900,0.0,0.0
2023,10,23,10,60,0.0,0.0,0.0,0.0,0.0,5,26.0,20.3,71,1001.5,94,2.0,-9900,-9900,0.0,0.0
2023,10,23,11,60,0.0,0.0,0.0,0.0,0.0,5,27.5,20.3,65,1001.1,83,2.1,-9900,-9900,0.0,0.0
2023,10,23,12,60,0.0,0.0,0.0,0.0,0.0,5,27.9,20.2,63,1000.1,88,2.5,-9900,-9900,0.0,0.0
2023,10,23,13,60,0.0,0.0,0.0,0.0,0.0,5,28.6,20.3,61,999.2,78,2.5,-9900,-9900,0.0,0.0
2023,10,23,14,60,0.0,0.0,0.0,0.0,0.0,5,27.7,20.5,65,998.8,93,3.2,-9900,-9900,0.0,0.0
2023,10,23,15,60,0.0,0.0,0.0,0.0,0.0,5,26.8,20.6,69,998.7,91,4.0,-9900,-9900,0.0,0.0
2023,10,23,16,60,0.0,0.0,0.0,0.0,0.0,5,26.2,20.1,69,998.7,92,4.5,-9900,-9900,0.0,0.0
2023,10,23,17,60,0.0,0.0,0.0,0.0,0.0,5,25.0,20.7,77,999.0,94,4.9,-9900,-9900,0.0,0.0
2023,10,23,18,60,0.0,0.0,0.0,0.0,0.0,5,24.8,19.9,74,999.0,90,4.2,-9900,-9900,0.0,0.0
2023,10,23,19,60,0.0,0.0,0.0,0.0,0.0,5,24.6,19.4,73,999.5,95,3.9,-9900,-9900,0.0,0.0
2023,10,23,20,60,0.0,0.0,0.0,0.0,0.0,5,24.4,19.9,76,1000.0,93,2.8,-9900,-9900,0.0,0.0
2023,10,23,21,60,0.0,0.0,0.0,0.0,0.0,5,24.4,20.1,77,1000.1,97,3.5,-9900,-9900,0.0,0.0
2023,10,23,22,60,0.0,0.0,0.0,0.0,0.0,5,24.1,20.4,80,1000.1,97,3.2,-9900,-9900,0.0,0.0
2023,10,23,23,60,0.0,0.0,0.0,0.0,0.0,5,23.9,20.4,81,1000.1,110,1.8,-9900,-9900,0.0,0.0
2023,10,23,24,60,0.0,0.0,0.0,0.0,0.0,5,23.8,20.5,82,999.6,115,1.4,-9900,-9900,0.0,0.0
2023,10,24,1,60,0.0,0.0,0.0,0.0,0.0,5,23.6,20.3,82,999.3,136,1.2,-9900,-9900,0.0,0.0
2023,10,24,2,60,0.0,0.0,0.0,0.0,0.0,5,23.4,20.3,83,999.2,136,1.4,-9900,-9900,0.0,0.0
2023,10,24,3,60,0.0,0.0,0.0,0.0,0.0,5,23.1,20.2,84,999.2,145,0.8,-9900,-9900,0.0,0.0
2023,10,24,4,60,0.0,0.0,0.0,0.0,0.0,5,22.6,20.3,87,999.1,131,1.6,-9900,-9900,0.0,0.0
2023,10,24,5,60,0.0,0.0,0.0,0.0,0.0,5,22.6,20.5,88,999.7,140,0.8,-9900,-9900,0.0,0.0
2023,10,24,6,60,0.0,0.0,0.0,0.0,0.0,5,22.3,20.4,89,1000.2,130,1.6,-9900,-9900,0.0,0.0
2023,10,24,7,60,0.0,0.0,0.0,0.0,0.0,5,22.7,20.6,88,1000.8,130,1.5,-9900,-9900,0.0,0.0
2023,10,24,8,60,0.0,0.0,0.0,0.0,0.0,5,24.9,20.8,78,1001.6,139,0.6,-9900,-9900,0.0,0.0
2023,10,24,9,60,0.0,0.0,0.0,0.0,0.0,5,27.4,20.5,66,1001.8,0,0.0,-9900,-9900,0.0,0.0
2023,10,24,10,60,0.0,0.0,0.0,0.0,0.0,5,27.7,20.5,65,1001.6,66,0.7,-9900,-9900,0.0,0.0
2023,10,24,11,60,0.0,0.0,0.0,0.0,0.0,5,27.2,21.3,70,1000.6,350,1.4,-9900,-9900,0.0,0.0
2023,10,24,12,60,0.0,0.0,0.0,0.0,0.0,5,28.2,21.0,65,999.7,84,0.7,-9900,-9900,0.0,0.0
2023,10,24,13,60,0.0,0.0,0.0,0.0,0.0,5,27.8,21.6,69,999.0,348,1.9,-9900,-9900,0.0,0.0
2023,10,24,14,60,0.0,0.0,0.0,0.0,0.0,5,27.0,22.0,74,998.6,343,1.7,-9900,-9900,0.0,0.0
2023,10,24,15,60,0.0,0.0,0.0,0.0,0.0,5,26.6,21.8,75,998.4,7,1.6,-9900,-9900,0.0,0.0
2023,10,24,16,60,0.0,0.0,0.0,0.0,0.0,5,25.3,22.8,86,998.6,18,2.5,-9900,-9900,0.0,0.0
2023,10,24,17,60,0.0,0.0,0.0,0.0,0.0,5,25.4,22.9,86,998.8,360,0.6,-9900,-9900,0.0,0.0
2023,10,24,18,60,0.0,0.0,0.0,0.0,0.0,5,25.5,21.6,79,999.0,87,2.1,-9900,-9900,0.0,0.0
2023,10,24,19,60,0.0,0.0,0.0,0.0,0.0,5,24.7,21.4,82,999.2,94,3.3,-9900,-9900,0.0,0.0
2023,10,24,20,60,0.0,0.0,0.0,0.0,0.0,5,24.5,21.8,85,999.7,92,2.9,-9900,-9900,0.0,0.0
2023,10,24,21,60,0.0,0.0,0.0,0.0,0.0,5,24.5,22.0,86,999.7,93,3.6,-9900,-9900,0.0,0.0
2023,10,24,22,60,0.0,0.0,0.0,0.0,0.0,5,24.6,21.9,85,999.8,86,2.7,-9900,-9900,0.0,0.0
2023,10,24,23,60,0.0,0.0,0.0,0.0,0.0,5,24.5,21.8,85,999.5,84,2.8,-9900,-9900,0.0,0.0
2023,10,24,24,60,0.0,0.0,0.0,0.0,0.0,5,24.4,21.5,84,999.7,52,0.8,-9900,-9900,0.0,0.0
2023,10,25,1,60,0.0,0.0,0.0,0.0,0.0,5,24.4,21.5,84,999.6,64,1.4,-9900,-9900,0.0,0.0
2023,10,25,2,60,0.0,0.0,0.0,0.0,0.0,5,24.4,22.1,87,999.4,99,1.6,-9900,-9900,0.0,0.0
2023,10,25,3,60,0.0,0.0,0.0,0.0,0.0,5,24.0,22.1,89,999.0,93,2.0,-9900,-9900,0.0,0.0
2023,10,25,4,60,0.0,0.0,0.0,0.0,0.0,5,23.7,22.0,90,999.0,68,1.4,-9900,-9900,0.0,0.0
2023,10,25,5,60,0.0,0.0,0.0,0.0,0.0,5,23.7,22.0,90,999.2,81,1.7,-9900,-9900,0.0,0.0
2023,10,25,6,60,0.0,0.0,0.0,0.0,0.0,5,23.4,21.8,91,999.3,100,3.2,-9900,-9900,0.0,0.0
2023,10,25,7,60,0.0,0.0,0.0,0.0,0.0,5,23.6,21.7,89,999.5,93,2.3,-9900,-9900,0.0,0.0
2023,10,25,8,60,0.0,0.0,0.0,0.0,0.0,5,24.9,21.8,83,1000.2,78,2.4,-9900,-9900,0.0,0.0
2023,10,25,9,60,0.0,0.0,0.0,0.0,0.0,5,26.1,21.1,74,1000.3,63,2.9,-9900,-9900,0.0,0.0
2023,10,25,10,60,0.0,0.0,0.0,0.0,0.0,5,27.4,19.7,63,999.5,74,2.3,-9900,-9900,0.0,0.0
2023,10,25,11,60,0.0,0.0,0.0,0.0,0.0,5,28.5,20.0,60,998.8,50,3.1,-9900,-9900,0.0,0.0
2023,10,25,12,60,0.0,0.0,0.0,0.0,0.0,5,27.5,22.5,74,998.5,13,3.2,-9900,-9900,0.0,0.0
2023,10,25,13,60,0.0,0.0,0.0,0.0,0.0,5,27.0,22.6,77,997.8,21,3.3,-9900,-9900,0.0,0.0
2023,10,25,14,60,0.0,0.0,0.0,0.0,0.0,5,28.5,19.7,59,996.9,91,3.2,-9900,-9900,0.0,0.0
2023,10,25,15,60,0.0,0.0,0.0,0.0,0.0,5,27.6,20.4,65,997.0,90,3.1,-9900,-9900,0.0,0.0
2023,10,25,16,60,0.0,0.0,0.0,0.0,0.0,5,26.8,20.2,67,997.4,75,3.5,-9900,-9900,0.0,0.0
2023,10,25,17,60,0.0,0.0,0.0,0.0,0.0,5,26.0,20.1,70,997.9,93,3.1,-9900,-9900,0.0,0.0
2023,10,25,18,60,0.0,0.0,0.0,0.0,0.0,5,25.0,20.3,75,998.5,77,2.4,-9900,-9900,0.0,0.0
2023,10,25,19,60,0.0,0.0,0.0,0.0,0.0,5,24.6,20.5,78,998.8,92,3.3,-9900,-9900,0.0,0.0
2023,10,25,20,60,0.0,0.0,0.0,0.0,0.0,5,24.4,20.3,78,999.3,88,4.2,-9900,-9900,0.0,0.0
2023,10,25,21,60,0.0,0.0,0.0,0.0,0.0,5,24.2,20.1,78,998.9,95,3.2,-9900,-9900,0.0,0.0
2023,10,25,22,60,0.0,0.0,0.0,0.0,0.0,5,24.0,20.1,79,998.8,95,2.8,-9900,-9900,0.0,0.0
2023,10,25,23,60,0.0,0.0,0.0,0.0,0.0,5,23.8,20.1,80,998.6,93,2.8,-9900,-9900,0.0,0.0
2023,10,25,24,60,0.0,0.0,0.0,0.0,0.0,5,23.6,19.9,80,997.9,98,3.1,-9900,-9900,0.0,0.0
2023,10,26,1,60,0.0,0.0,0.0,0.0,0.0,5,23.5,20.1,81,997.6,90,2.8,-9900,-9900,0.0,0.0
2023,10,26,2,60,0.0,0.0,0.0,0.0,0.0,5,23.3,19.7,80,997.0,97,2.9,-9900,-9900,0.0,0.0
2023,10,26,3,60,0.0,0.0,0.0,0.0,0.0,5,22.9,19.5,81,996.9,101,1.0,-9900,-9900,0.0,0.0
2023,10,26,4,60,0.0,0.0,0.0,0.0,0.0,5,23.0,19.6,81,997.1,84,1.3,-9900,-9900,0.0,0.0
2023,10,26,5,60,0.0,0.0,0.0,0.0,0.0,5,22.2,19.4,84,997.3,139,1.2,-9900,-9900,0.0,0.0
2023,10,26,6,60,0.0,0.0,0.0,0.0,0.0,5,21.6,19.2,86,997.8,136,1.4,-9900,-9900,0.0,0.0
2023,10,26,7,60,0.0,0.0,0.0,0.0,0.0,5,21.9,19.1,84,998.5,138,1.0,-9900,-9900,0.0,0.0
2023,10,26,8,60,0.0,0.0,0.0,0.0,0.0,5,24.2,19.5,75,999.4,133,1.0,-9900,-9900,0.0,0.0
2023,10,26,9,60,0.0,0.0,0.0,0.0,0.0,5,25.4,19.3,69,999.2,124,1.8,-9900,-9900,0.0,0.0
2023,10,26,10,60,0.0,0.0,0.0,0.0,0.0,5,26.8,18.4,60,998.7,138,1.5,-9900,-9900,0.0,0.0
2023,10,26,11,60,0.0,0.0,0.0,0.0,0.0,5,28.1,17.9,54,998.3,80,0.4,-9900,-9900,0.0,0.0
2023,10,26,12,60,0.0,0.0,0.0,0.0,0.0,5,28.8,17.3,50,997.7,161,0.4,-9900,-9900,0.0,0.0
2023,10,26,13,60,0.0,0.0,0.0,0.0,0.0,5,28.6,19.5,58,997.2,289,1.5,-9900,-9900,0.0,0.0
2023,10,26,14,60,0.0,0.0,0.0,0.0,0.0,5,28.1,20.1,62,996.8,306,1.6,-9900,-9900,0.0,0.0
2023,10,26,15,60,0.0,0.0,0.0,0.0,0.0,5,28.0,20.0,62,996.7,14,1.6,-9900,-9900,0.0,0.0
2023,10,26,16,60,0.0,0.0,0.0,0.0,0.0,5,27.4,20.0,64,997.0,345,1.2,-9900,-9900,0.0,0.0
2023,10,26,17,60,0.0,0.0,0.0,0.0,0.0,5,26.2,20.1,69,997.2,35,2.1,-9900,-9900,0.0,0.0
2023,10,26,18,60,0.0,0.0,0.0,0.0,0.0,5,25.6,19.5,69,997.1,93,2.2,-9900,-9900,0.0,0.0
2023,10,26,19,60,0.0,0.0,0.0,0.0,0.0,5,25.0,19.6,72,997.2,91,2.2,-9900,-9900,0.0,0.0
2023,10,26,20,60,0.0,0.0,0.0,0.0,0.0,5,24.7,18.6,69,998.1,94,2.6,-9900,-9900,0.0,0.0
2023,10,26,21,60,0.0,0.0,0.0,0.0,0.0,5,24.5,18.9,71,998.6,102,2.5,-9900,-9900,0.0,0.0
2023,10,26,22,60,0.0,0.0,0.0,0.0,0.0,5,24.5,19.1,72,998.6,92,2.1,-9900,-9900,0.0,0.0
2023,10,26,23,60,0.0,0.0,0.0,0.0,0.0,5,24.5,18.9,71,998.2,96,2.1,-9900,-9900,0.0,0.0
2023,10,26,24,60,0.0,0.0,0.0,0.0,0.0,5,24.5,19.1,72,997.7,96,1.8,-9900,-9900,0.0,0.0
2023,10,27,1,60,0.0,0.0,0.0,0.0,0.0,5,24.5,19.3,73,997.5,97,1.9,-9900,-9900,0.0,0.0
2023,10,27,2,60,0.0,0.0,0.0,0.0,0.0,5,24.5,20.2,77,997.3,71,1.7,-9900,-9900,0.0,0.0
2023,10,27,3,60,0.0,0.0,0.0,0.0,0.0,5,24.4,20.1,77,996.9,86,1.2,-9900,-9900,0.0,0.0
2023,10,27,4,60,0.0,0.0,0.0,0.0,0.0,5,24.0,20.1,79,996.9,97,0.8,-9900,-9900,0.0,0.0
2023,10,27,5,60,0.0,0.0,0.0,0.0,0.0,5,23.9,20.8,83,997.5,19,1.3,-9900,-9900,0.0,0.0
2023,10,27,6,60,0.0,0.0,0.0,0.0,0.0,5,23.6,20.9,85,997.8,84,1.1,-9900,-9900,0.0,0.0
2023,10,27,7,60,0.0,0.0,0.0,0.0,0.0,5,23.9,20.8,83,998.3,77,1.5,-9900,-9900,0.0,0.0
2023,10,27,8,60,0.0,0.0,0.0,0.0,0.0,5,23.8,20.3,81,998.9,74,2.0,-9900,-9900,0.0,0.0
2023,10,27,9,60,0.0,0.0,0.0,0.0,0.0,5,23.8,20.3,81,999.3,69,2.0,-9900,-9900,0.0,0.0
2023,10,27,10,60,0.0,0.0,0.0,0.0,0.0,5,23.9,19.6,77,999.5,80,2.0,-9900,-9900,0.0,0.0
2023,10,27,11,60,0.0,0.0,0.0,0.0,0.0,5,24.2,18.6,71,999.0,73,3.2,-9900,-9900,0.0,0.0
2023,10,27,12,60,0.0,0.0,0.0,0.0,0.0,5,24.7,19.3,72,998.2,92,3.1,-9900,-9900,0.0,0.0
2023,10,27,13,60,0.0,0.0,0.0,0.0,0.0,5,24.4,19.5,74,997.5,87,2.7,-9900,-9900,0.0,0.0
2023,10,27,14,60,0.0,0.0,0.0,0.0,0.0,5,23.5,19.4,78,997.3,77,3.7,-9900,-9900,0.0,0.0
2023,10,27,15,60,0.0,0.0,0.0,0.0,0.0,5,22.8,19.2,80,997.5,92,3.6,-9900,-9900,0.0,0.0
2023,10,27,16,60,0.0,0.0,0.0,0.0,0.0,5,22.6,17.9,75,997.7,74,3.8,-9900,-9900,0.0,0.0
2023,10,27,17,60,0.0,0.0,0.0,0.0,0.0,5,22.2,18.4,79,998.1,85,2.9,-9900,-9900,0.0,0.0
2023,10,27,18,60,0.0,0.0,0.0,0.0,0.0,5,21.9,18.9,83,998.5,82,2.9,-9900,-9900,0.0,0.0
2023,10,27,19,60,0.0,0.0,0.0,0.0,0.0,5,21.5,18.9,85,998.7,91,4.1,-9900,-9900,0.0,0.0
2023,10,27,20,60,0.0,0.0,0.0,0.0,0.0,5,22.0,18.4,80,998.7,85,3.8,-9900,-9900,0.0,0.0
2023,10,27,21,60,0.0,0.0,0.0,0.0,0.0,5,21.8,18.2,80,998.8,91,2.9,-9900,-9900,0.0,0.0
2023,10,27,22,60,0.0,0.0,0.0,0.0,0.0,5,22.4,17.1,72,998.4,92,4.5,-9900,-9900,0.0,0.0
2023,10,27,23,60,0.0,0.0,0.0,0.0,0.0,5,22.4,17.5,74,997.9,91,4.5,-9900,-9900,0.0,0.0
2023,10,27,24,60,0.0,0.0,0.0,0.0,0.0,5,22.6,17.7,74,997.8,94,4.0,-9900,-9900,0.0,0.0
2023,10,28,1,60,0.0,0.0,0.0,0.0,0.0,5,23.1,17.1,69,997.1,93,5.8,-9900,-9900,0.0,0.0
2023,10,28,2,60,0.0,0.0,0.0,0.0,0.0,5,22.5,17.4,73,996.7,93,4.2,-9900,-9900,0.0,0.0
2023,10,28,3,60,0.0,0.0,0.0,0.0,0.0,5,22.8,17.5,72,996.7,90,3.9,-9900,-9900,0.0,0.0
2023,10,28,4,60,0.0,0.0,0.0,0.0,0.0,5,22.4,17.3,73,997.1,95,3.9,-9900,-9900,0.0,0.0
2023,10,28,5,60,0.0,0.0,0.0,0.0,0.0,5,21.8,18.0,79,997.9,95,3.0,-9900,-9900,0.0,0.0
2023,10,28,6,60,0.0,0.0,0.0,0.0,0.0,5,20.8,18.0,84,998.9,87,2.5,-9900,-9900,0.0,0.0
2023,10,28,7,60,0.0,0.0,0.0,0.0,0.0,5,20.0,18.7,92,1000.3,89,1.1,-9900,-9900,0.0,0.0
2023,10,28,8,60,0.0,0.0,0.0,0.0,0.0,5,19.4,18.4,94,1000.6,86,2.6,-9900,-9900,0.0,0.0
2023,10,28,9,60,0.0,0.0,0.0,0.0,0.0,5,19.1,17.9,93,1000.9,94,3.3,-9900,-9900,0.0,0.0
2023,10,28,10,60,0.0,0.0,0.0,0.0,0.0,5,19.8,17.9,89,1000.7,88,3.3,-9900,-9900,0.0,0.0
2023,10,28,11,60,0.0,0.0,0.0,0.0,0.0,5,20.3,17.7,85,1000.3,89,2.6,-9900,-9900,0.0,0.0
2023,10,28,12,60,0.0,0.0,0.0,0.0,0.0,5,20.8,17.8,83,999.4,87,4.0,-9900,-9900,0.0,0.0
2023,10,28,13,60,0.0,0.0,0.0,0.0,0.0,5,21.3,17.9,81,998.8,92,2.6,-9900,-9900,0.0,0.0
2023,10,28,14,60,0.0,0.0,0.0,0.0,0.0,5,21.0,17.4,80,998.1,94,4.1,-9900,-9900,0.0,0.0
2023,10,28,15,60,0.0,0.0,0.0,0.0,0.0,5,21.1,17.3,79,997.8,94,4.0,-9900,-9900,0.0,0.0
2023,10,28,16,60,0.0,0.0,0.0,0.0,0.0,5,21.4,17.0,76,997.8,90,3.5,-9900,-9900,0.0,0.0
2023,10,28,17,60,0.0,0.0,0.0,0.0,0.0,5,21.3,16.7,75,997.9,92,3.8,-9900,-9900,0.0,0.0
2023,10,28,18,60,0.0,0.0,0.0,0.0,0.0,5,21.7,15.3,67,998.2,87,4.0,-9900,-9900,0.0,0.0
2023,10,28,19,60,0.0,0.0,0.0,0.0,0.0,5,21.6,15.7,69,998.8,89,4.2,-9900,-9900,0.0,0.0
2023,10,28,20,60,0.0,0.0,0.0,0.0,0.0,5,22.0,15.4,66,998.9,94,4.7,-9900,-9900,0.0,0.0
2023,10,28,21,60,0.0,0.0,0.0,0.0,0.0,5,22.1,15.2,65,999.2,86,4.0,-9900,-9900,0.0,0.0
2023,10,28,22,60,0.0,0.0,0.0,0.0,0.0,5,22.0,15.6,67,999.4,84,4.0,-9900,-9900,0.0,0.0
2023,10,28,23,60,0.0,0.0,0.0,0.0,0.0,5,22.0,15.8,68,999.3,78,3.6,-9900,-9900,0.0,0.0
2023,10,28,24,60,0.0,0.0,0.0,0.0,0.0,5,21.8,17.4,76,998.7,90,3.2,-9900,-9900,0.0,0.0
2023,10,29,1,60,0.0,0.0,0.0,0.0,0.0,5,21.8,17.2,75,998.3,84,2.7,-9900,-9900,0.0,0.0
2023,10,29,2,60,0.0,0.0,0.0,0.0,0.0,5,21.8,16.7,73,998.1,93,3.8,-9900,-9900,0.0,0.0
2023,10,29,3,60,0.0,0.0,0.0,0.0,0.0,5,21.7,17.3,76,998.0,93,3.3,-9900,-9900,0.0,0.0
2023,10,29,4,60,0.0,0.0,0.0,0.0,0.0,5,21.6,17.8,79,998.1,91,3.7,-9900,-9900,0.0,0.0
2023,10,29,5,60,0.0,0.0,0.0,0.0,0.0,5,21.6,18.0,80,998.4,93,3.0,-9900,-9900,0.0,0.0
2023,10,29,6,60,0.0,0.0,0.0,0.0,0.0,5,21.6,17.8,79,998.9,84,2.2,-9900,-9900,0.0,0.0
2023,10,29,7,60,0.0,0.0,0.0,0.0,0.0,5,21.5,18.1,81,999.7,83,2.2,-9900,-9900,0.0,0.0
2023,10,29,8,60,0.0,0.0,0.0,0.0,0.0,5,21.3,17.9,81,1000.4,84,2.9,-9900,-9900,0.0,0.0
2023,10,29,9,60,0.0,0.0,0.0,0.0,0.0,5,21.6,18.4,82,1000.8,76,2.6,-9900,-9900,0.0,0.0
2023,10,29,10,60,0.0,0.0,0.0,0.0,0.0,5,22.1,17.9,77,1000.7,76,3.2,-9900,-9900,0.0,0.0
2023,10,29,11,60,0.0,0.0,0.0,0.0,0.0,5,22.7,17.8,74,1000.3,77,3.2,-9900,-9900,0.0,0.0
2023,10,29,12,60,0.0,0.0,0.0,0.0,0.0,5,22.2,17.8,76,1000.2,73,3.9,-9900,-9900,0.0,0.0
2023,10,29,13,60,0.0,0.0,0.0,0.0,0.0,5,21.8,17.8,78,999.5,72,3.2,-9900,-9900,0.0,0.0
2023,10,29,14,60,0.0,0.0,0.0,0.0,0.0,5,21.8,17.6,77,999.1,70,2.6,-9900,-9900,0.0,0.0
2023,10,29,15,60,0.0,0.0,0.0,0.0,0.0,5,22.1,17.2,74,999.0,58,2.7,-9900,-9900,0.0,0.0
2023,10,29,16,60,0.0,0.0,0.0,0.0,0.0,5,22.1,16.8,72,999.2,75,3.3,-9900,-9900,0.0,0.0
2023,10,29,17,60,0.0,0.0,0.0,0.0,0.0,5,22.0,17.2,74,999.6,81,2.3,-9900,-9900,0.0,0.0
2023,10,29,18,60,0.0,0.0,0.0,0.0,0.0,5,21.8,17.2,75,999.8,69,2.7,-9900,-9900,0.0,0.0
2023,10,29,19,60,0.0,0.0,0.0,0.0,0.0,5,21.8,17.2,75,1000.1,84,2.9,-9900,-9900,0.0,0.0
2023,10,29,20,60,0.0,0.0,0.0,0.0,0.0,5,22.1,16.8,72,1000.4,79,3.0,-9900,-9900,0.0,0.0
2023,10,29,21,60,0.0,0.0,0.0,0.0,0.0,5,22.2,16.7,71,1000.4,77,2.4,-9900,-9900,0.0,0.0
2023,10,29,22,60,0.0,0.0,0.0,0.0,0.0,5,22.0,16.7,72,1000.5,80,2.9,-9900,-9900,0.0,0.0
2023,10,29,23,60,0.0,0.0,0.0,0.0,0.0,5,22.2,16.5,70,1000.2,86,2.5,-9900,-9900,0.0,0.0
2023,10,29,24,60,0.0,0.0,0.0,0.0,0.0,5,22.3,16.8,71,1000.1,74,2.5,-9900,-9900,0.0,0.0
2023,10,30,1,60,0.0,0.0,0.0,0.0,0.0,5,22.2,16.5,70,999.9,59,1.6,-9900,-9900,0.0,0.0
2023,10,30,2,60,0.0,0.0,0.0,0.0,0.0,5,22.1,16.8,72,999.5,59,1.8,-9900,-9900,0.0,0.0
2023,10,30,3,60,0.0,0.0,0.0,0.0,0.0,5,20.6,18.4,87,999.3,35,1.3,-9900,-9900,0.0,0.0
2023,10,30,4,60,0.0,0.0,0.0,0.0,0.0,5,20.9,19.0,89,999.5,33,0.7,-9900,-9900,0.0,0.0
2023,10,30,5,60,0.0,0.0,0.0,0.0,0.0,5,20.9,19.0,89,999.5,50,1.0,-9900,-9900,0.0,0.0
2023,10,30,6,60,0.0,0.0,0.0,0.0,0.0,5,21.1,19.2,89,999.8,41,1.3,-9900,-9900,0.0,0.0
2023,10,30,7,60,0.0,0.0,0.0,0.0,0.0,5,21.4,19.7,90,1000.6,64,1.3,-9900,-9900,0.0,0.0
2023,10,30,8,60,0.0,0.0,0.0,0.0,0.0,5,22.2,19.9,87,1001.4,32,1.6,-9900,-9900,0.0,0.0
2023,10,30,9,60,0.0,0.0,0.0,0.0,0.0,5,23.3,19.9,81,1001.7,57,1.2,-9900,-9900,0.0,0.0
2023,10,30,10,60,0.0,0.0,0.0,0.0,0.0,5,24.3,19.4,74,1001.5,68,1.6,-9900,-9900,0.0,0.0
2023,10,30,11,60,0.0,0.0,0.0,0.0,0.0,5,25.4,19.3,69,1001.1,62,2.2,-9900,-9900,0.0,0.0
2023,10,30,12,60,0.0,0.0,0.0,0.0,0.0,5,25.1,19.7,72,1000.5,43,2.6,-9900,-9900,0.0,0.0
2023,10,30,13,60,0.0,0.0,0.0,0.0,0.0,5,25.3,19.4,70,999.9,30,2.5,-9900,-9900,0.0,0.0
2023,10,30,14,60,0.0,0.0,0.0,0.0,0.0,5,25.6,19.5,69,999.5,45,1.9,-9900,-9900,0.0,0.0
2023,10,30,15,60,0.0,0.0,0.0,0.0,0.0,5,24.4,19.7,75,999.3,32,2.8,-9900,-9900,0.0,0.0
2023,10,30,16,60,0.0,0.0,0.0,0.0,0.0,5,24.9,18.4,67,999.7,70,2.9,-9900,-9900,0.0,0.0
2023,10,30,17,60,0.0,0.0,0.0,0.0,0.0,5,23.9,19.2,75,1000.0,62,2.3,-9900,-9900,0.0,0.0
2023,10,30,18,60,0.0,0.0,0.0,0.0,0.0,5,23.2,18.7,76,1000.7,66,2.4,-9900,-9900,0.0,0.0
2023,10,30,19,60,0.0,0.0,0.0,0.0,0.0,5,22.9,19.5,81,1001.0,78,2.4,-9900,-9900,0.0,0.0
2023,10,30,20,60,0.0,0.0,0.0,0.0,0.0,5,22.7,19.9,84,1001.7,76,2.8,-9900,-9900,0.0,0.0
2023,10,30,21,60,0.0,0.0,0.0,0.0,0.0,5,22.6,19.9,85,1002.0,86,2.3,-9900,-9900,0.0,0.0
2023,10,30,22,60,0.0,0.0,0.0,0.0,0.0,5,22.4,20.1,87,1002.3,69,2.3,-9900,-9900,0.0,0.0
2023,10,30,23,60,0.0,0.0,0.0,0.0,0.0,5,22.3,20.0,87,1002.1,76,2.3,-9900,-9900,0.0,0.0
2023,10,30,24,60,0.0,0.0,0.0,0.0,0.0,5,22.2,20.3,89,1001.9,80,2.2,-9900,-9900,0.0,0.0
2023,10,31,1,60,0.0,0.0,0.0,0.0,0.0,5,22.3,19.7,85,1001.8,76,1.9,-9900,-9900,0.0,0.0
2023,10,31,2,60,0.0,0.0,0.0,0.0,0.0,5,22.3,19.1,82,1001.4,74,2.4,-9900,-9900,0.0,0.0
2023,10,31,3,60,0.0,0.0,0.0,0.0,0.0,5,22.1,19.3,84,1000.9,70,1.4,-9900,-9900,0.0,0.0
2023,10,31,4,60,0.0,0.0,0.0,0.0,0.0,5,22.2,19.4,84,1000.8,77,2.3,-9900,-9900,0.0,0.0
2023,10,31,5,60,0.0,0.0,0.0,0.0,0.0,5,22.3,19.1,82,1001.3,82,2.6,-9900,-9900,0.0,0.0
2023,10,31,6,60,0.0,0.0,0.0,0.0,0.0,5,22.0,19.4,85,1001.9,76,3.0,-9900,-9900,0.0,0.0
2023,10,31,7,60,0.0,0.0,0.0,0.0,0.0,5,22.0,19.5,86,1002.5,80,3.7,-9900,-9900,0.0,0.0
2023,10,31,8,60,0.0,0.0,0.0,0.0,0.0,5,23.0,19.6,81,1003.0,74,3.1,-9900,-9900,0.0,0.0
2023,10,31,9,60,0.0,0.0,0.0,0.0,0.0,5,23.7,19.0,75,1003.2,80,3.8,-9900,-9900,0.0,0.0
2023,10,31,10,60,0.0,0.0,0.0,0.0,0.0,5,24.9,19.3,71,1002.9,82,3.9,-9900,-9900,0.0,0.0
2023,10,31,11,60,0.0,0.0,0.0,0.0,0.0,5,25.0,19.4,71,1002.6,81,3.9,-9900,-9900,0.0,0.0
2023,10,31,12,60,0.0,0.0,0.0,0.0,0.0,5,24.6,19.0,71,1002.0,78,4.7,-9900,-9900,0.0,0.0
2023,10,31,13,60,0.0,0.0,0.0,0.0,0.0,5,25.6,17.8,62,1001.0,77,4.3,-9900,-9900,0.0,0.0
2023,10,31,14,60,0.0,0.0,0.0,0.0,0.0,5,25.1,18.5,67,1000.6,77,4.7,-9900,-9900,0.0,0.0
2023,10,31,15,60,0.0,0.0,0.0,0.0,0.0,5,24.5,18.4,69,1000.5,82,4.9,-9900,-9900,0.0,0.0
2023,10,31,16,60,0.0,0.0,0.0,0.0,0.0,5,24.0,18.9,73,1000.9,77,5.6,-9900,-9900,0.0,0.0
2023,10,31,17,60,0.0,0.0,0.0,0.0,0.0,5,23.7,19.0,75,1001.1,83,4.8,-9900,-9900,0.0,0.0
2023,10,31,18,60,0.0,0.0,0.0,0.0,0.0,5,23.4,19.1,77,1001.4,85,4.7,-9900,-9900,0.0,0.0
2023,10,31,19,60,0.0,0.0,0.0,0.0,0.0,5,23.3,19.2,78,1002.3,77,3.1,-9900,-9900,0.0,0.0
2023,10,31,20,60,0.0,0.0,0.0,0.0,0.0,5,22.9,19.3,80,1002.7,84,3.7,-9900,-9900,0.0,0.0
2023,10,31,21,60,0.0,0.0,0.0,0.0,0.0,5,22.5,18.7,79,1002.5,88,4.9,-9900,-9900,0.0,0.0
2023,10,31,22,60,0.0,0.0,0.0,0.0,0.0,5,22.3,18.3,78,1002.6,83,4.5,-9900,-9900,0.0,0.0
2023,10,31,23,60,0.0,0.0,0.0,0.0,0.0,5,21.9,19.3,85,1002.5,78,3.4,-9900,-9900,0.0,0.0
2023,10,31,24,60,0.0,0.0,0.0,0.0,0.0,5,21.9,19.3,85,1002.5,81,4.0,-9900,-9900,0.0,0.0
2023,11,1,1,60,0.0,0.0,0.0,0.0,0.0,5,22.1,18.7,81,1001.8,89,3.2,-9900,-9900,0.0,0.0
2023,11,1,2,60,0.0,0.0,0.0,0.0,0.0,5,22.7,18.3,76,1001.3,82,3.7,-9900,-9900,0.0,0.0
2023,11,1,3,60,0.0,0.0,0.0,0.0,0.0,5,22.6,18.4,77,1001.0,82,3.6,-9900,-9900,0.0,0.0
2023,11,1,4,60,0.0,0.0,0.0,0.0,0.0,5,22.6,18.6,78,1000.9,78,2.8,-9900,-9900,0.0,0.0
2023,11,1,5,60,0.0,0.0,0.0,0.0,0.0,5,22.4,18.8,80,1001.0,86,2.6,-9900,-9900,0.0,0.0
2023,11,1,6,60,0.0,0.0,0.0,0.0,0.0,5,22.3,19.1,82,1001.1,85,3.8,-9900,-9900,0.0,0.0
2023,11,1,7,60,0.0,0.0,0.0,0.0,0.0,5,22.6,18.6,78,1001.6,87,3.9,-9900,-9900,0.0,0.0
2023,11,1,8,60,0.0,0.0,0.0,0.0,0.0,5,24.0,18.4,71,1002.0,89,4.0,-9900,-9900,0.0,0.0
2023,11,1,9,60,0.0,0.0,0.0,0.0,0.0,5,24.8,18.3,67,1002.2,94,4.4,-9900,-9900,0.0,0.0
2023,11,1,10,60,0.0,0.0,0.0,0.0,0.0,5,25.6,18.5,65,1001.8,93,4.0,-9900,-9900,0.0,0.0
2023,11,1,11,60,0.0,0.0,0.0,0.0,0.0,5,26.3,18.4,62,1000.9,93,5.6,-9900,-9900,0.0,0.0
2023,11,1,12,60,0.0,0.0,0.0,0.0,0.0,5,26.8,18.4,60,1000.2,92,4.9,-9900,-9900,0.0,0.0
2023,11,1,13,60,0.0,0.0,0.0,0.0,0.0,5,27.5,17.9,56,999.3,86,4.7,-9900,-9900,0.0,0.0
2023,11,1,14,60,0.0,0.0,0.0,0.0,0.0,5,27.7,18.4,57,999.1,87,4.0,-9900,-9900,0.0,0.0
2023,11,1,15,60,0.0,0.0,0.0,0.0,0.0,5,26.5,18.6,62,999.0,86,4.6,-9900,-9900,0.0,0.0
2023,11,1,16,60,0.0,0.0,0.0,0.0,0.0,5,26.0,19.4,67,999.0,87,4.3,-9900,-9900,0.0,0.0
2023,11,1,17,60,0.0,0.0,0.0,0.0,0.0,5,25.1,19.2,70,999.0,87,4.4,-9900,-9900,0.0,0.0
2023,11,1,18,60,0.0,0.0,0.0,0.0,0.0,5,24.5,19.3,73,999.1,95,4.9,-9900,-9900,0.0,0.0
2023,11,1,19,60,0.0,0.0,0.0,0.0,0.0,5,24.3,19.2,73,999.6,91,4.8,-9900,-9900,0.0,0.0
2023,11,1,20,60,0.0,0.0,0.0,0.0,0.0,5,24.1,19.2,74,1000.1,95,3.9,-9900,-9900,0.0,0.0
2023,11,1,21,60,0.0,0.0,0.0,0.0,0.0,5,23.9,19.2,75,1000.0,94,3.7,-9900,-9900,0.0,0.0
2023,11,1,22,60,0.0,0.0,0.0,0.0,0.0,5,23.9,18.8,73,999.7,96,3.4,-9900,-9900,0.0,0.0
2023,11,1,23,60,0.0,0.0,0.0,0.0,0.0,5,23.5,19.2,77,999.5,97,2.3,-9900,-9900,0.0,0.0
2023,11,1,24,60,0.0,0.0,0.0,0.0,0.0,5,23.2,19.4,79,999.2,103,1.5,-9900,-9900,0.0,0.0
2023,11,2,1,60,0.0,0.0,0.0,0.0,0.0,5,23.0,19.6,81,999.0,96,2.3,-9900,-9900,0.0,0.0
2023,11,2,2,60,0.0,0.0,0.0,0.0,0.0,5,22.7,19.3,81,998.5,119,1.7,-9900,-9900,0.0,0.0
2023,11,2,3,60,0.0,0.0,0.0,0.0,0.0,5,22.1,19.3,84,998.2,136,1.4,-9900,-9900,0.0,0.0
2023,11,2,4,60,0.0,0.0,0.0,0.0,0.0,5,21.9,19.3,85,998.1,129,1.1,-9900,-9900,0.0,0.0
2023,11,2,5,60,0.0,0.0,0.0,0.0,0.0,5,21.8,19.0,84,998.3,155,0.7,-9900,-9900,0.0,0.0
2023,11,2,6,60,0.0,0.0,0.0,0.0,0.0,5,21.8,18.8,83,998.7,119,1.2,-9900,-9900,0.0,0.0
2023,11,2,7,60,0.0,0.0,0.0,0.0,0.0,5,21.7,18.1,80,999.3,139,2.0,-9900,-9900,0.0,0.0
2023,11,2,8,60,0.0,0.0,0.0,0.0,0.0,5,24.1,18.7,72,999.6,138,1.4,-9900,-9900,0.0,0.0
2023,11,2,9,60,0.0,0.0,0.0,0.0,0.0,5,25.9,17.5,60,999.9,162,0.5,-9900,-9900,0.0,0.0
2023,11,2,10,60,0.0,0.0,0.0,0.0,0.0,5,25.9,17.5,60,999.9,162,0.5,-9900,-9900,0.0,0.0
2023,11,2,11,60,0.0,0.0,0.0,0.0,0.0,5,28.4,17.3,51,998.7,129,0.6,-9900,-9900,0.0,0.0
2023,11,2,12,60,0.0,0.0,0.0,0.0,0.0,5,30.2,17.0,45,998.0,318,0.4,-9900,-9900,0.0,0.0
2023,11,2,13,60,0.0,0.0,0.0,0.0,0.0,5,28.5,20.5,62,997.6,294,1.4,-9900,-9900,0.0,0.0
2023,11,2,14,60,0.0,0.0,0.0,0.0,0.0,5,28.2,21.0,65,997.1,307,2.0,-9900,-9900,0.0,0.0
2023,11,2,15,60,0.0,0.0,0.0,0.0,0.0,5,27.7,20.8,66,997.0,312,1.6,-9900,-9900,0.0,0.0
2023,11,2,16,60,0.0,0.0,0.0,0.0,0.0,5,26.8,20.9,70,997.2,317,1.8,-9900,-9900,0.0,0.0
2023,11,2,17,60,0.0,0.0,0.0,0.0,0.0,5,25.5,21.0,76,997.6,314,1.6,-9900,-9900,0.0,0.0
2023,11,2,18,60,0.0,0.0,0.0,0.0,0.0,5,25.0,20.7,77,997.8,296,0.3,-9900,-9900,0.0,0.0
2023,11,2,19,60,0.0,0.0,0.0,0.0,0.0,5,24.7,21.0,80,998.0,0,0.0,-9900,-9900,0.0,0.0
2023,11,2,20,60,0.0,0.0,0.0,0.0,0.0,5,25.1,21.0,78,998.4,104,0.8,-9900,-9900,0.0,0.0
2023,11,2,21,60,0.0,0.0,0.0,0.0,0.0,5,24.8,20.9,79,998.5,0,0.0,-9900,-9900,0.0,0.0
2023,11,2,22,60,0.0,0.0,0.0,0.0,0.0,5,24.2,20.7,81,998.5,348,0.3,-9900,-9900,0.0,0.0
2023,11,2,23,60,0.0,0.0,0.0,0.0,0.0,5,24.1,21.0,83,998.3,0,0.2,-9900,-9900,0.0,0.0
2023,11,2,24,60,0.0,0.0,0.0,0.0,0.0,5,23.5,21.0,86,997.8,0,0.0,-9900,-9900,0.0,0.0
2023,11,3,1,60,0.0,0.0,0.0,0.0,0.0,5,22.9,20.4,86,997.4,81,0.6,-9900,-9900,0.0,0.0
2023,11,3,2,60,0.0,0.0,0.0,0.0,0.0,5,23.1,20.1,83,997.3,263,0.9,-9900,-9900,0.0,0.0
2023,11,3,3,60,0.0,0.0,0.0,0.0,0.0,5,22.8,20.1,85,997.2,0,0.0,-9900,-9900,0.0,0.0
2023,11,3,4,60,0.0,0.0,0.0,0.0,0.0,5,22.4,21.0,92,997.1,0,0.2,-9900,-9900,0.0,0.0
2023,11,3,5,60,0.0,0.0,0.0,0.0,0.0,5,22.1,18.1,78,997.1,220,0.5,-9900,-9900,0.0,0.0
2023,11,3,6,60,0.0,0.0,0.0,0.0,0.0,5,22.0,17.6,76,997.4,184,0.4,-9900,-9900,0.0,0.0
2023,11,3,7,60,0.0,0.0,0.0,0.0,0.0,5,22.0,17.2,74,998.1,125,1.5,-9900,-9900,0.0,0.0
2023,11,3,8,60,0.0,0.0,0.0,0.0,0.0,5,23.7,17.9,70,998.6,123,1.3,-9900,-9900,0.0,0.0
2023,11,3,9,60,0.0,0.0,0.0,0.0,0.0,5,24.9,18.6,68,998.8,134,1.2,-9900,-9900,0.0,0.0
2023,11,3,10,60,0.0,0.0,0.0,0.0,0.0,5,26.6,19.5,65,998.6,134,1.2,-9900,-9900,0.0,0.0
2023,11,3,11,60,0.0,0.0,0.0,0.0,0.0,5,27.7,19.8,62,998.0,323,0.8,-9900,-9900,0.0,0.0
2023,11,3,12,60,0.0,0.0,0.0,0.0,0.0,5,26.6,20.7,70,997.1,331,1.6,-9900,-9900,0.0,0.0
2023,11,3,13,60,0.0,0.0,0.0,0.0,0.0,5,26.3,20.6,71,996.3,311,2.8,-9900,-9900,0.0,0.0
2023,11,3,14,60,0.0,0.0,0.0,0.0,0.0,5,26.0,21.2,75,996.1,314,2.6,-9900,-9900,0.0,0.0
2023,11,3,15,60,0.0,0.0,0.0,0.0,0.0,5,26.9,21.2,71,996.1,359,1.3,-9900,-9900,0.0,0.0
2023,11,3,16,60,0.0,0.0,0.0,0.0,0.0,5,25.4,20.9,76,996.2,2,2.0,-9900,-9900,0.0,0.0
2023,11,3,17,60,0.0,0.0,0.0,0.0,0.0,5,24.9,21.6,82,996.4,5,0.8,-9900,-9900,0.0,0.0
2023,11,3,18,60,0.0,0.0,0.0,0.0,0.0,5,24.4,21.7,85,996.7,10,1.0,-9900,-9900,0.0,0.0
2023,11,3,19,60,0.0,0.0,0.0,0.0,0.0,5,24.0,22.1,89,996.6,2,0.4,-9900,-9900,0.0,0.0
2023,11,3,20,60,0.0,0.0,0.0,0.0,0.0,5,24.0,22.1,89,997.1,320,0.3,-9900,-9900,0.0,0.0
2023,11,3,21,60,0.0,0.0,0.0,0.0,0.0,5,24.3,20.2,78,997.2,108,0.6,-9900,-9900,0.0,0.0
2023,11,3,22,60,0.0,0.0,0.0,0.0,0.0,5,24.0,20.1,79,997.2,142,1.2,-9900,-9900,0.0,0.0
2023,11,3,23,60,0.0,0.0,0.0,0.0,0.0,5,24.0,20.9,83,997.3,151,0.9,-9900,-9900,0.0,0.0
2023,11,3,24,60,0.0,0.0,0.0,0.0,0.0,5,23.9,20.4,81,997.1,0,0.0,-9900,-9900,0.0,0.0
2023,11,4,1,60,0.0,0.0,0.0,0.0,0.0,5,23.3,21.2,88,997.1,156,0.5,-9900,-9900,0.0,0.0
2023,11,4,2,60,0.0,0.0,0.0,0.0,0.0,5,23.0,20.7,87,996.8,151,0.5,-9900,-9900,0.0,0.0
2023,11,4,3,60,0.0,0.0,0.0,0.0,0.0,5,22.7,19.1,80,996.9,142,0.3,-9900,-9900,0.0,0.0
2023,11,4,4,60,0.0,0.0,0.0,0.0,0.0,5,22.5,19.3,82,996.8,0,0.0,-9900,-9900,0.0,0.0
2023,11,4,5,60,0.0,0.0,0.0,0.0,0.0,5,22.1,18.3,79,997.2,0,0.2,-9900,-9900,0.0,0.0
2023,11,4,6,60,0.0,0.0,0.0,0.0,0.0,5,22.1,17.0,73,997.7,134,1.0,-9900,-9900,0.0,0.0
2023,11,4,7,60,0.0,0.0,0.0,0.0,0.0,5,22.5,17.2,72,998.2,182,0.4,-9900,-9900,0.0,0.0
2023,11,4,8,60,0.0,0.0,0.0,0.0,0.0,5,23.6,17.1,67,998.8,134,1.2,-9900,-9900,0.0,0.0
2023,11,4,9,60,0.0,0.0,0.0,0.0,0.0,5,25.2,16.6,59,999.0,78,0.9,-9900,-9900,0.0,0.0
2023,11,4,10,60,0.0,0.0,0.0,0.0,0.0,5,27.0,17.5,56,998.9,61,0.7,-9900,-9900,0.0,0.0
2023,11,4,11,60,0.0,0.0,0.0,0.0,0.0,5,28.0,17.8,54,998.2,346,0.8,-9900,-9900,0.0,0.0
2023,11,4,12,60,0.0,0.0,0.0,0.0,0.0,5,29.3,18.1,51,997.5,312,0.9,-9900,-9900,0.0,0.0
2023,11,4,13,60,0.0,0.0,0.0,0.0,0.0,5,28.0,21.8,69,996.8,319,1.7,-9900,-9900,0.0,0.0
2023,11,4,14,60,0.0,0.0,0.0,0.0,0.0,5,27.9,21.7,69,996.4,323,1.1,-9900,-9900,0.0,0.0
2023,11,4,15,60,0.0,0.0,0.0,0.0,0.0,5,27.4,21.9,72,996.4,359,1.1,-9900,-9900,0.0,0.0
2023,11,4,16,60,0.0,0.0,0.0,0.0,0.0,5,27.2,21.7,72,996.6,349,0.8,-9900,-9900,0.0,0.0
2023,11,4,17,60,0.0,0.0,0.0,0.0,0.0,5,25.8,21.7,78,997.2,357,1.0,-9900,-9900,0.0,0.0
2023,11,4,18,60,0.0,0.0,0.0,0.0,0.0,5,25.2,22.1,83,997.5,0,0.0,-9900,-9900,0.0,0.0
2023,11,4,19,60,0.0,0.0,0.0,0.0,0.0,5,24.9,21.8,83,997.7,0,0.0,-9900,-9900,0.0,0.0
2023,11,4,20,60,0.0,0.0,0.0,0.0,0.0,5,25.0,21.7,82,998.4,45,0.6,-9900,-9900,0.0,0.0
2023,11,4,21,60,0.0,0.0,0.0,0.0,0.0,5,24.8,21.3,81,998.6,13,0.3,-9900,-9900,0.0,0.0
2023,11,4,22,60,0.0,0.0,0.0,0.0,0.0,5,24.4,21.5,84,998.5,0,0.0,-9900,-9900,0.0,0.0
2023,11,4,23,60,0.0,0.0,0.0,0.0,0.0,5,24.1,21.6,86,998.2,84,0.5,-9900,-9900,0.0,0.0
2023,11,4,24,60,0.0,0.0,0.0,0.0,0.0,5,23.7,22.0,90,997.7,137,0.8,-9900,-9900,0.0,0.0
2023,11,5,1,60,0.0,0.0,0.0,0.0,0.0,5,23.4,21.7,90,997.7,123,0.4,-9900,-9900,0.0,0.0
2023,11,5,2,60,0.0,0.0,0.0,0.0,0.0,5,23.0,21.3,90,997.5,149,0.4,-9900,-9900,0.0,0.0
2023,11,5,3,60,0.0,0.0,0.0,0.0,0.0,5,23.1,21.2,89,997.4,0,0.2,-9900,-9900,0.0,0.0
2023,11,5,4,60,0.0,0.0,0.0,0.0,0.0,5,23.1,20.2,84,997.3,197,0.3,-9900,-9900,0.0,0.0
2023,11,5,5,60,0.0,0.0,0.0,0.0,0.0,5,23.1,18.2,74,997.4,204,0.6,-9900,-9900,0.0,0.0
2023,11,5,6,60,0.0,0.0,0.0,0.0,0.0,5,22.3,18.1,77,998.1,138,0.4,-9900,-9900,0.0,0.0
2023,11,5,7,60,0.0,0.0,0.0,0.0,0.0,5,22.7,17.8,74,998.5,0,0.0,-9900,-9900,0.0,0.0
2023,11,5,8,60,0.0,0.0,0.0,0.0,0.0,5,24.7,17.2,63,999.0,188,0.5,-9900,-9900,0.0,0.0
2023,11,5,9,60,0.0,0.0,0.0,0.0,0.0,5,25.6,21.3,77,999.0,275,0.7,-9900,-9900,0.0,0.0
2023,11,5,10,60,0.0,0.0,0.0,0.0,0.0,5,27.0,20.4,67,998.7,0,0.0,-9900,-9900,0.0,0.0
2023,11,5,11,60,0.0,0.0,0.0,0.0,0.0,5,27.9,21.0,66,998.3,304,0.4,-9900,-9900,0.0,0.0
2023,11,5,12,60,0.0,0.0,0.0,0.0,0.0,5,28.3,20.6,63,997.7,298,2.1,-9900,-9900,0.0,0.0
2023,11,5,13,60,0.0,0.0,0.0,0.0,0.0,5,29.1,20.5,60,997.1,318,1.7,-9900,-9900,0.0,0.0
2023,11,5,14,60,0.0,0.0,0.0,0.0,0.0,5,29.4,20.0,57,996.6,301,1.6,-9900,-9900,0.0,0.0
2023,11,5,15,60,0.0,0.0,0.0,0.0,0.0,5,28.9,20.1,59,996.4,304,1.6,-9900,-9900,0.0,0.0
2023,11,5,16,60,0.0,0.0,0.0,0.0,0.0,5,28.2,20.2,62,996.6,266,1.3,-9900,-9900,0.0,0.0
2023,11,5,17,60,0.0,0.0,0.0,0.0,0.0,5,27.2,19.5,63,997.0,313,2.2,-9900,-9900,0.0,0.0
2023,11,5,18,60,0.0,0.0,0.0,0.0,0.0,5,26.1,19.3,66,997.5,6,0.8,-9900,-9900,0.0,0.0
2023,11,5,19,60,0.0,0.0,0.0,0.0,0.0,5,25.7,18.6,65,998.0,271,0.6,-9900,-9900,0.0,0.0
2023,11,5,20,60,0.0,0.0,0.0,0.0,0.0,5,24.7,21.0,80,998.6,63,0.3,-9900,-9900,0.0,0.0
2023,11,5,21,60,0.0,0.0,0.0,0.0,0.0,5,25.2,19.8,72,998.8,114,1.0,-9900,-9900,0.0,0.0
2023,11,5,22,60,0.0,0.0,0.0,0.0,0.0,5,24.9,20.8,78,998.7,128,1.3,-9900,-9900,0.0,0.0
2023,11,5,23,60,0.0,0.0,0.0,0.0,0.0,5,24.2,20.5,80,998.5,134,0.9,-9900,-9900,0.0,0.0
2023,11,5,24,60,0.0,0.0,0.0,0.0,0.0,5,24.8,18.7,69,998.1,198,0.6,-9900,-9900,0.0,0.0
2023,11,6,1,60,0.0,0.0,0.0,0.0,0.0,5,24.1,18.7,72,998.1,137,1.1,-9900,-9900,0.0,0.0
2023,11,6,2,60,0.0,0.0,0.0,0.0,0.0,5,24.8,17.0,62,997.8,191,0.7,-9900,-9900,0.0,0.0
2023,11,6,3,60,0.0,0.0,0.0,0.0,0.0,5,24.5,17.0,63,997.6,198,0.7,-9900,-9900,0.0,0.0
2023,11,6,4,60,0.0,0.0,0.0,0.0,0.0,5,23.8,17.5,68,997.4,171,0.5,-9900,-9900,0.0,0.0
2023,11,6,5,60,0.0,0.0,0.0,0.0,0.0,5,24.7,16.4,60,997.7,199,0.5,-9900,-9900,0.0,0.0
2023,11,6,6,60,0.0,0.0,0.0,0.0,0.0,5,23.5,17.0,67,998.1,129,1.7,-9900,-9900,0.0,0.0
2023,11,6,7,60,0.0,0.0,0.0,0.0,0.0,5,25.0,17.2,62,999.0,0,0.0,-9900,-9900,0.0,0.0
2023,11,6,8,60,0.0,0.0,0.0,0.0,0.0,5,25.9,18.1,62,999.9,129,1.4,-9900,-9900,0.0,0.0
2023,11,6,9,60,0.0,0.0,0.0,0.0,0.0,5,27.7,19.0,59,1000.3,263,1.3,-9900,-9900,0.0,0.0
2023,11,6,10,60,0.0,0.0,0.0,0.0,0.0,5,29.1,18.8,54,1000.0,264,1.5,-9900,-9900,0.0,0.0
2023,11,6,11,60,0.0,0.0,0.0,0.0,0.0,5,29.9,19.3,53,999.2,275,1.4,-9900,-9900,0.0,0.0
2023,11,6,12,60,0.0,0.0,0.0,0.0,0.0,5,29.9,19.3,53,998.5,288,2.0,-9900,-9900,0.0,0.0
2023,11,6,13,60,0.0,0.0,0.0,0.0,0.0,5,29.8,19.5,54,998.0,318,2.4,-9900,-9900,0.0,0.0
2023,11,6,14,60,0.0,0.0,0.0,0.0,0.0,5,29.8,19.5,54,998.0,318,2.4,-9900,-9900,0.0,0.0
2023,11,6,15,60,0.0,0.0,0.0,0.0,0.0,5,27.2,21.3,70,998.0,29,2.4,-9900,-9900,0.0,0.0
2023,11,6,16,60,0.0,0.0,0.0,0.0,0.0,5,26.2,21.6,76,998.6,28,2.1,-9900,-9900,0.0,0.0
2023,11,6,17,60,0.0,0.0,0.0,0.0,0.0,5,25.0,22.5,86,999.0,20,2.1,-9900,-9900,0.0,0.0
2023,11,6,18,60,0.0,0.0,0.0,0.0,0.0,5,24.8,21.9,84,999.5,74,1.9,-9900,-9900,0.0,0.0
2023,11,6,19,60,0.0,0.0,0.0,0.0,0.0,5,24.2,21.1,83,1000.5,79,4.7,-9900,-9900,0.0,0.0
2023,11,6,20,60,0.0,0.0,0.0,0.0,0.0,5,23.6,20.7,84,1001.4,80,3.3,-9900,-9900,0.0,0.0
2023,11,6,21,60,0.0,0.0,0.0,0.0,0.0,5,23.3,20.1,82,1002.1,74,3.1,-9900,-9900,0.0,0.0
2023,11,6,22,60,0.0,0.0,0.0,0.0,0.0,5,22.7,18.9,79,1002.2,85,3.5,-9900,-9900,0.0,0.0
2023,11,6,23,60,0.0,0.0,0.0,0.0,0.0,5,22.2,18.6,80,1002.4,87,3.8,-9900,-9900,0.0,0.0
2023,11,6,24,60,0.0,0.0,0.0,0.0,0.0,5,21.4,18.2,82,1002.2,90,4.7,-9900,-9900,0.0,0.0
2023,11,7,1,60,0.0,0.0,0.0,0.0,0.0,5,21.2,17.4,79,1002.0,92,5.4,-9900,-9900,0.0,0.0
2023,11,7,2,60,0.0,0.0,0.0,0.0,0.0,5,21.2,17.0,77,1001.6,90,5.0,-9900,-9900,0.0,0.0
2023,11,7,3,60,0.0,0.0,0.0,0.0,0.0,5,21.3,16.0,72,1001.4,89,5.5,-9900,-9900,0.0,0.0
2023,11,7,4,60,0.0,0.0,0.0,0.0,0.0,5,21.4,16.1,72,1001.6,78,3.5,-9900,-9900,0.0,0.0
2023,11,7,5,60,0.0,0.0,0.0,0.0,0.0,5,21.4,16.1,72,1002.1,77,3.8,-9900,-9900,0.0,0.0
2023,11,7,6,60,0.0,0.0,0.0,0.0,0.0,5,21.1,15.4,70,1002.5,92,6.5,-9900,-9900,0.0,0.0
2023,11,7,7,60,0.0,0.0,0.0,0.0,0.0,5,21.0,13.7,63,1003.3,84,4.3,-9900,-9900,0.0,0.0
2023,11,7,8,60,0.0,0.0,0.0,0.0,0.0,5,21.5,13.2,59,1003.8,91,4.6,-9900,-9900,0.0,0.0
2023,11,7,9,60,0.0,0.0,0.0,0.0,0.0,5,22.1,12.6,55,1004.0,78,4.6,-9900,-9900,0.0,0.0
2023,11,7,10,60,0.0,0.0,0.0,0.0,0.0,5,22.8,12.7,53,1003.7,80,4.9,-9900,-9900,0.0,0.0
2023,11,7,11,60,0.0,0.0,0.0,0.0,0.0,5,23.1,12.4,51,1002.8,88,5.0,-9900,-9900,0.0,0.0
2023,11,7,12,60,0.0,0.0,0.0,0.0,0.0,5,23.3,13.5,54,1002.1,79,4.0,-9900,-9900,0.0,0.0
2023,11,7,13,60,0.0,0.0,0.0,0.0,0.0,5,23.4,13.6,54,1001.3,66,3.7,-9900,-9900,0.0,0.0
2023,11,7,14,60,0.0,0.0,0.0,0.0,0.0,5,23.4,13.8,55,1000.9,83,3.9,-9900,-9900,0.0,0.0
2023,11,7,15,60,0.0,0.0,0.0,0.0,0.0,5,23.0,14.3,58,1000.9,72,3.3,-9900,-9900,0.0,0.0
2023,11,7,16,60,0.0,0.0,0.0,0.0,0.0,5,22.4,14.8,62,1001.3,77,3.1,-9900,-9900,0.0,0.0
2023,11,7,17,60,0.0,0.0,0.0,0.0,0.0,5,21.9,15.5,67,1001.3,84,3.9,-9900,-9900,0.0,0.0
2023,11,7,18,60,0.0,0.0,0.0,0.0,0.0,5,21.7,15.5,68,1001.4,80,5.1,-9900,-9900,0.0,0.0
2023,11,7,19,60,0.0,0.0,0.0,0.0,0.0,5,21.7,15.5,68,1001.6,84,5.0,-9900,-9900,0.0,0.0
2023,11,7,20,60,0.0,0.0,0.0,0.0,0.0,5,21.7,15.5,68,1001.4,84,5.0,-9900,-9900,0.0,0.0
2023,11,7,21,60,0.0,0.0,0.0,0.0,0.0,5,21.6,15.7,69,1001.1,80,4.2,-9900,-9900,0.0,0.0
2023,11,7,22,60,0.0,0.0,0.0,0.0,0.0,5,21.6,15.7,69,1000.3,92,4.5,-9900,-9900,0.0,0.0
2023,11,7,23,60,0.0,0.0,0.0,0.0,0.0,5,21.7,15.5,68,1000.1,81,4.7,-9900,-9900,0.0,0.0
2023,11,7,24,60,0.0,0.0,0.0,0.0,0.0,5,21.7,15.8,69,999.8,88,5.0,-9900,-9900,0.0,0.0
2023,11,8,1,60,0.0,0.0,0.0,0.0,0.0,5,21.7,16.0,70,999.2,88,3.5,-9900,-9900,0.0,0.0
2023,11,8,2,60,0.0,0.0,0.0,0.0,0.0,5,21.8,16.3,71,998.3,96,4.4,-9900,-9900,0.0,0.0
2023,11,8,3,60,0.0,0.0,0.0,0.0,0.0,5,21.7,16.4,72,998.3,95,4.0,-9900,-9900,0.0,0.0
2023,11,8,4,60,0.0,0.0,0.0,0.0,0.0,5,21.8,16.5,72,998.3,97,3.5,-9900,-9900,0.0,0.0
2023,11,8,5,60,0.0,0.0,0.0,0.0,0.0,5,21.7,16.6,73,998.5,114,2.4,-9900,-9900,0.0,0.0
2023,11,8,6,60,0.0,0.0,0.0,0.0,0.0,5,21.6,17.0,75,999.0,97,1.4,-9900,-9900,0.0,0.0
2023,11,8,7,60,0.0,0.0,0.0,0.0,0.0,5,21.7,17.1,75,999.5,130,1.4,-9900,-9900,0.0,0.0
2023,11,8,8,60,0.0,0.0,0.0,0.0,0.0,5,23.1,17.3,70,1000.4,88,2.5,-9900,-9900,0.0,0.0
2023,11,8,9,60,0.0,0.0,0.0,0.0,0.0,5,24.3,17.5,66,1000.6,89,2.0,-9900,-9900,0.0,0.0
2023,11,8,10,60,0.0,0.0,0.0,0.0,0.0,5,26.0,17.6,60,1000.5,87,2.2,-9900,-9900,0.0,0.0
2023,11,8,11,60,0.0,0.0,0.0,0.0,0.0,5,26.9,17.9,58,1000.0,77,1.8,-9900,-9900,0.0,0.0
2023,11,8,12,60,0.0,0.0,0.0,0.0,0.0,5,27.8,18.2,56,999.3,33,0.4,-9900,-9900,0.0,0.0
2023,11,8,13,60,0.0,0.0,0.0,0.0,0.0,5,27.8,18.2,56,999.3,33,0.4,-9900,-9900,0.0,0.0
2023,11,8,14,60,0.0,0.0,0.0,0.0,0.0,5,27.8,18.2,56,999.3,33,0.4,-9900,-9900,0.0,0.0
2023,11,8,15,60,0.0,0.0,0.0,0.0,0.0,5,28.1,18.5,56,997.8,100,1.7,-9900,-9900,0.0,0.0
2023,11,8,16,60,0.0,0.0,0.0,0.0,0.0,5,27.8,18.5,57,998.0,94,2.1,-9900,-9900,0.0,0.0
2023,11,8,17,60,0.0,0.0,0.0,0.0,0.0,5,26.9,18.5,60,998.3,96,1.6,-9900,-9900,0.0,0.0
2023,11,8,18,60,0.0,0.0,0.0,0.0,0.0,5,25.9,18.6,64,998.7,93,2.0,-9900,-9900,0.0,0.0
2023,11,8,19,60,0.0,0.0,0.0,0.0,0.0,5,25.2,18.4,66,999.6,91,1.8,-9900,-9900,0.0,0.0
2023,11,8,20,60,0.0,0.0,0.0,0.0,0.0,5,24.5,18.7,70,1000.1,97,1.8,-9900,-9900,0.0,0.0
2023,11,8,21,60,0.0,0.0,0.0,0.0,0.0,5,24.1,18.7,72,1000.3,95,1.1,-9900,-9900,0.0,0.0
2023,11,8,22,60,0.0,0.0,0.0,0.0,0.0,5,23.8,18.4,72,1000.5,97,1.7,-9900,-9900,0.0,0.0
2023,11,8,23,60,0.0,0.0,0.0,0.0,0.0,5,23.7,18.6,73,1000.2,111,1.7,-9900,-9900,0.0,0.0
2023,11,8,24,60,0.0,0.0,0.0,0.0,0.0,5,23.6,18.5,73,999.9,112,1.6,-9900,-9900,0.0,0.0
2023,11,9,1,60,0.0,0.0,0.0,0.0,0.0,5,23.0,19.0,78,999.4,136,1.3,-9900,-9900,0.0,0.0
2023,11,9,2,60,0.0,0.0,0.0,0.0,0.0,5,22.9,19.1,79,998.9,136,0.9,-9900,-9900,0.0,0.0
2023,11,9,3,60,0.0,0.0,0.0,0.0,0.0,5,22.7,19.3,81,998.6,128,1.4,-9900,-9900,0.0,0.0
2023,11,9,4,60,0.0,0.0,0.0,0.0,0.0,5,22.9,19.3,80,998.9,0,0.2,-9900,-9900,0.0,0.0
2023,11,9,5,60,0.0,0.0,0.0,0.0,0.0,5,22.9,19.1,79,998.8,141,0.5,-9900,-9900,0.0,0.0
2023,11,9,6,60,0.0,0.0,0.0,0.0,0.0,5,22.8,19.2,80,999.1,88,0.6,-9900,-9900,0.0,0.0
2023,11,9,7,60,0.0,0.0,0.0,0.0,0.0,5,22.7,19.3,81,999.3,111,0.6,-9900,-9900,0.0,0.0
2023,11,9,8,60,0.0,0.0,0.0,0.0,0.0,5,24.4,19.0,72,999.5,144,0.6,-9900,-9900,0.0,0.0
2023,11,9,9,60,0.0,0.0,0.0,0.0,0.0,5,26.6,19.0,63,999.7,98,0.5,-9900,-9900,0.0,0.0
2023,11,9,10,60,0.0,0.0,0.0,0.0,0.0,5,27.9,19.1,59,999.6,131,0.4,-9900,-9900,0.0,0.0
2023,11,9,11,60,0.0,0.0,0.0,0.0,0.0,5,27.9,18.9,58,999.0,83,1.2,-9900,-9900,0.0,0.0
2023,11,9,12,60,0.0,0.0,0.0,0.0,0.0,5,29.4,19.7,56,998.3,323,0.8,-9900,-9900,0.0,0.0
2023,11,9,13,60,0.0,0.0,0.0,0.0,0.0,5,29.2,20.9,61,997.4,274,1.1,-9900,-9900,0.0,0.0
2023,11,9,14,60,0.0,0.0,0.0,0.0,0.0,5,28.5,21.3,65,996.8,298,2.1,-9900,-9900,0.0,0.0
2023,11,9,15,60,0.0,0.0,0.0,0.0,0.0,5,28.5,22.0,68,996.8,277,1.4,-9900,-9900,0.0,0.0
2023,11,9,16,60,0.0,0.0,0.0,0.0,0.0,5,27.7,21.0,67,997.2,297,1.8,-9900,-9900,0.0,0.0
2023,11,9,17,60,0.0,0.0,0.0,0.0,0.0,5,26.3,21.1,73,998.0,265,1.9,-9900,-9900,0.0,0.0
2023,11,9,18,60,0.0,0.0,0.0,0.0,0.0,5,25.9,20.5,72,998.6,270,1.5,-9900,-9900,0.0,0.0
2023,11,9,19,60,0.0,0.0,0.0,0.0,0.0,5,25.5,20.3,73,999.2,264,2.2,-9900,-9900,0.0,0.0
2023,11,9,20,60,0.0,0.0,0.0,0.0,0.0,5,25.3,20.8,76,999.9,268,1.0,-9900,-9900,0.0,0.0
2023,11,9,21,60,0.0,0.0,0.0,0.0,0.0,5,25.0,21.3,80,1000.0,198,0.9,-9900,-9900,0.0,0.0
2023,11,9,22,60,0.0,0.0,0.0,0.0,0.0,5,24.5,21.4,83,1000.1,0,0.0,-9900,-9900,0.0,0.0
2023,11,9,23,60,0.0,0.0,0.0,0.0,0.0,5,24.5,21.4,83,1000.2,183,0.5,-9900,-9900,0.0,0.0
2023,11,9,24,60,0.0,0.0,0.0,0.0,0.0,5,24.4,21.5,84,1000.0,0,0.0,-9900,-9900,0.0,0.0
2023,11,10,1,60,0.0,0.0,0.0,0.0,0.0,5,23.9,21.6,87,1000.0,0,0.0,-9900,-9900,0.0,0.0
2023,11,10,2,60,0.0,0.0,0.0,0.0,0.0,5,24.1,21.6,86,999.6,126,0.9,-9900,-9900,0.0,0.0
2023,11,10,3,60,0.0,0.0,0.0,0.0,0.0,5,23.9,21.6,87,999.6,0,0.0,-9900,-9900,0.0,0.0
2023,11,10,4,60,0.0,0.0,0.0,0.0,0.0,5,23.7,22.0,90,999.5,259,1.1,-9900,-9900,0.0,0.0
2023,11,10,5,60,0.0,0.0,0.0,0.0,0.0,5,23.8,21.9,89,999.9,290,0.4,-9900,-9900,0.0,0.0
2023,11,10,6,60,0.0,0.0,0.0,0.0,0.0,5,23.7,22.0,90,1000.5,297,0.4,-9900,-9900,0.0,0.0
2023,11,10,7,60,0.0,0.0,0.0,0.0,0.0,5,24.0,21.7,87,1001.0,126,0.4,-9900,-9900,0.0,0.0
2023,11,10,8,60,0.0,0.0,0.0,0.0,0.0,5,25.7,21.4,77,1001.6,133,0.7,-9900,-9900,0.0,0.0
2023,11,10,9,60,0.0,0.0,0.0,0.0,0.0,5,27.5,20.6,66,1001.9,88,0.5,-9900,-9900,0.0,0.0
2023,11,10,10,60,0.0,0.0,0.0,0.0,0.0,5,26.9,22.5,77,1002.0,332,1.5,-9900,-9900,0.0,0.0
2023,11,10,11,60,0.0,0.0,0.0,0.0,0.0,5,27.2,22.4,75,1001.5,320,2.3,-9900,-9900,0.0,0.0
2023,11,10,12,60,0.0,0.0,0.0,0.0,0.0,5,28.2,22.0,69,1000.7,1,1.3,-9900,-9900,0.0,0.0
2023,11,10,13,60,0.0,0.0,0.0,0.0,0.0,5,26.6,22.2,77,1000.1,16,2.4,-9900,-9900,0.0,0.0
2023,11,10,14,60,0.0,0.0,0.0,0.0,0.0,5,25.9,22.0,79,999.7,27,3.3,-9900,-9900,0.0,0.0
2023,11,10,15,60,0.0,0.0,0.0,0.0,0.0,5,24.4,21.1,82,999.9,31,3.5,-9900,-9900,0.0,0.0
2023,11,10,16,60,0.0,0.0,0.0,0.0,0.0,5,23.7,20.8,84,1000.3,37,2.9,-9900,-9900,0.0,0.0
2023,11,10,17,60,0.0,0.0,0.0,0.0,0.0,5,23.1,20.2,84,1000.9,41,2.1,-9900,-9900,0.0,0.0
2023,11,10,18,60,0.0,0.0,0.0,0.0,0.0,5,23.1,20.1,83,1001.5,75,2.5,-9900,-9900,0.0,0.0
2023,11,10,19,60,0.0,0.0,0.0,0.0,0.0,5,22.9,19.9,83,1002.3,74,2.5,-9900,-9900,0.0,0.0
2023,11,10,20,60,0.0,0.0,0.0,0.0,0.0,5,22.6,19.9,85,1002.8,85,2.0,-9900,-9900,0.0,0.0
2023,11,10,21,60,0.0,0.0,0.0,0.0,0.0,5,22.4,20.3,88,1003.1,62,1.4,-9900,-9900,0.0,0.0
2023,11,10,22,60,0.0,0.0,0.0,0.0,0.0,5,21.3,20.5,95,1003.2,61,1.4,-9900,-9900,0.0,0.0
2023,11,10,23,60,0.0,0.0,0.0,0.0,0.0,5,20.9,19.7,93,1003.4,57,2.4,-9900,-9900,0.0,0.0
2023,11,10,24,60,0.0,0.0,0.0,0.0,0.0,5,21.0,19.3,90,1003.3,56,3.1,-9900,-9900,0.0,0.0
2023,11,11,1,60,0.0,0.0,0.0,0.0,0.0,5,20.8,19.3,91,1003.2,62,2.0,-9900,-9900,0.0,0.0
2023,11,11,2,60,0.0,0.0,0.0,0.0,0.0,5,20.7,19.2,91,1002.8,60,2.0,-9900,-9900,0.0,0.0
2023,11,11,3,60,0.0,0.0,0.0,0.0,0.0,5,20.5,19.2,92,1002.6,52,1.6,-9900,-9900,0.0,0.0
2023,11,11,4,60,0.0,0.0,0.0,0.0,0.0,5,20.2,19.4,95,1002.6,63,1.7,-9900,-9900,0.0,0.0
2023,11,11,5,60,0.0,0.0,0.0,0.0,0.0,5,20.4,19.2,93,1002.7,72,1.9,-9900,-9900,0.0,0.0
2023,11,11,6,60,0.0,0.0,0.0,0.0,0.0,5,20.7,19.5,93,1003.0,75,1.8,-9900,-9900,0.0,0.0
2023,11,11,7,60,0.0,0.0,0.0,0.0,0.0,5,20.9,19.4,91,1003.6,75,1.6,-9900,-9900,0.0,0.0
2023,11,11,8,60,0.0,0.0,0.0,0.0,0.0,5,21.3,19.4,89,1003.8,73,3.1,-9900,-9900,0.0,0.0
2023,11,11,9,60,0.0,0.0,0.0,0.0,0.0,5,22.0,19.5,86,1004.1,84,3.3,-9900,-9900,0.0,0.0
2023,11,11,10,60,0.0,0.0,0.0,0.0,0.0,5,22.7,19.3,81,1003.6,76,4.7,-9900,-9900,0.0,0.0
2023,11,11,11,60,0.0,0.0,0.0,0.0,0.0,5,23.6,19.3,77,1002.8,78,3.7,-9900,-9900,0.0,0.0
2023,11,11,12,60,0.0,0.0,0.0,0.0,0.0,5,24.8,19.4,72,1002.2,84,3.1,-9900,-9900,0.0,0.0
2023,11,11,13,60,0.0,0.0,0.0,0.0,0.0,5,23.4,19.1,77,1001.3,93,5.1,-9900,-9900,0.0,0.0
2023,11,11,14,60,0.0,0.0,0.0,0.0,0.0,5,23.4,18.9,76,1001.0,80,4.3,-9900,-9900,0.0,0.0
2023,11,11,15,60,0.0,0.0,0.0,0.0,0.0,5,23.1,19.1,78,1000.8,75,4.4,-9900,-9900,0.0,0.0
2023,11,11,16,60,0.0,0.0,0.0,0.0,0.0,5,22.7,19.1,80,1001.2,77,3.4,-9900,-9900,0.0,0.0
2023,11,11,17,60,0.0,0.0,0.0,0.0,0.0,5,22.0,19.4,85,1001.9,76,4.0,-9900,-9900,0.0,0.0
2023,11,11,18,60,0.0,0.0,0.0,0.0,0.0,5,21.8,19.4,86,1002.1,87,4.4,-9900,-9900,0.0,0.0
2023,11,11,19,60,0.0,0.0,0.0,0.0,0.0,5,21.7,19.1,85,1003.5,73,3.2,-9900,-9900,0.0,0.0
2023,11,11,20,60,0.0,0.0,0.0,0.0,0.0,5,21.7,19.1,85,1004.0,62,3.3,-9900,-9900,0.0,0.0
2023,11,11,21,60,0.0,0.0,0.0,0.0,0.0,5,21.2,19.1,88,1004.3,63,2.3,-9900,-9900,0.0,0.0
2023,11,11,22,60,0.0,0.0,0.0,0.0,0.0,5,20.7,19.0,90,1004.5,62,1.7,-9900,-9900,0.0,0.0
2023,11,11,23,60,0.0,0.0,0.0,0.0,0.0,5,20.2,19.7,97,1004.5,55,2.2,-9900,-9900,0.0,0.0
2023,11,11,24,60,0.0,0.0,0.0,0.0,0.0,5,20.3,19.6,96,1004.0,55,2.1,-9900,-9900,0.0,0.0
2023,11,12,1,60,0.0,0.0,0.0,0.0,0.0,5,20.8,19.5,92,1003.3,71,2.5,-9900,-9900,0.0,0.0
2023,11,12,2,60,0.0,0.0,0.0,0.0,0.0,5,20.3,19.5,95,1003.2,48,1.8,-9900,-9900,0.0,0.0
2023,11,12,3,60,0.0,0.0,0.0,0.0,0.0,5,20.5,19.8,96,1002.8,57,2.2,-9900,-9900,0.0,0.0
2023,11,12,4,60,0.0,0.0,0.0,0.0,0.0,5,20.5,19.5,94,1002.8,61,1.7,-9900,-9900,0.0,0.0
2023,11,12,5,60,0.0,0.0,0.0,0.0,0.0,5,20.4,19.6,95,1003.0,56,1.9,-9900,-9900,0.0,0.0
2023,11,12,6,60,0.0,0.0,0.0,0.0,0.0,5,20.1,19.9,99,1003.7,61,1.9,-9900,-9900,0.0,0.0
2023,11,12,7,60,0.0,0.0,0.0,0.0,0.0,5,19.8,19.6,99,1004.7,47,2.3,-9900,-9900,0.0,0.0
2023,11,12,8,60,0.0,0.0,0.0,0.0,0.0,5,19.9,19.4,97,1005.3,43,3.4,-9900,-9900,0.0,0.0
2023,11,12,9,60,0.0,0.0,0.0,0.0,0.0,5,19.7,18.9,95,1006.0,44,3.6,-9900,-9900,0.0,0.0
2023,11,12,10,60,0.0,0.0,0.0,0.0,0.0,5,19.8,18.6,93,1006.0,58,2.5,-9900,-9900,0.0,0.0
2023,11,12,11,60,0.0,0.0,0.0,0.0,0.0,5,19.4,18.1,92,1005.7,42,3.7,-9900,-9900,0.0,0.0
2023,11,12,12,60,0.0,0.0,0.0,0.0,0.0,5,19.9,18.0,89,1005.3,42,4.1,-9900,-9900,0.0,0.0
2023,11,12,13,60,0.0,0.0,0.0,0.0,0.0,5,20.4,17.2,82,1004.6,53,2.6,-9900,-9900,0.0,0.0
2023,11,12,14,60,0.0,0.0,0.0,0.0,0.0,5,20.6,16.6,78,1004.2,65,3.8,-9900,-9900,0.0,0.0
2023,11,12,15,60,0.0,0.0,0.0,0.0,0.0,5,20.7,17.1,80,1004.0,83,2.4,-9900,-9900,0.0,0.0
2023,11,12,16,60,0.0,0.0,0.0,0.0,0.0,5,19.7,18.0,90,1004.2,86,2.1,-9900,-9900,0.0,0.0
2023,11,12,17,60,0.0,0.0,0.0,0.0,0.0,5,19.9,17.9,88,1004.5,89,3.1,-9900,-9900,0.0,0.0
2023,11,12,18,60,0.0,0.0,0.0,0.0,0.0,5,19.8,17.2,85,1005.2,76,2.7,-9900,-9900,0.0,0.0
2023,11,12,19,60,0.0,0.0,0.0,0.0,0.0,5,18.9,18.2,96,1006.5,69,2.1,-9900,-9900,0.0,0.0
2023,11,12,20,60,0.0,0.0,0.0,0.0,0.0,5,18.8,18.0,95,1007.4,75,2.4,-9900,-9900,0.0,0.0
2023,11,12,21,60,0.0,0.0,0.0,0.0,0.0,5,18.3,18.0,98,1007.9,56,2.6,-9900,-9900,0.0,0.0
2023,11,12,22,60,0.0,0.0,0.0,0.0,0.0,5,18.2,17.2,94,1008.2,71,2.6,-9900,-9900,0.0,0.0
2023,11,12,23,60,0.0,0.0,0.0,0.0,0.0,5,17.7,17.1,96,1008.5,60,2.9,-9900,-9900,0.0,0.0
2023,11,12,24,60,0.0,0.0,0.0,0.0,0.0,5,17.5,16.7,95,1008.4,56,3.9,-9900,-9900,0.0,0.0
2023,11,13,1,60,0.0,0.0,0.0,0.0,0.0,5,17.2,16.6,96,1008.0,65,2.4,-9900,-9900,0.0,0.0
2023,11,13,2,60,0.0,0.0,0.0,0.0,0.0,5,17.1,16.0,93,1008.0,58,3.6,-9900,-9900,0.0,0.0
2023,11,13,3,60,0.0,0.0,0.0,0.0,0.0,5,16.9,15.6,92,1007.5,59,3.3,-9900,-9900,0.0,0.0
2023,11,13,4,60,0.0,0.0,0.0,0.0,0.0,5,16.9,15.1,89,1007.7,64,2.9,-9900,-9900,0.0,0.0
2023,11,13,5,60,0.0,0.0,0.0,0.0,0.0,5,16.3,14.8,91,1008.0,54,2.9,-9900,-9900,0.0,0.0
2023,11,13,6,60,0.0,0.0,0.0,0.0,0.0,5,16.3,14.7,90,1008.5,51,2.9,-9900,-9900,0.0,0.0
2023,11,13,7,60,0.0,0.0,0.0,0.0,0.0,5,16.2,14.7,91,1009.1,58,3.3,-9900,-9900,0.0,0.0
2023,11,13,8,60,0.0,0.0,0.0,0.0,0.0,5,16.0,14.5,91,1009.6,55,3.0,-9900,-9900,0.0,0.0
2023,11,13,9,60,0.0,0.0,0.0,0.0,0.0,5,15.7,14.2,91,1010.1,53,3.2,-9900,-9900,0.0,0.0
2023,11,13,10,60,0.0,0.0,0.0,0.0,0.0,5,16.0,13.7,86,1010.0,50,3.3,-9900,-9900,0.0,0.0
2023,11,13,11,60,0.0,0.0,0.0,0.0,0.0,5,15.5,13.3,87,1009.4,64,2.9,-9900,-9900,0.0,0.0
2023,11,13,12,60,0.0,0.0,0.0,0.0,0.0,5,16.3,12.8,80,1008.8,68,2.1,-9900,-9900,0.0,0.0
2023,11,13,13,60,0.0,0.0,0.0,0.0,0.0,5,16.2,12.9,81,1007.8,67,2.5,-9900,-9900,0.0,0.0
2023,11,13,14,60,0.0,0.0,0.0,0.0,0.0,5,16.7,13.2,80,1006.9,72,3.4,-9900,-9900,0.0,0.0
2023,11,13,15,60,0.0,0.0,0.0,0.0,0.0,5,16.8,13.1,79,1006.7,75,3.4,-9900,-9900,0.0,0.0
2023,11,13,16,60,0.0,0.0,0.0,0.0,0.0,5,17.3,12.4,73,1006.9,86,4.0,-9900,-9900,0.0,0.0
2023,11,13,17,60,0.0,0.0,0.0,0.0,0.0,5,17.1,12.2,73,1007.4,80,3.6,-9900,-9900,0.0,0.0
2023,11,13,18,60,0.0,0.0,0.0,0.0,0.0,5,17.0,12.1,73,1007.9,79,3.1,-9900,-9900,0.0,0.0
2023,11,13,19,60,0.0,0.0,0.0,0.0,0.0,5,17.1,12.2,73,1008.1,86,4.2,-9900,-9900,0.0,0.0
2023,11,13,20,60,0.0,0.0,0.0,0.0,0.0,5,16.9,12.8,77,1008.2,81,3.2,-9900,-9900,0.0,0.0
2023,11,13,21,60,0.0,0.0,0.0,0.0,0.0,5,17.0,12.7,76,1008.5,83,4.5,-9900,-9900,0.0,0.0
2023,11,13,22,60,0.0,0.0,0.0,0.0,0.0,5,17.1,12.4,74,1008.3,80,4.2,-9900,-9900,0.0,0.0
2023,11,13,23,60,0.0,0.0,0.0,0.0,0.0,5,17.1,13.8,81,1007.8,82,3.8,-9900,-9900,0.0,0.0
2023,11,13,24,60,0.0,0.0,0.0,0.0,0.0,5,17.2,13.7,80,1007.0,79,3.5,-9900,-9900,0.0,0.0
2023,11,14,1,60,0.0,0.0,0.0,0.0,0.0,5,17.6,12.9,74,1006.2,85,3.0,-9900,-9900,0.0,0.0
2023,11,14,2,60,0.0,0.0,0.0,0.0,0.0,5,18.1,12.5,70,1005.8,83,3.8,-9900,-9900,0.0,0.0
2023,11,14,3,60,0.0,0.0,0.0,0.0,0.0,5,18.0,12.7,71,1005.2,76,2.6,-9900,-9900,0.0,0.0
2023,11,14,4,60,0.0,0.0,0.0,0.0,0.0,5,18.1,13.4,74,1004.9,78,2.9,-9900,-9900,0.0,0.0
2023,11,14,5,60,0.0,0.0,0.0,0.0,0.0,5,18.1,14.0,77,1005.3,68,2.6,-9900,-9900,0.0,0.0
2023,11,14,6,60,0.0,0.0,0.0,0.0,0.0,5,18.3,14.2,77,1006.0,68,2.4,-9900,-9900,0.0,0.0
2023,11,14,7,60,0.0,0.0,0.0,0.0,0.0,5,18.1,14.4,79,1006.6,65,2.9,-9900,-9900,0.0,0.0
2023,11,14,8,60,0.0,0.0,0.0,0.0,0.0,5,18.2,14.5,79,1007.2,66,2.6,-9900,-9900,0.0,0.0
2023,11,14,9,60,0.0,0.0,0.0,0.0,0.0,5,18.3,14.6,79,1007.3,67,3.0,-9900,-9900,0.0,0.0
2023,11,14,10,60,0.0,0.0,0.0,0.0,0.0,5,18.4,14.7,79,1007.5,68,2.4,-9900,-9900,0.0,0.0
2023,11,14,11,60,0.0,0.0,0.0,0.0,0.0,5,18.1,15.5,85,1007.0,66,2.0,-9900,-9900,0.0,0.0
2023,11,14,12,60,0.0,0.0,0.0,0.0,0.0,5,18.2,15.8,86,1005.8,79,3.1,-9900,-9900,0.0,0.0
2023,11,14,13,60,0.0,0.0,0.0,0.0,0.0,5,18.0,16.0,88,1004.8,79,3.0,-9900,-9900,0.0,0.0
2023,11,14,14,60,0.0,0.0,0.0,0.0,0.0,5,18.2,15.8,86,1004.3,75,3.1,-9900,-9900,0.0,0.0
2023,11,14,15,60,0.0,0.0,0.0,0.0,0.0,5,18.7,15.6,82,1004.3,77,2.5,-9900,-9900,0.0,0.0
2023,11,14,16,60,0.0,0.0,0.0,0.0,0.0,5,18.2,16.2,88,1004.8,69,2.5,-9900,-9900,0.0,0.0
2023,11,14,17,60,0.0,0.0,0.0,0.0,0.0,5,18.1,16.3,89,1005.2,63,3.0,-9900,-9900,0.0,0.0
2023,11,14,18,60,0.0,0.0,0.0,0.0,0.0,5,18.0,16.5,91,1005.5,68,2.5,-9900,-9900,0.0,0.0
2023,11,14,19,60,0.0,0.0,0.0,0.0,0.0,5,18.3,15.7,85,1005.6,82,3.8,-9900,-9900,0.0,0.0
2023,11,14,20,60,0.0,0.0,0.0,0.0,0.0,5,18.2,16.5,90,1006.1,70,2.7,-9900,-9900,0.0,0.0
2023,11,14,21,60,0.0,0.0,0.0,0.0,0.0,5,18.3,16.6,90,1006.1,65,2.9,-9900,-9900,0.0,0.0
2023,11,14,22,60,0.0,0.0,0.0,0.0,0.0,5,18.2,16.7,91,1006.1,71,3.3,-9900,-9900,0.0,0.0
2023,11,14,23,60,0.0,0.0,0.0,0.0,0.0,5,18.1,16.6,91,1006.1,71,3.5,-9900,-9900,0.0,0.0
2023,11,14,24,60,0.0,0.0,0.0,0.0,0.0,5,18.4,16.2,87,1005.8,80,2.5,-9900,-9900,0.0,0.0
2023,11,15,1,60,0.0,0.0,0.0,0.0,0.0,5,18.3,16.3,88,1006.0,71,2.8,-9900,-9900,0.0,0.0
2023,11,15,2,60,0.0,0.0,0.0,0.0,0.0,5,18.4,16.6,89,1005.4,71,2.7,-9900,-9900,0.0,0.0
2023,11,15,3,60,0.0,0.0,0.0,0.0,0.0,5,18.3,16.8,91,1005.1,73,3.7,-9900,-9900,0.0,0.0
2023,11,15,4,60,0.0,0.0,0.0,0.0,0.0,5,18.3,16.6,90,1005.6,75,3.8,-9900,-9900,0.0,0.0
2023,11,15,5,60,0.0,0.0,0.0,0.0,0.0,5,18.4,16.4,88,1005.8,74,2.9,-9900,-9900,0.0,0.0
2023,11,15,6,60,0.0,0.0,0.0,0.0,0.0,5,18.5,16.7,89,1006.4,75,3.5,-9900,-9900,0.0,0.0
2023,11,15,7,60,0.0,0.0,0.0,0.0,0.0,5,18.7,16.5,87,1006.9,75,3.8,-9900,-9900,0.0,0.0
2023,11,15,8,60,0.0,0.0,0.0,0.0,0.0,5,19.1,16.5,85,1007.4,83,4.5,-9900,-9900,0.0,0.0
2023,11,15,9,60,0.0,0.0,0.0,0.0,0.0,5,19.9,16.1,79,1007.6,75,4.8,-9900,-9900,0.0,0.0
2023,11,15,10,60,0.0,0.0,0.0,0.0,0.0,5,21.0,16.6,76,1007.0,79,3.7,-9900,-9900,0.0,0.0
2023,11,15,11,60,0.0,0.0,0.0,0.0,0.0,5,21.1,16.3,74,1005.8,77,5.3,-9900,-9900,0.0,0.0
2023,11,15,12,60,0.0,0.0,0.0,0.0,0.0,5,21.5,16.2,72,1004.6,81,5.7,-9900,-9900,0.0,0.0
2023,11,15,13,60,0.0,0.0,0.0,0.0,0.0,5,22.0,15.6,67,1003.2,86,5.4,-9900,-9900,0.0,0.0
2023,11,15,14,60,0.0,0.0,0.0,0.0,0.0,5,22.0,16.1,69,1002.8,87,5.6,-9900,-9900,0.0,0.0
2023,11,15,15,60,0.0,0.0,0.0,0.0,0.0,5,21.7,16.0,70,1002.5,82,4.5,-9900,-9900,0.0,0.0
2023,11,15,16,60,0.0,0.0,0.0,0.0,0.0,5,21.0,16.0,73,1002.4,90,5.9,-9900,-9900,0.0,0.0
2023,11,15,17,60,0.0,0.0,0.0,0.0,0.0,5,20.5,16.1,76,1003.0,89,5.5,-9900,-9900,0.0,0.0
2023,11,15,18,60,0.0,0.0,0.0,0.0,0.0,5,20.2,16.2,78,1003.3,87,5.2,-9900,-9900,0.0,0.0
2023,11,15,19,60,0.0,0.0,0.0,0.0,0.0,5,20.2,16.4,79,1003.5,90,5.8,-9900,-9900,0.0,0.0
2023,11,15,20,60,0.0,0.0,0.0,0.0,0.0,5,20.2,17.0,82,1004.1,95,3.5,-9900,-9900,0.0,0.0
2023,11,15,21,60,0.0,0.0,0.0,0.0,0.0,5,20.2,17.6,85,1004.2,95,3.9,-9900,-9900,0.0,0.0
2023,11,15,22,60,0.0,0.0,0.0,0.0,0.0,5,20.3,18.1,87,1004.3,92,4.2,-9900,-9900,0.0,0.0
2023,11,15,23,60,0.0,0.0,0.0,0.0,0.0,5,20.6,18.5,88,1004.2,95,3.2,-9900,-9900,0.0,0.0
2023,11,15,24,60,0.0,0.0,0.0,0.0,0.0,5,20.7,18.8,89,1003.6,105,1.7,-9900,-9900,0.0,0.0
2023,11,16,1,60,0.0,0.0,0.0,0.0,0.0,5,20.4,19.1,92,1003.8,92,1.2,-9900,-9900,0.0,0.0
2023,11,16,2,60,0.0,0.0,0.0,0.0,0.0,5,19.9,18.9,94,1003.5,121,0.4,-9900,-9900,0.0,0.0
2023,11,16,3,60,0.0,0.0,0.0,0.0,0.0,5,19.9,18.7,93,1003.0,150,1.3,-9900,-9900,0.0,0.0
2023,11,16,4,60,0.0,0.0,0.0,0.0,0.0,5,19.9,18.4,91,1002.9,150,1.4,-9900,-9900,0.0,0.0
2023,11,16,5,60,0.0,0.0,0.0,0.0,0.0,5,20.3,18.2,88,1003.6,0,0.0,-9900,-9900,0.0,0.0
2023,11,16,6,60,0.0,0.0,0.0,0.0,0.0,5,20.8,18.7,88,1004.4,248,0.3,-9900,-9900,0.0,0.0
2023,11,16,7,60,0.0,0.0,0.0,0.0,0.0,5,20.8,18.9,89,1005.1,199,0.3,-9900,-9900,0.0,0.0
2023,11,16,8,60,0.0,0.0,0.0,0.0,0.0,5,22.2,19.2,83,1005.4,259,1.6,-9900,-9900,0.0,0.0
2023,11,16,9,60,0.0,0.0,0.0,0.0,0.0,5,21.8,20.3,91,1005.9,263,1.9,-9900,-9900,0.0,0.0
2023,11,16,10,60,0.0,0.0,0.0,0.0,0.0,5,23.0,20.7,87,1006.1,276,1.6,-9900,-9900,0.0,0.0
2023,11,16,11,60,0.0,0.0,0.0,0.0,0.0,5,22.0,20.5,91,1005.7,317,2.7,-9900,-9900,0.0,0.0
2023,11,16,12,60,0.0,0.0,0.0,0.0,0.0,5,19.9,19.4,97,1005.3,359,2.3,-9900,-9900,0.0,0.0
2023,11,16,13,60,0.0,0.0,0.0,0.0,0.0,5,20.2,19.5,96,1004.8,356,1.0,-9900,-9900,0.0,0.0
2023,11,16,14,60,0.0,0.0,0.0,0.0,0.0,5,19.7,19.2,97,1004.6,1,2.1,-9900,-9900,0.0,0.0
2023,11,16,15,60,0.0,0.0,0.0,0.0,0.0,5,19.3,19.0,98,1004.6,7,2.0,-9900,-9900,0.0,0.0
2023,11,16,16,60,0.0,0.0,0.0,0.0,0.0,5,19.3,18.6,96,1004.8,3,1.9,-9900,-9900,0.0,0.0
2023,11,16,17,60,0.0,0.0,0.0,0.0,0.0,5,18.2,17.9,98,1005.2,31,2.4,-9900,-9900,0.0,0.0
2023,11,16,18,60,0.0,0.0,0.0,0.0,0.0,5,17.6,17.1,97,1006.4,30,2.9,-9900,-9900,0.0,0.0
2023,11,16,19,60,0.0,0.0,0.0,0.0,0.0,5,17.0,16.4,96,1007.6,53,1.6,-9900,-9900,0.0,0.0
2023,11,16,20,60,0.0,0.0,0.0,0.0,0.0,5,16.5,15.7,95,1008.0,71,1.6,-9900,-9900,0.0,0.0
2023,11,16,21,60,0.0,0.0,0.0,0.0,0.0,5,16.5,15.7,95,1008.3,69,1.1,-9900,-9900,0.0,0.0
2023,11,16,22,60,0.0,0.0,0.0,0.0,0.0,5,15.6,15.4,99,1008.5,35,2.3,-9900,-9900,0.0,0.0
2023,11,16,23,60,0.0,0.0,0.0,0.0,0.0,5,15.4,14.3,93,1008.8,64,0.6,-9900,-9900,0.0,0.0
2023,11,16,24,60,0.0,0.0,0.0,0.0,0.0,5,15.6,12.9,84,1009.0,54,2.3,-9900,-9900,0.0,0.0
2023,11,17,1,60,0.0,0.0,0.0,0.0,0.0,5,14.9,13.6,92,1008.6,128,1.0,-9900,-9900,0.0,0.0
2023,11,17,2,60,0.0,0.0,0.0,0.0,0.0,5,14.9,13.3,90,1007.9,0,0.2,-9900,-9900,0.0,0.0
2023,11,17,3,60,0.0,0.0,0.0,0.0,0.0,5,15.4,12.5,83,1007.7,96,1.8,-9900,-9900,0.0,0.0
2023,11,17,4,60,0.0,0.0,0.0,0.0,0.0,5,15.7,10.9,73,1007.9,53,0.9,-9900,-9900,0.0,0.0
2023,11,17,5,60,0.0,0.0,0.0,0.0,0.0,5,15.9,9.3,65,1007.8,66,1.0,-9900,-9900,0.0,0.0
2023,11,17,6,60,0.0,0.0,0.0,0.0,0.0,5,15.8,9.5,66,1008.3,46,1.3,-9900,-9900,0.0,0.0
2023,11,17,7,60,0.0,0.0,0.0,0.0,0.0,5,15.7,8.9,64,1008.8,64,1.1,-9900,-9900,0.0,0.0
2023,11,17,8,60,0.0,0.0,0.0,0.0,0.0,5,16.3,8.3,59,1008.9,55,2.2,-9900,-9900,0.0,0.0
2023,11,17,9,60,0.0,0.0,0.0,0.0,0.0,5,16.5,7.7,56,1009.1,30,3.0,-9900,-9900,0.0,0.0
2023,11,17,10,60,0.0,0.0,0.0,0.0,0.0,5,16.9,6.4,50,1009.0,38,3.1,-9900,-9900,0.0,0.0
2023,11,17,11,60,0.0,0.0,0.0,0.0,0.0,5,17.3,7.1,51,1008.3,42,3.1,-9900,-9900,0.0,0.0
2023,11,17,12,60,0.0,0.0,0.0,0.0,0.0,5,17.2,6.7,50,1007.4,34,4.2,-9900,-9900,0.0,0.0
2023,11,17,13,60,0.0,0.0,0.0,0.0,0.0,5,17.5,6.7,49,1006.3,20,2.1,-9900,-9900,0.0,0.0
2023,11,17,14,60,0.0,0.0,0.0,0.0,0.0,5,18.0,6.8,48,1005.8,26,1.9,-9900,-9900,0.0,0.0
2023,11,17,15,60,0.0,0.0,0.0,0.0,0.0,5,17.0,7.3,53,1005.9,24,2.3,-9900,-9900,0.0,0.0
2023,11,17,16,60,0.0,0.0,0.0,0.0,0.0,5,16.5,7.4,55,1006.1,32,2.9,-9900,-9900,0.0,0.0
2023,11,17,17,60,0.0,0.0,0.0,0.0,0.0,5,15.7,6.4,54,1006.4,58,2.3,-9900,-9900,0.0,0.0
2023,11,17,18,60,0.0,0.0,0.0,0.0,0.0,5,15.2,7.2,59,1006.7,61,1.7,-9900,-9900,0.0,0.0
2023,11,17,19,60,0.0,0.0,0.0,0.0,0.0,5,15.0,6.5,57,1007.1,86,1.7,-9900,-9900,0.0,0.0
2023,11,17,20,60,0.0,0.0,0.0,0.0,0.0,5,14.2,7.0,62,1007.5,90,1.9,-9900,-9900,0.0,0.0
2023,11,17,21,60,0.0,0.0,0.0,0.0,0.0,5,14.0,7.1,63,1007.5,92,2.2,-9900,-9900,0.0,0.0
2023,11,17,22,60,0.0,0.0,0.0,0.0,0.0,5,14.1,6.7,61,1007.3,99,2.7,-9900,-9900,0.0,0.0
2023,11,17,23,60,0.0,0.0,0.0,0.0,0.0,5,14.0,5.9,58,1007.4,91,2.6,-9900,-9900,0.0,0.0
2023,11,17,24,60,0.0,0.0,0.0,0.0,0.0,5,13.8,6.2,60,1007.2,87,2.6,-9900,-9900,0.0,0.0
2023,11,18,1,60,0.0,0.0,0.0,0.0,0.0,5,13.5,6.4,62,1007.2,93,3.4,-9900,-9900,0.0,0.0
2023,11,18,2,60,0.0,0.0,0.0,0.0,0.0,5,13.4,6.5,63,1006.9,90,2.9,-9900,-9900,0.0,0.0
2023,11,18,3,60,0.0,0.0,0.0,0.0,0.0,5,13.5,6.4,62,1007.0,90,2.6,-9900,-9900,0.0,0.0
2023,11,18,4,60,0.0,0.0,0.0,0.0,0.0,5,13.6,6.2,61,1006.9,89,2.9,-9900,-9900,0.0,0.0
2023,11,18,5,60,0.0,0.0,0.0,0.0,0.0,5,13.7,5.8,59,1007.3,92,3.4,-9900,-9900,0.0,0.0
2023,11,18,6,60,0.0,0.0,0.0,0.0,0.0,5,13.4,6.3,62,1008.0,92,2.5,-9900,-9900,0.0,0.0
2023,11,18,7,60,0.0,0.0,0.0,0.0,0.0,5,13.3,6.9,65,1008.6,96,2.4,-9900,-9900,0.0,0.0
2023,11,18,8,60,0.0,0.0,0.0,0.0,0.0,5,15.1,6.9,58,1009.1,96,2.2,-9900,-9900,0.0,0.0
2023,11,18,9,60,0.0,0.0,0.0,0.0,0.0,5,16.9,5.8,48,1008.8,87,2.4,-9900,-9900,0.0,0.0
2023,11,18,10,60,0.0,0.0,0.0,0.0,0.0,5,17.5,5.7,46,1008.6,76,2.8,-9900,-9900,0.0,0.0
2023,11,18,11,60,0.0,0.0,0.0,0.0,0.0,5,17.5,6.4,48,1007.9,68,2.1,-9900,-9900,0.0,0.0
2023,11,18,12,60,0.0,0.0,0.0,0.0,0.0,5,18.9,6.4,44,1006.8,73,3.2,-9900,-9900,0.0,0.0
2023,11,18,13,60,0.0,0.0,0.0,0.0,0.0,5,18.4,5.3,42,1005.7,76,3.3,-9900,-9900,0.0,0.0
2023,11,18,14,60,0.0,0.0,0.0,0.0,0.0,5,18.5,5.3,42,1005.1,76,3.1,-9900,-9900,0.0,0.0
2023,11,18,15,60,0.0,0.0,0.0,0.0,0.0,5,17.8,5.4,44,1004.9,82,2.9,-9900,-9900,0.0,0.0
2023,11,18,16,60,0.0,0.0,0.0,0.0,0.0,5,16.9,4.9,45,1004.9,81,3.2,-9900,-9900,0.0,0.0
2023,11,18,17,60,0.0,0.0,0.0,0.0,0.0,5,16.1,6.0,51,1005.4,70,2.9,-9900,-9900,0.0,0.0
2023,11,18,18,60,0.0,0.0,0.0,0.0,0.0,5,15.7,6.9,56,1005.7,74,4.1,-9900,-9900,0.0,0.0
2023,11,18,19,60,0.0,0.0,0.0,0.0,0.0,5,15.4,6.7,56,1006.3,73,3.3,-9900,-9900,0.0,0.0
2023,11,18,20,60,0.0,0.0,0.0,0.0,0.0,5,15.1,7.1,59,1006.6,76,3.5,-9900,-9900,0.0,0.0
2023,11,18,21,60,0.0,0.0,0.0,0.0,0.0,5,15.0,7.3,60,1006.8,71,1.9,-9900,-9900,0.0,0.0
2023,11,18,22,60,0.0,0.0,0.0,0.0,0.0,5,14.8,8.1,64,1006.7,69,2.5,-9900,-9900,0.0,0.0
2023,11,18,23,60,0.0,0.0,0.0,0.0,0.0,5,14.8,8.5,66,1006.5,73,2.4,-9900,-9900,0.0,0.0
2023,11,18,24,60,0.0,0.0,0.0,0.0,0.0,5,14.8,8.7,67,1006.4,64,2.9,-9900,-9900,0.0,0.0
2023,11,19,1,60,0.0,0.0,0.0,0.0,0.0,5,14.6,8.5,67,1005.5,72,2.5,-9900,-9900,0.0,0.0
2023,11,19,2,60,0.0,0.0,0.0,0.0,0.0,5,14.4,8.8,69,1005.2,60,1.4,-9900,-9900,0.0,0.0
2023,11,19,3,60,0.0,0.0,0.0,0.0,0.0,5,14.5,8.9,69,1005.1,57,1.5,-9900,-9900,0.0,0.0
2023,11,19,4,60,0.0,0.0,0.0,0.0,0.0,5,14.4,9.4,72,1004.8,88,1.5,-9900,-9900,0.0,0.0
2023,11,19,5,60,0.0,0.0,0.0,0.0,0.0,5,14.2,8.8,70,1004.5,58,1.0,-9900,-9900,0.0,0.0
2023,11,19,6,60,0.0,0.0,0.0,0.0,0.0,5,14.3,8.7,69,1004.8,54,1.7,-9900,-9900,0.0,0.0
2023,11,19,7,60,0.0,0.0,0.0,0.0,0.0,5,14.9,9.0,68,1005.3,55,2.0,-9900,-9900,0.0,0.0
2023,11,19,8,60,0.0,0.0,0.0,0.0,0.0,5,16.5,10.1,66,1005.6,77,2.0,-9900,-9900,0.0,0.0
2023,11,19,9,60,0.0,0.0,0.0,0.0,0.0,5,18.1,10.7,62,1005.4,73,2.2,-9900,-9900,0.0,0.0
2023,11,19,10,60,0.0,0.0,0.0,0.0,0.0,5,19.6,11.1,58,1004.9,81,2.9,-9900,-9900,0.0,0.0
2023,11,19,11,60,0.0,0.0,0.0,0.0,0.0,5,20.8,11.2,54,1004.4,81,2.1,-9900,-9900,0.0,0.0
2023,11,19,12,60,0.0,0.0,0.0,0.0,0.0,5,21.5,11.2,52,1003.3,97,2.3,-9900,-9900,0.0,0.0
2023,11,19,13,60,0.0,0.0,0.0,0.0,0.0,5,21.7,11.4,52,1002.1,80,1.9,-9900,-9900,0.0,0.0
2023,11,19,14,60,0.0,0.0,0.0,0.0,0.0,5,21.2,13.4,61,1001.7,1,2.2,-9900,-9900,0.0,0.0
2023,11,19,15,60,0.0,0.0,0.0,0.0,0.0,5,20.5,14.2,67,1001.4,23,2.8,-9900,-9900,0.0,0.0
2023,11,19,16,60,0.0,0.0,0.0,0.0,0.0,5,19.8,14.2,70,1001.8,49,1.8,-9900,-9900,0.0,0.0
2023,11,19,17,60,0.0,0.0,0.0,0.0,0.0,5,19.7,12.0,61,1002.1,74,2.1,-9900,-9900,0.0,0.0
2023,11,19,18,60,0.0,0.0,0.0,0.0,0.0,5,18.9,12.4,66,1002.4,77,2.1,-9900,-9900,0.0,0.0
2023,11,19,19,60,0.0,0.0,0.0,0.0,0.0,5,18.6,13.7,73,1002.9,87,2.9,-9900,-9900,0.0,0.0
2023,11,19,20,60,0.0,0.0,0.0,0.0,0.0,5,18.4,13.5,73,1003.2,84,2.0,-9900,-9900,0.0,0.0
2023,11,19,21,60,0.0,0.0,0.0,0.0,0.0,5,18.2,12.9,71,1003.3,75,2.3,-9900,-9900,0.0,0.0
2023,11,19,22,60,0.0,0.0,0.0,0.0,0.0,5,18.1,12.5,70,1003.1,80,2.8,-9900,-9900,0.0,0.0
2023,11,19,23,60,0.0,0.0,0.0,0.0,0.0,5,18.1,13.0,72,1002.9,75,2.8,-9900,-9900,0.0,0.0
2023,11,19,24,60,0.0,0.0,0.0,0.0,0.0,5,17.8,13.1,74,1002.3,74,2.7,-9900,-9900,0.0,0.0
2023,11,20,1,60,0.0,0.0,0.0,0.0,0.0,5,17.9,13.2,74,1002.0,66,2.6,-9900,-9900,0.0,0.0
2023,11,20,2,60,0.0,0.0,0.0,0.0,0.0,5,17.9,13.0,73,1001.5,80,2.7,-9900,-9900,0.0,0.0
2023,11,20,3,60,0.0,0.0,0.0,0.0,0.0,5,18.0,12.7,71,1001.0,73,3.1,-9900,-9900,0.0,0.0
2023,11,20,4,60,0.0,0.0,0.0,0.0,0.0,5,17.8,12.3,70,1001.3,64,2.4,-9900,-9900,0.0,0.0
2023,11,20,5,60,0.0,0.0,0.0,0.0,0.0,5,17.8,12.5,71,1001.6,71,2.6,-9900,-9900,0.0,0.0
2023,11,20,6,60,0.0,0.0,0.0,0.0,0.0,5,17.7,12.8,73,1002.1,71,2.7,-9900,-9900,0.0,0.0
2023,11,20,7,60,0.0,0.0,0.0,0.0,0.0,5,18.1,13.0,72,1002.8,72,3.5,-9900,-9900,0.0,0.0
2023,11,20,8,60,0.0,0.0,0.0,0.0,0.0,5,19.1,13.1,68,1003.1,78,3.9,-9900,-9900,0.0,0.0
2023,11,20,9,60,0.0,0.0,0.0,0.0,0.0,5,20.5,12.7,61,1002.8,79,3.3,-9900,-9900,0.0,0.0
2023,11,20,10,60,0.0,0.0,0.0,0.0,0.0,5,21.1,13.3,61,1002.5,97,4.9,-9900,-9900,0.0,0.0
2023,11,20,11,60,0.0,0.0,0.0,0.0,0.0,5,22.4,13.7,58,1001.9,83,3.2,-9900,-9900,0.0,0.0
2023,11,20,12,60,0.0,0.0,0.0,0.0,0.0,5,22.5,13.3,56,1001.4,77,3.4,-9900,-9900,0.0,0.0
2023,11,20,13,60,0.0,0.0,0.0,0.0,0.0,5,22.3,13.6,58,1001.0,79,3.6,-9900,-9900,0.0,0.0
2023,11,20,14,60,0.0,0.0,0.0,0.0,0.0,5,21.9,13.5,59,1000.5,77,3.7,-9900,-9900,0.0,0.0
2023,11,20,15,60,0.0,0.0,0.0,0.0,0.0,5,22.0,13.1,57,1000.6,78,4.0,-9900,-9900,0.0,0.0
2023,11,20,16,60,0.0,0.0,0.0,0.0,0.0,5,21.3,13.0,59,1001.1,90,4.6,-9900,-9900,0.0,0.0
2023,11,20,17,60,0.0,0.0,0.0,0.0,0.0,5,20.5,13.7,65,1001.9,79,3.6,-9900,-9900,0.0,0.0
2023,11,20,18,60,0.0,0.0,0.0,0.0,0.0,5,20.0,13.9,68,1002.1,82,2.7,-9900,-9900,0.0,0.0
2023,11,20,19,60,0.0,0.0,0.0,0.0,0.0,5,19.8,14.2,70,1002.3,82,3.8,-9900,-9900,0.0,0.0
2023,11,20,20,60,0.0,0.0,0.0,0.0,0.0,5,19.7,14.5,72,1002.5,80,3.4,-9900,-9900,0.0,0.0
2023,11,20,21,60,0.0,0.0,0.0,0.0,0.0,5,19.7,14.1,70,1002.5,84,4.2,-9900,-9900,0.0,0.0
2023,11,20,22,60,0.0,0.0,0.0,0.0,0.0,5,20.0,14.4,70,1002.4,86,4.8,-9900,-9900,0.0,0.0
2023,11,20,23,60,0.0,0.0,0.0,0.0,0.0,5,19.8,14.6,72,1001.8,91,4.6,-9900,-9900,0.0,0.0
2023,11,20,24,60,0.0,0.0,0.0,0.0,0.0,5,19.8,14.8,73,1001.5,89,4.0,-9900,-9900,0.0,0.0
2023,11,21,1,60,0.0,0.0,0.0,0.0,0.0,5,19.8,15.0,74,1001.1,93,3.9,-9900,-9900,0.0,0.0
2023,11,21,2,60,0.0,0.0,0.0,0.0,0.0,5,19.5,15.0,75,1000.7,90,2.9,-9900,-9900,0.0,0.0
2023,11,21,3,60,0.0,0.0,0.0,0.0,0.0,5,19.4,15.3,77,1000.7,93,2.7,-9900,-9900,0.0,0.0
2023,11,21,4,60,0.0,0.0,0.0,0.0,0.0,5,19.3,15.6,79,1000.7,95,2.2,-9900,-9900,0.0,0.0
2023,11,21,5,60,0.0,0.0,0.0,0.0,0.0,5,19.2,15.9,81,1001.1,108,1.6,-9900,-9900,0.0,0.0
2023,11,21,6,60,0.0,0.0,0.0,0.0,0.0,5,18.8,15.9,83,1001.6,111,1.0,-9900,-9900,0.0,0.0
2023,11,21,7,60,0.0,0.0,0.0,0.0,0.0,5,18.4,16.0,86,1002.3,0,0.2,-9900,-9900,0.0,0.0
2023,11,21,8,60,0.0,0.0,0.0,0.0,0.0,5,20.9,16.1,74,1002.4,0,0.0,-9900,-9900,0.0,0.0
2023,11,21,9,60,0.0,0.0,0.0,0.0,0.0,5,22.3,16.6,70,1002.3,88,1.0,-9900,-9900,0.0,0.0
2023,11,21,10,60,0.0,0.0,0.0,0.0,0.0,5,23.2,15.5,62,1001.9,87,2.9,-9900,-9900,0.0,0.0
2023,11,21,11,60,0.0,0.0,0.0,0.0,0.0,5,23.8,15.3,59,1000.8,89,2.7,-9900,-9900,0.0,0.0
2023,11,21,12,60,0.0,0.0,0.0,0.0,0.0,5,24.1,16.1,61,999.5,76,2.7,-9900,-9900,0.0,0.0
2023,11,21,13,60,0.0,0.0,0.0,0.0,0.0,5,24.9,16.1,58,998.5,67,2.6,-9900,-9900,0.0,0.0
2023,11,21,14,60,0.0,0.0,0.0,0.0,0.0,5,24.7,16.2,59,997.9,82,3.0,-9900,-9900,0.0,0.0
2023,11,21,15,60,0.0,0.0,0.0,0.0,0.0,5,24.8,16.0,58,997.6,76,2.7,-9900,-9900,0.0,0.0
2023,11,21,16,60,0.0,0.0,0.0,0.0,0.0,5,24.0,15.0,57,997.6,89,2.9,-9900,-9900,0.0,0.0
2023,11,21,17,60,0.0,0.0,0.0,0.0,0.0,5,23.0,15.6,63,997.9,92,3.5,-9900,-9900,0.0,0.0
2023,11,21,18,60,0.0,0.0,0.0,0.0,0.0,5,22.2,16.0,68,998.3,92,5.3,-9900,-9900,0.0,0.0
2023,11,21,19,60,0.0,0.0,0.0,0.0,0.0,5,21.8,16.1,70,998.5,90,3.9,-9900,-9900,0.0,0.0
2023,11,21,20,60,0.0,0.0,0.0,0.0,0.0,5,21.5,16.0,71,999.0,90,4.2,-9900,-9900,0.0,0.0
2023,11,21,21,60,0.0,0.0,0.0,0.0,0.0,5,21.3,16.0,72,999.4,88,2.5,-9900,-9900,0.0,0.0
2023,11,21,22,60,0.0,0.0,0.0,0.0,0.0,5,21.2,16.2,73,999.5,86,2.9,-9900,-9900,0.0,0.0
2023,11,21,23,60,0.0,0.0,0.0,0.0,0.0,5,21.0,16.0,73,999.4,89,2.9,-9900,-9900,0.0,0.0
2023,11,21,24,60,0.0,0.0,0.0,0.0,0.0,5,21.1,16.1,73,999.5,98,3.0,-9900,-9900,0.0,0.0
2023,11,22,1,60,0.0,0.0,0.0,0.0,0.0,5,20.9,15.9,73,999.3,99,2.7,-9900,-9900,0.0,0.0
2023,11,22,2,60,0.0,0.0,0.0,0.0,0.0,5,20.6,15.8,74,999.0,95,2.2,-9900,-9900,0.0,0.0
2023,11,22,3,60,0.0,0.0,0.0,0.0,0.0,5,20.1,15.9,77,998.8,115,1.7,-9900,-9900,0.0,0.0
2023,11,22,4,60,0.0,0.0,0.0,0.0,0.0,5,19.3,16.0,81,998.8,133,1.3,-9900,-9900,0.0,0.0
2023,11,22,5,60,0.0,0.0,0.0,0.0,0.0,5,19.0,15.9,82,999.0,144,1.2,-9900,-9900,0.0,0.0
2023,11,22,6,60,0.0,0.0,0.0,0.0,0.0,5,18.8,15.1,79,999.4,140,1.2,-9900,-9900,0.0,0.0
2023,11,22,7,60,0.0,0.0,0.0,0.0,0.0,5,19.3,14.1,72,999.8,130,1.4,-9900,-9900,0.0,0.0
2023,11,22,8,60,0.0,0.0,0.0,0.0,0.0,5,20.2,14.6,70,1000.0,131,1.6,-9900,-9900,0.0,0.0
2023,11,22,9,60,0.0,0.0,0.0,0.0,0.0,5,22.5,16.1,67,1000.3,121,0.9,-9900,-9900,0.0,0.0
2023,11,22,10,60,0.0,0.0,0.0,0.0,0.0,5,24.0,16.0,61,1000.2,65,0.6,-9900,-9900,0.0,0.0
2023,11,22,11,60,0.0,0.0,0.0,0.0,0.0,5,25.2,15.2,54,999.4,331,0.5,-9900,-9900,0.0,0.0
2023,11,22,12,60,0.0,0.0,0.0,0.0,0.0,5,26.2,15.3,51,998.4,87,0.7,-9900,-9900,0.0,0.0
2023,11,22,13,60,0.0,0.0,0.0,0.0,0.0,5,25.6,17.0,59,997.6,334,1.7,-9900,-9900,0.0,0.0
2023,11,22,14,60,0.0,0.0,0.0,0.0,0.0,5,24.7,16.4,60,997.2,8,1.8,-9900,-9900,0.0,0.0
2023,11,22,15,60,0.0,0.0,0.0,0.0,0.0,5,24.2,16.5,62,997.0,10,1.3,-9900,-9900,0.0,0.0
2023,11,22,16,60,0.0,0.0,0.0,0.0,0.0,5,24.0,16.8,64,997.3,25,1.3,-9900,-9900,0.0,0.0
2023,11,22,17,60,0.0,0.0,0.0,0.0,0.0,5,23.6,15.9,62,997.8,56,0.8,-9900,-9900,0.0,0.0
2023,11,22,18,60,0.0,0.0,0.0,0.0,0.0,5,22.6,15.9,66,998.4,86,1.6,-9900,-9900,0.0,0.0
2023,11,22,19,60,0.0,0.0,0.0,0.0,0.0,5,22.2,16.0,68,998.9,95,2.5,-9900,-9900,0.0,0.0
2023,11,22,20,60,0.0,0.0,0.0,0.0,0.0,5,21.9,16.2,70,999.0,97,2.8,-9900,-9900,0.0,0.0
2023,11,22,21,60,0.0,0.0,0.0,0.0,0.0,5,21.6,16.3,72,999.0,98,2.1,-9900,-9900,0.0,0.0
2023,11,22,22,60,0.0,0.0,0.0,0.0,0.0,5,21.1,16.3,74,998.7,124,1.3,-9900,-9900,0.0,0.0
2023,11,22,23,60,0.0,0.0,0.0,0.0,0.0,5,20.7,16.5,77,998.5,0,0.0,-9900,-9900,0.0,0.0
2023,11,22,24,60,0.0,0.0,0.0,0.0,0.0,5,20.1,16.5,80,998.3,125,1.1,-9900,-9900,0.0,0.0
2023,11,23,1,60,0.0,0.0,0.0,0.0,0.0,5,20.1,16.5,80,998.2,0,0.0,-9900,-9900,0.0,0.0
2023,11,23,2,60,0.0,0.0,0.0,0.0,0.0,5,19.9,16.3,80,997.8,158,0.3,-9900,-9900,0.0,0.0
2023,11,23,3,60,0.0,0.0,0.0,0.0,0.0,5,19.3,15.8,80,997.8,133,0.8,-9900,-9900,0.0,0.0
2023,11,23,4,60,0.0,0.0,0.0,0.0,0.0,5,19.3,15.4,78,998.1,0,0.0,-9900,-9900,0.0,0.0
2023,11,23,5,60,0.0,0.0,0.0,0.0,0.0,5,18.9,15.0,78,998.6,0,0.0,-9900,-9900,0.0,0.0
2023,11,23,6,60,0.0,0.0,0.0,0.0,0.0,5,18.3,13.6,74,999.4,148,0.8,-9900,-9900,0.0,0.0
2023,11,23,7,60,0.0,0.0,0.0,0.0,0.0,5,18.3,12.5,69,999.7,118,1.8,-9900,-9900,0.0,0.0
2023,11,23,8,60,0.0,0.0,0.0,0.0,0.0,5,19.7,13.4,67,1000.3,131,1.4,-9900,-9900,0.0,0.0
2023,11,23,9,60,0.0,0.0,0.0,0.0,0.0,5,21.4,14.1,63,1000.7,87,0.9,-9900,-9900,0.0,0.0
2023,11,23,10,60,0.0,0.0,0.0,0.0,0.0,5,23.4,15.2,60,1000.7,56,0.7,-9900,-9900,0.0,0.0
2023,11,23,11,60,0.0,0.0,0.0,0.0,0.0,5,23.8,14.5,56,1000.0,91,1.8,-9900,-9900,0.0,0.0
2023,11,23,12,60,0.0,0.0,0.0,0.0,0.0,5,24.8,17.0,62,999.5,19,2.0,-9900,-9900,0.0,0.0
2023,11,23,13,60,0.0,0.0,0.0,0.0,0.0,5,24.5,17.7,66,999.0,351,1.7,-9900,-9900,0.0,0.0
2023,11,23,14,60,0.0,0.0,0.0,0.0,0.0,5,24.6,17.6,65,998.7,8,1.7,-9900,-9900,0.0,0.0
2023,11,23,15,60,0.0,0.0,0.0,0.0,0.0,5,23.7,17.7,69,998.7,8,2.8,-9900,-9900,0.0,0.0
2023,11,23,16,60,0.0,0.0,0.0,0.0,0.0,5,22.9,17.6,72,999.1,26,2.7,-9900,-9900,0.0,0.0
2023,11,23,17,60,0.0,0.0,0.0,0.0,0.0,5,21.9,16.6,72,999.9,36,3.0,-9900,-9900,0.0,0.0
2023,11,23,18,60,0.0,0.0,0.0,0.0,0.0,5,21.7,16.0,70,1000.4,64,2.1,-9900,-9900,0.0,0.0
2023,11,23,19,60,0.0,0.0,0.0,0.0,0.0,5,21.1,16.1,73,1001.1,68,1.8,-9900,-9900,0.0,0.0
2023,11,23,20,60,0.0,0.0,0.0,0.0,0.0,5,20.9,16.7,77,1001.1,91,3.0,-9900,-9900,0.0,0.0
2023,11,23,21,60,0.0,0.0,0.0,0.0,0.0,5,20.5,16.5,78,1001.5,76,2.9,-9900,-9900,0.0,0.0
2023,11,23,22,60,0.0,0.0,0.0,0.0,0.0,5,20.2,17.0,82,1001.6,82,2.9,-9900,-9900,0.0,0.0
2023,11,23,23,60,0.0,0.0,0.0,0.0,0.0,5,20.1,17.3,84,1001.7,77,3.0,-9900,-9900,0.0,0.0
2023,11,23,24,60,0.0,0.0,0.0,0.0,0.0,5,20.0,17.0,83,1001.8,75,3.5,-9900,-9900,0.0,0.0
2023,11,24,1,60,0.0,0.0,0.0,0.0,0.0,5,19.9,16.1,79,1001.9,83,3.8,-9900,-9900,0.0,0.0
2023,11,24,2,60,0.0,0.0,0.0,0.0,0.0,5,19.6,15.9,79,1001.8,73,3.2,-9900,-9900,0.0,0.0
2023,11,24,3,60,0.0,0.0,0.0,0.0,0.0,5,19.7,15.8,78,1002.1,80,3.8,-9900,-9900,0.0,0.0
2023,11,24,4,60,0.0,0.0,0.0,0.0,0.0,5,19.9,15.1,74,1002.1,76,3.6,-9900,-9900,0.0,0.0
2023,11,24,5,60,0.0,0.0,0.0,0.0,0.0,5,19.8,13.5,67,1002.7,76,4.4,-9900,-9900,0.0,0.0
2023,11,24,6,60,0.0,0.0,0.0,0.0,0.0,5,19.6,13.5,68,1003.9,81,2.6,-9900,-9900,0.0,0.0
2023,11,24,7,60,0.0,0.0,0.0,0.0,0.0,5,19.5,14.1,71,1004.7,82,2.5,-9900,-9900,0.0,0.0
2023,11,24,8,60,0.0,0.0,0.0,0.0,0.0,5,20.0,14.1,69,1005.4,82,2.9,-9900,-9900,0.0,0.0
2023,11,24,9,60,0.0,0.0,0.0,0.0,0.0,5,20.2,13.6,66,1005.8,74,3.4,-9900,-9900,0.0,0.0
2023,11,24,10,60,0.0,0.0,0.0,0.0,0.0,5,19.8,13.7,68,1006.3,77,2.6,-9900,-9900,0.0,0.0
2023,11,24,11,60,0.0,0.0,0.0,0.0,0.0,5,19.3,13.0,67,1006.0,81,4.3,-9900,-9900,0.0,0.0
2023,11,24,12,60,0.0,0.0,0.0,0.0,0.0,5,19.5,12.3,63,1005.6,85,3.8,-9900,-9900,0.0,0.0
2023,11,24,13,60,0.0,0.0,0.0,0.0,0.0,5,19.4,12.7,65,1004.9,89,4.9,-9900,-9900,0.0,0.0
2023,11,24,14,60,0.0,0.0,0.0,0.0,0.0,5,19.1,12.4,65,1004.7,80,5.0,-9900,-9900,0.0,0.0
2023,11,24,15,60,0.0,0.0,0.0,0.0,0.0,5,19.0,12.5,66,1005.0,87,5.8,-9900,-9900,0.0,0.0
2023,11,24,16,60,0.0,0.0,0.0,0.0,0.0,5,18.9,12.6,67,1005.2,89,4.4,-9900,-9900,0.0,0.0
2023,11,24,17,60,0.0,0.0,0.0,0.0,0.0,5,18.8,12.3,66,1005.8,89,5.4,-9900,-9900,0.0,0.0
2023,11,24,18,60,0.0,0.0,0.0,0.0,0.0,5,18.8,11.8,64,1006.3,88,5.1,-9900,-9900,0.0,0.0
2023,11,24,19,60,0.0,0.0,0.0,0.0,0.0,5,18.7,11.5,63,1006.6,78,4.4,-9900,-9900,0.0,0.0
2023,11,24,20,60,0.0,0.0,0.0,0.0,0.0,5,18.3,12.1,67,1006.6,88,4.6,-9900,-9900,0.0,0.0
2023,11,24,21,60,0.0,0.0,0.0,0.0,0.0,5,17.9,12.4,70,1006.8,86,4.2,-9900,-9900,0.0,0.0
2023,11,24,22,60,0.0,0.0,0.0,0.0,0.0,5,18.0,12.9,72,1006.5,87,3.2,-9900,-9900,0.0,0.0
2023,11,24,23,60,0.0,0.0,0.0,0.0,0.0,5,18.3,13.0,71,1006.2,88,3.5,-9900,-9900,0.0,0.0
2023,11,24,24,60,0.0,0.0,0.0,0.0,0.0,5,18.1,13.8,76,1005.8,82,3.5,-9900,-9900,0.0,0.0
2023,11,25,1,60,0.0,0.0,0.0,0.0,0.0,5,18.2,12.9,71,1005.4,86,3.5,-9900,-9900,0.0,0.0
2023,11,25,2,60,0.0,0.0,0.0,0.0,0.0,5,18.4,12.6,69,1005.2,85,3.5,-9900,-9900,0.0,0.0
2023,11,25,3,60,0.0,0.0,0.0,0.0,0.0,5,18.4,13.7,74,1004.7,77,3.7,-9900,-9900,0.0,0.0
2023,11,25,4,60,0.0,0.0,0.0,0.0,0.0,5,18.2,14.1,77,1005.0,81,3.2,-9900,-9900,0.0,0.0
2023,11,25,5,60,0.0,0.0,0.0,0.0,0.0,5,18.2,13.9,76,1005.1,81,2.8,-9900,-9900,0.0,0.0
2023,11,25,6,60,0.0,0.0,0.0,0.0,0.0,5,18.2,14.3,78,1005.3,80,3.7,-9900,-9900,0.0,0.0
2023,11,25,7,60,0.0,0.0,0.0,0.0,0.0,5,18.3,14.6,79,1005.8,79,2.8,-9900,-9900,0.0,0.0
2023,11,25,8,60,0.0,0.0,0.0,0.0,0.0,5,18.9,14.4,75,1006.3,78,3.1,-9900,-9900,0.0,0.0
2023,11,25,9,60,0.0,0.0,0.0,0.0,0.0,5,19.5,14.3,72,1006.3,76,5.3,-9900,-9900,0.0,0.0
2023,11,25,10,60,0.0,0.0,0.0,0.0,0.0,5,20.1,14.9,72,1005.9,80,4.3,-9900,-9900,0.0,0.0
2023,11,25,11,60,0.0,0.0,0.0,0.0,0.0,5,20.4,14.3,68,1005.5,83,5.3,-9900,-9900,0.0,0.0
2023,11,25,12,60,0.0,0.0,0.0,0.0,0.0,5,20.9,14.8,68,1004.7,82,3.6,-9900,-9900,0.0,0.0
2023,11,25,13,60,0.0,0.0,0.0,0.0,0.0,5,20.7,14.8,69,1004.1,87,4.4,-9900,-9900,0.0,0.0
2023,11,25,14,60,0.0,0.0,0.0,0.0,0.0,5,20.3,14.9,71,1003.8,81,4.7,-9900,-9900,0.0,0.0
2023,11,25,15,60,0.0,0.0,0.0,0.0,0.0,5,20.1,15.1,73,1003.6,82,4.7,-9900,-9900,0.0,0.0
2023,11,25,16,60,0.0,0.0,0.0,0.0,0.0,5,19.5,15.4,77,1003.8,81,3.9,-9900,-9900,0.0,0.0
2023,11,25,17,60,0.0,0.0,0.0,0.0,0.0,5,18.9,15.6,81,1004.4,85,3.7,-9900,-9900,0.0,0.0
2023,11,25,18,60,0.0,0.0,0.0,0.0,0.0,5,18.5,15.7,84,1004.7,84,3.3,-9900,-9900,0.0,0.0
2023,11,25,19,60,0.0,0.0,0.0,0.0,0.0,5,18.4,16.0,86,1005.0,85,3.3,-9900,-9900,0.0,0.0
2023,11,25,20,60,0.0,0.0,0.0,0.0,0.0,5,18.5,16.1,86,1005.0,75,3.9,-9900,-9900,0.0,0.0
2023,11,25,21,60,0.0,0.0,0.0,0.0,0.0,5,18.4,16.6,89,1004.9,72,4.5,-9900,-9900,0.0,0.0
2023,11,25,22,60,0.0,0.0,0.0,0.0,0.0,5,18.5,16.7,89,1004.6,70,3.2,-9900,-9900,0.0,0.0
2023,11,25,23,60,0.0,0.0,0.0,0.0,0.0,5,18.9,16.7,87,1004.5,70,2.6,-9900,-9900,0.0,0.0
2023,11,25,24,60,0.0,0.0,0.0,0.0,0.0,5,18.9,16.9,88,1004.2,76,2.7,-9900,-9900,0.0,0.0
2023,11,26,1,60,0.0,0.0,0.0,0.0,0.0,5,18.4,17.1,92,1004.4,49,2.2,-9900,-9900,0.0,0.0
2023,11,26,2,60,0.0,0.0,0.0,0.0,0.0,5,18.3,17.3,94,1004.4,35,2.1,-9900,-9900,0.0,0.0
2023,11,26,3,60,0.0,0.0,0.0,0.0,0.0,5,18.2,17.6,96,1004.1,41,1.7,-9900,-9900,0.0,0.0
2023,11,26,4,60,0.0,0.0,0.0,0.0,0.0,5,18.2,17.6,96,1004.1,57,1.7,-9900,-9900,0.0,0.0
2023,11,26,5,60,0.0,0.0,0.0,0.0,0.0,5,17.7,17.4,98,1004.5,25,2.3,-9900,-9900,0.0,0.0
2023,11,26,6,60,0.0,0.0,0.0,0.0,0.0,5,17.4,17.2,99,1004.8,38,2.7,-9900,-9900,0.0,0.0
2023,11,26,7,60,0.0,0.0,0.0,0.0,0.0,5,17.3,17.1,99,1005.1,40,2.0,-9900,-9900,0.0,0.0
2023,11,26,8,60,0.0,0.0,0.0,0.0,0.0,5,17.9,17.1,95,1005.3,58,2.3,-9900,-9900,0.0,0.0
2023,11,26,9,60,0.0,0.0,0.0,0.0,0.0,5,18.8,17.1,90,1005.2,67,1.7,-9900,-9900,0.0,0.0
2023,11,26,10,60,0.0,0.0,0.0,0.0,0.0,5,18.6,17.4,93,1004.8,68,1.4,-9900,-9900,0.0,0.0
2023,11,26,11,60,0.0,0.0,0.0,0.0,0.0,5,18.3,17.5,95,1004.3,45,2.4,-9900,-9900,0.0,0.0
2023,11,26,12,60,0.0,0.0,0.0,0.0,0.0,5,18.2,17.6,96,1003.3,47,2.7,-9900,-9900,0.0,0.0
2023,11,26,13,60,0.0,0.0,0.0,0.0,0.0,5,18.9,17.4,91,1002.1,60,2.6,-9900,-9900,0.0,0.0
2023,11,26,14,60,0.0,0.0,0.0,0.0,0.0,5,19.4,17.5,89,1001.5,65,2.3,-9900,-9900,0.0,0.0
2023,11,26,15,60,0.0,0.0,0.0,0.0,0.0,5,20.0,16.6,81,1000.9,86,3.3,-9900,-9900,0.0,0.0
2023,11,26,16,60,0.0,0.0,0.0,0.0,0.0,5,19.7,16.5,82,1000.9,81,2.8,-9900,-9900,0.0,0.0
2023,11,26,17,60,0.0,0.0,0.0,0.0,0.0,5,19.3,16.1,82,1000.9,75,3.4,-9900,-9900,0.0,0.0
2023,11,26,18,60,0.0,0.0,0.0,0.0,0.0,5,19.2,16.1,82,1001.3,76,2.8,-9900,-9900,0.0,0.0
2023,11,26,19,60,0.0,0.0,0.0,0.0,0.0,5,19.3,16.3,83,1001.9,77,2.9,-9900,-9900,0.0,0.0
2023,11,26,20,60,0.0,0.0,0.0,0.0,0.0,5,19.3,16.7,85,1002.1,79,2.6,-9900,-9900,0.0,0.0
2023,11,26,21,60,0.0,0.0,0.0,0.0,0.0,5,19.3,17.1,87,1002.1,73,2.3,-9900,-9900,0.0,0.0
2023,11,26,22,60,0.0,0.0,0.0,0.0,0.0,5,19.5,16.9,85,1001.8,90,2.5,-9900,-9900,0.0,0.0
2023,11,26,23,60,0.0,0.0,0.0,0.0,0.0,5,19.7,16.9,84,1001.6,96,3.0,-9900,-9900,0.0,0.0
2023,11,26,24,60,0.0,0.0,0.0,0.0,0.0,5,19.5,17.3,87,1001.3,90,3.1,-9900,-9900,0.0,0.0
2023,11,27,1,60,0.0,0.0,0.0,0.0,0.0,5,19.0,17.5,91,1001.2,94,0.4,-9900,-9900,0.0,0.0
2023,11,27,2,60,0.0,0.0,0.0,0.0,0.0,5,19.0,17.5,91,1000.8,96,1.9,-9900,-9900,0.0,0.0
2023,11,27,3,60,0.0,0.0,0.0,0.0,0.0,5,18.8,17.3,91,1000.5,37,1.0,-9900,-9900,0.0,0.0
2023,11,27,4,60,0.0,0.0,0.0,0.0,0.0,5,18.4,17.4,94,1000.4,39,1.3,-9900,-9900,0.0,0.0
2023,11,27,5,60,0.0,0.0,0.0,0.0,0.0,5,18.3,17.5,95,1000.4,43,1.5,-9900,-9900,0.0,0.0
2023,11,27,6,60,0.0,0.0,0.0,0.0,0.0,5,18.2,17.6,96,1001.1,40,1.7,-9900,-9900,0.0,0.0
2023,11,27,7,60,0.0,0.0,0.0,0.0,0.0,5,18.4,17.4,94,1001.6,51,0.8,-9900,-9900,0.0,0.0
2023,11,27,8,60,0.0,0.0,0.0,0.0,0.0,5,20.1,17.3,84,1001.9,68,1.4,-9900,-9900,0.0,0.0
2023,11,27,9,60,0.0,0.0,0.0,0.0,0.0,5,21.3,16.9,76,1002.2,68,2.8,-9900,-9900,0.0,0.0
2023,11,27,10,60,0.0,0.0,0.0,0.0,0.0,5,22.6,16.9,70,1002.1,73,2.2,-9900,-9900,0.0,0.0
2023,11,27,11,60,0.0,0.0,0.0,0.0,0.0,5,23.0,16.5,67,1001.7,65,2.2,-9900,-9900,0.0,0.0
2023,11,27,12,60,0.0,0.0,0.0,0.0,0.0,5,22.7,15.8,65,1001.1,97,3.8,-9900,-9900,0.0,0.0
2023,11,27,13,60,0.0,0.0,0.0,0.0,0.0,5,22.8,17.5,72,1000.5,35,1.6,-9900,-9900,0.0,0.0
2023,11,27,14,60,0.0,0.0,0.0,0.0,0.0,5,22.8,17.0,70,1000.4,34,1.3,-9900,-9900,0.0,0.0
2023,11,27,15,60,0.0,0.0,0.0,0.0,0.0,5,22.9,15.7,64,1000.4,80,1.7,-9900,-9900,0.0,0.0
2023,11,27,16,60,0.0,0.0,0.0,0.0,0.0,5,22.4,14.3,60,1000.5,92,2.4,-9900,-9900,0.0,0.0
2023,11,27,17,60,0.0,0.0,0.0,0.0,0.0,5,21.6,16.3,72,1000.9,51,1.9,-9900,-9900,0.0,0.0
2023,11,27,18,60,0.0,0.0,0.0,0.0,0.0,5,20.7,15.5,72,1001.6,53,1.5,-9900,-9900,0.0,0.0
2023,11,27,19,60,0.0,0.0,0.0,0.0,0.0,5,20.0,16.6,81,1002.0,81,2.1,-9900,-9900,0.0,0.0
2023,11,27,20,60,0.0,0.0,0.0,0.0,0.0,5,19.5,16.9,85,1002.4,70,2.3,-9900,-9900,0.0,0.0
2023,11,27,21,60,0.0,0.0,0.0,0.0,0.0,5,19.8,16.8,83,1002.4,83,3.7,-9900,-9900,0.0,0.0
2023,11,27,22,60,0.0,0.0,0.0,0.0,0.0,5,19.7,16.9,84,1002.4,76,3.5,-9900,-9900,0.0,0.0
2023,11,27,23,60,0.0,0.0,0.0,0.0,0.0,5,19.6,17.0,85,1002.4,69,3.6,-9900,-9900,0.0,0.0
2023,11,27,24,60,0.0,0.0,0.0,0.0,0.0,5,19.4,16.4,83,1002.5,69,3.1,-9900,-9900,0.0,0.0
2023,11,28,1,60,0.0,0.0,0.0,0.0,0.0,5,19.4,15.9,80,1002.6,70,2.5,-9900,-9900,0.0,0.0
2023,11,28,2,60,0.0,0.0,0.0,0.0,0.0,5,19.3,16.0,81,1002.4,81,3.2,-9900,-9900,0.0,0.0
2023,11,28,3,60,0.0,0.0,0.0,0.0,0.0,5,19.1,16.1,83,1002.7,72,2.6,-9900,-9900,0.0,0.0
2023,11,28,4,60,0.0,0.0,0.0,0.0,0.0,5,19.0,15.7,81,1003.0,84,2.5,-9900,-9900,0.0,0.0
2023,11,28,5,60,0.0,0.0,0.0,0.0,0.0,5,19.0,15.5,80,1003.5,82,3.0,-9900,-9900,0.0,0.0
2023,11,28,6,60,0.0,0.0,0.0,0.0,0.0,5,18.7,14.8,78,1004.4,84,3.0,-9900,-9900,0.0,0.0
2023,11,28,7,60,0.0,0.0,0.0,0.0,0.0,5,19.0,13.6,71,1005.0,88,3.8,-9900,-9900,0.0,0.0
2023,11,28,8,60,0.0,0.0,0.0,0.0,0.0,5,20.1,11.6,58,1005.3,91,4.3,-9900,-9900,0.0,0.0
2023,11,28,9,60,0.0,0.0,0.0,0.0,0.0,5,20.7,11.6,56,1005.5,88,6.0,-9900,-9900,0.0,0.0
2023,11,28,10,60,0.0,0.0,0.0,0.0,0.0,5,21.6,10.7,50,1004.9,89,6.1,-9900,-9900,0.0,0.0
2023,11,28,11,60,0.0,0.0,0.0,0.0,0.0,5,22.5,10.9,48,1004.0,78,4.5,-9900,-9900,0.0,0.0
2023,11,28,12,60,0.0,0.0,0.0,0.0,0.0,5,23.0,9.4,42,1002.9,86,5.9,-9900,-9900,0.0,0.0
2023,11,28,13,60,0.0,0.0,0.0,0.0,0.0,5,23.7,10.0,42,1001.5,91,6.3,-9900,-9900,0.0,0.0
2023,11,28,14,60,0.0,0.0,0.0,0.0,0.0,5,23.9,9.8,41,1000.6,90,5.6,-9900,-9900,0.0,0.0
2023,11,28,15,60,0.0,0.0,0.0,0.0,0.0,5,23.0,10.8,46,999.9,91,6.2,-9900,-9900,0.0,0.0
2023,11,28,16,60,0.0,0.0,0.0,0.0,0.0,5,22.1,11.2,50,999.7,86,5.6,-9900,-9900,0.0,0.0
2023,11,28,17,60,0.0,0.0,0.0,0.0,0.0,5,21.3,11.3,53,999.9,89,6.4,-9900,-9900,0.0,0.0
2023,11,28,18,60,0.0,0.0,0.0,0.0,0.0,5,20.7,11.6,56,1000.2,91,5.7,-9900,-9900,0.0,0.0
2023,11,28,19,60,0.0,0.0,0.0,0.0,0.0,5,20.6,12.0,58,1000.7,91,6.2,-9900,-9900,0.0,0.0
2023,11,28,20,60,0.0,0.0,0.0,0.0,0.0,5,20.6,12.0,58,1001.4,94,5.1,-9900,-9900,0.0,0.0
2023,11,28,21,60,0.0,0.0,0.0,0.0,0.0,5,20.7,12.1,58,1001.6,94,5.3,-9900,-9900,0.0,0.0
2023,11,28,22,60,0.0,0.0,0.0,0.0,0.0,5,20.7,12.1,58,1001.3,95,4.6,-9900,-9900,0.0,0.0
2023,11,28,23,60,0.0,0.0,0.0,0.0,0.0,5,20.7,12.4,59,1001.2,98,5.2,-9900,-9900,0.0,0.0
2023,11,28,24,60,0.0,0.0,0.0,0.0,0.0,5,20.6,12.8,61,1001.0,98,4.8,-9900,-9900,0.0,0.0
2023,11,29,1,60,0.0,0.0,0.0,0.0,0.0,5,20.5,13.0,62,1000.6,96,3.8,-9900,-9900,0.0,0.0
2023,11,29,2,60,0.0,0.0,0.0,0.0,0.0,5,20.4,12.9,62,1000.4,94,3.7,-9900,-9900,0.0,0.0
2023,11,29,3,60,0.0,0.0,0.0,0.0,0.0,5,20.4,13.1,63,1000.7,100,2.6,-9900,-9900,0.0,0.0
2023,11,29,4,60,0.0,0.0,0.0,0.0,0.0,5,20.5,13.5,64,1001.1,99,1.8,-9900,-9900,0.0,0.0
2023,11,29,5,60,0.0,0.0,0.0,0.0,0.0,5,20.6,13.6,64,1001.4,99,2.1,-9900,-9900,0.0,0.0
2023,11,29,6,60,0.0,0.0,0.0,0.0,0.0,5,20.3,13.3,64,1002.1,138,1.5,-9900,-9900,0.0,0.0
2023,11,29,7,60,0.0,0.0,0.0,0.0,0.0,5,20.4,13.4,64,1002.9,143,1.3,-9900,-9900,0.0,0.0
2023,11,29,8,60,0.0,0.0,0.0,0.0,0.0,5,21.0,13.7,63,1003.5,93,0.6,-9900,-9900,0.0,0.0
2023,11,29,9,60,0.0,0.0,0.0,0.0,0.0,5,21.9,13.8,60,1003.3,106,2.1,-9900,-9900,0.0,0.0
2023,11,29,10,60,0.0,0.0,0.0,0.0,0.0,5,22.8,14.1,58,1003.4,136,1.1,-9900,-9900,0.0,0.0
2023,11,29,11,60,0.0,0.0,0.0,0.0,0.0,5,24.1,14.8,56,1003.3,317,0.5,-9900,-9900,0.0,0.0
2023,11,29,12,60,0.0,0.0,0.0,0.0,0.0,5,24.7,15.1,55,1002.8,310,0.4,-9900,-9900,0.0,0.0
2023,11,29,13,60,0.0,0.0,0.0,0.0,0.0,5,24.2,16.5,62,1002.4,309,1.9,-9900,-9900,0.0,0.0
2023,11,29,14,60,0.0,0.0,0.0,0.0,0.0,5,24.5,16.2,60,1002.1,317,0.8,-9900,-9900,0.0,0.0
2023,11,29,15,60,0.0,0.0,0.0,0.0,0.0,5,24.9,15.5,56,1002.1,95,0.3,-9900,-9900,0.0,0.0
2023,11,29,16,60,0.0,0.0,0.0,0.0,0.0,5,24.5,13.7,51,1002.0,129,3.2,-9900,-9900,0.0,0.0
2023,11,29,17,60,0.0,0.0,0.0,0.0,0.0,5,23.2,14.5,58,1001.9,130,3.1,-9900,-9900,0.0,0.0
2023,11,29,18,60,0.0,0.0,0.0,0.0,0.0,5,22.8,14.9,61,1002.1,134,2.1,-9900,-9900,0.0,0.0
2023,11,29,19,60,0.0,0.0,0.0,0.0,0.0,5,22.7,15.5,64,1003.0,21,0.6,-9900,-9900,0.0,0.0
2023,11,29,20,60,0.0,0.0,0.0,0.0,0.0,5,22.0,18.4,80,1003.2,360,0.5,-9900,-9900,0.0,0.0
2023,11,29,21,60,0.0,0.0,0.0,0.0,0.0,5,21.5,16.7,74,1003.6,355,0.9,-9900,-9900,0.0,0.0
2023,11,29,22,60,0.0,0.0,0.0,0.0,0.0,5,21.3,16.7,75,1003.9,352,0.7,-9900,-9900,0.0,0.0
2023,11,29,23,60,0.0,0.0,0.0,0.0,0.0,5,21.4,15.5,69,1004.1,61,0.8,-9900,-9900,0.0,0.0
2023,11,29,24,60,0.0,0.0,0.0,0.0,0.0,5,21.9,15.3,66,1003.9,82,0.7,-9900,-9900,0.0,0.0
2023,11,30,1,60,0.0,0.0,0.0,0.0,0.0,5,21.6,16.3,72,1004.0,0,0.0,-9900,-9900,0.0,0.0
2023,11,30,2,60,0.0,0.0,0.0,0.0,0.0,5,21.0,16.8,77,1004.1,83,0.3,-9900,-9900,0.0,0.0
2023,11,30,3,60,0.0,0.0,0.0,0.0,0.0,5,21.2,17.2,78,1004.5,11,0.8,-9900,-9900,0.0,0.0
2023,11,30,4,60,0.0,0.0,0.0,0.0,0.0,5,21.2,16.2,73,1004.2,187,0.6,-9900,-9900,0.0,0.0
2023,11,30,5,60,0.0,0.0,0.0,0.0,0.0,5,20.1,16.1,78,1004.1,54,1.4,-9900,-9900,0.0,0.0
2023,11,30,6,60,0.0,0.0,0.0,0.0,0.0,5,20.5,17.1,81,1004.6,54,1.5,-9900,-9900,0.0,0.0
2023,11,30,7,60,0.0,0.0,0.0,0.0,0.0,5,20.7,17.1,80,1004.9,87,2.2,-9900,-9900,0.0,0.0
2023,11,30,8,60,0.0,0.0,0.0,0.0,0.0,5,20.3,17.7,85,1005.8,79,2.0,-9900,-9900,0.0,0.0
2023,11,30,9,60,0.0,0.0,0.0,0.0,0.0,5,19.8,16.8,83,1006.4,64,1.8,-9900,-9900,0.0,0.0
2023,11,30,10,60,0.0,0.0,0.0,0.0,0.0,5,19.2,15.9,81,1006.4,86,4.2,-9900,-9900,0.0,0.0
2023,11,30,11,60,0.0,0.0,0.0,0.0,0.0,5,19.3,16.5,84,1005.9,89,3.9,-9900,-9900,0.0,0.0
2023,11,30,12,60,0.0,0.0,0.0,0.0,0.0,5,19.7,16.5,82,1005.2,86,4.3,-9900,-9900,0.0,0.0
2023,11,30,13,60,0.0,0.0,0.0,0.0,0.0,5,19.6,15.9,79,1004.5,87,3.6,-9900,-9900,0.0,0.0
2023,11,30,14,60,0.0,0.0,0.0,0.0,0.0,5,19.6,15.3,76,1004.3,90,3.8,-9900,-9900,0.0,0.0
2023,11,30,15,60,0.0,0.0,0.0,0.0,0.0,5,19.5,16.3,82,1004.5,81,3.4,-9900,-9900,0.0,0.0
2023,11,30,16,60,0.0,0.0,0.0,0.0,0.0,5,19.0,16.8,87,1004.9,81,3.4,-9900,-9900,0.0,0.0
2023,11,30,17,60,0.0,0.0,0.0,0.0,0.0,5,18.5,16.7,89,1005.3,78,3.6,-9900,-9900,0.0,0.0
2023,11,30,18,60,0.0,0.0,0.0,0.0,0.0,5,18.2,16.9,92,1005.9,78,2.8,-9900,-9900,0.0,0.0
2023,11,30,19,60,0.0,0.0,0.0,0.0,0.0,5,18.1,16.4,90,1006.2,80,4.0,-9900,-9900,0.0,0.0
2023,11,30,20,60,0.0,0.0,0.0,0.0,0.0,5,18.2,16.2,88,1006.5,83,4.6,-9900,-9900,0.0,0.0
2023,11,30,21,60,0.0,0.0,0.0,0.0,0.0,5,18.2,16.0,87,1006.5,81,3.8,-9900,-9900,0.0,0.0
2023,11,30,22,60,0.0,0.0,0.0,0.0,0.0,5,18.2,16.2,88,1006.7,80,3.6,-9900,-9900,0.0,0.0
2023,11,30,23,60,0.0,0.0,0.0,0.0,0.0,5,17.7,16.6,93,1006.4,76,3.8,-9900,-9900,0.0,0.0
2023,11,30,24,60,0.0,0.0,0.0,0.0,0.0,5,17.6,16.8,95,1006.1,81,3.1,-9900,-9900,0.0,0.0
2023,12,1,1,60,0.0,0.0,0.0,0.0,0.0,5,17.5,16.7,95,1005.8,87,3.2,-9900,-9900,0.0,0.0
2023,12,1,2,60,0.0,0.0,0.0,0.0,0.0,5,17.4,16.6,95,1005.8,75,3.3,-9900,-9900,0.0,0.0
2023,12,1,3,60,0.0,0.0,0.0,0.0,0.0,5,17.2,16.7,97,1005.7,70,2.0,-9900,-9900,0.0,0.0
2023,12,1,4,60,0.0,0.0,0.0,0.0,0.0,5,16.8,16.5,98,1006.2,46,1.7,-9900,-9900,0.0,0.0
2023,12,1,5,60,0.0,0.0,0.0,0.0,0.0,5,16.4,16.2,99,1006.5,56,2.5,-9900,-9900,0.0,0.0
2023,12,1,6,60,0.0,0.0,0.0,0.0,0.0,5,15.8,15.2,96,1007.2,56,3.0,-9900,-9900,0.0,0.0
2023,12,1,7,60,0.0,0.0,0.0,0.0,0.0,5,15.7,14.7,94,1007.7,58,2.0,-9900,-9900,0.0,0.0
2023,12,1,8,60,0.0,0.0,0.0,0.0,0.0,5,15.8,14.8,94,1008.3,58,2.3,-9900,-9900,0.0,0.0
2023,12,1,9,60,0.0,0.0,0.0,0.0,0.0,5,16.4,14.9,91,1007.9,73,3.5,-9900,-9900,0.0,0.0
2023,12,1,10,60,0.0,0.0,0.0,0.0,0.0,5,16.2,14.9,92,1008.2,56,2.9,-9900,-9900,0.0,0.0
2023,12,1,11,60,0.0,0.0,0.0,0.0,0.0,5,16.9,14.5,86,1007.8,69,3.7,-9900,-9900,0.0,0.0
2023,12,1,12,60,0.0,0.0,0.0,0.0,0.0,5,16.9,14.4,85,1007.3,73,4.2,-9900,-9900,0.0,0.0
2023,12,1,13,60,0.0,0.0,0.0,0.0,0.0,5,16.4,14.4,88,1006.4,62,2.1,-9900,-9900,0.0,0.0
2023,12,1,14,60,0.0,0.0,0.0,0.0,0.0,5,16.1,13.8,86,1005.9,80,3.6,-9900,-9900,0.0,0.0
2023,12,1,15,60,0.0,0.0,0.0,0.0,0.0,5,16.2,13.1,82,1006.0,80,3.7,-9900,-9900,0.0,0.0
2023,12,1,16,60,0.0,0.0,0.0,0.0,0.0,5,15.8,12.7,82,1006.4,84,3.6,-9900,-9900,0.0,0.0
2023,12,1,17,60,0.0,0.0,0.0,0.0,0.0,5,15.5,13.0,85,1006.4,81,4.5,-9900,-9900,0.0,0.0
2023,12,1,18,60,0.0,0.0,0.0,0.0,0.0,5,15.3,12.8,85,1006.4,77,4.0,-9900,-9900,0.0,0.0
2023,12,1,19,60,0.0,0.0,0.0,0.0,0.0,5,15.1,12.6,85,1007.1,67,4.1,-9900,-9900,0.0,0.0
2023,12,1,20,60,0.0,0.0,0.0,0.0,0.0,5,15.1,12.4,84,1007.4,74,3.4,-9900,-9900,0.0,0.0
2023,12,1,21,60,0.0,0.0,0.0,0.0,0.0,5,14.9,12.8,87,1007.4,83,4.2,-9900,-9900,0.0,0.0
2023,12,1,22,60,0.0,0.0,0.0,0.0,0.0,5,14.6,12.3,86,1007.3,83,4.6,-9900,-9900,0.0,0.0
2023,12,1,23,60,0.0,0.0,0.0,0.0,0.0,5,14.6,12.3,86,1006.7,77,4.7,-9900,-9900,0.0,0.0
2023,12,1,24,60,0.0,0.0,0.0,0.0,0.0,5,14.9,12.6,86,1006.3,73,4.6,-9900,-9900,0.0,0.0
2023,12,2,1,60,0.0,0.0,0.0,0.0,0.0,5,14.7,13.2,91,1006.3,72,4.2,-9900,-9900,0.0,0.0
2023,12,2,2,60,0.0,0.0,0.0,0.0,0.0,5,15.0,13.4,90,1006.3,66,3.1,-9900,-9900,0.0,0.0
2023,12,2,3,60,0.0,0.0,0.0,0.0,0.0,5,15.1,13.5,90,1005.8,82,3.3,-9900,-9900,0.0,0.0
2023,12,2,4,60,0.0,0.0,0.0,0.0,0.0,5,15.1,13.6,91,1006.2,69,3.4,-9900,-9900,0.0,0.0
2023,12,2,5,60,0.0,0.0,0.0,0.0,0.0,5,15.0,13.9,93,1006.3,74,3.8,-9900,-9900,0.0,0.0
2023,12,2,6,60,0.0,0.0,0.0,0.0,0.0,5,15.2,14.1,93,1007.0,76,2.8,-9900,-9900,0.0,0.0
2023,12,2,7,60,0.0,0.0,0.0,0.0,0.0,5,15.3,14.0,92,1007.1,70,3.8,-9900,-9900,0.0,0.0
2023,12,2,8,60,0.0,0.0,0.0,0.0,0.0,5,15.9,13.9,88,1007.0,72,3.2,-9900,-9900,0.0,0.0
2023,12,2,9,60,0.0,0.0,0.0,0.0,0.0,5,16.5,14.0,85,1007.7,72,3.0,-9900,-9900,0.0,0.0
2023,12,2,10,60,0.0,0.0,0.0,0.0,0.0,5,17.0,13.9,82,1007.4,78,3.7,-9900,-9900,0.0,0.0
2023,12,2,11,60,0.0,0.0,0.0,0.0,0.0,5,17.5,14.0,80,1005.3,90,5.1,-9900,-9900,0.0,0.0
2023,12,2,12,60,0.0,0.0,0.0,0.0,0.0,5,18.4,14.3,77,1004.9,74,4.1,-9900,-9900,0.0,0.0
2023,12,2,13,60,0.0,0.0,0.0,0.0,0.0,5,19.0,14.1,73,1004.6,66,3.7,-9900,-9900,0.0,0.0
2023,12,2,14,60,0.0,0.0,0.0,0.0,0.0,5,18.3,14.2,77,1004.0,76,4.3,-9900,-9900,0.0,0.0
2023,12,2,15,60,0.0,0.0,0.0,0.0,0.0,5,17.8,14.3,80,1004.1,76,3.2,-9900,-9900,0.0,0.0
2023,12,2,16,60,0.0,0.0,0.0,0.0,0.0,5,17.8,14.5,81,1004.0,84,3.9,-9900,-9900,0.0,0.0
2023,12,2,17,60,0.0,0.0,0.0,0.0,0.0,5,17.4,15.0,86,1004.2,73,3.3,-9900,-9900,0.0,0.0
2023,12,2,18,60,0.0,0.0,0.0,0.0,0.0,5,17.3,15.6,90,1004.3,76,3.3,-9900,-9900,0.0,0.0
2023,12,2,19,60,0.0,0.0,0.0,0.0,0.0,5,17.2,15.5,90,1004.8,71,3.3,-9900,-9900,0.0,0.0
2023,12,2,20,60,0.0,0.0,0.0,0.0,0.0,5,17.3,15.5,89,1004.4,82,4.0,-9900,-9900,0.0,0.0
2023,12,2,21,60,0.0,0.0,0.0,0.0,0.0,5,17.3,16.0,92,1004.3,71,3.8,-9900,-9900,0.0,0.0
2023,12,2,22,60,0.0,0.0,0.0,0.0,0.0,5,17.4,16.1,92,1004.5,70,3.9,-9900,-9900,0.0,0.0
2023,12,2,23,60,0.0,0.0,0.0,0.0,0.0,5,17.5,16.2,92,1004.0,80,3.8,-9900,-9900,0.0,0.0
2023,12,2,24,60,0.0,0.0,0.0,0.0,0.0,5,17.7,16.2,91,1004.1,67,2.7,-9900,-9900,0.0,0.0
2023,12,3,1,60,0.0,0.0,0.0,0.0,0.0,5,18.1,16.4,90,1003.8,70,3.2,-9900,-9900,0.0,0.0
2023,12,3,2,60,0.0,0.0,0.0,0.0,0.0,5,18.4,16.6,89,1003.4,89,2.4,-9900,-9900,0.0,0.0
2023,12,3,3,60,0.0,0.0,0.0,0.0,0.0,5,18.5,17.0,91,1003.4,77,3.1,-9900,-9900,0.0,0.0
2023,12,3,4,60,0.0,0.0,0.0,0.0,0.0,5,18.3,17.1,93,1003.4,76,2.6,-9900,-9900,0.0,0.0
2023,12,3,5,60,0.0,0.0,0.0,0.0,0.0,5,18.3,17.1,93,1003.6,71,3.1,-9900,-9900,0.0,0.0
2023,12,3,6,60,0.0,0.0,0.0,0.0,0.0,5,18.4,16.9,91,1004.4,63,2.8,-9900,-9900,0.0,0.0
2023,12,3,7,60,0.0,0.0,0.0,0.0,0.0,5,18.3,16.8,91,1005.1,67,2.3,-9900,-9900,0.0,0.0
2023,12,3,8,60,0.0,0.0,0.0,0.0,0.0,5,18.3,17.0,92,1005.5,68,3.4,-9900,-9900,0.0,0.0
2023,12,3,9,60,0.0,0.0,0.0,0.0,0.0,5,18.6,16.6,88,1005.7,78,3.8,-9900,-9900,0.0,0.0
2023,12,3,10,60,0.0,0.0,0.0,0.0,0.0,5,18.9,16.3,85,1005.7,68,3.9,-9900,-9900,0.0,0.0
2023,12,3,11,60,0.0,0.0,0.0,0.0,0.0,5,19.7,16.2,80,1004.9,78,3.1,-9900,-9900,0.0,0.0
2023,12,3,12,60,0.0,0.0,0.0,0.0,0.0,5,20.0,16.0,78,1003.6,83,4.4,-9900,-9900,0.0,0.0
2023,12,3,13,60,0.0,0.0,0.0,0.0,0.0,5,20.4,16.0,76,1003.2,65,3.2,-9900,-9900,0.0,0.0
2023,12,3,14,60,0.0,0.0,0.0,0.0,0.0,5,20.0,16.2,79,1003.3,59,2.2,-9900,-9900,0.0,0.0
2023,12,3,15,60,0.0,0.0,0.0,0.0,0.0,5,19.7,16.3,81,1003.1,78,2.8,-9900,-9900,0.0,0.0
2023,12,3,16,60,0.0,0.0,0.0,0.0,0.0,5,18.9,16.3,85,1002.8,67,4.1,-9900,-9900,0.0,0.0
2023,12,3,17,60,0.0,0.0,0.0,0.0,0.0,5,18.7,16.5,87,1003.5,70,3.8,-9900,-9900,0.0,0.0
2023,12,3,18,60,0.0,0.0,0.0,0.0,0.0,5,18.4,17.1,92,1003.6,74,3.3,-9900,-9900,0.0,0.0
2023,12,3,19,60,0.0,0.0,0.0,0.0,0.0,5,18.3,17.1,93,1003.7,75,3.8,-9900,-9900,0.0,0.0
2023,12,3,20,60,0.0,0.0,0.0,0.0,0.0,5,18.4,17.1,92,1004.1,74,3.3,-9900,-9900,0.0,0.0
2023,12,3,21,60,0.0,0.0,0.0,0.0,0.0,5,18.4,17.2,93,1003.4,77,3.8,-9900,-9900,0.0,0.0
2023,12,3,22,60,0.0,0.0,0.0,0.0,0.0,5,18.4,17.2,93,1003.6,72,3.5,-9900,-9900,0.0,0.0
2023,12,3,23,60,0.0,0.0,0.0,0.0,0.0,5,18.6,17.1,91,1002.8,61,3.5,-9900,-9900,0.0,0.0
2023,12,3,24,60,0.0,0.0,0.0,0.0,0.0,5,18.7,17.5,93,1002.6,68,3.4,-9900,-9900,0.0,0.0
2023,12,4,1,60,0.0,0.0,0.0,0.0,0.0,5,18.7,17.7,94,1002.2,66,2.7,-9900,-9900,0.0,0.0
2023,12,4,2,60,0.0,0.0,0.0,0.0,0.0,5,18.9,17.7,93,1001.0,75,2.9,-9900,-9900,0.0,0.0
2023,12,4,3,60,0.0,0.0,0.0,0.0,0.0,5,18.6,17.9,96,1000.5,77,3.5,-9900,-9900,0.0,0.0
2023,12,4,4,60,0.0,0.0,0.0,0.0,0.0,5,18.4,17.8,96,1000.6,101,1.9,-9900,-9900,0.0,0.0
2023,12,4,5,60,0.0,0.0,0.0,0.0,0.0,5,18.0,17.8,99,1000.6,91,1.6,-9900,-9900,0.0,0.0
2023,12,4,6,60,0.0,0.0,0.0,0.0,0.0,5,18.0,17.8,99,1001.0,109,0.9,-9900,-9900,0.0,0.0
2023,12,4,7,60,0.0,0.0,0.0,0.0,0.0,5,18.0,17.8,99,1001.7,99,0.4,-9900,-9900,0.0,0.0
2023,12,4,8,60,0.0,0.0,0.0,0.0,0.0,5,18.2,18.0,99,1001.5,34,0.5,-9900,-9900,0.0,0.0
2023,12,4,9,60,0.0,0.0,0.0,0.0,0.0,5,18.3,18.1,99,1002.1,0,0.0,-9900,-9900,0.0,0.0
2023,12,4,10,60,0.0,0.0,0.0,0.0,0.0,5,18.5,18.3,99,1001.7,89,0.3,-9900,-9900,0.0,0.0
2023,12,4,11,60,0.0,0.0,0.0,0.0,0.0,5,18.6,18.4,99,1000.8,0,0.0,-9900,-9900,0.0,0.0
2023,12,4,12,60,0.0,0.0,0.0,0.0,0.0,5,18.9,18.7,99,999.8,0,0.0,-9900,-9900,0.0,0.0
2023,12,4,13,60,0.0,0.0,0.0,0.0,0.0,5,18.8,18.6,99,998.4,96,0.7,-9900,-9900,0.0,0.0
2023,12,4,14,60,0.0,0.0,0.0,0.0,0.0,5,19.1,18.9,99,998.3,285,0.6,-9900,-9900,0.0,0.0
2023,12,4,15,60,0.0,0.0,0.0,0.0,0.0,5,19.2,19.0,99,998.0,315,1.2,-9900,-9900,0.0,0.0
2023,12,4,16,60,0.0,0.0,0.0,0.0,0.0,5,19.1,18.9,99,998.6,310,2.0,-9900,-9900,0.0,0.0
2023,12,4,17,60,0.0,0.0,0.0,0.0,0.0,5,18.9,18.7,99,998.6,299,0.8,-9900,-9900,0.0,0.0
2023,12,4,18,60,0.0,0.0,0.0,0.0,0.0,5,18.9,18.7,99,999.1,287,0.5,-9900,-9900,0.0,0.0
2023,12,4,19,60,0.0,0.0,0.0,0.0,0.0,5,18.7,18.5,99,998.8,350,0.8,-9900,-9900,0.0,0.0
2023,12,4,20,60,0.0,0.0,0.0,0.0,0.0,5,18.4,18.2,99,998.6,0,0.2,-9900,-9900,0.0,0.0
2023,12,4,21,60,0.0,0.0,0.0,0.0,0.0,5,18.5,18.3,99,999.4,328,0.5,-9900,-9900,0.0,0.0
2023,12,4,22,60,0.0,0.0,0.0,0.0,0.0,5,18.5,18.3,99,999.4,313,1.2,-9900,-9900,0.0,0.0
2023,12,4,23,60,0.0,0.0,0.0,0.0,0.0,5,18.6,18.4,99,998.9,0,0.0,-9900,-9900,0.0,0.0
2023,12,4,24,60,0.0,0.0,0.0,0.0,0.0,5,17.9,17.7,99,999.2,329,1.9,-9900,-9900,0.0,0.0
2023,12,5,1,60,0.0,0.0,0.0,0.0,0.0,5,17.8,17.6,99,998.9,8,1.3,-9900,-9900,0.0,0.0
2023,12,5,2,60,0.0,0.0,0.0,0.0,0.0,5,17.8,17.6,99,998.4,28,1.3,-9900,-9900,0.0,0.0
2023,12,5,3,60,0.0,0.0,0.0,0.0,0.0,5,17.9,17.7,99,998.3,4,0.8,-9900,-9900,0.0,0.0
2023,12,5,4,60,0.0,0.0,0.0,0.0,0.0,5,18.1,17.9,99,998.2,360,1.0,-9900,-9900,0.0,0.0
2023,12,5,5,60,0.0,0.0,0.0,0.0,0.0,5,17.8,17.6,99,998.9,14,1.3,-9900,-9900,0.0,0.0
2023,12,5,6,60,0.0,0.0,0.0,0.0,0.0,5,17.7,17.5,99,999.6,3,0.8,-9900,-9900,0.0,0.0
2023,12,5,7,60,0.0,0.0,0.0,0.0,0.0,5,17.8,17.6,99,1000.2,352,0.4,-9900,-9900,0.0,0.0
2023,12,5,8,60,0.0,0.0,0.0,0.0,0.0,5,17.8,17.6,99,1000.5,35,1.1,-9900,-9900,0.0,0.0
2023,12,5,9,60,0.0,0.0,0.0,0.0,0.0,5,18.0,17.8,99,1000.8,34,0.8,-9900,-9900,0.0,0.0
2023,12,5,10,60,0.0,0.0,0.0,0.0,0.0,5,18.0,17.8,99,1000.6,35,2.0,-9900,-9900,0.0,0.0
2023,12,5,11,60,0.0,0.0,0.0,0.0,0.0,5,18.0,17.8,99,999.8,31,2.1,-9900,-9900,0.0,0.0
2023,12,5,12,60,0.0,0.0,0.0,0.0,0.0,5,18.3,17.8,97,998.6,35,2.0,-9900,-9900,0.0,0.0
2023,12,5,13,60,0.0,0.0,0.0,0.0,0.0,5,18.2,16.9,92,997.9,34,2.5,-9900,-9900,0.0,0.0
2023,12,5,14,60,0.0,0.0,0.0,0.0,0.0,5,18.2,16.4,89,997.8,40,2.0,-9900,-9900,0.0,0.0
2023,12,5,15,60,0.0,0.0,0.0,0.0,0.0,5,17.6,16.3,92,998.1,33,2.3,-9900,-9900,0.0,0.0
2023,12,5,16,60,0.0,0.0,0.0,0.0,0.0,5,17.6,15.8,89,998.4,64,2.3,-9900,-9900,0.0,0.0
2023,12,5,17,60,0.0,0.0,0.0,0.0,0.0,5,17.7,16.2,91,998.8,71,1.3,-9900,-9900,0.0,0.0
2023,12,5,18,60,0.0,0.0,0.0,0.0,0.0,5,17.8,16.1,90,999.1,80,1.1,-9900,-9900,0.0,0.0
2023,12,5,19,60,0.0,0.0,0.0,0.0,0.0,5,17.7,16.9,95,999.2,73,1.9,-9900,-9900,0.0,0.0
2023,12,5,20,60,0.0,0.0,0.0,0.0,0.0,5,17.8,16.8,94,999.1,59,2.1,-9900,-9900,0.0,0.0
2023,12,5,21,60,0.0,0.0,0.0,0.0,0.0,5,18.1,17.1,94,999.1,55,1.7,-9900,-9900,0.0,0.0
2023,12,5,22,60,0.0,0.0,0.0,0.0,0.0,5,18.5,17.0,91,999.4,67,1.7,-9900,-9900,0.0,0.0
2023,12,5,23,60,0.0,0.0,0.0,0.0,0.0,5,18.6,16.6,88,998.8,68,2.0,-9900,-9900,0.0,0.0
2023,12,5,24,60,0.0,0.0,0.0,0.0,0.0,5,18.8,16.8,88,998.5,68,2.1,-9900,-9900,0.0,0.0
2023,12,6,1,60,0.0,0.0,0.0,0.0,0.0,5,18.6,17.1,91,998.4,66,1.5,-9900,-9900,0.0,0.0
2023,12,6,2,60,0.0,0.0,0.0,0.0,0.0,5,18.4,17.1,92,998.4,78,2.0,-9900,-9900,0.0,0.0
2023,12,6,3,60,0.0,0.0,0.0,0.0,0.0,5,18.3,17.0,92,998.3,54,0.8,-9900,-9900,0.0,0.0
2023,12,6,4,60,0.0,0.0,0.0,0.0,0.0,5,18.2,16.9,92,998.2,50,0.8,-9900,-9900,0.0,0.0
2023,12,6,5,60,0.0,0.0,0.0,0.0,0.0,5,18.3,17.0,92,999.2,74,0.3,-9900,-9900,0.0,0.0
2023,12,6,6,60,0.0,0.0,0.0,0.0,0.0,5,18.2,17.6,96,999.6,142,0.4,-9900,-9900,0.0,0.0
2023,12,6,7,60,0.0,0.0,0.0,0.0,0.0,5,18.0,17.4,96,999.9,0,0.0,-9900,-9900,0.0,0.0
2023,12,6,8,60,0.0,0.0,0.0,0.0,0.0,5,18.2,17.7,97,1000.8,86,0.7,-9900,-9900,0.0,0.0
2023,12,6,9,60,0.0,0.0,0.0,0.0,0.0,5,18.1,17.9,99,1001.2,0,0.0,-9900,-9900,0.0,0.0
2023,12,6,10,60,0.0,0.0,0.0,0.0,0.0,5,18.1,17.9,99,1000.9,2,0.8,-9900,-9900,0.0,0.0
2023,12,6,11,60,0.0,0.0,0.0,0.0,0.0,5,17.8,17.3,97,1000.4,34,2.0,-9900,-9900,0.0,0.0
2023,12,6,12,60,0.0,0.0,0.0,0.0,0.0,5,17.6,16.5,93,1000.1,342,0.8,-9900,-9900,0.0,0.0
2023,12,6,13,60,0.0,0.0,0.0,0.0,0.0,5,17.9,16.1,89,999.8,2,1.3,-9900,-9900,0.0,0.0
2023,12,6,14,60,0.0,0.0,0.0,0.0,0.0,5,17.3,16.2,93,999.2,34,2.2,-9900,-9900,0.0,0.0
2023,12,6,15,60,0.0,0.0,0.0,0.0,0.0,5,17.1,16.1,94,999.6,37,1.1,-9900,-9900,0.0,0.0
2023,12,6,16,60,0.0,0.0,0.0,0.0,0.0,5,17.2,16.4,95,999.8,16,0.3,-9900,-9900,0.0,0.0
2023,12,6,17,60,0.0,0.0,0.0,0.0,0.0,5,17.2,16.4,95,1000.5,25,0.6,-9900,-9900,0.0,0.0
2023,12,6,18,60,0.0,0.0,0.0,0.0,0.0,5,17.3,15.8,91,1000.6,88,0.5,-9900,-9900,0.0,0.0
2023,12,6,19,60,0.0,0.0,0.0,0.0,0.0,5,17.4,15.9,91,1001.3,157,0.4,-9900,-9900,0.0,0.0
2023,12,6,20,60,0.0,0.0,0.0,0.0,0.0,5,17.2,16.2,94,1001.0,50,0.8,-9900,-9900,0.0,0.0
2023,12,6,21,60,0.0,0.0,0.0,0.0,0.0,5,17.7,15.0,84,1001.4,63,1.0,-9900,-9900,0.0,0.0
2023,12,6,22,60,0.0,0.0,0.0,0.0,0.0,5,17.1,15.8,92,1001.5,137,1.3,-9900,-9900,0.0,0.0
2023,12,6,23,60,0.0,0.0,0.0,0.0,0.0,5,16.5,15.2,92,1001.4,84,1.1,-9900,-9900,0.0,0.0
2023,12,6,24,60,0.0,0.0,0.0,0.0,0.0,5,16.5,14.9,90,1001.4,63,0.8,-9900,-9900,0.0,0.0
2023,12,7,1,60,0.0,0.0,0.0,0.0,0.0,5,17.2,13.5,79,1001.4,78,1.9,-9900,-9900,0.0,0.0
2023,12,7,2,60,0.0,0.0,0.0,0.0,0.0,5,16.9,13.0,78,1001.1,75,1.3,-9900,-9900,0.0,0.0
2023,12,7,3,60,0.0,0.0,0.0,0.0,0.0,5,17.1,12.2,73,1000.9,79,1.9,-9900,-9900,0.0,0.0
2023,12,7,4,60,0.0,0.0,0.0,0.0,0.0,5,16.9,11.8,72,1000.8,78,1.8,-9900,-9900,0.0,0.0
2023,12,7,5,60,0.0,0.0,0.0,0.0,0.0,5,16.5,11.6,73,1001.0,73,2.1,-9900,-9900,0.0,0.0
2023,12,7,6,60,0.0,0.0,0.0,0.0,0.0,5,16.5,11.6,73,1001.4,81,2.5,-9900,-9900,0.0,0.0
2023,12,7,7,60,0.0,0.0,0.0,0.0,0.0,5,16.5,11.8,74,1002.0,80,2.0,-9900,-9900,0.0,0.0
2023,12,7,8,60,0.0,0.0,0.0,0.0,0.0,5,17.6,12.1,70,1002.3,87,2.7,-9900,-9900,0.0,0.0
2023,12,7,9,60,0.0,0.0,0.0,0.0,0.0,5,18.8,12.1,65,1002.4,75,3.5,-9900,-9900,0.0,0.0
2023,12,7,10,60,0.0,0.0,0.0,0.0,0.0,5,20.2,11.4,57,1002.1,79,3.7,-9900,-9900,0.0,0.0
2023,12,7,11,60,0.0,0.0,0.0,0.0,0.0,5,20.5,11.2,55,1000.9,87,4.0,-9900,-9900,0.0,0.0
2023,12,7,12,60,0.0,0.0,0.0,0.0,0.0,5,20.9,11.0,53,1000.1,83,4.2,-9900,-9900,0.0,0.0
2023,12,7,13,60,0.0,0.0,0.0,0.0,0.0,5,21.1,10.9,52,999.4,91,5.2,-9900,-9900,0.0,0.0
2023,12,7,14,60,0.0,0.0,0.0,0.0,0.0,5,21.0,10.8,52,998.8,90,5.3,-9900,-9900,0.0,0.0
2023,12,7,15,60,0.0,0.0,0.0,0.0,0.0,5,20.9,11.2,54,998.6,78,3.8,-9900,-9900,0.0,0.0
2023,12,7,16,60,0.0,0.0,0.0,0.0,0.0,5,20.4,11.1,55,998.6,83,3.8,-9900,-9900,0.0,0.0
2023,12,7,17,60,0.0,0.0,0.0,0.0,0.0,5,19.6,11.1,58,998.9,92,4.9,-9900,-9900,0.0,0.0
2023,12,7,18,60,0.0,0.0,0.0,0.0,0.0,5,19.0,11.1,60,999.4,92,2.7,-9900,-9900,0.0,0.0
2023,12,7,19,60,0.0,0.0,0.0,0.0,0.0,5,18.6,11.2,62,999.9,92,2.6,-9900,-9900,0.0,0.0
2023,12,7,20,60,0.0,0.0,0.0,0.0,0.0,5,18.4,11.5,64,1000.0,96,3.3,-9900,-9900,0.0,0.0
2023,12,7,21,60,0.0,0.0,0.0,0.0,0.0,5,18.3,11.4,64,1000.0,92,3.2,-9900,-9900,0.0,0.0
2023,12,7,22,60,0.0,0.0,0.0,0.0,0.0,5,18.3,11.4,64,1000.2,92,3.7,-9900,-9900,0.0,0.0
2023,12,7,23,60,0.0,0.0,0.0,0.0,0.0,5,18.3,11.4,64,1000.0,99,2.8,-9900,-9900,0.0,0.0
2023,12,7,24,60,0.0,0.0,0.0,0.0,0.0,5,18.1,11.6,66,999.8,109,2.1,-9900,-9900,0.0,0.0
2023,12,8,1,60,0.0,0.0,0.0,0.0,0.0,5,18.1,12.1,68,999.6,129,1.7,-9900,-9900,0.0,0.0
2023,12,8,2,60,0.0,0.0,0.0,0.0,0.0,5,17.8,12.5,71,999.3,143,1.3,-9900,-9900,0.0,0.0
2023,12,8,3,60,0.0,0.0,0.0,0.0,0.0,5,17.6,12.7,73,999.1,133,1.0,-9900,-9900,0.0,0.0
2023,12,8,4,60,0.0,0.0,0.0,0.0,0.0,5,17.5,12.6,73,999.2,142,0.8,-9900,-9900,0.0,0.0
2023,12,8,5,60,0.0,0.0,0.0,0.0,0.0,5,17.4,12.5,73,999.5,126,1.5,-9900,-9900,0.0,0.0
2023,12,8,6,60,0.0,0.0,0.0,0.0,0.0,5,17.2,12.3,73,1000.0,135,1.1,-9900,-9900,0.0,0.0
2023,12,8,7,60,0.0,0.0,0.0,0.0,0.0,5,17.1,12.2,73,1000.4,137,1.0,-9900,-9900,0.0,0.0
2023,12,8,8,60,0.0,0.0,0.0,0.0,0.0,5,18.0,12.2,69,1000.9,124,1.4,-9900,-9900,0.0,0.0
2023,12,8,9,60,0.0,0.0,0.0,0.0,0.0,5,20.1,13.6,66,1001.5,138,1.1,-9900,-9900,0.0,0.0
2023,12,8,10,60,0.0,0.0,0.0,0.0,0.0,5,22.3,14.2,60,1001.4,0,0.2,-9900,-9900,0.0,0.0
2023,12,8,11,60,0.0,0.0,0.0,0.0,0.0,5,23.4,13.8,55,1000.8,78,0.7,-9900,-9900,0.0,0.0
2023,12,8,12,60,0.0,0.0,0.0,0.0,0.0,5,23.4,13.8,55,1000.8,78,0.7,-9900,-9900,0.0,0.0
2023,12,8,13,60,0.0,0.0,0.0,0.0,0.0,5,23.4,13.8,55,1000.8,78,0.7,-9900,-9900,0.0,0.0
2023,12,8,14,60,0.0,0.0,0.0,0.0,0.0,5,24.5,16.7,62,998.3,332,0.8,-9900,-9900,0.0,0.0
2023,12,8,15,60,0.0,0.0,0.0,0.0,0.0,5,22.9,16.0,65,998.5,298,1.7,-9900,-9900,0.0,0.0
2023,12,8,16,60,0.0,0.0,0.0,0.0,0.0,5,22.3,15.6,66,998.7,325,1.3,-9900,-9900,0.0,0.0
2023,12,8,17,60,0.0,0.0,0.0,0.0,0.0,5,20.8,16.0,74,999.1,358,1.4,-9900,-9900,0.0,0.0
2023,12,8,18,60,0.0,0.0,0.0,0.0,0.0,5,20.2,16.2,78,999.4,13,0.7,-9900,-9900,0.0,0.0
2023,12,8,19,60,0.0,0.0,0.0,0.0,0.0,5,20.1,16.1,78,999.8,3,0.6,-9900,-9900,0.0,0.0
2023,12,8,20,60,0.0,0.0,0.0,0.0,0.0,5,19.9,16.3,80,999.9,2,0.5,-9900,-9900,0.0,0.0
2023,12,8,21,60,0.0,0.0,0.0,0.0,0.0,5,19.8,16.4,81,999.7,349,0.4,-9900,-9900,0.0,0.0
2023,12,8,22,60,0.0,0.0,0.0,0.0,0.0,5,19.7,16.2,80,999.5,256,0.3,-9900,-9900,0.0,0.0
2023,12,8,23,60,0.0,0.0,0.0,0.0,0.0,5,19.3,16.7,85,999.0,0,0.0,-9900,-9900,0.0,0.0
2023,12,8,24,60,0.0,0.0,0.0,0.0,0.0,5,18.9,16.5,86,999.0,0,0.0,-9900,-9900,0.0,0.0
2023,12,9,1,60,0.0,0.0,0.0,0.0,0.0,5,18.6,16.6,88,998.9,190,0.3,-9900,-9900,0.0,0.0
2023,12,9,2,60,0.0,0.0,0.0,0.0,0.0,5,18.3,16.1,87,999.0,191,0.3,-9900,-9900,0.0,0.0
2023,12,9,3,60,0.0,0.0,0.0,0.0,0.0,5,18.5,14.8,79,998.5,181,0.7,-9900,-9900,0.0,0.0
2023,12,9,4,60,0.0,0.0,0.0,0.0,0.0,5,18.0,14.3,79,998.0,0,0.0,-9900,-9900,0.0,0.0
2023,12,9,5,60,0.0,0.0,0.0,0.0,0.0,5,18.7,13.8,73,998.5,227,0.6,-9900,-9900,0.0,0.0
2023,12,9,6,60,0.0,0.0,0.0,0.0,0.0,5,18.8,13.4,71,999.4,271,0.4,-9900,-9900,0.0,0.0
2023,12,9,7,60,0.0,0.0,0.0,0.0,0.0,5,19.0,16.2,84,1000.5,0,0.0,-9900,-9900,0.0,0.0
2023,12,9,8,60,0.0,0.0,0.0,0.0,0.0,5,19.7,16.5,82,1001.1,213,0.5,-9900,-9900,0.0,0.0
2023,12,9,9,60,0.0,0.0,0.0,0.0,0.0,5,20.3,15.9,76,1001.6,73,0.4,-9900,-9900,0.0,0.0
2023,12,9,10,60,0.0,0.0,0.0,0.0,0.0,5,21.7,17.3,76,1000.7,82,1.1,-9900,-9900,0.0,0.0
2023,12,9,11,60,0.0,0.0,0.0,0.0,0.0,5,23.9,15.9,61,1000.0,34,0.3,-9900,-9900,0.0,0.0
2023,12,9,12,60,0.0,0.0,0.0,0.0,0.0,5,24.9,14.7,53,999.0,72,0.3,-9900,-9900,0.0,0.0
2023,12,9,13,60,0.0,0.0,0.0,0.0,0.0,5,24.9,14.7,53,999.0,72,0.3,-9900,-9900,0.0,0.0
2023,12,9,14,60,0.0,0.0,0.0,0.0,0.0,5,24.9,14.7,53,999.0,72,0.3,-9900,-9900,0.0,0.0
2023,12,9,15,60,0.0,0.0,0.0,0.0,0.0,5,24.9,18.4,67,997.6,352,1.8,-9900,-9900,0.0,0.0
2023,12,9,16,60,0.0,0.0,0.0,0.0,0.0,5,23.5,18.4,73,997.7,333,0.9,-9900,-9900,0.0,0.0
2023,12,9,17,60,0.0,0.0,0.0,0.0,0.0,5,21.4,18.8,85,997.8,6,1.6,-9900,-9900,0.0,0.0
2023,12,9,18,60,0.0,0.0,0.0,0.0,0.0,5,20.7,18.6,88,998.5,18,1.5,-9900,-9900,0.0,0.0
2023,12,9,19,60,0.0,0.0,0.0,0.0,0.0,5,20.6,18.7,89,998.5,355,0.6,-9900,-9900,0.0,0.0
2023,12,9,20,60,0.0,0.0,0.0,0.0,0.0,5,20.4,18.7,90,998.7,5,1.0,-9900,-9900,0.0,0.0
2023,12,9,21,60,0.0,0.0,0.0,0.0,0.0,5,20.6,18.5,88,998.6,66,0.4,-9900,-9900,0.0,0.0
2023,12,9,22,60,0.0,0.0,0.0,0.0,0.0,5,20.5,18.4,88,998.4,102,0.8,-9900,-9900,0.0,0.0
2023,12,9,23,60,0.0,0.0,0.0,0.0,0.0,5,20.2,18.5,90,998.1,107,0.7,-9900,-9900,0.0,0.0
2023,12,9,24,60,0.0,0.0,0.0,0.0,0.0,5,20.0,18.3,90,997.6,135,0.7,-9900,-9900,0.0,0.0
2023,12,10,1,60,0.0,0.0,0.0,0.0,0.0,5,19.9,18.4,91,997.6,0,0.0,-9900,-9900,0.0,0.0
2023,12,10,2,60,0.0,0.0,0.0,0.0,0.0,5,20.1,18.4,90,997.6,140,0.3,-9900,-9900,0.0,0.0
2023,12,10,3,60,0.0,0.0,0.0,0.0,0.0,5,19.8,17.6,87,997.5,146,0.3,-9900,-9900,0.0,0.0
2023,12,10,4,60,0.0,0.0,0.0,0.0,0.0,5,19.9,17.5,86,997.6,0,0.0,-9900,-9900,0.0,0.0
2023,12,10,5,60,0.0,0.0,0.0,0.0,0.0,5,19.9,17.3,85,998.0,0,0.0,-9900,-9900,0.0,0.0
2023,12,10,6,60,0.0,0.0,0.0,0.0,0.0,5,20.0,17.6,86,998.9,0,0.0,-9900,-9900,0.0,0.0
2023,12,10,7,60,0.0,0.0,0.0,0.0,0.0,5,19.5,17.3,87,999.3,0,0.0,-9900,-9900,0.0,0.0
2023,12,10,8,60,0.0,0.0,0.0,0.0,0.0,5,20.6,17.4,82,999.9,0,0.0,-9900,-9900,0.0,0.0
2023,12,10,9,60,0.0,0.0,0.0,0.0,0.0,5,22.7,18.0,75,1000.1,0,0.0,-9900,-9900,0.0,0.0
2023,12,10,10,60,0.0,0.0,0.0,0.0,0.0,5,23.7,18.1,71,999.9,91,1.0,-9900,-9900,0.0,0.0
2023,12,10,11,60,0.0,0.0,0.0,0.0,0.0,5,25.8,19.2,67,999.0,28,1.4,-9900,-9900,0.0,0.0
2023,12,10,12,60,0.0,0.0,0.0,0.0,0.0,5,25.3,21.0,77,997.8,354,1.2,-9900,-9900,0.0,0.0
2023,12,10,13,60,0.0,0.0,0.0,0.0,0.0,5,25.2,21.3,79,996.9,334,1.6,-9900,-9900,0.0,0.0
2023,12,10,14,60,0.0,0.0,0.0,0.0,0.0,5,25.6,21.5,78,996.1,355,1.1,-9900,-9900,0.0,0.0
2023,12,10,15,60,0.0,0.0,0.0,0.0,0.0,5,25.6,21.1,76,995.7,347,1.2,-9900,-9900,0.0,0.0
2023,12,10,16,60,0.0,0.0,0.0,0.0,0.0,5,24.8,21.5,82,995.8,315,2.2,-9900,-9900,0.0,0.0
2023,12,10,17,60,0.0,0.0,0.0,0.0,0.0,5,23.3,21.4,89,996.3,318,1.3,-9900,-9900,0.0,0.0
2023,12,10,18,60,0.0,0.0,0.0,0.0,0.0,5,22.0,21.5,97,996.9,345,1.0,-9900,-9900,0.0,0.0
2023,12,10,19,60,0.0,0.0,0.0,0.0,0.0,5,22.0,21.5,97,997.4,5,0.9,-9900,-9900,0.0,0.0
2023,12,10,20,60,0.0,0.0,0.0,0.0,0.0,5,22.1,21.6,97,997.7,329,0.6,-9900,-9900,0.0,0.0
2023,12,10,21,60,0.0,0.0,0.0,0.0,0.0,5,22.3,21.6,96,997.8,318,0.4,-9900,-9900,0.0,0.0
2023,12,10,22,60,0.0,0.0,0.0,0.0,0.0,5,22.1,21.6,97,997.7,279,0.7,-9900,-9900,0.0,0.0
2023,12,10,23,60,0.0,0.0,0.0,0.0,0.0,5,22.2,21.5,96,997.4,273,0.4,-9900,-9900,0.0,0.0
2023,12,10,24,60,0.0,0.0,0.0,0.0,0.0,5,22.3,21.6,96,997.3,316,0.4,-9900,-9900,0.0,0.0
2023,12,11,1,60,0.0,0.0,0.0,0.0,0.0,5,21.6,21.4,99,997.0,265,1.0,-9900,-9900,0.0,0.0
2023,12,11,2,60,0.0,0.0,0.0,0.0,0.0,5,21.6,21.4,99,996.7,0,0.0,-9900,-9900,0.0,0.0
2023,12,11,3,60,0.0,0.0,0.0,0.0,0.0,5,22.0,20.1,89,996.6,0,0.0,-9900,-9900,0.0,0.0
2023,12,11,4,60,0.0,0.0,0.0,0.0,0.0,5,21.7,20.7,94,996.9,313,1.0,-9900,-9900,0.0,0.0
2023,12,11,5,60,0.0,0.0,0.0,0.0,0.0,5,21.5,20.8,96,997.4,346,0.3,-9900,-9900,0.0,0.0
2023,12,11,6,60,0.0,0.0,0.0,0.0,0.0,5,21.7,21.5,99,998.3,315,1.1,-9900,-9900,0.0,0.0
2023,12,11,7,60,0.0,0.0,0.0,0.0,0.0,5,21.7,21.5,99,998.8,312,0.3,-9900,-9900,0.0,0.0
2023,12,11,8,60,0.0,0.0,0.0,0.0,0.0,5,22.2,21.4,95,999.3,312,1.4,-9900,-9900,0.0,0.0
2023,12,11,9,60,0.0,0.0,0.0,0.0,0.0,5,22.5,21.5,94,999.7,107,0.6,-9900,-9900,0.0,0.0
2023,12,11,10,60,0.0,0.0,0.0,0.0,0.0,5,24.2,20.9,82,999.8,0,0.0,-9900,-9900,0.0,0.0
2023,12,11,11,60,0.0,0.0,0.0,0.0,0.0,5,24.4,20.7,80,999.1,121,0.9,-9900,-9900,0.0,0.0
2023,12,11,12,60,0.0,0.0,0.0,0.0,0.0,5,26.1,20.2,70,997.7,142,0.9,-9900,-9900,0.0,0.0
2023,12,11,13,60,0.0,0.0,0.0,0.0,0.0,5,27.7,19.5,61,997.0,266,1.2,-9900,-9900,0.0,0.0
2023,12,11,14,60,0.0,0.0,0.0,0.0,0.0,5,28.2,20.0,61,996.3,287,0.7,-9900,-9900,0.0,0.0
2023,12,11,15,60,0.0,0.0,0.0,0.0,0.0,5,28.4,20.2,61,996.3,282,0.6,-9900,-9900,0.0,0.0
2023,12,11,16,60,0.0,0.0,0.0,0.0,0.0,5,27.5,19.6,62,996.5,290,1.0,-9900,-9900,0.0,0.0
2023,12,11,17,60,0.0,0.0,0.0,0.0,0.0,5,27.2,19.8,64,996.9,275,0.7,-9900,-9900,0.0,0.0
2023,12,11,18,60,0.0,0.0,0.0,0.0,0.0,5,26.3,20.2,69,997.6,264,0.9,-9900,-9900,0.0,0.0
2023,12,11,19,60,0.0,0.0,0.0,0.0,0.0,5,26.2,20.3,70,998.2,259,1.1,-9900,-9900,0.0,0.0
2023,12,11,20,60,0.0,0.0,0.0,0.0,0.0,5,25.3,20.3,74,998.4,0,0.0,-9900,-9900,0.0,0.0
2023,12,11,21,60,0.0,0.0,0.0,0.0,0.0,5,24.4,20.7,80,998.6,0,0.2,-9900,-9900,0.0,0.0
2023,12,11,22,60,0.0,0.0,0.0,0.0,0.0,5,24.4,20.7,80,998.7,116,0.5,-9900,-9900,0.0,0.0
2023,12,11,23,60,0.0,0.0,0.0,0.0,0.0,5,24.6,20.9,80,998.5,180,0.6,-9900,-9900,0.0,0.0
2023,12,11,24,60,0.0,0.0,0.0,0.0,0.0,5,23.5,20.8,85,998.7,21,2.1,-9900,-9900,0.0,0.0
2023,12,12,1,60,0.0,0.0,0.0,0.0,0.0,5,22.9,21.7,93,998.6,16,1.4,-9900,-9900,0.0,0.0
2023,12,12,2,60,0.0,0.0,0.0,0.0,0.0,5,22.2,21.7,97,998.7,44,1.4,-9900,-9900,0.0,0.0
2023,12,12,3,60,0.0,0.0,0.0,0.0,0.0,5,21.5,21.0,97,998.7,15,1.2,-9900,-9900,0.0,0.0
2023,12,12,4,60,0.0,0.0,0.0,0.0,0.0,5,21.0,20.8,99,999.0,39,1.0,-9900,-9900,0.0,0.0
2023,12,12,5,60,0.0,0.0,0.0,0.0,0.0,5,20.5,20.0,97,999.6,9,1.0,-9900,-9900,0.0,0.0
2023,12,12,6,60,0.0,0.0,0.0,0.0,0.0,5,20.1,19.4,96,1000.2,73,1.7,-9900,-9900,0.0,0.0
2023,12,12,7,60,0.0,0.0,0.0,0.0,0.0,5,19.8,19.3,97,1000.9,40,1.3,-9900,-9900,0.0,0.0
2023,12,12,8,60,0.0,0.0,0.0,0.0,0.0,5,20.9,18.3,85,1001.5,87,2.5,-9900,-9900,0.0,0.0
2023,12,12,9,60,0.0,0.0,0.0,0.0,0.0,5,21.1,18.3,84,1002.1,83,2.9,-9900,-9900,0.0,0.0
2023,12,12,10,60,0.0,0.0,0.0,0.0,0.0,5,21.5,18.5,83,1002.6,89,2.2,-9900,-9900,0.0,0.0
2023,12,12,11,60,0.0,0.0,0.0,0.0,0.0,5,20.4,18.9,91,1002.4,50,1.9,-9900,-9900,0.0,0.0
2023,12,12,12,60,0.0,0.0,0.0,0.0,0.0,5,19.7,18.2,91,1002.0,39,2.9,-9900,-9900,0.0,0.0
2023,12,12,13,60,0.0,0.0,0.0,0.0,0.0,5,19.4,17.7,90,1001.6,39,2.8,-9900,-9900,0.0,0.0
2023,12,12,14,60,0.0,0.0,0.0,0.0,0.0,5,19.6,17.7,89,1001.3,61,2.4,-9900,-9900,0.0,0.0
2023,12,12,15,60,0.0,0.0,0.0,0.0,0.0,5,20.3,16.5,79,1001.4,87,3.9,-9900,-9900,0.0,0.0
2023,12,12,16,60,0.0,0.0,0.0,0.0,0.0,5,19.4,16.1,81,1001.5,76,4.8,-9900,-9900,0.0,0.0
2023,12,12,17,60,0.0,0.0,0.0,0.0,0.0,5,18.8,16.0,84,1002.0,79,3.8,-9900,-9900,0.0,0.0
2023,12,12,18,60,0.0,0.0,0.0,0.0,0.0,5,18.5,16.1,86,1002.7,80,3.6,-9900,-9900,0.0,0.0
2023,12,12,19,60,0.0,0.0,0.0,0.0,0.0,5,18.4,16.0,86,1003.3,77,4.1,-9900,-9900,0.0,0.0
2023,12,12,20,60,0.0,0.0,0.0,0.0,0.0,5,18.3,16.1,87,1003.7,79,3.6,-9900,-9900,0.0,0.0
2023,12,12,21,60,0.0,0.0,0.0,0.0,0.0,5,18.2,16.4,89,1004.0,83,4.1,-9900,-9900,0.0,0.0
2023,12,12,22,60,0.0,0.0,0.0,0.0,0.0,5,18.0,16.2,89,1004.0,78,4.5,-9900,-9900,0.0,0.0
2023,12,12,23,60,0.0,0.0,0.0,0.0,0.0,5,17.8,15.8,88,1003.9,76,4.0,-9900,-9900,0.0,0.0
2023,12,12,24,60,0.0,0.0,0.0,0.0,0.0,5,17.7,15.7,88,1003.5,82,3.8,-9900,-9900,0.0,0.0
2023,12,13,1,60,0.0,0.0,0.0,0.0,0.0,5,17.6,15.8,89,1003.4,78,3.6,-9900,-9900,0.0,0.0
2023,12,13,2,60,0.0,0.0,0.0,0.0,0.0,5,17.6,15.8,89,1003.1,71,4.0,-9900,-9900,0.0,0.0
2023,12,13,3,60,0.0,0.0,0.0,0.0,0.0,5,17.6,15.8,89,1002.8,70,3.8,-9900,-9900,0.0,0.0
2023,12,13,4,60,0.0,0.0,0.0,0.0,0.0,5,17.7,16.2,91,1003.2,76,4.0,-9900,-9900,0.0,0.0
2023,12,13,5,60,0.0,0.0,0.0,0.0,0.0,5,17.8,16.1,90,1003.4,75,3.8,-9900,-9900,0.0,0.0
2023,12,13,6,60,0.0,0.0,0.0,0.0,0.0,5,17.9,16.2,90,1003.8,75,3.7,-9900,-9900,0.0,0.0
2023,12,13,7,60,0.0,0.0,0.0,0.0,0.0,5,17.9,16.6,92,1004.1,76,3.8,-9900,-9900,0.0,0.0
2023,12,13,8,60,0.0,0.0,0.0,0.0,0.0,5,18.5,16.5,88,1004.4,76,4.1,-9900,-9900,0.0,0.0
2023,12,13,9,60,0.0,0.0,0.0,0.0,0.0,5,19.2,16.6,85,1004.7,88,2.7,-9900,-9900,0.0,0.0
2023,12,13,10,60,0.0,0.0,0.0,0.0,0.0,5,20.3,16.9,81,1004.4,84,3.6,-9900,-9900,0.0,0.0
2023,12,13,11,60,0.0,0.0,0.0,0.0,0.0,5,20.7,17.1,80,1004.0,88,4.0,-9900,-9900,0.0,0.0
2023,12,13,12,60,0.0,0.0,0.0,0.0,0.0,5,21.4,17.4,78,1003.5,75,2.3,-9900,-9900,0.0,0.0
2023,12,13,13,60,0.0,0.0,0.0,0.0,0.0,5,21.6,17.6,78,1002.8,86,3.9,-9900,-9900,0.0,0.0
2023,12,13,14,60,0.0,0.0,0.0,0.0,0.0,5,22.0,18.0,78,1002.5,84,1.9,-9900,-9900,0.0,0.0
2023,12,13,15,60,0.0,0.0,0.0,0.0,0.0,5,21.9,17.9,78,1002.5,81,2.2,-9900,-9900,0.0,0.0
2023,12,13,16,60,0.0,0.0,0.0,0.0,0.0,5,21.6,18.0,80,1002.4,86,2.8,-9900,-9900,0.0,0.0
2023,12,13,17,60,0.0,0.0,0.0,0.0,0.0,5,21.2,18.2,83,1002.8,89,2.5,-9900,-9900,0.0,0.0
2023,12,13,18,60,0.0,0.0,0.0,0.0,0.0,5,20.8,18.6,87,1003.1,96,1.9,-9900,-9900,0.0,0.0
2023,12,13,19,60,0.0,0.0,0.0,0.0,0.0,5,20.9,18.7,87,1003.2,97,3.0,-9900,-9900,0.0,0.0
2023,12,13,20,60,0.0,0.0,0.0,0.0,0.0,5,20.9,18.5,86,1003.3,96,2.9,-9900,-9900,0.0,0.0
2023,12,13,21,60,0.0,0.0,0.0,0.0,0.0,5,20.9,18.7,87,1003.5,103,2.3,-9900,-9900,0.0,0.0
2023,12,13,22,60,0.0,0.0,0.0,0.0,0.0,5,20.8,18.6,87,1003.4,102,1.3,-9900,-9900,0.0,0.0
2023,12,13,23,60,0.0,0.0,0.0,0.0,0.0,5,20.5,18.3,87,1003.2,117,1.4,-9900,-9900,0.0,0.0
2023,12,13,24,60,0.0,0.0,0.0,0.0,0.0,5,20.2,18.3,89,1003.0,134,1.2,-9900,-9900,0.0,0.0
2023,12,14,1,60,0.0,0.0,0.0,0.0,0.0,5,20.0,18.3,90,1003.1,142,1.0,-9900,-9900,0.0,0.0
2023,12,14,2,60,0.0,0.0,0.0,0.0,0.0,5,19.8,18.3,91,1003.1,189,0.4,-9900,-9900,0.0,0.0
2023,12,14,3,60,0.0,0.0,0.0,0.0,0.0,5,19.8,18.3,91,1003.0,0,0.2,-9900,-9900,0.0,0.0
2023,12,14,4,60,0.0,0.0,0.0,0.0,0.0,5,19.6,18.3,92,1002.9,0,0.0,-9900,-9900,0.0,0.0
2023,12,14,5,60,0.0,0.0,0.0,0.0,0.0,5,19.4,17.9,91,1003.0,0,0.0,-9900,-9900,0.0,0.0
2023,12,14,6,60,0.0,0.0,0.0,0.0,0.0,5,19.5,16.0,80,1003.1,221,0.3,-9900,-9900,0.0,0.0
2023,12,14,7,60,0.0,0.0,0.0,0.0,0.0,5,19.0,16.2,84,1003.2,131,1.5,-9900,-9900,0.0,0.0
2023,12,14,8,60,0.0,0.0,0.0,0.0,0.0,5,20.3,16.5,79,1003.5,121,1.5,-9900,-9900,0.0,0.0
2023,12,14,9,60,0.0,0.0,0.0,0.0,0.0,5,22.7,17.4,72,1004.0,84,0.5,-9900,-9900,0.0,0.0
2023,12,14,10,60,0.0,0.0,0.0,0.0,0.0,5,24.9,17.9,65,1003.9,59,0.4,-9900,-9900,0.0,0.0
2023,12,14,11,60,0.0,0.0,0.0,0.0,0.0,5,25.6,18.3,64,1003.6,3,0.3,-9900,-9900,0.0,0.0
2023,12,14,12,60,0.0,0.0,0.0,0.0,0.0,5,26.1,19.0,65,1002.7,335,1.1,-9900,-9900,0.0,0.0
2023,12,14,13,60,0.0,0.0,0.0,0.0,0.0,5,27.0,19.1,62,1001.7,33,0.4,-9900,-9900,0.0,0.0
2023,12,14,14,60,0.0,0.0,0.0,0.0,0.0,5,26.9,19.3,63,1000.9,311,1.8,-9900,-9900,0.0,0.0
2023,12,14,15,60,0.0,0.0,0.0,0.0,0.0,5,26.2,19.8,68,1000.5,326,1.8,-9900,-9900,0.0,0.0
2023,12,14,16,60,0.0,0.0,0.0,0.0,0.0,5,25.4,20.0,72,1000.6,313,1.9,-9900,-9900,0.0,0.0
2023,12,14,17,60,0.0,0.0,0.0,0.0,0.0,5,23.9,20.2,80,1000.7,342,1.1,-9900,-9900,0.0,0.0
2023,12,14,18,60,0.0,0.0,0.0,0.0,0.0,5,23.2,20.2,83,1001.3,0,0.0,-9900,-9900,0.0,0.0
2023,12,14,19,60,0.0,0.0,0.0,0.0,0.0,5,23.1,20.2,84,1001.7,0,0.0,-9900,-9900,0.0,0.0
2023,12,14,20,60,0.0,0.0,0.0,0.0,0.0,5,22.5,20.2,87,1001.8,0,0.0,-9900,-9900,0.0,0.0
2023,12,14,21,60,0.0,0.0,0.0,0.0,0.0,5,22.4,19.9,86,1001.6,82,0.3,-9900,-9900,0.0,0.0
2023,12,14,22,60,0.0,0.0,0.0,0.0,0.0,5,22.0,19.9,88,1001.4,0,0.0,-9900,-9900,0.0,0.0
2023,12,14,23,60,0.0,0.0,0.0,0.0,0.0,5,21.6,19.7,89,1001.1,149,0.7,-9900,-9900,0.0,0.0
2023,12,14,24,60,0.0,0.0,0.0,0.0,0.0,5,21.5,19.8,90,1001.1,0,0.0,-9900,-9900,0.0,0.0
2023,12,15,1,60,0.0,0.0,0.0,0.0,0.0,5,21.4,19.5,89,1000.9,0,0.0,-9900,-9900,0.0,0.0
2023,12,15,2,60,0.0,0.0,0.0,0.0,0.0,5,21.1,19.4,90,1000.4,194,0.6,-9900,-9900,0.0,0.0
2023,12,15,3,60,0.0,0.0,0.0,0.0,0.0,5,20.8,17.6,82,1000.2,160,0.6,-9900,-9900,0.0,0.0
2023,12,15,4,60,0.0,0.0,0.0,0.0,0.0,5,20.5,17.9,85,1000.1,313,0.7,-9900,-9900,0.0,0.0
2023,12,15,5,60,0.0,0.0,0.0,0.0,0.0,5,20.5,20.0,97,1000.3,281,0.6,-9900,-9900,0.0,0.0
2023,12,15,6,60,0.0,0.0,0.0,0.0,0.0,5,20.5,19.7,95,1000.9,265,1.3,-9900,-9900,0.0,0.0
2023,12,15,7,60,0.0,0.0,0.0,0.0,0.0,5,20.9,18.8,88,1001.2,190,0.6,-9900,-9900,0.0,0.0
2023,12,15,8,60,0.0,0.0,0.0,0.0,0.0,5,21.8,18.8,83,1001.4,156,0.9,-9900,-9900,0.0,0.0
2023,12,15,9,60,0.0,0.0,0.0,0.0,0.0,5,23.7,18.6,73,1001.5,132,1.3,-9900,-9900,0.0,0.0
2023,12,15,10,60,0.0,0.0,0.0,0.0,0.0,5,26.2,17.8,60,1001.4,0,0.0,-9900,-9900,0.0,0.0
2023,12,15,11,60,0.0,0.0,0.0,0.0,0.0,5,26.0,17.1,58,1000.9,276,1.0,-9900,-9900,0.0,0.0
2023,12,15,12,60,0.0,0.0,0.0,0.0,0.0,5,26.8,17.3,56,999.9,304,1.4,-9900,-9900,0.0,0.0
2023,12,15,13,60,0.0,0.0,0.0,0.0,0.0,5,27.2,16.2,51,998.9,295,1.0,-9900,-9900,0.0,0.0
2023,12,15,14,60,0.0,0.0,0.0,0.0,0.0,5,26.8,17.8,58,998.5,324,2.1,-9900,-9900,0.0,0.0
2023,12,15,15,60,0.0,0.0,0.0,0.0,0.0,5,26.6,17.7,58,998.4,317,1.8,-9900,-9900,0.0,0.0
2023,12,15,16,60,0.0,0.0,0.0,0.0,0.0,5,26.4,17.7,59,998.5,313,0.6,-9900,-9900,0.0,0.0
2023,12,15,17,60,0.0,0.0,0.0,0.0,0.0,5,26.0,17.4,59,999.1,264,0.4,-9900,-9900,0.0,0.0
2023,12,15,18,60,0.0,0.0,0.0,0.0,0.0,5,25.4,18.3,65,999.3,211,0.5,-9900,-9900,0.0,0.0
2023,12,15,19,60,0.0,0.0,0.0,0.0,0.0,5,25.1,18.1,65,999.4,172,1.1,-9900,-9900,0.0,0.0
2023,12,15,20,60,0.0,0.0,0.0,0.0,0.0,5,24.6,17.8,66,999.3,168,1.3,-9900,-9900,0.0,0.0
2023,12,15,21,60,0.0,0.0,0.0,0.0,0.0,5,24.1,17.8,68,999.7,150,0.6,-9900,-9900,0.0,0.0
2023,12,15,22,60,0.0,0.0,0.0,0.0,0.0,5,23.2,17.9,72,1000.1,107,0.9,-9900,-9900,0.0,0.0
2023,12,15,23,60,0.0,0.0,0.0,0.0,0.0,5,22.1,20.6,91,1000.8,23,2.3,-9900,-9900,0.0,0.0
2023,12,15,24,60,0.0,0.0,0.0,0.0,0.0,5,21.9,20.7,93,1000.8,11,0.8,-9900,-9900,0.0,0.0
2023,12,16,1,60,0.0,0.0,0.0,0.0,0.0,5,21.5,20.7,95,1000.7,6,1.2,-9900,-9900,0.0,0.0
2023,12,16,2,60,0.0,0.0,0.0,0.0,0.0,5,21.2,20.2,94,1000.8,44,0.7,-9900,-9900,0.0,0.0
2023,12,16,3,60,0.0,0.0,0.0,0.0,0.0,5,21.3,19.4,89,1001.0,97,2.6,-9900,-9900,0.0,0.0
2023,12,16,4,60,0.0,0.0,0.0,0.0,0.0,5,20.2,18.7,91,1001.5,29,2.3,-9900,-9900,0.0,0.0
2023,12,16,5,60,0.0,0.0,0.0,0.0,0.0,5,19.2,18.2,94,1002.3,51,2.2,-9900,-9900,0.0,0.0
2023,12,16,6,60,0.0,0.0,0.0,0.0,0.0,5,17.5,16.4,93,1003.6,37,3.9,-9900,-9900,0.0,0.0
2023,12,16,7,60,0.0,0.0,0.0,0.0,0.0,5,15.5,14.4,93,1005.2,50,3.6,-9900,-9900,0.0,0.0
2023,12,16,8,60,0.0,0.0,0.0,0.0,0.0,5,14.0,12.7,92,1006.8,54,3.5,-9900,-9900,0.0,0.0
2023,12,16,9,60,0.0,0.0,0.0,0.0,0.0,5,13.5,12.1,91,1007.9,61,3.4,-9900,-9900,0.0,0.0
2023,12,16,10,60,0.0,0.0,0.0,0.0,0.0,5,13.2,11.8,91,1008.4,45,4.2,-9900,-9900,0.0,0.0
2023,12,16,11,60,0.0,0.0,0.0,0.0,0.0,5,13.5,11.6,88,1008.6,58,4.0,-9900,-9900,0.0,0.0
2023,12,16,12,60,0.0,0.0,0.0,0.0,0.0,5,13.1,11.8,92,1008.1,59,3.9,-9900,-9900,0.0,0.0
2023,12,16,13,60,0.0,0.0,0.0,0.0,0.0,5,13.9,11.4,85,1007.7,59,3.4,-9900,-9900,0.0,0.0
2023,12,16,14,60,0.0,0.0,0.0,0.0,0.0,5,12.9,11.6,92,1007.7,57,2.9,-9900,-9900,0.0,0.0
2023,12,16,15,60,0.0,0.0,0.0,0.0,0.0,5,12.7,10.8,88,1008.1,63,3.8,-9900,-9900,0.0,0.0
2023,12,16,16,60,0.0,0.0,0.0,0.0,0.0,5,12.2,10.4,89,1008.6,57,3.8,-9900,-9900,0.0,0.0
2023,12,16,17,60,0.0,0.0,0.0,0.0,0.0,5,11.9,10.3,90,1009.4,60,3.3,-9900,-9900,0.0,0.0
2023,12,16,18,60,0.0,0.0,0.0,0.0,0.0,5,11.4,9.7,89,1010.0,64,3.4,-9900,-9900,0.0,0.0
2023,12,16,19,60,0.0,0.0,0.0,0.0,0.0,5,11.7,8.7,82,1010.4,61,3.9,-9900,-9900,0.0,0.0
2023,12,16,20,60,0.0,0.0,0.0,0.0,0.0,5,12.3,8.6,78,1010.8,73,2.8,-9900,-9900,0.0,0.0
2023,12,16,21,60,0.0,0.0,0.0,0.0,0.0,5,12.0,8.8,81,1011.1,55,4.2,-9900,-9900,0.0,0.0
2023,12,16,22,60,0.0,0.0,0.0,0.0,0.0,5,11.4,8.8,84,1011.6,60,4.1,-9900,-9900,0.0,0.0
2023,12,16,23,60,0.0,0.0,0.0,0.0,0.0,5,11.7,8.4,80,1011.6,56,4.2,-9900,-9900,0.0,0.0
2023,12,16,24,60,0.0,0.0,0.0,0.0,0.0,5,11.5,8.4,81,1011.6,69,2.8,-9900,-9900,0.0,0.0
2023,12,17,1,60,0.0,0.0,0.0,0.0,0.0,5,11.6,8.4,81,1011.6,64,2.9,-9900,-9900,0.0,0.0
2023,12,17,2,60,0.0,0.0,0.0,0.0,0.0,5,11.8,7.3,74,1011.5,81,3.5,-9900,-9900,0.0,0.0
2023,12,17,3,60,0.0,0.0,0.0,0.0,0.0,5,11.6,7.7,77,1011.5,74,3.0,-9900,-9900,0.0,0.0
2023,12,17,4,60,0.0,0.0,0.0,0.0,0.0,5,11.2,7.9,80,1011.1,85,3.7,-9900,-9900,0.0,0.0
2023,12,17,5,60,0.0,0.0,0.0,0.0,0.0,5,11.4,8.3,81,1010.7,76,3.9,-9900,-9900,0.0,0.0
2023,12,17,6,60,0.0,0.0,0.0,0.0,0.0,5,11.6,8.3,80,1010.9,78,4.3,-9900,-9900,0.0,0.0
2023,12,17,7,60,0.0,0.0,0.0,0.0,0.0,5,11.7,8.4,80,1011.5,81,4.4,-9900,-9900,0.0,0.0
2023,12,17,8,60,0.0,0.0,0.0,0.0,0.0,5,11.9,8.4,79,1012.3,80,3.1,-9900,-9900,0.0,0.0
2023,12,17,9,60,0.0,0.0,0.0,0.0,0.0,5,11.7,9.1,84,1012.2,87,4.5,-9900,-9900,0.0,0.0
2023,12,17,10,60,0.0,0.0,0.0,0.0,0.0,5,12.1,9.5,84,1012.1,81,4.1,-9900,-9900,0.0,0.0
2023,12,17,11,60,0.0,0.0,0.0,0.0,0.0,5,12.6,9.6,82,1011.3,79,3.6,-9900,-9900,0.0,0.0
2023,12,17,12,60,0.0,0.0,0.0,0.0,0.0,5,12.8,9.8,82,1009.8,79,4.5,-9900,-9900,0.0,0.0
2023,12,17,13,60,0.0,0.0,0.0,0.0,0.0,5,13.0,10.0,82,1008.4,80,4.2,-9900,-9900,0.0,0.0
2023,12,17,14,60,0.0,0.0,0.0,0.0,0.0,5,13.0,10.2,83,1007.7,77,4.7,-9900,-9900,0.0,0.0
2023,12,17,15,60,0.0,0.0,0.0,0.0,0.0,5,13.0,10.4,84,1007.5,78,4.6,-9900,-9900,0.0,0.0
2023,12,17,16,60,0.0,0.0,0.0,0.0,0.0,5,13.1,10.5,84,1007.8,71,4.9,-9900,-9900,0.0,0.0
2023,12,17,17,60,0.0,0.0,0.0,0.0,0.0,5,13.2,10.7,85,1008.5,78,4.1,-9900,-9900,0.0,0.0
2023,12,17,18,60,0.0,0.0,0.0,0.0,0.0,5,13.1,11.2,88,1009.0,84,4.7,-9900,-9900,0.0,0.0
2023,12,17,19,60,0.0,0.0,0.0,0.0,0.0,5,13.1,11.2,88,1009.6,79,4.7,-9900,-9900,0.0,0.0
2023,12,17,20,60,0.0,0.0,0.0,0.0,0.0,5,13.2,11.4,89,1009.2,79,4.2,-9900,-9900,0.0,0.0
2023,12,17,21,60,0.0,0.0,0.0,0.0,0.0,5,13.6,12.2,91,1008.7,74,4.2,-9900,-9900,0.0,0.0
2023,12,17,22,60,0.0,0.0,0.0,0.0,0.0,5,13.9,12.3,90,1008.2,76,3.8,-9900,-9900,0.0,0.0
2023,12,17,23,60,0.0,0.0,0.0,0.0,0.0,5,14.1,12.1,88,1007.7,76,4.0,-9900,-9900,0.0,0.0
2023,12,17,24,60,0.0,0.0,0.0,0.0,0.0,5,14.3,12.3,88,1007.1,80,3.9,-9900,-9900,0.0,0.0
2023,12,18,1,60,0.0,0.0,0.0,0.0,0.0,5,14.5,12.5,88,1006.8,76,4.4,-9900,-9900,0.0,0.0
2023,12,18,2,60,0.0,0.0,0.0,0.0,0.0,5,14.7,13.1,90,1006.7,75,3.7,-9900,-9900,0.0,0.0
2023,12,18,3,60,0.0,0.0,0.0,0.0,0.0,5,15.2,13.4,89,1006.4,81,3.0,-9900,-9900,0.0,0.0
2023,12,18,4,60,0.0,0.0,0.0,0.0,0.0,5,15.6,13.8,89,1005.9,79,2.8,-9900,-9900,0.0,0.0
2023,12,18,5,60,0.0,0.0,0.0,0.0,0.0,5,15.9,14.1,89,1006.0,69,3.1,-9900,-9900,0.0,0.0
2023,12,18,6,60,0.0,0.0,0.0,0.0,0.0,5,16.2,14.4,89,1006.2,76,2.9,-9900,-9900,0.0,0.0
2023,12,18,7,60,0.0,0.0,0.0,0.0,0.0,5,16.1,15.0,93,1006.4,67,2.2,-9900,-9900,0.0,0.0
2023,12,18,8,60,0.0,0.0,0.0,0.0,0.0,5,17.6,15.0,85,1006.7,71,2.5,-9900,-9900,0.0,0.0
2023,12,18,9,60,0.0,0.0,0.0,0.0,0.0,5,18.4,15.3,82,1006.2,90,3.9,-9900,-9900,0.0,0.0
2023,12,18,10,60,0.0,0.0,0.0,0.0,0.0,5,19.9,15.3,75,1005.6,92,5.0,-9900,-9900,0.0,0.0
2023,12,18,11,60,0.0,0.0,0.0,0.0,0.0,5,20.5,15.5,73,1004.7,94,4.1,-9900,-9900,0.0,0.0
2023,12,18,12,60,0.0,0.0,0.0,0.0,0.0,5,20.8,15.8,73,1003.7,92,3.7,-9900,-9900,0.0,0.0
2023,12,18,13,60,0.0,0.0,0.0,0.0,0.0,5,21.2,15.7,71,1002.7,93,3.0,-9900,-9900,0.0,0.0
2023,12,18,14,60,0.0,0.0,0.0,0.0,0.0,5,21.8,15.9,69,1002.3,85,2.1,-9900,-9900,0.0,0.0
2023,12,18,15,60,0.0,0.0,0.0,0.0,0.0,5,21.8,15.9,69,1002.0,77,1.6,-9900,-9900,0.0,0.0
2023,12,18,16,60,0.0,0.0,0.0,0.0,0.0,5,21.4,15.7,70,1002.4,91,1.4,-9900,-9900,0.0,0.0
2023,12,18,17,60,0.0,0.0,0.0,0.0,0.0,5,20.6,16.0,75,1003.0,96,1.9,-9900,-9900,0.0,0.0
2023,12,18,18,60,0.0,0.0,0.0,0.0,0.0,5,20.3,16.1,77,1003.4,94,1.5,-9900,-9900,0.0,0.0
2023,12,18,19,60,0.0,0.0,0.0,0.0,0.0,5,19.7,16.2,80,1003.7,93,1.7,-9900,-9900,0.0,0.0
2023,12,18,20,60,0.0,0.0,0.0,0.0,0.0,5,19.5,16.2,81,1003.9,130,0.9,-9900,-9900,0.0,0.0
2023,12,18,21,60,0.0,0.0,0.0,0.0,0.0,5,19.2,16.2,83,1003.7,173,0.5,-9900,-9900,0.0,0.0
2023,12,18,22,60,0.0,0.0,0.0,0.0,0.0,5,19.1,16.1,83,1003.4,156,0.3,-9900,-9900,0.0,0.0
2023,12,18,23,60,0.0,0.0,0.0,0.0,0.0,5,18.9,16.7,87,1003.2,0,0.0,-9900,-9900,0.0,0.0
2023,12,18,24,60,0.0,0.0,0.0,0.0,0.0,5,18.9,17.0,89,1003.3,0,0.0,-9900,-9900,0.0,0.0
2023,12,19,1,60,0.0,0.0,0.0,0.0,0.0,5,19.2,17.5,90,1003.6,261,1.4,-9900,-9900,0.0,0.0
2023,12,19,2,60,0.0,0.0,0.0,0.0,0.0,5,19.1,18.4,96,1004.1,305,1.3,-9900,-9900,0.0,0.0
2023,12,19,3,60,0.0,0.0,0.0,0.0,0.0,5,17.9,17.6,98,1004.3,360,1.7,-9900,-9900,0.0,0.0
2023,12,19,4,60,0.0,0.0,0.0,0.0,0.0,5,17.5,17.3,99,1004.2,1,1.5,-9900,-9900,0.0,0.0
2023,12,19,5,60,0.0,0.0,0.0,0.0,0.0,5,17.4,17.2,99,1004.1,1,1.2,-9900,-9900,0.0,0.0
2023,12,19,6,60,0.0,0.0,0.0,0.0,0.0,5,17.4,17.2,99,1004.9,26,0.7,-9900,-9900,0.0,0.0
2023,12,19,7,60,0.0,0.0,0.0,0.0,0.0,5,17.4,17.2,99,1005.3,14,1.0,-9900,-9900,0.0,0.0
2023,12,19,8,60,0.0,0.0,0.0,0.0,0.0,5,17.4,17.2,99,1005.5,9,1.4,-9900,-9900,0.0,0.0
2023,12,19,9,60,0.0,0.0,0.0,0.0,0.0,5,17.7,17.4,98,1005.8,23,1.5,-9900,-9900,0.0,0.0
2023,12,19,10,60,0.0,0.0,0.0,0.0,0.0,5,17.1,16.8,98,1005.7,36,2.2,-9900,-9900,0.0,0.0
2023,12,19,11,60,0.0,0.0,0.0,0.0,0.0,5,17.4,16.4,94,1004.8,29,2.4,-9900,-9900,0.0,0.0
2023,12,19,12,60,0.0,0.0,0.0,0.0,0.0,5,17.9,15.9,88,1003.8,36,2.2,-9900,-9900,0.0,0.0
2023,12,19,13,60,0.0,0.0,0.0,0.0,0.0,5,17.4,16.1,92,1002.9,28,2.6,-9900,-9900,0.0,0.0
2023,12,19,14,60,0.0,0.0,0.0,0.0,0.0,5,17.0,16.0,94,1002.7,33,3.4,-9900,-9900,0.0,0.0
2023,12,19,15,60,0.0,0.0,0.0,0.0,0.0,5,17.0,15.9,93,1003.0,27,2.4,-9900,-9900,0.0,0.0
2023,12,19,16,60,0.0,0.0,0.0,0.0,0.0,5,15.5,15.2,98,1003.6,40,2.9,-9900,-9900,0.0,0.0
2023,12,19,17,60,0.0,0.0,0.0,0.0,0.0,5,15.0,14.4,96,1004.9,60,2.2,-9900,-9900,0.0,0.0
2023,12,19,18,60,0.0,0.0,0.0,0.0,0.0,5,14.9,13.9,94,1005.6,53,2.3,-9900,-9900,0.0,0.0
2023,12,19,19,60,0.0,0.0,0.0,0.0,0.0,5,14.7,13.7,94,1006.1,43,2.8,-9900,-9900,0.0,0.0
2023,12,19,20,60,0.0,0.0,0.0,0.0,0.0,5,14.6,13.1,91,1006.0,52,2.8,-9900,-9900,0.0,0.0
2023,12,19,21,60,0.0,0.0,0.0,0.0,0.0,5,14.6,13.1,91,1006.4,58,2.7,-9900,-9900,0.0,0.0
2023,12,19,22,60,0.0,0.0,0.0,0.0,0.0,5,14.7,13.1,90,1006.6,56,2.2,-9900,-9900,0.0,0.0
2023,12,19,23,60,0.0,0.0,0.0,0.0,0.0,5,14.9,13.1,89,1006.5,55,2.9,-9900,-9900,0.0,0.0
2023,12,19,24,60,0.0,0.0,0.0,0.0,0.0,5,14.6,13.5,93,1006.6,52,1.9,-9900,-9900,0.0,0.0
2023,12,20,1,60,0.0,0.0,0.0,0.0,0.0,5,14.5,13.2,92,1006.6,48,3.1,-9900,-9900,0.0,0.0
2023,12,20,2,60,0.0,0.0,0.0,0.0,0.0,5,14.3,13.3,94,1006.4,59,2.5,-9900,-9900,0.0,0.0
2023,12,20,3,60,0.0,0.0,0.0,0.0,0.0,5,14.0,13.0,94,1006.3,60,3.2,-9900,-9900,0.0,0.0
2023,12,20,4,60,0.0,0.0,0.0,0.0,0.0,5,14.0,12.9,93,1006.1,59,2.3,-9900,-9900,0.0,0.0
2023,12,20,5,60,0.0,0.0,0.0,0.0,0.0,5,14.0,12.9,93,1006.4,53,2.9,-9900,-9900,0.0,0.0
2023,12,20,6,60,0.0,0.0,0.0,0.0,0.0,5,14.1,12.5,90,1006.8,63,2.6,-9900,-9900,0.0,0.0
2023,12,20,7,60,0.0,0.0,0.0,0.0,0.0,5,13.8,12.2,90,1007.1,52,3.4,-9900,-9900,0.0,0.0
2023,12,20,8,60,0.0,0.0,0.0,0.0,0.0,5,13.9,12.1,89,1007.6,59,2.9,-9900,-9900,0.0,0.0
2023,12,20,9,60,0.0,0.0,0.0,0.0,0.0,5,14.4,12.1,86,1008.1,57,2.1,-9900,-9900,0.0,0.0
2023,12,20,10,60,0.0,0.0,0.0,0.0,0.0,5,14.6,12.1,85,1007.6,62,2.4,-9900,-9900,0.0,0.0
2023,12,20,11,60,0.0,0.0,0.0,0.0,0.0,5,14.6,12.1,85,1006.9,59,2.7,-9900,-9900,0.0,0.0
2023,12,20,12,60,0.0,0.0,0.0,0.0,0.0,5,14.5,12.2,86,1006.3,58,2.3,-9900,-9900,0.0,0.0
2023,12,20,13,60,0.0,0.0,0.0,0.0,0.0,5,14.4,12.3,87,1005.8,54,3.3,-9900,-9900,0.0,0.0
2023,12,20,14,60,0.0,0.0,0.0,0.0,0.0,5,14.3,12.3,88,1005.4,52,3.5,-9900,-9900,0.0,0.0
2023,12,20,15,60,0.0,0.0,0.0,0.0,0.0,5,13.7,12.3,91,1005.5,45,3.6,-9900,-9900,0.0,0.0
2023,12,20,16,60,0.0,0.0,0.0,0.0,0.0,5,13.5,11.6,88,1006.1,49,3.7,-9900,-9900,0.0,0.0
2023,12,20,17,60,0.0,0.0,0.0,0.0,0.0,5,13.3,11.4,88,1006.6,58,4.1,-9900,-9900,0.0,0.0
2023,12,20,18,60,0.0,0.0,0.0,0.0,0.0,5,13.3,11.4,88,1007.1,55,3.3,-9900,-9900,0.0,0.0
2023,12,20,19,60,0.0,0.0,0.0,0.0,0.0,5,12.8,11.7,93,1007.8,56,3.7,-9900,-9900,0.0,0.0
2023,12,20,20,60,0.0,0.0,0.0,0.0,0.0,5,12.3,11.4,94,1008.1,62,3.6,-9900,-9900,0.0,0.0
2023,12,20,21,60,0.0,0.0,0.0,0.0,0.0,5,12.3,11.0,92,1008.2,57,3.3,-9900,-9900,0.0,0.0
2023,12,20,22,60,0.0,0.0,0.0,0.0,0.0,5,12.2,11.1,93,1008.5,57,3.1,-9900,-9900,0.0,0.0
2023,12,20,23,60,0.0,0.0,0.0,0.0,0.0,5,11.8,10.9,94,1008.3,58,3.2,-9900,-9900,0.0,0.0
2023,12,20,24,60,0.0,0.0,0.0,0.0,0.0,5,12.0,10.6,91,1008.3,53,3.5,-9900,-9900,0.0,0.0
2023,12,21,1,60,0.0,0.0,0.0,0.0,0.0,5,11.9,10.5,91,1008.2,57,4.1,-9900,-9900,0.0,0.0
2023,12,21,2,60,0.0,0.0,0.0,0.0,0.0,5,11.8,10.4,91,1008.1,64,2.9,-9900,-9900,0.0,0.0
2023,12,21,3,60,0.0,0.0,0.0,0.0,0.0,5,11.4,10.3,93,1008.1,55,3.3,-9900,-9900,0.0,0.0
2023,12,21,4,60,0.0,0.0,0.0,0.0,0.0,5,11.3,10.2,93,1008.6,47,4.2,-9900,-9900,0.0,0.0
2023,12,21,5,60,0.0,0.0,0.0,0.0,0.0,5,11.0,9.7,92,1009.1,57,3.9,-9900,-9900,0.0,0.0
2023,12,21,6,60,0.0,0.0,0.0,0.0,0.0,5,10.5,9.4,93,1010.2,62,3.6,-9900,-9900,0.0,0.0
2023,12,21,7,60,0.0,0.0,0.0,0.0,0.0,5,10.3,9.2,93,1011.2,58,3.7,-9900,-9900,0.0,0.0
2023,12,21,8,60,0.0,0.0,0.0,0.0,0.0,5,10.6,8.5,87,1011.4,63,3.6,-9900,-9900,0.0,0.0
2023,12,21,9,60,0.0,0.0,0.0,0.0,0.0,5,11.1,8.5,84,1011.7,69,3.0,-9900,-9900,0.0,0.0
2023,12,21,10,60,0.0,0.0,0.0,0.0,0.0,5,11.6,8.6,82,1011.5,82,3.9,-9900,-9900,0.0,0.0
2023,12,21,11,60,0.0,0.0,0.0,0.0,0.0,5,11.5,8.7,83,1011.2,80,3.4,-9900,-9900,0.0,0.0
2023,12,21,12,60,0.0,0.0,0.0,0.0,0.0,5,11.4,8.3,81,1010.4,77,4.0,-9900,-9900,0.0,0.0
2023,12,21,13,60,0.0,0.0,0.0,0.0,0.0,5,11.2,8.2,82,1010.0,80,3.4,-9900,-9900,0.0,0.0
2023,12,21,14,60,0.0,0.0,0.0,0.0,0.0,5,10.8,8.2,84,1009.8,85,3.8,-9900,-9900,0.0,0.0
2023,12,21,15,60,0.0,0.0,0.0,0.0,0.0,5,10.2,8.0,86,1009.9,71,2.7,-9900,-9900,0.0,0.0
2023,12,21,16,60,0.0,0.0,0.0,0.0,0.0,5,10.3,7.4,82,1010.4,74,3.3,-9900,-9900,0.0,0.0
2023,12,21,17,60,0.0,0.0,0.0,0.0,0.0,5,9.3,7.2,87,1011.6,57,3.0,-9900,-9900,0.0,0.0
2023,12,21,18,60,0.0,0.0,0.0,0.0,0.0,5,9.5,6.6,82,1012.7,61,2.3,-9900,-9900,0.0,0.0
2023,12,21,19,60,0.0,0.0,0.0,0.0,0.0,5,9.0,6.6,85,1013.7,61,3.6,-9900,-9900,0.0,0.0
2023,12,21,20,60,0.0,0.0,0.0,0.0,0.0,5,8.6,7.4,92,1014.2,66,3.2,-9900,-9900,0.0,0.0
2023,12,21,21,60,0.0,0.0,0.0,0.0,0.0,5,8.5,5.8,83,1014.8,67,3.6,-9900,-9900,0.0,0.0
2023,12,21,22,60,0.0,0.0,0.0,0.0,0.0,5,9.0,4.4,73,1015.1,64,3.6,-9900,-9900,0.0,0.0
2023,12,21,23,60,0.0,0.0,0.0,0.0,0.0,5,8.6,4.8,77,1015.2,57,4.1,-9900,-9900,0.0,0.0
2023,12,21,24,60,0.0,0.0,0.0,0.0,0.0,5,8.5,3.9,73,1015.2,61,4.4,-9900,-9900,0.0,0.0
2023,12,22,1,60,0.0,0.0,0.0,0.0,0.0,5,8.1,3.9,75,1015.1,61,4.3,-9900,-9900,0.0,0.0
2023,12,22,2,60,0.0,0.0,0.0,0.0,0.0,5,8.1,4.5,78,1015.0,56,3.3,-9900,-9900,0.0,0.0
2023,12,22,3,60,0.0,0.0,0.0,0.0,0.0,5,7.6,3.8,77,1015.0,59,4.1,-9900,-9900,0.0,0.0
2023,12,22,4,60,0.0,0.0,0.0,0.0,0.0,5,8.0,3.6,74,1015.1,62,2.7,-9900,-9900,0.0,0.0
2023,12,22,5,60,0.0,0.0,0.0,0.0,0.0,5,8.1,3.2,71,1015.2,65,3.6,-9900,-9900,0.0,0.0
2023,12,22,6,60,0.0,0.0,0.0,0.0,0.0,5,8.3,3.3,71,1015.9,73,3.0,-9900,-9900,0.0,0.0
2023,12,22,7,60,0.0,0.0,0.0,0.0,0.0,5,8.5,3.3,70,1016.2,74,2.3,-9900,-9900,0.0,0.0
2023,12,22,8,60,0.0,0.0,0.0,0.0,0.0,5,8.7,3.5,70,1016.3,75,3.0,-9900,-9900,0.0,0.0
2023,12,22,9,60,0.0,0.0,0.0,0.0,0.0,5,9.1,3.5,68,1017.1,63,3.1,-9900,-9900,0.0,0.0
2023,12,22,10,60,0.0,0.0,0.0,0.0,0.0,5,9.4,4.2,70,1017.2,63,3.2,-9900,-9900,0.0,0.0
2023,12,22,11,60,0.0,0.0,0.0,0.0,0.0,5,9.8,4.4,69,1016.2,74,3.8,-9900,-9900,0.0,0.0
2023,12,22,12,60,0.0,0.0,0.0,0.0,0.0,5,10.0,3.9,66,1015.2,75,4.0,-9900,-9900,0.0,0.0
2023,12,22,13,60,0.0,0.0,0.0,0.0,0.0,5,10.6,3.8,63,1014.4,68,3.0,-9900,-9900,0.0,0.0
2023,12,22,14,60,0.0,0.0,0.0,0.0,0.0,5,10.5,4.0,64,1014.3,81,3.4,-9900,-9900,0.0,0.0
2023,12,22,15,60,0.0,0.0,0.0,0.0,0.0,5,10.4,3.9,64,1014.0,77,3.0,-9900,-9900,0.0,0.0
2023,12,22,16,60,0.0,0.0,0.0,0.0,0.0,5,10.4,3.7,63,1014.4,71,3.5,-9900,-9900,0.0,0.0
2023,12,22,17,60,0.0,0.0,0.0,0.0,0.0,5,10.4,3.7,63,1014.7,76,3.9,-9900,-9900,0.0,0.0
2023,12,22,18,60,0.0,0.0,0.0,0.0,0.0,5,10.6,3.6,62,1015.0,76,4.6,-9900,-9900,0.0,0.0
2023,12,22,19,60,0.0,0.0,0.0,0.0,0.0,5,10.7,4.6,66,1015.3,85,3.8,-9900,-9900,0.0,0.0
2023,12,22,20,60,0.0,0.0,0.0,0.0,0.0,5,10.3,5.9,74,1015.2,79,4.4,-9900,-9900,0.0,0.0
2023,12,22,21,60,0.0,0.0,0.0,0.0,0.0,5,10.8,5.1,68,1014.9,77,3.5,-9900,-9900,0.0,0.0
2023,12,22,22,60,0.0,0.0,0.0,0.0,0.0,5,11.1,5.0,66,1014.6,92,5.1,-9900,-9900,0.0,0.0
2023,12,22,23,60,0.0,0.0,0.0,0.0,0.0,5,11.1,5.4,68,1013.8,75,3.9,-9900,-9900,0.0,0.0
2023,12,22,24,60,0.0,0.0,0.0,0.0,0.0,5,11.6,5.5,66,1014.0,74,3.4,-9900,-9900,0.0,0.0
2023,12,23,1,60,0.0,0.0,0.0,0.0,0.0,5,11.7,6.0,68,1014.0,86,3.7,-9900,-9900,0.0,0.0
2023,12,23,2,60,0.0,0.0,0.0,0.0,0.0,5,12.0,6.3,68,1013.5,87,3.0,-9900,-9900,0.0,0.0
2023,12,23,3,60,0.0,0.0,0.0,0.0,0.0,5,12.0,7.3,73,1013.5,79,3.1,-9900,-9900,0.0,0.0
2023,12,23,4,60,0.0,0.0,0.0,0.0,0.0,5,11.9,7.6,75,1013.2,78,2.9,-9900,-9900,0.0,0.0
2023,12,23,5,60,0.0,0.0,0.0,0.0,0.0,5,11.6,8.3,80,1011.9,83,3.0,-9900,-9900,0.0,0.0
2023,12,23,6,60,0.0,0.0,0.0,0.0,0.0,5,11.8,9.0,83,1012.4,86,3.1,-9900,-9900,0.0,0.0
2023,12,23,7,60,0.0,0.0,0.0,0.0,0.0,5,11.9,9.3,84,1012.9,71,2.3,-9900,-9900,0.0,0.0
2023,12,23,8,60,0.0,0.0,0.0,0.0,0.0,5,12.5,9.5,82,1012.8,77,3.1,-9900,-9900,0.0,0.0
2023,12,23,9,60,0.0,0.0,0.0,0.0,0.0,5,13.2,9.6,79,1012.7,74,3.4,-9900,-9900,0.0,0.0
2023,12,23,10,60,0.0,0.0,0.0,0.0,0.0,5,14.2,10.2,77,1011.5,76,4.0,-9900,-9900,0.0,0.0
2023,12,23,11,60,0.0,0.0,0.0,0.0,0.0,5,15.1,10.3,73,1010.1,81,4.7,-9900,-9900,0.0,0.0
2023,12,23,12,60,0.0,0.0,0.0,0.0,0.0,5,15.5,10.7,73,1009.4,75,4.3,-9900,-9900,0.0,0.0
2023,12,23,13,60,0.0,0.0,0.0,0.0,0.0,5,15.5,11.1,75,1009.1,84,3.3,-9900,-9900,0.0,0.0
2023,12,23,14,60,0.0,0.0,0.0,0.0,0.0,5,15.6,11.8,78,1008.5,92,3.6,-9900,-9900,0.0,0.0
2023,12,23,15,60,0.0,0.0,0.0,0.0,0.0,5,15.8,12.2,79,1008.4,83,2.9,-9900,-9900,0.0,0.0
2023,12,23,16,60,0.0,0.0,0.0,0.0,0.0,5,15.7,12.4,81,1009.0,64,2.9,-9900,-9900,0.0,0.0
2023,12,23,17,60,0.0,0.0,0.0,0.0,0.0,5,15.4,12.9,85,1009.9,60,3.1,-9900,-9900,0.0,0.0
2023,12,23,18,60,0.0,0.0,0.0,0.0,0.0,5,14.1,13.9,99,1010.7,35,3.4,-9900,-9900,0.0,0.0
2023,12,23,19,60,0.0,0.0,0.0,0.0,0.0,5,13.8,13.6,99,1011.1,66,1.6,-9900,-9900,0.0,0.0
2023,12,23,20,60,0.0,0.0,0.0,0.0,0.0,5,13.7,13.5,99,1011.3,37,2.4,-9900,-9900,0.0,0.0
2023,12,23,21,60,0.0,0.0,0.0,0.0,0.0,5,13.6,13.4,99,1011.0,51,2.3,-9900,-9900,0.0,0.0
2023,12,23,22,60,0.0,0.0,0.0,0.0,0.0,5,13.6,13.4,99,1011.2,48,2.2,-9900,-9900,0.0,0.0
2023,12,23,23,60,0.0,0.0,0.0,0.0,0.0,5,13.7,13.5,99,1011.3,39,3.2,-9900,-9900,0.0,0.0
2023,12,23,24,60,0.0,0.0,0.0,0.0,0.0,5,13.8,13.6,99,1011.3,52,2.2,-9900,-9900,0.0,0.0
2023,12,24,1,60,0.0,0.0,0.0,0.0,0.0,5,13.8,13.5,98,1011.2,42,2.9,-9900,-9900,0.0,0.0
2023,12,24,2,60,0.0,0.0,0.0,0.0,0.0,5,13.2,13.0,99,1011.2,40,2.8,-9900,-9900,0.0,0.0
2023,12,24,3,60,0.0,0.0,0.0,0.0,0.0,5,13.4,12.9,97,1011.1,40,2.0,-9900,-9900,0.0,0.0
2023,12,24,4,60,0.0,0.0,0.0,0.0,0.0,5,13.1,12.8,98,1011.4,46,2.3,-9900,-9900,0.0,0.0
2023,12,24,5,60,0.0,0.0,0.0,0.0,0.0,5,12.8,12.2,96,1011.6,61,2.9,-9900,-9900,0.0,0.0
2023,12,24,6,60,0.0,0.0,0.0,0.0,0.0,5,13.0,11.7,92,1012.0,63,2.0,-9900,-9900,0.0,0.0
2023,12,24,7,60,0.0,0.0,0.0,0.0,0.0,5,13.1,11.5,90,1012.3,60,2.3,-9900,-9900,0.0,0.0
2023,12,24,8,60,0.0,0.0,0.0,0.0,0.0,5,13.5,11.6,88,1012.7,70,2.3,-9900,-9900,0.0,0.0
2023,12,24,9,60,0.0,0.0,0.0,0.0,0.0,5,13.7,12.1,90,1013.3,69,1.8,-9900,-9900,0.0,0.0
2023,12,24,10,60,0.0,0.0,0.0,0.0,0.0,5,13.7,11.9,89,1013.0,65,3.1,-9900,-9900,0.0,0.0
2023,12,24,11,60,0.0,0.0,0.0,0.0,0.0,5,13.0,12.2,95,1012.6,52,3.6,-9900,-9900,0.0,0.0
2023,12,24,12,60,0.0,0.0,0.0,0.0,0.0,5,11.8,11.2,96,1012.1,50,3.8,-9900,-9900,0.0,0.0
2023,12,24,13,60,0.0,0.0,0.0,0.0,0.0,5,12.0,9.9,87,1011.6,57,3.9,-9900,-9900,0.0,0.0
2023,12,24,14,60,0.0,0.0,0.0,0.0,0.0,5,11.9,8.7,81,1011.4,58,3.1,-9900,-9900,0.0,0.0
2023,12,24,15,60,0.0,0.0,0.0,0.0,0.0,5,12.1,8.0,76,1011.5,65,3.1,-9900,-9900,0.0,0.0
2023,12,24,16,60,0.0,0.0,0.0,0.0,0.0,5,12.4,8.1,75,1011.7,63,3.1,-9900,-9900,0.0,0.0
2023,12,24,17,60,0.0,0.0,0.0,0.0,0.0,5,12.2,8.5,78,1012.1,70,2.6,-9900,-9900,0.0,0.0
2023,12,24,18,60,0.0,0.0,0.0,0.0,0.0,5,12.3,8.6,78,1012.5,71,2.4,-9900,-9900,0.0,0.0
2023,12,24,19,60,0.0,0.0,0.0,0.0,0.0,5,12.3,7.4,72,1012.6,62,3.5,-9900,-9900,0.0,0.0
2023,12,24,20,60,0.0,0.0,0.0,0.0,0.0,5,12.3,7.0,70,1012.9,69,2.9,-9900,-9900,0.0,0.0
2023,12,24,21,60,0.0,0.0,0.0,0.0,0.0,5,12.3,6.6,68,1013.0,75,2.8,-9900,-9900,0.0,0.0
2023,12,24,22,60,0.0,0.0,0.0,0.0,0.0,5,12.4,6.4,67,1012.8,79,2.5,-9900,-9900,0.0,0.0
2023,12,24,23,60,0.0,0.0,0.0,0.0,0.0,5,12.4,6.2,66,1012.6,74,2.8,-9900,-9900,0.0,0.0
2023,12,24,24,60,0.0,0.0,0.0,0.0,0.0,5,12.4,6.2,66,1012.0,74,3.0,-9900,-9900,0.0,0.0
2023,12,25,1,60,0.0,0.0,0.0,0.0,0.0,5,12.4,6.4,67,1012.0,72,3.3,-9900,-9900,0.0,0.0
2023,12,25,2,60,0.0,0.0,0.0,0.0,0.0,5,12.3,6.3,67,1011.4,74,2.5,-9900,-9900,0.0,0.0
2023,12,25,3,60,0.0,0.0,0.0,0.0,0.0,5,12.3,6.3,67,1011.2,68,2.2,-9900,-9900,0.0,0.0
2023,12,25,4,60,0.0,0.0,0.0,0.0,0.0,5,12.3,5.9,65,1011.1,70,2.7,-9900,-9900,0.0,0.0
2023,12,25,5,60,0.0,0.0,0.0,0.0,0.0,5,12.2,6.0,66,1011.1,70,2.2,-9900,-9900,0.0,0.0
2023,12,25,6,60,0.0,0.0,0.0,0.0,0.0,5,12.1,5.9,66,1011.6,71,2.6,-9900,-9900,0.0,0.0
2023,12,25,7,60,0.0,0.0,0.0,0.0,0.0,5,12.0,5.8,66,1012.2,62,2.7,-9900,-9900,0.0,0.0
2023,12,25,8,60,0.0,0.0,0.0,0.0,0.0,5,12.3,5.5,63,1012.5,71,3.2,-9900,-9900,0.0,0.0
2023,12,25,9,60,0.0,0.0,0.0,0.0,0.0,5,13.0,5.7,61,1012.9,76,3.3,-9900,-9900,0.0,0.0
2023,12,25,10,60,0.0,0.0,0.0,0.0,0.0,5,14.0,6.4,60,1012.6,78,3.2,-9900,-9900,0.0,0.0
2023,12,25,11,60,0.0,0.0,0.0,0.0,0.0,5,14.2,6.1,58,1011.8,72,5.0,-9900,-9900,0.0,0.0
2023,12,25,12,60,0.0,0.0,0.0,0.0,0.0,5,14.3,6.1,58,1010.9,82,5.3,-9900,-9900,0.0,0.0
2023,12,25,13,60,0.0,0.0,0.0,0.0,0.0,5,14.6,6.2,57,1009.8,79,3.3,-9900,-9900,0.0,0.0
2023,12,25,14,60,0.0,0.0,0.0,0.0,0.0,5,14.6,5.9,56,1009.2,71,4.8,-9900,-9900,0.0,0.0
2023,12,25,15,60,0.0,0.0,0.0,0.0,0.0,5,14.5,5.6,55,1008.9,79,4.2,-9900,-9900,0.0,0.0
2023,12,25,16,60,0.0,0.0,0.0,0.0,0.0,5,14.0,5.4,56,1009.0,74,3.6,-9900,-9900,0.0,0.0
2023,12,25,17,60,0.0,0.0,0.0,0.0,0.0,5,13.4,5.5,59,1009.3,71,3.9,-9900,-9900,0.0,0.0
2023,12,25,18,60,0.0,0.0,0.0,0.0,0.0,5,13.0,6.1,63,1009.5,72,4.2,-9900,-9900,0.0,0.0
2023,12,25,19,60,0.0,0.0,0.0,0.0,0.0,5,12.8,6.6,66,1009.6,72,4.2,-9900,-9900,0.0,0.0
2023,12,25,20,60,0.0,0.0,0.0,0.0,0.0,5,12.7,6.9,68,1010.2,72,3.4,-9900,-9900,0.0,0.0
2023,12,25,21,60,0.0,0.0,0.0,0.0,0.0,5,13.2,7.2,67,1010.1,70,3.9,-9900,-9900,0.0,0.0
2023,12,25,22,60,0.0,0.0,0.0,0.0,0.0,5,13.5,6.8,64,1009.7,71,3.8,-9900,-9900,0.0,0.0
2023,12,25,23,60,0.0,0.0,0.0,0.0,0.0,5,13.6,7.1,65,1009.3,70,3.9,-9900,-9900,0.0,0.0
2023,12,25,24,60,0.0,0.0,0.0,0.0,0.0,5,14.1,7.8,66,1008.8,76,4.1,-9900,-9900,0.0,0.0
2023,12,26,1,60,0.0,0.0,0.0,0.0,0.0,5,14.0,7.7,66,1008.1,78,3.7,-9900,-9900,0.0,0.0
2023,12,26,2,60,0.0,0.0,0.0,0.0,0.0,5,14.3,7.8,65,1007.5,79,3.7,-9900,-9900,0.0,0.0
2023,12,26,3,60,0.0,0.0,0.0,0.0,0.0,5,14.5,8.2,66,1007.5,81,3.2,-9900,-9900,0.0,0.0
2023,12,26,4,60,0.0,0.0,0.0,0.0,0.0,5,14.5,8.9,69,1007.0,87,3.0,-9900,-9900,0.0,0.0
2023,12,26,5,60,0.0,0.0,0.0,0.0,0.0,5,14.8,8.7,67,1006.6,90,4.0,-9900,-9900,0.0,0.0
2023,12,26,6,60,0.0,0.0,0.0,0.0,0.0,5,14.8,9.0,68,1007.0,87,4.3,-9900,-9900,0.0,0.0
2023,12,26,7,60,0.0,0.0,0.0,0.0,0.0,5,15.1,9.5,69,1007.4,94,4.4,-9900,-9900,0.0,0.0
2023,12,26,8,60,0.0,0.0,0.0,0.0,0.0,5,15.8,9.7,67,1008.1,93,4.1,-9900,-9900,0.0,0.0
2023,12,26,9,60,0.0,0.0,0.0,0.0,0.0,5,17.3,9.7,61,1008.6,95,3.4,-9900,-9900,0.0,0.0
2023,12,26,10,60,0.0,0.0,0.0,0.0,0.0,5,18.8,9.8,56,1008.4,86,3.1,-9900,-9900,0.0,0.0
2023,12,26,11,60,0.0,0.0,0.0,0.0,0.0,5,20.0,10.4,54,1007.8,90,3.8,-9900,-9900,0.0,0.0
2023,12,26,12,60,0.0,0.0,0.0,0.0,0.0,5,20.4,10.2,52,1006.6,90,5.1,-9900,-9900,0.0,0.0
2023,12,26,13,60,0.0,0.0,0.0,0.0,0.0,5,21.1,10.0,49,1006.3,85,3.2,-9900,-9900,0.0,0.0
2023,12,26,14,60,0.0,0.0,0.0,0.0,0.0,5,21.7,9.9,47,1005.5,90,2.4,-9900,-9900,0.0,0.0
2023,12,26,15,60,0.0,0.0,0.0,0.0,0.0,5,21.4,10.5,50,1005.1,81,3.0,-9900,-9900,0.0,0.0
2023,12,26,16,60,0.0,0.0,0.0,0.0,0.0,5,20.7,11.1,54,1005.4,91,3.0,-9900,-9900,0.0,0.0
2023,12,26,17,60,0.0,0.0,0.0,0.0,0.0,5,19.4,11.2,59,1005.6,84,3.6,-9900,-9900,0.0,0.0
2023,12,26,18,60,0.0,0.0,0.0,0.0,0.0,5,19.0,11.6,62,1005.9,93,3.4,-9900,-9900,0.0,0.0
2023,12,26,19,60,0.0,0.0,0.0,0.0,0.0,5,18.6,12.1,66,1006.4,93,4.0,-9900,-9900,0.0,0.0
2023,12,26,20,60,0.0,0.0,0.0,0.0,0.0,5,18.6,12.4,67,1006.6,93,2.4,-9900,-9900,0.0,0.0
2023,12,26,21,60,0.0,0.0,0.0,0.0,0.0,5,18.7,12.4,67,1006.7,91,2.9,-9900,-9900,0.0,0.0
2023,12,26,22,60,0.0,0.0,0.0,0.0,0.0,5,18.6,12.4,67,1007.0,91,1.4,-9900,-9900,0.0,0.0
2023,12,26,23,60,0.0,0.0,0.0,0.0,0.0,5,18.6,12.6,68,1007.0,101,0.9,-9900,-9900,0.0,0.0
2023,12,26,24,60,0.0,0.0,0.0,0.0,0.0,5,18.3,12.5,69,1006.9,224,0.4,-9900,-9900,0.0,0.0
2023,12,27,1,60,0.0,0.0,0.0,0.0,0.0,5,17.9,13.0,73,1006.6,0,0.0,-9900,-9900,0.0,0.0
2023,12,27,2,60,0.0,0.0,0.0,0.0,0.0,5,17.9,12.8,72,1006.4,263,0.5,-9900,-9900,0.0,0.0
2023,12,27,3,60,0.0,0.0,0.0,0.0,0.0,5,17.7,12.8,73,1006.2,0,0.0,-9900,-9900,0.0,0.0
2023,12,27,4,60,0.0,0.0,0.0,0.0,0.0,5,17.6,12.9,74,1005.9,0,0.0,-9900,-9900,0.0,0.0
2023,12,27,5,60,0.0,0.0,0.0,0.0,0.0,5,17.2,13.1,77,1006.4,254,0.7,-9900,-9900,0.0,0.0
2023,12,27,6,60,0.0,0.0,0.0,0.0,0.0,5,16.9,13.0,78,1006.6,244,0.4,-9900,-9900,0.0,0.0
2023,12,27,7,60,0.0,0.0,0.0,0.0,0.0,5,16.7,13.0,79,1007.1,181,0.5,-9900,-9900,0.0,0.0
2023,12,27,8,60,0.0,0.0,0.0,0.0,0.0,5,17.6,13.7,78,1007.4,129,0.7,-9900,-9900,0.0,0.0
2023,12,27,9,60,0.0,0.0,0.0,0.0,0.0,5,18.0,13.5,75,1008.0,82,0.6,-9900,-9900,0.0,0.0
2023,12,27,10,60,0.0,0.0,0.0,0.0,0.0,5,19.5,13.7,69,1008.5,353,1.8,-9900,-9900,0.0,0.0
2023,12,27,11,60,0.0,0.0,0.0,0.0,0.0,5,20.6,14.7,69,1007.9,30,1.4,-9900,-9900,0.0,0.0
2023,12,27,12,60,0.0,0.0,0.0,0.0,0.0,5,20.8,16.4,76,1007.0,25,1.4,-9900,-9900,0.0,0.0
2023,12,27,13,60,0.0,0.0,0.0,0.0,0.0,5,20.2,16.8,81,1005.9,360,1.9,-9900,-9900,0.0,0.0
2023,12,27,14,60,0.0,0.0,0.0,0.0,0.0,5,20.1,17.7,86,1006.0,33,1.5,-9900,-9900,0.0,0.0
2023,12,27,15,60,0.0,0.0,0.0,0.0,0.0,5,19.2,17.7,91,1005.7,23,1.7,-9900,-9900,0.0,0.0
2023,12,27,16,60,0.0,0.0,0.0,0.0,0.0,5,19.1,17.6,91,1005.7,18,1.4,-9900,-9900,0.0,0.0
2023,12,27,17,60,0.0,0.0,0.0,0.0,0.0,5,18.8,17.8,94,1005.8,26,1.7,-9900,-9900,0.0,0.0
2023,12,27,18,60,0.0,0.0,0.0,0.0,0.0,5,18.6,17.8,95,1006.1,29,1.1,-9900,-9900,0.0,0.0
2023,12,27,19,60,0.0,0.0,0.0,0.0,0.0,5,18.4,17.8,96,1006.6,341,0.8,-9900,-9900,0.0,0.0
2023,12,27,20,60,0.0,0.0,0.0,0.0,0.0,5,18.2,17.7,97,1006.3,0,0.0,-9900,-9900,0.0,0.0
2023,12,27,21,60,0.0,0.0,0.0,0.0,0.0,5,18.3,17.8,97,1006.7,350,0.8,-9900,-9900,0.0,0.0
2023,12,27,22,60,0.0,0.0,0.0,0.0,0.0,5,18.1,17.8,98,1006.1,1,0.8,-9900,-9900,0.0,0.0
2023,12,27,23,60,0.0,0.0,0.0,0.0,0.0,5,18.1,17.8,98,1006.0,40,0.9,-9900,-9900,0.0,0.0
2023,12,27,24,60,0.0,0.0,0.0,0.0,0.0,5,18.2,17.7,97,1005.8,0,0.0,-9900,-9900,0.0,0.0
2023,12,28,1,60,0.0,0.0,0.0,0.0,0.0,5,18.1,17.6,97,1005.3,127,0.9,-9900,-9900,0.0,0.0
2023,12,28,2,60,0.0,0.0,0.0,0.0,0.0,5,17.9,17.4,97,1004.8,350,0.4,-9900,-9900,0.0,0.0
2023,12,28,3,60,0.0,0.0,0.0,0.0,0.0,5,18.2,17.9,98,1005.3,348,0.3,-9900,-9900,0.0,0.0
2023,12,28,4,60,0.0,0.0,0.0,0.0,0.0,5,18.2,18.0,99,1005.6,314,0.5,-9900,-9900,0.0,0.0
2023,12,28,5,60,0.0,0.0,0.0,0.0,0.0,5,18.3,18.1,99,1005.5,320,0.3,-9900,-9900,0.0,0.0
2023,12,28,6,60,0.0,0.0,0.0,0.0,0.0,5,17.7,17.5,99,1006.2,252,0.5,-9900,-9900,0.0,0.0
2023,12,28,7,60,0.0,0.0,0.0,0.0,0.0,5,17.5,17.0,97,1006.7,192,0.7,-9900,-9900,0.0,0.0
2023,12,28,8,60,0.0,0.0,0.0,0.0,0.0,5,17.7,17.1,96,1007.0,0,0.2,-9900,-9900,0.0,0.0
2023,12,28,9,60,0.0,0.0,0.0,0.0,0.0,5,18.1,17.1,94,1008.0,0,0.0,-9900,-9900,0.0,0.0
2023,12,28,10,60,0.0,0.0,0.0,0.0,0.0,5,18.5,16.8,90,1007.9,114,0.5,-9900,-9900,0.0,0.0
2023,12,28,11,60,0.0,0.0,0.0,0.0,0.0,5,18.8,17.5,92,1007.6,85,0.3,-9900,-9900,0.0,0.0
2023,12,28,12,60,0.0,0.0,0.0,0.0,0.0,5,18.4,17.9,97,1007.0,28,2.0,-9900,-9900,0.0,0.0
2023,12,28,13,60,0.0,0.0,0.0,0.0,0.0,5,17.9,17.6,98,1006.0,24,2.0,-9900,-9900,0.0,0.0
2023,12,28,14,60,0.0,0.0,0.0,0.0,0.0,5,17.9,17.3,96,1005.8,35,2.4,-9900,-9900,0.0,0.0
2023,12,28,15,60,0.0,0.0,0.0,0.0,0.0,5,18.2,17.4,95,1005.3,29,1.6,-9900,-9900,0.0,0.0
2023,12,28,16,60,0.0,0.0,0.0,0.0,0.0,5,18.1,17.3,95,1005.5,37,2.6,-9900,-9900,0.0,0.0
2023,12,28,17,60,0.0,0.0,0.0,0.0,0.0,5,18.1,17.1,94,1005.6,49,1.8,-9900,-9900,0.0,0.0
2023,12,28,18,60,0.0,0.0,0.0,0.0,0.0,5,18.2,16.9,92,1006.3,38,2.5,-9900,-9900,0.0,0.0
2023,12,28,19,60,0.0,0.0,0.0,0.0,0.0,5,18.2,17.0,93,1006.7,40,1.5,-9900,-9900,0.0,0.0
2023,12,28,20,60,0.0,0.0,0.0,0.0,0.0,5,18.2,17.0,93,1007.1,33,2.2,-9900,-9900,0.0,0.0
2023,12,28,21,60,0.0,0.0,0.0,0.0,0.0,5,18.3,16.6,90,1007.1,49,2.1,-9900,-9900,0.0,0.0
2023,12,28,22,60,0.0,0.0,0.0,0.0,0.0,5,18.3,15.9,86,1007.0,53,2.1,-9900,-9900,0.0,0.0
2023,12,28,23,60,0.0,0.0,0.0,0.0,0.0,5,18.3,16.5,89,1006.9,64,1.7,-9900,-9900,0.0,0.0
2023,12,28,24,60,0.0,0.0,0.0,0.0,0.0,5,18.1,16.8,92,1006.5,87,1.2,-9900,-9900,0.0,0.0
2023,12,29,1,60,0.0,0.0,0.0,0.0,0.0,5,18.0,16.5,91,1005.8,55,2.1,-9900,-9900,0.0,0.0
2023,12,29,2,60,0.0,0.0,0.0,0.0,0.0,5,18.0,16.3,90,1005.5,59,1.8,-9900,-9900,0.0,0.0
2023,12,29,3,60,0.0,0.0,0.0,0.0,0.0,5,18.0,16.5,91,1005.1,56,2.3,-9900,-9900,0.0,0.0
2023,12,29,4,60,0.0,0.0,0.0,0.0,0.0,5,18.0,16.7,92,1005.0,59,1.7,-9900,-9900,0.0,0.0
2023,12,29,5,60,0.0,0.0,0.0,0.0,0.0,5,18.0,16.7,92,1005.0,54,1.4,-9900,-9900,0.0,0.0
2023,12,29,6,60,0.0,0.0,0.0,0.0,0.0,5,17.9,16.6,92,1005.2,57,1.9,-9900,-9900,0.0,0.0
2023,12,29,7,60,0.0,0.0,0.0,0.0,0.0,5,17.9,16.6,92,1005.7,67,2.1,-9900,-9900,0.0,0.0
2023,12,29,8,60,0.0,0.0,0.0,0.0,0.0,5,18.0,16.7,92,1006.1,65,1.6,-9900,-9900,0.0,0.0
2023,12,29,9,60,0.0,0.0,0.0,0.0,0.0,5,18.5,16.5,88,1006.3,57,2.0,-9900,-9900,0.0,0.0
2023,12,29,10,60,0.0,0.0,0.0,0.0,0.0,5,19.2,17.0,87,1006.0,79,2.9,-9900,-9900,0.0,0.0
2023,12,29,11,60,0.0,0.0,0.0,0.0,0.0,5,19.4,17.0,86,1005.5,73,2.6,-9900,-9900,0.0,0.0
2023,12,29,12,60,0.0,0.0,0.0,0.0,0.0,5,19.5,16.3,82,1004.7,44,2.7,-9900,-9900,0.0,0.0
2023,12,29,13,60,0.0,0.0,0.0,0.0,0.0,5,19.5,16.5,83,1003.5,58,2.9,-9900,-9900,0.0,0.0
2023,12,29,14,60,0.0,0.0,0.0,0.0,0.0,5,20.2,16.8,81,1002.9,87,3.8,-9900,-9900,0.0,0.0
2023,12,29,15,60,0.0,0.0,0.0,0.0,0.0,5,19.6,16.8,84,1002.6,69,4.3,-9900,-9900,0.0,0.0
2023,12,29,16,60,0.0,0.0,0.0,0.0,0.0,5,19.4,16.6,84,1002.8,63,2.4,-9900,-9900,0.0,0.0
2023,12,29,17,60,0.0,0.0,0.0,0.0,0.0,5,19.1,16.7,86,1003.0,59,2.9,-9900,-9900,0.0,0.0
2023,12,29,18,60,0.0,0.0,0.0,0.0,0.0,5,18.9,16.7,87,1003.3,74,2.8,-9900,-9900,0.0,0.0
2023,12,29,19,60,0.0,0.0,0.0,0.0,0.0,5,18.7,17.0,90,1003.6,74,3.3,-9900,-9900,0.0,0.0
2023,12,29,20,60,0.0,0.0,0.0,0.0,0.0,5,18.7,17.2,91,1003.8,71,3.1,-9900,-9900,0.0,0.0
2023,12,29,21,60,0.0,0.0,0.0,0.0,0.0,5,18.6,17.4,93,1004.0,69,1.5,-9900,-9900,0.0,0.0
2023,12,29,22,60,0.0,0.0,0.0,0.0,0.0,5,18.6,17.6,94,1003.5,61,1.4,-9900,-9900,0.0,0.0
2023,12,29,23,60,0.0,0.0,0.0,0.0,0.0,5,18.6,17.6,94,1003.1,31,1.3,-9900,-9900,0.0,0.0
2023,12,29,24,60,0.0,0.0,0.0,0.0,0.0,5,18.2,17.7,97,1002.9,51,1.6,-9900,-9900,0.0,0.0
2023,12,30,1,60,0.0,0.0,0.0,0.0,0.0,5,18.1,17.8,98,1002.7,15,1.3,-9900,-9900,0.0,0.0
2023,12,30,2,60,0.0,0.0,0.0,0.0,0.0,5,18.1,17.9,99,1002.2,348,0.5,-9900,-9900,0.0,0.0
2023,12,30,3,60,0.0,0.0,0.0,0.0,0.0,5,17.7,17.5,99,1001.5,14,1.3,-9900,-9900,0.0,0.0
2023,12,30,4,60,0.0,0.0,0.0,0.0,0.0,5,17.3,17.1,99,1001.8,12,1.3,-9900,-9900,0.0,0.0
2023,12,30,5,60,0.0,0.0,0.0,0.0,0.0,5,16.8,16.6,99,1001.6,15,1.1,-9900,-9900,0.0,0.0
2023,12,30,6,60,0.0,0.0,0.0,0.0,0.0,5,16.7,16.5,99,1001.8,8,1.2,-9900,-9900,0.0,0.0
2023,12,30,7,60,0.0,0.0,0.0,0.0,0.0,5,16.7,16.5,99,1002.3,358,1.3,-9900,-9900,0.0,0.0
2023,12,30,8,60,0.0,0.0,0.0,0.0,0.0,5,16.7,16.5,99,1002.8,1,0.6,-9900,-9900,0.0,0.0
2023,12,30,9,60,0.0,0.0,0.0,0.0,0.0,5,16.7,16.5,99,1002.7,59,0.5,-9900,-9900,0.0,0.0
2023,12,30,10,60,0.0,0.0,0.0,0.0,0.0,5,17.5,17.3,99,1002.0,78,0.9,-9900,-9900,0.0,0.0
2023,12,30,11,60,0.0,0.0,0.0,0.0,0.0,5,19.0,17.1,89,1001.3,33,1.1,-9900,-9900,0.0,0.0
2023,12,30,12,60,0.0,0.0,0.0,0.0,0.0,5,21.0,17.6,81,1000.3,93,0.9,-9900,-9900,0.0,0.0
2023,12,30,13,60,0.0,0.0,0.0,0.0,0.0,5,19.9,17.3,85,999.9,312,2.5,-9900,-9900,0.0,0.0
2023,12,30,14,60,0.0,0.0,0.0,0.0,0.0,5,18.3,17.0,92,999.6,355,2.2,-9900,-9900,0.0,0.0
2023,12,30,15,60,0.0,0.0,0.0,0.0,0.0,5,18.6,17.1,91,999.6,27,1.3,-9900,-9900,0.0,0.0
2023,12,30,16,60,0.0,0.0,0.0,0.0,0.0,5,18.4,17.2,93,999.7,356,0.7,-9900,-9900,0.0,0.0
2023,12,30,17,60,0.0,0.0,0.0,0.0,0.0,5,18.6,17.3,92,999.8,0,0.0,-9900,-9900,0.0,0.0
2023,12,30,18,60,0.0,0.0,0.0,0.0,0.0,5,18.1,17.5,96,1000.8,334,0.7,-9900,-9900,0.0,0.0
2023,12,30,19,60,0.0,0.0,0.0,0.0,0.0,5,17.5,17.0,97,1000.8,0,0.0,-9900,-9900,0.0,0.0
2023,12,30,20,60,0.0,0.0,0.0,0.0,0.0,5,17.6,17.3,98,1001.4,0,0.0,-9900,-9900,0.0,0.0
2023,12,30,21,60,0.0,0.0,0.0,0.0,0.0,5,17.8,17.3,97,1001.0,145,1.4,-9900,-9900,0.0,0.0
2023,12,30,22,60,0.0,0.0,0.0,0.0,0.0,5,17.8,17.2,96,1001.0,148,0.7,-9900,-9900,0.0,0.0
2023,12,30,23,60,0.0,0.0,0.0,0.0,0.0,5,17.9,16.6,92,1001.2,169,0.7,-9900,-9900,0.0,0.0
2023,12,30,24,60,0.0,0.0,0.0,0.0,0.0,5,17.8,15.2,85,1001.0,145,0.4,-9900,-9900,0.0,0.0
2023,12,31,1,60,0.0,0.0,0.0,0.0,0.0,5,17.4,15.9,91,1000.9,167,0.4,-9900,-9900,0.0,0.0
2023,12,31,2,60,0.0,0.0,0.0,0.0,0.0,5,17.0,14.6,86,1000.2,148,1.3,-9900,-9900,0.0,0.0
2023,12,31,3,60,0.0,0.0,0.0,0.0,0.0,5,16.7,14.3,86,1000.2,134,1.2,-9900,-9900,0.0,0.0
2023,12,31,4,60,0.0,0.0,0.0,0.0,0.0,5,16.3,15.2,93,1000.3,146,1.0,-9900,-9900,0.0,0.0
2023,12,31,5,60,0.0,0.0,0.0,0.0,0.0,5,15.7,14.6,93,1000.7,134,2.0,-9900,-9900,0.0,0.0
2023,12,31,6,60,0.0,0.0,0.0,0.0,0.0,5,15.6,14.1,91,1001.3,138,1.6,-9900,-9900,0.0,0.0
2023,12,31,7,60,0.0,0.0,0.0,0.0,0.0,5,16.0,13.8,87,1002.2,129,1.5,-9900,-9900,0.0,0.0
2023,12,31,8,60,0.0,0.0,0.0,0.0,0.0,5,17.3,14.4,83,1003.1,100,0.5,-9900,-9900,0.0,0.0
2023,12,31,9,60,0.0,0.0,0.0,0.0,0.0,5,18.0,14.5,80,1003.7,128,1.0,-9900,-9900,0.0,0.0
2023,12,31,10,60,0.0,0.0,0.0,0.0,0.0,5,20.1,15.1,73,1004.0,71,1.4,-9900,-9900,0.0,0.0
2023,12,31,11,60,0.0,0.0,0.0,0.0,0.0,5,21.2,16.8,76,1003.5,54,1.5,-9900,-9900,0.0,0.0
2023,12,31,12,60,0.0,0.0,0.0,0.0,0.0,5,22.2,16.0,68,1002.7,75,2.5,-9900,-9900,0.0,0.0
2023,12,31,13,60,0.0,0.0,0.0,0.0,0.0,5,21.2,15.5,70,1002.3,83,3.7,-9900,-9900,0.0,0.0
2023,12,31,14,60,0.0,0.0,0.0,0.0,0.0,5,20.7,15.0,70,1002.0,79,3.6,-9900,-9900,0.0,0.0
2023,12,31,15,60,0.0,0.0,0.0,0.0,0.0,5,19.0,14.3,74,1002.0,87,4.6,-9900,-9900,0.0,0.0
2023,12,31,16,60,0.0,0.0,0.0,0.0,0.0,5,18.5,13.6,73,1002.6,85,4.1,-9900,-9900,0.0,0.0
2023,12,31,17,60,0.0,0.0,0.0,0.0,0.0,5,17.8,13.1,74,1003.2,78,4.8,-9900,-9900,0.0,0.0
2023,12,31,18,60,0.0,0.0,0.0,0.0,0.0,5,17.4,11.9,70,1003.9,75,4.3,-9900,-9900,0.0,0.0
2023,12,31,19,60,0.0,0.0,0.0,0.0,0.0,5,17.2,11.7,70,1004.1,88,4.1,-9900,-9900,0.0,0.0
2023,12,31,20,60,0.0,0.0,0.0,0.0,0.0,5,17.0,11.5,70,1004.6,77,3.9,-9900,-9900,0.0,0.0
2023,12,31,21,60,0.0,0.0,0.0,0.0,0.0,5,16.8,10.6,67,1005.1,79,4.1,-9900,-9900,0.0,0.0
2023,12,31,22,60,0.0,0.0,0.0,0.0,0.0,5,16.5,10.1,66,1005.1,76,3.9,-9900,-9900,0.0,0.0
2023,12,31,23,60,0.0,0.0,0.0,0.0,0.0,5,16.2,9.4,64,1005.5,84,4.5,-9900,-9900,0.0,0.0
2023,12,31,24,60,0.0,0.0,0.0,0.0,0.0,5,15.9,9.1,64,1005.6,77,4.8,-9900,-9900,0.0,0.0
