yr,mo,da,hr,mi,etr,etrn,ghi,dni,dhi,tcld,db,dp,rh,ps,wdir,wspd,hvis,ch,lpd,lpq
2017,1,1,1,60,0.00,0.00,0.00,0.00,0.00,7,20.5,15.2,72,1019.0,60,3.5,-9900,-9900,0.0,0.0
2017,1,1,2,60,0.00,0.00,0.00,0.00,0.00,6,20.7,15.1,70,1018.4,50,3.5,-9900,-9900,0.0,0.0
2017,1,1,3,60,0.00,0.00,0.00,0.00,0.00,6,20.7,15.1,70,1018.0,50,5.0,-9900,-9900,0.0,0.0
2017,1,1,4,60,0.00,0.00,0.00,0.00,0.00,5,20.5,15.0,71,1017.7,50,4.3,-9900,-9900,0.0,0.0
2017,1,1,5,60,0.00,0.00,0.00,0.00,0.00,5,20.2,15.0,72,1017.8,50,5.6,-9900,-9900,0.0,0.0
2017,1,1,6,60,0.00,0.00,0.00,0.00,0.00,4,20.0,15.2,74,1018.5,50,3.0,-9900,-9900,0.0,0.0
2017,1,1,7,60,17.10,477.48,0.00,0.00,0.00,4,20.5,15.2,72,1019.2,50,4.6,-9900,-9900,0.0,0.0
2017,1,1,8,60,241.53,1412.10,55.56,0.00,55.56,3,20.8,15.3,71,1019.8,50,4.8,30,-9900,0.0,0.0
2017,1,1,9,60,501.36,1412.10,250.00,256.02,159.10,2,21.8,16.0,70,1019.7,60,3.4,30,-9900,0.0,0.0
2017,1,1,10,60,711.10,1412.10,450.00,550.86,172.60,2,24.2,17.1,65,1019.2,60,4.0,-9900,-9900,0.0,0.0
2017,1,1,11,60,856.46,1412.10,641.67,852.69,124.50,1,25.7,17.3,60,1018.1,60,4.2,30,-9900,0.0,0.0
2017,1,1,12,60,927.54,1412.10,666.67,773.30,158.73,1,26.0,16.7,57,1017.0,80,3.9,-9900,-9900,0.0,0.0
2017,1,1,13,60,919.47,1412.10,666.67,789.81,152.39,1,26.5,16.6,55,1015.9,80,2.8,-9900,-9900,0.0,0.0
2017,1,1,14,60,832.84,1412.10,622.22,847.26,122.52,1,27.2,17.4,55,1015.1,60,3.3,30,-9900,0.0,0.0
2017,1,1,15,60,673.52,1412.10,472.22,727.01,125.46,1,26.1,17.0,57,1014.7,70,3.7,-9900,-9900,0.0,0.0
2017,1,1,16,60,452.38,1412.10,286.11,549.94,109.93,1,25.1,16.7,60,1014.9,60,3.3,-9900,-9900,0.0,0.0
2017,1,1,17,60,184.49,1412.10,88.89,0.00,88.89,1,23.5,16.0,63,1015.1,50,3.5,30,-9900,0.0,0.0
2017,1,1,18,60,2.79,192.26,0.00,0.00,0.00,1,22.9,15.9,65,1015.2,50,3.6,-9900,-9900,0.0,0.0
2017,1,1,19,60,0.00,0.00,0.00,0.00,0.00,1,22.6,15.8,65,1015.8,50,3.2,-9900,-9900,0.0,0.0
2017,1,1,20,60,0.00,0.00,0.00,0.00,0.00,1,22.5,15.5,65,1015.9,50,2.9,20,-9900,0.0,0.0
2017,1,1,21,60,0.00,0.00,0.00,0.00,0.00,2,22.3,15.4,65,1016.0,50,1.6,20,-9900,0.0,0.0
2017,1,1,22,60,0.00,0.00,0.00,0.00,0.00,3,21.6,14.8,65,1015.9,50,1.5,-9900,-9900,0.0,0.0
2017,1,1,23,60,0.00,0.00,0.00,0.00,0.00,3,20.8,14.8,69,1016.0,100,0.5,-9900,-9900,0.0,0.0
2017,1,1,24,60,0.00,0.00,0.00,0.00,0.00,4,19.9,15.0,73,1016.0,200,1.4,-9900,-9900,0.0,0.0
2017,1,2,1,60,0.00,0.00,0.00,0.00,0.00,5,19.5,14.9,75,1015.9,210,1.5,-9900,-9900,0.0,0.0
2017,1,2,2,60,0.00,0.00,0.00,0.00,0.00,5,19.1,15.3,79,1016.3,180,0.8,-9900,-9900,0.0,0.0
2017,1,2,3,60,0.00,0.00,0.00,0.00,0.00,6,19.1,14.5,75,1015.6,160,1.4,-9900,-9900,0.0,0.0
2017,1,2,4,60,0.00,0.00,0.00,0.00,0.00,6,18.0,14.0,77,1015.9,240,0.8,-9900,-9900,0.0,0.0
2017,1,2,5,60,0.00,0.00,0.00,0.00,0.00,7,18.2,14.7,80,1016.6,220,1.4,-9900,-9900,0.0,0.0
2017,1,2,6,60,0.00,0.00,0.00,0.00,0.00,8,18.0,14.7,81,1016.9,200,0.3,-9900,-9900,0.0,0.0
2017,1,2,7,60,17.42,481.77,0.00,0.00,0.00,8,18.2,14.4,78,1017.7,150,1.0,-9900,-9900,0.0,0.0
2017,1,2,8,60,242.59,1412.08,47.22,0.00,47.22,9,18.7,14.5,77,1018.1,150,1.5,20,1,0.0,0.0
2017,1,2,9,60,502.57,1412.08,272.22,340.06,151.19,3,20.7,15.5,72,1018.6,150,0.9,25,-9900,0.0,0.0
2017,1,2,10,60,712.43,1412.08,469.44,617.12,158.09,1,22.9,16.8,69,1018.1,160,0.5,-9900,-9900,0.0,0.0
2017,1,2,11,60,857.87,1412.08,600.00,722.51,161.06,1,24.5,17.4,65,1017.1,140,0.8,15,-9900,0.0,0.0
2017,1,2,12,60,928.99,1412.08,666.67,770.34,159.87,1,26.1,17.2,58,1016.2,270,0.3,-9900,-9900,0.0,0.0
2017,1,2,13,60,920.94,1412.08,666.67,786.79,153.54,1,24.2,17.5,66,1015.6,280,1.7,-9900,-9900,0.0,0.0
2017,1,2,14,60,834.24,1412.08,561.11,652.45,175.65,1,25.7,18.6,65,1015.0,300,1.2,10,-9900,0.0,0.0
2017,1,2,15,60,674.83,1412.08,425.00,543.27,165.37,1,25.2,18.0,64,1014.6,240,0.7,-9900,-9900,0.0,0.0
2017,1,2,16,60,453.57,1412.08,211.11,199.28,147.10,3,23.4,17.2,68,1014.9,50,3.2,-9900,-9900,0.0,0.0
2017,1,2,17,60,185.52,1412.08,50.00,0.00,50.00,3,22.9,17.0,69,1015.1,50,3.1,20,-9900,0.0,0.0
2017,1,2,18,60,2.92,196.55,0.00,0.00,0.00,2,22.2,17.0,72,1015.6,50,3.0,-9900,-9900,0.0,0.0
2017,1,2,19,60,0.00,0.00,0.00,0.00,0.00,2,21.7,17.2,76,1015.9,50,2.3,-9900,-9900,0.0,0.0
2017,1,2,20,60,0.00,0.00,0.00,0.00,0.00,1,21.1,17.2,78,1016.5,50,2.8,20,-9900,0.0,0.0
2017,1,2,21,60,0.00,0.00,0.00,0.00,0.00,1,20.8,17.0,79,1016.7,50,4.3,15,-9900,0.0,0.0
2017,1,2,22,60,0.00,0.00,0.00,0.00,0.00,2,20.8,17.0,79,1016.6,50,3.8,-9900,-9900,0.0,0.0
2017,1,2,23,60,0.00,0.00,0.00,0.00,0.00,2,21.0,16.8,77,1016.3,50,3.8,-9900,-9900,0.0,0.0
2017,1,2,24,60,0.00,0.00,0.00,0.00,0.00,3,21.1,16.8,76,1016.1,50,3.8,-9900,-9900,0.0,0.0
2017,1,3,1,60,0.00,0.00,0.00,0.00,0.00,4,20.9,16.8,77,1016.0,40,2.9,-9900,-9900,0.0,0.0
2017,1,3,2,60,0.00,0.00,0.00,0.00,0.00,5,21.0,17.0,78,1016.2,50,3.7,-9900,-9900,0.0,0.0
2017,1,3,3,60,0.00,0.00,0.00,0.00,0.00,5,20.9,17.3,80,1016.0,40,4.2,-9900,-9900,0.0,0.0
2017,1,3,4,60,0.00,0.00,0.00,0.00,0.00,6,20.5,17.1,81,1016.2,50,4.3,-9900,-9900,0.0,0.0
2017,1,3,5,60,0.00,0.00,0.00,0.00,0.00,7,20.2,17.2,83,1016.4,50,4.0,-9900,-9900,0.0,0.0
2017,1,3,6,60,0.00,0.00,0.00,0.00,0.00,8,20.4,17.5,83,1016.8,60,2.4,-9900,-9900,0.0,0.0
2017,1,3,7,60,17.77,486.40,0.00,0.00,0.00,8,19.8,17.6,87,1017.4,100,2.1,-9900,-9900,0.3,0.7
2017,1,3,8,60,243.73,1412.05,0.00,0.00,0.00,9,20.5,18.1,86,1017.7,60,2.8,16,0,0.3,0.5
2017,1,3,9,60,503.88,1412.05,22.22,0.53,22.03,9,21.0,18.2,84,1018.1,50,3.4,12,0,0.0,1.0
2017,1,3,10,60,713.88,1412.05,33.33,0.57,33.04,10,20.9,18.1,84,1018.4,60,1.8,-9900,-9900,0.0,1.0
2017,1,3,11,60,859.42,1412.05,16.67,0.18,16.56,10,20.9,18.2,85,1017.8,70,2.5,10,0,0.0,1.0
2017,1,3,12,60,930.58,1412.05,158.33,4.51,155.36,10,21.1,18.4,85,1016.6,60,3.0,-9900,-9900,0.0,1.0
2017,1,3,13,60,922.51,1412.05,380.56,124.47,299.24,9,21.9,18.5,81,1015.7,50,3.7,-9900,-9900,0.0,0.5
2017,1,3,14,60,835.76,1412.05,227.78,18.18,217.02,10,21.6,18.0,80,1015.4,50,3.6,10,0,0.0,0.0
2017,1,3,15,60,676.25,1412.05,63.89,1.69,63.08,10,20.5,17.6,83,1015.3,60,3.9,-9900,-9900,0.0,0.5
2017,1,3,16,60,454.85,1412.05,152.78,50.63,136.47,8,20.3,17.4,83,1015.5,50,4.2,-9900,-9900,0.0,1.0
2017,1,3,17,60,186.64,1412.05,16.67,0.00,16.67,10,20.2,17.4,84,1015.7,50,4.3,5,0,0.0,1.0
2017,1,3,18,60,3.06,201.19,0.00,0.00,0.00,10,20.3,17.3,83,1016.2,50,5.0,-9900,-9900,0.0,0.5
2017,1,3,19,60,0.00,0.00,0.00,0.00,0.00,10,20.4,17.4,83,1016.6,50,3.6,-9900,-9900,0.0,0.0
2017,1,3,20,60,0.00,0.00,0.00,0.00,0.00,10,20.6,17.3,81,1016.5,50,3.6,12,0,0.0,0.0
2017,1,3,21,60,0.00,0.00,0.00,0.00,0.00,9,20.5,17.4,82,1016.5,60,3.2,12,0,0.0,0.0
2017,1,3,22,60,0.00,0.00,0.00,0.00,0.00,8,20.6,17.6,83,1016.6,50,3.5,-9900,-9900,0.0,0.0
2017,1,3,23,60,0.00,0.00,0.00,0.00,0.00,8,20.5,17.8,85,1016.2,50,3.8,-9900,-9900,0.0,0.0
2017,1,3,24,60,0.00,0.00,0.00,0.00,0.00,7,20.5,17.7,84,1015.4,50,3.4,-9900,-9900,0.0,0.0
2017,1,4,1,60,0.00,0.00,0.00,0.00,0.00,7,20.7,18.1,85,1015.0,60,2.4,-9900,-9900,0.0,0.0
2017,1,4,2,60,0.00,0.00,0.00,0.00,0.00,6,21.2,18.2,83,1014.5,50,3.5,-9900,-9900,0.0,0.0
2017,1,4,3,60,0.00,0.00,0.00,0.00,0.00,6,21.0,18.1,84,1014.4,50,3.9,-9900,-9900,0.0,0.0
2017,1,4,4,60,0.00,0.00,0.00,0.00,0.00,5,20.7,18.0,85,1014.1,50,3.0,-9900,-9900,0.0,0.0
2017,1,4,5,60,0.00,0.00,0.00,0.00,0.00,5,20.9,17.9,83,1014.5,50,2.8,-9900,-9900,0.0,0.0
2017,1,4,6,60,0.00,0.00,0.00,0.00,0.00,4,20.9,17.8,82,1015.2,50,3.0,-9900,-9900,0.0,0.0
2017,1,4,7,60,18.15,491.38,0.00,0.00,0.00,4,20.9,17.9,83,1015.3,50,3.4,-9900,-9900,0.0,0.0
2017,1,4,8,60,244.97,1412.00,108.33,0.00,108.33,3,21.3,18.1,82,1016.0,50,4.0,15,-9900,0.0,0.0
2017,1,4,9,60,505.28,1412.00,308.33,495.15,131.14,4,23.6,19.6,78,1015.9,40,2.8,20,-9900,0.0,0.0
2017,1,4,10,60,715.42,1412.00,500.00,721.12,134.63,2,25.5,20.0,72,1015.6,30,2.3,-9900,-9900,0.0,0.0
2017,1,4,11,60,861.05,1412.00,555.56,582.03,200.63,4,25.4,19.8,71,1014.6,50,4.3,25,-9900,0.0,0.0
2017,1,4,12,60,932.26,1412.00,477.78,281.82,291.71,8,25.5,18.8,66,1013.6,60,4.2,-9900,-9900,0.0,0.0
2017,1,4,13,60,924.18,1412.00,522.22,390.35,266.73,4,26.1,18.8,64,1012.6,60,3.4,-9900,-9900,0.0,0.0
2017,1,4,14,60,837.38,1412.00,588.89,732.56,154.45,2,26.2,18.7,63,1012.0,60,4.5,20,-9900,0.0,0.0
2017,1,4,15,60,677.77,1412.00,480.56,747.74,121.64,1,26.7,18.5,61,1011.8,80,4.0,-9900,-9900,0.0,0.0
2017,1,4,16,60,456.22,1412.00,291.67,567.13,108.43,1,26.2,17.8,60,1012.1,70,3.9,-9900,-9900,0.0,0.0
2017,1,4,17,60,187.83,1412.00,91.67,0.00,91.67,1,24.8,17.0,62,1012.7,50,4.3,30,-9900,0.0,0.0
2017,1,4,18,60,3.22,206.18,0.00,0.00,0.00,1,23.8,17.0,66,1013.1,40,4.1,-9900,-9900,0.0,0.0
2017,1,4,19,60,0.00,0.00,0.00,0.00,0.00,1,23.1,16.8,68,1013.6,40,3.9,-9900,-9900,0.0,0.0
2017,1,4,20,60,0.00,0.00,0.00,0.00,0.00,1,22.7,16.8,69,1013.8,50,3.9,20,-9900,0.0,0.0
2017,1,4,21,60,0.00,0.00,0.00,0.00,0.00,1,22.7,17.1,71,1013.6,50,3.0,20,-9900,0.0,0.0
2017,1,4,22,60,0.00,0.00,0.00,0.00,0.00,1,22.5,17.3,72,1013.5,50,3.4,-9900,-9900,0.0,0.0
2017,1,4,23,60,0.00,0.00,0.00,0.00,0.00,1,22.4,17.4,73,1012.9,50,3.3,-9900,-9900,0.0,0.0
2017,1,4,24,60,0.00,0.00,0.00,0.00,0.00,1,22.2,17.2,73,1012.5,40,2.7,-9900,-9900,0.0,0.0
2017,1,5,1,60,0.00,0.00,0.00,0.00,0.00,1,22.2,17.1,73,1012.6,80,1.6,-9900,-9900,0.0,0.0
2017,1,5,2,60,0.00,0.00,0.00,0.00,0.00,1,20.6,16.7,78,1012.6,200,1.0,-9900,-9900,0.0,0.0
2017,1,5,3,60,0.00,0.00,0.00,0.00,0.00,1,20.3,16.4,78,1012.4,150,0.7,-9900,-9900,0.0,0.0
2017,1,5,4,60,0.00,0.00,0.00,0.00,0.00,1,19.8,16.2,80,1012.2,190,0.9,-9900,-9900,0.0,0.0
2017,1,5,5,60,0.00,0.00,0.00,0.00,0.00,1,19.3,16.1,82,1012.5,190,0.5,-9900,-9900,0.0,0.0
2017,1,5,6,60,0.00,0.00,0.00,0.00,0.00,1,19.6,16.0,80,1012.6,150,1.6,-9900,-9900,0.0,0.0
2017,1,5,7,60,18.56,496.70,0.00,0.00,0.00,1,19.5,15.9,80,1013.1,160,1.1,-9900,-9900,0.0,0.0
2017,1,5,8,60,246.28,1411.94,86.11,0.00,86.11,1,20.3,16.4,78,1013.7,190,0.8,11,-9900,0.0,0.0
2017,1,5,9,60,506.78,1411.94,238.89,208.87,163.92,1,22.3,18.2,78,1014.4,160,0.7,10,-9900,0.0,0.0
2017,1,5,10,60,717.07,1411.94,400.00,374.47,209.82,1,23.7,18.7,74,1014.4,300,0.5,-9900,-9900,0.0,0.0
2017,1,5,11,60,862.80,1411.94,425.00,245.09,275.23,9,24.1,18.7,72,1013.6,250,0.8,5,4,0.0,0.0
2017,1,5,12,60,934.05,1411.94,338.89,72.03,291.24,9,25.2,19.1,69,1012.5,270,0.3,-9900,-9900,0.0,0.0
2017,1,5,13,60,925.98,1411.94,472.22,277.01,290.55,8,26.1,18.8,64,1011.3,220,1.4,-9900,-9900,0.0,0.0
2017,1,5,14,60,839.12,1411.94,363.89,151.98,273.57,8,25.6,19.2,68,1010.9,300,1.1,4,3,0.0,0.0
2017,1,5,15,60,679.39,1411.94,266.67,101.29,217.93,8,24.7,18.6,69,1010.6,290,0.4,-9900,-9900,0.0,0.0
2017,1,5,16,60,457.69,1411.94,122.22,16.41,116.90,9,24.1,18.3,70,1010.9,290,0.6,-9900,-9900,0.0,0.0
2017,1,5,17,60,189.11,1411.94,0.00,0.00,0.00,10,23.2,18.0,73,1011.5,0,0.0,5,-9900,0.0,0.0
2017,1,5,18,60,3.39,211.51,0.00,0.00,0.00,10,22.7,17.8,74,1012.0,280,0.6,-9900,-9900,0.0,0.0
2017,1,5,19,60,0.00,0.00,0.00,0.00,0.00,9,22.8,17.8,73,1012.8,300,0.3,-9900,-9900,0.0,0.0
2017,1,5,20,60,0.00,0.00,0.00,0.00,0.00,9,22.1,17.5,75,1013.0,0,0.0,6,3,0.0,0.0
2017,1,5,21,60,0.00,0.00,0.00,0.00,0.00,10,22.3,17.7,75,1013.3,20,0.4,6,1,0.0,0.0
2017,1,5,22,60,0.00,0.00,0.00,0.00,0.00,10,22.3,17.6,75,1013.4,250,0.5,-9900,-9900,0.0,0.0
2017,1,5,23,60,0.00,0.00,0.00,0.00,0.00,10,22.3,17.5,74,1013.5,250,0.3,-9900,-9900,0.0,0.0
2017,1,5,24,60,0.00,0.00,0.00,0.00,0.00,10,22.0,17.7,77,1013.0,200,1.1,-9900,-9900,0.0,0.0
2017,1,6,1,60,0.00,0.00,0.00,0.00,0.00,10,20.9,17.4,80,1012.8,200,0.5,-9900,-9900,0.0,0.0
2017,1,6,2,60,0.00,0.00,0.00,0.00,0.00,10,20.7,17.3,81,1012.4,150,1.1,-9900,-9900,0.0,0.0
2017,1,6,3,60,0.00,0.00,0.00,0.00,0.00,9,20.3,17.4,83,1012.5,190,1.1,-9900,-9900,0.0,0.0
2017,1,6,4,60,0.00,0.00,0.00,0.00,0.00,9,20.7,17.4,81,1012.7,300,0.3,-9900,-9900,0.0,0.0
2017,1,6,5,60,0.00,0.00,0.00,0.00,0.00,9,20.7,17.4,81,1012.9,0,0.0,-9900,-9900,0.0,0.0
2017,1,6,6,60,0.00,0.00,0.00,0.00,0.00,9,20.6,17.4,82,1012.8,190,0.5,-9900,-9900,0.0,0.0
2017,1,6,7,60,19.00,502.36,0.00,0.00,0.00,9,20.9,17.6,81,1013.1,360,0.5,-9900,-9900,0.0,0.0
2017,1,6,8,60,247.69,1411.87,0.00,0.00,0.00,9,21.1,17.6,80,1013.6,110,0.8,4,1,0.0,0.0
2017,1,6,9,60,508.38,1411.87,83.33,4.22,81.81,9,21.6,17.8,79,1013.8,60,1.8,4,1,0.0,0.0
2017,1,6,10,60,718.81,1411.87,166.67,8.68,162.25,10,22.6,17.8,74,1013.3,70,2.6,-9900,-9900,0.0,0.0
2017,1,6,11,60,864.66,1411.87,297.22,56.38,262.69,2,25.0,18.6,68,1012.3,40,2.3,7,-9900,0.0,0.0
2017,1,6,12,60,935.96,1411.87,547.22,434.63,259.09,8,25.4,18.9,67,1011.2,30,2.7,-9900,-9900,0.0,0.0
2017,1,6,13,60,927.87,1411.87,286.11,33.60,264.03,10,24.6,18.5,69,1010.6,40,3.5,-9900,-9900,0.0,0.0
2017,1,6,14,60,840.95,1411.87,166.67,5.89,163.16,10,23.9,18.2,70,1010.4,50,3.0,12,1,0.0,0.0
2017,1,6,15,60,681.11,1411.87,166.67,10.86,161.43,10,23.6,18.7,74,1010.0,50,2.9,-9900,-9900,0.0,0.0
2017,1,6,16,60,459.25,1411.87,86.11,5.35,84.37,9,23.1,18.7,76,1010.1,50,3.0,-9900,-9900,0.0,0.0
2017,1,6,17,60,190.47,1411.87,0.00,0.00,0.00,9,22.9,18.5,76,1010.6,0,0.0,10,1,0.0,0.0
2017,1,6,18,60,3.57,217.19,0.00,0.00,0.00,9,22.7,18.7,78,1011.3,50,3.4,-9900,-9900,0.0,0.0
2017,1,6,19,60,0.00,0.00,0.00,0.00,0.00,8,22.8,18.8,78,1011.4,60,1.5,-9900,-9900,0.0,0.0
2017,1,6,20,60,0.00,0.00,0.00,0.00,0.00,8,22.2,18.5,80,1011.2,50,3.0,10,1,0.0,0.0
2017,1,6,21,60,0.00,0.00,0.00,0.00,0.00,9,21.4,18.5,84,1011.2,40,2.2,7,1,0.4,0.5
2017,1,6,22,60,0.00,0.00,0.00,0.00,0.00,9,21.8,19.0,84,1011.4,50,2.5,-9900,-9900,0.0,0.1
2017,1,6,23,60,0.00,0.00,0.00,0.00,0.00,9,21.8,19.0,84,1011.4,70,1.6,-9900,-9900,0.0,0.0
2017,1,6,24,60,0.00,0.00,0.00,0.00,0.00,9,21.8,19.2,85,1010.7,50,1.9,-9900,-9900,0.0,0.0
2017,1,7,1,60,0.00,0.00,0.00,0.00,0.00,9,21.6,18.8,84,1010.5,50,2.0,-9900,-9900,0.1,0.3
2017,1,7,2,60,0.00,0.00,0.00,0.00,0.00,9,21.5,18.8,85,1010.3,90,1.3,-9900,-9900,0.1,0.8
2017,1,7,3,60,0.00,0.00,0.00,0.00,0.00,9,21.4,19.3,88,1010.4,140,1.3,-9900,-9900,0.0,0.0
2017,1,7,4,60,0.00,0.00,0.00,0.00,0.00,9,21.5,19.3,87,1010.3,120,0.9,-9900,-9900,0.0,0.0
2017,1,7,5,60,0.00,0.00,0.00,0.00,0.00,9,21.5,19.3,87,1010.7,200,1.2,-9900,-9900,0.0,0.0
2017,1,7,6,60,0.00,0.00,0.00,0.00,0.00,9,21.4,18.9,86,1010.4,110,1.5,-9900,-9900,0.0,0.0
2017,1,7,7,60,19.48,508.35,0.00,0.00,0.00,9,21.2,18.7,86,1010.3,80,1.8,-9900,-9900,0.0,0.0
2017,1,7,8,60,249.17,1411.78,0.00,0.00,0.00,9,21.4,19.0,86,1010.2,50,1.7,35,4,0.0,0.0
2017,1,7,9,60,510.06,1411.78,144.44,22.00,136.49,7,22.2,19.5,85,1010.7,60,2.2,35,4,0.0,0.0
2017,1,7,10,60,720.66,1411.78,347.22,226.29,231.71,8,24.3,20.3,78,1010.9,230,1.1,-9900,-9900,0.0,0.0
2017,1,7,11,60,866.61,1411.78,341.67,103.19,278.33,7,24.8,19.9,74,1010.4,190,0.6,10,-9900,0.0,0.0
2017,1,7,12,60,937.97,1411.78,480.56,281.49,293.54,7,26.1,20.6,72,1009.0,270,0.3,-9900,-9900,0.0,0.0
2017,1,7,13,60,929.88,1411.78,433.33,200.13,301.51,7,26.1,19.1,65,1007.8,270,1.0,-9900,-9900,0.0,0.0
2017,1,7,14,60,842.89,1411.78,352.78,131.95,274.00,7,26.3,18.6,63,1007.0,250,1.1,9,-9900,0.0,0.0
2017,1,7,15,60,682.93,1411.78,238.89,61.09,209.34,7,25.2,19.5,71,1006.8,300,0.8,-9900,-9900,0.0,0.0
2017,1,7,16,60,460.89,1411.78,169.44,76.36,144.51,7,23.0,18.5,76,1007.7,300,2.0,-9900,-9900,0.0,0.0
2017,1,7,17,60,191.91,1411.78,8.33,0.00,8.33,9,22.4,18.0,76,1008.6,280,0.6,9,4,0.0,0.0
2017,1,7,18,60,3.78,223.20,0.00,0.00,0.00,9,22.2,17.8,76,1009.1,300,0.4,-9900,-9900,0.0,0.0
2017,1,7,19,60,0.00,0.00,0.00,0.00,0.00,8,21.8,17.8,78,1009.4,300,0.5,-9900,-9900,0.0,0.0
2017,1,7,20,60,0.00,0.00,0.00,0.00,0.00,8,21.7,17.8,79,1009.6,0,0.0,8,-9900,0.0,0.0
2017,1,7,21,60,0.00,0.00,0.00,0.00,0.00,8,21.4,17.7,79,1009.5,170,0.3,7,4,0.0,0.0
2017,1,7,22,60,0.00,0.00,0.00,0.00,0.00,8,21.4,17.6,79,1009.8,220,1.0,-9900,-9900,0.0,0.0
2017,1,7,23,60,0.00,0.00,0.00,0.00,0.00,8,21.5,17.7,79,1009.5,190,0.5,-9900,-9900,0.0,0.0
2017,1,7,24,60,0.00,0.00,0.00,0.00,0.00,8,21.5,17.8,79,1009.5,200,0.9,-9900,-9900,0.0,0.0
2017,1,8,1,60,0.00,0.00,0.00,0.00,0.00,8,21.4,17.6,79,1009.4,150,1.2,-9900,-9900,0.0,0.0
2017,1,8,2,60,0.00,0.00,0.00,0.00,0.00,8,21.1,17.4,79,1009.1,200,0.9,-9900,-9900,0.0,0.0
2017,1,8,3,60,0.00,0.00,0.00,0.00,0.00,8,20.8,17.3,80,1009.0,130,0.6,-9900,-9900,0.0,0.0
2017,1,8,4,60,0.00,0.00,0.00,0.00,0.00,8,20.8,17.3,80,1009.0,190,0.4,-9900,-9900,0.0,0.0
2017,1,8,5,60,0.00,0.00,0.00,0.00,0.00,8,20.6,17.2,81,1009.2,0,0.0,-9900,-9900,0.0,0.0
2017,1,8,6,60,0.00,0.00,0.00,0.00,0.00,8,20.5,17.7,84,1009.8,330,0.3,-9900,-9900,0.0,0.0
2017,1,8,7,60,19.99,514.68,0.00,0.00,0.00,8,20.4,17.3,82,1010.6,330,0.3,-9900,-9900,0.0,0.0
2017,1,8,8,60,250.74,1411.68,0.00,0.00,0.00,8,20.8,17.3,80,1011.3,50,0.5,6,-9900,0.0,0.0
2017,1,8,9,60,511.84,1411.68,69.44,3.06,68.33,10,21.4,17.6,79,1012.1,210,0.8,7,1,0.0,0.0
2017,1,8,10,60,722.61,1411.68,55.56,1.21,54.94,10,21.5,17.7,79,1012.2,80,1.1,-9900,-9900,0.0,0.0
2017,1,8,11,60,868.68,1411.68,222.22,13.33,214.02,10,22.3,17.9,76,1011.3,90,1.6,10,1,0.0,0.0
2017,1,8,12,60,940.09,1411.68,66.67,1.08,65.95,10,20.9,16.4,75,1010.4,60,4.0,-9900,-9900,0.0,0.1
2017,1,8,13,60,932.00,1411.68,102.78,2.17,101.35,10,20.7,16.2,75,1009.4,60,4.4,-9900,-9900,0.0,0.6
2017,1,8,14,60,844.94,1411.68,197.22,8.91,191.89,9,21.0,16.5,75,1008.8,60,3.2,25,1,0.0,0.0
2017,1,8,15,60,684.85,1411.68,180.56,15.42,173.08,10,20.1,15.5,75,1008.9,50,4.6,-9900,-9900,0.0,0.0
2017,1,8,16,60,462.63,1411.68,80.56,4.70,79.02,10,20.2,15.4,74,1009.3,40,3.0,-9900,-9900,0.0,0.0
2017,1,8,17,60,193.44,1411.68,0.00,0.00,0.00,10,19.5,15.3,77,1010.2,40,4.5,25,1,0.0,0.0
2017,1,8,18,60,4.00,229.54,0.00,0.00,0.00,10,19.1,15.2,78,1011.0,50,5.0,-9900,-9900,0.0,0.0
2017,1,8,19,60,0.00,0.00,0.00,0.00,0.00,9,18.8,15.1,79,1011.9,60,4.3,-9900,-9900,0.0,0.0
2017,1,8,20,60,0.00,0.00,0.00,0.00,0.00,9,18.7,15.1,80,1012.5,60,3.5,20,1,0.0,0.0
2017,1,8,21,60,0.00,0.00,0.00,0.00,0.00,8,18.6,15.1,80,1012.5,50,3.1,12,1,0.0,0.0
2017,1,8,22,60,0.00,0.00,0.00,0.00,0.00,8,18.5,14.9,80,1013.0,60,3.1,-9900,-9900,0.0,0.0
2017,1,8,23,60,0.00,0.00,0.00,0.00,0.00,8,18.6,14.5,77,1013.0,50,3.4,-9900,-9900,0.0,0.0
2017,1,8,24,60,0.00,0.00,0.00,0.00,0.00,8,18.2,13.9,76,1012.8,50,4.5,-9900,-9900,0.0,0.0
2017,1,9,1,60,0.00,0.00,0.00,0.00,0.00,8,18.1,13.7,75,1012.8,50,3.5,-9900,-9900,0.0,0.0
2017,1,9,2,60,0.00,0.00,0.00,0.00,0.00,8,18.1,13.5,74,1012.9,50,3.7,-9900,-9900,0.0,0.0
2017,1,9,3,60,0.00,0.00,0.00,0.00,0.00,9,18.3,13.1,72,1013.2,50,4.2,-9900,-9900,0.0,0.0
2017,1,9,4,60,0.00,0.00,0.00,0.00,0.00,9,18.1,12.8,71,1013.3,50,4.0,-9900,-9900,0.0,0.0
2017,1,9,5,60,0.00,0.00,0.00,0.00,0.00,9,18.0,12.6,71,1013.6,50,3.3,-9900,-9900,0.0,0.0
2017,1,9,6,60,0.00,0.00,0.00,0.00,0.00,9,18.1,12.5,70,1014.6,50,3.5,-9900,-9900,0.0,0.0
2017,1,9,7,60,20.53,521.33,0.00,0.00,0.00,9,18.1,12.4,69,1015.1,50,3.0,-9900,-9900,0.0,0.0
2017,1,9,8,60,252.40,1411.57,11.11,0.00,11.11,9,18.2,12.4,69,1016.0,50,3.9,12,0,0.0,0.0
2017,1,9,9,60,513.71,1411.57,52.78,1.92,52.08,9,17.9,12.5,71,1016.8,50,3.4,10,0,0.0,0.0
2017,1,9,10,60,724.65,1411.57,183.33,12.64,176.84,9,18.4,12.6,69,1016.6,50,3.4,-9900,-9900,0.0,0.0
2017,1,9,11,60,870.84,1411.57,272.22,35.92,250.06,9,18.4,12.5,68,1016.1,50,3.4,10,0,0.0,0.0
2017,1,9,12,60,942.32,1411.57,213.89,8.04,208.52,9,18.2,12.3,68,1015.0,40,4.1,-9900,-9900,0.0,0.0
2017,1,9,13,60,934.22,1411.57,166.67,4.90,163.43,9,17.7,12.1,70,1014.3,50,3.7,-9900,-9900,0.0,0.0
2017,1,9,14,60,847.08,1411.57,166.67,5.82,163.18,10,17.5,12.1,71,1013.9,50,4.8,12,1,0.0,0.0
2017,1,9,15,60,686.86,1411.57,166.67,10.46,161.58,9,17.2,11.9,71,1013.9,50,4.2,-9900,-9900,0.0,0.0
2017,1,9,16,60,464.46,1411.57,80.56,4.65,79.03,10,17.3,11.7,70,1014.2,50,4.6,-9900,-9900,0.0,0.0
2017,1,9,17,60,195.04,1411.57,0.00,0.00,0.00,8,16.9,11.4,70,1015.0,50,5.2,10,1,0.0,0.0
2017,1,9,18,60,4.24,236.22,0.00,0.00,0.00,8,16.9,11.3,70,1015.4,60,3.1,-9900,-9900,0.0,0.0
2017,1,9,19,60,0.00,0.00,0.00,0.00,0.00,8,16.9,11.0,68,1015.7,60,3.0,-9900,-9900,0.0,0.0
2017,1,9,20,60,0.00,0.00,0.00,0.00,0.00,8,17.0,11.0,68,1016.0,50,6.0,10,1,0.0,0.0
2017,1,9,21,60,0.00,0.00,0.00,0.00,0.00,8,17.2,10.7,66,1016.1,50,5.2,10,1,0.0,0.0
2017,1,9,22,60,0.00,0.00,0.00,0.00,0.00,8,17.1,10.5,65,1016.2,50,5.3,-9900,-9900,0.0,0.0
2017,1,9,23,60,0.00,0.00,0.00,0.00,0.00,8,17.1,10.3,64,1016.5,50,4.9,-9900,-9900,0.0,0.0
2017,1,9,24,60,0.00,0.00,0.00,0.00,0.00,8,17.0,10.5,66,1016.2,60,2.9,-9900,-9900,0.0,0.0
2017,1,10,1,60,0.00,0.00,0.00,0.00,0.00,8,16.9,10.5,66,1015.7,60,4.5,-9900,-9900,0.0,0.0
2017,1,10,2,60,0.00,0.00,0.00,0.00,0.00,8,17.0,10.5,66,1015.3,50,4.1,-9900,-9900,0.0,0.0
2017,1,10,3,60,0.00,0.00,0.00,0.00,0.00,9,17.0,10.1,64,1015.3,60,3.6,-9900,-9900,0.0,0.0
2017,1,10,4,60,0.00,0.00,0.00,0.00,0.00,9,17.2,10.2,63,1015.3,60,4.0,-9900,-9900,0.0,0.0
2017,1,10,5,60,0.00,0.00,0.00,0.00,0.00,9,17.2,10.7,66,1015.7,50,3.4,-9900,-9900,0.0,0.0
2017,1,10,6,60,0.00,0.00,0.00,0.00,0.00,9,17.3,11.3,68,1016.2,50,2.8,-9900,-9900,0.0,0.0
2017,1,10,7,60,21.11,528.30,0.00,0.00,0.00,9,17.4,11.3,67,1016.9,50,3.5,-9900,-9900,0.0,0.0
2017,1,10,8,60,254.13,1411.44,30.56,0.00,30.56,9,17.9,11.5,66,1017.7,60,2.1,8,3,0.0,0.0
2017,1,10,9,60,515.67,1411.44,186.11,70.32,160.42,7,19.0,12.1,64,1018.3,50,3.4,9,3,0.0,0.0
2017,1,10,10,60,726.79,1411.44,352.78,232.40,233.11,9,19.7,13.0,65,1018.2,50,4.7,-9900,-9900,0.0,0.0
2017,1,10,11,60,873.11,1411.44,388.89,168.58,284.61,10,19.8,13.2,66,1017.5,50,5.1,9,3,0.0,0.0
2017,1,10,12,60,944.65,1411.44,563.89,463.18,253.89,6,20.4,13.3,64,1016.5,50,5.8,-9900,-9900,0.0,0.0
2017,1,10,13,60,936.54,1411.44,627.78,646.24,198.98,3,20.1,12.9,63,1015.4,50,3.3,-9900,-9900,0.0,0.0
2017,1,10,14,60,849.33,1411.44,616.67,792.09,140.03,1,20.6,13.3,63,1014.5,60,5.4,9,-9900,0.0,0.0
2017,1,10,15,60,688.97,1411.44,463.89,654.01,144.65,1,20.7,13.1,62,1014.2,50,5.6,-9900,-9900,0.0,0.0
2017,1,10,16,60,466.37,1411.44,283.33,488.47,121.93,1,20.2,12.9,63,1014.4,50,4.6,-9900,-9900,0.0,0.0
2017,1,10,17,60,196.72,1411.44,86.11,0.00,86.11,1,19.0,12.0,64,1015.2,50,4.3,9,-9900,0.0,0.0
2017,1,10,18,60,4.50,243.21,0.00,0.00,0.00,3,18.7,12.1,65,1015.8,50,5.1,-9900,-9900,0.0,0.0
2017,1,10,19,60,0.00,0.00,0.00,0.00,0.00,4,18.9,12.2,65,1016.6,50,5.1,-9900,-9900,0.0,0.0
2017,1,10,20,60,0.00,0.00,0.00,0.00,0.00,6,18.8,12.5,67,1017.2,50,3.9,9,1,0.0,0.0
2017,1,10,21,60,0.00,0.00,0.00,0.00,0.00,8,18.8,12.9,69,1017.6,70,4.3,9,3,0.0,0.0
2017,1,10,22,60,0.00,0.00,0.00,0.00,0.00,8,18.6,13.0,70,1018.0,60,4.0,-9900,-9900,0.0,0.0
2017,1,10,23,60,0.00,0.00,0.00,0.00,0.00,8,18.4,13.0,71,1017.5,50,4.3,-9900,-9900,0.0,0.0
2017,1,10,24,60,0.00,0.00,0.00,0.00,0.00,7,18.5,13.1,71,1017.3,60,4.1,-9900,-9900,0.0,0.0
2017,1,11,1,60,0.00,0.00,0.00,0.00,0.00,7,18.4,13.0,71,1016.9,70,4.0,-9900,-9900,0.0,0.0
2017,1,11,2,60,0.00,0.00,0.00,0.00,0.00,7,18.4,13.0,71,1016.3,70,3.6,-9900,-9900,0.0,0.0
2017,1,11,3,60,0.00,0.00,0.00,0.00,0.00,7,18.4,12.9,70,1016.2,70,4.4,-9900,-9900,0.0,0.0
2017,1,11,4,60,0.00,0.00,0.00,0.00,0.00,7,18.5,13.0,70,1015.9,70,3.0,-9900,-9900,0.0,0.0
2017,1,11,5,60,0.00,0.00,0.00,0.00,0.00,7,18.7,13.2,70,1016.5,50,3.2,-9900,-9900,0.0,0.0
2017,1,11,6,60,0.00,0.00,0.00,0.00,0.00,6,18.7,13.5,72,1016.9,60,3.7,-9900,-9900,0.0,0.0
2017,1,11,7,60,21.72,535.59,0.00,0.00,0.00,6,18.5,13.4,72,1017.3,50,4.9,-9900,-9900,0.0,0.0
2017,1,11,8,60,255.94,1411.30,80.56,0.00,80.56,6,18.9,13.7,72,1017.6,60,3.9,11,-9900,0.0,0.0
2017,1,11,9,60,517.71,1411.30,152.78,27.04,142.86,8,19.3,14.0,71,1018.3,70,4.3,12,1,0.0,0.0
2017,1,11,10,60,729.03,1411.30,136.11,5.30,133.37,9,19.7,14.1,70,1018.1,50,3.5,-9900,-9900,0.0,0.0
2017,1,11,11,60,875.48,1411.30,322.22,76.70,274.64,7,21.1,15.4,70,1017.1,60,4.9,14,1,0.0,0.0
2017,1,11,12,60,947.09,1411.30,519.44,354.18,281.76,5,21.3,15.4,69,1015.6,60,6.3,-9900,-9900,0.0,0.0
2017,1,11,13,60,938.97,1411.30,633.33,657.02,196.20,5,20.7,15.0,70,1014.0,50,6.6,-9900,-9900,0.0,0.0
2017,1,11,14,60,851.68,1411.30,638.89,854.63,123.14,4,21.0,15.6,71,1013.4,50,6.9,14,-9900,0.0,0.0
2017,1,11,15,60,691.18,1411.30,494.44,763.95,120.30,3,20.9,15.6,72,1013.3,50,6.2,-9900,-9900,0.0,0.0
2017,1,11,16,60,468.38,1411.30,288.89,510.88,119.34,3,20.3,15.0,72,1013.3,50,6.8,-9900,-9900,0.0,0.0
2017,1,11,17,60,198.49,1411.30,61.11,0.00,61.11,8,19.9,14.8,72,1013.6,40,5.1,15,-9900,0.0,0.0
2017,1,11,18,60,4.78,250.53,0.00,0.00,0.00,8,19.7,15.0,74,1014.2,50,5.8,-9900,-9900,0.0,0.0
2017,1,11,19,60,0.00,0.00,0.00,0.00,0.00,7,19.5,15.0,75,1014.3,50,5.5,-9900,-9900,0.0,0.0
2017,1,11,20,60,0.00,0.00,0.00,0.00,0.00,7,19.3,15.2,77,1014.5,50,5.0,12,1,0.0,0.0
2017,1,11,21,60,0.00,0.00,0.00,0.00,0.00,8,19.6,15.6,78,1014.8,40,3.7,12,3,0.0,0.0
2017,1,11,22,60,0.00,0.00,0.00,0.00,0.00,8,19.3,15.6,79,1014.9,50,5.6,-9900,-9900,0.0,0.0
2017,1,11,23,60,0.00,0.00,0.00,0.00,0.00,8,19.3,15.6,79,1015.0,50,3.8,-9900,-9900,0.0,0.0
2017,1,11,24,60,0.00,0.00,0.00,0.00,0.00,9,19.2,15.7,80,1014.6,50,3.1,-9900,-9900,0.0,0.0
2017,1,12,1,60,0.00,0.00,0.00,0.00,0.00,9,19.0,15.4,80,1013.8,40,2.8,-9900,-9900,0.0,0.0
2017,1,12,2,60,0.00,0.00,0.00,0.00,0.00,9,19.3,15.7,80,1013.5,50,4.9,-9900,-9900,0.0,0.0
2017,1,12,3,60,0.00,0.00,0.00,0.00,0.00,9,19.2,15.8,81,1012.9,50,4.0,-9900,-9900,0.0,0.0
2017,1,12,4,60,0.00,0.00,0.00,0.00,0.00,9,19.2,16.1,82,1012.9,50,3.4,-9900,-9900,0.0,0.0
2017,1,12,5,60,0.00,0.00,0.00,0.00,0.00,9,19.4,16.3,82,1013.1,40,1.9,-9900,-9900,0.0,0.0
2017,1,12,6,60,0.00,0.00,0.00,0.00,0.00,10,19.8,16.3,80,1013.5,10,1.2,-9900,-9900,0.0,0.0
2017,1,12,7,60,22.37,543.20,0.00,0.00,0.00,10,19.7,16.2,80,1013.6,60,3.6,-9900,-9900,0.0,0.0
2017,1,12,8,60,257.84,1411.15,0.00,0.00,0.00,10,19.4,16.2,82,1013.6,50,4.8,11,1,0.0,0.0
2017,1,12,9,60,519.86,1411.15,2.78,0.05,2.76,10,19.2,16.3,83,1013.4,50,3.5,8,0,0.1,0.9
2017,1,12,10,60,731.37,1411.15,130.56,4.90,128.02,10,20.4,17.2,82,1013.4,50,3.9,-9900,-9900,0.0,0.2
2017,1,12,11,60,877.95,1411.15,338.89,94.30,280.22,10,20.7,17.4,81,1012.5,40,4.3,11,0,0.0,0.0
2017,1,12,12,60,949.63,1411.15,333.33,62.03,291.59,10,21.7,17.7,78,1011.2,30,3.9,-9900,-9900,0.0,0.0
2017,1,12,13,60,941.50,1411.15,261.11,19.81,247.89,10,21.5,17.3,77,1010.4,60,3.3,-9900,-9900,0.0,0.0
2017,1,12,14,60,854.13,1411.15,197.22,8.54,192.05,10,21.5,17.5,78,1009.8,50,2.2,20,0,0.0,0.0
2017,1,12,15,60,693.47,1411.15,177.78,13.45,171.17,9,22.1,17.6,76,1009.6,90,3.1,-9900,-9900,0.0,0.0
2017,1,12,16,60,470.47,1411.15,197.22,132.73,152.97,9,21.3,17.0,76,1010.0,50,4.2,-9900,-9900,0.0,0.0
2017,1,12,17,60,200.33,1411.15,33.33,0.00,33.33,9,20.4,16.4,78,1010.3,50,4.1,15,3,0.0,0.0
2017,1,12,18,60,5.09,258.17,0.00,0.00,0.00,9,20.0,16.3,79,1011.0,50,3.8,-9900,-9900,0.0,0.0
2017,1,12,19,60,0.00,0.00,0.00,0.00,0.00,9,20.0,16.2,79,1011.1,50,3.1,-9900,-9900,0.0,0.0
2017,1,12,20,60,0.00,0.00,0.00,0.00,0.00,9,19.8,16.0,79,1011.4,50,3.2,25,3,0.0,0.0
2017,1,12,21,60,0.00,0.00,0.00,0.00,0.00,10,19.4,15.5,78,1012.0,50,4.0,25,3,0.0,0.0
2017,1,12,22,60,0.00,0.00,0.00,0.00,0.00,10,19.1,15.4,79,1012.0,50,2.9,-9900,-9900,0.0,0.0
2017,1,12,23,60,0.00,0.00,0.00,0.00,0.00,10,18.7,15.0,79,1011.6,50,4.2,-9900,-9900,0.0,0.0
2017,1,12,24,60,0.00,0.00,0.00,0.00,0.00,10,18.3,14.7,80,1011.8,50,3.5,-9900,-9900,0.0,0.0
2017,1,13,1,60,0.00,0.00,0.00,0.00,0.00,10,18.2,14.1,77,1011.7,50,4.7,-9900,-9900,0.0,0.0
2017,1,13,2,60,0.00,0.00,0.00,0.00,0.00,10,18.0,14.1,78,1011.8,60,3.9,-9900,-9900,0.0,0.0
2017,1,13,3,60,0.00,0.00,0.00,0.00,0.00,10,17.6,14.0,79,1011.9,50,3.7,-9900,-9900,0.0,0.0
2017,1,13,4,60,0.00,0.00,0.00,0.00,0.00,10,17.1,13.7,80,1012.2,50,3.0,-9900,-9900,0.0,0.0
2017,1,13,5,60,0.00,0.00,0.00,0.00,0.00,10,16.4,13.6,84,1012.4,60,2.9,-9900,-9900,0.6,0.9
2017,1,13,6,60,0.00,0.00,0.00,0.00,0.00,10,16.4,13.8,85,1012.7,60,2.4,-9900,-9900,0.1,0.8
2017,1,13,7,60,23.06,551.12,0.00,0.00,0.00,10,16.4,13.4,82,1013.2,60,3.3,-9900,-9900,0.0,0.0
2017,1,13,8,60,259.82,1410.99,0.00,0.00,0.00,10,16.7,13.2,80,1014.1,50,1.7,13,1,0.0,0.8
2017,1,13,9,60,522.09,1410.99,58.35,2.22,57.53,10,16.3,12.7,79,1014.8,60,2.3,13,1,0.2,1.0
2017,1,13,10,60,733.79,1410.99,36.11,0.62,35.79,10,15.6,12.6,82,1015.3,50,2.4,-9900,-9900,0.3,1.0
2017,1,13,11,60,880.51,1410.99,105.56,2.48,104.01,10,15.8,13.4,86,1014.4,60,2.3,6,3,0.8,1.0
2017,1,13,12,60,952.26,1410.99,172.22,5.01,168.84,10,15.6,12.9,84,1013.4,60,4.0,-9900,-9900,0.2,1.0
2017,1,13,13,60,944.12,1410.99,136.11,3.39,133.84,10,15.7,12.8,83,1012.7,50,3.5,-9900,-9900,0.1,1.0
2017,1,13,14,60,856.67,1410.99,119.44,3.21,117.49,10,15.5,13.1,86,1012.6,50,3.0,7,1,0.6,1.0
2017,1,13,15,60,695.86,1410.99,72.22,1.97,71.25,10,15.5,13.0,85,1012.6,60,3.0,-9900,-9900,0.5,1.0
2017,1,13,16,60,472.65,1410.99,5.56,0.09,5.53,10,15.2,12.7,85,1013.1,50,3.9,-9900,-9900,0.2,1.0
2017,1,13,17,60,202.24,1410.99,0.00,0.00,0.00,10,15.1,12.6,85,1013.5,50,3.5,6,0,0.2,1.0
2017,1,13,18,60,5.41,266.12,0.00,0.00,0.00,10,14.8,12.2,84,1014.0,50,3.9,-9900,-9900,0.3,1.0
2017,1,13,19,60,0.00,0.00,0.00,0.00,0.00,10,14.7,12.2,85,1014.5,50,3.4,-9900,-9900,0.0,1.0
2017,1,13,20,60,0.00,0.00,0.00,0.00,0.00,10,14.3,12.0,86,1014.6,60,3.9,5,0,0.5,1.0
2017,1,13,21,60,0.00,0.00,0.00,0.00,0.00,10,14.3,12.1,87,1015.0,50,4.1,4,1,0.7,1.0
2017,1,13,22,60,0.00,0.00,0.00,0.00,0.00,10,14.4,12.3,87,1015.4,50,4.0,-9900,-9900,0.4,1.0
2017,1,13,23,60,0.00,0.00,0.00,0.00,0.00,10,14.2,11.9,86,1015.4,50,3.7,-9900,-9900,0.5,1.0
2017,1,13,24,60,0.00,0.00,0.00,0.00,0.00,10,14.1,11.7,85,1015.2,50,4.3,-9900,-9900,0.1,1.0
2017,1,14,1,60,0.00,0.00,0.00,0.00,0.00,10,13.8,11.3,85,1015.2,50,5.1,-9900,-9900,0.0,1.0
2017,1,14,2,60,0.00,0.00,0.00,0.00,0.00,10,13.5,11.3,87,1015.0,60,3.7,-9900,-9900,1.5,1.0
2017,1,14,3,60,0.00,0.00,0.00,0.00,0.00,10,13.5,10.7,83,1015.1,50,4.7,-9900,-9900,0.5,1.0
2017,1,14,4,60,0.00,0.00,0.00,0.00,0.00,10,12.9,10.2,84,1015.4,50,4.2,-9900,-9900,0.5,1.0
2017,1,14,5,60,0.00,0.00,0.00,0.00,0.00,10,12.7,10.2,85,1016.2,50,3.0,-9900,-9900,0.5,1.0
2017,1,14,6,60,0.00,0.00,0.00,0.00,0.00,10,12.7,10.2,85,1016.3,50,4.2,-9900,-9900,0.5,1.0
2017,1,14,7,60,23.79,559.33,0.00,0.00,0.00,10,12.5,10.3,86,1017.0,50,3.8,-9900,-9900,1.0,1.0
2017,1,14,8,60,261.87,1410.81,0.00,0.00,0.00,10,12.4,10.3,87,1018.0,60,3.9,3,0,1.0,1.0
2017,1,14,9,60,524.40,1410.81,5.56,0.08,5.53,10,12.6,10.6,88,1018.7,60,3.8,3,0,1.5,1.0
2017,1,14,10,60,736.32,1410.81,36.11,0.61,35.79,10,13.1,11.0,87,1018.7,50,3.2,-9900,-9900,0.5,1.0
2017,1,14,11,60,883.18,1410.81,147.22,4.34,144.50,10,13.5,11.4,87,1018.0,60,3.6,5,1,0.5,1.0
2017,1,14,12,60,954.99,1410.81,88.89,1.64,87.78,10,13.6,11.2,85,1017.4,50,4.5,-9900,-9900,0.0,1.0
2017,1,14,13,60,946.85,1410.81,130.56,3.14,128.45,10,14.0,11.4,84,1016.4,70,2.5,-9900,-9900,0.5,1.0
2017,1,14,14,60,859.31,1410.81,119.44,3.19,117.50,10,14.1,11.9,87,1016.0,60,3.4,5,1,0.0,0.5
2017,1,14,15,60,698.34,1410.81,108.33,3.84,106.43,10,14.8,11.6,81,1015.8,60,3.2,-9900,-9900,0.0,0.0
2017,1,14,16,60,474.91,1410.81,63.89,3.03,62.87,10,15.2,11.6,79,1016.1,50,3.4,-9900,-9900,0.0,0.0
2017,1,14,17,60,204.24,1410.81,0.00,0.00,0.00,10,15.3,11.0,76,1016.5,50,4.9,9,1,0.0,0.0
2017,1,14,18,60,5.76,274.37,0.00,0.00,0.00,10,15.3,10.1,71,1017.2,50,3.9,-9900,-9900,0.0,0.0
2017,1,14,19,60,0.00,0.00,0.00,0.00,0.00,10,15.3,10.3,72,1017.8,50,4.7,-9900,-9900,0.0,0.0
2017,1,14,20,60,0.00,0.00,0.00,0.00,0.00,10,14.1,10.9,81,1018.5,50,4.2,8,1,0.0,0.0
2017,1,14,21,60,0.00,0.00,0.00,0.00,0.00,10,14.1,10.7,80,1018.9,60,2.5,10,1,0.0,0.0
2017,1,14,22,60,0.00,0.00,0.00,0.00,0.00,10,13.7,10.8,83,1019.0,60,3.8,-9900,-9900,0.0,0.0
2017,1,14,23,60,0.00,0.00,0.00,0.00,0.00,10,13.7,10.6,82,1018.8,60,4.3,-9900,-9900,0.0,0.0
2017,1,14,24,60,0.00,0.00,0.00,0.00,0.00,10,13.4,10.6,83,1018.7,60,3.3,-9900,-9900,0.0,0.0
2017,1,15,1,60,0.00,0.00,0.00,0.00,0.00,10,13.8,10.9,83,1018.6,70,2.9,-9900,-9900,0.0,0.0
2017,1,15,2,60,0.00,0.00,0.00,0.00,0.00,10,14.5,10.5,77,1018.7,70,2.7,-9900,-9900,0.0,0.0
2017,1,15,3,60,0.00,0.00,0.00,0.00,0.00,10,14.3,10.2,76,1018.6,60,3.5,-9900,-9900,0.0,0.0
2017,1,15,4,60,0.00,0.00,0.00,0.00,0.00,10,14.4,10.0,75,1018.3,50,3.7,-9900,-9900,0.0,0.0
2017,1,15,5,60,0.00,0.00,0.00,0.00,0.00,10,14.0,10.1,77,1019.0,50,3.1,-9900,-9900,0.0,0.0
2017,1,15,6,60,0.00,0.00,0.00,0.00,0.00,10,13.4,10.5,83,1019.3,50,3.6,-9900,-9900,0.0,0.0
2017,1,15,7,60,24.55,567.85,0.00,0.00,0.00,10,14.1,10.2,77,1018.7,80,3.8,-9900,-9900,0.0,0.0
2017,1,15,8,60,264.00,1410.62,0.00,0.00,0.00,10,14.2,10.7,79,1019.9,60,2.8,20,0,0.0,0.0
2017,1,15,9,60,526.79,1410.62,44.36,1.39,43.84,10,14.1,10.7,80,1020.5,60,2.4,20,1,0.0,0.0
2017,1,15,10,60,738.92,1410.62,16.67,0.21,16.56,10,14.6,10.5,76,1020.0,60,3.4,-9900,-9900,0.0,0.0
2017,1,15,11,60,885.93,1410.62,27.78,0.33,27.57,10,14.4,10.7,78,1019.6,50,3.3,16,1,0.0,0.0
2017,1,15,12,60,957.81,1410.62,44.44,0.57,44.05,10,13.9,10.8,82,1018.5,70,3.3,-9900,-9900,0.1,0.5
2017,1,15,13,60,949.66,1410.62,72.22,1.20,71.41,10,14.0,10.9,82,1017.6,50,5.3,-9900,-9900,0.1,1.0
2017,1,15,14,60,862.04,1410.62,108.33,2.68,106.69,10,13.8,10.9,83,1017.2,50,4.3,10,0,0.0,1.0
2017,1,15,15,60,700.91,1410.62,61.11,1.49,60.37,10,14.3,11.0,81,1017.3,50,3.5,-9900,-9900,0.0,1.0
2017,1,15,16,60,477.25,1410.62,2.78,0.06,2.76,10,13.7,11.0,84,1018.0,60,3.5,-9900,-9900,0.0,1.0
2017,1,15,17,60,206.31,1410.62,0.00,0.00,0.00,10,13.6,11.1,85,1018.1,60,3.1,10,0,0.1,1.0
2017,1,15,18,60,6.13,282.93,0.00,0.00,0.00,10,13.7,11.2,85,1018.5,70,3.1,-9900,-9900,0.0,0.3
2017,1,15,19,60,0.00,0.00,0.00,0.00,0.00,10,13.8,11.1,84,1018.6,60,2.9,-9900,-9900,0.0,0.0
2017,1,15,20,60,0.00,0.00,0.00,0.00,0.00,10,13.8,11.1,84,1018.7,60,3.9,12,0,0.0,0.5
2017,1,15,21,60,0.00,0.00,0.00,0.00,0.00,10,13.7,11.1,84,1018.8,60,4.1,12,0,0.0,1.0
2017,1,15,22,60,0.00,0.00,0.00,0.00,0.00,10,13.6,11.4,87,1018.8,70,2.7,-9900,-9900,0.5,1.0
2017,1,15,23,60,0.00,0.00,0.00,0.00,0.00,10,13.7,11.4,86,1018.2,60,3.3,-9900,-9900,0.5,1.0
2017,1,15,24,60,0.00,0.00,0.00,0.00,0.00,10,13.7,11.6,87,1018.2,60,2.8,-9900,-9900,0.2,1.0
2017,1,16,1,60,0.00,0.00,0.00,0.00,0.00,10,13.6,11.4,87,1018.8,70,2.3,-9900,-9900,0.5,0.9
2017,1,16,2,60,0.00,0.00,0.00,0.00,0.00,10,13.8,11.7,87,1018.4,60,2.8,-9900,-9900,0.0,0.0
2017,1,16,3,60,0.00,0.00,0.00,0.00,0.00,9,13.9,11.7,87,1018.4,70,2.7,-9900,-9900,0.0,0.0
2017,1,16,4,60,0.00,0.00,0.00,0.00,0.00,9,13.7,11.6,87,1018.5,60,3.2,-9900,-9900,0.0,0.0
2017,1,16,5,60,0.00,0.00,0.00,0.00,0.00,9,13.7,11.6,87,1018.9,70,2.3,-9900,-9900,0.0,0.0
2017,1,16,6,60,0.00,0.00,0.00,0.00,0.00,9,13.8,11.2,84,1019.4,60,4.2,-9900,-9900,0.0,0.0
2017,1,16,7,60,25.36,576.66,0.00,0.00,0.00,9,13.5,11.1,85,1019.7,60,2.9,-9900,-9900,0.0,0.0
2017,1,16,8,60,266.20,1410.41,0.00,0.00,0.00,9,14.1,11.3,83,1019.9,70,3.0,20,1,0.0,0.0
2017,1,16,9,60,529.26,1410.41,113.89,6.85,111.32,10,14.5,11.6,83,1020.4,50,4.8,20,1,0.0,0.0
2017,1,16,10,60,741.61,1410.41,172.22,8.73,167.63,9,15.3,11.7,79,1020.3,50,5.2,-9900,-9900,0.0,0.0
2017,1,16,11,60,888.78,1410.41,172.22,5.65,168.66,10,16.0,11.7,76,1019.8,50,3.6,25,1,0.0,0.0
2017,1,16,12,60,960.74,1410.41,211.11,7.25,206.17,10,16.0,11.8,76,1019.0,60,4.4,-9900,-9900,0.0,0.0
2017,1,16,13,60,952.58,1410.41,166.67,4.74,163.47,9,15.2,11.6,79,1018.0,50,4.1,-9900,-9900,0.0,0.0
2017,1,16,14,60,864.86,1410.41,166.67,5.61,163.23,9,15.6,11.8,78,1017.5,70,3.5,20,1,0.0,0.0
2017,1,16,15,60,703.56,1410.41,86.11,2.57,84.83,9,15.8,11.4,75,1017.3,60,4.4,-9900,-9900,0.0,0.0
2017,1,16,16,60,479.68,1410.41,161.11,50.57,143.91,8,15.8,11.4,75,1017.3,50,4.5,-9900,-9900,0.0,0.0
2017,1,16,17,60,208.47,1410.41,19.44,0.00,19.44,9,15.8,11.0,73,1017.9,50,4.5,20,1,0.0,0.0
2017,1,16,18,60,6.53,291.78,0.00,0.00,0.00,9,15.9,10.8,72,1018.4,60,3.3,-9900,-9900,0.0,0.0
2017,1,16,19,60,0.00,0.00,0.00,0.00,0.00,9,16.1,10.8,71,1018.6,70,2.4,-9900,-9900,0.0,0.0
2017,1,16,20,60,0.00,0.00,0.00,0.00,0.00,9,15.9,11.1,73,1019.2,60,3.7,16,1,0.0,0.0
2017,1,16,21,60,0.00,0.00,0.00,0.00,0.00,9,16.0,11.1,73,1019.3,70,3.5,16,1,0.0,0.0
2017,1,16,22,60,0.00,0.00,0.00,0.00,0.00,9,16.0,11.0,72,1019.4,90,3.1,-9900,-9900,0.0,0.0
2017,1,16,23,60,0.00,0.00,0.00,0.00,0.00,9,16.2,11.0,71,1019.4,90,2.6,-9900,-9900,0.0,0.0
2017,1,16,24,60,0.00,0.00,0.00,0.00,0.00,9,16.2,11.4,73,1019.3,70,3.4,-9900,-9900,0.0,0.0
2017,1,17,1,60,0.00,0.00,0.00,0.00,0.00,9,16.2,12.0,76,1019.3,70,2.6,-9900,-9900,0.0,0.0
2017,1,17,2,60,0.00,0.00,0.00,0.00,0.00,9,16.3,11.8,75,1018.6,80,3.4,-9900,-9900,0.0,0.0
2017,1,17,3,60,0.00,0.00,0.00,0.00,0.00,9,16.2,11.7,75,1018.3,50,4.7,-9900,-9900,0.0,0.0
2017,1,17,4,60,0.00,0.00,0.00,0.00,0.00,9,16.1,11.8,76,1018.6,60,3.4,-9900,-9900,0.0,0.0
2017,1,17,5,60,0.00,0.00,0.00,0.00,0.00,9,16.0,11.7,76,1018.6,50,3.5,-9900,-9900,0.0,0.0
2017,1,17,6,60,0.00,0.00,0.00,0.00,0.00,9,16.2,12.1,77,1018.8,60,3.0,-9900,-9900,0.0,0.0
2017,1,17,7,60,26.21,585.76,0.00,0.00,0.00,9,16.4,12.3,77,1019.4,50,3.5,-9900,-9900,0.0,0.0
2017,1,17,8,60,268.48,1410.19,41.67,0.00,41.67,9,17.2,12.8,75,1019.8,60,3.8,30,3,0.0,0.0
2017,1,17,9,60,531.81,1410.19,202.78,89.41,169.06,10,18.2,13.5,74,1020.1,50,3.7,30,1,0.0,0.0
2017,1,17,10,60,744.38,1410.19,222.22,28.61,207.12,8,19.4,13.9,70,1019.7,50,4.8,-9900,-9900,0.0,0.0
2017,1,17,11,60,891.71,1410.19,544.44,495.36,231.21,3,20.6,14.5,68,1018.5,50,6.3,30,-9900,0.0,0.0
2017,1,17,12,60,963.74,1410.19,647.22,648.91,203.75,4,21.7,15.0,66,1016.9,50,4.7,-9900,-9900,0.0,0.0
2017,1,17,13,60,955.57,1410.19,613.89,574.26,224.76,6,22.1,15.0,64,1016.0,50,4.8,-9900,-9900,0.0,0.0
2017,1,17,14,60,867.77,1410.19,627.78,784.52,145.02,4,22.7,15.9,65,1015.7,50,4.3,30,-9900,0.0,0.0
2017,1,17,15,60,706.30,1410.19,413.89,437.21,194.91,9,22.2,15.7,67,1015.5,50,3.0,-9900,-9900,0.0,0.0
2017,1,17,16,60,482.18,1410.19,225.00,200.92,156.30,5,21.6,14.9,66,1015.8,60,4.3,-9900,-9900,0.0,0.0
2017,1,17,17,60,210.68,1410.19,69.44,0.00,69.44,9,21.1,14.6,66,1016.4,60,3.5,30,2,0.0,0.0
2017,1,17,18,60,6.96,300.92,0.00,0.00,0.00,9,20.5,14.6,69,1016.7,60,3.2,-9900,-9900,0.0,0.0
2017,1,17,19,60,0.00,0.00,0.00,0.00,0.00,10,20.4,14.8,70,1017.2,50,2.7,-9900,-9900,0.0,0.0
2017,1,17,20,60,0.00,0.00,0.00,0.00,0.00,10,20.3,14.8,71,1017.6,40,2.9,30,3,0.0,0.0
2017,1,17,21,60,0.00,0.00,0.00,0.00,0.00,10,20.2,14.9,72,1017.8,50,4.4,30,3,0.0,0.0
2017,1,17,22,60,0.00,0.00,0.00,0.00,0.00,9,19.9,15.0,73,1017.7,50,2.5,-9900,-9900,0.0,0.0
2017,1,17,23,60,0.00,0.00,0.00,0.00,0.00,9,19.7,15.1,75,1017.8,110,1.3,-9900,-9900,0.0,0.0
2017,1,17,24,60,0.00,0.00,0.00,0.00,0.00,8,19.0,15.0,78,1018.1,230,1.0,-9900,-9900,0.0,0.0
2017,1,18,1,60,0.00,0.00,0.00,0.00,0.00,8,18.7,14.8,78,1017.9,190,1.4,-9900,-9900,0.0,0.0
2017,1,18,2,60,0.00,0.00,0.00,0.00,0.00,7,18.4,14.7,79,1018.0,190,1.2,-9900,-9900,0.0,0.0
2017,1,18,3,60,0.00,0.00,0.00,0.00,0.00,7,18.2,14.8,81,1018.6,240,0.8,-9900,-9900,0.0,0.0
2017,1,18,4,60,0.00,0.00,0.00,0.00,0.00,6,18.7,15.2,80,1018.6,250,1.6,-9900,-9900,0.0,0.0
2017,1,18,5,60,0.00,0.00,0.00,0.00,0.00,6,18.2,15.2,83,1018.7,200,0.3,-9900,-9900,0.0,0.0
2017,1,18,6,60,0.00,0.00,0.00,0.00,0.00,5,18.1,15.2,83,1019.2,190,0.7,-9900,-9900,0.0,0.0
2017,1,18,7,60,27.10,595.14,0.00,0.00,0.00,5,18.2,15.2,83,1019.6,190,0.5,-9900,-9900,0.0,0.0
2017,1,18,8,60,270.84,1409.96,94.44,0.00,94.44,4,18.4,14.9,80,1019.8,160,1.5,15,-9900,0.0,0.0
2017,1,18,9,60,534.45,1409.96,283.33,315.97,163.56,3,20.8,16.6,77,1020.0,0,0.0,15,-9900,0.0,0.0
2017,1,18,10,60,747.25,1409.96,444.44,457.60,201.92,8,22.5,17.5,73,1019.7,270,0.9,-9900,-9900,0.0,0.0
2017,1,18,11,60,894.73,1409.96,163.89,5.12,160.64,8,21.7,16.8,74,1019.1,310,0.4,13,1,0.0,0.0
2017,1,18,12,60,966.84,1409.96,519.44,330.47,292.83,7,23.6,17.6,69,1017.4,100,0.3,-9900,-9900,0.0,0.0
2017,1,18,13,60,958.66,1409.96,352.78,76.58,300.71,7,23.3,17.4,69,1016.5,330,1.9,-9900,-9900,0.0,0.0
2017,1,18,14,60,870.76,1409.96,330.56,87.71,276.39,8,23.2,17.5,70,1016.3,260,0.3,15,1,0.0,0.0
2017,1,18,15,60,709.13,1409.96,238.89,51.28,213.10,8,23.0,17.0,69,1016.1,260,0.5,-9900,-9900,0.0,0.0
2017,1,18,16,60,484.77,1409.96,108.33,7.62,105.71,8,20.6,16.9,79,1016.6,310,2.0,-9900,-9900,0.0,0.0
2017,1,18,17,60,212.98,1409.96,0.00,0.00,0.00,8,20.0,16.5,80,1016.8,260,1.4,10,1,0.0,0.0
2017,1,18,18,60,7.42,310.35,0.00,0.00,0.00,8,19.9,16.4,80,1017.0,240,0.8,-9900,-9900,0.0,0.5
2017,1,18,19,60,0.00,0.00,0.00,0.00,0.00,8,19.9,16.7,82,1017.5,280,1.3,-9900,-9900,0.0,0.3
2017,1,18,20,60,0.00,0.00,0.00,0.00,0.00,8,19.7,16.5,82,1017.9,310,0.3,13,1,0.0,0.0
2017,1,18,21,60,0.00,0.00,0.00,0.00,0.00,10,19.7,16.5,82,1018.0,330,0.3,10,3,0.0,0.0
2017,1,18,22,60,0.00,0.00,0.00,0.00,0.00,10,19.5,16.4,82,1017.7,220,1.1,-9900,-9900,0.0,0.0
2017,1,18,23,60,0.00,0.00,0.00,0.00,0.00,10,19.7,16.4,81,1017.6,220,0.8,-9900,-9900,0.0,0.0
2017,1,18,24,60,0.00,0.00,0.00,0.00,0.00,10,19.6,16.4,82,1017.7,0,0.0,-9900,-9900,0.0,0.0
2017,1,19,1,60,0.00,0.00,0.00,0.00,0.00,10,19.6,16.3,81,1017.8,280,0.9,-9900,-9900,0.0,0.0
2017,1,19,2,60,0.00,0.00,0.00,0.00,0.00,10,19.3,16.1,82,1017.7,270,1.7,-9900,-9900,0.0,0.0
2017,1,19,3,60,0.00,0.00,0.00,0.00,0.00,10,19.1,16.0,82,1017.6,250,0.8,-9900,-9900,0.0,0.0
2017,1,19,4,60,0.00,0.00,0.00,0.00,0.00,10,19.1,16.2,83,1017.5,360,0.3,-9900,-9900,0.0,0.0
2017,1,19,5,60,0.00,0.00,0.00,0.00,0.00,10,18.8,16.0,84,1017.6,310,0.4,-9900,-9900,0.0,0.0
2017,1,19,6,60,0.00,0.00,0.00,0.00,0.00,10,18.5,15.8,84,1018.0,290,0.6,-9900,-9900,0.0,0.0
2017,1,19,7,60,28.03,604.80,0.00,0.00,0.00,10,18.6,15.7,83,1018.3,300,0.7,-9900,-9900,0.0,0.0
2017,1,19,8,60,273.27,1409.72,0.00,0.00,0.00,10,18.8,15.8,83,1018.9,270,1.0,12,1,0.0,0.0
2017,1,19,9,60,537.17,1409.72,102.78,5.54,100.67,10,18.9,15.6,81,1019.3,230,1.3,10,0,0.0,0.2
2017,1,19,10,60,750.20,1409.72,86.11,2.31,84.88,10,18.9,16.0,83,1019.3,290,0.6,-9900,-9900,0.1,1.0
2017,1,19,11,60,897.84,1409.72,230.56,13.55,221.93,10,19.7,16.3,81,1018.4,270,1.8,12,0,0.0,0.2
2017,1,19,12,60,970.03,1409.72,372.22,91.85,309.02,9,21.4,17.1,76,1017.2,250,2.0,-9900,-9900,0.0,0.0
2017,1,19,13,60,961.84,1409.72,488.89,273.40,302.35,10,21.5,16.6,74,1016.0,260,1.2,-9900,-9900,0.0,0.0
2017,1,19,14,60,873.84,1409.72,466.67,323.84,265.93,10,21.5,16.6,74,1014.7,180,0.6,12,3,0.0,0.0
2017,1,19,15,60,712.03,1409.72,125.00,4.75,122.60,10,20.8,16.2,75,1014.8,320,1.3,-9900,-9900,0.0,0.0
2017,1,19,16,60,487.42,1409.72,66.67,3.09,65.60,10,19.9,15.7,77,1015.3,290,0.6,-9900,-9900,0.0,0.0
2017,1,19,17,60,215.34,1409.72,0.00,0.00,0.00,10,19.2,15.4,79,1015.7,50,1.6,12,1,0.0,0.0
2017,1,19,18,60,7.90,320.06,0.00,0.00,0.00,10,19.1,15.3,79,1016.1,110,2.0,-9900,-9900,0.0,0.0
2017,1,19,19,60,0.00,0.00,0.00,0.00,0.00,10,18.6,15.2,81,1016.6,60,0.8,-9900,-9900,0.0,0.0
2017,1,19,20,60,0.00,0.00,0.00,0.00,0.00,10,18.9,15.1,79,1016.9,50,2.6,12,1,0.0,0.0
2017,1,19,21,60,0.00,0.00,0.00,0.00,0.00,10,18.9,15.2,79,1017.4,70,1.3,12,1,0.0,0.0
2017,1,19,22,60,0.00,0.00,0.00,0.00,0.00,10,18.7,14.9,79,1017.3,60,2.0,-9900,-9900,0.0,0.0
2017,1,19,23,60,0.00,0.00,0.00,0.00,0.00,10,18.5,14.7,79,1017.5,50,2.0,-9900,-9900,0.0,0.0
2017,1,19,24,60,0.00,0.00,0.00,0.00,0.00,10,18.0,14.7,81,1017.9,70,1.5,-9900,-9900,0.0,0.3
2017,1,20,1,60,0.00,0.00,0.00,0.00,0.00,10,17.1,14.5,85,1018.2,90,1.7,-9900,-9900,0.3,1.0
2017,1,20,2,60,0.00,0.00,0.00,0.00,0.00,10,17.1,14.4,84,1018.6,40,0.9,-9900,-9900,0.7,1.0
2017,1,20,3,60,0.00,0.00,0.00,0.00,0.00,10,16.2,13.8,86,1018.8,250,0.4,-9900,-9900,0.7,1.0
2017,1,20,4,60,0.00,0.00,0.00,0.00,0.00,10,15.8,13.2,85,1019.2,40,0.3,-9900,-9900,0.0,1.0
2017,1,20,5,60,0.00,0.00,0.00,0.00,0.00,10,15.8,12.3,80,1019.7,140,1.6,-9900,-9900,0.0,1.0
2017,1,20,6,60,0.00,0.00,0.00,0.00,0.00,10,15.6,12.4,81,1020.7,360,0.9,-9900,-9900,0.0,1.0
2017,1,20,7,60,29.01,614.73,0.00,0.00,0.00,10,15.1,12.2,83,1021.5,100,1.0,-9900,-9900,0.0,1.0
2017,1,20,8,60,275.77,1409.46,0.00,0.00,0.00,10,15.4,11.5,78,1022.1,70,0.9,15,1,0.1,1.0
2017,1,20,9,60,539.96,1409.46,19.31,0.39,19.16,10,15.2,11.4,78,1023.0,50,3.0,15,1,0.0,0.5
2017,1,20,10,60,753.23,1409.46,5.56,0.06,5.53,10,14.9,10.7,76,1023.4,50,4.0,-9900,-9900,0.0,0.0
2017,1,20,11,60,901.03,1409.46,8.33,0.08,8.28,10,14.6,9.9,73,1023.5,50,3.6,25,1,0.0,0.0
2017,1,20,12,60,973.30,1409.46,55.56,0.77,55.03,10,14.0,9.8,76,1022.8,50,4.7,-9900,-9900,0.0,0.0
2017,1,20,13,60,965.11,1409.46,47.22,0.61,46.80,10,13.6,8.8,73,1022.1,50,3.3,-9900,-9900,0.0,0.0
2017,1,20,14,60,877.01,1409.46,13.89,0.14,13.80,10,13.3,8.6,73,1021.7,50,3.7,10,1,0.0,0.0
2017,1,20,15,60,715.01,1409.46,32.30,0.55,32.02,10,12.6,7.3,70,1022.1,50,2.8,-9900,-9900,0.0,0.0
2017,1,20,16,60,490.16,1409.46,16.12,0.35,16.00,10,12.6,6.5,66,1022.4,50,3.5,-9900,-9900,0.0,0.0
2017,1,20,17,60,217.78,1409.46,0.00,0.00,0.00,10,12.7,6.4,65,1023.1,50,3.3,8,1,0.0,0.0
2017,1,20,18,60,8.41,330.04,0.00,0.00,0.00,10,12.7,5.9,63,1023.5,50,4.7,-9900,-9900,0.0,0.0
2017,1,20,19,60,0.00,0.00,0.00,0.00,0.00,10,12.9,5.9,62,1024.0,50,4.4,-9900,-9900,0.0,0.0
2017,1,20,20,60,0.00,0.00,0.00,0.00,0.00,10,12.8,5.7,62,1024.4,50,4.7,10,1,0.0,0.0
2017,1,20,21,60,0.00,0.00,0.00,0.00,0.00,10,13.1,6.3,63,1024.5,40,3.2,10,1,0.0,0.0
2017,1,20,22,60,0.00,0.00,0.00,0.00,0.00,10,13.0,5.8,62,1024.3,50,4.3,-9900,-9900,0.0,0.0
2017,1,20,23,60,0.00,0.00,0.00,0.00,0.00,10,13.1,6.1,62,1024.1,60,3.7,-9900,-9900,0.0,0.0
2017,1,20,24,60,0.00,0.00,0.00,0.00,0.00,10,13.0,5.9,62,1024.0,50,4.6,-9900,-9900,0.0,0.0
2017,1,21,1,60,0.00,0.00,0.00,0.00,0.00,10,12.8,6.0,63,1023.9,50,3.8,-9900,-9900,0.0,0.0
2017,1,21,2,60,0.00,0.00,0.00,0.00,0.00,10,12.8,6.6,66,1023.7,50,3.9,-9900,-9900,0.0,0.0
2017,1,21,3,60,0.00,0.00,0.00,0.00,0.00,10,12.6,6.7,67,1023.5,40,3.0,-9900,-9900,0.0,0.0
2017,1,21,4,60,0.00,0.00,0.00,0.00,0.00,10,12.8,6.7,66,1023.3,50,2.5,-9900,-9900,0.0,0.0
2017,1,21,5,60,0.00,0.00,0.00,0.00,0.00,10,12.8,7.0,68,1023.4,50,4.8,-9900,-9900,0.0,0.0
2017,1,21,6,60,0.00,0.00,0.00,0.00,0.00,10,13.1,7.3,68,1023.6,60,2.5,-9900,-9900,0.0,0.0
2017,1,21,7,60,30.03,624.93,0.00,0.00,0.00,10,13.5,7.5,67,1024.0,50,4.3,-9900,-9900,0.0,0.0
2017,1,21,8,60,278.35,1409.20,0.00,0.00,0.00,10,13.7,7.8,68,1024.4,50,2.7,16,1,0.0,0.0
2017,1,21,9,60,542.84,1409.20,2.78,0.05,2.76,10,14.1,8.5,69,1024.7,50,2.2,16,1,0.0,0.0
2017,1,21,10,60,756.34,1409.20,47.22,0.88,46.75,10,14.3,8.7,69,1024.5,50,3.1,-9900,-9900,0.0,0.0
2017,1,21,11,60,904.30,1409.20,133.33,3.52,131.07,10,15.1,9.2,68,1023.5,40,1.9,18,1,0.0,0.0
2017,1,21,12,60,976.65,1409.20,166.67,4.53,163.53,10,14.9,9.1,68,1022.6,50,4.1,-9900,-9900,0.0,0.0
2017,1,21,13,60,968.45,1409.20,166.67,4.60,163.51,10,15.4,9.3,67,1021.5,60,1.6,-9900,-9900,0.0,0.0
2017,1,21,14,60,880.26,1409.20,155.56,4.80,152.56,10,15.5,9.2,66,1021.1,50,1.9,18,1,0.0,0.0
2017,1,21,15,60,718.09,1409.20,27.78,0.45,27.55,10,15.6,9.3,66,1021.0,30,2.1,-9900,-9900,0.0,0.0
2017,1,21,16,60,492.98,1409.20,77.78,3.94,76.40,9,15.8,9.6,67,1021.1,70,1.1,-9900,-9900,0.0,0.0
2017,1,21,17,60,220.29,1409.20,0.00,0.00,0.00,9,15.4,9.4,67,1021.5,50,2.7,20,1,0.0,0.0
2017,1,21,18,60,8.96,340.30,0.00,0.00,0.00,7,15.0,9.3,69,1022.2,90,1.7,-9900,-9900,0.0,0.0
2017,1,21,19,60,0.00,0.00,0.00,0.00,0.00,5,14.4,9.2,71,1022.7,120,1.5,-9900,-9900,0.0,0.0
2017,1,21,20,60,0.00,0.00,0.00,0.00,0.00,3,14.5,9.4,71,1023.0,40,1.8,15,-9900,0.0,0.0
2017,1,21,21,60,0.00,0.00,0.00,0.00,0.00,3,14.3,9.6,73,1023.3,20,1.5,15,-9900,0.0,0.0
2017,1,21,22,60,0.00,0.00,0.00,0.00,0.00,3,14.1,9.6,74,1023.7,70,1.3,-9900,-9900,0.0,0.0
2017,1,21,23,60,0.00,0.00,0.00,0.00,0.00,3,14.6,9.6,72,1023.6,50,2.2,-9900,-9900,0.0,0.0
2017,1,21,24,60,0.00,0.00,0.00,0.00,0.00,3,15.1,9.7,70,1023.6,50,1.6,-9900,-9900,0.0,0.0
2017,1,22,1,60,0.00,0.00,0.00,0.00,0.00,3,15.2,9.8,70,1023.7,60,0.8,-9900,-9900,0.0,0.0
2017,1,22,2,60,0.00,0.00,0.00,0.00,0.00,3,15.1,9.7,70,1023.7,60,0.4,-9900,-9900,0.0,0.0
2017,1,22,3,60,0.00,0.00,0.00,0.00,0.00,2,15.1,8.6,65,1023.7,50,1.8,-9900,-9900,0.0,0.0
2017,1,22,4,60,0.00,0.00,0.00,0.00,0.00,2,14.9,8.1,64,1024.1,20,2.3,-9900,-9900,0.0,0.0
2017,1,22,5,60,0.00,0.00,0.00,0.00,0.00,2,14.6,7.1,61,1024.7,30,2.3,-9900,-9900,0.0,0.0
2017,1,22,6,60,0.00,0.00,0.00,0.00,0.00,2,14.3,6.2,58,1025.5,40,1.3,-9900,-9900,0.0,0.0
2017,1,22,7,60,31.10,635.39,0.00,0.00,0.00,2,13.9,6.5,61,1025.9,50,2.1,-9900,-9900,0.0,0.0
2017,1,22,8,60,280.99,1408.91,69.44,0.00,69.44,2,14.3,6.5,59,1025.9,50,3.0,16,-9900,0.0,0.0
2017,1,22,9,60,545.78,1408.91,272.22,255.70,173.17,1,15.4,7.3,58,1026.4,50,3.5,17,-9900,0.0,0.0
2017,1,22,10,60,759.52,1408.91,458.33,477.81,200.75,2,16.4,7.4,55,1026.8,50,4.4,-9900,-9900,0.0,0.0
2017,1,22,11,60,907.66,1408.91,625.00,692.58,178.82,3,17.5,7.8,53,1026.1,20,4.4,18,-9900,0.0,0.0
2017,1,22,12,60,980.09,1408.91,644.44,612.15,218.61,3,16.8,7.0,52,1025.0,50,2.8,-9900,-9900,0.0,0.0
2017,1,22,13,60,971.88,1408.91,661.11,670.82,198.37,3,16.7,6.3,50,1024.1,80,3.7,-9900,-9900,0.0,0.0
2017,1,22,14,60,883.58,1408.91,544.44,508.53,225.52,5,16.7,6.7,52,1023.7,30,4.5,18,-9900,0.0,0.0
2017,1,22,15,60,721.22,1408.91,272.22,85.50,228.45,10,15.1,6.8,58,1023.5,50,5.3,-9900,-9900,0.0,0.0
2017,1,22,16,60,495.87,1408.91,155.56,36.48,142.72,10,14.1,6.2,59,1023.9,50,5.8,-9900,-9900,0.0,0.0
2017,1,22,17,60,222.87,1408.91,0.00,0.00,0.00,10,14.1,6.2,59,1024.4,50,4.5,13,1,0.0,0.0
2017,1,22,18,60,9.54,350.81,0.00,0.00,0.00,10,14.2,6.4,59,1024.8,60,4.2,-9900,-9900,0.0,0.0
2017,1,22,19,60,0.00,0.00,0.00,0.00,0.00,9,14.1,6.4,60,1025.3,70,5.0,-9900,-9900,0.0,0.0
2017,1,22,20,60,0.00,0.00,0.00,0.00,0.00,9,14.2,6.7,61,1025.9,70,3.7,12,1,0.0,0.0
2017,1,22,21,60,0.00,0.00,0.00,0.00,0.00,9,14.2,6.2,59,1025.6,50,4.3,12,3,0.0,0.0
2017,1,22,22,60,0.00,0.00,0.00,0.00,0.00,9,14.1,5.9,58,1025.8,60,4.4,-9900,-9900,0.0,0.0
2017,1,22,23,60,0.00,0.00,0.00,0.00,0.00,9,13.7,5.4,57,1025.2,70,3.7,-9900,-9900,0.0,0.0
2017,1,22,24,60,0.00,0.00,0.00,0.00,0.00,9,13.7,6.3,61,1024.4,50,6.0,-9900,-9900,0.0,0.0
2017,1,23,1,60,0.00,0.00,0.00,0.00,0.00,9,13.8,6.3,61,1024.4,60,4.7,-9900,-9900,0.0,0.0
2017,1,23,2,60,0.00,0.00,0.00,0.00,0.00,9,13.9,6.6,61,1024.6,70,3.4,-9900,-9900,0.0,0.0
2017,1,23,3,60,0.00,0.00,0.00,0.00,0.00,10,14.2,7.1,62,1024.1,50,5.0,-9900,-9900,0.0,0.0
2017,1,23,4,60,0.00,0.00,0.00,0.00,0.00,10,14.3,7.1,62,1024.0,60,4.3,-9900,-9900,0.0,0.0
2017,1,23,5,60,0.00,0.00,0.00,0.00,0.00,10,14.5,7.3,62,1024.3,70,2.9,-9900,-9900,0.0,0.0
2017,1,23,6,60,0.00,0.00,0.00,0.00,0.00,10,14.7,7.2,61,1024.7,70,2.6,-9900,-9900,0.0,0.0
2017,1,23,7,60,32.21,646.10,0.00,0.00,0.00,10,14.8,7.2,60,1025.2,80,3.4,-9900,-9900,0.0,0.0
2017,1,23,8,60,283.70,1408.62,0.00,0.00,0.00,10,14.9,7.7,62,1025.8,50,3.5,20,2,0.0,0.0
2017,1,23,9,60,548.79,1408.62,11.11,0.18,11.04,10,15.2,7.3,59,1026.2,80,3.9,20,2,0.0,0.0
2017,1,23,10,60,762.79,1408.62,161.11,6.56,157.56,10,15.4,7.4,59,1026.2,60,4.7,-9900,-9900,0.0,0.0
2017,1,23,11,60,911.10,1408.62,166.67,5.10,163.37,10,15.5,7.5,59,1026.0,50,5.7,25,2,0.0,0.0
2017,1,23,12,60,983.60,1408.62,166.67,4.47,163.55,10,15.4,7.7,60,1025.3,50,5.5,-9900,-9900,0.0,0.0
2017,1,23,13,60,975.38,1408.62,166.67,4.53,163.53,10,15.2,7.4,60,1024.3,50,5.6,-9900,-9900,0.0,0.0
2017,1,23,14,60,886.99,1408.62,166.67,5.35,163.30,10,15.1,7.4,60,1023.9,60,5.2,15,2,0.0,0.0
2017,1,23,15,60,724.45,1408.62,44.44,0.86,44.00,10,14.8,7.5,62,1023.9,50,6.5,-9900,-9900,0.0,0.0
2017,1,23,16,60,498.83,1408.62,61.11,2.57,60.20,10,14.9,7.4,61,1024.1,60,4.4,-9900,-9900,0.0,0.0
2017,1,23,17,60,225.51,1408.62,0.00,0.00,0.00,10,14.7,7.3,61,1024.6,60,4.1,11,2,0.0,0.0
2017,1,23,18,60,10.15,361.59,0.00,0.00,0.00,10,14.5,7.2,62,1025.2,80,4.0,-9900,-9900,0.0,0.0
2017,1,23,19,60,0.00,0.00,0.00,0.00,0.00,10,14.5,7.3,62,1025.4,80,3.3,-9900,-9900,0.0,0.0
2017,1,23,20,60,0.00,0.00,0.00,0.00,0.00,10,14.5,7.2,62,1025.6,60,4.1,20,1,0.0,0.0
2017,1,23,21,60,0.00,0.00,0.00,0.00,0.00,10,14.3,7.2,62,1025.5,80,4.5,20,1,0.0,0.0
2017,1,23,22,60,0.00,0.00,0.00,0.00,0.00,10,14.5,7.4,62,1025.5,80,3.5,-9900,-9900,0.0,0.0
2017,1,23,23,60,0.00,0.00,0.00,0.00,0.00,10,14.5,7.6,63,1025.5,60,4.1,-9900,-9900,0.0,0.0
2017,1,23,24,60,0.00,0.00,0.00,0.00,0.00,10,14.4,7.7,64,1025.3,80,3.7,-9900,-9900,0.0,0.0
2017,1,24,1,60,0.00,0.00,0.00,0.00,0.00,10,14.3,8.1,66,1024.9,80,3.9,-9900,-9900,0.0,0.0
2017,1,24,2,60,0.00,0.00,0.00,0.00,0.00,10,14.4,8.0,65,1024.8,70,4.0,-9900,-9900,0.0,0.0
2017,1,24,3,60,0.00,0.00,0.00,0.00,0.00,10,14.3,8.5,68,1024.2,70,3.3,-9900,-9900,0.0,0.0
2017,1,24,4,60,0.00,0.00,0.00,0.00,0.00,10,14.0,8.8,71,1023.8,60,4.3,-9900,-9900,0.0,0.0
2017,1,24,5,60,0.00,0.00,0.00,0.00,0.00,10,14.0,8.7,70,1023.9,70,4.3,-9900,-9900,0.0,0.0
2017,1,24,6,60,0.00,0.00,0.00,0.00,0.00,10,14.1,8.6,69,1024.1,80,3.5,-9900,-9900,0.0,0.0
2017,1,24,7,60,33.37,657.07,0.00,0.00,0.00,10,14.1,9.2,72,1024.8,60,3.1,-9900,-9900,0.0,0.0
2017,1,24,8,60,286.47,1408.32,0.00,0.00,0.00,10,14.2,9.9,75,1025.0,80,3.0,20,1,0.0,0.0
2017,1,24,9,60,551.88,1408.32,136.11,11.20,131.72,10,15.0,10.2,73,1025.4,70,3.6,18,1,0.0,0.0
2017,1,24,10,60,766.12,1408.32,236.11,33.44,217.92,9,15.4,10.7,74,1025.4,50,4.0,-9900,-9900,0.0,0.0
2017,1,24,11,60,914.60,1408.32,286.11,35.95,262.76,10,15.5,11.1,75,1025.3,60,3.7,18,0,0.0,0.0
2017,1,24,12,60,987.20,1408.32,280.56,22.35,264.89,10,15.6,11.1,75,1024.4,50,5.3,-9900,-9900,0.0,0.0
2017,1,24,13,60,978.97,1408.32,258.33,15.45,247.59,10,15.4,10.9,75,1023.5,50,4.8,-9900,-9900,0.0,0.0
2017,1,24,14,60,890.47,1408.32,208.33,8.97,202.66,10,15.3,10.6,74,1023.1,50,5.8,15,1,0.0,0.0
2017,1,24,15,60,727.74,1408.32,169.44,8.81,164.89,10,15.0,10.7,75,1023.2,50,5.2,-9900,-9900,0.0,0.0
2017,1,24,16,60,501.85,1408.32,75.00,3.59,73.72,10,14.7,10.3,75,1023.8,50,4.8,-9900,-9900,0.0,0.0
2017,1,24,17,60,228.22,1408.32,0.00,0.00,0.00,9,14.1,10.0,76,1024.2,50,4.9,13,1,0.0,0.0
2017,1,24,18,60,10.80,372.61,0.00,0.00,0.00,9,14.0,10.1,77,1024.9,50,4.3,-9900,-9900,0.0,0.0
2017,1,24,19,60,0.00,0.00,0.00,0.00,0.00,9,14.0,10.3,78,1025.3,70,3.0,-9900,-9900,0.0,0.0
2017,1,24,20,60,0.00,0.00,0.00,0.00,0.00,9,13.9,10.5,80,1026.0,50,3.5,13,1,0.0,0.0
2017,1,24,21,60,0.00,0.00,0.00,0.00,0.00,9,13.9,10.6,80,1026.4,60,3.0,13,1,0.0,0.0
2017,1,24,22,60,0.00,0.00,0.00,0.00,0.00,9,14.0,10.6,80,1026.4,50,4.3,-9900,-9900,0.0,0.0
2017,1,24,23,60,0.00,0.00,0.00,0.00,0.00,9,14.0,10.8,81,1026.2,50,3.1,-9900,-9900,0.0,0.0
2017,1,24,24,60,0.00,0.00,0.00,0.00,0.00,9,13.8,10.6,81,1025.9,60,3.9,-9900,-9900,0.0,0.0
2017,1,25,1,60,0.00,0.00,0.00,0.00,0.00,9,13.7,10.8,83,1025.4,60,3.3,-9900,-9900,0.0,0.0
2017,1,25,2,60,0.00,0.00,0.00,0.00,0.00,9,13.7,10.7,82,1024.6,70,2.9,-9900,-9900,0.0,0.0
2017,1,25,3,60,0.00,0.00,0.00,0.00,0.00,10,13.9,10.6,80,1024.0,80,3.3,-9900,-9900,0.0,0.0
2017,1,25,4,60,0.00,0.00,0.00,0.00,0.00,10,14.3,10.2,76,1023.4,70,3.5,-9900,-9900,0.0,0.0
2017,1,25,5,60,0.00,0.00,0.00,0.00,0.00,10,14.7,10.7,77,1023.4,70,4.1,-9900,-9900,0.0,0.0
2017,1,25,6,60,0.00,0.00,0.00,0.00,0.00,10,14.8,10.9,77,1023.7,70,2.8,-9900,-9900,0.0,0.0
2017,1,25,7,60,34.59,668.27,0.00,0.00,0.00,10,15.1,10.8,75,1023.5,50,2.2,-9900,-9900,0.0,0.0
2017,1,25,8,60,289.32,1408.00,0.00,0.00,0.00,10,15.6,11.3,76,1024.0,50,3.1,25,4,0.0,0.0
2017,1,25,9,60,555.03,1408.00,36.11,0.94,35.74,10,15.8,11.8,77,1024.1,100,3.2,25,4,0.0,0.0
2017,1,25,10,60,769.52,1408.00,88.89,2.34,87.61,10,15.9,12.0,78,1024.5,60,3.3,-9900,-9900,0.0,0.0
2017,1,25,11,60,918.17,1408.00,38.89,0.51,38.56,10,16.4,12.7,79,1023.9,60,2.8,20,1,0.0,0.0
2017,1,25,12,60,990.85,1408.00,144.44,3.45,142.01,10,16.9,12.2,74,1023.4,40,3.7,-9900,-9900,0.0,0.0
2017,1,25,13,60,982.62,1408.00,125.00,2.74,123.09,10,16.8,12.4,75,1022.3,50,4.9,30,-9900,0.0,0.0
2017,1,25,14,60,894.02,1408.00,200.00,7.64,195.15,10,16.8,11.8,72,1022.0,60,3.6,30,3,0.0,0.0
2017,1,25,15,60,731.09,1408.00,13.89,0.17,13.80,10,16.5,11.6,73,1021.9,50,3.3,-9900,-9900,0.0,0.0
2017,1,25,16,60,504.94,1408.00,27.78,0.72,27.52,10,15.8,11.2,74,1022.5,60,3.6,-9900,-9900,0.0,0.4
2017,1,25,17,60,230.99,1408.00,0.00,0.00,0.00,10,15.8,11.0,73,1022.7,50,3.2,20,1,0.0,0.3
2017,1,25,18,60,11.48,383.88,0.00,0.00,0.00,10,15.7,10.7,72,1023.2,50,3.2,-9900,-9900,0.0,0.0
2017,1,25,19,60,0.00,0.00,0.00,0.00,0.00,10,15.5,10.5,72,1023.6,50,3.2,-9900,-9900,0.0,0.0
2017,1,25,20,60,0.00,0.00,0.00,0.00,0.00,10,15.2,10.0,71,1024.0,50,4.2,20,1,0.0,0.0
2017,1,25,21,60,0.00,0.00,0.00,0.00,0.00,10,15.2,10.1,72,1024.1,60,2.9,20,1,0.0,0.0
2017,1,25,22,60,0.00,0.00,0.00,0.00,0.00,10,15.1,10.0,72,1024.1,60,3.2,-9900,-9900,0.0,0.0
2017,1,25,23,60,0.00,0.00,0.00,0.00,0.00,10,15.1,10.0,72,1024.0,70,1.8,-9900,-9900,0.0,0.0
2017,1,25,24,60,0.00,0.00,0.00,0.00,0.00,10,14.6,10.4,76,1023.7,60,2.8,-9900,-9900,0.0,0.0
2017,1,26,1,60,0.00,0.00,0.00,0.00,0.00,10,14.7,9.5,71,1023.5,50,3.3,-9900,-9900,0.0,0.0
2017,1,26,2,60,0.00,0.00,0.00,0.00,0.00,10,14.3,10.2,76,1023.3,60,2.4,-9900,-9900,0.0,0.0
2017,1,26,3,60,0.00,0.00,0.00,0.00,0.00,10,14.3,10.0,75,1023.1,70,2.2,-9900,-9900,0.0,0.0
2017,1,26,4,60,0.00,0.00,0.00,0.00,0.00,10,14.1,10.0,76,1023.1,80,2.1,-9900,-9900,0.0,0.0
2017,1,26,5,60,0.00,0.00,0.00,0.00,0.00,10,14.2,9.9,75,1023.3,90,1.1,-9900,-9900,0.0,0.0
2017,1,26,6,60,0.00,0.00,0.00,0.00,0.00,10,15.2,9.4,68,1023.7,50,3.0,-9900,-9900,0.0,0.0
2017,1,26,7,60,35.85,679.72,0.00,0.00,0.00,10,15.1,8.8,66,1024.0,50,3.7,-9900,-9900,0.0,0.0
2017,1,26,8,60,292.22,1407.67,0.00,0.00,0.00,10,15.4,8.7,64,1024.1,50,3.9,20,2,0.0,0.0
2017,1,26,9,60,558.25,1407.67,77.78,3.20,76.51,10,16.0,8.7,62,1024.4,60,4.3,20,2,0.0,0.0
2017,1,26,10,60,772.99,1407.67,244.44,37.88,223.64,9,16.5,9.5,63,1024.1,60,4.4,-9900,-9900,0.0,0.0
2017,1,26,11,60,921.83,1407.67,247.22,16.72,236.27,10,16.7,9.9,64,1023.8,40,5.1,20,1,0.0,0.0
2017,1,26,12,60,994.60,1407.67,433.33,154.33,324.29,8,17.7,10.2,61,1022.2,50,6.0,-9900,-9900,0.0,0.0
2017,1,26,13,60,986.34,1407.67,633.33,572.39,232.26,7,18.1,9.5,57,1020.8,60,4.8,-9900,-9900,0.0,0.0
2017,1,26,14,60,897.64,1407.67,552.78,507.22,229.34,3,19.0,10.6,58,1019.5,80,4.0,25,-9900,0.0,0.0
2017,1,26,15,60,734.52,1407.67,513.89,720.83,137.76,3,19.9,11.2,57,1018.9,70,2.8,-9900,-9900,0.0,0.0
2017,1,26,16,60,508.11,1407.67,358.33,735.46,92.86,2,18.2,10.5,61,1018.7,60,5.0,-9900,-9900,0.0,0.0
2017,1,26,17,60,233.84,1407.67,136.11,0.00,136.11,1,17.7,10.4,62,1019.0,60,4.8,40,-9900,0.0,0.0
2017,1,26,18,60,12.20,395.39,0.00,0.00,0.00,1,17.2,10.6,65,1019.2,60,3.4,-9900,-9900,0.0,0.0
2017,1,26,19,60,0.00,0.00,0.00,0.00,0.00,1,16.7,10.7,68,1019.7,70,3.6,-9900,-9900,0.0,0.0
2017,1,26,20,60,0.00,0.00,0.00,0.00,0.00,1,16.5,10.9,69,1019.9,60,3.3,30,-9900,0.0,0.0
2017,1,26,21,60,0.00,0.00,0.00,0.00,0.00,1,16.7,10.9,69,1019.8,60,4.1,30,-9900,0.0,0.0
2017,1,26,22,60,0.00,0.00,0.00,0.00,0.00,1,16.6,10.7,68,1020.2,50,4.3,-9900,-9900,0.0,0.0
2017,1,26,23,60,0.00,0.00,0.00,0.00,0.00,1,16.5,10.7,69,1019.9,50,4.0,-9900,-9900,0.0,0.0
2017,1,26,24,60,0.00,0.00,0.00,0.00,0.00,1,16.2,10.6,69,1019.8,50,3.4,-9900,-9900,0.0,0.0
2017,1,27,1,60,0.00,0.00,0.00,0.00,0.00,1,16.1,10.6,70,1019.8,50,3.8,-9900,-9900,0.0,0.0
2017,1,27,2,60,0.00,0.00,0.00,0.00,0.00,1,16.3,10.5,69,1019.6,50,4.2,-9900,-9900,0.0,0.0
2017,1,27,3,60,0.00,0.00,0.00,0.00,0.00,2,16.1,10.4,69,1019.3,50,2.3,-9900,-9900,0.0,0.0
2017,1,27,4,60,0.00,0.00,0.00,0.00,0.00,2,16.2,10.5,69,1019.1,60,2.4,-9900,-9900,0.0,0.0
2017,1,27,5,60,0.00,0.00,0.00,0.00,0.00,2,16.2,10.7,70,1019.3,50,2.3,-9900,-9900,0.0,0.0
2017,1,27,6,60,0.00,0.00,0.00,0.00,0.00,2,15.7,10.7,72,1019.9,60,1.6,-9900,-9900,0.0,0.0
2017,1,27,7,60,37.16,691.39,0.00,0.00,0.00,2,14.6,10.6,77,1020.6,0,0.0,-9900,-9900,0.0,0.0
2017,1,27,8,60,295.19,1407.33,105.56,0.00,105.56,2,15.5,11.1,75,1020.8,150,1.3,20,-9900,0.0,0.0
2017,1,27,9,60,561.54,1407.33,300.00,323.70,170.84,2,19.0,13.5,70,1020.9,210,0.9,25,-9900,0.0,0.0
2017,1,27,10,60,776.54,1407.33,502.78,585.81,179.54,3,22.3,14.8,63,1020.5,10,1.3,-9900,-9900,0.0,0.0
2017,1,27,11,60,925.54,1407.33,666.67,774.74,157.16,4,23.2,14.7,59,1019.8,50,2.2,25,-9900,0.0,0.0
2017,1,27,12,60,998.40,1407.33,688.89,695.49,195.49,5,23.2,13.8,55,1019.1,80,2.3,-9900,-9900,0.0,0.0
2017,1,27,13,60,990.13,1407.33,738.89,842.19,146.36,4,22.8,13.8,57,1018.1,40,3.4,-9900,-9900,0.0,0.0
2017,1,27,14,60,901.32,1407.33,666.67,825.14,138.21,4,22.4,14.9,63,1017.8,60,4.5,25,-9900,0.0,0.0
2017,1,27,15,60,738.02,1407.33,300.00,116.80,238.75,5,20.8,13.9,65,1017.5,50,4.3,-9900,-9900,0.0,0.0
2017,1,27,16,60,511.34,1407.33,244.44,219.19,164.80,7,20.1,13.4,65,1018.0,50,4.0,-9900,-9900,0.0,0.0
2017,1,27,17,60,236.73,1407.33,122.22,0.00,122.22,7,19.1,13.2,69,1018.7,50,4.1,20,1,0.0,0.0
2017,1,27,18,60,12.96,407.14,0.00,0.00,0.00,8,18.3,13.1,72,1019.3,50,3.8,-9900,-9900,0.0,0.0
2017,1,27,19,60,0.00,0.00,0.00,0.00,0.00,8,17.8,13.1,74,1019.8,50,3.3,-9900,-9900,0.0,0.0
2017,1,27,20,60,0.00,0.00,0.00,0.00,0.00,9,17.8,13.5,76,1019.9,70,2.3,20,1,0.0,0.0
2017,1,27,21,60,0.00,0.00,0.00,0.00,0.00,10,17.9,13.5,75,1019.7,70,3.0,16,1,0.0,0.0
2017,1,27,22,60,0.00,0.00,0.00,0.00,0.00,10,17.8,13.8,77,1019.6,50,3.0,-9900,-9900,0.0,0.0
2017,1,27,23,60,0.00,0.00,0.00,0.00,0.00,10,17.6,14.3,81,1019.0,60,2.7,-9900,-9900,0.0,0.0
2017,1,27,24,60,0.00,0.00,0.00,0.00,0.00,10,17.5,14.6,83,1018.4,70,1.6,-9900,-9900,0.0,0.2
2017,1,28,1,60,0.00,0.00,0.00,0.00,0.00,10,17.1,14.8,86,1018.0,50,3.2,-9900,-9900,0.8,1.0
2017,1,28,2,60,0.00,0.00,0.00,0.00,0.00,10,17.1,14.8,86,1017.3,50,2.0,-9900,-9900,1.0,0.8
2017,1,28,3,60,0.00,0.00,0.00,0.00,0.00,10,17.0,15.4,90,1016.7,0,0.0,-9900,-9900,0.0,0.0
2017,1,28,4,60,0.00,0.00,0.00,0.00,0.00,10,17.1,15.5,90,1016.0,60,1.1,-9900,-9900,0.0,0.0
2017,1,28,5,60,0.00,0.00,0.00,0.00,0.00,10,17.4,15.6,89,1016.0,70,1.1,-9900,-9900,0.0,0.0
2017,1,28,6,60,0.00,0.00,0.00,0.00,0.00,10,17.1,15.3,89,1016.4,220,1.2,-9900,-9900,0.0,0.0
2017,1,28,7,60,38.52,703.29,0.00,0.00,0.00,10,16.6,14.8,89,1016.7,150,0.7,-9900,-9900,0.0,0.0
2017,1,28,8,60,298.23,1406.97,0.00,0.00,0.00,10,17.1,15.0,87,1017.3,150,0.4,16,1,0.0,0.0
2017,1,28,9,60,564.88,1406.97,130.56,8.54,127.13,8,18.6,16.3,86,1017.7,190,0.3,20,1,0.0,0.0
2017,1,28,10,60,780.14,1406.97,413.89,316.12,238.61,4,20.7,16.8,78,1017.4,10,0.6,-9900,-9900,0.0,0.0
2017,1,28,11,60,929.32,1406.97,666.67,766.89,160.13,1,21.6,17.1,76,1016.4,270,0.3,18,-9900,0.0,0.0
2017,1,28,12,60,1002.26,1406.97,666.67,630.91,217.24,1,24.3,17.8,67,1015.2,290,0.5,-9900,-9900,0.0,0.0
2017,1,28,13,60,994.00,1406.97,711.11,761.73,172.96,1,23.7,16.1,62,1014.0,300,0.6,-9900,-9900,0.0,0.0
2017,1,28,14,60,905.08,1406.97,666.67,816.97,141.13,1,25.7,18.4,64,1013.2,0,0.0,25,-9900,0.0,0.0
2017,1,28,15,60,741.57,1406.97,558.33,859.07,105.54,1,24.9,18.1,66,1012.9,300,0.9,-9900,-9900,0.0,0.0
2017,1,28,16,60,514.63,1406.97,375.00,796.40,83.70,1,22.9,17.2,70,1012.8,300,0.4,-9900,-9900,0.0,0.0
2017,1,28,17,60,239.70,1406.97,163.89,0.00,163.89,1,23.6,14.7,57,1013.2,70,2.9,35,-9900,0.0,0.0
2017,1,28,18,60,13.76,419.11,0.00,0.00,0.00,1,22.3,14.4,61,1013.7,90,2.2,-9900,-9900,0.0,0.0
2017,1,28,19,60,0.00,0.00,0.00,0.00,0.00,1,21.1,14.5,66,1013.9,60,1.4,-9900,-9900,0.0,0.0
2017,1,28,20,60,0.00,0.00,0.00,0.00,0.00,1,21.1,14.7,67,1014.1,50,1.9,20,-9900,0.0,0.0
2017,1,28,21,60,0.00,0.00,0.00,0.00,0.00,1,21.2,14.6,66,1014.1,60,2.5,20,-9900,0.0,0.0
2017,1,28,22,60,0.00,0.00,0.00,0.00,0.00,2,21.2,14.4,65,1013.9,50,2.4,-9900,-9900,0.0,0.0
2017,1,28,23,60,0.00,0.00,0.00,0.00,0.00,2,19.8,14.3,71,1013.7,50,1.6,-9900,-9900,0.0,0.0
2017,1,28,24,60,0.00,0.00,0.00,0.00,0.00,3,18.9,14.1,74,1013.5,10,0.9,-9900,-9900,0.0,0.0
2017,1,29,1,60,0.00,0.00,0.00,0.00,0.00,4,18.4,14.0,76,1013.3,210,0.6,-9900,-9900,0.0,0.0
2017,1,29,2,60,0.00,0.00,0.00,0.00,0.00,5,17.7,14.1,79,1013.1,220,0.8,-9900,-9900,0.0,0.0
2017,1,29,3,60,0.00,0.00,0.00,0.00,0.00,5,17.7,14.2,80,1013.3,230,1.6,-9900,-9900,0.0,0.0
2017,1,29,4,60,0.00,0.00,0.00,0.00,0.00,6,17.4,14.4,83,1013.5,230,0.6,-9900,-9900,0.0,0.0
2017,1,29,5,60,0.00,0.00,0.00,0.00,0.00,7,17.4,14.4,83,1013.8,0,0.0,-9900,-9900,0.0,0.0
2017,1,29,6,60,0.00,0.00,0.00,0.00,0.00,8,17.5,14.4,82,1014.1,100,0.3,-9900,-9900,0.0,0.0
2017,1,29,7,60,39.94,715.41,0.00,0.00,0.00,8,17.9,14.6,81,1014.6,250,0.6,-9900,-9900,0.0,0.0
2017,1,29,8,60,301.32,1406.61,50.00,0.00,50.00,9,18.5,15.0,80,1015.1,0,0.0,10,3,0.0,0.0
2017,1,29,9,60,568.30,1406.61,197.22,58.69,173.51,9,19.7,15.4,76,1015.7,290,0.4,10,3,0.0,0.0
2017,1,29,10,60,783.81,1406.61,358.33,185.58,254.92,9,21.5,16.2,72,1015.7,210,0.3,-9900,-9900,0.0,0.0
2017,1,29,11,60,933.17,1406.61,472.22,268.61,294.02,9,23.3,16.8,67,1015.1,270,0.6,12,3,0.0,0.0
2017,1,29,12,60,1006.20,1406.61,525.00,298.63,311.38,9,24.7,17.4,64,1014.1,360,0.4,-9900,-9900,0.0,0.0
2017,1,29,13,60,997.92,1406.61,508.33,274.87,313.32,9,25.8,17.6,61,1013.0,220,0.3,-9900,-9900,0.0,0.0
2017,1,29,14,60,908.90,1406.61,388.89,143.59,296.11,9,25.2,18.0,64,1012.4,0,0.0,10,3,0.0,0.0
2017,1,29,15,60,745.20,1406.61,238.89,40.43,217.47,9,23.9,17.6,68,1012.3,280,0.6,-9900,-9900,0.0,0.0
2017,1,29,16,60,517.98,1406.61,344.44,630.23,112.36,8,23.4,17.0,67,1012.3,310,0.4,-9900,-9900,0.0,0.0
2017,1,29,17,60,242.72,1406.61,66.67,0.00,66.67,8,23.0,16.5,67,1012.8,360,1.0,10,3,0.0,0.0
2017,1,29,18,60,14.60,431.30,0.00,0.00,0.00,7,22.5,16.9,71,1013.0,40,2.0,-9900,-9900,0.0,0.0
2017,1,29,19,60,0.00,0.00,0.00,0.00,0.00,7,21.7,16.5,72,1013.5,50,2.1,-9900,-9900,0.0,0.0
2017,1,29,20,60,0.00,0.00,0.00,0.00,0.00,6,20.8,16.3,75,1014.0,300,0.3,10,3,0.0,0.0
2017,1,29,21,60,0.00,0.00,0.00,0.00,0.00,7,20.1,16.1,78,1014.3,0,0.0,10,3,0.0,0.0
2017,1,29,22,60,0.00,0.00,0.00,0.00,0.00,7,20.1,16.1,78,1014.4,200,0.9,-9900,-9900,0.0,0.0
2017,1,29,23,60,0.00,0.00,0.00,0.00,0.00,8,20.0,16.1,78,1014.4,120,0.3,-9900,-9900,0.0,0.0
2017,1,29,24,60,0.00,0.00,0.00,0.00,0.00,8,19.7,16.3,81,1014.2,220,0.5,-9900,-9900,0.0,0.0
2017,1,30,1,60,0.00,0.00,0.00,0.00,0.00,8,19.9,16.4,80,1014.3,160,1.5,-9900,-9900,0.0,0.0
2017,1,30,2,60,0.00,0.00,0.00,0.00,0.00,8,19.8,16.4,81,1014.0,210,0.5,-9900,-9900,0.0,0.0
2017,1,30,3,60,0.00,0.00,0.00,0.00,0.00,9,19.8,16.2,80,1014.0,130,1.5,-9900,-9900,0.0,0.0
2017,1,30,4,60,0.00,0.00,0.00,0.00,0.00,9,19.6,15.9,79,1014.1,160,0.7,-9900,-9900,0.0,0.0
2017,1,30,5,60,0.00,0.00,0.00,0.00,0.00,9,19.6,16.0,80,1014.5,150,1.4,-9900,-9900,0.0,0.0
2017,1,30,6,60,0.00,0.00,0.00,0.00,0.00,9,19.6,16.2,81,1015.0,130,0.9,-9900,-9900,0.0,0.0
2017,1,30,7,60,41.41,727.75,0.00,0.00,0.00,10,19.9,16.4,80,1015.9,320,1.5,-9900,-9900,0.0,0.0
2017,1,30,8,60,304.47,1406.23,0.00,0.00,0.00,10,20.1,16.2,78,1017.3,60,3.3,4,1,0.0,0.0
2017,1,30,9,60,571.77,1406.23,41.67,1.11,41.22,10,19.4,15.7,79,1018.3,50,3.6,7,1,0.0,0.0
2017,1,30,10,60,787.53,1406.23,13.89,0.16,13.80,10,18.8,14.8,78,1018.8,30,3.9,-9900,-9900,0.0,0.0
2017,1,30,11,60,937.07,1406.23,50.00,0.71,49.53,10,18.0,13.8,76,1018.3,50,4.3,8,0,0.0,0.8
2017,1,30,12,60,1010.19,1406.23,238.89,9.34,232.18,10,18.0,13.7,76,1018.2,50,5.4,-9900,-9900,0.0,0.0
2017,1,30,13,60,1001.90,1406.23,166.67,4.32,163.59,9,17.7,13.0,74,1017.5,50,5.4,-9900,-9900,0.0,0.0
2017,1,30,14,60,912.77,1406.23,155.56,4.51,152.63,10,17.1,12.5,74,1017.6,50,4.5,18,0,0.0,0.0
2017,1,30,15,60,748.88,1406.23,166.67,7.51,162.67,10,16.8,12.4,75,1017.6,50,5.3,-9900,-9900,0.0,0.0
2017,1,30,16,60,521.39,1406.23,75.00,3.37,73.75,10,16.6,12.2,75,1018.5,50,4.9,-9900,-9900,0.0,0.0
2017,1,30,17,60,245.80,1406.23,25.00,0.00,25.00,9,16.1,11.9,76,1019.4,50,5.0,35,-9900,0.0,0.0
2017,1,30,18,60,15.49,443.71,0.00,0.00,0.00,9,15.6,11.5,77,1020.2,50,6.0,-9900,-9900,0.0,0.3
2017,1,30,19,60,0.00,0.00,0.00,0.00,0.00,10,15.3,11.3,77,1021.0,50,5.0,-9900,-9900,0.0,1.0
2017,1,30,20,60,0.00,0.00,0.00,0.00,0.00,10,14.9,10.9,77,1021.3,50,5.9,20,3,0.0,1.0
2017,1,30,21,60,0.00,0.00,0.00,0.00,0.00,10,14.7,10.8,77,1021.3,50,6.2,20,3,0.0,1.0
2017,1,30,22,60,0.00,0.00,0.00,0.00,0.00,10,14.5,10.8,78,1021.4,50,6.0,-9900,-9900,0.0,0.9
2017,1,30,23,60,0.00,0.00,0.00,0.00,0.00,10,14.4,11.0,80,1021.1,50,4.7,-9900,-9900,0.0,0.0
2017,1,30,24,60,0.00,0.00,0.00,0.00,0.00,10,14.3,11.1,81,1020.8,50,5.9,-9900,-9900,0.0,0.0
2017,1,31,1,60,0.00,0.00,0.00,0.00,0.00,10,14.2,11.0,81,1020.3,50,4.5,-9900,-9900,0.0,0.0
2017,1,31,2,60,0.00,0.00,0.00,0.00,0.00,10,14.1,11.1,82,1019.5,50,5.8,-9900,-9900,0.0,0.0
2017,1,31,3,60,0.00,0.00,0.00,0.00,0.00,10,14.2,11.2,82,1019.2,60,4.0,-9900,-9900,0.0,0.0
2017,1,31,4,60,0.00,0.00,0.00,0.00,0.00,10,14.3,11.3,82,1018.8,60,3.9,-9900,-9900,0.0,0.0
2017,1,31,5,60,0.00,0.00,0.00,0.00,0.00,10,14.5,11.4,82,1018.9,60,5.0,-9900,-9900,0.0,0.0
2017,1,31,6,60,0.00,0.00,0.00,0.00,0.00,10,14.6,11.4,81,1019.2,60,4.5,-9900,-9900,0.0,0.0
2017,1,31,7,60,42.94,740.29,0.00,0.00,0.00,10,14.8,11.6,81,1019.7,50,3.9,-9900,-9900,0.0,0.0
2017,1,31,8,60,307.68,1405.84,55.56,0.00,55.56,10,15.2,12.0,81,1020.3,60,3.5,10,1,0.0,0.0
2017,1,31,9,60,575.29,1405.84,175.00,31.30,162.19,10,15.8,12.3,80,1020.4,60,5.2,11,1,0.0,0.0
2017,1,31,10,60,791.32,1405.84,288.89,73.71,247.40,10,16.4,12.5,78,1020.1,70,5.0,-9900,-9900,0.0,0.0
2017,1,31,11,60,941.04,1405.84,327.78,59.65,287.85,10,16.5,12.6,78,1019.3,50,5.0,11,1,0.0,0.0
2017,1,31,12,60,1014.24,1405.84,325.00,40.32,295.91,10,17.0,12.8,76,1018.2,50,6.9,-9900,-9900,0.0,0.0
2017,1,31,13,60,1005.94,1405.84,533.33,315.14,307.83,8,17.7,13.0,74,1016.7,50,7.5,-9900,-9900,0.0,0.0
2017,1,31,14,60,916.71,1405.84,572.22,527.09,228.52,8,17.9,13.3,74,1016.0,60,7.6,20,1,0.0,0.0
2017,1,31,15,60,752.62,1405.84,308.33,120.46,243.84,10,17.4,12.6,73,1016.3,50,5.2,-9900,-9900,0.0,0.0
2017,1,31,16,60,524.86,1405.84,169.44,41.78,153.84,10,17.4,12.7,74,1016.5,50,4.8,-9900,-9900,0.0,0.0
2017,1,31,17,60,248.94,1405.84,30.56,0.00,30.56,10,16.8,12.6,76,1017.2,50,3.9,11,1,0.0,0.0
2017,1,31,18,60,16.41,456.33,0.00,0.00,0.00,10,16.4,12.7,79,1017.9,60,3.7,-9900,-9900,0.0,0.0
2017,1,31,19,60,0.00,0.00,0.00,0.00,0.00,10,16.4,12.9,80,1018.4,70,3.6,-9900,-9900,0.0,0.0
2017,1,31,20,60,0.00,0.00,0.00,0.00,0.00,10,16.5,13.1,80,1018.4,60,3.9,13,1,0.0,0.0
2017,1,31,21,60,0.00,0.00,0.00,0.00,0.00,10,16.5,13.2,81,1018.4,50,4.7,13,3,0.0,0.0
2017,1,31,22,60,0.00,0.00,0.00,0.00,0.00,10,16.9,13.2,79,1017.5,60,3.7,-9900,-9900,0.0,0.0
2017,1,31,23,60,0.00,0.00,0.00,0.00,0.00,10,17.2,13.1,77,1017.3,50,5.3,-9900,-9900,0.0,0.0
2017,1,31,24,60,0.00,0.00,0.00,0.00,0.00,10,17.4,13.2,76,1017.2,50,4.6,-9900,-9900,0.0,0.0
2017,2,1,1,60,0.00,0.00,0.00,0.00,0.00,10,17.6,13.4,76,1017.5,50,3.7,-9900,-9900,0.0,0.0
2017,2,1,2,60,0.00,0.00,0.00,0.00,0.00,10,17.6,13.5,77,1017.4,50,4.8,-9900,-9900,0.0,0.0
2017,2,1,3,60,0.00,0.00,0.00,0.00,0.00,9,17.5,13.7,78,1017.4,50,3.4,-9900,-9900,0.0,0.0
2017,2,1,4,60,0.00,0.00,0.00,0.00,0.00,9,17.6,13.9,79,1017.6,60,3.6,-9900,-9900,0.0,0.0
2017,2,1,5,60,0.00,0.00,0.00,0.00,0.00,9,17.8,13.8,77,1018.1,50,3.1,-9900,-9900,0.0,0.0
2017,2,1,6,60,0.00,0.00,0.00,0.00,0.00,9,17.8,13.6,76,1018.4,50,4.4,-9900,-9900,0.0,0.0
2017,2,1,7,60,44.52,753.03,0.00,0.00,0.00,9,17.5,13.5,77,1018.7,50,5.9,-9900,-9900,0.0,0.0
2017,2,1,8,60,310.95,1405.44,47.22,0.00,47.22,9,17.7,13.6,77,1019.4,50,4.8,20,1,0.0,0.0
2017,2,1,9,60,578.88,1405.44,136.11,9.13,132.35,10,18.0,13.8,76,1020.5,50,3.9,20,1,0.0,0.0
2017,2,1,10,60,795.16,1405.44,188.89,9.51,183.51,10,18.1,13.7,75,1020.5,50,4.2,-9900,-9900,0.0,0.0
2017,2,1,11,60,945.05,1405.44,177.78,5.35,174.18,10,18.2,13.5,74,1020.2,50,5.8,20,1,0.0,0.0
2017,2,1,12,60,1018.34,1405.44,180.56,4.83,177.06,10,17.9,13.4,75,1020.0,50,4.8,-9900,-9900,0.0,0.0
2017,2,1,13,60,1010.03,1405.44,213.89,6.58,209.16,10,18.1,13.6,75,1019.5,50,4.5,-9900,-9900,0.0,0.0
2017,2,1,14,60,920.70,1405.44,191.67,6.40,187.48,10,17.9,13.0,73,1019.3,40,4.8,25,1,0.0,0.0
2017,2,1,15,60,756.41,1405.44,166.67,7.28,162.75,10,17.5,12.6,73,1019.4,50,5.2,-9900,-9900,0.0,0.0
2017,2,1,16,60,528.38,1405.44,144.44,18.35,137.54,10,17.2,12.4,73,1020.2,50,5.1,-9900,-9900,0.0,0.0
2017,2,1,17,60,252.14,1405.44,5.56,0.00,5.56,10,16.8,12.1,74,1021.0,50,5.3,20,1,0.0,0.0
2017,2,1,18,60,17.38,469.16,0.00,0.00,0.00,10,16.5,12.2,76,1021.7,50,4.8,-9900,-9900,0.0,0.0
2017,2,1,19,60,0.00,0.00,0.00,0.00,0.00,9,16.1,11.9,76,1022.3,50,5.1,-9900,-9900,0.0,0.0
2017,2,1,20,60,0.00,0.00,0.00,0.00,0.00,9,15.8,11.7,77,1022.7,50,5.0,15,1,0.0,0.0
2017,2,1,21,60,0.00,0.00,0.00,0.00,0.00,9,15.3,11.4,78,1022.7,50,5.7,15,1,0.0,0.0
2017,2,1,22,60,0.00,0.00,0.00,0.00,0.00,9,15.1,11.4,79,1023.0,50,5.1,-9900,-9900,0.0,0.0
2017,2,1,23,60,0.00,0.00,0.00,0.00,0.00,9,15.0,11.0,77,1022.7,50,5.7,-9900,-9900,0.0,0.0
2017,2,1,24,60,0.00,0.00,0.00,0.00,0.00,9,15.2,10.8,75,1022.9,50,4.3,-9900,-9900,0.0,0.0
2017,2,2,1,60,0.00,0.00,0.00,0.00,0.00,9,15.0,11.0,77,1022.5,50,4.5,-9900,-9900,0.0,0.0
2017,2,2,2,60,0.00,0.00,0.00,0.00,0.00,9,15.1,11.1,77,1022.1,60,5.2,-9900,-9900,0.0,0.0
2017,2,2,3,60,0.00,0.00,0.00,0.00,0.00,8,15.0,10.8,76,1022.2,50,4.6,-9900,-9900,0.0,0.0
2017,2,2,4,60,0.00,0.00,0.00,0.00,0.00,8,14.9,10.7,76,1021.8,50,2.8,-9900,-9900,0.0,0.0
2017,2,2,5,60,0.00,0.00,0.00,0.00,0.00,8,14.7,11.0,78,1022.1,50,3.8,-9900,-9900,0.0,0.0
2017,2,2,6,60,0.00,0.00,0.00,0.00,0.00,8,14.8,10.8,77,1022.5,50,5.6,-9900,-9900,0.0,0.0
2017,2,2,7,60,46.15,765.97,0.00,0.00,0.00,8,14.8,10.7,76,1022.9,50,3.5,-9900,-9900,0.0,0.0
2017,2,2,8,60,314.26,1405.03,69.44,0.00,69.44,8,15.0,11.3,79,1023.3,60,3.3,15,1,0.0,0.0
2017,2,2,9,60,582.52,1405.03,252.78,151.64,189.91,8,16.5,11.9,74,1023.8,60,3.3,15,1,0.0,0.0
2017,2,2,10,60,799.05,1405.03,197.22,11.24,190.83,10,15.9,11.1,73,1023.6,50,4.8,-9900,-9900,0.0,0.0
2017,2,2,11,60,949.13,1405.03,197.22,6.38,192.91,9,16.0,10.8,71,1022.8,50,5.6,15,1,0.0,0.0
2017,2,2,12,60,1022.50,1405.03,177.78,4.66,174.39,10,16.3,11.1,71,1021.9,50,4.2,-9900,-9900,0.0,0.0
2017,2,2,13,60,1014.19,1405.03,230.56,8.05,224.75,10,16.2,10.9,71,1020.8,50,5.9,-9900,-9900,0.0,0.0
2017,2,2,14,60,924.74,1405.03,188.89,6.18,184.82,9,16.0,10.5,70,1020.4,50,5.3,13,1,0.0,0.0
2017,2,2,15,60,760.26,1405.03,172.22,7.95,167.92,10,16.2,10.6,69,1020.0,40,4.8,-9900,-9900,0.0,0.0
2017,2,2,16,60,531.96,1405.03,138.89,14.63,133.35,10,16.2,10.7,70,1020.0,50,6.1,-9900,-9900,0.0,0.0
2017,2,2,17,60,255.39,1405.03,11.11,0.00,11.11,9,15.9,10.7,71,1020.4,60,5.0,14,1,0.0,0.0
2017,2,2,18,60,18.40,482.18,0.00,0.00,0.00,9,15.6,10.7,73,1020.8,50,6.0,-9900,-9900,0.0,0.0
2017,2,2,19,60,0.00,0.00,0.00,0.00,0.00,9,15.6,10.8,73,1021.0,50,5.8,-9900,-9900,0.0,0.0
2017,2,2,20,60,0.00,0.00,0.00,0.00,0.00,9,15.7,10.8,73,1021.0,50,5.1,12,1,0.0,0.0
2017,2,2,21,60,0.00,0.00,0.00,0.00,0.00,9,15.8,10.7,72,1020.8,60,3.7,12,1,0.0,0.0
2017,2,2,22,60,0.00,0.00,0.00,0.00,0.00,9,16.1,10.4,69,1020.7,70,4.1,-9900,-9900,0.0,0.0
2017,2,2,23,60,0.00,0.00,0.00,0.00,0.00,9,16.1,10.4,69,1019.8,50,4.1,-9900,-9900,0.0,0.0
2017,2,2,24,60,0.00,0.00,0.00,0.00,0.00,9,16.1,10.6,70,1019.4,60,4.9,-9900,-9900,0.0,0.0
2017,2,3,1,60,0.00,0.00,0.00,0.00,0.00,9,15.9,10.8,72,1019.0,70,3.0,-9900,-9900,0.0,0.0
2017,2,3,2,60,0.00,0.00,0.00,0.00,0.00,9,16.0,11.1,73,1018.3,60,3.5,-9900,-9900,0.0,0.0
2017,2,3,3,60,0.00,0.00,0.00,0.00,0.00,10,15.9,11.3,74,1017.8,50,4.0,-9900,-9900,0.0,0.0
2017,2,3,4,60,0.00,0.00,0.00,0.00,0.00,10,16.1,11.6,75,1017.7,50,4.0,-9900,-9900,0.0,0.0
2017,2,3,5,60,0.00,0.00,0.00,0.00,0.00,10,16.3,11.8,75,1017.9,50,3.2,-9900,-9900,0.0,0.0
2017,2,3,6,60,0.00,0.00,0.00,0.00,0.00,10,16.3,12.1,76,1018.0,50,3.0,-9900,-9900,0.0,0.0
2017,2,3,7,60,47.84,779.09,0.00,0.00,0.00,10,16.6,12.5,77,1018.1,50,2.9,-9900,-9900,0.0,0.0
2017,2,3,8,60,317.64,1404.60,69.44,0.00,69.44,10,17.4,13.2,76,1018.1,50,3.2,30,3,0.0,0.0
2017,2,3,9,60,586.20,1404.60,211.11,69.32,182.18,9,19.1,14.4,74,1018.5,50,3.3,25,3,0.0,0.0
2017,2,3,10,60,803.00,1404.60,400.00,253.74,254.94,9,20.4,14.9,71,1018.1,50,4.3,-9900,-9900,0.0,0.0
2017,2,3,11,60,953.25,1404.60,477.78,259.33,301.78,9,21.2,15.4,69,1016.9,60,4.7,30,3,0.0,0.0
2017,2,3,12,60,1026.71,1404.60,597.22,425.57,286.14,9,22.3,16.0,68,1015.6,50,4.5,-9900,-9900,0.0,0.0
2017,2,3,13,60,1018.38,1404.60,719.44,737.08,185.03,7,23.1,15.5,62,1014.4,50,5.1,-9900,-9900,0.0,0.0
2017,2,3,14,60,928.83,1404.60,791.67,981.69,142.50,7,24.8,16.2,59,1013.5,50,3.7,30,3,0.0,0.0
2017,2,3,15,60,764.15,1404.60,497.22,592.83,174.70,7,23.6,14.7,57,1013.1,80,3.0,-9900,-9900,0.0,0.0
2017,2,3,16,60,535.58,1404.60,411.11,884.10,74.00,8,23.4,14.2,56,1013.3,90,2.8,-9900,-9900,0.0,0.0
2017,2,3,17,60,258.69,1404.60,122.22,0.00,122.22,8,22.3,14.1,60,1013.7,70,3.6,30,3,0.0,0.0
2017,2,3,18,60,19.46,495.39,0.00,0.00,0.00,8,21.2,14.7,66,1014.0,50,4.4,-9900,-9900,0.0,0.0
2017,2,3,19,60,0.00,0.00,0.00,0.00,0.00,7,20.8,14.6,68,1014.3,50,3.4,-9900,-9900,0.0,0.0
2017,2,3,20,60,0.00,0.00,0.00,0.00,0.00,7,20.8,14.4,67,1014.5,50,3.9,30,3,0.0,0.0
2017,2,3,21,60,0.00,0.00,0.00,0.00,0.00,7,20.8,14.4,67,1014.8,50,3.7,30,3,0.0,0.0
2017,2,3,22,60,0.00,0.00,0.00,0.00,0.00,7,20.8,14.4,67,1014.6,50,3.0,-9900,-9900,0.0,0.0
2017,2,3,23,60,0.00,0.00,0.00,0.00,0.00,8,20.0,14.3,70,1014.5,200,1.6,-9900,-9900,0.0,0.0
2017,2,3,24,60,0.00,0.00,0.00,0.00,0.00,8,19.5,14.9,75,1014.9,230,1.2,-9900,-9900,0.0,0.0
2017,2,4,1,60,0.00,0.00,0.00,0.00,0.00,8,19.0,15.0,78,1014.7,200,1.5,-9900,-9900,0.0,0.0
2017,2,4,2,60,0.00,0.00,0.00,0.00,0.00,8,18.7,14.9,79,1013.7,190,0.8,-9900,-9900,0.0,0.0
2017,2,4,3,60,0.00,0.00,0.00,0.00,0.00,9,18.4,14.7,79,1013.4,130,0.6,-9900,-9900,0.0,0.0
2017,2,4,4,60,0.00,0.00,0.00,0.00,0.00,9,17.9,14.1,78,1012.8,180,0.8,-9900,-9900,0.0,0.0
2017,2,4,5,60,0.00,0.00,0.00,0.00,0.00,9,17.9,14.0,78,1012.6,130,0.6,-9900,-9900,0.0,0.0
2017,2,4,6,60,0.00,0.00,0.00,0.00,0.00,9,17.5,14.0,80,1013.1,120,0.9,-9900,-9900,0.0,0.0
2017,2,4,7,60,49.59,792.41,0.00,0.00,0.00,10,17.6,14.2,80,1013.8,160,0.8,-9900,-9900,0.0,0.0
2017,2,4,8,60,321.06,1404.17,0.00,0.00,0.00,10,18.1,14.6,80,1014.1,170,0.6,10,1,0.0,0.0
2017,2,4,9,60,589.94,1404.17,72.22,2.57,71.14,10,18.8,15.0,79,1014.3,160,1.1,10,3,0.0,0.0
2017,2,4,10,60,806.99,1404.17,200.00,11.43,193.43,10,19.8,15.5,76,1014.0,190,0.3,-9900,-9900,0.0,0.0
2017,2,4,11,60,957.42,1404.17,347.22,71.50,298.47,10,21.4,16.0,71,1013.1,260,0.7,9,1,0.0,0.0
2017,2,4,12,60,1030.97,1404.17,441.67,144.06,335.90,10,22.5,16.3,68,1012.1,0,0.0,-9900,-9900,0.0,0.0
2017,2,4,13,60,1022.63,1404.17,572.22,376.16,298.27,10,23.8,16.9,65,1010.7,40,0.7,-9900,-9900,0.0,0.0
2017,2,4,14,60,932.97,1404.17,452.78,231.06,299.26,10,24.4,17.1,64,1009.6,10,1.0,13,3,0.0,0.0
2017,2,4,15,60,768.10,1404.17,319.44,127.91,249.47,10,23.7,16.7,65,1009.0,330,0.9,-9900,-9900,0.0,0.0
2017,2,4,16,60,539.26,1404.17,166.67,33.80,153.69,10,21.6,16.2,71,1009.3,300,0.9,-9900,-9900,0.0,0.0
2017,2,4,17,60,262.04,1404.17,63.89,0.00,63.89,10,20.5,15.7,74,1009.4,320,0.6,9,3,0.0,0.0
2017,2,4,18,60,20.57,508.79,0.00,0.00,0.00,10,19.7,15.4,76,1009.8,310,0.3,-9900,-9900,0.0,0.0
2017,2,4,19,60,0.00,0.00,0.00,0.00,0.00,9,19.2,15.2,78,1011.0,280,1.3,-9900,-9900,0.0,0.0
2017,2,4,20,60,0.00,0.00,0.00,0.00,0.00,9,19.0,15.0,78,1011.2,300,0.7,8,3,0.0,0.0
2017,2,4,21,60,0.00,0.00,0.00,0.00,0.00,9,18.8,14.9,78,1011.4,0,0.0,8,3,0.0,0.0
2017,2,4,22,60,0.00,0.00,0.00,0.00,0.00,9,18.3,14.8,80,1011.0,0,0.0,-9900,-9900,0.0,0.0
2017,2,4,23,60,0.00,0.00,0.00,0.00,0.00,9,18.5,15.0,80,1011.0,200,0.5,-9900,-9900,0.0,0.0
2017,2,4,24,60,0.00,0.00,0.00,0.00,0.00,9,18.3,14.9,81,1010.8,220,0.5,-9900,-9900,0.0,0.0
2017,2,5,1,60,0.00,0.00,0.00,0.00,0.00,9,18.0,14.8,82,1010.5,210,0.5,-9900,-9900,0.0,0.0
2017,2,5,2,60,0.00,0.00,0.00,0.00,0.00,9,17.8,14.8,83,1010.3,280,1.5,-9900,-9900,0.0,0.0
2017,2,5,3,60,0.00,0.00,0.00,0.00,0.00,10,17.5,14.7,84,1009.8,260,1.1,-9900,-9900,0.0,0.0
2017,2,5,4,60,0.00,0.00,0.00,0.00,0.00,10,17.8,14.7,82,1009.8,270,0.7,-9900,-9900,0.0,0.0
2017,2,5,5,60,0.00,0.00,0.00,0.00,0.00,10,17.9,14.9,83,1010.5,260,0.5,-9900,-9900,0.0,0.0
2017,2,5,6,60,0.00,0.00,0.00,0.00,0.00,10,18.0,14.8,82,1011.2,290,1.6,-9900,-9900,0.0,0.0
2017,2,5,7,60,51.40,805.89,0.00,0.00,0.00,10,18.0,14.7,81,1011.5,340,0.5,-9900,-9900,0.0,0.0
2017,2,5,8,60,324.53,1403.72,0.00,0.00,0.00,10,18.4,14.7,79,1012.1,280,0.6,11,3,0.0,0.0
2017,2,5,9,60,593.72,1403.72,44.44,1.16,43.95,10,18.7,14.6,77,1013.0,300,0.5,12,1,0.0,0.0
2017,2,5,10,60,811.03,1403.72,166.67,6.25,163.06,10,19.1,13.8,71,1012.5,240,0.9,-9900,-9900,0.0,0.0
2017,2,5,11,60,961.63,1403.72,352.78,75.21,301.26,8,20.6,15.3,72,1011.9,160,0.5,12,3,0.0,0.0
2017,2,5,12,60,1035.26,1403.72,397.22,91.43,329.79,9,21.4,15.0,67,1010.9,40,1.7,-9900,-9900,0.0,0.0
2017,2,5,13,60,1026.91,1403.72,377.78,76.14,322.08,10,21.8,15.4,67,1010.6,10,1.4,-9900,-9900,0.0,0.0
2017,2,5,14,60,937.15,1403.72,344.44,75.84,293.81,9,23.1,16.1,65,1009.8,60,2.1,15,1,0.0,0.0
2017,2,5,15,60,772.09,1403.72,169.44,7.18,165.49,10,21.7,16.0,70,1010.3,60,3.8,-9900,-9900,0.0,0.0
2017,2,5,16,60,542.98,1403.72,163.89,30.07,152.26,10,20.9,15.8,73,1009.8,50,4.3,-9900,-9900,0.0,0.0
2017,2,5,17,60,265.44,1403.72,30.56,0.00,30.56,10,20.0,15.2,74,1011.0,40,3.3,11,1,0.0,0.0
2017,2,5,18,60,21.72,522.37,0.00,0.00,0.00,10,18.9,14.7,77,1011.6,50,2.9,-9900,-9900,0.0,0.9
2017,2,5,19,60,0.00,0.00,0.00,0.00,0.00,10,18.5,14.2,76,1012.1,50,4.9,-9900,-9900,0.0,1.0
2017,2,5,20,60,0.00,0.00,0.00,0.00,0.00,10,18.9,13.7,72,1013.0,30,3.4,12,3,0.0,0.8
2017,2,5,21,60,0.00,0.00,0.00,0.00,0.00,9,18.6,13.4,72,1013.3,50,4.3,15,3,0.0,0.0
2017,2,5,22,60,0.00,0.00,0.00,0.00,0.00,9,18.2,13.1,72,1013.5,30,3.1,-9900,-9900,0.0,0.0
2017,2,5,23,60,0.00,0.00,0.00,0.00,0.00,9,18.0,12.6,71,1013.5,50,5.1,-9900,-9900,0.0,0.0
2017,2,5,24,60,0.00,0.00,0.00,0.00,0.00,9,17.8,12.6,72,1013.6,50,4.8,-9900,-9900,0.0,0.0
2017,2,6,1,60,0.00,0.00,0.00,0.00,0.00,9,17.6,12.3,71,1013.5,60,3.4,-9900,-9900,0.0,0.0
2017,2,6,2,60,0.00,0.00,0.00,0.00,0.00,9,17.5,12.4,72,1012.7,60,3.9,-9900,-9900,0.0,0.0
2017,2,6,3,60,0.00,0.00,0.00,0.00,0.00,8,17.6,12.4,72,1012.4,50,3.2,-9900,-9900,0.0,0.0
2017,2,6,4,60,0.00,0.00,0.00,0.00,0.00,8,17.8,11.7,67,1012.3,50,4.3,-9900,-9900,0.0,0.0
2017,2,6,5,60,0.00,0.00,0.00,0.00,0.00,8,17.8,11.4,66,1012.7,50,4.6,-9900,-9900,0.0,0.0
2017,2,6,6,60,0.00,0.00,0.00,0.00,0.00,8,17.7,11.3,66,1013.6,50,5.0,-9900,-9900,0.0,0.0
2017,2,6,7,60,53.27,819.56,0.00,0.00,0.00,8,17.8,10.6,63,1014.4,50,5.1,-9900,-9900,0.0,0.0
2017,2,6,8,60,328.04,1403.27,55.56,0.00,55.56,8,18.2,10.6,61,1015.5,50,5.3,12,1,0.0,0.0
2017,2,6,9,60,597.55,1403.27,166.67,20.27,158.04,8,18.3,11.0,62,1015.9,40,4.6,12,1,0.0,0.0
2017,2,6,10,60,815.11,1403.27,358.33,159.31,265.79,8,18.6,11.1,62,1016.5,50,5.1,-9900,-9900,0.0,0.0
2017,2,6,11,60,965.88,1403.27,333.33,57.07,294.05,9,18.4,10.9,62,1016.3,50,6.7,10,1,0.0,0.0
2017,2,6,12,60,1039.61,1403.27,519.44,256.25,329.60,7,19.4,10.6,57,1015.4,60,4.9,-9900,-9900,0.0,0.0
2017,2,6,13,60,1031.25,1403.27,483.33,203.21,333.99,7,19.1,10.7,58,1014.6,50,7.8,-9900,-9900,0.0,0.0
2017,2,6,14,60,941.38,1403.27,508.33,334.50,283.93,7,19.5,10.8,57,1014.5,50,5.5,15,1,0.0,0.0
2017,2,6,15,60,776.13,1403.27,502.78,584.99,179.23,8,18.7,10.7,60,1014.4,50,7.7,-9900,-9900,0.0,0.0
2017,2,6,16,60,546.76,1403.27,186.11,53.56,165.24,8,18.1,10.2,60,1014.5,40,5.4,-9900,-9900,0.0,0.0
2017,2,6,17,60,268.89,1403.27,19.44,0.00,19.44,8,17.6,10.0,61,1015.2,50,6.6,15,1,0.0,0.0
2017,2,6,18,60,22.93,536.12,0.00,0.00,0.00,8,17.6,10.0,61,1016.1,50,4.8,-9900,-9900,0.0,0.0
2017,2,6,19,60,0.00,0.00,0.00,0.00,0.00,9,17.2,9.3,60,1016.5,50,5.5,-9900,-9900,0.0,0.0
2017,2,6,20,60,0.00,0.00,0.00,0.00,0.00,9,17.1,9.2,60,1016.9,50,4.6,12,1,0.0,0.0
2017,2,6,21,60,0.00,0.00,0.00,0.00,0.00,9,16.9,9.0,60,1017.1,70,4.5,11,1,0.0,0.0
2017,2,6,22,60,0.00,0.00,0.00,0.00,0.00,9,16.8,8.7,59,1016.5,50,6.2,-9900,-9900,0.0,0.0
2017,2,6,23,60,0.00,0.00,0.00,0.00,0.00,9,17.0,9.0,59,1016.7,50,4.2,-9900,-9900,0.0,0.0
2017,2,6,24,60,0.00,0.00,0.00,0.00,0.00,9,17.0,8.9,59,1016.5,50,7.0,-9900,-9900,0.0,0.0
2017,2,7,1,60,0.00,0.00,0.00,0.00,0.00,9,17.1,8.7,58,1016.5,50,4.8,-9900,-9900,0.0,0.0
2017,2,7,2,60,0.00,0.00,0.00,0.00,0.00,9,17.0,9.5,61,1016.5,50,5.3,-9900,-9900,0.0,0.0
2017,2,7,3,60,0.00,0.00,0.00,0.00,0.00,9,17.0,9.4,61,1015.7,40,5.7,-9900,-9900,0.0,0.0
2017,2,7,4,60,0.00,0.00,0.00,0.00,0.00,9,16.9,9.4,61,1015.8,50,4.5,-9900,-9900,0.0,0.0
2017,2,7,5,60,0.00,0.00,0.00,0.00,0.00,9,16.9,9.1,60,1015.9,50,5.8,-9900,-9900,0.0,0.0
2017,2,7,6,60,0.00,0.00,0.00,0.00,0.00,9,16.8,9.1,60,1016.2,50,5.6,-9900,-9900,0.0,0.0
2017,2,7,7,60,55.20,833.39,0.00,0.00,0.00,9,16.8,8.9,60,1016.1,50,5.5,-9900,-9900,0.0,0.0
2017,2,7,8,60,331.61,1402.80,36.11,0.00,36.11,9,17.1,9.2,60,1016.3,50,6.6,25,1,0.0,0.0
2017,2,7,9,60,601.42,1402.80,166.67,19.62,158.26,9,17.8,9.4,58,1017.1,50,5.9,25,1,0.0,0.0
2017,2,7,10,60,819.23,1402.80,177.78,6.97,173.71,9,18.4,10.0,58,1017.2,50,3.9,-9900,-9900,0.0,0.0
2017,2,7,11,60,970.18,1402.80,436.11,173.57,316.07,6,19.1,10.7,58,1016.1,50,5.8,25,1,0.0,0.0
2017,2,7,12,60,1043.98,1402.80,575.00,356.95,309.35,5,18.9,10.9,60,1015.6,50,7.6,-9900,-9900,0.0,0.0
2017,2,7,13,60,1035.62,1402.80,630.56,488.71,269.77,5,19.5,10.9,58,1014.5,50,5.3,-9900,-9900,0.0,0.0
2017,2,7,14,60,945.65,1402.80,738.89,898.79,133.00,4,19.5,11.4,59,1013.9,50,7.0,22,-9900,0.0,0.0
2017,2,7,15,60,780.21,1402.80,513.89,612.37,173.30,3,19.7,11.6,60,1013.6,50,5.8,-9900,-9900,0.0,0.0
2017,2,7,16,60,550.57,1402.80,363.89,618.20,121.26,5,19.1,10.8,59,1013.6,60,5.3,-9900,-9900,0.0,0.0
2017,2,7,17,60,272.39,1402.80,172.22,0.00,172.22,3,18.1,10.5,61,1013.7,50,5.7,25,-9900,0.0,0.0
2017,2,7,18,60,24.19,550.04,0.00,0.00,0.00,2,17.7,10.8,64,1013.8,50,5.5,-9900,-9900,0.0,0.0
2017,2,7,19,60,0.00,0.00,0.00,0.00,0.00,2,17.4,10.9,66,1013.9,50,5.2,-9900,-9900,0.0,0.0
2017,2,7,20,60,0.00,0.00,0.00,0.00,0.00,1,17.4,11.0,66,1013.8,60,4.2,25,-9900,0.0,0.0
2017,2,7,21,60,0.00,0.00,0.00,0.00,0.00,1,17.4,11.2,67,1013.3,50,5.4,25,-9900,0.0,0.0
2017,2,7,22,60,0.00,0.00,0.00,0.00,0.00,2,17.5,11.4,67,1013.2,50,4.6,-9900,-9900,0.0,0.0
2017,2,7,23,60,0.00,0.00,0.00,0.00,0.00,2,17.6,11.6,68,1012.7,50,4.2,-9900,-9900,0.0,0.0
2017,2,7,24,60,0.00,0.00,0.00,0.00,0.00,3,17.8,11.9,68,1012.8,50,3.7,-9900,-9900,0.0,0.0
2017,2,8,1,60,0.00,0.00,0.00,0.00,0.00,4,17.4,12.1,71,1012.4,50,4.6,-9900,-9900,0.0,0.0
2017,2,8,2,60,0.00,0.00,0.00,0.00,0.00,5,17.6,12.2,71,1011.4,50,4.3,-9900,-9900,0.0,0.0
2017,2,8,3,60,0.00,0.00,0.00,0.00,0.00,5,17.7,12.2,70,1011.4,50,3.0,-9900,-9900,0.0,0.0
2017,2,8,4,60,0.00,0.00,0.00,0.00,0.00,6,17.3,12.2,72,1011.2,50,2.4,-9900,-9900,0.0,0.0
2017,2,8,5,60,0.00,0.00,0.00,0.00,0.00,7,17.2,12.4,73,1011.5,160,1.3,-9900,-9900,0.0,0.0
2017,2,8,6,60,0.00,0.00,0.00,0.00,0.00,8,17.0,11.6,70,1012.1,190,0.9,-9900,-9900,0.0,0.0
2017,2,8,7,60,57.18,847.37,0.00,0.00,0.00,8,16.9,11.4,70,1012.5,200,1.2,-9900,-9900,0.0,0.0
2017,2,8,8,60,335.22,1402.32,0.00,0.00,0.00,9,17.4,11.7,69,1013.0,210,1.2,30,2,0.0,0.0
2017,2,8,9,60,605.34,1402.32,127.78,6.53,124.96,8,18.8,12.6,67,1012.8,200,1.2,20,3,0.0,0.0
2017,2,8,10,60,823.39,1402.32,427.78,293.38,255.52,5,20.5,13.8,65,1012.8,170,0.4,-9900,-9900,0.0,0.0
2017,2,8,11,60,974.51,1402.32,411.11,135.31,317.08,9,21.2,13.8,63,1012.6,250,1.8,15,2,0.0,0.0
2017,2,8,12,60,1048.40,1402.32,350.00,48.88,313.46,10,20.8,14.5,67,1012.4,270,1.4,-9900,-9900,0.0,0.0
2017,2,8,13,60,1040.02,1402.32,302.78,25.11,284.16,10,21.4,14.8,66,1011.3,260,0.9,-9900,-9900,0.0,0.0
2017,2,8,14,60,949.95,1402.32,186.11,5.73,182.23,10,19.4,14.4,73,1011.3,300,4.1,12,1,0.0,0.0
2017,2,8,15,60,784.32,1402.32,152.78,5.67,149.61,10,18.3,13.3,73,1011.3,280,2.3,-9900,-9900,0.0,0.0
2017,2,8,16,60,554.43,1402.32,141.67,13.18,136.46,10,17.7,12.9,73,1011.4,270,2.5,-9900,-9900,0.0,0.0
2017,2,8,17,60,275.93,1402.32,0.00,0.00,0.00,10,17.8,12.8,73,1011.9,260,0.8,10,1,0.0,0.0
2017,2,8,18,60,25.49,564.13,0.00,0.00,0.00,10,17.4,12.6,73,1011.9,260,1.7,-9900,-9900,0.0,0.0
2017,2,8,19,60,0.00,0.00,0.00,0.00,0.00,9,17.0,12.6,75,1012.6,280,2.1,-9900,-9900,0.0,0.0
2017,2,8,20,60,0.00,0.00,0.00,0.00,0.00,9,16.8,12.9,78,1013.1,290,1.1,10,1,0.0,0.0
2017,2,8,21,60,0.00,0.00,0.00,0.00,0.00,9,16.8,13.0,78,1013.7,290,1.3,10,1,0.0,0.0
2017,2,8,22,60,0.00,0.00,0.00,0.00,0.00,9,16.4,12.7,79,1014.4,300,2.4,-9900,-9900,0.0,0.0
2017,2,8,23,60,0.00,0.00,0.00,0.00,0.00,9,16.4,12.1,76,1014.5,300,1.5,-9900,-9900,0.0,0.0
2017,2,8,24,60,0.00,0.00,0.00,0.00,0.00,9,15.1,11.7,80,1015.0,310,2.9,-9900,-9900,0.0,0.0
2017,2,9,1,60,0.00,0.00,0.00,0.00,0.00,9,13.8,11.0,83,1015.8,290,2.2,-9900,-9900,0.7,0.6
2017,2,9,2,60,0.00,0.00,0.00,0.00,0.00,9,13.1,10.3,83,1016.0,360,0.3,-9900,-9900,2.0,1.0
2017,2,9,3,60,0.00,0.00,0.00,0.00,0.00,10,12.8,10.2,84,1015.6,270,1.4,-9900,-9900,0.3,1.0
2017,2,9,4,60,0.00,0.00,0.00,0.00,0.00,10,11.9,9.0,82,1016.2,300,2.5,-9900,-9900,0.4,0.9
2017,2,9,5,60,0.00,0.00,0.00,0.00,0.00,10,11.5,8.6,82,1016.7,300,1.3,-9900,-9900,0.0,0.3
2017,2,9,6,60,0.00,0.00,0.00,0.00,0.00,10,11.5,8.2,80,1017.4,280,0.9,-9900,-9900,0.0,0.0
2017,2,9,7,60,59.22,861.51,0.00,0.00,0.00,10,11.8,8.4,80,1017.7,210,1.2,-9900,-9900,0.0,0.0
2017,2,9,8,60,338.86,1401.83,0.00,0.00,0.00,10,12.0,7.7,75,1018.1,130,0.8,25,0,0.0,0.0
2017,2,9,9,60,609.29,1401.83,58.73,1.73,57.98,10,11.8,7.3,74,1018.7,250,0.9,12,0,0.0,0.0
2017,2,9,10,60,827.58,1401.83,101.94,2.59,100.41,10,12.1,6.7,70,1019.3,290,1.6,-9900,-9900,0.1,0.6
2017,2,9,11,60,978.87,1401.83,136.41,3.18,134.19,10,11.8,6.4,69,1019.0,310,2.0,12,0,0.0,0.0
2017,2,9,12,60,1052.84,1401.83,154.29,3.46,151.69,10,11.9,6.0,67,1018.2,290,1.5,-9900,-9900,0.0,0.0
2017,2,9,13,60,1044.45,1401.83,13.89,0.11,13.81,10,12.1,5.8,65,1017.2,320,1.7,-9900,-9900,0.0,0.0
2017,2,9,14,60,954.28,1401.83,30.56,0.34,30.33,10,11.9,5.5,65,1016.7,300,1.3,15,1,0.0,0.0
2017,2,9,15,60,788.47,1401.83,93.58,2.44,92.21,10,12.0,5.2,63,1017.3,350,1.8,-9900,-9900,0.0,0.0
2017,2,9,16,60,558.32,1401.83,50.00,1.53,49.39,9,11.7,4.9,63,1017.5,20,2.4,-9900,-9900,0.0,0.0
2017,2,9,17,60,279.51,1401.83,0.00,0.00,0.00,9,11.4,4.1,61,1018.2,360,3.1,10,1,0.0,0.0
2017,2,9,18,60,26.85,578.37,0.00,0.00,0.00,9,10.9,3.6,61,1018.7,360,3.7,-9900,-9900,0.0,0.0
2017,2,9,19,60,0.00,0.00,0.00,0.00,0.00,9,10.7,3.1,59,1019.1,20,2.3,-9900,-9900,0.0,0.0
2017,2,9,20,60,0.00,0.00,0.00,0.00,0.00,9,10.5,2.8,59,1019.4,20,2.5,12,1,0.0,0.0
2017,2,9,21,60,0.00,0.00,0.00,0.00,0.00,8,10.6,2.8,58,1019.8,350,1.3,12,1,0.0,0.0
2017,2,9,22,60,0.00,0.00,0.00,0.00,0.00,8,10.8,3.1,59,1020.1,20,2.0,-9900,-9900,0.0,0.0
2017,2,9,23,60,0.00,0.00,0.00,0.00,0.00,8,11.3,3.5,59,1020.2,20,0.9,-9900,-9900,0.0,0.0
2017,2,9,24,60,0.00,0.00,0.00,0.00,0.00,7,11.2,2.8,56,1019.9,360,3.1,-9900,-9900,0.0,0.0
2017,2,10,1,60,0.00,0.00,0.00,0.00,0.00,7,11.0,2.8,57,1020.1,20,1.9,-9900,-9900,0.0,0.0
2017,2,10,2,60,0.00,0.00,0.00,0.00,0.00,7,10.9,2.7,57,1020.1,30,1.5,-9900,-9900,0.0,0.0
2017,2,10,3,60,0.00,0.00,0.00,0.00,0.00,7,10.7,2.6,57,1019.7,10,0.9,-9900,-9900,0.0,0.0
2017,2,10,4,60,0.00,0.00,0.00,0.00,0.00,7,10.8,2.2,55,1018.8,50,2.5,-9900,-9900,0.0,0.0
2017,2,10,5,60,0.00,0.00,0.00,0.00,0.00,7,11.1,3.2,58,1019.1,10,1.8,-9900,-9900,0.0,0.0
2017,2,10,6,60,0.00,0.00,0.00,0.00,0.00,6,10.8,3.0,59,1020.5,350,2.7,-9900,-9900,0.0,0.0
2017,2,10,7,60,61.33,875.80,0.00,0.00,0.00,6,10.5,2.5,58,1021.3,40,2.4,-9900,-9900,0.0,0.0
2017,2,10,8,60,342.56,1401.33,30.56,0.00,30.56,6,10.9,2.8,57,1021.9,20,0.8,8,-9900,0.0,0.0
2017,2,10,9,60,613.28,1401.33,166.67,17.78,158.89,8,11.6,3.3,57,1022.1,360,2.9,8,-9900,0.0,0.0
2017,2,10,10,60,831.82,1401.33,372.22,170.39,271.08,8,12.5,4.0,56,1022.3,360,2.4,-9900,-9900,0.0,0.0
2017,2,10,11,60,983.26,1401.33,352.78,68.00,305.07,10,12.9,4.6,57,1022.0,350,3.2,8,1,0.0,0.0
2017,2,10,12,60,1057.31,1401.33,263.89,11.78,255.00,10,13.0,4.2,55,1021.5,10,2.8,-9900,-9900,0.0,0.0
2017,2,10,13,60,1048.92,1401.33,283.33,17.25,270.42,10,12.9,4.4,56,1020.4,10,3.8,-9900,-9900,0.0,0.0
2017,2,10,14,60,958.65,1401.33,327.78,54.60,290.43,10,12.6,3.8,55,1019.6,50,3.5,8,1,0.0,0.0
2017,2,10,15,60,792.66,1401.33,208.33,15.08,199.80,8,13.1,3.8,53,1019.7,20,4.2,-9900,-9900,0.0,0.0
2017,2,10,16,60,562.25,1401.33,188.89,50.30,168.71,10,12.7,3.6,54,1020.2,20,3.7,-9900,-9900,0.0,0.0
2017,2,10,17,60,283.13,1401.33,80.56,0.00,80.56,10,12.2,3.6,56,1021.0,30,2.7,8,1,0.0,0.0
2017,2,10,18,60,28.26,592.76,0.00,0.00,0.00,10,12.0,3.7,57,1021.4,40,2.2,-9900,-9900,0.0,0.0
2017,2,10,19,60,0.00,0.00,0.00,0.00,0.00,9,12.1,3.5,56,1022.0,360,3.1,-9900,-9900,0.0,0.0
2017,2,10,20,60,0.00,0.00,0.00,0.00,0.00,9,12.0,3.1,54,1022.2,40,2.4,9,3,0.0,0.0
2017,2,10,21,60,0.00,0.00,0.00,0.00,0.00,9,12.1,3.2,54,1022.7,50,3.5,9,1,0.0,0.0
2017,2,10,22,60,0.00,0.00,0.00,0.00,0.00,9,12.1,2.9,53,1022.9,50,2.6,-9900,-9900,0.0,0.0
2017,2,10,23,60,0.00,0.00,0.00,0.00,0.00,9,12.1,3.1,54,1023.2,50,2.6,-9900,-9900,0.0,0.0
2017,2,10,24,60,0.00,0.00,0.00,0.00,0.00,9,11.9,3.3,56,1023.1,80,1.4,-9900,-9900,0.0,0.0
2017,2,11,1,60,0.00,0.00,0.00,0.00,0.00,9,11.9,3.6,57,1023.2,80,1.2,-9900,-9900,0.0,0.0
2017,2,11,2,60,0.00,0.00,0.00,0.00,0.00,9,12.0,2.9,54,1022.9,50,3.4,-9900,-9900,0.0,0.0
2017,2,11,3,60,0.00,0.00,0.00,0.00,0.00,10,12.1,2.8,53,1022.9,40,2.3,-9900,-9900,0.0,0.0
2017,2,11,4,60,0.00,0.00,0.00,0.00,0.00,10,12.1,2.9,53,1022.8,50,3.0,-9900,-9900,0.0,0.0
2017,2,11,5,60,0.00,0.00,0.00,0.00,0.00,10,12.0,2.5,52,1023.3,40,3.1,-9900,-9900,0.0,0.0
2017,2,11,6,60,0.00,0.00,0.00,0.00,0.00,10,12.0,2.4,52,1023.9,50,2.4,-9900,-9900,0.0,0.0
2017,2,11,7,60,63.50,890.24,0.00,0.00,0.00,10,12.0,2.8,53,1024.7,40,3.1,-9900,-9900,0.0,0.0
2017,2,11,8,60,346.29,1400.83,0.00,0.00,0.00,10,12.0,2.8,53,1025.1,40,2.4,15,2,0.0,0.0
2017,2,11,9,60,617.30,1400.83,19.44,0.34,19.29,9,12.1,2.9,53,1025.8,50,3.1,18,2,0.0,0.0
2017,2,11,10,60,836.07,1400.83,141.67,4.44,139.02,9,12.8,3.3,52,1025.8,50,3.5,-9900,-9900,0.0,0.0
2017,2,11,11,60,987.69,1400.83,272.22,19.06,258.78,10,13.4,4.4,54,1025.5,40,2.5,18,4,0.0,0.0
2017,2,11,12,60,1061.82,1400.83,358.33,51.36,319.40,7,14.2,5.1,54,1024.8,30,2.7,-9900,-9900,0.0,0.0
2017,2,11,13,60,1053.42,1400.83,419.44,106.70,339.20,9,13.4,4.3,54,1023.7,50,5.7,-9900,-9900,0.0,0.0
2017,2,11,14,60,963.05,1400.83,213.89,7.43,208.78,10,13.0,4.1,55,1023.1,50,5.2,18,1,0.0,0.0
2017,2,11,15,60,796.88,1400.83,166.67,6.43,163.01,10,13.2,4.2,54,1023.2,30,4.0,-9900,-9900,0.0,0.0
2017,2,11,16,60,566.22,1400.83,136.11,9.97,132.08,9,13.2,4.2,54,1023.4,40,3.0,-9900,-9900,0.0,0.0
2017,2,11,17,60,286.81,1400.83,0.00,0.00,0.00,9,12.7,3.7,54,1024.0,50,5.1,15,3,0.0,0.0
2017,2,11,18,60,29.72,607.30,0.00,0.00,0.00,8,12.2,3.5,55,1024.2,50,4.6,-9900,-9900,0.0,0.0
2017,2,11,19,60,0.00,0.00,0.00,0.00,0.00,8,12.0,3.8,57,1024.7,50,2.6,-9900,-9900,0.0,0.0
2017,2,11,20,60,0.00,0.00,0.00,0.00,0.00,7,12.0,3.6,56,1024.9,60,3.0,20,-9900,0.0,0.0
2017,2,11,21,60,0.00,0.00,0.00,0.00,0.00,9,12.1,3.8,57,1025.0,60,2.6,20,3,0.0,0.0
2017,2,11,22,60,0.00,0.00,0.00,0.00,0.00,9,12.2,4.0,57,1025.0,70,1.9,-9900,-9900,0.0,0.0
2017,2,11,23,60,0.00,0.00,0.00,0.00,0.00,9,11.6,4.2,60,1025.0,110,2.2,-9900,-9900,0.0,0.0
2017,2,11,24,60,0.00,0.00,0.00,0.00,0.00,9,12.3,4.3,58,1024.6,50,3.2,-9900,-9900,0.0,0.0
2017,2,12,1,60,0.00,0.00,0.00,0.00,0.00,9,12.7,4.9,59,1024.6,50,2.6,-9900,-9900,0.0,0.0
2017,2,12,2,60,0.00,0.00,0.00,0.00,0.00,9,12.7,5.2,60,1024.1,60,1.9,-9900,-9900,0.0,0.0
2017,2,12,3,60,0.00,0.00,0.00,0.00,0.00,9,12.9,5.3,60,1023.4,60,1.9,-9900,-9900,0.0,0.0
2017,2,12,4,60,0.00,0.00,0.00,0.00,0.00,9,13.0,5.1,59,1023.5,80,2.0,-9900,-9900,0.0,0.0
2017,2,12,5,60,0.00,0.00,0.00,0.00,0.00,9,13.1,5.8,61,1023.7,60,2.4,-9900,-9900,0.0,0.0
2017,2,12,6,60,0.00,0.00,0.00,0.00,0.00,9,13.2,6.3,63,1024.1,60,2.1,-9900,-9900,0.0,0.0
2017,2,12,7,60,65.73,904.82,0.00,0.00,0.00,9,13.3,6.0,61,1024.4,100,1.7,-9900,-9900,0.0,0.0
2017,2,12,8,60,350.06,1400.31,2.78,0.00,2.78,9,14.1,6.4,60,1024.8,70,3.2,25,1,0.0,0.0
2017,2,12,9,60,621.36,1400.31,166.67,16.65,159.28,9,14.7,6.8,59,1025.2,70,2.5,25,1,0.0,0.0
2017,2,12,10,60,840.36,1400.31,180.56,6.78,176.49,9,15.2,7.2,59,1024.9,80,3.3,-9900,-9900,0.0,0.0
2017,2,12,11,60,992.14,1400.31,197.22,5.87,193.06,9,15.2,7.2,59,1024.7,70,4.8,25,1,0.0,0.0
2017,2,12,12,60,1066.35,1400.31,166.67,3.86,163.73,9,15.3,7.4,59,1024.2,60,4.5,-9900,-9900,0.0,0.0
2017,2,12,13,60,1057.93,1400.31,180.56,4.50,177.16,10,15.3,7.3,59,1023.4,50,4.5,-9900,-9900,0.0,0.0
2017,2,12,14,60,967.47,1400.31,255.56,15.44,244.89,9,15.6,7.6,59,1022.6,50,3.8,25,1,0.0,0.0
2017,2,12,15,60,801.12,1400.31,166.67,6.36,163.03,9,15.2,7.3,59,1022.3,60,4.5,-9900,-9900,0.0,0.0
2017,2,12,16,60,570.22,1400.31,86.11,3.63,84.63,10,15.1,7.4,60,1022.8,70,3.5,-9900,-9900,0.0,0.0
2017,2,12,17,60,290.51,1400.31,0.00,0.00,0.00,10,15.0,7.1,59,1023.0,60,3.4,25,1,0.0,0.0
2017,2,12,18,60,31.24,621.98,0.00,0.00,0.00,10,14.7,7.1,60,1023.2,100,2.6,-9900,-9900,0.0,0.0
2017,2,12,19,60,0.00,0.00,0.00,0.00,0.00,10,14.5,7.1,61,1023.6,100,3.0,-9900,-9900,0.0,0.0
2017,2,12,20,60,0.00,0.00,0.00,0.00,0.00,10,14.7,7.3,61,1023.8,110,2.2,20,1,0.0,0.0
2017,2,12,21,60,0.00,0.00,0.00,0.00,0.00,10,14.5,7.4,62,1024.1,110,1.7,20,1,0.0,0.0
2017,2,12,22,60,0.00,0.00,0.00,0.00,0.00,10,14.9,7.5,61,1024.3,80,2.8,-9900,-9900,0.0,0.0
2017,2,12,23,60,0.00,0.00,0.00,0.00,0.00,9,15.1,7.4,60,1024.1,60,2.3,-9900,-9900,0.0,0.0
2017,2,12,24,60,0.00,0.00,0.00,0.00,0.00,9,14.9,7.7,62,1024.1,100,3.2,-9900,-9900,0.0,0.0
2017,2,13,1,60,0.00,0.00,0.00,0.00,0.00,9,14.2,8.3,68,1024.1,100,2.9,-9900,-9900,0.0,0.0
2017,2,13,2,60,0.00,0.00,0.00,0.00,0.00,8,14.4,8.4,67,1023.7,80,2.1,-9900,-9900,0.0,0.0
2017,2,13,3,60,0.00,0.00,0.00,0.00,0.00,8,14.4,8.4,67,1023.7,90,2.7,-9900,-9900,0.0,0.0
2017,2,13,4,60,0.00,0.00,0.00,0.00,0.00,7,14.4,8.2,66,1023.6,90,2.3,-9900,-9900,0.0,0.0
2017,2,13,5,60,0.00,0.00,0.00,0.00,0.00,7,14.5,8.1,65,1024.0,90,1.8,-9900,-9900,0.0,0.0
2017,2,13,6,60,0.00,0.00,0.00,0.00,0.00,7,14.6,7.8,64,1024.3,110,2.6,-9900,-9900,0.0,0.0
2017,2,13,7,60,68.03,919.52,0.00,0.00,0.00,6,15.0,7.7,62,1024.9,80,2.4,-9900,-9900,0.0,0.0
2017,2,13,8,60,353.86,1399.78,72.22,0.00,72.22,6,15.7,8.1,61,1025.6,60,2.9,35,-9900,0.0,0.0
2017,2,13,9,60,625.44,1399.78,297.22,213.33,201.90,4,16.9,8.6,58,1025.9,60,3.9,35,-9900,0.0,0.0
2017,2,13,10,60,844.67,1399.78,577.78,676.28,169.69,3,18.5,9.4,55,1025.8,60,5.1,-9900,-9900,0.0,0.0
2017,2,13,11,60,996.61,1399.78,697.22,716.70,186.95,2,18.4,9.6,56,1025.3,50,4.8,40,-9900,0.0,0.0
2017,2,13,12,60,1070.89,1399.78,758.33,738.91,193.03,3,19.1,9.8,55,1024.7,50,6.9,-9900,-9900,0.0,0.0
2017,2,13,13,60,1062.47,1399.78,688.89,585.00,244.86,5,18.4,9.9,58,1024.1,50,6.4,-9900,-9900,0.0,0.0
2017,2,13,14,60,971.91,1399.78,472.22,231.29,311.63,8,18.3,9.7,57,1024.1,60,5.7,30,3,0.0,0.0
2017,2,13,15,60,805.39,1399.78,344.44,142.62,262.38,9,17.7,9.6,59,1024.1,50,5.0,-9900,-9900,0.0,0.0
2017,2,13,16,60,574.25,1399.78,188.89,45.49,170.23,10,17.0,9.3,60,1024.1,50,5.7,-9900,-9900,0.0,0.0
2017,2,13,17,60,294.25,1399.78,25.00,0.00,25.00,9,16.8,9.1,60,1024.6,60,4.6,25,3,0.0,0.0
2017,2,13,18,60,32.81,636.79,0.00,0.00,0.00,7,16.6,8.9,60,1024.9,60,4.2,-9900,-9900,0.0,0.0
2017,2,13,19,60,0.00,0.00,0.00,0.00,0.00,6,16.4,8.8,61,1025.3,60,3.9,-9900,-9900,0.0,0.0
2017,2,13,20,60,0.00,0.00,0.00,0.00,0.00,4,16.2,8.7,61,1026.0,70,3.5,25,-9900,0.0,0.0
2017,2,13,21,60,0.00,0.00,0.00,0.00,0.00,7,16.2,8.6,61,1026.5,60,3.0,25,1,0.0,0.0
2017,2,13,22,60,0.00,0.00,0.00,0.00,0.00,6,16.1,8.3,60,1026.4,60,3.4,-9900,-9900,0.0,0.0
2017,2,13,23,60,0.00,0.00,0.00,0.00,0.00,6,15.9,8.3,61,1026.8,70,3.5,-9900,-9900,0.0,0.0
2017,2,13,24,60,0.00,0.00,0.00,0.00,0.00,5,15.7,8.2,61,1026.9,60,3.5,-9900,-9900,0.0,0.0
2017,2,14,1,60,0.00,0.00,0.00,0.00,0.00,5,15.5,8.0,61,1026.6,60,2.9,-9900,-9900,0.0,0.0
2017,2,14,2,60,0.00,0.00,0.00,0.00,0.00,4,15.6,7.8,60,1026.3,50,3.6,-9900,-9900,0.0,0.0
2017,2,14,3,60,0.00,0.00,0.00,0.00,0.00,4,15.6,7.6,59,1025.8,50,4.0,-9900,-9900,0.0,0.0
2017,2,14,4,60,0.00,0.00,0.00,0.00,0.00,3,15.3,7.4,59,1026.0,60,2.9,-9900,-9900,0.0,0.0
2017,2,14,5,60,0.00,0.00,0.00,0.00,0.00,3,15.3,7.1,58,1026.4,60,3.2,-9900,-9900,0.0,0.0
2017,2,14,6,60,0.00,0.00,0.00,0.00,0.00,2,15.1,6.5,56,1026.8,60,3.0,-9900,-9900,0.0,0.0
2017,2,14,7,60,70.38,934.35,0.00,0.00,0.00,2,15.1,6.3,56,1027.5,60,3.0,-9900,-9900,0.0,0.0
2017,2,14,8,60,357.69,1399.24,136.11,0.00,136.11,1,15.9,6.5,54,1028.1,60,3.5,25,-9900,0.0,0.0
2017,2,14,9,60,629.55,1399.24,383.33,487.53,163.98,1,17.6,7.6,52,1028.2,50,5.3,25,-9900,0.0,0.0
2017,2,14,10,60,849.00,1399.24,583.33,683.93,168.35,1,18.7,8.3,51,1028.1,50,5.1,-9900,-9900,0.0,0.0
2017,2,14,11,60,1001.09,1399.24,733.33,801.99,159.54,1,19.3,8.3,49,1027.3,50,5.3,25,-9900,0.0,0.0
2017,2,14,12,60,1075.46,1399.24,833.33,889.06,150.00,1,19.9,8.6,48,1026.5,50,5.3,-9900,-9900,0.0,0.0
2017,2,14,13,60,1067.03,1399.24,833.33,896.08,150.00,1,19.9,8.5,48,1025.8,60,4.8,-9900,-9900,0.0,0.0
2017,2,14,14,60,976.38,1399.24,772.22,907.47,139.00,1,19.3,8.7,50,1025.1,40,5.5,25,-9900,0.0,0.0
2017,2,14,15,60,809.68,1399.24,619.44,877.79,111.50,1,19.6,8.7,49,1025.1,50,6.1,-9900,-9900,0.0,0.0
2017,2,14,16,60,578.31,1399.24,425.00,808.12,91.00,1,18.2,7.8,51,1025.1,50,6.5,-9900,-9900,0.0,0.0
2017,2,14,17,60,298.02,1399.24,219.44,0.00,219.44,1,17.5,7.7,53,1025.4,50,6.3,30,-9900,0.0,0.0
2017,2,14,18,60,34.44,651.73,11.11,0.00,11.11,1,17.0,7.5,54,1025.8,60,4.5,-9900,-9900,0.0,0.0
2017,2,14,19,60,0.00,0.00,0.00,0.00,0.00,1,16.5,7.6,56,1026.2,60,3.6,-9900,-9900,0.0,0.0
2017,2,14,20,60,0.00,0.00,0.00,0.00,0.00,1,16.3,7.6,56,1026.4,50,3.7,30,-9900,0.0,0.0
2017,2,14,21,60,0.00,0.00,0.00,0.00,0.00,1,15.9,7.5,57,1026.4,50,4.2,30,-9900,0.0,0.0
2017,2,14,22,60,0.00,0.00,0.00,0.00,0.00,1,15.8,7.6,58,1026.5,50,4.6,-9900,-9900,0.0,0.0
2017,2,14,23,60,0.00,0.00,0.00,0.00,0.00,1,15.7,7.9,60,1026.0,50,3.7,-9900,-9900,0.0,0.0
2017,2,14,24,60,0.00,0.00,0.00,0.00,0.00,1,15.8,8.1,60,1025.5,50,3.6,-9900,-9900,0.0,0.0
2017,2,15,1,60,0.00,0.00,0.00,0.00,0.00,1,16.0,8.7,62,1025.0,50,4.7,-9900,-9900,0.0,0.0
2017,2,15,2,60,0.00,0.00,0.00,0.00,0.00,1,15.7,8.9,64,1024.4,50,3.4,-9900,-9900,0.0,0.0
2017,2,15,3,60,0.00,0.00,0.00,0.00,0.00,2,16.0,9.2,64,1023.8,50,3.8,-9900,-9900,0.0,0.0
2017,2,15,4,60,0.00,0.00,0.00,0.00,0.00,2,16.1,9.4,64,1023.4,50,4.0,-9900,-9900,0.0,0.0
2017,2,15,5,60,0.00,0.00,0.00,0.00,0.00,2,16.0,9.6,66,1023.2,50,4.3,-9900,-9900,0.0,0.0
2017,2,15,6,60,0.00,0.00,0.00,0.00,0.00,2,16.1,9.8,66,1023.7,50,4.3,-9900,-9900,0.0,0.0
2017,2,15,7,60,72.80,949.31,0.00,0.00,0.00,2,16.3,10.2,67,1023.8,50,3.0,-9900,-9900,0.0,0.0
2017,2,15,8,60,361.56,1398.69,147.22,0.00,147.22,2,17.7,10.8,64,1024.1,60,2.6,30,-9900,0.0,0.0
2017,2,15,9,60,633.69,1398.69,394.44,520.11,158.80,2,20.1,12.4,61,1024.2,50,2.3,30,-9900,0.0,0.0
2017,2,15,10,60,853.36,1398.69,594.44,708.33,162.28,2,22.2,12.6,55,1023.7,50,2.4,-9900,-9900,0.0,0.0
2017,2,15,11,60,1005.60,1398.69,758.33,857.09,142.12,3,23.7,11.2,45,1022.9,50,2.9,30,-9900,0.0,0.0
2017,2,15,12,60,1080.03,1398.69,811.11,849.17,155.40,3,23.8,10.9,44,1022.1,60,2.7,-9900,-9900,0.0,0.0
2017,2,15,13,60,1071.60,1398.69,827.78,885.97,149.00,4,24.7,10.1,40,1020.7,120,2.9,-9900,-9900,0.0,0.0
2017,2,15,14,60,980.86,1398.69,633.33,577.75,228.17,5,23.7,8.6,38,1019.9,90,1.5,30,-9900,0.0,0.0
2017,2,15,15,60,814.00,1398.69,277.78,54.01,246.35,7,22.9,10.6,46,1019.6,100,2.8,-9900,-9900,0.0,0.0
2017,2,15,16,60,582.40,1398.69,166.67,22.98,157.10,8,21.9,11.1,50,1019.8,120,2.9,-9900,-9900,0.0,0.0
2017,2,15,17,60,301.84,1398.69,119.44,0.00,119.44,9,21.4,10.7,50,1020.2,130,3.7,25,1,0.0,0.0
2017,2,15,18,60,36.12,666.80,0.00,0.00,0.00,9,21.0,10.9,52,1020.3,100,2.1,-9900,-9900,0.0,0.0
2017,2,15,19,60,0.00,0.00,0.00,0.00,0.00,9,20.7,10.9,53,1020.7,90,1.6,-9900,-9900,0.0,0.0
2017,2,15,20,60,0.00,0.00,0.00,0.00,0.00,9,20.5,11.1,55,1021.0,70,1.6,25,1,0.0,0.0
2017,2,15,21,60,0.00,0.00,0.00,0.00,0.00,9,20.1,10.7,55,1020.5,50,2.1,25,1,0.0,0.0
2017,2,15,22,60,0.00,0.00,0.00,0.00,0.00,8,20.0,10.3,54,1020.5,70,2.5,-9900,-9900,0.0,0.0
2017,2,15,23,60,0.00,0.00,0.00,0.00,0.00,8,19.8,10.1,54,1020.0,70,2.5,-9900,-9900,0.0,0.0
2017,2,15,24,60,0.00,0.00,0.00,0.00,0.00,7,17.8,10.1,61,1019.5,170,0.4,-9900,-9900,0.0,0.0
2017,2,16,1,60,0.00,0.00,0.00,0.00,0.00,6,17.6,10.1,61,1019.0,50,1.3,-9900,-9900,0.0,0.0
2017,2,16,2,60,0.00,0.00,0.00,0.00,0.00,5,16.9,10.0,64,1018.7,150,1.3,-9900,-9900,0.0,0.0
2017,2,16,3,60,0.00,0.00,0.00,0.00,0.00,5,16.6,10.1,65,1018.6,210,1.1,-9900,-9900,0.0,0.0
2017,2,16,4,60,0.00,0.00,0.00,0.00,0.00,4,15.9,9.8,67,1018.4,210,1.5,-9900,-9900,0.0,0.0
2017,2,16,5,60,0.00,0.00,0.00,0.00,0.00,3,15.2,9.7,70,1018.4,200,1.8,-9900,-9900,0.0,0.0
2017,2,16,6,60,0.00,0.00,0.00,0.00,0.00,2,14.6,10.0,74,1018.6,220,1.6,-9900,-9900,0.0,0.0
2017,2,16,7,60,75.28,964.38,0.00,0.00,0.00,2,14.4,10.2,76,1019.1,200,1.3,-9900,-9900,0.0,0.0
2017,2,16,8,60,365.46,1398.13,122.22,49.12,109.38,1,15.4,10.7,74,1019.6,200,1.0,6,-9900,0.0,0.0
2017,2,16,9,60,637.85,1398.13,358.33,379.36,185.26,1,17.4,11.8,70,1019.4,180,0.7,6,-9900,0.0,0.0
2017,2,16,10,60,857.72,1398.13,566.67,615.46,189.10,1,19.4,12.5,64,1019.4,240,0.7,-9900,-9900,0.0,0.0
2017,2,16,11,60,1010.11,1398.13,694.44,684.44,199.95,1,21.8,13.2,58,1018.6,250,0.9,7,-9900,0.0,0.0
2017,2,16,12,60,1084.62,1398.13,833.33,880.85,150.00,1,24.7,11.5,44,1017.5,260,0.5,-9900,-9900,0.0,0.0
2017,2,16,13,60,1076.18,1398.13,825.00,878.89,148.50,2,25.2,10.6,40,1016.3,260,0.6,-9900,-9900,0.0,0.0
2017,2,16,14,60,985.35,1398.13,672.22,670.79,199.47,2,25.3,13.1,47,1015.8,270,1.0,10,-9900,0.0,0.0
2017,2,16,15,60,818.33,1398.13,530.56,584.21,188.62,2,24.0,13.6,52,1015.7,300,1.3,-9900,-9900,0.0,0.0
2017,2,16,16,60,586.51,1398.13,386.11,609.47,130.44,2,23.8,10.3,42,1015.8,260,1.0,-9900,-9900,0.0,0.0
2017,2,16,17,60,305.68,1398.13,197.22,0.00,197.22,1,23.0,9.1,41,1016.1,300,0.4,20,-9900,0.0,0.0
2017,2,16,18,60,37.86,681.98,0.00,0.00,0.00,1,21.6,8.9,44,1016.4,20,0.9,-9900,-9900,0.0,0.0
2017,2,16,19,60,0.00,0.00,0.00,0.00,0.00,0,20.5,8.8,47,1016.8,20,1.0,-9900,-9900,0.0,0.0
2017,2,16,20,60,0.00,0.00,0.00,0.00,0.00,0,19.7,10.7,56,1017.5,150,1.6,25,-9900,0.0,0.0
2017,2,16,21,60,0.00,0.00,0.00,0.00,0.00,0,18.8,10.5,59,1017.8,160,1.8,25,-9900,0.0,0.0
2017,2,16,22,60,0.00,0.00,0.00,0.00,0.00,0,18.3,10.9,62,1018.0,160,1.7,-9900,-9900,0.0,0.0
2017,2,16,23,60,0.00,0.00,0.00,0.00,0.00,0,17.9,11.1,64,1017.8,140,0.9,-9900,-9900,0.0,0.0
2017,2,16,24,60,0.00,0.00,0.00,0.00,0.00,0,17.4,11.0,66,1017.8,160,1.2,-9900,-9900,0.0,0.0
2017,2,17,1,60,0.00,0.00,0.00,0.00,0.00,0,16.9,11.1,69,1017.5,140,1.5,-9900,-9900,0.0,0.0
2017,2,17,2,60,0.00,0.00,0.00,0.00,0.00,0,16.6,11.0,69,1017.4,150,0.9,-9900,-9900,0.0,0.0
2017,2,17,3,60,0.00,0.00,0.00,0.00,0.00,1,16.1,11.0,72,1017.3,150,1.1,-9900,-9900,0.0,0.0
2017,2,17,4,60,0.00,0.00,0.00,0.00,0.00,1,15.9,10.9,72,1017.3,160,0.9,-9900,-9900,0.0,0.0
2017,2,17,5,60,0.00,0.00,0.00,0.00,0.00,1,15.6,10.7,73,1017.5,180,0.9,-9900,-9900,0.0,0.0
2017,2,17,6,60,0.00,0.00,0.00,0.00,0.00,1,15.6,10.7,73,1018.2,160,1.2,-9900,-9900,0.0,0.0
2017,2,17,7,60,77.82,979.56,8.33,0.00,8.33,1,15.6,10.7,73,1018.8,170,1.4,-9900,-9900,0.0,0.0
2017,2,17,8,60,369.38,1397.57,144.44,98.67,118.36,1,17.0,11.3,69,1019.3,160,1.7,40,-9900,0.0,0.0
2017,2,17,9,60,642.03,1397.57,386.11,469.10,170.61,0,20.0,13.1,64,1019.3,180,1.2,35,-9900,0.0,0.0
2017,2,17,10,60,862.12,1397.57,586.11,664.42,176.25,1,22.3,13.9,59,1019.2,170,0.3,-9900,-9900,0.0,0.0
2017,2,17,11,60,1014.65,1397.57,730.56,768.61,172.54,1,24.3,12.4,47,1018.3,160,0.3,35,-9900,0.0,0.0
2017,2,17,12,60,1089.22,1397.57,833.33,876.77,150.00,1,27.3,13.2,42,1017.2,350,1.3,-9900,-9900,0.0,0.0
2017,2,17,13,60,1080.77,1397.57,830.56,880.70,149.50,1,27.4,12.9,41,1016.1,290,1.9,-9900,-9900,0.0,0.0
2017,2,17,14,60,989.86,1397.57,630.56,555.61,237.04,8,25.6,12.3,44,1015.9,320,1.3,20,-9900,0.0,0.0
2017,2,17,15,60,822.68,1397.57,502.78,492.33,212.97,8,25.7,12.9,45,1015.9,300,1.6,-9900,-9900,0.0,0.0
2017,2,17,16,60,590.64,1397.57,380.56,573.85,138.04,8,24.5,13.4,50,1016.2,280,1.3,-9900,-9900,0.0,0.0
2017,2,17,17,60,309.55,1397.57,141.67,0.00,141.67,8,22.8,14.1,58,1016.8,310,1.9,20,1,0.0,0.0
2017,2,17,18,60,39.65,697.28,0.00,0.00,0.00,6,22.4,13.9,59,1017.0,70,2.1,-9900,-9900,0.0,0.0
2017,2,17,19,60,0.00,0.00,0.00,0.00,0.00,5,22.1,13.9,60,1017.5,40,2.0,-9900,-9900,0.0,0.0
2017,2,17,20,60,0.00,0.00,0.00,0.00,0.00,3,21.6,14.2,63,1018.1,50,1.7,20,-9900,0.0,0.0
2017,2,17,21,60,0.00,0.00,0.00,0.00,0.00,0,21.1,14.2,65,1018.5,50,3.5,20,-9900,0.0,0.0
2017,2,17,22,60,0.00,0.00,0.00,0.00,0.00,1,20.7,14.6,68,1018.7,70,1.7,-9900,-9900,0.0,0.0
2017,2,17,23,60,0.00,0.00,0.00,0.00,0.00,1,20.6,14.7,69,1018.8,50,2.8,-9900,-9900,0.0,0.0
2017,2,17,24,60,0.00,0.00,0.00,0.00,0.00,2,20.3,14.8,71,1018.7,50,1.9,-9900,-9900,0.0,0.0
2017,2,18,1,60,0.00,0.00,0.00,0.00,0.00,3,20.3,14.8,71,1018.4,100,1.9,-9900,-9900,0.0,0.0
2017,2,18,2,60,0.00,0.00,0.00,0.00,0.00,3,20.0,14.9,72,1018.3,70,2.0,-9900,-9900,0.0,0.0
2017,2,18,3,60,0.00,0.00,0.00,0.00,0.00,4,19.4,15.0,76,1018.2,70,0.9,-9900,-9900,0.0,0.0
2017,2,18,4,60,0.00,0.00,0.00,0.00,0.00,4,18.3,13.8,75,1018.3,210,1.4,-9900,-9900,0.0,0.0
2017,2,18,5,60,0.00,0.00,0.00,0.00,0.00,5,18.5,13.8,74,1018.5,200,0.9,-9900,-9900,0.0,0.0
2017,2,18,6,60,0.00,0.00,0.00,0.00,0.00,6,18.8,13.9,73,1019.6,220,0.7,-9900,-9900,0.0,0.3
2017,2,18,7,60,80.43,994.85,0.00,0.00,0.00,6,19.0,14.5,75,1020.1,210,0.6,-9900,-9900,0.0,0.5
2017,2,18,8,60,373.34,1396.99,27.78,1.16,27.47,7,19.7,14.9,74,1020.4,70,1.6,8,1,0.0,0.0
2017,2,18,9,60,646.23,1396.99,241.67,81.43,204.00,8,21.2,15.8,71,1020.5,60,2.8,7,1,0.0,0.0
2017,2,18,10,60,866.51,1396.99,419.44,227.72,278.19,5,22.0,15.9,68,1020.3,50,3.5,-9900,-9900,0.0,0.0
2017,2,18,11,60,1019.18,1396.99,591.67,420.67,284.77,3,22.5,16.2,68,1019.8,30,4.1,8,-9900,0.0,0.0
2017,2,18,12,60,1093.83,1396.99,600.00,350.75,325.37,7,22.3,15.7,66,1019.0,40,4.2,-9900,-9900,0.0,0.0
2017,2,18,13,60,1085.36,1396.99,516.67,214.27,350.20,8,21.3,15.2,68,1018.1,50,4.7,-9900,-9900,0.0,0.0
2017,2,18,14,60,994.37,1396.99,444.44,169.11,324.07,7,21.2,15.0,68,1017.7,60,5.4,8,1,0.0,0.0
2017,2,18,15,60,827.05,1396.99,438.89,314.14,252.91,7,20.8,14.6,68,1017.5,50,6.4,-9900,-9900,0.0,0.0
2017,2,18,16,60,594.79,1396.99,316.67,317.62,181.44,5,20.2,14.1,68,1018.2,50,6.2,-9900,-9900,0.0,0.0
2017,2,18,17,60,313.44,1396.99,61.11,0.00,61.11,9,19.7,13.9,69,1019.3,40,4.3,10,1,0.0,0.0
2017,2,18,18,60,41.51,712.68,0.00,0.00,0.00,9,19.2,13.7,70,1020.0,50,5.4,-9900,-9900,0.0,0.0
2017,2,18,19,60,0.00,0.00,0.00,0.00,0.00,9,19.1,13.8,71,1020.3,40,4.4,-9900,-9900,0.0,0.0
2017,2,18,20,60,0.00,0.00,0.00,0.00,0.00,9,18.8,13.5,71,1020.9,50,3.7,10,1,0.0,0.0
2017,2,18,21,60,0.00,0.00,0.00,0.00,0.00,8,18.4,13.2,72,1020.5,50,5.3,10,1,0.0,0.0
2017,2,18,22,60,0.00,0.00,0.00,0.00,0.00,7,18.2,12.6,70,1020.5,100,2.9,-9900,-9900,0.0,0.0
2017,2,18,23,60,0.00,0.00,0.00,0.00,0.00,7,18.4,12.0,66,1020.1,90,3.0,-9900,-9900,0.0,0.0
2017,2,18,24,60,0.00,0.00,0.00,0.00,0.00,6,18.0,12.0,68,1020.0,60,2.9,-9900,-9900,0.0,0.0
2017,2,19,1,60,0.00,0.00,0.00,0.00,0.00,5,18.0,11.9,68,1019.4,90,2.5,-9900,-9900,0.0,0.0
2017,2,19,2,60,0.00,0.00,0.00,0.00,0.00,5,17.8,11.8,68,1019.0,50,4.4,-9900,-9900,0.0,0.0
2017,2,19,3,60,0.00,0.00,0.00,0.00,0.00,4,17.8,11.6,67,1018.1,70,4.1,-9900,-9900,0.0,0.0
2017,2,19,4,60,0.00,0.00,0.00,0.00,0.00,4,17.9,11.8,67,1017.2,50,4.5,-9900,-9900,0.0,0.0
2017,2,19,5,60,0.00,0.00,0.00,0.00,0.00,3,17.9,11.9,68,1016.8,50,3.3,-9900,-9900,0.0,0.0
2017,2,19,6,60,0.00,0.00,0.00,0.00,0.00,2,18.0,11.9,68,1016.7,50,5.1,-9900,-9900,0.0,0.0
2017,2,19,7,60,83.10,1010.24,0.00,0.00,0.00,2,18.4,12.2,67,1016.8,50,5.0,-9900,-9900,0.0,0.0
2017,2,19,8,60,377.32,1396.41,136.11,69.43,117.35,1,19.6,12.8,65,1016.7,50,5.1,13,-9900,0.0,0.0
2017,2,19,9,60,650.45,1396.41,369.44,392.44,186.64,1,22.0,14.2,61,1016.5,50,3.3,15,-9900,0.0,0.0
2017,2,19,10,60,870.93,1396.41,563.89,581.25,201.37,1,24.3,14.6,55,1015.8,110,3.0,-9900,-9900,0.0,0.0
2017,2,19,11,60,1023.73,1396.41,725.00,737.31,184.47,1,25.7,14.2,49,1014.8,100,3.0,30,-9900,0.0,0.0
2017,2,19,12,60,1098.44,1396.41,833.33,867.21,151.17,1,26.8,13.9,45,1013.3,120,2.4,-9900,-9900,0.0,0.0
2017,2,19,13,60,1089.97,1396.41,833.33,875.45,150.00,1,26.9,13.4,43,1011.9,140,2.0,-9900,-9900,0.0,0.0
2017,2,19,14,60,998.89,1396.41,727.78,790.18,162.54,3,27.1,14.2,45,1010.9,160,3.3,25,-9900,0.0,0.0
2017,2,19,15,60,831.42,1396.41,461.11,363.45,244.71,6,25.5,13.8,48,1010.6,60,1.5,-9900,-9900,0.0,0.0
2017,2,19,16,60,598.97,1396.41,166.67,19.93,158.12,2,24.6,13.9,51,1010.5,120,2.2,-9900,-9900,0.0,0.0
2017,2,19,17,60,317.37,1396.41,116.67,0.00,116.67,6,24.2,14.1,53,1010.7,110,1.9,25,2,0.0,0.0
2017,2,19,18,60,43.41,728.19,0.00,0.00,0.00,4,23.2,14.0,56,1011.2,50,0.6,-9900,-9900,0.0,0.0
2017,2,19,19,60,0.00,0.00,0.00,0.00,0.00,2,20.9,14.5,67,1011.6,10,0.4,-9900,-9900,0.0,0.0
2017,2,19,20,60,0.00,0.00,0.00,0.00,0.00,0,20.5,14.5,68,1012.1,0,0.0,10,-9900,0.0,0.0
2017,2,19,21,60,0.00,0.00,0.00,0.00,0.00,0,20.3,14.6,70,1012.2,230,0.6,10,-9900,0.0,0.0
2017,2,19,22,60,0.00,0.00,0.00,0.00,0.00,1,19.8,14.4,71,1012.0,210,0.4,-9900,-9900,0.0,0.0
2017,2,19,23,60,0.00,0.00,0.00,0.00,0.00,2,19.7,14.1,70,1011.4,0,0.0,-9900,-9900,0.0,0.0
2017,2,19,24,60,0.00,0.00,0.00,0.00,0.00,2,19.5,13.8,70,1010.6,120,1.7,-9900,-9900,0.0,0.0
2017,2,20,1,60,0.00,0.00,0.00,0.00,0.00,3,19.0,13.6,71,1010.7,200,0.5,-9900,-9900,0.0,0.0
2017,2,20,2,60,0.00,0.00,0.00,0.00,0.00,4,19.6,13.7,69,1010.2,160,1.3,-9900,-9900,0.0,0.0
2017,2,20,3,60,0.00,0.00,0.00,0.00,0.00,5,19.0,13.9,72,1010.2,150,0.5,-9900,-9900,0.0,0.0
2017,2,20,4,60,0.00,0.00,0.00,0.00,0.00,6,18.9,13.6,71,1010.8,230,0.9,-9900,-9900,0.0,0.0
2017,2,20,5,60,0.00,0.00,0.00,0.00,0.00,7,18.3,13.8,75,1011.3,360,0.5,-9900,-9900,0.0,0.0
2017,2,20,6,60,0.00,0.00,0.00,0.00,0.00,7,17.2,14.2,83,1011.8,50,1.5,-9900,-9900,0.5,0.8
2017,2,20,7,60,85.83,1025.72,0.00,0.00,0.00,8,17.7,15.0,84,1012.3,50,0.3,-9900,-9900,0.5,0.5
2017,2,20,8,60,381.31,1395.81,25.00,0.95,24.74,9,18.7,15.4,81,1012.7,100,0.9,5,1,0.0,0.9
2017,2,20,9,60,654.67,1395.81,322.22,241.61,208.90,7,20.5,16.4,77,1012.5,130,0.5,12,1,0.0,0.5
2017,2,20,10,60,875.33,1395.81,566.67,580.80,202.44,5,23.4,17.4,69,1011.7,50,1.4,-9900,-9900,0.0,0.0
2017,2,20,11,60,1028.27,1395.81,547.22,316.88,313.78,8,24.5,15.4,57,1011.4,40,0.7,20,1,0.0,0.0
2017,2,20,12,60,1103.04,1395.81,288.89,14.75,277.23,9,25.4,16.2,57,1010.4,30,0.5,-9900,-9900,0.0,0.0
2017,2,20,13,60,1094.56,1395.81,200.00,5.05,196.04,9,23.0,16.2,66,1011.0,300,3.2,-9900,-9900,0.0,0.0
2017,2,20,14,60,1003.41,1395.81,244.44,10.52,236.88,10,21.4,15.2,68,1011.3,310,1.1,15,1,0.0,0.0
2017,2,20,15,60,835.80,1395.81,97.22,2.34,95.82,10,21.3,15.4,69,1011.2,310,0.5,-9900,-9900,0.0,0.0
2017,2,20,16,60,603.15,1395.81,72.22,2.45,71.16,10,21.3,15.2,68,1011.5,270,0.5,-9900,-9900,0.0,0.0
2017,2,20,17,60,321.32,1395.81,13.89,0.00,13.89,10,21.5,15.3,68,1011.9,0,0.0,10,1,0.0,0.0
2017,2,20,18,60,45.38,743.79,0.00,0.00,0.00,9,21.1,14.7,67,1012.5,60,2.2,-9900,-9900,0.0,0.0
2017,2,20,19,60,0.00,0.00,0.00,0.00,0.00,9,21.0,14.2,65,1013.3,60,2.1,-9900,-9900,0.0,0.0
2017,2,20,20,60,0.00,0.00,0.00,0.00,0.00,8,20.9,14.3,66,1013.8,60,2.2,18,1,0.0,0.0
2017,2,20,21,60,0.00,0.00,0.00,0.00,0.00,8,20.7,14.7,68,1014.8,30,3.0,14,1,0.0,0.0
2017,2,20,22,60,0.00,0.00,0.00,0.00,0.00,8,20.6,15.5,73,1015.7,60,2.3,-9900,-9900,0.0,0.0
2017,2,20,23,60,0.00,0.00,0.00,0.00,0.00,8,20.2,15.6,75,1016.0,50,4.0,-9900,-9900,0.0,0.0
2017,2,20,24,60,0.00,0.00,0.00,0.00,0.00,8,19.3,14.5,74,1016.7,50,4.8,-9900,-9900,0.0,0.0
2017,2,21,1,60,0.00,0.00,0.00,0.00,0.00,8,18.7,14.3,76,1017.0,50,4.6,-9900,-9900,0.0,0.0
2017,2,21,2,60,0.00,0.00,0.00,0.00,0.00,8,18.0,13.6,75,1017.3,50,4.7,-9900,-9900,0.0,0.0
2017,2,21,3,60,0.00,0.00,0.00,0.00,0.00,9,17.7,13.5,76,1017.4,50,4.8,-9900,-9900,0.0,0.0
2017,2,21,4,60,0.00,0.00,0.00,0.00,0.00,9,17.2,13.3,78,1017.7,50,5.5,-9900,-9900,0.0,0.0
2017,2,21,5,60,0.00,0.00,0.00,0.00,0.00,9,16.8,13.0,78,1018.3,50,6.0,-9900,-9900,0.0,0.0
2017,2,21,6,60,0.00,0.00,0.00,0.00,0.00,9,16.8,12.7,77,1018.9,50,5.9,-9900,-9900,0.0,0.0
2017,2,21,7,60,88.63,1041.30,0.00,0.00,0.00,9,16.7,12.7,77,1019.3,60,4.5,-9900,-9900,0.0,0.0
2017,2,21,8,60,385.34,1395.21,22.22,0.76,22.01,9,17.0,13.0,77,1019.9,50,5.7,12,1,0.0,0.0
2017,2,21,9,60,658.92,1395.21,266.67,113.71,212.97,6,18.2,13.7,75,1019.7,50,7.1,12,1,0.0,0.0
2017,2,21,10,60,879.76,1395.21,350.00,105.91,283.22,8,18.2,13.8,75,1019.4,50,6.3,-9900,-9900,0.0,0.0
2017,2,21,11,60,1032.81,1395.21,400.00,94.58,329.99,9,18.7,14.3,76,1018.6,50,5.7,10,1,0.0,0.0
2017,2,21,12,60,1107.65,1395.21,455.56,121.49,359.11,9,19.0,14.7,76,1017.5,50,6.3,-9900,-9900,0.0,0.0
2017,2,21,13,60,1099.17,1395.21,444.44,113.29,355.19,9,19.6,15.1,75,1016.1,50,7.3,-9900,-9900,0.0,0.0
2017,2,21,14,60,1007.94,1395.21,688.89,672.62,202.97,6,20.5,15.8,74,1015.1,50,7.5,10,-9900,0.0,0.0
2017,2,21,15,60,840.19,1395.21,502.78,461.33,224.97,6,21.0,15.9,73,1013.9,50,6.3,-9900,-9900,0.0,0.0
2017,2,21,16,60,607.35,1395.21,422.22,702.92,116.23,5,20.9,15.9,73,1013.7,50,5.7,-9900,-9900,0.0,0.0
2017,2,21,17,60,325.29,1395.21,216.67,0.00,216.67,5,20.7,15.8,74,1013.7,50,6.3,10,-9900,0.0,0.0
2017,2,21,18,60,47.41,759.49,11.11,0.00,11.11,5,20.6,16.0,75,1013.9,50,4.7,-9900,-9900,0.0,0.0
2017,2,21,19,60,0.00,0.00,0.00,0.00,0.00,5,20.8,16.4,76,1013.1,50,5.6,-9900,-9900,0.0,0.0
2017,2,21,20,60,0.00,0.00,0.00,0.00,0.00,5,21.6,16.3,72,1013.2,60,3.5,12,-9900,0.0,0.0
2017,2,21,21,60,0.00,0.00,0.00,0.00,0.00,8,22.8,16.5,68,1013.3,60,3.6,12,1,0.0,0.0
2017,2,21,22,60,0.00,0.00,0.00,0.00,0.00,8,22.9,16.5,67,1013.2,50,1.4,-9900,-9900,0.0,0.0
2017,2,21,23,60,0.00,0.00,0.00,0.00,0.00,8,22.3,16.5,70,1013.0,0,0.0,-9900,-9900,0.0,0.0
2017,2,21,24,60,0.00,0.00,0.00,0.00,0.00,9,21.4,15.9,71,1012.5,0,0.0,-9900,-9900,0.0,0.0
2017,2,22,1,60,0.00,0.00,0.00,0.00,0.00,9,20.9,15.7,72,1012.2,210,1.4,-9900,-9900,0.0,0.0
2017,2,22,2,60,0.00,0.00,0.00,0.00,0.00,9,20.7,15.9,74,1012.1,230,1.5,-9900,-9900,0.0,0.0
2017,2,22,3,60,0.00,0.00,0.00,0.00,0.00,9,19.6,15.5,77,1012.2,260,2.2,-9900,-9900,0.0,0.0
2017,2,22,4,60,0.00,0.00,0.00,0.00,0.00,9,19.0,15.4,80,1011.8,250,0.3,-9900,-9900,0.0,0.0
2017,2,22,5,60,0.00,0.00,0.00,0.00,0.00,9,18.8,15.3,80,1013.0,310,0.4,-9900,-9900,0.0,0.1
2017,2,22,6,60,0.00,0.00,0.00,0.00,0.00,10,16.6,13.8,84,1014.6,280,1.8,-9900,-9900,0.3,0.3
2017,2,22,7,60,91.49,1056.97,0.00,0.00,0.00,10,16.2,13.2,82,1014.9,0,0.0,-9900,-9900,0.0,0.0
2017,2,22,8,60,389.38,1394.60,52.78,3.01,51.94,10,17.1,14.1,83,1014.4,80,1.5,5,1,0.0,0.0
2017,2,22,9,60,663.17,1394.60,161.11,10.39,156.17,10,19.0,15.2,79,1013.7,0,0.0,6,1,0.0,0.0
2017,2,22,10,60,884.18,1394.60,391.67,163.09,288.27,10,21.8,16.8,73,1012.6,40,1.0,-9900,-9900,0.0,0.0
2017,2,22,11,60,1037.35,1394.60,377.78,72.33,323.98,10,23.2,17.3,69,1011.6,130,0.3,10,1,0.0,0.1
2017,2,22,12,60,1112.25,1394.60,222.22,5.91,217.51,10,22.3,18.1,77,1010.8,260,1.0,-9900,-9900,0.2,1.0
2017,2,22,13,60,1103.76,1394.60,33.33,0.32,33.08,10,19.4,17.0,86,1011.8,310,2.0,-9900,-9900,9.2,1.0
2017,2,22,14,60,1012.46,1394.60,163.89,4.09,160.92,10,19.1,16.3,84,1011.6,250,0.7,5,1,0.9,1.0
2017,2,22,15,60,844.58,1394.60,151.67,4.89,148.71,10,19.4,16.8,85,1012.1,170,1.9,-9900,-9900,5.9,1.0
2017,2,22,16,60,611.57,1394.60,13.89,0.21,13.80,10,19.5,16.9,85,1010.6,140,1.4,-9900,-9900,3.9,1.0
2017,2,22,17,60,329.29,1394.60,83.33,0.00,83.33,5,19.9,17.2,84,1009.8,120,1.2,13,-9900,0.1,0.3
2017,2,22,18,60,49.49,775.28,0.00,0.00,0.00,5,19.9,17.0,83,1009.4,70,1.8,-9900,-9900,0.0,0.0
2017,2,22,19,60,0.00,0.00,0.00,0.00,0.00,6,19.9,17.3,85,1009.8,90,1.6,-9900,-9900,0.5,0.5
2017,2,22,20,60,0.00,0.00,0.00,0.00,0.00,6,19.9,17.2,84,1010.9,190,0.3,12,1,0.1,0.3
2017,2,22,21,60,0.00,0.00,0.00,0.00,0.00,6,19.7,17.1,85,1011.6,40,0.5,15,1,0.0,0.0
2017,2,22,22,60,0.00,0.00,0.00,0.00,0.00,6,19.7,16.8,83,1011.5,150,0.9,-9900,-9900,0.0,0.0
2017,2,22,23,60,0.00,0.00,0.00,0.00,0.00,7,19.7,17.1,85,1012.7,300,0.7,-9900,-9900,0.0,0.0
2017,2,22,24,60,0.00,0.00,0.00,0.00,0.00,7,19.5,17.0,85,1013.1,120,0.7,-9900,-9900,0.0,0.0
2017,2,23,1,60,0.00,0.00,0.00,0.00,0.00,7,18.7,15.8,83,1013.0,70,2.3,-9900,-9900,0.0,0.2
2017,2,23,2,60,0.00,0.00,0.00,0.00,0.00,8,18.5,16.0,85,1012.7,60,1.7,-9900,-9900,0.3,1.0
2017,2,23,3,60,0.00,0.00,0.00,0.00,0.00,8,18.2,15.2,83,1012.4,60,3.5,-9900,-9900,0.1,1.0
2017,2,23,4,60,0.00,0.00,0.00,0.00,0.00,9,17.8,14.9,83,1012.4,60,3.3,-9900,-9900,0.2,0.4
2017,2,23,5,60,0.00,0.00,0.00,0.00,0.00,9,17.6,14.7,83,1013.2,60,3.3,-9900,-9900,0.0,0.0
2017,2,23,6,60,0.00,0.00,0.00,0.00,0.00,9,17.5,14.5,83,1014.0,60,3.8,-9900,-9900,0.0,0.0
2017,2,23,7,60,94.41,1072.71,0.00,0.00,0.00,10,17.0,13.9,82,1014.6,50,4.8,-9900,-9900,0.0,0.0
2017,2,23,8,60,393.43,1393.98,0.00,0.00,0.00,10,17.0,13.7,81,1015.3,60,3.5,20,1,0.0,0.3
2017,2,23,9,60,667.43,1393.98,19.44,0.29,19.30,10,17.1,13.4,79,1015.6,50,4.5,20,-9900,0.0,0.8
2017,2,23,10,60,888.61,1393.98,172.22,5.58,168.66,10,17.1,13.2,78,1015.6,60,4.4,-9900,-9900,0.0,0.0
2017,2,23,11,60,1041.89,1393.98,166.67,4.00,163.68,10,16.9,12.8,77,1015.6,50,6.0,20,1,0.0,0.0
2017,2,23,12,60,1116.84,1393.98,208.33,5.23,204.14,10,16.7,12.4,76,1015.3,50,4.9,-9900,-9900,0.0,0.0
2017,2,23,13,60,1108.34,1393.98,166.67,3.60,163.81,10,16.1,11.8,76,1015.0,50,5.7,-9900,-9900,0.0,0.0
2017,2,23,14,60,1016.98,1393.98,100.00,1.78,98.70,10,16.1,11.3,73,1015.3,50,3.9,20,1,0.0,0.0
2017,2,23,15,60,848.98,1393.98,158.33,5.22,155.15,10,15.2,10.0,71,1016.1,50,4.5,-9900,-9900,0.0,0.0
2017,2,23,16,60,615.78,1393.98,89.36,3.40,87.86,10,14.4,9.3,71,1016.6,50,4.4,-9900,-9900,0.0,0.0
2017,2,23,17,60,333.29,1393.98,0.00,0.00,0.00,10,13.7,8.7,72,1017.3,50,4.5,13,1,0.0,0.0
2017,2,23,18,60,51.63,791.15,0.00,0.00,0.00,10,13.5,8.4,71,1018.6,50,4.1,-9900,-9900,0.0,0.0
2017,2,23,19,60,0.00,0.00,0.00,0.00,0.00,9,13.2,8.4,73,1019.1,50,4.0,-9900,-9900,0.0,0.0
2017,2,23,20,60,0.00,0.00,0.00,0.00,0.00,9,13.1,8.3,73,1019.9,50,3.4,13,1,0.0,0.0
2017,2,23,21,60,0.00,0.00,0.00,0.00,0.00,9,12.9,8.2,73,1020.2,60,3.6,13,1,0.0,0.0
2017,2,23,22,60,0.00,0.00,0.00,0.00,0.00,9,12.9,8.6,75,1020.1,80,2.5,-9900,-9900,0.0,0.0
2017,2,23,23,60,0.00,0.00,0.00,0.00,0.00,9,12.8,9.0,78,1020.1,80,1.9,-9900,-9900,0.0,0.0
2017,2,23,24,60,0.00,0.00,0.00,0.00,0.00,9,12.9,9.2,78,1019.9,70,2.5,-9900,-9900,0.0,0.0
2017,2,24,1,60,0.00,0.00,0.00,0.00,0.00,9,12.9,9.8,81,1019.1,60,2.1,-9900,-9900,0.2,0.9
2017,2,24,2,60,0.00,0.00,0.00,0.00,0.00,9,12.7,10.0,84,1019.3,50,2.3,-9900,-9900,3.2,1.0
2017,2,24,3,60,0.00,0.00,0.00,0.00,0.00,10,12.9,10.1,83,1018.8,60,1.7,-9900,-9900,5.2,0.5
2017,2,24,4,60,0.00,0.00,0.00,0.00,0.00,10,12.9,9.9,82,1018.6,50,2.7,-9900,-9900,1.7,0.4
2017,2,24,5,60,0.00,0.00,0.00,0.00,0.00,10,12.7,9.8,82,1018.0,60,2.9,-9900,-9900,0.3,1.0
2017,2,24,6,60,0.00,0.00,0.00,0.00,0.00,10,13.0,10.2,83,1017.7,60,2.9,-9900,-9900,0.1,1.0
2017,2,24,7,60,97.40,1088.54,0.00,0.00,0.00,10,13.5,10.6,83,1018.4,50,3.6,-9900,-9900,0.0,1.0
2017,2,24,8,60,397.50,1393.36,0.00,0.00,0.00,10,13.6,10.7,83,1019.4,50,2.9,12,1,0.0,1.0
2017,2,24,9,60,671.69,1393.36,41.67,0.87,41.25,10,13.6,11.1,85,1019.9,80,1.4,5,1,7.0,1.0
2017,2,24,10,60,893.02,1393.36,2.78,0.02,2.77,10,13.8,11.0,83,1020.1,40,1.6,-9900,-9900,3.4,1.0
2017,2,24,11,60,1046.41,1393.36,27.78,0.27,27.58,10,13.9,11.0,83,1020.0,50,1.2,10,1,3.6,1.0
2017,2,24,12,60,1121.42,1393.36,101.65,1.55,100.40,10,13.5,11.0,85,1019.7,360,0.6,-9900,-9900,1.7,1.0
2017,2,24,13,60,1112.92,1393.36,25.00,0.21,24.83,10,13.9,10.9,82,1019.2,50,1.1,-9900,-9900,0.1,1.0
2017,2,24,14,60,1021.49,1393.36,22.22,0.20,22.07,10,12.9,10.4,85,1018.7,280,0.7,15,1,1.4,1.0
2017,2,24,15,60,853.37,1393.36,63.87,1.16,63.16,10,12.4,9.8,84,1019.4,290,1.1,-9900,-9900,2.3,1.0
2017,2,24,16,60,620.01,1393.36,36.01,0.79,35.66,10,12.4,9.9,85,1019.4,290,1.3,-9900,-9900,0.8,1.0
2017,2,24,17,60,337.32,1393.36,0.00,0.00,0.00,10,12.2,9.5,84,1019.6,190,1.6,10,1,4.7,1.0
2017,2,24,18,60,53.83,807.11,0.00,0.00,0.00,10,12.7,10.0,84,1019.3,70,1.1,-9900,-9900,0.3,1.0
2017,2,24,19,60,0.00,0.00,0.00,0.00,0.00,10,13.0,10.6,85,1019.9,10,0.7,-9900,-9900,1.6,1.0
2017,2,24,20,60,0.00,0.00,0.00,0.00,0.00,10,12.6,10.3,86,1019.9,200,0.5,7,1,2.1,1.0
2017,2,24,21,60,0.00,0.00,0.00,0.00,0.00,10,13.4,10.8,84,1019.9,50,1.8,8,1,1.1,1.0
2017,2,24,22,60,0.00,0.00,0.00,0.00,0.00,10,13.6,11.0,84,1020.2,40,1.7,-9900,-9900,1.0,1.0
2017,2,24,23,60,0.00,0.00,0.00,0.00,0.00,10,13.8,11.4,85,1020.2,0,0.0,-9900,-9900,1.1,1.0
2017,2,24,24,60,0.00,0.00,0.00,0.00,0.00,10,13.5,11.1,85,1019.5,110,1.7,-9900,-9900,1.3,1.0
2017,2,25,1,60,0.00,0.00,0.00,0.00,0.00,10,13.5,11.1,85,1018.8,50,2.2,-9900,-9900,1.0,1.0
2017,2,25,2,60,0.00,0.00,0.00,0.00,0.00,10,13.8,11.4,85,1018.3,50,1.7,-9900,-9900,0.0,1.0
2017,2,25,3,60,0.00,0.00,0.00,0.00,0.00,10,13.9,11.4,85,1017.2,60,2.5,-9900,-9900,0.5,1.0
2017,2,25,4,60,0.00,0.00,0.00,0.00,0.00,10,13.9,11.5,85,1017.2,70,2.4,-9900,-9900,0.0,1.0
2017,2,25,5,60,0.00,0.00,0.00,0.00,0.00,10,13.9,11.7,87,1017.3,60,0.9,-9900,-9900,0.5,1.0
2017,2,25,6,60,0.00,0.00,0.00,0.00,0.00,10,14.1,11.6,85,1017.1,60,2.1,-9900,-9900,0.5,1.0
2017,2,25,7,60,100.44,1104.43,0.00,0.00,0.00,10,14.1,11.7,85,1017.9,50,2.7,-9900,-9900,1.5,1.0
2017,2,25,8,60,401.58,1392.72,0.00,0.00,0.00,10,14.1,11.7,85,1018.1,70,1.8,5,3,4.0,1.0
2017,2,25,9,60,675.96,1392.72,30.89,0.56,30.62,10,14.2,11.8,85,1018.2,60,2.7,5,3,4.0,1.0
2017,2,25,10,60,897.43,1392.72,5.56,0.05,5.53,10,14.5,11.9,84,1017.8,60,2.6,-9900,-9900,2.0,1.0
2017,2,25,11,60,1050.93,1392.72,19.44,0.17,19.31,10,14.6,12.3,86,1017.7,50,1.8,5,0,4.0,1.0
2017,2,25,12,60,1125.98,1392.72,22.22,0.19,22.07,10,14.8,12.5,86,1016.6,30,1.9,-9900,-9900,1.0,1.0
2017,2,25,13,60,1117.48,1392.72,16.67,0.12,16.57,10,14.8,12.5,86,1016.2,40,0.9,-9900,-9900,2.5,1.0
2017,2,25,14,60,1025.99,1392.72,2.78,0.01,2.77,10,14.4,12.3,87,1014.8,30,0.3,5,0,4.0,1.0
2017,2,25,15,60,857.76,1392.72,47.22,0.73,46.77,10,14.6,12.4,87,1014.5,160,0.7,-9900,-9900,1.5,1.0
2017,2,25,16,60,624.24,1392.72,11.11,0.16,11.04,10,14.4,11.8,84,1014.5,50,2.7,-9900,-9900,3.0,1.0
2017,2,25,17,60,341.36,1392.72,0.00,0.00,0.00,10,14.2,11.6,84,1015.4,60,1.6,4,1,3.0,1.0
2017,2,25,18,60,56.09,823.13,0.00,0.00,0.00,10,14.2,11.6,84,1015.7,60,1.1,-9900,-9900,0.5,1.0
2017,2,25,19,60,0.00,0.00,0.00,0.00,0.00,10,14.0,11.4,84,1015.9,90,0.9,-9900,-9900,1.5,1.0
2017,2,25,20,60,0.00,0.00,0.00,0.00,0.00,10,13.9,11.4,85,1016.1,100,2.4,8,1,1.5,1.0
2017,2,25,21,60,0.00,0.00,0.00,0.00,0.00,10,14.3,11.7,84,1016.1,60,2.8,15,1,0.5,0.5
2017,2,25,22,60,0.00,0.00,0.00,0.00,0.00,10,14.3,11.9,85,1016.5,60,2.4,-9900,-9900,0.0,0.0
2017,2,25,23,60,0.00,0.00,0.00,0.00,0.00,10,14.5,12.1,86,1016.8,60,2.1,-9900,-9900,0.0,0.0
2017,2,25,24,60,0.00,0.00,0.00,0.00,0.00,10,14.5,12.1,86,1016.5,50,1.8,-9900,-9900,0.0,0.3
2017,2,26,1,60,0.00,0.00,0.00,0.00,0.00,10,14.4,12.1,86,1015.7,120,0.8,-9900,-9900,0.5,1.0
2017,2,26,2,60,0.00,0.00,0.00,0.00,0.00,10,14.3,12.1,87,1015.6,260,0.8,-9900,-9900,2.4,1.0
2017,2,26,3,60,0.00,0.00,0.00,0.00,0.00,10,14.0,11.8,87,1015.2,220,1.1,-9900,-9900,3.3,1.0
2017,2,26,4,60,0.00,0.00,0.00,0.00,0.00,10,14.2,12.0,87,1015.7,270,0.7,-9900,-9900,0.4,1.0
2017,2,26,5,60,0.00,0.00,0.00,0.00,0.00,10,13.6,11.4,87,1016.3,300,1.2,-9900,-9900,3.2,1.0
2017,2,26,6,60,0.00,0.00,0.00,0.00,0.00,10,12.6,10.3,86,1017.3,300,2.4,-9900,-9900,2.6,1.0
2017,2,26,7,60,103.55,1120.40,0.00,0.00,0.00,10,12.5,10.2,86,1018.5,350,0.8,-9900,-9900,0.6,1.0
2017,2,26,8,60,405.68,1392.08,0.00,0.00,0.00,10,12.2,9.8,85,1019.3,300,1.8,8,1,0.2,1.0
2017,2,26,9,60,680.23,1392.08,73.44,2.07,72.43,10,12.4,10.0,85,1020.5,290,1.6,3,1,0.4,1.0
2017,2,26,10,60,901.85,1392.08,33.33,0.42,33.06,10,12.3,9.9,85,1020.7,300,1.8,-9900,-9900,0.5,1.0
2017,2,26,11,60,1055.43,1392.08,158.33,3.59,155.61,10,13.0,10.5,85,1020.3,300,0.5,5,1,0.3,1.0
2017,2,26,12,60,1130.53,1392.08,136.11,2.48,134.10,10,13.0,10.5,85,1019.5,320,0.7,-9900,-9900,0.0,1.0
2017,2,26,13,60,1122.02,1392.08,80.56,1.08,79.69,10,12.8,10.4,85,1019.4,220,0.3,-9900,-9900,0.4,1.0
2017,2,26,14,60,1030.47,1392.08,152.10,3.49,149.52,10,12.6,10.4,86,1018.6,190,0.6,7,1,0.2,1.0
2017,2,26,15,60,862.14,1392.08,111.99,2.81,110.25,10,12.7,10.1,84,1018.3,80,0.8,-9900,-9900,0.5,1.0
2017,2,26,16,60,628.48,1392.08,63.60,1.86,62.76,10,12.9,9.9,82,1018.3,50,2.0,-9900,-9900,0.0,0.5
2017,2,26,17,60,345.42,1392.08,0.00,0.00,0.00,10,13.2,9.8,80,1018.9,60,1.2,10,1,0.0,0.0
2017,2,26,18,60,58.41,839.22,0.00,0.00,0.00,10,13.4,9.8,79,1019.4,70,0.9,-9900,-9900,0.0,0.0
2017,2,26,19,60,0.00,0.00,0.00,0.00,0.00,9,13.5,9.9,79,1019.9,40,0.9,-9900,-9900,0.0,0.0
2017,2,26,20,60,0.00,0.00,0.00,0.00,0.00,9,13.5,10.1,80,1020.5,150,0.9,15,1,0.0,0.0
2017,2,26,21,60,0.00,0.00,0.00,0.00,0.00,8,14.2,9.5,73,1020.6,50,2.6,15,1,0.0,0.0
2017,2,26,22,60,0.00,0.00,0.00,0.00,0.00,8,14.1,8.7,70,1021.0,50,2.9,-9900,-9900,0.0,0.0
2017,2,26,23,60,0.00,0.00,0.00,0.00,0.00,8,14.1,8.9,71,1020.9,80,1.6,-9900,-9900,0.0,0.0
2017,2,26,24,60,0.00,0.00,0.00,0.00,0.00,9,14.2,9.0,71,1020.5,80,1.1,-9900,-9900,0.0,0.0
2017,2,27,1,60,0.00,0.00,0.00,0.00,0.00,9,14.1,9.0,71,1020.1,120,1.9,-9900,-9900,0.0,0.0
2017,2,27,2,60,0.00,0.00,0.00,0.00,0.00,9,14.7,9.0,69,1019.6,60,2.3,-9900,-9900,0.0,0.0
2017,2,27,3,60,0.00,0.00,0.00,0.00,0.00,9,14.7,8.9,68,1018.9,70,1.9,-9900,-9900,0.0,0.0
2017,2,27,4,60,0.00,0.00,0.00,0.00,0.00,9,14.9,8.8,67,1018.9,60,2.7,-9900,-9900,0.0,0.0
2017,2,27,5,60,0.00,0.00,0.00,0.00,0.00,9,15.1,8.8,66,1019.1,60,2.3,-9900,-9900,0.0,0.0
2017,2,27,6,60,0.00,0.00,0.00,0.00,0.00,10,15.3,9.0,66,1019.7,60,2.4,-9900,-9900,0.0,0.0
2017,2,27,7,60,106.72,1136.43,0.00,0.00,0.00,10,15.4,8.9,65,1019.9,70,2.8,-9900,-9900,0.0,0.0
2017,2,27,8,60,409.78,1391.43,0.00,0.00,0.00,10,15.6,9.1,65,1020.5,90,2.8,10,1,0.0,0.0
2017,2,27,9,60,684.49,1391.43,5.56,0.06,5.53,10,15.8,9.3,65,1021.1,80,2.2,10,1,0.0,0.0
2017,2,27,10,60,906.23,1391.43,2.78,0.02,2.77,10,15.6,9.3,66,1021.0,70,2.0,-9900,-9900,0.0,0.0
2017,2,27,11,60,1059.91,1391.43,58.33,0.72,57.78,10,15.9,9.3,65,1021.0,90,2.1,10,1,0.0,0.0
2017,2,27,12,60,1135.06,1391.43,61.11,0.70,60.54,10,16.1,9.2,64,1020.1,60,2.5,-9900,-9900,0.0,0.0
2017,2,27,13,60,1126.54,1391.43,125.00,2.16,123.25,10,16.1,9.3,64,1019.3,80,3.1,-9900,-9900,0.0,0.0
2017,2,27,14,60,1034.95,1391.43,108.58,1.98,107.11,10,16.1,9.1,63,1019.2,50,4.1,10,1,0.0,0.0
2017,2,27,15,60,866.51,1391.43,25.00,0.29,24.82,10,15.8,8.9,64,1019.4,50,3.0,-9900,-9900,0.0,0.0
2017,2,27,16,60,632.71,1391.43,36.11,0.77,35.76,10,15.3,9.2,67,1019.9,70,2.9,-9900,-9900,0.0,0.0
2017,2,27,17,60,349.49,1391.43,0.00,0.00,0.00,10,15.0,9.4,69,1020.4,80,3.2,8,1,0.0,0.0
2017,2,27,18,60,60.79,855.38,0.00,0.00,0.00,10,14.9,9.3,69,1020.6,70,3.2,-9900,-9900,0.0,0.0
2017,2,27,19,60,0.00,0.00,0.00,0.00,0.00,10,14.6,9.5,71,1020.3,120,2.3,-9900,-9900,0.0,0.0
2017,2,27,20,60,0.00,0.00,0.00,0.00,0.00,10,14.7,9.3,70,1020.4,120,2.2,8,1,0.0,0.0
2017,2,27,21,60,0.00,0.00,0.00,0.00,0.00,10,15.2,9.0,66,1020.3,110,2.5,8,1,0.0,0.0
2017,2,27,22,60,0.00,0.00,0.00,0.00,0.00,10,15.4,8.8,65,1020.3,110,2.7,-9900,-9900,0.0,0.0
2017,2,27,23,60,0.00,0.00,0.00,0.00,0.00,10,15.4,8.8,65,1019.8,110,2.7,-9900,-9900,0.0,0.0
2017,2,27,24,60,0.00,0.00,0.00,0.00,0.00,10,15.7,9.0,64,1019.6,80,2.5,-9900,-9900,0.0,0.0
2017,2,28,1,60,0.00,0.00,0.00,0.00,0.00,10,15.7,9.3,66,1018.1,110,2.9,-9900,-9900,0.0,0.0
2017,2,28,2,60,0.00,0.00,0.00,0.00,0.00,10,16.1,9.6,65,1018.4,80,3.3,-9900,-9900,0.0,0.0
2017,2,28,3,60,0.00,0.00,0.00,0.00,0.00,10,16.1,9.9,67,1018.3,90,3.5,-9900,-9900,0.0,0.0
2017,2,28,4,60,0.00,0.00,0.00,0.00,0.00,10,15.7,10.3,70,1018.2,60,2.7,-9900,-9900,0.0,0.0
2017,2,28,5,60,0.00,0.00,0.00,0.00,0.00,10,14.6,10.8,78,1018.3,60,3.6,-9900,-9900,0.0,0.0
2017,2,28,6,60,0.00,0.00,0.00,0.00,0.00,10,14.3,10.8,79,1018.8,50,3.5,-9900,-9900,0.0,0.0
2017,2,28,7,60,109.96,1152.52,0.00,0.00,0.00,10,14.2,10.9,81,1019.4,60,3.7,-9900,-9900,0.0,0.0
2017,2,28,8,60,413.90,1390.78,0.00,0.00,0.00,10,14.0,10.8,81,1019.5,70,3.2,5,0,0.4,1.0
2017,2,28,9,60,688.75,1390.78,80.03,2.32,78.88,10,14.0,11.0,82,1019.7,50,2.8,8,0,0.0,1.0
2017,2,28,10,60,910.62,1390.78,13.89,0.14,13.80,10,14.2,11.2,82,1019.5,60,3.9,-9900,-9900,0.0,1.0
2017,2,28,11,60,1064.38,1390.78,22.22,0.20,22.07,10,14.3,11.1,81,1019.3,60,4.0,10,0,0.0,0.8
2017,2,28,12,60,1139.56,1390.78,191.49,4.34,187.93,10,14.5,11.0,79,1018.3,60,3.6,-9900,-9900,0.0,0.0
2017,2,28,13,60,1131.04,1390.78,189.16,4.32,185.65,10,14.8,10.8,77,1017.5,50,4.2,-9900,-9900,0.0,0.0
2017,2,28,14,60,1039.40,1390.78,164.41,3.92,161.48,10,14.2,10.4,78,1016.8,60,3.6,10,0,0.2,0.5
2017,2,28,15,60,870.87,1390.78,8.33,0.08,8.28,10,14.0,10.9,82,1015.9,60,3.0,-9900,-9900,0.2,1.0
2017,2,28,16,60,636.95,1390.78,69.44,2.10,68.48,10,14.0,10.8,81,1015.5,50,3.9,-9900,-9900,0.0,0.5
2017,2,28,17,60,353.57,1390.78,0.00,0.00,0.00,10,14.1,10.8,81,1015.2,60,3.7,12,0,0.0,0.5
2017,2,28,18,60,63.22,871.61,0.00,0.00,0.00,10,14.5,10.7,78,1015.4,50,4.8,-9900,-9900,0.0,0.0
2017,2,28,19,60,0.00,0.00,0.00,0.00,0.00,10,14.8,10.7,76,1015.7,60,3.2,-9900,-9900,0.0,0.0
2017,2,28,20,60,0.00,0.00,0.00,0.00,0.00,10,15.1,10.8,75,1015.6,60,3.0,16,0,0.0,0.0
2017,2,28,21,60,0.00,0.00,0.00,0.00,0.00,8,14.8,10.9,77,1015.8,50,3.8,16,1,0.0,0.0
2017,2,28,22,60,0.00,0.00,0.00,0.00,0.00,8,14.7,11.0,78,1015.6,50,4.8,-9900,-9900,0.0,0.0
2017,2,28,23,60,0.00,0.00,0.00,0.00,0.00,8,14.7,11.3,80,1015.4,50,4.3,-9900,-9900,0.0,0.0
2017,2,28,24,60,0.00,0.00,0.00,0.00,0.00,9,14.8,11.4,80,1015.4,50,2.9,-9900,-9900,0.0,0.0
2017,3,1,1,60,0.00,0.00,0.00,0.00,0.00,9,14.8,11.6,81,1015.3,70,1.4,-9900,-9900,0.0,0.0
2017,3,1,2,60,0.00,0.00,0.00,0.00,0.00,9,14.6,11.9,84,1015.3,50,1.1,-9900,-9900,0.0,0.0
2017,3,1,3,60,0.00,0.00,0.00,0.00,0.00,9,14.4,11.9,85,1015.5,0,0.0,-9900,-9900,0.0,0.0
2017,3,1,4,60,0.00,0.00,0.00,0.00,0.00,9,14.4,12.1,86,1015.7,190,1.5,-9900,-9900,1.4,0.8
2017,3,1,5,60,0.00,0.00,0.00,0.00,0.00,9,14.2,12.1,87,1016.2,190,0.9,-9900,-9900,0.2,1.0
2017,3,1,6,60,0.00,0.00,0.00,0.00,0.00,10,14.0,12.0,88,1016.3,150,1.2,-9900,-9900,0.7,0.3
2017,3,1,7,60,113.25,1168.66,0.00,0.00,0.00,10,14.2,12.2,88,1016.3,160,0.6,-9900,-9900,0.0,0.0
2017,3,1,8,60,418.01,1390.11,58.33,3.16,57.38,10,15.1,12.9,87,1016.2,0,0.0,7,1,0.0,0.0
2017,3,1,9,60,693.00,1390.11,125.00,4.91,122.55,10,15.6,12.8,83,1016.9,10,1.4,9,1,0.0,0.0
2017,3,1,10,60,914.98,1390.11,5.56,0.05,5.53,10,15.9,12.8,82,1016.8,320,0.6,-9900,-9900,0.0,0.0
2017,3,1,11,60,1068.83,1390.11,197.22,5.11,193.29,10,16.9,13.5,80,1016.3,160,1.2,9,1,0.0,0.0
2017,3,1,12,60,1144.05,1390.11,302.78,15.47,290.05,10,17.4,13.4,77,1015.7,150,1.5,-9900,-9900,0.0,0.0
2017,3,1,13,60,1135.52,1390.11,277.78,10.68,269.06,10,17.8,13.5,76,1014.5,170,1.1,-9900,-9900,0.0,0.0
2017,3,1,14,60,1043.83,1390.11,494.44,209.36,337.23,10,19.7,13.0,65,1013.5,290,1.0,13,1,0.0,0.0
2017,3,1,15,60,875.21,1390.11,344.44,100.84,280.95,10,19.1,10.8,59,1013.1,270,0.9,-9900,-9900,0.0,0.0
2017,3,1,16,60,641.17,1390.11,166.67,14.18,160.13,10,18.5,9.2,55,1013.3,320,1.1,-9900,-9900,0.0,0.0
2017,3,1,17,60,357.65,1390.11,36.11,0.00,36.11,10,18.3,8.8,54,1013.6,290,0.3,13,1,0.0,0.0
2017,3,1,18,60,65.71,887.88,0.00,0.00,0.00,10,17.8,8.0,53,1013.8,0,0.0,-9900,-9900,0.0,0.0
2017,3,1,19,60,0.00,0.00,0.00,0.00,0.00,9,17.9,9.4,58,1014.3,10,1.6,-9900,-9900,0.0,0.0
2017,3,1,20,60,0.00,0.00,0.00,0.00,0.00,9,17.5,11.0,66,1014.6,130,1.3,12,1,0.0,0.0
2017,3,1,21,60,0.00,0.00,0.00,0.00,0.00,9,16.9,11.1,69,1014.7,90,0.6,12,1,0.0,0.0
2017,3,1,22,60,0.00,0.00,0.00,0.00,0.00,9,16.8,11.4,70,1015.2,160,0.6,-9900,-9900,0.0,0.0
2017,3,1,23,60,0.00,0.00,0.00,0.00,0.00,9,16.2,11.5,74,1015.5,170,0.9,-9900,-9900,0.0,0.0
2017,3,1,24,60,0.00,0.00,0.00,0.00,0.00,9,16.0,11.1,73,1015.6,140,1.0,-9900,-9900,0.0,0.0
2017,3,2,1,60,0.00,0.00,0.00,0.00,0.00,9,15.3,10.6,74,1015.4,140,0.5,-9900,-9900,0.0,0.0
2017,3,2,2,60,0.00,0.00,0.00,0.00,0.00,9,14.6,10.3,75,1015.7,40,1.5,-9900,-9900,0.0,0.0
2017,3,2,3,60,0.00,0.00,0.00,0.00,0.00,9,14.2,9.6,74,1015.5,100,1.0,-9900,-9900,0.0,0.0
2017,3,2,4,60,0.00,0.00,0.00,0.00,0.00,9,13.9,8.8,71,1015.1,140,1.4,-9900,-9900,0.0,0.0
2017,3,2,5,60,0.00,0.00,0.00,0.00,0.00,9,13.5,8.7,73,1015.5,120,0.4,-9900,-9900,0.0,0.0
2017,3,2,6,60,0.00,0.00,0.00,0.00,0.00,9,13.8,9.0,73,1016.2,110,1.3,-9900,-9900,0.0,0.0
2017,3,2,7,60,116.60,1184.86,0.00,0.00,0.00,9,15.8,8.9,64,1017.4,50,2.9,-9900,-9900,0.0,0.0
2017,3,2,8,60,422.13,1389.44,97.22,8.33,94.69,9,16.0,8.5,61,1018.3,40,2.4,10,1,0.0,0.0
2017,3,2,9,60,697.25,1389.44,166.67,9.66,161.82,9,16.3,8.2,59,1018.5,50,2.9,12,1,0.0,0.0
2017,3,2,10,60,919.33,1389.44,166.67,4.96,163.39,10,16.1,8.0,59,1018.7,30,3.6,-9900,-9900,0.0,0.0
2017,3,2,11,60,1073.25,1389.44,166.67,3.79,163.74,10,15.6,7.3,58,1018.7,50,5.7,11,1,0.0,0.0
2017,3,2,12,60,1148.50,1389.44,166.67,3.38,163.88,10,15.1,7.1,59,1018.5,60,4.2,-9900,-9900,0.0,0.0
2017,3,2,13,60,1139.97,1389.44,166.67,3.42,163.86,10,14.9,6.3,56,1018.1,50,4.3,-9900,-9900,0.0,0.0
2017,3,2,14,60,1048.24,1389.44,166.67,3.95,163.69,10,14.8,5.6,54,1017.6,50,5.6,15,1,0.0,0.0
2017,3,2,15,60,879.54,1389.44,172.22,5.67,168.63,10,14.9,5.4,53,1017.3,40,4.9,-9900,-9900,0.0,0.0
2017,3,2,16,60,645.39,1389.44,169.44,14.88,162.53,9,14.9,5.9,55,1017.2,40,3.1,-9900,-9900,0.0,0.0
2017,3,2,17,60,361.75,1389.44,161.11,165.89,117.92,7,14.4,5.0,53,1017.3,20,3.5,18,1,0.0,0.0
2017,3,2,18,60,68.26,904.21,0.00,0.00,0.00,6,13.7,4.3,53,1018.0,50,4.1,-9900,-9900,0.0,0.0
2017,3,2,19,60,0.00,0.00,0.00,0.00,0.00,6,13.4,5.1,57,1018.4,50,5.2,-9900,-9900,0.0,0.0
2017,3,2,20,60,0.00,0.00,0.00,0.00,0.00,5,13.4,5.8,60,1018.8,50,4.9,12,-9900,0.0,0.0
2017,3,2,21,60,0.00,0.00,0.00,0.00,0.00,3,13.2,5.3,59,1018.7,50,4.3,12,-9900,0.0,0.0
2017,3,2,22,60,0.00,0.00,0.00,0.00,0.00,4,13.1,5.3,59,1018.5,50,4.7,-9900,-9900,0.0,0.0
2017,3,2,23,60,0.00,0.00,0.00,0.00,0.00,4,13.1,5.7,61,1018.2,70,3.3,-9900,-9900,0.0,0.0
2017,3,2,24,60,0.00,0.00,0.00,0.00,0.00,5,13.4,6.0,61,1017.5,70,3.9,-9900,-9900,0.0,0.0
2017,3,3,1,60,0.00,0.00,0.00,0.00,0.00,5,13.7,6.0,60,1016.9,70,3.3,-9900,-9900,0.0,0.0
2017,3,3,2,60,0.00,0.00,0.00,0.00,0.00,6,14.0,6.3,60,1016.4,70,3.5,-9900,-9900,0.0,0.0
2017,3,3,3,60,0.00,0.00,0.00,0.00,0.00,6,14.1,6.1,59,1016.0,70,4.0,-9900,-9900,0.0,0.0
2017,3,3,4,60,0.00,0.00,0.00,0.00,0.00,7,14.2,6.6,60,1015.6,80,3.9,-9900,-9900,0.0,0.0
2017,3,3,5,60,0.00,0.00,0.00,0.00,0.00,7,14.3,6.9,61,1015.5,60,3.2,-9900,-9900,0.0,0.0
2017,3,3,6,60,0.00,0.00,0.00,0.00,0.00,8,14.4,6.9,61,1015.5,50,4.8,-9900,-9900,0.0,0.0
2017,3,3,7,60,120.01,1201.11,0.00,0.00,0.00,8,14.7,7.3,61,1015.8,60,3.4,-9900,-9900,0.0,0.0
2017,3,3,8,60,426.26,1388.77,88.89,6.35,86.94,9,15.5,8.4,63,1015.8,60,3.1,25,1,0.0,0.0
2017,3,3,9,60,701.49,1388.77,183.33,14.53,175.99,9,16.4,9.2,62,1015.6,50,4.4,25,1,0.0,0.0
2017,3,3,10,60,923.66,1388.77,544.44,438.43,252.84,6,18.2,10.5,61,1015.4,40,4.8,-9900,-9900,0.0,0.0
2017,3,3,11,60,1077.64,1388.77,727.78,648.70,224.41,3,20.0,11.2,57,1014.6,50,4.1,20,-9900,0.0,0.0
2017,3,3,12,60,1152.93,1388.77,797.22,690.12,224.30,7,19.6,11.4,59,1013.8,50,5.0,-9900,-9900,0.0,0.0
2017,3,3,13,60,1144.39,1388.77,663.89,417.28,320.04,7,19.9,11.4,58,1013.2,50,4.2,-9900,-9900,0.0,0.0
2017,3,3,14,60,1052.62,1388.77,361.11,54.95,319.46,10,18.7,11.0,61,1012.9,40,3.3,22,1,0.0,0.0
2017,3,3,15,60,883.86,1388.77,155.56,4.71,152.56,10,18.8,11.1,61,1012.4,50,4.0,-9900,-9900,0.0,0.0
2017,3,3,16,60,649.61,1388.77,166.67,13.30,160.45,10,18.5,10.9,61,1012.2,40,3.8,-9900,-9900,0.0,0.0
2017,3,3,17,60,365.84,1388.77,113.89,34.62,104.77,7,18.2,10.7,62,1012.2,50,4.3,25,1,0.0,0.0
2017,3,3,18,60,70.87,920.60,0.00,0.00,0.00,8,17.9,10.7,63,1012.1,50,2.8,-9900,-9900,0.0,0.0
2017,3,3,19,60,0.00,0.00,0.00,0.00,0.00,8,17.7,10.7,64,1012.1,40,3.0,-9900,-9900,0.0,0.0
2017,3,3,20,60,0.00,0.00,0.00,0.00,0.00,9,17.7,11.0,65,1012.5,60,2.7,25,1,0.0,0.0
2017,3,3,21,60,0.00,0.00,0.00,0.00,0.00,8,17.8,11.0,64,1012.7,50,2.0,25,1,0.0,0.0
2017,3,3,22,60,0.00,0.00,0.00,0.00,0.00,8,17.6,11.0,65,1012.7,50,1.7,-9900,-9900,0.0,0.0
2017,3,3,23,60,0.00,0.00,0.00,0.00,0.00,8,17.5,11.3,67,1012.6,90,0.9,-9900,-9900,0.0,0.0
2017,3,3,24,60,0.00,0.00,0.00,0.00,0.00,8,17.3,11.4,68,1012.3,140,0.3,-9900,-9900,0.0,0.0
2017,3,4,1,60,0.00,0.00,0.00,0.00,0.00,8,17.1,11.4,69,1011.8,0,0.0,-9900,-9900,0.0,0.0
2017,3,4,2,60,0.00,0.00,0.00,0.00,0.00,8,17.2,11.3,68,1011.6,0,0.0,-9900,-9900,0.0,0.0
2017,3,4,3,60,0.00,0.00,0.00,0.00,0.00,9,16.9,11.3,70,1011.6,190,0.8,-9900,-9900,0.0,0.0
2017,3,4,4,60,0.00,0.00,0.00,0.00,0.00,9,16.1,11.8,76,1011.8,200,0.3,-9900,-9900,0.0,0.7
2017,3,4,5,60,0.00,0.00,0.00,0.00,0.00,9,15.9,12.2,79,1012.2,300,0.4,-9900,-9900,0.0,1.0
2017,3,4,6,60,0.00,0.00,0.00,0.00,0.00,9,15.8,12.5,81,1012.7,10,0.5,-9900,-9900,0.0,1.0
2017,3,4,7,60,123.49,1217.39,0.00,0.00,0.00,9,15.9,12.8,82,1012.8,190,0.3,-9900,-9900,0.0,0.5
2017,3,4,8,60,430.38,1388.08,38.89,1.55,38.41,9,16.7,12.9,78,1012.8,120,0.3,20,2,0.0,0.0
2017,3,4,9,60,705.71,1388.08,188.89,16.33,180.59,7,17.6,13.3,76,1012.7,100,0.3,18,2,0.0,0.0
2017,3,4,10,60,927.97,1388.08,250.00,16.87,238.72,10,18.7,13.4,71,1012.7,230,0.3,-9900,-9900,0.0,0.0
2017,3,4,11,60,1082.00,1388.08,205.56,5.38,201.37,9,19.8,13.8,68,1012.2,190,1.3,12,2,0.0,0.0
2017,3,4,12,60,1157.32,1388.08,444.44,90.75,368.78,9,21.3,14.9,67,1011.3,340,0.9,-9900,-9900,0.0,0.0
2017,3,4,13,60,1148.78,1388.08,333.33,24.44,313.10,10,20.0,14.5,71,1010.7,320,0.6,-9900,-9900,0.0,0.0
2017,3,4,14,60,1056.97,1388.08,377.78,66.21,327.36,9,21.7,15.5,68,1009.8,350,0.5,10,2,0.0,0.0
2017,3,4,15,60,888.15,1388.08,202.78,8.06,197.62,9,20.4,14.4,68,1009.7,280,0.4,-9900,-9900,0.0,0.0
2017,3,4,16,60,653.81,1388.08,219.44,49.62,196.07,9,20.9,14.5,67,1009.8,350,0.6,-9900,-9900,0.0,0.0
2017,3,4,17,60,369.94,1388.08,163.89,162.39,120.61,4,20.4,13.8,66,1009.7,0,0.0,10,-9900,0.0,0.0
2017,3,4,18,60,73.54,937.02,0.00,0.00,0.00,4,19.5,13.8,70,1010.1,350,1.1,-9900,-9900,0.0,0.0
2017,3,4,19,60,0.00,0.00,0.00,0.00,0.00,5,19.0,14.0,73,1010.2,50,1.6,-9900,-9900,0.0,0.0
2017,3,4,20,60,0.00,0.00,0.00,0.00,0.00,5,18.3,14.0,76,1010.8,20,1.3,12,-9900,0.0,0.0
2017,3,4,21,60,0.00,0.00,0.00,0.00,0.00,5,18.4,14.1,76,1011.0,60,0.9,12,-9900,0.0,0.0
2017,3,4,22,60,0.00,0.00,0.00,0.00,0.00,5,17.8,13.8,77,1010.8,30,0.8,-9900,-9900,0.0,0.0
2017,3,4,23,60,0.00,0.00,0.00,0.00,0.00,5,17.3,13.5,78,1010.6,60,0.9,-9900,-9900,0.0,0.0
2017,3,4,24,60,0.00,0.00,0.00,0.00,0.00,5,17.2,13.5,79,1010.3,90,1.1,-9900,-9900,0.0,0.0
2017,3,5,1,60,0.00,0.00,0.00,0.00,0.00,5,16.8,13.4,80,1010.1,0,0.0,-9900,-9900,0.0,0.0
2017,3,5,2,60,0.00,0.00,0.00,0.00,0.00,5,16.9,13.2,79,1009.8,220,0.8,-9900,-9900,0.0,0.0
2017,3,5,3,60,0.00,0.00,0.00,0.00,0.00,6,16.1,12.9,81,1009.6,0,0.0,-9900,-9900,0.0,0.0
2017,3,5,4,60,0.00,0.00,0.00,0.00,0.00,6,15.8,12.6,81,1009.2,0,0.0,-9900,-9900,0.0,0.0
2017,3,5,5,60,0.00,0.00,0.00,0.00,0.00,6,15.9,12.6,81,1009.7,230,1.2,-9900,-9900,0.0,0.0
2017,3,5,6,60,0.00,0.00,0.00,0.00,0.00,6,15.8,12.5,81,1010.3,200,0.8,-9900,-9900,0.0,0.0
2017,3,5,7,60,127.01,1233.71,0.00,0.00,0.00,6,16.4,12.7,79,1010.1,120,1.2,-9900,-9900,0.0,0.0
2017,3,5,8,60,434.50,1387.39,75.00,4.53,73.58,6,17.3,13.2,77,1010.8,180,0.3,12,-9900,0.0,0.0
2017,3,5,9,60,709.92,1387.39,313.89,161.07,231.47,5,19.3,14.5,74,1010.8,180,0.6,12,-9900,0.0,0.0
2017,3,5,10,60,932.25,1387.39,477.78,276.93,291.70,5,21.8,15.4,67,1010.6,0,0.0,-9900,-9900,0.0,0.0
2017,3,5,11,60,1086.33,1387.39,552.78,270.13,341.27,5,24.4,16.6,62,1010.0,330,1.3,10,-9900,0.0,0.0
2017,3,5,12,60,1161.67,1387.39,675.00,418.96,324.20,6,25.2,16.9,60,1009.0,240,0.8,-9900,-9900,0.0,0.0
2017,3,5,13,60,1153.13,1387.39,600.00,291.78,357.49,5,25.6,17.1,59,1007.8,210,1.2,-9900,-9900,0.0,0.0
2017,3,5,14,60,1061.29,1387.39,391.67,76.32,333.29,7,25.3,17.7,63,1007.0,310,1.0,8,1,0.0,0.0
2017,3,5,15,60,892.41,1387.39,316.67,64.07,275.46,9,24.5,17.1,63,1007.0,300,2.0,-9900,-9900,0.0,0.0
2017,3,5,16,60,658.00,1387.39,191.67,24.90,179.86,9,23.4,16.2,64,1007.0,300,0.5,-9900,-9900,0.0,0.0
2017,3,5,17,60,374.05,1387.39,150.00,108.86,120.65,9,22.9,15.7,64,1007.1,330,1.7,10,0,0.0,0.0
2017,3,5,18,60,76.26,953.48,0.00,0.00,0.00,8,22.4,15.8,66,1007.0,360,0.5,-9900,-9900,0.0,0.0
2017,3,5,19,60,0.00,0.00,0.00,0.00,0.00,8,22.0,15.7,67,1006.8,70,1.2,-9900,-9900,0.0,0.0
2017,3,5,20,60,0.00,0.00,0.00,0.00,0.00,7,21.1,15.8,72,1007.1,20,1.0,10,1,0.0,0.0
2017,3,5,21,60,0.00,0.00,0.00,0.00,0.00,9,21.2,16.1,73,1007.7,80,1.0,10,0,0.0,0.0
2017,3,5,22,60,0.00,0.00,0.00,0.00,0.00,9,20.6,16.0,75,1007.4,70,1.4,-9900,-9900,0.0,0.0
2017,3,5,23,60,0.00,0.00,0.00,0.00,0.00,9,20.1,15.7,76,1007.3,50,1.4,-9900,-9900,0.0,0.0
2017,3,5,24,60,0.00,0.00,0.00,0.00,0.00,9,20.0,15.6,76,1007.1,60,0.6,-9900,-9900,0.0,0.0
2017,3,6,1,60,0.00,0.00,0.00,0.00,0.00,9,19.9,16.0,78,1006.9,0,0.0,-9900,-9900,0.2,0.1
2017,3,6,2,60,0.00,0.00,0.00,0.00,0.00,9,17.7,14.9,84,1007.1,290,1.3,-9900,-9900,7.7,0.9
2017,3,6,3,60,0.00,0.00,0.00,0.00,0.00,10,17.2,14.4,84,1007.4,90,1.6,-9900,-9900,0.1,1.0
2017,3,6,4,60,0.00,0.00,0.00,0.00,0.00,10,16.1,13.2,83,1008.4,50,2.4,-9900,-9900,5.2,1.0
2017,3,6,5,60,0.00,0.00,0.00,0.00,0.00,10,16.4,13.7,84,1010.3,160,2.6,-9900,-9900,2.9,1.0
2017,3,6,6,60,0.00,0.00,0.00,0.00,0.00,10,16.3,13.7,85,1011.4,150,1.3,-9900,-9900,3.8,1.0
2017,3,6,7,60,130.60,1250.08,0.00,0.00,0.00,10,15.4,12.9,85,1012.2,300,0.4,-9900,-9900,4.3,1.0
2017,3,6,8,60,438.62,1386.70,0.00,0.00,0.00,10,15.6,13.0,85,1013.1,250,0.6,8,1,1.6,1.0
2017,3,6,9,60,714.12,1386.70,15.71,0.21,15.60,10,15.7,12.9,83,1013.8,200,0.6,8,1,0.0,0.3
2017,3,6,10,60,936.51,1386.70,25.33,0.27,25.15,10,15.7,13.0,84,1013.8,360,0.3,-9900,-9900,0.0,0.0
2017,3,6,11,60,1090.64,1386.70,27.78,0.25,27.58,10,16.1,12.1,77,1013.2,10,2.8,13,1,0.0,0.0
2017,3,6,12,60,1166.00,1386.70,13.89,0.10,13.81,10,15.8,11.7,77,1012.8,30,4.3,-9900,-9900,0.0,0.0
2017,3,6,13,60,1157.46,1386.70,36.11,0.32,35.84,10,15.8,11.1,74,1012.7,10,1.4,-9900,-9900,0.0,0.0
2017,3,6,14,60,1065.59,1386.70,31.51,0.30,31.28,10,15.7,10.9,73,1012.2,330,0.8,13,1,0.0,0.0
2017,3,6,15,60,896.66,1386.70,23.50,0.26,23.33,10,15.9,10.8,72,1012.2,360,0.9,-9900,-9900,0.0,0.0
2017,3,6,16,60,662.19,1386.70,13.71,0.19,13.62,10,15.5,10.5,72,1012.3,10,2.2,-9900,-9900,0.0,0.0
2017,3,6,17,60,378.15,1386.70,0.00,0.00,0.00,10,15.4,10.8,74,1012.7,80,1.4,10,1,0.0,0.0
2017,3,6,18,60,79.03,969.99,0.00,0.00,0.00,10,15.4,10.9,75,1012.8,100,2.0,-9900,-9900,0.0,0.0
2017,3,6,19,60,0.00,0.00,0.00,0.00,0.00,10,15.7,10.3,70,1013.4,40,1.9,-9900,-9900,0.0,0.0
2017,3,6,20,60,0.00,0.00,0.00,0.00,0.00,10,15.9,10.0,68,1014.0,40,1.5,8,1,0.0,0.0
2017,3,6,21,60,0.00,0.00,0.00,0.00,0.00,10,15.7,9.8,68,1014.2,50,2.9,8,1,0.0,0.0
2017,3,6,22,60,0.00,0.00,0.00,0.00,0.00,10,15.5,9.4,67,1014.4,50,3.0,-9900,-9900,0.0,0.0
2017,3,6,23,60,0.00,0.00,0.00,0.00,0.00,10,15.3,9.0,66,1014.4,50,3.9,-9900,-9900,0.0,0.0
2017,3,6,24,60,0.00,0.00,0.00,0.00,0.00,10,15.0,8.8,66,1014.1,50,4.0,-9900,-9900,0.0,0.0
2017,3,7,1,60,0.00,0.00,0.00,0.00,0.00,10,14.5,8.6,68,1014.1,50,4.1,-9900,-9900,0.0,0.0
2017,3,7,2,60,0.00,0.00,0.00,0.00,0.00,10,14.6,8.7,68,1014.5,50,3.2,-9900,-9900,0.0,0.0
2017,3,7,3,60,0.00,0.00,0.00,0.00,0.00,10,14.7,7.7,63,1014.2,50,3.6,-9900,-9900,0.0,0.0
2017,3,7,4,60,0.00,0.00,0.00,0.00,0.00,10,14.6,7.1,61,1014.3,50,3.5,-9900,-9900,0.0,0.0
2017,3,7,5,60,0.00,0.00,0.00,0.00,0.00,10,14.5,6.8,60,1014.6,60,4.6,-9900,-9900,0.0,0.0
2017,3,7,6,60,0.00,0.00,0.00,0.00,0.00,10,14.6,7.1,61,1014.9,70,3.2,-9900,-9900,0.0,0.0
2017,3,7,7,60,134.25,1266.47,0.00,0.00,0.00,10,14.8,7.6,62,1015.4,50,3.0,-9900,-9900,0.0,0.0
2017,3,7,8,60,442.73,1386.00,0.00,0.00,0.00,10,15.1,7.7,61,1015.5,60,2.6,15,3,0.0,0.0
2017,3,7,9,60,718.29,1386.00,58.33,1.31,57.65,10,15.5,7.6,59,1016.3,40,3.9,15,3,0.0,0.0
2017,3,7,10,60,940.73,1386.00,47.22,0.63,46.79,10,15.6,7.8,60,1016.1,40,4.3,-9900,-9900,0.0,0.0
2017,3,7,11,60,1094.90,1386.00,75.00,1.00,74.21,10,15.6,8.0,61,1015.8,40,2.4,12,3,0.0,0.0
2017,3,7,12,60,1170.28,1386.00,41.67,0.39,41.34,10,15.6,7.7,59,1015.0,50,2.9,-9900,-9900,0.0,1.0
2017,3,7,13,60,1161.73,1386.00,69.44,0.81,68.76,10,14.6,7.8,64,1014.7,50,3.7,-9900,-9900,0.0,1.0
2017,3,7,14,60,1069.85,1386.00,2.78,0.01,2.77,10,14.7,8.4,66,1014.2,50,2.5,12,3,0.0,1.0
2017,3,7,15,60,900.89,1386.00,5.56,0.05,5.53,10,14.3,8.1,66,1013.8,40,2.2,-9900,-9900,0.1,1.0
2017,3,7,16,60,666.35,1386.00,50.94,1.19,50.37,10,13.1,8.8,75,1014.4,90,1.9,-9900,-9900,1.2,1.0
2017,3,7,17,60,382.24,1386.00,0.00,0.00,0.00,10,13.2,9.4,78,1014.1,60,2.6,12,4,0.3,0.3
2017,3,7,18,60,81.87,986.53,0.00,0.00,0.00,10,12.7,9.0,78,1014.9,70,1.8,-9900,-9900,1.3,1.0
2017,3,7,19,60,0.00,0.00,0.00,0.00,0.00,10,12.1,9.0,81,1015.5,100,2.7,-9900,-9900,4.5,1.0
2017,3,7,20,60,0.00,0.00,0.00,0.00,0.00,10,12.2,8.9,80,1016.0,70,3.2,6,5,0.5,1.0
2017,3,7,21,60,0.00,0.00,0.00,0.00,0.00,10,12.3,9.1,81,1016.3,60,1.9,10,5,0.7,1.0
2017,3,7,22,60,0.00,0.00,0.00,0.00,0.00,10,12.8,9.7,81,1016.4,70,2.6,-9900,-9900,0.0,0.1
2017,3,7,23,60,0.00,0.00,0.00,0.00,0.00,10,12.4,9.4,82,1015.8,110,3.0,-9900,-9900,1.0,0.8
2017,3,7,24,60,0.00,0.00,0.00,0.00,0.00,10,12.7,9.9,83,1015.4,50,1.8,-9900,-9900,0.0,0.8
2017,3,8,1,60,0.00,0.00,0.00,0.00,0.00,10,12.9,10.2,84,1015.4,40,1.5,-9900,-9900,0.0,0.0
2017,3,8,2,60,0.00,0.00,0.00,0.00,0.00,10,13.1,10.2,83,1015.3,80,0.8,-9900,-9900,0.0,0.0
2017,3,8,3,60,0.00,0.00,0.00,0.00,0.00,10,13.3,10.0,80,1014.7,100,1.4,-9900,-9900,0.0,0.0
2017,3,8,4,60,0.00,0.00,0.00,0.00,0.00,10,13.5,10.0,79,1014.6,100,0.8,-9900,-9900,0.0,0.0
2017,3,8,5,60,0.00,0.00,0.00,0.00,0.00,10,13.7,9.9,78,1015.2,120,1.1,-9900,-9900,0.0,0.0
2017,3,8,6,60,0.00,0.00,0.00,0.00,0.00,10,13.3,9.8,79,1015.3,130,2.5,-9900,-9900,0.5,0.6
2017,3,8,7,60,137.94,1282.89,0.00,0.00,0.00,10,13.6,10.4,81,1015.6,90,1.4,-9900,-9900,0.0,0.3
2017,3,8,8,60,446.84,1385.29,0.00,0.00,0.00,10,14.4,10.5,77,1015.8,90,2.0,7,3,0.0,0.0
2017,3,8,9,60,722.45,1385.29,5.56,0.06,5.53,10,15.1,10.7,75,1016.1,110,1.4,13,3,0.0,0.3
2017,3,8,10,60,944.93,1385.29,27.78,0.31,27.57,10,14.5,10.3,76,1016.7,120,1.6,-9900,-9900,0.5,1.0
2017,3,8,11,60,1099.12,1385.29,63.49,0.77,62.88,10,14.3,10.6,78,1016.5,90,1.5,9,1,0.0,1.0
2017,3,8,12,60,1174.51,1385.29,70.77,0.83,70.07,10,14.4,10.5,77,1016.1,120,1.5,-9900,-9900,0.5,1.0
2017,3,8,13,60,1165.96,1385.29,38.89,0.36,38.59,10,14.4,11.0,80,1015.2,130,2.3,-9900,-9900,0.0,1.0
2017,3,8,14,60,1074.06,1385.29,61.11,0.76,60.52,10,14.4,10.9,79,1014.6,130,2.1,12,1,0.0,0.2
2017,3,8,15,60,905.07,1385.29,13.89,0.14,13.80,10,14.5,11.2,81,1014.2,130,2.3,-9900,-9900,0.5,0.2
2017,3,8,16,60,670.50,1385.29,26.84,0.45,26.62,10,14.4,10.6,78,1014.2,100,2.1,-9900,-9900,0.0,0.0
2017,3,8,17,60,386.34,1385.29,0.00,0.00,0.00,10,14.9,9.9,72,1014.6,120,2.1,18,1,0.0,0.0
2017,3,8,18,60,84.76,1003.09,0.00,0.00,0.00,10,14.5,9.8,73,1015.6,90,2.5,-9900,-9900,0.0,0.0
2017,3,8,19,60,0.00,0.00,0.00,0.00,0.00,10,13.4,10.0,80,1016.2,90,2.9,-9900,-9900,0.0,0.6
2017,3,8,20,60,0.00,0.00,0.00,0.00,0.00,10,13.6,10.5,82,1016.7,90,3.0,12,1,0.0,0.3
2017,3,8,21,60,0.00,0.00,0.00,0.00,0.00,10,13.7,10.7,82,1016.6,130,2.2,12,1,0.0,0.0
2017,3,8,22,60,0.00,0.00,0.00,0.00,0.00,10,14.0,10.6,80,1016.3,120,2.1,-9900,-9900,0.0,0.0
2017,3,8,23,60,0.00,0.00,0.00,0.00,0.00,10,14.5,10.5,77,1016.3,100,2.4,-9900,-9900,0.0,0.0
2017,3,8,24,60,0.00,0.00,0.00,0.00,0.00,10,14.5,10.5,77,1015.7,110,2.9,-9900,-9900,0.0,0.0
2017,3,9,1,60,0.00,0.00,0.00,0.00,0.00,10,15.2,10.3,73,1015.3,80,3.3,-9900,-9900,0.0,0.0
2017,3,9,2,60,0.00,0.00,0.00,0.00,0.00,10,15.3,10.3,72,1014.8,90,2.6,-9900,-9900,0.0,0.0
2017,3,9,3,60,0.00,0.00,0.00,0.00,0.00,10,15.5,10.1,70,1014.6,70,2.5,-9900,-9900,0.0,0.0
2017,3,9,4,60,0.00,0.00,0.00,0.00,0.00,10,16.0,10.1,68,1014.4,60,3.8,-9900,-9900,0.0,0.0
2017,3,9,5,60,0.00,0.00,0.00,0.00,0.00,10,15.8,10.3,70,1014.6,70,3.6,-9900,-9900,0.0,0.0
2017,3,9,6,60,0.00,0.00,0.00,0.00,0.00,10,15.4,10.6,73,1014.7,50,4.9,-9900,-9900,0.0,0.0
2017,3,9,7,60,141.69,1299.34,0.00,0.00,0.00,10,15.7,10.8,73,1015.4,50,4.6,-9900,-9900,0.0,0.0
2017,3,9,8,60,450.93,1384.58,0.00,0.00,0.00,10,16.1,10.8,71,1015.3,50,3.9,12,0,0.0,0.0
2017,3,9,9,60,726.58,1384.58,41.67,0.76,41.27,10,16.8,11.0,69,1014.8,60,4.6,12,1,0.0,0.0
2017,3,9,10,60,949.09,1384.58,58.33,0.85,57.75,10,17.1,11.5,70,1014.7,60,3.8,-9900,-9900,0.0,0.0
2017,3,9,11,60,1103.31,1384.58,161.11,3.40,158.40,10,17.3,11.7,70,1014.5,50,5.1,12,1,0.0,0.0
2017,3,9,12,60,1178.71,1384.58,58.33,0.62,57.80,10,17.2,11.6,70,1014.4,50,4.0,-9900,-9900,0.0,0.0
2017,3,9,13,60,1170.16,1384.58,8.33,0.06,8.28,10,16.8,12.0,73,1013.6,50,4.6,-9900,-9900,0.0,0.0
2017,3,9,14,60,1078.24,1384.58,36.11,0.36,35.83,10,16.2,11.9,76,1013.1,50,6.0,10,1,0.0,0.5
2017,3,9,15,60,909.23,1384.58,116.67,2.74,114.87,10,15.3,11.8,80,1013.0,50,4.9,-9900,-9900,0.0,1.0
2017,3,9,16,60,674.62,1384.58,68.75,1.87,67.84,10,15.6,12.2,80,1012.6,50,4.1,-9900,-9900,0.1,1.0
2017,3,9,17,60,390.42,1384.58,0.00,0.00,0.00,10,15.4,12.0,80,1012.6,60,4.3,12,1,0.2,1.0
2017,3,9,18,60,87.70,1019.68,0.00,0.00,0.00,10,15.0,12.0,82,1012.9,50,4.9,-9900,-9900,0.2,1.0
2017,3,9,19,60,0.00,0.00,0.00,0.00,0.00,10,15.5,12.4,82,1013.4,50,4.5,-9900,-9900,0.0,1.0
2017,3,9,20,60,0.00,0.00,0.00,0.00,0.00,10,15.7,12.4,81,1013.8,50,5.1,10,0,0.0,1.0
2017,3,9,21,60,0.00,0.00,0.00,0.00,0.00,10,15.2,12.4,83,1013.8,60,4.0,10,0,0.8,1.0
2017,3,9,22,60,0.00,0.00,0.00,0.00,0.00,10,15.6,12.9,84,1013.5,50,4.7,-9900,-9900,0.0,0.8
2017,3,9,23,60,0.00,0.00,0.00,0.00,0.00,10,16.4,13.2,81,1013.5,50,4.7,-9900,-9900,0.0,0.0
2017,3,9,24,60,0.00,0.00,0.00,0.00,0.00,10,16.8,13.5,81,1012.1,50,5.0,-9900,-9900,0.0,0.0
2017,3,10,1,60,0.00,0.00,0.00,0.00,0.00,10,17.0,13.7,81,1011.4,50,4.8,-9900,-9900,0.0,0.8
2017,3,10,2,60,0.00,0.00,0.00,0.00,0.00,10,16.7,13.7,82,1010.6,50,4.0,-9900,-9900,0.5,1.0
2017,3,10,3,60,0.00,0.00,0.00,0.00,0.00,10,17.0,14.2,84,1010.1,50,3.9,-9900,-9900,0.5,1.0
2017,3,10,4,60,0.00,0.00,0.00,0.00,0.00,10,16.9,14.5,86,1010.3,40,1.4,-9900,-9900,0.5,1.0
2017,3,10,5,60,0.00,0.00,0.00,0.00,0.00,10,16.7,14.6,87,1010.1,50,2.6,-9900,-9900,4.5,1.0
2017,3,10,6,60,0.00,0.00,0.00,0.00,0.00,10,16.8,14.7,87,1010.3,70,1.5,-9900,-9900,0.5,1.0
2017,3,10,7,60,145.50,1315.80,0.00,0.00,0.00,10,17.1,15.0,87,1011.0,70,1.9,-9900,-9900,1.0,1.0
2017,3,10,8,60,455.02,1383.86,0.00,0.00,0.00,10,17.5,15.3,87,1010.8,50,3.9,15,1,1.0,1.0
2017,3,10,9,60,730.69,1383.86,46.77,0.91,46.29,10,17.7,15.3,86,1011.8,50,2.3,5,1,1.0,1.0
2017,3,10,10,60,953.22,1383.86,5.56,0.04,5.53,10,17.5,15.2,86,1012.0,60,2.7,-9900,-9900,0.5,1.0
2017,3,10,11,60,1107.45,1383.86,50.00,0.54,49.57,10,17.5,15.4,87,1011.7,60,2.0,7,1,0.0,1.0
2017,3,10,12,60,1182.85,1383.86,106.80,1.54,105.48,10,17.5,15.2,86,1010.7,70,2.8,-9900,-9900,1.0,1.0
2017,3,10,13,60,1174.31,1383.86,105.56,1.53,104.26,10,17.7,15.6,88,1009.1,70,3.7,-9900,-9900,0.0,0.5
2017,3,10,14,60,1082.39,1383.86,44.44,0.47,44.07,10,17.7,15.6,88,1008.7,50,1.5,7,1,0.0,0.2
2017,3,10,15,60,913.35,1383.86,69.28,1.17,68.51,10,18.0,15.7,86,1007.2,60,3.0,-9900,-9900,0.0,1.0
2017,3,10,16,60,678.73,1383.86,40.95,0.82,40.55,10,18.2,15.9,86,1007.2,80,2.2,-9900,-9900,0.0,0.8
2017,3,10,17,60,394.51,1383.86,0.00,0.00,0.00,10,17.7,15.7,88,1008.1,50,0.6,4,1,3.0,0.9
2017,3,10,18,60,90.70,1036.29,0.00,0.00,0.00,10,17.8,15.8,88,1008.1,130,0.9,-9900,-9900,0.5,0.5
2017,3,10,19,60,0.00,0.00,0.00,0.00,0.00,10,17.8,15.8,88,1009.3,220,0.8,-9900,-9900,1.5,1.0
2017,3,10,20,60,0.00,0.00,0.00,0.00,0.00,10,17.7,15.9,89,1010.4,340,0.8,5,1,4.0,1.0
2017,3,10,21,60,0.00,0.00,0.00,0.00,0.00,10,17.2,14.9,86,1010.5,110,2.2,15,1,2.5,0.9
2017,3,10,22,60,0.00,0.00,0.00,0.00,0.00,10,17.0,14.5,85,1011.7,70,2.2,-9900,-9900,3.5,0.7
2017,3,10,23,60,0.00,0.00,0.00,0.00,0.00,10,17.1,14.5,85,1012.3,50,3.7,-9900,-9900,2.0,1.0
2017,3,10,24,60,0.00,0.00,0.00,0.00,0.00,10,16.6,14.1,85,1012.7,70,3.2,-9900,-9900,4.5,1.0
2017,3,11,1,60,0.00,0.00,0.00,0.00,0.00,10,16.5,14.2,86,1012.0,90,3.2,-9900,-9900,0.5,0.7
2017,3,11,2,60,0.00,0.00,0.00,0.00,0.00,10,16.4,14.0,86,1011.5,60,3.2,-9900,-9900,1.0,0.5
2017,3,11,3,60,0.00,0.00,0.00,0.00,0.00,9,16.6,14.3,86,1011.2,60,3.5,-9900,-9900,0.0,1.0
2017,3,11,4,60,0.00,0.00,0.00,0.00,0.00,9,16.8,14.5,86,1011.3,50,3.1,-9900,-9900,0.0,1.0
2017,3,11,5,60,0.00,0.00,0.00,0.00,0.00,9,16.9,14.7,87,1011.2,80,2.7,-9900,-9900,0.0,0.0
2017,3,11,6,60,0.00,0.00,0.00,0.00,0.00,9,17.2,14.9,86,1011.4,50,2.8,-9900,-9900,0.0,0.0
2017,3,11,7,60,149.36,1332.29,0.00,0.00,0.00,9,17.8,15.2,85,1011.8,80,2.2,-9900,-9900,0.0,0.0
2017,3,11,8,60,459.09,1383.14,0.00,0.00,0.00,9,18.3,15.7,85,1012.2,70,2.4,25,1,0.0,0.0
2017,3,11,9,60,734.77,1383.14,66.67,1.54,65.85,10,19.2,16.4,84,1012.7,70,2.4,25,1,0.0,0.0
2017,3,11,10,60,957.31,1383.14,236.11,11.01,228.49,10,20.2,17.2,83,1012.8,50,2.5,-9900,-9900,0.0,0.0
2017,3,11,11,60,1111.54,1383.14,344.44,33.72,317.34,10,21.2,17.8,81,1012.6,50,2.9,25,1,0.0,0.0
2017,3,11,12,60,1186.95,1383.14,752.78,542.98,286.82,7,22.4,18.6,79,1011.8,50,4.4,-9900,-9900,0.0,0.0
2017,3,11,13,60,1178.40,1383.14,511.11,148.98,384.18,9,22.7,18.2,76,1011.1,50,2.7,-9900,-9900,0.0,0.0
2017,3,11,14,60,1086.48,1383.14,491.67,175.57,353.76,9,22.8,17.9,74,1010.9,60,3.5,30,-9900,0.0,0.0
2017,3,11,15,60,917.44,1383.14,488.89,315.42,279.67,8,22.4,18.3,78,1010.6,50,3.4,-9900,-9900,0.0,0.0
2017,3,11,16,60,682.81,1383.14,350.00,276.24,213.63,8,22.2,17.6,75,1010.9,50,3.2,-9900,-9900,0.0,0.0
2017,3,11,17,60,398.58,1383.14,172.22,146.79,129.92,8,21.5,17.2,77,1010.8,50,2.9,30,-9900,0.0,0.0
2017,3,11,18,60,93.75,1052.92,30.56,0.00,30.56,8,21.0,16.9,77,1011.2,40,3.1,-9900,-9900,0.0,0.0
2017,3,11,19,60,0.00,0.00,0.00,0.00,0.00,7,20.6,16.6,78,1011.8,50,2.8,-9900,-9900,0.0,0.0
2017,3,11,20,60,0.00,0.00,0.00,0.00,0.00,7,20.7,16.6,77,1012.8,50,1.9,20,-9900,0.0,0.0
2017,3,11,21,60,0.00,0.00,0.00,0.00,0.00,7,20.4,16.4,78,1013.4,50,2.4,20,-9900,0.0,0.0
2017,3,11,22,60,0.00,0.00,0.00,0.00,0.00,7,20.1,16.5,80,1013.5,60,2.8,-9900,-9900,0.0,0.0
2017,3,11,23,60,0.00,0.00,0.00,0.00,0.00,6,19.8,16.5,81,1013.2,50,4.0,-9900,-9900,0.0,0.0
2017,3,11,24,60,0.00,0.00,0.00,0.00,0.00,6,19.6,16.6,83,1012.1,50,3.4,-9900,-9900,0.0,0.0
2017,3,12,1,60,0.00,0.00,0.00,0.00,0.00,5,19.7,16.6,82,1011.4,50,3.5,-9900,-9900,0.0,0.0
2017,3,12,2,60,0.00,0.00,0.00,0.00,0.00,5,19.6,16.5,82,1010.8,50,3.5,-9900,-9900,0.0,0.0
2017,3,12,3,60,0.00,0.00,0.00,0.00,0.00,4,19.9,16.6,81,1010.9,50,3.5,-9900,-9900,0.0,0.0
2017,3,12,4,60,0.00,0.00,0.00,0.00,0.00,4,19.8,16.7,82,1011.3,180,1.1,-9900,-9900,0.0,0.0
2017,3,12,5,60,0.00,0.00,0.00,0.00,0.00,3,19.0,16.4,85,1011.4,200,0.8,-9900,-9900,0.0,0.0
2017,3,12,6,60,0.00,0.00,0.00,0.00,0.00,3,19.0,16.3,84,1011.6,200,0.3,-9900,-9900,0.0,0.0
2017,3,12,7,60,153.27,1348.78,2.78,0.00,2.78,2,18.8,16.2,85,1011.1,80,1.0,-9900,-9900,0.0,0.0
2017,3,12,8,60,463.15,1382.41,225.00,228.31,148.51,2,21.0,18.0,83,1011.4,260,0.3,13,-9900,0.0,0.0
2017,3,12,9,60,738.83,1382.41,394.44,317.22,224.90,2,22.1,18.6,81,1011.9,210,1.8,8,-9900,0.0,0.0
2017,3,12,10,60,961.36,1382.41,627.78,589.29,217.97,4,23.6,19.2,76,1011.4,250,1.7,-9900,-9900,0.0,0.0
2017,3,12,11,60,1115.59,1382.41,786.11,720.81,204.42,4,25.1,19.6,72,1010.6,240,1.8,10,-9900,0.0,0.0
2017,3,12,12,60,1191.00,1382.41,805.56,648.35,246.98,5,26.6,19.3,64,1009.5,170,0.8,-9900,-9900,0.0,0.0
2017,3,12,13,60,1182.45,1382.41,580.56,237.19,377.68,8,26.4,19.2,65,1008.3,40,1.8,-9900,-9900,0.0,0.0
2017,3,12,14,60,1090.53,1382.41,777.78,742.81,191.81,3,27.6,19.1,60,1007.2,130,2.8,20,-9900,0.0,0.0
2017,3,12,15,60,921.49,1382.41,513.89,366.30,269.72,5,26.1,19.4,67,1007.1,300,1.7,-9900,-9900,0.0,0.0
2017,3,12,16,60,686.86,1382.41,358.33,293.34,212.58,6,22.9,18.0,74,1008.0,280,2.3,-9900,-9900,0.0,0.0
2017,3,12,17,60,402.63,1382.41,152.78,85.84,127.78,5,21.8,17.5,77,1008.0,310,1.1,7,-9900,0.0,0.0
2017,3,12,18,60,96.85,1069.56,0.00,0.00,0.00,6,21.7,17.5,77,1008.0,360,0.3,-9900,-9900,0.0,0.0
2017,3,12,19,60,0.00,0.00,0.00,0.00,0.00,8,21.1,17.5,80,1008.6,280,0.6,-9900,-9900,0.0,0.0
2017,3,12,20,60,0.00,0.00,0.00,0.00,0.00,9,20.5,17.3,82,1009.5,290,1.0,5,1,0.0,0.0
2017,3,12,21,60,0.00,0.00,0.00,0.00,0.00,9,19.9,17.0,83,1009.8,320,0.7,5,0,0.0,0.0
2017,3,12,22,60,0.00,0.00,0.00,0.00,0.00,9,20.0,17.0,83,1010.1,250,0.8,-9900,-9900,0.0,0.0
2017,3,12,23,60,0.00,0.00,0.00,0.00,0.00,9,20.3,17.3,83,1009.6,0,0.0,-9900,-9900,0.0,0.0
2017,3,12,24,60,0.00,0.00,0.00,0.00,0.00,9,20.6,17.4,82,1009.7,210,0.4,-9900,-9900,0.0,0.0
2017,3,13,1,60,0.00,0.00,0.00,0.00,0.00,9,20.6,17.5,82,1009.4,250,0.7,-9900,-9900,0.0,0.0
2017,3,13,2,60,0.00,0.00,0.00,0.00,0.00,9,20.7,17.6,82,1008.8,340,0.9,-9900,-9900,0.0,0.0
2017,3,13,3,60,0.00,0.00,0.00,0.00,0.00,10,20.9,17.7,82,1008.6,0,0.0,-9900,-9900,0.0,0.0
2017,3,13,4,60,0.00,0.00,0.00,0.00,0.00,10,21.0,17.7,81,1008.1,340,0.6,-9900,-9900,0.0,0.0
2017,3,13,5,60,0.00,0.00,0.00,0.00,0.00,10,21.1,17.6,80,1008.4,330,1.6,-9900,-9900,0.0,0.0
2017,3,13,6,60,0.00,0.00,0.00,0.00,0.00,10,20.5,18.0,86,1008.8,350,0.4,-9900,-9900,1.5,0.7
2017,3,13,7,60,157.23,1365.29,0.00,0.00,0.00,10,20.5,18.4,88,1009.1,190,0.9,-9900,-9900,2.3,1.0
2017,3,13,8,60,467.19,1381.68,0.00,0.00,0.00,10,20.5,18.5,88,1009.3,290,0.3,3,0,0.2,0.5
2017,3,13,9,60,742.85,1381.68,91.67,2.55,90.30,10,20.3,18.2,88,1009.5,360,1.1,4,5,0.0,0.0
2017,3,13,10,60,965.38,1381.68,102.78,2.00,101.38,10,18.1,15.9,87,1009.6,50,2.7,-9900,-9900,0.0,0.9
2017,3,13,11,60,1119.60,1381.68,111.11,1.79,109.66,10,18.1,16.2,89,1009.5,50,1.9,4,1,0.0,0.5
2017,3,13,12,60,1194.99,1381.68,52.78,0.52,52.33,10,18.6,16.4,87,1008.9,70,1.4,-9900,-9900,0.0,0.0
2017,3,13,13,60,1186.45,1381.68,13.89,0.09,13.81,10,18.7,16.2,85,1007.9,30,1.4,-9900,-9900,0.0,0.0
2017,3,13,14,60,1094.53,1381.68,2.78,0.01,2.77,10,18.1,15.9,87,1007.0,10,0.8,3,1,0.0,0.0
2017,3,13,15,60,925.50,1381.68,2.78,0.01,2.77,10,17.2,15.0,87,1006.8,20,1.7,-9900,-9900,0.0,0.7
2017,3,13,16,60,690.90,1381.68,80.56,2.32,79.40,10,16.5,14.2,86,1007.4,60,2.6,-9900,-9900,0.2,1.0
2017,3,13,17,60,406.69,1381.68,0.00,0.00,0.00,10,16.4,14.2,87,1008.1,60,1.4,3,0,0.3,1.0
2017,3,13,18,60,100.01,1086.22,0.00,0.00,0.00,10,16.2,14.1,87,1008.3,60,2.3,-9900,-9900,0.3,1.0
2017,3,13,19,60,0.00,0.00,0.00,0.00,0.00,10,16.3,14.3,88,1009.1,110,0.3,-9900,-9900,0.3,1.0
2017,3,13,20,60,0.00,0.00,0.00,0.00,0.00,10,16.2,14.2,88,1009.5,50,1.1,4,0,0.3,1.0
2017,3,13,21,60,0.00,0.00,0.00,0.00,0.00,10,16.1,13.9,87,1009.8,110,1.5,4,0,0.0,1.0
2017,3,13,22,60,0.00,0.00,0.00,0.00,0.00,10,15.9,14.0,88,1011.2,180,1.2,-9900,-9900,0.8,1.0
2017,3,13,23,60,0.00,0.00,0.00,0.00,0.00,10,15.8,13.8,88,1012.4,260,0.8,-9900,-9900,4.4,1.0
2017,3,13,24,60,0.00,0.00,0.00,0.00,0.00,10,15.0,13.0,88,1012.7,300,0.7,-9900,-9900,3.6,1.0
2017,3,14,1,60,0.00,0.00,0.00,0.00,0.00,10,14.8,12.7,87,1013.1,200,0.9,-9900,-9900,0.5,0.5
2017,3,14,2,60,0.00,0.00,0.00,0.00,0.00,10,14.3,11.8,85,1013.6,220,0.6,-9900,-9900,1.4,0.5
2017,3,14,3,60,0.00,0.00,0.00,0.00,0.00,10,14.1,11.8,86,1013.5,210,0.6,-9900,-9900,1.1,0.9
2017,3,14,4,60,0.00,0.00,0.00,0.00,0.00,10,13.9,11.4,85,1013.8,10,2.6,-9900,-9900,0.0,0.0
2017,3,14,5,60,0.00,0.00,0.00,0.00,0.00,10,13.5,10.9,84,1015.0,30,1.1,-9900,-9900,0.6,0.6
2017,3,14,6,60,0.00,0.86,0.00,0.00,0.00,10,13.3,10.6,84,1015.5,60,1.5,-9900,-9900,0.4,0.5
2017,3,14,7,60,161.25,1380.94,0.00,0.00,0.00,10,13.1,10.2,83,1016.4,60,2.0,-9900,-9900,0.6,0.6
2017,3,14,8,60,471.23,1380.94,0.00,0.00,0.00,10,13.7,10.6,82,1016.8,40,2.1,15,1,0.1,1.0
2017,3,14,9,60,746.85,1380.94,126.47,4.38,124.10,10,13.5,10.4,82,1017.9,60,2.7,14,1,1.0,1.0
2017,3,14,10,60,969.34,1380.94,13.89,0.13,13.80,10,13.8,10.7,82,1018.1,30,2.3,-9900,-9900,0.2,1.0
2017,3,14,11,60,1123.54,1380.94,152.78,3.01,150.33,10,14.3,10.6,78,1017.8,30,2.2,16,1,0.0,0.1
2017,3,14,12,60,1198.94,1380.94,158.33,2.87,155.84,10,14.5,10.5,77,1017.3,30,1.1,-9900,-9900,0.0,0.0
2017,3,14,13,60,1190.39,1380.94,166.67,3.16,163.95,10,14.3,10.1,76,1016.9,20,4.2,-9900,-9900,0.0,0.0
2017,3,14,14,60,1098.48,1380.94,147.22,2.93,144.89,10,14.5,9.8,73,1016.4,20,2.7,14,1,0.0,0.0
2017,3,14,15,60,929.48,1380.94,105.56,2.23,104.06,10,14.5,9.6,72,1016.2,50,2.1,-9900,-9900,0.0,0.0
2017,3,14,16,60,694.90,1380.94,111.11,3.95,109.12,10,14.7,9.4,71,1016.2,20,2.2,-9900,-9900,0.0,0.0
2017,3,14,17,60,410.72,1380.94,0.00,0.00,0.00,10,14.4,8.7,69,1016.8,30,2.1,15,1,0.0,0.0
2017,3,14,18,60,103.22,1102.88,0.00,0.00,0.00,9,14.3,8.1,66,1017.3,10,3.0,-9900,-9900,0.0,0.0
2017,3,14,19,60,0.00,0.00,0.00,0.00,0.00,9,14.3,8.2,67,1018.1,40,2.5,-9900,-9900,0.0,0.0
2017,3,14,20,60,0.00,0.00,0.00,0.00,0.00,8,14.3,8.0,66,1018.7,50,2.0,14,1,0.0,0.0
2017,3,14,21,60,0.00,0.00,0.00,0.00,0.00,7,14.4,8.0,65,1018.8,50,3.1,14,1,0.0,0.0
2017,3,14,22,60,0.00,0.00,0.00,0.00,0.00,7,14.5,8.2,66,1019.0,50,3.4,-9900,-9900,0.0,0.0
2017,3,14,23,60,0.00,0.00,0.00,0.00,0.00,8,14.7,8.2,65,1018.7,70,3.1,-9900,-9900,0.0,0.0
2017,3,14,24,60,0.00,0.00,0.00,0.00,0.00,8,14.8,8.7,67,1018.4,90,1.7,-9900,-9900,0.0,0.0
2017,3,15,1,60,0.00,0.00,0.00,0.00,0.00,8,14.9,8.7,66,1018.2,70,2.0,-9900,-9900,0.0,0.0
2017,3,15,2,60,0.00,0.00,0.00,0.00,0.00,8,14.9,8.8,67,1017.5,90,1.9,-9900,-9900,0.0,0.0
2017,3,15,3,60,0.00,0.00,0.00,0.00,0.00,9,14.9,8.9,67,1017.5,90,1.5,-9900,-9900,0.0,0.0
2017,3,15,4,60,0.00,0.00,0.00,0.00,0.00,9,15.2,9.2,67,1017.8,60,2.2,-9900,-9900,0.0,0.0
2017,3,15,5,60,0.00,0.00,0.00,0.00,0.00,9,15.3,9.1,66,1018.1,40,2.1,-9900,-9900,0.0,0.0
2017,3,15,6,60,0.03,18.12,0.00,0.00,0.00,9,15.1,9.2,68,1018.4,70,2.5,-9900,-9900,0.0,0.0
2017,3,15,7,60,165.31,1380.20,0.00,0.00,0.00,10,15.4,9.3,67,1018.8,50,2.5,-9900,-9900,0.0,0.0
2017,3,15,8,60,475.23,1380.20,0.00,0.00,0.00,10,15.8,9.5,66,1019.0,50,3.8,22,3,0.0,0.0
2017,3,15,9,60,750.81,1380.20,30.56,0.46,30.31,10,15.9,9.6,66,1019.6,50,4.0,25,3,0.0,0.0
2017,3,15,10,60,973.27,1380.20,130.56,2.94,128.49,10,16.4,9.8,65,1019.3,90,2.4,-9900,-9900,0.0,0.0
2017,3,15,11,60,1127.44,1380.20,166.67,3.46,163.84,10,16.8,10.2,65,1018.5,80,2.7,25,3,0.0,0.0
2017,3,15,12,60,1202.82,1380.20,288.89,9.79,280.36,10,16.9,9.9,63,1017.0,60,4.3,-9900,-9900,0.0,0.0
2017,3,15,13,60,1194.28,1380.20,241.67,5.97,236.50,10,17.0,10.2,64,1016.2,50,4.8,-9900,-9900,0.0,0.0
2017,3,15,14,60,1102.39,1380.20,166.67,3.59,163.80,10,16.8,9.7,63,1015.6,50,4.6,20,3,0.0,0.0
2017,3,15,15,60,933.41,1380.20,166.67,4.79,163.43,10,16.7,9.9,64,1015.5,50,5.2,-9900,-9900,0.0,0.0
2017,3,15,16,60,698.87,1380.20,61.11,1.46,60.37,10,16.4,10.1,66,1015.3,70,3.5,-9900,-9900,0.0,0.0
2017,3,15,17,60,414.74,1380.20,0.00,0.00,0.00,9,16.3,9.9,66,1015.2,70,3.9,20,3,0.0,0.0
2017,3,15,18,60,106.47,1119.55,0.00,0.00,0.00,9,16.2,9.9,66,1015.3,80,4.1,-9900,-9900,0.0,0.0
2017,3,15,19,60,0.00,0.00,0.00,0.00,0.00,8,16.3,9.8,65,1014.6,80,4.6,-9900,-9900,0.0,0.0
2017,3,15,20,60,0.00,0.00,0.00,0.00,0.00,8,16.3,10.0,66,1014.6,70,3.8,25,3,0.0,0.0
2017,3,15,21,60,0.00,0.00,0.00,0.00,0.00,8,16.4,10.2,67,1014.5,60,4.1,25,3,0.0,0.0
2017,3,15,22,60,0.00,0.00,0.00,0.00,0.00,8,16.4,10.3,67,1013.9,60,4.4,-9900,-9900,0.0,0.0
2017,3,15,23,60,0.00,0.00,0.00,0.00,0.00,8,16.8,10.8,68,1013.7,50,4.6,-9900,-9900,0.0,0.0
2017,3,15,24,60,0.00,0.00,0.00,0.00,0.00,9,17.1,11.3,69,1013.5,50,3.5,-9900,-9900,0.0,0.0
2017,3,16,1,60,0.00,0.00,0.00,0.00,0.00,9,17.1,11.6,70,1012.7,60,3.4,-9900,-9900,0.0,0.0
2017,3,16,2,60,0.00,0.00,0.00,0.00,0.00,9,17.1,11.8,71,1012.7,50,2.7,-9900,-9900,0.0,0.0
2017,3,16,3,60,0.00,0.00,0.00,0.00,0.00,9,16.1,12.2,78,1012.8,30,1.5,-9900,-9900,0.0,0.0
2017,3,16,4,60,0.00,0.00,0.00,0.00,0.00,9,15.2,12.5,84,1013.2,20,0.9,-9900,-9900,0.0,0.3
2017,3,16,5,60,0.00,0.00,0.00,0.00,0.00,9,15.0,13.0,88,1014.3,0,0.0,-9900,-9900,1.5,1.0
2017,3,16,6,60,0.11,35.39,0.00,0.00,0.00,10,15.0,13.1,88,1014.7,150,0.6,-9900,-9900,3.5,1.0
2017,3,16,7,60,169.36,1379.46,0.00,0.00,0.00,10,15.1,13.2,88,1015.1,130,1.2,-9900,-9900,4.0,1.0
2017,3,16,8,60,479.22,1379.46,0.00,0.00,0.00,10,15.4,13.3,87,1014.5,100,1.1,9,1,0.0,0.3
2017,3,16,9,60,754.74,1379.46,77.78,1.90,76.74,10,16.6,14.2,86,1014.5,50,1.5,15,2,0.0,0.0
2017,3,16,10,60,977.15,1379.46,108.33,2.13,106.82,9,17.1,14.9,87,1013.8,50,2.2,-9900,-9900,0.0,0.0
2017,3,16,11,60,1131.29,1379.46,127.78,2.21,125.97,10,17.6,14.9,84,1013.8,360,0.9,13,1,0.0,0.0
2017,3,16,12,60,1206.66,1379.46,66.67,0.72,66.04,10,17.6,14.5,82,1013.6,240,1.1,-9900,-9900,0.0,0.0
2017,3,16,13,60,1198.11,1379.46,55.56,0.56,55.07,10,17.6,14.8,84,1012.9,220,1.5,-9900,-9900,0.0,0.0
2017,3,16,14,60,1106.24,1379.46,22.22,0.19,22.07,10,17.1,14.5,85,1012.6,200,1.1,4,3,0.0,0.5
2017,3,16,15,60,937.30,1379.46,5.56,0.04,5.53,10,16.3,13.8,85,1012.5,290,1.0,-9900,-9900,1.0,1.0
2017,3,16,16,60,702.81,1379.46,68.45,1.73,67.57,10,16.2,13.7,85,1012.8,290,0.9,-9900,-9900,1.5,1.0
2017,3,16,17,60,418.74,1379.46,0.00,0.00,0.00,10,15.6,13.4,87,1013.4,200,1.3,3,3,2.5,1.0
2017,3,16,18,60,109.78,1136.22,0.00,0.00,0.00,10,15.7,13.5,87,1013.9,210,0.8,-9900,-9900,1.0,1.0
2017,3,16,19,60,0.00,0.00,0.00,0.00,0.00,10,15.9,13.7,87,1014.1,150,0.5,-9900,-9900,0.0,1.0
2017,3,16,20,60,0.00,0.00,0.00,0.00,0.00,10,16.1,13.7,86,1014.9,60,1.1,10,3,0.0,1.0
2017,3,16,21,60,0.00,0.00,0.00,0.00,0.00,10,16.1,13.7,86,1015.6,80,1.1,8,3,0.5,1.0
2017,3,16,22,60,0.00,0.00,0.00,0.00,0.00,10,16.0,13.7,86,1015.7,70,1.1,-9900,-9900,1.0,1.0
2017,3,16,23,60,0.00,0.00,0.00,0.00,0.00,10,16.0,13.8,87,1016.4,0,0.0,-9900,-9900,0.5,1.0
2017,3,16,24,60,0.00,0.00,0.00,0.00,0.00,10,15.9,13.9,88,1016.2,120,0.8,-9900,-9900,2.0,1.0
2017,3,17,1,60,0.00,0.00,0.00,0.00,0.00,10,15.9,14.0,88,1015.7,160,0.5,-9900,-9900,1.5,1.0
2017,3,17,2,60,0.00,0.00,0.00,0.00,0.00,10,15.9,14.0,88,1015.6,40,0.4,-9900,-9900,0.5,0.3
2017,3,17,3,60,0.00,0.00,0.00,0.00,0.00,10,16.0,14.3,90,1015.1,70,0.9,-9900,-9900,0.0,0.0
2017,3,17,4,60,0.00,0.00,0.00,0.00,0.00,10,16.3,14.2,87,1014.6,110,2.1,-9900,-9900,0.0,0.0
2017,3,17,5,60,0.00,0.00,0.00,0.00,0.00,10,16.4,14.3,87,1015.0,70,1.7,-9900,-9900,0.0,0.0
2017,3,17,6,60,0.24,52.65,0.00,0.00,0.00,10,16.5,14.3,87,1015.6,60,3.0,-9900,-9900,0.0,0.0
2017,3,17,7,60,173.41,1378.71,0.00,0.00,0.00,10,16.6,14.6,88,1015.6,90,2.7,-9900,-9900,0.0,0.0
2017,3,17,8,60,483.18,1378.71,27.78,0.77,27.51,10,17.1,14.8,86,1015.9,50,3.7,12,1,0.0,0.0
2017,3,17,9,60,758.64,1378.71,302.78,106.06,244.42,9,18.2,15.5,84,1016.1,50,5.1,16,1,0.0,0.0
2017,3,17,10,60,980.98,1378.71,511.11,291.28,303.86,8,19.2,16.2,83,1015.7,50,5.0,-9900,-9900,0.0,0.0
2017,3,17,11,60,1135.08,1378.71,516.67,178.93,369.36,6,20.2,16.5,79,1015.1,50,5.8,16,1,0.0,0.0
2017,3,17,12,60,1210.42,1378.71,775.00,556.11,286.77,6,20.1,16.3,79,1014.4,50,5.5,-9900,-9900,0.0,0.0
2017,3,17,13,60,1201.88,1378.71,352.78,25.72,330.36,7,20.1,16.0,77,1013.8,50,4.8,-9900,-9900,0.0,0.0
2017,3,17,14,60,1110.04,1378.71,380.56,54.39,336.77,9,19.9,16.0,78,1013.4,50,4.8,16,1,0.0,0.0
2017,3,17,15,60,941.14,1378.71,166.67,4.72,163.45,9,19.4,15.9,80,1013.4,60,3.8,-9900,-9900,0.0,0.0
2017,3,17,16,60,706.71,1378.71,97.22,3.06,95.65,10,18.8,15.7,82,1013.9,50,4.3,-9900,-9900,0.0,0.0
2017,3,17,17,60,422.73,1378.71,0.00,0.00,0.00,10,18.9,15.7,82,1014.0,60,3.5,16,1,0.0,0.0
2017,3,17,18,60,113.13,1152.88,0.00,0.00,0.00,10,18.7,15.6,82,1014.3,60,4.2,-9900,-9900,0.0,0.0
2017,3,17,19,60,0.00,0.00,0.00,0.00,0.00,10,18.5,15.1,81,1014.6,50,4.1,-9900,-9900,0.0,0.0
2017,3,17,20,60,0.00,0.00,0.00,0.00,0.00,10,18.4,15.1,81,1016.1,50,4.2,15,0,0.0,0.0
2017,3,17,21,60,0.00,0.00,0.00,0.00,0.00,9,18.3,15.1,82,1016.6,50,3.5,15,1,0.0,0.0
2017,3,17,22,60,0.00,0.00,0.00,0.00,0.00,9,18.1,14.9,82,1016.7,60,3.4,-9900,-9900,0.0,0.0
2017,3,17,23,60,0.00,0.00,0.00,0.00,0.00,9,17.9,14.9,83,1016.6,50,2.4,-9900,-9900,0.0,0.0
2017,3,17,24,60,0.00,0.00,0.00,0.00,0.00,9,17.9,14.7,82,1016.1,100,2.1,-9900,-9900,0.0,0.0
2017,3,18,1,60,0.00,0.00,0.00,0.00,0.00,9,18.1,14.9,82,1015.7,50,3.2,-9900,-9900,0.0,0.0
2017,3,18,2,60,0.00,0.00,0.00,0.00,0.00,9,17.9,15.0,83,1015.4,10,0.9,-9900,-9900,0.0,0.0
2017,3,18,3,60,0.00,0.00,0.00,0.00,0.00,10,18.1,15.1,83,1015.5,270,0.4,-9900,-9900,0.0,0.0
2017,3,18,4,60,0.00,0.00,0.00,0.00,0.00,10,17.6,15.0,85,1015.3,0,0.0,-9900,-9900,0.0,0.0
2017,3,18,5,60,0.00,0.00,0.00,0.00,0.00,10,17.5,14.9,85,1015.3,330,0.8,-9900,-9900,0.0,0.0
2017,3,18,6,60,0.42,69.91,0.00,0.00,0.00,10,17.6,15.1,85,1015.9,0,0.0,-9900,-9900,0.0,0.0
2017,3,18,7,60,177.45,1377.96,0.00,0.00,0.00,10,18.0,15.6,86,1016.3,360,1.1,-9900,-9900,0.0,0.0
2017,3,18,8,60,487.13,1377.96,52.78,2.06,52.05,10,18.5,16.2,86,1016.8,100,1.4,6,1,0.0,0.0
2017,3,18,9,60,762.49,1377.96,225.00,26.38,210.40,10,20.4,17.3,82,1016.9,360,0.9,8,0,0.0,0.0
2017,3,18,10,60,984.76,1377.96,166.67,4.37,163.55,10,19.4,16.4,83,1016.9,0,0.0,-9900,-9900,0.0,0.0
2017,3,18,11,60,1138.81,1377.96,277.78,10.44,269.15,8,20.9,17.6,81,1016.2,110,0.7,10,0,0.0,0.0
2017,3,18,12,60,1214.13,1377.96,805.56,613.66,264.86,6,23.4,19.3,78,1015.2,70,1.0,-9900,-9900,0.0,0.0
2017,3,18,13,60,1205.60,1377.96,833.33,684.09,234.81,7,25.2,20.3,74,1014.0,230,0.9,-9900,-9900,0.0,0.0
2017,3,18,14,60,1113.78,1377.96,625.00,372.54,323.88,9,25.2,20.4,75,1013.4,290,0.9,10,1,0.0,0.0
2017,3,18,15,60,944.94,1377.96,483.33,273.16,296.01,6,22.9,18.5,76,1013.3,290,0.9,-9900,-9900,0.0,0.0
2017,3,18,16,60,710.59,1377.96,169.44,9.48,164.55,10,21.0,17.0,78,1013.9,290,0.5,-9900,-9900,0.0,0.0
2017,3,18,17,60,426.69,1377.96,0.00,0.00,0.00,10,20.4,16.4,78,1014.5,0,0.0,6,0,0.0,0.0
2017,3,18,18,60,116.53,1169.54,0.00,0.00,0.00,10,19.4,16.1,81,1014.3,50,3.2,-9900,-9900,0.0,0.0
2017,3,18,19,60,0.00,0.00,0.00,0.00,0.00,9,19.5,16.3,82,1015.0,40,2.0,-9900,-9900,0.0,0.0
2017,3,18,20,60,0.00,0.00,0.00,0.00,0.00,9,19.6,16.5,82,1015.5,60,2.3,8,0,0.0,0.4
2017,3,18,21,60,0.00,0.00,0.00,0.00,0.00,10,19.8,16.8,83,1016.2,360,1.3,8,1,0.0,1.0
2017,3,18,22,60,0.00,0.00,0.00,0.00,0.00,10,19.2,16.6,85,1016.6,170,0.4,-9900,-9900,0.7,1.0
2017,3,18,23,60,0.00,0.00,0.00,0.00,0.00,10,19.4,17.0,86,1016.4,70,1.5,-9900,-9900,0.2,1.0
2017,3,18,24,60,0.00,0.00,0.00,0.00,0.00,10,19.5,17.1,86,1015.9,50,2.2,-9900,-9900,0.0,1.0
2017,3,19,1,60,0.00,0.00,0.00,0.00,0.00,10,19.1,16.7,86,1015.7,60,1.9,-9900,-9900,0.5,1.0
2017,3,19,2,60,0.00,0.00,0.00,0.00,0.00,10,19.0,16.8,87,1015.5,80,2.0,-9900,-9900,0.1,0.8
2017,3,19,3,60,0.00,0.00,0.00,0.00,0.00,10,19.0,16.7,87,1015.5,70,1.7,-9900,-9900,0.0,0.0
2017,3,19,4,60,0.00,0.00,0.00,0.00,0.00,10,19.0,16.7,87,1014.9,60,1.4,-9900,-9900,0.0,0.0
2017,3,19,5,60,0.00,0.00,0.00,0.00,0.00,10,19.0,16.8,87,1015.5,360,1.7,-9900,-9900,0.1,0.3
2017,3,19,6,60,0.65,87.16,0.00,0.00,0.00,10,18.6,16.6,88,1016.6,330,0.3,-9900,-9900,1.4,1.0
2017,3,19,7,60,181.49,1377.20,0.00,0.00,0.00,10,18.2,16.0,87,1017.1,100,1.9,-9900,-9900,0.6,1.0
2017,3,19,8,60,491.04,1377.20,0.00,0.00,0.00,10,17.8,15.4,86,1016.7,70,2.5,12,3,0.4,1.0
2017,3,19,9,60,766.29,1377.20,225.00,25.74,210.68,10,18.8,16.4,86,1015.6,50,6.0,15,2,0.0,0.7
2017,3,19,10,60,988.49,1377.20,200.00,5.96,195.72,10,19.4,16.9,85,1016.4,50,2.2,-9900,-9900,0.0,0.0
2017,3,19,11,60,1142.48,1377.20,302.78,15.43,289.98,10,20.4,17.3,82,1015.9,60,4.6,30,2,0.0,0.0
2017,3,19,12,60,1217.78,1377.20,172.22,3.20,169.39,10,19.9,16.7,82,1015.1,80,4.1,-9900,-9900,0.0,0.0
2017,3,19,13,60,1209.24,1377.20,311.11,13.36,299.38,10,20.5,17.2,81,1014.8,80,2.9,-9900,-9900,0.0,0.0
2017,3,19,14,60,1117.46,1377.20,286.11,13.05,275.52,10,20.3,17.2,82,1013.6,50,4.9,20,-9900,0.0,0.0
2017,3,19,15,60,948.68,1377.20,311.11,44.12,280.72,10,20.4,17.0,81,1013.7,50,4.4,-9900,-9900,0.0,0.0
2017,3,19,16,60,714.42,1377.20,61.11,1.41,60.38,10,20.6,17.2,81,1013.8,70,2.7,-9900,-9900,0.0,0.0
2017,3,19,17,60,430.63,1377.20,19.44,0.54,19.27,10,20.3,16.8,80,1014.3,90,1.7,15,2,0.0,0.0
2017,3,19,18,60,119.98,1186.19,0.00,0.00,0.00,10,20.0,16.6,81,1014.4,50,3.0,-9900,-9900,0.0,0.0
2017,3,19,19,60,0.00,0.00,0.00,0.00,0.00,10,19.9,16.7,82,1014.9,40,1.6,-9900,-9900,0.0,0.0
2017,3,19,20,60,0.00,0.00,0.00,0.00,0.00,10,19.8,16.7,82,1015.6,350,1.9,12,0,0.0,0.0
2017,3,19,21,60,0.00,0.00,0.00,0.00,0.00,10,19.7,16.6,82,1015.8,0,0.0,12,0,0.0,0.0
2017,3,19,22,60,0.00,0.00,0.00,0.00,0.00,10,19.7,16.9,84,1015.7,60,0.9,-9900,-9900,0.0,0.0
2017,3,19,23,60,0.00,0.00,0.00,0.00,0.00,10,19.6,16.6,83,1014.9,60,2.1,-9900,-9900,0.0,0.0
2017,3,19,24,60,0.00,0.00,0.00,0.00,0.00,10,19.4,16.5,83,1014.0,60,2.7,-9900,-9900,0.0,0.0
2017,3,20,1,60,0.00,0.00,0.00,0.00,0.00,10,19.2,16.4,84,1012.4,110,1.4,-9900,-9900,0.0,0.0
2017,3,20,2,60,0.00,0.00,0.00,0.00,0.00,10,19.3,16.6,84,1011.6,340,0.9,-9900,-9900,0.0,0.0
2017,3,20,3,60,0.00,0.00,0.00,0.00,0.00,9,19.3,16.7,85,1010.7,100,0.9,-9900,-9900,0.0,0.0
2017,3,20,4,60,0.00,0.00,0.00,0.00,0.00,9,19.2,16.6,85,1009.3,90,1.2,-9900,-9900,0.0,0.0
2017,3,20,5,60,0.00,0.00,0.00,0.00,0.00,9,19.9,17.0,83,1011.2,280,1.4,-9900,-9900,0.0,0.0
2017,3,20,6,60,0.94,104.41,0.00,0.00,0.00,9,18.5,16.0,85,1012.1,270,1.6,-9900,-9900,0.0,0.0
2017,3,20,7,60,185.51,1376.44,0.00,0.00,0.00,9,18.8,16.1,84,1012.5,200,1.3,-9900,-9900,0.0,0.0
2017,3,20,8,60,494.93,1376.44,75.00,3.62,73.70,9,19.8,16.9,83,1013.2,210,1.0,12,1,0.0,0.0
2017,3,20,9,60,770.07,1376.44,202.78,14.94,194.42,9,20.9,17.5,81,1013.5,150,1.1,12,1,0.0,0.0
2017,3,20,10,60,992.17,1376.44,336.11,51.37,299.08,9,22.3,18.3,78,1013.1,170,1.3,-9900,-9900,0.0,0.0
2017,3,20,11,60,1146.09,1376.44,541.67,205.60,370.48,9,23.7,19.3,76,1012.6,0,0.0,12,1,0.0,0.0
2017,3,20,12,60,1221.36,1376.44,452.78,77.23,384.25,9,24.3,19.4,74,1012.0,310,0.6,-9900,-9900,0.0,0.0
2017,3,20,13,60,1212.82,1376.44,169.44,3.13,166.68,10,22.8,18.7,78,1011.4,320,0.7,-9900,-9900,0.0,0.0
2017,3,20,14,60,1121.08,1376.44,108.33,1.71,106.94,9,24.1,19.1,74,1010.4,200,0.8,8,1,0.0,0.0
2017,3,20,15,60,952.37,1376.44,350.00,74.33,298.57,10,24.5,19.3,73,1009.7,230,2.3,-9900,-9900,0.0,0.0
2017,3,20,16,60,718.21,1376.44,150.00,6.31,146.71,10,24.4,19.5,74,1009.7,230,0.3,-9900,-9900,0.0,0.0
2017,3,20,17,60,434.55,1376.44,0.00,0.00,0.00,10,24.4,19.2,73,1009.8,210,0.4,8,1,0.0,0.0
2017,3,20,18,60,123.47,1202.83,0.00,0.00,0.00,9,23.8,19.0,75,1009.8,30,0.5,-9900,-9900,0.0,0.0
2017,3,20,19,60,0.00,0.00,0.00,0.00,0.00,9,23.7,19.0,75,1010.4,170,0.6,-9900,-9900,0.0,0.0
2017,3,20,20,60,0.00,0.00,0.00,0.00,0.00,8,23.0,18.7,77,1011.0,340,1.1,8,1,0.0,0.0
2017,3,20,21,60,0.00,0.00,0.00,0.00,0.00,7,22.6,18.6,78,1011.6,0,0.0,9,1,0.0,0.0
2017,3,20,22,60,0.00,0.00,0.00,0.00,0.00,7,22.0,18.5,81,1011.5,140,0.4,-9900,-9900,0.0,0.0
2017,3,20,23,60,0.00,0.00,0.00,0.00,0.00,8,22.1,18.8,82,1011.1,30,0.5,-9900,-9900,0.0,0.0
2017,3,20,24,60,0.00,0.00,0.00,0.00,0.00,8,21.4,18.3,83,1011.5,210,0.7,-9900,-9900,0.0,0.0
2017,3,21,1,60,0.00,0.00,0.00,0.00,0.00,8,21.2,18.4,84,1011.3,170,1.1,-9900,-9900,0.0,0.0
2017,3,21,2,60,0.00,0.00,0.00,0.00,0.00,8,21.5,18.6,84,1011.5,350,1.3,-9900,-9900,0.0,0.0
2017,3,21,3,60,0.00,0.00,0.00,0.00,0.00,9,21.4,18.4,83,1011.4,10,0.7,-9900,-9900,0.0,0.0
2017,3,21,4,60,0.00,0.00,0.00,0.00,0.00,9,20.4,17.5,83,1011.8,50,2.4,-9900,-9900,0.0,0.0
2017,3,21,5,60,0.00,0.00,0.00,0.00,0.00,9,20.0,17.1,83,1012.8,60,2.3,-9900,-9900,0.0,0.0
2017,3,21,6,60,1.28,121.64,0.00,0.00,0.00,9,19.4,16.2,82,1013.6,60,3.3,-9900,-9900,0.0,0.0
2017,3,21,7,60,189.52,1375.68,0.00,0.00,0.00,10,19.9,16.2,79,1014.4,50,3.2,-9900,-9900,0.0,0.0
2017,3,21,8,60,498.80,1375.68,0.00,0.00,0.00,10,19.8,15.7,77,1015.3,60,4.0,9,1,0.0,0.0
2017,3,21,9,60,773.81,1375.68,25.00,0.34,24.81,10,19.2,14.7,75,1016.1,50,4.8,12,3,0.0,0.0
2017,3,21,10,60,995.79,1375.68,141.67,3.23,139.33,10,18.7,14.3,76,1016.3,50,5.6,-9900,-9900,0.0,0.0
2017,3,21,11,60,1149.65,1375.68,166.67,3.34,163.88,10,18.8,14.2,75,1015.8,60,5.0,10,1,0.0,0.0
2017,3,21,12,60,1224.88,1375.68,227.78,5.13,223.21,10,18.5,14.1,76,1015.1,50,6.6,-9900,-9900,0.0,0.0
2017,3,21,13,60,1216.35,1375.68,322.22,15.38,308.62,10,18.6,14.4,77,1014.5,50,5.2,-9900,-9900,0.0,0.0
2017,3,21,14,60,1124.65,1375.68,255.56,7.87,249.13,10,18.4,14.5,78,1014.0,50,5.3,12,3,0.0,0.0
2017,3,21,15,60,956.02,1375.68,241.67,12.27,233.14,10,17.8,13.9,78,1013.9,60,6.5,-9900,-9900,0.0,0.0
2017,3,21,16,60,721.97,1375.68,166.67,8.33,162.30,10,17.5,13.4,77,1014.3,50,5.3,-9900,-9900,0.0,0.0
2017,3,21,17,60,438.44,1375.68,13.89,0.35,13.78,10,17.1,13.2,78,1014.6,50,6.0,15,1,0.0,0.0
2017,3,21,18,60,127.00,1219.46,0.00,0.00,0.00,10,16.6,12.9,79,1015.0,50,5.5,-9900,-9900,0.0,0.0
2017,3,21,19,60,0.00,0.00,0.00,0.00,0.00,10,16.5,12.7,78,1015.2,70,4.2,-9900,-9900,0.0,0.0
2017,3,21,20,60,0.00,0.00,0.00,0.00,0.00,10,17.1,12.7,75,1016.0,50,3.9,15,1,0.0,0.0
2017,3,21,21,60,0.00,0.00,0.00,0.00,0.00,10,17.5,12.6,73,1016.0,60,4.2,15,1,0.0,0.0
2017,3,21,22,60,0.00,0.00,0.00,0.00,0.00,10,17.7,13.1,74,1015.8,50,5.5,-9900,-9900,0.0,0.0
2017,3,21,23,60,0.00,0.00,0.00,0.00,0.00,10,17.5,13.3,76,1015.5,50,5.1,-9900,-9900,0.0,0.0
2017,3,21,24,60,0.00,0.00,0.00,0.00,0.00,10,17.6,13.2,75,1014.8,50,6.2,-9900,-9900,0.0,0.0
2017,3,22,1,60,0.00,0.00,0.00,0.00,0.00,10,17.5,13.3,76,1013.6,60,4.8,-9900,-9900,0.0,0.0
2017,3,22,2,60,0.00,0.00,0.00,0.00,0.00,10,17.5,13.4,77,1013.0,50,4.9,-9900,-9900,0.0,0.0
2017,3,22,3,60,0.00,0.00,0.00,0.00,0.00,10,17.3,13.6,79,1012.5,50,5.8,-9900,-9900,0.0,0.0
2017,3,22,4,60,0.00,0.00,0.00,0.00,0.00,10,17.5,13.5,77,1011.0,50,5.1,-9900,-9900,0.0,0.0
2017,3,22,5,60,0.00,0.00,0.00,0.00,0.00,10,18.1,13.9,76,1011.3,50,5.0,-9900,-9900,0.0,0.0
2017,3,22,6,60,1.66,138.86,0.00,0.00,0.00,10,18.4,14.3,77,1011.4,50,5.3,-9900,-9900,0.0,0.0
2017,3,22,7,60,193.52,1374.92,0.00,0.00,0.00,10,18.8,14.8,78,1011.5,50,4.9,-9900,-9900,0.0,0.0
2017,3,22,8,60,502.64,1374.92,77.78,3.72,76.42,10,19.9,15.4,75,1011.7,50,3.8,22,1,0.0,0.0
2017,3,22,9,60,777.50,1374.92,166.67,6.61,162.93,9,20.9,15.9,73,1011.9,50,3.8,22,1,0.0,0.0
2017,3,22,10,60,999.37,1374.92,405.56,113.32,323.19,9,22.5,17.0,71,1011.3,50,3.6,-9900,-9900,0.0,0.0
2017,3,22,11,60,1153.15,1374.92,561.11,228.40,369.55,9,25.3,18.1,64,1010.4,60,3.3,35,3,0.0,0.0
2017,3,22,12,60,1228.33,1374.92,461.11,81.49,388.31,9,25.2,17.7,63,1009.8,90,1.0,-9900,-9900,0.0,0.0
2017,3,22,13,60,1219.80,1374.92,583.33,214.44,393.08,9,25.6,17.5,61,1008.9,90,1.9,-9900,-9900,0.0,0.0
2017,3,22,14,60,1128.15,1374.92,322.22,22.38,303.86,9,25.1,17.5,63,1008.4,140,2.2,20,1,0.0,0.0
2017,3,22,15,60,959.62,1374.92,313.89,43.51,283.52,10,24.4,17.7,66,1008.2,150,3.1,-9900,-9900,0.0,0.0
2017,3,22,16,60,725.69,1374.92,138.89,5.40,136.04,10,23.6,17.3,68,1008.1,150,2.3,-9900,-9900,0.0,0.0
2017,3,22,17,60,442.30,1374.92,83.33,5.25,81.64,10,23.4,17.1,68,1008.3,150,2.2,25,3,0.0,0.0
2017,3,22,18,60,130.58,1236.06,0.00,0.00,0.00,10,23.1,16.8,68,1009.1,180,1.5,-9900,-9900,0.0,0.0
2017,3,22,19,60,0.00,0.00,0.00,0.00,0.00,10,23.0,17.0,69,1010.1,260,1.6,-9900,-9900,0.0,0.0
2017,3,22,20,60,0.00,0.00,0.00,0.00,0.00,10,20.1,17.1,83,1011.5,300,2.0,8,1,0.0,0.9
2017,3,22,21,60,0.00,0.00,0.00,0.00,0.00,10,19.8,16.6,82,1012.1,270,1.7,4,1,0.0,1.0
2017,3,22,22,60,0.00,0.00,0.00,0.00,0.00,10,18.9,15.9,83,1012.9,280,1.8,-9900,-9900,0.1,1.0
2017,3,22,23,60,0.00,0.00,0.00,0.00,0.00,10,18.0,15.0,83,1013.1,260,2.3,-9900,-9900,0.5,1.0
2017,3,22,24,60,0.00,0.00,0.00,0.00,0.00,10,17.6,14.8,84,1012.9,270,0.9,-9900,-9900,0.6,1.0
2017,3,23,1,60,0.00,0.00,0.00,0.00,0.00,10,17.1,14.4,84,1012.7,280,0.7,-9900,-9900,0.0,1.0
2017,3,23,2,60,0.00,0.00,0.00,0.00,0.00,10,16.9,14.5,86,1012.4,200,1.3,-9900,-9900,1.5,1.0
2017,3,23,3,60,0.00,0.00,0.00,0.00,0.00,10,17.1,14.8,86,1012.2,190,1.3,-9900,-9900,1.0,1.0
2017,3,23,4,60,0.00,0.00,0.00,0.00,0.00,10,17.2,15.0,87,1011.6,210,0.4,-9900,-9900,0.0,0.4
2017,3,23,5,60,0.00,0.00,0.00,0.00,0.00,10,17.4,15.3,87,1011.5,350,0.7,-9900,-9900,0.0,0.0
2017,3,23,6,60,2.10,156.05,0.00,0.00,0.00,10,17.8,15.4,86,1012.2,220,0.6,-9900,-9900,0.0,0.3
2017,3,23,7,60,197.51,1374.15,0.00,0.00,0.00,10,18.1,15.6,85,1012.9,0,0.0,-9900,-9900,0.0,1.0
2017,3,23,8,60,506.44,1374.15,44.44,1.47,43.90,10,18.5,15.8,84,1013.5,250,1.0,8,2,1.0,1.0
2017,3,23,9,60,781.14,1374.15,36.11,0.56,35.79,10,18.8,16.3,85,1013.3,0,0.0,10,1,0.5,0.5
2017,3,23,10,60,1002.89,1374.15,116.67,2.30,114.99,10,19.2,16.7,85,1013.6,210,0.7,-9900,-9900,0.0,0.0
2017,3,23,11,60,1156.57,1374.15,166.67,3.30,163.89,9,19.9,17.3,85,1013.4,290,0.3,12,1,0.0,0.0
2017,3,23,12,60,1231.71,1374.15,505.56,118.67,399.19,8,21.6,18.6,83,1012.8,300,0.6,-9900,-9900,0.0,0.0
2017,3,23,13,60,1223.19,1374.15,769.44,526.88,300.44,4,22.8,18.2,75,1012.1,310,0.6,-9900,-9900,0.0,0.0
2017,3,23,14,60,1131.59,1374.15,852.78,840.80,160.39,4,23.6,18.2,72,1011.4,290,1.9,15,-9900,0.0,0.0
2017,3,23,15,60,963.16,1374.15,563.89,424.82,266.13,7,21.0,16.1,74,1011.0,60,2.3,-9900,-9900,0.0,0.0
2017,3,23,16,60,729.36,1374.15,105.56,3.33,103.79,9,19.4,14.3,72,1012.1,80,3.6,-9900,-9900,0.0,0.0
2017,3,23,17,60,446.15,1374.15,75.00,4.31,73.60,9,18.6,13.8,74,1012.7,60,4.1,20,1,0.0,0.0
2017,3,23,18,60,134.20,1252.65,16.67,0.00,16.67,9,18.8,13.6,72,1013.4,60,3.3,-9900,-9900,0.0,0.0
2017,3,23,19,60,0.00,0.00,0.00,0.00,0.00,9,18.7,13.7,73,1014.1,50,4.8,-9900,-9900,0.0,0.0
2017,3,23,20,60,0.00,0.00,0.00,0.00,0.00,9,18.5,13.2,71,1015.0,50,4.1,14,1,0.0,0.0
2017,3,23,21,60,0.00,0.00,0.00,0.00,0.00,8,18.3,13.0,71,1015.3,60,3.3,14,1,0.0,0.0
2017,3,23,22,60,0.00,0.00,0.00,0.00,0.00,8,18.2,12.8,71,1015.1,60,3.6,-9900,-9900,0.0,0.0
2017,3,23,23,60,0.00,0.00,0.00,0.00,0.00,7,18.3,12.9,71,1015.3,60,3.2,-9900,-9900,0.0,0.0
2017,3,23,24,60,0.00,0.00,0.00,0.00,0.00,7,18.3,12.8,70,1014.9,50,4.6,-9900,-9900,0.0,0.0
2017,3,24,1,60,0.00,0.00,0.00,0.00,0.00,6,18.2,12.7,70,1015.0,50,3.4,-9900,-9900,0.0,0.0
2017,3,24,2,60,0.00,0.00,0.00,0.00,0.00,6,18.3,12.9,71,1014.8,50,3.3,-9900,-9900,0.0,0.0
2017,3,24,3,60,0.00,0.00,0.00,0.00,0.00,5,18.2,12.9,71,1015.1,50,2.9,-9900,-9900,0.0,0.0
2017,3,24,4,60,0.00,0.00,0.00,0.00,0.00,5,18.0,12.9,72,1015.4,50,3.2,-9900,-9900,0.0,0.0
2017,3,24,5,60,0.00,0.00,0.00,0.00,0.00,4,18.1,12.7,71,1015.1,50,3.5,-9900,-9900,0.0,0.0
2017,3,24,6,60,2.59,173.23,0.00,0.00,0.00,4,17.9,13.0,73,1015.1,60,3.6,-9900,-9900,0.0,0.0
2017,3,24,7,60,201.48,1373.39,61.11,0.00,61.11,3,18.2,13.3,73,1015.2,50,3.9,-9900,-9900,0.0,0.0
2017,3,24,8,60,510.21,1373.39,213.89,129.21,165.89,3,19.2,14.0,72,1015.3,50,4.0,25,-9900,0.0,0.0
2017,3,24,9,60,784.74,1373.39,505.56,563.71,183.46,4,21.0,15.3,70,1015.1,60,3.6,20,-9900,0.0,0.0
2017,3,24,10,60,1006.35,1373.39,686.11,657.82,204.09,4,22.7,16.2,67,1014.2,60,2.8,-9900,-9900,0.0,0.0
2017,3,24,11,60,1159.93,1373.39,811.11,702.38,217.90,4,23.9,16.5,63,1013.3,30,2.5,20,-9900,0.0,0.0
2017,3,24,12,60,1235.02,1373.39,977.78,891.61,176.00,3,23.8,16.5,64,1012.0,50,3.3,-9900,-9900,0.0,0.0
2017,3,24,13,60,1226.51,1373.39,986.11,905.44,177.50,2,25.0,17.0,61,1010.9,40,3.8,-9900,-9900,0.0,0.0
2017,3,24,14,60,1134.98,1373.39,833.33,791.48,179.25,3,24.0,16.6,63,1009.4,50,5.1,25,-9900,0.0,0.0
2017,3,24,15,60,966.65,1373.39,705.56,780.50,156.21,4,25.6,17.3,60,1009.0,40,3.2,-9900,-9900,0.0,0.0
2017,3,24,16,60,733.00,1373.39,347.22,206.87,236.81,9,23.0,15.8,64,1009.3,50,4.6,-9900,-9900,0.0,0.0
2017,3,24,17,60,449.96,1373.39,77.78,4.52,76.30,9,22.1,15.6,67,1009.8,50,3.7,20,1,0.0,0.0
2017,3,24,18,60,137.85,1269.21,33.33,0.00,33.33,9,21.6,15.5,68,1010.4,40,3.1,-9900,-9900,0.0,0.0
2017,3,24,19,60,0.00,0.00,0.00,0.00,0.00,9,21.2,15.5,70,1010.9,50,2.7,-9900,-9900,0.0,0.0
2017,3,24,20,60,0.00,0.00,0.00,0.00,0.00,9,21.1,15.4,70,1011.8,40,2.0,20,1,0.0,0.0
2017,3,24,21,60,0.00,0.00,0.00,0.00,0.00,9,21.2,15.6,70,1012.2,90,2.2,20,1,0.0,0.0
2017,3,24,22,60,0.00,0.00,0.00,0.00,0.00,9,20.9,15.4,71,1012.1,70,0.3,-9900,-9900,0.0,0.0
2017,3,24,23,60,0.00,0.00,0.00,0.00,0.00,9,21.2,15.6,70,1012.0,170,1.1,-9900,-9900,0.0,0.0
2017,3,24,24,60,0.00,0.00,0.00,0.00,0.00,9,21.0,16.0,73,1012.0,180,0.8,-9900,-9900,0.0,0.0
2017,3,25,1,60,0.00,0.00,0.00,0.00,0.00,9,21.0,16.1,74,1011.9,230,0.7,-9900,-9900,0.0,0.0
2017,3,25,2,60,0.00,0.00,0.00,0.00,0.00,9,20.7,16.4,76,1011.9,260,1.1,-9900,-9900,0.0,0.0
2017,3,25,3,60,0.00,0.00,0.00,0.00,0.00,10,19.4,16.3,82,1012.1,290,0.8,-9900,-9900,0.0,0.3
2017,3,25,4,60,0.00,0.00,0.00,0.00,0.00,10,18.8,15.5,81,1012.1,270,0.5,-9900,-9900,0.0,1.0
2017,3,25,5,60,0.00,0.00,0.00,0.00,0.00,10,18.0,15.4,85,1013.0,150,0.7,-9900,-9900,0.5,1.0
2017,3,25,6,60,3.13,190.37,0.00,0.00,0.00,10,17.3,14.7,85,1014.1,130,1.3,-9900,-9900,2.5,1.0
2017,3,25,7,60,205.43,1372.62,0.00,0.00,0.00,10,16.6,14.2,86,1014.5,100,1.8,-9900,-9900,1.5,1.0
2017,3,25,8,60,513.95,1372.62,25.00,0.59,24.78,10,16.7,13.9,84,1014.3,80,2.2,20,3,1.0,0.8
2017,3,25,9,60,788.30,1372.62,108.33,3.05,106.58,10,17.2,14.2,83,1015.8,50,1.4,20,3,0.0,0.1
2017,3,25,10,60,1009.75,1372.62,25.00,0.24,24.82,10,16.9,14.5,86,1016.2,200,0.6,-9900,-9900,2.5,1.0
2017,3,25,11,60,1163.23,1372.62,11.11,0.07,11.05,10,17.0,14.2,84,1016.2,230,1.1,12,1,1.0,1.0
2017,3,25,12,60,1238.27,1372.62,13.89,0.09,13.81,10,16.5,14.1,86,1015.7,150,1.4,-9900,-9900,2.5,1.0
2017,3,25,13,60,1229.76,1372.62,163.89,2.89,161.30,10,16.7,13.7,82,1015.3,60,2.7,-9900,-9900,0.5,0.3
2017,3,25,14,60,1138.29,1372.62,19.44,0.14,19.32,10,17.1,13.6,80,1015.0,10,1.5,15,1,0.0,0.0
2017,3,25,15,60,970.07,1372.62,36.11,0.41,35.82,10,16.2,13.3,83,1015.1,350,0.4,-9900,-9900,0.0,0.8
2017,3,25,16,60,736.59,1372.62,2.78,0.02,2.77,10,15.3,13.0,86,1015.7,350,0.5,-9900,-9900,1.0,1.0
2017,3,25,17,60,453.74,1372.62,0.00,0.00,0.00,10,15.2,12.5,84,1015.9,90,1.7,12,1,1.0,0.5
2017,3,25,18,60,141.54,1285.75,0.00,0.00,0.00,10,15.3,11.8,80,1016.1,110,1.7,-9900,-9900,0.0,1.0
2017,3,25,19,60,0.00,0.00,0.00,0.00,0.00,10,15.0,11.3,79,1016.4,60,1.5,-9900,-9900,0.0,1.0
2017,3,25,20,60,0.00,0.00,0.00,0.00,0.00,10,14.7,11.3,80,1017.7,110,1.6,10,3,1.0,1.0
2017,3,25,21,60,0.00,0.00,0.00,0.00,0.00,10,14.4,11.5,83,1018.0,100,1.5,5,1,2.0,1.0
2017,3,25,22,60,0.00,0.00,0.00,0.00,0.00,10,14.0,11.5,85,1018.7,70,1.1,-9900,-9900,3.0,1.0
2017,3,25,23,60,0.00,0.00,0.00,0.00,0.00,10,14.1,11.5,84,1018.4,230,0.7,-9900,-9900,3.5,1.0
2017,3,25,24,60,0.00,0.00,0.00,0.00,0.00,10,13.8,11.0,83,1017.8,70,3.5,-9900,-9900,2.0,1.0
2017,3,26,1,60,0.00,0.00,0.00,0.00,0.00,10,14.0,11.2,83,1017.4,80,2.8,-9900,-9900,1.4,1.0
2017,3,26,2,60,0.00,0.00,0.00,0.00,0.00,10,13.5,10.4,82,1017.6,50,3.0,-9900,-9900,1.5,1.0
2017,3,26,3,60,0.00,0.00,0.00,0.00,0.00,10,13.1,10.1,82,1017.6,60,2.7,-9900,-9900,3.4,1.0
2017,3,26,4,60,0.00,0.00,0.00,0.00,0.00,10,12.7,9.9,83,1018.0,70,1.7,-9900,-9900,2.0,1.0
2017,3,26,5,60,0.00,0.00,0.00,0.00,0.00,10,12.9,10.2,84,1018.3,110,1.7,-9900,-9900,2.6,1.0
2017,3,26,6,60,3.72,207.49,0.00,0.00,0.00,10,13.2,10.4,83,1018.2,120,1.9,-9900,-9900,0.3,1.0
2017,3,26,7,60,209.36,1371.84,0.00,0.00,0.00,10,13.6,10.5,82,1019.2,110,0.9,-9900,-9900,0.0,1.0
2017,3,26,8,60,517.66,1371.84,0.00,0.00,0.00,10,13.7,10.9,83,1019.9,140,1.7,7,3,0.0,1.0
2017,3,26,9,60,791.80,1371.84,36.11,0.54,35.80,10,14.3,10.9,80,1020.1,130,2.0,7,3,0.0,0.3
2017,3,26,10,60,1013.09,1371.84,100.00,1.76,98.70,10,15.0,10.7,75,1020.4,130,1.5,-9900,-9900,0.0,0.0
2017,3,26,11,60,1166.45,1371.84,19.44,0.14,19.32,10,14.5,10.7,78,1020.4,140,1.5,7,3,0.0,0.5
2017,3,26,12,60,1241.44,1371.84,94.44,1.16,93.39,10,14.7,11.1,79,1020.6,150,1.8,-9900,-9900,0.3,1.0
2017,3,26,13,60,1232.93,1371.84,97.22,1.24,96.11,10,15.0,11.0,77,1020.4,130,1.7,-9900,-9900,0.5,1.0
2017,3,26,14,60,1141.52,1371.84,36.11,0.32,35.84,10,14.7,11.2,80,1019.5,80,0.9,6,3,0.3,1.0
2017,3,26,15,60,973.44,1371.84,38.89,0.45,38.57,10,15.3,10.5,73,1019.8,50,1.8,6,-9900,0.1,0.2
2017,3,26,16,60,740.13,1371.84,111.11,3.54,109.20,10,15.4,11.2,76,1019.3,130,2.4,7,-9900,0.0,0.0
2017,3,26,17,60,457.49,1371.84,0.00,0.00,0.00,10,15.3,10.8,75,1019.3,100,2.0,7,3,0.0,0.0
2017,3,26,18,60,145.27,1302.24,0.00,0.00,0.00,10,15.5,10.0,70,1020.3,110,2.0,-9900,-9900,0.0,0.0
2017,3,26,19,60,0.00,0.00,0.00,0.00,0.00,10,15.2,9.8,70,1020.6,120,2.3,-9900,-9900,0.0,0.0
2017,3,26,20,60,0.00,0.00,0.00,0.00,0.00,10,15.1,9.7,70,1021.2,100,1.9,6,3,0.0,0.0
2017,3,26,21,60,0.00,0.00,0.00,0.00,0.00,10,15.2,9.3,68,1021.6,110,2.5,9,3,0.0,0.0
2017,3,26,22,60,0.00,0.00,0.00,0.00,0.00,9,15.6,9.3,66,1021.9,80,2.8,-9900,-9900,0.0,0.0
2017,3,26,23,60,0.00,0.00,0.00,0.00,0.00,8,14.2,9.5,73,1021.9,140,1.3,-9900,-9900,0.0,0.0
2017,3,26,24,60,0.00,0.00,0.00,0.00,0.00,7,13.5,9.2,75,1021.9,100,1.1,-9900,-9900,0.0,0.0
2017,3,27,1,60,0.00,0.00,0.00,0.00,0.00,6,13.1,9.0,76,1021.6,110,1.1,-9900,-9900,0.0,0.0
2017,3,27,2,60,0.00,0.00,0.00,0.00,0.00,5,12.6,8.3,75,1021.0,130,1.1,-9900,-9900,0.0,0.0
2017,3,27,3,60,0.00,0.00,0.00,0.00,0.00,5,13.3,8.6,73,1020.4,50,2.3,-9900,-9900,0.0,0.0
2017,3,27,4,60,0.00,0.00,0.00,0.00,0.00,4,15.0,8.9,67,1019.8,50,2.9,-9900,-9900,0.0,0.0
2017,3,27,5,60,0.00,0.00,0.00,0.00,0.00,3,15.1,8.7,66,1020.1,40,2.7,-9900,-9900,0.0,0.0
2017,3,27,6,60,4.36,224.58,0.00,0.00,0.00,2,15.4,8.6,64,1020.5,50,3.0,-9900,-9900,0.0,0.0
2017,3,27,7,60,213.27,1371.07,63.89,0.00,63.89,1,16.0,9.2,64,1020.6,50,3.1,-9900,-9900,0.0,0.0
2017,3,27,8,60,521.33,1371.07,277.78,312.57,158.93,0,18.6,10.9,61,1021.1,60,3.8,18,-9900,0.0,0.0
2017,3,27,9,60,795.25,1371.07,544.44,663.91,159.36,0,20.9,11.7,56,1021.3,50,4.7,18,-9900,0.0,0.0
2017,3,27,10,60,1016.37,1371.07,750.00,799.49,157.34,0,22.1,11.3,50,1021.4,60,4.3,-9900,-9900,0.0,0.0
2017,3,27,11,60,1169.61,1371.07,888.89,854.79,159.70,0,23.5,10.8,45,1021.3,50,4.7,18,-9900,0.0,0.0
2017,3,27,12,60,1244.54,1371.07,1000.00,903.37,180.00,1,24.3,11.1,43,1020.5,40,3.9,-9900,-9900,0.0,0.0
2017,3,27,13,60,1236.05,1371.07,1000.00,909.57,180.00,1,23.9,11.1,45,1019.6,60,3.4,-9900,-9900,0.0,0.0
2017,3,27,14,60,1144.71,1371.07,850.00,811.16,172.76,2,23.5,10.8,45,1018.9,50,5.0,15,-9900,0.0,0.0
2017,3,27,15,60,976.75,1371.07,711.11,774.44,159.40,2,23.2,10.4,44,1018.1,50,4.9,-9900,-9900,0.0,0.0
2017,3,27,16,60,743.62,1371.07,522.22,708.80,137.79,2,22.5,9.6,44,1017.7,40,5.3,-9900,-9900,0.0,0.0
2017,3,27,17,60,461.21,1371.07,275.00,448.39,124.17,1,21.2,8.9,45,1017.9,50,4.9,15,-9900,0.0,0.0
2017,3,27,18,60,149.04,1318.71,63.89,0.00,63.89,1,20.4,8.9,48,1018.1,50,5.7,-9900,-9900,0.0,0.0
2017,3,27,19,60,0.00,0.00,0.00,0.00,0.00,0,19.4,8.5,49,1018.7,50,4.1,-9900,-9900,0.0,0.0
2017,3,27,20,60,0.00,0.00,0.00,0.00,0.00,0,19.1,8.5,50,1019.3,50,4.8,18,-9900,0.0,0.0
2017,3,27,21,60,0.00,0.00,0.00,0.00,0.00,0,18.8,9.0,53,1019.8,50,4.3,18,-9900,0.0,0.0
2017,3,27,22,60,0.00,0.00,0.00,0.00,0.00,0,18.8,9.7,55,1019.8,50,4.2,-9900,-9900,0.0,0.0
2017,3,27,23,60,0.00,0.00,0.00,0.00,0.00,0,18.9,10.1,57,1019.6,50,3.8,-9900,-9900,0.0,0.0
2017,3,27,24,60,0.00,0.00,0.00,0.00,0.00,1,19.0,10.5,58,1019.0,50,3.6,-9900,-9900,0.0,0.0
2017,3,28,1,60,0.00,0.00,0.00,0.00,0.00,1,19.5,10.8,57,1018.5,70,3.2,-9900,-9900,0.0,0.0
2017,3,28,2,60,0.00,0.00,0.00,0.00,0.00,1,19.3,10.8,58,1017.7,70,2.5,-9900,-9900,0.0,0.0
2017,3,28,3,60,0.00,0.00,0.00,0.00,0.00,1,19.5,10.9,58,1017.0,70,2.6,-9900,-9900,0.0,0.0
2017,3,28,4,60,0.00,0.00,0.00,0.00,0.00,1,19.1,10.9,59,1016.7,70,2.6,-9900,-9900,0.0,0.0
2017,3,28,5,60,0.00,0.00,0.00,0.00,0.00,1,18.9,11.0,60,1016.9,80,2.2,-9900,-9900,0.0,0.0
2017,3,28,6,60,5.05,241.63,0.00,0.00,0.00,2,17.8,11.0,64,1017.3,80,1.4,-9900,-9900,0.0,0.0
2017,3,28,7,60,217.17,1370.30,55.56,0.00,55.56,2,18.2,11.8,66,1017.7,0,0.0,-9900,-9900,0.0,0.0
2017,3,28,8,60,524.97,1370.30,261.11,246.22,166.78,2,21.6,13.2,59,1018.2,70,1.2,18,-9900,0.0,0.0
2017,3,28,9,60,798.66,1370.30,494.44,501.51,202.14,2,23.1,13.7,55,1018.3,70,1.9,20,-9900,0.0,0.0
2017,3,28,10,60,1019.59,1370.30,713.89,703.08,190.75,5,24.6,14.2,52,1017.8,70,2.8,-9900,-9900,0.0,0.0
2017,3,28,11,60,1172.71,1370.30,769.44,591.86,262.92,3,25.4,13.9,49,1017.0,110,2.3,18,-9900,0.0,0.0
2017,3,28,12,60,1247.58,1370.30,972.22,875.64,175.00,2,26.3,13.9,46,1015.8,120,2.5,-9900,-9900,0.0,0.0
2017,3,28,13,60,1239.09,1370.30,919.44,809.40,187.54,1,26.1,14.2,48,1014.7,90,3.7,-9900,-9900,0.0,0.0
2017,3,28,14,60,1147.82,1370.30,833.33,768.86,189.30,1,26.4,14.3,47,1013.8,80,2.9,20,-9900,0.0,0.0
2017,3,28,15,60,980.01,1370.30,655.56,623.91,209.35,1,26.3,14.4,48,1013.2,70,2.2,-9900,-9900,0.0,0.0
2017,3,28,16,60,747.07,1370.30,411.11,347.68,221.56,3,25.7,14.5,50,1013.6,30,1.0,-9900,-9900,0.0,0.0
2017,3,28,17,60,464.89,1370.30,222.22,213.38,149.83,6,24.0,15.1,58,1014.1,270,2.2,12,-9900,0.0,0.0
2017,3,28,18,60,152.83,1335.15,16.67,0.00,16.67,6,23.2,13.9,56,1014.6,290,0.3,-9900,-9900,0.0,0.0
2017,3,28,19,60,0.00,0.00,0.00,0.00,0.00,6,22.8,13.7,56,1015.2,240,1.0,-9900,-9900,0.0,0.0
2017,3,28,20,60,0.00,0.00,0.00,0.00,0.00,6,21.8,13.9,61,1015.9,80,1.3,12,3,0.0,0.0
2017,3,28,21,60,0.00,0.00,0.00,0.00,0.00,6,21.2,13.8,63,1016.2,90,2.0,15,3,0.0,0.0
2017,3,28,22,60,0.00,0.00,0.00,0.00,0.00,6,20.8,13.8,64,1016.6,120,1.0,-9900,-9900,0.0,0.0
2017,3,28,23,60,0.00,0.00,0.00,0.00,0.00,5,20.5,13.9,66,1016.4,160,0.7,-9900,-9900,0.0,0.0
2017,3,28,24,60,0.00,0.00,0.00,0.00,0.00,5,19.9,14.0,69,1016.1,150,1.9,-9900,-9900,0.0,0.0
2017,3,29,1,60,0.00,0.00,0.00,0.00,0.00,5,19.6,13.9,70,1016.1,160,1.0,-9900,-9900,0.0,0.0
2017,3,29,2,60,0.00,0.00,0.00,0.00,0.00,5,19.0,13.8,72,1015.7,160,2.3,-9900,-9900,0.0,0.0
2017,3,29,3,60,0.00,0.00,0.00,0.00,0.00,4,18.6,13.7,73,1015.3,150,1.6,-9900,-9900,0.0,0.0
2017,3,29,4,60,0.00,0.00,0.00,0.00,0.00,4,18.2,13.3,73,1015.2,140,1.6,-9900,-9900,0.0,0.0
2017,3,29,5,60,0.00,0.00,0.00,0.00,0.00,4,18.0,13.2,74,1015.9,200,0.9,-9900,-9900,0.0,0.0
2017,3,29,6,60,5.79,258.64,0.00,0.00,0.00,4,18.1,12.5,70,1016.6,170,1.2,-9900,-9900,0.0,0.0
2017,3,29,7,60,221.03,1369.52,16.67,0.00,16.67,3,18.5,12.9,70,1017.1,100,0.8,-9900,-9900,0.0,0.0
2017,3,29,8,60,528.56,1369.52,238.89,173.00,172.12,3,19.8,13.9,69,1017.6,150,1.7,12,-9900,0.0,0.0
2017,3,29,9,60,802.01,1369.52,452.78,377.52,231.70,5,22.3,15.2,64,1017.9,0,0.0,10,-9900,0.0,0.0
2017,3,29,10,60,1022.74,1369.52,358.33,59.70,313.75,6,22.9,14.7,60,1018.1,230,0.7,-9900,-9900,0.0,0.0
2017,3,29,11,60,1175.73,1369.52,591.67,256.48,371.48,7,25.5,17.0,59,1018.0,300,1.3,8,3,0.0,0.0
2017,3,29,12,60,1250.53,1369.52,800.00,551.07,296.81,6,26.6,16.5,54,1016.6,310,0.5,-9900,-9900,0.0,0.0
2017,3,29,13,60,1242.05,1369.52,547.22,156.83,404.99,6,25.9,16.0,54,1015.5,340,1.9,-9900,-9900,0.0,0.0
2017,3,29,14,60,1150.86,1369.52,375.00,42.55,339.24,7,25.6,16.1,56,1014.6,310,0.9,12,1,0.0,0.0
2017,3,29,15,60,983.20,1369.52,486.11,240.91,313.16,9,25.4,16.3,57,1014.6,310,1.5,-9900,-9900,0.0,0.0
2017,3,29,16,60,750.47,1369.52,302.78,110.20,242.39,8,24.8,16.5,60,1015.0,320,1.3,-9900,-9900,0.0,0.0
2017,3,29,17,60,468.54,1369.52,244.44,290.63,145.01,9,23.0,15.3,62,1015.4,50,2.9,12,1,0.0,0.0
2017,3,29,18,60,156.67,1351.54,0.00,0.00,0.00,9,21.8,14.6,64,1016.2,40,2.5,-9900,-9900,0.0,0.0
2017,3,29,19,60,0.00,0.00,0.00,0.00,0.00,8,21.3,15.0,67,1016.6,50,2.3,-9900,-9900,0.0,0.0
2017,3,29,20,60,0.00,0.00,0.00,0.00,0.00,8,20.9,14.9,69,1017.1,70,1.8,12,1,0.0,0.0
2017,3,29,21,60,0.00,0.00,0.00,0.00,0.00,5,20.7,14.9,69,1017.8,90,2.5,12,-9900,0.0,0.0
2017,3,29,22,60,0.00,0.00,0.00,0.00,0.00,5,20.3,14.6,70,1017.6,50,3.3,-9900,-9900,0.0,0.0
2017,3,29,23,60,0.00,0.00,0.00,0.00,0.00,6,19.8,15.2,75,1017.3,60,2.3,-9900,-9900,0.0,0.0
2017,3,29,24,60,0.00,0.00,0.00,0.00,0.00,6,20.0,15.3,74,1016.7,60,1.1,-9900,-9900,0.0,0.0
2017,3,30,1,60,0.00,0.00,0.00,0.00,0.00,7,19.5,15.2,76,1016.0,190,0.6,-9900,-9900,0.0,0.0
2017,3,30,2,60,0.00,0.00,0.00,0.00,0.00,7,18.9,14.9,78,1015.6,0,0.0,-9900,-9900,0.0,0.0
2017,3,30,3,60,0.00,0.00,0.00,0.00,0.00,8,18.5,14.7,79,1015.0,30,0.3,-9900,-9900,0.0,0.0
2017,3,30,4,60,0.00,0.00,0.00,0.00,0.00,8,18.7,14.2,75,1015.0,130,1.0,-9900,-9900,0.0,0.0
2017,3,30,5,60,0.00,0.00,0.00,0.00,0.00,9,18.6,13.7,73,1015.6,150,0.9,-9900,-9900,0.0,0.0
2017,3,30,6,60,6.57,275.61,0.00,0.00,0.00,9,18.6,13.9,74,1015.5,160,1.6,-9900,-9900,0.0,0.0
2017,3,30,7,60,224.88,1368.75,30.56,0.00,30.56,10,19.1,13.9,72,1015.8,190,1.3,-9900,-9900,0.0,0.0
2017,3,30,8,60,532.12,1368.75,183.33,55.23,161.86,10,20.4,14.9,71,1015.7,160,1.4,10,-9900,0.0,0.0
2017,3,30,9,60,805.32,1368.75,366.67,177.82,262.05,9,22.1,15.8,67,1016.0,180,0.9,10,-9900,0.0,0.0
2017,3,30,10,60,1025.84,1368.75,502.78,233.36,327.88,9,24.6,17.2,63,1015.8,150,1.0,-9900,-9900,0.0,0.0
2017,3,30,11,60,1178.69,1368.75,730.56,502.67,297.69,10,26.8,17.2,56,1014.9,170,1.1,12,-9900,0.0,0.0
2017,3,30,12,60,1253.42,1368.75,825.00,596.36,278.89,10,27.7,16.8,51,1013.7,210,0.6,-9900,-9900,0.0,0.0
2017,3,30,13,60,1244.95,1368.75,638.89,274.47,389.25,10,27.8,16.9,52,1013.0,280,1.6,-9900,-9900,0.0,0.0
2017,3,30,14,60,1153.85,1368.75,544.44,203.22,373.13,10,28.3,19.9,60,1012.5,290,1.8,9,-9900,0.0,0.0
2017,3,30,15,60,986.33,1368.75,416.67,132.80,320.97,10,26.4,18.8,63,1012.2,280,2.2,-9900,-9900,0.0,0.0
2017,3,30,16,60,753.83,1368.75,269.44,65.29,233.48,10,25.4,18.8,67,1012.2,290,0.8,-9900,-9900,0.0,0.0
2017,3,30,17,60,472.16,1368.75,180.56,87.87,150.25,10,24.5,18.5,69,1011.9,350,1.0,10,-9900,0.0,0.0
2017,3,30,18,60,160.53,1367.89,0.00,0.00,0.00,10,23.9,18.1,70,1011.8,320,1.1,-9900,-9900,0.0,0.0
2017,3,30,19,60,0.00,0.00,0.00,0.00,0.00,10,23.8,17.9,70,1012.3,260,0.9,-9900,-9900,0.0,0.0
2017,3,30,20,60,0.00,0.00,0.00,0.00,0.00,10,23.7,18.0,70,1013.2,0,0.0,10,3,0.0,0.0
2017,3,30,21,60,0.00,0.00,0.00,0.00,0.00,8,23.4,18.0,72,1013.1,230,1.0,10,3,0.0,0.0
2017,3,30,22,60,0.00,0.00,0.00,0.00,0.00,8,23.2,17.9,72,1013.1,240,0.8,-9900,-9900,0.0,0.0
2017,3,30,23,60,0.00,0.00,0.00,0.00,0.00,8,22.2,17.8,76,1011.9,120,1.3,-9900,-9900,0.0,0.0
2017,3,30,24,60,0.00,0.00,0.00,0.00,0.00,9,22.1,17.6,76,1011.2,220,0.4,-9900,-9900,0.0,0.0
2017,3,31,1,60,0.00,0.00,0.00,0.00,0.00,9,21.6,17.6,78,1011.1,210,0.8,-9900,-9900,0.0,0.0
2017,3,31,2,60,0.00,0.00,0.00,0.00,0.00,9,21.3,17.2,77,1010.7,190,1.1,-9900,-9900,0.0,0.0
2017,3,31,3,60,0.00,0.00,0.00,0.00,0.00,9,20.8,16.6,77,1009.7,150,1.1,-9900,-9900,0.0,0.0
2017,3,31,4,60,0.00,0.00,0.00,0.00,0.00,9,20.4,16.1,76,1009.0,150,1.8,-9900,-9900,0.0,0.0
2017,3,31,5,60,0.00,0.00,0.00,0.00,0.00,9,20.0,16.0,78,1008.9,110,0.7,-9900,-9900,0.0,0.0
2017,3,31,6,60,7.40,292.53,0.00,0.00,0.00,10,20.0,16.0,78,1009.6,170,1.2,-9900,-9900,0.0,0.0
2017,3,31,7,60,228.70,1367.97,58.33,0.00,58.33,10,20.6,16.5,77,1010.4,200,1.1,-9900,-9900,0.0,0.0
2017,3,31,8,60,535.64,1367.97,127.78,9.42,124.09,10,21.8,17.0,74,1011.2,200,0.4,8,1,0.0,0.0
2017,3,31,9,60,808.57,1367.97,180.56,7.38,176.20,10,23.8,18.1,70,1010.7,20,0.3,8,1,0.0,0.0
2017,3,31,10,60,1028.88,1367.97,486.11,204.09,332.61,10,26.3,19.9,68,1010.3,200,1.1,-9900,-9900,0.0,0.0
2017,3,31,11,60,1181.56,1367.97,177.78,3.54,174.72,10,26.2,19.0,65,1009.8,260,1.1,10,1,0.0,0.0
2017,3,31,12,60,1256.22,1367.97,47.22,0.41,46.84,10,22.3,18.2,78,1010.3,300,2.2,-9900,-9900,0.0,0.0
2017,3,31,13,60,1247.76,1367.97,63.89,0.64,63.31,10,19.4,15.0,76,1010.9,80,4.1,-9900,-9900,0.0,0.0
2017,3,31,14,60,1156.75,1367.97,47.22,0.46,46.83,10,17.6,13.3,76,1011.3,50,4.8,12,1,0.0,0.9
2017,3,31,15,60,989.40,1367.97,167.39,4.33,164.26,10,16.0,12.4,79,1012.5,50,4.5,-9900,-9900,1.0,1.0
2017,3,31,16,60,757.12,1367.97,105.11,3.09,103.40,10,15.8,11.7,77,1012.5,50,3.7,-9900,-9900,0.5,0.2
2017,3,31,17,60,475.73,1367.97,0.00,0.00,0.00,10,15.7,11.6,77,1013.2,40,2.9,20,1,0.0,0.2
2017,3,31,18,60,164.42,1367.97,0.00,0.00,0.00,10,15.4,11.1,76,1014.5,50,3.0,-9900,-9900,0.0,1.0
2017,3,31,19,60,0.02,16.22,0.00,0.00,0.00,10,14.5,11.7,83,1016.0,40,0.9,-9900,-9900,6.0,1.0
2017,3,31,20,60,0.00,0.00,0.00,0.00,0.00,10,14.4,11.5,83,1016.9,100,1.2,5,1,3.5,1.0
2017,3,31,21,60,0.00,0.00,0.00,0.00,0.00,10,14.1,11.0,82,1017.6,50,0.6,7,1,2.5,1.0
2017,3,31,22,60,0.00,0.00,0.00,0.00,0.00,10,14.1,11.3,83,1017.9,220,0.4,-9900,-9900,1.0,0.1
2017,3,31,23,60,0.00,0.00,0.00,0.00,0.00,10,14.1,11.0,82,1018.6,100,0.4,-9900,-9900,1.5,0.3
2017,3,31,24,60,0.00,0.00,0.00,0.00,0.00,10,14.0,10.8,81,1018.3,210,1.0,-9900,-9900,3.5,0.8
2017,4,1,1,60,0.00,0.00,0.00,0.00,0.00,10,13.9,11.2,84,1017.9,50,0.8,-9900,-9900,1.1,1.0
2017,4,1,2,60,0.00,0.00,0.00,0.00,0.00,10,13.5,10.5,82,1018.1,0,0.0,-9900,-9900,1.9,1.0
2017,4,1,3,60,0.00,0.00,0.00,0.00,0.00,10,13.5,10.4,82,1017.6,140,1.2,-9900,-9900,2.0,1.0
2017,4,1,4,60,0.00,0.00,0.00,0.00,0.00,10,13.2,10.4,83,1017.4,110,1.8,-9900,-9900,2.5,1.0
2017,4,1,5,60,0.00,0.00,0.00,0.00,0.00,10,13.1,10.3,83,1017.3,80,1.4,-9900,-9900,2.6,1.0
2017,4,1,6,60,8.28,309.40,0.00,0.00,0.00,10,12.9,9.9,82,1017.5,140,0.5,-9900,-9900,1.6,1.0
2017,4,1,7,60,232.49,1367.19,0.00,0.00,0.00,10,13.3,10.5,83,1017.9,170,1.4,-9900,-9900,0.1,1.0
2017,4,1,8,60,539.11,1367.19,52.78,1.72,52.10,10,13.9,11.0,83,1018.6,190,1.4,10,0,0.1,0.3
2017,4,1,9,60,811.76,1367.19,136.11,4.26,133.58,8,14.6,11.4,81,1018.7,200,0.9,12,0,0.0,0.0
2017,4,1,10,60,1031.84,1367.19,166.67,3.99,163.66,8,15.8,11.8,77,1018.6,200,0.9,-9900,-9900,0.0,0.0
2017,4,1,11,60,1184.37,1367.19,177.78,3.52,174.73,8,16.3,10.9,70,1018.0,210,0.8,10,0,0.0,0.0
2017,4,1,12,60,1258.95,1367.19,466.67,76.68,396.06,8,17.8,11.7,67,1017.5,330,1.4,-9900,-9900,0.0,0.0
2017,4,1,13,60,1250.49,1367.19,327.78,14.52,314.50,7,17.7,10.4,62,1017.1,20,2.6,-9900,-9900,0.0,0.0
2017,4,1,14,60,1159.58,1367.19,388.89,48.68,347.60,6,18.0,10.1,60,1016.9,340,1.6,10,1,0.0,0.0
2017,4,1,15,60,992.41,1367.19,361.11,70.65,309.83,5,18.3,10.3,60,1016.7,350,2.3,-9900,-9900,0.0,0.0
2017,4,1,16,60,760.37,1367.19,372.22,232.09,243.14,2,18.7,9.2,54,1016.8,350,2.0,-9900,-9900,0.0,0.0
2017,4,1,17,60,479.28,1367.19,275.00,396.83,135.89,3,17.1,7.8,54,1017.3,40,2.2,12,-9900,0.0,0.0
2017,4,1,18,60,168.27,1367.19,61.11,0.00,61.11,3,16.3,6.9,54,1017.8,50,3.2,-9900,-9900,0.0,0.0
2017,4,1,19,60,0.10,33.26,0.00,0.00,0.00,3,15.7,6.7,55,1018.1,90,2.2,-9900,-9900,0.0,0.0
2017,4,1,20,60,0.00,0.00,0.00,0.00,0.00,2,15.2,7.0,58,1018.6,130,1.8,-9900,-9900,0.0,0.0
2017,4,1,21,60,0.00,0.00,0.00,0.00,0.00,2,14.2,7.5,64,1019.1,150,1.5,-9900,-9900,0.0,0.0
2017,4,1,22,60,0.00,0.00,0.00,0.00,0.00,2,13.8,7.4,65,1019.1,130,1.5,-9900,-9900,0.0,0.0
2017,4,1,23,60,0.00,0.00,0.00,0.00,0.00,2,13.3,7.1,66,1019.3,150,1.8,-9900,-9900,0.0,0.0
2017,4,1,24,60,0.00,0.00,0.00,0.00,0.00,2,13.3,6.8,65,1019.2,120,1.1,-9900,-9900,0.0,0.0
2017,4,2,1,60,0.00,0.00,0.00,0.00,0.00,1,12.8,6.8,67,1019.0,150,1.5,-9900,-9900,0.0,0.0
2017,4,2,2,60,0.00,0.00,0.00,0.00,0.00,1,12.7,6.4,65,1018.8,130,1.8,-9900,-9900,0.0,0.0
2017,4,2,3,60,0.00,0.00,0.00,0.00,0.00,1,12.2,6.5,68,1018.9,170,1.2,-9900,-9900,0.0,0.0
2017,4,2,4,60,0.00,0.00,0.00,0.00,0.00,1,11.9,6.2,68,1019.0,80,0.9,-9900,-9900,0.0,0.0
2017,4,2,5,60,0.00,0.00,0.00,0.00,0.00,1,11.8,6.1,68,1019.6,140,1.3,-9900,-9900,0.0,0.0
2017,4,2,6,60,9.21,326.23,0.00,0.00,0.00,0,11.8,5.9,67,1020.1,110,1.5,-9900,-9900,0.0,0.0
2017,4,2,7,60,236.26,1366.42,77.78,0.00,77.78,0,12.6,6.5,66,1020.4,140,0.8,-9900,-9900,0.0,0.0
2017,4,2,8,60,542.56,1366.42,294.44,331.15,162.95,0,15.2,8.8,66,1020.7,60,0.6,10,-9900,0.0,0.0
2017,4,2,9,60,814.91,1366.42,558.33,662.98,162.94,1,18.2,10.9,62,1021.1,90,0.9,11,-9900,0.0,0.0
2017,4,2,10,60,1034.75,1366.42,758.33,784.01,164.62,1,20.5,7.8,44,1021.0,90,2.8,-9900,-9900,0.0,0.0
2017,4,2,11,60,1187.12,1366.42,905.56,854.72,163.00,7,21.4,6.0,37,1020.9,40,3.2,12,-9900,0.0,0.0
2017,4,2,12,60,1261.62,1366.42,1000.00,888.11,180.00,7,22.2,4.0,30,1020.6,70,3.4,-9900,-9900,0.0,0.0
2017,4,2,13,60,1253.18,1366.42,1000.00,894.10,180.00,3,22.2,2.7,28,1019.8,70,3.3,-9900,-9900,0.0,0.0
2017,4,2,14,60,1162.36,1366.42,891.67,859.53,160.50,2,22.6,2.5,27,1019.2,60,3.4,15,-9900,0.0,0.0
2017,4,2,15,60,995.36,1366.42,755.56,849.66,136.63,2,21.4,1.9,27,1018.6,40,3.6,-9900,-9900,0.0,0.0
2017,4,2,16,60,763.57,1366.42,563.89,798.21,117.84,0,21.2,3.3,31,1018.3,40,4.1,-9900,-9900,0.0,0.0
2017,4,2,17,60,482.77,1366.42,302.78,519.40,119.27,0,19.7,3.1,33,1018.2,50,2.9,20,-9900,0.0,0.0
2017,4,2,18,60,172.11,1366.42,58.33,0.00,58.33,0,18.8,3.7,37,1018.4,50,4.9,-9900,-9900,0.0,0.0
2017,4,2,19,60,0.22,50.24,0.00,0.00,0.00,1,18.1,4.6,41,1018.5,70,3.0,-9900,-9900,0.0,0.0
2017,4,2,20,60,0.00,0.00,0.00,0.00,0.00,1,17.5,5.2,44,1018.7,50,3.7,-9900,-9900,0.0,0.0
2017,4,2,21,60,0.00,0.00,0.00,0.00,0.00,2,17.2,5.6,46,1019.1,60,2.6,-9900,-9900,0.0,0.0
2017,4,2,22,60,0.00,0.00,0.00,0.00,0.00,2,16.8,5.7,48,1019.6,50,3.4,-9900,-9900,0.0,0.0
2017,4,2,23,60,0.00,0.00,0.00,0.00,0.00,3,16.6,5.4,47,1019.6,50,4.2,-9900,-9900,0.0,0.0
2017,4,2,24,60,0.00,0.00,0.00,0.00,0.00,3,16.4,5.5,48,1019.5,50,3.5,-9900,-9900,0.0,0.0
2017,4,3,1,60,0.00,0.00,0.00,0.00,0.00,4,16.2,5.6,49,1019.0,50,2.3,-9900,-9900,0.0,0.0
2017,4,3,2,60,0.00,0.00,0.00,0.00,0.00,4,16.0,5.8,51,1018.7,50,2.2,-9900,-9900,0.0,0.0
2017,4,3,3,60,0.00,0.00,0.00,0.00,0.00,5,15.7,5.9,52,1018.8,50,1.9,-9900,-9900,0.0,0.0
2017,4,3,4,60,0.00,0.00,0.00,0.00,0.00,5,14.8,6.3,57,1019.2,60,1.1,-9900,-9900,0.0,0.0
2017,4,3,5,60,0.00,0.00,0.00,0.00,0.00,6,14.4,6.8,60,1019.4,170,0.9,-9900,-9900,0.0,0.0
2017,4,3,6,60,10.18,343.00,0.00,0.00,0.00,6,14.9,7.1,60,1019.6,140,0.8,-9900,-9900,0.0,0.0
2017,4,3,7,60,240.00,1365.64,52.78,0.00,52.78,7,16.1,8.3,60,1020.1,80,1.0,-9900,-9900,0.0,0.0
2017,4,3,8,60,545.95,1365.64,219.44,108.19,176.19,7,19.3,8.8,51,1020.2,70,2.6,25,3,0.0,0.0
2017,4,3,9,60,817.99,1365.64,477.78,419.13,226.73,3,21.3,10.0,48,1020.3,60,3.5,25,-9900,0.0,0.0
2017,4,3,10,60,1037.59,1365.64,822.22,887.38,148.00,3,22.5,8.7,41,1019.9,90,3.9,-9900,-9900,0.0,0.0
2017,4,3,11,60,1189.79,1365.64,936.11,881.06,168.50,2,23.3,8.4,39,1019.3,80,3.8,25,-9900,0.0,0.0
2017,4,3,12,60,1264.20,1365.64,975.00,863.65,175.50,2,24.9,8.4,35,1018.7,90,4.5,-9900,-9900,0.0,0.0
2017,4,3,13,60,1255.77,1365.64,1000.00,891.75,180.00,1,25.2,8.2,34,1017.3,90,3.5,-9900,-9900,0.0,0.0
2017,4,3,14,60,1165.05,1365.64,905.56,870.41,163.00,1,25.0,8.3,35,1016.6,90,3.9,30,-9900,0.0,0.0
2017,4,3,15,60,998.25,1365.64,750.00,829.88,143.38,1,24.6,8.9,37,1016.4,70,3.5,-9900,-9900,0.0,0.0
2017,4,3,16,60,766.72,1365.64,552.78,753.48,129.75,1,23.4,8.7,39,1016.2,80,4.8,-9900,-9900,0.0,0.0
2017,4,3,17,60,486.24,1365.64,288.89,441.76,131.60,2,21.6,8.7,44,1016.6,60,5.5,25,-9900,0.0,0.0
2017,4,3,18,60,175.92,1365.64,50.00,0.00,50.00,2,20.7,8.7,46,1016.8,60,4.1,-9900,-9900,0.0,0.0
2017,4,3,19,60,0.39,67.16,0.00,0.00,0.00,2,20.0,8.9,49,1016.9,60,4.4,-9900,-9900,0.0,0.0
2017,4,3,20,60,0.00,0.00,0.00,0.00,0.00,2,19.9,9.2,50,1017.4,50,4.2,-9900,-9900,0.0,0.0
2017,4,3,21,60,0.00,0.00,0.00,0.00,0.00,2,19.8,9.6,52,1017.7,70,3.3,-9900,-9900,0.0,0.0
2017,4,3,22,60,0.00,0.00,0.00,0.00,0.00,2,19.6,9.7,53,1018.0,60,3.0,-9900,-9900,0.0,0.0
2017,4,3,23,60,0.00,0.00,0.00,0.00,0.00,2,19.5,9.8,53,1017.9,60,3.5,-9900,-9900,0.0,0.0
2017,4,3,24,60,0.00,0.00,0.00,0.00,0.00,2,19.3,9.9,54,1017.5,60,2.6,-9900,-9900,0.0,0.0
2017,4,4,1,60,0.00,0.00,0.00,0.00,0.00,1,19.2,10.0,55,1016.8,60,2.2,-9900,-9900,0.0,0.0
2017,4,4,2,60,0.00,0.00,0.00,0.00,0.00,1,19.2,9.9,55,1016.2,70,1.9,-9900,-9900,0.0,0.0
2017,4,4,3,60,0.00,0.00,0.00,0.00,0.00,1,19.0,9.7,55,1015.9,80,1.9,-9900,-9900,0.0,0.0
2017,4,4,4,60,0.00,0.00,0.00,0.00,0.00,1,17.7,9.6,59,1016.2,360,0.5,-9900,-9900,0.0,0.0
2017,4,4,5,60,0.00,0.00,0.00,0.00,0.00,1,17.6,9.5,59,1016.6,140,0.9,-9900,-9900,0.0,0.0
2017,4,4,6,60,11.19,359.71,0.00,0.00,0.00,1,17.6,9.5,59,1017.1,160,0.6,-9900,-9900,0.0,0.0
2017,4,4,7,60,243.71,1364.87,75.00,0.00,75.00,1,18.3,9.9,58,1017.3,100,0.4,-9900,-9900,0.0,0.0
2017,4,4,8,60,549.30,1364.87,272.22,242.11,174.78,1,20.8,11.8,56,1017.4,10,1.0,25,-9900,0.0,0.0
2017,4,4,9,60,821.02,1364.87,527.78,556.79,192.85,1,23.1,12.0,50,1017.2,120,1.1,25,-9900,0.0,0.0
2017,4,4,10,60,1040.37,1364.87,733.33,712.22,190.44,1,25.1,11.9,44,1017.0,70,2.6,-9900,-9900,0.0,0.0
2017,4,4,11,60,1192.38,1364.87,866.67,767.92,195.80,1,26.0,12.0,42,1016.4,50,1.8,25,-9900,0.0,0.0
2017,4,4,12,60,1266.72,1364.87,997.22,881.08,179.50,1,25.6,11.3,41,1015.4,140,2.9,-9900,-9900,0.0,0.0
2017,4,4,13,60,1258.29,1364.87,936.11,811.02,188.42,1,26.5,12.3,41,1014.5,60,4.0,-9900,-9900,0.0,0.0
2017,4,4,14,60,1167.69,1364.87,833.33,734.52,204.93,1,26.7,12.6,42,1013.5,50,2.3,25,-9900,0.0,0.0
2017,4,4,15,60,1001.07,1364.87,688.89,669.84,197.59,1,25.9,12.9,45,1012.7,90,2.7,-9900,-9900,0.0,0.0
2017,4,4,16,60,769.81,1364.87,466.67,469.30,201.98,3,25.2,13.0,47,1012.7,80,3.5,-9900,-9900,0.0,0.0
2017,4,4,17,60,489.66,1364.87,161.11,44.43,145.17,6,23.6,12.9,51,1013.0,70,3.6,15,-9900,0.0,0.0
2017,4,4,18,60,179.71,1364.87,0.00,0.00,0.00,6,22.6,12.8,54,1013.3,70,2.1,-9900,-9900,0.0,0.0
2017,4,4,19,60,0.61,84.03,0.00,0.00,0.00,6,22.2,12.9,56,1013.6,60,2.9,-9900,-9900,0.0,0.0
2017,4,4,20,60,0.00,0.00,0.00,0.00,0.00,6,22.0,13.0,57,1014.1,60,2.0,-9900,-9900,0.0,0.0
2017,4,4,21,60,0.00,0.00,0.00,0.00,0.00,6,22.0,12.8,56,1014.5,70,2.0,-9900,-9900,0.0,0.0
2017,4,4,22,60,0.00,0.00,0.00,0.00,0.00,6,21.4,12.8,58,1014.7,110,1.5,-9900,-9900,0.0,0.0
2017,4,4,23,60,0.00,0.00,0.00,0.00,0.00,6,21.0,12.8,59,1014.6,100,1.9,-9900,-9900,0.0,0.0
2017,4,4,24,60,0.00,0.00,0.00,0.00,0.00,6,20.6,12.8,61,1014.4,170,0.6,-9900,-9900,0.0,0.0
2017,4,5,1,60,0.00,0.00,0.00,0.00,0.00,7,19.7,12.5,63,1013.9,160,1.8,-9900,-9900,0.0,0.0
2017,4,5,2,60,0.00,0.00,0.00,0.00,0.00,7,19.2,12.3,64,1013.8,170,1.4,-9900,-9900,0.0,0.0
2017,4,5,3,60,0.00,0.00,0.00,0.00,0.00,7,18.7,12.2,66,1013.7,150,1.5,-9900,-9900,0.0,0.0
2017,4,5,4,60,0.00,0.00,0.00,0.00,0.00,7,18.4,12.2,67,1014.1,150,1.4,-9900,-9900,0.0,0.0
2017,4,5,5,60,0.00,0.00,0.00,0.00,0.00,7,18.0,12.1,68,1014.2,150,1.2,-9900,-9900,0.0,0.0
2017,4,5,6,60,12.25,376.35,0.00,0.00,0.00,7,17.8,12.1,69,1014.6,140,1.6,-9900,-9900,0.0,0.0
2017,4,5,7,60,247.38,1364.09,91.67,0.00,91.67,7,18.6,12.5,68,1014.8,130,1.2,-9900,-9900,0.0,0.0
2017,4,5,8,60,552.61,1364.09,283.33,272.67,172.87,7,20.7,13.5,63,1015.1,60,1.8,10,3,0.0,0.0
2017,4,5,9,60,824.00,1364.09,530.56,559.03,192.87,5,23.2,14.5,58,1014.8,80,0.6,10,-9900,0.0,0.0
2017,4,5,10,60,1043.07,1364.09,725.00,686.94,199.72,3,25.7,13.7,47,1014.3,120,0.3,-9900,-9900,0.0,0.0
2017,4,5,11,60,1194.90,1364.09,841.67,710.57,219.23,3,27.0,13.2,43,1013.4,60,1.7,15,-9900,0.0,0.0
2017,4,5,12,60,1269.14,1364.09,997.22,878.90,179.50,3,28.3,13.7,41,1012.3,290,0.3,-9900,-9900,0.0,0.0
2017,4,5,13,60,1260.73,1364.09,922.22,779.23,202.03,3,28.6,14.1,41,1011.3,290,0.8,-9900,-9900,0.0,0.0
2017,4,5,14,60,1170.24,1364.09,833.33,730.15,206.94,3,28.9,14.7,42,1010.2,300,1.7,15,-9900,0.0,0.0
2017,4,5,15,60,1003.83,1364.09,677.78,636.79,209.17,3,29.1,14.5,41,1009.5,300,1.3,-9900,-9900,0.0,0.0
2017,4,5,16,60,772.85,1364.09,363.89,200.93,250.05,7,26.9,14.7,47,1009.5,50,3.0,-9900,-9900,0.0,0.0
2017,4,5,17,60,493.04,1364.09,166.67,50.41,148.45,7,26.4,15.4,51,1009.6,50,2.8,20,3,0.0,0.0
2017,4,5,18,60,183.46,1364.09,38.89,0.00,38.89,7,24.9,16.2,58,1009.8,80,2.2,-9900,-9900,0.0,0.0
2017,4,5,19,60,0.88,100.83,0.00,0.00,0.00,7,24.2,16.3,61,1010.1,100,1.6,-9900,-9900,0.0,0.0
2017,4,5,20,60,0.00,0.00,0.00,0.00,0.00,7,23.9,16.5,63,1011.0,90,1.4,-9900,-9900,0.0,0.0
2017,4,5,21,60,0.00,0.00,0.00,0.00,0.00,6,23.9,16.7,64,1011.4,130,1.1,-9900,-9900,0.0,0.0
2017,4,5,22,60,0.00,0.00,0.00,0.00,0.00,6,23.5,16.7,66,1011.3,200,1.4,-9900,-9900,0.0,0.0
2017,4,5,23,60,0.00,0.00,0.00,0.00,0.00,6,23.0,15.5,63,1011.0,200,1.1,-9900,-9900,0.0,0.0
2017,4,5,24,60,0.00,0.00,0.00,0.00,0.00,6,22.3,15.9,67,1010.8,140,1.5,-9900,-9900,0.0,0.0
2017,4,6,1,60,0.00,0.00,0.00,0.00,0.00,6,21.7,16.1,70,1010.3,160,1.8,-9900,-9900,0.0,0.0
2017,4,6,2,60,0.00,0.00,0.00,0.00,0.00,6,21.6,16.1,71,1009.8,120,0.9,-9900,-9900,0.0,0.0
2017,4,6,3,60,0.00,0.00,0.00,0.00,0.00,6,21.6,15.9,70,1009.5,160,0.8,-9900,-9900,0.0,0.0
2017,4,6,4,60,0.00,0.00,0.00,0.00,0.00,6,21.5,15.8,70,1009.8,160,1.4,-9900,-9900,0.0,0.0
2017,4,6,5,60,0.00,0.00,0.00,0.00,0.00,5,21.0,15.4,70,1010.1,200,1.0,-9900,-9900,0.0,0.0
2017,4,6,6,60,13.35,392.94,0.00,0.00,0.00,5,21.0,15.4,70,1010.6,160,1.2,-9900,-9900,0.0,0.0
2017,4,6,7,60,251.03,1363.32,50.00,0.00,50.00,5,21.4,15.3,68,1011.2,150,1.7,-9900,-9900,0.0,0.0
2017,4,6,8,60,555.87,1363.32,272.22,231.77,177.72,5,23.4,17.0,67,1011.4,130,1.4,20,-9900,0.0,0.0
2017,4,6,9,60,826.92,1363.32,358.33,146.32,269.58,7,24.4,17.6,66,1011.8,170,0.3,20,1,0.0,0.0
2017,4,6,10,60,1045.72,1363.32,325.00,33.71,299.14,9,24.9,17.0,62,1011.4,210,0.6,-9900,-9900,0.0,0.0
2017,4,6,11,60,1197.36,1363.32,166.67,3.09,163.96,9,25.5,16.8,59,1011.0,210,0.3,12,1,0.0,0.5
2017,4,6,12,60,1271.51,1363.32,166.67,2.79,164.07,9,26.1,17.1,58,1010.4,360,0.3,-9900,-9900,0.0,1.0
2017,4,6,13,60,1263.10,1363.32,227.78,4.82,223.31,9,25.6,16.5,57,1009.8,30,1.9,-9900,-9900,0.0,0.7
2017,4,6,14,60,1172.72,1363.32,166.67,3.20,163.92,9,25.4,17.0,60,1009.8,300,0.3,10,1,0.0,1.0
2017,4,6,15,60,1006.53,1363.32,166.67,4.16,163.60,9,25.2,17.4,62,1009.7,50,0.7,-9900,-9900,0.0,1.0
2017,4,6,16,60,775.84,1363.32,58.33,1.14,57.68,10,24.5,16.1,59,1009.8,20,2.0,-9900,-9900,0.0,0.5
2017,4,6,17,60,496.38,1363.32,0.00,0.00,0.00,10,24.4,16.0,59,1009.5,80,1.4,12,1,0.0,0.3
2017,4,6,18,60,187.19,1363.32,0.00,0.00,0.00,10,24.0,16.4,62,1009.2,110,1.5,-9900,-9900,0.0,0.2
2017,4,6,19,60,1.20,117.57,0.00,0.00,0.00,10,23.6,16.7,65,1008.8,60,1.5,-9900,-9900,0.0,0.0
2017,4,6,20,60,0.00,0.00,0.00,0.00,0.00,10,24.0,16.6,63,1008.9,60,2.0,-9900,-9900,0.0,0.0
2017,4,6,21,60,0.00,0.00,0.00,0.00,0.00,10,23.8,16.3,63,1009.4,40,0.3,-9900,-9900,0.0,0.0
2017,4,6,22,60,0.00,0.00,0.00,0.00,0.00,10,23.8,16.5,64,1009.8,120,0.9,-9900,-9900,0.0,0.0
2017,4,6,23,60,0.00,0.00,0.00,0.00,0.00,10,23.1,16.5,66,1009.7,0,0.0,-9900,-9900,0.0,0.0
2017,4,6,24,60,0.00,0.00,0.00,0.00,0.00,10,22.9,16.7,68,1009.5,170,1.6,-9900,-9900,0.0,0.0
2017,4,7,1,60,0.00,0.00,0.00,0.00,0.00,10,22.8,16.6,68,1009.8,0,0.0,-9900,-9900,0.0,0.0
2017,4,7,2,60,0.00,0.00,0.00,0.00,0.00,10,22.4,16.5,69,1009.0,160,0.5,-9900,-9900,0.0,0.0
2017,4,7,3,60,0.00,0.00,0.00,0.00,0.00,10,21.9,16.2,70,1007.3,110,1.5,-9900,-9900,0.0,0.0
2017,4,7,4,60,0.00,0.00,0.00,0.00,0.00,10,21.7,16.1,70,1007.2,30,0.5,-9900,-9900,0.0,0.0
2017,4,7,5,60,0.00,0.00,0.00,0.00,0.00,10,21.3,16.1,72,1007.4,130,1.8,-9900,-9900,0.0,0.0
2017,4,7,6,60,14.50,409.45,0.00,0.00,0.00,10,21.3,16.3,73,1008.9,170,0.6,-9900,-9900,0.0,0.0
2017,4,7,7,60,254.65,1362.54,0.00,0.00,0.00,10,21.6,16.2,71,1010.2,140,1.4,-9900,-9900,0.0,0.0
2017,4,7,8,60,559.08,1362.54,0.00,0.00,0.00,10,21.4,16.5,74,1011.0,140,0.3,10,3,0.2,0.8
2017,4,7,9,60,829.78,1362.54,116.67,3.14,114.76,10,22.6,17.6,73,1011.3,170,0.5,9,3,0.0,0.1
2017,4,7,10,60,1048.30,1362.54,150.00,3.24,147.51,10,23.3,18.0,72,1011.5,200,1.1,-9900,-9900,0.0,0.0
2017,4,7,11,60,1199.74,1362.54,183.33,3.62,180.14,10,24.0,18.5,71,1011.0,240,1.2,6,4,0.0,0.4
2017,4,7,12,60,1273.79,1362.54,305.56,9.61,296.58,10,25.8,19.9,70,1010.4,240,0.6,-9900,-9900,0.0,0.0
2017,4,7,13,60,1265.40,1362.54,375.00,26.65,350.25,10,27.2,20.2,66,1009.7,260,0.3,-9900,-9900,0.0,0.0
2017,4,7,14,60,1175.13,1362.54,372.22,36.96,340.34,10,27.4,19.5,62,1008.8,240,0.7,10,-9900,0.0,0.0
2017,4,7,15,60,1009.14,1362.54,455.56,171.35,328.65,6,28.0,20.2,63,1008.0,290,0.5,-9900,-9900,0.0,0.0
2017,4,7,16,60,778.76,1362.54,338.89,148.68,253.91,6,27.4,20.2,65,1008.1,330,0.9,-9900,-9900,0.0,0.0
2017,4,7,17,60,499.66,1362.54,222.22,161.82,162.88,3,26.5,19.9,67,1008.2,0,0.0,10,-9900,0.0,0.0
2017,4,7,18,60,190.89,1362.54,8.33,0.00,8.33,3,26.0,19.1,66,1008.9,40,2.0,-9900,-9900,0.0,0.0
2017,4,7,19,60,1.56,134.24,0.00,0.00,0.00,3,24.9,17.9,65,1009.0,60,1.2,-9900,-9900,0.0,0.0
2017,4,7,20,60,0.00,0.00,0.00,0.00,0.00,2,24.5,17.9,67,1009.8,310,1.1,-9900,-9900,0.0,0.0
2017,4,7,21,60,0.00,0.00,0.00,0.00,0.00,2,24.4,19.0,72,1010.1,0,0.0,-9900,-9900,0.0,0.0
2017,4,7,22,60,0.00,0.00,0.00,0.00,0.00,2,23.7,18.2,71,1010.3,160,2.4,-9900,-9900,0.0,0.0
2017,4,7,23,60,0.00,0.00,0.00,0.00,0.00,2,23.1,17.7,72,1010.3,150,1.1,-9900,-9900,0.0,0.0
2017,4,7,24,60,0.00,0.00,0.00,0.00,0.00,2,22.5,17.5,73,1009.8,150,1.4,-9900,-9900,0.0,0.0
2017,4,8,1,60,0.00,0.00,0.00,0.00,0.00,1,22.3,17.0,72,1009.7,150,2.0,-9900,-9900,0.0,0.0
2017,4,8,2,60,0.00,0.00,0.00,0.00,0.00,1,21.8,16.6,72,1009.5,130,1.3,-9900,-9900,0.0,0.0
2017,4,8,3,60,0.00,0.00,0.00,0.00,0.00,1,21.4,16.4,73,1009.3,130,1.2,-9900,-9900,0.0,0.0
2017,4,8,4,60,0.00,0.00,0.00,0.00,0.00,1,21.5,16.2,72,1009.5,160,1.9,-9900,-9900,0.0,0.0
2017,4,8,5,60,0.00,0.00,0.00,0.00,0.00,1,21.1,16.2,74,1009.8,110,0.9,-9900,-9900,0.0,0.0
2017,4,8,6,60,15.68,425.89,0.00,0.00,0.00,0,21.2,16.2,73,1010.6,140,0.7,-9900,-9900,0.0,0.0
2017,4,8,7,60,258.23,1361.77,83.33,0.00,83.33,0,21.6,16.1,71,1011.2,160,1.8,-9900,-9900,0.0,0.0
2017,4,8,8,60,562.25,1361.77,280.56,247.53,178.36,0,23.4,17.7,70,1011.4,70,1.4,10,-9900,0.0,0.0
2017,4,8,9,60,832.59,1361.77,536.11,558.15,194.86,0,26.1,19.7,68,1011.2,30,0.6,10,-9900,0.0,0.0
2017,4,8,10,60,1050.81,1361.77,738.89,706.27,193.90,2,27.9,20.1,63,1011.0,240,1.2,-9900,-9900,0.0,0.0
2017,4,8,11,60,1202.05,1361.77,836.11,687.05,229.64,5,30.8,20.1,53,1010.3,340,0.9,12,-9900,0.0,0.0
2017,4,8,12,60,1276.00,1361.77,961.11,832.26,181.27,8,30.7,19.4,51,1009.6,270,0.7,-9900,-9900,0.0,0.0
2017,4,8,13,60,1267.62,1361.77,902.78,729.12,224.07,4,31.2,21.3,56,1008.5,290,1.2,-9900,-9900,0.0,0.0
2017,4,8,14,60,1177.47,1361.77,811.11,670.10,231.70,4,30.8,21.3,57,1007.4,330,1.1,10,-9900,0.0,0.0
2017,4,8,15,60,1011.71,1361.77,438.89,146.78,329.84,6,29.5,20.1,57,1007.0,310,0.7,-9900,-9900,0.0,0.0
2017,4,8,16,60,781.64,1361.77,291.67,78.63,246.54,7,28.7,20.2,60,1006.8,300,1.5,-9900,-9900,0.0,0.0
2017,4,8,17,60,502.92,1361.77,177.78,61.79,154.96,7,27.0,20.3,67,1006.8,300,0.8,12,1,0.0,0.0
2017,4,8,18,60,194.55,1361.77,8.33,0.00,8.33,7,26.2,19.9,68,1006.8,250,0.4,-9900,-9900,0.0,0.0
2017,4,8,19,60,1.97,150.84,0.00,0.00,0.00,7,25.4,19.6,70,1006.8,50,0.8,-9900,-9900,0.0,0.0
2017,4,8,20,60,0.00,0.00,0.00,0.00,0.00,7,25.5,19.6,70,1007.7,0,0.0,-9900,-9900,0.0,0.0
2017,4,8,21,60,0.00,0.00,0.00,0.00,0.00,6,25.8,19.8,70,1008.7,240,0.5,-9900,-9900,0.0,0.0
2017,4,8,22,60,0.00,0.00,0.00,0.00,0.00,6,25.9,20.0,70,1008.9,200,0.7,-9900,-9900,0.0,0.0
2017,4,8,23,60,0.00,0.00,0.00,0.00,0.00,6,25.9,19.9,70,1008.7,0,0.0,-9900,-9900,0.0,0.0
2017,4,8,24,60,0.00,0.00,0.00,0.00,0.00,6,25.3,19.9,72,1008.5,140,1.5,-9900,-9900,0.0,0.0
2017,4,9,1,60,0.00,0.00,0.00,0.00,0.00,6,24.7,19.5,73,1007.6,130,1.1,-9900,-9900,0.0,0.0
2017,4,9,2,60,0.00,0.00,0.00,0.00,0.00,6,24.3,19.4,74,1006.9,150,1.2,-9900,-9900,0.0,0.0
2017,4,9,3,60,0.00,0.00,0.00,0.00,0.00,6,23.8,18.7,73,1006.3,150,1.9,-9900,-9900,0.0,0.0
2017,4,9,4,60,0.00,0.00,0.00,0.00,0.00,6,23.4,18.3,73,1006.0,130,1.3,-9900,-9900,0.0,0.0
2017,4,9,5,60,0.00,0.00,0.00,0.00,0.00,5,23.2,18.4,74,1006.0,150,1.4,-9900,-9900,0.0,0.0
2017,4,9,6,60,16.91,442.26,0.00,0.00,0.00,5,23.0,18.2,74,1006.6,140,1.0,-9900,-9900,0.0,0.0
2017,4,9,7,60,261.77,1361.00,111.11,0.00,111.11,5,23.5,18.3,73,1007.0,90,1.3,-9900,-9900,0.0,0.0
2017,4,9,8,60,565.38,1361.00,247.22,151.32,184.36,5,25.3,19.8,72,1007.3,180,0.9,10,-9900,0.0,0.0
2017,4,9,9,60,835.34,1361.00,311.11,77.93,263.28,9,26.3,20.2,69,1007.3,360,0.3,10,3,0.0,0.0
2017,4,9,10,60,1053.26,1361.00,472.22,166.72,343.20,7,28.1,20.9,65,1006.6,180,0.9,-9900,-9900,0.0,0.0
2017,4,9,11,60,1204.29,1361.00,538.89,165.48,392.46,7,29.0,20.9,62,1005.9,90,0.5,10,3,0.0,0.0
2017,4,9,12,60,1278.14,1361.00,769.44,458.24,339.10,9,30.2,21.2,59,1005.1,0,0.0,-9900,-9900,0.0,0.0
2017,4,9,13,60,1269.76,1361.00,694.44,338.40,378.73,6,31.6,21.9,57,1004.0,300,0.8,-9900,-9900,0.0,0.0
2017,4,9,14,60,1179.74,1361.00,755.56,549.39,279.34,5,31.1,22.4,60,1002.9,330,2.4,10,-9900,0.0,0.0
2017,4,9,15,60,1014.22,1361.00,552.78,334.58,303.45,7,29.7,22.7,66,1002.5,330,3.2,-9900,-9900,0.0,0.0
2017,4,9,16,60,784.45,1361.00,191.67,10.39,185.68,9,28.8,22.2,68,1002.5,360,1.7,-9900,-9900,0.0,0.0
2017,4,9,17,60,506.12,1361.00,144.44,22.05,136.24,8,27.5,20.4,65,1002.4,50,4.0,10,-9900,0.0,0.0
2017,4,9,18,60,198.18,1361.00,5.56,0.00,5.56,8,26.9,20.5,68,1002.6,50,2.6,-9900,-9900,0.0,0.0
2017,4,9,19,60,2.42,167.36,0.00,0.00,0.00,7,26.4,20.4,70,1002.8,50,2.1,-9900,-9900,0.0,0.0
2017,4,9,20,60,0.00,0.00,0.00,0.00,0.00,7,26.3,20.4,70,1003.2,20,1.4,-9900,-9900,0.0,0.0
2017,4,9,21,60,0.00,0.00,0.00,0.00,0.00,6,26.6,20.5,69,1003.8,70,1.1,-9900,-9900,0.0,0.0
2017,4,9,22,60,0.00,0.00,0.00,0.00,0.00,6,26.2,20.5,71,1003.9,130,1.1,-9900,-9900,0.0,0.0
2017,4,9,23,60,0.00,0.00,0.00,0.00,0.00,5,25.8,20.3,72,1003.8,90,1.6,-9900,-9900,0.0,0.0
2017,4,9,24,60,0.00,0.00,0.00,0.00,0.00,5,25.4,20.2,73,1003.9,60,0.9,-9900,-9900,0.0,0.0
2017,4,10,1,60,0.00,0.00,0.00,0.00,0.00,4,24.9,19.8,73,1003.0,150,2.1,-9900,-9900,0.0,0.0
2017,4,10,2,60,0.00,0.00,0.00,0.00,0.00,4,24.6,19.5,73,1002.6,160,0.9,-9900,-9900,0.0,0.0
2017,4,10,3,60,0.00,0.00,0.00,0.00,0.00,3,24.4,19.4,74,1002.0,70,1.3,-9900,-9900,0.0,0.0
2017,4,10,4,60,0.00,0.00,0.00,0.00,0.00,3,24.0,19.4,75,1001.6,90,1.3,-9900,-9900,0.0,0.0
2017,4,10,5,60,0.00,0.00,0.00,0.00,0.00,2,24.1,19.3,75,1001.9,170,0.8,-9900,-9900,0.0,0.0
2017,4,10,6,60,18.17,458.55,0.00,0.00,0.00,2,23.7,18.9,75,1002.3,150,2.3,-9900,-9900,0.0,0.0
2017,4,10,7,60,265.28,1360.23,88.89,0.00,88.89,1,24.6,19.2,72,1002.9,100,1.6,-9900,-9900,0.0,0.0
2017,4,10,8,60,568.45,1360.23,294.44,281.64,176.74,1,27.6,20.4,65,1002.7,160,1.3,50,-9900,0.0,0.0
2017,4,10,9,60,838.03,1360.23,477.78,386.89,239.42,7,30.3,20.2,55,1003.0,220,3.0,40,-9900,0.0,0.0
2017,4,10,10,60,1055.64,1360.23,430.56,114.46,341.73,8,31.6,19.1,48,1002.9,260,3.9,-9900,-9900,0.0,0.0
2017,4,10,11,60,1206.45,1360.23,713.89,434.58,328.44,6,33.6,20.1,45,1002.1,260,3.8,50,-9900,0.0,0.0
2017,4,10,12,60,1280.19,1360.23,838.89,585.45,287.89,6,33.9,20.1,44,1001.6,270,3.5,-9900,-9900,0.0,0.0
2017,4,10,13,60,1271.83,1360.23,833.33,585.29,286.08,4,35.2,20.0,41,1000.4,270,3.7,-9900,-9900,0.0,0.0
2017,4,10,14,60,1181.94,1360.23,808.33,656.86,237.57,1,35.2,19.8,41,999.7,270,4.5,35,-9900,0.0,0.0
2017,4,10,15,60,1016.64,1360.23,638.89,520.08,250.18,1,34.0,19.3,42,999.0,260,4.9,-9900,-9900,0.0,0.0
2017,4,10,16,60,787.21,1360.23,450.00,390.16,224.20,1,33.1,20.5,48,999.1,280,5.0,-9900,-9900,0.0,0.0
2017,4,10,17,60,509.28,1360.23,250.00,233.22,162.68,2,30.9,19.7,51,999.4,280,3.5,30,-9900,0.0,0.0
2017,4,10,18,60,201.78,1360.23,47.22,0.00,47.22,3,29.7,19.1,53,999.9,250,3.6,-9900,-9900,0.0,0.0
2017,4,10,19,60,2.92,183.81,0.00,0.00,0.00,3,28.8,19.2,56,1000.5,240,2.8,-9900,-9900,0.0,0.0
2017,4,10,20,60,0.00,0.00,0.00,0.00,0.00,4,28.3,19.2,58,1000.6,230,2.1,-9900,-9900,0.0,0.0
2017,4,10,21,60,0.00,0.00,0.00,0.00,0.00,4,27.8,19.5,61,1001.3,180,1.4,-9900,-9900,0.0,0.0
2017,4,10,22,60,0.00,0.00,0.00,0.00,0.00,5,27.2,19.7,64,1001.5,70,0.8,-9900,-9900,0.0,0.0
2017,4,10,23,60,0.00,0.00,0.00,0.00,0.00,5,26.7,19.8,66,1002.0,100,1.8,-9900,-9900,0.0,0.0
2017,4,10,24,60,0.00,0.00,0.00,0.00,0.00,6,25.8,19.8,70,1002.1,160,1.4,-9900,-9900,0.0,0.0
2017,4,11,1,60,0.00,0.00,0.00,0.00,0.00,6,25.6,19.7,70,1001.9,150,1.6,-9900,-9900,0.0,0.0
2017,4,11,2,60,0.00,0.00,0.00,0.00,0.00,7,25.3,19.7,71,1001.0,140,1.1,-9900,-9900,0.0,0.0
2017,4,11,3,60,0.00,0.00,0.00,0.00,0.00,7,25.0,19.5,72,1000.9,160,0.5,-9900,-9900,0.0,0.0
2017,4,11,4,60,0.00,0.00,0.00,0.00,0.00,8,24.6,19.2,72,1001.1,160,1.3,-9900,-9900,0.0,0.0
2017,4,11,5,60,0.00,0.00,0.00,0.00,0.00,8,24.5,19.2,72,1001.4,120,1.6,-9900,-9900,0.0,0.0
2017,4,11,6,60,19.47,474.76,0.00,0.00,0.00,9,24.7,19.1,71,1002.0,90,1.4,-9900,-9900,0.0,0.0
2017,4,11,7,60,268.75,1359.46,0.00,0.00,0.00,9,23.5,18.5,74,1004.1,50,4.2,-9900,-9900,0.0,0.0
2017,4,11,8,60,571.48,1359.46,8.33,0.12,8.28,10,21.3,17.1,77,1006.4,90,2.8,6,0,2.9,0.4
2017,4,11,9,60,840.66,1359.46,11.11,0.11,11.04,10,20.3,16.4,78,1007.0,40,3.9,5,0,6.3,1.0
2017,4,11,10,60,1057.95,1359.46,72.22,0.98,71.46,10,20.3,16.5,79,1007.0,50,4.4,-9900,-9900,0.9,1.0
2017,4,11,11,60,1208.54,1359.46,94.44,1.20,93.37,10,19.7,15.3,76,1007.7,50,4.2,15,1,0.0,1.0
2017,4,11,12,60,1282.17,1359.46,150.00,2.30,147.83,10,18.8,14.8,78,1007.5,60,4.0,-9900,-9900,1.0,1.0
2017,4,11,13,60,1273.82,1359.46,166.67,2.77,164.07,10,19.1,14.9,77,1007.3,50,3.7,-9900,-9900,0.0,1.0
2017,4,11,14,60,1184.06,1359.46,250.00,6.33,244.49,10,19.7,14.9,74,1006.5,60,3.5,25,1,0.0,1.0
2017,4,11,15,60,1019.02,1359.46,91.67,1.51,90.54,10,19.4,14.5,73,1006.4,50,4.3,-9900,-9900,0.0,0.5
2017,4,11,16,60,789.92,1359.46,125.94,3.89,123.68,10,19.4,13.6,69,1006.7,50,4.7,-9900,-9900,0.0,0.0
2017,4,11,17,60,512.39,1359.46,0.00,0.00,0.00,10,19.4,13.5,69,1007.3,50,4.4,15,1,0.0,0.0
2017,4,11,18,60,205.34,1359.46,0.00,0.00,0.00,10,18.9,13.4,70,1007.8,60,5.0,-9900,-9900,0.0,0.3
2017,4,11,19,60,3.46,200.17,0.00,0.00,0.00,10,19.1,13.6,70,1008.1,60,3.9,-9900,-9900,0.0,0.0
2017,4,11,20,60,0.00,0.00,0.00,0.00,0.00,10,18.4,13.7,74,1008.9,60,5.8,-9900,-9900,0.0,0.0
2017,4,11,21,60,0.00,0.00,0.00,0.00,0.00,10,18.1,13.6,75,1009.2,60,5.6,-9900,-9900,0.0,0.0
2017,4,11,22,60,0.00,0.00,0.00,0.00,0.00,10,18.0,13.5,75,1009.7,50,6.5,-9900,-9900,0.0,0.5
2017,4,11,23,60,0.00,0.00,0.00,0.00,0.00,10,17.8,13.6,76,1009.0,50,5.8,-9900,-9900,2.8,1.0
2017,4,11,24,60,0.00,0.00,0.00,0.00,0.00,10,17.6,13.6,77,1009.3,50,5.7,-9900,-9900,3.1,1.0
2017,4,12,1,60,0.00,0.00,0.00,0.00,0.00,10,17.7,13.8,78,1009.4,50,4.3,-9900,-9900,0.3,1.0
2017,4,12,2,60,0.00,0.00,0.00,0.00,0.00,10,17.7,13.8,78,1009.4,50,4.3,-9900,-9900,0.2,1.0
2017,4,12,3,60,0.00,0.00,0.00,0.00,0.00,10,17.7,13.8,78,1009.9,80,2.5,-9900,-9900,0.8,1.0
2017,4,12,4,60,0.00,0.00,0.00,0.00,0.00,10,17.6,13.7,78,1010.1,50,4.1,-9900,-9900,0.4,1.0
2017,4,12,5,60,0.00,0.00,0.00,0.00,0.00,10,17.3,13.5,78,1010.9,50,4.4,-9900,-9900,6.0,1.0
2017,4,12,6,60,20.80,490.88,0.00,0.00,0.00,10,17.2,13.6,79,1012.0,70,2.0,-9900,-9900,5.8,1.0
2017,4,12,7,60,272.19,1358.70,0.00,0.00,0.00,10,17.5,13.8,79,1011.9,50,3.3,-9900,-9900,0.0,1.0
2017,4,12,8,60,574.46,1358.70,13.89,0.24,13.79,10,17.6,13.7,78,1011.9,60,5.0,12,0,0.2,1.0
2017,4,12,9,60,843.23,1358.70,22.22,0.26,22.06,10,18.0,14.0,77,1012.6,40,4.5,12,0,0.0,0.5
2017,4,12,10,60,1060.19,1358.70,22.22,0.19,22.07,10,17.8,13.9,78,1012.7,50,5.2,-9900,-9900,0.0,0.0
2017,4,12,11,60,1210.56,1358.70,166.67,3.02,163.98,10,17.9,13.8,77,1012.9,50,5.8,12,0,0.0,0.0
2017,4,12,12,60,1284.09,1358.70,166.67,2.74,164.08,10,18.0,13.5,75,1012.2,50,5.2,-9900,-9900,0.0,0.0
2017,4,12,13,60,1275.75,1358.70,155.56,2.46,153.25,10,18.0,13.5,75,1011.8,50,4.3,-9900,-9900,0.0,0.0
2017,4,12,14,60,1186.12,1358.70,166.67,3.13,163.94,10,17.9,13.3,74,1011.8,50,5.0,10,0,0.0,0.0
2017,4,12,15,60,1021.33,1358.70,166.67,4.04,163.63,10,17.8,13.0,73,1011.8,50,5.3,-9900,-9900,0.0,0.0
2017,4,12,16,60,792.58,1358.70,58.33,1.10,57.69,10,17.0,12.2,73,1012.0,60,5.5,-9900,-9900,0.4,0.3
2017,4,12,17,60,515.46,1358.70,5.56,0.08,5.53,10,17.4,12.7,74,1012.2,50,4.2,8,1,0.1,1.0
2017,4,12,18,60,208.88,1358.70,0.00,0.00,0.00,10,17.7,12.5,72,1012.8,50,4.5,-9900,-9900,0.0,0.1
2017,4,12,19,60,4.04,216.44,0.00,0.00,0.00,10,17.9,11.9,68,1013.3,50,4.1,-9900,-9900,0.0,0.0
2017,4,12,20,60,0.00,0.00,0.00,0.00,0.00,10,18.2,11.8,66,1014.1,50,4.7,-9900,-9900,0.0,0.0
2017,4,12,21,60,0.00,0.00,0.00,0.00,0.00,10,17.1,11.3,69,1014.8,60,3.5,-9900,-9900,0.8,0.4
2017,4,12,22,60,0.00,0.00,0.00,0.00,0.00,10,17.4,12.0,71,1014.9,60,3.0,-9900,-9900,0.1,0.2
2017,4,12,23,60,0.00,0.00,0.00,0.00,0.00,10,17.6,12.2,71,1014.9,70,2.9,-9900,-9900,0.0,0.0
2017,4,12,24,60,0.00,0.00,0.00,0.00,0.00,10,17.7,11.9,69,1014.8,50,4.4,-9900,-9900,0.0,0.0
2017,4,13,1,60,0.00,0.00,0.00,0.00,0.00,10,17.9,11.4,66,1014.5,50,3.4,-9900,-9900,0.0,0.0
2017,4,13,2,60,0.00,0.00,0.00,0.00,0.00,10,18.1,10.9,63,1014.2,50,3.1,-9900,-9900,0.0,0.0
2017,4,13,3,60,0.00,0.00,0.00,0.00,0.00,10,17.2,11.1,67,1015.0,20,1.9,-9900,-9900,0.4,0.8
2017,4,13,4,60,0.00,0.00,0.00,0.00,0.00,10,17.4,11.6,69,1014.3,70,2.7,-9900,-9900,0.1,0.2
2017,4,13,5,60,0.00,0.00,0.00,0.00,0.00,10,17.5,11.8,69,1013.9,50,3.3,-9900,-9900,0.0,0.0
2017,4,13,6,60,22.17,506.91,0.00,0.00,0.00,10,17.8,11.5,67,1014.0,60,3.6,-9900,-9900,0.0,0.0
2017,4,13,7,60,275.59,1357.94,0.00,0.00,0.00,10,18.4,11.6,65,1014.6,50,3.7,-9900,-9900,0.0,0.0
2017,4,13,8,60,577.39,1357.94,125.00,6.70,122.15,10,19.4,11.9,62,1015.0,70,3.6,22,1,0.0,0.0
2017,4,13,9,60,845.75,1357.94,166.67,5.60,163.18,10,20.1,12.4,61,1015.1,70,4.3,22,1,0.0,0.0
2017,4,13,10,60,1062.38,1357.94,311.11,25.04,291.52,10,21.0,13.0,60,1014.8,50,3.6,-9900,-9900,0.0,0.0
2017,4,13,11,60,1212.52,1357.94,505.56,125.00,393.95,10,21.9,13.5,59,1014.5,50,5.5,22,1,0.0,0.0
2017,4,13,12,60,1285.93,1357.94,255.56,5.69,250.17,10,21.8,13.4,59,1013.7,70,4.3,-9900,-9900,0.0,0.0
2017,4,13,13,60,1277.60,1357.94,161.11,2.60,158.66,10,21.4,13.2,60,1013.1,60,4.7,-9900,-9900,0.0,0.0
2017,4,13,14,60,1188.12,1357.94,33.33,0.27,33.09,10,21.3,13.4,61,1012.8,70,4.0,18,1,0.0,0.0
2017,4,13,15,60,1023.57,1357.94,231.06,7.59,225.34,10,20.4,13.2,63,1012.9,70,3.4,-9900,-9900,0.0,0.9
2017,4,13,16,60,795.17,1357.94,8.33,0.09,8.28,10,18.9,13.4,70,1012.9,60,2.9,-9900,-9900,1.4,1.0
2017,4,13,17,60,518.48,1357.94,0.00,0.00,0.00,10,19.2,14.0,72,1012.8,60,3.0,25,1,0.0,1.0
2017,4,13,18,60,212.37,1357.94,0.00,0.00,0.00,10,19.5,14.4,72,1013.1,50,3.3,-9900,-9900,0.0,0.5
2017,4,13,19,60,4.67,232.63,0.00,0.00,0.00,10,19.5,14.4,72,1013.6,50,2.7,-9900,-9900,0.0,0.2
2017,4,13,20,60,0.00,0.00,0.00,0.00,0.00,10,19.0,14.4,75,1014.1,50,2.5,-9900,-9900,0.8,1.0
2017,4,13,21,60,0.00,0.00,0.00,0.00,0.00,10,19.4,14.6,74,1014.2,50,2.8,-9900,-9900,0.0,1.0
2017,4,13,22,60,0.00,0.00,0.00,0.00,0.00,10,18.4,14.6,79,1014.2,50,2.2,-9900,-9900,1.8,1.0
2017,4,13,23,60,0.00,0.00,0.00,0.00,0.00,10,18.6,14.8,79,1013.6,50,2.3,-9900,-9900,0.3,1.0
2017,4,13,24,60,0.00,0.00,0.00,0.00,0.00,10,18.5,14.9,80,1013.0,50,0.9,-9900,-9900,2.2,1.0
2017,4,14,1,60,0.00,0.00,0.00,0.00,0.00,10,18.7,15.3,81,1012.6,130,1.0,-9900,-9900,0.0,1.0
2017,4,14,2,60,0.00,0.00,0.00,0.00,0.00,10,18.6,15.5,82,1012.0,0,0.0,-9900,-9900,0.0,1.0
2017,4,14,3,60,0.00,0.00,0.00,0.00,0.00,10,18.6,15.5,82,1011.5,180,0.7,-9900,-9900,0.0,1.0
2017,4,14,4,60,0.00,0.00,0.00,0.00,0.00,10,18.7,15.3,81,1011.4,180,0.9,-9900,-9900,0.0,1.0
2017,4,14,5,60,0.00,0.00,0.00,0.00,0.00,10,18.7,15.6,82,1011.5,180,0.6,-9900,-9900,0.0,0.5
2017,4,14,6,60,23.58,522.85,0.00,0.00,0.00,10,18.9,15.8,82,1011.8,190,0.3,-9900,-9900,0.0,0.0
2017,4,14,7,60,278.94,1357.18,0.00,0.00,0.00,10,19.2,15.9,81,1012.2,110,0.6,-9900,-9900,0.0,0.0
2017,4,14,8,60,580.28,1357.18,0.00,0.00,0.00,10,19.9,16.1,79,1012.8,160,0.7,12,1,0.0,0.0
2017,4,14,9,60,848.21,1357.18,147.22,4.50,144.41,10,20.5,16.1,76,1013.0,200,0.8,15,1,0.0,0.0
2017,4,14,10,60,1064.50,1357.18,166.67,3.76,163.72,10,21.2,16.4,74,1012.8,0,0.0,-9900,-9900,0.0,0.0
2017,4,14,11,60,1214.40,1357.18,166.67,3.01,163.98,10,22.4,17.1,72,1012.4,200,0.8,15,1,0.0,0.0
2017,4,14,12,60,1287.69,1357.18,166.67,2.72,164.09,10,22.7,17.1,71,1011.8,180,0.3,-9900,-9900,0.0,0.0
2017,4,14,13,60,1279.39,1357.18,166.67,2.75,164.08,10,23.2,17.4,70,1011.1,120,0.4,-9900,-9900,0.0,0.0
2017,4,14,14,60,1190.04,1357.18,166.67,3.10,163.95,10,23.4,17.3,69,1010.6,120,0.5,12,1,0.0,0.0
2017,4,14,15,60,1025.75,1357.18,141.67,3.03,139.38,10,23.7,17.6,69,1010.1,100,1.3,-9900,-9900,0.0,0.0
2017,4,14,16,60,797.71,1357.18,166.67,6.21,163.02,10,23.9,17.4,67,1009.7,110,1.1,-9900,-9900,0.0,0.0
2017,4,14,17,60,521.46,1357.18,94.44,4.84,92.58,10,23.9,17.3,67,1009.8,70,1.6,25,2,0.0,0.0
2017,4,14,18,60,215.83,1357.18,0.00,0.00,0.00,10,23.0,17.7,72,1010.4,50,1.5,-9900,-9900,0.0,0.0
2017,4,14,19,60,5.33,248.72,0.00,0.00,0.00,10,22.5,17.7,74,1010.6,70,2.0,-9900,-9900,0.0,0.0
2017,4,14,20,60,0.00,0.00,0.00,0.00,0.00,10,22.1,17.6,76,1010.9,50,1.7,-9900,-9900,0.0,0.0
2017,4,14,21,60,0.00,0.00,0.00,0.00,0.00,9,21.8,17.4,76,1011.2,50,2.7,-9900,-9900,0.0,0.0
2017,4,14,22,60,0.00,0.00,0.00,0.00,0.00,9,21.5,17.2,77,1011.1,60,1.1,-9900,-9900,0.0,0.0
2017,4,14,23,60,0.00,0.00,0.00,0.00,0.00,9,21.1,17.0,77,1010.7,100,0.6,-9900,-9900,0.0,0.0
2017,4,14,24,60,0.00,0.00,0.00,0.00,0.00,9,20.5,16.7,79,1010.4,100,0.3,-9900,-9900,0.0,0.0
2017,4,15,1,60,0.00,0.00,0.00,0.00,0.00,9,20.4,16.3,77,1009.8,150,1.2,-9900,-9900,0.0,0.0
2017,4,15,2,60,0.00,0.00,0.00,0.00,0.00,9,19.9,16.0,78,1009.8,210,0.8,-9900,-9900,0.0,0.0
2017,4,15,3,60,0.00,0.00,0.00,0.00,0.00,9,19.9,15.8,77,1009.4,130,1.1,-9900,-9900,0.0,0.0
2017,4,15,4,60,0.00,0.00,0.00,0.00,0.00,9,19.4,15.6,79,1009.6,180,0.3,-9900,-9900,0.0,0.0
2017,4,15,5,60,0.00,0.00,0.00,0.00,0.00,8,19.6,15.4,77,1010.0,180,0.6,-9900,-9900,0.0,0.0
2017,4,15,6,60,25.01,538.69,0.00,0.00,0.00,8,19.5,15.4,77,1010.5,110,0.6,-9900,-9900,0.0,0.0
2017,4,15,7,60,282.25,1356.42,91.67,0.00,91.67,8,20.4,16.0,76,1011.1,150,0.4,-9900,-9900,0.0,0.0
2017,4,15,8,60,583.10,1356.42,283.33,224.18,186.96,8,22.5,17.6,74,1011.8,210,0.6,40,5,0.0,0.0
2017,4,15,9,60,850.61,1356.42,427.78,253.45,268.84,8,24.5,18.6,70,1011.9,0,0.0,30,4,0.0,0.0
2017,4,15,10,60,1066.55,1356.42,586.11,342.62,316.71,8,27.0,20.2,66,1012.2,210,0.9,-9900,-9900,0.0,0.0
2017,4,15,11,60,1216.21,1356.42,380.56,34.67,349.47,9,26.8,20.1,67,1011.9,320,0.6,11,4,0.0,0.0
2017,4,15,12,60,1289.38,1356.42,566.67,153.83,420.44,6,27.8,21.3,68,1011.7,320,0.3,-9900,-9900,0.0,0.0
2017,4,15,13,60,1281.08,1356.42,741.67,404.95,359.21,8,27.8,21.9,70,1010.7,310,0.8,-9900,-9900,0.0,0.0
2017,4,15,14,60,1191.89,1356.42,641.67,320.11,360.39,6,28.6,22.4,69,1009.7,320,0.7,8,4,0.0,0.0
2017,4,15,15,60,1027.86,1356.42,341.67,46.33,306.56,8,28.4,21.1,65,1009.3,250,0.8,-9900,-9900,0.0,0.0
2017,4,15,16,60,800.19,1356.42,161.11,5.81,157.68,8,27.2,20.9,69,1009.2,360,0.3,-9900,-9900,0.0,0.0
2017,4,15,17,60,524.38,1356.42,52.78,1.78,52.09,8,26.5,20.3,69,1009.2,10,1.7,8,4,0.0,0.0
2017,4,15,18,60,219.24,1356.42,33.33,0.00,33.33,8,25.7,20.0,71,1009.2,50,2.2,-9900,-9900,0.0,0.0
2017,4,15,19,60,6.04,264.72,0.00,0.00,0.00,8,25.0,19.7,72,1009.5,60,2.0,-9900,-9900,0.0,0.0
2017,4,15,20,60,0.00,0.00,0.00,0.00,0.00,8,24.9,19.4,72,1010.1,50,0.9,-9900,-9900,0.0,0.0
2017,4,15,21,60,0.00,0.00,0.00,0.00,0.00,8,24.8,19.5,72,1010.7,160,0.5,-9900,-9900,0.0,0.0
2017,4,15,22,60,0.00,0.00,0.00,0.00,0.00,8,24.6,19.1,71,1010.6,150,0.7,-9900,-9900,0.0,0.0
2017,4,15,23,60,0.00,0.00,0.00,0.00,0.00,8,24.2,18.9,72,1010.1,130,1.0,-9900,-9900,0.0,0.0
2017,4,15,24,60,0.00,0.00,0.00,0.00,0.00,8,24.1,18.4,70,1009.8,120,0.6,-9900,-9900,0.0,0.0
2017,4,16,1,60,0.00,0.00,0.00,0.00,0.00,9,23.7,18.3,72,1009.8,120,1.1,-9900,-9900,0.0,0.0
2017,4,16,2,60,0.00,0.00,0.00,0.00,0.00,9,23.2,18.2,73,1009.6,140,0.3,-9900,-9900,0.0,0.0
2017,4,16,3,60,0.00,0.00,0.00,0.00,0.00,9,23.0,18.1,74,1009.5,150,1.0,-9900,-9900,0.0,0.0
2017,4,16,4,60,0.00,0.00,0.00,0.00,0.00,9,23.0,18.2,74,1010.0,150,0.6,-9900,-9900,0.0,0.0
2017,4,16,5,60,0.00,0.00,0.00,0.00,0.00,9,23.0,17.9,73,1010.2,180,0.9,-9900,-9900,0.0,0.0
2017,4,16,6,60,26.48,554.44,0.00,0.00,0.00,9,22.9,17.9,73,1010.8,120,1.1,-9900,-9900,0.0,0.0
2017,4,16,7,60,285.53,1355.67,19.44,0.00,19.44,9,23.5,18.6,74,1011.2,160,1.3,-9900,-9900,0.0,0.0
2017,4,16,8,60,585.88,1355.67,166.67,21.61,157.33,9,24.2,18.9,72,1011.3,80,1.4,15,1,0.0,0.0
2017,4,16,9,60,852.95,1355.67,191.67,7.47,186.97,9,25.6,19.8,70,1011.6,120,0.3,10,1,0.0,0.0
2017,4,16,10,60,1068.55,1355.67,358.33,48.25,320.30,9,27.1,21.1,70,1011.9,80,0.3,-9900,-9900,0.0,0.0
2017,4,16,11,60,1217.95,1355.67,369.44,29.76,342.70,9,27.9,21.6,69,1011.2,30,1.5,8,1,0.0,0.0
2017,4,16,12,60,1291.00,1355.67,708.33,340.65,383.93,6,29.8,22.1,63,1010.4,20,1.2,-9900,-9900,0.0,0.0
2017,4,16,13,60,1282.72,1355.67,847.22,596.32,282.99,5,30.7,21.0,56,1009.8,360,0.3,-9900,-9900,0.0,0.0
2017,4,16,14,60,1193.67,1355.67,541.67,173.89,388.56,8,30.6,21.6,59,1009.3,310,0.8,10,1,0.0,0.0
2017,4,16,15,60,1029.91,1355.67,238.89,8.36,232.54,9,28.2,20.6,63,1009.2,320,1.5,-9900,-9900,0.0,0.0
2017,4,16,16,60,802.61,1355.67,127.78,3.87,125.49,10,26.1,19.9,69,1009.2,100,2.4,-9900,-9900,0.0,0.0
2017,4,16,17,60,527.26,1355.67,0.00,0.00,0.00,10,25.7,20.2,72,1009.0,160,2.5,16,1,0.0,0.0
2017,4,16,18,60,222.62,1355.67,0.00,0.00,0.00,10,25.7,19.7,69,1008.9,160,1.5,-9900,-9900,0.0,0.0
2017,4,16,19,60,6.78,280.62,0.00,0.00,0.00,10,25.1,19.1,69,1009.1,140,1.7,-9900,-9900,0.0,0.0
2017,4,16,20,60,0.00,0.00,0.00,0.00,0.00,10,24.4,19.0,72,1009.4,160,2.4,-9900,-9900,0.0,0.0
2017,4,16,21,60,0.00,0.00,0.00,0.00,0.00,9,24.2,18.9,72,1009.3,150,1.5,-9900,-9900,0.0,0.0
2017,4,16,22,60,0.00,0.00,0.00,0.00,0.00,9,24.0,18.8,73,1009.3,160,2.0,-9900,-9900,0.0,0.0
2017,4,16,23,60,0.00,0.00,0.00,0.00,0.00,9,23.9,18.7,73,1009.2,180,1.1,-9900,-9900,0.0,0.0
2017,4,16,24,60,0.00,0.00,0.00,0.00,0.00,9,23.6,18.6,74,1008.9,100,1.4,-9900,-9900,0.0,0.0
2017,4,17,1,60,0.00,0.00,0.00,0.00,0.00,9,23.6,18.7,74,1008.6,160,1.4,-9900,-9900,0.0,0.0
2017,4,17,2,60,0.00,0.00,0.00,0.00,0.00,9,23.4,18.9,76,1007.7,120,1.3,-9900,-9900,0.0,0.0
2017,4,17,3,60,0.00,0.00,0.00,0.00,0.00,9,23.2,18.5,75,1007.8,150,0.9,-9900,-9900,0.0,0.0
2017,4,17,4,60,0.00,0.00,0.00,0.00,0.00,9,23.2,18.4,74,1007.6,150,0.8,-9900,-9900,0.0,0.0
2017,4,17,5,60,0.00,0.00,0.00,0.00,0.00,8,23.1,18.4,75,1007.7,120,0.9,-9900,-9900,0.0,0.0
2017,4,17,6,60,27.98,570.08,0.00,0.00,0.00,8,23.2,18.6,75,1008.1,210,0.8,-9900,-9900,0.0,0.0
2017,4,17,7,60,288.76,1354.92,80.56,0.00,80.56,8,23.7,18.7,74,1007.9,190,1.1,-9900,-9900,0.0,0.0
2017,4,17,8,60,588.61,1354.92,205.56,58.19,180.28,8,24.8,19.8,74,1008.2,160,0.3,9,5,0.0,0.0
2017,4,17,9,60,855.24,1354.92,419.44,231.54,273.29,8,26.9,21.1,71,1007.6,180,0.8,9,5,0.0,0.0
2017,4,17,10,60,1070.47,1354.92,488.89,178.08,348.20,8,28.6,21.2,64,1007.0,220,2.3,-9900,-9900,0.0,0.0
2017,4,17,11,60,1219.63,1354.92,638.89,291.58,376.42,8,30.6,22.5,62,1006.2,220,2.4,12,1,0.0,0.0
2017,4,17,12,60,1292.56,1354.92,444.44,54.18,392.75,9,30.7,21.9,59,1005.2,240,0.7,-9900,-9900,0.0,0.0
2017,4,17,13,60,1284.29,1354.92,366.67,22.01,345.81,8,31.3,21.6,56,1003.9,260,3.0,-9900,-9900,0.0,0.0
2017,4,17,14,60,1195.38,1354.92,483.33,110.00,386.28,8,31.7,21.8,56,1002.9,240,3.1,25,3,0.0,0.0
2017,4,17,15,60,1031.90,1354.92,388.89,81.67,326.69,8,31.7,22.5,58,1002.4,280,2.4,-9900,-9900,0.0,0.0
2017,4,17,16,60,804.98,1354.92,375.00,191.83,261.03,8,31.1,22.6,61,1002.3,260,2.5,-9900,-9900,0.0,0.0
2017,4,17,17,60,530.09,1354.92,233.33,154.59,172.85,8,29.8,21.9,63,1002.7,260,3.2,13,1,0.0,0.0
2017,4,17,18,60,225.96,1354.92,16.67,0.00,16.67,8,28.8,21.3,64,1003.1,220,2.2,-9900,-9900,0.0,0.0
2017,4,17,19,60,7.56,296.41,0.00,0.00,0.00,8,28.0,21.1,66,1003.1,250,1.4,-9900,-9900,0.0,0.0
2017,4,17,20,60,0.00,0.00,0.00,0.00,0.00,8,27.6,21.1,68,1004.0,360,0.3,-9900,-9900,0.0,0.0
2017,4,17,21,60,0.00,0.00,0.00,0.00,0.00,9,27.7,21.1,67,1004.2,250,0.4,-9900,-9900,0.0,0.0
2017,4,17,22,60,0.00,0.00,0.00,0.00,0.00,9,26.6,21.1,72,1004.5,170,0.8,-9900,-9900,0.0,0.0
2017,4,17,23,60,0.00,0.00,0.00,0.00,0.00,9,26.5,21.5,74,1004.9,340,0.9,-9900,-9900,0.0,0.0
2017,4,17,24,60,0.00,0.00,0.00,0.00,0.00,9,26.0,21.4,76,1004.5,350,1.1,-9900,-9900,0.0,0.0
2017,4,18,1,60,0.00,0.00,0.00,0.00,0.00,9,25.8,21.2,76,1003.6,30,0.3,-9900,-9900,0.0,0.0
2017,4,18,2,60,0.00,0.00,0.00,0.00,0.00,9,25.6,20.5,73,1002.7,90,0.3,-9900,-9900,0.0,0.0
2017,4,18,3,60,0.00,0.00,0.00,0.00,0.00,9,26.0,20.6,72,1002.1,220,2.0,-9900,-9900,0.0,0.0
2017,4,18,4,60,0.00,0.00,0.00,0.00,0.00,9,26.2,20.7,72,1002.1,240,1.9,-9900,-9900,0.0,0.0
2017,4,18,5,60,0.00,0.00,0.00,0.00,0.00,10,26.3,20.8,72,1002.2,240,1.6,-9900,-9900,0.0,0.0
2017,4,18,6,60,29.50,585.61,0.00,0.00,0.00,10,26.1,20.7,72,1002.3,220,1.6,-9900,-9900,0.0,0.0
2017,4,18,7,60,291.95,1354.17,0.00,0.00,0.00,10,25.7,20.3,72,1003.2,160,2.1,-9900,-9900,0.0,0.0
2017,4,18,8,60,591.29,1354.17,16.67,0.27,16.55,10,25.7,19.8,70,1003.9,70,1.7,20,1,0.0,0.0
2017,4,18,9,60,857.47,1354.17,63.89,1.12,63.18,10,26.8,20.5,68,1004.4,90,1.0,18,1,0.0,0.0
2017,4,18,10,60,1072.33,1354.17,130.56,2.45,128.62,10,27.0,21.3,71,1004.3,110,0.7,-9900,-9900,0.0,0.0
2017,4,18,11,60,1221.23,1354.17,161.11,2.81,158.58,10,28.0,21.7,69,1004.2,280,2.4,15,1,0.0,0.0
2017,4,18,12,60,1294.04,1354.17,211.11,4.03,207.26,10,28.0,21.5,68,1004.0,280,3.4,-9900,-9900,0.0,0.0
2017,4,18,13,60,1285.78,1354.17,191.67,3.44,188.40,10,26.9,21.2,71,1003.8,280,1.5,-9900,-9900,0.2,0.3
2017,4,18,14,60,1197.03,1354.17,166.67,3.07,163.96,10,26.1,21.1,74,1003.6,280,0.9,10,1,0.1,0.6
2017,4,18,15,60,1033.83,1354.17,155.56,3.50,152.89,10,27.1,21.8,73,1003.1,280,0.6,-9900,-9900,0.0,0.0
2017,4,18,16,60,807.30,1354.17,166.67,6.07,163.05,10,27.2,21.6,72,1002.9,360,0.3,-9900,-9900,0.0,0.0
2017,4,18,17,60,532.87,1354.17,86.11,3.96,84.55,10,26.7,21.6,74,1003.2,340,1.0,10,3,0.0,0.0
2017,4,18,18,60,229.25,1354.17,0.00,0.00,0.00,10,26.5,21.4,74,1003.9,320,1.3,-9900,-9900,0.0,0.0
2017,4,18,19,60,8.37,312.09,0.00,0.00,0.00,10,26.3,21.2,74,1004.3,350,0.8,-9900,-9900,0.0,0.0
2017,4,18,20,60,0.00,0.00,0.00,0.00,0.00,10,26.0,21.3,75,1005.0,340,1.3,-9900,-9900,0.0,0.0
2017,4,18,21,60,0.00,0.00,0.00,0.00,0.00,10,26.0,21.3,75,1005.8,50,0.5,-9900,-9900,0.0,0.0
2017,4,18,22,60,0.00,0.00,0.00,0.00,0.00,10,25.9,21.1,75,1006.1,340,0.8,-9900,-9900,0.0,0.0
2017,4,18,23,60,0.00,0.00,0.00,0.00,0.00,10,25.8,21.2,76,1006.0,310,0.8,-9900,-9900,0.0,0.0
2017,4,18,24,60,0.00,0.00,0.00,0.00,0.00,10,25.9,21.3,76,1006.0,0,0.0,-9900,-9900,0.0,0.0
2017,4,19,1,60,0.00,0.00,0.00,0.00,0.00,10,25.9,21.2,75,1005.7,200,0.7,-9900,-9900,0.0,0.0
2017,4,19,2,60,0.00,0.00,0.00,0.00,0.00,10,25.6,21.0,76,1005.0,140,1.0,-9900,-9900,0.0,0.0
2017,4,19,3,60,0.00,0.00,0.00,0.00,0.00,10,25.5,20.8,75,1005.0,140,0.8,-9900,-9900,0.0,0.0
2017,4,19,4,60,0.00,0.00,0.00,0.00,0.00,10,25.1,20.7,77,1005.2,0,0.0,-9900,-9900,0.0,0.0
2017,4,19,5,60,0.00,0.00,0.00,0.00,0.00,10,25.1,20.7,77,1005.8,120,0.5,-9900,-9900,0.0,0.0
2017,4,19,6,60,31.06,601.04,0.00,0.00,0.00,10,25.1,20.5,76,1006.2,150,0.8,-9900,-9900,0.0,0.0
2017,4,19,7,60,295.10,1353.43,27.78,0.00,27.78,10,25.9,21.3,76,1006.7,40,0.4,-9900,-9900,0.0,0.0
2017,4,19,8,60,593.92,1353.43,55.56,1.60,54.86,10,26.3,21.6,75,1007.1,120,0.8,6,1,0.0,0.0
2017,4,19,9,60,859.63,1353.43,272.22,36.67,248.93,10,27.4,22.6,75,1007.4,50,2.0,6,1,0.0,0.0
2017,4,19,10,60,1074.12,1353.43,347.22,40.48,315.09,10,28.6,22.9,71,1007.4,30,1.2,-9900,-9900,0.0,0.0
2017,4,19,11,60,1222.77,1353.43,413.89,50.32,368.43,10,29.0,22.7,69,1006.8,40,1.4,6,1,0.0,0.0
2017,4,19,12,60,1295.45,1353.43,147.22,2.18,145.13,10,27.9,21.9,70,1006.2,10,3.5,-9900,-9900,0.0,0.0
2017,4,19,13,60,1287.21,1353.43,16.67,0.11,16.57,10,24.5,20.5,78,1005.8,340,4.9,-9900,-9900,10.8,0.5
2017,4,19,14,60,1198.62,1353.43,302.78,12.04,292.12,10,25.0,20.4,76,1005.0,50,4.6,7,1,0.7,1.0
2017,4,19,15,60,1035.69,1353.43,152.78,3.38,150.19,10,24.9,19.9,74,1004.9,50,3.2,-9900,-9900,0.5,1.0
2017,4,19,16,60,809.55,1353.43,11.11,0.12,11.04,10,24.3,19.2,73,1005.1,100,2.0,-9900,-9900,0.1,1.0
2017,4,19,17,60,535.60,1353.43,25.00,0.56,24.78,9,24.7,20.2,76,1005.8,30,0.9,25,1,0.0,0.4
2017,4,19,18,60,232.51,1353.43,0.00,0.00,0.00,9,24.7,19.7,74,1006.8,80,0.7,-9900,-9900,0.0,0.0
2017,4,19,19,60,9.22,327.67,0.00,0.00,0.00,9,24.5,19.6,74,1007.4,150,0.4,-9900,-9900,0.0,0.0
2017,4,19,20,60,0.00,0.00,0.00,0.00,0.00,9,24.6,19.5,73,1008.5,170,1.5,-9900,-9900,0.0,0.0
2017,4,19,21,60,0.00,0.00,0.00,0.00,0.00,9,24.4,19.7,75,1009.5,210,0.3,-9900,-9900,0.0,0.0
2017,4,19,22,60,0.00,0.00,0.00,0.00,0.00,9,24.6,20.0,76,1009.5,270,0.6,-9900,-9900,0.0,0.0
2017,4,19,23,60,0.00,0.00,0.00,0.00,0.00,9,24.5,19.9,76,1009.1,230,0.3,-9900,-9900,0.0,0.0
2017,4,19,24,60,0.00,0.00,0.00,0.00,0.00,9,24.3,20.0,77,1008.3,170,0.7,-9900,-9900,0.0,0.0
2017,4,20,1,60,0.00,0.00,0.00,0.00,0.00,9,24.5,20.0,76,1007.7,0,0.0,-9900,-9900,0.0,0.0
2017,4,20,2,60,0.00,0.00,0.00,0.00,0.00,9,24.4,19.7,75,1007.1,230,0.7,-9900,-9900,0.0,0.0
2017,4,20,3,60,0.00,0.00,0.00,0.00,0.00,9,23.9,19.1,75,1006.4,190,0.6,-9900,-9900,0.0,0.0
2017,4,20,4,60,0.00,0.00,0.00,0.00,0.00,9,23.3,18.4,74,1006.3,100,0.7,-9900,-9900,0.0,0.0
2017,4,20,5,60,0.00,0.00,0.00,0.00,0.00,9,23.2,18.4,74,1006.5,150,1.3,-9900,-9900,0.0,0.0
2017,4,20,6,60,32.63,616.34,0.00,0.00,0.00,9,23.4,18.4,74,1006.3,150,1.7,-9900,-9900,0.0,0.0
2017,4,20,7,60,298.21,1352.69,58.33,0.00,58.33,9,23.9,18.7,73,1006.5,140,2.1,-9900,-9900,0.0,0.0
2017,4,20,8,60,596.50,1352.69,319.44,313.62,181.14,9,26.0,20.1,70,1006.4,70,0.6,14,1,0.0,0.0
2017,4,20,9,60,861.74,1352.69,188.89,6.91,184.49,10,26.6,19.1,63,1008.0,260,3.6,12,1,0.0,0.0
2017,4,20,10,60,1075.86,1352.69,180.56,4.22,177.20,10,27.2,20.3,66,1007.9,220,2.3,-9900,-9900,0.0,0.0
2017,4,20,11,60,1224.25,1352.69,205.56,4.22,201.74,10,26.9,20.3,67,1007.3,40,0.5,11,1,0.0,0.0
2017,4,20,12,60,1296.80,1352.69,213.89,4.10,209.96,10,25.0,19.5,72,1006.4,200,3.0,-9900,-9900,0.0,0.6
2017,4,20,13,60,1288.57,1352.69,266.67,6.09,260.87,10,25.8,21.0,75,1005.1,120,0.9,-9900,-9900,1.0,0.9
2017,4,20,14,60,1200.13,1352.69,580.56,219.99,385.38,8,28.3,22.6,71,1004.5,230,0.8,16,1,0.0,0.0
2017,4,20,15,60,1037.49,1352.69,375.00,67.85,322.96,10,27.7,21.7,70,1004.0,340,1.9,-9900,-9900,0.0,0.0
2017,4,20,16,60,811.75,1352.69,186.11,7.98,181.32,10,28.4,20.8,63,1003.7,260,2.9,-9900,-9900,0.0,0.0
2017,4,20,17,60,538.28,1352.69,188.89,59.38,165.26,9,28.3,20.6,63,1003.8,260,1.5,15,1,0.0,0.0
2017,4,20,18,60,235.73,1352.69,69.44,0.00,69.44,9,27.7,19.7,62,1004.4,270,1.0,-9900,-9900,0.0,0.0
2017,4,20,19,60,10.10,343.12,0.00,0.00,0.00,9,26.7,19.6,65,1005.0,340,1.3,-9900,-9900,0.0,0.0
2017,4,20,20,60,0.00,0.00,0.00,0.00,0.00,9,26.3,19.4,66,1005.5,320,0.5,-9900,-9900,0.0,0.0
2017,4,20,21,60,0.00,0.00,0.00,0.00,0.00,8,26.4,20.0,68,1005.6,200,0.3,-9900,-9900,0.0,0.0
2017,4,20,22,60,0.00,0.00,0.00,0.00,0.00,8,25.9,20.3,71,1006.5,170,1.5,-9900,-9900,0.0,0.0
2017,4,20,23,60,0.00,0.00,0.00,0.00,0.00,8,25.5,20.1,72,1006.6,150,1.4,-9900,-9900,0.0,0.0
2017,4,20,24,60,0.00,0.00,0.00,0.00,0.00,8,25.4,20.1,73,1006.0,100,0.5,-9900,-9900,0.0,0.0
2017,4,21,1,60,0.00,0.00,0.00,0.00,0.00,8,25.4,20.2,73,1005.7,140,0.5,-9900,-9900,0.0,0.0
2017,4,21,2,60,0.00,0.00,0.00,0.00,0.00,8,25.1,19.9,73,1005.6,180,0.9,-9900,-9900,0.0,0.0
2017,4,21,3,60,0.00,0.00,0.00,0.00,0.00,8,24.6,19.7,74,1005.1,80,1.1,-9900,-9900,0.0,0.0
2017,4,21,4,60,0.00,0.00,0.00,0.00,0.00,8,24.3,19.4,74,1004.8,150,1.5,-9900,-9900,0.0,0.0
2017,4,21,5,60,0.00,0.00,0.00,0.00,0.00,7,24.2,19.3,74,1004.9,150,1.0,-9900,-9900,0.0,0.0
2017,4,21,6,60,34.23,631.53,0.00,0.00,0.00,7,24.0,19.3,75,1005.1,190,1.1,-9900,-9900,0.0,0.0
2017,4,21,7,60,301.26,1351.96,122.22,0.00,122.22,7,25.0,19.5,72,1005.5,180,0.8,-9900,-9900,0.0,0.0
2017,4,21,8,60,599.03,1351.96,277.78,188.16,194.41,7,26.6,20.6,70,1006.1,190,0.3,20,-9900,0.0,0.0
2017,4,21,9,60,863.80,1351.96,363.89,129.72,281.01,8,27.7,20.9,67,1006.4,210,1.8,20,1,0.0,0.0
2017,4,21,10,60,1077.53,1351.96,463.89,141.42,351.18,8,28.7,20.8,62,1006.0,210,1.0,-9900,-9900,0.0,0.0
2017,4,21,11,60,1225.66,1351.96,216.67,4.62,212.48,9,28.8,21.3,64,1005.6,10,1.5,25,1,0.0,0.0
2017,4,21,12,60,1298.08,1351.96,186.11,3.22,183.02,9,29.4,20.9,60,1004.9,260,2.3,-9900,-9900,0.0,0.0
2017,4,21,13,60,1289.87,1351.96,538.89,125.45,419.20,6,30.7,22.1,60,1003.6,280,3.3,-9900,-9900,0.0,0.0
2017,4,21,14,60,1201.58,1351.96,441.67,73.07,376.73,8,28.7,22.0,67,1002.7,300,2.0,20,1,0.0,0.0
2017,4,21,15,60,1039.24,1351.96,183.33,4.61,179.79,9,27.6,21.3,69,1002.7,300,1.8,-9900,-9900,0.0,0.0
2017,4,21,16,60,813.90,1351.96,188.89,8.34,183.87,10,27.3,20.9,68,1002.4,290,1.5,-9900,-9900,0.0,0.0
2017,4,21,17,60,540.92,1351.96,58.33,2.00,57.53,10,25.4,19.9,72,1002.6,280,2.2,8,1,0.0,0.1
2017,4,21,18,60,238.90,1351.96,0.00,0.00,0.00,10,24.5,19.6,74,1004.2,250,2.0,-9900,-9900,1.0,1.0
2017,4,21,19,60,11.02,358.46,0.00,0.00,0.00,10,22.8,19.2,80,1005.1,20,2.4,-9900,-9900,5.0,1.0
2017,4,21,20,60,0.00,0.00,0.00,0.00,0.00,10,20.4,16.3,77,1005.9,30,3.9,-9900,-9900,10.5,1.0
2017,4,21,21,60,0.00,0.00,0.00,0.00,0.00,10,19.4,14.9,75,1008.2,60,4.8,-9900,-9900,6.0,1.0
2017,4,21,22,60,0.00,0.00,0.00,0.00,0.00,10,19.3,14.7,75,1009.5,50,2.5,-9900,-9900,2.5,1.0
2017,4,21,23,60,0.00,0.00,0.00,0.00,0.00,10,18.7,14.3,76,1009.4,70,2.3,-9900,-9900,2.0,1.0
2017,4,21,24,60,0.00,0.00,0.00,0.00,0.00,10,18.6,14.0,75,1008.7,60,3.3,-9900,-9900,0.5,1.0
2017,4,22,1,60,0.00,0.00,0.00,0.00,0.00,10,18.4,13.5,73,1008.3,50,3.6,-9900,-9900,0.5,1.0
2017,4,22,2,60,0.00,0.00,0.00,0.00,0.00,10,18.6,13.7,73,1007.9,80,1.9,-9900,-9900,0.0,1.0
2017,4,22,3,60,0.00,0.00,0.00,0.00,0.00,10,18.2,13.5,74,1008.3,20,1.1,-9900,-9900,0.0,1.0
2017,4,22,4,60,0.00,0.00,0.00,0.00,0.00,10,18.1,12.4,69,1008.9,360,1.1,-9900,-9900,0.5,1.0
2017,4,22,5,60,0.00,0.00,0.00,0.00,0.00,10,17.9,13.1,73,1009.1,0,0.0,-9900,-9900,0.0,0.0
2017,4,22,6,60,35.86,646.60,0.00,0.00,0.00,10,18.8,11.8,64,1009.8,50,2.9,-9900,-9900,0.0,0.0
2017,4,22,7,60,304.28,1351.23,0.00,0.00,0.00,10,18.1,12.7,71,1010.3,150,1.4,-9900,-9900,0.0,0.0
2017,4,22,8,60,601.51,1351.23,0.00,0.00,0.00,10,17.9,12.9,73,1010.9,150,1.4,20,1,0.0,0.1
2017,4,22,9,60,865.80,1351.23,11.11,0.11,11.04,10,18.0,13.0,73,1011.5,60,0.5,15,0,0.0,0.8
2017,4,22,10,60,1079.14,1351.23,8.33,0.06,8.28,10,17.6,13.2,75,1011.4,80,1.2,-9900,-9900,1.0,1.0
2017,4,22,11,60,1227.00,1351.23,19.44,0.13,19.32,10,17.6,13.4,76,1011.6,60,1.8,8,0,0.5,1.0
2017,4,22,12,60,1299.30,1351.23,141.67,2.04,139.71,10,17.7,13.2,75,1011.2,50,2.5,-9900,-9900,0.5,1.0
2017,4,22,13,60,1291.10,1351.23,91.67,1.04,90.68,10,17.7,12.8,73,1010.7,50,3.3,-9900,-9900,0.0,1.0
2017,4,22,14,60,1202.97,1351.23,127.78,1.95,126.04,10,18.1,13.2,73,1009.8,70,2.4,8,0,0.0,1.0
2017,4,22,15,60,1040.92,1351.23,13.89,0.10,13.81,10,18.3,12.8,70,1009.8,40,2.4,-9900,-9900,0.0,0.5
2017,4,22,16,60,815.99,1351.23,66.52,1.28,65.75,10,18.0,12.9,72,1009.8,150,1.6,-9900,-9900,0.0,0.0
2017,4,22,17,60,543.50,1351.23,0.00,0.00,0.00,10,17.5,12.8,74,1010.4,120,1.4,5,1,0.5,0.9
2017,4,22,18,60,242.03,1351.23,0.00,0.00,0.00,10,16.8,12.6,76,1010.9,100,1.3,-9900,-9900,1.5,1.0
2017,4,22,19,60,11.96,373.67,0.00,0.00,0.00,10,17.0,13.1,78,1011.3,150,1.4,-9900,-9900,1.0,1.0
2017,4,22,20,60,0.00,0.00,0.00,0.00,0.00,10,17.3,13.4,78,1012.1,120,2.1,-9900,-9900,3.0,1.0
2017,4,22,21,60,0.00,0.00,0.00,0.00,0.00,10,16.8,12.3,75,1012.8,50,3.8,-9900,-9900,1.5,1.0
2017,4,22,22,60,0.00,0.00,0.00,0.00,0.00,10,16.5,10.8,69,1012.7,100,2.6,-9900,-9900,0.5,1.0
2017,4,22,23,60,0.00,0.00,0.00,0.00,0.00,10,16.1,10.6,70,1012.8,70,2.3,-9900,-9900,0.5,1.0
2017,4,22,24,60,0.00,0.00,0.00,0.00,0.00,10,16.8,10.9,68,1011.9,110,2.6,-9900,-9900,0.0,0.1
2017,4,23,1,60,0.00,0.00,0.00,0.00,0.00,9,17.3,11.1,67,1011.4,80,2.4,-9900,-9900,0.0,0.0
2017,4,23,2,60,0.00,0.00,0.00,0.00,0.00,9,17.3,11.9,71,1011.4,40,1.5,-9900,-9900,0.0,0.0
2017,4,23,3,60,0.00,0.00,0.00,0.00,0.00,9,17.8,11.5,67,1011.2,110,1.9,-9900,-9900,0.0,0.0
2017,4,23,4,60,0.00,0.00,0.00,0.00,0.00,9,18.0,11.6,66,1010.7,90,2.2,-9900,-9900,0.0,0.0
2017,4,23,5,60,0.00,0.00,0.00,0.00,0.00,9,18.7,11.9,65,1010.9,80,2.1,-9900,-9900,0.0,0.0
2017,4,23,6,60,37.50,661.54,0.00,0.00,0.00,9,18.6,12.3,67,1011.8,50,2.2,-9900,-9900,0.0,0.0
2017,4,23,7,60,307.25,1350.50,44.44,0.00,44.44,9,19.4,12.1,63,1012.6,50,3.0,-9900,-9900,0.0,0.0
2017,4,23,8,60,603.93,1350.50,166.67,18.52,158.39,9,20.2,11.7,58,1013.2,70,2.5,20,3,0.0,0.0
2017,4,23,9,60,867.74,1350.50,166.67,5.34,163.24,9,20.4,11.5,57,1013.3,70,2.9,20,3,0.0,0.0
2017,4,23,10,60,1080.69,1350.50,205.56,5.24,201.37,9,20.8,11.7,56,1012.9,70,3.3,-9900,-9900,0.0,0.0
2017,4,23,11,60,1228.27,1350.50,333.33,17.02,317.85,9,21.1,11.3,54,1012.7,50,5.3,25,3,0.0,0.0
2017,4,23,12,60,1300.44,1350.50,333.33,12.87,320.94,10,21.6,11.9,54,1012.2,60,3.7,-9900,-9900,0.0,0.0
2017,4,23,13,60,1292.26,1350.50,405.56,35.03,372.04,10,21.9,10.6,49,1011.8,50,4.2,-9900,-9900,0.0,0.0
2017,4,23,14,60,1204.29,1350.50,497.22,119.45,390.70,9,21.6,9.5,46,1011.3,50,5.5,15,3,0.0,0.0
2017,4,23,15,60,1042.54,1350.50,261.11,11.54,252.20,10,21.6,10.3,49,1011.4,50,3.5,-9900,-9900,0.0,0.0
2017,4,23,16,60,818.02,1350.50,166.67,5.91,163.09,10,21.1,10.3,50,1011.3,70,3.8,-9900,-9900,0.0,0.0
2017,4,23,17,60,546.03,1350.50,138.89,12.42,133.87,10,20.9,10.6,52,1011.2,80,4.0,15,3,0.0,0.0
2017,4,23,18,60,245.11,1350.50,0.00,0.00,0.00,10,20.5,10.3,52,1011.6,90,3.3,-9900,-9900,0.0,0.0
2017,4,23,19,60,12.94,388.76,0.00,0.00,0.00,10,20.5,9.9,51,1012.1,70,4.4,-9900,-9900,0.0,0.0
2017,4,23,20,60,0.00,0.00,0.00,0.00,0.00,10,20.4,10.1,52,1012.7,80,2.7,-9900,-9900,0.0,0.0
2017,4,23,21,60,0.00,0.00,0.00,0.00,0.00,10,20.0,10.5,54,1012.5,60,3.3,-9900,-9900,0.0,0.0
2017,4,23,22,60,0.00,0.00,0.00,0.00,0.00,10,19.9,11.0,56,1012.8,50,4.3,-9900,-9900,0.0,0.0
2017,4,23,23,60,0.00,0.00,0.00,0.00,0.00,10,20.0,11.4,58,1012.6,50,3.5,-9900,-9900,0.0,0.0
2017,4,23,24,60,0.00,0.00,0.00,0.00,0.00,10,20.0,12.1,60,1011.6,50,4.0,-9900,-9900,0.0,0.0
2017,4,24,1,60,0.00,0.00,0.00,0.00,0.00,10,20.1,12.7,62,1011.2,50,2.9,-9900,-9900,0.0,0.0
2017,4,24,2,60,0.00,0.00,0.00,0.00,0.00,10,20.2,13.1,64,1010.4,50,3.3,-9900,-9900,0.0,0.0
2017,4,24,3,60,0.00,0.00,0.00,0.00,0.00,10,20.2,13.3,65,1010.1,50,3.4,-9900,-9900,0.0,0.0
2017,4,24,4,60,0.00,0.00,0.00,0.00,0.00,10,20.4,13.6,65,1010.4,50,2.7,-9900,-9900,0.0,0.0
2017,4,24,5,60,0.00,0.00,0.00,0.00,0.00,10,19.4,13.7,70,1011.1,60,2.3,-9900,-9900,0.0,0.5
2017,4,24,6,60,39.16,676.35,0.00,0.00,0.00,10,19.0,14.3,74,1011.5,70,1.9,-9900,-9900,1.0,1.0
2017,4,24,7,60,310.17,1349.78,0.00,0.00,0.00,10,19.4,14.9,75,1011.6,50,1.5,-9900,-9900,0.0,1.0
2017,4,24,8,60,606.30,1349.78,0.00,0.00,0.00,10,19.8,15.0,74,1012.3,60,1.7,10,1,0.0,1.0
2017,4,24,9,60,869.62,1349.78,111.11,2.65,109.40,10,20.7,16.1,75,1012.4,90,1.2,12,1,0.5,0.7
2017,4,24,10,60,1082.19,1349.78,183.33,4.28,179.90,10,20.9,16.2,74,1012.8,50,1.3,-9900,-9900,0.0,0.3
2017,4,24,11,60,1229.50,1349.78,161.11,2.77,158.59,10,20.9,16.2,74,1012.7,50,2.6,12,1,0.2,0.5
2017,4,24,12,60,1301.53,1349.78,166.67,2.65,164.11,10,21.2,16.5,75,1012.3,60,2.1,-9900,-9900,0.0,0.0
2017,4,24,13,60,1293.36,1349.78,166.67,2.68,164.10,10,21.1,16.9,77,1011.9,40,0.8,-9900,-9900,0.2,0.8
2017,4,24,14,60,1205.56,1349.78,291.67,9.88,282.85,10,22.0,17.7,77,1011.0,80,0.9,13,1,0.0,0.2
2017,4,24,15,60,1044.10,1349.78,294.44,20.61,278.50,10,23.1,18.0,73,1010.5,0,0.0,-9900,-9900,0.0,0.0
2017,4,24,16,60,819.99,1349.78,202.78,10.88,196.17,10,23.6,17.8,70,1010.3,80,1.2,-9900,-9900,0.0,0.0
2017,4,24,17,60,548.51,1349.78,155.56,21.19,146.95,9,23.9,17.5,67,1010.3,80,0.8,20,4,0.0,0.0
2017,4,24,18,60,248.15,1349.78,19.44,0.00,19.44,9,23.4,17.3,69,1010.3,70,1.9,-9900,-9900,0.0,0.0
2017,4,24,19,60,13.94,403.71,0.00,0.00,0.00,9,23.2,17.1,69,1010.4,50,2.0,-9900,-9900,0.0,0.0
2017,4,24,20,60,0.00,0.00,0.00,0.00,0.00,9,23.0,16.7,68,1010.9,50,2.5,-9900,-9900,0.0,0.0
2017,4,24,21,60,0.00,0.00,0.00,0.00,0.00,9,22.6,16.3,68,1011.4,50,2.8,-9900,-9900,0.0,0.0
2017,4,24,22,60,0.00,0.00,0.00,0.00,0.00,9,22.6,15.9,66,1011.5,60,1.4,-9900,-9900,0.0,0.0
2017,4,24,23,60,0.00,0.00,0.00,0.00,0.00,9,22.0,15.8,68,1011.2,50,1.3,-9900,-9900,0.0,0.0
2017,4,24,24,60,0.00,0.00,0.00,0.00,0.00,9,22.0,15.6,67,1010.7,50,1.5,-9900,-9900,0.0,0.0
2017,4,25,1,60,0.00,0.00,0.00,0.00,0.00,9,20.9,15.7,72,1010.1,70,0.7,-9900,-9900,0.0,0.0
2017,4,25,2,60,0.00,0.00,0.00,0.00,0.00,9,20.6,15.6,73,1009.5,190,1.5,-9900,-9900,0.0,0.0
2017,4,25,3,60,0.00,0.00,0.00,0.00,0.00,9,20.2,15.6,75,1009.3,130,0.4,-9900,-9900,0.0,0.0
2017,4,25,4,60,0.00,0.00,0.00,0.00,0.00,9,20.0,15.4,75,1009.4,120,0.6,-9900,-9900,0.0,0.0
2017,4,25,5,60,0.00,0.00,0.00,0.00,0.00,9,19.9,15.4,75,1009.4,120,0.9,-9900,-9900,0.0,0.0
2017,4,25,6,60,40.85,691.02,0.00,0.00,0.00,9,20.4,15.7,74,1009.6,70,1.5,-9900,-9900,0.0,0.0
2017,4,25,7,60,313.04,1349.07,105.56,0.00,105.56,9,21.8,16.1,70,1009.8,260,0.3,-9900,-9900,0.0,0.0
2017,4,25,8,60,608.63,1349.07,166.67,17.78,158.65,9,23.2,16.7,67,1010.4,0,0.0,20,3,0.0,0.0
2017,4,25,9,60,871.46,1349.07,338.89,93.04,278.79,9,24.5,17.9,67,1010.7,230,1.2,18,3,0.0,0.0
2017,4,25,10,60,1083.62,1349.07,372.22,53.70,329.09,10,25.8,18.4,64,1010.9,200,1.2,-9900,-9900,0.0,0.0
2017,4,25,11,60,1230.66,1349.07,408.33,45.68,366.66,10,26.7,18.8,62,1010.5,200,0.6,20,2,0.0,0.0
2017,4,25,12,60,1302.55,1349.07,383.33,25.49,358.72,10,27.4,19.5,62,1010.0,270,0.9,-9900,-9900,0.0,0.0
2017,4,25,13,60,1294.41,1349.07,333.33,13.14,320.72,10,27.4,19.4,62,1009.3,0,0.0,-9900,-9900,0.0,0.0
2017,4,25,14,60,1206.76,1349.07,250.00,6.09,244.55,10,27.4,20.0,64,1008.8,280,0.6,12,3,0.0,0.0
2017,4,25,15,60,1045.61,1349.07,358.33,53.12,317.16,8,27.4,20.8,67,1008.1,290,0.5,-9900,-9900,0.0,0.0
2017,4,25,16,60,821.92,1349.07,183.33,7.25,178.91,10,25.9,19.8,69,1008.1,310,0.4,-9900,-9900,0.0,0.0
2017,4,25,17,60,550.94,1349.07,75.00,2.94,73.80,10,25.5,19.6,70,1008.1,330,0.8,10,0,0.0,0.2
2017,4,25,18,60,251.14,1349.07,0.00,0.00,0.00,10,24.7,19.3,72,1008.5,0,0.0,-9900,-9900,0.0,1.0
2017,4,25,19,60,14.97,418.53,0.00,0.00,0.00,10,24.2,19.1,73,1008.6,320,0.6,-9900,-9900,0.0,1.0
2017,4,25,20,60,0.00,0.00,0.00,0.00,0.00,10,24.0,19.0,74,1009.1,360,0.3,-9900,-9900,0.0,1.0
2017,4,25,21,60,0.00,0.00,0.00,0.00,0.00,10,24.0,19.0,74,1009.4,200,1.0,-9900,-9900,0.0,0.1
2017,4,25,22,60,0.00,0.00,0.00,0.00,0.00,10,24.0,18.9,73,1009.6,240,0.9,-9900,-9900,0.0,0.0
2017,4,25,23,60,0.00,0.00,0.00,0.00,0.00,10,24.0,19.1,74,1009.3,220,0.8,-9900,-9900,0.0,0.0
2017,4,25,24,60,0.00,0.00,0.00,0.00,0.00,10,23.6,19.2,76,1008.7,170,0.3,-9900,-9900,0.0,0.0
2017,4,26,1,60,0.00,0.00,0.00,0.00,0.00,9,23.3,18.8,76,1007.8,180,0.8,-9900,-9900,0.0,0.0
2017,4,26,2,60,0.00,0.00,0.00,0.00,0.00,9,23.0,18.4,75,1007.6,200,0.8,-9900,-9900,0.0,0.0
2017,4,26,3,60,0.00,0.00,0.00,0.00,0.00,9,22.9,18.3,75,1007.1,120,0.6,-9900,-9900,0.0,0.0
2017,4,26,4,60,0.00,0.00,0.00,0.00,0.00,9,22.7,18.4,77,1006.7,150,0.7,-9900,-9900,0.0,0.0
2017,4,26,5,60,0.00,0.00,0.00,0.00,0.00,9,22.5,18.1,76,1006.6,140,0.8,-9900,-9900,0.0,0.0
2017,4,26,6,60,42.54,705.56,0.00,0.00,0.00,9,22.6,18.0,75,1006.8,130,1.3,-9900,-9900,0.0,0.0
2017,4,26,7,60,315.87,1348.36,38.89,0.00,38.89,9,23.4,18.5,74,1007.3,110,0.5,-9900,-9900,0.0,0.0
2017,4,26,8,60,610.90,1348.36,125.00,5.96,122.30,9,24.0,18.7,72,1007.7,210,0.6,11,1,0.0,0.0
2017,4,26,9,60,873.23,1348.36,161.11,4.96,157.90,9,25.3,19.6,71,1007.7,150,0.9,10,1,0.0,0.0
2017,4,26,10,60,1084.99,1348.36,372.22,53.35,329.29,9,26.6,19.9,67,1008.2,260,1.1,-9900,-9900,0.0,0.0
2017,4,26,11,60,1231.75,1348.36,447.22,69.00,384.19,10,28.2,21.1,65,1007.8,240,1.5,6,1,0.0,0.0
2017,4,26,12,60,1303.51,1348.36,266.67,5.95,260.92,10,27.5,20.8,67,1007.2,330,0.9,-9900,-9900,0.0,0.0
2017,4,26,13,60,1295.38,1348.36,169.44,2.75,166.80,10,27.6,20.9,67,1006.4,240,2.6,-9900,-9900,0.0,0.0
2017,4,26,14,60,1207.90,1348.36,205.56,4.31,201.70,10,27.2,20.7,68,1005.9,310,1.9,6,1,0.0,0.0
2017,4,26,15,60,1047.06,1348.36,511.11,226.57,335.17,10,27.2,20.9,69,1005.4,350,1.1,-9900,-9900,0.0,0.0
2017,4,26,16,60,823.79,1348.36,138.89,4.24,136.30,10,26.4,20.1,68,1005.1,290,0.9,-9900,-9900,0.0,0.0
2017,4,26,17,60,553.31,1348.36,80.56,3.29,79.21,10,23.7,18.3,72,1006.1,30,1.6,15,2,0.0,0.0
2017,4,26,18,60,254.08,1348.36,0.00,0.00,0.00,10,23.2,17.1,69,1007.3,100,2.3,-9900,-9900,0.0,0.0
2017,4,26,19,60,16.02,433.21,0.00,0.00,0.00,10,22.7,16.6,68,1008.3,40,3.5,-9900,-9900,0.0,0.0
2017,4,26,20,60,0.00,0.00,0.00,0.00,0.00,10,21.1,15.8,72,1009.5,50,3.6,-9900,-9900,0.0,0.2
2017,4,26,21,60,0.00,0.00,0.00,0.00,0.00,10,20.7,15.6,73,1010.5,50,4.1,-9900,-9900,0.0,1.0
2017,4,26,22,60,0.00,0.00,0.00,0.00,0.00,10,20.4,15.4,73,1010.9,60,2.6,-9900,-9900,0.5,0.8
2017,4,26,23,60,0.00,0.00,0.00,0.00,0.00,10,20.6,15.4,72,1010.8,60,3.2,-9900,-9900,0.0,0.0
2017,4,26,24,60,0.00,0.00,0.00,0.00,0.00,10,20.2,15.4,74,1010.7,60,3.4,-9900,-9900,0.0,0.0
2017,4,27,1,60,0.00,0.00,0.00,0.00,0.00,10,19.8,15.0,74,1010.7,60,3.4,-9900,-9900,0.0,0.0
2017,4,27,2,60,0.00,0.00,0.00,0.00,0.00,10,19.3,14.4,73,1009.7,70,2.5,-9900,-9900,0.0,0.3
2017,4,27,3,60,0.00,0.00,0.00,0.00,0.00,10,18.9,14.6,76,1008.8,60,3.3,-9900,-9900,1.5,1.0
2017,4,27,4,60,0.00,0.00,0.00,0.00,0.00,10,18.8,14.6,77,1008.9,50,2.8,-9900,-9900,0.5,1.0
2017,4,27,5,60,0.00,0.00,0.00,0.00,0.00,10,19.0,14.5,75,1009.3,60,2.9,-9900,-9900,0.5,1.0
2017,4,27,6,60,44.26,719.95,0.00,0.00,0.00,10,18.8,14.4,76,1009.3,60,3.8,-9900,-9900,0.5,1.0
2017,4,27,7,60,318.66,1347.65,0.00,0.00,0.00,10,18.7,14.3,76,1010.2,50,3.5,-9900,-9900,0.5,1.0
2017,4,27,8,60,613.12,1347.65,0.00,0.00,0.00,10,18.7,14.1,75,1011.0,50,3.7,6,3,0.5,1.0
2017,4,27,9,60,874.95,1347.65,36.11,0.46,35.81,10,18.9,16.2,84,1012.1,70,2.5,7,1,2.0,1.0
2017,4,27,10,60,1086.31,1347.65,75.00,0.98,74.21,10,18.9,13.4,70,1012.6,50,3.9,-9900,-9900,0.5,1.0
2017,4,27,11,60,1232.79,1347.65,288.89,8.64,280.99,10,18.8,13.4,71,1012.4,50,5.1,20,3,0.5,0.9
2017,4,27,12,60,1304.41,1347.65,322.22,10.81,311.76,10,18.9,13.4,70,1012.0,50,4.2,-9900,-9900,0.0,0.0
2017,4,27,13,60,1296.29,1347.65,150.00,2.25,147.84,10,18.3,12.7,70,1011.4,50,4.2,-9900,-9900,0.0,0.2
2017,4,27,14,60,1208.98,1347.65,144.44,2.36,142.32,10,17.7,14.5,82,1011.2,50,2.4,12,3,0.5,1.0
2017,4,27,15,60,1048.44,1347.65,19.44,0.17,19.31,10,16.4,14.0,86,1011.0,50,4.4,-9900,-9900,0.5,1.0
2017,4,27,16,60,825.60,1347.65,38.89,0.55,38.55,10,16.0,14.7,92,1011.4,80,2.5,-9900,-9900,1.5,1.0
2017,4,27,17,60,555.65,1347.65,0.00,0.00,0.00,10,16.1,14.4,90,1011.9,70,2.5,15,1,1.5,1.0
2017,4,27,18,60,256.98,1347.65,0.00,0.00,0.00,10,16.3,14.7,90,1011.9,80,2.4,-9900,-9900,0.0,1.0
2017,4,27,19,60,17.10,447.75,0.00,0.00,0.00,9,16.0,14.7,92,1012.6,100,2.0,-9900,-9900,1.5,1.0
2017,4,27,20,60,0.00,0.00,0.00,0.00,0.00,9,15.8,14.7,93,1013.3,90,1.7,-9900,-9900,2.5,1.0
2017,4,27,21,60,0.00,0.00,0.00,0.00,0.00,8,15.3,13.9,91,1013.8,60,3.4,-9900,-9900,0.5,0.9
2017,4,27,22,60,0.00,0.00,0.00,0.00,0.00,8,15.6,13.5,87,1014.0,110,1.8,-9900,-9900,0.0,0.0
2017,4,27,23,60,0.00,0.00,0.00,0.00,0.00,8,15.9,13.7,87,1013.7,110,1.7,-9900,-9900,0.0,0.0
2017,4,27,24,60,0.00,0.00,0.00,0.00,0.00,7,16.0,13.6,86,1012.8,100,1.5,-9900,-9900,0.0,0.0
2017,4,28,1,60,0.00,0.00,0.00,0.00,0.00,7,16.2,13.9,86,1012.6,110,1.0,-9900,-9900,0.0,0.0
2017,4,28,2,60,0.00,0.00,0.00,0.00,0.00,6,16.2,13.6,85,1012.2,130,1.1,-9900,-9900,0.0,0.0
2017,4,28,3,60,0.00,0.00,0.00,0.00,0.00,6,16.6,13.3,81,1011.8,120,1.3,-9900,-9900,0.0,0.0
2017,4,28,4,60,0.00,0.00,0.00,0.00,0.00,6,15.5,13.4,87,1012.0,140,0.3,-9900,-9900,0.0,0.0
2017,4,28,5,60,0.00,0.00,0.00,0.00,0.00,5,15.3,12.8,85,1012.1,140,0.9,-9900,-9900,0.0,0.0
2017,4,28,6,60,45.98,734.19,0.00,0.00,0.00,5,16.0,12.8,81,1012.4,160,1.1,-9900,-9900,0.0,0.0
2017,4,28,7,60,321.39,1346.95,141.67,0.00,141.67,4,17.0,13.3,79,1012.7,150,1.3,-9900,-9900,0.0,0.0
2017,4,28,8,60,615.29,1346.95,350.00,380.36,176.25,4,19.4,12.5,64,1013.0,100,1.5,16,-9900,0.0,0.0
2017,4,28,9,60,876.62,1346.95,369.44,129.44,285.20,4,20.6,8.7,46,1013.1,40,4.0,30,-9900,0.0,0.0
2017,4,28,10,60,1087.57,1346.95,561.11,275.13,338.96,4,21.7,9.3,45,1012.8,50,4.0,-9900,-9900,0.0,0.0
2017,4,28,11,60,1233.77,1346.95,716.67,406.35,344.46,6,21.4,8.6,44,1012.6,40,4.7,30,1,0.0,0.0
2017,4,28,12,60,1305.26,1346.95,750.00,392.72,369.44,4,22.4,8.8,42,1011.8,40,3.0,-9900,-9900,0.0,0.0
2017,4,28,13,60,1297.15,1346.95,1005.56,856.21,181.00,3,23.9,9.3,39,1010.9,10,4.2,-9900,-9900,0.0,0.0
2017,4,28,14,60,1210.02,1346.95,816.67,628.11,252.41,4,22.9,8.6,40,1010.3,50,4.4,30,-9900,0.0,0.0
2017,4,28,15,60,1049.78,1346.95,722.22,660.59,207.37,3,23.4,9.0,40,1009.5,40,2.5,-9900,-9900,0.0,0.0
2017,4,28,16,60,827.36,1346.95,505.56,474.27,214.24,4,22.6,8.7,41,1009.2,40,2.8,-9900,-9900,0.0,0.0
2017,4,28,17,60,557.93,1346.95,330.56,432.00,151.62,2,21.1,7.8,42,1009.4,20,3.6,30,-9900,0.0,0.0
2017,4,28,18,60,259.83,1346.95,105.56,0.00,105.56,2,20.5,8.4,46,1010.2,60,4.0,-9900,-9900,0.0,0.0
2017,4,28,19,60,18.20,462.13,0.00,0.00,0.00,2,19.8,8.4,48,1010.7,50,4.4,-9900,-9900,0.0,0.0
2017,4,28,20,60,0.00,0.00,0.00,0.00,0.00,2,19.4,8.8,50,1011.3,60,2.9,-9900,-9900,0.0,0.0
2017,4,28,21,60,0.00,0.00,0.00,0.00,0.00,1,18.9,9.0,53,1011.8,50,3.2,-9900,-9900,0.0,0.0
2017,4,28,22,60,0.00,0.00,0.00,0.00,0.00,1,18.6,9.2,54,1012.2,50,1.9,-9900,-9900,0.0,0.0
2017,4,28,23,60,0.00,0.00,0.00,0.00,0.00,1,18.3,8.9,54,1011.5,60,2.7,-9900,-9900,0.0,0.0
2017,4,28,24,60,0.00,0.00,0.00,0.00,0.00,1,17.7,9.4,58,1011.0,50,1.8,-9900,-9900,0.0,0.0
2017,4,29,1,60,0.00,0.00,0.00,0.00,0.00,1,17.5,9.0,57,1010.8,50,1.9,-9900,-9900,0.0,0.0
2017,4,29,2,60,0.00,0.00,0.00,0.00,0.00,1,16.5,10.3,67,1010.6,150,0.9,-9900,-9900,0.0,0.0
2017,4,29,3,60,0.00,0.00,0.00,0.00,0.00,1,15.8,10.1,69,1010.4,160,0.6,-9900,-9900,0.0,0.0
2017,4,29,4,60,0.00,0.00,0.00,0.00,0.00,1,15.6,10.5,72,1010.5,150,1.9,-9900,-9900,0.0,0.0
2017,4,29,5,60,0.00,0.00,0.00,0.00,0.00,0,15.4,10.6,73,1010.9,110,0.5,-9900,-9900,0.0,0.0
2017,4,29,6,60,47.71,748.29,100.00,0.00,100.00,0,15.6,10.8,73,1011.4,160,0.9,-9900,-9900,0.0,0.0
2017,4,29,7,60,324.07,1346.26,191.67,0.00,191.67,0,16.6,11.4,71,1011.7,110,0.9,-9900,-9900,0.0,0.0
2017,4,29,8,60,617.41,1346.26,419.44,638.80,126.48,0,19.7,12.1,62,1012.1,130,1.0,60,-9900,0.0,0.0
2017,4,29,9,60,878.23,1346.26,644.44,774.77,139.02,1,22.8,12.3,52,1011.9,50,2.9,60,-9900,0.0,0.0
2017,4,29,10,60,1088.78,1346.26,847.22,859.01,152.50,1,24.9,8.7,36,1011.7,60,3.5,-9900,-9900,0.0,0.0
2017,4,29,11,60,1234.70,1346.26,1000.00,894.09,180.00,4,25.8,9.2,35,1011.1,40,2.4,50,-9900,0.0,0.0
2017,4,29,12,60,1306.05,1346.26,1000.00,845.25,180.00,5,26.9,10.1,35,1010.5,20,3.2,-9900,-9900,0.0,0.0
2017,4,29,13,60,1297.96,1346.26,1000.00,850.52,180.00,7,26.5,9.4,34,1009.9,30,2.5,-9900,-9900,0.0,0.0
2017,4,29,14,60,1210.99,1346.26,922.22,840.69,166.00,4,25.5,9.5,36,1009.3,40,4.6,50,-9900,0.0,0.0
2017,4,29,15,60,1051.06,1346.26,747.22,717.65,186.93,6,25.6,10.5,39,1009.0,50,3.9,-9900,-9900,0.0,0.0
2017,4,29,16,60,829.07,1346.26,477.78,396.15,233.82,3,25.1,10.6,40,1008.8,40,3.5,-9900,-9900,0.0,0.0
2017,4,29,17,60,560.15,1346.26,330.56,426.55,153.08,2,23.5,9.5,41,1008.8,50,4.2,25,-9900,0.0,0.0
2017,4,29,18,60,262.64,1346.26,102.78,0.00,102.78,2,22.8,10.0,44,1009.4,40,3.8,-9900,-9900,0.0,0.0
2017,4,29,19,60,19.32,476.37,0.00,0.00,0.00,2,22.3,10.5,47,1009.8,60,2.5,-9900,-9900,0.0,0.0
2017,4,29,20,60,0.00,0.00,0.00,0.00,0.00,2,21.7,10.8,50,1010.3,50,2.8,-9900,-9900,0.0,0.0
2017,4,29,21,60,0.00,0.00,0.00,0.00,0.00,2,21.4,11.1,52,1010.7,50,3.2,-9900,-9900,0.0,0.0
2017,4,29,22,60,0.00,0.00,0.00,0.00,0.00,2,21.2,11.8,55,1010.9,60,1.4,-9900,-9900,0.0,0.0
2017,4,29,23,60,0.00,0.00,0.00,0.00,0.00,2,20.7,12.5,59,1010.6,170,0.8,-9900,-9900,0.0,0.0
2017,4,29,24,60,0.00,0.00,0.00,0.00,0.00,2,20.3,12.8,62,1010.1,140,0.8,-9900,-9900,0.0,0.0
2017,4,30,1,60,0.00,0.00,0.00,0.00,0.00,1,19.8,13.2,66,1010.0,150,1.1,-9900,-9900,0.0,0.0
2017,4,30,2,60,0.00,0.00,0.00,0.00,0.00,1,19.7,13.5,67,1009.6,120,0.9,-9900,-9900,0.0,0.0
2017,4,30,3,60,0.00,0.00,0.00,0.00,0.00,1,19.6,13.5,68,1009.3,160,2.0,-9900,-9900,0.0,0.0
2017,4,30,4,60,0.00,0.00,0.00,0.00,0.00,1,19.2,13.4,69,1009.5,160,0.9,-9900,-9900,0.0,0.0
2017,4,30,5,60,0.00,0.00,0.00,0.00,0.00,1,18.9,13.3,70,1010.0,180,1.6,-9900,-9900,0.0,0.0
2017,4,30,6,60,49.46,762.23,0.00,0.00,0.00,1,18.5,13.4,72,1010.4,160,1.2,-9900,-9900,0.0,0.0
2017,4,30,7,60,326.71,1345.57,175.00,0.00,175.00,1,19.3,13.8,70,1011.0,150,2.2,-9900,-9900,0.0,0.0
2017,4,30,8,60,619.47,1345.57,402.78,566.75,141.86,1,21.6,14.6,64,1011.3,110,1.0,25,-9900,0.0,0.0
2017,4,30,9,60,879.79,1345.57,611.11,676.48,168.80,1,25.2,16.0,57,1011.2,0,0.0,25,-9900,0.0,0.0
2017,4,30,10,60,1089.93,1345.57,808.33,793.81,165.33,1,26.1,15.2,51,1010.8,220,0.6,-9900,-9900,0.0,0.0
2017,4,30,11,60,1235.57,1345.57,913.89,788.90,189.48,2,27.6,15.4,47,1010.2,80,1.5,20,-9900,0.0,0.0
2017,4,30,12,60,1306.78,1345.57,975.00,804.87,193.33,2,28.8,15.2,44,1009.7,300,0.6,-9900,-9900,0.0,0.0
2017,4,30,13,60,1298.70,1345.57,975.00,816.29,187.14,4,29.4,16.1,45,1009.2,280,1.1,-9900,-9900,0.0,0.0
2017,4,30,14,60,1211.90,1345.57,894.44,784.94,187.48,4,29.2,15.3,43,1008.9,300,1.5,20,-9900,0.0,0.0
2017,4,30,15,60,1052.28,1345.57,688.89,577.62,237.17,4,28.8,15.4,44,1008.6,310,1.2,-9900,-9900,0.0,0.0
2017,4,30,16,60,830.73,1345.57,466.67,365.04,241.30,5,28.1,14.6,44,1008.3,0,0.0,-9900,-9900,0.0,0.0
2017,4,30,17,60,562.33,1345.57,216.67,89.23,179.38,8,26.5,16.1,53,1008.6,70,1.7,35,-9900,0.0,0.0
2017,4,30,18,60,265.39,1345.57,61.11,0.00,61.11,8,25.6,16.6,58,1008.8,100,1.8,-9900,-9900,0.0,0.0
2017,4,30,19,60,20.45,490.44,0.00,0.00,0.00,7,24.8,16.6,60,1009.1,100,1.9,-9900,-9900,0.0,0.0
2017,4,30,20,60,0.00,0.00,0.00,0.00,0.00,7,24.4,16.2,60,1009.4,100,1.4,-9900,-9900,0.0,0.0
2017,4,30,21,60,0.00,0.00,0.00,0.00,0.00,6,24.0,16.6,63,1009.8,120,1.4,-9900,-9900,0.0,0.0
2017,4,30,22,60,0.00,0.00,0.00,0.00,0.00,6,23.2,16.8,67,1010.3,160,1.6,-9900,-9900,0.0,0.0
2017,4,30,23,60,0.00,0.00,0.00,0.00,0.00,5,22.6,16.5,68,1010.4,170,1.3,-9900,-9900,0.0,0.0
2017,4,30,24,60,0.00,0.00,0.00,0.00,0.00,5,22.1,16.2,69,1010.3,150,2.0,-9900,-9900,0.0,0.0
2017,5,1,1,60,0.00,0.00,0.00,0.00,0.00,4,21.8,16.2,70,1010.1,160,2.1,-9900,-9900,0.0,0.0
2017,5,1,2,60,0.00,0.00,0.00,0.00,0.00,4,21.4,15.9,71,1010.2,150,1.3,-9900,-9900,0.0,0.0
2017,5,1,3,60,0.00,0.00,0.00,0.00,0.00,3,20.9,15.7,72,1010.2,180,1.6,-9900,-9900,0.0,0.0
2017,5,1,4,60,0.00,0.00,0.00,0.00,0.00,3,20.5,15.8,74,1010.5,170,1.2,-9900,-9900,0.0,0.0
2017,5,1,5,60,0.00,0.00,0.00,0.00,0.00,2,20.3,15.7,75,1010.8,160,2.1,-9900,-9900,0.0,0.0
2017,5,1,6,60,51.21,776.00,0.00,0.00,0.00,2,20.3,16.1,77,1011.2,150,1.0,-9900,-9900,0.0,0.0
2017,5,1,7,60,329.30,1344.89,144.44,0.00,144.44,1,21.2,16.6,75,1011.5,80,0.7,-9900,-9900,0.0,0.0
2017,5,1,8,60,621.49,1344.89,380.56,476.51,160.36,1,23.4,17.4,69,1011.6,60,0.7,15,-9900,0.0,0.0
2017,5,1,9,60,881.30,1344.89,580.56,587.32,195.69,1,26.3,17.5,58,1011.3,50,0.4,15,-9900,0.0,0.0
2017,5,1,10,60,1091.04,1344.89,755.56,670.92,211.28,1,28.7,16.0,46,1011.3,360,0.8,-9900,-9900,0.0,0.0
2017,5,1,11,60,1236.39,1344.89,855.56,669.59,239.99,1,30.2,16.8,45,1010.5,100,1.6,13,-9900,0.0,0.0
2017,5,1,12,60,1307.45,1344.89,919.44,697.69,241.17,3,30.9,16.9,43,1009.7,360,1.4,-9900,-9900,0.0,0.0
2017,5,1,13,60,1299.40,1344.89,613.89,200.61,420.07,9,31.1,18.1,46,1008.8,300,0.6,-9900,-9900,0.0,0.0
2017,5,1,14,60,1212.77,1344.89,438.89,67.82,377.73,8,29.3,17.7,50,1008.3,40,1.6,16,1,0.0,0.0
2017,5,1,15,60,1053.46,1344.89,238.89,7.63,232.91,8,29.5,17.8,49,1008.2,150,0.4,-9900,-9900,0.0,0.0
2017,5,1,16,60,832.33,1344.89,169.44,5.88,165.80,8,28.6,15.6,45,1008.1,220,0.7,-9900,-9900,0.0,0.0
2017,5,1,17,60,564.46,1344.89,158.33,19.99,149.94,9,27.8,17.5,54,1008.5,130,1.6,30,1,0.0,0.0
2017,5,1,18,60,268.09,1344.89,13.89,0.00,13.89,9,26.8,17.6,57,1009.0,130,2.2,-9900,-9900,0.0,0.0
2017,5,1,19,60,21.61,504.36,0.00,0.00,0.00,9,25.9,18.0,62,1009.4,100,2.2,-9900,-9900,0.0,0.0
2017,5,1,20,60,0.00,0.00,0.00,0.00,0.00,9,25.6,18.0,63,1009.6,90,2.0,-9900,-9900,0.0,0.0
2017,5,1,21,60,0.00,0.00,0.00,0.00,0.00,9,25.2,18.1,65,1009.5,70,2.4,-9900,-9900,0.0,0.0
2017,5,1,22,60,0.00,0.00,0.00,0.00,0.00,9,25.4,18.1,64,1009.6,70,2.3,-9900,-9900,0.0,0.0
2017,5,1,23,60,0.00,0.00,0.00,0.00,0.00,9,25.3,18.1,64,1009.5,60,1.8,-9900,-9900,0.0,0.0
2017,5,1,24,60,0.00,0.00,0.00,0.00,0.00,9,25.3,18.2,65,1009.3,60,1.5,-9900,-9900,0.0,0.0
2017,5,2,1,60,0.00,0.00,0.00,0.00,0.00,10,24.9,18.0,66,1009.2,210,1.0,-9900,-9900,0.0,0.0
2017,5,2,2,60,0.00,0.00,0.00,0.00,0.00,10,24.2,17.9,68,1008.8,170,0.8,-9900,-9900,0.0,0.0
2017,5,2,3,60,0.00,0.00,0.00,0.00,0.00,10,24.2,18.0,68,1008.5,160,2.1,-9900,-9900,0.0,0.0
2017,5,2,4,60,0.00,0.00,0.00,0.00,0.00,10,24.1,18.0,69,1008.9,150,2.0,-9900,-9900,0.0,0.0
2017,5,2,5,60,0.00,0.00,0.00,0.00,0.00,10,23.6,18.2,72,1009.3,150,0.7,-9900,-9900,0.0,0.1
2017,5,2,6,60,52.96,789.62,0.00,0.00,0.00,10,23.1,19.0,78,1009.6,150,1.4,-9900,-9900,0.2,1.0
2017,5,2,7,60,331.83,1344.22,2.78,0.00,2.78,10,22.9,19.9,83,1009.8,130,0.9,-9900,-9900,0.2,0.5
2017,5,2,8,60,623.46,1344.22,188.89,29.34,175.28,10,24.2,20.2,78,1010.5,170,0.8,16,1,0.0,0.0
2017,5,2,9,60,882.77,1344.22,280.56,37.06,256.22,10,25.1,19.7,72,1010.8,110,1.3,18,1,0.0,0.0
2017,5,2,10,60,1092.09,1344.22,372.22,51.61,330.29,10,26.6,19.7,66,1010.3,130,1.3,-9900,-9900,0.0,0.0
2017,5,2,11,60,1237.16,1344.22,297.22,9.54,288.44,10,27.1,18.5,59,1010.1,0,0.0,12,1,0.0,0.0
2017,5,2,12,60,1308.09,1344.22,444.44,50.87,394.94,10,29.7,19.7,55,1009.7,350,0.4,-9900,-9900,0.0,0.0
2017,5,2,13,60,1300.05,1344.22,688.89,300.78,397.99,10,29.9,19.3,53,1008.7,360,1.4,-9900,-9900,0.0,0.0
2017,5,2,14,60,1213.58,1344.22,541.67,161.85,395.55,10,30.1,19.4,53,1008.0,280,0.6,12,1,0.0,0.0
2017,5,2,15,60,1054.58,1344.22,136.11,2.68,134.01,10,28.0,18.1,55,1008.1,290,1.0,-9900,-9900,0.0,0.0
2017,5,2,16,60,833.89,1344.22,153.90,4.95,150.83,10,27.2,18.2,58,1008.2,280,0.9,-9900,-9900,0.0,0.0
2017,5,2,17,60,566.54,1344.22,11.11,0.17,11.04,10,26.2,18.8,64,1008.6,280,1.7,12,1,0.0,0.0
2017,5,2,18,60,270.75,1344.22,0.00,0.00,0.00,10,26.2,18.8,64,1008.7,260,0.6,-9900,-9900,0.0,0.0
2017,5,2,19,60,22.78,518.11,0.00,0.00,0.00,10,25.9,18.9,65,1009.0,180,1.1,-9900,-9900,0.0,0.0
2017,5,2,20,60,0.00,0.00,0.00,0.00,0.00,10,25.7,19.5,69,1009.0,130,0.8,-9900,-9900,0.0,0.0
2017,5,2,21,60,0.00,0.00,0.00,0.00,0.00,10,25.8,19.4,68,1009.2,70,1.7,-9900,-9900,0.0,0.0
2017,5,2,22,60,0.00,0.00,0.00,0.00,0.00,10,25.8,19.5,68,1009.5,90,0.7,-9900,-9900,0.0,0.0
2017,5,2,23,60,0.00,0.00,0.00,0.00,0.00,10,25.3,19.9,72,1009.4,210,1.1,-9900,-9900,0.0,0.0
2017,5,2,24,60,0.00,0.00,0.00,0.00,0.00,10,25.1,19.6,72,1009.3,200,0.9,-9900,-9900,0.0,0.0
2017,5,3,1,60,0.00,0.00,0.00,0.00,0.00,10,25.0,19.4,71,1009.1,150,1.3,-9900,-9900,0.0,0.0
2017,5,3,2,60,0.00,0.00,0.00,0.00,0.00,10,24.5,19.7,75,1008.5,160,2.0,-9900,-9900,0.0,0.0
2017,5,3,3,60,0.00,0.00,0.00,0.00,0.00,10,24.3,19.8,76,1008.3,180,0.6,-9900,-9900,0.0,0.0
2017,5,3,4,60,0.00,0.00,0.00,0.00,0.00,10,24.2,19.7,76,1008.7,170,0.5,-9900,-9900,0.0,0.0
2017,5,3,5,60,0.00,0.00,0.00,0.00,0.00,10,23.8,20.4,81,1009.1,160,1.4,-9900,-9900,0.0,0.0
2017,5,3,6,60,54.73,803.07,0.00,0.00,0.00,10,23.8,20.2,80,1009.8,70,0.9,-9900,-9900,0.4,0.2
2017,5,3,7,60,334.32,1343.55,0.00,0.00,0.00,10,23.8,21.4,86,1010.4,180,0.9,-9900,-9900,0.0,1.0
2017,5,3,8,60,625.38,1343.55,141.67,7.61,138.13,10,24.5,21.5,83,1010.8,80,1.2,15,1,0.0,0.3
2017,5,3,9,60,884.18,1343.55,166.67,5.14,163.29,10,25.3,21.4,79,1011.0,70,1.0,9,3,0.0,0.0
2017,5,3,10,60,1093.09,1343.55,236.11,6.59,230.75,10,25.9,21.9,79,1010.8,50,1.8,12,-9900,0.0,0.0
2017,5,3,11,60,1237.87,1343.55,447.22,67.25,385.26,9,27.0,22.0,74,1010.3,40,2.7,12,2,0.0,0.0
2017,5,3,12,60,1308.66,1343.55,802.78,478.59,336.62,5,28.3,22.1,69,1009.5,60,3.7,-9900,-9900,0.0,0.0
2017,5,3,13,60,1300.64,1343.55,1000.00,847.05,180.00,3,28.4,21.9,68,1008.7,40,4.2,-9900,-9900,0.0,0.0
2017,5,3,14,60,1214.35,1343.55,836.11,660.31,239.30,2,27.9,21.6,69,1008.0,50,5.6,12,-9900,0.0,0.0
2017,5,3,15,60,1055.66,1343.55,688.89,571.65,239.73,2,27.9,21.5,68,1007.6,40,5.0,-9900,-9900,0.0,0.0
2017,5,3,16,60,835.39,1343.55,400.00,210.51,269.11,6,26.8,21.0,71,1007.7,50,4.3,-9900,-9900,0.0,0.0
2017,5,3,17,60,568.56,1343.55,186.11,42.68,168.05,7,26.0,20.6,72,1007.8,50,4.1,10,1,0.0,0.0
2017,5,3,18,60,273.36,1343.55,36.11,0.00,36.11,7,25.5,20.3,73,1008.1,40,4.5,-9900,-9900,0.0,0.0
2017,5,3,19,60,23.96,531.69,0.00,0.00,0.00,6,25.2,20.1,73,1008.7,50,4.2,-9900,-9900,0.0,0.0
2017,5,3,20,60,0.00,0.00,0.00,0.00,0.00,6,24.8,20.3,76,1009.1,50,4.3,-9900,-9900,0.0,0.0
2017,5,3,21,60,0.00,0.00,0.00,0.00,0.00,6,24.6,20.6,78,1009.4,50,2.6,-9900,-9900,0.0,0.0
2017,5,3,22,60,0.00,0.00,0.00,0.00,0.00,6,24.3,20.7,80,1009.6,40,2.5,-9900,-9900,0.0,0.0
2017,5,3,23,60,0.00,0.00,0.00,0.00,0.00,5,24.1,20.7,81,1009.2,50,3.3,-9900,-9900,0.0,0.0
2017,5,3,24,60,0.00,0.00,0.00,0.00,0.00,5,23.9,20.7,82,1008.7,80,1.5,-9900,-9900,0.0,0.0
2017,5,4,1,60,0.00,0.00,0.00,0.00,0.00,5,23.7,20.7,83,1008.2,80,1.5,-9900,-9900,0.0,0.0
2017,5,4,2,60,0.00,0.00,0.00,0.00,0.00,5,23.6,20.6,83,1007.7,60,0.9,-9900,-9900,0.0,0.0
2017,5,4,3,60,0.00,0.00,0.00,0.00,0.00,4,23.7,20.7,83,1007.7,120,1.3,-9900,-9900,0.0,0.0
2017,5,4,4,60,0.00,0.00,0.00,0.00,0.00,4,23.8,20.4,81,1007.7,180,0.5,-9900,-9900,0.0,0.0
2017,5,4,5,60,0.00,0.00,0.00,0.00,0.00,4,23.7,20.0,80,1008.3,210,0.4,-9900,-9900,0.0,0.0
2017,5,4,6,60,56.49,816.34,0.00,0.00,0.00,4,24.0,20.0,78,1008.5,150,1.1,-9900,-9900,0.0,0.0
2017,5,4,7,60,336.76,1342.89,66.67,0.00,66.67,3,24.9,20.9,78,1008.9,190,0.5,-9900,-9900,0.0,0.0
2017,5,4,8,60,627.24,1342.89,316.67,254.36,197.86,3,26.3,21.4,74,1009.2,70,1.4,10,-9900,0.0,0.0
2017,5,4,9,60,885.54,1342.89,533.33,452.74,234.78,4,28.4,21.4,66,1008.9,190,2.0,10,-9900,0.0,0.0
2017,5,4,10,60,1094.03,1342.89,516.67,200.03,353.71,6,28.9,21.3,64,1008.9,230,0.5,-9900,-9900,0.0,0.0
2017,5,4,11,60,1238.53,1342.89,625.00,253.94,390.79,10,29.9,21.2,60,1008.3,280,2.2,8,1,0.0,0.0
2017,5,4,12,60,1309.19,1342.89,605.56,185.14,425.07,4,31.2,22.5,60,1007.6,0,0.0,-9900,-9900,0.0,0.0
2017,5,4,13,60,1301.18,1342.89,800.00,481.58,333.38,7,31.2,21.5,56,1007.0,260,0.8,-9900,-9900,0.0,0.0
2017,5,4,14,60,1215.05,1342.89,527.78,145.49,396.14,8,31.6,22.9,60,1006.8,300,0.9,8,2,0.0,0.0
2017,5,4,15,60,1056.68,1342.89,452.78,137.88,344.29,10,30.3,22.6,64,1007.1,300,1.2,-9900,-9900,0.0,0.0
2017,5,4,16,60,836.85,1342.89,194.44,8.33,189.25,10,29.3,22.1,65,1007.6,300,0.8,-9900,-9900,0.0,0.0
2017,5,4,17,60,570.55,1342.89,38.89,0.97,38.48,10,29.3,20.4,59,1007.7,260,2.0,15,1,0.0,0.0
2017,5,4,18,60,275.92,1342.89,0.00,0.00,0.00,9,28.3,20.7,63,1008.0,180,1.9,-9900,-9900,0.0,0.0
2017,5,4,19,60,25.16,545.10,0.00,0.00,0.00,9,28.2,20.6,63,1008.3,200,1.4,-9900,-9900,0.0,0.0
2017,5,4,20,60,0.00,0.00,0.00,0.00,0.00,8,28.2,20.6,63,1008.9,190,0.6,-9900,-9900,0.0,0.0
2017,5,4,21,60,0.00,0.00,0.00,0.00,0.00,8,27.5,20.8,67,1009.5,160,1.8,-9900,-9900,0.0,0.0
2017,5,4,22,60,0.00,0.00,0.00,0.00,0.00,7,27.2,20.9,69,1009.8,200,0.9,-9900,-9900,0.0,0.0
2017,5,4,23,60,0.00,0.00,0.00,0.00,0.00,7,26.9,21.1,71,1009.7,160,1.4,-9900,-9900,0.0,0.0
2017,5,4,24,60,0.00,0.00,0.00,0.00,0.00,6,26.5,21.1,72,1009.2,150,0.5,-9900,-9900,0.0,0.0
2017,5,5,1,60,0.00,0.00,0.00,0.00,0.00,6,26.1,21.2,74,1008.8,170,0.9,-9900,-9900,0.0,0.0
2017,5,5,2,60,0.00,0.00,0.00,0.00,0.00,5,25.6,21.2,77,1008.6,150,1.1,-9900,-9900,0.0,0.0
2017,5,5,3,60,0.00,0.00,0.00,0.00,0.00,5,25.5,21.2,77,1008.3,190,0.5,-9900,-9900,0.0,0.0
2017,5,5,4,60,0.00,0.00,0.00,0.00,0.00,4,25.3,21.2,78,1008.9,200,1.1,-9900,-9900,0.0,0.0
2017,5,5,5,60,0.00,0.00,0.00,0.00,0.00,4,25.1,20.9,78,1009.5,120,0.7,-9900,-9900,0.0,0.0
2017,5,5,6,60,58.25,829.43,0.00,0.00,0.00,3,25.1,20.7,77,1009.8,140,0.6,-9900,-9900,0.0,0.0
2017,5,5,7,60,339.14,1342.24,80.56,0.00,80.56,3,25.6,21.4,78,1009.9,190,0.7,-9900,-9900,0.0,0.0
2017,5,5,8,60,629.05,1342.24,319.44,259.48,197.83,2,27.9,22.5,73,1010.5,100,0.6,12,-9900,0.0,0.0
2017,5,5,9,60,886.84,1342.24,441.67,242.30,281.58,8,29.1,21.9,65,1010.8,330,0.7,12,3,0.0,0.0
2017,5,5,10,60,1094.94,1342.24,405.56,75.02,344.36,8,30.2,22.5,63,1010.9,340,0.7,-9900,-9900,0.0,0.0
2017,5,5,11,60,1239.16,1342.24,500.00,108.05,400.25,9,30.2,22.6,64,1010.7,310,0.5,10,1,0.0,0.0
2017,5,5,12,60,1309.67,1342.24,677.78,277.08,407.42,9,30.8,23.0,63,1010.1,340,0.5,-9900,-9900,0.0,0.0
2017,5,5,13,60,1301.68,1342.24,594.44,176.36,423.41,9,31.8,23.5,62,1009.6,300,0.7,-9900,-9900,0.0,0.0
2017,5,5,14,60,1215.72,1342.24,483.33,101.60,391.31,10,29.9,22.2,63,1009.2,320,2.0,10,1,0.0,0.0
2017,5,5,15,60,1057.65,1342.24,155.56,3.34,152.93,10,28.0,22.2,71,1009.6,60,2.3,-9900,-9900,0.0,0.0
2017,5,5,16,60,838.26,1342.24,161.11,5.30,157.80,10,27.0,24.6,87,1009.5,80,2.0,-9900,-9900,3.7,0.6
2017,5,5,17,60,572.48,1342.24,127.78,7.22,124.70,10,26.7,24.0,85,1009.8,120,1.5,6,1,0.1,0.2
2017,5,5,18,60,278.42,1342.24,0.00,0.00,0.00,10,26.7,23.3,82,1010.4,110,1.9,-9900,-9900,0.0,0.0
2017,5,5,19,60,26.36,558.32,0.00,0.00,0.00,10,26.7,22.9,80,1010.9,90,1.6,-9900,-9900,0.0,0.0
2017,5,5,20,60,0.00,0.00,0.00,0.00,0.00,10,26.1,22.6,81,1011.6,50,2.5,-9900,-9900,0.0,0.0
2017,5,5,21,60,0.00,0.00,0.00,0.00,0.00,10,26.2,22.4,80,1012.1,40,1.6,-9900,-9900,0.0,0.0
2017,5,5,22,60,0.00,0.00,0.00,0.00,0.00,10,26.2,22.1,78,1012.6,80,1.6,-9900,-9900,0.0,0.0
2017,5,5,23,60,0.00,0.00,0.00,0.00,0.00,10,26.1,22.1,79,1012.7,90,1.5,-9900,-9900,0.0,0.0
2017,5,5,24,60,0.00,0.00,0.00,0.00,0.00,10,25.9,21.8,78,1011.9,100,1.4,-9900,-9900,0.0,0.0
2017,5,6,1,60,0.00,0.00,0.00,0.00,0.00,10,25.7,22.0,80,1011.5,130,1.4,-9900,-9900,0.0,0.0
2017,5,6,2,60,0.00,0.00,0.00,0.00,0.00,10,25.1,21.6,81,1011.3,120,0.9,-9900,-9900,0.0,0.0
2017,5,6,3,60,0.00,0.00,0.00,0.00,0.00,10,25.1,21.8,82,1011.3,170,1.1,-9900,-9900,0.0,0.0
2017,5,6,4,60,0.00,0.00,0.00,0.00,0.00,10,25.1,22.0,83,1011.5,100,1.3,-9900,-9900,0.0,0.0
2017,5,6,5,60,0.00,0.00,0.00,0.00,0.00,10,24.8,22.1,85,1011.8,60,2.1,-9900,-9900,0.0,0.0
2017,5,6,6,60,60.01,842.35,0.00,0.00,0.00,10,24.4,21.3,83,1012.4,50,4.4,-9900,-9900,0.0,0.0
2017,5,6,7,60,341.48,1341.60,127.78,0.00,127.78,10,24.1,20.7,81,1013.2,50,4.4,-9900,-9900,0.0,0.0
2017,5,6,8,60,630.83,1341.60,166.67,14.80,159.71,10,24.0,20.6,81,1013.4,50,4.7,11,1,0.0,0.0
2017,5,6,9,60,888.11,1341.60,200.00,7.43,195.08,10,24.2,20.7,81,1013.7,60,4.1,5,1,0.0,0.0
2017,5,6,10,60,1095.80,1341.60,219.44,5.71,214.78,10,24.5,20.8,80,1013.9,70,3.5,-9900,-9900,0.0,0.0
2017,5,6,11,60,1239.73,1341.60,369.44,26.98,344.51,10,25.0,21.1,79,1013.5,40,5.1,5,3,0.0,0.0
2017,5,6,12,60,1310.11,1341.60,480.56,71.84,410.41,9,25.6,21.1,76,1012.9,50,4.4,-9900,-9900,0.0,0.0
2017,5,6,13,60,1302.14,1341.60,466.67,64.78,403.80,9,25.9,20.9,74,1012.3,80,4.2,-9900,-9900,0.0,0.0
2017,5,6,14,60,1216.35,1341.60,461.11,82.97,385.89,10,25.7,20.6,73,1011.6,60,3.3,12,1,0.0,0.0
2017,5,6,15,60,1058.59,1341.60,183.33,4.42,179.84,10,24.6,19.7,74,1011.6,60,3.5,-9900,-9900,0.0,0.0
2017,5,6,16,60,839.61,1341.60,63.89,1.13,63.18,10,23.7,19.1,75,1011.7,50,4.8,-9900,-9900,0.0,0.0
2017,5,6,17,60,574.35,1341.60,0.00,0.00,0.00,10,23.4,18.7,75,1012.1,60,4.4,25,3,0.0,0.0
2017,5,6,18,60,280.88,1341.60,0.00,0.00,0.00,10,23.2,18.5,75,1012.4,50,4.6,-9900,-9900,0.0,0.0
2017,5,6,19,60,27.58,571.37,0.00,0.00,0.00,9,23.2,18.4,74,1013.0,60,3.3,-9900,-9900,0.0,0.0
2017,5,6,20,60,0.00,0.00,0.00,0.00,0.00,9,22.9,18.4,76,1013.0,80,2.8,-9900,-9900,0.0,0.0
2017,5,6,21,60,0.00,0.00,0.00,0.00,0.00,8,22.9,18.7,77,1013.4,70,4.3,-9900,-9900,0.0,0.0
2017,5,6,22,60,0.00,0.00,0.00,0.00,0.00,8,22.8,18.6,77,1013.8,50,4.6,-9900,-9900,0.0,0.0
2017,5,6,23,60,0.00,0.00,0.00,0.00,0.00,8,22.6,19.1,81,1013.8,60,3.1,-9900,-9900,0.0,0.0
2017,5,6,24,60,0.00,0.00,0.00,0.00,0.00,7,22.5,19.5,83,1013.4,60,3.3,-9900,-9900,0.0,0.0
2017,5,7,1,60,0.00,0.00,0.00,0.00,0.00,7,22.5,19.3,82,1013.0,50,3.3,-9900,-9900,0.0,0.0
2017,5,7,2,60,0.00,0.00,0.00,0.00,0.00,6,22.5,19.0,81,1012.5,60,2.8,-9900,-9900,0.0,0.0
2017,5,7,3,60,0.00,0.00,0.00,0.00,0.00,6,22.6,19.1,81,1012.1,50,3.0,-9900,-9900,0.0,0.0
2017,5,7,4,60,0.00,0.00,0.00,0.00,0.00,6,22.4,19.3,83,1012.4,50,1.8,-9900,-9900,0.0,0.0
2017,5,7,5,60,0.00,0.00,0.00,0.00,0.00,5,22.6,18.9,80,1012.8,50,3.3,-9900,-9900,0.0,0.0
2017,5,7,6,60,61.77,855.07,0.00,0.00,0.00,5,22.7,18.7,78,1013.1,60,3.1,-9900,-9900,0.0,0.0
2017,5,7,7,60,343.77,1340.96,52.78,0.00,52.78,4,22.9,18.9,78,1013.2,70,2.7,-9900,-9900,0.0,0.0
2017,5,7,8,60,632.54,1340.96,250.00,99.02,203.29,4,23.5,19.1,76,1013.3,50,4.5,25,-9900,0.0,0.0
2017,5,7,9,60,889.32,1340.96,505.56,377.91,254.93,6,24.1,18.9,73,1013.3,50,5.7,20,1,0.0,0.0
2017,5,7,10,60,1096.61,1340.96,772.22,698.04,201.38,6,25.3,19.3,69,1013.3,60,5.4,-9900,-9900,0.0,0.0
2017,5,7,11,60,1240.26,1340.96,830.56,612.37,264.18,6,25.6,19.2,68,1013.1,50,4.3,20,1,0.0,0.0
2017,5,7,12,60,1310.50,1340.96,986.11,817.70,186.98,8,25.5,19.0,67,1012.7,50,5.7,-9900,-9900,0.0,0.0
2017,5,7,13,60,1302.54,1340.96,855.56,580.94,291.26,6,25.8,19.4,68,1012.0,50,6.0,-9900,-9900,0.0,0.0
2017,5,7,14,60,1216.91,1340.96,833.33,649.76,243.68,5,25.5,19.3,69,1011.2,50,6.7,15,-9900,0.0,0.0
2017,5,7,15,60,1059.47,1340.96,730.56,661.59,207.85,5,25.2,19.0,69,1010.4,40,4.8,-9900,-9900,0.0,0.0
2017,5,7,16,60,840.93,1340.96,477.78,377.24,241.21,3,24.1,18.4,70,1010.3,40,6.1,-9900,-9900,0.0,0.0
2017,5,7,17,60,576.18,1340.96,291.67,256.38,181.51,3,23.7,18.2,71,1010.1,50,8.5,10,-9900,0.0,0.0
2017,5,7,18,60,283.28,1340.96,97.22,0.00,97.22,3,23.5,17.8,70,1010.7,50,7.0,-9900,-9900,0.0,0.0
2017,5,7,19,60,28.80,584.22,0.00,0.00,0.00,3,23.3,17.5,70,1011.0,50,7.1,-9900,-9900,0.0,0.0
2017,5,7,20,60,0.00,0.00,0.00,0.00,0.00,3,23.3,17.5,70,1011.3,50,6.7,-9900,-9900,0.0,0.0
2017,5,7,21,60,0.00,0.00,0.00,0.00,0.00,3,23.5,17.5,69,1011.9,50,5.3,-9900,-9900,0.0,0.0
2017,5,7,22,60,0.00,0.00,0.00,0.00,0.00,3,23.5,17.3,68,1011.9,50,5.0,-9900,-9900,0.0,0.0
2017,5,7,23,60,0.00,0.00,0.00,0.00,0.00,3,23.5,17.2,68,1011.4,50,4.5,-9900,-9900,0.0,0.0
2017,5,7,24,60,0.00,0.00,0.00,0.00,0.00,3,23.5,17.4,69,1010.9,50,4.3,-9900,-9900,0.0,0.0
2017,5,8,1,60,0.00,0.00,0.00,0.00,0.00,4,23.4,17.8,71,1010.3,50,3.5,-9900,-9900,0.0,0.0
2017,5,8,2,60,0.00,0.00,0.00,0.00,0.00,4,23.2,18.2,73,1009.8,70,1.3,-9900,-9900,0.0,0.0
2017,5,8,3,60,0.00,0.00,0.00,0.00,0.00,4,23.3,18.6,75,1009.5,70,1.5,-9900,-9900,0.0,0.0
2017,5,8,4,60,0.00,0.00,0.00,0.00,0.00,4,22.8,18.5,77,1009.2,110,0.6,-9900,-9900,0.0,0.0
2017,5,8,5,60,0.00,0.00,0.00,0.00,0.00,4,22.9,18.7,77,1009.4,130,1.0,-9900,-9900,0.0,0.0
2017,5,8,6,60,63.52,867.61,0.00,0.00,0.00,4,23.1,18.9,77,1009.5,170,0.7,-9900,-9900,0.0,0.0
2017,5,8,7,60,346.00,1340.33,138.89,0.00,138.89,4,23.9,19.2,75,1009.7,90,0.5,-9900,-9900,0.0,0.0
2017,5,8,8,60,634.22,1340.33,330.56,283.53,196.40,4,25.9,20.0,70,1009.8,190,0.7,14,-9900,0.0,0.0
2017,5,8,9,60,890.50,1340.33,508.33,382.74,254.04,2,28.2,20.6,63,1009.4,80,0.3,16,-9900,0.0,0.0
2017,5,8,10,60,1097.37,1340.33,750.00,646.13,220.99,2,29.3,20.0,57,1009.0,360,0.3,-9900,-9900,0.0,0.0
2017,5,8,11,60,1240.74,1340.33,836.11,622.46,259.90,3,32.0,21.5,54,1008.6,290,0.7,10,-9900,0.0,0.0
2017,5,8,12,60,1310.85,1340.33,625.00,206.78,422.77,9,31.0,21.3,56,1007.7,250,0.6,-9900,-9900,0.0,0.0
2017,5,8,13,60,1302.90,1340.33,216.67,4.11,212.67,10,28.7,21.6,66,1007.0,340,3.3,-9900,-9900,0.0,0.0
2017,5,8,14,60,1217.44,1340.33,177.78,3.29,174.79,10,30.2,22.4,63,1006.1,340,0.9,10,1,0.0,0.0
2017,5,8,15,60,1060.30,1340.33,216.67,5.90,212.00,10,30.0,21.0,59,1005.8,210,0.5,-9900,-9900,0.0,0.0
2017,5,8,16,60,842.19,1340.33,27.78,0.33,27.57,10,28.4,21.5,66,1005.4,20,2.4,-9900,-9900,0.0,0.0
2017,5,8,17,60,577.96,1340.33,22.22,0.42,22.04,10,28.1,21.2,66,1005.7,350,1.7,12,1,0.0,0.0
2017,5,8,18,60,285.63,1340.33,0.00,0.00,0.00,10,28.0,21.0,66,1005.9,320,1.3,-9900,-9900,0.0,0.0
2017,5,8,19,60,30.03,596.88,0.00,0.00,0.00,10,27.4,20.8,67,1006.2,350,1.6,-9900,-9900,0.0,0.0
2017,5,8,20,60,0.00,0.00,0.00,0.00,0.00,10,27.1,21.6,72,1006.9,120,1.5,-9900,-9900,0.0,0.0
2017,5,8,21,60,0.00,0.00,0.00,0.00,0.00,10,26.9,21.8,74,1007.6,120,1.0,-9900,-9900,0.0,0.0
2017,5,8,22,60,0.00,0.00,0.00,0.00,0.00,10,26.4,21.7,75,1007.9,110,0.9,-9900,-9900,0.0,0.0
2017,5,8,23,60,0.00,0.00,0.00,0.00,0.00,10,25.8,22.0,80,1007.1,160,2.0,-9900,-9900,0.0,0.0
2017,5,8,24,60,0.00,0.00,0.00,0.00,0.00,10,25.4,21.8,81,1006.8,170,0.7,-9900,-9900,0.0,0.0
2017,5,9,1,60,0.00,0.00,0.00,0.00,0.00,10,25.1,21.7,81,1006.4,170,0.7,-9900,-9900,0.0,0.0
2017,5,9,2,60,0.00,0.00,0.00,0.00,0.00,10,24.9,21.4,81,1006.2,200,0.5,-9900,-9900,0.0,0.0
2017,5,9,3,60,0.00,0.00,0.00,0.00,0.00,10,24.6,21.0,80,1005.7,170,1.3,-9900,-9900,0.0,0.0
2017,5,9,4,60,0.00,0.00,0.00,0.00,0.00,10,24.2,20.9,82,1005.7,150,1.6,-9900,-9900,0.0,0.0
2017,5,9,5,60,0.00,0.00,0.00,0.00,0.00,10,23.9,20.7,82,1005.7,130,1.5,-9900,-9900,0.0,0.0
2017,5,9,6,60,65.27,879.95,0.00,0.00,0.00,10,24.4,20.9,81,1007.4,190,1.0,-9900,-9900,0.0,0.0
2017,5,9,7,60,348.18,1339.71,41.67,2.35,41.06,10,24.2,20.5,80,1008.8,290,1.9,-9900,-9900,0.0,0.3
2017,5,9,8,60,635.84,1339.71,52.78,1.31,52.16,10,24.4,22.2,88,1008.9,230,0.9,10,1,2.6,0.7
2017,5,9,9,60,891.62,1339.71,358.33,106.08,287.73,10,25.6,23.2,87,1008.5,260,0.6,12,1,0.0,0.0
2017,5,9,10,60,1098.09,1339.71,461.11,126.90,357.10,10,26.7,22.4,77,1009.2,260,2.3,-9900,-9900,0.0,0.0
2017,5,9,11,60,1241.19,1339.71,505.56,112.11,401.69,9,27.8,22.8,74,1009.0,260,2.0,12,1,0.0,0.0
2017,5,9,12,60,1311.15,1339.71,538.89,116.33,425.04,10,28.4,22.4,70,1008.7,280,0.8,-9900,-9900,0.0,0.0
2017,5,9,13,60,1303.22,1339.71,277.78,6.36,271.59,10,27.4,21.6,71,1008.3,280,0.9,-9900,-9900,0.0,0.0
2017,5,9,14,60,1217.94,1339.71,50.00,0.46,49.58,10,25.6,22.1,81,1008.2,290,0.8,6,1,0.4,0.3
2017,5,9,15,60,1061.10,1339.71,61.11,0.74,60.52,10,26.0,22.6,82,1008.1,260,0.9,-9900,-9900,0.2,0.7
2017,5,9,16,60,843.41,1339.71,22.22,0.25,22.06,10,26.2,22.3,79,1007.8,320,1.2,-9900,-9900,0.0,0.0
2017,5,9,17,60,579.70,1339.71,16.67,0.28,16.55,9,26.5,21.5,74,1008.0,110,0.5,30,1,0.0,0.0
2017,5,9,18,60,287.93,1339.71,52.78,0.00,52.78,9,26.7,21.7,74,1008.1,190,1.0,-9900,-9900,0.0,0.0
2017,5,9,19,60,31.26,609.35,0.00,0.00,0.00,9,26.2,21.8,77,1008.7,170,1.3,-9900,-9900,0.0,0.0
2017,5,9,20,60,0.00,0.00,0.00,0.00,0.00,9,26.2,21.9,77,1009.4,80,0.8,-9900,-9900,0.0,0.0
2017,5,9,21,60,0.00,0.00,0.00,0.00,0.00,9,26.2,21.8,77,1010.3,130,1.6,-9900,-9900,0.0,0.0
2017,5,9,22,60,0.00,0.00,0.00,0.00,0.00,9,25.6,21.1,76,1010.7,60,1.9,-9900,-9900,0.0,0.0
2017,5,9,23,60,0.00,0.00,0.00,0.00,0.00,9,25.1,20.6,76,1010.7,70,2.1,-9900,-9900,0.0,0.0
2017,5,9,24,60,0.00,0.00,0.00,0.00,0.00,9,24.4,20.6,79,1010.3,70,2.5,-9900,-9900,0.0,0.0
2017,5,10,1,60,0.00,0.00,0.00,0.00,0.00,8,24.0,20.5,81,1009.8,70,1.5,-9900,-9900,0.0,0.0
2017,5,10,2,60,0.00,0.00,0.00,0.00,0.00,8,24.0,20.7,82,1009.5,80,0.6,-9900,-9900,0.0,0.0
2017,5,10,3,60,0.00,0.00,0.00,0.00,0.00,8,24.4,20.6,79,1009.3,70,1.4,-9900,-9900,0.0,0.0
2017,5,10,4,60,0.00,0.00,0.00,0.00,0.00,8,23.7,20.6,83,1009.2,160,0.9,-9900,-9900,0.0,0.0
2017,5,10,5,60,0.00,0.00,0.00,0.00,0.00,8,23.5,20.4,83,1009.5,130,0.9,-9900,-9900,0.0,0.0
2017,5,10,6,60,67.00,892.08,0.00,0.00,0.00,8,23.8,20.7,83,1010.1,160,0.6,-9900,-9900,0.0,0.0
2017,5,10,7,60,350.31,1339.09,197.22,365.86,101.51,8,25.8,21.3,76,1010.6,70,1.1,-9900,-9900,0.0,0.0
2017,5,10,8,60,637.41,1339.09,391.67,479.39,163.48,8,27.7,22.1,72,1011.1,50,3.3,25,-9900,0.0,0.0
2017,5,10,9,60,892.70,1339.09,600.00,617.54,188.32,8,29.2,22.7,68,1011.4,40,5.0,25,-9900,0.0,0.0
2017,5,10,10,60,1098.77,1339.09,788.89,731.39,188.76,9,30.5,22.6,63,1011.4,50,4.1,-9900,-9900,0.0,0.0
2017,5,10,11,60,1241.59,1339.09,902.78,754.10,203.59,9,31.8,22.1,57,1011.0,70,4.8,30,-9900,0.0,0.0
2017,5,10,12,60,1311.42,1339.09,836.11,533.65,313.49,9,32.0,21.2,53,1010.8,50,4.0,-9900,-9900,0.0,0.0
2017,5,10,13,60,1303.50,1339.09,736.11,369.47,376.46,10,32.5,22.4,55,1010.4,40,2.2,-9900,-9900,0.0,0.0
2017,5,10,14,60,1218.38,1339.09,788.89,557.47,281.67,10,32.1,23.1,59,1009.6,40,2.4,25,-9900,0.0,0.0
2017,5,10,15,60,1061.85,1339.09,580.56,332.61,316.81,9,31.7,23.0,60,1009.1,40,3.2,-9900,-9900,0.0,0.0
2017,5,10,16,60,844.58,1339.09,369.44,149.10,275.40,9,31.0,22.3,60,1008.9,40,3.1,-9900,-9900,0.0,0.0
2017,5,10,17,60,581.38,1339.09,247.22,133.38,189.31,9,30.7,20.9,56,1009.1,50,3.4,25,-9900,0.0,0.0
2017,5,10,18,60,290.18,1339.09,52.78,0.00,52.78,9,29.8,20.8,59,1009.7,80,3.7,-9900,-9900,0.0,0.0
2017,5,10,19,60,32.49,621.61,0.00,0.00,0.00,9,29.1,21.1,62,1010.4,60,2.4,-9900,-9900,0.0,0.0
2017,5,10,20,60,0.00,0.00,0.00,0.00,0.00,9,28.5,21.3,65,1011.1,70,2.6,-9900,-9900,0.0,0.0
2017,5,10,21,60,0.00,0.00,0.00,0.00,0.00,9,28.1,21.4,67,1011.7,60,2.6,-9900,-9900,0.0,0.0
2017,5,10,22,60,0.00,0.00,0.00,0.00,0.00,9,27.7,21.5,69,1011.8,60,1.5,-9900,-9900,0.0,0.0
2017,5,10,23,60,0.00,0.00,0.00,0.00,0.00,9,27.6,21.4,69,1011.2,60,0.9,-9900,-9900,0.0,0.0
2017,5,10,24,60,0.00,0.00,0.00,0.00,0.00,9,27.1,21.2,70,1011.0,10,1.5,-9900,-9900,0.0,0.0
2017,5,11,1,60,0.00,0.00,0.00,0.00,0.00,9,27.1,21.3,71,1010.2,0,0.0,-9900,-9900,0.0,0.0
2017,5,11,2,60,0.00,0.00,0.00,0.00,0.00,9,26.8,21.1,71,1009.8,150,1.5,-9900,-9900,0.0,0.0
2017,5,11,3,60,0.00,0.00,0.00,0.00,0.00,9,26.6,21.0,71,1009.7,160,1.3,-9900,-9900,0.0,0.0
2017,5,11,4,60,0.00,0.00,0.00,0.00,0.00,9,26.5,20.6,70,1010.3,180,1.0,-9900,-9900,0.0,0.0
2017,5,11,5,60,0.00,0.00,0.00,0.00,0.00,9,26.1,20.9,73,1010.7,220,0.9,-9900,-9900,0.0,0.0
2017,5,11,6,60,68.73,904.02,0.00,0.00,0.00,9,26.1,21.6,76,1010.9,170,0.9,-9900,-9900,0.0,0.0
2017,5,11,7,60,352.40,1338.49,113.89,40.00,103.36,9,26.8,21.8,74,1011.6,180,0.9,-9900,-9900,0.0,0.0
2017,5,11,8,60,638.94,1338.49,191.67,27.82,178.39,9,27.5,22.0,72,1011.8,180,1.5,9,3,0.0,0.0
2017,5,11,9,60,893.74,1338.49,352.78,98.32,287.13,9,28.8,22.4,68,1011.5,170,1.1,9,3,0.0,0.0
2017,5,11,10,60,1099.42,1338.49,508.33,184.26,356.98,8,30.3,22.8,64,1011.4,130,0.9,-9900,-9900,0.0,0.0
2017,5,11,11,60,1241.96,1338.49,891.67,731.00,213.39,2,32.4,21.8,54,1010.8,360,1.0,10,-9900,0.0,0.0
2017,5,11,12,60,1311.65,1338.49,922.22,694.04,242.10,7,34.4,22.1,49,1010.3,260,0.9,-9900,-9900,0.0,0.0
2017,5,11,13,60,1303.75,1338.49,616.67,200.51,421.36,10,31.9,23.8,62,1010.1,310,3.4,-9900,-9900,0.0,0.0
2017,5,11,14,60,1218.79,1338.49,447.22,71.79,381.85,9,31.3,22.5,60,1009.7,290,1.5,12,4,0.0,0.0
2017,5,11,15,60,1062.56,1338.49,672.22,521.71,258.06,8,32.3,22.6,57,1009.4,350,1.7,-9900,-9900,0.0,0.0
2017,5,11,16,60,845.71,1338.49,238.89,20.61,225.87,9,31.0,20.8,55,1009.3,330,0.6,-9900,-9900,0.0,0.0
2017,5,11,17,60,583.02,1338.49,213.89,71.72,182.65,9,30.3,21.7,60,1009.2,170,2.3,16,1,0.0,0.0
2017,5,11,18,60,292.38,1338.49,44.44,0.00,44.44,9,29.2,21.7,64,1009.7,160,1.6,-9900,-9900,0.0,0.0
2017,5,11,19,60,33.72,633.67,0.00,0.00,0.00,9,28.4,21.6,67,1009.4,140,2.0,-9900,-9900,0.0,0.0
2017,5,11,20,60,0.00,0.00,0.00,0.00,0.00,9,27.7,21.0,67,1009.8,170,1.9,-9900,-9900,0.0,0.0
2017,5,11,21,60,0.00,0.00,0.00,0.00,0.00,9,27.3,20.8,68,1010.1,160,2.0,-9900,-9900,0.0,0.0
2017,5,11,22,60,0.00,0.00,0.00,0.00,0.00,9,26.6,20.6,70,1010.1,160,2.3,-9900,-9900,0.0,0.0
2017,5,11,23,60,0.00,0.00,0.00,0.00,0.00,9,26.3,20.2,69,1010.1,150,1.6,-9900,-9900,0.0,0.0
2017,5,11,24,60,0.00,0.00,0.00,0.00,0.00,9,25.8,19.9,70,1009.3,140,1.6,-9900,-9900,0.0,0.0
2017,5,12,1,60,0.00,0.00,0.00,0.00,0.00,9,25.4,19.6,70,1008.5,160,1.9,-9900,-9900,0.0,0.0
2017,5,12,2,60,0.00,0.00,0.00,0.00,0.00,9,25.1,19.7,72,1008.1,150,1.8,-9900,-9900,0.0,0.0
2017,5,12,3,60,0.00,0.00,0.00,0.00,0.00,9,24.8,19.5,72,1007.6,160,2.0,-9900,-9900,0.0,0.0
2017,5,12,4,60,0.00,0.00,0.00,0.00,0.00,9,24.9,19.8,73,1007.2,160,2.2,-9900,-9900,0.0,0.0
2017,5,12,5,60,0.00,0.00,0.00,0.00,0.00,9,24.6,19.9,75,1007.1,150,1.5,-9900,-9900,0.0,0.0
2017,5,12,6,60,70.45,915.74,0.00,0.00,0.00,9,25.0,20.0,74,1007.4,140,1.2,-9900,-9900,0.0,0.0
2017,5,12,7,60,354.43,1337.89,72.22,5.85,70.67,9,25.9,20.6,73,1007.8,180,1.1,-9900,-9900,0.0,0.0
2017,5,12,8,60,640.42,1337.89,166.67,13.73,160.10,9,26.6,20.7,70,1008.0,190,1.1,25,4,0.0,0.0
2017,5,12,9,60,894.73,1337.89,186.11,6.09,182.04,10,27.7,21.0,67,1008.2,190,0.9,20,2,0.0,0.0
2017,5,12,10,60,1100.01,1337.89,208.33,5.16,204.09,10,28.5,21.0,64,1008.4,190,0.4,-9900,-9900,0.0,0.0
2017,5,12,11,60,1242.28,1337.89,386.11,33.09,355.38,10,29.7,21.6,62,1008.0,190,0.7,15,4,0.0,0.0
2017,5,12,12,60,1311.85,1337.89,591.67,167.66,427.27,10,31.2,22.2,59,1007.4,150,1.7,-9900,-9900,0.0,0.0
2017,5,12,13,60,1303.96,1337.89,463.89,62.49,402.98,10,31.0,23.4,64,1006.4,310,1.4,-9900,-9900,0.0,0.0
2017,5,12,14,60,1219.16,1337.89,527.78,143.03,397.44,8,30.4,23.7,67,1005.7,310,1.6,12,1,0.0,0.0
2017,5,12,15,60,1063.23,1337.89,194.44,4.84,190.59,10,29.4,23.4,70,1005.2,320,1.2,-9900,-9900,0.0,0.0
2017,5,12,16,60,846.80,1337.89,44.44,0.65,44.03,10,27.3,21.7,72,1004.7,50,3.0,-9900,-9900,0.2,0.2
2017,5,12,17,60,584.60,1337.89,33.33,0.73,33.01,10,26.3,23.5,85,1005.0,40,1.5,4,0,3.6,1.0
2017,5,12,18,60,294.52,1337.89,0.00,0.00,0.00,10,26.6,23.2,82,1005.4,50,2.6,-9900,-9900,0.4,0.2
2017,5,12,19,60,34.96,645.51,0.00,0.00,0.00,10,26.5,23.2,82,1005.3,50,2.0,-9900,-9900,0.0,0.0
2017,5,12,20,60,0.00,0.00,0.00,0.00,0.00,10,26.6,22.9,80,1005.4,50,3.3,-9900,-9900,0.0,0.0
2017,5,12,21,60,0.00,0.00,0.00,0.00,0.00,10,26.6,23.0,81,1005.6,120,1.4,-9900,-9900,0.0,0.0
2017,5,12,22,60,0.00,0.00,0.00,0.00,0.00,10,26.5,23.1,82,1006.1,110,0.6,-9900,-9900,0.0,0.0
2017,5,12,23,60,0.00,0.00,0.00,0.00,0.00,10,26.0,23.5,86,1006.0,350,1.1,-9900,-9900,0.2,0.7
2017,5,12,24,60,0.00,0.00,0.00,0.00,0.00,10,25.7,23.8,89,1005.4,360,0.8,-9900,-9900,1.8,1.0
2017,5,13,1,60,0.00,0.00,0.00,0.00,0.00,10,25.1,23.2,89,1005.0,80,1.1,-9900,-9900,3.5,1.0
2017,5,13,2,60,0.00,0.00,0.00,0.00,0.00,10,24.6,22.9,90,1004.3,70,1.1,-9900,-9900,1.0,0.2
2017,5,13,3,60,0.00,0.00,0.00,0.00,0.00,10,24.8,23.3,91,1003.8,90,0.5,-9900,-9900,0.0,0.0
2017,5,13,4,60,0.00,0.00,0.00,0.00,0.00,10,24.6,23.0,91,1003.8,120,1.1,-9900,-9900,0.0,0.0
2017,5,13,5,60,0.00,0.00,0.00,0.00,0.00,10,24.4,22.9,91,1003.8,330,0.9,-9900,-9900,0.0,0.0
2017,5,13,6,60,72.14,927.25,0.00,0.00,0.00,10,24.8,22.9,89,1004.2,220,1.0,-9900,-9900,2.5,0.4
2017,5,13,7,60,356.40,1337.30,0.00,0.00,0.00,10,25.3,23.6,90,1004.8,300,1.1,-9900,-9900,0.0,0.0
2017,5,13,8,60,641.85,1337.30,55.56,1.40,54.89,10,24.8,22.9,89,1005.4,290,1.8,2,1,2.0,0.8
2017,5,13,9,60,895.68,1337.30,119.44,2.82,117.55,10,25.5,23.5,89,1005.9,240,1.3,15,1,0.0,0.4
2017,5,13,10,60,1100.57,1337.30,91.67,1.31,90.59,10,25.6,23.2,87,1006.1,0,0.0,-9900,-9900,0.0,0.2
2017,5,13,11,60,1242.57,1337.30,8.33,0.05,8.28,10,25.2,22.3,84,1006.4,280,0.3,12,1,0.2,0.3
2017,5,13,12,60,1312.00,1337.30,191.67,3.29,188.44,10,25.7,22.8,84,1006.1,290,0.4,-9900,-9900,0.3,1.0
2017,5,13,13,60,1304.13,1337.30,255.56,5.47,250.23,10,26.6,22.9,80,1006.1,210,1.9,-9900,-9900,0.0,0.1
2017,5,13,14,60,1219.49,1337.30,80.56,0.91,79.73,10,25.9,22.5,82,1006.0,210,1.4,18,1,0.0,0.3
2017,5,13,15,60,1063.86,1337.30,97.22,1.52,96.01,10,25.5,22.3,83,1005.6,100,1.2,-9900,-9900,0.0,1.0
2017,5,13,16,60,847.83,1337.30,102.78,2.40,101.26,10,25.3,21.9,81,1004.9,80,2.1,-9900,-9900,0.0,0.3
2017,5,13,17,60,586.15,1337.30,72.22,2.46,71.14,10,24.9,21.3,80,1005.7,60,3.2,16,0,0.0,0.2
2017,5,13,18,60,296.61,1337.30,0.00,0.00,0.00,10,24.8,21.1,80,1006.1,70,1.8,-9900,-9900,0.0,0.5
2017,5,13,19,60,36.19,657.14,0.00,0.00,0.00,10,24.5,20.8,80,1006.4,40,2.3,-9900,-9900,0.0,0.0
2017,5,13,20,60,0.00,0.00,0.00,0.00,0.00,10,24.5,20.9,80,1007.4,50,3.0,-9900,-9900,0.0,0.0
2017,5,13,21,60,0.00,0.00,0.00,0.00,0.00,10,24.3,20.7,80,1007.6,60,2.1,-9900,-9900,0.0,0.0
2017,5,13,22,60,0.00,0.00,0.00,0.00,0.00,10,24.3,20.7,80,1007.7,20,1.1,-9900,-9900,0.0,0.0
2017,5,13,23,60,0.00,0.00,0.00,0.00,0.00,10,24.3,20.4,79,1008.2,110,0.6,-9900,-9900,0.0,0.0
2017,5,13,24,60,0.00,0.00,0.00,0.00,0.00,10,24.3,20.6,80,1007.0,140,1.3,-9900,-9900,0.0,0.0
2017,5,14,1,60,0.00,0.00,0.00,0.00,0.00,9,24.0,20.9,83,1007.0,50,0.9,-9900,-9900,0.0,0.0
2017,5,14,2,60,0.00,0.00,0.00,0.00,0.00,9,24.1,21.0,83,1007.0,40,0.6,-9900,-9900,0.0,0.0
2017,5,14,3,60,0.00,0.00,0.00,0.00,0.00,9,24.0,20.9,83,1007.2,350,1.3,-9900,-9900,0.0,0.0
2017,5,14,4,60,0.00,0.00,0.00,0.00,0.00,9,23.9,20.7,82,1007.4,110,0.9,-9900,-9900,0.0,0.0
2017,5,14,5,60,0.00,0.00,0.00,0.00,0.00,9,23.7,20.5,82,1007.1,130,1.7,-9900,-9900,0.0,0.0
2017,5,14,6,60,73.83,938.54,0.00,0.00,0.00,9,23.7,20.8,84,1007.3,100,1.1,-9900,-9900,0.0,0.0
2017,5,14,7,60,358.33,1336.72,183.33,265.23,112.23,9,24.7,21.2,81,1008.0,70,0.3,-9900,-9900,0.0,0.0
2017,5,14,8,60,643.24,1336.72,316.67,231.56,205.24,9,25.7,21.4,77,1008.3,180,0.4,10,-9900,0.0,0.0
2017,5,14,9,60,896.58,1336.72,322.22,65.36,278.38,10,26.8,21.5,73,1008.9,130,0.7,10,1,0.0,0.0
2017,5,14,10,60,1101.10,1336.72,152.78,3.01,150.30,10,26.9,21.3,71,1008.8,0,0.0,-9900,-9900,0.0,0.0
2017,5,14,11,60,1242.83,1336.72,580.56,191.20,402.79,5,28.5,22.5,70,1008.1,60,2.4,13,-9900,0.0,0.0
2017,5,14,12,60,1312.12,1336.72,822.22,506.86,324.69,3,30.6,22.3,61,1007.1,20,1.1,-9900,-9900,0.0,0.0
2017,5,14,13,60,1304.27,1336.72,780.56,442.10,349.19,4,29.8,21.0,59,1006.1,30,0.9,-9900,-9900,0.0,0.0
2017,5,14,14,60,1219.80,1336.72,441.67,67.57,380.01,9,29.7,21.5,61,1005.6,50,1.8,14,1,0.0,0.0
2017,5,14,15,60,1064.46,1336.72,280.56,14.58,268.95,9,28.5,21.3,65,1005.8,50,2.9,-9900,-9900,0.0,0.0
2017,5,14,16,60,848.84,1336.72,269.44,36.63,246.18,10,27.0,20.6,68,1006.0,50,4.7,-9900,-9900,0.0,0.0
2017,5,14,17,60,587.64,1336.72,133.33,7.60,129.99,10,26.6,20.8,71,1005.9,50,3.7,15,1,0.0,0.0
2017,5,14,18,60,298.65,1336.72,44.44,0.00,44.44,10,26.3,20.9,72,1006.4,40,2.8,-9900,-9900,0.0,0.0
2017,5,14,19,60,37.41,668.54,0.00,0.00,0.00,9,25.8,20.8,74,1006.9,50,3.5,-9900,-9900,0.0,0.0
2017,5,14,20,60,0.00,0.00,0.00,0.00,0.00,9,25.7,20.7,74,1007.4,50,3.4,-9900,-9900,0.0,0.0
2017,5,14,21,60,0.00,0.00,0.00,0.00,0.00,9,25.8,20.7,73,1008.0,50,3.0,-9900,-9900,0.0,0.0
2017,5,14,22,60,0.00,0.00,0.00,0.00,0.00,9,26.0,20.3,71,1007.9,50,4.0,-9900,-9900,0.0,0.0
2017,5,14,23,60,0.00,0.00,0.00,0.00,0.00,8,26.1,20.3,70,1008.0,50,2.0,-9900,-9900,0.0,0.0
2017,5,14,24,60,0.00,0.00,0.00,0.00,0.00,8,25.9,20.0,70,1007.4,50,3.3,-9900,-9900,0.0,0.0
2017,5,15,1,60,0.00,0.00,0.00,0.00,0.00,8,26.0,20.0,70,1006.8,40,1.5,-9900,-9900,0.0,0.0
2017,5,15,2,60,0.00,0.00,0.00,0.00,0.00,8,26.0,19.9,69,1006.7,80,2.0,-9900,-9900,0.0,0.0
2017,5,15,3,60,0.00,0.00,0.00,0.00,0.00,7,25.5,19.8,71,1006.6,180,0.9,-9900,-9900,0.0,0.0
2017,5,15,4,60,0.00,0.00,0.00,0.00,0.00,7,25.2,19.7,72,1006.8,150,1.2,-9900,-9900,0.0,0.0
2017,5,15,5,60,0.00,0.00,0.00,0.00,0.00,7,24.8,19.8,74,1007.1,160,1.1,-9900,-9900,0.0,0.0
2017,5,15,6,60,75.50,949.60,0.00,0.00,0.00,7,25.0,19.9,73,1007.6,180,0.8,-9900,-9900,0.0,0.0
2017,5,15,7,60,360.20,1336.15,180.56,246.83,114.02,6,25.7,20.3,72,1007.6,130,1.4,-9900,-9900,0.0,0.0
2017,5,15,8,60,644.59,1336.15,402.78,502.49,160.37,6,27.7,21.3,68,1007.5,120,0.6,35,-9900,0.0,0.0
2017,5,15,9,60,897.46,1336.15,522.22,405.29,250.00,7,29.0,21.0,62,1007.2,120,0.3,35,-9900,0.0,0.0
2017,5,15,10,60,1101.58,1336.15,666.67,457.11,289.81,8,30.7,21.9,59,1007.0,40,1.4,-9900,-9900,0.0,0.0
2017,5,15,11,60,1243.05,1336.15,727.78,413.11,343.45,8,30.7,21.9,59,1006.8,40,2.5,30,-9900,0.0,0.0
2017,5,15,12,60,1312.22,1336.15,877.78,608.36,280.32,6,30.0,22.2,63,1006.1,40,5.3,-9900,-9900,0.0,0.0
2017,5,15,13,60,1304.38,1336.15,983.33,818.18,184.61,4,30.4,22.4,62,1005.0,50,5.5,-9900,-9900,0.0,0.0
2017,5,15,14,60,1220.06,1336.15,375.00,31.30,346.42,9,27.3,22.3,74,1004.6,40,3.2,10,1,0.5,0.3
2017,5,15,15,60,1065.01,1336.15,88.89,1.32,87.84,10,25.5,23.4,88,1004.7,360,2.7,-9900,-9900,10.0,1.0
2017,5,15,16,60,849.79,1336.15,94.44,2.08,93.12,10,24.4,22.4,89,1005.1,110,1.4,-9900,-9900,19.5,1.0
2017,5,15,17,60,589.08,1336.15,0.00,0.00,0.00,10,24.9,23.1,90,1005.1,90,0.5,8,1,2.5,1.0
2017,5,15,18,60,300.64,1336.15,0.00,0.00,0.00,10,25.3,23.2,88,1004.9,140,1.8,-9900,-9900,0.0,0.0
2017,5,15,19,60,38.63,679.73,0.00,0.00,0.00,10,25.4,23.1,87,1005.4,130,1.2,-9900,-9900,0.0,0.0
2017,5,15,20,60,0.00,0.00,0.00,0.00,0.00,10,24.8,22.5,87,1006.4,210,1.7,-9900,-9900,0.5,1.0
2017,5,15,21,60,0.00,0.00,0.00,0.00,0.00,10,23.1,21.2,89,1006.8,320,0.7,-9900,-9900,1.0,1.0
2017,5,15,22,60,0.00,0.00,0.00,0.00,0.00,10,23.2,21.1,88,1007.2,120,2.6,-9900,-9900,1.0,1.0
2017,5,15,23,60,0.00,0.00,0.00,0.00,0.00,10,21.9,19.8,88,1007.2,90,2.5,-9900,-9900,5.0,1.0
2017,5,15,24,60,0.00,0.00,0.00,0.00,0.00,10,21.6,19.8,90,1006.8,90,1.4,-9900,-9900,2.0,1.0
2017,5,16,1,60,0.00,0.00,0.00,0.00,0.00,10,21.3,19.3,88,1006.1,50,2.7,-9900,-9900,1.0,1.0
2017,5,16,2,60,0.00,0.00,0.00,0.00,0.00,10,20.8,18.5,87,1005.4,60,2.8,-9900,-9900,1.5,1.0
2017,5,16,3,60,0.00,0.00,0.00,0.00,0.00,10,21.1,18.7,86,1005.0,80,1.9,-9900,-9900,0.5,0.3
2017,5,16,4,60,0.00,0.00,0.00,0.00,0.00,10,21.4,19.2,87,1004.8,60,0.8,-9900,-9900,0.0,0.0
2017,5,16,5,60,0.00,0.00,0.00,0.00,0.00,10,20.8,19.1,90,1005.3,0,0.0,-9900,-9900,1.5,0.7
2017,5,16,6,60,77.14,960.44,0.00,0.00,0.00,10,20.9,19.3,91,1005.6,120,1.1,-9900,-9900,3.0,1.0
2017,5,16,7,60,362.02,1335.59,0.00,0.00,0.00,10,21.0,19.3,90,1005.6,100,1.9,-9900,-9900,3.0,1.0
2017,5,16,8,60,645.88,1335.59,0.00,0.00,0.00,10,21.5,19.6,89,1005.9,90,1.6,10,0,1.5,1.0
2017,5,16,9,60,898.28,1335.59,11.11,0.10,11.04,10,21.9,20.0,89,1006.2,110,1.6,5,0,3.0,1.0
2017,5,16,10,60,1102.04,1335.59,80.56,1.07,79.68,10,21.8,20.1,90,1006.0,80,1.6,-9900,-9900,5.5,1.0
2017,5,16,11,60,1243.25,1335.59,111.11,1.46,109.75,10,21.6,19.7,89,1006.0,80,2.0,8,0,2.5,1.0
2017,5,16,12,60,1312.29,1335.59,119.44,1.51,117.96,10,21.5,19.4,88,1005.5,70,2.5,-9900,-9900,1.5,1.0
2017,5,16,13,60,1304.46,1335.59,166.67,2.62,164.11,10,21.5,19.5,88,1005.2,50,2.6,-9900,-9900,1.5,1.0
2017,5,16,14,60,1220.30,1335.59,166.67,2.93,163.99,10,21.3,19.4,89,1005.0,50,2.6,8,0,1.5,1.0
2017,5,16,15,60,1065.53,1335.59,158.33,3.38,155.63,10,21.1,18.8,87,1004.6,60,3.5,-9900,-9900,3.0,1.0
2017,5,16,16,60,850.72,1335.59,147.22,4.40,144.42,10,21.5,19.1,86,1004.5,100,0.7,-9900,-9900,0.5,1.0
2017,5,16,17,60,590.48,1335.59,47.22,1.22,46.68,10,21.1,19.0,88,1004.6,80,2.2,10,1,0.0,0.8
2017,5,16,18,60,302.57,1335.59,0.00,0.00,0.00,10,21.3,19.0,87,1005.1,110,2.0,-9900,-9900,0.0,0.0
2017,5,16,19,60,39.84,690.68,0.00,0.00,0.00,10,20.9,18.8,88,1005.5,130,2.2,-9900,-9900,0.5,0.8
2017,5,16,20,60,0.00,0.00,0.00,0.00,0.00,10,20.9,18.9,88,1006.0,150,1.6,-9900,-9900,0.0,1.0
2017,5,16,21,60,0.00,0.00,0.00,0.00,0.00,10,20.8,19.0,89,1005.9,90,1.5,-9900,-9900,0.0,1.0
2017,5,16,22,60,0.00,0.00,0.00,0.00,0.00,10,20.6,18.5,88,1006.0,90,1.7,-9900,-9900,0.5,1.0
2017,5,16,23,60,0.00,0.00,0.00,0.00,0.00,10,20.8,18.7,88,1005.7,80,1.4,-9900,-9900,0.0,1.0
2017,5,16,24,60,0.00,0.00,0.00,0.00,0.00,10,20.4,18.6,89,1005.4,90,1.6,-9900,-9900,0.5,1.0
2017,5,17,1,60,0.00,0.00,0.00,0.00,0.00,10,20.4,18.7,90,1005.1,90,1.4,-9900,-9900,0.5,1.0
2017,5,17,2,60,0.00,0.00,0.00,0.00,0.00,10,20.7,19.1,91,1004.4,70,1.4,-9900,-9900,0.0,1.0
2017,5,17,3,60,0.00,0.00,0.00,0.00,0.00,10,20.7,18.8,89,1004.3,70,2.1,-9900,-9900,0.5,1.0
2017,5,17,4,60,0.00,0.00,0.00,0.00,0.00,10,20.6,18.7,89,1004.6,90,1.7,-9900,-9900,0.0,1.0
2017,5,17,5,60,0.00,0.00,0.00,0.00,0.00,10,20.3,18.7,91,1004.8,120,1.7,-9900,-9900,3.5,1.0
2017,5,17,6,60,78.77,971.04,0.00,0.00,0.00,10,20.3,18.9,92,1005.5,120,0.8,-9900,-9900,1.5,0.8
2017,5,17,7,60,363.80,1335.03,0.00,0.00,0.00,10,20.9,19.2,90,1006.0,110,1.7,-9900,-9900,0.0,0.0
2017,5,17,8,60,647.14,1335.03,30.56,0.56,30.29,10,21.6,19.7,89,1006.7,90,1.5,20,-9900,0.0,0.0
2017,5,17,9,60,899.08,1335.03,194.44,6.56,190.02,10,22.2,19.7,86,1007.2,110,1.5,20,1,0.0,0.1
2017,5,17,10,60,1102.45,1335.03,386.11,58.09,338.14,9,24.0,20.6,81,1007.2,70,3.3,-9900,-9900,0.0,0.0
2017,5,17,11,60,1243.40,1335.03,711.11,383.50,353.93,9,25.4,20.5,74,1006.8,90,3.0,20,-9900,0.0,0.0
2017,5,17,12,60,1312.32,1335.03,761.11,400.80,367.13,7,26.3,19.5,66,1006.5,50,3.4,-9900,-9900,0.0,0.0
2017,5,17,13,60,1304.50,1335.03,744.44,380.88,372.27,9,25.8,18.6,64,1006.3,50,4.6,-9900,-9900,0.0,0.0
2017,5,17,14,60,1220.49,1335.03,761.11,499.14,304.79,8,26.6,18.7,62,1006.3,30,3.9,15,-9900,0.0,0.0
2017,5,17,15,60,1066.01,1335.03,683.33,540.27,251.93,7,25.7,17.4,60,1006.5,40,3.8,-9900,-9900,0.0,0.0
2017,5,17,16,60,851.58,1335.03,511.11,445.42,226.99,8,25.1,16.9,60,1006.8,20,5.2,-9900,-9900,0.0,0.0
2017,5,17,17,60,591.83,1335.03,225.00,83.58,187.95,7,24.6,17.2,63,1007.0,50,4.0,25,-9900,0.0,0.0
2017,5,17,18,60,304.45,1335.03,133.33,0.00,133.33,7,24.1,17.6,67,1007.6,50,4.4,-9900,-9900,0.0,0.0
2017,5,17,19,60,41.03,701.39,0.00,0.00,0.00,7,23.8,18.4,72,1008.3,50,4.1,-9900,-9900,0.0,0.0
2017,5,17,20,60,0.00,0.00,0.00,0.00,0.00,7,23.7,18.7,74,1008.8,50,4.7,-9900,-9900,0.0,0.0
2017,5,17,21,60,0.00,0.00,0.00,0.00,0.00,7,23.7,18.4,72,1009.3,70,3.1,-9900,-9900,0.0,0.0
2017,5,17,22,60,0.00,0.00,0.00,0.00,0.00,7,23.5,17.8,70,1009.1,70,3.7,-9900,-9900,0.0,0.0
2017,5,17,23,60,0.00,0.00,0.00,0.00,0.00,7,23.4,17.8,71,1009.2,70,3.4,-9900,-9900,0.0,0.0
2017,5,17,24,60,0.00,0.00,0.00,0.00,0.00,7,23.2,18.1,73,1008.5,50,3.8,-9900,-9900,0.0,0.0
2017,5,18,1,60,0.00,0.00,0.00,0.00,0.00,8,23.4,18.8,75,1008.0,60,3.2,-9900,-9900,0.0,0.0
2017,5,18,2,60,0.00,0.00,0.00,0.00,0.00,8,23.3,19.2,78,1008.2,60,2.6,-9900,-9900,0.0,0.0
2017,5,18,3,60,0.00,0.00,0.00,0.00,0.00,8,23.5,19.7,79,1008.2,40,2.5,-9900,-9900,0.0,0.0
2017,5,18,4,60,0.00,0.00,0.00,0.00,0.00,8,23.7,19.5,77,1008.2,50,2.8,-9900,-9900,0.0,0.0
2017,5,18,5,60,0.00,0.00,0.00,0.00,0.00,8,23.5,18.9,75,1008.6,50,3.0,-9900,-9900,0.0,0.0
2017,5,18,6,60,80.37,981.41,19.44,0.00,19.44,8,23.5,19.1,76,1008.8,50,3.5,-9900,-9900,0.0,0.0
2017,5,18,7,60,365.51,1334.49,122.22,46.88,109.38,8,24.3,19.3,74,1009.2,40,3.9,-9900,-9900,0.0,0.0
2017,5,18,8,60,648.34,1334.49,366.67,369.94,186.94,8,26.1,20.1,70,1009.8,50,3.7,25,-9900,0.0,0.0
2017,5,18,9,60,899.83,1334.49,683.33,830.56,123.29,6,27.4,19.5,62,1009.9,50,4.0,25,-9900,0.0,0.0
2017,5,18,10,60,1102.84,1334.49,569.44,273.33,343.56,9,27.2,19.5,63,1010.2,60,4.3,-9900,-9900,0.0,0.0
2017,5,18,11,60,1243.54,1334.49,897.22,737.62,209.87,9,28.6,19.9,59,1009.7,50,4.0,16,-9900,0.0,0.0
2017,5,18,12,60,1312.33,1334.49,963.89,769.70,206.97,9,28.8,19.3,57,1009.4,40,4.9,-9900,-9900,0.0,0.0
2017,5,18,13,60,1304.53,1334.49,636.11,223.37,417.75,10,28.5,19.2,57,1009.1,50,4.3,-9900,-9900,0.0,0.0
2017,5,18,14,60,1220.67,1334.49,600.00,229.89,389.72,9,28.3,19.1,57,1008.7,50,4.8,20,1,0.0,0.0
2017,5,18,15,60,1066.47,1334.49,466.67,148.81,347.75,10,27.6,18.1,56,1008.3,60,6.1,-9900,-9900,0.0,0.0
2017,5,18,16,60,852.43,1334.49,372.22,147.58,277.95,10,27.2,17.8,56,1008.7,60,4.8,-9900,-9900,0.0,0.0
2017,5,18,17,60,593.14,1334.49,166.67,20.00,157.78,10,26.7,17.5,57,1008.9,70,5.4,25,1,0.0,0.0
2017,5,18,18,60,306.27,1334.49,44.44,0.00,44.44,10,26.1,17.3,58,1009.4,60,4.8,-9900,-9900,0.0,0.0
2017,5,18,19,60,42.22,711.87,0.00,0.00,0.00,10,25.8,18.2,63,1009.8,60,4.9,-9900,-9900,0.0,0.0
2017,5,18,20,60,0.00,0.00,0.00,0.00,0.00,10,25.6,18.1,63,1010.2,60,4.6,-9900,-9900,0.0,0.0
2017,5,18,21,60,0.00,0.00,0.00,0.00,0.00,10,25.4,17.9,63,1010.5,50,4.7,-9900,-9900,0.0,0.0
2017,5,18,22,60,0.00,0.00,0.00,0.00,0.00,10,25.3,17.8,63,1010.7,50,5.8,-9900,-9900,0.0,0.0
2017,5,18,23,60,0.00,0.00,0.00,0.00,0.00,10,25.0,17.9,65,1009.8,50,4.2,-9900,-9900,0.0,0.0
2017,5,18,24,60,0.00,0.00,0.00,0.00,0.00,10,25.0,18.4,67,1009.0,50,4.0,-9900,-9900,0.0,0.0
2017,5,19,1,60,0.00,0.00,0.00,0.00,0.00,10,25.1,18.5,67,1008.6,60,4.4,-9900,-9900,0.0,0.0
2017,5,19,2,60,0.00,0.00,0.00,0.00,0.00,10,25.1,18.6,67,1008.4,60,3.5,-9900,-9900,0.0,0.0
2017,5,19,3,60,0.00,0.00,0.00,0.00,0.00,10,25.0,18.7,68,1008.2,70,2.9,-9900,-9900,0.0,0.0
2017,5,19,4,60,0.00,0.00,0.00,0.00,0.00,10,25.1,18.3,66,1008.3,60,4.4,-9900,-9900,0.0,0.0
2017,5,19,5,60,0.00,0.00,0.00,0.00,0.00,10,24.9,18.2,66,1008.4,50,3.7,-9900,-9900,0.0,0.0
2017,5,19,6,60,81.95,991.54,0.00,0.00,0.00,10,25.1,18.4,66,1008.9,50,4.2,-9900,-9900,0.0,0.0
2017,5,19,7,60,367.18,1333.96,86.11,8.57,83.75,10,25.6,18.9,67,1009.4,60,3.6,-9900,-9900,0.0,0.0
2017,5,19,8,60,649.51,1333.96,172.22,14.99,164.92,10,26.4,18.9,63,1009.7,60,4.0,20,1,0.0,0.0
2017,5,19,9,60,900.56,1333.96,238.89,15.02,228.75,10,25.5,19.1,68,1010.1,50,3.5,15,1,0.0,0.3
2017,5,19,10,60,1103.20,1333.96,302.78,17.77,288.08,10,26.0,19.7,68,1009.7,60,4.0,-9900,-9900,0.0,0.7
2017,5,19,11,60,1243.65,1333.96,397.22,37.67,362.10,9,26.7,19.4,64,1009.0,60,4.2,20,3,0.0,0.0
2017,5,19,12,60,1312.32,1333.96,480.56,70.90,410.81,10,26.9,19.5,64,1008.5,70,4.6,-9900,-9900,0.0,0.0
2017,5,19,13,60,1304.54,1333.96,361.11,18.56,342.96,9,26.2,19.4,66,1007.9,60,4.5,-9900,-9900,0.0,0.7
2017,5,19,14,60,1220.83,1333.96,333.33,17.33,317.47,10,26.5,19.2,64,1007.5,50,3.9,18,3,0.0,0.0
2017,5,19,15,60,1066.89,1333.96,191.67,4.69,187.92,10,25.4,18.6,66,1007.6,70,3.5,-9900,-9900,0.0,0.3
2017,5,19,16,60,853.23,1333.96,166.67,5.43,163.20,10,24.5,19.0,71,1007.4,70,2.9,-9900,-9900,0.2,1.0
2017,5,19,17,60,594.41,1333.96,100.00,4.17,98.14,10,24.3,19.3,74,1007.4,80,2.8,20,3,0.1,1.0
2017,5,19,18,60,308.04,1333.96,0.00,0.00,0.00,10,23.4,19.0,76,1008.5,50,2.5,-9900,-9900,0.5,1.0
2017,5,19,19,60,43.40,722.10,0.00,0.00,0.00,10,22.6,19.2,81,1008.6,70,3.3,-9900,-9900,1.0,1.0
2017,5,19,20,60,0.00,0.00,0.00,0.00,0.00,10,22.1,19.1,83,1008.7,60,2.7,-9900,-9900,0.9,1.0
2017,5,19,21,60,0.00,0.00,0.00,0.00,0.00,10,21.9,19.1,84,1009.1,50,3.7,-9900,-9900,1.0,0.9
2017,5,19,22,60,0.00,0.00,0.00,0.00,0.00,10,22.6,19.6,83,1009.2,50,3.0,-9900,-9900,0.0,0.0
2017,5,19,23,60,0.00,0.00,0.00,0.00,0.00,10,22.9,19.4,81,1008.9,50,4.2,-9900,-9900,0.0,0.0
2017,5,19,24,60,0.00,0.00,0.00,0.00,0.00,10,22.6,19.1,81,1007.9,40,2.7,-9900,-9900,0.1,0.3
2017,5,20,1,60,0.00,0.00,0.00,0.00,0.00,9,22.8,18.9,79,1006.8,50,3.6,-9900,-9900,0.0,0.2
2017,5,20,2,60,0.00,0.00,0.00,0.00,0.00,9,22.7,18.7,78,1006.3,50,4.7,-9900,-9900,0.0,0.3
2017,5,20,3,60,0.00,0.00,0.00,0.00,0.00,9,22.9,19.0,79,1005.7,50,2.9,-9900,-9900,0.0,0.2
2017,5,20,4,60,0.00,0.00,0.00,0.00,0.00,9,22.9,19.0,79,1005.5,80,1.7,-9900,-9900,0.0,0.8
2017,5,20,5,60,0.00,0.00,0.00,0.00,0.00,9,21.7,19.4,87,1006.2,70,0.3,-9900,-9900,1.0,1.0
2017,5,20,6,60,83.50,1001.41,0.00,0.00,0.00,9,22.2,19.4,84,1006.1,50,2.7,-9900,-9900,0.0,0.2
2017,5,20,7,60,368.79,1333.43,169.44,179.26,119.86,9,23.6,20.5,83,1006.8,40,1.9,-9900,-9900,0.0,0.0
2017,5,20,8,60,650.63,1333.43,219.44,48.76,195.65,9,24.4,19.4,74,1006.8,50,2.7,25,3,0.0,0.0
2017,5,20,9,60,901.23,1333.43,352.78,94.56,288.87,9,25.9,19.6,68,1006.7,60,2.6,25,3,0.0,0.0
2017,5,20,10,60,1103.53,1333.43,644.44,409.01,305.95,9,27.7,19.6,61,1006.2,110,2.8,-9900,-9900,0.0,0.0
2017,5,20,11,60,1243.72,1333.43,733.33,421.38,340.30,9,28.0,19.9,61,1005.9,120,2.7,30,3,0.0,0.0
2017,5,20,12,60,1312.28,1333.43,844.44,545.53,307.56,8,29.5,20.7,59,1005.6,120,3.4,-9900,-9900,0.0,0.0
2017,5,20,13,60,1304.51,1333.43,708.33,323.75,391.60,8,28.6,19.7,59,1005.1,120,3.4,-9900,-9900,0.0,0.0
2017,5,20,14,60,1220.94,1333.43,555.56,172.82,397.32,9,28.1,19.6,60,1004.6,120,3.5,25,1,0.0,0.0
2017,5,20,15,60,1067.28,1333.43,277.78,13.68,266.83,9,27.5,19.1,60,1004.4,90,3.8,-9900,-9900,0.0,0.0
2017,5,20,16,60,854.00,1333.43,222.22,13.66,213.47,9,26.8,18.6,61,1004.3,80,3.7,-9900,-9900,0.0,0.0
2017,5,20,17,60,595.62,1333.43,166.67,19.59,157.92,8,26.6,18.9,63,1004.2,100,2.8,35,-9900,0.0,0.0
2017,5,20,18,60,309.76,1333.43,83.33,0.00,83.33,8,25.9,18.6,64,1004.2,70,3.7,-9900,-9900,0.0,0.0
2017,5,20,19,60,44.56,732.08,0.00,0.00,0.00,8,25.4,18.7,66,1004.7,70,3.3,-9900,-9900,0.0,0.0
2017,5,20,20,60,0.00,0.00,0.00,0.00,0.00,8,24.9,19.1,70,1005.0,40,3.9,-9900,-9900,0.0,0.0
2017,5,20,21,60,0.00,0.00,0.00,0.00,0.00,8,24.6,19.3,72,1005.0,50,3.2,-9900,-9900,0.0,0.0
2017,5,20,22,60,0.00,0.00,0.00,0.00,0.00,8,24.5,19.6,74,1005.1,60,3.3,-9900,-9900,0.0,0.0
2017,5,20,23,60,0.00,0.00,0.00,0.00,0.00,8,24.5,19.4,73,1004.8,50,4.0,-9900,-9900,0.0,0.0
2017,5,20,24,60,0.00,0.00,0.00,0.00,0.00,8,24.2,19.9,77,1004.2,50,4.1,-9900,-9900,0.0,0.0
2017,5,21,1,60,0.00,0.00,0.00,0.00,0.00,9,24.1,20.1,78,1003.8,40,4.1,-9900,-9900,0.0,0.0
2017,5,21,2,60,0.00,0.00,0.00,0.00,0.00,9,24.2,20.2,78,1003.6,50,3.3,-9900,-9900,0.0,0.0
2017,5,21,3,60,0.00,0.00,0.00,0.00,0.00,9,24.3,20.1,77,1003.7,50,3.2,-9900,-9900,0.0,0.0
2017,5,21,4,60,0.00,0.00,0.00,0.00,0.00,9,24.3,19.9,76,1003.8,50,3.3,-9900,-9900,0.0,0.0
2017,5,21,5,60,0.00,0.00,0.00,0.00,0.00,9,24.2,20.1,78,1004.2,50,3.8,-9900,-9900,0.0,0.0
2017,5,21,6,60,85.02,1011.04,0.00,0.00,0.00,9,24.4,20.4,78,1004.5,50,2.9,-9900,-9900,0.0,0.0
2017,5,21,7,60,370.35,1332.92,69.44,5.04,68.04,9,24.6,21.0,80,1005.1,60,2.7,-9900,-9900,0.0,0.0
2017,5,21,8,60,651.70,1332.92,169.44,13.60,162.79,9,24.8,21.5,82,1005.3,50,2.8,20,0,0.0,0.0
2017,5,21,9,60,901.88,1332.92,358.33,100.63,290.24,10,25.2,21.7,81,1005.5,50,4.6,20,0,0.0,0.2
2017,5,21,10,60,1103.83,1332.92,480.56,145.70,359.90,9,26.7,21.9,75,1005.3,60,3.9,-9900,-9900,0.0,0.5
2017,5,21,11,60,1243.79,1332.92,638.89,268.15,388.67,9,26.1,21.2,74,1005.0,50,4.3,20,0,0.0,0.0
2017,5,21,12,60,1312.22,1332.92,308.33,8.63,299.83,10,25.7,21.2,76,1005.3,40,3.5,-9900,-9900,0.0,0.2
2017,5,21,13,60,1304.46,1332.92,497.22,84.39,414.63,10,26.6,21.7,75,1004.6,50,4.0,-9900,-9900,0.0,0.5
2017,5,21,14,60,1221.04,1332.92,441.67,67.08,380.22,10,26.3,21.3,74,1004.0,50,4.2,16,0,0.0,0.0
2017,5,21,15,60,1067.65,1332.92,430.56,107.06,344.81,9,26.4,21.4,74,1003.8,50,5.2,-9900,-9900,0.0,0.0
2017,5,21,16,60,854.73,1332.92,305.56,63.64,264.75,10,25.9,21.1,75,1003.7,40,3.4,-9900,-9900,0.0,0.0
2017,5,21,17,60,596.79,1332.92,166.67,19.39,157.99,9,25.3,20.0,72,1003.9,40,4.4,15,1,0.0,0.0
2017,5,21,18,60,311.43,1332.92,19.44,0.00,19.44,9,25.0,19.7,72,1004.1,50,5.3,-9900,-9900,0.0,0.0
2017,5,21,19,60,45.70,741.81,0.00,0.00,0.00,9,24.8,19.9,74,1004.9,40,2.2,-9900,-9900,0.0,0.0
2017,5,21,20,60,0.00,0.00,0.00,0.00,0.00,9,24.3,20.0,77,1005.3,80,3.4,-9900,-9900,0.0,0.0
2017,5,21,21,60,0.00,0.00,0.00,0.00,0.00,9,23.8,20.2,80,1006.0,70,3.6,-9900,-9900,0.0,0.0
2017,5,21,22,60,0.00,0.00,0.00,0.00,0.00,9,24.0,20.6,81,1005.9,60,2.7,-9900,-9900,0.0,0.0
2017,5,21,23,60,0.00,0.00,0.00,0.00,0.00,9,24.1,20.8,82,1005.9,50,3.0,-9900,-9900,0.0,0.0
2017,5,21,24,60,0.00,0.00,0.00,0.00,0.00,9,24.2,20.3,79,1005.4,50,3.2,-9900,-9900,0.0,0.0
2017,5,22,1,60,0.00,0.00,0.00,0.00,0.00,9,24.2,20.3,79,1004.6,50,3.8,-9900,-9900,0.0,0.0
2017,5,22,2,60,0.00,0.00,0.00,0.00,0.00,9,24.1,20.3,79,1004.0,50,3.7,-9900,-9900,0.0,0.0
2017,5,22,3,60,0.00,0.00,0.00,0.00,0.00,9,24.2,20.4,79,1004.0,50,4.1,-9900,-9900,0.0,0.0
2017,5,22,4,60,0.00,0.00,0.00,0.00,0.00,9,24.4,20.6,79,1004.0,50,4.1,-9900,-9900,0.0,0.0
2017,5,22,5,60,0.00,0.00,0.00,0.00,0.00,9,24.4,20.6,79,1004.5,50,3.3,-9900,-9900,0.0,0.0
2017,5,22,6,60,86.52,1020.42,0.00,0.00,0.00,9,24.6,20.6,78,1005.0,60,2.9,-9900,-9900,0.0,0.0
2017,5,22,7,60,371.87,1332.42,44.44,2.33,43.79,9,24.9,21.1,79,1005.3,50,2.7,-9900,-9900,0.0,0.0
2017,5,22,8,60,652.75,1332.42,166.67,12.47,160.56,9,25.8,21.5,77,1005.3,50,3.0,25,1,0.0,0.0
2017,5,22,9,60,902.49,1332.42,222.22,10.53,215.09,10,26.4,21.3,74,1005.5,40,3.6,25,3,0.0,0.0
2017,5,22,10,60,1104.10,1332.42,352.78,37.69,321.55,9,27.6,21.9,71,1006.0,70,2.9,-9900,-9900,0.0,0.0
2017,5,22,11,60,1243.83,1332.42,611.11,229.17,397.18,9,28.4,21.9,68,1005.4,50,2.2,20,1,0.0,0.0
2017,5,22,12,60,1312.15,1332.42,608.33,185.29,425.86,9,29.6,22.5,66,1005.3,60,2.4,-9900,-9900,0.0,0.0
2017,5,22,13,60,1304.41,1332.42,536.11,115.69,422.85,8,29.4,22.5,66,1004.9,60,3.1,-9900,-9900,0.0,0.0
2017,5,22,14,60,1221.12,1332.42,563.89,182.56,396.58,9,29.4,22.5,66,1004.4,70,3.3,20,4,0.0,0.0
2017,5,22,15,60,1067.98,1332.42,477.78,161.85,348.05,7,29.2,22.4,67,1004.0,50,4.1,-9900,-9900,0.0,0.0
2017,5,22,16,60,855.42,1332.42,413.89,216.85,274.67,8,27.8,21.7,69,1004.2,40,3.7,-9900,-9900,0.0,0.0
2017,5,22,17,60,597.92,1332.42,177.78,26.50,165.89,8,27.7,21.8,70,1004.0,40,4.1,20,3,0.0,0.0
2017,5,22,18,60,313.04,1332.42,61.11,0.00,61.11,8,26.8,21.5,73,1004.2,50,4.6,-9900,-9900,0.0,0.0
2017,5,22,19,60,46.83,751.29,0.00,0.00,0.00,8,26.4,21.3,74,1004.8,50,4.3,-9900,-9900,0.0,0.0
2017,5,22,20,60,0.00,0.00,0.00,0.00,0.00,8,26.2,20.9,73,1005.0,50,2.7,-9900,-9900,0.0,0.0
2017,5,22,21,60,0.00,0.00,0.00,0.00,0.00,8,25.9,20.5,72,1005.7,40,3.3,-9900,-9900,0.0,0.0
2017,5,22,22,60,0.00,0.00,0.00,0.00,0.00,8,25.8,20.5,73,1005.8,50,2.8,-9900,-9900,0.0,0.0
2017,5,22,23,60,0.00,0.00,0.00,0.00,0.00,8,25.8,20.6,73,1005.9,50,2.7,-9900,-9900,0.0,0.0
2017,5,22,24,60,0.00,0.00,0.00,0.00,0.00,8,25.7,20.5,73,1005.5,60,1.6,-9900,-9900,0.0,0.0
2017,5,23,1,60,0.00,0.00,0.00,0.00,0.00,8,25.4,20.5,74,1004.8,60,1.3,-9900,-9900,0.0,0.0
2017,5,23,2,60,0.00,0.00,0.00,0.00,0.00,8,25.0,20.5,76,1004.7,0,0.0,-9900,-9900,0.0,0.0
2017,5,23,3,60,0.00,0.00,0.00,0.00,0.00,8,25.1,20.6,76,1004.4,130,1.1,-9900,-9900,0.0,0.0
2017,5,23,4,60,0.00,0.00,0.00,0.00,0.00,8,25.0,20.5,76,1004.4,160,0.6,-9900,-9900,0.0,0.0
2017,5,23,5,60,0.00,0.00,0.00,0.00,0.00,8,24.9,20.4,76,1004.5,150,1.2,-9900,-9900,0.0,0.0
2017,5,23,6,60,87.98,1029.52,0.00,0.00,0.00,8,25.2,20.8,77,1004.9,140,1.3,-9900,-9900,0.0,0.0
2017,5,23,7,60,373.33,1331.92,113.89,30.08,105.46,8,26.2,21.0,73,1005.4,200,0.9,-9900,-9900,0.0,0.0
2017,5,23,8,60,653.74,1331.92,158.33,9.78,153.53,8,27.1,21.3,71,1005.8,210,0.7,30,3,0.0,0.0
2017,5,23,9,60,903.08,1331.92,463.89,267.97,282.20,8,28.9,22.8,70,1005.6,240,1.5,20,3,0.0,0.0
2017,5,23,10,60,1104.35,1331.92,538.89,223.53,353.55,8,29.9,23.2,67,1005.5,360,0.3,-9900,-9900,0.0,0.0
2017,5,23,11,60,1243.84,1331.92,500.00,105.56,401.42,8,30.8,22.8,62,1005.1,240,2.2,11,1,0.0,0.0
2017,5,23,12,60,1312.04,1331.92,722.22,338.27,389.00,6,31.9,23.4,61,1004.6,270,1.1,-9900,-9900,0.0,0.0
2017,5,23,13,60,1304.31,1331.92,505.56,90.59,416.85,8,29.8,23.1,67,1004.2,330,2.6,-9900,-9900,0.0,0.0
2017,5,23,14,60,1221.17,1331.92,408.33,46.77,365.45,9,30.6,23.4,66,1003.7,310,1.2,13,1,0.0,0.0
2017,5,23,15,60,1068.29,1331.92,302.78,20.86,286.05,8,29.7,23.0,67,1003.4,310,1.0,-9900,-9900,0.0,0.0
2017,5,23,16,60,856.08,1331.92,172.22,5.71,168.55,10,29.6,22.8,67,1003.1,350,1.8,-9900,-9900,0.0,0.0
2017,5,23,17,60,599.01,1331.92,200.00,46.45,179.11,9,29.8,22.6,65,1002.6,290,0.5,12,1,0.0,0.0
2017,5,23,18,60,314.60,1331.92,91.67,0.00,91.67,9,28.7,21.8,66,1002.7,50,2.1,-9900,-9900,0.0,0.0
2017,5,23,19,60,47.93,760.50,0.00,0.00,0.00,9,28.0,22.0,70,1003.2,0,0.0,-9900,-9900,0.0,0.0
2017,5,23,20,60,0.00,0.00,0.00,0.00,0.00,9,28.0,22.1,70,1003.5,270,0.4,-9900,-9900,0.0,0.0
2017,5,23,21,60,0.00,0.00,0.00,0.00,0.00,8,28.1,22.2,70,1004.1,0,0.0,-9900,-9900,0.0,0.0
2017,5,23,22,60,0.00,0.00,0.00,0.00,0.00,8,28.1,21.9,69,1004.1,210,0.8,-9900,-9900,0.0,0.0
2017,5,23,23,60,0.00,0.00,0.00,0.00,0.00,8,27.4,21.7,71,1003.8,160,1.8,-9900,-9900,0.0,0.0
2017,5,23,24,60,0.00,0.00,0.00,0.00,0.00,8,27.1,21.7,72,1003.2,160,0.8,-9900,-9900,0.0,0.0
2017,5,24,1,60,0.00,0.00,0.00,0.00,0.00,8,26.9,21.5,72,1002.8,170,0.8,-9900,-9900,0.0,0.0
2017,5,24,2,60,0.00,0.00,0.00,0.00,0.00,8,26.7,21.8,75,1002.3,150,1.1,-9900,-9900,0.0,0.0
2017,5,24,3,60,0.00,0.00,0.00,0.00,0.00,8,26.5,21.7,75,1002.0,160,0.9,-9900,-9900,0.0,0.0
2017,5,24,4,60,0.00,0.00,0.00,0.00,0.00,8,26.2,21.5,75,1001.8,90,0.9,-9900,-9900,0.0,0.0
2017,5,24,5,60,0.00,0.00,0.00,0.00,0.00,7,26.1,21.6,76,1002.0,160,1.1,-9900,-9900,0.0,0.0
2017,5,24,6,60,89.41,1038.37,0.00,0.00,0.00,7,26.4,21.5,74,1002.5,160,0.7,-9900,-9900,0.0,0.0
2017,5,24,7,60,374.74,1331.44,61.11,3.94,60.00,7,26.9,21.8,74,1002.6,150,1.6,-9900,-9900,0.0,0.0
2017,5,24,8,60,654.70,1331.44,222.22,50.15,197.56,7,28.4,22.6,71,1002.9,160,0.9,10,-9900,0.0,0.0
2017,5,24,9,60,903.63,1331.44,411.11,172.45,294.07,9,29.7,22.8,67,1002.6,230,2.2,10,1,0.0,0.0
2017,5,24,10,60,1104.58,1331.44,447.22,108.70,357.04,9,30.9,23.5,65,1002.5,270,0.7,-9900,-9900,0.0,0.0
2017,5,24,11,60,1243.84,1331.44,169.44,2.91,166.72,9,31.0,23.8,66,1002.4,260,1.8,10,1,0.0,0.0
2017,5,24,12,60,1311.93,1331.44,511.11,92.54,419.93,9,32.4,23.3,59,1001.8,260,3.4,-9900,-9900,0.0,0.0
2017,5,24,13,60,1304.21,1331.44,341.67,14.10,327.86,9,31.3,23.6,64,1001.5,270,3.8,-9900,-9900,0.0,0.0
2017,5,24,14,60,1221.20,1331.44,277.78,7.64,270.77,9,31.0,22.6,61,1001.2,260,2.7,12,1,0.0,0.0
2017,5,24,15,60,1068.57,1331.44,172.22,3.88,169.11,10,30.5,23.0,64,1001.1,280,3.3,-9900,-9900,0.0,0.0
2017,5,24,16,60,856.71,1331.44,36.11,0.47,35.81,10,29.1,23.5,72,1001.0,300,2.8,-9900,-9900,0.0,0.0
2017,5,24,17,60,600.05,1331.44,19.44,0.33,19.29,10,26.8,22.0,75,1001.7,10,1.6,12,1,0.1,0.4
2017,5,24,18,60,316.10,1331.44,0.00,0.00,0.00,10,24.0,20.2,79,1002.7,50,4.1,-9900,-9900,1.0,1.0
2017,5,24,19,60,49.02,769.44,0.00,0.00,0.00,10,23.0,20.4,85,1004.0,50,3.8,-9900,-9900,3.0,1.0
2017,5,24,20,60,0.00,0.00,0.00,0.00,0.00,10,23.2,21.0,87,1004.9,100,1.4,-9900,-9900,2.9,1.0
2017,5,24,21,60,0.00,0.00,0.00,0.00,0.00,10,22.9,20.7,87,1005.9,60,2.0,-9900,-9900,2.8,1.0
2017,5,24,22,60,0.00,0.00,0.00,0.00,0.00,10,22.8,20.5,87,1006.2,100,3.2,-9900,-9900,0.8,1.0
2017,5,24,23,60,0.00,0.00,0.00,0.00,0.00,10,22.8,20.6,87,1006.1,80,2.6,-9900,-9900,0.1,0.7
2017,5,24,24,60,0.00,0.00,0.00,0.00,0.00,10,22.9,20.6,87,1005.9,80,2.2,-9900,-9900,0.0,0.0
2017,5,25,1,60,0.00,0.00,0.00,0.00,0.00,10,22.7,20.2,86,1005.0,60,2.5,-9900,-9900,0.0,0.9
2017,5,25,2,60,0.00,0.00,0.00,0.00,0.00,10,22.5,20.1,86,1004.6,60,2.3,-9900,-9900,0.0,0.6
2017,5,25,3,60,0.00,0.00,0.00,0.00,0.00,10,22.7,20.0,85,1004.2,60,2.2,-9900,-9900,0.0,0.2
2017,5,25,4,60,0.00,0.00,0.00,0.00,0.00,10,22.1,19.6,86,1004.4,60,1.8,-9900,-9900,0.0,1.0
2017,5,25,5,60,0.00,0.00,0.00,0.00,0.00,10,22.0,19.7,87,1004.4,60,1.8,-9900,-9900,0.5,1.0
2017,5,25,6,60,90.81,1046.95,0.00,0.00,0.00,10,22.0,19.7,87,1005.1,60,2.3,-9900,-9900,0.0,1.0
2017,5,25,7,60,376.09,1330.97,0.00,0.00,0.00,10,22.0,19.9,88,1005.8,90,1.3,-9900,-9900,0.5,1.0
2017,5,25,8,60,655.60,1330.97,25.00,0.41,24.80,10,22.4,20.0,86,1006.1,90,1.6,6,1,0.0,1.0
2017,5,25,9,60,904.14,1330.97,38.89,0.49,38.56,10,22.4,20.3,88,1006.4,60,2.0,6,1,0.0,1.0
2017,5,25,10,60,1104.77,1330.97,166.67,3.46,163.80,10,22.8,20.2,85,1006.5,70,2.5,-9900,-9900,0.0,1.0
2017,5,25,11,60,1243.82,1330.97,163.89,2.75,161.32,10,23.0,20.1,84,1006.3,60,3.0,8,1,0.0,0.1
2017,5,25,12,60,1311.80,1330.97,180.56,2.96,177.64,10,23.7,19.9,79,1006.2,50,2.9,-9900,-9900,0.0,0.0
2017,5,25,13,60,1304.10,1330.97,166.67,2.61,164.11,10,23.6,19.3,77,1005.7,60,3.5,-9900,-9900,0.0,0.0
2017,5,25,14,60,1221.22,1330.97,77.78,0.86,76.99,10,23.5,18.8,75,1005.5,40,3.1,11,1,0.0,0.0
2017,5,25,15,60,1068.83,1330.97,136.11,2.59,134.03,10,23.6,19.1,76,1005.1,40,3.0,-9900,-9900,0.0,0.0
2017,5,25,16,60,857.30,1330.97,144.44,4.18,141.75,10,23.6,18.8,74,1005.0,70,2.2,-9900,-9900,0.0,0.0
2017,5,25,17,60,601.05,1330.97,0.00,0.00,0.00,10,23.1,18.9,77,1005.4,70,3.0,13,3,0.0,0.0
2017,5,25,18,60,317.55,1330.97,0.00,0.00,0.00,10,23.2,18.6,75,1006.1,90,2.0,-9900,-9900,0.0,0.0
2017,5,25,19,60,50.08,778.12,0.00,0.00,0.00,10,22.7,19.0,80,1006.6,130,1.8,-9900,-9900,0.0,0.0
2017,5,25,20,60,0.00,0.00,0.00,0.00,0.00,10,22.8,18.8,78,1007.2,120,1.7,-9900,-9900,0.0,0.0
2017,5,25,21,60,0.00,0.00,0.00,0.00,0.00,10,22.9,18.7,77,1007.6,90,1.5,-9900,-9900,0.0,0.0
2017,5,25,22,60,0.00,0.00,0.00,0.00,0.00,10,22.9,18.5,76,1008.1,150,1.6,-9900,-9900,0.0,0.0
2017,5,25,23,60,0.00,0.00,0.00,0.00,0.00,10,22.8,18.4,76,1007.7,100,1.7,-9900,-9900,0.0,0.0
2017,5,25,24,60,0.00,0.00,0.00,0.00,0.00,10,22.4,18.2,77,1007.3,130,0.9,-9900,-9900,0.0,0.0
2017,5,26,1,60,0.00,0.00,0.00,0.00,0.00,9,22.2,18.1,78,1006.8,150,1.2,-9900,-9900,0.0,0.0
2017,5,26,2,60,0.00,0.00,0.00,0.00,0.00,9,21.9,17.0,74,1006.4,140,1.7,-9900,-9900,0.0,0.0
2017,5,26,3,60,0.00,0.00,0.00,0.00,0.00,9,22.0,17.9,78,1006.1,120,1.2,-9900,-9900,0.0,0.0
2017,5,26,4,60,0.00,0.00,0.00,0.00,0.00,9,22.8,17.4,72,1006.1,70,1.4,-9900,-9900,0.0,0.0
2017,5,26,5,60,0.00,0.00,0.00,0.00,0.00,9,22.6,17.0,71,1006.1,110,1.6,-9900,-9900,0.0,0.0
2017,5,26,6,60,92.17,1055.25,0.00,0.00,0.00,9,22.0,17.3,75,1006.5,160,2.0,-9900,-9900,0.0,0.0
2017,5,26,7,60,377.40,1330.50,133.33,60.22,116.25,9,23.3,17.1,68,1006.8,110,2.3,-9900,-9900,0.0,0.0
2017,5,26,8,60,656.48,1330.50,213.89,41.33,193.50,9,24.0,17.4,67,1007.3,60,3.3,25,1,0.0,0.0
2017,5,26,9,60,904.63,1330.50,333.33,72.69,283.91,9,24.5,17.5,65,1007.5,30,2.8,25,1,0.0,0.0
2017,5,26,10,60,1104.94,1330.50,500.00,168.84,359.78,9,25.4,18.2,64,1007.5,50,3.4,-9900,-9900,0.0,0.0
2017,5,26,11,60,1243.77,1330.50,352.78,20.91,333.23,9,25.0,17.1,62,1007.7,20,4.1,25,1,0.0,0.0
2017,5,26,12,60,1311.65,1330.50,466.67,62.17,405.38,10,25.0,17.1,62,1007.3,50,4.7,-9900,-9900,0.0,0.0
2017,5,26,13,60,1303.96,1330.50,186.11,3.14,183.03,10,24.3,17.0,64,1007.2,40,3.0,-9900,-9900,0.0,0.0
2017,5,26,14,60,1221.21,1330.50,152.78,2.52,150.47,10,24.2,17.0,64,1007.0,50,5.0,25,0,0.0,0.2
2017,5,26,15,60,1069.06,1330.50,166.67,3.66,163.73,10,24.3,17.5,66,1007.0,50,3.7,-9900,-9900,0.0,1.0
2017,5,26,16,60,857.85,1330.50,152.78,4.61,149.81,10,24.3,17.9,67,1006.7,40,3.5,-9900,-9900,0.0,0.8
2017,5,26,17,60,602.00,1330.50,55.56,1.52,54.87,10,24.1,17.5,67,1006.9,50,5.5,20,1,0.0,0.0
2017,5,26,18,60,318.95,1330.50,0.00,0.00,0.00,10,24.1,17.5,67,1007.4,70,4.1,-9900,-9900,0.0,0.0
2017,5,26,19,60,51.12,786.51,0.00,0.00,0.00,10,24.0,17.5,67,1008.0,60,3.1,-9900,-9900,0.0,0.0
2017,5,26,20,60,0.00,0.00,0.00,0.00,0.00,10,23.9,17.8,69,1008.6,70,3.2,-9900,-9900,0.0,0.0
2017,5,26,21,60,0.00,0.00,0.00,0.00,0.00,10,23.9,18.0,70,1009.0,90,2.0,-9900,-9900,0.0,0.0
2017,5,26,22,60,0.00,0.00,0.00,0.00,0.00,10,23.9,18.0,70,1008.9,90,2.7,-9900,-9900,0.0,0.0
2017,5,26,23,60,0.00,0.00,0.00,0.00,0.00,10,24.1,18.2,70,1008.3,80,3.3,-9900,-9900,0.0,0.0
2017,5,26,24,60,0.00,0.00,0.00,0.00,0.00,10,24.0,18.1,70,1008.0,50,3.4,-9900,-9900,0.0,0.0
2017,5,27,1,60,0.00,0.00,0.00,0.00,0.00,10,24.0,17.9,69,1007.1,50,4.1,-9900,-9900,0.0,0.0
2017,5,27,2,60,0.00,0.00,0.00,0.00,0.00,10,24.0,17.7,68,1006.5,50,4.5,-9900,-9900,0.0,0.0
2017,5,27,3,60,0.00,0.00,0.00,0.00,0.00,10,24.0,17.8,68,1006.2,50,4.2,-9900,-9900,0.0,0.0
2017,5,27,4,60,0.00,0.00,0.00,0.00,0.00,10,24.0,17.6,67,1006.0,50,3.7,-9900,-9900,0.0,0.0
2017,5,27,5,60,0.00,0.00,0.00,0.00,0.00,10,24.1,17.0,65,1005.9,50,4.4,-9900,-9900,0.0,0.0
2017,5,27,6,60,93.49,1063.28,0.00,0.00,0.00,10,24.2,17.1,65,1006.3,50,3.5,-9900,-9900,0.0,0.0
2017,5,27,7,60,378.65,1330.05,130.56,53.88,115.22,10,24.9,17.4,63,1006.5,50,5.1,-9900,-9900,0.0,0.0
2017,5,27,8,60,657.30,1330.05,172.22,14.08,165.26,10,25.4,17.1,60,1006.9,50,4.7,20,3,0.0,0.0
2017,5,27,9,60,905.09,1330.05,255.56,20.44,241.65,10,25.7,17.2,59,1007.6,50,5.9,20,1,0.0,0.0
2017,5,27,10,60,1105.11,1330.05,169.44,3.55,166.49,10,25.4,17.3,61,1008.0,60,3.9,-9900,-9900,0.0,0.0
2017,5,27,11,60,1243.72,1330.05,166.67,2.82,164.03,10,25.3,17.7,63,1008.2,60,4.4,20,3,0.0,0.0
2017,5,27,12,60,1311.50,1330.05,166.67,2.59,164.12,10,23.6,18.0,71,1008.4,50,3.2,-9900,-9900,0.5,0.9
2017,5,27,13,60,1303.81,1330.05,91.67,1.00,90.69,10,21.8,18.6,82,1008.6,40,3.5,-9900,-9900,2.5,1.0
2017,5,27,14,60,1221.20,1330.05,58.33,0.57,57.81,10,20.7,18.0,85,1008.6,50,3.9,9,1,3.5,1.0
2017,5,27,15,60,1069.27,1330.05,63.89,0.78,63.26,10,20.3,18.0,87,1008.3,50,4.8,-9900,-9900,4.0,1.0
2017,5,27,16,60,858.38,1330.05,16.67,0.17,16.56,10,20.0,17.7,87,1008.1,60,4.1,-9900,-9900,1.5,0.9
2017,5,27,17,60,602.92,1330.05,0.00,0.00,0.00,10,20.3,17.9,86,1008.0,50,4.6,6,1,0.0,0.6
2017,5,27,18,60,320.28,1330.05,0.00,0.00,0.00,10,20.2,17.9,87,1007.7,50,3.9,-9900,-9900,0.5,0.7
2017,5,27,19,60,52.13,794.63,0.00,0.00,0.00,10,20.3,17.7,85,1007.5,50,6.5,-9900,-9900,0.0,0.0
2017,5,27,20,60,0.00,0.00,0.00,0.00,0.00,10,20.5,17.5,83,1007.4,50,6.4,-9900,-9900,0.0,0.0
2017,5,27,21,60,0.00,0.00,0.00,0.00,0.00,9,20.7,17.4,81,1007.5,50,6.1,-9900,-9900,0.0,0.0
2017,5,27,22,60,0.00,0.00,0.00,0.00,0.00,9,21.1,17.2,78,1007.2,50,6.1,-9900,-9900,0.0,0.0
2017,5,27,23,60,0.00,0.00,0.00,0.00,0.00,9,21.4,17.2,77,1007.1,50,5.6,-9900,-9900,0.0,0.0
2017,5,27,24,60,0.00,0.00,0.00,0.00,0.00,9,21.7,17.8,79,1006.7,50,5.6,-9900,-9900,0.0,0.0
2017,5,28,1,60,0.00,0.00,0.00,0.00,0.00,9,22.2,18.0,77,1006.2,50,4.5,-9900,-9900,0.0,0.0
2017,5,28,2,60,0.00,0.00,0.00,0.00,0.00,9,22.5,18.2,77,1006.0,50,4.8,-9900,-9900,0.0,0.0
2017,5,28,3,60,0.00,0.00,0.00,0.00,0.00,9,22.7,18.4,77,1005.5,60,3.9,-9900,-9900,0.0,0.0
2017,5,28,4,60,0.00,0.00,0.00,0.00,0.00,9,22.7,18.7,78,1005.5,50,4.8,-9900,-9900,0.0,0.0
2017,5,28,5,60,0.00,0.00,0.00,0.00,0.00,8,22.7,18.8,79,1005.7,50,4.6,-9900,-9900,0.0,0.0
2017,5,28,6,60,94.77,1071.03,0.00,0.00,0.00,8,22.9,18.9,78,1006.0,50,4.4,-9900,-9900,0.0,0.0
2017,5,28,7,60,379.86,1329.61,38.89,1.82,38.37,8,22.9,19.3,80,1006.5,50,5.2,-9900,-9900,0.0,0.0
2017,5,28,8,60,658.10,1329.61,175.00,15.15,167.50,8,23.5,19.5,78,1006.7,40,3.8,35,4,0.0,0.0
2017,5,28,9,60,905.52,1329.61,475.00,287.47,279.22,6,25.0,20.3,75,1007.0,50,5.2,35,-9900,0.0,0.0
2017,5,28,10,60,1105.24,1329.61,783.33,703.39,198.64,7,25.3,20.2,73,1007.2,50,6.1,-9900,-9900,0.0,0.0
2017,5,28,11,60,1243.65,1329.61,730.56,415.36,342.05,9,25.4,20.3,73,1007.2,50,5.8,30,-9900,0.0,0.0
2017,5,28,12,60,1311.33,1329.61,541.67,117.84,425.45,8,25.7,20.4,73,1006.7,50,5.3,-9900,-9900,0.0,0.0
2017,5,28,13,60,1303.66,1329.61,447.22,52.61,395.64,9,25.1,19.8,72,1006.5,50,6.5,-9900,-9900,0.0,0.0
2017,5,28,14,60,1221.15,1329.61,400.00,42.37,361.09,9,24.7,19.4,72,1006.0,50,6.1,35,4,0.0,0.0
2017,5,28,15,60,1069.45,1329.61,386.11,66.35,332.74,8,24.5,19.3,73,1006.0,50,5.5,-9900,-9900,0.0,0.0
2017,5,28,16,60,858.88,1329.61,272.22,36.18,248.85,9,24.3,19.2,73,1005.7,50,5.8,-9900,-9900,0.0,0.0
2017,5,28,17,60,603.80,1329.61,166.67,18.23,158.39,9,24.0,19.0,74,1005.6,50,6.1,30,3,0.0,0.0
2017,5,28,18,60,321.58,1329.61,102.78,0.00,102.78,9,23.8,18.9,74,1006.1,50,5.8,-9900,-9900,0.0,0.0
2017,5,28,19,60,53.12,802.47,0.00,0.00,0.00,9,23.6,19.2,76,1006.4,50,4.7,-9900,-9900,0.0,0.0
2017,5,28,20,60,0.00,0.00,0.00,0.00,0.00,9,23.5,19.5,78,1006.8,50,5.6,-9900,-9900,0.0,0.0
2017,5,28,21,60,0.00,0.00,0.00,0.00,0.00,8,23.3,19.7,80,1007.0,50,4.6,-9900,-9900,0.0,0.0
2017,5,28,22,60,0.00,0.00,0.00,0.00,0.00,8,23.2,19.9,82,1007.3,50,4.6,-9900,-9900,0.0,0.0
2017,5,28,23,60,0.00,0.00,0.00,0.00,0.00,8,23.1,20.0,83,1007.2,50,4.8,-9900,-9900,0.0,0.0
2017,5,28,24,60,0.00,0.00,0.00,0.00,0.00,8,23.2,20.1,83,1006.7,50,3.8,-9900,-9900,0.0,0.0
2017,5,29,1,60,0.00,0.00,0.00,0.00,0.00,8,23.1,20.4,85,1006.3,50,3.8,-9900,-9900,0.0,0.0
2017,5,29,2,60,0.00,0.00,0.00,0.00,0.00,8,23.3,20.7,85,1006.2,50,3.8,-9900,-9900,0.0,0.0
2017,5,29,3,60,0.00,0.00,0.00,0.00,0.00,8,23.5,20.7,84,1006.1,50,4.2,-9900,-9900,0.0,0.0
2017,5,29,4,60,0.00,0.00,0.00,0.00,0.00,8,23.6,20.9,85,1006.2,50,3.1,-9900,-9900,0.0,0.0
2017,5,29,5,60,0.00,0.00,0.00,0.00,0.00,7,23.6,20.8,84,1006.5,50,4.2,-9900,-9900,0.0,0.0
2017,5,29,6,60,96.01,1078.49,0.00,0.00,0.00,7,23.9,21.1,84,1007.1,50,3.5,-9900,-9900,0.0,0.0
2017,5,29,7,60,381.01,1329.18,66.67,4.47,65.39,7,24.5,21.4,83,1007.7,50,3.9,-9900,-9900,0.0,0.0
2017,5,29,8,60,658.86,1329.18,211.11,38.11,192.22,7,25.1,21.5,80,1008.1,50,3.6,25,1,0.0,0.0
2017,5,29,9,60,905.92,1329.18,400.00,153.50,295.38,6,26.2,22.2,79,1008.1,50,4.6,25,1,0.0,0.0
2017,5,29,10,60,1105.35,1329.18,730.56,585.73,243.46,6,27.1,22.5,76,1008.0,50,5.7,-9900,-9900,0.0,0.0
2017,5,29,11,60,1243.57,1329.18,738.89,430.05,336.54,3,28.1,22.8,73,1007.6,50,4.5,30,-9900,0.0,0.0
2017,5,29,12,60,1311.15,1329.18,997.22,828.96,179.50,2,28.7,22.3,68,1006.8,50,4.9,-9900,-9900,0.0,0.0
2017,5,29,13,60,1303.49,1329.18,986.11,820.31,181.66,2,28.9,22.1,67,1006.3,60,5.2,-9900,-9900,0.0,0.0
2017,5,29,14,60,1221.10,1329.18,927.78,828.20,166.92,3,30.4,22.2,62,1005.6,80,4.6,35,-9900,0.0,0.0
2017,5,29,15,60,1069.62,1329.18,738.89,658.84,208.71,6,29.9,22.3,64,1005.3,60,4.4,-9900,-9900,0.0,0.0
2017,5,29,16,60,859.35,1329.18,500.00,403.06,239.41,7,28.1,21.7,68,1005.1,50,6.1,-9900,-9900,0.0,0.0
2017,5,29,17,60,604.62,1329.18,466.67,841.25,84.00,8,27.3,20.8,68,1005.2,50,6.1,30,1,0.0,0.0
2017,5,29,18,60,322.80,1329.18,161.11,0.00,161.11,8,27.0,20.7,68,1005.4,50,4.7,-9900,-9900,0.0,0.0
2017,5,29,19,60,54.07,810.02,0.00,0.00,0.00,8,26.6,20.5,69,1005.7,50,4.7,-9900,-9900,0.0,0.0
2017,5,29,20,60,0.00,0.00,0.00,0.00,0.00,8,26.4,20.5,70,1006.4,50,4.4,-9900,-9900,0.0,0.0
2017,5,29,21,60,0.00,0.00,0.00,0.00,0.00,8,26.3,20.4,70,1006.7,50,4.8,-9900,-9900,0.0,0.0
2017,5,29,22,60,0.00,0.00,0.00,0.00,0.00,8,26.3,20.3,70,1006.7,50,5.6,-9900,-9900,0.0,0.0
2017,5,29,23,60,0.00,0.00,0.00,0.00,0.00,8,26.2,20.5,71,1006.7,50,5.2,-9900,-9900,0.0,0.0
2017,5,29,24,60,0.00,0.00,0.00,0.00,0.00,8,26.1,20.6,72,1006.4,50,5.0,-9900,-9900,0.0,0.0
2017,5,30,1,60,0.00,0.00,0.00,0.00,0.00,8,26.1,20.6,72,1006.2,50,4.1,-9900,-9900,0.0,0.0
2017,5,30,2,60,0.00,0.00,0.00,0.00,0.00,8,26.0,20.8,73,1005.9,50,3.4,-9900,-9900,0.0,0.0
2017,5,30,3,60,0.00,0.00,0.00,0.00,0.00,8,25.8,20.9,74,1005.9,50,2.6,-9900,-9900,0.0,0.0
2017,5,30,4,60,0.00,0.00,0.00,0.00,0.00,8,25.7,21.0,75,1005.9,50,1.4,-9900,-9900,0.0,0.0
2017,5,30,5,60,0.00,0.00,0.00,0.00,0.00,8,25.7,21.0,75,1006.2,30,0.8,-9900,-9900,0.0,0.0
2017,5,30,6,60,97.21,1085.67,0.00,0.00,0.00,8,26.0,21.2,75,1006.6,120,1.1,-9900,-9900,0.0,0.0
2017,5,30,7,60,382.11,1328.77,105.56,18.29,100.30,8,26.4,21.3,74,1007.0,140,1.0,-9900,-9900,0.0,0.0
2017,5,30,8,60,659.57,1328.77,208.33,35.56,190.68,8,27.6,22.3,73,1006.8,100,1.3,30,3,0.0,0.0
2017,5,30,9,60,906.29,1328.77,377.78,122.17,294.45,6,29.1,22.7,68,1006.4,140,1.5,30,-9900,0.0,0.0
2017,5,30,10,60,1105.46,1328.77,636.11,389.17,312.34,8,31.0,23.1,63,1006.0,100,0.7,-9900,-9900,0.0,0.0
2017,5,30,11,60,1243.48,1328.77,366.67,25.36,342.94,9,30.4,22.4,62,1006.0,280,0.6,30,3,0.0,0.0
2017,5,30,12,60,1310.97,1328.77,402.78,31.07,372.13,9,30.8,22.3,61,1005.3,0,0.0,-9900,-9900,0.0,0.0
2017,5,30,13,60,1303.32,1328.77,316.67,9.90,306.96,10,29.9,22.2,63,1005.0,280,0.9,15,-9900,0.0,0.8
2017,5,30,14,60,1221.05,1328.77,86.11,1.00,85.19,10,27.0,22.6,77,1005.0,150,2.9,15,1,0.0,0.8
2017,5,30,15,60,1069.77,1328.77,255.56,9.20,248.15,10,27.5,23.0,77,1005.1,150,2.7,-9900,-9900,0.0,1.0
2017,5,30,16,60,859.79,1328.77,325.00,81.15,272.49,9,27.8,22.5,73,1004.3,120,2.2,-9900,-9900,0.0,0.2
2017,5,30,17,60,605.42,1328.77,102.78,4.24,100.85,10,27.4,22.2,73,1004.2,160,1.6,25,3,0.0,0.1
2017,5,30,18,60,323.99,1328.77,0.00,0.00,0.00,10,26.2,22.4,80,1004.9,160,1.6,-9900,-9900,0.1,1.0
2017,5,30,19,60,55.00,817.28,0.00,0.00,0.00,10,25.7,22.9,85,1005.0,130,1.9,-9900,-9900,0.1,1.0
2017,5,30,20,60,0.00,0.00,0.00,0.00,0.00,10,25.3,22.9,87,1005.0,150,1.7,-9900,-9900,1.9,1.0
2017,5,30,21,60,0.00,0.00,0.00,0.00,0.00,10,25.0,22.9,88,1004.9,60,1.1,-9900,-9900,0.2,0.5
2017,5,30,22,60,0.00,0.00,0.00,0.00,0.00,10,25.4,23.6,90,1004.9,100,0.5,-9900,-9900,0.0,0.0
2017,5,30,23,60,0.00,0.00,0.00,0.00,0.00,10,25.3,23.6,90,1004.4,160,0.5,-9900,-9900,0.0,0.0
2017,5,30,24,60,0.00,0.00,0.00,0.00,0.00,10,25.0,22.8,88,1003.7,160,1.1,-9900,-9900,0.0,0.0
2017,5,31,1,60,0.00,0.00,0.00,0.00,0.00,10,25.0,23.1,89,1003.0,190,0.9,-9900,-9900,0.0,0.0
2017,5,31,2,60,0.00,0.00,0.00,0.00,0.00,10,25.0,22.8,88,1002.6,190,0.6,-9900,-9900,0.0,0.0
2017,5,31,3,60,0.00,0.00,0.00,0.00,0.00,10,24.7,22.3,87,1002.6,180,1.0,-9900,-9900,0.2,0.5
2017,5,31,4,60,0.00,0.00,0.00,0.00,0.00,10,24.5,22.7,90,1002.5,110,1.1,-9900,-9900,0.0,0.2
2017,5,31,5,60,0.00,0.00,0.00,0.00,0.00,10,24.7,22.8,89,1002.7,190,0.6,-9900,-9900,0.0,0.0
2017,5,31,6,60,98.37,1092.55,0.00,0.00,0.00,10,24.8,23.0,90,1002.7,180,0.3,-9900,-9900,0.0,0.0
2017,5,31,7,60,383.15,1328.36,0.00,0.00,0.00,10,25.5,23.5,89,1002.9,200,0.4,-9900,-9900,0.0,0.0
2017,5,31,8,60,660.25,1328.36,19.44,0.28,19.30,10,27.1,23.9,83,1003.2,270,2.9,8,1,0.0,0.0
2017,5,31,9,60,906.64,1328.36,91.67,1.77,90.46,10,27.5,24.0,81,1003.3,270,2.3,8,1,0.0,0.0
2017,5,31,10,60,1105.53,1328.36,136.11,2.45,134.07,10,27.7,24.0,80,1003.3,270,2.7,-9900,-9900,0.0,0.0
2017,5,31,11,60,1243.38,1328.36,316.67,12.28,305.18,8,29.2,24.3,75,1002.6,260,3.5,12,1,0.0,0.0
2017,5,31,12,60,1310.78,1328.36,838.89,535.14,310.83,8,32.2,24.6,64,1001.3,270,2.9,-9900,-9900,0.0,0.0
2017,5,31,13,60,1303.14,1328.36,955.56,763.19,206.86,5,33.2,23.1,56,1000.4,260,4.3,-9900,-9900,0.0,0.0
2017,5,31,14,60,1220.98,1328.36,955.56,852.47,172.00,7,33.7,21.6,49,999.8,260,6.0,30,-9900,0.0,0.0
2017,5,31,15,60,1069.90,1328.36,741.67,664.39,206.55,4,33.9,21.6,49,999.2,260,4.7,-9900,-9900,0.0,0.0
2017,5,31,16,60,860.20,1328.36,522.22,458.73,225.16,6,32.6,22.1,54,999.2,250,3.2,-9900,-9900,0.0,0.0
2017,5,31,17,60,606.17,1328.36,191.67,35.72,175.37,7,31.5,22.8,60,999.4,280,3.8,20,5,0.0,0.0
2017,5,31,18,60,325.12,1328.36,52.78,0.00,52.78,7,30.1,22.2,63,999.8,270,1.6,-9900,-9900,0.0,0.0
2017,5,31,19,60,55.89,824.24,0.00,0.00,0.00,7,29.4,22.4,66,1000.2,260,1.2,-9900,-9900,0.0,0.0
2017,5,31,20,60,0.00,0.00,0.00,0.00,0.00,8,29.1,22.1,66,1000.7,280,0.5,-9900,-9900,0.0,0.0
2017,5,31,21,60,0.00,0.00,0.00,0.00,0.00,8,28.6,22.2,68,1000.5,330,0.3,-9900,-9900,0.0,0.0
2017,5,31,22,60,0.00,0.00,0.00,0.00,0.00,8,28.9,22.4,68,1000.9,0,0.0,-9900,-9900,0.0,0.0
2017,5,31,23,60,0.00,0.00,0.00,0.00,0.00,8,28.7,22.2,68,1000.8,250,0.5,-9900,-9900,0.0,0.0
2017,5,31,24,60,0.00,0.00,0.00,0.00,0.00,8,27.9,22.7,73,1000.1,0,0.0,-9900,-9900,0.0,0.0
2017,6,1,1,60,0.00,0.00,0.00,0.00,0.00,9,27.6,22.1,72,999.8,0,0.0,-9900,-9900,0.0,0.0
2017,6,1,2,60,0.00,0.00,0.00,0.00,0.00,9,27.2,22.9,77,999.5,120,1.2,-9900,-9900,0.0,0.0
2017,6,1,3,60,0.00,0.00,0.00,0.00,0.00,9,27.1,22.9,78,999.5,140,0.9,-9900,-9900,0.0,0.0
2017,6,1,4,60,0.00,0.00,0.00,0.00,0.00,9,27.1,23.0,78,999.8,160,0.5,-9900,-9900,0.0,0.0
2017,6,1,5,60,0.00,0.00,0.00,0.00,0.00,9,26.7,22.7,79,999.8,90,0.5,-9900,-9900,0.0,0.0
2017,6,1,6,60,99.48,1099.14,0.00,0.00,0.00,10,26.8,22.6,78,1000.0,200,0.7,-9900,-9900,0.0,0.0
2017,6,1,7,60,384.15,1327.97,161.11,125.14,124.91,10,27.5,23.1,77,1000.2,120,0.3,-9900,-9900,0.0,0.0
2017,6,1,8,60,660.89,1327.97,255.56,89.42,211.06,10,29.0,23.6,73,1000.0,180,0.9,12,-9900,0.0,0.0
2017,6,1,9,60,906.97,1327.97,505.56,351.36,265.59,10,30.8,23.5,65,999.7,260,0.4,15,-9900,0.0,0.0
2017,6,1,10,60,1105.61,1327.97,561.11,256.19,347.82,10,31.7,22.7,59,999.4,220,2.8,-9900,-9900,0.0,0.0
2017,6,1,11,60,1243.27,1327.97,561.11,166.84,404.91,10,32.6,23.1,57,998.9,250,1.9,20,5,0.0,0.0
2017,6,1,12,60,1310.59,1327.97,525.00,103.74,422.62,9,32.4,22.7,57,998.2,260,3.2,-9900,-9900,0.0,0.0
2017,6,1,13,60,1302.96,1327.97,808.33,489.01,328.53,9,33.6,22.6,53,997.2,240,3.3,-9900,-9900,0.0,0.0
2017,6,1,14,60,1220.90,1327.97,416.67,51.30,369.51,9,33.4,20.8,48,996.6,260,5.2,30,-9900,0.0,0.0
2017,6,1,15,60,1070.02,1327.97,377.78,59.93,329.49,9,33.0,21.6,51,996.2,240,4.9,-9900,-9900,0.0,0.0
2017,6,1,16,60,860.59,1327.97,422.22,227.24,274.96,7,33.5,22.1,51,996.1,260,4.4,-9900,-9900,0.0,0.0
2017,6,1,17,60,606.88,1327.97,258.33,132.82,197.63,8,32.2,21.7,54,996.2,250,3.2,30,-9900,0.0,0.0
2017,6,1,18,60,326.19,1327.97,58.33,0.00,58.33,8,31.5,21.7,56,996.4,240,2.8,-9900,-9900,0.0,0.0
2017,6,1,19,60,56.76,830.91,0.00,0.00,0.00,8,31.2,21.9,58,997.1,250,3.1,-9900,-9900,0.0,0.0
2017,6,1,20,60,0.00,0.00,0.00,0.00,0.00,8,30.6,22.4,62,997.7,250,2.5,-9900,-9900,0.0,0.0
2017,6,1,21,60,0.00,0.00,0.00,0.00,0.00,9,30.2,22.5,63,997.9,190,1.2,-9900,-9900,0.0,0.0
2017,6,1,22,60,0.00,0.00,0.00,0.00,0.00,9,29.1,22.2,66,998.2,70,0.5,-9900,-9900,0.0,0.0
2017,6,1,23,60,0.00,0.00,0.00,0.00,0.00,9,29.3,22.4,66,997.3,160,1.2,-9900,-9900,0.0,0.0
2017,6,1,24,60,0.00,0.00,0.00,0.00,0.00,9,28.9,22.4,68,996.7,160,1.0,-9900,-9900,0.0,0.0
2017,6,2,1,60,0.00,0.00,0.00,0.00,0.00,9,29.0,22.5,68,996.4,170,1.9,-9900,-9900,0.0,0.0
2017,6,2,2,60,0.00,0.00,0.00,0.00,0.00,9,27.4,22.6,75,996.1,150,1.2,-9900,-9900,0.0,0.7
2017,6,2,3,60,0.00,0.00,0.00,0.00,0.00,9,27.3,23.5,80,996.0,210,2.8,-9900,-9900,1.0,1.0
2017,6,2,4,60,0.00,0.00,0.00,0.00,0.00,9,25.8,23.3,86,996.4,150,1.3,-9900,-9900,2.0,1.0
2017,6,2,5,60,0.00,0.00,0.00,0.00,0.00,10,24.7,22.1,85,997.3,60,2.7,-9900,-9900,2.5,1.0
2017,6,2,6,60,100.54,1105.42,0.00,0.00,0.00,10,24.6,22.4,88,997.2,30,1.6,-9900,-9900,1.0,1.0
2017,6,2,7,60,385.10,1327.58,0.00,0.00,0.00,10,24.9,22.7,88,997.9,330,1.2,-9900,-9900,0.0,0.8
2017,6,2,8,60,661.49,1327.58,0.00,0.00,0.00,10,25.3,23.0,87,997.3,60,1.5,25,1,0.0,0.0
2017,6,2,9,60,907.26,1327.58,36.11,0.44,35.81,10,29.1,24.7,77,996.8,230,3.9,20,1,0.0,0.0
2017,6,2,10,60,1105.66,1327.58,47.22,0.48,46.82,10,26.9,22.9,79,997.3,130,1.8,-9900,-9900,0.0,0.1
2017,6,2,11,60,1243.15,1327.58,254.36,5.86,248.87,10,25.3,23.0,87,998.0,30,3.0,3,4,9.5,1.0
2017,6,2,12,60,1310.37,1327.58,275.91,6.15,269.84,10,24.7,22.6,88,998.9,140,1.1,-9900,-9900,70.5,1.0
2017,6,2,13,60,1302.75,1327.58,273.45,6.13,267.43,10,24.6,22.6,89,998.4,190,1.4,-9900,-9900,49.5,1.0
2017,6,2,14,60,1220.80,1327.58,5.56,0.03,5.53,10,24.8,22.7,88,998.2,210,1.9,20,-9900,14.5,1.0
2017,6,2,15,60,1070.11,1327.58,200.00,5.00,195.97,10,26.1,23.5,86,998.5,240,1.6,-9900,-9900,0.0,0.4
2017,6,2,16,60,860.94,1327.58,33.33,0.42,33.06,10,25.8,23.1,85,999.0,270,1.6,-9900,-9900,0.0,0.1
2017,6,2,17,60,607.55,1327.58,0.00,0.00,0.00,10,25.0,22.2,84,999.2,260,0.6,7,0,2.5,1.0
2017,6,2,18,60,327.21,1327.58,0.00,0.00,0.00,10,25.0,22.0,83,1000.2,270,1.2,-9900,-9900,1.5,1.0
2017,6,2,19,60,57.58,837.27,0.00,0.00,0.00,10,24.9,22.4,86,1000.4,210,1.3,-9900,-9900,1.0,1.0
2017,6,2,20,60,0.00,0.00,0.00,0.00,0.00,10,24.5,22.5,89,1000.9,20,1.0,-9900,-9900,0.5,1.0
2017,6,2,21,60,0.00,0.00,0.00,0.00,0.00,10,24.3,22.0,87,1000.9,100,1.9,-9900,-9900,0.5,1.0
2017,6,2,22,60,0.00,0.00,0.00,0.00,0.00,10,24.5,22.1,87,1002.0,130,1.6,-9900,-9900,0.5,1.0
2017,6,2,23,60,0.00,0.00,0.00,0.00,0.00,10,24.0,22.1,89,1001.4,90,0.9,-9900,-9900,4.5,1.0
2017,6,2,24,60,0.00,0.00,0.00,0.00,0.00,10,24.2,22.1,88,1000.9,200,0.5,-9900,-9900,1.5,0.5
2017,6,3,1,60,0.00,0.00,0.00,0.00,0.00,10,24.2,22.1,88,1000.7,190,0.6,-9900,-9900,0.0,0.0
2017,6,3,2,60,0.00,0.00,0.00,0.00,0.00,10,24.3,22.3,89,1000.1,100,1.1,-9900,-9900,0.0,0.0
2017,6,3,3,60,0.00,0.00,0.00,0.00,0.00,10,24.4,22.4,89,1000.3,100,0.8,-9900,-9900,0.0,0.0
2017,6,3,4,60,0.00,0.00,0.00,0.00,0.00,10,24.4,22.5,89,1000.5,0,0.0,-9900,-9900,0.0,0.0
2017,6,3,5,60,0.00,0.00,0.00,0.00,0.00,10,24.4,22.5,89,1000.9,130,0.7,-9900,-9900,0.0,0.0
2017,6,3,6,60,101.57,1111.40,0.00,0.00,0.00,10,24.6,22.6,89,1001.2,70,1.3,-9900,-9900,0.0,0.0
2017,6,3,7,60,385.99,1327.21,36.11,1.55,35.66,10,25.2,22.8,87,1001.5,70,1.6,-9900,-9900,0.0,0.0
2017,6,3,8,60,662.06,1327.21,55.56,1.32,54.90,10,25.5,22.9,86,1001.8,70,1.8,15,2,0.0,0.0
2017,6,3,9,60,907.53,1327.21,166.67,4.84,163.36,10,25.5,23.1,87,1001.9,50,1.4,15,2,1.3,0.4
2017,6,3,10,60,1105.69,1327.21,119.44,1.97,117.80,10,25.8,22.9,84,1001.9,50,2.8,-9900,-9900,0.0,1.0
2017,6,3,11,60,1243.02,1327.21,47.22,0.41,46.84,10,25.5,22.7,85,1001.5,50,3.4,7,0,0.2,1.0
2017,6,3,12,60,1310.17,1327.21,16.67,0.10,16.57,10,25.1,22.3,84,1001.3,40,2.4,-9900,-9900,1.5,1.0
2017,6,3,13,60,1302.56,1327.21,77.78,0.78,77.01,10,25.2,23.1,88,1000.7,40,1.6,-9900,-9900,3.0,1.0
2017,6,3,14,60,1220.70,1327.21,13.89,0.09,13.81,10,24.7,22.3,87,1000.3,70,2.2,5,1,4.0,1.0
2017,6,3,15,60,1070.19,1327.21,2.78,0.01,2.77,10,24.4,22.4,89,1000.3,60,2.0,-9900,-9900,6.5,1.0
2017,6,3,16,60,861.27,1327.21,152.31,4.53,149.37,10,24.2,22.4,90,999.6,40,2.4,-9900,-9900,18.0,1.0
2017,6,3,17,60,608.18,1327.21,0.00,0.00,0.00,10,24.3,22.6,90,1001.1,20,1.3,1,0,26.5,1.0
2017,6,3,18,60,328.17,1327.21,0.00,0.00,0.00,10,24.1,22.4,90,1000.2,60,2.6,-9900,-9900,30.0,1.0
2017,6,3,19,60,58.38,843.33,0.00,0.00,0.00,10,24.2,22.4,90,1001.2,80,2.0,-9900,-9900,32.5,1.0
2017,6,3,20,60,0.00,0.00,0.00,0.00,0.00,10,23.7,22.0,90,1002.2,120,1.1,-9900,-9900,25.5,1.0
2017,6,3,21,60,0.00,0.00,0.00,0.00,0.00,10,23.9,22.1,90,1002.3,160,1.0,-9900,-9900,10.0,1.0
2017,6,3,22,60,0.00,0.00,0.00,0.00,0.00,10,24.2,22.4,90,1001.4,30,1.3,-9900,-9900,0.5,0.9
2017,6,3,23,60,0.00,0.00,0.00,0.00,0.00,10,24.0,22.3,90,1000.3,20,1.6,-9900,-9900,0.0,0.0
2017,6,3,24,60,0.00,0.00,0.00,0.00,0.00,10,24.3,22.5,90,1000.1,150,0.8,-9900,-9900,0.0,0.0
2017,6,4,1,60,0.00,0.00,0.00,0.00,0.00,10,24.0,22.5,91,1000.2,130,0.3,-9900,-9900,0.0,0.0
2017,6,4,2,60,0.00,0.00,0.00,0.00,0.00,10,24.0,22.6,92,1000.1,210,0.5,-9900,-9900,0.0,0.0
2017,6,4,3,60,0.00,0.00,0.00,0.00,0.00,10,24.0,22.8,93,1000.3,0,0.0,-9900,-9900,0.0,0.0
2017,6,4,4,60,0.00,0.00,0.00,0.00,0.00,10,24.0,22.6,92,1000.3,150,0.9,-9900,-9900,1.5,0.2
2017,6,4,5,60,0.00,0.00,0.00,0.00,0.00,10,23.8,22.3,91,1000.8,160,0.8,-9900,-9900,7.5,0.9
2017,6,4,6,60,102.54,1117.08,0.00,0.00,0.00,10,23.8,22.3,91,1001.3,80,1.1,-9900,-9900,0.0,0.0
2017,6,4,7,60,386.84,1326.85,0.00,0.00,0.00,10,24.0,22.8,93,1001.9,140,0.3,-9900,-9900,0.0,0.0
2017,6,4,8,60,662.60,1326.85,0.00,0.00,0.00,10,24.6,23.4,93,1002.3,0,0.0,4,1,0.0,0.0
2017,6,4,9,60,907.78,1326.85,83.33,1.52,82.29,10,25.3,24.1,93,1002.5,50,0.3,4,1,0.1,0.4
2017,6,4,10,60,1105.71,1326.85,144.44,2.70,142.19,10,26.2,25.0,93,1002.2,0,0.0,-9900,-9900,0.0,0.0
2017,6,4,11,60,1242.89,1326.85,188.89,3.49,185.62,10,26.5,24.9,91,1002.3,300,0.9,12,1,0.0,0.0
2017,6,4,12,60,1309.96,1326.85,238.89,4.78,234.17,10,27.2,25.0,88,1002.2,290,1.9,-9900,-9900,0.0,0.0
2017,6,4,13,60,1302.36,1326.85,188.89,3.22,185.73,10,26.7,24.6,88,1002.1,310,0.5,-9900,-9900,0.6,0.8
2017,6,4,14,60,1220.60,1326.85,47.22,0.41,46.84,10,26.7,24.2,86,1002.0,290,0.8,10,0,0.0,0.1
2017,6,4,15,60,1070.25,1326.85,72.22,0.94,71.46,10,26.8,24.0,85,1002.2,280,0.5,-9900,-9900,0.0,0.0
2017,6,4,16,60,861.57,1326.85,63.89,1.08,63.19,10,26.1,23.9,88,1002.2,0,0.0,-9900,-9900,0.9,0.9
2017,6,4,17,60,608.77,1326.85,2.78,0.02,2.77,10,25.6,23.8,90,1002.7,280,0.5,8,1,2.5,1.0
2017,6,4,18,60,329.09,1326.85,0.00,0.00,0.00,10,25.4,23.9,91,1003.0,30,1.1,-9900,-9900,4.0,1.0
2017,6,4,19,60,59.14,849.08,0.00,0.00,0.00,10,25.4,23.7,90,1003.8,80,1.0,-9900,-9900,0.4,0.6
2017,6,4,20,60,0.00,0.00,0.00,0.00,0.00,10,25.0,23.0,89,1004.5,70,1.6,-9900,-9900,0.0,0.0
2017,6,4,21,60,0.00,0.00,0.00,0.00,0.00,10,24.9,22.9,89,1004.9,60,2.2,-9900,-9900,0.0,0.0
2017,6,4,22,60,0.00,0.00,0.00,0.00,0.00,10,25.0,23.2,90,1005.3,60,2.1,-9900,-9900,0.0,0.0
2017,6,4,23,60,0.00,0.00,0.00,0.00,0.00,10,25.0,23.1,89,1005.3,60,1.3,-9900,-9900,0.0,0.0
2017,6,4,24,60,0.00,0.00,0.00,0.00,0.00,10,24.9,23.2,90,1005.1,60,0.8,-9900,-9900,0.0,0.0
2017,6,5,1,60,0.00,0.00,0.00,0.00,0.00,10,25.0,23.1,89,1004.5,70,1.1,-9900,-9900,0.0,0.0
2017,6,5,2,60,0.00,0.00,0.00,0.00,0.00,10,25.1,23.1,89,1004.1,60,1.5,-9900,-9900,0.0,0.0
2017,6,5,3,60,0.00,0.00,0.00,0.00,0.00,10,25.1,23.1,89,1003.9,80,1.0,-9900,-9900,0.0,0.0
2017,6,5,4,60,0.00,0.00,0.00,0.00,0.00,10,25.0,23.1,89,1004.1,10,0.8,-9900,-9900,0.0,0.0
2017,6,5,5,60,0.00,0.00,0.00,0.00,0.00,10,25.0,23.2,90,1004.4,100,0.5,-9900,-9900,0.0,0.0
2017,6,5,6,60,103.46,1122.45,0.00,0.00,0.00,10,25.1,23.4,90,1004.7,0,0.0,-9900,-9900,0.0,0.0
2017,6,5,7,60,387.63,1326.50,111.11,21.97,104.69,10,25.7,23.8,89,1005.2,90,0.6,-9900,-9900,0.0,0.0
2017,6,5,8,60,663.08,1326.50,291.67,150.96,216.21,10,27.1,24.3,85,1005.7,120,0.3,10,1,0.0,0.0
2017,6,5,9,60,908.01,1326.50,513.89,368.57,261.60,10,29.0,25.1,80,1005.9,190,0.5,10,1,0.0,0.0
2017,6,5,10,60,1105.72,1326.50,658.33,431.88,298.33,9,30.3,24.9,73,1005.3,0,0.0,-9900,-9900,0.0,0.0
2017,6,5,11,60,1242.74,1326.50,475.00,84.99,395.38,10,30.2,24.4,71,1005.3,310,0.5,10,1,0.0,0.0
2017,6,5,12,60,1309.75,1326.50,536.11,113.27,424.27,10,30.5,24.8,72,1005.0,290,0.5,-9900,-9900,0.0,0.0
2017,6,5,13,60,1302.15,1326.50,330.56,12.07,318.71,10,29.5,24.4,74,1004.7,270,0.8,-9900,-9900,0.0,0.0
2017,6,5,14,60,1220.48,1326.50,333.33,17.26,317.45,10,30.5,24.5,70,1004.3,280,0.5,10,1,0.0,0.0
2017,6,5,15,60,1070.30,1326.50,458.33,135.86,348.71,10,30.9,24.8,70,1004.1,270,1.0,-9900,-9900,0.0,0.0
2017,6,5,16,60,861.85,1326.50,180.56,6.11,176.59,10,29.3,23.8,72,1004.1,330,1.2,-9900,-9900,0.0,0.0
2017,6,5,17,60,609.32,1326.50,100.00,3.98,98.17,10,29.0,23.8,74,1004.4,0,0.0,10,1,0.1,0.6
2017,6,5,18,60,329.94,1326.50,61.11,0.00,61.11,10,28.5,23.8,76,1004.6,40,2.5,-9900,-9900,0.0,0.0
2017,6,5,19,60,59.86,854.52,0.00,0.00,0.00,10,28.2,23.5,76,1005.4,40,1.8,-9900,-9900,0.0,0.0
2017,6,5,20,60,0.00,0.00,0.00,0.00,0.00,10,28.2,23.3,75,1005.9,50,1.1,-9900,-9900,0.0,0.0
2017,6,5,21,60,0.00,0.00,0.00,0.00,0.00,10,27.9,23.3,76,1006.5,80,1.7,-9900,-9900,0.0,0.0
2017,6,5,22,60,0.00,0.00,0.00,0.00,0.00,10,27.8,23.3,77,1007.0,70,1.8,-9900,-9900,0.0,0.0
2017,6,5,23,60,0.00,0.00,0.00,0.00,0.00,10,27.7,23.2,77,1007.1,80,0.6,-9900,-9900,0.0,0.0
2017,6,5,24,60,0.00,0.00,0.00,0.00,0.00,10,27.3,22.9,77,1006.8,120,0.9,-9900,-9900,0.0,0.0
2017,6,6,1,60,0.00,0.00,0.00,0.00,0.00,10,26.9,22.9,79,1006.7,160,1.1,-9900,-9900,0.0,0.0
2017,6,6,2,60,0.00,0.00,0.00,0.00,0.00,10,26.4,22.7,80,1006.3,110,0.5,-9900,-9900,0.0,0.0
2017,6,6,3,60,0.00,0.00,0.00,0.00,0.00,10,26.4,22.6,80,1006.1,130,0.9,-9900,-9900,0.0,0.0
2017,6,6,4,60,0.00,0.00,0.00,0.00,0.00,10,26.4,22.4,79,1006.8,160,1.6,-9900,-9900,0.0,0.0
2017,6,6,5,60,0.00,0.00,0.00,0.00,0.00,10,26.1,22.3,80,1007.2,180,0.7,-9900,-9900,0.0,0.0
2017,6,6,6,60,104.33,1127.51,0.00,0.00,0.00,10,26.5,23.0,81,1007.6,190,0.3,-9900,-9900,0.0,0.0
2017,6,6,7,60,388.38,1326.17,144.44,75.46,122.34,10,27.4,23.4,79,1007.6,200,1.4,-9900,-9900,0.0,0.0
2017,6,6,8,60,663.54,1326.17,255.56,87.78,211.64,10,28.6,24.3,78,1007.6,110,0.4,12,1,0.0,0.0
2017,6,6,9,60,908.21,1326.17,586.11,546.97,211.52,5,30.7,25.3,73,1007.3,30,0.8,12,-9900,0.0,0.0
2017,6,6,10,60,1105.72,1326.17,777.78,688.43,203.79,5,32.3,24.9,65,1007.1,190,0.6,-9900,-9900,0.0,0.0
2017,6,6,11,60,1242.61,1326.17,788.89,522.14,299.65,6,33.3,24.5,60,1006.5,130,0.8,16,-9900,0.0,0.0
2017,6,6,12,60,1309.54,1326.17,788.89,447.45,347.05,7,34.1,25.7,62,1006.2,290,1.6,-9900,-9900,0.0,0.0
2017,6,6,13,60,1301.95,1326.17,397.22,29.96,367.81,9,31.9,25.1,67,1005.8,330,1.6,-9900,-9900,0.0,0.0
2017,6,6,14,60,1220.36,1326.17,297.22,9.99,288.03,9,32.3,25.4,67,1005.3,300,1.6,10,1,0.0,0.0
2017,6,6,15,60,1070.34,1326.17,194.44,4.75,190.61,10,31.1,25.0,70,1005.6,310,0.8,-9900,-9900,0.0,0.0
2017,6,6,16,60,862.10,1326.17,33.33,0.42,33.06,10,30.3,24.3,70,1005.5,340,1.6,-9900,-9900,0.0,0.0
2017,6,6,17,60,609.84,1326.17,0.00,0.00,0.00,10,30.0,24.5,72,1005.9,10,2.0,12,1,0.0,0.0
2017,6,6,18,60,330.75,1326.17,16.67,0.00,16.67,10,29.4,24.2,74,1006.2,80,1.0,-9900,-9900,0.0,0.0
2017,6,6,19,60,60.54,859.64,0.00,0.00,0.00,9,29.4,24.0,73,1006.1,90,1.8,-9900,-9900,0.0,0.0
2017,6,6,20,60,0.00,0.00,0.00,0.00,0.00,9,28.9,24.2,76,1006.8,110,1.1,-9900,-9900,0.0,0.0
2017,6,6,21,60,0.00,0.00,0.00,0.00,0.00,8,29.2,24.5,76,1007.5,130,0.9,-9900,-9900,0.0,0.0
2017,6,6,22,60,0.00,0.00,0.00,0.00,0.00,8,28.6,23.8,75,1007.6,160,1.8,-9900,-9900,0.0,0.0
2017,6,6,23,60,0.00,0.00,0.00,0.00,0.00,8,28.1,23.7,77,1007.1,140,1.9,-9900,-9900,0.0,0.0
2017,6,6,24,60,0.00,0.00,0.00,0.00,0.00,7,27.6,23.5,78,1006.8,140,1.2,-9900,-9900,0.0,0.0
2017,6,7,1,60,0.00,0.00,0.00,0.00,0.00,7,27.5,22.7,75,1006.5,150,2.3,-9900,-9900,0.0,0.0
2017,6,7,2,60,0.00,0.00,0.00,0.00,0.00,6,27.0,22.5,76,1006.3,130,1.3,-9900,-9900,0.0,0.0
2017,6,7,3,60,0.00,0.00,0.00,0.00,0.00,6,26.9,22.2,75,1006.2,160,2.2,-9900,-9900,0.0,0.0
2017,6,7,4,60,0.00,0.00,0.00,0.00,0.00,6,26.4,22.3,78,1006.1,160,1.5,-9900,-9900,0.0,0.0
2017,6,7,5,60,0.00,0.00,0.00,0.00,0.00,5,26.3,22.2,78,1006.4,140,1.3,-9900,-9900,0.0,0.0
2017,6,7,6,60,105.15,1132.24,16.67,0.00,16.67,5,26.5,22.3,78,1007.0,180,0.6,-9900,-9900,0.0,0.0
2017,6,7,7,60,389.07,1325.84,219.44,364.35,112.52,4,27.8,23.1,76,1007.8,150,1.6,-9900,-9900,0.0,0.0
2017,6,7,8,60,663.97,1325.84,400.00,447.37,175.96,4,30.0,24.2,71,1007.9,270,0.3,16,-9900,0.0,0.0
2017,6,7,9,60,908.40,1325.84,458.33,250.57,286.65,6,31.3,24.4,67,1008.0,240,0.4,16,-9900,0.0,0.0
2017,6,7,10,60,1105.71,1325.84,686.11,488.54,278.68,6,32.9,24.5,61,1007.7,240,2.8,-9900,-9900,0.0,0.0
2017,6,7,11,60,1242.46,1325.84,811.11,564.74,281.89,6,33.7,24.5,59,1007.4,360,0.4,26,-9900,0.0,0.0
2017,6,7,12,60,1309.32,1325.84,844.44,545.89,305.35,7,34.0,24.4,57,1006.9,290,1.1,-9900,-9900,0.0,0.0
2017,6,7,13,60,1301.74,1325.84,566.67,144.87,424.43,8,33.0,24.9,63,1006.0,330,1.8,-9900,-9900,0.0,0.0
2017,6,7,14,60,1220.23,1325.84,350.00,22.04,329.72,8,34.5,25.6,60,1005.4,300,2.0,20,1,0.0,0.0
2017,6,7,15,60,1070.36,1325.84,602.78,362.58,310.07,7,32.9,24.9,63,1005.0,320,2.2,-9900,-9900,0.0,0.0
2017,6,7,16,60,862.33,1325.84,416.67,214.73,277.01,7,33.4,25.2,62,1005.8,50,0.8,-9900,-9900,0.0,0.0
2017,6,7,17,60,610.31,1325.84,327.78,310.39,184.90,7,31.5,23.8,64,1005.6,120,0.6,30,-9900,0.0,0.0
2017,6,7,18,60,331.49,1325.84,180.56,0.00,180.56,7,31.5,24.2,65,1006.3,310,0.7,-9900,-9900,0.0,0.0
2017,6,7,19,60,61.19,864.44,8.33,0.00,8.33,7,30.3,23.8,68,1007.2,310,0.6,-9900,-9900,0.0,0.0
2017,6,7,20,60,0.00,0.00,0.00,0.00,0.00,7,30.0,23.4,68,1007.6,0,0.0,-9900,-9900,0.0,0.0
2017,6,7,21,60,0.00,0.00,0.00,0.00,0.00,7,29.2,23.1,70,1008.0,300,0.3,-9900,-9900,0.0,0.0
2017,6,7,22,60,0.00,0.00,0.00,0.00,0.00,7,29.0,23.3,71,1008.5,240,1.2,-9900,-9900,0.0,0.0
2017,6,7,23,60,0.00,0.00,0.00,0.00,0.00,7,28.7,23.9,75,1008.3,120,1.7,-9900,-9900,0.0,0.0
2017,6,7,24,60,0.00,0.00,0.00,0.00,0.00,7,28.4,23.8,76,1007.9,120,0.9,-9900,-9900,0.0,0.0
2017,6,8,1,60,0.00,0.00,0.00,0.00,0.00,7,28.0,24.0,79,1007.7,60,1.1,-9900,-9900,0.0,0.0
2017,6,8,2,60,0.00,0.00,0.00,0.00,0.00,7,27.9,23.5,77,1007.3,140,1.2,-9900,-9900,0.0,0.0
2017,6,8,3,60,0.00,0.00,0.00,0.00,0.00,7,27.7,23.1,76,1007.3,140,0.9,-9900,-9900,0.0,0.0
2017,6,8,4,60,0.00,0.00,0.00,0.00,0.00,7,27.4,23.3,78,1007.4,180,0.4,-9900,-9900,0.0,0.0
2017,6,8,5,60,0.00,0.00,0.00,0.00,0.00,7,27.4,23.1,77,1008.0,200,1.4,-9900,-9900,0.0,0.0
2017,6,8,6,60,105.92,1136.67,0.00,0.00,0.00,7,27.2,22.4,75,1008.2,170,0.8,-9900,-9900,0.0,0.0
2017,6,8,7,60,389.72,1325.53,125.00,38.20,113.77,7,27.7,22.7,74,1008.5,170,1.4,-9900,-9900,0.0,0.0
2017,6,8,8,60,664.36,1325.53,366.67,339.59,196.47,7,29.3,24.5,75,1008.4,100,0.7,11,-9900,0.0,0.0
2017,6,8,9,60,908.56,1325.53,380.56,124.29,295.37,9,30.5,24.2,69,1008.3,170,0.3,12,1,0.0,0.0
2017,6,8,10,60,1105.69,1325.53,708.33,535.49,261.65,8,33.3,25.4,63,1008.2,350,0.7,-9900,-9900,0.0,0.0
2017,6,8,11,60,1242.31,1325.53,450.00,67.12,387.09,9,31.7,24.2,65,1007.9,40,2.2,12,1,0.0,0.0
2017,6,8,12,60,1309.11,1325.53,844.44,546.01,305.20,9,33.4,24.8,61,1007.2,70,1.6,-9900,-9900,0.0,0.0
2017,6,8,13,60,1301.53,1325.53,188.89,3.22,185.73,9,31.5,24.2,65,1006.7,50,1.9,-9900,-9900,0.0,0.0
2017,6,8,14,60,1220.10,1325.53,272.22,7.13,265.66,9,30.7,24.2,68,1006.2,60,4.5,10,1,0.0,0.0
2017,6,8,15,60,1070.37,1325.53,394.44,72.45,335.94,9,30.6,24.3,69,1006.2,40,4.2,-9900,-9900,0.0,0.0
2017,6,8,16,60,862.53,1325.53,263.89,30.35,244.14,9,30.0,23.7,69,1005.9,70,4.1,-9900,-9900,0.0,0.0
2017,6,8,17,60,610.75,1325.53,91.67,3.41,90.10,7,29.9,23.7,69,1006.0,70,1.9,12,1,0.0,0.3
2017,6,8,18,60,332.19,1325.53,61.11,0.00,61.11,7,29.4,23.5,71,1006.1,40,3.1,-9900,-9900,0.0,0.0
2017,6,8,19,60,61.79,868.93,0.00,0.00,0.00,7,28.8,23.6,74,1006.6,50,2.7,-9900,-9900,0.0,0.0
2017,6,8,20,60,0.00,0.00,0.00,0.00,0.00,7,28.7,23.6,74,1006.8,70,1.8,-9900,-9900,0.0,0.0
2017,6,8,21,60,0.00,0.00,0.00,0.00,0.00,6,28.2,23.6,76,1008.0,50,3.3,-9900,-9900,0.0,0.0
2017,6,8,22,60,0.00,0.00,0.00,0.00,0.00,6,28.4,23.6,75,1008.4,60,1.9,-9900,-9900,0.0,0.0
2017,6,8,23,60,0.00,0.00,0.00,0.00,0.00,6,28.1,23.8,78,1008.2,90,2.5,-9900,-9900,0.0,0.0
2017,6,8,24,60,0.00,0.00,0.00,0.00,0.00,6,27.6,23.2,77,1007.7,100,1.5,-9900,-9900,0.0,0.0
2017,6,9,1,60,0.00,0.00,0.00,0.00,0.00,6,27.5,23.2,77,1006.9,130,1.4,-9900,-9900,0.0,0.0
2017,6,9,2,60,0.00,0.00,0.00,0.00,0.00,6,27.1,22.8,77,1006.4,150,1.3,-9900,-9900,0.0,0.0
2017,6,9,3,60,0.00,0.00,0.00,0.00,0.00,6,26.8,22.4,77,1006.2,150,1.3,-9900,-9900,0.0,0.0
2017,6,9,4,60,0.00,0.00,0.00,0.00,0.00,6,26.8,21.8,74,1006.5,150,1.8,-9900,-9900,0.0,0.0
2017,6,9,5,60,0.00,0.00,0.00,0.00,0.00,5,26.7,22.3,77,1006.9,170,0.8,-9900,-9900,0.0,0.0
2017,6,9,6,60,106.63,1140.77,0.00,0.00,0.00,5,26.8,22.2,76,1006.8,140,0.9,-9900,-9900,0.0,0.0
2017,6,9,7,60,390.31,1325.23,122.22,33.99,112.21,5,27.6,22.6,74,1007.1,150,0.6,-9900,-9900,0.0,0.0
2017,6,9,8,60,664.71,1325.23,386.11,399.78,185.59,5,29.5,24.1,73,1007.0,200,0.6,11,-9900,0.0,0.0
2017,6,9,9,60,908.70,1325.23,572.22,509.69,222.73,3,32.1,24.5,64,1007.0,220,0.7,10,-9900,0.0,0.0
2017,6,9,10,60,1105.66,1325.23,786.11,706.60,196.58,4,33.9,24.6,58,1006.6,250,0.8,-9900,-9900,0.0,0.0
2017,6,9,11,60,1242.16,1325.23,775.00,496.18,309.92,8,33.1,25.7,65,1006.8,310,1.9,10,1,0.0,0.0
2017,6,9,12,60,1308.90,1325.23,722.22,339.22,387.18,8,33.0,25.4,64,1006.5,300,1.8,-9900,-9900,0.0,0.0
2017,6,9,13,60,1301.33,1325.23,588.89,168.20,423.72,8,33.0,25.4,64,1006.3,300,2.0,-9900,-9900,0.0,0.0
2017,6,9,14,60,1219.97,1325.23,875.00,721.97,210.37,4,33.0,24.9,63,1006.2,300,3.4,13,-9900,0.0,0.0
2017,6,9,15,60,1070.37,1325.23,730.56,636.60,216.39,6,32.8,24.5,62,1005.8,310,1.2,-9900,-9900,0.0,0.0
2017,6,9,16,60,862.71,1325.23,383.33,156.82,281.24,9,32.4,23.9,61,1005.5,0,0.0,-9900,-9900,0.0,0.0
2017,6,9,17,60,611.16,1325.23,200.00,42.02,180.62,8,31.8,23.2,60,1005.0,220,0.8,15,1,0.0,0.0
2017,6,9,18,60,332.84,1325.23,27.78,0.00,27.78,8,31.2,23.2,63,1005.5,90,1.4,-9900,-9900,0.0,0.0
2017,6,9,19,60,62.35,873.09,0.00,0.00,0.00,7,30.5,23.8,68,1005.9,10,1.5,-9900,-9900,0.0,0.0
2017,6,9,20,60,0.00,0.00,0.00,0.00,0.00,7,29.8,23.9,71,1006.7,20,2.2,-9900,-9900,0.0,0.0
2017,6,9,21,60,0.00,0.00,0.00,0.00,0.00,6,29.0,23.7,73,1007.2,60,1.8,-9900,-9900,0.0,0.0
2017,6,9,22,60,0.00,0.00,0.00,0.00,0.00,6,28.7,23.6,74,1007.7,60,1.8,-9900,-9900,0.0,0.0
2017,6,9,23,60,0.00,0.00,0.00,0.00,0.00,5,28.7,23.5,74,1007.4,120,1.0,-9900,-9900,0.0,0.0
2017,6,9,24,60,0.00,0.00,0.00,0.00,0.00,5,28.5,22.6,70,1006.7,150,0.9,-9900,-9900,0.0,0.0
2017,6,10,1,60,0.00,0.00,0.00,0.00,0.00,4,27.9,21.9,70,1006.4,180,1.4,-9900,-9900,0.0,0.0
2017,6,10,2,60,0.00,0.00,0.00,0.00,0.00,4,27.8,22.2,72,1006.2,160,1.1,-9900,-9900,0.0,0.0
2017,6,10,3,60,0.00,0.00,0.00,0.00,0.00,3,27.5,21.9,72,1006.0,160,1.1,-9900,-9900,0.0,0.0
2017,6,10,4,60,0.00,0.00,0.00,0.00,0.00,3,26.9,21.6,73,1005.7,100,0.7,-9900,-9900,0.0,0.0
2017,6,10,5,60,0.00,0.00,0.00,0.00,0.00,2,26.9,21.5,72,1005.9,150,1.4,-9900,-9900,0.0,0.0
2017,6,10,6,60,107.29,1144.54,19.44,0.00,19.44,2,26.5,21.3,73,1006.0,160,1.9,-9900,-9900,0.0,0.0
2017,6,10,7,60,390.85,1324.94,191.67,226.34,124.90,1,27.9,22.4,72,1006.0,160,1.3,-9900,-9900,0.0,0.0
2017,6,10,8,60,665.03,1324.94,400.00,444.92,176.68,1,29.6,23.5,70,1005.9,130,0.8,15,-9900,0.0,0.0
2017,6,10,9,60,908.82,1324.94,605.56,596.91,196.12,3,31.8,24.2,64,1005.7,190,0.8,15,-9900,0.0,0.0
2017,6,10,10,60,1105.61,1324.94,608.33,336.03,327.93,4,32.8,24.2,61,1005.7,280,1.3,-9900,-9900,0.0,0.0
2017,6,10,11,60,1242.00,1324.94,691.67,349.51,364.04,7,33.0,25.4,64,1005.6,280,1.1,18,1,0.0,0.0
2017,6,10,12,60,1308.68,1324.94,541.67,118.39,424.73,9,33.1,25.5,64,1005.5,310,0.9,-9900,-9900,0.0,0.0
2017,6,10,13,60,1301.12,1324.94,519.44,102.04,419.23,9,32.3,25.8,69,1004.8,330,2.5,-9900,-9900,0.0,0.0
2017,6,10,14,60,1219.83,1324.94,197.22,3.88,193.65,9,31.3,24.9,69,1004.4,340,1.6,15,1,0.0,0.0
2017,6,10,15,60,1070.35,1324.94,97.22,1.49,96.02,10,30.6,24.5,70,1004.4,60,2.0,-9900,-9900,0.0,0.0
2017,6,10,16,60,862.87,1324.94,152.78,4.55,149.82,10,28.2,24.4,80,1004.6,90,2.1,-9900,-9900,0.0,0.9
2017,6,10,17,60,611.51,1324.94,52.78,1.37,52.15,10,27.7,24.7,84,1004.7,110,1.8,6,0,4.5,1.0
2017,6,10,18,60,333.43,1324.94,61.11,0.00,61.11,10,28.3,25.2,83,1004.4,70,1.5,-9900,-9900,0.0,0.5
2017,6,10,19,60,62.88,876.93,0.00,0.00,0.00,9,28.4,25.1,82,1004.7,120,1.7,-9900,-9900,0.0,0.0
2017,6,10,20,60,0.00,0.00,0.00,0.00,0.00,9,28.4,25.2,83,1004.8,140,0.8,-9900,-9900,0.0,0.0
2017,6,10,21,60,0.00,0.00,0.00,0.00,0.00,8,28.2,24.7,81,1005.0,100,0.9,-9900,-9900,0.0,0.0
2017,6,10,22,60,0.00,0.00,0.00,0.00,0.00,8,28.1,24.8,82,1005.4,140,0.9,-9900,-9900,0.0,0.0
2017,6,10,23,60,0.00,0.00,0.00,0.00,0.00,7,27.8,24.3,81,1005.1,90,1.1,-9900,-9900,0.0,0.0
2017,6,10,24,60,0.00,0.00,0.00,0.00,0.00,7,27.7,24.4,82,1004.9,160,1.1,-9900,-9900,0.0,0.0
2017,6,11,1,60,0.00,0.00,0.00,0.00,0.00,6,27.3,23.7,81,1004.4,150,1.6,-9900,-9900,0.0,0.0
2017,6,11,2,60,0.00,0.00,0.00,0.00,0.00,6,27.2,23.8,82,1003.9,150,1.3,-9900,-9900,0.0,0.0
2017,6,11,3,60,0.00,0.00,0.00,0.00,0.00,5,27.0,23.3,80,1003.5,170,1.2,-9900,-9900,0.0,0.0
2017,6,11,4,60,0.00,0.00,0.00,0.00,0.00,5,26.8,23.1,80,1003.5,150,1.5,-9900,-9900,0.0,0.0
2017,6,11,5,60,0.00,0.00,0.00,0.00,0.00,4,26.5,23.1,82,1003.6,150,0.7,-9900,-9900,0.0,0.0
2017,6,11,6,60,107.90,1148.00,22.22,0.00,22.22,4,26.8,23.2,81,1004.4,90,0.7,-9900,-9900,0.0,0.0
2017,6,11,7,60,391.34,1324.67,222.22,372.01,112.32,3,28.2,24.1,78,1004.7,170,0.8,-9900,-9900,0.0,0.0
2017,6,11,8,60,665.31,1324.67,427.78,540.73,156.20,3,30.1,24.7,73,1004.9,180,0.9,10,-9900,0.0,0.0
2017,6,11,9,60,908.92,1324.67,622.22,641.32,182.18,7,31.9,25.4,69,1004.6,290,0.3,10,1,0.0,0.0
2017,6,11,10,60,1105.57,1324.67,672.22,459.59,288.65,7,33.3,25.6,64,1004.7,250,0.9,-9900,-9900,0.0,0.0
2017,6,11,11,60,1241.85,1324.67,800.00,543.63,290.36,9,33.7,25.9,64,1004.6,280,1.9,13,1,0.0,0.0
2017,6,11,12,60,1308.49,1324.67,650.00,236.96,415.93,7,33.2,25.9,66,1004.3,310,2.6,-9900,-9900,0.0,0.0
2017,6,11,13,60,1300.94,1324.67,525.00,106.70,420.21,7,32.6,25.5,66,1003.9,310,1.7,-9900,-9900,0.0,0.0
2017,6,11,14,60,1219.71,1324.67,219.44,4.67,215.14,10,31.6,25.1,69,1003.5,350,1.7,13,1,0.0,0.0
2017,6,11,15,60,1070.34,1324.67,50.00,0.54,49.56,10,27.6,23.5,78,1004.0,110,4.4,-9900,-9900,2.2,0.2
2017,6,11,16,60,863.01,1324.67,69.44,1.23,68.64,10,26.7,23.2,81,1004.1,170,2.2,-9900,-9900,1.1,1.0
2017,6,11,17,60,611.85,1324.67,58.33,1.60,57.59,10,26.8,23.5,82,1003.7,160,1.6,15,-9900,0.5,0.5
2017,6,11,18,60,333.96,1324.67,0.00,0.00,0.00,10,27.2,23.8,82,1004.6,160,2.4,-9900,-9900,0.0,0.0
2017,6,11,19,60,63.35,880.44,0.00,0.00,0.00,10,26.4,23.6,85,1005.4,140,0.9,-9900,-9900,2.7,0.8
2017,6,11,20,60,0.00,0.00,0.00,0.00,0.00,10,26.0,23.5,86,1005.6,180,0.9,-9900,-9900,1.5,1.0
2017,6,11,21,60,0.00,0.00,0.00,0.00,0.00,9,26.2,23.4,85,1005.6,140,1.1,-9900,-9900,0.1,1.0
2017,6,11,22,60,0.00,0.00,0.00,0.00,0.00,9,26.2,23.8,87,1006.1,190,0.6,-9900,-9900,0.2,0.7
2017,6,11,23,60,0.00,0.00,0.00,0.00,0.00,9,26.2,23.1,83,1006.1,150,1.9,-9900,-9900,0.0,0.0
2017,6,11,24,60,0.00,0.00,0.00,0.00,0.00,9,26.2,22.4,80,1005.3,160,2.2,-9900,-9900,0.0,0.0
2017,6,12,1,60,0.00,0.00,0.00,0.00,0.00,9,25.7,22.5,83,1005.0,140,1.7,-9900,-9900,0.0,0.0
2017,6,12,2,60,0.00,0.00,0.00,0.00,0.00,9,25.7,22.7,84,1004.7,150,1.1,-9900,-9900,0.0,0.0
2017,6,12,3,60,0.00,0.00,0.00,0.00,0.00,9,25.9,23.0,84,1005.0,140,0.4,-9900,-9900,0.0,0.0
2017,6,12,4,60,0.00,0.00,0.00,0.00,0.00,9,25.8,22.6,83,1004.8,170,1.0,-9900,-9900,0.0,0.0
2017,6,12,5,60,0.00,0.00,0.00,0.00,0.00,8,25.6,21.9,80,1004.8,160,1.2,-9900,-9900,0.0,0.0
2017,6,12,6,60,108.45,1151.13,0.00,0.00,0.00,8,26.1,22.1,79,1005.3,160,1.3,-9900,-9900,0.0,0.0
2017,6,12,7,60,391.79,1324.41,86.11,6.79,84.10,8,26.7,22.8,79,1005.7,150,1.4,-9900,-9900,0.0,0.0
2017,6,12,8,60,665.56,1324.41,277.78,122.40,216.27,8,28.8,24.0,75,1006.0,150,1.9,45,4,0.0,0.0
2017,6,12,9,60,909.00,1324.41,400.00,150.94,296.40,8,30.5,24.4,70,1006.1,150,0.9,30,-9900,0.0,0.0
2017,6,12,10,60,1105.51,1324.41,488.89,153.87,360.45,8,32.3,25.4,67,1005.9,200,0.9,-9900,-9900,0.0,0.0
2017,6,12,11,60,1241.70,1324.41,580.56,190.08,402.35,8,32.4,25.2,66,1005.3,240,0.6,30,1,0.0,0.0
2017,6,12,12,60,1308.29,1324.41,636.11,219.40,419.38,8,34.5,26.3,63,1004.9,330,0.8,-9900,-9900,0.0,0.0
2017,6,12,13,60,1300.74,1324.41,686.11,291.80,399.52,8,32.6,25.8,68,1004.1,300,1.0,-9900,-9900,0.0,0.0
2017,6,12,14,60,1219.57,1324.41,316.67,13.43,304.30,10,29.3,25.2,79,1004.1,290,2.5,4,3,4.0,0.2
2017,6,12,15,60,1070.31,1324.41,72.22,0.94,71.46,10,27.7,24.8,84,1004.0,170,2.2,-9900,-9900,8.5,1.0
2017,6,12,16,60,863.12,1324.41,22.22,0.25,22.06,10,27.0,24.1,84,1004.5,90,2.8,-9900,-9900,2.0,1.0
2017,6,12,17,60,612.13,1324.41,44.44,1.04,43.96,10,25.4,21.8,81,1005.7,130,2.5,7,0,1.5,1.0
2017,6,12,18,60,334.45,1324.41,0.00,0.00,0.00,10,25.1,22.2,84,1006.5,340,0.8,-9900,-9900,3.0,1.0
2017,6,12,19,60,63.79,883.63,0.00,0.00,0.00,10,25.2,22.1,83,1006.2,150,1.8,-9900,-9900,3.5,1.0
2017,6,12,20,60,0.00,0.00,0.00,0.00,0.00,9,25.3,22.9,87,1006.4,10,0.9,-9900,-9900,0.0,0.3
2017,6,12,21,60,0.00,0.00,0.00,0.00,0.00,9,25.6,23.1,86,1006.1,180,1.3,-9900,-9900,0.0,0.0
2017,6,12,22,60,0.00,0.00,0.00,0.00,0.00,9,25.6,22.8,85,1006.6,140,1.5,-9900,-9900,0.0,0.0
2017,6,12,23,60,0.00,0.00,0.00,0.00,0.00,9,25.5,23.1,87,1007.1,150,0.6,-9900,-9900,0.0,0.0
2017,6,12,24,60,0.00,0.00,0.00,0.00,0.00,9,25.4,22.9,86,1007.2,110,1.0,-9900,-9900,0.0,0.0
2017,6,13,1,60,0.00,0.00,0.00,0.00,0.00,8,25.5,22.9,86,1006.5,160,1.1,-9900,-9900,0.0,0.0
2017,6,13,2,60,0.00,0.00,0.00,0.00,0.00,8,25.4,22.6,85,1005.9,120,0.5,-9900,-9900,0.0,0.0
2017,6,13,3,60,0.00,0.00,0.00,0.00,0.00,8,25.4,22.4,83,1005.8,130,0.8,-9900,-9900,0.0,0.0
2017,6,13,4,60,0.00,0.00,0.00,0.00,0.00,8,25.4,22.1,82,1005.5,150,2.3,-9900,-9900,0.0,0.0
2017,6,13,5,60,0.00,0.00,0.00,0.00,0.00,8,25.4,22.4,83,1005.8,0,0.0,-9900,-9900,0.0,0.0
2017,6,13,6,60,108.95,1153.93,8.33,0.00,8.33,7,25.8,22.3,81,1006.2,160,1.2,-9900,-9900,0.0,0.0
2017,6,13,7,60,392.18,1324.16,205.56,285.54,120.99,7,26.9,23.3,81,1006.5,0,0.0,-9900,-9900,0.0,0.0
2017,6,13,8,60,665.78,1324.16,275.00,117.32,216.01,7,29.0,24.7,78,1006.4,140,0.8,28,1,0.0,0.0
2017,6,13,9,60,909.06,1324.16,569.44,501.56,225.11,7,30.9,25.2,72,1006.0,70,0.8,30,1,0.0,0.0
2017,6,13,10,60,1105.45,1324.16,636.11,387.84,312.33,8,32.3,24.7,64,1005.6,60,1.0,-9900,-9900,0.0,0.0
2017,6,13,11,60,1241.55,1324.16,672.22,318.47,373.62,9,32.7,24.4,62,1005.8,10,1.0,30,1,0.0,0.0
2017,6,13,12,60,1308.10,1324.16,427.78,41.87,386.42,9,32.1,24.2,63,1005.0,340,0.9,-9900,-9900,0.0,0.0
2017,6,13,13,60,1300.55,1324.16,391.67,28.05,364.12,9,33.2,25.0,62,1004.7,310,1.1,-9900,-9900,0.0,0.0
2017,6,13,14,60,1219.43,1324.16,216.67,4.56,212.47,10,30.2,24.7,72,1004.1,320,2.2,20,1,0.0,0.1
2017,6,13,15,60,1070.27,1324.16,69.44,0.88,68.73,10,27.3,24.3,84,1004.8,20,2.2,-9900,-9900,12.5,1.0
2017,6,13,16,60,863.21,1324.16,69.44,1.23,68.64,10,25.7,22.7,84,1004.4,40,3.0,-9900,-9900,16.5,1.0
2017,6,13,17,60,612.38,1324.16,138.89,7.52,135.41,10,25.6,23.1,86,1004.6,10,2.8,20,1,6.5,1.0
2017,6,13,18,60,334.87,1324.16,41.67,0.00,41.67,10,26.3,23.5,85,1004.4,80,0.5,-9900,-9900,0.0,0.2
2017,6,13,19,60,64.18,886.48,0.00,0.00,0.00,10,26.7,24.1,86,1004.5,70,1.2,-9900,-9900,0.0,0.0
2017,6,13,20,60,0.00,0.00,0.00,0.00,0.00,10,26.9,24.2,85,1004.5,0,0.0,-9900,-9900,0.0,0.0
2017,6,13,21,60,0.00,0.00,0.00,0.00,0.00,10,26.8,24.0,85,1004.7,60,0.8,-9900,-9900,0.0,0.0
2017,6,13,22,60,0.00,0.00,0.00,0.00,0.00,10,27.1,24.2,84,1004.8,150,0.8,-9900,-9900,0.0,0.0
2017,6,13,23,60,0.00,0.00,0.00,0.00,0.00,10,26.9,23.9,84,1004.8,110,1.2,-9900,-9900,0.0,0.0
2017,6,13,24,60,0.00,0.00,0.00,0.00,0.00,10,26.5,23.7,85,1004.2,130,0.8,-9900,-9900,0.0,0.0
2017,6,14,1,60,0.00,0.00,0.00,0.00,0.00,10,26.6,23.6,84,1003.3,140,1.1,-9900,-9900,0.0,0.0
2017,6,14,2,60,0.00,0.00,0.00,0.00,0.00,10,26.6,23.3,82,1002.3,120,0.8,-9900,-9900,0.0,0.0
2017,6,14,3,60,0.00,0.00,0.00,0.00,0.00,10,26.4,23.1,82,1002.4,90,1.1,-9900,-9900,0.0,0.0
2017,6,14,4,60,0.00,0.00,0.00,0.00,0.00,10,26.5,23.1,82,1002.4,100,0.8,-9900,-9900,0.0,0.0
2017,6,14,5,60,0.00,0.00,0.00,0.00,0.00,10,26.5,23.2,82,1002.2,90,0.5,-9900,-9900,0.0,0.5
2017,6,14,6,60,109.39,1156.40,0.00,0.00,0.00,10,26.2,23.5,85,1003.0,0,0.0,-9900,-9900,0.0,1.0
2017,6,14,7,60,392.53,1323.92,0.00,0.00,0.00,10,25.9,23.4,86,1004.4,310,0.7,-9900,-9900,2.0,1.0
2017,6,14,8,60,665.96,1323.92,0.00,0.00,0.00,10,25.3,22.6,85,1004.5,270,2.8,5,1,7.0,1.0
2017,6,14,9,60,909.10,1323.92,5.56,0.04,5.53,10,25.3,22.6,85,1005.1,230,3.1,4,1,9.5,1.0
2017,6,14,10,60,1105.37,1323.92,72.22,0.89,71.48,10,25.7,22.5,83,1004.7,240,3.2,-9900,-9900,4.5,1.0
2017,6,14,11,60,1241.40,1323.92,47.22,0.41,46.84,10,25.1,22.4,85,1003.8,280,2.0,9,5,2.5,1.0
2017,6,14,12,60,1307.91,1323.92,16.67,0.10,16.57,10,24.8,22.3,86,1003.5,290,0.4,-9900,-9900,4.0,1.0
2017,6,14,13,60,1300.37,1323.92,116.67,1.46,115.24,10,25.0,22.6,87,1004.0,290,0.7,-9900,-9900,4.0,1.0
2017,6,14,14,60,1219.30,1323.92,187.14,3.54,183.88,10,24.7,22.5,88,1004.0,280,0.7,3,1,8.0,1.0
2017,6,14,15,60,1070.21,1323.92,5.56,0.04,5.53,10,24.5,22.2,87,1004.5,190,4.4,-9900,-9900,14.0,1.0
2017,6,14,16,60,863.28,1323.92,105.56,2.41,103.99,10,25.1,22.7,87,1004.7,280,1.5,-9900,-9900,1.5,1.0
2017,6,14,17,60,612.60,1323.92,86.11,3.05,84.70,10,25.1,22.6,86,1005.0,0,0.0,11,0,0.0,0.9
2017,6,14,18,60,335.26,1323.92,0.00,0.00,0.00,10,24.8,22.2,85,1005.6,170,1.2,-9900,-9900,0.1,0.3
2017,6,14,19,60,64.53,888.99,0.00,0.00,0.00,10,24.3,22.1,88,1006.4,160,0.6,-9900,-9900,2.0,1.0
2017,6,14,20,60,0.00,0.00,0.00,0.00,0.00,10,24.0,21.8,88,1006.6,90,1.3,-9900,-9900,0.5,1.0
2017,6,14,21,60,0.00,0.00,0.00,0.00,0.00,10,24.0,21.3,85,1006.4,50,2.4,-9900,-9900,0.0,1.0
2017,6,14,22,60,0.00,0.00,0.00,0.00,0.00,10,23.5,21.1,86,1006.8,50,2.0,-9900,-9900,2.5,1.0
2017,6,14,23,60,0.00,0.00,0.00,0.00,0.00,10,23.5,21.0,86,1006.5,60,1.4,-9900,-9900,0.5,1.0
2017,6,14,24,60,0.00,0.00,0.00,0.00,0.00,10,23.0,20.3,85,1006.0,50,2.4,-9900,-9900,0.0,1.0
2017,6,15,1,60,0.00,0.00,0.00,0.00,0.00,10,23.3,20.8,86,1005.6,80,1.3,-9900,-9900,0.0,1.0
2017,6,15,2,60,0.00,0.00,0.00,0.00,0.00,10,22.6,20.2,86,1005.6,50,1.8,-9900,-9900,0.5,1.0
2017,6,15,3,60,0.00,0.00,0.00,0.00,0.00,10,22.6,20.0,85,1005.3,80,2.4,-9900,-9900,0.0,1.0
2017,6,15,4,60,0.00,0.00,0.00,0.00,0.00,10,22.7,20.2,86,1005.6,110,1.9,-9900,-9900,0.5,1.0
2017,6,15,5,60,0.00,0.00,0.00,0.00,0.00,10,22.4,19.9,86,1005.8,90,2.2,-9900,-9900,0.0,1.0
2017,6,15,6,60,109.77,1158.54,0.00,0.00,0.00,10,22.5,20.1,86,1006.1,120,2.2,-9900,-9900,0.5,1.0
2017,6,15,7,60,392.82,1323.70,0.00,0.00,0.00,10,22.3,19.9,86,1006.3,60,3.3,-9900,-9900,0.5,1.0
2017,6,15,8,60,666.12,1323.70,0.00,0.00,0.00,10,22.0,19.6,86,1006.7,70,2.6,4,1,0.5,1.0
2017,6,15,9,60,909.13,1323.70,102.79,2.13,101.33,10,22.1,19.8,87,1006.7,50,2.3,4,1,2.5,1.0
2017,6,15,10,60,1105.30,1323.70,86.11,1.16,85.14,10,22.2,20.0,87,1006.8,50,2.6,-9900,-9900,4.0,1.0
2017,6,15,11,60,1241.25,1323.70,144.44,2.22,142.36,10,22.7,20.7,88,1006.7,40,2.3,3,1,2.5,1.0
2017,6,15,12,60,1307.73,1323.70,161.11,2.44,158.70,10,23.0,20.7,87,1006.1,60,1.8,-9900,-9900,0.5,1.0
2017,6,15,13,60,1300.19,1323.70,130.56,1.74,128.85,10,22.9,21.1,90,1005.7,40,0.9,-9900,-9900,2.5,1.0
2017,6,15,14,60,1219.15,1323.70,166.67,2.91,163.99,10,23.2,21.2,89,1005.3,90,1.2,3,3,5.0,1.0
2017,6,15,15,60,1070.15,1323.70,30.56,0.27,30.34,10,23.0,20.7,87,1005.2,50,3.5,-9900,-9900,5.5,1.0
2017,6,15,16,60,863.33,1323.70,94.04,1.99,92.74,10,22.8,20.7,88,1004.8,60,2.7,-9900,-9900,6.5,1.0
2017,6,15,17,60,612.78,1323.70,0.00,0.00,0.00,10,22.7,20.5,87,1004.7,70,2.4,3,1,3.5,1.0
2017,6,15,18,60,335.58,1323.70,0.00,0.00,0.00,10,22.5,20.3,87,1005.0,30,2.3,-9900,-9900,3.0,1.0
2017,6,15,19,60,64.83,891.18,0.00,0.00,0.00,10,22.7,20.4,87,1005.1,50,3.7,-9900,-9900,2.0,1.0
2017,6,15,20,60,0.00,0.00,0.00,0.00,0.00,10,22.5,20.3,87,1005.7,70,3.1,-9900,-9900,1.5,1.0
2017,6,15,21,60,0.00,0.00,0.00,0.00,0.00,10,22.3,20.1,87,1006.0,50,3.3,-9900,-9900,1.5,1.0
2017,6,15,22,60,0.00,0.00,0.00,0.00,0.00,10,22.3,20.3,88,1006.0,70,1.7,-9900,-9900,2.0,1.0
2017,6,15,23,60,0.00,0.00,0.00,0.00,0.00,10,22.4,20.5,89,1005.9,80,0.9,-9900,-9900,2.0,1.0
2017,6,15,24,60,0.00,0.00,0.00,0.00,0.00,10,22.4,20.5,89,1004.9,80,1.8,-9900,-9900,1.0,1.0
2017,6,16,1,60,0.00,0.00,0.00,0.00,0.00,10,22.3,20.7,91,1004.2,60,0.9,-9900,-9900,7.0,1.0
2017,6,16,2,60,0.00,0.00,0.00,0.00,0.00,10,22.5,20.8,90,1003.4,110,0.9,-9900,-9900,2.0,1.0
2017,6,16,3,60,0.00,0.00,0.00,0.00,0.00,10,22.6,20.9,90,1003.3,180,0.6,-9900,-9900,1.0,1.0
2017,6,16,4,60,0.00,0.00,0.00,0.00,0.00,10,22.6,21.0,91,1003.0,30,0.8,-9900,-9900,0.0,0.1
2017,6,16,5,60,0.00,0.00,0.00,0.00,0.00,10,22.8,21.2,91,1002.9,130,0.8,-9900,-9900,0.0,0.0
2017,6,16,6,60,110.09,1160.35,0.00,0.00,0.00,10,22.7,21.2,91,1002.9,0,0.0,-9900,-9900,0.5,0.4
2017,6,16,7,60,393.06,1323.49,0.00,0.00,0.00,10,23.0,21.5,91,1003.5,100,0.4,-9900,-9900,1.0,1.0
2017,6,16,8,60,666.24,1323.49,0.00,0.00,0.00,10,23.2,21.7,91,1003.7,70,1.1,20,1,0.0,1.0
2017,6,16,9,60,909.14,1323.49,25.00,0.26,24.82,10,23.4,21.6,90,1004.1,70,1.1,15,1,0.5,1.0
2017,6,16,10,60,1105.21,1323.49,125.00,2.12,123.23,10,25.0,23.5,91,1003.7,20,0.7,-9900,-9900,0.0,1.0
2017,6,16,11,60,1241.11,1323.49,155.56,2.52,153.20,10,25.7,23.4,87,1003.5,260,1.0,6,1,1.0,1.0
2017,6,16,12,60,1307.56,1323.49,186.11,3.12,183.03,10,26.0,24.1,89,1003.3,270,0.3,-9900,-9900,1.0,1.0
2017,6,16,13,60,1300.02,1323.49,252.78,5.34,247.53,10,26.3,24.5,90,1002.6,340,1.6,-9900,-9900,0.0,1.0
2017,6,16,14,60,1219.02,1323.49,163.89,2.82,161.29,10,25.3,22.9,87,1002.3,50,2.9,30,0,0.0,1.0
2017,6,16,15,60,1070.09,1323.49,38.89,0.38,38.58,10,24.3,21.8,86,1002.0,50,3.2,-9900,-9900,1.0,1.0
2017,6,16,16,60,863.36,1323.49,5.56,0.05,5.53,10,24.0,22.0,89,1001.6,110,2.6,-9900,-9900,13.0,1.0
2017,6,16,17,60,612.92,1323.49,0.00,0.00,0.00,10,24.1,22.2,89,1001.7,100,1.4,10,1,2.5,1.0
2017,6,16,18,60,335.85,1323.49,0.00,0.00,0.00,10,24.5,22.4,88,1001.6,130,0.3,-9900,-9900,1.5,1.0
2017,6,16,19,60,65.09,893.03,0.00,0.00,0.00,10,24.4,22.5,89,1001.8,60,0.4,-9900,-9900,0.5,1.0
2017,6,16,20,60,0.00,0.00,0.00,0.00,0.00,10,24.2,22.3,89,1001.7,120,1.3,-9900,-9900,0.5,0.7
2017,6,16,21,60,0.00,0.00,0.00,0.00,0.00,10,24.2,22.4,90,1001.8,170,1.0,-9900,-9900,0.0,0.0
2017,6,16,22,60,0.00,0.00,0.00,0.00,0.00,10,24.1,22.3,90,1002.1,130,1.0,-9900,-9900,0.0,0.0
2017,6,16,23,60,0.00,0.00,0.00,0.00,0.00,10,24.1,22.6,91,1001.4,140,0.5,-9900,-9900,0.0,0.0
2017,6,16,24,60,0.00,0.00,0.00,0.00,0.00,10,24.0,22.5,91,1001.2,180,0.9,-9900,-9900,0.0,0.2
2017,6,17,1,60,0.00,0.00,0.00,0.00,0.00,10,23.8,22.2,91,1000.7,140,0.3,-9900,-9900,1.5,0.3
2017,6,17,2,60,0.00,0.00,0.00,0.00,0.00,10,23.7,22.2,91,1000.4,200,0.9,-9900,-9900,0.0,0.0
2017,6,17,3,60,0.00,0.00,0.00,0.00,0.00,10,23.7,22.2,91,1000.0,190,0.5,-9900,-9900,0.0,0.0
2017,6,17,4,60,0.00,0.00,0.00,0.00,0.00,10,23.8,22.4,92,1000.2,200,0.9,-9900,-9900,1.5,0.3
2017,6,17,5,60,0.00,0.00,0.00,0.00,0.00,10,23.7,22.3,92,999.9,110,1.1,-9900,-9900,0.0,0.4
2017,6,17,6,60,110.36,1161.82,0.00,0.00,0.00,10,23.9,22.5,92,999.9,60,0.3,-9900,-9900,0.0,0.0
2017,6,17,7,60,393.26,1323.29,0.00,0.00,0.00,10,24.0,22.6,92,1000.1,180,0.5,-9900,-9900,0.0,0.0
2017,6,17,8,60,666.32,1323.29,0.00,0.00,0.00,10,24.4,22.7,90,1000.7,260,0.3,4,0,1.0,0.6
2017,6,17,9,60,909.13,1323.29,77.78,1.35,76.85,10,24.7,22.7,89,1001.4,260,1.4,4,0,2.5,0.8
2017,6,17,10,60,1105.13,1323.29,38.89,0.37,38.58,10,25.2,23.0,88,1001.5,260,1.3,-9900,-9900,0.0,0.0
2017,6,17,11,60,1240.96,1323.29,5.56,0.03,5.53,10,25.2,23.2,89,1001.6,200,0.4,4,0,0.0,0.2
2017,6,17,12,60,1307.38,1323.29,33.33,0.24,33.09,10,24.5,22.9,91,1001.9,110,2.0,-9900,-9900,4.5,1.0
2017,6,17,13,60,1299.85,1323.29,61.11,0.55,60.57,10,23.4,21.1,87,1001.6,50,3.7,-9900,-9900,2.0,1.0
2017,6,17,14,60,1218.89,1323.29,36.11,0.29,35.84,10,23.1,20.8,87,1001.8,90,3.7,6,0,1.0,1.0
2017,6,17,15,60,1070.01,1323.29,41.67,0.42,41.33,10,23.0,20.8,87,1001.8,90,3.6,-9900,-9900,1.0,1.0
2017,6,17,16,60,863.37,1323.29,11.11,0.11,11.04,10,22.9,21.0,89,1002.1,70,2.7,-9900,-9900,7.5,1.0
2017,6,17,17,60,613.03,1323.29,0.00,0.00,0.00,10,22.9,21.1,90,1002.9,120,1.6,3,3,8.0,1.0
2017,6,17,18,60,336.07,1323.29,0.00,0.00,0.00,10,22.4,20.4,88,1003.0,90,1.9,-9900,-9900,7.5,1.0
2017,6,17,19,60,65.31,894.54,0.00,0.00,0.00,10,22.5,20.5,88,1003.4,80,2.3,-9900,-9900,2.0,1.0
2017,6,17,20,60,0.00,0.00,0.00,0.00,0.00,10,22.4,20.5,89,1004.1,90,1.9,-9900,-9900,1.5,1.0
2017,6,17,21,60,0.00,0.00,0.00,0.00,0.00,10,22.5,20.5,88,1004.3,70,3.1,-9900,-9900,5.0,1.0
2017,6,17,22,60,0.00,0.00,0.00,0.00,0.00,10,22.3,20.4,89,1005.4,100,1.6,-9900,-9900,14.5,1.0
2017,6,17,23,60,0.00,0.00,0.00,0.00,0.00,10,22.5,20.6,89,1004.5,70,2.0,-9900,-9900,1.0,0.7
2017,6,17,24,60,0.00,0.00,0.00,0.00,0.00,10,22.7,20.7,88,1003.8,60,2.3,-9900,-9900,0.0,0.0
2017,6,18,1,60,0.00,0.00,0.00,0.00,0.00,10,22.6,20.8,90,1003.0,50,3.4,-9900,-9900,0.0,0.0
2017,6,18,2,60,0.00,0.00,0.00,0.00,0.00,10,22.8,20.9,89,1002.7,50,3.5,-9900,-9900,0.0,0.0
2017,6,18,3,60,0.00,0.00,0.00,0.00,0.00,10,23.0,21.0,89,1002.4,50,3.3,-9900,-9900,0.0,0.0
2017,6,18,4,60,0.00,0.00,0.00,0.00,0.00,10,23.2,21.1,88,1002.6,50,4.0,-9900,-9900,0.0,0.0
2017,6,18,5,60,0.00,0.00,0.00,0.00,0.00,10,23.2,20.7,86,1002.9,50,3.2,-9900,-9900,0.0,0.3
2017,6,18,6,60,110.57,1162.95,0.00,0.00,0.00,10,23.0,20.8,87,1003.6,60,2.8,-9900,-9900,1.5,1.0
2017,6,18,7,60,393.40,1323.10,0.00,0.00,0.00,10,23.1,21.1,89,1004.2,70,1.8,-9900,-9900,3.5,1.0
2017,6,18,8,60,666.37,1323.10,72.22,1.99,71.22,10,23.4,21.5,89,1003.9,50,2.8,8,1,1.5,1.0
2017,6,18,9,60,909.10,1323.10,13.89,0.13,13.80,10,23.8,21.8,89,1003.6,50,1.8,18,1,0.5,1.0
2017,6,18,10,60,1105.03,1323.10,225.00,5.80,220.16,10,24.7,22.9,90,1003.7,60,2.4,-9900,-9900,0.0,0.4
2017,6,18,11,60,1240.82,1323.10,252.78,5.80,247.34,10,25.9,23.8,88,1003.2,50,3.0,40,1,0.0,0.0
2017,6,18,12,60,1307.22,1323.10,191.67,3.27,188.44,10,25.5,23.2,87,1002.9,60,2.7,-9900,-9900,1.0,0.8
2017,6,18,13,60,1299.69,1323.10,250.00,5.24,244.85,10,26.0,23.9,88,1002.4,50,1.9,-9900,-9900,0.0,1.0
2017,6,18,14,60,1218.75,1323.10,183.33,3.42,180.18,10,26.1,24.0,88,1002.1,50,1.0,25,1,0.0,0.1
2017,6,18,15,60,1069.92,1323.10,91.67,1.35,90.58,10,25.6,23.4,88,1001.9,40,1.0,-9900,-9900,0.5,0.9
2017,6,18,16,60,863.34,1323.10,16.67,0.17,16.56,10,25.1,23.2,89,1002.3,320,0.8,-9900,-9900,2.0,1.0
2017,6,18,17,60,613.09,1323.10,0.00,0.00,0.00,10,24.8,23.2,91,1002.6,330,0.8,5,3,4.5,1.0
2017,6,18,18,60,336.23,1323.10,0.00,0.00,0.00,10,24.6,22.9,90,1003.4,0,0.0,-9900,-9900,2.0,1.0
2017,6,18,19,60,65.47,895.71,0.00,0.00,0.00,10,23.8,21.7,88,1003.0,320,0.9,-9900,-9900,1.5,1.0
2017,6,18,20,60,0.00,0.00,0.00,0.00,0.00,10,23.4,21.6,90,1003.3,330,0.9,-9900,-9900,0.5,0.3
2017,6,18,21,60,0.00,0.00,0.00,0.00,0.00,10,23.4,21.7,90,1003.8,170,0.5,-9900,-9900,0.0,0.0
2017,6,18,22,60,0.00,0.00,0.00,0.00,0.00,10,23.7,21.9,90,1004.4,110,0.8,-9900,-9900,0.0,0.0
2017,6,18,23,60,0.00,0.00,0.00,0.00,0.00,10,23.5,22.0,91,1004.5,50,0.4,-9900,-9900,0.0,0.0
2017,6,18,24,60,0.00,0.00,0.00,0.00,0.00,10,23.6,22.1,91,1004.0,130,0.4,-9900,-9900,0.0,0.0
2017,6,19,1,60,0.00,0.00,0.00,0.00,0.00,10,23.7,22.3,92,1003.6,160,0.8,-9900,-9900,0.0,0.0
2017,6,19,2,60,0.00,0.00,0.00,0.00,0.00,10,23.7,22.3,92,1003.4,0,0.0,-9900,-9900,0.0,0.0
2017,6,19,3,60,0.00,0.00,0.00,0.00,0.00,10,23.6,22.4,93,1003.0,110,0.6,-9900,-9900,0.0,0.1
2017,6,19,4,60,0.00,0.00,0.00,0.00,0.00,10,23.7,22.3,92,1002.8,20,0.9,-9900,-9900,0.0,1.0
2017,6,19,5,60,0.00,0.00,0.00,0.00,0.00,10,23.7,22.3,92,1003.5,220,1.0,-9900,-9900,0.0,1.0
2017,6,19,6,60,110.72,1163.76,0.00,0.00,0.00,10,23.9,22.5,92,1003.5,220,0.5,-9900,-9900,1.0,1.0
2017,6,19,7,60,393.50,1322.93,119.44,29.15,110.77,10,24.2,22.8,92,1003.1,160,1.1,-9900,-9900,0.0,1.0
2017,6,19,8,60,666.39,1322.93,69.44,1.85,68.51,10,24.9,23.0,89,1002.9,200,0.5,16,1,0.0,1.0
2017,6,19,9,60,909.05,1322.93,219.44,9.59,212.85,10,26.1,24.6,91,1003.3,0,0.0,20,1,0.0,0.5
2017,6,19,10,60,1104.93,1322.93,347.22,34.53,318.38,10,27.2,24.9,87,1003.6,120,0.5,-9900,-9900,0.0,0.0
2017,6,19,11,60,1240.68,1322.93,330.56,15.22,316.29,10,28.0,25.2,85,1003.8,0,0.0,20,1,0.0,0.2
2017,6,19,12,60,1307.06,1322.93,397.22,29.31,368.26,10,28.6,23.3,73,1002.5,260,3.7,-9900,-9900,0.0,1.0
2017,6,19,13,60,1299.53,1322.93,388.89,27.16,362.21,10,28.7,23.7,74,1002.2,230,1.6,-9900,-9900,0.0,1.0
2017,6,19,14,60,1218.62,1322.93,522.22,135.88,397.05,10,29.9,24.1,71,1001.6,190,0.6,30,1,0.0,0.5
2017,6,19,15,60,1069.83,1322.93,352.78,43.50,317.60,10,30.1,22.9,65,1001.1,220,1.9,-9900,-9900,0.0,0.2
2017,6,19,16,60,863.32,1322.93,155.56,4.67,152.51,10,29.2,22.9,69,1000.9,170,0.4,-9900,-9900,0.0,0.2
2017,6,19,17,60,613.13,1322.93,94.44,3.56,92.79,10,29.4,23.1,69,1001.7,160,1.4,25,1,0.0,0.0
2017,6,19,18,60,336.34,1322.93,22.22,0.00,22.22,10,28.3,23.1,73,1001.8,190,1.0,-9900,-9900,0.0,0.8
2017,6,19,19,60,65.59,896.55,0.00,0.00,0.00,10,27.6,23.7,79,1002.3,160,2.0,-9900,-9900,0.0,0.7
2017,6,19,20,60,0.00,0.00,0.00,0.00,0.00,10,27.1,23.5,81,1002.5,150,1.1,-9900,-9900,0.0,0.0
2017,6,19,21,60,0.00,0.00,0.00,0.00,0.00,10,27.0,23.1,79,1002.5,120,2.4,-9900,-9900,0.0,0.0
2017,6,19,22,60,0.00,0.00,0.00,0.00,0.00,10,27.0,23.0,79,1003.2,20,0.4,-9900,-9900,0.0,0.0
2017,6,19,23,60,0.00,0.00,0.00,0.00,0.00,10,26.7,22.5,78,1003.1,140,1.2,-9900,-9900,0.0,0.0
2017,6,19,24,60,0.00,0.00,0.00,0.00,0.00,10,26.0,21.9,78,1002.4,130,0.8,-9900,-9900,0.0,0.0
2017,6,20,1,60,0.00,0.00,0.00,0.00,0.00,10,25.7,21.5,78,1001.8,130,1.3,-9900,-9900,0.0,0.0
2017,6,20,2,60,0.00,0.00,0.00,0.00,0.00,10,25.4,21.5,79,1001.2,0,0.0,-9900,-9900,0.0,0.0
2017,6,20,3,60,0.00,0.00,0.00,0.00,0.00,10,25.3,21.0,77,1001.1,150,1.5,-9900,-9900,0.0,0.0
2017,6,20,4,60,0.00,0.00,0.00,0.00,0.00,10,25.0,21.1,79,1000.2,140,1.0,-9900,-9900,0.0,0.0
2017,6,20,5,60,0.00,0.00,0.00,0.00,0.00,10,24.6,21.3,82,1000.4,0,0.0,-9900,-9900,0.0,0.0
2017,6,20,6,60,110.81,1164.23,0.00,0.00,0.00,10,25.3,20.5,75,1001.4,120,1.5,-9900,-9900,0.0,0.0
2017,6,20,7,60,393.54,1322.77,116.67,25.91,108.96,10,25.6,20.8,75,1001.8,180,1.1,-9900,-9900,0.0,0.0
2017,6,20,8,60,666.38,1322.77,169.44,12.13,163.33,10,26.9,20.7,69,1002.2,150,1.1,40,3,0.0,0.0
2017,6,20,9,60,908.98,1322.77,261.11,22.15,245.89,10,27.8,21.8,70,1002.0,110,0.3,40,3,0.0,0.0
2017,6,20,10,60,1104.82,1322.77,402.78,68.94,345.20,9,29.4,22.2,65,1001.5,150,1.4,-9900,-9900,0.0,0.0
2017,6,20,11,60,1240.55,1322.77,591.67,204.30,400.07,9,32.4,22.6,56,1001.2,250,3.0,40,3,0.0,0.0
2017,6,20,12,60,1306.91,1322.77,633.33,216.51,419.42,9,32.0,21.3,53,1000.8,210,3.4,-9900,-9900,0.0,0.0
2017,6,20,13,60,1299.38,1322.77,686.11,292.47,398.81,8,33.8,21.6,49,1000.3,230,2.7,-9900,-9900,0.0,0.0
2017,6,20,14,60,1218.49,1322.77,788.89,550.54,281.75,9,33.7,20.3,46,1000.1,260,3.8,40,3,0.0,0.0
2017,6,20,15,60,1069.74,1322.77,558.33,281.14,330.97,9,33.3,20.1,46,999.8,240,3.0,-9900,-9900,0.0,0.0
2017,6,20,16,60,863.26,1322.77,230.56,15.40,220.51,8,32.8,20.1,47,999.6,260,2.9,-9900,-9900,0.0,0.0
2017,6,20,17,60,613.13,1322.77,166.67,16.81,158.88,8,32.1,19.6,48,999.8,260,3.6,21,1,0.0,0.0
2017,6,20,18,60,336.40,1322.77,36.11,0.00,36.11,8,30.9,21.4,57,1000.2,260,2.8,-9900,-9900,0.0,0.0
2017,6,20,19,60,65.67,897.05,0.00,0.00,0.00,8,30.3,21.8,60,1000.3,260,1.5,-9900,-9900,0.0,0.0
2017,6,20,20,60,0.00,0.00,0.00,0.00,0.00,8,29.7,21.7,62,1001.3,250,1.3,-9900,-9900,0.0,0.0
2017,6,20,21,60,0.00,0.00,0.00,0.00,0.00,8,29.5,21.6,63,1002.0,250,1.0,-9900,-9900,0.0,0.0
2017,6,20,22,60,0.00,0.00,0.00,0.00,0.00,8,28.8,22.3,68,1002.6,170,1.2,-9900,-9900,0.0,0.0
2017,6,20,23,60,0.00,0.00,0.00,0.00,0.00,8,27.8,22.4,72,1002.3,110,1.5,-9900,-9900,0.0,0.0
2017,6,20,24,60,0.00,0.00,0.00,0.00,0.00,8,27.6,22.1,72,1002.1,150,1.1,-9900,-9900,0.0,0.0
2017,6,21,1,60,0.00,0.00,0.00,0.00,0.00,9,27.4,22.2,73,1002.1,100,0.7,-9900,-9900,0.0,0.0
2017,6,21,2,60,0.00,0.00,0.00,0.00,0.00,9,27.0,22.1,75,1001.9,120,1.1,-9900,-9900,0.0,0.0
2017,6,21,3,60,0.00,0.00,0.00,0.00,0.00,9,26.8,22.1,75,1001.6,160,0.8,-9900,-9900,0.0,0.0
2017,6,21,4,60,0.00,0.00,0.00,0.00,0.00,9,26.7,21.9,75,1001.9,160,1.0,-9900,-9900,0.0,0.0
2017,6,21,5,60,0.00,0.00,0.00,0.00,0.00,9,26.7,21.8,75,1001.9,90,1.6,-9900,-9900,0.0,0.0
2017,6,21,6,60,110.84,1164.35,0.00,0.00,0.00,9,26.6,22.0,76,1002.3,150,1.0,-9900,-9900,0.0,0.0
2017,6,21,7,60,393.54,1322.62,41.67,1.92,41.10,9,27.2,22.4,75,1002.6,120,0.6,-9900,-9900,0.0,0.0
2017,6,21,8,60,666.34,1322.62,138.89,6.03,135.85,9,28.0,22.6,73,1003.5,180,0.9,50,1,0.0,0.0
2017,6,21,9,60,908.90,1322.62,269.44,25.92,251.63,9,28.9,22.9,70,1003.9,190,1.4,50,1,0.0,0.1
2017,6,21,10,60,1104.71,1322.62,322.22,23.91,302.25,9,30.7,24.2,68,1003.7,0,0.0,-9900,-9900,0.0,0.3
2017,6,21,11,60,1240.41,1322.62,383.33,31.82,353.49,9,31.2,23.1,62,1003.1,240,0.4,40,1,0.0,0.0
2017,6,21,12,60,1306.77,1322.62,713.89,327.65,390.17,9,32.7,22.3,54,1002.7,190,1.3,-9900,-9900,0.0,0.0
2017,6,21,13,60,1299.25,1322.62,711.11,329.68,387.26,9,33.0,21.5,51,1002.0,210,0.9,-9900,-9900,0.0,0.0
2017,6,21,14,60,1218.36,1322.62,722.22,424.87,330.84,9,34.7,22.8,50,1001.5,260,2.4,35,3,0.0,0.0
2017,6,21,15,60,1069.63,1322.62,500.00,189.67,346.61,9,33.0,23.5,58,1001.3,280,2.3,-9900,-9900,0.0,0.0
2017,6,21,16,60,863.18,1322.62,180.56,6.07,176.60,9,32.3,24.3,63,1001.4,280,1.6,-9900,-9900,0.0,0.0
2017,6,21,17,60,613.09,1322.62,272.22,156.08,199.87,8,32.0,24.2,63,1001.6,280,2.0,20,-9900,0.0,0.0
2017,6,21,18,60,336.40,1322.62,100.00,0.00,100.00,8,30.9,23.7,66,1002.3,250,1.9,-9900,-9900,0.0,0.2
2017,6,21,19,60,65.69,897.21,0.00,0.00,0.00,7,29.8,23.7,70,1003.2,190,0.3,-9900,-9900,0.2,1.0
2017,6,21,20,60,0.00,0.00,0.00,0.00,0.00,7,28.9,23.7,74,1004.2,20,1.4,-9900,-9900,0.0,0.3
2017,6,21,21,60,0.00,0.00,0.00,0.00,0.00,7,29.0,22.8,69,1004.9,120,1.1,-9900,-9900,0.0,0.0
2017,6,21,22,60,0.00,0.00,0.00,0.00,0.00,7,28.6,22.7,70,1005.5,140,0.4,-9900,-9900,0.0,0.0
2017,6,21,23,60,0.00,0.00,0.00,0.00,0.00,6,27.7,22.9,75,1005.4,140,1.1,-9900,-9900,0.0,0.0
2017,6,21,24,60,0.00,0.00,0.00,0.00,0.00,6,27.3,22.7,76,1005.0,140,1.1,-9900,-9900,0.0,0.0
2017,6,22,1,60,0.00,0.00,0.00,0.00,0.00,6,26.8,22.2,76,1004.2,100,0.5,-9900,-9900,0.0,0.0
2017,6,22,2,60,0.00,0.00,0.00,0.00,0.00,6,26.6,22.0,76,1004.5,160,1.4,-9900,-9900,0.0,0.0
2017,6,22,3,60,0.00,0.00,0.00,0.00,0.00,5,26.2,21.9,77,1004.1,160,1.5,-9900,-9900,0.0,0.0
2017,6,22,4,60,0.00,0.00,0.00,0.00,0.00,5,26.0,21.6,77,1003.9,130,1.3,-9900,-9900,0.0,0.0
2017,6,22,5,60,0.00,0.00,0.00,0.00,0.00,5,25.7,21.4,77,1003.9,150,1.6,-9900,-9900,0.0,0.0
2017,6,22,6,60,110.82,1164.15,36.11,0.00,36.11,5,26.0,21.3,75,1004.7,160,2.3,-9900,-9900,0.0,0.0
2017,6,22,7,60,393.49,1322.49,225.00,379.69,112.03,4,27.0,22.1,75,1004.9,150,1.3,-9900,-9900,0.0,0.0
2017,6,22,8,60,666.26,1322.49,325.00,221.66,213.33,4,28.7,23.0,71,1005.1,130,0.6,30,-9900,0.0,0.0
2017,6,22,9,60,908.81,1322.49,630.56,662.97,174.97,3,31.3,24.1,66,1005.6,170,0.4,30,-9900,0.0,0.0
2017,6,22,10,60,1104.60,1322.49,805.56,750.05,179.09,3,33.0,24.1,60,1005.6,160,0.6,-9900,-9900,0.0,0.0
2017,6,22,11,60,1240.29,1322.49,783.33,512.97,302.24,7,33.5,23.6,56,1005.2,260,0.8,30,1,0.0,0.0
2017,6,22,12,60,1306.63,1322.49,816.67,497.72,324.92,7,34.0,22.7,52,1004.6,230,2.2,-9900,-9900,0.0,0.0
2017,6,22,13,60,1299.11,1322.49,652.78,246.37,410.77,8,34.1,23.6,54,1004.2,280,1.7,-9900,-9900,0.0,0.0
2017,6,22,14,60,1218.24,1322.49,211.11,4.36,207.09,10,32.7,24.5,62,1004.3,290,0.7,20,1,0.0,0.0
2017,6,22,15,60,1069.52,1322.49,308.33,22.54,290.10,9,31.2,23.4,63,1004.1,40,2.6,-9900,-9900,0.0,0.0
2017,6,22,16,60,863.09,1322.49,119.44,2.97,117.50,9,30.6,22.8,63,1003.9,50,4.2,-9900,-9900,0.0,0.0
2017,6,22,17,60,613.02,1322.49,144.44,8.67,140.42,9,30.9,22.8,62,1004.3,40,3.1,30,1,0.0,0.0
2017,6,22,18,60,336.36,1322.49,38.89,0.00,38.89,9,30.4,22.1,61,1004.9,50,2.7,-9900,-9900,0.0,0.0
2017,6,22,19,60,65.68,897.03,0.00,0.00,0.00,9,30.1,21.7,61,1005.2,70,2.9,-9900,-9900,0.0,0.0
2017,6,22,20,60,0.00,0.00,0.00,0.00,0.00,8,29.9,22.0,63,1006.0,90,1.1,-9900,-9900,0.0,0.0
2017,6,22,21,60,0.00,0.00,0.00,0.00,0.00,8,29.7,22.0,63,1006.3,110,1.4,-9900,-9900,0.0,0.0
2017,6,22,22,60,0.00,0.00,0.00,0.00,0.00,8,29.4,22.2,65,1006.4,100,1.7,-9900,-9900,0.0,0.0
2017,6,22,23,60,0.00,0.00,0.00,0.00,0.00,8,29.1,23.3,71,1006.4,160,1.1,-9900,-9900,0.0,0.0
2017,6,22,24,60,0.00,0.00,0.00,0.00,0.00,8,27.9,23.0,75,1006.0,70,0.5,-9900,-9900,0.0,0.0
2017,6,23,1,60,0.00,0.00,0.00,0.00,0.00,7,27.9,23.0,75,1005.6,170,1.4,-9900,-9900,0.0,0.0
2017,6,23,2,60,0.00,0.00,0.00,0.00,0.00,7,27.6,22.6,74,1005.1,170,1.0,-9900,-9900,0.0,0.0
2017,6,23,3,60,0.00,0.00,0.00,0.00,0.00,7,27.4,22.1,73,1004.8,160,1.7,-9900,-9900,0.0,0.0
2017,6,23,4,60,0.00,0.00,0.00,0.00,0.00,7,27.0,21.8,73,1004.9,150,1.9,-9900,-9900,0.0,0.0
2017,6,23,5,60,0.00,0.00,0.00,0.00,0.00,7,26.7,21.6,74,1005.0,150,0.8,-9900,-9900,0.0,0.0
2017,6,23,6,60,110.73,1163.61,8.33,0.00,8.33,6,26.7,21.7,74,1005.4,140,0.9,-9900,-9900,0.0,0.0
2017,6,23,7,60,393.39,1322.37,205.56,282.17,121.62,6,27.7,22.7,74,1005.4,160,0.9,-9900,-9900,0.0,0.0
2017,6,23,8,60,666.16,1322.37,405.56,460.54,173.56,6,29.5,24.1,73,1005.4,140,0.8,11,1,0.0,0.0
2017,6,23,9,60,908.69,1322.37,552.78,459.45,237.06,6,31.7,24.7,67,1005.0,230,0.6,15,1,0.0,0.0
2017,6,23,10,60,1104.48,1322.37,766.67,663.69,212.34,3,32.9,23.8,59,1004.8,220,2.1,-9900,-9900,0.0,0.0
2017,6,23,11,60,1240.16,1322.37,872.22,686.20,228.68,6,34.4,23.8,54,1004.6,250,0.9,20,1,0.0,0.0
2017,6,23,12,60,1306.51,1322.37,652.78,241.46,414.22,9,35.1,25.3,57,1004.2,330,1.5,-9900,-9900,0.0,0.0
2017,6,23,13,60,1298.99,1322.37,741.67,377.87,370.48,5,33.3,25.4,63,1003.4,310,1.5,-9900,-9900,0.0,0.0
2017,6,23,14,60,1218.11,1322.37,377.78,32.37,347.96,10,32.1,24.6,65,1003.2,310,1.6,16,1,0.0,0.0
2017,6,23,15,60,1069.39,1322.37,161.11,3.43,158.34,10,32.4,24.1,62,1003.3,310,0.8,-9900,-9900,0.0,0.0
2017,6,23,16,60,862.97,1322.37,183.33,6.24,179.26,10,31.9,23.9,63,1002.7,270,1.3,-9900,-9900,0.0,0.0
2017,6,23,17,60,612.91,1322.37,111.11,4.72,108.92,10,31.1,23.5,64,1002.6,280,1.5,20,1,0.0,0.0
2017,6,23,18,60,336.25,1322.37,0.00,0.00,0.00,10,30.9,23.0,63,1003.3,250,2.2,-9900,-9900,0.0,0.0
2017,6,23,19,60,65.61,896.52,0.00,0.00,0.00,9,30.8,22.8,62,1003.9,260,2.0,-9900,-9900,0.0,0.0
2017,6,23,20,60,0.00,0.00,0.00,0.00,0.00,9,30.0,23.4,68,1004.2,160,0.8,-9900,-9900,0.0,0.0
2017,6,23,21,60,0.00,0.00,0.00,0.00,0.00,8,28.9,22.9,70,1004.5,160,2.8,-9900,-9900,0.0,0.0
2017,6,23,22,60,0.00,0.00,0.00,0.00,0.00,8,28.9,23.3,72,1004.3,130,1.4,-9900,-9900,0.0,0.0
2017,6,23,23,60,0.00,0.00,0.00,0.00,0.00,8,28.6,23.0,72,1003.9,160,1.5,-9900,-9900,0.0,0.0
2017,6,23,24,60,0.00,0.00,0.00,0.00,0.00,7,28.2,22.8,73,1003.7,160,1.5,-9900,-9900,0.0,0.0
2017,6,24,1,60,0.00,0.00,0.00,0.00,0.00,7,28.1,22.7,73,1003.2,150,1.6,-9900,-9900,0.0,0.0
2017,6,24,2,60,0.00,0.00,0.00,0.00,0.00,6,27.6,22.8,75,1002.7,70,0.9,-9900,-9900,0.0,0.0
2017,6,24,3,60,0.00,0.00,0.00,0.00,0.00,6,27.6,22.6,74,1002.1,160,1.3,-9900,-9900,0.0,0.0
2017,6,24,4,60,0.00,0.00,0.00,0.00,0.00,6,27.4,22.7,76,1001.6,150,1.2,-9900,-9900,0.0,0.0
2017,6,24,5,60,0.00,0.00,0.00,0.00,0.00,5,27.1,22.3,75,1001.8,210,0.8,-9900,-9900,0.0,0.0
2017,6,24,6,60,110.59,1162.74,0.00,0.00,0.00,5,27.3,22.2,74,1002.1,130,1.1,-9900,-9900,0.0,0.0
2017,6,24,7,60,393.23,1322.26,219.44,351.12,115.02,4,28.2,22.9,73,1002.6,140,0.9,-9900,-9900,0.0,0.0
2017,6,24,8,60,666.01,1322.26,416.67,499.02,165.32,4,29.9,23.6,69,1003.2,190,0.6,30,-9900,0.0,0.0
2017,6,24,9,60,908.56,1322.26,597.22,574.01,202.80,3,32.2,23.4,60,1003.0,240,2.2,35,-9900,0.0,0.0
2017,6,24,10,60,1104.35,1322.26,766.67,663.83,212.24,4,33.5,23.4,56,1002.7,260,4.0,-9900,-9900,0.0,0.0
2017,6,24,11,60,1240.04,1322.26,777.78,502.74,306.30,7,33.7,23.7,56,1002.4,230,2.0,35,1,0.0,0.0
2017,6,24,12,60,1306.39,1322.26,647.22,234.29,415.74,8,34.1,24.1,56,1001.8,280,3.2,-9900,-9900,0.0,0.0
2017,6,24,13,60,1298.87,1322.26,769.44,423.90,353.04,8,34.1,25.2,60,1001.4,260,3.7,-9900,-9900,0.0,0.0
2017,6,24,14,60,1217.99,1322.26,747.22,471.12,313.25,8,33.6,24.7,60,1000.9,260,4.4,25,1,0.0,0.0
2017,6,24,15,60,1069.27,1322.26,436.11,111.26,346.14,9,33.1,24.3,60,1000.9,250,3.7,-9900,-9900,0.0,0.0
2017,6,24,16,60,862.84,1322.26,408.33,198.45,278.83,7,32.8,24.5,62,1000.3,260,3.4,-9900,-9900,0.0,0.0
2017,6,24,17,60,612.77,1322.26,211.11,53.36,186.38,9,32.3,24.0,62,1000.6,250,1.2,25,3,0.0,0.0
2017,6,24,18,60,336.10,1322.26,105.56,0.00,105.56,9,31.5,23.1,61,1001.4,270,2.9,-9900,-9900,0.0,0.0
2017,6,24,19,60,65.50,895.66,0.00,0.00,0.00,9,31.0,22.8,62,1001.5,250,2.9,-9900,-9900,0.0,0.0
2017,6,24,20,60,0.00,0.00,0.00,0.00,0.00,9,30.8,22.6,62,1002.3,210,1.4,-9900,-9900,0.0,0.0
2017,6,24,21,60,0.00,0.00,0.00,0.00,0.00,9,29.8,22.7,66,1002.9,160,1.7,-9900,-9900,0.0,0.0
2017,6,24,22,60,0.00,0.00,0.00,0.00,0.00,9,29.5,22.5,66,1003.1,150,1.0,-9900,-9900,0.0,0.0
2017,6,24,23,60,0.00,0.00,0.00,0.00,0.00,9,28.9,22.4,68,1003.1,120,1.1,-9900,-9900,0.0,0.0
2017,6,24,24,60,0.00,0.00,0.00,0.00,0.00,9,28.5,22.4,70,1002.6,150,0.7,-9900,-9900,0.0,0.0
2017,6,25,1,60,0.00,0.00,0.00,0.00,0.00,8,28.3,22.5,71,1001.8,170,0.8,-9900,-9900,0.0,0.0
2017,6,25,2,60,0.00,0.00,0.00,0.00,0.00,8,27.9,22.3,72,1001.5,160,1.0,-9900,-9900,0.0,0.0
2017,6,25,3,60,0.00,0.00,0.00,0.00,0.00,8,27.9,22.4,72,1001.6,0,0.0,-9900,-9900,0.0,0.0
2017,6,25,4,60,0.00,0.00,0.00,0.00,0.00,8,27.5,22.4,74,1001.5,130,1.6,-9900,-9900,0.0,0.0
2017,6,25,5,60,0.00,0.00,0.00,0.00,0.00,8,27.4,22.2,73,1001.3,120,1.4,-9900,-9900,0.0,0.0
2017,6,25,6,60,110.39,1161.53,0.00,0.00,0.00,8,27.2,22.1,74,1001.8,130,1.4,-9900,-9900,0.0,0.0
2017,6,25,7,60,393.03,1322.17,155.56,98.23,126.36,8,28.0,22.6,73,1001.9,150,0.6,-9900,-9900,0.0,0.0
2017,6,25,8,60,665.83,1322.17,258.33,90.29,212.86,8,29.6,22.3,65,1002.1,230,2.2,30,1,0.0,0.0
2017,6,25,9,60,908.41,1322.17,411.11,167.86,295.78,7,31.3,22.6,60,1002.3,240,3.4,30,1,0.0,0.0
2017,6,25,10,60,1104.22,1322.17,652.78,421.19,301.02,7,32.4,23.5,60,1002.3,250,2.8,-9900,-9900,0.0,0.0
2017,6,25,11,60,1239.93,1322.17,775.00,497.63,308.32,7,33.5,23.3,55,1001.9,240,4.9,30,1,0.0,0.0
2017,6,25,12,60,1306.28,1322.17,797.22,463.84,338.95,8,33.9,23.7,55,1001.7,250,4.3,-9900,-9900,0.0,0.0
2017,6,25,13,60,1298.76,1322.17,872.22,608.43,274.56,6,34.1,24.2,56,1001.5,260,4.4,-9900,-9900,0.0,0.0
2017,6,25,14,60,1217.88,1322.17,697.22,381.03,346.25,8,34.1,24.2,56,1001.1,260,3.8,30,1,0.0,0.0
2017,6,25,15,60,1069.14,1322.17,466.67,146.00,348.61,9,33.2,23.7,58,1001.1,240,4.3,-9900,-9900,0.0,0.0
2017,6,25,16,60,862.69,1322.17,333.33,88.72,275.44,9,33.0,23.4,57,1000.9,260,3.7,-9900,-9900,0.0,0.0
2017,6,25,17,60,612.59,1322.17,166.67,16.88,158.85,9,32.1,22.9,58,1001.2,260,3.9,30,1,0.0,0.0
2017,6,25,18,60,335.90,1322.17,88.89,0.00,88.89,9,31.7,22.7,59,1001.5,260,2.0,-9900,-9900,0.0,0.0
2017,6,25,19,60,65.35,894.47,0.00,0.00,0.00,9,31.1,22.8,61,1001.8,220,1.6,-9900,-9900,0.0,0.0
2017,6,25,20,60,0.00,0.00,0.00,0.00,0.00,9,31.0,22.9,62,1002.7,240,1.5,-9900,-9900,0.0,0.0
2017,6,25,21,60,0.00,0.00,0.00,0.00,0.00,9,30.7,22.7,62,1003.0,190,1.5,-9900,-9900,0.0,0.0
2017,6,25,22,60,0.00,0.00,0.00,0.00,0.00,9,30.3,23.2,66,1003.7,150,0.9,-9900,-9900,0.0,0.0
2017,6,25,23,60,0.00,0.00,0.00,0.00,0.00,9,29.9,23.5,69,1003.6,200,1.2,-9900,-9900,0.0,0.0
2017,6,25,24,60,0.00,0.00,0.00,0.00,0.00,9,29.3,23.4,71,1003.5,210,1.1,-9900,-9900,0.0,0.0
2017,6,26,1,60,0.00,0.00,0.00,0.00,0.00,8,29.2,23.2,70,1003.2,190,0.8,-9900,-9900,0.0,0.0
2017,6,26,2,60,0.00,0.00,0.00,0.00,0.00,8,28.6,23.2,73,1003.2,150,0.9,-9900,-9900,0.0,0.0
2017,6,26,3,60,0.00,0.00,0.00,0.00,0.00,8,28.5,22.9,72,1003.5,200,0.7,-9900,-9900,0.0,0.0
2017,6,26,4,60,0.00,0.00,0.00,0.00,0.00,8,28.2,22.6,72,1003.7,160,1.0,-9900,-9900,0.0,0.0
2017,6,26,5,60,0.00,0.00,0.00,0.00,0.00,8,27.9,22.4,72,1003.7,130,1.1,-9900,-9900,0.0,0.0
2017,6,26,6,60,110.12,1159.99,0.00,0.00,0.00,8,27.8,22.2,72,1003.6,100,1.2,-9900,-9900,0.0,0.0
2017,6,26,7,60,392.78,1322.09,122.22,32.89,112.45,8,28.4,22.5,70,1003.8,120,1.1,-9900,-9900,0.0,0.0
2017,6,26,8,60,665.63,1322.09,236.11,60.94,205.43,8,29.6,22.8,67,1004.4,220,0.7,40,-9900,0.0,0.0
2017,6,26,9,60,908.24,1322.09,447.22,229.19,289.77,9,31.8,23.1,60,1004.0,240,1.7,40,-9900,0.0,0.0
2017,6,26,10,60,1104.08,1322.09,608.33,336.83,327.04,8,33.2,23.0,55,1003.9,250,1.8,-9900,-9900,0.0,0.0
2017,6,26,11,60,1239.82,1322.09,822.22,588.03,270.78,8,33.9,23.3,54,1003.9,220,3.2,30,-9900,0.0,0.0
2017,6,26,12,60,1306.19,1322.09,802.78,473.60,334.88,8,34.4,23.5,53,1003.4,220,2.3,-9900,-9900,0.0,0.0
2017,6,26,13,60,1298.66,1322.09,644.44,235.63,412.99,9,34.8,23.6,52,1002.7,220,3.2,-9900,-9900,0.0,0.0
2017,6,26,14,60,1217.76,1322.09,513.89,127.73,396.24,9,35.0,24.0,53,1002.4,250,3.5,30,2,0.0,0.0
2017,6,26,15,60,1069.00,1322.09,466.67,146.07,348.56,8,34.6,24.5,56,1002.1,280,2.6,-9900,-9900,0.0,0.0
2017,6,26,16,60,862.52,1322.09,383.33,156.58,281.18,8,33.5,23.8,57,1002.7,250,1.9,-9900,-9900,0.0,0.0
2017,6,26,17,60,612.38,1322.09,161.11,14.29,154.49,8,32.9,23.1,56,1003.0,250,3.6,25,4,0.0,0.0
2017,6,26,18,60,335.63,1322.09,11.11,0.00,11.11,8,31.9,23.0,59,1003.0,230,2.0,-9900,-9900,0.0,0.0
2017,6,26,19,60,65.14,892.95,0.00,0.00,0.00,8,31.7,23.2,61,1003.5,310,0.6,-9900,-9900,0.0,0.0
2017,6,26,20,60,0.00,0.00,0.00,0.00,0.00,8,30.7,23.1,64,1004.5,50,2.4,-9900,-9900,0.0,0.0
2017,6,26,21,60,0.00,0.00,0.00,0.00,0.00,8,30.8,23.1,64,1005.6,60,1.9,-9900,-9900,0.0,0.0
2017,6,26,22,60,0.00,0.00,0.00,0.00,0.00,8,30.6,23.0,64,1005.9,360,1.5,-9900,-9900,0.0,0.0
2017,6,26,23,60,0.00,0.00,0.00,0.00,0.00,8,28.5,22.6,70,1006.6,300,2.4,-9900,-9900,0.0,0.0
2017,6,26,24,60,0.00,0.00,0.00,0.00,0.00,8,28.3,22.6,71,1006.2,330,0.9,-9900,-9900,0.0,0.0
2017,6,27,1,60,0.00,0.00,0.00,0.00,0.00,8,28.4,22.8,72,1005.5,180,0.5,-9900,-9900,0.0,0.0
2017,6,27,2,60,0.00,0.00,0.00,0.00,0.00,8,28.5,22.8,71,1005.2,150,0.6,-9900,-9900,0.0,0.0
2017,6,27,3,60,0.00,0.00,0.00,0.00,0.00,8,28.6,22.9,71,1005.5,150,0.3,-9900,-9900,0.0,0.0
2017,6,27,4,60,0.00,0.00,0.00,0.00,0.00,8,28.1,22.8,73,1005.5,160,1.7,-9900,-9900,0.0,0.0
2017,6,27,5,60,0.00,0.00,0.00,0.00,0.00,8,28.1,22.8,73,1005.2,150,1.1,-9900,-9900,0.0,0.0
2017,6,27,6,60,109.81,1158.11,33.33,0.00,33.33,8,28.1,23.0,74,1005.3,160,0.5,-9900,-9900,0.0,0.0
2017,6,27,7,60,392.48,1322.02,191.67,222.51,125.61,8,29.0,23.4,72,1005.9,0,0.0,-9900,-9900,0.0,0.0
2017,6,27,8,60,665.39,1322.02,238.89,64.33,206.51,8,30.6,23.1,64,1006.2,290,0.9,20,3,0.0,0.0
2017,6,27,9,60,908.06,1322.02,369.44,110.11,293.81,8,31.0,23.1,63,1006.1,240,2.6,18,1,0.0,0.0
2017,6,27,10,60,1103.95,1322.02,686.11,489.42,277.42,8,32.8,23.9,60,1005.9,210,2.5,-9900,-9900,0.0,0.0
2017,6,27,11,60,1239.70,1322.02,680.56,332.79,368.49,8,33.8,23.8,56,1005.6,190,2.0,22,-9900,0.0,0.0
2017,6,27,12,60,1306.08,1322.02,713.89,328.07,389.77,8,34.7,23.3,52,1005.0,240,3.2,-9900,-9900,0.0,0.0
2017,6,27,13,60,1298.56,1322.02,588.89,169.16,422.73,8,34.6,24.9,57,1005.2,280,3.0,-9900,-9900,0.0,0.0
2017,6,27,14,60,1217.64,1322.02,538.89,154.05,397.00,8,34.9,25.1,57,1005.2,260,1.6,22,1,0.0,0.0
2017,6,27,15,60,1068.85,1322.02,330.56,31.92,304.75,9,32.7,24.0,60,1005.2,280,2.5,-9900,-9900,0.0,0.0
2017,6,27,16,60,862.32,1322.02,155.56,4.68,152.51,10,32.1,23.4,60,1005.5,280,2.6,-9900,-9900,0.0,0.0
2017,6,27,17,60,612.13,1322.02,116.67,5.14,114.29,10,31.5,24.5,67,1005.9,280,0.8,20,1,0.0,0.0
2017,6,27,18,60,335.32,1322.02,75.00,0.00,75.00,10,30.4,24.2,70,1006.5,320,0.7,-9900,-9900,0.0,0.0
2017,6,27,19,60,64.89,891.08,0.00,0.00,0.00,10,30.0,23.5,68,1007.0,360,1.6,-9900,-9900,0.0,0.0
2017,6,27,20,60,0.00,0.00,0.00,0.00,0.00,9,28.2,22.4,71,1007.7,80,2.3,-9900,-9900,0.0,0.0
2017,6,27,21,60,0.00,0.00,0.00,0.00,0.00,9,28.2,22.6,72,1008.2,80,1.7,-9900,-9900,0.0,0.0
2017,6,27,22,60,0.00,0.00,0.00,0.00,0.00,9,28.2,22.4,71,1008.2,50,1.7,-9900,-9900,0.0,0.0
2017,6,27,23,60,0.00,0.00,0.00,0.00,0.00,9,28.0,22.6,73,1008.0,170,1.2,-9900,-9900,0.0,0.0
2017,6,27,24,60,0.00,0.00,0.00,0.00,0.00,9,27.9,22.3,72,1007.4,140,0.9,-9900,-9900,0.0,0.0
2017,6,28,1,60,0.00,0.00,0.00,0.00,0.00,8,27.6,22.1,72,1006.8,130,1.5,-9900,-9900,0.0,0.0
2017,6,28,2,60,0.00,0.00,0.00,0.00,0.00,8,27.4,21.8,72,1006.4,150,1.6,-9900,-9900,0.0,0.0
2017,6,28,3,60,0.00,0.00,0.00,0.00,0.00,8,27.3,21.4,70,1006.5,160,1.8,-9900,-9900,0.0,0.0
2017,6,28,4,60,0.00,0.00,0.00,0.00,0.00,8,26.9,21.3,71,1006.4,150,1.4,-9900,-9900,0.0,0.0
2017,6,28,5,60,0.00,0.00,0.00,0.00,0.00,8,26.8,21.3,72,1006.8,160,1.4,-9900,-9900,0.0,0.0
2017,6,28,6,60,109.44,1155.91,30.56,0.00,30.56,7,26.9,21.4,72,1007.4,150,1.4,-9900,-9900,0.0,0.0
2017,6,28,7,60,392.14,1321.97,191.67,223.17,125.47,7,28.0,22.3,71,1007.6,60,0.6,-9900,-9900,0.0,0.0
2017,6,28,8,60,665.12,1321.97,386.11,398.03,185.85,7,29.7,23.5,69,1007.4,90,1.1,25,-9900,0.0,0.0
2017,6,28,9,60,907.86,1321.97,525.00,393.26,254.93,6,30.2,23.6,68,1007.3,60,1.4,20,-9900,0.0,0.0
2017,6,28,10,60,1103.80,1321.97,708.33,536.65,260.25,8,32.9,24.6,62,1007.0,0,0.0,-9900,-9900,0.0,0.0
2017,6,28,11,60,1239.60,1321.97,547.22,152.55,404.18,9,33.2,23.2,56,1006.9,200,0.4,20,1,0.0,0.0
2017,6,28,12,60,1305.99,1321.97,708.33,319.76,392.43,9,34.3,23.7,54,1006.7,170,0.5,-9900,-9900,0.0,0.0
2017,6,28,13,60,1298.47,1321.97,377.78,23.59,354.61,7,34.4,24.9,58,1006.6,290,0.3,-9900,-9900,0.0,0.0
2017,6,28,14,60,1217.53,1321.97,716.67,415.57,333.93,5,34.8,25.4,58,1006.0,300,1.5,20,-9900,0.0,0.0
2017,6,28,15,60,1068.69,1321.97,586.11,331.73,317.94,7,33.7,24.4,58,1005.9,320,1.6,-9900,-9900,0.0,0.0
2017,6,28,16,60,862.10,1321.97,427.78,235.55,274.17,7,32.6,24.6,63,1005.7,50,3.5,-9900,-9900,0.0,0.0
2017,6,28,17,60,611.84,1321.97,222.22,67.76,190.86,9,31.6,24.2,65,1006.2,20,3.1,10,1,0.0,0.0
2017,6,28,18,60,334.96,1321.97,213.89,0.00,213.89,9,30.8,23.9,67,1006.6,70,2.4,-9900,-9900,0.0,0.0
2017,6,28,19,60,64.60,888.89,0.00,0.00,0.00,8,30.5,23.9,68,1007.4,140,1.7,-9900,-9900,0.0,0.0
2017,6,28,20,60,0.00,0.00,0.00,0.00,0.00,8,30.0,23.1,67,1007.7,180,1.1,-9900,-9900,0.0,0.0
2017,6,28,21,60,0.00,0.00,0.00,0.00,0.00,8,29.8,20.8,59,1007.8,180,1.4,-9900,-9900,0.0,0.0
2017,6,28,22,60,0.00,0.00,0.00,0.00,0.00,7,29.9,21.6,61,1008.6,200,1.4,-9900,-9900,0.0,0.0
2017,6,28,23,60,0.00,0.00,0.00,0.00,0.00,7,29.3,22.0,65,1008.6,200,1.3,-9900,-9900,0.0,0.0
2017,6,28,24,60,0.00,0.00,0.00,0.00,0.00,7,28.6,21.4,65,1008.2,180,1.2,-9900,-9900,0.0,0.0
2017,6,29,1,60,0.00,0.00,0.00,0.00,0.00,6,28.5,21.3,65,1007.4,200,1.4,-9900,-9900,0.0,0.0
2017,6,29,2,60,0.00,0.00,0.00,0.00,0.00,6,27.8,21.2,67,1006.7,150,2.0,-9900,-9900,0.0,0.0
2017,6,29,3,60,0.00,0.00,0.00,0.00,0.00,6,27.6,21.2,68,1006.0,140,1.5,-9900,-9900,0.0,0.0
2017,6,29,4,60,0.00,0.00,0.00,0.00,0.00,5,27.3,21.6,71,1005.5,140,1.0,-9900,-9900,0.0,0.0
2017,6,29,5,60,0.00,0.00,0.00,0.00,0.00,5,27.2,21.7,72,1005.9,180,1.1,-9900,-9900,0.0,0.0
2017,6,29,6,60,109.00,1153.37,5.56,0.00,5.56,5,27.4,21.1,69,1006.8,180,1.2,-9900,-9900,0.0,0.0
2017,6,29,7,60,391.73,1321.93,205.56,286.16,120.76,4,28.2,22.0,69,1007.7,190,0.7,-9900,-9900,0.0,0.0
2017,6,29,8,60,664.82,1321.93,336.11,251.61,209.57,4,29.3,22.9,68,1008.0,150,0.5,15,-9900,0.0,0.0
2017,6,29,9,60,907.64,1321.93,444.44,224.64,290.20,8,31.1,23.4,64,1007.8,190,1.6,11,1,0.0,0.0
2017,6,29,10,60,1103.65,1321.93,602.78,327.22,329.59,6,32.2,24.2,63,1007.3,100,1.2,-9900,-9900,0.0,0.0
2017,6,29,11,60,1239.50,1321.93,488.89,96.80,398.13,8,32.0,24.5,65,1006.6,300,1.3,11,-9900,0.0,0.0
2017,6,29,12,60,1305.92,1321.93,616.67,196.82,422.23,6,35.1,25.8,59,1006.2,270,0.9,-9900,-9900,0.0,0.0
2017,6,29,13,60,1298.39,1321.93,766.67,419.60,354.54,8,33.5,25.3,62,1005.8,310,0.7,-9900,-9900,0.0,0.0
2017,6,29,14,60,1217.42,1321.93,133.33,2.01,131.48,8,32.2,24.3,63,1005.5,350,1.0,13,1,0.0,0.0
2017,6,29,15,60,1068.54,1321.93,41.67,0.42,41.33,8,31.5,23.8,64,1005.3,290,0.8,-9900,-9900,0.0,0.0
2017,6,29,16,60,861.87,1321.93,266.67,31.99,245.81,8,31.9,23.5,61,1004.8,300,0.6,-9900,-9900,0.0,0.0
2017,6,29,17,60,611.52,1321.93,166.67,17.01,158.80,8,31.4,22.6,60,1004.9,280,1.6,11,1,0.0,0.0
2017,6,29,18,60,334.54,1321.93,80.56,0.00,80.56,8,31.4,22.6,60,1005.8,300,0.5,-9900,-9900,0.0,0.0
2017,6,29,19,60,64.26,886.36,0.00,0.00,0.00,8,30.8,22.2,60,1006.3,260,0.6,-9900,-9900,0.0,0.0
2017,6,29,20,60,0.00,0.00,0.00,0.00,0.00,7,30.2,21.9,61,1006.6,320,0.9,-9900,-9900,0.0,0.0
2017,6,29,21,60,0.00,0.00,0.00,0.00,0.00,7,30.0,21.8,62,1006.6,0,0.0,-9900,-9900,0.0,0.0
2017,6,29,22,60,0.00,0.00,0.00,0.00,0.00,7,29.8,21.9,63,1006.7,210,0.7,-9900,-9900,0.0,0.0
2017,6,29,23,60,0.00,0.00,0.00,0.00,0.00,7,28.8,22.6,69,1006.8,130,1.1,-9900,-9900,0.0,0.0
2017,6,29,24,60,0.00,0.00,0.00,0.00,0.00,7,28.5,22.3,69,1006.8,180,0.9,-9900,-9900,0.0,0.0
2017,6,30,1,60,0.00,0.00,0.00,0.00,0.00,6,28.0,22.2,71,1006.3,140,2.0,-9900,-9900,0.0,0.0
2017,6,30,2,60,0.00,0.00,0.00,0.00,0.00,6,27.7,22.2,72,1006.1,90,0.6,-9900,-9900,0.0,0.0
2017,6,30,3,60,0.00,0.00,0.00,0.00,0.00,6,27.8,22.2,72,1005.8,180,1.0,-9900,-9900,0.0,0.0
2017,6,30,4,60,0.00,0.00,0.00,0.00,0.00,6,27.5,21.9,72,1006.2,190,1.1,-9900,-9900,0.0,0.0
2017,6,30,5,60,0.00,0.00,0.00,0.00,0.00,6,27.0,21.7,73,1006.2,190,1.1,-9900,-9900,0.0,0.0
2017,6,30,6,60,108.52,1150.50,0.00,0.00,0.00,5,27.2,21.5,71,1006.2,160,1.1,-9900,-9900,0.0,0.0
2017,6,30,7,60,391.29,1321.90,136.11,55.74,119.61,5,28.0,22.2,71,1006.7,180,0.3,-9900,-9900,0.0,0.0
2017,6,30,8,60,664.48,1321.90,380.56,381.44,188.82,5,29.9,23.6,69,1006.5,170,0.6,12,-9900,0.0,0.0
2017,6,30,9,60,907.40,1321.90,588.89,553.88,208.69,5,32.3,23.7,61,1006.5,0,0.0,20,-9900,0.0,0.0
2017,6,30,10,60,1103.49,1321.90,766.67,664.98,211.56,6,34.2,23.8,55,1005.9,50,0.6,-9900,-9900,0.0,0.0
2017,6,30,11,60,1239.39,1321.90,675.00,324.16,371.07,7,34.9,22.7,49,1005.6,30,0.4,20,-9900,0.0,0.0
2017,6,30,12,60,1305.85,1321.90,463.89,61.35,403.29,9,33.4,23.1,55,1005.4,110,0.4,-9900,-9900,0.0,0.0
2017,6,30,13,60,1298.31,1321.90,238.89,4.84,234.14,9,32.6,22.9,57,1005.0,290,0.8,-9900,-9900,0.0,0.0
2017,6,30,14,60,1217.30,1321.90,266.67,6.73,260.47,10,33.4,23.4,56,1004.4,310,0.7,20,1,0.0,0.0
2017,6,30,15,60,1068.35,1321.90,77.78,1.05,76.93,10,29.4,23.1,69,1004.8,260,2.5,-9900,-9900,1.0,0.2
2017,6,30,16,60,861.61,1321.90,13.89,0.14,13.80,10,27.0,23.2,80,1004.8,10,1.2,-9900,-9900,12.0,1.0
2017,6,30,17,60,611.15,1321.90,0.00,0.00,0.00,10,27.4,23.6,80,1004.8,360,0.6,18,1,0.0,0.3
2017,6,30,18,60,334.06,1321.90,0.00,0.00,0.00,10,27.4,23.1,77,1005.4,200,1.9,-9900,-9900,0.0,0.5
2017,6,30,19,60,63.88,883.50,0.00,0.00,0.00,10,26.8,22.4,77,1005.5,200,1.3,-9900,-9900,0.0,0.9
2017,6,30,20,60,0.00,0.00,0.00,0.00,0.00,9,27.2,22.7,76,1006.1,220,1.6,-9900,-9900,0.0,0.0
2017,6,30,21,60,0.00,0.00,0.00,0.00,0.00,9,27.1,22.7,77,1006.7,200,1.1,-9900,-9900,0.0,0.0
2017,6,30,22,60,0.00,0.00,0.00,0.00,0.00,9,27.2,22.9,77,1006.8,150,0.3,-9900,-9900,0.0,0.7
2017,6,30,23,60,0.00,0.00,0.00,0.00,0.00,9,27.5,22.8,76,1006.1,210,1.1,-9900,-9900,0.0,0.0
2017,6,30,24,60,0.00,0.00,0.00,0.00,0.00,9,27.3,22.4,75,1005.6,130,0.9,-9900,-9900,0.0,0.0
2017,7,1,1,60,0.00,0.00,0.00,0.00,0.00,8,27.4,22.3,74,1005.7,200,1.2,-9900,-9900,0.0,0.0
2017,7,1,2,60,0.00,0.00,0.00,0.00,0.00,8,27.2,22.1,74,1005.4,140,1.6,-9900,-9900,0.0,0.0
2017,7,1,3,60,0.00,0.00,0.00,0.00,0.00,8,27.0,22.2,75,1004.8,0,0.0,-9900,-9900,0.0,0.0
2017,7,1,4,60,0.00,0.00,0.00,0.00,0.00,8,27.1,21.9,73,1004.7,210,1.3,-9900,-9900,0.0,0.0
2017,7,1,5,60,0.00,0.00,0.00,0.00,0.00,8,26.8,21.9,75,1004.8,160,0.4,-9900,-9900,0.0,0.0
2017,7,1,6,60,107.97,1147.31,0.00,0.00,0.00,7,26.9,21.8,74,1005.3,180,0.8,-9900,-9900,0.0,0.0
2017,7,1,7,60,390.79,1321.89,150.00,86.22,124.51,7,27.5,21.6,70,1005.6,150,1.6,-9900,-9900,0.0,0.0
2017,7,1,8,60,664.11,1321.89,413.89,493.34,166.04,7,29.2,23.0,69,1005.8,150,1.1,20,-9900,0.0,0.0
2017,7,1,9,60,907.15,1321.89,625.00,650.75,178.42,4,31.3,23.4,63,1005.5,150,0.5,20,-9900,0.0,0.0
2017,7,1,10,60,1103.34,1321.89,766.67,665.20,211.45,5,32.7,23.7,59,1005.0,20,1.0,-9900,-9900,0.0,0.0
2017,7,1,11,60,1239.30,1321.89,944.44,826.05,170.00,8,35.0,24.3,54,1004.5,110,0.9,20,-9900,0.0,0.0
2017,7,1,12,60,1305.78,1321.89,686.11,287.44,402.17,8,35.4,24.0,52,1004.2,270,0.6,-9900,-9900,0.0,0.0
2017,7,1,13,60,1298.23,1321.89,747.22,387.46,366.69,9,33.8,24.2,57,1003.9,310,2.4,-9900,-9900,0.0,0.0
2017,7,1,14,60,1217.20,1321.89,591.67,218.78,390.22,10,33.2,24.1,59,1003.7,310,1.8,20,1,0.0,0.0
2017,7,1,15,60,1068.18,1321.89,244.44,7.75,238.18,10,32.0,23.6,61,1003.7,310,1.3,-9900,-9900,0.0,0.1
2017,7,1,16,60,861.34,1321.89,169.44,5.45,165.89,10,26.9,23.0,79,1004.3,220,2.5,-9900,-9900,13.5,1.0
2017,7,1,17,60,610.77,1321.89,0.00,0.00,0.00,10,26.6,22.8,80,1004.8,160,2.5,7,2,2.0,1.0
2017,7,1,18,60,333.54,1321.89,0.00,0.00,0.00,9,26.3,22.2,78,1005.8,180,1.5,-9900,-9900,0.5,1.0
2017,7,1,19,60,63.45,880.31,0.00,0.00,0.00,9,26.2,22.1,78,1007.2,220,2.0,-9900,-9900,0.5,1.0
2017,7,1,20,60,0.00,0.00,0.00,0.00,0.00,8,25.9,22.1,80,1007.6,190,0.9,-9900,-9900,1.0,1.0
2017,7,1,21,60,0.00,0.00,0.00,0.00,0.00,8,26.1,22.1,79,1005.8,80,1.9,-9900,-9900,0.5,0.7
2017,7,1,22,60,0.00,0.00,0.00,0.00,0.00,7,26.5,22.4,78,1005.1,60,0.9,-9900,-9900,0.0,0.0
2017,7,1,23,60,0.00,0.00,0.00,0.00,0.00,6,26.4,22.6,80,1005.2,220,1.1,-9900,-9900,0.0,0.0
2017,7,1,24,60,0.00,0.00,0.00,0.00,0.00,6,26.4,22.3,78,1005.6,220,1.3,-9900,-9900,0.0,0.0
2017,7,2,1,60,0.00,0.00,0.00,0.00,0.00,5,26.1,22.3,80,1005.2,140,1.0,-9900,-9900,0.0,0.0
2017,7,2,2,60,0.00,0.00,0.00,0.00,0.00,5,25.6,21.7,79,1005.0,110,1.3,-9900,-9900,0.0,0.0
2017,7,2,3,60,0.00,0.00,0.00,0.00,0.00,4,25.2,21.3,79,1004.7,100,0.3,-9900,-9900,0.0,0.0
2017,7,2,4,60,0.00,0.00,0.00,0.00,0.00,3,25.5,21.2,77,1004.9,130,0.6,-9900,-9900,0.0,0.0
2017,7,2,5,60,0.00,0.00,0.00,0.00,0.00,3,25.5,21.1,77,1005.4,160,2.2,-9900,-9900,0.0,0.0
2017,7,2,6,60,107.37,1143.79,0.00,0.00,0.00,2,25.5,21.0,76,1005.8,130,0.5,-9900,-9900,0.0,0.0
2017,7,2,7,60,390.24,1321.89,219.44,359.77,113.23,2,26.8,22.1,75,1006.0,170,0.5,-9900,-9900,0.0,0.0
2017,7,2,8,60,663.71,1321.89,419.44,513.65,161.54,1,29.2,23.2,70,1005.8,190,1.2,70,-9900,0.0,0.0
2017,7,2,9,60,906.87,1321.89,619.44,636.27,182.93,1,30.7,24.0,68,1005.5,340,1.0,60,-9900,0.0,0.0
2017,7,2,10,60,1103.16,1321.89,694.44,507.91,270.57,1,32.6,24.3,62,1005.3,120,0.6,-9900,-9900,0.0,0.0
2017,7,2,11,60,1239.19,1321.89,686.11,342.18,365.34,6,32.9,24.2,60,1005.0,20,0.9,40,1,0.0,0.0
2017,7,2,12,60,1305.71,1321.89,727.78,349.68,382.38,6,33.6,24.5,59,1004.3,290,1.5,-9900,-9900,0.0,0.0
2017,7,2,13,60,1298.17,1321.89,694.44,305.37,394.55,8,33.3,24.3,59,1004.2,300,0.7,-9900,-9900,0.0,0.0
2017,7,2,14,60,1217.08,1321.89,605.56,237.82,386.60,7,34.0,24.5,58,1004.0,310,2.5,30,1,0.0,0.0
2017,7,2,15,60,1067.99,1321.89,544.44,259.01,335.18,7,33.1,23.5,57,1003.4,300,1.3,-9900,-9900,0.0,0.0
2017,7,2,16,60,861.04,1321.89,277.78,39.16,252.27,9,32.1,23.0,59,1003.5,300,1.8,-9900,-9900,0.0,0.0
2017,7,2,17,60,610.34,1321.89,175.00,21.94,164.87,9,31.6,22.9,60,1003.7,260,1.5,30,1,0.0,0.0
2017,7,2,18,60,332.96,1321.89,61.11,0.00,61.11,9,30.3,23.1,65,1004.5,210,1.8,-9900,-9900,0.0,0.0
2017,7,2,19,60,62.98,876.79,0.00,0.00,0.00,8,29.8,22.6,65,1004.9,240,1.4,-9900,-9900,0.0,0.0
2017,7,2,20,60,0.00,0.00,0.00,0.00,0.00,8,29.5,22.5,66,1005.3,190,1.1,-9900,-9900,0.0,0.0
2017,7,2,21,60,0.00,0.00,0.00,0.00,0.00,7,29.0,22.3,67,1005.8,210,1.4,-9900,-9900,0.0,0.0
2017,7,2,22,60,0.00,0.00,0.00,0.00,0.00,7,28.6,22.1,68,1006.2,160,2.0,-9900,-9900,0.0,0.0
2017,7,2,23,60,0.00,0.00,0.00,0.00,0.00,6,28.5,21.8,67,1005.7,150,1.0,-9900,-9900,0.0,0.0
2017,7,2,24,60,0.00,0.00,0.00,0.00,0.00,6,28.2,22.2,70,1005.0,170,0.8,-9900,-9900,0.0,0.0
2017,7,3,1,60,0.00,0.00,0.00,0.00,0.00,5,28.0,21.5,68,1004.4,140,1.6,-9900,-9900,0.0,0.0
2017,7,3,2,60,0.00,0.00,0.00,0.00,0.00,5,27.8,21.6,69,1003.8,180,1.1,-9900,-9900,0.0,0.0
2017,7,3,3,60,0.00,0.00,0.00,0.00,0.00,4,27.4,21.6,71,1003.5,180,1.2,-9900,-9900,0.0,0.0
2017,7,3,4,60,0.00,0.00,0.00,0.00,0.00,4,27.3,22.0,73,1003.7,180,1.0,-9900,-9900,0.0,0.0
2017,7,3,5,60,0.00,0.00,0.00,0.00,0.00,3,27.6,21.7,70,1003.6,0,0.0,-9900,-9900,0.0,0.0
2017,7,3,6,60,106.72,1139.95,0.00,0.00,0.00,3,27.2,21.8,72,1004.1,160,1.1,-9900,-9900,0.0,0.0
2017,7,3,7,60,389.65,1321.90,94.44,9.74,91.57,2,28.1,22.1,70,1004.5,170,0.7,-9900,-9900,0.0,0.0
2017,7,3,8,60,663.27,1321.90,419.44,514.63,161.22,2,30.9,23.1,63,1004.3,240,1.4,30,-9900,0.0,0.0
2017,7,3,9,60,906.57,1321.90,591.67,562.62,205.82,6,32.1,23.5,61,1004.6,250,1.6,30,-9900,0.0,0.0
2017,7,3,10,60,1102.98,1321.90,733.33,592.03,239.35,7,32.9,23.4,58,1004.9,240,1.6,-9900,-9900,0.0,0.0
2017,7,3,11,60,1239.10,1321.90,519.44,124.36,402.87,7,33.0,23.3,57,1004.9,230,0.7,30,1,0.0,0.0
2017,7,3,12,60,1305.65,1321.90,625.00,206.91,420.63,8,34.2,25.0,59,1004.4,330,2.0,-9900,-9900,0.0,0.0
2017,7,3,13,60,1298.11,1321.90,855.56,578.08,287.89,8,33.8,24.9,60,1004.1,310,1.9,-9900,-9900,0.0,0.0
2017,7,3,14,60,1216.97,1321.90,288.89,8.93,280.67,9,31.1,24.1,66,1003.9,300,0.8,20,1,0.5,0.5
2017,7,3,15,60,1067.79,1321.90,272.22,12.28,262.30,10,24.7,20.2,76,1005.4,130,3.9,-9900,-9900,28.5,1.0
2017,7,3,16,60,860.72,1321.90,152.78,4.55,149.82,10,25.8,21.6,78,1004.5,60,0.9,-9900,-9900,0.5,0.7
2017,7,3,17,60,609.87,1321.90,391.67,537.80,143.55,9,27.6,22.5,74,1003.6,80,0.8,40,3,0.0,0.0
2017,7,3,18,60,332.34,1321.90,222.22,0.00,222.22,9,28.1,22.3,71,1004.5,80,1.7,-9900,-9900,0.0,0.0
2017,7,3,19,60,62.47,872.95,0.00,0.00,0.00,9,28.1,22.3,71,1005.1,130,0.6,-9900,-9900,0.0,0.0
2017,7,3,20,60,0.00,0.00,0.00,0.00,0.00,9,28.1,22.1,70,1005.8,140,2.0,-9900,-9900,0.0,0.0
2017,7,3,21,60,0.00,0.00,0.00,0.00,0.00,9,27.7,22.1,72,1006.7,150,1.8,-9900,-9900,0.0,0.0
2017,7,3,22,60,0.00,0.00,0.00,0.00,0.00,9,27.7,22.0,71,1006.7,110,0.5,-9900,-9900,0.0,0.0
2017,7,3,23,60,0.00,0.00,0.00,0.00,0.00,9,27.6,21.8,71,1006.6,160,1.9,-9900,-9900,0.0,0.0
2017,7,3,24,60,0.00,0.00,0.00,0.00,0.00,9,27.2,21.4,71,1006.3,140,0.8,-9900,-9900,0.0,0.0
2017,7,4,1,60,0.00,0.00,0.00,0.00,0.00,8,26.9,21.2,71,1006.0,160,2.0,-9900,-9900,0.0,0.0
2017,7,4,2,60,0.00,0.00,0.00,0.00,0.00,8,26.8,21.2,71,1005.7,160,1.8,-9900,-9900,0.0,0.0
2017,7,4,3,60,0.00,0.00,0.00,0.00,0.00,8,26.7,20.9,71,1005.3,160,1.1,-9900,-9900,0.0,0.0
2017,7,4,4,60,0.00,0.00,0.00,0.00,0.00,8,26.6,20.9,71,1005.4,160,2.1,-9900,-9900,0.0,0.0
2017,7,4,5,60,0.00,0.00,0.00,0.00,0.00,8,26.4,20.6,70,1005.8,160,1.9,-9900,-9900,0.0,0.0
2017,7,4,6,60,106.01,1135.79,8.33,0.00,8.33,8,26.6,20.9,71,1006.8,140,1.7,-9900,-9900,0.0,0.0
2017,7,4,7,60,389.00,1321.93,177.78,174.19,126.52,8,27.7,22.4,73,1007.5,90,1.2,-9900,-9900,0.0,0.0
2017,7,4,8,60,662.80,1321.93,286.11,139.75,216.04,8,29.2,23.2,70,1007.5,130,0.6,20,1,0.0,0.0
2017,7,4,9,60,906.27,1321.93,494.44,326.05,270.91,6,31.1,23.9,66,1007.8,120,1.1,25,-9900,0.0,0.0
2017,7,4,10,60,1102.80,1321.93,730.56,586.23,241.51,7,32.5,24.0,61,1007.4,70,2.2,-9900,-9900,0.0,0.0
2017,7,4,11,60,1239.00,1321.93,722.22,403.16,344.35,8,34.0,24.2,57,1007.2,100,0.7,30,1,0.0,0.0
2017,7,4,12,60,1305.59,1321.93,283.33,6.56,276.85,9,31.9,23.8,62,1006.7,290,1.8,-9900,-9900,0.0,0.0
2017,7,4,13,60,1298.04,1321.93,708.33,326.28,387.95,8,33.7,25.1,61,1006.2,300,2.2,-9900,-9900,0.0,0.0
2017,7,4,14,60,1216.86,1321.93,847.22,668.59,231.77,7,34.4,25.1,59,1005.7,300,1.8,15,1,0.0,0.0
2017,7,4,15,60,1067.58,1321.93,297.22,18.92,281.94,9,31.9,23.4,61,1005.4,290,1.1,-9900,-9900,0.0,0.0
2017,7,4,16,60,860.38,1321.93,8.33,0.08,8.28,10,30.9,23.1,63,1006.4,200,2.9,-9900,-9900,0.0,0.1
2017,7,4,17,60,609.36,1321.93,0.00,0.00,0.00,10,26.4,21.9,76,1006.5,150,2.7,9,2,5.5,1.0
2017,7,4,18,60,331.65,1321.93,0.00,0.00,0.00,10,26.4,22.2,78,1006.8,140,0.8,-9900,-9900,1.5,1.0
2017,7,4,19,60,61.91,868.79,0.00,0.00,0.00,10,26.4,21.9,76,1007.4,170,0.3,-9900,-9900,0.4,1.0
2017,7,4,20,60,0.00,0.00,0.00,0.00,0.00,10,26.2,21.5,75,1007.6,120,1.1,-9900,-9900,0.1,0.9
2017,7,4,21,60,0.00,0.00,0.00,0.00,0.00,9,26.3,21.4,74,1007.9,150,1.7,-9900,-9900,0.0,0.0
2017,7,4,22,60,0.00,0.00,0.00,0.00,0.00,9,26.3,22.0,77,1008.0,170,1.5,-9900,-9900,0.0,0.0
2017,7,4,23,60,0.00,0.00,0.00,0.00,0.00,9,26.6,21.7,75,1007.8,140,2.0,-9900,-9900,0.0,0.0
2017,7,4,24,60,0.00,0.00,0.00,0.00,0.00,9,26.5,21.4,74,1007.6,180,1.4,-9900,-9900,0.0,0.0
2017,7,5,1,60,0.00,0.00,0.00,0.00,0.00,9,26.6,20.9,71,1007.3,160,1.8,-9900,-9900,0.0,0.0
2017,7,5,2,60,0.00,0.00,0.00,0.00,0.00,9,26.4,20.7,71,1007.2,160,2.0,-9900,-9900,0.0,0.0
2017,7,5,3,60,0.00,0.00,0.00,0.00,0.00,9,26.1,20.3,70,1007.6,180,1.4,-9900,-9900,0.0,0.0
2017,7,5,4,60,0.00,0.00,0.00,0.00,0.00,9,25.8,20.6,73,1007.7,0,0.0,-9900,-9900,0.0,0.0
2017,7,5,5,60,0.00,0.00,0.00,0.00,0.00,8,26.0,20.4,71,1008.1,150,1.6,-9900,-9900,0.0,0.0
2017,7,5,6,60,105.25,1131.32,5.56,0.00,5.56,8,26.2,20.6,71,1008.5,120,1.2,-9900,-9900,0.0,0.0
2017,7,5,7,60,388.31,1321.97,166.67,136.65,126.53,8,26.8,21.0,71,1009.0,170,0.8,-9900,-9900,0.0,0.0
2017,7,5,8,60,662.30,1321.97,250.00,80.24,209.80,8,28.1,22.0,70,1009.0,80,0.6,30,-9900,0.0,0.0
2017,7,5,9,60,905.93,1321.97,402.78,156.79,295.33,8,29.9,22.6,65,1009.0,110,0.6,30,-9900,0.0,0.0
2017,7,5,10,60,1102.60,1321.97,716.67,556.29,252.69,8,32.4,23.6,60,1008.4,60,2.2,-9900,-9900,0.0,0.0
2017,7,5,11,60,1238.90,1321.97,944.44,826.36,170.00,7,33.5,24.6,60,1008.4,50,2.0,30,-9900,0.0,0.0
2017,7,5,12,60,1305.54,1321.97,1000.00,830.32,180.00,7,34.6,24.6,56,1008.2,10,3.4,-9900,-9900,0.0,0.0
2017,7,5,13,60,1297.99,1321.97,1000.00,835.15,180.00,4,35.1,24.4,54,1007.9,20,2.4,-9900,-9900,0.0,0.0
2017,7,5,14,60,1216.75,1321.97,702.78,391.78,342.18,7,33.4,22.7,54,1007.4,30,2.7,40,1,0.0,0.0
2017,7,5,15,60,1067.37,1321.97,536.11,245.91,337.56,8,34.1,23.2,53,1007.1,350,0.6,-9900,-9900,0.0,0.0
2017,7,5,16,60,860.01,1321.97,30.56,0.37,30.32,9,31.4,22.7,60,1006.8,180,2.9,-9900,-9900,0.0,0.0
2017,7,5,17,60,608.83,1321.97,66.67,2.00,65.75,8,30.7,22.0,60,1006.7,190,2.3,30,-9900,0.0,0.0
2017,7,5,18,60,330.92,1321.97,38.89,0.00,38.89,8,30.6,21.8,59,1007.0,210,1.1,-9900,-9900,0.0,0.0
2017,7,5,19,60,61.32,864.30,0.00,0.00,0.00,8,30.4,21.8,60,1007.4,70,0.6,-9900,-9900,0.0,0.0
2017,7,5,20,60,0.00,0.00,0.00,0.00,0.00,8,30.6,21.6,59,1007.9,130,0.8,-9900,-9900,0.0,0.0
2017,7,5,21,60,0.00,0.00,0.00,0.00,0.00,8,29.6,22.1,64,1008.5,160,1.3,-9900,-9900,0.0,0.0
2017,7,5,22,60,0.00,0.00,0.00,0.00,0.00,8,29.2,21.6,64,1009.0,200,1.1,-9900,-9900,0.0,0.0
2017,7,5,23,60,0.00,0.00,0.00,0.00,0.00,8,29.1,21.6,64,1009.0,190,1.4,-9900,-9900,0.0,0.0
2017,7,5,24,60,0.00,0.00,0.00,0.00,0.00,8,28.8,21.5,65,1009.0,190,1.4,-9900,-9900,0.0,0.0
2017,7,6,1,60,0.00,0.00,0.00,0.00,0.00,7,28.4,21.7,67,1008.5,150,1.3,-9900,-9900,0.0,0.0
2017,7,6,2,60,0.00,0.00,0.00,0.00,0.00,7,28.1,21.7,68,1008.0,150,1.6,-9900,-9900,0.0,0.0
2017,7,6,3,60,0.00,0.00,0.00,0.00,0.00,7,27.8,21.6,69,1007.5,150,1.8,-9900,-9900,0.0,0.0
2017,7,6,4,60,0.00,0.00,0.00,0.00,0.00,7,27.5,21.6,70,1007.3,130,1.5,-9900,-9900,0.0,0.0
2017,7,6,5,60,0.00,0.00,0.00,0.00,0.00,7,27.5,21.6,70,1007.5,150,0.9,-9900,-9900,0.0,0.0
2017,7,6,6,60,104.43,1126.52,30.56,0.00,30.56,7,27.4,21.5,70,1007.7,130,1.3,-9900,-9900,0.0,0.0
2017,7,6,7,60,387.56,1322.02,208.33,310.41,117.33,7,28.8,22.6,69,1008.3,0,0.0,-9900,-9900,0.0,0.0
2017,7,6,8,60,661.76,1322.02,386.11,404.38,183.69,7,30.0,23.3,67,1008.7,260,0.8,25,-9900,0.0,0.0
2017,7,6,9,60,905.58,1322.02,255.56,20.26,241.68,7,30.5,22.5,62,1008.4,120,0.9,25,1,0.0,0.0
2017,7,6,10,60,1102.40,1322.02,672.22,462.61,286.46,8,31.9,23.7,62,1008.0,110,0.4,-9900,-9900,0.0,0.0
2017,7,6,11,60,1238.80,1322.02,705.56,374.83,354.33,7,33.1,24.0,59,1007.7,270,0.6,25,1,0.0,0.0
2017,7,6,12,60,1305.49,1322.02,519.44,100.41,420.29,7,32.9,23.2,57,1007.1,60,2.1,-9900,-9900,0.0,0.0
2017,7,6,13,60,1297.93,1322.02,497.22,85.53,413.25,7,33.1,23.8,58,1006.5,70,1.3,-9900,-9900,0.0,0.0
2017,7,6,14,60,1216.63,1322.02,852.78,680.18,226.82,7,34.1,23.6,54,1005.5,60,4.0,40,-9900,0.0,0.0
2017,7,6,15,60,1067.13,1322.02,730.56,640.11,213.86,7,34.1,22.8,52,1004.8,50,4.2,-9900,-9900,0.0,0.0
2017,7,6,16,60,859.63,1322.02,438.89,260.41,269.56,8,32.9,22.0,53,1005.0,80,4.5,-9900,-9900,0.0,0.0
2017,7,6,17,60,608.25,1322.02,11.11,0.15,11.04,7,29.9,20.8,58,1005.2,210,2.5,35,1,0.0,0.0
2017,7,6,18,60,330.13,1322.02,72.22,0.00,72.22,7,30.8,21.6,58,1005.7,210,1.3,-9900,-9900,0.0,0.0
2017,7,6,19,60,60.68,859.49,0.00,0.00,0.00,7,30.8,21.7,58,1006.6,170,1.1,-9900,-9900,0.0,0.0
2017,7,6,20,60,0.00,0.00,0.00,0.00,0.00,8,30.4,22.5,63,1006.7,260,1.0,-9900,-9900,0.0,0.0
2017,7,6,21,60,0.00,0.00,0.00,0.00,0.00,8,29.5,21.8,63,1007.5,200,1.1,-9900,-9900,0.0,0.0
2017,7,6,22,60,0.00,0.00,0.00,0.00,0.00,8,29.3,21.6,63,1007.5,260,1.9,-9900,-9900,0.0,0.0
2017,7,6,23,60,0.00,0.00,0.00,0.00,0.00,8,29.0,21.5,64,1007.8,220,1.3,-9900,-9900,0.0,0.0
2017,7,6,24,60,0.00,0.00,0.00,0.00,0.00,8,28.9,21.5,64,1007.6,260,0.7,-9900,-9900,0.0,0.0
2017,7,7,1,60,0.00,0.00,0.00,0.00,0.00,9,28.4,21.2,65,1007.6,200,1.4,-9900,-9900,0.0,0.0
2017,7,7,2,60,0.00,0.00,0.00,0.00,0.00,9,28.7,21.3,64,1007.3,160,0.8,-9900,-9900,0.0,0.0
2017,7,7,3,60,0.00,0.00,0.00,0.00,0.00,9,28.2,21.4,67,1007.3,160,1.2,-9900,-9900,0.0,0.0
2017,7,7,4,60,0.00,0.00,0.00,0.00,0.00,9,28.1,21.4,67,1007.2,130,1.3,-9900,-9900,0.0,0.0
2017,7,7,5,60,0.00,0.00,0.00,0.00,0.00,9,28.0,21.3,67,1007.1,160,1.4,-9900,-9900,0.0,0.0
2017,7,7,6,60,103.57,1121.42,0.00,0.00,0.00,10,27.8,21.3,68,1007.3,170,0.6,-9900,-9900,0.0,0.0
2017,7,7,7,60,386.77,1322.09,0.00,0.00,0.00,10,28.1,21.5,67,1007.7,90,0.9,-9900,-9900,0.0,0.0
2017,7,7,8,60,661.20,1322.09,122.22,4.88,119.78,10,29.4,22.5,66,1008.0,150,0.7,30,3,0.0,0.0
2017,7,7,9,60,905.22,1322.09,280.56,32.26,258.47,10,30.1,22.0,62,1008.4,80,2.8,30,3,0.0,0.0
2017,7,7,10,60,1102.19,1322.09,319.44,23.15,300.14,10,30.8,22.8,62,1008.0,90,1.8,-9900,-9900,0.0,0.0
2017,7,7,11,60,1238.70,1322.09,333.33,15.98,318.36,9,31.2,23.0,62,1007.6,50,2.1,25,3,0.0,0.0
2017,7,7,12,60,1305.45,1322.09,466.67,63.11,404.35,10,32.1,23.2,59,1007.5,50,0.7,-9900,-9900,0.0,0.0
2017,7,7,13,60,1297.88,1322.09,455.56,58.10,398.52,10,32.6,24.0,61,1006.8,250,0.5,-9900,-9900,0.0,0.0
2017,7,7,14,60,1216.51,1322.09,438.89,65.76,378.38,9,32.7,23.9,60,1006.6,290,0.7,15,3,0.0,0.0
2017,7,7,15,60,1066.89,1322.09,477.78,161.23,347.67,10,32.2,23.7,61,1006.6,300,2.1,-9900,-9900,0.0,0.0
2017,7,7,16,60,859.22,1322.09,355.56,118.03,278.85,10,31.6,22.5,59,1006.8,300,1.4,-9900,-9900,0.0,0.0
2017,7,7,17,60,607.64,1322.09,38.89,0.87,38.49,10,26.8,20.7,69,1008.3,230,6.0,4,1,0.8,0.5
2017,7,7,18,60,329.29,1322.09,0.00,0.00,0.00,10,25.0,20.8,78,1009.5,40,0.9,-9900,-9900,7.4,1.0
2017,7,7,19,60,60.01,854.38,0.00,0.00,0.00,10,25.1,20.7,77,1009.6,110,0.7,-9900,-9900,3.5,1.0
2017,7,7,20,60,0.00,0.00,0.00,0.00,0.00,10,25.1,20.9,78,1009.6,60,1.1,-9900,-9900,4.2,1.0
2017,7,7,21,60,0.00,0.00,0.00,0.00,0.00,9,25.4,21.1,77,1010.0,100,0.5,-9900,-9900,1.0,1.0
2017,7,7,22,60,0.00,0.00,0.00,0.00,0.00,9,25.6,21.3,77,1010.4,120,0.6,-9900,-9900,0.1,1.0
2017,7,7,23,60,0.00,0.00,0.00,0.00,0.00,9,25.5,21.2,77,1010.4,190,1.3,-9900,-9900,0.0,0.7
2017,7,7,24,60,0.00,0.00,0.00,0.00,0.00,9,25.3,20.5,75,1010.1,130,1.9,-9900,-9900,0.0,0.0
2017,7,8,1,60,0.00,0.00,0.00,0.00,0.00,9,25.3,20.8,76,1009.5,150,0.9,-9900,-9900,0.0,0.0
2017,7,8,2,60,0.00,0.00,0.00,0.00,0.00,9,25.3,20.6,75,1009.0,130,1.1,-9900,-9900,0.0,0.0
2017,7,8,3,60,0.00,0.00,0.00,0.00,0.00,9,25.3,20.5,75,1008.3,140,1.5,-9900,-9900,0.0,0.0
2017,7,8,4,60,0.00,0.00,0.00,0.00,0.00,9,25.2,20.7,76,1007.9,130,0.8,-9900,-9900,0.0,0.0
2017,7,8,5,60,0.00,0.00,0.00,0.00,0.00,8,25.5,20.6,74,1007.6,140,1.1,-9900,-9900,0.0,0.0
2017,7,8,6,60,102.66,1116.00,0.00,0.00,0.00,8,25.8,20.9,74,1008.0,170,0.7,-9900,-9900,0.0,0.0
2017,7,8,7,60,385.93,1322.17,163.89,131.01,125.65,8,26.7,21.3,72,1008.3,140,1.6,-9900,-9900,0.0,0.0
2017,7,8,8,60,660.59,1322.17,241.67,69.97,206.71,8,27.8,22.2,72,1008.6,70,0.5,35,3,0.0,0.0
2017,7,8,9,60,904.82,1322.17,333.33,72.16,283.95,8,28.9,22.5,68,1008.8,0,0.0,35,3,0.0,0.0
2017,7,8,10,60,1101.97,1322.17,497.22,165.96,358.90,8,30.5,23.2,65,1008.8,150,0.8,-9900,-9900,0.0,0.0
2017,7,8,11,60,1238.60,1322.17,530.56,135.58,403.55,9,31.4,22.7,60,1008.4,170,0.8,35,3,0.0,0.0
2017,7,8,12,60,1305.40,1322.17,511.11,93.85,418.45,9,32.5,23.1,58,1008.0,210,0.4,-9900,-9900,0.0,0.0
2017,7,8,13,60,1297.83,1322.17,761.11,410.89,357.78,8,33.0,22.8,55,1007.6,150,0.9,-9900,-9900,0.0,0.0
2017,7,8,14,60,1216.40,1322.17,605.56,238.34,386.29,7,34.2,24.7,58,1007.1,300,0.9,30,-9900,0.0,0.0
2017,7,8,15,60,1066.65,1322.17,533.33,242.05,338.06,8,32.6,24.2,61,1006.8,310,1.0,-9900,-9900,0.0,0.0
2017,7,8,16,60,858.79,1322.17,180.56,6.10,176.60,9,31.2,23.2,63,1006.4,270,1.1,-9900,-9900,0.0,0.0
2017,7,8,17,60,606.99,1322.17,141.67,8.34,137.84,9,30.5,23.3,66,1006.4,270,0.8,20,-9900,0.0,0.9
2017,7,8,18,60,328.40,1322.17,47.22,0.00,47.22,9,30.1,22.6,64,1007.3,230,2.2,-9900,-9900,0.0,0.3
2017,7,8,19,60,59.30,848.95,0.00,0.00,0.00,9,29.0,21.4,64,1008.8,180,2.1,-9900,-9900,0.0,0.0
2017,7,8,20,60,0.00,0.00,0.00,0.00,0.00,9,25.0,19.9,73,1009.5,90,1.3,-9900,-9900,0.5,0.4
2017,7,8,21,60,0.00,0.00,0.00,0.00,0.00,9,24.9,20.4,76,1009.5,100,1.3,-9900,-9900,2.0,1.0
2017,7,8,22,60,0.00,0.00,0.00,0.00,0.00,9,25.8,21.3,76,1009.6,100,0.9,-9900,-9900,0.5,0.3
2017,7,8,23,60,0.00,0.00,0.00,0.00,0.00,9,26.2,21.7,76,1009.6,170,1.3,-9900,-9900,0.0,0.0
2017,7,8,24,60,0.00,0.00,0.00,0.00,0.00,9,25.9,21.5,77,1009.4,0,0.0,-9900,-9900,0.0,0.0
2017,7,9,1,60,0.00,0.00,0.00,0.00,0.00,8,26.1,21.3,75,1008.9,160,1.5,-9900,-9900,0.0,0.0
2017,7,9,2,60,0.00,0.00,0.00,0.00,0.00,8,26.2,21.3,74,1008.5,120,1.5,-9900,-9900,0.0,0.0
2017,7,9,3,60,0.00,0.00,0.00,0.00,0.00,8,26.1,21.5,76,1008.1,170,0.5,-9900,-9900,0.0,0.0
2017,7,9,4,60,0.00,0.00,0.00,0.00,0.00,8,25.8,21.2,76,1007.7,180,1.1,-9900,-9900,0.0,0.0
2017,7,9,5,60,0.00,0.00,0.00,0.00,0.00,8,25.8,21.1,75,1007.8,150,0.9,-9900,-9900,0.0,0.0
2017,7,9,6,60,101.69,1110.28,0.00,0.00,0.00,8,26.1,21.2,74,1008.1,130,0.9,-9900,-9900,0.0,0.0
2017,7,9,7,60,385.04,1322.26,166.67,141.31,125.52,8,27.0,21.6,72,1008.2,150,1.2,-9900,-9900,0.0,0.0
2017,7,9,8,60,659.95,1322.26,288.89,147.66,215.19,8,28.5,22.9,72,1008.3,0,0.0,50,-9900,0.0,0.0
2017,7,9,9,60,904.41,1322.26,497.22,334.45,268.46,8,30.4,23.3,66,1008.0,140,0.7,50,-9900,0.0,0.0
2017,7,9,10,60,1101.73,1322.26,791.67,723.65,188.71,8,32.6,23.9,60,1007.6,230,0.7,-9900,-9900,0.0,0.0
2017,7,9,11,60,1238.49,1322.26,697.22,361.19,358.91,8,32.7,23.2,57,1007.3,280,0.4,50,-9900,0.0,0.0
2017,7,9,12,60,1305.35,1322.26,497.22,83.47,414.82,8,32.7,23.1,57,1007.0,220,1.1,-9900,-9900,0.0,0.0
2017,7,9,13,60,1297.78,1322.26,691.67,301.69,395.57,8,34.4,25.2,59,1006.5,310,1.1,-9900,-9900,0.0,0.0
2017,7,9,14,60,1216.27,1322.26,269.44,6.96,263.04,8,32.1,23.5,61,1006.2,320,1.9,40,1,0.0,0.0
2017,7,9,15,60,1066.38,1322.26,100.00,1.56,98.74,8,29.7,24.1,72,1005.8,340,2.5,-9900,-9900,0.5,0.3
2017,7,9,16,60,858.33,1322.26,69.44,1.23,68.64,10,26.1,21.7,77,1006.1,130,2.2,-9900,-9900,30.0,1.0
2017,7,9,17,60,606.30,1322.26,136.11,7.26,132.78,9,26.9,22.8,78,1005.9,140,1.9,13,1,5.1,1.0
2017,7,9,18,60,327.46,1322.26,105.56,0.00,105.56,9,27.2,22.5,76,1006.0,160,1.2,-9900,-9900,0.0,0.1
2017,7,9,19,60,58.55,843.20,0.00,0.00,0.00,9,27.1,22.6,76,1006.2,160,0.5,-9900,-9900,0.0,0.0
2017,7,9,20,60,0.00,0.00,0.00,0.00,0.00,9,27.2,22.7,76,1006.7,180,0.5,-9900,-9900,0.0,0.0
2017,7,9,21,60,0.00,0.00,0.00,0.00,0.00,9,27.4,22.8,76,1006.8,170,0.9,-9900,-9900,0.0,0.0
2017,7,9,22,60,0.00,0.00,0.00,0.00,0.00,9,27.5,22.5,74,1007.0,150,1.8,-9900,-9900,0.0,0.0
2017,7,9,23,60,0.00,0.00,0.00,0.00,0.00,9,27.2,22.6,76,1006.9,190,1.5,-9900,-9900,0.0,0.0
2017,7,9,24,60,0.00,0.00,0.00,0.00,0.00,9,27.0,22.2,75,1006.4,150,1.2,-9900,-9900,0.0,0.0
2017,7,10,1,60,0.00,0.00,0.00,0.00,0.00,10,26.8,22.1,75,1005.9,130,0.8,-9900,-9900,0.0,0.0
2017,7,10,2,60,0.00,0.00,0.00,0.00,0.00,10,26.7,21.8,75,1005.3,140,1.4,-9900,-9900,0.0,0.0
2017,7,10,3,60,0.00,0.00,0.00,0.00,0.00,10,26.6,21.7,75,1005.1,150,1.8,-9900,-9900,0.0,0.0
2017,7,10,4,60,0.00,0.00,0.00,0.00,0.00,10,26.5,21.5,74,1004.9,130,1.1,-9900,-9900,0.0,0.0
2017,7,10,5,60,0.00,0.00,0.00,0.00,0.00,10,26.3,21.7,76,1005.1,150,0.3,-9900,-9900,0.0,0.0
2017,7,10,6,60,100.68,1104.26,0.00,0.00,0.00,10,26.7,21.7,74,1005.6,130,1.3,-9900,-9900,0.0,0.0
2017,7,10,7,60,384.10,1322.37,102.78,15.53,98.27,10,27.5,22.2,73,1006.0,160,0.7,-9900,-9900,0.0,0.0
2017,7,10,8,60,659.28,1322.37,333.33,251.75,207.82,10,29.0,23.6,73,1006.1,90,0.3,15,-9900,0.0,0.0
2017,7,10,9,60,903.97,1322.37,358.33,98.87,290.74,9,29.7,23.5,69,1006.2,340,0.9,15,-9900,0.0,0.0
2017,7,10,10,60,1101.49,1322.37,669.44,458.17,287.80,9,31.8,25.0,67,1005.8,120,0.7,-9900,-9900,0.0,0.0
2017,7,10,11,60,1238.38,1322.37,813.89,573.81,276.53,9,33.6,25.1,61,1005.6,270,0.6,15,1,0.0,0.0
2017,7,10,12,60,1305.31,1322.37,802.78,474.64,334.26,9,34.3,25.7,61,1005.5,310,1.7,-9900,-9900,0.0,0.0
2017,7,10,13,60,1297.72,1322.37,688.89,297.69,396.75,9,33.5,24.8,60,1005.0,300,0.7,-9900,-9900,0.0,0.0
2017,7,10,14,60,1216.13,1322.37,205.56,4.18,201.72,10,31.7,24.5,66,1005.0,340,1.4,15,1,0.2,0.3
2017,7,10,15,60,1066.09,1322.37,66.67,0.83,66.00,10,29.7,23.8,71,1005.0,60,2.5,-9900,-9900,1.5,0.3
2017,7,10,16,60,857.84,1322.37,133.33,3.62,130.98,8,28.0,23.6,77,1004.9,20,2.0,-9900,-9900,18.0,1.0
2017,7,10,17,60,605.57,1322.37,30.56,0.61,30.28,10,28.4,23.7,76,1005.0,20,1.6,15,1,0.0,1.0
2017,7,10,18,60,326.46,1322.37,69.44,0.00,69.44,9,29.1,23.6,72,1005.0,40,1.9,-9900,-9900,0.0,0.2
2017,7,10,19,60,57.77,837.16,0.00,0.00,0.00,9,29.2,23.7,72,1005.6,60,1.5,-9900,-9900,0.0,0.0
2017,7,10,20,60,0.00,0.00,0.00,0.00,0.00,8,28.5,23.8,76,1006.0,200,0.8,-9900,-9900,0.0,0.0
2017,7,10,21,60,0.00,0.00,0.00,0.00,0.00,8,28.4,23.6,75,1006.4,110,1.4,-9900,-9900,0.0,0.0
2017,7,10,22,60,0.00,0.00,0.00,0.00,0.00,7,28.9,23.7,74,1007.1,80,0.8,-9900,-9900,0.0,0.0
2017,7,10,23,60,0.00,0.00,0.00,0.00,0.00,6,28.7,23.5,74,1006.9,120,1.2,-9900,-9900,0.0,0.0
2017,7,10,24,60,0.00,0.00,0.00,0.00,0.00,6,28.3,23.5,75,1006.4,90,0.6,-9900,-9900,0.0,0.0
2017,7,11,1,60,0.00,0.00,0.00,0.00,0.00,5,28.0,23.3,76,1006.0,130,0.9,-9900,-9900,0.0,0.0
2017,7,11,2,60,0.00,0.00,0.00,0.00,0.00,5,27.8,23.1,76,1005.9,160,0.7,-9900,-9900,0.0,0.0
2017,7,11,3,60,0.00,0.00,0.00,0.00,0.00,4,28.0,22.6,73,1005.8,150,2.0,-9900,-9900,0.0,0.0
2017,7,11,4,60,0.00,0.00,0.00,0.00,0.00,3,27.6,22.2,72,1005.9,160,1.6,-9900,-9900,0.0,0.0
2017,7,11,5,60,0.00,0.00,0.00,0.00,0.00,3,27.1,22.4,76,1006.3,80,0.4,-9900,-9900,0.0,0.0
2017,7,11,6,60,99.62,1097.93,0.00,0.00,0.00,2,27.3,22.4,75,1006.7,170,1.1,-9900,-9900,0.0,0.0
2017,7,11,7,60,383.10,1322.49,175.00,173.95,124.61,2,28.6,23.1,72,1007.1,180,0.3,-9900,-9900,0.0,0.0
2017,7,11,8,60,658.57,1322.49,377.78,383.55,186.78,1,30.0,24.3,72,1007.4,180,0.8,12,-9900,0.0,0.0
2017,7,11,9,60,903.51,1322.49,530.56,412.68,248.62,3,32.0,25.4,68,1008.0,360,0.3,12,-9900,0.0,0.0
2017,7,11,10,60,1101.23,1322.49,652.78,424.81,299.04,4,32.9,24.9,63,1008.0,280,0.5,-9900,-9900,0.0,0.0
2017,7,11,11,60,1238.26,1322.49,613.89,234.91,393.94,6,33.6,25.0,61,1007.9,40,1.1,12,1,0.0,0.0
2017,7,11,12,60,1305.26,1322.49,183.33,3.04,180.33,9,31.6,24.2,65,1007.7,40,1.9,-9900,-9900,0.0,0.2
2017,7,11,13,60,1297.67,1322.49,288.89,7.06,281.96,8,31.5,26.0,73,1007.3,330,1.5,-9900,-9900,3.0,0.8
2017,7,11,14,60,1215.99,1322.49,369.44,29.27,342.53,8,30.9,25.1,71,1007.3,320,0.8,25,1,0.0,0.0
2017,7,11,15,60,1065.80,1322.49,116.67,2.01,115.05,7,30.4,24.6,71,1007.1,270,2.1,-9900,-9900,0.0,0.0
2017,7,11,16,60,857.34,1322.49,69.44,1.23,68.64,8,28.7,21.8,66,1007.0,220,1.1,-9900,-9900,0.0,0.0
2017,7,11,17,60,604.80,1322.49,119.44,5.49,116.93,7,29.0,21.7,65,1006.8,220,0.9,20,1,0.0,0.0
2017,7,11,18,60,325.41,1322.49,0.00,0.00,0.00,7,29.2,21.9,65,1007.2,190,0.4,-9900,-9900,0.0,0.0
2017,7,11,19,60,56.95,830.81,0.00,0.00,0.00,6,29.2,22.3,66,1008.0,0,0.0,-9900,-9900,0.0,0.0
2017,7,11,20,60,0.00,0.00,0.00,0.00,0.00,6,28.7,22.3,68,1008.6,0,0.0,-9900,-9900,0.0,0.0
2017,7,11,21,60,0.00,0.00,0.00,0.00,0.00,5,28.8,22.5,69,1009.1,210,0.9,-9900,-9900,0.0,0.0
2017,7,11,22,60,0.00,0.00,0.00,0.00,0.00,5,28.7,22.5,69,1009.7,200,1.0,-9900,-9900,0.0,0.0
2017,7,11,23,60,0.00,0.00,0.00,0.00,0.00,5,28.5,22.5,70,1009.7,200,1.1,-9900,-9900,0.0,0.0
2017,7,11,24,60,0.00,0.00,0.00,0.00,0.00,4,28.2,22.6,72,1009.4,180,0.7,-9900,-9900,0.0,0.0
2017,7,12,1,60,0.00,0.00,0.00,0.00,0.00,4,27.9,22.3,72,1008.8,160,0.9,-9900,-9900,0.0,0.0
2017,7,12,2,60,0.00,0.00,0.00,0.00,0.00,3,27.3,22.3,74,1009.0,0,0.0,-9900,-9900,0.0,0.0
2017,7,12,3,60,0.00,0.00,0.00,0.00,0.00,3,27.6,22.3,73,1008.9,130,1.1,-9900,-9900,0.0,0.0
2017,7,12,4,60,0.00,0.00,0.00,0.00,0.00,3,27.4,21.9,72,1008.9,170,1.3,-9900,-9900,0.0,0.0
2017,7,12,5,60,0.00,0.00,0.00,0.00,0.00,2,27.1,21.8,73,1009.0,160,1.5,-9900,-9900,0.0,0.0
2017,7,12,6,60,98.52,1091.31,0.00,0.00,0.00,2,27.2,22.0,73,1009.2,160,1.3,-9900,-9900,0.0,0.0
2017,7,12,7,60,382.06,1322.62,141.67,74.29,120.21,1,28.1,22.5,72,1009.2,160,0.9,-9900,-9900,0.0,0.0
2017,7,12,8,60,657.82,1322.62,394.44,440.00,175.60,1,29.8,24.2,72,1009.0,110,0.3,18,-9900,0.0,0.0
2017,7,12,9,60,903.03,1322.62,586.11,554.33,207.64,2,32.3,24.4,63,1008.9,210,0.5,18,-9900,0.0,0.0
2017,7,12,10,60,1100.96,1322.62,747.22,625.98,226.15,1,33.3,23.8,58,1008.9,180,0.9,-9900,-9900,0.0,0.0
2017,7,12,11,60,1238.14,1322.62,619.44,242.64,392.30,3,34.6,25.3,59,1008.7,330,1.4,20,-9900,0.0,0.0
2017,7,12,12,60,1305.21,1322.62,861.11,580.00,288.75,2,34.7,25.6,59,1008.6,290,1.8,-9900,-9900,0.0,0.0
2017,7,12,13,60,1297.60,1322.62,841.67,553.35,298.79,4,33.5,25.2,62,1008.2,280,1.6,-9900,-9900,0.0,0.0
2017,7,12,14,60,1215.84,1322.62,191.67,3.71,188.26,9,32.4,23.8,61,1008.0,330,1.0,18,1,0.0,0.0
2017,7,12,15,60,1065.50,1322.62,88.89,1.30,87.84,9,31.8,23.2,60,1007.6,40,1.5,-9900,-9900,0.0,0.0
2017,7,12,16,60,856.81,1322.62,247.22,22.65,232.55,9,32.9,23.7,59,1007.1,180,0.9,-9900,-9900,0.0,0.0
2017,7,12,17,60,604.00,1322.62,344.44,376.49,172.51,8,32.0,23.7,62,1006.8,170,1.7,20,1,0.0,0.0
2017,7,12,18,60,324.30,1322.62,138.89,0.00,138.89,8,31.7,23.9,63,1007.4,210,1.6,-9900,-9900,0.0,0.0
2017,7,12,19,60,56.09,824.16,0.00,0.00,0.00,7,31.3,23.4,63,1007.6,210,1.0,-9900,-9900,0.0,0.0
2017,7,12,20,60,0.00,0.00,0.00,0.00,0.00,7,30.1,24.0,70,1008.2,90,1.1,-9900,-9900,0.0,0.0
2017,7,12,21,60,0.00,0.00,0.00,0.00,0.00,6,29.6,23.2,69,1008.2,160,1.6,-9900,-9900,0.0,0.0
2017,7,12,22,60,0.00,0.00,0.00,0.00,0.00,6,29.3,22.8,68,1007.9,160,2.5,-9900,-9900,0.0,0.0
2017,7,12,23,60,0.00,0.00,0.00,0.00,0.00,5,28.8,22.6,69,1007.9,160,2.0,-9900,-9900,0.0,0.0
2017,7,12,24,60,0.00,0.00,0.00,0.00,0.00,5,28.8,22.7,70,1007.7,170,1.1,-9900,-9900,0.0,0.0
2017,7,13,1,60,0.00,0.00,0.00,0.00,0.00,4,28.7,22.6,70,1007.1,170,1.1,-9900,-9900,0.0,0.0
2017,7,13,2,60,0.00,0.00,0.00,0.00,0.00,4,28.0,22.1,70,1006.6,160,1.6,-9900,-9900,0.0,0.0
2017,7,13,3,60,0.00,0.00,0.00,0.00,0.00,3,27.6,21.6,70,1006.4,140,1.5,-9900,-9900,0.0,0.0
2017,7,13,4,60,0.00,0.00,0.00,0.00,0.00,3,27.5,21.5,70,1006.5,160,2.4,-9900,-9900,0.0,0.0
2017,7,13,5,60,0.00,0.00,0.00,0.00,0.00,2,27.1,21.4,71,1006.8,150,1.1,-9900,-9900,0.0,0.0
2017,7,13,6,60,97.37,1084.40,0.00,0.00,0.00,2,27.2,21.6,72,1007.1,160,1.9,-9900,-9900,0.0,0.0
2017,7,13,7,60,380.96,1322.77,194.44,260.27,119.48,1,28.2,22.1,70,1007.4,170,1.5,-9900,-9900,0.0,0.0
2017,7,13,8,60,657.04,1322.77,405.56,479.91,167.18,1,29.8,23.3,68,1007.6,60,0.7,30,-9900,0.0,0.0
2017,7,13,9,60,902.53,1322.77,594.44,577.39,200.49,1,32.0,23.5,61,1007.5,170,1.3,30,-9900,0.0,0.0
2017,7,13,10,60,1100.68,1322.77,763.89,663.56,211.74,1,33.6,23.4,55,1007.1,300,0.6,-9900,-9900,0.0,0.0
2017,7,13,11,60,1238.01,1322.77,894.44,733.53,207.91,2,34.8,23.4,52,1006.7,60,0.3,30,-9900,0.0,0.0
2017,7,13,12,60,1305.16,1322.77,788.89,450.83,344.06,5,35.2,24.6,54,1006.2,320,0.9,-9900,-9900,0.0,0.0
2017,7,13,13,60,1297.54,1322.77,641.67,232.87,413.24,5,34.7,24.8,57,1005.2,290,1.6,-9900,-9900,0.0,0.0
2017,7,13,14,60,1215.69,1322.77,627.78,271.03,378.69,6,34.0,24.4,57,1004.9,320,1.4,30,1,0.0,0.0
2017,7,13,15,60,1065.17,1322.77,636.11,434.65,286.10,6,34.7,24.5,56,1004.7,300,1.3,-9900,-9900,0.0,0.0
2017,7,13,16,60,856.25,1322.77,547.22,530.75,203.66,7,34.2,23.9,55,1004.3,290,0.9,-9900,-9900,0.0,0.0
2017,7,13,17,60,603.16,1322.77,258.33,135.58,196.51,8,32.9,22.9,56,1004.1,300,0.6,30,1,0.0,0.0
2017,7,13,18,60,323.15,1322.77,102.78,0.00,102.78,8,32.2,22.2,56,1004.5,300,0.7,-9900,-9900,0.0,0.0
2017,7,13,19,60,55.21,817.22,0.00,0.00,0.00,8,31.9,21.5,54,1005.5,280,0.7,-9900,-9900,0.0,0.0
2017,7,13,20,60,0.00,0.00,0.00,0.00,0.00,8,31.1,21.9,58,1005.9,310,0.3,-9900,-9900,0.0,0.0
2017,7,13,21,60,0.00,0.00,0.00,0.00,0.00,8,30.7,22.2,61,1005.9,290,0.3,-9900,-9900,0.0,0.0
2017,7,13,22,60,0.00,0.00,0.00,0.00,0.00,8,30.1,22.3,63,1006.1,180,1.2,-9900,-9900,0.0,0.0
2017,7,13,23,60,0.00,0.00,0.00,0.00,0.00,8,29.5,21.9,64,1006.1,160,3.0,-9900,-9900,0.0,0.0
2017,7,13,24,60,0.00,0.00,0.00,0.00,0.00,8,29.0,21.8,65,1005.8,160,2.5,-9900,-9900,0.0,0.0
2017,7,14,1,60,0.00,0.00,0.00,0.00,0.00,8,28.8,21.8,66,1005.4,180,0.9,-9900,-9900,0.0,0.0
2017,7,14,2,60,0.00,0.00,0.00,0.00,0.00,8,28.4,21.7,67,1005.7,130,0.7,-9900,-9900,0.0,0.0
2017,7,14,3,60,0.00,0.00,0.00,0.00,0.00,8,28.1,21.4,67,1005.7,140,1.8,-9900,-9900,0.0,0.0
2017,7,14,4,60,0.00,0.00,0.00,0.00,0.00,8,27.7,21.4,69,1005.6,160,1.9,-9900,-9900,0.0,0.0
2017,7,14,5,60,0.00,0.00,0.00,0.00,0.00,8,27.6,21.4,69,1006.2,140,1.7,-9900,-9900,0.0,0.0
2017,7,14,6,60,96.18,1077.20,0.00,0.00,0.00,8,27.6,21.5,69,1006.5,130,1.4,-9900,-9900,0.0,0.0
2017,7,14,7,60,379.83,1322.93,161.11,130.47,123.65,8,28.3,21.9,68,1006.8,150,1.5,-9900,-9900,0.0,0.0
2017,7,14,8,60,656.22,1322.93,275.00,124.29,213.35,8,29.9,23.0,67,1006.6,70,1.3,21,-9900,0.0,0.0
2017,7,14,9,60,901.99,1322.93,488.89,319.30,271.19,7,31.8,23.8,63,1006.4,90,1.1,23,-9900,0.0,0.0
2017,7,14,10,60,1100.38,1322.93,708.33,541.77,257.70,7,33.2,23.6,57,1006.1,80,1.1,-9900,-9900,0.0,0.0
2017,7,14,11,60,1237.87,1322.93,825.00,596.37,266.97,8,34.3,23.8,54,1005.8,60,2.5,23,1,0.0,0.0
2017,7,14,12,60,1305.10,1322.93,652.78,242.48,413.57,8,33.4,23.7,57,1005.4,340,1.5,-9900,-9900,0.0,0.0
2017,7,14,13,60,1297.48,1322.93,500.00,87.78,413.91,8,33.0,23.3,57,1005.1,0,0.0,-9900,-9900,0.0,0.0
2017,7,14,14,60,1215.53,1322.93,208.33,4.28,204.40,8,33.5,23.5,56,1004.8,320,0.5,30,1,0.0,0.0
2017,7,14,15,60,1064.83,1322.93,444.44,122.29,346.01,8,34.0,23.6,55,1004.3,270,2.5,-9900,-9900,0.0,0.0
2017,7,14,16,60,855.66,1322.93,277.78,40.38,251.66,8,32.7,22.8,56,1004.2,310,1.1,-9900,-9900,0.0,0.0
2017,7,14,17,60,602.28,1322.93,225.00,76.77,190.05,9,32.6,22.4,55,1004.4,250,1.5,40,1,0.0,0.0
2017,7,14,18,60,321.94,1322.93,116.67,0.00,116.67,9,32.0,21.6,54,1004.7,150,2.0,-9900,-9900,0.0,0.0
2017,7,14,19,60,54.29,809.99,0.00,0.00,0.00,9,31.2,21.1,55,1005.8,110,1.9,-9900,-9900,0.0,0.0
2017,7,14,20,60,0.00,0.00,0.00,0.00,0.00,9,30.7,20.8,56,1006.0,100,1.6,-9900,-9900,0.0,0.0
2017,7,14,21,60,0.00,0.00,0.00,0.00,0.00,9,30.3,21.2,58,1006.2,160,2.3,-9900,-9900,0.0,0.0
2017,7,14,22,60,0.00,0.00,0.00,0.00,0.00,9,29.7,21.0,60,1006.7,140,0.6,-9900,-9900,0.0,0.0
2017,7,14,23,60,0.00,0.00,0.00,0.00,0.00,9,29.7,20.4,57,1006.8,110,1.1,-9900,-9900,0.0,0.0
2017,7,14,24,60,0.00,0.00,0.00,0.00,0.00,9,29.3,21.0,61,1006.6,150,1.3,-9900,-9900,0.0,0.0
2017,7,15,1,60,0.00,0.00,0.00,0.00,0.00,8,28.5,21.3,65,1006.3,140,1.6,-9900,-9900,0.0,0.0
2017,7,15,2,60,0.00,0.00,0.00,0.00,0.00,8,28.2,21.2,66,1006.5,80,0.7,-9900,-9900,0.0,0.0
2017,7,15,3,60,0.00,0.00,0.00,0.00,0.00,8,28.4,21.0,64,1006.5,150,1.7,-9900,-9900,0.0,0.0
2017,7,15,4,60,0.00,0.00,0.00,0.00,0.00,8,27.9,20.8,65,1006.6,130,1.1,-9900,-9900,0.0,0.0
2017,7,15,5,60,0.00,0.00,0.00,0.00,0.00,8,27.8,20.7,65,1006.8,90,1.1,-9900,-9900,0.0,0.0
2017,7,15,6,60,94.94,1069.71,0.00,0.00,0.00,8,27.7,20.9,67,1007.0,160,1.6,-9900,-9900,0.0,0.0
2017,7,15,7,60,378.63,1323.10,130.56,53.60,115.22,8,28.3,21.3,66,1007.4,90,1.8,-9900,-9900,0.0,0.0
2017,7,15,8,60,655.36,1323.10,344.44,287.95,201.81,8,30.2,22.9,65,1007.1,80,1.1,25,-9900,0.0,0.0
2017,7,15,9,60,901.43,1323.10,544.44,449.90,237.92,8,32.0,22.6,58,1007.2,60,2.1,25,-9900,0.0,0.0
2017,7,15,10,60,1100.07,1323.10,680.56,483.25,278.77,8,32.3,22.9,58,1007.0,70,1.6,-9900,-9900,0.0,0.0
2017,7,15,11,60,1237.72,1323.10,588.89,202.54,399.42,8,33.0,23.1,56,1006.7,90,2.0,40,-9900,0.0,0.0
2017,7,15,12,60,1305.03,1323.10,805.56,480.08,332.04,7,33.2,22.9,55,1006.0,60,2.5,-9900,-9900,0.0,0.0
2017,7,15,13,60,1297.41,1323.10,908.33,678.71,242.80,5,34.6,23.3,52,1005.4,130,2.1,-9900,-9900,0.0,0.0
2017,7,15,14,60,1215.35,1323.10,352.78,23.34,331.34,5,33.6,22.6,53,1005.0,90,3.3,40,-9900,0.0,0.0
2017,7,15,15,60,1064.47,1323.10,694.44,562.50,241.89,4,34.8,23.5,52,1004.9,90,1.9,-9900,-9900,0.0,0.0
2017,7,15,16,60,855.05,1323.10,569.44,595.25,184.76,3,34.4,23.1,52,1004.5,120,3.2,-9900,-9900,0.0,0.0
2017,7,15,17,60,601.36,1323.10,372.22,483.96,152.26,1,32.9,22.1,53,1004.7,100,3.1,50,-9900,0.0,0.0
2017,7,15,18,60,320.67,1323.10,119.44,0.00,119.44,1,32.1,20.7,51,1005.1,90,3.5,-9900,-9900,0.0,0.0
2017,7,15,19,60,53.34,802.46,0.00,0.00,0.00,1,31.1,20.5,53,1005.7,90,3.3,-9900,-9900,0.0,0.0
2017,7,15,20,60,0.00,0.00,0.00,0.00,0.00,1,30.8,20.6,55,1006.2,80,2.6,-9900,-9900,0.0,0.0
2017,7,15,21,60,0.00,0.00,0.00,0.00,0.00,2,30.5,20.7,56,1006.4,70,1.9,-9900,-9900,0.0,0.0
2017,7,15,22,60,0.00,0.00,0.00,0.00,0.00,2,30.4,20.2,55,1007.1,90,2.3,-9900,-9900,0.0,0.0
2017,7,15,23,60,0.00,0.00,0.00,0.00,0.00,2,30.2,20.2,55,1007.0,110,2.2,-9900,-9900,0.0,0.0
2017,7,15,24,60,0.00,0.00,0.00,0.00,0.00,2,30.2,20.4,56,1006.8,140,0.9,-9900,-9900,0.0,0.0
2017,7,16,1,60,0.00,0.00,0.00,0.00,0.00,2,29.6,20.5,58,1006.5,150,0.9,-9900,-9900,0.0,0.0
2017,7,16,2,60,0.00,0.00,0.00,0.00,0.00,2,29.3,20.5,59,1006.5,160,1.3,-9900,-9900,0.0,0.0
2017,7,16,3,60,0.00,0.00,0.00,0.00,0.00,2,28.8,20.1,59,1006.6,170,1.1,-9900,-9900,0.0,0.0
2017,7,16,4,60,0.00,0.00,0.00,0.00,0.00,2,28.6,20.0,60,1006.8,160,2.2,-9900,-9900,0.0,0.0
2017,7,16,5,60,0.00,0.00,0.00,0.00,0.00,3,27.9,19.9,62,1007.0,150,1.6,-9900,-9900,0.0,0.0
2017,7,16,6,60,93.67,1061.94,0.00,0.00,0.00,3,27.7,20.0,63,1007.4,120,1.3,-9900,-9900,0.0,0.0
2017,7,16,7,60,377.39,1323.29,194.44,269.01,117.72,3,28.4,20.5,62,1007.4,180,1.0,-9900,-9900,0.0,0.0
2017,7,16,8,60,654.47,1323.29,402.78,475.92,167.40,3,30.2,21.9,61,1007.1,180,1.2,30,-9900,0.0,0.0
2017,7,16,9,60,900.86,1323.29,602.78,602.96,192.30,3,31.6,22.7,59,1007.1,110,0.8,30,-9900,0.0,0.0
2017,7,16,10,60,1099.74,1323.29,780.56,702.57,196.68,3,33.2,22.7,54,1006.9,190,0.6,-9900,-9900,0.0,0.0
2017,7,16,11,60,1237.57,1323.29,758.33,469.82,318.94,5,34.5,23.1,52,1006.6,360,0.5,30,-9900,0.0,0.0
2017,7,16,12,60,1304.97,1323.29,572.22,148.76,425.52,5,34.2,23.4,53,1006.5,100,3.5,-9900,-9900,0.0,0.0
2017,7,16,13,60,1297.33,1323.29,1027.78,859.65,185.00,4,34.7,23.6,53,1006.4,100,4.1,-9900,-9900,0.0,0.0
2017,7,16,14,60,1215.17,1323.29,986.11,880.56,177.50,4,34.3,23.2,53,1005.7,90,5.0,30,-9900,0.0,0.0
2017,7,16,15,60,1064.10,1323.29,780.56,760.93,168.67,3,34.2,23.2,53,1005.4,90,4.9,-9900,-9900,0.0,0.0
2017,7,16,16,60,854.42,1323.29,566.67,588.69,186.57,4,33.0,22.5,54,1005.0,120,5.5,-9900,-9900,0.0,0.0
2017,7,16,17,60,600.40,1323.29,416.67,663.76,115.51,6,31.9,22.0,56,1005.3,90,4.6,40,-9900,0.0,0.0
2017,7,16,18,60,319.36,1323.29,205.56,0.00,205.56,6,31.8,21.3,54,1005.0,100,3.8,-9900,-9900,0.0,0.0
2017,7,16,19,60,52.37,794.66,25.00,0.00,25.00,6,32.3,19.9,48,1005.7,130,3.2,-9900,-9900,0.0,0.0
2017,7,16,20,60,0.00,0.00,0.00,0.00,0.00,7,31.4,20.1,51,1007.1,110,4.0,-9900,-9900,0.0,0.0
2017,7,16,21,60,0.00,0.00,0.00,0.00,0.00,7,31.5,19.7,50,1007.3,150,2.2,-9900,-9900,0.0,0.0
2017,7,16,22,60,0.00,0.00,0.00,0.00,0.00,7,31.6,19.6,49,1007.8,160,1.0,-9900,-9900,0.0,0.0
2017,7,16,23,60,0.00,0.00,0.00,0.00,0.00,7,31.0,22.6,61,1007.7,190,2.0,-9900,-9900,0.0,0.0
2017,7,16,24,60,0.00,0.00,0.00,0.00,0.00,7,30.8,22.5,61,1007.5,250,0.8,-9900,-9900,0.0,0.0
2017,7,17,1,60,0.00,0.00,0.00,0.00,0.00,8,30.0,20.1,55,1006.9,210,1.1,-9900,-9900,0.0,0.0
2017,7,17,2,60,0.00,0.00,0.00,0.00,0.00,8,29.1,20.5,60,1007.2,120,1.7,-9900,-9900,0.0,0.0
2017,7,17,3,60,0.00,0.00,0.00,0.00,0.00,8,28.7,19.9,59,1007.4,100,1.4,-9900,-9900,0.0,0.0
2017,7,17,4,60,0.00,0.00,0.00,0.00,0.00,8,28.3,19.9,60,1007.3,130,1.7,-9900,-9900,0.0,0.0
2017,7,17,5,60,0.00,0.00,0.00,0.00,0.00,8,28.3,19.8,60,1007.6,170,1.7,-9900,-9900,0.0,0.0
2017,7,17,6,60,92.36,1053.90,0.00,0.00,0.00,9,27.9,19.6,61,1008.2,80,1.1,-9900,-9900,0.0,0.0
2017,7,17,7,60,376.10,1323.49,130.56,55.28,114.85,9,28.5,19.9,60,1009.0,140,1.9,-9900,-9900,0.0,0.0
2017,7,17,8,60,653.55,1323.49,166.67,12.31,160.59,9,29.9,20.3,56,1009.3,0,0.0,50,3,0.0,0.0
2017,7,17,9,60,900.24,1323.49,330.56,71.20,282.13,9,31.1,20.6,54,1009.5,80,2.4,50,3,0.0,0.0
2017,7,17,10,60,1099.39,1323.49,555.56,251.51,346.64,9,32.4,21.2,52,1009.1,170,1.4,-9900,-9900,0.0,0.0
2017,7,17,11,60,1237.41,1323.49,472.22,84.22,393.48,9,32.9,21.4,51,1009.0,220,0.8,30,3,0.0,0.0
2017,7,17,12,60,1304.89,1323.49,638.89,224.81,417.24,9,32.8,22.7,55,1008.9,100,2.7,-9900,-9900,0.0,0.0
2017,7,17,13,60,1297.24,1323.49,572.22,152.26,422.98,9,33.3,22.4,53,1008.3,60,1.1,-9900,-9900,0.0,0.0
2017,7,17,14,60,1214.98,1323.49,447.22,71.97,381.15,10,33.0,22.1,53,1008.0,10,2.0,30,3,0.0,0.0
2017,7,17,15,60,1063.71,1323.49,180.56,4.22,177.17,10,33.0,22.1,53,1008.1,120,1.9,-9900,-9900,0.0,0.0
2017,7,17,16,60,853.75,1323.49,272.22,37.07,248.31,9,32.8,22.7,55,1007.9,360,0.3,-9900,-9900,0.0,0.0
2017,7,17,17,60,599.40,1323.49,166.67,18.83,158.14,9,32.3,23.3,59,1007.9,280,0.8,20,1,0.0,0.0
2017,7,17,18,60,317.99,1323.49,0.00,0.00,0.00,9,31.7,23.7,63,1008.2,320,0.3,-9900,-9900,0.0,0.0
2017,7,17,19,60,51.36,786.58,0.00,0.00,0.00,9,31.2,22.2,59,1008.6,80,0.6,-9900,-9900,0.0,0.0
2017,7,17,20,60,0.00,0.00,0.00,0.00,0.00,9,31.0,21.5,57,1009.4,130,1.6,-9900,-9900,0.0,0.0
2017,7,17,21,60,0.00,0.00,0.00,0.00,0.00,9,30.7,21.8,59,1009.6,100,1.1,-9900,-9900,0.0,0.0
2017,7,17,22,60,0.00,0.00,0.00,0.00,0.00,9,30.2,21.5,60,1010.3,150,1.9,-9900,-9900,0.0,0.0
2017,7,17,23,60,0.00,0.00,0.00,0.00,0.00,9,29.9,21.8,62,1009.8,80,1.4,-9900,-9900,0.0,0.0
2017,7,17,24,60,0.00,0.00,0.00,0.00,0.00,9,29.6,21.5,62,1009.8,130,1.5,-9900,-9900,0.0,0.0
2017,7,18,1,60,0.00,0.00,0.00,0.00,0.00,8,29.4,21.6,63,1009.3,150,1.6,-9900,-9900,0.0,0.0
2017,7,18,2,60,0.00,0.00,0.00,0.00,0.00,8,29.0,21.5,64,1009.0,90,0.9,-9900,-9900,0.0,0.0
2017,7,18,3,60,0.00,0.00,0.00,0.00,0.00,8,28.9,21.4,64,1009.1,140,1.2,-9900,-9900,0.0,0.0
2017,7,18,4,60,0.00,0.00,0.00,0.00,0.00,8,28.7,21.3,64,1009.1,150,1.2,-9900,-9900,0.0,0.0
2017,7,18,5,60,0.00,0.00,0.00,0.00,0.00,8,28.5,21.1,64,1009.6,150,0.9,-9900,-9900,0.0,0.0
2017,7,18,6,60,91.01,1045.58,0.00,0.00,0.00,8,28.3,21.2,65,1010.3,130,0.9,-9900,-9900,0.0,0.0
2017,7,18,7,60,374.76,1323.70,22.22,0.78,22.00,8,28.5,21.3,65,1010.6,150,1.5,-9900,-9900,0.0,0.0
2017,7,18,8,60,652.58,1323.70,241.67,73.94,205.22,8,29.7,22.3,65,1010.5,100,0.8,13,5,0.0,0.0
2017,7,18,9,60,899.61,1323.70,372.22,118.11,291.95,7,30.9,23.3,64,1010.4,120,1.7,11,-9900,0.0,0.0
2017,7,18,10,60,1099.02,1323.70,713.89,556.03,252.24,7,32.3,23.8,61,1009.7,50,3.4,-9900,-9900,0.0,0.0
2017,7,18,11,60,1237.22,1323.70,883.33,713.11,216.81,5,34.3,24.3,56,1009.0,40,1.8,16,-9900,0.0,0.0
2017,7,18,12,60,1304.80,1323.70,941.67,732.12,220.00,5,35.0,25.0,56,1008.3,20,0.7,-9900,-9900,0.0,0.0
2017,7,18,13,60,1297.13,1323.70,513.89,98.73,417.14,8,34.3,23.7,54,1007.7,330,1.5,-9900,-9900,0.0,0.0
2017,7,18,14,60,1214.76,1323.70,663.89,328.35,362.56,8,36.3,25.8,55,1007.3,260,1.1,20,5,0.0,0.0
2017,7,18,15,60,1063.30,1323.70,775.00,749.72,172.77,3,36.0,25.4,55,1007.1,290,1.2,-9900,-9900,0.0,0.0
2017,7,18,16,60,853.05,1323.70,580.56,631.07,173.87,3,34.7,24.6,56,1006.9,270,2.6,-9900,-9900,0.0,0.0
2017,7,18,17,60,598.36,1323.70,344.44,388.16,168.98,3,33.5,23.5,56,1006.8,290,1.4,40,-9900,0.0,0.0
2017,7,18,18,60,316.58,1323.70,116.67,0.00,116.67,3,32.7,23.2,57,1006.8,270,0.7,-9900,-9900,0.0,0.0
2017,7,18,19,60,50.34,778.22,0.00,0.00,0.00,3,32.1,23.2,59,1008.0,280,1.0,-9900,-9900,0.0,0.0
2017,7,18,20,60,0.00,0.00,0.00,0.00,0.00,3,31.3,23.5,63,1008.9,300,1.0,-9900,-9900,0.0,0.0
2017,7,18,21,60,0.00,0.00,0.00,0.00,0.00,3,30.7,23.4,65,1009.4,310,0.5,-9900,-9900,0.0,0.0
2017,7,18,22,60,0.00,0.00,0.00,0.00,0.00,3,30.7,23.5,66,1009.7,280,0.5,-9900,-9900,0.0,0.0
2017,7,18,23,60,0.00,0.00,0.00,0.00,0.00,3,30.3,23.1,65,1009.6,300,0.3,-9900,-9900,0.0,0.0
2017,7,18,24,60,0.00,0.00,0.00,0.00,0.00,3,30.0,22.9,66,1009.2,230,0.7,-9900,-9900,0.0,0.0
2017,7,19,1,60,0.00,0.00,0.00,0.00,0.00,4,29.5,22.5,66,1009.0,130,1.1,-9900,-9900,0.0,0.0
2017,7,19,2,60,0.00,0.00,0.00,0.00,0.00,4,28.8,21.6,65,1008.6,160,2.2,-9900,-9900,0.0,0.0
2017,7,19,3,60,0.00,0.00,0.00,0.00,0.00,4,28.4,21.4,66,1008.0,130,1.6,-9900,-9900,0.0,0.0
2017,7,19,4,60,0.00,0.00,0.00,0.00,0.00,4,28.1,20.9,65,1007.6,150,2.1,-9900,-9900,0.0,0.0
2017,7,19,5,60,0.00,0.00,0.00,0.00,0.00,4,27.8,20.1,63,1007.6,190,1.0,-9900,-9900,0.0,0.0
2017,7,19,6,60,89.62,1036.99,0.00,0.00,0.00,4,27.7,19.9,63,1007.7,170,1.6,-9900,-9900,0.0,0.0
2017,7,19,7,60,373.37,1323.92,197.22,293.06,114.57,4,28.8,20.8,62,1008.0,150,0.9,-9900,-9900,0.0,0.0
2017,7,19,8,60,651.57,1323.92,405.56,492.26,163.29,4,30.8,22.9,63,1007.9,60,0.9,50,-9900,0.0,0.0
2017,7,19,9,60,898.95,1323.92,611.11,629.30,183.81,3,33.3,23.4,56,1007.3,110,1.0,30,-9900,0.0,0.0
2017,7,19,10,60,1098.64,1323.92,755.56,648.70,217.25,3,34.9,23.2,51,1007.0,90,0.9,-9900,-9900,0.0,0.0
2017,7,19,11,60,1237.02,1323.92,922.22,790.48,183.62,5,36.1,22.6,46,1006.5,50,2.2,30,-9900,0.0,0.0
2017,7,19,12,60,1304.69,1323.92,1000.00,832.09,180.00,6,36.8,22.9,45,1005.9,20,2.2,-9900,-9900,0.0,0.0
2017,7,19,13,60,1297.02,1323.92,516.67,101.04,417.68,8,34.4,23.9,55,1005.8,300,2.3,-9900,-9900,0.0,0.0
2017,7,19,14,60,1214.53,1323.92,508.33,123.76,394.80,6,34.3,22.2,49,1005.4,20,3.2,30,-9900,0.0,0.0
2017,7,19,15,60,1062.86,1323.92,250.00,8.61,243.09,7,33.8,21.2,48,1005.1,20,2.0,-9900,-9900,0.0,0.0
2017,7,19,16,60,852.32,1323.92,241.67,20.77,228.30,7,33.4,21.0,48,1004.7,40,2.5,-9900,-9900,0.0,0.0
2017,7,19,17,60,597.27,1323.92,319.44,305.65,181.55,3,33.2,22.1,52,1004.2,300,1.3,20,-9900,0.0,0.0
2017,7,19,18,60,315.10,1323.92,136.11,0.00,136.11,3,32.6,21.8,53,1004.2,290,0.7,-9900,-9900,0.0,0.0
2017,7,19,19,60,49.28,769.58,0.00,0.00,0.00,3,31.6,21.4,55,1005.1,280,1.1,-9900,-9900,0.0,0.0
2017,7,19,20,60,0.00,0.00,0.00,0.00,0.00,3,31.4,20.5,52,1005.5,290,0.5,-9900,-9900,0.0,0.0
2017,7,19,21,60,0.00,0.00,0.00,0.00,0.00,3,31.3,20.7,53,1005.9,290,0.7,-9900,-9900,0.0,0.0
2017,7,19,22,60,0.00,0.00,0.00,0.00,0.00,3,31.0,20.7,54,1006.2,360,0.3,-9900,-9900,0.0,0.0
2017,7,19,23,60,0.00,0.00,0.00,0.00,0.00,3,30.3,21.2,58,1006.0,220,0.9,-9900,-9900,0.0,0.0
2017,7,19,24,60,0.00,0.00,0.00,0.00,0.00,3,29.9,21.6,61,1005.9,220,1.7,-9900,-9900,0.0,0.0
2017,7,20,1,60,0.00,0.00,0.00,0.00,0.00,4,30.0,22.0,62,1006.1,250,1.6,-9900,-9900,0.0,0.0
2017,7,20,2,60,0.00,0.00,0.00,0.00,0.00,4,29.6,21.9,63,1006.1,240,1.3,-9900,-9900,0.0,0.0
2017,7,20,3,60,0.00,0.00,0.00,0.00,0.00,4,29.2,21.8,64,1005.8,230,1.7,-9900,-9900,0.0,0.0
2017,7,20,4,60,0.00,0.00,0.00,0.00,0.00,4,29.1,21.5,64,1005.6,190,1.1,-9900,-9900,0.0,0.0
2017,7,20,5,60,0.00,0.00,0.00,0.00,0.00,4,28.0,20.7,65,1005.8,160,1.6,-9900,-9900,0.0,0.0
2017,7,20,6,60,88.20,1028.14,0.00,0.00,0.00,4,27.8,20.5,65,1006.4,160,2.0,-9900,-9900,0.0,0.0
2017,7,20,7,60,371.92,1324.16,169.44,172.43,121.01,4,28.8,21.2,64,1006.8,160,1.6,-9900,-9900,0.0,0.0
2017,7,20,8,60,650.53,1324.16,386.11,427.03,176.32,4,30.5,22.7,63,1007.3,150,0.7,11,-9900,0.0,0.0
2017,7,20,9,60,898.26,1324.16,600.00,600.55,192.61,3,32.3,22.8,57,1007.2,70,1.4,20,-9900,0.0,0.0
2017,7,20,10,60,1098.23,1324.16,775.00,692.96,200.27,4,34.2,22.6,51,1007.0,100,2.1,-9900,-9900,0.0,0.0
2017,7,20,11,60,1236.82,1324.16,933.33,812.65,174.28,6,35.3,23.0,49,1006.4,90,2.1,15,1,0.0,0.0
2017,7,20,12,60,1304.58,1324.16,888.89,633.23,265.03,7,35.5,22.7,48,1005.7,70,2.8,-9900,-9900,0.0,0.0
2017,7,20,13,60,1296.90,1324.16,622.22,208.99,417.53,7,34.9,22.9,50,1004.8,40,1.7,-9900,-9900,0.0,0.0
2017,7,20,14,60,1214.29,1324.16,672.22,342.60,358.05,8,37.5,23.7,45,1004.3,290,2.3,25,1,0.0,0.0
2017,7,20,15,60,1062.40,1324.16,758.33,712.93,186.33,8,37.2,22.7,43,1004.2,300,3.5,-9900,-9900,0.0,0.0
2017,7,20,16,60,851.56,1324.16,580.56,634.20,172.71,4,35.7,21.3,43,1004.3,290,2.2,-9900,-9900,0.0,0.0
2017,7,20,17,60,596.15,1324.16,333.33,353.86,174.02,8,34.2,20.6,45,1004.3,290,1.4,25,-9900,0.0,0.0
2017,7,20,18,60,313.57,1324.16,36.11,0.00,36.11,8,33.1,20.7,48,1004.7,270,1.6,-9900,-9900,0.0,0.0
2017,7,20,19,60,48.20,760.68,0.00,0.00,0.00,7,32.1,21.3,53,1005.4,270,1.5,-9900,-9900,0.0,0.0
2017,7,20,20,60,0.00,0.00,0.00,0.00,0.00,7,31.6,21.1,54,1006.1,270,1.6,-9900,-9900,0.0,0.0
2017,7,20,21,60,0.00,0.00,0.00,0.00,0.00,6,31.4,21.1,54,1006.7,0,0.0,-9900,-9900,0.0,0.0
2017,7,20,22,60,0.00,0.00,0.00,0.00,0.00,6,31.1,21.1,55,1007.2,0,0.0,-9900,-9900,0.0,0.0
2017,7,20,23,60,0.00,0.00,0.00,0.00,0.00,6,29.8,21.1,60,1007.1,150,2.5,-9900,-9900,0.0,0.0
2017,7,20,24,60,0.00,0.00,0.00,0.00,0.00,5,29.4,21.0,61,1006.8,150,1.4,-9900,-9900,0.0,0.0
2017,7,21,1,60,0.00,0.00,0.00,0.00,0.00,5,29.0,20.7,61,1006.4,100,1.0,-9900,-9900,0.0,0.0
2017,7,21,2,60,0.00,0.00,0.00,0.00,0.00,4,28.7,20.5,61,1006.1,150,2.3,-9900,-9900,0.0,0.0
2017,7,21,3,60,0.00,0.00,0.00,0.00,0.00,4,28.6,20.7,62,1006.3,200,1.3,-9900,-9900,0.0,0.0
2017,7,21,4,60,0.00,0.00,0.00,0.00,0.00,4,28.3,20.5,63,1006.2,150,2.2,-9900,-9900,0.0,0.0
2017,7,21,5,60,0.00,0.00,0.00,0.00,0.00,3,27.9,20.4,64,1006.5,140,1.6,-9900,-9900,0.0,0.0
2017,7,21,6,60,86.74,1019.03,0.00,0.00,0.00,3,27.9,20.5,64,1007.0,150,1.0,-9900,-9900,0.0,0.0
2017,7,21,7,60,370.43,1324.41,188.89,259.75,116.24,2,28.8,20.8,62,1007.4,150,1.7,-9900,-9900,0.0,0.0
2017,7,21,8,60,649.44,1324.41,397.22,467.67,167.89,2,30.5,22.4,62,1007.8,130,0.7,40,-9900,0.0,0.0
2017,7,21,9,60,897.54,1324.41,572.22,527.76,214.56,3,32.8,22.6,55,1008.0,20,0.7,30,-9900,0.0,0.0
2017,7,21,10,60,1097.80,1324.41,780.56,706.25,195.15,6,34.6,22.9,51,1008.0,230,0.5,-9900,-9900,0.0,0.0
2017,7,21,11,60,1236.59,1324.41,727.78,416.14,339.23,6,36.6,24.1,49,1007.4,290,0.5,30,-9900,0.0,0.0
2017,7,21,12,60,1304.46,1324.41,647.22,235.91,414.86,7,34.9,23.7,52,1006.8,290,1.4,-9900,-9900,0.0,0.0
2017,7,21,13,60,1296.76,1324.41,997.22,835.15,179.50,7,36.8,24.9,51,1006.0,300,2.2,-9900,-9900,0.0,0.0
2017,7,21,14,60,1214.03,1324.41,802.78,584.42,267.07,6,35.9,24.0,50,1005.6,280,1.5,30,-9900,0.0,0.0
2017,7,21,15,60,1061.91,1324.41,802.78,816.08,148.45,6,35.6,25.1,55,1005.2,290,1.1,-9900,-9900,0.0,0.0
2017,7,21,16,60,850.77,1324.41,580.56,635.87,172.09,6,35.2,24.8,55,1004.6,270,1.9,-9900,-9900,0.0,0.0
2017,7,21,17,60,594.98,1324.41,277.78,189.05,192.85,2,33.7,21.8,50,1005.0,110,3.6,40,-9900,0.0,0.0
2017,7,21,18,60,312.00,1324.41,147.22,0.00,147.22,2,32.5,21.2,51,1005.6,90,4.6,-9900,-9900,0.0,0.0
2017,7,21,19,60,47.11,751.52,2.78,0.00,2.78,2,31.6,20.9,53,1005.8,90,2.5,-9900,-9900,0.0,0.0
2017,7,21,20,60,0.00,0.00,0.00,0.00,0.00,2,31.4,20.7,53,1005.9,70,4.1,-9900,-9900,0.0,0.0
2017,7,21,21,60,0.00,0.00,0.00,0.00,0.00,2,31.3,21.1,55,1006.4,90,3.2,-9900,-9900,0.0,0.0
2017,7,21,22,60,0.00,0.00,0.00,0.00,0.00,2,31.2,21.0,55,1006.7,130,1.2,-9900,-9900,0.0,0.0
2017,7,21,23,60,0.00,0.00,0.00,0.00,0.00,2,30.9,20.7,55,1006.5,100,3.0,-9900,-9900,0.0,0.0
2017,7,21,24,60,0.00,0.00,0.00,0.00,0.00,2,30.5,20.5,55,1006.5,170,1.4,-9900,-9900,0.0,0.0
2017,7,22,1,60,0.00,0.00,0.00,0.00,0.00,2,30.3,20.1,54,1006.4,210,0.8,-9900,-9900,0.0,0.0
2017,7,22,2,60,0.00,0.00,0.00,0.00,0.00,2,29.8,21.1,60,1006.2,190,1.1,-9900,-9900,0.0,0.0
2017,7,22,3,60,0.00,0.00,0.00,0.00,0.00,2,29.0,20.0,58,1006.8,150,2.5,-9900,-9900,0.0,0.0
2017,7,22,4,60,0.00,0.00,0.00,0.00,0.00,2,28.5,20.0,60,1006.8,130,1.2,-9900,-9900,0.0,0.0
2017,7,22,5,60,0.00,0.00,0.00,0.00,0.00,2,28.1,20.1,62,1006.9,150,1.3,-9900,-9900,0.0,0.0
2017,7,22,6,60,85.26,1009.66,0.00,0.00,0.00,2,28.2,20.1,62,1007.3,180,0.7,-9900,-9900,0.0,0.0
2017,7,22,7,60,368.89,1324.67,200.00,320.02,110.88,2,29.1,20.8,61,1007.0,140,0.9,-9900,-9900,0.0,0.0
2017,7,22,8,60,648.32,1324.67,391.67,450.78,171.05,2,32.0,22.8,58,1006.5,60,2.2,30,-9900,0.0,0.0
2017,7,22,9,60,896.78,1324.67,619.44,656.45,175.03,4,34.0,22.9,52,1006.0,70,3.4,30,-9900,0.0,0.0
2017,7,22,10,60,1097.35,1324.67,847.22,838.63,152.50,3,34.5,23.0,51,1006.1,90,5.6,-9900,-9900,0.0,0.0
2017,7,22,11,60,1236.35,1324.67,733.33,426.33,335.43,3,34.1,22.3,50,1005.5,70,5.7,30,-9900,0.0,0.0
2017,7,22,12,60,1304.31,1324.67,616.67,198.14,421.58,6,34.1,22.0,49,1005.3,90,5.8,-9900,-9900,0.0,0.0
2017,7,22,13,60,1296.61,1324.67,391.67,28.49,363.78,7,33.1,21.6,51,1004.7,90,6.1,-9900,-9900,0.0,0.0
2017,7,22,14,60,1213.76,1324.67,333.33,17.71,317.10,8,33.0,21.7,52,1004.3,100,4.8,30,1,0.0,0.0
2017,7,22,15,60,1061.41,1324.67,333.33,34.47,305.71,8,33.3,21.7,51,1004.0,70,2.2,-9900,-9900,0.0,0.0
2017,7,22,16,60,849.95,1324.67,336.11,98.05,273.20,8,33.2,21.5,50,1003.9,90,3.0,-9900,-9900,0.0,0.0
2017,7,22,17,60,593.78,1324.67,194.44,42.14,175.55,8,32.7,20.8,50,1003.8,80,3.8,50,3,0.0,0.0
2017,7,22,18,60,310.37,1324.67,113.89,0.00,113.89,8,32.2,20.6,50,1003.8,60,3.0,-9900,-9900,0.0,0.0
2017,7,22,19,60,45.99,742.10,0.00,0.00,0.00,7,32.0,20.4,50,1004.0,80,4.2,-9900,-9900,0.0,0.0
2017,7,22,20,60,0.00,0.00,0.00,0.00,0.00,7,31.8,19.8,49,1004.6,90,2.7,-9900,-9900,0.0,0.0
2017,7,22,21,60,0.00,0.00,0.00,0.00,0.00,6,31.8,19.6,48,1005.2,80,1.7,-9900,-9900,0.0,0.0
2017,7,22,22,60,0.00,0.00,0.00,0.00,0.00,6,31.5,19.6,49,1005.6,120,1.9,-9900,-9900,0.0,0.0
2017,7,22,23,60,0.00,0.00,0.00,0.00,0.00,5,30.6,19.9,53,1005.5,120,2.3,-9900,-9900,0.0,0.0
2017,7,22,24,60,0.00,0.00,0.00,0.00,0.00,5,30.0,20.2,56,1005.4,110,1.6,-9900,-9900,0.0,0.0
2017,7,23,1,60,0.00,0.00,0.00,0.00,0.00,4,29.9,20.0,55,1005.0,60,2.3,-9900,-9900,0.0,0.0
2017,7,23,2,60,0.00,0.00,0.00,0.00,0.00,4,29.6,20.0,56,1004.4,60,1.6,-9900,-9900,0.0,0.0
2017,7,23,3,60,0.00,0.00,0.00,0.00,0.00,3,29.0,20.2,59,1004.2,120,0.8,-9900,-9900,0.0,0.0
2017,7,23,4,60,0.00,0.00,0.00,0.00,0.00,3,28.9,20.2,59,1004.2,100,0.9,-9900,-9900,0.0,0.0
2017,7,23,5,60,0.00,0.00,0.00,0.00,0.00,2,28.4,20.0,60,1004.3,140,1.6,-9900,-9900,0.0,0.0
2017,7,23,6,60,83.75,1000.04,0.00,0.00,0.00,2,28.2,20.1,62,1004.6,160,1.8,-9900,-9900,0.0,0.0
2017,7,23,7,60,367.30,1324.94,161.11,149.12,119.77,1,29.1,20.8,61,1004.8,90,0.8,-9900,-9900,0.0,0.0
2017,7,23,8,60,647.15,1324.94,391.67,453.34,170.24,1,31.3,22.4,59,1004.8,80,0.7,40,-9900,0.0,0.0
2017,7,23,9,60,896.00,1324.94,597.22,597.45,193.19,1,33.2,23.1,56,1004.6,150,0.6,40,-9900,0.0,0.0
2017,7,23,10,60,1096.86,1324.94,772.22,689.30,201.58,2,34.7,22.9,50,1004.3,200,1.1,-9900,-9900,0.0,0.0
2017,7,23,11,60,1236.08,1324.94,763.89,482.40,313.84,8,35.4,22.6,48,1004.2,300,1.0,30,-9900,0.0,0.0
2017,7,23,12,60,1304.15,1324.94,800.00,471.94,335.47,9,37.1,25.3,51,1003.7,280,1.6,-9900,-9900,0.0,0.0
2017,7,23,13,60,1296.43,1324.94,938.89,738.99,215.80,9,36.4,25.6,54,1003.5,300,2.3,-9900,-9900,0.0,0.0
2017,7,23,14,60,1213.45,1324.94,847.22,674.92,229.09,9,36.8,26.4,55,1003.3,300,2.5,15,-9900,0.0,0.0
2017,7,23,15,60,1060.87,1324.94,711.11,606.61,225.40,8,35.9,25.7,56,1003.2,300,2.2,-9900,-9900,0.0,0.0
2017,7,23,16,60,849.09,1324.94,505.56,431.43,229.08,8,34.4,25.1,59,1002.9,300,1.1,-9900,-9900,0.0,0.0
2017,7,23,17,60,592.53,1324.94,166.67,19.97,157.74,8,33.4,24.2,59,1003.0,330,2.9,15,1,0.0,0.0
2017,7,23,18,60,308.68,1324.94,38.89,0.00,38.89,8,28.2,23.3,75,1003.6,110,3.2,-9900,-9900,23.9,0.7
2017,7,23,19,60,44.85,732.43,0.00,0.00,0.00,8,28.7,23.0,71,1003.5,50,1.6,-9900,-9900,0.3,0.3
2017,7,23,20,60,0.00,0.00,0.00,0.00,0.00,8,28.8,22.7,70,1003.5,70,1.6,-9900,-9900,0.0,0.0
2017,7,23,21,60,0.00,0.00,0.00,0.00,0.00,8,29.1,22.4,67,1003.6,110,1.8,-9900,-9900,0.0,0.0
2017,7,23,22,60,0.00,0.00,0.00,0.00,0.00,8,28.8,22.1,67,1003.6,120,1.9,-9900,-9900,0.0,0.0
2017,7,23,23,60,0.00,0.00,0.00,0.00,0.00,8,28.7,22.0,67,1003.8,90,1.1,-9900,-9900,0.0,0.0
2017,7,23,24,60,0.00,0.00,0.00,0.00,0.00,8,28.8,21.9,66,1003.4,160,1.0,-9900,-9900,0.0,0.0
2017,7,24,1,60,0.00,0.00,0.00,0.00,0.00,8,28.4,21.7,67,1003.1,70,0.8,-9900,-9900,0.0,0.0
2017,7,24,2,60,0.00,0.00,0.00,0.00,0.00,8,28.4,21.7,67,1002.6,130,1.1,-9900,-9900,0.0,0.0
2017,7,24,3,60,0.00,0.00,0.00,0.00,0.00,8,28.3,21.7,67,1002.6,140,0.6,-9900,-9900,0.0,0.0
2017,7,24,4,60,0.00,0.00,0.00,0.00,0.00,8,28.6,21.7,66,1002.9,160,1.1,-9900,-9900,0.0,0.0
2017,7,24,5,60,0.00,0.00,0.00,0.00,0.00,8,28.5,21.8,67,1003.2,180,1.5,-9900,-9900,0.0,0.0
2017,7,24,6,60,82.20,990.18,0.00,0.00,0.00,8,28.7,21.8,66,1003.6,190,0.9,-9900,-9900,0.0,0.0
2017,7,24,7,60,365.66,1325.23,63.89,4.42,62.67,8,29.4,22.5,66,1003.7,210,1.3,-9900,-9900,0.0,0.0
2017,7,24,8,60,645.95,1325.23,233.33,66.29,201.02,8,30.7,23.1,64,1003.7,240,1.5,13,1,0.0,0.0
2017,7,24,9,60,895.18,1325.23,405.56,168.94,291.44,8,31.9,23.6,62,1003.6,240,1.1,13,1,0.0,0.0
2017,7,24,10,60,1096.36,1325.23,550.00,245.46,346.93,8,33.3,24.3,59,1003.4,290,1.0,-9900,-9900,0.0,0.0
2017,7,24,11,60,1235.80,1325.23,552.78,160.90,402.74,7,33.7,24.8,60,1002.8,310,1.4,13,1,0.0,0.0
2017,7,24,12,60,1303.97,1325.23,666.67,262.30,408.58,8,33.9,24.6,58,1002.4,310,1.2,-9900,-9900,0.0,0.0
2017,7,24,13,60,1296.24,1325.23,841.67,556.06,297.77,7,34.6,25.1,58,1001.8,330,2.4,-9900,-9900,0.0,0.0
2017,7,24,14,60,1213.14,1325.23,647.22,303.40,369.48,7,35.0,24.7,55,1001.5,320,2.4,16,1,0.0,0.0
2017,7,24,15,60,1060.32,1325.23,405.56,85.15,337.43,9,33.3,23.0,55,1001.1,320,1.9,-9900,-9900,0.0,0.0
2017,7,24,16,60,848.21,1325.23,241.67,21.30,228.04,9,32.9,23.6,58,1000.7,20,1.7,-9900,-9900,0.0,0.0
2017,7,24,17,60,591.24,1325.23,258.33,146.90,192.79,7,33.2,23.4,57,1000.4,40,1.1,15,1,0.0,0.0
2017,7,24,18,60,306.95,1325.23,36.11,0.00,36.11,7,32.4,23.1,58,1000.7,320,0.4,-9900,-9900,0.0,0.0
2017,7,24,19,60,43.70,722.51,0.00,0.00,0.00,7,31.8,22.9,59,1001.1,310,0.3,-9900,-9900,0.0,0.0
2017,7,24,20,60,0.00,0.00,0.00,0.00,0.00,7,31.3,23.2,62,1001.9,260,1.4,-9900,-9900,0.0,0.0
2017,7,24,21,60,0.00,0.00,0.00,0.00,0.00,7,31.1,23.1,63,1002.3,290,0.3,-9900,-9900,0.0,0.0
2017,7,24,22,60,0.00,0.00,0.00,0.00,0.00,7,31.3,23.5,63,1002.4,0,0.0,-9900,-9900,0.0,0.0
2017,7,24,23,60,0.00,0.00,0.00,0.00,0.00,7,30.8,22.6,62,1002.4,130,0.9,-9900,-9900,0.0,0.0
2017,7,24,24,60,0.00,0.00,0.00,0.00,0.00,7,29.8,21.8,62,1002.1,150,2.1,-9900,-9900,0.0,0.0
2017,7,25,1,60,0.00,0.00,0.00,0.00,0.00,6,29.8,21.8,62,1002.0,140,1.3,-9900,-9900,0.0,0.0
2017,7,25,2,60,0.00,0.00,0.00,0.00,0.00,6,30.2,22.0,62,1001.7,220,1.0,-9900,-9900,0.0,0.0
2017,7,25,3,60,0.00,0.00,0.00,0.00,0.00,6,30.0,21.7,61,1001.6,250,1.6,-9900,-9900,0.0,0.0
2017,7,25,4,60,0.00,0.00,0.00,0.00,0.00,6,29.0,21.4,64,1001.5,190,1.4,-9900,-9900,0.0,0.0
2017,7,25,5,60,0.00,0.00,0.00,0.00,0.00,6,28.2,20.5,63,1002.0,150,1.6,-9900,-9900,0.0,0.0
2017,7,25,6,60,80.64,980.08,0.00,0.00,0.00,6,28.0,20.3,63,1002.4,160,1.7,-9900,-9900,0.0,0.0
2017,7,25,7,60,363.96,1325.53,144.44,99.57,117.10,6,28.7,20.8,62,1002.6,110,1.1,-9900,-9900,0.0,0.0
2017,7,25,8,60,644.70,1325.53,252.78,94.66,206.74,6,30.0,21.5,60,1002.5,160,0.6,25,-9900,0.0,0.0
2017,7,25,9,60,894.34,1325.53,247.22,18.30,234.87,9,31.2,22.1,59,1002.3,160,0.4,20,3,0.0,0.0
2017,7,25,10,60,1095.84,1325.53,544.44,237.24,348.31,8,33.1,23.0,56,1002.2,210,0.8,-9900,-9900,0.0,0.0
2017,7,25,11,60,1235.49,1325.53,738.89,437.49,331.12,8,34.1,22.8,52,1001.9,200,1.0,20,3,0.0,0.0
2017,7,25,12,60,1303.78,1325.53,802.78,477.42,333.19,7,34.6,22.9,51,1001.6,240,1.4,-9900,-9900,0.0,0.0
2017,7,25,13,60,1296.04,1325.53,708.33,328.84,386.81,5,35.2,24.1,53,1001.0,270,0.3,-9900,-9900,0.0,0.0
2017,7,25,14,60,1212.79,1325.53,730.56,447.15,321.44,7,35.7,24.3,52,1000.7,310,2.3,20,-9900,0.0,0.0
2017,7,25,15,60,1059.73,1325.53,591.67,352.55,309.81,7,33.8,23.2,54,1000.7,320,3.7,-9900,-9900,0.0,0.0
2017,7,25,16,60,847.28,1325.53,394.44,187.20,274.78,9,33.5,22.8,54,1000.5,330,2.2,-9900,-9900,0.0,0.0
2017,7,25,17,60,589.91,1325.53,166.67,20.43,157.58,5,32.3,22.3,56,1000.4,50,2.7,20,-9900,0.0,0.0
2017,7,25,18,60,305.16,1325.53,122.22,0.00,122.22,5,32.0,21.6,54,1000.7,60,1.9,-9900,-9900,0.0,0.0
2017,7,25,19,60,42.53,712.34,0.00,0.00,0.00,5,31.9,21.0,53,1001.2,260,0.5,-9900,-9900,0.0,0.0
2017,7,25,20,60,0.00,0.00,0.00,0.00,0.00,4,31.3,22.0,58,1001.7,310,0.7,-9900,-9900,0.0,0.0
2017,7,25,21,60,0.00,0.00,0.00,0.00,0.00,4,30.9,22.0,59,1002.3,320,0.4,-9900,-9900,0.0,0.0
2017,7,25,22,60,0.00,0.00,0.00,0.00,0.00,4,30.8,21.9,59,1002.6,290,0.4,-9900,-9900,0.0,0.0
2017,7,25,23,60,0.00,0.00,0.00,0.00,0.00,4,30.3,21.8,60,1002.3,50,0.3,-9900,-9900,0.0,0.0
2017,7,25,24,60,0.00,0.00,0.00,0.00,0.00,4,30.6,21.6,59,1002.2,230,0.6,-9900,-9900,0.0,0.0
2017,7,26,1,60,0.00,0.00,0.00,0.00,0.00,3,29.9,21.8,62,1001.7,180,0.6,-9900,-9900,0.0,0.0
2017,7,26,2,60,0.00,0.00,0.00,0.00,0.00,3,29.5,21.6,63,1001.7,140,0.9,-9900,-9900,0.0,0.0
2017,7,26,3,60,0.00,0.00,0.00,0.00,0.00,3,29.4,21.2,61,1001.1,150,1.0,-9900,-9900,0.0,0.0
2017,7,26,4,60,0.00,0.00,0.00,0.00,0.00,3,28.8,21.3,64,1001.2,140,0.9,-9900,-9900,0.0,0.0
2017,7,26,5,60,0.00,0.00,0.00,0.00,0.00,3,28.6,21.1,64,1001.1,160,2.2,-9900,-9900,0.0,0.0
2017,7,26,6,60,79.04,969.73,0.00,0.00,0.00,2,28.3,21.1,65,1001.7,160,2.3,-9900,-9900,0.0,0.0
2017,7,26,7,60,362.22,1325.84,91.67,11.90,88.42,2,28.9,21.4,64,1002.1,130,1.5,-9900,-9900,0.0,0.0
2017,7,26,8,60,643.41,1325.84,347.22,315.40,194.16,2,30.4,22.5,63,1002.0,180,1.0,11,-9900,0.0,0.0
2017,7,26,9,60,893.44,1325.84,575.00,542.64,209.33,5,32.6,23.7,60,1001.7,200,1.0,10,-9900,0.0,0.0
2017,7,26,10,60,1095.28,1325.84,780.56,711.05,193.16,6,33.7,23.5,55,1001.7,170,0.9,-9900,-9900,0.0,0.0
2017,7,26,11,60,1235.17,1325.84,755.56,468.34,319.25,7,34.3,23.0,52,1001.5,280,0.6,11,1,0.0,0.0
2017,7,26,12,60,1303.56,1325.84,675.00,274.24,405.37,8,34.6,24.2,55,1001.1,290,1.9,-9900,-9900,0.0,0.0
2017,7,26,13,60,1295.80,1325.84,372.22,22.20,350.52,9,33.8,24.0,57,1001.1,290,1.7,-9900,-9900,0.0,0.2
2017,7,26,14,60,1212.43,1325.84,313.89,13.25,301.77,10,33.3,23.6,57,1000.8,290,0.7,10,1,0.0,0.0
2017,7,26,15,60,1059.12,1325.84,172.22,3.92,169.09,10,32.4,23.0,58,1000.6,110,1.4,-9900,-9900,0.0,0.0
2017,7,26,16,60,846.32,1325.84,27.78,0.33,27.57,9,30.7,21.8,59,1000.7,220,2.8,-9900,-9900,0.0,0.0
2017,7,26,17,60,588.53,1325.84,0.00,0.00,0.00,7,30.3,21.5,59,1000.6,220,1.6,12,-9900,0.0,0.0
2017,7,26,18,60,303.33,1325.84,72.22,0.00,72.22,7,29.6,21.3,61,1000.9,190,1.9,-9900,-9900,0.0,0.0
2017,7,26,19,60,41.35,701.94,0.00,0.00,0.00,6,30.0,21.3,60,1000.9,210,1.2,-9900,-9900,0.0,0.0
2017,7,26,20,60,0.00,0.00,0.00,0.00,0.00,6,30.0,21.2,59,1001.2,130,1.3,-9900,-9900,0.0,0.0
2017,7,26,21,60,0.00,0.00,0.00,0.00,0.00,6,30.0,21.7,61,1001.6,90,1.5,-9900,-9900,0.0,0.0
2017,7,26,22,60,0.00,0.00,0.00,0.00,0.00,6,29.9,21.4,60,1001.7,80,1.7,-9900,-9900,0.0,0.0
2017,7,26,23,60,0.00,0.00,0.00,0.00,0.00,5,29.2,21.1,62,1001.5,190,1.6,-9900,-9900,0.0,0.0
2017,7,26,24,60,0.00,0.00,0.00,0.00,0.00,5,28.5,20.9,63,1001.5,210,1.8,-9900,-9900,0.0,0.0
2017,7,27,1,60,0.00,0.00,0.00,0.00,0.00,5,28.3,20.8,64,1001.1,160,1.6,-9900,-9900,0.0,0.0
2017,7,27,2,60,0.00,0.00,0.00,0.00,0.00,5,27.9,20.2,63,1001.0,150,1.1,-9900,-9900,0.0,0.0
2017,7,27,3,60,0.00,0.00,0.00,0.00,0.00,4,27.8,20.2,63,1001.3,150,1.5,-9900,-9900,0.0,0.0
2017,7,27,4,60,0.00,0.00,0.00,0.00,0.00,4,27.4,20.0,64,1001.4,110,0.7,-9900,-9900,0.0,0.0
2017,7,27,5,60,0.00,0.00,0.00,0.00,0.00,4,27.6,20.1,64,1001.7,150,1.3,-9900,-9900,0.0,0.0
2017,7,27,6,60,77.43,959.16,0.00,0.00,0.00,4,27.5,20.2,64,1002.0,170,1.0,-9900,-9900,0.0,0.0
2017,7,27,7,60,360.43,1326.17,102.78,21.41,96.96,3,27.9,20.6,65,1002.6,150,1.8,-9900,-9900,0.0,0.0
2017,7,27,8,60,642.09,1326.17,322.22,245.93,203.15,3,29.4,21.5,63,1002.9,190,1.1,11,-9900,0.0,0.0
2017,7,27,9,60,892.54,1326.17,497.22,350.21,261.52,3,31.4,22.7,60,1002.6,260,0.5,11,-9900,0.0,0.0
2017,7,27,10,60,1094.71,1326.17,702.78,538.97,257.88,6,32.2,22.8,58,1002.2,270,0.6,-9900,-9900,0.0,0.0
2017,7,27,11,60,1234.82,1326.17,655.56,298.64,377.49,5,33.6,23.3,55,1001.9,290,0.7,11,-9900,0.0,0.0
2017,7,27,12,60,1303.32,1326.17,633.33,219.24,417.87,7,34.1,23.4,54,1001.2,230,1.0,-9900,-9900,0.0,0.0
2017,7,27,13,60,1295.56,1326.17,477.78,72.72,406.74,8,33.3,22.8,54,1000.4,30,1.8,-9900,-9900,0.0,0.0
2017,7,27,14,60,1212.05,1326.17,144.44,2.32,142.32,8,32.7,22.7,56,1000.2,320,1.1,15,1,0.0,0.0
2017,7,27,15,60,1058.48,1326.17,161.11,3.50,158.32,7,32.6,22.4,55,1000.2,360,2.4,-9900,-9900,0.0,0.0
2017,7,27,16,60,845.33,1326.17,236.11,19.30,223.81,4,33.2,22.3,53,999.9,50,3.0,-9900,-9900,0.0,0.0
2017,7,27,17,60,587.12,1326.17,244.44,121.34,190.72,1,32.8,20.1,47,999.9,90,4.9,50,-9900,0.0,0.0
2017,7,27,18,60,301.44,1326.17,177.78,0.00,177.78,1,32.0,20.1,49,1000.3,90,3.2,-9900,-9900,0.0,0.0
2017,7,27,19,60,40.16,691.30,0.00,0.00,0.00,1,31.3,20.1,51,1000.8,60,3.2,-9900,-9900,0.0,0.0
2017,7,27,20,60,0.00,0.00,0.00,0.00,0.00,1,30.8,20.6,55,1001.2,60,3.0,-9900,-9900,0.0,0.0
2017,7,27,21,60,0.00,0.00,0.00,0.00,0.00,2,30.1,20.7,57,1002.0,60,3.9,-9900,-9900,0.0,0.0
2017,7,27,22,60,0.00,0.00,0.00,0.00,0.00,2,29.9,21.0,59,1002.1,50,3.2,-9900,-9900,0.0,0.0
2017,7,27,23,60,0.00,0.00,0.00,0.00,0.00,2,29.8,21.1,60,1002.2,60,3.3,-9900,-9900,0.0,0.0
2017,7,27,24,60,0.00,0.00,0.00,0.00,0.00,2,29.4,21.6,63,1001.9,50,3.3,-9900,-9900,0.0,0.0
2017,7,28,1,60,0.00,0.00,0.00,0.00,0.00,2,29.5,20.8,60,1001.3,60,2.8,-9900,-9900,0.0,0.0
2017,7,28,2,60,0.00,0.00,0.00,0.00,0.00,2,29.4,20.5,59,1000.9,50,3.1,-9900,-9900,0.0,0.0
2017,7,28,3,60,0.00,0.00,0.00,0.00,0.00,2,29.2,20.8,61,1000.7,40,2.7,-9900,-9900,0.0,0.0
2017,7,28,4,60,0.00,0.00,0.00,0.00,0.00,2,29.0,21.1,62,1000.6,60,2.8,-9900,-9900,0.0,0.0
2017,7,28,5,60,0.00,0.00,0.00,0.00,0.00,3,28.9,21.2,63,1001.0,60,2.7,-9900,-9900,0.0,0.0
2017,7,28,6,60,75.79,948.36,0.00,0.00,0.00,3,29.0,21.3,63,1001.2,60,3.2,-9900,-9900,0.0,0.0
2017,7,28,7,60,358.59,1326.50,155.56,142.98,116.91,3,29.7,21.7,62,1001.6,60,3.4,-9900,-9900,0.0,0.0
2017,7,28,8,60,640.71,1326.50,361.11,363.70,185.44,3,31.1,22.9,62,1001.0,50,3.5,30,-9900,0.0,0.0
2017,7,28,9,60,891.58,1326.50,602.78,621.41,185.11,3,33.0,23.0,56,1001.0,70,4.4,30,-9900,0.0,0.0
2017,7,28,10,60,1094.09,1326.50,786.11,725.82,187.46,4,34.4,23.3,53,1000.6,60,3.8,-9900,-9900,0.0,0.0
2017,7,28,11,60,1234.43,1326.50,847.22,646.52,245.57,3,35.1,22.9,49,1000.3,50,4.0,30,-9900,0.0,0.0
2017,7,28,12,60,1303.05,1326.50,861.11,584.34,287.10,5,34.7,25.0,57,1000.2,50,4.4,-9900,-9900,0.0,0.0
2017,7,28,13,60,1295.27,1326.50,844.44,562.89,294.80,4,33.7,25.0,61,999.9,40,4.8,-9900,-9900,0.0,0.0
2017,7,28,14,60,1211.63,1326.50,794.44,571.89,272.08,8,34.7,27.2,65,999.8,30,4.2,20,1,0.0,0.0
2017,7,28,15,60,1057.80,1326.50,377.78,63.05,327.50,9,32.0,27.2,76,999.5,40,3.2,-9900,-9900,0.0,0.5
2017,7,28,16,60,844.30,1326.50,358.33,131.11,274.88,9,30.7,26.3,77,999.7,60,5.2,-9900,-9900,0.2,1.0
2017,7,28,17,60,585.66,1326.50,275.00,193.43,189.60,5,31.1,25.6,73,999.4,50,5.1,21,-9900,0.0,0.5
2017,7,28,18,60,299.50,1326.50,119.44,0.00,119.44,5,30.3,25.0,73,999.5,50,4.8,-9900,-9900,0.0,0.0
2017,7,28,19,60,38.96,680.42,0.00,0.00,0.00,5,30.3,26.3,79,999.9,50,4.7,-9900,-9900,0.0,0.0
2017,7,28,20,60,0.00,0.00,0.00,0.00,0.00,6,30.4,26.3,79,999.9,50,2.8,-9900,-9900,0.0,0.0
2017,7,28,21,60,0.00,0.00,0.00,0.00,0.00,6,29.2,26.8,87,1000.3,60,3.4,-9900,-9900,0.8,0.6
2017,7,28,22,60,0.00,0.00,0.00,0.00,0.00,6,29.2,27.0,88,1000.4,50,2.5,-9900,-9900,0.4,1.0
2017,7,28,23,60,0.00,0.00,0.00,0.00,0.00,6,28.6,26.0,86,1000.0,60,2.0,-9900,-9900,4.0,0.4
2017,7,28,24,60,0.00,0.00,0.00,0.00,0.00,6,28.8,25.7,83,999.4,80,1.8,-9900,-9900,0.0,0.0
2017,7,29,1,60,0.00,0.00,0.00,0.00,0.00,7,28.8,22.6,69,998.9,60,1.9,-9900,-9900,0.0,0.0
2017,7,29,2,60,0.00,0.00,0.00,0.00,0.00,7,29.0,22.8,69,998.1,70,3.2,-9900,-9900,0.0,0.0
2017,7,29,3,60,0.00,0.00,0.00,0.00,0.00,7,29.1,22.7,68,997.5,60,2.8,-9900,-9900,0.0,0.0
2017,7,29,4,60,0.00,0.00,0.00,0.00,0.00,7,29.0,22.6,68,997.4,40,2.7,-9900,-9900,0.0,0.0
2017,7,29,5,60,0.00,0.00,0.00,0.00,0.00,7,28.4,21.9,68,997.2,50,4.1,-9900,-9900,0.1,1.0
2017,7,29,6,60,74.13,937.33,0.00,0.00,0.00,8,28.4,22.3,70,997.3,50,3.9,-9900,-9900,0.1,1.0
2017,7,29,7,60,356.69,1326.85,116.67,42.00,105.38,8,29.0,22.4,68,997.8,50,2.8,-9900,-9900,0.0,0.2
2017,7,29,8,60,639.30,1326.85,377.78,422.15,174.38,8,30.3,23.2,66,996.8,50,3.0,12,1,0.0,0.0
2017,7,29,9,60,890.59,1326.85,522.22,412.20,245.55,9,31.6,26.0,72,996.5,60,4.0,15,1,0.0,0.0
2017,7,29,10,60,1093.44,1326.85,444.44,110.09,353.72,9,28.9,26.8,88,996.4,50,4.0,-9900,-9900,2.6,0.6
2017,7,29,11,60,1234.03,1326.85,516.67,124.20,401.16,9,29.8,25.8,79,996.0,50,4.3,20,1,0.2,0.3
2017,7,29,12,60,1302.77,1326.85,394.44,28.86,366.10,9,30.7,25.3,73,995.1,50,6.0,-9900,-9900,0.0,0.6
2017,7,29,13,60,1294.97,1326.85,605.56,190.54,419.60,9,30.7,24.9,71,994.0,50,5.3,-9900,-9900,0.0,0.3
2017,7,29,14,60,1211.18,1326.85,536.11,154.71,394.89,9,31.0,24.9,70,993.3,30,4.3,15,1,0.0,0.0
2017,7,29,15,60,1057.10,1326.85,150.00,3.10,147.53,10,26.4,24.4,89,993.2,50,3.0,-9900,-9900,5.3,1.0
2017,7,29,16,60,843.23,1326.85,63.89,1.12,63.18,10,26.7,24.6,88,991.8,50,5.1,-9900,-9900,1.0,1.0
2017,7,29,17,60,584.15,1326.85,75.00,2.61,73.85,10,27.2,24.8,87,990.8,30,4.4,12,1,2.5,0.7
2017,7,29,18,60,297.50,1326.85,0.00,0.00,0.00,10,27.3,24.5,85,989.3,20,4.8,-9900,-9900,0.9,0.6
2017,7,29,19,60,37.75,669.33,0.00,0.00,0.00,10,27.3,24.5,85,985.1,360,7.8,-9900,-9900,1.7,1.0
2017,7,29,20,60,0.00,0.00,0.00,0.00,0.00,10,26.5,24.1,87,979.0,10,7.1,-9900,-9900,7.1,1.0
2017,7,29,21,60,0.00,0.00,0.00,0.00,0.00,9,27.4,24.0,82,976.6,50,13.9,-9900,-9900,7.5,1.0
2017,7,29,22,60,0.00,0.00,0.00,0.00,0.00,9,25.7,25.1,96,976.7,90,12.5,-9900,-9900,6.9,1.0
2017,7,29,23,60,0.00,0.00,0.00,0.00,0.00,9,26.2,25.3,95,978.8,100,8.6,-9900,-9900,1.8,1.0
2017,7,29,24,60,0.00,0.00,0.00,0.00,0.00,9,27.0,27.0,100,980.3,100,7.7,-9900,-9900,0.5,1.0
2017,7,30,1,60,0.00,0.00,0.00,0.00,0.00,9,29.4,24.8,76,983.4,120,6.7,-9900,-9900,0.0,1.0
2017,7,30,2,60,0.00,0.00,0.00,0.00,0.00,9,30.1,24.3,71,984.5,120,5.4,-9900,-9900,0.0,0.8
2017,7,30,3,60,0.00,0.00,0.00,0.00,0.00,9,30.0,23.8,69,985.9,110,2.2,-9900,-9900,0.0,0.0
2017,7,30,4,60,0.00,0.00,0.00,0.00,0.00,9,29.8,23.7,70,987.5,70,2.9,-9900,-9900,0.0,0.0
2017,7,30,5,60,0.00,0.00,0.00,0.00,0.00,8,29.1,24.0,74,988.8,90,1.5,-9900,-9900,0.0,0.0
2017,7,30,6,60,72.46,926.08,0.00,0.00,0.00,8,29.2,23.5,71,989.5,70,1.8,-9900,-9900,0.0,0.0
2017,7,30,7,60,354.75,1327.21,116.67,43.10,105.15,8,30.1,23.6,68,991.0,70,1.3,-9900,-9900,0.0,0.0
2017,7,30,8,60,637.84,1327.21,261.11,113.38,206.62,8,30.3,24.6,72,991.8,190,0.9,35,3,0.0,0.0
2017,7,30,9,60,889.57,1327.21,600.00,617.84,185.89,8,32.4,22.8,57,992.4,80,3.0,35,3,0.0,0.0
2017,7,30,10,60,1092.76,1327.21,797.22,753.38,176.92,6,34.2,22.9,52,992.3,80,3.0,-9900,-9900,0.0,0.0
2017,7,30,11,60,1233.60,1327.21,616.67,242.78,391.01,8,33.3,22.1,52,992.3,100,3.5,35,3,0.0,0.0
2017,7,30,12,60,1302.45,1327.21,588.89,167.90,424.12,7,33.4,22.4,53,991.8,90,4.5,-9900,-9900,0.0,0.0
2017,7,30,13,60,1294.64,1327.21,744.44,387.85,366.11,7,34.2,22.8,52,991.3,110,6.2,-9900,-9900,0.0,0.0
2017,7,30,14,60,1210.71,1327.21,763.89,513.33,295.62,8,33.8,23.4,55,991.1,100,5.9,30,3,0.0,0.0
2017,7,30,15,60,1056.36,1327.21,377.78,63.47,327.26,8,32.4,22.5,56,990.7,100,7.2,-9900,-9900,0.0,0.0
2017,7,30,16,60,842.12,1327.21,241.67,22.11,227.64,9,31.2,23.3,63,990.5,80,4.4,-9900,-9900,0.0,0.0
2017,7,30,17,60,582.59,1327.21,205.56,59.73,179.34,5,30.6,22.5,62,989.6,70,5.3,30,-9900,0.0,0.0
2017,7,30,18,60,295.46,1327.21,102.78,0.00,102.78,5,30.7,22.6,62,989.3,110,4.2,-9900,-9900,0.0,0.0
2017,7,30,19,60,36.53,658.01,0.00,0.00,0.00,6,30.6,22.3,61,989.3,60,4.8,-9900,-9900,0.0,0.0
2017,7,30,20,60,0.00,0.00,0.00,0.00,0.00,6,30.4,23.3,66,989.5,100,5.3,-9900,-9900,0.0,0.0
2017,7,30,21,60,0.00,0.00,0.00,0.00,0.00,6,29.9,23.7,69,989.9,80,5.9,-9900,-9900,0.0,0.0
2017,7,30,22,60,0.00,0.00,0.00,0.00,0.00,7,30.3,23.1,65,990.0,90,4.7,-9900,-9900,0.0,0.0
2017,7,30,23,60,0.00,0.00,0.00,0.00,0.00,7,30.3,23.2,66,989.5,70,6.4,-9900,-9900,0.0,0.0
2017,7,30,24,60,0.00,0.00,0.00,0.00,0.00,7,30.3,23.0,65,988.4,90,7.5,-9900,-9900,0.0,0.0
2017,7,31,1,60,0.00,0.00,0.00,0.00,0.00,8,30.0,22.3,63,988.3,90,6.9,-9900,-9900,0.0,0.0
2017,7,31,2,60,0.00,0.00,0.00,0.00,0.00,8,29.7,22.1,64,988.8,110,3.6,-9900,-9900,0.0,0.0
2017,7,31,3,60,0.00,0.00,0.00,0.00,0.00,8,29.5,21.9,64,989.9,80,3.6,-9900,-9900,0.0,0.0
2017,7,31,4,60,0.00,0.00,0.00,0.00,0.00,9,29.2,22.4,67,990.8,100,1.7,-9900,-9900,0.0,0.0
2017,7,31,5,60,0.00,0.00,0.00,0.00,0.00,9,28.5,22.8,71,990.7,60,1.6,-9900,-9900,0.0,0.5
2017,7,31,6,60,70.76,914.62,0.00,0.00,0.00,9,27.3,22.4,75,993.0,60,1.5,-9900,-9900,0.5,1.0
2017,7,31,7,60,352.76,1327.58,0.00,0.00,0.00,10,26.8,23.8,84,994.0,80,1.8,-9900,-9900,1.0,1.0
2017,7,31,8,60,636.34,1327.58,0.00,0.00,0.00,10,26.4,23.7,85,994.9,170,0.6,10,1,2.2,1.0
2017,7,31,9,60,888.50,1327.58,169.67,5.18,166.20,10,26.9,24.5,87,995.0,40,1.0,10,1,1.0,1.0
2017,7,31,10,60,1092.05,1327.58,25.00,0.21,24.83,10,26.7,23.9,85,995.5,90,2.5,-9900,-9900,0.3,1.0
2017,7,31,11,60,1233.12,1327.58,166.67,2.86,164.01,10,28.0,24.5,81,995.9,140,1.3,30,3,0.5,0.8
2017,7,31,12,60,1302.10,1327.58,227.78,4.46,223.41,10,28.4,25.1,82,997.2,220,0.4,-9900,-9900,0.0,0.2
2017,7,31,13,60,1294.28,1327.58,302.78,8.45,294.54,10,29.0,25.1,80,995.9,160,1.6,-9900,-9900,0.0,0.5
2017,7,31,14,60,1210.20,1327.58,394.44,41.30,356.79,10,30.1,24.3,71,995.9,160,0.8,30,3,0.0,0.0
2017,7,31,15,60,1055.59,1327.58,402.78,84.43,335.65,9,31.0,24.7,69,996.5,170,1.3,-9900,-9900,0.0,0.0
2017,7,31,16,60,840.98,1327.58,266.67,36.20,243.74,9,30.8,23.4,65,994.9,70,3.9,-9900,-9900,0.0,0.0
2017,7,31,17,60,581.00,1327.58,141.67,10.05,137.27,9,30.3,22.2,62,995.1,40,3.9,30,1,0.0,0.0
2017,7,31,18,60,293.36,1327.58,0.00,0.00,0.00,9,30.5,21.5,59,996.3,50,1.4,-9900,-9900,0.0,0.0
2017,7,31,19,60,35.30,646.47,0.00,0.00,0.00,9,30.0,21.8,62,997.2,360,1.3,-9900,-9900,0.0,0.0
2017,7,31,20,60,0.00,0.00,0.00,0.00,0.00,9,29.4,23.2,69,997.5,360,0.3,-9900,-9900,0.0,0.0
2017,7,31,21,60,0.00,0.00,0.00,0.00,0.00,9,29.1,23.6,72,998.5,170,1.5,-9900,-9900,0.0,0.0
2017,7,31,22,60,0.00,0.00,0.00,0.00,0.00,9,28.5,23.1,73,999.0,180,1.1,-9900,-9900,0.0,0.0
2017,7,31,23,60,0.00,0.00,0.00,0.00,0.00,9,28.1,22.4,71,999.2,150,1.1,-9900,-9900,0.0,0.0
2017,7,31,24,60,0.00,0.00,0.00,0.00,0.00,9,27.4,22.8,76,998.9,130,1.9,-9900,-9900,0.0,0.0
2017,8,1,1,60,0.00,0.00,0.00,0.00,0.00,9,27.3,22.3,74,998.4,160,1.2,-9900,-9900,0.0,0.0
2017,8,1,2,60,0.00,0.00,0.00,0.00,0.00,9,27.1,22.2,75,998.2,130,0.8,-9900,-9900,0.0,0.0
2017,8,1,3,60,0.00,0.00,0.00,0.00,0.00,9,26.9,22.3,76,998.3,120,0.9,-9900,-9900,0.0,0.0
2017,8,1,4,60,0.00,0.00,0.00,0.00,0.00,9,26.8,22.3,76,998.2,90,1.0,-9900,-9900,0.0,0.0
2017,8,1,5,60,0.00,0.00,0.00,0.00,0.00,9,26.5,22.1,77,998.8,170,1.3,-9900,-9900,0.0,0.0
2017,8,1,6,60,69.06,902.96,0.00,0.00,0.00,9,26.7,21.9,75,999.5,140,2.0,-9900,-9900,0.0,0.0
2017,8,1,7,60,350.72,1327.97,69.44,5.53,67.98,9,27.3,21.9,72,1000.1,130,1.8,-9900,-9900,0.0,0.0
2017,8,1,8,60,634.80,1327.97,375.00,422.09,173.23,9,29.5,22.6,66,1000.7,160,0.7,14,3,0.0,0.0
2017,8,1,9,60,887.41,1327.97,497.22,357.28,258.47,9,31.1,23.2,63,1000.5,90,0.4,16,3,0.0,0.0
2017,8,1,10,60,1091.32,1327.97,366.67,47.70,327.47,9,31.9,23.1,60,1000.8,240,0.3,-9900,-9900,0.0,0.0
2017,8,1,11,60,1232.64,1327.97,333.33,16.44,318.07,10,32.4,22.9,57,1000.8,120,0.3,16,3,0.0,0.0
2017,8,1,12,60,1301.74,1327.97,330.56,12.10,318.70,10,32.3,23.2,59,1000.3,40,0.7,-9900,-9900,0.0,0.0
2017,8,1,13,60,1293.90,1327.97,175.00,2.86,172.21,10,31.9,23.7,62,1000.3,40,1.0,-9900,-9900,0.0,0.0
2017,8,1,14,60,1209.67,1327.97,538.89,158.72,394.31,10,33.5,24.5,59,999.9,360,1.8,16,3,0.0,0.0
2017,8,1,15,60,1054.78,1327.97,400.00,82.24,334.68,10,32.9,23.4,58,999.6,20,1.8,-9900,-9900,0.0,0.0
2017,8,1,16,60,839.79,1327.97,133.33,3.76,130.95,10,32.1,22.6,57,999.6,10,2.2,-9900,-9900,0.0,0.0
2017,8,1,17,60,579.36,1327.97,41.67,1.03,41.22,10,31.6,21.8,56,999.9,10,2.2,25,-9900,0.0,0.0
2017,8,1,18,60,291.22,1327.97,0.00,0.00,0.00,9,31.3,22.3,59,999.9,40,1.8,-9900,-9900,0.0,0.0
2017,8,1,19,60,34.08,634.73,0.00,0.00,0.00,9,30.8,22.1,60,1000.2,40,3.6,-9900,-9900,0.0,0.0
2017,8,1,20,60,0.00,0.00,0.00,0.00,0.00,8,30.6,22.2,61,1001.0,60,2.3,-9900,-9900,0.0,0.0
2017,8,1,21,60,0.00,0.00,0.00,0.00,0.00,8,30.4,22.0,61,1001.7,70,1.4,-9900,-9900,0.0,0.0
2017,8,1,22,60,0.00,0.00,0.00,0.00,0.00,7,30.2,22.0,62,1001.7,60,1.3,-9900,-9900,0.0,0.0
2017,8,1,23,60,0.00,0.00,0.00,0.00,0.00,7,29.8,22.8,66,1001.9,200,0.9,-9900,-9900,0.0,0.0
2017,8,1,24,60,0.00,0.00,0.00,0.00,0.00,6,29.2,23.8,73,1001.8,230,1.5,-9900,-9900,0.0,0.0
2017,8,2,1,60,0.00,0.00,0.00,0.00,0.00,6,29.1,23.8,73,1001.4,220,1.1,-9900,-9900,0.0,0.0
2017,8,2,2,60,0.00,0.00,0.00,0.00,0.00,5,29.0,24.0,74,1000.3,190,0.9,-9900,-9900,0.0,0.0
2017,8,2,3,60,0.00,0.00,0.00,0.00,0.00,5,28.5,23.4,74,1000.2,140,1.3,-9900,-9900,0.0,0.0
2017,8,2,4,60,0.00,0.00,0.00,0.00,0.00,4,27.8,23.3,77,1000.2,160,1.0,-9900,-9900,0.0,0.0
2017,8,2,5,60,0.00,0.00,0.00,0.00,0.00,4,27.9,23.3,76,1000.3,190,1.1,-9900,-9900,0.0,0.0
2017,8,2,6,60,67.34,891.08,0.00,0.00,0.00,3,28.0,23.1,75,1000.8,160,1.9,-9900,-9900,0.0,0.0
2017,8,2,7,60,348.63,1328.36,0.00,0.00,0.00,3,28.6,23.1,72,1001.5,180,0.5,-9900,-9900,0.0,0.0
2017,8,2,8,60,633.22,1328.36,0.00,0.00,0.00,2,30.3,24.0,69,1001.5,60,0.6,16,-9900,0.0,0.0
2017,8,2,9,60,886.27,1328.36,511.11,391.78,249.72,5,31.3,24.1,66,1001.5,80,1.1,16,-9900,0.0,0.0
2017,8,2,10,60,1090.54,1328.36,544.44,241.86,345.88,8,32.4,23.6,60,1001.3,310,0.6,-9900,-9900,0.0,0.0
2017,8,2,11,60,1232.11,1328.36,486.11,97.38,395.79,8,32.7,23.5,59,1000.8,0,0.0,16,1,0.0,0.0
2017,8,2,12,60,1301.33,1328.36,555.56,134.41,423.89,9,32.3,24.4,63,1000.2,330,1.4,-9900,-9900,0.0,0.0
2017,8,2,13,60,1293.48,1328.36,544.44,127.02,420.76,9,32.6,24.9,64,999.6,340,1.1,-9900,-9900,0.0,0.0
2017,8,2,14,60,1209.09,1328.36,25.00,0.19,24.83,10,29.2,26.0,83,999.2,280,1.2,1,1,5.5,0.3
2017,8,2,15,60,1053.93,1328.36,8.33,0.06,8.28,10,25.5,23.4,88,1000.4,220,3.5,-9900,-9900,69.5,1.0
2017,8,2,16,60,838.57,1328.36,134.29,3.82,131.88,10,26.6,24.5,88,999.2,150,1.7,-9900,-9900,25.5,1.0
2017,8,2,17,60,577.66,1328.36,0.00,0.00,0.00,7,27.0,25.0,89,998.9,100,0.8,15,-9900,0.5,0.6
2017,8,2,18,60,289.02,1328.36,0.00,0.00,0.00,7,27.5,24.8,85,998.9,100,0.6,-9900,-9900,0.0,0.0
2017,8,2,19,60,32.85,622.78,0.00,0.00,0.00,6,27.6,24.8,85,999.3,210,0.9,-9900,-9900,0.0,0.0
2017,8,2,20,60,0.00,0.00,0.00,0.00,0.00,6,27.4,24.8,86,999.9,170,0.9,-9900,-9900,0.0,0.0
2017,8,2,21,60,0.00,0.00,0.00,0.00,0.00,5,27.0,24.5,86,1000.6,140,1.0,-9900,-9900,0.0,0.0
2017,8,2,22,60,0.00,0.00,0.00,0.00,0.00,5,27.1,24.4,85,1000.9,160,1.4,-9900,-9900,0.0,0.0
2017,8,2,23,60,0.00,0.00,0.00,0.00,0.00,5,26.9,23.9,84,1000.8,90,0.9,-9900,-9900,0.0,0.0
2017,8,2,24,60,0.00,0.00,0.00,0.00,0.00,4,26.8,23.9,84,1000.6,120,1.2,-9900,-9900,0.0,0.0
2017,8,3,1,60,0.00,0.00,0.00,0.00,0.00,4,26.7,23.8,84,1000.0,160,1.0,-9900,-9900,0.0,0.0
2017,8,3,2,60,0.00,0.00,0.00,0.00,0.00,3,26.8,23.5,82,999.3,160,0.7,-9900,-9900,0.0,0.0
2017,8,3,3,60,0.00,0.00,0.00,0.00,0.00,3,26.8,23.7,83,999.2,120,0.9,-9900,-9900,0.0,0.0
2017,8,3,4,60,0.00,0.00,0.00,0.00,0.00,3,26.9,23.8,83,999.2,140,1.0,-9900,-9900,0.0,0.0
2017,8,3,5,60,0.00,0.00,0.00,0.00,0.00,2,27.1,23.8,82,999.6,180,0.5,-9900,-9900,0.0,0.0
2017,8,3,6,60,65.61,879.01,0.00,0.00,0.00,2,26.9,23.5,82,1000.0,140,0.5,-9900,-9900,0.0,0.0
2017,8,3,7,60,346.48,1328.77,0.00,0.00,0.00,1,27.6,23.7,79,1000.2,180,0.7,-9900,-9900,0.0,0.0
2017,8,3,8,60,631.58,1328.77,0.00,0.00,0.00,1,29.1,24.8,78,1000.3,170,0.8,18,-9900,0.0,0.0
2017,8,3,9,60,885.08,1328.77,569.44,543.35,207.52,2,30.8,25.0,71,1000.1,270,0.5,15,-9900,0.0,0.0
2017,8,3,10,60,1089.72,1328.77,741.67,633.57,222.08,4,32.8,24.7,63,999.7,250,1.1,-9900,-9900,0.0,0.0
2017,8,3,11,60,1231.54,1328.77,525.00,133.67,401.11,7,32.6,24.1,61,999.5,270,0.9,10,1,0.0,0.0
2017,8,3,12,60,1300.89,1328.77,777.78,438.18,348.80,7,34.6,25.2,58,999.0,290,1.3,-9900,-9900,0.0,0.0
2017,8,3,13,60,1293.02,1328.77,627.78,218.98,414.69,7,33.3,25.2,63,998.5,330,3.4,-9900,-9900,0.0,0.0
2017,8,3,14,60,1208.49,1328.77,447.22,73.98,379.94,5,33.5,25.0,61,997.8,310,1.9,20,1,0.0,0.0
2017,8,3,15,60,1053.06,1328.77,308.33,24.48,288.93,4,33.5,24.8,60,997.2,300,1.1,-9900,-9900,0.0,0.0
2017,8,3,16,60,837.30,1328.77,205.56,10.36,199.03,8,33.0,24.4,61,996.8,350,2.4,-9900,-9900,0.0,0.0
2017,8,3,17,60,575.94,1328.77,0.00,0.00,0.00,7,31.1,24.7,69,997.2,40,3.0,15,1,0.0,0.0
2017,8,3,18,60,286.77,1328.77,0.00,0.00,0.00,7,29.7,24.7,75,998.0,210,1.5,-9900,-9900,0.0,0.0
2017,8,3,19,60,31.62,610.62,0.00,0.00,0.00,7,27.1,24.4,85,998.9,150,0.9,-9900,-9900,4.0,0.5
2017,8,3,20,60,0.00,0.00,0.00,0.00,0.00,7,27.5,24.8,85,999.4,170,0.7,-9900,-9900,0.0,0.0
2017,8,3,21,60,0.00,0.00,0.00,0.00,0.00,6,27.7,25.0,85,1000.1,170,0.9,-9900,-9900,0.0,0.0
2017,8,3,22,60,0.00,0.00,0.00,0.00,0.00,6,27.6,25.0,86,1000.7,200,1.0,-9900,-9900,0.0,0.0
2017,8,3,23,60,0.00,0.00,0.00,0.00,0.00,6,27.7,24.8,84,1000.3,200,1.5,-9900,-9900,0.0,0.0
2017,8,3,24,60,0.00,0.00,0.00,0.00,0.00,6,27.7,24.9,85,1000.4,170,1.1,-9900,-9900,0.0,0.0
2017,8,4,1,60,0.00,0.00,0.00,0.00,0.00,6,27.5,24.3,83,999.8,130,1.3,-9900,-9900,0.0,0.0
2017,8,4,2,60,0.00,0.00,0.00,0.00,0.00,6,27.2,24.3,84,999.5,130,0.8,-9900,-9900,0.0,0.0
2017,8,4,3,60,0.00,0.00,0.00,0.00,0.00,6,27.0,24.1,84,999.4,150,0.8,-9900,-9900,0.0,0.0
2017,8,4,4,60,0.00,0.00,0.00,0.00,0.00,6,27.1,24.1,84,999.5,180,0.9,-9900,-9900,0.0,0.0
2017,8,4,5,60,0.00,0.00,0.00,0.00,0.00,5,27.0,23.7,82,999.5,160,1.0,-9900,-9900,0.0,0.0
2017,8,4,6,60,63.87,866.74,0.00,0.00,0.00,5,26.9,23.5,82,1000.0,180,1.4,-9900,-9900,0.0,0.0
2017,8,4,7,60,344.29,1329.18,0.00,0.00,0.00,5,27.7,23.6,78,1000.5,150,1.1,-9900,-9900,0.0,0.0
2017,8,4,8,60,629.90,1329.18,0.00,0.00,0.00,5,29.4,24.9,77,1000.8,150,0.5,13,-9900,0.0,0.0
2017,8,4,9,60,883.85,1329.18,586.11,591.07,193.07,5,31.5,25.1,69,1000.7,220,1.5,19,-9900,0.0,0.0
2017,8,4,10,60,1088.86,1329.18,597.22,333.62,323.92,7,32.2,24.9,65,1000.5,240,0.3,-9900,-9900,0.0,0.0
2017,8,4,11,60,1230.93,1329.18,613.89,241.12,390.59,7,33.6,24.6,59,1000.4,240,1.3,19,-9900,0.0,0.0
2017,8,4,12,60,1300.40,1329.18,677.78,281.17,402.70,8,32.8,25.4,65,1000.1,320,1.6,-9900,-9900,0.0,0.0
2017,8,4,13,60,1292.53,1329.18,927.78,725.55,222.24,9,32.9,25.1,64,999.8,320,1.8,-9900,-9900,0.0,0.0
2017,8,4,14,60,1207.85,1329.18,588.89,222.38,386.81,9,33.8,25.8,63,999.5,320,2.6,10,1,0.0,0.0
2017,8,4,15,60,1052.13,1329.18,691.67,577.19,234.79,10,28.7,25.4,82,999.2,340,4.4,-9900,-9900,3.5,0.3
2017,8,4,16,60,835.99,1329.18,208.33,11.10,201.35,10,28.7,26.1,86,999.1,130,2.8,-9900,-9900,17.0,1.0
2017,8,4,17,60,574.15,1329.18,0.00,0.00,0.00,8,28.9,26.0,84,999.1,120,1.3,18,3,1.0,0.7
2017,8,4,18,60,284.47,1329.18,0.00,0.00,0.00,8,29.2,26.3,84,999.2,170,1.3,-9900,-9900,0.0,0.0
2017,8,4,19,60,30.39,598.26,0.00,0.00,0.00,7,28.7,26.5,88,1000.1,160,0.5,-9900,-9900,0.0,0.0
2017,8,4,20,60,0.00,0.00,0.00,0.00,0.00,7,28.8,26.2,86,1000.4,140,0.9,-9900,-9900,0.0,0.0
2017,8,4,21,60,0.00,0.00,0.00,0.00,0.00,6,28.7,26.1,86,1000.9,150,1.4,-9900,-9900,0.0,0.0
2017,8,4,22,60,0.00,0.00,0.00,0.00,0.00,6,28.7,25.7,84,1001.1,170,1.6,-9900,-9900,0.0,0.0
2017,8,4,23,60,0.00,0.00,0.00,0.00,0.00,6,28.1,25.7,87,1001.3,0,0.0,-9900,-9900,0.0,0.0
2017,8,4,24,60,0.00,0.00,0.00,0.00,0.00,5,27.9,25.3,86,1001.0,150,1.1,-9900,-9900,0.0,0.0
2017,8,5,1,60,0.00,0.00,0.00,0.00,0.00,5,27.9,24.8,83,1000.6,160,1.6,-9900,-9900,0.0,0.0
2017,8,5,2,60,0.00,0.00,0.00,0.00,0.00,4,27.8,24.3,81,1000.1,160,1.0,-9900,-9900,0.0,0.0
2017,8,5,3,60,0.00,0.00,0.00,0.00,0.00,4,27.0,24.3,85,1000.2,150,0.8,-9900,-9900,0.0,0.0
2017,8,5,4,60,0.00,0.00,0.00,0.00,0.00,4,27.0,24.2,85,1000.2,200,0.8,-9900,-9900,0.0,0.0
2017,8,5,5,60,0.00,0.00,0.00,0.00,0.00,3,27.3,23.8,81,1000.6,220,0.9,-9900,-9900,0.0,0.0
2017,8,5,6,60,62.13,854.28,0.00,0.00,0.00,3,27.4,23.9,81,1001.4,150,1.7,-9900,-9900,0.0,0.0
2017,8,5,7,60,342.05,1329.61,0.00,0.00,0.00,2,29.0,24.1,75,1001.9,240,1.7,-9900,-9900,0.0,0.0
2017,8,5,8,60,628.17,1329.61,0.00,0.00,0.00,2,30.4,24.8,72,1002.1,240,2.6,25,-9900,0.0,0.0
2017,8,5,9,60,882.60,1329.61,563.89,533.04,210.06,3,31.7,24.7,67,1002.1,240,3.2,25,-9900,0.0,0.0
2017,8,5,10,60,1087.97,1329.61,805.56,781.45,166.13,3,33.2,24.9,62,1001.8,240,3.5,-9900,-9900,0.0,0.0
2017,8,5,11,60,1230.30,1329.61,975.00,864.03,175.50,3,34.4,24.3,56,1001.6,250,3.1,35,-9900,0.0,0.0
2017,8,5,12,60,1299.89,1329.61,991.67,831.76,178.50,3,35.3,24.4,53,1001.1,220,2.8,-9900,-9900,0.0,0.0
2017,8,5,13,60,1292.00,1329.61,955.56,779.42,198.19,4,36.0,24.7,52,1000.6,240,3.3,-9900,-9900,0.0,0.0
2017,8,5,14,60,1207.17,1329.61,905.56,805.17,174.54,4,36.1,25.0,53,999.8,240,2.7,30,-9900,0.0,0.0
2017,8,5,15,60,1051.17,1329.61,808.33,838.40,145.50,4,36.1,24.9,53,999.5,230,2.3,-9900,-9900,0.0,0.0
2017,8,5,16,60,834.64,1329.61,605.56,744.85,137.99,5,35.3,25.0,55,999.4,270,2.3,-9900,-9900,0.0,0.0
2017,8,5,17,60,572.33,1329.61,0.00,0.00,0.00,3,34.2,24.0,55,999.5,260,3.5,25,-9900,0.0,0.0
2017,8,5,18,60,282.12,1329.61,0.00,0.00,0.00,3,33.2,23.5,57,1000.0,260,3.3,-9900,-9900,0.0,0.0
2017,8,5,19,60,29.17,585.72,0.00,0.00,0.00,4,32.6,23.5,59,1000.7,240,2.7,-9900,-9900,0.0,0.0
2017,8,5,20,60,0.00,0.00,0.00,0.00,0.00,4,32.2,23.4,60,1001.3,250,2.2,-9900,-9900,0.0,0.0
2017,8,5,21,60,0.00,0.00,0.00,0.00,0.00,4,31.8,23.5,62,1001.6,260,1.6,-9900,-9900,0.0,0.0
2017,8,5,22,60,0.00,0.00,0.00,0.00,0.00,5,31.3,23.2,62,1001.8,250,1.5,-9900,-9900,0.0,0.0
2017,8,5,23,60,0.00,0.00,0.00,0.00,0.00,5,31.1,23.4,64,1001.5,260,1.9,-9900,-9900,0.0,0.0
2017,8,5,24,60,0.00,0.00,0.00,0.00,0.00,5,30.5,23.4,66,1001.2,220,1.1,-9900,-9900,0.0,0.0
2017,8,6,1,60,0.00,0.00,0.00,0.00,0.00,6,30.0,23.8,69,1001.1,170,0.6,-9900,-9900,0.0,0.0
2017,8,6,2,60,0.00,0.00,0.00,0.00,0.00,6,29.6,23.3,69,1000.4,190,1.0,-9900,-9900,0.0,0.0
2017,8,6,3,60,0.00,0.00,0.00,0.00,0.00,6,29.6,23.2,69,1000.7,220,0.9,-9900,-9900,0.0,0.0
2017,8,6,4,60,0.00,0.00,0.00,0.00,0.00,7,29.6,22.7,67,1001.3,210,1.6,-9900,-9900,0.0,0.0
2017,8,6,5,60,0.00,0.00,0.00,0.00,0.00,7,29.2,22.7,68,1001.3,210,1.8,-9900,-9900,0.0,0.0
2017,8,6,6,60,60.38,841.63,0.00,0.00,0.00,7,29.0,23.0,70,1001.6,0,0.0,-9900,-9900,0.0,0.0
2017,8,6,7,60,339.76,1330.05,0.00,0.00,0.00,8,30.0,23.1,67,1002.0,250,2.6,-9900,-9900,0.0,0.0
2017,8,6,8,60,626.40,1330.05,0.00,0.00,0.00,8,31.0,23.7,65,1002.4,220,1.5,50,-9900,0.0,0.0
2017,8,6,9,60,881.28,1330.05,591.67,611.55,186.46,7,32.5,23.8,60,1002.4,220,2.0,50,-9900,0.0,0.0
2017,8,6,10,60,1087.04,1330.05,791.67,751.88,177.17,4,34.2,24.5,57,1002.0,200,2.2,-9900,-9900,0.0,0.0
2017,8,6,11,60,1229.62,1330.05,950.00,842.62,171.00,3,36.1,23.6,49,1001.5,260,2.9,40,-9900,0.0,0.0
2017,8,6,12,60,1299.34,1330.05,1000.00,839.38,180.00,3,37.2,24.1,47,1000.7,230,2.8,-9900,-9900,0.0,0.0
2017,8,6,13,60,1291.44,1330.05,1000.00,844.52,180.00,3,37.6,23.8,45,1000.4,240,2.0,-9900,-9900,0.0,0.0
2017,8,6,14,60,1206.46,1330.05,969.44,876.38,174.50,5,37.1,24.1,48,999.8,240,2.3,30,-9900,0.0,0.0
2017,8,6,15,60,1050.17,1330.05,816.67,848.14,147.00,7,37.1,24.7,49,999.4,280,2.5,-9900,-9900,0.0,0.0
2017,8,6,16,60,833.25,1330.05,516.67,489.05,210.29,7,35.8,24.1,51,999.2,270,2.0,-9900,-9900,0.0,0.0
2017,8,6,17,60,570.47,1330.05,0.00,0.00,0.00,5,34.6,24.4,56,999.2,250,1.3,20,-9900,0.0,0.0
2017,8,6,18,60,279.73,1330.05,0.00,0.00,0.00,5,33.7,24.1,57,1000.1,270,1.2,-9900,-9900,0.0,0.0
2017,8,6,19,60,27.95,572.98,0.00,0.00,0.00,5,33.0,24.0,59,1000.7,250,0.9,-9900,-9900,0.0,0.0
2017,8,6,20,60,0.00,0.00,0.00,0.00,0.00,4,32.1,23.9,62,1001.3,270,0.7,-9900,-9900,0.0,0.0
2017,8,6,21,60,0.00,0.00,0.00,0.00,0.00,4,31.9,24.0,63,1001.8,270,1.5,-9900,-9900,0.0,0.0
2017,8,6,22,60,0.00,0.00,0.00,0.00,0.00,4,31.5,24.1,65,1001.8,260,1.2,-9900,-9900,0.0,0.0
2017,8,6,23,60,0.00,0.00,0.00,0.00,0.00,4,30.9,24.1,67,1000.8,240,2.3,-9900,-9900,0.0,0.0
2017,8,6,24,60,0.00,0.00,0.00,0.00,0.00,4,30.5,24.4,70,999.8,170,1.1,-9900,-9900,0.0,0.0
2017,8,7,1,60,0.00,0.00,0.00,0.00,0.00,3,30.7,24.6,70,1000.5,0,0.0,-9900,-9900,0.0,0.0
2017,8,7,2,60,0.00,0.00,0.00,0.00,0.00,3,30.4,24.2,70,1001.8,280,1.3,-9900,-9900,0.0,0.0
2017,8,7,3,60,0.00,0.00,0.00,0.00,0.00,3,30.1,23.7,69,1001.8,260,1.8,-9900,-9900,0.0,0.0
2017,8,7,4,60,0.00,0.00,0.00,0.00,0.00,3,30.1,23.3,67,1001.9,270,1.3,-9900,-9900,0.0,0.0
2017,8,7,5,60,0.00,0.00,0.00,0.00,0.00,3,29.8,22.7,66,1001.6,250,1.6,-9900,-9900,0.0,0.0
2017,8,7,6,60,58.63,828.80,0.00,0.00,0.00,2,29.9,22.9,66,1001.9,240,1.2,-9900,-9900,0.0,0.0
2017,8,7,7,60,337.42,1330.50,0.00,0.00,0.00,2,30.3,22.8,64,1002.5,300,0.7,-9900,-9900,0.0,0.0
2017,8,7,8,60,624.58,1330.50,0.00,0.00,0.00,2,32.1,23.0,59,1002.7,290,0.9,20,-9900,0.0,0.0
2017,8,7,9,60,879.93,1330.50,597.22,629.74,180.74,2,34.1,23.0,53,1002.6,240,1.1,20,-9900,0.0,0.0
2017,8,7,10,60,1086.05,1330.50,800.00,772.62,169.33,2,35.4,23.4,50,1002.2,200,1.2,-9900,-9900,0.0,0.0
2017,8,7,11,60,1228.90,1330.50,888.89,739.90,205.49,2,36.8,23.1,46,1001.9,280,2.7,20,-9900,0.0,0.0
2017,8,7,12,60,1298.75,1330.50,1008.33,847.04,181.50,3,37.7,23.3,44,1001.5,270,2.1,-9900,-9900,0.0,0.0
2017,8,7,13,60,1290.84,1330.50,905.56,686.01,240.00,3,37.9,24.3,46,1001.1,270,3.2,-9900,-9900,0.0,0.0
2017,8,7,14,60,1205.69,1330.50,950.00,859.64,171.00,4,38.1,24.4,46,1000.5,280,3.0,20,-9900,0.0,0.0
2017,8,7,15,60,1049.13,1330.50,811.11,843.49,146.00,5,36.6,24.1,49,1000.5,280,2.5,-9900,-9900,0.0,0.0
2017,8,7,16,60,831.81,1330.50,566.67,635.97,169.07,6,36.1,24.5,51,1000.2,260,2.4,-9900,-9900,0.0,0.0
2017,8,7,17,60,568.54,1330.50,0.00,0.00,0.00,8,35.0,24.4,54,1000.2,270,1.5,15,-9900,0.0,0.0
2017,8,7,18,60,277.28,1330.50,0.00,0.00,0.00,8,33.9,24.2,57,1000.4,270,1.7,-9900,-9900,0.0,0.0
2017,8,7,19,60,26.74,560.06,0.00,0.00,0.00,8,32.7,24.1,61,1000.9,220,2.2,-9900,-9900,0.0,0.0
2017,8,7,20,60,0.00,0.00,0.00,0.00,0.00,7,32.5,24.2,62,1001.4,270,2.4,-9900,-9900,0.0,0.0
2017,8,7,21,60,0.00,0.00,0.00,0.00,0.00,7,31.9,24.2,64,1002.4,250,3.0,-9900,-9900,0.0,0.0
2017,8,7,22,60,0.00,0.00,0.00,0.00,0.00,7,31.8,24.2,64,1002.7,270,1.6,-9900,-9900,0.0,0.0
2017,8,7,23,60,0.00,0.00,0.00,0.00,0.00,7,31.2,24.3,67,1002.9,260,2.2,-9900,-9900,0.0,0.0
2017,8,7,24,60,0.00,0.00,0.00,0.00,0.00,7,31.0,24.4,68,1002.7,230,1.9,-9900,-9900,0.0,0.0
2017,8,8,1,60,0.00,0.00,0.00,0.00,0.00,6,30.9,24.3,68,1002.6,250,2.2,-9900,-9900,0.0,0.0
2017,8,8,2,60,0.00,0.00,0.00,0.00,0.00,6,30.8,23.1,64,1002.2,230,1.5,-9900,-9900,0.0,0.0
2017,8,8,3,60,0.00,0.00,0.00,0.00,0.00,6,30.7,22.8,63,1002.3,260,1.1,-9900,-9900,0.0,0.0
2017,8,8,4,60,0.00,0.00,0.00,0.00,0.00,6,30.3,23.1,65,1001.9,210,1.2,-9900,-9900,0.0,0.0
2017,8,8,5,60,0.00,0.00,0.00,0.00,0.00,6,29.9,23.5,69,1002.2,160,0.7,-9900,-9900,0.0,0.0
2017,8,8,6,60,56.87,815.80,0.00,0.00,0.00,5,30.5,22.5,62,1002.4,270,0.9,-9900,-9900,0.0,0.0
2017,8,8,7,60,335.04,1330.97,138.89,0.00,138.89,5,30.9,22.8,62,1002.6,290,0.6,-9900,-9900,0.0,0.0
2017,8,8,8,60,622.73,1330.97,305.56,227.86,198.95,5,31.6,23.2,61,1002.8,250,2.7,20,-9900,0.0,0.0
2017,8,8,9,60,878.54,1330.97,480.56,331.11,262.00,5,32.8,23.3,57,1003.0,230,2.3,20,-9900,0.0,0.0
2017,8,8,10,60,1085.04,1330.97,661.11,464.64,282.32,5,34.6,23.8,54,1002.8,250,1.7,-9900,-9900,0.0,0.0
2017,8,8,11,60,1228.15,1330.97,675.00,336.32,364.66,6,35.2,24.0,52,1002.3,220,2.4,20,-9900,0.0,0.0
2017,8,8,12,60,1298.13,1330.97,802.78,485.57,329.19,7,35.7,23.6,50,1001.7,240,1.9,-9900,-9900,0.0,0.0
2017,8,8,13,60,1290.20,1330.97,572.22,156.38,420.63,8,36.5,23.4,47,1001.4,270,2.5,-9900,-9900,0.0,0.0
2017,8,8,14,60,1204.89,1330.97,663.89,339.11,356.90,8,36.0,24.4,51,1001.1,250,4.0,20,1,0.0,0.0
2017,8,8,15,60,1048.04,1330.97,611.11,406.34,291.15,8,35.7,24.1,51,1000.7,250,3.5,-9900,-9900,0.0,0.0
2017,8,8,16,60,830.33,1330.97,305.56,72.29,260.46,8,34.5,24.0,55,1001.0,250,2.7,-9900,-9900,0.0,0.0
2017,8,8,17,60,566.58,1330.97,261.11,181.00,184.06,8,33.8,23.2,54,1000.9,240,3.6,22,1,0.0,0.0
2017,8,8,18,60,274.78,1330.97,16.67,0.00,16.67,8,33.5,23.1,55,1000.8,250,3.0,-9900,-9900,0.0,0.0
2017,8,8,19,60,25.54,546.97,0.00,0.00,0.00,7,32.8,23.2,57,1000.9,240,2.9,-9900,-9900,0.0,0.0
2017,8,8,20,60,0.00,0.00,0.00,0.00,0.00,7,32.3,23.1,58,1001.3,250,2.1,-9900,-9900,0.0,0.0
2017,8,8,21,60,0.00,0.00,0.00,0.00,0.00,7,32.0,23.3,60,1001.6,190,1.4,-9900,-9900,0.0,0.0
2017,8,8,22,60,0.00,0.00,0.00,0.00,0.00,6,31.4,24.0,65,1001.7,80,1.5,-9900,-9900,0.0,0.0
2017,8,8,23,60,0.00,0.00,0.00,0.00,0.00,6,30.8,23.9,67,1001.5,100,1.6,-9900,-9900,0.0,0.0
2017,8,8,24,60,0.00,0.00,0.00,0.00,0.00,6,30.2,24.1,70,1001.3,130,1.1,-9900,-9900,0.0,0.0
2017,8,9,1,60,0.00,0.00,0.00,0.00,0.00,5,29.9,23.9,70,1001.1,130,1.3,-9900,-9900,0.0,0.0
2017,8,9,2,60,0.00,0.00,0.00,0.00,0.00,5,29.8,23.5,69,1000.8,160,1.5,-9900,-9900,0.0,0.0
2017,8,9,3,60,0.00,0.00,0.00,0.00,0.00,5,30.2,22.7,64,1000.9,240,1.8,-9900,-9900,0.0,0.0
2017,8,9,4,60,0.00,0.00,0.00,0.00,0.00,4,30.4,21.6,59,1001.2,270,1.9,-9900,-9900,0.0,0.0
2017,8,9,5,60,0.00,0.00,0.00,0.00,0.00,4,30.0,21.3,60,1001.5,250,2.1,-9900,-9900,0.0,0.0
2017,8,9,6,60,55.12,802.62,0.00,0.00,0.00,4,29.8,21.2,60,1001.7,240,1.8,-9900,-9900,0.0,0.0
2017,8,9,7,60,332.60,1331.44,138.89,0.00,138.89,3,30.6,21.5,58,1001.6,260,3.4,-9900,-9900,0.0,0.0
2017,8,9,8,60,620.82,1331.44,361.11,403.36,173.03,3,32.1,22.0,55,1001.9,240,2.9,30,-9900,0.0,0.0
2017,8,9,9,60,877.10,1331.44,530.56,454.84,230.93,3,33.6,22.5,52,1001.8,240,2.5,30,-9900,0.0,0.0
2017,8,9,10,60,1083.97,1331.44,708.33,568.64,245.38,3,35.0,22.1,47,1001.5,250,5.2,-9900,-9900,0.0,0.0
2017,8,9,11,60,1227.35,1331.44,833.33,630.82,251.83,3,35.7,21.9,45,1000.7,220,5.3,30,-9900,0.0,0.0
2017,8,9,12,60,1297.45,1331.44,833.33,541.83,305.33,4,36.4,22.3,44,1000.3,220,4.6,-9900,-9900,0.0,0.0
2017,8,9,13,60,1289.51,1331.44,836.11,556.46,297.18,4,36.9,22.3,43,999.9,250,3.9,-9900,-9900,0.0,0.0
2017,8,9,14,60,1204.05,1331.44,622.22,273.50,374.89,5,36.1,22.9,47,999.7,260,3.6,30,-9900,0.0,0.0
2017,8,9,15,60,1046.91,1331.44,638.89,467.01,271.68,6,35.9,23.2,48,999.5,250,5.5,-9900,-9900,0.0,0.0
2017,8,9,16,60,828.79,1331.44,463.89,357.01,241.66,6,35.6,22.9,48,999.1,250,3.3,-9900,-9900,0.0,0.0
2017,8,9,17,60,564.56,1331.44,283.33,246.94,178.62,4,34.3,22.9,52,999.3,260,2.7,25,-9900,0.0,0.0
2017,8,9,18,60,272.23,1331.44,100.00,0.00,100.00,4,33.3,22.8,54,999.7,250,4.1,-9900,-9900,0.0,0.0
2017,8,9,19,60,24.34,533.69,0.00,0.00,0.00,4,32.6,22.8,56,1000.7,250,3.7,-9900,-9900,0.0,0.0
2017,8,9,20,60,0.00,0.00,0.00,0.00,0.00,4,32.3,22.8,57,1001.1,250,2.8,-9900,-9900,0.0,0.0
2017,8,9,21,60,0.00,0.00,0.00,0.00,0.00,5,31.8,22.7,59,1001.6,220,2.9,-9900,-9900,0.0,0.0
2017,8,9,22,60,0.00,0.00,0.00,0.00,0.00,5,31.5,22.6,59,1001.8,220,2.8,-9900,-9900,0.0,0.0
2017,8,9,23,60,0.00,0.00,0.00,0.00,0.00,5,31.2,22.4,60,1001.7,230,2.4,-9900,-9900,0.0,0.0
2017,8,9,24,60,0.00,0.00,0.00,0.00,0.00,5,30.8,22.6,62,1001.4,240,2.5,-9900,-9900,0.0,0.0
2017,8,10,1,60,0.00,0.00,0.00,0.00,0.00,5,30.4,22.6,63,1001.0,230,2.5,-9900,-9900,0.0,0.0
2017,8,10,2,60,0.00,0.00,0.00,0.00,0.00,5,30.1,22.5,64,1000.4,210,3.6,-9900,-9900,0.0,0.0
2017,8,10,3,60,0.00,0.00,0.00,0.00,0.00,5,29.6,22.5,66,1000.1,200,1.2,-9900,-9900,0.0,0.0
2017,8,10,4,60,0.00,0.00,0.00,0.00,0.00,5,29.2,23.1,70,1000.7,210,0.9,-9900,-9900,0.0,0.0
2017,8,10,5,60,0.00,0.00,0.00,0.00,0.00,6,29.5,22.2,65,1001.1,310,0.3,-9900,-9900,0.0,0.0
2017,8,10,6,60,53.36,789.27,0.00,0.00,0.00,6,29.7,21.8,63,1001.4,280,0.7,-9900,-9900,0.0,0.0
2017,8,10,7,60,330.12,1331.92,136.11,0.00,136.11,6,30.0,22.0,62,1001.9,210,1.4,-9900,-9900,0.0,0.0
2017,8,10,8,60,618.86,1331.92,327.78,297.56,189.52,6,31.0,23.1,63,1001.9,230,1.5,50,-9900,0.0,0.0
2017,8,10,9,60,875.61,1331.92,533.33,464.52,227.95,5,33.0,22.8,55,1002.0,230,3.7,40,-9900,0.0,0.0
2017,8,10,10,60,1082.87,1331.92,627.78,399.35,303.10,9,34.1,23.1,53,1002.5,230,3.7,-9900,-9900,0.0,0.0
2017,8,10,11,60,1226.51,1331.92,605.56,233.13,390.88,7,34.7,23.1,51,1001.8,250,4.6,40,-9900,0.0,0.0
2017,8,10,12,60,1296.73,1331.92,827.78,532.69,309.16,6,35.3,22.4,47,1001.2,220,5.0,-9900,-9900,0.0,0.0
2017,8,10,13,60,1288.77,1331.92,841.67,567.94,292.13,4,35.9,23.0,48,1000.6,230,4.0,-9900,-9900,0.0,0.0
2017,8,10,14,60,1203.16,1331.92,833.33,664.70,232.89,4,36.1,22.0,44,1000.1,250,4.6,40,-9900,0.0,0.0
2017,8,10,15,60,1045.73,1331.92,683.33,568.82,236.73,5,35.8,22.0,45,999.8,240,5.2,-9900,-9900,0.0,0.0
2017,8,10,16,60,827.22,1331.92,472.22,380.38,235.98,6,35.5,21.6,45,1000.1,250,3.5,-9900,-9900,0.0,0.0
2017,8,10,17,60,562.51,1331.92,283.33,250.23,177.65,5,34.6,21.4,46,1000.7,250,3.8,30,-9900,0.0,0.0
2017,8,10,18,60,269.64,1331.92,100.00,0.00,100.00,5,33.7,21.7,50,1001.5,240,3.7,-9900,-9900,0.0,0.0
2017,8,10,19,60,23.16,520.25,0.00,0.00,0.00,5,33.0,22.7,55,1001.7,260,3.3,-9900,-9900,0.0,0.0
2017,8,10,20,60,0.00,0.00,0.00,0.00,0.00,6,32.5,22.6,56,1002.2,240,2.3,-9900,-9900,0.0,0.0
2017,8,10,21,60,0.00,0.00,0.00,0.00,0.00,6,32.0,22.4,57,1002.4,180,1.5,-9900,-9900,0.0,0.0
2017,8,10,22,60,0.00,0.00,0.00,0.00,0.00,6,31.5,22.6,59,1002.6,180,0.9,-9900,-9900,0.0,0.0
2017,8,10,23,60,0.00,0.00,0.00,0.00,0.00,6,31.6,22.6,59,1002.6,210,0.5,-9900,-9900,0.0,0.0
2017,8,10,24,60,0.00,0.00,0.00,0.00,0.00,6,30.8,23.1,64,1002.9,150,0.9,-9900,-9900,0.0,0.0
2017,8,11,1,60,0.00,0.00,0.00,0.00,0.00,7,30.5,23.3,66,1002.9,180,0.6,-9900,-9900,0.0,0.0
2017,8,11,2,60,0.00,0.00,0.00,0.00,0.00,7,30.2,22.7,64,1002.9,280,1.4,-9900,-9900,0.0,0.0
2017,8,11,3,60,0.00,0.00,0.00,0.00,0.00,7,29.9,22.5,65,1002.9,220,1.5,-9900,-9900,0.0,0.0
2017,8,11,4,60,0.00,0.00,0.00,0.00,0.00,7,29.9,22.2,63,1003.2,260,1.5,-9900,-9900,0.0,0.0
2017,8,11,5,60,0.00,0.00,0.00,0.00,0.00,7,29.6,22.1,64,1003.6,210,1.1,-9900,-9900,0.0,0.0
2017,8,11,6,60,51.62,775.77,0.00,0.00,0.00,8,28.4,23.2,73,1003.6,150,2.0,-9900,-9900,0.0,0.0
2017,8,11,7,60,327.59,1332.42,100.00,0.00,100.00,8,29.7,23.5,69,1004.0,0,0.0,-9900,-9900,0.0,0.0
2017,8,11,8,60,616.86,1332.42,288.89,192.41,199.81,8,31.6,22.7,59,1004.7,250,1.8,20,-9900,0.0,0.0
2017,8,11,9,60,874.08,1332.42,500.00,383.01,248.74,8,32.5,22.4,55,1004.9,230,2.7,30,-9900,0.0,0.0
2017,8,11,10,60,1081.72,1332.42,552.78,263.29,339.03,8,33.9,22.9,53,1004.7,230,2.4,-9900,-9900,0.0,0.0
2017,8,11,11,60,1225.62,1332.42,766.67,502.66,304.30,8,35.4,23.5,50,1004.1,240,1.7,40,-9900,0.0,0.0
2017,8,11,12,60,1295.98,1332.42,863.89,600.96,279.37,8,36.4,22.8,46,1003.5,260,3.9,-9900,-9900,0.0,0.0
2017,8,11,13,60,1288.00,1332.42,850.00,584.75,284.74,8,36.2,24.0,50,1003.1,260,3.1,-9900,-9900,0.0,0.0
2017,8,11,14,60,1202.24,1332.42,666.67,346.63,353.91,8,36.4,24.3,50,1002.7,260,3.0,18,1,0.0,0.0
2017,8,11,15,60,1044.52,1332.42,455.56,146.67,340.58,8,35.7,24.9,54,1002.4,260,3.3,-9900,-9900,0.0,0.0
2017,8,11,16,60,825.60,1332.42,363.89,152.82,269.20,8,35.1,24.6,55,1002.1,250,3.0,-9900,-9900,0.0,0.0
2017,8,11,17,60,560.40,1332.42,213.89,84.83,178.21,10,33.5,24.3,59,1002.6,310,1.8,20,1,0.0,0.0
2017,8,11,18,60,267.00,1332.42,0.00,0.00,0.00,10,31.1,23.6,64,1003.0,50,2.1,-9900,-9900,0.0,0.7
2017,8,11,19,60,21.99,506.64,0.00,0.00,0.00,10,31.0,23.7,65,1003.4,60,1.6,-9900,-9900,0.1,0.8
2017,8,11,20,60,0.00,0.00,0.00,0.00,0.00,10,31.4,23.0,61,1004.1,80,0.9,-9900,-9900,0.0,0.0
2017,8,11,21,60,0.00,0.00,0.00,0.00,0.00,10,31.3,23.5,63,1004.9,120,1.8,-9900,-9900,0.0,0.0
2017,8,11,22,60,0.00,0.00,0.00,0.00,0.00,10,30.6,23.0,64,1005.3,160,2.3,-9900,-9900,0.0,0.0
2017,8,11,23,60,0.00,0.00,0.00,0.00,0.00,10,30.2,23.2,66,1005.1,100,1.2,-9900,-9900,0.0,0.0
2017,8,11,24,60,0.00,0.00,0.00,0.00,0.00,10,29.8,22.8,66,1005.1,160,1.4,-9900,-9900,0.0,0.0
2017,8,12,1,60,0.00,0.00,0.00,0.00,0.00,9,30.1,23.0,66,1005.0,190,0.8,-9900,-9900,0.0,0.0
2017,8,12,2,60,0.00,0.00,0.00,0.00,0.00,9,29.6,23.1,68,1004.7,160,1.6,-9900,-9900,0.0,0.0
2017,8,12,3,60,0.00,0.00,0.00,0.00,0.00,9,29.2,23.1,70,1004.6,150,0.9,-9900,-9900,0.0,0.0
2017,8,12,4,60,0.00,0.00,0.00,0.00,0.00,9,29.1,23.0,70,1004.6,150,1.2,-9900,-9900,0.0,0.0
2017,8,12,5,60,0.00,0.00,0.00,0.00,0.00,9,29.0,23.0,70,1005.1,150,1.6,-9900,-9900,0.0,0.0
2017,8,12,6,60,49.87,762.10,0.00,0.00,0.00,9,29.1,23.4,71,1005.4,150,0.7,-9900,-9900,0.0,0.0
2017,8,12,7,60,325.01,1332.92,13.89,0.00,13.89,9,30.0,24.1,71,1005.9,180,1.1,-9900,-9900,0.0,0.0
2017,8,12,8,60,614.81,1332.92,144.44,8.63,140.46,9,30.8,23.8,66,1006.1,250,2.0,15,1,0.0,0.0
2017,8,12,9,60,872.50,1332.92,380.56,146.77,284.49,7,32.4,23.9,61,1006.1,250,1.8,15,1,0.0,0.0
2017,8,12,10,60,1080.51,1332.92,494.44,176.48,351.38,5,33.0,23.8,59,1005.9,250,1.6,-9900,-9900,0.0,0.0
2017,8,12,11,60,1224.67,1332.92,569.44,187.40,397.26,5,33.8,24.0,57,1005.6,270,1.8,20,-9900,0.0,0.0
2017,8,12,12,60,1295.17,1332.92,691.67,306.18,394.16,5,35.3,24.0,52,1004.9,240,1.6,-9900,-9900,0.0,0.0
2017,8,12,13,60,1287.17,1332.92,705.56,333.89,383.13,6,36.5,24.3,50,1004.3,260,0.8,-9900,-9900,0.0,0.0
2017,8,12,14,60,1201.25,1332.92,577.78,212.31,386.44,6,35.4,25.1,55,1003.8,320,1.7,20,-9900,0.0,0.0
2017,8,12,15,60,1043.24,1332.92,419.44,105.71,336.70,7,35.5,25.2,55,1003.6,330,2.3,-9900,-9900,0.0,0.0
2017,8,12,16,60,823.93,1332.92,452.78,336.67,244.67,9,35.0,24.6,55,1003.7,270,2.0,-9900,-9900,0.0,0.0
2017,8,12,17,60,558.25,1332.92,222.22,101.43,179.74,9,34.1,24.0,56,1003.8,280,1.8,15,1,0.0,0.0
2017,8,12,18,60,264.30,1332.92,58.33,0.00,58.33,9,33.5,23.8,57,1004.1,240,0.6,-9900,-9900,0.0,0.0
2017,8,12,19,60,20.84,492.87,0.00,0.00,0.00,9,32.6,23.4,58,1004.5,270,2.2,-9900,-9900,0.0,0.0
2017,8,12,20,60,0.00,0.00,0.00,0.00,0.00,9,32.1,23.6,61,1005.1,360,1.2,-9900,-9900,0.0,0.0
2017,8,12,21,60,0.00,0.00,0.00,0.00,0.00,9,31.9,23.6,62,1005.7,110,1.3,-9900,-9900,0.0,0.0
2017,8,12,22,60,0.00,0.00,0.00,0.00,0.00,9,31.3,23.6,64,1005.9,130,1.8,-9900,-9900,0.0,0.0
2017,8,12,23,60,0.00,0.00,0.00,0.00,0.00,9,30.8,24.2,68,1005.7,190,1.0,-9900,-9900,0.0,0.0
2017,8,12,24,60,0.00,0.00,0.00,0.00,0.00,9,30.7,24.1,68,1005.6,160,1.4,-9900,-9900,0.0,0.0
2017,8,13,1,60,0.00,0.00,0.00,0.00,0.00,9,30.5,24.1,69,1005.4,190,0.9,-9900,-9900,0.0,0.0
2017,8,13,2,60,0.00,0.00,0.00,0.00,0.00,9,30.0,24.2,71,1005.1,160,1.1,-9900,-9900,0.0,0.0
2017,8,13,3,60,0.00,0.00,0.00,0.00,0.00,9,29.7,23.7,70,1004.8,150,1.3,-9900,-9900,0.0,0.0
2017,8,13,4,60,0.00,0.00,0.00,0.00,0.00,9,29.6,23.4,69,1004.8,120,1.2,-9900,-9900,0.0,0.0
2017,8,13,5,60,0.00,0.00,0.00,0.00,0.00,9,29.1,23.1,70,1004.8,130,1.2,-9900,-9900,0.0,0.0
2017,8,13,6,60,48.13,748.27,0.00,0.00,0.00,9,29.0,23.1,71,1005.1,130,1.4,-9900,-9900,0.0,0.0
2017,8,13,7,60,322.38,1333.43,27.78,0.00,27.78,9,29.4,23.3,70,1005.8,150,1.5,-9900,-9900,0.0,0.0
2017,8,13,8,60,612.70,1333.43,236.11,88.47,195.46,9,30.7,24.3,69,1005.9,200,1.4,20,1,0.0,0.0
2017,8,13,9,60,870.86,1333.43,497.22,381.01,248.38,8,32.0,24.1,63,1005.6,260,1.1,20,1,0.0,0.0
2017,8,13,10,60,1079.26,1333.43,691.67,539.29,255.18,2,33.8,24.4,58,1005.4,140,1.3,-9900,-9900,0.0,0.0
2017,8,13,11,60,1223.68,1333.43,833.33,636.77,248.97,3,35.3,24.4,53,1005.0,280,0.8,20,-9900,0.0,0.0
2017,8,13,12,60,1294.30,1333.43,888.89,651.00,256.99,5,35.7,23.8,50,1004.7,250,0.7,-9900,-9900,0.0,0.0
2017,8,13,13,60,1286.30,1333.43,794.44,484.62,326.95,6,36.6,25.8,54,1004.1,320,1.4,-9900,-9900,0.0,0.0
2017,8,13,14,60,1200.21,1333.43,675.00,363.08,348.19,6,35.9,25.8,56,1003.8,310,2.8,12,-9900,0.0,0.0
2017,8,13,15,60,1041.92,1333.43,258.33,10.88,249.83,10,33.7,24.9,60,1003.7,330,1.4,-9900,-9900,0.0,0.0
2017,8,13,16,60,822.21,1333.43,127.78,3.65,125.53,9,32.3,24.3,63,1003.8,20,2.9,-9900,-9900,0.0,0.0
2017,8,13,17,60,556.05,1333.43,69.44,2.52,68.39,9,31.9,23.9,63,1004.0,40,3.6,15,1,0.0,0.0
2017,8,13,18,60,261.57,1333.43,0.00,0.00,0.00,9,31.8,23.4,61,1004.3,60,1.5,-9900,-9900,0.0,0.0
2017,8,13,19,60,19.70,478.94,0.00,0.00,0.00,9,31.6,24.0,64,1004.6,50,2.1,-9900,-9900,0.0,0.0
2017,8,13,20,60,0.00,0.00,0.00,0.00,0.00,9,31.8,24.3,65,1004.8,260,1.7,-9900,-9900,0.0,0.0
2017,8,13,21,60,0.00,0.00,0.00,0.00,0.00,9,31.4,24.4,66,1005.3,270,0.6,-9900,-9900,0.0,0.0
2017,8,13,22,60,0.00,0.00,0.00,0.00,0.00,9,30.9,24.1,67,1005.6,200,2.2,-9900,-9900,0.0,0.0
2017,8,13,23,60,0.00,0.00,0.00,0.00,0.00,9,30.8,24.2,68,1005.6,240,1.5,-9900,-9900,0.0,0.0
2017,8,13,24,60,0.00,0.00,0.00,0.00,0.00,9,30.6,24.2,69,1005.2,240,1.2,-9900,-9900,0.0,0.0
2017,8,14,1,60,0.00,0.00,0.00,0.00,0.00,9,30.0,24.0,70,1005.1,200,1.5,-9900,-9900,0.0,0.0
2017,8,14,2,60,0.00,0.00,0.00,0.00,0.00,9,29.9,24.1,71,1005.0,200,0.8,-9900,-9900,0.0,0.0
2017,8,14,3,60,0.00,0.00,0.00,0.00,0.00,9,29.7,24.3,73,1004.5,170,1.1,-9900,-9900,0.0,0.0
2017,8,14,4,60,0.00,0.00,0.00,0.00,0.00,9,29.3,24.3,75,1004.5,200,1.1,-9900,-9900,0.0,0.0
2017,8,14,5,60,0.00,0.00,0.00,0.00,0.00,9,29.2,24.3,75,1004.5,190,0.7,-9900,-9900,0.0,0.0
2017,8,14,6,60,46.40,734.30,0.00,0.00,0.00,9,29.0,23.7,73,1005.0,180,0.9,-9900,-9900,0.0,0.0
2017,8,14,7,60,319.70,1333.96,136.11,0.00,136.11,9,29.3,24.2,74,1005.2,210,1.1,-9900,-9900,0.0,0.0
2017,8,14,8,60,610.56,1333.96,216.67,61.61,188.47,9,30.4,24.5,71,1005.3,280,0.6,10,1,0.0,0.0
2017,8,14,9,60,869.19,1333.96,258.33,26.47,241.08,9,31.4,24.3,66,1005.7,200,0.5,15,-9900,0.0,0.0
2017,8,14,10,60,1077.97,1333.96,700.00,559.86,247.58,7,34.1,23.3,53,1005.7,240,1.1,-9900,-9900,0.0,0.0
2017,8,14,11,60,1222.65,1333.96,833.33,638.43,248.17,2,34.9,23.2,51,1004.8,260,1.0,25,-9900,0.0,0.0
2017,8,14,12,60,1293.39,1333.96,833.33,547.69,302.30,3,36.2,23.0,47,1004.3,280,1.9,-9900,-9900,0.0,0.0
2017,8,14,13,60,1285.38,1333.96,927.78,738.04,216.62,7,37.3,23.4,45,1003.8,280,1.6,-9900,-9900,0.0,0.0
2017,8,14,14,60,1199.14,1333.96,819.44,642.83,241.58,9,36.4,24.5,51,1003.2,260,2.1,25,1,0.0,0.0
2017,8,14,15,60,1040.56,1333.96,591.67,376.22,298.20,9,36.2,24.8,52,1002.8,260,1.9,-9900,-9900,0.0,0.0
2017,8,14,16,60,820.45,1333.96,327.78,103.05,264.40,9,34.7,24.1,54,1002.8,270,2.0,-9900,-9900,0.0,0.0
2017,8,14,17,60,553.80,1333.96,91.67,4.07,89.98,9,33.5,23.7,57,1003.0,260,0.6,22,1,0.0,0.0
2017,8,14,18,60,258.79,1333.96,22.22,0.00,22.22,9,33.0,23.4,57,1003.3,260,3.3,-9900,-9900,0.0,0.0
2017,8,14,19,60,18.58,464.86,0.00,0.00,0.00,8,32.6,23.3,58,1003.4,260,1.3,-9900,-9900,0.0,0.0
2017,8,14,20,60,0.00,0.00,0.00,0.00,0.00,8,32.2,23.4,60,1004.0,270,2.3,-9900,-9900,0.0,0.0
2017,8,14,21,60,0.00,0.00,0.00,0.00,0.00,7,31.8,23.5,62,1004.8,290,0.9,-9900,-9900,0.0,0.0
2017,8,14,22,60,0.00,0.00,0.00,0.00,0.00,7,31.5,23.0,61,1005.3,290,0.6,-9900,-9900,0.0,0.0
2017,8,14,23,60,0.00,0.00,0.00,0.00,0.00,7,30.8,22.8,62,1005.3,230,1.5,-9900,-9900,0.0,0.0
2017,8,14,24,60,0.00,0.00,0.00,0.00,0.00,6,30.6,22.8,63,1004.9,250,1.4,-9900,-9900,0.0,0.0
2017,8,15,1,60,0.00,0.00,0.00,0.00,0.00,6,30.1,23.0,66,1004.5,200,0.9,-9900,-9900,0.0,0.0
2017,8,15,2,60,0.00,0.00,0.00,0.00,0.00,5,29.7,23.2,68,1003.9,210,1.3,-9900,-9900,0.0,0.0
2017,8,15,3,60,0.00,0.00,0.00,0.00,0.00,5,29.2,23.8,73,1003.6,130,1.2,-9900,-9900,0.0,0.0
2017,8,15,4,60,0.00,0.00,0.00,0.00,0.00,5,29.1,23.5,72,1003.8,170,1.2,-9900,-9900,0.0,0.0
2017,8,15,5,60,0.00,0.00,0.00,0.00,0.00,4,28.6,23.6,74,1003.7,160,1.6,-9900,-9900,0.0,0.0
2017,8,15,6,60,44.69,720.18,0.00,0.00,0.00,4,28.6,23.3,73,1004.5,160,1.8,-9900,-9900,0.0,0.0
2017,8,15,7,60,316.99,1334.49,133.33,0.00,133.33,3,28.8,23.2,72,1005.0,160,0.9,-9900,-9900,0.0,0.0
2017,8,15,8,60,608.37,1334.49,330.56,324.73,182.52,3,31.0,24.3,68,1005.3,170,0.9,30,-9900,0.0,0.0
2017,8,15,9,60,867.46,1334.49,527.78,463.87,226.25,3,32.8,23.3,57,1005.5,230,1.2,30,-9900,0.0,0.0
2017,8,15,10,60,1076.61,1334.49,702.78,568.29,244.31,2,34.8,22.8,50,1005.1,290,0.7,-9900,-9900,0.0,0.0
2017,8,15,11,60,1221.57,1334.49,833.33,640.18,247.32,3,36.0,22.9,47,1005.0,260,1.9,25,-9900,0.0,0.0
2017,8,15,12,60,1292.43,1334.49,752.78,406.01,359.57,6,35.4,22.5,47,1004.3,300,1.4,-9900,-9900,0.0,0.0
2017,8,15,13,60,1284.40,1334.49,577.78,165.57,418.42,8,35.8,24.3,52,1003.6,260,0.7,-9900,-9900,0.0,0.0
2017,8,15,14,60,1198.01,1334.49,475.00,99.87,385.34,9,35.1,24.2,53,1003.2,270,3.3,30,1,0.0,0.0
2017,8,15,15,60,1039.14,1334.49,561.11,318.09,313.42,8,35.6,24.5,53,1002.9,280,2.3,-9900,-9900,0.0,0.0
2017,8,15,16,60,818.63,1334.49,450.00,337.39,243.03,9,34.7,23.9,54,1002.6,230,2.7,-9900,-9900,0.0,0.0
2017,8,15,17,60,551.50,1334.49,158.33,22.29,149.12,7,33.8,23.1,54,1002.7,260,2.9,20,1,0.0,0.0
2017,8,15,18,60,255.96,1334.49,113.89,0.00,113.89,7,33.1,22.8,55,1002.7,250,1.4,-9900,-9900,0.0,0.0
2017,8,15,19,60,17.48,450.63,0.00,0.00,0.00,6,32.5,22.6,56,1003.0,260,1.6,-9900,-9900,0.0,0.0
2017,8,15,20,60,0.00,0.00,0.00,0.00,0.00,6,31.9,22.3,57,1003.4,250,2.3,-9900,-9900,0.0,0.0
2017,8,15,21,60,0.00,0.00,0.00,0.00,0.00,5,31.7,22.3,58,1004.0,250,1.1,-9900,-9900,0.0,0.0
2017,8,15,22,60,0.00,0.00,0.00,0.00,0.00,5,31.4,22.4,59,1004.7,230,1.9,-9900,-9900,0.0,0.0
2017,8,15,23,60,0.00,0.00,0.00,0.00,0.00,4,31.2,22.4,60,1004.9,210,1.7,-9900,-9900,0.0,0.0
2017,8,15,24,60,0.00,0.00,0.00,0.00,0.00,4,31.0,22.8,62,1004.7,210,1.5,-9900,-9900,0.0,0.0
2017,8,16,1,60,0.00,0.00,0.00,0.00,0.00,3,30.0,23.5,68,1004.2,130,1.1,-9900,-9900,0.0,0.0
2017,8,16,2,60,0.00,0.00,0.00,0.00,0.00,3,29.7,23.5,69,1004.4,160,1.0,-9900,-9900,0.0,0.0
2017,8,16,3,60,0.00,0.00,0.00,0.00,0.00,2,29.3,23.5,71,1004.5,160,1.9,-9900,-9900,0.0,0.0
2017,8,16,4,60,0.00,0.00,0.00,0.00,0.00,2,28.9,23.1,71,1004.5,150,2.2,-9900,-9900,0.0,0.0
2017,8,16,5,60,0.00,0.00,0.00,0.00,0.00,1,28.6,23.1,72,1004.5,140,1.4,-9900,-9900,0.0,0.0
2017,8,16,6,60,42.98,705.91,0.00,0.00,0.00,1,28.3,22.9,73,1004.8,140,0.7,-9900,-9900,0.0,0.0
2017,8,16,7,60,314.22,1335.03,130.56,0.00,130.56,0,29.0,23.2,71,1005.0,110,1.4,-9900,-9900,0.0,0.0
2017,8,16,8,60,606.12,1335.03,341.67,366.22,175.40,0,30.9,23.7,66,1005.0,90,0.6,40,-9900,0.0,0.0
2017,8,16,9,60,865.68,1335.03,533.33,481.65,221.01,1,33.1,23.2,56,1004.8,120,0.7,35,-9900,0.0,0.0
2017,8,16,10,60,1075.21,1335.03,680.56,521.11,260.87,2,34.8,23.5,52,1004.6,190,1.1,-9900,-9900,0.0,0.0
2017,8,16,11,60,1220.42,1335.03,813.89,602.87,262.78,7,36.1,22.8,46,1004.2,260,1.3,30,-9900,0.0,0.0
2017,8,16,12,60,1291.42,1335.03,819.44,524.82,311.76,7,36.5,25.1,52,1003.7,310,1.8,-9900,-9900,0.0,0.0
2017,8,16,13,60,1283.37,1335.03,816.67,529.15,308.00,9,36.0,25.2,54,1003.6,280,1.2,-9900,-9900,0.0,0.0
2017,8,16,14,60,1196.82,1335.03,375.00,34.36,344.20,10,34.2,25.0,59,1003.4,310,2.8,15,1,0.0,0.0
2017,8,16,15,60,1037.67,1335.03,238.89,8.00,232.67,10,32.7,24.2,61,1003.3,340,3.2,-9900,-9900,0.0,0.0
2017,8,16,16,60,816.76,1335.03,63.89,1.18,63.17,9,32.4,24.3,62,1003.2,330,1.6,-9900,-9900,0.0,0.0
2017,8,16,17,60,549.16,1335.03,13.89,0.24,13.79,10,31.8,22.9,59,1003.0,30,2.0,14,1,0.0,0.0
2017,8,16,18,60,253.08,1335.03,0.00,0.00,0.00,10,31.6,21.9,57,1004.0,50,2.7,-9900,-9900,0.0,0.0
2017,8,16,19,60,16.40,436.26,0.00,0.00,0.00,10,31.5,21.6,56,1004.5,50,2.4,-9900,-9900,0.0,0.0
2017,8,16,20,60,0.00,0.00,0.00,0.00,0.00,10,31.1,22.1,59,1005.0,10,2.3,-9900,-9900,0.0,0.0
2017,8,16,21,60,0.00,0.00,0.00,0.00,0.00,10,30.9,23.3,64,1005.8,10,1.1,-9900,-9900,0.0,0.0
2017,8,16,22,60,0.00,0.00,0.00,0.00,0.00,10,30.6,23.9,68,1006.0,320,0.5,-9900,-9900,0.0,0.0
2017,8,16,23,60,0.00,0.00,0.00,0.00,0.00,10,30.1,23.2,67,1005.9,110,1.1,-9900,-9900,0.0,0.0
2017,8,16,24,60,0.00,0.00,0.00,0.00,0.00,10,29.9,23.2,67,1005.9,180,1.4,-9900,-9900,0.0,0.0
2017,8,17,1,60,0.00,0.00,0.00,0.00,0.00,10,29.6,23.0,68,1005.5,140,1.1,-9900,-9900,0.0,0.0
2017,8,17,2,60,0.00,0.00,0.00,0.00,0.00,10,29.0,22.9,70,1005.1,150,1.4,-9900,-9900,0.0,0.0
2017,8,17,3,60,0.00,0.00,0.00,0.00,0.00,10,28.9,23.0,71,1005.0,150,2.0,-9900,-9900,0.0,0.0
2017,8,17,4,60,0.00,0.00,0.00,0.00,0.00,10,28.5,22.7,71,1004.9,170,1.6,-9900,-9900,0.0,0.0
2017,8,17,5,60,0.00,0.00,0.00,0.00,0.00,10,28.4,22.7,71,1005.0,160,1.5,-9900,-9900,0.0,0.0
2017,8,17,6,60,41.29,691.51,0.00,0.00,0.00,10,28.4,22.8,72,1005.7,140,1.5,-9900,-9900,0.0,0.0
2017,8,17,7,60,311.41,1335.59,75.00,0.00,75.00,10,28.9,23.2,71,1006.3,170,1.3,-9900,-9900,0.0,0.0
2017,8,17,8,60,603.84,1335.59,166.67,18.31,158.39,10,29.9,23.7,69,1006.9,160,1.1,10,3,0.0,0.0
2017,8,17,9,60,863.87,1335.59,302.78,58.30,265.07,8,31.1,24.6,68,1006.9,130,0.7,12,-9900,0.0,0.0
2017,8,17,10,60,1073.76,1335.59,400.00,76.55,338.46,8,31.8,23.5,62,1006.7,180,0.7,-9900,-9900,0.0,0.0
2017,8,17,11,60,1219.23,1335.59,752.78,484.96,310.07,8,34.4,25.5,60,1006.2,300,0.9,10,1,0.0,0.0
2017,8,17,12,60,1290.36,1335.59,736.11,380.61,368.39,8,36.5,25.2,52,1005.9,310,0.4,-9900,-9900,0.0,0.0
2017,8,17,13,60,1282.29,1335.59,411.11,38.40,374.24,9,34.1,24.5,57,1005.4,350,0.6,-9900,-9900,0.0,0.0
2017,8,17,14,60,1195.59,1335.59,255.56,6.39,249.84,9,33.8,24.7,59,1005.0,280,1.1,15,1,0.0,0.0
2017,8,17,15,60,1036.16,1335.59,200.00,5.32,195.87,10,32.2,24.4,64,1005.0,10,2.5,-9900,-9900,0.0,0.2
2017,8,17,16,60,814.85,1335.59,41.67,0.62,41.29,8,31.8,24.5,65,1004.8,20,2.6,20,-9900,0.0,0.8
2017,8,17,17,60,546.76,1335.59,161.11,25.40,150.71,6,31.7,24.5,66,1004.8,10,2.1,20,-9900,0.0,0.0
2017,8,17,18,60,250.16,1335.59,8.33,0.00,8.33,6,31.7,24.0,64,1005.1,10,1.9,-9900,-9900,0.0,0.0
2017,8,17,19,60,15.34,421.75,0.00,0.00,0.00,6,31.5,23.9,64,1005.4,260,0.5,-9900,-9900,0.0,0.0
2017,8,17,20,60,0.00,0.00,0.00,0.00,0.00,6,30.8,23.8,66,1006.1,220,0.6,-9900,-9900,0.0,0.0
2017,8,17,21,60,0.00,0.00,0.00,0.00,0.00,6,30.6,24.1,68,1006.3,130,1.4,-9900,-9900,0.0,0.0
2017,8,17,22,60,0.00,0.00,0.00,0.00,0.00,6,29.9,23.5,69,1006.9,170,1.7,-9900,-9900,0.0,0.0
2017,8,17,23,60,0.00,0.00,0.00,0.00,0.00,6,29.9,23.1,67,1007.4,170,1.4,-9900,-9900,0.0,0.0
2017,8,17,24,60,0.00,0.00,0.00,0.00,0.00,6,29.6,23.6,70,1007.6,200,0.7,-9900,-9900,0.0,0.0
2017,8,18,1,60,0.00,0.00,0.00,0.00,0.00,6,29.6,23.5,70,1007.4,240,1.3,-9900,-9900,0.0,0.0
2017,8,18,2,60,0.00,0.00,0.00,0.00,0.00,6,29.1,23.4,71,1006.9,170,0.5,-9900,-9900,0.0,0.0
2017,8,18,3,60,0.00,0.00,0.00,0.00,0.00,6,29.3,23.7,72,1007.0,200,0.8,-9900,-9900,0.0,0.0
2017,8,18,4,60,0.00,0.00,0.00,0.00,0.00,6,28.9,23.4,72,1006.7,170,1.4,-9900,-9900,0.0,0.0
2017,8,18,5,60,0.00,0.00,0.00,0.00,0.00,6,28.1,22.9,73,1007.1,150,1.0,-9900,-9900,0.0,0.0
2017,8,18,6,60,39.61,676.98,0.00,0.00,0.00,6,27.8,22.6,73,1007.5,150,2.3,-9900,-9900,0.0,0.0
2017,8,18,7,60,308.55,1336.15,80.56,0.00,80.56,6,28.5,22.9,72,1007.9,170,0.8,-9900,-9900,0.0,0.0
2017,8,18,8,60,601.50,1336.15,333.33,346.87,177.18,6,30.3,24.6,72,1007.9,70,0.9,12,-9900,0.0,0.0
2017,8,18,9,60,861.98,1336.15,477.78,347.11,253.85,4,32.4,24.5,63,1007.9,50,0.3,14,-9900,0.0,0.0
2017,8,18,10,60,1072.25,1336.15,616.67,390.68,303.15,5,34.0,24.1,56,1007.6,240,0.4,-9900,-9900,0.0,0.0
2017,8,18,11,60,1217.98,1336.15,722.22,429.63,330.59,4,36.1,24.8,52,1007.1,220,0.3,14,-9900,0.0,0.0
2017,8,18,12,60,1289.23,1336.15,797.22,487.35,326.98,7,36.4,23.5,48,1006.4,290,1.1,-9900,-9900,0.0,0.0
2017,8,18,13,60,1281.15,1336.15,613.89,209.92,412.61,6,36.1,22.8,46,1006.3,300,2.0,-9900,-9900,0.0,0.0
2017,8,18,14,60,1194.30,1336.15,777.78,565.31,272.49,6,35.3,24.1,52,1006.1,10,1.1,14,1,0.0,0.0
2017,8,18,15,60,1034.58,1336.15,430.56,122.06,336.05,7,34.4,22.6,50,1005.9,360,1.1,-9900,-9900,0.0,0.0
2017,8,18,16,60,812.89,1336.15,388.89,208.70,261.92,9,34.4,22.6,50,1005.9,270,3.0,-9900,-9900,0.0,0.0
2017,8,18,17,60,544.32,1336.15,255.56,194.76,176.22,9,33.3,22.1,52,1006.1,260,1.5,16,1,0.0,0.0
2017,8,18,18,60,247.19,1336.15,58.33,0.00,58.33,9,32.6,22.0,54,1006.3,250,1.4,-9900,-9900,0.0,0.0
2017,8,18,19,60,14.31,407.10,0.00,0.00,0.00,8,32.1,23.0,59,1006.6,230,0.8,-9900,-9900,0.0,0.0
2017,8,18,20,60,0.00,0.00,0.00,0.00,0.00,8,31.6,23.3,62,1007.3,120,1.2,-9900,-9900,0.0,0.0
2017,8,18,21,60,0.00,0.00,0.00,0.00,0.00,8,31.3,23.2,62,1007.6,140,1.8,-9900,-9900,0.0,0.0
2017,8,18,22,60,0.00,0.00,0.00,0.00,0.00,7,30.4,22.2,62,1008.0,110,1.7,-9900,-9900,0.0,0.0
2017,8,18,23,60,0.00,0.00,0.00,0.00,0.00,7,30.5,21.7,59,1007.7,110,1.4,-9900,-9900,0.0,0.0
2017,8,18,24,60,0.00,0.00,0.00,0.00,0.00,7,30.1,21.9,62,1007.5,150,0.3,-9900,-9900,0.0,0.0
2017,8,19,1,60,0.00,0.00,0.00,0.00,0.00,6,29.7,22.1,64,1007.3,150,1.7,-9900,-9900,0.0,0.0
2017,8,19,2,60,0.00,0.00,0.00,0.00,0.00,6,29.2,22.6,68,1007.0,150,1.3,-9900,-9900,0.0,0.0
2017,8,19,3,60,0.00,0.00,0.00,0.00,0.00,6,29.0,22.8,69,1007.1,190,1.1,-9900,-9900,0.0,0.0
2017,8,19,4,60,0.00,0.00,0.00,0.00,0.00,5,28.6,22.2,68,1007.0,140,1.5,-9900,-9900,0.0,0.0
2017,8,19,5,60,0.00,0.00,0.00,0.00,0.00,5,28.1,21.5,67,1007.1,150,2.4,-9900,-9900,0.0,0.0
2017,8,19,6,60,37.95,662.31,0.00,0.00,0.00,5,27.7,21.5,69,1007.4,160,2.5,-9900,-9900,0.0,0.0
2017,8,19,7,60,305.65,1336.72,61.11,0.00,61.11,4,28.3,21.8,68,1007.7,160,1.4,-9900,-9900,0.0,0.0
2017,8,19,8,60,599.11,1336.72,247.22,117.96,194.35,4,30.0,23.1,67,1007.9,160,0.8,12,-9900,0.0,0.0
2017,8,19,9,60,860.05,1336.72,466.67,323.81,258.33,2,32.1,23.6,61,1007.7,160,1.1,12,-9900,0.0,0.0
2017,8,19,10,60,1070.69,1336.72,633.33,426.60,291.63,3,33.5,23.6,56,1007.4,260,1.0,-9900,-9900,0.0,0.0
2017,8,19,11,60,1216.68,1336.72,750.00,483.07,310.31,5,35.1,24.3,54,1006.7,220,0.8,10,-9900,0.0,0.0
2017,8,19,12,60,1288.06,1336.72,619.44,212.80,414.39,5,35.4,25.4,56,1006.0,310,1.2,-9900,-9900,0.0,0.0
2017,8,19,13,60,1279.97,1336.72,533.33,122.71,415.83,9,33.5,24.6,60,1005.6,330,1.6,-9900,-9900,0.0,0.2
2017,8,19,14,60,1192.96,1336.72,130.56,2.03,128.75,9,31.1,25.7,73,1005.3,20,1.8,12,1,1.5,0.3
2017,8,19,15,60,1032.96,1336.72,77.78,1.11,76.92,9,31.3,25.0,69,1005.1,310,1.6,-9900,-9900,0.0,0.0
2017,8,19,16,60,810.87,1336.72,158.33,5.44,155.03,7,31.6,24.8,67,1004.9,50,3.3,-9900,-9900,0.0,0.0
2017,8,19,17,60,541.83,1336.72,161.11,26.59,150.33,6,31.0,24.4,68,1004.8,50,3.0,12,-9900,0.0,0.0
2017,8,19,18,60,244.18,1336.72,80.56,0.00,80.56,6,31.0,24.5,68,1004.6,40,1.3,-9900,-9900,0.0,0.0
2017,8,19,19,60,13.30,392.31,0.00,0.00,0.00,5,30.5,24.3,70,1004.9,50,2.1,-9900,-9900,0.0,0.0
2017,8,19,20,60,0.00,0.00,0.00,0.00,0.00,5,30.6,23.3,65,1005.4,70,2.0,-9900,-9900,0.0,0.0
2017,8,19,21,60,0.00,0.00,0.00,0.00,0.00,5,30.5,22.7,63,1005.9,50,1.8,-9900,-9900,0.0,0.0
2017,8,19,22,60,0.00,0.00,0.00,0.00,0.00,5,30.3,22.5,63,1006.3,70,1.5,-9900,-9900,0.0,0.0
2017,8,19,23,60,0.00,0.00,0.00,0.00,0.00,4,29.7,22.5,65,1006.2,180,1.2,-9900,-9900,0.0,0.0
2017,8,19,24,60,0.00,0.00,0.00,0.00,0.00,4,29.3,22.6,67,1005.3,140,1.7,-9900,-9900,0.0,0.0
2017,8,20,1,60,0.00,0.00,0.00,0.00,0.00,4,28.8,22.5,69,1004.5,140,1.1,-9900,-9900,0.0,0.0
2017,8,20,2,60,0.00,0.00,0.00,0.00,0.00,4,28.5,22.3,69,1003.9,150,1.3,-9900,-9900,0.0,0.0
2017,8,20,3,60,0.00,0.00,0.00,0.00,0.00,3,28.5,21.7,67,1004.1,160,1.1,-9900,-9900,0.0,0.0
2017,8,20,4,60,0.00,0.00,0.00,0.00,0.00,3,28.6,22.8,71,1004.2,170,1.1,-9900,-9900,0.0,0.0
2017,8,20,5,60,0.00,0.00,0.00,0.00,0.00,3,28.5,22.7,71,1004.7,170,1.7,-9900,-9900,0.0,0.0
2017,8,20,6,60,36.31,647.52,0.00,0.00,0.00,3,28.3,22.2,70,1005.0,200,1.1,-9900,-9900,0.0,0.0
2017,8,20,7,60,302.70,1337.30,100.00,0.00,100.00,2,28.8,22.5,69,1005.3,190,0.8,-9900,-9900,0.0,0.0
2017,8,20,8,60,596.67,1337.30,308.33,274.67,185.78,2,30.4,23.5,67,1005.5,220,1.2,15,-9900,0.0,0.0
2017,8,20,9,60,858.07,1337.30,541.67,518.00,209.30,1,31.9,23.3,60,1005.2,180,1.4,18,-9900,0.0,0.0
2017,8,20,10,60,1069.08,1337.30,669.44,506.02,264.91,1,33.8,23.2,54,1004.9,280,0.8,-9900,-9900,0.0,0.0
2017,8,20,11,60,1215.32,1337.30,830.56,644.56,244.79,1,35.1,22.9,49,1004.3,300,1.0,20,-9900,0.0,0.0
2017,8,20,12,60,1286.82,1337.30,794.44,485.45,327.31,4,35.1,23.9,52,1003.5,310,1.1,-9900,-9900,0.0,0.0
2017,8,20,13,60,1278.71,1337.30,788.89,484.46,325.65,7,36.7,25.0,51,1002.6,300,1.6,-9900,-9900,0.0,0.0
2017,8,20,14,60,1191.55,1337.30,641.67,315.90,360.20,6,35.2,23.7,52,1002.1,300,1.6,20,1,0.0,0.0
2017,8,20,15,60,1031.27,1337.30,558.33,321.55,310.36,4,34.9,23.3,51,1001.5,40,2.5,-9900,-9900,0.0,0.0
2017,8,20,16,60,808.81,1337.30,469.44,402.43,226.05,2,34.4,24.3,56,1000.6,40,2.7,-9900,-9900,0.0,0.0
2017,8,20,17,60,539.30,1337.30,250.00,185.90,175.03,2,32.9,23.9,59,1000.6,20,3.6,20,-9900,0.0,0.0
2017,8,20,18,60,241.13,1337.30,105.56,0.00,105.56,2,31.9,22.8,59,1001.3,40,4.0,-9900,-9900,0.0,0.0
2017,8,20,19,60,12.32,377.40,0.00,0.00,0.00,3,31.0,21.6,57,1001.9,50,3.6,-9900,-9900,0.0,0.0
2017,8,20,20,60,0.00,0.00,0.00,0.00,0.00,3,30.6,22.0,60,1002.0,40,2.5,-9900,-9900,0.0,0.0
2017,8,20,21,60,0.00,0.00,0.00,0.00,0.00,3,30.2,21.8,61,1002.2,50,2.4,-9900,-9900,0.0,0.0
2017,8,20,22,60,0.00,0.00,0.00,0.00,0.00,4,29.9,21.6,61,1002.6,40,2.7,-9900,-9900,0.0,0.0
2017,8,20,23,60,0.00,0.00,0.00,0.00,0.00,4,29.8,21.9,63,1002.9,50,3.4,-9900,-9900,0.0,0.0
2017,8,20,24,60,0.00,0.00,0.00,0.00,0.00,4,29.5,22.7,67,1002.2,50,2.4,-9900,-9900,0.0,0.0
2017,8,21,1,60,0.00,0.00,0.00,0.00,0.00,5,29.3,22.7,68,1001.7,50,2.1,-9900,-9900,0.0,0.0
2017,8,21,2,60,0.00,0.00,0.00,0.00,0.00,5,29.0,22.3,67,1001.0,40,1.5,-9900,-9900,0.0,0.0
2017,8,21,3,60,0.00,0.00,0.00,0.00,0.00,5,28.6,22.5,70,1000.7,40,2.0,-9900,-9900,0.0,0.0
2017,8,21,4,60,0.00,0.00,0.00,0.00,0.00,6,28.3,22.6,71,1000.2,80,1.4,-9900,-9900,0.0,0.0
2017,8,21,5,60,0.00,0.00,0.00,0.00,0.00,6,27.9,22.4,72,1000.4,90,2.2,-9900,-9900,0.0,0.0
2017,8,21,6,60,34.69,632.60,0.00,0.00,0.00,6,28.1,22.9,73,1000.9,70,2.0,-9900,-9900,0.0,0.0
2017,8,21,7,60,299.71,1337.89,122.22,0.00,122.22,7,28.9,23.2,71,1001.5,60,1.8,-9900,-9900,0.0,0.0
2017,8,21,8,60,594.19,1337.89,272.22,177.92,193.20,7,30.0,24.2,71,1001.8,50,3.8,20,-9900,0.0,0.0
2017,8,21,9,60,856.04,1337.89,402.78,196.56,277.01,8,30.8,24.4,69,1001.3,50,3.5,13,1,0.0,0.0
2017,8,21,10,60,1067.41,1337.89,216.67,5.83,212.02,8,30.0,25.1,75,1001.1,90,2.5,-9900,-9900,0.0,0.0
2017,8,21,11,60,1213.90,1337.89,566.67,190.89,393.47,8,32.5,25.4,66,1000.6,50,5.0,18,1,0.0,0.0
2017,8,21,12,60,1285.52,1337.89,697.22,323.61,386.28,7,33.3,25.1,62,1000.0,50,3.5,-9900,-9900,0.0,0.0
2017,8,21,13,60,1277.40,1337.89,688.89,317.55,385.70,7,32.6,24.8,64,999.5,40,5.3,-9900,-9900,0.0,0.0
2017,8,21,14,60,1190.09,1337.89,544.44,176.96,387.03,8,32.8,24.7,63,998.6,90,3.0,25,1,0.0,0.0
2017,8,21,15,60,1029.54,1337.89,380.56,74.11,323.53,7,34.2,24.4,57,997.8,60,4.8,-9900,-9900,0.0,0.0
2017,8,21,16,60,806.69,1337.89,369.44,177.67,262.31,8,33.2,25.1,63,997.6,50,3.8,-9900,-9900,0.0,0.0
2017,8,21,17,60,536.71,1337.89,133.33,11.02,128.91,8,30.0,25.1,75,997.8,50,5.7,20,-9900,1.6,0.2
2017,8,21,18,60,238.02,1337.89,116.67,0.00,116.67,8,30.0,25.1,75,997.6,50,4.0,-9900,-9900,0.0,0.0
2017,8,21,19,60,11.37,362.37,0.00,0.00,0.00,8,29.9,24.9,75,997.8,50,3.8,-9900,-9900,0.0,0.0
2017,8,21,20,60,0.00,0.00,0.00,0.00,0.00,8,29.8,25.0,76,997.8,50,4.3,-9900,-9900,0.0,0.0
2017,8,21,21,60,0.00,0.00,0.00,0.00,0.00,9,29.9,23.8,70,998.6,50,4.0,-9900,-9900,0.0,0.0
2017,8,21,22,60,0.00,0.00,0.00,0.00,0.00,9,29.9,23.6,69,998.5,60,3.5,-9900,-9900,0.0,0.0
2017,8,21,23,60,0.00,0.00,0.00,0.00,0.00,9,28.0,24.1,79,998.8,50,3.9,-9900,-9900,1.5,0.8
2017,8,21,24,60,0.00,0.00,0.00,0.00,0.00,9,28.3,24.0,78,997.4,50,3.8,-9900,-9900,0.2,0.8
2017,8,22,1,60,0.00,0.00,0.00,0.00,0.00,9,28.8,24.1,76,997.0,50,4.0,-9900,-9900,0.0,0.0
2017,8,22,2,60,0.00,0.00,0.00,0.00,0.00,9,28.6,23.6,74,996.5,40,4.2,-9900,-9900,0.5,0.9
2017,8,22,3,60,0.00,0.00,0.00,0.00,0.00,9,28.9,23.5,73,995.7,50,4.7,-9900,-9900,0.0,0.1
2017,8,22,4,60,0.00,0.00,0.00,0.00,0.00,9,29.1,23.2,71,995.2,60,4.9,-9900,-9900,0.0,0.0
2017,8,22,5,60,0.00,0.00,0.00,0.00,0.00,10,29.0,23.0,70,995.6,50,4.7,-9900,-9900,0.0,0.0
2017,8,22,6,60,33.09,617.57,0.00,0.00,0.00,10,29.0,23.1,71,996.5,60,4.5,-9900,-9900,0.0,0.0
2017,8,22,7,60,296.67,1338.49,5.56,0.00,5.56,10,29.7,22.8,67,997.1,70,4.0,-9900,-9900,0.0,0.0
2017,8,22,8,60,591.65,1338.49,166.67,20.32,157.69,10,30.8,22.5,61,997.3,70,5.3,40,5,0.0,0.0
2017,8,22,9,60,853.95,1338.49,275.00,39.33,249.91,9,31.2,22.9,61,998.2,80,6.5,40,4,0.0,0.0
2017,8,22,10,60,1065.69,1338.49,483.33,171.33,346.92,9,32.9,23.6,58,998.4,100,5.5,-9900,-9900,0.0,0.0
2017,8,22,11,60,1212.42,1338.49,397.22,42.69,358.55,9,31.8,22.5,58,998.7,90,4.8,40,3,0.0,0.0
2017,8,22,12,60,1284.17,1338.49,444.44,55.16,391.52,9,33.3,23.2,56,998.1,80,4.7,-9900,-9900,0.0,0.0
2017,8,22,13,60,1276.04,1338.49,541.67,132.40,415.45,9,32.6,22.7,56,997.7,80,6.7,-9900,-9900,0.0,0.0
2017,8,22,14,60,1188.58,1338.49,366.67,31.93,338.32,9,31.9,22.1,56,997.7,80,5.4,40,3,0.0,0.0
2017,8,22,15,60,1027.75,1338.49,286.11,19.16,271.40,9,32.3,21.6,53,997.6,80,4.5,-9900,-9900,0.0,0.5
2017,8,22,16,60,804.51,1338.49,219.44,17.30,209.04,8,32.1,21.6,54,998.0,90,5.5,-9900,-9900,0.0,0.1
2017,8,22,17,60,534.08,1338.49,152.78,21.95,144.02,10,31.6,21.8,56,998.2,70,6.3,30,3,0.0,0.0
2017,8,22,18,60,234.89,1338.49,25.00,0.00,25.00,10,31.3,22.0,58,998.6,70,4.1,-9900,-9900,0.0,0.0
2017,8,22,19,60,10.45,347.22,0.00,0.00,0.00,10,31.2,22.1,59,999.2,80,5.2,-9900,-9900,0.0,0.0
2017,8,22,20,60,0.00,0.00,0.00,0.00,0.00,10,31.0,22.1,59,1000.2,70,4.5,-9900,-9900,0.0,0.0
2017,8,22,21,60,0.00,0.00,0.00,0.00,0.00,10,30.9,22.2,60,1000.4,70,3.4,-9900,-9900,0.0,0.0
2017,8,22,22,60,0.00,0.00,0.00,0.00,0.00,10,30.6,21.5,58,1000.8,60,4.3,-9900,-9900,0.0,0.0
2017,8,22,23,60,0.00,0.00,0.00,0.00,0.00,10,30.5,21.5,59,1001.1,60,3.2,-9900,-9900,0.0,0.0
2017,8,22,24,60,0.00,0.00,0.00,0.00,0.00,10,30.3,22.0,61,1001.7,80,3.7,-9900,-9900,0.0,0.0
2017,8,23,1,60,0.00,0.00,0.00,0.00,0.00,9,29.5,21.8,63,1001.2,50,4.0,-9900,-9900,0.0,0.0
2017,8,23,2,60,0.00,0.00,0.00,0.00,0.00,9,29.3,22.2,66,1000.8,40,4.8,-9900,-9900,0.1,0.2
2017,8,23,3,60,0.00,0.00,0.00,0.00,0.00,9,29.6,21.8,63,1000.8,70,3.1,-9900,-9900,0.0,0.0
2017,8,23,4,60,0.00,0.00,0.00,0.00,0.00,9,28.6,22.1,68,1001.4,90,1.1,-9900,-9900,0.0,0.0
2017,8,23,5,60,0.00,0.00,0.00,0.00,0.00,9,28.7,22.0,67,1001.4,100,1.6,-9900,-9900,0.0,0.0
2017,8,23,6,60,31.51,602.42,0.00,0.00,0.00,9,28.8,21.9,66,1002.1,100,1.7,-9900,-9900,0.0,0.0
2017,8,23,7,60,293.60,1339.09,38.89,0.00,38.89,9,29.0,22.4,68,1003.0,50,1.0,-9900,-9900,0.0,0.0
2017,8,23,8,60,589.07,1339.09,175.00,26.51,163.34,9,29.9,22.6,65,1003.5,70,1.5,40,3,0.0,0.0
2017,8,23,9,60,851.81,1339.09,361.11,131.77,277.29,8,31.2,23.1,62,1004.0,80,0.9,40,-9900,0.0,0.0
2017,8,23,10,60,1063.89,1339.09,527.78,238.39,338.38,9,32.1,23.3,60,1004.1,90,1.1,-9900,-9900,0.0,0.0
2017,8,23,11,60,1210.89,1339.09,311.11,12.91,299.44,9,31.9,23.1,60,1004.2,70,1.4,40,-9900,0.0,0.0
2017,8,23,12,60,1282.75,1339.09,388.89,29.32,360.80,9,32.7,23.0,57,1003.8,0,0.0,-9900,-9900,0.0,0.0
2017,8,23,13,60,1274.61,1339.09,250.00,5.48,244.78,10,33.5,23.8,57,1003.8,280,0.5,-9900,-9900,0.0,0.0
2017,8,23,14,60,1187.00,1339.09,441.67,76.35,373.99,9,34.5,24.1,55,1003.3,280,0.5,20,3,0.0,0.0
2017,8,23,15,60,1025.90,1339.09,480.56,193.53,332.29,8,34.4,23.8,54,1003.0,260,0.5,-9900,-9900,0.0,0.0
2017,8,23,16,60,802.29,1339.09,166.67,6.08,163.03,9,33.1,22.6,54,1003.4,290,1.6,-9900,-9900,0.0,0.0
2017,8,23,17,60,531.40,1339.09,102.78,5.34,100.66,10,32.3,22.6,57,1003.9,300,1.6,20,1,0.0,0.0
2017,8,23,18,60,231.71,1339.09,0.00,0.00,0.00,10,28.7,23.3,73,1004.9,50,3.7,-9900,-9900,0.1,0.5
2017,8,23,19,60,9.56,331.95,0.00,0.00,0.00,9,28.7,24.1,76,1005.4,230,1.3,-9900,-9900,1.5,0.8
2017,8,23,20,60,0.00,0.00,0.00,0.00,0.00,9,28.6,24.8,80,1006.5,130,0.9,-9900,-9900,0.0,0.0
2017,8,23,21,60,0.00,0.00,0.00,0.00,0.00,8,28.9,24.6,78,1006.9,110,1.8,-9900,-9900,0.0,0.0
2017,8,23,22,60,0.00,0.00,0.00,0.00,0.00,8,28.6,24.2,77,1007.4,100,1.6,-9900,-9900,0.0,0.0
2017,8,23,23,60,0.00,0.00,0.00,0.00,0.00,7,28.5,23.8,76,1007.6,120,1.6,-9900,-9900,0.0,0.0
2017,8,23,24,60,0.00,0.00,0.00,0.00,0.00,7,28.4,23.6,75,1007.0,130,1.4,-9900,-9900,0.0,0.0
2017,8,24,1,60,0.00,0.00,0.00,0.00,0.00,6,28.4,23.6,75,1006.8,110,1.3,-9900,-9900,0.0,0.0
2017,8,24,2,60,0.00,0.00,0.00,0.00,0.00,6,28.2,23.6,76,1006.5,210,0.8,-9900,-9900,0.0,0.0
2017,8,24,3,60,0.00,0.00,0.00,0.00,0.00,5,28.0,23.2,75,1006.4,150,2.0,-9900,-9900,0.0,0.0
2017,8,24,4,60,0.00,0.00,0.00,0.00,0.00,5,27.6,23.3,77,1006.5,100,1.2,-9900,-9900,0.0,0.0
2017,8,24,5,60,0.00,0.00,0.00,0.00,0.00,4,27.3,23.2,78,1006.7,110,0.7,-9900,-9900,0.0,0.0
2017,8,24,6,60,29.96,587.16,0.00,0.00,0.00,4,27.4,22.7,76,1007.2,160,1.8,-9900,-9900,0.0,0.0
2017,8,24,7,60,290.48,1339.71,100.00,0.00,100.00,3,27.8,22.8,74,1007.3,130,1.9,-9900,-9900,0.0,0.0
2017,8,24,8,60,586.44,1339.71,336.11,387.47,166.50,3,29.8,24.1,72,1007.7,180,0.7,20,-9900,0.0,0.0
2017,8,24,9,60,849.62,1339.71,538.89,526.07,205.27,6,31.9,24.5,65,1007.5,150,0.4,25,-9900,0.0,0.0
2017,8,24,10,60,1062.06,1339.71,708.33,605.10,228.64,7,33.9,24.6,58,1006.9,60,1.1,-9900,-9900,0.0,0.0
2017,8,24,11,60,1209.29,1339.71,672.22,351.31,355.11,8,34.0,24.2,57,1006.6,160,2.0,25,1,0.0,0.0
2017,8,24,12,60,1281.28,1339.71,655.56,265.86,401.30,9,34.3,23.5,54,1005.9,270,1.3,-9900,-9900,0.0,0.0
2017,8,24,13,60,1273.11,1339.71,247.22,5.39,242.10,9,33.9,25.0,60,1005.8,270,1.8,-9900,-9900,0.0,0.0
2017,8,24,14,60,1185.36,1339.71,488.89,117.99,384.49,9,33.3,24.5,60,1005.2,260,1.6,20,1,0.0,0.0
2017,8,24,15,60,1024.00,1339.71,244.44,9.26,237.36,10,32.7,24.6,63,1004.9,300,1.5,-9900,-9900,0.0,0.0
2017,8,24,16,60,800.01,1339.71,97.22,2.41,95.78,10,32.0,24.3,64,1005.1,290,0.8,-9900,-9900,0.0,0.1
2017,8,24,17,60,528.68,1339.71,61.11,2.23,60.23,10,29.4,26.0,82,1005.1,170,0.6,15,1,7.1,1.0
2017,8,24,18,60,228.49,1339.71,0.00,0.00,0.00,9,29.2,25.0,78,1005.5,110,2.3,-9900,-9900,0.1,0.5
2017,8,24,19,60,8.70,316.56,0.00,0.00,0.00,9,29.0,25.3,80,1006.0,130,1.2,-9900,-9900,0.0,0.0
2017,8,24,20,60,0.00,0.00,0.00,0.00,0.00,8,28.8,24.9,80,1006.4,190,1.2,-9900,-9900,0.0,0.0
2017,8,24,21,60,0.00,0.00,0.00,0.00,0.00,8,28.1,24.3,80,1007.1,90,1.5,-9900,-9900,0.4,0.2
2017,8,24,22,60,0.00,0.00,0.00,0.00,0.00,7,28.2,24.3,79,1007.1,180,0.9,-9900,-9900,0.0,0.0
2017,8,24,23,60,0.00,0.00,0.00,0.00,0.00,6,27.9,24.3,81,1007.2,170,0.7,-9900,-9900,0.0,0.0
2017,8,24,24,60,0.00,0.00,0.00,0.00,0.00,6,27.8,23.8,79,1007.0,140,1.5,-9900,-9900,0.0,0.0
2017,8,25,1,60,0.00,0.00,0.00,0.00,0.00,5,27.4,23.5,79,1006.4,150,0.9,-9900,-9900,0.0,0.0
2017,8,25,2,60,0.00,0.00,0.00,0.00,0.00,5,27.3,23.0,77,1006.2,160,1.3,-9900,-9900,0.0,0.0
2017,8,25,3,60,0.00,0.00,0.00,0.00,0.00,4,27.3,23.0,77,1006.1,150,1.4,-9900,-9900,0.0,0.0
2017,8,25,4,60,0.00,0.00,0.00,0.00,0.00,3,27.1,22.7,77,1005.8,150,1.4,-9900,-9900,0.0,0.0
2017,8,25,5,60,0.00,0.00,0.00,0.00,0.00,3,26.9,22.6,77,1006.0,140,1.3,-9900,-9900,0.0,0.0
2017,8,25,6,60,28.44,571.80,0.00,0.00,0.00,2,26.8,22.9,79,1006.0,150,1.6,-9900,-9900,0.0,0.0
2017,8,25,7,60,287.32,1340.33,119.44,0.00,119.44,2,27.6,23.2,77,1006.1,70,0.8,-9900,-9900,0.0,0.0
2017,8,25,8,60,583.77,1340.33,325.00,353.22,171.16,1,30.2,24.7,72,1005.9,50,2.1,20,-9900,0.0,0.0
2017,8,25,9,60,847.37,1340.33,547.22,553.88,197.05,1,31.9,23.6,62,1005.3,80,2.8,40,-9900,0.0,0.0
2017,8,25,10,60,1060.16,1340.33,705.56,601.89,229.48,1,33.5,23.0,54,1004.5,50,2.9,-9900,-9900,0.0,0.0
2017,8,25,11,60,1207.63,1340.33,833.33,662.52,236.40,1,34.3,22.9,52,1004.3,90,3.5,40,-9900,0.0,0.0
2017,8,25,12,60,1279.73,1340.33,833.33,566.90,292.06,1,35.6,23.2,49,1003.7,80,2.9,-9900,-9900,0.0,0.0
2017,8,25,13,60,1271.56,1340.33,808.33,529.71,305.80,3,36.8,24.1,48,1003.4,220,0.7,-9900,-9900,0.0,0.0
2017,8,25,14,60,1183.66,1340.33,430.56,69.16,369.48,7,34.8,24.1,54,1003.1,260,2.4,25,1,0.0,0.0
2017,8,25,15,60,1022.03,1340.33,191.67,5.08,187.80,8,34.3,24.4,56,1003.2,270,1.6,-9900,-9900,0.0,0.0
2017,8,25,16,60,797.68,1340.33,133.33,4.15,130.86,8,33.6,23.7,56,1003.2,320,2.3,-9900,-9900,0.0,0.0
2017,8,25,17,60,525.91,1340.33,8.33,0.13,8.28,5,32.5,22.1,54,1003.4,80,3.6,30,-9900,0.0,0.0
2017,8,25,18,60,225.23,1340.33,36.11,0.00,36.11,5,31.7,21.6,55,1003.7,110,3.1,-9900,-9900,0.0,0.0
2017,8,25,19,60,7.88,301.07,0.00,0.00,0.00,5,30.9,21.7,58,1003.8,100,2.8,-9900,-9900,0.0,0.0
2017,8,25,20,60,0.00,0.00,0.00,0.00,0.00,5,30.8,21.9,59,1004.7,60,3.5,-9900,-9900,0.0,0.0
2017,8,25,21,60,0.00,0.00,0.00,0.00,0.00,6,30.6,21.8,59,1005.1,70,2.7,-9900,-9900,0.0,0.0
2017,8,25,22,60,0.00,0.00,0.00,0.00,0.00,6,30.6,21.8,59,1005.1,60,3.5,-9900,-9900,0.0,0.0
2017,8,25,23,60,0.00,0.00,0.00,0.00,0.00,6,30.3,21.5,59,1005.1,90,2.7,-9900,-9900,0.0,0.0
2017,8,25,24,60,0.00,0.00,0.00,0.00,0.00,6,30.1,21.3,59,1004.9,90,2.4,-9900,-9900,0.0,0.0
2017,8,26,1,60,0.00,0.00,0.00,0.00,0.00,6,29.7,21.2,60,1004.4,80,1.5,-9900,-9900,0.0,0.0
2017,8,26,2,60,0.00,0.00,0.00,0.00,0.00,6,29.5,21.1,61,1004.1,110,2.0,-9900,-9900,0.0,0.0
2017,8,26,3,60,0.00,0.00,0.00,0.00,0.00,6,29.4,21.0,61,1003.7,70,1.1,-9900,-9900,0.0,0.0
2017,8,26,4,60,0.00,0.00,0.00,0.00,0.00,6,29.1,21.2,62,1003.8,180,0.9,-9900,-9900,0.0,0.0
2017,8,26,5,60,0.00,0.00,0.00,0.00,0.00,7,28.6,21.2,64,1004.0,110,1.5,-9900,-9900,0.0,0.0
2017,8,26,6,60,26.94,556.33,0.00,0.00,0.00,7,29.2,21.6,64,1004.4,50,1.3,-9900,-9900,0.0,0.0
2017,8,26,7,60,284.12,1340.96,127.78,0.00,127.78,7,30.0,22.1,63,1004.8,40,2.0,-9900,-9900,0.0,0.0
2017,8,26,8,60,581.04,1340.96,308.33,301.50,177.69,7,31.8,22.9,59,1005.2,60,3.2,30,6,0.0,0.0
2017,8,26,9,60,845.07,1340.96,555.56,582.34,188.57,5,33.0,22.8,55,1005.3,90,4.6,35,-9900,0.0,0.0
2017,8,26,10,60,1058.20,1340.96,719.44,637.56,216.32,3,33.8,22.7,52,1005.2,100,4.9,-9900,-9900,0.0,0.0
2017,8,26,11,60,1205.91,1340.96,833.33,665.28,235.05,3,34.0,23.0,53,1004.6,90,5.1,35,-9900,0.0,0.0
2017,8,26,12,60,1278.13,1340.96,836.11,574.44,288.59,3,34.3,23.0,52,1004.5,100,5.5,-9900,-9900,0.0,0.0
2017,8,26,13,60,1269.94,1340.96,830.56,574.06,286.90,3,35.1,23.4,51,1004.3,100,4.9,-9900,-9900,0.0,0.0
2017,8,26,14,60,1181.90,1340.96,833.33,700.25,216.14,6,34.8,23.0,50,1003.6,80,5.6,35,-9900,0.0,0.0
2017,8,26,15,60,1020.01,1340.96,666.67,573.03,230.79,5,33.6,23.0,54,1004.0,90,4.5,-9900,-9900,0.0,0.0
2017,8,26,16,60,795.30,1340.96,352.78,157.65,259.28,4,33.2,22.9,55,1004.0,90,5.4,-9900,-9900,0.0,0.0
2017,8,26,17,60,523.10,1340.96,247.22,200.29,169.09,4,32.4,22.1,55,1004.0,80,4.0,35,-9900,0.0,0.0
2017,8,26,18,60,221.92,1340.96,97.22,0.00,97.22,4,31.7,21.9,56,1004.3,100,3.8,-9900,-9900,0.0,0.0
2017,8,26,19,60,7.09,285.47,0.00,0.00,0.00,4,31.1,22.0,58,1004.5,60,4.3,-9900,-9900,0.0,0.0
2017,8,26,20,60,0.00,0.00,0.00,0.00,0.00,5,31.0,22.0,59,1004.9,80,3.8,-9900,-9900,0.0,0.0
2017,8,26,21,60,0.00,0.00,0.00,0.00,0.00,5,31.1,22.0,58,1005.3,80,5.4,-9900,-9900,0.0,0.0
2017,8,26,22,60,0.00,0.00,0.00,0.00,0.00,5,31.0,21.9,58,1005.6,80,4.2,-9900,-9900,0.0,0.0
2017,8,26,23,60,0.00,0.00,0.00,0.00,0.00,5,30.8,21.6,58,1006.2,70,4.2,-9900,-9900,0.0,0.0
2017,8,26,24,60,0.00,0.00,0.00,0.00,0.00,5,30.5,21.7,59,1005.8,70,4.7,-9900,-9900,0.0,0.0
2017,8,27,1,60,0.00,0.00,0.00,0.00,0.00,6,30.3,21.6,60,1005.7,90,3.9,-9900,-9900,0.0,0.0
2017,8,27,2,60,0.00,0.00,0.00,0.00,0.00,6,30.2,21.4,59,1005.5,70,2.4,-9900,-9900,0.0,0.0
2017,8,27,3,60,0.00,0.00,0.00,0.00,0.00,6,30.1,21.4,60,1005.4,70,3.4,-9900,-9900,0.0,0.0
2017,8,27,4,60,0.00,0.00,0.00,0.00,0.00,6,29.9,21.2,60,1005.7,110,2.4,-9900,-9900,0.0,0.0
2017,8,27,5,60,0.00,0.00,0.00,0.00,0.00,6,29.9,20.9,59,1006.1,110,4.2,-9900,-9900,0.0,0.0
2017,8,27,6,60,25.47,540.76,0.00,0.00,0.00,7,29.6,21.1,60,1006.9,50,1.6,-9900,-9900,0.0,0.0
2017,8,27,7,60,280.87,1341.60,136.11,0.00,136.11,7,30.3,21.4,59,1007.4,50,1.1,-9900,-9900,0.0,0.0
2017,8,27,8,60,578.27,1341.60,291.67,253.28,182.50,7,31.0,22.1,59,1008.1,120,0.8,30,1,0.0,0.0
2017,8,27,9,60,842.71,1341.60,352.78,125.50,273.95,8,31.9,22.7,58,1008.6,160,0.9,30,1,0.0,0.0
2017,8,27,10,60,1056.18,1341.60,561.11,302.82,322.71,7,34.5,24.0,55,1008.3,290,0.5,-9900,-9900,0.0,0.0
2017,8,27,11,60,1204.13,1341.60,663.89,342.53,356.46,8,34.7,23.0,51,1007.8,250,1.6,16,1,0.0,0.0
2017,8,27,12,60,1276.46,1341.60,447.22,58.47,391.59,9,34.8,23.8,53,1007.2,290,0.7,-9900,-9900,0.0,0.0
2017,8,27,13,60,1268.25,1341.60,700.00,343.74,375.05,9,35.5,24.5,53,1006.7,280,2.2,-9900,-9900,0.0,0.0
2017,8,27,14,60,1180.08,1341.60,613.89,281.93,365.90,10,33.3,24.1,59,1006.3,270,3.2,10,1,0.0,0.2
2017,8,27,15,60,1017.93,1341.60,352.78,55.63,310.57,9,33.3,23.1,55,1006.1,300,1.8,-9900,-9900,0.0,0.5
2017,8,27,16,60,792.87,1341.60,258.33,41.68,233.70,9,33.6,23.2,55,1006.3,300,1.1,-9900,-9900,0.0,0.0
2017,8,27,17,60,520.23,1341.60,44.44,1.37,43.91,10,28.8,24.9,80,1007.7,190,1.9,4,1,11.0,0.9
2017,8,27,18,60,218.59,1341.60,0.00,0.00,0.00,9,27.5,23.6,79,1008.7,260,2.7,-9900,-9900,6.0,1.0
2017,8,27,19,60,6.33,269.78,0.00,0.00,0.00,9,25.5,22.6,84,1009.5,80,0.7,-9900,-9900,6.5,1.0
2017,8,27,20,60,0.00,0.00,0.00,0.00,0.00,8,26.2,23.1,83,1009.5,90,0.3,-9900,-9900,0.5,0.3
2017,8,27,21,60,0.00,0.00,0.00,0.00,0.00,8,26.4,23.6,85,1009.8,0,0.0,-9900,-9900,0.0,0.0
2017,8,27,22,60,0.00,0.00,0.00,0.00,0.00,7,26.9,23.8,83,1010.1,170,1.1,-9900,-9900,0.0,0.0
2017,8,27,23,60,0.00,0.00,0.00,0.00,0.00,7,26.6,23.2,82,1009.9,160,1.9,-9900,-9900,0.0,0.0
2017,8,27,24,60,0.00,0.00,0.00,0.00,0.00,6,26.4,23.3,83,1010.1,130,0.9,-9900,-9900,0.0,0.0
2017,8,28,1,60,0.00,0.00,0.00,0.00,0.00,6,26.4,22.9,81,1009.8,150,1.4,-9900,-9900,0.0,0.0
2017,8,28,2,60,0.00,0.00,0.00,0.00,0.00,5,26.6,22.8,80,1009.4,180,0.5,-9900,-9900,0.0,0.0
2017,8,28,3,60,0.00,0.00,0.00,0.00,0.00,5,26.5,22.6,79,1009.2,130,1.2,-9900,-9900,0.0,0.0
2017,8,28,4,60,0.00,0.00,0.00,0.00,0.00,4,26.2,22.7,81,1009.0,160,0.7,-9900,-9900,0.0,0.0
2017,8,28,5,60,0.00,0.00,0.00,0.00,0.00,4,26.8,22.3,76,1009.2,140,1.4,-9900,-9900,0.0,0.0
2017,8,28,6,60,24.03,525.09,0.00,0.00,0.00,3,26.5,22.4,78,1009.1,100,1.1,-9900,-9900,0.0,0.0
2017,8,28,7,60,277.59,1342.24,113.89,0.00,113.89,3,27.3,22.8,76,1009.2,150,1.4,-9900,-9900,0.0,0.0
2017,8,28,8,60,575.45,1342.24,330.56,391.00,162.93,2,29.4,24.3,74,1009.0,80,0.8,25,-9900,0.0,0.0
2017,8,28,9,60,840.30,1342.24,538.89,543.87,198.40,2,31.4,24.6,67,1008.6,100,0.8,30,-9900,0.0,0.0
2017,8,28,10,60,1054.10,1342.24,669.44,528.99,254.01,3,33.9,24.1,57,1007.9,10,2.0,-9900,-9900,0.0,0.0
2017,8,28,11,60,1202.27,1342.24,816.67,636.68,246.38,3,34.8,23.4,52,1007.2,10,2.2,35,-9900,0.0,0.0
2017,8,28,12,60,1274.72,1342.24,866.67,638.22,260.56,2,35.8,23.8,50,1006.7,20,2.5,-9900,-9900,0.0,0.0
2017,8,28,13,60,1266.51,1342.24,833.33,584.26,282.03,1,34.6,23.1,51,1006.0,30,4.0,-9900,-9900,0.0,0.0
2017,8,28,14,60,1178.19,1342.24,833.33,706.46,213.21,1,34.9,23.8,53,1005.6,30,2.3,40,-9900,0.0,0.0
2017,8,28,15,60,1015.79,1342.24,669.44,586.85,225.32,1,33.8,23.2,54,1004.9,40,4.6,-9900,-9900,0.0,0.0
2017,8,28,16,60,790.38,1342.24,502.78,531.47,189.82,1,33.0,23.5,58,1005.0,30,4.1,-9900,-9900,0.0,0.0
2017,8,28,17,60,517.32,1342.24,200.00,90.29,165.20,2,31.7,23.0,60,1005.4,40,3.8,20,-9900,0.0,0.0
2017,8,28,18,60,215.21,1342.24,86.11,0.00,86.11,2,31.6,22.2,58,1005.9,60,3.3,-9900,-9900,0.0,0.0
2017,8,28,19,60,5.62,253.98,0.00,0.00,0.00,2,30.7,21.6,58,1006.4,50,3.5,-9900,-9900,0.0,0.0
2017,8,28,20,60,0.00,0.00,0.00,0.00,0.00,2,30.1,21.3,59,1007.1,60,4.0,-9900,-9900,0.0,0.0
2017,8,28,21,60,0.00,0.00,0.00,0.00,0.00,2,29.9,21.2,60,1007.5,60,2.8,-9900,-9900,0.0,0.0
2017,8,28,22,60,0.00,0.00,0.00,0.00,0.00,2,29.6,21.0,60,1007.4,50,3.5,-9900,-9900,0.0,0.0
2017,8,28,23,60,0.00,0.00,0.00,0.00,0.00,2,29.2,21.4,63,1007.3,50,2.5,-9900,-9900,0.0,0.0
2017,8,28,24,60,0.00,0.00,0.00,0.00,0.00,2,29.1,21.9,65,1006.7,50,3.0,-9900,-9900,0.0,0.0
2017,8,29,1,60,0.00,0.00,0.00,0.00,0.00,1,28.9,22.1,67,1006.2,50,2.3,-9900,-9900,0.0,0.0
2017,8,29,2,60,0.00,0.00,0.00,0.00,0.00,1,28.8,22.1,67,1006.0,60,2.7,-9900,-9900,0.0,0.0
2017,8,29,3,60,0.00,0.00,0.00,0.00,0.00,1,28.6,22.2,68,1005.9,50,3.0,-9900,-9900,0.0,0.0
2017,8,29,4,60,0.00,0.00,0.00,0.00,0.00,1,28.4,22.4,70,1005.9,50,2.5,-9900,-9900,0.0,0.0
2017,8,29,5,60,0.00,0.00,0.00,0.00,0.00,1,28.3,22.8,72,1006.0,50,3.7,-9900,-9900,0.0,0.0
2017,8,29,6,60,22.62,509.33,0.00,0.00,0.00,1,28.4,22.9,72,1006.7,50,3.7,-9900,-9900,0.0,0.0
2017,8,29,7,60,274.27,1342.89,125.00,0.00,125.00,1,29.3,23.2,70,1006.9,60,3.2,-9900,-9900,0.0,0.0
2017,8,29,8,60,572.58,1342.89,338.89,429.34,155.83,1,30.6,23.9,68,1006.9,60,4.1,40,-9900,0.0,0.0
2017,8,29,9,60,837.84,1342.89,538.89,548.67,196.57,1,32.4,24.4,63,1006.7,40,3.0,40,-9900,0.0,0.0
2017,8,29,10,60,1051.96,1342.89,661.11,513.50,258.86,2,33.3,24.7,61,1006.6,50,3.8,-9900,-9900,0.0,0.0
2017,8,29,11,60,1200.36,1342.89,769.44,543.43,283.69,5,32.9,24.3,61,1005.9,40,4.0,40,-9900,0.0,0.0
2017,8,29,12,60,1272.91,1342.89,913.89,733.41,218.70,5,33.9,25.0,60,1005.3,40,5.2,-9900,-9900,0.0,0.0
2017,8,29,13,60,1264.69,1342.89,863.89,646.46,255.08,5,34.5,24.9,58,1004.9,10,4.0,-9900,-9900,0.0,0.0
2017,8,29,14,60,1176.24,1342.89,797.22,633.27,242.54,6,33.6,24.0,57,1004.4,40,5.5,45,1,0.0,0.0
2017,8,29,15,60,1013.60,1342.89,669.44,590.61,223.65,3,33.2,24.2,59,1004.1,40,4.8,-9900,-9900,0.0,0.0
2017,8,29,16,60,787.84,1342.89,502.78,536.63,187.95,3,33.0,24.2,60,1004.3,40,4.6,-9900,-9900,0.0,0.0
2017,8,29,17,60,514.35,1342.89,200.00,92.58,164.54,3,31.8,23.6,62,1004.7,50,4.4,30,-9900,0.0,0.0
2017,8,29,18,60,211.79,1342.89,94.44,0.00,94.44,3,31.5,22.3,58,1005.3,60,4.7,-9900,-9900,0.0,0.0
2017,8,29,19,60,4.94,238.09,0.00,0.00,0.00,3,30.8,22.6,62,1005.9,50,4.1,-9900,-9900,0.0,0.0
2017,8,29,20,60,0.00,0.00,0.00,0.00,0.00,3,30.4,23.0,65,1006.2,50,3.9,-9900,-9900,0.0,0.0
2017,8,29,21,60,0.00,0.00,0.00,0.00,0.00,4,30.1,23.1,66,1006.8,50,3.9,-9900,-9900,0.0,0.0
2017,8,29,22,60,0.00,0.00,0.00,0.00,0.00,4,30.1,22.8,65,1006.7,70,4.6,-9900,-9900,0.0,0.0
2017,8,29,23,60,0.00,0.00,0.00,0.00,0.00,4,29.9,22.9,66,1006.2,50,3.6,-9900,-9900,0.0,0.0
2017,8,29,24,60,0.00,0.00,0.00,0.00,0.00,4,29.7,22.7,66,1005.9,50,1.9,-9900,-9900,0.0,0.0
2017,8,30,1,60,0.00,0.00,0.00,0.00,0.00,4,29.5,22.2,65,1005.8,60,3.4,-9900,-9900,0.0,0.0
2017,8,30,2,60,0.00,0.00,0.00,0.00,0.00,4,29.3,21.7,64,1005.0,50,3.0,-9900,-9900,0.0,0.0
2017,8,30,3,60,0.00,0.00,0.00,0.00,0.00,4,29.2,21.7,64,1004.8,40,3.3,-9900,-9900,0.0,0.0
2017,8,30,4,60,0.00,0.00,0.00,0.00,0.00,4,29.0,22.0,66,1004.4,40,3.9,-9900,-9900,0.0,0.0
2017,8,30,5,60,0.00,0.00,0.00,0.00,0.00,5,28.6,22.5,70,1004.6,50,3.2,-9900,-9900,0.0,0.0
2017,8,30,6,60,21.25,493.48,0.00,0.00,0.00,5,28.4,22.7,71,1004.9,70,1.8,-9900,-9900,0.0,0.0
2017,8,30,7,60,270.91,1343.55,122.22,0.00,122.22,5,29.2,23.0,69,1005.2,110,1.8,-9900,-9900,0.0,0.0
2017,8,30,8,60,569.67,1343.55,311.11,332.48,170.14,5,30.7,24.5,70,1004.9,50,1.9,35,-9900,0.0,0.0
2017,8,30,9,60,835.32,1343.55,333.33,103.29,269.11,5,31.6,24.6,67,1004.8,60,2.9,35,-9900,0.0,0.0
2017,8,30,10,60,1049.76,1343.55,477.78,174.29,341.60,8,31.3,23.8,64,1004.4,40,3.9,-9900,-9900,0.0,0.0
2017,8,30,11,60,1198.38,1343.55,483.33,107.95,387.04,9,31.0,23.6,65,1004.2,40,5.3,25,1,0.0,0.0
2017,8,30,12,60,1271.05,1343.55,330.56,13.73,317.57,9,31.6,23.6,63,1004.1,50,4.7,-9900,-9900,0.0,0.0
2017,8,30,13,60,1262.80,1343.55,586.11,187.63,409.76,9,31.5,23.4,62,1003.6,60,4.2,-9900,-9900,0.0,0.0
2017,8,30,14,60,1174.22,1343.55,536.11,176.38,381.96,8,32.8,23.8,59,1003.0,50,4.5,35,-9900,0.0,0.0
2017,8,30,15,60,1011.34,1343.55,336.11,45.85,301.60,8,31.2,23.0,62,1003.2,50,5.0,-9900,-9900,0.0,0.0
2017,8,30,16,60,785.24,1343.55,166.67,6.33,162.97,9,30.8,23.5,65,1003.4,50,4.0,-9900,-9900,0.0,0.0
2017,8,30,17,60,511.36,1343.55,166.67,41.80,150.76,8,31.3,23.0,61,1003.7,80,3.5,40,-9900,0.0,0.0
2017,8,30,18,60,208.34,1343.55,22.22,0.00,22.22,8,31.0,22.6,61,1004.4,60,4.3,-9900,-9900,0.0,0.0
2017,8,30,19,60,4.30,222.11,0.00,0.00,0.00,8,30.5,22.6,63,1005.0,50,3.9,-9900,-9900,0.0,0.0
2017,8,30,20,60,0.00,0.00,0.00,0.00,0.00,8,30.1,22.8,65,1005.4,50,2.8,-9900,-9900,0.0,0.0
2017,8,30,21,60,0.00,0.00,0.00,0.00,0.00,8,29.9,22.7,65,1005.3,60,3.4,-9900,-9900,0.0,0.0
2017,8,30,22,60,0.00,0.00,0.00,0.00,0.00,8,29.8,22.6,65,1004.8,40,3.5,-9900,-9900,0.0,0.0
2017,8,30,23,60,0.00,0.00,0.00,0.00,0.00,8,29.5,23.1,69,1004.3,50,3.2,-9900,-9900,0.0,0.0
2017,8,30,24,60,0.00,0.00,0.00,0.00,0.00,8,29.4,22.9,68,1003.9,50,4.1,-9900,-9900,0.0,0.0
2017,8,31,1,60,0.00,0.00,0.00,0.00,0.00,9,29.1,22.8,69,1004.0,70,3.3,-9900,-9900,0.0,0.0
2017,8,31,2,60,0.00,0.00,0.00,0.00,0.00,9,29.1,23.0,70,1003.6,50,2.7,-9900,-9900,0.0,0.0
2017,8,31,3,60,0.00,0.00,0.00,0.00,0.00,9,28.8,23.5,73,1003.4,60,2.5,-9900,-9900,0.0,0.0
2017,8,31,4,60,0.00,0.00,0.00,0.00,0.00,9,28.8,23.0,71,1003.5,70,2.0,-9900,-9900,0.0,0.0
2017,8,31,5,60,0.00,0.00,0.00,0.00,0.00,9,28.9,22.4,68,1003.0,50,3.9,-9900,-9900,0.0,0.0
2017,8,31,6,60,19.91,477.55,0.00,0.00,0.00,9,28.6,23.0,72,1003.6,60,2.0,-9900,-9900,0.0,0.0
2017,8,31,7,60,267.51,1344.22,61.11,0.00,61.11,9,29.0,23.1,71,1004.2,50,2.8,-9900,-9900,0.0,0.0
2017,8,31,8,60,566.70,1344.22,308.33,328.55,169.82,9,31.0,24.0,66,1004.3,50,4.1,10,3,0.0,0.0
2017,8,31,9,60,832.74,1344.22,386.11,187.01,270.26,7,31.0,23.4,64,1004.3,40,4.8,40,-9900,0.0,0.0
2017,8,31,10,60,1047.50,1344.22,486.11,187.61,339.91,8,32.2,23.8,61,1004.1,50,4.9,-9900,-9900,0.0,0.0
2017,8,31,11,60,1196.34,1344.22,605.56,256.95,376.88,9,32.1,22.9,58,1004.2,50,6.5,40,-9900,0.0,0.0
2017,8,31,12,60,1269.11,1344.22,691.67,330.40,379.73,9,32.5,24.0,61,1003.7,40,5.1,-9900,-9900,0.0,0.0
2017,8,31,13,60,1260.86,1344.22,702.78,355.58,369.25,10,32.7,23.9,60,1003.0,50,5.6,-9900,-9900,0.0,0.0
2017,8,31,14,60,1172.15,1344.22,625.00,307.17,357.15,10,31.6,23.9,64,1002.6,40,4.1,35,1,0.0,0.0
2017,8,31,15,60,1009.03,1344.22,425.00,128.89,328.25,10,30.9,23.3,64,1002.4,30,5.3,-9900,-9900,0.0,0.0
2017,8,31,16,60,782.60,1344.22,197.22,11.82,190.34,10,29.7,22.8,67,1002.3,50,6.4,-9900,-9900,0.0,0.0
2017,8,31,17,60,508.31,1344.22,130.56,12.93,125.67,10,29.6,22.4,65,1002.3,50,6.3,20,3,0.0,0.0
2017,8,31,18,60,204.85,1344.22,0.00,0.00,0.00,10,29.4,22.4,66,1002.8,50,5.7,-9900,-9900,0.0,0.0
2017,8,31,19,60,3.70,206.04,0.00,0.00,0.00,10,29.2,22.7,68,1003.3,50,4.2,-9900,-9900,0.0,0.0
2017,8,31,20,60,0.00,0.00,0.00,0.00,0.00,10,29.2,22.8,68,1003.6,50,4.5,-9900,-9900,0.0,0.0
2017,8,31,21,60,0.00,0.00,0.00,0.00,0.00,10,29.0,23.0,70,1004.1,50,4.3,-9900,-9900,0.0,0.0
2017,8,31,22,60,0.00,0.00,0.00,0.00,0.00,10,28.7,22.7,70,1003.9,40,4.3,-9900,-9900,0.0,0.0
2017,8,31,23,60,0.00,0.00,0.00,0.00,0.00,10,28.1,22.8,73,1003.7,50,3.5,-9900,-9900,0.4,0.3
2017,8,31,24,60,0.00,0.00,0.00,0.00,0.00,10,27.8,23.1,76,1003.1,40,4.7,-9900,-9900,0.6,0.5
2017,9,1,1,60,0.00,0.00,0.00,0.00,0.00,10,27.9,23.3,76,1002.6,50,3.8,-9900,-9900,0.0,0.0
2017,9,1,2,60,0.00,0.00,0.00,0.00,0.00,10,28.2,23.3,75,1002.3,50,4.1,-9900,-9900,0.0,0.0
2017,9,1,3,60,0.00,0.00,0.00,0.00,0.00,10,28.3,23.5,75,1001.8,50,3.4,-9900,-9900,0.0,0.0
2017,9,1,4,60,0.00,0.00,0.00,0.00,0.00,10,28.2,23.4,75,1001.4,50,4.9,-9900,-9900,0.0,0.0
2017,9,1,5,60,0.00,0.00,0.00,0.00,0.00,10,28.4,23.4,74,1001.1,50,4.2,-9900,-9900,0.0,0.0
2017,9,1,6,60,18.60,461.53,0.00,0.00,0.00,10,28.2,23.3,75,1001.9,60,4.6,-9900,-9900,0.0,0.0
2017,9,1,7,60,264.08,1344.89,0.00,0.00,0.00,10,28.5,23.7,75,1002.2,40,3.8,-9900,-9900,0.1,0.1
2017,9,1,8,60,563.70,1344.89,155.56,18.42,147.84,10,29.3,23.7,72,1002.5,60,4.9,11,3,0.0,0.0
2017,9,1,9,60,830.12,1344.89,166.67,5.74,163.13,10,29.5,23.9,72,1003.1,40,4.2,12,1,0.0,0.0
2017,9,1,10,60,1045.17,1344.89,152.78,3.31,150.21,10,28.8,23.7,74,1003.3,50,4.6,-9900,-9900,0.0,0.0
2017,9,1,11,60,1194.22,1344.89,136.11,2.18,134.17,10,27.8,23.2,76,1003.4,60,3.8,10,1,0.0,0.9
2017,9,1,12,60,1267.10,1344.89,166.67,2.77,164.06,10,26.6,22.9,80,1002.9,50,3.6,-9900,-9900,1.5,1.0
2017,9,1,13,60,1258.84,1344.89,319.44,12.22,308.00,10,27.7,24.2,81,1001.9,40,4.0,-9900,-9900,0.0,1.0
2017,9,1,14,60,1170.00,1344.89,311.11,15.32,297.78,10,28.4,24.6,80,1001.3,60,3.3,10,1,0.0,0.0
2017,9,1,15,60,1006.65,1344.89,122.22,2.42,120.41,10,27.6,23.9,80,1001.0,50,3.8,-9900,-9900,0.5,0.6
2017,9,1,16,60,779.91,1344.89,102.78,2.78,101.17,10,27.3,24.0,82,1000.9,50,3.2,-9900,-9900,1.5,1.0
2017,9,1,17,60,505.23,1344.89,0.00,0.00,0.00,10,27.1,23.7,82,1000.6,50,5.3,5,1,3.5,1.0
2017,9,1,18,60,201.33,1344.89,0.00,0.00,0.00,10,27.2,23.8,82,1001.3,50,3.4,-9900,-9900,1.5,1.0
2017,9,1,19,60,3.15,189.89,0.00,0.00,0.00,10,27.2,23.7,81,1001.5,50,4.0,-9900,-9900,0.5,1.0
2017,9,1,20,60,0.00,0.00,0.00,0.00,0.00,10,26.9,23.4,81,1002.5,60,2.8,-9900,-9900,0.0,1.0
2017,9,1,21,60,0.00,0.00,0.00,0.00,0.00,10,26.6,23.4,83,1003.2,100,2.5,-9900,-9900,2.0,1.0
2017,9,1,22,60,0.00,0.00,0.00,0.00,0.00,10,25.8,23.3,86,1003.4,90,2.5,-9900,-9900,10.5,1.0
2017,9,1,23,60,0.00,0.00,0.00,0.00,0.00,10,25.8,23.2,86,1002.7,60,3.2,-9900,-9900,13.5,1.0
2017,9,1,24,60,0.00,0.00,0.00,0.00,0.00,10,25.9,23.0,84,1002.1,50,4.3,-9900,-9900,4.5,1.0
2017,9,2,1,60,0.00,0.00,0.00,0.00,0.00,10,25.8,23.0,85,1001.8,50,4.0,-9900,-9900,1.5,1.0
2017,9,2,2,60,0.00,0.00,0.00,0.00,0.00,10,25.4,22.4,83,1001.3,50,3.1,-9900,-9900,0.5,1.0
2017,9,2,3,60,0.00,0.00,0.00,0.00,0.00,10,25.7,22.8,84,1001.1,70,2.6,-9900,-9900,0.5,1.0
2017,9,2,4,60,0.00,0.00,0.00,0.00,0.00,10,25.5,23.0,86,1001.0,40,3.3,-9900,-9900,4.0,1.0
2017,9,2,5,60,0.00,0.00,0.00,0.00,0.00,10,25.8,23.1,85,1000.8,70,2.8,-9900,-9900,0.0,0.5
2017,9,2,6,60,17.34,445.44,0.00,0.00,0.00,10,26.1,22.9,83,1001.0,70,3.5,-9900,-9900,0.0,0.0
2017,9,2,7,60,260.62,1345.57,0.00,0.00,0.00,10,26.4,23.4,84,1001.5,50,4.5,-9900,-9900,0.0,0.0
2017,9,2,8,60,560.65,1345.57,58.33,1.87,57.55,10,26.8,23.5,82,1002.1,60,2.7,30,1,0.0,0.5
2017,9,2,9,60,827.44,1345.57,44.44,0.68,44.02,10,26.6,23.5,83,1002.7,50,3.7,30,0,0.5,1.0
2017,9,2,10,60,1042.80,1345.57,111.11,1.95,109.60,10,26.8,23.6,83,1002.9,50,3.5,-9900,-9900,0.0,1.0
2017,9,2,11,60,1192.05,1345.57,166.67,3.07,163.95,9,27.1,23.7,82,1002.7,50,4.1,30,1,0.0,1.0
2017,9,2,12,60,1265.02,1345.57,180.56,3.18,177.57,10,27.2,23.3,79,1002.3,50,5.4,-9900,-9900,0.0,0.5
2017,9,2,13,60,1256.75,1345.57,297.22,8.95,288.86,10,27.7,23.1,76,1001.9,50,5.2,-9900,-9900,0.0,0.0
2017,9,2,14,60,1167.79,1345.57,436.11,77.96,368.45,10,28.6,23.0,72,1001.4,40,3.3,30,1,0.0,0.0
2017,9,2,15,60,1004.21,1345.57,394.44,96.81,322.19,9,28.8,23.3,72,1001.4,60,3.5,-9900,-9900,0.0,0.0
2017,9,2,16,60,777.15,1345.57,183.33,8.85,178.22,10,27.1,22.8,77,1002.0,50,3.3,-9900,-9900,0.0,0.8
2017,9,2,17,60,502.09,1345.57,108.33,6.59,105.87,10,26.9,23.4,81,1002.4,90,2.3,15,1,0.0,1.0
2017,9,2,18,60,197.77,1345.57,0.00,0.00,0.00,10,27.0,23.3,80,1003.0,60,1.7,-9900,-9900,0.0,1.0
2017,9,2,19,60,2.63,173.65,0.00,0.00,0.00,10,26.1,22.6,81,1004.0,70,2.4,-9900,-9900,1.0,1.0
2017,9,2,20,60,0.00,0.00,0.00,0.00,0.00,10,25.2,21.9,82,1004.4,70,3.5,-9900,-9900,0.5,1.0
2017,9,2,21,60,0.00,0.00,0.00,0.00,0.00,10,25.1,21.7,81,1005.0,80,2.5,-9900,-9900,1.5,1.0
2017,9,2,22,60,0.00,0.00,0.00,0.00,0.00,10,24.9,21.3,80,1004.7,70,1.7,-9900,-9900,0.5,1.0
2017,9,2,23,60,0.00,0.00,0.00,0.00,0.00,10,25.0,21.5,81,1004.3,90,1.8,-9900,-9900,0.0,0.5
2017,9,2,24,60,0.00,0.00,0.00,0.00,0.00,10,24.9,22.1,84,1004.1,80,0.9,-9900,-9900,0.0,0.0
2017,9,3,1,60,0.00,0.00,0.00,0.00,0.00,10,25.6,22.1,81,1003.6,70,1.5,-9900,-9900,0.5,0.5
2017,9,3,2,60,0.00,0.00,0.00,0.00,0.00,10,25.9,22.4,81,1003.0,50,2.2,-9900,-9900,0.0,0.0
2017,9,3,3,60,0.00,0.00,0.00,0.00,0.00,10,25.8,22.8,84,1003.3,60,1.2,-9900,-9900,0.0,0.0
2017,9,3,4,60,0.00,0.00,0.00,0.00,0.00,10,26.0,22.9,83,1003.2,90,1.8,-9900,-9900,0.0,0.0
2017,9,3,5,60,0.00,0.00,0.00,0.00,0.00,10,26.0,22.3,80,1004.0,120,1.3,-9900,-9900,0.0,0.0
2017,9,3,6,60,16.11,429.26,0.00,0.00,0.00,10,25.3,22.2,83,1004.2,60,2.1,-9900,-9900,0.0,0.5
2017,9,3,7,60,257.11,1346.26,0.00,0.00,0.00,10,25.3,22.7,86,1005.3,180,1.2,-9900,-9900,0.0,1.0
2017,9,3,8,60,557.55,1346.26,0.00,0.00,0.00,10,25.0,23.0,89,1005.6,0,0.0,4,1,2.5,1.0
2017,9,3,9,60,824.71,1346.26,30.56,0.39,30.32,10,25.6,23.3,87,1005.9,110,0.5,20,1,0.0,0.7
2017,9,3,10,60,1040.36,1346.26,94.44,1.51,93.27,10,26.7,24.0,85,1006.2,140,0.3,-9900,-9900,0.0,0.0
2017,9,3,11,60,1189.81,1346.26,166.67,3.08,163.95,10,26.2,24.1,88,1006.1,330,1.0,3,1,2.0,0.9
2017,9,3,12,60,1262.89,1346.26,166.67,2.79,164.05,10,26.5,24.2,87,1005.6,20,2.3,-9900,-9900,0.5,1.0
2017,9,3,13,60,1254.60,1346.26,152.78,2.44,150.51,10,26.4,23.8,86,1005.2,80,1.3,-9900,-9900,0.5,1.0
2017,9,3,14,60,1165.52,1346.26,111.11,1.63,109.70,10,25.9,23.0,84,1005.0,120,0.9,5,1,2.5,1.0
2017,9,3,15,60,1001.71,1346.26,41.67,0.47,41.32,10,25.7,23.2,86,1004.8,200,1.4,-9900,-9900,2.0,1.0
2017,9,3,16,60,774.35,1346.26,66.67,1.39,65.87,10,25.8,23.2,86,1004.8,130,0.7,-9900,-9900,0.5,1.0
2017,9,3,17,60,498.92,1346.26,0.00,0.00,0.00,10,25.8,23.2,86,1005.4,110,1.1,5,1,0.0,0.1
2017,9,3,18,60,194.18,1346.26,0.00,0.00,0.00,10,25.7,23.1,86,1005.8,110,1.2,-9900,-9900,0.0,0.0
2017,9,3,19,60,2.16,157.34,0.00,0.00,0.00,10,25.7,23.1,86,1006.6,110,1.8,-9900,-9900,0.5,0.8
2017,9,3,20,60,0.00,0.00,0.00,0.00,0.00,10,25.2,22.9,87,1007.3,110,0.9,-9900,-9900,13.5,1.0
2017,9,3,21,60,0.00,0.00,0.00,0.00,0.00,10,25.2,22.9,87,1008.0,110,1.9,-9900,-9900,18.0,1.0
2017,9,3,22,60,0.00,0.00,0.00,0.00,0.00,10,25.2,22.9,87,1007.7,180,1.1,-9900,-9900,4.5,1.0
2017,9,3,23,60,0.00,0.00,0.00,0.00,0.00,10,25.1,22.7,87,1007.7,130,1.5,-9900,-9900,2.5,1.0
2017,9,3,24,60,0.00,0.00,0.00,0.00,0.00,10,25.0,22.8,88,1007.3,0,0.0,-9900,-9900,2.5,1.0
2017,9,4,1,60,0.00,0.00,0.00,0.00,0.00,10,24.9,22.8,88,1006.7,70,0.9,-9900,-9900,0.1,0.2
2017,9,4,2,60,0.00,0.00,0.00,0.00,0.00,10,24.8,22.7,88,1006.1,90,1.0,-9900,-9900,0.0,0.0
2017,9,4,3,60,0.00,0.00,0.00,0.00,0.00,10,24.7,22.6,88,1005.6,0,0.0,-9900,-9900,0.0,0.0
2017,9,4,4,60,0.00,0.00,0.00,0.00,0.00,10,24.5,22.7,90,1005.7,40,0.6,-9900,-9900,0.0,0.0
2017,9,4,5,60,0.00,0.00,0.00,0.00,0.00,10,24.6,22.6,89,1006.1,100,1.2,-9900,-9900,0.0,0.0
2017,9,4,6,60,14.92,413.02,0.00,0.00,0.00,10,24.8,22.9,89,1006.5,160,0.6,-9900,-9900,0.0,0.0
2017,9,4,7,60,253.58,1346.95,5.56,0.00,5.56,10,25.3,22.9,87,1007.0,110,0.4,-9900,-9900,0.0,0.0
2017,9,4,8,60,554.41,1346.95,152.78,18.32,145.24,10,26.0,23.5,86,1007.2,150,0.7,25,1,0.0,0.0
2017,9,4,9,60,821.92,1346.95,350.00,134.92,267.67,10,28.2,25.0,83,1007.4,190,0.4,20,1,0.0,0.0
2017,9,4,10,60,1037.85,1346.95,650.00,509.94,257.08,9,30.2,25.6,76,1007.2,160,0.9,-9900,-9900,0.0,0.0
2017,9,4,11,60,1187.50,1346.95,611.11,272.71,370.68,9,32.0,26.2,72,1006.8,280,0.7,12,1,0.0,0.0
2017,9,4,12,60,1260.66,1346.95,300.00,9.19,291.40,9,31.0,24.8,70,1006.4,260,1.0,-9900,-9900,0.0,0.0
2017,9,4,13,60,1252.37,1346.95,455.56,69.51,390.93,9,31.1,24.8,69,1005.8,360,0.7,-9900,-9900,0.0,0.0
2017,9,4,14,60,1163.18,1346.95,205.56,4.60,201.59,9,30.8,24.4,69,1005.5,30,1.6,15,1,0.0,0.0
2017,9,4,15,60,999.16,1346.95,308.33,32.18,284.46,8,31.6,24.7,67,1004.8,50,2.0,-9900,-9900,0.0,0.0
2017,9,4,16,60,771.50,1346.95,330.56,138.26,251.37,9,31.1,23.6,64,1004.7,50,3.0,-9900,-9900,0.0,0.0
2017,9,4,17,60,495.70,1346.95,150.00,29.21,139.25,7,30.9,23.9,66,1004.6,50,1.3,15,-9900,0.0,0.0
2017,9,4,18,60,190.57,1346.95,0.00,0.00,0.00,7,30.0,23.8,69,1005.0,40,2.3,-9900,-9900,0.0,0.0
2017,9,4,19,60,1.74,140.96,0.00,0.00,0.00,7,29.1,23.3,71,1005.5,50,3.6,-9900,-9900,0.0,0.0
2017,9,4,20,60,0.00,0.00,0.00,0.00,0.00,6,28.8,23.4,73,1006.6,60,2.6,-9900,-9900,0.0,0.0
2017,9,4,21,60,0.00,0.00,0.00,0.00,0.00,6,28.6,23.8,75,1007.2,60,2.0,-9900,-9900,0.0,0.0
2017,9,4,22,60,0.00,0.00,0.00,0.00,0.00,6,28.7,23.8,75,1007.6,70,1.5,-9900,-9900,0.0,0.0
2017,9,4,23,60,0.00,0.00,0.00,0.00,0.00,6,28.5,23.6,75,1007.5,60,0.9,-9900,-9900,0.0,0.0
2017,9,4,24,60,0.00,0.00,0.00,0.00,0.00,6,28.4,23.7,76,1007.2,190,1.0,-9900,-9900,0.0,0.0
2017,9,5,1,60,0.00,0.00,0.00,0.00,0.00,5,28.2,23.7,77,1006.5,210,0.9,-9900,-9900,0.0,0.0
2017,9,5,2,60,0.00,0.00,0.00,0.00,0.00,5,27.7,23.3,77,1006.1,230,1.1,-9900,-9900,0.0,0.0
2017,9,5,3,60,0.00,0.00,0.00,0.00,0.00,5,27.5,23.3,78,1006.2,130,1.3,-9900,-9900,0.0,0.0
2017,9,5,4,60,0.00,0.00,0.00,0.00,0.00,5,27.2,23.2,79,1006.3,160,1.6,-9900,-9900,0.0,0.0
2017,9,5,5,60,0.00,0.00,0.00,0.00,0.00,5,27.0,22.8,78,1006.3,100,0.7,-9900,-9900,0.0,0.0
2017,9,5,6,60,13.76,396.70,0.00,0.00,0.00,4,26.7,22.6,78,1006.5,140,1.1,-9900,-9900,0.0,0.0
2017,9,5,7,60,250.01,1347.65,97.22,0.00,97.22,4,27.5,23.3,78,1006.7,160,0.5,-9900,-9900,0.0,0.0
2017,9,5,8,60,551.24,1347.65,283.33,271.71,172.19,4,29.2,24.6,76,1006.9,100,0.6,15,-9900,0.0,0.0
2017,9,5,9,60,819.07,1347.65,475.00,404.47,229.17,3,30.9,24.7,70,1006.7,60,1.8,15,-9900,0.0,0.0
2017,9,5,10,60,1035.28,1347.65,636.11,482.37,265.55,4,33.7,25.4,62,1006.3,40,1.6,-9900,-9900,0.0,0.0
2017,9,5,11,60,1185.12,1347.65,802.78,634.56,244.75,6,34.4,25.4,60,1005.6,10,3.2,25,-9900,0.0,0.0
2017,9,5,12,60,1258.39,1347.65,833.33,597.05,275.83,7,34.0,25.0,60,1005.1,50,3.6,-9900,-9900,0.0,0.0
2017,9,5,13,60,1250.08,1347.65,833.33,607.89,269.45,5,34.0,24.4,57,1004.1,50,5.1,-9900,-9900,0.0,0.0
2017,9,5,14,60,1160.77,1347.65,800.00,664.00,228.08,5,34.8,24.7,56,1003.4,40,2.3,25,-9900,0.0,0.0
2017,9,5,15,60,996.54,1347.65,658.33,593.10,219.75,6,33.5,24.2,58,1003.1,50,5.1,-9900,-9900,0.0,0.0
2017,9,5,16,60,768.59,1347.65,458.33,440.88,206.89,5,32.8,24.4,61,1003.2,40,3.7,-9900,-9900,0.0,0.0
2017,9,5,17,60,492.44,1347.65,213.89,145.98,160.55,5,31.2,24.1,66,1003.3,50,4.8,18,-9900,0.0,0.0
2017,9,5,18,60,186.92,1347.65,19.44,0.00,19.44,5,30.3,24.0,69,1003.8,50,4.7,-9900,-9900,0.0,0.0
2017,9,5,19,60,1.36,124.50,0.00,0.00,0.00,5,29.7,24.0,72,1004.2,50,6.2,-9900,-9900,0.0,0.0
2017,9,5,20,60,0.00,0.00,0.00,0.00,0.00,5,29.6,23.8,71,1004.9,50,4.1,-9900,-9900,0.0,0.0
2017,9,5,21,60,0.00,0.00,0.00,0.00,0.00,4,29.8,23.4,69,1005.1,50,3.4,-9900,-9900,0.0,0.0
2017,9,5,22,60,0.00,0.00,0.00,0.00,0.00,4,29.9,22.3,64,1005.0,60,3.8,-9900,-9900,0.0,0.0
2017,9,5,23,60,0.00,0.00,0.00,0.00,0.00,4,29.6,22.4,65,1004.8,50,4.7,-9900,-9900,0.0,0.0
2017,9,5,24,60,0.00,0.00,0.00,0.00,0.00,4,29.3,22.5,67,1004.3,80,2.8,-9900,-9900,0.0,0.0
2017,9,6,1,60,0.00,0.00,0.00,0.00,0.00,4,29.7,22.4,65,1003.7,100,1.6,-9900,-9900,0.0,0.0
2017,9,6,2,60,0.00,0.00,0.00,0.00,0.00,4,29.7,22.5,65,1003.3,90,2.0,-9900,-9900,0.0,0.0
2017,9,6,3,60,0.00,0.00,0.00,0.00,0.00,4,29.9,22.7,65,1002.6,80,3.9,-9900,-9900,0.0,0.0
2017,9,6,4,60,0.00,0.00,0.00,0.00,0.00,4,30.0,22.6,65,1002.8,90,3.3,-9900,-9900,0.0,0.0
2017,9,6,5,60,0.00,0.00,0.00,0.00,0.00,3,29.6,22.7,67,1003.0,110,1.6,-9900,-9900,0.0,0.0
2017,9,6,6,60,12.65,380.33,0.00,0.00,0.00,3,29.6,22.8,67,1003.2,70,1.5,-9900,-9900,0.0,0.0
2017,9,6,7,60,246.41,1348.36,72.22,0.00,72.22,3,30.3,23.1,65,1003.2,70,2.3,-9900,-9900,0.0,0.0
2017,9,6,8,60,548.01,1348.36,325.00,433.76,148.71,3,31.9,24.2,64,1003.0,90,2.5,40,-9900,0.0,0.0
2017,9,6,9,60,816.18,1348.36,533.33,575.85,184.76,4,32.8,24.0,60,1002.6,70,3.5,35,-9900,0.0,0.0
2017,9,6,10,60,1032.65,1348.36,700.00,636.10,212.84,2,34.1,24.3,57,1002.2,120,4.0,-9900,-9900,0.0,0.0
2017,9,6,11,60,1182.69,1348.36,833.33,702.94,216.76,6,34.4,24.4,56,1001.9,90,4.5,40,-9900,0.0,0.0
2017,9,6,12,60,1256.04,1348.36,833.33,600.41,274.03,7,34.6,24.5,56,1001.2,70,4.0,-9900,-9900,0.0,0.0
2017,9,6,13,60,1247.73,1348.36,833.33,611.32,267.64,6,35.4,24.9,55,1000.6,80,3.1,-9900,-9900,0.0,0.0
2017,9,6,14,60,1158.30,1348.36,750.00,561.36,267.77,5,35.1,25.0,56,1000.0,40,2.8,35,-9900,0.0,0.0
2017,9,6,15,60,993.87,1348.36,444.44,163.53,323.90,8,35.1,26.0,59,1000.1,300,2.2,-9900,-9900,0.0,0.0
2017,9,6,16,60,765.63,1348.36,272.22,62.82,236.55,9,33.6,25.4,62,1000.7,320,2.0,-9900,-9900,0.0,0.0
2017,9,6,17,60,489.14,1348.36,133.33,17.37,127.03,9,33.1,25.1,63,1001.1,300,0.7,12,1,0.0,0.0
2017,9,6,18,60,183.25,1348.36,0.00,0.00,0.00,9,31.9,24.5,65,1001.9,260,3.3,-9900,-9900,0.0,0.0
2017,9,6,19,60,1.02,107.98,0.00,0.00,0.00,9,31.4,24.2,66,1002.5,220,2.2,-9900,-9900,0.0,0.0
2017,9,6,20,60,0.00,0.00,0.00,0.00,0.00,9,31.3,24.0,65,1003.8,220,1.9,-9900,-9900,0.0,0.0
2017,9,6,21,60,0.00,0.00,0.00,0.00,0.00,9,31.1,23.9,66,1004.3,220,1.9,-9900,-9900,0.0,0.0
2017,9,6,22,60,0.00,0.00,0.00,0.00,0.00,9,31.1,23.8,65,1004.5,230,2.0,-9900,-9900,0.0,0.0
2017,9,6,23,60,0.00,0.00,0.00,0.00,0.00,9,30.6,23.5,66,1004.3,210,2.1,-9900,-9900,0.0,0.0
2017,9,6,24,60,0.00,0.00,0.00,0.00,0.00,9,30.3,23.5,67,1003.8,260,1.8,-9900,-9900,0.0,0.0
2017,9,7,1,60,0.00,0.00,0.00,0.00,0.00,10,30.0,23.5,68,1003.4,0,0.0,-9900,-9900,0.0,0.0
2017,9,7,2,60,0.00,0.00,0.00,0.00,0.00,10,30.2,23.5,67,1003.2,260,0.9,-9900,-9900,0.0,0.0
2017,9,7,3,60,0.00,0.00,0.00,0.00,0.00,10,30.1,23.2,67,1003.3,250,2.4,-9900,-9900,0.0,0.0
2017,9,7,4,60,0.00,0.00,0.00,0.00,0.00,10,29.8,23.2,68,1003.3,260,2.8,-9900,-9900,0.0,0.0
2017,9,7,5,60,0.00,0.00,0.00,0.00,0.00,10,29.7,23.3,69,1003.7,240,1.6,-9900,-9900,0.0,0.0
2017,9,7,6,60,11.59,363.88,0.00,0.00,0.00,10,29.6,23.2,69,1004.0,240,1.9,-9900,-9900,0.0,0.0
2017,9,7,7,60,242.78,1349.07,0.00,0.00,0.00,10,29.7,23.4,69,1004.8,260,2.1,-9900,-9900,0.0,0.0
2017,9,7,8,60,544.73,1349.07,16.67,0.30,16.55,10,29.8,23.5,69,1005.7,250,2.2,15,1,0.0,0.0
2017,9,7,9,60,813.23,1349.07,133.33,4.05,130.89,9,30.6,24.0,68,1005.9,220,1.3,15,1,0.0,0.0
2017,9,7,10,60,1029.97,1349.07,363.89,61.08,317.26,9,31.6,24.3,65,1005.9,250,2.2,-9900,-9900,0.0,0.0
2017,9,7,11,60,1180.17,1349.07,275.00,8.46,267.60,9,32.2,24.1,62,1005.6,270,1.8,15,1,0.0,0.0
2017,9,7,12,60,1253.62,1349.07,219.44,4.53,215.23,9,32.5,24.0,61,1005.3,250,2.7,-9900,-9900,0.0,0.0
2017,9,7,13,60,1245.29,1349.07,475.00,85.67,395.92,9,32.6,25.4,66,1004.7,300,0.9,-9900,-9900,0.0,0.0
2017,9,7,14,60,1155.77,1349.07,222.22,5.33,217.65,10,32.2,24.8,65,1004.4,330,2.6,15,1,0.0,0.0
2017,9,7,15,60,991.13,1349.07,405.56,115.04,321.04,8,33.1,25.7,65,1004.0,340,2.2,-9900,-9900,0.0,0.0
2017,9,7,16,60,762.62,1349.07,227.78,27.44,212.27,9,31.6,24.4,66,1003.8,40,3.0,-9900,-9900,0.0,0.0
2017,9,7,17,60,485.80,1349.07,116.67,9.55,113.23,7,31.1,24.1,66,1004.1,50,2.3,15,-9900,0.0,0.0
2017,9,7,18,60,179.53,1349.07,0.00,0.00,0.00,7,30.9,23.5,65,1004.6,100,1.9,-9900,-9900,0.0,0.0
2017,9,7,19,60,0.73,91.39,0.00,0.00,0.00,7,31.0,23.5,64,1005.2,60,1.8,-9900,-9900,0.0,0.0
2017,9,7,20,60,0.00,0.00,0.00,0.00,0.00,7,30.8,23.4,65,1005.8,130,1.9,-9900,-9900,0.0,0.0
2017,9,7,21,60,0.00,0.00,0.00,0.00,0.00,7,30.4,23.4,66,1006.2,120,0.6,-9900,-9900,0.0,0.0
2017,9,7,22,60,0.00,0.00,0.00,0.00,0.00,7,30.4,23.7,67,1006.2,190,1.5,-9900,-9900,0.0,0.0
2017,9,7,23,60,0.00,0.00,0.00,0.00,0.00,7,30.2,23.8,69,1006.5,200,1.1,-9900,-9900,0.0,0.0
2017,9,7,24,60,0.00,0.00,0.00,0.00,0.00,7,30.2,24.6,72,1006.5,240,1.7,-9900,-9900,0.0,0.0
2017,9,8,1,60,0.00,0.00,0.00,0.00,0.00,8,30.2,23.6,68,1006.7,250,1.4,-9900,-9900,0.0,0.0
2017,9,8,2,60,0.00,0.00,0.00,0.00,0.00,8,30.1,23.1,66,1006.2,250,1.3,-9900,-9900,0.0,0.0
2017,9,8,3,60,0.00,0.00,0.00,0.00,0.00,8,29.4,23.1,69,1005.9,200,1.0,-9900,-9900,0.0,0.0
2017,9,8,4,60,0.00,0.00,0.00,0.00,0.00,8,28.8,23.6,74,1005.9,120,1.2,-9900,-9900,0.0,0.0
2017,9,8,5,60,0.00,0.00,0.00,0.00,0.00,8,28.6,23.5,74,1006.1,200,0.8,-9900,-9900,0.0,0.0
2017,9,8,6,60,10.56,347.38,0.00,0.00,0.00,8,28.4,23.5,75,1006.6,150,1.1,-9900,-9900,0.0,0.0
2017,9,8,7,60,239.12,1349.78,94.44,0.00,94.44,8,29.1,23.7,73,1007.0,70,1.2,-9900,-9900,0.0,0.0
2017,9,8,8,60,541.42,1349.78,205.56,84.01,171.86,8,30.5,24.6,71,1007.3,190,0.9,20,4,0.0,0.0
2017,9,8,9,60,810.23,1349.78,433.33,311.60,246.29,9,32.0,25.0,67,1007.8,310,0.5,15,-9900,0.0,0.0
2017,9,8,10,60,1027.21,1349.78,250.00,10.13,242.29,10,31.8,24.1,64,1007.4,280,0.9,-9900,-9900,0.0,0.0
2017,9,8,11,60,1177.59,1349.78,100.00,1.36,98.81,10,31.1,23.6,64,1007.2,200,0.3,15,1,0.0,0.0
2017,9,8,12,60,1251.12,1349.78,336.11,16.17,321.12,10,33.0,24.6,61,1006.5,230,0.9,-9900,-9900,0.0,0.0
2017,9,8,13,60,1242.78,1349.78,455.56,72.06,389.21,9,32.9,25.1,64,1005.9,300,0.7,-9900,-9900,0.0,0.0
2017,9,8,14,60,1153.15,1349.78,194.44,4.25,190.81,10,29.8,25.0,76,1005.4,320,2.4,10,1,4.9,0.2
2017,9,8,15,60,988.34,1349.78,230.56,8.49,224.34,10,27.2,23.8,82,1005.8,50,4.7,-9900,-9900,18.9,1.0
2017,9,8,16,60,759.56,1349.78,94.44,2.52,93.02,10,27.6,23.8,80,1005.8,240,1.3,-9900,-9900,5.2,1.0
2017,9,8,17,60,482.42,1349.78,0.00,0.00,0.00,10,27.8,24.5,82,1005.6,70,0.8,5,1,2.8,1.0
2017,9,8,18,60,175.80,1349.78,0.00,0.00,0.00,10,28.4,25.1,82,1005.7,110,1.6,-9900,-9900,0.0,0.0
2017,9,8,19,60,0.49,74.74,0.00,0.00,0.00,10,28.6,25.3,82,1006.1,60,1.6,-9900,-9900,0.0,0.0
2017,9,8,20,60,0.00,0.00,0.00,0.00,0.00,9,28.3,25.1,83,1006.6,90,1.1,-9900,-9900,0.0,0.0
2017,9,8,21,60,0.00,0.00,0.00,0.00,0.00,9,28.4,25.0,82,1007.4,70,0.9,-9900,-9900,0.0,0.0
2017,9,8,22,60,0.00,0.00,0.00,0.00,0.00,9,28.5,24.7,80,1007.3,60,1.3,-9900,-9900,0.0,0.0
2017,9,8,23,60,0.00,0.00,0.00,0.00,0.00,9,28.6,24.6,79,1007.0,90,1.4,-9900,-9900,0.0,0.0
2017,9,8,24,60,0.00,0.00,0.00,0.00,0.00,9,27.9,24.5,82,1006.6,160,0.7,-9900,-9900,0.0,0.0
2017,9,9,1,60,0.00,0.00,0.00,0.00,0.00,8,27.4,24.0,82,1006.0,150,0.8,-9900,-9900,0.0,0.0
2017,9,9,2,60,0.00,0.00,0.00,0.00,0.00,8,27.5,24.0,81,1005.9,150,1.1,-9900,-9900,0.0,0.0
2017,9,9,3,60,0.00,0.00,0.00,0.00,0.00,8,27.2,23.7,81,1005.7,170,1.1,-9900,-9900,0.0,0.0
2017,9,9,4,60,0.00,0.00,0.00,0.00,0.00,8,27.4,23.7,80,1005.8,140,1.2,-9900,-9900,0.0,0.0
2017,9,9,5,60,0.00,0.00,0.00,0.00,0.00,8,27.3,23.6,80,1006.3,150,0.9,-9900,-9900,0.0,0.0
2017,9,9,6,60,9.58,330.82,0.00,0.00,0.00,7,27.5,23.3,78,1006.5,150,0.9,-9900,-9900,0.0,0.0
2017,9,9,7,60,235.43,1350.50,38.89,0.00,38.89,7,27.7,23.6,78,1006.8,150,0.9,-9900,-9900,0.0,0.0
2017,9,9,8,60,538.07,1350.50,133.33,10.99,128.95,7,28.9,24.4,77,1007.1,230,0.5,10,-9900,0.0,0.0
2017,9,9,9,60,807.17,1350.50,344.44,136.41,262.91,9,30.0,25.0,75,1007.6,270,1.0,10,1,0.0,0.0
2017,9,9,10,60,1024.40,1350.50,513.89,250.11,324.17,6,31.6,24.7,67,1007.4,260,2.3,-9900,-9900,0.0,0.0
2017,9,9,11,60,1174.96,1350.50,813.89,674.17,227.35,7,33.3,25.5,64,1006.9,290,0.6,15,1,0.0,0.0
2017,9,9,12,60,1248.56,1350.50,586.11,196.73,404.23,8,32.9,25.4,65,1006.6,260,2.0,-9900,-9900,0.0,0.0
2017,9,9,13,60,1240.22,1350.50,116.67,1.60,115.20,10,28.4,24.0,77,1006.2,180,2.2,-9900,-9900,1.8,0.8
2017,9,9,14,60,1150.48,1350.50,130.56,2.17,128.71,10,30.3,24.4,71,1006.0,220,2.0,18,1,0.0,0.1
2017,9,9,15,60,985.48,1350.50,236.11,9.47,229.20,10,30.4,24.4,70,1005.8,230,1.9,-9900,-9900,0.0,0.0
2017,9,9,16,60,756.45,1350.50,188.89,11.37,182.52,10,29.7,23.5,69,1005.6,230,1.1,-9900,-9900,0.0,0.0
2017,9,9,17,60,479.00,1350.50,227.78,206.32,154.60,7,30.3,23.6,67,1005.3,150,1.0,12,3,0.0,0.0
2017,9,9,18,60,172.05,1350.50,30.56,0.00,30.56,7,30.1,23.0,66,1005.6,170,0.8,-9900,-9900,0.0,0.0
2017,9,9,19,60,0.29,58.04,0.00,0.00,0.00,7,30.0,23.3,67,1005.9,120,1.3,-9900,-9900,0.0,0.0
2017,9,9,20,60,0.00,0.00,0.00,0.00,0.00,7,29.7,23.3,69,1006.5,40,2.0,-9900,-9900,0.0,0.0
2017,9,9,21,60,0.00,0.00,0.00,0.00,0.00,7,29.5,23.4,70,1007.3,60,1.4,-9900,-9900,0.0,0.0
2017,9,9,22,60,0.00,0.00,0.00,0.00,0.00,7,29.3,22.8,68,1007.2,70,1.6,-9900,-9900,0.0,0.0
2017,9,9,23,60,0.00,0.00,0.00,0.00,0.00,7,29.2,22.5,67,1007.0,60,0.5,-9900,-9900,0.0,0.0
2017,9,9,24,60,0.00,0.00,0.00,0.00,0.00,7,28.6,22.9,71,1007.0,160,0.8,-9900,-9900,0.0,0.0
2017,9,10,1,60,0.00,0.00,0.00,0.00,0.00,7,28.1,23.0,74,1006.8,190,1.4,-9900,-9900,0.0,0.0
2017,9,10,2,60,0.00,0.00,0.00,0.00,0.00,7,27.8,22.8,74,1006.7,130,1.1,-9900,-9900,0.0,0.0
2017,9,10,3,60,0.00,0.00,0.00,0.00,0.00,7,27.5,22.6,75,1006.7,110,1.5,-9900,-9900,0.0,0.0
2017,9,10,4,60,0.00,0.00,0.00,0.00,0.00,7,27.2,22.5,76,1006.7,140,0.4,-9900,-9900,0.0,0.0
2017,9,10,5,60,0.00,0.00,0.00,0.00,0.00,7,27.2,22.4,75,1007.0,150,1.5,-9900,-9900,0.0,0.0
2017,9,10,6,60,8.64,314.20,0.00,0.00,0.00,7,27.2,22.3,75,1007.5,160,1.1,-9900,-9900,0.0,0.0
2017,9,10,7,60,231.71,1351.23,63.89,0.00,63.89,7,27.6,22.6,74,1007.8,110,0.7,-9900,-9900,0.0,0.0
2017,9,10,8,60,534.67,1351.23,266.67,245.19,169.65,7,29.1,23.9,74,1008.0,120,0.3,20,3,0.0,0.0
2017,9,10,9,60,804.07,1351.23,480.56,445.08,215.71,6,31.1,25.1,71,1008.0,40,0.6,20,-9900,0.0,0.0
2017,9,10,10,60,1021.53,1351.23,691.67,635.52,211.22,7,32.8,25.6,66,1007.6,100,0.4,-9900,-9900,0.0,0.0
2017,9,10,11,60,1172.25,1351.23,722.22,487.54,299.26,9,33.4,24.5,60,1007.3,200,0.5,15,-9900,0.0,0.0
2017,9,10,12,60,1245.94,1351.23,566.67,174.81,405.48,9,32.6,25.2,65,1007.0,290,2.6,-9900,-9900,0.0,0.0
2017,9,10,13,60,1237.58,1351.23,494.44,104.39,398.83,9,33.0,25.2,64,1006.8,290,2.5,-9900,-9900,0.0,0.0
2017,9,10,14,60,1147.75,1351.23,469.44,115.02,371.74,10,33.2,24.9,62,1006.7,300,1.0,15,1,0.0,0.0
2017,9,10,15,60,982.57,1351.23,216.67,7.01,211.57,10,31.5,23.7,63,1006.5,320,0.8,-9900,-9900,0.0,0.0
2017,9,10,16,60,753.29,1351.23,116.67,3.68,114.62,10,31.3,22.9,61,1006.7,320,0.5,-9900,-9900,0.0,0.0
2017,9,10,17,60,475.55,1351.23,25.00,0.65,24.77,8,30.4,23.5,67,1006.8,50,3.4,15,-9900,0.0,0.0
2017,9,10,18,60,168.26,1351.23,0.00,0.00,0.00,8,30.0,23.4,68,1007.1,60,2.1,-9900,-9900,0.0,0.0
2017,9,10,19,60,0.15,41.28,0.00,0.00,0.00,7,29.9,23.3,68,1007.3,90,1.4,-9900,-9900,0.0,0.0
2017,9,10,20,60,0.00,0.00,0.00,0.00,0.00,7,29.9,22.6,65,1007.4,60,1.7,-9900,-9900,0.0,0.0
2017,9,10,21,60,0.00,0.00,0.00,0.00,0.00,6,29.6,22.5,66,1007.7,70,1.1,-9900,-9900,0.0,0.0
2017,9,10,22,60,0.00,0.00,0.00,0.00,0.00,6,28.9,21.9,66,1007.9,160,1.4,-9900,-9900,0.0,0.0
2017,9,10,23,60,0.00,0.00,0.00,0.00,0.00,6,28.6,21.7,66,1007.5,150,1.9,-9900,-9900,0.0,0.0
2017,9,10,24,60,0.00,0.00,0.00,0.00,0.00,5,27.8,21.3,68,1006.9,140,2.1,-9900,-9900,0.0,0.0
2017,9,11,1,60,0.00,0.00,0.00,0.00,0.00,5,27.6,21.1,68,1006.4,160,2.8,-9900,-9900,0.0,0.0
2017,9,11,2,60,0.00,0.00,0.00,0.00,0.00,4,27.4,20.9,68,1005.7,150,1.9,-9900,-9900,0.0,0.0
2017,9,11,3,60,0.00,0.00,0.00,0.00,0.00,4,27.1,21.0,69,1005.6,140,0.6,-9900,-9900,0.0,0.0
2017,9,11,4,60,0.00,0.00,0.00,0.00,0.00,4,26.7,21.0,71,1005.7,140,1.1,-9900,-9900,0.0,0.0
2017,9,11,5,60,0.00,0.00,0.00,0.00,0.00,3,26.5,21.1,72,1005.6,160,1.3,-9900,-9900,0.0,0.0
2017,9,11,6,60,7.75,297.54,0.00,0.00,0.00,3,26.2,21.0,73,1005.9,160,1.4,-9900,-9900,0.0,0.0
2017,9,11,7,60,227.97,1351.96,102.78,0.00,102.78,2,27.0,21.2,71,1006.2,160,2.2,-9900,-9900,0.0,0.0
2017,9,11,8,60,531.25,1351.96,297.22,361.98,154.98,2,28.8,22.7,70,1006.7,160,1.6,20,-9900,0.0,0.0
2017,9,11,9,60,800.91,1351.96,508.33,531.88,193.24,3,30.8,23.5,65,1006.9,160,0.7,25,-9900,0.0,0.0
2017,9,11,10,60,1018.60,1351.96,666.67,579.95,229.72,3,33.0,24.0,59,1006.6,80,1.4,-9900,-9900,0.0,0.0
2017,9,11,11,60,1169.47,1351.96,819.44,694.98,218.27,4,33.6,22.1,51,1006.4,240,0.3,18,-9900,0.0,0.0
2017,9,11,12,60,1243.23,1351.96,838.89,630.06,259.50,7,34.5,22.1,49,1005.9,90,1.2,-9900,-9900,0.0,0.0
2017,9,11,13,60,1234.87,1351.96,561.11,174.30,401.91,8,35.3,25.0,55,1005.1,280,2.2,-9900,-9900,0.0,0.0
2017,9,11,14,60,1144.95,1351.96,505.56,156.15,373.32,8,34.0,23.6,55,1004.8,300,0.9,15,1,0.0,0.0
2017,9,11,15,60,979.60,1351.96,363.89,76.53,308.44,9,33.5,22.3,52,1004.5,310,1.2,-9900,-9900,0.0,0.0
2017,9,11,16,60,750.08,1351.96,219.44,24.80,205.68,9,33.3,21.6,50,1004.4,320,1.2,-9900,-9900,0.0,0.0
2017,9,11,17,60,472.05,1351.96,188.89,105.14,152.18,9,32.2,21.1,52,1004.4,340,1.4,30,1,0.0,0.0
2017,9,11,18,60,164.45,1351.96,36.11,0.00,36.11,8,31.5,20.8,53,1004.7,360,1.7,-9900,-9900,0.0,0.0
2017,9,11,19,60,0.05,24.46,0.00,0.00,0.00,8,31.0,21.2,56,1005.4,350,1.2,-9900,-9900,0.0,0.0
2017,9,11,20,60,0.00,0.00,0.00,0.00,0.00,7,30.6,22.3,61,1006.6,10,1.5,-9900,-9900,0.0,0.0
2017,9,11,21,60,0.00,0.00,0.00,0.00,0.00,7,30.1,22.1,62,1007.1,60,2.2,-9900,-9900,0.0,0.0
2017,9,11,22,60,0.00,0.00,0.00,0.00,0.00,6,29.5,22.2,65,1007.1,120,1.5,-9900,-9900,0.0,0.0
2017,9,11,23,60,0.00,0.00,0.00,0.00,0.00,6,29.4,22.1,65,1006.9,100,1.2,-9900,-9900,0.0,0.0
2017,9,11,24,60,0.00,0.00,0.00,0.00,0.00,5,29.2,21.9,65,1006.7,40,1.6,-9900,-9900,0.0,0.0
2017,9,12,1,60,0.00,0.00,0.00,0.00,0.00,5,29.1,21.5,64,1006.2,120,1.8,-9900,-9900,0.0,0.0
2017,9,12,2,60,0.00,0.00,0.00,0.00,0.00,4,28.8,21.1,63,1006.1,40,0.7,-9900,-9900,0.0,0.0
2017,9,12,3,60,0.00,0.00,0.00,0.00,0.00,4,28.7,20.9,63,1005.8,60,2.2,-9900,-9900,0.0,0.0
2017,9,12,4,60,0.00,0.00,0.00,0.00,0.00,3,27.8,20.5,65,1005.8,110,1.1,-9900,-9900,0.0,0.0
2017,9,12,5,60,0.00,0.00,0.00,0.00,0.00,3,27.0,19.9,65,1005.8,210,1.2,-9900,-9900,0.0,0.0
2017,9,12,6,60,6.90,280.82,0.00,0.00,0.00,2,26.8,20.0,66,1006.2,0,0.0,-9900,-9900,0.0,0.0
2017,9,12,7,60,224.19,1352.69,116.67,0.00,116.67,2,28.2,20.4,63,1006.5,120,1.0,-9900,-9900,0.0,0.0
2017,9,12,8,60,527.77,1352.69,327.78,499.74,132.80,1,31.1,22.8,61,1006.6,50,3.2,40,-9900,0.0,0.0
2017,9,12,9,60,797.71,1352.69,536.11,623.67,168.32,1,32.4,23.8,61,1006.7,50,3.6,40,-9900,0.0,0.0
2017,9,12,10,60,1015.61,1352.69,683.33,625.58,213.64,2,34.0,24.5,58,1006.6,40,4.4,-9900,-9900,0.0,0.0
2017,9,12,11,60,1166.62,1352.69,816.67,693.69,218.40,3,33.6,25.7,63,1006.5,30,3.9,35,-9900,0.0,0.0
2017,9,12,12,60,1240.46,1352.69,841.67,639.75,255.00,4,34.5,25.7,60,1006.2,40,4.0,-9900,-9900,0.0,0.0
2017,9,12,13,60,1232.08,1352.69,844.44,656.91,246.10,4,33.3,25.1,62,1005.8,40,5.2,-9900,-9900,0.0,0.0
2017,9,12,14,60,1142.08,1352.69,791.67,676.49,220.51,5,32.4,25.3,66,1005.5,40,4.7,30,-9900,0.0,0.0
2017,9,12,15,60,976.57,1352.69,527.78,323.35,294.34,8,31.4,24.2,66,1005.5,50,5.3,-9900,-9900,0.0,0.0
2017,9,12,16,60,746.83,1352.69,419.44,366.71,216.98,3,31.3,23.5,63,1005.5,20,5.2,-9900,-9900,0.0,0.0
2017,9,12,17,60,468.52,1352.69,191.67,115.26,151.75,4,30.2,22.1,62,1005.7,50,6.6,25,-9900,0.0,0.0
2017,9,12,18,60,160.61,1352.69,41.67,0.00,41.67,4,29.8,22.4,65,1006.2,50,5.9,-9900,-9900,0.0,0.0
2017,9,12,19,60,0.01,7.60,0.00,0.00,0.00,5,29.5,22.8,67,1006.9,60,4.8,-9900,-9900,0.0,0.0
2017,9,12,20,60,0.00,0.00,0.00,0.00,0.00,5,29.3,22.8,68,1007.0,50,3.2,-9900,-9900,0.0,0.0
2017,9,12,21,60,0.00,0.00,0.00,0.00,0.00,6,29.3,22.7,68,1007.7,70,3.3,-9900,-9900,0.0,0.0
2017,9,12,22,60,0.00,0.00,0.00,0.00,0.00,6,29.1,22.1,66,1007.8,120,2.5,-9900,-9900,0.0,0.0
2017,9,12,23,60,0.00,0.00,0.00,0.00,0.00,6,29.4,22.2,65,1007.5,100,1.8,-9900,-9900,0.0,0.0
2017,9,12,24,60,0.00,0.00,0.00,0.00,0.00,7,26.8,22.7,78,1007.2,90,0.6,-9900,-9900,5.0,0.8
2017,9,13,1,60,0.00,0.00,0.00,0.00,0.00,7,26.7,23.2,81,1006.5,300,0.3,-9900,-9900,4.9,0.7
2017,9,13,2,60,0.00,0.00,0.00,0.00,0.00,8,27.1,23.4,80,1005.8,70,0.7,-9900,-9900,0.4,1.0
2017,9,13,3,60,0.00,0.00,0.00,0.00,0.00,8,27.3,23.6,80,1005.3,90,1.0,-9900,-9900,2.2,1.0
2017,9,13,4,60,0.00,0.00,0.00,0.00,0.00,8,25.9,22.2,80,1005.4,60,2.6,-9900,-9900,7.9,1.0
2017,9,13,5,60,0.00,0.00,0.00,0.00,0.00,9,26.5,23.1,82,1005.9,30,1.0,-9900,-9900,0.3,1.0
2017,9,13,6,60,6.10,264.06,0.00,0.00,0.00,9,26.8,22.7,78,1006.8,40,1.4,-9900,-9900,0.6,1.0
2017,9,13,7,60,220.40,1353.43,0.00,0.00,0.00,10,27.1,23.0,78,1007.4,40,1.4,-9900,-9900,0.0,1.0
2017,9,13,8,60,524.26,1353.43,30.56,0.77,30.26,10,27.6,23.0,76,1007.9,350,1.2,12,1,0.2,1.0
2017,9,13,9,60,794.45,1353.43,75.00,1.62,74.05,10,27.4,23.1,77,1008.2,10,1.0,15,1,1.2,1.0
2017,9,13,10,60,1012.56,1353.43,166.67,4.09,163.61,10,27.9,23.1,75,1007.7,250,1.5,-9900,-9900,0.1,0.6
2017,9,13,11,60,1163.71,1353.43,211.11,4.84,206.95,10,27.6,22.5,74,1007.8,300,0.6,10,1,0.0,0.2
2017,9,13,12,60,1237.62,1353.43,66.67,0.68,66.05,10,26.3,22.0,77,1007.8,310,1.3,-9900,-9900,1.4,1.0
2017,9,13,13,60,1229.24,1353.43,161.11,2.77,158.59,10,26.7,22.3,77,1007.1,300,1.0,-9900,-9900,0.2,1.0
2017,9,13,14,60,1139.15,1353.43,127.78,2.14,125.98,10,26.6,22.3,77,1006.3,290,0.9,3,1,3.5,1.0
2017,9,13,15,60,973.47,1353.43,141.67,3.31,139.29,10,26.8,22.1,75,1005.8,300,1.4,-9900,-9900,0.2,1.0
2017,9,13,16,60,743.52,1353.43,22.22,0.29,22.06,10,27.0,22.1,75,1005.9,320,1.3,-9900,-9900,0.0,1.0
2017,9,13,17,60,464.96,1353.43,0.00,0.00,0.00,10,27.1,21.6,72,1005.7,310,0.9,10,1,0.0,1.0
2017,9,13,18,60,156.78,1344.12,0.00,0.00,0.00,10,26.8,21.4,72,1006.4,330,1.4,-9900,-9900,0.0,0.8
2017,9,13,19,60,0.00,0.00,0.00,0.00,0.00,10,26.8,21.5,73,1006.5,310,1.2,-9900,-9900,0.0,0.0
2017,9,13,20,60,0.00,0.00,0.00,0.00,0.00,10,26.9,21.3,71,1006.7,310,1.1,-9900,-9900,0.0,0.0
2017,9,13,21,60,0.00,0.00,0.00,0.00,0.00,10,27.0,21.3,71,1007.1,310,1.9,-9900,-9900,0.0,0.0
2017,9,13,22,60,0.00,0.00,0.00,0.00,0.00,10,27.3,21.3,70,1006.8,300,1.6,-9900,-9900,0.0,0.0
2017,9,13,23,60,0.00,0.00,0.00,0.00,0.00,10,27.1,21.1,70,1006.2,300,1.7,-9900,-9900,0.0,0.0
2017,9,13,24,60,0.00,0.00,0.00,0.00,0.00,10,27.2,20.8,68,1005.5,290,2.7,-9900,-9900,0.0,0.0
2017,9,14,1,60,0.00,0.00,0.00,0.00,0.00,10,27.0,20.5,68,1005.2,290,2.9,-9900,-9900,0.0,0.0
2017,9,14,2,60,0.00,0.00,0.00,0.00,0.00,10,27.0,20.3,67,1004.8,290,2.3,-9900,-9900,0.0,0.0
2017,9,14,3,60,0.00,0.00,0.00,0.00,0.00,10,25.7,19.8,70,1004.7,260,1.9,-9900,-9900,0.3,0.4
2017,9,14,4,60,0.00,0.00,0.00,0.00,0.00,10,25.0,20.4,76,1004.2,250,1.9,-9900,-9900,0.0,1.0
2017,9,14,5,60,0.00,0.00,0.00,0.00,0.00,10,25.0,20.2,75,1004.3,230,2.8,-9900,-9900,0.0,1.0
2017,9,14,6,60,5.35,247.26,0.00,0.00,0.00,10,24.6,19.9,75,1004.4,220,2.5,-9900,-9900,0.4,1.0
2017,9,14,7,60,216.59,1354.17,0.00,0.00,0.00,10,24.3,19.9,76,1004.8,220,4.0,-9900,-9900,1.4,1.0
2017,9,14,8,60,520.72,1354.17,0.00,0.00,0.00,10,24.7,20.3,77,1005.1,230,1.9,8,1,3.8,1.0
2017,9,14,9,60,791.15,1354.17,150.18,5.24,147.12,10,24.3,20.3,78,1005.2,230,1.9,4,1,4.0,1.0
2017,9,14,10,60,1009.45,1354.17,5.56,0.04,5.53,10,24.8,20.5,77,1005.5,240,1.9,-9900,-9900,0.9,1.0
2017,9,14,11,60,1160.73,1354.17,94.44,1.27,93.35,10,25.5,21.0,76,1005.5,230,2.3,8,1,0.3,1.0
2017,9,14,12,60,1234.71,1354.17,172.22,3.08,169.41,10,26.5,21.6,75,1004.9,260,2.5,-9900,-9900,0.1,1.0
2017,9,14,13,60,1226.32,1354.17,147.22,2.40,145.05,10,26.6,21.6,74,1004.3,270,2.0,-9900,-9900,0.0,0.0
2017,9,14,14,60,1136.15,1354.17,191.67,4.27,188.09,10,27.8,21.3,68,1003.6,260,2.2,15,1,0.0,0.0
2017,9,14,15,60,970.33,1354.17,213.89,7.02,208.86,10,28.6,21.3,65,1002.8,260,2.3,-9900,-9900,0.0,0.0
2017,9,14,16,60,740.18,1354.17,166.67,7.50,162.57,10,28.7,20.9,63,1003.0,270,1.9,-9900,-9900,0.0,0.0
2017,9,14,17,60,461.36,1354.17,25.00,0.68,24.77,10,28.6,20.4,61,1003.3,260,2.3,20,1,0.0,0.0
2017,9,14,18,60,152.97,1327.91,0.00,0.00,0.00,10,28.6,19.8,59,1003.1,260,2.4,-9900,-9900,0.0,0.0
2017,9,14,19,60,0.00,0.00,0.00,0.00,0.00,10,28.7,19.7,58,1003.3,240,2.4,-9900,-9900,0.0,0.0
2017,9,14,20,60,0.00,0.00,0.00,0.00,0.00,9,28.8,19.8,58,1004.0,250,2.4,-9900,-9900,0.0,0.0
2017,9,14,21,60,0.00,0.00,0.00,0.00,0.00,9,28.8,19.6,58,1004.4,250,1.9,-9900,-9900,0.0,0.0
2017,9,14,22,60,0.00,0.00,0.00,0.00,0.00,9,28.2,19.7,60,1004.4,260,1.6,-9900,-9900,0.0,0.0
2017,9,14,23,60,0.00,0.00,0.00,0.00,0.00,9,28.5,19.7,59,1004.3,250,1.7,-9900,-9900,0.0,0.0
2017,9,14,24,60,0.00,0.00,0.00,0.00,0.00,9,28.2,19.5,59,1004.1,240,2.0,-9900,-9900,0.0,0.0
2017,9,15,1,60,0.00,0.00,0.00,0.00,0.00,8,27.7,19.4,61,1003.6,240,1.6,-9900,-9900,0.0,0.0
2017,9,15,2,60,0.00,0.00,0.00,0.00,0.00,8,27.4,19.2,61,1003.4,240,1.7,-9900,-9900,0.0,0.0
2017,9,15,3,60,0.00,0.00,0.00,0.00,0.00,8,27.5,19.2,61,1003.2,250,1.7,-9900,-9900,0.0,0.0
2017,9,15,4,60,0.00,0.00,0.00,0.00,0.00,8,26.5,19.4,65,1003.5,280,1.1,-9900,-9900,0.0,0.0
2017,9,15,5,60,0.00,0.00,0.00,0.00,0.00,8,27.9,19.3,60,1003.9,260,1.5,-9900,-9900,0.0,0.0
2017,9,15,6,60,4.64,230.43,0.00,0.00,0.00,7,27.5,19.6,62,1004.2,220,1.2,-9900,-9900,0.0,0.0
2017,9,15,7,60,212.75,1354.92,0.00,0.00,0.00,7,28.3,19.9,60,1005.0,250,1.6,-9900,-9900,0.0,0.0
2017,9,15,8,60,517.14,1354.92,161.11,33.90,148.17,7,29.5,20.9,60,1005.1,260,1.7,20,-9900,0.0,0.0
2017,9,15,9,60,787.80,1354.92,227.78,23.44,214.15,10,29.8,20.9,59,1005.3,260,2.4,18,1,0.0,0.0
2017,9,15,10,60,1006.28,1354.92,244.44,10.09,236.95,8,30.6,21.4,58,1005.1,260,3.7,-9900,-9900,0.0,0.0
2017,9,15,11,60,1157.70,1354.92,388.89,48.62,347.35,9,31.7,21.5,55,1004.7,270,3.6,15,1,0.0,0.0
2017,9,15,12,60,1231.73,1354.92,361.11,25.12,338.27,9,32.1,21.7,54,1004.5,290,2.7,-9900,-9900,0.0,0.0
2017,9,15,13,60,1223.34,1354.92,425.00,56.82,373.70,9,32.1,20.9,52,1004.0,280,3.0,-9900,-9900,0.0,0.0
2017,9,15,14,60,1133.09,1354.92,255.56,7.56,249.24,9,32.1,21.0,52,1003.0,270,1.5,18,1,0.0,0.0
2017,9,15,15,60,967.14,1354.92,244.44,12.08,235.82,7,32.4,21.2,52,1002.8,270,1.3,-9900,-9900,0.0,0.0
2017,9,15,16,60,736.78,1354.92,216.67,25.51,202.80,6,32.0,20.8,52,1002.6,270,1.6,-9900,-9900,0.0,0.0
2017,9,15,17,60,457.73,1354.92,147.22,39.58,133.85,8,31.9,20.6,51,1003.1,280,1.3,20,-9900,0.0,0.0
2017,9,15,18,60,149.20,1311.67,0.00,0.00,0.00,8,31.3,19.8,51,1003.2,270,1.5,-9900,-9900,0.0,0.0
2017,9,15,19,60,0.00,0.00,0.00,0.00,0.00,8,30.7,19.7,52,1003.3,220,1.9,-9900,-9900,0.0,0.0
2017,9,15,20,60,0.00,0.00,0.00,0.00,0.00,8,30.3,20.5,56,1003.7,250,1.1,-9900,-9900,0.0,0.0
2017,9,15,21,60,0.00,0.00,0.00,0.00,0.00,8,30.1,20.6,57,1004.2,260,0.7,-9900,-9900,0.0,0.0
2017,9,15,22,60,0.00,0.00,0.00,0.00,0.00,8,29.5,20.6,59,1004.9,0,0.0,-9900,-9900,0.0,0.0
2017,9,15,23,60,0.00,0.00,0.00,0.00,0.00,8,29.0,21.4,64,1005.3,310,1.1,-9900,-9900,0.0,0.0
2017,9,15,24,60,0.00,0.00,0.00,0.00,0.00,8,28.7,22.2,68,1005.4,260,1.4,-9900,-9900,0.0,0.0
2017,9,16,1,60,0.00,0.00,0.00,0.00,0.00,9,28.7,21.9,67,1005.4,230,1.9,-9900,-9900,0.0,0.0
2017,9,16,2,60,0.00,0.00,0.00,0.00,0.00,9,28.4,21.8,67,1005.1,240,1.3,-9900,-9900,0.0,0.0
2017,9,16,3,60,0.00,0.00,0.00,0.00,0.00,9,28.0,21.4,67,1004.6,220,1.1,-9900,-9900,0.0,0.0
2017,9,16,4,60,0.00,0.00,0.00,0.00,0.00,9,27.4,20.9,68,1004.1,0,0.0,-9900,-9900,0.0,0.0
2017,9,16,5,60,0.00,0.00,0.00,0.00,0.00,9,27.7,20.5,65,1004.3,230,0.8,-9900,-9900,0.0,0.0
2017,9,16,6,60,3.99,213.55,0.00,0.00,0.00,9,27.6,19.9,63,1004.8,320,0.3,-9900,-9900,0.0,0.0
2017,9,16,7,60,208.88,1355.67,83.33,0.00,83.33,9,28.6,20.1,60,1005.3,250,0.8,-9900,-9900,0.0,0.0
2017,9,16,8,60,513.51,1355.67,88.89,4.46,87.20,9,29.4,20.4,58,1005.9,260,1.4,15,1,0.0,0.0
2017,9,16,9,60,784.39,1355.67,283.33,67.80,244.10,9,30.3,22.2,62,1005.9,270,1.0,15,1,0.0,0.0
2017,9,16,10,60,1003.05,1355.67,244.44,10.23,236.87,7,30.9,21.7,58,1005.8,280,1.0,-9900,-9900,0.0,0.0
2017,9,16,11,60,1154.60,1355.67,736.11,540.23,276.01,4,32.6,22.2,54,1005.4,280,1.4,22,-9900,0.0,0.0
2017,9,16,12,60,1228.69,1355.67,772.22,518.47,302.31,3,33.5,22.5,53,1004.6,310,1.7,-9900,-9900,0.0,0.0
2017,9,16,13,60,1220.29,1355.67,816.67,618.03,260.36,2,33.8,22.5,52,1003.9,300,2.3,-9900,-9900,0.0,0.0
2017,9,16,14,60,1129.97,1355.67,766.67,641.09,232.31,2,33.3,18.8,42,1003.1,300,1.5,30,-9900,0.0,0.0
2017,9,16,15,60,963.88,1355.67,591.67,483.85,247.65,1,33.3,19.0,43,1002.8,290,1.6,-9900,-9900,0.0,0.0
2017,9,16,16,60,733.34,1355.67,422.22,397.75,207.06,1,33.0,18.8,43,1002.7,290,0.9,-9900,-9900,0.0,0.0
2017,9,16,17,60,454.07,1355.67,211.11,190.54,147.29,1,30.2,19.7,53,1003.3,50,2.3,22,-9900,0.0,0.0
2017,9,16,18,60,145.46,1295.40,38.89,0.00,38.89,1,29.0,19.6,57,1003.9,80,3.0,-9900,-9900,0.0,0.0
2017,9,16,19,60,0.00,0.00,0.00,0.00,0.00,1,28.6,18.9,56,1004.4,80,1.9,-9900,-9900,0.0,0.0
2017,9,16,20,60,0.00,0.00,0.00,0.00,0.00,2,28.3,18.9,57,1005.1,80,2.2,-9900,-9900,0.0,0.0
2017,9,16,21,60,0.00,0.00,0.00,0.00,0.00,2,27.9,18.6,57,1005.6,130,2.5,-9900,-9900,0.0,0.0
2017,9,16,22,60,0.00,0.00,0.00,0.00,0.00,2,27.6,18.2,57,1005.9,130,1.6,-9900,-9900,0.0,0.0
2017,9,16,23,60,0.00,0.00,0.00,0.00,0.00,2,27.0,18.1,58,1005.5,130,1.3,-9900,-9900,0.0,0.0
2017,9,16,24,60,0.00,0.00,0.00,0.00,0.00,2,26.2,18.3,62,1005.4,190,0.5,-9900,-9900,0.0,0.0
2017,9,17,1,60,0.00,0.00,0.00,0.00,0.00,3,25.9,17.8,61,1005.3,180,1.6,-9900,-9900,0.0,0.0
2017,9,17,2,60,0.00,0.00,0.00,0.00,0.00,3,25.7,18.1,63,1005.2,130,1.5,-9900,-9900,0.0,0.0
2017,9,17,3,60,0.00,0.00,0.00,0.00,0.00,3,25.4,17.9,63,1005.0,140,1.7,-9900,-9900,0.0,0.0
2017,9,17,4,60,0.00,0.00,0.00,0.00,0.00,3,25.2,17.7,63,1004.8,140,2.5,-9900,-9900,0.0,0.0
2017,9,17,5,60,0.00,0.00,0.00,0.00,0.00,3,25.3,18.2,65,1005.2,150,1.3,-9900,-9900,0.0,0.0
2017,9,17,6,60,3.38,196.64,0.00,0.00,0.00,4,24.9,18.5,68,1005.7,130,2.1,-9900,-9900,0.0,0.0
2017,9,17,7,60,205.00,1356.42,94.44,0.00,94.44,4,25.6,19.0,67,1006.3,150,0.8,-9900,-9900,0.0,0.0
2017,9,17,8,60,509.86,1356.42,288.89,378.28,146.70,4,27.5,19.9,63,1006.9,50,3.0,10,-9900,0.0,0.0
2017,9,17,9,60,780.95,1356.42,452.78,406.80,218.57,8,29.3,20.3,58,1007.2,30,1.4,15,3,0.0,0.0
2017,9,17,10,60,999.77,1356.42,652.78,578.02,226.74,7,29.8,19.8,55,1007.3,80,1.9,-9900,-9900,0.0,0.0
2017,9,17,11,60,1151.42,1356.42,788.89,658.13,230.22,8,31.1,20.7,54,1006.9,70,1.6,20,3,0.0,0.0
2017,9,17,12,60,1225.57,1356.42,833.33,645.12,250.44,7,31.5,20.9,53,1006.0,90,2.0,-9900,-9900,0.0,0.0
2017,9,17,13,60,1217.17,1356.42,819.44,628.31,255.63,7,31.0,20.6,54,1005.0,50,3.9,-9900,-9900,0.0,0.0
2017,9,17,14,60,1126.78,1356.42,716.67,536.87,270.69,2,32.0,21.2,53,1004.4,40,2.4,15,-9900,0.0,0.0
2017,9,17,15,60,960.57,1356.42,550.00,391.10,273.04,3,30.5,20.2,54,1004.5,40,3.4,-9900,-9900,0.0,0.0
2017,9,17,16,60,729.86,1356.42,394.44,324.23,219.98,2,29.4,19.6,56,1005.0,50,4.6,-9900,-9900,0.0,0.0
2017,9,17,17,60,450.37,1356.42,186.11,120.41,146.13,3,27.6,18.4,57,1005.6,50,6.0,20,-9900,0.0,0.0
2017,9,17,18,60,141.75,1279.09,25.00,0.00,25.00,3,27.3,18.2,58,1006.2,40,4.1,-9900,-9900,0.0,0.0
2017,9,17,19,60,0.00,0.00,0.00,0.00,0.00,3,26.9,18.1,59,1006.7,40,4.3,-9900,-9900,0.0,0.0
2017,9,17,20,60,0.00,0.00,0.00,0.00,0.00,3,26.3,18.1,61,1007.5,50,3.9,-9900,-9900,0.0,0.0
2017,9,17,21,60,0.00,0.00,0.00,0.00,0.00,3,26.2,17.8,60,1007.9,50,4.7,-9900,-9900,0.0,0.0
2017,9,17,22,60,0.00,0.00,0.00,0.00,0.00,3,25.9,17.6,60,1008.2,50,3.9,-9900,-9900,0.0,0.0
2017,9,17,23,60,0.00,0.00,0.00,0.00,0.00,3,25.5,17.6,62,1008.0,60,1.9,-9900,-9900,0.0,0.0
2017,9,17,24,60,0.00,0.00,0.00,0.00,0.00,3,25.3,17.4,62,1007.4,80,2.0,-9900,-9900,0.0,0.0
2017,9,18,1,60,0.00,0.00,0.00,0.00,0.00,2,24.9,17.2,62,1007.2,80,0.8,-9900,-9900,0.0,0.0
2017,9,18,2,60,0.00,0.00,0.00,0.00,0.00,2,24.5,17.0,63,1007.1,120,1.4,-9900,-9900,0.0,0.0
2017,9,18,3,60,0.00,0.00,0.00,0.00,0.00,2,24.2,16.7,63,1006.9,120,1.2,-9900,-9900,0.0,0.0
2017,9,18,4,60,0.00,0.00,0.00,0.00,0.00,2,24.2,16.7,63,1007.3,80,1.1,-9900,-9900,0.0,0.0
2017,9,18,5,60,0.00,0.00,0.00,0.00,0.00,2,23.5,16.1,63,1007.5,140,0.5,-9900,-9900,0.0,0.0
2017,9,18,6,60,2.82,179.71,0.00,0.00,0.00,2,23.5,15.2,60,1008.2,120,1.3,-9900,-9900,0.0,0.0
2017,9,18,7,60,201.11,1357.18,100.00,0.00,100.00,2,24.8,16.4,60,1008.6,60,1.3,-9900,-9900,0.0,0.0
2017,9,18,8,60,506.19,1357.18,291.67,399.20,142.78,2,26.8,18.2,59,1009.1,70,4.0,25,-9900,0.0,0.0
2017,9,18,9,60,777.46,1357.18,500.00,554.35,182.44,3,28.0,18.9,58,1009.2,50,4.8,25,-9900,0.0,0.0
2017,9,18,10,60,996.43,1357.18,663.89,611.31,215.07,2,29.3,18.8,53,1009.0,70,4.0,-9900,-9900,0.0,0.0
2017,9,18,11,60,1148.19,1357.18,833.33,760.91,189.59,1,29.9,19.4,53,1008.4,60,3.4,28,-9900,0.0,0.0
2017,9,18,12,60,1222.40,1357.18,833.33,649.90,247.97,1,31.0,19.5,50,1007.4,40,3.9,-9900,-9900,0.0,0.0
2017,9,18,13,60,1213.99,1357.18,833.33,661.76,241.39,1,30.9,19.6,51,1006.4,50,4.6,-9900,-9900,0.0,0.0
2017,9,18,14,60,1123.53,1357.18,747.22,608.33,243.62,1,31.3,20.1,51,1005.8,30,3.7,28,-9900,0.0,0.0
2017,9,18,15,60,957.20,1357.18,594.44,501.29,240.89,1,30.8,20.2,53,1005.5,30,4.2,-9900,-9900,0.0,0.0
2017,9,18,16,60,726.33,1357.18,425.00,418.85,200.84,4,29.8,19.6,54,1005.8,40,4.7,-9900,-9900,0.0,0.0
2017,9,18,17,60,446.65,1357.18,177.78,103.22,143.81,2,28.7,17.7,51,1006.0,60,4.5,18,-9900,0.0,0.0
2017,9,18,18,60,138.08,1262.76,16.67,0.00,16.67,2,27.5,17.8,55,1006.3,50,4.1,-9900,-9900,0.0,0.0
2017,9,18,19,60,0.00,0.00,0.00,0.00,0.00,2,26.9,17.8,57,1006.7,50,5.0,-9900,-9900,0.0,0.0
2017,9,18,20,60,0.00,0.00,0.00,0.00,0.00,2,26.8,18.0,59,1007.2,40,3.7,-9900,-9900,0.0,0.0
2017,9,18,21,60,0.00,0.00,0.00,0.00,0.00,1,26.6,17.9,59,1007.5,40,3.4,-9900,-9900,0.0,0.0
2017,9,18,22,60,0.00,0.00,0.00,0.00,0.00,1,26.6,17.9,59,1007.3,60,3.0,-9900,-9900,0.0,0.0
2017,9,18,23,60,0.00,0.00,0.00,0.00,0.00,1,26.6,18.0,59,1007.0,70,3.2,-9900,-9900,0.0,0.0
2017,9,18,24,60,0.00,0.00,0.00,0.00,0.00,1,26.3,18.1,61,1006.9,70,2.6,-9900,-9900,0.0,0.0
2017,9,19,1,60,0.00,0.00,0.00,0.00,0.00,1,26.3,17.9,60,1006.7,60,0.9,-9900,-9900,0.0,0.0
2017,9,19,2,60,0.00,0.00,0.00,0.00,0.00,1,26.1,17.8,60,1006.4,80,0.5,-9900,-9900,0.0,0.0
2017,9,19,3,60,0.00,0.00,0.00,0.00,0.00,1,26.2,17.7,60,1006.2,150,0.8,-9900,-9900,0.0,0.0
2017,9,19,4,60,0.00,0.00,0.00,0.00,0.00,1,26.0,17.5,59,1006.3,160,1.9,-9900,-9900,0.0,0.0
2017,9,19,5,60,0.00,0.00,0.00,0.00,0.00,0,25.7,17.5,61,1006.8,150,1.9,-9900,-9900,0.0,0.0
2017,9,19,6,60,2.31,162.74,0.00,0.00,0.00,0,25.5,17.6,62,1007.3,160,1.8,-9900,-9900,0.0,0.0
2017,9,19,7,60,197.19,1357.94,83.33,0.00,83.33,0,25.8,17.9,62,1008.0,150,2.4,-9900,-9900,0.0,0.0
2017,9,19,8,60,502.47,1357.94,272.22,327.25,151.13,0,27.9,19.5,60,1008.3,160,1.2,12,-9900,0.0,0.0
2017,9,19,9,60,773.92,1357.94,452.78,418.90,214.04,0,29.5,20.7,59,1008.4,100,0.9,12,-9900,0.0,0.0
2017,9,19,10,60,993.05,1357.94,636.11,548.44,235.04,0,31.4,21.4,55,1007.9,20,0.7,-9900,-9900,0.0,0.0
2017,9,19,11,60,1144.91,1357.94,713.89,507.53,285.98,1,33.2,22.0,52,1007.3,80,1.9,12,-9900,0.0,0.0
2017,9,19,12,60,1219.16,1357.94,830.56,649.11,247.79,2,34.4,22.9,51,1006.4,40,1.1,-9900,-9900,0.0,0.0
2017,9,19,13,60,1210.74,1357.94,747.22,492.45,308.15,5,34.8,23.7,53,1005.4,50,1.9,-9900,-9900,0.0,0.0
2017,9,19,14,60,1120.23,1357.94,488.89,149.85,365.27,6,33.2,22.3,53,1004.6,340,1.8,12,1,0.0,0.0
2017,9,19,15,60,953.79,1357.94,555.56,413.20,265.34,5,34.6,23.7,53,1004.4,300,0.6,-9900,-9900,0.0,0.0
2017,9,19,16,60,722.76,1357.94,352.78,228.11,231.37,7,33.5,23.4,56,1004.8,240,0.9,-9900,-9900,0.0,0.0
2017,9,19,17,60,442.89,1357.94,155.56,59.85,136.04,7,32.3,21.5,53,1005.5,100,2.5,25,-9900,0.0,0.0
2017,9,19,18,60,134.45,1246.40,0.00,0.00,0.00,7,31.2,21.0,55,1006.0,120,1.7,-9900,-9900,0.0,0.0
2017,9,19,19,60,0.00,0.00,0.00,0.00,0.00,6,30.6,20.9,56,1006.6,90,2.1,-9900,-9900,0.0,0.0
2017,9,19,20,60,0.00,0.00,0.00,0.00,0.00,6,30.4,21.1,58,1007.3,140,2.2,-9900,-9900,0.0,0.0
2017,9,19,21,60,0.00,0.00,0.00,0.00,0.00,5,30.0,21.1,59,1007.6,120,1.4,-9900,-9900,0.0,0.0
2017,9,19,22,60,0.00,0.00,0.00,0.00,0.00,5,29.6,21.0,60,1007.6,150,1.9,-9900,-9900,0.0,0.0
2017,9,19,23,60,0.00,0.00,0.00,0.00,0.00,4,28.9,21.0,62,1007.5,100,1.7,-9900,-9900,0.0,0.0
2017,9,19,24,60,0.00,0.00,0.00,0.00,0.00,4,28.6,20.9,63,1007.0,130,0.8,-9900,-9900,0.0,0.0
2017,9,20,1,60,0.00,0.00,0.00,0.00,0.00,3,28.7,20.9,63,1006.3,130,1.5,-9900,-9900,0.0,0.0
2017,9,20,2,60,0.00,0.00,0.00,0.00,0.00,3,28.4,20.9,64,1005.7,0,0.0,-9900,-9900,0.0,0.0
2017,9,20,3,60,0.00,0.00,0.00,0.00,0.00,2,28.3,20.3,62,1005.3,150,1.4,-9900,-9900,0.0,0.0
2017,9,20,4,60,0.00,0.00,0.00,0.00,0.00,2,27.8,20.3,64,1005.8,160,1.6,-9900,-9900,0.0,0.0
2017,9,20,5,60,0.00,0.00,0.00,0.00,0.00,1,27.7,20.0,63,1006.1,110,0.8,-9900,-9900,0.0,0.0
2017,9,20,6,60,1.85,145.76,0.00,0.00,0.00,1,27.7,19.8,62,1005.9,200,0.5,-9900,-9900,0.0,0.0
2017,9,20,7,60,193.26,1358.70,102.78,0.00,102.78,0,28.0,20.7,65,1006.4,190,1.0,-9900,-9900,0.0,0.0
2017,9,20,8,60,498.73,1358.70,266.67,313.40,151.63,0,29.3,21.6,63,1006.6,220,0.7,8,-9900,0.0,0.0
2017,9,20,9,60,770.35,1358.70,463.89,457.89,204.28,1,30.9,22.3,60,1007.1,210,0.6,9,-9900,0.0,0.0
2017,9,20,10,60,989.60,1358.70,622.22,520.28,243.28,0,32.7,22.5,55,1006.7,210,0.6,-9900,-9900,0.0,0.0
2017,9,20,11,60,1141.55,1358.70,741.67,571.06,261.88,1,34.9,19.3,40,1006.3,240,0.4,12,-9900,0.0,0.0
2017,9,20,12,60,1215.85,1358.70,825.00,642.66,249.91,2,35.7,22.6,47,1005.6,320,0.6,-9900,-9900,0.0,0.0
2017,9,20,13,60,1207.44,1358.70,683.33,377.47,347.88,6,34.8,23.6,52,1004.8,310,1.5,-9900,-9900,0.0,0.0
2017,9,20,14,60,1116.86,1358.70,666.67,445.83,300.19,3,34.4,24.2,56,1004.6,290,1.3,12,-9900,0.0,0.0
2017,9,20,15,60,950.32,1358.70,513.89,325.41,286.29,3,33.9,22.8,52,1004.1,300,1.0,-9900,-9900,0.0,0.0
2017,9,20,16,60,719.15,1358.70,344.44,213.12,231.64,2,33.4,22.4,53,1004.2,270,0.4,-9900,-9900,0.0,0.0
2017,9,20,17,60,439.11,1358.70,175.00,103.90,141.42,2,32.3,22.5,56,1004.1,40,0.5,10,-9900,0.0,0.0
2017,9,20,18,60,130.86,1230.02,2.78,0.00,2.78,2,31.3,22.1,58,1004.4,20,1.7,-9900,-9900,0.0,0.0
2017,9,20,19,60,0.00,0.00,0.00,0.00,0.00,3,30.7,22.0,60,1005.3,50,1.6,-9900,-9900,0.0,0.0
2017,9,20,20,60,0.00,0.00,0.00,0.00,0.00,3,30.7,22.0,60,1006.2,110,1.8,-9900,-9900,0.0,0.0
2017,9,20,21,60,0.00,0.00,0.00,0.00,0.00,4,30.6,21.7,59,1006.5,100,1.1,-9900,-9900,0.0,0.0
2017,9,20,22,60,0.00,0.00,0.00,0.00,0.00,4,30.6,21.7,59,1005.9,120,1.3,-9900,-9900,0.0,0.0
2017,9,20,23,60,0.00,0.00,0.00,0.00,0.00,4,30.4,21.7,60,1006.0,140,0.8,-9900,-9900,0.0,0.0
2017,9,20,24,60,0.00,0.00,0.00,0.00,0.00,5,30.3,21.8,60,1005.4,160,1.4,-9900,-9900,0.0,0.0
2017,9,21,1,60,0.00,0.00,0.00,0.00,0.00,5,29.5,21.2,61,1005.2,160,1.8,-9900,-9900,0.0,0.0
2017,9,21,2,60,0.00,0.00,0.00,0.00,0.00,6,29.3,20.8,60,1004.9,200,1.3,-9900,-9900,0.0,0.0
2017,9,21,3,60,0.00,0.00,0.00,0.00,0.00,6,28.8,20.9,62,1004.5,200,1.1,-9900,-9900,0.0,0.0
2017,9,21,4,60,0.00,0.00,0.00,0.00,0.00,6,28.4,20.2,61,1004.3,150,1.9,-9900,-9900,0.0,0.0
2017,9,21,5,60,0.00,0.00,0.00,0.00,0.00,7,28.1,19.9,61,1004.8,160,1.1,-9900,-9900,0.0,0.0
2017,9,21,6,60,1.45,128.75,0.00,0.00,0.00,7,28.1,19.9,61,1005.3,150,1.5,-9900,-9900,0.0,0.0
2017,9,21,7,60,189.32,1359.46,11.11,0.00,11.11,8,28.2,20.4,63,1005.9,200,1.2,-9900,-9900,0.0,0.0
2017,9,21,8,60,494.96,1359.46,261.11,299.63,152.02,8,29.6,21.4,61,1005.9,170,1.5,10,-9900,0.0,0.0
2017,9,21,9,60,766.73,1359.46,447.22,415.45,212.91,7,31.5,22.6,59,1005.5,230,0.7,10,-9900,0.0,0.0
2017,9,21,10,60,986.10,1359.46,611.11,499.06,249.11,8,32.7,22.9,56,1005.5,210,0.7,-9900,-9900,0.0,0.0
2017,9,21,11,60,1138.14,1359.46,619.44,332.63,340.96,10,33.6,24.3,58,1005.3,290,0.5,10,1,0.0,0.0
2017,9,21,12,60,1212.48,1359.46,380.56,35.27,349.10,10,33.5,23.9,57,1004.7,320,1.6,-9900,-9900,0.0,0.0
2017,9,21,13,60,1204.05,1359.46,575.00,210.96,388.16,10,34.6,22.5,50,1004.2,340,1.4,-9900,-9900,0.0,0.0
2017,9,21,14,60,1113.43,1359.46,600.00,321.85,336.40,8,34.7,22.4,49,1003.6,330,1.5,12,-9900,0.0,0.0
2017,9,21,15,60,946.80,1359.46,572.22,463.19,249.63,8,35.1,20.3,42,1003.4,340,1.4,-9900,-9900,0.0,0.0
2017,9,21,16,60,715.50,1359.46,338.89,204.69,231.16,8,33.5,21.0,48,1003.4,310,1.0,-9900,-9900,0.0,0.0
2017,9,21,17,60,435.31,1359.46,166.67,87.73,138.58,8,31.6,22.2,58,1003.8,50,4.2,12,-9900,0.0,0.0
2017,9,21,18,60,127.30,1213.62,61.11,0.00,61.11,8,31.1,22.2,59,1004.1,20,1.6,-9900,-9900,0.0,0.0
2017,9,21,19,60,0.00,0.00,0.00,0.00,0.00,7,30.6,22.5,62,1004.5,10,2.6,-9900,-9900,0.0,0.0
2017,9,21,20,60,0.00,0.00,0.00,0.00,0.00,7,30.0,22.2,63,1005.6,80,1.6,-9900,-9900,0.0,0.0
2017,9,21,21,60,0.00,0.00,0.00,0.00,0.00,6,29.8,22.1,63,1006.0,50,1.6,-9900,-9900,0.0,0.0
2017,9,21,22,60,0.00,0.00,0.00,0.00,0.00,6,29.5,22.5,66,1006.5,70,1.2,-9900,-9900,0.0,0.0
2017,9,21,23,60,0.00,0.00,0.00,0.00,0.00,5,29.6,22.2,65,1006.2,190,1.1,-9900,-9900,0.0,0.0
2017,9,21,24,60,0.00,0.00,0.00,0.00,0.00,5,29.3,21.3,62,1006.3,140,1.6,-9900,-9900,0.0,0.0
2017,9,22,1,60,0.00,0.00,0.00,0.00,0.00,4,29.0,21.3,63,1006.4,160,0.7,-9900,-9900,0.0,0.0
2017,9,22,2,60,0.00,0.00,0.00,0.00,0.00,4,28.8,21.0,63,1006.4,140,1.1,-9900,-9900,0.0,0.0
2017,9,22,3,60,0.00,0.00,0.00,0.00,0.00,3,28.7,21.2,64,1006.2,130,1.1,-9900,-9900,0.0,0.0
2017,9,22,4,60,0.00,0.00,0.00,0.00,0.00,3,28.2,20.8,64,1006.1,150,1.8,-9900,-9900,0.0,0.0
2017,9,22,5,60,0.00,0.00,0.00,0.00,0.00,2,28.2,20.7,64,1006.3,140,0.3,-9900,-9900,0.0,0.0
2017,9,22,6,60,1.09,111.72,0.00,0.00,0.00,2,28.0,20.9,65,1006.7,150,1.3,-9900,-9900,0.0,0.0
2017,9,22,7,60,185.36,1360.23,58.33,0.00,58.33,1,28.7,21.4,65,1007.4,150,1.2,-9900,-9900,0.0,0.0
2017,9,22,8,60,491.15,1360.23,230.56,198.16,159.01,1,30.0,22.5,64,1007.7,120,0.6,10,-9900,0.0,0.0
2017,9,22,9,60,763.06,1360.23,377.78,240.44,242.90,2,31.5,22.8,60,1008.1,0,0.0,10,-9900,0.0,0.0
2017,9,22,10,60,982.56,1360.23,536.11,335.60,293.69,3,32.4,23.0,58,1007.8,200,0.7,-9900,-9900,0.0,0.0
2017,9,22,11,60,1134.68,1360.23,586.11,278.98,353.39,5,33.1,23.4,57,1007.6,50,0.4,10,1,0.0,0.0
2017,9,22,12,60,1209.05,1360.23,666.67,347.40,357.88,5,35.3,24.3,53,1006.7,290,1.1,-9900,-9900,0.0,0.0
2017,9,22,13,60,1200.62,1360.23,416.67,56.76,366.57,9,33.7,23.9,57,1006.1,20,1.5,-9900,-9900,0.0,0.0
2017,9,22,14,60,1109.95,1360.23,319.44,22.99,300.68,4,33.8,23.8,56,1005.7,20,2.7,10,-9900,0.0,0.0
2017,9,22,15,60,943.23,1360.23,522.22,352.06,278.09,4,34.1,23.8,55,1005.7,40,2.7,-9900,-9900,0.0,0.0
2017,9,22,16,60,711.82,1360.23,352.78,241.33,226.49,4,32.7,23.0,57,1005.7,50,4.5,-9900,-9900,0.0,0.0
2017,9,22,17,60,431.48,1360.23,166.67,91.17,137.75,4,31.3,22.1,58,1006.0,40,4.6,12,-9900,0.0,0.0
2017,9,22,18,60,123.79,1197.21,44.44,0.00,44.44,4,30.5,22.5,62,1006.7,50,3.8,-9900,-9900,0.0,0.0
2017,9,22,19,60,0.00,0.00,0.00,0.00,0.00,4,30.3,22.4,63,1007.1,50,3.3,-9900,-9900,0.0,0.0
2017,9,22,20,60,0.00,0.00,0.00,0.00,0.00,4,30.0,22.1,63,1007.5,50,2.6,-9900,-9900,0.0,0.0
2017,9,22,21,60,0.00,0.00,0.00,0.00,0.00,4,29.9,22.3,64,1008.1,50,4.3,-9900,-9900,0.0,0.0
2017,9,22,22,60,0.00,0.00,0.00,0.00,0.00,4,29.8,22.2,64,1008.2,50,3.6,-9900,-9900,0.0,0.0
2017,9,22,23,60,0.00,0.00,0.00,0.00,0.00,4,29.7,22.2,64,1008.4,40,3.5,-9900,-9900,0.0,0.0
2017,9,22,24,60,0.00,0.00,0.00,0.00,0.00,4,29.7,21.9,63,1008.0,50,3.3,-9900,-9900,0.0,0.0
2017,9,23,1,60,0.00,0.00,0.00,0.00,0.00,4,29.5,21.9,64,1007.5,50,4.3,-9900,-9900,0.0,0.0
2017,9,23,2,60,0.00,0.00,0.00,0.00,0.00,4,29.5,21.8,63,1007.3,50,3.1,-9900,-9900,0.0,0.0
2017,9,23,3,60,0.00,0.00,0.00,0.00,0.00,4,29.7,21.4,61,1007.1,60,2.7,-9900,-9900,0.0,0.0
2017,9,23,4,60,0.00,0.00,0.00,0.00,0.00,4,29.7,21.3,61,1007.4,50,3.3,-9900,-9900,0.0,0.0
2017,9,23,5,60,0.00,0.00,0.00,0.00,0.00,4,29.4,21.1,61,1007.7,50,1.9,-9900,-9900,0.0,0.0
2017,9,23,6,60,0.78,94.69,0.00,0.00,0.00,4,29.1,21.1,62,1008.1,60,1.7,-9900,-9900,0.0,0.0
2017,9,23,7,60,181.39,1361.00,119.44,0.00,119.44,4,29.7,21.7,62,1008.9,100,0.9,-9900,-9900,0.0,0.0
2017,9,23,8,60,487.33,1361.00,288.89,437.24,132.33,4,30.9,23.0,63,1009.2,120,1.5,25,-9900,0.0,0.0
2017,9,23,9,60,759.36,1361.00,477.78,522.18,186.43,2,32.4,23.8,61,1009.1,130,1.2,30,-9900,0.0,0.0
2017,9,23,10,60,978.96,1361.00,652.78,614.38,210.86,3,34.0,23.7,55,1008.6,70,2.0,-9900,-9900,0.0,0.0
2017,9,23,11,60,1131.15,1361.00,819.44,759.67,188.07,4,34.1,23.4,54,1007.9,100,1.0,40,-9900,0.0,0.0
2017,9,23,12,60,1205.56,1361.00,747.22,499.84,304.47,5,35.6,23.8,51,1007.0,40,0.7,-9900,-9900,0.0,0.0
2017,9,23,13,60,1197.12,1361.00,825.00,670.47,235.26,6,35.4,24.0,52,1006.5,60,2.2,-9900,-9900,0.0,0.0
2017,9,23,14,60,1106.41,1361.00,719.44,573.36,253.33,7,35.9,24.8,53,1005.8,60,1.5,30,-9900,0.0,0.0
2017,9,23,15,60,939.61,1361.00,372.22,101.48,302.16,8,35.9,24.6,52,1005.7,300,1.6,-9900,-9900,0.0,0.0
2017,9,23,16,60,708.09,1361.00,388.89,343.09,210.39,7,35.2,23.9,52,1005.8,270,1.0,-9900,-9900,0.0,0.0
2017,9,23,17,60,427.61,1361.00,191.67,166.56,139.34,7,34.0,22.8,52,1006.3,270,2.2,25,1,0.0,0.0
2017,9,23,18,60,120.32,1180.79,0.00,0.00,0.00,7,33.4,22.2,52,1006.6,220,0.8,-9900,-9900,0.0,0.0
2017,9,23,19,60,0.00,0.00,0.00,0.00,0.00,7,31.9,22.6,58,1007.2,100,2.2,-9900,-9900,0.0,0.0
2017,9,23,20,60,0.00,0.00,0.00,0.00,0.00,7,31.4,22.5,59,1008.1,90,2.5,-9900,-9900,0.0,0.0
2017,9,23,21,60,0.00,0.00,0.00,0.00,0.00,7,31.2,22.4,60,1008.6,120,1.8,-9900,-9900,0.0,0.0
2017,9,23,22,60,0.00,0.00,0.00,0.00,0.00,7,31.0,22.1,59,1008.5,110,1.4,-9900,-9900,0.0,0.0
2017,9,23,23,60,0.00,0.00,0.00,0.00,0.00,7,30.9,21.9,59,1008.2,70,1.9,-9900,-9900,0.0,0.0
2017,9,23,24,60,0.00,0.00,0.00,0.00,0.00,7,30.8,21.7,58,1007.5,80,0.9,-9900,-9900,0.0,0.0
2017,9,24,1,60,0.00,0.00,0.00,0.00,0.00,8,30.7,21.7,59,1007.1,60,1.3,-9900,-9900,0.0,0.0
2017,9,24,2,60,0.00,0.00,0.00,0.00,0.00,8,30.6,21.6,59,1006.7,110,1.9,-9900,-9900,0.0,0.0
2017,9,24,3,60,0.00,0.00,0.00,0.00,0.00,8,29.9,21.5,61,1006.7,150,2.4,-9900,-9900,0.0,0.0
2017,9,24,4,60,0.00,0.00,0.00,0.00,0.00,8,29.5,21.9,64,1006.9,180,1.1,-9900,-9900,0.0,0.0
2017,9,24,5,60,0.00,0.00,0.00,0.00,0.00,8,29.3,21.6,63,1007.4,180,1.5,-9900,-9900,0.0,0.0
2017,9,24,6,60,0.52,77.64,0.00,0.00,0.00,8,29.1,21.5,64,1007.5,190,1.6,-9900,-9900,0.0,0.0
2017,9,24,7,60,177.41,1361.77,22.22,0.00,22.22,8,29.2,21.2,62,1008.1,150,1.6,-9900,-9900,0.0,0.0
2017,9,24,8,60,483.48,1361.77,227.78,201.05,156.40,8,30.4,22.3,62,1008.4,100,0.3,10,1,0.0,0.0
2017,9,24,9,60,755.63,1361.77,433.33,394.57,214.39,7,32.1,23.7,61,1008.4,200,0.4,9,-9900,0.0,0.0
2017,9,24,10,60,975.31,1361.77,447.22,181.71,317.08,10,33.6,24.2,58,1008.3,210,1.3,-9900,-9900,0.0,0.0
2017,9,24,11,60,1127.56,1361.77,550.00,228.21,361.04,10,33.4,24.3,59,1007.9,280,1.3,9,1,0.0,0.0
2017,9,24,12,60,1202.01,1361.77,758.33,526.56,293.55,10,35.6,24.8,54,1007.1,280,0.4,-9900,-9900,0.0,0.0
2017,9,24,13,60,1193.57,1361.77,583.33,229.82,381.90,10,34.7,24.8,57,1006.4,320,2.5,-9900,-9900,0.0,0.0
2017,9,24,14,60,1102.82,1361.77,655.56,441.21,298.25,4,35.2,24.9,55,1005.6,330,1.9,10,-9900,0.0,0.0
2017,9,24,15,60,935.95,1361.77,550.00,425.87,257.30,4,34.5,24.8,57,1005.3,310,2.0,-9900,-9900,0.0,0.0
2017,9,24,16,60,704.33,1361.77,280.56,103.92,226.81,9,33.4,23.6,57,1006.1,310,1.6,-9900,-9900,0.0,0.0
2017,9,24,17,60,423.74,1361.77,63.89,3.54,62.79,8,32.4,22.2,55,1006.4,320,1.0,15,2,0.0,0.0
2017,9,24,18,60,116.89,1164.35,0.00,0.00,0.00,8,32.3,21.8,54,1007.3,0,0.0,-9900,-9900,0.0,0.0
2017,9,24,19,60,0.00,0.00,0.00,0.00,0.00,8,30.6,21.2,57,1007.6,200,1.1,-9900,-9900,0.0,0.0
2017,9,24,20,60,0.00,0.00,0.00,0.00,0.00,8,29.8,20.6,58,1008.3,150,1.1,-9900,-9900,0.0,0.0
2017,9,24,21,60,0.00,0.00,0.00,0.00,0.00,7,29.2,19.8,57,1008.6,160,3.2,-9900,-9900,0.0,0.0
2017,9,24,22,60,0.00,0.00,0.00,0.00,0.00,7,29.0,19.9,58,1008.7,150,2.1,-9900,-9900,0.0,0.0
2017,9,24,23,60,0.00,0.00,0.00,0.00,0.00,7,29.1,20.2,59,1008.9,150,2.7,-9900,-9900,0.0,0.0
2017,9,24,24,60,0.00,0.00,0.00,0.00,0.00,7,29.0,20.2,59,1008.7,130,1.4,-9900,-9900,0.0,0.0
2017,9,25,1,60,0.00,0.00,0.00,0.00,0.00,7,28.5,19.9,60,1008.3,150,2.5,-9900,-9900,0.0,0.0
2017,9,25,2,60,0.00,0.00,0.00,0.00,0.00,7,28.2,19.8,60,1007.9,140,1.9,-9900,-9900,0.0,0.0
2017,9,25,3,60,0.00,0.00,0.00,0.00,0.00,7,27.9,19.6,61,1007.8,110,0.5,-9900,-9900,0.0,0.0
2017,9,25,4,60,0.00,0.00,0.00,0.00,0.00,7,27.9,19.4,60,1007.7,160,1.7,-9900,-9900,0.0,0.0
2017,9,25,5,60,0.00,0.00,0.00,0.00,0.00,6,27.5,19.3,61,1007.9,120,0.8,-9900,-9900,0.0,0.0
2017,9,25,6,60,0.32,60.58,0.00,0.00,0.00,6,27.4,19.3,61,1008.7,170,0.8,-9900,-9900,0.0,0.0
2017,9,25,7,60,173.42,1362.54,16.67,0.00,16.67,6,27.6,19.3,61,1009.2,140,1.7,-9900,-9900,0.0,0.0
2017,9,25,8,60,479.60,1362.54,280.56,420.18,132.66,6,29.5,21.0,60,1009.1,140,1.2,20,-9900,0.0,0.0
2017,9,25,9,60,751.85,1362.54,488.89,574.01,172.15,6,31.2,22.0,58,1009.2,170,1.3,25,-9900,0.0,0.0
2017,9,25,10,60,971.61,1362.54,616.67,536.03,234.43,8,33.1,22.7,55,1008.6,230,1.8,-9900,-9900,0.0,0.0
2017,9,25,11,60,1123.93,1362.54,761.11,641.08,232.30,8,34.0,22.6,52,1008.2,260,1.6,18,1,0.0,0.0
2017,9,25,12,60,1198.39,1362.54,666.67,358.18,351.64,8,35.3,25.1,56,1007.5,290,1.8,-9900,-9900,0.0,0.0
2017,9,25,13,60,1189.95,1362.54,697.22,422.27,328.44,5,34.5,24.8,57,1006.7,330,1.9,-9900,-9900,0.0,0.0
2017,9,25,14,60,1099.17,1362.54,544.44,241.24,349.83,6,33.9,24.5,58,1006.3,330,2.0,15,1,0.0,0.0
2017,9,25,15,60,932.24,1362.54,452.78,224.84,298.95,6,32.8,23.6,59,1006.0,320,2.7,-9900,-9900,0.0,0.0
2017,9,25,16,60,700.53,1362.54,344.44,234.98,223.63,9,32.8,23.5,58,1006.1,300,1.6,-9900,-9900,0.0,0.0
2017,9,25,17,60,419.84,1362.54,88.89,6.39,86.92,8,31.9,22.7,58,1006.6,320,2.3,18,1,0.0,0.0
2017,9,25,18,60,113.51,1147.91,0.00,0.00,0.00,8,31.4,22.6,60,1007.2,280,0.6,-9900,-9900,0.0,0.0
2017,9,25,19,60,0.00,0.00,0.00,0.00,0.00,7,31.0,22.4,60,1007.4,280,0.3,-9900,-9900,0.0,0.0
2017,9,25,20,60,0.00,0.00,0.00,0.00,0.00,7,30.9,22.2,60,1008.1,320,0.8,-9900,-9900,0.0,0.0
2017,9,25,21,60,0.00,0.00,0.00,0.00,0.00,7,30.8,22.2,60,1008.5,0,0.0,-9900,-9900,0.0,0.0
2017,9,25,22,60,0.00,0.00,0.00,0.00,0.00,6,30.3,22.1,62,1008.0,160,1.5,-9900,-9900,0.0,0.0
2017,9,25,23,60,0.00,0.00,0.00,0.00,0.00,6,30.1,21.8,61,1007.5,220,0.9,-9900,-9900,0.0,0.0
2017,9,25,24,60,0.00,0.00,0.00,0.00,0.00,6,29.4,21.7,63,1007.1,150,1.6,-9900,-9900,0.0,0.0
2017,9,26,1,60,0.00,0.00,0.00,0.00,0.00,5,29.1,21.3,63,1006.7,120,1.0,-9900,-9900,0.0,0.0
2017,9,26,2,60,0.00,0.00,0.00,0.00,0.00,5,28.5,21.0,64,1006.1,120,1.0,-9900,-9900,0.0,0.0
2017,9,26,3,60,0.00,0.00,0.00,0.00,0.00,5,28.5,20.8,63,1006.1,160,1.4,-9900,-9900,0.0,0.0
2017,9,26,4,60,0.00,0.00,0.00,0.00,0.00,4,28.0,20.4,63,1006.4,150,1.8,-9900,-9900,0.0,0.0
2017,9,26,5,60,0.00,0.00,0.00,0.00,0.00,4,27.5,20.1,64,1006.7,120,1.1,-9900,-9900,0.0,0.0
2017,9,26,6,60,0.16,43.51,0.00,0.00,0.00,4,27.4,19.9,64,1007.6,130,1.3,-9900,-9900,0.0,0.0
2017,9,26,7,60,169.43,1363.32,36.11,0.00,36.11,3,27.7,20.1,63,1008.0,160,1.4,-9900,-9900,0.0,0.0
2017,9,26,8,60,475.70,1363.32,227.78,213.62,153.24,3,29.7,21.6,62,1008.3,170,0.7,10,-9900,0.0,0.0
2017,9,26,9,60,748.04,1363.32,463.89,501.47,188.74,7,31.4,22.4,59,1008.5,190,1.4,10,-9900,0.0,0.0
2017,9,26,10,60,967.88,1363.32,602.78,507.74,242.31,6,32.8,22.7,55,1008.0,220,1.6,-9900,-9900,0.0,0.0
2017,9,26,11,60,1120.24,1363.32,713.89,542.58,268.05,5,34.7,23.5,52,1007.6,170,0.5,15,-9900,0.0,0.0
2017,9,26,12,60,1194.73,1363.32,802.78,628.25,252.22,5,35.9,23.6,49,1006.6,220,1.1,-9900,-9900,0.0,0.0
2017,9,26,13,60,1186.29,1363.32,691.67,416.11,329.59,5,36.7,25.0,51,1006.1,320,1.7,-9900,-9900,0.0,0.0
2017,9,26,14,60,1095.48,1363.32,663.89,468.33,287.57,5,35.9,24.3,51,1005.2,330,2.5,18,-9900,0.0,0.0
2017,9,26,15,60,928.49,1363.32,502.78,328.02,279.38,5,36.1,23.6,49,1004.9,290,1.4,-9900,-9900,0.0,0.0
2017,9,26,16,60,696.71,1363.32,333.33,212.98,224.49,5,34.8,22.7,50,1005.0,330,2.1,-9900,-9900,0.0,0.0
2017,9,26,17,60,415.93,1363.32,166.67,106.66,134.13,5,33.7,21.6,49,1005.1,300,0.9,30,-9900,0.0,0.0
2017,9,26,18,60,110.18,1131.47,5.56,0.00,5.56,5,32.6,21.3,51,1005.4,310,1.2,-9900,-9900,0.0,0.0
2017,9,26,19,60,0.00,0.00,0.00,0.00,0.00,5,32.3,21.5,53,1006.0,290,0.6,-9900,-9900,0.0,0.0
2017,9,26,20,60,0.00,0.00,0.00,0.00,0.00,5,32.1,21.4,53,1006.6,0,0.0,-9900,-9900,0.0,0.0
2017,9,26,21,60,0.00,0.00,0.00,0.00,0.00,5,31.6,21.6,55,1006.9,200,0.9,-9900,-9900,0.0,0.0
2017,9,26,22,60,0.00,0.00,0.00,0.00,0.00,5,30.6,21.6,59,1007.3,150,2.5,-9900,-9900,0.0,0.0
2017,9,26,23,60,0.00,0.00,0.00,0.00,0.00,5,30.1,21.3,59,1006.9,150,1.2,-9900,-9900,0.0,0.0
2017,9,26,24,60,0.00,0.00,0.00,0.00,0.00,5,29.8,20.9,59,1006.5,160,1.6,-9900,-9900,0.0,0.0
2017,9,27,1,60,0.00,0.00,0.00,0.00,0.00,5,29.4,20.7,60,1006.1,150,1.8,-9900,-9900,0.0,0.0
2017,9,27,2,60,0.00,0.00,0.00,0.00,0.00,5,29.0,20.3,59,1006.1,150,1.3,-9900,-9900,0.0,0.0
2017,9,27,3,60,0.00,0.00,0.00,0.00,0.00,5,28.8,20.5,61,1005.6,150,1.4,-9900,-9900,0.0,0.0
2017,9,27,4,60,0.00,0.00,0.00,0.00,0.00,5,28.5,20.1,60,1005.8,150,1.4,-9900,-9900,0.0,0.0
2017,9,27,5,60,0.00,0.00,0.00,0.00,0.00,5,27.9,19.6,61,1005.8,160,1.6,-9900,-9900,0.0,0.0
2017,9,27,6,60,0.06,26.45,0.00,0.00,0.00,5,27.7,19.5,61,1006.3,120,1.3,-9900,-9900,0.0,0.0
2017,9,27,7,60,165.42,1364.09,86.11,0.00,86.11,5,28.0,19.5,60,1006.6,150,1.7,-9900,-9900,0.0,0.0
2017,9,27,8,60,471.78,1364.09,275.00,416.01,131.12,5,30.1,21.2,59,1006.9,180,0.6,10,-9900,0.0,0.0
2017,9,27,9,60,744.19,1364.09,463.89,509.38,185.99,5,32.4,22.1,55,1007.0,200,2.5,10,-9900,0.0,0.0
2017,9,27,10,60,964.09,1364.09,644.44,619.87,206.34,3,34.1,22.7,52,1006.2,240,1.8,-9900,-9900,0.0,0.0
2017,9,27,11,60,1116.49,1364.09,727.78,578.60,254.20,4,36.0,22.9,47,1005.5,260,1.8,11,-9900,0.0,0.0
2017,9,27,12,60,1191.01,1364.09,811.11,651.47,242.30,4,36.8,22.9,45,1004.4,230,1.7,-9900,-9900,0.0,0.0
2017,9,27,13,60,1182.56,1364.09,827.78,699.43,221.43,4,37.4,21.4,40,1003.6,240,2.2,-9900,-9900,0.0,0.0
2017,9,27,14,60,1091.72,1364.09,719.44,596.32,242.19,4,37.6,22.9,43,1003.0,320,1.5,20,-9900,0.0,0.0
2017,9,27,15,60,924.69,1364.09,558.33,463.44,244.17,4,36.4,23.4,47,1003.0,290,1.7,-9900,-9900,0.0,0.0
2017,9,27,16,60,692.85,1364.09,355.56,273.53,216.63,4,35.9,23.2,48,1002.8,320,1.6,-9900,-9900,0.0,0.0
2017,9,27,17,60,411.99,1364.09,175.00,135.29,134.14,4,34.0,22.3,51,1003.1,300,1.2,15,-9900,0.0,0.0
2017,9,27,18,60,106.89,1115.02,2.78,0.00,2.78,4,32.6,22.1,54,1003.7,320,1.9,-9900,-9900,0.0,0.0
2017,9,27,19,60,0.00,0.00,0.00,0.00,0.00,5,32.2,21.6,54,1004.5,340,1.6,-9900,-9900,0.0,0.0
2017,9,27,20,60,0.00,0.00,0.00,0.00,0.00,5,31.8,21.1,53,1005.0,360,1.5,-9900,-9900,0.0,0.0
2017,9,27,21,60,0.00,0.00,0.00,0.00,0.00,5,31.5,21.2,54,1005.5,150,1.5,-9900,-9900,0.0,0.0
2017,9,27,22,60,0.00,0.00,0.00,0.00,0.00,5,30.6,20.7,56,1005.7,130,0.9,-9900,-9900,0.0,0.0
2017,9,27,23,60,0.00,0.00,0.00,0.00,0.00,6,30.3,20.6,56,1005.8,150,0.9,-9900,-9900,0.0,0.0
2017,9,27,24,60,0.00,0.00,0.00,0.00,0.00,6,30.0,20.5,57,1006.0,160,1.2,-9900,-9900,0.0,0.0
2017,9,28,1,60,0.00,0.00,0.00,0.00,0.00,6,29.3,20.4,59,1005.7,130,0.8,-9900,-9900,0.0,0.0
2017,9,28,2,60,0.00,0.00,0.00,0.00,0.00,6,29.2,20.2,58,1005.5,130,0.5,-9900,-9900,0.0,0.0
2017,9,28,3,60,0.00,0.00,0.00,0.00,0.00,7,28.7,19.9,59,1005.3,80,1.1,-9900,-9900,0.0,0.0
2017,9,28,4,60,0.00,0.00,0.00,0.00,0.00,7,28.4,19.6,59,1005.4,150,1.5,-9900,-9900,0.0,0.0
2017,9,28,5,60,0.00,0.00,0.00,0.00,0.00,7,28.0,19.5,60,1005.5,150,1.6,-9900,-9900,0.0,0.0
2017,9,28,6,60,0.01,9.38,0.00,0.00,0.00,7,28.0,19.4,60,1006.1,150,2.2,-9900,-9900,0.0,0.0
2017,9,28,7,60,161.42,1364.87,2.78,0.00,2.78,8,28.2,20.0,61,1007.1,140,2.0,-9900,-9900,0.0,0.0
2017,9,28,8,60,467.84,1364.87,166.67,64.15,144.68,8,29.3,20.4,59,1007.2,150,1.7,19,1,0.0,0.0
2017,9,28,9,60,740.32,1364.87,394.44,311.07,225.71,6,31.1,22.3,60,1007.1,120,0.7,16,-9900,0.0,0.0
2017,9,28,10,60,960.27,1364.87,569.44,438.94,260.62,6,33.3,23.4,56,1006.8,90,0.9,-9900,-9900,0.0,0.0
2017,9,28,11,60,1112.70,1364.87,672.22,464.47,293.56,7,34.7,23.7,53,1006.3,300,0.6,9,-9900,0.0,0.0
2017,9,28,12,60,1187.23,1364.87,480.56,111.32,383.73,8,33.9,23.6,55,1005.8,320,1.2,-9900,-9900,0.0,0.2
2017,9,28,13,60,1178.78,1364.87,577.78,232.77,376.75,8,34.7,24.0,54,1005.3,320,1.5,-9900,-9900,0.0,0.2
2017,9,28,14,60,1087.92,1364.87,563.89,283.26,338.11,8,34.9,23.9,53,1005.0,290,1.2,12,1,0.0,0.0
2017,9,28,15,60,920.86,1364.87,472.22,272.99,288.04,8,33.6,22.8,53,1005.0,310,1.7,-9900,-9900,0.0,0.0
2017,9,28,16,60,688.96,1364.87,144.44,6.30,141.26,8,32.0,21.7,55,1005.3,340,1.6,-9900,-9900,0.0,0.0
2017,9,28,17,60,408.04,1364.87,97.22,9.37,94.42,7,31.0,21.8,58,1006.1,40,2.3,12,1,0.0,0.0
2017,9,28,18,60,103.65,1098.57,0.00,0.00,0.00,7,30.5,21.3,58,1006.8,40,2.7,-9900,-9900,0.0,0.0
2017,9,28,19,60,0.00,0.00,0.00,0.00,0.00,7,30.4,20.6,56,1007.5,90,1.6,-9900,-9900,0.0,0.0
2017,9,28,20,60,0.00,0.00,0.00,0.00,0.00,7,30.2,21.2,59,1008.2,30,2.2,-9900,-9900,0.0,0.0
2017,9,28,21,60,0.00,0.00,0.00,0.00,0.00,8,29.7,21.4,61,1008.8,50,2.4,-9900,-9900,0.0,0.0
2017,9,28,22,60,0.00,0.00,0.00,0.00,0.00,8,29.6,21.2,61,1008.7,60,2.5,-9900,-9900,0.0,0.0
2017,9,28,23,60,0.00,0.00,0.00,0.00,0.00,8,29.0,21.3,63,1009.3,30,2.6,-9900,-9900,0.0,0.0
2017,9,28,24,60,0.00,0.00,0.00,0.00,0.00,8,28.1,21.3,67,1009.7,50,2.0,-9900,-9900,0.0,0.9
2017,9,29,1,60,0.00,0.00,0.00,0.00,0.00,8,27.8,20.7,65,1009.1,30,1.7,-9900,-9900,0.0,1.0
2017,9,29,2,60,0.00,0.00,0.00,0.00,0.00,8,27.4,20.6,66,1007.7,60,2.4,-9900,-9900,0.0,0.4
2017,9,29,3,60,0.00,0.00,0.00,0.00,0.00,8,27.7,20.6,65,1007.3,50,2.3,-9900,-9900,0.0,0.0
2017,9,29,4,60,0.00,0.00,0.00,0.00,0.00,8,28.0,20.7,65,1007.4,50,4.3,-9900,-9900,0.0,0.0
2017,9,29,5,60,0.00,0.00,0.00,0.00,0.00,9,27.9,20.9,66,1007.9,40,2.9,-9900,-9900,0.0,0.0
2017,9,29,6,60,0.00,0.00,0.00,0.00,0.00,9,28.0,21.0,66,1008.8,40,4.9,-9900,-9900,0.0,0.0
2017,9,29,7,60,157.42,1357.97,0.00,0.00,0.00,9,28.1,21.2,66,1009.7,50,2.6,-9900,-9900,0.0,0.0
2017,9,29,8,60,463.89,1365.64,13.89,0.29,13.79,9,28.3,21.0,65,1010.7,40,2.6,15,2,0.0,0.1
2017,9,29,9,60,736.41,1365.64,294.44,105.85,237.36,7,29.5,21.7,63,1011.1,40,3.5,15,-9900,0.0,0.3
2017,9,29,10,60,956.39,1365.64,444.44,191.58,310.27,9,29.1,23.9,74,1011.2,40,3.8,-9900,-9900,0.0,0.0
2017,9,29,11,60,1108.85,1365.64,586.11,303.01,340.08,7,30.2,25.0,74,1010.6,30,4.6,20,-9900,0.0,0.0
2017,9,29,12,60,1183.40,1365.64,594.44,254.11,374.24,9,30.6,24.2,69,1010.2,40,5.3,-9900,-9900,0.0,0.0
2017,9,29,13,60,1174.94,1365.64,561.11,211.93,378.77,5,30.4,23.7,67,1009.6,40,6.6,-9900,-9900,0.0,0.0
2017,9,29,14,60,1084.07,1365.64,600.00,353.08,319.72,7,29.7,23.6,70,1009.0,50,6.4,12,1,0.0,0.0
2017,9,29,15,60,916.98,1365.64,519.44,380.54,263.92,7,30.3,23.6,67,1009.0,40,6.6,-9900,-9900,0.0,0.0
2017,9,29,16,60,685.04,1365.64,219.44,39.11,199.82,9,29.5,24.0,72,1009.1,50,6.7,-9900,-9900,0.0,0.0
2017,9,29,17,60,404.07,1365.64,161.11,104.64,130.15,6,29.0,23.9,74,1009.5,50,5.5,19,1,0.0,0.0
2017,9,29,18,60,100.45,1082.13,2.78,0.00,2.78,6,28.6,23.6,74,1010.3,50,5.9,-9900,-9900,0.0,0.0
2017,9,29,19,60,0.00,0.00,0.00,0.00,0.00,6,28.6,23.5,74,1011.1,40,4.8,-9900,-9900,0.0,0.0
2017,9,29,20,60,0.00,0.00,0.00,0.00,0.00,6,28.6,23.7,75,1012.0,40,4.3,-9900,-9900,0.0,0.0
2017,9,29,21,60,0.00,0.00,0.00,0.00,0.00,7,28.6,23.9,76,1012.5,50,3.8,-9900,-9900,0.0,0.0
2017,9,29,22,60,0.00,0.00,0.00,0.00,0.00,7,28.2,23.7,77,1012.6,40,3.3,-9900,-9900,0.0,0.0
2017,9,29,23,60,0.00,0.00,0.00,0.00,0.00,7,27.8,22.1,71,1012.0,50,2.4,-9900,-9900,0.0,0.0
2017,9,29,24,60,0.00,0.00,0.00,0.00,0.00,7,27.6,22.1,72,1011.8,50,3.2,-9900,-9900,0.0,0.0
2017,9,30,1,60,0.00,0.00,0.00,0.00,0.00,7,27.8,21.5,69,1011.8,60,3.2,-9900,-9900,0.0,0.0
2017,9,30,2,60,0.00,0.00,0.00,0.00,0.00,7,27.4,21.9,72,1011.1,50,4.3,-9900,-9900,0.0,0.0
2017,9,30,3,60,0.00,0.00,0.00,0.00,0.00,7,27.4,22.0,72,1010.8,50,3.0,-9900,-9900,0.0,0.0
2017,9,30,4,60,0.00,0.00,0.00,0.00,0.00,7,27.2,21.6,72,1011.0,50,4.5,-9900,-9900,0.0,0.0
2017,9,30,5,60,0.00,0.00,0.00,0.00,0.00,8,27.7,20.6,65,1011.2,60,2.8,-9900,-9900,0.0,0.0
2017,9,30,6,60,0.00,0.00,0.00,0.00,0.00,8,27.5,21.3,69,1011.0,50,5.3,-9900,-9900,0.0,0.0
2017,9,30,7,60,153.49,1341.70,91.67,0.00,91.67,8,28.1,22.0,70,1010.7,50,5.6,-9900,-9900,0.0,0.0
2017,9,30,8,60,459.92,1366.42,288.89,521.71,113.29,8,29.2,22.4,67,1011.0,50,5.0,20,6,0.0,0.0
2017,9,30,9,60,732.47,1366.42,338.89,188.56,237.81,8,30.3,22.7,64,1011.6,50,4.6,20,6,0.0,0.0
2017,9,30,10,60,952.48,1366.42,513.89,324.80,287.48,8,31.7,23.2,61,1011.7,50,3.7,-9900,-9900,0.0,0.0
2017,9,30,11,60,1104.96,1366.42,513.89,192.27,358.41,8,32.0,22.4,57,1011.7,90,3.6,20,6,0.0,0.0
2017,9,30,12,60,1179.51,1366.42,588.89,248.85,374.08,8,32.6,22.7,56,1010.9,70,4.0,-9900,-9900,0.0,0.0
2017,9,30,13,60,1171.06,1366.42,630.56,322.65,354.04,8,32.7,22.2,54,1010.0,90,5.6,-9900,-9900,0.0,0.0
2017,9,30,14,60,1080.18,1366.42,525.00,226.04,346.31,8,32.9,22.2,53,1009.5,80,4.4,20,6,0.0,0.0
2017,9,30,15,60,913.06,1366.42,391.67,140.91,297.51,8,32.3,22.0,55,1009.2,80,4.1,-9900,-9900,0.0,0.0
2017,9,30,16,60,681.09,1366.42,166.67,10.51,161.43,6,31.9,22.3,57,1009.3,50,4.1,-9900,-9900,0.0,0.0
2017,9,30,17,60,400.09,1366.42,136.11,52.02,120.88,6,31.3,22.0,58,1009.6,70,3.4,30,-9900,0.0,0.0
2017,9,30,18,60,97.31,1065.70,0.00,0.00,0.00,6,30.4,21.3,58,1009.7,70,3.7,-9900,-9900,0.0,0.0
2017,9,30,19,60,0.00,0.00,0.00,0.00,0.00,6,29.9,21.7,62,1010.1,60,3.5,-9900,-9900,0.0,0.0
2017,9,30,20,60,0.00,0.00,0.00,0.00,0.00,5,29.6,22.2,65,1010.8,50,3.0,-9900,-9900,0.0,0.0
2017,9,30,21,60,0.00,0.00,0.00,0.00,0.00,5,29.4,22.8,68,1011.3,60,2.6,-9900,-9900,0.0,0.0
2017,9,30,22,60,0.00,0.00,0.00,0.00,0.00,5,29.4,22.8,68,1011.4,60,2.7,-9900,-9900,0.0,0.0
2017,9,30,23,60,0.00,0.00,0.00,0.00,0.00,5,29.5,22.5,66,1011.1,60,1.9,-9900,-9900,0.0,0.0
2017,9,30,24,60,0.00,0.00,0.00,0.00,0.00,5,29.3,22.7,68,1010.7,70,2.7,-9900,-9900,0.0,0.0
2017,10,1,1,60,0.00,0.00,0.00,0.00,0.00,4,29.2,22.0,65,1010.2,110,1.5,-9900,-9900,0.0,0.0
2017,10,1,2,60,0.00,0.00,0.00,0.00,0.00,4,29.1,22.2,66,1009.6,90,1.6,-9900,-9900,0.0,0.0
2017,10,1,3,60,0.00,0.00,0.00,0.00,0.00,4,28.6,22.3,69,1009.2,60,0.8,-9900,-9900,0.0,0.0
2017,10,1,4,60,0.00,0.00,0.00,0.00,0.00,4,28.9,22.1,67,1009.1,60,1.7,-9900,-9900,0.0,0.0
2017,10,1,5,60,0.00,0.00,0.00,0.00,0.00,4,28.6,21.9,67,1009.3,100,1.8,-9900,-9900,0.0,0.0
2017,10,1,6,60,0.00,0.00,0.00,0.00,0.00,3,28.7,21.9,67,1009.5,120,1.1,-9900,-9900,0.0,0.0
2017,10,1,7,60,149.60,1325.43,86.11,0.00,86.11,3,28.7,22.2,68,1009.8,180,0.9,-9900,-9900,0.0,0.0
2017,10,1,8,60,455.92,1367.19,286.11,520.61,112.50,3,30.5,22.0,61,1010.2,80,0.5,25,-9900,0.0,0.0
2017,10,1,9,60,728.50,1367.19,455.56,515.31,180.98,4,32.7,21.9,53,1010.2,30,0.6,25,-9900,0.0,0.0
2017,10,1,10,60,948.53,1367.19,625.00,597.47,210.49,4,33.7,21.4,49,1010.2,210,0.8,-9900,-9900,0.0,0.0
2017,10,1,11,60,1101.03,1367.19,716.67,577.61,251.51,6,35.8,22.1,45,1009.4,350,1.1,25,-9900,0.0,0.0
2017,10,1,12,60,1175.59,1367.19,672.22,392.54,334.69,7,35.1,21.2,45,1008.1,250,0.4,-9900,-9900,0.0,0.0
2017,10,1,13,60,1167.13,1367.19,711.11,477.26,303.69,5,35.7,23.5,50,1007.2,310,2.5,-9900,-9900,0.0,0.0
2017,10,1,14,60,1076.24,1367.19,655.56,476.89,280.16,4,34.9,23.4,51,1006.6,300,2.3,18,-9900,0.0,0.0
2017,10,1,15,60,909.11,1367.19,500.00,346.27,269.75,5,35.0,23.5,51,1006.3,290,0.8,-9900,-9900,0.0,0.0
2017,10,1,16,60,677.12,1367.19,352.78,288.82,209.74,6,34.4,23.5,53,1006.2,290,0.7,-9900,-9900,0.0,0.0
2017,10,1,17,60,396.10,1367.19,138.89,59.82,121.56,1,32.7,23.2,57,1006.3,110,2.5,18,-9900,0.0,0.0
2017,10,1,18,60,94.23,1049.28,0.00,0.00,0.00,1,31.4,22.6,60,1006.6,90,3.1,-9900,-9900,0.0,0.0
2017,10,1,19,60,0.00,0.00,0.00,0.00,0.00,2,30.8,22.2,60,1007.1,120,1.9,-9900,-9900,0.0,0.0
2017,10,1,20,60,0.00,0.00,0.00,0.00,0.00,2,30.5,21.7,59,1007.9,110,1.7,-9900,-9900,0.0,0.0
2017,10,1,21,60,0.00,0.00,0.00,0.00,0.00,3,30.6,22.0,60,1008.4,70,2.6,-9900,-9900,0.0,0.0
2017,10,1,22,60,0.00,0.00,0.00,0.00,0.00,3,30.3,21.0,58,1008.3,70,1.6,-9900,-9900,0.0,0.0
2017,10,1,23,60,0.00,0.00,0.00,0.00,0.00,3,30.0,21.8,62,1008.3,150,1.4,-9900,-9900,0.0,0.0
2017,10,1,24,60,0.00,0.00,0.00,0.00,0.00,4,29.8,22.6,65,1008.2,180,1.2,-9900,-9900,0.0,0.0
2017,10,2,1,60,0.00,0.00,0.00,0.00,0.00,4,29.1,22.9,69,1007.8,160,0.8,-9900,-9900,0.0,0.0
2017,10,2,2,60,0.00,0.00,0.00,0.00,0.00,5,29.0,23.8,74,1007.4,180,1.3,-9900,-9900,0.0,0.0
2017,10,2,3,60,0.00,0.00,0.00,0.00,0.00,5,29.1,24.0,74,1007.1,200,1.3,-9900,-9900,0.0,0.0
2017,10,2,4,60,0.00,0.00,0.00,0.00,0.00,5,28.4,22.6,71,1007.4,130,1.3,-9900,-9900,0.0,0.0
2017,10,2,5,60,0.00,0.00,0.00,0.00,0.00,6,28.0,22.0,70,1007.8,190,1.0,-9900,-9900,0.0,0.0
2017,10,2,6,60,0.00,0.00,0.00,0.00,0.00,6,27.9,22.1,71,1008.1,160,1.3,-9900,-9900,0.0,0.0
2017,10,2,7,60,145.77,1309.18,30.56,0.00,30.56,7,28.1,22.4,71,1008.9,160,2.5,-9900,-9900,0.0,0.0
2017,10,2,8,60,451.93,1367.97,202.78,168.09,147.25,7,29.4,23.5,71,1009.3,180,1.0,15,1,0.0,0.0
2017,10,2,9,60,724.51,1367.97,411.11,383.27,208.12,6,31.2,24.7,68,1009.3,180,0.9,7,1,0.0,0.0
2017,10,2,10,60,944.55,1367.97,566.67,455.82,251.94,6,34.0,24.9,59,1008.9,220,0.3,-9900,-9900,0.0,0.0
2017,10,2,11,60,1097.05,1367.97,644.44,427.34,301.73,6,34.1,23.5,54,1008.3,220,0.7,8,1,0.0,0.0
2017,10,2,12,60,1171.61,1367.97,488.89,126.32,380.70,8,35.0,23.6,52,1007.4,290,0.8,-9900,-9900,0.0,0.0
2017,10,2,13,60,1163.16,1367.97,675.00,411.44,325.16,5,35.3,23.1,49,1006.7,280,1.0,-9900,-9900,0.0,0.0
2017,10,2,14,60,1072.26,1367.97,658.33,488.53,275.40,5,36.0,23.5,49,1005.8,300,0.9,16,-9900,0.0,0.0
2017,10,2,15,60,905.12,1367.97,475.00,296.21,279.01,4,35.3,23.3,50,1005.6,300,0.9,-9900,-9900,0.0,0.0
2017,10,2,16,60,673.13,1367.97,166.67,11.10,161.21,6,35.5,23.4,50,1005.6,290,0.3,-9900,-9900,0.0,0.0
2017,10,2,17,60,392.09,1367.97,138.89,62.66,120.93,6,33.1,23.0,56,1005.9,320,1.9,18,-9900,0.0,0.0
2017,10,2,18,60,91.19,1032.87,0.00,0.00,0.00,6,31.8,23.8,63,1006.8,310,0.8,-9900,-9900,0.0,0.0
2017,10,2,19,60,0.00,0.00,0.00,0.00,0.00,6,31.5,23.0,61,1007.4,40,1.1,-9900,-9900,0.0,0.0
2017,10,2,20,60,0.00,0.00,0.00,0.00,0.00,5,31.2,23.3,63,1007.9,60,1.1,-9900,-9900,0.0,0.0
2017,10,2,21,60,0.00,0.00,0.00,0.00,0.00,5,30.9,24.0,67,1008.3,150,1.0,-9900,-9900,0.0,0.0
2017,10,2,22,60,0.00,0.00,0.00,0.00,0.00,5,30.0,24.0,70,1008.4,160,2.1,-9900,-9900,0.0,0.0
2017,10,2,23,60,0.00,0.00,0.00,0.00,0.00,5,29.7,23.7,70,1008.8,160,2.3,-9900,-9900,0.0,0.0
2017,10,2,24,60,0.00,0.00,0.00,0.00,0.00,5,29.3,23.2,70,1008.8,110,0.9,-9900,-9900,0.0,0.0
2017,10,3,1,60,0.00,0.00,0.00,0.00,0.00,4,29.1,23.0,70,1008.6,130,1.2,-9900,-9900,0.0,0.0
2017,10,3,2,60,0.00,0.00,0.00,0.00,0.00,4,28.7,22.9,71,1008.2,140,1.2,-9900,-9900,0.0,0.0
2017,10,3,3,60,0.00,0.00,0.00,0.00,0.00,4,28.8,23.3,72,1008.3,170,1.0,-9900,-9900,0.0,0.0
2017,10,3,4,60,0.00,0.00,0.00,0.00,0.00,4,28.8,23.1,71,1008.6,170,0.9,-9900,-9900,0.0,0.0
2017,10,3,5,60,0.00,0.00,0.00,0.00,0.00,4,28.1,22.2,70,1009.1,100,1.4,-9900,-9900,0.0,0.0
2017,10,3,6,60,0.00,0.00,0.00,0.00,0.00,3,27.9,22.2,71,1009.3,160,1.7,-9900,-9900,0.0,0.0
2017,10,3,7,60,141.99,1292.96,58.33,0.00,58.33,3,28.3,22.2,70,1009.8,130,1.1,-9900,-9900,0.0,0.0
2017,10,3,8,60,447.91,1368.75,244.44,337.92,133.86,3,29.6,23.9,72,1010.2,90,0.7,8,-9900,0.0,0.0
2017,10,3,9,60,720.49,1368.75,386.11,318.09,218.67,7,31.3,23.9,65,1010.5,110,1.6,10,1,0.0,0.0
2017,10,3,10,60,940.53,1368.75,602.78,553.61,222.37,9,34.5,23.9,54,1010.4,10,2.4,-9900,-9900,0.0,0.0
2017,10,3,11,60,1093.03,1368.75,677.78,503.34,275.83,9,33.6,24.3,58,1009.8,20,3.1,15,-9900,0.0,0.0
2017,10,3,12,60,1167.59,1368.75,638.89,340.89,348.10,9,32.8,23.3,57,1009.3,40,4.4,-9900,-9900,0.0,0.0
2017,10,3,13,60,1159.14,1368.75,702.78,470.82,304.06,9,33.3,24.0,58,1008.6,50,4.5,-9900,-9900,0.0,0.0
2017,10,3,14,60,1068.25,1368.75,647.22,469.83,280.54,9,32.8,24.2,61,1008.3,20,4.6,12,-9900,0.0,0.0
2017,10,3,15,60,901.11,1368.75,513.89,389.66,257.36,9,31.8,23.9,63,1008.5,50,5.1,-9900,-9900,0.0,0.0
2017,10,3,16,60,669.12,1368.75,247.22,75.67,210.23,9,31.2,24.0,66,1008.9,50,3.6,-9900,-9900,0.0,0.0
2017,10,3,17,60,388.09,1368.75,138.89,65.67,120.27,7,29.8,24.0,71,1009.2,50,4.6,12,1,0.0,0.0
2017,10,3,18,60,88.20,1016.49,0.00,0.00,0.00,7,29.1,24.1,74,1009.7,50,4.3,-9900,-9900,0.0,0.0
2017,10,3,19,60,0.00,0.00,0.00,0.00,0.00,7,28.5,23.8,76,1010.5,40,4.8,-9900,-9900,0.0,0.0
2017,10,3,20,60,0.00,0.00,0.00,0.00,0.00,8,27.8,23.6,78,1011.3,50,5.3,-9900,-9900,0.0,0.0
2017,10,3,21,60,0.00,0.00,0.00,0.00,0.00,8,27.3,23.7,81,1011.8,50,4.9,-9900,-9900,0.2,0.7
2017,10,3,22,60,0.00,0.00,0.00,0.00,0.00,8,27.1,23.6,81,1012.6,50,3.6,-9900,-9900,0.0,0.8
2017,10,3,23,60,0.00,0.00,0.00,0.00,0.00,8,27.1,23.2,79,1012.5,50,4.2,-9900,-9900,0.0,0.0
2017,10,3,24,60,0.00,0.00,0.00,0.00,0.00,8,27.2,22.8,77,1012.0,50,3.8,-9900,-9900,0.0,0.0
2017,10,4,1,60,0.00,0.00,0.00,0.00,0.00,9,26.7,22.3,77,1011.5,40,3.6,-9900,-9900,0.0,0.0
2017,10,4,2,60,0.00,0.00,0.00,0.00,0.00,9,26.5,22.2,77,1011.5,50,5.0,-9900,-9900,0.0,0.0
2017,10,4,3,60,0.00,0.00,0.00,0.00,0.00,9,26.5,22.2,77,1011.2,50,3.4,-9900,-9900,0.0,0.0
2017,10,4,4,60,0.00,0.00,0.00,0.00,0.00,9,26.8,21.7,74,1011.0,50,4.3,-9900,-9900,0.0,0.0
2017,10,4,5,60,0.00,0.00,0.00,0.00,0.00,9,26.7,21.3,72,1011.6,70,2.4,-9900,-9900,0.0,0.0
2017,10,4,6,60,0.00,0.00,0.00,0.00,0.00,10,26.4,21.7,75,1012.2,80,1.8,-9900,-9900,0.1,0.1
2017,10,4,7,60,138.25,1276.74,0.00,0.00,0.00,10,25.0,22.9,88,1013.1,100,0.9,-9900,-9900,4.1,0.6
2017,10,4,8,60,443.88,1369.52,8.33,0.15,8.28,10,25.6,23.1,86,1013.4,50,2.8,6,1,2.1,1.0
2017,10,4,9,60,716.45,1369.52,152.78,6.52,149.37,9,27.2,24.3,84,1013.6,50,3.2,12,1,0.1,0.5
2017,10,4,10,60,936.48,1369.52,358.33,88.15,298.05,9,29.0,24.2,75,1013.4,50,3.8,-9900,-9900,0.0,0.0
2017,10,4,11,60,1088.96,1369.52,338.89,34.09,311.78,10,28.0,23.6,77,1013.7,70,3.7,10,1,0.0,0.0
2017,10,4,12,60,1163.52,1369.52,238.89,6.09,233.72,10,28.0,22.7,73,1013.1,60,3.9,-9900,-9900,0.0,0.0
2017,10,4,13,60,1155.07,1369.52,327.78,21.58,309.58,10,27.8,22.7,74,1012.3,50,4.1,-9900,-9900,0.0,0.0
2017,10,4,14,60,1064.18,1369.52,136.11,2.69,134.02,10,26.4,23.5,84,1011.7,40,3.6,10,1,0.8,0.5
2017,10,4,15,60,897.06,1369.52,147.22,4.11,144.53,10,26.7,23.5,83,1011.3,50,3.9,-9900,-9900,0.1,0.1
2017,10,4,16,60,665.08,1369.52,55.56,1.34,54.91,10,26.4,23.6,85,1011.5,50,4.0,-9900,-9900,0.0,0.0
2017,10,4,17,60,384.06,1369.52,0.00,0.00,0.00,9,25.9,23.1,85,1011.5,60,3.2,10,1,0.4,0.2
2017,10,4,18,60,85.27,1000.12,0.00,0.00,0.00,9,25.7,22.8,84,1011.9,50,4.2,-9900,-9900,0.0,0.0
2017,10,4,19,60,0.00,0.00,0.00,0.00,0.00,9,25.5,22.9,86,1012.0,50,3.2,-9900,-9900,0.1,0.1
2017,10,4,20,60,0.00,0.00,0.00,0.00,0.00,9,25.8,22.9,84,1012.8,50,3.7,-9900,-9900,0.0,0.0
2017,10,4,21,60,0.00,0.00,0.00,0.00,0.00,9,25.8,22.7,83,1013.2,50,4.1,-9900,-9900,0.0,0.0
2017,10,4,22,60,0.00,0.00,0.00,0.00,0.00,9,25.7,22.2,81,1013.2,50,4.1,-9900,-9900,0.0,0.0
2017,10,4,23,60,0.00,0.00,0.00,0.00,0.00,9,25.7,22.3,82,1013.0,50,3.8,-9900,-9900,0.0,0.0
2017,10,4,24,60,0.00,0.00,0.00,0.00,0.00,9,25.5,22.0,81,1012.6,60,3.7,-9900,-9900,0.0,0.0
2017,10,5,1,60,0.00,0.00,0.00,0.00,0.00,8,25.5,22.2,82,1012.3,50,4.2,-9900,-9900,0.0,0.0
2017,10,5,2,60,0.00,0.00,0.00,0.00,0.00,8,25.5,22.0,81,1011.9,50,4.0,-9900,-9900,0.0,0.0
2017,10,5,3,60,0.00,0.00,0.00,0.00,0.00,8,25.6,21.8,80,1011.5,50,3.8,-9900,-9900,0.0,0.0
2017,10,5,4,60,0.00,0.00,0.00,0.00,0.00,8,25.7,21.8,79,1010.8,50,2.9,-9900,-9900,0.0,0.0
2017,10,5,5,60,0.00,0.00,0.00,0.00,0.00,8,25.9,21.8,78,1011.0,80,2.3,-9900,-9900,0.0,0.0
2017,10,5,6,60,0.00,0.00,0.00,0.00,0.00,8,25.8,22.0,80,1011.2,50,4.1,-9900,-9900,0.0,0.0
2017,10,5,7,60,134.58,1260.56,5.56,0.00,5.56,8,26.3,22.1,78,1011.6,50,3.8,-9900,-9900,0.0,0.0
2017,10,5,8,60,439.86,1370.30,161.11,72.90,137.71,8,27.3,22.4,75,1011.9,60,3.5,20,-9900,0.0,0.0
2017,10,5,9,60,712.40,1370.30,413.89,413.63,198.85,6,28.4,22.7,71,1012.0,50,4.2,18,-9900,0.0,0.0
2017,10,5,10,60,932.39,1370.30,627.78,634.92,195.76,7,29.3,22.3,66,1011.2,40,6.0,-9900,-9900,0.0,0.0
2017,10,5,11,60,1084.87,1370.30,688.89,539.84,261.50,6,29.9,22.1,63,1010.5,50,5.6,22,-9900,0.0,0.0
2017,10,5,12,60,1159.42,1370.30,633.33,339.36,346.20,7,30.1,22.3,63,1010.0,50,4.8,-9900,-9900,0.0,0.0
2017,10,5,13,60,1150.96,1370.30,716.67,510.08,288.24,5,30.9,22.4,61,1009.2,40,5.7,-9900,-9900,0.0,0.0
2017,10,5,14,60,1060.08,1370.30,597.22,375.20,306.96,5,31.1,22.6,61,1008.9,50,4.3,25,-9900,0.0,0.0
2017,10,5,15,60,892.98,1370.30,561.11,523.75,219.80,4,30.7,22.4,61,1008.6,50,4.6,-9900,-9900,0.0,0.0
2017,10,5,16,60,661.03,1370.30,363.89,348.10,195.97,3,29.8,22.2,64,1008.7,40,5.3,-9900,-9900,0.0,0.0
2017,10,5,17,60,380.04,1370.30,152.78,108.64,122.65,3,28.6,22.0,68,1008.7,50,4.8,19,-9900,0.0,0.0
2017,10,5,18,60,82.39,983.79,0.00,0.00,0.00,3,28.2,22.4,71,1009.0,40,6.1,-9900,-9900,0.0,0.0
2017,10,5,19,60,0.00,0.00,0.00,0.00,0.00,4,27.9,22.6,73,1009.8,50,5.5,-9900,-9900,0.0,0.0
2017,10,5,20,60,0.00,0.00,0.00,0.00,0.00,4,27.8,22.8,74,1010.7,40,4.4,-9900,-9900,0.0,0.0
2017,10,5,21,60,0.00,0.00,0.00,0.00,0.00,5,27.7,22.9,75,1010.9,50,3.0,-9900,-9900,0.0,0.0
2017,10,5,22,60,0.00,0.00,0.00,0.00,0.00,5,27.7,23.0,76,1010.8,50,4.4,-9900,-9900,0.0,0.0
2017,10,5,23,60,0.00,0.00,0.00,0.00,0.00,5,27.6,23.2,77,1010.9,50,4.5,-9900,-9900,0.0,0.0
2017,10,5,24,60,0.00,0.00,0.00,0.00,0.00,6,27.6,23.2,77,1010.7,50,4.1,-9900,-9900,0.0,0.0
2017,10,6,1,60,0.00,0.00,0.00,0.00,0.00,6,27.5,23.3,78,1010.3,50,2.8,-9900,-9900,0.0,0.0
2017,10,6,2,60,0.00,0.00,0.00,0.00,0.00,7,27.4,23.4,79,1009.8,50,4.0,-9900,-9900,0.0,0.0
2017,10,6,3,60,0.00,0.00,0.00,0.00,0.00,7,27.3,23.6,80,1009.9,50,3.4,-9900,-9900,0.0,0.0
2017,10,6,4,60,0.00,0.00,0.00,0.00,0.00,7,27.3,23.7,81,1010.1,50,3.8,-9900,-9900,0.0,0.0
2017,10,6,5,60,0.00,0.00,0.00,0.00,0.00,8,27.5,23.7,80,1010.2,50,2.8,-9900,-9900,0.0,0.0
2017,10,6,6,60,0.00,0.00,0.00,0.00,0.00,8,27.4,23.7,80,1010.5,50,3.4,-9900,-9900,0.0,0.0
2017,10,6,7,60,130.95,1244.40,0.00,0.00,0.00,9,27.5,23.6,79,1011.0,50,3.2,-9900,-9900,0.0,0.0
2017,10,6,8,60,435.82,1371.07,0.00,0.00,0.00,9,27.6,24.0,81,1011.1,50,2.8,10,1,0.0,0.0
2017,10,6,9,60,708.32,1371.07,25.00,0.39,24.80,9,28.1,24.3,80,1011.3,50,3.7,12,1,0.0,0.0
2017,10,6,10,60,928.28,1371.07,208.33,7.52,203.24,8,28.5,23.8,76,1011.3,50,4.5,-9900,-9900,0.0,0.0
2017,10,6,11,60,1080.73,1371.07,513.89,209.43,348.81,7,30.0,24.6,73,1010.6,40,4.9,15,-9900,0.0,0.0
2017,10,6,12,60,1155.26,1371.07,366.67,37.56,335.02,9,29.3,24.0,73,1010.1,50,6.0,-9900,-9900,0.0,0.0
2017,10,6,13,60,1146.82,1371.07,552.78,220.09,368.69,8,29.8,24.1,72,1009.3,50,6.1,-9900,-9900,0.0,0.0
2017,10,6,14,60,1055.96,1371.07,558.33,304.54,323.78,6,30.7,24.2,68,1008.7,40,6.4,25,-9900,0.0,0.0
2017,10,6,15,60,888.87,1371.07,516.67,414.50,247.95,6,30.4,23.8,68,1008.4,50,5.1,-9900,-9900,0.0,0.0
2017,10,6,16,60,656.96,1371.07,294.44,167.73,214.07,4,30.1,23.9,69,1008.4,40,6.6,-9900,-9900,0.0,0.0
2017,10,6,17,60,376.01,1371.07,150.00,105.27,121.13,3,29.1,23.9,74,1008.6,50,5.8,30,-9900,0.0,0.0
2017,10,6,18,60,79.56,967.47,0.00,0.00,0.00,3,28.0,23.8,78,1009.4,40,4.6,-9900,-9900,0.0,0.0
2017,10,6,19,60,0.00,0.00,0.00,0.00,0.00,4,27.6,24.1,81,1009.8,50,5.3,-9900,-9900,0.0,0.0
2017,10,6,20,60,0.00,0.00,0.00,0.00,0.00,4,26.8,23.7,83,1010.9,60,4.3,-9900,-9900,0.3,0.2
2017,10,6,21,60,0.00,0.00,0.00,0.00,0.00,5,27.0,24.3,85,1011.0,50,3.3,-9900,-9900,0.4,0.2
2017,10,6,22,60,0.00,0.00,0.00,0.00,0.00,5,27.3,24.0,82,1011.1,50,3.1,-9900,-9900,0.0,0.0
2017,10,6,23,60,0.00,0.00,0.00,0.00,0.00,5,27.6,24.0,81,1010.7,80,2.0,-9900,-9900,0.0,0.0
2017,10,6,24,60,0.00,0.00,0.00,0.00,0.00,6,27.8,24.0,80,1010.6,50,3.0,-9900,-9900,0.0,0.0
2017,10,7,1,60,0.00,0.00,0.00,0.00,0.00,6,27.5,24.2,82,1010.7,40,3.2,-9900,-9900,0.0,0.0
2017,10,7,2,60,0.00,0.00,0.00,0.00,0.00,7,27.5,24.0,81,1010.8,50,4.2,-9900,-9900,0.0,0.0
2017,10,7,3,60,0.00,0.00,0.00,0.00,0.00,7,26.8,24.0,85,1010.2,40,2.7,-9900,-9900,0.1,0.6
2017,10,7,4,60,0.00,0.00,0.00,0.00,0.00,7,26.4,24.0,87,1010.2,50,2.8,-9900,-9900,2.0,1.0
2017,10,7,5,60,0.00,0.00,0.00,0.00,0.00,8,26.5,23.9,86,1010.7,50,3.1,-9900,-9900,0.5,0.4
2017,10,7,6,60,0.00,0.00,0.00,0.00,0.00,8,26.4,23.7,85,1011.4,50,4.4,-9900,-9900,0.0,0.0
2017,10,7,7,60,127.39,1228.28,0.00,0.00,0.00,9,26.4,23.5,84,1011.7,50,3.2,-9900,-9900,0.0,0.0
2017,10,7,8,60,431.77,1371.84,69.44,3.97,68.19,9,26.9,23.3,81,1012.3,50,3.7,10,1,0.0,0.0
2017,10,7,9,60,704.21,1371.84,158.33,7.56,154.45,9,27.2,23.0,78,1012.4,50,4.1,10,1,0.0,0.0
2017,10,7,10,60,924.14,1371.84,197.22,6.53,192.82,9,26.3,23.0,82,1012.7,40,4.0,-9900,-9900,0.0,0.5
2017,10,7,11,60,1076.56,1371.84,44.44,0.47,44.07,10,26.3,23.5,85,1012.4,40,4.3,10,1,1.0,0.8
2017,10,7,12,60,1151.08,1371.84,155.56,2.96,153.08,10,26.7,23.7,84,1011.8,40,4.1,-9900,-9900,0.0,0.0
2017,10,7,13,60,1142.63,1371.84,152.78,2.91,150.36,10,26.6,23.5,83,1011.4,50,3.7,-9900,-9900,0.0,0.7
2017,10,7,14,60,1051.78,1371.84,400.00,86.01,334.06,9,28.3,23.9,77,1010.6,40,5.4,15,1,0.5,0.4
2017,10,7,15,60,884.73,1371.84,563.89,546.20,211.63,9,28.8,23.3,72,1010.3,40,6.0,-9900,-9900,0.0,0.0
2017,10,7,16,60,652.87,1371.84,361.11,353.94,192.67,7,28.3,22.9,73,1010.4,50,5.5,-9900,-9900,0.0,0.0
2017,10,7,17,60,371.97,1371.84,177.78,213.50,119.89,8,26.6,22.7,79,1010.7,40,5.9,4,1,0.0,0.5
2017,10,7,18,60,76.79,951.19,0.00,0.00,0.00,8,26.2,23.4,85,1010.8,40,4.3,-9900,-9900,0.0,1.0
2017,10,7,19,60,0.00,0.00,0.00,0.00,0.00,8,26.5,23.2,82,1011.1,50,4.3,-9900,-9900,0.0,0.5
2017,10,7,20,60,0.00,0.00,0.00,0.00,0.00,7,26.7,23.4,82,1011.8,50,3.2,-9900,-9900,0.0,0.0
2017,10,7,21,60,0.00,0.00,0.00,0.00,0.00,7,26.8,22.5,77,1012.6,50,4.0,-9900,-9900,0.0,0.0
2017,10,7,22,60,0.00,0.00,0.00,0.00,0.00,7,26.8,22.5,77,1012.2,50,3.7,-9900,-9900,0.0,0.0
2017,10,7,23,60,0.00,0.00,0.00,0.00,0.00,7,26.8,22.7,78,1011.9,60,3.0,-9900,-9900,0.0,0.0
2017,10,7,24,60,0.00,0.00,0.00,0.00,0.00,7,26.9,22.8,78,1011.7,50,4.1,-9900,-9900,0.0,0.0
2017,10,8,1,60,0.00,0.00,0.00,0.00,0.00,6,26.8,23.0,80,1011.3,50,3.3,-9900,-9900,0.0,0.0
2017,10,8,2,60,0.00,0.00,0.00,0.00,0.00,6,26.9,23.0,79,1011.2,40,4.9,-9900,-9900,0.0,0.0
2017,10,8,3,60,0.00,0.00,0.00,0.00,0.00,6,26.5,22.8,80,1010.6,50,3.2,-9900,-9900,0.0,0.0
2017,10,8,4,60,0.00,0.00,0.00,0.00,0.00,6,26.6,22.8,80,1010.0,50,4.6,-9900,-9900,0.0,0.0
2017,10,8,5,60,0.00,0.00,0.00,0.00,0.00,6,26.6,22.6,79,1010.7,50,5.2,-9900,-9900,0.0,0.0
2017,10,8,6,60,0.00,0.00,0.00,0.00,0.00,5,26.5,22.7,80,1010.8,50,5.3,-9900,-9900,0.0,0.0
2017,10,8,7,60,123.88,1212.20,0.00,0.00,0.00,5,26.8,22.9,79,1011.2,50,4.4,-9900,-9900,0.0,0.0
2017,10,8,8,60,427.73,1372.62,161.11,82.54,135.39,5,27.5,23.4,78,1011.6,60,5.4,19,-9900,0.0,0.0
2017,10,8,9,60,700.10,1372.62,416.67,446.37,189.00,4,28.9,23.9,74,1012.1,50,5.8,19,-9900,0.0,0.0
2017,10,8,10,60,919.98,1372.62,483.33,298.34,283.37,6,27.9,23.9,79,1011.8,50,4.8,-9900,-9900,0.0,0.2
2017,10,8,11,60,1072.36,1372.62,336.11,35.38,308.47,8,29.0,25.6,82,1011.0,50,4.9,19,1,0.5,0.5
2017,10,8,12,60,1146.87,1372.62,811.11,722.31,207.60,7,30.9,25.4,73,1010.0,50,6.1,-9900,-9900,0.0,0.0
2017,10,8,13,60,1138.42,1372.62,791.67,692.14,217.63,9,29.0,24.9,79,1009.4,50,6.1,-9900,-9900,0.0,0.8
2017,10,8,14,60,1047.60,1372.62,513.89,234.75,334.73,8,29.5,25.7,80,1008.8,50,5.9,19,1,0.6,1.0
2017,10,8,15,60,880.59,1372.62,538.89,485.47,227.44,7,29.4,25.3,79,1008.5,50,7.3,-9900,-9900,0.2,1.0
2017,10,8,16,60,648.77,1372.62,227.78,60.40,199.23,10,27.4,25.0,87,1008.9,50,4.0,-9900,-9900,9.4,1.0
2017,10,8,17,60,367.94,1372.62,161.11,153.44,119.98,7,27.5,24.9,86,1009.3,50,4.8,19,1,0.3,0.5
2017,10,8,18,60,74.07,934.95,2.78,0.00,2.78,7,27.6,24.8,85,1009.6,50,5.3,-9900,-9900,0.0,0.0
2017,10,8,19,60,0.00,0.00,0.00,0.00,0.00,7,27.7,24.8,84,1009.7,40,3.9,-9900,-9900,0.0,0.0
2017,10,8,20,60,0.00,0.00,0.00,0.00,0.00,7,27.9,24.7,83,1009.8,50,5.3,-9900,-9900,0.0,0.0
2017,10,8,21,60,0.00,0.00,0.00,0.00,0.00,7,28.1,23.7,77,1010.4,50,4.8,-9900,-9900,0.0,0.0
2017,10,8,22,60,0.00,0.00,0.00,0.00,0.00,7,27.9,24.3,81,1010.4,50,3.7,-9900,-9900,0.0,0.0
2017,10,8,23,60,0.00,0.00,0.00,0.00,0.00,7,28.2,24.4,80,1010.9,50,3.9,-9900,-9900,0.0,0.0
2017,10,8,24,60,0.00,0.00,0.00,0.00,0.00,7,28.0,24.4,81,1010.4,50,3.9,-9900,-9900,0.0,0.0
2017,10,9,1,60,0.00,0.00,0.00,0.00,0.00,7,28.0,23.9,78,1010.3,40,3.5,-9900,-9900,0.0,0.0
2017,10,9,2,60,0.00,0.00,0.00,0.00,0.00,7,28.1,24.1,79,1009.8,40,4.4,-9900,-9900,0.0,0.0
2017,10,9,3,60,0.00,0.00,0.00,0.00,0.00,7,28.1,24.0,78,1009.4,50,3.9,-9900,-9900,0.0,0.0
2017,10,9,4,60,0.00,0.00,0.00,0.00,0.00,7,28.1,23.8,78,1009.1,50,4.3,-9900,-9900,0.0,0.0
2017,10,9,5,60,0.00,0.00,0.00,0.00,0.00,7,28.3,23.6,76,1009.2,60,3.4,-9900,-9900,0.0,0.0
2017,10,9,6,60,0.00,0.00,0.00,0.00,0.00,7,28.2,23.7,77,1009.6,50,3.3,-9900,-9900,0.0,0.0
2017,10,9,7,60,120.42,1196.15,27.78,0.00,27.78,7,28.6,24.0,76,1009.8,60,2.9,-9900,-9900,0.0,0.0
2017,10,9,8,60,423.68,1373.39,250.00,435.02,115.80,7,30.1,24.3,71,1010.0,60,3.5,60,-9900,0.0,0.0
2017,10,9,9,60,695.98,1373.39,483.33,690.09,133.62,7,31.5,23.8,64,1009.7,60,4.6,60,-9900,0.0,0.0
2017,10,9,10,60,915.79,1373.39,633.33,682.71,178.09,6,32.4,23.5,60,1009.7,60,4.7,-9900,-9900,0.0,0.0
2017,10,9,11,60,1068.13,1373.39,733.33,669.96,212.28,6,32.7,23.1,57,1008.7,60,5.4,60,-9900,0.0,0.0
2017,10,9,12,60,1142.62,1373.39,791.67,686.00,220.94,6,33.5,23.4,56,1008.2,70,6.1,-9900,-9900,0.0,0.0
2017,10,9,13,60,1134.17,1373.39,586.11,282.11,353.14,8,32.0,23.2,60,1008.1,100,4.7,-9900,-9900,0.0,0.0
2017,10,9,14,60,1043.37,1373.39,513.89,238.32,332.84,5,33.2,23.5,57,1007.8,100,3.7,45,-9900,0.0,0.0
2017,10,9,15,60,876.41,1373.39,533.33,477.67,228.51,5,32.6,23.5,59,1007.6,100,4.1,-9900,-9900,0.0,0.0
2017,10,9,16,60,644.66,1373.39,377.78,425.83,177.90,5,32.4,22.5,56,1007.7,60,3.4,-9900,-9900,0.0,0.0
2017,10,9,17,60,363.91,1373.39,161.11,160.24,118.65,4,31.1,22.5,60,1007.9,60,3.7,35,-9900,0.0,0.0
2017,10,9,18,60,71.41,918.75,0.00,0.00,0.00,4,30.5,22.5,62,1008.0,50,3.6,-9900,-9900,0.0,0.0
2017,10,9,19,60,0.00,0.00,0.00,0.00,0.00,4,30.2,22.5,63,1008.6,60,3.5,-9900,-9900,0.0,0.0
2017,10,9,20,60,0.00,0.00,0.00,0.00,0.00,4,29.9,22.4,64,1009.6,70,3.9,-9900,-9900,0.0,0.0
2017,10,9,21,60,0.00,0.00,0.00,0.00,0.00,4,29.7,22.5,65,1009.8,60,3.3,-9900,-9900,0.0,0.0
2017,10,9,22,60,0.00,0.00,0.00,0.00,0.00,4,29.4,23.0,69,1009.7,50,3.7,-9900,-9900,0.0,0.0
2017,10,9,23,60,0.00,0.00,0.00,0.00,0.00,4,29.1,22.6,68,1009.6,50,3.5,-9900,-9900,0.0,0.0
2017,10,9,24,60,0.00,0.00,0.00,0.00,0.00,4,28.6,23.4,74,1009.2,50,4.0,-9900,-9900,0.0,0.0
2017,10,10,1,60,0.00,0.00,0.00,0.00,0.00,5,28.6,23.2,73,1008.7,50,3.3,-9900,-9900,0.0,0.0
2017,10,10,2,60,0.00,0.00,0.00,0.00,0.00,5,28.7,22.6,70,1008.4,50,3.4,-9900,-9900,0.0,0.0
2017,10,10,3,60,0.00,0.00,0.00,0.00,0.00,5,28.3,23.3,74,1008.2,50,3.4,-9900,-9900,0.0,0.0
2017,10,10,4,60,0.00,0.00,0.00,0.00,0.00,5,28.6,22.7,70,1008.1,50,3.3,-9900,-9900,0.0,0.0
2017,10,10,5,60,0.00,0.00,0.00,0.00,0.00,5,28.1,23.6,77,1008.6,40,2.5,-9900,-9900,0.0,0.0
2017,10,10,6,60,0.00,0.00,0.00,0.00,0.00,5,27.8,23.7,78,1009.1,90,2.4,-9900,-9900,0.1,0.3
2017,10,10,7,60,117.03,1180.13,41.67,0.00,41.67,5,28.0,24.3,80,1009.4,50,2.5,-9900,-9900,0.0,0.1
2017,10,10,8,60,419.63,1374.15,244.44,418.21,116.73,5,29.6,24.3,73,1010.0,50,2.7,13,-9900,0.0,0.0
2017,10,10,9,60,691.84,1374.15,447.22,569.43,160.53,6,30.8,23.9,67,1010.3,60,4.2,13,1,0.0,0.0
2017,10,10,10,60,911.58,1374.15,583.33,553.38,216.23,7,31.9,24.0,63,1009.8,90,4.8,-9900,-9900,0.0,0.0
2017,10,10,11,60,1063.87,1374.15,711.11,624.37,227.72,5,31.4,24.6,67,1009.5,80,2.8,18,-9900,0.0,0.0
2017,10,10,12,60,1138.33,1374.15,730.56,557.99,268.33,7,32.5,23.7,60,1009.1,50,5.7,-9900,-9900,0.0,0.0
2017,10,10,13,60,1129.89,1374.15,580.56,276.73,353.02,7,32.9,23.5,58,1008.5,70,4.6,-9900,-9900,0.0,0.0
2017,10,10,14,60,1039.12,1374.15,663.89,550.89,247.31,3,33.2,23.8,58,1007.7,50,4.6,25,-9900,0.0,0.0
2017,10,10,15,60,872.21,1374.15,561.11,561.77,204.54,3,33.3,23.5,57,1007.5,50,3.6,-9900,-9900,0.0,0.0
2017,10,10,16,60,640.53,1374.15,375.00,424.80,176.99,4,32.3,23.7,61,1008.0,70,4.1,-9900,-9900,0.0,0.0
2017,10,10,17,60,359.88,1374.15,122.22,51.89,108.63,5,30.6,23.2,65,1008.4,60,5.2,25,-9900,0.0,0.0
2017,10,10,18,60,68.81,902.58,0.00,0.00,0.00,5,29.9,23.6,69,1008.6,60,4.5,-9900,-9900,0.0,0.0
2017,10,10,19,60,0.00,0.00,0.00,0.00,0.00,5,29.5,23.7,71,1008.9,50,4.7,-9900,-9900,0.0,0.0
2017,10,10,20,60,0.00,0.00,0.00,0.00,0.00,5,29.5,23.6,71,1009.2,50,4.3,-9900,-9900,0.0,0.0
2017,10,10,21,60,0.00,0.00,0.00,0.00,0.00,5,29.5,23.1,69,1009.4,60,4.8,-9900,-9900,0.0,0.0
2017,10,10,22,60,0.00,0.00,0.00,0.00,0.00,5,29.5,22.6,66,1009.4,50,4.4,-9900,-9900,0.0,0.0
2017,10,10,23,60,0.00,0.00,0.00,0.00,0.00,5,29.4,22.9,68,1009.1,50,4.3,-9900,-9900,0.0,0.0
2017,10,10,24,60,0.00,0.00,0.00,0.00,0.00,5,29.3,22.9,68,1008.6,40,6.0,-9900,-9900,0.0,0.0
2017,10,11,1,60,0.00,0.00,0.00,0.00,0.00,5,29.2,22.8,68,1008.3,50,4.5,-9900,-9900,0.0,0.0
2017,10,11,2,60,0.00,0.00,0.00,0.00,0.00,5,29.1,23.1,70,1008.0,50,4.0,-9900,-9900,0.0,0.0
2017,10,11,3,60,0.00,0.00,0.00,0.00,0.00,5,29.0,23.3,71,1007.9,40,3.7,-9900,-9900,0.0,0.0
2017,10,11,4,60,0.00,0.00,0.00,0.00,0.00,5,28.9,23.4,72,1008.3,50,3.7,-9900,-9900,0.0,0.0
2017,10,11,5,60,0.00,0.00,0.00,0.00,0.00,5,28.3,23.7,76,1008.4,40,4.1,-9900,-9900,0.0,0.0
2017,10,11,6,60,0.00,0.00,0.00,0.00,0.00,5,27.6,23.9,80,1009.0,50,3.4,-9900,-9900,0.0,0.0
2017,10,11,7,60,113.69,1164.18,86.11,0.00,86.11,5,28.3,24.2,78,1009.4,60,3.4,-9900,-9900,0.0,0.0
2017,10,11,8,60,415.58,1374.92,277.78,624.74,88.95,5,29.6,24.7,75,1009.8,50,3.5,20,-9900,0.0,0.0
2017,10,11,9,60,687.69,1374.92,241.67,60.76,211.28,9,28.2,24.0,78,1009.9,60,3.6,15,1,0.8,0.2
2017,10,11,10,60,907.36,1374.92,600.00,606.71,199.61,8,30.3,23.7,68,1009.8,50,4.8,-9900,-9900,0.0,0.0
2017,10,11,11,60,1059.59,1374.92,736.11,691.50,203.20,5,31.1,23.6,64,1008.8,40,4.5,25,-9900,0.0,0.0
2017,10,11,12,60,1134.02,1374.92,775.00,662.70,228.41,6,32.5,23.6,60,1008.0,60,3.4,-9900,-9900,0.0,0.0
2017,10,11,13,60,1125.59,1374.92,794.44,719.84,205.14,5,32.4,23.2,58,1007.4,50,6.2,-9900,-9900,0.0,0.0
2017,10,11,14,60,1034.85,1374.92,583.33,377.14,299.47,7,32.0,23.4,61,1007.0,50,4.2,25,1,0.0,0.0
2017,10,11,15,60,867.99,1374.92,383.33,158.91,283.01,9,27.6,24.9,85,1007.7,70,3.4,-9900,-9900,3.0,0.4
2017,10,11,16,60,636.40,1374.92,150.00,9.01,145.83,9,28.9,24.9,79,1007.5,50,3.7,-9900,-9900,0.0,0.5
2017,10,11,17,60,355.85,1374.92,52.78,0.00,52.78,6,28.7,24.7,79,1007.9,60,4.0,25,1,0.0,0.0
2017,10,11,18,60,66.26,886.46,0.00,0.00,0.00,6,28.1,23.5,76,1008.6,60,5.5,-9900,-9900,0.0,0.0
2017,10,11,19,60,0.00,0.00,0.00,0.00,0.00,7,27.1,23.2,79,1009.2,50,4.0,-9900,-9900,0.0,0.0
2017,10,11,20,60,0.00,0.00,0.00,0.00,0.00,7,27.1,22.7,77,1009.8,50,3.7,-9900,-9900,0.0,0.0
2017,10,11,21,60,0.00,0.00,0.00,0.00,0.00,7,25.9,22.5,82,1010.1,50,3.9,-9900,-9900,0.9,0.3
2017,10,11,22,60,0.00,0.00,0.00,0.00,0.00,7,25.8,22.7,83,1010.2,50,4.9,-9900,-9900,0.3,0.1
2017,10,11,23,60,0.00,0.00,0.00,0.00,0.00,8,26.2,22.8,82,1009.9,50,4.5,-9900,-9900,0.2,0.2
2017,10,11,24,60,0.00,0.00,0.00,0.00,0.00,8,24.8,22.3,86,1009.8,50,3.7,-9900,-9900,2.5,0.5
2017,10,12,1,60,0.00,0.00,0.00,0.00,0.00,8,24.7,22.4,87,1009.5,70,2.9,-9900,-9900,0.6,1.0
2017,10,12,2,60,0.00,0.00,0.00,0.00,0.00,8,25.1,22.7,87,1009.1,40,3.4,-9900,-9900,0.9,0.8
2017,10,12,3,60,0.00,0.00,0.00,0.00,0.00,9,24.7,21.8,84,1008.7,50,4.1,-9900,-9900,0.0,0.0
2017,10,12,4,60,0.00,0.00,0.00,0.00,0.00,9,24.9,22.5,87,1008.3,50,2.7,-9900,-9900,0.0,0.0
2017,10,12,5,60,0.00,0.00,0.00,0.00,0.00,9,25.3,22.8,86,1008.0,40,3.4,-9900,-9900,0.9,0.3
2017,10,12,6,60,0.00,0.00,0.00,0.00,0.00,9,25.6,23.1,86,1008.7,50,3.3,-9900,-9900,0.0,0.0
2017,10,12,7,60,110.41,1148.26,0.00,0.00,0.00,10,25.6,23.4,88,1008.8,60,1.9,-9900,-9900,1.2,0.4
2017,10,12,8,60,411.53,1375.68,0.00,0.00,0.00,10,25.7,23.5,88,1008.8,60,2.7,5,1,3.5,1.0
2017,10,12,9,60,683.54,1375.68,86.15,2.64,84.84,10,25.8,23.7,88,1008.9,70,3.0,4,1,8.0,1.0
2017,10,12,10,60,903.11,1375.68,41.67,0.55,41.31,10,26.0,23.7,87,1008.5,40,3.4,-9900,-9900,9.4,1.0
2017,10,12,11,60,1055.28,1375.68,13.89,0.10,13.81,10,25.3,23.9,92,1008.0,20,1.4,4,1,26.8,1.0
2017,10,12,12,60,1129.69,1375.68,50.00,0.52,49.57,10,26.3,24.2,88,1007.2,40,2.9,-9900,-9900,14.2,1.0
2017,10,12,13,60,1121.25,1375.68,138.89,2.56,136.80,10,26.1,23.6,86,1006.6,50,4.3,-9900,-9900,1.8,1.0
2017,10,12,14,60,1030.55,1375.68,113.89,2.12,112.30,10,26.2,23.9,87,1006.3,40,3.5,4,1,3.2,1.0
2017,10,12,15,60,863.77,1375.68,130.56,3.58,128.31,10,25.9,23.5,87,1006.2,40,3.9,-9900,-9900,2.6,1.0
2017,10,12,16,60,632.27,1375.68,116.67,5.07,114.34,10,26.3,23.8,86,1006.8,50,4.2,-9900,-9900,1.0,1.0
2017,10,12,17,60,351.83,1375.68,0.00,0.00,0.00,10,25.6,23.3,87,1006.9,40,5.3,8,1,8.6,1.0
2017,10,12,18,60,63.77,870.40,0.00,0.00,0.00,10,25.6,23.4,88,1007.3,90,3.4,-9900,-9900,12.8,1.0
2017,10,12,19,60,0.00,0.00,0.00,0.00,0.00,10,25.3,23.1,88,1007.7,70,3.7,-9900,-9900,6.6,1.0
2017,10,12,20,60,0.00,0.00,0.00,0.00,0.00,10,25.8,23.1,85,1008.3,60,3.1,-9900,-9900,3.2,1.0
2017,10,12,21,60,0.00,0.00,0.00,0.00,0.00,10,25.5,23.2,87,1008.5,100,3.1,-9900,-9900,2.4,1.0
2017,10,12,22,60,0.00,0.00,0.00,0.00,0.00,10,25.3,23.2,88,1008.5,70,3.2,-9900,-9900,8.3,1.0
2017,10,12,23,60,0.00,0.00,0.00,0.00,0.00,10,25.8,22.8,84,1008.1,50,4.8,-9900,-9900,1.6,0.6
2017,10,12,24,60,0.00,0.00,0.00,0.00,0.00,10,25.6,22.6,84,1007.7,50,4.5,-9900,-9900,0.6,0.4
2017,10,13,1,60,0.00,0.00,0.00,0.00,0.00,10,25.6,22.3,82,1007.0,60,4.8,-9900,-9900,0.5,1.0
2017,10,13,2,60,0.00,0.00,0.00,0.00,0.00,10,24.9,22.1,84,1006.8,60,4.3,-9900,-9900,0.9,1.0
2017,10,13,3,60,0.00,0.00,0.00,0.00,0.00,10,24.9,21.7,82,1006.3,50,4.5,-9900,-9900,1.0,1.0
2017,10,13,4,60,0.00,0.00,0.00,0.00,0.00,10,25.2,21.5,80,1005.9,40,3.9,-9900,-9900,0.1,1.0
2017,10,13,5,60,0.00,0.00,0.00,0.00,0.00,10,24.5,21.2,82,1006.2,50,4.2,-9900,-9900,0.1,1.0
2017,10,13,6,60,0.00,0.00,0.00,0.00,0.00,10,25.0,21.4,80,1006.5,50,5.4,-9900,-9900,0.0,1.0
2017,10,13,7,60,107.19,1132.40,0.00,0.00,0.00,10,24.4,21.3,83,1007.0,50,5.2,-9900,-9900,0.0,1.0
2017,10,13,8,60,407.50,1376.44,61.11,3.55,60.06,10,24.4,21.6,84,1007.2,50,5.2,4,1,0.3,1.0
2017,10,13,9,60,679.38,1376.44,66.67,1.74,65.81,10,24.4,21.6,84,1007.5,50,4.3,4,1,1.0,1.0
2017,10,13,10,60,898.85,1376.44,127.78,3.23,125.67,10,24.2,21.6,85,1007.0,50,6.0,-9900,-9900,1.5,1.0
2017,10,13,11,60,1050.95,1376.44,150.00,3.25,147.52,10,24.3,21.8,86,1006.1,50,4.8,4,1,1.5,1.0
2017,10,13,12,60,1125.33,1376.44,111.11,1.76,109.67,10,24.6,22.2,87,1005.1,40,3.8,-9900,-9900,4.0,1.0
2017,10,13,13,60,1116.90,1376.44,25.00,0.21,24.83,10,24.7,22.5,88,1004.2,60,4.2,-9900,-9900,3.5,1.0
2017,10,13,14,60,1026.24,1376.44,63.89,0.86,63.25,10,24.6,22.4,88,1003.6,40,6.1,1,1,6.0,1.0
2017,10,13,15,60,859.53,1376.44,69.44,1.28,68.64,10,24.8,22.5,87,1003.0,50,4.9,-9900,-9900,3.0,1.0
2017,10,13,16,60,628.14,1376.44,116.67,5.13,114.33,10,25.0,22.6,87,1003.0,50,4.1,-9900,-9900,6.5,1.0
2017,10,13,17,60,347.83,1376.44,0.00,0.00,0.00,10,25.4,22.6,85,1002.5,50,5.8,4,1,4.5,1.0
2017,10,13,18,60,61.35,854.39,0.00,0.00,0.00,10,25.3,22.5,85,1002.5,50,4.5,-9900,-9900,6.0,1.0
2017,10,13,19,60,0.00,0.00,0.00,0.00,0.00,10,25.3,22.6,85,1003.4,50,7.0,-9900,-9900,1.5,1.0
2017,10,13,20,60,0.00,0.00,0.00,0.00,0.00,10,25.1,22.7,87,1003.8,50,4.3,-9900,-9900,3.0,1.0
2017,10,13,21,60,0.00,0.00,0.00,0.00,0.00,10,25.3,22.6,85,1003.5,50,4.9,-9900,-9900,6.0,1.0
2017,10,13,22,60,0.00,0.00,0.00,0.00,0.00,10,25.0,22.8,88,1003.6,50,5.1,-9900,-9900,9.5,1.0
2017,10,13,23,60,0.00,0.00,0.00,0.00,0.00,10,25.3,22.9,87,1002.8,50,3.8,-9900,-9900,5.0,1.0
2017,10,13,24,60,0.00,0.00,0.00,0.00,0.00,10,25.5,23.5,89,1002.5,70,3.5,-9900,-9900,12.5,1.0
2017,10,14,1,60,0.00,0.00,0.00,0.00,0.00,10,25.6,23.6,89,1001.8,40,4.3,-9900,-9900,15.0,1.0
2017,10,14,2,60,0.00,0.00,0.00,0.00,0.00,10,25.7,23.6,88,1000.9,50,3.4,-9900,-9900,1.0,1.0
2017,10,14,3,60,0.00,0.00,0.00,0.00,0.00,10,25.8,23.7,88,1000.8,50,4.0,-9900,-9900,0.5,1.0
2017,10,14,4,60,0.00,0.00,0.00,0.00,0.00,10,25.7,23.6,88,1000.7,40,3.2,-9900,-9900,1.5,1.0
2017,10,14,5,60,0.00,0.00,0.00,0.00,0.00,10,25.9,23.6,87,1000.9,50,3.3,-9900,-9900,4.0,1.0
2017,10,14,6,60,0.00,0.00,0.00,0.00,0.00,10,25.7,23.9,90,1001.4,40,2.8,-9900,-9900,7.5,1.0
2017,10,14,7,60,104.03,1116.61,0.00,0.00,0.00,10,25.9,24.2,90,1002.3,60,3.3,-9900,-9900,7.5,1.0
2017,10,14,8,60,403.47,1377.20,0.00,0.00,0.00,10,25.8,23.4,87,1002.6,60,3.6,19,0,6.0,1.0
2017,10,14,9,60,675.22,1377.20,58.33,1.43,57.63,10,25.9,23.9,89,1002.7,50,5.0,30,0,1.0,1.0
2017,10,14,10,60,894.58,1377.20,136.11,3.63,133.75,10,26.0,23.9,88,1002.4,50,3.7,-9900,-9900,1.5,1.0
2017,10,14,11,60,1046.61,1377.20,166.67,3.92,163.69,10,26.5,24.2,87,1001.8,50,5.0,19,1,0.5,1.0
2017,10,14,12,60,1120.94,1377.20,200.00,4.78,196.11,10,26.6,24.6,89,1000.9,40,3.7,-9900,-9900,4.5,1.0
2017,10,14,13,60,1112.52,1377.20,211.11,5.32,206.81,10,26.3,24.5,90,1000.5,50,4.0,-9900,-9900,7.0,1.0
2017,10,14,14,60,1021.90,1377.20,100.00,1.74,98.71,10,26.6,24.5,88,1000.0,50,3.1,6,0,1.5,1.0
2017,10,14,15,60,855.28,1377.20,5.56,0.05,5.53,10,26.0,24.4,91,1000.1,30,2.9,-9900,-9900,9.5,1.0
2017,10,14,16,60,624.00,1377.20,76.84,2.54,75.69,10,27.1,24.5,86,999.9,50,3.9,-9900,-9900,0.5,1.0
2017,10,14,17,60,343.82,1377.20,0.00,0.00,0.00,10,26.3,24.4,89,1000.9,60,3.6,4,0,9.0,1.0
2017,10,14,18,60,58.97,838.43,0.00,0.00,0.00,10,26.3,23.8,86,1000.9,50,4.2,-9900,-9900,0.5,1.0
2017,10,14,19,60,0.00,0.00,0.00,0.00,0.00,10,26.3,23.9,87,1001.0,50,4.3,-9900,-9900,3.0,1.0
2017,10,14,20,60,0.00,0.00,0.00,0.00,0.00,10,26.6,23.8,85,1001.0,50,5.6,-9900,-9900,0.0,0.0
2017,10,14,21,60,0.00,0.00,0.00,0.00,0.00,10,26.4,23.7,85,1002.2,50,4.1,-9900,-9900,1.0,1.0
2017,10,14,22,60,0.00,0.00,0.00,0.00,0.00,10,27.0,23.5,81,1001.8,70,4.7,-9900,-9900,0.0,0.0
2017,10,14,23,60,0.00,0.00,0.00,0.00,0.00,10,26.9,23.5,82,1001.7,70,5.7,-9900,-9900,1.0,1.0
2017,10,14,24,60,0.00,0.00,0.00,0.00,0.00,10,26.8,23.7,83,1002.1,60,3.4,-9900,-9900,0.5,1.0
2017,10,15,1,60,0.00,0.00,0.00,0.00,0.00,10,26.1,24.0,88,1001.4,50,5.5,-9900,-9900,3.0,1.0
2017,10,15,2,60,0.00,0.00,0.00,0.00,0.00,10,26.6,24.1,86,1000.7,50,5.6,-9900,-9900,1.5,1.0
2017,10,15,3,60,0.00,0.00,0.00,0.00,0.00,10,26.8,23.6,83,1000.9,50,3.9,-9900,-9900,0.5,1.0
2017,10,15,4,60,0.00,0.00,0.00,0.00,0.00,10,26.5,23.3,83,1001.2,60,3.3,-9900,-9900,0.0,1.0
2017,10,15,5,60,0.00,0.00,0.00,0.00,0.00,10,26.0,23.4,86,1001.8,50,2.9,-9900,-9900,0.5,1.0
2017,10,15,6,60,0.00,0.00,0.00,0.00,0.00,10,25.7,23.7,89,1002.3,40,2.6,-9900,-9900,3.0,1.0
2017,10,15,7,60,100.93,1100.87,0.00,0.00,0.00,10,25.9,23.8,88,1003.0,40,2.9,-9900,-9900,2.5,1.0
2017,10,15,8,60,399.44,1377.96,0.00,0.00,0.00,10,26.3,24.0,87,1003.8,40,2.0,8,0,2.5,1.0
2017,10,15,9,60,671.05,1377.96,80.30,2.42,79.12,10,26.0,24.4,91,1004.3,70,0.4,19,0,2.5,1.0
2017,10,15,10,60,890.31,1377.96,132.65,3.50,130.39,10,26.2,24.3,89,1004.1,50,1.9,-9900,-9900,3.5,1.0
2017,10,15,11,60,1042.26,1377.96,22.22,0.20,22.07,10,26.3,24.4,89,1003.8,40,2.3,5,0,3.0,1.0
2017,10,15,12,60,1116.55,1377.96,130.56,2.33,128.67,10,26.5,24.9,91,1003.6,200,1.8,-9900,-9900,2.0,1.0
2017,10,15,13,60,1108.13,1377.96,166.67,3.56,163.81,10,26.3,24.8,91,1003.6,190,0.4,-9900,-9900,2.0,1.0
2017,10,15,14,60,1017.56,1377.96,166.67,4.12,163.63,10,26.8,24.9,89,1003.4,200,0.4,5,1,1.5,1.0
2017,10,15,15,60,851.02,1377.96,11.11,0.11,11.04,10,26.5,24.7,90,1003.6,230,0.8,-9900,-9900,1.0,1.0
2017,10,15,16,60,619.86,1377.96,69.51,2.18,68.53,10,26.2,24.4,90,1004.4,0,0.0,-9900,-9900,1.0,1.0
2017,10,15,17,60,339.83,1377.96,0.00,0.00,0.00,10,25.9,24.2,90,1004.7,240,1.0,13,5,1.5,1.0
2017,10,15,18,60,56.65,822.55,0.00,0.00,0.00,10,25.6,24.1,91,1004.9,80,0.4,-9900,-9900,0.5,1.0
2017,10,15,19,60,0.00,0.00,0.00,0.00,0.00,10,25.6,24.0,91,1005.5,90,0.8,-9900,-9900,0.5,0.9
2017,10,15,20,60,0.00,0.00,0.00,0.00,0.00,9,25.7,24.3,92,1006.1,0,0.0,-9900,-9900,0.0,0.0
2017,10,15,21,60,0.00,0.00,0.00,0.00,0.00,9,25.7,24.4,93,1006.7,210,1.1,-9900,-9900,0.0,0.0
2017,10,15,22,60,0.00,0.00,0.00,0.00,0.00,9,25.6,24.2,92,1006.9,100,0.9,-9900,-9900,0.0,0.0
2017,10,15,23,60,0.00,0.00,0.00,0.00,0.00,9,25.6,24.3,93,1006.9,200,1.0,-9900,-9900,0.0,0.0
2017,10,15,24,60,0.00,0.00,0.00,0.00,0.00,9,25.4,24.0,92,1006.7,200,0.9,-9900,-9900,0.0,0.0
2017,10,16,1,60,0.00,0.00,0.00,0.00,0.00,8,25.1,23.8,93,1006.5,200,0.7,-9900,-9900,0.0,0.0
2017,10,16,2,60,0.00,0.00,0.00,0.00,0.00,8,25.0,23.6,92,1006.4,160,0.6,-9900,-9900,0.0,0.0
2017,10,16,3,60,0.00,0.00,0.00,0.00,0.00,8,24.8,23.5,92,1006.3,110,0.7,-9900,-9900,0.0,0.0
2017,10,16,4,60,0.00,0.00,0.00,0.00,0.00,8,24.7,23.3,92,1006.2,200,1.0,-9900,-9900,0.0,0.0
2017,10,16,5,60,0.00,0.00,0.00,0.00,0.00,8,24.5,23.1,92,1006.3,130,0.6,-9900,-9900,0.0,0.0
2017,10,16,6,60,0.00,0.00,0.00,0.00,0.00,7,24.4,22.9,91,1007.0,110,0.5,-9900,-9900,0.0,0.0
2017,10,16,7,60,97.90,1085.20,88.89,0.00,88.89,7,24.9,23.3,91,1007.4,190,0.4,-9900,-9900,0.0,0.0
2017,10,16,8,60,395.43,1378.71,275.00,695.29,75.58,7,27.3,25.7,91,1007.9,130,0.3,18,-9900,0.0,0.0
2017,10,16,9,60,666.90,1378.71,444.44,621.43,143.85,8,29.2,25.6,81,1008.0,40,0.3,13,-9900,0.0,0.0
2017,10,16,10,60,886.02,1378.71,569.44,562.08,208.22,8,30.4,24.7,72,1007.7,230,0.9,-9900,-9900,0.0,0.0
2017,10,16,11,60,1037.89,1378.71,666.67,561.19,244.21,8,31.8,24.2,64,1007.1,360,0.6,22,-9900,0.0,0.0
2017,10,16,12,60,1112.14,1378.71,655.56,435.30,304.42,8,32.4,24.1,62,1006.1,150,0.7,-9900,-9900,0.0,0.0
2017,10,16,13,60,1103.73,1378.71,602.78,341.19,329.64,9,31.5,24.8,68,1005.7,300,1.9,-9900,-9900,0.0,0.0
2017,10,16,14,60,1013.21,1378.71,233.33,8.27,227.25,9,31.1,24.1,66,1005.3,240,1.0,18,1,0.0,0.0
2017,10,16,15,60,846.76,1378.71,180.56,6.56,176.53,9,31.2,22.4,60,1005.5,70,3.3,-9900,-9900,0.0,0.0
2017,10,16,16,60,615.72,1378.71,175.00,21.90,165.22,8,30.9,22.1,60,1006.0,70,4.5,-9900,-9900,0.0,0.0
2017,10,16,17,60,335.85,1378.71,108.33,0.00,108.33,7,30.4,22.1,61,1006.3,70,4.1,30,-9900,0.0,0.0
2017,10,16,18,60,54.39,806.72,0.00,0.00,0.00,7,29.4,22.9,68,1006.9,50,5.0,-9900,-9900,0.0,0.0
2017,10,16,19,60,0.00,0.00,0.00,0.00,0.00,7,28.9,23.5,73,1007.6,50,5.3,-9900,-9900,0.0,0.0
2017,10,16,20,60,0.00,0.00,0.00,0.00,0.00,8,28.6,23.8,75,1008.4,50,3.6,-9900,-9900,0.0,0.0
2017,10,16,21,60,0.00,0.00,0.00,0.00,0.00,8,27.8,23.4,77,1008.8,50,4.3,-9900,-9900,0.0,0.0
2017,10,16,22,60,0.00,0.00,0.00,0.00,0.00,8,27.5,23.0,77,1009.2,40,4.8,-9900,-9900,0.0,0.0
2017,10,16,23,60,0.00,0.00,0.00,0.00,0.00,8,27.1,22.9,78,1009.6,40,4.7,-9900,-9900,0.0,0.0
2017,10,16,24,60,0.00,0.00,0.00,0.00,0.00,8,26.8,23.0,80,1009.5,40,3.4,-9900,-9900,0.0,0.0
2017,10,17,1,60,0.00,0.00,0.00,0.00,0.00,9,26.5,22.8,80,1009.5,40,3.4,-9900,-9900,0.0,0.0
2017,10,17,2,60,0.00,0.00,0.00,0.00,0.00,9,25.6,22.8,85,1009.5,50,4.1,-9900,-9900,0.6,0.5
2017,10,17,3,60,0.00,0.00,0.00,0.00,0.00,9,25.6,22.8,85,1009.4,50,3.6,-9900,-9900,0.0,0.0
2017,10,17,4,60,0.00,0.00,0.00,0.00,0.00,9,25.7,22.7,84,1009.2,50,3.6,-9900,-9900,0.0,0.0
2017,10,17,5,60,0.00,0.00,0.00,0.00,0.00,9,25.8,22.7,83,1009.7,50,3.5,-9900,-9900,0.0,0.0
2017,10,17,6,60,0.00,0.00,0.00,0.00,0.00,10,25.4,22.4,83,1010.3,50,3.3,-9900,-9900,0.1,0.4
2017,10,17,7,60,94.92,1069.60,0.00,0.00,0.00,10,25.4,22.7,85,1010.8,50,2.2,-9900,-9900,0.1,0.1
2017,10,17,8,60,391.44,1379.46,52.78,2.96,51.94,10,25.6,22.9,85,1011.2,70,1.9,9,1,0.1,0.1
2017,10,17,9,60,662.73,1379.46,88.89,2.93,87.48,10,25.6,23.2,87,1011.6,90,1.7,8,1,0.6,1.0
2017,10,17,10,60,881.73,1379.46,141.67,3.99,139.12,10,26.0,23.4,86,1011.5,90,1.2,-9900,-9900,0.4,0.9
2017,10,17,11,60,1033.51,1379.46,216.67,6.35,211.91,10,26.8,24.0,85,1011.1,210,1.4,18,1,0.0,0.0
2017,10,17,12,60,1107.72,1379.46,550.00,246.35,352.18,9,29.0,24.1,75,1010.0,50,4.3,-9900,-9900,0.0,0.0
2017,10,17,13,60,1099.31,1379.46,552.78,257.63,347.47,9,29.2,23.5,71,1009.3,50,4.3,-9900,-9900,0.0,0.0
2017,10,17,14,60,1008.84,1379.46,230.56,8.05,224.67,8,28.2,22.5,71,1008.6,50,3.8,15,1,0.0,0.0
2017,10,17,15,60,842.49,1379.46,222.22,15.10,213.00,8,27.5,22.2,73,1008.6,50,4.7,-9900,-9900,0.0,0.0
2017,10,17,16,60,611.60,1379.46,200.00,43.60,180.67,8,27.4,22.0,72,1008.9,50,5.0,-9900,-9900,0.0,0.0
2017,10,17,17,60,331.88,1379.46,25.00,0.00,25.00,8,26.9,21.8,74,1009.3,40,2.7,25,1,0.0,0.0
2017,10,17,18,60,52.19,790.97,0.00,0.00,0.00,8,26.5,21.8,75,1009.7,40,2.8,-9900,-9900,0.0,0.0
2017,10,17,19,60,0.00,0.00,0.00,0.00,0.00,8,26.4,21.8,76,1010.1,20,2.9,-9900,-9900,0.0,0.0
2017,10,17,20,60,0.00,0.00,0.00,0.00,0.00,8,26.4,21.5,74,1010.7,50,4.2,-9900,-9900,0.0,0.0
2017,10,17,21,60,0.00,0.00,0.00,0.00,0.00,8,26.3,21.5,75,1010.7,50,2.7,-9900,-9900,0.0,0.0
2017,10,17,22,60,0.00,0.00,0.00,0.00,0.00,8,25.8,21.4,77,1010.8,50,3.3,-9900,-9900,0.0,0.0
2017,10,17,23,60,0.00,0.00,0.00,0.00,0.00,8,25.7,21.5,78,1010.8,70,2.6,-9900,-9900,0.0,0.2
2017,10,17,24,60,0.00,0.00,0.00,0.00,0.00,8,25.4,21.7,80,1010.5,70,2.6,-9900,-9900,0.0,0.0
2017,10,18,1,60,0.00,0.00,0.00,0.00,0.00,7,25.5,21.7,80,1009.9,80,2.0,-9900,-9900,0.0,0.0
2017,10,18,2,60,0.00,0.00,0.00,0.00,0.00,7,25.4,21.7,80,1009.5,110,1.6,-9900,-9900,0.0,0.0
2017,10,18,3,60,0.00,0.00,0.00,0.00,0.00,7,24.8,21.2,80,1009.1,50,3.1,-9900,-9900,0.6,0.2
2017,10,18,4,60,0.00,0.00,0.00,0.00,0.00,7,24.7,22.0,85,1009.0,80,1.5,-9900,-9900,0.0,0.0
2017,10,18,5,60,0.00,0.00,0.00,0.00,0.00,7,24.9,22.2,85,1009.1,30,0.5,-9900,-9900,0.0,0.0
2017,10,18,6,60,0.00,0.00,0.00,0.00,0.00,7,25.1,22.3,84,1009.5,50,1.1,-9900,-9900,0.0,0.0
2017,10,18,7,60,92.00,1054.07,0.00,0.00,0.00,7,25.6,22.0,81,1010.2,60,1.0,-9900,-9900,0.0,0.0
2017,10,18,8,60,387.45,1380.20,161.11,125.68,125.83,7,26.5,22.5,79,1010.3,60,0.3,15,1,0.0,0.0
2017,10,18,9,60,658.58,1380.20,150.00,7.96,146.20,9,26.7,22.3,77,1010.5,50,2.5,20,1,0.0,0.0
2017,10,18,10,60,877.43,1380.20,222.22,12.43,214.32,10,26.0,22.3,80,1010.5,70,2.1,-9900,-9900,0.1,0.1
2017,10,18,11,60,1029.11,1380.20,216.67,6.38,211.91,10,26.2,22.4,80,1009.9,60,1.4,8,1,0.1,0.2
2017,10,18,12,60,1103.28,1380.20,166.67,3.59,163.80,10,26.2,22.4,80,1009.3,50,3.7,-9900,-9900,0.0,0.1
2017,10,18,13,60,1094.87,1380.20,166.67,3.64,163.78,10,26.5,22.0,76,1008.5,50,3.4,-9900,-9900,0.0,0.0
2017,10,18,14,60,1004.46,1380.20,200.00,5.81,195.77,9,26.8,22.1,75,1008.4,60,2.5,15,1,0.0,0.0
2017,10,18,15,60,838.22,1380.20,113.89,3.00,112.07,10,25.7,22.1,81,1008.4,50,3.0,-9900,-9900,0.0,0.0
2017,10,18,16,60,607.47,1380.20,44.44,1.11,43.95,10,25.4,21.8,81,1008.6,50,3.0,-9900,-9900,0.0,0.0
2017,10,18,17,60,327.94,1380.20,0.00,0.00,0.00,10,24.8,22.1,85,1008.9,40,2.2,7,1,1.4,1.0
2017,10,18,18,60,50.04,775.29,0.00,0.00,0.00,10,24.9,22.0,84,1009.3,20,2.5,-9900,-9900,0.5,1.0
2017,10,18,19,60,0.00,0.00,0.00,0.00,0.00,10,24.8,22.1,85,1009.7,30,1.8,-9900,-9900,0.9,1.0
2017,10,18,20,60,0.00,0.00,0.00,0.00,0.00,10,24.6,21.8,84,1010.2,40,1.8,-9900,-9900,0.3,0.8
2017,10,18,21,60,0.00,0.00,0.00,0.00,0.00,10,24.1,21.3,84,1010.5,50,3.3,-9900,-9900,0.2,0.2
2017,10,18,22,60,0.00,0.00,0.00,0.00,0.00,10,24.2,21.4,84,1010.3,40,2.2,-9900,-9900,0.1,0.1
2017,10,18,23,60,0.00,0.00,0.00,0.00,0.00,10,24.1,21.4,85,1010.0,90,1.5,-9900,-9900,0.2,0.2
2017,10,18,24,60,0.00,0.00,0.00,0.00,0.00,10,24.0,21.3,85,1009.6,70,2.5,-9900,-9900,0.2,0.3
2017,10,19,1,60,0.00,0.00,0.00,0.00,0.00,10,23.5,21.2,87,1009.2,80,2.3,-9900,-9900,0.0,0.0
2017,10,19,2,60,0.00,0.00,0.00,0.00,0.00,10,23.1,20.9,87,1008.9,80,1.8,-9900,-9900,0.5,1.0
2017,10,19,3,60,0.00,0.00,0.00,0.00,0.00,10,22.9,20.8,88,1008.2,60,1.6,-9900,-9900,0.2,0.8
2017,10,19,4,60,0.00,0.00,0.00,0.00,0.00,10,23.3,21.0,87,1007.8,50,1.8,-9900,-9900,0.0,1.0
2017,10,19,5,60,0.00,0.00,0.00,0.00,0.00,10,23.4,21.0,86,1007.7,50,2.2,-9900,-9900,0.0,0.0
2017,10,19,6,60,0.00,0.00,0.00,0.00,0.00,10,23.2,21.0,87,1008.0,70,1.0,-9900,-9900,0.0,0.0
2017,10,19,7,60,89.15,1038.62,0.00,0.00,0.00,10,23.8,21.0,84,1008.6,50,2.1,-9900,-9900,0.0,1.0
2017,10,19,8,60,383.47,1380.94,0.00,0.00,0.00,10,23.7,21.1,85,1009.4,50,1.6,8,1,0.0,0.1
2017,10,19,9,60,654.42,1380.94,38.89,0.80,38.51,10,24.2,21.4,84,1009.7,70,1.5,8,1,0.5,0.3
2017,10,19,10,60,873.14,1380.94,127.78,3.40,125.63,10,24.0,21.3,85,1009.4,50,2.3,-9900,-9900,0.0,0.0
2017,10,19,11,60,1024.72,1380.94,155.56,3.63,152.87,10,24.3,21.9,86,1008.6,60,2.0,7,1,0.5,1.0
2017,10,19,12,60,1098.83,1380.94,197.22,4.84,193.37,10,25.1,22.2,84,1008.0,50,2.6,-9900,-9900,0.5,0.5
2017,10,19,13,60,1090.43,1380.94,130.56,2.43,128.64,10,24.7,21.8,84,1007.4,50,3.2,-9900,-9900,0.0,0.0
2017,10,19,14,60,1000.08,1380.94,169.44,4.38,166.27,10,25.5,21.9,81,1006.9,50,3.3,15,1,0.0,0.2
2017,10,19,15,60,833.95,1380.94,147.22,4.70,144.38,10,25.4,21.6,80,1006.6,40,3.2,-9900,-9900,0.0,0.0
2017,10,19,16,60,603.35,1380.94,11.11,0.16,11.04,10,25.0,21.2,79,1006.8,50,3.6,-9900,-9900,0.0,0.0
2017,10,19,17,60,324.01,1380.94,0.00,0.00,0.00,9,25.3,21.1,78,1006.7,20,2.7,11,1,0.0,0.0
2017,10,19,18,60,47.96,759.69,0.00,0.00,0.00,9,25.0,20.9,78,1007.1,40,2.7,-9900,-9900,0.0,0.0
2017,10,19,19,60,0.00,0.00,0.00,0.00,0.00,9,24.9,20.9,78,1007.4,50,3.5,-9900,-9900,0.0,0.0
2017,10,19,20,60,0.00,0.00,0.00,0.00,0.00,9,24.6,20.9,80,1008.0,50,4.1,-9900,-9900,0.0,0.0
2017,10,19,21,60,0.00,0.00,0.00,0.00,0.00,9,24.9,21.0,79,1008.0,50,1.6,-9900,-9900,0.0,0.0
2017,10,19,22,60,0.00,0.00,0.00,0.00,0.00,9,23.7,21.1,85,1008.4,50,3.5,-9900,-9900,2.0,1.0
2017,10,19,23,60,0.00,0.00,0.00,0.00,0.00,9,23.3,20.9,86,1008.2,60,3.4,-9900,-9900,3.0,1.0
2017,10,19,24,60,0.00,0.00,0.00,0.00,0.00,9,23.3,20.9,86,1008.0,60,3.5,-9900,-9900,2.5,1.0
2017,10,20,1,60,0.00,0.00,0.00,0.00,0.00,10,23.2,20.9,87,1007.6,70,2.2,-9900,-9900,0.0,0.0
2017,10,20,2,60,0.00,0.00,0.00,0.00,0.00,10,23.3,20.8,86,1007.1,40,1.6,-9900,-9900,0.5,0.5
2017,10,20,3,60,0.00,0.00,0.00,0.00,0.00,10,23.3,20.6,85,1006.8,50,2.5,-9900,-9900,0.0,0.0
2017,10,20,4,60,0.00,0.00,0.00,0.00,0.00,10,23.0,20.4,85,1006.8,60,2.4,-9900,-9900,0.0,0.0
2017,10,20,5,60,0.00,0.00,0.00,0.00,0.00,10,22.8,20.1,85,1007.3,60,3.0,-9900,-9900,0.0,0.0
2017,10,20,6,60,0.00,0.00,0.00,0.00,0.00,10,22.7,20.2,86,1007.9,80,2.3,-9900,-9900,0.0,0.0
2017,10,20,7,60,86.36,1023.26,0.00,0.00,0.00,10,22.7,20.0,85,1008.6,80,2.6,-9900,-9900,0.0,0.0
2017,10,20,8,60,379.53,1381.68,0.00,0.00,0.00,10,22.5,19.7,84,1009.0,100,2.7,13,0,0.0,0.5
2017,10,20,9,60,650.29,1381.68,66.67,1.89,65.78,10,22.7,20.1,85,1009.2,80,2.7,1,0,0.0,1.0
2017,10,20,10,60,868.85,1381.68,119.44,3.07,117.51,10,23.4,20.3,83,1009.0,50,4.7,-9900,-9900,0.0,1.0
2017,10,20,11,60,1020.32,1381.68,230.56,7.75,224.84,9,24.5,20.5,78,1008.5,60,2.8,25,1,0.0,0.5
2017,10,20,12,60,1094.39,1381.68,175.00,3.96,171.86,10,24.0,20.3,80,1007.8,60,1.9,-9900,-9900,0.0,0.0
2017,10,20,13,60,1085.99,1381.68,130.56,2.44,128.64,10,23.8,19.9,79,1007.0,60,2.0,-9900,-9900,0.0,0.2
2017,10,20,14,60,995.71,1381.68,138.89,3.14,136.63,10,23.8,19.6,77,1006.7,70,1.2,30,1,0.0,0.2
2017,10,20,15,60,829.69,1381.68,166.67,5.91,163.12,10,23.8,19.6,77,1006.8,100,1.6,-9900,-9900,0.0,0.0
2017,10,20,16,60,599.26,1381.68,2.78,0.02,2.77,10,23.4,19.6,79,1007.0,150,0.7,-9900,-9900,0.0,0.0
2017,10,20,17,60,320.09,1381.68,0.00,0.00,0.00,10,22.5,19.9,85,1007.2,190,1.3,6,1,1.0,1.0
2017,10,20,18,60,45.93,744.18,0.00,0.00,0.00,10,22.6,20.2,86,1007.2,180,1.2,-9900,-9900,0.0,0.0
2017,10,20,19,60,0.00,0.00,0.00,0.00,0.00,10,22.6,20.0,85,1007.7,200,1.5,-9900,-9900,0.0,0.0
2017,10,20,20,60,0.00,0.00,0.00,0.00,0.00,10,22.5,19.9,85,1008.5,70,0.6,-9900,-9900,0.0,0.0
2017,10,20,21,60,0.00,0.00,0.00,0.00,0.00,10,22.5,19.0,81,1008.8,10,2.2,-9900,-9900,0.0,0.0
2017,10,20,22,60,0.00,0.00,0.00,0.00,0.00,10,22.6,19.5,83,1008.7,230,0.7,-9900,-9900,0.0,0.0
2017,10,20,23,60,0.00,0.00,0.00,0.00,0.00,10,22.6,18.8,79,1008.4,200,1.2,-9900,-9900,0.0,0.0
2017,10,20,24,60,0.00,0.00,0.00,0.00,0.00,10,21.6,18.7,84,1008.3,260,0.7,-9900,-9900,0.5,0.1
2017,10,21,1,60,0.00,0.00,0.00,0.00,0.00,10,21.5,19.1,86,1007.8,220,1.3,-9900,-9900,0.0,0.3
2017,10,21,2,60,0.00,0.00,0.00,0.00,0.00,10,21.0,18.6,86,1007.3,270,0.5,-9900,-9900,0.5,1.0
2017,10,21,3,60,0.00,0.00,0.00,0.00,0.00,10,20.9,18.4,86,1007.0,260,0.5,-9900,-9900,0.0,0.6
2017,10,21,4,60,0.00,0.00,0.00,0.00,0.00,10,20.9,18.2,85,1006.9,250,1.7,-9900,-9900,0.5,1.0
2017,10,21,5,60,0.00,0.00,0.00,0.00,0.00,10,21.1,18.1,83,1006.9,270,0.9,-9900,-9900,0.0,1.0
2017,10,21,6,60,0.00,0.00,0.00,0.00,0.00,10,20.7,18.3,86,1007.4,330,0.9,-9900,-9900,0.5,0.5
2017,10,21,7,60,83.63,1007.98,0.00,0.00,0.00,10,20.6,18.3,87,1007.8,300,0.3,-9900,-9900,0.5,1.0
2017,10,21,8,60,375.59,1382.41,0.00,0.00,0.00,10,21.2,18.3,84,1008.3,320,0.6,5,0,0.0,1.0
2017,10,21,9,60,646.15,1382.41,22.22,0.36,22.05,10,21.2,18.3,84,1009.0,320,0.3,10,0,0.5,1.0
2017,10,21,10,60,864.56,1382.41,47.22,0.70,46.78,10,21.9,18.9,83,1008.8,330,0.7,-9900,-9900,0.5,1.0
2017,10,21,11,60,1015.93,1382.41,166.67,4.15,163.62,10,22.6,18.3,77,1008.3,0,0.0,19,1,0.0,1.0
2017,10,21,12,60,1089.93,1382.41,125.00,2.27,123.21,10,22.3,17.9,76,1008.0,320,2.1,-9900,-9900,0.0,0.5
2017,10,21,13,60,1081.54,1382.41,97.22,1.52,96.03,10,22.5,17.7,74,1007.5,330,2.3,-9900,-9900,0.0,0.5
2017,10,21,14,60,991.33,1382.41,169.44,4.45,166.25,10,23.2,17.7,71,1007.2,320,1.9,19,0,0.0,1.0
2017,10,21,15,60,825.43,1382.41,30.56,0.40,30.32,10,22.3,17.5,74,1007.1,300,1.1,-9900,-9900,0.0,1.0
2017,10,21,16,60,595.16,1382.41,102.78,4.53,100.83,10,22.2,17.2,73,1007.1,340,0.6,-9900,-9900,0.0,1.0
2017,10,21,17,60,316.21,1382.41,0.00,0.00,0.00,10,22.3,17.1,72,1007.4,330,1.1,13,1,0.5,0.7
2017,10,21,18,60,43.96,728.76,0.00,0.00,0.00,10,22.6,15.8,65,1007.6,310,0.9,-9900,-9900,0.0,0.0
2017,10,21,19,60,0.00,0.00,0.00,0.00,0.00,10,22.6,15.3,63,1008.0,360,1.6,-9900,-9900,0.0,0.0
2017,10,21,20,60,0.00,0.00,0.00,0.00,0.00,10,22.4,13.4,57,1008.6,330,3.3,-9900,-9900,0.0,0.0
2017,10,21,21,60,0.00,0.00,0.00,0.00,0.00,10,22.3,13.1,56,1008.3,320,1.4,-9900,-9900,0.0,0.0
2017,10,21,22,60,0.00,0.00,0.00,0.00,0.00,10,22.3,12.8,55,1008.1,330,1.3,-9900,-9900,0.0,0.0
2017,10,21,23,60,0.00,0.00,0.00,0.00,0.00,10,22.2,12.6,55,1008.0,320,1.5,-9900,-9900,0.0,0.0
2017,10,21,24,60,0.00,0.00,0.00,0.00,0.00,10,22.1,12.1,53,1007.9,310,1.1,-9900,-9900,0.0,0.0
2017,10,22,1,60,0.00,0.00,0.00,0.00,0.00,9,22.1,12.0,53,1007.8,310,1.4,-9900,-9900,0.0,0.0
2017,10,22,2,60,0.00,0.00,0.00,0.00,0.00,9,21.8,12.2,54,1007.6,300,2.6,-9900,-9900,0.0,0.0
2017,10,22,3,60,0.00,0.00,0.00,0.00,0.00,9,21.7,12.3,55,1007.2,310,1.6,-9900,-9900,0.0,0.0
2017,10,22,4,60,0.00,0.00,0.00,0.00,0.00,9,21.7,12.4,55,1007.2,290,1.4,-9900,-9900,0.0,0.0
2017,10,22,5,60,0.00,0.00,0.00,0.00,0.00,9,21.5,12.6,57,1007.5,290,1.1,-9900,-9900,0.0,0.0
2017,10,22,6,60,0.00,0.00,0.00,0.00,0.00,9,21.5,12.5,57,1008.0,300,1.3,-9900,-9900,0.0,0.0
2017,10,22,7,60,80.96,992.80,0.00,0.00,0.00,9,21.4,12.8,58,1008.5,310,2.0,-9900,-9900,0.0,0.0
2017,10,22,8,60,371.68,1383.14,19.44,0.67,19.26,9,21.7,13.1,58,1008.9,300,1.8,20,1,0.0,0.0
2017,10,22,9,60,642.05,1383.14,163.89,12.93,157.89,9,22.1,13.4,58,1009.3,300,1.2,13,1,0.0,0.0
2017,10,22,10,60,860.29,1383.14,213.89,11.43,206.78,10,22.7,14.1,58,1009.2,310,1.7,-9900,-9900,0.0,0.0
2017,10,22,11,60,1011.53,1383.14,311.11,32.50,287.34,9,23.0,13.6,55,1008.7,310,1.9,13,1,0.0,0.0
2017,10,22,12,60,1085.49,1383.14,500.00,187.73,352.67,9,24.0,13.7,53,1008.1,320,3.2,-9900,-9900,0.0,0.0
2017,10,22,13,60,1077.11,1383.14,586.11,338.21,322.73,7,24.5,13.6,51,1007.5,300,3.5,-9900,-9900,0.0,0.0
2017,10,22,14,60,986.95,1383.14,558.33,383.78,284.48,7,24.2,13.2,50,1007.2,320,1.5,10,1,0.0,0.0
2017,10,22,15,60,821.18,1383.14,497.22,473.88,215.87,7,24.6,12.7,47,1007.4,310,1.4,-9900,-9900,0.0,0.0
2017,10,22,16,60,591.08,1383.14,263.89,166.70,192.65,5,22.7,11.4,49,1007.9,350,1.5,-9900,-9900,0.0,0.0
2017,10,22,17,60,312.34,1383.14,97.22,0.00,97.22,5,21.9,11.5,52,1008.4,50,0.9,12,-9900,0.0,0.0
2017,10,22,18,60,42.04,713.43,0.00,0.00,0.00,5,21.4,11.4,53,1009.2,330,0.3,-9900,-9900,0.0,0.0
2017,10,22,19,60,0.00,0.00,0.00,0.00,0.00,6,21.2,11.1,52,1010.1,30,1.1,-9900,-9900,0.0,0.0
2017,10,22,20,60,0.00,0.00,0.00,0.00,0.00,6,20.7,11.2,54,1010.5,30,0.3,-9900,-9900,0.0,0.0
2017,10,22,21,60,0.00,0.00,0.00,0.00,0.00,6,19.7,12.5,63,1010.8,140,1.4,-9900,-9900,0.0,0.0
2017,10,22,22,60,0.00,0.00,0.00,0.00,0.00,7,19.5,12.5,64,1010.9,150,1.5,-9900,-9900,0.0,0.0
2017,10,22,23,60,0.00,0.00,0.00,0.00,0.00,7,19.7,12.3,62,1011.0,150,1.3,-9900,-9900,0.0,0.0
2017,10,22,24,60,0.00,0.00,0.00,0.00,0.00,7,19.8,12.4,62,1011.0,150,1.0,-9900,-9900,0.0,0.0
2017,10,23,1,60,0.00,0.00,0.00,0.00,0.00,8,19.5,12.9,66,1010.6,190,0.7,-9900,-9900,0.0,0.0
2017,10,23,2,60,0.00,0.00,0.00,0.00,0.00,8,19.3,13.1,67,1010.7,120,1.0,-9900,-9900,0.0,0.0
2017,10,23,3,60,0.00,0.00,0.00,0.00,0.00,8,19.6,13.2,67,1010.6,130,0.9,-9900,-9900,0.0,0.0
2017,10,23,4,60,0.00,0.00,0.00,0.00,0.00,9,19.2,13.2,68,1010.8,140,0.5,-9900,-9900,0.0,0.0
2017,10,23,5,60,0.00,0.00,0.00,0.00,0.00,9,19.6,13.2,67,1011.0,120,0.8,-9900,-9900,0.0,0.0
2017,10,23,6,60,0.00,0.00,0.00,0.00,0.00,9,19.7,13.4,67,1011.9,190,1.2,-9900,-9900,0.0,0.0
2017,10,23,7,60,78.36,977.71,0.00,0.00,0.00,10,20.0,13.6,67,1012.3,150,1.0,-9900,-9900,0.0,0.0
2017,10,23,8,60,367.80,1383.86,0.00,0.00,0.00,10,20.4,14.0,67,1013.0,130,0.7,9,1,0.0,0.0
2017,10,23,9,60,637.94,1383.86,8.33,0.11,8.28,10,21.2,14.6,66,1013.6,170,0.6,7,1,0.0,0.0
2017,10,23,10,60,856.01,1383.86,55.56,0.92,54.99,10,21.4,14.5,65,1014.0,210,0.6,-9900,-9900,0.0,0.0
2017,10,23,11,60,1007.15,1383.86,16.67,0.15,16.56,10,22.4,14.7,62,1013.7,330,0.3,7,1,0.0,0.0
2017,10,23,12,60,1081.04,1383.86,555.56,278.86,337.72,7,24.8,15.0,54,1013.2,70,2.9,-9900,-9900,0.0,0.0
2017,10,23,13,60,1072.66,1383.86,616.67,404.14,303.41,8,25.3,15.3,54,1012.4,30,3.1,-9900,-9900,0.0,0.0
2017,10,23,14,60,982.58,1383.86,575.00,427.22,271.66,6,25.0,15.0,54,1012.2,50,2.6,9,-9900,0.0,0.0
2017,10,23,15,60,816.94,1383.86,408.33,253.03,258.96,9,24.7,15.3,56,1012.7,40,3.5,-9900,-9900,0.0,0.0
2017,10,23,16,60,587.03,1383.86,211.11,67.87,182.32,9,23.8,15.0,58,1012.9,40,2.6,-9900,-9900,0.0,0.0
2017,10,23,17,60,308.50,1383.86,44.44,0.00,44.44,9,23.2,15.1,60,1013.5,50,2.4,13,1,0.0,0.0
2017,10,23,18,60,40.18,698.19,0.00,0.00,0.00,9,23.0,15.1,61,1013.8,70,3.0,-9900,-9900,0.0,0.0
2017,10,23,19,60,0.00,0.00,0.00,0.00,0.00,9,23.0,15.0,61,1014.6,40,2.7,-9900,-9900,0.0,0.0
2017,10,23,20,60,0.00,0.00,0.00,0.00,0.00,9,22.7,15.0,62,1015.2,40,2.2,-9900,-9900,0.0,0.0
2017,10,23,21,60,0.00,0.00,0.00,0.00,0.00,9,22.3,15.2,64,1015.5,100,1.2,-9900,-9900,0.0,0.0
2017,10,23,22,60,0.00,0.00,0.00,0.00,0.00,9,22.4,15.1,63,1015.4,90,1.3,-9900,-9900,0.0,0.0
2017,10,23,23,60,0.00,0.00,0.00,0.00,0.00,9,21.3,15.3,69,1015.5,170,0.3,-9900,-9900,0.0,0.0
2017,10,23,24,60,0.00,0.00,0.00,0.00,0.00,9,21.0,15.2,69,1015.3,150,1.0,-9900,-9900,0.0,0.0
2017,10,24,1,60,0.00,0.00,0.00,0.00,0.00,8,21.1,14.8,67,1015.2,120,1.9,-9900,-9900,0.0,0.0
2017,10,24,2,60,0.00,0.00,0.00,0.00,0.00,8,20.7,14.7,68,1015.0,100,1.2,-9900,-9900,0.0,0.0
2017,10,24,3,60,0.00,0.00,0.00,0.00,0.00,8,20.3,15.1,72,1015.2,170,1.1,-9900,-9900,0.0,0.0
2017,10,24,4,60,0.00,0.00,0.00,0.00,0.00,8,20.2,14.9,72,1015.3,150,2.1,-9900,-9900,0.0,0.0
2017,10,24,5,60,0.00,0.00,0.00,0.00,0.00,8,20.4,15.2,72,1015.7,160,1.6,-9900,-9900,0.0,0.0
2017,10,24,6,60,0.00,0.00,0.00,0.00,0.00,8,20.1,15.0,72,1016.4,170,1.1,-9900,-9900,0.0,0.0
2017,10,24,7,60,75.81,962.73,0.00,0.00,0.00,8,20.4,15.3,73,1017.0,150,1.4,-9900,-9900,0.0,0.0
2017,10,24,8,60,363.93,1384.58,63.89,4.68,62.66,8,21.7,16.0,70,1017.7,130,0.9,13,1,0.0,0.0
2017,10,24,9,60,633.86,1384.58,30.56,0.59,30.29,10,21.9,16.9,73,1018.1,80,2.2,13,1,0.0,0.6
2017,10,24,10,60,851.76,1384.58,102.78,2.47,101.26,8,22.1,17.6,76,1017.8,110,1.6,-9900,-9900,0.2,0.8
2017,10,24,11,60,1002.77,1384.58,219.44,7.03,214.35,10,23.1,18.0,73,1017.1,100,1.3,12,1,0.0,0.0
2017,10,24,12,60,1076.60,1384.58,283.33,15.00,271.67,8,23.2,17.6,71,1016.5,70,2.6,-9900,-9900,0.0,0.0
2017,10,24,13,60,1068.23,1384.58,491.67,187.38,347.10,9,24.7,17.7,65,1015.8,50,4.7,-9900,-9900,0.0,0.0
2017,10,24,14,60,978.23,1384.58,313.89,39.97,285.65,10,23.4,17.3,69,1015.9,40,2.7,13,1,0.0,0.0
2017,10,24,15,60,812.72,1384.58,213.89,14.99,205.09,10,23.2,16.8,67,1015.7,50,3.3,-9900,-9900,0.0,0.0
2017,10,24,16,60,582.99,1384.58,36.11,0.85,35.75,9,22.7,16.4,68,1015.9,60,3.3,-9900,-9900,0.0,0.0
2017,10,24,17,60,304.69,1384.58,55.56,0.00,55.56,9,22.9,16.2,66,1016.1,40,3.0,12,1,0.0,0.0
2017,10,24,18,60,38.38,683.07,0.00,0.00,0.00,9,23.0,16.2,66,1016.4,50,2.9,-9900,-9900,0.0,0.0
2017,10,24,19,60,0.00,0.00,0.00,0.00,0.00,9,23.0,16.0,65,1017.0,60,2.9,-9900,-9900,0.0,0.0
2017,10,24,20,60,0.00,0.00,0.00,0.00,0.00,9,22.3,16.3,69,1017.6,90,2.8,-9900,-9900,0.0,0.0
2017,10,24,21,60,0.00,0.00,0.00,0.00,0.00,9,22.5,16.1,67,1017.5,80,2.1,-9900,-9900,0.0,0.0
2017,10,24,22,60,0.00,0.00,0.00,0.00,0.00,9,22.5,16.1,67,1017.4,70,1.9,-9900,-9900,0.0,0.0
2017,10,24,23,60,0.00,0.00,0.00,0.00,0.00,9,21.8,15.9,69,1017.2,110,1.6,-9900,-9900,0.0,0.0
2017,10,24,24,60,0.00,0.00,0.00,0.00,0.00,9,22.1,15.2,65,1017.1,80,3.4,-9900,-9900,0.0,0.0
2017,10,25,1,60,0.00,0.00,0.00,0.00,0.00,8,21.9,15.2,66,1016.8,70,2.9,-9900,-9900,0.0,0.0
2017,10,25,2,60,0.00,0.00,0.00,0.00,0.00,8,21.8,15.1,66,1016.6,60,2.0,-9900,-9900,0.0,0.0
2017,10,25,3,60,0.00,0.00,0.00,0.00,0.00,8,22.1,15.2,65,1016.3,80,1.5,-9900,-9900,0.0,0.0
2017,10,25,4,60,0.00,0.00,0.00,0.00,0.00,8,22.2,15.0,64,1016.0,70,2.4,-9900,-9900,0.0,0.0
2017,10,25,5,60,0.00,0.00,0.00,0.00,0.00,8,22.0,15.1,65,1016.3,60,2.1,-9900,-9900,0.0,0.0
2017,10,25,6,60,0.00,0.00,0.00,0.00,0.00,8,21.9,15.1,65,1016.8,70,2.0,-9900,-9900,0.0,0.0
2017,10,25,7,60,73.34,947.85,5.56,0.00,5.56,8,22.0,15.1,65,1017.3,60,2.8,-9900,-9900,0.0,0.0
2017,10,25,8,60,360.10,1385.29,152.78,136.76,117.23,8,22.6,15.1,63,1017.7,50,4.2,15,-9900,0.0,0.0
2017,10,25,9,60,629.80,1385.29,247.22,99.40,202.03,8,23.5,15.3,60,1017.8,50,2.1,15,-9900,0.0,0.0
2017,10,25,10,60,847.51,1385.29,330.56,96.75,271.37,8,24.1,15.5,59,1017.4,50,3.2,-9900,-9900,0.0,0.0
2017,10,25,11,60,998.40,1385.29,405.56,114.64,322.94,7,23.9,14.6,56,1016.7,50,5.7,20,-9900,0.0,0.0
2017,10,25,12,60,1072.17,1385.29,375.00,59.90,328.64,8,24.5,14.3,53,1016.0,40,5.1,-9900,-9900,0.0,0.0
2017,10,25,13,60,1063.81,1385.29,369.44,57.99,324.91,8,25.0,14.0,50,1015.2,50,3.5,-9900,-9900,0.0,0.0
2017,10,25,14,60,973.87,1385.29,347.22,65.35,301.28,8,25.0,14.6,52,1014.6,40,4.3,20,-9900,0.0,0.0
2017,10,25,15,60,808.50,1385.29,322.22,105.94,260.39,6,24.9,15.3,55,1014.6,50,3.4,-9900,-9900,0.0,0.0
2017,10,25,16,60,578.97,1385.29,202.78,60.27,177.59,6,24.5,14.6,54,1014.8,50,3.9,-9900,-9900,0.0,0.0
2017,10,25,17,60,300.91,1385.29,91.67,0.00,91.67,2,23.9,14.8,57,1015.0,50,3.6,20,-9900,0.0,0.0
2017,10,25,18,60,36.64,668.04,0.00,0.00,0.00,2,23.6,15.2,59,1015.2,50,4.9,-9900,-9900,0.0,0.0
2017,10,25,19,60,0.00,0.00,0.00,0.00,0.00,2,23.0,15.2,61,1015.5,80,1.9,-9900,-9900,0.0,0.0
2017,10,25,20,60,0.00,0.00,0.00,0.00,0.00,2,22.5,15.2,63,1015.7,100,1.9,-9900,-9900,0.0,0.0
2017,10,25,21,60,0.00,0.00,0.00,0.00,0.00,3,22.0,15.2,65,1015.6,110,2.0,-9900,-9900,0.0,0.0
2017,10,25,22,60,0.00,0.00,0.00,0.00,0.00,3,22.1,15.2,65,1015.4,90,2.1,-9900,-9900,0.0,0.0
2017,10,25,23,60,0.00,0.00,0.00,0.00,0.00,3,21.9,15.1,65,1015.1,110,2.0,-9900,-9900,0.0,0.0
2017,10,25,24,60,0.00,0.00,0.00,0.00,0.00,3,21.7,14.8,65,1014.6,110,1.9,-9900,-9900,0.0,0.0
2017,10,26,1,60,0.00,0.00,0.00,0.00,0.00,3,21.0,14.4,66,1014.1,110,1.3,-9900,-9900,0.0,0.0
2017,10,26,2,60,0.00,0.00,0.00,0.00,0.00,3,20.6,14.3,67,1013.4,30,1.1,-9900,-9900,0.0,0.0
2017,10,26,3,60,0.00,0.00,0.00,0.00,0.00,3,20.1,14.3,69,1013.2,180,1.1,-9900,-9900,0.0,0.0
2017,10,26,4,60,0.00,0.00,0.00,0.00,0.00,3,19.7,14.0,70,1013.3,170,1.1,-9900,-9900,0.0,0.0
2017,10,26,5,60,0.00,0.00,0.00,0.00,0.00,4,19.4,14.0,71,1013.2,130,0.4,-9900,-9900,0.0,0.0
2017,10,26,6,60,0.00,0.00,0.00,0.00,0.00,4,19.3,14.3,73,1013.7,190,0.8,-9900,-9900,0.0,0.0
2017,10,26,7,60,70.92,933.09,27.78,0.00,27.78,4,20.5,14.9,70,1014.2,180,0.7,-9900,-9900,0.0,0.0
2017,10,26,8,60,356.30,1386.00,230.56,0.00,230.56,4,22.8,16.3,67,1014.3,160,1.1,20,-9900,0.0,0.0
2017,10,26,9,60,625.77,1386.00,300.00,218.14,201.51,6,24.1,15.4,58,1014.6,50,3.2,25,-9900,0.0,0.0
2017,10,26,10,60,843.28,1386.00,341.67,113.49,272.62,7,24.6,15.2,56,1014.2,40,3.4,-9900,-9900,0.0,0.0
2017,10,26,11,60,994.04,1386.00,694.44,707.10,187.31,6,25.7,15.5,53,1013.5,40,3.5,25,-9900,0.0,0.0
2017,10,26,12,60,1067.75,1386.00,588.89,354.24,315.99,7,26.5,15.6,51,1012.5,30,3.2,-9900,-9900,0.0,0.0
2017,10,26,13,60,1059.40,1386.00,825.00,885.06,148.50,8,26.8,16.2,52,1011.7,10,4.3,-9900,-9900,0.0,0.0
2017,10,26,14,60,969.54,1386.00,708.33,789.41,156.12,7,26.6,16.4,54,1010.9,20,2.3,25,-9900,0.0,0.0
2017,10,26,15,60,804.32,1386.00,411.11,274.08,252.06,8,25.1,15.2,54,1011.0,20,3.8,-9900,-9900,0.0,0.0
2017,10,26,16,60,574.98,1386.00,247.22,144.25,187.38,8,24.5,15.1,56,1011.0,20,2.8,-9900,-9900,0.0,0.0
2017,10,26,17,60,297.15,1386.00,100.00,0.00,100.00,7,23.8,15.1,58,1011.2,360,2.9,20,-9900,0.0,0.0
2017,10,26,18,60,34.95,653.14,0.00,0.00,0.00,7,23.8,15.3,59,1011.6,30,2.3,-9900,-9900,0.0,0.0
2017,10,26,19,60,0.00,0.00,0.00,0.00,0.00,7,23.6,15.3,60,1012.0,40,2.6,-9900,-9900,0.0,0.0
2017,10,26,20,60,0.00,0.00,0.00,0.00,0.00,7,23.4,15.2,60,1012.3,40,3.7,-9900,-9900,0.0,0.0
2017,10,26,21,60,0.00,0.00,0.00,0.00,0.00,7,23.2,15.1,60,1012.3,50,3.1,-9900,-9900,0.0,0.0
2017,10,26,22,60,0.00,0.00,0.00,0.00,0.00,7,23.1,15.0,60,1012.1,50,2.4,-9900,-9900,0.0,0.0
2017,10,26,23,60,0.00,0.00,0.00,0.00,0.00,7,22.8,15.1,62,1011.8,30,1.6,-9900,-9900,0.0,0.0
2017,10,26,24,60,0.00,0.00,0.00,0.00,0.00,7,22.6,15.0,62,1011.3,50,1.5,-9900,-9900,0.0,0.0
2017,10,27,1,60,0.00,0.00,0.00,0.00,0.00,7,22.0,15.8,68,1010.9,170,0.5,-9900,-9900,0.0,0.0
2017,10,27,2,60,0.00,0.00,0.00,0.00,0.00,7,21.1,15.7,71,1010.4,180,0.8,-9900,-9900,0.0,0.0
2017,10,27,3,60,0.00,0.00,0.00,0.00,0.00,7,20.8,15.4,71,1010.1,160,1.2,-9900,-9900,0.0,0.0
2017,10,27,4,60,0.00,0.00,0.00,0.00,0.00,7,20.5,15.0,71,1010.1,150,1.3,-9900,-9900,0.0,0.0
2017,10,27,5,60,0.00,0.00,0.00,0.00,0.00,7,20.6,15.1,71,1010.5,180,0.8,-9900,-9900,0.0,0.0
2017,10,27,6,60,0.00,0.00,0.00,0.00,0.00,7,20.8,15.2,70,1010.7,120,0.7,-9900,-9900,0.0,0.0
2017,10,27,7,60,68.56,918.44,0.00,0.00,0.00,7,21.3,15.5,70,1011.2,150,1.0,-9900,-9900,0.0,0.0
2017,10,27,8,60,352.52,1386.70,97.22,0.00,97.22,7,22.0,15.4,66,1011.3,190,0.8,22,1,0.0,0.0
2017,10,27,9,60,621.75,1386.70,197.22,37.87,180.24,9,23.6,16.3,64,1011.4,180,1.0,22,1,0.0,0.0
2017,10,27,10,60,839.09,1386.70,208.33,11.39,201.44,9,24.3,15.6,58,1011.0,250,1.1,-9900,-9900,0.0,0.0
2017,10,27,11,60,989.70,1386.70,147.22,3.52,144.71,9,23.6,16.4,64,1010.4,150,1.0,16,1,0.0,0.0
2017,10,27,12,60,1063.35,1386.70,119.44,2.19,117.76,9,24.1,17.1,65,1009.6,130,0.6,-9900,-9900,0.0,0.0
2017,10,27,13,60,1055.00,1386.70,186.11,4.72,182.52,9,24.5,16.4,61,1008.7,10,1.6,-9900,-9900,0.0,0.0
2017,10,27,14,60,965.23,1386.70,291.67,29.87,270.88,8,26.0,16.9,57,1008.3,10,2.8,16,1,0.0,0.0
2017,10,27,15,60,800.15,1386.70,194.44,10.35,188.47,8,24.8,15.6,57,1008.4,360,3.3,-9900,-9900,0.0,0.0
2017,10,27,16,60,571.01,1386.70,188.89,46.29,169.83,7,24.6,15.5,57,1008.4,350,2.9,-9900,-9900,0.0,0.0
2017,10,27,17,60,293.43,1386.70,55.56,0.00,55.56,8,24.3,15.3,57,1008.9,10,1.8,16,1,0.0,0.0
2017,10,27,18,60,33.31,638.35,0.00,0.00,0.00,8,24.0,16.2,62,1009.5,360,0.4,-9900,-9900,0.0,0.0
2017,10,27,19,60,0.00,0.00,0.00,0.00,0.00,8,24.0,16.1,61,1009.5,20,1.9,-9900,-9900,0.0,0.0
2017,10,27,20,60,0.00,0.00,0.00,0.00,0.00,8,23.9,16.0,61,1009.7,110,1.3,-9900,-9900,0.0,0.0
2017,10,27,21,60,0.00,0.00,0.00,0.00,0.00,9,23.4,16.7,66,1009.5,200,1.4,-9900,-9900,0.0,0.0
2017,10,27,22,60,0.00,0.00,0.00,0.00,0.00,9,23.2,16.8,67,1009.3,150,1.2,-9900,-9900,0.0,0.0
2017,10,27,23,60,0.00,0.00,0.00,0.00,0.00,9,22.8,17.3,71,1008.9,140,1.1,-9900,-9900,0.0,0.0
2017,10,27,24,60,0.00,0.00,0.00,0.00,0.00,9,21.8,17.9,79,1008.5,140,0.8,-9900,-9900,0.1,0.8
2017,10,28,1,60,0.00,0.00,0.00,0.00,0.00,9,21.9,18.2,80,1008.6,150,0.3,-9900,-9900,0.0,1.0
2017,10,28,2,60,0.00,0.00,0.00,0.00,0.00,9,22.0,17.9,78,1008.6,0,0.0,-9900,-9900,0.0,1.0
2017,10,28,3,60,0.00,0.00,0.00,0.00,0.00,9,21.9,17.8,78,1008.2,360,0.3,-9900,-9900,0.0,1.0
2017,10,28,4,60,0.00,0.00,0.00,0.00,0.00,9,21.5,17.3,77,1008.1,330,0.5,-9900,-9900,0.1,1.0
2017,10,28,5,60,0.00,0.00,0.00,0.00,0.00,10,21.7,17.5,77,1008.5,180,0.8,-9900,-9900,0.0,1.0
2017,10,28,6,60,0.00,0.00,0.00,0.00,0.00,10,20.8,17.9,83,1009.4,150,1.5,-9900,-9900,0.1,1.0
2017,10,28,7,60,66.27,903.91,0.00,0.00,0.00,10,21.0,17.9,82,1009.8,210,0.6,-9900,-9900,0.2,1.0
2017,10,28,8,60,348.77,1387.39,0.00,0.00,0.00,10,21.4,18.1,81,1010.7,320,0.3,10,1,0.0,1.0
2017,10,28,9,60,617.76,1387.39,105.56,4.47,103.57,10,21.9,17.5,76,1011.0,310,1.2,11,1,0.1,0.3
2017,10,28,10,60,834.90,1387.39,108.33,2.79,106.65,10,22.7,17.2,71,1010.9,300,0.7,-9900,-9900,0.0,0.0
2017,10,28,11,60,985.38,1387.39,211.11,6.67,206.37,10,23.0,16.8,68,1010.7,290,2.2,11,1,0.0,0.0
2017,10,28,12,60,1058.95,1387.39,172.22,4.10,169.09,10,22.6,16.3,68,1010.3,290,1.6,-9900,-9900,0.0,0.0
2017,10,28,13,60,1050.61,1387.39,175.00,4.28,171.76,10,22.8,16.1,66,1009.8,280,1.4,-9900,-9900,0.0,0.0
2017,10,28,14,60,960.93,1387.39,261.11,17.60,248.92,8,23.2,15.8,63,1009.7,290,1.7,14,1,0.0,0.0
2017,10,28,15,60,795.99,1387.39,322.22,113.19,257.28,7,23.4,15.3,60,1009.8,280,2.6,-9900,-9900,0.0,0.0
2017,10,28,16,60,567.06,1387.39,233.33,121.03,183.86,9,22.7,14.8,61,1010.4,300,1.2,-9900,-9900,0.0,0.0
2017,10,28,17,60,289.74,1387.39,55.56,0.00,55.56,8,22.4,14.3,60,1010.9,0,0.0,15,-9900,0.0,0.0
2017,10,28,18,60,31.73,623.68,0.00,0.00,0.00,8,22.6,14.5,60,1011.5,0,0.0,-9900,-9900,0.0,0.0
2017,10,28,19,60,0.00,0.00,0.00,0.00,0.00,8,22.5,14.9,62,1012.3,360,0.6,-9900,-9900,0.0,0.0
2017,10,28,20,60,0.00,0.00,0.00,0.00,0.00,8,21.7,15.1,66,1012.8,150,2.1,-9900,-9900,0.0,0.0
2017,10,28,21,60,0.00,0.00,0.00,0.00,0.00,8,21.0,15.3,70,1013.0,160,2.0,-9900,-9900,0.0,0.0
2017,10,28,22,60,0.00,0.00,0.00,0.00,0.00,8,20.7,15.7,73,1013.4,110,1.1,-9900,-9900,0.0,0.0
2017,10,28,23,60,0.00,0.00,0.00,0.00,0.00,8,20.7,16.2,75,1013.3,140,1.0,-9900,-9900,0.0,0.0
2017,10,28,24,60,0.00,0.00,0.00,0.00,0.00,8,21.0,16.5,75,1013.3,160,0.6,-9900,-9900,0.0,0.0
2017,10,29,1,60,0.00,0.00,0.00,0.00,0.00,7,21.4,16.6,74,1013.1,200,0.8,-9900,-9900,0.0,0.0
2017,10,29,2,60,0.00,0.00,0.00,0.00,0.00,7,20.6,17.1,80,1013.3,140,1.2,-9900,-9900,0.2,0.5
2017,10,29,3,60,0.00,0.00,0.00,0.00,0.00,7,19.9,17.0,83,1013.5,160,2.2,-9900,-9900,0.3,1.0
2017,10,29,4,60,0.00,0.00,0.00,0.00,0.00,7,19.9,17.2,84,1013.8,150,1.5,-9900,-9900,0.4,1.0
2017,10,29,5,60,0.00,0.00,0.00,0.00,0.00,7,19.9,17.5,86,1014.3,140,0.6,-9900,-9900,0.1,0.9
2017,10,29,6,60,0.00,0.00,0.00,0.00,0.00,7,20.1,17.7,86,1015.4,110,0.8,-9900,-9900,0.0,0.0
2017,10,29,7,60,64.03,889.51,0.00,0.00,0.00,7,21.0,16.9,77,1016.1,50,1.5,-9900,-9900,0.0,0.0
2017,10,29,8,60,345.06,1388.08,183.33,0.00,183.33,7,22.3,16.5,70,1016.8,80,0.6,12,-9900,0.0,0.0
2017,10,29,9,60,613.80,1388.08,305.56,250.21,194.92,9,22.8,15.2,62,1017.3,50,1.9,13,1,0.0,0.0
2017,10,29,10,60,830.73,1388.08,319.44,91.25,264.83,10,23.3,15.3,61,1017.2,50,2.4,-9900,-9900,0.0,0.0
2017,10,29,11,60,981.08,1388.08,302.78,33.18,279.33,8,25.0,16.4,59,1016.8,360,1.9,13,1,0.0,0.0
2017,10,29,12,60,1054.59,1388.08,466.67,161.67,343.84,7,23.5,13.9,55,1016.4,30,3.6,-9900,-9900,0.0,0.0
2017,10,29,13,60,1046.26,1388.08,586.11,373.22,304.80,7,24.7,14.1,52,1016.3,350,3.6,-9900,-9900,0.0,0.0
2017,10,29,14,60,956.65,1388.08,358.33,81.47,302.18,6,23.7,13.8,54,1016.7,10,2.8,20,-9900,0.0,0.0
2017,10,29,15,60,791.87,1388.08,369.44,197.62,256.70,6,23.9,13.8,53,1017.1,20,3.6,-9900,-9900,0.0,0.0
2017,10,29,16,60,563.15,1388.08,255.56,178.09,183.31,7,22.5,12.4,53,1017.9,20,4.1,-9900,-9900,0.0,0.0
2017,10,29,17,60,286.08,1388.08,55.56,0.00,55.56,7,22.3,12.8,55,1018.0,10,3.4,18,-9900,0.0,0.0
2017,10,29,18,60,30.20,609.14,0.00,0.00,0.00,7,22.3,13.1,56,1018.9,50,1.9,-9900,-9900,0.0,0.0
2017,10,29,19,60,0.00,0.00,0.00,0.00,0.00,7,22.6,13.7,57,1019.3,40,2.2,-9900,-9900,0.0,0.0
2017,10,29,20,60,0.00,0.00,0.00,0.00,0.00,8,22.7,14.4,59,1019.6,40,1.7,-9900,-9900,0.0,0.0
2017,10,29,21,60,0.00,0.00,0.00,0.00,0.00,8,22.7,14.7,61,1019.8,30,2.5,-9900,-9900,0.0,0.0
2017,10,29,22,60,0.00,0.00,0.00,0.00,0.00,8,22.7,14.4,59,1019.7,40,2.4,-9900,-9900,0.0,0.0
2017,10,29,23,60,0.00,0.00,0.00,0.00,0.00,8,22.8,14.2,58,1019.7,50,3.6,-9900,-9900,0.0,0.0
2017,10,29,24,60,0.00,0.00,0.00,0.00,0.00,8,22.7,13.5,56,1019.6,50,3.0,-9900,-9900,0.0,0.0
2017,10,30,1,60,0.00,0.00,0.00,0.00,0.00,9,22.0,13.5,59,1019.7,30,2.9,-9900,-9900,0.0,0.0
2017,10,30,2,60,0.00,0.00,0.00,0.00,0.00,9,21.2,13.4,61,1019.4,40,4.7,-9900,-9900,0.0,0.0
2017,10,30,3,60,0.00,0.00,0.00,0.00,0.00,9,21.1,12.8,59,1019.3,40,2.9,-9900,-9900,0.0,0.0
2017,10,30,4,60,0.00,0.00,0.00,0.00,0.00,9,20.8,12.4,59,1019.4,50,3.2,-9900,-9900,0.0,0.0
2017,10,30,5,60,0.00,0.00,0.00,0.00,0.00,9,20.7,12.2,58,1020.0,40,3.1,-9900,-9900,0.0,0.0
2017,10,30,6,60,0.00,0.00,0.00,0.00,0.00,10,20.6,12.2,59,1021.1,40,3.0,-9900,-9900,0.0,0.0
2017,10,30,7,60,61.86,875.25,0.00,0.00,0.00,10,20.4,12.0,59,1021.9,40,2.4,-9900,-9900,0.0,0.0
2017,10,30,8,60,341.39,1388.77,0.00,0.00,0.00,10,20.6,10.3,52,1022.5,40,2.8,15,1,0.0,0.0
2017,10,30,9,60,609.88,1388.77,31.31,0.66,31.02,10,20.6,11.3,55,1022.3,30,2.7,18,1,0.0,0.0
2017,10,30,10,60,826.61,1388.77,54.09,0.94,53.53,10,20.5,11.1,55,1022.3,50,3.0,-9900,-9900,0.0,0.0
2017,10,30,11,60,976.81,1388.77,13.89,0.13,13.80,10,20.2,11.4,57,1021.6,20,3.5,15,1,0.0,0.0
2017,10,30,12,60,1050.25,1388.77,33.33,0.33,33.08,10,20.2,11.6,58,1020.9,60,3.5,-9900,-9900,0.0,0.0
2017,10,30,13,60,1041.92,1388.77,80.56,1.21,79.65,10,20.4,12.3,60,1020.1,40,1.7,-9900,-9900,0.0,0.0
2017,10,30,14,60,952.40,1388.77,13.89,0.13,13.80,10,19.6,12.8,65,1019.4,50,2.5,10,1,0.0,0.0
2017,10,30,15,60,787.78,1388.77,2.78,0.02,2.77,10,19.2,13.7,70,1019.2,30,1.1,-9900,-9900,0.1,0.6
2017,10,30,16,60,559.27,1388.77,26.69,0.60,26.45,10,20.0,13.4,66,1019.3,40,2.1,-9900,-9900,0.0,0.0
2017,10,30,17,60,282.46,1388.77,0.00,0.00,0.00,9,20.3,13.4,65,1019.5,40,2.1,18,1,0.0,0.6
2017,10,30,18,60,28.73,594.74,0.00,0.00,0.00,9,20.5,13.2,63,1019.6,50,3.0,-9900,-9900,0.0,0.0
2017,10,30,19,60,0.00,0.00,0.00,0.00,0.00,9,20.3,13.1,63,1019.9,40,3.2,-9900,-9900,0.0,0.0
2017,10,30,20,60,0.00,0.00,0.00,0.00,0.00,9,20.8,12.9,61,1020.2,60,2.9,-9900,-9900,0.0,0.0
2017,10,30,21,60,0.00,0.00,0.00,0.00,0.00,9,20.5,13.4,64,1020.4,50,4.2,-9900,-9900,0.0,0.0
2017,10,30,22,60,0.00,0.00,0.00,0.00,0.00,9,18.9,14.2,74,1020.3,70,2.2,-9900,-9900,0.3,0.8
2017,10,30,23,60,0.00,0.00,0.00,0.00,0.00,9,19.1,14.5,75,1019.3,110,2.0,-9900,-9900,0.0,0.8
2017,10,30,24,60,0.00,0.00,0.00,0.00,0.00,9,20.2,14.5,70,1019.1,50,2.9,-9900,-9900,0.0,0.0
2017,10,31,1,60,0.00,0.00,0.00,0.00,0.00,9,19.4,14.8,75,1018.6,60,2.2,-9900,-9900,0.0,0.0
2017,10,31,2,60,0.00,0.00,0.00,0.00,0.00,9,19.8,13.9,69,1017.8,60,2.3,-9900,-9900,0.0,0.0
2017,10,31,3,60,0.00,0.00,0.00,0.00,0.00,9,19.7,14.1,70,1017.4,50,2.5,-9900,-9900,0.0,0.0
2017,10,31,4,60,0.00,0.00,0.00,0.00,0.00,9,19.4,14.0,71,1017.1,20,1.5,-9900,-9900,0.0,0.0
2017,10,31,5,60,0.00,0.00,0.00,0.00,0.00,9,20.4,13.7,65,1017.1,50,3.1,-9900,-9900,0.0,0.0
2017,10,31,6,60,0.00,0.00,0.00,0.00,0.00,9,20.5,13.6,65,1017.5,50,2.7,-9900,-9900,0.0,0.0
2017,10,31,7,60,59.75,861.12,0.00,0.00,0.00,9,20.8,13.4,63,1018.0,50,2.3,-9900,-9900,0.0,0.0
2017,10,31,8,60,337.75,1389.44,0.00,0.00,0.00,9,21.3,13.6,61,1018.4,70,2.1,25,1,0.0,0.0
2017,10,31,9,60,605.98,1389.44,136.11,7.64,132.78,8,22.0,14.4,62,1018.3,100,2.0,25,1,0.0,0.0
2017,10,31,10,60,822.51,1389.44,166.67,6.03,163.10,9,22.5,13.9,58,1018.1,60,4.7,-9900,-9900,0.0,0.0
2017,10,31,11,60,972.57,1389.44,236.11,10.31,228.89,9,22.9,13.9,57,1017.5,50,4.6,25,1,0.0,0.0
2017,10,31,12,60,1045.94,1389.44,222.22,6.56,217.28,9,22.9,14.2,58,1016.7,40,4.3,-9900,-9900,0.0,0.0
2017,10,31,13,60,1037.61,1389.44,161.11,3.79,158.28,9,23.0,14.6,59,1015.8,40,3.4,-9900,-9900,0.0,0.0
2017,10,31,14,60,948.17,1389.44,230.56,10.39,223.47,9,22.6,14.8,61,1015.7,20,3.0,25,1,0.0,0.0
2017,10,31,15,60,783.71,1389.44,141.67,4.93,138.89,9,22.2,14.7,62,1015.4,40,4.8,-9900,-9900,0.0,0.0
2017,10,31,16,60,555.43,1389.44,58.33,1.98,57.54,9,21.8,15.3,67,1015.2,30,2.8,-9900,-9900,0.0,0.0
2017,10,31,17,60,278.88,1389.44,0.00,0.00,0.00,8,21.8,15.1,66,1015.2,50,4.9,25,1,0.0,0.0
2017,10,31,18,60,27.31,580.47,0.00,0.00,0.00,8,21.7,15.6,68,1015.7,60,2.4,-9900,-9900,0.0,0.0
2017,10,31,19,60,0.00,0.00,0.00,0.00,0.00,8,21.8,15.5,67,1016.4,60,2.7,-9900,-9900,0.0,0.0
2017,10,31,20,60,0.00,0.00,0.00,0.00,0.00,8,21.7,15.4,67,1016.8,70,3.5,-9900,-9900,0.0,0.0
2017,10,31,21,60,0.00,0.00,0.00,0.00,0.00,8,21.6,15.9,70,1016.9,60,2.7,-9900,-9900,0.0,0.0
2017,10,31,22,60,0.00,0.00,0.00,0.00,0.00,8,21.6,16.2,71,1016.6,80,1.9,-9900,-9900,0.0,0.0
2017,10,31,23,60,0.00,0.00,0.00,0.00,0.00,8,20.4,17.0,81,1016.2,20,2.5,-9900,-9900,0.4,0.5
2017,10,31,24,60,0.00,0.00,0.00,0.00,0.00,8,20.7,17.6,82,1015.6,60,1.8,-9900,-9900,0.1,0.4
2017,11,1,1,60,0.00,0.00,0.00,0.00,0.00,9,21.0,17.8,82,1014.9,50,2.9,-9900,-9900,0.0,0.0
2017,11,1,2,60,0.00,0.00,0.00,0.00,0.00,9,21.1,17.8,81,1013.9,30,2.1,-9900,-9900,0.0,0.0
2017,11,1,3,60,0.00,0.00,0.00,0.00,0.00,9,21.1,17.9,82,1013.6,60,2.6,-9900,-9900,0.0,0.0
2017,11,1,4,60,0.00,0.00,0.00,0.00,0.00,9,20.8,17.6,82,1013.2,60,2.0,-9900,-9900,0.0,0.0
2017,11,1,5,60,0.00,0.00,0.00,0.00,0.00,9,20.7,17.5,82,1013.6,50,1.8,-9900,-9900,0.0,0.0
2017,11,1,6,60,0.00,0.00,0.00,0.00,0.00,9,20.8,17.6,82,1014.0,60,1.4,-9900,-9900,0.0,0.0
2017,11,1,7,60,57.70,847.13,0.00,0.00,0.00,9,21.4,17.9,80,1014.3,80,1.6,-9900,-9900,0.0,0.0
2017,11,1,8,60,334.16,1390.11,22.22,0.00,22.22,9,21.9,18.3,80,1014.9,50,2.4,15,1,0.0,0.1
2017,11,1,9,60,602.13,1390.11,125.00,6.30,122.27,8,22.8,19.3,81,1015.0,50,3.3,20,1,0.5,0.6
2017,11,1,10,60,818.43,1390.11,158.33,5.55,155.06,8,23.2,19.4,79,1014.5,50,3.3,-9900,-9900,0.0,0.2
2017,11,1,11,60,968.35,1390.11,375.00,94.19,309.39,7,24.5,20.4,78,1013.3,40,2.9,20,1,0.0,0.2
2017,11,1,12,60,1041.65,1390.11,663.89,553.44,249.18,5,26.7,20.6,69,1012.0,30,3.2,-9900,-9900,0.0,0.0
2017,11,1,13,60,1033.34,1390.11,600.00,418.83,288.66,6,26.9,19.8,65,1011.3,40,4.7,-9900,-9900,0.0,0.0
2017,11,1,14,60,943.98,1390.11,488.89,287.70,293.52,6,27.0,19.3,63,1010.9,50,4.7,25,1,0.0,0.0
2017,11,1,15,60,779.68,1390.11,436.11,371.94,227.50,4,27.7,18.5,57,1010.6,70,4.0,-9900,-9900,0.0,0.0
2017,11,1,16,60,551.62,1390.11,272.22,242.91,175.83,4,26.4,18.4,61,1010.8,60,4.5,-9900,-9900,0.0,0.0
2017,11,1,17,60,275.34,1390.11,86.11,0.00,86.11,3,25.5,19.2,68,1010.9,40,3.2,23,-9900,0.0,0.0
2017,11,1,18,60,25.94,566.35,0.00,0.00,0.00,3,24.7,19.4,72,1011.4,50,3.9,-9900,-9900,0.0,0.0
2017,11,1,19,60,0.00,0.00,0.00,0.00,0.00,4,24.4,19.6,75,1011.7,50,3.5,-9900,-9900,0.0,0.0
2017,11,1,20,60,0.00,0.00,0.00,0.00,0.00,4,24.1,19.8,77,1011.9,50,3.4,-9900,-9900,0.0,0.0
2017,11,1,21,60,0.00,0.00,0.00,0.00,0.00,4,24.1,19.9,77,1011.9,60,2.1,-9900,-9900,0.0,0.0
2017,11,1,22,60,0.00,0.00,0.00,0.00,0.00,5,23.9,20.0,79,1011.8,100,1.4,-9900,-9900,0.0,0.0
2017,11,1,23,60,0.00,0.00,0.00,0.00,0.00,5,23.8,20.3,81,1011.8,110,2.0,-9900,-9900,0.0,0.0
2017,11,1,24,60,0.00,0.00,0.00,0.00,0.00,5,24.0,20.6,81,1011.5,80,1.7,-9900,-9900,0.0,0.0
2017,11,2,1,60,0.00,0.00,0.00,0.00,0.00,6,23.8,20.3,81,1011.1,130,0.6,-9900,-9900,0.0,0.0
2017,11,2,2,60,0.00,0.00,0.00,0.00,0.00,6,23.2,19.3,79,1010.8,210,0.8,-9900,-9900,0.0,0.0
2017,11,2,3,60,0.00,0.00,0.00,0.00,0.00,6,22.9,18.0,74,1010.7,200,1.1,-9900,-9900,0.0,0.0
2017,11,2,4,60,0.00,0.00,0.00,0.00,0.00,7,22.8,17.7,73,1010.3,190,1.0,-9900,-9900,0.0,0.0
2017,11,2,5,60,0.00,0.00,0.00,0.00,0.00,7,22.0,17.4,75,1010.5,160,1.9,-9900,-9900,0.0,0.0
2017,11,2,6,60,0.00,0.00,0.00,0.00,0.00,7,22.1,17.5,75,1011.0,190,0.4,-9900,-9900,0.0,0.0
2017,11,2,7,60,55.71,833.30,25.00,0.00,25.00,8,22.6,17.6,73,1011.3,180,1.3,-9900,-9900,0.0,0.0
2017,11,2,8,60,330.60,1390.78,105.56,0.00,105.56,8,23.4,18.2,73,1011.5,170,0.3,30,3,0.0,0.0
2017,11,2,9,60,598.31,1390.78,363.89,482.92,156.14,9,25.7,19.8,70,1011.4,120,0.4,16,3,0.0,0.0
2017,11,2,10,60,814.41,1390.78,416.67,275.95,255.08,9,27.3,20.8,68,1011.0,50,0.9,-9900,-9900,0.0,0.0
2017,11,2,11,60,964.17,1390.78,544.44,383.64,278.48,8,29.2,21.5,63,1010.2,20,3.0,25,3,0.0,0.0
2017,11,2,12,60,1037.40,1390.78,686.11,614.02,228.11,8,30.2,21.6,60,1009.2,10,2.8,-9900,-9900,0.0,0.0
2017,11,2,13,60,1029.09,1390.78,397.22,92.93,328.46,9,28.8,21.0,63,1008.7,50,2.7,-9900,-9900,0.0,0.0
2017,11,2,14,60,939.83,1390.78,227.78,10.26,220.85,10,28.2,20.6,63,1008.4,20,2.4,20,1,0.0,0.0
2017,11,2,15,60,775.69,1390.78,58.33,1.17,57.68,10,27.5,20.3,65,1008.4,10,3.4,-9900,-9900,0.0,0.0
2017,11,2,16,60,547.85,1390.78,97.22,4.77,95.34,9,27.5,20.5,66,1008.8,20,2.1,-9900,-9900,0.0,0.0
2017,11,2,17,60,271.85,1390.78,0.00,0.00,0.00,9,26.7,20.8,70,1009.2,10,2.0,15,1,0.0,0.0
2017,11,2,18,60,24.62,552.39,0.00,0.00,0.00,9,26.5,20.9,71,1009.3,50,2.0,-9900,-9900,0.0,0.0
2017,11,2,19,60,0.00,0.00,0.00,0.00,0.00,9,26.4,21.1,73,1010.0,40,1.6,-9900,-9900,0.0,0.0
2017,11,2,20,60,0.00,0.00,0.00,0.00,0.00,9,25.7,21.2,76,1010.8,360,0.3,-9900,-9900,0.0,0.0
2017,11,2,21,60,0.00,0.00,0.00,0.00,0.00,9,25.6,21.2,77,1010.9,80,2.0,-9900,-9900,0.0,0.0
2017,11,2,22,60,0.00,0.00,0.00,0.00,0.00,9,25.6,21.0,76,1011.2,0,0.0,-9900,-9900,0.0,0.0
2017,11,2,23,60,0.00,0.00,0.00,0.00,0.00,9,25.4,21.1,77,1011.3,0,0.0,-9900,-9900,0.0,0.0
2017,11,2,24,60,0.00,0.00,0.00,0.00,0.00,9,25.0,21.1,79,1011.0,0,0.0,-9900,-9900,0.0,0.0
2017,11,3,1,60,0.00,0.00,0.00,0.00,0.00,10,23.7,21.2,86,1010.7,0,0.0,-9900,-9900,7.0,1.0
2017,11,3,2,60,0.00,0.00,0.00,0.00,0.00,10,23.7,21.5,87,1010.6,200,0.4,-9900,-9900,3.5,1.0
2017,11,3,3,60,0.00,0.00,0.00,0.00,0.00,10,23.6,21.3,87,1010.6,70,0.4,-9900,-9900,0.5,0.1
2017,11,3,4,60,0.00,0.00,0.00,0.00,0.00,10,23.2,20.8,86,1010.3,70,0.7,-9900,-9900,0.0,0.5
2017,11,3,5,60,0.00,0.00,0.00,0.00,0.00,10,23.2,20.8,86,1011.0,50,1.4,-9900,-9900,0.0,0.0
2017,11,3,6,60,0.00,0.00,0.00,0.00,0.00,10,23.3,20.7,85,1011.7,70,1.0,-9900,-9900,0.0,0.6
2017,11,3,7,60,53.78,819.62,0.00,0.00,0.00,10,23.3,20.9,86,1012.7,0,0.0,-9900,-9900,0.0,1.0
2017,11,3,8,60,327.09,1391.43,0.00,0.00,0.00,10,23.6,21.0,85,1013.5,200,0.7,15,1,0.0,1.0
2017,11,3,9,60,594.52,1391.43,33.33,0.75,33.01,10,23.7,20.7,83,1013.9,230,0.8,20,1,0.5,0.1
2017,11,3,10,60,810.40,1391.43,113.89,3.21,112.02,10,23.9,20.9,83,1013.9,230,1.1,-9900,-9900,0.0,1.0
2017,11,3,11,60,960.02,1391.43,66.67,1.03,65.96,10,23.8,21.0,84,1013.4,360,0.3,20,1,0.0,0.5
2017,11,3,12,60,1033.17,1391.43,166.67,4.05,163.66,10,23.5,18.6,74,1013.4,10,3.1,-9900,-9900,0.0,0.0
2017,11,3,13,60,1024.88,1391.43,80.56,1.25,79.64,10,23.2,17.9,72,1013.3,40,2.1,-9900,-9900,0.0,0.0
2017,11,3,14,60,935.70,1391.43,88.89,1.68,87.76,10,23.0,17.5,71,1013.4,80,2.9,16,1,0.0,0.0
2017,11,3,15,60,771.72,1391.43,47.22,0.85,46.75,10,22.9,16.8,69,1013.6,60,2.9,-9900,-9900,0.0,0.0
2017,11,3,16,60,544.12,1391.43,22.22,0.46,22.04,10,22.5,17.2,72,1014.0,120,1.9,-9900,-9900,0.0,0.0
2017,11,3,17,60,268.39,1391.43,0.00,0.00,0.00,10,22.2,17.6,75,1014.6,130,2.1,15,1,0.0,0.0
2017,11,3,18,60,23.36,538.57,0.00,0.00,0.00,10,22.1,18.0,78,1015.3,60,2.2,-9900,-9900,0.0,0.0
2017,11,3,19,60,0.00,0.00,0.00,0.00,0.00,10,22.4,18.3,78,1016.0,90,1.5,-9900,-9900,0.0,0.0
2017,11,3,20,60,0.00,0.00,0.00,0.00,0.00,10,21.7,18.4,82,1016.9,120,0.9,-9900,-9900,0.4,0.6
2017,11,3,21,60,0.00,0.00,0.00,0.00,0.00,10,22.1,18.5,80,1017.1,70,1.5,-9900,-9900,0.2,0.5
2017,11,3,22,60,0.00,0.00,0.00,0.00,0.00,10,22.7,18.4,77,1017.1,70,1.2,-9900,-9900,0.0,0.0
2017,11,3,23,60,0.00,0.00,0.00,0.00,0.00,10,21.4,18.8,85,1017.4,240,1.3,-9900,-9900,2.0,1.0
2017,11,3,24,60,0.00,0.00,0.00,0.00,0.00,10,21.8,17.7,78,1017.5,30,2.2,-9900,-9900,0.0,0.1
2017,11,4,1,60,0.00,0.00,0.00,0.00,0.00,10,22.6,16.7,69,1017.4,40,3.4,-9900,-9900,0.0,0.0
2017,11,4,2,60,0.00,0.00,0.00,0.00,0.00,10,22.9,16.8,69,1017.2,50,4.0,-9900,-9900,0.0,0.0
2017,11,4,3,60,0.00,0.00,0.00,0.00,0.00,10,22.9,16.0,65,1017.3,20,2.9,-9900,-9900,0.0,0.0
2017,11,4,4,60,0.00,0.00,0.00,0.00,0.00,10,20.8,16.0,74,1017.9,70,3.8,-9900,-9900,0.0,0.0
2017,11,4,5,60,0.00,0.00,0.00,0.00,0.00,10,20.3,16.0,76,1018.6,50,3.7,-9900,-9900,0.0,0.0
2017,11,4,6,60,0.00,0.00,0.00,0.00,0.00,10,19.6,15.9,79,1019.2,50,2.6,-9900,-9900,0.6,1.0
2017,11,4,7,60,51.90,806.10,0.00,0.00,0.00,10,19.5,16.7,84,1019.7,80,2.3,-9900,-9900,0.1,1.0
2017,11,4,8,60,323.62,1392.08,0.00,0.00,0.00,10,19.8,17.0,84,1020.7,60,2.9,4,1,0.3,1.0
2017,11,4,9,60,590.78,1392.08,22.22,0.42,22.04,10,19.8,16.6,82,1021.3,50,4.6,4,1,0.0,1.0
2017,11,4,10,60,806.45,1392.08,11.11,0.12,11.04,10,19.6,16.2,81,1021.6,50,4.5,-9900,-9900,0.0,1.0
2017,11,4,11,60,955.91,1392.08,161.11,4.37,158.11,10,19.7,15.8,78,1021.1,50,5.5,5,1,0.0,0.1
2017,11,4,12,60,1028.99,1392.08,100.00,1.75,98.71,10,19.9,14.9,73,1020.9,50,4.5,-9900,-9900,0.0,0.0
2017,11,4,13,60,1020.70,1392.08,16.67,0.15,16.56,10,20.1,14.3,69,1019.8,50,4.7,-9900,-9900,0.0,0.0
2017,11,4,14,60,931.62,1392.08,5.56,0.04,5.53,10,19.3,14.5,74,1019.8,50,6.5,8,1,0.0,0.0
2017,11,4,15,60,767.81,1392.08,109.84,3.30,108.02,10,19.2,14.2,73,1019.9,60,4.0,-9900,-9900,0.0,0.0
2017,11,4,16,60,540.43,1392.08,57.95,2.03,57.16,10,19.4,13.8,70,1020.4,40,5.1,-9900,-9900,0.0,0.1
2017,11,4,17,60,264.98,1392.08,0.00,0.00,0.00,10,18.6,14.3,76,1020.6,60,3.9,8,1,0.0,1.0
2017,11,4,18,60,22.14,524.92,0.00,0.00,0.00,10,17.9,14.4,80,1021.0,50,4.5,-9900,-9900,0.2,1.0
2017,11,4,19,60,0.00,0.00,0.00,0.00,0.00,10,17.8,14.4,80,1021.2,50,4.6,-9900,-9900,0.0,0.6
2017,11,4,20,60,0.00,0.00,0.00,0.00,0.00,10,18.1,14.6,80,1021.4,50,4.6,-9900,-9900,0.0,0.0
2017,11,4,21,60,0.00,0.00,0.00,0.00,0.00,10,18.2,15.0,82,1021.0,50,4.5,-9900,-9900,0.0,0.0
2017,11,4,22,60,0.00,0.00,0.00,0.00,0.00,10,19.4,14.0,71,1020.8,60,4.1,-9900,-9900,0.0,0.0
2017,11,4,23,60,0.00,0.00,0.00,0.00,0.00,10,18.3,14.9,81,1020.4,50,5.3,-9900,-9900,0.0,0.4
2017,11,4,24,60,0.00,0.00,0.00,0.00,0.00,10,19.1,14.9,77,1020.0,50,3.6,-9900,-9900,0.0,0.0
2017,11,5,1,60,0.00,0.00,0.00,0.00,0.00,9,19.8,14.2,70,1019.4,60,3.9,-9900,-9900,0.0,0.0
2017,11,5,2,60,0.00,0.00,0.00,0.00,0.00,9,19.6,14.2,71,1018.5,60,4.9,-9900,-9900,0.0,0.0
2017,11,5,3,60,0.00,0.00,0.00,0.00,0.00,9,19.4,14.5,73,1018.1,50,3.8,-9900,-9900,0.0,0.0
2017,11,5,4,60,0.00,0.00,0.00,0.00,0.00,9,19.4,14.4,73,1017.5,50,3.9,-9900,-9900,0.0,0.0
2017,11,5,5,60,0.00,0.00,0.00,0.00,0.00,9,19.2,14.5,74,1017.7,50,4.7,-9900,-9900,0.0,0.0
2017,11,5,6,60,0.00,0.00,0.00,0.00,0.00,9,19.0,14.9,77,1018.0,50,4.9,-9900,-9900,0.0,0.0
2017,11,5,7,60,50.09,792.74,0.00,0.00,0.00,9,19.3,15.3,78,1018.2,50,4.5,-9900,-9900,0.0,0.0
2017,11,5,8,60,320.20,1392.72,75.00,0.00,75.00,9,20.0,15.8,77,1018.6,50,5.8,12,1,0.0,0.0
2017,11,5,9,60,587.09,1392.72,183.33,35.25,168.47,9,20.8,15.6,72,1018.9,50,5.8,18,1,0.0,0.0
2017,11,5,10,60,802.53,1392.72,205.56,13.22,197.94,10,20.9,15.9,73,1018.8,50,5.0,-9900,-9900,0.0,0.0
2017,11,5,11,60,951.84,1392.72,233.33,10.80,225.95,9,21.2,16.2,73,1017.8,50,4.8,15,1,0.0,0.0
2017,11,5,12,60,1024.85,1392.72,208.33,6.07,203.86,9,21.4,16.1,72,1017.1,60,6.2,-9900,-9900,0.0,0.0
2017,11,5,13,60,1016.57,1392.72,241.67,9.45,234.77,10,21.2,16.3,74,1016.5,50,5.9,-9900,-9900,0.0,0.0
2017,11,5,14,60,927.58,1392.72,266.67,23.42,251.07,10,21.6,16.9,75,1015.8,50,5.5,10,1,0.0,0.0
2017,11,5,15,60,763.93,1392.72,222.22,24.83,208.60,10,21.6,16.7,74,1015.6,50,6.1,-9900,-9900,0.0,0.0
2017,11,5,16,60,536.78,1392.72,113.89,6.56,111.36,9,21.6,16.5,73,1016.0,50,5.6,-9900,-9900,0.0,0.0
2017,11,5,17,60,261.62,1392.72,0.00,0.00,0.00,9,21.3,16.4,74,1016.2,50,5.0,15,-9900,0.0,0.0
2017,11,5,18,60,20.97,511.43,0.00,0.00,0.00,9,20.9,16.9,78,1016.1,50,5.2,-9900,-9900,0.0,0.0
2017,11,5,19,60,0.00,0.00,0.00,0.00,0.00,9,20.9,17.1,79,1016.4,60,3.7,-9900,-9900,0.0,0.0
2017,11,5,20,60,0.00,0.00,0.00,0.00,0.00,9,21.2,17.3,78,1016.4,60,4.4,-9900,-9900,0.0,0.0
2017,11,5,21,60,0.00,0.00,0.00,0.00,0.00,9,21.2,17.6,80,1016.3,50,4.8,-9900,-9900,0.0,0.0
2017,11,5,22,60,0.00,0.00,0.00,0.00,0.00,9,21.8,17.7,78,1015.9,50,4.5,-9900,-9900,0.0,0.0
2017,11,5,23,60,0.00,0.00,0.00,0.00,0.00,9,22.0,17.7,77,1015.3,50,4.8,-9900,-9900,0.0,0.0
2017,11,5,24,60,0.00,0.00,0.00,0.00,0.00,9,22.0,17.8,77,1014.9,40,3.9,-9900,-9900,0.0,0.0
2017,11,6,1,60,0.00,0.00,0.00,0.00,0.00,9,22.4,17.9,76,1014.1,50,6.2,-9900,-9900,0.0,0.0
2017,11,6,2,60,0.00,0.00,0.00,0.00,0.00,9,22.9,17.7,73,1013.5,50,5.3,-9900,-9900,0.0,0.0
2017,11,6,3,60,0.00,0.00,0.00,0.00,0.00,9,23.0,17.5,71,1013.0,50,5.0,-9900,-9900,0.0,0.0
2017,11,6,4,60,0.00,0.00,0.00,0.00,0.00,9,23.0,17.6,72,1013.0,50,4.8,-9900,-9900,0.0,0.0
2017,11,6,5,60,0.00,0.00,0.00,0.00,0.00,9,23.1,17.8,72,1012.9,50,5.2,-9900,-9900,0.0,0.0
2017,11,6,6,60,0.00,0.00,0.00,0.00,0.00,9,23.0,17.9,73,1012.7,50,3.6,-9900,-9900,0.0,0.0
2017,11,6,7,60,48.33,779.56,16.67,0.00,16.67,9,23.6,18.3,72,1013.3,50,3.1,-9900,-9900,0.0,0.0
2017,11,6,8,60,316.83,1393.36,166.67,0.00,166.67,9,24.6,18.9,71,1013.7,50,3.7,20,-9900,0.0,0.0
2017,11,6,9,60,583.44,1393.36,275.00,206.05,188.72,8,25.9,19.6,68,1013.8,50,5.4,20,4,0.0,0.0
2017,11,6,10,60,798.67,1393.36,513.89,569.91,187.22,8,27.1,19.9,65,1012.9,50,6.7,-9900,-9900,0.0,0.0
2017,11,6,11,60,947.83,1393.36,469.44,246.63,301.67,9,27.9,19.7,61,1012.4,60,4.2,27,4,0.0,0.0
2017,11,6,12,60,1020.75,1393.36,463.89,179.73,332.22,9,28.2,19.1,58,1011.3,80,3.5,-9900,-9900,0.0,0.0
2017,11,6,13,60,1012.49,1393.36,297.22,26.00,278.33,10,28.1,19.3,59,1010.8,70,2.0,-9900,-9900,0.0,0.0
2017,11,6,14,60,923.58,1393.36,333.33,69.43,287.31,10,28.2,19.6,60,1010.7,60,2.8,30,3,0.0,0.0
2017,11,6,15,60,760.11,1393.36,166.67,7.11,162.79,10,28.3,20.4,62,1010.6,50,3.0,-9900,-9900,0.0,0.0
2017,11,6,16,60,533.19,1393.36,169.44,38.39,154.75,9,28.0,19.9,61,1010.9,60,3.7,-9900,-9900,0.0,0.0
2017,11,6,17,60,258.31,1393.36,25.00,0.00,25.00,9,27.1,19.7,64,1011.0,70,3.0,30,3,0.0,0.0
2017,11,6,18,60,19.85,498.12,0.00,0.00,0.00,9,26.5,20.0,68,1011.3,40,2.8,-9900,-9900,0.0,0.0
2017,11,6,19,60,0.00,0.00,0.00,0.00,0.00,8,26.5,20.3,69,1011.5,50,4.0,-9900,-9900,0.0,0.0
2017,11,6,20,60,0.00,0.00,0.00,0.00,0.00,8,26.1,20.5,71,1011.8,50,3.9,-9900,-9900,0.0,0.0
2017,11,6,21,60,0.00,0.00,0.00,0.00,0.00,8,25.6,20.7,74,1012.2,50,3.7,-9900,-9900,0.0,0.0
2017,11,6,22,60,0.00,0.00,0.00,0.00,0.00,7,25.5,21.4,78,1012.2,40,2.5,-9900,-9900,0.5,0.3
2017,11,6,23,60,0.00,0.00,0.00,0.00,0.00,7,25.8,21.5,77,1011.2,50,4.0,-9900,-9900,0.0,0.0
2017,11,6,24,60,0.00,0.00,0.00,0.00,0.00,7,26.1,21.4,75,1011.0,40,3.8,-9900,-9900,0.0,0.0
2017,11,7,1,60,0.00,0.00,0.00,0.00,0.00,6,26.1,21.3,75,1011.1,40,3.1,-9900,-9900,0.0,0.0
2017,11,7,2,60,0.00,0.00,0.00,0.00,0.00,6,26.3,21.2,74,1010.9,20,2.3,-9900,-9900,0.0,0.0
2017,11,7,3,60,0.00,0.00,0.00,0.00,0.00,6,26.3,21.2,74,1010.7,60,2.6,-9900,-9900,0.0,0.0
2017,11,7,4,60,0.00,0.00,0.00,0.00,0.00,5,26.8,20.7,69,1010.6,70,3.9,-9900,-9900,0.0,0.0
2017,11,7,5,60,0.00,0.00,0.00,0.00,0.00,5,27.1,20.7,68,1010.9,70,4.0,-9900,-9900,0.0,0.0
2017,11,7,6,60,0.00,0.00,0.00,0.00,0.00,5,26.6,20.7,70,1011.3,60,2.4,-9900,-9900,0.0,0.0
2017,11,7,7,60,46.63,766.55,33.33,0.00,33.33,4,26.4,20.9,72,1011.6,50,2.8,-9900,-9900,0.0,0.0
2017,11,7,8,60,313.50,1393.98,222.22,0.00,222.22,4,27.9,22.0,70,1011.9,60,3.4,30,-9900,0.0,0.0
2017,11,7,9,60,579.84,1393.98,247.22,140.33,188.85,5,29.0,21.9,66,1012.0,60,2.3,30,-9900,0.0,0.0
2017,11,7,10,60,794.84,1393.98,427.78,328.62,240.40,6,30.0,20.8,58,1011.8,80,2.2,-9900,-9900,0.0,0.0
2017,11,7,11,60,943.84,1393.98,366.67,95.73,301.85,7,29.9,21.1,59,1011.0,100,2.9,30,1,0.0,0.0
2017,11,7,12,60,1016.69,1393.98,369.44,71.60,317.22,8,30.1,21.3,59,1010.4,100,1.1,-9900,-9900,0.0,0.0
2017,11,7,13,60,1008.43,1393.98,508.33,262.60,318.36,7,31.7,22.6,59,1009.8,320,0.4,-9900,-9900,0.0,0.0
2017,11,7,14,60,919.62,1393.98,477.78,291.64,285.38,6,31.1,22.4,60,1009.6,310,0.6,16,1,0.0,0.0
2017,11,7,15,60,756.32,1393.98,336.11,165.05,246.56,4,30.3,22.3,62,1009.5,300,1.1,-9900,-9900,0.0,0.0
2017,11,7,16,60,529.64,1393.98,197.22,79.75,166.92,6,28.4,21.2,65,1010.0,300,0.7,-9900,-9900,0.0,0.0
2017,11,7,17,60,255.04,1393.98,0.00,0.00,0.00,7,27.6,20.8,67,1010.8,280,0.4,10,-9900,0.0,0.0
2017,11,7,18,60,18.78,484.99,0.00,0.00,0.00,7,27.2,20.6,67,1011.6,260,0.9,-9900,-9900,0.0,0.0
2017,11,7,19,60,0.00,0.00,0.00,0.00,0.00,7,26.7,21.2,72,1012.5,300,1.4,-9900,-9900,0.0,0.0
2017,11,7,20,60,0.00,0.00,0.00,0.00,0.00,8,25.5,20.6,74,1013.0,260,0.9,-9900,-9900,0.0,0.0
2017,11,7,21,60,0.00,0.00,0.00,0.00,0.00,8,25.1,20.0,73,1013.3,270,0.3,-9900,-9900,0.0,0.0
2017,11,7,22,60,0.00,0.00,0.00,0.00,0.00,8,25.2,20.2,74,1013.8,0,0.0,-9900,-9900,0.0,0.0
2017,11,7,23,60,0.00,0.00,0.00,0.00,0.00,8,24.7,20.3,77,1013.8,40,1.1,-9900,-9900,0.0,0.0
2017,11,7,24,60,0.00,0.00,0.00,0.00,0.00,8,24.5,20.3,77,1013.4,270,0.9,-9900,-9900,0.0,0.0
2017,11,8,1,60,0.00,0.00,0.00,0.00,0.00,9,24.2,20.5,80,1013.4,40,1.7,-9900,-9900,0.0,0.0
2017,11,8,2,60,0.00,0.00,0.00,0.00,0.00,9,23.9,20.6,82,1013.2,90,1.1,-9900,-9900,0.0,0.0
2017,11,8,3,60,0.00,0.00,0.00,0.00,0.00,9,23.8,20.5,82,1013.0,100,1.8,-9900,-9900,0.0,0.0
2017,11,8,4,60,0.00,0.00,0.00,0.00,0.00,9,23.8,19.6,77,1013.0,70,0.7,-9900,-9900,0.0,0.0
2017,11,8,5,60,0.00,0.00,0.00,0.00,0.00,9,23.4,18.7,75,1013.2,70,1.8,-9900,-9900,0.0,0.0
2017,11,8,6,60,0.00,0.00,0.00,0.00,0.00,10,22.9,18.9,78,1013.4,50,3.0,-9900,-9900,0.0,0.0
2017,11,8,7,60,44.98,753.73,0.00,0.00,0.00,10,22.9,19.2,80,1014.0,50,2.9,-9900,-9900,0.0,0.5
2017,11,8,8,60,310.23,1394.60,2.78,0.00,2.78,10,22.8,19.4,81,1014.4,50,3.9,11,0,0.0,1.0
2017,11,8,9,60,576.29,1394.60,108.33,5.30,106.14,10,23.3,19.7,80,1014.8,60,3.0,10,0,0.0,1.0
2017,11,8,10,60,791.07,1394.60,241.67,31.72,223.68,10,24.1,20.1,78,1014.5,40,3.8,-9900,-9900,0.0,1.0
2017,11,8,11,60,939.92,1394.60,413.89,159.37,306.48,9,24.8,20.3,76,1013.8,50,3.9,11,0,0.0,0.3
2017,11,8,12,60,1012.70,1394.60,333.33,45.47,300.31,9,24.9,20.2,75,1013.2,50,4.6,-9900,-9900,0.0,0.0
2017,11,8,13,60,1004.44,1394.60,358.33,65.96,310.82,9,25.5,20.4,73,1012.6,50,4.0,-9900,-9900,0.0,0.0
2017,11,8,14,60,915.72,1394.60,252.78,19.13,240.22,9,25.1,19.8,72,1012.4,50,3.9,13,1,0.0,0.0
2017,11,8,15,60,752.59,1394.60,183.33,10.51,177.66,9,24.6,19.6,74,1012.6,40,3.5,-9900,-9900,0.0,0.0
2017,11,8,16,60,526.15,1394.60,116.67,7.37,113.89,9,24.5,19.4,73,1013.0,50,3.7,-9900,-9900,0.0,0.0
2017,11,8,17,60,251.83,1394.60,0.00,0.00,0.00,9,23.4,18.8,75,1013.2,40,3.4,13,1,0.0,0.0
2017,11,8,18,60,17.75,472.04,0.00,0.00,0.00,9,23.4,18.7,75,1013.7,50,3.2,-9900,-9900,0.0,0.0
2017,11,8,19,60,0.00,0.00,0.00,0.00,0.00,9,23.3,18.5,74,1014.3,40,3.6,-9900,-9900,0.0,0.0
2017,11,8,20,60,0.00,0.00,0.00,0.00,0.00,9,23.4,18.5,74,1014.6,50,3.6,-9900,-9900,0.0,0.0
2017,11,8,21,60,0.00,0.00,0.00,0.00,0.00,9,23.3,18.4,74,1014.7,50,2.8,-9900,-9900,0.0,0.0
2017,11,8,22,60,0.00,0.00,0.00,0.00,0.00,9,23.1,18.7,76,1014.4,60,4.5,-9900,-9900,0.0,0.0
2017,11,8,23,60,0.00,0.00,0.00,0.00,0.00,9,22.7,18.8,79,1014.3,60,3.8,-9900,-9900,0.0,0.0
2017,11,8,24,60,0.00,0.00,0.00,0.00,0.00,9,22.8,19.1,80,1013.8,50,3.5,-9900,-9900,0.0,0.0
2017,11,9,1,60,0.00,0.00,0.00,0.00,0.00,10,22.9,19.1,79,1013.7,60,3.2,-9900,-9900,0.0,0.0
2017,11,9,2,60,0.00,0.00,0.00,0.00,0.00,10,22.9,18.9,78,1013.2,60,3.0,-9900,-9900,0.0,0.0
2017,11,9,3,60,0.00,0.00,0.00,0.00,0.00,10,22.5,18.8,80,1013.2,60,2.3,-9900,-9900,0.0,0.0
2017,11,9,4,60,0.00,0.00,0.00,0.00,0.00,10,22.2,18.8,81,1013.0,60,3.2,-9900,-9900,0.2,0.9
2017,11,9,5,60,0.00,0.00,0.00,0.00,0.00,10,22.2,19.2,83,1013.2,50,3.8,-9900,-9900,0.1,1.0
2017,11,9,6,60,0.00,0.00,0.00,0.00,0.00,10,22.3,19.1,82,1013.8,50,4.3,-9900,-9900,0.0,1.0
2017,11,9,7,60,43.39,741.09,0.00,0.00,0.00,10,22.3,19.3,83,1014.1,60,3.3,-9900,-9900,0.0,1.0
2017,11,9,8,60,307.01,1395.21,0.00,0.00,0.00,10,22.6,19.5,83,1014.6,50,3.8,7,1,0.0,1.0
2017,11,9,9,60,572.80,1395.21,127.78,7.50,124.70,10,23.0,19.8,82,1014.7,50,3.8,7,1,0.0,1.0
2017,11,9,10,60,787.35,1395.21,166.67,6.54,162.98,10,23.2,19.7,81,1014.5,60,3.3,-9900,-9900,0.0,0.5
2017,11,9,11,60,936.04,1395.21,291.67,34.95,268.22,9,24.8,20.3,76,1013.8,60,4.0,7,3,0.0,0.0
2017,11,9,12,60,1008.74,1395.21,269.44,16.25,257.69,9,24.1,19.6,76,1013.3,60,5.2,-9900,-9900,0.0,0.0
2017,11,9,13,60,1000.51,1395.21,197.22,5.77,193.08,9,23.7,19.6,78,1012.5,50,5.4,-9900,-9900,0.0,0.0
2017,11,9,14,60,911.87,1395.21,163.89,4.91,160.68,10,23.8,19.7,78,1012.1,50,5.6,7,1,0.0,0.0
2017,11,9,15,60,748.91,1395.21,241.67,41.40,219.45,9,24.3,19.9,76,1011.6,50,5.0,-9900,-9900,0.0,0.0
2017,11,9,16,60,522.70,1395.21,108.33,6.30,105.97,9,23.7,19.4,77,1011.9,50,5.7,-9900,-9900,0.0,0.0
2017,11,9,17,60,248.67,1395.21,0.00,0.00,0.00,9,23.8,19.4,76,1012.0,50,4.7,8,1,0.0,0.0
2017,11,9,18,60,16.77,459.28,0.00,0.00,0.00,9,23.8,19.6,77,1012.2,50,4.8,-9900,-9900,0.0,0.0
2017,11,9,19,60,0.00,0.00,0.00,0.00,0.00,8,23.8,19.9,79,1012.6,50,5.2,-9900,-9900,0.0,0.0
2017,11,9,20,60,0.00,0.00,0.00,0.00,0.00,8,23.9,20.1,79,1012.7,50,4.1,-9900,-9900,0.0,0.0
2017,11,9,21,60,0.00,0.00,0.00,0.00,0.00,7,24.1,20.1,78,1012.4,50,5.0,-9900,-9900,0.0,0.0
2017,11,9,22,60,0.00,0.00,0.00,0.00,0.00,7,24.3,20.1,77,1012.2,50,4.8,-9900,-9900,0.0,0.0
2017,11,9,23,60,0.00,0.00,0.00,0.00,0.00,6,25.0,19.5,72,1011.8,60,3.3,-9900,-9900,0.0,0.0
2017,11,9,24,60,0.00,0.00,0.00,0.00,0.00,6,24.7,19.5,73,1011.3,50,5.6,-9900,-9900,0.0,0.0
2017,11,10,1,60,0.00,0.00,0.00,0.00,0.00,5,24.5,19.3,73,1010.8,50,4.8,-9900,-9900,0.0,0.0
2017,11,10,2,60,0.00,0.00,0.00,0.00,0.00,5,24.3,19.5,75,1010.5,50,4.3,-9900,-9900,0.0,0.0
2017,11,10,3,60,0.00,0.00,0.00,0.00,0.00,4,24.2,19.8,76,1010.2,50,4.4,-9900,-9900,0.0,0.0
2017,11,10,4,60,0.00,0.00,0.00,0.00,0.00,4,24.1,20.0,78,1010.1,40,3.1,-9900,-9900,0.0,0.0
2017,11,10,5,60,0.00,0.00,0.00,0.00,0.00,3,24.1,19.7,76,1010.4,50,2.7,-9900,-9900,0.0,0.0
2017,11,10,6,60,0.00,0.00,0.00,0.00,0.00,3,24.0,19.6,76,1011.0,50,3.7,-9900,-9900,0.0,0.0
2017,11,10,7,60,41.86,728.65,27.78,0.00,27.78,2,24.1,19.8,77,1011.3,50,3.2,-9900,-9900,0.0,0.0
2017,11,10,8,60,303.84,1395.81,208.33,0.00,208.33,2,26.0,20.8,73,1011.6,40,3.0,25,-9900,0.0,0.0
2017,11,10,9,60,569.35,1395.81,380.56,634.20,121.87,1,27.6,21.0,67,1011.7,60,4.0,30,-9900,0.0,0.0
2017,11,10,10,60,783.68,1395.81,502.78,566.23,184.87,1,29.5,21.6,63,1011.1,50,2.8,-9900,-9900,0.0,0.0
2017,11,10,11,60,932.22,1395.81,666.67,755.01,162.42,2,29.9,21.3,60,1010.4,70,2.2,30,-9900,0.0,0.0
2017,11,10,12,60,1004.84,1395.81,666.67,621.54,219.22,5,30.4,20.8,57,1009.7,80,2.7,-9900,-9900,0.0,0.0
2017,11,10,13,60,996.61,1395.81,636.11,558.03,237.68,5,31.0,21.1,56,1009.2,80,2.0,-9900,-9900,0.0,0.0
2017,11,10,14,60,908.08,1395.81,519.44,401.21,258.42,6,31.5,21.5,55,1008.8,70,1.3,28,-9900,0.0,0.0
2017,11,10,15,60,745.28,1395.81,361.11,228.34,239.19,5,30.3,21.6,60,1008.9,50,3.3,-9900,-9900,0.0,0.0
2017,11,10,16,60,519.30,1395.81,202.78,97.97,166.33,2,29.2,21.1,62,1009.2,50,1.6,-9900,-9900,0.0,0.0
2017,11,10,17,60,245.56,1395.81,13.89,0.00,13.89,5,28.4,20.9,64,1009.8,50,3.2,30,-9900,0.0,0.0
2017,11,10,18,60,15.83,446.72,0.00,0.00,0.00,5,27.3,20.7,67,1010.4,50,2.9,-9900,-9900,0.0,0.0
2017,11,10,19,60,0.00,0.00,0.00,0.00,0.00,6,26.9,20.7,69,1011.0,40,2.2,-9900,-9900,0.0,0.0
2017,11,10,20,60,0.00,0.00,0.00,0.00,0.00,6,26.6,20.8,71,1011.5,50,3.9,-9900,-9900,0.0,0.0
2017,11,10,21,60,0.00,0.00,0.00,0.00,0.00,6,26.3,20.6,71,1011.6,40,2.9,-9900,-9900,0.0,0.0
2017,11,10,22,60,0.00,0.00,0.00,0.00,0.00,7,26.3,20.5,70,1011.8,50,2.8,-9900,-9900,0.0,0.0
2017,11,10,23,60,0.00,0.00,0.00,0.00,0.00,7,25.3,20.6,75,1012.0,50,1.8,-9900,-9900,0.0,0.0
2017,11,10,24,60,0.00,0.00,0.00,0.00,0.00,7,25.1,20.6,76,1011.6,40,2.6,-9900,-9900,0.0,0.0
2017,11,11,1,60,0.00,0.00,0.00,0.00,0.00,8,24.7,20.7,78,1011.4,50,3.4,-9900,-9900,0.0,0.0
2017,11,11,2,60,0.00,0.00,0.00,0.00,0.00,8,24.8,20.5,77,1011.1,50,2.7,-9900,-9900,0.0,0.0
2017,11,11,3,60,0.00,0.00,0.00,0.00,0.00,8,24.7,20.9,79,1011.2,50,3.4,-9900,-9900,0.0,0.0
2017,11,11,4,60,0.00,0.00,0.00,0.00,0.00,9,23.9,19.1,75,1011.4,50,4.2,-9900,-9900,0.0,0.0
2017,11,11,5,60,0.00,0.00,0.00,0.00,0.00,9,23.1,18.1,73,1012.0,50,4.1,-9900,-9900,0.0,0.0
2017,11,11,6,60,0.00,0.00,0.00,0.00,0.00,9,22.8,18.1,75,1012.6,50,5.0,-9900,-9900,0.0,0.0
2017,11,11,7,60,40.38,716.42,0.00,0.00,0.00,10,22.5,18.2,77,1013.4,50,4.2,-9900,-9900,0.0,0.0
2017,11,11,8,60,300.73,1396.41,0.00,0.00,0.00,10,22.5,17.8,75,1013.9,50,4.0,11,0,0.0,0.0
2017,11,11,9,60,565.97,1396.41,51.47,1.58,50.83,10,22.1,17.8,77,1014.6,80,3.2,10,1,0.0,0.0
2017,11,11,10,60,780.08,1396.41,2.78,0.02,2.77,10,22.0,17.9,78,1014.7,70,3.0,-9900,-9900,0.0,0.0
2017,11,11,11,60,928.46,1396.41,100.00,2.06,98.63,10,21.9,17.9,78,1014.6,50,3.6,10,1,0.0,0.0
2017,11,11,12,60,1001.01,1396.41,25.00,0.25,24.82,10,21.8,17.4,76,1014.0,50,3.9,-9900,-9900,0.0,0.2
2017,11,11,13,60,992.78,1396.41,8.33,0.07,8.28,10,21.9,17.1,74,1013.2,50,3.6,-9900,-9900,0.0,0.4
2017,11,11,14,60,904.34,1396.41,119.44,2.89,117.57,10,21.7,17.4,77,1013.0,60,2.9,10,1,0.0,0.0
2017,11,11,15,60,741.71,1396.41,84.21,2.26,83.01,10,22.0,17.8,77,1012.8,70,2.8,-9900,-9900,0.0,0.0
2017,11,11,16,60,515.97,1396.41,43.34,1.38,42.83,10,22.0,17.4,75,1013.1,50,4.0,-9900,-9900,0.0,0.0
2017,11,11,17,60,242.51,1396.41,0.00,0.00,0.00,10,21.8,16.8,73,1013.6,50,3.6,15,1,0.0,0.0
2017,11,11,18,60,14.93,434.37,0.00,0.00,0.00,10,21.4,16.8,75,1013.7,50,4.4,-9900,-9900,0.0,0.0
2017,11,11,19,60,0.00,0.00,0.00,0.00,0.00,10,20.7,16.4,76,1013.9,70,2.6,-9900,-9900,0.6,0.5
2017,11,11,20,60,0.00,0.00,0.00,0.00,0.00,10,20.9,17.3,80,1014.1,70,2.5,-9900,-9900,0.3,0.7
2017,11,11,21,60,0.00,0.00,0.00,0.00,0.00,10,21.0,17.6,81,1014.1,60,3.6,-9900,-9900,0.0,0.0
2017,11,11,22,60,0.00,0.00,0.00,0.00,0.00,10,20.7,17.2,80,1014.1,50,3.5,-9900,-9900,0.2,0.3
2017,11,11,23,60,0.00,0.00,0.00,0.00,0.00,10,20.6,17.1,80,1013.7,60,3.1,-9900,-9900,0.2,1.0
2017,11,11,24,60,0.00,0.00,0.00,0.00,0.00,10,20.6,17.2,81,1013.2,70,2.7,-9900,-9900,0.1,1.0
2017,11,12,1,60,0.00,0.00,0.00,0.00,0.00,9,20.5,17.1,81,1012.7,50,4.0,-9900,-9900,0.0,0.0
2017,11,12,2,60,0.00,0.00,0.00,0.00,0.00,9,20.4,17.2,82,1012.1,60,3.1,-9900,-9900,0.0,0.0
2017,11,12,3,60,0.00,0.00,0.00,0.00,0.00,9,20.6,17.4,82,1012.0,50,3.6,-9900,-9900,0.0,0.0
2017,11,12,4,60,0.00,0.00,0.00,0.00,0.00,9,20.7,17.4,81,1011.7,50,3.8,-9900,-9900,0.0,0.0
2017,11,12,5,60,0.00,0.00,0.00,0.00,0.00,9,20.8,17.3,80,1011.9,60,3.8,-9900,-9900,0.0,0.0
2017,11,12,6,60,0.00,0.00,0.00,0.00,0.00,9,20.9,17.4,80,1012.3,90,2.3,-9900,-9900,0.0,0.0
2017,11,12,7,60,38.95,704.38,0.00,0.00,0.00,9,20.9,17.4,80,1012.7,60,3.0,-9900,-9900,0.0,0.0
2017,11,12,8,60,297.68,1396.99,11.11,0.00,11.11,9,20.8,17.4,81,1013.3,50,3.7,7,1,0.0,0.5
2017,11,12,9,60,562.64,1396.99,191.67,53.51,170.12,9,21.6,17.8,79,1013.6,60,3.5,9,-9900,0.0,0.2
2017,11,12,10,60,776.52,1396.99,291.67,83.01,245.53,9,21.9,17.9,78,1013.4,50,4.3,-9900,-9900,0.0,0.0
2017,11,12,11,60,924.75,1396.99,388.89,133.10,300.78,8,22.7,18.4,77,1013.0,50,3.7,10,-9900,0.0,0.0
2017,11,12,12,60,997.23,1396.99,463.89,196.74,323.45,8,22.9,18.3,75,1012.2,60,4.2,-9900,-9900,0.0,0.0
2017,11,12,13,60,989.01,1396.99,355.56,68.41,307.13,10,22.1,17.5,75,1011.6,60,5.7,-9900,-9900,0.0,0.0
2017,11,12,14,60,900.66,1396.99,227.78,12.49,219.73,10,22.4,17.6,74,1011.2,40,4.0,10,-9900,0.0,0.0
2017,11,12,15,60,738.20,1396.99,166.67,7.82,162.54,10,22.0,17.4,75,1011.0,60,3.6,-9900,-9900,0.0,0.0
2017,11,12,16,60,512.70,1396.99,72.22,3.24,71.03,10,21.5,17.2,77,1010.8,50,3.6,-9900,-9900,0.0,0.0
2017,11,12,17,60,239.52,1396.99,0.00,0.00,0.00,10,21.3,17.3,78,1010.9,50,3.5,10,1,0.0,0.0
2017,11,12,18,60,14.08,422.22,0.00,0.00,0.00,10,21.8,17.6,77,1010.9,40,4.6,-9900,-9900,0.0,0.0
2017,11,12,19,60,0.00,0.00,0.00,0.00,0.00,10,22.0,17.6,76,1011.3,50,5.0,-9900,-9900,0.0,0.0
2017,11,12,20,60,0.00,0.00,0.00,0.00,0.00,10,22.1,17.9,77,1011.7,50,3.5,-9900,-9900,0.0,0.0
2017,11,12,21,60,0.00,0.00,0.00,0.00,0.00,10,22.3,18.0,77,1011.8,60,3.4,-9900,-9900,0.0,0.0
2017,11,12,22,60,0.00,0.00,0.00,0.00,0.00,10,22.2,18.0,77,1011.8,40,2.7,-9900,-9900,0.0,0.0
2017,11,12,23,60,0.00,0.00,0.00,0.00,0.00,10,22.0,18.1,79,1011.8,40,2.2,-9900,-9900,0.0,0.0
2017,11,12,24,60,0.00,0.00,0.00,0.00,0.00,10,21.7,18.4,82,1011.5,50,2.5,-9900,-9900,1.5,0.2
2017,11,13,1,60,0.00,0.00,0.00,0.00,0.00,10,21.7,18.4,82,1010.8,80,2.6,-9900,-9900,1.5,1.0
2017,11,13,2,60,0.00,0.00,0.00,0.00,0.00,10,21.8,18.5,82,1010.5,80,2.0,-9900,-9900,0.5,1.0
2017,11,13,3,60,0.00,0.00,0.00,0.00,0.00,10,21.6,18.5,83,1010.3,130,1.1,-9900,-9900,3.5,1.0
2017,11,13,4,60,0.00,0.00,0.00,0.00,0.00,10,21.5,18.7,84,1010.3,190,0.9,-9900,-9900,7.5,1.0
2017,11,13,5,60,0.00,0.00,0.00,0.00,0.00,10,21.2,18.4,84,1009.9,80,1.3,-9900,-9900,8.5,1.0
2017,11,13,6,60,0.00,0.00,0.00,0.00,0.00,10,21.5,18.7,84,1010.8,170,0.3,-9900,-9900,0.5,1.0
2017,11,13,7,60,37.58,692.57,0.00,0.00,0.00,10,21.9,19.1,84,1011.0,90,1.1,-9900,-9900,0.0,0.4
2017,11,13,8,60,294.68,1397.57,50.00,0.00,50.00,10,22.4,19.4,83,1011.2,90,2.3,20,1,0.0,0.5
2017,11,13,9,60,559.36,1397.57,166.67,28.08,155.43,10,22.5,19.4,83,1011.4,50,2.3,19,1,0.0,1.0
2017,11,13,10,60,773.02,1397.57,166.67,6.83,162.89,10,23.1,19.6,81,1011.4,60,2.0,-9900,-9900,0.0,1.0
2017,11,13,11,60,921.10,1397.57,180.56,5.72,176.79,10,23.9,20.1,79,1010.6,100,1.4,30,1,0.0,0.5
2017,11,13,12,60,993.51,1397.57,125.00,2.67,123.10,10,24.2,20.1,78,1009.7,200,1.2,-9900,-9900,0.0,0.5
2017,11,13,13,60,985.31,1397.57,91.67,1.63,90.52,10,24.0,19.9,78,1009.0,130,0.5,-9900,-9900,0.0,1.0
2017,11,13,14,60,897.04,1397.57,113.89,2.71,112.15,10,24.1,20.1,78,1008.3,30,0.8,30,1,0.0,1.0
2017,11,13,15,60,734.74,1397.57,36.11,0.61,35.79,10,23.6,19.9,80,1008.2,10,2.2,-9900,-9900,1.0,1.0
2017,11,13,16,60,509.48,1397.57,61.99,2.52,61.07,10,23.2,19.6,80,1008.4,50,2.7,-9900,-9900,2.5,1.0
2017,11,13,17,60,236.59,1397.57,0.00,0.00,0.00,10,23.2,19.7,81,1009.0,80,0.5,7,1,0.5,1.0
2017,11,13,18,60,13.27,410.28,0.00,0.00,0.00,10,22.9,19.6,82,1009.6,50,2.1,-9900,-9900,2.5,1.0
2017,11,13,19,60,0.00,0.00,0.00,0.00,0.00,10,23.0,19.6,81,1009.1,70,3.3,-9900,-9900,1.0,0.5
2017,11,13,20,60,0.00,0.00,0.00,0.00,0.00,10,23.1,19.6,81,1009.3,50,2.9,-9900,-9900,0.0,0.0
2017,11,13,21,60,0.00,0.00,0.00,0.00,0.00,10,23.2,19.4,79,1009.8,50,1.4,-9900,-9900,0.0,0.0
2017,11,13,22,60,0.00,0.00,0.00,0.00,0.00,10,23.4,19.3,78,1009.4,50,3.2,-9900,-9900,0.0,0.0
2017,11,13,23,60,0.00,0.00,0.00,0.00,0.00,10,23.4,19.2,77,1009.4,50,3.8,-9900,-9900,0.0,0.0
2017,11,13,24,60,0.00,0.00,0.00,0.00,0.00,10,23.1,18.7,76,1009.2,50,2.8,-9900,-9900,0.0,0.0
2017,11,14,1,60,0.00,0.00,0.00,0.00,0.00,10,23.2,18.7,76,1009.1,60,2.7,-9900,-9900,0.0,0.0
2017,11,14,2,60,0.00,0.00,0.00,0.00,0.00,10,23.2,19.0,77,1009.0,60,1.6,-9900,-9900,0.0,0.0
2017,11,14,3,60,0.00,0.00,0.00,0.00,0.00,10,22.6,18.9,80,1009.2,80,1.6,-9900,-9900,1.0,0.9
2017,11,14,4,60,0.00,0.00,0.00,0.00,0.00,10,22.4,19.1,82,1009.5,80,1.1,-9900,-9900,0.8,0.3
2017,11,14,5,60,0.00,0.00,0.00,0.00,0.00,10,22.6,19.3,82,1010.7,80,1.0,-9900,-9900,0.0,0.5
2017,11,14,6,60,0.00,0.00,0.00,0.00,0.00,10,22.4,19.0,81,1011.3,100,1.7,-9900,-9900,0.5,0.9
2017,11,14,7,60,36.25,680.96,0.00,0.00,0.00,10,22.5,19.4,83,1011.6,50,1.1,-9900,-9900,0.0,0.0
2017,11,14,8,60,291.75,1398.13,0.00,0.00,0.00,10,23.0,19.6,81,1012.6,50,1.6,20,1,0.0,0.0
2017,11,14,9,60,556.16,1398.13,155.56,20.49,147.41,9,24.1,20.5,80,1012.8,100,1.0,15,1,0.0,0.0
2017,11,14,10,60,769.60,1398.13,144.44,5.30,141.52,10,23.5,20.1,81,1012.6,40,2.5,-9900,-9900,0.0,0.0
2017,11,14,11,60,917.53,1398.13,208.33,7.97,203.10,10,23.8,20.4,81,1012.0,70,2.3,15,2,0.0,0.0
2017,11,14,12,60,989.86,1398.13,400.00,113.24,319.83,9,24.2,20.0,77,1011.2,50,3.7,-9900,-9900,0.0,0.0
2017,11,14,13,60,981.66,1398.13,263.89,16.81,252.09,10,24.0,19.4,75,1010.3,50,4.5,-9900,-9900,0.0,0.0
2017,11,14,14,60,893.49,1398.13,208.33,8.79,202.71,10,23.5,19.0,76,1010.1,50,4.7,25,3,0.0,0.0
2017,11,14,15,60,731.36,1398.13,166.67,8.07,162.45,9,23.9,18.8,73,1010.1,50,4.6,-9900,-9900,0.0,0.0
2017,11,14,16,60,506.32,1398.13,72.22,3.31,71.02,10,23.2,18.6,75,1010.7,60,2.9,-9900,-9900,0.0,0.0
2017,11,14,17,60,233.70,1398.13,0.00,0.00,0.00,10,22.5,18.0,76,1011.2,50,4.2,10,1,0.0,0.0
2017,11,14,18,60,12.49,398.56,0.00,0.00,0.00,10,22.5,17.7,74,1011.7,50,4.3,-9900,-9900,0.0,0.0
2017,11,14,19,60,0.00,0.00,0.00,0.00,0.00,10,22.5,18.0,76,1012.6,50,3.7,-9900,-9900,0.0,0.0
2017,11,14,20,60,0.00,0.00,0.00,0.00,0.00,10,22.0,17.7,77,1013.0,50,3.5,-9900,-9900,0.0,0.0
2017,11,14,21,60,0.00,0.00,0.00,0.00,0.00,10,22.3,17.6,75,1012.9,50,2.2,-9900,-9900,0.0,0.0
2017,11,14,22,60,0.00,0.00,0.00,0.00,0.00,10,22.4,17.5,74,1012.7,50,1.6,-9900,-9900,0.0,0.0
2017,11,14,23,60,0.00,0.00,0.00,0.00,0.00,10,22.2,17.8,76,1012.7,50,2.9,-9900,-9900,0.0,0.0
2017,11,14,24,60,0.00,0.00,0.00,0.00,0.00,10,22.3,17.9,76,1012.5,80,2.2,-9900,-9900,0.0,0.0
2017,11,15,1,60,0.00,0.00,0.00,0.00,0.00,9,22.4,17.8,75,1012.4,90,2.0,-9900,-9900,0.0,0.0
2017,11,15,2,60,0.00,0.00,0.00,0.00,0.00,9,22.2,17.9,77,1012.4,70,3.0,-9900,-9900,0.0,0.0
2017,11,15,3,60,0.00,0.00,0.00,0.00,0.00,9,22.3,17.9,76,1012.3,80,3.0,-9900,-9900,0.0,0.0
2017,11,15,4,60,0.00,0.00,0.00,0.00,0.00,9,22.3,18.0,77,1012.2,70,2.6,-9900,-9900,0.0,0.0
2017,11,15,5,60,0.00,0.00,0.00,0.00,0.00,9,22.3,17.8,76,1012.6,70,2.9,-9900,-9900,0.0,0.0
2017,11,15,6,60,0.00,0.00,0.00,0.00,0.00,9,22.3,17.8,76,1013.0,50,2.4,-9900,-9900,0.0,0.0
2017,11,15,7,60,34.98,669.59,0.00,0.00,0.00,9,22.5,17.6,74,1013.6,50,3.7,-9900,-9900,0.0,0.0
2017,11,15,8,60,288.87,1398.69,30.56,0.00,30.56,9,22.7,18.1,75,1014.4,90,2.5,13,1,0.0,0.0
2017,11,15,9,60,553.01,1398.69,322.22,426.02,153.78,9,24.0,18.4,71,1014.4,60,4.6,15,1,0.0,0.0
2017,11,15,10,60,766.24,1398.69,277.78,71.10,238.83,9,24.2,18.4,70,1014.3,50,2.9,-9900,-9900,0.0,0.0
2017,11,15,11,60,914.02,1398.69,222.22,10.45,215.39,9,25.1,18.6,67,1013.7,60,3.8,22,1,0.0,0.0
2017,11,15,12,60,986.27,1398.69,355.56,69.35,306.66,9,25.3,18.1,64,1012.6,50,3.0,-9900,-9900,0.0,0.0
2017,11,15,13,60,978.08,1398.69,313.89,40.41,285.63,9,24.9,17.9,65,1012.1,50,4.2,-9900,-9900,0.0,0.0
2017,11,15,14,60,889.99,1398.69,155.56,4.68,152.58,9,24.2,17.7,67,1012.2,50,4.7,22,1,0.0,0.0
2017,11,15,15,60,728.03,1398.69,138.89,5.46,136.05,9,24.1,19.5,76,1011.7,90,3.1,-9900,-9900,0.0,0.0
2017,11,15,16,60,503.23,1398.69,19.44,0.44,19.28,10,24.1,19.3,75,1012.6,40,3.4,-9900,-9900,0.0,0.0
2017,11,15,17,60,230.90,1398.69,0.00,0.00,0.00,10,24.0,19.0,74,1012.8,60,4.0,30,1,0.0,0.0
2017,11,15,18,60,11.76,387.08,0.00,0.00,0.00,10,23.7,19.2,76,1012.4,70,4.1,-9900,-9900,0.0,0.0
2017,11,15,19,60,0.00,0.00,0.00,0.00,0.00,10,23.8,18.2,71,1013.0,60,3.4,-9900,-9900,0.0,0.0
2017,11,15,20,60,0.00,0.00,0.00,0.00,0.00,10,23.7,18.6,73,1013.2,70,2.9,-9900,-9900,0.0,0.0
2017,11,15,21,60,0.00,0.00,0.00,0.00,0.00,9,23.8,18.9,74,1013.6,60,3.0,-9900,-9900,0.0,0.0
2017,11,15,22,60,0.00,0.00,0.00,0.00,0.00,9,23.8,19.1,75,1013.8,60,2.9,-9900,-9900,0.0,0.0
2017,11,15,23,60,0.00,0.00,0.00,0.00,0.00,9,23.7,19.1,75,1013.4,60,2.9,-9900,-9900,0.0,0.0
2017,11,15,24,60,0.00,0.00,0.00,0.00,0.00,9,23.5,19.2,77,1012.6,60,3.1,-9900,-9900,0.0,0.0
2017,11,16,1,60,0.00,0.00,0.00,0.00,0.00,9,23.5,19.3,77,1012.3,50,4.3,-9900,-9900,0.0,0.0
2017,11,16,2,60,0.00,0.00,0.00,0.00,0.00,9,23.4,19.8,80,1012.0,60,2.6,-9900,-9900,0.0,0.0
2017,11,16,3,60,0.00,0.00,0.00,0.00,0.00,9,23.4,20.0,81,1011.7,50,3.0,-9900,-9900,0.0,0.0
2017,11,16,4,60,0.00,0.00,0.00,0.00,0.00,9,23.3,20.2,83,1011.7,50,3.0,-9900,-9900,0.0,0.0
2017,11,16,5,60,0.00,0.00,0.00,0.00,0.00,8,23.1,20.0,83,1011.5,60,2.9,-9900,-9900,0.0,0.0
2017,11,16,6,60,0.00,0.00,0.00,0.00,0.00,8,23.0,19.9,83,1012.0,50,3.4,-9900,-9900,0.0,0.0
2017,11,16,7,60,33.76,658.44,0.00,0.00,0.00,8,23.4,20.2,82,1012.4,50,3.1,-9900,-9900,0.0,0.0
2017,11,16,8,60,286.07,1399.24,125.00,0.00,125.00,8,24.5,21.2,82,1012.8,50,4.1,25,4,0.0,0.0
2017,11,16,9,60,549.94,1399.24,241.67,158.64,179.32,9,25.7,21.4,77,1013.5,40,2.2,25,3,0.0,0.0
2017,11,16,10,60,762.95,1399.24,408.33,323.77,231.79,5,26.5,21.3,73,1012.8,50,4.6,-9900,-9900,0.0,0.0
2017,11,16,11,60,910.57,1399.24,613.89,650.59,190.51,7,27.3,21.3,70,1012.1,50,5.8,30,6,0.0,0.0
2017,11,16,12,60,982.75,1399.24,658.33,639.54,209.15,8,27.5,21.3,69,1010.8,50,3.9,-9900,-9900,0.0,0.0
2017,11,16,13,60,974.57,1399.24,661.11,661.36,200.47,7,28.2,22.0,69,1009.8,50,3.5,-9900,-9900,0.0,0.0
2017,11,16,14,60,886.58,1399.24,530.56,462.71,237.38,6,28.5,21.5,66,1009.0,50,3.4,30,-9900,0.0,0.0
2017,11,16,15,60,724.78,1399.24,411.11,391.56,208.29,6,28.4,21.7,67,1008.4,60,3.8,-9900,-9900,0.0,0.0
2017,11,16,16,60,500.20,1399.24,250.00,255.79,158.56,1,27.3,20.4,66,1008.5,50,3.1,-9900,-9900,0.0,0.0
2017,11,16,17,60,228.15,1399.24,58.33,0.00,58.33,6,26.4,20.3,69,1008.9,50,4.3,25,-9900,0.0,0.0
2017,11,16,18,60,11.07,375.82,0.00,0.00,0.00,6,25.9,20.4,72,1009.1,50,4.8,-9900,-9900,0.0,0.0
2017,11,16,19,60,0.00,0.00,0.00,0.00,0.00,7,25.6,20.5,73,1009.6,50,4.0,-9900,-9900,0.0,0.0
2017,11,16,20,60,0.00,0.00,0.00,0.00,0.00,7,25.5,20.7,75,1009.6,50,2.3,-9900,-9900,0.0,0.0
2017,11,16,21,60,0.00,0.00,0.00,0.00,0.00,7,25.5,20.5,74,1009.7,50,2.2,-9900,-9900,0.0,0.0
2017,11,16,22,60,0.00,0.00,0.00,0.00,0.00,7,25.5,20.2,73,1009.4,50,2.3,-9900,-9900,0.0,0.0
2017,11,16,23,60,0.00,0.00,0.00,0.00,0.00,8,25.0,19.9,73,1009.1,10,1.5,-9900,-9900,0.0,0.0
2017,11,16,24,60,0.00,0.00,0.00,0.00,0.00,8,24.6,19.8,75,1009.5,210,1.1,-9900,-9900,0.0,0.0
2017,11,17,1,60,0.00,0.00,0.00,0.00,0.00,8,24.5,19.8,75,1009.3,200,1.2,-9900,-9900,0.0,0.0
2017,11,17,2,60,0.00,0.00,0.00,0.00,0.00,8,24.4,19.7,75,1008.9,180,0.6,-9900,-9900,0.0,0.0
2017,11,17,3,60,0.00,0.00,0.00,0.00,0.00,9,24.2,19.2,74,1008.6,160,1.3,-9900,-9900,0.0,0.0
2017,11,17,4,60,0.00,0.00,0.00,0.00,0.00,9,24.0,19.7,77,1008.1,210,1.2,-9900,-9900,0.0,0.0
2017,11,17,5,60,0.00,0.00,0.00,0.00,0.00,9,24.1,20.3,79,1008.2,200,1.1,-9900,-9900,0.0,0.0
2017,11,17,6,60,0.00,0.00,0.00,0.00,0.00,9,23.7,20.1,80,1008.4,190,1.3,-9900,-9900,0.0,0.0
2017,11,17,7,60,32.58,647.53,0.00,0.00,0.00,10,23.9,19.6,77,1009.0,180,1.1,-9900,-9900,0.0,0.0
2017,11,17,8,60,283.32,1399.78,72.22,0.00,72.22,10,24.1,19.8,77,1009.3,140,0.3,6,1,0.0,0.0
2017,11,17,9,60,546.93,1399.78,288.89,309.86,167.82,9,25.8,20.8,74,1009.3,200,1.0,7,1,0.0,0.0
2017,11,17,10,60,759.73,1399.78,233.33,32.67,215.60,6,26.7,20.9,71,1009.0,220,0.4,-9900,-9900,0.0,0.0
2017,11,17,11,60,907.20,1399.78,519.44,403.59,257.87,2,28.1,21.1,66,1007.9,270,0.8,10,-9900,0.0,0.0
2017,11,17,12,60,979.31,1399.78,638.89,595.13,222.53,2,29.4,21.3,62,1006.9,220,0.3,-9900,-9900,0.0,0.0
2017,11,17,13,60,971.13,1399.78,536.11,358.88,287.13,3,30.1,22.4,63,1005.5,0,0.0,-9900,-9900,0.0,0.0
2017,11,17,14,60,883.23,1399.78,500.00,389.25,254.39,3,30.5,22.3,62,1005.0,270,0.9,10,-9900,0.0,0.0
2017,11,17,15,60,721.60,1399.78,286.11,104.77,232.10,6,28.2,20.3,62,1004.9,10,0.7,-9900,-9900,0.0,0.0
2017,11,17,16,60,497.24,1399.78,55.56,2.20,54.78,8,27.7,19.7,62,1005.0,330,1.4,-9900,-9900,0.0,0.0
2017,11,17,17,60,225.46,1399.78,0.00,0.00,0.00,10,27.1,20.0,65,1005.6,260,0.3,10,1,0.0,0.0
2017,11,17,18,60,10.41,364.80,0.00,0.00,0.00,10,26.2,20.0,69,1005.9,330,0.6,-9900,-9900,0.0,0.0
2017,11,17,19,60,0.00,0.00,0.00,0.00,0.00,10,26.3,20.0,68,1006.2,0,0.0,-9900,-9900,0.0,0.0
2017,11,17,20,60,0.00,0.00,0.00,0.00,0.00,10,26.5,20.0,68,1006.5,210,0.3,-9900,-9900,0.0,0.0
2017,11,17,21,60,0.00,0.00,0.00,0.00,0.00,10,26.4,20.4,70,1006.7,190,0.9,-9900,-9900,0.0,0.0
2017,11,17,22,60,0.00,0.00,0.00,0.00,0.00,10,25.9,20.4,72,1006.9,160,2.0,-9900,-9900,0.0,0.0
2017,11,17,23,60,0.00,0.00,0.00,0.00,0.00,10,25.3,20.0,72,1006.6,160,1.1,-9900,-9900,0.0,0.0
2017,11,17,24,60,0.00,0.00,0.00,0.00,0.00,10,24.9,19.8,73,1006.4,200,0.7,-9900,-9900,0.0,0.0
2017,11,18,1,60,0.00,0.00,0.00,0.00,0.00,10,24.7,20.0,75,1005.9,0,0.0,-9900,-9900,0.0,0.0
2017,11,18,2,60,0.00,0.00,0.00,0.00,0.00,10,24.6,20.2,77,1005.9,320,1.1,-9900,-9900,0.0,0.0
2017,11,18,3,60,0.00,0.00,0.00,0.00,0.00,10,24.2,20.0,77,1005.7,350,0.3,-9900,-9900,0.0,0.0
2017,11,18,4,60,0.00,0.00,0.00,0.00,0.00,10,24.4,19.7,75,1005.7,350,0.5,-9900,-9900,0.0,0.0
2017,11,18,5,60,0.00,0.00,0.00,0.00,0.00,10,24.5,19.5,74,1006.7,250,1.1,-9900,-9900,0.0,0.0
2017,11,18,6,60,0.00,0.00,0.00,0.00,0.00,10,24.3,19.4,74,1007.6,260,1.3,-9900,-9900,0.0,0.0
2017,11,18,7,60,31.46,636.87,0.00,0.00,0.00,10,23.6,19.4,77,1008.7,310,0.5,-9900,-9900,0.0,0.0
2017,11,18,8,60,280.64,1400.31,0.00,0.00,0.00,10,22.9,19.6,82,1009.2,290,2.6,10,1,2.8,0.5
2017,11,18,9,60,543.99,1400.31,55.56,1.90,54.82,10,22.9,18.3,75,1010.3,20,3.2,12,1,0.0,0.0
2017,11,18,10,60,756.57,1400.31,11.11,0.13,11.04,10,22.7,18.9,79,1011.1,190,1.4,-9900,-9900,0.0,0.0
2017,11,18,11,60,903.91,1400.31,83.33,1.61,82.29,10,22.1,18.4,80,1011.5,210,1.9,13,1,0.0,0.0
2017,11,18,12,60,975.95,1400.31,8.33,0.07,8.28,10,22.3,18.3,78,1011.1,200,1.2,-9900,-9900,0.0,0.0
2017,11,18,13,60,967.78,1400.31,163.89,4.44,160.82,10,22.1,17.4,75,1011.0,50,2.7,-9900,-9900,0.0,0.0
2017,11,18,14,60,879.96,1400.31,5.56,0.05,5.53,10,21.9,16.8,73,1011.4,50,3.1,11,1,0.0,0.0
2017,11,18,15,60,718.49,1400.31,16.67,0.21,16.56,10,21.1,16.4,75,1012.2,50,3.4,-9900,-9900,0.0,0.0
2017,11,18,16,60,494.35,1400.31,48.84,1.81,48.20,10,20.6,16.1,75,1013.0,50,3.3,-9900,-9900,0.0,0.0
2017,11,18,17,60,222.84,1400.31,0.00,0.00,0.00,10,20.0,15.2,74,1014.2,50,4.5,12,1,0.0,0.0
2017,11,18,18,60,9.78,354.03,0.00,0.00,0.00,10,19.2,14.4,74,1015.4,50,5.0,-9900,-9900,0.0,0.0
2017,11,18,19,60,0.00,0.00,0.00,0.00,0.00,10,18.7,14.1,75,1016.4,50,4.4,-9900,-9900,0.0,0.0
2017,11,18,20,60,0.00,0.00,0.00,0.00,0.00,10,18.3,13.7,75,1017.0,50,4.9,-9900,-9900,0.0,0.0
2017,11,18,21,60,0.00,0.00,0.00,0.00,0.00,10,18.0,13.3,74,1017.8,60,4.6,-9900,-9900,0.0,0.0
2017,11,18,22,60,0.00,0.00,0.00,0.00,0.00,10,17.6,12.9,74,1018.1,50,5.3,-9900,-9900,0.0,0.0
2017,11,18,23,60,0.00,0.00,0.00,0.00,0.00,10,17.5,12.8,74,1018.0,50,4.7,-9900,-9900,0.0,0.0
2017,11,18,24,60,0.00,0.00,0.00,0.00,0.00,10,17.0,12.7,76,1018.0,50,5.3,-9900,-9900,0.0,0.0
2017,11,19,1,60,0.00,0.00,0.00,0.00,0.00,10,16.8,13.0,78,1018.4,60,3.0,-9900,-9900,0.0,0.0
2017,11,19,2,60,0.00,0.00,0.00,0.00,0.00,10,16.6,13.2,80,1017.7,60,3.7,-9900,-9900,1.0,0.1
2017,11,19,3,60,0.00,0.00,0.00,0.00,0.00,10,16.7,13.1,79,1017.6,50,3.6,-9900,-9900,0.0,1.0
2017,11,19,4,60,0.00,0.00,0.00,0.00,0.00,10,16.9,13.3,79,1017.7,50,4.4,-9900,-9900,0.5,1.0
2017,11,19,5,60,0.00,0.00,0.00,0.00,0.00,10,16.7,13.2,80,1018.3,50,3.5,-9900,-9900,0.0,0.0
2017,11,19,6,60,0.00,0.00,0.00,0.00,0.00,10,16.5,13.6,83,1018.7,70,2.9,-9900,-9900,0.5,0.1
2017,11,19,7,60,30.38,626.45,0.00,0.00,0.00,10,16.7,13.6,82,1019.0,60,3.7,-9900,-9900,1.0,1.0
2017,11,19,8,60,278.02,1400.83,0.00,0.00,0.00,10,17.0,13.5,80,1019.3,60,4.1,16,0,0.0,1.0
2017,11,19,9,60,541.12,1400.83,77.78,3.34,76.49,10,17.1,13.6,80,1019.2,50,3.8,6,1,0.0,1.0
2017,11,19,10,60,753.49,1400.83,116.67,3.81,114.62,10,18.2,14.6,80,1018.5,80,3.3,-9900,-9900,0.5,1.0
2017,11,19,11,60,900.68,1400.83,166.67,5.18,163.34,10,18.8,14.4,76,1017.7,70,4.3,30,1,0.0,0.5
2017,11,19,12,60,972.65,1400.83,180.56,5.21,176.94,9,19.3,15.0,76,1016.8,60,3.5,-9900,-9900,0.0,0.0
2017,11,19,13,60,964.49,1400.83,105.56,2.12,104.10,9,18.6,14.3,76,1015.7,50,4.2,-9900,-9900,0.0,0.0
2017,11,19,14,60,876.76,1400.83,77.78,1.52,76.83,10,19.2,13.9,71,1014.9,60,4.0,30,1,0.0,0.0
2017,11,19,15,60,715.45,1400.83,27.78,0.45,27.55,10,18.2,13.6,75,1014.9,50,4.3,-9900,-9900,0.0,0.5
2017,11,19,16,60,491.53,1400.83,55.62,2.25,54.83,10,17.4,14.2,81,1014.8,50,5.8,-9900,-9900,0.5,1.0
2017,11,19,17,60,220.27,1400.83,0.00,0.00,0.00,10,17.4,14.4,83,1015.1,50,4.4,5,1,1.0,0.2
2017,11,19,18,60,9.19,343.51,0.00,0.00,0.00,10,17.3,14.4,83,1015.5,50,4.4,-9900,-9900,0.5,1.0
2017,11,19,19,60,0.00,0.00,0.00,0.00,0.00,10,17.6,14.5,82,1015.8,50,4.1,-9900,-9900,0.0,0.0
2017,11,19,20,60,0.00,0.00,0.00,0.00,0.00,10,17.6,14.8,84,1016.1,50,3.4,-9900,-9900,1.0,1.0
2017,11,19,21,60,0.00,0.00,0.00,0.00,0.00,10,17.8,15.1,84,1016.2,50,3.5,-9900,-9900,1.0,0.2
2017,11,19,22,60,0.00,0.00,0.00,0.00,0.00,10,17.9,15.4,85,1016.5,50,3.9,-9900,-9900,3.0,0.5
2017,11,19,23,60,0.00,0.00,0.00,0.00,0.00,10,18.1,15.7,86,1016.1,50,2.4,-9900,-9900,2.0,0.4
2017,11,19,24,60,0.00,0.00,0.00,0.00,0.00,10,18.1,15.7,86,1016.1,50,2.7,-9900,-9900,2.5,0.6
2017,11,20,1,60,0.00,0.00,0.00,0.00,0.00,10,18.3,15.8,85,1015.8,60,2.0,-9900,-9900,4.0,1.0
2017,11,20,2,60,0.00,0.00,0.00,0.00,0.00,10,18.3,15.9,86,1015.2,70,1.7,-9900,-9900,2.5,1.0
2017,11,20,3,60,0.00,0.00,0.00,0.00,0.00,10,18.4,16.0,86,1014.8,60,2.6,-9900,-9900,0.5,1.0
2017,11,20,4,60,0.00,0.00,0.00,0.00,0.00,10,18.4,16.0,86,1015.2,50,2.5,-9900,-9900,0.5,1.0
2017,11,20,5,60,0.00,0.00,0.00,0.00,0.00,10,18.6,16.2,86,1015.3,90,1.8,-9900,-9900,0.0,1.0
2017,11,20,6,60,0.00,0.00,0.00,0.00,0.00,10,18.7,16.2,85,1015.7,60,2.3,-9900,-9900,0.5,1.0
2017,11,20,7,60,29.34,616.28,0.00,0.00,0.00,10,18.9,16.5,86,1016.3,70,1.7,-9900,-9900,0.0,1.0
2017,11,20,8,60,275.47,1401.33,41.67,0.00,41.67,10,19.2,16.8,86,1016.7,50,2.4,13,0,0.0,1.0
2017,11,20,9,60,538.31,1401.33,2.78,0.05,2.76,10,19.5,16.9,85,1017.1,70,2.0,5,0,0.0,0.5
2017,11,20,10,60,750.49,1401.33,16.67,0.21,16.56,10,19.3,16.8,85,1017.4,70,2.6,-9900,-9900,0.0,0.5
2017,11,20,11,60,897.53,1401.33,80.56,1.55,79.57,10,19.7,17.1,85,1016.6,70,2.4,30,0,0.0,1.0
2017,11,20,12,60,969.43,1401.33,141.67,3.45,139.28,10,19.4,16.4,83,1015.7,50,3.2,-9900,-9900,0.0,1.0
2017,11,20,13,60,961.28,1401.33,166.67,4.62,163.50,10,19.4,16.5,83,1014.7,60,3.1,-9900,-9900,0.0,1.0
2017,11,20,14,60,873.64,1401.33,166.67,5.47,163.26,10,19.5,16.6,83,1014.4,60,4.4,30,0,0.5,1.0
2017,11,20,15,60,712.48,1401.33,16.67,0.22,16.56,10,19.4,16.3,82,1014.5,50,3.3,-9900,-9900,0.0,0.5
2017,11,20,16,60,488.78,1401.33,11.11,0.23,11.03,10,19.3,16.2,82,1015.2,60,3.3,-9900,-9900,0.0,0.0
2017,11,20,17,60,217.78,1401.33,0.00,0.00,0.00,10,19.1,16.1,83,1015.7,50,3.1,15,1,0.0,0.0
2017,11,20,18,60,8.63,333.23,0.00,0.00,0.00,10,19.1,15.9,82,1016.0,50,3.5,-9900,-9900,0.0,0.0
2017,11,20,19,60,0.00,0.00,0.00,0.00,0.00,10,19.2,15.9,81,1016.6,70,2.8,-9900,-9900,0.0,0.0
2017,11,20,20,60,0.00,0.00,0.00,0.00,0.00,10,18.5,15.5,83,1017.3,70,3.3,-9900,-9900,0.5,0.7
2017,11,20,21,60,0.00,0.00,0.00,0.00,0.00,10,18.5,15.7,84,1017.4,60,2.4,-9900,-9900,0.5,1.0
2017,11,20,22,60,0.00,0.00,0.00,0.00,0.00,10,18.6,15.8,84,1017.5,80,2.5,-9900,-9900,0.5,1.0
2017,11,20,23,60,0.00,0.00,0.00,0.00,0.00,10,18.6,16.0,85,1017.0,80,2.5,-9900,-9900,0.0,1.0
2017,11,20,24,60,0.00,0.00,0.00,0.00,0.00,10,18.6,15.8,84,1016.9,50,3.5,-9900,-9900,1.0,1.0
2017,11,21,1,60,0.00,0.00,0.00,0.00,0.00,9,18.6,16.0,85,1016.6,50,3.7,-9900,-9900,0.4,1.0
2017,11,21,2,60,0.00,0.00,0.00,0.00,0.00,9,18.7,16.1,85,1016.4,60,2.8,-9900,-9900,0.4,1.0
2017,11,21,3,60,0.00,0.00,0.00,0.00,0.00,9,18.7,16.2,85,1015.9,80,2.4,-9900,-9900,1.6,1.0
2017,11,21,4,60,0.00,0.00,0.00,0.00,0.00,9,18.7,16.2,85,1015.8,50,2.4,-9900,-9900,0.4,1.0
2017,11,21,5,60,0.00,0.00,0.00,0.00,0.00,9,18.7,16.2,85,1015.2,90,2.4,-9900,-9900,1.4,1.0
2017,11,21,6,60,0.00,0.00,0.00,0.00,0.00,9,18.9,16.4,85,1015.7,70,2.4,-9900,-9900,1.7,0.4
2017,11,21,7,60,28.35,606.37,0.00,0.00,0.00,9,19.1,16.7,86,1016.2,60,3.0,-9900,-9900,0.0,0.0
2017,11,21,8,60,273.00,1401.83,0.00,0.00,0.00,9,19.6,17.2,86,1016.4,60,2.5,10,0,0.0,0.0
2017,11,21,9,60,535.60,1401.83,147.22,18.82,140.03,9,20.4,17.9,86,1015.8,60,4.5,12,0,0.0,0.0
2017,11,21,10,60,747.57,1401.83,266.67,66.29,231.32,9,21.1,18.6,86,1015.4,50,4.8,-9900,-9900,0.0,0.0
2017,11,21,11,60,894.47,1401.83,291.67,43.71,263.78,9,22.0,19.3,85,1014.3,50,4.6,14,0,0.0,0.0
2017,11,21,12,60,966.30,1401.83,413.89,143.71,314.83,9,22.5,19.2,82,1012.8,50,5.4,-9900,-9900,0.0,0.0
2017,11,21,13,60,958.16,1401.83,425.00,164.77,312.38,9,23.1,19.5,80,1011.6,40,4.1,-9900,-9900,0.0,0.0
2017,11,21,14,60,870.60,1401.83,230.56,15.65,220.84,9,22.6,19.2,81,1010.9,50,5.0,20,1,0.0,0.0
2017,11,21,15,60,709.59,1401.83,205.56,24.48,193.17,9,23.0,19.6,81,1010.3,50,4.6,-9900,-9900,0.0,0.0
2017,11,21,16,60,486.10,1401.83,186.11,90.47,154.74,8,23.4,19.2,77,1010.3,50,4.5,-9900,-9900,0.0,0.0
2017,11,21,17,60,215.36,1401.83,27.78,0.00,27.78,8,23.1,19.2,79,1010.6,50,4.0,12,-9900,0.0,0.0
2017,11,21,18,60,8.11,323.23,0.00,0.00,0.00,8,22.9,19.4,81,1010.9,60,2.7,-9900,-9900,0.0,0.0
2017,11,21,19,60,0.00,0.00,0.00,0.00,0.00,8,22.8,19.5,82,1011.4,60,2.5,-9900,-9900,0.0,0.0
2017,11,21,20,60,0.00,0.00,0.00,0.00,0.00,8,22.6,19.6,83,1011.4,70,2.0,-9900,-9900,0.0,0.0
2017,11,21,21,60,0.00,0.00,0.00,0.00,0.00,9,22.3,19.4,84,1011.5,70,1.4,-9900,-9900,0.0,0.0
2017,11,21,22,60,0.00,0.00,0.00,0.00,0.00,9,22.2,19.6,85,1011.6,190,0.8,-9900,-9900,0.0,0.0
2017,11,21,23,60,0.00,0.00,0.00,0.00,0.00,9,21.9,19.3,85,1011.0,160,0.8,-9900,-9900,0.0,0.0
2017,11,21,24,60,0.00,0.00,0.00,0.00,0.00,9,22.1,19.5,85,1011.3,240,1.0,-9900,-9900,0.0,0.0
2017,11,22,1,60,0.00,0.00,0.00,0.00,0.00,9,22.0,19.5,86,1011.3,280,0.7,-9900,-9900,0.0,0.0
2017,11,22,2,60,0.00,0.00,0.00,0.00,0.00,9,21.6,19.2,86,1010.9,270,1.3,-9900,-9900,0.0,0.0
2017,11,22,3,60,0.00,0.00,0.00,0.00,0.00,9,21.6,19.1,86,1010.7,270,0.4,-9900,-9900,0.0,0.0
2017,11,22,4,60,0.00,0.00,0.00,0.00,0.00,9,21.4,18.8,85,1010.7,270,1.6,-9900,-9900,0.0,0.0
2017,11,22,5,60,0.00,0.00,0.00,0.00,0.00,10,21.0,18.2,84,1010.9,290,1.0,-9900,-9900,0.0,0.0
2017,11,22,6,60,0.00,0.00,0.00,0.00,0.00,10,20.9,18.0,83,1011.4,270,1.1,-9900,-9900,0.0,0.0
2017,11,22,7,60,27.41,596.74,0.00,0.00,0.00,10,20.9,17.9,83,1012.1,280,1.4,-9900,-9900,0.0,0.0
2017,11,22,8,60,270.59,1402.32,8.33,0.00,8.33,10,21.4,17.9,80,1013.1,290,1.7,10,0,0.0,0.0
2017,11,22,9,60,532.94,1402.32,136.11,13.13,131.12,10,21.4,17.8,80,1013.7,290,0.8,10,1,0.0,0.0
2017,11,22,10,60,744.72,1402.32,152.78,6.21,149.48,10,21.4,17.6,79,1013.3,280,1.4,-9900,-9900,0.0,0.0
2017,11,22,11,60,891.49,1402.32,147.22,4.26,144.51,10,20.9,17.4,80,1012.8,300,1.2,15,1,0.0,0.0
2017,11,22,12,60,963.25,1402.32,150.00,3.84,147.36,10,21.1,17.4,79,1011.8,260,0.5,-9900,-9900,0.0,0.0
2017,11,22,13,60,955.12,1402.32,122.22,2.76,120.34,10,20.4,16.9,80,1011.2,130,1.0,-9900,-9900,0.0,0.5
2017,11,22,14,60,867.64,1402.32,55.56,0.92,54.99,10,19.6,17.0,85,1011.1,0,0.0,5,0,1.1,1.0
2017,11,22,15,60,706.78,1402.32,2.78,0.02,2.77,10,19.3,16.6,84,1011.5,260,1.0,-9900,-9900,1.2,1.0
2017,11,22,16,60,483.50,1402.32,48.49,1.86,47.85,10,18.9,16.6,87,1011.9,0,0.0,-9900,-9900,1.9,1.0
2017,11,22,17,60,213.01,1402.32,0.00,0.00,0.00,10,18.8,16.1,84,1012.8,240,0.4,5,0,0.3,1.0
2017,11,22,18,60,7.61,313.49,0.00,0.00,0.00,10,18.8,16.2,85,1013.5,220,1.2,-9900,-9900,0.4,1.0
2017,11,22,19,60,0.00,0.00,0.00,0.00,0.00,10,18.5,15.9,85,1014.4,230,1.1,-9900,-9900,0.1,1.0
2017,11,22,20,60,0.00,0.00,0.00,0.00,0.00,10,18.3,16.0,86,1015.1,190,1.1,-9900,-9900,0.0,0.3
2017,11,22,21,60,0.00,0.00,0.00,0.00,0.00,10,18.3,15.7,85,1015.5,240,0.9,-9900,-9900,0.0,0.0
2017,11,22,22,60,0.00,0.00,0.00,0.00,0.00,10,18.1,15.7,86,1015.6,220,1.0,-9900,-9900,0.0,0.0
2017,11,22,23,60,0.00,0.00,0.00,0.00,0.00,10,18.1,15.4,84,1015.7,180,1.4,-9900,-9900,0.0,0.0
2017,11,22,24,60,0.00,0.00,0.00,0.00,0.00,10,17.9,15.0,83,1016.0,160,0.8,-9900,-9900,0.0,0.0
2017,11,23,1,60,0.00,0.00,0.00,0.00,0.00,10,17.5,14.7,84,1016.1,200,1.4,-9900,-9900,0.0,0.0
2017,11,23,2,60,0.00,0.00,0.00,0.00,0.00,10,17.5,14.3,81,1016.0,70,1.9,-9900,-9900,0.0,0.0
2017,11,23,3,60,0.00,0.00,0.00,0.00,0.00,10,17.2,14.1,82,1016.2,290,0.5,-9900,-9900,0.0,0.0
2017,11,23,4,60,0.00,0.00,0.00,0.00,0.00,10,16.5,14.0,85,1016.3,200,1.3,-9900,-9900,0.5,0.5
2017,11,23,5,60,0.00,0.00,0.00,0.00,0.00,10,16.3,14.3,88,1017.0,210,0.9,-9900,-9900,1.1,1.0
2017,11,23,6,60,0.00,0.00,0.00,0.00,0.00,10,16.4,14.2,87,1017.9,220,0.7,-9900,-9900,1.1,1.0
2017,11,23,7,60,26.51,587.37,0.00,0.00,0.00,10,16.6,14.2,86,1018.6,150,0.4,-9900,-9900,0.8,0.5
2017,11,23,8,60,268.26,1402.80,0.00,0.00,0.00,10,17.1,14.3,84,1019.5,260,0.6,7,1,0.0,0.0
2017,11,23,9,60,530.38,1402.80,56.27,2.01,55.51,10,16.9,13.3,79,1019.5,50,2.0,7,1,0.0,0.0
2017,11,23,10,60,741.96,1402.80,103.95,3.21,102.25,10,17.0,12.9,77,1020.1,50,2.6,-9900,-9900,0.0,0.0
2017,11,23,11,60,888.60,1402.80,142.98,4.07,140.40,10,17.2,12.8,75,1018.9,60,3.4,7,1,0.0,0.0
2017,11,23,12,60,960.29,1402.80,8.33,0.07,8.28,10,17.0,12.7,76,1018.2,50,3.2,-9900,-9900,0.0,0.0
2017,11,23,13,60,952.16,1402.80,161.11,4.43,158.10,10,17.2,12.5,74,1017.4,50,3.4,-9900,-9900,0.0,0.0
2017,11,23,14,60,864.76,1402.80,116.67,3.02,114.81,10,17.4,12.3,72,1017.3,50,2.4,10,1,0.0,0.0
2017,11,23,15,60,704.05,1402.80,16.67,0.24,16.55,10,17.3,12.0,71,1017.6,60,2.4,-9900,-9900,0.0,0.0
2017,11,23,16,60,480.97,1402.80,46.88,1.75,46.28,9,17.1,11.5,70,1017.9,50,4.1,-9900,-9900,0.0,0.0
2017,11,23,17,60,210.73,1402.80,0.00,0.00,0.00,9,17.0,11.6,70,1018.1,50,4.0,12,2,0.0,0.0
2017,11,23,18,60,7.15,304.02,0.00,0.00,0.00,9,17.4,11.9,70,1018.2,70,2.0,-9900,-9900,0.0,0.0
2017,11,23,19,60,0.00,0.00,0.00,0.00,0.00,9,17.7,12.0,69,1019.0,70,2.7,-9900,-9900,0.0,0.0
2017,11,23,20,60,0.00,0.00,0.00,0.00,0.00,9,17.9,11.9,68,1018.9,70,3.5,-9900,-9900,0.0,0.0
2017,11,23,21,60,0.00,0.00,0.00,0.00,0.00,9,18.2,11.8,66,1018.9,60,3.2,-9900,-9900,0.0,0.0
2017,11,23,22,60,0.00,0.00,0.00,0.00,0.00,9,18.4,11.8,65,1019.3,70,2.2,-9900,-9900,0.0,0.0
2017,11,23,23,60,0.00,0.00,0.00,0.00,0.00,9,18.1,12.1,68,1019.1,60,2.7,-9900,-9900,0.0,0.0
2017,11,23,24,60,0.00,0.00,0.00,0.00,0.00,9,18.0,12.5,70,1018.7,60,2.4,-9900,-9900,0.0,0.0
2017,11,24,1,60,0.00,0.00,0.00,0.00,0.00,10,18.3,12.6,69,1019.0,60,2.4,-9900,-9900,0.0,0.0
2017,11,24,2,60,0.00,0.00,0.00,0.00,0.00,10,17.7,12.8,73,1019.0,50,3.4,-9900,-9900,0.0,0.0
2017,11,24,3,60,0.00,0.00,0.00,0.00,0.00,10,17.7,12.4,71,1018.8,50,4.2,-9900,-9900,0.0,0.0
2017,11,24,4,60,0.00,0.00,0.00,0.00,0.00,10,17.8,12.3,70,1019.4,50,2.5,-9900,-9900,0.0,0.0
2017,11,24,5,60,0.00,0.00,0.00,0.00,0.00,10,18.1,11.8,67,1019.3,60,2.4,-9900,-9900,0.0,0.0
2017,11,24,6,60,0.00,0.00,0.00,0.00,0.00,10,18.3,11.6,65,1020.1,80,2.1,-9900,-9900,0.0,0.0
2017,11,24,7,60,25.65,578.27,0.00,0.00,0.00,10,18.6,12.0,65,1021.1,50,2.0,-9900,-9900,0.0,0.0
2017,11,24,8,60,266.00,1403.27,0.00,0.00,0.00,10,18.4,11.5,64,1021.5,50,3.7,15,1,0.0,0.0
2017,11,24,9,60,527.88,1403.27,54.31,1.91,53.59,10,18.5,11.8,65,1022.7,50,3.9,18,1,0.0,0.0
2017,11,24,10,60,739.28,1403.27,100.54,3.06,98.93,10,18.2,12.1,68,1022.5,50,4.1,-9900,-9900,0.0,0.0
2017,11,24,11,60,885.79,1403.27,13.89,0.14,13.80,10,18.0,12.3,69,1022.1,60,3.9,18,1,0.0,0.0
2017,11,24,12,60,957.42,1403.27,158.33,4.27,155.42,10,18.2,12.4,69,1021.2,60,3.6,-9900,-9900,0.0,0.0
2017,11,24,13,60,949.31,1403.27,16.67,0.16,16.56,10,18.0,12.2,69,1019.7,50,3.8,-9900,-9900,0.0,0.0
2017,11,24,14,60,861.99,1403.27,72.22,1.38,71.37,9,18.2,12.5,69,1019.4,50,4.3,20,1,0.0,0.0
2017,11,24,15,60,701.41,1403.27,77.78,2.18,76.69,8,18.7,12.4,67,1018.9,60,2.4,-9900,-9900,0.0,0.0
2017,11,24,16,60,478.52,1403.27,45.21,1.67,44.64,10,18.9,12.1,65,1018.9,60,3.0,-9900,-9900,0.0,0.0
2017,11,24,17,60,208.52,1403.27,0.00,0.00,0.00,10,19.1,12.1,64,1019.2,60,3.8,15,1,0.0,0.0
2017,11,24,18,60,6.71,294.84,0.00,0.00,0.00,10,18.7,12.6,68,1019.7,60,3.4,-9900,-9900,0.0,0.0
2017,11,24,19,60,0.00,0.00,0.00,0.00,0.00,10,18.8,12.5,67,1020.3,80,4.1,-9900,-9900,0.0,0.0
2017,11,24,20,60,0.00,0.00,0.00,0.00,0.00,10,18.8,12.9,69,1020.2,60,4.1,-9900,-9900,0.0,0.0
2017,11,24,21,60,0.00,0.00,0.00,0.00,0.00,10,18.7,13.2,70,1019.9,60,3.2,-9900,-9900,0.0,0.0
2017,11,24,22,60,0.00,0.00,0.00,0.00,0.00,10,17.6,13.5,77,1020.0,60,3.6,-9900,-9900,0.0,0.2
2017,11,24,23,60,0.00,0.00,0.00,0.00,0.00,10,17.7,14.6,82,1019.3,50,2.7,-9900,-9900,0.5,0.2
2017,11,24,24,60,0.00,0.00,0.00,0.00,0.00,10,18.0,14.7,81,1018.7,60,3.7,-9900,-9900,0.0,0.0
2017,11,25,1,60,0.00,0.00,0.00,0.00,0.00,10,18.1,14.9,82,1018.0,50,4.3,-9900,-9900,0.0,0.0
2017,11,25,2,60,0.00,0.00,0.00,0.00,0.00,10,17.6,15.0,85,1017.9,50,4.0,-9900,-9900,1.0,0.8
2017,11,25,3,60,0.00,0.00,0.00,0.00,0.00,10,17.7,15.3,86,1017.7,50,3.9,-9900,-9900,1.5,1.0
2017,11,25,4,60,0.00,0.00,0.00,0.00,0.00,10,18.0,15.8,87,1017.8,50,3.0,-9900,-9900,2.0,1.0
2017,11,25,5,60,0.00,0.00,0.00,0.00,0.00,10,18.2,16.2,88,1017.8,30,1.1,-9900,-9900,2.5,1.0
2017,11,25,6,60,0.00,0.00,0.00,0.00,0.00,10,18.3,16.5,89,1018.4,10,0.9,-9900,-9900,1.5,1.0
2017,11,25,7,60,24.83,569.46,0.00,0.00,0.00,10,18.2,16.4,89,1018.7,40,1.8,-9900,-9900,1.5,1.0
2017,11,25,8,60,263.81,1403.72,0.00,0.00,0.00,10,18.0,16.3,90,1019.3,0,0.0,5,0,2.5,1.0
2017,11,25,9,60,525.47,1403.72,33.33,0.91,32.99,10,18.1,16.1,88,1019.9,250,1.3,5,0,2.0,1.0
2017,11,25,10,60,736.69,1403.72,86.11,2.38,84.86,10,18.3,16.2,88,1019.6,230,0.9,-9900,-9900,1.0,1.0
2017,11,25,11,60,883.07,1403.72,36.11,0.48,35.81,10,18.4,16.5,89,1019.0,160,1.1,4,0,1.0,1.0
2017,11,25,12,60,954.64,1403.72,75.00,1.25,74.15,10,18.5,16.7,89,1018.8,70,0.7,-9900,-9900,1.5,1.0
2017,11,25,13,60,946.53,1403.72,36.11,0.43,35.82,10,18.4,16.2,87,1018.3,220,0.7,-9900,-9900,2.0,1.0
2017,11,25,14,60,859.28,1403.72,58.33,1.00,57.72,10,18.5,16.2,86,1017.8,100,0.9,13,0,1.0,1.0
2017,11,25,15,60,698.84,1403.72,19.44,0.28,19.30,10,18.2,15.9,86,1016.6,120,3.8,-9900,-9900,1.0,1.0
2017,11,25,16,60,476.15,1403.72,38.60,1.33,38.15,10,18.6,16.4,87,1016.4,30,1.0,-9900,-9900,0.5,1.0
2017,11,25,17,60,206.38,1403.72,0.00,0.00,0.00,10,19.3,16.8,85,1016.6,40,2.3,13,1,0.0,0.3
2017,11,25,18,60,6.30,285.93,0.00,0.00,0.00,10,19.1,17.1,88,1017.4,340,1.8,-9900,-9900,0.0,0.0
2017,11,25,19,60,0.00,0.00,0.00,0.00,0.00,10,18.9,16.8,88,1018.2,320,1.5,-9900,-9900,0.0,0.0
2017,11,25,20,60,0.00,0.00,0.00,0.00,0.00,10,18.9,17.0,89,1018.7,160,0.9,-9900,-9900,0.0,0.3
2017,11,25,21,60,0.00,0.00,0.00,0.00,0.00,10,18.8,16.9,89,1018.9,170,0.4,-9900,-9900,0.5,0.8
2017,11,25,22,60,0.00,0.00,0.00,0.00,0.00,10,19.0,17.1,89,1018.3,330,1.2,-9900,-9900,0.0,0.0
2017,11,25,23,60,0.00,0.00,0.00,0.00,0.00,10,19.0,17.2,89,1016.8,130,1.6,-9900,-9900,0.0,0.0
2017,11,25,24,60,0.00,0.00,0.00,0.00,0.00,10,19.1,17.2,89,1016.9,210,0.9,-9900,-9900,0.0,0.0
2017,11,26,1,60,0.00,0.00,0.00,0.00,0.00,10,19.0,17.2,89,1017.1,220,0.8,-9900,-9900,0.0,0.0
2017,11,26,2,60,0.00,0.00,0.00,0.00,0.00,10,18.9,17.2,90,1017.0,190,1.2,-9900,-9900,0.0,0.0
2017,11,26,3,60,0.00,0.00,0.00,0.00,0.00,10,19.2,17.2,88,1016.6,210,0.9,-9900,-9900,0.0,0.0
2017,11,26,4,60,0.00,0.00,0.00,0.00,0.00,10,19.1,17.3,89,1016.2,150,0.9,-9900,-9900,0.0,0.0
2017,11,26,5,60,0.00,0.00,0.00,0.00,0.00,10,19.1,17.4,90,1016.2,210,0.3,-9900,-9900,0.0,0.0
2017,11,26,6,60,0.00,0.00,0.00,0.00,0.00,10,19.3,17.6,90,1016.9,190,1.0,-9900,-9900,0.0,0.0
2017,11,26,7,60,24.06,560.94,0.00,0.00,0.00,10,19.6,17.9,90,1017.7,190,1.1,-9900,-9900,0.0,0.0
2017,11,26,8,60,261.70,1404.17,0.00,0.00,0.00,10,20.6,18.4,87,1018.4,260,0.7,10,2,0.0,0.0
2017,11,26,9,60,523.14,1404.17,111.11,6.63,108.64,10,21.2,19.0,87,1018.5,0,0.0,10,2,0.0,0.0
2017,11,26,10,60,734.18,1404.17,166.67,7.99,162.49,10,21.5,19.1,86,1018.6,0,0.0,-9900,-9900,0.0,0.0
2017,11,26,11,60,880.44,1404.17,200.00,8.02,194.97,10,22.0,19.0,83,1018.3,290,0.5,12,2,0.0,0.0
2017,11,26,12,60,951.95,1404.17,252.78,15.89,242.01,9,22.7,19.2,81,1017.3,280,0.5,-9900,-9900,0.0,0.0
2017,11,26,13,60,943.84,1404.17,250.00,15.70,239.45,10,22.0,18.5,81,1016.8,360,0.6,-9900,-9900,0.0,0.0
2017,11,26,14,60,856.66,1404.17,47.22,0.74,46.77,10,22.4,18.2,77,1016.1,0,0.0,20,1,0.0,0.0
2017,11,26,15,60,696.36,1404.17,27.78,0.46,27.55,10,21.6,17.6,78,1016.2,60,2.4,-9900,-9900,0.0,0.0
2017,11,26,16,60,473.86,1404.17,16.05,0.36,15.93,10,21.0,17.1,78,1016.8,50,4.1,-9900,-9900,0.0,0.5
2017,11,26,17,60,204.31,1404.17,0.00,0.00,0.00,9,20.9,17.0,78,1016.9,60,2.5,15,1,0.0,0.0
2017,11,26,18,60,5.92,277.32,0.00,0.00,0.00,9,20.8,16.9,78,1016.9,60,2.8,-9900,-9900,0.0,0.0
2017,11,26,19,60,0.00,0.00,0.00,0.00,0.00,9,20.7,17.1,80,1017.6,70,1.6,-9900,-9900,0.0,0.0
2017,11,26,20,60,0.00,0.00,0.00,0.00,0.00,9,20.3,17.0,81,1017.6,60,2.7,-9900,-9900,0.7,0.6
2017,11,26,21,60,0.00,0.00,0.00,0.00,0.00,9,20.2,17.3,83,1017.7,60,2.3,-9900,-9900,0.3,1.0
2017,11,26,22,60,0.00,0.00,0.00,0.00,0.00,9,20.2,17.3,83,1018.0,50,2.3,-9900,-9900,0.1,1.0
2017,11,26,23,60,0.00,0.00,0.00,0.00,0.00,9,20.0,17.0,83,1017.3,50,3.3,-9900,-9900,0.3,1.0
2017,11,26,24,60,0.00,0.00,0.00,0.00,0.00,9,20.0,17.2,84,1017.3,80,2.2,-9900,-9900,0.4,1.0
2017,11,27,1,60,0.00,0.00,0.00,0.00,0.00,9,20.0,17.5,86,1016.9,70,1.8,-9900,-9900,0.0,1.0
2017,11,27,2,60,0.00,0.00,0.00,0.00,0.00,9,19.8,17.2,85,1016.6,50,2.8,-9900,-9900,0.2,1.0
2017,11,27,3,60,0.00,0.00,0.00,0.00,0.00,9,19.7,17.3,86,1016.9,90,1.7,-9900,-9900,0.1,1.0
2017,11,27,4,60,0.00,0.00,0.00,0.00,0.00,9,19.6,17.1,85,1016.6,50,3.0,-9900,-9900,0.7,1.0
2017,11,27,5,60,0.00,0.00,0.00,0.00,0.00,9,19.6,17.1,85,1016.4,50,3.7,-9900,-9900,0.1,0.9
2017,11,27,6,60,0.00,0.00,0.00,0.00,0.00,9,19.8,17.4,86,1016.9,60,2.6,-9900,-9900,0.0,0.0
2017,11,27,7,60,23.32,552.71,0.00,0.00,0.00,9,19.6,17.3,87,1017.2,50,3.7,-9900,-9900,0.0,0.3
2017,11,27,8,60,259.66,1404.60,58.33,0.00,58.33,9,20.1,17.7,86,1017.7,50,3.9,15,2,0.0,0.0
2017,11,27,9,60,520.89,1404.60,188.89,71.49,162.38,9,21.3,18.2,82,1017.9,50,3.8,12,3,0.0,0.0
2017,11,27,10,60,731.76,1404.60,252.78,57.37,222.89,9,21.8,18.2,80,1017.5,60,3.4,-9900,-9900,0.0,0.0
2017,11,27,11,60,877.90,1404.60,419.44,218.33,282.98,8,22.7,18.5,77,1016.5,50,5.7,20,1,0.0,0.0
2017,11,27,12,60,949.36,1404.60,366.67,94.10,303.07,9,22.1,18.1,78,1015.5,50,6.3,-9900,-9900,0.0,0.0
2017,11,27,13,60,941.25,1404.60,400.00,139.56,306.48,9,22.5,18.5,78,1014.4,50,4.8,-9900,-9900,0.0,0.0
2017,11,27,14,60,854.14,1404.60,247.22,24.42,232.37,9,22.5,18.7,79,1014.0,50,4.3,15,3,0.0,0.0
2017,11,27,15,60,693.98,1404.60,297.22,143.95,226.10,9,22.7,18.7,78,1013.6,50,5.9,-9900,-9900,0.0,0.0
2017,11,27,16,60,471.66,1404.60,66.67,3.28,65.57,9,22.4,18.2,77,1013.8,60,4.1,-9900,-9900,0.0,0.0
2017,11,27,17,60,202.33,1404.60,0.00,0.00,0.00,7,22.3,18.0,77,1013.9,60,3.6,15,-9900,0.0,0.0
2017,11,27,18,60,5.56,269.00,0.00,0.00,0.00,7,22.2,17.9,77,1014.0,50,4.3,-9900,-9900,0.0,0.0
2017,11,27,19,60,0.00,0.00,0.00,0.00,0.00,7,22.6,18.1,76,1014.3,50,4.0,-9900,-9900,0.0,0.0
2017,11,27,20,60,0.00,0.00,0.00,0.00,0.00,7,22.7,18.1,75,1014.4,50,4.2,-9900,-9900,0.0,0.0
2017,11,27,21,60,0.00,0.00,0.00,0.00,0.00,7,23.1,18.4,75,1014.4,50,4.7,-9900,-9900,0.0,0.0
2017,11,27,22,60,0.00,0.00,0.00,0.00,0.00,7,23.3,18.6,75,1014.1,50,5.4,-9900,-9900,0.0,0.0
2017,11,27,23,60,0.00,0.00,0.00,0.00,0.00,7,23.2,18.9,77,1013.6,50,4.9,-9900,-9900,0.0,0.0
2017,11,27,24,60,0.00,0.00,0.00,0.00,0.00,7,23.3,18.9,76,1013.1,50,4.5,-9900,-9900,0.0,0.0
2017,11,28,1,60,0.00,0.00,0.00,0.00,0.00,6,23.3,18.5,74,1012.7,50,4.5,-9900,-9900,0.0,0.0
2017,11,28,2,60,0.00,0.00,0.00,0.00,0.00,6,23.2,18.3,74,1012.1,50,3.8,-9900,-9900,0.0,0.0
2017,11,28,3,60,0.00,0.00,0.00,0.00,0.00,6,23.2,18.3,74,1012.3,50,3.5,-9900,-9900,0.0,0.0
2017,11,28,4,60,0.00,0.00,0.00,0.00,0.00,6,22.9,18.2,75,1012.4,50,2.7,-9900,-9900,0.0,0.0
2017,11,28,5,60,0.00,0.00,0.00,0.00,0.00,6,22.5,17.9,75,1012.8,50,2.0,-9900,-9900,0.0,0.0
2017,11,28,6,60,0.00,0.00,0.00,0.00,0.00,6,22.3,17.9,76,1013.6,50,1.9,-9900,-9900,0.0,0.0
2017,11,28,7,60,22.62,544.78,19.44,0.00,19.44,6,23.0,18.2,74,1014.2,60,2.0,-9900,-9900,0.0,0.0
2017,11,28,8,60,257.70,1405.03,194.44,0.00,194.44,6,24.4,19.3,73,1014.5,50,3.7,30,-9900,0.0,0.0
2017,11,28,9,60,518.72,1405.03,333.33,572.58,121.94,3,26.7,20.7,70,1014.8,50,3.4,30,-9900,0.0,0.0
2017,11,28,10,60,729.43,1405.03,427.78,436.67,201.08,6,27.4,20.6,66,1014.8,50,3.0,-9900,-9900,0.0,0.0
2017,11,28,11,60,875.46,1405.03,447.22,277.30,274.44,6,28.6,20.7,62,1014.0,50,3.3,30,3,0.0,0.0
2017,11,28,12,60,946.86,1405.03,666.67,731.13,173.96,1,29.5,20.6,59,1013.3,60,3.7,-9900,-9900,0.0,0.0
2017,11,28,13,60,938.76,1405.03,658.33,723.79,174.74,1,30.0,20.2,56,1012.2,60,3.5,-9900,-9900,0.0,0.0
2017,11,28,14,60,851.72,1405.03,500.00,438.03,234.47,1,30.1,20.8,58,1011.6,60,4.0,30,-9900,0.0,0.0
2017,11,28,15,60,691.68,1405.03,405.56,436.39,190.73,1,29.2,20.7,60,1011.5,60,4.3,-9900,-9900,0.0,0.0
2017,11,28,16,60,469.53,1405.03,238.89,273.45,147.51,2,28.1,19.9,61,1011.9,60,3.6,-9900,-9900,0.0,0.0
2017,11,28,17,60,200.41,1405.03,61.11,0.00,61.11,2,27.1,19.9,65,1012.3,70,2.8,30,-9900,0.0,0.0
2017,11,28,18,60,5.22,260.98,0.00,0.00,0.00,2,26.5,19.8,67,1012.8,50,4.0,-9900,-9900,0.0,0.0
2017,11,28,19,60,0.00,0.00,0.00,0.00,0.00,2,25.8,20.0,70,1013.1,50,3.8,-9900,-9900,0.0,0.0
2017,11,28,20,60,0.00,0.00,0.00,0.00,0.00,2,26.1,19.8,68,1013.3,50,3.5,-9900,-9900,0.0,0.0
2017,11,28,21,60,0.00,0.00,0.00,0.00,0.00,2,25.9,19.8,69,1013.3,50,4.3,-9900,-9900,0.0,0.0
2017,11,28,22,60,0.00,0.00,0.00,0.00,0.00,2,25.7,20.0,71,1013.4,50,3.0,-9900,-9900,0.0,0.0
2017,11,28,23,60,0.00,0.00,0.00,0.00,0.00,2,25.9,20.2,71,1013.1,60,2.5,-9900,-9900,0.0,0.0
2017,11,28,24,60,0.00,0.00,0.00,0.00,0.00,2,25.8,20.4,72,1012.8,50,4.3,-9900,-9900,0.0,0.0
2017,11,29,1,60,0.00,0.00,0.00,0.00,0.00,2,25.6,20.4,73,1012.7,50,3.9,-9900,-9900,0.0,0.0
2017,11,29,2,60,0.00,0.00,0.00,0.00,0.00,2,25.7,20.2,72,1012.0,50,3.3,-9900,-9900,0.0,0.0
2017,11,29,3,60,0.00,0.00,0.00,0.00,0.00,2,26.1,20.2,70,1011.9,50,3.7,-9900,-9900,0.0,0.0
2017,11,29,4,60,0.00,0.00,0.00,0.00,0.00,2,25.6,20.2,72,1012.0,50,2.8,-9900,-9900,0.0,0.0
2017,11,29,5,60,0.00,0.00,0.00,0.00,0.00,2,24.5,20.1,77,1012.5,130,1.2,-9900,-9900,0.0,0.0
2017,11,29,6,60,0.00,0.00,0.00,0.00,0.00,2,23.0,19.0,78,1013.2,170,1.1,-9900,-9900,0.0,0.0
2017,11,29,7,60,21.96,537.15,0.00,0.00,0.00,2,22.8,19.1,80,1013.5,150,0.4,-9900,-9900,0.0,0.0
2017,11,29,8,60,255.83,1405.44,158.33,0.00,158.33,2,25.5,20.7,75,1013.5,110,0.7,35,-9900,0.0,0.0
2017,11,29,9,60,516.65,1405.44,327.78,552.27,124.76,2,28.5,22.0,68,1013.4,60,1.9,35,-9900,0.0,0.0
2017,11,29,10,60,727.20,1405.44,494.44,668.36,148.62,2,29.6,21.8,63,1013.2,70,1.9,-9900,-9900,0.0,0.0
2017,11,29,11,60,873.11,1405.44,541.67,517.57,220.14,3,28.9,22.0,66,1012.9,240,1.2,20,-9900,0.0,0.0
2017,11,29,12,60,944.46,1405.44,655.56,705.28,181.61,3,29.7,22.4,65,1011.7,260,1.1,-9900,-9900,0.0,0.0
2017,11,29,13,60,936.37,1405.44,583.33,523.89,234.29,3,29.8,22.4,65,1010.7,240,0.3,-9900,-9900,0.0,0.0
2017,11,29,14,60,849.39,1405.44,491.67,419.39,238.21,3,29.1,22.3,67,1010.4,300,1.7,15,-9900,0.0,0.0
2017,11,29,15,60,689.47,1405.44,358.33,294.39,213.91,2,26.5,21.0,72,1010.7,280,2.1,-9900,-9900,0.0,0.0
2017,11,29,16,60,467.48,1405.44,111.11,9.53,107.94,2,25.1,20.0,73,1011.1,290,1.3,-9900,-9900,0.0,0.0
2017,11,29,17,60,198.57,1405.44,0.00,0.00,0.00,8,24.1,19.7,76,1012.1,250,0.3,3,4,0.0,0.0
2017,11,29,18,60,4.91,253.27,0.00,0.00,0.00,8,24.1,19.8,77,1012.8,330,0.4,-9900,-9900,0.0,0.0
2017,11,29,19,60,0.00,0.00,0.00,0.00,0.00,8,24.2,20.0,77,1013.4,10,0.7,-9900,-9900,0.0,0.0
2017,11,29,20,60,0.00,0.00,0.00,0.00,0.00,8,24.0,19.9,78,1013.9,330,0.7,-9900,-9900,0.0,0.0
2017,11,29,21,60,0.00,0.00,0.00,0.00,0.00,8,23.6,19.9,80,1014.1,310,1.4,-9900,-9900,0.0,0.0
2017,11,29,22,60,0.00,0.00,0.00,0.00,0.00,8,23.9,20.1,79,1014.0,0,0.0,-9900,-9900,0.0,0.0
2017,11,29,23,60,0.00,0.00,0.00,0.00,0.00,8,23.6,20.0,80,1013.4,360,0.7,-9900,-9900,0.0,0.0
2017,11,29,24,60,0.00,0.00,0.00,0.00,0.00,8,23.7,20.0,80,1012.9,330,0.5,-9900,-9900,0.0,0.0
2017,11,30,1,60,0.00,0.00,0.00,0.00,0.00,7,23.9,20.2,80,1013.0,360,0.5,-9900,-9900,0.0,0.0
2017,11,30,2,60,0.00,0.00,0.00,0.00,0.00,7,24.0,19.9,78,1012.9,40,2.8,-9900,-9900,0.0,0.0
2017,11,30,3,60,0.00,0.00,0.00,0.00,0.00,7,23.7,19.3,76,1013.0,50,4.2,-9900,-9900,0.0,0.0
2017,11,30,4,60,0.00,0.00,0.00,0.00,0.00,7,23.0,18.7,77,1013.3,40,4.8,-9900,-9900,0.0,0.0
2017,11,30,5,60,0.00,0.00,0.00,0.00,0.00,7,22.5,18.3,77,1013.4,50,4.1,-9900,-9900,0.0,0.0
2017,11,30,6,60,0.00,0.00,0.00,0.00,0.00,7,22.1,18.6,81,1013.9,50,3.7,-9900,-9900,0.0,0.0
2017,11,30,7,60,21.33,529.82,0.00,0.00,0.00,7,22.4,18.4,78,1014.4,50,3.5,-9900,-9900,0.0,0.0
2017,11,30,8,60,254.02,1405.84,97.22,0.00,97.22,7,22.9,19.0,79,1015.0,60,3.0,10,-9900,0.0,0.0
2017,11,30,9,60,514.66,1405.84,202.78,102.49,165.26,8,23.5,19.4,78,1015.4,50,4.1,10,-9900,0.0,0.0
2017,11,30,10,60,725.05,1405.84,358.33,246.93,230.98,7,24.1,19.8,77,1015.1,50,2.1,-9900,-9900,0.0,0.0
2017,11,30,11,60,870.85,1405.84,272.22,35.76,250.07,9,23.8,19.9,79,1014.5,50,4.5,10,-9900,0.0,0.1
2017,11,30,12,60,942.15,1405.84,197.22,6.46,192.89,10,23.6,19.5,78,1013.9,50,4.7,-9900,-9900,0.0,0.4
2017,11,30,13,60,934.08,1405.84,350.00,82.64,295.09,9,24.3,19.6,75,1013.0,40,3.7,-9900,-9900,0.0,0.0
2017,11,30,14,60,847.17,1405.84,208.33,11.05,201.67,9,23.4,18.6,74,1012.7,50,5.1,10,-9900,0.0,0.0
2017,11,30,15,60,687.36,1405.84,169.44,11.17,163.98,9,22.8,18.0,74,1013.0,50,4.1,-9900,-9900,0.0,0.0
2017,11,30,16,60,465.54,1405.84,58.33,2.66,57.45,9,22.0,17.4,75,1013.7,50,4.6,-9900,-9900,0.0,0.0
2017,11,30,17,60,196.82,1405.84,0.00,0.00,0.00,9,21.6,17.3,77,1014.4,50,3.8,13,0,0.0,0.0
2017,11,30,18,60,4.62,245.87,0.00,0.00,0.00,9,21.4,17.1,76,1015.4,50,4.7,-9900,-9900,0.0,0.0
2017,11,30,19,60,0.00,0.00,0.00,0.00,0.00,9,21.1,16.9,77,1016.2,40,3.9,-9900,-9900,0.0,0.0
2017,11,30,20,60,0.00,0.00,0.00,0.00,0.00,9,20.7,16.9,79,1016.8,50,4.1,-9900,-9900,0.0,0.0
2017,11,30,21,60,0.00,0.00,0.00,0.00,0.00,9,20.6,16.4,77,1017.2,50,5.0,-9900,-9900,0.0,0.0
2017,11,30,22,60,0.00,0.00,0.00,0.00,0.00,9,20.2,16.2,78,1017.4,50,4.3,-9900,-9900,0.0,0.0
2017,11,30,23,60,0.00,0.00,0.00,0.00,0.00,9,19.8,15.9,78,1017.1,50,3.7,-9900,-9900,0.0,0.0
2017,11,30,24,60,0.00,0.00,0.00,0.00,0.00,9,19.6,15.8,79,1016.9,50,3.6,-9900,-9900,0.0,0.0
2017,12,1,1,60,0.00,0.00,0.00,0.00,0.00,9,19.5,15.3,77,1016.8,50,5.0,-9900,-9900,0.0,0.0
2017,12,1,2,60,0.00,0.00,0.00,0.00,0.00,9,19.4,15.3,77,1016.6,50,3.5,-9900,-9900,0.0,0.0
2017,12,1,3,60,0.00,0.00,0.00,0.00,0.00,9,19.3,15.2,77,1016.6,50,4.8,-9900,-9900,0.0,0.0
2017,12,1,4,60,0.00,0.00,0.00,0.00,0.00,9,19.1,15.1,78,1016.6,60,4.7,-9900,-9900,0.0,0.0
2017,12,1,5,60,0.00,0.00,0.00,0.00,0.00,9,19.2,15.0,77,1016.9,70,4.4,-9900,-9900,0.0,0.0
2017,12,1,6,60,0.00,0.00,0.00,0.00,0.00,9,19.0,15.1,78,1017.6,60,3.8,-9900,-9900,0.0,0.0
2017,12,1,7,60,20.74,522.81,0.00,0.00,0.00,9,19.0,15.0,78,1018.2,50,4.7,-9900,-9900,0.0,0.0
2017,12,1,8,60,252.31,1406.23,33.33,0.00,33.33,9,19.3,15.3,78,1018.7,50,3.8,12,1,0.0,0.0
2017,12,1,9,60,512.75,1406.23,166.67,43.19,150.92,10,19.0,15.3,79,1019.4,50,4.5,9,1,0.0,0.2
2017,12,1,10,60,723.00,1406.23,166.67,8.46,162.32,10,19.7,15.5,77,1019.4,50,5.1,-9900,-9900,0.0,0.2
2017,12,1,11,60,868.71,1406.23,266.67,32.73,246.45,10,19.9,15.9,78,1018.5,60,4.5,12,1,0.0,0.0
2017,12,1,12,60,939.95,1406.23,216.67,8.47,211.01,10,20.0,15.8,77,1018.0,50,4.7,-9900,-9900,0.0,0.2
2017,12,1,13,60,931.87,1406.23,238.89,13.42,230.00,10,19.6,15.6,78,1017.1,60,5.8,-9900,-9900,0.0,0.3
2017,12,1,14,60,845.03,1406.23,158.33,5.31,155.14,10,19.0,15.5,80,1016.6,50,4.9,8,1,0.0,0.5
2017,12,1,15,60,685.33,1406.23,141.67,6.32,138.59,10,19.4,15.6,79,1016.7,50,4.5,-9900,-9900,0.0,1.0
2017,12,1,16,60,463.66,1406.23,52.78,2.27,52.03,10,19.3,15.8,80,1016.8,50,4.2,-9900,-9900,0.1,1.0
2017,12,1,17,60,195.14,1406.23,0.00,0.00,0.00,10,19.2,15.6,80,1017.1,50,4.4,8,1,0.0,1.0
2017,12,1,18,60,4.35,238.78,0.00,0.00,0.00,10,19.0,15.6,81,1017.5,40,5.0,-9900,-9900,0.0,1.0
2017,12,1,19,60,0.00,0.00,0.00,0.00,0.00,10,19.1,15.9,82,1018.2,50,4.1,-9900,-9900,0.0,1.0
2017,12,1,20,60,0.00,0.00,0.00,0.00,0.00,10,18.8,15.8,83,1018.5,60,2.9,-9900,-9900,1.1,1.0
2017,12,1,21,60,0.00,0.00,0.00,0.00,0.00,10,19.0,16.1,83,1018.6,50,4.3,-9900,-9900,0.0,1.0
2017,12,1,22,60,0.00,0.00,0.00,0.00,0.00,10,19.0,16.1,83,1018.5,60,4.1,-9900,-9900,0.0,1.0
2017,12,1,23,60,0.00,0.00,0.00,0.00,0.00,10,18.9,16.1,84,1018.2,50,4.1,-9900,-9900,0.0,1.0
2017,12,1,24,60,0.00,0.00,0.00,0.00,0.00,10,18.8,16.0,84,1017.6,50,4.6,-9900,-9900,0.0,1.0
2017,12,2,1,60,0.00,0.00,0.00,0.00,0.00,10,18.7,15.8,83,1017.4,60,4.0,-9900,-9900,0.0,1.0
2017,12,2,2,60,0.00,0.00,0.00,0.00,0.00,10,18.6,15.8,84,1017.1,50,4.7,-9900,-9900,0.1,1.0
2017,12,2,3,60,0.00,0.00,0.00,0.00,0.00,10,18.4,15.7,84,1016.8,50,3.7,-9900,-9900,0.1,1.0
2017,12,2,4,60,0.00,0.00,0.00,0.00,0.00,10,18.3,15.6,84,1016.5,50,4.3,-9900,-9900,0.0,1.0
2017,12,2,5,60,0.00,0.00,0.00,0.00,0.00,10,18.3,15.6,84,1016.9,50,3.7,-9900,-9900,0.1,1.0
2017,12,2,6,60,0.00,0.00,0.00,0.00,0.00,10,18.3,15.6,84,1017.4,60,4.1,-9900,-9900,0.1,1.0
2017,12,2,7,60,20.19,516.12,0.00,0.00,0.00,10,18.3,15.7,85,1018.0,60,3.4,-9900,-9900,1.6,1.0
2017,12,2,8,60,250.66,1406.61,0.00,0.00,0.00,10,18.6,16.1,85,1018.5,60,3.3,12,3,0.0,1.0
2017,12,2,9,60,510.94,1406.61,72.22,3.28,71.03,10,18.9,16.6,87,1018.5,70,2.5,12,1,0.1,1.0
2017,12,2,10,60,721.04,1406.61,108.33,3.63,106.47,10,19.2,16.7,85,1018.2,50,3.0,-9900,-9900,0.0,1.0
2017,12,2,11,60,866.65,1406.61,163.89,5.40,160.56,10,19.7,17.2,85,1017.5,50,3.8,10,3,0.0,0.8
2017,12,2,12,60,937.85,1406.61,236.11,12.31,227.90,10,19.8,17.0,84,1016.4,50,4.9,-9900,-9900,0.0,0.0
2017,12,2,13,60,929.78,1406.61,216.67,8.82,210.84,10,19.9,17.1,84,1015.2,60,4.1,-9900,-9900,0.0,0.0
2017,12,2,14,60,843.00,1406.61,161.11,5.51,157.81,10,20.0,17.0,83,1014.7,60,4.2,20,1,0.0,0.0
2017,12,2,15,60,683.40,1406.61,161.11,9.24,156.62,10,20.1,17.2,83,1014.7,50,4.3,-9900,-9900,0.0,0.0
2017,12,2,16,60,461.88,1406.61,16.67,0.40,16.54,10,20.0,16.9,82,1014.9,60,2.7,-9900,-9900,0.2,0.3
2017,12,2,17,60,193.54,1406.61,0.00,0.00,0.00,10,19.8,17.1,84,1014.8,70,3.7,15,1,0.3,0.8
2017,12,2,18,60,4.11,232.01,0.00,0.00,0.00,10,20.0,17.4,85,1015.0,50,3.7,-9900,-9900,0.0,0.0
2017,12,2,19,60,0.00,0.00,0.00,0.00,0.00,10,20.2,17.5,84,1015.5,70,2.9,-9900,-9900,0.0,0.0
2017,12,2,20,60,0.00,0.00,0.00,0.00,0.00,10,20.4,17.7,84,1015.5,60,3.2,-9900,-9900,0.0,0.0
2017,12,2,21,60,0.00,0.00,0.00,0.00,0.00,10,20.4,17.8,85,1015.7,60,3.0,-9900,-9900,0.0,0.0
2017,12,2,22,60,0.00,0.00,0.00,0.00,0.00,10,20.0,17.5,86,1015.7,50,3.7,-9900,-9900,0.1,0.3
2017,12,2,23,60,0.00,0.00,0.00,0.00,0.00,10,19.8,17.1,84,1015.8,50,5.4,-9900,-9900,0.0,0.7
2017,12,2,24,60,0.00,0.00,0.00,0.00,0.00,10,19.4,16.9,85,1015.1,50,3.8,-9900,-9900,0.0,0.0
2017,12,3,1,60,0.00,0.00,0.00,0.00,0.00,9,19.5,16.9,85,1014.8,60,3.3,-9900,-9900,0.0,0.0
2017,12,3,2,60,0.00,0.00,0.00,0.00,0.00,9,19.4,17.0,86,1014.5,60,2.6,-9900,-9900,0.0,0.0
2017,12,3,3,60,0.00,0.00,0.00,0.00,0.00,9,19.7,17.2,85,1014.4,60,2.9,-9900,-9900,0.0,0.0
2017,12,3,4,60,0.00,0.00,0.00,0.00,0.00,9,19.7,17.0,84,1014.2,50,3.8,-9900,-9900,0.0,0.0
2017,12,3,5,60,0.00,0.00,0.00,0.00,0.00,9,19.4,17.0,86,1014.5,70,2.2,-9900,-9900,0.0,0.0
2017,12,3,6,60,0.00,0.00,0.00,0.00,0.00,9,19.5,17.2,87,1015.1,70,1.6,-9900,-9900,0.0,0.0
2017,12,3,7,60,19.66,509.75,0.00,0.00,0.00,9,19.8,17.5,87,1015.4,70,2.3,-9900,-9900,0.0,0.0
2017,12,3,8,60,249.10,1406.97,16.67,0.00,16.67,9,20.3,17.9,86,1015.7,80,2.8,10,3,0.0,0.0
2017,12,3,9,60,509.22,1406.97,130.56,13.43,125.70,10,20.8,18.1,85,1016.1,60,2.6,15,1,0.0,0.0
2017,12,3,10,60,719.19,1406.97,147.22,6.22,144.04,9,21.7,18.4,82,1015.9,50,3.3,-9900,-9900,0.0,0.0
2017,12,3,11,60,864.70,1406.97,247.22,23.01,233.08,9,21.5,17.8,79,1015.5,60,3.3,20,-9900,0.4,0.7
2017,12,3,12,60,935.85,1406.97,333.33,66.07,289.38,9,21.7,18.1,80,1014.4,60,4.0,-9900,-9900,0.0,0.2
2017,12,3,13,60,927.79,1406.97,341.67,76.67,291.11,9,21.1,17.5,80,1013.5,50,4.7,-9900,-9900,0.0,0.0
2017,12,3,14,60,841.06,1406.97,166.67,5.87,163.16,9,20.8,17.2,80,1013.0,50,4.4,15,-9900,0.0,0.0
2017,12,3,15,60,681.56,1406.97,166.67,10.80,161.44,9,20.7,17.1,80,1012.6,50,3.4,-9900,-9900,0.0,0.0
2017,12,3,16,60,460.18,1406.97,91.67,5.93,89.73,9,20.4,16.9,80,1012.6,60,3.5,-9900,-9900,0.0,0.0
2017,12,3,17,60,192.01,1406.97,0.00,0.00,0.00,9,20.0,16.7,81,1012.7,70,3.7,15,-9900,0.0,0.0
2017,12,3,18,60,3.88,225.56,0.00,0.00,0.00,9,20.1,16.9,82,1013.3,60,2.8,-9900,-9900,0.0,0.0
2017,12,3,19,60,0.00,0.00,0.00,0.00,0.00,9,20.2,16.9,81,1013.9,50,3.4,-9900,-9900,0.0,0.0
2017,12,3,20,60,0.00,0.00,0.00,0.00,0.00,9,20.3,16.9,81,1014.4,80,2.0,-9900,-9900,0.0,0.0
2017,12,3,21,60,0.00,0.00,0.00,0.00,0.00,9,20.5,16.8,79,1014.8,50,1.5,-9900,-9900,0.0,0.0
2017,12,3,22,60,0.00,0.00,0.00,0.00,0.00,9,20.8,16.6,77,1015.0,100,0.9,-9900,-9900,0.0,0.0
2017,12,3,23,60,0.00,0.00,0.00,0.00,0.00,9,20.9,16.3,75,1015.2,30,0.9,-9900,-9900,0.0,0.0
2017,12,3,24,60,0.00,0.00,0.00,0.00,0.00,9,20.4,15.6,74,1015.1,10,1.2,-9900,-9900,0.0,0.0
2017,12,4,1,60,0.00,0.00,0.00,0.00,0.00,9,20.2,15.8,76,1015.2,120,0.8,-9900,-9900,0.0,0.0
2017,12,4,2,60,0.00,0.00,0.00,0.00,0.00,9,20.3,15.6,74,1014.9,130,1.1,-9900,-9900,0.0,0.0
2017,12,4,3,60,0.00,0.00,0.00,0.00,0.00,9,20.0,15.7,76,1014.8,160,0.6,-9900,-9900,0.0,0.0
2017,12,4,4,60,0.00,0.00,0.00,0.00,0.00,9,19.8,16.0,79,1014.6,200,1.1,-9900,-9900,0.0,0.0
2017,12,4,5,60,0.00,0.00,0.00,0.00,0.00,9,19.9,15.9,78,1015.1,220,1.2,-9900,-9900,0.0,0.0
2017,12,4,6,60,0.00,0.00,0.00,0.00,0.00,9,19.8,15.8,78,1015.4,150,0.9,-9900,-9900,0.0,0.0
2017,12,4,7,60,19.18,503.70,0.00,0.00,0.00,9,19.7,15.6,77,1016.0,180,0.6,-9900,-9900,0.0,0.0
2017,12,4,8,60,247.63,1407.33,0.00,0.00,0.00,9,20.0,15.7,76,1016.7,100,0.6,12,1,0.0,0.0
2017,12,4,9,60,507.59,1407.33,36.11,1.08,35.72,9,20.5,14.8,70,1017.1,10,1.1,12,1,0.0,0.0
2017,12,4,10,60,717.44,1407.33,180.56,12.30,174.29,9,20.8,14.8,69,1016.9,360,2.5,-9900,-9900,0.0,0.0
2017,12,4,11,60,862.86,1407.33,533.33,512.66,219.01,8,22.7,15.8,65,1016.4,30,3.3,11,1,0.0,0.0
2017,12,4,12,60,933.97,1407.33,272.22,25.34,255.40,9,21.0,14.3,66,1015.7,10,2.2,-9900,-9900,0.0,0.0
2017,12,4,13,60,925.91,1407.33,105.56,2.28,104.06,10,20.8,14.0,65,1014.9,360,2.2,-9900,-9900,0.0,0.0
2017,12,4,14,60,839.23,1407.33,25.00,0.32,24.81,10,20.3,14.0,67,1015.1,10,2.4,11,1,0.0,0.0
2017,12,4,15,60,679.84,1407.33,13.89,0.19,13.80,10,20.1,13.6,66,1014.7,10,3.1,-9900,-9900,0.0,0.0
2017,12,4,16,60,458.59,1407.33,43.98,1.72,43.42,10,19.8,13.6,67,1015.2,20,1.6,-9900,-9900,0.0,0.0
2017,12,4,17,60,190.57,1407.33,0.00,0.00,0.00,10,19.8,13.6,67,1015.8,20,2.3,6,0,0.0,0.0
2017,12,4,18,60,3.66,219.45,0.00,0.00,0.00,10,19.7,12.6,64,1016.3,10,4.0,-9900,-9900,0.0,0.0
2017,12,4,19,60,0.00,0.00,0.00,0.00,0.00,10,19.6,11.4,59,1016.9,30,3.2,-9900,-9900,0.0,0.0
2017,12,4,20,60,0.00,0.00,0.00,0.00,0.00,10,19.3,11.6,61,1017.2,40,2.4,-9900,-9900,0.0,0.0
2017,12,4,21,60,0.00,0.00,0.00,0.00,0.00,10,19.3,11.1,59,1017.0,40,2.8,-9900,-9900,0.0,0.0
2017,12,4,22,60,0.00,0.00,0.00,0.00,0.00,10,18.9,11.3,61,1017.2,20,2.5,-9900,-9900,0.0,0.0
2017,12,4,23,60,0.00,0.00,0.00,0.00,0.00,10,18.7,11.1,61,1017.3,30,3.0,-9900,-9900,0.0,0.0
2017,12,4,24,60,0.00,0.00,0.00,0.00,0.00,10,18.6,10.9,61,1017.4,50,2.2,-9900,-9900,0.0,0.0
2017,12,5,1,60,0.00,0.00,0.00,0.00,0.00,10,18.7,10.6,59,1017.2,40,2.2,-9900,-9900,0.0,0.0
2017,12,5,2,60,0.00,0.00,0.00,0.00,0.00,10,18.6,10.4,59,1017.1,10,3.2,-9900,-9900,0.0,0.0
2017,12,5,3,60,0.00,0.00,0.00,0.00,0.00,10,18.3,9.9,58,1017.6,10,1.1,-9900,-9900,0.0,0.0
2017,12,5,4,60,0.00,0.00,0.00,0.00,0.00,10,18.1,9.7,58,1017.9,50,3.7,-9900,-9900,0.0,0.0
2017,12,5,5,60,0.00,0.00,0.00,0.00,0.00,10,17.7,9.9,60,1018.6,20,2.6,-9900,-9900,0.0,0.0
2017,12,5,6,60,0.00,0.00,0.00,0.00,0.00,10,16.6,10.8,69,1019.1,20,2.1,-9900,-9900,0.1,0.5
2017,12,5,7,60,18.72,497.99,0.00,0.00,0.00,10,15.7,10.6,72,1020.3,60,2.5,-9900,-9900,0.8,1.0
2017,12,5,8,60,246.24,1407.67,0.00,0.00,0.00,10,15.6,12.1,80,1021.1,130,1.8,10,1,0.2,0.4
2017,12,5,9,60,506.05,1407.67,4.86,0.08,4.83,10,16.0,12.0,77,1021.2,80,1.5,10,1,0.0,0.0
2017,12,5,10,60,715.77,1407.67,9.18,0.12,9.12,10,16.6,11.8,73,1020.7,90,2.0,-9900,-9900,0.0,0.0
2017,12,5,11,60,861.12,1407.67,12.75,0.13,12.67,10,16.9,11.3,70,1020.2,360,1.1,10,1,0.0,0.0
2017,12,5,12,60,932.19,1407.67,14.64,0.14,14.55,10,16.7,11.0,69,1019.5,50,3.4,-9900,-9900,0.0,0.0
2017,12,5,13,60,924.14,1407.67,14.42,0.14,14.33,10,16.6,11.1,70,1018.7,70,2.0,-9900,-9900,0.0,0.0
2017,12,5,14,60,837.50,1407.67,12.15,0.13,12.07,10,16.6,11.2,70,1018.1,100,1.7,10,1,0.0,0.0
2017,12,5,15,60,678.19,1407.67,8.33,0.10,8.28,10,16.8,10.6,67,1017.8,50,3.5,-9900,-9900,0.0,0.0
2017,12,5,16,60,457.07,1407.67,4.01,0.06,3.99,10,16.7,10.4,66,1017.8,40,2.8,-9900,-9900,0.0,0.0
2017,12,5,17,60,189.20,1407.67,0.00,0.00,0.00,10,16.6,10.0,65,1017.6,40,3.4,12,1,0.0,0.0
2017,12,5,18,60,3.47,213.66,0.00,0.00,0.00,10,16.7,9.9,64,1017.6,60,2.1,-9900,-9900,0.0,0.0
2017,12,5,19,60,0.00,0.00,0.00,0.00,0.00,10,16.7,9.8,64,1018.4,50,3.9,-9900,-9900,0.0,0.0
2017,12,5,20,60,0.00,0.00,0.00,0.00,0.00,10,16.8,9.4,62,1018.6,50,3.4,-9900,-9900,0.0,0.0
2017,12,5,21,60,0.00,0.00,0.00,0.00,0.00,10,16.7,9.0,60,1018.5,70,2.7,-9900,-9900,0.0,0.0
2017,12,5,22,60,0.00,0.00,0.00,0.00,0.00,10,16.7,9.1,61,1018.1,50,3.6,-9900,-9900,0.0,0.0
2017,12,5,23,60,0.00,0.00,0.00,0.00,0.00,10,16.5,9.0,61,1017.5,70,3.6,-9900,-9900,0.0,0.0
2017,12,5,24,60,0.00,0.00,0.00,0.00,0.00,10,16.6,8.6,59,1016.7,70,3.3,-9900,-9900,0.0,0.0
2017,12,6,1,60,0.00,0.00,0.00,0.00,0.00,10,16.6,8.6,59,1016.6,70,2.7,-9900,-9900,0.0,0.0
2017,12,6,2,60,0.00,0.00,0.00,0.00,0.00,10,16.6,8.8,60,1016.2,60,3.8,-9900,-9900,0.0,0.0
2017,12,6,3,60,0.00,0.00,0.00,0.00,0.00,10,16.6,8.8,60,1016.1,70,3.9,-9900,-9900,0.0,0.0
2017,12,6,4,60,0.00,0.00,0.00,0.00,0.00,10,16.2,9.0,62,1016.6,70,3.6,-9900,-9900,0.0,0.0
2017,12,6,5,60,0.00,0.00,0.00,0.00,0.00,10,15.8,9.4,66,1016.6,50,4.3,-9900,-9900,0.0,0.0
2017,12,6,6,60,0.00,0.00,0.00,0.00,0.00,10,15.7,9.7,67,1017.5,60,2.7,-9900,-9900,0.0,0.0
2017,12,6,7,60,18.30,492.61,0.00,0.00,0.00,10,15.5,10.2,71,1017.4,60,4.0,-9900,-9900,0.2,0.4
2017,12,6,8,60,244.92,1408.00,0.00,0.00,0.00,10,16.2,10.1,67,1017.4,80,4.2,20,2,0.0,0.0
2017,12,6,9,60,504.60,1408.00,30.56,0.84,30.26,10,16.9,10.2,65,1017.0,70,5.1,20,2,0.0,0.0
2017,12,6,10,60,714.22,1408.00,44.44,0.89,43.99,10,16.6,10.6,68,1017.4,50,3.4,-9900,-9900,0.0,0.0
2017,12,6,11,60,859.49,1408.00,166.67,5.65,163.22,10,16.4,10.9,70,1017.0,60,3.7,20,1,0.0,0.0
2017,12,6,12,60,930.51,1408.00,22.22,0.23,22.07,10,16.3,11.0,71,1016.6,50,4.7,-9900,-9900,0.0,0.2
2017,12,6,13,60,922.46,1408.00,105.56,2.30,104.05,10,16.6,11.8,73,1015.7,50,3.9,-9900,-9900,0.0,1.0
2017,12,6,14,60,835.87,1408.00,161.11,5.59,157.79,10,16.4,12.1,76,1015.5,60,4.3,20,1,0.0,0.2
2017,12,6,15,60,676.66,1408.00,5.56,0.06,5.53,10,16.3,12.0,76,1015.2,50,4.6,-9900,-9900,0.0,0.6
2017,12,6,16,60,455.66,1408.00,22.22,0.62,22.02,10,16.5,12.1,75,1015.3,60,3.0,-9900,-9900,0.0,1.0
2017,12,6,17,60,187.93,1408.00,0.00,0.00,0.00,10,16.7,12.4,76,1015.8,50,3.2,20,1,0.0,1.0
2017,12,6,18,60,3.29,208.22,0.00,0.00,0.00,10,16.8,12.3,75,1015.9,70,3.5,-9900,-9900,0.0,0.2
2017,12,6,19,60,0.00,0.00,0.00,0.00,0.00,10,17.2,12.8,75,1016.5,80,1.4,-9900,-9900,0.0,1.0
2017,12,6,20,60,0.00,0.00,0.00,0.00,0.00,10,16.8,13.0,78,1016.6,60,1.7,-9900,-9900,0.1,1.0
2017,12,6,21,60,0.00,0.00,0.00,0.00,0.00,10,17.0,13.1,78,1016.3,80,1.4,-9900,-9900,0.0,1.0
2017,12,6,22,60,0.00,0.00,0.00,0.00,0.00,10,16.7,13.3,80,1016.2,50,3.8,-9900,-9900,0.1,1.0
2017,12,6,23,60,0.00,0.00,0.00,0.00,0.00,10,16.4,13.4,82,1015.7,50,3.3,-9900,-9900,0.4,1.0
2017,12,6,24,60,0.00,0.00,0.00,0.00,0.00,10,16.6,14.0,85,1016.0,120,2.5,-9900,-9900,0.3,1.0
2017,12,7,1,60,0.00,0.00,0.00,0.00,0.00,10,16.6,14.1,85,1015.1,70,2.8,-9900,-9900,0.7,1.0
2017,12,7,2,60,0.00,0.00,0.00,0.00,0.00,10,16.7,14.3,86,1014.8,70,2.4,-9900,-9900,0.7,1.0
2017,12,7,3,60,0.00,0.00,0.00,0.00,0.00,10,16.8,14.2,85,1015.1,80,1.9,-9900,-9900,0.7,1.0
2017,12,7,4,60,0.00,0.00,0.00,0.00,0.00,10,16.5,14.4,87,1015.0,120,1.6,-9900,-9900,2.5,1.0
2017,12,7,5,60,0.00,0.00,0.00,0.00,0.00,10,16.5,14.5,88,1015.0,120,1.7,-9900,-9900,1.1,1.0
2017,12,7,6,60,0.00,0.00,0.00,0.00,0.00,10,16.7,14.5,87,1015.5,90,1.5,-9900,-9900,0.4,1.0
2017,12,7,7,60,17.91,487.56,0.00,0.00,0.00,10,16.7,14.4,86,1014.8,80,2.8,-9900,-9900,0.5,1.0
2017,12,7,8,60,243.70,1408.32,0.00,0.00,0.00,10,17.0,14.7,86,1015.1,40,1.8,15,2,0.2,1.0
2017,12,7,9,60,503.25,1408.32,47.22,1.65,46.63,10,17.6,15.3,86,1015.1,50,2.5,8,1,0.0,1.0
2017,12,7,10,60,712.76,1408.32,166.67,8.95,162.14,10,18.3,16.0,86,1014.5,40,1.8,-9900,-9900,0.0,0.3
2017,12,7,11,60,857.96,1408.32,166.67,5.68,163.21,10,18.4,16.0,86,1014.3,50,1.7,3,1,0.2,0.6
2017,12,7,12,60,928.96,1408.32,163.89,4.79,160.73,10,18.1,16.3,89,1013.7,50,0.7,-9900,-9900,0.4,1.0
2017,12,7,13,60,920.91,1408.32,38.89,0.50,38.56,10,18.1,15.8,86,1013.1,270,0.5,-9900,-9900,0.7,1.0
2017,12,7,14,60,834.36,1408.32,69.44,1.38,68.62,10,17.9,15.9,88,1013.0,290,0.8,3,0,3.5,1.0
2017,12,7,15,60,675.22,1408.32,108.69,4.09,106.73,10,17.4,15.5,89,1012.9,90,1.1,-9900,-9900,1.6,1.0
2017,12,7,16,60,454.32,1408.32,52.19,2.32,51.44,10,17.6,15.6,88,1013.1,110,0.7,-9900,-9900,0.8,1.0
2017,12,7,17,60,186.73,1408.32,0.00,0.00,0.00,10,17.6,15.4,87,1013.3,50,1.5,9,0,0.3,1.0
2017,12,7,18,60,3.13,203.11,0.00,0.00,0.00,10,17.8,15.4,86,1014.0,70,1.9,-9900,-9900,0.3,1.0
2017,12,7,19,60,0.00,0.00,0.00,0.00,0.00,10,17.6,15.4,87,1014.8,240,0.8,-9900,-9900,0.4,1.0
2017,12,7,20,60,0.00,0.00,0.00,0.00,0.00,10,17.2,15.2,88,1014.9,360,0.6,-9900,-9900,2.4,1.0
2017,12,7,21,60,0.00,0.00,0.00,0.00,0.00,10,17.2,15.0,87,1015.1,70,1.7,-9900,-9900,0.4,1.0
2017,12,7,22,60,0.00,0.00,0.00,0.00,0.00,10,16.9,14.4,85,1015.2,50,3.5,-9900,-9900,0.9,1.0
2017,12,7,23,60,0.00,0.00,0.00,0.00,0.00,10,16.8,14.6,87,1015.9,50,0.6,-9900,-9900,2.0,1.0
2017,12,7,24,60,0.00,0.00,0.00,0.00,0.00,10,16.5,14.4,87,1015.8,80,1.5,-9900,-9900,1.4,1.0
2017,12,8,1,60,0.00,0.00,0.00,0.00,0.00,10,16.2,13.9,86,1017.1,250,0.7,-9900,-9900,1.7,1.0
2017,12,8,2,60,0.00,0.00,0.00,0.00,0.00,10,15.4,13.3,87,1017.6,220,1.4,-9900,-9900,1.5,1.0
2017,12,8,3,60,0.00,0.00,0.00,0.00,0.00,10,15.0,13.1,88,1018.1,180,1.1,-9900,-9900,2.5,1.0
2017,12,8,4,60,0.00,0.00,0.00,0.00,0.00,10,15.1,13.0,87,1018.6,130,1.7,-9900,-9900,0.2,1.0
2017,12,8,5,60,0.00,0.00,0.00,0.00,0.00,10,14.6,12.3,86,1018.7,160,0.7,-9900,-9900,0.4,1.0
2017,12,8,6,60,0.00,0.00,0.00,0.00,0.00,10,14.4,12.2,87,1019.3,170,0.6,-9900,-9900,0.5,1.0
2017,12,8,7,60,17.55,482.86,0.00,0.00,0.00,10,14.8,12.0,83,1020.0,280,1.1,-9900,-9900,0.3,1.0
2017,12,8,8,60,242.56,1408.62,0.00,0.00,0.00,10,14.9,10.5,75,1020.8,50,2.5,8,1,0.0,1.0
2017,12,8,9,60,501.98,1408.62,30.56,0.84,30.26,10,14.8,10.1,73,1021.5,20,1.3,9,1,0.0,0.2
2017,12,8,10,60,711.40,1408.62,72.22,1.88,71.27,10,15.2,10.1,72,1020.8,30,2.4,-9900,-9900,0.0,0.0
2017,12,8,11,60,856.54,1408.62,127.78,3.59,125.60,10,15.7,10.2,70,1019.6,10,2.5,5,1,0.0,0.0
2017,12,8,12,60,927.51,1408.62,166.67,4.95,163.41,10,15.8,9.3,65,1018.5,10,4.2,-9900,-9900,0.0,0.0
2017,12,8,13,60,919.46,1408.62,102.78,2.21,101.34,10,15.7,9.2,65,1018.2,360,3.8,-9900,-9900,0.0,0.0
2017,12,8,14,60,832.95,1408.62,38.89,0.57,38.55,10,15.6,8.2,61,1018.0,20,3.5,10,1,0.0,0.0
2017,12,8,15,60,673.88,1408.62,44.44,0.96,43.98,10,15.6,7.4,58,1018.2,10,3.4,-9900,-9900,0.0,0.0
2017,12,8,16,60,453.08,1408.62,45.32,1.83,44.73,10,15.5,7.3,58,1018.5,20,2.4,-9900,-9900,0.0,0.0
2017,12,8,17,60,185.61,1408.62,0.00,0.00,0.00,9,15.4,7.3,58,1019.1,30,1.8,10,1,0.0,0.0
2017,12,8,18,60,2.98,198.34,0.00,0.00,0.00,9,15.5,7.5,59,1019.7,40,2.4,-9900,-9900,0.0,0.0
2017,12,8,19,60,0.00,0.00,0.00,0.00,0.00,9,15.4,7.1,58,1019.9,50,2.5,-9900,-9900,0.0,0.0
2017,12,8,20,60,0.00,0.00,0.00,0.00,0.00,9,15.5,7.4,58,1020.2,60,2.0,-9900,-9900,0.0,0.0
2017,12,8,21,60,0.00,0.00,0.00,0.00,0.00,9,15.1,8.4,64,1020.2,80,1.9,-9900,-9900,0.0,0.5
2017,12,8,22,60,0.00,0.00,0.00,0.00,0.00,9,13.7,9.5,76,1019.3,110,1.4,-9900,-9900,0.6,1.0
2017,12,8,23,60,0.00,0.00,0.00,0.00,0.00,9,13.8,9.9,77,1019.1,130,1.9,-9900,-9900,0.1,1.0
2017,12,8,24,60,0.00,0.00,0.00,0.00,0.00,9,13.8,9.9,77,1018.9,130,1.6,-9900,-9900,0.1,1.0
2017,12,9,1,60,0.00,0.00,0.00,0.00,0.00,10,13.9,10.2,78,1018.4,140,1.1,-9900,-9900,0.0,1.0
2017,12,9,2,60,0.00,0.00,0.00,0.00,0.00,10,13.7,10.8,83,1018.1,150,0.5,-9900,-9900,0.0,1.0
2017,12,9,3,60,0.00,0.00,0.00,0.00,0.00,10,14.5,10.3,76,1017.4,80,2.2,-9900,-9900,0.0,1.0
2017,12,9,4,60,0.00,0.00,0.00,0.00,0.00,10,14.5,9.8,73,1017.3,60,2.1,-9900,-9900,0.0,1.0
2017,12,9,5,60,0.00,0.00,0.00,0.00,0.00,10,14.1,10.0,76,1017.1,110,1.8,-9900,-9900,0.0,1.0
2017,12,9,6,60,0.00,0.00,0.00,0.00,0.00,10,13.6,10.1,79,1016.8,120,2.6,-9900,-9900,0.5,1.0
2017,12,9,7,60,17.21,478.50,0.00,0.00,0.00,10,13.9,10.3,79,1016.6,100,2.9,-9900,-9900,0.0,1.0
2017,12,9,8,60,241.50,1408.91,0.00,0.00,0.00,10,14.1,10.6,79,1016.8,110,2.0,10,1,0.5,1.0
2017,12,9,9,60,500.83,1408.91,38.70,1.24,38.26,10,14.3,11.6,84,1016.7,100,2.1,7,1,1.0,1.0
2017,12,9,10,60,710.15,1408.91,25.00,0.40,24.80,10,14.8,12.1,84,1016.5,80,2.0,-9900,-9900,0.5,1.0
2017,12,9,11,60,855.22,1408.91,47.22,0.74,46.77,10,15.3,12.9,86,1015.8,50,2.8,10,1,0.5,1.0
2017,12,9,12,60,926.15,1408.91,50.00,0.71,49.53,10,15.6,13.4,87,1015.7,50,1.9,-9900,-9900,0.1,1.0
2017,12,9,13,60,918.12,1408.91,83.33,1.58,82.30,10,15.8,13.6,87,1014.5,40,1.5,-9900,-9900,0.3,1.0
2017,12,9,14,60,831.65,1408.91,166.67,6.00,163.13,10,16.1,13.5,85,1013.5,50,2.9,12,1,0.1,0.7
2017,12,9,15,60,672.65,1408.91,66.67,1.82,65.80,9,16.4,13.5,83,1013.3,50,2.8,-9900,-9900,0.0,0.0
2017,12,9,16,60,451.94,1408.91,69.44,3.77,68.23,9,16.6,13.6,82,1013.2,50,2.9,-9900,-9900,0.0,0.0
2017,12,9,17,60,184.58,1408.91,0.00,0.00,0.00,7,16.6,13.4,81,1013.4,70,2.3,15,1,0.0,0.0
2017,12,9,18,60,2.85,193.92,0.00,0.00,0.00,7,16.3,12.9,80,1013.6,70,2.1,-9900,-9900,0.0,0.0
2017,12,9,19,60,0.00,0.00,0.00,0.00,0.00,7,16.6,12.7,78,1013.3,60,2.6,-9900,-9900,0.0,0.0
2017,12,9,20,60,0.00,0.00,0.00,0.00,0.00,7,16.4,12.7,79,1013.0,50,3.7,-9900,-9900,0.0,0.0
2017,12,9,21,60,0.00,0.00,0.00,0.00,0.00,8,16.6,12.6,77,1013.5,50,2.7,-9900,-9900,0.0,0.0
2017,12,9,22,60,0.00,0.00,0.00,0.00,0.00,8,16.4,12.5,78,1013.3,50,2.5,-9900,-9900,0.0,0.0
2017,12,9,23,60,0.00,0.00,0.00,0.00,0.00,8,15.1,12.1,82,1013.4,200,1.4,-9900,-9900,0.0,0.0
2017,12,9,24,60,0.00,0.00,0.00,0.00,0.00,8,14.3,11.8,85,1013.3,160,0.7,-9900,-9900,0.0,0.0
2017,12,10,1,60,0.00,0.00,0.00,0.00,0.00,8,13.5,11.1,85,1013.1,0,0.0,-9900,-9900,0.0,0.0
2017,12,10,2,60,0.00,0.00,0.00,0.00,0.00,8,13.4,11.1,86,1013.2,200,1.1,-9900,-9900,0.0,0.0
2017,12,10,3,60,0.00,0.00,0.00,0.00,0.00,8,13.3,11.0,86,1013.2,190,1.1,-9900,-9900,0.0,0.0
2017,12,10,4,60,0.00,0.00,0.00,0.00,0.00,8,13.0,10.8,86,1013.0,0,0.0,-9900,-9900,0.0,0.0
2017,12,10,5,60,0.00,0.00,0.00,0.00,0.00,9,12.9,10.6,86,1013.1,200,1.0,-9900,-9900,0.0,0.0
2017,12,10,6,60,0.00,0.00,0.00,0.00,0.00,9,13.0,10.8,86,1013.4,190,0.6,-9900,-9900,0.0,0.0
2017,12,10,7,60,16.91,474.49,0.00,0.00,0.00,9,13.1,10.9,86,1014.0,0,0.0,-9900,-9900,0.0,0.0
2017,12,10,8,60,240.54,1409.20,88.89,0.00,88.89,9,14.4,12.2,87,1014.7,210,0.6,18,6,0.0,0.0
2017,12,10,9,60,499.76,1409.20,269.44,334.17,150.93,9,16.4,13.6,84,1015.0,180,0.6,20,6,0.0,0.0
2017,12,10,10,60,709.01,1409.20,436.11,506.01,181.52,9,19.0,13.5,70,1014.8,210,1.1,-9900,-9900,0.0,0.0
2017,12,10,11,60,854.03,1409.20,497.22,428.17,237.73,7,20.1,15.1,73,1014.0,210,0.6,15,6,0.0,0.0
2017,12,10,12,60,924.94,1409.20,386.11,130.34,300.56,9,20.1,15.5,75,1013.6,300,1.0,-9900,-9900,0.0,0.0
2017,12,10,13,60,916.90,1409.20,227.78,11.60,220.23,9,20.5,15.8,74,1013.2,270,2.0,-9900,-9900,0.0,0.0
2017,12,10,14,60,830.46,1409.20,475.00,404.96,236.35,4,21.9,16.3,71,1012.6,300,1.4,12,-9900,0.0,0.0
2017,12,10,15,60,671.52,1409.20,402.78,469.25,179.17,3,21.5,15.8,70,1012.5,0,0.0,-9900,-9900,0.0,0.0
2017,12,10,16,60,450.89,1409.20,219.44,234.24,144.49,2,20.2,15.7,75,1013.1,290,0.9,-9900,-9900,0.0,0.0
2017,12,10,17,60,183.63,1409.20,47.22,0.00,47.22,4,19.1,14.9,77,1013.3,190,1.3,16,-9900,0.0,0.0
2017,12,10,18,60,2.73,189.86,0.00,0.00,0.00,4,18.8,14.7,77,1014.3,20,0.8,-9900,-9900,0.0,0.0
2017,12,10,19,60,0.00,0.00,0.00,0.00,0.00,5,18.0,14.4,79,1014.9,50,0.5,-9900,-9900,0.0,0.0
2017,12,10,20,60,0.00,0.00,0.00,0.00,0.00,5,17.7,14.4,81,1015.3,180,1.3,-9900,-9900,0.0,0.0
2017,12,10,21,60,0.00,0.00,0.00,0.00,0.00,6,18.3,14.7,80,1015.5,90,1.1,-9900,-9900,0.0,0.0
2017,12,10,22,60,0.00,0.00,0.00,0.00,0.00,6,19.2,14.2,73,1015.9,50,3.7,-9900,-9900,0.0,0.0
2017,12,10,23,60,0.00,0.00,0.00,0.00,0.00,6,18.9,13.4,70,1015.9,50,3.5,-9900,-9900,0.0,0.0
2017,12,10,24,60,0.00,0.00,0.00,0.00,0.00,7,18.9,12.9,68,1015.9,50,3.8,-9900,-9900,0.0,0.0
2017,12,11,1,60,0.00,0.00,0.00,0.00,0.00,7,18.8,12.1,65,1016.0,50,3.3,-9900,-9900,0.0,0.0
2017,12,11,2,60,0.00,0.00,0.00,0.00,0.00,8,18.6,11.9,65,1015.9,50,3.1,-9900,-9900,0.0,0.0
2017,12,11,3,60,0.00,0.00,0.00,0.00,0.00,8,18.1,11.4,65,1016.2,30,2.1,-9900,-9900,0.0,0.0
2017,12,11,4,60,0.00,0.00,0.00,0.00,0.00,8,17.7,11.1,65,1016.6,30,2.5,-9900,-9900,0.0,0.0
2017,12,11,5,60,0.00,0.00,0.00,0.00,0.00,9,17.7,10.3,62,1016.9,60,3.6,-9900,-9900,0.0,0.0
2017,12,11,6,60,0.00,0.00,0.00,0.00,0.00,9,17.8,10.2,61,1017.1,40,3.7,-9900,-9900,0.0,0.0
2017,12,11,7,60,16.64,470.83,0.00,0.00,0.00,10,17.6,10.0,61,1017.3,50,4.5,-9900,-9900,0.0,0.0
2017,12,11,8,60,239.65,1409.46,0.00,0.00,0.00,10,17.7,10.0,61,1017.4,50,4.3,11,1,0.0,0.0
2017,12,11,9,60,498.79,1409.46,152.78,32.47,141.29,10,17.9,10.4,61,1017.5,50,5.3,12,1,0.0,0.0
2017,12,11,10,60,707.96,1409.46,166.67,9.20,162.05,10,18.1,10.6,62,1017.5,50,5.0,-9900,-9900,0.0,0.0
2017,12,11,11,60,852.93,1409.46,166.67,5.73,163.20,10,18.3,10.9,62,1017.2,50,4.6,12,1,0.0,0.0
2017,12,11,12,60,923.82,1409.46,166.67,4.99,163.40,10,18.2,10.6,61,1016.5,50,4.3,-9900,-9900,0.0,0.0
2017,12,11,13,60,915.78,1409.46,166.67,5.06,163.38,10,18.1,10.9,63,1015.8,20,3.5,-9900,-9900,0.0,0.0
2017,12,11,14,60,829.38,1409.46,138.89,4.38,136.31,10,18.0,10.7,62,1015.5,40,3.3,10,1,0.0,0.0
2017,12,11,15,60,670.49,1409.46,38.89,0.80,38.51,10,17.9,10.4,61,1015.9,40,3.5,-9900,-9900,0.0,0.0
2017,12,11,16,60,449.94,1409.46,50.00,2.19,49.30,9,17.9,10.4,61,1016.0,50,4.1,-9900,-9900,0.0,0.0
2017,12,11,17,60,182.77,1409.46,0.00,0.00,0.00,9,17.9,10.5,62,1016.4,50,4.3,15,2,0.0,0.0
2017,12,11,18,60,2.62,186.14,0.00,0.00,0.00,9,18.0,10.7,62,1016.8,80,2.2,-9900,-9900,0.0,0.0
2017,12,11,19,60,0.00,0.00,0.00,0.00,0.00,9,18.1,10.6,62,1016.9,60,3.5,-9900,-9900,0.0,0.0
2017,12,11,20,60,0.00,0.00,0.00,0.00,0.00,9,18.1,10.4,61,1017.3,80,2.6,-9900,-9900,0.0,0.0
2017,12,11,21,60,0.00,0.00,0.00,0.00,0.00,9,18.3,10.5,60,1016.9,70,3.0,-9900,-9900,0.0,0.0
2017,12,11,22,60,0.00,0.00,0.00,0.00,0.00,9,18.3,10.1,59,1016.8,80,3.8,-9900,-9900,0.0,0.0
2017,12,11,23,60,0.00,0.00,0.00,0.00,0.00,9,18.5,9.9,57,1016.7,60,3.1,-9900,-9900,0.0,0.0
2017,12,11,24,60,0.00,0.00,0.00,0.00,0.00,9,18.2,10.4,60,1016.4,70,4.2,-9900,-9900,0.0,0.0
2017,12,12,1,60,0.00,0.00,0.00,0.00,0.00,10,18.3,10.1,59,1016.3,70,3.8,-9900,-9900,0.0,0.0
2017,12,12,2,60,0.00,0.00,0.00,0.00,0.00,10,18.1,10.4,61,1015.9,90,2.7,-9900,-9900,0.0,0.0
2017,12,12,3,60,0.00,0.00,0.00,0.00,0.00,10,18.0,11.0,64,1016.1,80,2.2,-9900,-9900,0.0,0.0
2017,12,12,4,60,0.00,0.00,0.00,0.00,0.00,10,17.8,12.2,70,1016.0,60,4.1,-9900,-9900,0.0,0.0
2017,12,12,5,60,0.00,0.00,0.00,0.00,0.00,10,16.5,12.8,79,1016.1,50,4.0,-9900,-9900,0.4,0.3
2017,12,12,6,60,0.00,0.00,0.00,0.00,0.00,10,16.6,13.8,84,1017.0,50,4.9,-9900,-9900,0.2,1.0
2017,12,12,7,60,16.39,467.53,0.00,0.00,0.00,10,16.4,13.7,84,1017.6,50,3.5,-9900,-9900,0.0,1.0
2017,12,12,8,60,238.85,1409.72,0.00,0.00,0.00,10,16.4,13.7,84,1018.4,70,3.3,3,1,1.3,1.0
2017,12,12,9,60,497.91,1409.72,5.56,0.08,5.53,10,16.5,14.1,86,1018.5,50,3.1,5,1,1.5,1.0
2017,12,12,10,60,707.04,1409.72,33.33,0.58,33.04,10,16.6,14.4,87,1018.3,50,2.1,-9900,-9900,0.8,1.0
2017,12,12,11,60,851.96,1409.72,122.22,3.36,120.19,10,17.1,14.4,84,1017.9,50,2.5,4,1,0.2,1.0
2017,12,12,12,60,922.82,1409.72,163.89,4.86,160.71,10,17.0,14.7,86,1017.5,50,2.4,-9900,-9900,1.3,1.0
2017,12,12,13,60,914.79,1409.72,152.78,4.36,149.95,10,16.9,14.4,85,1016.1,60,4.2,-9900,-9900,0.8,1.0
2017,12,12,14,60,828.41,1409.72,122.22,3.52,120.15,10,17.1,14.5,85,1015.9,50,2.9,7,1,0.2,1.0
2017,12,12,15,60,669.57,1409.72,61.11,1.60,60.35,10,17.0,14.6,86,1015.6,70,4.1,-9900,-9900,0.5,1.0
2017,12,12,16,60,449.09,1409.72,44.22,1.79,43.65,10,16.9,14.4,85,1015.9,60,2.6,-9900,-9900,1.0,1.0
2017,12,12,17,60,181.99,1409.72,0.00,0.00,0.00,10,16.8,14.5,86,1016.5,50,3.3,10,1,0.8,1.0
2017,12,12,18,60,2.52,182.79,0.00,0.00,0.00,10,17.1,14.6,85,1016.4,60,3.7,-9900,-9900,0.2,1.0
2017,12,12,19,60,0.00,0.00,0.00,0.00,0.00,10,17.0,14.6,86,1016.9,50,4.7,-9900,-9900,0.3,1.0
2017,12,12,20,60,0.00,0.00,0.00,0.00,0.00,10,16.9,14.5,86,1017.2,50,4.5,-9900,-9900,0.1,1.0
2017,12,12,21,60,0.00,0.00,0.00,0.00,0.00,10,16.9,14.5,86,1017.2,50,3.8,-9900,-9900,0.1,1.0
2017,12,12,22,60,0.00,0.00,0.00,0.00,0.00,10,17.0,14.5,85,1017.1,50,4.2,-9900,-9900,0.0,1.0
2017,12,12,23,60,0.00,0.00,0.00,0.00,0.00,10,17.0,14.4,85,1016.7,70,2.5,-9900,-9900,0.1,1.0
2017,12,12,24,60,0.00,0.00,0.00,0.00,0.00,10,17.2,14.8,86,1016.3,70,3.0,-9900,-9900,0.2,1.0
2017,12,13,1,60,0.00,0.00,0.00,0.00,0.00,9,17.1,14.6,85,1016.0,50,4.1,-9900,-9900,0.1,1.0
2017,12,13,2,60,0.00,0.00,0.00,0.00,0.00,9,17.1,14.7,86,1015.5,70,4.0,-9900,-9900,0.0,1.0
2017,12,13,3,60,0.00,0.00,0.00,0.00,0.00,9,17.3,15.2,87,1015.2,60,3.2,-9900,-9900,0.0,0.3
2017,12,13,4,60,0.00,0.00,0.00,0.00,0.00,9,17.8,15.3,85,1014.9,50,3.3,-9900,-9900,0.0,0.0
2017,12,13,5,60,0.00,0.00,0.00,0.00,0.00,9,17.9,15.4,85,1014.6,60,5.7,-9900,-9900,0.0,0.0
2017,12,13,6,60,0.00,0.00,0.00,0.00,0.00,9,18.0,15.3,84,1015.8,50,3.9,-9900,-9900,0.0,0.0
2017,12,13,7,60,16.18,464.57,0.00,0.00,0.00,9,17.9,15.3,85,1016.2,50,5.1,-9900,-9900,0.0,0.0
2017,12,13,8,60,238.14,1409.96,55.56,0.00,55.56,9,18.2,15.7,85,1016.9,50,4.6,10,1,0.0,0.0
2017,12,13,9,60,497.14,1409.96,155.56,36.05,142.85,9,18.5,15.7,84,1017.4,50,5.9,10,1,0.0,0.0
2017,12,13,10,60,706.20,1409.96,166.67,9.30,162.01,10,18.0,15.2,84,1017.8,50,5.1,-9900,-9900,0.0,0.6
2017,12,13,11,60,851.09,1409.96,233.33,18.69,222.05,10,18.2,15.4,84,1017.5,50,5.9,10,1,0.0,1.0
2017,12,13,12,60,921.94,1409.96,266.67,24.44,250.69,10,18.0,15.0,83,1016.8,50,4.8,-9900,-9900,0.0,1.0
2017,12,13,13,60,913.91,1409.96,230.56,12.47,222.48,10,18.4,15.0,81,1016.0,50,5.7,-9900,-9900,0.0,0.0
2017,12,13,14,60,827.55,1409.96,172.22,6.41,168.46,10,18.3,14.9,81,1015.7,50,4.4,10,1,0.0,0.0
2017,12,13,15,60,668.74,1409.96,136.11,6.16,133.19,10,18.1,14.8,81,1015.9,50,5.2,-9900,-9900,0.0,0.0
2017,12,13,16,60,448.32,1409.96,83.33,5.25,81.66,10,17.6,14.6,83,1015.9,50,4.2,-9900,-9900,0.0,0.0
2017,12,13,17,60,181.30,1409.96,0.00,0.00,0.00,10,17.3,14.3,83,1016.3,50,5.3,10,1,0.0,0.0
2017,12,13,18,60,2.44,179.79,0.00,0.00,0.00,10,16.7,13.9,84,1017.5,50,6.1,-9900,-9900,0.0,0.9
2017,12,13,19,60,0.00,0.00,0.00,0.00,0.00,9,16.4,13.8,85,1017.9,50,4.7,-9900,-9900,0.1,1.0
2017,12,13,20,60,0.00,0.00,0.00,0.00,0.00,9,16.5,13.7,84,1018.4,60,5.5,-9900,-9900,0.0,1.0
2017,12,13,21,60,0.00,0.00,0.00,0.00,0.00,9,16.3,13.6,84,1018.5,60,4.3,-9900,-9900,0.0,1.0
2017,12,13,22,60,0.00,0.00,0.00,0.00,0.00,8,16.4,13.5,83,1018.6,60,5.3,-9900,-9900,0.0,0.7
2017,12,13,23,60,0.00,0.00,0.00,0.00,0.00,8,16.3,13.5,83,1018.4,60,3.7,-9900,-9900,0.0,0.0
2017,12,13,24,60,0.00,0.00,0.00,0.00,0.00,8,16.2,13.3,83,1017.9,60,3.9,-9900,-9900,0.0,0.0
2017,12,14,1,60,0.00,0.00,0.00,0.00,0.00,7,16.3,13.1,81,1017.3,70,2.9,-9900,-9900,0.0,0.0
2017,12,14,2,60,0.00,0.00,0.00,0.00,0.00,7,17.5,12.6,73,1016.3,70,4.0,-9900,-9900,0.0,0.0
2017,12,14,3,60,0.00,0.00,0.00,0.00,0.00,7,17.7,12.7,73,1015.9,50,4.1,-9900,-9900,0.0,0.0
2017,12,14,4,60,0.00,0.00,0.00,0.00,0.00,6,17.6,13.3,76,1015.6,50,3.9,-9900,-9900,0.0,0.0
2017,12,14,5,60,0.00,0.00,0.00,0.00,0.00,6,17.6,13.5,77,1015.9,50,4.3,-9900,-9900,0.0,0.0
2017,12,14,6,60,0.00,0.00,0.00,0.00,0.00,6,17.5,13.7,78,1016.4,70,2.8,-9900,-9900,0.0,0.0
2017,12,14,7,60,15.99,461.98,0.00,0.00,0.00,5,18.0,13.6,75,1016.7,60,3.3,-9900,-9900,0.0,0.0
2017,12,14,8,60,237.52,1410.19,2.78,0.00,2.78,5,18.1,14.0,77,1016.9,50,3.6,30,-9900,0.0,0.0
2017,12,14,9,60,496.46,1410.19,297.22,466.89,132.85,2,20.3,16.1,77,1017.1,50,4.2,35,-9900,0.0,0.0
2017,12,14,10,60,705.48,1410.19,422.22,466.44,188.87,4,21.1,16.2,74,1017.1,60,4.5,-9900,-9900,0.0,0.0
2017,12,14,11,60,850.34,1410.19,447.22,307.61,261.73,8,20.9,16.0,74,1016.4,50,5.7,30,1,0.0,0.0
2017,12,14,12,60,921.17,1410.19,438.89,216.98,297.15,9,20.7,16.0,74,1015.8,40,6.6,-9900,-9900,0.0,0.0
2017,12,14,13,60,913.14,1410.19,252.78,19.63,240.07,9,20.5,15.8,74,1015.1,50,4.6,-9900,-9900,0.0,0.0
2017,12,14,14,60,826.80,1410.19,200.00,10.30,193.96,9,20.1,15.2,73,1015.0,50,4.8,25,2,0.0,0.0
2017,12,14,15,60,668.04,1410.19,166.67,11.84,161.06,9,19.4,15.1,76,1014.7,50,4.2,-9900,-9900,0.0,0.0
2017,12,14,16,60,447.66,1410.19,150.00,50.02,134.12,9,19.7,15.0,74,1015.1,50,4.5,-9900,-9900,0.0,0.0
2017,12,14,17,60,180.69,1410.19,77.78,0.00,77.78,8,19.5,15.0,75,1015.3,40,4.7,20,-9900,0.0,0.0
2017,12,14,18,60,2.37,177.15,0.00,0.00,0.00,8,19.4,15.0,76,1015.9,60,3.2,-9900,-9900,0.0,0.0
2017,12,14,19,60,0.00,0.00,0.00,0.00,0.00,8,19.6,15.3,76,1016.1,50,4.1,-9900,-9900,0.0,0.0
2017,12,14,20,60,0.00,0.00,0.00,0.00,0.00,7,19.7,15.5,77,1016.1,50,5.2,-9900,-9900,0.0,0.0
2017,12,14,21,60,0.00,0.00,0.00,0.00,0.00,7,19.4,15.8,80,1016.1,50,3.4,-9900,-9900,0.0,0.0
2017,12,14,22,60,0.00,0.00,0.00,0.00,0.00,7,19.2,16.2,83,1015.9,50,5.0,-9900,-9900,0.0,0.0
2017,12,14,23,60,0.00,0.00,0.00,0.00,0.00,7,19.0,16.3,84,1015.5,50,5.3,-9900,-9900,0.0,0.0
2017,12,14,24,60,0.00,0.00,0.00,0.00,0.00,7,19.1,16.2,83,1015.5,50,4.4,-9900,-9900,0.0,0.0
2017,12,15,1,60,0.00,0.00,0.00,0.00,0.00,6,18.8,16.1,84,1015.4,60,2.7,-9900,-9900,0.0,0.0
2017,12,15,2,60,0.00,0.00,0.00,0.00,0.00,6,18.9,16.0,83,1015.4,50,3.8,-9900,-9900,0.0,0.0
2017,12,15,3,60,0.00,0.00,0.00,0.00,0.00,6,19.0,15.8,82,1015.3,50,2.9,-9900,-9900,0.0,0.0
2017,12,15,4,60,0.00,0.00,0.00,0.00,0.00,6,19.1,15.7,81,1015.1,50,4.0,-9900,-9900,0.0,0.0
2017,12,15,5,60,0.00,0.00,0.00,0.00,0.00,6,19.1,15.8,81,1015.1,50,3.5,-9900,-9900,0.0,0.0
2017,12,15,6,60,0.00,0.00,0.00,0.00,0.00,5,18.7,15.9,84,1015.3,40,3.3,-9900,-9900,0.0,0.0
2017,12,15,7,60,15.82,459.75,0.00,0.00,0.00,5,19.0,15.5,80,1015.7,50,3.4,-9900,-9900,0.0,0.0
2017,12,15,8,60,236.99,1410.41,97.22,0.00,97.22,5,20.2,15.5,74,1015.9,50,3.6,15,-9900,0.0,0.0
2017,12,15,9,60,495.89,1410.41,183.33,78.19,155.84,5,20.6,16.4,77,1016.2,60,3.6,25,-9900,0.0,0.0
2017,12,15,10,60,704.87,1410.41,433.33,505.64,180.63,4,22.7,17.1,71,1015.4,50,3.6,-9900,-9900,0.0,0.0
2017,12,15,11,60,849.71,1410.41,633.33,841.69,126.25,6,23.4,16.9,67,1014.7,70,4.8,30,-9900,0.0,0.0
2017,12,15,12,60,920.53,1410.41,583.33,552.37,222.82,7,23.3,17.0,68,1013.5,50,5.2,-9900,-9900,0.0,0.0
2017,12,15,13,60,912.50,1410.41,652.78,763.52,158.80,5,23.7,16.3,63,1012.3,60,4.0,-9900,-9900,0.0,0.0
2017,12,15,14,60,826.17,1410.41,491.67,458.56,223.06,7,23.7,16.4,64,1011.9,90,3.9,30,-9900,0.0,0.0
2017,12,15,15,60,667.43,1410.41,202.78,31.21,188.01,9,23.6,15.8,62,1012.3,80,2.4,-9900,-9900,0.0,0.0
2017,12,15,16,60,447.09,1410.41,116.67,14.64,112.03,7,22.8,15.0,61,1013.1,70,4.1,-9900,-9900,0.0,0.0
2017,12,15,17,60,180.17,1410.41,0.00,0.00,0.00,8,22.4,15.0,63,1013.6,70,3.4,25,-9900,0.0,0.0
2017,12,15,18,60,2.30,174.87,0.00,0.00,0.00,8,22.0,15.1,65,1014.1,60,2.2,-9900,-9900,0.0,0.0
2017,12,15,19,60,0.00,0.00,0.00,0.00,0.00,8,21.7,14.6,64,1014.2,50,1.7,-9900,-9900,0.0,0.0
2017,12,15,20,60,0.00,0.00,0.00,0.00,0.00,8,21.3,14.8,66,1014.6,40,2.0,-9900,-9900,0.0,0.0
2017,12,15,21,60,0.00,0.00,0.00,0.00,0.00,9,21.1,14.5,66,1014.9,60,1.2,-9900,-9900,0.0,0.0
2017,12,15,22,60,0.00,0.00,0.00,0.00,0.00,9,20.7,14.6,68,1015.1,80,1.6,-9900,-9900,0.0,0.0
2017,12,15,23,60,0.00,0.00,0.00,0.00,0.00,9,20.1,14.4,70,1015.2,160,1.6,-9900,-9900,0.0,0.0
2017,12,15,24,60,0.00,0.00,0.00,0.00,0.00,9,20.0,14.5,71,1015.2,110,0.6,-9900,-9900,0.0,0.0
2017,12,16,1,60,0.00,0.00,0.00,0.00,0.00,9,19.8,14.7,72,1015.2,180,0.5,-9900,-9900,0.0,0.0
2017,12,16,2,60,0.00,0.00,0.00,0.00,0.00,9,19.5,14.9,75,1015.4,180,0.3,-9900,-9900,0.0,0.0
2017,12,16,3,60,0.00,0.00,0.00,0.00,0.00,9,19.7,15.5,77,1015.4,150,0.7,-9900,-9900,0.0,0.0
2017,12,16,4,60,0.00,0.00,0.00,0.00,0.00,9,19.5,15.1,76,1015.4,140,1.0,-9900,-9900,0.0,0.0
2017,12,16,5,60,0.00,0.00,0.00,0.00,0.00,10,19.2,15.4,79,1016.1,60,1.3,-9900,-9900,0.0,0.0
2017,12,16,6,60,0.00,0.00,0.00,0.00,0.00,10,18.5,16.1,86,1016.0,140,0.9,-9900,-9900,0.4,1.0
2017,12,16,7,60,15.69,457.88,0.00,0.00,0.00,10,18.5,16.5,88,1016.8,200,0.9,-9900,-9900,0.0,1.0
2017,12,16,8,60,236.55,1410.62,0.00,0.00,0.00,10,19.0,16.8,87,1017.6,190,1.1,12,1,0.0,0.9
2017,12,16,9,60,495.41,1410.62,16.67,0.37,16.54,10,19.3,16.9,86,1018.4,200,1.1,15,1,0.0,0.0
2017,12,16,10,60,704.37,1410.62,127.78,5.05,125.26,10,19.4,16.2,82,1018.7,70,1.6,-9900,-9900,0.0,0.0
2017,12,16,11,60,849.19,1410.62,27.78,0.35,27.57,9,19.5,15.6,78,1018.8,50,2.4,18,1,0.0,0.0
2017,12,16,12,60,919.99,1410.62,50.00,0.72,49.53,10,18.6,14.5,77,1018.6,50,3.9,-9900,-9900,0.0,0.0
2017,12,16,13,60,911.97,1410.62,86.11,1.69,85.02,10,18.1,13.9,76,1018.7,50,3.3,-9900,-9900,0.0,0.0
2017,12,16,14,60,825.65,1410.62,136.11,4.27,133.61,10,17.9,13.4,75,1019.0,30,2.2,22,1,0.0,0.0
2017,12,16,15,60,666.93,1410.62,2.78,0.02,2.77,10,17.1,12.0,72,1019.7,360,2.7,-9900,-9900,0.0,0.0
2017,12,16,16,60,446.62,1410.62,44.14,1.80,43.57,10,16.4,11.4,72,1020.8,20,2.0,-9900,-9900,0.0,0.0
2017,12,16,17,60,179.73,1410.62,0.00,0.00,0.00,10,16.0,10.8,71,1022.2,360,3.4,30,0,0.0,0.0
2017,12,16,18,60,2.25,172.96,0.00,0.00,0.00,10,15.4,10.4,72,1023.0,50,3.2,-9900,-9900,0.0,0.0
2017,12,16,19,60,0.00,0.00,0.00,0.00,0.00,10,15.2,10.6,74,1023.7,60,2.7,-9900,-9900,0.0,0.0
2017,12,16,20,60,0.00,0.00,0.00,0.00,0.00,10,15.0,10.1,72,1024.1,50,3.4,-9900,-9900,0.0,0.0
2017,12,16,21,60,0.00,0.00,0.00,0.00,0.00,10,14.9,10.3,74,1024.2,30,3.2,-9900,-9900,0.0,0.0
2017,12,16,22,60,0.00,0.00,0.00,0.00,0.00,10,14.7,10.1,74,1024.5,20,2.4,-9900,-9900,0.0,0.0
2017,12,16,23,60,0.00,0.00,0.00,0.00,0.00,10,14.2,9.7,74,1024.5,50,2.8,-9900,-9900,0.0,0.0
2017,12,16,24,60,0.00,0.00,0.00,0.00,0.00,10,13.8,9.6,76,1024.5,40,3.3,-9900,-9900,0.0,0.0
2017,12,17,1,60,0.00,0.00,0.00,0.00,0.00,10,13.6,9.2,75,1024.4,50,4.3,-9900,-9900,0.0,0.0
2017,12,17,2,60,0.00,0.00,0.00,0.00,0.00,10,13.4,8.9,74,1024.5,50,3.9,-9900,-9900,0.0,0.0
2017,12,17,3,60,0.00,0.00,0.00,0.00,0.00,10,13.2,8.6,74,1024.6,50,3.8,-9900,-9900,0.0,0.0
2017,12,17,4,60,0.00,0.00,0.00,0.00,0.00,10,12.9,8.7,76,1024.7,50,3.0,-9900,-9900,0.0,0.0
2017,12,17,5,60,0.00,0.00,0.00,0.00,0.00,10,13.2,8.2,72,1024.6,50,4.4,-9900,-9900,0.0,0.0
2017,12,17,6,60,0.00,0.00,0.00,0.00,0.00,10,12.9,8.4,74,1024.9,50,4.2,-9900,-9900,0.0,0.0
2017,12,17,7,60,15.58,456.37,0.00,0.00,0.00,10,13.1,8.4,73,1025.1,50,3.5,-9900,-9900,0.0,0.0
2017,12,17,8,60,236.20,1410.81,0.00,0.00,0.00,10,13.1,8.5,74,1025.3,60,2.6,10,1,0.0,0.0
2017,12,17,9,60,495.03,1410.81,22.06,0.54,21.87,10,13.0,9.2,78,1025.2,50,3.0,10,1,0.0,0.0
2017,12,17,10,60,703.97,1410.81,38.89,0.74,38.52,10,13.4,9.4,77,1025.0,60,3.0,-9900,-9900,0.0,0.8
2017,12,17,11,60,848.77,1410.81,2.78,0.02,2.77,10,13.0,10.0,82,1024.5,110,1.7,7,1,0.1,1.0
2017,12,17,12,60,919.58,1410.81,38.89,0.51,38.56,10,13.4,10.5,83,1023.5,50,3.6,-9900,-9900,0.1,1.0
2017,12,17,13,60,911.55,1410.81,66.67,1.13,65.94,10,13.6,10.6,82,1022.7,60,3.8,-9900,-9900,0.0,1.0
2017,12,17,14,60,825.24,1410.81,5.56,0.05,5.53,10,13.8,10.9,83,1022.0,50,3.4,8,1,0.1,1.0
2017,12,17,15,60,666.54,1410.81,38.20,0.78,37.83,10,14.0,11.1,83,1021.5,70,2.7,-9900,-9900,0.0,1.0
2017,12,17,16,60,446.25,1410.81,18.15,0.47,18.00,10,13.6,10.8,83,1021.8,60,2.6,-9900,-9900,0.1,1.0
2017,12,17,17,60,179.38,1410.81,0.00,0.00,0.00,10,13.3,10.6,84,1022.2,70,3.3,7,3,0.2,1.0
2017,12,17,18,60,2.21,171.41,0.00,0.00,0.00,10,13.4,10.5,83,1022.6,50,3.0,-9900,-9900,0.1,1.0
2017,12,17,19,60,0.00,0.00,0.00,0.00,0.00,10,13.5,10.5,82,1023.0,50,3.9,-9900,-9900,0.0,1.0
2017,12,17,20,60,0.00,0.00,0.00,0.00,0.00,10,13.7,10.8,83,1023.0,60,2.5,-9900,-9900,0.0,1.0
2017,12,17,21,60,0.00,0.00,0.00,0.00,0.00,10,14.0,10.6,80,1023.2,70,2.5,-9900,-9900,0.0,1.0
2017,12,17,22,60,0.00,0.00,0.00,0.00,0.00,10,14.2,10.6,79,1022.8,50,2.7,-9900,-9900,0.0,1.0
2017,12,17,23,60,0.00,0.00,0.00,0.00,0.00,10,14.1,10.5,79,1022.6,60,3.1,-9900,-9900,0.0,1.0
2017,12,17,24,60,0.00,0.00,0.00,0.00,0.00,10,14.3,10.8,79,1022.1,70,2.5,-9900,-9900,0.0,0.8
2017,12,18,1,60,0.00,0.00,0.00,0.00,0.00,10,14.5,10.6,77,1021.8,70,2.4,-9900,-9900,0.0,0.0
2017,12,18,2,60,0.00,0.00,0.00,0.00,0.00,10,14.7,10.5,76,1021.4,50,3.2,-9900,-9900,0.0,0.0
2017,12,18,3,60,0.00,0.00,0.00,0.00,0.00,10,14.3,11.0,81,1021.1,60,2.5,-9900,-9900,0.0,0.6
2017,12,18,4,60,0.00,0.00,0.00,0.00,0.00,10,14.2,11.3,83,1020.9,60,2.3,-9900,-9900,0.0,1.0
2017,12,18,5,60,0.00,0.00,0.00,0.00,0.00,10,13.8,11.4,85,1021.3,50,3.0,-9900,-9900,0.1,1.0
2017,12,18,6,60,0.00,0.00,0.00,0.00,0.00,10,13.7,11.7,88,1021.9,50,0.8,-9900,-9900,0.2,1.0
2017,12,18,7,60,15.50,455.22,0.00,0.00,0.00,10,13.8,12.0,89,1022.3,100,1.2,-9900,-9900,0.9,1.0
2017,12,18,8,60,235.93,1410.99,0.00,0.00,0.00,10,14.1,12.2,88,1022.7,100,1.8,5,1,0.3,1.0
2017,12,18,9,60,494.76,1410.99,11.11,0.23,11.03,10,14.5,12.5,88,1023.0,50,3.1,8,1,0.5,1.0
2017,12,18,10,60,703.69,1410.99,72.22,1.92,71.26,10,14.8,12.9,88,1022.7,60,2.3,-9900,-9900,0.0,1.0
2017,12,18,11,60,848.48,1410.99,147.22,4.67,144.41,10,15.0,12.8,87,1022.1,50,3.8,10,1,0.0,0.0
2017,12,18,12,60,919.28,1410.99,150.00,4.19,147.27,10,15.3,12.9,86,1021.0,50,3.7,-9900,-9900,0.0,0.0
2017,12,18,13,60,911.25,1410.99,161.11,4.82,158.00,10,15.3,13.0,86,1020.1,50,3.5,-9900,-9900,0.0,0.1
2017,12,18,14,60,824.95,1410.99,152.78,5.23,149.72,10,15.4,12.9,85,1019.7,50,4.2,10,1,0.0,0.7
2017,12,18,15,60,666.25,1410.99,61.11,1.61,60.35,10,15.3,12.7,84,1019.8,50,3.6,-9900,-9900,0.0,0.0
2017,12,18,16,60,445.96,1410.99,49.48,2.18,48.79,10,15.4,12.7,84,1019.9,50,3.0,-9900,-9900,0.0,0.0
2017,12,18,17,60,179.12,1410.99,0.00,0.00,0.00,10,15.1,12.4,84,1020.6,50,3.4,12,0,0.0,0.0
2017,12,18,18,60,2.18,170.23,0.00,0.00,0.00,10,14.9,12.1,83,1021.0,50,3.7,-9900,-9900,0.5,0.5
2017,12,18,19,60,0.00,0.00,0.00,0.00,0.00,10,14.9,12.5,86,1021.7,60,3.0,-9900,-9900,0.0,0.0
2017,12,18,20,60,0.00,0.00,0.00,0.00,0.00,10,14.9,12.6,86,1022.0,60,2.0,-9900,-9900,0.0,0.0
2017,12,18,21,60,0.00,0.00,0.00,0.00,0.00,10,14.7,12.6,87,1022.3,60,2.5,-9900,-9900,0.0,0.0
2017,12,18,22,60,0.00,0.00,0.00,0.00,0.00,10,14.7,12.6,87,1022.1,60,3.4,-9900,-9900,0.0,0.0
2017,12,18,23,60,0.00,0.00,0.00,0.00,0.00,10,14.7,12.6,87,1022.1,70,2.4,-9900,-9900,0.0,0.0
2017,12,18,24,60,0.00,0.00,0.00,0.00,0.00,10,14.8,12.6,87,1022.0,60,3.2,-9900,-9900,0.0,0.0
2017,12,19,1,60,0.00,0.00,0.00,0.00,0.00,10,14.6,12.6,88,1022.1,60,2.4,-9900,-9900,0.0,0.0
2017,12,19,2,60,0.00,0.00,0.00,0.00,0.00,10,14.8,12.4,86,1022.0,60,3.6,-9900,-9900,0.0,0.0
2017,12,19,3,60,0.00,0.00,0.00,0.00,0.00,10,14.8,12.3,85,1022.2,50,2.9,-9900,-9900,0.0,0.0
2017,12,19,4,60,0.00,0.00,0.00,0.00,0.00,10,14.6,12.2,86,1021.9,50,3.4,-9900,-9900,0.0,0.0
2017,12,19,5,60,0.00,0.00,0.00,0.00,0.00,10,14.3,11.9,85,1022.6,60,2.0,-9900,-9900,0.0,0.0
2017,12,19,6,60,0.00,0.00,0.00,0.00,0.00,10,14.1,11.8,86,1023.4,50,2.6,-9900,-9900,1.0,1.0
2017,12,19,7,60,15.44,454.44,0.00,0.00,0.00,10,14.0,11.7,86,1024.3,60,2.5,-9900,-9900,0.0,1.0
2017,12,19,8,60,235.75,1411.15,0.00,0.00,0.00,10,14.1,11.2,83,1024.3,50,3.5,30,0,0.5,1.0
2017,12,19,9,60,494.57,1411.15,25.00,0.66,24.77,10,13.6,10.7,83,1025.2,50,3.3,11,0,0.5,1.0
2017,12,19,10,60,703.50,1411.15,136.11,5.64,133.30,10,13.7,11.2,85,1025.1,50,3.6,-9900,-9900,0.5,1.0
2017,12,19,11,60,848.30,1411.15,119.44,3.26,117.48,10,14.0,11.9,87,1024.4,70,2.5,8,0,0.5,1.0
2017,12,19,12,60,919.10,1411.15,47.22,0.66,46.79,10,14.2,12.0,87,1023.8,70,2.2,-9900,-9900,0.0,1.0
2017,12,19,13,60,911.07,1411.15,5.56,0.05,5.53,10,14.2,12.2,88,1022.5,50,2.6,-9900,-9900,1.5,1.0
2017,12,19,14,60,824.77,1411.15,113.67,3.15,111.83,10,14.4,12.1,86,1022.2,50,3.6,6,0,0.0,1.0
2017,12,19,15,60,666.07,1411.15,77.49,2.37,76.37,10,14.4,12.4,88,1022.0,90,2.7,-9900,-9900,0.5,1.0
2017,12,19,16,60,445.79,1411.15,36.80,1.36,36.37,10,14.6,12.7,88,1022.4,70,2.5,-9900,-9900,0.5,1.0
2017,12,19,17,60,178.94,1411.15,0.00,0.00,0.00,10,14.7,12.6,87,1023.2,50,3.1,6,1,0.0,0.8
2017,12,19,18,60,2.16,169.41,0.00,0.00,0.00,10,14.9,12.3,84,1023.7,60,3.1,-9900,-9900,0.0,0.0
2017,12,19,19,60,0.00,0.00,0.00,0.00,0.00,9,15.0,12.2,83,1024.1,50,4.0,-9900,-9900,0.0,0.0
2017,12,19,20,60,0.00,0.00,0.00,0.00,0.00,9,14.5,12.0,85,1024.5,50,3.7,-9900,-9900,0.0,0.0
2017,12,19,21,60,0.00,0.00,0.00,0.00,0.00,9,14.6,11.9,84,1024.7,50,4.8,-9900,-9900,0.0,0.0
2017,12,19,22,60,0.00,0.00,0.00,0.00,0.00,9,14.4,11.8,84,1024.9,50,4.1,-9900,-9900,0.0,0.0
2017,12,19,23,60,0.00,0.00,0.00,0.00,0.00,8,14.7,12.0,84,1025.0,50,3.2,-9900,-9900,0.0,0.0
2017,12,19,24,60,0.00,0.00,0.00,0.00,0.00,8,15.0,12.0,82,1024.9,70,2.0,-9900,-9900,0.0,0.0
2017,12,20,1,60,0.00,0.00,0.00,0.00,0.00,8,15.2,12.6,84,1024.9,50,3.5,-9900,-9900,0.0,0.0
2017,12,20,2,60,0.00,0.00,0.00,0.00,0.00,8,14.8,12.4,86,1025.0,60,2.3,-9900,-9900,0.0,0.0
2017,12,20,3,60,0.00,0.00,0.00,0.00,0.00,7,14.8,11.9,83,1024.9,70,2.5,-9900,-9900,0.0,0.0
2017,12,20,4,60,0.00,0.00,0.00,0.00,0.00,7,14.9,11.6,81,1025.1,70,2.3,-9900,-9900,0.0,0.0
2017,12,20,5,60,0.00,0.00,0.00,0.00,0.00,7,15.1,11.5,79,1025.3,50,2.3,-9900,-9900,0.0,0.0
2017,12,20,6,60,0.00,0.00,0.00,0.00,0.00,7,15.5,10.4,72,1026.2,50,1.6,-9900,-9900,0.0,0.0
2017,12,20,7,60,15.41,454.03,0.00,0.00,0.00,6,15.3,10.2,72,1025.9,60,1.7,-9900,-9900,0.0,0.0
2017,12,20,8,60,235.66,1411.30,119.44,0.00,119.44,6,16.5,10.1,66,1026.3,70,2.8,30,-9900,0.0,0.0
2017,12,20,9,60,494.49,1411.30,222.22,174.44,161.10,5,17.2,10.8,66,1027.1,40,3.0,30,-9900,0.0,0.0
2017,12,20,10,60,703.43,1411.30,366.67,298.64,217.82,4,18.5,9.9,57,1026.6,50,5.0,-9900,-9900,0.0,0.0
2017,12,20,11,60,848.24,1411.30,583.33,691.42,167.76,4,19.2,8.2,49,1025.9,50,5.7,30,-9900,0.0,0.0
2017,12,20,12,60,919.04,1411.30,638.89,711.01,175.88,4,19.1,8.7,51,1024.9,50,4.5,-9900,-9900,0.0,0.0
2017,12,20,13,60,911.01,1411.30,611.11,647.44,193.18,4,19.1,9.1,52,1024.2,40,3.7,-9900,-9900,0.0,0.0
2017,12,20,14,60,824.70,1411.30,469.44,399.41,236.04,5,17.8,9.5,58,1024.1,20,5.4,30,-9900,0.0,0.0
2017,12,20,15,60,665.99,1411.30,358.33,332.40,201.47,5,18.3,9.8,58,1024.4,30,3.2,-9900,-9900,0.0,0.0
2017,12,20,16,60,445.70,1411.30,180.56,115.51,144.08,7,17.5,9.9,61,1024.8,60,4.2,-9900,-9900,0.0,0.0
2017,12,20,17,60,178.85,1411.30,25.00,0.00,25.00,7,16.4,9.2,62,1025.5,40,3.4,25,1,0.0,0.0
2017,12,20,18,60,2.15,168.97,0.00,0.00,0.00,7,16.0,8.6,61,1026.1,50,2.7,-9900,-9900,0.0,0.0
2017,12,20,19,60,0.00,0.00,0.00,0.00,0.00,7,15.8,8.3,61,1026.4,50,3.7,-9900,-9900,0.0,0.0
2017,12,20,20,60,0.00,0.00,0.00,0.00,0.00,7,15.6,8.4,62,1026.5,60,2.7,-9900,-9900,0.0,0.0
2017,12,20,21,60,0.00,0.00,0.00,0.00,0.00,7,15.3,8.0,62,1026.7,60,2.5,-9900,-9900,0.0,0.0
2017,12,20,22,60,0.00,0.00,0.00,0.00,0.00,7,15.3,7.4,59,1026.7,60,2.4,-9900,-9900,0.0,0.0
2017,12,20,23,60,0.00,0.00,0.00,0.00,0.00,7,14.9,7.2,60,1026.6,70,2.1,-9900,-9900,0.0,0.0
2017,12,20,24,60,0.00,0.00,0.00,0.00,0.00,7,15.4,7.4,59,1026.5,70,2.0,-9900,-9900,0.0,0.0
2017,12,21,1,60,0.00,0.00,0.00,0.00,0.00,6,15.3,7.0,58,1026.4,50,3.4,-9900,-9900,0.0,0.0
2017,12,21,2,60,0.00,0.00,0.00,0.00,0.00,6,15.3,7.2,58,1025.8,50,3.6,-9900,-9900,0.0,0.0
2017,12,21,3,60,0.00,0.00,0.00,0.00,0.00,6,15.1,7.3,60,1025.5,50,3.1,-9900,-9900,0.0,0.0
2017,12,21,4,60,0.00,0.00,0.00,0.00,0.00,6,15.0,7.1,59,1025.4,50,3.5,-9900,-9900,0.0,0.0
2017,12,21,5,60,0.00,0.00,0.00,0.00,0.00,6,14.9,7.5,61,1025.7,50,2.4,-9900,-9900,0.0,0.0
2017,12,21,6,60,0.00,0.00,0.00,0.00,0.00,6,15.2,7.2,59,1025.9,70,3.0,-9900,-9900,0.0,0.0
2017,12,21,7,60,15.40,453.98,0.00,0.00,0.00,6,14.9,6.7,58,1026.1,40,2.8,-9900,-9900,0.0,0.0
2017,12,21,8,60,235.66,1411.44,30.56,0.00,30.56,6,15.6,7.1,57,1026.4,50,4.1,30,1,0.0,0.0
2017,12,21,9,60,494.52,1411.44,194.44,101.98,158.71,7,16.4,7.7,56,1026.2,50,4.6,30,1,0.0,0.0
2017,12,21,10,60,703.48,1411.44,302.78,147.49,229.27,7,17.1,7.5,53,1025.5,50,5.2,-9900,-9900,0.0,0.0
2017,12,21,11,60,848.30,1411.44,491.67,422.87,237.52,6,17.3,7.3,52,1024.5,50,5.4,30,1,0.0,0.0
2017,12,21,12,60,919.10,1411.44,386.11,133.91,298.91,7,17.4,7.8,53,1023.2,50,7.3,-9900,-9900,0.0,0.0
2017,12,21,13,60,911.07,1411.44,352.78,95.59,291.08,10,18.0,7.5,50,1021.8,50,4.8,-9900,-9900,0.0,0.0
2017,12,21,14,60,824.75,1411.44,275.00,48.91,246.42,7,17.7,7.8,52,1021.2,50,6.4,30,1,0.0,0.0
2017,12,21,15,60,666.04,1411.44,375.00,385.71,192.99,7,18.3,9.0,55,1021.3,60,5.7,-9900,-9900,0.0,0.0
2017,12,21,16,60,445.73,1411.44,277.78,526.69,111.45,8,17.6,8.3,54,1021.2,50,5.8,-9900,-9900,0.0,0.0
2017,12,21,17,60,178.84,1411.44,58.33,0.00,58.33,8,17.1,9.0,59,1021.4,50,4.8,30,1,0.0,0.0
2017,12,21,18,60,2.15,168.89,0.00,0.00,0.00,8,17.1,9.0,59,1021.5,50,4.3,-9900,-9900,0.0,0.0
2017,12,21,19,60,0.00,0.00,0.00,0.00,0.00,7,17.3,8.6,57,1021.9,50,5.2,-9900,-9900,0.0,0.0
2017,12,21,20,60,0.00,0.00,0.00,0.00,0.00,7,17.2,8.3,56,1022.2,50,3.8,-9900,-9900,0.0,0.0
2017,12,21,21,60,0.00,0.00,0.00,0.00,0.00,6,17.2,9.2,59,1022.1,50,4.9,-9900,-9900,0.0,0.0
2017,12,21,22,60,0.00,0.00,0.00,0.00,0.00,6,17.2,9.4,60,1021.6,50,3.7,-9900,-9900,0.0,0.0
2017,12,21,23,60,0.00,0.00,0.00,0.00,0.00,5,17.3,9.1,59,1021.2,50,5.7,-9900,-9900,0.0,0.0
2017,12,21,24,60,0.00,0.00,0.00,0.00,0.00,5,17.4,9.6,60,1020.8,50,4.6,-9900,-9900,0.0,0.0
2017,12,22,1,60,0.00,0.00,0.00,0.00,0.00,4,17.4,10.2,63,1020.2,50,4.6,-9900,-9900,0.0,0.0
2017,12,22,2,60,0.00,0.00,0.00,0.00,0.00,4,17.1,10.3,64,1019.5,50,4.0,-9900,-9900,0.0,0.0
2017,12,22,3,60,0.00,0.00,0.00,0.00,0.00,3,17.2,10.1,63,1019.1,40,4.2,-9900,-9900,0.0,0.0
2017,12,22,4,60,0.00,0.00,0.00,0.00,0.00,3,17.1,10.0,63,1019.0,40,3.8,-9900,-9900,0.0,0.0
2017,12,22,5,60,0.00,0.00,0.00,0.00,0.00,2,16.9,10.2,65,1019.1,50,4.0,-9900,-9900,0.0,0.0
2017,12,22,6,60,0.00,0.00,0.00,0.00,0.00,2,16.8,10.4,66,1019.3,50,3.0,-9900,-9900,0.0,0.0
2017,12,22,7,60,15.43,454.30,0.00,0.00,0.00,1,16.7,10.8,68,1019.5,50,3.5,-9900,-9900,0.0,0.0
2017,12,22,8,60,235.75,1411.57,111.11,0.00,111.11,1,18.0,11.6,66,1019.5,50,4.4,30,-9900,0.0,0.0
2017,12,22,9,60,494.64,1411.57,280.56,394.98,142.15,1,19.9,12.9,64,1019.2,50,5.2,28,-9900,0.0,0.0
2017,12,22,10,60,703.63,1411.57,438.89,528.12,175.64,1,21.7,13.5,60,1018.5,50,4.9,-9900,-9900,0.0,0.0
2017,12,22,11,60,848.46,1411.57,541.67,564.69,202.25,1,22.3,12.7,55,1017.9,60,5.6,30,-9900,0.0,0.0
2017,12,22,12,60,919.28,1411.57,666.67,789.92,152.24,1,23.4,12.6,51,1016.8,70,3.4,-9900,-9900,0.0,0.0
2017,12,22,13,60,911.25,1411.57,666.67,806.62,145.95,2,23.6,12.3,49,1016.0,70,3.3,-9900,-9900,0.0,0.0
2017,12,22,14,60,824.93,1411.57,516.67,534.46,204.33,2,23.7,12.6,50,1015.1,60,4.7,30,-9900,0.0,0.0
2017,12,22,15,60,666.18,1411.57,427.78,574.07,156.85,1,23.1,12.5,51,1014.8,100,5.1,-9900,-9900,0.0,0.0
2017,12,22,16,60,445.84,1411.57,258.33,422.51,124.88,2,22.1,12.6,55,1014.8,50,4.7,-9900,-9900,0.0,0.0
2017,12,22,17,60,178.93,1411.57,77.78,0.00,77.78,3,21.1,12.0,56,1015.2,50,5.4,30,-9900,0.0,0.0
2017,12,22,18,60,2.15,169.19,0.00,0.00,0.00,3,20.7,11.7,56,1015.0,60,4.3,-9900,-9900,0.0,0.0
2017,12,22,19,60,0.00,0.00,0.00,0.00,0.00,3,20.6,11.8,57,1015.1,50,5.1,-9900,-9900,0.0,0.0
2017,12,22,20,60,0.00,0.00,0.00,0.00,0.00,3,20.4,12.3,60,1015.3,60,3.9,-9900,-9900,0.0,0.0
2017,12,22,21,60,0.00,0.00,0.00,0.00,0.00,3,20.4,12.5,60,1015.4,60,3.7,-9900,-9900,0.0,0.0
2017,12,22,22,60,0.00,0.00,0.00,0.00,0.00,3,20.2,12.6,62,1015.3,60,2.8,-9900,-9900,0.0,0.0
2017,12,22,23,60,0.00,0.00,0.00,0.00,0.00,3,20.2,12.6,62,1015.1,40,2.8,-9900,-9900,0.0,0.0
2017,12,22,24,60,0.00,0.00,0.00,0.00,0.00,3,20.2,12.9,63,1014.8,50,3.4,-9900,-9900,0.0,0.0
2017,12,23,1,60,0.00,0.00,0.00,0.00,0.00,2,20.3,13.2,64,1014.4,50,3.6,-9900,-9900,0.0,0.0
2017,12,23,2,60,0.00,0.00,0.00,0.00,0.00,2,20.6,13.3,63,1014.0,50,3.2,-9900,-9900,0.0,0.0
2017,12,23,3,60,0.00,0.00,0.00,0.00,0.00,2,20.5,13.3,63,1013.6,50,2.7,-9900,-9900,0.0,0.0
2017,12,23,4,60,0.00,0.00,0.00,0.00,0.00,2,19.7,13.4,67,1013.7,100,0.9,-9900,-9900,0.0,0.0
2017,12,23,5,60,0.00,0.00,0.00,0.00,0.00,2,18.4,13.2,72,1014.0,220,0.5,-9900,-9900,0.0,0.0
2017,12,23,6,60,0.00,0.00,0.00,0.00,0.00,2,18.2,12.6,70,1014.6,170,1.6,-9900,-9900,0.0,0.0
2017,12,23,7,60,15.47,454.98,0.00,0.00,0.00,2,16.9,12.2,74,1014.6,50,0.9,-9900,-9900,0.0,0.0
2017,12,23,8,60,235.93,1411.68,102.78,0.00,102.78,2,18.7,13.3,71,1014.5,60,0.6,50,-9900,0.0,0.0
2017,12,23,9,60,494.86,1411.68,277.78,382.03,143.86,2,22.6,15.9,66,1014.3,50,3.4,50,-9900,0.0,0.0
2017,12,23,10,60,703.88,1411.68,444.44,547.18,171.61,2,24.1,15.7,59,1013.6,50,3.2,-9900,-9900,0.0,0.0
2017,12,23,11,60,848.74,1411.68,530.56,531.51,211.00,1,25.6,14.6,51,1012.8,70,3.2,50,-9900,0.0,0.0
2017,12,23,12,60,919.58,1411.68,666.67,789.37,152.47,1,25.9,13.9,48,1011.8,80,3.7,-9900,-9900,0.0,0.0
2017,12,23,13,60,911.54,1411.68,661.11,790.13,150.91,1,26.2,14.1,47,1010.6,100,2.9,-9900,-9900,0.0,0.0
2017,12,23,14,60,825.20,1411.68,500.00,484.68,216.68,2,25.9,15.1,51,1009.8,90,3.9,40,-9900,0.0,0.0
2017,12,23,15,60,666.43,1411.68,391.67,441.66,183.17,4,25.2,15.2,54,1009.8,120,2.4,-9900,-9900,0.0,0.0
2017,12,23,16,60,446.06,1411.68,122.22,18.67,116.32,5,23.9,14.5,56,1010.5,110,2.5,-9900,-9900,0.0,0.0
2017,12,23,17,60,179.10,1411.68,11.11,0.00,11.11,4,23.2,14.6,58,1011.1,120,2.5,30,-9900,0.0,0.0
2017,12,23,18,60,2.17,169.85,0.00,0.00,0.00,4,22.4,14.6,61,1011.5,100,1.9,-9900,-9900,0.0,0.0
2017,12,23,19,60,0.00,0.00,0.00,0.00,0.00,5,21.1,14.6,66,1011.7,250,0.5,-9900,-9900,0.0,0.0
2017,12,23,20,60,0.00,0.00,0.00,0.00,0.00,5,20.6,14.4,68,1012.1,220,0.5,-9900,-9900,0.0,0.0
2017,12,23,21,60,0.00,0.00,0.00,0.00,0.00,6,19.8,14.4,71,1012.2,0,0.0,-9900,-9900,0.0,0.0
2017,12,23,22,60,0.00,0.00,0.00,0.00,0.00,6,19.4,14.6,74,1012.5,190,1.3,-9900,-9900,0.0,0.0
2017,12,23,23,60,0.00,0.00,0.00,0.00,0.00,6,18.9,14.5,76,1012.5,190,0.9,-9900,-9900,0.0,0.0
2017,12,23,24,60,0.00,0.00,0.00,0.00,0.00,7,18.3,14.3,77,1012.4,190,1.0,-9900,-9900,0.0,0.0
2017,12,24,1,60,0.00,0.00,0.00,0.00,0.00,7,18.0,14.1,78,1012.3,150,1.0,-9900,-9900,0.0,0.0
2017,12,24,2,60,0.00,0.00,0.00,0.00,0.00,8,17.7,14.1,79,1012.5,210,1.1,-9900,-9900,0.0,0.0
2017,12,24,3,60,0.00,0.00,0.00,0.00,0.00,8,17.3,13.9,80,1012.5,190,0.9,-9900,-9900,0.0,0.0
2017,12,24,4,60,0.00,0.00,0.00,0.00,0.00,8,17.0,13.6,80,1012.5,200,1.4,-9900,-9900,0.0,0.0
2017,12,24,5,60,0.00,0.00,0.00,0.00,0.00,9,16.8,13.6,81,1013.0,200,1.1,-9900,-9900,0.0,0.0
2017,12,24,6,60,0.00,0.00,0.00,0.00,0.00,9,17.3,14.3,83,1013.7,230,2.0,-9900,-9900,0.0,0.0
2017,12,24,7,60,15.54,456.03,0.00,0.00,0.00,10,17.6,14.6,83,1014.6,230,0.9,-9900,-9900,0.0,0.0
2017,12,24,8,60,236.19,1411.78,0.00,0.00,0.00,10,18.4,14.9,80,1015.3,250,1.5,4,1,0.0,0.0
2017,12,24,9,60,495.18,1411.78,100.00,6.10,97.86,10,19.1,15.1,78,1015.8,260,0.8,4,1,0.0,0.0
2017,12,24,10,60,704.25,1411.78,108.33,3.79,106.44,10,19.8,15.1,74,1015.7,240,1.9,-9900,-9900,0.0,0.0
2017,12,24,11,60,849.15,1411.78,183.33,6.92,179.17,10,21.0,15.9,73,1015.1,240,1.5,5,1,0.0,0.0
2017,12,24,12,60,919.99,1411.78,355.56,94.84,293.76,8,22.2,16.3,69,1014.3,240,1.2,-9900,-9900,0.0,0.0
2017,12,24,13,60,911.96,1411.78,497.22,347.46,272.77,4,22.0,14.7,63,1013.6,310,2.0,-9900,-9900,0.0,0.0
2017,12,24,14,60,825.60,1411.78,519.44,541.61,202.71,3,23.6,14.7,57,1013.0,280,2.0,13,-9900,0.0,0.0
2017,12,24,15,60,666.80,1411.78,388.89,431.28,185.19,8,21.8,15.4,67,1013.1,240,0.9,-9900,-9900,0.0,0.0
2017,12,24,16,60,446.37,1411.78,125.00,20.81,118.42,7,20.7,15.3,71,1013.9,90,2.6,-9900,-9900,0.0,0.0
2017,12,24,17,60,179.35,1411.78,125.00,0.00,125.00,3,19.8,13.4,67,1014.5,60,3.2,14,-9900,0.0,0.0
2017,12,24,18,60,2.20,170.88,0.00,0.00,0.00,3,19.7,12.9,65,1015.6,50,3.0,-9900,-9900,0.0,0.0
2017,12,24,19,60,0.00,0.00,0.00,0.00,0.00,4,19.4,12.1,63,1016.2,50,3.5,-9900,-9900,0.0,0.0
2017,12,24,20,60,0.00,0.00,0.00,0.00,0.00,4,19.1,12.4,65,1017.0,50,3.5,-9900,-9900,0.0,0.0
2017,12,24,21,60,0.00,0.00,0.00,0.00,0.00,5,19.0,11.8,63,1017.1,40,4.0,-9900,-9900,0.0,0.0
2017,12,24,22,60,0.00,0.00,0.00,0.00,0.00,5,18.8,11.3,62,1017.7,40,5.3,-9900,-9900,0.0,0.0
2017,12,24,23,60,0.00,0.00,0.00,0.00,0.00,6,18.4,10.5,60,1018.0,50,3.8,-9900,-9900,0.0,0.0
2017,12,24,24,60,0.00,0.00,0.00,0.00,0.00,6,18.2,9.9,58,1018.1,40,4.1,-9900,-9900,0.0,0.0
2017,12,25,1,60,0.00,0.00,0.00,0.00,0.00,7,17.8,9.2,57,1018.5,50,4.3,-9900,-9900,0.0,0.0
2017,12,25,2,60,0.00,0.00,0.00,0.00,0.00,7,17.5,8.7,56,1018.3,50,4.1,-9900,-9900,0.0,0.0
2017,12,25,3,60,0.00,0.00,0.00,0.00,0.00,8,17.2,8.2,55,1018.5,50,3.8,-9900,-9900,0.0,0.0
2017,12,25,4,60,0.00,0.00,0.00,0.00,0.00,8,16.8,7.6,55,1019.0,40,4.5,-9900,-9900,0.0,0.0
2017,12,25,5,60,0.00,0.00,0.00,0.00,0.00,9,16.4,6.3,51,1019.4,30,4.0,-9900,-9900,0.0,0.0
2017,12,25,6,60,0.00,0.00,0.00,0.00,0.00,9,16.1,6.7,54,1020.1,50,4.1,-9900,-9900,0.0,0.0
2017,12,25,7,60,15.64,457.45,0.00,0.00,0.00,10,16.1,7.3,56,1020.5,40,3.8,-9900,-9900,0.0,0.0
2017,12,25,8,60,236.56,1411.87,0.00,0.00,0.00,10,16.1,6.9,54,1020.8,50,3.9,8,1,0.0,0.0
2017,12,25,9,60,495.62,1411.87,91.67,5.21,89.84,10,16.3,7.2,55,1021.2,50,5.0,8,1,0.0,0.0
2017,12,25,10,60,704.73,1411.87,161.11,8.25,156.99,10,17.1,8.2,56,1021.0,50,3.9,-9900,-9900,0.0,0.0
2017,12,25,11,60,849.66,1411.87,230.56,17.78,219.86,10,16.8,8.5,58,1020.2,40,4.6,8,1,0.0,0.0
2017,12,25,12,60,920.53,1411.87,208.33,7.96,203.14,10,16.7,8.3,58,1019.3,50,4.7,-9900,-9900,0.0,0.0
2017,12,25,13,60,912.49,1411.87,269.44,27.12,251.91,10,17.2,7.9,54,1017.9,50,4.4,-9900,-9900,0.0,0.0
2017,12,25,14,60,826.11,1411.87,336.11,117.62,267.29,6,17.4,8.2,55,1017.4,50,6.7,13,-9900,0.0,0.0
2017,12,25,15,60,667.26,1411.87,336.11,265.29,210.73,5,18.1,8.9,55,1017.3,50,5.1,-9900,-9900,0.0,0.0
2017,12,25,16,60,446.79,1411.87,205.56,190.77,145.19,5,17.6,9.2,58,1017.5,50,5.1,-9900,-9900,0.0,0.0
2017,12,25,17,60,179.70,1411.87,66.67,0.00,66.67,6,17.1,9.4,60,1017.8,70,4.4,10,-9900,0.0,0.0
2017,12,25,18,60,2.23,172.28,0.00,0.00,0.00,6,17.1,9.7,62,1018.3,70,4.6,-9900,-9900,0.0,0.0
2017,12,25,19,60,0.00,0.00,0.00,0.00,0.00,7,17.1,10.2,64,1018.6,80,3.8,-9900,-9900,0.0,0.0
2017,12,25,20,60,0.00,0.00,0.00,0.00,0.00,7,17.7,10.8,64,1018.6,70,4.1,-9900,-9900,0.0,0.0
2017,12,25,21,60,0.00,0.00,0.00,0.00,0.00,7,17.7,10.6,63,1018.5,90,3.6,-9900,-9900,0.0,0.0
2017,12,25,22,60,0.00,0.00,0.00,0.00,0.00,7,17.6,10.5,63,1018.2,60,3.8,-9900,-9900,0.0,0.0
2017,12,25,23,60,0.00,0.00,0.00,0.00,0.00,8,17.6,9.7,60,1017.8,50,4.3,-9900,-9900,0.0,0.0
2017,12,25,24,60,0.00,0.00,0.00,0.00,0.00,8,17.7,10.4,62,1017.3,50,5.1,-9900,-9900,0.0,0.0
2017,12,26,1,60,0.00,0.00,0.00,0.00,0.00,8,17.5,10.9,65,1017.3,50,4.5,-9900,-9900,0.0,0.0
2017,12,26,2,60,0.00,0.00,0.00,0.00,0.00,8,17.6,11.0,65,1017.2,50,4.3,-9900,-9900,0.0,0.0
2017,12,26,3,60,0.00,0.00,0.00,0.00,0.00,9,17.9,11.2,65,1017.3,50,4.3,-9900,-9900,0.0,0.0
2017,12,26,4,60,0.00,0.00,0.00,0.00,0.00,9,17.9,11.3,65,1017.4,50,4.8,-9900,-9900,0.0,0.0
2017,12,26,5,60,0.00,0.00,0.00,0.00,0.00,9,17.9,11.5,66,1017.8,50,3.5,-9900,-9900,0.0,0.0
2017,12,26,6,60,0.00,0.00,0.00,0.00,0.00,9,18.0,11.6,66,1018.8,50,4.1,-9900,-9900,0.0,0.0
2017,12,26,7,60,15.77,459.23,0.00,0.00,0.00,10,18.1,11.6,66,1019.2,60,3.8,-9900,-9900,0.0,0.0
2017,12,26,8,60,237.00,1411.94,0.00,0.00,0.00,10,18.2,12.0,67,1019.9,80,2.8,15,1,0.0,0.0
2017,12,26,9,60,496.13,1411.94,138.89,20.77,131.59,9,18.4,12.4,68,1020.2,70,4.1,15,1,0.0,0.0
2017,12,26,10,60,705.31,1411.94,175.00,11.55,169.23,9,19.0,12.6,66,1019.9,70,3.9,-9900,-9900,0.0,0.0
2017,12,26,11,60,850.29,1411.94,325.00,90.47,270.52,9,19.4,13.1,67,1019.2,60,3.7,15,1,0.0,0.0
2017,12,26,12,60,921.18,1411.94,388.89,136.63,299.75,6,20.3,13.2,64,1018.2,50,4.4,-9900,-9900,0.0,0.0
2017,12,26,13,60,913.14,1411.94,522.22,405.57,259.93,6,20.2,12.9,63,1017.1,50,5.1,-9900,-9900,0.0,0.0
2017,12,26,14,60,826.73,1411.94,511.11,514.67,209.76,5,20.3,12.2,60,1016.3,50,5.8,20,-9900,0.0,0.0
2017,12,26,15,60,667.84,1411.94,302.78,180.49,217.41,7,19.5,12.2,63,1016.7,50,6.3,-9900,-9900,0.0,0.0
2017,12,26,16,60,447.30,1411.94,147.22,46.02,132.64,8,19.1,12.2,64,1017.4,60,4.2,-9900,-9900,0.0,0.0
2017,12,26,17,60,180.12,1411.94,0.00,0.00,0.00,8,18.7,12.1,65,1017.9,50,6.3,18,1,0.0,0.0
2017,12,26,18,60,2.28,174.04,0.00,0.00,0.00,8,18.5,12.3,67,1018.6,70,3.7,-9900,-9900,0.0,0.0
2017,12,26,19,60,0.00,0.00,0.00,0.00,0.00,8,18.6,12.3,67,1019.1,50,5.6,-9900,-9900,0.0,0.0
2017,12,26,20,60,0.00,0.00,0.00,0.00,0.00,8,18.6,11.9,65,1019.3,60,4.1,-9900,-9900,0.0,0.0
2017,12,26,21,60,0.00,0.00,0.00,0.00,0.00,8,18.5,11.6,64,1019.4,50,4.4,-9900,-9900,0.0,0.0
2017,12,26,22,60,0.00,0.00,0.00,0.00,0.00,8,18.1,11.8,67,1019.9,70,5.0,-9900,-9900,0.0,0.0
2017,12,26,23,60,0.00,0.00,0.00,0.00,0.00,8,17.8,11.6,67,1019.8,60,4.0,-9900,-9900,0.0,0.0
2017,12,26,24,60,0.00,0.00,0.00,0.00,0.00,8,17.9,11.5,66,1019.6,70,4.9,-9900,-9900,0.0,0.0
2017,12,27,1,60,0.00,0.00,0.00,0.00,0.00,7,18.0,11.0,64,1019.6,80,4.8,-9900,-9900,0.0,0.0
2017,12,27,2,60,0.00,0.00,0.00,0.00,0.00,7,18.0,11.1,64,1018.9,70,4.9,-9900,-9900,0.0,0.0
2017,12,27,3,60,0.00,0.00,0.00,0.00,0.00,7,17.8,11.1,65,1019.3,70,4.3,-9900,-9900,0.0,0.0
2017,12,27,4,60,0.00,0.00,0.00,0.00,0.00,7,17.8,11.6,67,1019.3,60,4.6,-9900,-9900,0.0,0.0
2017,12,27,5,60,0.00,0.00,0.00,0.00,0.00,7,17.7,10.8,64,1019.6,70,4.2,-9900,-9900,0.0,0.0
2017,12,27,6,60,0.00,0.00,0.00,0.00,0.00,7,17.6,11.2,66,1019.9,80,3.6,-9900,-9900,0.0,0.0
2017,12,27,7,60,15.92,461.37,0.00,0.00,0.00,7,17.3,11.5,69,1020.1,60,4.6,-9900,-9900,0.0,0.0
2017,12,27,8,60,237.53,1412.00,13.89,0.00,13.89,7,17.9,11.3,65,1020.1,70,4.5,14,1,0.0,0.0
2017,12,27,9,60,496.76,1412.00,136.11,18.67,129.54,8,18.5,11.6,64,1021.0,80,5.0,14,1,0.0,0.0
2017,12,27,10,60,706.01,1412.00,166.67,9.32,162.01,9,18.7,11.9,65,1020.6,70,4.7,-9900,-9900,0.0,0.0
2017,12,27,11,60,851.03,1412.00,166.67,5.77,163.19,9,19.1,12.1,64,1019.9,60,4.3,14,1,0.0,0.0
2017,12,27,12,60,921.94,1412.00,188.89,6.25,184.81,9,19.1,12.1,64,1018.8,60,4.9,-9900,-9900,0.0,0.0
2017,12,27,13,60,913.90,1412.00,400.00,157.59,298.00,8,20.1,12.8,63,1017.7,70,3.2,-9900,-9900,0.0,0.0
2017,12,27,14,60,827.46,1412.00,391.67,212.09,267.38,8,20.1,12.5,62,1016.4,50,6.0,16,1,0.0,0.0
2017,12,27,15,60,668.52,1412.00,255.56,90.53,212.70,8,20.3,11.8,58,1016.6,60,5.9,-9900,-9900,0.0,0.0
2017,12,27,16,60,447.90,1412.00,158.33,64.09,138.00,8,20.0,12.2,61,1016.9,60,4.4,-9900,-9900,0.0,0.0
2017,12,27,17,60,180.64,1412.00,33.33,0.00,33.33,5,19.5,12.2,63,1017.3,60,4.1,20,-9900,0.0,0.0
2017,12,27,18,60,2.34,176.17,0.00,0.00,0.00,5,19.2,12.3,64,1017.6,50,4.1,-9900,-9900,0.0,0.0
2017,12,27,19,60,0.00,0.00,0.00,0.00,0.00,5,19.3,12.6,65,1018.0,50,3.7,-9900,-9900,0.0,0.0
2017,12,27,20,60,0.00,0.00,0.00,0.00,0.00,4,19.2,12.5,65,1018.6,50,3.4,-9900,-9900,0.0,0.0
2017,12,27,21,60,0.00,0.00,0.00,0.00,0.00,4,19.3,12.6,65,1018.8,60,3.4,-9900,-9900,0.0,0.0
2017,12,27,22,60,0.00,0.00,0.00,0.00,0.00,4,19.4,13.0,66,1018.9,100,3.4,-9900,-9900,0.0,0.0
2017,12,27,23,60,0.00,0.00,0.00,0.00,0.00,4,19.3,13.6,70,1018.6,60,2.5,-9900,-9900,0.0,0.0
2017,12,27,24,60,0.00,0.00,0.00,0.00,0.00,4,19.1,13.3,69,1018.3,60,2.9,-9900,-9900,0.0,0.0
2017,12,28,1,60,0.00,0.00,0.00,0.00,0.00,3,19.1,13.2,69,1018.3,50,3.2,-9900,-9900,0.0,0.0
2017,12,28,2,60,0.00,0.00,0.00,0.00,0.00,3,18.9,13.1,69,1017.9,50,4.0,-9900,-9900,0.0,0.0
2017,12,28,3,60,0.00,0.00,0.00,0.00,0.00,3,19.1,13.1,68,1017.4,60,3.1,-9900,-9900,0.0,0.0
2017,12,28,4,60,0.00,0.00,0.00,0.00,0.00,3,18.6,13.2,71,1017.2,50,4.2,-9900,-9900,0.0,0.0
2017,12,28,5,60,0.00,0.00,0.00,0.00,0.00,3,18.5,13.2,71,1017.0,50,3.9,-9900,-9900,0.0,0.0
2017,12,28,6,60,0.00,0.00,0.00,0.00,0.00,2,18.5,13.3,72,1016.7,50,2.7,-9900,-9900,0.0,0.0
2017,12,28,7,60,16.10,463.88,0.00,0.00,0.00,2,18.6,13.7,73,1017.4,40,2.6,-9900,-9900,0.0,0.0
2017,12,28,8,60,238.16,1412.05,75.00,0.00,75.00,2,19.6,14.0,70,1018.2,50,3.4,20,-9900,0.0,0.0
2017,12,28,9,60,497.48,1412.05,236.11,214.21,160.64,6,21.2,14.5,66,1018.2,50,4.9,20,-9900,0.0,0.0
2017,12,28,10,60,706.82,1412.05,302.78,144.82,230.29,9,22.2,14.8,63,1017.1,80,3.0,-9900,-9900,0.0,0.0
2017,12,28,11,60,851.90,1412.05,436.11,280.75,266.73,9,22.9,14.7,60,1016.1,70,4.9,25,-9900,0.0,0.0
2017,12,28,12,60,922.83,1412.05,527.78,405.64,262.68,9,23.2,14.6,58,1015.6,60,4.7,-9900,-9900,0.0,0.0
2017,12,28,13,60,914.79,1412.05,363.89,107.12,294.49,10,23.4,14.6,58,1014.6,100,3.4,-9900,-9900,0.0,0.0
2017,12,28,14,60,828.32,1412.05,236.11,22.74,222.77,9,22.8,14.3,59,1014.4,80,3.4,30,3,0.0,0.0
2017,12,28,15,60,669.31,1412.05,183.33,18.63,174.50,10,22.1,14.2,61,1014.4,90,3.1,-9900,-9900,0.0,0.0
2017,12,28,16,60,448.61,1412.05,150.00,49.58,134.25,9,22.2,14.2,60,1014.7,60,2.6,-9900,-9900,0.0,0.0
2017,12,28,17,60,181.24,1412.05,0.00,0.00,0.00,7,21.9,14.3,62,1015.4,50,2.9,30,1,0.0,0.0
2017,12,28,18,60,2.40,178.67,0.00,0.00,0.00,7,21.7,14.4,63,1015.6,70,2.8,-9900,-9900,0.0,0.0
2017,12,28,19,60,0.00,0.00,0.00,0.00,0.00,7,21.5,14.7,65,1016.1,70,2.6,-9900,-9900,0.0,0.0
2017,12,28,20,60,0.00,0.00,0.00,0.00,0.00,8,20.9,15.6,72,1016.7,40,2.6,-9900,-9900,0.0,0.0
2017,12,28,21,60,0.00,0.00,0.00,0.00,0.00,8,20.8,15.8,73,1016.8,50,2.7,-9900,-9900,0.0,0.0
2017,12,28,22,60,0.00,0.00,0.00,0.00,0.00,8,20.3,15.8,75,1017.2,50,3.6,-9900,-9900,0.0,0.0
2017,12,28,23,60,0.00,0.00,0.00,0.00,0.00,8,19.9,16.3,80,1017.3,50,2.0,-9900,-9900,0.0,0.0
2017,12,28,24,60,0.00,0.00,0.00,0.00,0.00,8,18.8,16.8,88,1017.2,80,2.0,-9900,-9900,0.3,0.4
2017,12,29,1,60,0.00,0.00,0.00,0.00,0.00,9,18.7,17.0,90,1016.9,90,1.9,-9900,-9900,0.0,0.1
2017,12,29,2,60,0.00,0.00,0.00,0.00,0.00,9,18.4,17.3,93,1016.9,360,0.9,-9900,-9900,0.0,0.0
2017,12,29,3,60,0.00,0.00,0.00,0.00,0.00,9,18.3,17.0,92,1016.9,100,0.8,-9900,-9900,0.0,0.0
2017,12,29,4,60,0.00,0.00,0.00,0.00,0.00,9,18.6,17.0,90,1017.0,140,1.3,-9900,-9900,0.0,0.0
2017,12,29,5,60,0.00,0.00,0.00,0.00,0.00,9,18.5,16.7,89,1017.5,170,0.3,-9900,-9900,0.0,0.0
2017,12,29,6,60,0.00,0.00,0.00,0.00,0.00,10,18.7,16.8,89,1018.4,190,0.5,-9900,-9900,0.0,0.0
2017,12,29,7,60,16.31,466.75,0.00,0.00,0.00,10,18.6,16.4,87,1019.3,250,0.6,-9900,-9900,0.0,0.0
2017,12,29,8,60,238.87,1412.08,0.00,0.00,0.00,10,18.9,16.7,87,1019.9,240,1.0,10,0,0.0,0.0
2017,12,29,9,60,498.30,1412.08,50.00,1.87,49.34,10,19.4,16.7,84,1020.3,230,1.8,10,0,0.0,0.0
2017,12,29,10,60,707.72,1412.08,133.33,5.39,130.63,10,20.1,17.1,83,1020.1,250,0.8,-9900,-9900,0.0,0.0
2017,12,29,11,60,852.86,1412.08,416.67,238.01,272.92,8,21.9,17.6,77,1019.1,250,1.4,15,1,0.0,0.0
2017,12,29,12,60,923.83,1412.08,519.44,384.20,268.08,8,22.8,16.4,67,1017.7,100,2.1,-9900,-9900,0.0,0.0
2017,12,29,13,60,915.79,1412.08,527.78,415.58,258.26,9,22.7,16.0,66,1016.8,30,2.3,-9900,-9900,0.0,0.0
2017,12,29,14,60,829.28,1412.08,236.11,22.61,222.83,8,21.4,16.5,74,1016.7,40,3.2,15,1,0.0,0.0
2017,12,29,15,60,670.20,1412.08,213.89,39.72,195.04,8,21.1,16.6,75,1016.5,50,6.2,-9900,-9900,0.0,0.0
2017,12,29,16,60,449.40,1412.08,69.44,3.83,68.22,9,19.9,16.5,81,1017.1,40,4.2,-9900,-9900,0.0,0.0
2017,12,29,17,60,181.93,1412.08,0.00,0.00,0.00,9,18.7,16.5,87,1017.8,50,5.4,10,3,0.1,0.9
2017,12,29,18,60,2.48,181.53,0.00,0.00,0.00,9,18.4,16.8,90,1018.2,50,4.0,-9900,-9900,0.4,1.0
2017,12,29,19,60,0.00,0.00,0.00,0.00,0.00,9,18.4,17.0,92,1018.2,60,4.3,-9900,-9900,1.7,1.0
2017,12,29,20,60,0.00,0.00,0.00,0.00,0.00,9,18.6,17.3,92,1018.3,50,3.8,-9900,-9900,1.3,1.0
2017,12,29,21,60,0.00,0.00,0.00,0.00,0.00,9,18.8,17.2,90,1018.2,50,3.7,-9900,-9900,0.2,1.0
2017,12,29,22,60,0.00,0.00,0.00,0.00,0.00,9,18.5,16.8,90,1018.4,40,3.6,-9900,-9900,0.5,0.8
2017,12,29,23,60,0.00,0.00,0.00,0.00,0.00,9,18.8,16.7,88,1018.4,40,4.6,-9900,-9900,0.0,0.0
2017,12,29,24,60,0.00,0.00,0.00,0.00,0.00,9,18.9,16.6,87,1018.5,50,4.6,-9900,-9900,0.0,0.0
2017,12,30,1,60,0.00,0.00,0.00,0.00,0.00,10,18.5,16.4,88,1018.7,50,3.7,-9900,-9900,0.0,0.0
2017,12,30,2,60,0.00,0.00,0.00,0.00,0.00,10,17.9,16.0,89,1018.8,50,3.4,-9900,-9900,0.2,0.3
2017,12,30,3,60,0.00,0.00,0.00,0.00,0.00,10,17.8,15.9,89,1018.5,40,2.9,-9900,-9900,0.2,1.0
2017,12,30,4,60,0.00,0.00,0.00,0.00,0.00,10,17.7,16.2,91,1018.6,50,2.2,-9900,-9900,0.2,1.0
2017,12,30,5,60,0.00,0.00,0.00,0.00,0.00,10,17.7,16.5,93,1018.9,70,1.2,-9900,-9900,0.2,1.0
2017,12,30,6,60,0.00,0.00,0.00,0.00,0.00,10,17.7,16.4,92,1019.4,50,2.2,-9900,-9900,0.0,1.0
2017,12,30,7,60,16.54,469.97,0.00,0.00,0.00,10,17.4,16.5,94,1019.6,70,2.0,-9900,-9900,1.0,1.0
2017,12,30,8,60,239.67,1412.10,0.00,0.00,0.00,10,17.5,16.2,92,1020.0,60,3.2,4,1,0.0,1.0
2017,12,30,9,60,499.23,1412.10,11.11,0.23,11.03,10,17.7,16.4,92,1020.0,50,3.5,5,1,0.0,1.0
2017,12,30,10,60,708.75,1412.10,69.44,1.79,68.54,10,18.0,16.3,90,1019.7,50,3.9,-9900,-9900,0.0,1.0
2017,12,30,11,60,853.95,1412.10,166.67,5.74,163.20,10,18.2,16.4,89,1019.3,50,3.0,10,1,0.0,0.5
2017,12,30,12,60,924.95,1412.10,219.44,9.51,213.21,9,18.8,16.3,85,1017.9,60,4.3,-9900,-9900,0.0,0.0
2017,12,30,13,60,916.90,1412.10,597.22,597.69,209.13,3,20.2,16.1,77,1016.4,60,4.2,-9900,-9900,0.0,0.0
2017,12,30,14,60,830.35,1412.10,536.11,583.17,193.19,7,20.8,16.3,75,1015.7,50,4.7,15,-9900,0.0,0.0
2017,12,30,15,60,671.20,1412.10,277.78,126.13,217.83,9,19.3,15.5,79,1015.8,50,5.1,-9900,-9900,0.0,0.0
2017,12,30,16,60,450.30,1412.10,125.00,19.91,118.65,10,18.6,15.1,80,1016.8,60,4.4,-9900,-9900,0.0,0.0
2017,12,30,17,60,182.70,1412.10,0.00,0.00,0.00,10,18.2,15.0,82,1017.6,50,2.9,13,1,0.0,0.9
2017,12,30,18,60,2.57,184.75,0.00,0.00,0.00,10,18.1,14.9,82,1017.7,60,3.0,-9900,-9900,0.0,0.1
2017,12,30,19,60,0.00,0.00,0.00,0.00,0.00,10,17.9,15.0,83,1018.2,80,2.1,-9900,-9900,0.0,0.0
2017,12,30,20,60,0.00,0.00,0.00,0.00,0.00,10,18.3,14.8,80,1018.6,70,1.7,-9900,-9900,0.0,0.0
2017,12,30,21,60,0.00,0.00,0.00,0.00,0.00,10,17.8,15.4,86,1018.8,90,2.2,-9900,-9900,0.0,0.0
2017,12,30,22,60,0.00,0.00,0.00,0.00,0.00,10,17.7,16.1,90,1018.8,80,2.3,-9900,-9900,0.0,0.0
2017,12,30,23,60,0.00,0.00,0.00,0.00,0.00,10,17.8,16.1,90,1018.9,70,2.0,-9900,-9900,0.0,0.0
2017,12,30,24,60,0.00,0.00,0.00,0.00,0.00,10,17.7,15.3,86,1018.4,70,1.9,-9900,-9900,0.0,0.0
2017,12,31,1,60,0.00,0.00,0.00,0.00,0.00,10,17.7,15.2,85,1018.5,80,2.3,-9900,-9900,0.0,0.0
2017,12,31,2,60,0.00,0.00,0.00,0.00,0.00,10,17.0,15.1,89,1018.3,60,1.6,-9900,-9900,0.1,0.2
2017,12,31,3,60,0.00,0.00,0.00,0.00,0.00,10,16.9,15.2,90,1018.4,70,2.0,-9900,-9900,0.1,1.0
2017,12,31,4,60,0.00,0.00,0.00,0.00,0.00,10,16.5,15.2,92,1018.3,100,1.6,-9900,-9900,0.2,1.0
2017,12,31,5,60,0.00,0.00,0.00,0.00,0.00,10,16.4,15.2,93,1018.3,130,1.1,-9900,-9900,0.7,1.0
2017,12,31,6,60,0.00,0.00,0.00,0.00,0.00,10,16.4,15.5,94,1018.8,70,1.1,-9900,-9900,0.2,1.0
2017,12,31,7,60,16.81,473.55,0.00,0.00,0.00,10,16.7,14.8,89,1019.3,40,3.0,-9900,-9900,0.0,1.0
2017,12,31,8,60,240.55,1412.11,0.00,0.00,0.00,10,16.4,13.9,85,1020.3,50,2.8,13,1,0.0,1.0
2017,12,31,9,60,500.24,1412.11,8.05,0.14,8.00,10,16.3,13.9,86,1021.1,50,2.9,8,1,0.0,0.8
2017,12,31,10,60,709.87,1412.11,15.33,0.20,15.23,10,16.0,13.4,85,1021.3,60,2.3,-9900,-9900,0.0,0.0
2017,12,31,11,60,855.15,1412.11,21.35,0.25,21.20,10,15.9,12.4,80,1021.2,50,2.5,5,1,0.0,0.0
2017,12,31,12,60,926.18,1412.11,24.53,0.27,24.35,10,15.7,11.9,78,1020.4,50,3.2,-9900,-9900,0.0,0.0
2017,12,31,13,60,918.13,1412.11,24.16,0.26,23.99,10,15.4,11.7,79,1019.8,60,2.3,-9900,-9900,0.0,0.0
2017,12,31,14,60,831.54,1412.11,20.32,0.24,20.18,10,15.3,11.8,80,1019.4,50,3.3,5,1,0.0,0.0
2017,12,31,15,60,672.31,1412.11,13.89,0.19,13.80,10,15.3,11.9,80,1019.1,60,3.0,-9900,-9900,0.0,0.0
2017,12,31,16,60,451.30,1412.11,6.64,0.13,6.60,10,15.0,11.8,81,1019.3,50,3.9,-9900,-9900,0.0,0.0
2017,12,31,17,60,183.55,1412.11,0.00,0.00,0.00,10,15.2,10.9,75,1019.4,40,3.3,5,1,0.0,0.0
2017,12,31,18,60,2.68,188.33,0.00,0.00,0.00,10,15.6,10.5,72,1019.9,60,2.6,-9900,-9900,0.0,0.0
2017,12,31,19,60,0.00,0.00,0.00,0.00,0.00,10,15.7,10.4,71,1020.1,50,3.4,-9900,-9900,0.0,0.0
2017,12,31,20,60,0.00,0.00,0.00,0.00,0.00,10,15.5,10.3,71,1020.4,80,2.4,-9900,-9900,0.0,0.0
2017,12,31,21,60,0.00,0.00,0.00,0.00,0.00,10,15.7,10.4,71,1020.3,70,3.4,-9900,-9900,0.0,0.0
2017,12,31,22,60,0.00,0.00,0.00,0.00,0.00,10,15.7,10.6,72,1020.2,70,3.8,-9900,-9900,0.0,0.0
2017,12,31,23,60,0.00,0.00,0.00,0.00,0.00,10,15.6,11.0,74,1020.0,50,2.6,-9900,-9900,0.0,0.0
2017,12,31,24,60,0.00,0.00,0.00,0.00,0.00,10,15.5,11.1,75,1019.6,70,3.3,-9900,-9900,0.0,0.0
