日期時間,NCU_campus_total_kW
2024-01-01 00:00:00,4012.45
2024-01-01 01:00:00,3956.91
2024-01-01 02:00:00,3912.25
2024-01-01 03:00:00,3886.02
2024-01-01 04:00:00,3881.34
2024-01-01 05:00:00,3887.22
2024-01-01 06:00:00,3912.48
2024-01-01 07:00:00,3954.22
2024-01-01 08:00:00,4007.37
2024-01-01 09:00:00,4070.15
2024-01-01 10:00:00,4133.91
2024-01-01 11:00:00,4198.85
2024-01-01 12:00:00,4264.9
2024-01-01 13:00:00,4328.6
2024-01-01 14:00:00,4371.67
2024-01-01 15:00:00,4404.69
2024-01-01 16:00:00,4421.47
2024-01-01 17:00:00,4407.96
2024-01-01 18:00:00,4379.09
2024-01-01 19:00:00,4332.91
2024-01-01 20:00:00,4274.75
2024-01-01 21:00:00,4206.0
2024-01-01 22:00:00,4145.85
2024-01-01 23:00:00,4078.64
2024-01-02 00:00:00,4164.11
2024-01-02 01:00:00,4117.98
2024-01-02 02:00:00,4082.53
2024-01-02 03:00:00,4058.71
2024-01-02 04:00:00,4040.29
2024-01-02 05:00:00,4046.27
2024-01-02 06:00:00,4075.28
2024-01-02 07:00:00,4117.6
2024-01-02 08:00:00,4176.37
2024-01-02 09:00:00,4241.55
2024-01-02 10:00:00,4309.99
2024-01-02 11:00:00,4380.48
2024-01-02 12:00:00,4446.77
2024-01-02 13:00:00,4505.28
2024-01-02 14:00:00,4546.62
2024-01-02 15:00:00,4572.29
2024-01-02 16:00:00,4579.55
2024-01-02 17:00:00,4568.92
2024-01-02 18:00:00,4534.37
2024-01-02 19:00:00,4486.3
2024-01-02 20:00:00,4424.15
2024-01-02 21:00:00,4354.37
2024-01-02 22:00:00,4274.66
2024-01-02 23:00:00,4205.6
2024-01-03 00:00:00,4217.32
2024-01-03 01:00:00,4167.55
2024-01-03 02:00:00,4134.79
2024-01-03 03:00:00,4111.87
2024-01-03 04:00:00,4100.58
2024-01-03 05:00:00,4109.43
2024-01-03 06:00:00,4131.59
2024-01-03 07:00:00,4167.74
2024-01-03 08:00:00,4215.91
2024-01-03 09:00:00,4324.78
2024-01-03 10:00:00,4384.35
2024-01-03 11:00:00,4542.47
2024-01-03 12:00:00,4690.31
2024-01-03 13:00:00,4713.9
2024-01-03 14:00:00,4795.83
2024-01-03 15:00:00,4846.86
2024-01-03 16:00:00,4854.5
2024-01-03 17:00:00,4830.64
2024-01-03 18:00:00,4649.21
2024-01-03 19:00:00,4553.68
2024-01-03 20:00:00,4481.93
2024-01-03 21:00:00,4417.04
2024-01-03 22:00:00,4356.84
2024-01-03 23:00:00,4290.08
2024-01-04 00:00:00,4169.99
2024-01-04 01:00:00,4136.5
2024-01-04 02:00:00,4097.35
2024-01-04 03:00:00,4081.38
2024-01-04 04:00:00,4067.55
2024-01-04 05:00:00,4069.28
2024-01-04 06:00:00,4094.67
2024-01-04 07:00:00,4147.84
2024-01-04 08:00:00,4192.38
2024-01-04 09:00:00,4313.52
2024-01-04 10:00:00,4327.88
2024-01-04 11:00:00,4485.88
2024-01-04 12:00:00,4660.31
2024-01-04 13:00:00,4710.11
2024-01-04 14:00:00,4770.05
2024-01-04 15:00:00,4811.3
2024-01-04 16:00:00,4831.43
2024-01-04 17:00:00,4796.86
2024-01-04 18:00:00,4589.02
2024-01-04 19:00:00,4503.29
2024-01-04 20:00:00,4423.68
2024-01-04 21:00:00,4350.02
2024-01-04 22:00:00,4284.75
2024-01-04 23:00:00,4219.12
2024-01-05 00:00:00,4011.62
2024-01-05 01:00:00,4004.14
2024-01-05 02:00:00,3973.34
2024-01-05 03:00:00,3960.32
2024-01-05 04:00:00,3951.52
2024-01-05 05:00:00,3957.13
2024-01-05 06:00:00,3980.53
2024-01-05 07:00:00,4023.41
2024-01-05 08:00:00,4057.4
2024-01-05 09:00:00,4211.56
2024-01-05 10:00:00,3912.6
2024-01-05 11:00:00,4090.5
2024-01-05 12:00:00,4254.33
2024-01-05 13:00:00,4388.49
2024-01-05 14:00:00,4401.2
2024-01-05 15:00:00,4447.06
2024-01-05 16:00:00,4446.25
2024-01-05 17:00:00,4411.55
2024-01-05 18:00:00,4327.5
2024-01-05 19:00:00,4324.98
2024-01-05 20:00:00,4255.93
2024-01-05 21:00:00,4190.46
2024-01-05 22:00:00,4141.43
2024-01-05 23:00:00,4075.12
2024-01-06 00:00:00,3886.41
2024-01-06 01:00:00,3895.11
2024-01-06 02:00:00,3860.94
2024-01-06 03:00:00,3863.11
2024-01-06 04:00:00,3851.38
2024-01-06 05:00:00,3865.83
2024-01-06 06:00:00,3887.85
2024-01-06 07:00:00,3923.01
2024-01-06 08:00:00,3960.28
2024-01-06 09:00:00,4120.8
2024-01-06 10:00:00,3490.92
2024-01-06 11:00:00,3674.09
2024-01-06 12:00:00,3841.49
2024-01-06 13:00:00,4076.43
2024-01-06 14:00:00,4086.36
2024-01-06 15:00:00,4142.88
2024-01-06 16:00:00,4178.33
2024-01-06 17:00:00,4153.5
2024-01-06 18:00:00,4180.11
2024-01-06 19:00:00,4217.6
2024-01-06 20:00:00,4162.53
2024-01-06 21:00:00,4097.14
2024-01-06 22:00:00,4054.35
2024-01-06 23:00:00,3981.98
2024-01-07 00:00:00,3899.86
2024-01-07 01:00:00,3888.47
2024-01-07 02:00:00,3847.56
2024-01-07 03:00:00,3821.16
2024-01-07 04:00:00,3841.95
2024-01-07 05:00:00,3845.97
2024-01-07 06:00:00,3868.03
2024-01-07 07:00:00,3910.89
2024-01-07 08:00:00,3948.27
2024-01-07 09:00:00,4093.95
2024-01-07 10:00:00,3435.62
2024-01-07 11:00:00,3590.34
2024-01-07 12:00:00,3748.85
2024-01-07 13:00:00,3992.03
2024-01-07 14:00:00,4026.94
2024-01-07 15:00:00,4095.38
2024-01-07 16:00:00,4126.35
2024-01-07 17:00:00,4107.8
2024-01-07 18:00:00,4169.93
2024-01-07 19:00:00,4208.95
2024-01-07 20:00:00,4159.48
2024-01-07 21:00:00,4093.93
2024-01-07 22:00:00,4036.3
2024-01-07 23:00:00,3964.04
2024-01-08 00:00:00,4015.54
2024-01-08 01:00:00,3960.93
2024-01-08 02:00:00,3919.75
2024-01-08 03:00:00,3891.52
2024-01-08 04:00:00,3880.16
2024-01-08 05:00:00,3886.67
2024-01-08 06:00:00,3912.18
2024-01-08 07:00:00,3950.74
2024-01-08 08:00:00,4004.36
2024-01-08 09:00:00,4072.65
2024-01-08 10:00:00,4132.69
2024-01-08 11:00:00,4207.11
2024-01-08 12:00:00,4269.26
2024-01-08 13:00:00,4330.64
2024-01-08 14:00:00,4374.23
2024-01-08 15:00:00,4400.73
2024-01-08 16:00:00,4417.04
2024-01-08 17:00:00,4398.48
2024-01-08 18:00:00,4365.35
2024-01-08 19:00:00,4322.61
2024-01-08 20:00:00,4266.16
2024-01-08 21:00:00,4200.04
2024-01-08 22:00:00,4124.78
2024-01-08 23:00:00,4056.23
2024-01-09 00:00:00,4139.73
2024-01-09 01:00:00,4091.36
2024-01-09 02:00:00,4050.0
2024-01-09 03:00:00,4025.69
2024-01-09 04:00:00,4013.25
2024-01-09 05:00:00,4022.19
2024-01-09 06:00:00,4050.51
2024-01-09 07:00:00,4089.76
2024-01-09 08:00:00,4144.19
2024-01-09 09:00:00,4211.27
2024-01-09 10:00:00,4277.85
2024-01-09 11:00:00,4351.22
2024-01-09 12:00:00,4414.32
2024-01-09 13:00:00,4471.44
2024-01-09 14:00:00,4514.15
2024-01-09 15:00:00,4540.88
2024-01-09 16:00:00,4558.13
2024-01-09 17:00:00,4547.16
2024-01-09 18:00:00,4512.83
2024-01-09 19:00:00,4467.96
2024-01-09 20:00:00,4409.95
2024-01-09 21:00:00,4342.58
2024-01-09 22:00:00,4280.55
2024-01-09 23:00:00,4211.75
2024-01-10 00:00:00,4219.18
2024-01-10 01:00:00,4174.51
2024-01-10 02:00:00,4140.36
2024-01-10 03:00:00,4118.13
2024-01-10 04:00:00,4111.07
2024-01-10 05:00:00,4116.47
2024-01-10 06:00:00,4142.98
2024-01-10 07:00:00,4181.5
2024-01-10 08:00:00,4223.64
2024-01-10 09:00:00,4328.51
2024-01-10 10:00:00,4390.54
2024-01-10 11:00:00,4530.85
2024-01-10 12:00:00,4650.55
2024-01-10 13:00:00,4724.34
2024-01-10 14:00:00,4802.87
2024-01-10 15:00:00,4841.31
2024-01-10 16:00:00,4794.51
2024-01-10 17:00:00,4785.52
2024-01-10 18:00:00,4620.61
2024-01-10 19:00:00,4534.01
2024-01-10 20:00:00,4459.14
2024-01-10 21:00:00,4395.12
2024-01-10 22:00:00,4333.37
2024-01-10 23:00:00,4268.58
2024-01-11 00:00:00,4157.51
2024-01-11 01:00:00,4125.11
2024-01-11 02:00:00,4090.87
2024-01-11 03:00:00,4068.79
2024-01-11 04:00:00,4064.4
2024-01-11 05:00:00,4072.95
2024-01-11 06:00:00,4100.17
2024-01-11 07:00:00,4137.73
2024-01-11 08:00:00,4186.87
2024-01-11 09:00:00,4310.3
2024-01-11 10:00:00,4329.36
2024-01-11 11:00:00,4471.18
2024-01-11 12:00:00,4576.72
2024-01-11 13:00:00,4660.72
2024-01-11 14:00:00,4712.37
2024-01-11 15:00:00,4772.41
2024-01-11 16:00:00,4761.12
2024-01-11 17:00:00,4723.72
2024-01-11 18:00:00,4549.42
2024-01-11 19:00:00,4478.25
2024-01-11 20:00:00,4401.53
2024-01-11 21:00:00,4325.17
2024-01-11 22:00:00,4247.51
2024-01-11 23:00:00,4195.64
2024-01-12 00:00:00,4000.15
2024-01-12 01:00:00,3995.44
2024-01-12 02:00:00,3971.62
2024-01-12 03:00:00,3940.24
2024-01-12 04:00:00,3907.22
2024-01-12 05:00:00,3924.58
2024-01-12 06:00:00,3953.32
2024-01-12 07:00:00,4010.57
2024-01-12 08:00:00,4073.73
2024-01-12 09:00:00,4215.92
2024-01-12 10:00:00,3952.74
2024-01-12 11:00:00,4110.34
2024-01-12 12:00:00,4269.62
2024-01-12 13:00:00,4405.97
2024-01-12 14:00:00,4431.36
2024-01-12 15:00:00,4480.22
2024-01-12 16:00:00,4484.51
2024-01-12 17:00:00,4449.71
2024-01-12 18:00:00,4357.12
2024-01-12 19:00:00,4344.74
2024-01-12 20:00:00,4277.4
2024-01-12 21:00:00,4211.09
2024-01-12 22:00:00,4126.52
2024-01-12 23:00:00,4065.09
2024-01-13 00:00:00,3886.66
2024-01-13 01:00:00,3892.36
2024-01-13 02:00:00,3890.02
2024-01-13 03:00:00,3838.86
2024-01-13 04:00:00,3807.72
2024-01-13 05:00:00,3815.63
2024-01-13 06:00:00,3838.87
2024-01-13 07:00:00,3895.78
2024-01-13 08:00:00,3974.13
2024-01-13 09:00:00,4137.65
2024-01-13 10:00:00,3640.45
2024-01-13 11:00:00,3783.69
2024-01-13 12:00:00,3913.43
2024-01-13 13:00:00,4112.88
2024-01-13 14:00:00,4150.21
2024-01-13 15:00:00,4204.46
2024-01-13 16:00:00,4238.26
2024-01-13 17:00:00,4213.59
2024-01-13 18:00:00,4219.44
2024-01-13 19:00:00,4242.46
2024-01-13 20:00:00,4186.81
2024-01-13 21:00:00,4117.7
2024-01-13 22:00:00,4053.97
2024-01-13 23:00:00,3986.21
2024-01-14 00:00:00,3913.26
2024-01-14 01:00:00,3961.39
2024-01-14 02:00:00,3958.72
2024-01-14 03:00:00,3918.48
2024-01-14 04:00:00,3914.06
2024-01-14 05:00:00,3925.75
2024-01-14 06:00:00,3945.94
2024-01-14 07:00:00,3991.48
2024-01-14 08:00:00,4057.47
2024-01-14 09:00:00,4180.21
2024-01-14 10:00:00,3575.43
2024-01-14 11:00:00,3745.63
2024-01-14 12:00:00,3866.01
2024-01-14 13:00:00,4047.58
2024-01-14 14:00:00,4093.38
2024-01-14 15:00:00,4156.29
2024-01-14 16:00:00,4162.49
2024-01-14 17:00:00,4128.13
2024-01-14 18:00:00,4169.13
2024-01-14 19:00:00,4210.8
2024-01-14 20:00:00,4158.39
2024-01-14 21:00:00,4089.91
2024-01-14 22:00:00,4014.0
2024-01-14 23:00:00,3946.68
2024-01-15 00:00:00,4001.11
2024-01-15 01:00:00,3950.26
2024-01-15 02:00:00,3911.28
2024-01-15 03:00:00,3883.49
2024-01-15 04:00:00,3869.59
2024-01-15 05:00:00,3875.58
2024-01-15 06:00:00,3900.92
2024-01-15 07:00:00,3945.09
2024-01-15 08:00:00,3999.45
2024-01-15 09:00:00,4066.36
2024-01-15 10:00:00,4112.94
2024-01-15 11:00:00,4188.4
2024-01-15 12:00:00,4257.43
2024-01-15 13:00:00,4319.76
2024-01-15 14:00:00,4364.01
2024-01-15 15:00:00,4391.12
2024-01-15 16:00:00,4409.51
2024-01-15 17:00:00,4397.04
2024-01-15 18:00:00,4368.47
2024-01-15 19:00:00,4324.95
2024-01-15 20:00:00,4268.65
2024-01-15 21:00:00,4203.12
2024-01-15 22:00:00,4132.86
2024-01-15 23:00:00,4065.21
2024-01-16 00:00:00,4151.72
2024-01-16 01:00:00,4102.04
2024-01-16 02:00:00,4059.64
2024-01-16 03:00:00,4034.9
2024-01-16 04:00:00,4018.78
2024-01-16 05:00:00,4027.9
2024-01-16 06:00:00,4056.49
2024-01-16 07:00:00,4096.18
2024-01-16 08:00:00,4150.31
2024-01-16 09:00:00,4216.03
2024-01-16 10:00:00,4283.81
2024-01-16 11:00:00,4356.17
2024-01-16 12:00:00,4420.9
2024-01-16 13:00:00,4479.06
2024-01-16 14:00:00,4530.86
2024-01-16 15:00:00,4562.1
2024-01-16 16:00:00,4569.77
2024-01-16 17:00:00,4563.08
2024-01-16 18:00:00,4533.94
2024-01-16 19:00:00,4491.01
2024-01-16 20:00:00,4435.3
2024-01-16 21:00:00,4368.22
2024-01-16 22:00:00,4307.21
2024-01-16 23:00:00,4239.5
2024-01-17 00:00:00,4247.84
2024-01-17 01:00:00,4203.68
2024-01-17 02:00:00,4176.1
2024-01-17 03:00:00,4166.49
2024-01-17 04:00:00,4156.77
2024-01-17 05:00:00,4161.33
2024-01-17 06:00:00,4189.08
2024-01-17 07:00:00,4223.07
2024-01-17 08:00:00,4264.56
2024-01-17 09:00:00,4358.67
2024-01-17 10:00:00,4492.8
2024-01-17 11:00:00,4667.83
2024-01-17 12:00:00,4817.43
2024-01-17 13:00:00,4817.46
2024-01-17 14:00:00,4941.41
2024-01-17 15:00:00,4991.97
2024-01-17 16:00:00,5017.12
2024-01-17 17:00:00,4972.69
2024-01-17 18:00:00,4701.04
2024-01-17 19:00:00,4583.18
2024-01-17 20:00:00,4505.19
2024-01-17 21:00:00,4432.13
2024-01-17 22:00:00,4352.38
2024-01-17 23:00:00,4287.75
2024-01-18 00:00:00,4161.62
2024-01-18 01:00:00,4135.96
2024-01-18 02:00:00,4112.4
2024-01-18 03:00:00,4107.27
2024-01-18 04:00:00,4100.74
2024-01-18 05:00:00,4105.46
2024-01-18 06:00:00,4131.56
2024-01-18 07:00:00,4168.08
2024-01-18 08:00:00,4208.24
2024-01-18 09:00:00,4325.64
2024-01-18 10:00:00,4383.16
2024-01-18 11:00:00,4572.68
2024-01-18 12:00:00,4725.42
2024-01-18 13:00:00,4762.42
2024-01-18 14:00:00,4840.67
2024-01-18 15:00:00,4876.82
2024-01-18 16:00:00,4866.05
2024-01-18 17:00:00,4836.42
2024-01-18 18:00:00,4603.28
2024-01-18 19:00:00,4521.83
2024-01-18 20:00:00,4445.0
2024-01-18 21:00:00,4375.35
2024-01-18 22:00:00,4296.9
2024-01-18 23:00:00,4230.8
2024-01-19 00:00:00,4020.62
2024-01-19 01:00:00,4001.52
2024-01-19 02:00:00,3972.09
2024-01-19 03:00:00,3952.06
2024-01-19 04:00:00,3940.04
2024-01-19 05:00:00,3938.63
2024-01-19 06:00:00,3963.63
2024-01-19 07:00:00,3999.96
2024-01-19 08:00:00,4047.06
2024-01-19 09:00:00,4214.83
2024-01-19 10:00:00,3920.7
2024-01-19 11:00:00,4105.62
2024-01-19 12:00:00,4282.38
2024-01-19 13:00:00,4429.54
2024-01-19 14:00:00,4471.28
2024-01-19 15:00:00,4533.28
2024-01-19 16:00:00,4554.27
2024-01-19 17:00:00,4520.49
2024-01-19 18:00:00,4400.18
2024-01-19 19:00:00,4378.92
2024-01-19 20:00:00,4309.16
2024-01-19 21:00:00,4237.91
2024-01-19 22:00:00,4167.79
2024-01-19 23:00:00,4097.08
2024-01-20 00:00:00,3903.89
2024-01-20 01:00:00,3892.98
2024-01-20 02:00:00,3855.41
2024-01-20 03:00:00,3833.07
2024-01-20 04:00:00,3825.36
2024-01-20 05:00:00,3829.9
2024-01-20 06:00:00,3851.9
2024-01-20 07:00:00,3879.25
2024-01-20 08:00:00,3926.2
2024-01-20 09:00:00,4114.14
2024-01-20 10:00:00,3471.89
2024-01-20 11:00:00,3646.58
2024-01-20 12:00:00,3829.28
2024-01-20 13:00:00,4069.2
2024-01-20 14:00:00,4075.22
2024-01-20 15:00:00,4130.06
2024-01-20 16:00:00,4179.85
2024-01-20 17:00:00,4150.17
2024-01-20 18:00:00,4167.77
2024-01-20 19:00:00,4212.58
2024-01-20 20:00:00,4156.75
2024-01-20 21:00:00,4090.4
2024-01-20 22:00:00,4028.36
2024-01-20 23:00:00,3957.61
2024-01-21 00:00:00,3891.94
2024-01-21 01:00:00,3881.41
2024-01-21 02:00:00,3844.81
2024-01-21 03:00:00,3820.71
2024-01-21 04:00:00,3805.94
2024-01-21 05:00:00,3814.45
2024-01-21 06:00:00,3837.86
2024-01-21 07:00:00,3873.38
2024-01-21 08:00:00,3924.54
2024-01-21 09:00:00,4092.54
2024-01-21 10:00:00,3412.86
2024-01-21 11:00:00,3572.56
2024-01-21 12:00:00,3732.29
2024-01-21 13:00:00,3979.74
2024-01-21 14:00:00,4006.01
2024-01-21 15:00:00,4064.78
2024-01-21 16:00:00,4086.98
2024-01-21 17:00:00,4056.06
2024-01-21 18:00:00,4119.97
2024-01-21 19:00:00,4176.33
2024-01-21 20:00:00,4139.82
2024-01-21 21:00:00,4078.9
2024-01-21 22:00:00,3996.13
2024-01-21 23:00:00,3924.6
2024-01-22 00:00:00,3970.69
2024-01-22 01:00:00,3919.89
2024-01-22 02:00:00,3880.83
2024-01-22 03:00:00,3861.19
2024-01-22 04:00:00,3847.58
2024-01-22 05:00:00,3864.8
2024-01-22 06:00:00,3880.35
2024-01-22 07:00:00,3912.54
2024-01-22 08:00:00,3970.17
2024-01-22 09:00:00,4028.66
2024-01-22 10:00:00,4107.4
2024-01-22 11:00:00,4181.84
2024-01-22 12:00:00,4235.88
2024-01-22 13:00:00,4280.01
2024-01-22 14:00:00,4297.79
2024-01-22 15:00:00,4313.7
2024-01-22 16:00:00,4329.05
2024-01-22 17:00:00,4315.59
2024-01-22 18:00:00,4293.46
2024-01-22 19:00:00,4248.89
2024-01-22 20:00:00,4195.67
2024-01-22 21:00:00,4115.02
2024-01-22 22:00:00,4056.11
2024-01-22 23:00:00,3994.36
2024-01-23 00:00:00,4112.22
2024-01-23 01:00:00,4066.43
2024-01-23 02:00:00,4033.89
2024-01-23 03:00:00,4010.52
2024-01-23 04:00:00,4005.95
2024-01-23 05:00:00,4021.12
2024-01-23 06:00:00,4043.57
2024-01-23 07:00:00,4095.98
2024-01-23 08:00:00,4145.69
2024-01-23 09:00:00,4201.48
2024-01-23 10:00:00,4255.41
2024-01-23 11:00:00,4322.44
2024-01-23 12:00:00,4372.15
2024-01-23 13:00:00,4412.5
2024-01-23 14:00:00,4443.1
2024-01-23 15:00:00,4463.46
2024-01-23 16:00:00,4473.92
2024-01-23 17:00:00,4462.78
2024-01-23 18:00:00,4441.63
2024-01-23 19:00:00,4404.46
2024-01-23 20:00:00,4357.46
2024-01-23 21:00:00,4290.99
2024-01-23 22:00:00,4254.65
2024-01-23 23:00:00,4194.68
2024-01-24 00:00:00,4208.13
2024-01-24 01:00:00,4164.49
2024-01-24 02:00:00,4128.58
2024-01-24 03:00:00,4099.88
2024-01-24 04:00:00,4101.67
2024-01-24 05:00:00,4107.25
2024-01-24 06:00:00,4128.12
2024-01-24 07:00:00,4176.0
2024-01-24 08:00:00,4222.31
2024-01-24 09:00:00,4319.63
2024-01-24 10:00:00,4369.58
2024-01-24 11:00:00,4481.78
2024-01-24 12:00:00,4584.28
2024-01-24 13:00:00,4587.94
2024-01-24 14:00:00,4644.86
2024-01-24 15:00:00,4691.11
2024-01-24 16:00:00,4727.72
2024-01-24 17:00:00,4707.17
2024-01-24 18:00:00,4565.33
2024-01-24 19:00:00,4498.64
2024-01-24 20:00:00,4437.68
2024-01-24 21:00:00,4378.41
2024-01-24 22:00:00,4323.51
2024-01-24 23:00:00,4259.57
2024-01-25 00:00:00,4143.86
2024-01-25 01:00:00,4099.43
2024-01-25 02:00:00,4071.36
2024-01-25 03:00:00,4051.76
2024-01-25 04:00:00,4041.63
2024-01-25 05:00:00,4050.6
2024-01-25 06:00:00,4074.23
2024-01-25 07:00:00,4106.94
2024-01-25 08:00:00,4151.6
2024-01-25 09:00:00,4279.79
2024-01-25 10:00:00,4249.74
2024-01-25 11:00:00,4400.01
2024-01-25 12:00:00,4534.05
2024-01-25 13:00:00,4585.59
2024-01-25 14:00:00,4631.09
2024-01-25 15:00:00,4647.98
2024-01-25 16:00:00,4650.32
2024-01-25 17:00:00,4622.94
2024-01-25 18:00:00,4488.96
2024-01-25 19:00:00,4445.35
2024-01-25 20:00:00,4379.24
2024-01-25 21:00:00,4312.0
2024-01-25 22:00:00,4255.32
2024-01-25 23:00:00,4193.86
2024-01-26 00:00:00,3977.16
2024-01-26 01:00:00,3973.53
2024-01-26 02:00:00,3951.99
2024-01-26 03:00:00,3930.31
2024-01-26 04:00:00,3925.78
2024-01-26 05:00:00,3936.33
2024-01-26 06:00:00,3956.23
2024-01-26 07:00:00,3992.05
2024-01-26 08:00:00,4035.44
2024-01-26 09:00:00,4183.13
2024-01-26 10:00:00,3900.69
2024-01-26 11:00:00,4051.29
2024-01-26 12:00:00,4188.28
2024-01-26 13:00:00,4339.95
2024-01-26 14:00:00,4350.53
2024-01-26 15:00:00,4401.85
2024-01-26 16:00:00,4408.48
2024-01-26 17:00:00,4383.71
2024-01-26 18:00:00,4313.61
2024-01-26 19:00:00,4317.08
2024-01-26 20:00:00,4253.73
2024-01-26 21:00:00,4192.59
2024-01-26 22:00:00,4124.65
2024-01-26 23:00:00,4058.51
2024-01-27 00:00:00,3873.4
2024-01-27 01:00:00,3878.25
2024-01-27 02:00:00,3845.49
2024-01-27 03:00:00,3827.4
2024-01-27 04:00:00,3820.11
2024-01-27 05:00:00,3827.78
2024-01-27 06:00:00,3849.29
2024-01-27 07:00:00,3897.56
2024-01-27 08:00:00,3934.1
2024-01-27 09:00:00,4087.09
2024-01-27 10:00:00,3500.32
2024-01-27 11:00:00,3639.38
2024-01-27 12:00:00,3786.86
2024-01-27 13:00:00,4023.62
2024-01-27 14:00:00,4009.0
2024-01-27 15:00:00,4056.4
2024-01-27 16:00:00,4078.65
2024-01-27 17:00:00,4054.46
2024-01-27 18:00:00,4092.5
2024-01-27 19:00:00,4158.04
2024-01-27 20:00:00,4103.95
2024-01-27 21:00:00,4030.76
2024-01-27 22:00:00,3945.87
2024-01-27 23:00:00,3875.86
2024-01-28 00:00:00,3835.03
2024-01-28 01:00:00,3850.6
2024-01-28 02:00:00,3826.25
2024-01-28 03:00:00,3811.31
2024-01-28 04:00:00,3799.18
2024-01-28 05:00:00,3812.61
2024-01-28 06:00:00,3836.52
2024-01-28 07:00:00,3864.08
2024-01-28 08:00:00,3913.29
2024-01-28 09:00:00,4063.11
2024-01-28 10:00:00,3455.85
2024-01-28 11:00:00,3594.52
2024-01-28 12:00:00,3733.56
2024-01-28 13:00:00,3968.37
2024-01-28 14:00:00,3978.48
2024-01-28 15:00:00,4037.42
2024-01-28 16:00:00,4059.71
2024-01-28 17:00:00,4040.18
2024-01-28 18:00:00,4110.34
2024-01-28 19:00:00,4172.0
2024-01-28 20:00:00,4125.85
2024-01-28 21:00:00,4065.3
2024-01-28 22:00:00,3993.71
2024-01-28 23:00:00,3943.83
2024-01-29 00:00:00,3982.42
2024-01-29 01:00:00,3935.16
2024-01-29 02:00:00,3898.02
2024-01-29 03:00:00,3874.67
2024-01-29 04:00:00,3866.18
2024-01-29 05:00:00,3874.77
2024-01-29 06:00:00,3903.62
2024-01-29 07:00:00,3943.16
2024-01-29 08:00:00,3998.19
2024-01-29 09:00:00,4066.12
2024-01-29 10:00:00,4130.22
2024-01-29 11:00:00,4202.81
2024-01-29 12:00:00,4269.05
2024-01-29 13:00:00,4331.35
2024-01-29 14:00:00,4376.28
2024-01-29 15:00:00,4407.07
2024-01-29 16:00:00,4424.73
2024-01-29 17:00:00,4406.9
2024-01-29 18:00:00,4371.26
2024-01-29 19:00:00,4330.04
2024-01-29 20:00:00,4270.77
2024-01-29 21:00:00,4202.13
2024-01-29 22:00:00,4129.03
2024-01-29 23:00:00,4059.59
2024-01-30 00:00:00,4142.23
2024-01-30 01:00:00,4095.95
2024-01-30 02:00:00,4060.08
2024-01-30 03:00:00,4037.5
2024-01-30 04:00:00,4027.04
2024-01-30 05:00:00,4034.4
2024-01-30 06:00:00,4060.51
2024-01-30 07:00:00,4099.14
2024-01-30 08:00:00,4152.42
2024-01-30 09:00:00,4219.52
2024-01-30 10:00:00,4283.98
2024-01-30 11:00:00,4356.12
2024-01-30 12:00:00,4424.43
2024-01-30 13:00:00,4484.48
2024-01-30 14:00:00,4532.09
2024-01-30 15:00:00,4562.27
2024-01-30 16:00:00,4571.77
2024-01-30 17:00:00,4560.82
2024-01-30 18:00:00,4527.16
2024-01-30 19:00:00,4480.28
2024-01-30 20:00:00,4422.15
2024-01-30 21:00:00,4352.46
2024-01-30 22:00:00,4286.23
2024-01-30 23:00:00,4218.89
2024-01-31 00:00:00,4227.75
2024-01-31 01:00:00,4186.87
2024-01-31 02:00:00,4159.48
2024-01-31 03:00:00,4136.53
2024-01-31 04:00:00,4141.86
2024-01-31 05:00:00,4145.77
2024-01-31 06:00:00,4168.28
2024-01-31 07:00:00,4190.69
2024-01-31 08:00:00,4241.74
2024-01-31 09:00:00,4352.27
2024-01-31 10:00:00,4472.04
2024-01-31 11:00:00,4658.79
2024-01-31 12:00:00,4832.99
2024-01-31 13:00:00,4810.25
2024-01-31 14:00:00,4935.85
2024-01-31 15:00:00,4991.35
2024-01-31 16:00:00,4986.64
2024-01-31 17:00:00,4959.05
2024-01-31 18:00:00,4695.42
2024-01-31 19:00:00,4585.7
2024-01-31 20:00:00,4510.89
2024-01-31 21:00:00,4440.66
2024-01-31 22:00:00,4355.05
2024-01-31 23:00:00,4290.9
2024-02-01 00:00:00,4171.96
2024-02-01 01:00:00,4143.42
2024-02-01 02:00:00,4113.84
2024-02-01 03:00:00,4103.5
2024-02-01 04:00:00,4091.17
2024-02-01 05:00:00,4098.41
2024-02-01 06:00:00,4123.34
2024-02-01 07:00:00,4156.39
2024-02-01 08:00:00,4200.84
2024-02-01 09:00:00,4323.81
2024-02-01 10:00:00,4434.73
2024-02-01 11:00:00,4601.81
2024-02-01 12:00:00,4782.53
2024-02-01 13:00:00,4798.51
2024-02-01 14:00:00,4885.37
2024-02-01 15:00:00,4929.75
2024-02-01 16:00:00,4972.24
2024-02-01 17:00:00,4942.35
2024-02-01 18:00:00,4670.48
2024-02-01 19:00:00,4563.77
2024-02-01 20:00:00,4478.87
2024-02-01 21:00:00,4403.19
2024-02-01 22:00:00,4327.63
2024-02-01 23:00:00,4250.87
2024-02-02 00:00:00,4032.86
2024-02-02 01:00:00,4006.38
2024-02-02 02:00:00,3969.86
2024-02-02 03:00:00,3943.42
2024-02-02 04:00:00,3931.06
2024-02-02 05:00:00,3936.72
2024-02-02 06:00:00,3961.84
2024-02-02 07:00:00,3995.54
2024-02-02 08:00:00,4042.32
2024-02-02 09:00:00,4204.64
2024-02-02 10:00:00,3903.65
2024-02-02 11:00:00,4084.13
2024-02-02 12:00:00,4258.81
2024-02-02 13:00:00,4402.98
2024-02-02 14:00:00,4437.84
2024-02-02 15:00:00,4504.3
2024-02-02 16:00:00,4510.32
2024-02-02 17:00:00,4492.14
2024-02-02 18:00:00,4393.41
2024-02-02 19:00:00,4375.33
2024-02-02 20:00:00,4307.43
2024-02-02 21:00:00,4240.51
2024-02-02 22:00:00,4172.69
2024-02-02 23:00:00,4100.14
2024-02-03 00:00:00,3907.76
2024-02-03 01:00:00,3905.61
2024-02-03 02:00:00,3867.75
2024-02-03 03:00:00,3839.22
2024-02-03 04:00:00,3824.48
2024-02-03 05:00:00,3830.54
2024-02-03 06:00:00,3855.22
2024-02-03 07:00:00,3888.46
2024-02-03 08:00:00,3941.55
2024-02-03 09:00:00,4116.7
2024-02-03 10:00:00,3511.46
2024-02-03 11:00:00,3689.68
2024-02-03 12:00:00,3867.34
2024-02-03 13:00:00,4095.66
2024-02-03 14:00:00,4121.83
2024-02-03 15:00:00,4192.65
2024-02-03 16:00:00,4214.98
2024-02-03 17:00:00,4191.67
2024-02-03 18:00:00,4220.1
2024-02-03 19:00:00,4249.07
2024-02-03 20:00:00,4191.91
2024-02-03 21:00:00,4125.66
2024-02-03 22:00:00,4056.39
2024-02-03 23:00:00,3979.59
2024-02-04 00:00:00,3897.67
2024-02-04 01:00:00,3890.88
2024-02-04 02:00:00,3855.47
2024-02-04 03:00:00,3835.92
2024-02-04 04:00:00,3829.63
2024-02-04 05:00:00,3832.35
2024-02-04 06:00:00,3857.24
2024-02-04 07:00:00,3895.31
2024-02-04 08:00:00,3941.87
2024-02-04 09:00:00,4105.53
2024-02-04 10:00:00,3399.85
2024-02-04 11:00:00,3569.18
2024-02-04 12:00:00,3784.64
2024-02-04 13:00:00,4008.1
2024-02-04 14:00:00,4055.48
2024-02-04 15:00:00,4112.55
2024-02-04 16:00:00,4106.07
2024-02-04 17:00:00,4087.01
2024-02-04 18:00:00,4154.0
2024-02-04 19:00:00,4200.36
2024-02-04 20:00:00,4150.0
2024-02-04 21:00:00,4084.7
2024-02-04 22:00:00,4011.1
2024-02-04 23:00:00,3938.33
2024-02-05 00:00:00,3981.79
2024-02-05 01:00:00,3930.75
2024-02-05 02:00:00,3893.74
2024-02-05 03:00:00,3871.45
2024-02-05 04:00:00,3858.58
2024-02-05 05:00:00,3865.28
2024-02-05 06:00:00,3892.32
2024-02-05 07:00:00,3934.07
2024-02-05 08:00:00,3990.5
2024-02-05 09:00:00,4061.04
2024-02-05 10:00:00,4129.22
2024-02-05 11:00:00,4203.23
2024-02-05 12:00:00,4267.5
2024-02-05 13:00:00,4323.69
2024-02-05 14:00:00,4364.71
2024-02-05 15:00:00,4392.01
2024-02-05 16:00:00,4381.7
2024-02-05 17:00:00,4371.91
2024-02-05 18:00:00,4348.37
2024-02-05 19:00:00,4308.03
2024-02-05 20:00:00,4257.42
2024-02-05 21:00:00,4195.38
2024-02-05 22:00:00,4120.55
2024-02-05 23:00:00,4052.05
2024-02-06 00:00:00,4137.18
2024-02-06 01:00:00,4083.94
2024-02-06 02:00:00,4044.57
2024-02-06 03:00:00,4019.45
2024-02-06 04:00:00,4012.09
2024-02-06 05:00:00,4020.25
2024-02-06 06:00:00,4048.34
2024-02-06 07:00:00,4089.21
2024-02-06 08:00:00,4143.7
2024-02-06 09:00:00,4210.42
2024-02-06 10:00:00,4273.75
2024-02-06 11:00:00,4345.16
2024-02-06 12:00:00,4411.67
2024-02-06 13:00:00,4464.51
2024-02-06 14:00:00,4509.6
2024-02-06 15:00:00,4535.73
2024-02-06 16:00:00,4540.75
2024-02-06 17:00:00,4530.38
2024-02-06 18:00:00,4500.06
2024-02-06 19:00:00,4456.66
2024-02-06 20:00:00,4399.81
2024-02-06 21:00:00,4335.83
2024-02-06 22:00:00,4276.55
2024-02-06 23:00:00,4204.23
2024-02-07 00:00:00,4214.82
2024-02-07 01:00:00,4161.08
2024-02-07 02:00:00,4121.51
2024-02-07 03:00:00,4095.51
2024-02-07 04:00:00,4087.21
2024-02-07 05:00:00,4095.18
2024-02-07 06:00:00,4119.32
2024-02-07 07:00:00,4158.06
2024-02-07 08:00:00,4203.3
2024-02-07 09:00:00,4313.14
2024-02-07 10:00:00,4373.04
2024-02-07 11:00:00,4511.62
2024-02-07 12:00:00,4638.5
2024-02-07 13:00:00,4669.0
2024-02-07 14:00:00,4743.85
2024-02-07 15:00:00,4797.53
2024-02-07 16:00:00,4788.39
2024-02-07 17:00:00,4756.64
2024-02-07 18:00:00,4593.45
2024-02-07 19:00:00,4521.54
2024-02-07 20:00:00,4449.18
2024-02-07 21:00:00,4379.68
2024-02-07 22:00:00,4308.66
2024-02-07 23:00:00,4236.26
2024-02-08 00:00:00,4119.03
2024-02-08 01:00:00,4084.61
2024-02-08 02:00:00,4051.19
2024-02-08 03:00:00,4030.56
2024-02-08 04:00:00,4032.48
2024-02-08 05:00:00,4042.29
2024-02-08 06:00:00,4063.45
2024-02-08 07:00:00,4097.77
2024-02-08 08:00:00,4146.85
2024-02-08 09:00:00,4281.74
2024-02-08 10:00:00,4249.4
2024-02-08 11:00:00,4399.53
2024-02-08 12:00:00,4534.77
2024-02-08 13:00:00,4590.67
2024-02-08 14:00:00,4643.55
2024-02-08 15:00:00,4667.05
2024-02-08 16:00:00,4689.89
2024-02-08 17:00:00,4644.54
2024-02-08 18:00:00,4489.53
2024-02-08 19:00:00,4445.35
2024-02-08 20:00:00,4377.31
2024-02-08 21:00:00,4308.5
2024-02-08 22:00:00,4237.16
2024-02-08 23:00:00,4170.17
2024-02-09 00:00:00,3962.19
2024-02-09 01:00:00,3923.59
2024-02-09 02:00:00,3910.9
2024-02-09 03:00:00,3905.32
2024-02-09 04:00:00,3909.31
2024-02-09 05:00:00,3919.41
2024-02-09 06:00:00,3943.91
2024-02-09 07:00:00,3982.52
2024-02-09 08:00:00,4030.09
2024-02-09 09:00:00,4167.28
2024-02-09 10:00:00,3950.99
2024-02-09 11:00:00,4072.32
2024-02-09 12:00:00,4167.61
2024-02-09 13:00:00,4290.52
2024-02-09 14:00:00,4305.88
2024-02-09 15:00:00,4342.83
2024-02-09 16:00:00,4356.21
2024-02-09 17:00:00,4336.25
2024-02-09 18:00:00,4289.14
2024-02-09 19:00:00,4296.19
2024-02-09 20:00:00,4234.7
2024-02-09 21:00:00,4154.1
2024-02-09 22:00:00,4131.12
2024-02-09 23:00:00,4074.21
2024-02-10 00:00:00,3892.59
2024-02-10 01:00:00,3893.42
2024-02-10 02:00:00,3917.17
2024-02-10 03:00:00,3847.94
2024-02-10 04:00:00,3791.18
2024-02-10 05:00:00,3798.78
2024-02-10 06:00:00,3832.27
2024-02-10 07:00:00,3893.59
2024-02-10 08:00:00,3995.95
2024-02-10 09:00:00,4104.32
2024-02-10 10:00:00,3789.39
2024-02-10 11:00:00,3934.94
2024-02-10 12:00:00,3986.42
2024-02-10 13:00:00,4106.26
2024-02-10 14:00:00,4090.37
2024-02-10 15:00:00,4123.56
2024-02-10 16:00:00,4129.9
2024-02-10 17:00:00,4105.76
2024-02-10 18:00:00,4143.3
2024-02-10 19:00:00,4179.25
2024-02-10 20:00:00,4136.59
2024-02-10 21:00:00,4052.9
2024-02-10 22:00:00,3937.13
2024-02-10 23:00:00,3880.44
2024-02-11 00:00:00,3838.3
2024-02-11 01:00:00,3881.81
2024-02-11 02:00:00,3898.79
2024-02-11 03:00:00,3819.94
2024-02-11 04:00:00,3804.43
2024-02-11 05:00:00,3781.58
2024-02-11 06:00:00,3818.49
2024-02-11 07:00:00,3890.61
2024-02-11 08:00:00,3948.76
2024-02-11 09:00:00,4101.77
2024-02-11 10:00:00,3616.72
2024-02-11 11:00:00,3777.03
2024-02-11 12:00:00,3895.31
2024-02-11 13:00:00,4080.88
2024-02-11 14:00:00,4157.19
2024-02-11 15:00:00,4196.44
2024-02-11 16:00:00,4207.09
2024-02-11 17:00:00,4150.43
2024-02-11 18:00:00,4187.77
2024-02-11 19:00:00,4206.79
2024-02-11 20:00:00,4155.31
2024-02-11 21:00:00,4085.01
2024-02-11 22:00:00,4066.73
2024-02-11 23:00:00,3997.14
2024-02-12 00:00:00,4020.32
2024-02-12 01:00:00,3969.17
2024-02-12 02:00:00,3905.1
2024-02-12 03:00:00,3873.11
2024-02-12 04:00:00,3847.09
2024-02-12 05:00:00,3835.7
2024-02-12 06:00:00,3863.9
2024-02-12 07:00:00,3931.18
2024-02-12 08:00:00,3998.6
2024-02-12 09:00:00,4093.33
2024-02-12 10:00:00,4162.94
2024-02-12 11:00:00,4236.61
2024-02-12 12:00:00,4300.93
2024-02-12 13:00:00,4357.65
2024-02-12 14:00:00,4398.84
2024-02-12 15:00:00,4423.82
2024-02-12 16:00:00,4435.48
2024-02-12 17:00:00,4419.05
2024-02-12 18:00:00,4380.51
2024-02-12 19:00:00,4330.98
2024-02-12 20:00:00,4267.86
2024-02-12 21:00:00,4197.6
2024-02-12 22:00:00,4136.27
2024-02-12 23:00:00,4073.54
2024-02-13 00:00:00,4159.56
2024-02-13 01:00:00,4123.98
2024-02-13 02:00:00,4090.58
2024-02-13 03:00:00,4044.61
2024-02-13 04:00:00,4028.93
2024-02-13 05:00:00,4034.75
2024-02-13 06:00:00,4060.5
2024-02-13 07:00:00,4105.17
2024-02-13 08:00:00,4167.33
2024-02-13 09:00:00,4252.54
2024-02-13 10:00:00,4319.1
2024-02-13 11:00:00,4391.38
2024-02-13 12:00:00,4450.7
2024-02-13 13:00:00,4500.11
2024-02-13 14:00:00,4539.18
2024-02-13 15:00:00,4562.59
2024-02-13 16:00:00,4569.42
2024-02-13 17:00:00,4555.03
2024-02-13 18:00:00,4513.78
2024-02-13 19:00:00,4468.15
2024-02-13 20:00:00,4405.89
2024-02-13 21:00:00,4338.11
2024-02-13 22:00:00,4270.86
2024-02-13 23:00:00,4211.06
2024-02-14 00:00:00,4226.69
2024-02-14 01:00:00,4202.09
2024-02-14 02:00:00,4191.9
2024-02-14 03:00:00,4170.07
2024-02-14 04:00:00,4162.07
2024-02-14 05:00:00,4200.56
2024-02-14 06:00:00,4230.82
2024-02-14 07:00:00,4231.09
2024-02-14 08:00:00,4275.17
2024-02-14 09:00:00,4363.42
2024-02-14 10:00:00,4534.95
2024-02-14 11:00:00,4605.88
2024-02-14 12:00:00,4714.11
2024-02-14 13:00:00,4735.14
2024-02-14 14:00:00,4811.48
2024-02-14 15:00:00,4891.51
2024-02-14 16:00:00,4910.16
2024-02-14 17:00:00,4885.78
2024-02-14 18:00:00,4672.46
2024-02-14 19:00:00,4567.05
2024-02-14 20:00:00,4491.97
2024-02-14 21:00:00,4425.12
2024-02-14 22:00:00,4354.27
2024-02-14 23:00:00,4291.31
2024-02-15 00:00:00,4174.28
2024-02-15 01:00:00,4148.08
2024-02-15 02:00:00,4122.32
2024-02-15 03:00:00,4090.16
2024-02-15 04:00:00,4077.08
2024-02-15 05:00:00,4082.79
2024-02-15 06:00:00,4115.01
2024-02-15 07:00:00,4150.17
2024-02-15 08:00:00,4210.09
2024-02-15 09:00:00,4323.99
2024-02-15 10:00:00,4411.01
2024-02-15 11:00:00,4559.66
2024-02-15 12:00:00,4711.53
2024-02-15 13:00:00,4742.76
2024-02-15 14:00:00,4804.12
2024-02-15 15:00:00,4841.98
2024-02-15 16:00:00,4906.28
2024-02-15 17:00:00,4862.46
2024-02-15 18:00:00,4621.87
2024-02-15 19:00:00,4530.25
2024-02-15 20:00:00,4448.74
2024-02-15 21:00:00,4375.62
2024-02-15 22:00:00,4300.19
2024-02-15 23:00:00,4227.33
2024-02-16 00:00:00,4013.06
2024-02-16 01:00:00,3992.48
2024-02-16 02:00:00,3957.61
2024-02-16 03:00:00,3939.49
2024-02-16 04:00:00,3930.42
2024-02-16 05:00:00,3938.37
2024-02-16 06:00:00,3959.19
2024-02-16 07:00:00,3991.52
2024-02-16 08:00:00,4039.96
2024-02-16 09:00:00,4201.28
2024-02-16 10:00:00,3892.82
2024-02-16 11:00:00,4056.25
2024-02-16 12:00:00,4206.2
2024-02-16 13:00:00,4355.98
2024-02-16 14:00:00,4374.74
2024-02-16 15:00:00,4434.58
2024-02-16 16:00:00,4435.61
2024-02-16 17:00:00,4418.04
2024-02-16 18:00:00,4342.16
2024-02-16 19:00:00,4338.32
2024-02-16 20:00:00,4274.48
2024-02-16 21:00:00,4208.59
2024-02-16 22:00:00,4154.67
2024-02-16 23:00:00,4085.82
2024-02-17 00:00:00,3897.82
2024-02-17 01:00:00,3901.28
2024-02-17 02:00:00,3869.32
2024-02-17 03:00:00,3845.24
2024-02-17 04:00:00,3836.71
2024-02-17 05:00:00,3838.41
2024-02-17 06:00:00,3860.82
2024-02-17 07:00:00,3895.78
2024-02-17 08:00:00,3940.76
2024-02-17 09:00:00,4120.16
2024-02-17 10:00:00,3524.75
2024-02-17 11:00:00,3706.68
2024-02-17 12:00:00,3875.69
2024-02-17 13:00:00,4090.37
2024-02-17 14:00:00,4113.01
2024-02-17 15:00:00,4171.46
2024-02-17 16:00:00,4194.45
2024-02-17 17:00:00,4169.16
2024-02-17 18:00:00,4187.6
2024-02-17 19:00:00,4222.9
2024-02-17 20:00:00,4166.22
2024-02-17 21:00:00,4098.58
2024-02-17 22:00:00,4029.54
2024-02-17 23:00:00,3963.12
2024-02-18 00:00:00,3892.68
2024-02-18 01:00:00,3901.41
2024-02-18 02:00:00,3871.64
2024-02-18 03:00:00,3906.65
2024-02-18 04:00:00,3940.62
2024-02-18 05:00:00,3956.4
2024-02-18 06:00:00,3953.24
2024-02-18 07:00:00,4000.6
2024-02-18 08:00:00,4013.5
2024-02-18 09:00:00,4115.21
2024-02-18 10:00:00,3499.28
2024-02-18 11:00:00,3638.52
2024-02-18 12:00:00,3826.77
2024-02-18 13:00:00,4060.49
2024-02-18 14:00:00,4136.79
2024-02-18 15:00:00,4205.05
2024-02-18 16:00:00,4239.51
2024-02-18 17:00:00,4210.24
2024-02-18 18:00:00,4245.96
2024-02-18 19:00:00,4260.03
2024-02-18 20:00:00,4201.98
2024-02-18 21:00:00,4128.71
2024-02-18 22:00:00,4059.1
2024-02-18 23:00:00,3989.54
2024-02-19 00:00:00,4036.93
2024-02-19 01:00:00,3991.4
2024-02-19 02:00:00,3965.31
2024-02-19 03:00:00,3964.6
2024-02-19 04:00:00,3942.15
2024-02-19 05:00:00,3939.62
2024-02-19 06:00:00,3962.82
2024-02-19 07:00:00,4025.06
2024-02-19 08:00:00,4066.03
2024-02-19 09:00:00,4127.02
2024-02-19 10:00:00,4179.57
2024-02-19 11:00:00,4261.1
2024-02-19 12:00:00,4334.39
2024-02-19 13:00:00,4401.83
2024-02-19 14:00:00,4449.81
2024-02-19 15:00:00,4478.84
2024-02-19 16:00:00,4491.61
2024-02-19 17:00:00,4479.77
2024-02-19 18:00:00,4445.99
2024-02-19 19:00:00,4397.35
2024-02-19 20:00:00,4333.4
2024-02-19 21:00:00,4260.63
2024-02-19 22:00:00,4187.94
2024-02-19 23:00:00,4111.84
2024-02-20 00:00:00,4189.44
2024-02-20 01:00:00,4147.0
2024-02-20 02:00:00,4109.44
2024-02-20 03:00:00,4099.41
2024-02-20 04:00:00,4081.88
2024-02-20 05:00:00,4083.77
2024-02-20 06:00:00,4112.57
2024-02-20 07:00:00,4144.36
2024-02-20 08:00:00,4192.87
2024-02-20 09:00:00,4261.49
2024-02-20 10:00:00,4339.43
2024-02-20 11:00:00,4418.97
2024-02-20 12:00:00,4487.55
2024-02-20 13:00:00,4555.02
2024-02-20 14:00:00,4609.93
2024-02-20 15:00:00,4644.42
2024-02-20 16:00:00,4659.01
2024-02-20 17:00:00,4649.86
2024-02-20 18:00:00,4607.94
2024-02-20 19:00:00,4554.99
2024-02-20 20:00:00,4490.41
2024-02-20 21:00:00,4412.67
2024-02-20 22:00:00,4340.28
2024-02-20 23:00:00,4266.82
2024-02-21 00:00:00,4270.51
2024-02-21 01:00:00,4223.8
2024-02-21 02:00:00,4193.25
2024-02-21 03:00:00,4186.01
2024-02-21 04:00:00,4179.48
2024-02-21 05:00:00,4180.26
2024-02-21 06:00:00,4203.69
2024-02-21 07:00:00,4234.33
2024-02-21 08:00:00,4277.44
2024-02-21 09:00:00,4374.42
2024-02-21 10:00:00,4569.77
2024-02-21 11:00:00,4750.06
2024-02-21 12:00:00,4901.05
2024-02-21 13:00:00,4899.7
2024-02-21 14:00:00,5049.48
2024-02-21 15:00:00,5118.69
2024-02-21 16:00:00,5139.63
2024-02-21 17:00:00,5109.01
2024-02-21 18:00:00,4801.8
2024-02-21 19:00:00,4659.9
2024-02-21 20:00:00,4570.91
2024-02-21 21:00:00,4486.1
2024-02-21 22:00:00,4415.47
2024-02-21 23:00:00,4335.84
2024-02-22 00:00:00,4198.22
2024-02-22 01:00:00,4142.7
2024-02-22 02:00:00,4100.27
2024-02-22 03:00:00,4071.7
2024-02-22 04:00:00,4066.05
2024-02-22 05:00:00,4068.9
2024-02-22 06:00:00,4089.12
2024-02-22 07:00:00,4123.48
2024-02-22 08:00:00,4169.59
2024-02-22 09:00:00,4303.7
2024-02-22 10:00:00,4327.68
2024-02-22 11:00:00,4491.63
2024-02-22 12:00:00,4645.82
2024-02-22 13:00:00,4686.03
2024-02-22 14:00:00,4748.09
2024-02-22 15:00:00,4794.62
2024-02-22 16:00:00,4785.96
2024-02-22 17:00:00,4766.16
2024-02-22 18:00:00,4579.97
2024-02-22 19:00:00,4507.28
2024-02-22 20:00:00,4434.79
2024-02-22 21:00:00,4367.65
2024-02-22 22:00:00,4295.73
2024-02-22 23:00:00,4225.24
2024-02-23 00:00:00,4011.44
2024-02-23 01:00:00,3990.58
2024-02-23 02:00:00,3955.78
2024-02-23 03:00:00,3937.35
2024-02-23 04:00:00,3923.34
2024-02-23 05:00:00,3931.55
2024-02-23 06:00:00,3953.99
2024-02-23 07:00:00,3986.88
2024-02-23 08:00:00,4034.08
2024-02-23 09:00:00,4198.28
2024-02-23 10:00:00,3913.43
2024-02-23 11:00:00,4065.83
2024-02-23 12:00:00,4209.39
2024-02-23 13:00:00,4349.49
2024-02-23 14:00:00,4361.72
2024-02-23 15:00:00,4414.95
2024-02-23 16:00:00,4429.25
2024-02-23 17:00:00,4410.55
2024-02-23 18:00:00,4341.1
2024-02-23 19:00:00,4335.37
2024-02-23 20:00:00,4272.01
2024-02-23 21:00:00,4205.67
2024-02-23 22:00:00,4138.92
2024-02-23 23:00:00,4068.73
2024-02-24 00:00:00,3882.69
2024-02-24 01:00:00,3882.84
2024-02-24 02:00:00,3850.15
2024-02-24 03:00:00,3833.57
2024-02-24 04:00:00,3818.8
2024-02-24 05:00:00,3827.63
2024-02-24 06:00:00,3852.53
2024-02-24 07:00:00,3882.52
2024-02-24 08:00:00,3930.74
2024-02-24 09:00:00,4111.52
2024-02-24 10:00:00,3484.89
2024-02-24 11:00:00,3662.46
2024-02-24 12:00:00,3816.23
2024-02-24 13:00:00,4054.94
2024-02-24 14:00:00,4054.49
2024-02-24 15:00:00,4105.46
2024-02-24 16:00:00,4122.65
2024-02-24 17:00:00,4102.64
2024-02-24 18:00:00,4148.19
2024-02-24 19:00:00,4196.52
2024-02-24 20:00:00,4143.26
2024-02-24 21:00:00,4088.18
2024-02-24 22:00:00,4005.01
2024-02-24 23:00:00,3934.72
2024-02-25 00:00:00,3864.29
2024-02-25 01:00:00,3864.19
2024-02-25 02:00:00,3833.43
2024-02-25 03:00:00,3844.62
2024-02-25 04:00:00,3805.2
2024-02-25 05:00:00,3813.52
2024-02-25 06:00:00,3834.64
2024-02-25 07:00:00,3871.04
2024-02-25 08:00:00,3916.96
2024-02-25 09:00:00,4064.64
2024-02-25 10:00:00,3465.19
2024-02-25 11:00:00,3606.89
2024-02-25 12:00:00,3744.45
2024-02-25 13:00:00,3989.2
2024-02-25 14:00:00,3988.84
2024-02-25 15:00:00,4031.81
2024-02-25 16:00:00,4049.21
2024-02-25 17:00:00,4035.89
2024-02-25 18:00:00,4104.21
2024-02-25 19:00:00,4153.7
2024-02-25 20:00:00,4105.88
2024-02-25 21:00:00,4022.91
2024-02-25 22:00:00,3934.43
2024-02-25 23:00:00,3863.77
2024-02-26 00:00:00,3958.38
2024-02-26 01:00:00,3895.65
2024-02-26 02:00:00,3871.84
2024-02-26 03:00:00,3859.37
2024-02-26 04:00:00,3853.36
2024-02-26 05:00:00,3862.75
2024-02-26 06:00:00,3887.76
2024-02-26 07:00:00,3930.79
2024-02-26 08:00:00,3983.82
2024-02-26 09:00:00,4047.01
2024-02-26 10:00:00,4132.87
2024-02-26 11:00:00,4188.36
2024-02-26 12:00:00,4244.36
2024-02-26 13:00:00,4293.11
2024-02-26 14:00:00,4328.56
2024-02-26 15:00:00,4342.23
2024-02-26 16:00:00,4352.17
2024-02-26 17:00:00,4344.4
2024-02-26 18:00:00,4318.33
2024-02-26 19:00:00,4274.41
2024-02-26 20:00:00,4214.75
2024-02-26 21:00:00,4140.19
2024-02-26 22:00:00,4081.79
2024-02-26 23:00:00,4013.79
2024-02-27 00:00:00,4110.56
2024-02-27 01:00:00,4066.67
2024-02-27 02:00:00,4027.96
2024-02-27 03:00:00,4005.19
2024-02-27 04:00:00,3994.91
2024-02-27 05:00:00,4005.15
2024-02-27 06:00:00,4033.06
2024-02-27 07:00:00,4075.29
2024-02-27 08:00:00,4130.67
2024-02-27 09:00:00,4193.87
2024-02-27 10:00:00,4268.6
2024-02-27 11:00:00,4330.81
2024-02-27 12:00:00,4394.82
2024-02-27 13:00:00,4450.56
2024-02-27 14:00:00,4493.43
2024-02-27 15:00:00,4519.68
2024-02-27 16:00:00,4528.93
2024-02-27 17:00:00,4521.52
2024-02-27 18:00:00,4493.36
2024-02-27 19:00:00,4451.15
2024-02-27 20:00:00,4395.81
2024-02-27 21:00:00,4331.87
2024-02-27 22:00:00,4267.16
2024-02-27 23:00:00,4200.11
2024-02-28 00:00:00,4213.91
2024-02-28 01:00:00,4169.65
2024-02-28 02:00:00,4141.65
2024-02-28 03:00:00,4121.58
2024-02-28 04:00:00,4115.53
2024-02-28 05:00:00,4121.1
2024-02-28 06:00:00,4143.28
2024-02-28 07:00:00,4183.39
2024-02-28 08:00:00,4229.38
2024-02-28 09:00:00,4338.46
2024-02-28 10:00:00,4407.62
2024-02-28 11:00:00,4550.82
2024-02-28 12:00:00,4678.09
2024-02-28 13:00:00,4691.35
2024-02-28 14:00:00,4776.32
2024-02-28 15:00:00,4839.52
2024-02-28 16:00:00,4862.11
2024-02-28 17:00:00,4841.78
2024-02-28 18:00:00,4643.9
2024-02-28 19:00:00,4554.55
2024-02-28 20:00:00,4484.25
2024-02-28 21:00:00,4420.62
2024-02-28 22:00:00,4347.36
2024-02-28 23:00:00,4278.97
2024-02-29 00:00:00,4154.51
2024-02-29 01:00:00,4119.25
2024-02-29 02:00:00,4092.03
2024-02-29 03:00:00,4075.14
2024-02-29 04:00:00,4066.25
2024-02-29 05:00:00,4070.06
2024-02-29 06:00:00,4091.23
2024-02-29 07:00:00,4124.85
2024-02-29 08:00:00,4169.57
2024-02-29 09:00:00,4301.49
2024-02-29 10:00:00,4329.29
2024-02-29 11:00:00,4489.04
2024-02-29 12:00:00,4624.96
2024-02-29 13:00:00,4664.57
2024-02-29 14:00:00,4710.36
2024-02-29 15:00:00,4743.49
2024-02-29 16:00:00,4697.74
2024-02-29 17:00:00,4668.29
2024-02-29 18:00:00,4515.4
2024-02-29 19:00:00,4461.38
2024-02-29 20:00:00,4389.61
2024-02-29 21:00:00,4313.8
2024-02-29 22:00:00,4245.88
2024-02-29 23:00:00,4172.03
2024-03-01 00:00:00,4035.13
2024-03-01 01:00:00,4008.11
2024-03-01 02:00:00,3974.45
2024-03-01 03:00:00,3959.89
2024-03-01 04:00:00,3954.4
2024-03-01 05:00:00,3963.82
2024-03-01 06:00:00,3987.13
2024-03-01 07:00:00,4010.75
2024-03-01 08:00:00,4059.19
2024-03-01 09:00:00,4202.99
2024-03-01 10:00:00,4008.64
2024-03-01 11:00:00,4159.24
2024-03-01 12:00:00,4269.7
2024-03-01 13:00:00,4382.07
2024-03-01 14:00:00,4408.65
2024-03-01 15:00:00,4446.03
2024-03-01 16:00:00,4448.52
2024-03-01 17:00:00,4428.31
2024-03-01 18:00:00,4362.8
2024-03-01 19:00:00,4350.07
2024-03-01 20:00:00,4285.92
2024-03-01 21:00:00,4209.7
2024-03-01 22:00:00,4139.44
2024-03-01 23:00:00,4075.28
2024-03-02 00:00:00,3898.37
2024-03-02 01:00:00,3865.23
2024-03-02 02:00:00,3831.07
2024-03-02 03:00:00,3806.63
2024-03-02 04:00:00,3799.8
2024-03-02 05:00:00,3809.62
2024-03-02 06:00:00,3837.76
2024-03-02 07:00:00,3887.5
2024-03-02 08:00:00,3936.22
2024-03-02 09:00:00,4085.65
2024-03-02 10:00:00,3657.01
2024-03-02 11:00:00,3799.36
2024-03-02 12:00:00,3905.69
2024-03-02 13:00:00,4108.25
2024-03-02 14:00:00,4117.44
2024-03-02 15:00:00,4159.88
2024-03-02 16:00:00,4162.74
2024-03-02 17:00:00,4147.95
2024-03-02 18:00:00,4175.77
2024-03-02 19:00:00,4212.57
2024-03-02 20:00:00,4155.81
2024-03-02 21:00:00,4075.69
2024-03-02 22:00:00,4039.67
2024-03-02 23:00:00,3981.55
2024-03-03 00:00:00,3927.91
2024-03-03 01:00:00,3926.24
2024-03-03 02:00:00,3907.22
2024-03-03 03:00:00,3881.7
2024-03-03 04:00:00,3874.74
2024-03-03 05:00:00,3882.02
2024-03-03 06:00:00,3907.54
2024-03-03 07:00:00,3941.18
2024-03-03 08:00:00,3988.02
2024-03-03 09:00:00,4148.11
2024-03-03 10:00:00,3578.16
2024-03-03 11:00:00,3739.82
2024-03-03 12:00:00,3897.33
2024-03-03 13:00:00,4099.09
2024-03-03 14:00:00,4161.84
2024-03-03 15:00:00,4225.13
2024-03-03 16:00:00,4218.8
2024-03-03 17:00:00,4202.27
2024-03-03 18:00:00,4239.03
2024-03-03 19:00:00,4259.44
2024-03-03 20:00:00,4205.59
2024-03-03 21:00:00,4139.73
2024-03-03 22:00:00,4068.98
2024-03-03 23:00:00,4005.03
2024-03-04 00:00:00,4063.88
2024-03-04 01:00:00,4031.01
2024-03-04 02:00:00,4005.56
2024-03-04 03:00:00,3995.32
2024-03-04 04:00:00,3984.65
2024-03-04 05:00:00,3991.73
2024-03-04 06:00:00,4017.46
2024-03-04 07:00:00,4052.26
2024-03-04 08:00:00,4106.08
2024-03-04 09:00:00,4173.65
2024-03-04 10:00:00,4231.89
2024-03-04 11:00:00,4308.13
2024-03-04 12:00:00,4374.91
2024-03-04 13:00:00,4435.11
2024-03-04 14:00:00,4481.98
2024-03-04 15:00:00,4510.34
2024-03-04 16:00:00,4524.48
2024-03-04 17:00:00,4512.21
2024-03-04 18:00:00,4482.15
2024-03-04 19:00:00,4434.81
2024-03-04 20:00:00,4374.07
2024-03-04 21:00:00,4301.89
2024-03-04 22:00:00,4225.0
2024-03-04 23:00:00,4164.54
2024-03-05 00:00:00,4254.95
2024-03-05 01:00:00,4220.7
2024-03-05 02:00:00,4193.82
2024-03-05 03:00:00,4183.99
2024-03-05 04:00:00,4173.57
2024-03-05 05:00:00,4175.99
2024-03-05 06:00:00,4200.18
2024-03-05 07:00:00,4243.31
2024-03-05 08:00:00,4299.67
2024-03-05 09:00:00,4371.16
2024-03-05 10:00:00,4436.7
2024-03-05 11:00:00,4513.36
2024-03-05 12:00:00,4583.87
2024-03-05 13:00:00,4638.86
2024-03-05 14:00:00,4689.36
2024-03-05 15:00:00,4718.07
2024-03-05 16:00:00,4722.54
2024-03-05 17:00:00,4711.86
2024-03-05 18:00:00,4674.66
2024-03-05 19:00:00,4615.71
2024-03-05 20:00:00,4544.37
2024-03-05 21:00:00,4463.7
2024-03-05 22:00:00,4379.31
2024-03-05 23:00:00,4297.17
2024-03-06 00:00:00,4295.28
2024-03-06 01:00:00,4229.82
2024-03-06 02:00:00,4190.58
2024-03-06 03:00:00,4167.97
2024-03-06 04:00:00,4149.17
2024-03-06 05:00:00,4162.73
2024-03-06 06:00:00,4191.33
2024-03-06 07:00:00,4226.06
2024-03-06 08:00:00,4270.7
2024-03-06 09:00:00,4364.51
2024-03-06 10:00:00,4519.01
2024-03-06 11:00:00,4655.51
2024-03-06 12:00:00,4769.85
2024-03-06 13:00:00,4768.29
2024-03-06 14:00:00,4875.1
2024-03-06 15:00:00,4946.27
2024-03-06 16:00:00,4992.15
2024-03-06 17:00:00,4952.88
2024-03-06 18:00:00,4744.5
2024-03-06 19:00:00,4627.85
2024-03-06 20:00:00,4546.19
2024-03-06 21:00:00,4476.92
2024-03-06 22:00:00,4390.23
2024-03-06 23:00:00,4318.44
2024-03-07 00:00:00,4196.83
2024-03-07 01:00:00,4150.53
2024-03-07 02:00:00,4116.91
2024-03-07 03:00:00,4097.75
2024-03-07 04:00:00,4094.17
2024-03-07 05:00:00,4103.07
2024-03-07 06:00:00,4127.44
2024-03-07 07:00:00,4162.02
2024-03-07 08:00:00,4211.77
2024-03-07 09:00:00,4328.85
2024-03-07 10:00:00,4417.88
2024-03-07 11:00:00,4575.21
2024-03-07 12:00:00,4727.42
2024-03-07 13:00:00,4752.12
2024-03-07 14:00:00,4810.17
2024-03-07 15:00:00,4850.51
2024-03-07 16:00:00,4844.06
2024-03-07 17:00:00,4814.96
2024-03-07 18:00:00,4629.86
2024-03-07 19:00:00,4541.9
2024-03-07 20:00:00,4463.31
2024-03-07 21:00:00,4393.97
2024-03-07 22:00:00,4355.73
2024-03-07 23:00:00,4287.31
2024-03-08 00:00:00,4079.53
2024-03-08 01:00:00,4062.83
2024-03-08 02:00:00,4025.67
2024-03-08 03:00:00,4008.09
2024-03-08 04:00:00,4002.97
2024-03-08 05:00:00,4003.48
2024-03-08 06:00:00,4030.6
2024-03-08 07:00:00,4067.08
2024-03-08 08:00:00,4122.68
2024-03-08 09:00:00,4198.55
2024-03-08 10:00:00,4122.03
2024-03-08 11:00:00,4257.89
2024-03-08 12:00:00,4345.64
2024-03-08 13:00:00,4438.63
2024-03-08 14:00:00,4465.81
2024-03-08 15:00:00,4509.75
2024-03-08 16:00:00,4526.58
2024-03-08 17:00:00,4509.5
2024-03-08 18:00:00,4425.66
2024-03-08 19:00:00,4387.52
2024-03-08 20:00:00,4325.33
2024-03-08 21:00:00,4251.78
2024-03-08 22:00:00,4205.51
2024-03-08 23:00:00,4135.92
2024-03-09 00:00:00,3958.62
2024-03-09 01:00:00,3952.12
2024-03-09 02:00:00,3928.32
2024-03-09 03:00:00,3891.2
2024-03-09 04:00:00,3892.3
2024-03-09 05:00:00,3908.48
2024-03-09 06:00:00,3922.92
2024-03-09 07:00:00,3961.98
2024-03-09 08:00:00,4001.29
2024-03-09 09:00:00,4138.12
2024-03-09 10:00:00,3864.07
2024-03-09 11:00:00,4002.9
2024-03-09 12:00:00,4101.87
2024-03-09 13:00:00,4238.13
2024-03-09 14:00:00,4254.45
2024-03-09 15:00:00,4290.48
2024-03-09 16:00:00,4284.33
2024-03-09 17:00:00,4256.13
2024-03-09 18:00:00,4256.64
2024-03-09 19:00:00,4264.07
2024-03-09 20:00:00,4212.14
2024-03-09 21:00:00,4152.66
2024-03-09 22:00:00,4088.02
2024-03-09 23:00:00,4021.29
2024-03-10 00:00:00,3972.48
2024-03-10 01:00:00,3955.29
2024-03-10 02:00:00,3916.97
2024-03-10 03:00:00,3898.02
2024-03-10 04:00:00,3890.3
2024-03-10 05:00:00,3897.59
2024-03-10 06:00:00,3923.52
2024-03-10 07:00:00,3960.5
2024-03-10 08:00:00,4002.33
2024-03-10 09:00:00,4152.81
2024-03-10 10:00:00,3634.5
2024-03-10 11:00:00,3812.52
2024-03-10 12:00:00,3974.43
2024-03-10 13:00:00,4150.25
2024-03-10 14:00:00,4222.81
2024-03-10 15:00:00,4283.34
2024-03-10 16:00:00,4295.99
2024-03-10 17:00:00,4269.2
2024-03-10 18:00:00,4284.25
2024-03-10 19:00:00,4286.88
2024-03-10 20:00:00,4234.01
2024-03-10 21:00:00,4164.63
2024-03-10 22:00:00,4088.35
2024-03-10 23:00:00,4021.9
2024-03-11 00:00:00,4069.83
2024-03-11 01:00:00,4018.61
2024-03-11 02:00:00,3979.79
2024-03-11 03:00:00,3954.07
2024-03-11 04:00:00,3937.21
2024-03-11 05:00:00,3941.28
2024-03-11 06:00:00,3962.02
2024-03-11 07:00:00,4002.08
2024-03-11 08:00:00,4054.89
2024-03-11 09:00:00,4124.41
2024-03-11 10:00:00,4188.49
2024-03-11 11:00:00,4256.85
2024-03-11 12:00:00,4316.68
2024-03-11 13:00:00,4375.06
2024-03-11 14:00:00,4410.09
2024-03-11 15:00:00,4427.65
2024-03-11 16:00:00,4433.12
2024-03-11 17:00:00,4419.73
2024-03-11 18:00:00,4390.01
2024-03-11 19:00:00,4347.54
2024-03-11 20:00:00,4290.09
2024-03-11 21:00:00,4228.06
2024-03-11 22:00:00,4170.79
2024-03-11 23:00:00,4113.39
2024-03-12 00:00:00,4207.97
2024-03-12 01:00:00,4173.41
2024-03-12 02:00:00,4147.91
2024-03-12 03:00:00,4132.74
2024-03-12 04:00:00,4121.21
2024-03-12 05:00:00,4131.43
2024-03-12 06:00:00,4154.51
2024-03-12 07:00:00,4195.22
2024-03-12 08:00:00,4252.43
2024-03-12 09:00:00,4321.27
2024-03-12 10:00:00,4423.53
2024-03-12 11:00:00,4482.35
2024-03-12 12:00:00,4525.73
2024-03-12 13:00:00,4579.57
2024-03-12 14:00:00,4620.13
2024-03-12 15:00:00,4640.66
2024-03-12 16:00:00,4643.63
2024-03-12 17:00:00,4632.06
2024-03-12 18:00:00,4599.59
2024-03-12 19:00:00,4552.14
2024-03-12 20:00:00,4493.25
2024-03-12 21:00:00,4423.43
2024-03-12 22:00:00,4374.33
2024-03-12 23:00:00,4311.64
2024-03-13 00:00:00,4328.61
2024-03-13 01:00:00,4276.87
2024-03-13 02:00:00,4253.51
2024-03-13 03:00:00,4241.91
2024-03-13 04:00:00,4230.28
2024-03-13 05:00:00,4234.12
2024-03-13 06:00:00,4252.87
2024-03-13 07:00:00,4285.22
2024-03-13 08:00:00,4322.85
2024-03-13 09:00:00,4393.34
2024-03-13 10:00:00,4582.29
2024-03-13 11:00:00,4700.69
2024-03-13 12:00:00,4826.46
2024-03-13 13:00:00,4798.08
2024-03-13 14:00:00,4923.1
2024-03-13 15:00:00,4987.7
2024-03-13 16:00:00,5083.5
2024-03-13 17:00:00,5059.21
2024-03-13 18:00:00,4793.52
2024-03-13 19:00:00,4654.26
2024-03-13 20:00:00,4569.56
2024-03-13 21:00:00,4505.54
2024-03-13 22:00:00,4436.31
2024-03-13 23:00:00,4373.37
2024-03-14 00:00:00,4254.39
2024-03-14 01:00:00,4208.47
2024-03-14 02:00:00,4181.78
2024-03-14 03:00:00,4163.6
2024-03-14 04:00:00,4149.41
2024-03-14 05:00:00,4155.1
2024-03-14 06:00:00,4176.26
2024-03-14 07:00:00,4209.46
2024-03-14 08:00:00,4256.99
2024-03-14 09:00:00,4364.77
2024-03-14 10:00:00,4583.76
2024-03-14 11:00:00,4703.69
2024-03-14 12:00:00,4885.88
2024-03-14 13:00:00,4875.6
2024-03-14 14:00:00,4981.6
2024-03-14 15:00:00,5028.29
2024-03-14 16:00:00,5052.07
2024-03-14 17:00:00,5021.77
2024-03-14 18:00:00,4739.09
2024-03-14 19:00:00,4616.41
2024-03-14 20:00:00,4531.37
2024-03-14 21:00:00,4458.14
2024-03-14 22:00:00,4391.43
2024-03-14 23:00:00,4324.91
2024-03-15 00:00:00,4111.92
2024-03-15 01:00:00,4087.03
2024-03-15 02:00:00,4058.49
2024-03-15 03:00:00,4042.27
2024-03-15 04:00:00,4018.04
2024-03-15 05:00:00,4022.19
2024-03-15 06:00:00,4044.41
2024-03-15 07:00:00,4076.31
2024-03-15 08:00:00,4123.71
2024-03-15 09:00:00,4265.51
2024-03-15 10:00:00,4074.83
2024-03-15 11:00:00,4254.82
2024-03-15 12:00:00,4425.31
2024-03-15 13:00:00,4524.77
2024-03-15 14:00:00,4588.85
2024-03-15 15:00:00,4652.29
2024-03-15 16:00:00,4640.21
2024-03-15 17:00:00,4615.48
2024-03-15 18:00:00,4489.05
2024-03-15 19:00:00,4441.19
2024-03-15 20:00:00,4369.73
2024-03-15 21:00:00,4301.12
2024-03-15 22:00:00,4234.55
2024-03-15 23:00:00,4165.81
2024-03-16 00:00:00,3979.28
2024-03-16 01:00:00,3977.97
2024-03-16 02:00:00,3954.32
2024-03-16 03:00:00,3940.95
2024-03-16 04:00:00,3918.7
2024-03-16 05:00:00,3924.74
2024-03-16 06:00:00,3946.68
2024-03-16 07:00:00,3975.88
2024-03-16 08:00:00,4023.28
2024-03-16 09:00:00,4180.87
2024-03-16 10:00:00,3678.83
2024-03-16 11:00:00,3870.43
2024-03-16 12:00:00,4057.68
2024-03-16 13:00:00,4237.66
2024-03-16 14:00:00,4288.68
2024-03-16 15:00:00,4341.71
2024-03-16 16:00:00,4398.26
2024-03-16 17:00:00,4372.36
2024-03-16 18:00:00,4333.36
2024-03-16 19:00:00,4328.39
2024-03-16 20:00:00,4262.65
2024-03-16 21:00:00,4191.91
2024-03-16 22:00:00,4120.33
2024-03-16 23:00:00,4054.99
2024-03-17 00:00:00,3981.42
2024-03-17 01:00:00,3978.29
2024-03-17 02:00:00,3958.93
2024-03-17 03:00:00,3943.66
2024-03-17 04:00:00,3935.8
2024-03-17 05:00:00,3937.12
2024-03-17 06:00:00,3958.36
2024-03-17 07:00:00,3982.64
2024-03-17 08:00:00,4032.13
2024-03-17 09:00:00,4173.79
2024-03-17 10:00:00,3604.17
2024-03-17 11:00:00,3781.94
2024-03-17 12:00:00,3963.82
2024-03-17 13:00:00,4154.15
2024-03-17 14:00:00,4234.0
2024-03-17 15:00:00,4293.78
2024-03-17 16:00:00,4294.17
2024-03-17 17:00:00,4273.93
2024-03-17 18:00:00,4298.75
2024-03-17 19:00:00,4304.33
2024-03-17 20:00:00,4250.51
2024-03-17 21:00:00,4185.57
2024-03-17 22:00:00,4107.0
2024-03-17 23:00:00,4033.73
2024-03-18 00:00:00,4077.59
2024-03-18 01:00:00,4026.3
2024-03-18 02:00:00,3984.17
2024-03-18 03:00:00,3959.29
2024-03-18 04:00:00,3940.56
2024-03-18 05:00:00,3949.24
2024-03-18 06:00:00,3976.18
2024-03-18 07:00:00,4016.47
2024-03-18 08:00:00,4072.13
2024-03-18 09:00:00,4141.55
2024-03-18 10:00:00,4207.12
2024-03-18 11:00:00,4277.18
2024-03-18 12:00:00,4337.89
2024-03-18 13:00:00,4397.18
2024-03-18 14:00:00,4439.26
2024-03-18 15:00:00,4467.37
2024-03-18 16:00:00,4469.36
2024-03-18 17:00:00,4456.83
2024-03-18 18:00:00,4427.42
2024-03-18 19:00:00,4382.89
2024-03-18 20:00:00,4324.7
2024-03-18 21:00:00,4256.37
2024-03-18 22:00:00,4190.17
2024-03-18 23:00:00,4119.08
2024-03-19 00:00:00,4201.74
2024-03-19 01:00:00,4150.67
2024-03-19 02:00:00,4114.86
2024-03-19 03:00:00,4089.3
2024-03-19 04:00:00,4082.2
2024-03-19 05:00:00,4094.52
2024-03-19 06:00:00,4120.32
2024-03-19 07:00:00,4162.52
2024-03-19 08:00:00,4218.29
2024-03-19 09:00:00,4283.73
2024-03-19 10:00:00,4348.36
2024-03-19 11:00:00,4411.45
2024-03-19 12:00:00,4474.87
2024-03-19 13:00:00,4528.51
2024-03-19 14:00:00,4572.9
2024-03-19 15:00:00,4596.66
2024-03-19 16:00:00,4608.39
2024-03-19 17:00:00,4597.09
2024-03-19 18:00:00,4561.7
2024-03-19 19:00:00,4515.67
2024-03-19 20:00:00,4458.41
2024-03-19 21:00:00,4390.51
2024-03-19 22:00:00,4346.06
2024-03-19 23:00:00,4286.9
2024-03-20 00:00:00,4302.41
2024-03-20 01:00:00,4258.73
2024-03-20 02:00:00,4247.4
2024-03-20 03:00:00,4238.55
2024-03-20 04:00:00,4260.94
2024-03-20 05:00:00,4238.88
2024-03-20 06:00:00,4255.77
2024-03-20 07:00:00,4291.45
2024-03-20 08:00:00,4327.67
2024-03-20 09:00:00,4395.93
2024-03-20 10:00:00,4575.39
2024-03-20 11:00:00,4690.2
2024-03-20 12:00:00,4821.62
2024-03-20 13:00:00,4808.43
2024-03-20 14:00:00,4876.53
2024-03-20 15:00:00,4943.94
2024-03-20 16:00:00,4999.04
2024-03-20 17:00:00,4958.61
2024-03-20 18:00:00,4748.98
2024-03-20 19:00:00,4644.51
2024-03-20 20:00:00,4570.93
2024-03-20 21:00:00,4511.97
2024-03-20 22:00:00,4443.84
2024-03-20 23:00:00,4384.87
2024-03-21 00:00:00,4267.56
2024-03-21 01:00:00,4228.48
2024-03-21 02:00:00,4191.84
2024-03-21 03:00:00,4176.68
2024-03-21 04:00:00,4165.83
2024-03-21 05:00:00,4172.02
2024-03-21 06:00:00,4195.5
2024-03-21 07:00:00,4232.64
2024-03-21 08:00:00,4278.87
2024-03-21 09:00:00,4374.93
2024-03-21 10:00:00,4578.08
2024-03-21 11:00:00,4726.82
2024-03-21 12:00:00,4865.84
2024-03-21 13:00:00,4866.93
2024-03-21 14:00:00,4962.44
2024-03-21 15:00:00,4995.71
2024-03-21 16:00:00,5060.0
2024-03-21 17:00:00,4999.57
2024-03-21 18:00:00,4741.52
2024-03-21 19:00:00,4611.69
2024-03-21 20:00:00,4525.1
2024-03-21 21:00:00,4451.99
2024-03-21 22:00:00,4406.34
2024-03-21 23:00:00,4334.41
2024-03-22 00:00:00,4120.29
2024-03-22 01:00:00,4099.15
2024-03-22 02:00:00,4075.64
2024-03-22 03:00:00,4045.6
2024-03-22 04:00:00,4043.96
2024-03-22 05:00:00,4042.45
2024-03-22 06:00:00,4072.36
2024-03-22 07:00:00,4116.49
2024-03-22 08:00:00,4164.11
2024-03-22 09:00:00,4284.57
2024-03-22 10:00:00,4240.94
2024-03-22 11:00:00,4414.91
2024-03-22 12:00:00,4571.45
2024-03-22 13:00:00,4638.35
2024-03-22 14:00:00,4727.34
2024-03-22 15:00:00,4796.65
2024-03-22 16:00:00,4800.67
2024-03-22 17:00:00,4767.8
2024-03-22 18:00:00,4573.3
2024-03-22 19:00:00,4495.77
2024-03-22 20:00:00,4420.4
2024-03-22 21:00:00,4347.77
2024-03-22 22:00:00,4272.55
2024-03-22 23:00:00,4208.47
2024-03-23 00:00:00,4020.92
2024-03-23 01:00:00,4015.45
2024-03-23 02:00:00,4009.29
2024-03-23 03:00:00,4007.75
2024-03-23 04:00:00,4004.97
2024-03-23 05:00:00,3991.56
2024-03-23 06:00:00,3999.6
2024-03-23 07:00:00,4033.45
2024-03-23 08:00:00,4070.02
2024-03-23 09:00:00,4206.45
2024-03-23 10:00:00,3861.02
2024-03-23 11:00:00,4058.66
2024-03-23 12:00:00,4221.39
2024-03-23 13:00:00,4372.04
2024-03-23 14:00:00,4483.47
2024-03-23 15:00:00,4551.39
2024-03-23 16:00:00,4489.73
2024-03-23 17:00:00,4469.04
2024-03-23 18:00:00,4410.74
2024-03-23 19:00:00,4384.43
2024-03-23 20:00:00,4317.82
2024-03-23 21:00:00,4243.51
2024-03-23 22:00:00,4177.94
2024-03-23 23:00:00,4106.56
2024-03-24 00:00:00,4039.11
2024-03-24 01:00:00,4029.15
2024-03-24 02:00:00,4001.44
2024-03-24 03:00:00,3990.62
2024-03-24 04:00:00,3980.3
2024-03-24 05:00:00,3967.56
2024-03-24 06:00:00,3979.58
2024-03-24 07:00:00,4019.48
2024-03-24 08:00:00,4065.14
2024-03-24 09:00:00,4197.26
2024-03-24 10:00:00,3685.51
2024-03-24 11:00:00,3891.83
2024-03-24 12:00:00,4082.12
2024-03-24 13:00:00,4256.79
2024-03-24 14:00:00,4390.43
2024-03-24 15:00:00,4459.78
2024-03-24 16:00:00,4488.38
2024-03-24 17:00:00,4462.45
2024-03-24 18:00:00,4428.12
2024-03-24 19:00:00,4392.67
2024-03-24 20:00:00,4325.43
2024-03-24 21:00:00,4249.26
2024-03-24 22:00:00,4185.13
2024-03-24 23:00:00,4116.89
2024-03-25 00:00:00,4160.05
2024-03-25 01:00:00,4122.96
2024-03-25 02:00:00,4096.66
2024-03-25 03:00:00,4078.22
2024-03-25 04:00:00,4051.61
2024-03-25 05:00:00,4048.43
2024-03-25 06:00:00,4067.34
2024-03-25 07:00:00,4100.53
2024-03-25 08:00:00,4156.84
2024-03-25 09:00:00,4227.63
2024-03-25 10:00:00,4279.94
2024-03-25 11:00:00,4364.15
2024-03-25 12:00:00,4440.73
2024-03-25 13:00:00,4504.41
2024-03-25 14:00:00,4558.39
2024-03-25 15:00:00,4587.64
2024-03-25 16:00:00,4612.79
2024-03-25 17:00:00,4600.43
2024-03-25 18:00:00,4566.65
2024-03-25 19:00:00,4511.69
2024-03-25 20:00:00,4442.88
2024-03-25 21:00:00,4361.62
2024-03-25 22:00:00,4285.08
2024-03-25 23:00:00,4206.78
2024-03-26 00:00:00,4282.05
2024-03-26 01:00:00,4219.97
2024-03-26 02:00:00,4170.75
2024-03-26 03:00:00,4139.86
2024-03-26 04:00:00,4126.09
2024-03-26 05:00:00,4126.07
2024-03-26 06:00:00,4149.04
2024-03-26 07:00:00,4186.57
2024-03-26 08:00:00,4237.52
2024-03-26 09:00:00,4301.16
2024-03-26 10:00:00,4367.43
2024-03-26 11:00:00,4434.15
2024-03-26 12:00:00,4496.91
2024-03-26 13:00:00,4554.08
2024-03-26 14:00:00,4604.24
2024-03-26 15:00:00,4635.08
2024-03-26 16:00:00,4644.67
2024-03-26 17:00:00,4640.98
2024-03-26 18:00:00,4615.77
2024-03-26 19:00:00,4575.15
2024-03-26 20:00:00,4520.66
2024-03-26 21:00:00,4457.64
2024-03-26 22:00:00,4384.62
2024-03-26 23:00:00,4313.69
2024-03-27 00:00:00,4319.78
2024-03-27 01:00:00,4264.13
2024-03-27 02:00:00,4232.83
2024-03-27 03:00:00,4215.69
2024-03-27 04:00:00,4201.26
2024-03-27 05:00:00,4207.53
2024-03-27 06:00:00,4231.22
2024-03-27 07:00:00,4267.37
2024-03-27 08:00:00,4317.9
2024-03-27 09:00:00,4404.76
2024-03-27 10:00:00,4703.05
2024-03-27 11:00:00,4882.05
2024-03-27 12:00:00,5028.12
2024-03-27 13:00:00,4971.82
2024-03-27 14:00:00,5149.04
2024-03-27 15:00:00,5218.06
2024-03-27 16:00:00,5248.42
2024-03-27 17:00:00,5195.1
2024-03-27 18:00:00,4854.89
2024-03-27 19:00:00,4699.83
2024-03-27 20:00:00,4614.82
2024-03-27 21:00:00,4541.04
2024-03-27 22:00:00,4490.66
2024-03-27 23:00:00,4420.64
2024-03-28 00:00:00,4288.46
2024-03-28 01:00:00,4238.53
2024-03-28 02:00:00,4209.78
2024-03-28 03:00:00,4194.1
2024-03-28 04:00:00,4181.96
2024-03-28 05:00:00,4186.37
2024-03-28 06:00:00,4210.47
2024-03-28 07:00:00,4246.19
2024-03-28 08:00:00,4296.01
2024-03-28 09:00:00,4397.31
2024-03-28 10:00:00,4756.2
2024-03-28 11:00:00,4941.68
2024-03-28 12:00:00,5118.17
2024-03-28 13:00:00,5069.87
2024-03-28 14:00:00,5217.65
2024-03-28 15:00:00,5265.97
2024-03-28 16:00:00,5261.73
2024-03-28 17:00:00,5197.59
2024-03-28 18:00:00,4831.07
2024-03-28 19:00:00,4679.89
2024-03-28 20:00:00,4588.16
2024-03-28 21:00:00,4506.81
2024-03-28 22:00:00,4471.73
2024-03-28 23:00:00,4391.74
2024-03-29 00:00:00,4165.31
2024-03-29 01:00:00,4120.67
2024-03-29 02:00:00,4085.22
2024-03-29 03:00:00,4061.8
2024-03-29 04:00:00,4032.83
2024-03-29 05:00:00,4046.62
2024-03-29 06:00:00,4072.26
2024-03-29 07:00:00,4107.37
2024-03-29 08:00:00,4153.45
2024-03-29 09:00:00,4285.14
2024-03-29 10:00:00,4216.01
2024-03-29 11:00:00,4391.93
2024-03-29 12:00:00,4554.56
2024-03-29 13:00:00,4642.92
2024-03-29 14:00:00,4751.22
2024-03-29 15:00:00,4818.32
2024-03-29 16:00:00,4818.14
2024-03-29 17:00:00,4800.25
2024-03-29 18:00:00,4600.93
2024-03-29 19:00:00,4517.2
2024-03-29 20:00:00,4439.13
2024-03-29 21:00:00,4364.28
2024-03-29 22:00:00,4288.26
2024-03-29 23:00:00,4213.27
2024-03-30 00:00:00,4017.2
2024-03-30 01:00:00,4004.74
2024-03-30 02:00:00,3978.96
2024-03-30 03:00:00,3964.55
2024-03-30 04:00:00,3926.49
2024-03-30 05:00:00,3936.87
2024-03-30 06:00:00,3962.43
2024-03-30 07:00:00,3997.32
2024-03-30 08:00:00,4047.76
2024-03-30 09:00:00,4196.17
2024-03-30 10:00:00,3767.14
2024-03-30 11:00:00,3975.91
2024-03-30 12:00:00,4167.11
2024-03-30 13:00:00,4335.65
2024-03-30 14:00:00,4443.45
2024-03-30 15:00:00,4523.32
2024-03-30 16:00:00,4542.74
2024-03-30 17:00:00,4519.69
2024-03-30 18:00:00,4440.49
2024-03-30 19:00:00,4402.96
2024-03-30 20:00:00,4335.69
2024-03-30 21:00:00,4260.46
2024-03-30 22:00:00,4175.34
2024-03-30 23:00:00,4110.11
2024-03-31 00:00:00,4043.81
2024-03-31 01:00:00,4025.72
2024-03-31 02:00:00,3992.34
2024-03-31 03:00:00,3972.44
2024-03-31 04:00:00,3940.45
2024-03-31 05:00:00,3952.21
2024-03-31 06:00:00,3982.79
2024-03-31 07:00:00,4027.5
2024-03-31 08:00:00,4079.34
2024-03-31 09:00:00,4218.16
2024-03-31 10:00:00,3701.61
2024-03-31 11:00:00,3911.32
2024-03-31 12:00:00,4105.82
2024-03-31 13:00:00,4261.6
2024-03-31 14:00:00,4396.98
2024-03-31 15:00:00,4475.6
2024-03-31 16:00:00,4377.17
2024-03-31 17:00:00,4361.24
2024-03-31 18:00:00,4360.84
2024-03-31 19:00:00,4348.05
2024-03-31 20:00:00,4288.5
2024-03-31 21:00:00,4217.78
2024-03-31 22:00:00,4143.51
2024-03-31 23:00:00,4069.01
2024-04-01 00:00:00,4248.52
2024-04-01 01:00:00,4209.12
2024-04-01 02:00:00,4180.1
2024-04-01 03:00:00,4163.13
2024-04-01 04:00:00,4166.73
2024-04-01 05:00:00,4166.81
2024-04-01 06:00:00,4184.65
2024-04-01 07:00:00,4222.74
2024-04-01 08:00:00,4276.82
2024-04-01 09:00:00,4344.56
2024-04-01 10:00:00,4409.34
2024-04-01 11:00:00,4481.62
2024-04-01 12:00:00,4548.59
2024-04-01 13:00:00,4614.57
2024-04-01 14:00:00,4667.9
2024-04-01 15:00:00,4701.12
2024-04-01 16:00:00,4719.34
2024-04-01 17:00:00,4705.78
2024-04-01 18:00:00,4671.63
2024-04-01 19:00:00,4622.69
2024-04-01 20:00:00,4558.79
2024-04-01 21:00:00,4483.07
2024-04-01 22:00:00,4411.23
2024-04-01 23:00:00,4351.55
2024-04-02 00:00:00,4442.07
2024-04-02 01:00:00,4409.36
2024-04-02 02:00:00,4389.06
2024-04-02 03:00:00,4380.62
2024-04-02 04:00:00,4356.23
2024-04-02 05:00:00,4360.37
2024-04-02 06:00:00,4388.74
2024-04-02 07:00:00,4425.47
2024-04-02 08:00:00,4479.76
2024-04-02 09:00:00,4544.98
2024-04-02 10:00:00,4625.23
2024-04-02 11:00:00,4705.25
2024-04-02 12:00:00,4780.7
2024-04-02 13:00:00,4842.1
2024-04-02 14:00:00,4896.48
2024-04-02 15:00:00,4924.51
2024-04-02 16:00:00,4939.86
2024-04-02 17:00:00,4933.64
2024-04-02 18:00:00,4894.75
2024-04-02 19:00:00,4839.59
2024-04-02 20:00:00,4772.49
2024-04-02 21:00:00,4692.41
2024-04-02 22:00:00,4625.27
2024-04-02 23:00:00,4559.72
2024-04-03 00:00:00,4571.81
2024-04-03 01:00:00,4507.04
2024-04-03 02:00:00,4495.31
2024-04-03 03:00:00,4479.81
2024-04-03 04:00:00,4450.01
2024-04-03 05:00:00,4457.81
2024-04-03 06:00:00,4475.95
2024-04-03 07:00:00,4504.38
2024-04-03 08:00:00,4541.37
2024-04-03 09:00:00,4583.34
2024-04-03 10:00:00,5390.32
2024-04-03 11:00:00,5560.07
2024-04-03 12:00:00,5727.2
2024-04-03 13:00:00,5542.45
2024-04-03 14:00:00,5824.49
2024-04-03 15:00:00,5893.3
2024-04-03 16:00:00,5919.51
2024-04-03 17:00:00,5846.64
2024-04-03 18:00:00,5209.63
2024-04-03 19:00:00,4953.96
2024-04-03 20:00:00,4856.75
2024-04-03 21:00:00,4771.17
2024-04-03 22:00:00,4705.72
2024-04-03 23:00:00,4632.95
2024-04-04 00:00:00,4501.81
2024-04-04 01:00:00,4416.3
2024-04-04 02:00:00,4386.61
2024-04-04 03:00:00,4369.27
2024-04-04 04:00:00,4331.53
2024-04-04 05:00:00,4327.04
2024-04-04 06:00:00,4341.2
2024-04-04 07:00:00,4366.42
2024-04-04 08:00:00,4405.96
2024-04-04 09:00:00,4467.45
2024-04-04 10:00:00,5017.48
2024-04-04 11:00:00,5195.03
2024-04-04 12:00:00,5354.27
2024-04-04 13:00:00,5219.46
2024-04-04 14:00:00,5422.48
2024-04-04 15:00:00,5475.29
2024-04-04 16:00:00,5464.72
2024-04-04 17:00:00,5449.4
2024-04-04 18:00:00,5000.29
2024-04-04 19:00:00,4804.62
2024-04-04 20:00:00,4713.78
2024-04-04 21:00:00,4639.3
2024-04-04 22:00:00,4561.42
2024-04-04 23:00:00,4480.28
2024-04-05 00:00:00,4259.97
2024-04-05 01:00:00,4198.47
2024-04-05 02:00:00,4161.48
2024-04-05 03:00:00,4140.27
2024-04-05 04:00:00,4129.66
2024-04-05 05:00:00,4132.29
2024-04-05 06:00:00,4151.34
2024-04-05 07:00:00,4184.39
2024-04-05 08:00:00,4231.61
2024-04-05 09:00:00,4343.89
2024-04-05 10:00:00,4438.75
2024-04-05 11:00:00,4620.58
2024-04-05 12:00:00,4784.04
2024-04-05 13:00:00,4803.28
2024-04-05 14:00:00,4941.94
2024-04-05 15:00:00,5002.57
2024-04-05 16:00:00,5010.18
2024-04-05 17:00:00,4985.4
2024-04-05 18:00:00,4720.03
2024-04-05 19:00:00,4608.37
2024-04-05 20:00:00,4532.62
2024-04-05 21:00:00,4461.97
2024-04-05 22:00:00,4399.27
2024-04-05 23:00:00,4327.42
2024-04-06 00:00:00,4135.74
2024-04-06 01:00:00,4101.89
2024-04-06 02:00:00,4073.32
2024-04-06 03:00:00,4056.35
2024-04-06 04:00:00,4035.79
2024-04-06 05:00:00,4037.1
2024-04-06 06:00:00,4056.23
2024-04-06 07:00:00,4086.59
2024-04-06 08:00:00,4133.51
2024-04-06 09:00:00,4259.87
2024-04-06 10:00:00,3989.43
2024-04-06 11:00:00,4194.2
2024-04-06 12:00:00,4383.15
2024-04-06 13:00:00,4482.71
2024-04-06 14:00:00,4596.17
2024-04-06 15:00:00,4649.13
2024-04-06 16:00:00,4692.24
2024-04-06 17:00:00,4668.55
2024-04-06 18:00:00,4537.25
2024-04-06 19:00:00,4473.83
2024-04-06 20:00:00,4409.16
2024-04-06 21:00:00,4337.63
2024-04-06 22:00:00,4264.37
2024-04-06 23:00:00,4192.7
2024-04-07 00:00:00,4113.63
2024-04-07 01:00:00,4075.83
2024-04-07 02:00:00,4042.15
2024-04-07 03:00:00,4022.43
2024-04-07 04:00:00,4013.08
2024-04-07 05:00:00,4015.15
2024-04-07 06:00:00,4032.76
2024-04-07 07:00:00,4066.25
2024-04-07 08:00:00,4114.27
2024-04-07 09:00:00,4236.23
2024-04-07 10:00:00,3880.07
2024-04-07 11:00:00,4079.34
2024-04-07 12:00:00,4270.63
2024-04-07 13:00:00,4391.94
2024-04-07 14:00:00,4536.25
2024-04-07 15:00:00,4608.94
2024-04-07 16:00:00,4659.94
2024-04-07 17:00:00,4644.22
2024-04-07 18:00:00,4550.36
2024-04-07 19:00:00,4481.72
2024-04-07 20:00:00,4419.77
2024-04-07 21:00:00,4349.03
2024-04-07 22:00:00,4286.86
2024-04-07 23:00:00,4211.98
2024-04-08 00:00:00,4253.76
2024-04-08 01:00:00,4193.65
2024-04-08 02:00:00,4144.9
2024-04-08 03:00:00,4111.83
2024-04-08 04:00:00,4105.03
2024-04-08 05:00:00,4105.96
2024-04-08 06:00:00,4129.49
2024-04-08 07:00:00,4169.79
2024-04-08 08:00:00,4225.01
2024-04-08 09:00:00,4293.59
2024-04-08 10:00:00,4358.98
2024-04-08 11:00:00,4435.12
2024-04-08 12:00:00,4505.28
2024-04-08 13:00:00,4563.27
2024-04-08 14:00:00,4608.77
2024-04-08 15:00:00,4634.48
2024-04-08 16:00:00,4667.7
2024-04-08 17:00:00,4653.28
2024-04-08 18:00:00,4613.87
2024-04-08 19:00:00,4565.1
2024-04-08 20:00:00,4503.1
2024-04-08 21:00:00,4431.01
2024-04-08 22:00:00,4344.54
2024-04-08 23:00:00,4273.32
2024-04-09 00:00:00,4355.07
2024-04-09 01:00:00,4300.46
2024-04-09 02:00:00,4254.94
2024-04-09 03:00:00,4227.32
2024-04-09 04:00:00,4224.21
2024-04-09 05:00:00,4231.49
2024-04-09 06:00:00,4255.33
2024-04-09 07:00:00,4296.92
2024-04-09 08:00:00,4352.43
2024-04-09 09:00:00,4419.12
2024-04-09 10:00:00,4490.47
2024-04-09 11:00:00,4565.21
2024-04-09 12:00:00,4635.84
2024-04-09 13:00:00,4695.27
2024-04-09 14:00:00,4747.14
2024-04-09 15:00:00,4778.18
2024-04-09 16:00:00,4819.62
2024-04-09 17:00:00,4815.43
2024-04-09 18:00:00,4786.66
2024-04-09 19:00:00,4742.05
2024-04-09 20:00:00,4683.0
2024-04-09 21:00:00,4611.94
2024-04-09 22:00:00,4537.0
2024-04-09 23:00:00,4461.84
2024-04-10 00:00:00,4470.49
2024-04-10 01:00:00,4377.59
2024-04-10 02:00:00,4340.75
2024-04-10 03:00:00,4316.67
2024-04-10 04:00:00,4305.06
2024-04-10 05:00:00,4312.1
2024-04-10 06:00:00,4334.66
2024-04-10 07:00:00,4372.52
2024-04-10 08:00:00,4423.49
2024-04-10 09:00:00,4481.76
2024-04-10 10:00:00,5040.78
2024-04-10 11:00:00,5219.77
2024-04-10 12:00:00,5389.56
2024-04-10 13:00:00,5247.53
2024-04-10 14:00:00,5488.31
2024-04-10 15:00:00,5565.49
2024-04-10 16:00:00,5626.55
2024-04-10 17:00:00,5605.1
2024-04-10 18:00:00,5116.93
2024-04-10 19:00:00,4886.36
2024-04-10 20:00:00,4795.25
2024-04-10 21:00:00,4720.9
2024-04-10 22:00:00,4637.8
2024-04-10 23:00:00,4574.89
2024-04-11 00:00:00,4451.92
2024-04-11 01:00:00,4377.79
2024-04-11 02:00:00,4350.4
2024-04-11 03:00:00,4336.94
2024-04-11 04:00:00,4319.84
2024-04-11 05:00:00,4321.43
2024-04-11 06:00:00,4343.11
2024-04-11 07:00:00,4376.54
2024-04-11 08:00:00,4424.2
2024-04-11 09:00:00,4482.51
2024-04-11 10:00:00,5094.38
2024-04-11 11:00:00,5297.45
2024-04-11 12:00:00,5484.82
2024-04-11 13:00:00,5333.0
2024-04-11 14:00:00,5567.37
2024-04-11 15:00:00,5633.51
2024-04-11 16:00:00,5601.78
2024-04-11 17:00:00,5570.55
2024-04-11 18:00:00,5068.72
2024-04-11 19:00:00,4850.41
2024-04-11 20:00:00,4756.25
2024-04-11 21:00:00,4676.79
2024-04-11 22:00:00,4589.6
2024-04-11 23:00:00,4522.79
2024-04-12 00:00:00,4310.72
2024-04-12 01:00:00,4256.2
2024-04-12 02:00:00,4233.49
2024-04-12 03:00:00,4215.64
2024-04-12 04:00:00,4196.8
2024-04-12 05:00:00,4200.21
2024-04-12 06:00:00,4223.17
2024-04-12 07:00:00,4256.19
2024-04-12 08:00:00,4306.18
2024-04-12 09:00:00,4391.48
2024-04-12 10:00:00,4642.13
2024-04-12 11:00:00,4845.5
2024-04-12 12:00:00,5033.79
2024-04-12 13:00:00,5000.79
2024-04-12 14:00:00,5188.2
2024-04-12 15:00:00,5236.17
2024-04-12 16:00:00,5235.72
2024-04-12 17:00:00,5199.01
2024-04-12 18:00:00,4842.75
2024-04-12 19:00:00,4690.61
2024-04-12 20:00:00,4607.85
2024-04-12 21:00:00,4529.36
2024-04-12 22:00:00,4475.22
2024-04-12 23:00:00,4402.91
2024-04-13 00:00:00,4208.6
2024-04-13 01:00:00,4163.24
2024-04-13 02:00:00,4129.4
2024-04-13 03:00:00,4106.02
2024-04-13 04:00:00,4078.04
2024-04-13 05:00:00,4077.68
2024-04-13 06:00:00,4094.95
2024-04-13 07:00:00,4136.49
2024-04-13 08:00:00,4185.82
2024-04-13 09:00:00,4293.35
2024-04-13 10:00:00,4137.89
2024-04-13 11:00:00,4337.45
2024-04-13 12:00:00,4528.01
2024-04-13 13:00:00,4613.64
2024-04-13 14:00:00,4795.36
2024-04-13 15:00:00,4877.61
2024-04-13 16:00:00,4908.08
2024-04-13 17:00:00,4887.9
2024-04-13 18:00:00,4678.21
2024-04-13 19:00:00,4571.89
2024-04-13 20:00:00,4496.08
2024-04-13 21:00:00,4417.73
2024-04-13 22:00:00,4356.32
2024-04-13 23:00:00,4288.19
2024-04-14 00:00:00,4215.74
2024-04-14 01:00:00,4169.6
2024-04-14 02:00:00,4119.46
2024-04-14 03:00:00,4092.89
2024-04-14 04:00:00,4071.28
2024-04-14 05:00:00,4073.01
2024-04-14 06:00:00,4096.34
2024-04-14 07:00:00,4129.08
2024-04-14 08:00:00,4181.46
2024-04-14 09:00:00,4279.59
2024-04-14 10:00:00,4048.1
2024-04-14 11:00:00,4272.51
2024-04-14 12:00:00,4481.33
2024-04-14 13:00:00,4563.19
2024-04-14 14:00:00,4763.92
2024-04-14 15:00:00,4837.96
2024-04-14 16:00:00,4860.41
2024-04-14 17:00:00,4847.72
2024-04-14 18:00:00,4676.92
2024-04-14 19:00:00,4570.96
2024-04-14 20:00:00,4500.5
2024-04-14 21:00:00,4424.74
2024-04-14 22:00:00,4357.73
2024-04-14 23:00:00,4287.83
2024-04-15 00:00:00,4333.37
2024-04-15 01:00:00,4293.55
2024-04-15 02:00:00,4260.49
2024-04-15 03:00:00,4236.6
2024-04-15 04:00:00,4210.51
2024-04-15 05:00:00,4208.58
2024-04-15 06:00:00,4231.45
2024-04-15 07:00:00,4269.8
2024-04-15 08:00:00,4322.28
2024-04-15 09:00:00,4387.84
2024-04-15 10:00:00,4488.19
2024-04-15 11:00:00,4563.11
2024-04-15 12:00:00,4627.66
2024-04-15 13:00:00,4695.02
2024-04-15 14:00:00,4753.01
2024-04-15 15:00:00,4784.11
2024-04-15 16:00:00,4790.38
2024-04-15 17:00:00,4784.09
2024-04-15 18:00:00,4750.76
2024-04-15 19:00:00,4697.33
2024-04-15 20:00:00,4628.0
2024-04-15 21:00:00,4546.53
2024-04-15 22:00:00,4477.76
2024-04-15 23:00:00,4408.7
2024-04-16 00:00:00,4489.64
2024-04-16 01:00:00,4444.03
2024-04-16 02:00:00,4406.95
2024-04-16 03:00:00,4386.02
2024-04-16 04:00:00,4371.37
2024-04-16 05:00:00,4364.84
2024-04-16 06:00:00,4384.88
2024-04-16 07:00:00,4418.69
2024-04-16 08:00:00,4473.25
2024-04-16 09:00:00,4535.05
2024-04-16 10:00:00,4598.82
2024-04-16 11:00:00,4679.58
2024-04-16 12:00:00,4755.14
2024-04-16 13:00:00,4824.1
2024-04-16 14:00:00,4881.32
2024-04-16 15:00:00,4914.16
2024-04-16 16:00:00,4937.65
2024-04-16 17:00:00,4925.28
2024-04-16 18:00:00,4876.36
2024-04-16 19:00:00,4822.94
2024-04-16 20:00:00,4756.87
2024-04-16 21:00:00,4677.78
2024-04-16 22:00:00,4621.25
2024-04-16 23:00:00,4557.93
2024-04-17 00:00:00,4569.24
2024-04-17 01:00:00,4494.35
2024-04-17 02:00:00,4472.98
2024-04-17 03:00:00,4456.52
2024-04-17 04:00:00,4430.93
2024-04-17 05:00:00,4432.59
2024-04-17 06:00:00,4453.1
2024-04-17 07:00:00,4491.25
2024-04-17 08:00:00,4546.81
2024-04-17 09:00:00,4580.47
2024-04-17 10:00:00,5348.09
2024-04-17 11:00:00,5532.89
2024-04-17 12:00:00,5718.74
2024-04-17 13:00:00,5538.2
2024-04-17 14:00:00,5843.05
2024-04-17 15:00:00,5873.86
2024-04-17 16:00:00,5880.66
2024-04-17 17:00:00,5843.17
2024-04-17 18:00:00,5203.58
2024-04-17 19:00:00,4939.99
2024-04-17 20:00:00,4837.96
2024-04-17 21:00:00,4751.75
2024-04-17 22:00:00,4697.76
2024-04-17 23:00:00,4613.31
2024-04-18 00:00:00,4471.26
2024-04-18 01:00:00,4373.25
2024-04-18 02:00:00,4327.84
2024-04-18 03:00:00,4297.37
2024-04-18 04:00:00,4253.66
2024-04-18 05:00:00,4269.21
2024-04-18 06:00:00,4301.53
2024-04-18 07:00:00,4334.51
2024-04-18 08:00:00,4383.54
2024-04-18 09:00:00,4456.29
2024-04-18 10:00:00,4944.13
2024-04-18 11:00:00,5122.81
2024-04-18 12:00:00,5290.95
2024-04-18 13:00:00,5181.4
2024-04-18 14:00:00,5389.13
2024-04-18 15:00:00,5462.88
2024-04-18 16:00:00,5486.27
2024-04-18 17:00:00,5479.8
2024-04-18 18:00:00,5043.44
2024-04-18 19:00:00,4834.62
2024-04-18 20:00:00,4745.71
2024-04-18 21:00:00,4672.98
2024-04-18 22:00:00,4610.02
2024-04-18 23:00:00,4542.77
2024-04-19 00:00:00,4327.53
2024-04-19 01:00:00,4271.85
2024-04-19 02:00:00,4243.66
2024-04-19 03:00:00,4225.18
2024-04-19 04:00:00,4200.12
2024-04-19 05:00:00,4200.28
2024-04-19 06:00:00,4220.44
2024-04-19 07:00:00,4260.91
2024-04-19 08:00:00,4305.58
2024-04-19 09:00:00,4391.87
2024-04-19 10:00:00,4698.02
2024-04-19 11:00:00,4890.33
2024-04-19 12:00:00,5066.31
2024-04-19 13:00:00,5021.58
2024-04-19 14:00:00,5206.07
2024-04-19 15:00:00,5272.66
2024-04-19 16:00:00,5195.36
2024-04-19 17:00:00,5173.21
2024-04-19 18:00:00,4834.57
2024-04-19 19:00:00,4689.62
2024-04-19 20:00:00,4608.7
2024-04-19 21:00:00,4532.03
2024-04-19 22:00:00,4469.91
2024-04-19 23:00:00,4406.08
2024-04-20 00:00:00,4219.87
2024-04-20 01:00:00,4181.96
2024-04-20 02:00:00,4140.64
2024-04-20 03:00:00,4121.42
2024-04-20 04:00:00,4080.37
2024-04-20 05:00:00,4086.49
2024-04-20 06:00:00,4142.23
2024-04-20 07:00:00,4147.74
2024-04-20 08:00:00,4200.83
2024-04-20 09:00:00,4304.16
2024-04-20 10:00:00,4247.06
2024-04-20 11:00:00,4459.52
2024-04-20 12:00:00,4651.26
2024-04-20 13:00:00,4702.54
2024-04-20 14:00:00,4885.99
2024-04-20 15:00:00,4952.87
2024-04-20 16:00:00,4855.72
2024-04-20 17:00:00,4840.11
2024-04-20 18:00:00,4645.99
2024-04-20 19:00:00,4553.27
2024-04-20 20:00:00,4482.34
2024-04-20 21:00:00,4407.59
2024-04-20 22:00:00,4342.85
2024-04-20 23:00:00,4281.09
2024-04-21 00:00:00,4214.24
2024-04-21 01:00:00,4174.23
2024-04-21 02:00:00,4138.31
2024-04-21 03:00:00,4143.19
2024-04-21 04:00:00,4105.07
2024-04-21 05:00:00,4089.2
2024-04-21 06:00:00,4126.94
2024-04-21 07:00:00,4156.0
2024-04-21 08:00:00,4209.62
2024-04-21 09:00:00,4290.42
2024-04-21 10:00:00,4069.05
2024-04-21 11:00:00,4297.9
2024-04-21 12:00:00,4498.88
2024-04-21 13:00:00,4580.59
2024-04-21 14:00:00,4797.96
2024-04-21 15:00:00,4872.11
2024-04-21 16:00:00,4913.97
2024-04-21 17:00:00,4893.95
2024-04-21 18:00:00,4699.62
2024-04-21 19:00:00,4585.51
2024-04-21 20:00:00,4514.87
2024-04-21 21:00:00,4438.14
2024-04-21 22:00:00,4365.93
2024-04-21 23:00:00,4291.19
2024-04-22 00:00:00,4334.97
2024-04-22 01:00:00,4285.16
2024-04-22 02:00:00,4244.27
2024-04-22 03:00:00,4220.19
2024-04-22 04:00:00,4186.98
2024-04-22 05:00:00,4181.91
2024-04-22 06:00:00,4200.82
2024-04-22 07:00:00,4242.31
2024-04-22 08:00:00,4293.51
2024-04-22 09:00:00,4361.84
2024-04-22 10:00:00,4417.46
2024-04-22 11:00:00,4501.84
2024-04-22 12:00:00,4579.48
2024-04-22 13:00:00,4647.64
2024-04-22 14:00:00,4705.56
2024-04-22 15:00:00,4739.11
2024-04-22 16:00:00,4757.35
2024-04-22 17:00:00,4748.56
2024-04-22 18:00:00,4716.71
2024-04-22 19:00:00,4667.4
2024-04-22 20:00:00,4605.13
2024-04-22 21:00:00,4529.55
2024-04-22 22:00:00,4476.23
2024-04-22 23:00:00,4410.16
2024-04-23 00:00:00,4493.54
2024-04-23 01:00:00,4437.53
2024-04-23 02:00:00,4394.12
2024-04-23 03:00:00,4361.25
2024-04-23 04:00:00,4330.04
2024-04-23 05:00:00,4335.17
2024-04-23 06:00:00,4363.06
2024-04-23 07:00:00,4397.13
2024-04-23 08:00:00,4451.15
2024-04-23 09:00:00,4517.98
2024-04-23 10:00:00,4600.66
2024-04-23 11:00:00,4674.49
2024-04-23 12:00:00,4742.27
2024-04-23 13:00:00,4806.58
2024-04-23 14:00:00,4857.37
2024-04-23 15:00:00,4881.81
2024-04-23 16:00:00,4934.19
2024-04-23 17:00:00,4916.46
2024-04-23 18:00:00,4864.78
2024-04-23 19:00:00,4806.07
2024-04-23 20:00:00,4734.18
2024-04-23 21:00:00,4653.98
2024-04-23 22:00:00,4578.15
2024-04-23 23:00:00,4499.03
2024-04-24 00:00:00,4500.12
2024-04-24 01:00:00,4398.89
2024-04-24 02:00:00,4354.17
2024-04-24 03:00:00,4322.86
2024-04-24 04:00:00,4292.14
2024-04-24 05:00:00,4301.92
2024-04-24 06:00:00,4328.26
2024-04-24 07:00:00,4363.78
2024-04-24 08:00:00,4414.2
2024-04-24 09:00:00,4480.1
2024-04-24 10:00:00,4935.26
2024-04-24 11:00:00,5099.34
2024-04-24 12:00:00,5243.4
2024-04-24 13:00:00,5156.6
2024-04-24 14:00:00,5362.05
2024-04-24 15:00:00,5463.23
2024-04-24 16:00:00,5534.31
2024-04-24 17:00:00,5512.84
2024-04-24 18:00:00,5059.97
2024-04-24 19:00:00,4854.21
2024-04-24 20:00:00,4778.47
2024-04-24 21:00:00,4706.47
2024-04-24 22:00:00,4640.76
2024-04-24 23:00:00,4571.75
2024-04-25 00:00:00,4440.81
2024-04-25 01:00:00,4357.0
2024-04-25 02:00:00,4322.23
2024-04-25 03:00:00,4299.12
2024-04-25 04:00:00,4254.04
2024-04-25 05:00:00,4263.18
2024-04-25 06:00:00,4291.43
2024-04-25 07:00:00,4327.04
2024-04-25 08:00:00,4378.0
2024-04-25 09:00:00,4457.02
2024-04-25 10:00:00,5063.22
2024-04-25 11:00:00,5251.53
2024-04-25 12:00:00,5422.4
2024-04-25 13:00:00,5284.88
2024-04-25 14:00:00,5507.32
2024-04-25 15:00:00,5569.96
2024-04-25 16:00:00,5537.79
2024-04-25 17:00:00,5510.04
2024-04-25 18:00:00,5030.05
2024-04-25 19:00:00,4825.86
2024-04-25 20:00:00,4731.47
2024-04-25 21:00:00,4655.99
2024-04-25 22:00:00,4569.9
2024-04-25 23:00:00,4505.25
2024-04-26 00:00:00,4293.45
2024-04-26 01:00:00,4231.66
2024-04-26 02:00:00,4200.01
2024-04-26 03:00:00,4180.97
2024-04-26 04:00:00,4175.24
2024-04-26 05:00:00,4170.87
2024-04-26 06:00:00,4186.19
2024-04-26 07:00:00,4218.84
2024-04-26 08:00:00,4265.88
2024-04-26 09:00:00,4370.07
2024-04-26 10:00:00,4569.83
2024-04-26 11:00:00,4768.67
2024-04-26 12:00:00,4950.73
2024-04-26 13:00:00,4927.61
2024-04-26 14:00:00,5092.15
2024-04-26 15:00:00,5158.51
2024-04-26 16:00:00,5167.41
2024-04-26 17:00:00,5140.23
2024-04-26 18:00:00,4813.95
2024-04-26 19:00:00,4675.58
2024-04-26 20:00:00,4595.13
2024-04-26 21:00:00,4518.91
2024-04-26 22:00:00,4451.67
2024-04-26 23:00:00,4383.05
2024-04-27 00:00:00,4191.13
2024-04-27 01:00:00,4149.54
2024-04-27 02:00:00,4120.01
2024-04-27 03:00:00,4092.03
2024-04-27 04:00:00,4075.8
2024-04-27 05:00:00,4074.08
2024-04-27 06:00:00,4088.23
2024-04-27 07:00:00,4122.07
2024-04-27 08:00:00,4171.73
2024-04-27 09:00:00,4286.59
2024-04-27 10:00:00,4107.9
2024-04-27 11:00:00,4325.68
2024-04-27 12:00:00,4524.68
2024-04-27 13:00:00,4612.41
2024-04-27 14:00:00,4787.13
2024-04-27 15:00:00,4868.68
2024-04-27 16:00:00,4878.39
2024-04-27 17:00:00,4862.01
2024-04-27 18:00:00,4663.78
2024-04-27 19:00:00,4565.31
2024-04-27 20:00:00,4490.79
2024-04-27 21:00:00,4415.71
2024-04-27 22:00:00,4349.51
2024-04-27 23:00:00,4281.82
2024-04-28 00:00:00,4205.02
2024-04-28 01:00:00,4157.42
2024-04-28 02:00:00,4121.03
2024-04-28 03:00:00,4083.74
2024-04-28 04:00:00,4065.07
2024-04-28 05:00:00,4065.75
2024-04-28 06:00:00,4085.62
2024-04-28 07:00:00,4119.65
2024-04-28 08:00:00,4172.13
2024-04-28 09:00:00,4276.64
2024-04-28 10:00:00,4039.33
2024-04-28 11:00:00,4247.09
2024-04-28 12:00:00,4444.62
2024-04-28 13:00:00,4533.59
2024-04-28 14:00:00,4744.0
2024-04-28 15:00:00,4829.75
2024-04-28 16:00:00,4900.46
2024-04-28 17:00:00,4881.6
2024-04-28 18:00:00,4690.15
2024-04-28 19:00:00,4579.92
2024-04-28 20:00:00,4508.65
2024-04-28 21:00:00,4432.09
2024-04-28 22:00:00,4371.81
2024-04-28 23:00:00,4309.17
2024-04-29 00:00:00,4360.58
2024-04-29 01:00:00,4314.62
2024-04-29 02:00:00,4278.44
2024-04-29 03:00:00,4262.95
2024-04-29 04:00:00,4247.12
2024-04-29 05:00:00,4242.8
2024-04-29 06:00:00,4268.94
2024-04-29 07:00:00,4308.2
2024-04-29 08:00:00,4360.48
2024-04-29 09:00:00,4424.72
2024-04-29 10:00:00,4529.61
2024-04-29 11:00:00,4606.34
2024-04-29 12:00:00,4674.2
2024-04-29 13:00:00,4736.1
2024-04-29 14:00:00,4790.74
2024-04-29 15:00:00,4817.28
2024-04-29 16:00:00,4816.79
2024-04-29 17:00:00,4807.32
2024-04-29 18:00:00,4769.18
2024-04-29 19:00:00,4716.72
2024-04-29 20:00:00,4649.16
2024-04-29 21:00:00,4570.19
2024-04-29 22:00:00,4524.74
2024-04-29 23:00:00,4454.88
2024-04-30 00:00:00,4535.8
2024-04-30 01:00:00,4487.21
2024-04-30 02:00:00,4446.89
2024-04-30 03:00:00,4425.75
2024-04-30 04:00:00,4398.14
2024-04-30 05:00:00,4396.36
2024-04-30 06:00:00,4419.85
2024-04-30 07:00:00,4453.98
2024-04-30 08:00:00,4512.49
2024-04-30 09:00:00,4578.43
2024-04-30 10:00:00,4650.59
2024-04-30 11:00:00,4721.27
2024-04-30 12:00:00,4779.07
2024-04-30 13:00:00,4840.93
2024-04-30 14:00:00,4894.44
2024-04-30 15:00:00,4929.76
2024-04-30 16:00:00,4957.97
2024-04-30 17:00:00,4945.02
2024-04-30 18:00:00,4903.95
2024-04-30 19:00:00,4846.13
2024-04-30 20:00:00,4778.71
2024-04-30 21:00:00,4693.87
2024-04-30 22:00:00,4611.75
2024-04-30 23:00:00,4526.8
2024-05-01 00:00:00,4681.47
2024-05-01 01:00:00,4549.49
2024-05-01 02:00:00,4498.16
2024-05-01 03:00:00,4463.79
2024-05-01 04:00:00,4455.06
2024-05-01 05:00:00,4454.09
2024-05-01 06:00:00,4471.1
2024-05-01 07:00:00,4506.46
2024-05-01 08:00:00,4552.05
2024-05-01 09:00:00,4570.56
2024-05-01 10:00:00,5467.09
2024-05-01 11:00:00,5623.6
2024-05-01 12:00:00,5695.83
2024-05-01 13:00:00,5477.88
2024-05-01 14:00:00,5779.52
2024-05-01 15:00:00,5859.02
2024-05-01 16:00:00,5934.79
2024-05-01 17:00:00,5916.82
2024-05-01 18:00:00,5284.72
2024-05-01 19:00:00,5005.27
2024-05-01 20:00:00,4913.65
2024-05-01 21:00:00,4841.38
2024-05-01 22:00:00,4768.42
2024-05-01 23:00:00,4703.72
2024-05-02 00:00:00,4573.46
2024-05-02 01:00:00,4468.32
2024-05-02 02:00:00,4432.55
2024-05-02 03:00:00,4410.2
2024-05-02 04:00:00,4397.5
2024-05-02 05:00:00,4402.58
2024-05-02 06:00:00,4424.87
2024-05-02 07:00:00,4459.02
2024-05-02 08:00:00,4505.57
2024-05-02 09:00:00,4540.39
2024-05-02 10:00:00,5387.84
2024-05-02 11:00:00,5567.77
2024-05-02 12:00:00,5731.61
2024-05-02 13:00:00,5500.45
2024-05-02 14:00:00,5785.34
2024-05-02 15:00:00,5851.04
2024-05-02 16:00:00,5846.81
2024-05-02 17:00:00,5837.42
2024-05-02 18:00:00,5234.31
2024-05-02 19:00:00,4975.42
2024-05-02 20:00:00,4882.02
2024-05-02 21:00:00,4810.8
2024-05-02 22:00:00,4749.22
2024-05-02 23:00:00,4679.98
2024-05-03 00:00:00,4468.91
2024-05-03 01:00:00,4375.97
2024-05-03 02:00:00,4337.08
2024-05-03 03:00:00,4311.4
2024-05-03 04:00:00,4307.63
2024-05-03 05:00:00,4306.06
2024-05-03 06:00:00,4324.83
2024-05-03 07:00:00,4355.38
2024-05-03 08:00:00,4402.89
2024-05-03 09:00:00,4459.76
2024-05-03 10:00:00,5015.47
2024-05-03 11:00:00,5207.02
2024-05-03 12:00:00,5388.34
2024-05-03 13:00:00,5254.06
2024-05-03 14:00:00,5520.6
2024-05-03 15:00:00,5599.94
2024-05-03 16:00:00,5556.69
2024-05-03 17:00:00,5550.42
2024-05-03 18:00:00,5067.46
2024-05-03 19:00:00,4855.59
2024-05-03 20:00:00,4771.52
2024-05-03 21:00:00,4698.42
2024-05-03 22:00:00,4639.03
2024-05-03 23:00:00,4573.98
2024-05-04 00:00:00,4387.92
2024-05-04 01:00:00,4322.38
2024-05-04 02:00:00,4298.19
2024-05-04 03:00:00,4272.72
2024-05-04 04:00:00,4251.75
2024-05-04 05:00:00,4253.8
2024-05-04 06:00:00,4278.52
2024-05-04 07:00:00,4311.55
2024-05-04 08:00:00,4356.82
2024-05-04 09:00:00,4408.89
2024-05-04 10:00:00,4753.27
2024-05-04 11:00:00,4944.16
2024-05-04 12:00:00,5129.86
2024-05-04 13:00:00,5065.17
2024-05-04 14:00:00,5337.02
2024-05-04 15:00:00,5420.39
2024-05-04 16:00:00,5419.83
2024-05-04 17:00:00,5377.0
2024-05-04 18:00:00,4955.23
2024-05-04 19:00:00,4769.16
2024-05-04 20:00:00,4689.31
2024-05-04 21:00:00,4609.67
2024-05-04 22:00:00,4533.23
2024-05-04 23:00:00,4470.13
2024-05-05 00:00:00,4397.5
2024-05-05 01:00:00,4327.59
2024-05-05 02:00:00,4296.16
2024-05-05 03:00:00,4278.7
2024-05-05 04:00:00,4243.1
2024-05-05 05:00:00,4245.99
2024-05-05 06:00:00,4267.84
2024-05-05 07:00:00,4293.94
2024-05-05 08:00:00,4340.65
2024-05-05 09:00:00,4390.6
2024-05-05 10:00:00,4535.08
2024-05-05 11:00:00,4742.45
2024-05-05 12:00:00,4943.87
2024-05-05 13:00:00,4903.95
2024-05-05 14:00:00,5185.45
2024-05-05 15:00:00,5261.01
2024-05-05 16:00:00,5315.14
2024-05-05 17:00:00,5284.17
2024-05-05 18:00:00,4928.66
2024-05-05 19:00:00,4748.0
2024-05-05 20:00:00,4668.38
2024-05-05 21:00:00,4588.34
2024-05-05 22:00:00,4549.63
2024-05-05 23:00:00,4483.37
2024-05-06 00:00:00,4531.87
2024-05-06 01:00:00,4481.55
2024-05-06 02:00:00,4441.1
2024-05-06 03:00:00,4417.19
2024-05-06 04:00:00,4413.38
2024-05-06 05:00:00,4401.39
2024-05-06 06:00:00,4410.78
2024-05-06 07:00:00,4443.63
2024-05-06 08:00:00,4491.0
2024-05-06 09:00:00,4551.57
2024-05-06 10:00:00,4623.69
2024-05-06 11:00:00,4695.21
2024-05-06 12:00:00,4761.36
2024-05-06 13:00:00,4823.04
2024-05-06 14:00:00,4883.09
2024-05-06 15:00:00,4914.31
2024-05-06 16:00:00,4933.66
2024-05-06 17:00:00,4925.39
2024-05-06 18:00:00,4891.07
2024-05-06 19:00:00,4835.84
2024-05-06 20:00:00,4771.39
2024-05-06 21:00:00,4691.56
2024-05-06 22:00:00,4633.43
2024-05-06 23:00:00,4564.49
2024-05-07 00:00:00,4645.02
2024-05-07 01:00:00,4593.79
2024-05-07 02:00:00,4552.38
2024-05-07 03:00:00,4524.51
2024-05-07 04:00:00,4511.34
2024-05-07 05:00:00,4505.1
2024-05-07 06:00:00,4524.13
2024-05-07 07:00:00,4560.85
2024-05-07 08:00:00,4615.23
2024-05-07 09:00:00,4678.92
2024-05-07 10:00:00,4768.8
2024-05-07 11:00:00,4835.97
2024-05-07 12:00:00,4896.34
2024-05-07 13:00:00,4959.94
2024-05-07 14:00:00,5019.17
2024-05-07 15:00:00,5050.59
2024-05-07 16:00:00,5094.08
2024-05-07 17:00:00,5091.29
2024-05-07 18:00:00,5055.56
2024-05-07 19:00:00,5003.78
2024-05-07 20:00:00,4940.13
2024-05-07 21:00:00,4866.15
2024-05-07 22:00:00,4790.03
2024-05-07 23:00:00,4718.72
2024-05-08 00:00:00,4723.97
2024-05-08 01:00:00,4602.92
2024-05-08 02:00:00,4564.44
2024-05-08 03:00:00,4538.19
2024-05-08 04:00:00,4521.62
2024-05-08 05:00:00,4520.85
2024-05-08 06:00:00,4536.67
2024-05-08 07:00:00,4564.22
2024-05-08 08:00:00,4607.15
2024-05-08 09:00:00,4601.57
2024-05-08 10:00:00,5663.93
2024-05-08 11:00:00,5795.15
2024-05-08 12:00:00,5928.66
2024-05-08 13:00:00,5659.25
2024-05-08 14:00:00,6004.57
2024-05-08 15:00:00,6073.46
2024-05-08 16:00:00,6021.84
2024-05-08 17:00:00,5994.79
2024-05-08 18:00:00,5341.36
2024-05-08 19:00:00,5052.95
2024-05-08 20:00:00,4955.05
2024-05-08 21:00:00,4884.27
2024-05-08 22:00:00,4830.58
2024-05-08 23:00:00,4761.34
2024-05-09 00:00:00,4641.83
2024-05-09 01:00:00,4541.64
2024-05-09 02:00:00,4502.09
2024-05-09 03:00:00,4485.66
2024-05-09 04:00:00,4470.02
2024-05-09 05:00:00,4471.65
2024-05-09 06:00:00,4487.4
2024-05-09 07:00:00,4512.49
2024-05-09 08:00:00,4558.64
2024-05-09 09:00:00,4580.97
2024-05-09 10:00:00,5496.97
2024-05-09 11:00:00,5662.82
2024-05-09 12:00:00,5854.14
2024-05-09 13:00:00,5598.28
2024-05-09 14:00:00,5885.93
2024-05-09 15:00:00,5972.25
2024-05-09 16:00:00,5939.83
2024-05-09 17:00:00,5927.36
2024-05-09 18:00:00,5294.61
2024-05-09 19:00:00,5015.19
2024-05-09 20:00:00,4919.91
2024-05-09 21:00:00,4846.82
2024-05-09 22:00:00,4773.38
2024-05-09 23:00:00,4717.65
2024-05-10 00:00:00,4512.5
2024-05-10 01:00:00,4437.37
2024-05-10 02:00:00,4409.37
2024-05-10 03:00:00,4391.47
2024-05-10 04:00:00,4378.92
2024-05-10 05:00:00,4381.98
2024-05-10 06:00:00,4402.12
2024-05-10 07:00:00,4427.88
2024-05-10 08:00:00,4462.71
2024-05-10 09:00:00,4498.9
2024-05-10 10:00:00,5286.09
2024-05-10 11:00:00,5461.93
2024-05-10 12:00:00,5644.45
2024-05-10 13:00:00,5463.88
2024-05-10 14:00:00,5714.96
2024-05-10 15:00:00,5771.33
2024-05-10 16:00:00,5766.97
2024-05-10 17:00:00,5689.22
2024-05-10 18:00:00,5125.41
2024-05-10 19:00:00,4889.84
2024-05-10 20:00:00,4793.34
2024-05-10 21:00:00,4713.15
2024-05-10 22:00:00,4648.09
2024-05-10 23:00:00,4577.16
2024-05-11 00:00:00,4383.52
2024-05-11 01:00:00,4321.31
2024-05-11 02:00:00,4290.01
2024-05-11 03:00:00,4279.04
2024-05-11 04:00:00,4257.97
2024-05-11 05:00:00,4257.62
2024-05-11 06:00:00,4277.12
2024-05-11 07:00:00,4309.14
2024-05-11 08:00:00,4359.54
2024-05-11 09:00:00,4412.51
2024-05-11 10:00:00,4728.72
2024-05-11 11:00:00,4927.24
2024-05-11 12:00:00,5114.21
2024-05-11 13:00:00,5049.24
2024-05-11 14:00:00,5323.29
2024-05-11 15:00:00,5403.0
2024-05-11 16:00:00,5425.37
2024-05-11 17:00:00,5384.21
2024-05-11 18:00:00,4956.19
2024-05-11 19:00:00,4773.0
2024-05-11 20:00:00,4693.22
2024-05-11 21:00:00,4613.18
2024-05-11 22:00:00,4549.96
2024-05-11 23:00:00,4486.24
2024-05-12 00:00:00,4412.62
2024-05-12 01:00:00,4337.0
2024-05-12 02:00:00,4299.08
2024-05-12 03:00:00,4281.66
2024-05-12 04:00:00,4251.42
2024-05-12 05:00:00,4253.5
2024-05-12 06:00:00,4274.04
2024-05-12 07:00:00,4299.11
2024-05-12 08:00:00,4342.11
2024-05-12 09:00:00,4384.75
2024-05-12 10:00:00,4559.19
2024-05-12 11:00:00,4760.56
2024-05-12 12:00:00,4935.34
2024-05-12 13:00:00,4879.17
2024-05-12 14:00:00,5149.99
2024-05-12 15:00:00,5210.44
2024-05-12 16:00:00,5166.5
2024-05-12 17:00:00,5119.8
2024-05-12 18:00:00,4836.16
2024-05-12 19:00:00,4679.6
2024-05-12 20:00:00,4599.74
2024-05-12 21:00:00,4521.44
2024-05-12 22:00:00,4434.49
2024-05-12 23:00:00,4355.67
2024-05-13 00:00:00,4395.56
2024-05-13 01:00:00,4331.71
2024-05-13 02:00:00,4281.46
2024-05-13 03:00:00,4250.83
2024-05-13 04:00:00,4242.4
2024-05-13 05:00:00,4249.69
2024-05-13 06:00:00,4276.79
2024-05-13 07:00:00,4319.15
2024-05-13 08:00:00,4375.93
2024-05-13 09:00:00,4447.17
2024-05-13 10:00:00,4509.92
2024-05-13 11:00:00,4581.84
2024-05-13 12:00:00,4649.27
2024-05-13 13:00:00,4711.47
2024-05-13 14:00:00,4764.59
2024-05-13 15:00:00,4801.31
2024-05-13 16:00:00,4800.48
2024-05-13 17:00:00,4797.61
2024-05-13 18:00:00,4772.89
2024-05-13 19:00:00,4725.21
2024-05-13 20:00:00,4670.99
2024-05-13 21:00:00,4604.0
2024-05-13 22:00:00,4524.84
2024-05-13 23:00:00,4461.99
2024-05-14 00:00:00,4552.07
2024-05-14 01:00:00,4502.5
2024-05-14 02:00:00,4465.86
2024-05-14 03:00:00,4441.82
2024-05-14 04:00:00,4423.72
2024-05-14 05:00:00,4427.71
2024-05-14 06:00:00,4450.99
2024-05-14 07:00:00,4490.69
2024-05-14 08:00:00,4548.28
2024-05-14 09:00:00,4615.55
2024-05-14 10:00:00,4694.43
2024-05-14 11:00:00,4767.67
2024-05-14 12:00:00,4835.15
2024-05-14 13:00:00,4882.53
2024-05-14 14:00:00,4938.07
2024-05-14 15:00:00,4966.67
2024-05-14 16:00:00,5008.55
2024-05-14 17:00:00,4989.13
2024-05-14 18:00:00,4947.11
2024-05-14 19:00:00,4893.6
2024-05-14 20:00:00,4833.86
2024-05-14 21:00:00,4761.43
2024-05-14 22:00:00,4686.68
2024-05-14 23:00:00,4630.64
2024-05-15 00:00:00,4650.36
2024-05-15 01:00:00,4562.17
2024-05-15 02:00:00,4538.86
2024-05-15 03:00:00,4511.37
2024-05-15 04:00:00,4481.84
2024-05-15 05:00:00,4477.49
2024-05-15 06:00:00,4488.77
2024-05-15 07:00:00,4507.0
2024-05-15 08:00:00,4585.61
2024-05-15 09:00:00,4570.76
2024-05-15 10:00:00,5577.49
2024-05-15 11:00:00,5720.53
2024-05-15 12:00:00,5904.08
2024-05-15 13:00:00,5585.14
2024-05-15 14:00:00,5945.36
2024-05-15 15:00:00,5984.43
2024-05-15 16:00:00,5982.13
2024-05-15 17:00:00,5958.0
2024-05-15 18:00:00,5298.67
2024-05-15 19:00:00,5014.49
2024-05-15 20:00:00,4919.6
2024-05-15 21:00:00,4849.8
2024-05-15 22:00:00,4790.51
2024-05-15 23:00:00,4735.8
2024-05-16 00:00:00,4616.53
2024-05-16 01:00:00,4523.45
2024-05-16 02:00:00,4493.75
2024-05-16 03:00:00,4479.32
2024-05-16 04:00:00,4452.95
2024-05-16 05:00:00,4453.48
2024-05-16 06:00:00,4475.01
2024-05-16 07:00:00,4504.43
2024-05-16 08:00:00,4557.74
2024-05-16 09:00:00,4575.67
2024-05-16 10:00:00,5464.17
2024-05-16 11:00:00,5649.14
2024-05-16 12:00:00,5831.05
2024-05-16 13:00:00,5595.07
2024-05-16 14:00:00,5882.1
2024-05-16 15:00:00,5954.38
2024-05-16 16:00:00,5952.74
2024-05-16 17:00:00,5940.58
2024-05-16 18:00:00,5302.57
2024-05-16 19:00:00,5015.91
2024-05-16 20:00:00,4917.61
2024-05-16 21:00:00,4837.0
2024-05-16 22:00:00,4782.41
2024-05-16 23:00:00,4719.64
2024-05-17 00:00:00,4510.48
2024-05-17 01:00:00,4434.23
2024-05-17 02:00:00,4409.12
2024-05-17 03:00:00,4392.52
2024-05-17 04:00:00,4375.33
2024-05-17 05:00:00,4373.89
2024-05-17 06:00:00,4393.22
2024-05-17 07:00:00,4420.35
2024-05-17 08:00:00,4464.78
2024-05-17 09:00:00,4499.46
2024-05-17 10:00:00,5154.73
2024-05-17 11:00:00,5339.28
2024-05-17 12:00:00,5519.7
2024-05-17 13:00:00,5355.99
2024-05-17 14:00:00,5637.22
2024-05-17 15:00:00,5711.98
2024-05-17 16:00:00,5700.37
2024-05-17 17:00:00,5665.15
2024-05-17 18:00:00,5110.7
2024-05-17 19:00:00,4879.02
2024-05-17 20:00:00,4786.07
2024-05-17 21:00:00,4706.23
2024-05-17 22:00:00,4629.2
2024-05-17 23:00:00,4567.95
2024-05-18 00:00:00,4386.39
2024-05-18 01:00:00,4327.79
2024-05-18 02:00:00,4304.09
2024-05-18 03:00:00,4291.61
2024-05-18 04:00:00,4269.15
2024-05-18 05:00:00,4266.67
2024-05-18 06:00:00,4284.85
2024-05-18 07:00:00,4313.08
2024-05-18 08:00:00,4360.93
2024-05-18 09:00:00,4411.86
2024-05-18 10:00:00,4701.18
2024-05-18 11:00:00,4892.69
2024-05-18 12:00:00,5079.14
2024-05-18 13:00:00,5006.68
2024-05-18 14:00:00,5275.6
2024-05-18 15:00:00,5351.93
2024-05-18 16:00:00,5400.88
2024-05-18 17:00:00,5374.03
2024-05-18 18:00:00,4954.0
2024-05-18 19:00:00,4767.77
2024-05-18 20:00:00,4684.77
2024-05-18 21:00:00,4605.06
2024-05-18 22:00:00,4538.3
2024-05-18 23:00:00,4471.6
2024-05-19 00:00:00,4396.2
2024-05-19 01:00:00,4323.2
2024-05-19 02:00:00,4290.55
2024-05-19 03:00:00,4262.8
2024-05-19 04:00:00,4234.56
2024-05-19 05:00:00,4238.03
2024-05-19 06:00:00,4259.73
2024-05-19 07:00:00,4293.55
2024-05-19 08:00:00,4339.95
2024-05-19 09:00:00,4385.55
2024-05-19 10:00:00,4526.19
2024-05-19 11:00:00,4736.38
2024-05-19 12:00:00,4924.3
2024-05-19 13:00:00,4887.45
2024-05-19 14:00:00,5189.99
2024-05-19 15:00:00,5285.07
2024-05-19 16:00:00,5352.61
2024-05-19 17:00:00,5329.93
2024-05-19 18:00:00,4954.23
2024-05-19 19:00:00,4767.36
2024-05-19 20:00:00,4690.33
2024-05-19 21:00:00,4608.47
2024-05-19 22:00:00,4551.73
2024-05-19 23:00:00,4475.06
2024-05-20 00:00:00,4515.4
2024-05-20 01:00:00,4454.86
2024-05-20 02:00:00,4408.0
2024-05-20 03:00:00,4378.86
2024-05-20 04:00:00,4345.18
2024-05-20 05:00:00,4339.82
2024-05-20 06:00:00,4358.48
2024-05-20 07:00:00,4398.9
2024-05-20 08:00:00,4452.94
2024-05-20 09:00:00,4519.38
2024-05-20 10:00:00,4592.93
2024-05-20 11:00:00,4672.26
2024-05-20 12:00:00,4741.16
2024-05-20 13:00:00,4810.59
2024-05-20 14:00:00,4869.59
2024-05-20 15:00:00,4899.66
2024-05-20 16:00:00,4932.52
2024-05-20 17:00:00,4926.74
2024-05-20 18:00:00,4888.5
2024-05-20 19:00:00,4835.84
2024-05-20 20:00:00,4772.49
2024-05-20 21:00:00,4695.63
2024-05-20 22:00:00,4628.14
2024-05-20 23:00:00,4551.53
2024-05-21 00:00:00,4626.68
2024-05-21 01:00:00,4562.76
2024-05-21 02:00:00,4513.86
2024-05-21 03:00:00,4480.16
2024-05-21 04:00:00,4456.96
2024-05-21 05:00:00,4451.19
2024-05-21 06:00:00,4468.57
2024-05-21 07:00:00,4506.69
2024-05-21 08:00:00,4559.87
2024-05-21 09:00:00,4624.98
2024-05-21 10:00:00,4742.82
2024-05-21 11:00:00,4818.87
2024-05-21 12:00:00,4882.57
2024-05-21 13:00:00,4950.53
2024-05-21 14:00:00,5006.83
2024-05-21 15:00:00,5042.68
2024-05-21 16:00:00,5076.05
2024-05-21 17:00:00,5070.62
2024-05-21 18:00:00,5025.59
2024-05-21 19:00:00,4971.06
2024-05-21 20:00:00,4908.11
2024-05-21 21:00:00,4834.93
2024-05-21 22:00:00,4766.61
2024-05-21 23:00:00,4692.46
2024-05-22 00:00:00,4696.78
2024-05-22 01:00:00,4573.42
2024-05-22 02:00:00,4533.1
2024-05-22 03:00:00,4508.2
2024-05-22 04:00:00,4475.66
2024-05-22 05:00:00,4476.15
2024-05-22 06:00:00,4496.08
2024-05-22 07:00:00,4532.08
2024-05-22 08:00:00,4580.7
2024-05-22 09:00:00,4594.21
2024-05-22 10:00:00,5694.6
2024-05-22 11:00:00,5890.77
2024-05-22 12:00:00,6045.99
2024-05-22 13:00:00,5754.81
2024-05-22 14:00:00,6114.59
2024-05-22 15:00:00,6186.61
2024-05-22 16:00:00,6150.1
2024-05-22 17:00:00,6134.18
2024-05-22 18:00:00,5388.79
2024-05-22 19:00:00,5081.85
2024-05-22 20:00:00,4984.98
2024-05-22 21:00:00,4906.95
2024-05-22 22:00:00,4838.45
2024-05-22 23:00:00,4765.36
2024-05-23 00:00:00,4634.16
2024-05-23 01:00:00,4514.48
2024-05-23 02:00:00,4473.6
2024-05-23 03:00:00,4446.19
2024-05-23 04:00:00,4422.66
2024-05-23 05:00:00,4424.0
2024-05-23 06:00:00,4441.4
2024-05-23 07:00:00,4477.53
2024-05-23 08:00:00,4526.58
2024-05-23 09:00:00,4560.66
2024-05-23 10:00:00,5576.24
2024-05-23 11:00:00,5788.08
2024-05-23 12:00:00,5992.7
2024-05-23 13:00:00,5738.13
2024-05-23 14:00:00,6045.35
2024-05-23 15:00:00,6129.11
2024-05-23 16:00:00,6040.56
2024-05-23 17:00:00,6024.33
2024-05-23 18:00:00,5314.29
2024-05-23 19:00:00,5029.93
2024-05-23 20:00:00,4930.33
2024-05-23 21:00:00,4853.99
2024-05-23 22:00:00,4775.68
2024-05-23 23:00:00,4706.89
2024-05-24 00:00:00,4492.09
2024-05-24 01:00:00,4400.94
2024-05-24 02:00:00,4369.68
2024-05-24 03:00:00,4349.44
2024-05-24 04:00:00,4312.88
2024-05-24 05:00:00,4312.38
2024-05-24 06:00:00,4332.05
2024-05-24 07:00:00,4367.59
2024-05-24 08:00:00,4415.09
2024-05-24 09:00:00,4472.66
2024-05-24 10:00:00,5087.67
2024-05-24 11:00:00,5304.83
2024-05-24 12:00:00,5519.42
2024-05-24 13:00:00,5372.15
2024-05-24 14:00:00,5644.22
2024-05-24 15:00:00,5729.95
2024-05-24 16:00:00,5759.68
2024-05-24 17:00:00,5734.83
2024-05-24 18:00:00,5120.98
2024-05-24 19:00:00,4889.59
2024-05-24 20:00:00,4794.74
2024-05-24 21:00:00,4715.83
2024-05-24 22:00:00,4646.84
2024-05-24 23:00:00,4577.22
2024-05-25 00:00:00,4384.95
2024-05-25 01:00:00,4314.99
2024-05-25 02:00:00,4285.67
2024-05-25 03:00:00,4268.95
2024-05-25 04:00:00,4254.58
2024-05-25 05:00:00,4254.06
2024-05-25 06:00:00,4274.71
2024-05-25 07:00:00,4304.19
2024-05-25 08:00:00,4353.21
2024-05-25 09:00:00,4407.02
2024-05-25 10:00:00,4731.3
2024-05-25 11:00:00,4927.05
2024-05-25 12:00:00,5124.8
2024-05-25 13:00:00,5065.96
2024-05-25 14:00:00,5348.31
2024-05-25 15:00:00,5443.76
2024-05-25 16:00:00,5478.72
2024-05-25 17:00:00,5444.76
2024-05-25 18:00:00,4975.57
2024-05-25 19:00:00,4782.54
2024-05-25 20:00:00,4698.08
2024-05-25 21:00:00,4617.05
2024-05-25 22:00:00,4540.98
2024-05-25 23:00:00,4469.54
2024-05-26 00:00:00,4393.68
2024-05-26 01:00:00,4321.01
2024-05-26 02:00:00,4285.76
2024-05-26 03:00:00,4272.01
2024-05-26 04:00:00,4241.24
2024-05-26 05:00:00,4243.82
2024-05-26 06:00:00,4263.03
2024-05-26 07:00:00,4291.96
2024-05-26 08:00:00,4339.32
2024-05-26 09:00:00,4391.72
2024-05-26 10:00:00,4593.27
2024-05-26 11:00:00,4791.55
2024-05-26 12:00:00,5002.64
2024-05-26 13:00:00,4963.62
2024-05-26 14:00:00,5269.72
2024-05-26 15:00:00,5355.71
2024-05-26 16:00:00,5320.35
2024-05-26 17:00:00,5306.39
2024-05-26 18:00:00,4942.78
2024-05-26 19:00:00,4761.35
2024-05-26 20:00:00,4684.69
2024-05-26 21:00:00,4607.42
2024-05-26 22:00:00,4547.37
2024-05-26 23:00:00,4480.33
2024-05-27 00:00:00,4527.49
2024-05-27 01:00:00,4479.12
2024-05-27 02:00:00,4438.84
2024-05-27 03:00:00,4416.11
2024-05-27 04:00:00,4381.94
2024-05-27 05:00:00,4374.71
2024-05-27 06:00:00,4389.67
2024-05-27 07:00:00,4424.36
2024-05-27 08:00:00,4477.79
2024-05-27 09:00:00,4546.29
2024-05-27 10:00:00,4609.76
2024-05-27 11:00:00,4699.87
2024-05-27 12:00:00,4783.09
2024-05-27 13:00:00,4848.26
2024-05-27 14:00:00,4910.46
2024-05-27 15:00:00,4942.21
2024-05-27 16:00:00,4977.41
2024-05-27 17:00:00,4969.03
2024-05-27 18:00:00,4924.29
2024-05-27 19:00:00,4867.74
2024-05-27 20:00:00,4797.46
2024-05-27 21:00:00,4715.11
2024-05-27 22:00:00,4634.66
2024-05-27 23:00:00,4550.47
2024-05-28 00:00:00,4615.93
2024-05-28 01:00:00,4541.19
2024-05-28 02:00:00,4482.75
2024-05-28 03:00:00,4439.92
2024-05-28 04:00:00,4400.97
2024-05-28 05:00:00,4411.92
2024-05-28 06:00:00,4444.53
2024-05-28 07:00:00,4487.8
2024-05-28 08:00:00,4545.99
2024-05-28 09:00:00,4615.22
2024-05-28 10:00:00,4702.8
2024-05-28 11:00:00,4777.46
2024-05-28 12:00:00,4842.93
2024-05-28 13:00:00,4908.62
2024-05-28 14:00:00,4967.67
2024-05-28 15:00:00,5003.47
2024-05-28 16:00:00,5038.14
2024-05-28 17:00:00,5033.79
2024-05-28 18:00:00,4998.21
2024-05-28 19:00:00,4951.45
2024-05-28 20:00:00,4887.32
2024-05-28 21:00:00,4813.17
2024-05-28 22:00:00,4748.55
2024-05-28 23:00:00,4672.36
2024-05-29 00:00:00,4671.86
2024-05-29 01:00:00,4559.67
2024-05-29 02:00:00,4523.37
2024-05-29 03:00:00,4502.48
2024-05-29 04:00:00,4488.78
2024-05-29 05:00:00,4493.79
2024-05-29 06:00:00,4517.04
2024-05-29 07:00:00,4552.77
2024-05-29 08:00:00,4602.25
2024-05-29 09:00:00,4603.56
2024-05-29 10:00:00,5702.03
2024-05-29 11:00:00,5896.08
2024-05-29 12:00:00,6091.71
2024-05-29 13:00:00,5790.18
2024-05-29 14:00:00,6155.2
2024-05-29 15:00:00,6237.63
2024-05-29 16:00:00,6185.81
2024-05-29 17:00:00,6177.36
2024-05-29 18:00:00,5424.9
2024-05-29 19:00:00,5107.24
2024-05-29 20:00:00,5010.29
2024-05-29 21:00:00,4930.38
2024-05-29 22:00:00,4862.38
2024-05-29 23:00:00,4798.42
2024-05-30 00:00:00,4682.82
2024-05-30 01:00:00,4572.89
2024-05-30 02:00:00,4561.6
2024-05-30 03:00:00,4562.56
2024-05-30 04:00:00,4529.56
2024-05-30 05:00:00,4532.46
2024-05-30 06:00:00,4554.97
2024-05-30 07:00:00,4575.61
2024-05-30 08:00:00,4621.16
2024-05-30 09:00:00,4620.13
2024-05-30 10:00:00,5800.32
2024-05-30 11:00:00,5987.11
2024-05-30 12:00:00,6182.3
2024-05-30 13:00:00,5901.84
2024-05-30 14:00:00,6241.56
2024-05-30 15:00:00,6328.04
2024-05-30 16:00:00,6374.41
2024-05-30 17:00:00,6355.52
2024-05-30 18:00:00,5443.97
2024-05-30 19:00:00,5114.15
2024-05-30 20:00:00,5007.81
2024-05-30 21:00:00,4920.14
2024-05-30 22:00:00,4856.43
2024-05-30 23:00:00,4782.89
2024-05-31 00:00:00,4578.56
2024-05-31 01:00:00,4483.81
2024-05-31 02:00:00,4450.79
2024-05-31 03:00:00,4425.22
2024-05-31 04:00:00,4401.86
2024-05-31 05:00:00,4399.45
2024-05-31 06:00:00,4418.39
2024-05-31 07:00:00,4446.2
2024-05-31 08:00:00,4493.25
2024-05-31 09:00:00,4526.74
2024-05-31 10:00:00,5257.63
2024-05-31 11:00:00,5465.13
2024-05-31 12:00:00,5677.29
2024-05-31 13:00:00,5525.69
2024-05-31 14:00:00,5829.16
2024-05-31 15:00:00,5906.67
2024-05-31 16:00:00,5928.8
2024-05-31 17:00:00,5906.61
2024-05-31 18:00:00,5205.76
2024-05-31 19:00:00,4948.5
2024-05-31 20:00:00,4853.1
2024-05-31 21:00:00,4770.1
2024-05-31 22:00:00,4696.92
2024-05-31 23:00:00,4624.25
2024-06-01 00:00:00,4566.63
2024-06-01 01:00:00,4464.22
2024-06-01 02:00:00,4425.88
2024-06-01 03:00:00,4403.17
2024-06-01 04:00:00,4383.72
2024-06-01 05:00:00,4375.03
2024-06-01 06:00:00,4386.72
2024-06-01 07:00:00,4408.84
2024-06-01 08:00:00,4448.69
2024-06-01 09:00:00,4475.72
2024-06-01 10:00:00,5031.66
2024-06-01 11:00:00,5241.3
2024-06-01 12:00:00,5435.37
2024-06-01 13:00:00,5280.02
2024-06-01 14:00:00,5593.35
2024-06-01 15:00:00,5673.0
2024-06-01 16:00:00,5642.49
2024-06-01 17:00:00,5626.35
2024-06-01 18:00:00,5122.1
2024-06-01 19:00:00,4893.47
2024-06-01 20:00:00,4810.68
2024-06-01 21:00:00,4732.96
2024-06-01 22:00:00,4645.09
2024-06-01 23:00:00,4570.68
2024-06-02 00:00:00,4489.06
2024-06-02 01:00:00,4385.12
2024-06-02 02:00:00,4339.37
2024-06-02 03:00:00,4307.62
2024-06-02 04:00:00,4288.83
2024-06-02 05:00:00,4284.29
2024-06-02 06:00:00,4298.28
2024-06-02 07:00:00,4329.79
2024-06-02 08:00:00,4375.68
2024-06-02 09:00:00,4414.23
2024-06-02 10:00:00,4712.71
2024-06-02 11:00:00,4909.22
2024-06-02 12:00:00,5086.81
2024-06-02 13:00:00,4992.27
2024-06-02 14:00:00,5282.16
2024-06-02 15:00:00,5345.4
2024-06-02 16:00:00,5345.3
2024-06-02 17:00:00,5332.58
2024-06-02 18:00:00,4988.45
2024-06-02 19:00:00,4796.49
2024-06-02 20:00:00,4719.83
2024-06-02 21:00:00,4648.07
2024-06-02 22:00:00,4571.05
2024-06-02 23:00:00,4508.7
2024-06-03 00:00:00,4557.84
2024-06-03 01:00:00,4502.19
2024-06-03 02:00:00,4461.18
2024-06-03 03:00:00,4433.56
2024-06-03 04:00:00,4417.03
2024-06-03 05:00:00,4426.97
2024-06-03 06:00:00,4455.44
2024-06-03 07:00:00,4497.5
2024-06-03 08:00:00,4554.44
2024-06-03 09:00:00,4622.22
2024-06-03 10:00:00,4699.2
2024-06-03 11:00:00,4770.05
2024-06-03 12:00:00,4831.0
2024-06-03 13:00:00,4892.56
2024-06-03 14:00:00,4950.0
2024-06-03 15:00:00,4985.16
2024-06-03 16:00:00,5014.98
2024-06-03 17:00:00,5006.45
2024-06-03 18:00:00,4974.76
2024-06-03 19:00:00,4925.26
2024-06-03 20:00:00,4863.18
2024-06-03 21:00:00,4791.26
2024-06-03 22:00:00,4744.38
2024-06-03 23:00:00,4675.54
2024-06-04 00:00:00,4759.76
2024-06-04 01:00:00,4715.95
2024-06-04 02:00:00,4681.28
2024-06-04 03:00:00,4656.99
2024-06-04 04:00:00,4642.07
2024-06-04 05:00:00,4649.31
2024-06-04 06:00:00,4680.56
2024-06-04 07:00:00,4727.34
2024-06-04 08:00:00,4770.49
2024-06-04 09:00:00,4829.09
2024-06-04 10:00:00,4914.31
2024-06-04 11:00:00,4993.58
2024-06-04 12:00:00,5046.66
2024-06-04 13:00:00,5116.85
2024-06-04 14:00:00,5174.11
2024-06-04 15:00:00,5213.84
2024-06-04 16:00:00,5239.85
2024-06-04 17:00:00,5232.7
2024-06-04 18:00:00,5190.13
2024-06-04 19:00:00,5138.93
2024-06-04 20:00:00,5071.1
2024-06-04 21:00:00,4991.94
2024-06-04 22:00:00,4937.54
2024-06-04 23:00:00,4861.4
2024-06-05 00:00:00,4860.56
2024-06-05 01:00:00,4720.27
2024-06-05 02:00:00,4681.85
2024-06-05 03:00:00,4652.88
2024-06-05 04:00:00,4629.78
2024-06-05 05:00:00,4629.71
2024-06-05 06:00:00,4645.46
2024-06-05 07:00:00,4677.05
2024-06-05 08:00:00,4718.21
2024-06-05 09:00:00,4678.98
2024-06-05 10:00:00,5951.24
2024-06-05 11:00:00,6153.39
2024-06-05 12:00:00,6350.46
2024-06-05 13:00:00,5995.94
2024-06-05 14:00:00,6411.6
2024-06-05 15:00:00,6527.53
2024-06-05 16:00:00,6422.18
2024-06-05 17:00:00,6378.63
2024-06-05 18:00:00,5563.93
2024-06-05 19:00:00,5208.51
2024-06-05 20:00:00,5104.33
2024-06-05 21:00:00,5024.59
2024-06-05 22:00:00,4956.57
2024-06-05 23:00:00,4884.95
2024-06-06 00:00:00,4754.55
2024-06-06 01:00:00,4629.04
2024-06-06 02:00:00,4598.31
2024-06-06 03:00:00,4582.62
2024-06-06 04:00:00,4546.31
2024-06-06 05:00:00,4550.39
2024-06-06 06:00:00,4568.18
2024-06-06 07:00:00,4603.71
2024-06-06 08:00:00,4652.95
2024-06-06 09:00:00,4648.61
2024-06-06 10:00:00,5837.07
2024-06-06 11:00:00,6036.64
2024-06-06 12:00:00,6214.0
2024-06-06 13:00:00,5884.93
2024-06-06 14:00:00,6231.65
2024-06-06 15:00:00,6311.85
2024-06-06 16:00:00,6253.02
2024-06-06 17:00:00,6239.74
2024-06-06 18:00:00,5466.3
2024-06-06 19:00:00,5135.8
2024-06-06 20:00:00,5034.86
2024-06-06 21:00:00,4955.41
2024-06-06 22:00:00,4899.91
2024-06-06 23:00:00,4837.51
2024-06-07 00:00:00,4630.31
2024-06-07 01:00:00,4524.78
2024-06-07 02:00:00,4497.33
2024-06-07 03:00:00,4476.99
2024-06-07 04:00:00,4444.12
2024-06-07 05:00:00,4448.77
2024-06-07 06:00:00,4472.61
2024-06-07 07:00:00,4505.57
2024-06-07 08:00:00,4552.3
2024-06-07 09:00:00,4567.29
2024-06-07 10:00:00,5556.73
2024-06-07 11:00:00,5752.8
2024-06-07 12:00:00,5934.22
2024-06-07 13:00:00,5676.61
2024-06-07 14:00:00,6001.38
2024-06-07 15:00:00,6073.64
2024-06-07 16:00:00,6139.26
2024-06-07 17:00:00,6113.41
2024-06-07 18:00:00,5338.95
2024-06-07 19:00:00,5039.82
2024-06-07 20:00:00,4938.7
2024-06-07 21:00:00,4858.51
2024-06-07 22:00:00,4804.06
2024-06-07 23:00:00,4737.07
2024-06-08 00:00:00,4548.23
2024-06-08 01:00:00,4455.58
2024-06-08 02:00:00,4427.0
2024-06-08 03:00:00,4410.93
2024-06-08 04:00:00,4388.81
2024-06-08 05:00:00,4388.42
2024-06-08 06:00:00,4407.1
2024-06-08 07:00:00,4435.41
2024-06-08 08:00:00,4474.6
2024-06-08 09:00:00,4489.29
2024-06-08 10:00:00,5079.77
2024-06-08 11:00:00,5289.6
2024-06-08 12:00:00,5507.8
2024-06-08 13:00:00,5360.96
2024-06-08 14:00:00,5688.46
2024-06-08 15:00:00,5768.61
2024-06-08 16:00:00,5780.42
2024-06-08 17:00:00,5757.36
2024-06-08 18:00:00,5157.34
2024-06-08 19:00:00,4911.53
2024-06-08 20:00:00,4821.69
2024-06-08 21:00:00,4740.05
2024-06-08 22:00:00,4700.38
2024-06-08 23:00:00,4635.16
2024-06-09 00:00:00,4562.98
2024-06-09 01:00:00,4468.45
2024-06-09 02:00:00,4439.29
2024-06-09 03:00:00,4418.45
2024-06-09 04:00:00,4398.2
2024-06-09 05:00:00,4388.56
2024-06-09 06:00:00,4399.37
2024-06-09 07:00:00,4419.9
2024-06-09 08:00:00,4459.01
2024-06-09 09:00:00,4466.74
2024-06-09 10:00:00,4905.98
2024-06-09 11:00:00,5135.59
2024-06-09 12:00:00,5360.75
2024-06-09 13:00:00,5233.38
2024-06-09 14:00:00,5572.44
2024-06-09 15:00:00,5632.66
2024-06-09 16:00:00,5715.73
2024-06-09 17:00:00,5685.57
2024-06-09 18:00:00,5153.64
2024-06-09 19:00:00,4908.05
2024-06-09 20:00:00,4823.31
2024-06-09 21:00:00,4741.29
2024-06-09 22:00:00,4692.73
2024-06-09 23:00:00,4629.14
2024-06-10 00:00:00,4677.59
2024-06-10 01:00:00,4630.82
2024-06-10 02:00:00,4594.15
2024-06-10 03:00:00,4571.85
2024-06-10 04:00:00,4558.37
2024-06-10 05:00:00,4558.75
2024-06-10 06:00:00,4584.64
2024-06-10 07:00:00,4611.28
2024-06-10 08:00:00,4661.07
2024-06-10 09:00:00,4734.2
2024-06-10 10:00:00,4833.45
2024-06-10 11:00:00,4909.58
2024-06-10 12:00:00,4977.57
2024-06-10 13:00:00,5034.39
2024-06-10 14:00:00,5091.8
2024-06-10 15:00:00,5108.05
2024-06-10 16:00:00,5180.24
2024-06-10 17:00:00,5152.99
2024-06-10 18:00:00,5111.37
2024-06-10 19:00:00,5058.08
2024-06-10 20:00:00,4987.31
2024-06-10 21:00:00,4905.27
2024-06-10 22:00:00,4835.64
2024-06-10 23:00:00,4760.08
2024-06-11 00:00:00,4849.71
2024-06-11 01:00:00,4803.92
2024-06-11 02:00:00,4777.67
2024-06-11 03:00:00,4767.56
2024-06-11 04:00:00,4733.51
2024-06-11 05:00:00,4762.45
2024-06-11 06:00:00,4771.1
2024-06-11 07:00:00,4798.58
2024-06-11 08:00:00,4781.72
2024-06-11 09:00:00,4953.16
2024-06-11 10:00:00,4890.32
2024-06-11 11:00:00,5161.75
2024-06-11 12:00:00,5189.28
2024-06-11 13:00:00,5222.88
2024-06-11 14:00:00,5306.43
2024-06-11 15:00:00,5340.79
2024-06-11 16:00:00,5369.5
2024-06-11 17:00:00,5349.24
2024-06-11 18:00:00,5286.1
2024-06-11 19:00:00,5223.84
2024-06-11 20:00:00,5134.37
2024-06-11 21:00:00,5076.14
2024-06-11 22:00:00,5040.14
2024-06-11 23:00:00,4967.27
2024-06-12 00:00:00,4980.73
2024-06-12 01:00:00,4863.91
2024-06-12 02:00:00,4834.7
2024-06-12 03:00:00,4867.46
2024-06-12 04:00:00,4807.71
2024-06-12 05:00:00,4789.92
2024-06-12 06:00:00,4827.79
2024-06-12 07:00:00,4886.93
2024-06-12 08:00:00,4790.48
2024-06-12 09:00:00,4857.8
2024-06-12 10:00:00,6616.03
2024-06-12 11:00:00,6835.27
2024-06-12 12:00:00,6990.21
2024-06-12 13:00:00,6522.66
2024-06-12 14:00:00,6928.0
2024-06-12 15:00:00,7010.4
2024-06-12 16:00:00,7060.9
2024-06-12 17:00:00,7030.28
2024-06-12 18:00:00,5805.6
2024-06-12 19:00:00,5375.7
2024-06-12 20:00:00,5249.66
2024-06-12 21:00:00,5144.08
2024-06-12 22:00:00,5135.57
2024-06-12 23:00:00,5053.0
2024-06-13 00:00:00,4916.72
2024-06-13 01:00:00,4799.17
2024-06-13 02:00:00,4781.36
2024-06-13 03:00:00,4777.44
2024-06-13 04:00:00,4755.74
2024-06-13 05:00:00,4690.49
2024-06-13 06:00:00,4755.02
2024-06-13 07:00:00,4797.62
2024-06-13 08:00:00,4858.39
2024-06-13 09:00:00,4764.06
2024-06-13 10:00:00,6323.52
2024-06-13 11:00:00,6549.29
2024-06-13 12:00:00,6773.76
2024-06-13 13:00:00,6360.67
2024-06-13 14:00:00,6789.21
2024-06-13 15:00:00,6820.73
2024-06-13 16:00:00,6936.35
2024-06-13 17:00:00,6908.31
2024-06-13 18:00:00,5723.49
2024-06-13 19:00:00,5316.16
2024-06-13 20:00:00,5193.66
2024-06-13 21:00:00,5089.6
2024-06-13 22:00:00,5026.62
2024-06-13 23:00:00,4950.38
2024-06-14 00:00:00,4723.14
2024-06-14 01:00:00,4592.61
2024-06-14 02:00:00,4555.11
2024-06-14 03:00:00,4520.42
2024-06-14 04:00:00,4527.94
2024-06-14 05:00:00,4481.96
2024-06-14 06:00:00,4499.96
2024-06-14 07:00:00,4540.51
2024-06-14 08:00:00,4625.63
2024-06-14 09:00:00,4625.25
2024-06-14 10:00:00,5772.77
2024-06-14 11:00:00,5996.88
2024-06-14 12:00:00,6169.46
2024-06-14 13:00:00,5919.02
2024-06-14 14:00:00,6318.5
2024-06-14 15:00:00,6389.93
2024-06-14 16:00:00,6441.91
2024-06-14 17:00:00,6427.55
2024-06-14 18:00:00,5481.2
2024-06-14 19:00:00,5143.55
2024-06-14 20:00:00,5033.43
2024-06-14 21:00:00,4948.63
2024-06-14 22:00:00,4865.95
2024-06-14 23:00:00,4799.21
2024-06-15 00:00:00,4602.79
2024-06-15 01:00:00,4507.88
2024-06-15 02:00:00,4482.17
2024-06-15 03:00:00,4462.49
2024-06-15 04:00:00,4459.82
2024-06-15 05:00:00,4462.2
2024-06-15 06:00:00,4497.74
2024-06-15 07:00:00,4499.96
2024-06-15 08:00:00,4577.27
2024-06-15 09:00:00,4486.56
2024-06-15 10:00:00,5323.34
2024-06-15 11:00:00,5540.03
2024-06-15 12:00:00,5717.44
2024-06-15 13:00:00,5468.11
2024-06-15 14:00:00,5873.71
2024-06-15 15:00:00,5957.62
2024-06-15 16:00:00,6012.09
2024-06-15 17:00:00,5989.68
2024-06-15 18:00:00,5266.73
2024-06-15 19:00:00,4986.75
2024-06-15 20:00:00,4884.62
2024-06-15 21:00:00,4817.15
2024-06-15 22:00:00,4747.5
2024-06-15 23:00:00,4681.87
2024-06-16 00:00:00,4614.58
2024-06-16 01:00:00,4507.74
2024-06-16 02:00:00,4486.37
2024-06-16 03:00:00,4460.18
2024-06-16 04:00:00,4442.0
2024-06-16 05:00:00,4437.13
2024-06-16 06:00:00,4445.44
2024-06-16 07:00:00,4463.78
2024-06-16 08:00:00,4497.28
2024-06-16 09:00:00,4486.36
2024-06-16 10:00:00,5018.43
2024-06-16 11:00:00,5252.32
2024-06-16 12:00:00,5485.55
2024-06-16 13:00:00,5339.18
2024-06-16 14:00:00,5701.73
2024-06-16 15:00:00,5798.28
2024-06-16 16:00:00,5751.85
2024-06-16 17:00:00,5727.78
2024-06-16 18:00:00,5176.49
2024-06-16 19:00:00,4932.34
2024-06-16 20:00:00,4851.84
2024-06-16 21:00:00,4774.76
2024-06-16 22:00:00,4692.93
2024-06-16 23:00:00,4623.71
2024-06-17 00:00:00,4667.78
2024-06-17 01:00:00,4630.9
2024-06-17 02:00:00,4599.42
2024-06-17 03:00:00,4588.72
2024-06-17 04:00:00,4562.64
2024-06-17 05:00:00,4565.78
2024-06-17 06:00:00,4588.08
2024-06-17 07:00:00,4619.0
2024-06-17 08:00:00,4662.84
2024-06-17 09:00:00,4737.86
2024-06-17 10:00:00,4823.71
2024-06-17 11:00:00,4919.94
2024-06-17 12:00:00,5005.57
2024-06-17 13:00:00,5067.78
2024-06-17 14:00:00,5131.82
2024-06-17 15:00:00,5156.34
2024-06-17 16:00:00,5203.29
2024-06-17 17:00:00,5183.54
2024-06-17 18:00:00,5131.05
2024-06-17 19:00:00,5066.98
2024-06-17 20:00:00,4991.52
2024-06-17 21:00:00,4924.71
2024-06-17 22:00:00,4851.01
2024-06-17 23:00:00,4772.01
2024-06-18 00:00:00,4844.81
2024-06-18 01:00:00,4788.55
2024-06-18 02:00:00,4744.04
2024-06-18 03:00:00,4709.64
2024-06-18 04:00:00,4701.97
2024-06-18 05:00:00,4689.58
2024-06-18 06:00:00,4704.62
2024-06-18 07:00:00,4742.6
2024-06-18 08:00:00,4793.51
2024-06-18 09:00:00,4851.95
2024-06-18 10:00:00,4947.46
2024-06-18 11:00:00,5019.57
2024-06-18 12:00:00,5110.8
2024-06-18 13:00:00,5178.35
2024-06-18 14:00:00,5246.32
2024-06-18 15:00:00,5284.05
2024-06-18 16:00:00,5312.03
2024-06-18 17:00:00,5299.77
2024-06-18 18:00:00,5239.22
2024-06-18 19:00:00,5182.2
2024-06-18 20:00:00,5112.23
2024-06-18 21:00:00,5031.14
2024-06-18 22:00:00,4965.97
2024-06-18 23:00:00,4900.72
2024-06-19 00:00:00,4901.58
2024-06-19 01:00:00,4789.06
2024-06-19 02:00:00,4787.46
2024-06-19 03:00:00,4703.09
2024-06-19 04:00:00,4706.67
2024-06-19 05:00:00,4654.52
2024-06-19 06:00:00,4762.96
2024-06-19 07:00:00,4781.81
2024-06-19 08:00:00,4778.22
2024-06-19 09:00:00,4748.23
2024-06-19 10:00:00,6361.55
2024-06-19 11:00:00,6559.19
2024-06-19 12:00:00,6775.16
2024-06-19 13:00:00,6313.05
2024-06-19 14:00:00,6774.53
2024-06-19 15:00:00,6870.75
2024-06-19 16:00:00,6866.35
2024-06-19 17:00:00,6831.77
2024-06-19 18:00:00,5720.12
2024-06-19 19:00:00,5312.55
2024-06-19 20:00:00,5200.63
2024-06-19 21:00:00,5116.36
2024-06-19 22:00:00,5057.25
2024-06-19 23:00:00,4984.84
2024-06-20 00:00:00,4891.06
2024-06-20 01:00:00,4760.34
2024-06-20 02:00:00,4814.19
2024-06-20 03:00:00,4775.69
2024-06-20 04:00:00,4713.71
2024-06-20 05:00:00,4709.62
2024-06-20 06:00:00,4691.05
2024-06-20 07:00:00,4747.43
2024-06-20 08:00:00,4817.68
2024-06-20 09:00:00,4742.71
2024-06-20 10:00:00,6339.83
2024-06-20 11:00:00,6573.44
2024-06-20 12:00:00,6801.57
2024-06-20 13:00:00,6381.27
2024-06-20 14:00:00,6813.09
2024-06-20 15:00:00,6871.9
2024-06-20 16:00:00,6865.41
2024-06-20 17:00:00,6840.78
2024-06-20 18:00:00,5674.25
2024-06-20 19:00:00,5258.92
2024-06-20 20:00:00,5174.05
2024-06-20 21:00:00,5087.72
2024-06-20 22:00:00,5018.32
2024-06-20 23:00:00,4976.44
2024-06-21 00:00:00,4742.99
2024-06-21 01:00:00,4619.41
2024-06-21 02:00:00,4447.48
2024-06-21 03:00:00,4554.33
2024-06-21 04:00:00,4551.75
2024-06-21 05:00:00,4496.13
2024-06-21 06:00:00,4490.97
2024-06-21 07:00:00,4439.44
2024-06-21 08:00:00,4591.24
2024-06-21 09:00:00,4601.52
2024-06-21 10:00:00,5734.17
2024-06-21 11:00:00,5966.29
2024-06-21 12:00:00,6190.0
2024-06-21 13:00:00,5910.48
2024-06-21 14:00:00,6304.21
2024-06-21 15:00:00,6377.9
2024-06-21 16:00:00,6314.15
2024-06-21 17:00:00,6316.73
2024-06-21 18:00:00,5444.42
2024-06-21 19:00:00,5118.18
2024-06-21 20:00:00,5012.97
2024-06-21 21:00:00,4934.88
2024-06-21 22:00:00,4853.43
2024-06-21 23:00:00,4804.77
2024-06-22 00:00:00,4620.3
2024-06-22 01:00:00,4524.37
2024-06-22 02:00:00,4455.34
2024-06-22 03:00:00,4485.6
2024-06-22 04:00:00,4454.11
2024-06-22 05:00:00,4448.17
2024-06-22 06:00:00,4457.51
2024-06-22 07:00:00,4432.96
2024-06-22 08:00:00,4529.63
2024-06-22 09:00:00,4520.08
2024-06-22 10:00:00,5250.64
2024-06-22 11:00:00,5472.16
2024-06-22 12:00:00,5671.52
2024-06-22 13:00:00,5494.64
2024-06-22 14:00:00,5858.16
2024-06-22 15:00:00,5938.45
2024-06-22 16:00:00,6013.56
2024-06-22 17:00:00,5993.69
2024-06-22 18:00:00,5285.7
2024-06-22 19:00:00,4999.95
2024-06-22 20:00:00,4906.25
2024-06-22 21:00:00,4812.96
2024-06-22 22:00:00,4759.92
2024-06-22 23:00:00,4700.53
2024-06-23 00:00:00,4637.52
2024-06-23 01:00:00,4540.65
2024-06-23 02:00:00,4512.06
2024-06-23 03:00:00,4495.57
2024-06-23 04:00:00,4463.34
2024-06-23 05:00:00,4462.33
2024-06-23 06:00:00,4475.12
2024-06-23 07:00:00,4495.99
2024-06-23 08:00:00,4511.22
2024-06-23 09:00:00,4538.08
2024-06-23 10:00:00,5057.78
2024-06-23 11:00:00,5302.83
2024-06-23 12:00:00,5559.51
2024-06-23 13:00:00,5390.31
2024-06-23 14:00:00,5772.32
2024-06-23 15:00:00,5870.81
2024-06-23 16:00:00,5809.82
2024-06-23 17:00:00,5786.85
2024-06-23 18:00:00,5216.07
2024-06-23 19:00:00,4954.41
2024-06-23 20:00:00,4866.3
2024-06-23 21:00:00,4787.17
2024-06-23 22:00:00,4716.19
2024-06-23 23:00:00,4655.84
2024-06-24 00:00:00,4717.53
2024-06-24 01:00:00,4670.55
2024-06-24 02:00:00,4646.68
2024-06-24 03:00:00,4619.29
2024-06-24 04:00:00,4602.79
2024-06-24 05:00:00,4586.53
2024-06-24 06:00:00,4560.37
2024-06-24 07:00:00,4630.5
2024-06-24 08:00:00,4667.71
2024-06-24 09:00:00,4730.91
2024-06-24 10:00:00,4820.89
2024-06-24 11:00:00,4903.67
2024-06-24 12:00:00,4971.67
2024-06-24 13:00:00,5038.04
2024-06-24 14:00:00,5093.15
2024-06-24 15:00:00,5121.44
2024-06-24 16:00:00,5120.29
2024-06-24 17:00:00,5115.03
2024-06-24 18:00:00,5066.72
2024-06-24 19:00:00,5012.41
2024-06-24 20:00:00,4951.02
2024-06-24 21:00:00,4873.5
2024-06-24 22:00:00,4809.14
2024-06-24 23:00:00,4753.5
2024-06-25 00:00:00,4848.65
2024-06-25 01:00:00,4814.54
2024-06-25 02:00:00,4828.06
2024-06-25 03:00:00,4775.87
2024-06-25 04:00:00,4725.23
2024-06-25 05:00:00,4644.61
2024-06-25 06:00:00,4678.39
2024-06-25 07:00:00,4786.75
2024-06-25 08:00:00,4813.45
2024-06-25 09:00:00,4876.98
2024-06-25 10:00:00,4979.08
2024-06-25 11:00:00,5059.24
2024-06-25 12:00:00,5122.74
2024-06-25 13:00:00,5188.01
2024-06-25 14:00:00,5236.57
2024-06-25 15:00:00,5256.04
2024-06-25 16:00:00,5293.95
2024-06-25 17:00:00,5284.6
2024-06-25 18:00:00,5228.18
2024-06-25 19:00:00,5171.62
2024-06-25 20:00:00,5109.56
2024-06-25 21:00:00,5034.8
2024-06-25 22:00:00,4961.62
2024-06-25 23:00:00,4900.72
2024-06-26 00:00:00,4915.72
2024-06-26 01:00:00,4800.81
2024-06-26 02:00:00,4845.25
2024-06-26 03:00:00,4827.25
2024-06-26 04:00:00,4804.11
2024-06-26 05:00:00,4781.51
2024-06-26 06:00:00,4800.38
2024-06-26 07:00:00,4706.46
2024-06-26 08:00:00,4857.53
2024-06-26 09:00:00,4765.82
2024-06-26 10:00:00,6414.17
2024-06-26 11:00:00,6610.9
2024-06-26 12:00:00,6814.24
2024-06-26 13:00:00,6378.6
2024-06-26 14:00:00,6801.36
2024-06-26 15:00:00,6866.06
2024-06-26 16:00:00,6860.65
2024-06-26 17:00:00,6829.27
2024-06-26 18:00:00,5718.64
2024-06-26 19:00:00,5315.42
2024-06-26 20:00:00,5205.25
2024-06-26 21:00:00,5119.29
2024-06-26 22:00:00,5069.12
2024-06-26 23:00:00,5003.71
2024-06-27 00:00:00,4900.87
2024-06-27 01:00:00,4760.7
2024-06-27 02:00:00,4683.19
2024-06-27 03:00:00,4829.75
2024-06-27 04:00:00,4794.74
2024-06-27 05:00:00,4747.15
2024-06-27 06:00:00,4778.9
2024-06-27 07:00:00,4772.51
2024-06-27 08:00:00,4815.96
2024-06-27 09:00:00,4782.05
2024-06-27 10:00:00,6368.61
2024-06-27 11:00:00,6551.6
2024-06-27 12:00:00,6773.76
2024-06-27 13:00:00,6360.67
2024-06-27 14:00:00,6760.59
2024-06-27 15:00:00,6822.4
2024-06-27 16:00:00,6947.29
2024-06-27 17:00:00,6886.97
2024-06-27 18:00:00,5709.25
2024-06-27 19:00:00,5293.0
2024-06-27 20:00:00,5153.9
2024-06-27 21:00:00,5091.77
2024-06-27 22:00:00,5045.43
2024-06-27 23:00:00,4988.17
2024-06-28 00:00:00,4736.75
2024-06-28 01:00:00,4603.99
2024-06-28 02:00:00,4415.3
2024-06-28 03:00:00,4550.99
2024-06-28 04:00:00,4508.26
2024-06-28 05:00:00,4479.22
2024-06-28 06:00:00,4424.33
2024-06-28 07:00:00,4549.96
2024-06-28 08:00:00,4606.88
2024-06-28 09:00:00,4606.44
2024-06-28 10:00:00,5727.26
2024-06-28 11:00:00,5952.51
2024-06-28 12:00:00,6178.15
2024-06-28 13:00:00,5893.73
2024-06-28 14:00:00,6274.07
2024-06-28 15:00:00,6359.61
2024-06-28 16:00:00,6302.32
2024-06-28 17:00:00,6278.52
2024-06-28 18:00:00,5415.49
2024-06-28 19:00:00,5104.27
2024-06-28 20:00:00,5002.3
2024-06-28 21:00:00,4924.53
2024-06-28 22:00:00,4862.74
2024-06-28 23:00:00,4797.32
2024-06-29 00:00:00,4614.7
2024-06-29 01:00:00,4508.82
2024-06-29 02:00:00,4495.09
2024-06-29 03:00:00,4467.56
2024-06-29 04:00:00,4449.19
2024-06-29 05:00:00,4426.8
2024-06-29 06:00:00,4442.86
2024-06-29 07:00:00,4458.84
2024-06-29 08:00:00,4497.85
2024-06-29 09:00:00,4499.59
2024-06-29 10:00:00,5178.35
2024-06-29 11:00:00,5398.81
2024-06-29 12:00:00,5628.8
2024-06-29 13:00:00,5436.44
2024-06-29 14:00:00,5782.81
2024-06-29 15:00:00,5863.43
2024-06-29 16:00:00,5891.4
2024-06-29 17:00:00,5895.49
2024-06-29 18:00:00,5236.6
2024-06-29 19:00:00,4969.29
2024-06-29 20:00:00,4877.6
2024-06-29 21:00:00,4799.06
2024-06-29 22:00:00,4743.92
2024-06-29 23:00:00,4680.91
2024-06-30 00:00:00,4623.23
2024-06-30 01:00:00,4528.56
2024-06-30 02:00:00,4489.57
2024-06-30 03:00:00,4468.51
2024-06-30 04:00:00,4450.35
2024-06-30 05:00:00,4442.93
2024-06-30 06:00:00,4475.46
2024-06-30 07:00:00,4491.87
2024-06-30 08:00:00,4543.3
2024-06-30 09:00:00,4508.9
2024-06-30 10:00:00,5203.15
2024-06-30 11:00:00,5398.97
2024-06-30 12:00:00,5593.86
2024-06-30 13:00:00,5443.79
2024-06-30 14:00:00,5840.29
2024-06-30 15:00:00,5928.38
2024-06-30 16:00:00,5907.84
2024-06-30 17:00:00,5869.74
2024-06-30 18:00:00,5232.36
2024-06-30 19:00:00,4979.73
2024-06-30 20:00:00,4894.63
2024-06-30 21:00:00,4813.05
2024-06-30 22:00:00,4747.75
2024-06-30 23:00:00,4692.31
2024-07-01 00:00:00,4820.14
2024-07-01 01:00:00,4777.91
2024-07-01 02:00:00,4740.02
2024-07-01 03:00:00,4729.65
2024-07-01 04:00:00,4680.89
2024-07-01 05:00:00,4668.29
2024-07-01 06:00:00,4690.83
2024-07-01 07:00:00,4694.6
2024-07-01 08:00:00,4771.22
2024-07-01 09:00:00,4817.27
2024-07-01 10:00:00,4908.61
2024-07-01 11:00:00,5006.17
2024-07-01 12:00:00,5089.44
2024-07-01 13:00:00,5156.23
2024-07-01 14:00:00,5222.32
2024-07-01 15:00:00,5254.27
2024-07-01 16:00:00,5239.05
2024-07-01 17:00:00,5234.33
2024-07-01 18:00:00,5181.35
2024-07-01 19:00:00,5122.85
2024-07-01 20:00:00,5054.97
2024-07-01 21:00:00,4982.29
2024-07-01 22:00:00,4915.95
2024-07-01 23:00:00,4854.73
2024-07-02 00:00:00,4950.2
2024-07-02 01:00:00,4885.97
2024-07-02 02:00:00,4865.72
2024-07-02 03:00:00,4833.05
2024-07-02 04:00:00,4826.79
2024-07-02 05:00:00,4806.9
2024-07-02 06:00:00,4822.01
2024-07-02 07:00:00,4838.33
2024-07-02 08:00:00,4891.85
2024-07-02 09:00:00,4962.41
2024-07-02 10:00:00,5058.18
2024-07-02 11:00:00,5145.7
2024-07-02 12:00:00,5220.25
2024-07-02 13:00:00,5284.93
2024-07-02 14:00:00,5345.1
2024-07-02 15:00:00,5371.76
2024-07-02 16:00:00,5379.45
2024-07-02 17:00:00,5371.84
2024-07-02 18:00:00,5312.64
2024-07-02 19:00:00,5249.18
2024-07-02 20:00:00,5186.73
2024-07-02 21:00:00,5110.02
2024-07-02 22:00:00,5052.61
2024-07-02 23:00:00,4988.31
2024-07-03 00:00:00,5014.21
2024-07-03 01:00:00,4848.03
2024-07-03 02:00:00,4840.4
2024-07-03 03:00:00,4829.54
2024-07-03 04:00:00,4822.76
2024-07-03 05:00:00,4844.55
2024-07-03 06:00:00,4828.36
2024-07-03 07:00:00,4821.55
2024-07-03 08:00:00,4858.03
2024-07-03 09:00:00,4784.37
2024-07-03 10:00:00,6800.35
2024-07-03 11:00:00,7034.81
2024-07-03 12:00:00,7230.08
2024-07-03 13:00:00,6728.8
2024-07-03 14:00:00,7251.69
2024-07-03 15:00:00,7296.87
2024-07-03 16:00:00,7202.13
2024-07-03 17:00:00,7137.63
2024-07-03 18:00:00,5877.48
2024-07-03 19:00:00,5417.72
2024-07-03 20:00:00,5299.86
2024-07-03 21:00:00,5214.77
2024-07-03 22:00:00,5156.97
2024-07-03 23:00:00,5101.88
2024-07-04 00:00:00,4981.31
2024-07-04 01:00:00,4859.77
2024-07-04 02:00:00,4827.74
2024-07-04 03:00:00,4854.18
2024-07-04 04:00:00,4814.95
2024-07-04 05:00:00,4781.58
2024-07-04 06:00:00,4815.13
2024-07-04 07:00:00,4848.31
2024-07-04 08:00:00,4851.08
2024-07-04 09:00:00,4824.68
2024-07-04 10:00:00,6716.89
2024-07-04 11:00:00,6935.51
2024-07-04 12:00:00,7068.13
2024-07-04 13:00:00,6668.93
2024-07-04 14:00:00,7184.73
2024-07-04 15:00:00,7264.28
2024-07-04 16:00:00,7247.35
2024-07-04 17:00:00,7203.67
2024-07-04 18:00:00,5851.93
2024-07-04 19:00:00,5400.74
2024-07-04 20:00:00,5254.42
2024-07-04 21:00:00,5180.48
2024-07-04 22:00:00,5126.36
2024-07-04 23:00:00,5064.93
2024-07-05 00:00:00,4842.8
2024-07-05 01:00:00,4739.07
2024-07-05 02:00:00,4703.17
2024-07-05 03:00:00,4717.06
2024-07-05 04:00:00,4700.85
2024-07-05 05:00:00,4704.03
2024-07-05 06:00:00,4728.28
2024-07-05 07:00:00,4707.93
2024-07-05 08:00:00,4758.85
2024-07-05 09:00:00,4680.8
2024-07-05 10:00:00,6251.04
2024-07-05 11:00:00,6451.67
2024-07-05 12:00:00,6625.32
2024-07-05 13:00:00,6246.21
2024-07-05 14:00:00,6630.35
2024-07-05 15:00:00,6801.82
2024-07-05 16:00:00,6816.03
2024-07-05 17:00:00,6781.3
2024-07-05 18:00:00,5657.75
2024-07-05 19:00:00,5256.7
2024-07-05 20:00:00,5139.01
2024-07-05 21:00:00,5049.35
2024-07-05 22:00:00,4987.81
2024-07-05 23:00:00,4918.96
2024-07-06 00:00:00,4731.01
2024-07-06 01:00:00,4632.06
2024-07-06 02:00:00,4587.71
2024-07-06 03:00:00,4588.02
2024-07-06 04:00:00,4544.81
2024-07-06 05:00:00,4543.09
2024-07-06 06:00:00,4560.8
2024-07-06 07:00:00,4569.78
2024-07-06 08:00:00,4585.16
2024-07-06 09:00:00,4587.99
2024-07-06 10:00:00,5617.24
2024-07-06 11:00:00,5851.61
2024-07-06 12:00:00,6036.56
2024-07-06 13:00:00,5813.13
2024-07-06 14:00:00,6238.14
2024-07-06 15:00:00,6325.02
2024-07-06 16:00:00,6319.79
2024-07-06 17:00:00,6276.5
2024-07-06 18:00:00,5413.93
2024-07-06 19:00:00,5083.14
2024-07-06 20:00:00,4989.14
2024-07-06 21:00:00,4913.75
2024-07-06 22:00:00,4852.51
2024-07-06 23:00:00,4789.87
2024-07-07 00:00:00,4701.51
2024-07-07 01:00:00,4606.33
2024-07-07 02:00:00,4539.29
2024-07-07 03:00:00,4541.62
2024-07-07 04:00:00,4515.39
2024-07-07 05:00:00,4510.06
2024-07-07 06:00:00,4526.75
2024-07-07 07:00:00,4535.35
2024-07-07 08:00:00,4600.56
2024-07-07 09:00:00,4549.9
2024-07-07 10:00:00,5453.3
2024-07-07 11:00:00,5652.22
2024-07-07 12:00:00,5914.18
2024-07-07 13:00:00,5668.06
2024-07-07 14:00:00,6113.0
2024-07-07 15:00:00,6195.92
2024-07-07 16:00:00,6138.15
2024-07-07 17:00:00,6115.5
2024-07-07 18:00:00,5371.9
2024-07-07 19:00:00,5058.65
2024-07-07 20:00:00,4962.15
2024-07-07 21:00:00,4875.19
2024-07-07 22:00:00,4815.66
2024-07-07 23:00:00,4755.04
2024-07-08 00:00:00,4804.46
2024-07-08 01:00:00,4756.23
2024-07-08 02:00:00,4718.62
2024-07-08 03:00:00,4700.08
2024-07-08 04:00:00,4675.54
2024-07-08 05:00:00,4671.0
2024-07-08 06:00:00,4653.65
2024-07-08 07:00:00,4700.6
2024-07-08 08:00:00,4746.51
2024-07-08 09:00:00,4810.53
2024-07-08 10:00:00,4919.87
2024-07-08 11:00:00,4995.94
2024-07-08 12:00:00,5074.04
2024-07-08 13:00:00,5132.58
2024-07-08 14:00:00,5192.95
2024-07-08 15:00:00,5227.09
2024-07-08 16:00:00,5174.51
2024-07-08 17:00:00,5171.55
2024-07-08 18:00:00,5134.72
2024-07-08 19:00:00,5086.08
2024-07-08 20:00:00,5021.24
2024-07-08 21:00:00,4946.64
2024-07-08 22:00:00,4874.84
2024-07-08 23:00:00,4821.75
2024-07-09 00:00:00,4916.22
2024-07-09 01:00:00,4882.93
2024-07-09 02:00:00,4861.76
2024-07-09 03:00:00,4841.25
2024-07-09 04:00:00,4830.49
2024-07-09 05:00:00,4834.14
2024-07-09 06:00:00,4830.45
2024-07-09 07:00:00,4864.42
2024-07-09 08:00:00,4900.35
2024-07-09 09:00:00,4952.67
2024-07-09 10:00:00,5083.64
2024-07-09 11:00:00,5162.34
2024-07-09 12:00:00,5239.86
2024-07-09 13:00:00,5300.46
2024-07-09 14:00:00,5356.84
2024-07-09 15:00:00,5389.85
2024-07-09 16:00:00,5364.79
2024-07-09 17:00:00,5363.67
2024-07-09 18:00:00,5304.58
2024-07-09 19:00:00,5247.5
2024-07-09 20:00:00,5186.25
2024-07-09 21:00:00,5109.84
2024-07-09 22:00:00,5042.44
2024-07-09 23:00:00,4983.06
2024-07-10 00:00:00,5003.81
2024-07-10 01:00:00,4858.43
2024-07-10 02:00:00,4858.15
2024-07-10 03:00:00,4860.59
2024-07-10 04:00:00,4805.58
2024-07-10 05:00:00,4815.93
2024-07-10 06:00:00,4805.88
2024-07-10 07:00:00,4859.08
2024-07-10 08:00:00,4849.9
2024-07-10 09:00:00,4783.14
2024-07-10 10:00:00,6765.67
2024-07-10 11:00:00,6994.22
2024-07-10 12:00:00,7202.06
2024-07-10 13:00:00,6701.33
2024-07-10 14:00:00,7199.29
2024-07-10 15:00:00,7249.79
2024-07-10 16:00:00,7108.57
2024-07-10 17:00:00,7086.32
2024-07-10 18:00:00,5830.33
2024-07-10 19:00:00,5387.9
2024-07-10 20:00:00,5273.73
2024-07-10 21:00:00,5193.98
2024-07-10 22:00:00,5115.43
2024-07-10 23:00:00,5058.75
2024-07-11 00:00:00,4941.77
2024-07-11 01:00:00,4808.7
2024-07-11 02:00:00,4795.63
2024-07-11 03:00:00,4811.8
2024-07-11 04:00:00,4753.02
2024-07-11 05:00:00,4753.62
2024-07-11 06:00:00,4805.43
2024-07-11 07:00:00,4856.94
2024-07-11 08:00:00,4816.54
2024-07-11 09:00:00,4815.01
2024-07-11 10:00:00,6786.44
2024-07-11 11:00:00,6937.3
2024-07-11 12:00:00,7152.95
2024-07-11 13:00:00,6668.9
2024-07-11 14:00:00,7172.86
2024-07-11 15:00:00,7256.99
2024-07-11 16:00:00,7196.85
2024-07-11 17:00:00,7152.68
2024-07-11 18:00:00,5819.47
2024-07-11 19:00:00,5365.75
2024-07-11 20:00:00,5262.81
2024-07-11 21:00:00,5174.61
2024-07-11 22:00:00,5085.62
2024-07-11 23:00:00,5041.69
2024-07-12 00:00:00,4834.55
2024-07-12 01:00:00,4725.96
2024-07-12 02:00:00,4678.08
2024-07-12 03:00:00,4718.11
2024-07-12 04:00:00,4693.54
2024-07-12 05:00:00,4699.09
2024-07-12 06:00:00,4726.36
2024-07-12 07:00:00,4707.93
2024-07-12 08:00:00,4760.34
2024-07-12 09:00:00,4697.41
2024-07-12 10:00:00,6173.89
2024-07-12 11:00:00,6369.87
2024-07-12 12:00:00,6618.12
2024-07-12 13:00:00,6183.35
2024-07-12 14:00:00,6729.43
2024-07-12 15:00:00,6793.87
2024-07-12 16:00:00,6795.37
2024-07-12 17:00:00,6760.22
2024-07-12 18:00:00,5632.55
2024-07-12 19:00:00,5241.04
2024-07-12 20:00:00,5118.15
2024-07-12 21:00:00,5033.69
2024-07-12 22:00:00,4971.52
2024-07-12 23:00:00,4913.36
2024-07-13 00:00:00,4716.06
2024-07-13 01:00:00,4613.99
2024-07-13 02:00:00,4580.88
2024-07-13 03:00:00,4582.81
2024-07-13 04:00:00,4550.53
2024-07-13 05:00:00,4534.68
2024-07-13 06:00:00,4557.04
2024-07-13 07:00:00,4577.49
2024-07-13 08:00:00,4608.61
2024-07-13 09:00:00,4588.46
2024-07-13 10:00:00,5627.42
2024-07-13 11:00:00,5856.56
2024-07-13 12:00:00,6085.42
2024-07-13 13:00:00,5822.78
2024-07-13 14:00:00,6261.73
2024-07-13 15:00:00,6345.05
2024-07-13 16:00:00,6171.27
2024-07-13 17:00:00,6158.37
2024-07-13 18:00:00,5375.96
2024-07-13 19:00:00,5066.0
2024-07-13 20:00:00,4972.14
2024-07-13 21:00:00,4893.54
2024-07-13 22:00:00,4823.93
2024-07-13 23:00:00,4765.68
2024-07-14 00:00:00,4694.68
2024-07-14 01:00:00,4593.59
2024-07-14 02:00:00,4561.65
2024-07-14 03:00:00,4556.95
2024-07-14 04:00:00,4540.07
2024-07-14 05:00:00,4544.5
2024-07-14 06:00:00,4573.33
2024-07-14 07:00:00,4599.51
2024-07-14 08:00:00,4620.31
2024-07-14 09:00:00,4594.07
2024-07-14 10:00:00,5570.52
2024-07-14 11:00:00,5845.39
2024-07-14 12:00:00,6036.77
2024-07-14 13:00:00,5758.26
2024-07-14 14:00:00,6219.75
2024-07-14 15:00:00,6310.13
2024-07-14 16:00:00,6295.9
2024-07-14 17:00:00,6272.09
2024-07-14 18:00:00,5461.45
2024-07-14 19:00:00,5124.1
2024-07-14 20:00:00,5018.02
2024-07-14 21:00:00,4930.54
2024-07-14 22:00:00,4864.25
2024-07-14 23:00:00,4789.12
2024-07-15 00:00:00,4831.41
2024-07-15 01:00:00,4791.07
2024-07-15 02:00:00,4748.38
2024-07-15 03:00:00,4726.18
2024-07-15 04:00:00,4706.85
2024-07-15 05:00:00,4709.24
2024-07-15 06:00:00,4735.05
2024-07-15 07:00:00,4768.93
2024-07-15 08:00:00,4805.32
2024-07-15 09:00:00,4871.02
2024-07-15 10:00:00,4954.44
2024-07-15 11:00:00,5066.5
2024-07-15 12:00:00,5139.84
2024-07-15 13:00:00,5199.68
2024-07-15 14:00:00,5255.91
2024-07-15 15:00:00,5308.49
2024-07-15 16:00:00,5321.27
2024-07-15 17:00:00,5311.76
2024-07-15 18:00:00,5267.46
2024-07-15 19:00:00,5212.07
2024-07-15 20:00:00,5138.96
2024-07-15 21:00:00,5054.02
2024-07-15 22:00:00,4980.64
2024-07-15 23:00:00,4912.56
2024-07-16 00:00:00,4991.26
2024-07-16 01:00:00,4934.46
2024-07-16 02:00:00,4899.02
2024-07-16 03:00:00,4882.94
2024-07-16 04:00:00,4851.16
2024-07-16 05:00:00,4849.82
2024-07-16 06:00:00,4875.11
2024-07-16 07:00:00,4895.39
2024-07-16 08:00:00,4964.53
2024-07-16 09:00:00,5019.19
2024-07-16 10:00:00,5105.02
2024-07-16 11:00:00,5142.76
2024-07-16 12:00:00,5244.47
2024-07-16 13:00:00,5322.1
2024-07-16 14:00:00,5388.71
2024-07-16 15:00:00,5424.88
2024-07-16 16:00:00,5455.81
2024-07-16 17:00:00,5446.62
2024-07-16 18:00:00,5386.57
2024-07-16 19:00:00,5327.06
2024-07-16 20:00:00,5251.95
2024-07-16 21:00:00,5174.89
2024-07-16 22:00:00,5087.03
2024-07-16 23:00:00,5025.27
2024-07-17 00:00:00,5033.01
2024-07-17 01:00:00,4896.04
2024-07-17 02:00:00,4894.9
2024-07-17 03:00:00,4896.51
2024-07-17 04:00:00,4873.2
2024-07-17 05:00:00,4868.42
2024-07-17 06:00:00,4873.21
2024-07-17 07:00:00,4884.03
2024-07-17 08:00:00,4904.02
2024-07-17 09:00:00,4816.26
2024-07-17 10:00:00,6837.7
2024-07-17 11:00:00,7057.7
2024-07-17 12:00:00,7226.03
2024-07-17 13:00:00,6765.71
2024-07-17 14:00:00,7298.14
2024-07-17 15:00:00,7369.23
2024-07-17 16:00:00,7375.2
2024-07-17 17:00:00,7349.03
2024-07-17 18:00:00,5959.33
2024-07-17 19:00:00,5474.27
2024-07-17 20:00:00,5346.65
2024-07-17 21:00:00,5242.92
2024-07-17 22:00:00,5190.17
2024-07-17 23:00:00,5124.79
2024-07-18 00:00:00,4982.38
2024-07-18 01:00:00,4909.32
2024-07-18 02:00:00,4820.98
2024-07-18 03:00:00,4863.57
2024-07-18 04:00:00,4839.34
2024-07-18 05:00:00,4818.95
2024-07-18 06:00:00,4814.1
2024-07-18 07:00:00,4851.53
2024-07-18 08:00:00,4837.4
2024-07-18 09:00:00,4734.87
2024-07-18 10:00:00,6663.82
2024-07-18 11:00:00,6930.97
2024-07-18 12:00:00,7152.05
2024-07-18 13:00:00,6668.11
2024-07-18 14:00:00,7173.8
2024-07-18 15:00:00,7247.89
2024-07-18 16:00:00,7214.78
2024-07-18 17:00:00,7176.13
2024-07-18 18:00:00,5849.57
2024-07-18 19:00:00,5399.67
2024-07-18 20:00:00,5264.04
2024-07-18 21:00:00,5175.06
2024-07-18 22:00:00,5125.29
2024-07-18 23:00:00,5063.67
2024-07-19 00:00:00,4839.95
2024-07-19 01:00:00,4745.49
2024-07-19 02:00:00,4704.9
2024-07-19 03:00:00,4727.21
2024-07-19 04:00:00,4704.21
2024-07-19 05:00:00,4704.05
2024-07-19 06:00:00,4718.64
2024-07-19 07:00:00,4722.06
2024-07-19 08:00:00,4622.37
2024-07-19 09:00:00,4679.26
2024-07-19 10:00:00,6260.39
2024-07-19 11:00:00,6457.96
2024-07-19 12:00:00,6666.76
2024-07-19 13:00:00,6266.7
2024-07-19 14:00:00,6734.09
2024-07-19 15:00:00,6849.73
2024-07-19 16:00:00,6751.22
2024-07-19 17:00:00,6810.46
2024-07-19 18:00:00,5678.75
2024-07-19 19:00:00,5282.26
2024-07-19 20:00:00,5159.2
2024-07-19 21:00:00,5067.74
2024-07-19 22:00:00,5002.72
2024-07-19 23:00:00,4928.55
2024-07-20 00:00:00,4725.82
2024-07-20 01:00:00,4619.96
2024-07-20 02:00:00,4587.4
2024-07-20 03:00:00,4599.66
2024-07-20 04:00:00,4578.73
2024-07-20 05:00:00,4572.69
2024-07-20 06:00:00,4577.93
2024-07-20 07:00:00,4605.07
2024-07-20 08:00:00,4624.07
2024-07-20 09:00:00,4590.25
2024-07-20 10:00:00,5608.82
2024-07-20 11:00:00,5959.42
2024-07-20 12:00:00,6177.16
2024-07-20 13:00:00,5883.07
2024-07-20 14:00:00,6311.4
2024-07-20 15:00:00,6401.31
2024-07-20 16:00:00,6438.3
2024-07-20 17:00:00,6389.7
2024-07-20 18:00:00,5484.44
2024-07-20 19:00:00,5139.04
2024-07-20 20:00:00,5031.71
2024-07-20 21:00:00,4940.84
2024-07-20 22:00:00,4884.56
2024-07-20 23:00:00,4819.95
2024-07-21 00:00:00,4742.64
2024-07-21 01:00:00,4592.28
2024-07-21 02:00:00,4586.44
2024-07-21 03:00:00,4573.24
2024-07-21 04:00:00,4551.81
2024-07-21 05:00:00,4554.46
2024-07-21 06:00:00,4583.31
2024-07-21 07:00:00,4605.5
2024-07-21 08:00:00,4644.55
2024-07-21 09:00:00,4588.88
2024-07-21 10:00:00,5618.59
2024-07-21 11:00:00,5797.6
2024-07-21 12:00:00,6070.24
2024-07-21 13:00:00,5812.57
2024-07-21 14:00:00,6261.14
2024-07-21 15:00:00,6337.66
2024-07-21 16:00:00,6347.29
2024-07-21 17:00:00,6300.89
2024-07-21 18:00:00,5479.45
2024-07-21 19:00:00,5133.95
2024-07-21 20:00:00,5035.68
2024-07-21 21:00:00,4948.2
2024-07-21 22:00:00,4879.46
2024-07-21 23:00:00,4802.6
2024-07-22 00:00:00,4849.69
2024-07-22 01:00:00,4769.85
2024-07-22 02:00:00,4751.42
2024-07-22 03:00:00,4738.36
2024-07-22 04:00:00,4710.66
2024-07-22 05:00:00,4715.89
2024-07-22 06:00:00,4746.47
2024-07-22 07:00:00,4778.83
2024-07-22 08:00:00,4830.36
2024-07-22 09:00:00,4878.37
2024-07-22 10:00:00,4978.2
2024-07-22 11:00:00,5067.86
2024-07-22 12:00:00,5139.58
2024-07-22 13:00:00,5214.23
2024-07-22 14:00:00,5279.08
2024-07-22 15:00:00,5302.01
2024-07-22 16:00:00,5309.52
2024-07-22 17:00:00,5309.34
2024-07-22 18:00:00,5266.8
2024-07-22 19:00:00,5231.89
2024-07-22 20:00:00,5162.25
2024-07-22 21:00:00,5075.25
2024-07-22 22:00:00,4985.99
2024-07-22 23:00:00,4903.43
2024-07-23 00:00:00,4962.92
2024-07-23 01:00:00,4904.83
2024-07-23 02:00:00,4857.28
2024-07-23 03:00:00,4829.86
2024-07-23 04:00:00,4773.6
2024-07-23 05:00:00,4790.12
2024-07-23 06:00:00,4824.55
2024-07-23 07:00:00,4826.41
2024-07-23 08:00:00,4864.94
2024-07-23 09:00:00,4953.34
2024-07-23 10:00:00,5050.89
2024-07-23 11:00:00,5137.22
2024-07-23 12:00:00,5215.49
2024-07-23 13:00:00,5286.31
2024-07-23 14:00:00,5349.43
2024-07-23 15:00:00,5392.86
2024-07-23 16:00:00,5423.06
2024-07-23 17:00:00,5399.03
2024-07-23 18:00:00,5341.82
2024-07-23 19:00:00,5279.3
2024-07-23 20:00:00,5223.02
2024-07-23 21:00:00,5145.26
2024-07-23 22:00:00,5048.42
2024-07-23 23:00:00,4959.54
2024-07-24 00:00:00,4948.58
2024-07-24 01:00:00,4766.39
2024-07-24 02:00:00,4711.06
2024-07-24 03:00:00,4674.08
2024-07-24 04:00:00,4656.7
2024-07-24 05:00:00,4659.44
2024-07-24 06:00:00,4682.45
2024-07-24 07:00:00,4733.99
2024-07-24 08:00:00,4790.87
2024-07-24 09:00:00,4752.02
2024-07-24 10:00:00,6621.81
2024-07-24 11:00:00,6828.48
2024-07-24 12:00:00,7025.93
2024-07-24 13:00:00,6567.35
2024-07-24 14:00:00,7084.99
2024-07-24 15:00:00,7177.03
2024-07-24 16:00:00,7172.42
2024-07-24 17:00:00,7288.47
2024-07-24 18:00:00,5932.27
2024-07-24 19:00:00,5453.42
2024-07-24 20:00:00,5309.87
2024-07-24 21:00:00,5225.71
2024-07-24 22:00:00,5130.18
2024-07-24 23:00:00,5045.04
2024-07-25 00:00:00,4902.15
2024-07-25 01:00:00,4731.86
2024-07-25 02:00:00,4680.04
2024-07-25 03:00:00,4642.39
2024-07-25 04:00:00,4640.11
2024-07-25 05:00:00,4653.15
2024-07-25 06:00:00,4678.76
2024-07-25 07:00:00,4721.46
2024-07-25 08:00:00,4758.89
2024-07-25 09:00:00,4719.21
2024-07-25 10:00:00,6481.31
2024-07-25 11:00:00,6712.44
2024-07-25 12:00:00,6928.3
2024-07-25 13:00:00,6493.71
2024-07-25 14:00:00,6977.45
2024-07-25 15:00:00,7075.51
2024-07-25 16:00:00,6962.5
2024-07-25 17:00:00,6940.86
2024-07-25 18:00:00,5740.43
2024-07-25 19:00:00,5326.74
2024-07-25 20:00:00,5216.06
2024-07-25 21:00:00,5138.79
2024-07-25 22:00:00,5046.74
2024-07-25 23:00:00,4973.75
2024-07-26 00:00:00,4753.97
2024-07-26 01:00:00,4614.37
2024-07-26 02:00:00,4569.56
2024-07-26 03:00:00,4549.02
2024-07-26 04:00:00,4548.36
2024-07-26 05:00:00,4558.93
2024-07-26 06:00:00,4586.32
2024-07-26 07:00:00,4625.3
2024-07-26 08:00:00,4669.32
2024-07-26 09:00:00,4654.21
2024-07-26 10:00:00,6012.57
2024-07-26 11:00:00,6256.58
2024-07-26 12:00:00,6455.98
2024-07-26 13:00:00,6118.37
2024-07-26 14:00:00,6551.37
2024-07-26 15:00:00,6626.01
2024-07-26 16:00:00,6610.85
2024-07-26 17:00:00,6585.31
2024-07-26 18:00:00,5558.42
2024-07-26 19:00:00,5191.07
2024-07-26 20:00:00,5084.96
2024-07-26 21:00:00,5000.55
2024-07-26 22:00:00,4921.66
2024-07-26 23:00:00,4849.19
2024-07-27 00:00:00,4653.88
2024-07-27 01:00:00,4546.88
2024-07-27 02:00:00,4514.2
2024-07-27 03:00:00,4494.53
2024-07-27 04:00:00,4469.27
2024-07-27 05:00:00,4466.37
2024-07-27 06:00:00,4479.2
2024-07-27 07:00:00,4509.61
2024-07-27 08:00:00,4550.73
2024-07-27 09:00:00,4543.56
2024-07-27 10:00:00,5441.93
2024-07-27 11:00:00,5673.63
2024-07-27 12:00:00,5907.61
2024-07-27 13:00:00,5670.45
2024-07-27 14:00:00,6076.68
2024-07-27 15:00:00,6174.83
2024-07-27 16:00:00,6202.13
2024-07-27 17:00:00,6155.96
2024-07-27 18:00:00,5380.38
2024-07-27 19:00:00,5066.91
2024-07-27 20:00:00,4968.98
2024-07-27 21:00:00,4888.53
2024-07-27 22:00:00,4821.34
2024-07-27 23:00:00,4759.15
2024-07-28 00:00:00,4695.45
2024-07-28 01:00:00,4575.79
2024-07-28 02:00:00,4556.78
2024-07-28 03:00:00,4522.21
2024-07-28 04:00:00,4510.16
2024-07-28 05:00:00,4520.33
2024-07-28 06:00:00,4537.66
2024-07-28 07:00:00,4559.87
2024-07-28 08:00:00,4613.26
2024-07-28 09:00:00,4588.2
2024-07-28 10:00:00,5492.12
2024-07-28 11:00:00,5721.37
2024-07-28 12:00:00,5925.29
2024-07-28 13:00:00,5668.88
2024-07-28 14:00:00,6119.97
2024-07-28 15:00:00,6221.12
2024-07-28 16:00:00,6261.83
2024-07-28 17:00:00,6233.68
2024-07-28 18:00:00,5440.23
2024-07-28 19:00:00,5109.21
2024-07-28 20:00:00,5009.41
2024-07-28 21:00:00,4917.73
2024-07-28 22:00:00,4846.67
2024-07-28 23:00:00,4772.75
2024-07-29 00:00:00,4809.41
2024-07-29 01:00:00,4754.29
2024-07-29 02:00:00,4715.21
2024-07-29 03:00:00,4689.73
2024-07-29 04:00:00,4660.73
2024-07-29 05:00:00,4668.55
2024-07-29 06:00:00,4693.23
2024-07-29 07:00:00,4731.05
2024-07-29 08:00:00,4787.83
2024-07-29 09:00:00,4836.11
2024-07-29 10:00:00,4930.29
2024-07-29 11:00:00,5014.55
2024-07-29 12:00:00,5089.66
2024-07-29 13:00:00,5155.59
2024-07-29 14:00:00,5222.53
2024-07-29 15:00:00,5263.85
2024-07-29 16:00:00,5265.55
2024-07-29 17:00:00,5250.83
2024-07-29 18:00:00,5196.53
2024-07-29 19:00:00,5154.02
2024-07-29 20:00:00,5085.59
2024-07-29 21:00:00,5002.7
2024-07-29 22:00:00,4947.56
2024-07-29 23:00:00,4875.08
2024-07-30 00:00:00,4959.99
2024-07-30 01:00:00,4905.46
2024-07-30 02:00:00,4869.05
2024-07-30 03:00:00,4839.35
2024-07-30 04:00:00,4826.36
2024-07-30 05:00:00,4786.76
2024-07-30 06:00:00,4782.18
2024-07-30 07:00:00,4836.97
2024-07-30 08:00:00,4881.53
2024-07-30 09:00:00,4946.2
2024-07-30 10:00:00,5057.45
2024-07-30 11:00:00,5144.21
2024-07-30 12:00:00,5218.45
2024-07-30 13:00:00,5275.15
2024-07-30 14:00:00,5336.91
2024-07-30 15:00:00,5372.48
2024-07-30 16:00:00,5401.54
2024-07-30 17:00:00,5393.79
2024-07-30 18:00:00,5330.58
2024-07-30 19:00:00,5266.55
2024-07-30 20:00:00,5201.73
2024-07-30 21:00:00,5124.63
2024-07-30 22:00:00,5062.07
2024-07-30 23:00:00,4993.55
2024-07-31 00:00:00,5017.56
2024-07-31 01:00:00,4846.19
2024-07-31 02:00:00,4859.36
2024-07-31 03:00:00,4857.7
2024-07-31 04:00:00,4763.29
2024-07-31 05:00:00,4777.68
2024-07-31 06:00:00,4774.12
2024-07-31 07:00:00,4792.58
2024-07-31 08:00:00,4857.18
2024-07-31 09:00:00,4774.12
2024-07-31 10:00:00,6748.29
2024-07-31 11:00:00,6973.0
2024-07-31 12:00:00,7173.95
2024-07-31 13:00:00,6656.77
2024-07-31 14:00:00,7180.38
2024-07-31 15:00:00,7240.35
2024-07-31 16:00:00,7110.6
2024-07-31 17:00:00,7088.68
2024-07-31 18:00:00,5832.75
2024-07-31 19:00:00,5390.86
2024-07-31 20:00:00,5275.79
2024-07-31 21:00:00,5192.91
2024-07-31 22:00:00,5135.91
2024-07-31 23:00:00,5062.75
2024-08-01 00:00:00,4943.38
2024-08-01 01:00:00,4789.02
2024-08-01 02:00:00,4785.67
2024-08-01 03:00:00,4759.55
2024-08-01 04:00:00,4778.61
2024-08-01 05:00:00,4783.74
2024-08-01 06:00:00,4811.26
2024-08-01 07:00:00,4877.82
2024-08-01 08:00:00,4877.33
2024-08-01 09:00:00,4761.87
2024-08-01 10:00:00,6769.6
2024-08-01 11:00:00,6951.35
2024-08-01 12:00:00,7148.48
2024-08-01 13:00:00,6662.2
2024-08-01 14:00:00,7192.88
2024-08-01 15:00:00,7249.98
2024-08-01 16:00:00,7206.21
2024-08-01 17:00:00,7153.41
2024-08-01 18:00:00,5822.45
2024-08-01 19:00:00,5365.05
2024-08-01 20:00:00,5246.63
2024-08-01 21:00:00,5157.47
2024-08-01 22:00:00,5113.49
2024-08-01 23:00:00,5050.55
2024-08-02 00:00:00,4831.03
2024-08-02 01:00:00,4722.23
2024-08-02 02:00:00,4695.63
2024-08-02 03:00:00,4713.33
2024-08-02 04:00:00,4697.53
2024-08-02 05:00:00,4700.47
2024-08-02 06:00:00,4732.14
2024-08-02 07:00:00,4752.03
2024-08-02 08:00:00,4773.79
2024-08-02 09:00:00,4730.98
2024-08-02 10:00:00,6289.36
2024-08-02 11:00:00,6291.13
2024-08-02 12:00:00,6674.65
2024-08-02 13:00:00,6279.08
2024-08-02 14:00:00,6678.64
2024-08-02 15:00:00,6813.71
2024-08-02 16:00:00,6858.15
2024-08-02 17:00:00,6793.54
2024-08-02 18:00:00,5660.88
2024-08-02 19:00:00,5264.62
2024-08-02 20:00:00,5141.85
2024-08-02 21:00:00,5046.09
2024-08-02 22:00:00,4970.56
2024-08-02 23:00:00,4906.14
2024-08-03 00:00:00,4705.18
2024-08-03 01:00:00,4607.86
2024-08-03 02:00:00,4579.5
2024-08-03 03:00:00,4580.71
2024-08-03 04:00:00,4559.33
2024-08-03 05:00:00,4562.67
2024-08-03 06:00:00,4592.23
2024-08-03 07:00:00,4599.85
2024-08-03 08:00:00,4650.93
2024-08-03 09:00:00,4615.63
2024-08-03 10:00:00,5767.93
2024-08-03 11:00:00,5826.77
2024-08-03 12:00:00,6161.4
2024-08-03 13:00:00,5859.56
2024-08-03 14:00:00,6295.77
2024-08-03 15:00:00,6369.9
2024-08-03 16:00:00,6387.2
2024-08-03 17:00:00,6366.79
2024-08-03 18:00:00,5466.17
2024-08-03 19:00:00,5133.56
2024-08-03 20:00:00,5018.84
2024-08-03 21:00:00,4926.3
2024-08-03 22:00:00,4852.94
2024-08-03 23:00:00,4788.88
2024-08-04 00:00:00,4704.97
2024-08-04 01:00:00,4603.8
2024-08-04 02:00:00,4567.64
2024-08-04 03:00:00,4554.32
2024-08-04 04:00:00,4532.6
2024-08-04 05:00:00,4530.39
2024-08-04 06:00:00,4555.34
2024-08-04 07:00:00,4568.89
2024-08-04 08:00:00,4631.46
2024-08-04 09:00:00,4577.14
2024-08-04 10:00:00,5489.03
2024-08-04 11:00:00,5790.79
2024-08-04 12:00:00,5997.11
2024-08-04 13:00:00,5684.98
2024-08-04 14:00:00,6143.44
2024-08-04 15:00:00,6248.86
2024-08-04 16:00:00,6247.22
2024-08-04 17:00:00,6213.43
2024-08-04 18:00:00,5416.28
2024-08-04 19:00:00,5083.67
2024-08-04 20:00:00,4977.79
2024-08-04 21:00:00,4890.42
2024-08-04 22:00:00,4859.12
2024-08-04 23:00:00,4784.16
2024-08-05 00:00:00,4815.97
2024-08-05 01:00:00,4773.71
2024-08-05 02:00:00,4716.25
2024-08-05 03:00:00,4695.44
2024-08-05 04:00:00,4663.94
2024-08-05 05:00:00,4668.87
2024-08-05 06:00:00,4695.84
2024-08-05 07:00:00,4746.16
2024-08-05 08:00:00,4752.18
2024-08-05 09:00:00,4852.29
2024-08-05 10:00:00,4929.58
2024-08-05 11:00:00,4982.51
2024-08-05 12:00:00,5078.22
2024-08-05 13:00:00,5156.84
2024-08-05 14:00:00,5223.45
2024-08-05 15:00:00,5262.58
2024-08-05 16:00:00,5284.86
2024-08-05 17:00:00,5278.39
2024-08-05 18:00:00,5225.44
2024-08-05 19:00:00,5166.21
2024-08-05 20:00:00,5090.68
2024-08-05 21:00:00,5001.97
2024-08-05 22:00:00,4940.22
2024-08-05 23:00:00,4864.76
2024-08-06 00:00:00,4946.79
2024-08-06 01:00:00,4881.74
2024-08-06 02:00:00,4852.35
2024-08-06 03:00:00,4839.85
2024-08-06 04:00:00,4792.6
2024-08-06 05:00:00,4773.36
2024-08-06 06:00:00,4806.01
2024-08-06 07:00:00,4844.19
2024-08-06 08:00:00,4876.14
2024-08-06 09:00:00,4950.08
2024-08-06 10:00:00,5048.27
2024-08-06 11:00:00,5133.97
2024-08-06 12:00:00,5204.76
2024-08-06 13:00:00,5265.81
2024-08-06 14:00:00,5334.82
2024-08-06 15:00:00,5362.67
2024-08-06 16:00:00,5439.88
2024-08-06 17:00:00,5418.77
2024-08-06 18:00:00,5357.01
2024-08-06 19:00:00,5284.08
2024-08-06 20:00:00,5220.66
2024-08-06 21:00:00,5143.32
2024-08-06 22:00:00,5090.12
2024-08-06 23:00:00,5010.12
2024-08-07 00:00:00,5007.91
2024-08-07 01:00:00,4841.66
2024-08-07 02:00:00,4789.56
2024-08-07 03:00:00,4786.3
2024-08-07 04:00:00,4776.09
2024-08-07 05:00:00,4748.54
2024-08-07 06:00:00,4767.18
2024-08-07 07:00:00,4793.67
2024-08-07 08:00:00,4847.98
2024-08-07 09:00:00,4775.55
2024-08-07 10:00:00,6725.15
2024-08-07 11:00:00,6935.95
2024-08-07 12:00:00,7142.13
2024-08-07 13:00:00,6656.93
2024-08-07 14:00:00,7135.54
2024-08-07 15:00:00,7217.93
2024-08-07 16:00:00,7172.57
2024-08-07 17:00:00,7152.71
2024-08-07 18:00:00,5859.43
2024-08-07 19:00:00,5403.41
2024-08-07 20:00:00,5285.06
2024-08-07 21:00:00,5201.92
2024-08-07 22:00:00,5139.72
2024-08-07 23:00:00,5057.25
2024-08-08 00:00:00,4934.75
2024-08-08 01:00:00,4789.26
2024-08-08 02:00:00,4739.9
2024-08-08 03:00:00,4728.31
2024-08-08 04:00:00,4794.42
2024-08-08 05:00:00,4789.92
2024-08-08 06:00:00,4804.6
2024-08-08 07:00:00,4764.43
2024-08-08 08:00:00,4820.21
2024-08-08 09:00:00,4748.67
2024-08-08 10:00:00,6644.94
2024-08-08 11:00:00,6873.13
2024-08-08 12:00:00,7077.85
2024-08-08 13:00:00,6603.19
2024-08-08 14:00:00,7061.91
2024-08-08 15:00:00,7135.54
2024-08-08 16:00:00,7065.07
2024-08-08 17:00:00,7020.36
2024-08-08 18:00:00,5780.27
2024-08-08 19:00:00,5357.09
2024-08-08 20:00:00,5243.46
2024-08-08 21:00:00,5159.51
2024-08-08 22:00:00,5113.49
2024-08-08 23:00:00,5048.08
2024-08-09 00:00:00,4829.62
2024-08-09 01:00:00,4687.19
2024-08-09 02:00:00,4648.41
2024-08-09 03:00:00,4653.09
2024-08-09 04:00:00,4642.13
2024-08-09 05:00:00,4633.68
2024-08-09 06:00:00,4562.14
2024-08-09 07:00:00,4668.55
2024-08-09 08:00:00,4672.81
2024-08-09 09:00:00,4618.3
2024-08-09 10:00:00,5931.62
2024-08-09 11:00:00,6182.0
2024-08-09 12:00:00,6427.53
2024-08-09 13:00:00,6089.78
2024-08-09 14:00:00,6508.53
2024-08-09 15:00:00,6607.7
2024-08-09 16:00:00,6592.91
2024-08-09 17:00:00,6575.78
2024-08-09 18:00:00,5547.87
2024-08-09 19:00:00,5183.83
2024-08-09 20:00:00,5074.87
2024-08-09 21:00:00,4990.93
2024-08-09 22:00:00,4927.66
2024-08-09 23:00:00,4849.62
2024-08-10 00:00:00,4662.98
2024-08-10 01:00:00,4560.53
2024-08-10 02:00:00,4544.16
2024-08-10 03:00:00,4521.85
2024-08-10 04:00:00,4498.57
2024-08-10 05:00:00,4495.42
2024-08-10 06:00:00,4508.58
2024-08-10 07:00:00,4530.09
2024-08-10 08:00:00,4565.39
2024-08-10 09:00:00,4562.76
2024-08-10 10:00:00,5376.6
2024-08-10 11:00:00,5627.35
2024-08-10 12:00:00,5866.79
2024-08-10 13:00:00,5654.41
2024-08-10 14:00:00,6050.43
2024-08-10 15:00:00,6140.32
2024-08-10 16:00:00,6100.83
2024-08-10 17:00:00,6079.64
2024-08-10 18:00:00,5323.36
2024-08-10 19:00:00,5026.1
2024-08-10 20:00:00,4931.95
2024-08-10 21:00:00,4850.67
2024-08-10 22:00:00,4788.7
2024-08-10 23:00:00,4723.39
2024-08-11 00:00:00,4658.74
2024-08-11 01:00:00,4554.53
2024-08-11 02:00:00,4528.19
2024-08-11 03:00:00,4509.72
2024-08-11 04:00:00,4508.93
2024-08-11 05:00:00,4502.73
2024-08-11 06:00:00,4521.54
2024-08-11 07:00:00,4536.09
2024-08-11 08:00:00,4568.5
2024-08-11 09:00:00,4530.02
2024-08-11 10:00:00,5375.6
2024-08-11 11:00:00,5619.19
2024-08-11 12:00:00,5845.66
2024-08-11 13:00:00,5615.04
2024-08-11 14:00:00,6028.52
2024-08-11 15:00:00,6124.73
2024-08-11 16:00:00,6099.08
2024-08-11 17:00:00,6058.44
2024-08-11 18:00:00,5349.26
2024-08-11 19:00:00,5045.81
2024-08-11 20:00:00,4953.02
2024-08-11 21:00:00,4872.59
2024-08-11 22:00:00,4802.06
2024-08-11 23:00:00,4742.19
2024-08-12 00:00:00,4791.13
2024-08-12 01:00:00,4742.74
2024-08-12 02:00:00,4712.35
2024-08-12 03:00:00,4694.37
2024-08-12 04:00:00,4665.4
2024-08-12 05:00:00,4659.37
2024-08-12 06:00:00,4690.07
2024-08-12 07:00:00,4694.69
2024-08-12 08:00:00,4731.12
2024-08-12 09:00:00,4801.48
2024-08-12 10:00:00,4868.03
2024-08-12 11:00:00,4959.29
2024-08-12 12:00:00,5052.45
2024-08-12 13:00:00,5109.48
2024-08-12 14:00:00,5170.62
2024-08-12 15:00:00,5198.09
2024-08-12 16:00:00,5237.88
2024-08-12 17:00:00,5232.87
2024-08-12 18:00:00,5177.76
2024-08-12 19:00:00,5118.21
2024-08-12 20:00:00,5050.55
2024-08-12 21:00:00,4977.11
2024-08-12 22:00:00,4909.57
2024-08-12 23:00:00,4841.56
2024-08-13 00:00:00,4923.66
2024-08-13 01:00:00,4878.79
2024-08-13 02:00:00,4852.35
2024-08-13 03:00:00,4853.86
2024-08-13 04:00:00,4821.62
2024-08-13 05:00:00,4766.85
2024-08-13 06:00:00,4792.68
2024-08-13 07:00:00,4827.59
2024-08-13 08:00:00,4875.53
2024-08-13 09:00:00,4944.18
2024-08-13 10:00:00,5042.08
2024-08-13 11:00:00,5127.14
2024-08-13 12:00:00,5206.67
2024-08-13 13:00:00,5266.48
2024-08-13 14:00:00,5317.57
2024-08-13 15:00:00,5355.85
2024-08-13 16:00:00,5376.7
2024-08-13 17:00:00,5373.04
2024-08-13 18:00:00,5326.78
2024-08-13 19:00:00,5266.38
2024-08-13 20:00:00,5197.05
2024-08-13 21:00:00,5120.72
2024-08-13 22:00:00,5056.08
2024-08-13 23:00:00,4971.99
2024-08-14 00:00:00,4981.95
2024-08-14 01:00:00,4828.62
2024-08-14 02:00:00,4783.53
2024-08-14 03:00:00,4793.26
2024-08-14 04:00:00,4746.65
2024-08-14 05:00:00,4723.72
2024-08-14 06:00:00,4724.48
2024-08-14 07:00:00,4785.82
2024-08-14 08:00:00,4827.56
2024-08-14 09:00:00,4742.11
2024-08-14 10:00:00,6568.71
2024-08-14 11:00:00,6782.04
2024-08-14 12:00:00,7005.73
2024-08-14 13:00:00,6548.02
2024-08-14 14:00:00,7032.09
2024-08-14 15:00:00,7123.87
2024-08-14 16:00:00,7023.54
2024-08-14 17:00:00,6992.07
2024-08-14 18:00:00,5781.3
2024-08-14 19:00:00,5351.73
2024-08-14 20:00:00,5238.45
2024-08-14 21:00:00,5159.01
2024-08-14 22:00:00,5089.83
2024-08-14 23:00:00,5015.34
2024-08-15 00:00:00,4879.67
2024-08-15 01:00:00,4736.42
2024-08-15 02:00:00,4705.99
2024-08-15 03:00:00,4693.01
2024-08-15 04:00:00,4670.31
2024-08-15 05:00:00,4667.36
2024-08-15 06:00:00,4687.5
2024-08-15 07:00:00,4712.81
2024-08-15 08:00:00,4743.43
2024-08-15 09:00:00,4704.29
2024-08-15 10:00:00,6401.46
2024-08-15 11:00:00,6660.42
2024-08-15 12:00:00,6882.2
2024-08-15 13:00:00,6451.21
2024-08-15 14:00:00,6913.94
2024-08-15 15:00:00,7003.54
2024-08-15 16:00:00,6915.71
2024-08-15 17:00:00,6896.77
2024-08-15 18:00:00,5704.22
2024-08-15 19:00:00,5297.01
2024-08-15 20:00:00,5183.82
2024-08-15 21:00:00,5106.22
2024-08-15 22:00:00,5038.85
2024-08-15 23:00:00,4967.29
2024-08-16 00:00:00,4752.96
2024-08-16 01:00:00,4628.52
2024-08-16 02:00:00,4603.43
2024-08-16 03:00:00,4579.24
2024-08-16 04:00:00,4561.45
2024-08-16 05:00:00,4556.94
2024-08-16 06:00:00,4550.85
2024-08-16 07:00:00,4607.81
2024-08-16 08:00:00,4645.06
2024-08-16 09:00:00,4618.5
2024-08-16 10:00:00,5960.64
2024-08-16 11:00:00,6191.77
2024-08-16 12:00:00,6393.81
2024-08-16 13:00:00,6082.65
2024-08-16 14:00:00,6489.58
2024-08-16 15:00:00,6570.92
2024-08-16 16:00:00,6611.22
2024-08-16 17:00:00,6568.3
2024-08-16 18:00:00,5554.51
2024-08-16 19:00:00,5191.33
2024-08-16 20:00:00,5083.48
2024-08-16 21:00:00,4998.29
2024-08-16 22:00:00,4923.18
2024-08-16 23:00:00,4842.69
2024-08-17 00:00:00,4637.2
2024-08-17 01:00:00,4526.24
2024-08-17 02:00:00,4492.68
2024-08-17 03:00:00,4467.94
2024-08-17 04:00:00,4453.17
2024-08-17 05:00:00,4451.78
2024-08-17 06:00:00,4470.11
2024-08-17 07:00:00,4498.97
2024-08-17 08:00:00,4538.83
2024-08-17 09:00:00,4531.59
2024-08-17 10:00:00,5395.75
2024-08-17 11:00:00,5630.19
2024-08-17 12:00:00,5856.59
2024-08-17 13:00:00,5645.51
2024-08-17 14:00:00,6037.57
2024-08-17 15:00:00,6128.73
2024-08-17 16:00:00,6187.06
2024-08-17 17:00:00,6144.65
2024-08-17 18:00:00,5363.18
2024-08-17 19:00:00,5054.41
2024-08-17 20:00:00,4960.53
2024-08-17 21:00:00,4879.14
2024-08-17 22:00:00,4817.72
2024-08-17 23:00:00,4748.16
2024-08-18 00:00:00,4666.63
2024-08-18 01:00:00,4548.61
2024-08-18 02:00:00,4509.04
2024-08-18 03:00:00,4485.01
2024-08-18 04:00:00,4478.71
2024-08-18 05:00:00,4474.25
2024-08-18 06:00:00,4495.29
2024-08-18 07:00:00,4515.55
2024-08-18 08:00:00,4558.65
2024-08-18 09:00:00,4536.76
2024-08-18 10:00:00,5353.21
2024-08-18 11:00:00,5582.99
2024-08-18 12:00:00,5799.05
2024-08-18 13:00:00,5579.8
2024-08-18 14:00:00,6001.21
2024-08-18 15:00:00,6079.33
2024-08-18 16:00:00,6104.87
2024-08-18 17:00:00,6070.68
2024-08-18 18:00:00,5344.13
2024-08-18 19:00:00,5042.58
2024-08-18 20:00:00,4950.88
2024-08-18 21:00:00,4867.84
2024-08-18 22:00:00,4811.04
2024-08-18 23:00:00,4733.15
2024-08-19 00:00:00,4767.56
2024-08-19 01:00:00,4713.03
2024-08-19 02:00:00,4666.15
2024-08-19 03:00:00,4630.7
2024-08-19 04:00:00,4601.64
2024-08-19 05:00:00,4599.45
2024-08-19 06:00:00,4612.6
2024-08-19 07:00:00,4651.23
2024-08-19 08:00:00,4692.87
2024-08-19 09:00:00,4747.64
2024-08-19 10:00:00,4868.53
2024-08-19 11:00:00,4952.8
2024-08-19 12:00:00,5033.67
2024-08-19 13:00:00,5093.02
2024-08-19 14:00:00,5149.23
2024-08-19 15:00:00,5198.86
2024-08-19 16:00:00,5230.15
2024-08-19 17:00:00,5220.87
2024-08-19 18:00:00,5168.61
2024-08-19 19:00:00,5112.73
2024-08-19 20:00:00,5047.88
2024-08-19 21:00:00,4968.26
2024-08-19 22:00:00,4902.13
2024-08-19 23:00:00,4826.88
2024-08-20 00:00:00,4911.21
2024-08-20 01:00:00,4871.65
2024-08-20 02:00:00,4830.52
2024-08-20 03:00:00,4816.19
2024-08-20 04:00:00,4785.67
2024-08-20 05:00:00,4779.0
2024-08-20 06:00:00,4806.43
2024-08-20 07:00:00,4811.88
2024-08-20 08:00:00,4870.08
2024-08-20 09:00:00,4921.27
2024-08-20 10:00:00,5036.79
2024-08-20 11:00:00,5116.07
2024-08-20 12:00:00,5184.42
2024-08-20 13:00:00,5234.16
2024-08-20 14:00:00,5309.19
2024-08-20 15:00:00,5357.7
2024-08-20 16:00:00,5334.03
2024-08-20 17:00:00,5331.7
2024-08-20 18:00:00,5277.08
2024-08-20 19:00:00,5219.43
2024-08-20 20:00:00,5158.4
2024-08-20 21:00:00,5085.07
2024-08-20 22:00:00,5015.33
2024-08-20 23:00:00,4954.79
2024-08-21 00:00:00,4960.07
2024-08-21 01:00:00,4836.22
2024-08-21 02:00:00,4836.1
2024-08-21 03:00:00,4828.25
2024-08-21 04:00:00,4815.8
2024-08-21 05:00:00,4810.87
2024-08-21 06:00:00,4806.4
2024-08-21 07:00:00,4833.1
2024-08-21 08:00:00,4842.93
2024-08-21 09:00:00,4776.73
2024-08-21 10:00:00,6743.73
2024-08-21 11:00:00,6969.78
2024-08-21 12:00:00,7183.63
2024-08-21 13:00:00,6679.22
2024-08-21 14:00:00,7171.37
2024-08-21 15:00:00,7220.03
2024-08-21 16:00:00,7165.68
2024-08-21 17:00:00,7123.21
2024-08-21 18:00:00,5841.93
2024-08-21 19:00:00,5392.29
2024-08-21 20:00:00,5275.26
2024-08-21 21:00:00,5192.06
2024-08-21 22:00:00,5129.48
2024-08-21 23:00:00,5054.15
2024-08-22 00:00:00,4939.57
2024-08-22 01:00:00,4807.24
2024-08-22 02:00:00,4785.59
2024-08-22 03:00:00,4812.26
2024-08-22 04:00:00,4787.48
2024-08-22 05:00:00,4768.87
2024-08-22 06:00:00,4755.89
2024-08-22 07:00:00,4808.51
2024-08-22 08:00:00,4852.5
2024-08-22 09:00:00,4755.9
2024-08-22 10:00:00,6630.69
2024-08-22 11:00:00,6875.58
2024-08-22 12:00:00,7088.33
2024-08-22 13:00:00,6618.53
2024-08-22 14:00:00,7096.9
2024-08-22 15:00:00,7149.85
2024-08-22 16:00:00,7144.5
2024-08-22 17:00:00,7121.21
2024-08-22 18:00:00,5805.49
2024-08-22 19:00:00,5370.54
2024-08-22 20:00:00,5248.59
2024-08-22 21:00:00,5157.76
2024-08-22 22:00:00,5090.94
2024-08-22 23:00:00,5020.93
2024-08-23 00:00:00,4805.06
2024-08-23 01:00:00,4685.05
2024-08-23 02:00:00,4660.13
2024-08-23 03:00:00,4671.22
2024-08-23 04:00:00,4574.0
2024-08-23 05:00:00,4600.93
2024-08-23 06:00:00,4607.36
2024-08-23 07:00:00,4633.83
2024-08-23 08:00:00,4641.45
2024-08-23 09:00:00,4654.01
2024-08-23 10:00:00,5986.41
2024-08-23 11:00:00,6228.81
2024-08-23 12:00:00,6431.05
2024-08-23 13:00:00,6091.4
2024-08-23 14:00:00,6498.43
2024-08-23 15:00:00,6596.83
2024-08-23 16:00:00,6482.45
2024-08-23 17:00:00,6463.04
2024-08-23 18:00:00,5491.36
2024-08-23 19:00:00,5143.69
2024-08-23 20:00:00,5036.05
2024-08-23 21:00:00,4956.38
2024-08-23 22:00:00,4901.66
2024-08-23 23:00:00,4835.79
2024-08-24 00:00:00,4644.61
2024-08-24 01:00:00,4551.37
2024-08-24 02:00:00,4533.13
2024-08-24 03:00:00,4518.39
2024-08-24 04:00:00,4484.56
2024-08-24 05:00:00,4502.48
2024-08-24 06:00:00,4507.86
2024-08-24 07:00:00,4536.09
2024-08-24 08:00:00,4569.05
2024-08-24 09:00:00,4559.66
2024-08-24 10:00:00,5506.71
2024-08-24 11:00:00,5740.12
2024-08-24 12:00:00,5948.51
2024-08-24 13:00:00,5709.47
2024-08-24 14:00:00,6111.83
2024-08-24 15:00:00,6188.04
2024-08-24 16:00:00,6146.87
2024-08-24 17:00:00,6129.67
2024-08-24 18:00:00,5348.99
2024-08-24 19:00:00,5042.33
2024-08-24 20:00:00,4946.87
2024-08-24 21:00:00,4863.42
2024-08-24 22:00:00,4799.37
2024-08-24 23:00:00,4727.63
2024-08-25 00:00:00,4653.18
2024-08-25 01:00:00,4547.57
2024-08-25 02:00:00,4516.02
2024-08-25 03:00:00,4500.9
2024-08-25 04:00:00,4483.44
2024-08-25 05:00:00,4478.6
2024-08-25 06:00:00,4500.33
2024-08-25 07:00:00,4529.84
2024-08-25 08:00:00,4562.59
2024-08-25 09:00:00,4546.98
2024-08-25 10:00:00,5371.82
2024-08-25 11:00:00,5606.71
2024-08-25 12:00:00,5822.57
2024-08-25 13:00:00,5601.81
2024-08-25 14:00:00,6013.98
2024-08-25 15:00:00,6087.11
2024-08-25 16:00:00,6068.84
2024-08-25 17:00:00,6050.21
2024-08-25 18:00:00,5349.93
2024-08-25 19:00:00,5039.58
2024-08-25 20:00:00,4948.44
2024-08-25 21:00:00,4861.55
2024-08-25 22:00:00,4797.1
2024-08-25 23:00:00,4725.54
2024-08-26 00:00:00,4773.08
2024-08-26 01:00:00,4723.73
2024-08-26 02:00:00,4681.91
2024-08-26 03:00:00,4660.32
2024-08-26 04:00:00,4619.98
2024-08-26 05:00:00,4630.28
2024-08-26 06:00:00,4688.15
2024-08-26 07:00:00,4700.94
2024-08-26 08:00:00,4758.1
2024-08-26 09:00:00,4808.34
2024-08-26 10:00:00,4880.63
2024-08-26 11:00:00,4987.79
2024-08-26 12:00:00,5075.77
2024-08-26 13:00:00,5134.66
2024-08-26 14:00:00,5191.55
2024-08-26 15:00:00,5224.32
2024-08-26 16:00:00,5239.33
2024-08-26 17:00:00,5220.11
2024-08-26 18:00:00,5187.9
2024-08-26 19:00:00,5128.61
2024-08-26 20:00:00,5061.4
2024-08-26 21:00:00,4980.75
2024-08-26 22:00:00,4917.66
2024-08-26 23:00:00,4851.54
2024-08-27 00:00:00,4934.74
2024-08-27 01:00:00,4885.03
2024-08-27 02:00:00,4858.36
2024-08-27 03:00:00,4822.99
2024-08-27 04:00:00,4798.3
2024-08-27 05:00:00,4803.69
2024-08-27 06:00:00,4849.56
2024-08-27 07:00:00,4872.12
2024-08-27 08:00:00,4931.9
2024-08-27 09:00:00,4998.46
2024-08-27 10:00:00,5097.3
2024-08-27 11:00:00,5183.08
2024-08-27 12:00:00,5266.67
2024-08-27 13:00:00,5296.57
2024-08-27 14:00:00,5379.85
2024-08-27 15:00:00,5417.46
2024-08-27 16:00:00,5448.76
2024-08-27 17:00:00,5436.65
2024-08-27 18:00:00,5373.38
2024-08-27 19:00:00,5304.52
2024-08-27 20:00:00,5221.87
2024-08-27 21:00:00,5149.36
2024-08-27 22:00:00,5082.62
2024-08-27 23:00:00,5022.75
2024-08-28 00:00:00,5024.64
2024-08-28 01:00:00,4860.43
2024-08-28 02:00:00,4846.67
2024-08-28 03:00:00,4851.55
2024-08-28 04:00:00,4828.17
2024-08-28 05:00:00,4853.49
2024-08-28 06:00:00,4888.86
2024-08-28 07:00:00,4850.27
2024-08-28 08:00:00,4915.54
2024-08-28 09:00:00,4812.7
2024-08-28 10:00:00,6863.09
2024-08-28 11:00:00,7035.53
2024-08-28 12:00:00,7225.65
2024-08-28 13:00:00,6763.01
2024-08-28 14:00:00,7278.28
2024-08-28 15:00:00,7350.03
2024-08-28 16:00:00,7295.18
2024-08-28 17:00:00,7256.49
2024-08-28 18:00:00,5887.19
2024-08-28 19:00:00,5427.37
2024-08-28 20:00:00,5313.29
2024-08-28 21:00:00,5228.47
2024-08-28 22:00:00,5160.27
2024-08-28 23:00:00,5091.24
2024-08-29 00:00:00,4961.92
2024-08-29 01:00:00,4812.77
2024-08-29 02:00:00,4817.49
2024-08-29 03:00:00,4782.98
2024-08-29 04:00:00,4760.39
2024-08-29 05:00:00,4783.06
2024-08-29 06:00:00,4804.46
2024-08-29 07:00:00,4765.6
2024-08-29 08:00:00,4846.82
2024-08-29 09:00:00,4743.63
2024-08-29 10:00:00,6580.55
2024-08-29 11:00:00,6888.16
2024-08-29 12:00:00,7087.3
2024-08-29 13:00:00,6624.15
2024-08-29 14:00:00,7102.82
2024-08-29 15:00:00,7166.65
2024-08-29 16:00:00,7142.31
2024-08-29 17:00:00,7069.12
2024-08-29 18:00:00,5793.77
2024-08-29 19:00:00,5346.36
2024-08-29 20:00:00,5246.81
2024-08-29 21:00:00,5164.92
2024-08-29 22:00:00,5089.36
2024-08-29 23:00:00,5025.83
2024-08-30 00:00:00,4811.97
2024-08-30 01:00:00,4685.09
2024-08-30 02:00:00,4678.78
2024-08-30 03:00:00,4651.19
2024-08-30 04:00:00,4629.29
2024-08-30 05:00:00,4639.61
2024-08-30 06:00:00,4650.73
2024-08-30 07:00:00,4646.36
2024-08-30 08:00:00,4700.44
2024-08-30 09:00:00,4655.75
2024-08-30 10:00:00,6084.46
2024-08-30 11:00:00,6344.66
2024-08-30 12:00:00,6552.75
2024-08-30 13:00:00,6205.87
2024-08-30 14:00:00,6649.14
2024-08-30 15:00:00,6716.99
2024-08-30 16:00:00,6696.84
2024-08-30 17:00:00,6669.66
2024-08-30 18:00:00,5573.82
2024-08-30 19:00:00,5195.92
2024-08-30 20:00:00,5098.56
2024-08-30 21:00:00,5017.03
2024-08-30 22:00:00,4944.35
2024-08-30 23:00:00,4877.68
2024-08-31 00:00:00,4686.28
2024-08-31 01:00:00,4576.71
2024-08-31 02:00:00,4560.85
2024-08-31 03:00:00,4538.19
2024-08-31 04:00:00,4517.23
2024-08-31 05:00:00,4513.57
2024-08-31 06:00:00,4543.8
2024-08-31 07:00:00,4574.06
2024-08-31 08:00:00,4602.05
2024-08-31 09:00:00,4593.0
2024-08-31 10:00:00,5579.72
2024-08-31 11:00:00,5800.59
2024-08-31 12:00:00,6047.28
2024-08-31 13:00:00,5782.57
2024-08-31 14:00:00,6198.74
2024-08-31 15:00:00,6289.19
2024-08-31 16:00:00,6276.15
2024-08-31 17:00:00,6246.06
2024-08-31 18:00:00,5401.0
2024-08-31 19:00:00,5069.65
2024-08-31 20:00:00,4969.64
2024-08-31 21:00:00,4893.8
2024-08-31 22:00:00,4824.8
2024-08-31 23:00:00,4756.47
2024-09-01 00:00:00,4581.01
2024-09-01 01:00:00,4485.24
2024-09-01 02:00:00,4454.45
2024-09-01 03:00:00,4431.92
2024-09-01 04:00:00,4408.84
2024-09-01 05:00:00,4413.51
2024-09-01 06:00:00,4434.07
2024-09-01 07:00:00,4475.11
2024-09-01 08:00:00,4513.27
2024-09-01 09:00:00,4514.63
2024-09-01 10:00:00,5128.0
2024-09-01 11:00:00,5355.4
2024-09-01 12:00:00,5595.95
2024-09-01 13:00:00,5434.92
2024-09-01 14:00:00,5815.32
2024-09-01 15:00:00,5906.64
2024-09-01 16:00:00,5919.46
2024-09-01 17:00:00,5882.9
2024-09-01 18:00:00,5251.76
2024-09-01 19:00:00,4975.71
2024-09-01 20:00:00,4884.53
2024-09-01 21:00:00,4800.33
2024-09-01 22:00:00,4733.06
2024-09-01 23:00:00,4660.9
2024-09-02 00:00:00,4700.06
2024-09-02 01:00:00,4650.28
2024-09-02 02:00:00,4612.44
2024-09-02 03:00:00,4592.42
2024-09-02 04:00:00,4565.17
2024-09-02 05:00:00,4564.4
2024-09-02 06:00:00,4583.62
2024-09-02 07:00:00,4621.33
2024-09-02 08:00:00,4669.43
2024-09-02 09:00:00,4739.73
2024-09-02 10:00:00,4815.84
2024-09-02 11:00:00,4892.27
2024-09-02 12:00:00,4986.54
2024-09-02 13:00:00,5049.56
2024-09-02 14:00:00,5114.03
2024-09-02 15:00:00,5149.02
2024-09-02 16:00:00,5169.79
2024-09-02 17:00:00,5163.92
2024-09-02 18:00:00,5117.99
2024-09-02 19:00:00,5059.0
2024-09-02 20:00:00,4983.07
2024-09-02 21:00:00,4906.87
2024-09-02 22:00:00,4837.03
2024-09-02 23:00:00,4765.57
2024-09-03 00:00:00,4842.4
2024-09-03 01:00:00,4796.18
2024-09-03 02:00:00,4754.63
2024-09-03 03:00:00,4724.94
2024-09-03 04:00:00,4700.81
2024-09-03 05:00:00,4700.17
2024-09-03 06:00:00,4724.65
2024-09-03 07:00:00,4769.64
2024-09-03 08:00:00,4834.92
2024-09-03 09:00:00,4894.5
2024-09-03 10:00:00,4975.57
2024-09-03 11:00:00,5020.42
2024-09-03 12:00:00,5142.44
2024-09-03 13:00:00,5206.29
2024-09-03 14:00:00,5267.44
2024-09-03 15:00:00,5295.8
2024-09-03 16:00:00,5325.93
2024-09-03 17:00:00,5318.75
2024-09-03 18:00:00,5267.03
2024-09-03 19:00:00,5199.72
2024-09-03 20:00:00,5128.29
2024-09-03 21:00:00,5055.41
2024-09-03 22:00:00,5030.6
2024-09-03 23:00:00,4941.05
2024-09-04 00:00:00,4952.05
2024-09-04 01:00:00,4807.21
2024-09-04 02:00:00,4821.44
2024-09-04 03:00:00,4792.33
2024-09-04 04:00:00,4788.94
2024-09-04 05:00:00,4793.58
2024-09-04 06:00:00,4819.36
2024-09-04 07:00:00,4861.9
2024-09-04 08:00:00,4890.36
2024-09-04 09:00:00,4845.78
2024-09-04 10:00:00,6553.21
2024-09-04 11:00:00,6746.89
2024-09-04 12:00:00,6966.75
2024-09-04 13:00:00,6540.22
2024-09-04 14:00:00,6960.35
2024-09-04 15:00:00,7047.24
2024-09-04 16:00:00,7051.62
2024-09-04 17:00:00,7038.95
2024-09-04 18:00:00,5830.26
2024-09-04 19:00:00,5399.25
2024-09-04 20:00:00,5283.44
2024-09-04 21:00:00,5196.37
2024-09-04 22:00:00,5123.7
2024-09-04 23:00:00,5055.74
2024-09-05 00:00:00,4936.64
2024-09-05 01:00:00,4812.07
2024-09-05 02:00:00,4763.66
2024-09-05 03:00:00,4771.5
2024-09-05 04:00:00,4753.29
2024-09-05 05:00:00,4748.59
2024-09-05 06:00:00,4776.26
2024-09-05 07:00:00,4825.74
2024-09-05 08:00:00,4818.33
2024-09-05 09:00:00,4823.47
2024-09-05 10:00:00,6453.02
2024-09-05 11:00:00,6625.75
2024-09-05 12:00:00,6837.03
2024-09-05 13:00:00,6411.73
2024-09-05 14:00:00,6844.43
2024-09-05 15:00:00,6930.0
2024-09-05 16:00:00,6853.5
2024-09-05 17:00:00,6928.47
2024-09-05 18:00:00,5752.02
2024-09-05 19:00:00,5340.93
2024-09-05 20:00:00,5221.53
2024-09-05 21:00:00,5135.24
2024-09-05 22:00:00,5034.56
2024-09-05 23:00:00,4993.28
2024-09-06 00:00:00,4715.92
2024-09-06 01:00:00,4621.41
2024-09-06 02:00:00,4574.12
2024-09-06 03:00:00,4590.54
2024-09-06 04:00:00,4571.1
2024-09-06 05:00:00,4569.42
2024-09-06 06:00:00,4591.95
2024-09-06 07:00:00,4567.73
2024-09-06 08:00:00,4641.71
2024-09-06 09:00:00,4593.21
2024-09-06 10:00:00,5823.63
2024-09-06 11:00:00,5977.68
2024-09-06 12:00:00,6256.16
2024-09-06 13:00:00,5974.25
2024-09-06 14:00:00,6350.12
2024-09-06 15:00:00,6463.53
2024-09-06 16:00:00,6421.01
2024-09-06 17:00:00,6483.75
2024-09-06 18:00:00,5519.24
2024-09-06 19:00:00,5174.87
2024-09-06 20:00:00,5053.88
2024-09-06 21:00:00,4960.24
2024-09-06 22:00:00,4892.34
2024-09-06 23:00:00,4809.75
2024-09-07 00:00:00,4605.53
2024-09-07 01:00:00,4491.46
2024-09-07 02:00:00,4457.22
2024-09-07 03:00:00,4437.12
2024-09-07 04:00:00,4402.29
2024-09-07 05:00:00,4391.18
2024-09-07 06:00:00,4404.9
2024-09-07 07:00:00,4433.02
2024-09-07 08:00:00,4480.74
2024-09-07 09:00:00,4500.91
2024-09-07 10:00:00,5068.09
2024-09-07 11:00:00,5312.45
2024-09-07 12:00:00,5543.53
2024-09-07 13:00:00,5402.0
2024-09-07 14:00:00,5740.21
2024-09-07 15:00:00,5838.3
2024-09-07 16:00:00,5751.86
2024-09-07 17:00:00,5745.83
2024-09-07 18:00:00,5149.41
2024-09-07 19:00:00,4910.94
2024-09-07 20:00:00,4826.13
2024-09-07 21:00:00,4750.69
2024-09-07 22:00:00,4678.7
2024-09-07 23:00:00,4605.11
2024-09-08 00:00:00,4524.17
2024-09-08 01:00:00,4429.67
2024-09-08 02:00:00,4398.82
2024-09-08 03:00:00,4384.3
2024-09-08 04:00:00,4372.18
2024-09-08 05:00:00,4369.85
2024-09-08 06:00:00,4388.03
2024-09-08 07:00:00,4414.44
2024-09-08 08:00:00,4459.81
2024-09-08 09:00:00,4472.55
2024-09-08 10:00:00,5013.45
2024-09-08 11:00:00,5229.7
2024-09-08 12:00:00,5434.27
2024-09-08 13:00:00,5301.82
2024-09-08 14:00:00,5663.97
2024-09-08 15:00:00,5762.36
2024-09-08 16:00:00,5841.88
2024-09-08 17:00:00,5800.96
2024-09-08 18:00:00,5215.65
2024-09-08 19:00:00,4953.22
2024-09-08 20:00:00,4865.06
2024-09-08 21:00:00,4780.82
2024-09-08 22:00:00,4717.34
2024-09-08 23:00:00,4647.74
2024-09-09 00:00:00,4686.59
2024-09-09 01:00:00,4624.16
2024-09-09 02:00:00,4577.26
2024-09-09 03:00:00,4549.34
2024-09-09 04:00:00,4536.48
2024-09-09 05:00:00,4534.98
2024-09-09 06:00:00,4558.63
2024-09-09 07:00:00,4590.89
2024-09-09 08:00:00,4638.59
2024-09-09 09:00:00,4702.42
2024-09-09 10:00:00,4796.18
2024-09-09 11:00:00,4880.07
2024-09-09 12:00:00,4959.0
2024-09-09 13:00:00,5024.8
2024-09-09 14:00:00,5086.33
2024-09-09 15:00:00,5118.8
2024-09-09 16:00:00,5128.01
2024-09-09 17:00:00,5127.18
2024-09-09 18:00:00,5080.39
2024-09-09 19:00:00,5026.37
2024-09-09 20:00:00,4956.33
2024-09-09 21:00:00,4878.91
2024-09-09 22:00:00,4806.16
2024-09-09 23:00:00,4732.9
2024-09-10 00:00:00,4809.16
2024-09-10 01:00:00,4759.15
2024-09-10 02:00:00,4713.48
2024-09-10 03:00:00,4678.22
2024-09-10 04:00:00,4673.7
2024-09-10 05:00:00,4671.54
2024-09-10 06:00:00,4691.78
2024-09-10 07:00:00,4726.25
2024-09-10 08:00:00,4776.78
2024-09-10 09:00:00,4849.71
2024-09-10 10:00:00,4951.01
2024-09-10 11:00:00,5037.61
2024-09-10 12:00:00,5114.08
2024-09-10 13:00:00,5177.67
2024-09-10 14:00:00,5224.58
2024-09-10 15:00:00,5247.88
2024-09-10 16:00:00,5315.61
2024-09-10 17:00:00,5280.0
2024-09-10 18:00:00,5244.89
2024-09-10 19:00:00,5185.53
2024-09-10 20:00:00,5113.32
2024-09-10 21:00:00,5031.26
2024-09-10 22:00:00,4971.17
2024-09-10 23:00:00,4903.89
2024-09-11 00:00:00,4914.84
2024-09-11 01:00:00,4781.92
2024-09-11 02:00:00,4776.97
2024-09-11 03:00:00,4792.5
2024-09-11 04:00:00,4767.05
2024-09-11 05:00:00,4785.63
2024-09-11 06:00:00,4811.42
2024-09-11 07:00:00,4812.34
2024-09-11 08:00:00,4858.66
2024-09-11 09:00:00,4759.9
2024-09-11 10:00:00,6429.49
2024-09-11 11:00:00,6668.3
2024-09-11 12:00:00,6910.8
2024-09-11 13:00:00,6483.55
2024-09-11 14:00:00,6936.1
2024-09-11 15:00:00,7008.34
2024-09-11 16:00:00,6993.98
2024-09-11 17:00:00,6960.92
2024-09-11 18:00:00,5774.09
2024-09-11 19:00:00,5338.78
2024-09-11 20:00:00,5223.71
2024-09-11 21:00:00,5133.09
2024-09-11 22:00:00,5054.23
2024-09-11 23:00:00,4987.3
2024-09-12 00:00:00,4853.36
2024-09-12 01:00:00,4711.1
2024-09-12 02:00:00,4679.89
2024-09-12 03:00:00,4683.4
2024-09-12 04:00:00,4644.51
2024-09-12 05:00:00,4674.63
2024-09-12 06:00:00,4736.12
2024-09-12 07:00:00,4739.39
2024-09-12 08:00:00,4766.52
2024-09-12 09:00:00,4718.36
2024-09-12 10:00:00,6309.18
2024-09-12 11:00:00,6539.52
2024-09-12 12:00:00,6757.7
2024-09-12 13:00:00,6376.25
2024-09-12 14:00:00,6807.04
2024-09-12 15:00:00,6883.69
2024-09-12 16:00:00,6877.61
2024-09-12 17:00:00,6861.49
2024-09-12 18:00:00,5710.15
2024-09-12 19:00:00,5306.26
2024-09-12 20:00:00,5192.2
2024-09-12 21:00:00,5104.28
2024-09-12 22:00:00,5028.1
2024-09-12 23:00:00,4954.76
2024-09-13 00:00:00,4727.66
2024-09-13 01:00:00,4591.57
2024-09-13 02:00:00,4526.74
2024-09-13 03:00:00,4522.8
2024-09-13 04:00:00,4501.84
2024-09-13 05:00:00,4529.92
2024-09-13 06:00:00,4564.07
2024-09-13 07:00:00,4565.97
2024-09-13 08:00:00,4575.2
2024-09-13 09:00:00,4601.01
2024-09-13 10:00:00,5750.73
2024-09-13 11:00:00,5980.36
2024-09-13 12:00:00,6199.76
2024-09-13 13:00:00,5934.94
2024-09-13 14:00:00,6301.43
2024-09-13 15:00:00,6372.24
2024-09-13 16:00:00,6384.96
2024-09-13 17:00:00,6342.72
2024-09-13 18:00:00,5434.64
2024-09-13 19:00:00,5112.59
2024-09-13 20:00:00,5005.42
2024-09-13 21:00:00,4917.24
2024-09-13 22:00:00,4788.14
2024-09-13 23:00:00,4716.87
2024-09-14 00:00:00,4519.3
2024-09-14 01:00:00,4422.51
2024-09-14 02:00:00,4386.59
2024-09-14 03:00:00,4365.12
2024-09-14 04:00:00,4361.73
2024-09-14 05:00:00,4358.23
2024-09-14 06:00:00,4375.18
2024-09-14 07:00:00,4401.39
2024-09-14 08:00:00,4441.92
2024-09-14 09:00:00,4471.56
2024-09-14 10:00:00,5011.12
2024-09-14 11:00:00,5253.1
2024-09-14 12:00:00,5478.1
2024-09-14 13:00:00,5352.36
2024-09-14 14:00:00,5673.35
2024-09-14 15:00:00,5757.9
2024-09-14 16:00:00,5711.19
2024-09-14 17:00:00,5671.48
2024-09-14 18:00:00,5119.17
2024-09-14 19:00:00,4888.27
2024-09-14 20:00:00,4803.73
2024-09-14 21:00:00,4729.26
2024-09-14 22:00:00,4665.0
2024-09-14 23:00:00,4596.47
2024-09-15 00:00:00,4521.91
2024-09-15 01:00:00,4434.22
2024-09-15 02:00:00,4408.56
2024-09-15 03:00:00,4394.53
2024-09-15 04:00:00,4382.74
2024-09-15 05:00:00,4387.35
2024-09-15 06:00:00,4417.3
2024-09-15 07:00:00,4446.85
2024-09-15 08:00:00,4488.11
2024-09-15 09:00:00,4489.05
2024-09-15 10:00:00,5125.04
2024-09-15 11:00:00,5340.67
2024-09-15 12:00:00,5557.11
2024-09-15 13:00:00,5400.83
2024-09-15 14:00:00,5759.89
2024-09-15 15:00:00,5841.49
2024-09-15 16:00:00,5861.92
2024-09-15 17:00:00,5815.0
2024-09-15 18:00:00,5212.02
2024-09-15 19:00:00,4953.22
2024-09-15 20:00:00,4865.97
2024-09-15 21:00:00,4780.64
2024-09-15 22:00:00,4728.79
2024-09-15 23:00:00,4657.59
2024-09-16 00:00:00,4699.1
2024-09-16 01:00:00,4649.45
2024-09-16 02:00:00,4608.71
2024-09-16 03:00:00,4581.29
2024-09-16 04:00:00,4573.64
2024-09-16 05:00:00,4571.17
2024-09-16 06:00:00,4598.25
2024-09-16 07:00:00,4617.73
2024-09-16 08:00:00,4670.7
2024-09-16 09:00:00,4729.65
2024-09-16 10:00:00,4800.33
2024-09-16 11:00:00,4896.93
2024-09-16 12:00:00,4983.73
2024-09-16 13:00:00,5054.67
2024-09-16 14:00:00,5124.65
2024-09-16 15:00:00,5171.66
2024-09-16 16:00:00,5201.88
2024-09-16 17:00:00,5201.06
2024-09-16 18:00:00,5164.48
2024-09-16 19:00:00,5109.66
2024-09-16 20:00:00,5041.56
2024-09-16 21:00:00,4959.46
2024-09-16 22:00:00,4881.03
2024-09-16 23:00:00,4794.77
2024-09-17 00:00:00,4860.68
2024-09-17 01:00:00,4838.65
2024-09-17 02:00:00,4793.79
2024-09-17 03:00:00,4745.8
2024-09-17 04:00:00,4719.07
2024-09-17 05:00:00,4730.01
2024-09-17 06:00:00,4758.1
2024-09-17 07:00:00,4791.69
2024-09-17 08:00:00,4855.13
2024-09-17 09:00:00,4912.31
2024-09-17 10:00:00,4990.41
2024-09-17 11:00:00,5074.37
2024-09-17 12:00:00,5146.16
2024-09-17 13:00:00,5207.23
2024-09-17 14:00:00,5269.54
2024-09-17 15:00:00,5310.26
2024-09-17 16:00:00,5330.02
2024-09-17 17:00:00,5325.22
2024-09-17 18:00:00,5277.68
2024-09-17 19:00:00,5223.75
2024-09-17 20:00:00,5156.1
2024-09-17 21:00:00,5072.57
2024-09-17 22:00:00,4988.49
2024-09-17 23:00:00,4911.05
2024-09-18 00:00:00,4915.64
2024-09-18 01:00:00,4752.82
2024-09-18 02:00:00,4707.18
2024-09-18 03:00:00,4684.62
2024-09-18 04:00:00,4643.32
2024-09-18 05:00:00,4648.78
2024-09-18 06:00:00,4699.13
2024-09-18 07:00:00,4711.43
2024-09-18 08:00:00,4769.35
2024-09-18 09:00:00,4723.52
2024-09-18 10:00:00,6372.5
2024-09-18 11:00:00,6597.83
2024-09-18 12:00:00,6807.1
2024-09-18 13:00:00,6403.7
2024-09-18 14:00:00,6807.91
2024-09-18 15:00:00,6870.53
2024-09-18 16:00:00,6782.37
2024-09-18 17:00:00,6759.81
2024-09-18 18:00:00,5677.53
2024-09-18 19:00:00,5283.79
2024-09-18 20:00:00,5176.97
2024-09-18 21:00:00,5092.8
2024-09-18 22:00:00,5019.33
2024-09-18 23:00:00,4948.73
2024-09-19 00:00:00,4811.82
2024-09-19 01:00:00,4694.35
2024-09-19 02:00:00,4660.55
2024-09-19 03:00:00,4677.09
2024-09-19 04:00:00,4659.62
2024-09-19 05:00:00,4665.86
2024-09-19 06:00:00,4695.89
2024-09-19 07:00:00,4689.62
2024-09-19 08:00:00,4715.5
2024-09-19 09:00:00,4693.38
2024-09-19 10:00:00,6274.38
2024-09-19 11:00:00,6506.37
2024-09-19 12:00:00,6715.26
2024-09-19 13:00:00,6329.16
2024-09-19 14:00:00,6729.05
2024-09-19 15:00:00,6804.74
2024-09-19 16:00:00,6681.08
2024-09-19 17:00:00,6658.57
2024-09-19 18:00:00,5603.49
2024-09-19 19:00:00,5230.8
2024-09-19 20:00:00,5123.96
2024-09-19 21:00:00,5042.13
2024-09-19 22:00:00,4976.46
2024-09-19 23:00:00,4893.26
2024-09-20 00:00:00,4689.15
2024-09-20 01:00:00,4576.47
2024-09-20 02:00:00,4532.63
2024-09-20 03:00:00,4505.55
2024-09-20 04:00:00,4494.21
2024-09-20 05:00:00,4493.32
2024-09-20 06:00:00,4511.66
2024-09-20 07:00:00,4529.54
2024-09-20 08:00:00,4586.98
2024-09-20 09:00:00,4597.5
2024-09-20 10:00:00,5755.42
2024-09-20 11:00:00,5987.56
2024-09-20 12:00:00,6206.89
2024-09-20 13:00:00,5952.99
2024-09-20 14:00:00,6325.9
2024-09-20 15:00:00,6389.45
2024-09-20 16:00:00,6398.8
2024-09-20 17:00:00,6366.66
2024-09-20 18:00:00,5427.04
2024-09-20 19:00:00,5096.42
2024-09-20 20:00:00,5004.62
2024-09-20 21:00:00,4918.75
2024-09-20 22:00:00,4840.7
2024-09-20 23:00:00,4758.69
2024-09-21 00:00:00,4563.63
2024-09-21 01:00:00,4460.14
2024-09-21 02:00:00,4418.59
2024-09-21 03:00:00,4396.96
2024-09-21 04:00:00,4370.21
2024-09-21 05:00:00,4368.7
2024-09-21 06:00:00,4387.59
2024-09-21 07:00:00,4415.76
2024-09-21 08:00:00,4460.86
2024-09-21 09:00:00,4486.86
2024-09-21 10:00:00,5033.63
2024-09-21 11:00:00,5271.8
2024-09-21 12:00:00,5502.37
2024-09-21 13:00:00,5377.34
2024-09-21 14:00:00,5699.72
2024-09-21 15:00:00,5798.18
2024-09-21 16:00:00,5751.86
2024-09-21 17:00:00,5736.99
2024-09-21 18:00:00,5147.71
2024-09-21 19:00:00,4909.88
2024-09-21 20:00:00,4821.53
2024-09-21 21:00:00,4742.32
2024-09-21 22:00:00,4655.43
2024-09-21 23:00:00,4576.07
2024-09-22 00:00:00,4489.86
2024-09-22 01:00:00,4395.02
2024-09-22 02:00:00,4357.78
2024-09-22 03:00:00,4337.97
2024-09-22 04:00:00,4305.93
2024-09-22 05:00:00,4307.3
2024-09-22 06:00:00,4327.87
2024-09-22 07:00:00,4357.14
2024-09-22 08:00:00,4405.3
2024-09-22 09:00:00,4440.87
2024-09-22 10:00:00,4784.82
2024-09-22 11:00:00,5024.42
2024-09-22 12:00:00,5237.27
2024-09-22 13:00:00,5132.21
2024-09-22 14:00:00,5464.6
2024-09-22 15:00:00,5551.28
2024-09-22 16:00:00,5571.89
2024-09-22 17:00:00,5562.11
2024-09-22 18:00:00,5089.01
2024-09-22 19:00:00,4868.9
2024-09-22 20:00:00,4790.85
2024-09-22 21:00:00,4716.7
2024-09-22 22:00:00,4635.1
2024-09-22 23:00:00,4558.19
2024-09-23 00:00:00,4596.75
2024-09-23 01:00:00,4541.87
2024-09-23 02:00:00,4498.3
2024-09-23 03:00:00,4470.83
2024-09-23 04:00:00,4452.22
2024-09-23 05:00:00,4457.0
2024-09-23 06:00:00,4482.82
2024-09-23 07:00:00,4516.74
2024-09-23 08:00:00,4567.56
2024-09-23 09:00:00,4634.01
2024-09-23 10:00:00,4730.18
2024-09-23 11:00:00,4815.11
2024-09-23 12:00:00,4893.15
2024-09-23 13:00:00,4954.92
2024-09-23 14:00:00,5012.37
2024-09-23 15:00:00,5042.23
2024-09-23 16:00:00,5066.81
2024-09-23 17:00:00,5060.89
2024-09-23 18:00:00,5012.67
2024-09-23 19:00:00,4962.73
2024-09-23 20:00:00,4901.81
2024-09-23 21:00:00,4828.48
2024-09-23 22:00:00,4751.33
2024-09-23 23:00:00,4672.7
2024-09-24 00:00:00,4749.02
2024-09-24 01:00:00,4702.11
2024-09-24 02:00:00,4663.1
2024-09-24 03:00:00,4648.06
2024-09-24 04:00:00,4634.47
2024-09-24 05:00:00,4632.88
2024-09-24 06:00:00,4653.64
2024-09-24 07:00:00,4686.33
2024-09-24 08:00:00,4731.91
2024-09-24 09:00:00,4799.88
2024-09-24 10:00:00,4907.26
2024-09-24 11:00:00,4988.17
2024-09-24 12:00:00,5064.27
2024-09-24 13:00:00,5119.95
2024-09-24 14:00:00,5177.15
2024-09-24 15:00:00,5207.34
2024-09-24 16:00:00,5270.06
2024-09-24 17:00:00,5272.43
2024-09-24 18:00:00,5207.73
2024-09-24 19:00:00,5148.89
2024-09-24 20:00:00,5081.27
2024-09-24 21:00:00,5001.07
2024-09-24 22:00:00,4909.45
2024-09-24 23:00:00,4834.65
2024-09-25 00:00:00,4836.08
2024-09-25 01:00:00,4697.3
2024-09-25 02:00:00,4661.58
2024-09-25 03:00:00,4651.26
2024-09-25 04:00:00,4633.13
2024-09-25 05:00:00,4635.06
2024-09-25 06:00:00,4655.56
2024-09-25 07:00:00,4692.06
2024-09-25 08:00:00,4742.61
2024-09-25 09:00:00,4684.78
2024-09-25 10:00:00,6286.19
2024-09-25 11:00:00,6504.96
2024-09-25 12:00:00,6714.36
2024-09-25 13:00:00,6318.88
2024-09-25 14:00:00,6728.5
2024-09-25 15:00:00,6798.89
2024-09-25 16:00:00,6780.92
2024-09-25 17:00:00,6782.35
2024-09-25 18:00:00,5674.41
2024-09-25 19:00:00,5277.98
2024-09-25 20:00:00,5164.81
2024-09-25 21:00:00,5082.68
2024-09-25 22:00:00,5036.0
2024-09-25 23:00:00,4956.79
2024-09-26 00:00:00,4814.21
2024-09-26 01:00:00,4667.46
2024-09-26 02:00:00,4632.99
2024-09-26 03:00:00,4607.59
2024-09-26 04:00:00,4586.76
2024-09-26 05:00:00,4590.1
2024-09-26 06:00:00,4611.65
2024-09-26 07:00:00,4648.25
2024-09-26 08:00:00,4693.02
2024-09-26 09:00:00,4658.8
2024-09-26 10:00:00,6117.37
2024-09-26 11:00:00,6338.14
2024-09-26 12:00:00,6535.56
2024-09-26 13:00:00,6191.55
2024-09-26 14:00:00,6566.77
2024-09-26 15:00:00,6645.73
2024-09-26 16:00:00,6640.52
2024-09-26 17:00:00,6636.04
2024-09-26 18:00:00,5586.41
2024-09-26 19:00:00,5212.08
2024-09-26 20:00:00,5103.12
2024-09-26 21:00:00,5020.98
2024-09-26 22:00:00,4946.2
2024-09-26 23:00:00,4868.9
2024-09-27 00:00:00,4649.74
2024-09-27 01:00:00,4536.35
2024-09-27 02:00:00,4504.79
2024-09-27 03:00:00,4487.89
2024-09-27 04:00:00,4470.32
2024-09-27 05:00:00,4470.58
2024-09-27 06:00:00,4492.22
2024-09-27 07:00:00,4524.56
2024-09-27 08:00:00,4566.94
2024-09-27 09:00:00,4571.69
2024-09-27 10:00:00,5596.1
2024-09-27 11:00:00,5822.88
2024-09-27 12:00:00,6031.81
2024-09-27 13:00:00,5788.6
2024-09-27 14:00:00,6121.87
2024-09-27 15:00:00,6206.22
2024-09-27 16:00:00,6197.23
2024-09-27 17:00:00,6178.8
2024-09-27 18:00:00,5352.81
2024-09-27 19:00:00,5052.8
2024-09-27 20:00:00,4949.42
2024-09-27 21:00:00,4869.71
2024-09-27 22:00:00,4785.83
2024-09-27 23:00:00,4716.87
2024-09-28 00:00:00,4522.32
2024-09-28 01:00:00,4423.62
2024-09-28 02:00:00,4383.65
2024-09-28 03:00:00,4360.27
2024-09-28 04:00:00,4338.94
2024-09-28 05:00:00,4342.26
2024-09-28 06:00:00,4368.54
2024-09-28 07:00:00,4400.37
2024-09-28 08:00:00,4444.03
2024-09-28 09:00:00,4475.15
2024-09-28 10:00:00,5080.56
2024-09-28 11:00:00,5309.16
2024-09-28 12:00:00,5525.48
2024-09-28 13:00:00,5384.18
2024-09-28 14:00:00,5718.9
2024-09-28 15:00:00,5808.22
2024-09-28 16:00:00,5807.74
2024-09-28 17:00:00,5793.62
2024-09-28 18:00:00,5177.44
2024-09-28 19:00:00,4931.1
2024-09-28 20:00:00,4845.53
2024-09-28 21:00:00,4768.59
2024-09-28 22:00:00,4688.24
2024-09-28 23:00:00,4614.56
2024-09-29 00:00:00,4533.09
2024-09-29 01:00:00,4432.74
2024-09-29 02:00:00,4396.79
2024-09-29 03:00:00,4372.51
2024-09-29 04:00:00,4350.49
2024-09-29 05:00:00,4358.13
2024-09-29 06:00:00,4382.79
2024-09-29 07:00:00,4413.9
2024-09-29 08:00:00,4459.49
2024-09-29 09:00:00,4472.46
2024-09-29 10:00:00,4915.76
2024-09-29 11:00:00,5154.31
2024-09-29 12:00:00,5392.39
2024-09-29 13:00:00,5283.71
2024-09-29 14:00:00,5651.65
2024-09-29 15:00:00,5766.18
2024-09-29 16:00:00,5773.44
2024-09-29 17:00:00,5761.48
2024-09-29 18:00:00,5199.6
2024-09-29 19:00:00,4944.95
2024-09-29 20:00:00,4862.27
2024-09-29 21:00:00,4782.18
2024-09-29 22:00:00,4699.96
2024-09-29 23:00:00,4617.42
2024-09-30 00:00:00,4656.0
2024-09-30 01:00:00,4597.57
2024-09-30 02:00:00,4550.05
2024-09-30 03:00:00,4518.31
2024-09-30 04:00:00,4494.7
2024-09-30 05:00:00,4494.4
2024-09-30 06:00:00,4515.98
2024-09-30 07:00:00,4553.25
2024-09-30 08:00:00,4607.89
2024-09-30 09:00:00,4677.28
2024-09-30 10:00:00,4768.32
2024-09-30 11:00:00,4850.69
2024-09-30 12:00:00,4927.81
2024-09-30 13:00:00,4997.58
2024-09-30 14:00:00,5073.07
2024-09-30 15:00:00,5114.4
2024-09-30 16:00:00,5117.55
2024-09-30 17:00:00,5115.93
2024-09-30 18:00:00,5082.68
2024-09-30 19:00:00,5033.15
2024-09-30 20:00:00,4970.9
2024-09-30 21:00:00,4895.94
2024-09-30 22:00:00,4806.57
2024-09-30 23:00:00,4735.36
2024-10-01 00:00:00,4664.49
2024-10-01 01:00:00,4607.93
2024-10-01 02:00:00,4561.23
2024-10-01 03:00:00,4534.62
2024-10-01 04:00:00,4549.05
2024-10-01 05:00:00,4547.86
2024-10-01 06:00:00,4565.19
2024-10-01 07:00:00,4601.72
2024-10-01 08:00:00,4635.6
2024-10-01 09:00:00,4711.24
2024-10-01 10:00:00,4788.96
2024-10-01 11:00:00,4871.97
2024-10-01 12:00:00,4952.01
2024-10-01 13:00:00,5018.93
2024-10-01 14:00:00,5080.74
2024-10-01 15:00:00,5121.29
2024-10-01 16:00:00,5138.5
2024-10-01 17:00:00,5125.5
2024-10-01 18:00:00,5093.75
2024-10-01 19:00:00,5036.03
2024-10-01 20:00:00,4964.23
2024-10-01 21:00:00,4880.08
2024-10-01 22:00:00,4820.73
2024-10-01 23:00:00,4728.09
2024-10-02 00:00:00,4710.75
2024-10-02 01:00:00,4561.03
2024-10-02 02:00:00,4498.31
2024-10-02 03:00:00,4452.88
2024-10-02 04:00:00,4450.12
2024-10-02 05:00:00,4446.81
2024-10-02 06:00:00,4462.19
2024-10-02 07:00:00,4502.48
2024-10-02 08:00:00,4551.18
2024-10-02 09:00:00,4578.81
2024-10-02 10:00:00,5679.76
2024-10-02 11:00:00,5887.69
2024-10-02 12:00:00,6080.73
2024-10-02 13:00:00,5771.06
2024-10-02 14:00:00,6101.61
2024-10-02 15:00:00,6169.84
2024-10-02 16:00:00,6132.54
2024-10-02 17:00:00,6118.48
2024-10-02 18:00:00,5373.52
2024-10-02 19:00:00,5066.61
2024-10-02 20:00:00,4967.21
2024-10-02 21:00:00,4885.66
2024-10-02 22:00:00,4799.15
2024-10-02 23:00:00,4710.45
2024-10-03 00:00:00,4565.66
2024-10-03 01:00:00,4444.89
2024-10-03 02:00:00,4397.35
2024-10-03 03:00:00,4363.62
2024-10-03 04:00:00,4378.59
2024-10-03 05:00:00,4384.43
2024-10-03 06:00:00,4407.27
2024-10-03 07:00:00,4443.18
2024-10-03 08:00:00,4492.26
2024-10-03 09:00:00,4540.3
2024-10-03 10:00:00,5486.64
2024-10-03 11:00:00,5696.16
2024-10-03 12:00:00,5885.2
2024-10-03 13:00:00,5631.86
2024-10-03 14:00:00,5915.1
2024-10-03 15:00:00,5989.38
2024-10-03 16:00:00,5907.2
2024-10-03 17:00:00,5891.91
2024-10-03 18:00:00,5252.02
2024-10-03 19:00:00,4985.3
2024-10-03 20:00:00,4891.3
2024-10-03 21:00:00,4815.98
2024-10-03 22:00:00,4744.72
2024-10-03 23:00:00,4660.04
2024-10-04 00:00:00,4433.47
2024-10-04 01:00:00,4340.04
2024-10-04 02:00:00,4300.52
2024-10-04 03:00:00,4273.91
2024-10-04 04:00:00,4280.71
2024-10-04 05:00:00,4283.74
2024-10-04 06:00:00,4305.88
2024-10-04 07:00:00,4337.19
2024-10-04 08:00:00,4382.78
2024-10-04 09:00:00,4454.36
2024-10-04 10:00:00,5008.55
2024-10-04 11:00:00,5240.73
2024-10-04 12:00:00,5456.81
2024-10-04 13:00:00,5337.29
2024-10-04 14:00:00,5579.74
2024-10-04 15:00:00,5666.75
2024-10-04 16:00:00,5618.39
2024-10-04 17:00:00,5597.56
2024-10-04 18:00:00,5060.29
2024-10-04 19:00:00,4852.34
2024-10-04 20:00:00,4764.13
2024-10-04 21:00:00,4692.97
2024-10-04 22:00:00,4617.57
2024-10-04 23:00:00,4547.16
2024-10-05 00:00:00,4353.7
2024-10-05 01:00:00,4292.0
2024-10-05 02:00:00,4262.78
2024-10-05 03:00:00,4243.79
2024-10-05 04:00:00,4214.49
2024-10-05 05:00:00,4222.68
2024-10-05 06:00:00,4252.78
2024-10-05 07:00:00,4275.77
2024-10-05 08:00:00,4321.78
2024-10-05 09:00:00,4389.77
2024-10-05 10:00:00,4642.16
2024-10-05 11:00:00,4874.1
2024-10-05 12:00:00,5102.68
2024-10-05 13:00:00,5072.44
2024-10-05 14:00:00,5340.04
2024-10-05 15:00:00,5434.92
2024-10-05 16:00:00,5447.18
2024-10-05 17:00:00,5427.14
2024-10-05 18:00:00,4965.44
2024-10-05 19:00:00,4780.53
2024-10-05 20:00:00,4695.0
2024-10-05 21:00:00,4617.69
2024-10-05 22:00:00,4549.57
2024-10-05 23:00:00,4476.32
2024-10-06 00:00:00,4394.32
2024-10-06 01:00:00,4316.0
2024-10-06 02:00:00,4289.72
2024-10-06 03:00:00,4246.74
2024-10-06 04:00:00,4223.06
2024-10-06 05:00:00,4235.66
2024-10-06 06:00:00,4251.38
2024-10-06 07:00:00,4281.92
2024-10-06 08:00:00,4333.22
2024-10-06 09:00:00,4382.69
2024-10-06 10:00:00,4573.79
2024-10-06 11:00:00,4795.46
2024-10-06 12:00:00,5007.25
2024-10-06 13:00:00,4976.78
2024-10-06 14:00:00,5273.17
2024-10-06 15:00:00,5371.41
2024-10-06 16:00:00,5388.78
2024-10-06 17:00:00,5363.98
2024-10-06 18:00:00,4964.4
2024-10-06 19:00:00,4774.96
2024-10-06 20:00:00,4696.47
2024-10-06 21:00:00,4614.64
2024-10-06 22:00:00,4535.75
2024-10-06 23:00:00,4457.85
2024-10-07 00:00:00,4496.15
2024-10-07 01:00:00,4434.94
2024-10-07 02:00:00,4386.41
2024-10-07 03:00:00,4355.23
2024-10-07 04:00:00,4328.78
2024-10-07 05:00:00,4331.03
2024-10-07 06:00:00,4354.18
2024-10-07 07:00:00,4387.64
2024-10-07 08:00:00,4439.29
2024-10-07 09:00:00,4502.16
2024-10-07 10:00:00,4571.93
2024-10-07 11:00:00,4655.04
2024-10-07 12:00:00,4736.7
2024-10-07 13:00:00,4805.13
2024-10-07 14:00:00,4861.81
2024-10-07 15:00:00,4898.16
2024-10-07 16:00:00,4887.18
2024-10-07 17:00:00,4885.16
2024-10-07 18:00:00,4851.39
2024-10-07 19:00:00,4804.94
2024-10-07 20:00:00,4745.75
2024-10-07 21:00:00,4674.74
2024-10-07 22:00:00,4594.95
2024-10-07 23:00:00,4511.33
2024-10-08 00:00:00,4583.46
2024-10-08 01:00:00,4515.49
2024-10-08 02:00:00,4462.28
2024-10-08 03:00:00,4425.33
2024-10-08 04:00:00,4409.62
2024-10-08 05:00:00,4412.12
2024-10-08 06:00:00,4434.1
2024-10-08 07:00:00,4475.3
2024-10-08 08:00:00,4530.92
2024-10-08 09:00:00,4599.31
2024-10-08 10:00:00,4693.19
2024-10-08 11:00:00,4771.27
2024-10-08 12:00:00,4840.34
2024-10-08 13:00:00,4900.88
2024-10-08 14:00:00,4957.43
2024-10-08 15:00:00,4990.29
2024-10-08 16:00:00,5021.5
2024-10-08 17:00:00,5018.35
2024-10-08 18:00:00,4979.51
2024-10-08 19:00:00,4928.28
2024-10-08 20:00:00,4869.14
2024-10-08 21:00:00,4797.77
2024-10-08 22:00:00,4717.93
2024-10-08 23:00:00,4639.08
2024-10-09 00:00:00,4636.62
2024-10-09 01:00:00,4517.28
2024-10-09 02:00:00,4476.34
2024-10-09 03:00:00,4451.66
2024-10-09 04:00:00,4432.78
2024-10-09 05:00:00,4439.93
2024-10-09 06:00:00,4464.86
2024-10-09 07:00:00,4500.63
2024-10-09 08:00:00,4549.9
2024-10-09 09:00:00,4570.3
2024-10-09 10:00:00,5555.99
2024-10-09 11:00:00,5753.67
2024-10-09 12:00:00,5952.37
2024-10-09 13:00:00,5687.96
2024-10-09 14:00:00,5994.57
2024-10-09 15:00:00,6084.74
2024-10-09 16:00:00,6061.38
2024-10-09 17:00:00,6038.61
2024-10-09 18:00:00,5347.44
2024-10-09 19:00:00,5045.91
2024-10-09 20:00:00,4947.28
2024-10-09 21:00:00,4870.13
2024-10-09 22:00:00,4810.0
2024-10-09 23:00:00,4734.38
2024-10-10 00:00:00,4599.97
2024-10-10 01:00:00,4489.64
2024-10-10 02:00:00,4450.56
2024-10-10 03:00:00,4425.1
2024-10-10 04:00:00,4413.37
2024-10-10 05:00:00,4415.96
2024-10-10 06:00:00,4436.82
2024-10-10 07:00:00,4470.19
2024-10-10 08:00:00,4515.8
2024-10-10 09:00:00,4551.96
2024-10-10 10:00:00,5478.81
2024-10-10 11:00:00,5660.85
2024-10-10 12:00:00,5838.17
2024-10-10 13:00:00,5596.3
2024-10-10 14:00:00,5873.65
2024-10-10 15:00:00,5940.65
2024-10-10 16:00:00,5908.41
2024-10-10 17:00:00,5887.15
2024-10-10 18:00:00,5256.85
2024-10-10 19:00:00,4981.73
2024-10-10 20:00:00,4885.88
2024-10-10 21:00:00,4806.32
2024-10-10 22:00:00,4758.41
2024-10-10 23:00:00,4682.31
2024-10-11 00:00:00,4463.93
2024-10-11 01:00:00,4372.6
2024-10-11 02:00:00,4332.84
2024-10-11 03:00:00,4305.15
2024-10-11 04:00:00,4296.15
2024-10-11 05:00:00,4300.64
2024-10-11 06:00:00,4323.39
2024-10-11 07:00:00,4353.43
2024-10-11 08:00:00,4398.66
2024-10-11 09:00:00,4459.76
2024-10-11 10:00:00,5005.12
2024-10-11 11:00:00,5201.64
2024-10-11 12:00:00,5398.36
2024-10-11 13:00:00,5265.96
2024-10-11 14:00:00,5513.53
2024-10-11 15:00:00,5598.82
2024-10-11 16:00:00,5615.46
2024-10-11 17:00:00,5579.46
2024-10-11 18:00:00,5064.12
2024-10-11 19:00:00,4850.13
2024-10-11 20:00:00,4759.52
2024-10-11 21:00:00,4685.06
2024-10-11 22:00:00,4621.82
2024-10-11 23:00:00,4549.06
2024-10-12 00:00:00,4355.12
2024-10-12 01:00:00,4283.46
2024-10-12 02:00:00,4246.63
2024-10-12 03:00:00,4223.33
2024-10-12 04:00:00,4211.62
2024-10-12 05:00:00,4214.65
2024-10-12 06:00:00,4237.57
2024-10-12 07:00:00,4268.56
2024-10-12 08:00:00,4312.4
2024-10-12 09:00:00,4382.5
2024-10-12 10:00:00,4575.68
2024-10-12 11:00:00,4799.16
2024-10-12 12:00:00,5000.0
2024-10-12 13:00:00,4965.72
2024-10-12 14:00:00,5212.86
2024-10-12 15:00:00,5290.83
2024-10-12 16:00:00,5320.69
2024-10-12 17:00:00,5303.09
2024-10-12 18:00:00,4906.57
2024-10-12 19:00:00,4737.05
2024-10-12 20:00:00,4658.86
2024-10-12 21:00:00,4584.35
2024-10-12 22:00:00,4513.75
2024-10-12 23:00:00,4439.52
2024-10-13 00:00:00,4359.49
2024-10-13 01:00:00,4287.98
2024-10-13 02:00:00,4253.45
2024-10-13 03:00:00,4231.18
2024-10-13 04:00:00,4213.99
2024-10-13 05:00:00,4215.64
2024-10-13 06:00:00,4239.23
2024-10-13 07:00:00,4266.3
2024-10-13 08:00:00,4314.12
2024-10-13 09:00:00,4373.16
2024-10-13 10:00:00,4531.28
2024-10-13 11:00:00,4752.34
2024-10-13 12:00:00,4963.76
2024-10-13 13:00:00,4944.86
2024-10-13 14:00:00,5237.98
2024-10-13 15:00:00,5334.24
2024-10-13 16:00:00,5353.22
2024-10-13 17:00:00,5327.54
2024-10-13 18:00:00,4941.97
2024-10-13 19:00:00,4760.5
2024-10-13 20:00:00,4680.74
2024-10-13 21:00:00,4601.47
2024-10-13 22:00:00,4533.23
2024-10-13 23:00:00,4459.93
2024-10-14 00:00:00,4502.57
2024-10-14 01:00:00,4449.11
2024-10-14 02:00:00,4410.24
2024-10-14 03:00:00,4385.26
2024-10-14 04:00:00,4369.32
2024-10-14 05:00:00,4369.68
2024-10-14 06:00:00,4399.09
2024-10-14 07:00:00,4430.58
2024-10-14 08:00:00,4477.13
2024-10-14 09:00:00,4539.48
2024-10-14 10:00:00,4624.61
2024-10-14 11:00:00,4701.19
2024-10-14 12:00:00,4774.98
2024-10-14 13:00:00,4841.94
2024-10-14 14:00:00,4901.62
2024-10-14 15:00:00,4940.02
2024-10-14 16:00:00,4973.37
2024-10-14 17:00:00,4962.51
2024-10-14 18:00:00,4925.22
2024-10-14 19:00:00,4869.78
2024-10-14 20:00:00,4801.35
2024-10-14 21:00:00,4723.01
2024-10-14 22:00:00,4642.51
2024-10-14 23:00:00,4570.07
2024-10-15 00:00:00,4652.2
2024-10-15 01:00:00,4598.81
2024-10-15 02:00:00,4559.67
2024-10-15 03:00:00,4533.8
2024-10-15 04:00:00,4514.16
2024-10-15 05:00:00,4510.81
2024-10-15 06:00:00,4541.08
2024-10-15 07:00:00,4571.5
2024-10-15 08:00:00,4618.72
2024-10-15 09:00:00,4677.4
2024-10-15 10:00:00,4758.64
2024-10-15 11:00:00,4836.42
2024-10-15 12:00:00,4910.3
2024-10-15 13:00:00,4973.63
2024-10-15 14:00:00,5038.23
2024-10-15 15:00:00,5076.52
2024-10-15 16:00:00,5100.07
2024-10-15 17:00:00,5093.8
2024-10-15 18:00:00,5055.18
2024-10-15 19:00:00,5004.29
2024-10-15 20:00:00,4937.47
2024-10-15 21:00:00,4861.52
2024-10-15 22:00:00,4781.79
2024-10-15 23:00:00,4708.63
2024-10-16 00:00:00,4707.45
2024-10-16 01:00:00,4581.12
2024-10-16 02:00:00,4540.36
2024-10-16 03:00:00,4517.88
2024-10-16 04:00:00,4494.33
2024-10-16 05:00:00,4500.86
2024-10-16 06:00:00,4527.52
2024-10-16 07:00:00,4557.52
2024-10-16 08:00:00,4596.6
2024-10-16 09:00:00,4598.65
2024-10-16 10:00:00,5750.75
2024-10-16 11:00:00,5973.81
2024-10-16 12:00:00,6158.7
2024-10-16 13:00:00,5911.23
2024-10-16 14:00:00,6270.04
2024-10-16 15:00:00,6360.09
2024-10-16 16:00:00,6342.19
2024-10-16 17:00:00,6313.63
2024-10-16 18:00:00,5423.11
2024-10-16 19:00:00,5103.45
2024-10-16 20:00:00,5004.19
2024-10-16 21:00:00,4926.39
2024-10-16 22:00:00,4848.07
2024-10-16 23:00:00,4777.49
2024-10-17 00:00:00,4644.86
2024-10-17 01:00:00,4529.65
2024-10-17 02:00:00,4501.7
2024-10-17 03:00:00,4482.14
2024-10-17 04:00:00,4474.38
2024-10-17 05:00:00,4477.25
2024-10-17 06:00:00,4501.69
2024-10-17 07:00:00,4526.83
2024-10-17 08:00:00,4574.9
2024-10-17 09:00:00,4583.91
2024-10-17 10:00:00,5697.03
2024-10-17 11:00:00,5916.5
2024-10-17 12:00:00,6129.23
2024-10-17 13:00:00,5883.86
2024-10-17 14:00:00,6208.0
2024-10-17 15:00:00,6289.5
2024-10-17 16:00:00,6265.24
2024-10-17 17:00:00,6244.45
2024-10-17 18:00:00,5363.25
2024-10-17 19:00:00,5057.26
2024-10-17 20:00:00,4953.28
2024-10-17 21:00:00,4874.67
2024-10-17 22:00:00,4807.79
2024-10-17 23:00:00,4738.07
2024-10-18 00:00:00,4521.75
2024-10-18 01:00:00,4435.71
2024-10-18 02:00:00,4403.68
2024-10-18 03:00:00,4384.93
2024-10-18 04:00:00,4370.82
2024-10-18 05:00:00,4369.96
2024-10-18 06:00:00,4387.97
2024-10-18 07:00:00,4405.9
2024-10-18 08:00:00,4459.32
2024-10-18 09:00:00,4506.34
2024-10-18 10:00:00,5249.84
2024-10-18 11:00:00,5466.46
2024-10-18 12:00:00,5667.91
2024-10-18 13:00:00,5511.0
2024-10-18 14:00:00,5800.8
2024-10-18 15:00:00,5883.63
2024-10-18 16:00:00,5886.85
2024-10-18 17:00:00,5855.18
2024-10-18 18:00:00,5164.55
2024-10-18 19:00:00,4916.55
2024-10-18 20:00:00,4816.48
2024-10-18 21:00:00,4736.01
2024-10-18 22:00:00,4662.78
2024-10-18 23:00:00,4589.42
2024-10-19 00:00:00,4395.3
2024-10-19 01:00:00,4313.33
2024-10-19 02:00:00,4270.53
2024-10-19 03:00:00,4242.42
2024-10-19 04:00:00,4224.63
2024-10-19 05:00:00,4223.69
2024-10-19 06:00:00,4244.48
2024-10-19 07:00:00,4276.07
2024-10-19 08:00:00,4317.88
2024-10-19 09:00:00,4385.86
2024-10-19 10:00:00,4617.68
2024-10-19 11:00:00,4837.33
2024-10-19 12:00:00,5047.78
2024-10-19 13:00:00,5018.33
2024-10-19 14:00:00,5252.56
2024-10-19 15:00:00,5318.7
2024-10-19 16:00:00,5265.38
2024-10-19 17:00:00,5250.54
2024-10-19 18:00:00,4890.42
2024-10-19 19:00:00,4726.92
2024-10-19 20:00:00,4649.04
2024-10-19 21:00:00,4574.97
2024-10-19 22:00:00,4479.7
2024-10-19 23:00:00,4401.06
2024-10-20 00:00:00,4315.05
2024-10-20 01:00:00,4237.23
2024-10-20 02:00:00,4193.1
2024-10-20 03:00:00,4163.85
2024-10-20 04:00:00,4161.04
2024-10-20 05:00:00,4162.68
2024-10-20 06:00:00,4184.72
2024-10-20 07:00:00,4217.43
2024-10-20 08:00:00,4266.66
2024-10-20 09:00:00,4345.28
2024-10-20 10:00:00,4358.66
2024-10-20 11:00:00,4588.07
2024-10-20 12:00:00,4801.71
2024-10-20 13:00:00,4808.32
2024-10-20 14:00:00,5066.11
2024-10-20 15:00:00,5157.44
2024-10-20 16:00:00,5177.46
2024-10-20 17:00:00,5167.72
2024-10-20 18:00:00,4870.4
2024-10-20 19:00:00,4711.14
2024-10-20 20:00:00,4641.88
2024-10-20 21:00:00,4571.02
2024-10-20 22:00:00,4482.12
2024-10-20 23:00:00,4408.4
2024-10-21 00:00:00,4446.93
2024-10-21 01:00:00,4394.65
2024-10-21 02:00:00,4353.17
2024-10-21 03:00:00,4327.38
2024-10-21 04:00:00,4300.92
2024-10-21 05:00:00,4308.98
2024-10-21 06:00:00,4338.87
2024-10-21 07:00:00,4373.61
2024-10-21 08:00:00,4424.13
2024-10-21 09:00:00,4488.46
2024-10-21 10:00:00,4564.41
2024-10-21 11:00:00,4647.0
2024-10-21 12:00:00,4724.15
2024-10-21 13:00:00,4796.85
2024-10-21 14:00:00,4854.8
2024-10-21 15:00:00,4890.95
2024-10-21 16:00:00,4922.67
2024-10-21 17:00:00,4917.06
2024-10-21 18:00:00,4874.98
2024-10-21 19:00:00,4823.83
2024-10-21 20:00:00,4763.25
2024-10-21 21:00:00,4688.04
2024-10-21 22:00:00,4610.62
2024-10-21 23:00:00,4536.31
2024-10-22 00:00:00,4614.85
2024-10-22 01:00:00,4555.85
2024-10-22 02:00:00,4505.48
2024-10-22 03:00:00,4475.52
2024-10-22 04:00:00,4456.03
2024-10-22 05:00:00,4455.97
2024-10-22 06:00:00,4479.49
2024-10-22 07:00:00,4514.63
2024-10-22 08:00:00,4567.25
2024-10-22 09:00:00,4630.4
2024-10-22 10:00:00,4715.07
2024-10-22 11:00:00,4792.46
2024-10-22 12:00:00,4862.63
2024-10-22 13:00:00,4928.31
2024-10-22 14:00:00,4988.97
2024-10-22 15:00:00,5025.33
2024-10-22 16:00:00,5046.61
2024-10-22 17:00:00,5040.85
2024-10-22 18:00:00,5005.32
2024-10-22 19:00:00,4952.55
2024-10-22 20:00:00,4887.86
2024-10-22 21:00:00,4813.59
2024-10-22 22:00:00,4714.31
2024-10-22 23:00:00,4636.86
2024-10-23 00:00:00,4635.68
2024-10-23 01:00:00,4510.18
2024-10-23 02:00:00,4463.55
2024-10-23 03:00:00,4430.74
2024-10-23 04:00:00,4418.1
2024-10-23 05:00:00,4423.96
2024-10-23 06:00:00,4446.53
2024-10-23 07:00:00,4484.97
2024-10-23 08:00:00,4534.92
2024-10-23 09:00:00,4566.72
2024-10-23 10:00:00,5520.88
2024-10-23 11:00:00,5723.13
2024-10-23 12:00:00,5914.65
2024-10-23 13:00:00,5663.14
2024-10-23 14:00:00,5979.23
2024-10-23 15:00:00,6062.98
2024-10-23 16:00:00,5992.32
2024-10-23 17:00:00,5978.12
2024-10-23 18:00:00,5327.65
2024-10-23 19:00:00,5032.28
2024-10-23 20:00:00,4933.76
2024-10-23 21:00:00,4856.15
2024-10-23 22:00:00,4746.91
2024-10-23 23:00:00,4669.54
2024-10-24 00:00:00,4539.21
2024-10-24 01:00:00,4427.83
2024-10-24 02:00:00,4384.85
2024-10-24 03:00:00,4354.09
2024-10-24 04:00:00,4341.94
2024-10-24 05:00:00,4348.67
2024-10-24 06:00:00,4372.05
2024-10-24 07:00:00,4408.57
2024-10-24 08:00:00,4460.18
2024-10-24 09:00:00,4519.4
2024-10-24 10:00:00,5378.73
2024-10-24 11:00:00,5586.5
2024-10-24 12:00:00,5762.04
2024-10-24 13:00:00,5534.77
2024-10-24 14:00:00,5791.57
2024-10-24 15:00:00,5866.13
2024-10-24 16:00:00,5909.69
2024-10-24 17:00:00,5894.41
2024-10-24 18:00:00,5248.95
2024-10-24 19:00:00,4983.11
2024-10-24 20:00:00,4885.19
2024-10-24 21:00:00,4812.23
2024-10-24 22:00:00,4737.13
2024-10-24 23:00:00,4659.42
2024-10-25 00:00:00,4439.74
2024-10-25 01:00:00,4351.68
2024-10-25 02:00:00,4316.16
2024-10-25 03:00:00,4293.29
2024-10-25 04:00:00,4289.34
2024-10-25 05:00:00,4295.93
2024-10-25 06:00:00,4320.59
2024-10-25 07:00:00,4354.29
2024-10-25 08:00:00,4405.43
2024-10-25 09:00:00,4472.14
2024-10-25 10:00:00,5145.09
2024-10-25 11:00:00,5377.61
2024-10-25 12:00:00,5596.99
2024-10-25 13:00:00,5476.22
2024-10-25 14:00:00,5757.67
2024-10-25 15:00:00,5852.23
2024-10-25 16:00:00,6015.48
2024-10-25 17:00:00,5995.51
2024-10-25 18:00:00,5232.44
2024-10-25 19:00:00,4954.72
2024-10-25 20:00:00,4857.2
2024-10-25 21:00:00,4766.99
2024-10-25 22:00:00,4685.41
2024-10-25 23:00:00,4600.75
2024-10-26 00:00:00,4394.95
2024-10-26 01:00:00,4316.17
2024-10-26 02:00:00,4278.22
2024-10-26 03:00:00,4257.34
2024-10-26 04:00:00,4230.23
2024-10-26 05:00:00,4237.47
2024-10-26 06:00:00,4258.83
2024-10-26 07:00:00,4299.61
2024-10-26 08:00:00,4345.62
2024-10-26 09:00:00,4403.51
2024-10-26 10:00:00,4678.99
2024-10-26 11:00:00,4908.15
2024-10-26 12:00:00,5130.63
2024-10-26 13:00:00,5093.61
2024-10-26 14:00:00,5373.8
2024-10-26 15:00:00,5471.08
2024-10-26 16:00:00,5487.2
2024-10-26 17:00:00,5460.84
2024-10-26 18:00:00,4987.24
2024-10-26 19:00:00,4790.84
2024-10-26 20:00:00,4706.35
2024-10-26 21:00:00,4628.34
2024-10-26 22:00:00,4540.36
2024-10-26 23:00:00,4460.77
2024-10-27 00:00:00,4371.39
2024-10-27 01:00:00,4299.24
2024-10-27 02:00:00,4258.32
2024-10-27 03:00:00,4237.42
2024-10-27 04:00:00,4208.22
2024-10-27 05:00:00,4213.55
2024-10-27 06:00:00,4237.44
2024-10-27 07:00:00,4262.78
2024-10-27 08:00:00,4308.27
2024-10-27 09:00:00,4368.51
2024-10-27 10:00:00,4480.14
2024-10-27 11:00:00,4701.95
2024-10-27 12:00:00,4909.07
2024-10-27 13:00:00,4898.13
2024-10-27 14:00:00,5169.19
2024-10-27 15:00:00,5239.76
2024-10-27 16:00:00,5289.09
2024-10-27 17:00:00,5269.43
2024-10-27 18:00:00,4900.0
2024-10-27 19:00:00,4727.87
2024-10-27 20:00:00,4650.28
2024-10-27 21:00:00,4575.07
2024-10-27 22:00:00,4479.95
2024-10-27 23:00:00,4398.33
2024-10-28 00:00:00,4433.62
2024-10-28 01:00:00,4367.72
2024-10-28 02:00:00,4315.31
2024-10-28 03:00:00,4278.83
2024-10-28 04:00:00,4252.21
2024-10-28 05:00:00,4257.19
2024-10-28 06:00:00,4285.73
2024-10-28 07:00:00,4325.41
2024-10-28 08:00:00,4382.34
2024-10-28 09:00:00,4451.95
2024-10-28 10:00:00,4533.23
2024-10-28 11:00:00,4612.05
2024-10-28 12:00:00,4686.05
2024-10-28 13:00:00,4750.48
2024-10-28 14:00:00,4808.21
2024-10-28 15:00:00,4841.73
2024-10-28 16:00:00,4872.51
2024-10-28 17:00:00,4863.97
2024-10-28 18:00:00,4830.25
2024-10-28 19:00:00,4780.68
2024-10-28 20:00:00,4722.28
2024-10-28 21:00:00,4650.74
2024-10-28 22:00:00,4558.37
2024-10-28 23:00:00,4482.95
2024-10-29 00:00:00,4560.25
2024-10-29 01:00:00,4498.21
2024-10-29 02:00:00,4450.74
2024-10-29 03:00:00,4417.6
2024-10-29 04:00:00,4399.8
2024-10-29 05:00:00,4404.23
2024-10-29 06:00:00,4429.62
2024-10-29 07:00:00,4469.05
2024-10-29 08:00:00,4524.68
2024-10-29 09:00:00,4590.21
2024-10-29 10:00:00,4673.78
2024-10-29 11:00:00,4750.68
2024-10-29 12:00:00,4819.35
2024-10-29 13:00:00,4883.15
2024-10-29 14:00:00,4937.34
2024-10-29 15:00:00,4973.97
2024-10-29 16:00:00,5004.5
2024-10-29 17:00:00,5002.38
2024-10-29 18:00:00,4963.0
2024-10-29 19:00:00,4912.11
2024-10-29 20:00:00,4852.66
2024-10-29 21:00:00,4782.32
2024-10-29 22:00:00,4700.9
2024-10-29 23:00:00,4624.15
2024-10-30 00:00:00,4622.55
2024-10-30 01:00:00,4503.1
2024-10-30 02:00:00,4460.46
2024-10-30 03:00:00,4432.6
2024-10-30 04:00:00,4415.99
2024-10-30 05:00:00,4422.47
2024-10-30 06:00:00,4448.97
2024-10-30 07:00:00,4486.68
2024-10-30 08:00:00,4537.4
2024-10-30 09:00:00,4569.92
2024-10-30 10:00:00,5559.66
2024-10-30 11:00:00,5747.58
2024-10-30 12:00:00,5941.76
2024-10-30 13:00:00,5709.03
2024-10-30 14:00:00,6034.53
2024-10-30 15:00:00,6122.08
2024-10-30 16:00:00,6142.31
2024-10-30 17:00:00,6136.9
2024-10-30 18:00:00,5381.14
2024-10-30 19:00:00,5077.86
2024-10-30 20:00:00,4979.61
2024-10-30 21:00:00,4904.25
2024-10-30 22:00:00,4827.27
2024-10-30 23:00:00,4745.12
2024-10-31 00:00:00,4608.37
2024-10-31 01:00:00,4482.95
2024-10-31 02:00:00,4433.17
2024-10-31 03:00:00,4400.67
2024-10-31 04:00:00,4394.18
2024-10-31 05:00:00,4396.48
2024-10-31 06:00:00,4416.91
2024-10-31 07:00:00,4460.29
2024-10-31 08:00:00,4519.17
2024-10-31 09:00:00,4562.92
2024-10-31 10:00:00,5534.0
2024-10-31 11:00:00,5770.56
2024-10-31 12:00:00,5987.18
2024-10-31 13:00:00,5773.46
2024-10-31 14:00:00,6169.08
2024-10-31 15:00:00,6268.54
2024-10-31 16:00:00,6231.25
2024-10-31 17:00:00,6220.8
2024-10-31 18:00:00,5368.22
2024-10-31 19:00:00,5061.28
2024-10-31 20:00:00,4953.28
2024-10-31 21:00:00,4870.44
2024-10-31 22:00:00,4785.38
2024-10-31 23:00:00,4698.11
2024-11-01 00:00:00,4301.19
2024-11-01 01:00:00,4229.99
2024-11-01 02:00:00,4190.34
2024-11-01 03:00:00,4165.42
2024-11-01 04:00:00,4138.42
2024-11-01 05:00:00,4138.6
2024-11-01 06:00:00,4158.69
2024-11-01 07:00:00,4189.4
2024-11-01 08:00:00,4236.83
2024-11-01 09:00:00,4354.93
2024-11-01 10:00:00,4503.69
2024-11-01 11:00:00,4715.07
2024-11-01 12:00:00,4907.49
2024-11-01 13:00:00,4895.05
2024-11-01 14:00:00,5038.79
2024-11-01 15:00:00,5109.15
2024-11-01 16:00:00,5122.72
2024-11-01 17:00:00,5105.77
2024-11-01 18:00:00,4784.7
2024-11-01 19:00:00,4649.41
2024-11-01 20:00:00,4565.7
2024-11-01 21:00:00,4491.9
2024-11-01 22:00:00,4417.44
2024-11-01 23:00:00,4343.43
2024-11-02 00:00:00,4148.0
2024-11-02 01:00:00,4099.58
2024-11-02 02:00:00,4057.13
2024-11-02 03:00:00,4030.45
2024-11-02 04:00:00,4014.6
2024-11-02 05:00:00,4017.38
2024-11-02 06:00:00,4038.59
2024-11-02 07:00:00,4072.39
2024-11-02 08:00:00,4120.9
2024-11-02 09:00:00,4259.19
2024-11-02 10:00:00,4015.7
2024-11-02 11:00:00,4220.74
2024-11-02 12:00:00,4415.36
2024-11-02 13:00:00,4524.71
2024-11-02 14:00:00,4659.12
2024-11-02 15:00:00,4737.88
2024-11-02 16:00:00,4771.29
2024-11-02 17:00:00,4760.89
2024-11-02 18:00:00,4599.47
2024-11-02 19:00:00,4518.96
2024-11-02 20:00:00,4448.4
2024-11-02 21:00:00,4378.03
2024-11-02 22:00:00,4308.63
2024-11-02 23:00:00,4232.99
2024-11-03 00:00:00,4153.15
2024-11-03 01:00:00,4105.59
2024-11-03 02:00:00,4064.35
2024-11-03 03:00:00,4038.55
2024-11-03 04:00:00,4029.37
2024-11-03 05:00:00,4031.2
2024-11-03 06:00:00,4051.41
2024-11-03 07:00:00,4083.5
2024-11-03 08:00:00,4132.15
2024-11-03 09:00:00,4251.3
2024-11-03 10:00:00,3927.73
2024-11-03 11:00:00,4133.09
2024-11-03 12:00:00,4325.87
2024-11-03 13:00:00,4448.71
2024-11-03 14:00:00,4616.14
2024-11-03 15:00:00,4699.75
2024-11-03 16:00:00,4736.89
2024-11-03 17:00:00,4723.63
2024-11-03 18:00:00,4600.65
2024-11-03 19:00:00,4517.39
2024-11-03 20:00:00,4450.54
2024-11-03 21:00:00,4378.79
2024-11-03 22:00:00,4308.37
2024-11-03 23:00:00,4232.83
2024-11-04 00:00:00,4272.89
2024-11-04 01:00:00,4212.67
2024-11-04 02:00:00,4163.52
2024-11-04 03:00:00,4130.83
2024-11-04 04:00:00,4119.03
2024-11-04 05:00:00,4120.12
2024-11-04 06:00:00,4143.14
2024-11-04 07:00:00,4181.48
2024-11-04 08:00:00,4235.83
2024-11-04 09:00:00,4303.11
2024-11-04 10:00:00,4377.81
2024-11-04 11:00:00,4459.58
2024-11-04 12:00:00,4536.59
2024-11-04 13:00:00,4603.81
2024-11-04 14:00:00,4662.46
2024-11-04 15:00:00,4697.56
2024-11-04 16:00:00,4712.33
2024-11-04 17:00:00,4703.55
2024-11-04 18:00:00,4676.23
2024-11-04 19:00:00,4626.28
2024-11-04 20:00:00,4563.72
2024-11-04 21:00:00,4490.74
2024-11-04 22:00:00,4413.96
2024-11-04 23:00:00,4335.38
2024-11-05 00:00:00,4412.12
2024-11-05 01:00:00,4346.24
2024-11-05 02:00:00,4292.77
2024-11-05 03:00:00,4257.43
2024-11-05 04:00:00,4239.16
2024-11-05 05:00:00,4243.82
2024-11-05 06:00:00,4267.53
2024-11-05 07:00:00,4307.96
2024-11-05 08:00:00,4364.07
2024-11-05 09:00:00,4431.8
2024-11-05 10:00:00,4514.12
2024-11-05 11:00:00,4588.87
2024-11-05 12:00:00,4661.37
2024-11-05 13:00:00,4721.81
2024-11-05 14:00:00,4774.79
2024-11-05 15:00:00,4808.62
2024-11-05 16:00:00,4824.87
2024-11-05 17:00:00,4815.84
2024-11-05 18:00:00,4783.79
2024-11-05 19:00:00,4735.36
2024-11-05 20:00:00,4675.49
2024-11-05 21:00:00,4607.71
2024-11-05 22:00:00,4531.17
2024-11-05 23:00:00,4456.89
2024-11-06 00:00:00,4457.81
2024-11-06 01:00:00,4366.95
2024-11-06 02:00:00,4325.78
2024-11-06 03:00:00,4298.41
2024-11-06 04:00:00,4285.21
2024-11-06 05:00:00,4289.01
2024-11-06 06:00:00,4311.56
2024-11-06 07:00:00,4348.17
2024-11-06 08:00:00,4399.11
2024-11-06 09:00:00,4465.73
2024-11-06 10:00:00,4968.87
2024-11-06 11:00:00,5140.12
2024-11-06 12:00:00,5289.44
2024-11-06 13:00:00,5174.19
2024-11-06 14:00:00,5380.44
2024-11-06 15:00:00,5450.11
2024-11-06 16:00:00,5502.38
2024-11-06 17:00:00,5485.36
2024-11-06 18:00:00,5043.65
2024-11-06 19:00:00,4832.54
2024-11-06 20:00:00,4744.91
2024-11-06 21:00:00,4675.09
2024-11-06 22:00:00,4602.62
2024-11-06 23:00:00,4528.95
2024-11-07 00:00:00,4400.91
2024-11-07 01:00:00,4316.48
2024-11-07 02:00:00,4276.08
2024-11-07 03:00:00,4249.84
2024-11-07 04:00:00,4235.75
2024-11-07 05:00:00,4240.41
2024-11-07 06:00:00,4262.49
2024-11-07 07:00:00,4298.02
2024-11-07 08:00:00,4347.16
2024-11-07 09:00:00,4437.95
2024-11-07 10:00:00,4887.77
2024-11-07 11:00:00,5075.39
2024-11-07 12:00:00,5250.51
2024-11-07 13:00:00,5153.8
2024-11-07 14:00:00,5332.52
2024-11-07 15:00:00,5400.74
2024-11-07 16:00:00,5420.97
2024-11-07 17:00:00,5411.64
2024-11-07 18:00:00,4978.49
2024-11-07 19:00:00,4790.54
2024-11-07 20:00:00,4703.92
2024-11-07 21:00:00,4629.1
2024-11-07 22:00:00,4556.28
2024-11-07 23:00:00,4482.16
2024-11-08 00:00:00,4262.89
2024-11-08 01:00:00,4196.85
2024-11-08 02:00:00,4155.51
2024-11-08 03:00:00,4127.31
2024-11-08 04:00:00,4114.67
2024-11-08 05:00:00,4119.03
2024-11-08 06:00:00,4142.6
2024-11-08 07:00:00,4175.74
2024-11-08 08:00:00,4223.94
2024-11-08 09:00:00,4346.21
2024-11-08 10:00:00,4458.45
2024-11-08 11:00:00,4664.45
2024-11-08 12:00:00,4856.64
2024-11-08 13:00:00,4864.34
2024-11-08 14:00:00,5011.55
2024-11-08 15:00:00,5089.59
2024-11-08 16:00:00,5122.72
2024-11-08 17:00:00,5107.3
2024-11-08 18:00:00,4790.91
2024-11-08 19:00:00,4657.14
2024-11-08 20:00:00,4576.18
2024-11-08 21:00:00,4503.29
2024-11-08 22:00:00,4427.25
2024-11-08 23:00:00,4348.28
2024-11-09 00:00:00,4149.32
2024-11-09 01:00:00,4100.85
2024-11-09 02:00:00,4060.52
2024-11-09 03:00:00,4036.17
2024-11-09 04:00:00,4021.91
2024-11-09 05:00:00,4026.16
2024-11-09 06:00:00,4048.41
2024-11-09 07:00:00,4079.59
2024-11-09 08:00:00,4126.97
2024-11-09 09:00:00,4262.32
2024-11-09 10:00:00,4026.39
2024-11-09 11:00:00,4244.63
2024-11-09 12:00:00,4453.23
2024-11-09 13:00:00,4557.76
2024-11-09 14:00:00,4706.9
2024-11-09 15:00:00,4793.27
2024-11-09 16:00:00,4822.94
2024-11-09 17:00:00,4809.03
2024-11-09 18:00:00,4622.08
2024-11-09 19:00:00,4535.58
2024-11-09 20:00:00,4463.55
2024-11-09 21:00:00,4386.62
2024-11-09 22:00:00,4313.24
2024-11-09 23:00:00,4237.01
2024-11-10 00:00:00,4155.65
2024-11-10 01:00:00,4105.5
2024-11-10 02:00:00,4064.02
2024-11-10 03:00:00,4039.65
2024-11-10 04:00:00,4024.84
2024-11-10 05:00:00,4027.34
2024-11-10 06:00:00,4049.49
2024-11-10 07:00:00,4081.21
2024-11-10 08:00:00,4127.05
2024-11-10 09:00:00,4248.11
2024-11-10 10:00:00,3913.47
2024-11-10 11:00:00,4129.7
2024-11-10 12:00:00,4329.88
2024-11-10 13:00:00,4452.27
2024-11-10 14:00:00,4622.9
2024-11-10 15:00:00,4707.94
2024-11-10 16:00:00,4745.47
2024-11-10 17:00:00,4728.31
2024-11-10 18:00:00,4600.09
2024-11-10 19:00:00,4518.16
2024-11-10 20:00:00,4450.87
2024-11-10 21:00:00,4376.22
2024-11-10 22:00:00,4304.17
2024-11-10 23:00:00,4228.33
2024-11-11 00:00:00,4269.24
2024-11-11 01:00:00,4208.17
2024-11-11 02:00:00,4157.16
2024-11-11 03:00:00,4125.88
2024-11-11 04:00:00,4121.65
2024-11-11 05:00:00,4121.7
2024-11-11 06:00:00,4143.53
2024-11-11 07:00:00,4181.87
2024-11-11 08:00:00,4235.96
2024-11-11 09:00:00,4303.43
2024-11-11 10:00:00,4377.37
2024-11-11 11:00:00,4458.05
2024-11-11 12:00:00,4534.12
2024-11-11 13:00:00,4600.4
2024-11-11 14:00:00,4656.49
2024-11-11 15:00:00,4689.27
2024-11-11 16:00:00,4713.95
2024-11-11 17:00:00,4710.42
2024-11-11 18:00:00,4682.0
2024-11-11 19:00:00,4632.92
2024-11-11 20:00:00,4572.21
2024-11-11 21:00:00,4498.52
2024-11-11 22:00:00,4421.51
2024-11-11 23:00:00,4340.42
2024-11-12 00:00:00,4410.74
2024-11-12 01:00:00,4343.69
2024-11-12 02:00:00,4289.89
2024-11-12 03:00:00,4252.28
2024-11-12 04:00:00,4234.19
2024-11-12 05:00:00,4239.84
2024-11-12 06:00:00,4265.76
2024-11-12 07:00:00,4304.94
2024-11-12 08:00:00,4361.75
2024-11-12 09:00:00,4430.49
2024-11-12 10:00:00,4513.54
2024-11-12 11:00:00,4592.17
2024-11-12 12:00:00,4669.68
2024-11-12 13:00:00,4733.55
2024-11-12 14:00:00,4793.08
2024-11-12 15:00:00,4829.7
2024-11-12 16:00:00,4860.23
2024-11-12 17:00:00,4861.38
2024-11-12 18:00:00,4825.61
2024-11-12 19:00:00,4773.53
2024-11-12 20:00:00,4710.7
2024-11-12 21:00:00,4638.76
2024-11-12 22:00:00,4570.05
2024-11-12 23:00:00,4492.48
2024-11-13 00:00:00,4487.27
2024-11-13 01:00:00,4388.44
2024-11-13 02:00:00,4348.3
2024-11-13 03:00:00,4321.02
2024-11-13 04:00:00,4307.9
2024-11-13 05:00:00,4315.61
2024-11-13 06:00:00,4342.68
2024-11-13 07:00:00,4374.87
2024-11-13 08:00:00,4423.49
2024-11-13 09:00:00,4487.49
2024-11-13 10:00:00,5159.17
2024-11-13 11:00:00,5371.01
2024-11-13 12:00:00,5560.43
2024-11-13 13:00:00,5420.03
2024-11-13 14:00:00,5686.01
2024-11-13 15:00:00,5775.18
2024-11-13 16:00:00,5811.92
2024-11-13 17:00:00,5793.52
2024-11-13 18:00:00,5169.8
2024-11-13 19:00:00,4919.33
2024-11-13 20:00:00,4824.54
2024-11-13 21:00:00,4746.58
2024-11-13 22:00:00,4674.18
2024-11-13 23:00:00,4599.5
2024-11-14 00:00:00,4466.87
2024-11-14 01:00:00,4380.86
2024-11-14 02:00:00,4347.73
2024-11-14 03:00:00,4325.14
2024-11-14 04:00:00,4318.64
2024-11-14 05:00:00,4318.81
2024-11-14 06:00:00,4341.1
2024-11-14 07:00:00,4372.26
2024-11-14 08:00:00,4418.85
2024-11-14 09:00:00,4482.47
2024-11-14 10:00:00,5152.95
2024-11-14 11:00:00,5356.99
2024-11-14 12:00:00,5549.3
2024-11-14 13:00:00,5432.85
2024-11-14 14:00:00,5668.76
2024-11-14 15:00:00,5755.02
2024-11-14 16:00:00,5752.89
2024-11-14 17:00:00,5723.62
2024-11-14 18:00:00,5095.93
2024-11-14 19:00:00,4867.37
2024-11-14 20:00:00,4767.57
2024-11-14 21:00:00,4684.11
2024-11-14 22:00:00,4610.86
2024-11-14 23:00:00,4534.47
2024-11-15 00:00:00,4312.96
2024-11-15 01:00:00,4246.29
2024-11-15 02:00:00,4210.74
2024-11-15 03:00:00,4183.28
2024-11-15 04:00:00,4162.37
2024-11-15 05:00:00,4167.15
2024-11-15 06:00:00,4193.36
2024-11-15 07:00:00,4223.88
2024-11-15 08:00:00,4274.4
2024-11-15 09:00:00,4374.72
2024-11-15 10:00:00,4608.13
2024-11-15 11:00:00,4812.73
2024-11-15 12:00:00,5004.06
2024-11-15 13:00:00,4991.11
2024-11-15 14:00:00,5166.03
2024-11-15 15:00:00,5243.52
2024-11-15 16:00:00,5320.43
2024-11-15 17:00:00,5276.62
2024-11-15 18:00:00,4858.42
2024-11-15 19:00:00,4701.69
2024-11-15 20:00:00,4613.3
2024-11-15 21:00:00,4535.28
2024-11-15 22:00:00,4457.36
2024-11-15 23:00:00,4377.23
2024-11-16 00:00:00,4175.83
2024-11-16 01:00:00,4127.63
2024-11-16 02:00:00,4088.02
2024-11-16 03:00:00,4064.53
2024-11-16 04:00:00,4045.3
2024-11-16 05:00:00,4053.86
2024-11-16 06:00:00,4074.7
2024-11-16 07:00:00,4101.27
2024-11-16 08:00:00,4146.15
2024-11-16 09:00:00,4272.13
2024-11-16 10:00:00,4075.86
2024-11-16 11:00:00,4290.24
2024-11-16 12:00:00,4494.33
2024-11-16 13:00:00,4585.73
2024-11-16 14:00:00,4736.75
2024-11-16 15:00:00,4821.75
2024-11-16 16:00:00,4843.96
2024-11-16 17:00:00,4823.97
2024-11-16 18:00:00,4631.89
2024-11-16 19:00:00,4540.52
2024-11-16 20:00:00,4467.11
2024-11-16 21:00:00,4391.06
2024-11-16 22:00:00,4310.01
2024-11-16 23:00:00,4230.34
2024-11-17 00:00:00,4143.49
2024-11-17 01:00:00,4090.36
2024-11-17 02:00:00,4046.61
2024-11-17 03:00:00,4015.85
2024-11-17 04:00:00,4005.41
2024-11-17 05:00:00,4009.65
2024-11-17 06:00:00,4031.75
2024-11-17 07:00:00,4064.77
2024-11-17 08:00:00,4113.64
2024-11-17 09:00:00,4241.02
2024-11-17 10:00:00,3898.44
2024-11-17 11:00:00,4103.73
2024-11-17 12:00:00,4299.98
2024-11-17 13:00:00,4423.39
2024-11-17 14:00:00,4584.32
2024-11-17 15:00:00,4666.64
2024-11-17 16:00:00,4695.41
2024-11-17 17:00:00,4673.99
2024-11-17 18:00:00,4560.69
2024-11-17 19:00:00,4489.03
2024-11-17 20:00:00,4423.35
2024-11-17 21:00:00,4350.07
2024-11-17 22:00:00,4274.56
2024-11-17 23:00:00,4196.4
2024-11-18 00:00:00,4237.34
2024-11-18 01:00:00,4170.2
2024-11-18 02:00:00,4119.06
2024-11-18 03:00:00,4082.93
2024-11-18 04:00:00,4059.85
2024-11-18 05:00:00,4065.63
2024-11-18 06:00:00,4092.12
2024-11-18 07:00:00,4133.37
2024-11-18 08:00:00,4189.75
2024-11-18 09:00:00,4257.98
2024-11-18 10:00:00,4329.76
2024-11-18 11:00:00,4404.89
2024-11-18 12:00:00,4476.44
2024-11-18 13:00:00,4537.02
2024-11-18 14:00:00,4590.11
2024-11-18 15:00:00,4623.35
2024-11-18 16:00:00,4643.07
2024-11-18 17:00:00,4634.5
2024-11-18 18:00:00,4602.95
2024-11-18 19:00:00,4556.94
2024-11-18 20:00:00,4498.47
2024-11-18 21:00:00,4428.83
2024-11-18 22:00:00,4352.93
2024-11-18 23:00:00,4279.26
2024-11-19 00:00:00,4358.85
2024-11-19 01:00:00,4297.56
2024-11-19 02:00:00,4249.38
2024-11-19 03:00:00,4218.52
2024-11-19 04:00:00,4210.31
2024-11-19 05:00:00,4214.09
2024-11-19 06:00:00,4237.47
2024-11-19 07:00:00,4279.91
2024-11-19 08:00:00,4335.74
2024-11-19 09:00:00,4404.22
2024-11-19 10:00:00,4478.05
2024-11-19 11:00:00,4554.28
2024-11-19 12:00:00,4624.08
2024-11-19 13:00:00,4684.34
2024-11-19 14:00:00,4738.04
2024-11-19 15:00:00,4773.98
2024-11-19 16:00:00,4798.93
2024-11-19 17:00:00,4791.17
2024-11-19 18:00:00,4757.39
2024-11-19 19:00:00,4711.01
2024-11-19 20:00:00,4650.58
2024-11-19 21:00:00,4581.24
2024-11-19 22:00:00,4509.33
2024-11-19 23:00:00,4432.76
2024-11-20 00:00:00,4435.0
2024-11-20 01:00:00,4344.5
2024-11-20 02:00:00,4303.76
2024-11-20 03:00:00,4276.8
2024-11-20 04:00:00,4269.69
2024-11-20 05:00:00,4275.05
2024-11-20 06:00:00,4297.19
2024-11-20 07:00:00,4333.15
2024-11-20 08:00:00,4382.0
2024-11-20 09:00:00,4459.05
2024-11-20 10:00:00,4942.1
2024-11-20 11:00:00,5120.1
2024-11-20 12:00:00,5275.63
2024-11-20 13:00:00,5171.89
2024-11-20 14:00:00,5372.29
2024-11-20 15:00:00,5440.22
2024-11-20 16:00:00,5490.17
2024-11-20 17:00:00,5467.46
2024-11-20 18:00:00,5015.07
2024-11-20 19:00:00,4813.75
2024-11-20 20:00:00,4726.89
2024-11-20 21:00:00,4655.21
2024-11-20 22:00:00,4577.67
2024-11-20 23:00:00,4503.12
2024-11-21 00:00:00,4371.55
2024-11-21 01:00:00,4289.37
2024-11-21 02:00:00,4247.0
2024-11-21 03:00:00,4220.77
2024-11-21 04:00:00,4214.82
2024-11-21 05:00:00,4220.7
2024-11-21 06:00:00,4240.51
2024-11-21 07:00:00,4276.55
2024-11-21 08:00:00,4324.88
2024-11-21 09:00:00,4422.77
2024-11-21 10:00:00,4809.5
2024-11-21 11:00:00,4985.44
2024-11-21 12:00:00,5150.81
2024-11-21 13:00:00,5064.91
2024-11-21 14:00:00,5212.7
2024-11-21 15:00:00,5275.16
2024-11-21 16:00:00,5335.35
2024-11-21 17:00:00,5320.65
2024-11-21 18:00:00,4924.57
2024-11-21 19:00:00,4751.06
2024-11-21 20:00:00,4665.52
2024-11-21 21:00:00,4597.85
2024-11-21 22:00:00,4521.87
2024-11-21 23:00:00,4447.99
2024-11-22 00:00:00,4232.06
2024-11-22 01:00:00,4173.04
2024-11-22 02:00:00,4132.93
2024-11-22 03:00:00,4108.69
2024-11-22 04:00:00,4100.73
2024-11-22 05:00:00,4106.89
2024-11-22 06:00:00,4129.26
2024-11-22 07:00:00,4163.35
2024-11-22 08:00:00,4212.21
2024-11-22 09:00:00,4336.34
2024-11-22 10:00:00,4411.15
2024-11-22 11:00:00,4594.94
2024-11-22 12:00:00,4769.06
2024-11-22 13:00:00,4782.47
2024-11-22 14:00:00,4901.16
2024-11-22 15:00:00,4967.41
2024-11-22 16:00:00,5014.76
2024-11-22 17:00:00,4999.06
2024-11-22 18:00:00,4726.37
2024-11-22 19:00:00,4611.2
2024-11-22 20:00:00,4532.86
2024-11-22 21:00:00,4463.29
2024-11-22 22:00:00,4389.55
2024-11-22 23:00:00,4317.34
2024-11-23 00:00:00,4123.15
2024-11-23 01:00:00,4082.21
2024-11-23 02:00:00,4044.71
2024-11-23 03:00:00,4022.52
2024-11-23 04:00:00,4007.78
2024-11-23 05:00:00,4012.86
2024-11-23 06:00:00,4035.98
2024-11-23 07:00:00,4070.16
2024-11-23 08:00:00,4119.39
2024-11-23 09:00:00,4252.45
2024-11-23 10:00:00,4016.18
2024-11-23 11:00:00,4202.73
2024-11-23 12:00:00,4380.21
2024-11-23 13:00:00,4486.39
2024-11-23 14:00:00,4599.74
2024-11-23 15:00:00,4670.69
2024-11-23 16:00:00,4700.84
2024-11-23 17:00:00,4683.49
2024-11-23 18:00:00,4548.83
2024-11-23 19:00:00,4481.31
2024-11-23 20:00:00,4415.79
2024-11-23 21:00:00,4344.6
2024-11-23 22:00:00,4272.49
2024-11-23 23:00:00,4201.12
2024-11-24 00:00:00,4123.46
2024-11-24 01:00:00,4084.55
2024-11-24 02:00:00,4045.78
2024-11-24 03:00:00,4020.43
2024-11-24 04:00:00,4013.1
2024-11-24 05:00:00,4017.81
2024-11-24 06:00:00,4040.24
2024-11-24 07:00:00,4073.97
2024-11-24 08:00:00,4120.27
2024-11-24 09:00:00,4241.39
2024-11-24 10:00:00,3907.97
2024-11-24 11:00:00,4104.31
2024-11-24 12:00:00,4287.22
2024-11-24 13:00:00,4410.75
2024-11-24 14:00:00,4560.67
2024-11-24 15:00:00,4642.38
2024-11-24 16:00:00,4666.06
2024-11-24 17:00:00,4651.64
2024-11-24 18:00:00,4553.19
2024-11-24 19:00:00,4482.98
2024-11-24 20:00:00,4420.12
2024-11-24 21:00:00,4347.93
2024-11-24 22:00:00,4280.86
2024-11-24 23:00:00,4206.37
2024-11-25 00:00:00,4250.06
2024-11-25 01:00:00,4201.02
2024-11-25 02:00:00,4161.71
2024-11-25 03:00:00,4139.06
2024-11-25 04:00:00,4130.62
2024-11-25 05:00:00,4134.61
2024-11-25 06:00:00,4161.21
2024-11-25 07:00:00,4195.68
2024-11-25 08:00:00,4245.5
2024-11-25 09:00:00,4307.16
2024-11-25 10:00:00,4378.09
2024-11-25 11:00:00,4452.29
2024-11-25 12:00:00,4521.5
2024-11-25 13:00:00,4581.05
2024-11-25 14:00:00,4629.89
2024-11-25 15:00:00,4659.62
2024-11-25 16:00:00,4677.17
2024-11-25 17:00:00,4666.37
2024-11-25 18:00:00,4633.28
2024-11-25 19:00:00,4583.36
2024-11-25 20:00:00,4521.2
2024-11-25 21:00:00,4448.51
2024-11-25 22:00:00,4373.92
2024-11-25 23:00:00,4296.76
2024-11-26 00:00:00,4370.94
2024-11-26 01:00:00,4307.48
2024-11-26 02:00:00,4258.14
2024-11-26 03:00:00,4225.18
2024-11-26 04:00:00,4215.7
2024-11-26 05:00:00,4221.37
2024-11-26 06:00:00,4245.69
2024-11-26 07:00:00,4288.83
2024-11-26 08:00:00,4343.11
2024-11-26 09:00:00,4406.79
2024-11-26 10:00:00,4476.5
2024-11-26 11:00:00,4545.25
2024-11-26 12:00:00,4607.55
2024-11-26 13:00:00,4657.84
2024-11-26 14:00:00,4710.88
2024-11-26 15:00:00,4741.25
2024-11-26 16:00:00,4761.67
2024-11-26 17:00:00,4760.59
2024-11-26 18:00:00,4729.09
2024-11-26 19:00:00,4682.97
2024-11-26 20:00:00,4627.92
2024-11-26 21:00:00,4563.35
2024-11-26 22:00:00,4492.26
2024-11-26 23:00:00,4424.44
2024-11-27 00:00:00,4437.07
2024-11-27 01:00:00,4358.7
2024-11-27 02:00:00,4328.03
2024-11-27 03:00:00,4308.79
2024-11-27 04:00:00,4306.21
2024-11-27 05:00:00,4313.66
2024-11-27 06:00:00,4338.67
2024-11-27 07:00:00,4365.58
2024-11-27 08:00:00,4409.79
2024-11-27 09:00:00,4466.22
2024-11-27 10:00:00,4895.61
2024-11-27 11:00:00,5047.01
2024-11-27 12:00:00,5192.57
2024-11-27 13:00:00,5103.94
2024-11-27 14:00:00,5270.15
2024-11-27 15:00:00,5320.29
2024-11-27 16:00:00,5343.73
2024-11-27 17:00:00,5316.28
2024-11-27 18:00:00,4957.85
2024-11-27 19:00:00,4764.64
2024-11-27 20:00:00,4679.07
2024-11-27 21:00:00,4611.87
2024-11-27 22:00:00,4543.56
2024-11-27 23:00:00,4480.91
2024-11-28 00:00:00,4362.45
2024-11-28 01:00:00,4301.01
2024-11-28 02:00:00,4273.56
2024-11-28 03:00:00,4256.69
2024-11-28 04:00:00,4248.69
2024-11-28 05:00:00,4252.17
2024-11-28 06:00:00,4273.69
2024-11-28 07:00:00,4313.88
2024-11-28 08:00:00,4357.69
2024-11-28 09:00:00,4437.48
2024-11-28 10:00:00,4804.26
2024-11-28 11:00:00,4949.2
2024-11-28 12:00:00,5095.62
2024-11-28 13:00:00,5041.24
2024-11-28 14:00:00,5164.89
2024-11-28 15:00:00,5187.45
2024-11-28 16:00:00,5199.66
2024-11-28 17:00:00,5159.63
2024-11-28 18:00:00,4845.36
2024-11-28 19:00:00,4690.53
2024-11-28 20:00:00,4607.58
2024-11-28 21:00:00,4537.37
2024-11-28 22:00:00,4470.51
2024-11-28 23:00:00,4408.57
2024-11-29 00:00:00,4206.43
2024-11-29 01:00:00,4171.56
2024-11-29 02:00:00,4148.97
2024-11-29 03:00:00,4181.92
2024-11-29 04:00:00,4181.06
2024-11-29 05:00:00,4186.55
2024-11-29 06:00:00,4204.28
2024-11-29 07:00:00,4239.07
2024-11-29 08:00:00,4268.22
2024-11-29 09:00:00,4339.91
2024-11-29 10:00:00,4408.27
2024-11-29 11:00:00,4557.13
2024-11-29 12:00:00,4697.4
2024-11-29 13:00:00,4721.99
2024-11-29 14:00:00,4793.61
2024-11-29 15:00:00,4851.37
2024-11-29 16:00:00,4886.44
2024-11-29 17:00:00,4857.19
2024-11-29 18:00:00,4645.73
2024-11-29 19:00:00,4549.57
2024-11-29 20:00:00,4475.98
2024-11-29 21:00:00,4408.48
2024-11-29 22:00:00,4349.29
2024-11-29 23:00:00,4286.58
2024-11-30 00:00:00,4101.47
2024-11-30 01:00:00,4077.41
2024-11-30 02:00:00,4053.29
2024-11-30 03:00:00,4063.42
2024-11-30 04:00:00,4111.48
2024-11-30 05:00:00,4115.69
2024-11-30 06:00:00,4132.32
2024-11-30 07:00:00,4136.18
2024-11-30 08:00:00,4141.97
2024-11-30 09:00:00,4260.55
2024-11-30 10:00:00,4046.39
2024-11-30 11:00:00,4211.81
2024-11-30 12:00:00,4363.95
2024-11-30 13:00:00,4458.62
2024-11-30 14:00:00,4550.88
2024-11-30 15:00:00,4599.26
2024-11-30 16:00:00,4607.65
2024-11-30 17:00:00,4582.36
2024-11-30 18:00:00,4473.0
2024-11-30 19:00:00,4421.88
2024-11-30 20:00:00,4352.63
2024-11-30 21:00:00,4281.77
2024-11-30 22:00:00,4224.17
2024-11-30 23:00:00,4157.98
2024-12-01 00:00:00,3964.38
2024-12-01 01:00:00,3961.49
2024-12-01 02:00:00,3934.68
2024-12-01 03:00:00,3938.07
2024-12-01 04:00:00,3933.17
2024-12-01 05:00:00,3923.46
2024-12-01 06:00:00,3932.93
2024-12-01 07:00:00,4004.83
2024-12-01 08:00:00,4051.52
2024-12-01 09:00:00,4187.4
2024-12-01 10:00:00,3652.64
2024-12-01 11:00:00,3820.17
2024-12-01 12:00:00,3983.16
2024-12-01 13:00:00,4169.34
2024-12-01 14:00:00,4243.14
2024-12-01 15:00:00,4301.33
2024-12-01 16:00:00,4316.32
2024-12-01 17:00:00,4283.5
2024-12-01 18:00:00,4288.34
2024-12-01 19:00:00,4293.84
2024-12-01 20:00:00,4235.38
2024-12-01 21:00:00,4166.61
2024-12-01 22:00:00,4102.71
2024-12-01 23:00:00,4034.63
2024-12-02 00:00:00,4083.35
2024-12-02 01:00:00,4041.55
2024-12-02 02:00:00,4007.46
2024-12-02 03:00:00,3990.43
2024-12-02 04:00:00,3989.66
2024-12-02 05:00:00,3997.01
2024-12-02 06:00:00,4037.51
2024-12-02 07:00:00,4063.95
2024-12-02 08:00:00,4116.21
2024-12-02 09:00:00,4179.38
2024-12-02 10:00:00,4247.73
2024-12-02 11:00:00,4319.72
2024-12-02 12:00:00,4384.87
2024-12-02 13:00:00,4449.13
2024-12-02 14:00:00,4499.65
2024-12-02 15:00:00,4533.24
2024-12-02 16:00:00,4552.28
2024-12-02 17:00:00,4543.27
2024-12-02 18:00:00,4512.95
2024-12-02 19:00:00,4467.91
2024-12-02 20:00:00,4407.63
2024-12-02 21:00:00,4336.59
2024-12-02 22:00:00,4266.34
2024-12-02 23:00:00,4192.95
2024-12-03 00:00:00,4271.35
2024-12-03 01:00:00,4212.99
2024-12-03 02:00:00,4165.15
2024-12-03 03:00:00,4133.94
2024-12-03 04:00:00,4118.51
2024-12-03 05:00:00,4124.05
2024-12-03 06:00:00,4148.83
2024-12-03 07:00:00,4189.65
2024-12-03 08:00:00,4244.91
2024-12-03 09:00:00,4311.89
2024-12-03 10:00:00,4384.94
2024-12-03 11:00:00,4457.79
2024-12-03 12:00:00,4524.67
2024-12-03 13:00:00,4587.5
2024-12-03 14:00:00,4639.74
2024-12-03 15:00:00,4675.34
2024-12-03 16:00:00,4692.56
2024-12-03 17:00:00,4684.15
2024-12-03 18:00:00,4652.0
2024-12-03 19:00:00,4604.2
2024-12-03 20:00:00,4542.21
2024-12-03 21:00:00,4472.25
2024-12-03 22:00:00,4399.62
2024-12-03 23:00:00,4325.4
2024-12-04 00:00:00,4325.89
2024-12-04 01:00:00,4255.52
2024-12-04 02:00:00,4216.91
2024-12-04 03:00:00,4190.05
2024-12-04 04:00:00,4183.13
2024-12-04 05:00:00,4186.56
2024-12-04 06:00:00,4207.64
2024-12-04 07:00:00,4241.47
2024-12-04 08:00:00,4289.2
2024-12-04 09:00:00,4388.54
2024-12-04 10:00:00,4636.79
2024-12-04 11:00:00,4810.81
2024-12-04 12:00:00,4964.42
2024-12-04 13:00:00,4929.14
2024-12-04 14:00:00,5063.17
2024-12-04 15:00:00,5128.35
2024-12-04 16:00:00,5172.27
2024-12-04 17:00:00,5153.47
2024-12-04 18:00:00,4820.53
2024-12-04 19:00:00,4678.18
2024-12-04 20:00:00,4599.69
2024-12-04 21:00:00,4530.09
2024-12-04 22:00:00,4458.56
2024-12-04 23:00:00,4389.38
2024-12-05 00:00:00,4264.91
2024-12-05 01:00:00,4205.4
2024-12-05 02:00:00,4167.18
2024-12-05 03:00:00,4142.21
2024-12-05 04:00:00,4134.04
2024-12-05 05:00:00,4140.23
2024-12-05 06:00:00,4162.53
2024-12-05 07:00:00,4195.13
2024-12-05 08:00:00,4242.68
2024-12-05 09:00:00,4361.64
2024-12-05 10:00:00,4532.64
2024-12-05 11:00:00,4711.35
2024-12-05 12:00:00,4879.8
2024-12-05 13:00:00,4876.21
2024-12-05 14:00:00,4988.37
2024-12-05 15:00:00,5054.12
2024-12-05 16:00:00,5086.18
2024-12-05 17:00:00,5069.86
2024-12-05 18:00:00,4755.22
2024-12-05 19:00:00,4631.97
2024-12-05 20:00:00,4550.45
2024-12-05 21:00:00,4480.6
2024-12-05 22:00:00,4407.58
2024-12-05 23:00:00,4335.07
2024-12-06 00:00:00,4119.37
2024-12-06 01:00:00,4080.71
2024-12-06 02:00:00,4042.99
2024-12-06 03:00:00,4019.25
2024-12-06 04:00:00,4009.82
2024-12-06 05:00:00,4015.98
2024-12-06 06:00:00,4040.17
2024-12-06 07:00:00,4073.38
2024-12-06 08:00:00,4118.43
2024-12-06 09:00:00,4269.78
2024-12-06 10:00:00,4112.32
2024-12-06 11:00:00,4303.56
2024-12-06 12:00:00,4476.61
2024-12-06 13:00:00,4571.59
2024-12-06 14:00:00,4643.92
2024-12-06 15:00:00,4710.83
2024-12-06 16:00:00,4735.04
2024-12-06 17:00:00,4714.5
2024-12-06 18:00:00,4534.09
2024-12-06 19:00:00,4475.01
2024-12-06 20:00:00,4403.4
2024-12-06 21:00:00,4333.36
2024-12-06 22:00:00,4259.15
2024-12-06 23:00:00,4183.37
2024-12-07 00:00:00,3988.5
2024-12-07 01:00:00,3964.74
2024-12-07 02:00:00,3923.54
2024-12-07 03:00:00,3898.24
2024-12-07 04:00:00,3889.04
2024-12-07 05:00:00,3895.0
2024-12-07 06:00:00,3916.63
2024-12-07 07:00:00,3951.05
2024-12-07 08:00:00,3998.52
2024-12-07 09:00:00,4174.83
2024-12-07 10:00:00,3656.35
2024-12-07 11:00:00,3840.87
2024-12-07 12:00:00,4020.36
2024-12-07 13:00:00,4215.24
2024-12-07 14:00:00,4256.63
2024-12-07 15:00:00,4316.77
2024-12-07 16:00:00,4338.08
2024-12-07 17:00:00,4317.14
2024-12-07 18:00:00,4299.34
2024-12-07 19:00:00,4305.83
2024-12-07 20:00:00,4247.05
2024-12-07 21:00:00,4181.5
2024-12-07 22:00:00,4108.63
2024-12-07 23:00:00,4037.53
2024-12-08 00:00:00,3965.43
2024-12-08 01:00:00,3947.58
2024-12-08 02:00:00,3907.43
2024-12-08 03:00:00,3881.09
2024-12-08 04:00:00,3871.82
2024-12-08 05:00:00,3878.02
2024-12-08 06:00:00,3901.51
2024-12-08 07:00:00,3938.01
2024-12-08 08:00:00,3986.75
2024-12-08 09:00:00,4153.81
2024-12-08 10:00:00,3545.57
2024-12-08 11:00:00,3725.7
2024-12-08 12:00:00,3895.9
2024-12-08 13:00:00,4107.68
2024-12-08 14:00:00,4159.21
2024-12-08 15:00:00,4217.17
2024-12-08 16:00:00,4241.54
2024-12-08 17:00:00,4224.98
2024-12-08 18:00:00,4258.02
2024-12-08 19:00:00,4276.97
2024-12-08 20:00:00,4228.4
2024-12-08 21:00:00,4164.44
2024-12-08 22:00:00,4097.34
2024-12-08 23:00:00,4032.6
2024-12-09 00:00:00,4082.37
2024-12-09 01:00:00,4029.44
2024-12-09 02:00:00,3986.04
2024-12-09 03:00:00,3957.24
2024-12-09 04:00:00,3947.08
2024-12-09 05:00:00,3955.32
2024-12-09 06:00:00,3982.44
2024-12-09 07:00:00,4024.64
2024-12-09 08:00:00,4078.5
2024-12-09 09:00:00,4145.85
2024-12-09 10:00:00,4212.72
2024-12-09 11:00:00,4286.4
2024-12-09 12:00:00,4350.73
2024-12-09 13:00:00,4412.98
2024-12-09 14:00:00,4461.43
2024-12-09 15:00:00,4493.69
2024-12-09 16:00:00,4507.48
2024-12-09 17:00:00,4500.47
2024-12-09 18:00:00,4471.88
2024-12-09 19:00:00,4425.54
2024-12-09 20:00:00,4367.06
2024-12-09 21:00:00,4297.62
2024-12-09 22:00:00,4229.19
2024-12-09 23:00:00,4159.35
2024-12-10 00:00:00,4242.5
2024-12-10 01:00:00,4196.13
2024-12-10 02:00:00,4160.23
2024-12-10 03:00:00,4138.32
2024-12-10 04:00:00,4121.78
2024-12-10 05:00:00,4126.47
2024-12-10 06:00:00,4151.24
2024-12-10 07:00:00,4189.61
2024-12-10 08:00:00,4241.8
2024-12-10 09:00:00,4307.27
2024-12-10 10:00:00,4379.69
2024-12-10 11:00:00,4450.77
2024-12-10 12:00:00,4518.72
2024-12-10 13:00:00,4577.92
2024-12-10 14:00:00,4629.2
2024-12-10 15:00:00,4661.3
2024-12-10 16:00:00,4679.32
2024-12-10 17:00:00,4669.63
2024-12-10 18:00:00,4638.33
2024-12-10 19:00:00,4588.29
2024-12-10 20:00:00,4526.8
2024-12-10 21:00:00,4454.23
2024-12-10 22:00:00,4381.87
2024-12-10 23:00:00,4309.46
2024-12-11 00:00:00,4312.97
2024-12-11 01:00:00,4253.82
2024-12-11 02:00:00,4223.87
2024-12-11 03:00:00,4204.83
2024-12-11 04:00:00,4190.41
2024-12-11 05:00:00,4192.49
2024-12-11 06:00:00,4213.54
2024-12-11 07:00:00,4246.87
2024-12-11 08:00:00,4292.88
2024-12-11 09:00:00,4389.72
2024-12-11 10:00:00,4638.28
2024-12-11 11:00:00,4804.2
2024-12-11 12:00:00,4955.52
2024-12-11 13:00:00,4913.76
2024-12-11 14:00:00,5054.61
2024-12-11 15:00:00,5114.08
2024-12-11 16:00:00,5150.2
2024-12-11 17:00:00,5125.16
2024-12-11 18:00:00,4803.36
2024-12-11 19:00:00,4660.74
2024-12-11 20:00:00,4585.54
2024-12-11 21:00:00,4516.74
2024-12-11 22:00:00,4444.67
2024-12-11 23:00:00,4374.05
2024-12-12 00:00:00,4246.06
2024-12-12 01:00:00,4189.11
2024-12-12 02:00:00,4150.53
2024-12-12 03:00:00,4126.0
2024-12-12 04:00:00,4114.5
2024-12-12 05:00:00,4119.04
2024-12-12 06:00:00,4140.0
2024-12-12 07:00:00,4176.35
2024-12-12 08:00:00,4223.75
2024-12-12 09:00:00,4352.8
2024-12-12 10:00:00,4492.61
2024-12-12 11:00:00,4670.34
2024-12-12 12:00:00,4825.64
2024-12-12 13:00:00,4820.83
2024-12-12 14:00:00,4905.54
2024-12-12 15:00:00,4958.57
2024-12-12 16:00:00,4978.09
2024-12-12 17:00:00,4967.62
2024-12-12 18:00:00,4710.4
2024-12-12 19:00:00,4595.58
2024-12-12 20:00:00,4515.0
2024-12-12 21:00:00,4444.23
2024-12-12 22:00:00,4372.15
2024-12-12 23:00:00,4302.22
2024-12-13 00:00:00,4088.09
2024-12-13 01:00:00,4055.83
2024-12-13 02:00:00,4021.16
2024-12-13 03:00:00,3998.72
2024-12-13 04:00:00,3987.77
2024-12-13 05:00:00,3994.79
2024-12-13 06:00:00,4017.93
2024-12-13 07:00:00,4051.21
2024-12-13 08:00:00,4099.96
2024-12-13 09:00:00,4256.91
2024-12-13 10:00:00,4054.5
2024-12-13 11:00:00,4227.04
2024-12-13 12:00:00,4385.2
2024-12-13 13:00:00,4488.54
2024-12-13 14:00:00,4519.16
2024-12-13 15:00:00,4572.32
2024-12-13 16:00:00,4590.01
2024-12-13 17:00:00,4563.81
2024-12-13 18:00:00,4440.47
2024-12-13 19:00:00,4403.22
2024-12-13 20:00:00,4333.84
2024-12-13 21:00:00,4268.16
2024-12-13 22:00:00,4198.9
2024-12-13 23:00:00,4132.32
2024-12-14 00:00:00,3948.79
2024-12-14 01:00:00,3939.7
2024-12-14 02:00:00,3904.89
2024-12-14 03:00:00,3885.09
2024-12-14 04:00:00,3879.12
2024-12-14 05:00:00,3886.61
2024-12-14 06:00:00,3909.76
2024-12-14 07:00:00,3944.02
2024-12-14 08:00:00,3992.05
2024-12-14 09:00:00,4150.34
2024-12-14 10:00:00,3709.18
2024-12-14 11:00:00,3856.85
2024-12-14 12:00:00,3977.85
2024-12-14 13:00:00,4171.23
2024-12-14 14:00:00,4184.56
2024-12-14 15:00:00,4231.32
2024-12-14 16:00:00,4242.06
2024-12-14 17:00:00,4221.37
2024-12-14 18:00:00,4219.78
2024-12-14 19:00:00,4245.49
2024-12-14 20:00:00,4191.3
2024-12-14 21:00:00,4120.93
2024-12-14 22:00:00,4067.3
2024-12-14 23:00:00,4007.19
2024-12-15 00:00:00,3940.9
2024-12-15 01:00:00,3935.06
2024-12-15 02:00:00,3901.97
2024-12-15 03:00:00,3885.24
2024-12-15 04:00:00,3905.66
2024-12-15 05:00:00,3890.33
2024-12-15 06:00:00,3913.71
2024-12-15 07:00:00,3946.44
2024-12-15 08:00:00,3992.24
2024-12-15 09:00:00,4131.93
2024-12-15 10:00:00,3615.17
2024-12-15 11:00:00,3746.93
2024-12-15 12:00:00,3886.31
2024-12-15 13:00:00,4098.67
2024-12-15 14:00:00,4139.02
2024-12-15 15:00:00,4187.22
2024-12-15 16:00:00,4201.61
2024-12-15 17:00:00,4176.05
2024-12-15 18:00:00,4215.55
2024-12-15 19:00:00,4239.09
2024-12-15 20:00:00,4183.5
2024-12-15 21:00:00,4124.0
2024-12-15 22:00:00,4065.2
2024-12-15 23:00:00,4003.72
2024-12-16 00:00:00,4059.71
2024-12-16 01:00:00,4009.28
2024-12-16 02:00:00,3973.0
2024-12-16 03:00:00,3946.66
2024-12-16 04:00:00,3938.2
2024-12-16 05:00:00,3946.7
2024-12-16 06:00:00,3972.56
2024-12-16 07:00:00,4015.62
2024-12-16 08:00:00,4071.74
2024-12-16 09:00:00,4135.58
2024-12-16 10:00:00,4207.85
2024-12-16 11:00:00,4270.67
2024-12-16 12:00:00,4331.81
2024-12-16 13:00:00,4388.56
2024-12-16 14:00:00,4429.57
2024-12-16 15:00:00,4455.72
2024-12-16 16:00:00,4464.25
2024-12-16 17:00:00,4450.99
2024-12-16 18:00:00,4422.97
2024-12-16 19:00:00,4380.5
2024-12-16 20:00:00,4325.12
2024-12-16 21:00:00,4259.77
2024-12-16 22:00:00,4191.73
2024-12-16 23:00:00,4126.89
2024-12-17 00:00:00,4211.88
2024-12-17 01:00:00,4163.44
2024-12-17 02:00:00,4126.11
2024-12-17 03:00:00,4100.02
2024-12-17 04:00:00,4092.66
2024-12-17 05:00:00,4098.18
2024-12-17 06:00:00,4125.43
2024-12-17 07:00:00,4166.99
2024-12-17 08:00:00,4219.95
2024-12-17 09:00:00,4284.73
2024-12-17 10:00:00,4356.55
2024-12-17 11:00:00,4426.84
2024-12-17 12:00:00,4487.5
2024-12-17 13:00:00,4543.47
2024-12-17 14:00:00,4591.75
2024-12-17 15:00:00,4621.43
2024-12-17 16:00:00,4633.79
2024-12-17 17:00:00,4624.86
2024-12-17 18:00:00,4592.56
2024-12-17 19:00:00,4546.55
2024-12-17 20:00:00,4489.78
2024-12-17 21:00:00,4424.65
2024-12-17 22:00:00,4358.56
2024-12-17 23:00:00,4291.02
2024-12-18 00:00:00,4300.37
2024-12-18 01:00:00,4239.13
2024-12-18 02:00:00,4202.65
2024-12-18 03:00:00,4179.34
2024-12-18 04:00:00,4172.63
2024-12-18 05:00:00,4179.43
2024-12-18 06:00:00,4205.71
2024-12-18 07:00:00,4243.56
2024-12-18 08:00:00,4289.81
2024-12-18 09:00:00,4377.82
2024-12-18 10:00:00,4555.16
2024-12-18 11:00:00,4689.98
2024-12-18 12:00:00,4815.98
2024-12-18 13:00:00,4813.74
2024-12-18 14:00:00,4888.17
2024-12-18 15:00:00,4962.83
2024-12-18 16:00:00,5010.29
2024-12-18 17:00:00,4982.05
2024-12-18 18:00:00,4746.41
2024-12-18 19:00:00,4620.46
2024-12-18 20:00:00,4545.16
2024-12-18 21:00:00,4479.73
2024-12-18 22:00:00,4412.3
2024-12-18 23:00:00,4345.68
2024-12-19 00:00:00,4225.13
2024-12-19 01:00:00,4174.31
2024-12-19 02:00:00,4137.69
2024-12-19 03:00:00,4115.04
2024-12-19 04:00:00,4107.97
2024-12-19 05:00:00,4116.41
2024-12-19 06:00:00,4138.95
2024-12-19 07:00:00,4174.17
2024-12-19 08:00:00,4220.71
2024-12-19 09:00:00,4340.44
2024-12-19 10:00:00,4449.83
2024-12-19 11:00:00,4605.1
2024-12-19 12:00:00,4742.1
2024-12-19 13:00:00,4760.61
2024-12-19 14:00:00,4835.22
2024-12-19 15:00:00,4881.59
2024-12-19 16:00:00,4861.77
2024-12-19 17:00:00,4832.98
2024-12-19 18:00:00,4628.86
2024-12-19 19:00:00,4542.16
2024-12-19 20:00:00,4468.15
2024-12-19 21:00:00,4405.17
2024-12-19 22:00:00,4341.81
2024-12-19 23:00:00,4278.8
2024-12-20 00:00:00,4075.9
2024-12-20 01:00:00,4049.93
2024-12-20 02:00:00,4018.88
2024-12-20 03:00:00,4001.81
2024-12-20 04:00:00,3998.23
2024-12-20 05:00:00,4004.49
2024-12-20 06:00:00,4026.87
2024-12-20 07:00:00,4061.77
2024-12-20 08:00:00,4106.61
2024-12-20 09:00:00,4260.43
2024-12-20 10:00:00,4076.13
2024-12-20 11:00:00,4247.0
2024-12-20 12:00:00,4407.3
2024-12-20 13:00:00,4509.22
2024-12-20 14:00:00,4556.57
2024-12-20 15:00:00,4612.89
2024-12-20 16:00:00,4631.57
2024-12-20 17:00:00,4606.97
2024-12-20 18:00:00,4470.84
2024-12-20 19:00:00,4429.84
2024-12-20 20:00:00,4360.65
2024-12-20 21:00:00,4292.4
2024-12-20 22:00:00,4222.26
2024-12-20 23:00:00,4152.78
2024-12-21 00:00:00,3962.06
2024-12-21 01:00:00,3947.66
2024-12-21 02:00:00,3910.51
2024-12-21 03:00:00,3891.01
2024-12-21 04:00:00,3882.27
2024-12-21 05:00:00,3888.94
2024-12-21 06:00:00,3911.54
2024-12-21 07:00:00,3947.34
2024-12-21 08:00:00,3996.31
2024-12-21 09:00:00,4155.65
2024-12-21 10:00:00,3672.26
2024-12-21 11:00:00,3833.95
2024-12-21 12:00:00,3986.01
2024-12-21 13:00:00,4180.6
2024-12-21 14:00:00,4204.34
2024-12-21 15:00:00,4253.24
2024-12-21 16:00:00,4274.56
2024-12-21 17:00:00,4250.31
2024-12-21 18:00:00,4244.16
2024-12-21 19:00:00,4263.6
2024-12-21 20:00:00,4209.27
2024-12-21 21:00:00,4147.22
2024-12-21 22:00:00,4076.59
2024-12-21 23:00:00,4008.52
2024-12-22 00:00:00,3939.56
2024-12-22 01:00:00,3932.01
2024-12-22 02:00:00,3897.56
2024-12-22 03:00:00,3877.7
2024-12-22 04:00:00,3869.58
2024-12-22 05:00:00,3879.54
2024-12-22 06:00:00,3902.41
2024-12-22 07:00:00,3935.52
2024-12-22 08:00:00,3982.87
2024-12-22 09:00:00,4128.13
2024-12-22 10:00:00,3546.82
2024-12-22 11:00:00,3708.2
2024-12-22 12:00:00,3861.13
2024-12-22 13:00:00,4079.02
2024-12-22 14:00:00,4124.53
2024-12-22 15:00:00,4179.27
2024-12-22 16:00:00,4212.71
2024-12-22 17:00:00,4199.09
2024-12-22 18:00:00,4234.64
2024-12-22 19:00:00,4265.28
2024-12-22 20:00:00,4217.3
2024-12-22 21:00:00,4158.06
2024-12-22 22:00:00,4091.69
2024-12-22 23:00:00,4020.53
2024-12-23 00:00:00,4064.71
2024-12-23 01:00:00,4010.95
2024-12-23 02:00:00,3968.9
2024-12-23 03:00:00,3940.65
2024-12-23 04:00:00,3932.89
2024-12-23 05:00:00,3938.09
2024-12-23 06:00:00,3961.45
2024-12-23 07:00:00,4002.61
2024-12-23 08:00:00,4054.63
2024-12-23 09:00:00,4124.01
2024-12-23 10:00:00,4197.43
2024-12-23 11:00:00,4261.48
2024-12-23 12:00:00,4326.46
2024-12-23 13:00:00,4384.08
2024-12-23 14:00:00,4424.25
2024-12-23 15:00:00,4448.42
2024-12-23 16:00:00,4457.08
2024-12-23 17:00:00,4447.88
2024-12-23 18:00:00,4420.87
2024-12-23 19:00:00,4379.72
2024-12-23 20:00:00,4324.38
2024-12-23 21:00:00,4259.6
2024-12-23 22:00:00,4191.68
2024-12-23 23:00:00,4122.94
2024-12-24 00:00:00,4207.44
2024-12-24 01:00:00,4154.53
2024-12-24 02:00:00,4113.06
2024-12-24 03:00:00,4086.39
2024-12-24 04:00:00,4078.7
2024-12-24 05:00:00,4085.31
2024-12-24 06:00:00,4110.68
2024-12-24 07:00:00,4152.1
2024-12-24 08:00:00,4208.14
2024-12-24 09:00:00,4274.42
2024-12-24 10:00:00,4343.76
2024-12-24 11:00:00,4414.18
2024-12-24 12:00:00,4480.09
2024-12-24 13:00:00,4538.76
2024-12-24 14:00:00,4588.96
2024-12-24 15:00:00,4620.04
2024-12-24 16:00:00,4640.2
2024-12-24 17:00:00,4634.63
2024-12-24 18:00:00,4606.14
2024-12-24 19:00:00,4562.43
2024-12-24 20:00:00,4506.19
2024-12-24 21:00:00,4440.44
2024-12-24 22:00:00,4373.3
2024-12-24 23:00:00,4303.19
2024-12-25 00:00:00,4306.19
2024-12-25 01:00:00,4243.45
2024-12-25 02:00:00,4209.39
2024-12-25 03:00:00,4187.56
2024-12-25 04:00:00,4182.91
2024-12-25 05:00:00,4187.95
2024-12-25 06:00:00,4212.6
2024-12-25 07:00:00,4244.13
2024-12-25 08:00:00,4287.7
2024-12-25 09:00:00,4387.47
2024-12-25 10:00:00,4639.73
2024-12-25 11:00:00,4799.93
2024-12-25 12:00:00,4948.23
2024-12-25 13:00:00,4922.62
2024-12-25 14:00:00,5061.85
2024-12-25 15:00:00,5132.2
2024-12-25 16:00:00,5155.77
2024-12-25 17:00:00,5125.98
2024-12-25 18:00:00,4794.32
2024-12-25 19:00:00,4658.03
2024-12-25 20:00:00,4579.13
2024-12-25 21:00:00,4509.47
2024-12-25 22:00:00,4437.21
2024-12-25 23:00:00,4366.88
2024-12-26 00:00:00,4240.26
2024-12-26 01:00:00,4183.16
2024-12-26 02:00:00,4146.36
2024-12-26 03:00:00,4122.19
2024-12-26 04:00:00,4112.04
2024-12-26 05:00:00,4119.72
2024-12-26 06:00:00,4142.33
2024-12-26 07:00:00,4176.95
2024-12-26 08:00:00,4224.49
2024-12-26 09:00:00,4352.25
2024-12-26 10:00:00,4483.33
2024-12-26 11:00:00,4657.13
2024-12-26 12:00:00,4815.42
2024-12-26 13:00:00,4810.0
2024-12-26 14:00:00,4906.12
2024-12-26 15:00:00,4962.9
2024-12-26 16:00:00,4973.39
2024-12-26 17:00:00,4952.74
2024-12-26 18:00:00,4700.31
2024-12-26 19:00:00,4593.29
2024-12-26 20:00:00,4516.46
2024-12-26 21:00:00,4448.34
2024-12-26 22:00:00,4375.48
2024-12-26 23:00:00,4305.02
2024-12-27 00:00:00,4090.84
2024-12-27 01:00:00,4058.13
2024-12-27 02:00:00,4023.07
2024-12-27 03:00:00,3998.82
2024-12-27 04:00:00,3989.38
2024-12-27 05:00:00,3995.0
2024-12-27 06:00:00,4018.5
2024-12-27 07:00:00,4054.36
2024-12-27 08:00:00,4098.38
2024-12-27 09:00:00,4256.14
2024-12-27 10:00:00,4053.42
2024-12-27 11:00:00,4228.05
2024-12-27 12:00:00,4388.19
2024-12-27 13:00:00,4493.5
2024-12-27 14:00:00,4532.9
2024-12-27 15:00:00,4585.06
2024-12-27 16:00:00,4598.7
2024-12-27 17:00:00,4573.41
2024-12-27 18:00:00,4450.64
2024-12-27 19:00:00,4410.3
2024-12-27 20:00:00,4341.42
2024-12-27 21:00:00,4275.42
2024-12-27 22:00:00,4210.89
2024-12-27 23:00:00,4142.74
2024-12-28 00:00:00,3957.18
2024-12-28 01:00:00,3951.34
2024-12-28 02:00:00,3918.77
2024-12-28 03:00:00,3898.84
2024-12-28 04:00:00,3892.76
2024-12-28 05:00:00,3901.38
2024-12-28 06:00:00,3922.29
2024-12-28 07:00:00,3970.8
2024-12-28 08:00:00,4017.58
2024-12-28 09:00:00,4161.33
2024-12-28 10:00:00,3907.1
2024-12-28 11:00:00,4011.98
2024-12-28 12:00:00,4082.17
2024-12-28 13:00:00,4236.17
2024-12-28 14:00:00,4238.86
2024-12-28 15:00:00,4277.0
2024-12-28 16:00:00,4257.93
2024-12-28 17:00:00,4237.21
2024-12-28 18:00:00,4236.61
2024-12-28 19:00:00,4252.04
2024-12-28 20:00:00,4198.96
2024-12-28 21:00:00,4121.54
2024-12-28 22:00:00,4066.29
2024-12-28 23:00:00,4015.63
2024-12-29 00:00:00,3959.41
2024-12-29 01:00:00,3957.73
2024-12-29 02:00:00,3968.11
2024-12-29 03:00:00,3920.11
2024-12-29 04:00:00,3901.84
2024-12-29 05:00:00,3913.66
2024-12-29 06:00:00,3935.89
2024-12-29 07:00:00,3978.91
2024-12-29 08:00:00,4025.86
2024-12-29 09:00:00,4166.97
2024-12-29 10:00:00,3644.84
2024-12-29 11:00:00,3792.86
2024-12-29 12:00:00,3947.4
2024-12-29 13:00:00,4130.74
2024-12-29 14:00:00,4199.82
2024-12-29 15:00:00,4259.0
2024-12-29 16:00:00,4275.84
2024-12-29 17:00:00,4256.7
2024-12-29 18:00:00,4275.72
2024-12-29 19:00:00,4279.78
2024-12-29 20:00:00,4223.49
2024-12-29 21:00:00,4158.21
2024-12-29 22:00:00,4094.29
2024-12-29 23:00:00,4022.27
2024-12-30 00:00:00,4071.37
2024-12-30 01:00:00,4024.67
2024-12-30 02:00:00,3988.9
2024-12-30 03:00:00,3966.68
2024-12-30 04:00:00,3959.17
2024-12-30 05:00:00,3964.65
2024-12-30 06:00:00,3988.0
2024-12-30 07:00:00,4027.17
2024-12-30 08:00:00,4079.68
2024-12-30 09:00:00,4144.8
2024-12-30 10:00:00,4204.79
2024-12-30 11:00:00,4276.75
2024-12-30 12:00:00,4337.79
2024-12-30 13:00:00,4390.43
2024-12-30 14:00:00,4429.58
2024-12-30 15:00:00,4451.1
2024-12-30 16:00:00,4452.24
2024-12-30 17:00:00,4434.71
2024-12-30 18:00:00,4398.75
2024-12-30 19:00:00,4354.4
2024-12-30 20:00:00,4297.03
2024-12-30 21:00:00,4230.94
2024-12-30 22:00:00,4162.57
2024-12-30 23:00:00,4100.9
2024-12-31 00:00:00,4192.74
2024-12-31 01:00:00,4152.12
2024-12-31 02:00:00,4119.41
2024-12-31 03:00:00,4100.33
2024-12-31 04:00:00,4091.9
2024-12-31 05:00:00,4100.26
2024-12-31 06:00:00,4129.02
2024-12-31 07:00:00,4170.51
2024-12-31 08:00:00,4222.41
2024-12-31 09:00:00,4285.75
2024-12-31 10:00:00,4356.88
2024-12-31 11:00:00,4425.35
2024-12-31 12:00:00,4484.39
2024-12-31 13:00:00,4538.69
2024-12-31 14:00:00,4580.38
2024-12-31 15:00:00,4609.71
2024-12-31 16:00:00,4623.88
2024-12-31 17:00:00,4616.94
2024-12-31 18:00:00,4585.78
2024-12-31 19:00:00,4542.9
2024-12-31 20:00:00,4486.4
2024-12-31 21:00:00,4421.73
2024-12-31 22:00:00,4354.47
2024-12-31 23:00:00,4286.25
