{
  "type": "FeatureCollection",
  "features": [
    {
      "type": "Feature",
      "geometry": {
        "type": "Polygon",
        "coordinates": [
          [
            [
              121.1931614,
              24.9657002
            ],
            [
              121.193163,
              24.9655357
            ],
            [
              121.1935522,
              24.9655315
            ],
            [
              121.1935521,
              24.9657004
            ],
            [
              121.1934704,
              24.965701
            ],
            [
              121.1934706,
              24.9656519
            ],
            [
              121.1932392,
              24.9656492
            ],
            [
              121.1932381,
              24.9657031
            ],
            [
              121.1931614,
              24.9657002
            ]
          ]
        ]
      },
      "properties": {
        "osm_id": 202690673,
        "name": "男三舍",
        "name_en": "",
        "building_type": "dormitory",
        "levels": 3,
        "height": 10.5,
        "addr": "",
        "operator": "",
        "building_code": "男學生宿舍群"
      }
    },
    {
      "type": "Feature",
      "geometry": {
        "type": "Polygon",
        "coordinates": [
          [
            [
              121.1901314,
              24.9705077
            ],
            [
              121.1901246,
              24.9700349
            ],
            [
              121.1906196,
              24.9700307
            ],
            [
              121.1906103,
              24.9705091
            ],
            [
              121.1901314,
              24.9705077
            ]
          ]
        ]
      },
      "properties": {
        "osm_id": 202690841,
        "name": "國鼎光電大樓",
        "name_en": "Kwoh-Ting Optoelectronics Bldg",
        "building_type": "university",
        "levels": 6,
        "height": 21.0,
        "addr": "",
        "operator": "",
        "building_code": "IL",
        "building_function": "半導體、雷射、光學元件開發與尖端光電科技研發"
      }
    },
    {
      "type": "Feature",
      "geometry": {
        "type": "Polygon",
        "coordinates": [
          [
            [
              121.1915239,
              24.9715162
            ],
            [
              121.1915197,
              24.971343
            ],
            [
              121.1919078,
              24.9713351
            ],
            [
              121.1919012,
              24.9710666
            ],
            [
              121.1920991,
              24.9710626
            ],
            [
              121.19211,
              24.9715043
            ],
            [
              121.1915239,
              24.9715162
            ]
          ]
        ]
      },
      "properties": {
        "osm_id": 202691135,
        "name": "科學四館",
        "name_en": "Chien-Shiung Bldg",
        "building_type": "university",
        "levels": 10,
        "height": 35.0,
        "addr": "",
        "operator": "",
        "building_function": "以傑出科學家命名之紀念性科學大樓，具備學術指標意義"
      }
    },
    {
      "type": "Feature",
      "geometry": {
        "type": "Polygon",
        "coordinates": [
          [
            [
              121.1919767,
              24.9700554
            ],
            [
              121.1925132,
              24.9700554
            ],
            [
              121.1925186,
              24.9699047
            ],
            [
              121.1919714,
              24.9699095
            ],
            [
              121.1919767,
              24.9700554
            ]
          ]
        ]
      },
      "properties": {
        "osm_id": 202691136,
        "name": "科學二館(理學院大樓)",
        "name_en": "Science Bldg #3",
        "building_type": "university",
        "levels": 6,
        "height": 21.0,
        "addr": "",
        "operator": "",
        "building_function": "基礎科學的空間擴展與進階研究"
      }
    },
    {
      "type": "Feature",
      "geometry": {
        "type": "Polygon",
        "coordinates": [
          [
            [
              121.1941463,
              24.9690212
            ],
            [
              121.194147,
              24.9687326
            ],
            [
              121.1942728,
              24.9687328
            ],
            [
              121.1942727,
              24.9688002
            ],
            [
              121.1948252,
              24.9688013
            ],
            [
              121.1948253,
              24.9687253
            ],
            [
              121.194949,
              24.9687255
            ],
            [
              121.1949483,
              24.9690228
            ],
            [
              121.1946383,
              24.9690222
            ],
            [
              121.1944765,
              24.9690219
            ],
            [
              121.1941463,
              24.9690212
            ]
          ]
        ]
      },
      "properties": {
        "osm_id": 202691227,
        "name": "文學二館",
        "name_en": "Liberal Arts Bldg #2",
        "building_type": "university",
        "levels": 5,
        "height": 17.5,
        "addr": "",
        "operator": "",
        "building_code": "C2",
        "building_function": "擴充之人文研究與語言訓練空間"
      }
    },
    {
      "type": "Feature",
      "geometry": {
        "type": "Polygon",
        "coordinates": [
          [
            [
              121.1941708,
              24.9695059
            ],
            [
              121.1941708,
              24.9692093
            ],
            [
              121.1942459,
              24.9691752
            ],
            [
              121.1944781,
              24.969177
            ],
            [
              121.1946398,
              24.9691782
            ],
            [
              121.1948843,
              24.9691801
            ],
            [
              121.1949433,
              24.9692093
            ],
            [
              121.1949379,
              24.969501
            ],
            [
              121.1948735,
              24.9695497
            ],
            [
              121.1942298,
              24.9695497
            ],
            [
              121.1941708,
              24.9695059
            ]
          ]
        ]
      },
      "properties": {
        "osm_id": 202691228,
        "name": "文學一館",
        "name_en": "Liberal Arts Bldg #1",
        "building_type": "university",
        "levels": 5,
        "height": 17.5,
        "addr": "",
        "operator": "",
        "building_code": "A",
        "building_function": "傳統人文學科之核心基座，承載文學與哲學研究"
      }
    },
    {
      "type": "Feature",
      "geometry": {
        "type": "Polygon",
        "coordinates": [
          [
            [
              121.1906083,
              24.9692733
            ],
            [
              121.190604,
              24.9689611
            ],
            [
              121.1910626,
              24.968956
            ],
            [
              121.1910669,
              24.9692681
            ],
            [
              121.1906083,
              24.9692733
            ]
          ]
        ]
      },
      "properties": {
        "osm_id": 202805154,
        "name": "羽球館",
        "name_en": "Badminton Court",
        "building_type": "sports",
        "levels": 2,
        "height": 7.0,
        "addr": "",
        "operator": ""
      }
    },
    {
      "type": "Feature",
      "geometry": {
        "type": "Polygon",
        "coordinates": [
          [
            [
              121.1930712,
              24.9662087
            ],
            [
              121.1930711,
              24.9660457
            ],
            [
              121.1935512,
              24.9660457
            ],
            [
              121.1935513,
              24.9662087
            ],
            [
              121.1930712,
              24.9662087
            ]
          ]
        ]
      },
      "properties": {
        "osm_id": 202805379,
        "name": "iHouse享想空間",
        "name_en": "",
        "building_type": "dormitory",
        "levels": 3,
        "height": 10.5,
        "addr": "",
        "operator": ""
      }
    },
    {
      "type": "Feature",
      "geometry": {
        "type": "Polygon",
        "coordinates": [
          [
            [
              121.1954343,
              24.9701172
            ],
            [
              121.1956209,
              24.9701431
            ],
            [
              121.195727,
              24.9701989
            ],
            [
              121.1958223,
              24.9703019
            ],
            [
              121.1958637,
              24.970403
            ],
            [
              121.1958716,
              24.9704862
            ],
            [
              121.1958491,
              24.970594
            ],
            [
              121.1958014,
              24.970678
            ],
            [
              121.1957119,
              24.9707611
            ],
            [
              121.1956481,
              24.9707957
            ],
            [
              121.1955174,
              24.9708285
            ],
            [
              121.1954583,
              24.9708383
            ],
            [
              121.1954529,
              24.9707167
            ],
            [
              121.1955549,
              24.9706875
            ],
            [
              121.195638,
              24.9706365
            ],
            [
              121.1956756,
              24.9705708
            ],
            [
              121.1956836,
              24.9704663
            ],
            [
              121.1956675,
              24.9703739
            ],
            [
              121.1956353,
              24.9703155
            ],
            [
              121.195571,
              24.9702742
            ],
            [
              121.1954476,
              24.9702499
            ],
            [
              121.1954343,
              24.9701172
            ]
          ]
        ]
      },
      "properties": {
        "osm_id": 202805783,
        "name": "男九舍",
        "name_en": "",
        "building_type": "dormitory",
        "levels": 3,
        "height": 10.5,
        "addr": "",
        "operator": ""
      }
    },
    {
      "type": "Feature",
      "geometry": {
        "type": "Polygon",
        "coordinates": [
          [
            [
              121.1940616,
              24.9657012
            ],
            [
              121.1940591,
              24.9654749
            ],
            [
              121.1941268,
              24.9654743
            ],
            [
              121.194125,
              24.9653164
            ],
            [
              121.1941633,
              24.9653161
            ],
            [
              121.1941626,
              24.965252
            ],
            [
              121.1942391,
              24.9652512
            ],
            [
              121.1942398,
              24.9653181
            ],
            [
              121.1942852,
              24.9653177
            ],
            [
              121.1942855,
              24.965351
            ],
            [
              121.1943737,
              24.9653501
            ],
            [
              121.1943752,
              24.9654842
            ],
            [
              121.1944524,
              24.9654834
            ],
            [
              121.1944516,
              24.9654138
            ],
            [
              121.1945469,
              24.9654129
            ],
            [
              121.1945477,
              24.9654814
            ],
            [
              121.1946374,
              24.9654806
            ],
            [
              121.1946407,
              24.9657741
            ],
            [
              121.194174,
              24.9657784
            ],
            [
              121.1941737,
              24.9657523
            ],
            [
              121.1940797,
              24.9657531
            ],
            [
              121.1940791,
              24.965701
            ],
            [
              121.1940616,
              24.9657012
            ]
          ]
        ]
      },
      "properties": {
        "osm_id": 202805788,
        "name": "女十四舍",
        "name_en": "",
        "building_type": "dormitory",
        "levels": 12,
        "height": 42.0,
        "addr": "",
        "operator": ""
      }
    },
    {
      "type": "Feature",
      "geometry": {
        "type": "Polygon",
        "coordinates": [
          [
            [
              121.1946707,
              24.9708748
            ],
            [
              121.1946688,
              24.9707454
            ],
            [
              121.1952608,
              24.970738
            ],
            [
              121.1952628,
              24.9708674
            ],
            [
              121.1949773,
              24.9708709
            ],
            [
              121.1946707,
              24.9708748
            ]
          ]
        ]
      },
      "properties": {
        "osm_id": 202805967,
        "name": "中大會館",
        "name_en": "",
        "building_type": "dormitory",
        "levels": 3,
        "height": 10.5,
        "addr": "",
        "operator": ""
      }
    },
    {
      "type": "Feature",
      "geometry": {
        "type": "Polygon",
        "coordinates": [
          [
            [
              121.1930999,
              24.9708998
            ],
            [
              121.1931014,
              24.9707676
            ],
            [
              121.1928617,
              24.9707655
            ],
            [
              121.1928619,
              24.9707452
            ],
            [
              121.1927454,
              24.9707442
            ],
            [
              121.1926286,
              24.9707431
            ],
            [
              121.1925205,
              24.9707421
            ],
            [
              121.1925195,
              24.9708354
            ],
            [
              121.1923592,
              24.9708339
            ],
            [
              121.1923589,
              24.9708568
            ],
            [
              121.1922884,
              24.9708562
            ],
            [
              121.1922879,
              24.9708652
            ],
            [
              121.1922878,
              24.9709065
            ],
            [
              121.1922874,
              24.9709521
            ],
            [
              121.1926602,
              24.9709554
            ],
            [
              121.1926611,
              24.9708687
            ],
            [
              121.1929319,
              24.9708711
            ],
            [
              121.1929316,
              24.9708983
            ],
            [
              121.1930999,
              24.9708998
            ]
          ]
        ]
      },
      "properties": {
        "osm_id": 202805968,
        "name": "鴻經館",
        "name_en": "Department of Mathematics",
        "building_type": "university",
        "levels": 10,
        "height": 35.0,
        "addr": "",
        "operator": "",
        "building_code": "M",
        "building_function": "高階理學研究空間與進階研究節點"
      }
    },
    {
      "type": "Feature",
      "geometry": {
        "type": "Polygon",
        "coordinates": [
          [
            [
              121.193326,
              24.9710231
            ],
            [
              121.1938383,
              24.9710036
            ],
            [
              121.1938973,
              24.970955
            ],
            [
              121.1938812,
              24.9704784
            ],
            [
              121.1938088,
              24.9704347
            ],
            [
              121.1937149,
              24.9704274
            ],
            [
              121.1937122,
              24.9706122
            ],
            [
              121.1935164,
              24.9706122
            ],
            [
              121.1934279,
              24.9706584
            ],
            [
              121.1933769,
              24.9707264
            ],
            [
              121.1933367,
              24.9707921
            ],
            [
              121.1933394,
              24.970921
            ],
            [
              121.193326,
              24.9710231
            ]
          ]
        ]
      },
      "properties": {
        "osm_id": 202805970,
        "name": "管理學院二館",
        "name_en": "Management Bldg #2",
        "building_type": "university",
        "levels": 5,
        "height": 17.5,
        "addr": "",
        "operator": "",
        "building_code": "I1",
        "building_function": "商管學科之擴充教學與研究空間"
      }
    },
    {
      "type": "Feature",
      "geometry": {
        "type": "Polygon",
        "coordinates": [
          [
            [
              121.1925937,
              24.9704298
            ],
            [
              121.1926044,
              24.9701648
            ],
            [
              121.1926769,
              24.9701283
            ],
            [
              121.1931543,
              24.9701283
            ],
            [
              121.193165,
              24.9702961
            ],
            [
              121.1931087,
              24.9704444
            ],
            [
              121.1925937,
              24.9704298
            ]
          ]
        ]
      },
      "properties": {
        "osm_id": 202806028,
        "name": "綜教館(語言中心)",
        "name_en": "Language Center",
        "building_type": "university",
        "levels": 3,
        "height": 10.5,
        "addr": "",
        "operator": "",
        "building_code": "O",
        "building_function": "全校大一、大二學生進行通識教育與共同科目學習之集散地"
      }
    },
    {
      "type": "Feature",
      "geometry": {
        "type": "Polygon",
        "coordinates": [
          [
            [
              121.1904287,
              24.9694041
            ],
            [
              121.1904282,
              24.9692959
            ],
            [
              121.1906427,
              24.9692951
            ],
            [
              121.1906432,
              24.9694033
            ],
            [
              121.1904287,
              24.9694041
            ]
          ]
        ]
      },
      "properties": {
        "osm_id": 202806291,
        "name": "體育器材室",
        "name_en": "",
        "building_type": "sports",
        "levels": 1,
        "height": 3.5,
        "addr": "",
        "operator": ""
      }
    },
    {
      "type": "Feature",
      "geometry": {
        "type": "Polygon",
        "coordinates": [
          [
            [
              121.1933152,
              24.96856
            ],
            [
              121.1933152,
              24.9680104
            ],
            [
              121.1939268,
              24.9680202
            ],
            [
              121.1939214,
              24.96856
            ],
            [
              121.1933152,
              24.96856
            ]
          ]
        ]
      },
      "properties": {
        "osm_id": 202806571,
        "name": "第二行政中心",
        "name_en": "Admin Center 2",
        "building_type": "office",
        "levels": 3,
        "height": 10.5,
        "addr": "",
        "operator": ""
      }
    },
    {
      "type": "Feature",
      "geometry": {
        "type": "Polygon",
        "coordinates": [
          [
            [
              121.1941628,
              24.9685454
            ],
            [
              121.1941682,
              24.9679667
            ],
            [
              121.1944096,
              24.9679715
            ],
            [
              121.1944096,
              24.9685502
            ],
            [
              121.1941628,
              24.9685454
            ]
          ]
        ]
      },
      "properties": {
        "osm_id": 202806573,
        "name": "總圖書館",
        "name_en": "",
        "building_type": "library",
        "levels": 3,
        "height": 10.5,
        "addr": "",
        "operator": "",
        "building_function": "早期之文獻儲存中心，現可能轉型為特色館藏或閱覽室"
      }
    },
    {
      "type": "Feature",
      "geometry": {
        "type": "Polygon",
        "coordinates": [
          [
            [
              121.1867954,
              24.9680387
            ],
            [
              121.1878496,
              24.9680322
            ],
            [
              121.1878466,
              24.9676412
            ],
            [
              121.1867924,
              24.9676479
            ],
            [
              121.1867954,
              24.9680387
            ]
          ]
        ]
      },
      "properties": {
        "osm_id": 217833430,
        "name": "太空及遙測研究中心",
        "name_en": "Center for Space & Remote Sensing",
        "building_type": "university",
        "levels": 6,
        "height": 21.0,
        "addr": "",
        "operator": "",
        "building_code": "R2",
        "building_function": "大氣觀測、衛星遙測影像接收與海量數據處理運算"
      }
    },
    {
      "type": "Feature",
      "geometry": {
        "type": "Polygon",
        "coordinates": [
          [
            [
              121.1933621,
              24.9703616
            ],
            [
              121.1933529,
              24.9700945
            ],
            [
              121.1935738,
              24.9700883
            ],
            [
              121.1935725,
              24.9700494
            ],
            [
              121.1937532,
              24.9700443
            ],
            [
              121.1937554,
              24.9701069
            ],
            [
              121.1939549,
              24.9701013
            ],
            [
              121.1939632,
              24.9703437
            ],
            [
              121.1937521,
              24.9703497
            ],
            [
              121.193754,
              24.9704052
            ],
            [
              121.1935706,
              24.9704103
            ],
            [
              121.1935688,
              24.9703558
            ],
            [
              121.1933621,
              24.9703616
            ]
          ]
        ]
      },
      "properties": {
        "osm_id": 217833431,
        "name": "志希館",
        "name_en": "",
        "building_type": "university",
        "levels": 3,
        "height": 10.5,
        "addr": "",
        "operator": "",
        "building_code": "I",
        "building_function": "高階商管教研樞紐，承載EMBA等核心管理學術運作"
      }
    },
    {
      "type": "Feature",
      "geometry": {
        "type": "Polygon",
        "coordinates": [
          [
            [
              121.1960667,
              24.9667082
            ],
            [
              121.1960692,
              24.9665758
            ],
            [
              121.1962783,
              24.966579
            ],
            [
              121.1962843,
              24.966263
            ],
            [
              121.1963757,
              24.9662644
            ],
            [
              121.1963766,
              24.9662167
            ],
            [
              121.1964083,
              24.9662172
            ],
            [
              121.1964451,
              24.9662701
            ],
            [
              121.1964354,
              24.966574
            ],
            [
              121.1965509,
              24.9665771
            ],
            [
              121.1965588,
              24.9663314
            ],
            [
              121.1967371,
              24.9663361
            ],
            [
              121.196718,
              24.9669265
            ],
            [
              121.196532,
              24.9669216
            ],
            [
              121.1965378,
              24.9667431
            ],
            [
              121.1964049,
              24.9667395
            ],
            [
              121.1964035,
              24.966781
            ],
            [
              121.1963576,
              24.9667797
            ],
            [
              121.19631,
              24.9667784
            ],
            [
              121.1963114,
              24.9667366
            ],
            [
              121.1962471,
              24.9667348
            ],
            [
              121.1962404,
              24.9667537
            ],
            [
              121.1961106,
              24.9667516
            ],
            [
              121.1961115,
              24.9667089
            ],
            [
              121.1960667,
              24.9667082
            ]
          ]
        ]
      },
      "properties": {
        "osm_id": 264560214,
        "name": "男13舍",
        "name_en": "",
        "building_type": "dormitory",
        "levels": 8,
        "height": 28.0,
        "addr": "",
        "operator": ""
      }
    },
    {
      "type": "Feature",
      "geometry": {
        "type": "Polygon",
        "coordinates": [
          [
            [
              121.1941065,
              24.9672731
            ],
            [
              121.194105,
              24.9675074
            ],
            [
              121.1945406,
              24.9675133
            ],
            [
              121.194974,
              24.967512
            ],
            [
              121.1949758,
              24.9672374
            ],
            [
              121.1948737,
              24.9672368
            ],
            [
              121.1948725,
              24.9674228
            ],
            [
              121.1946432,
              24.9674216
            ],
            [
              121.1946445,
              24.9672334
            ],
            [
              121.1945745,
              24.967233
            ],
            [
              121.1944977,
              24.9672328
            ],
            [
              121.1944558,
              24.9672326
            ],
            [
              121.1944546,
              24.9674156
            ],
            [
              121.1942353,
              24.9674144
            ],
            [
              121.1942362,
              24.9672738
            ],
            [
              121.1941065,
              24.9672731
            ]
          ]
        ]
      },
      "properties": {
        "osm_id": 268560615,
        "name": "地球科學院",
        "name_en": "",
        "building_type": "university",
        "levels": 6,
        "height": 21.0,
        "addr": "",
        "operator": "",
        "building_code": "S",
        "building_function": "標誌性之地球科學核心，象徵該校之歷史強項"
      }
    },
    {
      "type": "Feature",
      "geometry": {
        "type": "Polygon",
        "coordinates": [
          [
            [
              121.1940986,
              24.9671833
            ],
            [
              121.1944975,
              24.967182
            ],
            [
              121.1944977,
              24.9672328
            ],
            [
              121.1945745,
              24.967233
            ],
            [
              121.1945744,
              24.9671887
            ],
            [
              121.1949609,
              24.9671874
            ],
            [
              121.1949603,
              24.9670252
            ],
            [
              121.1945376,
              24.9670265
            ],
            [
              121.194098,
              24.9670279
            ],
            [
              121.1940986,
              24.9671833
            ]
          ]
        ]
      },
      "properties": {
        "osm_id": 268560616,
        "name": "地球科學院",
        "name_en": "",
        "building_type": "university",
        "levels": 6,
        "height": 21.0,
        "addr": "",
        "operator": "",
        "building_code": "S",
        "building_function": "標誌性之地球科學核心，象徵該校之歷史強項"
      }
    },
    {
      "type": "Feature",
      "geometry": {
        "type": "Polygon",
        "coordinates": [
          [
            [
              121.1949938,
              24.9658188
            ],
            [
              121.1949928,
              24.9656895
            ],
            [
              121.1949568,
              24.9656643
            ],
            [
              121.1947112,
              24.9656656
            ],
            [
              121.1947102,
              24.9655232
            ],
            [
              121.1951392,
              24.9655207
            ],
            [
              121.1951413,
              24.9658179
            ],
            [
              121.1949938,
              24.9658188
            ]
          ]
        ]
      },
      "properties": {
        "osm_id": 268561417,
        "name": "男十一舍",
        "name_en": "",
        "building_type": "dormitory",
        "levels": 3,
        "height": 10.5,
        "addr": "",
        "operator": ""
      }
    },
    {
      "type": "Feature",
      "geometry": {
        "type": "Polygon",
        "coordinates": [
          [
            [
              121.193995,
              24.9657066
            ],
            [
              121.1938282,
              24.9657083
            ],
            [
              121.1938286,
              24.9657695
            ],
            [
              121.1938209,
              24.9657836
            ],
            [
              121.193807,
              24.9657854
            ],
            [
              121.1937955,
              24.9657831
            ],
            [
              121.193787,
              24.9657712
            ],
            [
              121.1937869,
              24.9657104
            ],
            [
              121.1936485,
              24.9657129
            ],
            [
              121.1936507,
              24.96553
            ],
            [
              121.1939845,
              24.9655266
            ],
            [
              121.1939877,
              24.9655007
            ],
            [
              121.1940158,
              24.9655017
            ],
            [
              121.1940093,
              24.9656233
            ],
            [
              121.1939837,
              24.9656251
            ],
            [
              121.1939817,
              24.9656556
            ],
            [
              121.1940001,
              24.9656546
            ],
            [
              121.193995,
              24.9657066
            ]
          ]
        ]
      },
      "properties": {
        "osm_id": 268561418,
        "name": "志道樓",
        "name_en": "",
        "building_type": "university",
        "levels": 2,
        "height": 7.0,
        "addr": "",
        "operator": ""
      }
    },
    {
      "type": "Feature",
      "geometry": {
        "type": "Polygon",
        "coordinates": [
          [
            [
              121.1907461,
              24.9707347
            ],
            [
              121.1906167,
              24.9711816
            ],
            [
              121.1903745,
              24.9711339
            ],
            [
              121.1901052,
              24.971081
            ],
            [
              121.1901422,
              24.9709246
            ],
            [
              121.1901484,
              24.9706788
            ],
            [
              121.1903332,
              24.97069
            ],
            [
              121.1907461,
              24.9707347
            ]
          ]
        ]
      },
      "properties": {
        "osm_id": 268561421,
        "name": "客家學院",
        "name_en": "",
        "building_type": "university",
        "levels": 5,
        "height": 17.5,
        "addr": "",
        "operator": "",
        "building_code": "HK",
        "building_function": "專司族群文化與在地社會學研究之特色建築"
      }
    },
    {
      "type": "Feature",
      "geometry": {
        "type": "Polygon",
        "coordinates": [
          [
            [
              121.1872823,
              24.968651
            ],
            [
              121.187856,
              24.9686542
            ],
            [
              121.1878575,
              24.968431
            ],
            [
              121.1877603,
              24.9684304
            ],
            [
              121.1877616,
              24.9682347
            ],
            [
              121.1878235,
              24.968235
            ],
            [
              121.1878246,
              24.9680689
            ],
            [
              121.1872487,
              24.9680658
            ],
            [
              121.1872475,
              24.9682405
            ],
            [
              121.1875966,
              24.9682424
            ],
            [
              121.1875953,
              24.9684383
            ],
            [
              121.1872837,
              24.9684366
            ],
            [
              121.1872823,
              24.968651
            ]
          ]
        ]
      },
      "properties": {
        "osm_id": 268561422,
        "name": "環工所",
        "name_en": "Env & Chem Eng Bldg",
        "building_type": "university",
        "levels": 6,
        "height": 21.0,
        "addr": "",
        "operator": "",
        "building_code": "E3",
        "building_function": "環境與化學工程研究，需配置高等級排氣與廢液處理系統"
      }
    },
    {
      "type": "Feature",
      "geometry": {
        "type": "Polygon",
        "coordinates": [
          [
            [
              121.1884151,
              24.9692223
            ],
            [
              121.1886629,
              24.9692206
            ],
            [
              121.1886636,
              24.9693067
            ],
            [
              121.18882,
              24.9693056
            ],
            [
              121.1888182,
              24.9690831
            ],
            [
              121.188414,
              24.9690857
            ],
            [
              121.1884151,
              24.9692223
            ]
          ]
        ]
      },
      "properties": {
        "osm_id": 268561932,
        "name": "土木品保中心",
        "name_en": "Experimental Center of Civil Engineering",
        "building_type": "laboratory",
        "levels": 2,
        "height": 7.0,
        "addr": "",
        "operator": ""
      }
    },
    {
      "type": "Feature",
      "geometry": {
        "type": "Polygon",
        "coordinates": [
          [
            [
              121.1880619,
              24.9690549
            ],
            [
              121.1880585,
              24.9688159
            ],
            [
              121.1882055,
              24.9688142
            ],
            [
              121.1882041,
              24.9687153
            ],
            [
              121.1881629,
              24.9687157
            ],
            [
              121.1881599,
              24.9685035
            ],
            [
              121.1889716,
              24.9684942
            ],
            [
              121.1889794,
              24.9690443
            ],
            [
              121.1880619,
              24.9690549
            ]
          ]
        ]
      },
      "properties": {
        "osm_id": 268561934,
        "name": "大型力學實驗室",
        "name_en": "",
        "building_type": "laboratory",
        "levels": 1,
        "height": 3.5,
        "addr": "",
        "operator": "",
        "building_code": "E5",
        "building_function": "土木與結構力學測試，進行破壞性結構震動與應力實驗"
      }
    },
    {
      "type": "Feature",
      "geometry": {
        "type": "Polygon",
        "coordinates": [
          [
            [
              121.1905561,
              24.9672247
            ],
            [
              121.1905561,
              24.9669308
            ],
            [
              121.1908336,
              24.9669308
            ],
            [
              121.1908336,
              24.9670427
            ],
            [
              121.1907145,
              24.9670427
            ],
            [
              121.1907145,
              24.9672247
            ],
            [
              121.1905561,
              24.9672247
            ]
          ]
        ]
      },
      "properties": {
        "osm_id": 268561936,
        "name": "松苑餐廳",
        "name_en": "",
        "building_type": "dining",
        "levels": 3,
        "height": 10.5,
        "addr": "",
        "operator": ""
      }
    },
    {
      "type": "Feature",
      "geometry": {
        "type": "Polygon",
        "coordinates": [
          [
            [
              121.1867853,
              24.9672596
            ],
            [
              121.1867817,
              24.9670563
            ],
            [
              121.1875464,
              24.9670451
            ],
            [
              121.1875446,
              24.966944
            ],
            [
              121.1873851,
              24.9669463
            ],
            [
              121.1873859,
              24.9669922
            ],
            [
              121.1872945,
              24.9669934
            ],
            [
              121.1872938,
              24.966954
            ],
            [
              121.1867761,
              24.9669607
            ],
            [
              121.1867719,
              24.9666981
            ],
            [
              121.1868392,
              24.9666973
            ],
            [
              121.1868389,
              24.9666746
            ],
            [
              121.1872919,
              24.9666704
            ],
            [
              121.1872921,
              24.9666878
            ],
            [
              121.1873625,
              24.9666874
            ],
            [
              121.1873626,
              24.9667199
            ],
            [
              121.187645,
              24.966719
            ],
            [
              121.1876451,
              24.9667601
            ],
            [
              121.187828,
              24.9667598
            ],
            [
              121.1878284,
              24.9669406
            ],
            [
              121.1876506,
              24.9669409
            ],
            [
              121.1876508,
              24.9670343
            ],
            [
              121.1877228,
              24.9670341
            ],
            [
              121.1877478,
              24.9670507
            ],
            [
              121.1877449,
              24.9670713
            ],
            [
              121.1877901,
              24.9671004
            ],
            [
              121.1878157,
              24.9671585
            ],
            [
              121.1878101,
              24.9671976
            ],
            [
              121.1877951,
              24.9672288
            ],
            [
              121.1877442,
              24.9672783
            ],
            [
              121.1877052,
              24.9672902
            ],
            [
              121.1876318,
              24.9672832
            ],
            [
              121.1876196,
              24.9672665
            ],
            [
              121.1875778,
              24.9672671
            ],
            [
              121.1875787,
              24.9673164
            ],
            [
              121.1868612,
              24.9673272
            ],
            [
              121.1868605,
              24.9672841
            ],
            [
              121.1867991,
              24.967285
            ],
            [
              121.1867987,
              24.9672594
            ],
            [
              121.1867853,
              24.9672596
            ]
          ]
        ]
      },
      "properties": {
        "osm_id": 268561940,
        "name": "工程五館",
        "name_en": "",
        "building_type": "office",
        "levels": 10,
        "height": 35.0,
        "addr": "",
        "operator": "",
        "building_code": "E6",
        "building_function": "現代化之工學行政中樞與尖端實驗室總匯"
      }
    },
    {
      "type": "Feature",
      "geometry": {
        "type": "Polygon",
        "coordinates": [
          [
            [
              121.1873786,
              24.9666595
            ],
            [
              121.1873786,
              24.9665776
            ],
            [
              121.1874025,
              24.9665777
            ],
            [
              121.1874025,
              24.966547
            ],
            [
              121.1874152,
              24.966541
            ],
            [
              121.1874175,
              24.9664398
            ],
            [
              121.1874841,
              24.966441
            ],
            [
              121.1874847,
              24.9664126
            ],
            [
              121.1877213,
              24.9664171
            ],
            [
              121.1877263,
              24.9664337
            ],
            [
              121.1877918,
              24.9664337
            ],
            [
              121.1877918,
              24.9666596
            ],
            [
              121.1873786,
              24.9666595
            ]
          ]
        ]
      },
      "properties": {
        "osm_id": 268561943,
        "name": "前瞻科技研究中心",
        "name_en": "Center for Advanced Sci & Tech",
        "building_type": "university",
        "levels": 3,
        "height": 10.5,
        "addr": "",
        "operator": "",
        "building_function": "育成中心性質，提供從理論研究到原型打造的實作空間"
      }
    },
    {
      "type": "Feature",
      "geometry": {
        "type": "Polygon",
        "coordinates": [
          [
            [
              121.1951831,
              24.9656931
            ],
            [
              121.1951817,
              24.9654831
            ],
            [
              121.1955689,
              24.9654809
            ],
            [
              121.1955692,
              24.965521
            ],
            [
              121.1957245,
              24.9655202
            ],
            [
              121.1957253,
              24.9656328
            ],
            [
              121.1956479,
              24.9656333
            ],
            [
              121.1956037,
              24.9656333
            ],
            [
              121.1955669,
              24.9656336
            ],
            [
              121.1955672,
              24.9656909
            ],
            [
              121.1951831,
              24.9656931
            ]
          ]
        ]
      },
      "properties": {
        "osm_id": 268824430,
        "name": "男七舍",
        "name_en": "",
        "building_type": "dormitory",
        "levels": 3,
        "height": 10.5,
        "addr": "",
        "operator": ""
      }
    },
    {
      "type": "Feature",
      "geometry": {
        "type": "Polygon",
        "coordinates": [
          [
            [
              121.1955593,
              24.9658162
            ],
            [
              121.1955582,
              24.9657283
            ],
            [
              121.195826,
              24.9657256
            ],
            [
              121.195828,
              24.9658897
            ],
            [
              121.1957928,
              24.96589
            ],
            [
              121.1957925,
              24.9658678
            ],
            [
              121.1957051,
              24.9658686
            ],
            [
              121.1957056,
              24.9659112
            ],
            [
              121.1959411,
              24.9659089
            ],
            [
              121.1959427,
              24.9660475
            ],
            [
              121.1956673,
              24.9660503
            ],
            [
              121.1956657,
              24.9659099
            ],
            [
              121.1956316,
              24.9659102
            ],
            [
              121.1956311,
              24.9658625
            ],
            [
              121.1956063,
              24.9658627
            ],
            [
              121.1955593,
              24.9658162
            ]
          ]
        ]
      },
      "properties": {
        "osm_id": 268824432,
        "name": "男六舍",
        "name_en": "",
        "building_type": "dormitory",
        "levels": 3,
        "height": 10.5,
        "addr": "",
        "operator": ""
      }
    },
    {
      "type": "Feature",
      "geometry": {
        "type": "Polygon",
        "coordinates": [
          [
            [
              121.1957133,
              24.9663282
            ],
            [
              121.1958957,
              24.9661728
            ],
            [
              121.1960014,
              24.9661728
            ],
            [
              121.1960583,
              24.9661138
            ],
            [
              121.1961335,
              24.9661175
            ],
            [
              121.1961762,
              24.966158
            ],
            [
              121.1961742,
              24.9662299
            ],
            [
              121.1961986,
              24.9662465
            ],
            [
              121.1961925,
              24.9662907
            ],
            [
              121.1961782,
              24.966311
            ],
            [
              121.1962108,
              24.9663423
            ],
            [
              121.1962108,
              24.9664031
            ],
            [
              121.1961477,
              24.9664731
            ],
            [
              121.1960644,
              24.9664787
            ],
            [
              121.1960075,
              24.9664238
            ],
            [
              121.1959853,
              24.9664428
            ],
            [
              121.1959386,
              24.9663979
            ],
            [
              121.1958574,
              24.9664671
            ],
            [
              121.1957133,
              24.9663282
            ]
          ]
        ]
      },
      "properties": {
        "osm_id": 268824433,
        "name": "遊藝館",
        "name_en": "You-Yi Hall",
        "building_type": "university",
        "levels": 3,
        "height": 10.5,
        "addr": "",
        "operator": ""
      }
    },
    {
      "type": "Feature",
      "geometry": {
        "type": "Polygon",
        "coordinates": [
          [
            [
              121.1956885,
              24.9673084
            ],
            [
              121.1957547,
              24.9673049
            ],
            [
              121.1957583,
              24.967363
            ],
            [
              121.1958178,
              24.96736
            ],
            [
              121.1958158,
              24.9673287
            ],
            [
              121.1958808,
              24.9673254
            ],
            [
              121.1958796,
              24.967306
            ],
            [
              121.1960472,
              24.9672976
            ],
            [
              121.1960494,
              24.9673341
            ],
            [
              121.1961841,
              24.9673274
            ],
            [
              121.196181,
              24.9672761
            ],
            [
              121.1961999,
              24.9672752
            ],
            [
              121.19619,
              24.9671135
            ],
            [
              121.1961473,
              24.9671156
            ],
            [
              121.1961434,
              24.9670531
            ],
            [
              121.1960911,
              24.9670558
            ],
            [
              121.1960938,
              24.9671
            ],
            [
              121.1958427,
              24.9671129
            ],
            [
              121.1958399,
              24.9670695
            ],
            [
              121.1957917,
              24.967072
            ],
            [
              121.1957896,
              24.9670398
            ],
            [
              121.1957601,
              24.9670413
            ],
            [
              121.1957619,
              24.9670686
            ],
            [
              121.1956827,
              24.9670727
            ],
            [
              121.1956859,
              24.9671234
            ],
            [
              121.1956534,
              24.9671251
            ],
            [
              121.195662,
              24.9672612
            ],
            [
              121.1956854,
              24.9672599
            ],
            [
              121.1956885,
              24.9673084
            ]
          ]
        ]
      },
      "properties": {
        "osm_id": 268824890,
        "name": "大講堂",
        "name_en": "Grand Lecture Hall",
        "building_type": "auditorium",
        "levels": 6,
        "height": 21.0,
        "addr": "",
        "operator": "",
        "building_code": "LH",
        "building_function": "作為中大型演講與基礎大班授課之核心空間"
      }
    },
    {
      "type": "Feature",
      "geometry": {
        "type": "Polygon",
        "coordinates": [
          [
            [
              121.1965694,
              24.967215
            ],
            [
              121.1966788,
              24.9672185
            ],
            [
              121.1966702,
              24.9674359
            ],
            [
              121.1965608,
              24.9674323
            ],
            [
              121.1965694,
              24.967215
            ]
          ]
        ]
      },
      "properties": {
        "osm_id": 268824891,
        "name": "高壓變電站",
        "name_en": "HV Substation",
        "building_type": "utility",
        "levels": 2,
        "height": 7.0,
        "addr": "",
        "operator": ""
      }
    },
    {
      "type": "Feature",
      "geometry": {
        "type": "Polygon",
        "coordinates": [
          [
            [
              121.1946408,
              24.9713449
            ],
            [
              121.1946397,
              24.971211
            ],
            [
              121.1950962,
              24.9712077
            ],
            [
              121.1950965,
              24.9712429
            ],
            [
              121.1951432,
              24.9712426
            ],
            [
              121.195144,
              24.9713413
            ],
            [
              121.1946408,
              24.9713449
            ]
          ]
        ]
      },
      "properties": {
        "osm_id": 268824892,
        "name": "男十二舍",
        "name_en": "",
        "building_type": "dormitory",
        "levels": 3,
        "height": 10.5,
        "addr": "",
        "operator": ""
      }
    },
    {
      "type": "Feature",
      "geometry": {
        "type": "Polygon",
        "coordinates": [
          [
            [
              121.1939728,
              24.9662033
            ],
            [
              121.1939719,
              24.9661162
            ],
            [
              121.1940286,
              24.9661157
            ],
            [
              121.1940281,
              24.9660693
            ],
            [
              121.1943248,
              24.966067
            ],
            [
              121.1943252,
              24.9661098
            ],
            [
              121.1946768,
              24.966107
            ],
            [
              121.1946764,
              24.9660605
            ],
            [
              121.1949117,
              24.9660587
            ],
            [
              121.1949128,
              24.966191
            ],
            [
              121.1946788,
              24.9661913
            ],
            [
              121.1946794,
              24.9662519
            ],
            [
              121.1942762,
              24.9662551
            ],
            [
              121.1942757,
              24.9662009
            ],
            [
              121.1939728,
              24.9662033
            ]
          ]
        ]
      },
      "properties": {
        "osm_id": 268840856,
        "name": "國際學生宿舍",
        "name_en": "",
        "building_type": "dormitory",
        "levels": 3,
        "height": 10.5,
        "addr": "",
        "operator": "",
        "building_code": "專項與國際住宿"
      }
    },
    {
      "type": "Feature",
      "geometry": {
        "type": "Polygon",
        "coordinates": [
          [
            [
              121.1949962,
              24.9661898
            ],
            [
              121.1949964,
              24.966269
            ],
            [
              121.1953837,
              24.9662681
            ],
            [
              121.1953835,
              24.9661881
            ],
            [
              121.1953419,
              24.9661882
            ],
            [
              121.1953418,
              24.9661556
            ],
            [
              121.1953664,
              24.9661556
            ],
            [
              121.1953663,
              24.966101
            ],
            [
              121.1953299,
              24.966101
            ],
            [
              121.1953299,
              24.9660876
            ],
            [
              121.1953821,
              24.9660875
            ],
            [
              121.1953818,
              24.9659628
            ],
            [
              121.1953272,
              24.9659629
            ],
            [
              121.1953271,
              24.9659243
            ],
            [
              121.1952617,
              24.9659244
            ],
            [
              121.1952617,
              24.9659447
            ],
            [
              121.1952298,
              24.9659448
            ],
            [
              121.1952301,
              24.9660797
            ],
            [
              121.195275,
              24.9660796
            ],
            [
              121.1952751,
              24.9661118
            ],
            [
              121.1952475,
              24.9661119
            ],
            [
              121.1952476,
              24.9661447
            ],
            [
              121.1952818,
              24.9661447
            ],
            [
              121.1952819,
              24.9661892
            ],
            [
              121.1949962,
              24.9661898
            ]
          ]
        ]
      },
      "properties": {
        "osm_id": 268840857,
        "name": "男五舍",
        "name_en": "",
        "building_type": "dormitory",
        "levels": 3,
        "height": 10.5,
        "addr": "",
        "operator": ""
      }
    },
    {
      "type": "Feature",
      "geometry": {
        "type": "Polygon",
        "coordinates": [
          [
            [
              121.1958032,
              24.9669262
            ],
            [
              121.195838,
              24.966869
            ],
            [
              121.1958353,
              24.9667961
            ],
            [
              121.1957602,
              24.9666928
            ],
            [
              121.1958648,
              24.9665663
            ],
            [
              121.1958823,
              24.9665845
            ],
            [
              121.1959493,
              24.9665833
            ],
            [
              121.1960191,
              24.9666879
            ],
            [
              121.1959815,
              24.9667134
            ],
            [
              121.1960231,
              24.9667633
            ],
            [
              121.1959627,
              24.9668544
            ],
            [
              121.1959976,
              24.9669213
            ],
            [
              121.1959332,
              24.9669529
            ],
            [
              121.1958045,
              24.9669554
            ],
            [
              121.1958032,
              24.9669262
            ]
          ]
        ]
      },
      "properties": {
        "osm_id": 268840858,
        "name": "據德樓",
        "name_en": "",
        "building_type": "university",
        "levels": 3,
        "height": 10.5,
        "addr": "",
        "operator": ""
      }
    },
    {
      "type": "Feature",
      "geometry": {
        "type": "Polygon",
        "coordinates": [
          [
            [
              121.1922398,
              24.9673017
            ],
            [
              121.1922443,
              24.9678198
            ],
            [
              121.1924688,
              24.9678182
            ],
            [
              121.1924685,
              24.9677935
            ],
            [
              121.1929882,
              24.9677898
            ],
            [
              121.1929886,
              24.9678308
            ],
            [
              121.1931214,
              24.9678299
            ],
            [
              121.1931144,
              24.9670127
            ],
            [
              121.1922349,
              24.9670189
            ],
            [
              121.1922369,
              24.9672601
            ],
            [
              121.1924165,
              24.9672589
            ],
            [
              121.1924157,
              24.9671695
            ],
            [
              121.1929403,
              24.9671658
            ],
            [
              121.192941,
              24.9672478
            ],
            [
              121.1929964,
              24.9672474
            ],
            [
              121.1930001,
              24.9676761
            ],
            [
              121.1924659,
              24.9676799
            ],
            [
              121.1924631,
              24.967362
            ],
            [
              121.1924871,
              24.9673618
            ],
            [
              121.1924865,
              24.9673
            ],
            [
              121.1922398,
              24.9673017
            ]
          ]
        ]
      },
      "properties": {
        "osm_id": 268841451,
        "name": "工程一館",
        "name_en": "Engineering Bldg #1",
        "building_type": "laboratory",
        "levels": 3,
        "height": 10.5,
        "addr": "",
        "operator": "",
        "building_code": "E",
        "building_function": "早期工程學科教學與實驗，工學院之初始發展腹地"
      }
    },
    {
      "type": "Feature",
      "geometry": {
        "type": "Polygon",
        "coordinates": [
          [
            [
              121.192569,
              24.9674562
            ],
            [
              121.1925727,
              24.9672373
            ],
            [
              121.1927839,
              24.9672403
            ],
            [
              121.1927801,
              24.9674592
            ],
            [
              121.192569,
              24.9674562
            ]
          ]
        ]
      },
      "properties": {
        "osm_id": 268841452,
        "name": "",
        "name_en": "",
        "building_type": "university",
        "levels": 3,
        "height": 10.5,
        "addr": "",
        "operator": ""
      }
    },
    {
      "type": "Feature",
      "geometry": {
        "type": "Polygon",
        "coordinates": [
          [
            [
              121.1913844,
              24.9672219
            ],
            [
              121.1913812,
              24.9670571
            ],
            [
              121.191999,
              24.9670472
            ],
            [
              121.1920121,
              24.9677184
            ],
            [
              121.1917188,
              24.9677231
            ],
            [
              121.1917153,
              24.9675465
            ],
            [
              121.1918265,
              24.9675447
            ],
            [
              121.1918227,
              24.9673468
            ],
            [
              121.1918746,
              24.9673459
            ],
            [
              121.191872,
              24.9672141
            ],
            [
              121.1913844,
              24.9672219
            ]
          ]
        ]
      },
      "properties": {
        "osm_id": 268841453,
        "name": "通訊系",
        "name_en": "",
        "building_type": "university",
        "levels": 3,
        "height": 10.5,
        "addr": "",
        "operator": "",
        "building_code": "E1",
        "building_function": "軟體、弱電與精密電子設備之運算核心，資通訊研究中樞"
      }
    },
    {
      "type": "Feature",
      "geometry": {
        "type": "Polygon",
        "coordinates": [
          [
            [
              121.1913627,
              24.967034
            ],
            [
              121.1912663,
              24.9670352
            ],
            [
              121.1912793,
              24.9679211
            ],
            [
              121.1913385,
              24.9679204
            ],
            [
              121.1913389,
              24.9679469
            ],
            [
              121.1913813,
              24.9679464
            ],
            [
              121.1913782,
              24.9677308
            ],
            [
              121.1914944,
              24.9677294
            ],
            [
              121.1914908,
              24.9674814
            ],
            [
              121.1915729,
              24.9674805
            ],
            [
              121.1915697,
              24.9672616
            ],
            [
              121.1913661,
              24.967264
            ],
            [
              121.1913627,
              24.967034
            ]
          ]
        ]
      },
      "properties": {
        "osm_id": 268841454,
        "name": "電機系",
        "name_en": "",
        "building_type": "university",
        "levels": 3,
        "height": 10.5,
        "addr": "",
        "operator": "",
        "building_code": "E1",
        "building_function": "軟體、弱電與精密電子設備之運算核心，資通訊研究中樞"
      }
    },
    {
      "type": "Feature",
      "geometry": {
        "type": "Polygon",
        "coordinates": [
          [
            [
              121.1914149,
              24.967902
            ],
            [
              121.1914121,
              24.967761
            ],
            [
              121.1916614,
              24.9677569
            ],
            [
              121.191662,
              24.967788
            ],
            [
              121.1920153,
              24.9677822
            ],
            [
              121.1920175,
              24.9678921
            ],
            [
              121.1914149,
              24.967902
            ]
          ]
        ]
      },
      "properties": {
        "osm_id": 268841455,
        "name": "資策會",
        "name_en": "",
        "building_type": "university",
        "levels": 3,
        "height": 10.5,
        "addr": "",
        "operator": "",
        "building_code": "E1",
        "building_function": "軟體、弱電與精密電子設備之運算核心，資通訊研究中樞"
      }
    },
    {
      "type": "Feature",
      "geometry": {
        "type": "Polygon",
        "coordinates": [
          [
            [
              121.191019,
              24.9677569
            ],
            [
              121.1910341,
              24.9689226
            ],
            [
              121.1905353,
              24.9689279
            ],
            [
              121.19052,
              24.9677622
            ],
            [
              121.191019,
              24.9677569
            ]
          ]
        ]
      },
      "properties": {
        "osm_id": 268841456,
        "name": "依仁堂",
        "name_en": "Yi-Ren Hall",
        "building_type": "sports",
        "levels": 3,
        "height": 10.5,
        "addr": "",
        "operator": ""
      }
    },
    {
      "type": "Feature",
      "geometry": {
        "type": "Polygon",
        "coordinates": [
          [
            [
              121.1915245,
              24.9664711
            ],
            [
              121.1915253,
              24.9664255
            ],
            [
              121.1914974,
              24.9664251
            ],
            [
              121.1914986,
              24.9663547
            ],
            [
              121.1915326,
              24.9663552
            ],
            [
              121.191533,
              24.9663314
            ],
            [
              121.1919937,
              24.9663377
            ],
            [
              121.1919931,
              24.9663704
            ],
            [
              121.192014,
              24.9663707
            ],
            [
              121.1920128,
              24.9664423
            ],
            [
              121.1919934,
              24.9664471
            ],
            [
              121.1919929,
              24.9664774
            ],
            [
              121.1915245,
              24.9664711
            ]
          ]
        ]
      },
      "properties": {
        "osm_id": 268843079,
        "name": "女二舍",
        "name_en": "",
        "building_type": "dormitory",
        "levels": 3,
        "height": 10.5,
        "addr": "",
        "operator": ""
      }
    },
    {
      "type": "Feature",
      "geometry": {
        "type": "Polygon",
        "coordinates": [
          [
            [
              121.1915204,
              24.966255
            ],
            [
              121.1915203,
              24.9662151
            ],
            [
              121.1914972,
              24.9662152
            ],
            [
              121.191497,
              24.9661727
            ],
            [
              121.1915217,
              24.9661727
            ],
            [
              121.1915216,
              24.9661373
            ],
            [
              121.1916916,
              24.9661367
            ],
            [
              121.1916915,
              24.9661298
            ],
            [
              121.1917284,
              24.9661297
            ],
            [
              121.1917285,
              24.9661379
            ],
            [
              121.1919704,
              24.9661374
            ],
            [
              121.1919706,
              24.966197
            ],
            [
              121.1920047,
              24.9661971
            ],
            [
              121.1920046,
              24.9662234
            ],
            [
              121.1919658,
              24.9662235
            ],
            [
              121.1919659,
              24.9662533
            ],
            [
              121.1915204,
              24.966255
            ]
          ]
        ]
      },
      "properties": {
        "osm_id": 268843080,
        "name": "女四舍",
        "name_en": "",
        "building_type": "dormitory",
        "levels": 3,
        "height": 10.5,
        "addr": "",
        "operator": ""
      }
    },
    {
      "type": "Feature",
      "geometry": {
        "type": "Polygon",
        "coordinates": [
          [
            [
              121.1921384,
              24.966249
            ],
            [
              121.1921382,
              24.9662364
            ],
            [
              121.1921095,
              24.9662366
            ],
            [
              121.192109,
              24.9661921
            ],
            [
              121.1921479,
              24.9661918
            ],
            [
              121.1921478,
              24.9661812
            ],
            [
              121.192596,
              24.9661768
            ],
            [
              121.1925963,
              24.966199
            ],
            [
              121.1926196,
              24.9661987
            ],
            [
              121.1926218,
              24.9663429
            ],
            [
              121.1926217,
              24.9663727
            ],
            [
              121.1925979,
              24.9663729
            ],
            [
              121.1925974,
              24.9663274
            ],
            [
              121.1925511,
              24.9663279
            ],
            [
              121.1925504,
              24.9662747
            ],
            [
              121.1925627,
              24.9662745
            ],
            [
              121.1925624,
              24.966245
            ],
            [
              121.1921384,
              24.966249
            ]
          ]
        ]
      },
      "properties": {
        "osm_id": 268843081,
        "name": "女三舍",
        "name_en": "",
        "building_type": "dormitory",
        "levels": 3,
        "height": 10.5,
        "addr": "",
        "operator": ""
      }
    },
    {
      "type": "Feature",
      "geometry": {
        "type": "Polygon",
        "coordinates": [
          [
            [
              121.1926218,
              24.9663429
            ],
            [
              121.1921431,
              24.9663456
            ],
            [
              121.1921439,
              24.9664627
            ],
            [
              121.1925994,
              24.9664602
            ],
            [
              121.1925992,
              24.9664309
            ],
            [
              121.1926224,
              24.9664308
            ],
            [
              121.1926218,
              24.9663429
            ]
          ]
        ]
      },
      "properties": {
        "osm_id": 268843082,
        "name": "女一舍",
        "name_en": "",
        "building_type": "dormitory",
        "levels": 3,
        "height": 10.5,
        "addr": "",
        "operator": "",
        "building_code": "女學生宿舍群"
      }
    },
    {
      "type": "Feature",
      "geometry": {
        "type": "Polygon",
        "coordinates": [
          [
            [
              121.1950008,
              24.9695288
            ],
            [
              121.1950013,
              24.9691522
            ],
            [
              121.1950454,
              24.9691522
            ],
            [
              121.1950455,
              24.9691252
            ],
            [
              121.1951229,
              24.9691253
            ],
            [
              121.1951229,
              24.9691508
            ],
            [
              121.1951618,
              24.9691509
            ],
            [
              121.1951618,
              24.969174
            ],
            [
              121.1953828,
              24.9691742
            ],
            [
              121.1953825,
              24.9693908
            ],
            [
              121.1953583,
              24.9693908
            ],
            [
              121.1953582,
              24.9694952
            ],
            [
              121.1953246,
              24.9694951
            ],
            [
              121.1953246,
              24.9695291
            ],
            [
              121.1950008,
              24.9695288
            ]
          ]
        ]
      },
      "properties": {
        "osm_id": 268845976,
        "name": "人文社會科學大樓",
        "name_en": "",
        "building_type": "office",
        "levels": 10,
        "height": 35.0,
        "addr": "",
        "operator": "",
        "building_code": "LS",
        "building_function": "整合人文與社會科學之行政與學術樞紐，提供跨領域論壇空間"
      }
    },
    {
      "type": "Feature",
      "geometry": {
        "type": "Polygon",
        "coordinates": [
          [
            [
              121.1923658,
              24.9715838
            ],
            [
              121.1923615,
              24.9714933
            ],
            [
              121.1926411,
              24.9714823
            ],
            [
              121.192638,
              24.9714182
            ],
            [
              121.1926559,
              24.9714175
            ],
            [
              121.1926464,
              24.9712201
            ],
            [
              121.1927248,
              24.971217
            ],
            [
              121.1927233,
              24.9711841
            ],
            [
              121.1927973,
              24.9711812
            ],
            [
              121.1927987,
              24.9712102
            ],
            [
              121.1928364,
              24.9712088
            ],
            [
              121.1928539,
              24.9715744
            ],
            [
              121.1927895,
              24.971577
            ],
            [
              121.1927903,
              24.971594
            ],
            [
              121.1924356,
              24.971608
            ],
            [
              121.1924344,
              24.9715811
            ],
            [
              121.1923658,
              24.9715838
            ]
          ]
        ]
      },
      "properties": {
        "osm_id": 268846328,
        "name": "科五館(S5)",
        "name_en": "Hong-Jing Bldg",
        "building_type": "university",
        "levels": 10,
        "height": 35.0,
        "addr": "",
        "operator": "",
        "building_code": "M",
        "building_function": "高階理學研究空間與進階研究節點"
      }
    },
    {
      "type": "Feature",
      "geometry": {
        "type": "Polygon",
        "coordinates": [
          [
            [
              121.1921863,
              24.971623
            ],
            [
              121.1921459,
              24.9712764
            ],
            [
              121.1921716,
              24.971268
            ],
            [
              121.1921671,
              24.9712281
            ],
            [
              121.1922479,
              24.9712207
            ],
            [
              121.1922521,
              24.9712582
            ],
            [
              121.1923113,
              24.9712528
            ],
            [
              121.1923391,
              24.9715014
            ],
            [
              121.192294,
              24.9715055
            ],
            [
              121.1923002,
              24.9715605
            ],
            [
              121.1922813,
              24.9715622
            ],
            [
              121.192258,
              24.9716162
            ],
            [
              121.1921863,
              24.971623
            ]
          ]
        ]
      },
      "properties": {
        "osm_id": 268846329,
        "name": "理學院教學館(普化實驗大樓)",
        "name_en": "",
        "building_type": "laboratory",
        "levels": 5,
        "height": 17.5,
        "addr": "",
        "operator": "",
        "building_code": "H2",
        "building_function": "理學院基礎教學，集中處理具備化學風險之基礎實驗"
      }
    },
    {
      "type": "Feature",
      "geometry": {
        "type": "Polygon",
        "coordinates": [
          [
            [
              121.1920444,
              24.9709285
            ],
            [
              121.1920433,
              24.9707911
            ],
            [
              121.1920923,
              24.9707908
            ],
            [
              121.1920908,
              24.9706957
            ],
            [
              121.1920433,
              24.970696
            ],
            [
              121.1920419,
              24.9704472
            ],
            [
              121.1922294,
              24.9704463
            ],
            [
              121.1922318,
              24.9708467
            ],
            [
              121.1922037,
              24.9708469
            ],
            [
              121.1922038,
              24.970865
            ],
            [
              121.1922037,
              24.9709064
            ],
            [
              121.1922043,
              24.9709211
            ],
            [
              121.1921409,
              24.9709215
            ],
            [
              121.1921414,
              24.9710004
            ],
            [
              121.1920852,
              24.9710008
            ],
            [
              121.1920847,
              24.9709283
            ],
            [
              121.1920444,
              24.9709285
            ]
          ]
        ]
      },
      "properties": {
        "osm_id": 268846332,
        "name": "科三館",
        "name_en": "Science Bldg #3",
        "building_type": "university",
        "levels": 6,
        "height": 21.0,
        "addr": "",
        "operator": "",
        "building_function": "基礎科學的空間擴展與進階研究"
      }
    },
    {
      "type": "Feature",
      "geometry": {
        "type": "Polygon",
        "coordinates": [
          [
            [
              121.1943805,
              24.9702002
            ],
            [
              121.1943815,
              24.9701845
            ],
            [
              121.1943439,
              24.9701855
            ],
            [
              121.1943419,
              24.9701504
            ],
            [
              121.1943236,
              24.9701477
            ],
            [
              121.1943215,
              24.9700906
            ],
            [
              121.1943835,
              24.9700887
            ],
            [
              121.1943744,
              24.970062
            ],
            [
              121.1943713,
              24.9700408
            ],
            [
              121.1943754,
              24.970027
            ],
            [
              121.1943215,
              24.9700279
            ],
            [
              121.1943215,
              24.9699726
            ],
            [
              121.1943414,
              24.9699731
            ],
            [
              121.1943414,
              24.9699666
            ],
            [
              121.1943779,
              24.9699671
            ],
            [
              121.1943785,
              24.9699127
            ],
            [
              121.1945085,
              24.9699146
            ],
            [
              121.1945091,
              24.9699611
            ],
            [
              121.1945726,
              24.9699602
            ],
            [
              121.1945731,
              24.9700431
            ],
            [
              121.1945726,
              24.9701454
            ],
            [
              121.1945136,
              24.9701463
            ],
            [
              121.1945136,
              24.9701984
            ],
            [
              121.1943805,
              24.9702002
            ]
          ]
        ]
      },
      "properties": {
        "osm_id": 268851049,
        "name": "國鼎圖書資料館",
        "name_en": "Kwoh-Ting Library",
        "building_type": "library",
        "levels": 6,
        "height": 21.0,
        "addr": "",
        "operator": "",
        "building_code": "L3",
        "building_function": "現代化的數位資訊、期刊文獻與多媒體學習共享空間"
      }
    },
    {
      "type": "Feature",
      "geometry": {
        "type": "Polygon",
        "coordinates": [
          [
            [
              121.189137,
              24.9681318
            ],
            [
              121.1891355,
              24.9678008
            ],
            [
              121.189328,
              24.9678001
            ],
            [
              121.1893292,
              24.9680869
            ],
            [
              121.1892443,
              24.9680872
            ],
            [
              121.1892446,
              24.9681529
            ],
            [
              121.1892185,
              24.968153
            ],
            [
              121.1892187,
              24.9682019
            ],
            [
              121.1891604,
              24.9682021
            ],
            [
              121.1891601,
              24.9681317
            ],
            [
              121.189137,
              24.9681318
            ]
          ]
        ]
      },
      "properties": {
        "osm_id": 268851920,
        "name": "實習一廠",
        "name_en": "",
        "building_type": "university",
        "levels": 2,
        "height": 7.0,
        "addr": "",
        "operator": "",
        "building_function": "提供基礎工程實作、加工製造與車床訓練之空間"
      }
    },
    {
      "type": "Feature",
      "geometry": {
        "type": "Polygon",
        "coordinates": [
          [
            [
              121.1902171,
              24.9673432
            ],
            [
              121.1902217,
              24.9669603
            ],
            [
              121.1903589,
              24.9669616
            ],
            [
              121.1903544,
              24.9673446
            ],
            [
              121.1902171,
              24.9673432
            ]
          ]
        ]
      },
      "properties": {
        "osm_id": 268851921,
        "name": "",
        "name_en": "",
        "building_type": "yes",
        "levels": 3,
        "height": 10.5,
        "addr": "",
        "operator": ""
      }
    },
    {
      "type": "Feature",
      "geometry": {
        "type": "Polygon",
        "coordinates": [
          [
            [
              121.1900853,
              24.9673424
            ],
            [
              121.190092,
              24.9669606
            ],
            [
              121.1902217,
              24.9669603
            ],
            [
              121.1902171,
              24.9673432
            ],
            [
              121.1900853,
              24.9673424
            ]
          ]
        ]
      },
      "properties": {
        "osm_id": 268851922,
        "name": "",
        "name_en": "",
        "building_type": "yes",
        "levels": 3,
        "height": 10.5,
        "addr": "",
        "operator": ""
      }
    },
    {
      "type": "Feature",
      "geometry": {
        "type": "Polygon",
        "coordinates": [
          [
            [
              121.190092,
              24.9669606
            ],
            [
              121.1899673,
              24.9669558
            ],
            [
              121.1899565,
              24.9673424
            ],
            [
              121.1900853,
              24.9673424
            ],
            [
              121.190092,
              24.9669606
            ]
          ]
        ]
      },
      "properties": {
        "osm_id": 268851923,
        "name": "",
        "name_en": "",
        "building_type": "yes",
        "levels": 3,
        "height": 10.5,
        "addr": "",
        "operator": ""
      }
    },
    {
      "type": "Feature",
      "geometry": {
        "type": "Polygon",
        "coordinates": [
          [
            [
              121.1908126,
              24.9661246
            ],
            [
              121.1908132,
              24.966063
            ],
            [
              121.1910644,
              24.9660648
            ],
            [
              121.1910638,
              24.9661265
            ],
            [
              121.1908126,
              24.9661246
            ]
          ]
        ]
      },
      "properties": {
        "osm_id": 269122545,
        "name": "單一舍",
        "name_en": "",
        "building_type": "dormitory",
        "levels": 3,
        "height": 10.5,
        "addr": "",
        "operator": ""
      }
    },
    {
      "type": "Feature",
      "geometry": {
        "type": "Polygon",
        "coordinates": [
          [
            [
              121.1910246,
              24.9665521
            ],
            [
              121.1908258,
              24.9665546
            ],
            [
              121.1908273,
              24.9666557
            ],
            [
              121.1908278,
              24.9666892
            ],
            [
              121.1907142,
              24.96669
            ],
            [
              121.1907137,
              24.9666593
            ],
            [
              121.1907131,
              24.9666215
            ],
            [
              121.1905939,
              24.966623
            ],
            [
              121.1905931,
              24.9665711
            ],
            [
              121.1906309,
              24.9665706
            ],
            [
              121.1906353,
              24.9665521
            ],
            [
              121.1905982,
              24.9665521
            ],
            [
              121.1905858,
              24.9665449
            ],
            [
              121.1905562,
              24.9665453
            ],
            [
              121.1905564,
              24.9665575
            ],
            [
              121.1905181,
              24.9665581
            ],
            [
              121.1905178,
              24.9665428
            ],
            [
              121.1904775,
              24.9665434
            ],
            [
              121.1904768,
              24.9665017
            ],
            [
              121.1904452,
              24.9665021
            ],
            [
              121.1904444,
              24.9664535
            ],
            [
              121.1906295,
              24.9664508
            ],
            [
              121.1906298,
              24.9664698
            ],
            [
              121.1907524,
              24.9664681
            ],
            [
              121.1907518,
              24.9664347
            ],
            [
              121.1908189,
              24.9664338
            ],
            [
              121.1908185,
              24.9664093
            ],
            [
              121.1910223,
              24.9664066
            ],
            [
              121.1910246,
              24.9665521
            ]
          ]
        ]
      },
      "properties": {
        "osm_id": 269122546,
        "name": "單二舍",
        "name_en": "",
        "building_type": "dormitory",
        "levels": 3,
        "height": 10.5,
        "addr": "",
        "operator": ""
      }
    },
    {
      "type": "Feature",
      "geometry": {
        "type": "Polygon",
        "coordinates": [
          [
            [
              121.1910585,
              24.966742
            ],
            [
              121.1910592,
              24.966825
            ],
            [
              121.1909645,
              24.9668256
            ],
            [
              121.1909646,
              24.9668377
            ],
            [
              121.1909251,
              24.966838
            ],
            [
              121.190925,
              24.9668229
            ],
            [
              121.1908822,
              24.9668232
            ],
            [
              121.190882,
              24.9668041
            ],
            [
              121.1908085,
              24.9668046
            ],
            [
              121.1908086,
              24.9668192
            ],
            [
              121.1906458,
              24.9668203
            ],
            [
              121.1906456,
              24.9668005
            ],
            [
              121.1906224,
              24.9668006
            ],
            [
              121.1906222,
              24.9667719
            ],
            [
              121.1905695,
              24.9667723
            ],
            [
              121.1905691,
              24.966732
            ],
            [
              121.1905955,
              24.9667319
            ],
            [
              121.1905953,
              24.966708
            ],
            [
              121.1905711,
              24.9667082
            ],
            [
              121.1905709,
              24.966691
            ],
            [
              121.1907142,
              24.96669
            ],
            [
              121.1908278,
              24.9666892
            ],
            [
              121.1908407,
              24.9666891
            ],
            [
              121.1908408,
              24.9666997
            ],
            [
              121.1908798,
              24.9666994
            ],
            [
              121.1908802,
              24.9667433
            ],
            [
              121.1910585,
              24.966742
            ]
          ]
        ]
      },
      "properties": {
        "osm_id": 269122547,
        "name": "松果館(育成中心)",
        "name_en": "",
        "building_type": "dining",
        "levels": 3,
        "height": 10.5,
        "addr": "",
        "operator": "",
        "building_code": "餐飲設施"
      }
    },
    {
      "type": "Feature",
      "geometry": {
        "type": "Polygon",
        "coordinates": [
          [
            [
              121.1905791,
              24.9668353
            ],
            [
              121.1904892,
              24.9668353
            ],
            [
              121.1904892,
              24.9668134
            ],
            [
              121.190449,
              24.9668134
            ],
            [
              121.1904557,
              24.9666748
            ],
            [
              121.1905066,
              24.9666773
            ],
            [
              121.1905144,
              24.9667386
            ],
            [
              121.190564,
              24.9667394
            ],
            [
              121.1905791,
              24.9668353
            ]
          ]
        ]
      },
      "properties": {
        "osm_id": 269122548,
        "name": "單四舍",
        "name_en": "",
        "building_type": "dormitory",
        "levels": 3,
        "height": 10.5,
        "addr": "",
        "operator": ""
      }
    },
    {
      "type": "Feature",
      "geometry": {
        "type": "Polygon",
        "coordinates": [
          [
            [
              121.1948742,
              24.9685867
            ],
            [
              121.1951907,
              24.9685769
            ],
            [
              121.1951907,
              24.9684335
            ],
            [
              121.1951612,
              24.9684335
            ],
            [
              121.1951579,
              24.968353
            ],
            [
              121.1952336,
              24.9683508
            ],
            [
              121.1952326,
              24.9682217
            ],
            [
              121.1951558,
              24.9682219
            ],
            [
              121.1951505,
              24.9680785
            ],
            [
              121.1951777,
              24.9680788
            ],
            [
              121.1951777,
              24.9679688
            ],
            [
              121.194873,
              24.9679772
            ],
            [
              121.1948769,
              24.9681295
            ],
            [
              121.1949547,
              24.9681271
            ],
            [
              121.1949547,
              24.9680906
            ],
            [
              121.1949944,
              24.9680905
            ],
            [
              121.1949956,
              24.9684969
            ],
            [
              121.1949547,
              24.9684967
            ],
            [
              121.1949547,
              24.968444
            ],
            [
              121.1948765,
              24.9684461
            ],
            [
              121.1948742,
              24.9685867
            ]
          ]
        ]
      },
      "properties": {
        "osm_id": 270806669,
        "name": "行政大樓",
        "name_en": "Administrative Bldg",
        "building_type": "office",
        "levels": 3,
        "height": 10.5,
        "addr": "",
        "operator": "",
        "building_function": "校務決策與校園管理之運算大腦，各一級行政單位所在地"
      }
    },
    {
      "type": "Feature",
      "geometry": {
        "type": "Polygon",
        "coordinates": [
          [
            [
              121.1959885,
              24.9703232
            ],
            [
              121.1959915,
              24.9698596
            ],
            [
              121.1958344,
              24.9698623
            ],
            [
              121.1958427,
              24.9703224
            ],
            [
              121.1959885,
              24.9703232
            ]
          ]
        ]
      },
      "properties": {
        "osm_id": 270806670,
        "name": "車庫",
        "name_en": "",
        "building_type": "garage",
        "levels": 3,
        "height": 10.5,
        "addr": "",
        "operator": ""
      }
    },
    {
      "type": "Feature",
      "geometry": {
        "type": "Polygon",
        "coordinates": [
          [
            [
              121.1961005,
              24.9701822
            ],
            [
              121.1963007,
              24.9701777
            ],
            [
              121.1962909,
              24.9698161
            ],
            [
              121.1961265,
              24.9698197
            ],
            [
              121.1961349,
              24.9701273
            ],
            [
              121.196099,
              24.9701281
            ],
            [
              121.1961005,
              24.9701822
            ]
          ]
        ]
      },
      "properties": {
        "osm_id": 270806671,
        "name": "資源回收及垃圾處理場",
        "name_en": "",
        "building_type": "university",
        "levels": 3,
        "height": 10.5,
        "addr": "",
        "operator": ""
      }
    },
    {
      "type": "Feature",
      "geometry": {
        "type": "Polygon",
        "coordinates": [
          [
            [
              121.1853848,
              24.9674504
            ],
            [
              121.1854595,
              24.9675288
            ],
            [
              121.1855926,
              24.9674208
            ],
            [
              121.1855225,
              24.9673446
            ],
            [
              121.1853848,
              24.9674504
            ]
          ]
        ]
      },
      "properties": {
        "osm_id": 270954440,
        "name": "大氣環境實驗室",
        "name_en": "Atmospheric Trace Element Lab",
        "building_type": "laboratory",
        "levels": 3,
        "height": 10.5,
        "addr": "",
        "operator": "",
        "building_function": "極微量氣體與懸浮微粒解析，配備高精度質譜分析儀器"
      }
    },
    {
      "type": "Feature",
      "geometry": {
        "type": "Polygon",
        "coordinates": [
          [
            [
              121.1956987,
              24.9694481
            ],
            [
              121.1956987,
              24.9693406
            ],
            [
              121.1958897,
              24.9693406
            ],
            [
              121.1958882,
              24.9694495
            ],
            [
              121.1956987,
              24.9694481
            ]
          ]
        ]
      },
      "properties": {
        "osm_id": 270954441,
        "name": "校長宿舍",
        "name_en": "",
        "building_type": "dormitory",
        "levels": 3,
        "height": 10.5,
        "addr": "",
        "operator": ""
      }
    },
    {
      "type": "Feature",
      "geometry": {
        "type": "Polygon",
        "coordinates": [
          [
            [
              121.190737,
              24.9672212
            ],
            [
              121.1908073,
              24.9672206
            ],
            [
              121.190806,
              24.9670918
            ],
            [
              121.1907357,
              24.9670924
            ],
            [
              121.190737,
              24.9672212
            ]
          ]
        ]
      },
      "properties": {
        "osm_id": 566172504,
        "name": "打啵",
        "name_en": "",
        "building_type": "university",
        "levels": 3,
        "height": 10.5,
        "addr": "",
        "operator": ""
      }
    },
    {
      "type": "Feature",
      "geometry": {
        "type": "Polygon",
        "coordinates": [
          [
            [
              121.1918079,
              24.9660889
            ],
            [
              121.1918119,
              24.9659396
            ],
            [
              121.1921148,
              24.9659322
            ],
            [
              121.1921107,
              24.9660907
            ],
            [
              121.1918079,
              24.9660889
            ]
          ]
        ]
      },
      "properties": {
        "osm_id": 678329043,
        "name": "中大幼稚園",
        "name_en": "",
        "building_type": "kindergarten",
        "levels": 3,
        "height": 10.5,
        "addr": "",
        "operator": ""
      }
    },
    {
      "type": "Feature",
      "geometry": {
        "type": "Polygon",
        "coordinates": [
          [
            [
              121.1918288,
              24.9680639
            ],
            [
              121.1914806,
              24.9680646
            ],
            [
              121.191486,
              24.9685951
            ],
            [
              121.1918336,
              24.9685922
            ],
            [
              121.1918328,
              24.9685135
            ],
            [
              121.1918682,
              24.9685188
            ],
            [
              121.1919063,
              24.968512
            ],
            [
              121.191925,
              24.9684974
            ],
            [
              121.1919352,
              24.9684721
            ],
            [
              121.1919358,
              24.9684444
            ],
            [
              121.1919256,
              24.9684157
            ],
            [
              121.1919057,
              24.9683973
            ],
            [
              121.1918639,
              24.9683856
            ],
            [
              121.1918306,
              24.9683856
            ],
            [
              121.1918288,
              24.9680639
            ]
          ]
        ]
      },
      "properties": {
        "osm_id": 996613836,
        "name": "教學研究綜合大樓",
        "name_en": "",
        "building_type": "laboratory",
        "levels": 3,
        "height": 10.5,
        "addr": "",
        "operator": "",
        "building_function": "淨零碳排、綠能科技研發，建築本身即為永續生活實驗室"
      }
    },
    {
      "type": "Feature",
      "geometry": {
        "type": "Polygon",
        "coordinates": [
          [
            [
              121.1920935,
              24.9681332
            ],
            [
              121.1921428,
              24.9680982
            ],
            [
              121.1921922,
              24.9680788
            ],
            [
              121.1922598,
              24.9680671
            ],
            [
              121.1923284,
              24.968072
            ],
            [
              121.192381,
              24.9680875
            ],
            [
              121.192439,
              24.9681138
            ],
            [
              121.1924829,
              24.9681012
            ],
            [
              121.1925248,
              24.9680992
            ],
            [
              121.1925677,
              24.968105
            ],
            [
              121.1926074,
              24.9681284
            ],
            [
              121.1926364,
              24.9681566
            ],
            [
              121.1926643,
              24.9681897
            ],
            [
              121.1926814,
              24.9682383
            ],
            [
              121.1926855,
              24.9682743
            ],
            [
              121.192685,
              24.968311
            ],
            [
              121.1926742,
              24.968352
            ],
            [
              121.1926623,
              24.9683872
            ],
            [
              121.1926457,
              24.9684159
            ],
            [
              121.1926178,
              24.9684539
            ],
            [
              121.1925904,
              24.9684738
            ],
            [
              121.1925381,
              24.9684972
            ],
            [
              121.1924831,
              24.9685011
            ],
            [
              121.1924408,
              24.9684819
            ],
            [
              121.1924038,
              24.9685004
            ],
            [
              121.1923379,
              24.9685208
            ],
            [
              121.1922856,
              24.9685274
            ],
            [
              121.1922288,
              24.9685233
            ],
            [
              121.1921747,
              24.9685045
            ],
            [
              121.1921205,
              24.9684718
            ],
            [
              121.1920826,
              24.9684341
            ],
            [
              121.1920592,
              24.9683891
            ],
            [
              121.192042,
              24.9683376
            ],
            [
              121.1920384,
              24.9682853
            ],
            [
              121.1920455,
              24.9682325
            ],
            [
              121.1920615,
              24.968173
            ],
            [
              121.1920935,
              24.9681332
            ]
          ]
        ]
      },
      "properties": {
        "osm_id": 996613837,
        "name": "大禮堂",
        "name_en": "",
        "building_type": "auditorium",
        "levels": 5,
        "height": 17.5,
        "addr": "",
        "operator": "",
        "building_function": "舉辦國際學術盛會、交響樂與劇團演出之國家級展演殿堂"
      }
    },
    {
      "type": "Feature",
      "geometry": {
        "type": "Polygon",
        "coordinates": [
          [
            [
              121.1903769,
              24.9698098
            ],
            [
              121.1903757,
              24.9696266
            ],
            [
              121.1893211,
              24.969632
            ],
            [
              121.1893222,
              24.9698154
            ],
            [
              121.1903769,
              24.9698098
            ]
          ]
        ]
      },
      "properties": {
        "osm_id": 1041679633,
        "name": "中大國民運動中心",
        "name_en": "NCU Sports Center",
        "building_type": "sports",
        "levels": 3,
        "height": 10.5,
        "addr": "",
        "operator": ""
      }
    },
    {
      "type": "Feature",
      "geometry": {
        "type": "Polygon",
        "coordinates": [
          [
            [
              121.1976016,
              24.9680165
            ],
            [
              121.1978977,
              24.9680144
            ],
            [
              121.1978988,
              24.96814
            ],
            [
              121.1978442,
              24.9681404
            ],
            [
              121.197844,
              24.9681198
            ],
            [
              121.1978685,
              24.9681196
            ],
            [
              121.1978681,
              24.9680751
            ],
            [
              121.1976449,
              24.9680767
            ],
            [
              121.1976451,
              24.9680971
            ],
            [
              121.1976023,
              24.9680975
            ],
            [
              121.1976016,
              24.9680165
            ]
          ]
        ]
      },
      "properties": {
        "osm_id": 1078713592,
        "name": "",
        "name_en": "",
        "building_type": "yes",
        "levels": 3,
        "height": 10.5,
        "addr": "",
        "operator": ""
      }
    },
    {
      "type": "Feature",
      "geometry": {
        "type": "Polygon",
        "coordinates": [
          [
            [
              121.1951355,
              24.9635089
            ],
            [
              121.195101,
              24.9634776
            ],
            [
              121.1951392,
              24.9634396
            ],
            [
              121.1950196,
              24.963319
            ],
            [
              121.1950825,
              24.9632631
            ],
            [
              121.1952045,
              24.963386
            ],
            [
              121.1952205,
              24.9633704
            ],
            [
              121.1952612,
              24.9634061
            ],
            [
              121.1951355,
              24.9635089
            ]
          ]
        ]
      },
      "properties": {
        "osm_id": 1309326894,
        "name": "",
        "name_en": "",
        "building_type": "yes",
        "levels": 3,
        "height": 10.5,
        "addr": "",
        "operator": ""
      }
    },
    {
      "type": "Feature",
      "geometry": {
        "type": "Polygon",
        "coordinates": [
          [
            [
              121.1967348,
              24.9637036
            ],
            [
              121.196753,
              24.9636482
            ],
            [
              121.1967208,
              24.9636384
            ],
            [
              121.1967316,
              24.9636093
            ],
            [
              121.1967863,
              24.9636238
            ],
            [
              121.1967809,
              24.9636482
            ],
            [
              121.1968217,
              24.9636579
            ],
            [
              121.1968051,
              24.9637211
            ],
            [
              121.1967348,
              24.9637036
            ]
          ]
        ]
      },
      "properties": {
        "osm_id": 1309326902,
        "name": "",
        "name_en": "",
        "building_type": "yes",
        "levels": 3,
        "height": 10.5,
        "addr": "",
        "operator": ""
      }
    },
    {
      "type": "Feature",
      "geometry": {
        "type": "Polygon",
        "coordinates": [
          [
            [
              121.1968145,
              24.9637604
            ],
            [
              121.1968692,
              24.9636193
            ],
            [
              121.1969625,
              24.9636534
            ],
            [
              121.1969024,
              24.9637934
            ],
            [
              121.1968145,
              24.9637604
            ]
          ]
        ]
      },
      "properties": {
        "osm_id": 1309326903,
        "name": "",
        "name_en": "",
        "building_type": "yes",
        "levels": 3,
        "height": 10.5,
        "addr": "",
        "operator": ""
      }
    },
    {
      "type": "Feature",
      "geometry": {
        "type": "Polygon",
        "coordinates": [
          [
            [
              121.196807,
              24.9638654
            ],
            [
              121.1967791,
              24.96381
            ],
            [
              121.1968123,
              24.9637954
            ],
            [
              121.1968424,
              24.9638537
            ],
            [
              121.196807,
              24.9638654
            ]
          ]
        ]
      },
      "properties": {
        "osm_id": 1309326904,
        "name": "",
        "name_en": "",
        "building_type": "yes",
        "levels": 3,
        "height": 10.5,
        "addr": "",
        "operator": ""
      }
    },
    {
      "type": "Feature",
      "geometry": {
        "type": "Polygon",
        "coordinates": [
          [
            [
              121.1968542,
              24.963916
            ],
            [
              121.1969131,
              24.9637924
            ],
            [
              121.1969645,
              24.9638119
            ],
            [
              121.1969271,
              24.9638923
            ],
            [
              121.1969626,
              24.9639075
            ],
            [
              121.1969433,
              24.9639496
            ],
            [
              121.1968542,
              24.963916
            ]
          ]
        ]
      },
      "properties": {
        "osm_id": 1309326905,
        "name": "",
        "name_en": "",
        "building_type": "yes",
        "levels": 3,
        "height": 10.5,
        "addr": "",
        "operator": ""
      }
    },
    {
      "type": "Feature",
      "geometry": {
        "type": "Polygon",
        "coordinates": [
          [
            [
              121.1973225,
              24.9639583
            ],
            [
              121.1973596,
              24.9639694
            ],
            [
              121.197353,
              24.9640024
            ],
            [
              121.1972839,
              24.9639905
            ],
            [
              121.197269,
              24.9640464
            ],
            [
              121.1974689,
              24.9640913
            ],
            [
              121.1974661,
              24.9641125
            ],
            [
              121.1975016,
              24.9641201
            ],
            [
              121.1975062,
              24.9640998
            ],
            [
              121.1975202,
              24.9641023
            ],
            [
              121.1975361,
              24.9640464
            ],
            [
              121.1974072,
              24.9640176
            ],
            [
              121.197411,
              24.9639981
            ],
            [
              121.1975193,
              24.9640227
            ],
            [
              121.1975529,
              24.9638898
            ],
            [
              121.1975118,
              24.9638805
            ],
            [
              121.197524,
              24.96385
            ],
            [
              121.1974913,
              24.9638423
            ],
            [
              121.1974661,
              24.9639465
            ],
            [
              121.1974334,
              24.9639397
            ],
            [
              121.1974502,
              24.9638669
            ],
            [
              121.1974147,
              24.963861
            ],
            [
              121.1974212,
              24.9638254
            ],
            [
              121.1974707,
              24.9638381
            ],
            [
              121.197496,
              24.9637272
            ],
            [
              121.1973951,
              24.9637077
            ],
            [
              121.1973717,
              24.9638246
            ],
            [
              121.1973624,
              24.963822
            ],
            [
              121.1973502,
              24.9638792
            ],
            [
              121.1973591,
              24.9638806
            ],
            [
              121.1973526,
              24.9639035
            ],
            [
              121.1973352,
              24.9639027
            ],
            [
              121.1973225,
              24.9639583
            ]
          ]
        ]
      },
      "properties": {
        "osm_id": 1309326906,
        "name": "",
        "name_en": "",
        "building_type": "yes",
        "levels": 3,
        "height": 10.5,
        "addr": "",
        "operator": ""
      }
    },
    {
      "type": "Feature",
      "geometry": {
        "type": "Polygon",
        "coordinates": [
          [
            [
              121.1973685,
              24.9641624
            ],
            [
              121.1973759,
              24.9641204
            ],
            [
              121.1974848,
              24.9641388
            ],
            [
              121.1974726,
              24.9641853
            ],
            [
              121.1973685,
              24.9641624
            ]
          ]
        ]
      },
      "properties": {
        "osm_id": 1309326907,
        "name": "",
        "name_en": "",
        "building_type": "yes",
        "levels": 3,
        "height": 10.5,
        "addr": "",
        "operator": ""
      }
    },
    {
      "type": "Feature",
      "geometry": {
        "type": "Polygon",
        "coordinates": [
          [
            [
              121.1975568,
              24.9640564
            ],
            [
              121.1975979,
              24.964009
            ],
            [
              121.1976708,
              24.9640609
            ],
            [
              121.1976297,
              24.9641083
            ],
            [
              121.1975568,
              24.9640564
            ]
          ]
        ]
      },
      "properties": {
        "osm_id": 1309326908,
        "name": "",
        "name_en": "",
        "building_type": "yes",
        "levels": 3,
        "height": 10.5,
        "addr": "",
        "operator": ""
      }
    },
    {
      "type": "Feature",
      "geometry": {
        "type": "Polygon",
        "coordinates": [
          [
            [
              121.1969559,
              24.9636114
            ],
            [
              121.1970157,
              24.9634819
            ],
            [
              121.1971035,
              24.9635318
            ],
            [
              121.1970969,
              24.9635462
            ],
            [
              121.1971371,
              24.9635564
            ],
            [
              121.1971548,
              24.9635716
            ],
            [
              121.1970923,
              24.9636546
            ],
            [
              121.1969559,
              24.9636114
            ]
          ]
        ]
      },
      "properties": {
        "osm_id": 1309326909,
        "name": "",
        "name_en": "",
        "building_type": "yes",
        "levels": 3,
        "height": 10.5,
        "addr": "",
        "operator": ""
      }
    },
    {
      "type": "Feature",
      "geometry": {
        "type": "Polygon",
        "coordinates": [
          [
            [
              121.1967056,
              24.9635183
            ],
            [
              121.1967243,
              24.9634599
            ],
            [
              121.1967495,
              24.9634421
            ],
            [
              121.1967775,
              24.9634514
            ],
            [
              121.1967831,
              24.9634404
            ],
            [
              121.1968093,
              24.9634514
            ],
            [
              121.1968167,
              24.9634336
            ],
            [
              121.1967626,
              24.9634116
            ],
            [
              121.1967794,
              24.9633659
            ],
            [
              121.1968868,
              24.9634048
            ],
            [
              121.1968718,
              24.9634387
            ],
            [
              121.1968868,
              24.9634463
            ],
            [
              121.1968345,
              24.9635666
            ],
            [
              121.1967056,
              24.9635183
            ]
          ]
        ]
      },
      "properties": {
        "osm_id": 1309326910,
        "name": "",
        "name_en": "",
        "building_type": "yes",
        "levels": 3,
        "height": 10.5,
        "addr": "",
        "operator": ""
      }
    },
    {
      "type": "Feature",
      "geometry": {
        "type": "Polygon",
        "coordinates": [
          [
            [
              121.1965599,
              24.9633879
            ],
            [
              121.1966057,
              24.9632948
            ],
            [
              121.1967383,
              24.9633498
            ],
            [
              121.1966981,
              24.9634404
            ],
            [
              121.1965599,
              24.9633879
            ]
          ]
        ]
      },
      "properties": {
        "osm_id": 1309326911,
        "name": "",
        "name_en": "",
        "building_type": "yes",
        "levels": 3,
        "height": 10.5,
        "addr": "",
        "operator": ""
      }
    },
    {
      "type": "Feature",
      "geometry": {
        "type": "Polygon",
        "coordinates": [
          [
            [
              121.1967849,
              24.9651534
            ],
            [
              121.1967621,
              24.9650981
            ],
            [
              121.1967767,
              24.9650945
            ],
            [
              121.1967556,
              24.9650554
            ],
            [
              121.1970093,
              24.96495
            ],
            [
              121.1970735,
              24.9650849
            ],
            [
              121.1970125,
              24.9651092
            ],
            [
              121.1969963,
              24.9650775
            ],
            [
              121.1967849,
              24.9651534
            ]
          ]
        ]
      },
      "properties": {
        "osm_id": 1309326913,
        "name": "",
        "name_en": "",
        "building_type": "yes",
        "levels": 3,
        "height": 10.5,
        "addr": "",
        "operator": ""
      }
    },
    {
      "type": "Feature",
      "geometry": {
        "type": "Polygon",
        "coordinates": [
          [
            [
              121.1968215,
              24.9654579
            ],
            [
              121.1968166,
              24.9654424
            ],
            [
              121.196806,
              24.9654424
            ],
            [
              121.1967686,
              24.9653318
            ],
            [
              121.1968564,
              24.965306
            ],
            [
              121.1968426,
              24.9652677
            ],
            [
              121.1968632,
              24.9652617
            ],
            [
              121.1968906,
              24.9652537
            ],
            [
              121.1969036,
              24.9652913
            ],
            [
              121.1969849,
              24.9652662
            ],
            [
              121.1970231,
              24.9653841
            ],
            [
              121.1968914,
              24.9654195
            ],
            [
              121.1968987,
              24.9654372
            ],
            [
              121.1968215,
              24.9654579
            ]
          ]
        ]
      },
      "properties": {
        "osm_id": 1309326914,
        "name": "",
        "name_en": "",
        "building_type": "yes",
        "levels": 3,
        "height": 10.5,
        "addr": "",
        "operator": ""
      }
    },
    {
      "type": "Feature",
      "geometry": {
        "type": "Polygon",
        "coordinates": [
          [
            [
              121.1968426,
              24.9652677
            ],
            [
              121.196824,
              24.9652736
            ],
            [
              121.1967866,
              24.9651585
            ],
            [
              121.1968314,
              24.9651443
            ],
            [
              121.1968616,
              24.9652212
            ],
            [
              121.1968491,
              24.9652264
            ],
            [
              121.1968632,
              24.9652617
            ],
            [
              121.1968426,
              24.9652677
            ]
          ]
        ]
      },
      "properties": {
        "osm_id": 1309326915,
        "name": "",
        "name_en": "",
        "building_type": "yes",
        "levels": 3,
        "height": 10.5,
        "addr": "",
        "operator": ""
      }
    },
    {
      "type": "Feature",
      "geometry": {
        "type": "Polygon",
        "coordinates": [
          [
            [
              121.197449,
              24.9650369
            ],
            [
              121.1973905,
              24.9649617
            ],
            [
              121.1973734,
              24.9649882
            ],
            [
              121.1972961,
              24.965011
            ],
            [
              121.197323,
              24.9650571
            ],
            [
              121.1973951,
              24.9650287
            ],
            [
              121.197422,
              24.9650611
            ],
            [
              121.197449,
              24.9650369
            ]
          ]
        ]
      },
      "properties": {
        "osm_id": 1309326916,
        "name": "",
        "name_en": "",
        "building_type": "yes",
        "levels": 3,
        "height": 10.5,
        "addr": "",
        "operator": ""
      }
    },
    {
      "type": "Feature",
      "geometry": {
        "type": "Polygon",
        "coordinates": [
          [
            [
              121.1971935,
              24.9650316
            ],
            [
              121.1971667,
              24.964966
            ],
            [
              121.1972236,
              24.9649476
            ],
            [
              121.1972504,
              24.9650102
            ],
            [
              121.1971935,
              24.9650316
            ]
          ]
        ]
      },
      "properties": {
        "osm_id": 1309326917,
        "name": "",
        "name_en": "",
        "building_type": "yes",
        "levels": 3,
        "height": 10.5,
        "addr": "",
        "operator": ""
      }
    },
    {
      "type": "Feature",
      "geometry": {
        "type": "Polygon",
        "coordinates": [
          [
            [
              121.1957127,
              24.9648015
            ],
            [
              121.1956769,
              24.9647565
            ],
            [
              121.195929,
              24.9645656
            ],
            [
              121.1959615,
              24.9645995
            ],
            [
              121.1957412,
              24.9647624
            ],
            [
              121.1957509,
              24.9647727
            ],
            [
              121.1957127,
              24.9648015
            ]
          ]
        ]
      },
      "properties": {
        "osm_id": 1309326918,
        "name": "",
        "name_en": "",
        "building_type": "yes",
        "levels": 3,
        "height": 10.5,
        "addr": "",
        "operator": ""
      }
    },
    {
      "type": "Feature",
      "geometry": {
        "type": "Polygon",
        "coordinates": [
          [
            [
              121.1950125,
              24.9640383
            ],
            [
              121.1949009,
              24.9637951
            ],
            [
              121.1950082,
              24.9637533
            ],
            [
              121.1951166,
              24.9640023
            ],
            [
              121.1950125,
              24.9640383
            ]
          ]
        ]
      },
      "properties": {
        "osm_id": 1309326919,
        "name": "",
        "name_en": "",
        "building_type": "yes",
        "levels": 3,
        "height": 10.5,
        "addr": "",
        "operator": ""
      }
    },
    {
      "type": "Feature",
      "geometry": {
        "type": "Polygon",
        "coordinates": [
          [
            [
              121.1949247,
              24.9637326
            ],
            [
              121.1948929,
              24.9636683
            ],
            [
              121.1949835,
              24.9636395
            ],
            [
              121.1950153,
              24.963703
            ],
            [
              121.1949247,
              24.9637326
            ]
          ]
        ]
      },
      "properties": {
        "osm_id": 1309326920,
        "name": "",
        "name_en": "",
        "building_type": "yes",
        "levels": 3,
        "height": 10.5,
        "addr": "",
        "operator": ""
      }
    },
    {
      "type": "Feature",
      "geometry": {
        "type": "Polygon",
        "coordinates": [
          [
            [
              121.1951777,
              24.9638387
            ],
            [
              121.195133,
              24.9637945
            ],
            [
              121.1951427,
              24.9637857
            ],
            [
              121.1950752,
              24.9637112
            ],
            [
              121.1951248,
              24.9636707
            ],
            [
              121.195146,
              24.9636935
            ],
            [
              121.1951265,
              24.9637193
            ],
            [
              121.1951687,
              24.9637591
            ],
            [
              121.1951777,
              24.9637503
            ],
            [
              121.1952289,
              24.9637975
            ],
            [
              121.1951777,
              24.9638387
            ]
          ]
        ]
      },
      "properties": {
        "osm_id": 1309326921,
        "name": "",
        "name_en": "",
        "building_type": "yes",
        "levels": 3,
        "height": 10.5,
        "addr": "",
        "operator": ""
      }
    },
    {
      "type": "Feature",
      "geometry": {
        "type": "Polygon",
        "coordinates": [
          [
            [
              121.1934927,
              24.9634484
            ],
            [
              121.1934399,
              24.9633747
            ],
            [
              121.1934667,
              24.963343
            ],
            [
              121.1934033,
              24.9632892
            ],
            [
              121.1934805,
              24.9632148
            ],
            [
              121.1935163,
              24.9632015
            ],
            [
              121.1935741,
              24.9632553
            ],
            [
              121.1935887,
              24.9632361
            ],
            [
              121.1936554,
              24.9632929
            ],
            [
              121.1934927,
              24.9634484
            ]
          ]
        ]
      },
      "properties": {
        "osm_id": 1309326924,
        "name": "",
        "name_en": "",
        "building_type": "yes",
        "levels": 3,
        "height": 10.5,
        "addr": "",
        "operator": ""
      }
    },
    {
      "type": "Feature",
      "geometry": {
        "type": "Polygon",
        "coordinates": [
          [
            [
              121.1936684,
              24.9635398
            ],
            [
              121.193718,
              24.9634617
            ],
            [
              121.1938245,
              24.9635288
            ],
            [
              121.1937684,
              24.963604
            ],
            [
              121.1936684,
              24.9635398
            ]
          ]
        ]
      },
      "properties": {
        "osm_id": 1309326925,
        "name": "",
        "name_en": "",
        "building_type": "yes",
        "levels": 3,
        "height": 10.5,
        "addr": "",
        "operator": ""
      }
    },
    {
      "type": "Feature",
      "geometry": {
        "type": "Polygon",
        "coordinates": [
          [
            [
              121.1937139,
              24.9637787
            ],
            [
              121.1936391,
              24.9636836
            ],
            [
              121.1936196,
              24.9636394
            ],
            [
              121.1936489,
              24.9636165
            ],
            [
              121.1937017,
              24.9636755
            ],
            [
              121.1938407,
              24.9635819
            ],
            [
              121.1938594,
              24.9636062
            ],
            [
              121.193896,
              24.9635863
            ],
            [
              121.1939245,
              24.9636231
            ],
            [
              121.1937318,
              24.9637529
            ],
            [
              121.1937415,
              24.9637647
            ],
            [
              121.1937139,
              24.9637787
            ]
          ]
        ]
      },
      "properties": {
        "osm_id": 1309326926,
        "name": "",
        "name_en": "",
        "building_type": "yes",
        "levels": 3,
        "height": 10.5,
        "addr": "",
        "operator": ""
      }
    },
    {
      "type": "Feature",
      "geometry": {
        "type": "Polygon",
        "coordinates": [
          [
            [
              121.1936025,
              24.9636224
            ],
            [
              121.193544,
              24.9635531
            ],
            [
              121.1935781,
              24.9635273
            ],
            [
              121.1935472,
              24.9634787
            ],
            [
              121.1935838,
              24.9634588
            ],
            [
              121.1936708,
              24.9635789
            ],
            [
              121.1936025,
              24.9636224
            ]
          ]
        ]
      },
      "properties": {
        "osm_id": 1309326927,
        "name": "",
        "name_en": "",
        "building_type": "yes",
        "levels": 3,
        "height": 10.5,
        "addr": "",
        "operator": ""
      }
    },
    {
      "type": "Feature",
      "geometry": {
        "type": "Polygon",
        "coordinates": [
          [
            [
              121.1934627,
              24.9636239
            ],
            [
              121.1935163,
              24.9635715
            ],
            [
              121.1935794,
              24.9636252
            ],
            [
              121.193526,
              24.9636758
            ],
            [
              121.1934627,
              24.9636239
            ]
          ]
        ]
      },
      "properties": {
        "osm_id": 1309326928,
        "name": "",
        "name_en": "",
        "building_type": "yes",
        "levels": 3,
        "height": 10.5,
        "addr": "",
        "operator": ""
      }
    },
    {
      "type": "Feature",
      "geometry": {
        "type": "Polygon",
        "coordinates": [
          [
            [
              121.1934659,
              24.963608
            ],
            [
              121.1933398,
              24.9634885
            ],
            [
              121.1933935,
              24.9634384
            ],
            [
              121.1935203,
              24.9635586
            ],
            [
              121.1934659,
              24.963608
            ]
          ]
        ]
      },
      "properties": {
        "osm_id": 1309326929,
        "name": "",
        "name_en": "",
        "building_type": "yes",
        "levels": 3,
        "height": 10.5,
        "addr": "",
        "operator": ""
      }
    },
    {
      "type": "Feature",
      "geometry": {
        "type": "Polygon",
        "coordinates": [
          [
            [
              121.1946012,
              24.9651769
            ],
            [
              121.1946711,
              24.9650595
            ],
            [
              121.1947596,
              24.9651042
            ],
            [
              121.1946963,
              24.9652174
            ],
            [
              121.1946012,
              24.9651769
            ]
          ]
        ]
      },
      "properties": {
        "osm_id": 1309326935,
        "name": "",
        "name_en": "",
        "building_type": "yes",
        "levels": 3,
        "height": 10.5,
        "addr": "",
        "operator": ""
      }
    },
    {
      "type": "Feature",
      "geometry": {
        "type": "Polygon",
        "coordinates": [
          [
            [
              121.1944948,
              24.9653377
            ],
            [
              121.1945554,
              24.965222
            ],
            [
              121.1946541,
              24.9652685
            ],
            [
              121.194588,
              24.9653825
            ],
            [
              121.1944948,
              24.9653377
            ]
          ]
        ]
      },
      "properties": {
        "osm_id": 1309326936,
        "name": "",
        "name_en": "",
        "building_type": "yes",
        "levels": 3,
        "height": 10.5,
        "addr": "",
        "operator": ""
      }
    },
    {
      "type": "Feature",
      "geometry": {
        "type": "Polygon",
        "coordinates": [
          [
            [
              121.1944699,
              24.9653314
            ],
            [
              121.1944224,
              24.965307
            ],
            [
              121.1944182,
              24.9653138
            ],
            [
              121.1942838,
              24.9652323
            ],
            [
              121.1943471,
              24.9651456
            ],
            [
              121.1944339,
              24.9651978
            ],
            [
              121.1944842,
              24.9651308
            ],
            [
              121.1944525,
              24.9651125
            ],
            [
              121.1945271,
              24.965
            ],
            [
              121.1946115,
              24.96505
            ],
            [
              121.1945361,
              24.965161
            ],
            [
              121.1945774,
              24.9651867
            ],
            [
              121.1944699,
              24.9653314
            ]
          ]
        ]
      },
      "properties": {
        "osm_id": 1309326937,
        "name": "",
        "name_en": "",
        "building_type": "yes",
        "levels": 3,
        "height": 10.5,
        "addr": "",
        "operator": ""
      }
    },
    {
      "type": "Feature",
      "geometry": {
        "type": "Polygon",
        "coordinates": [
          [
            [
              121.1944869,
              24.9649762
            ],
            [
              121.1945404,
              24.9649071
            ],
            [
              121.1946945,
              24.964999
            ],
            [
              121.1946531,
              24.965071
            ],
            [
              121.1944869,
              24.9649762
            ]
          ]
        ]
      },
      "properties": {
        "osm_id": 1309326938,
        "name": "",
        "name_en": "",
        "building_type": "yes",
        "levels": 3,
        "height": 10.5,
        "addr": "",
        "operator": ""
      }
    },
    {
      "type": "Feature",
      "geometry": {
        "type": "Polygon",
        "coordinates": [
          [
            [
              121.195203,
              24.9648932
            ],
            [
              121.1952635,
              24.9648391
            ],
            [
              121.1953045,
              24.9648805
            ],
            [
              121.1952449,
              24.9649312
            ],
            [
              121.195203,
              24.9648932
            ]
          ]
        ]
      },
      "properties": {
        "osm_id": 1309326939,
        "name": "",
        "name_en": "",
        "building_type": "yes",
        "levels": 3,
        "height": 10.5,
        "addr": "",
        "operator": ""
      }
    },
    {
      "type": "Feature",
      "geometry": {
        "type": "Polygon",
        "coordinates": [
          [
            [
              121.1954107,
              24.964894
            ],
            [
              121.1953847,
              24.9648687
            ],
            [
              121.1954284,
              24.9648332
            ],
            [
              121.1954573,
              24.9648619
            ],
            [
              121.1954107,
              24.964894
            ]
          ]
        ]
      },
      "properties": {
        "osm_id": 1309326940,
        "name": "",
        "name_en": "",
        "building_type": "yes",
        "levels": 3,
        "height": 10.5,
        "addr": "",
        "operator": ""
      }
    },
    {
      "type": "Feature",
      "geometry": {
        "type": "Polygon",
        "coordinates": [
          [
            [
              121.1954983,
              24.9650186
            ],
            [
              121.1954686,
              24.964992
            ],
            [
              121.1955151,
              24.9649493
            ],
            [
              121.1955448,
              24.9649759
            ],
            [
              121.1954983,
              24.9650186
            ]
          ]
        ]
      },
      "properties": {
        "osm_id": 1309326941,
        "name": "",
        "name_en": "",
        "building_type": "yes",
        "levels": 3,
        "height": 10.5,
        "addr": "",
        "operator": ""
      }
    },
    {
      "type": "Feature",
      "geometry": {
        "type": "Polygon",
        "coordinates": [
          [
            [
              121.1951648,
              24.9650765
            ],
            [
              121.1951778,
              24.9650477
            ],
            [
              121.1952216,
              24.9650706
            ],
            [
              121.1952533,
              24.9650233
            ],
            [
              121.1955076,
              24.9651677
            ],
            [
              121.1955263,
              24.9651356
            ],
            [
              121.1955607,
              24.9651559
            ],
            [
              121.1955375,
              24.9651896
            ],
            [
              121.1955729,
              24.9652167
            ],
            [
              121.1955188,
              24.9653028
            ],
            [
              121.1954499,
              24.9652674
            ],
            [
              121.1954564,
              24.9652589
            ],
            [
              121.1953567,
              24.9651947
            ],
            [
              121.195352,
              24.9652057
            ],
            [
              121.1952682,
              24.9651483
            ],
            [
              121.195271,
              24.9651398
            ],
            [
              121.1951648,
              24.9650765
            ]
          ]
        ]
      },
      "properties": {
        "osm_id": 1309326942,
        "name": "",
        "name_en": "",
        "building_type": "yes",
        "levels": 3,
        "height": 10.5,
        "addr": "",
        "operator": ""
      }
    },
    {
      "type": "Feature",
      "geometry": {
        "type": "Polygon",
        "coordinates": [
          [
            [
              121.1949875,
              24.9648913
            ],
            [
              121.1949499,
              24.9649427
            ],
            [
              121.1950954,
              24.9650325
            ],
            [
              121.1951335,
              24.9649818
            ],
            [
              121.1949875,
              24.9648913
            ]
          ]
        ]
      },
      "properties": {
        "osm_id": 1309326943,
        "name": "",
        "name_en": "",
        "building_type": "yes",
        "levels": 3,
        "height": 10.5,
        "addr": "",
        "operator": ""
      }
    },
    {
      "type": "Feature",
      "geometry": {
        "type": "Polygon",
        "coordinates": [
          [
            [
              121.1948861,
              24.9649222
            ],
            [
              121.1948342,
              24.9648957
            ],
            [
              121.1948285,
              24.9649024
            ],
            [
              121.1947791,
              24.9648781
            ],
            [
              121.1947231,
              24.9649744
            ],
            [
              121.1948277,
              24.9650259
            ],
            [
              121.1948861,
              24.9649222
            ]
          ]
        ]
      },
      "properties": {
        "osm_id": 1309326944,
        "name": "",
        "name_en": "",
        "building_type": "yes",
        "levels": 3,
        "height": 10.5,
        "addr": "",
        "operator": ""
      }
    },
    {
      "type": "Feature",
      "geometry": {
        "type": "Polygon",
        "coordinates": [
          [
            [
              121.1946258,
              24.9649097
            ],
            [
              121.1946647,
              24.9648369
            ],
            [
              121.1946728,
              24.9648421
            ],
            [
              121.1946834,
              24.9648222
            ],
            [
              121.1947774,
              24.9648649
            ],
            [
              121.1947215,
              24.9649634
            ],
            [
              121.1946258,
              24.9649097
            ]
          ]
        ]
      },
      "properties": {
        "osm_id": 1309326945,
        "name": "",
        "name_en": "",
        "building_type": "yes",
        "levels": 3,
        "height": 10.5,
        "addr": "",
        "operator": ""
      }
    },
    {
      "type": "Feature",
      "geometry": {
        "type": "Polygon",
        "coordinates": [
          [
            [
              121.1942664,
              24.9645833
            ],
            [
              121.1942112,
              24.9645304
            ],
            [
              121.1942769,
              24.9644693
            ],
            [
              121.1942972,
              24.9644877
            ],
            [
              121.1943215,
              24.9644627
            ],
            [
              121.1943742,
              24.9645127
            ],
            [
              121.1943458,
              24.964537
            ],
            [
              121.1943531,
              24.9645451
            ],
            [
              121.1943085,
              24.9645826
            ],
            [
              121.1942907,
              24.9645671
            ],
            [
              121.1942664,
              24.9645833
            ]
          ]
        ]
      },
      "properties": {
        "osm_id": 1309326947,
        "name": "",
        "name_en": "",
        "building_type": "yes",
        "levels": 3,
        "height": 10.5,
        "addr": "",
        "operator": ""
      }
    },
    {
      "type": "Feature",
      "geometry": {
        "type": "Polygon",
        "coordinates": [
          [
            [
              121.1941131,
              24.9647546
            ],
            [
              121.194062,
              24.964709
            ],
            [
              121.1941536,
              24.9646252
            ],
            [
              121.1942071,
              24.9646701
            ],
            [
              121.1941131,
              24.9647546
            ]
          ]
        ]
      },
      "properties": {
        "osm_id": 1309326948,
        "name": "",
        "name_en": "",
        "building_type": "yes",
        "levels": 3,
        "height": 10.5,
        "addr": "",
        "operator": ""
      }
    },
    {
      "type": "Feature",
      "geometry": {
        "type": "Polygon",
        "coordinates": [
          [
            [
              121.1941398,
              24.9645804
            ],
            [
              121.1940222,
              24.9644649
            ],
            [
              121.1939922,
              24.9644951
            ],
            [
              121.1939541,
              24.9644605
            ],
            [
              121.1939135,
              24.9645039
            ],
            [
              121.1939809,
              24.9645635
            ],
            [
              121.1940303,
              24.9645201
            ],
            [
              121.1941212,
              24.9645995
            ],
            [
              121.1941398,
              24.9645804
            ]
          ]
        ]
      },
      "properties": {
        "osm_id": 1309326949,
        "name": "",
        "name_en": "",
        "building_type": "yes",
        "levels": 3,
        "height": 10.5,
        "addr": "",
        "operator": ""
      }
    },
    {
      "type": "Feature",
      "geometry": {
        "type": "Polygon",
        "coordinates": [
          [
            [
              121.1939865,
              24.9648686
            ],
            [
              121.1938057,
              24.9646392
            ],
            [
              121.1938592,
              24.9646039
            ],
            [
              121.1940474,
              24.9648282
            ],
            [
              121.1940401,
              24.9648348
            ],
            [
              121.1940709,
              24.9648686
            ],
            [
              121.1940904,
              24.9648524
            ],
            [
              121.1941163,
              24.9648796
            ],
            [
              121.1940628,
              24.9649237
            ],
            [
              121.1940028,
              24.9648576
            ],
            [
              121.1939865,
              24.9648686
            ]
          ]
        ]
      },
      "properties": {
        "osm_id": 1309326950,
        "name": "",
        "name_en": "",
        "building_type": "yes",
        "levels": 3,
        "height": 10.5,
        "addr": "",
        "operator": ""
      }
    },
    {
      "type": "Feature",
      "geometry": {
        "type": "Polygon",
        "coordinates": [
          [
            [
              121.1938632,
              24.964859
            ],
            [
              121.1937343,
              24.9647348
            ],
            [
              121.1937992,
              24.9646605
            ],
            [
              121.1938813,
              24.9647414
            ],
            [
              121.1938444,
              24.9647745
            ],
            [
              121.1938994,
              24.9648286
            ],
            [
              121.1938632,
              24.964859
            ]
          ]
        ]
      },
      "properties": {
        "osm_id": 1309326951,
        "name": "",
        "name_en": "",
        "building_type": "yes",
        "levels": 3,
        "height": 10.5,
        "addr": "",
        "operator": ""
      }
    },
    {
      "type": "Feature",
      "geometry": {
        "type": "Polygon",
        "coordinates": [
          [
            [
              121.1936472,
              24.9655159
            ],
            [
              121.1936456,
              24.9648329
            ],
            [
              121.193632,
              24.9648348
            ],
            [
              121.1936316,
              24.9648166
            ],
            [
              121.1936738,
              24.964771
            ],
            [
              121.1937297,
              24.9648225
            ],
            [
              121.193737,
              24.9648166
            ],
            [
              121.1938563,
              24.9649291
            ],
            [
              121.1938627,
              24.9649203
            ],
            [
              121.1938822,
              24.9649357
            ],
            [
              121.1938782,
              24.9649438
            ],
            [
              121.1939893,
              24.9650166
            ],
            [
              121.1940144,
              24.9649865
            ],
            [
              121.1940501,
              24.9650063
            ],
            [
              121.1940266,
              24.9650357
            ],
            [
              121.1940266,
              24.9650504
            ],
            [
              121.1940031,
              24.9650798
            ],
            [
              121.1938506,
              24.9649732
            ],
            [
              121.1938392,
              24.9649762
            ],
            [
              121.1938214,
              24.9649563
            ],
            [
              121.1938149,
              24.9649637
            ],
            [
              121.1937403,
              24.9648975
            ],
            [
              121.1937314,
              24.9649085
            ],
            [
              121.1940096,
              24.96516
            ],
            [
              121.1940241,
              24.9651607
            ],
            [
              121.1940241,
              24.9651262
            ],
            [
              121.1940663,
              24.9651144
            ],
            [
              121.1940963,
              24.9651144
            ],
            [
              121.1940963,
              24.9651578
            ],
            [
              121.1941239,
              24.965157
            ],
            [
              121.194089,
              24.9653019
            ],
            [
              121.1940777,
              24.9653041
            ],
            [
              121.1940834,
              24.965349
            ],
            [
              121.1940241,
              24.965449
            ],
            [
              121.193995,
              24.9654504
            ],
            [
              121.1939958,
              24.9654688
            ],
            [
              121.1939503,
              24.9655056
            ],
            [
              121.1939503,
              24.9655175
            ],
            [
              121.1936472,
              24.9655159
            ]
          ]
        ]
      },
      "properties": {
        "osm_id": 1309326952,
        "name": "",
        "name_en": "",
        "building_type": "yes",
        "levels": 3,
        "height": 10.5,
        "addr": "",
        "operator": ""
      }
    },
    {
      "type": "Feature",
      "geometry": {
        "type": "Polygon",
        "coordinates": [
          [
            [
              121.1933645,
              24.964953
            ],
            [
              121.1934408,
              24.9648457
            ],
            [
              121.1934675,
              24.964828
            ],
            [
              121.1935267,
              24.9648994
            ],
            [
              121.1935486,
              24.9648795
            ],
            [
              121.1935584,
              24.9648847
            ],
            [
              121.1935795,
              24.964903
            ],
            [
              121.1935787,
              24.9650075
            ],
            [
              121.1935543,
              24.9650082
            ],
            [
              121.1935551,
              24.9651413
            ],
            [
              121.1935738,
              24.9651435
            ],
            [
              121.193573,
              24.9652677
            ],
            [
              121.1933556,
              24.9652648
            ],
            [
              121.1933548,
              24.9651869
            ],
            [
              121.193337,
              24.9651869
            ],
            [
              121.1933378,
              24.9651464
            ],
            [
              121.1933597,
              24.9651464
            ],
            [
              121.1933613,
              24.9651207
            ],
            [
              121.193371,
              24.9651222
            ],
            [
              121.1933726,
              24.9651052
            ],
            [
              121.1933945,
              24.965106
            ],
            [
              121.1933929,
              24.9650633
            ],
            [
              121.1934424,
              24.9650038
            ],
            [
              121.1933645,
              24.964953
            ]
          ]
        ]
      },
      "properties": {
        "osm_id": 1309326953,
        "name": "",
        "name_en": "",
        "building_type": "yes",
        "levels": 3,
        "height": 10.5,
        "addr": "",
        "operator": ""
      }
    },
    {
      "type": "Feature",
      "geometry": {
        "type": "Polygon",
        "coordinates": [
          [
            [
              121.1932291,
              24.9653222
            ],
            [
              121.1932583,
              24.965278
            ],
            [
              121.1935592,
              24.9652758
            ],
            [
              121.1935543,
              24.9655185
            ],
            [
              121.1930888,
              24.9655207
            ],
            [
              121.1930892,
              24.965483
            ],
            [
              121.1931032,
              24.9654838
            ],
            [
              121.1931041,
              24.9654593
            ],
            [
              121.1931526,
              24.9654576
            ],
            [
              121.1931554,
              24.9654044
            ],
            [
              121.1932113,
              24.9654053
            ],
            [
              121.1932094,
              24.9653765
            ],
            [
              121.19327,
              24.9653757
            ],
            [
              121.1932709,
              24.9653233
            ],
            [
              121.1932291,
              24.9653222
            ]
          ]
        ]
      },
      "properties": {
        "osm_id": 1309326954,
        "name": "",
        "name_en": "",
        "building_type": "yes",
        "levels": 3,
        "height": 10.5,
        "addr": "",
        "operator": ""
      }
    },
    {
      "type": "Feature",
      "geometry": {
        "type": "Polygon",
        "coordinates": [
          [
            [
              121.192956,
              24.9655205
            ],
            [
              121.1929536,
              24.9654941
            ],
            [
              121.1930153,
              24.9654088
            ],
            [
              121.1930282,
              24.9654161
            ],
            [
              121.1933689,
              24.9649683
            ],
            [
              121.1934281,
              24.965008
            ],
            [
              121.1932813,
              24.965197
            ],
            [
              121.193291,
              24.9652036
            ],
            [
              121.1932383,
              24.9652705
            ],
            [
              121.1932278,
              24.9652639
            ],
            [
              121.1930818,
              24.9654521
            ],
            [
              121.1930907,
              24.9654595
            ],
            [
              121.1930428,
              24.9655213
            ],
            [
              121.1930258,
              24.965511
            ],
            [
              121.1930153,
              24.9655235
            ],
            [
              121.192956,
              24.9655205
            ]
          ]
        ]
      },
      "properties": {
        "osm_id": 1309326955,
        "name": "",
        "name_en": "",
        "building_type": "yes",
        "levels": 3,
        "height": 10.5,
        "addr": "",
        "operator": ""
      }
    },
    {
      "type": "Feature",
      "geometry": {
        "type": "Polygon",
        "coordinates": [
          [
            [
              121.1931158,
              24.9651345
            ],
            [
              121.1931458,
              24.9651529
            ],
            [
              121.1930299,
              24.9653044
            ],
            [
              121.1930169,
              24.9653044
            ],
            [
              121.1929877,
              24.9653396
            ],
            [
              121.1929528,
              24.9653389
            ],
            [
              121.1929487,
              24.9652735
            ],
            [
              121.192965,
              24.9652727
            ],
            [
              121.1929431,
              24.9648933
            ],
            [
              121.1930144,
              24.9648911
            ],
            [
              121.1930136,
              24.9648735
            ],
            [
              121.1930363,
              24.9648507
            ],
            [
              121.1932634,
              24.964986
            ],
            [
              121.1931775,
              24.9650963
            ],
            [
              121.1930242,
              24.9649977
            ],
            [
              121.1930355,
              24.9652374
            ],
            [
              121.1931158,
              24.9651345
            ]
          ]
        ]
      },
      "properties": {
        "osm_id": 1309326956,
        "name": "",
        "name_en": "",
        "building_type": "yes",
        "levels": 3,
        "height": 10.5,
        "addr": "",
        "operator": ""
      }
    },
    {
      "type": "Feature",
      "geometry": {
        "type": "Polygon",
        "coordinates": [
          [
            [
              121.1932659,
              24.9649773
            ],
            [
              121.1931205,
              24.964892
            ],
            [
              121.1930711,
              24.9648135
            ],
            [
              121.1929677,
              24.964876
            ],
            [
              121.1929267,
              24.964816
            ],
            [
              121.1929435,
              24.9648067
            ],
            [
              121.1929249,
              24.9647881
            ],
            [
              121.1929258,
              24.9647205
            ],
            [
              121.1932593,
              24.9645221
            ],
            [
              121.193346,
              24.964642
            ],
            [
              121.1933236,
              24.964658
            ],
            [
              121.1933595,
              24.9647053
            ],
            [
              121.1933796,
              24.9646935
            ],
            [
              121.1934056,
              24.9647247
            ],
            [
              121.1934187,
              24.9647746
            ],
            [
              121.1932659,
              24.9649773
            ]
          ]
        ]
      },
      "properties": {
        "osm_id": 1309326957,
        "name": "",
        "name_en": "",
        "building_type": "yes",
        "levels": 3,
        "height": 10.5,
        "addr": "",
        "operator": ""
      }
    },
    {
      "type": "Feature",
      "geometry": {
        "type": "Polygon",
        "coordinates": [
          [
            [
              121.1931267,
              24.9645899
            ],
            [
              121.1931058,
              24.9645591
            ],
            [
              121.193192,
              24.9645111
            ],
            [
              121.1932128,
              24.9645419
            ],
            [
              121.1931267,
              24.9645899
            ]
          ]
        ]
      },
      "properties": {
        "osm_id": 1309326958,
        "name": "",
        "name_en": "",
        "building_type": "yes",
        "levels": 3,
        "height": 10.5,
        "addr": "",
        "operator": ""
      }
    },
    {
      "type": "Feature",
      "geometry": {
        "type": "Polygon",
        "coordinates": [
          [
            [
              121.1929169,
              24.964786
            ],
            [
              121.1929128,
              24.9645978
            ],
            [
              121.1931983,
              24.9644331
            ],
            [
              121.1929874,
              24.9641242
            ],
            [
              121.1927757,
              24.9642426
            ],
            [
              121.1928422,
              24.9643382
            ],
            [
              121.1926906,
              24.9643948
            ],
            [
              121.1927165,
              24.9644448
            ],
            [
              121.19271,
              24.9644514
            ],
            [
              121.1928633,
              24.9647992
            ],
            [
              121.1929169,
              24.964786
            ]
          ]
        ]
      },
      "properties": {
        "osm_id": 1309326959,
        "name": "",
        "name_en": "",
        "building_type": "yes",
        "levels": 3,
        "height": 10.5,
        "addr": "",
        "operator": ""
      }
    },
    {
      "type": "Feature",
      "geometry": {
        "type": "Polygon",
        "coordinates": [
          [
            [
              121.193684,
              24.9646078
            ],
            [
              121.1937035,
              24.9646321
            ],
            [
              121.1935867,
              24.9647821
            ],
            [
              121.1935437,
              24.9647872
            ],
            [
              121.193495,
              24.9647453
            ],
            [
              121.1935291,
              24.9647085
            ],
            [
              121.1934853,
              24.9647306
            ],
            [
              121.1930433,
              24.9640879
            ],
            [
              121.1932233,
              24.9639902
            ],
            [
              121.1933482,
              24.9641688
            ],
            [
              121.193362,
              24.9641615
            ],
            [
              121.1933945,
              24.964196
            ],
            [
              121.1933685,
              24.9642137
            ],
            [
              121.193422,
              24.9642924
            ],
            [
              121.193362,
              24.9643247
            ],
            [
              121.1934139,
              24.9644012
            ],
            [
              121.1935015,
              24.9643475
            ],
            [
              121.1935534,
              24.9644277
            ],
            [
              121.1935299,
              24.9644365
            ],
            [
              121.1936207,
              24.9645762
            ],
            [
              121.193684,
              24.9646078
            ]
          ]
        ]
      },
      "properties": {
        "osm_id": 1309326960,
        "name": "",
        "name_en": "",
        "building_type": "yes",
        "levels": 3,
        "height": 10.5,
        "addr": "",
        "operator": ""
      }
    },
    {
      "type": "Feature",
      "geometry": {
        "type": "Polygon",
        "coordinates": [
          [
            [
              121.1936134,
              24.9644085
            ],
            [
              121.1935899,
              24.9643659
            ],
            [
              121.1937221,
              24.9643034
            ],
            [
              121.1937481,
              24.9643468
            ],
            [
              121.1936134,
              24.9644085
            ]
          ]
        ]
      },
      "properties": {
        "osm_id": 1309326961,
        "name": "",
        "name_en": "",
        "building_type": "yes",
        "levels": 3,
        "height": 10.5,
        "addr": "",
        "operator": ""
      }
    },
    {
      "type": "Feature",
      "geometry": {
        "type": "Polygon",
        "coordinates": [
          [
            [
              121.193345,
              24.9640703
            ],
            [
              121.1932298,
              24.9639159
            ],
            [
              121.1932623,
              24.9638953
            ],
            [
              121.1933774,
              24.9640482
            ],
            [
              121.193345,
              24.9640703
            ]
          ]
        ]
      },
      "properties": {
        "osm_id": 1309326962,
        "name": "",
        "name_en": "",
        "building_type": "yes",
        "levels": 3,
        "height": 10.5,
        "addr": "",
        "operator": ""
      }
    },
    {
      "type": "Feature",
      "geometry": {
        "type": "Polygon",
        "coordinates": [
          [
            [
              121.1931844,
              24.9638607
            ],
            [
              121.1930335,
              24.9636203
            ],
            [
              121.1930871,
              24.9635982
            ],
            [
              121.1931625,
              24.9637203
            ],
            [
              121.1931695,
              24.9637176
            ],
            [
              121.1932418,
              24.9638338
            ],
            [
              121.1931844,
              24.9638607
            ]
          ]
        ]
      },
      "properties": {
        "osm_id": 1309326963,
        "name": "",
        "name_en": "",
        "building_type": "yes",
        "levels": 3,
        "height": 10.5,
        "addr": "",
        "operator": ""
      }
    },
    {
      "type": "Feature",
      "geometry": {
        "type": "Polygon",
        "coordinates": [
          [
            [
              121.1930082,
              24.9640375
            ],
            [
              121.192949,
              24.9639559
            ],
            [
              121.1931128,
              24.9638566
            ],
            [
              121.1931777,
              24.9639485
            ],
            [
              121.1930082,
              24.9640375
            ]
          ]
        ]
      },
      "properties": {
        "osm_id": 1309326964,
        "name": "",
        "name_en": "",
        "building_type": "yes",
        "levels": 3,
        "height": 10.5,
        "addr": "",
        "operator": ""
      }
    },
    {
      "type": "Feature",
      "geometry": {
        "type": "Polygon",
        "coordinates": [
          [
            [
              121.1928946,
              24.9638699
            ],
            [
              121.1928078,
              24.9637463
            ],
            [
              121.1929725,
              24.9636471
            ],
            [
              121.1930041,
              24.9636868
            ],
            [
              121.1930147,
              24.9636816
            ],
            [
              121.1930447,
              24.9637309
            ],
            [
              121.1930309,
              24.9637405
            ],
            [
              121.1930552,
              24.963778
            ],
            [
              121.1928946,
              24.9638699
            ]
          ]
        ]
      },
      "properties": {
        "osm_id": 1309326965,
        "name": "",
        "name_en": "",
        "building_type": "yes",
        "levels": 3,
        "height": 10.5,
        "addr": "",
        "operator": ""
      }
    },
    {
      "type": "Feature",
      "geometry": {
        "type": "Polygon",
        "coordinates": [
          [
            [
              121.1927616,
              24.963689
            ],
            [
              121.1927219,
              24.9636103
            ],
            [
              121.1926545,
              24.9636221
            ],
            [
              121.1925986,
              24.9635441
            ],
            [
              121.1926148,
              24.963536
            ],
            [
              121.1926562,
              24.9635985
            ],
            [
              121.1927178,
              24.9635934
            ],
            [
              121.1929189,
              24.9635257
            ],
            [
              121.1929611,
              24.9636162
            ],
            [
              121.1927616,
              24.963689
            ]
          ]
        ]
      },
      "properties": {
        "osm_id": 1309326966,
        "name": "",
        "name_en": "",
        "building_type": "yes",
        "levels": 3,
        "height": 10.5,
        "addr": "",
        "operator": ""
      }
    },
    {
      "type": "Feature",
      "geometry": {
        "type": "Polygon",
        "coordinates": [
          [
            [
              121.1906901,
              24.9633282
            ],
            [
              121.1906812,
              24.9632877
            ],
            [
              121.190673,
              24.9632914
            ],
            [
              121.1906177,
              24.9630267
            ],
            [
              121.1908495,
              24.9629869
            ],
            [
              121.190843,
              24.9630385
            ],
            [
              121.1908243,
              24.963043
            ],
            [
              121.1908137,
              24.9631344
            ],
            [
              121.1910267,
              24.9630865
            ],
            [
              121.1910365,
              24.9631329
            ],
            [
              121.1912154,
              24.9630946
            ],
            [
              121.1912341,
              24.9630555
            ],
            [
              121.1912511,
              24.9630555
            ],
            [
              121.1911674,
              24.9632206
            ],
            [
              121.1911519,
              24.9632169
            ],
            [
              121.1911877,
              24.9631528
            ],
            [
              121.1908373,
              24.9632184
            ],
            [
              121.1908527,
              24.9633024
            ],
            [
              121.1906901,
              24.9633282
            ]
          ]
        ]
      },
      "properties": {
        "osm_id": 1309346970,
        "name": "",
        "name_en": "",
        "building_type": "yes",
        "levels": 3,
        "height": 10.5,
        "addr": "",
        "operator": ""
      }
    },
    {
      "type": "Feature",
      "geometry": {
        "type": "Polygon",
        "coordinates": [
          [
            [
              121.1907055,
              24.9634653
            ],
            [
              121.190695,
              24.9634196
            ],
            [
              121.1907088,
              24.9634167
            ],
            [
              121.1907015,
              24.9633776
            ],
            [
              121.1908714,
              24.9633467
            ],
            [
              121.1908535,
              24.9632612
            ],
            [
              121.1910438,
              24.9632206
            ],
            [
              121.1910739,
              24.9633474
            ],
            [
              121.1910153,
              24.9633607
            ],
            [
              121.1910218,
              24.9634034
            ],
            [
              121.1907055,
              24.9634653
            ]
          ]
        ]
      },
      "properties": {
        "osm_id": 1309346971,
        "name": "",
        "name_en": "",
        "building_type": "yes",
        "levels": 3,
        "height": 10.5,
        "addr": "",
        "operator": ""
      }
    },
    {
      "type": "Feature",
      "geometry": {
        "type": "Polygon",
        "coordinates": [
          [
            [
              121.1907373,
              24.9635671
            ],
            [
              121.1907259,
              24.9635044
            ],
            [
              121.1909779,
              24.9634513
            ],
            [
              121.1909901,
              24.9634985
            ],
            [
              121.1909625,
              24.9635066
            ],
            [
              121.1909698,
              24.9635494
            ],
            [
              121.1908047,
              24.9635855
            ],
            [
              121.1907966,
              24.9635744
            ],
            [
              121.1907373,
              24.9635671
            ]
          ]
        ]
      },
      "properties": {
        "osm_id": 1309346972,
        "name": "",
        "name_en": "",
        "building_type": "yes",
        "levels": 3,
        "height": 10.5,
        "addr": "",
        "operator": ""
      }
    },
    {
      "type": "Feature",
      "geometry": {
        "type": "Polygon",
        "coordinates": [
          [
            [
              121.1910825,
              24.9630305
            ],
            [
              121.1910727,
              24.9629893
            ],
            [
              121.191138,
              24.9629765
            ],
            [
              121.1911478,
              24.9630177
            ],
            [
              121.1910825,
              24.9630305
            ]
          ]
        ]
      },
      "properties": {
        "osm_id": 1309346973,
        "name": "",
        "name_en": "",
        "building_type": "yes",
        "levels": 3,
        "height": 10.5,
        "addr": "",
        "operator": ""
      }
    },
    {
      "type": "Feature",
      "geometry": {
        "type": "Polygon",
        "coordinates": [
          [
            [
              121.1911934,
              24.9632657
            ],
            [
              121.1912641,
              24.9631595
            ],
            [
              121.1915698,
              24.9633276
            ],
            [
              121.1915308,
              24.9633917
            ],
            [
              121.1915194,
              24.9633873
            ],
            [
              121.1914877,
              24.9634308
            ],
            [
              121.1911934,
              24.9632657
            ]
          ]
        ]
      },
      "properties": {
        "osm_id": 1309346974,
        "name": "",
        "name_en": "",
        "building_type": "yes",
        "levels": 3,
        "height": 10.5,
        "addr": "",
        "operator": ""
      }
    },
    {
      "type": "Feature",
      "geometry": {
        "type": "Polygon",
        "coordinates": [
          [
            [
              121.1913787,
              24.9635354
            ],
            [
              121.191121,
              24.963388
            ],
            [
              121.1911698,
              24.9633084
            ],
            [
              121.1914373,
              24.963458
            ],
            [
              121.1914007,
              24.963492
            ],
            [
              121.1914153,
              24.9634986
            ],
            [
              121.1913787,
              24.9635354
            ]
          ]
        ]
      },
      "properties": {
        "osm_id": 1309346975,
        "name": "",
        "name_en": "",
        "building_type": "yes",
        "levels": 3,
        "height": 10.5,
        "addr": "",
        "operator": ""
      }
    },
    {
      "type": "Feature",
      "geometry": {
        "type": "Polygon",
        "coordinates": [
          [
            [
              121.1913748,
              24.9635411
            ],
            [
              121.1911195,
              24.9633974
            ],
            [
              121.1911016,
              24.963421
            ],
            [
              121.1911252,
              24.9634313
            ],
            [
              121.1911033,
              24.9634696
            ],
            [
              121.1912944,
              24.9635743
            ],
            [
              121.1912838,
              24.9635912
            ],
            [
              121.1913114,
              24.9636075
            ],
            [
              121.1913748,
              24.9635411
            ]
          ]
        ]
      },
      "properties": {
        "osm_id": 1309346976,
        "name": "",
        "name_en": "",
        "building_type": "yes",
        "levels": 3,
        "height": 10.5,
        "addr": "",
        "operator": ""
      }
    },
    {
      "type": "Feature",
      "geometry": {
        "type": "Polygon",
        "coordinates": [
          [
            [
              121.1910569,
              24.9635254
            ],
            [
              121.1910772,
              24.9634804
            ],
            [
              121.1911292,
              24.9635099
            ],
            [
              121.1911089,
              24.9635512
            ],
            [
              121.1910569,
              24.9635254
            ]
          ]
        ]
      },
      "properties": {
        "osm_id": 1309346977,
        "name": "",
        "name_en": "",
        "building_type": "yes",
        "levels": 3,
        "height": 10.5,
        "addr": "",
        "operator": ""
      }
    },
    {
      "type": "Feature",
      "geometry": {
        "type": "Polygon",
        "coordinates": [
          [
            [
              121.1910284,
              24.9635903
            ],
            [
              121.1910552,
              24.9635401
            ],
            [
              121.1910991,
              24.9635615
            ],
            [
              121.1910715,
              24.9636072
            ],
            [
              121.1910284,
              24.9635903
            ]
          ]
        ]
      },
      "properties": {
        "osm_id": 1309346978,
        "name": "",
        "name_en": "",
        "building_type": "yes",
        "levels": 3,
        "height": 10.5,
        "addr": "",
        "operator": ""
      }
    },
    {
      "type": "Feature",
      "geometry": {
        "type": "Polygon",
        "coordinates": [
          [
            [
              121.1909764,
              24.9636824
            ],
            [
              121.191004,
              24.9636404
            ],
            [
              121.1911788,
              24.9637296
            ],
            [
              121.1911447,
              24.9637642
            ],
            [
              121.1909764,
              24.9636824
            ]
          ]
        ]
      },
      "properties": {
        "osm_id": 1309346979,
        "name": "",
        "name_en": "",
        "building_type": "yes",
        "levels": 3,
        "height": 10.5,
        "addr": "",
        "operator": ""
      }
    },
    {
      "type": "Feature",
      "geometry": {
        "type": "Polygon",
        "coordinates": [
          [
            [
              121.1907528,
              24.9636397
            ],
            [
              121.1908414,
              24.9636485
            ],
            [
              121.1909536,
              24.9637141
            ],
            [
              121.1909536,
              24.9637266
            ],
            [
              121.1909739,
              24.9637281
            ],
            [
              121.1909723,
              24.9637443
            ],
            [
              121.1909682,
              24.9637532
            ],
            [
              121.1910626,
              24.9637731
            ],
            [
              121.1911016,
              24.9637981
            ],
            [
              121.1910552,
              24.9638586
            ],
            [
              121.1910008,
              24.9638534
            ],
            [
              121.1909934,
              24.963891
            ],
            [
              121.1910813,
              24.9639655
            ],
            [
              121.1910764,
              24.9639942
            ],
            [
              121.190852,
              24.9639633
            ],
            [
              121.1908577,
              24.9639249
            ],
            [
              121.1906975,
              24.9638999
            ],
            [
              121.1907097,
              24.9638107
            ],
            [
              121.1907194,
              24.9638114
            ],
            [
              121.1907398,
              24.9636795
            ],
            [
              121.1907528,
              24.9636397
            ]
          ]
        ]
      },
      "properties": {
        "osm_id": 1309346980,
        "name": "",
        "name_en": "",
        "building_type": "yes",
        "levels": 3,
        "height": 10.5,
        "addr": "",
        "operator": ""
      }
    },
    {
      "type": "Feature",
      "geometry": {
        "type": "Polygon",
        "coordinates": [
          [
            [
              121.1906747,
              24.9641531
            ],
            [
              121.1906982,
              24.963985
            ],
            [
              121.1909893,
              24.9640285
            ],
            [
              121.1909869,
              24.9640558
            ],
            [
              121.1909674,
              24.9640565
            ],
            [
              121.1909666,
              24.9640661
            ],
            [
              121.1906747,
              24.9641531
            ]
          ]
        ]
      },
      "properties": {
        "osm_id": 1309346983,
        "name": "",
        "name_en": "",
        "building_type": "yes",
        "levels": 3,
        "height": 10.5,
        "addr": "",
        "operator": ""
      }
    },
    {
      "type": "Feature",
      "geometry": {
        "type": "Polygon",
        "coordinates": [
          [
            [
              121.1909296,
              24.9641396
            ],
            [
              121.1909129,
              24.9640919
            ],
            [
              121.1912392,
              24.9639977
            ],
            [
              121.191256,
              24.9640454
            ],
            [
              121.1909296,
              24.9641396
            ]
          ]
        ]
      },
      "properties": {
        "osm_id": 1309346984,
        "name": "",
        "name_en": "",
        "building_type": "yes",
        "levels": 3,
        "height": 10.5,
        "addr": "",
        "operator": ""
      }
    },
    {
      "type": "Feature",
      "geometry": {
        "type": "Polygon",
        "coordinates": [
          [
            [
              121.1906763,
              24.9641605
            ],
            [
              121.1908869,
              24.9641266
            ],
            [
              121.1909007,
              24.964201
            ],
            [
              121.1909487,
              24.9641944
            ],
            [
              121.1909804,
              24.9642814
            ],
            [
              121.1909909,
              24.9642799
            ],
            [
              121.19096,
              24.9641914
            ],
            [
              121.1911869,
              24.9641288
            ],
            [
              121.1912023,
              24.9641745
            ],
            [
              121.191043,
              24.9642172
            ],
            [
              121.1910448,
              24.9642229
            ],
            [
              121.1911151,
              24.9642042
            ],
            [
              121.1912188,
              24.9644331
            ],
            [
              121.1912112,
              24.9644433
            ],
            [
              121.1911754,
              24.9644507
            ],
            [
              121.1911713,
              24.9644419
            ],
            [
              121.1910746,
              24.9644559
            ],
            [
              121.1910486,
              24.9644021
            ],
            [
              121.1910575,
              24.9644596
            ],
            [
              121.1907949,
              24.9645023
            ],
            [
              121.190681,
              24.9642436
            ],
            [
              121.1906884,
              24.9642392
            ],
            [
              121.1906763,
              24.9641605
            ]
          ]
        ]
      },
      "properties": {
        "osm_id": 1309346985,
        "name": "",
        "name_en": "",
        "building_type": "yes",
        "levels": 3,
        "height": 10.5,
        "addr": "",
        "operator": ""
      }
    },
    {
      "type": "Feature",
      "geometry": {
        "type": "Polygon",
        "coordinates": [
          [
            [
              121.1912014,
              24.9643691
            ],
            [
              121.1911323,
              24.9642201
            ],
            [
              121.1911995,
              24.964198
            ],
            [
              121.1912649,
              24.964342
            ],
            [
              121.1912649,
              24.964353
            ],
            [
              121.1912322,
              24.9643674
            ],
            [
              121.1912135,
              24.9643589
            ],
            [
              121.1912014,
              24.9643691
            ]
          ]
        ]
      },
      "properties": {
        "osm_id": 1309346986,
        "name": "",
        "name_en": "",
        "building_type": "yes",
        "levels": 3,
        "height": 10.5,
        "addr": "",
        "operator": ""
      }
    },
    {
      "type": "Feature",
      "geometry": {
        "type": "Polygon",
        "coordinates": [
          [
            [
              121.1912244,
              24.9642113
            ],
            [
              121.1912082,
              24.9641641
            ],
            [
              121.1912415,
              24.9641567
            ],
            [
              121.1912293,
              24.9641088
            ],
            [
              121.1914602,
              24.9640594
            ],
            [
              121.1914716,
              24.9641132
            ],
            [
              121.1914928,
              24.9641081
            ],
            [
              121.1915033,
              24.9641552
            ],
            [
              121.1912244,
              24.9642113
            ]
          ]
        ]
      },
      "properties": {
        "osm_id": 1309346987,
        "name": "",
        "name_en": "",
        "building_type": "yes",
        "levels": 3,
        "height": 10.5,
        "addr": "",
        "operator": ""
      }
    },
    {
      "type": "Feature",
      "geometry": {
        "type": "Polygon",
        "coordinates": [
          [
            [
              121.1912838,
              24.9643469
            ],
            [
              121.1912464,
              24.9642496
            ],
            [
              121.1915359,
              24.964195
            ],
            [
              121.1915489,
              24.9642459
            ],
            [
              121.191557,
              24.9642444
            ],
            [
              121.1915684,
              24.9642946
            ],
            [
              121.191579,
              24.9642938
            ],
            [
              121.1916009,
              24.9643683
            ],
            [
              121.1913659,
              24.9644147
            ],
            [
              121.191357,
              24.9643705
            ],
            [
              121.1913887,
              24.9643661
            ],
            [
              121.1913822,
              24.9643277
            ],
            [
              121.1912838,
              24.9643469
            ]
          ]
        ]
      },
      "properties": {
        "osm_id": 1309346988,
        "name": "",
        "name_en": "",
        "building_type": "yes",
        "levels": 3,
        "height": 10.5,
        "addr": "",
        "operator": ""
      }
    },
    {
      "type": "Feature",
      "geometry": {
        "type": "Polygon",
        "coordinates": [
          [
            [
              121.192221,
              24.9642482
            ],
            [
              121.1921405,
              24.964033
            ],
            [
              121.1922397,
              24.9640013
            ],
            [
              121.1923242,
              24.9642136
            ],
            [
              121.192221,
              24.9642482
            ]
          ]
        ]
      },
      "properties": {
        "osm_id": 1309346989,
        "name": "",
        "name_en": "",
        "building_type": "yes",
        "levels": 3,
        "height": 10.5,
        "addr": "",
        "operator": ""
      }
    },
    {
      "type": "Feature",
      "geometry": {
        "type": "Polygon",
        "coordinates": [
          [
            [
              121.1923665,
              24.9642541
            ],
            [
              121.1923064,
              24.9641244
            ],
            [
              121.1923657,
              24.9641
            ],
            [
              121.192421,
              24.9642335
            ],
            [
              121.1923665,
              24.9642541
            ]
          ]
        ]
      },
      "properties": {
        "osm_id": 1309346990,
        "name": "",
        "name_en": "",
        "building_type": "yes",
        "levels": 3,
        "height": 10.5,
        "addr": "",
        "operator": ""
      }
    },
    {
      "type": "Feature",
      "geometry": {
        "type": "Polygon",
        "coordinates": [
          [
            [
              121.1924787,
              24.9642379
            ],
            [
              121.1923584,
              24.9639777
            ],
            [
              121.1924153,
              24.9639548
            ],
            [
              121.1925373,
              24.9642165
            ],
            [
              121.1924787,
              24.9642379
            ]
          ]
        ]
      },
      "properties": {
        "osm_id": 1309346991,
        "name": "",
        "name_en": "",
        "building_type": "yes",
        "levels": 3,
        "height": 10.5,
        "addr": "",
        "operator": ""
      }
    },
    {
      "type": "Feature",
      "geometry": {
        "type": "Polygon",
        "coordinates": [
          [
            [
              121.1923234,
              24.964434
            ],
            [
              121.1923047,
              24.9643396
            ],
            [
              121.1925056,
              24.9643079
            ],
            [
              121.1925235,
              24.9644089
            ],
            [
              121.1923234,
              24.964434
            ]
          ]
        ]
      },
      "properties": {
        "osm_id": 1309346992,
        "name": "",
        "name_en": "",
        "building_type": "yes",
        "levels": 3,
        "height": 10.5,
        "addr": "",
        "operator": ""
      }
    },
    {
      "type": "Feature",
      "geometry": {
        "type": "Polygon",
        "coordinates": [
          [
            [
              121.1923364,
              24.9645158
            ],
            [
              121.192321,
              24.9644612
            ],
            [
              121.1926243,
              24.9643986
            ],
            [
              121.1926405,
              24.9644487
            ],
            [
              121.1923364,
              24.9645158
            ]
          ]
        ]
      },
      "properties": {
        "osm_id": 1309346993,
        "name": "",
        "name_en": "",
        "building_type": "yes",
        "levels": 3,
        "height": 10.5,
        "addr": "",
        "operator": ""
      }
    },
    {
      "type": "Feature",
      "geometry": {
        "type": "Polygon",
        "coordinates": [
          [
            [
              121.1919551,
              24.9645998
            ],
            [
              121.1919153,
              24.9644015
            ],
            [
              121.1922007,
              24.9643521
            ],
            [
              121.1922389,
              24.9645423
            ],
            [
              121.1920323,
              24.9645762
            ],
            [
              121.1920364,
              24.9645895
            ],
            [
              121.1919551,
              24.9645998
            ]
          ]
        ]
      },
      "properties": {
        "osm_id": 1309346994,
        "name": "",
        "name_en": "",
        "building_type": "yes",
        "levels": 3,
        "height": 10.5,
        "addr": "",
        "operator": ""
      }
    },
    {
      "type": "Feature",
      "geometry": {
        "type": "Polygon",
        "coordinates": [
          [
            [
              121.191934,
              24.9646131
            ],
            [
              121.1918901,
              24.9644089
            ],
            [
              121.1916038,
              24.9644465
            ],
            [
              121.1916453,
              24.9646271
            ],
            [
              121.191603,
              24.9646367
            ],
            [
              121.1915917,
              24.9645917
            ],
            [
              121.1916136,
              24.9645851
            ],
            [
              121.1915851,
              24.964445
            ],
            [
              121.1912103,
              24.9645084
            ],
            [
              121.1912209,
              24.9645711
            ],
            [
              121.1911989,
              24.964574
            ],
            [
              121.1911884,
              24.9645062
            ],
            [
              121.1908493,
              24.9645548
            ],
            [
              121.1908574,
              24.9646153
            ],
            [
              121.1908981,
              24.9646057
            ],
            [
              121.1909054,
              24.9646485
            ],
            [
              121.1908769,
              24.9646507
            ],
            [
              121.1909087,
              24.9647487
            ],
            [
              121.1908989,
              24.9647517
            ],
            [
              121.1909339,
              24.9648593
            ],
            [
              121.1911827,
              24.9648563
            ],
            [
              121.1911843,
              24.9648025
            ],
            [
              121.1910892,
              24.9648084
            ],
            [
              121.1910818,
              24.9647959
            ],
            [
              121.1912249,
              24.9647627
            ],
            [
              121.1911957,
              24.964616
            ],
            [
              121.1912103,
              24.9646101
            ],
            [
              121.191216,
              24.9646278
            ],
            [
              121.1912323,
              24.9646263
            ],
            [
              121.1912518,
              24.9647244
            ],
            [
              121.1912623,
              24.9647546
            ],
            [
              121.1914046,
              24.9647332
            ],
            [
              121.1914022,
              24.9647222
            ],
            [
              121.1914518,
              24.9647119
            ],
            [
              121.1914331,
              24.9646005
            ],
            [
              121.1914916,
              24.9645888
            ],
            [
              121.191516,
              24.9646949
            ],
            [
              121.1917104,
              24.9646647
            ],
            [
              121.1917087,
              24.9646514
            ],
            [
              121.191934,
              24.9646131
            ]
          ]
        ]
      },
      "properties": {
        "osm_id": 1309346995,
        "name": "",
        "name_en": "",
        "building_type": "yes",
        "levels": 3,
        "height": 10.5,
        "addr": "",
        "operator": ""
      }
    },
    {
      "type": "Feature",
      "geometry": {
        "type": "Polygon",
        "coordinates": [
          [
            [
              121.1910147,
              24.9650833
            ],
            [
              121.1909773,
              24.9649499
            ],
            [
              121.1910114,
              24.9649137
            ],
            [
              121.1914692,
              24.964899
            ],
            [
              121.1914676,
              24.964986
            ],
            [
              121.1915115,
              24.9649845
            ],
            [
              121.1915131,
              24.9648968
            ],
            [
              121.1916196,
              24.9648931
            ],
            [
              121.1916249,
              24.9650689
            ],
            [
              121.1914285,
              24.9650766
            ],
            [
              121.1914253,
              24.9650656
            ],
            [
              121.1911813,
              24.9650722
            ],
            [
              121.1911813,
              24.9650811
            ],
            [
              121.1910147,
              24.9650833
            ]
          ]
        ]
      },
      "properties": {
        "osm_id": 1309346996,
        "name": "",
        "name_en": "",
        "building_type": "yes",
        "levels": 3,
        "height": 10.5,
        "addr": "",
        "operator": ""
      }
    },
    {
      "type": "Feature",
      "geometry": {
        "type": "Polygon",
        "coordinates": [
          [
            [
              121.1916546,
              24.965056
            ],
            [
              121.1916505,
              24.9648902
            ],
            [
              121.1923977,
              24.9648761
            ],
            [
              121.1924002,
              24.9650435
            ],
            [
              121.1922855,
              24.9650479
            ],
            [
              121.1922847,
              24.9650405
            ],
            [
              121.1916546,
              24.965056
            ]
          ]
        ]
      },
      "properties": {
        "osm_id": 1309346997,
        "name": "",
        "name_en": "",
        "building_type": "yes",
        "levels": 3,
        "height": 10.5,
        "addr": "",
        "operator": ""
      }
    },
    {
      "type": "Feature",
      "geometry": {
        "type": "Polygon",
        "coordinates": [
          [
            [
              121.1924685,
              24.9650648
            ],
            [
              121.1924636,
              24.9648784
            ],
            [
              121.1926116,
              24.9648791
            ],
            [
              121.1926108,
              24.9648621
            ],
            [
              121.1926742,
              24.9648592
            ],
            [
              121.1926717,
              24.9648747
            ],
            [
              121.192688,
              24.9649373
            ],
            [
              121.1926953,
              24.9650162
            ],
            [
              121.1926783,
              24.9650199
            ],
            [
              121.1926815,
              24.965059
            ],
            [
              121.1924685,
              24.9650648
            ]
          ]
        ]
      },
      "properties": {
        "osm_id": 1309346998,
        "name": "",
        "name_en": "",
        "building_type": "yes",
        "levels": 3,
        "height": 10.5,
        "addr": "",
        "operator": ""
      }
    },
    {
      "type": "Feature",
      "geometry": {
        "type": "Polygon",
        "coordinates": [
          [
            [
              121.1922062,
              24.9647987
            ],
            [
              121.1921998,
              24.9645692
            ],
            [
              121.1923686,
              24.9645616
            ],
            [
              121.1923678,
              24.9645509
            ],
            [
              121.1924265,
              24.9645468
            ],
            [
              121.1924377,
              24.9647848
            ],
            [
              121.1922062,
              24.9647987
            ]
          ]
        ]
      },
      "properties": {
        "osm_id": 1309346999,
        "name": "",
        "name_en": "",
        "building_type": "yes",
        "levels": 3,
        "height": 10.5,
        "addr": "",
        "operator": ""
      }
    },
    {
      "type": "Feature",
      "geometry": {
        "type": "Polygon",
        "coordinates": [
          [
            [
              121.1921969,
              24.96483
            ],
            [
              121.192188,
              24.964603
            ],
            [
              121.1919904,
              24.9646111
            ],
            [
              121.1919896,
              24.9646413
            ],
            [
              121.1918384,
              24.9646442
            ],
            [
              121.1918359,
              24.9646582
            ],
            [
              121.1917855,
              24.9646619
            ],
            [
              121.1917473,
              24.9646708
            ],
            [
              121.1916985,
              24.9646914
            ],
            [
              121.1915985,
              24.9646929
            ],
            [
              121.1915977,
              24.9647113
            ],
            [
              121.1914879,
              24.9647172
            ],
            [
              121.1914871,
              24.9647356
            ],
            [
              121.1914107,
              24.9647386
            ],
            [
              121.1914131,
              24.9648425
            ],
            [
              121.1919985,
              24.9648256
            ],
            [
              121.1919969,
              24.9648351
            ],
            [
              121.1921969,
              24.96483
            ]
          ]
        ]
      },
      "properties": {
        "osm_id": 1309347000,
        "name": "",
        "name_en": "",
        "building_type": "yes",
        "levels": 3,
        "height": 10.5,
        "addr": "",
        "operator": ""
      }
    },
    {
      "type": "Feature",
      "geometry": {
        "type": "Polygon",
        "coordinates": [
          [
            [
              121.191296,
              24.9648484
            ],
            [
              121.191295,
              24.9647563
            ],
            [
              121.1913519,
              24.964757
            ],
            [
              121.1913511,
              24.9647497
            ],
            [
              121.1913771,
              24.9647497
            ],
            [
              121.1913803,
              24.9648433
            ],
            [
              121.191296,
              24.9648484
            ]
          ]
        ]
      },
      "properties": {
        "osm_id": 1309347001,
        "name": "",
        "name_en": "",
        "building_type": "yes",
        "levels": 3,
        "height": 10.5,
        "addr": "",
        "operator": ""
      }
    },
    {
      "type": "Feature",
      "geometry": {
        "type": "Polygon",
        "coordinates": [
          [
            [
              121.1924593,
              24.9648226
            ],
            [
              121.1924439,
              24.9645381
            ],
            [
              121.1925764,
              24.9645344
            ],
            [
              121.1925731,
              24.9644909
            ],
            [
              121.1926447,
              24.9644659
            ],
            [
              121.1926601,
              24.9645189
            ],
            [
              121.1926715,
              24.9645175
            ],
            [
              121.1927748,
              24.9647762
            ],
            [
              121.1928,
              24.9647777
            ],
            [
              121.1928114,
              24.9648425
            ],
            [
              121.192787,
              24.9648447
            ],
            [
              121.1927976,
              24.9648963
            ],
            [
              121.1927114,
              24.965018
            ],
            [
              121.1926772,
              24.9648108
            ],
            [
              121.1924593,
              24.9648226
            ]
          ]
        ]
      },
      "properties": {
        "osm_id": 1309347002,
        "name": "",
        "name_en": "",
        "building_type": "yes",
        "levels": 3,
        "height": 10.5,
        "addr": "",
        "operator": ""
      }
    },
    {
      "type": "Feature",
      "geometry": {
        "type": "Polygon",
        "coordinates": [
          [
            [
              121.1916707,
              24.9637963
            ],
            [
              121.1916296,
              24.9637032
            ],
            [
              121.1916492,
              24.9636973
            ],
            [
              121.1916118,
              24.9636101
            ],
            [
              121.1916716,
              24.9635838
            ],
            [
              121.1916837,
              24.9636058
            ],
            [
              121.1916753,
              24.9636109
            ],
            [
              121.191694,
              24.9636507
            ],
            [
              121.1917902,
              24.9636177
            ],
            [
              121.191864,
              24.9637726
            ],
            [
              121.1918192,
              24.9637913
            ],
            [
              121.1918126,
              24.9637777
            ],
            [
              121.191722,
              24.9638057
            ],
            [
              121.1917127,
              24.9637819
            ],
            [
              121.1916707,
              24.9637963
            ]
          ]
        ]
      },
      "properties": {
        "osm_id": 1309347003,
        "name": "",
        "name_en": "",
        "building_type": "yes",
        "levels": 3,
        "height": 10.5,
        "addr": "",
        "operator": ""
      }
    },
    {
      "type": "Feature",
      "geometry": {
        "type": "Polygon",
        "coordinates": [
          [
            [
              121.1921937,
              24.9636973
            ],
            [
              121.1921696,
              24.9636471
            ],
            [
              121.1921599,
              24.9636515
            ],
            [
              121.192146,
              24.9636095
            ],
            [
              121.1920989,
              24.9636007
            ],
            [
              121.1920403,
              24.9634746
            ],
            [
              121.1920574,
              24.9634651
            ],
            [
              121.1920672,
              24.963482
            ],
            [
              121.192116,
              24.9634628
            ],
            [
              121.1921086,
              24.9634496
            ],
            [
              121.1921306,
              24.9634407
            ],
            [
              121.1922119,
              24.9636375
            ],
            [
              121.1922444,
              24.963625
            ],
            [
              121.1922664,
              24.9636656
            ],
            [
              121.1921937,
              24.9636973
            ]
          ]
        ]
      },
      "properties": {
        "osm_id": 1309347004,
        "name": "",
        "name_en": "",
        "building_type": "yes",
        "levels": 3,
        "height": 10.5,
        "addr": "",
        "operator": ""
      }
    },
    {
      "type": "Feature",
      "geometry": {
        "type": "Polygon",
        "coordinates": [
          [
            [
              121.1907051,
              24.965636
            ],
            [
              121.1906343,
              24.9654658
            ],
            [
              121.1909916,
              24.9653267
            ],
            [
              121.191012,
              24.9653267
            ],
            [
              121.1910399,
              24.9654551
            ],
            [
              121.1910259,
              24.9654619
            ],
            [
              121.191057,
              24.9655553
            ],
            [
              121.1907051,
              24.965636
            ]
          ]
        ]
      },
      "properties": {
        "osm_id": 1309347005,
        "name": "",
        "name_en": "",
        "building_type": "yes",
        "levels": 3,
        "height": 10.5,
        "addr": "",
        "operator": ""
      }
    },
    {
      "type": "Feature",
      "geometry": {
        "type": "Polygon",
        "coordinates": [
          [
            [
              121.1907802,
              24.9653618
            ],
            [
              121.1906987,
              24.9651488
            ],
            [
              121.1909251,
              24.9650787
            ],
            [
              121.190998,
              24.9652898
            ],
            [
              121.1907802,
              24.9653618
            ]
          ]
        ]
      },
      "properties": {
        "osm_id": 1309347006,
        "name": "",
        "name_en": "",
        "building_type": "yes",
        "levels": 3,
        "height": 10.5,
        "addr": "",
        "operator": ""
      }
    },
    {
      "type": "Feature",
      "geometry": {
        "type": "Polygon",
        "coordinates": [
          [
            [
              121.1906729,
              24.9650671
            ],
            [
              121.1905828,
              24.9648647
            ],
            [
              121.1905925,
              24.9648579
            ],
            [
              121.1905163,
              24.9646527
            ],
            [
              121.1907287,
              24.9645827
            ],
            [
              121.1908038,
              24.9647402
            ],
            [
              121.1907813,
              24.964749
            ],
            [
              121.1908113,
              24.9648326
            ],
            [
              121.1908253,
              24.9648288
            ],
            [
              121.1908435,
              24.9648725
            ],
            [
              121.1908508,
              24.9648691
            ],
            [
              121.1908795,
              24.9649503
            ],
            [
              121.1908649,
              24.9649551
            ],
            [
              121.1908762,
              24.9649999
            ],
            [
              121.1906729,
              24.9650671
            ]
          ]
        ]
      },
      "properties": {
        "osm_id": 1309347007,
        "name": "",
        "name_en": "",
        "building_type": "yes",
        "levels": 3,
        "height": 10.5,
        "addr": "",
        "operator": ""
      }
    },
    {
      "type": "Feature",
      "geometry": {
        "type": "Polygon",
        "coordinates": [
          [
            [
              121.190392,
              24.9650137
            ],
            [
              121.1903513,
              24.9649367
            ],
            [
              121.1903994,
              24.9649121
            ],
            [
              121.1904437,
              24.9649959
            ],
            [
              121.190392,
              24.9650137
            ]
          ]
        ]
      },
      "properties": {
        "osm_id": 1309347008,
        "name": "",
        "name_en": "",
        "building_type": "yes",
        "levels": 3,
        "height": 10.5,
        "addr": "",
        "operator": ""
      }
    },
    {
      "type": "Feature",
      "geometry": {
        "type": "Polygon",
        "coordinates": [
          [
            [
              121.1897339,
              24.9648283
            ],
            [
              121.1897499,
              24.9647679
            ],
            [
              121.1899914,
              24.9648126
            ],
            [
              121.1900272,
              24.9646931
            ],
            [
              121.1903119,
              24.9647534
            ],
            [
              121.1902724,
              24.9649255
            ],
            [
              121.1897339,
              24.9648283
            ]
          ]
        ]
      },
      "properties": {
        "osm_id": 1309347009,
        "name": "",
        "name_en": "",
        "building_type": "yes",
        "levels": 3,
        "height": 10.5,
        "addr": "",
        "operator": ""
      }
    },
    {
      "type": "Feature",
      "geometry": {
        "type": "Polygon",
        "coordinates": [
          [
            [
              121.1906576,
              24.9644902
            ],
            [
              121.1905909,
              24.9643236
            ],
            [
              121.1903876,
              24.9642764
            ],
            [
              121.1903657,
              24.964356
            ],
            [
              121.19029,
              24.9643376
            ],
            [
              121.1903112,
              24.9642595
            ],
            [
              121.1901047,
              24.9642137
            ],
            [
              121.1900925,
              24.9642661
            ],
            [
              121.1901266,
              24.9642757
            ],
            [
              121.1901144,
              24.9643273
            ],
            [
              121.1898884,
              24.9642749
            ],
            [
              121.1899168,
              24.964171
            ],
            [
              121.1895103,
              24.9640781
            ],
            [
              121.1894721,
              24.9642263
            ],
            [
              121.1897111,
              24.9643147
            ],
            [
              121.1898656,
              24.964356
            ],
            [
              121.1898737,
              24.964328
            ],
            [
              121.1901038,
              24.9643862
            ],
            [
              121.1900941,
              24.9644135
            ],
            [
              121.1902543,
              24.9644607
            ],
            [
              121.1902608,
              24.9644327
            ],
            [
              121.1903388,
              24.9644504
            ],
            [
              121.1903315,
              24.9644872
            ],
            [
              121.1904852,
              24.9645219
            ],
            [
              121.1905063,
              24.9645167
            ],
            [
              121.1905153,
              24.9645337
            ],
            [
              121.1906576,
              24.9644902
            ]
          ]
        ]
      },
      "properties": {
        "osm_id": 1309347010,
        "name": "",
        "name_en": "",
        "building_type": "yes",
        "levels": 3,
        "height": 10.5,
        "addr": "",
        "operator": ""
      }
    },
    {
      "type": "Feature",
      "geometry": {
        "type": "Polygon",
        "coordinates": [
          [
            [
              121.1899083,
              24.964227
            ],
            [
              121.1899219,
              24.9641764
            ],
            [
              121.1900609,
              24.9642072
            ],
            [
              121.1900473,
              24.9642577
            ],
            [
              121.1899083,
              24.964227
            ]
          ]
        ]
      },
      "properties": {
        "osm_id": 1309347011,
        "name": "",
        "name_en": "",
        "building_type": "yes",
        "levels": 3,
        "height": 10.5,
        "addr": "",
        "operator": ""
      }
    },
    {
      "type": "Feature",
      "geometry": {
        "type": "Polygon",
        "coordinates": [
          [
            [
              121.1898502,
              24.9644047
            ],
            [
              121.189864,
              24.9643626
            ],
            [
              121.1901291,
              24.9644312
            ],
            [
              121.1901193,
              24.9644762
            ],
            [
              121.1898502,
              24.9644047
            ]
          ]
        ]
      },
      "properties": {
        "osm_id": 1309347012,
        "name": "",
        "name_en": "",
        "building_type": "yes",
        "levels": 3,
        "height": 10.5,
        "addr": "",
        "operator": ""
      }
    },
    {
      "type": "Feature",
      "geometry": {
        "type": "Polygon",
        "coordinates": [
          [
            [
              121.1898193,
              24.9644983
            ],
            [
              121.1898306,
              24.9644518
            ],
            [
              121.1903697,
              24.9645654
            ],
            [
              121.1904096,
              24.9645639
            ],
            [
              121.1904096,
              24.9646096
            ],
            [
              121.1903738,
              24.9646096
            ],
            [
              121.1898193,
              24.9644983
            ]
          ]
        ]
      },
      "properties": {
        "osm_id": 1309347013,
        "name": "",
        "name_en": "",
        "building_type": "yes",
        "levels": 3,
        "height": 10.5,
        "addr": "",
        "operator": ""
      }
    },
    {
      "type": "Feature",
      "geometry": {
        "type": "Polygon",
        "coordinates": [
          [
            [
              121.1897941,
              24.9645838
            ],
            [
              121.1898054,
              24.9645366
            ],
            [
              121.1903567,
              24.9646494
            ],
            [
              121.1903437,
              24.9646936
            ],
            [
              121.1897941,
              24.9645838
            ]
          ]
        ]
      },
      "properties": {
        "osm_id": 1309347014,
        "name": "",
        "name_en": "",
        "building_type": "yes",
        "levels": 3,
        "height": 10.5,
        "addr": "",
        "operator": ""
      }
    },
    {
      "type": "Feature",
      "geometry": {
        "type": "Polygon",
        "coordinates": [
          [
            [
              121.1893818,
              24.9644504
            ],
            [
              121.1894534,
              24.9642484
            ],
            [
              121.1894997,
              24.9642587
            ],
            [
              121.1894274,
              24.9644629
            ],
            [
              121.1893818,
              24.9644504
            ]
          ]
        ]
      },
      "properties": {
        "osm_id": 1309347015,
        "name": "",
        "name_en": "",
        "building_type": "yes",
        "levels": 3,
        "height": 10.5,
        "addr": "",
        "operator": ""
      }
    },
    {
      "type": "Feature",
      "geometry": {
        "type": "Polygon",
        "coordinates": [
          [
            [
              121.1895257,
              24.9644931
            ],
            [
              121.189577,
              24.9642956
            ],
            [
              121.1896241,
              24.9643059
            ],
            [
              121.1895753,
              24.9645034
            ],
            [
              121.1895257,
              24.9644931
            ]
          ]
        ]
      },
      "properties": {
        "osm_id": 1309347016,
        "name": "",
        "name_en": "",
        "building_type": "yes",
        "levels": 3,
        "height": 10.5,
        "addr": "",
        "operator": ""
      }
    },
    {
      "type": "Feature",
      "geometry": {
        "type": "Polygon",
        "coordinates": [
          [
            [
              121.1892991,
              24.9647924
            ],
            [
              121.1893713,
              24.9645537
            ],
            [
              121.1895511,
              24.9645935
            ],
            [
              121.1894959,
              24.9648219
            ],
            [
              121.1893841,
              24.9648052
            ],
            [
              121.189377,
              24.9648219
            ],
            [
              121.1893289,
              24.9648181
            ],
            [
              121.1893331,
              24.9647975
            ],
            [
              121.1892991,
              24.9647924
            ]
          ]
        ]
      },
      "properties": {
        "osm_id": 1309347017,
        "name": "",
        "name_en": "",
        "building_type": "yes",
        "levels": 3,
        "height": 10.5,
        "addr": "",
        "operator": ""
      }
    },
    {
      "type": "Feature",
      "geometry": {
        "type": "Polygon",
        "coordinates": [
          [
            [
              121.1890318,
              24.9646949
            ],
            [
              121.1890532,
              24.9646263
            ],
            [
              121.1890906,
              24.964634
            ],
            [
              121.1890897,
              24.9646492
            ],
            [
              121.189127,
              24.9646594
            ],
            [
              121.1891438,
              24.9646094
            ],
            [
              121.1892839,
              24.9646399
            ],
            [
              121.1892531,
              24.964733
            ],
            [
              121.1892391,
              24.9647305
            ],
            [
              121.1892316,
              24.9647584
            ],
            [
              121.1891476,
              24.9647398
            ],
            [
              121.1891494,
              24.9647246
            ],
            [
              121.1890318,
              24.9646949
            ]
          ]
        ]
      },
      "properties": {
        "osm_id": 1309347018,
        "name": "",
        "name_en": "",
        "building_type": "yes",
        "levels": 3,
        "height": 10.5,
        "addr": "",
        "operator": ""
      }
    },
    {
      "type": "Feature",
      "geometry": {
        "type": "Polygon",
        "coordinates": [
          [
            [
              121.1891663,
              24.964545
            ],
            [
              121.1892615,
              24.9642326
            ],
            [
              121.1893577,
              24.9642563
            ],
            [
              121.1892625,
              24.9645688
            ],
            [
              121.1891663,
              24.964545
            ]
          ]
        ]
      },
      "properties": {
        "osm_id": 1309347019,
        "name": "",
        "name_en": "",
        "building_type": "yes",
        "levels": 3,
        "height": 10.5,
        "addr": "",
        "operator": ""
      }
    },
    {
      "type": "Feature",
      "geometry": {
        "type": "Polygon",
        "coordinates": [
          [
            [
              121.1889075,
              24.9645374
            ],
            [
              121.1890028,
              24.9642157
            ],
            [
              121.1889589,
              24.9642047
            ],
            [
              121.1889888,
              24.9641124
            ],
            [
              121.1891803,
              24.9641581
            ],
            [
              121.1892102,
              24.9641793
            ],
            [
              121.1890943,
              24.9645518
            ],
            [
              121.1890495,
              24.9645425
            ],
            [
              121.189043,
              24.9645671
            ],
            [
              121.1889075,
              24.9645374
            ]
          ]
        ]
      },
      "properties": {
        "osm_id": 1309347020,
        "name": "",
        "name_en": "",
        "building_type": "yes",
        "levels": 3,
        "height": 10.5,
        "addr": "",
        "operator": ""
      }
    },
    {
      "type": "Feature",
      "geometry": {
        "type": "Polygon",
        "coordinates": [
          [
            [
              121.188788,
              24.9644858
            ],
            [
              121.1886544,
              24.9644502
            ],
            [
              121.1886582,
              24.9644426
            ],
            [
              121.188504,
              24.9643994
            ],
            [
              121.1886451,
              24.9639413
            ],
            [
              121.1888104,
              24.9639803
            ],
            [
              121.1887852,
              24.964059
            ],
            [
              121.1888309,
              24.9640751
            ],
            [
              121.1888459,
              24.964015
            ],
            [
              121.1888945,
              24.9640294
            ],
            [
              121.1888963,
              24.9640167
            ],
            [
              121.1889356,
              24.9640328
            ],
            [
              121.1889346,
              24.9640446
            ],
            [
              121.1889626,
              24.9640531
            ],
            [
              121.1889533,
              24.9641039
            ],
            [
              121.1889141,
              24.9640929
            ],
            [
              121.188788,
              24.9644858
            ]
          ]
        ]
      },
      "properties": {
        "osm_id": 1309347021,
        "name": "",
        "name_en": "",
        "building_type": "yes",
        "levels": 3,
        "height": 10.5,
        "addr": "",
        "operator": ""
      }
    },
    {
      "type": "Feature",
      "geometry": {
        "type": "Polygon",
        "coordinates": [
          [
            [
              121.1887262,
              24.9647871
            ],
            [
              121.1886715,
              24.9646811
            ],
            [
              121.1887088,
              24.9646653
            ],
            [
              121.1887635,
              24.9647712
            ],
            [
              121.1887262,
              24.9647871
            ]
          ]
        ]
      },
      "properties": {
        "osm_id": 1309347022,
        "name": "",
        "name_en": "",
        "building_type": "yes",
        "levels": 3,
        "height": 10.5,
        "addr": "",
        "operator": ""
      }
    },
    {
      "type": "Feature",
      "geometry": {
        "type": "Polygon",
        "coordinates": [
          [
            [
              121.1901039,
              24.9641569
            ],
            [
              121.1901339,
              24.9640354
            ],
            [
              121.1902377,
              24.9640568
            ],
            [
              121.1902291,
              24.9640859
            ],
            [
              121.1902047,
              24.9641764
            ],
            [
              121.1901039,
              24.9641569
            ]
          ]
        ]
      },
      "properties": {
        "osm_id": 1309347023,
        "name": "",
        "name_en": "",
        "building_type": "yes",
        "levels": 3,
        "height": 10.5,
        "addr": "",
        "operator": ""
      }
    },
    {
      "type": "Feature",
      "geometry": {
        "type": "Polygon",
        "coordinates": [
          [
            [
              121.1902291,
              24.9640859
            ],
            [
              121.1902455,
              24.9640898
            ],
            [
              121.1902219,
              24.9641793
            ],
            [
              121.1905223,
              24.9642513
            ],
            [
              121.1905448,
              24.9641665
            ],
            [
              121.1905363,
              24.9641639
            ],
            [
              121.1905965,
              24.9639248
            ],
            [
              121.1905723,
              24.9639206
            ],
            [
              121.1905728,
              24.9639147
            ],
            [
              121.1902996,
              24.9638466
            ],
            [
              121.1902803,
              24.9639215
            ],
            [
              121.1902697,
              24.9639188
            ],
            [
              121.1902561,
              24.9639619
            ],
            [
              121.190279,
              24.9638483
            ],
            [
              121.1902297,
              24.963836
            ],
            [
              121.1901941,
              24.9640376
            ],
            [
              121.1902372,
              24.964042
            ],
            [
              121.1902377,
              24.9640568
            ],
            [
              121.1902291,
              24.9640859
            ]
          ]
        ]
      },
      "properties": {
        "osm_id": 1309347024,
        "name": "",
        "name_en": "",
        "building_type": "yes",
        "levels": 3,
        "height": 10.5,
        "addr": "",
        "operator": ""
      }
    },
    {
      "type": "Feature",
      "geometry": {
        "type": "Polygon",
        "coordinates": [
          [
            [
              121.1900085,
              24.9640893
            ],
            [
              121.1900264,
              24.9640022
            ],
            [
              121.1900793,
              24.9640111
            ],
            [
              121.1900613,
              24.9640983
            ],
            [
              121.1900085,
              24.9640893
            ]
          ]
        ]
      },
      "properties": {
        "osm_id": 1309347025,
        "name": "",
        "name_en": "",
        "building_type": "yes",
        "levels": 3,
        "height": 10.5,
        "addr": "",
        "operator": ""
      }
    },
    {
      "type": "Feature",
      "geometry": {
        "type": "Polygon",
        "coordinates": [
          [
            [
              121.1897392,
              24.9639355
            ],
            [
              121.1897774,
              24.9637231
            ],
            [
              121.1897272,
              24.9637087
            ],
            [
              121.1897264,
              24.9636971
            ],
            [
              121.1896539,
              24.9636812
            ],
            [
              121.1895894,
              24.9639051
            ],
            [
              121.1896727,
              24.9639222
            ],
            [
              121.1896734,
              24.9639192
            ],
            [
              121.1897392,
              24.9639355
            ]
          ]
        ]
      },
      "properties": {
        "osm_id": 1309347026,
        "name": "",
        "name_en": "",
        "building_type": "yes",
        "levels": 3,
        "height": 10.5,
        "addr": "",
        "operator": ""
      }
    },
    {
      "type": "Feature",
      "geometry": {
        "type": "Polygon",
        "coordinates": [
          [
            [
              121.1897474,
              24.9639251
            ],
            [
              121.1897784,
              24.9637476
            ],
            [
              121.1897834,
              24.9637485
            ],
            [
              121.1897851,
              24.9637374
            ],
            [
              121.18984,
              24.9637446
            ],
            [
              121.1898384,
              24.9637569
            ],
            [
              121.1898886,
              24.9637649
            ],
            [
              121.1898886,
              24.9637576
            ],
            [
              121.1899436,
              24.9637649
            ],
            [
              121.1899333,
              24.9638234
            ],
            [
              121.190036,
              24.9638436
            ],
            [
              121.1900448,
              24.9637923
            ],
            [
              121.1900862,
              24.9637981
            ],
            [
              121.190099,
              24.963793
            ],
            [
              121.190142,
              24.9638017
            ],
            [
              121.1901245,
              24.9639021
            ],
            [
              121.1901699,
              24.9639093
            ],
            [
              121.1901452,
              24.9640162
            ],
            [
              121.1900528,
              24.9639989
            ],
            [
              121.1900554,
              24.9639914
            ],
            [
              121.1899014,
              24.9639685
            ],
            [
              121.1898995,
              24.963981
            ],
            [
              121.189843,
              24.9639733
            ],
            [
              121.1898486,
              24.963935
            ],
            [
              121.1897474,
              24.9639251
            ]
          ]
        ]
      },
      "properties": {
        "osm_id": 1309347027,
        "name": "",
        "name_en": "",
        "building_type": "yes",
        "levels": 3,
        "height": 10.5,
        "addr": "",
        "operator": ""
      }
    },
    {
      "type": "Feature",
      "geometry": {
        "type": "Polygon",
        "coordinates": [
          [
            [
              121.1900884,
              24.9637429
            ],
            [
              121.1901506,
              24.9635305
            ],
            [
              121.190239,
              24.9635522
            ],
            [
              121.1902326,
              24.9635724
            ],
            [
              121.190282,
              24.963584
            ],
            [
              121.1902812,
              24.9635731
            ],
            [
              121.1903872,
              24.9635955
            ],
            [
              121.1903306,
              24.9637942
            ],
            [
              121.1902263,
              24.9637732
            ],
            [
              121.1902286,
              24.9637609
            ],
            [
              121.1901864,
              24.9637523
            ],
            [
              121.1901824,
              24.9637631
            ],
            [
              121.1900884,
              24.9637429
            ]
          ]
        ]
      },
      "properties": {
        "osm_id": 1309347028,
        "name": "",
        "name_en": "",
        "building_type": "yes",
        "levels": 3,
        "height": 10.5,
        "addr": "",
        "operator": ""
      }
    },
    {
      "type": "Feature",
      "geometry": {
        "type": "Polygon",
        "coordinates": [
          [
            [
              121.1899498,
              24.9637111
            ],
            [
              121.1900032,
              24.9635016
            ],
            [
              121.1900765,
              24.9635146
            ],
            [
              121.1900741,
              24.9635262
            ],
            [
              121.1901315,
              24.9635392
            ],
            [
              121.1900765,
              24.9637393
            ],
            [
              121.1899498,
              24.9637111
            ]
          ]
        ]
      },
      "properties": {
        "osm_id": 1309347029,
        "name": "",
        "name_en": "",
        "building_type": "yes",
        "levels": 3,
        "height": 10.5,
        "addr": "",
        "operator": ""
      }
    },
    {
      "type": "Feature",
      "geometry": {
        "type": "Polygon",
        "coordinates": [
          [
            [
              121.1898194,
              24.963676
            ],
            [
              121.1898741,
              24.9634742
            ],
            [
              121.1899345,
              24.9634877
            ],
            [
              121.1899371,
              24.9634784
            ],
            [
              121.1899756,
              24.963487
            ],
            [
              121.189955,
              24.9635629
            ],
            [
              121.1899102,
              24.9635529
            ],
            [
              121.1898736,
              24.9636881
            ],
            [
              121.1898194,
              24.963676
            ]
          ]
        ]
      },
      "properties": {
        "osm_id": 1309347030,
        "name": "",
        "name_en": "",
        "building_type": "yes",
        "levels": 3,
        "height": 10.5,
        "addr": "",
        "operator": ""
      }
    },
    {
      "type": "Feature",
      "geometry": {
        "type": "Polygon",
        "coordinates": [
          [
            [
              121.1896889,
              24.963641
            ],
            [
              121.1897323,
              24.9634717
            ],
            [
              121.1897807,
              24.9634819
            ],
            [
              121.1897852,
              24.9634644
            ],
            [
              121.1898407,
              24.9634761
            ],
            [
              121.1897929,
              24.9636629
            ],
            [
              121.1896889,
              24.963641
            ]
          ]
        ]
      },
      "properties": {
        "osm_id": 1309347031,
        "name": "",
        "name_en": "",
        "building_type": "yes",
        "levels": 3,
        "height": 10.5,
        "addr": "",
        "operator": ""
      }
    },
    {
      "type": "Feature",
      "geometry": {
        "type": "Polygon",
        "coordinates": [
          [
            [
              121.1903662,
              24.9638089
            ],
            [
              121.1903946,
              24.9636402
            ],
            [
              121.1904135,
              24.9635802
            ],
            [
              121.1903831,
              24.9635849
            ],
            [
              121.1903778,
              24.9635344
            ],
            [
              121.1905008,
              24.9635182
            ],
            [
              121.1904861,
              24.9634458
            ],
            [
              121.1904997,
              24.9634429
            ],
            [
              121.1904356,
              24.9631322
            ],
            [
              121.1905334,
              24.963116
            ],
            [
              121.1906207,
              24.9635098
            ],
            [
              121.1906134,
              24.9635124
            ],
            [
              121.1906213,
              24.9635588
            ],
            [
              121.1906434,
              24.963555
            ],
            [
              121.1906581,
              24.9636303
            ],
            [
              121.1906518,
              24.9636646
            ],
            [
              121.1906478,
              24.9636649
            ],
            [
              121.1906142,
              24.9638317
            ],
            [
              121.1905983,
              24.9638456
            ],
            [
              121.1903662,
              24.9638089
            ]
          ]
        ]
      },
      "properties": {
        "osm_id": 1309347032,
        "name": "",
        "name_en": "",
        "building_type": "yes",
        "levels": 3,
        "height": 10.5,
        "addr": "",
        "operator": ""
      }
    },
    {
      "type": "Feature",
      "geometry": {
        "type": "Polygon",
        "coordinates": [
          [
            [
              121.1901192,
              24.9631658
            ],
            [
              121.190108,
              24.9631232
            ],
            [
              121.1901861,
              24.9631109
            ],
            [
              121.1901861,
              24.9631196
            ],
            [
              121.1902066,
              24.9631177
            ],
            [
              121.1902132,
              24.9631489
            ],
            [
              121.1901192,
              24.9631658
            ]
          ]
        ]
      },
      "properties": {
        "osm_id": 1309347033,
        "name": "",
        "name_en": "",
        "building_type": "yes",
        "levels": 3,
        "height": 10.5,
        "addr": "",
        "operator": ""
      }
    },
    {
      "type": "Feature",
      "geometry": {
        "type": "Polygon",
        "coordinates": [
          [
            [
              121.1899584,
              24.9630412
            ],
            [
              121.1899447,
              24.9629574
            ],
            [
              121.1900554,
              24.9629408
            ],
            [
              121.1900691,
              24.9630229
            ],
            [
              121.1899584,
              24.9630412
            ]
          ]
        ]
      },
      "properties": {
        "osm_id": 1309347034,
        "name": "",
        "name_en": "",
        "building_type": "yes",
        "levels": 3,
        "height": 10.5,
        "addr": "",
        "operator": ""
      }
    },
    {
      "type": "Feature",
      "geometry": {
        "type": "Polygon",
        "coordinates": [
          [
            [
              121.1864779,
              24.9630868
            ],
            [
              121.1865093,
              24.9630058
            ],
            [
              121.1868667,
              24.9630934
            ],
            [
              121.1867097,
              24.9636079
            ],
            [
              121.186374,
              24.9635269
            ],
            [
              121.1863595,
              24.9635597
            ],
            [
              121.1866542,
              24.963632
            ],
            [
              121.1865431,
              24.9640239
            ],
            [
              121.1865085,
              24.9640676
            ],
            [
              121.1864782,
              24.9640618
            ],
            [
              121.1864463,
              24.9641803
            ],
            [
              121.1852369,
              24.9638885
            ],
            [
              121.1853947,
              24.9633324
            ],
            [
              121.1857564,
              24.963419
            ],
            [
              121.1857676,
              24.9633844
            ],
            [
              121.1854106,
              24.9632977
            ],
            [
              121.1855301,
              24.9628686
            ],
            [
              121.1864779,
              24.9630868
            ]
          ]
        ]
      },
      "properties": {
        "osm_id": 1309347078,
        "name": "",
        "name_en": "",
        "building_type": "yes",
        "levels": 3,
        "height": 10.5,
        "addr": "",
        "operator": ""
      }
    },
    {
      "type": "Feature",
      "geometry": {
        "type": "Polygon",
        "coordinates": [
          [
            [
              121.1868359,
              24.964403
            ],
            [
              121.1870002,
              24.9640078
            ],
            [
              121.1871402,
              24.9640516
            ],
            [
              121.1871427,
              24.9640374
            ],
            [
              121.1868818,
              24.9639432
            ],
            [
              121.1869193,
              24.9638348
            ],
            [
              121.1870533,
              24.9638841
            ],
            [
              121.1871378,
              24.9639356
            ],
            [
              121.1871318,
              24.9639684
            ],
            [
              121.1871692,
              24.963987
            ],
            [
              121.1872574,
              24.9641523
            ],
            [
              121.1870878,
              24.9645463
            ],
            [
              121.1868359,
              24.964403
            ]
          ]
        ]
      },
      "properties": {
        "osm_id": 1309347079,
        "name": "",
        "name_en": "",
        "building_type": "yes",
        "levels": 3,
        "height": 10.5,
        "addr": "",
        "operator": ""
      }
    },
    {
      "type": "Feature",
      "geometry": {
        "type": "Polygon",
        "coordinates": [
          [
            [
              121.1871406,
              24.9644425
            ],
            [
              121.1872651,
              24.9641575
            ],
            [
              121.187331,
              24.9641774
            ],
            [
              121.1872057,
              24.9644653
            ],
            [
              121.1871406,
              24.9644425
            ]
          ]
        ]
      },
      "properties": {
        "osm_id": 1309347080,
        "name": "",
        "name_en": "",
        "building_type": "yes",
        "levels": 3,
        "height": 10.5,
        "addr": "",
        "operator": ""
      }
    },
    {
      "type": "Feature",
      "geometry": {
        "type": "Polygon",
        "coordinates": [
          [
            [
              121.1872386,
              24.96454
            ],
            [
              121.1873969,
              24.9641849
            ],
            [
              121.187472,
              24.9642115
            ],
            [
              121.1873173,
              24.9645674
            ],
            [
              121.1872386,
              24.96454
            ]
          ]
        ]
      },
      "properties": {
        "osm_id": 1309347081,
        "name": "",
        "name_en": "",
        "building_type": "yes",
        "levels": 3,
        "height": 10.5,
        "addr": "",
        "operator": ""
      }
    },
    {
      "type": "Feature",
      "geometry": {
        "type": "Polygon",
        "coordinates": [
          [
            [
              121.1870803,
              24.9647823
            ],
            [
              121.1870858,
              24.9647441
            ],
            [
              121.1870665,
              24.96474
            ],
            [
              121.1870693,
              24.9647043
            ],
            [
              121.1870967,
              24.9647076
            ],
            [
              121.1870986,
              24.9646927
            ],
            [
              121.1871727,
              24.9647018
            ],
            [
              121.18718,
              24.9646454
            ],
            [
              121.1872084,
              24.964647
            ],
            [
              121.1872175,
              24.9646089
            ],
            [
              121.1872944,
              24.9646122
            ],
            [
              121.187278,
              24.9647076
            ],
            [
              121.1872532,
              24.9647059
            ],
            [
              121.1872441,
              24.9647615
            ],
            [
              121.1871105,
              24.9647433
            ],
            [
              121.1871041,
              24.9647864
            ],
            [
              121.1870803,
              24.9647823
            ]
          ]
        ]
      },
      "properties": {
        "osm_id": 1309347082,
        "name": "",
        "name_en": "",
        "building_type": "yes",
        "levels": 3,
        "height": 10.5,
        "addr": "",
        "operator": ""
      }
    },
    {
      "type": "Feature",
      "geometry": {
        "type": "Polygon",
        "coordinates": [
          [
            [
              121.1874884,
              24.9649407
            ],
            [
              121.1874948,
              24.9648055
            ],
            [
              121.1875424,
              24.964813
            ],
            [
              121.1875543,
              24.9647582
            ],
            [
              121.1877236,
              24.9647823
            ],
            [
              121.187698,
              24.9649548
            ],
            [
              121.1874884,
              24.9649407
            ]
          ]
        ]
      },
      "properties": {
        "osm_id": 1309347083,
        "name": "",
        "name_en": "",
        "building_type": "yes",
        "levels": 3,
        "height": 10.5,
        "addr": "",
        "operator": ""
      }
    },
    {
      "type": "Feature",
      "geometry": {
        "type": "Polygon",
        "coordinates": [
          [
            [
              121.1875928,
              24.9645724
            ],
            [
              121.1876257,
              24.9644604
            ],
            [
              121.1877859,
              24.964496
            ],
            [
              121.1877557,
              24.9646039
            ],
            [
              121.1875928,
              24.9645724
            ]
          ]
        ]
      },
      "properties": {
        "osm_id": 1309347084,
        "name": "",
        "name_en": "",
        "building_type": "yes",
        "levels": 3,
        "height": 10.5,
        "addr": "",
        "operator": ""
      }
    },
    {
      "type": "Feature",
      "geometry": {
        "type": "Polygon",
        "coordinates": [
          [
            [
              121.1879835,
              24.9646761
            ],
            [
              121.1879909,
              24.9646495
            ],
            [
              121.1879735,
              24.9646437
            ],
            [
              121.1879781,
              24.964618
            ],
            [
              121.188,
              24.964623
            ],
            [
              121.1880147,
              24.964589
            ],
            [
              121.1881172,
              24.9646197
            ],
            [
              121.1881217,
              24.9646064
            ],
            [
              121.1881675,
              24.9646238
            ],
            [
              121.1881565,
              24.9646595
            ],
            [
              121.1881812,
              24.9646661
            ],
            [
              121.1881593,
              24.9647292
            ],
            [
              121.1879835,
              24.9646761
            ]
          ]
        ]
      },
      "properties": {
        "osm_id": 1309347085,
        "name": "",
        "name_en": "",
        "building_type": "yes",
        "levels": 3,
        "height": 10.5,
        "addr": "",
        "operator": ""
      }
    },
    {
      "type": "Feature",
      "geometry": {
        "type": "Polygon",
        "coordinates": [
          [
            [
              121.1879341,
              24.964813
            ],
            [
              121.1879469,
              24.964774
            ],
            [
              121.1879296,
              24.9647682
            ],
            [
              121.1879369,
              24.9647408
            ],
            [
              121.1879561,
              24.9647458
            ],
            [
              121.1879643,
              24.9647234
            ],
            [
              121.1880687,
              24.9647524
            ],
            [
              121.1880357,
              24.9648428
            ],
            [
              121.1879341,
              24.964813
            ]
          ]
        ]
      },
      "properties": {
        "osm_id": 1309347086,
        "name": "",
        "name_en": "",
        "building_type": "yes",
        "levels": 3,
        "height": 10.5,
        "addr": "",
        "operator": ""
      }
    },
    {
      "type": "Feature",
      "geometry": {
        "type": "Polygon",
        "coordinates": [
          [
            [
              121.1881309,
              24.9648611
            ],
            [
              121.1881556,
              24.9647897
            ],
            [
              121.1882581,
              24.9648213
            ],
            [
              121.1882261,
              24.964915
            ],
            [
              121.1881245,
              24.9648868
            ],
            [
              121.1881263,
              24.9648798
            ],
            [
              121.1881069,
              24.9648729
            ],
            [
              121.1881131,
              24.9648559
            ],
            [
              121.1881309,
              24.9648611
            ]
          ]
        ]
      },
      "properties": {
        "osm_id": 1309347087,
        "name": "",
        "name_en": "",
        "building_type": "yes",
        "levels": 3,
        "height": 10.5,
        "addr": "",
        "operator": ""
      }
    },
    {
      "type": "Feature",
      "geometry": {
        "type": "Polygon",
        "coordinates": [
          [
            [
              121.1840023,
              24.9632756
            ],
            [
              121.1840957,
              24.962725
            ],
            [
              121.1842062,
              24.9627366
            ],
            [
              121.1841028,
              24.9632923
            ],
            [
              121.1840023,
              24.9632756
            ]
          ]
        ]
      },
      "properties": {
        "osm_id": 1309944365,
        "name": "",
        "name_en": "",
        "building_type": "yes",
        "levels": 3,
        "height": 10.5,
        "addr": "",
        "operator": ""
      }
    },
    {
      "type": "Feature",
      "geometry": {
        "type": "Polygon",
        "coordinates": [
          [
            [
              121.1841778,
              24.9633475
            ],
            [
              121.1842741,
              24.962784
            ],
            [
              121.1843775,
              24.9627969
            ],
            [
              121.1842883,
              24.9633205
            ],
            [
              121.1843287,
              24.9633265
            ],
            [
              121.1843183,
              24.9633837
            ],
            [
              121.1842519,
              24.9633739
            ],
            [
              121.1842528,
              24.9633578
            ],
            [
              121.1841778,
              24.9633475
            ]
          ]
        ]
      },
      "properties": {
        "osm_id": 1309944366,
        "name": "",
        "name_en": "",
        "building_type": "yes",
        "levels": 3,
        "height": 10.5,
        "addr": "",
        "operator": ""
      }
    },
    {
      "type": "Feature",
      "geometry": {
        "type": "Polygon",
        "coordinates": [
          [
            [
              121.1843841,
              24.9633773
            ],
            [
              121.1847193,
              24.9628299
            ],
            [
              121.1847489,
              24.9628388
            ],
            [
              121.1847883,
              24.962717
            ],
            [
              121.1852037,
              24.9628142
            ],
            [
              121.1851852,
              24.9628902
            ],
            [
              121.1851433,
              24.9628801
            ],
            [
              121.1851297,
              24.9629326
            ],
            [
              121.1851519,
              24.9629349
            ],
            [
              121.1850706,
              24.9632064
            ],
            [
              121.1850003,
              24.9631919
            ],
            [
              121.1849091,
              24.9635002
            ],
            [
              121.1846343,
              24.9634365
            ],
            [
              121.1846207,
              24.9635125
            ],
            [
              121.1845517,
              24.9635013
            ],
            [
              121.1845714,
              24.9634209
            ],
            [
              121.1843841,
              24.9633773
            ]
          ]
        ]
      },
      "properties": {
        "osm_id": 1309944370,
        "name": "",
        "name_en": "",
        "building_type": "yes",
        "levels": 3,
        "height": 10.5,
        "addr": "",
        "operator": ""
      }
    },
    {
      "type": "Feature",
      "geometry": {
        "type": "Polygon",
        "coordinates": [
          [
            [
              121.184753,
              24.9639453
            ],
            [
              121.1847715,
              24.9638535
            ],
            [
              121.1848173,
              24.9638611
            ],
            [
              121.1847988,
              24.9639528
            ],
            [
              121.184753,
              24.9639453
            ]
          ]
        ]
      },
      "properties": {
        "osm_id": 1309944371,
        "name": "",
        "name_en": "",
        "building_type": "yes",
        "levels": 3,
        "height": 10.5,
        "addr": "",
        "operator": ""
      }
    },
    {
      "type": "Feature",
      "geometry": {
        "type": "Polygon",
        "coordinates": [
          [
            [
              121.1847941,
              24.963996
            ],
            [
              121.1848263,
              24.9638599
            ],
            [
              121.1848831,
              24.9638696
            ],
            [
              121.1848563,
              24.9640038
            ],
            [
              121.1847941,
              24.963996
            ]
          ]
        ]
      },
      "properties": {
        "osm_id": 1309944372,
        "name": "",
        "name_en": "",
        "building_type": "yes",
        "levels": 3,
        "height": 10.5,
        "addr": "",
        "operator": ""
      }
    },
    {
      "type": "Feature",
      "geometry": {
        "type": "Polygon",
        "coordinates": [
          [
            [
              121.1846203,
              24.9641604
            ],
            [
              121.1846321,
              24.964068
            ],
            [
              121.1847565,
              24.9640729
            ],
            [
              121.1847576,
              24.9640602
            ],
            [
              121.1849143,
              24.9640865
            ],
            [
              121.1849121,
              24.9640962
            ],
            [
              121.184896,
              24.9640943
            ],
            [
              121.1848917,
              24.9641186
            ],
            [
              121.18491,
              24.9641196
            ],
            [
              121.1849057,
              24.9641643
            ],
            [
              121.1848907,
              24.9641643
            ],
            [
              121.1848864,
              24.9642178
            ],
            [
              121.1848585,
              24.9642149
            ],
            [
              121.1848617,
              24.9641984
            ],
            [
              121.1848016,
              24.9641896
            ],
            [
              121.1848005,
              24.9641993
            ],
            [
              121.1847222,
              24.9641925
            ],
            [
              121.1847201,
              24.9641711
            ],
            [
              121.1846203,
              24.9641604
            ]
          ]
        ]
      },
      "properties": {
        "osm_id": 1309944373,
        "name": "",
        "name_en": "",
        "building_type": "yes",
        "levels": 3,
        "height": 10.5,
        "addr": "",
        "operator": ""
      }
    },
    {
      "type": "Feature",
      "geometry": {
        "type": "Polygon",
        "coordinates": [
          [
            [
              121.1846042,
              24.9645174
            ],
            [
              121.1846096,
              24.9643987
            ],
            [
              121.1849143,
              24.9644055
            ],
            [
              121.1849196,
              24.9646253
            ],
            [
              121.1848392,
              24.9646205
            ],
            [
              121.1848392,
              24.9645359
            ],
            [
              121.1846729,
              24.9645329
            ],
            [
              121.1846707,
              24.9645213
            ],
            [
              121.1846042,
              24.9645174
            ]
          ]
        ]
      },
      "properties": {
        "osm_id": 1309944374,
        "name": "",
        "name_en": "",
        "building_type": "yes",
        "levels": 3,
        "height": 10.5,
        "addr": "",
        "operator": ""
      }
    },
    {
      "type": "Feature",
      "geometry": {
        "type": "Polygon",
        "coordinates": [
          [
            [
              121.1840556,
              24.9641389
            ],
            [
              121.1840761,
              24.9640492
            ],
            [
              121.1841677,
              24.9640644
            ],
            [
              121.1841453,
              24.9641542
            ],
            [
              121.1840556,
              24.9641389
            ]
          ]
        ]
      },
      "properties": {
        "osm_id": 1309944375,
        "name": "",
        "name_en": "",
        "building_type": "yes",
        "levels": 3,
        "height": 10.5,
        "addr": "",
        "operator": ""
      }
    },
    {
      "type": "Feature",
      "geometry": {
        "type": "Polygon",
        "coordinates": [
          [
            [
              121.1841412,
              24.965276
            ],
            [
              121.1841572,
              24.9651933
            ],
            [
              121.1842484,
              24.9652101
            ],
            [
              121.1842336,
              24.9652939
            ],
            [
              121.1841412,
              24.965276
            ]
          ]
        ]
      },
      "properties": {
        "osm_id": 1309944377,
        "name": "",
        "name_en": "",
        "building_type": "yes",
        "levels": 3,
        "height": 10.5,
        "addr": "",
        "operator": ""
      }
    },
    {
      "type": "Feature",
      "geometry": {
        "type": "Polygon",
        "coordinates": [
          [
            [
              121.1842866,
              24.9653151
            ],
            [
              121.1842792,
              24.9652358
            ],
            [
              121.1843655,
              24.9652302
            ],
            [
              121.1843716,
              24.965314
            ],
            [
              121.1842866,
              24.9653151
            ]
          ]
        ]
      },
      "properties": {
        "osm_id": 1309944378,
        "name": "",
        "name_en": "",
        "building_type": "yes",
        "levels": 3,
        "height": 10.5,
        "addr": "",
        "operator": ""
      }
    },
    {
      "type": "Feature",
      "geometry": {
        "type": "Polygon",
        "coordinates": [
          [
            [
              121.1852831,
              24.9641524
            ],
            [
              121.1852952,
              24.9640914
            ],
            [
              121.1853886,
              24.9641135
            ],
            [
              121.1853746,
              24.9641702
            ],
            [
              121.1852831,
              24.9641524
            ]
          ]
        ]
      },
      "properties": {
        "osm_id": 1309944379,
        "name": "",
        "name_en": "",
        "building_type": "yes",
        "levels": 3,
        "height": 10.5,
        "addr": "",
        "operator": ""
      }
    },
    {
      "type": "Feature",
      "geometry": {
        "type": "Polygon",
        "coordinates": [
          [
            [
              121.1883944,
              24.9683843
            ],
            [
              121.1884671,
              24.968384
            ],
            [
              121.1884672,
              24.968403
            ],
            [
              121.1889378,
              24.968401
            ],
            [
              121.1889377,
              24.9683819
            ],
            [
              121.1890098,
              24.9683816
            ],
            [
              121.1890091,
              24.9682187
            ],
            [
              121.1889012,
              24.9682191
            ],
            [
              121.1889004,
              24.9680517
            ],
            [
              121.1890005,
              24.9680513
            ],
            [
              121.1889989,
              24.9677135
            ],
            [
              121.18902,
              24.9676859
            ],
            [
              121.1889989,
              24.9676182
            ],
            [
              121.1888907,
              24.9674858
            ],
            [
              121.1887724,
              24.9675653
            ],
            [
              121.1887727,
              24.9676161
            ],
            [
              121.1886238,
              24.9676168
            ],
            [
              121.1886236,
              24.967577
            ],
            [
              121.1883824,
              24.9675782
            ],
            [
              121.188383,
              24.9676851
            ],
            [
              121.1882904,
              24.9676855
            ],
            [
              121.1882899,
              24.9675879
            ],
            [
              121.1880544,
              24.967589
            ],
            [
              121.1880577,
              24.9681722
            ],
            [
              121.1881465,
              24.9681718
            ],
            [
              121.1881472,
              24.9682913
            ],
            [
              121.1882694,
              24.9682907
            ],
            [
              121.1882665,
              24.9677645
            ],
            [
              121.1883925,
              24.967764
            ],
            [
              121.1883945,
              24.9681155
            ],
            [
              121.1884766,
              24.9681151
            ],
            [
              121.1884772,
              24.9682142
            ],
            [
              121.1883935,
              24.9682146
            ],
            [
              121.1883944,
              24.9683843
            ]
          ]
        ]
      },
      "properties": {
        "osm_id": 6576312,
        "name": "工程三館(機械館)",
        "name_en": "Mechanical Eng Bldg",
        "building_type": "university",
        "levels": 3,
        "height": 10.5,
        "addr": "",
        "operator": "",
        "building_code": "E2",
        "building_function": "機械工程專屬研究空間，需具備重型機具進出動線"
      }
    },
    {
      "type": "Feature",
      "geometry": {
        "type": "Polygon",
        "coordinates": [
          [
            [
              121.1940007,
              24.9710558
            ],
            [
              121.1939981,
              24.9705623
            ],
            [
              121.194607,
              24.9705596
            ],
            [
              121.1946113,
              24.9713542
            ],
            [
              121.1943252,
              24.9713555
            ],
            [
              121.1943242,
              24.9711643
            ],
            [
              121.1944066,
              24.9711639
            ],
            [
              121.1944068,
              24.9712147
            ],
            [
              121.1945307,
              24.9712142
            ],
            [
              121.1945303,
              24.9711429
            ],
            [
              121.1944981,
              24.971143
            ],
            [
              121.1944978,
              24.9710798
            ],
            [
              121.1945231,
              24.9710796
            ],
            [
              121.194523,
              24.9710535
            ],
            [
              121.1940007,
              24.9710558
            ]
          ]
        ]
      },
      "properties": {
        "osm_id": 8244873,
        "name": "曦望居",
        "name_en": "",
        "building_type": "dormitory",
        "levels": 3,
        "height": 10.5,
        "addr": "",
        "operator": ""
      }
    },
    {
      "type": "Feature",
      "geometry": {
        "type": "Polygon",
        "coordinates": [
          [
            [
              121.1918288,
              24.9680639
            ],
            [
              121.1914806,
              24.9680646
            ],
            [
              121.191486,
              24.9685951
            ],
            [
              121.1918336,
              24.9685922
            ],
            [
              121.1918328,
              24.9685135
            ],
            [
              121.1918682,
              24.9685188
            ],
            [
              121.1919063,
              24.968512
            ],
            [
              121.191925,
              24.9684974
            ],
            [
              121.1919352,
              24.9684721
            ],
            [
              121.1919358,
              24.9684444
            ],
            [
              121.1919256,
              24.9684157
            ],
            [
              121.1919057,
              24.9683973
            ],
            [
              121.1918639,
              24.9683856
            ],
            [
              121.1918306,
              24.9683856
            ],
            [
              121.1918288,
              24.9680639
            ]
          ]
        ]
      },
      "properties": {
        "osm_id": 996613836,
        "name": "教學研究綜合大樓",
        "name_en": "",
        "building_type": "laboratory",
        "levels": 3,
        "height": 10.5,
        "addr": "",
        "operator": "",
        "building_function": "淨零碳排、綠能科技研發，建築本身即為永續生活實驗室"
      }
    },
    {
      "type": "Feature",
      "geometry": {
        "type": "Polygon",
        "coordinates": [
          [
            [
              121.1920935,
              24.9681332
            ],
            [
              121.1921428,
              24.9680982
            ],
            [
              121.1921922,
              24.9680788
            ],
            [
              121.1922598,
              24.9680671
            ],
            [
              121.1923284,
              24.968072
            ],
            [
              121.192381,
              24.9680875
            ],
            [
              121.192439,
              24.9681138
            ],
            [
              121.1924829,
              24.9681012
            ],
            [
              121.1925248,
              24.9680992
            ],
            [
              121.1925677,
              24.968105
            ],
            [
              121.1926074,
              24.9681284
            ],
            [
              121.1926364,
              24.9681566
            ],
            [
              121.1926643,
              24.9681897
            ],
            [
              121.1926814,
              24.9682383
            ],
            [
              121.1926855,
              24.9682743
            ],
            [
              121.192685,
              24.968311
            ],
            [
              121.1926742,
              24.968352
            ],
            [
              121.1926623,
              24.9683872
            ],
            [
              121.1926457,
              24.9684159
            ],
            [
              121.1926178,
              24.9684539
            ],
            [
              121.1925904,
              24.9684738
            ],
            [
              121.1925381,
              24.9684972
            ],
            [
              121.1924831,
              24.9685011
            ],
            [
              121.1924408,
              24.9684819
            ],
            [
              121.1924038,
              24.9685004
            ],
            [
              121.1923379,
              24.9685208
            ],
            [
              121.1922856,
              24.9685274
            ],
            [
              121.1922288,
              24.9685233
            ],
            [
              121.1921747,
              24.9685045
            ],
            [
              121.1921205,
              24.9684718
            ],
            [
              121.1920826,
              24.9684341
            ],
            [
              121.1920592,
              24.9683891
            ],
            [
              121.192042,
              24.9683376
            ],
            [
              121.1920384,
              24.9682853
            ],
            [
              121.1920455,
              24.9682325
            ],
            [
              121.1920615,
              24.968173
            ],
            [
              121.1920935,
              24.9681332
            ]
          ]
        ]
      },
      "properties": {
        "osm_id": 996613837,
        "name": "大禮堂",
        "name_en": "",
        "building_type": "auditorium",
        "levels": 5,
        "height": 17.5,
        "addr": "",
        "operator": "",
        "building_function": "舉辦國際學術盛會、交響樂與劇團演出之國家級展演殿堂"
      }
    },
    {
      "type": "Feature",
      "geometry": {
        "type": "Polygon",
        "coordinates": [
          [
            [
              121.1903769,
              24.9698098
            ],
            [
              121.1903757,
              24.9696266
            ],
            [
              121.1893211,
              24.969632
            ],
            [
              121.1893222,
              24.9698154
            ],
            [
              121.1903769,
              24.9698098
            ]
          ]
        ]
      },
      "properties": {
        "osm_id": 1041679633,
        "name": "中大國民運動中心",
        "name_en": "NCU Sports Center",
        "building_type": "sports",
        "levels": 3,
        "height": 10.5,
        "addr": "",
        "operator": ""
      }
    },
    {
      "type": "Feature",
      "geometry": {
        "type": "Polygon",
        "coordinates": [
          [
            [
              121.1981,
              24.973100000000002
            ],
            [
              121.19930000000001,
              24.973100000000002
            ],
            [
              121.19930000000001,
              24.9739
            ],
            [
              121.1981,
              24.9739
            ],
            [
              121.1981,
              24.973100000000002
            ]
          ]
        ]
      },
      "properties": {
        "osm_id": 900000001,
        "name": "中壢特高頻雷達 (VHF Radar)",
        "name_en": "Chung-Li VHF Radar",
        "building_type": "research_facility",
        "levels": 1,
        "height": 15.0,
        "addr": "",
        "operator": "國立中央大學太空科學研究所",
        "building_code": "R2",
        "building_function": "大氣觀測、電離層探測之大型相控陣列雷達，1985年建立",
        "facility_type": "radar_antenna"
      }
    },
    {
      "type": "Feature",
      "geometry": {
        "type": "Polygon",
        "coordinates": [
          [
            [
              121.19435,
              24.96745
            ],
            [
              121.19465000000001,
              24.96745
            ],
            [
              121.19465000000001,
              24.967750000000002
            ],
            [
              121.19435,
              24.967750000000002
            ],
            [
              121.19435,
              24.96745
            ]
          ]
        ]
      },
      "properties": {
        "osm_id": 900000002,
        "name": "科一館天文望遠鏡",
        "name_en": "NCU Observatory Telescope",
        "building_type": "research_facility",
        "levels": 1,
        "height": 5.0,
        "addr": "",
        "operator": "國立中央大學天文研究所",
        "building_code": "S",
        "building_function": "科學一館頂樓天文觀測設施",
        "facility_type": "telescope"
      }
    },
    {
      "type": "Feature",
      "geometry": {
        "type": "Polygon",
        "coordinates": [
          [
            [
              121.1955,
              24.9722
            ],
            [
              121.1965,
              24.9722
            ],
            [
              121.1965,
              24.9728
            ],
            [
              121.1955,
              24.9728
            ],
            [
              121.1955,
              24.9722
            ]
          ]
        ]
      },
      "properties": {
        "osm_id": 900000003,
        "name": "游離層天線區",
        "name_en": "Ionosphere Antenna Array",
        "building_type": "research_facility",
        "levels": 1,
        "height": 10.0,
        "addr": "",
        "operator": "國立中央大學太空科學研究所",
        "building_code": "R2",
        "building_function": "C波段氣象雷達 NCU C-POL 及游離層觀測天線陣列",
        "facility_type": "antenna_array"
      }
    }
  ]
}