{
  "type": "FeatureCollection",
  "features": [
    {
      "type": "Feature",
      "geometry": {
        "type": "Polygon",
        "coordinates": [
          [
            [
              121.1931614,
              24.9657002
            ],
            [
              121.193163,
              24.9655357
            ],
            [
              121.1935522,
              24.9655315
            ],
            [
              121.1935521,
              24.9657004
            ],
            [
              121.1934704,
              24.965701
            ],
            [
              121.1934706,
              24.9656519
            ],
            [
              121.1932392,
              24.9656492
            ],
            [
              121.1932381,
              24.9657031
            ],
            [
              121.1931614,
              24.9657002
            ]
          ]
        ]
      },
      "properties": {
        "osm_id": 202690673,
        "name": "男三舍",
        "building_type": "dormitory",
        "operator": "",
        "levels": 1,
        "height": 0.37,
        "footprint_area_m2": 601.2,
        "mean_kw": 26.8,
        "annual_kwh": 234864.0,
        "annual_mwh": 234.9,
        "peak_kw": 42.9,
        "eui": 390.7,
        "load_factor": 0.62,
        "archetype_label": "Office",
        "data_source": "ncu_114_real",
        "has_meter_data": true,
        "building_code": "",
        "meter_name": "男三舍",
        "b_floors": 1,
        "b_area": 601.2,
        "annual_kwh_raw": 195720.0,
        "annual_mwh_raw": 195.7,
        "mean_kw_raw": 26.8,
        "eui_raw": 390.7,
        "eui_kw_per_m2": 0.0446,
        "data_year": 2025,
        "energy_tier": "NORMAL",
        "tier_color": [
          240,
          196,
          25,
          220
        ],
        "coverage_ratio": 0.83,
        "uid": "NCU_202690673"
      }
    },
    {
      "type": "Feature",
      "geometry": {
        "type": "Polygon",
        "coordinates": [
          [
            [
              121.1901314,
              24.9705077
            ],
            [
              121.1901246,
              24.9700349
            ],
            [
              121.1906196,
              24.9700307
            ],
            [
              121.1906103,
              24.9705091
            ],
            [
              121.1901314,
              24.9705077
            ]
          ]
        ]
      },
      "properties": {
        "osm_id": 202690841,
        "name": "國鼎光電大樓",
        "building_type": "yes",
        "operator": "",
        "levels": 5,
        "height": 18.2,
        "footprint_area_m2": 2597.26,
        "mean_kw": 291.7,
        "annual_kwh": 2555238.0,
        "annual_mwh": 2555.2,
        "peak_kw": 466.7,
        "eui": 196.8,
        "load_factor": 0.62,
        "archetype_label": "Office",
        "data_source": "ncu_114_real",
        "has_meter_data": true,
        "building_code": "",
        "meter_name": "國鼎光電大樓",
        "b_floors": 5,
        "b_area": 12986.300000000001,
        "annual_kwh_raw": 2555238.0,
        "annual_mwh_raw": 2555.2,
        "mean_kw_raw": 291.7,
        "eui_raw": 196.8,
        "eui_kw_per_m2": 0.0225,
        "data_year": 2025,
        "energy_tier": "HIGH",
        "tier_color": [
          215,
          48,
          39,
          220
        ],
        "coverage_ratio": 1.0,
        "uid": "NCU_202690841"
      }
    },
    {
      "type": "Feature",
      "geometry": {
        "type": "Polygon",
        "coordinates": [
          [
            [
              121.1915239,
              24.9715162
            ],
            [
              121.1915197,
              24.971343
            ],
            [
              121.1919078,
              24.9713351
            ],
            [
              121.1919012,
              24.9710666
            ],
            [
              121.1920991,
              24.9710626
            ],
            [
              121.19211,
              24.9715043
            ],
            [
              121.1915239,
              24.9715162
            ]
          ]
        ]
      },
      "properties": {
        "osm_id": 202691135,
        "name": "科學四館",
        "building_type": "university",
        "operator": "",
        "levels": 12,
        "height": 42.58,
        "footprint_area_m2": 1735.23,
        "mean_kw": 412.9,
        "annual_kwh": 3616572.0,
        "annual_mwh": 3616.6,
        "peak_kw": 660.6,
        "eui": 173.7,
        "load_factor": 0.62,
        "archetype_label": "Office",
        "data_source": "ncu_114_real",
        "has_meter_data": true,
        "building_code": "",
        "meter_name": "科學四館",
        "b_floors": 12,
        "b_area": 20822.760000000002,
        "annual_kwh_raw": 3616572.0,
        "annual_mwh_raw": 3616.6,
        "mean_kw_raw": 412.9,
        "eui_raw": 173.7,
        "eui_kw_per_m2": 0.0198,
        "data_year": 2025,
        "energy_tier": "HIGH",
        "tier_color": [
          215,
          48,
          39,
          220
        ],
        "coverage_ratio": 1.0,
        "uid": "NCU_202691135"
      }
    },
    {
      "type": "Feature",
      "geometry": {
        "type": "Polygon",
        "coordinates": [
          [
            [
              121.1919767,
              24.9700554
            ],
            [
              121.1925132,
              24.9700554
            ],
            [
              121.1925186,
              24.9699047
            ],
            [
              121.1919714,
              24.9699095
            ],
            [
              121.1919767,
              24.9700554
            ]
          ]
        ]
      },
      "properties": {
        "osm_id": 202691136,
        "name": "科學二館(理學院大樓)",
        "building_type": "university",
        "operator": "",
        "levels": 3,
        "height": 10.33,
        "footprint_area_m2": 901.18,
        "mean_kw": 315.5,
        "annual_kwh": 2763611.0,
        "annual_mwh": 2763.6,
        "peak_kw": 504.8,
        "eui": 1022.2,
        "load_factor": 0.62,
        "archetype_label": "Office",
        "data_source": "ncu_114_real",
        "has_meter_data": true,
        "building_code": "",
        "meter_name": "科學二館(理學院大樓)",
        "b_floors": 3,
        "b_area": 2703.54,
        "annual_kwh_raw": 2763611.0,
        "annual_mwh_raw": 2763.6,
        "mean_kw_raw": 315.5,
        "eui_raw": 1022.2,
        "eui_kw_per_m2": 0.1167,
        "data_year": 2025,
        "energy_tier": "HIGH",
        "tier_color": [
          215,
          48,
          39,
          220
        ],
        "coverage_ratio": 1.0,
        "uid": "NCU_202691136"
      }
    },
    {
      "type": "Feature",
      "geometry": {
        "type": "Polygon",
        "coordinates": [
          [
            [
              121.1941463,
              24.9690212
            ],
            [
              121.194147,
              24.9687326
            ],
            [
              121.1942728,
              24.9687328
            ],
            [
              121.1942727,
              24.9688002
            ],
            [
              121.1948252,
              24.9688013
            ],
            [
              121.1948253,
              24.9687253
            ],
            [
              121.194949,
              24.9687255
            ],
            [
              121.1949483,
              24.9690228
            ],
            [
              121.1946383,
              24.9690222
            ],
            [
              121.1944765,
              24.9690219
            ],
            [
              121.1941463,
              24.9690212
            ]
          ]
        ]
      },
      "properties": {
        "osm_id": 202691227,
        "name": "文學二館",
        "building_type": "university",
        "operator": "",
        "levels": 1,
        "height": 5.12,
        "footprint_area_m2": 2190.7,
        "mean_kw": 28.4,
        "annual_kwh": 248838.0,
        "annual_mwh": 248.8,
        "peak_kw": 45.4,
        "eui": 113.6,
        "load_factor": 0.62,
        "archetype_label": "Office",
        "data_source": "ncu_114_real",
        "has_meter_data": true,
        "building_code": "",
        "meter_name": "文學二館",
        "b_floors": 1,
        "b_area": 2190.7,
        "annual_kwh_raw": 207365.0,
        "annual_mwh_raw": 207.4,
        "mean_kw_raw": 28.4,
        "eui_raw": 113.6,
        "eui_kw_per_m2": 0.013,
        "data_year": 2025,
        "energy_tier": "NORMAL",
        "tier_color": [
          240,
          196,
          25,
          220
        ],
        "coverage_ratio": 0.83,
        "uid": "NCU_202691227"
      }
    },
    {
      "type": "Feature",
      "geometry": {
        "type": "Polygon",
        "coordinates": [
          [
            [
              121.1941708,
              24.9695059
            ],
            [
              121.1941708,
              24.9692093
            ],
            [
              121.1942459,
              24.9691752
            ],
            [
              121.1944781,
              24.969177
            ],
            [
              121.1946398,
              24.9691782
            ],
            [
              121.1948843,
              24.9691801
            ],
            [
              121.1949433,
              24.9692093
            ],
            [
              121.1949379,
              24.969501
            ],
            [
              121.1948735,
              24.9695497
            ],
            [
              121.1942298,
              24.9695497
            ],
            [
              121.1941708,
              24.9695059
            ]
          ]
        ]
      },
      "properties": {
        "osm_id": 202691228,
        "name": "文學一館",
        "building_type": "university",
        "operator": "",
        "levels": 1,
        "height": 4.02,
        "footprint_area_m2": 3155.84,
        "mean_kw": 12.3,
        "annual_kwh": 107559.0,
        "annual_mwh": 107.6,
        "peak_kw": 19.6,
        "eui": 34.1,
        "load_factor": 0.62,
        "archetype_label": "Office",
        "data_source": "ncu_114_real",
        "has_meter_data": true,
        "building_code": "",
        "meter_name": "文學一館",
        "b_floors": 1,
        "b_area": 3155.84,
        "annual_kwh_raw": 62743.0,
        "annual_mwh_raw": 62.7,
        "mean_kw_raw": 12.3,
        "eui_raw": 34.1,
        "eui_kw_per_m2": 0.0039,
        "data_year": 2025,
        "energy_tier": "LOW",
        "tier_color": [
          26,
          152,
          80,
          220
        ],
        "coverage_ratio": 0.58,
        "uid": "NCU_202691228"
      }
    },
    {
      "type": "Feature",
      "geometry": {
        "type": "Polygon",
        "coordinates": [
          [
            [
              121.1906083,
              24.9692733
            ],
            [
              121.190604,
              24.9689611
            ],
            [
              121.1910626,
              24.968956
            ],
            [
              121.1910669,
              24.9692681
            ],
            [
              121.1906083,
              24.9692733
            ]
          ]
        ]
      },
      "properties": {
        "osm_id": 202805154,
        "name": "羽球館",
        "building_type": "university",
        "operator": "",
        "levels": 3,
        "height": 9.76,
        "footprint_area_m2": 1605.69,
        "mean_kw": 0.0,
        "annual_kwh": 0.0,
        "annual_mwh": 0.0,
        "peak_kw": 0.0,
        "eui": 0.0,
        "load_factor": 0.55,
        "archetype_label": "Office",
        "data_source": "synthetic_zero",
        "has_meter_data": false,
        "building_code": "",
        "meter_name": "",
        "b_floors": 3,
        "b_area": 4817.07,
        "annual_kwh_raw": 0.0,
        "eui_kw_per_m2": 0.0,
        "data_year": 2025,
        "energy_tier": "LOW",
        "tier_color": [
          180,
          180,
          180,
          100
        ],
        "uid": "NCU_202805154"
      }
    },
    {
      "type": "Feature",
      "geometry": {
        "type": "Polygon",
        "coordinates": [
          [
            [
              121.1930712,
              24.9662087
            ],
            [
              121.1930711,
              24.9660457
            ],
            [
              121.1935512,
              24.9660457
            ],
            [
              121.1935513,
              24.9662087
            ],
            [
              121.1930712,
              24.9662087
            ]
          ]
        ]
      },
      "properties": {
        "osm_id": 202805379,
        "name": "iHouse享想空間",
        "building_type": "university",
        "operator": "",
        "levels": 1,
        "height": 3.68,
        "footprint_area_m2": 877.66,
        "mean_kw": 13.8,
        "annual_kwh": 120928.0,
        "annual_mwh": 120.9,
        "peak_kw": 22.1,
        "eui": 137.8,
        "load_factor": 0.62,
        "archetype_label": "Office",
        "data_source": "ncu_114_real",
        "has_meter_data": true,
        "building_code": "",
        "meter_name": "iHouse享想空間",
        "b_floors": 1,
        "b_area": 877.66,
        "annual_kwh_raw": 120928.0,
        "annual_mwh_raw": 120.9,
        "mean_kw_raw": 13.8,
        "eui_raw": 137.8,
        "eui_kw_per_m2": 0.0157,
        "data_year": 2025,
        "energy_tier": "LOW",
        "tier_color": [
          26,
          152,
          80,
          220
        ],
        "coverage_ratio": 1.0,
        "uid": "NCU_202805379"
      }
    },
    {
      "type": "Feature",
      "geometry": {
        "type": "Polygon",
        "coordinates": [
          [
            [
              121.1954343,
              24.9701172
            ],
            [
              121.1956209,
              24.9701431
            ],
            [
              121.195727,
              24.9701989
            ],
            [
              121.1958223,
              24.9703019
            ],
            [
              121.1958637,
              24.970403
            ],
            [
              121.1958716,
              24.9704862
            ],
            [
              121.1958491,
              24.970594
            ],
            [
              121.1958014,
              24.970678
            ],
            [
              121.1957119,
              24.9707611
            ],
            [
              121.1956481,
              24.9707957
            ],
            [
              121.1955174,
              24.9708285
            ],
            [
              121.1954583,
              24.9708383
            ],
            [
              121.1954529,
              24.9707167
            ],
            [
              121.1955549,
              24.9706875
            ],
            [
              121.195638,
              24.9706365
            ],
            [
              121.1956756,
              24.9705708
            ],
            [
              121.1956836,
              24.9704663
            ],
            [
              121.1956675,
              24.9703739
            ],
            [
              121.1956353,
              24.9703155
            ],
            [
              121.195571,
              24.9702742
            ],
            [
              121.1954476,
              24.9702499
            ],
            [
              121.1954343,
              24.9701172
            ]
          ]
        ]
      },
      "properties": {
        "osm_id": 202805783,
        "name": "男九舍",
        "building_type": "dormitory",
        "operator": "",
        "levels": 1,
        "height": 3.41,
        "footprint_area_m2": 1680.84,
        "mean_kw": 46.2,
        "annual_kwh": 404579.0,
        "annual_mwh": 404.6,
        "peak_kw": 73.9,
        "eui": 240.7,
        "load_factor": 0.62,
        "archetype_label": "Office",
        "data_source": "ncu_114_real",
        "has_meter_data": true,
        "building_code": "",
        "meter_name": "男九舍",
        "b_floors": 1,
        "b_area": 1680.84,
        "annual_kwh_raw": 404579.0,
        "annual_mwh_raw": 404.6,
        "mean_kw_raw": 46.2,
        "eui_raw": 240.7,
        "eui_kw_per_m2": 0.0275,
        "data_year": 2025,
        "energy_tier": "NORMAL",
        "tier_color": [
          240,
          196,
          25,
          220
        ],
        "coverage_ratio": 1.0,
        "uid": "NCU_202805783"
      }
    },
    {
      "type": "Feature",
      "geometry": {
        "type": "Polygon",
        "coordinates": [
          [
            [
              121.1940616,
              24.9657012
            ],
            [
              121.1940591,
              24.9654749
            ],
            [
              121.1941268,
              24.9654743
            ],
            [
              121.194125,
              24.9653164
            ],
            [
              121.1941633,
              24.9653161
            ],
            [
              121.1941626,
              24.965252
            ],
            [
              121.1942391,
              24.9652512
            ],
            [
              121.1942398,
              24.9653181
            ],
            [
              121.1942852,
              24.9653177
            ],
            [
              121.1942855,
              24.965351
            ],
            [
              121.1943737,
              24.9653501
            ],
            [
              121.1943752,
              24.9654842
            ],
            [
              121.1944524,
              24.9654834
            ],
            [
              121.1944516,
              24.9654138
            ],
            [
              121.1945469,
              24.9654129
            ],
            [
              121.1945477,
              24.9654814
            ],
            [
              121.1946374,
              24.9654806
            ],
            [
              121.1946407,
              24.9657741
            ],
            [
              121.194174,
              24.9657784
            ],
            [
              121.1941737,
              24.9657523
            ],
            [
              121.1940797,
              24.9657531
            ],
            [
              121.1940791,
              24.965701
            ],
            [
              121.1940616,
              24.9657012
            ]
          ]
        ]
      },
      "properties": {
        "osm_id": 202805788,
        "name": "女十四舍",
        "building_type": "dormitory",
        "operator": "",
        "levels": 9,
        "height": 32.42,
        "footprint_area_m2": 2429.48,
        "mean_kw": 110.8,
        "annual_kwh": 970389.0,
        "annual_mwh": 970.4,
        "peak_kw": 177.2,
        "eui": 44.4,
        "load_factor": 0.62,
        "archetype_label": "Office",
        "data_source": "ncu_114_real",
        "has_meter_data": true,
        "building_code": "",
        "meter_name": "女十四舍",
        "b_floors": 9,
        "b_area": 21865.32,
        "annual_kwh_raw": 970389.0,
        "annual_mwh_raw": 970.4,
        "mean_kw_raw": 110.8,
        "eui_raw": 44.4,
        "eui_kw_per_m2": 0.0051,
        "data_year": 2025,
        "energy_tier": "NORMAL",
        "tier_color": [
          240,
          196,
          25,
          220
        ],
        "coverage_ratio": 1.0,
        "uid": "NCU_202805788"
      }
    },
    {
      "type": "Feature",
      "geometry": {
        "type": "Polygon",
        "coordinates": [
          [
            [
              121.1946707,
              24.9708748
            ],
            [
              121.1946688,
              24.9707454
            ],
            [
              121.1952608,
              24.970738
            ],
            [
              121.1952628,
              24.9708674
            ],
            [
              121.1949773,
              24.9708709
            ],
            [
              121.1946707,
              24.9708748
            ]
          ]
        ]
      },
      "properties": {
        "osm_id": 202805967,
        "name": "中大會館",
        "building_type": "hotel",
        "operator": "",
        "levels": 2,
        "height": 8.12,
        "footprint_area_m2": 859.12,
        "mean_kw": 84.5,
        "annual_kwh": 740426.0,
        "annual_mwh": 740.4,
        "peak_kw": 135.2,
        "eui": 430.9,
        "load_factor": 0.62,
        "archetype_label": "Office",
        "data_source": "ncu_114_real",
        "has_meter_data": true,
        "building_code": "",
        "meter_name": "中大會館",
        "b_floors": 2,
        "b_area": 1718.24,
        "annual_kwh_raw": 740426.0,
        "annual_mwh_raw": 740.4,
        "mean_kw_raw": 84.5,
        "eui_raw": 430.9,
        "eui_kw_per_m2": 0.0492,
        "data_year": 2025,
        "energy_tier": "NORMAL",
        "tier_color": [
          240,
          196,
          25,
          220
        ],
        "coverage_ratio": 1.0,
        "uid": "NCU_202805967"
      }
    },
    {
      "type": "Feature",
      "geometry": {
        "type": "Polygon",
        "coordinates": [
          [
            [
              121.1930999,
              24.9708998
            ],
            [
              121.1931014,
              24.9707676
            ],
            [
              121.1928617,
              24.9707655
            ],
            [
              121.1928619,
              24.9707452
            ],
            [
              121.1927454,
              24.9707442
            ],
            [
              121.1926286,
              24.9707431
            ],
            [
              121.1925205,
              24.9707421
            ],
            [
              121.1925195,
              24.9708354
            ],
            [
              121.1923592,
              24.9708339
            ],
            [
              121.1923589,
              24.9708568
            ],
            [
              121.1922884,
              24.9708562
            ],
            [
              121.1922879,
              24.9708652
            ],
            [
              121.1922878,
              24.9709065
            ],
            [
              121.1922874,
              24.9709521
            ],
            [
              121.1926602,
              24.9709554
            ],
            [
              121.1926611,
              24.9708687
            ],
            [
              121.1929319,
              24.9708711
            ],
            [
              121.1929316,
              24.9708983
            ],
            [
              121.1930999,
              24.9708998
            ]
          ]
        ]
      },
      "properties": {
        "osm_id": 202805968,
        "name": "鴻經館",
        "building_type": "university",
        "operator": "",
        "levels": 4,
        "height": 14.97,
        "footprint_area_m2": 1240.92,
        "mean_kw": 45.6,
        "annual_kwh": 399392.0,
        "annual_mwh": 399.4,
        "peak_kw": 72.9,
        "eui": 80.5,
        "load_factor": 0.62,
        "archetype_label": "Office",
        "data_source": "ncu_114_real",
        "has_meter_data": true,
        "building_code": "",
        "meter_name": "鴻經館",
        "b_floors": 4,
        "b_area": 4963.68,
        "annual_kwh_raw": 199696.0,
        "annual_mwh_raw": 199.7,
        "mean_kw_raw": 45.6,
        "eui_raw": 80.5,
        "eui_kw_per_m2": 0.0092,
        "data_year": 2025,
        "energy_tier": "NORMAL",
        "tier_color": [
          240,
          196,
          25,
          220
        ],
        "coverage_ratio": 0.5,
        "uid": "NCU_202805968"
      }
    },
    {
      "type": "Feature",
      "geometry": {
        "type": "Polygon",
        "coordinates": [
          [
            [
              121.193326,
              24.9710231
            ],
            [
              121.1938383,
              24.9710036
            ],
            [
              121.1938973,
              24.970955
            ],
            [
              121.1938812,
              24.9704784
            ],
            [
              121.1938088,
              24.9704347
            ],
            [
              121.1937149,
              24.9704274
            ],
            [
              121.1937122,
              24.9706122
            ],
            [
              121.1935164,
              24.9706122
            ],
            [
              121.1934279,
              24.9706584
            ],
            [
              121.1933769,
              24.9707264
            ],
            [
              121.1933367,
              24.9707921
            ],
            [
              121.1933394,
              24.970921
            ],
            [
              121.193326,
              24.9710231
            ]
          ]
        ]
      },
      "properties": {
        "osm_id": 202805970,
        "name": "管理學院二館",
        "building_type": "university",
        "operator": "",
        "levels": 9,
        "height": 29.85,
        "footprint_area_m2": 2666.94,
        "mean_kw": 118.7,
        "annual_kwh": 1039767.0,
        "annual_mwh": 1039.8,
        "peak_kw": 189.9,
        "eui": 43.3,
        "load_factor": 0.62,
        "archetype_label": "Office",
        "data_source": "ncu_114_real",
        "has_meter_data": true,
        "building_code": "",
        "meter_name": "管理學院二館",
        "b_floors": 9,
        "b_area": 24002.46,
        "annual_kwh_raw": 1039767.0,
        "annual_mwh_raw": 1039.8,
        "mean_kw_raw": 118.7,
        "eui_raw": 43.3,
        "eui_kw_per_m2": 0.0049,
        "data_year": 2025,
        "energy_tier": "NORMAL",
        "tier_color": [
          240,
          196,
          25,
          220
        ],
        "coverage_ratio": 1.0,
        "uid": "NCU_202805970"
      }
    },
    {
      "type": "Feature",
      "geometry": {
        "type": "Polygon",
        "coordinates": [
          [
            [
              121.1925937,
              24.9704298
            ],
            [
              121.1926044,
              24.9701648
            ],
            [
              121.1926769,
              24.9701283
            ],
            [
              121.1931543,
              24.9701283
            ],
            [
              121.193165,
              24.9702961
            ],
            [
              121.1931087,
              24.9704444
            ],
            [
              121.1925937,
              24.9704298
            ]
          ]
        ]
      },
      "properties": {
        "osm_id": 202806028,
        "name": "綜教館(語言中心)",
        "building_type": "university",
        "operator": "",
        "levels": 3,
        "height": 11.0,
        "footprint_area_m2": 1891.1,
        "mean_kw": 116.4,
        "annual_kwh": 1019884.0,
        "annual_mwh": 1019.9,
        "peak_kw": 186.3,
        "eui": 179.8,
        "load_factor": 0.62,
        "archetype_label": "Office",
        "data_source": "ncu_114_real",
        "has_meter_data": true,
        "building_code": "",
        "meter_name": "綜教館(語言中心)",
        "b_floors": 3,
        "b_area": 5673.299999999999,
        "annual_kwh_raw": 1019884.0,
        "annual_mwh_raw": 1019.9,
        "mean_kw_raw": 116.4,
        "eui_raw": 179.8,
        "eui_kw_per_m2": 0.0205,
        "data_year": 2025,
        "energy_tier": "NORMAL",
        "tier_color": [
          240,
          196,
          25,
          220
        ],
        "coverage_ratio": 1.0,
        "uid": "NCU_202806028"
      }
    },
    {
      "type": "Feature",
      "geometry": {
        "type": "Polygon",
        "coordinates": [
          [
            [
              121.1904287,
              24.9694041
            ],
            [
              121.1904282,
              24.9692959
            ],
            [
              121.1906427,
              24.9692951
            ],
            [
              121.1906432,
              24.9694033
            ],
            [
              121.1904287,
              24.9694041
            ]
          ]
        ]
      },
      "properties": {
        "osm_id": 202806291,
        "name": "體育器材室",
        "building_type": "yes",
        "operator": "",
        "levels": 2,
        "height": 7.6,
        "footprint_area_m2": 260.29,
        "mean_kw": 0.0,
        "annual_kwh": 0.0,
        "annual_mwh": 0.0,
        "peak_kw": 0.0,
        "eui": 0.0,
        "load_factor": 0.55,
        "archetype_label": "Office",
        "data_source": "synthetic_zero",
        "has_meter_data": false,
        "building_code": "",
        "meter_name": "",
        "b_floors": 2,
        "b_area": 520.58,
        "annual_kwh_raw": 0.0,
        "eui_kw_per_m2": 0.0,
        "data_year": 2025,
        "energy_tier": "LOW",
        "tier_color": [
          180,
          180,
          180,
          100
        ],
        "uid": "NCU_202806291"
      }
    },
    {
      "type": "Feature",
      "geometry": {
        "type": "Polygon",
        "coordinates": [
          [
            [
              121.1933152,
              24.96856
            ],
            [
              121.1933152,
              24.9680104
            ],
            [
              121.1939268,
              24.9680202
            ],
            [
              121.1939214,
              24.96856
            ],
            [
              121.1933152,
              24.96856
            ]
          ]
        ]
      },
      "properties": {
        "osm_id": 202806571,
        "name": "第二行政中心",
        "building_type": "university",
        "operator": "",
        "levels": 1,
        "height": 2.03,
        "footprint_area_m2": 3719.81,
        "mean_kw": 0.0,
        "annual_kwh": 0.0,
        "annual_mwh": 0.0,
        "peak_kw": 0.0,
        "eui": 0.0,
        "load_factor": 0.55,
        "archetype_label": "Office",
        "data_source": "synthetic_zero",
        "has_meter_data": false,
        "building_code": "",
        "meter_name": "",
        "b_floors": 1,
        "b_area": 3719.81,
        "annual_kwh_raw": 0.0,
        "eui_kw_per_m2": 0.0,
        "data_year": 2025,
        "energy_tier": "LOW",
        "tier_color": [
          180,
          180,
          180,
          100
        ],
        "uid": "NCU_202806571"
      }
    },
    {
      "type": "Feature",
      "geometry": {
        "type": "Polygon",
        "coordinates": [
          [
            [
              121.1941628,
              24.9685454
            ],
            [
              121.1941682,
              24.9679667
            ],
            [
              121.1944096,
              24.9679715
            ],
            [
              121.1944096,
              24.9685502
            ],
            [
              121.1941628,
              24.9685454
            ]
          ]
        ]
      },
      "properties": {
        "osm_id": 202806573,
        "name": "總圖書館",
        "building_type": "university",
        "operator": "",
        "levels": 8,
        "height": 29.2,
        "footprint_area_m2": 1584.38,
        "mean_kw": 78.7,
        "annual_kwh": 689039.0,
        "annual_mwh": 689.0,
        "peak_kw": 125.9,
        "eui": 54.4,
        "load_factor": 0.62,
        "archetype_label": "Office",
        "data_source": "ncu_114_real",
        "has_meter_data": true,
        "building_code": "",
        "meter_name": "總圖書館",
        "b_floors": 8,
        "b_area": 12675.04,
        "annual_kwh_raw": 689039.0,
        "annual_mwh_raw": 689.0,
        "mean_kw_raw": 78.7,
        "eui_raw": 54.4,
        "eui_kw_per_m2": 0.0062,
        "data_year": 2025,
        "energy_tier": "NORMAL",
        "tier_color": [
          240,
          196,
          25,
          220
        ],
        "coverage_ratio": 1.0,
        "uid": "NCU_202806573"
      }
    },
    {
      "type": "Feature",
      "geometry": {
        "type": "Polygon",
        "coordinates": [
          [
            [
              121.1933621,
              24.9703616
            ],
            [
              121.1933529,
              24.9700945
            ],
            [
              121.1935738,
              24.9700883
            ],
            [
              121.1935725,
              24.9700494
            ],
            [
              121.1937532,
              24.9700443
            ],
            [
              121.1937554,
              24.9701069
            ],
            [
              121.1939549,
              24.9701013
            ],
            [
              121.1939632,
              24.9703437
            ],
            [
              121.1937521,
              24.9703497
            ],
            [
              121.193754,
              24.9704052
            ],
            [
              121.1935706,
              24.9704103
            ],
            [
              121.1935688,
              24.9703558
            ],
            [
              121.1933621,
              24.9703616
            ]
          ]
        ]
      },
      "properties": {
        "osm_id": 217833431,
        "name": "志希館",
        "building_type": "university",
        "operator": "",
        "levels": 7,
        "height": 26.09,
        "footprint_area_m2": 1938.32,
        "mean_kw": 214.2,
        "annual_kwh": 1876008.0,
        "annual_mwh": 1876.0,
        "peak_kw": 342.6,
        "eui": 138.3,
        "load_factor": 0.62,
        "archetype_label": "Office",
        "data_source": "ncu_114_real",
        "has_meter_data": true,
        "building_code": "",
        "meter_name": "志希館",
        "b_floors": 7,
        "b_area": 13568.24,
        "annual_kwh_raw": 1876008.0,
        "annual_mwh_raw": 1876.0,
        "mean_kw_raw": 214.2,
        "eui_raw": 138.3,
        "eui_kw_per_m2": 0.0158,
        "data_year": 2025,
        "energy_tier": "HIGH",
        "tier_color": [
          215,
          48,
          39,
          220
        ],
        "coverage_ratio": 1.0,
        "uid": "NCU_217833431"
      }
    },
    {
      "type": "Feature",
      "geometry": {
        "type": "Polygon",
        "coordinates": [
          [
            [
              121.1960667,
              24.9667082
            ],
            [
              121.1960692,
              24.9665758
            ],
            [
              121.1962783,
              24.966579
            ],
            [
              121.1962843,
              24.966263
            ],
            [
              121.1963757,
              24.9662644
            ],
            [
              121.1963766,
              24.9662167
            ],
            [
              121.1964083,
              24.9662172
            ],
            [
              121.1964451,
              24.9662701
            ],
            [
              121.1964354,
              24.966574
            ],
            [
              121.1965509,
              24.9665771
            ],
            [
              121.1965588,
              24.9663314
            ],
            [
              121.1967371,
              24.9663361
            ],
            [
              121.196718,
              24.9669265
            ],
            [
              121.196532,
              24.9669216
            ],
            [
              121.1965378,
              24.9667431
            ],
            [
              121.1964049,
              24.9667395
            ],
            [
              121.1964035,
              24.966781
            ],
            [
              121.1963576,
              24.9667797
            ],
            [
              121.19631,
              24.9667784
            ],
            [
              121.1963114,
              24.9667366
            ],
            [
              121.1962471,
              24.9667348
            ],
            [
              121.1962404,
              24.9667537
            ],
            [
              121.1961106,
              24.9667516
            ],
            [
              121.1961115,
              24.9667089
            ],
            [
              121.1960667,
              24.9667082
            ]
          ]
        ]
      },
      "properties": {
        "osm_id": 264560214,
        "name": "男13舍",
        "building_type": "dormitory",
        "operator": "",
        "levels": 8,
        "height": 26.4,
        "footprint_area_m2": 2703.9,
        "mean_kw": 46.4,
        "annual_kwh": 406739.0,
        "annual_mwh": 406.7,
        "peak_kw": 74.3,
        "eui": 18.8,
        "load_factor": 0.62,
        "archetype_label": "Office",
        "data_source": "ncu_114_real",
        "has_meter_data": true,
        "building_code": "",
        "meter_name": "男13舍",
        "b_floors": 8,
        "b_area": 21631.2,
        "annual_kwh_raw": 305054.0,
        "annual_mwh_raw": 305.1,
        "mean_kw_raw": 46.4,
        "eui_raw": 18.8,
        "eui_kw_per_m2": 0.0021,
        "data_year": 2025,
        "energy_tier": "NORMAL",
        "tier_color": [
          240,
          196,
          25,
          220
        ],
        "coverage_ratio": 0.75,
        "uid": "NCU_264560214"
      }
    },
    {
      "type": "Feature",
      "geometry": {
        "type": "Polygon",
        "coordinates": [
          [
            [
              121.1941065,
              24.9672731
            ],
            [
              121.194105,
              24.9675074
            ],
            [
              121.1945406,
              24.9675133
            ],
            [
              121.194974,
              24.967512
            ],
            [
              121.1949758,
              24.9672374
            ],
            [
              121.1948737,
              24.9672368
            ],
            [
              121.1948725,
              24.9674228
            ],
            [
              121.1946432,
              24.9674216
            ],
            [
              121.1946445,
              24.9672334
            ],
            [
              121.1945745,
              24.967233
            ],
            [
              121.1944977,
              24.9672328
            ],
            [
              121.1944558,
              24.9672326
            ],
            [
              121.1944546,
              24.9674156
            ],
            [
              121.1942353,
              24.9674144
            ],
            [
              121.1942362,
              24.9672738
            ],
            [
              121.1941065,
              24.9672731
            ]
          ]
        ]
      },
      "properties": {
        "osm_id": 268560615,
        "name": "地球科學院",
        "building_type": "university",
        "operator": "",
        "levels": 2,
        "height": 5.58,
        "footprint_area_m2": 1716.76,
        "mean_kw": 0.0,
        "annual_kwh": 0.0,
        "annual_mwh": 0.0,
        "peak_kw": 0.0,
        "eui": 0.0,
        "load_factor": 0.55,
        "archetype_label": "Office",
        "data_source": "synthetic_zero",
        "has_meter_data": false,
        "building_code": "",
        "meter_name": "",
        "b_floors": 2,
        "b_area": 3433.52,
        "annual_kwh_raw": 0.0,
        "eui_kw_per_m2": 0.0,
        "data_year": 2025,
        "energy_tier": "LOW",
        "tier_color": [
          180,
          180,
          180,
          100
        ],
        "uid": "NCU_268560615"
      }
    },
    {
      "type": "Feature",
      "geometry": {
        "type": "Polygon",
        "coordinates": [
          [
            [
              121.1940986,
              24.9671833
            ],
            [
              121.1944975,
              24.967182
            ],
            [
              121.1944977,
              24.9672328
            ],
            [
              121.1945745,
              24.967233
            ],
            [
              121.1945744,
              24.9671887
            ],
            [
              121.1949609,
              24.9671874
            ],
            [
              121.1949603,
              24.9670252
            ],
            [
              121.1945376,
              24.9670265
            ],
            [
              121.194098,
              24.9670279
            ],
            [
              121.1940986,
              24.9671833
            ]
          ]
        ]
      },
      "properties": {
        "osm_id": 268560616,
        "name": "地球科學院",
        "building_type": "university",
        "operator": "",
        "levels": 2,
        "height": 5.58,
        "footprint_area_m2": 1576.43,
        "mean_kw": 0.0,
        "annual_kwh": 0.0,
        "annual_mwh": 0.0,
        "peak_kw": 0.0,
        "eui": 0.0,
        "load_factor": 0.55,
        "archetype_label": "Office",
        "data_source": "synthetic_zero",
        "has_meter_data": false,
        "building_code": "",
        "meter_name": "",
        "b_floors": 2,
        "b_area": 3152.86,
        "annual_kwh_raw": 0.0,
        "eui_kw_per_m2": 0.0,
        "data_year": 2025,
        "energy_tier": "LOW",
        "tier_color": [
          180,
          180,
          180,
          100
        ],
        "uid": "NCU_268560616"
      }
    },
    {
      "type": "Feature",
      "geometry": {
        "type": "Polygon",
        "coordinates": [
          [
            [
              121.1949938,
              24.9658188
            ],
            [
              121.1949928,
              24.9656895
            ],
            [
              121.1949568,
              24.9656643
            ],
            [
              121.1947112,
              24.9656656
            ],
            [
              121.1947102,
              24.9655232
            ],
            [
              121.1951392,
              24.9655207
            ],
            [
              121.1951413,
              24.9658179
            ],
            [
              121.1949938,
              24.9658188
            ]
          ]
        ]
      },
      "properties": {
        "osm_id": 268561417,
        "name": "男十一舍",
        "building_type": "dormitory",
        "operator": "",
        "levels": 1,
        "height": 2.86,
        "footprint_area_m2": 946.72,
        "mean_kw": 81.1,
        "annual_kwh": 710051.0,
        "annual_mwh": 710.1,
        "peak_kw": 129.7,
        "eui": 750.0,
        "load_factor": 0.62,
        "archetype_label": "Office",
        "data_source": "ncu_114_real",
        "has_meter_data": true,
        "building_code": "",
        "meter_name": "男十一舍",
        "b_floors": 1,
        "b_area": 946.72,
        "annual_kwh_raw": 532538.0,
        "annual_mwh_raw": 532.5,
        "mean_kw_raw": 81.1,
        "eui_raw": 750.0,
        "eui_kw_per_m2": 0.0856,
        "data_year": 2025,
        "energy_tier": "NORMAL",
        "tier_color": [
          240,
          196,
          25,
          220
        ],
        "coverage_ratio": 0.75,
        "uid": "NCU_268561417"
      }
    },
    {
      "type": "Feature",
      "geometry": {
        "type": "Polygon",
        "coordinates": [
          [
            [
              121.193995,
              24.9657066
            ],
            [
              121.1938282,
              24.9657083
            ],
            [
              121.1938286,
              24.9657695
            ],
            [
              121.1938209,
              24.9657836
            ],
            [
              121.193807,
              24.9657854
            ],
            [
              121.1937955,
              24.9657831
            ],
            [
              121.193787,
              24.9657712
            ],
            [
              121.1937869,
              24.9657104
            ],
            [
              121.1936485,
              24.9657129
            ],
            [
              121.1936507,
              24.96553
            ],
            [
              121.1939845,
              24.9655266
            ],
            [
              121.1939877,
              24.9655007
            ],
            [
              121.1940158,
              24.9655017
            ],
            [
              121.1940093,
              24.9656233
            ],
            [
              121.1939837,
              24.9656251
            ],
            [
              121.1939817,
              24.9656556
            ],
            [
              121.1940001,
              24.9656546
            ],
            [
              121.193995,
              24.9657066
            ]
          ]
        ]
      },
      "properties": {
        "osm_id": 268561418,
        "name": "志道樓",
        "building_type": "university",
        "operator": "",
        "levels": 1,
        "height": 3.38,
        "footprint_area_m2": 758.98,
        "mean_kw": 10.4,
        "annual_kwh": 91360.0,
        "annual_mwh": 91.4,
        "peak_kw": 16.7,
        "eui": 120.4,
        "load_factor": 0.62,
        "archetype_label": "Office",
        "data_source": "ncu_114_real",
        "has_meter_data": true,
        "building_code": "",
        "meter_name": "志道樓",
        "b_floors": 1,
        "b_area": 758.98,
        "annual_kwh_raw": 45680.0,
        "annual_mwh_raw": 45.7,
        "mean_kw_raw": 10.4,
        "eui_raw": 120.4,
        "eui_kw_per_m2": 0.0137,
        "data_year": 2025,
        "energy_tier": "LOW",
        "tier_color": [
          26,
          152,
          80,
          220
        ],
        "coverage_ratio": 0.5,
        "uid": "NCU_268561418"
      }
    },
    {
      "type": "Feature",
      "geometry": {
        "type": "Polygon",
        "coordinates": [
          [
            [
              121.1907461,
              24.9707347
            ],
            [
              121.1906167,
              24.9711816
            ],
            [
              121.1903745,
              24.9711339
            ],
            [
              121.1901052,
              24.971081
            ],
            [
              121.1901422,
              24.9709246
            ],
            [
              121.1901484,
              24.9706788
            ],
            [
              121.1903332,
              24.97069
            ],
            [
              121.1907461,
              24.9707347
            ]
          ]
        ]
      },
      "properties": {
        "osm_id": 268561421,
        "name": "客家學院",
        "building_type": "university",
        "operator": "",
        "levels": 7,
        "height": 25.08,
        "footprint_area_m2": 2690.96,
        "mean_kw": 0.0,
        "annual_kwh": 0.0,
        "annual_mwh": 0.0,
        "peak_kw": 0.0,
        "eui": 0.0,
        "load_factor": 0.55,
        "archetype_label": "Office",
        "data_source": "synthetic_zero",
        "has_meter_data": false,
        "building_code": "",
        "meter_name": "",
        "b_floors": 7,
        "b_area": 18836.72,
        "annual_kwh_raw": 0.0,
        "eui_kw_per_m2": 0.0,
        "data_year": 2025,
        "energy_tier": "LOW",
        "tier_color": [
          180,
          180,
          180,
          100
        ],
        "uid": "NCU_268561421"
      }
    },
    {
      "type": "Feature",
      "geometry": {
        "type": "Polygon",
        "coordinates": [
          [
            [
              121.1884151,
              24.9692223
            ],
            [
              121.1886629,
              24.9692206
            ],
            [
              121.1886636,
              24.9693067
            ],
            [
              121.18882,
              24.9693056
            ],
            [
              121.1888182,
              24.9690831
            ],
            [
              121.188414,
              24.9690857
            ],
            [
              121.1884151,
              24.9692223
            ]
          ]
        ]
      },
      "properties": {
        "osm_id": 268561932,
        "name": "土木品保中心",
        "building_type": "university",
        "operator": "",
        "levels": 1,
        "height": 0.34,
        "footprint_area_m2": 769.87,
        "mean_kw": 0.0,
        "annual_kwh": 0.0,
        "annual_mwh": 0.0,
        "peak_kw": 0.0,
        "eui": 0.0,
        "load_factor": 0.62,
        "archetype_label": "Office",
        "data_source": "synthetic_zero",
        "has_meter_data": false,
        "building_code": "",
        "meter_name": "土木品保中心",
        "b_floors": 1,
        "b_area": 769.87,
        "annual_kwh_raw": 0.0,
        "annual_mwh_raw": 394.1,
        "mean_kw_raw": 45.0,
        "eui_raw": 512.0,
        "eui_kw_per_m2": 0.0,
        "data_year": 2025,
        "energy_tier": "LOW",
        "tier_color": [
          180,
          180,
          180,
          100
        ],
        "coverage_ratio": 1.0,
        "uid": "NCU_268561932"
      }
    },
    {
      "type": "Feature",
      "geometry": {
        "type": "Polygon",
        "coordinates": [
          [
            [
              121.1880619,
              24.9690549
            ],
            [
              121.1880585,
              24.9688159
            ],
            [
              121.1882055,
              24.9688142
            ],
            [
              121.1882041,
              24.9687153
            ],
            [
              121.1881629,
              24.9687157
            ],
            [
              121.1881599,
              24.9685035
            ],
            [
              121.1889716,
              24.9684942
            ],
            [
              121.1889794,
              24.9690443
            ],
            [
              121.1880619,
              24.9690549
            ]
          ]
        ]
      },
      "properties": {
        "osm_id": 268561934,
        "name": "大型力學實驗室",
        "building_type": "university",
        "operator": "",
        "levels": 2,
        "height": 5.52,
        "footprint_area_m2": 5246.78,
        "mean_kw": 0.9,
        "annual_kwh": 7894.0,
        "annual_mwh": 7.9,
        "peak_kw": 1.4,
        "eui": 0.8,
        "load_factor": 0.62,
        "archetype_label": "Office",
        "data_source": "ncu_114_real",
        "has_meter_data": true,
        "building_code": "",
        "meter_name": "大型力學實驗室",
        "b_floors": 2,
        "b_area": 10493.56,
        "annual_kwh_raw": 7236.0,
        "annual_mwh_raw": 7.2,
        "mean_kw_raw": 0.9,
        "eui_raw": 0.8,
        "eui_kw_per_m2": 0.0001,
        "data_year": 2025,
        "energy_tier": "LOW",
        "tier_color": [
          26,
          152,
          80,
          220
        ],
        "coverage_ratio": 0.92,
        "uid": "NCU_268561934",
        "name_aliases": [
          "工程四館三期",
          "工程四館三期(大型力學實驗室)"
        ]
      }
    },
    {
      "type": "Feature",
      "geometry": {
        "type": "Polygon",
        "coordinates": [
          [
            [
              121.1905561,
              24.9672247
            ],
            [
              121.1905561,
              24.9669308
            ],
            [
              121.1908336,
              24.9669308
            ],
            [
              121.1908336,
              24.9670427
            ],
            [
              121.1907145,
              24.9670427
            ],
            [
              121.1907145,
              24.9672247
            ],
            [
              121.1905561,
              24.9672247
            ]
          ]
        ]
      },
      "properties": {
        "osm_id": 268561936,
        "name": "松苑餐廳",
        "building_type": "university",
        "operator": "",
        "levels": 2,
        "height": 7.42,
        "footprint_area_m2": 671.57,
        "mean_kw": 202.2,
        "annual_kwh": 1771252.0,
        "annual_mwh": 1771.3,
        "peak_kw": 323.5,
        "eui": 1318.7,
        "load_factor": 0.62,
        "archetype_label": "Office",
        "data_source": "ncu_114_real",
        "has_meter_data": true,
        "building_code": "",
        "meter_name": "松苑餐廳",
        "b_floors": 2,
        "b_area": 1343.14,
        "annual_kwh_raw": 1328439.0,
        "annual_mwh_raw": 1328.4,
        "mean_kw_raw": 202.2,
        "eui_raw": 1318.7,
        "eui_kw_per_m2": 0.1505,
        "data_year": 2025,
        "energy_tier": "HIGH",
        "tier_color": [
          215,
          48,
          39,
          220
        ],
        "coverage_ratio": 0.75,
        "uid": "NCU_268561936"
      }
    },
    {
      "type": "Feature",
      "geometry": {
        "type": "Polygon",
        "coordinates": [
          [
            [
              121.1951831,
              24.9656931
            ],
            [
              121.1951817,
              24.9654831
            ],
            [
              121.1955689,
              24.9654809
            ],
            [
              121.1955692,
              24.965521
            ],
            [
              121.1957245,
              24.9655202
            ],
            [
              121.1957253,
              24.9656328
            ],
            [
              121.1956479,
              24.9656333
            ],
            [
              121.1956037,
              24.9656333
            ],
            [
              121.1955669,
              24.9656336
            ],
            [
              121.1955672,
              24.9656909
            ],
            [
              121.1951831,
              24.9656931
            ]
          ]
        ]
      },
      "properties": {
        "osm_id": 268824430,
        "name": "男七舍",
        "building_type": "dormitory",
        "operator": "",
        "levels": 4,
        "height": 12.8,
        "footprint_area_m2": 1106.18,
        "mean_kw": 0.0,
        "annual_kwh": 0.0,
        "annual_mwh": 0.0,
        "peak_kw": 0.0,
        "eui": 0.0,
        "load_factor": 0.55,
        "archetype_label": "Office",
        "data_source": "synthetic_zero",
        "has_meter_data": false,
        "building_code": "",
        "meter_name": "",
        "b_floors": 4,
        "b_area": 4424.72,
        "annual_kwh_raw": 0.0,
        "eui_kw_per_m2": 0.0,
        "data_year": 2025,
        "energy_tier": "LOW",
        "tier_color": [
          180,
          180,
          180,
          100
        ],
        "uid": "NCU_268824430"
      }
    },
    {
      "type": "Feature",
      "geometry": {
        "type": "Polygon",
        "coordinates": [
          [
            [
              121.1956036,
              24.9657277
            ],
            [
              121.1956037,
              24.9656333
            ],
            [
              121.1956479,
              24.9656333
            ],
            [
              121.1956478,
              24.9657277
            ],
            [
              121.1956036,
              24.9657277
            ]
          ]
        ]
      },
      "properties": {
        "osm_id": 268824431,
        "name": "",
        "building_type": "dormitory",
        "operator": "",
        "levels": 3,
        "height": 10.5,
        "footprint_area_m2": 46.79,
        "mean_kw": 13.0,
        "annual_kwh": 114043.0,
        "annual_mwh": 114.0,
        "peak_kw": 20.8,
        "eui": 812.4,
        "load_factor": 0.62,
        "archetype_label": "Office",
        "data_source": "ncu_114_real",
        "has_meter_data": true,
        "building_code": "",
        "meter_name": "NCU_268824431",
        "b_floors": 3,
        "b_area": 140.37,
        "annual_kwh_raw": 85532.0,
        "eui_kw_per_m2": 0.0927,
        "data_year": 2025,
        "energy_tier": "LOW",
        "tier_color": [
          26,
          152,
          80,
          220
        ],
        "uid": "NCU_268824431",
        "annual_mwh_raw": 85.5,
        "mean_kw_raw": 13.0,
        "eui_raw": 812.4,
        "coverage_ratio": 0.75
      }
    },
    {
      "type": "Feature",
      "geometry": {
        "type": "Polygon",
        "coordinates": [
          [
            [
              121.1955593,
              24.9658162
            ],
            [
              121.1955582,
              24.9657283
            ],
            [
              121.195826,
              24.9657256
            ],
            [
              121.195828,
              24.9658897
            ],
            [
              121.1957928,
              24.96589
            ],
            [
              121.1957925,
              24.9658678
            ],
            [
              121.1957051,
              24.9658686
            ],
            [
              121.1957056,
              24.9659112
            ],
            [
              121.1959411,
              24.9659089
            ],
            [
              121.1959427,
              24.9660475
            ],
            [
              121.1956673,
              24.9660503
            ],
            [
              121.1956657,
              24.9659099
            ],
            [
              121.1956316,
              24.9659102
            ],
            [
              121.1956311,
              24.9658625
            ],
            [
              121.1956063,
              24.9658627
            ],
            [
              121.1955593,
              24.9658162
            ]
          ]
        ]
      },
      "properties": {
        "osm_id": 268824432,
        "name": "男六舍",
        "building_type": "dormitory",
        "operator": "",
        "levels": 4,
        "height": 12.8,
        "footprint_area_m2": 879.89,
        "mean_kw": 201.3,
        "annual_kwh": 1763424.0,
        "annual_mwh": 1763.4,
        "peak_kw": 322.1,
        "eui": 501.0,
        "load_factor": 0.62,
        "archetype_label": "Office",
        "data_source": "ncu_114_real",
        "has_meter_data": true,
        "building_code": "",
        "meter_name": "男六舍",
        "b_floors": 4,
        "b_area": 3519.56,
        "annual_kwh_raw": 440856.0,
        "annual_mwh_raw": 440.9,
        "mean_kw_raw": 201.3,
        "eui_raw": 501.0,
        "eui_kw_per_m2": 0.0572,
        "data_year": 2025,
        "energy_tier": "HIGH",
        "tier_color": [
          215,
          48,
          39,
          220
        ],
        "coverage_ratio": 0.25,
        "uid": "NCU_268824432"
      }
    },
    {
      "type": "Feature",
      "geometry": {
        "type": "Polygon",
        "coordinates": [
          [
            [
              121.1957133,
              24.9663282
            ],
            [
              121.1958957,
              24.9661728
            ],
            [
              121.1960014,
              24.9661728
            ],
            [
              121.1960583,
              24.9661138
            ],
            [
              121.1961335,
              24.9661175
            ],
            [
              121.1961762,
              24.966158
            ],
            [
              121.1961742,
              24.9662299
            ],
            [
              121.1961986,
              24.9662465
            ],
            [
              121.1961925,
              24.9662907
            ],
            [
              121.1961782,
              24.966311
            ],
            [
              121.1962108,
              24.9663423
            ],
            [
              121.1962108,
              24.9664031
            ],
            [
              121.1961477,
              24.9664731
            ],
            [
              121.1960644,
              24.9664787
            ],
            [
              121.1960075,
              24.9664238
            ],
            [
              121.1959853,
              24.9664428
            ],
            [
              121.1959386,
              24.9663979
            ],
            [
              121.1958574,
              24.9664671
            ],
            [
              121.1957133,
              24.9663282
            ]
          ]
        ]
      },
      "properties": {
        "osm_id": 268824433,
        "name": "遊藝館",
        "building_type": "university",
        "operator": "",
        "levels": 3,
        "height": 10.02,
        "footprint_area_m2": 1321.28,
        "mean_kw": 3.8,
        "annual_kwh": 33653.0,
        "annual_mwh": 33.7,
        "peak_kw": 6.1,
        "eui": 8.5,
        "load_factor": 0.62,
        "archetype_label": "Office",
        "data_source": "ncu_114_real",
        "has_meter_data": true,
        "building_code": "",
        "meter_name": "遊藝館",
        "b_floors": 3,
        "b_area": 3963.84,
        "annual_kwh_raw": 25240.0,
        "annual_mwh_raw": 25.2,
        "mean_kw_raw": 3.8,
        "eui_raw": 8.5,
        "eui_kw_per_m2": 0.001,
        "data_year": 2025,
        "energy_tier": "LOW",
        "tier_color": [
          26,
          152,
          80,
          220
        ],
        "coverage_ratio": 0.75,
        "uid": "NCU_268824433"
      }
    },
    {
      "type": "Feature",
      "geometry": {
        "type": "Polygon",
        "coordinates": [
          [
            [
              121.1956885,
              24.9673084
            ],
            [
              121.1957547,
              24.9673049
            ],
            [
              121.1957583,
              24.967363
            ],
            [
              121.1958178,
              24.96736
            ],
            [
              121.1958158,
              24.9673287
            ],
            [
              121.1958808,
              24.9673254
            ],
            [
              121.1958796,
              24.967306
            ],
            [
              121.1960472,
              24.9672976
            ],
            [
              121.1960494,
              24.9673341
            ],
            [
              121.1961841,
              24.9673274
            ],
            [
              121.196181,
              24.9672761
            ],
            [
              121.1961999,
              24.9672752
            ],
            [
              121.19619,
              24.9671135
            ],
            [
              121.1961473,
              24.9671156
            ],
            [
              121.1961434,
              24.9670531
            ],
            [
              121.1960911,
              24.9670558
            ],
            [
              121.1960938,
              24.9671
            ],
            [
              121.1958427,
              24.9671129
            ],
            [
              121.1958399,
              24.9670695
            ],
            [
              121.1957917,
              24.967072
            ],
            [
              121.1957896,
              24.9670398
            ],
            [
              121.1957601,
              24.9670413
            ],
            [
              121.1957619,
              24.9670686
            ],
            [
              121.1956827,
              24.9670727
            ],
            [
              121.1956859,
              24.9671234
            ],
            [
              121.1956534,
              24.9671251
            ],
            [
              121.195662,
              24.9672612
            ],
            [
              121.1956854,
              24.9672599
            ],
            [
              121.1956885,
              24.9673084
            ]
          ]
        ]
      },
      "properties": {
        "osm_id": 268824890,
        "name": "大講堂",
        "building_type": "university",
        "operator": "",
        "levels": 2,
        "height": 5.73,
        "footprint_area_m2": 1359.64,
        "mean_kw": 18.5,
        "annual_kwh": 162162.0,
        "annual_mwh": 162.2,
        "peak_kw": 29.6,
        "eui": 59.6,
        "load_factor": 0.62,
        "archetype_label": "Office",
        "data_source": "ncu_114_real",
        "has_meter_data": true,
        "building_code": "",
        "meter_name": "大講堂",
        "b_floors": 2,
        "b_area": 2719.28,
        "annual_kwh_raw": 135135.0,
        "annual_mwh_raw": 135.1,
        "mean_kw_raw": 18.5,
        "eui_raw": 59.6,
        "eui_kw_per_m2": 0.0068,
        "data_year": 2025,
        "energy_tier": "LOW",
        "tier_color": [
          26,
          152,
          80,
          220
        ],
        "coverage_ratio": 0.83,
        "uid": "NCU_268824890"
      }
    },
    {
      "type": "Feature",
      "geometry": {
        "type": "Polygon",
        "coordinates": [
          [
            [
              121.1965694,
              24.967215
            ],
            [
              121.1966788,
              24.9672185
            ],
            [
              121.1966702,
              24.9674359
            ],
            [
              121.1965608,
              24.9674323
            ],
            [
              121.1965694,
              24.967215
            ]
          ]
        ]
      },
      "properties": {
        "osm_id": 268824891,
        "name": "高壓變電站",
        "building_type": "university",
        "operator": "",
        "levels": 3,
        "height": 10.5,
        "footprint_area_m2": 267.02,
        "mean_kw": 0.0,
        "annual_kwh": 0.0,
        "annual_mwh": 0.0,
        "peak_kw": 0.0,
        "eui": 0.0,
        "load_factor": 0.55,
        "archetype_label": "Office",
        "data_source": "synthetic_zero",
        "has_meter_data": false,
        "building_code": "",
        "meter_name": "",
        "b_floors": 3,
        "b_area": 801.06,
        "annual_kwh_raw": 0.0,
        "eui_kw_per_m2": 0.0,
        "data_year": 2025,
        "energy_tier": "LOW",
        "tier_color": [
          180,
          180,
          180,
          100
        ],
        "uid": "NCU_268824891"
      }
    },
    {
      "type": "Feature",
      "geometry": {
        "type": "Polygon",
        "coordinates": [
          [
            [
              121.1946408,
              24.9713449
            ],
            [
              121.1946397,
              24.971211
            ],
            [
              121.1950962,
              24.9712077
            ],
            [
              121.1950965,
              24.9712429
            ],
            [
              121.1951432,
              24.9712426
            ],
            [
              121.195144,
              24.9713413
            ],
            [
              121.1946408,
              24.9713449
            ]
          ]
        ]
      },
      "properties": {
        "osm_id": 268824892,
        "name": "男十二舍",
        "building_type": "dormitory",
        "operator": "",
        "levels": 1,
        "height": 4.54,
        "footprint_area_m2": 737.34,
        "mean_kw": 195.5,
        "annual_kwh": 1712342.0,
        "annual_mwh": 1712.3,
        "peak_kw": 312.8,
        "eui": 2322.3,
        "load_factor": 0.62,
        "archetype_label": "Office",
        "data_source": "ncu_114_real",
        "has_meter_data": true,
        "building_code": "",
        "meter_name": "男十二舍",
        "b_floors": 1,
        "b_area": 737.34,
        "annual_kwh_raw": 856171.0,
        "annual_mwh_raw": 856.2,
        "mean_kw_raw": 195.5,
        "eui_raw": 2322.3,
        "eui_kw_per_m2": 0.2651,
        "data_year": 2025,
        "energy_tier": "HIGH",
        "tier_color": [
          215,
          48,
          39,
          220
        ],
        "coverage_ratio": 0.5,
        "uid": "NCU_268824892"
      }
    },
    {
      "type": "Feature",
      "geometry": {
        "type": "Polygon",
        "coordinates": [
          [
            [
              121.1939728,
              24.9662033
            ],
            [
              121.1939719,
              24.9661162
            ],
            [
              121.1940286,
              24.9661157
            ],
            [
              121.1940281,
              24.9660693
            ],
            [
              121.1943248,
              24.966067
            ],
            [
              121.1943252,
              24.9661098
            ],
            [
              121.1946768,
              24.966107
            ],
            [
              121.1946764,
              24.9660605
            ],
            [
              121.1949117,
              24.9660587
            ],
            [
              121.1949128,
              24.966191
            ],
            [
              121.1946788,
              24.9661913
            ],
            [
              121.1946794,
              24.9662519
            ],
            [
              121.1942762,
              24.9662551
            ],
            [
              121.1942757,
              24.9662009
            ],
            [
              121.1939728,
              24.9662033
            ]
          ]
        ]
      },
      "properties": {
        "osm_id": 268840856,
        "name": "國際學生宿舍",
        "building_type": "dormitory",
        "operator": "",
        "levels": 3,
        "height": 9.8,
        "footprint_area_m2": 1449.64,
        "mean_kw": 19.6,
        "annual_kwh": 171728.0,
        "annual_mwh": 171.7,
        "peak_kw": 31.4,
        "eui": 39.5,
        "load_factor": 0.62,
        "archetype_label": "Office",
        "data_source": "ncu_114_real",
        "has_meter_data": true,
        "building_code": "",
        "meter_name": "國際學生宿舍",
        "b_floors": 3,
        "b_area": 4348.92,
        "annual_kwh_raw": 128796.0,
        "annual_mwh_raw": 128.8,
        "mean_kw_raw": 19.6,
        "eui_raw": 39.5,
        "eui_kw_per_m2": 0.0045,
        "data_year": 2025,
        "energy_tier": "LOW",
        "tier_color": [
          26,
          152,
          80,
          220
        ],
        "coverage_ratio": 0.75,
        "uid": "NCU_268840856"
      }
    },
    {
      "type": "Feature",
      "geometry": {
        "type": "Polygon",
        "coordinates": [
          [
            [
              121.1949962,
              24.9661898
            ],
            [
              121.1949964,
              24.966269
            ],
            [
              121.1953837,
              24.9662681
            ],
            [
              121.1953835,
              24.9661881
            ],
            [
              121.1953419,
              24.9661882
            ],
            [
              121.1953418,
              24.9661556
            ],
            [
              121.1953664,
              24.9661556
            ],
            [
              121.1953663,
              24.966101
            ],
            [
              121.1953299,
              24.966101
            ],
            [
              121.1953299,
              24.9660876
            ],
            [
              121.1953821,
              24.9660875
            ],
            [
              121.1953818,
              24.9659628
            ],
            [
              121.1953272,
              24.9659629
            ],
            [
              121.1953271,
              24.9659243
            ],
            [
              121.1952617,
              24.9659244
            ],
            [
              121.1952617,
              24.9659447
            ],
            [
              121.1952298,
              24.9659448
            ],
            [
              121.1952301,
              24.9660797
            ],
            [
              121.195275,
              24.9660796
            ],
            [
              121.1952751,
              24.9661118
            ],
            [
              121.1952475,
              24.9661119
            ],
            [
              121.1952476,
              24.9661447
            ],
            [
              121.1952818,
              24.9661447
            ],
            [
              121.1952819,
              24.9661892
            ],
            [
              121.1949962,
              24.9661898
            ]
          ]
        ]
      },
      "properties": {
        "osm_id": 268840857,
        "name": "男五舍",
        "building_type": "dormitory",
        "operator": "",
        "levels": 3,
        "height": 9.8,
        "footprint_area_m2": 683.58,
        "mean_kw": 122.9,
        "annual_kwh": 1076999.0,
        "annual_mwh": 1077.0,
        "peak_kw": 196.7,
        "eui": 525.2,
        "load_factor": 0.62,
        "archetype_label": "Office",
        "data_source": "ncu_114_real",
        "has_meter_data": true,
        "building_code": "",
        "meter_name": "男五舍",
        "b_floors": 3,
        "b_area": 2050.7400000000002,
        "annual_kwh_raw": 1076999.0,
        "annual_mwh_raw": 1077.0,
        "mean_kw_raw": 122.9,
        "eui_raw": 525.2,
        "eui_kw_per_m2": 0.06,
        "data_year": 2025,
        "energy_tier": "NORMAL",
        "tier_color": [
          240,
          196,
          25,
          220
        ],
        "coverage_ratio": 1.0,
        "uid": "NCU_268840857"
      }
    },
    {
      "type": "Feature",
      "geometry": {
        "type": "Polygon",
        "coordinates": [
          [
            [
              121.1958032,
              24.9669262
            ],
            [
              121.195838,
              24.966869
            ],
            [
              121.1958353,
              24.9667961
            ],
            [
              121.1957602,
              24.9666928
            ],
            [
              121.1958648,
              24.9665663
            ],
            [
              121.1958823,
              24.9665845
            ],
            [
              121.1959493,
              24.9665833
            ],
            [
              121.1960191,
              24.9666879
            ],
            [
              121.1959815,
              24.9667134
            ],
            [
              121.1960231,
              24.9667633
            ],
            [
              121.1959627,
              24.9668544
            ],
            [
              121.1959976,
              24.9669213
            ],
            [
              121.1959332,
              24.9669529
            ],
            [
              121.1958045,
              24.9669554
            ],
            [
              121.1958032,
              24.9669262
            ]
          ]
        ]
      },
      "properties": {
        "osm_id": 268840858,
        "name": "據德樓",
        "building_type": "university",
        "operator": "",
        "levels": 3,
        "height": 10.5,
        "footprint_area_m2": 733.27,
        "mean_kw": 3.1,
        "annual_kwh": 26987.0,
        "annual_mwh": 27.0,
        "peak_kw": 4.9,
        "eui": 12.3,
        "load_factor": 0.62,
        "archetype_label": "Office",
        "data_source": "ncu_114_real",
        "has_meter_data": true,
        "building_code": "",
        "meter_name": "據德樓",
        "b_floors": 3,
        "b_area": 2199.81,
        "annual_kwh_raw": 20240.0,
        "annual_mwh_raw": 20.2,
        "mean_kw_raw": 3.1,
        "eui_raw": 12.3,
        "eui_kw_per_m2": 0.0014,
        "data_year": 2025,
        "energy_tier": "LOW",
        "tier_color": [
          26,
          152,
          80,
          220
        ],
        "coverage_ratio": 0.75,
        "uid": "NCU_268840858"
      }
    },
    {
      "type": "Feature",
      "geometry": {
        "type": "Polygon",
        "coordinates": [
          [
            [
              121.1922398,
              24.9673017
            ],
            [
              121.1922443,
              24.9678198
            ],
            [
              121.1924688,
              24.9678182
            ],
            [
              121.1924685,
              24.9677935
            ],
            [
              121.1929882,
              24.9677898
            ],
            [
              121.1929886,
              24.9678308
            ],
            [
              121.1931214,
              24.9678299
            ],
            [
              121.1931144,
              24.9670127
            ],
            [
              121.1922349,
              24.9670189
            ],
            [
              121.1922369,
              24.9672601
            ],
            [
              121.1924165,
              24.9672589
            ],
            [
              121.1924157,
              24.9671695
            ],
            [
              121.1929403,
              24.9671658
            ],
            [
              121.192941,
              24.9672478
            ],
            [
              121.1929964,
              24.9672474
            ],
            [
              121.1930001,
              24.9676761
            ],
            [
              121.1924659,
              24.9676799
            ],
            [
              121.1924631,
              24.967362
            ],
            [
              121.1924871,
              24.9673618
            ],
            [
              121.1924865,
              24.9673
            ],
            [
              121.1922398,
              24.9673017
            ]
          ]
        ]
      },
      "properties": {
        "osm_id": 268841451,
        "name": "工程一館",
        "building_type": "university",
        "operator": "",
        "levels": 3,
        "height": 10.29,
        "footprint_area_m2": 4622.55,
        "mean_kw": 84.8,
        "annual_kwh": 742916.0,
        "annual_mwh": 742.9,
        "peak_kw": 135.7,
        "eui": 53.6,
        "load_factor": 0.62,
        "archetype_label": "Office",
        "data_source": "ncu_114_real",
        "has_meter_data": true,
        "building_code": "",
        "meter_name": "工程一館",
        "b_floors": 3,
        "b_area": 13867.650000000001,
        "annual_kwh_raw": 681006.0,
        "annual_mwh_raw": 681.0,
        "mean_kw_raw": 84.8,
        "eui_raw": 53.6,
        "eui_kw_per_m2": 0.0061,
        "data_year": 2025,
        "energy_tier": "NORMAL",
        "tier_color": [
          240,
          196,
          25,
          220
        ],
        "coverage_ratio": 0.92,
        "uid": "NCU_268841451"
      }
    },
    {
      "type": "Feature",
      "geometry": {
        "type": "Polygon",
        "coordinates": [
          [
            [
              121.192569,
              24.9674562
            ],
            [
              121.1925727,
              24.9672373
            ],
            [
              121.1927839,
              24.9672403
            ],
            [
              121.1927801,
              24.9674592
            ],
            [
              121.192569,
              24.9674562
            ]
          ]
        ]
      },
      "properties": {
        "osm_id": 268841452,
        "name": "",
        "building_type": "university",
        "operator": "",
        "levels": 3,
        "height": 10.5,
        "footprint_area_m2": 518.5,
        "mean_kw": 0.0,
        "annual_kwh": 0.0,
        "annual_mwh": 0.0,
        "peak_kw": 0.0,
        "eui": 0.0,
        "load_factor": 0.55,
        "archetype_label": "Office",
        "data_source": "synthetic_zero",
        "has_meter_data": false,
        "building_code": "",
        "meter_name": "",
        "b_floors": 3,
        "b_area": 1555.5,
        "annual_kwh_raw": 0.0,
        "eui_kw_per_m2": 0.0,
        "data_year": 2025,
        "energy_tier": "LOW",
        "tier_color": [
          180,
          180,
          180,
          100
        ],
        "uid": "NCU_268841452"
      }
    },
    {
      "type": "Feature",
      "geometry": {
        "type": "Polygon",
        "coordinates": [
          [
            [
              121.1913844,
              24.9672219
            ],
            [
              121.1913812,
              24.9670571
            ],
            [
              121.191999,
              24.9670472
            ],
            [
              121.1920121,
              24.9677184
            ],
            [
              121.1917188,
              24.9677231
            ],
            [
              121.1917153,
              24.9675465
            ],
            [
              121.1918265,
              24.9675447
            ],
            [
              121.1918227,
              24.9673468
            ],
            [
              121.1918746,
              24.9673459
            ],
            [
              121.191872,
              24.9672141
            ],
            [
              121.1913844,
              24.9672219
            ]
          ]
        ]
      },
      "properties": {
        "osm_id": 268841453,
        "name": "通訊系",
        "building_type": "university",
        "operator": "",
        "levels": 3,
        "height": 9.29,
        "footprint_area_m2": 2320.45,
        "mean_kw": 0.0,
        "annual_kwh": 0.0,
        "annual_mwh": 0.0,
        "peak_kw": 0.0,
        "eui": 0.0,
        "load_factor": 0.62,
        "archetype_label": "Office",
        "data_source": "synthetic_zero",
        "has_meter_data": false,
        "building_code": "",
        "meter_name": "通訊系",
        "b_floors": 3,
        "b_area": 6961.349999999999,
        "annual_kwh_raw": 0.0,
        "annual_mwh_raw": 1197.2,
        "mean_kw_raw": 136.7,
        "eui_raw": 172.0,
        "eui_kw_per_m2": 0.0,
        "data_year": 2025,
        "energy_tier": "LOW",
        "tier_color": [
          180,
          180,
          180,
          100
        ],
        "coverage_ratio": 1.0,
        "uid": "NCU_268841453"
      }
    },
    {
      "type": "Feature",
      "geometry": {
        "type": "Polygon",
        "coordinates": [
          [
            [
              121.1913627,
              24.967034
            ],
            [
              121.1912663,
              24.9670352
            ],
            [
              121.1912793,
              24.9679211
            ],
            [
              121.1913385,
              24.9679204
            ],
            [
              121.1913389,
              24.9679469
            ],
            [
              121.1913813,
              24.9679464
            ],
            [
              121.1913782,
              24.9677308
            ],
            [
              121.1914944,
              24.9677294
            ],
            [
              121.1914908,
              24.9674814
            ],
            [
              121.1915729,
              24.9674805
            ],
            [
              121.1915697,
              24.9672616
            ],
            [
              121.1913661,
              24.967264
            ],
            [
              121.1913627,
              24.967034
            ]
          ]
        ]
      },
      "properties": {
        "osm_id": 268841454,
        "name": "電機系",
        "building_type": "university",
        "operator": "",
        "levels": 3,
        "height": 9.29,
        "footprint_area_m2": 1819.59,
        "mean_kw": 0.0,
        "annual_kwh": 0.0,
        "annual_mwh": 0.0,
        "peak_kw": 0.0,
        "eui": 0.0,
        "load_factor": 0.55,
        "archetype_label": "Office",
        "data_source": "synthetic_zero",
        "has_meter_data": false,
        "building_code": "",
        "meter_name": "",
        "b_floors": 3,
        "b_area": 5458.7699999999995,
        "annual_kwh_raw": 0.0,
        "eui_kw_per_m2": 0.0,
        "data_year": 2025,
        "energy_tier": "LOW",
        "tier_color": [
          180,
          180,
          180,
          100
        ],
        "uid": "NCU_268841454"
      }
    },
    {
      "type": "Feature",
      "geometry": {
        "type": "Polygon",
        "coordinates": [
          [
            [
              121.1914149,
              24.967902
            ],
            [
              121.1914121,
              24.967761
            ],
            [
              121.1916614,
              24.9677569
            ],
            [
              121.191662,
              24.967788
            ],
            [
              121.1920153,
              24.9677822
            ],
            [
              121.1920175,
              24.9678921
            ],
            [
              121.1914149,
              24.967902
            ]
          ]
        ]
      },
      "properties": {
        "osm_id": 268841455,
        "name": "資策會",
        "building_type": "university",
        "operator": "",
        "levels": 3,
        "height": 9.29,
        "footprint_area_m2": 829.95,
        "mean_kw": 0.0,
        "annual_kwh": 0.0,
        "annual_mwh": 0.0,
        "peak_kw": 0.0,
        "eui": 0.0,
        "load_factor": 0.55,
        "archetype_label": "Office",
        "data_source": "synthetic_zero",
        "has_meter_data": false,
        "building_code": "",
        "meter_name": "",
        "b_floors": 3,
        "b_area": 2489.8500000000004,
        "annual_kwh_raw": 0.0,
        "eui_kw_per_m2": 0.0,
        "data_year": 2025,
        "energy_tier": "LOW",
        "tier_color": [
          180,
          180,
          180,
          100
        ],
        "uid": "NCU_268841455"
      }
    },
    {
      "type": "Feature",
      "geometry": {
        "type": "Polygon",
        "coordinates": [
          [
            [
              121.191019,
              24.9677569
            ],
            [
              121.1910341,
              24.9689226
            ],
            [
              121.1905353,
              24.9689279
            ],
            [
              121.19052,
              24.9677622
            ],
            [
              121.191019,
              24.9677569
            ]
          ]
        ]
      },
      "properties": {
        "osm_id": 268841456,
        "name": "依仁堂",
        "building_type": "university",
        "operator": "",
        "levels": 1,
        "height": 3.38,
        "footprint_area_m2": 6523.2,
        "mean_kw": 182.1,
        "annual_kwh": 1594930.0,
        "annual_mwh": 1594.9,
        "peak_kw": 291.3,
        "eui": 244.5,
        "load_factor": 0.62,
        "archetype_label": "Office",
        "data_source": "ncu_114_real",
        "has_meter_data": true,
        "building_code": "",
        "meter_name": "依仁堂",
        "b_floors": 1,
        "b_area": 6523.2,
        "annual_kwh_raw": 1594930.0,
        "annual_mwh_raw": 1594.9,
        "mean_kw_raw": 182.1,
        "eui_raw": 244.5,
        "eui_kw_per_m2": 0.0279,
        "data_year": 2025,
        "energy_tier": "HIGH",
        "tier_color": [
          215,
          48,
          39,
          220
        ],
        "coverage_ratio": 1.0,
        "uid": "NCU_268841456"
      }
    },
    {
      "type": "Feature",
      "geometry": {
        "type": "Polygon",
        "coordinates": [
          [
            [
              121.1915245,
              24.9664711
            ],
            [
              121.1915253,
              24.9664255
            ],
            [
              121.1914974,
              24.9664251
            ],
            [
              121.1914986,
              24.9663547
            ],
            [
              121.1915326,
              24.9663552
            ],
            [
              121.191533,
              24.9663314
            ],
            [
              121.1919937,
              24.9663377
            ],
            [
              121.1919931,
              24.9663704
            ],
            [
              121.192014,
              24.9663707
            ],
            [
              121.1920128,
              24.9664423
            ],
            [
              121.1919934,
              24.9664471
            ],
            [
              121.1919929,
              24.9664774
            ],
            [
              121.1915245,
              24.9664711
            ]
          ]
        ]
      },
      "properties": {
        "osm_id": 268843079,
        "name": "女二舍",
        "building_type": "dormitory",
        "operator": "",
        "levels": 1,
        "height": 0.09,
        "footprint_area_m2": 770.02,
        "mean_kw": 68.5,
        "annual_kwh": 600103.0,
        "annual_mwh": 600.1,
        "peak_kw": 109.6,
        "eui": 779.3,
        "load_factor": 0.62,
        "archetype_label": "Office",
        "data_source": "ncu_114_real",
        "has_meter_data": true,
        "building_code": "",
        "meter_name": "女二舍",
        "b_floors": 1,
        "b_area": 770.02,
        "annual_kwh_raw": 600103.0,
        "annual_mwh_raw": 600.1,
        "mean_kw_raw": 68.5,
        "eui_raw": 779.3,
        "eui_kw_per_m2": 0.089,
        "data_year": 2025,
        "energy_tier": "NORMAL",
        "tier_color": [
          240,
          196,
          25,
          220
        ],
        "coverage_ratio": 1.0,
        "uid": "NCU_268843079"
      }
    },
    {
      "type": "Feature",
      "geometry": {
        "type": "Polygon",
        "coordinates": [
          [
            [
              121.1915204,
              24.966255
            ],
            [
              121.1915203,
              24.9662151
            ],
            [
              121.1914972,
              24.9662152
            ],
            [
              121.191497,
              24.9661727
            ],
            [
              121.1915217,
              24.9661727
            ],
            [
              121.1915216,
              24.9661373
            ],
            [
              121.1916916,
              24.9661367
            ],
            [
              121.1916915,
              24.9661298
            ],
            [
              121.1917284,
              24.9661297
            ],
            [
              121.1917285,
              24.9661379
            ],
            [
              121.1919704,
              24.9661374
            ],
            [
              121.1919706,
              24.966197
            ],
            [
              121.1920047,
              24.9661971
            ],
            [
              121.1920046,
              24.9662234
            ],
            [
              121.1919658,
              24.9662235
            ],
            [
              121.1919659,
              24.9662533
            ],
            [
              121.1915204,
              24.966255
            ]
          ]
        ]
      },
      "properties": {
        "osm_id": 268843080,
        "name": "女四舍",
        "building_type": "dormitory",
        "operator": "",
        "levels": 1,
        "height": 3.02,
        "footprint_area_m2": 611.73,
        "mean_kw": 143.6,
        "annual_kwh": 1257851.0,
        "annual_mwh": 1257.9,
        "peak_kw": 229.7,
        "eui": 2056.2,
        "load_factor": 0.62,
        "archetype_label": "Office",
        "data_source": "ncu_114_real",
        "has_meter_data": true,
        "building_code": "",
        "meter_name": "女四舍",
        "b_floors": 1,
        "b_area": 611.73,
        "annual_kwh_raw": 1048209.0,
        "annual_mwh_raw": 1048.2,
        "mean_kw_raw": 143.6,
        "eui_raw": 2056.2,
        "eui_kw_per_m2": 0.2347,
        "data_year": 2025,
        "energy_tier": "NORMAL",
        "tier_color": [
          240,
          196,
          25,
          220
        ],
        "coverage_ratio": 0.83,
        "uid": "NCU_268843080"
      }
    },
    {
      "type": "Feature",
      "geometry": {
        "type": "Polygon",
        "coordinates": [
          [
            [
              121.1921384,
              24.966249
            ],
            [
              121.1921382,
              24.9662364
            ],
            [
              121.1921095,
              24.9662366
            ],
            [
              121.192109,
              24.9661921
            ],
            [
              121.1921479,
              24.9661918
            ],
            [
              121.1921478,
              24.9661812
            ],
            [
              121.192596,
              24.9661768
            ],
            [
              121.1925963,
              24.966199
            ],
            [
              121.1926196,
              24.9661987
            ],
            [
              121.1926218,
              24.9663429
            ],
            [
              121.1926217,
              24.9663727
            ],
            [
              121.1925979,
              24.9663729
            ],
            [
              121.1925974,
              24.9663274
            ],
            [
              121.1925511,
              24.9663279
            ],
            [
              121.1925504,
              24.9662747
            ],
            [
              121.1925627,
              24.9662745
            ],
            [
              121.1925624,
              24.966245
            ],
            [
              121.1921384,
              24.966249
            ]
          ]
        ]
      },
      "properties": {
        "osm_id": 268843081,
        "name": "女三舍",
        "building_type": "dormitory",
        "operator": "",
        "levels": 1,
        "height": 3.21,
        "footprint_area_m2": 447.21,
        "mean_kw": 43.0,
        "annual_kwh": 377027.0,
        "annual_mwh": 377.0,
        "peak_kw": 68.9,
        "eui": 843.1,
        "load_factor": 0.62,
        "archetype_label": "Office",
        "data_source": "ncu_114_real",
        "has_meter_data": true,
        "building_code": "",
        "meter_name": "女三舍",
        "b_floors": 1,
        "b_area": 447.21,
        "annual_kwh_raw": 377027.0,
        "annual_mwh_raw": 377.0,
        "mean_kw_raw": 43.0,
        "eui_raw": 843.1,
        "eui_kw_per_m2": 0.0962,
        "data_year": 2025,
        "energy_tier": "NORMAL",
        "tier_color": [
          240,
          196,
          25,
          220
        ],
        "coverage_ratio": 1.0,
        "uid": "NCU_268843081"
      }
    },
    {
      "type": "Feature",
      "geometry": {
        "type": "Polygon",
        "coordinates": [
          [
            [
              121.1926218,
              24.9663429
            ],
            [
              121.1921431,
              24.9663456
            ],
            [
              121.1921439,
              24.9664627
            ],
            [
              121.1925994,
              24.9664602
            ],
            [
              121.1925992,
              24.9664309
            ],
            [
              121.1926224,
              24.9664308
            ],
            [
              121.1926218,
              24.9663429
            ]
          ]
        ]
      },
      "properties": {
        "osm_id": 268843082,
        "name": "女一舍",
        "building_type": "dormitory",
        "operator": "",
        "levels": 1,
        "height": 3.21,
        "footprint_area_m2": 621.28,
        "mean_kw": 36.4,
        "annual_kwh": 319237.0,
        "annual_mwh": 319.2,
        "peak_kw": 58.3,
        "eui": 513.8,
        "load_factor": 0.62,
        "archetype_label": "Office",
        "data_source": "ncu_114_real",
        "has_meter_data": true,
        "building_code": "",
        "meter_name": "女一舍",
        "b_floors": 1,
        "b_area": 621.28,
        "annual_kwh_raw": 319237.0,
        "annual_mwh_raw": 319.2,
        "mean_kw_raw": 36.4,
        "eui_raw": 513.8,
        "eui_kw_per_m2": 0.0587,
        "data_year": 2025,
        "energy_tier": "NORMAL",
        "tier_color": [
          240,
          196,
          25,
          220
        ],
        "coverage_ratio": 1.0,
        "uid": "NCU_268843082"
      }
    },
    {
      "type": "Feature",
      "geometry": {
        "type": "Polygon",
        "coordinates": [
          [
            [
              121.1950008,
              24.9695288
            ],
            [
              121.1950013,
              24.9691522
            ],
            [
              121.1950454,
              24.9691522
            ],
            [
              121.1950455,
              24.9691252
            ],
            [
              121.1951229,
              24.9691253
            ],
            [
              121.1951229,
              24.9691508
            ],
            [
              121.1951618,
              24.9691509
            ],
            [
              121.1951618,
              24.969174
            ],
            [
              121.1953828,
              24.9691742
            ],
            [
              121.1953825,
              24.9693908
            ],
            [
              121.1953583,
              24.9693908
            ],
            [
              121.1953582,
              24.9694952
            ],
            [
              121.1953246,
              24.9694951
            ],
            [
              121.1953246,
              24.9695291
            ],
            [
              121.1950008,
              24.9695288
            ]
          ]
        ]
      },
      "properties": {
        "osm_id": 268845976,
        "name": "人文社會科學大樓",
        "building_type": "university",
        "operator": "",
        "levels": 3,
        "height": 10.97,
        "footprint_area_m2": 1531.54,
        "mean_kw": 26.9,
        "annual_kwh": 235592.0,
        "annual_mwh": 235.6,
        "peak_kw": 43.0,
        "eui": 51.3,
        "load_factor": 0.62,
        "archetype_label": "Office",
        "data_source": "ncu_114_real",
        "has_meter_data": true,
        "building_code": "",
        "meter_name": "人文社會科學大樓",
        "b_floors": 3,
        "b_area": 4594.62,
        "annual_kwh_raw": 196327.0,
        "annual_mwh_raw": 196.3,
        "mean_kw_raw": 26.9,
        "eui_raw": 51.3,
        "eui_kw_per_m2": 0.0059,
        "data_year": 2025,
        "energy_tier": "NORMAL",
        "tier_color": [
          240,
          196,
          25,
          220
        ],
        "coverage_ratio": 0.83,
        "uid": "NCU_268845976"
      }
    },
    {
      "type": "Feature",
      "geometry": {
        "type": "Polygon",
        "coordinates": [
          [
            [
              121.1944781,
              24.969177
            ],
            [
              121.1944765,
              24.9690219
            ],
            [
              121.1946383,
              24.9690222
            ],
            [
              121.1946398,
              24.9691782
            ],
            [
              121.1944781,
              24.969177
            ]
          ]
        ]
      },
      "properties": {
        "osm_id": 268845987,
        "name": "",
        "building_type": "university",
        "operator": "",
        "levels": 3,
        "height": 10.5,
        "footprint_area_m2": 282.16,
        "mean_kw": 0.0,
        "annual_kwh": 0.0,
        "annual_mwh": 0.0,
        "peak_kw": 0.0,
        "eui": 0.0,
        "load_factor": 0.55,
        "archetype_label": "Office",
        "data_source": "synthetic_zero",
        "has_meter_data": false,
        "building_code": "",
        "meter_name": "",
        "b_floors": 3,
        "b_area": 846.48,
        "annual_kwh_raw": 0.0,
        "eui_kw_per_m2": 0.0,
        "data_year": 2025,
        "energy_tier": "LOW",
        "tier_color": [
          180,
          180,
          180,
          100
        ],
        "uid": "NCU_268845987"
      }
    },
    {
      "type": "Feature",
      "geometry": {
        "type": "Polygon",
        "coordinates": [
          [
            [
              121.1923658,
              24.9715838
            ],
            [
              121.1923615,
              24.9714933
            ],
            [
              121.1926411,
              24.9714823
            ],
            [
              121.192638,
              24.9714182
            ],
            [
              121.1926559,
              24.9714175
            ],
            [
              121.1926464,
              24.9712201
            ],
            [
              121.1927248,
              24.971217
            ],
            [
              121.1927233,
              24.9711841
            ],
            [
              121.1927973,
              24.9711812
            ],
            [
              121.1927987,
              24.9712102
            ],
            [
              121.1928364,
              24.9712088
            ],
            [
              121.1928539,
              24.9715744
            ],
            [
              121.1927895,
              24.971577
            ],
            [
              121.1927903,
              24.971594
            ],
            [
              121.1924356,
              24.971608
            ],
            [
              121.1924344,
              24.9715811
            ],
            [
              121.1923658,
              24.9715838
            ]
          ]
        ]
      },
      "properties": {
        "osm_id": 268846328,
        "name": "科五館(S5)",
        "building_type": "university",
        "operator": "",
        "levels": 7,
        "height": 24.37,
        "footprint_area_m2": 1210.62,
        "mean_kw": 236.2,
        "annual_kwh": 2069485.0,
        "annual_mwh": 2069.5,
        "peak_kw": 378.0,
        "eui": 244.2,
        "load_factor": 0.62,
        "archetype_label": "Office",
        "data_source": "ncu_114_real",
        "has_meter_data": true,
        "building_code": "",
        "meter_name": "科五館(S5)",
        "b_floors": 7,
        "b_area": 8474.34,
        "annual_kwh_raw": 1897028.0,
        "annual_mwh_raw": 1897.0,
        "mean_kw_raw": 236.2,
        "eui_raw": 244.2,
        "eui_kw_per_m2": 0.0279,
        "data_year": 2025,
        "energy_tier": "HIGH",
        "tier_color": [
          215,
          48,
          39,
          220
        ],
        "coverage_ratio": 0.92,
        "uid": "NCU_268846328"
      }
    },
    {
      "type": "Feature",
      "geometry": {
        "type": "Polygon",
        "coordinates": [
          [
            [
              121.1921863,
              24.971623
            ],
            [
              121.1921459,
              24.9712764
            ],
            [
              121.1921716,
              24.971268
            ],
            [
              121.1921671,
              24.9712281
            ],
            [
              121.1922479,
              24.9712207
            ],
            [
              121.1922521,
              24.9712582
            ],
            [
              121.1923113,
              24.9712528
            ],
            [
              121.1923391,
              24.9715014
            ],
            [
              121.192294,
              24.9715055
            ],
            [
              121.1923002,
              24.9715605
            ],
            [
              121.1922813,
              24.9715622
            ],
            [
              121.192258,
              24.9716162
            ],
            [
              121.1921863,
              24.971623
            ]
          ]
        ]
      },
      "properties": {
        "osm_id": 268846329,
        "name": "理學院教學館(普化實驗大樓)",
        "building_type": "university",
        "operator": "",
        "levels": 7,
        "height": 24.37,
        "footprint_area_m2": 624.73,
        "mean_kw": 0.0,
        "annual_kwh": 0.0,
        "annual_mwh": 0.0,
        "peak_kw": 0.0,
        "eui": 0.0,
        "load_factor": 0.55,
        "archetype_label": "Office",
        "data_source": "synthetic_zero",
        "has_meter_data": false,
        "building_code": "",
        "meter_name": "",
        "b_floors": 7,
        "b_area": 4373.110000000001,
        "annual_kwh_raw": 0.0,
        "eui_kw_per_m2": 0.0,
        "data_year": 2025,
        "energy_tier": "LOW",
        "tier_color": [
          180,
          180,
          180,
          100
        ],
        "uid": "NCU_268846329"
      }
    },
    {
      "type": "Feature",
      "geometry": {
        "type": "Polygon",
        "coordinates": [
          [
            [
              121.1920444,
              24.9709285
            ],
            [
              121.1920433,
              24.9707911
            ],
            [
              121.1920923,
              24.9707908
            ],
            [
              121.1920908,
              24.9706957
            ],
            [
              121.1920433,
              24.970696
            ],
            [
              121.1920419,
              24.9704472
            ],
            [
              121.1922294,
              24.9704463
            ],
            [
              121.1922318,
              24.9708467
            ],
            [
              121.1922037,
              24.9708469
            ],
            [
              121.1922038,
              24.970865
            ],
            [
              121.1922037,
              24.9709064
            ],
            [
              121.1922043,
              24.9709211
            ],
            [
              121.1921409,
              24.9709215
            ],
            [
              121.1921414,
              24.9710004
            ],
            [
              121.1920852,
              24.9710008
            ],
            [
              121.1920847,
              24.9709283
            ],
            [
              121.1920444,
              24.9709285
            ]
          ]
        ]
      },
      "properties": {
        "osm_id": 268846332,
        "name": "科三館",
        "building_type": "university",
        "operator": "",
        "levels": 4,
        "height": 14.97,
        "footprint_area_m2": 977.37,
        "mean_kw": 91.9,
        "annual_kwh": 804732.0,
        "annual_mwh": 804.7,
        "peak_kw": 147.0,
        "eui": 205.8,
        "load_factor": 0.62,
        "archetype_label": "Office",
        "data_source": "ncu_114_real",
        "has_meter_data": true,
        "building_code": "",
        "meter_name": "科三館",
        "b_floors": 4,
        "b_area": 3909.48,
        "annual_kwh_raw": 469427.0,
        "annual_mwh_raw": 469.4,
        "mean_kw_raw": 91.9,
        "eui_raw": 205.8,
        "eui_kw_per_m2": 0.0235,
        "data_year": 2025,
        "energy_tier": "NORMAL",
        "tier_color": [
          240,
          196,
          25,
          220
        ],
        "coverage_ratio": 0.58,
        "uid": "NCU_268846332"
      }
    },
    {
      "type": "Feature",
      "geometry": {
        "type": "Polygon",
        "coordinates": [
          [
            [
              121.1922037,
              24.9709064
            ],
            [
              121.1922878,
              24.9709065
            ],
            [
              121.1922879,
              24.9708652
            ],
            [
              121.1922038,
              24.970865
            ],
            [
              121.1922037,
              24.9709064
            ]
          ]
        ]
      },
      "properties": {
        "osm_id": 268846333,
        "name": "",
        "building_type": "university",
        "operator": "",
        "levels": 3,
        "height": 10.5,
        "footprint_area_m2": 39.0,
        "mean_kw": 0.0,
        "annual_kwh": 0.0,
        "annual_mwh": 0.0,
        "peak_kw": 0.0,
        "eui": 0.0,
        "load_factor": 0.55,
        "archetype_label": "Office",
        "data_source": "synthetic_zero",
        "has_meter_data": false,
        "building_code": "",
        "meter_name": "",
        "b_floors": 3,
        "b_area": 117.0,
        "annual_kwh_raw": 0.0,
        "eui_kw_per_m2": 0.0,
        "data_year": 2025,
        "energy_tier": "LOW",
        "tier_color": [
          180,
          180,
          180,
          100
        ],
        "uid": "NCU_268846333"
      }
    },
    {
      "type": "Feature",
      "geometry": {
        "type": "Polygon",
        "coordinates": [
          [
            [
              121.1943805,
              24.9702002
            ],
            [
              121.1943815,
              24.9701845
            ],
            [
              121.1943439,
              24.9701855
            ],
            [
              121.1943419,
              24.9701504
            ],
            [
              121.1943236,
              24.9701477
            ],
            [
              121.1943215,
              24.9700906
            ],
            [
              121.1943835,
              24.9700887
            ],
            [
              121.1943744,
              24.970062
            ],
            [
              121.1943713,
              24.9700408
            ],
            [
              121.1943754,
              24.970027
            ],
            [
              121.1943215,
              24.9700279
            ],
            [
              121.1943215,
              24.9699726
            ],
            [
              121.1943414,
              24.9699731
            ],
            [
              121.1943414,
              24.9699666
            ],
            [
              121.1943779,
              24.9699671
            ],
            [
              121.1943785,
              24.9699127
            ],
            [
              121.1945085,
              24.9699146
            ],
            [
              121.1945091,
              24.9699611
            ],
            [
              121.1945726,
              24.9699602
            ],
            [
              121.1945731,
              24.9700431
            ],
            [
              121.1945726,
              24.9701454
            ],
            [
              121.1945136,
              24.9701463
            ],
            [
              121.1945136,
              24.9701984
            ],
            [
              121.1943805,
              24.9702002
            ]
          ]
        ]
      },
      "properties": {
        "osm_id": 268851049,
        "name": "國鼎圖書資料館",
        "building_type": "university",
        "operator": "",
        "levels": 3,
        "height": 11.12,
        "footprint_area_m2": 644.07,
        "mean_kw": 75.6,
        "annual_kwh": 662629.0,
        "annual_mwh": 662.6,
        "peak_kw": 121.0,
        "eui": 342.9,
        "load_factor": 0.62,
        "archetype_label": "Office",
        "data_source": "ncu_114_real",
        "has_meter_data": true,
        "building_code": "",
        "meter_name": "國鼎圖書資料館",
        "b_floors": 3,
        "b_area": 1932.21,
        "annual_kwh_raw": 552191.0,
        "annual_mwh_raw": 552.2,
        "mean_kw_raw": 75.6,
        "eui_raw": 342.9,
        "eui_kw_per_m2": 0.0391,
        "data_year": 2025,
        "energy_tier": "NORMAL",
        "tier_color": [
          240,
          196,
          25,
          220
        ],
        "coverage_ratio": 0.83,
        "uid": "NCU_268851049"
      }
    },
    {
      "type": "Feature",
      "geometry": {
        "type": "Polygon",
        "coordinates": [
          [
            [
              121.189137,
              24.9681318
            ],
            [
              121.1891355,
              24.9678008
            ],
            [
              121.189328,
              24.9678001
            ],
            [
              121.1893292,
              24.9680869
            ],
            [
              121.1892443,
              24.9680872
            ],
            [
              121.1892446,
              24.9681529
            ],
            [
              121.1892185,
              24.968153
            ],
            [
              121.1892187,
              24.9682019
            ],
            [
              121.1891604,
              24.9682021
            ],
            [
              121.1891601,
              24.9681317
            ],
            [
              121.189137,
              24.9681318
            ]
          ]
        ]
      },
      "properties": {
        "osm_id": 268851920,
        "name": "實習一廠",
        "building_type": "university",
        "operator": "",
        "levels": 2,
        "height": 8.13,
        "footprint_area_m2": 724.63,
        "mean_kw": 23.2,
        "annual_kwh": 203200.0,
        "annual_mwh": 203.2,
        "peak_kw": 37.1,
        "eui": 140.2,
        "load_factor": 0.62,
        "archetype_label": "Office",
        "data_source": "ncu_114_real",
        "has_meter_data": true,
        "building_code": "",
        "meter_name": "實習一廠",
        "b_floors": 2,
        "b_area": 1449.26,
        "annual_kwh_raw": 152400.0,
        "annual_mwh_raw": 152.4,
        "mean_kw_raw": 23.2,
        "eui_raw": 140.2,
        "eui_kw_per_m2": 0.016,
        "data_year": 2025,
        "energy_tier": "NORMAL",
        "tier_color": [
          240,
          196,
          25,
          220
        ],
        "coverage_ratio": 0.75,
        "uid": "NCU_268851920"
      }
    },
    {
      "type": "Feature",
      "geometry": {
        "type": "Polygon",
        "coordinates": [
          [
            [
              121.1902171,
              24.9673432
            ],
            [
              121.1902217,
              24.9669603
            ],
            [
              121.1903589,
              24.9669616
            ],
            [
              121.1903544,
              24.9673446
            ],
            [
              121.1902171,
              24.9673432
            ]
          ]
        ]
      },
      "properties": {
        "osm_id": 268851921,
        "name": "",
        "building_type": "yes",
        "operator": "",
        "levels": 3,
        "height": 10.5,
        "footprint_area_m2": 589.53,
        "mean_kw": 0.0,
        "annual_kwh": 0.0,
        "annual_mwh": 0.0,
        "peak_kw": 0.0,
        "eui": 0.0,
        "load_factor": 0.55,
        "archetype_label": "Office",
        "data_source": "synthetic_zero",
        "has_meter_data": false,
        "building_code": "",
        "meter_name": "",
        "b_floors": 3,
        "b_area": 1768.59,
        "annual_kwh_raw": 0.0,
        "eui_kw_per_m2": 0.0,
        "data_year": 2025,
        "energy_tier": "LOW",
        "tier_color": [
          180,
          180,
          180,
          100
        ],
        "uid": "NCU_268851921"
      }
    },
    {
      "type": "Feature",
      "geometry": {
        "type": "Polygon",
        "coordinates": [
          [
            [
              121.1900853,
              24.9673424
            ],
            [
              121.190092,
              24.9669606
            ],
            [
              121.1902217,
              24.9669603
            ],
            [
              121.1902171,
              24.9673432
            ],
            [
              121.1900853,
              24.9673424
            ]
          ]
        ]
      },
      "properties": {
        "osm_id": 268851922,
        "name": "",
        "building_type": "yes",
        "operator": "",
        "levels": 3,
        "height": 10.5,
        "footprint_area_m2": 560.69,
        "mean_kw": 0.0,
        "annual_kwh": 0.0,
        "annual_mwh": 0.0,
        "peak_kw": 0.0,
        "eui": 0.0,
        "load_factor": 0.55,
        "archetype_label": "Office",
        "data_source": "synthetic_zero",
        "has_meter_data": false,
        "building_code": "",
        "meter_name": "",
        "b_floors": 3,
        "b_area": 1682.0700000000002,
        "annual_kwh_raw": 0.0,
        "eui_kw_per_m2": 0.0,
        "data_year": 2025,
        "energy_tier": "LOW",
        "tier_color": [
          180,
          180,
          180,
          100
        ],
        "uid": "NCU_268851922"
      }
    },
    {
      "type": "Feature",
      "geometry": {
        "type": "Polygon",
        "coordinates": [
          [
            [
              121.190092,
              24.9669606
            ],
            [
              121.1899673,
              24.9669558
            ],
            [
              121.1899565,
              24.9673424
            ],
            [
              121.1900853,
              24.9673424
            ],
            [
              121.190092,
              24.9669606
            ]
          ]
        ]
      },
      "properties": {
        "osm_id": 268851923,
        "name": "",
        "building_type": "yes",
        "operator": "",
        "levels": 3,
        "height": 10.5,
        "footprint_area_m2": 546.38,
        "mean_kw": 0.0,
        "annual_kwh": 0.0,
        "annual_mwh": 0.0,
        "peak_kw": 0.0,
        "eui": 0.0,
        "load_factor": 0.55,
        "archetype_label": "Office",
        "data_source": "synthetic_zero",
        "has_meter_data": false,
        "building_code": "",
        "meter_name": "",
        "b_floors": 3,
        "b_area": 1639.1399999999999,
        "annual_kwh_raw": 0.0,
        "eui_kw_per_m2": 0.0,
        "data_year": 2025,
        "energy_tier": "LOW",
        "tier_color": [
          180,
          180,
          180,
          100
        ],
        "uid": "NCU_268851923"
      }
    },
    {
      "type": "Feature",
      "geometry": {
        "type": "Polygon",
        "coordinates": [
          [
            [
              121.1897675,
              24.9672568
            ],
            [
              121.1897684,
              24.9671267
            ],
            [
              121.189922,
              24.9671276
            ],
            [
              121.189921,
              24.9672577
            ],
            [
              121.1897675,
              24.9672568
            ]
          ]
        ]
      },
      "properties": {
        "osm_id": 268852724,
        "name": "",
        "building_type": "yes",
        "operator": "",
        "levels": 3,
        "height": 10.5,
        "footprint_area_m2": 224.05,
        "mean_kw": 0.0,
        "annual_kwh": 0.0,
        "annual_mwh": 0.0,
        "peak_kw": 0.0,
        "eui": 0.0,
        "load_factor": 0.55,
        "archetype_label": "Office",
        "data_source": "synthetic_zero",
        "has_meter_data": false,
        "building_code": "",
        "meter_name": "",
        "b_floors": 3,
        "b_area": 672.1500000000001,
        "annual_kwh_raw": 0.0,
        "eui_kw_per_m2": 0.0,
        "data_year": 2025,
        "energy_tier": "LOW",
        "tier_color": [
          180,
          180,
          180,
          100
        ],
        "uid": "NCU_268852724"
      }
    },
    {
      "type": "Feature",
      "geometry": {
        "type": "Polygon",
        "coordinates": [
          [
            [
              121.1895622,
              24.9672612
            ],
            [
              121.1895619,
              24.9671385
            ],
            [
              121.1897114,
              24.9671381
            ],
            [
              121.1897118,
              24.9672609
            ],
            [
              121.1895622,
              24.9672612
            ]
          ]
        ]
      },
      "properties": {
        "osm_id": 268852725,
        "name": "",
        "building_type": "yes",
        "operator": "",
        "levels": 3,
        "height": 10.5,
        "footprint_area_m2": 205.88,
        "mean_kw": 0.0,
        "annual_kwh": 0.0,
        "annual_mwh": 0.0,
        "peak_kw": 0.0,
        "eui": 0.0,
        "load_factor": 0.55,
        "archetype_label": "Office",
        "data_source": "synthetic_zero",
        "has_meter_data": false,
        "building_code": "",
        "meter_name": "",
        "b_floors": 3,
        "b_area": 617.64,
        "annual_kwh_raw": 0.0,
        "eui_kw_per_m2": 0.0,
        "data_year": 2025,
        "energy_tier": "LOW",
        "tier_color": [
          180,
          180,
          180,
          100
        ],
        "uid": "NCU_268852725"
      }
    },
    {
      "type": "Feature",
      "geometry": {
        "type": "Polygon",
        "coordinates": [
          [
            [
              121.1893557,
              24.9672417
            ],
            [
              121.1893566,
              24.9671299
            ],
            [
              121.1895088,
              24.9671309
            ],
            [
              121.1895079,
              24.9672428
            ],
            [
              121.1893557,
              24.9672417
            ]
          ]
        ]
      },
      "properties": {
        "osm_id": 268852726,
        "name": "",
        "building_type": "yes",
        "operator": "",
        "levels": 3,
        "height": 10.5,
        "footprint_area_m2": 190.93,
        "mean_kw": 0.0,
        "annual_kwh": 0.0,
        "annual_mwh": 0.0,
        "peak_kw": 0.0,
        "eui": 0.0,
        "load_factor": 0.55,
        "archetype_label": "Office",
        "data_source": "synthetic_zero",
        "has_meter_data": false,
        "building_code": "",
        "meter_name": "",
        "b_floors": 3,
        "b_area": 572.79,
        "annual_kwh_raw": 0.0,
        "eui_kw_per_m2": 0.0,
        "data_year": 2025,
        "energy_tier": "LOW",
        "tier_color": [
          180,
          180,
          180,
          100
        ],
        "uid": "NCU_268852726"
      }
    },
    {
      "type": "Feature",
      "geometry": {
        "type": "Polygon",
        "coordinates": [
          [
            [
              121.1893372,
              24.9670896
            ],
            [
              121.1893389,
              24.9669484
            ],
            [
              121.1894821,
              24.9669498
            ],
            [
              121.1894804,
              24.967091
            ],
            [
              121.1893372,
              24.9670896
            ]
          ]
        ]
      },
      "properties": {
        "osm_id": 268852727,
        "name": "",
        "building_type": "yes",
        "operator": "",
        "levels": 3,
        "height": 10.5,
        "footprint_area_m2": 226.79,
        "mean_kw": 0.0,
        "annual_kwh": 0.0,
        "annual_mwh": 0.0,
        "peak_kw": 0.0,
        "eui": 0.0,
        "load_factor": 0.55,
        "archetype_label": "Office",
        "data_source": "synthetic_zero",
        "has_meter_data": false,
        "building_code": "",
        "meter_name": "",
        "b_floors": 3,
        "b_area": 680.37,
        "annual_kwh_raw": 0.0,
        "eui_kw_per_m2": 0.0,
        "data_year": 2025,
        "energy_tier": "LOW",
        "tier_color": [
          180,
          180,
          180,
          100
        ],
        "uid": "NCU_268852727"
      }
    },
    {
      "type": "Feature",
      "geometry": {
        "type": "Polygon",
        "coordinates": [
          [
            [
              121.1894804,
              24.967091
            ],
            [
              121.1896056,
              24.9670922
            ],
            [
              121.1896069,
              24.9669508
            ],
            [
              121.1894821,
              24.9669498
            ],
            [
              121.1894804,
              24.967091
            ]
          ]
        ]
      },
      "properties": {
        "osm_id": 268852728,
        "name": "",
        "building_type": "yes",
        "operator": "",
        "levels": 3,
        "height": 10.5,
        "footprint_area_m2": 198.11,
        "mean_kw": 0.0,
        "annual_kwh": 0.0,
        "annual_mwh": 0.0,
        "peak_kw": 0.0,
        "eui": 0.0,
        "load_factor": 0.55,
        "archetype_label": "Office",
        "data_source": "synthetic_zero",
        "has_meter_data": false,
        "building_code": "",
        "meter_name": "",
        "b_floors": 3,
        "b_area": 594.33,
        "annual_kwh_raw": 0.0,
        "eui_kw_per_m2": 0.0,
        "data_year": 2025,
        "energy_tier": "LOW",
        "tier_color": [
          180,
          180,
          180,
          100
        ],
        "uid": "NCU_268852728"
      }
    },
    {
      "type": "Feature",
      "geometry": {
        "type": "Polygon",
        "coordinates": [
          [
            [
              121.1897147,
              24.9670931
            ],
            [
              121.1897795,
              24.9670936
            ],
            [
              121.1897814,
              24.9669509
            ],
            [
              121.1897152,
              24.9669512
            ],
            [
              121.1897147,
              24.9670931
            ]
          ]
        ]
      },
      "properties": {
        "osm_id": 268852729,
        "name": "",
        "building_type": "yes",
        "operator": "",
        "levels": 3,
        "height": 10.5,
        "footprint_area_m2": 104.54,
        "mean_kw": 0.0,
        "annual_kwh": 0.0,
        "annual_mwh": 0.0,
        "peak_kw": 0.0,
        "eui": 0.0,
        "load_factor": 0.55,
        "archetype_label": "Office",
        "data_source": "synthetic_zero",
        "has_meter_data": false,
        "building_code": "",
        "meter_name": "",
        "b_floors": 3,
        "b_area": 313.62,
        "annual_kwh_raw": 0.0,
        "eui_kw_per_m2": 0.0,
        "data_year": 2025,
        "energy_tier": "LOW",
        "tier_color": [
          180,
          180,
          180,
          100
        ],
        "uid": "NCU_268852729"
      }
    },
    {
      "type": "Feature",
      "geometry": {
        "type": "Polygon",
        "coordinates": [
          [
            [
              121.1897795,
              24.9670936
            ],
            [
              121.1898449,
              24.9670946
            ],
            [
              121.1898467,
              24.9669513
            ],
            [
              121.1897814,
              24.9669509
            ],
            [
              121.1897795,
              24.9670936
            ]
          ]
        ]
      },
      "properties": {
        "osm_id": 268852730,
        "name": "",
        "building_type": "yes",
        "operator": "",
        "levels": 3,
        "height": 10.5,
        "footprint_area_m2": 104.82,
        "mean_kw": 0.0,
        "annual_kwh": 0.0,
        "annual_mwh": 0.0,
        "peak_kw": 0.0,
        "eui": 0.0,
        "load_factor": 0.55,
        "archetype_label": "Office",
        "data_source": "synthetic_zero",
        "has_meter_data": false,
        "building_code": "",
        "meter_name": "",
        "b_floors": 3,
        "b_area": 314.46,
        "annual_kwh_raw": 0.0,
        "eui_kw_per_m2": 0.0,
        "data_year": 2025,
        "energy_tier": "LOW",
        "tier_color": [
          180,
          180,
          180,
          100
        ],
        "uid": "NCU_268852730"
      }
    },
    {
      "type": "Feature",
      "geometry": {
        "type": "Polygon",
        "coordinates": [
          [
            [
              121.1898449,
              24.9670946
            ],
            [
              121.1899188,
              24.9670961
            ],
            [
              121.1899201,
              24.9669514
            ],
            [
              121.1898467,
              24.9669513
            ],
            [
              121.1898449,
              24.9670946
            ]
          ]
        ]
      },
      "properties": {
        "osm_id": 268852731,
        "name": "",
        "building_type": "yes",
        "operator": "",
        "levels": 3,
        "height": 10.5,
        "footprint_area_m2": 118.96,
        "mean_kw": 0.0,
        "annual_kwh": 0.0,
        "annual_mwh": 0.0,
        "peak_kw": 0.0,
        "eui": 0.0,
        "load_factor": 0.55,
        "archetype_label": "Office",
        "data_source": "synthetic_zero",
        "has_meter_data": false,
        "building_code": "",
        "meter_name": "",
        "b_floors": 3,
        "b_area": 356.88,
        "annual_kwh_raw": 0.0,
        "eui_kw_per_m2": 0.0,
        "data_year": 2025,
        "energy_tier": "LOW",
        "tier_color": [
          180,
          180,
          180,
          100
        ],
        "uid": "NCU_268852731"
      }
    },
    {
      "type": "Feature",
      "geometry": {
        "type": "Polygon",
        "coordinates": [
          [
            [
              121.1896056,
              24.9670922
            ],
            [
              121.1897147,
              24.9670931
            ],
            [
              121.1897152,
              24.9669512
            ],
            [
              121.1896069,
              24.9669508
            ],
            [
              121.1896056,
              24.9670922
            ]
          ]
        ]
      },
      "properties": {
        "osm_id": 268852732,
        "name": "",
        "building_type": "yes",
        "operator": "",
        "levels": 3,
        "height": 10.5,
        "footprint_area_m2": 172.69,
        "mean_kw": 0.0,
        "annual_kwh": 0.0,
        "annual_mwh": 0.0,
        "peak_kw": 0.0,
        "eui": 0.0,
        "load_factor": 0.55,
        "archetype_label": "Office",
        "data_source": "synthetic_zero",
        "has_meter_data": false,
        "building_code": "",
        "meter_name": "",
        "b_floors": 3,
        "b_area": 518.0699999999999,
        "annual_kwh_raw": 0.0,
        "eui_kw_per_m2": 0.0,
        "data_year": 2025,
        "energy_tier": "LOW",
        "tier_color": [
          180,
          180,
          180,
          100
        ],
        "uid": "NCU_268852732"
      }
    },
    {
      "type": "Feature",
      "geometry": {
        "type": "Polygon",
        "coordinates": [
          [
            [
              121.1903168,
              24.9667969
            ],
            [
              121.1903567,
              24.9667968
            ],
            [
              121.1903564,
              24.9666636
            ],
            [
              121.1903225,
              24.9666637
            ],
            [
              121.1903225,
              24.9666509
            ],
            [
              121.1902861,
              24.966651
            ],
            [
              121.1902832,
              24.9667526
            ],
            [
              121.1903167,
              24.9667525
            ],
            [
              121.1903168,
              24.9667969
            ]
          ]
        ]
      },
      "properties": {
        "osm_id": 269122190,
        "name": "",
        "building_type": "yes",
        "operator": "",
        "levels": 3,
        "height": 10.5,
        "footprint_area_m2": 96.85,
        "mean_kw": 0.0,
        "annual_kwh": 0.0,
        "annual_mwh": 0.0,
        "peak_kw": 0.0,
        "eui": 0.0,
        "load_factor": 0.55,
        "archetype_label": "Office",
        "data_source": "synthetic_zero",
        "has_meter_data": false,
        "building_code": "",
        "meter_name": "",
        "b_floors": 3,
        "b_area": 290.54999999999995,
        "annual_kwh_raw": 0.0,
        "eui_kw_per_m2": 0.0,
        "data_year": 2025,
        "energy_tier": "LOW",
        "tier_color": [
          180,
          180,
          180,
          100
        ],
        "uid": "NCU_269122190"
      }
    },
    {
      "type": "Feature",
      "geometry": {
        "type": "Polygon",
        "coordinates": [
          [
            [
              121.1902834,
              24.9667701
            ],
            [
              121.1902832,
              24.9667526
            ],
            [
              121.1902861,
              24.966651
            ],
            [
              121.1902491,
              24.9666539
            ],
            [
              121.1902499,
              24.9666315
            ],
            [
              121.1902195,
              24.9666321
            ],
            [
              121.1902176,
              24.9667292
            ],
            [
              121.1902492,
              24.9667301
            ],
            [
              121.1902478,
              24.9667691
            ],
            [
              121.1902834,
              24.9667701
            ]
          ]
        ]
      },
      "properties": {
        "osm_id": 269122194,
        "name": "",
        "building_type": "yes",
        "operator": "",
        "levels": 3,
        "height": 10.5,
        "footprint_area_m2": 80.32,
        "mean_kw": 0.0,
        "annual_kwh": 0.0,
        "annual_mwh": 0.0,
        "peak_kw": 0.0,
        "eui": 0.0,
        "load_factor": 0.55,
        "archetype_label": "Office",
        "data_source": "synthetic_zero",
        "has_meter_data": false,
        "building_code": "",
        "meter_name": "",
        "b_floors": 3,
        "b_area": 240.95999999999998,
        "annual_kwh_raw": 0.0,
        "eui_kw_per_m2": 0.0,
        "data_year": 2025,
        "energy_tier": "LOW",
        "tier_color": [
          180,
          180,
          180,
          100
        ],
        "uid": "NCU_269122194"
      }
    },
    {
      "type": "Feature",
      "geometry": {
        "type": "Polygon",
        "coordinates": [
          [
            [
              121.1902176,
              24.9667292
            ],
            [
              121.1902195,
              24.9666321
            ],
            [
              121.1901471,
              24.9666309
            ],
            [
              121.1901456,
              24.9667119
            ],
            [
              121.190176,
              24.9667124
            ],
            [
              121.1901753,
              24.9667482
            ],
            [
              121.1902171,
              24.9667489
            ],
            [
              121.1902176,
              24.9667292
            ]
          ]
        ]
      },
      "properties": {
        "osm_id": 269122195,
        "name": "",
        "building_type": "yes",
        "operator": "",
        "levels": 3,
        "height": 10.5,
        "footprint_area_m2": 82.57,
        "mean_kw": 0.0,
        "annual_kwh": 0.0,
        "annual_mwh": 0.0,
        "peak_kw": 0.0,
        "eui": 0.0,
        "load_factor": 0.55,
        "archetype_label": "Office",
        "data_source": "synthetic_zero",
        "has_meter_data": false,
        "building_code": "",
        "meter_name": "",
        "b_floors": 3,
        "b_area": 247.70999999999998,
        "annual_kwh_raw": 0.0,
        "eui_kw_per_m2": 0.0,
        "data_year": 2025,
        "energy_tier": "LOW",
        "tier_color": [
          180,
          180,
          180,
          100
        ],
        "uid": "NCU_269122195"
      }
    },
    {
      "type": "Feature",
      "geometry": {
        "type": "Polygon",
        "coordinates": [
          [
            [
              121.1900104,
              24.9667469
            ],
            [
              121.1900126,
              24.966732
            ],
            [
              121.1900145,
              24.9666534
            ],
            [
              121.1900142,
              24.966634
            ],
            [
              121.1900761,
              24.9666358
            ],
            [
              121.1900735,
              24.9667123
            ],
            [
              121.1900454,
              24.9667115
            ],
            [
              121.1900442,
              24.9667478
            ],
            [
              121.1900104,
              24.9667469
            ]
          ]
        ]
      },
      "properties": {
        "osm_id": 269122196,
        "name": "",
        "building_type": "yes",
        "operator": "",
        "levels": 3,
        "height": 10.5,
        "footprint_area_m2": 65.53,
        "mean_kw": 0.0,
        "annual_kwh": 0.0,
        "annual_mwh": 0.0,
        "peak_kw": 0.0,
        "eui": 0.0,
        "load_factor": 0.55,
        "archetype_label": "Office",
        "data_source": "synthetic_zero",
        "has_meter_data": false,
        "building_code": "",
        "meter_name": "",
        "b_floors": 3,
        "b_area": 196.59,
        "annual_kwh_raw": 0.0,
        "eui_kw_per_m2": 0.0,
        "data_year": 2025,
        "energy_tier": "LOW",
        "tier_color": [
          180,
          180,
          180,
          100
        ],
        "uid": "NCU_269122196"
      }
    },
    {
      "type": "Feature",
      "geometry": {
        "type": "Polygon",
        "coordinates": [
          [
            [
              121.1899395,
              24.9667707
            ],
            [
              121.1899407,
              24.9667549
            ],
            [
              121.1899413,
              24.9666787
            ],
            [
              121.1899424,
              24.9666527
            ],
            [
              121.1900145,
              24.9666534
            ],
            [
              121.1900126,
              24.966732
            ],
            [
              121.1899764,
              24.9667312
            ],
            [
              121.1899754,
              24.9667712
            ],
            [
              121.1899395,
              24.9667707
            ]
          ]
        ]
      },
      "properties": {
        "osm_id": 269122197,
        "name": "",
        "building_type": "yes",
        "operator": "",
        "levels": 3,
        "height": 10.5,
        "footprint_area_m2": 79.24,
        "mean_kw": 0.0,
        "annual_kwh": 0.0,
        "annual_mwh": 0.0,
        "peak_kw": 0.0,
        "eui": 0.0,
        "load_factor": 0.55,
        "archetype_label": "Office",
        "data_source": "synthetic_zero",
        "has_meter_data": false,
        "building_code": "",
        "meter_name": "",
        "b_floors": 3,
        "b_area": 237.71999999999997,
        "annual_kwh_raw": 0.0,
        "eui_kw_per_m2": 0.0,
        "data_year": 2025,
        "energy_tier": "LOW",
        "tier_color": [
          180,
          180,
          180,
          100
        ],
        "uid": "NCU_269122197"
      }
    },
    {
      "type": "Feature",
      "geometry": {
        "type": "Polygon",
        "coordinates": [
          [
            [
              121.1898659,
              24.9667985
            ],
            [
              121.189867,
              24.9666761
            ],
            [
              121.1899413,
              24.9666787
            ],
            [
              121.1899407,
              24.9667549
            ],
            [
              121.1899053,
              24.9667544
            ],
            [
              121.189905,
              24.9667988
            ],
            [
              121.1898659,
              24.9667985
            ]
          ]
        ]
      },
      "properties": {
        "osm_id": 269122198,
        "name": "",
        "building_type": "yes",
        "operator": "",
        "levels": 3,
        "height": 10.5,
        "footprint_area_m2": 83.7,
        "mean_kw": 0.0,
        "annual_kwh": 0.0,
        "annual_mwh": 0.0,
        "peak_kw": 0.0,
        "eui": 0.0,
        "load_factor": 0.55,
        "archetype_label": "Office",
        "data_source": "synthetic_zero",
        "has_meter_data": false,
        "building_code": "",
        "meter_name": "",
        "b_floors": 3,
        "b_area": 251.10000000000002,
        "annual_kwh_raw": 0.0,
        "eui_kw_per_m2": 0.0,
        "data_year": 2025,
        "energy_tier": "LOW",
        "tier_color": [
          180,
          180,
          180,
          100
        ],
        "uid": "NCU_269122198"
      }
    },
    {
      "type": "Feature",
      "geometry": {
        "type": "Polygon",
        "coordinates": [
          [
            [
              121.1897382,
              24.9667539
            ],
            [
              121.1897405,
              24.9666765
            ],
            [
              121.1898182,
              24.9666784
            ],
            [
              121.1898148,
              24.9667938
            ],
            [
              121.1897783,
              24.9667929
            ],
            [
              121.1897794,
              24.9667549
            ],
            [
              121.1897382,
              24.9667539
            ]
          ]
        ]
      },
      "properties": {
        "osm_id": 269122199,
        "name": "",
        "building_type": "yes",
        "operator": "",
        "levels": 3,
        "height": 10.5,
        "footprint_area_m2": 83.07,
        "mean_kw": 0.0,
        "annual_kwh": 0.0,
        "annual_mwh": 0.0,
        "peak_kw": 0.0,
        "eui": 0.0,
        "load_factor": 0.55,
        "archetype_label": "Office",
        "data_source": "synthetic_zero",
        "has_meter_data": false,
        "building_code": "",
        "meter_name": "",
        "b_floors": 3,
        "b_area": 249.20999999999998,
        "annual_kwh_raw": 0.0,
        "eui_kw_per_m2": 0.0,
        "data_year": 2025,
        "energy_tier": "LOW",
        "tier_color": [
          180,
          180,
          180,
          100
        ],
        "uid": "NCU_269122199"
      }
    },
    {
      "type": "Feature",
      "geometry": {
        "type": "Polygon",
        "coordinates": [
          [
            [
              121.1897384,
              24.9667687
            ],
            [
              121.1897093,
              24.966768
            ],
            [
              121.1897102,
              24.9667326
            ],
            [
              121.1896715,
              24.9667317
            ],
            [
              121.1896741,
              24.966637
            ],
            [
              121.189742,
              24.9666385
            ],
            [
              121.1897384,
              24.9667687
            ]
          ]
        ]
      },
      "properties": {
        "osm_id": 269122200,
        "name": "",
        "building_type": "yes",
        "operator": "",
        "levels": 3,
        "height": 10.5,
        "footprint_area_m2": 83.76,
        "mean_kw": 0.0,
        "annual_kwh": 0.0,
        "annual_mwh": 0.0,
        "peak_kw": 0.0,
        "eui": 0.0,
        "load_factor": 0.55,
        "archetype_label": "Office",
        "data_source": "synthetic_zero",
        "has_meter_data": false,
        "building_code": "",
        "meter_name": "",
        "b_floors": 3,
        "b_area": 251.28000000000003,
        "annual_kwh_raw": 0.0,
        "eui_kw_per_m2": 0.0,
        "data_year": 2025,
        "energy_tier": "LOW",
        "tier_color": [
          180,
          180,
          180,
          100
        ],
        "uid": "NCU_269122200"
      }
    },
    {
      "type": "Feature",
      "geometry": {
        "type": "Polygon",
        "coordinates": [
          [
            [
              121.1896404,
              24.9667425
            ],
            [
              121.189641,
              24.9667077
            ],
            [
              121.189602,
              24.9667071
            ],
            [
              121.1896034,
              24.9666334
            ],
            [
              121.1896732,
              24.9666345
            ],
            [
              121.1896711,
              24.966743
            ],
            [
              121.1896404,
              24.9667425
            ]
          ]
        ]
      },
      "properties": {
        "osm_id": 269122201,
        "name": "",
        "building_type": "yes",
        "operator": "",
        "levels": 3,
        "height": 10.5,
        "footprint_area_m2": 69.7,
        "mean_kw": 0.0,
        "annual_kwh": 0.0,
        "annual_mwh": 0.0,
        "peak_kw": 0.0,
        "eui": 0.0,
        "load_factor": 0.55,
        "archetype_label": "Office",
        "data_source": "synthetic_zero",
        "has_meter_data": false,
        "building_code": "",
        "meter_name": "",
        "b_floors": 3,
        "b_area": 209.10000000000002,
        "annual_kwh_raw": 0.0,
        "eui_kw_per_m2": 0.0,
        "data_year": 2025,
        "energy_tier": "LOW",
        "tier_color": [
          180,
          180,
          180,
          100
        ],
        "uid": "NCU_269122201"
      }
    },
    {
      "type": "Feature",
      "geometry": {
        "type": "Polygon",
        "coordinates": [
          [
            [
              121.1890144,
              24.9667198
            ],
            [
              121.1890161,
              24.9666244
            ],
            [
              121.1892895,
              24.9666252
            ],
            [
              121.1892869,
              24.9667222
            ],
            [
              121.1890144,
              24.9667198
            ]
          ]
        ]
      },
      "properties": {
        "osm_id": 269122202,
        "name": "",
        "building_type": "yes",
        "operator": "",
        "levels": 3,
        "height": 10.5,
        "footprint_area_m2": 294.52,
        "mean_kw": 0.0,
        "annual_kwh": 0.0,
        "annual_mwh": 0.0,
        "peak_kw": 0.0,
        "eui": 0.0,
        "load_factor": 0.55,
        "archetype_label": "Office",
        "data_source": "synthetic_zero",
        "has_meter_data": false,
        "building_code": "",
        "meter_name": "",
        "b_floors": 3,
        "b_area": 883.56,
        "annual_kwh_raw": 0.0,
        "eui_kw_per_m2": 0.0,
        "data_year": 2025,
        "energy_tier": "LOW",
        "tier_color": [
          180,
          180,
          180,
          100
        ],
        "uid": "NCU_269122202"
      }
    },
    {
      "type": "Feature",
      "geometry": {
        "type": "Polygon",
        "coordinates": [
          [
            [
              121.1893407,
              24.9667906
            ],
            [
              121.1893404,
              24.966678
            ],
            [
              121.1894122,
              24.9666779
            ],
            [
              121.1894124,
              24.96676
            ],
            [
              121.1893729,
              24.9667601
            ],
            [
              121.189373,
              24.9667905
            ],
            [
              121.1893407,
              24.9667906
            ]
          ]
        ]
      },
      "properties": {
        "osm_id": 269122203,
        "name": "",
        "building_type": "yes",
        "operator": "",
        "levels": 3,
        "height": 10.5,
        "footprint_area_m2": 77.15,
        "mean_kw": 0.0,
        "annual_kwh": 0.0,
        "annual_mwh": 0.0,
        "peak_kw": 0.0,
        "eui": 0.0,
        "load_factor": 0.55,
        "archetype_label": "Office",
        "data_source": "synthetic_zero",
        "has_meter_data": false,
        "building_code": "",
        "meter_name": "",
        "b_floors": 3,
        "b_area": 231.45000000000002,
        "annual_kwh_raw": 0.0,
        "eui_kw_per_m2": 0.0,
        "data_year": 2025,
        "energy_tier": "LOW",
        "tier_color": [
          180,
          180,
          180,
          100
        ],
        "uid": "NCU_269122203"
      }
    },
    {
      "type": "Feature",
      "geometry": {
        "type": "Polygon",
        "coordinates": [
          [
            [
              121.1894132,
              24.9667638
            ],
            [
              121.189413,
              24.9666626
            ],
            [
              121.1894788,
              24.9666624
            ],
            [
              121.189479,
              24.9667335
            ],
            [
              121.1894436,
              24.9667336
            ],
            [
              121.1894437,
              24.9667637
            ],
            [
              121.1894132,
              24.9667638
            ]
          ]
        ]
      },
      "properties": {
        "osm_id": 269122204,
        "name": "",
        "building_type": "yes",
        "operator": "",
        "levels": 3,
        "height": 10.5,
        "footprint_area_m2": 62.78,
        "mean_kw": 0.0,
        "annual_kwh": 0.0,
        "annual_mwh": 0.0,
        "peak_kw": 0.0,
        "eui": 0.0,
        "load_factor": 0.55,
        "archetype_label": "Office",
        "data_source": "synthetic_zero",
        "has_meter_data": false,
        "building_code": "",
        "meter_name": "",
        "b_floors": 3,
        "b_area": 188.34,
        "annual_kwh_raw": 0.0,
        "eui_kw_per_m2": 0.0,
        "data_year": 2025,
        "energy_tier": "LOW",
        "tier_color": [
          180,
          180,
          180,
          100
        ],
        "uid": "NCU_269122204"
      }
    },
    {
      "type": "Feature",
      "geometry": {
        "type": "Polygon",
        "coordinates": [
          [
            [
              121.1894791,
              24.9667431
            ],
            [
              121.1894789,
              24.9666315
            ],
            [
              121.1895485,
              24.9666314
            ],
            [
              121.1895487,
              24.9667087
            ],
            [
              121.1895048,
              24.9667088
            ],
            [
              121.1895049,
              24.9667431
            ],
            [
              121.1894791,
              24.9667431
            ]
          ]
        ]
      },
      "properties": {
        "osm_id": 269122205,
        "name": "",
        "building_type": "yes",
        "operator": "",
        "levels": 3,
        "height": 10.5,
        "footprint_area_m2": 70.3,
        "mean_kw": 0.0,
        "annual_kwh": 0.0,
        "annual_mwh": 0.0,
        "peak_kw": 0.0,
        "eui": 0.0,
        "load_factor": 0.55,
        "archetype_label": "Office",
        "data_source": "synthetic_zero",
        "has_meter_data": false,
        "building_code": "",
        "meter_name": "",
        "b_floors": 3,
        "b_area": 210.89999999999998,
        "annual_kwh_raw": 0.0,
        "eui_kw_per_m2": 0.0,
        "data_year": 2025,
        "energy_tier": "LOW",
        "tier_color": [
          180,
          180,
          180,
          100
        ],
        "uid": "NCU_269122205"
      }
    },
    {
      "type": "Feature",
      "geometry": {
        "type": "Polygon",
        "coordinates": [
          [
            [
              121.1908126,
              24.9661246
            ],
            [
              121.1908132,
              24.966063
            ],
            [
              121.1910644,
              24.9660648
            ],
            [
              121.1910638,
              24.9661265
            ],
            [
              121.1908126,
              24.9661246
            ]
          ]
        ]
      },
      "properties": {
        "osm_id": 269122545,
        "name": "單一舍",
        "building_type": "dormitory",
        "operator": "",
        "levels": 1,
        "height": 0.45,
        "footprint_area_m2": 173.7,
        "mean_kw": 3.9,
        "annual_kwh": 34391.0,
        "annual_mwh": 34.4,
        "peak_kw": 6.3,
        "eui": 198.0,
        "load_factor": 0.62,
        "archetype_label": "Office",
        "data_source": "ncu_114_real",
        "has_meter_data": true,
        "building_code": "",
        "meter_name": "單一舍",
        "b_floors": 1,
        "b_area": 173.7,
        "annual_kwh_raw": 25793.0,
        "annual_mwh_raw": 25.8,
        "mean_kw_raw": 3.9,
        "eui_raw": 198.0,
        "eui_kw_per_m2": 0.0226,
        "data_year": 2025,
        "energy_tier": "LOW",
        "tier_color": [
          26,
          152,
          80,
          220
        ],
        "coverage_ratio": 0.75,
        "uid": "NCU_269122545"
      }
    },
    {
      "type": "Feature",
      "geometry": {
        "type": "Polygon",
        "coordinates": [
          [
            [
              121.1910246,
              24.9665521
            ],
            [
              121.1908258,
              24.9665546
            ],
            [
              121.1908273,
              24.9666557
            ],
            [
              121.1908278,
              24.9666892
            ],
            [
              121.1907142,
              24.96669
            ],
            [
              121.1907137,
              24.9666593
            ],
            [
              121.1907131,
              24.9666215
            ],
            [
              121.1905939,
              24.966623
            ],
            [
              121.1905931,
              24.9665711
            ],
            [
              121.1906309,
              24.9665706
            ],
            [
              121.1906353,
              24.9665521
            ],
            [
              121.1905982,
              24.9665521
            ],
            [
              121.1905858,
              24.9665449
            ],
            [
              121.1905562,
              24.9665453
            ],
            [
              121.1905564,
              24.9665575
            ],
            [
              121.1905181,
              24.9665581
            ],
            [
              121.1905178,
              24.9665428
            ],
            [
              121.1904775,
              24.9665434
            ],
            [
              121.1904768,
              24.9665017
            ],
            [
              121.1904452,
              24.9665021
            ],
            [
              121.1904444,
              24.9664535
            ],
            [
              121.1906295,
              24.9664508
            ],
            [
              121.1906298,
              24.9664698
            ],
            [
              121.1907524,
              24.9664681
            ],
            [
              121.1907518,
              24.9664347
            ],
            [
              121.1908189,
              24.9664338
            ],
            [
              121.1908185,
              24.9664093
            ],
            [
              121.1910223,
              24.9664066
            ],
            [
              121.1910246,
              24.9665521
            ]
          ]
        ]
      },
      "properties": {
        "osm_id": 269122546,
        "name": "單二舍",
        "building_type": "dormitory",
        "operator": "",
        "levels": 1,
        "height": 5.11,
        "footprint_area_m2": 981.23,
        "mean_kw": 22.2,
        "annual_kwh": 194602.0,
        "annual_mwh": 194.6,
        "peak_kw": 35.5,
        "eui": 198.3,
        "load_factor": 0.62,
        "archetype_label": "Office",
        "data_source": "ncu_114_real",
        "has_meter_data": true,
        "building_code": "",
        "meter_name": "單二舍",
        "b_floors": 1,
        "b_area": 981.23,
        "annual_kwh_raw": 194602.0,
        "annual_mwh_raw": 194.6,
        "mean_kw_raw": 22.2,
        "eui_raw": 198.3,
        "eui_kw_per_m2": 0.0226,
        "data_year": 2025,
        "energy_tier": "LOW",
        "tier_color": [
          26,
          152,
          80,
          220
        ],
        "coverage_ratio": 1.0,
        "uid": "NCU_269122546"
      }
    },
    {
      "type": "Feature",
      "geometry": {
        "type": "Polygon",
        "coordinates": [
          [
            [
              121.1910585,
              24.966742
            ],
            [
              121.1910592,
              24.966825
            ],
            [
              121.1909645,
              24.9668256
            ],
            [
              121.1909646,
              24.9668377
            ],
            [
              121.1909251,
              24.966838
            ],
            [
              121.190925,
              24.9668229
            ],
            [
              121.1908822,
              24.9668232
            ],
            [
              121.190882,
              24.9668041
            ],
            [
              121.1908085,
              24.9668046
            ],
            [
              121.1908086,
              24.9668192
            ],
            [
              121.1906458,
              24.9668203
            ],
            [
              121.1906456,
              24.9668005
            ],
            [
              121.1906224,
              24.9668006
            ],
            [
              121.1906222,
              24.9667719
            ],
            [
              121.1905695,
              24.9667723
            ],
            [
              121.1905691,
              24.966732
            ],
            [
              121.1905955,
              24.9667319
            ],
            [
              121.1905953,
              24.966708
            ],
            [
              121.1905711,
              24.9667082
            ],
            [
              121.1905709,
              24.966691
            ],
            [
              121.1907142,
              24.96669
            ],
            [
              121.1908278,
              24.9666892
            ],
            [
              121.1908407,
              24.9666891
            ],
            [
              121.1908408,
              24.9666997
            ],
            [
              121.1908798,
              24.9666994
            ],
            [
              121.1908802,
              24.9667433
            ],
            [
              121.1910585,
              24.966742
            ]
          ]
        ]
      },
      "properties": {
        "osm_id": 269122547,
        "name": "松果館(育成中心)",
        "building_type": "dormitory",
        "operator": "",
        "levels": 1,
        "height": 5.11,
        "footprint_area_m2": 564.48,
        "mean_kw": 0.0,
        "annual_kwh": 0.0,
        "annual_mwh": 0.0,
        "peak_kw": 0.0,
        "eui": 0.0,
        "load_factor": 0.55,
        "archetype_label": "Office",
        "data_source": "synthetic_zero",
        "has_meter_data": false,
        "building_code": "",
        "meter_name": "",
        "b_floors": 1,
        "b_area": 564.48,
        "annual_kwh_raw": 0.0,
        "eui_kw_per_m2": 0.0,
        "data_year": 2025,
        "energy_tier": "LOW",
        "tier_color": [
          180,
          180,
          180,
          100
        ],
        "uid": "NCU_269122547"
      }
    },
    {
      "type": "Feature",
      "geometry": {
        "type": "Polygon",
        "coordinates": [
          [
            [
              121.1905791,
              24.9668353
            ],
            [
              121.1904892,
              24.9668353
            ],
            [
              121.1904892,
              24.9668134
            ],
            [
              121.190449,
              24.9668134
            ],
            [
              121.1904557,
              24.9666748
            ],
            [
              121.1905066,
              24.9666773
            ],
            [
              121.1905144,
              24.9667386
            ],
            [
              121.190564,
              24.9667394
            ],
            [
              121.1905791,
              24.9668353
            ]
          ]
        ]
      },
      "properties": {
        "osm_id": 269122548,
        "name": "單四舍",
        "building_type": "dormitory",
        "operator": "",
        "levels": 1,
        "height": 1.56,
        "footprint_area_m2": 160.71,
        "mean_kw": 3.1,
        "annual_kwh": 27338.0,
        "annual_mwh": 27.3,
        "peak_kw": 5.0,
        "eui": 170.1,
        "load_factor": 0.62,
        "archetype_label": "Office",
        "data_source": "ncu_114_real",
        "has_meter_data": true,
        "building_code": "",
        "meter_name": "單四舍",
        "b_floors": 1,
        "b_area": 160.71,
        "annual_kwh_raw": 27338.0,
        "annual_mwh_raw": 27.3,
        "mean_kw_raw": 3.1,
        "eui_raw": 170.1,
        "eui_kw_per_m2": 0.0194,
        "data_year": 2025,
        "energy_tier": "LOW",
        "tier_color": [
          26,
          152,
          80,
          220
        ],
        "coverage_ratio": 1.0,
        "uid": "NCU_269122548"
      }
    },
    {
      "type": "Feature",
      "geometry": {
        "type": "Polygon",
        "coordinates": [
          [
            [
              121.1902469,
              24.9665389
            ],
            [
              121.1902499,
              24.9664393
            ],
            [
              121.1902649,
              24.9664361
            ],
            [
              121.1902643,
              24.9664566
            ],
            [
              121.1903119,
              24.9664578
            ],
            [
              121.1903132,
              24.9664156
            ],
            [
              121.1903587,
              24.9664167
            ],
            [
              121.1903576,
              24.9664546
            ],
            [
              121.1903921,
              24.9664554
            ],
            [
              121.1903906,
              24.9665083
            ],
            [
              121.1903643,
              24.9665077
            ],
            [
              121.1903633,
              24.9665417
            ],
            [
              121.1902469,
              24.9665389
            ]
          ]
        ]
      },
      "properties": {
        "osm_id": 269122549,
        "name": "",
        "building_type": "yes",
        "operator": "",
        "levels": 3,
        "height": 10.5,
        "footprint_area_m2": 148.6,
        "mean_kw": 0.0,
        "annual_kwh": 0.0,
        "annual_mwh": 0.0,
        "peak_kw": 0.0,
        "eui": 0.0,
        "load_factor": 0.55,
        "archetype_label": "Office",
        "data_source": "synthetic_zero",
        "has_meter_data": false,
        "building_code": "",
        "meter_name": "",
        "b_floors": 3,
        "b_area": 445.79999999999995,
        "annual_kwh_raw": 0.0,
        "eui_kw_per_m2": 0.0,
        "data_year": 2025,
        "energy_tier": "LOW",
        "tier_color": [
          180,
          180,
          180,
          100
        ],
        "uid": "NCU_269122549"
      }
    },
    {
      "type": "Feature",
      "geometry": {
        "type": "Polygon",
        "coordinates": [
          [
            [
              121.1902484,
              24.966539
            ],
            [
              121.1902465,
              24.9664561
            ],
            [
              121.1901284,
              24.9664582
            ],
            [
              121.1901296,
              24.9665114
            ],
            [
              121.1901622,
              24.9665108
            ],
            [
              121.1901629,
              24.9665406
            ],
            [
              121.1902484,
              24.966539
            ]
          ]
        ]
      },
      "properties": {
        "osm_id": 269122550,
        "name": "",
        "building_type": "yes",
        "operator": "",
        "levels": 3,
        "height": 10.5,
        "footprint_area_m2": 99.03,
        "mean_kw": 0.0,
        "annual_kwh": 0.0,
        "annual_mwh": 0.0,
        "peak_kw": 0.0,
        "eui": 0.0,
        "load_factor": 0.55,
        "archetype_label": "Office",
        "data_source": "synthetic_zero",
        "has_meter_data": false,
        "building_code": "",
        "meter_name": "",
        "b_floors": 3,
        "b_area": 297.09000000000003,
        "annual_kwh_raw": 0.0,
        "eui_kw_per_m2": 0.0,
        "data_year": 2025,
        "energy_tier": "LOW",
        "tier_color": [
          180,
          180,
          180,
          100
        ],
        "uid": "NCU_269122550"
      }
    },
    {
      "type": "Feature",
      "geometry": {
        "type": "Polygon",
        "coordinates": [
          [
            [
              121.1898222,
              24.9664374
            ],
            [
              121.1900798,
              24.9664409
            ],
            [
              121.1900786,
              24.9665109
            ],
            [
              121.1898211,
              24.9665075
            ],
            [
              121.1898222,
              24.9664374
            ]
          ]
        ]
      },
      "properties": {
        "osm_id": 269122551,
        "name": "",
        "building_type": "yes",
        "operator": "",
        "levels": 3,
        "height": 10.5,
        "footprint_area_m2": 202.38,
        "mean_kw": 0.0,
        "annual_kwh": 0.0,
        "annual_mwh": 0.0,
        "peak_kw": 0.0,
        "eui": 0.0,
        "load_factor": 0.55,
        "archetype_label": "Office",
        "data_source": "synthetic_zero",
        "has_meter_data": false,
        "building_code": "",
        "meter_name": "",
        "b_floors": 3,
        "b_area": 607.14,
        "annual_kwh_raw": 0.0,
        "eui_kw_per_m2": 0.0,
        "data_year": 2025,
        "energy_tier": "LOW",
        "tier_color": [
          180,
          180,
          180,
          100
        ],
        "uid": "NCU_269122551"
      }
    },
    {
      "type": "Feature",
      "geometry": {
        "type": "Polygon",
        "coordinates": [
          [
            [
              121.1890043,
              24.9670244
            ],
            [
              121.1890057,
              24.9668752
            ],
            [
              121.1890447,
              24.9668755
            ],
            [
              121.1890443,
              24.9669128
            ],
            [
              121.1890759,
              24.9669131
            ],
            [
              121.1890748,
              24.967025
            ],
            [
              121.1890043,
              24.9670244
            ]
          ]
        ]
      },
      "properties": {
        "osm_id": 269122609,
        "name": "",
        "building_type": "yes",
        "operator": "",
        "levels": 3,
        "height": 10.5,
        "footprint_area_m2": 104.83,
        "mean_kw": 0.0,
        "annual_kwh": 0.0,
        "annual_mwh": 0.0,
        "peak_kw": 0.0,
        "eui": 0.0,
        "load_factor": 0.55,
        "archetype_label": "Office",
        "data_source": "synthetic_zero",
        "has_meter_data": false,
        "building_code": "",
        "meter_name": "",
        "b_floors": 3,
        "b_area": 314.49,
        "annual_kwh_raw": 0.0,
        "eui_kw_per_m2": 0.0,
        "data_year": 2025,
        "energy_tier": "LOW",
        "tier_color": [
          180,
          180,
          180,
          100
        ],
        "uid": "NCU_269122609"
      }
    },
    {
      "type": "Feature",
      "geometry": {
        "type": "Polygon",
        "coordinates": [
          [
            [
              121.1890754,
              24.9670457
            ],
            [
              121.1890766,
              24.9668886
            ],
            [
              121.1891129,
              24.9668889
            ],
            [
              121.1891126,
              24.9669273
            ],
            [
              121.1891448,
              24.9669275
            ],
            [
              121.1891439,
              24.9670462
            ],
            [
              121.1890754,
              24.9670457
            ]
          ]
        ]
      },
      "properties": {
        "osm_id": 269122610,
        "name": "",
        "building_type": "yes",
        "operator": "",
        "levels": 3,
        "height": 10.5,
        "footprint_area_m2": 106.81,
        "mean_kw": 0.0,
        "annual_kwh": 0.0,
        "annual_mwh": 0.0,
        "peak_kw": 0.0,
        "eui": 0.0,
        "load_factor": 0.55,
        "archetype_label": "Office",
        "data_source": "synthetic_zero",
        "has_meter_data": false,
        "building_code": "",
        "meter_name": "",
        "b_floors": 3,
        "b_area": 320.43,
        "annual_kwh_raw": 0.0,
        "eui_kw_per_m2": 0.0,
        "data_year": 2025,
        "energy_tier": "LOW",
        "tier_color": [
          180,
          180,
          180,
          100
        ],
        "uid": "NCU_269122610"
      }
    },
    {
      "type": "Feature",
      "geometry": {
        "type": "Polygon",
        "coordinates": [
          [
            [
              121.1891463,
              24.9668916
            ],
            [
              121.1891795,
              24.9668921
            ],
            [
              121.1891786,
              24.9669507
            ],
            [
              121.1892196,
              24.9669512
            ],
            [
              121.1892177,
              24.9670706
            ],
            [
              121.1891435,
              24.9670697
            ],
            [
              121.1891463,
              24.9668916
            ]
          ]
        ]
      },
      "properties": {
        "osm_id": 269122611,
        "name": "",
        "building_type": "yes",
        "operator": "",
        "levels": 3,
        "height": 10.5,
        "footprint_area_m2": 121.25,
        "mean_kw": 0.0,
        "annual_kwh": 0.0,
        "annual_mwh": 0.0,
        "peak_kw": 0.0,
        "eui": 0.0,
        "load_factor": 0.55,
        "archetype_label": "Office",
        "data_source": "synthetic_zero",
        "has_meter_data": false,
        "building_code": "",
        "meter_name": "",
        "b_floors": 3,
        "b_area": 363.75,
        "annual_kwh_raw": 0.0,
        "eui_kw_per_m2": 0.0,
        "data_year": 2025,
        "energy_tier": "LOW",
        "tier_color": [
          180,
          180,
          180,
          100
        ],
        "uid": "NCU_269122611"
      }
    },
    {
      "type": "Feature",
      "geometry": {
        "type": "Polygon",
        "coordinates": [
          [
            [
              121.1948742,
              24.9685867
            ],
            [
              121.1951907,
              24.9685769
            ],
            [
              121.1951907,
              24.9684335
            ],
            [
              121.1951612,
              24.9684335
            ],
            [
              121.1951579,
              24.968353
            ],
            [
              121.1952336,
              24.9683508
            ],
            [
              121.1952326,
              24.9682217
            ],
            [
              121.1951558,
              24.9682219
            ],
            [
              121.1951505,
              24.9680785
            ],
            [
              121.1951777,
              24.9680788
            ],
            [
              121.1951777,
              24.9679688
            ],
            [
              121.194873,
              24.9679772
            ],
            [
              121.1948769,
              24.9681295
            ],
            [
              121.1949547,
              24.9681271
            ],
            [
              121.1949547,
              24.9680906
            ],
            [
              121.1949944,
              24.9680905
            ],
            [
              121.1949956,
              24.9684969
            ],
            [
              121.1949547,
              24.9684967
            ],
            [
              121.1949547,
              24.968444
            ],
            [
              121.1948765,
              24.9684461
            ],
            [
              121.1948742,
              24.9685867
            ]
          ]
        ]
      },
      "properties": {
        "osm_id": 270806669,
        "name": "行政大樓",
        "building_type": "university",
        "operator": "",
        "levels": 1,
        "height": 5.22,
        "footprint_area_m2": 1646.03,
        "mean_kw": 45.6,
        "annual_kwh": 399120.0,
        "annual_mwh": 399.1,
        "peak_kw": 72.9,
        "eui": 242.5,
        "load_factor": 0.62,
        "archetype_label": "Office",
        "data_source": "ncu_114_real",
        "has_meter_data": true,
        "building_code": "",
        "meter_name": "行政大樓",
        "b_floors": 1,
        "b_area": 1646.03,
        "annual_kwh_raw": 199560.0,
        "annual_mwh_raw": 199.6,
        "mean_kw_raw": 45.6,
        "eui_raw": 242.5,
        "eui_kw_per_m2": 0.0277,
        "data_year": 2025,
        "energy_tier": "NORMAL",
        "tier_color": [
          240,
          196,
          25,
          220
        ],
        "coverage_ratio": 0.5,
        "uid": "NCU_270806669"
      }
    },
    {
      "type": "Feature",
      "geometry": {
        "type": "Polygon",
        "coordinates": [
          [
            [
              121.1959885,
              24.9703232
            ],
            [
              121.1959915,
              24.9698596
            ],
            [
              121.1958344,
              24.9698623
            ],
            [
              121.1958427,
              24.9703224
            ],
            [
              121.1959885,
              24.9703232
            ]
          ]
        ]
      },
      "properties": {
        "osm_id": 270806670,
        "name": "車庫",
        "building_type": "garage",
        "operator": "",
        "levels": 1,
        "height": 2.23,
        "footprint_area_m2": 784.47,
        "mean_kw": 0.0,
        "annual_kwh": 0.0,
        "annual_mwh": 0.0,
        "peak_kw": 0.0,
        "eui": 0.0,
        "load_factor": 0,
        "archetype_label": "Office",
        "data_source": "ncu_114_real",
        "has_meter_data": true,
        "building_code": "",
        "meter_name": "車庫",
        "b_floors": 1,
        "b_area": 784.47,
        "annual_kwh_raw": 0.0,
        "annual_mwh_raw": 0.0,
        "mean_kw_raw": 0.0,
        "eui_raw": 0.0,
        "eui_kw_per_m2": 0.0,
        "data_year": 2025,
        "energy_tier": "LOW",
        "tier_color": [
          26,
          152,
          80,
          220
        ],
        "coverage_ratio": 0.75,
        "uid": "NCU_270806670"
      }
    },
    {
      "type": "Feature",
      "geometry": {
        "type": "Polygon",
        "coordinates": [
          [
            [
              121.1961005,
              24.9701822
            ],
            [
              121.1963007,
              24.9701777
            ],
            [
              121.1962909,
              24.9698161
            ],
            [
              121.1961265,
              24.9698197
            ],
            [
              121.1961349,
              24.9701273
            ],
            [
              121.196099,
              24.9701281
            ],
            [
              121.1961005,
              24.9701822
            ]
          ]
        ]
      },
      "properties": {
        "osm_id": 270806671,
        "name": "資源回收及垃圾處理場",
        "building_type": "yes",
        "operator": "",
        "levels": 1,
        "height": 3.1,
        "footprint_area_m2": 688.81,
        "mean_kw": 0.0,
        "annual_kwh": 0.0,
        "annual_mwh": 0.0,
        "peak_kw": 0.0,
        "eui": 0.0,
        "load_factor": 0.55,
        "archetype_label": "Office",
        "data_source": "synthetic_zero",
        "has_meter_data": false,
        "building_code": "",
        "meter_name": "",
        "b_floors": 1,
        "b_area": 688.81,
        "annual_kwh_raw": 0.0,
        "eui_kw_per_m2": 0.0,
        "data_year": 2025,
        "energy_tier": "LOW",
        "tier_color": [
          180,
          180,
          180,
          100
        ],
        "uid": "NCU_270806671"
      }
    },
    {
      "type": "Feature",
      "geometry": {
        "type": "Polygon",
        "coordinates": [
          [
            [
              121.1956987,
              24.9694481
            ],
            [
              121.1956987,
              24.9693406
            ],
            [
              121.1958897,
              24.9693406
            ],
            [
              121.1958882,
              24.9694495
            ],
            [
              121.1956987,
              24.9694481
            ]
          ]
        ]
      },
      "properties": {
        "osm_id": 270954441,
        "name": "校長宿舍",
        "building_type": "dormitory",
        "operator": "",
        "levels": 1,
        "height": 0.37,
        "footprint_area_m2": 230.87,
        "mean_kw": 0.0,
        "annual_kwh": 0.0,
        "annual_mwh": 0.0,
        "peak_kw": 0.0,
        "eui": 0.0,
        "load_factor": 0.55,
        "archetype_label": "Office",
        "data_source": "synthetic_zero",
        "has_meter_data": false,
        "building_code": "",
        "meter_name": "",
        "b_floors": 1,
        "b_area": 230.87,
        "annual_kwh_raw": 0.0,
        "eui_kw_per_m2": 0.0,
        "data_year": 2025,
        "energy_tier": "LOW",
        "tier_color": [
          180,
          180,
          180,
          100
        ],
        "uid": "NCU_270954441"
      }
    },
    {
      "type": "Feature",
      "geometry": {
        "type": "Polygon",
        "coordinates": [
          [
            [
              121.190737,
              24.9672212
            ],
            [
              121.1908073,
              24.9672206
            ],
            [
              121.190806,
              24.9670918
            ],
            [
              121.1907357,
              24.9670924
            ],
            [
              121.190737,
              24.9672212
            ]
          ]
        ]
      },
      "properties": {
        "osm_id": 566172504,
        "name": "打啵",
        "building_type": "yes",
        "operator": "",
        "levels": 2,
        "height": 7.42,
        "footprint_area_m2": 101.56,
        "mean_kw": 0.0,
        "annual_kwh": 0.0,
        "annual_mwh": 0.0,
        "peak_kw": 0.0,
        "eui": 0.0,
        "load_factor": 0.55,
        "archetype_label": "Office",
        "data_source": "synthetic_zero",
        "has_meter_data": false,
        "building_code": "",
        "meter_name": "",
        "b_floors": 2,
        "b_area": 203.12,
        "annual_kwh_raw": 0.0,
        "eui_kw_per_m2": 0.0,
        "data_year": 2025,
        "energy_tier": "LOW",
        "tier_color": [
          180,
          180,
          180,
          100
        ],
        "uid": "NCU_566172504"
      }
    },
    {
      "type": "Feature",
      "geometry": {
        "type": "Polygon",
        "coordinates": [
          [
            [
              121.1918079,
              24.9660889
            ],
            [
              121.1918119,
              24.9659396
            ],
            [
              121.1921148,
              24.9659322
            ],
            [
              121.1921107,
              24.9660907
            ],
            [
              121.1918079,
              24.9660889
            ]
          ]
        ]
      },
      "properties": {
        "osm_id": 678329043,
        "name": "中大幼稚園",
        "building_type": "kindergarten",
        "operator": "",
        "levels": 1,
        "height": 1.72,
        "footprint_area_m2": 522.6,
        "mean_kw": 0.0,
        "annual_kwh": 0.0,
        "annual_mwh": 0.0,
        "peak_kw": 0.0,
        "eui": 0.0,
        "load_factor": 0.55,
        "archetype_label": "Office",
        "data_source": "synthetic_zero",
        "has_meter_data": false,
        "building_code": "",
        "meter_name": "",
        "b_floors": 1,
        "b_area": 522.6,
        "annual_kwh_raw": 0.0,
        "eui_kw_per_m2": 0.0,
        "data_year": 2025,
        "energy_tier": "LOW",
        "tier_color": [
          180,
          180,
          180,
          100
        ],
        "uid": "NCU_678329043"
      }
    },
    {
      "type": "Feature",
      "geometry": {
        "type": "Polygon",
        "coordinates": [
          [
            [
              121.1918288,
              24.9680639
            ],
            [
              121.1914806,
              24.9680646
            ],
            [
              121.191486,
              24.9685951
            ],
            [
              121.1918336,
              24.9685922
            ],
            [
              121.1918328,
              24.9685135
            ],
            [
              121.1918682,
              24.9685188
            ],
            [
              121.1919063,
              24.968512
            ],
            [
              121.191925,
              24.9684974
            ],
            [
              121.1919352,
              24.9684721
            ],
            [
              121.1919358,
              24.9684444
            ],
            [
              121.1919256,
              24.9684157
            ],
            [
              121.1919057,
              24.9683973
            ],
            [
              121.1918639,
              24.9683856
            ],
            [
              121.1918306,
              24.9683856
            ],
            [
              121.1918288,
              24.9680639
            ]
          ]
        ]
      },
      "properties": {
        "osm_id": 996613836,
        "name": "教學研究綜合大樓",
        "building_type": "university",
        "operator": "",
        "levels": 2,
        "height": 7.72,
        "footprint_area_m2": 2195.92,
        "mean_kw": 69.5,
        "annual_kwh": 608548.0,
        "annual_mwh": 608.5,
        "peak_kw": 111.2,
        "eui": 138.6,
        "load_factor": 0.62,
        "archetype_label": "Office",
        "data_source": "ncu_114_real",
        "has_meter_data": true,
        "building_code": "",
        "meter_name": "教學研究綜合大樓",
        "b_floors": 2,
        "b_area": 4391.84,
        "annual_kwh_raw": 304274.0,
        "annual_mwh_raw": 304.3,
        "mean_kw_raw": 69.5,
        "eui_raw": 138.6,
        "eui_kw_per_m2": 0.0158,
        "data_year": 2025,
        "energy_tier": "NORMAL",
        "tier_color": [
          240,
          196,
          25,
          220
        ],
        "coverage_ratio": 0.5,
        "uid": "NCU_996613836"
      }
    },
    {
      "type": "Feature",
      "geometry": {
        "type": "Polygon",
        "coordinates": [
          [
            [
              121.1920935,
              24.9681332
            ],
            [
              121.1921428,
              24.9680982
            ],
            [
              121.1921922,
              24.9680788
            ],
            [
              121.1922598,
              24.9680671
            ],
            [
              121.1923284,
              24.968072
            ],
            [
              121.192381,
              24.9680875
            ],
            [
              121.192439,
              24.9681138
            ],
            [
              121.1924829,
              24.9681012
            ],
            [
              121.1925248,
              24.9680992
            ],
            [
              121.1925677,
              24.968105
            ],
            [
              121.1926074,
              24.9681284
            ],
            [
              121.1926364,
              24.9681566
            ],
            [
              121.1926643,
              24.9681897
            ],
            [
              121.1926814,
              24.9682383
            ],
            [
              121.1926855,
              24.9682743
            ],
            [
              121.192685,
              24.968311
            ],
            [
              121.1926742,
              24.968352
            ],
            [
              121.1926623,
              24.9683872
            ],
            [
              121.1926457,
              24.9684159
            ],
            [
              121.1926178,
              24.9684539
            ],
            [
              121.1925904,
              24.9684738
            ],
            [
              121.1925381,
              24.9684972
            ],
            [
              121.1924831,
              24.9685011
            ],
            [
              121.1924408,
              24.9684819
            ],
            [
              121.1924038,
              24.9685004
            ],
            [
              121.1923379,
              24.9685208
            ],
            [
              121.1922856,
              24.9685274
            ],
            [
              121.1922288,
              24.9685233
            ],
            [
              121.1921747,
              24.9685045
            ],
            [
              121.1921205,
              24.9684718
            ],
            [
              121.1920826,
              24.9684341
            ],
            [
              121.1920592,
              24.9683891
            ],
            [
              121.192042,
              24.9683376
            ],
            [
              121.1920384,
              24.9682853
            ],
            [
              121.1920455,
              24.9682325
            ],
            [
              121.1920615,
              24.968173
            ],
            [
              121.1920935,
              24.9681332
            ]
          ]
        ]
      },
      "properties": {
        "osm_id": 996613837,
        "name": "大禮堂",
        "building_type": "university",
        "operator": "",
        "levels": 2,
        "height": 7.72,
        "footprint_area_m2": 2684.57,
        "mean_kw": 0.0,
        "annual_kwh": 0.0,
        "annual_mwh": 0.0,
        "peak_kw": 0.0,
        "eui": 0.0,
        "load_factor": 0.55,
        "archetype_label": "Office",
        "data_source": "synthetic_zero",
        "has_meter_data": false,
        "building_code": "",
        "meter_name": "",
        "b_floors": 2,
        "b_area": 5369.14,
        "annual_kwh_raw": 0.0,
        "eui_kw_per_m2": 0.0,
        "data_year": 2025,
        "energy_tier": "LOW",
        "tier_color": [
          180,
          180,
          180,
          100
        ],
        "uid": "NCU_996613837"
      }
    },
    {
      "type": "Feature",
      "geometry": {
        "type": "Polygon",
        "coordinates": [
          [
            [
              121.1903769,
              24.9698098
            ],
            [
              121.1903757,
              24.9696266
            ],
            [
              121.1893211,
              24.969632
            ],
            [
              121.1893222,
              24.9698154
            ],
            [
              121.1903769,
              24.9698098
            ]
          ]
        ]
      },
      "properties": {
        "osm_id": 1041679633,
        "name": "中大國民運動中心",
        "building_type": "yes",
        "operator": "",
        "levels": 1,
        "height": 2.11,
        "footprint_area_m2": 2168.11,
        "mean_kw": 0.0,
        "annual_kwh": 0.0,
        "annual_mwh": 0.0,
        "peak_kw": 0.0,
        "eui": 0.0,
        "load_factor": 0.55,
        "archetype_label": "Office",
        "data_source": "synthetic_zero",
        "has_meter_data": false,
        "building_code": "",
        "meter_name": "",
        "b_floors": 1,
        "b_area": 2168.11,
        "annual_kwh_raw": 0.0,
        "eui_kw_per_m2": 0.0,
        "data_year": 2025,
        "energy_tier": "LOW",
        "tier_color": [
          180,
          180,
          180,
          100
        ],
        "uid": "NCU_1041679633",
        "name_aliases": [
          "中大國民運動中心",
          "國立中央大學游泳館"
        ],
        "facility_note": "Sports center footprint kept; swimming pool also added as a dedicated demo feature."
      }
    },
    {
      "type": "Feature",
      "geometry": {
        "type": "Polygon",
        "coordinates": [
          [
            [
              121.1976016,
              24.9680165
            ],
            [
              121.1978977,
              24.9680144
            ],
            [
              121.1978988,
              24.96814
            ],
            [
              121.1978442,
              24.9681404
            ],
            [
              121.197844,
              24.9681198
            ],
            [
              121.1978685,
              24.9681196
            ],
            [
              121.1978681,
              24.9680751
            ],
            [
              121.1976449,
              24.9680767
            ],
            [
              121.1976451,
              24.9680971
            ],
            [
              121.1976023,
              24.9680975
            ],
            [
              121.1976016,
              24.9680165
            ]
          ]
        ]
      },
      "properties": {
        "osm_id": 1078713592,
        "name": "",
        "building_type": "yes",
        "operator": "",
        "levels": 3,
        "height": 10.5,
        "footprint_area_m2": 238.38,
        "mean_kw": 0.0,
        "annual_kwh": 0.0,
        "annual_mwh": 0.0,
        "peak_kw": 0.0,
        "eui": 0.0,
        "load_factor": 0.55,
        "archetype_label": "Office",
        "data_source": "synthetic_zero",
        "has_meter_data": false,
        "building_code": "",
        "meter_name": "",
        "b_floors": 3,
        "b_area": 715.14,
        "annual_kwh_raw": 0.0,
        "eui_kw_per_m2": 0.0,
        "data_year": 2025,
        "energy_tier": "LOW",
        "tier_color": [
          180,
          180,
          180,
          100
        ],
        "uid": "NCU_1078713592"
      }
    },
    {
      "type": "Feature",
      "geometry": {
        "type": "Polygon",
        "coordinates": [
          [
            [
              121.1967849,
              24.9651534
            ],
            [
              121.1967621,
              24.9650981
            ],
            [
              121.1967767,
              24.9650945
            ],
            [
              121.1967556,
              24.9650554
            ],
            [
              121.1970093,
              24.96495
            ],
            [
              121.1970735,
              24.9650849
            ],
            [
              121.1970125,
              24.9651092
            ],
            [
              121.1969963,
              24.9650775
            ],
            [
              121.1967849,
              24.9651534
            ]
          ]
        ]
      },
      "properties": {
        "osm_id": 1309326913,
        "name": "",
        "building_type": "yes",
        "operator": "",
        "levels": 3,
        "height": 10.5,
        "footprint_area_m2": 370.96,
        "mean_kw": 0.0,
        "annual_kwh": 0.0,
        "annual_mwh": 0.0,
        "peak_kw": 0.0,
        "eui": 0.0,
        "load_factor": 0.55,
        "archetype_label": "Office",
        "data_source": "synthetic_zero",
        "has_meter_data": false,
        "building_code": "",
        "meter_name": "",
        "b_floors": 3,
        "b_area": 1112.8799999999999,
        "annual_kwh_raw": 0.0,
        "eui_kw_per_m2": 0.0,
        "data_year": 2025,
        "energy_tier": "LOW",
        "tier_color": [
          180,
          180,
          180,
          100
        ],
        "uid": "NCU_1309326913"
      }
    },
    {
      "type": "Feature",
      "geometry": {
        "type": "Polygon",
        "coordinates": [
          [
            [
              121.1968215,
              24.9654579
            ],
            [
              121.1968166,
              24.9654424
            ],
            [
              121.196806,
              24.9654424
            ],
            [
              121.1967686,
              24.9653318
            ],
            [
              121.1968564,
              24.965306
            ],
            [
              121.1968426,
              24.9652677
            ],
            [
              121.1968632,
              24.9652617
            ],
            [
              121.1968906,
              24.9652537
            ],
            [
              121.1969036,
              24.9652913
            ],
            [
              121.1969849,
              24.9652662
            ],
            [
              121.1970231,
              24.9653841
            ],
            [
              121.1968914,
              24.9654195
            ],
            [
              121.1968987,
              24.9654372
            ],
            [
              121.1968215,
              24.9654579
            ]
          ]
        ]
      },
      "properties": {
        "osm_id": 1309326914,
        "name": "",
        "building_type": "yes",
        "operator": "",
        "levels": 3,
        "height": 10.5,
        "footprint_area_m2": 342.44,
        "mean_kw": 0.0,
        "annual_kwh": 0.0,
        "annual_mwh": 0.0,
        "peak_kw": 0.0,
        "eui": 0.0,
        "load_factor": 0.55,
        "archetype_label": "Office",
        "data_source": "synthetic_zero",
        "has_meter_data": false,
        "building_code": "",
        "meter_name": "",
        "b_floors": 3,
        "b_area": 1027.32,
        "annual_kwh_raw": 0.0,
        "eui_kw_per_m2": 0.0,
        "data_year": 2025,
        "energy_tier": "LOW",
        "tier_color": [
          180,
          180,
          180,
          100
        ],
        "uid": "NCU_1309326914"
      }
    },
    {
      "type": "Feature",
      "geometry": {
        "type": "Polygon",
        "coordinates": [
          [
            [
              121.1968426,
              24.9652677
            ],
            [
              121.196824,
              24.9652736
            ],
            [
              121.1967866,
              24.9651585
            ],
            [
              121.1968314,
              24.9651443
            ],
            [
              121.1968616,
              24.9652212
            ],
            [
              121.1968491,
              24.9652264
            ],
            [
              121.1968632,
              24.9652617
            ],
            [
              121.1968426,
              24.9652677
            ]
          ]
        ]
      },
      "properties": {
        "osm_id": 1309326915,
        "name": "",
        "building_type": "yes",
        "operator": "",
        "levels": 3,
        "height": 10.5,
        "footprint_area_m2": 63.05,
        "mean_kw": 0.0,
        "annual_kwh": 0.0,
        "annual_mwh": 0.0,
        "peak_kw": 0.0,
        "eui": 0.0,
        "load_factor": 0.55,
        "archetype_label": "Office",
        "data_source": "synthetic_zero",
        "has_meter_data": false,
        "building_code": "",
        "meter_name": "",
        "b_floors": 3,
        "b_area": 189.14999999999998,
        "annual_kwh_raw": 0.0,
        "eui_kw_per_m2": 0.0,
        "data_year": 2025,
        "energy_tier": "LOW",
        "tier_color": [
          180,
          180,
          180,
          100
        ],
        "uid": "NCU_1309326915"
      }
    },
    {
      "type": "Feature",
      "geometry": {
        "type": "Polygon",
        "coordinates": [
          [
            [
              121.197449,
              24.9650369
            ],
            [
              121.1973905,
              24.9649617
            ],
            [
              121.1973734,
              24.9649882
            ],
            [
              121.1972961,
              24.965011
            ],
            [
              121.197323,
              24.9650571
            ],
            [
              121.1973951,
              24.9650287
            ],
            [
              121.197422,
              24.9650611
            ],
            [
              121.197449,
              24.9650369
            ]
          ]
        ]
      },
      "properties": {
        "osm_id": 1309326916,
        "name": "",
        "building_type": "yes",
        "operator": "",
        "levels": 3,
        "height": 10.5,
        "footprint_area_m2": 78.96,
        "mean_kw": 0.0,
        "annual_kwh": 0.0,
        "annual_mwh": 0.0,
        "peak_kw": 0.0,
        "eui": 0.0,
        "load_factor": 0.55,
        "archetype_label": "Office",
        "data_source": "synthetic_zero",
        "has_meter_data": false,
        "building_code": "",
        "meter_name": "",
        "b_floors": 3,
        "b_area": 236.88,
        "annual_kwh_raw": 0.0,
        "eui_kw_per_m2": 0.0,
        "data_year": 2025,
        "energy_tier": "LOW",
        "tier_color": [
          180,
          180,
          180,
          100
        ],
        "uid": "NCU_1309326916"
      }
    },
    {
      "type": "Feature",
      "geometry": {
        "type": "Polygon",
        "coordinates": [
          [
            [
              121.1971935,
              24.9650316
            ],
            [
              121.1971667,
              24.964966
            ],
            [
              121.1972236,
              24.9649476
            ],
            [
              121.1972504,
              24.9650102
            ],
            [
              121.1971935,
              24.9650316
            ]
          ]
        ]
      },
      "properties": {
        "osm_id": 1309326917,
        "name": "",
        "building_type": "yes",
        "operator": "",
        "levels": 3,
        "height": 10.5,
        "footprint_area_m2": 46.89,
        "mean_kw": 0.0,
        "annual_kwh": 0.0,
        "annual_mwh": 0.0,
        "peak_kw": 0.0,
        "eui": 0.0,
        "load_factor": 0.55,
        "archetype_label": "Office",
        "data_source": "synthetic_zero",
        "has_meter_data": false,
        "building_code": "",
        "meter_name": "",
        "b_floors": 3,
        "b_area": 140.67000000000002,
        "annual_kwh_raw": 0.0,
        "eui_kw_per_m2": 0.0,
        "data_year": 2025,
        "energy_tier": "LOW",
        "tier_color": [
          180,
          180,
          180,
          100
        ],
        "uid": "NCU_1309326917"
      }
    },
    {
      "type": "Feature",
      "geometry": {
        "type": "Polygon",
        "coordinates": [
          [
            [
              121.1946012,
              24.9651769
            ],
            [
              121.1946711,
              24.9650595
            ],
            [
              121.1947596,
              24.9651042
            ],
            [
              121.1946963,
              24.9652174
            ],
            [
              121.1946012,
              24.9651769
            ]
          ]
        ]
      },
      "properties": {
        "osm_id": 1309326935,
        "name": "",
        "building_type": "yes",
        "operator": "",
        "levels": 3,
        "height": 10.5,
        "footprint_area_m2": 150.53,
        "mean_kw": 0.0,
        "annual_kwh": 0.0,
        "annual_mwh": 0.0,
        "peak_kw": 0.0,
        "eui": 0.0,
        "load_factor": 0.55,
        "archetype_label": "Office",
        "data_source": "synthetic_zero",
        "has_meter_data": false,
        "building_code": "",
        "meter_name": "",
        "b_floors": 3,
        "b_area": 451.59000000000003,
        "annual_kwh_raw": 0.0,
        "eui_kw_per_m2": 0.0,
        "data_year": 2025,
        "energy_tier": "LOW",
        "tier_color": [
          180,
          180,
          180,
          100
        ],
        "uid": "NCU_1309326935"
      }
    },
    {
      "type": "Feature",
      "geometry": {
        "type": "Polygon",
        "coordinates": [
          [
            [
              121.1944948,
              24.9653377
            ],
            [
              121.1945554,
              24.965222
            ],
            [
              121.1946541,
              24.9652685
            ],
            [
              121.194588,
              24.9653825
            ],
            [
              121.1944948,
              24.9653377
            ]
          ]
        ]
      },
      "properties": {
        "osm_id": 1309326936,
        "name": "",
        "building_type": "yes",
        "operator": "",
        "levels": 3,
        "height": 10.5,
        "footprint_area_m2": 156.03,
        "mean_kw": 0.0,
        "annual_kwh": 0.0,
        "annual_mwh": 0.0,
        "peak_kw": 0.0,
        "eui": 0.0,
        "load_factor": 0.55,
        "archetype_label": "Office",
        "data_source": "synthetic_zero",
        "has_meter_data": false,
        "building_code": "",
        "meter_name": "",
        "b_floors": 3,
        "b_area": 468.09000000000003,
        "annual_kwh_raw": 0.0,
        "eui_kw_per_m2": 0.0,
        "data_year": 2025,
        "energy_tier": "LOW",
        "tier_color": [
          180,
          180,
          180,
          100
        ],
        "uid": "NCU_1309326936"
      }
    },
    {
      "type": "Feature",
      "geometry": {
        "type": "Polygon",
        "coordinates": [
          [
            [
              121.1944699,
              24.9653314
            ],
            [
              121.1944224,
              24.965307
            ],
            [
              121.1944182,
              24.9653138
            ],
            [
              121.1942838,
              24.9652323
            ],
            [
              121.1943471,
              24.9651456
            ],
            [
              121.1944339,
              24.9651978
            ],
            [
              121.1944842,
              24.9651308
            ],
            [
              121.1944525,
              24.9651125
            ],
            [
              121.1945271,
              24.965
            ],
            [
              121.1946115,
              24.96505
            ],
            [
              121.1945361,
              24.965161
            ],
            [
              121.1945774,
              24.9651867
            ],
            [
              121.1944699,
              24.9653314
            ]
          ]
        ]
      },
      "properties": {
        "osm_id": 1309326937,
        "name": "",
        "building_type": "yes",
        "operator": "",
        "levels": 3,
        "height": 10.5,
        "footprint_area_m2": 495.81,
        "mean_kw": 0.0,
        "annual_kwh": 0.0,
        "annual_mwh": 0.0,
        "peak_kw": 0.0,
        "eui": 0.0,
        "load_factor": 0.55,
        "archetype_label": "Office",
        "data_source": "synthetic_zero",
        "has_meter_data": false,
        "building_code": "",
        "meter_name": "",
        "b_floors": 3,
        "b_area": 1487.43,
        "annual_kwh_raw": 0.0,
        "eui_kw_per_m2": 0.0,
        "data_year": 2025,
        "energy_tier": "LOW",
        "tier_color": [
          180,
          180,
          180,
          100
        ],
        "uid": "NCU_1309326937"
      }
    },
    {
      "type": "Feature",
      "geometry": {
        "type": "Polygon",
        "coordinates": [
          [
            [
              121.1944869,
              24.9649762
            ],
            [
              121.1945404,
              24.9649071
            ],
            [
              121.1946945,
              24.964999
            ],
            [
              121.1946531,
              24.965071
            ],
            [
              121.1944869,
              24.9649762
            ]
          ]
        ]
      },
      "properties": {
        "osm_id": 1309326938,
        "name": "",
        "building_type": "yes",
        "operator": "",
        "levels": 3,
        "height": 10.5,
        "footprint_area_m2": 176.39,
        "mean_kw": 0.0,
        "annual_kwh": 0.0,
        "annual_mwh": 0.0,
        "peak_kw": 0.0,
        "eui": 0.0,
        "load_factor": 0.55,
        "archetype_label": "Office",
        "data_source": "synthetic_zero",
        "has_meter_data": false,
        "building_code": "",
        "meter_name": "",
        "b_floors": 3,
        "b_area": 529.17,
        "annual_kwh_raw": 0.0,
        "eui_kw_per_m2": 0.0,
        "data_year": 2025,
        "energy_tier": "LOW",
        "tier_color": [
          180,
          180,
          180,
          100
        ],
        "uid": "NCU_1309326938"
      }
    },
    {
      "type": "Feature",
      "geometry": {
        "type": "Polygon",
        "coordinates": [
          [
            [
              121.1954983,
              24.9650186
            ],
            [
              121.1954686,
              24.964992
            ],
            [
              121.1955151,
              24.9649493
            ],
            [
              121.1955448,
              24.9649759
            ],
            [
              121.1954983,
              24.9650186
            ]
          ]
        ]
      },
      "properties": {
        "osm_id": 1309326941,
        "name": "",
        "building_type": "yes",
        "operator": "",
        "levels": 3,
        "height": 10.5,
        "footprint_area_m2": 28.09,
        "mean_kw": 0.0,
        "annual_kwh": 0.0,
        "annual_mwh": 0.0,
        "peak_kw": 0.0,
        "eui": 0.0,
        "load_factor": 0.55,
        "archetype_label": "Office",
        "data_source": "synthetic_zero",
        "has_meter_data": false,
        "building_code": "",
        "meter_name": "",
        "b_floors": 3,
        "b_area": 84.27,
        "annual_kwh_raw": 0.0,
        "eui_kw_per_m2": 0.0,
        "data_year": 2025,
        "energy_tier": "LOW",
        "tier_color": [
          180,
          180,
          180,
          100
        ],
        "uid": "NCU_1309326941"
      }
    },
    {
      "type": "Feature",
      "geometry": {
        "type": "Polygon",
        "coordinates": [
          [
            [
              121.1951648,
              24.9650765
            ],
            [
              121.1951778,
              24.9650477
            ],
            [
              121.1952216,
              24.9650706
            ],
            [
              121.1952533,
              24.9650233
            ],
            [
              121.1955076,
              24.9651677
            ],
            [
              121.1955263,
              24.9651356
            ],
            [
              121.1955607,
              24.9651559
            ],
            [
              121.1955375,
              24.9651896
            ],
            [
              121.1955729,
              24.9652167
            ],
            [
              121.1955188,
              24.9653028
            ],
            [
              121.1954499,
              24.9652674
            ],
            [
              121.1954564,
              24.9652589
            ],
            [
              121.1953567,
              24.9651947
            ],
            [
              121.195352,
              24.9652057
            ],
            [
              121.1952682,
              24.9651483
            ],
            [
              121.195271,
              24.9651398
            ],
            [
              121.1951648,
              24.9650765
            ]
          ]
        ]
      },
      "properties": {
        "osm_id": 1309326942,
        "name": "",
        "building_type": "yes",
        "operator": "",
        "levels": 3,
        "height": 10.5,
        "footprint_area_m2": 462.6,
        "mean_kw": 0.0,
        "annual_kwh": 0.0,
        "annual_mwh": 0.0,
        "peak_kw": 0.0,
        "eui": 0.0,
        "load_factor": 0.55,
        "archetype_label": "Office",
        "data_source": "synthetic_zero",
        "has_meter_data": false,
        "building_code": "",
        "meter_name": "",
        "b_floors": 3,
        "b_area": 1387.8000000000002,
        "annual_kwh_raw": 0.0,
        "eui_kw_per_m2": 0.0,
        "data_year": 2025,
        "energy_tier": "LOW",
        "tier_color": [
          180,
          180,
          180,
          100
        ],
        "uid": "NCU_1309326942"
      }
    },
    {
      "type": "Feature",
      "geometry": {
        "type": "Polygon",
        "coordinates": [
          [
            [
              121.1949875,
              24.9648913
            ],
            [
              121.1949499,
              24.9649427
            ],
            [
              121.1950954,
              24.9650325
            ],
            [
              121.1951335,
              24.9649818
            ],
            [
              121.1949875,
              24.9648913
            ]
          ]
        ]
      },
      "properties": {
        "osm_id": 1309326943,
        "name": "",
        "building_type": "yes",
        "operator": "",
        "levels": 3,
        "height": 10.5,
        "footprint_area_m2": 121.72,
        "mean_kw": 0.0,
        "annual_kwh": 0.0,
        "annual_mwh": 0.0,
        "peak_kw": 0.0,
        "eui": 0.0,
        "load_factor": 0.55,
        "archetype_label": "Office",
        "data_source": "synthetic_zero",
        "has_meter_data": false,
        "building_code": "",
        "meter_name": "",
        "b_floors": 3,
        "b_area": 365.15999999999997,
        "annual_kwh_raw": 0.0,
        "eui_kw_per_m2": 0.0,
        "data_year": 2025,
        "energy_tier": "LOW",
        "tier_color": [
          180,
          180,
          180,
          100
        ],
        "uid": "NCU_1309326943"
      }
    },
    {
      "type": "Feature",
      "geometry": {
        "type": "Polygon",
        "coordinates": [
          [
            [
              121.1948861,
              24.9649222
            ],
            [
              121.1948342,
              24.9648957
            ],
            [
              121.1948285,
              24.9649024
            ],
            [
              121.1947791,
              24.9648781
            ],
            [
              121.1947231,
              24.9649744
            ],
            [
              121.1948277,
              24.9650259
            ],
            [
              121.1948861,
              24.9649222
            ]
          ]
        ]
      },
      "properties": {
        "osm_id": 1309326944,
        "name": "",
        "building_type": "yes",
        "operator": "",
        "levels": 3,
        "height": 10.5,
        "footprint_area_m2": 149.75,
        "mean_kw": 0.0,
        "annual_kwh": 0.0,
        "annual_mwh": 0.0,
        "peak_kw": 0.0,
        "eui": 0.0,
        "load_factor": 0.55,
        "archetype_label": "Office",
        "data_source": "synthetic_zero",
        "has_meter_data": false,
        "building_code": "",
        "meter_name": "",
        "b_floors": 3,
        "b_area": 449.25,
        "annual_kwh_raw": 0.0,
        "eui_kw_per_m2": 0.0,
        "data_year": 2025,
        "energy_tier": "LOW",
        "tier_color": [
          180,
          180,
          180,
          100
        ],
        "uid": "NCU_1309326944"
      }
    },
    {
      "type": "Feature",
      "geometry": {
        "type": "Polygon",
        "coordinates": [
          [
            [
              121.1936472,
              24.9655159
            ],
            [
              121.1936456,
              24.9648329
            ],
            [
              121.193632,
              24.9648348
            ],
            [
              121.1936316,
              24.9648166
            ],
            [
              121.1936738,
              24.964771
            ],
            [
              121.1937297,
              24.9648225
            ],
            [
              121.193737,
              24.9648166
            ],
            [
              121.1938563,
              24.9649291
            ],
            [
              121.1938627,
              24.9649203
            ],
            [
              121.1938822,
              24.9649357
            ],
            [
              121.1938782,
              24.9649438
            ],
            [
              121.1939893,
              24.9650166
            ],
            [
              121.1940144,
              24.9649865
            ],
            [
              121.1940501,
              24.9650063
            ],
            [
              121.1940266,
              24.9650357
            ],
            [
              121.1940266,
              24.9650504
            ],
            [
              121.1940031,
              24.9650798
            ],
            [
              121.1938506,
              24.9649732
            ],
            [
              121.1938392,
              24.9649762
            ],
            [
              121.1938214,
              24.9649563
            ],
            [
              121.1938149,
              24.9649637
            ],
            [
              121.1937403,
              24.9648975
            ],
            [
              121.1937314,
              24.9649085
            ],
            [
              121.1940096,
              24.96516
            ],
            [
              121.1940241,
              24.9651607
            ],
            [
              121.1940241,
              24.9651262
            ],
            [
              121.1940663,
              24.9651144
            ],
            [
              121.1940963,
              24.9651144
            ],
            [
              121.1940963,
              24.9651578
            ],
            [
              121.1941239,
              24.965157
            ],
            [
              121.194089,
              24.9653019
            ],
            [
              121.1940777,
              24.9653041
            ],
            [
              121.1940834,
              24.965349
            ],
            [
              121.1940241,
              24.965449
            ],
            [
              121.193995,
              24.9654504
            ],
            [
              121.1939958,
              24.9654688
            ],
            [
              121.1939503,
              24.9655056
            ],
            [
              121.1939503,
              24.9655175
            ],
            [
              121.1936472,
              24.9655159
            ]
          ]
        ]
      },
      "properties": {
        "osm_id": 1309326952,
        "name": "",
        "building_type": "yes",
        "operator": "",
        "levels": 3,
        "height": 10.5,
        "footprint_area_m2": 2661.74,
        "mean_kw": 0.0,
        "annual_kwh": 0.0,
        "annual_mwh": 0.0,
        "peak_kw": 0.0,
        "eui": 0.0,
        "load_factor": 0.55,
        "archetype_label": "Office",
        "data_source": "synthetic_zero",
        "has_meter_data": false,
        "building_code": "",
        "meter_name": "",
        "b_floors": 3,
        "b_area": 7985.219999999999,
        "annual_kwh_raw": 0.0,
        "eui_kw_per_m2": 0.0,
        "data_year": 2025,
        "energy_tier": "LOW",
        "tier_color": [
          180,
          180,
          180,
          100
        ],
        "uid": "NCU_1309326952"
      }
    },
    {
      "type": "Feature",
      "geometry": {
        "type": "Polygon",
        "coordinates": [
          [
            [
              121.1933645,
              24.964953
            ],
            [
              121.1934408,
              24.9648457
            ],
            [
              121.1934675,
              24.964828
            ],
            [
              121.1935267,
              24.9648994
            ],
            [
              121.1935486,
              24.9648795
            ],
            [
              121.1935584,
              24.9648847
            ],
            [
              121.1935795,
              24.964903
            ],
            [
              121.1935787,
              24.9650075
            ],
            [
              121.1935543,
              24.9650082
            ],
            [
              121.1935551,
              24.9651413
            ],
            [
              121.1935738,
              24.9651435
            ],
            [
              121.193573,
              24.9652677
            ],
            [
              121.1933556,
              24.9652648
            ],
            [
              121.1933548,
              24.9651869
            ],
            [
              121.193337,
              24.9651869
            ],
            [
              121.1933378,
              24.9651464
            ],
            [
              121.1933597,
              24.9651464
            ],
            [
              121.1933613,
              24.9651207
            ],
            [
              121.193371,
              24.9651222
            ],
            [
              121.1933726,
              24.9651052
            ],
            [
              121.1933945,
              24.965106
            ],
            [
              121.1933929,
              24.9650633
            ],
            [
              121.1934424,
              24.9650038
            ],
            [
              121.1933645,
              24.964953
            ]
          ]
        ]
      },
      "properties": {
        "osm_id": 1309326953,
        "name": "",
        "building_type": "yes",
        "operator": "",
        "levels": 3,
        "height": 10.5,
        "footprint_area_m2": 835.26,
        "mean_kw": 0.0,
        "annual_kwh": 0.0,
        "annual_mwh": 0.0,
        "peak_kw": 0.0,
        "eui": 0.0,
        "load_factor": 0.55,
        "archetype_label": "Office",
        "data_source": "synthetic_zero",
        "has_meter_data": false,
        "building_code": "",
        "meter_name": "",
        "b_floors": 3,
        "b_area": 2505.7799999999997,
        "annual_kwh_raw": 0.0,
        "eui_kw_per_m2": 0.0,
        "data_year": 2025,
        "energy_tier": "LOW",
        "tier_color": [
          180,
          180,
          180,
          100
        ],
        "uid": "NCU_1309326953"
      }
    },
    {
      "type": "Feature",
      "geometry": {
        "type": "Polygon",
        "coordinates": [
          [
            [
              121.1932291,
              24.9653222
            ],
            [
              121.1932583,
              24.965278
            ],
            [
              121.1935592,
              24.9652758
            ],
            [
              121.1935543,
              24.9655185
            ],
            [
              121.1930888,
              24.9655207
            ],
            [
              121.1930892,
              24.965483
            ],
            [
              121.1931032,
              24.9654838
            ],
            [
              121.1931041,
              24.9654593
            ],
            [
              121.1931526,
              24.9654576
            ],
            [
              121.1931554,
              24.9654044
            ],
            [
              121.1932113,
              24.9654053
            ],
            [
              121.1932094,
              24.9653765
            ],
            [
              121.19327,
              24.9653757
            ],
            [
              121.1932709,
              24.9653233
            ],
            [
              121.1932291,
              24.9653222
            ]
          ]
        ]
      },
      "properties": {
        "osm_id": 1309326954,
        "name": "",
        "building_type": "yes",
        "operator": "",
        "levels": 3,
        "height": 10.5,
        "footprint_area_m2": 1002.64,
        "mean_kw": 0.0,
        "annual_kwh": 0.0,
        "annual_mwh": 0.0,
        "peak_kw": 0.0,
        "eui": 0.0,
        "load_factor": 0.55,
        "archetype_label": "Office",
        "data_source": "synthetic_zero",
        "has_meter_data": false,
        "building_code": "",
        "meter_name": "",
        "b_floors": 3,
        "b_area": 3007.92,
        "annual_kwh_raw": 0.0,
        "eui_kw_per_m2": 0.0,
        "data_year": 2025,
        "energy_tier": "LOW",
        "tier_color": [
          180,
          180,
          180,
          100
        ],
        "uid": "NCU_1309326954"
      }
    },
    {
      "type": "Feature",
      "geometry": {
        "type": "Polygon",
        "coordinates": [
          [
            [
              121.192956,
              24.9655205
            ],
            [
              121.1929536,
              24.9654941
            ],
            [
              121.1930153,
              24.9654088
            ],
            [
              121.1930282,
              24.9654161
            ],
            [
              121.1933689,
              24.9649683
            ],
            [
              121.1934281,
              24.965008
            ],
            [
              121.1932813,
              24.965197
            ],
            [
              121.193291,
              24.9652036
            ],
            [
              121.1932383,
              24.9652705
            ],
            [
              121.1932278,
              24.9652639
            ],
            [
              121.1930818,
              24.9654521
            ],
            [
              121.1930907,
              24.9654595
            ],
            [
              121.1930428,
              24.9655213
            ],
            [
              121.1930258,
              24.965511
            ],
            [
              121.1930153,
              24.9655235
            ],
            [
              121.192956,
              24.9655205
            ]
          ]
        ]
      },
      "properties": {
        "osm_id": 1309326955,
        "name": "",
        "building_type": "yes",
        "operator": "",
        "levels": 3,
        "height": 10.5,
        "footprint_area_m2": 544.23,
        "mean_kw": 0.0,
        "annual_kwh": 0.0,
        "annual_mwh": 0.0,
        "peak_kw": 0.0,
        "eui": 0.0,
        "load_factor": 0.55,
        "archetype_label": "Office",
        "data_source": "synthetic_zero",
        "has_meter_data": false,
        "building_code": "",
        "meter_name": "",
        "b_floors": 3,
        "b_area": 1632.69,
        "annual_kwh_raw": 0.0,
        "eui_kw_per_m2": 0.0,
        "data_year": 2025,
        "energy_tier": "LOW",
        "tier_color": [
          180,
          180,
          180,
          100
        ],
        "uid": "NCU_1309326955"
      }
    },
    {
      "type": "Feature",
      "geometry": {
        "type": "Polygon",
        "coordinates": [
          [
            [
              121.1931158,
              24.9651345
            ],
            [
              121.1931458,
              24.9651529
            ],
            [
              121.1930299,
              24.9653044
            ],
            [
              121.1930169,
              24.9653044
            ],
            [
              121.1929877,
              24.9653396
            ],
            [
              121.1929528,
              24.9653389
            ],
            [
              121.1929487,
              24.9652735
            ],
            [
              121.192965,
              24.9652727
            ],
            [
              121.1929431,
              24.9648933
            ],
            [
              121.1930144,
              24.9648911
            ],
            [
              121.1930136,
              24.9648735
            ],
            [
              121.1930363,
              24.9648507
            ],
            [
              121.1932634,
              24.964986
            ],
            [
              121.1931775,
              24.9650963
            ],
            [
              121.1930242,
              24.9649977
            ],
            [
              121.1930355,
              24.9652374
            ],
            [
              121.1931158,
              24.9651345
            ]
          ]
        ]
      },
      "properties": {
        "osm_id": 1309326956,
        "name": "",
        "building_type": "yes",
        "operator": "",
        "levels": 3,
        "height": 10.5,
        "footprint_area_m2": 782.33,
        "mean_kw": 0.0,
        "annual_kwh": 0.0,
        "annual_mwh": 0.0,
        "peak_kw": 0.0,
        "eui": 0.0,
        "load_factor": 0.55,
        "archetype_label": "Office",
        "data_source": "synthetic_zero",
        "has_meter_data": false,
        "building_code": "",
        "meter_name": "",
        "b_floors": 3,
        "b_area": 2346.9900000000002,
        "annual_kwh_raw": 0.0,
        "eui_kw_per_m2": 0.0,
        "data_year": 2025,
        "energy_tier": "LOW",
        "tier_color": [
          180,
          180,
          180,
          100
        ],
        "uid": "NCU_1309326956"
      }
    },
    {
      "type": "Feature",
      "geometry": {
        "type": "Polygon",
        "coordinates": [
          [
            [
              121.1910147,
              24.9650833
            ],
            [
              121.1909773,
              24.9649499
            ],
            [
              121.1910114,
              24.9649137
            ],
            [
              121.1914692,
              24.964899
            ],
            [
              121.1914676,
              24.964986
            ],
            [
              121.1915115,
              24.9649845
            ],
            [
              121.1915131,
              24.9648968
            ],
            [
              121.1916196,
              24.9648931
            ],
            [
              121.1916249,
              24.9650689
            ],
            [
              121.1914285,
              24.9650766
            ],
            [
              121.1914253,
              24.9650656
            ],
            [
              121.1911813,
              24.9650722
            ],
            [
              121.1911813,
              24.9650811
            ],
            [
              121.1910147,
              24.9650833
            ]
          ]
        ]
      },
      "properties": {
        "osm_id": 1309346996,
        "name": "",
        "building_type": "yes",
        "operator": "",
        "levels": 3,
        "height": 10.5,
        "footprint_area_m2": 1152.71,
        "mean_kw": 0.0,
        "annual_kwh": 0.0,
        "annual_mwh": 0.0,
        "peak_kw": 0.0,
        "eui": 0.0,
        "load_factor": 0.55,
        "archetype_label": "Office",
        "data_source": "synthetic_zero",
        "has_meter_data": false,
        "building_code": "",
        "meter_name": "",
        "b_floors": 3,
        "b_area": 3458.13,
        "annual_kwh_raw": 0.0,
        "eui_kw_per_m2": 0.0,
        "data_year": 2025,
        "energy_tier": "LOW",
        "tier_color": [
          180,
          180,
          180,
          100
        ],
        "uid": "NCU_1309346996"
      }
    },
    {
      "type": "Feature",
      "geometry": {
        "type": "Polygon",
        "coordinates": [
          [
            [
              121.1916546,
              24.965056
            ],
            [
              121.1916505,
              24.9648902
            ],
            [
              121.1923977,
              24.9648761
            ],
            [
              121.1924002,
              24.9650435
            ],
            [
              121.1922855,
              24.9650479
            ],
            [
              121.1922847,
              24.9650405
            ],
            [
              121.1916546,
              24.965056
            ]
          ]
        ]
      },
      "properties": {
        "osm_id": 1309346997,
        "name": "",
        "building_type": "yes",
        "operator": "",
        "levels": 3,
        "height": 10.5,
        "footprint_area_m2": 1379.26,
        "mean_kw": 0.0,
        "annual_kwh": 0.0,
        "annual_mwh": 0.0,
        "peak_kw": 0.0,
        "eui": 0.0,
        "load_factor": 0.55,
        "archetype_label": "Office",
        "data_source": "synthetic_zero",
        "has_meter_data": false,
        "building_code": "",
        "meter_name": "",
        "b_floors": 3,
        "b_area": 4137.78,
        "annual_kwh_raw": 0.0,
        "eui_kw_per_m2": 0.0,
        "data_year": 2025,
        "energy_tier": "LOW",
        "tier_color": [
          180,
          180,
          180,
          100
        ],
        "uid": "NCU_1309346997"
      }
    },
    {
      "type": "Feature",
      "geometry": {
        "type": "Polygon",
        "coordinates": [
          [
            [
              121.1924685,
              24.9650648
            ],
            [
              121.1924636,
              24.9648784
            ],
            [
              121.1926116,
              24.9648791
            ],
            [
              121.1926108,
              24.9648621
            ],
            [
              121.1926742,
              24.9648592
            ],
            [
              121.1926717,
              24.9648747
            ],
            [
              121.192688,
              24.9649373
            ],
            [
              121.1926953,
              24.9650162
            ],
            [
              121.1926783,
              24.9650199
            ],
            [
              121.1926815,
              24.965059
            ],
            [
              121.1924685,
              24.9650648
            ]
          ]
        ]
      },
      "properties": {
        "osm_id": 1309346998,
        "name": "",
        "building_type": "yes",
        "operator": "",
        "levels": 3,
        "height": 10.5,
        "footprint_area_m2": 462.88,
        "mean_kw": 0.0,
        "annual_kwh": 0.0,
        "annual_mwh": 0.0,
        "peak_kw": 0.0,
        "eui": 0.0,
        "load_factor": 0.55,
        "archetype_label": "Office",
        "data_source": "synthetic_zero",
        "has_meter_data": false,
        "building_code": "",
        "meter_name": "",
        "b_floors": 3,
        "b_area": 1388.6399999999999,
        "annual_kwh_raw": 0.0,
        "eui_kw_per_m2": 0.0,
        "data_year": 2025,
        "energy_tier": "LOW",
        "tier_color": [
          180,
          180,
          180,
          100
        ],
        "uid": "NCU_1309346998"
      }
    },
    {
      "type": "Feature",
      "geometry": {
        "type": "Polygon",
        "coordinates": [
          [
            [
              121.1924593,
              24.9648226
            ],
            [
              121.1924439,
              24.9645381
            ],
            [
              121.1925764,
              24.9645344
            ],
            [
              121.1925731,
              24.9644909
            ],
            [
              121.1926447,
              24.9644659
            ],
            [
              121.1926601,
              24.9645189
            ],
            [
              121.1926715,
              24.9645175
            ],
            [
              121.1927748,
              24.9647762
            ],
            [
              121.1928,
              24.9647777
            ],
            [
              121.1928114,
              24.9648425
            ],
            [
              121.192787,
              24.9648447
            ],
            [
              121.1927976,
              24.9648963
            ],
            [
              121.1927114,
              24.965018
            ],
            [
              121.1926772,
              24.9648108
            ],
            [
              121.1924593,
              24.9648226
            ]
          ]
        ]
      },
      "properties": {
        "osm_id": 1309347002,
        "name": "",
        "building_type": "yes",
        "operator": "",
        "levels": 3,
        "height": 10.5,
        "footprint_area_m2": 1130.87,
        "mean_kw": 0.0,
        "annual_kwh": 0.0,
        "annual_mwh": 0.0,
        "peak_kw": 0.0,
        "eui": 0.0,
        "load_factor": 0.55,
        "archetype_label": "Office",
        "data_source": "synthetic_zero",
        "has_meter_data": false,
        "building_code": "",
        "meter_name": "",
        "b_floors": 3,
        "b_area": 3392.6099999999997,
        "annual_kwh_raw": 0.0,
        "eui_kw_per_m2": 0.0,
        "data_year": 2025,
        "energy_tier": "LOW",
        "tier_color": [
          180,
          180,
          180,
          100
        ],
        "uid": "NCU_1309347002"
      }
    },
    {
      "type": "Feature",
      "geometry": {
        "type": "Polygon",
        "coordinates": [
          [
            [
              121.1907051,
              24.965636
            ],
            [
              121.1906343,
              24.9654658
            ],
            [
              121.1909916,
              24.9653267
            ],
            [
              121.191012,
              24.9653267
            ],
            [
              121.1910399,
              24.9654551
            ],
            [
              121.1910259,
              24.9654619
            ],
            [
              121.191057,
              24.9655553
            ],
            [
              121.1907051,
              24.965636
            ]
          ]
        ]
      },
      "properties": {
        "osm_id": 1309347005,
        "name": "",
        "building_type": "yes",
        "operator": "",
        "levels": 3,
        "height": 10.5,
        "footprint_area_m2": 897.94,
        "mean_kw": 0.0,
        "annual_kwh": 0.0,
        "annual_mwh": 0.0,
        "peak_kw": 0.0,
        "eui": 0.0,
        "load_factor": 0.55,
        "archetype_label": "Office",
        "data_source": "synthetic_zero",
        "has_meter_data": false,
        "building_code": "",
        "meter_name": "",
        "b_floors": 3,
        "b_area": 2693.82,
        "annual_kwh_raw": 0.0,
        "eui_kw_per_m2": 0.0,
        "data_year": 2025,
        "energy_tier": "LOW",
        "tier_color": [
          180,
          180,
          180,
          100
        ],
        "uid": "NCU_1309347005"
      }
    },
    {
      "type": "Feature",
      "geometry": {
        "type": "Polygon",
        "coordinates": [
          [
            [
              121.1907802,
              24.9653618
            ],
            [
              121.1906987,
              24.9651488
            ],
            [
              121.1909251,
              24.9650787
            ],
            [
              121.190998,
              24.9652898
            ],
            [
              121.1907802,
              24.9653618
            ]
          ]
        ]
      },
      "properties": {
        "osm_id": 1309347006,
        "name": "",
        "building_type": "yes",
        "operator": "",
        "levels": 3,
        "height": 10.5,
        "footprint_area_m2": 589.72,
        "mean_kw": 0.0,
        "annual_kwh": 0.0,
        "annual_mwh": 0.0,
        "peak_kw": 0.0,
        "eui": 0.0,
        "load_factor": 0.55,
        "archetype_label": "Office",
        "data_source": "synthetic_zero",
        "has_meter_data": false,
        "building_code": "",
        "meter_name": "",
        "b_floors": 3,
        "b_area": 1769.16,
        "annual_kwh_raw": 0.0,
        "eui_kw_per_m2": 0.0,
        "data_year": 2025,
        "energy_tier": "LOW",
        "tier_color": [
          180,
          180,
          180,
          100
        ],
        "uid": "NCU_1309347006"
      }
    },
    {
      "type": "Feature",
      "geometry": {
        "type": "Polygon",
        "coordinates": [
          [
            [
              121.1906729,
              24.9650671
            ],
            [
              121.1905828,
              24.9648647
            ],
            [
              121.1905925,
              24.9648579
            ],
            [
              121.1905163,
              24.9646527
            ],
            [
              121.1907287,
              24.9645827
            ],
            [
              121.1908038,
              24.9647402
            ],
            [
              121.1907813,
              24.964749
            ],
            [
              121.1908113,
              24.9648326
            ],
            [
              121.1908253,
              24.9648288
            ],
            [
              121.1908435,
              24.9648725
            ],
            [
              121.1908508,
              24.9648691
            ],
            [
              121.1908795,
              24.9649503
            ],
            [
              121.1908649,
              24.9649551
            ],
            [
              121.1908762,
              24.9649999
            ],
            [
              121.1906729,
              24.9650671
            ]
          ]
        ]
      },
      "properties": {
        "osm_id": 1309347007,
        "name": "",
        "building_type": "yes",
        "operator": "",
        "levels": 3,
        "height": 10.5,
        "footprint_area_m2": 1141.49,
        "mean_kw": 0.0,
        "annual_kwh": 0.0,
        "annual_mwh": 0.0,
        "peak_kw": 0.0,
        "eui": 0.0,
        "load_factor": 0.55,
        "archetype_label": "Office",
        "data_source": "synthetic_zero",
        "has_meter_data": false,
        "building_code": "",
        "meter_name": "",
        "b_floors": 3,
        "b_area": 3424.4700000000003,
        "annual_kwh_raw": 0.0,
        "eui_kw_per_m2": 0.0,
        "data_year": 2025,
        "energy_tier": "LOW",
        "tier_color": [
          180,
          180,
          180,
          100
        ],
        "uid": "NCU_1309347007"
      }
    },
    {
      "type": "Feature",
      "geometry": {
        "type": "Polygon",
        "coordinates": [
          [
            [
              121.190392,
              24.9650137
            ],
            [
              121.1903513,
              24.9649367
            ],
            [
              121.1903994,
              24.9649121
            ],
            [
              121.1904437,
              24.9649959
            ],
            [
              121.190392,
              24.9650137
            ]
          ]
        ]
      },
      "properties": {
        "osm_id": 1309347008,
        "name": "",
        "building_type": "yes",
        "operator": "",
        "levels": 3,
        "height": 10.5,
        "footprint_area_m2": 55.1,
        "mean_kw": 0.0,
        "annual_kwh": 0.0,
        "annual_mwh": 0.0,
        "peak_kw": 0.0,
        "eui": 0.0,
        "load_factor": 0.55,
        "archetype_label": "Office",
        "data_source": "synthetic_zero",
        "has_meter_data": false,
        "building_code": "",
        "meter_name": "",
        "b_floors": 3,
        "b_area": 165.3,
        "annual_kwh_raw": 0.0,
        "eui_kw_per_m2": 0.0,
        "data_year": 2025,
        "energy_tier": "LOW",
        "tier_color": [
          180,
          180,
          180,
          100
        ],
        "uid": "NCU_1309347008"
      }
    },
    {
      "type": "Feature",
      "geometry": {
        "type": "Polygon",
        "coordinates": [
          [
            [
              121.1883944,
              24.9683843
            ],
            [
              121.1884671,
              24.968384
            ],
            [
              121.1884672,
              24.968403
            ],
            [
              121.1889378,
              24.968401
            ],
            [
              121.1889377,
              24.9683819
            ],
            [
              121.1890098,
              24.9683816
            ],
            [
              121.1890091,
              24.9682187
            ],
            [
              121.1889012,
              24.9682191
            ],
            [
              121.1889004,
              24.9680517
            ],
            [
              121.1890005,
              24.9680513
            ],
            [
              121.1889989,
              24.9677135
            ],
            [
              121.18902,
              24.9676859
            ],
            [
              121.1889989,
              24.9676182
            ],
            [
              121.1888907,
              24.9674858
            ],
            [
              121.1887724,
              24.9675653
            ],
            [
              121.1887727,
              24.9676161
            ],
            [
              121.1886238,
              24.9676168
            ],
            [
              121.1886236,
              24.967577
            ],
            [
              121.1883824,
              24.9675782
            ],
            [
              121.188383,
              24.9676851
            ],
            [
              121.1882904,
              24.9676855
            ],
            [
              121.1882899,
              24.9675879
            ],
            [
              121.1880544,
              24.967589
            ],
            [
              121.1880577,
              24.9681722
            ],
            [
              121.1881465,
              24.9681718
            ],
            [
              121.1881472,
              24.9682913
            ],
            [
              121.1882694,
              24.9682907
            ],
            [
              121.1882665,
              24.9677645
            ],
            [
              121.1883925,
              24.967764
            ],
            [
              121.1883945,
              24.9681155
            ],
            [
              121.1884766,
              24.9681151
            ],
            [
              121.1884772,
              24.9682142
            ],
            [
              121.1883935,
              24.9682146
            ],
            [
              121.1883944,
              24.9683843
            ]
          ]
        ]
      },
      "properties": {
        "osm_id": 6576312,
        "name": "工程三館(機械館)",
        "building_type": "university",
        "operator": "",
        "levels": 5,
        "height": 16.21,
        "footprint_area_m2": 7056.56,
        "mean_kw": 95.4,
        "annual_kwh": 835503.0,
        "annual_mwh": 835.5,
        "peak_kw": 152.6,
        "eui": 23.7,
        "load_factor": 0.62,
        "archetype_label": "Office",
        "data_source": "ncu_114_real",
        "has_meter_data": true,
        "building_code": "",
        "meter_name": "工程三館(機械館)",
        "b_floors": 5,
        "b_area": 35282.8,
        "annual_kwh_raw": 557002.0,
        "annual_mwh_raw": 557.0,
        "mean_kw_raw": 95.4,
        "eui_raw": 23.7,
        "eui_kw_per_m2": 0.0027,
        "data_year": 2025,
        "energy_tier": "NORMAL",
        "tier_color": [
          240,
          196,
          25,
          220
        ],
        "coverage_ratio": 0.67,
        "uid": "NCU_6576312"
      }
    },
    {
      "type": "Feature",
      "geometry": {
        "type": "Polygon",
        "coordinates": [
          [
            [
              121.1940007,
              24.9710558
            ],
            [
              121.1939981,
              24.9705623
            ],
            [
              121.194607,
              24.9705596
            ],
            [
              121.1946113,
              24.9713542
            ],
            [
              121.1943252,
              24.9713555
            ],
            [
              121.1943242,
              24.9711643
            ],
            [
              121.1944066,
              24.9711639
            ],
            [
              121.1944068,
              24.9712147
            ],
            [
              121.1945307,
              24.9712142
            ],
            [
              121.1945303,
              24.9711429
            ],
            [
              121.1944981,
              24.971143
            ],
            [
              121.1944978,
              24.9710798
            ],
            [
              121.1945231,
              24.9710796
            ],
            [
              121.194523,
              24.9710535
            ],
            [
              121.1940007,
              24.9710558
            ]
          ]
        ]
      },
      "properties": {
        "osm_id": 8244873,
        "name": "曦望居",
        "building_type": "dormitory",
        "operator": "",
        "levels": 1,
        "height": 4.81,
        "footprint_area_m2": 4036.42,
        "mean_kw": 113.0,
        "annual_kwh": 990107.0,
        "annual_mwh": 990.1,
        "peak_kw": 180.8,
        "eui": 245.3,
        "load_factor": 0.62,
        "archetype_label": "Office",
        "data_source": "ncu_114_real",
        "has_meter_data": true,
        "building_code": "",
        "meter_name": "曦望居",
        "b_floors": 1,
        "b_area": 4036.42,
        "annual_kwh_raw": 990107.0,
        "annual_mwh_raw": 990.1,
        "mean_kw_raw": 113.0,
        "eui_raw": 245.3,
        "eui_kw_per_m2": 0.028,
        "data_year": 2025,
        "energy_tier": "NORMAL",
        "tier_color": [
          240,
          196,
          25,
          220
        ],
        "coverage_ratio": 1.0,
        "uid": "NCU_8244873"
      }
    },
    {
      "type": "Feature",
      "geometry": {
        "type": "Polygon",
        "coordinates": [
          [
            [
              121.1872823,
              24.968651
            ],
            [
              121.187856,
              24.9686542
            ],
            [
              121.1878575,
              24.968431
            ],
            [
              121.1877603,
              24.9684304
            ],
            [
              121.1877616,
              24.9682347
            ],
            [
              121.1878235,
              24.968235
            ],
            [
              121.1878246,
              24.9680689
            ],
            [
              121.1872487,
              24.9680658
            ],
            [
              121.1872475,
              24.9682405
            ],
            [
              121.1875966,
              24.9682424
            ],
            [
              121.1875953,
              24.9684383
            ],
            [
              121.1872837,
              24.9684366
            ],
            [
              121.1872823,
              24.968651
            ]
          ]
        ]
      },
      "properties": {
        "osm_id": 268561422,
        "name": "工四館一期(環化館)",
        "building_type": "university",
        "operator": "National Central University",
        "levels": 3,
        "height": 10.5,
        "height_m": 10.5,
        "footprint_area_m2": 2874.29,
        "mean_kw": 51.4,
        "annual_kwh": 450105.0,
        "annual_mwh": 450.1,
        "peak_kw": 82.2,
        "eui": 52.2,
        "eui_kw_per_m2": 0.006,
        "load_factor": 0.62,
        "archetype_label": "Academic",
        "data_source": "ncu_114_real",
        "geometry_source": "osm_enhanced_alias",
        "has_meter_data": true,
        "building_code": "E3",
        "meter_name": "工四館一期(環化館)",
        "name_aliases": [
          "工程四館一期(環化館)",
          "工程四館",
          "環工所",
          "環工化工館",
          "化工所"
        ],
        "source_osm_name": "環工所",
        "b_floors": 3,
        "b_area": 8622.869999999999,
        "annual_kwh_raw": 150035.0,
        "annual_mwh_raw": 150.0,
        "mean_kw_raw": 51.4,
        "eui_raw": 52.2,
        "data_year": 2025,
        "energy_tier": "NORMAL",
        "tier_color": [
          240,
          196,
          25,
          220
        ],
        "coverage_ratio": 0.33,
        "uid": "NCU_268561422"
      }
    },
    {
      "type": "Feature",
      "geometry": {
        "coordinates": [
          [
            [
              121.187309708638,
              24.9685825340924
            ],
            [
              121.187310058142,
              24.9683978866642
            ],
            [
              121.187613253168,
              24.9683984301797
            ],
            [
              121.187613777424,
              24.9681715375022
            ],
            [
              121.187270913598,
              24.9681709294535
            ],
            [
              121.187271263103,
              24.967993748893
            ],
            [
              121.187829246386,
              24.9679945245931
            ],
            [
              121.187828896883,
              24.9681671592761
            ],
            [
              121.187759520463,
              24.9681671591521
            ],
            [
              121.18775917096,
              24.9683990432517
            ],
            [
              121.187834139432,
              24.9683990465284
            ],
            [
              121.18783396468,
              24.9685810555416
            ],
            [
              121.187610981393,
              24.9685807629128
            ],
            [
              121.187610981393,
              24.9685713479349
            ],
            [
              121.187483936653,
              24.9685712329077
            ],
            [
              121.187483761901,
              24.9685827986293
            ],
            [
              121.187309708638,
              24.9685825340924
            ]
          ]
        ],
        "type": "Polygon"
      },
      "properties": {
        "osm_id": 9000000021,
        "name": "機電實驗室",
        "building_type": "university",
        "operator": "National Central University",
        "levels": 3,
        "height": 10.5,
        "height_m": 10.5,
        "footprint_area_m2": 2539.47,
        "mean_kw": 43.8,
        "annual_kwh": 383399.0,
        "annual_mwh": 383.4,
        "peak_kw": 70.0,
        "eui": 50.3,
        "eui_kw_per_m2": 0.0057,
        "load_factor": 0.62,
        "archetype_label": "Academic",
        "data_source": "ncu_114_real",
        "geometry_source": "google_geocoding_building_outline",
        "has_meter_data": true,
        "building_code": "E4",
        "meter_name": "機電實驗室",
        "name_aliases": [
          "工程四館二期(機電實驗室)",
          "工程四館二期",
          "Mechatronics Lab"
        ],
        "google_place_id": "ChIJX6lfAecjaDQRxZrfwiSMDJ4",
        "b_floors": 3,
        "b_area": 7618.41,
        "annual_kwh_raw": 319499.0,
        "annual_mwh_raw": 319.5,
        "mean_kw_raw": 43.8,
        "eui_raw": 50.3,
        "data_year": 2025,
        "energy_tier": "NORMAL",
        "tier_color": [
          240,
          196,
          25,
          220
        ],
        "coverage_ratio": 0.83,
        "uid": "NCU_9000000021"
      }
    },
    {
      "type": "Feature",
      "geometry": {
        "coordinates": [
          [
            [
              121.192593928803,
              24.9671525833736
            ],
            [
              121.192279038584,
              24.9671557368451
            ],
            [
              121.192277116388,
              24.967011390768
            ],
            [
              121.193143499351,
              24.9670028598352
            ],
            [
              121.193145246789,
              24.9671462715464
            ],
            [
              121.193154158723,
              24.9671464793202
            ],
            [
              121.193156430392,
              24.9678285128897
            ],
            [
              121.193022926062,
              24.9678287651353
            ],
            [
              121.193022751318,
              24.9677836803647
            ],
            [
              121.192483140664,
              24.9677850091756
            ],
            [
              121.192483315408,
              24.9678198678574
            ],
            [
              121.192274844702,
              24.9678202810286
            ],
            [
              121.192272922506,
              24.967292043481
            ],
            [
              121.192521759254,
              24.9672913693105
            ],
            [
              121.192521933999,
              24.9673546343373
            ],
            [
              121.19249362535,
              24.9673546999033
            ],
            [
              121.192494848563,
              24.9676797093781
            ],
            [
              121.192575930106,
              24.9676794291898
            ],
            [
              121.192576279595,
              24.9676238342176
            ],
            [
              121.192578551275,
              24.9676148671917
            ],
            [
              121.192582745147,
              24.9676124346667
            ],
            [
              121.192589909676,
              24.9676109371199
            ],
            [
              121.192594278292,
              24.9676105742914
            ],
            [
              121.192599171141,
              24.9676115509036
            ],
            [
              121.192603714501,
              24.9676139070578
            ],
            [
              121.192607384137,
              24.9676176018862
            ],
            [
              121.192609481073,
              24.9676724677393
            ],
            [
              121.193034459165,
              24.9676715634393
            ],
            [
              121.193033235957,
              24.9673848630472
            ],
            [
              121.192990773165,
              24.9673849615949
            ],
            [
              121.192990773165,
              24.9673589901947
            ],
            [
              121.192965435277,
              24.9673575560314
            ],
            [
              121.192960717187,
              24.9673568635859
            ],
            [
              121.192957571794,
              24.9673548328496
            ],
            [
              121.192955474865,
              24.9673525592046
            ],
            [
              121.192953377936,
              24.967348986989
            ],
            [
              121.192952329471,
              24.9673459834713
            ],
            [
              121.192951630495,
              24.9673411134498
            ],
            [
              121.192951630495,
              24.9673373800597
            ],
            [
              121.192952853704,
              24.9673346618469
            ],
            [
              121.192954950633,
              24.967331416568
            ],
            [
              121.192957222306,
              24.9673289424109
            ],
            [
              121.192960542443,
              24.9673273615946
            ],
            [
              121.192965260533,
              24.967325781543
            ],
            [
              121.192972949272,
              24.9673249741424
            ],
            [
              121.193029741078,
              24.9673270747879
            ],
            [
              121.193029566334,
              24.9672954626336
            ],
            [
              121.192925418879,
              24.9672950810056
            ],
            [
              121.192925418879,
              24.9672551499506
            ],
            [
              121.192818125935,
              24.96725484763
            ],
            [
              121.192817601702,
              24.9674755639455
            ],
            [
              121.192593404569,
              24.9674752381259
            ],
            [
              121.192593928803,
              24.9671525833736
            ]
          ],
          [
            [
              121.192698775527,
              24.9672865565187
            ],
            [
              121.192698950271,
              24.967397706335
            ],
            [
              121.192735646603,
              24.9673976453102
            ],
            [
              121.192735996091,
              24.9672868610352
            ],
            [
              121.192698775527,
              24.9672865565187
            ]
          ],
          [
            [
              121.19295355268,
              24.9672265562258
            ],
            [
              121.19295355268,
              24.9672601567431
            ],
            [
              121.193011917191,
              24.9672604321719
            ],
            [
              121.193011567703,
              24.9671731842928
            ],
            [
              121.192818650168,
              24.9671748639943
            ],
            [
              121.192818650168,
              24.9672263199141
            ],
            [
              121.19295355268,
              24.9672265562258
            ]
          ]
        ],
        "type": "Polygon"
      },
      "properties": {
        "osm_id": 9000000022,
        "name": "風洞實驗室及品保中心",
        "building_type": "university",
        "operator": "National Central University",
        "levels": 2,
        "height": 7.0,
        "height_m": 7.0,
        "footprint_area_m2": 5331.04,
        "mean_kw": 45.0,
        "annual_kwh": 394139.0,
        "annual_mwh": 394.1,
        "peak_kw": 72.0,
        "eui": 37.0,
        "eui_kw_per_m2": 0.0042,
        "load_factor": 0.62,
        "archetype_label": "Academic",
        "data_source": "ncu_114_real",
        "geometry_source": "google_geocoding_building_outline",
        "has_meter_data": true,
        "building_code": "",
        "meter_name": "風洞實驗室及品保中心",
        "name_aliases": [
          "Center of Quality Assurance for Civil Material",
          "土木品保中心",
          "風洞實驗室"
        ],
        "google_place_id": "ChIJJ2D5XuojaDQRTWRj5piL3Kg",
        "b_floors": 2,
        "b_area": 10662.08,
        "annual_kwh_raw": 394139.0,
        "annual_mwh_raw": 394.1,
        "mean_kw_raw": 45.0,
        "eui_raw": 37.0,
        "data_year": 2025,
        "energy_tier": "NORMAL",
        "tier_color": [
          240,
          196,
          25,
          220
        ],
        "coverage_ratio": 1.0,
        "uid": "NCU_9000000022"
      }
    },
    {
      "type": "Feature",
      "geometry": {
        "coordinates": [
          [
            [
              121.192233430109,
              24.9716580622007
            ],
            [
              121.192199180055,
              24.9712399059615
            ],
            [
              121.192215431358,
              24.9712387376709
            ],
            [
              121.192213683906,
              24.9712173915615
            ],
            [
              121.192287950583,
              24.9712123580278
            ],
            [
              121.192289523289,
              24.9712303358774
            ],
            [
              121.192366760583,
              24.9712252632659
            ],
            [
              121.192390001659,
              24.9715078350129
            ],
            [
              121.192663127651,
              24.9714893509131
            ],
            [
              121.192656662104,
              24.9714109874547
            ],
            [
              121.192688815092,
              24.9714088940065
            ],
            [
              121.192671340643,
              24.9711959207127
            ],
            [
              121.192751373598,
              24.9711905246885
            ],
            [
              121.192748053455,
              24.9711521748036
            ],
            [
              121.192824416729,
              24.9711471420637
            ],
            [
              121.192827212637,
              24.9711805814687
            ],
            [
              121.192861986743,
              24.9711782053301
            ],
            [
              121.192893265954,
              24.9715593895201
            ],
            [
              121.192809738209,
              24.9715649463617
            ],
            [
              121.192811136163,
              24.9715829646078
            ],
            [
              121.19238825421,
              24.9716116380797
            ],
            [
              121.192380565433,
              24.9715197606508
            ],
            [
              121.19235470318,
              24.9715215326832
            ],
            [
              121.19235784859,
              24.9715605724221
            ],
            [
              121.192321152141,
              24.9715630692465
            ],
            [
              121.192328491432,
              24.9716517812752
            ],
            [
              121.192233430109,
              24.9716580622007
            ]
          ]
        ],
        "type": "Polygon"
      },
      "properties": {
        "osm_id": 9000000023,
        "name": "科思創研究中心",
        "building_type": "university",
        "operator": "National Central University",
        "levels": 3,
        "height": 10.5,
        "height_m": 10.5,
        "footprint_area_m2": 1985.21,
        "mean_kw": 54.3,
        "annual_kwh": 475400.0,
        "annual_mwh": 475.4,
        "peak_kw": 86.8,
        "eui": 79.8,
        "eui_kw_per_m2": 0.0091,
        "load_factor": 0.62,
        "archetype_label": "Academic",
        "data_source": "ncu_114_real",
        "geometry_source": "google_geocoding_building_outline",
        "has_meter_data": true,
        "building_code": "",
        "meter_name": "科思創研究中心",
        "name_aliases": [
          "科思創全球能量固化研發中心@中央大學（桃園）",
          "Covestro Research Center"
        ],
        "google_place_id": "ChIJ1YwkdeYjaDQRxWCnQET7SHA",
        "b_floors": 3,
        "b_area": 5955.63,
        "annual_kwh_raw": 475400.0,
        "annual_mwh_raw": 475.4,
        "mean_kw_raw": 54.3,
        "eui_raw": 79.8,
        "data_year": 2025,
        "energy_tier": "NORMAL",
        "tier_color": [
          240,
          196,
          25,
          220
        ],
        "coverage_ratio": 1.0,
        "uid": "NCU_9000000023"
      }
    },
    {
      "type": "Feature",
      "geometry": {
        "coordinates": [
          [
            [
              121.187357066529,
              24.9679758219169
            ],
            [
              121.187354270491,
              24.967618861484
            ],
            [
              121.187528498441,
              24.9676176257482
            ],
            [
              121.187529197449,
              24.9677093412647
            ],
            [
              121.187650824833,
              24.9677086016167
            ],
            [
              121.187650125825,
              24.9676170485096
            ],
            [
              121.187824003837,
              24.9676160556064
            ],
            [
              121.187826625112,
              24.9679686724535
            ],
            [
              121.1876523976,
              24.9679697467645
            ],
            [
              121.187651698592,
              24.9678788430198
            ],
            [
              121.187528498441,
              24.9678794601439
            ],
            [
              121.187529197449,
              24.9679747468136
            ],
            [
              121.187357066529,
              24.9679758219169
            ]
          ]
        ],
        "type": "Polygon"
      },
      "properties": {
        "osm_id": 9000000024,
        "name": "研究中心大樓二期",
        "building_type": "university",
        "operator": "National Central University",
        "levels": 5,
        "height": 17.5,
        "height_m": 17.5,
        "footprint_area_m2": 1615.54,
        "mean_kw": 82.4,
        "annual_kwh": 721800.0,
        "annual_mwh": 721.8,
        "peak_kw": 131.8,
        "eui": 89.4,
        "eui_kw_per_m2": 0.0102,
        "load_factor": 0.62,
        "archetype_label": "Academic",
        "data_source": "ncu_114_real",
        "geometry_source": "google_geocoding_building_outline",
        "has_meter_data": true,
        "building_code": "R3",
        "meter_name": "研究中心大樓二期",
        "name_aliases": [
          "Research Center Building 2",
          "生醫理工學院辦公室",
          "國立中央大學生醫科學與工程學系"
        ],
        "google_place_id": "ChIJbR9PC-IjaDQRmqAOk7gZfa8",
        "b_floors": 5,
        "b_area": 8077.7,
        "annual_kwh_raw": 721800.0,
        "annual_mwh_raw": 721.8,
        "mean_kw_raw": 82.4,
        "eui_raw": 89.4,
        "data_year": 2025,
        "energy_tier": "NORMAL",
        "tier_color": [
          240,
          196,
          25,
          220
        ],
        "coverage_ratio": 1.0,
        "uid": "NCU_9000000024"
      }
    },
    {
      "type": "Feature",
      "geometry": {
        "coordinates": [
          [
            [
              121.189154904886,
              24.970168749198
            ],
            [
              121.189154730136,
              24.9699108554526
            ],
            [
              121.189308684507,
              24.9699107389591
            ],
            [
              121.189308684507,
              24.9699409313595
            ],
            [
              121.189949489034,
              24.9699405175971
            ],
            [
              121.189949489034,
              24.9699517179509
            ],
            [
              121.190045775425,
              24.96995164957
            ],
            [
              121.190045950173,
              24.9702046719037
            ],
            [
              121.189945469818,
              24.9702045758201
            ],
            [
              121.189945469818,
              24.9702289244021
            ],
            [
              121.189309907753,
              24.9702292612531
            ],
            [
              121.189309907753,
              24.9701688764877
            ],
            [
              121.189154904886,
              24.970168749198
            ]
          ]
        ],
        "type": "Polygon"
      },
      "properties": {
        "osm_id": 9000000025,
        "name": "游泳池",
        "building_type": "sports_centre",
        "operator": "National Central University",
        "levels": 2,
        "height": 7.0,
        "height_m": 7.0,
        "footprint_area_m2": 2789.05,
        "mean_kw": 0.0,
        "annual_kwh": 0.0,
        "annual_mwh": 0.0,
        "peak_kw": 0.0,
        "eui": 0.0,
        "eui_kw_per_m2": 0.0,
        "load_factor": 0.0,
        "archetype_label": "Academic",
        "data_source": "synthetic_zero",
        "geometry_source": "google_geocoding_building_outline",
        "has_meter_data": false,
        "building_code": "",
        "meter_name": "",
        "name_aliases": [
          "國立中央大學游泳館",
          "室內游泳池",
          "中大國民運動中心游泳池"
        ],
        "meter_ids": [
          "6660968",
          "60200330"
        ],
        "meter_note": "6660968 user-supplied electricity submeter; 60200330 is the water tower meter behind the indoor pool.",
        "parent_osm_id": 1041679633,
        "google_place_id": "ChIJGatd5-sjaDQRb0Ok7x-cBmc",
        "b_floors": 2,
        "b_area": 5578.1,
        "annual_kwh_raw": 0.0,
        "data_year": 2025,
        "energy_tier": "LOW",
        "tier_color": [
          180,
          180,
          180,
          100
        ],
        "uid": "NCU_9000000025"
      }
    },
    {
      "type": "Feature",
      "geometry": {
        "type": "Polygon",
        "coordinates": [
          [
            [
              121.18989054403129,
              24.96968601015009
            ],
            [
              121.1900094559687,
              24.96968601015009
            ],
            [
              121.1900094559687,
              24.96979398984991
            ],
            [
              121.18989054403129,
              24.96979398984991
            ],
            [
              121.18989054403129,
              24.96968601015009
            ]
          ]
        ]
      },
      "properties": {
        "osm_id": 9000000002,
        "name": "地下水4號水塔",
        "building_type": "service",
        "operator": "National Central University",
        "levels": 1,
        "height": 3.5,
        "height_m": 3.5,
        "footprint_area_m2": 144.0,
        "mean_kw": 3.5,
        "annual_kwh": 30680.0,
        "annual_mwh": 30.7,
        "peak_kw": 5.6,
        "eui": 213.1,
        "eui_kw_per_m2": 0.0243,
        "load_factor": 0.62,
        "archetype_label": "Academic",
        "data_source": "ncu_114_real",
        "geometry_source": "manual_meter_location_pool_rear",
        "has_meter_data": true,
        "building_code": "",
        "meter_name": "地下水4號水塔",
        "name_aliases": [
          "室內游泳池後方水塔",
          "游泳池後方水塔"
        ],
        "meter_ids": [
          "60200330"
        ],
        "meter_note": "Meter audit location: 室內游泳池後方水塔.",
        "google_lat": 24.96974,
        "google_lon": 121.18995,
        "b_floors": 1,
        "b_area": 144.0,
        "annual_kwh_raw": 30680.0,
        "annual_mwh_raw": 30.7,
        "mean_kw_raw": 3.5,
        "eui_raw": 213.1,
        "data_year": 2025,
        "energy_tier": "LOW",
        "tier_color": [
          26,
          152,
          80,
          220
        ],
        "coverage_ratio": 1.0,
        "uid": "NCU_9000000002"
      }
    },
    {
      "type": "Feature",
      "geometry": {
        "type": "Polygon",
        "coordinates": [
          [
            [
              121.19583990661653,
              24.96977701691682
            ],
            [
              121.19603809338346,
              24.96977701691682
            ],
            [
              121.19603809338346,
              24.969956983083183
            ],
            [
              121.19583990661653,
              24.969956983083183
            ],
            [
              121.19583990661653,
              24.96977701691682
            ]
          ]
        ]
      },
      "properties": {
        "osm_id": 9000000003,
        "name": "垃圾集中處理場",
        "building_type": "service",
        "operator": "National Central University",
        "levels": 1,
        "height": 3.5,
        "height_m": 3.5,
        "footprint_area_m2": 400.0,
        "mean_kw": 4.9,
        "annual_kwh": 43203.0,
        "annual_mwh": 43.2,
        "peak_kw": 7.9,
        "eui": 108.0,
        "eui_kw_per_m2": 0.0123,
        "load_factor": 0.62,
        "archetype_label": "Academic",
        "data_source": "ncu_114_real",
        "geometry_source": "google_place_point_synthesized",
        "has_meter_data": true,
        "building_code": "",
        "meter_name": "垃圾集中處理場",
        "name_aliases": [
          "中央大學 男九舍後垃圾場"
        ],
        "google_lat": 24.969867,
        "google_lon": 121.195939,
        "b_floors": 1,
        "b_area": 400.0,
        "annual_kwh_raw": 43203.0,
        "annual_mwh_raw": 43.2,
        "mean_kw_raw": 4.9,
        "eui_raw": 108.0,
        "data_year": 2025,
        "energy_tier": "LOW",
        "tier_color": [
          26,
          152,
          80,
          220
        ],
        "coverage_ratio": 1.0,
        "uid": "NCU_9000000003"
      }
    },
    {
      "type": "Feature",
      "geometry": {
        "type": "Polygon",
        "coordinates": [
          [
            [
              121.1907479091315,
              24.966654016916817
            ],
            [
              121.19094609086851,
              24.966654016916817
            ],
            [
              121.19094609086851,
              24.96683398308318
            ],
            [
              121.1907479091315,
              24.96683398308318
            ],
            [
              121.1907479091315,
              24.966654016916817
            ]
          ]
        ]
      },
      "properties": {
        "osm_id": 9000000013,
        "name": "產學營運中心",
        "building_type": "university",
        "operator": "National Central University",
        "levels": 3,
        "height": 10.5,
        "height_m": 10.5,
        "footprint_area_m2": 400.0,
        "mean_kw": 21.7,
        "annual_kwh": 189867.0,
        "annual_mwh": 189.9,
        "peak_kw": 34.7,
        "eui": 158.2,
        "eui_kw_per_m2": 0.0181,
        "load_factor": 0.62,
        "archetype_label": "Academic",
        "data_source": "ncu_114_real",
        "geometry_source": "google_place_point_synthesized",
        "has_meter_data": true,
        "building_code": "",
        "meter_name": "產學營運中心",
        "name_aliases": [
          "Center for Academia and Industry Collaboration"
        ],
        "google_lat": 24.966744,
        "google_lon": 121.190847,
        "b_floors": 3,
        "b_area": 1200.0,
        "annual_kwh_raw": 189867.0,
        "annual_mwh_raw": 189.9,
        "mean_kw_raw": 21.7,
        "eui_raw": 158.2,
        "data_year": 2025,
        "energy_tier": "LOW",
        "tier_color": [
          26,
          152,
          80,
          220
        ],
        "coverage_ratio": 1.0,
        "uid": "NCU_9000000013"
      }
    },
    {
      "type": "Feature",
      "geometry": {
        "coordinates": [
          [
            [
              121.191367914232,
              24.9670252882913
            ],
            [
              121.191367564739,
              24.9670078383404
            ],
            [
              121.192008183399,
              24.9669970784304
            ],
            [
              121.192018318637,
              24.967495819797
            ],
            [
              121.192000844089,
              24.967496134756
            ],
            [
              121.192002242053,
              24.9677329638221
            ],
            [
              121.192009057127,
              24.9677328458463
            ],
            [
              121.192010979327,
              24.9678338519408
            ],
            [
              121.19139133025,
              24.9678436535038
            ],
            [
              121.191392029236,
              24.9678819621154
            ],
            [
              121.191340129547,
              24.9678829477177
            ],
            [
              121.191339780054,
              24.9678565700298
            ],
            [
              121.191322480153,
              24.9678568444477
            ],
            [
              121.1913226549,
              24.9678621606254
            ],
            [
              121.191278444029,
              24.9678628258339
            ],
            [
              121.191262542092,
              24.9670268115295
            ],
            [
              121.191367914232,
              24.9670252882913
            ]
          ],
          [
            [
              121.191475732726,
              24.9676604785137
            ],
            [
              121.191385563619,
              24.9676620514113
            ],
            [
              121.191386262605,
              24.9677024702396
            ],
            [
              121.191710766219,
              24.9676972537126
            ],
            [
              121.19170989249,
              24.9674768595903
            ],
            [
              121.191830641859,
              24.9674761557592
            ],
            [
              121.191826972198,
              24.9672955292193
            ],
            [
              121.191892152344,
              24.9672945510128
            ],
            [
              121.191889531159,
              24.9671657871485
            ],
            [
              121.191371059667,
              24.9671743839788
            ],
            [
              121.1913719334,
              24.9672238524732
            ],
            [
              121.191467519651,
              24.9672221611701
            ],
            [
              121.191475732726,
              24.9676604785137
            ]
          ]
        ],
        "type": "Polygon"
      },
      "properties": {
        "osm_id": 9000000019,
        "name": "電機館",
        "building_type": "university",
        "operator": "National Central University",
        "levels": 4,
        "height": 14.0,
        "height_m": 14.0,
        "footprint_area_m2": 4940.0,
        "mean_kw": 52.1,
        "annual_kwh": 456159.0,
        "annual_mwh": 456.2,
        "peak_kw": 83.3,
        "eui": 23.1,
        "eui_kw_per_m2": 0.0026,
        "load_factor": 0.62,
        "archetype_label": "Academic",
        "data_source": "ncu_114_real",
        "geometry_source": "google_geocoding_building_outline",
        "has_meter_data": true,
        "building_code": "",
        "meter_name": "電機館",
        "name_aliases": [
          "國立中央大學 電機工程學系",
          "工二館",
          "資訊電機系館"
        ],
        "google_place_id": "ChIJKfJC_-ojaDQRoF9VMT1dESI",
        "b_floors": 4,
        "b_area": 19760.0,
        "annual_kwh_raw": 456159.0,
        "annual_mwh_raw": 456.2,
        "mean_kw_raw": 52.1,
        "eui_raw": 23.1,
        "data_year": 2025,
        "energy_tier": "NORMAL",
        "tier_color": [
          240,
          196,
          25,
          220
        ],
        "coverage_ratio": 1.0,
        "uid": "NCU_9000000019"
      }
    },
    {
      "type": "Feature",
      "geometry": {
        "type": "Polygon",
        "coordinates": [
          [
            [
              121.1867954,
              24.9680387
            ],
            [
              121.1878496,
              24.9680322
            ],
            [
              121.1878466,
              24.9676412
            ],
            [
              121.1867924,
              24.9676479
            ],
            [
              121.1867954,
              24.9680387
            ]
          ]
        ]
      },
      "properties": {
        "osm_id": 9000000005,
        "name": "太空遙測中心",
        "building_type": "university",
        "operator": "National Central University",
        "levels": 3,
        "height": 10.5,
        "height_m": 10.5,
        "footprint_area_m2": 4621.8,
        "mean_kw": 108.0,
        "annual_kwh": 945960.0,
        "annual_mwh": 946.0,
        "peak_kw": 172.8,
        "eui": 68.2,
        "eui_kw_per_m2": 0.0078,
        "load_factor": 0.62,
        "archetype_label": "Academic",
        "data_source": "ncu_114_real",
        "geometry_source": "osm_enhanced_composite",
        "has_meter_data": true,
        "building_code": "R1",
        "meter_name": "太空遙測中心",
        "name_aliases": [
          "太空及遙測研究中心",
          "國立中央大學太空及遙測研究中心",
          "National Central University Research Center for Space and Remote Sensing"
        ],
        "source_osm_id": 217833430,
        "source_osm_name": "太空及遙測研究中心",
        "geometry_note": "Demo fix: replaces 400 m2 Google point with the full yellow OSM footprint.",
        "b_floors": 3,
        "b_area": 13865.400000000001,
        "annual_kwh_raw": 315320.0,
        "annual_mwh_raw": 315.3,
        "mean_kw_raw": 108.0,
        "eui_raw": 68.2,
        "data_year": 2025,
        "energy_tier": "NORMAL",
        "tier_color": [
          240,
          196,
          25,
          220
        ],
        "coverage_ratio": 0.33,
        "uid": "NCU_9000000005"
      }
    },
    {
      "type": "Feature",
      "geometry": {
        "type": "Polygon",
        "coordinates": [
          [
            [
              121.1867853,
              24.9672596
            ],
            [
              121.1867817,
              24.9670563
            ],
            [
              121.1875464,
              24.9670451
            ],
            [
              121.1875446,
              24.966944
            ],
            [
              121.1873851,
              24.9669463
            ],
            [
              121.1873859,
              24.9669922
            ],
            [
              121.1872945,
              24.9669934
            ],
            [
              121.1872938,
              24.966954
            ],
            [
              121.1867761,
              24.9669607
            ],
            [
              121.1867719,
              24.9666981
            ],
            [
              121.1868392,
              24.9666973
            ],
            [
              121.1868389,
              24.9666746
            ],
            [
              121.1872919,
              24.9666704
            ],
            [
              121.1872921,
              24.9666878
            ],
            [
              121.1873625,
              24.9666874
            ],
            [
              121.1873626,
              24.9667199
            ],
            [
              121.187645,
              24.966719
            ],
            [
              121.1876451,
              24.9667601
            ],
            [
              121.187828,
              24.9667598
            ],
            [
              121.1878284,
              24.9669406
            ],
            [
              121.1876506,
              24.9669409
            ],
            [
              121.1876508,
              24.9670343
            ],
            [
              121.1877228,
              24.9670341
            ],
            [
              121.1877478,
              24.9670507
            ],
            [
              121.1877449,
              24.9670713
            ],
            [
              121.1877901,
              24.9671004
            ],
            [
              121.1878157,
              24.9671585
            ],
            [
              121.1878101,
              24.9671976
            ],
            [
              121.1877951,
              24.9672288
            ],
            [
              121.1877442,
              24.9672783
            ],
            [
              121.1877052,
              24.9672902
            ],
            [
              121.1876318,
              24.9672832
            ],
            [
              121.1876196,
              24.9672665
            ],
            [
              121.1875778,
              24.9672671
            ],
            [
              121.1875787,
              24.9673164
            ],
            [
              121.1868612,
              24.9673272
            ],
            [
              121.1868605,
              24.9672841
            ],
            [
              121.1867991,
              24.967285
            ],
            [
              121.1867987,
              24.9672594
            ],
            [
              121.1867853,
              24.9672596
            ]
          ]
        ]
      },
      "properties": {
        "osm_id": 9000000008,
        "name": "工五館(A、B棟)",
        "building_type": "university",
        "operator": "National Central University",
        "levels": 3,
        "height": 10.5,
        "height_m": 10.5,
        "footprint_area_m2": 6034.52,
        "mean_kw": 391.9,
        "annual_kwh": 3433360.0,
        "annual_mwh": 3433.4,
        "peak_kw": 627.1,
        "eui": 189.7,
        "eui_kw_per_m2": 0.0216,
        "load_factor": 0.62,
        "archetype_label": "Academic",
        "data_source": "ncu_114_real",
        "geometry_source": "osm_enhanced_composite",
        "has_meter_data": true,
        "building_code": "E6",
        "meter_name": "工五館(A、B棟)",
        "name_aliases": [
          "工程五館",
          "工程五館大樓",
          "工五館B棟増建",
          "工程五館C棟",
          "國立中央大學 工程五館"
        ],
        "source_osm_id": 268561940,
        "source_osm_name": "工程五館",
        "geometry_note": "Demo fix: restores the left-side H-shaped Engineering 5 footprint and folds B/C meter names into this feature.",
        "b_floors": 3,
        "b_area": 18103.56,
        "annual_kwh_raw": 3433360.0,
        "annual_mwh_raw": 3433.4,
        "mean_kw_raw": 391.9,
        "eui_raw": 189.7,
        "data_year": 2025,
        "energy_tier": "HIGH",
        "tier_color": [
          215,
          48,
          39,
          220
        ],
        "coverage_ratio": 1.0,
        "uid": "NCU_9000000008"
      }
    }
  ]
}